line,session_id,seq,kind,rat,clock_segment,received_elapsed_ns,received_unix_ms,source_elapsed_ns,measurement_elapsed_ns,source_time_status,age_ns,stale_by_policy,chronology_valid,duplicate_status,identity_json,source_field,metric,unit,raw_value_json,value,value_status,raw_json
4,988d445c-690e-4b3e-a54a-fca38f1769d2,3,wifi,WIFI,0,985883507361,1789620847461,961067262000,961067262000,valid_reported_timestamp,24816245361,False,True,unique_timestamped_observation,"{""bssid"":""00:13:10:85:fe:01"",""frequency_mhz"":2447,""kind"":""wifi""}",rssi_dbm,rssi,dBm,-50,-50,available,"{""schema"":""atomos.radio.v1"",""session_id"":""988d445c-690e-4b3e-a54a-fca38f1769d2"",""seq"":3,""kind"":""wifi"",""received_elapsed_ns"":""985883507361"",""received_unix_ms"":1789620847461,""source_elapsed_ns"":""961067262000"",""payload"":{""ssid"":""AndroidWifi"",""bssid"":""00:13:10:85:fe:01"",""frequency_mhz"":2447,""channel_width"":0,""center_frequency0_mhz"":2447,""center_frequency1_mhz"":0,""rssi_dbm"":-50,""capabilities"":""[ESS]"",""batch_id"":1,""origin"":""initial_cache"",""results_updated"":null,""source_timestamp_unit"":""us""}}"
6,988d445c-690e-4b3e-a54a-fca38f1769d2,5,cell,NR,0,985905257958,1789620847483,976766000000,976766000000,valid_reported_timestamp,9139257958,False,True,unique_timestamped_observation,"{""identity"":{""mcc"":""310"",""mnc"":""260"",""nci"":100500,""nrarfcn"":9000,""pci"":555,""tac"":8514},""kind"":""cell"",""rat"":""NR"",""subscription_id"":null}",dbm,reported_power,dBm,-97,-97,available,"{""schema"":""atomos.radio.v1"",""session_id"":""988d445c-690e-4b3e-a54a-fca38f1769d2"",""seq"":5,""kind"":""cell"",""received_elapsed_ns"":""985905257958"",""received_unix_ms"":1789620847483,""source_elapsed_ns"":""976766000000"",""payload"":{""subscription_id"":null,""rat"":""NR"",""registered"":true,""connection_status"":1,""identity"":{""mcc"":""310"",""mnc"":""260"",""nci"":100500,""tac"":8514,""pci"":555,""nrarfcn"":9000},""signal"":{""dbm"":-97,""ss_rsrp_dbm"":-97,""ss_rsrq_db"":null,""ss_sinr_db"":null,""csi_rsrp_dbm"":null,""csi_rsrq_db"":null,""csi_sinr_db"":null},""origin"":""initial_cache"",""subscription_scope"":""device_wide"",""source_timestamp_unit"":""ms""}}"
6,988d445c-690e-4b3e-a54a-fca38f1769d2,5,cell,NR,0,985905257958,1789620847483,976766000000,976766000000,valid_reported_timestamp,9139257958,False,True,unique_timestamped_observation,"{""identity"":{""mcc"":""310"",""mnc"":""260"",""nci"":100500,""nrarfcn"":9000,""pci"":555,""tac"":8514},""kind"":""cell"",""rat"":""NR"",""subscription_id"":null}",ss_rsrp_dbm,ss_rsrp,dBm,-97,-97,available,"{""schema"":""atomos.radio.v1"",""session_id"":""988d445c-690e-4b3e-a54a-fca38f1769d2"",""seq"":5,""kind"":""cell"",""received_elapsed_ns"":""985905257958"",""received_unix_ms"":1789620847483,""source_elapsed_ns"":""976766000000"",""payload"":{""subscription_id"":null,""rat"":""NR"",""registered"":true,""connection_status"":1,""identity"":{""mcc"":""310"",""mnc"":""260"",""nci"":100500,""tac"":8514,""pci"":555,""nrarfcn"":9000},""signal"":{""dbm"":-97,""ss_rsrp_dbm"":-97,""ss_rsrq_db"":null,""ss_sinr_db"":null,""csi_rsrp_dbm"":null,""csi_rsrq_db"":null,""csi_sinr_db"":null},""origin"":""initial_cache"",""subscription_scope"":""device_wide"",""source_timestamp_unit"":""ms""}}"
6,988d445c-690e-4b3e-a54a-fca38f1769d2,5,cell,NR,0,985905257958,1789620847483,976766000000,976766000000,valid_reported_timestamp,9139257958,False,True,unique_timestamped_observation,"{""identity"":{""mcc"":""310"",""mnc"":""260"",""nci"":100500,""nrarfcn"":9000,""pci"":555,""tac"":8514},""kind"":""cell"",""rat"":""NR"",""subscription_id"":null}",ss_rsrq_db,ss_rsrq,dB,null,,unavailable,"{""schema"":""atomos.radio.v1"",""session_id"":""988d445c-690e-4b3e-a54a-fca38f1769d2"",""seq"":5,""kind"":""cell"",""received_elapsed_ns"":""985905257958"",""received_unix_ms"":1789620847483,""source_elapsed_ns"":""976766000000"",""payload"":{""subscription_id"":null,""rat"":""NR"",""registered"":true,""connection_status"":1,""identity"":{""mcc"":""310"",""mnc"":""260"",""nci"":100500,""tac"":8514,""pci"":555,""nrarfcn"":9000},""signal"":{""dbm"":-97,""ss_rsrp_dbm"":-97,""ss_rsrq_db"":null,""ss_sinr_db"":null,""csi_rsrp_dbm"":null,""csi_rsrq_db"":null,""csi_sinr_db"":null},""origin"":""initial_cache"",""subscription_scope"":""device_wide"",""source_timestamp_unit"":""ms""}}"
6,988d445c-690e-4b3e-a54a-fca38f1769d2,5,cell,NR,0,985905257958,1789620847483,976766000000,976766000000,valid_reported_timestamp,9139257958,False,True,unique_timestamped_observation,"{""identity"":{""mcc"":""310"",""mnc"":""260"",""nci"":100500,""nrarfcn"":9000,""pci"":555,""tac"":8514},""kind"":""cell"",""rat"":""NR"",""subscription_id"":null}",ss_sinr_db,ss_sinr,dB,null,,unavailable,"{""schema"":""atomos.radio.v1"",""session_id"":""988d445c-690e-4b3e-a54a-fca38f1769d2"",""seq"":5,""kind"":""cell"",""received_elapsed_ns"":""985905257958"",""received_unix_ms"":1789620847483,""source_elapsed_ns"":""976766000000"",""payload"":{""subscription_id"":null,""rat"":""NR"",""registered"":true,""connection_status"":1,""identity"":{""mcc"":""310"",""mnc"":""260"",""nci"":100500,""tac"":8514,""pci"":555,""nrarfcn"":9000},""signal"":{""dbm"":-97,""ss_rsrp_dbm"":-97,""ss_rsrq_db"":null,""ss_sinr_db"":null,""csi_rsrp_dbm"":null,""csi_rsrq_db"":null,""csi_sinr_db"":null},""origin"":""initial_cache"",""subscription_scope"":""device_wide"",""source_timestamp_unit"":""ms""}}"
6,988d445c-690e-4b3e-a54a-fca38f1769d2,5,cell,NR,0,985905257958,1789620847483,976766000000,976766000000,valid_reported_timestamp,9139257958,False,True,unique_timestamped_observation,"{""identity"":{""mcc"":""310"",""mnc"":""260"",""nci"":100500,""nrarfcn"":9000,""pci"":555,""tac"":8514},""kind"":""cell"",""rat"":""NR"",""subscription_id"":null}",csi_rsrp_dbm,csi_rsrp,dBm,null,,unavailable,"{""schema"":""atomos.radio.v1"",""session_id"":""988d445c-690e-4b3e-a54a-fca38f1769d2"",""seq"":5,""kind"":""cell"",""received_elapsed_ns"":""985905257958"",""received_unix_ms"":1789620847483,""source_elapsed_ns"":""976766000000"",""payload"":{""subscription_id"":null,""rat"":""NR"",""registered"":true,""connection_status"":1,""identity"":{""mcc"":""310"",""mnc"":""260"",""nci"":100500,""tac"":8514,""pci"":555,""nrarfcn"":9000},""signal"":{""dbm"":-97,""ss_rsrp_dbm"":-97,""ss_rsrq_db"":null,""ss_sinr_db"":null,""csi_rsrp_dbm"":null,""csi_rsrq_db"":null,""csi_sinr_db"":null},""origin"":""initial_cache"",""subscription_scope"":""device_wide"",""source_timestamp_unit"":""ms""}}"
6,988d445c-690e-4b3e-a54a-fca38f1769d2,5,cell,NR,0,985905257958,1789620847483,976766000000,976766000000,valid_reported_timestamp,9139257958,False,True,unique_timestamped_observation,"{""identity"":{""mcc"":""310"",""mnc"":""260"",""nci"":100500,""nrarfcn"":9000,""pci"":555,""tac"":8514},""kind"":""cell"",""rat"":""NR"",""subscription_id"":null}",csi_rsrq_db,csi_rsrq,dB,null,,unavailable,"{""schema"":""atomos.radio.v1"",""session_id"":""988d445c-690e-4b3e-a54a-fca38f1769d2"",""seq"":5,""kind"":""cell"",""received_elapsed_ns"":""985905257958"",""received_unix_ms"":1789620847483,""source_elapsed_ns"":""976766000000"",""payload"":{""subscription_id"":null,""rat"":""NR"",""registered"":true,""connection_status"":1,""identity"":{""mcc"":""310"",""mnc"":""260"",""nci"":100500,""tac"":8514,""pci"":555,""nrarfcn"":9000},""signal"":{""dbm"":-97,""ss_rsrp_dbm"":-97,""ss_rsrq_db"":null,""ss_sinr_db"":null,""csi_rsrp_dbm"":null,""csi_rsrq_db"":null,""csi_sinr_db"":null},""origin"":""initial_cache"",""subscription_scope"":""device_wide"",""source_timestamp_unit"":""ms""}}"
6,988d445c-690e-4b3e-a54a-fca38f1769d2,5,cell,NR,0,985905257958,1789620847483,976766000000,976766000000,valid_reported_timestamp,9139257958,False,True,unique_timestamped_observation,"{""identity"":{""mcc"":""310"",""mnc"":""260"",""nci"":100500,""nrarfcn"":9000,""pci"":555,""tac"":8514},""kind"":""cell"",""rat"":""NR"",""subscription_id"":null}",csi_sinr_db,csi_sinr,dB,null,,unavailable,"{""schema"":""atomos.radio.v1"",""session_id"":""988d445c-690e-4b3e-a54a-fca38f1769d2"",""seq"":5,""kind"":""cell"",""received_elapsed_ns"":""985905257958"",""received_unix_ms"":1789620847483,""source_elapsed_ns"":""976766000000"",""payload"":{""subscription_id"":null,""rat"":""NR"",""registered"":true,""connection_status"":1,""identity"":{""mcc"":""310"",""mnc"":""260"",""nci"":100500,""tac"":8514,""pci"":555,""nrarfcn"":9000},""signal"":{""dbm"":-97,""ss_rsrp_dbm"":-97,""ss_rsrq_db"":null,""ss_sinr_db"":null,""csi_rsrp_dbm"":null,""csi_rsrq_db"":null,""csi_sinr_db"":null},""origin"":""initial_cache"",""subscription_scope"":""device_wide"",""source_timestamp_unit"":""ms""}}"
8,988d445c-690e-4b3e-a54a-fca38f1769d2,7,cell,NR,0,985913587714,1789620847491,976766000000,976766000000,valid_reported_timestamp,9147587714,False,True,unique_timestamped_observation,"{""identity"":{""mcc"":""310"",""mnc"":""260"",""nci"":100500,""nrarfcn"":9000,""pci"":555,""tac"":8514},""kind"":""cell"",""rat"":""NR"",""subscription_id"":1}",dbm,reported_power,dBm,-97,-97,available,"{""schema"":""atomos.radio.v1"",""session_id"":""988d445c-690e-4b3e-a54a-fca38f1769d2"",""seq"":7,""kind"":""cell"",""received_elapsed_ns"":""985913587714"",""received_unix_ms"":1789620847491,""source_elapsed_ns"":""976766000000"",""payload"":{""subscription_id"":1,""rat"":""NR"",""registered"":true,""connection_status"":1,""identity"":{""mcc"":""310"",""mnc"":""260"",""nci"":100500,""tac"":8514,""pci"":555,""nrarfcn"":9000},""signal"":{""dbm"":-97,""ss_rsrp_dbm"":-97,""ss_rsrq_db"":null,""ss_sinr_db"":null,""csi_rsrp_dbm"":null,""csi_rsrq_db"":null,""csi_sinr_db"":null},""origin"":""callback"",""subscription_scope"":""query_context"",""source_timestamp_unit"":""ms""}}"
8,988d445c-690e-4b3e-a54a-fca38f1769d2,7,cell,NR,0,985913587714,1789620847491,976766000000,976766000000,valid_reported_timestamp,9147587714,False,True,unique_timestamped_observation,"{""identity"":{""mcc"":""310"",""mnc"":""260"",""nci"":100500,""nrarfcn"":9000,""pci"":555,""tac"":8514},""kind"":""cell"",""rat"":""NR"",""subscription_id"":1}",ss_rsrp_dbm,ss_rsrp,dBm,-97,-97,available,"{""schema"":""atomos.radio.v1"",""session_id"":""988d445c-690e-4b3e-a54a-fca38f1769d2"",""seq"":7,""kind"":""cell"",""received_elapsed_ns"":""985913587714"",""received_unix_ms"":1789620847491,""source_elapsed_ns"":""976766000000"",""payload"":{""subscription_id"":1,""rat"":""NR"",""registered"":true,""connection_status"":1,""identity"":{""mcc"":""310"",""mnc"":""260"",""nci"":100500,""tac"":8514,""pci"":555,""nrarfcn"":9000},""signal"":{""dbm"":-97,""ss_rsrp_dbm"":-97,""ss_rsrq_db"":null,""ss_sinr_db"":null,""csi_rsrp_dbm"":null,""csi_rsrq_db"":null,""csi_sinr_db"":null},""origin"":""callback"",""subscription_scope"":""query_context"",""source_timestamp_unit"":""ms""}}"
8,988d445c-690e-4b3e-a54a-fca38f1769d2,7,cell,NR,0,985913587714,1789620847491,976766000000,976766000000,valid_reported_timestamp,9147587714,False,True,unique_timestamped_observation,"{""identity"":{""mcc"":""310"",""mnc"":""260"",""nci"":100500,""nrarfcn"":9000,""pci"":555,""tac"":8514},""kind"":""cell"",""rat"":""NR"",""subscription_id"":1}",ss_rsrq_db,ss_rsrq,dB,null,,unavailable,"{""schema"":""atomos.radio.v1"",""session_id"":""988d445c-690e-4b3e-a54a-fca38f1769d2"",""seq"":7,""kind"":""cell"",""received_elapsed_ns"":""985913587714"",""received_unix_ms"":1789620847491,""source_elapsed_ns"":""976766000000"",""payload"":{""subscription_id"":1,""rat"":""NR"",""registered"":true,""connection_status"":1,""identity"":{""mcc"":""310"",""mnc"":""260"",""nci"":100500,""tac"":8514,""pci"":555,""nrarfcn"":9000},""signal"":{""dbm"":-97,""ss_rsrp_dbm"":-97,""ss_rsrq_db"":null,""ss_sinr_db"":null,""csi_rsrp_dbm"":null,""csi_rsrq_db"":null,""csi_sinr_db"":null},""origin"":""callback"",""subscription_scope"":""query_context"",""source_timestamp_unit"":""ms""}}"
8,988d445c-690e-4b3e-a54a-fca38f1769d2,7,cell,NR,0,985913587714,1789620847491,976766000000,976766000000,valid_reported_timestamp,9147587714,False,True,unique_timestamped_observation,"{""identity"":{""mcc"":""310"",""mnc"":""260"",""nci"":100500,""nrarfcn"":9000,""pci"":555,""tac"":8514},""kind"":""cell"",""rat"":""NR"",""subscription_id"":1}",ss_sinr_db,ss_sinr,dB,null,,unavailable,"{""schema"":""atomos.radio.v1"",""session_id"":""988d445c-690e-4b3e-a54a-fca38f1769d2"",""seq"":7,""kind"":""cell"",""received_elapsed_ns"":""985913587714"",""received_unix_ms"":1789620847491,""source_elapsed_ns"":""976766000000"",""payload"":{""subscription_id"":1,""rat"":""NR"",""registered"":true,""connection_status"":1,""identity"":{""mcc"":""310"",""mnc"":""260"",""nci"":100500,""tac"":8514,""pci"":555,""nrarfcn"":9000},""signal"":{""dbm"":-97,""ss_rsrp_dbm"":-97,""ss_rsrq_db"":null,""ss_sinr_db"":null,""csi_rsrp_dbm"":null,""csi_rsrq_db"":null,""csi_sinr_db"":null},""origin"":""callback"",""subscription_scope"":""query_context"",""source_timestamp_unit"":""ms""}}"
8,988d445c-690e-4b3e-a54a-fca38f1769d2,7,cell,NR,0,985913587714,1789620847491,976766000000,976766000000,valid_reported_timestamp,9147587714,False,True,unique_timestamped_observation,"{""identity"":{""mcc"":""310"",""mnc"":""260"",""nci"":100500,""nrarfcn"":9000,""pci"":555,""tac"":8514},""kind"":""cell"",""rat"":""NR"",""subscription_id"":1}",csi_rsrp_dbm,csi_rsrp,dBm,null,,unavailable,"{""schema"":""atomos.radio.v1"",""session_id"":""988d445c-690e-4b3e-a54a-fca38f1769d2"",""seq"":7,""kind"":""cell"",""received_elapsed_ns"":""985913587714"",""received_unix_ms"":1789620847491,""source_elapsed_ns"":""976766000000"",""payload"":{""subscription_id"":1,""rat"":""NR"",""registered"":true,""connection_status"":1,""identity"":{""mcc"":""310"",""mnc"":""260"",""nci"":100500,""tac"":8514,""pci"":555,""nrarfcn"":9000},""signal"":{""dbm"":-97,""ss_rsrp_dbm"":-97,""ss_rsrq_db"":null,""ss_sinr_db"":null,""csi_rsrp_dbm"":null,""csi_rsrq_db"":null,""csi_sinr_db"":null},""origin"":""callback"",""subscription_scope"":""query_context"",""source_timestamp_unit"":""ms""}}"
8,988d445c-690e-4b3e-a54a-fca38f1769d2,7,cell,NR,0,985913587714,1789620847491,976766000000,976766000000,valid_reported_timestamp,9147587714,False,True,unique_timestamped_observation,"{""identity"":{""mcc"":""310"",""mnc"":""260"",""nci"":100500,""nrarfcn"":9000,""pci"":555,""tac"":8514},""kind"":""cell"",""rat"":""NR"",""subscription_id"":1}",csi_rsrq_db,csi_rsrq,dB,null,,unavailable,"{""schema"":""atomos.radio.v1"",""session_id"":""988d445c-690e-4b3e-a54a-fca38f1769d2"",""seq"":7,""kind"":""cell"",""received_elapsed_ns"":""985913587714"",""received_unix_ms"":1789620847491,""source_elapsed_ns"":""976766000000"",""payload"":{""subscription_id"":1,""rat"":""NR"",""registered"":true,""connection_status"":1,""identity"":{""mcc"":""310"",""mnc"":""260"",""nci"":100500,""tac"":8514,""pci"":555,""nrarfcn"":9000},""signal"":{""dbm"":-97,""ss_rsrp_dbm"":-97,""ss_rsrq_db"":null,""ss_sinr_db"":null,""csi_rsrp_dbm"":null,""csi_rsrq_db"":null,""csi_sinr_db"":null},""origin"":""callback"",""subscription_scope"":""query_context"",""source_timestamp_unit"":""ms""}}"
8,988d445c-690e-4b3e-a54a-fca38f1769d2,7,cell,NR,0,985913587714,1789620847491,976766000000,976766000000,valid_reported_timestamp,9147587714,False,True,unique_timestamped_observation,"{""identity"":{""mcc"":""310"",""mnc"":""260"",""nci"":100500,""nrarfcn"":9000,""pci"":555,""tac"":8514},""kind"":""cell"",""rat"":""NR"",""subscription_id"":1}",csi_sinr_db,csi_sinr,dB,null,,unavailable,"{""schema"":""atomos.radio.v1"",""session_id"":""988d445c-690e-4b3e-a54a-fca38f1769d2"",""seq"":7,""kind"":""cell"",""received_elapsed_ns"":""985913587714"",""received_unix_ms"":1789620847491,""source_elapsed_ns"":""976766000000"",""payload"":{""subscription_id"":1,""rat"":""NR"",""registered"":true,""connection_status"":1,""identity"":{""mcc"":""310"",""mnc"":""260"",""nci"":100500,""tac"":8514,""pci"":555,""nrarfcn"":9000},""signal"":{""dbm"":-97,""ss_rsrp_dbm"":-97,""ss_rsrq_db"":null,""ss_sinr_db"":null,""csi_rsrp_dbm"":null,""csi_rsrq_db"":null,""csi_sinr_db"":null},""origin"":""callback"",""subscription_scope"":""query_context"",""source_timestamp_unit"":""ms""}}"
12,988d445c-690e-4b3e-a54a-fca38f1769d2,11,cell,NR,0,985946652893,1789620847524,985936000000,985936000000,valid_reported_timestamp,10652893,False,True,unique_timestamped_observation,"{""identity"":{""mcc"":""310"",""mnc"":""260"",""nci"":100500,""nrarfcn"":9000,""pci"":555,""tac"":8514},""kind"":""cell"",""rat"":""NR"",""subscription_id"":1}",dbm,reported_power,dBm,-97,-97,available,"{""schema"":""atomos.radio.v1"",""session_id"":""988d445c-690e-4b3e-a54a-fca38f1769d2"",""seq"":11,""kind"":""cell"",""received_elapsed_ns"":""985946652893"",""received_unix_ms"":1789620847524,""source_elapsed_ns"":""985936000000"",""payload"":{""subscription_id"":1,""rat"":""NR"",""registered"":true,""connection_status"":1,""identity"":{""mcc"":""310"",""mnc"":""260"",""nci"":100500,""tac"":8514,""pci"":555,""nrarfcn"":9000},""signal"":{""dbm"":-97,""ss_rsrp_dbm"":-97,""ss_rsrq_db"":null,""ss_sinr_db"":null,""csi_rsrp_dbm"":null,""csi_rsrq_db"":null,""csi_sinr_db"":null},""origin"":""callback"",""subscription_scope"":""query_context"",""source_timestamp_unit"":""ms""}}"
12,988d445c-690e-4b3e-a54a-fca38f1769d2,11,cell,NR,0,985946652893,1789620847524,985936000000,985936000000,valid_reported_timestamp,10652893,False,True,unique_timestamped_observation,"{""identity"":{""mcc"":""310"",""mnc"":""260"",""nci"":100500,""nrarfcn"":9000,""pci"":555,""tac"":8514},""kind"":""cell"",""rat"":""NR"",""subscription_id"":1}",ss_rsrp_dbm,ss_rsrp,dBm,-97,-97,available,"{""schema"":""atomos.radio.v1"",""session_id"":""988d445c-690e-4b3e-a54a-fca38f1769d2"",""seq"":11,""kind"":""cell"",""received_elapsed_ns"":""985946652893"",""received_unix_ms"":1789620847524,""source_elapsed_ns"":""985936000000"",""payload"":{""subscription_id"":1,""rat"":""NR"",""registered"":true,""connection_status"":1,""identity"":{""mcc"":""310"",""mnc"":""260"",""nci"":100500,""tac"":8514,""pci"":555,""nrarfcn"":9000},""signal"":{""dbm"":-97,""ss_rsrp_dbm"":-97,""ss_rsrq_db"":null,""ss_sinr_db"":null,""csi_rsrp_dbm"":null,""csi_rsrq_db"":null,""csi_sinr_db"":null},""origin"":""callback"",""subscription_scope"":""query_context"",""source_timestamp_unit"":""ms""}}"
12,988d445c-690e-4b3e-a54a-fca38f1769d2,11,cell,NR,0,985946652893,1789620847524,985936000000,985936000000,valid_reported_timestamp,10652893,False,True,unique_timestamped_observation,"{""identity"":{""mcc"":""310"",""mnc"":""260"",""nci"":100500,""nrarfcn"":9000,""pci"":555,""tac"":8514},""kind"":""cell"",""rat"":""NR"",""subscription_id"":1}",ss_rsrq_db,ss_rsrq,dB,null,,unavailable,"{""schema"":""atomos.radio.v1"",""session_id"":""988d445c-690e-4b3e-a54a-fca38f1769d2"",""seq"":11,""kind"":""cell"",""received_elapsed_ns"":""985946652893"",""received_unix_ms"":1789620847524,""source_elapsed_ns"":""985936000000"",""payload"":{""subscription_id"":1,""rat"":""NR"",""registered"":true,""connection_status"":1,""identity"":{""mcc"":""310"",""mnc"":""260"",""nci"":100500,""tac"":8514,""pci"":555,""nrarfcn"":9000},""signal"":{""dbm"":-97,""ss_rsrp_dbm"":-97,""ss_rsrq_db"":null,""ss_sinr_db"":null,""csi_rsrp_dbm"":null,""csi_rsrq_db"":null,""csi_sinr_db"":null},""origin"":""callback"",""subscription_scope"":""query_context"",""source_timestamp_unit"":""ms""}}"
12,988d445c-690e-4b3e-a54a-fca38f1769d2,11,cell,NR,0,985946652893,1789620847524,985936000000,985936000000,valid_reported_timestamp,10652893,False,True,unique_timestamped_observation,"{""identity"":{""mcc"":""310"",""mnc"":""260"",""nci"":100500,""nrarfcn"":9000,""pci"":555,""tac"":8514},""kind"":""cell"",""rat"":""NR"",""subscription_id"":1}",ss_sinr_db,ss_sinr,dB,null,,unavailable,"{""schema"":""atomos.radio.v1"",""session_id"":""988d445c-690e-4b3e-a54a-fca38f1769d2"",""seq"":11,""kind"":""cell"",""received_elapsed_ns"":""985946652893"",""received_unix_ms"":1789620847524,""source_elapsed_ns"":""985936000000"",""payload"":{""subscription_id"":1,""rat"":""NR"",""registered"":true,""connection_status"":1,""identity"":{""mcc"":""310"",""mnc"":""260"",""nci"":100500,""tac"":8514,""pci"":555,""nrarfcn"":9000},""signal"":{""dbm"":-97,""ss_rsrp_dbm"":-97,""ss_rsrq_db"":null,""ss_sinr_db"":null,""csi_rsrp_dbm"":null,""csi_rsrq_db"":null,""csi_sinr_db"":null},""origin"":""callback"",""subscription_scope"":""query_context"",""source_timestamp_unit"":""ms""}}"
12,988d445c-690e-4b3e-a54a-fca38f1769d2,11,cell,NR,0,985946652893,1789620847524,985936000000,985936000000,valid_reported_timestamp,10652893,False,True,unique_timestamped_observation,"{""identity"":{""mcc"":""310"",""mnc"":""260"",""nci"":100500,""nrarfcn"":9000,""pci"":555,""tac"":8514},""kind"":""cell"",""rat"":""NR"",""subscription_id"":1}",csi_rsrp_dbm,csi_rsrp,dBm,null,,unavailable,"{""schema"":""atomos.radio.v1"",""session_id"":""988d445c-690e-4b3e-a54a-fca38f1769d2"",""seq"":11,""kind"":""cell"",""received_elapsed_ns"":""985946652893"",""received_unix_ms"":1789620847524,""source_elapsed_ns"":""985936000000"",""payload"":{""subscription_id"":1,""rat"":""NR"",""registered"":true,""connection_status"":1,""identity"":{""mcc"":""310"",""mnc"":""260"",""nci"":100500,""tac"":8514,""pci"":555,""nrarfcn"":9000},""signal"":{""dbm"":-97,""ss_rsrp_dbm"":-97,""ss_rsrq_db"":null,""ss_sinr_db"":null,""csi_rsrp_dbm"":null,""csi_rsrq_db"":null,""csi_sinr_db"":null},""origin"":""callback"",""subscription_scope"":""query_context"",""source_timestamp_unit"":""ms""}}"
12,988d445c-690e-4b3e-a54a-fca38f1769d2,11,cell,NR,0,985946652893,1789620847524,985936000000,985936000000,valid_reported_timestamp,10652893,False,True,unique_timestamped_observation,"{""identity"":{""mcc"":""310"",""mnc"":""260"",""nci"":100500,""nrarfcn"":9000,""pci"":555,""tac"":8514},""kind"":""cell"",""rat"":""NR"",""subscription_id"":1}",csi_rsrq_db,csi_rsrq,dB,null,,unavailable,"{""schema"":""atomos.radio.v1"",""session_id"":""988d445c-690e-4b3e-a54a-fca38f1769d2"",""seq"":11,""kind"":""cell"",""received_elapsed_ns"":""985946652893"",""received_unix_ms"":1789620847524,""source_elapsed_ns"":""985936000000"",""payload"":{""subscription_id"":1,""rat"":""NR"",""registered"":true,""connection_status"":1,""identity"":{""mcc"":""310"",""mnc"":""260"",""nci"":100500,""tac"":8514,""pci"":555,""nrarfcn"":9000},""signal"":{""dbm"":-97,""ss_rsrp_dbm"":-97,""ss_rsrq_db"":null,""ss_sinr_db"":null,""csi_rsrp_dbm"":null,""csi_rsrq_db"":null,""csi_sinr_db"":null},""origin"":""callback"",""subscription_scope"":""query_context"",""source_timestamp_unit"":""ms""}}"
12,988d445c-690e-4b3e-a54a-fca38f1769d2,11,cell,NR,0,985946652893,1789620847524,985936000000,985936000000,valid_reported_timestamp,10652893,False,True,unique_timestamped_observation,"{""identity"":{""mcc"":""310"",""mnc"":""260"",""nci"":100500,""nrarfcn"":9000,""pci"":555,""tac"":8514},""kind"":""cell"",""rat"":""NR"",""subscription_id"":1}",csi_sinr_db,csi_sinr,dB,null,,unavailable,"{""schema"":""atomos.radio.v1"",""session_id"":""988d445c-690e-4b3e-a54a-fca38f1769d2"",""seq"":11,""kind"":""cell"",""received_elapsed_ns"":""985946652893"",""received_unix_ms"":1789620847524,""source_elapsed_ns"":""985936000000"",""payload"":{""subscription_id"":1,""rat"":""NR"",""registered"":true,""connection_status"":1,""identity"":{""mcc"":""310"",""mnc"":""260"",""nci"":100500,""tac"":8514,""pci"":555,""nrarfcn"":9000},""signal"":{""dbm"":-97,""ss_rsrp_dbm"":-97,""ss_rsrq_db"":null,""ss_sinr_db"":null,""csi_rsrp_dbm"":null,""csi_rsrq_db"":null,""csi_sinr_db"":null},""origin"":""callback"",""subscription_scope"":""query_context"",""source_timestamp_unit"":""ms""}}"
14,988d445c-690e-4b3e-a54a-fca38f1769d2,13,cell,NR,0,985946733471,1789620847524,985936000000,985936000000,valid_reported_timestamp,10733471,False,True,cached_duplicate,"{""identity"":{""mcc"":""310"",""mnc"":""260"",""nci"":100500,""nrarfcn"":9000,""pci"":555,""tac"":8514},""kind"":""cell"",""rat"":""NR"",""subscription_id"":1}",dbm,reported_power,dBm,-97,-97,available,"{""schema"":""atomos.radio.v1"",""session_id"":""988d445c-690e-4b3e-a54a-fca38f1769d2"",""seq"":13,""kind"":""cell"",""received_elapsed_ns"":""985946733471"",""received_unix_ms"":1789620847524,""source_elapsed_ns"":""985936000000"",""payload"":{""subscription_id"":1,""rat"":""NR"",""registered"":true,""connection_status"":1,""identity"":{""mcc"":""310"",""mnc"":""260"",""nci"":100500,""tac"":8514,""pci"":555,""nrarfcn"":9000},""signal"":{""dbm"":-97,""ss_rsrp_dbm"":-97,""ss_rsrq_db"":null,""ss_sinr_db"":null,""csi_rsrp_dbm"":null,""csi_rsrq_db"":null,""csi_sinr_db"":null},""origin"":""request"",""subscription_scope"":""query_context"",""source_timestamp_unit"":""ms""}}"
14,988d445c-690e-4b3e-a54a-fca38f1769d2,13,cell,NR,0,985946733471,1789620847524,985936000000,985936000000,valid_reported_timestamp,10733471,False,True,cached_duplicate,"{""identity"":{""mcc"":""310"",""mnc"":""260"",""nci"":100500,""nrarfcn"":9000,""pci"":555,""tac"":8514},""kind"":""cell"",""rat"":""NR"",""subscription_id"":1}",ss_rsrp_dbm,ss_rsrp,dBm,-97,-97,available,"{""schema"":""atomos.radio.v1"",""session_id"":""988d445c-690e-4b3e-a54a-fca38f1769d2"",""seq"":13,""kind"":""cell"",""received_elapsed_ns"":""985946733471"",""received_unix_ms"":1789620847524,""source_elapsed_ns"":""985936000000"",""payload"":{""subscription_id"":1,""rat"":""NR"",""registered"":true,""connection_status"":1,""identity"":{""mcc"":""310"",""mnc"":""260"",""nci"":100500,""tac"":8514,""pci"":555,""nrarfcn"":9000},""signal"":{""dbm"":-97,""ss_rsrp_dbm"":-97,""ss_rsrq_db"":null,""ss_sinr_db"":null,""csi_rsrp_dbm"":null,""csi_rsrq_db"":null,""csi_sinr_db"":null},""origin"":""request"",""subscription_scope"":""query_context"",""source_timestamp_unit"":""ms""}}"
14,988d445c-690e-4b3e-a54a-fca38f1769d2,13,cell,NR,0,985946733471,1789620847524,985936000000,985936000000,valid_reported_timestamp,10733471,False,True,cached_duplicate,"{""identity"":{""mcc"":""310"",""mnc"":""260"",""nci"":100500,""nrarfcn"":9000,""pci"":555,""tac"":8514},""kind"":""cell"",""rat"":""NR"",""subscription_id"":1}",ss_rsrq_db,ss_rsrq,dB,null,,unavailable,"{""schema"":""atomos.radio.v1"",""session_id"":""988d445c-690e-4b3e-a54a-fca38f1769d2"",""seq"":13,""kind"":""cell"",""received_elapsed_ns"":""985946733471"",""received_unix_ms"":1789620847524,""source_elapsed_ns"":""985936000000"",""payload"":{""subscription_id"":1,""rat"":""NR"",""registered"":true,""connection_status"":1,""identity"":{""mcc"":""310"",""mnc"":""260"",""nci"":100500,""tac"":8514,""pci"":555,""nrarfcn"":9000},""signal"":{""dbm"":-97,""ss_rsrp_dbm"":-97,""ss_rsrq_db"":null,""ss_sinr_db"":null,""csi_rsrp_dbm"":null,""csi_rsrq_db"":null,""csi_sinr_db"":null},""origin"":""request"",""subscription_scope"":""query_context"",""source_timestamp_unit"":""ms""}}"
14,988d445c-690e-4b3e-a54a-fca38f1769d2,13,cell,NR,0,985946733471,1789620847524,985936000000,985936000000,valid_reported_timestamp,10733471,False,True,cached_duplicate,"{""identity"":{""mcc"":""310"",""mnc"":""260"",""nci"":100500,""nrarfcn"":9000,""pci"":555,""tac"":8514},""kind"":""cell"",""rat"":""NR"",""subscription_id"":1}",ss_sinr_db,ss_sinr,dB,null,,unavailable,"{""schema"":""atomos.radio.v1"",""session_id"":""988d445c-690e-4b3e-a54a-fca38f1769d2"",""seq"":13,""kind"":""cell"",""received_elapsed_ns"":""985946733471"",""received_unix_ms"":1789620847524,""source_elapsed_ns"":""985936000000"",""payload"":{""subscription_id"":1,""rat"":""NR"",""registered"":true,""connection_status"":1,""identity"":{""mcc"":""310"",""mnc"":""260"",""nci"":100500,""tac"":8514,""pci"":555,""nrarfcn"":9000},""signal"":{""dbm"":-97,""ss_rsrp_dbm"":-97,""ss_rsrq_db"":null,""ss_sinr_db"":null,""csi_rsrp_dbm"":null,""csi_rsrq_db"":null,""csi_sinr_db"":null},""origin"":""request"",""subscription_scope"":""query_context"",""source_timestamp_unit"":""ms""}}"
14,988d445c-690e-4b3e-a54a-fca38f1769d2,13,cell,NR,0,985946733471,1789620847524,985936000000,985936000000,valid_reported_timestamp,10733471,False,True,cached_duplicate,"{""identity"":{""mcc"":""310"",""mnc"":""260"",""nci"":100500,""nrarfcn"":9000,""pci"":555,""tac"":8514},""kind"":""cell"",""rat"":""NR"",""subscription_id"":1}",csi_rsrp_dbm,csi_rsrp,dBm,null,,unavailable,"{""schema"":""atomos.radio.v1"",""session_id"":""988d445c-690e-4b3e-a54a-fca38f1769d2"",""seq"":13,""kind"":""cell"",""received_elapsed_ns"":""985946733471"",""received_unix_ms"":1789620847524,""source_elapsed_ns"":""985936000000"",""payload"":{""subscription_id"":1,""rat"":""NR"",""registered"":true,""connection_status"":1,""identity"":{""mcc"":""310"",""mnc"":""260"",""nci"":100500,""tac"":8514,""pci"":555,""nrarfcn"":9000},""signal"":{""dbm"":-97,""ss_rsrp_dbm"":-97,""ss_rsrq_db"":null,""ss_sinr_db"":null,""csi_rsrp_dbm"":null,""csi_rsrq_db"":null,""csi_sinr_db"":null},""origin"":""request"",""subscription_scope"":""query_context"",""source_timestamp_unit"":""ms""}}"
14,988d445c-690e-4b3e-a54a-fca38f1769d2,13,cell,NR,0,985946733471,1789620847524,985936000000,985936000000,valid_reported_timestamp,10733471,False,True,cached_duplicate,"{""identity"":{""mcc"":""310"",""mnc"":""260"",""nci"":100500,""nrarfcn"":9000,""pci"":555,""tac"":8514},""kind"":""cell"",""rat"":""NR"",""subscription_id"":1}",csi_rsrq_db,csi_rsrq,dB,null,,unavailable,"{""schema"":""atomos.radio.v1"",""session_id"":""988d445c-690e-4b3e-a54a-fca38f1769d2"",""seq"":13,""kind"":""cell"",""received_elapsed_ns"":""985946733471"",""received_unix_ms"":1789620847524,""source_elapsed_ns"":""985936000000"",""payload"":{""subscription_id"":1,""rat"":""NR"",""registered"":true,""connection_status"":1,""identity"":{""mcc"":""310"",""mnc"":""260"",""nci"":100500,""tac"":8514,""pci"":555,""nrarfcn"":9000},""signal"":{""dbm"":-97,""ss_rsrp_dbm"":-97,""ss_rsrq_db"":null,""ss_sinr_db"":null,""csi_rsrp_dbm"":null,""csi_rsrq_db"":null,""csi_sinr_db"":null},""origin"":""request"",""subscription_scope"":""query_context"",""source_timestamp_unit"":""ms""}}"
14,988d445c-690e-4b3e-a54a-fca38f1769d2,13,cell,NR,0,985946733471,1789620847524,985936000000,985936000000,valid_reported_timestamp,10733471,False,True,cached_duplicate,"{""identity"":{""mcc"":""310"",""mnc"":""260"",""nci"":100500,""nrarfcn"":9000,""pci"":555,""tac"":8514},""kind"":""cell"",""rat"":""NR"",""subscription_id"":1}",csi_sinr_db,csi_sinr,dB,null,,unavailable,"{""schema"":""atomos.radio.v1"",""session_id"":""988d445c-690e-4b3e-a54a-fca38f1769d2"",""seq"":13,""kind"":""cell"",""received_elapsed_ns"":""985946733471"",""received_unix_ms"":1789620847524,""source_elapsed_ns"":""985936000000"",""payload"":{""subscription_id"":1,""rat"":""NR"",""registered"":true,""connection_status"":1,""identity"":{""mcc"":""310"",""mnc"":""260"",""nci"":100500,""tac"":8514,""pci"":555,""nrarfcn"":9000},""signal"":{""dbm"":-97,""ss_rsrp_dbm"":-97,""ss_rsrq_db"":null,""ss_sinr_db"":null,""csi_rsrp_dbm"":null,""csi_rsrq_db"":null,""csi_sinr_db"":null},""origin"":""request"",""subscription_scope"":""query_context"",""source_timestamp_unit"":""ms""}}"
16,988d445c-690e-4b3e-a54a-fca38f1769d2,15,cell,NR,0,986779164363,1789620848357,986774000000,986774000000,valid_reported_timestamp,5164363,False,True,unique_timestamped_observation,"{""identity"":{""mcc"":""310"",""mnc"":""260"",""nci"":100500,""nrarfcn"":9000,""pci"":555,""tac"":8514},""kind"":""cell"",""rat"":""NR"",""subscription_id"":1}",dbm,reported_power,dBm,-102,-102,available,"{""schema"":""atomos.radio.v1"",""session_id"":""988d445c-690e-4b3e-a54a-fca38f1769d2"",""seq"":15,""kind"":""cell"",""received_elapsed_ns"":""986779164363"",""received_unix_ms"":1789620848357,""source_elapsed_ns"":""986774000000"",""payload"":{""subscription_id"":1,""rat"":""NR"",""registered"":true,""connection_status"":1,""identity"":{""mcc"":""310"",""mnc"":""260"",""nci"":100500,""tac"":8514,""pci"":555,""nrarfcn"":9000},""signal"":{""dbm"":-102,""ss_rsrp_dbm"":-102,""ss_rsrq_db"":null,""ss_sinr_db"":null,""csi_rsrp_dbm"":null,""csi_rsrq_db"":null,""csi_sinr_db"":null},""origin"":""callback"",""subscription_scope"":""query_context"",""source_timestamp_unit"":""ms""}}"
16,988d445c-690e-4b3e-a54a-fca38f1769d2,15,cell,NR,0,986779164363,1789620848357,986774000000,986774000000,valid_reported_timestamp,5164363,False,True,unique_timestamped_observation,"{""identity"":{""mcc"":""310"",""mnc"":""260"",""nci"":100500,""nrarfcn"":9000,""pci"":555,""tac"":8514},""kind"":""cell"",""rat"":""NR"",""subscription_id"":1}",ss_rsrp_dbm,ss_rsrp,dBm,-102,-102,available,"{""schema"":""atomos.radio.v1"",""session_id"":""988d445c-690e-4b3e-a54a-fca38f1769d2"",""seq"":15,""kind"":""cell"",""received_elapsed_ns"":""986779164363"",""received_unix_ms"":1789620848357,""source_elapsed_ns"":""986774000000"",""payload"":{""subscription_id"":1,""rat"":""NR"",""registered"":true,""connection_status"":1,""identity"":{""mcc"":""310"",""mnc"":""260"",""nci"":100500,""tac"":8514,""pci"":555,""nrarfcn"":9000},""signal"":{""dbm"":-102,""ss_rsrp_dbm"":-102,""ss_rsrq_db"":null,""ss_sinr_db"":null,""csi_rsrp_dbm"":null,""csi_rsrq_db"":null,""csi_sinr_db"":null},""origin"":""callback"",""subscription_scope"":""query_context"",""source_timestamp_unit"":""ms""}}"
16,988d445c-690e-4b3e-a54a-fca38f1769d2,15,cell,NR,0,986779164363,1789620848357,986774000000,986774000000,valid_reported_timestamp,5164363,False,True,unique_timestamped_observation,"{""identity"":{""mcc"":""310"",""mnc"":""260"",""nci"":100500,""nrarfcn"":9000,""pci"":555,""tac"":8514},""kind"":""cell"",""rat"":""NR"",""subscription_id"":1}",ss_rsrq_db,ss_rsrq,dB,null,,unavailable,"{""schema"":""atomos.radio.v1"",""session_id"":""988d445c-690e-4b3e-a54a-fca38f1769d2"",""seq"":15,""kind"":""cell"",""received_elapsed_ns"":""986779164363"",""received_unix_ms"":1789620848357,""source_elapsed_ns"":""986774000000"",""payload"":{""subscription_id"":1,""rat"":""NR"",""registered"":true,""connection_status"":1,""identity"":{""mcc"":""310"",""mnc"":""260"",""nci"":100500,""tac"":8514,""pci"":555,""nrarfcn"":9000},""signal"":{""dbm"":-102,""ss_rsrp_dbm"":-102,""ss_rsrq_db"":null,""ss_sinr_db"":null,""csi_rsrp_dbm"":null,""csi_rsrq_db"":null,""csi_sinr_db"":null},""origin"":""callback"",""subscription_scope"":""query_context"",""source_timestamp_unit"":""ms""}}"
16,988d445c-690e-4b3e-a54a-fca38f1769d2,15,cell,NR,0,986779164363,1789620848357,986774000000,986774000000,valid_reported_timestamp,5164363,False,True,unique_timestamped_observation,"{""identity"":{""mcc"":""310"",""mnc"":""260"",""nci"":100500,""nrarfcn"":9000,""pci"":555,""tac"":8514},""kind"":""cell"",""rat"":""NR"",""subscription_id"":1}",ss_sinr_db,ss_sinr,dB,null,,unavailable,"{""schema"":""atomos.radio.v1"",""session_id"":""988d445c-690e-4b3e-a54a-fca38f1769d2"",""seq"":15,""kind"":""cell"",""received_elapsed_ns"":""986779164363"",""received_unix_ms"":1789620848357,""source_elapsed_ns"":""986774000000"",""payload"":{""subscription_id"":1,""rat"":""NR"",""registered"":true,""connection_status"":1,""identity"":{""mcc"":""310"",""mnc"":""260"",""nci"":100500,""tac"":8514,""pci"":555,""nrarfcn"":9000},""signal"":{""dbm"":-102,""ss_rsrp_dbm"":-102,""ss_rsrq_db"":null,""ss_sinr_db"":null,""csi_rsrp_dbm"":null,""csi_rsrq_db"":null,""csi_sinr_db"":null},""origin"":""callback"",""subscription_scope"":""query_context"",""source_timestamp_unit"":""ms""}}"
16,988d445c-690e-4b3e-a54a-fca38f1769d2,15,cell,NR,0,986779164363,1789620848357,986774000000,986774000000,valid_reported_timestamp,5164363,False,True,unique_timestamped_observation,"{""identity"":{""mcc"":""310"",""mnc"":""260"",""nci"":100500,""nrarfcn"":9000,""pci"":555,""tac"":8514},""kind"":""cell"",""rat"":""NR"",""subscription_id"":1}",csi_rsrp_dbm,csi_rsrp,dBm,null,,unavailable,"{""schema"":""atomos.radio.v1"",""session_id"":""988d445c-690e-4b3e-a54a-fca38f1769d2"",""seq"":15,""kind"":""cell"",""received_elapsed_ns"":""986779164363"",""received_unix_ms"":1789620848357,""source_elapsed_ns"":""986774000000"",""payload"":{""subscription_id"":1,""rat"":""NR"",""registered"":true,""connection_status"":1,""identity"":{""mcc"":""310"",""mnc"":""260"",""nci"":100500,""tac"":8514,""pci"":555,""nrarfcn"":9000},""signal"":{""dbm"":-102,""ss_rsrp_dbm"":-102,""ss_rsrq_db"":null,""ss_sinr_db"":null,""csi_rsrp_dbm"":null,""csi_rsrq_db"":null,""csi_sinr_db"":null},""origin"":""callback"",""subscription_scope"":""query_context"",""source_timestamp_unit"":""ms""}}"
16,988d445c-690e-4b3e-a54a-fca38f1769d2,15,cell,NR,0,986779164363,1789620848357,986774000000,986774000000,valid_reported_timestamp,5164363,False,True,unique_timestamped_observation,"{""identity"":{""mcc"":""310"",""mnc"":""260"",""nci"":100500,""nrarfcn"":9000,""pci"":555,""tac"":8514},""kind"":""cell"",""rat"":""NR"",""subscription_id"":1}",csi_rsrq_db,csi_rsrq,dB,null,,unavailable,"{""schema"":""atomos.radio.v1"",""session_id"":""988d445c-690e-4b3e-a54a-fca38f1769d2"",""seq"":15,""kind"":""cell"",""received_elapsed_ns"":""986779164363"",""received_unix_ms"":1789620848357,""source_elapsed_ns"":""986774000000"",""payload"":{""subscription_id"":1,""rat"":""NR"",""registered"":true,""connection_status"":1,""identity"":{""mcc"":""310"",""mnc"":""260"",""nci"":100500,""tac"":8514,""pci"":555,""nrarfcn"":9000},""signal"":{""dbm"":-102,""ss_rsrp_dbm"":-102,""ss_rsrq_db"":null,""ss_sinr_db"":null,""csi_rsrp_dbm"":null,""csi_rsrq_db"":null,""csi_sinr_db"":null},""origin"":""callback"",""subscription_scope"":""query_context"",""source_timestamp_unit"":""ms""}}"
16,988d445c-690e-4b3e-a54a-fca38f1769d2,15,cell,NR,0,986779164363,1789620848357,986774000000,986774000000,valid_reported_timestamp,5164363,False,True,unique_timestamped_observation,"{""identity"":{""mcc"":""310"",""mnc"":""260"",""nci"":100500,""nrarfcn"":9000,""pci"":555,""tac"":8514},""kind"":""cell"",""rat"":""NR"",""subscription_id"":1}",csi_sinr_db,csi_sinr,dB,null,,unavailable,"{""schema"":""atomos.radio.v1"",""session_id"":""988d445c-690e-4b3e-a54a-fca38f1769d2"",""seq"":15,""kind"":""cell"",""received_elapsed_ns"":""986779164363"",""received_unix_ms"":1789620848357,""source_elapsed_ns"":""986774000000"",""payload"":{""subscription_id"":1,""rat"":""NR"",""registered"":true,""connection_status"":1,""identity"":{""mcc"":""310"",""mnc"":""260"",""nci"":100500,""tac"":8514,""pci"":555,""nrarfcn"":9000},""signal"":{""dbm"":-102,""ss_rsrp_dbm"":-102,""ss_rsrq_db"":null,""ss_sinr_db"":null,""csi_rsrp_dbm"":null,""csi_rsrq_db"":null,""csi_sinr_db"":null},""origin"":""callback"",""subscription_scope"":""query_context"",""source_timestamp_unit"":""ms""}}"
18,988d445c-690e-4b3e-a54a-fca38f1769d2,17,wifi,WIFI,0,989711127903,1789620851289,988724444000,988724444000,valid_reported_timestamp,986683903,False,True,unique_timestamped_observation,"{""bssid"":""00:13:10:85:fe:01"",""frequency_mhz"":2447,""kind"":""wifi""}",rssi_dbm,rssi,dBm,-50,-50,available,"{""schema"":""atomos.radio.v1"",""session_id"":""988d445c-690e-4b3e-a54a-fca38f1769d2"",""seq"":17,""kind"":""wifi"",""received_elapsed_ns"":""989711127903"",""received_unix_ms"":1789620851289,""source_elapsed_ns"":""988724444000"",""payload"":{""ssid"":""AndroidWifi"",""bssid"":""00:13:10:85:fe:01"",""frequency_mhz"":2447,""channel_width"":0,""center_frequency0_mhz"":2447,""center_frequency1_mhz"":0,""rssi_dbm"":-50,""capabilities"":""[ESS]"",""batch_id"":2,""origin"":""broadcast"",""results_updated"":true,""source_timestamp_unit"":""us""}}"
21,988d445c-690e-4b3e-a54a-fca38f1769d2,20,cell,NR,0,995930083345,1789620857508,995927000000,995927000000,valid_reported_timestamp,3083345,False,True,unique_timestamped_observation,"{""identity"":{""mcc"":""310"",""mnc"":""260"",""nci"":100500,""nrarfcn"":9000,""pci"":555,""tac"":8514},""kind"":""cell"",""rat"":""NR"",""subscription_id"":1}",dbm,reported_power,dBm,-102,-102,available,"{""schema"":""atomos.radio.v1"",""session_id"":""988d445c-690e-4b3e-a54a-fca38f1769d2"",""seq"":20,""kind"":""cell"",""received_elapsed_ns"":""995930083345"",""received_unix_ms"":1789620857508,""source_elapsed_ns"":""995927000000"",""payload"":{""subscription_id"":1,""rat"":""NR"",""registered"":true,""connection_status"":1,""identity"":{""mcc"":""310"",""mnc"":""260"",""nci"":100500,""tac"":8514,""pci"":555,""nrarfcn"":9000},""signal"":{""dbm"":-102,""ss_rsrp_dbm"":-102,""ss_rsrq_db"":null,""ss_sinr_db"":null,""csi_rsrp_dbm"":null,""csi_rsrq_db"":null,""csi_sinr_db"":null},""origin"":""callback"",""subscription_scope"":""query_context"",""source_timestamp_unit"":""ms""}}"
21,988d445c-690e-4b3e-a54a-fca38f1769d2,20,cell,NR,0,995930083345,1789620857508,995927000000,995927000000,valid_reported_timestamp,3083345,False,True,unique_timestamped_observation,"{""identity"":{""mcc"":""310"",""mnc"":""260"",""nci"":100500,""nrarfcn"":9000,""pci"":555,""tac"":8514},""kind"":""cell"",""rat"":""NR"",""subscription_id"":1}",ss_rsrp_dbm,ss_rsrp,dBm,-102,-102,available,"{""schema"":""atomos.radio.v1"",""session_id"":""988d445c-690e-4b3e-a54a-fca38f1769d2"",""seq"":20,""kind"":""cell"",""received_elapsed_ns"":""995930083345"",""received_unix_ms"":1789620857508,""source_elapsed_ns"":""995927000000"",""payload"":{""subscription_id"":1,""rat"":""NR"",""registered"":true,""connection_status"":1,""identity"":{""mcc"":""310"",""mnc"":""260"",""nci"":100500,""tac"":8514,""pci"":555,""nrarfcn"":9000},""signal"":{""dbm"":-102,""ss_rsrp_dbm"":-102,""ss_rsrq_db"":null,""ss_sinr_db"":null,""csi_rsrp_dbm"":null,""csi_rsrq_db"":null,""csi_sinr_db"":null},""origin"":""callback"",""subscription_scope"":""query_context"",""source_timestamp_unit"":""ms""}}"
21,988d445c-690e-4b3e-a54a-fca38f1769d2,20,cell,NR,0,995930083345,1789620857508,995927000000,995927000000,valid_reported_timestamp,3083345,False,True,unique_timestamped_observation,"{""identity"":{""mcc"":""310"",""mnc"":""260"",""nci"":100500,""nrarfcn"":9000,""pci"":555,""tac"":8514},""kind"":""cell"",""rat"":""NR"",""subscription_id"":1}",ss_rsrq_db,ss_rsrq,dB,null,,unavailable,"{""schema"":""atomos.radio.v1"",""session_id"":""988d445c-690e-4b3e-a54a-fca38f1769d2"",""seq"":20,""kind"":""cell"",""received_elapsed_ns"":""995930083345"",""received_unix_ms"":1789620857508,""source_elapsed_ns"":""995927000000"",""payload"":{""subscription_id"":1,""rat"":""NR"",""registered"":true,""connection_status"":1,""identity"":{""mcc"":""310"",""mnc"":""260"",""nci"":100500,""tac"":8514,""pci"":555,""nrarfcn"":9000},""signal"":{""dbm"":-102,""ss_rsrp_dbm"":-102,""ss_rsrq_db"":null,""ss_sinr_db"":null,""csi_rsrp_dbm"":null,""csi_rsrq_db"":null,""csi_sinr_db"":null},""origin"":""callback"",""subscription_scope"":""query_context"",""source_timestamp_unit"":""ms""}}"
21,988d445c-690e-4b3e-a54a-fca38f1769d2,20,cell,NR,0,995930083345,1789620857508,995927000000,995927000000,valid_reported_timestamp,3083345,False,True,unique_timestamped_observation,"{""identity"":{""mcc"":""310"",""mnc"":""260"",""nci"":100500,""nrarfcn"":9000,""pci"":555,""tac"":8514},""kind"":""cell"",""rat"":""NR"",""subscription_id"":1}",ss_sinr_db,ss_sinr,dB,null,,unavailable,"{""schema"":""atomos.radio.v1"",""session_id"":""988d445c-690e-4b3e-a54a-fca38f1769d2"",""seq"":20,""kind"":""cell"",""received_elapsed_ns"":""995930083345"",""received_unix_ms"":1789620857508,""source_elapsed_ns"":""995927000000"",""payload"":{""subscription_id"":1,""rat"":""NR"",""registered"":true,""connection_status"":1,""identity"":{""mcc"":""310"",""mnc"":""260"",""nci"":100500,""tac"":8514,""pci"":555,""nrarfcn"":9000},""signal"":{""dbm"":-102,""ss_rsrp_dbm"":-102,""ss_rsrq_db"":null,""ss_sinr_db"":null,""csi_rsrp_dbm"":null,""csi_rsrq_db"":null,""csi_sinr_db"":null},""origin"":""callback"",""subscription_scope"":""query_context"",""source_timestamp_unit"":""ms""}}"
21,988d445c-690e-4b3e-a54a-fca38f1769d2,20,cell,NR,0,995930083345,1789620857508,995927000000,995927000000,valid_reported_timestamp,3083345,False,True,unique_timestamped_observation,"{""identity"":{""mcc"":""310"",""mnc"":""260"",""nci"":100500,""nrarfcn"":9000,""pci"":555,""tac"":8514},""kind"":""cell"",""rat"":""NR"",""subscription_id"":1}",csi_rsrp_dbm,csi_rsrp,dBm,null,,unavailable,"{""schema"":""atomos.radio.v1"",""session_id"":""988d445c-690e-4b3e-a54a-fca38f1769d2"",""seq"":20,""kind"":""cell"",""received_elapsed_ns"":""995930083345"",""received_unix_ms"":1789620857508,""source_elapsed_ns"":""995927000000"",""payload"":{""subscription_id"":1,""rat"":""NR"",""registered"":true,""connection_status"":1,""identity"":{""mcc"":""310"",""mnc"":""260"",""nci"":100500,""tac"":8514,""pci"":555,""nrarfcn"":9000},""signal"":{""dbm"":-102,""ss_rsrp_dbm"":-102,""ss_rsrq_db"":null,""ss_sinr_db"":null,""csi_rsrp_dbm"":null,""csi_rsrq_db"":null,""csi_sinr_db"":null},""origin"":""callback"",""subscription_scope"":""query_context"",""source_timestamp_unit"":""ms""}}"
21,988d445c-690e-4b3e-a54a-fca38f1769d2,20,cell,NR,0,995930083345,1789620857508,995927000000,995927000000,valid_reported_timestamp,3083345,False,True,unique_timestamped_observation,"{""identity"":{""mcc"":""310"",""mnc"":""260"",""nci"":100500,""nrarfcn"":9000,""pci"":555,""tac"":8514},""kind"":""cell"",""rat"":""NR"",""subscription_id"":1}",csi_rsrq_db,csi_rsrq,dB,null,,unavailable,"{""schema"":""atomos.radio.v1"",""session_id"":""988d445c-690e-4b3e-a54a-fca38f1769d2"",""seq"":20,""kind"":""cell"",""received_elapsed_ns"":""995930083345"",""received_unix_ms"":1789620857508,""source_elapsed_ns"":""995927000000"",""payload"":{""subscription_id"":1,""rat"":""NR"",""registered"":true,""connection_status"":1,""identity"":{""mcc"":""310"",""mnc"":""260"",""nci"":100500,""tac"":8514,""pci"":555,""nrarfcn"":9000},""signal"":{""dbm"":-102,""ss_rsrp_dbm"":-102,""ss_rsrq_db"":null,""ss_sinr_db"":null,""csi_rsrp_dbm"":null,""csi_rsrq_db"":null,""csi_sinr_db"":null},""origin"":""callback"",""subscription_scope"":""query_context"",""source_timestamp_unit"":""ms""}}"
21,988d445c-690e-4b3e-a54a-fca38f1769d2,20,cell,NR,0,995930083345,1789620857508,995927000000,995927000000,valid_reported_timestamp,3083345,False,True,unique_timestamped_observation,"{""identity"":{""mcc"":""310"",""mnc"":""260"",""nci"":100500,""nrarfcn"":9000,""pci"":555,""tac"":8514},""kind"":""cell"",""rat"":""NR"",""subscription_id"":1}",csi_sinr_db,csi_sinr,dB,null,,unavailable,"{""schema"":""atomos.radio.v1"",""session_id"":""988d445c-690e-4b3e-a54a-fca38f1769d2"",""seq"":20,""kind"":""cell"",""received_elapsed_ns"":""995930083345"",""received_unix_ms"":1789620857508,""source_elapsed_ns"":""995927000000"",""payload"":{""subscription_id"":1,""rat"":""NR"",""registered"":true,""connection_status"":1,""identity"":{""mcc"":""310"",""mnc"":""260"",""nci"":100500,""tac"":8514,""pci"":555,""nrarfcn"":9000},""signal"":{""dbm"":-102,""ss_rsrp_dbm"":-102,""ss_rsrq_db"":null,""ss_sinr_db"":null,""csi_rsrp_dbm"":null,""csi_rsrq_db"":null,""csi_sinr_db"":null},""origin"":""callback"",""subscription_scope"":""query_context"",""source_timestamp_unit"":""ms""}}"
23,988d445c-690e-4b3e-a54a-fca38f1769d2,22,cell,NR,0,995930156541,1789620857508,995927000000,995927000000,valid_reported_timestamp,3156541,False,True,cached_duplicate,"{""identity"":{""mcc"":""310"",""mnc"":""260"",""nci"":100500,""nrarfcn"":9000,""pci"":555,""tac"":8514},""kind"":""cell"",""rat"":""NR"",""subscription_id"":1}",dbm,reported_power,dBm,-102,-102,available,"{""schema"":""atomos.radio.v1"",""session_id"":""988d445c-690e-4b3e-a54a-fca38f1769d2"",""seq"":22,""kind"":""cell"",""received_elapsed_ns"":""995930156541"",""received_unix_ms"":1789620857508,""source_elapsed_ns"":""995927000000"",""payload"":{""subscription_id"":1,""rat"":""NR"",""registered"":true,""connection_status"":1,""identity"":{""mcc"":""310"",""mnc"":""260"",""nci"":100500,""tac"":8514,""pci"":555,""nrarfcn"":9000},""signal"":{""dbm"":-102,""ss_rsrp_dbm"":-102,""ss_rsrq_db"":null,""ss_sinr_db"":null,""csi_rsrp_dbm"":null,""csi_rsrq_db"":null,""csi_sinr_db"":null},""origin"":""request"",""subscription_scope"":""query_context"",""source_timestamp_unit"":""ms""}}"
23,988d445c-690e-4b3e-a54a-fca38f1769d2,22,cell,NR,0,995930156541,1789620857508,995927000000,995927000000,valid_reported_timestamp,3156541,False,True,cached_duplicate,"{""identity"":{""mcc"":""310"",""mnc"":""260"",""nci"":100500,""nrarfcn"":9000,""pci"":555,""tac"":8514},""kind"":""cell"",""rat"":""NR"",""subscription_id"":1}",ss_rsrp_dbm,ss_rsrp,dBm,-102,-102,available,"{""schema"":""atomos.radio.v1"",""session_id"":""988d445c-690e-4b3e-a54a-fca38f1769d2"",""seq"":22,""kind"":""cell"",""received_elapsed_ns"":""995930156541"",""received_unix_ms"":1789620857508,""source_elapsed_ns"":""995927000000"",""payload"":{""subscription_id"":1,""rat"":""NR"",""registered"":true,""connection_status"":1,""identity"":{""mcc"":""310"",""mnc"":""260"",""nci"":100500,""tac"":8514,""pci"":555,""nrarfcn"":9000},""signal"":{""dbm"":-102,""ss_rsrp_dbm"":-102,""ss_rsrq_db"":null,""ss_sinr_db"":null,""csi_rsrp_dbm"":null,""csi_rsrq_db"":null,""csi_sinr_db"":null},""origin"":""request"",""subscription_scope"":""query_context"",""source_timestamp_unit"":""ms""}}"
23,988d445c-690e-4b3e-a54a-fca38f1769d2,22,cell,NR,0,995930156541,1789620857508,995927000000,995927000000,valid_reported_timestamp,3156541,False,True,cached_duplicate,"{""identity"":{""mcc"":""310"",""mnc"":""260"",""nci"":100500,""nrarfcn"":9000,""pci"":555,""tac"":8514},""kind"":""cell"",""rat"":""NR"",""subscription_id"":1}",ss_rsrq_db,ss_rsrq,dB,null,,unavailable,"{""schema"":""atomos.radio.v1"",""session_id"":""988d445c-690e-4b3e-a54a-fca38f1769d2"",""seq"":22,""kind"":""cell"",""received_elapsed_ns"":""995930156541"",""received_unix_ms"":1789620857508,""source_elapsed_ns"":""995927000000"",""payload"":{""subscription_id"":1,""rat"":""NR"",""registered"":true,""connection_status"":1,""identity"":{""mcc"":""310"",""mnc"":""260"",""nci"":100500,""tac"":8514,""pci"":555,""nrarfcn"":9000},""signal"":{""dbm"":-102,""ss_rsrp_dbm"":-102,""ss_rsrq_db"":null,""ss_sinr_db"":null,""csi_rsrp_dbm"":null,""csi_rsrq_db"":null,""csi_sinr_db"":null},""origin"":""request"",""subscription_scope"":""query_context"",""source_timestamp_unit"":""ms""}}"
23,988d445c-690e-4b3e-a54a-fca38f1769d2,22,cell,NR,0,995930156541,1789620857508,995927000000,995927000000,valid_reported_timestamp,3156541,False,True,cached_duplicate,"{""identity"":{""mcc"":""310"",""mnc"":""260"",""nci"":100500,""nrarfcn"":9000,""pci"":555,""tac"":8514},""kind"":""cell"",""rat"":""NR"",""subscription_id"":1}",ss_sinr_db,ss_sinr,dB,null,,unavailable,"{""schema"":""atomos.radio.v1"",""session_id"":""988d445c-690e-4b3e-a54a-fca38f1769d2"",""seq"":22,""kind"":""cell"",""received_elapsed_ns"":""995930156541"",""received_unix_ms"":1789620857508,""source_elapsed_ns"":""995927000000"",""payload"":{""subscription_id"":1,""rat"":""NR"",""registered"":true,""connection_status"":1,""identity"":{""mcc"":""310"",""mnc"":""260"",""nci"":100500,""tac"":8514,""pci"":555,""nrarfcn"":9000},""signal"":{""dbm"":-102,""ss_rsrp_dbm"":-102,""ss_rsrq_db"":null,""ss_sinr_db"":null,""csi_rsrp_dbm"":null,""csi_rsrq_db"":null,""csi_sinr_db"":null},""origin"":""request"",""subscription_scope"":""query_context"",""source_timestamp_unit"":""ms""}}"
23,988d445c-690e-4b3e-a54a-fca38f1769d2,22,cell,NR,0,995930156541,1789620857508,995927000000,995927000000,valid_reported_timestamp,3156541,False,True,cached_duplicate,"{""identity"":{""mcc"":""310"",""mnc"":""260"",""nci"":100500,""nrarfcn"":9000,""pci"":555,""tac"":8514},""kind"":""cell"",""rat"":""NR"",""subscription_id"":1}",csi_rsrp_dbm,csi_rsrp,dBm,null,,unavailable,"{""schema"":""atomos.radio.v1"",""session_id"":""988d445c-690e-4b3e-a54a-fca38f1769d2"",""seq"":22,""kind"":""cell"",""received_elapsed_ns"":""995930156541"",""received_unix_ms"":1789620857508,""source_elapsed_ns"":""995927000000"",""payload"":{""subscription_id"":1,""rat"":""NR"",""registered"":true,""connection_status"":1,""identity"":{""mcc"":""310"",""mnc"":""260"",""nci"":100500,""tac"":8514,""pci"":555,""nrarfcn"":9000},""signal"":{""dbm"":-102,""ss_rsrp_dbm"":-102,""ss_rsrq_db"":null,""ss_sinr_db"":null,""csi_rsrp_dbm"":null,""csi_rsrq_db"":null,""csi_sinr_db"":null},""origin"":""request"",""subscription_scope"":""query_context"",""source_timestamp_unit"":""ms""}}"
23,988d445c-690e-4b3e-a54a-fca38f1769d2,22,cell,NR,0,995930156541,1789620857508,995927000000,995927000000,valid_reported_timestamp,3156541,False,True,cached_duplicate,"{""identity"":{""mcc"":""310"",""mnc"":""260"",""nci"":100500,""nrarfcn"":9000,""pci"":555,""tac"":8514},""kind"":""cell"",""rat"":""NR"",""subscription_id"":1}",csi_rsrq_db,csi_rsrq,dB,null,,unavailable,"{""schema"":""atomos.radio.v1"",""session_id"":""988d445c-690e-4b3e-a54a-fca38f1769d2"",""seq"":22,""kind"":""cell"",""received_elapsed_ns"":""995930156541"",""received_unix_ms"":1789620857508,""source_elapsed_ns"":""995927000000"",""payload"":{""subscription_id"":1,""rat"":""NR"",""registered"":true,""connection_status"":1,""identity"":{""mcc"":""310"",""mnc"":""260"",""nci"":100500,""tac"":8514,""pci"":555,""nrarfcn"":9000},""signal"":{""dbm"":-102,""ss_rsrp_dbm"":-102,""ss_rsrq_db"":null,""ss_sinr_db"":null,""csi_rsrp_dbm"":null,""csi_rsrq_db"":null,""csi_sinr_db"":null},""origin"":""request"",""subscription_scope"":""query_context"",""source_timestamp_unit"":""ms""}}"
23,988d445c-690e-4b3e-a54a-fca38f1769d2,22,cell,NR,0,995930156541,1789620857508,995927000000,995927000000,valid_reported_timestamp,3156541,False,True,cached_duplicate,"{""identity"":{""mcc"":""310"",""mnc"":""260"",""nci"":100500,""nrarfcn"":9000,""pci"":555,""tac"":8514},""kind"":""cell"",""rat"":""NR"",""subscription_id"":1}",csi_sinr_db,csi_sinr,dB,null,,unavailable,"{""schema"":""atomos.radio.v1"",""session_id"":""988d445c-690e-4b3e-a54a-fca38f1769d2"",""seq"":22,""kind"":""cell"",""received_elapsed_ns"":""995930156541"",""received_unix_ms"":1789620857508,""source_elapsed_ns"":""995927000000"",""payload"":{""subscription_id"":1,""rat"":""NR"",""registered"":true,""connection_status"":1,""identity"":{""mcc"":""310"",""mnc"":""260"",""nci"":100500,""tac"":8514,""pci"":555,""nrarfcn"":9000},""signal"":{""dbm"":-102,""ss_rsrp_dbm"":-102,""ss_rsrq_db"":null,""ss_sinr_db"":null,""csi_rsrp_dbm"":null,""csi_rsrq_db"":null,""csi_sinr_db"":null},""origin"":""request"",""subscription_scope"":""query_context"",""source_timestamp_unit"":""ms""}}"
25,988d445c-690e-4b3e-a54a-fca38f1769d2,24,cell,NR,0,996769970949,1789620858348,996767000000,996767000000,valid_reported_timestamp,2970949,False,True,unique_timestamped_observation,"{""identity"":{""mcc"":""310"",""mnc"":""260"",""nci"":100500,""nrarfcn"":9000,""pci"":555,""tac"":8514},""kind"":""cell"",""rat"":""NR"",""subscription_id"":1}",dbm,reported_power,dBm,-107,-107,available,"{""schema"":""atomos.radio.v1"",""session_id"":""988d445c-690e-4b3e-a54a-fca38f1769d2"",""seq"":24,""kind"":""cell"",""received_elapsed_ns"":""996769970949"",""received_unix_ms"":1789620858348,""source_elapsed_ns"":""996767000000"",""payload"":{""subscription_id"":1,""rat"":""NR"",""registered"":true,""connection_status"":1,""identity"":{""mcc"":""310"",""mnc"":""260"",""nci"":100500,""tac"":8514,""pci"":555,""nrarfcn"":9000},""signal"":{""dbm"":-107,""ss_rsrp_dbm"":-107,""ss_rsrq_db"":null,""ss_sinr_db"":null,""csi_rsrp_dbm"":null,""csi_rsrq_db"":null,""csi_sinr_db"":null},""origin"":""callback"",""subscription_scope"":""query_context"",""source_timestamp_unit"":""ms""}}"
25,988d445c-690e-4b3e-a54a-fca38f1769d2,24,cell,NR,0,996769970949,1789620858348,996767000000,996767000000,valid_reported_timestamp,2970949,False,True,unique_timestamped_observation,"{""identity"":{""mcc"":""310"",""mnc"":""260"",""nci"":100500,""nrarfcn"":9000,""pci"":555,""tac"":8514},""kind"":""cell"",""rat"":""NR"",""subscription_id"":1}",ss_rsrp_dbm,ss_rsrp,dBm,-107,-107,available,"{""schema"":""atomos.radio.v1"",""session_id"":""988d445c-690e-4b3e-a54a-fca38f1769d2"",""seq"":24,""kind"":""cell"",""received_elapsed_ns"":""996769970949"",""received_unix_ms"":1789620858348,""source_elapsed_ns"":""996767000000"",""payload"":{""subscription_id"":1,""rat"":""NR"",""registered"":true,""connection_status"":1,""identity"":{""mcc"":""310"",""mnc"":""260"",""nci"":100500,""tac"":8514,""pci"":555,""nrarfcn"":9000},""signal"":{""dbm"":-107,""ss_rsrp_dbm"":-107,""ss_rsrq_db"":null,""ss_sinr_db"":null,""csi_rsrp_dbm"":null,""csi_rsrq_db"":null,""csi_sinr_db"":null},""origin"":""callback"",""subscription_scope"":""query_context"",""source_timestamp_unit"":""ms""}}"
25,988d445c-690e-4b3e-a54a-fca38f1769d2,24,cell,NR,0,996769970949,1789620858348,996767000000,996767000000,valid_reported_timestamp,2970949,False,True,unique_timestamped_observation,"{""identity"":{""mcc"":""310"",""mnc"":""260"",""nci"":100500,""nrarfcn"":9000,""pci"":555,""tac"":8514},""kind"":""cell"",""rat"":""NR"",""subscription_id"":1}",ss_rsrq_db,ss_rsrq,dB,null,,unavailable,"{""schema"":""atomos.radio.v1"",""session_id"":""988d445c-690e-4b3e-a54a-fca38f1769d2"",""seq"":24,""kind"":""cell"",""received_elapsed_ns"":""996769970949"",""received_unix_ms"":1789620858348,""source_elapsed_ns"":""996767000000"",""payload"":{""subscription_id"":1,""rat"":""NR"",""registered"":true,""connection_status"":1,""identity"":{""mcc"":""310"",""mnc"":""260"",""nci"":100500,""tac"":8514,""pci"":555,""nrarfcn"":9000},""signal"":{""dbm"":-107,""ss_rsrp_dbm"":-107,""ss_rsrq_db"":null,""ss_sinr_db"":null,""csi_rsrp_dbm"":null,""csi_rsrq_db"":null,""csi_sinr_db"":null},""origin"":""callback"",""subscription_scope"":""query_context"",""source_timestamp_unit"":""ms""}}"
25,988d445c-690e-4b3e-a54a-fca38f1769d2,24,cell,NR,0,996769970949,1789620858348,996767000000,996767000000,valid_reported_timestamp,2970949,False,True,unique_timestamped_observation,"{""identity"":{""mcc"":""310"",""mnc"":""260"",""nci"":100500,""nrarfcn"":9000,""pci"":555,""tac"":8514},""kind"":""cell"",""rat"":""NR"",""subscription_id"":1}",ss_sinr_db,ss_sinr,dB,null,,unavailable,"{""schema"":""atomos.radio.v1"",""session_id"":""988d445c-690e-4b3e-a54a-fca38f1769d2"",""seq"":24,""kind"":""cell"",""received_elapsed_ns"":""996769970949"",""received_unix_ms"":1789620858348,""source_elapsed_ns"":""996767000000"",""payload"":{""subscription_id"":1,""rat"":""NR"",""registered"":true,""connection_status"":1,""identity"":{""mcc"":""310"",""mnc"":""260"",""nci"":100500,""tac"":8514,""pci"":555,""nrarfcn"":9000},""signal"":{""dbm"":-107,""ss_rsrp_dbm"":-107,""ss_rsrq_db"":null,""ss_sinr_db"":null,""csi_rsrp_dbm"":null,""csi_rsrq_db"":null,""csi_sinr_db"":null},""origin"":""callback"",""subscription_scope"":""query_context"",""source_timestamp_unit"":""ms""}}"
25,988d445c-690e-4b3e-a54a-fca38f1769d2,24,cell,NR,0,996769970949,1789620858348,996767000000,996767000000,valid_reported_timestamp,2970949,False,True,unique_timestamped_observation,"{""identity"":{""mcc"":""310"",""mnc"":""260"",""nci"":100500,""nrarfcn"":9000,""pci"":555,""tac"":8514},""kind"":""cell"",""rat"":""NR"",""subscription_id"":1}",csi_rsrp_dbm,csi_rsrp,dBm,null,,unavailable,"{""schema"":""atomos.radio.v1"",""session_id"":""988d445c-690e-4b3e-a54a-fca38f1769d2"",""seq"":24,""kind"":""cell"",""received_elapsed_ns"":""996769970949"",""received_unix_ms"":1789620858348,""source_elapsed_ns"":""996767000000"",""payload"":{""subscription_id"":1,""rat"":""NR"",""registered"":true,""connection_status"":1,""identity"":{""mcc"":""310"",""mnc"":""260"",""nci"":100500,""tac"":8514,""pci"":555,""nrarfcn"":9000},""signal"":{""dbm"":-107,""ss_rsrp_dbm"":-107,""ss_rsrq_db"":null,""ss_sinr_db"":null,""csi_rsrp_dbm"":null,""csi_rsrq_db"":null,""csi_sinr_db"":null},""origin"":""callback"",""subscription_scope"":""query_context"",""source_timestamp_unit"":""ms""}}"
25,988d445c-690e-4b3e-a54a-fca38f1769d2,24,cell,NR,0,996769970949,1789620858348,996767000000,996767000000,valid_reported_timestamp,2970949,False,True,unique_timestamped_observation,"{""identity"":{""mcc"":""310"",""mnc"":""260"",""nci"":100500,""nrarfcn"":9000,""pci"":555,""tac"":8514},""kind"":""cell"",""rat"":""NR"",""subscription_id"":1}",csi_rsrq_db,csi_rsrq,dB,null,,unavailable,"{""schema"":""atomos.radio.v1"",""session_id"":""988d445c-690e-4b3e-a54a-fca38f1769d2"",""seq"":24,""kind"":""cell"",""received_elapsed_ns"":""996769970949"",""received_unix_ms"":1789620858348,""source_elapsed_ns"":""996767000000"",""payload"":{""subscription_id"":1,""rat"":""NR"",""registered"":true,""connection_status"":1,""identity"":{""mcc"":""310"",""mnc"":""260"",""nci"":100500,""tac"":8514,""pci"":555,""nrarfcn"":9000},""signal"":{""dbm"":-107,""ss_rsrp_dbm"":-107,""ss_rsrq_db"":null,""ss_sinr_db"":null,""csi_rsrp_dbm"":null,""csi_rsrq_db"":null,""csi_sinr_db"":null},""origin"":""callback"",""subscription_scope"":""query_context"",""source_timestamp_unit"":""ms""}}"
25,988d445c-690e-4b3e-a54a-fca38f1769d2,24,cell,NR,0,996769970949,1789620858348,996767000000,996767000000,valid_reported_timestamp,2970949,False,True,unique_timestamped_observation,"{""identity"":{""mcc"":""310"",""mnc"":""260"",""nci"":100500,""nrarfcn"":9000,""pci"":555,""tac"":8514},""kind"":""cell"",""rat"":""NR"",""subscription_id"":1}",csi_sinr_db,csi_sinr,dB,null,,unavailable,"{""schema"":""atomos.radio.v1"",""session_id"":""988d445c-690e-4b3e-a54a-fca38f1769d2"",""seq"":24,""kind"":""cell"",""received_elapsed_ns"":""996769970949"",""received_unix_ms"":1789620858348,""source_elapsed_ns"":""996767000000"",""payload"":{""subscription_id"":1,""rat"":""NR"",""registered"":true,""connection_status"":1,""identity"":{""mcc"":""310"",""mnc"":""260"",""nci"":100500,""tac"":8514,""pci"":555,""nrarfcn"":9000},""signal"":{""dbm"":-107,""ss_rsrp_dbm"":-107,""ss_rsrq_db"":null,""ss_sinr_db"":null,""csi_rsrp_dbm"":null,""csi_rsrq_db"":null,""csi_sinr_db"":null},""origin"":""callback"",""subscription_scope"":""query_context"",""source_timestamp_unit"":""ms""}}"
28,988d445c-690e-4b3e-a54a-fca38f1769d2,27,cell,NR,0,1005935582881,1789620867513,1005932000000,1005932000000,valid_reported_timestamp,3582881,False,True,unique_timestamped_observation,"{""identity"":{""mcc"":""310"",""mnc"":""260"",""nci"":100500,""nrarfcn"":9000,""pci"":555,""tac"":8514},""kind"":""cell"",""rat"":""NR"",""subscription_id"":1}",dbm,reported_power,dBm,-107,-107,available,"{""schema"":""atomos.radio.v1"",""session_id"":""988d445c-690e-4b3e-a54a-fca38f1769d2"",""seq"":27,""kind"":""cell"",""received_elapsed_ns"":""1005935582881"",""received_unix_ms"":1789620867513,""source_elapsed_ns"":""1005932000000"",""payload"":{""subscription_id"":1,""rat"":""NR"",""registered"":true,""connection_status"":1,""identity"":{""mcc"":""310"",""mnc"":""260"",""nci"":100500,""tac"":8514,""pci"":555,""nrarfcn"":9000},""signal"":{""dbm"":-107,""ss_rsrp_dbm"":-107,""ss_rsrq_db"":null,""ss_sinr_db"":null,""csi_rsrp_dbm"":null,""csi_rsrq_db"":null,""csi_sinr_db"":null},""origin"":""callback"",""subscription_scope"":""query_context"",""source_timestamp_unit"":""ms""}}"
28,988d445c-690e-4b3e-a54a-fca38f1769d2,27,cell,NR,0,1005935582881,1789620867513,1005932000000,1005932000000,valid_reported_timestamp,3582881,False,True,unique_timestamped_observation,"{""identity"":{""mcc"":""310"",""mnc"":""260"",""nci"":100500,""nrarfcn"":9000,""pci"":555,""tac"":8514},""kind"":""cell"",""rat"":""NR"",""subscription_id"":1}",ss_rsrp_dbm,ss_rsrp,dBm,-107,-107,available,"{""schema"":""atomos.radio.v1"",""session_id"":""988d445c-690e-4b3e-a54a-fca38f1769d2"",""seq"":27,""kind"":""cell"",""received_elapsed_ns"":""1005935582881"",""received_unix_ms"":1789620867513,""source_elapsed_ns"":""1005932000000"",""payload"":{""subscription_id"":1,""rat"":""NR"",""registered"":true,""connection_status"":1,""identity"":{""mcc"":""310"",""mnc"":""260"",""nci"":100500,""tac"":8514,""pci"":555,""nrarfcn"":9000},""signal"":{""dbm"":-107,""ss_rsrp_dbm"":-107,""ss_rsrq_db"":null,""ss_sinr_db"":null,""csi_rsrp_dbm"":null,""csi_rsrq_db"":null,""csi_sinr_db"":null},""origin"":""callback"",""subscription_scope"":""query_context"",""source_timestamp_unit"":""ms""}}"
28,988d445c-690e-4b3e-a54a-fca38f1769d2,27,cell,NR,0,1005935582881,1789620867513,1005932000000,1005932000000,valid_reported_timestamp,3582881,False,True,unique_timestamped_observation,"{""identity"":{""mcc"":""310"",""mnc"":""260"",""nci"":100500,""nrarfcn"":9000,""pci"":555,""tac"":8514},""kind"":""cell"",""rat"":""NR"",""subscription_id"":1}",ss_rsrq_db,ss_rsrq,dB,null,,unavailable,"{""schema"":""atomos.radio.v1"",""session_id"":""988d445c-690e-4b3e-a54a-fca38f1769d2"",""seq"":27,""kind"":""cell"",""received_elapsed_ns"":""1005935582881"",""received_unix_ms"":1789620867513,""source_elapsed_ns"":""1005932000000"",""payload"":{""subscription_id"":1,""rat"":""NR"",""registered"":true,""connection_status"":1,""identity"":{""mcc"":""310"",""mnc"":""260"",""nci"":100500,""tac"":8514,""pci"":555,""nrarfcn"":9000},""signal"":{""dbm"":-107,""ss_rsrp_dbm"":-107,""ss_rsrq_db"":null,""ss_sinr_db"":null,""csi_rsrp_dbm"":null,""csi_rsrq_db"":null,""csi_sinr_db"":null},""origin"":""callback"",""subscription_scope"":""query_context"",""source_timestamp_unit"":""ms""}}"
28,988d445c-690e-4b3e-a54a-fca38f1769d2,27,cell,NR,0,1005935582881,1789620867513,1005932000000,1005932000000,valid_reported_timestamp,3582881,False,True,unique_timestamped_observation,"{""identity"":{""mcc"":""310"",""mnc"":""260"",""nci"":100500,""nrarfcn"":9000,""pci"":555,""tac"":8514},""kind"":""cell"",""rat"":""NR"",""subscription_id"":1}",ss_sinr_db,ss_sinr,dB,null,,unavailable,"{""schema"":""atomos.radio.v1"",""session_id"":""988d445c-690e-4b3e-a54a-fca38f1769d2"",""seq"":27,""kind"":""cell"",""received_elapsed_ns"":""1005935582881"",""received_unix_ms"":1789620867513,""source_elapsed_ns"":""1005932000000"",""payload"":{""subscription_id"":1,""rat"":""NR"",""registered"":true,""connection_status"":1,""identity"":{""mcc"":""310"",""mnc"":""260"",""nci"":100500,""tac"":8514,""pci"":555,""nrarfcn"":9000},""signal"":{""dbm"":-107,""ss_rsrp_dbm"":-107,""ss_rsrq_db"":null,""ss_sinr_db"":null,""csi_rsrp_dbm"":null,""csi_rsrq_db"":null,""csi_sinr_db"":null},""origin"":""callback"",""subscription_scope"":""query_context"",""source_timestamp_unit"":""ms""}}"
28,988d445c-690e-4b3e-a54a-fca38f1769d2,27,cell,NR,0,1005935582881,1789620867513,1005932000000,1005932000000,valid_reported_timestamp,3582881,False,True,unique_timestamped_observation,"{""identity"":{""mcc"":""310"",""mnc"":""260"",""nci"":100500,""nrarfcn"":9000,""pci"":555,""tac"":8514},""kind"":""cell"",""rat"":""NR"",""subscription_id"":1}",csi_rsrp_dbm,csi_rsrp,dBm,null,,unavailable,"{""schema"":""atomos.radio.v1"",""session_id"":""988d445c-690e-4b3e-a54a-fca38f1769d2"",""seq"":27,""kind"":""cell"",""received_elapsed_ns"":""1005935582881"",""received_unix_ms"":1789620867513,""source_elapsed_ns"":""1005932000000"",""payload"":{""subscription_id"":1,""rat"":""NR"",""registered"":true,""connection_status"":1,""identity"":{""mcc"":""310"",""mnc"":""260"",""nci"":100500,""tac"":8514,""pci"":555,""nrarfcn"":9000},""signal"":{""dbm"":-107,""ss_rsrp_dbm"":-107,""ss_rsrq_db"":null,""ss_sinr_db"":null,""csi_rsrp_dbm"":null,""csi_rsrq_db"":null,""csi_sinr_db"":null},""origin"":""callback"",""subscription_scope"":""query_context"",""source_timestamp_unit"":""ms""}}"
28,988d445c-690e-4b3e-a54a-fca38f1769d2,27,cell,NR,0,1005935582881,1789620867513,1005932000000,1005932000000,valid_reported_timestamp,3582881,False,True,unique_timestamped_observation,"{""identity"":{""mcc"":""310"",""mnc"":""260"",""nci"":100500,""nrarfcn"":9000,""pci"":555,""tac"":8514},""kind"":""cell"",""rat"":""NR"",""subscription_id"":1}",csi_rsrq_db,csi_rsrq,dB,null,,unavailable,"{""schema"":""atomos.radio.v1"",""session_id"":""988d445c-690e-4b3e-a54a-fca38f1769d2"",""seq"":27,""kind"":""cell"",""received_elapsed_ns"":""1005935582881"",""received_unix_ms"":1789620867513,""source_elapsed_ns"":""1005932000000"",""payload"":{""subscription_id"":1,""rat"":""NR"",""registered"":true,""connection_status"":1,""identity"":{""mcc"":""310"",""mnc"":""260"",""nci"":100500,""tac"":8514,""pci"":555,""nrarfcn"":9000},""signal"":{""dbm"":-107,""ss_rsrp_dbm"":-107,""ss_rsrq_db"":null,""ss_sinr_db"":null,""csi_rsrp_dbm"":null,""csi_rsrq_db"":null,""csi_sinr_db"":null},""origin"":""callback"",""subscription_scope"":""query_context"",""source_timestamp_unit"":""ms""}}"
28,988d445c-690e-4b3e-a54a-fca38f1769d2,27,cell,NR,0,1005935582881,1789620867513,1005932000000,1005932000000,valid_reported_timestamp,3582881,False,True,unique_timestamped_observation,"{""identity"":{""mcc"":""310"",""mnc"":""260"",""nci"":100500,""nrarfcn"":9000,""pci"":555,""tac"":8514},""kind"":""cell"",""rat"":""NR"",""subscription_id"":1}",csi_sinr_db,csi_sinr,dB,null,,unavailable,"{""schema"":""atomos.radio.v1"",""session_id"":""988d445c-690e-4b3e-a54a-fca38f1769d2"",""seq"":27,""kind"":""cell"",""received_elapsed_ns"":""1005935582881"",""received_unix_ms"":1789620867513,""source_elapsed_ns"":""1005932000000"",""payload"":{""subscription_id"":1,""rat"":""NR"",""registered"":true,""connection_status"":1,""identity"":{""mcc"":""310"",""mnc"":""260"",""nci"":100500,""tac"":8514,""pci"":555,""nrarfcn"":9000},""signal"":{""dbm"":-107,""ss_rsrp_dbm"":-107,""ss_rsrq_db"":null,""ss_sinr_db"":null,""csi_rsrp_dbm"":null,""csi_rsrq_db"":null,""csi_sinr_db"":null},""origin"":""callback"",""subscription_scope"":""query_context"",""source_timestamp_unit"":""ms""}}"
30,988d445c-690e-4b3e-a54a-fca38f1769d2,29,cell,NR,0,1005935716300,1789620867513,1005932000000,1005932000000,valid_reported_timestamp,3716300,False,True,cached_duplicate,"{""identity"":{""mcc"":""310"",""mnc"":""260"",""nci"":100500,""nrarfcn"":9000,""pci"":555,""tac"":8514},""kind"":""cell"",""rat"":""NR"",""subscription_id"":1}",dbm,reported_power,dBm,-107,-107,available,"{""schema"":""atomos.radio.v1"",""session_id"":""988d445c-690e-4b3e-a54a-fca38f1769d2"",""seq"":29,""kind"":""cell"",""received_elapsed_ns"":""1005935716300"",""received_unix_ms"":1789620867513,""source_elapsed_ns"":""1005932000000"",""payload"":{""subscription_id"":1,""rat"":""NR"",""registered"":true,""connection_status"":1,""identity"":{""mcc"":""310"",""mnc"":""260"",""nci"":100500,""tac"":8514,""pci"":555,""nrarfcn"":9000},""signal"":{""dbm"":-107,""ss_rsrp_dbm"":-107,""ss_rsrq_db"":null,""ss_sinr_db"":null,""csi_rsrp_dbm"":null,""csi_rsrq_db"":null,""csi_sinr_db"":null},""origin"":""request"",""subscription_scope"":""query_context"",""source_timestamp_unit"":""ms""}}"
30,988d445c-690e-4b3e-a54a-fca38f1769d2,29,cell,NR,0,1005935716300,1789620867513,1005932000000,1005932000000,valid_reported_timestamp,3716300,False,True,cached_duplicate,"{""identity"":{""mcc"":""310"",""mnc"":""260"",""nci"":100500,""nrarfcn"":9000,""pci"":555,""tac"":8514},""kind"":""cell"",""rat"":""NR"",""subscription_id"":1}",ss_rsrp_dbm,ss_rsrp,dBm,-107,-107,available,"{""schema"":""atomos.radio.v1"",""session_id"":""988d445c-690e-4b3e-a54a-fca38f1769d2"",""seq"":29,""kind"":""cell"",""received_elapsed_ns"":""1005935716300"",""received_unix_ms"":1789620867513,""source_elapsed_ns"":""1005932000000"",""payload"":{""subscription_id"":1,""rat"":""NR"",""registered"":true,""connection_status"":1,""identity"":{""mcc"":""310"",""mnc"":""260"",""nci"":100500,""tac"":8514,""pci"":555,""nrarfcn"":9000},""signal"":{""dbm"":-107,""ss_rsrp_dbm"":-107,""ss_rsrq_db"":null,""ss_sinr_db"":null,""csi_rsrp_dbm"":null,""csi_rsrq_db"":null,""csi_sinr_db"":null},""origin"":""request"",""subscription_scope"":""query_context"",""source_timestamp_unit"":""ms""}}"
30,988d445c-690e-4b3e-a54a-fca38f1769d2,29,cell,NR,0,1005935716300,1789620867513,1005932000000,1005932000000,valid_reported_timestamp,3716300,False,True,cached_duplicate,"{""identity"":{""mcc"":""310"",""mnc"":""260"",""nci"":100500,""nrarfcn"":9000,""pci"":555,""tac"":8514},""kind"":""cell"",""rat"":""NR"",""subscription_id"":1}",ss_rsrq_db,ss_rsrq,dB,null,,unavailable,"{""schema"":""atomos.radio.v1"",""session_id"":""988d445c-690e-4b3e-a54a-fca38f1769d2"",""seq"":29,""kind"":""cell"",""received_elapsed_ns"":""1005935716300"",""received_unix_ms"":1789620867513,""source_elapsed_ns"":""1005932000000"",""payload"":{""subscription_id"":1,""rat"":""NR"",""registered"":true,""connection_status"":1,""identity"":{""mcc"":""310"",""mnc"":""260"",""nci"":100500,""tac"":8514,""pci"":555,""nrarfcn"":9000},""signal"":{""dbm"":-107,""ss_rsrp_dbm"":-107,""ss_rsrq_db"":null,""ss_sinr_db"":null,""csi_rsrp_dbm"":null,""csi_rsrq_db"":null,""csi_sinr_db"":null},""origin"":""request"",""subscription_scope"":""query_context"",""source_timestamp_unit"":""ms""}}"
30,988d445c-690e-4b3e-a54a-fca38f1769d2,29,cell,NR,0,1005935716300,1789620867513,1005932000000,1005932000000,valid_reported_timestamp,3716300,False,True,cached_duplicate,"{""identity"":{""mcc"":""310"",""mnc"":""260"",""nci"":100500,""nrarfcn"":9000,""pci"":555,""tac"":8514},""kind"":""cell"",""rat"":""NR"",""subscription_id"":1}",ss_sinr_db,ss_sinr,dB,null,,unavailable,"{""schema"":""atomos.radio.v1"",""session_id"":""988d445c-690e-4b3e-a54a-fca38f1769d2"",""seq"":29,""kind"":""cell"",""received_elapsed_ns"":""1005935716300"",""received_unix_ms"":1789620867513,""source_elapsed_ns"":""1005932000000"",""payload"":{""subscription_id"":1,""rat"":""NR"",""registered"":true,""connection_status"":1,""identity"":{""mcc"":""310"",""mnc"":""260"",""nci"":100500,""tac"":8514,""pci"":555,""nrarfcn"":9000},""signal"":{""dbm"":-107,""ss_rsrp_dbm"":-107,""ss_rsrq_db"":null,""ss_sinr_db"":null,""csi_rsrp_dbm"":null,""csi_rsrq_db"":null,""csi_sinr_db"":null},""origin"":""request"",""subscription_scope"":""query_context"",""source_timestamp_unit"":""ms""}}"
30,988d445c-690e-4b3e-a54a-fca38f1769d2,29,cell,NR,0,1005935716300,1789620867513,1005932000000,1005932000000,valid_reported_timestamp,3716300,False,True,cached_duplicate,"{""identity"":{""mcc"":""310"",""mnc"":""260"",""nci"":100500,""nrarfcn"":9000,""pci"":555,""tac"":8514},""kind"":""cell"",""rat"":""NR"",""subscription_id"":1}",csi_rsrp_dbm,csi_rsrp,dBm,null,,unavailable,"{""schema"":""atomos.radio.v1"",""session_id"":""988d445c-690e-4b3e-a54a-fca38f1769d2"",""seq"":29,""kind"":""cell"",""received_elapsed_ns"":""1005935716300"",""received_unix_ms"":1789620867513,""source_elapsed_ns"":""1005932000000"",""payload"":{""subscription_id"":1,""rat"":""NR"",""registered"":true,""connection_status"":1,""identity"":{""mcc"":""310"",""mnc"":""260"",""nci"":100500,""tac"":8514,""pci"":555,""nrarfcn"":9000},""signal"":{""dbm"":-107,""ss_rsrp_dbm"":-107,""ss_rsrq_db"":null,""ss_sinr_db"":null,""csi_rsrp_dbm"":null,""csi_rsrq_db"":null,""csi_sinr_db"":null},""origin"":""request"",""subscription_scope"":""query_context"",""source_timestamp_unit"":""ms""}}"
30,988d445c-690e-4b3e-a54a-fca38f1769d2,29,cell,NR,0,1005935716300,1789620867513,1005932000000,1005932000000,valid_reported_timestamp,3716300,False,True,cached_duplicate,"{""identity"":{""mcc"":""310"",""mnc"":""260"",""nci"":100500,""nrarfcn"":9000,""pci"":555,""tac"":8514},""kind"":""cell"",""rat"":""NR"",""subscription_id"":1}",csi_rsrq_db,csi_rsrq,dB,null,,unavailable,"{""schema"":""atomos.radio.v1"",""session_id"":""988d445c-690e-4b3e-a54a-fca38f1769d2"",""seq"":29,""kind"":""cell"",""received_elapsed_ns"":""1005935716300"",""received_unix_ms"":1789620867513,""source_elapsed_ns"":""1005932000000"",""payload"":{""subscription_id"":1,""rat"":""NR"",""registered"":true,""connection_status"":1,""identity"":{""mcc"":""310"",""mnc"":""260"",""nci"":100500,""tac"":8514,""pci"":555,""nrarfcn"":9000},""signal"":{""dbm"":-107,""ss_rsrp_dbm"":-107,""ss_rsrq_db"":null,""ss_sinr_db"":null,""csi_rsrp_dbm"":null,""csi_rsrq_db"":null,""csi_sinr_db"":null},""origin"":""request"",""subscription_scope"":""query_context"",""source_timestamp_unit"":""ms""}}"
30,988d445c-690e-4b3e-a54a-fca38f1769d2,29,cell,NR,0,1005935716300,1789620867513,1005932000000,1005932000000,valid_reported_timestamp,3716300,False,True,cached_duplicate,"{""identity"":{""mcc"":""310"",""mnc"":""260"",""nci"":100500,""nrarfcn"":9000,""pci"":555,""tac"":8514},""kind"":""cell"",""rat"":""NR"",""subscription_id"":1}",csi_sinr_db,csi_sinr,dB,null,,unavailable,"{""schema"":""atomos.radio.v1"",""session_id"":""988d445c-690e-4b3e-a54a-fca38f1769d2"",""seq"":29,""kind"":""cell"",""received_elapsed_ns"":""1005935716300"",""received_unix_ms"":1789620867513,""source_elapsed_ns"":""1005932000000"",""payload"":{""subscription_id"":1,""rat"":""NR"",""registered"":true,""connection_status"":1,""identity"":{""mcc"":""310"",""mnc"":""260"",""nci"":100500,""tac"":8514,""pci"":555,""nrarfcn"":9000},""signal"":{""dbm"":-107,""ss_rsrp_dbm"":-107,""ss_rsrq_db"":null,""ss_sinr_db"":null,""csi_rsrp_dbm"":null,""csi_rsrq_db"":null,""csi_sinr_db"":null},""origin"":""request"",""subscription_scope"":""query_context"",""source_timestamp_unit"":""ms""}}"
32,988d445c-690e-4b3e-a54a-fca38f1769d2,31,cell,NR,0,1006770072366,1789620868348,1006767000000,1006767000000,valid_reported_timestamp,3072366,False,True,unique_timestamped_observation,"{""identity"":{""mcc"":""310"",""mnc"":""260"",""nci"":100500,""nrarfcn"":9000,""pci"":555,""tac"":8514},""kind"":""cell"",""rat"":""NR"",""subscription_id"":1}",dbm,reported_power,dBm,-112,-112,available,"{""schema"":""atomos.radio.v1"",""session_id"":""988d445c-690e-4b3e-a54a-fca38f1769d2"",""seq"":31,""kind"":""cell"",""received_elapsed_ns"":""1006770072366"",""received_unix_ms"":1789620868348,""source_elapsed_ns"":""1006767000000"",""payload"":{""subscription_id"":1,""rat"":""NR"",""registered"":true,""connection_status"":1,""identity"":{""mcc"":""310"",""mnc"":""260"",""nci"":100500,""tac"":8514,""pci"":555,""nrarfcn"":9000},""signal"":{""dbm"":-112,""ss_rsrp_dbm"":-112,""ss_rsrq_db"":null,""ss_sinr_db"":null,""csi_rsrp_dbm"":null,""csi_rsrq_db"":null,""csi_sinr_db"":null},""origin"":""callback"",""subscription_scope"":""query_context"",""source_timestamp_unit"":""ms""}}"
32,988d445c-690e-4b3e-a54a-fca38f1769d2,31,cell,NR,0,1006770072366,1789620868348,1006767000000,1006767000000,valid_reported_timestamp,3072366,False,True,unique_timestamped_observation,"{""identity"":{""mcc"":""310"",""mnc"":""260"",""nci"":100500,""nrarfcn"":9000,""pci"":555,""tac"":8514},""kind"":""cell"",""rat"":""NR"",""subscription_id"":1}",ss_rsrp_dbm,ss_rsrp,dBm,-112,-112,available,"{""schema"":""atomos.radio.v1"",""session_id"":""988d445c-690e-4b3e-a54a-fca38f1769d2"",""seq"":31,""kind"":""cell"",""received_elapsed_ns"":""1006770072366"",""received_unix_ms"":1789620868348,""source_elapsed_ns"":""1006767000000"",""payload"":{""subscription_id"":1,""rat"":""NR"",""registered"":true,""connection_status"":1,""identity"":{""mcc"":""310"",""mnc"":""260"",""nci"":100500,""tac"":8514,""pci"":555,""nrarfcn"":9000},""signal"":{""dbm"":-112,""ss_rsrp_dbm"":-112,""ss_rsrq_db"":null,""ss_sinr_db"":null,""csi_rsrp_dbm"":null,""csi_rsrq_db"":null,""csi_sinr_db"":null},""origin"":""callback"",""subscription_scope"":""query_context"",""source_timestamp_unit"":""ms""}}"
32,988d445c-690e-4b3e-a54a-fca38f1769d2,31,cell,NR,0,1006770072366,1789620868348,1006767000000,1006767000000,valid_reported_timestamp,3072366,False,True,unique_timestamped_observation,"{""identity"":{""mcc"":""310"",""mnc"":""260"",""nci"":100500,""nrarfcn"":9000,""pci"":555,""tac"":8514},""kind"":""cell"",""rat"":""NR"",""subscription_id"":1}",ss_rsrq_db,ss_rsrq,dB,null,,unavailable,"{""schema"":""atomos.radio.v1"",""session_id"":""988d445c-690e-4b3e-a54a-fca38f1769d2"",""seq"":31,""kind"":""cell"",""received_elapsed_ns"":""1006770072366"",""received_unix_ms"":1789620868348,""source_elapsed_ns"":""1006767000000"",""payload"":{""subscription_id"":1,""rat"":""NR"",""registered"":true,""connection_status"":1,""identity"":{""mcc"":""310"",""mnc"":""260"",""nci"":100500,""tac"":8514,""pci"":555,""nrarfcn"":9000},""signal"":{""dbm"":-112,""ss_rsrp_dbm"":-112,""ss_rsrq_db"":null,""ss_sinr_db"":null,""csi_rsrp_dbm"":null,""csi_rsrq_db"":null,""csi_sinr_db"":null},""origin"":""callback"",""subscription_scope"":""query_context"",""source_timestamp_unit"":""ms""}}"
32,988d445c-690e-4b3e-a54a-fca38f1769d2,31,cell,NR,0,1006770072366,1789620868348,1006767000000,1006767000000,valid_reported_timestamp,3072366,False,True,unique_timestamped_observation,"{""identity"":{""mcc"":""310"",""mnc"":""260"",""nci"":100500,""nrarfcn"":9000,""pci"":555,""tac"":8514},""kind"":""cell"",""rat"":""NR"",""subscription_id"":1}",ss_sinr_db,ss_sinr,dB,null,,unavailable,"{""schema"":""atomos.radio.v1"",""session_id"":""988d445c-690e-4b3e-a54a-fca38f1769d2"",""seq"":31,""kind"":""cell"",""received_elapsed_ns"":""1006770072366"",""received_unix_ms"":1789620868348,""source_elapsed_ns"":""1006767000000"",""payload"":{""subscription_id"":1,""rat"":""NR"",""registered"":true,""connection_status"":1,""identity"":{""mcc"":""310"",""mnc"":""260"",""nci"":100500,""tac"":8514,""pci"":555,""nrarfcn"":9000},""signal"":{""dbm"":-112,""ss_rsrp_dbm"":-112,""ss_rsrq_db"":null,""ss_sinr_db"":null,""csi_rsrp_dbm"":null,""csi_rsrq_db"":null,""csi_sinr_db"":null},""origin"":""callback"",""subscription_scope"":""query_context"",""source_timestamp_unit"":""ms""}}"
32,988d445c-690e-4b3e-a54a-fca38f1769d2,31,cell,NR,0,1006770072366,1789620868348,1006767000000,1006767000000,valid_reported_timestamp,3072366,False,True,unique_timestamped_observation,"{""identity"":{""mcc"":""310"",""mnc"":""260"",""nci"":100500,""nrarfcn"":9000,""pci"":555,""tac"":8514},""kind"":""cell"",""rat"":""NR"",""subscription_id"":1}",csi_rsrp_dbm,csi_rsrp,dBm,null,,unavailable,"{""schema"":""atomos.radio.v1"",""session_id"":""988d445c-690e-4b3e-a54a-fca38f1769d2"",""seq"":31,""kind"":""cell"",""received_elapsed_ns"":""1006770072366"",""received_unix_ms"":1789620868348,""source_elapsed_ns"":""1006767000000"",""payload"":{""subscription_id"":1,""rat"":""NR"",""registered"":true,""connection_status"":1,""identity"":{""mcc"":""310"",""mnc"":""260"",""nci"":100500,""tac"":8514,""pci"":555,""nrarfcn"":9000},""signal"":{""dbm"":-112,""ss_rsrp_dbm"":-112,""ss_rsrq_db"":null,""ss_sinr_db"":null,""csi_rsrp_dbm"":null,""csi_rsrq_db"":null,""csi_sinr_db"":null},""origin"":""callback"",""subscription_scope"":""query_context"",""source_timestamp_unit"":""ms""}}"
32,988d445c-690e-4b3e-a54a-fca38f1769d2,31,cell,NR,0,1006770072366,1789620868348,1006767000000,1006767000000,valid_reported_timestamp,3072366,False,True,unique_timestamped_observation,"{""identity"":{""mcc"":""310"",""mnc"":""260"",""nci"":100500,""nrarfcn"":9000,""pci"":555,""tac"":8514},""kind"":""cell"",""rat"":""NR"",""subscription_id"":1}",csi_rsrq_db,csi_rsrq,dB,null,,unavailable,"{""schema"":""atomos.radio.v1"",""session_id"":""988d445c-690e-4b3e-a54a-fca38f1769d2"",""seq"":31,""kind"":""cell"",""received_elapsed_ns"":""1006770072366"",""received_unix_ms"":1789620868348,""source_elapsed_ns"":""1006767000000"",""payload"":{""subscription_id"":1,""rat"":""NR"",""registered"":true,""connection_status"":1,""identity"":{""mcc"":""310"",""mnc"":""260"",""nci"":100500,""tac"":8514,""pci"":555,""nrarfcn"":9000},""signal"":{""dbm"":-112,""ss_rsrp_dbm"":-112,""ss_rsrq_db"":null,""ss_sinr_db"":null,""csi_rsrp_dbm"":null,""csi_rsrq_db"":null,""csi_sinr_db"":null},""origin"":""callback"",""subscription_scope"":""query_context"",""source_timestamp_unit"":""ms""}}"
32,988d445c-690e-4b3e-a54a-fca38f1769d2,31,cell,NR,0,1006770072366,1789620868348,1006767000000,1006767000000,valid_reported_timestamp,3072366,False,True,unique_timestamped_observation,"{""identity"":{""mcc"":""310"",""mnc"":""260"",""nci"":100500,""nrarfcn"":9000,""pci"":555,""tac"":8514},""kind"":""cell"",""rat"":""NR"",""subscription_id"":1}",csi_sinr_db,csi_sinr,dB,null,,unavailable,"{""schema"":""atomos.radio.v1"",""session_id"":""988d445c-690e-4b3e-a54a-fca38f1769d2"",""seq"":31,""kind"":""cell"",""received_elapsed_ns"":""1006770072366"",""received_unix_ms"":1789620868348,""source_elapsed_ns"":""1006767000000"",""payload"":{""subscription_id"":1,""rat"":""NR"",""registered"":true,""connection_status"":1,""identity"":{""mcc"":""310"",""mnc"":""260"",""nci"":100500,""tac"":8514,""pci"":555,""nrarfcn"":9000},""signal"":{""dbm"":-112,""ss_rsrp_dbm"":-112,""ss_rsrq_db"":null,""ss_sinr_db"":null,""csi_rsrp_dbm"":null,""csi_rsrq_db"":null,""csi_sinr_db"":null},""origin"":""callback"",""subscription_scope"":""query_context"",""source_timestamp_unit"":""ms""}}"
35,988d445c-690e-4b3e-a54a-fca38f1769d2,34,cell,NR,0,1015939643262,1789620877517,1015937000000,1015937000000,valid_reported_timestamp,2643262,False,True,unique_timestamped_observation,"{""identity"":{""mcc"":""310"",""mnc"":""260"",""nci"":100500,""nrarfcn"":9000,""pci"":555,""tac"":8514},""kind"":""cell"",""rat"":""NR"",""subscription_id"":1}",dbm,reported_power,dBm,-112,-112,available,"{""schema"":""atomos.radio.v1"",""session_id"":""988d445c-690e-4b3e-a54a-fca38f1769d2"",""seq"":34,""kind"":""cell"",""received_elapsed_ns"":""1015939643262"",""received_unix_ms"":1789620877517,""source_elapsed_ns"":""1015937000000"",""payload"":{""subscription_id"":1,""rat"":""NR"",""registered"":true,""connection_status"":1,""identity"":{""mcc"":""310"",""mnc"":""260"",""nci"":100500,""tac"":8514,""pci"":555,""nrarfcn"":9000},""signal"":{""dbm"":-112,""ss_rsrp_dbm"":-112,""ss_rsrq_db"":null,""ss_sinr_db"":null,""csi_rsrp_dbm"":null,""csi_rsrq_db"":null,""csi_sinr_db"":null},""origin"":""callback"",""subscription_scope"":""query_context"",""source_timestamp_unit"":""ms""}}"
35,988d445c-690e-4b3e-a54a-fca38f1769d2,34,cell,NR,0,1015939643262,1789620877517,1015937000000,1015937000000,valid_reported_timestamp,2643262,False,True,unique_timestamped_observation,"{""identity"":{""mcc"":""310"",""mnc"":""260"",""nci"":100500,""nrarfcn"":9000,""pci"":555,""tac"":8514},""kind"":""cell"",""rat"":""NR"",""subscription_id"":1}",ss_rsrp_dbm,ss_rsrp,dBm,-112,-112,available,"{""schema"":""atomos.radio.v1"",""session_id"":""988d445c-690e-4b3e-a54a-fca38f1769d2"",""seq"":34,""kind"":""cell"",""received_elapsed_ns"":""1015939643262"",""received_unix_ms"":1789620877517,""source_elapsed_ns"":""1015937000000"",""payload"":{""subscription_id"":1,""rat"":""NR"",""registered"":true,""connection_status"":1,""identity"":{""mcc"":""310"",""mnc"":""260"",""nci"":100500,""tac"":8514,""pci"":555,""nrarfcn"":9000},""signal"":{""dbm"":-112,""ss_rsrp_dbm"":-112,""ss_rsrq_db"":null,""ss_sinr_db"":null,""csi_rsrp_dbm"":null,""csi_rsrq_db"":null,""csi_sinr_db"":null},""origin"":""callback"",""subscription_scope"":""query_context"",""source_timestamp_unit"":""ms""}}"
35,988d445c-690e-4b3e-a54a-fca38f1769d2,34,cell,NR,0,1015939643262,1789620877517,1015937000000,1015937000000,valid_reported_timestamp,2643262,False,True,unique_timestamped_observation,"{""identity"":{""mcc"":""310"",""mnc"":""260"",""nci"":100500,""nrarfcn"":9000,""pci"":555,""tac"":8514},""kind"":""cell"",""rat"":""NR"",""subscription_id"":1}",ss_rsrq_db,ss_rsrq,dB,null,,unavailable,"{""schema"":""atomos.radio.v1"",""session_id"":""988d445c-690e-4b3e-a54a-fca38f1769d2"",""seq"":34,""kind"":""cell"",""received_elapsed_ns"":""1015939643262"",""received_unix_ms"":1789620877517,""source_elapsed_ns"":""1015937000000"",""payload"":{""subscription_id"":1,""rat"":""NR"",""registered"":true,""connection_status"":1,""identity"":{""mcc"":""310"",""mnc"":""260"",""nci"":100500,""tac"":8514,""pci"":555,""nrarfcn"":9000},""signal"":{""dbm"":-112,""ss_rsrp_dbm"":-112,""ss_rsrq_db"":null,""ss_sinr_db"":null,""csi_rsrp_dbm"":null,""csi_rsrq_db"":null,""csi_sinr_db"":null},""origin"":""callback"",""subscription_scope"":""query_context"",""source_timestamp_unit"":""ms""}}"
35,988d445c-690e-4b3e-a54a-fca38f1769d2,34,cell,NR,0,1015939643262,1789620877517,1015937000000,1015937000000,valid_reported_timestamp,2643262,False,True,unique_timestamped_observation,"{""identity"":{""mcc"":""310"",""mnc"":""260"",""nci"":100500,""nrarfcn"":9000,""pci"":555,""tac"":8514},""kind"":""cell"",""rat"":""NR"",""subscription_id"":1}",ss_sinr_db,ss_sinr,dB,null,,unavailable,"{""schema"":""atomos.radio.v1"",""session_id"":""988d445c-690e-4b3e-a54a-fca38f1769d2"",""seq"":34,""kind"":""cell"",""received_elapsed_ns"":""1015939643262"",""received_unix_ms"":1789620877517,""source_elapsed_ns"":""1015937000000"",""payload"":{""subscription_id"":1,""rat"":""NR"",""registered"":true,""connection_status"":1,""identity"":{""mcc"":""310"",""mnc"":""260"",""nci"":100500,""tac"":8514,""pci"":555,""nrarfcn"":9000},""signal"":{""dbm"":-112,""ss_rsrp_dbm"":-112,""ss_rsrq_db"":null,""ss_sinr_db"":null,""csi_rsrp_dbm"":null,""csi_rsrq_db"":null,""csi_sinr_db"":null},""origin"":""callback"",""subscription_scope"":""query_context"",""source_timestamp_unit"":""ms""}}"
35,988d445c-690e-4b3e-a54a-fca38f1769d2,34,cell,NR,0,1015939643262,1789620877517,1015937000000,1015937000000,valid_reported_timestamp,2643262,False,True,unique_timestamped_observation,"{""identity"":{""mcc"":""310"",""mnc"":""260"",""nci"":100500,""nrarfcn"":9000,""pci"":555,""tac"":8514},""kind"":""cell"",""rat"":""NR"",""subscription_id"":1}",csi_rsrp_dbm,csi_rsrp,dBm,null,,unavailable,"{""schema"":""atomos.radio.v1"",""session_id"":""988d445c-690e-4b3e-a54a-fca38f1769d2"",""seq"":34,""kind"":""cell"",""received_elapsed_ns"":""1015939643262"",""received_unix_ms"":1789620877517,""source_elapsed_ns"":""1015937000000"",""payload"":{""subscription_id"":1,""rat"":""NR"",""registered"":true,""connection_status"":1,""identity"":{""mcc"":""310"",""mnc"":""260"",""nci"":100500,""tac"":8514,""pci"":555,""nrarfcn"":9000},""signal"":{""dbm"":-112,""ss_rsrp_dbm"":-112,""ss_rsrq_db"":null,""ss_sinr_db"":null,""csi_rsrp_dbm"":null,""csi_rsrq_db"":null,""csi_sinr_db"":null},""origin"":""callback"",""subscription_scope"":""query_context"",""source_timestamp_unit"":""ms""}}"
35,988d445c-690e-4b3e-a54a-fca38f1769d2,34,cell,NR,0,1015939643262,1789620877517,1015937000000,1015937000000,valid_reported_timestamp,2643262,False,True,unique_timestamped_observation,"{""identity"":{""mcc"":""310"",""mnc"":""260"",""nci"":100500,""nrarfcn"":9000,""pci"":555,""tac"":8514},""kind"":""cell"",""rat"":""NR"",""subscription_id"":1}",csi_rsrq_db,csi_rsrq,dB,null,,unavailable,"{""schema"":""atomos.radio.v1"",""session_id"":""988d445c-690e-4b3e-a54a-fca38f1769d2"",""seq"":34,""kind"":""cell"",""received_elapsed_ns"":""1015939643262"",""received_unix_ms"":1789620877517,""source_elapsed_ns"":""1015937000000"",""payload"":{""subscription_id"":1,""rat"":""NR"",""registered"":true,""connection_status"":1,""identity"":{""mcc"":""310"",""mnc"":""260"",""nci"":100500,""tac"":8514,""pci"":555,""nrarfcn"":9000},""signal"":{""dbm"":-112,""ss_rsrp_dbm"":-112,""ss_rsrq_db"":null,""ss_sinr_db"":null,""csi_rsrp_dbm"":null,""csi_rsrq_db"":null,""csi_sinr_db"":null},""origin"":""callback"",""subscription_scope"":""query_context"",""source_timestamp_unit"":""ms""}}"
35,988d445c-690e-4b3e-a54a-fca38f1769d2,34,cell,NR,0,1015939643262,1789620877517,1015937000000,1015937000000,valid_reported_timestamp,2643262,False,True,unique_timestamped_observation,"{""identity"":{""mcc"":""310"",""mnc"":""260"",""nci"":100500,""nrarfcn"":9000,""pci"":555,""tac"":8514},""kind"":""cell"",""rat"":""NR"",""subscription_id"":1}",csi_sinr_db,csi_sinr,dB,null,,unavailable,"{""schema"":""atomos.radio.v1"",""session_id"":""988d445c-690e-4b3e-a54a-fca38f1769d2"",""seq"":34,""kind"":""cell"",""received_elapsed_ns"":""1015939643262"",""received_unix_ms"":1789620877517,""source_elapsed_ns"":""1015937000000"",""payload"":{""subscription_id"":1,""rat"":""NR"",""registered"":true,""connection_status"":1,""identity"":{""mcc"":""310"",""mnc"":""260"",""nci"":100500,""tac"":8514,""pci"":555,""nrarfcn"":9000},""signal"":{""dbm"":-112,""ss_rsrp_dbm"":-112,""ss_rsrq_db"":null,""ss_sinr_db"":null,""csi_rsrp_dbm"":null,""csi_rsrq_db"":null,""csi_sinr_db"":null},""origin"":""callback"",""subscription_scope"":""query_context"",""source_timestamp_unit"":""ms""}}"
37,988d445c-690e-4b3e-a54a-fca38f1769d2,36,cell,NR,0,1015939778671,1789620877517,1015937000000,1015937000000,valid_reported_timestamp,2778671,False,True,cached_duplicate,"{""identity"":{""mcc"":""310"",""mnc"":""260"",""nci"":100500,""nrarfcn"":9000,""pci"":555,""tac"":8514},""kind"":""cell"",""rat"":""NR"",""subscription_id"":1}",dbm,reported_power,dBm,-112,-112,available,"{""schema"":""atomos.radio.v1"",""session_id"":""988d445c-690e-4b3e-a54a-fca38f1769d2"",""seq"":36,""kind"":""cell"",""received_elapsed_ns"":""1015939778671"",""received_unix_ms"":1789620877517,""source_elapsed_ns"":""1015937000000"",""payload"":{""subscription_id"":1,""rat"":""NR"",""registered"":true,""connection_status"":1,""identity"":{""mcc"":""310"",""mnc"":""260"",""nci"":100500,""tac"":8514,""pci"":555,""nrarfcn"":9000},""signal"":{""dbm"":-112,""ss_rsrp_dbm"":-112,""ss_rsrq_db"":null,""ss_sinr_db"":null,""csi_rsrp_dbm"":null,""csi_rsrq_db"":null,""csi_sinr_db"":null},""origin"":""request"",""subscription_scope"":""query_context"",""source_timestamp_unit"":""ms""}}"
37,988d445c-690e-4b3e-a54a-fca38f1769d2,36,cell,NR,0,1015939778671,1789620877517,1015937000000,1015937000000,valid_reported_timestamp,2778671,False,True,cached_duplicate,"{""identity"":{""mcc"":""310"",""mnc"":""260"",""nci"":100500,""nrarfcn"":9000,""pci"":555,""tac"":8514},""kind"":""cell"",""rat"":""NR"",""subscription_id"":1}",ss_rsrp_dbm,ss_rsrp,dBm,-112,-112,available,"{""schema"":""atomos.radio.v1"",""session_id"":""988d445c-690e-4b3e-a54a-fca38f1769d2"",""seq"":36,""kind"":""cell"",""received_elapsed_ns"":""1015939778671"",""received_unix_ms"":1789620877517,""source_elapsed_ns"":""1015937000000"",""payload"":{""subscription_id"":1,""rat"":""NR"",""registered"":true,""connection_status"":1,""identity"":{""mcc"":""310"",""mnc"":""260"",""nci"":100500,""tac"":8514,""pci"":555,""nrarfcn"":9000},""signal"":{""dbm"":-112,""ss_rsrp_dbm"":-112,""ss_rsrq_db"":null,""ss_sinr_db"":null,""csi_rsrp_dbm"":null,""csi_rsrq_db"":null,""csi_sinr_db"":null},""origin"":""request"",""subscription_scope"":""query_context"",""source_timestamp_unit"":""ms""}}"
37,988d445c-690e-4b3e-a54a-fca38f1769d2,36,cell,NR,0,1015939778671,1789620877517,1015937000000,1015937000000,valid_reported_timestamp,2778671,False,True,cached_duplicate,"{""identity"":{""mcc"":""310"",""mnc"":""260"",""nci"":100500,""nrarfcn"":9000,""pci"":555,""tac"":8514},""kind"":""cell"",""rat"":""NR"",""subscription_id"":1}",ss_rsrq_db,ss_rsrq,dB,null,,unavailable,"{""schema"":""atomos.radio.v1"",""session_id"":""988d445c-690e-4b3e-a54a-fca38f1769d2"",""seq"":36,""kind"":""cell"",""received_elapsed_ns"":""1015939778671"",""received_unix_ms"":1789620877517,""source_elapsed_ns"":""1015937000000"",""payload"":{""subscription_id"":1,""rat"":""NR"",""registered"":true,""connection_status"":1,""identity"":{""mcc"":""310"",""mnc"":""260"",""nci"":100500,""tac"":8514,""pci"":555,""nrarfcn"":9000},""signal"":{""dbm"":-112,""ss_rsrp_dbm"":-112,""ss_rsrq_db"":null,""ss_sinr_db"":null,""csi_rsrp_dbm"":null,""csi_rsrq_db"":null,""csi_sinr_db"":null},""origin"":""request"",""subscription_scope"":""query_context"",""source_timestamp_unit"":""ms""}}"
37,988d445c-690e-4b3e-a54a-fca38f1769d2,36,cell,NR,0,1015939778671,1789620877517,1015937000000,1015937000000,valid_reported_timestamp,2778671,False,True,cached_duplicate,"{""identity"":{""mcc"":""310"",""mnc"":""260"",""nci"":100500,""nrarfcn"":9000,""pci"":555,""tac"":8514},""kind"":""cell"",""rat"":""NR"",""subscription_id"":1}",ss_sinr_db,ss_sinr,dB,null,,unavailable,"{""schema"":""atomos.radio.v1"",""session_id"":""988d445c-690e-4b3e-a54a-fca38f1769d2"",""seq"":36,""kind"":""cell"",""received_elapsed_ns"":""1015939778671"",""received_unix_ms"":1789620877517,""source_elapsed_ns"":""1015937000000"",""payload"":{""subscription_id"":1,""rat"":""NR"",""registered"":true,""connection_status"":1,""identity"":{""mcc"":""310"",""mnc"":""260"",""nci"":100500,""tac"":8514,""pci"":555,""nrarfcn"":9000},""signal"":{""dbm"":-112,""ss_rsrp_dbm"":-112,""ss_rsrq_db"":null,""ss_sinr_db"":null,""csi_rsrp_dbm"":null,""csi_rsrq_db"":null,""csi_sinr_db"":null},""origin"":""request"",""subscription_scope"":""query_context"",""source_timestamp_unit"":""ms""}}"
37,988d445c-690e-4b3e-a54a-fca38f1769d2,36,cell,NR,0,1015939778671,1789620877517,1015937000000,1015937000000,valid_reported_timestamp,2778671,False,True,cached_duplicate,"{""identity"":{""mcc"":""310"",""mnc"":""260"",""nci"":100500,""nrarfcn"":9000,""pci"":555,""tac"":8514},""kind"":""cell"",""rat"":""NR"",""subscription_id"":1}",csi_rsrp_dbm,csi_rsrp,dBm,null,,unavailable,"{""schema"":""atomos.radio.v1"",""session_id"":""988d445c-690e-4b3e-a54a-fca38f1769d2"",""seq"":36,""kind"":""cell"",""received_elapsed_ns"":""1015939778671"",""received_unix_ms"":1789620877517,""source_elapsed_ns"":""1015937000000"",""payload"":{""subscription_id"":1,""rat"":""NR"",""registered"":true,""connection_status"":1,""identity"":{""mcc"":""310"",""mnc"":""260"",""nci"":100500,""tac"":8514,""pci"":555,""nrarfcn"":9000},""signal"":{""dbm"":-112,""ss_rsrp_dbm"":-112,""ss_rsrq_db"":null,""ss_sinr_db"":null,""csi_rsrp_dbm"":null,""csi_rsrq_db"":null,""csi_sinr_db"":null},""origin"":""request"",""subscription_scope"":""query_context"",""source_timestamp_unit"":""ms""}}"
37,988d445c-690e-4b3e-a54a-fca38f1769d2,36,cell,NR,0,1015939778671,1789620877517,1015937000000,1015937000000,valid_reported_timestamp,2778671,False,True,cached_duplicate,"{""identity"":{""mcc"":""310"",""mnc"":""260"",""nci"":100500,""nrarfcn"":9000,""pci"":555,""tac"":8514},""kind"":""cell"",""rat"":""NR"",""subscription_id"":1}",csi_rsrq_db,csi_rsrq,dB,null,,unavailable,"{""schema"":""atomos.radio.v1"",""session_id"":""988d445c-690e-4b3e-a54a-fca38f1769d2"",""seq"":36,""kind"":""cell"",""received_elapsed_ns"":""1015939778671"",""received_unix_ms"":1789620877517,""source_elapsed_ns"":""1015937000000"",""payload"":{""subscription_id"":1,""rat"":""NR"",""registered"":true,""connection_status"":1,""identity"":{""mcc"":""310"",""mnc"":""260"",""nci"":100500,""tac"":8514,""pci"":555,""nrarfcn"":9000},""signal"":{""dbm"":-112,""ss_rsrp_dbm"":-112,""ss_rsrq_db"":null,""ss_sinr_db"":null,""csi_rsrp_dbm"":null,""csi_rsrq_db"":null,""csi_sinr_db"":null},""origin"":""request"",""subscription_scope"":""query_context"",""source_timestamp_unit"":""ms""}}"
37,988d445c-690e-4b3e-a54a-fca38f1769d2,36,cell,NR,0,1015939778671,1789620877517,1015937000000,1015937000000,valid_reported_timestamp,2778671,False,True,cached_duplicate,"{""identity"":{""mcc"":""310"",""mnc"":""260"",""nci"":100500,""nrarfcn"":9000,""pci"":555,""tac"":8514},""kind"":""cell"",""rat"":""NR"",""subscription_id"":1}",csi_sinr_db,csi_sinr,dB,null,,unavailable,"{""schema"":""atomos.radio.v1"",""session_id"":""988d445c-690e-4b3e-a54a-fca38f1769d2"",""seq"":36,""kind"":""cell"",""received_elapsed_ns"":""1015939778671"",""received_unix_ms"":1789620877517,""source_elapsed_ns"":""1015937000000"",""payload"":{""subscription_id"":1,""rat"":""NR"",""registered"":true,""connection_status"":1,""identity"":{""mcc"":""310"",""mnc"":""260"",""nci"":100500,""tac"":8514,""pci"":555,""nrarfcn"":9000},""signal"":{""dbm"":-112,""ss_rsrp_dbm"":-112,""ss_rsrq_db"":null,""ss_sinr_db"":null,""csi_rsrp_dbm"":null,""csi_rsrq_db"":null,""csi_sinr_db"":null},""origin"":""request"",""subscription_scope"":""query_context"",""source_timestamp_unit"":""ms""}}"
39,988d445c-690e-4b3e-a54a-fca38f1769d2,38,cell,NR,0,1016770191704,1789620878348,1016767000000,1016767000000,valid_reported_timestamp,3191704,False,True,unique_timestamped_observation,"{""identity"":{""mcc"":""310"",""mnc"":""260"",""nci"":100500,""nrarfcn"":9000,""pci"":555,""tac"":8514},""kind"":""cell"",""rat"":""NR"",""subscription_id"":1}",dbm,reported_power,dBm,-116,-116,available,"{""schema"":""atomos.radio.v1"",""session_id"":""988d445c-690e-4b3e-a54a-fca38f1769d2"",""seq"":38,""kind"":""cell"",""received_elapsed_ns"":""1016770191704"",""received_unix_ms"":1789620878348,""source_elapsed_ns"":""1016767000000"",""payload"":{""subscription_id"":1,""rat"":""NR"",""registered"":true,""connection_status"":1,""identity"":{""mcc"":""310"",""mnc"":""260"",""nci"":100500,""tac"":8514,""pci"":555,""nrarfcn"":9000},""signal"":{""dbm"":-116,""ss_rsrp_dbm"":-116,""ss_rsrq_db"":null,""ss_sinr_db"":null,""csi_rsrp_dbm"":null,""csi_rsrq_db"":null,""csi_sinr_db"":null},""origin"":""callback"",""subscription_scope"":""query_context"",""source_timestamp_unit"":""ms""}}"
39,988d445c-690e-4b3e-a54a-fca38f1769d2,38,cell,NR,0,1016770191704,1789620878348,1016767000000,1016767000000,valid_reported_timestamp,3191704,False,True,unique_timestamped_observation,"{""identity"":{""mcc"":""310"",""mnc"":""260"",""nci"":100500,""nrarfcn"":9000,""pci"":555,""tac"":8514},""kind"":""cell"",""rat"":""NR"",""subscription_id"":1}",ss_rsrp_dbm,ss_rsrp,dBm,-116,-116,available,"{""schema"":""atomos.radio.v1"",""session_id"":""988d445c-690e-4b3e-a54a-fca38f1769d2"",""seq"":38,""kind"":""cell"",""received_elapsed_ns"":""1016770191704"",""received_unix_ms"":1789620878348,""source_elapsed_ns"":""1016767000000"",""payload"":{""subscription_id"":1,""rat"":""NR"",""registered"":true,""connection_status"":1,""identity"":{""mcc"":""310"",""mnc"":""260"",""nci"":100500,""tac"":8514,""pci"":555,""nrarfcn"":9000},""signal"":{""dbm"":-116,""ss_rsrp_dbm"":-116,""ss_rsrq_db"":null,""ss_sinr_db"":null,""csi_rsrp_dbm"":null,""csi_rsrq_db"":null,""csi_sinr_db"":null},""origin"":""callback"",""subscription_scope"":""query_context"",""source_timestamp_unit"":""ms""}}"
39,988d445c-690e-4b3e-a54a-fca38f1769d2,38,cell,NR,0,1016770191704,1789620878348,1016767000000,1016767000000,valid_reported_timestamp,3191704,False,True,unique_timestamped_observation,"{""identity"":{""mcc"":""310"",""mnc"":""260"",""nci"":100500,""nrarfcn"":9000,""pci"":555,""tac"":8514},""kind"":""cell"",""rat"":""NR"",""subscription_id"":1}",ss_rsrq_db,ss_rsrq,dB,null,,unavailable,"{""schema"":""atomos.radio.v1"",""session_id"":""988d445c-690e-4b3e-a54a-fca38f1769d2"",""seq"":38,""kind"":""cell"",""received_elapsed_ns"":""1016770191704"",""received_unix_ms"":1789620878348,""source_elapsed_ns"":""1016767000000"",""payload"":{""subscription_id"":1,""rat"":""NR"",""registered"":true,""connection_status"":1,""identity"":{""mcc"":""310"",""mnc"":""260"",""nci"":100500,""tac"":8514,""pci"":555,""nrarfcn"":9000},""signal"":{""dbm"":-116,""ss_rsrp_dbm"":-116,""ss_rsrq_db"":null,""ss_sinr_db"":null,""csi_rsrp_dbm"":null,""csi_rsrq_db"":null,""csi_sinr_db"":null},""origin"":""callback"",""subscription_scope"":""query_context"",""source_timestamp_unit"":""ms""}}"
39,988d445c-690e-4b3e-a54a-fca38f1769d2,38,cell,NR,0,1016770191704,1789620878348,1016767000000,1016767000000,valid_reported_timestamp,3191704,False,True,unique_timestamped_observation,"{""identity"":{""mcc"":""310"",""mnc"":""260"",""nci"":100500,""nrarfcn"":9000,""pci"":555,""tac"":8514},""kind"":""cell"",""rat"":""NR"",""subscription_id"":1}",ss_sinr_db,ss_sinr,dB,null,,unavailable,"{""schema"":""atomos.radio.v1"",""session_id"":""988d445c-690e-4b3e-a54a-fca38f1769d2"",""seq"":38,""kind"":""cell"",""received_elapsed_ns"":""1016770191704"",""received_unix_ms"":1789620878348,""source_elapsed_ns"":""1016767000000"",""payload"":{""subscription_id"":1,""rat"":""NR"",""registered"":true,""connection_status"":1,""identity"":{""mcc"":""310"",""mnc"":""260"",""nci"":100500,""tac"":8514,""pci"":555,""nrarfcn"":9000},""signal"":{""dbm"":-116,""ss_rsrp_dbm"":-116,""ss_rsrq_db"":null,""ss_sinr_db"":null,""csi_rsrp_dbm"":null,""csi_rsrq_db"":null,""csi_sinr_db"":null},""origin"":""callback"",""subscription_scope"":""query_context"",""source_timestamp_unit"":""ms""}}"
39,988d445c-690e-4b3e-a54a-fca38f1769d2,38,cell,NR,0,1016770191704,1789620878348,1016767000000,1016767000000,valid_reported_timestamp,3191704,False,True,unique_timestamped_observation,"{""identity"":{""mcc"":""310"",""mnc"":""260"",""nci"":100500,""nrarfcn"":9000,""pci"":555,""tac"":8514},""kind"":""cell"",""rat"":""NR"",""subscription_id"":1}",csi_rsrp_dbm,csi_rsrp,dBm,null,,unavailable,"{""schema"":""atomos.radio.v1"",""session_id"":""988d445c-690e-4b3e-a54a-fca38f1769d2"",""seq"":38,""kind"":""cell"",""received_elapsed_ns"":""1016770191704"",""received_unix_ms"":1789620878348,""source_elapsed_ns"":""1016767000000"",""payload"":{""subscription_id"":1,""rat"":""NR"",""registered"":true,""connection_status"":1,""identity"":{""mcc"":""310"",""mnc"":""260"",""nci"":100500,""tac"":8514,""pci"":555,""nrarfcn"":9000},""signal"":{""dbm"":-116,""ss_rsrp_dbm"":-116,""ss_rsrq_db"":null,""ss_sinr_db"":null,""csi_rsrp_dbm"":null,""csi_rsrq_db"":null,""csi_sinr_db"":null},""origin"":""callback"",""subscription_scope"":""query_context"",""source_timestamp_unit"":""ms""}}"
39,988d445c-690e-4b3e-a54a-fca38f1769d2,38,cell,NR,0,1016770191704,1789620878348,1016767000000,1016767000000,valid_reported_timestamp,3191704,False,True,unique_timestamped_observation,"{""identity"":{""mcc"":""310"",""mnc"":""260"",""nci"":100500,""nrarfcn"":9000,""pci"":555,""tac"":8514},""kind"":""cell"",""rat"":""NR"",""subscription_id"":1}",csi_rsrq_db,csi_rsrq,dB,null,,unavailable,"{""schema"":""atomos.radio.v1"",""session_id"":""988d445c-690e-4b3e-a54a-fca38f1769d2"",""seq"":38,""kind"":""cell"",""received_elapsed_ns"":""1016770191704"",""received_unix_ms"":1789620878348,""source_elapsed_ns"":""1016767000000"",""payload"":{""subscription_id"":1,""rat"":""NR"",""registered"":true,""connection_status"":1,""identity"":{""mcc"":""310"",""mnc"":""260"",""nci"":100500,""tac"":8514,""pci"":555,""nrarfcn"":9000},""signal"":{""dbm"":-116,""ss_rsrp_dbm"":-116,""ss_rsrq_db"":null,""ss_sinr_db"":null,""csi_rsrp_dbm"":null,""csi_rsrq_db"":null,""csi_sinr_db"":null},""origin"":""callback"",""subscription_scope"":""query_context"",""source_timestamp_unit"":""ms""}}"
39,988d445c-690e-4b3e-a54a-fca38f1769d2,38,cell,NR,0,1016770191704,1789620878348,1016767000000,1016767000000,valid_reported_timestamp,3191704,False,True,unique_timestamped_observation,"{""identity"":{""mcc"":""310"",""mnc"":""260"",""nci"":100500,""nrarfcn"":9000,""pci"":555,""tac"":8514},""kind"":""cell"",""rat"":""NR"",""subscription_id"":1}",csi_sinr_db,csi_sinr,dB,null,,unavailable,"{""schema"":""atomos.radio.v1"",""session_id"":""988d445c-690e-4b3e-a54a-fca38f1769d2"",""seq"":38,""kind"":""cell"",""received_elapsed_ns"":""1016770191704"",""received_unix_ms"":1789620878348,""source_elapsed_ns"":""1016767000000"",""payload"":{""subscription_id"":1,""rat"":""NR"",""registered"":true,""connection_status"":1,""identity"":{""mcc"":""310"",""mnc"":""260"",""nci"":100500,""tac"":8514,""pci"":555,""nrarfcn"":9000},""signal"":{""dbm"":-116,""ss_rsrp_dbm"":-116,""ss_rsrq_db"":null,""ss_sinr_db"":null,""csi_rsrp_dbm"":null,""csi_rsrq_db"":null,""csi_sinr_db"":null},""origin"":""callback"",""subscription_scope"":""query_context"",""source_timestamp_unit"":""ms""}}"
42,988d445c-690e-4b3e-a54a-fca38f1769d2,41,wifi,WIFI,0,1025189938994,1789620886768,1024577068000,1024577068000,valid_reported_timestamp,612870994,False,True,unique_timestamped_observation,"{""bssid"":""00:13:10:85:fe:01"",""frequency_mhz"":2447,""kind"":""wifi""}",rssi_dbm,rssi,dBm,-50,-50,available,"{""schema"":""atomos.radio.v1"",""session_id"":""988d445c-690e-4b3e-a54a-fca38f1769d2"",""seq"":41,""kind"":""wifi"",""received_elapsed_ns"":""1025189938994"",""received_unix_ms"":1789620886768,""source_elapsed_ns"":""1024577068000"",""payload"":{""ssid"":""AndroidWifi"",""bssid"":""00:13:10:85:fe:01"",""frequency_mhz"":2447,""channel_width"":0,""center_frequency0_mhz"":2447,""center_frequency1_mhz"":0,""rssi_dbm"":-50,""capabilities"":""[ESS]"",""batch_id"":3,""origin"":""broadcast"",""results_updated"":true,""source_timestamp_unit"":""us""}}"
45,988d445c-690e-4b3e-a54a-fca38f1769d2,44,cell,NR,0,1025944402587,1789620887522,1025941000000,1025941000000,valid_reported_timestamp,3402587,False,True,unique_timestamped_observation,"{""identity"":{""mcc"":""310"",""mnc"":""260"",""nci"":100500,""nrarfcn"":9000,""pci"":555,""tac"":8514},""kind"":""cell"",""rat"":""NR"",""subscription_id"":1}",dbm,reported_power,dBm,-116,-116,available,"{""schema"":""atomos.radio.v1"",""session_id"":""988d445c-690e-4b3e-a54a-fca38f1769d2"",""seq"":44,""kind"":""cell"",""received_elapsed_ns"":""1025944402587"",""received_unix_ms"":1789620887522,""source_elapsed_ns"":""1025941000000"",""payload"":{""subscription_id"":1,""rat"":""NR"",""registered"":true,""connection_status"":1,""identity"":{""mcc"":""310"",""mnc"":""260"",""nci"":100500,""tac"":8514,""pci"":555,""nrarfcn"":9000},""signal"":{""dbm"":-116,""ss_rsrp_dbm"":-116,""ss_rsrq_db"":null,""ss_sinr_db"":null,""csi_rsrp_dbm"":null,""csi_rsrq_db"":null,""csi_sinr_db"":null},""origin"":""callback"",""subscription_scope"":""query_context"",""source_timestamp_unit"":""ms""}}"
45,988d445c-690e-4b3e-a54a-fca38f1769d2,44,cell,NR,0,1025944402587,1789620887522,1025941000000,1025941000000,valid_reported_timestamp,3402587,False,True,unique_timestamped_observation,"{""identity"":{""mcc"":""310"",""mnc"":""260"",""nci"":100500,""nrarfcn"":9000,""pci"":555,""tac"":8514},""kind"":""cell"",""rat"":""NR"",""subscription_id"":1}",ss_rsrp_dbm,ss_rsrp,dBm,-116,-116,available,"{""schema"":""atomos.radio.v1"",""session_id"":""988d445c-690e-4b3e-a54a-fca38f1769d2"",""seq"":44,""kind"":""cell"",""received_elapsed_ns"":""1025944402587"",""received_unix_ms"":1789620887522,""source_elapsed_ns"":""1025941000000"",""payload"":{""subscription_id"":1,""rat"":""NR"",""registered"":true,""connection_status"":1,""identity"":{""mcc"":""310"",""mnc"":""260"",""nci"":100500,""tac"":8514,""pci"":555,""nrarfcn"":9000},""signal"":{""dbm"":-116,""ss_rsrp_dbm"":-116,""ss_rsrq_db"":null,""ss_sinr_db"":null,""csi_rsrp_dbm"":null,""csi_rsrq_db"":null,""csi_sinr_db"":null},""origin"":""callback"",""subscription_scope"":""query_context"",""source_timestamp_unit"":""ms""}}"
45,988d445c-690e-4b3e-a54a-fca38f1769d2,44,cell,NR,0,1025944402587,1789620887522,1025941000000,1025941000000,valid_reported_timestamp,3402587,False,True,unique_timestamped_observation,"{""identity"":{""mcc"":""310"",""mnc"":""260"",""nci"":100500,""nrarfcn"":9000,""pci"":555,""tac"":8514},""kind"":""cell"",""rat"":""NR"",""subscription_id"":1}",ss_rsrq_db,ss_rsrq,dB,null,,unavailable,"{""schema"":""atomos.radio.v1"",""session_id"":""988d445c-690e-4b3e-a54a-fca38f1769d2"",""seq"":44,""kind"":""cell"",""received_elapsed_ns"":""1025944402587"",""received_unix_ms"":1789620887522,""source_elapsed_ns"":""1025941000000"",""payload"":{""subscription_id"":1,""rat"":""NR"",""registered"":true,""connection_status"":1,""identity"":{""mcc"":""310"",""mnc"":""260"",""nci"":100500,""tac"":8514,""pci"":555,""nrarfcn"":9000},""signal"":{""dbm"":-116,""ss_rsrp_dbm"":-116,""ss_rsrq_db"":null,""ss_sinr_db"":null,""csi_rsrp_dbm"":null,""csi_rsrq_db"":null,""csi_sinr_db"":null},""origin"":""callback"",""subscription_scope"":""query_context"",""source_timestamp_unit"":""ms""}}"
45,988d445c-690e-4b3e-a54a-fca38f1769d2,44,cell,NR,0,1025944402587,1789620887522,1025941000000,1025941000000,valid_reported_timestamp,3402587,False,True,unique_timestamped_observation,"{""identity"":{""mcc"":""310"",""mnc"":""260"",""nci"":100500,""nrarfcn"":9000,""pci"":555,""tac"":8514},""kind"":""cell"",""rat"":""NR"",""subscription_id"":1}",ss_sinr_db,ss_sinr,dB,null,,unavailable,"{""schema"":""atomos.radio.v1"",""session_id"":""988d445c-690e-4b3e-a54a-fca38f1769d2"",""seq"":44,""kind"":""cell"",""received_elapsed_ns"":""1025944402587"",""received_unix_ms"":1789620887522,""source_elapsed_ns"":""1025941000000"",""payload"":{""subscription_id"":1,""rat"":""NR"",""registered"":true,""connection_status"":1,""identity"":{""mcc"":""310"",""mnc"":""260"",""nci"":100500,""tac"":8514,""pci"":555,""nrarfcn"":9000},""signal"":{""dbm"":-116,""ss_rsrp_dbm"":-116,""ss_rsrq_db"":null,""ss_sinr_db"":null,""csi_rsrp_dbm"":null,""csi_rsrq_db"":null,""csi_sinr_db"":null},""origin"":""callback"",""subscription_scope"":""query_context"",""source_timestamp_unit"":""ms""}}"
45,988d445c-690e-4b3e-a54a-fca38f1769d2,44,cell,NR,0,1025944402587,1789620887522,1025941000000,1025941000000,valid_reported_timestamp,3402587,False,True,unique_timestamped_observation,"{""identity"":{""mcc"":""310"",""mnc"":""260"",""nci"":100500,""nrarfcn"":9000,""pci"":555,""tac"":8514},""kind"":""cell"",""rat"":""NR"",""subscription_id"":1}",csi_rsrp_dbm,csi_rsrp,dBm,null,,unavailable,"{""schema"":""atomos.radio.v1"",""session_id"":""988d445c-690e-4b3e-a54a-fca38f1769d2"",""seq"":44,""kind"":""cell"",""received_elapsed_ns"":""1025944402587"",""received_unix_ms"":1789620887522,""source_elapsed_ns"":""1025941000000"",""payload"":{""subscription_id"":1,""rat"":""NR"",""registered"":true,""connection_status"":1,""identity"":{""mcc"":""310"",""mnc"":""260"",""nci"":100500,""tac"":8514,""pci"":555,""nrarfcn"":9000},""signal"":{""dbm"":-116,""ss_rsrp_dbm"":-116,""ss_rsrq_db"":null,""ss_sinr_db"":null,""csi_rsrp_dbm"":null,""csi_rsrq_db"":null,""csi_sinr_db"":null},""origin"":""callback"",""subscription_scope"":""query_context"",""source_timestamp_unit"":""ms""}}"
45,988d445c-690e-4b3e-a54a-fca38f1769d2,44,cell,NR,0,1025944402587,1789620887522,1025941000000,1025941000000,valid_reported_timestamp,3402587,False,True,unique_timestamped_observation,"{""identity"":{""mcc"":""310"",""mnc"":""260"",""nci"":100500,""nrarfcn"":9000,""pci"":555,""tac"":8514},""kind"":""cell"",""rat"":""NR"",""subscription_id"":1}",csi_rsrq_db,csi_rsrq,dB,null,,unavailable,"{""schema"":""atomos.radio.v1"",""session_id"":""988d445c-690e-4b3e-a54a-fca38f1769d2"",""seq"":44,""kind"":""cell"",""received_elapsed_ns"":""1025944402587"",""received_unix_ms"":1789620887522,""source_elapsed_ns"":""1025941000000"",""payload"":{""subscription_id"":1,""rat"":""NR"",""registered"":true,""connection_status"":1,""identity"":{""mcc"":""310"",""mnc"":""260"",""nci"":100500,""tac"":8514,""pci"":555,""nrarfcn"":9000},""signal"":{""dbm"":-116,""ss_rsrp_dbm"":-116,""ss_rsrq_db"":null,""ss_sinr_db"":null,""csi_rsrp_dbm"":null,""csi_rsrq_db"":null,""csi_sinr_db"":null},""origin"":""callback"",""subscription_scope"":""query_context"",""source_timestamp_unit"":""ms""}}"
45,988d445c-690e-4b3e-a54a-fca38f1769d2,44,cell,NR,0,1025944402587,1789620887522,1025941000000,1025941000000,valid_reported_timestamp,3402587,False,True,unique_timestamped_observation,"{""identity"":{""mcc"":""310"",""mnc"":""260"",""nci"":100500,""nrarfcn"":9000,""pci"":555,""tac"":8514},""kind"":""cell"",""rat"":""NR"",""subscription_id"":1}",csi_sinr_db,csi_sinr,dB,null,,unavailable,"{""schema"":""atomos.radio.v1"",""session_id"":""988d445c-690e-4b3e-a54a-fca38f1769d2"",""seq"":44,""kind"":""cell"",""received_elapsed_ns"":""1025944402587"",""received_unix_ms"":1789620887522,""source_elapsed_ns"":""1025941000000"",""payload"":{""subscription_id"":1,""rat"":""NR"",""registered"":true,""connection_status"":1,""identity"":{""mcc"":""310"",""mnc"":""260"",""nci"":100500,""tac"":8514,""pci"":555,""nrarfcn"":9000},""signal"":{""dbm"":-116,""ss_rsrp_dbm"":-116,""ss_rsrq_db"":null,""ss_sinr_db"":null,""csi_rsrp_dbm"":null,""csi_rsrq_db"":null,""csi_sinr_db"":null},""origin"":""callback"",""subscription_scope"":""query_context"",""source_timestamp_unit"":""ms""}}"
47,988d445c-690e-4b3e-a54a-fca38f1769d2,46,cell,NR,0,1025944513473,1789620887522,1025941000000,1025941000000,valid_reported_timestamp,3513473,False,True,cached_duplicate,"{""identity"":{""mcc"":""310"",""mnc"":""260"",""nci"":100500,""nrarfcn"":9000,""pci"":555,""tac"":8514},""kind"":""cell"",""rat"":""NR"",""subscription_id"":1}",dbm,reported_power,dBm,-116,-116,available,"{""schema"":""atomos.radio.v1"",""session_id"":""988d445c-690e-4b3e-a54a-fca38f1769d2"",""seq"":46,""kind"":""cell"",""received_elapsed_ns"":""1025944513473"",""received_unix_ms"":1789620887522,""source_elapsed_ns"":""1025941000000"",""payload"":{""subscription_id"":1,""rat"":""NR"",""registered"":true,""connection_status"":1,""identity"":{""mcc"":""310"",""mnc"":""260"",""nci"":100500,""tac"":8514,""pci"":555,""nrarfcn"":9000},""signal"":{""dbm"":-116,""ss_rsrp_dbm"":-116,""ss_rsrq_db"":null,""ss_sinr_db"":null,""csi_rsrp_dbm"":null,""csi_rsrq_db"":null,""csi_sinr_db"":null},""origin"":""request"",""subscription_scope"":""query_context"",""source_timestamp_unit"":""ms""}}"
47,988d445c-690e-4b3e-a54a-fca38f1769d2,46,cell,NR,0,1025944513473,1789620887522,1025941000000,1025941000000,valid_reported_timestamp,3513473,False,True,cached_duplicate,"{""identity"":{""mcc"":""310"",""mnc"":""260"",""nci"":100500,""nrarfcn"":9000,""pci"":555,""tac"":8514},""kind"":""cell"",""rat"":""NR"",""subscription_id"":1}",ss_rsrp_dbm,ss_rsrp,dBm,-116,-116,available,"{""schema"":""atomos.radio.v1"",""session_id"":""988d445c-690e-4b3e-a54a-fca38f1769d2"",""seq"":46,""kind"":""cell"",""received_elapsed_ns"":""1025944513473"",""received_unix_ms"":1789620887522,""source_elapsed_ns"":""1025941000000"",""payload"":{""subscription_id"":1,""rat"":""NR"",""registered"":true,""connection_status"":1,""identity"":{""mcc"":""310"",""mnc"":""260"",""nci"":100500,""tac"":8514,""pci"":555,""nrarfcn"":9000},""signal"":{""dbm"":-116,""ss_rsrp_dbm"":-116,""ss_rsrq_db"":null,""ss_sinr_db"":null,""csi_rsrp_dbm"":null,""csi_rsrq_db"":null,""csi_sinr_db"":null},""origin"":""request"",""subscription_scope"":""query_context"",""source_timestamp_unit"":""ms""}}"
47,988d445c-690e-4b3e-a54a-fca38f1769d2,46,cell,NR,0,1025944513473,1789620887522,1025941000000,1025941000000,valid_reported_timestamp,3513473,False,True,cached_duplicate,"{""identity"":{""mcc"":""310"",""mnc"":""260"",""nci"":100500,""nrarfcn"":9000,""pci"":555,""tac"":8514},""kind"":""cell"",""rat"":""NR"",""subscription_id"":1}",ss_rsrq_db,ss_rsrq,dB,null,,unavailable,"{""schema"":""atomos.radio.v1"",""session_id"":""988d445c-690e-4b3e-a54a-fca38f1769d2"",""seq"":46,""kind"":""cell"",""received_elapsed_ns"":""1025944513473"",""received_unix_ms"":1789620887522,""source_elapsed_ns"":""1025941000000"",""payload"":{""subscription_id"":1,""rat"":""NR"",""registered"":true,""connection_status"":1,""identity"":{""mcc"":""310"",""mnc"":""260"",""nci"":100500,""tac"":8514,""pci"":555,""nrarfcn"":9000},""signal"":{""dbm"":-116,""ss_rsrp_dbm"":-116,""ss_rsrq_db"":null,""ss_sinr_db"":null,""csi_rsrp_dbm"":null,""csi_rsrq_db"":null,""csi_sinr_db"":null},""origin"":""request"",""subscription_scope"":""query_context"",""source_timestamp_unit"":""ms""}}"
47,988d445c-690e-4b3e-a54a-fca38f1769d2,46,cell,NR,0,1025944513473,1789620887522,1025941000000,1025941000000,valid_reported_timestamp,3513473,False,True,cached_duplicate,"{""identity"":{""mcc"":""310"",""mnc"":""260"",""nci"":100500,""nrarfcn"":9000,""pci"":555,""tac"":8514},""kind"":""cell"",""rat"":""NR"",""subscription_id"":1}",ss_sinr_db,ss_sinr,dB,null,,unavailable,"{""schema"":""atomos.radio.v1"",""session_id"":""988d445c-690e-4b3e-a54a-fca38f1769d2"",""seq"":46,""kind"":""cell"",""received_elapsed_ns"":""1025944513473"",""received_unix_ms"":1789620887522,""source_elapsed_ns"":""1025941000000"",""payload"":{""subscription_id"":1,""rat"":""NR"",""registered"":true,""connection_status"":1,""identity"":{""mcc"":""310"",""mnc"":""260"",""nci"":100500,""tac"":8514,""pci"":555,""nrarfcn"":9000},""signal"":{""dbm"":-116,""ss_rsrp_dbm"":-116,""ss_rsrq_db"":null,""ss_sinr_db"":null,""csi_rsrp_dbm"":null,""csi_rsrq_db"":null,""csi_sinr_db"":null},""origin"":""request"",""subscription_scope"":""query_context"",""source_timestamp_unit"":""ms""}}"
47,988d445c-690e-4b3e-a54a-fca38f1769d2,46,cell,NR,0,1025944513473,1789620887522,1025941000000,1025941000000,valid_reported_timestamp,3513473,False,True,cached_duplicate,"{""identity"":{""mcc"":""310"",""mnc"":""260"",""nci"":100500,""nrarfcn"":9000,""pci"":555,""tac"":8514},""kind"":""cell"",""rat"":""NR"",""subscription_id"":1}",csi_rsrp_dbm,csi_rsrp,dBm,null,,unavailable,"{""schema"":""atomos.radio.v1"",""session_id"":""988d445c-690e-4b3e-a54a-fca38f1769d2"",""seq"":46,""kind"":""cell"",""received_elapsed_ns"":""1025944513473"",""received_unix_ms"":1789620887522,""source_elapsed_ns"":""1025941000000"",""payload"":{""subscription_id"":1,""rat"":""NR"",""registered"":true,""connection_status"":1,""identity"":{""mcc"":""310"",""mnc"":""260"",""nci"":100500,""tac"":8514,""pci"":555,""nrarfcn"":9000},""signal"":{""dbm"":-116,""ss_rsrp_dbm"":-116,""ss_rsrq_db"":null,""ss_sinr_db"":null,""csi_rsrp_dbm"":null,""csi_rsrq_db"":null,""csi_sinr_db"":null},""origin"":""request"",""subscription_scope"":""query_context"",""source_timestamp_unit"":""ms""}}"
47,988d445c-690e-4b3e-a54a-fca38f1769d2,46,cell,NR,0,1025944513473,1789620887522,1025941000000,1025941000000,valid_reported_timestamp,3513473,False,True,cached_duplicate,"{""identity"":{""mcc"":""310"",""mnc"":""260"",""nci"":100500,""nrarfcn"":9000,""pci"":555,""tac"":8514},""kind"":""cell"",""rat"":""NR"",""subscription_id"":1}",csi_rsrq_db,csi_rsrq,dB,null,,unavailable,"{""schema"":""atomos.radio.v1"",""session_id"":""988d445c-690e-4b3e-a54a-fca38f1769d2"",""seq"":46,""kind"":""cell"",""received_elapsed_ns"":""1025944513473"",""received_unix_ms"":1789620887522,""source_elapsed_ns"":""1025941000000"",""payload"":{""subscription_id"":1,""rat"":""NR"",""registered"":true,""connection_status"":1,""identity"":{""mcc"":""310"",""mnc"":""260"",""nci"":100500,""tac"":8514,""pci"":555,""nrarfcn"":9000},""signal"":{""dbm"":-116,""ss_rsrp_dbm"":-116,""ss_rsrq_db"":null,""ss_sinr_db"":null,""csi_rsrp_dbm"":null,""csi_rsrq_db"":null,""csi_sinr_db"":null},""origin"":""request"",""subscription_scope"":""query_context"",""source_timestamp_unit"":""ms""}}"
47,988d445c-690e-4b3e-a54a-fca38f1769d2,46,cell,NR,0,1025944513473,1789620887522,1025941000000,1025941000000,valid_reported_timestamp,3513473,False,True,cached_duplicate,"{""identity"":{""mcc"":""310"",""mnc"":""260"",""nci"":100500,""nrarfcn"":9000,""pci"":555,""tac"":8514},""kind"":""cell"",""rat"":""NR"",""subscription_id"":1}",csi_sinr_db,csi_sinr,dB,null,,unavailable,"{""schema"":""atomos.radio.v1"",""session_id"":""988d445c-690e-4b3e-a54a-fca38f1769d2"",""seq"":46,""kind"":""cell"",""received_elapsed_ns"":""1025944513473"",""received_unix_ms"":1789620887522,""source_elapsed_ns"":""1025941000000"",""payload"":{""subscription_id"":1,""rat"":""NR"",""registered"":true,""connection_status"":1,""identity"":{""mcc"":""310"",""mnc"":""260"",""nci"":100500,""tac"":8514,""pci"":555,""nrarfcn"":9000},""signal"":{""dbm"":-116,""ss_rsrp_dbm"":-116,""ss_rsrq_db"":null,""ss_sinr_db"":null,""csi_rsrp_dbm"":null,""csi_rsrq_db"":null,""csi_sinr_db"":null},""origin"":""request"",""subscription_scope"":""query_context"",""source_timestamp_unit"":""ms""}}"
49,988d445c-690e-4b3e-a54a-fca38f1769d2,48,cell,NR,0,1026770477565,1789620888348,1026767000000,1026767000000,valid_reported_timestamp,3477565,False,True,unique_timestamped_observation,"{""identity"":{""mcc"":""310"",""mnc"":""260"",""nci"":100500,""nrarfcn"":9000,""pci"":555,""tac"":8514},""kind"":""cell"",""rat"":""NR"",""subscription_id"":1}",dbm,reported_power,dBm,-121,-121,available,"{""schema"":""atomos.radio.v1"",""session_id"":""988d445c-690e-4b3e-a54a-fca38f1769d2"",""seq"":48,""kind"":""cell"",""received_elapsed_ns"":""1026770477565"",""received_unix_ms"":1789620888348,""source_elapsed_ns"":""1026767000000"",""payload"":{""subscription_id"":1,""rat"":""NR"",""registered"":true,""connection_status"":1,""identity"":{""mcc"":""310"",""mnc"":""260"",""nci"":100500,""tac"":8514,""pci"":555,""nrarfcn"":9000},""signal"":{""dbm"":-121,""ss_rsrp_dbm"":-121,""ss_rsrq_db"":null,""ss_sinr_db"":null,""csi_rsrp_dbm"":null,""csi_rsrq_db"":null,""csi_sinr_db"":null},""origin"":""callback"",""subscription_scope"":""query_context"",""source_timestamp_unit"":""ms""}}"
49,988d445c-690e-4b3e-a54a-fca38f1769d2,48,cell,NR,0,1026770477565,1789620888348,1026767000000,1026767000000,valid_reported_timestamp,3477565,False,True,unique_timestamped_observation,"{""identity"":{""mcc"":""310"",""mnc"":""260"",""nci"":100500,""nrarfcn"":9000,""pci"":555,""tac"":8514},""kind"":""cell"",""rat"":""NR"",""subscription_id"":1}",ss_rsrp_dbm,ss_rsrp,dBm,-121,-121,available,"{""schema"":""atomos.radio.v1"",""session_id"":""988d445c-690e-4b3e-a54a-fca38f1769d2"",""seq"":48,""kind"":""cell"",""received_elapsed_ns"":""1026770477565"",""received_unix_ms"":1789620888348,""source_elapsed_ns"":""1026767000000"",""payload"":{""subscription_id"":1,""rat"":""NR"",""registered"":true,""connection_status"":1,""identity"":{""mcc"":""310"",""mnc"":""260"",""nci"":100500,""tac"":8514,""pci"":555,""nrarfcn"":9000},""signal"":{""dbm"":-121,""ss_rsrp_dbm"":-121,""ss_rsrq_db"":null,""ss_sinr_db"":null,""csi_rsrp_dbm"":null,""csi_rsrq_db"":null,""csi_sinr_db"":null},""origin"":""callback"",""subscription_scope"":""query_context"",""source_timestamp_unit"":""ms""}}"
49,988d445c-690e-4b3e-a54a-fca38f1769d2,48,cell,NR,0,1026770477565,1789620888348,1026767000000,1026767000000,valid_reported_timestamp,3477565,False,True,unique_timestamped_observation,"{""identity"":{""mcc"":""310"",""mnc"":""260"",""nci"":100500,""nrarfcn"":9000,""pci"":555,""tac"":8514},""kind"":""cell"",""rat"":""NR"",""subscription_id"":1}",ss_rsrq_db,ss_rsrq,dB,null,,unavailable,"{""schema"":""atomos.radio.v1"",""session_id"":""988d445c-690e-4b3e-a54a-fca38f1769d2"",""seq"":48,""kind"":""cell"",""received_elapsed_ns"":""1026770477565"",""received_unix_ms"":1789620888348,""source_elapsed_ns"":""1026767000000"",""payload"":{""subscription_id"":1,""rat"":""NR"",""registered"":true,""connection_status"":1,""identity"":{""mcc"":""310"",""mnc"":""260"",""nci"":100500,""tac"":8514,""pci"":555,""nrarfcn"":9000},""signal"":{""dbm"":-121,""ss_rsrp_dbm"":-121,""ss_rsrq_db"":null,""ss_sinr_db"":null,""csi_rsrp_dbm"":null,""csi_rsrq_db"":null,""csi_sinr_db"":null},""origin"":""callback"",""subscription_scope"":""query_context"",""source_timestamp_unit"":""ms""}}"
49,988d445c-690e-4b3e-a54a-fca38f1769d2,48,cell,NR,0,1026770477565,1789620888348,1026767000000,1026767000000,valid_reported_timestamp,3477565,False,True,unique_timestamped_observation,"{""identity"":{""mcc"":""310"",""mnc"":""260"",""nci"":100500,""nrarfcn"":9000,""pci"":555,""tac"":8514},""kind"":""cell"",""rat"":""NR"",""subscription_id"":1}",ss_sinr_db,ss_sinr,dB,null,,unavailable,"{""schema"":""atomos.radio.v1"",""session_id"":""988d445c-690e-4b3e-a54a-fca38f1769d2"",""seq"":48,""kind"":""cell"",""received_elapsed_ns"":""1026770477565"",""received_unix_ms"":1789620888348,""source_elapsed_ns"":""1026767000000"",""payload"":{""subscription_id"":1,""rat"":""NR"",""registered"":true,""connection_status"":1,""identity"":{""mcc"":""310"",""mnc"":""260"",""nci"":100500,""tac"":8514,""pci"":555,""nrarfcn"":9000},""signal"":{""dbm"":-121,""ss_rsrp_dbm"":-121,""ss_rsrq_db"":null,""ss_sinr_db"":null,""csi_rsrp_dbm"":null,""csi_rsrq_db"":null,""csi_sinr_db"":null},""origin"":""callback"",""subscription_scope"":""query_context"",""source_timestamp_unit"":""ms""}}"
49,988d445c-690e-4b3e-a54a-fca38f1769d2,48,cell,NR,0,1026770477565,1789620888348,1026767000000,1026767000000,valid_reported_timestamp,3477565,False,True,unique_timestamped_observation,"{""identity"":{""mcc"":""310"",""mnc"":""260"",""nci"":100500,""nrarfcn"":9000,""pci"":555,""tac"":8514},""kind"":""cell"",""rat"":""NR"",""subscription_id"":1}",csi_rsrp_dbm,csi_rsrp,dBm,null,,unavailable,"{""schema"":""atomos.radio.v1"",""session_id"":""988d445c-690e-4b3e-a54a-fca38f1769d2"",""seq"":48,""kind"":""cell"",""received_elapsed_ns"":""1026770477565"",""received_unix_ms"":1789620888348,""source_elapsed_ns"":""1026767000000"",""payload"":{""subscription_id"":1,""rat"":""NR"",""registered"":true,""connection_status"":1,""identity"":{""mcc"":""310"",""mnc"":""260"",""nci"":100500,""tac"":8514,""pci"":555,""nrarfcn"":9000},""signal"":{""dbm"":-121,""ss_rsrp_dbm"":-121,""ss_rsrq_db"":null,""ss_sinr_db"":null,""csi_rsrp_dbm"":null,""csi_rsrq_db"":null,""csi_sinr_db"":null},""origin"":""callback"",""subscription_scope"":""query_context"",""source_timestamp_unit"":""ms""}}"
49,988d445c-690e-4b3e-a54a-fca38f1769d2,48,cell,NR,0,1026770477565,1789620888348,1026767000000,1026767000000,valid_reported_timestamp,3477565,False,True,unique_timestamped_observation,"{""identity"":{""mcc"":""310"",""mnc"":""260"",""nci"":100500,""nrarfcn"":9000,""pci"":555,""tac"":8514},""kind"":""cell"",""rat"":""NR"",""subscription_id"":1}",csi_rsrq_db,csi_rsrq,dB,null,,unavailable,"{""schema"":""atomos.radio.v1"",""session_id"":""988d445c-690e-4b3e-a54a-fca38f1769d2"",""seq"":48,""kind"":""cell"",""received_elapsed_ns"":""1026770477565"",""received_unix_ms"":1789620888348,""source_elapsed_ns"":""1026767000000"",""payload"":{""subscription_id"":1,""rat"":""NR"",""registered"":true,""connection_status"":1,""identity"":{""mcc"":""310"",""mnc"":""260"",""nci"":100500,""tac"":8514,""pci"":555,""nrarfcn"":9000},""signal"":{""dbm"":-121,""ss_rsrp_dbm"":-121,""ss_rsrq_db"":null,""ss_sinr_db"":null,""csi_rsrp_dbm"":null,""csi_rsrq_db"":null,""csi_sinr_db"":null},""origin"":""callback"",""subscription_scope"":""query_context"",""source_timestamp_unit"":""ms""}}"
49,988d445c-690e-4b3e-a54a-fca38f1769d2,48,cell,NR,0,1026770477565,1789620888348,1026767000000,1026767000000,valid_reported_timestamp,3477565,False,True,unique_timestamped_observation,"{""identity"":{""mcc"":""310"",""mnc"":""260"",""nci"":100500,""nrarfcn"":9000,""pci"":555,""tac"":8514},""kind"":""cell"",""rat"":""NR"",""subscription_id"":1}",csi_sinr_db,csi_sinr,dB,null,,unavailable,"{""schema"":""atomos.radio.v1"",""session_id"":""988d445c-690e-4b3e-a54a-fca38f1769d2"",""seq"":48,""kind"":""cell"",""received_elapsed_ns"":""1026770477565"",""received_unix_ms"":1789620888348,""source_elapsed_ns"":""1026767000000"",""payload"":{""subscription_id"":1,""rat"":""NR"",""registered"":true,""connection_status"":1,""identity"":{""mcc"":""310"",""mnc"":""260"",""nci"":100500,""tac"":8514,""pci"":555,""nrarfcn"":9000},""signal"":{""dbm"":-121,""ss_rsrp_dbm"":-121,""ss_rsrq_db"":null,""ss_sinr_db"":null,""csi_rsrp_dbm"":null,""csi_rsrq_db"":null,""csi_sinr_db"":null},""origin"":""callback"",""subscription_scope"":""query_context"",""source_timestamp_unit"":""ms""}}"
