seconds_after_cutoff,line_of_sight_error_deg,azimuth_error_deg,elevation_error_deg,range_error_m,reference_range_m,reference_elevation_deg,reference_visible
300.0,5.239308595988463e-07,1.6992079281408223e-06,-4.676218736676674e-07,-0.3135671764612198,35872915.977667585,82.00658198207405,True
600.0,5.127678117084727e-07,1.7539212535666593e-06,-4.510593640816296e-07,-0.3547034114599228,35873121.64031118,82.00729287239804,True
900.0,5.052938417095516e-07,1.818424834709731e-06,-4.374913800120339e-07,-0.3969631567597389,35873312.56213599,82.00781240765478,True
1200.0,4.9831993024127e-07,1.870446254770286e-06,-4.250826037832667e-07,-0.4396470710635185,35873488.770605154,82.00813119156176,True
1500.0,4.942689637981958e-07,1.9224848131216277e-06,-4.1576539899779164e-07,-0.4840180054306984,35873650.30215112,82.00824009060669,True
1800.0,4.915357627036443e-07,1.9786399434451596e-06,-4.073449701991194e-07,-0.5286660119891167,35873797.19730734,82.0081302499427,True
2100.0,4.903784663781431e-07,2.01744410333049e-06,-4.0223071096079366e-07,-0.5748217403888702,35873929.50578603,82.00779312545878,True
2400.0,4.922963087537923e-07,2.065787498395366e-06,-3.99807944972963e-07,-0.6210411638021469,35874047.28092612,82.00722049897315,True
2700.0,4.939867991121628e-07,2.094317153478187e-06,-3.9900095316625084e-07,-0.6687059104442596,35874150.584955506,82.00640450303548,True
3000.0,4.982453100727976e-07,2.1338310602914135e-06,-4.002161517746572e-07,-0.7177953273057938,35874239.48452447,82.00533764446082,True
3300.0,5.052100361782561e-07,2.1615345247028017e-06,-4.059928357946774e-07,-0.767492264509201,35874314.05107305,82.00401282585892,True
3600.0,5.128350955803893e-07,2.1908113012614194e-06,-4.124203485389444e-07,-0.8177895098924637,35874374.362198964,82.0024233571545,True
3900.0,5.22524322274219e-07,2.207873194493004e-06,-4.226416621122553e-07,-0.8682511374354362,35874420.50018159,82.00056298835725,True
4200.0,5.332765700640952e-07,2.2194122948349104e-06,-4.346702127122626e-07,-0.920443631708622,35874452.55417701,81.9984259157483,True
4500.0,5.460768832739872e-07,2.2289496541816334e-06,-4.4930430931344745e-07,-0.9729669913649559,35874470.61501447,81.99600680721073,True
4800.0,5.625365787152663e-07,2.230838902050891e-06,-4.6892813543308876e-07,-1.0264104530215263,35874474.77991981,81.9933008174376,True
5100.0,5.799524512813426e-07,2.223153273916978e-06,-4.902895511804672e-07,-1.0813303738832474,35874465.15026358,81.99030359605611,True
5400.0,6.002065462949759e-07,2.2168072177919385e-06,-5.145444816889722e-07,-1.1363129317760468,35874441.8293967,81.98701131190835,True
5700.0,6.221793927182381e-07,2.20148496055117e-06,-5.41153355015922e-07,-1.192026175558567,35874404.92647905,81.98342066002905,True
6000.0,6.471974152347046e-07,2.17228114252066e-06,-5.718390667652784e-07,-1.2477733418345451,35874354.55281281,81.97952887748738,True
6300.0,6.75208325658544e-07,2.142793221082684e-06,-6.053312517906306e-07,-1.3057187423110008,35874290.8258526,81.97533374877976,True
6600.0,7.05922399899319e-07,2.102232656397973e-06,-6.419544718028192e-07,-1.3627536743879318,35874213.86085983,81.970833619798,True
6900.0,7.403625622862303e-07,2.0472905930546403e-06,-6.828370686662311e-07,-1.4213980436325073,35874123.78159775,81.96602740511915,True
7200.0,7.776428747660027e-07,1.9959499582000717e-06,-7.258198309045838e-07,-1.4799739345908165,35874020.71030317,81.96091459067192,True
7500.0,8.178147898865027e-07,1.9304966940580925e-06,-7.719039132325634e-07,-1.539217658340931,35873904.774102375,81.9554952455984,True
7800.0,8.628056567912777e-07,1.85566227628442e-06,-8.227403185401272e-07,-1.5989399403333664,35873776.10148053,81.94977002379831,True
8100.0,9.097738195737041e-07,1.7686424484963936e-06,-8.753572444675228e-07,-1.6592305153608322,35873634.8233015,81.94374016134056,True
8400.0,9.620849717913813e-07,1.6771450077612826e-06,-9.328855270496206e-07,-1.7202647775411606,35873481.0724359,81.93740748849748,True
8700.0,1.0163010035219259e-06,1.5676936868658231e-06,-9.92190990700692e-07,-1.7810872197151184,35873314.98237239,81.9307744173091,True
9000.0,1.0763364654690826e-06,1.4549005129538273e-06,-1.0567505484004869e-06,-1.8414319455623627,35873136.68887247,81.92384395301829,True
9300.0,1.1387975142432506e-06,1.3291615630350861e-06,-1.123355957588501e-06,-1.9029191434383392,35872946.33100835,81.91661967797002,True
9600.0,1.2059344272204666e-06,1.194288131500798e-06,-1.1941624507016968e-06,-1.9647328704595566,35872744.04668902,81.90910575950487,True
9900.0,1.276905782432741e-06,1.043020802171668e-06,-1.2684231194270978e-06,-2.026096574962139,35872529.97499121,81.9013069362068,True
10200.0,1.3513723567705833e-06,8.850546464600484e-07,-1.345596530200055e-06,-2.08750169724226,35872304.25725097,81.89322851421494,True
10500.0,1.4315320653932614e-06,7.047695760320494e-07,-1.428070859788022e-06,-2.1494696959853172,35872067.03569606,81.88487636186974,True
10800.0,1.514412192074805e-06,5.194455638957152e-07,-1.5126322239211731e-06,-2.2105784490704536,35871818.45135041,81.87625689185327,True
11100.0,1.6008298489935e-06,3.255182434713788e-07,-1.6001673941445915e-06,-2.272155612707138,35871558.64861333,81.86737706034805,True
11400.0,1.691351981600655e-06,1.1392376109142788e-07,-1.6912750169240098e-06,-2.3340888246893883,35871287.77096343,81.85824435092837,True
11700.0,1.7867892084763713e-06,-1.1083020012847555e-07,-1.7867201194121662e-06,-2.394973136484623,35871005.961007684,81.84886676216098,True
12000.0,1.8862543611490843e-06,-3.4199854326288914e-07,-1.8856295298519399e-06,-2.455897107720375,35870713.36417725,81.83925279185819,True
12300.0,1.9900179304966815e-06,-5.921929755459132e-07,-1.9882373862856184e-06,-2.515590161085129,35870410.12379257,81.82941142484097,True
12600.0,2.0970937889453766e-06,-8.57416353028384e-07,-2.093541723979797e-06,-2.575976774096489,35870096.38654347,81.81935211462462,True
12900.0,2.2070143624226178e-06,-1.1380945181826974e-06,-2.201049952077483e-06,-2.6356095746159554,35869772.295856364,81.80908476825715,True
13200.0,2.3219726230615897e-06,-1.424969752861216e-06,-2.313057677838515e-06,-2.695195436477661,35869437.997362524,81.7986197308108,True
13500.0,2.440657467741443e-06,-1.7388909441251599e-06,-2.4279862884668546e-06,-2.7530710995197296,35869093.63432406,81.78796776010861,True
13800.0,2.562457322009867e-06,-2.0531090854092326e-06,-2.5455767627136083e-06,-2.8107577338814735,35868739.353147104,81.77714001254155,True
14100.0,2.690153095466996e-06,-2.397719782720742e-06,-2.6681471894107744e-06,-2.8682829812169075,35868375.29867056,81.76614802424339,True
14400.0,2.8195918659201125e-06,-2.7430936029304576e-06,-2.7920159624272856e-06,-2.92498392611742,35868001.61494376,81.75500368178442,True
14700.0,2.953249148807423e-06,-3.1042284831528377e-06,-2.9194124380182984e-06,-2.9799471274018288,35867618.445649296,81.74371921276662,True
15000.0,3.0917668440065812e-06,-3.485435541961124e-06,-3.050872223298029e-06,-3.03543421626091,35867225.93751948,81.73230715637784,True
15300.0,3.2322517547579366e-06,-3.887364528054604e-06,-3.1834115077344904e-06,-3.0887511894106865,35866824.23220425,81.72078033925929,True
15600.0,3.377141954508587e-06,-4.300960654290975e-06,-3.319706507909359e-06,-3.1421235129237175,35866413.47615276,81.70915186197246,True
15900.0,3.525219864397481e-06,-4.72228828130028e-06,-3.458639355358173e-06,-3.1943250373005867,35865993.81225645,81.69743506648634,True
16200.0,3.6773424620407e-06,-5.16399347816332e-06,-3.6007269272886333e-06,-3.2460472136735916,35865565.38524004,81.68564351825907,True
16500.0,3.833505142166885e-06,-5.617850490580167e-06,-3.746192177800367e-06,-3.2957490235567093,35865128.33754069,81.67379098073134,True
16800.0,3.992304884940496e-06,-6.0975903579674195e-06,-3.893150534395318e-06,-3.3444468453526497,35864682.81413425,81.66189138975997,True
17100.0,4.15519438441633e-06,-6.576174854444616e-06,-4.043961567390397e-06,-3.3932070583105087,35864228.96007178,81.64995883609592,True
17400.0,4.321210547427626e-06,-7.086333425831981e-06,-4.196527399358274e-06,-3.439432092010975,35863766.916816086,81.63800753274188,True
17700.0,4.490948717874303e-06,-7.602143568874453e-06,-4.35234362328174e-06,-3.4854059666395187,35863296.830844894,81.62605179904563,True
18000.0,4.663870670281987e-06,-8.137445092870621e-06,-4.51035342052819e-06,-3.529787428677082,35862818.845208086,81.61410603062932,True
18300.0,4.839699915919462e-06,-8.678432124042956e-06,-4.670790005434355e-06,-3.5735365971922874,35862333.10552492,81.60218467938758,True
18600.0,5.0199770653422e-06,-9.238751914608656e-06,-4.8347185526154135e-06,-3.6159601286053658,35861839.75610604,81.59030222931027,True
18900.0,5.201139794477375e-06,-9.80713997478233e-06,-4.998888996965434e-06,-3.6562762036919594,35861338.94160119,81.5784731677847,True
19200.0,5.388111594090912e-06,-1.0400463310134e-05,-5.167705353414931e-06,-3.6964832097291946,35860830.80995658,81.5667119742244,True
19500.0,5.577231253788538e-06,-1.0990777639108273e-05,-5.338557087952722e-06,-3.7347453013062477,35860315.505894385,81.5550330823083,True
19800.0,5.769828904213016e-06,-1.1601338258060423e-05,-5.511823403026028e-06,-3.771552875638008,35859793.177172594,81.5434508671781,True
20100.0,5.9638419209452015e-06,-1.2224544775563118e-05,-5.685670828370348e-06,-3.8074804097414017,35859263.97244718,81.53197961774926,True
20400.0,6.161462662061011e-06,-1.2866321782212253e-05,-5.862109247800618e-06,-3.8412186801433563,35858728.03941323,81.52063352063232,True
20700.0,6.363018085451871e-06,-1.3511884247918715e-05,-6.042187621346784e-06,-3.8743091225624084,35858185.52965267,81.50942663357644,True
21000.0,6.56592145529034e-06,-1.4160664619566887e-05,-6.223236638902563e-06,-3.9060217291116714,35857636.593629636,81.49837286137117,True
21300.0,6.7718409226802345e-06,-1.4829321287379571e-05,-6.406191488395052e-06,-3.9369720816612244,35857081.38442864,81.48748594226424,True
21600.0,6.981478317372302e-06,-1.5505421686157206e-05,-6.592415829231868e-06,-3.9661237373948097,35856520.05488156,81.47677942434244,True
21900.0,7.192143465631743e-06,-1.6179250735604e-05,-6.77958442452109e-06,-3.993584744632244,35855952.76049177,81.46626664145374,True
22200.0,7.406226234756195e-06,-1.6876028951173794e-05,-6.968917318772583e-06,-4.020698606967926,35855379.65965542,81.45596070098449,True
22500.0,7.6225113897672755e-06,-1.7573786749380815e-05,-7.16028881697639e-06,-4.0457314774394035,35854800.90948137,81.44587446003383,True
22800.0,7.841219065750002e-06,-1.8287796933691425e-05,-7.353116870945087e-06,-4.070232518017292,35854216.67228598,81.43602050790702,True
23100.0,8.061553786248146e-06,-1.8998377470325067e-05,-7.547641459382248e-06,-4.093135990202427,35853627.1098314,81.42641114955197,True
23400.0,8.282389769697057e-06,-1.9716317297024943e-05,-7.74207798315274e-06,-4.114963628351688,35853032.38766511,81.4170583854389,True
23700.0,8.507395612436273e-06,-2.0433287971854952e-05,-7.940835843101013e-06,-4.135376572608948,35852432.672809824,81.40797390308506,True
24000.0,8.73403184479916e-06,-2.1168092075640743e-05,-8.140132905509745e-06,-4.154899142682552,35851828.13562535,81.39916904656631,True
24300.0,8.961706339802395e-06,-2.1907752284278104e-05,-8.340080526636484e-06,-4.173783503472805,35851218.948811285,81.39065481310014,True
24600.0,9.19172809287778e-06,-2.2647846549261885e-05,-8.542359466900962e-06,-4.190899267792702,35850605.28643406,81.3824418358287,True
24900.0,9.422039890175777e-06,-2.338735890816679e-05,-8.744837558083418e-06,-4.207085765898228,35849987.32741523,81.3745403641598,True
25200.0,9.655940434749041e-06,-2.4136565343724214e-05,-8.950464760459909e-06,-4.222785726189613,35849365.253300145,81.36696025900898,True
25500.0,9.890470150879484e-06,-2.4898668101513977e-05,-9.155858023746077e-06,-4.236445367336273,35848739.246790506,81.35971096835888,True
25800.0,1.0127290152925264e-05,-2.5654006208242208e-05,-9.364025018498978e-06,-4.2500704154372215,35848109.49743055,81.35280152759151,True
26100.0,1.0364368531092654e-05,-2.640507503315348e-05,-9.572642895250283e-06,-4.262515388429165,35847476.19502344,81.3462405360119,True
26400.0,1.0603303289012036e-05,-2.7173284564696587e-05,-9.782115697021254e-06,-4.274802312254906,35846839.53507371,81.34003615379099,True
26700.0,1.0843867480681566e-05,-2.793574313386671e-05,-9.99364328890806e-06,-4.285572737455368,35846199.714358725,81.33419608956294,True
27000.0,1.108592002589009e-05,-2.870870679316795e-05,-1.0206059528172773e-05,-4.294629983603954,35845556.934586175,81.32872758743677,True
27300.0,1.1328420384835597e-05,-2.946792494640249e-05,-1.041979705007634e-05,-4.304628133773804,35844911.40419323,81.32363742178126,True
27600.0,1.157238751639599e-05,-3.0242654190715257e-05,-1.0634100476636377e-05,-4.312417693436146,35844263.32979672,81.31893188590652,True
27900.0,1.1819500553650253e-05,-3.101452477949351e-05,-1.085199325245867e-05,-4.320334576070309,35843612.927581005,81.31461678914808,True
28200.0,1.206596948086829e-05,-3.178863039465796e-05,-1.1069033959643093e-05,-4.326457276940346,35842960.413647264,81.31069743839011,True
28500.0,1.2312842308304966e-05,-3.2559473481796886e-05,-1.1286735684734595e-05,-4.332922957837582,35842306.01241476,81.30717864490195,True
28800.0,1.2562063192713001e-05,-3.334139748289999e-05,-1.1506286753615314e-05,-4.3386100679636,35841649.94938155,81.30406471212669,True
29100.0,1.281367808943087e-05,-3.4111617623011625e-05,-1.1729259682624615e-05,-4.343052871525288,35840992.45510887,81.30135943110825,True
29400.0,1.306491264285006e-05,-3.489729110128792e-05,-1.1950833652463189e-05,-4.346983045339584,35840333.76582426,81.29906606908266,True
29700.0,1.3316506713864552e-05,-3.566300165402936e-05,-1.2174190942459973e-05,-4.350339941680431,35839674.12148486,81.29718737989437,True
30000.0,1.357006574796659e-05,-3.644396696245167e-05,-1.2398744260622152e-05,-4.353239335119724,35839013.76678965,81.29572558889389,True
30300.0,1.3824214927964188e-05,-3.7216927296412905e-05,-1.2624562018004326e-05,-4.354225464165211,35838352.94946564,81.29468239468395,True
30600.0,1.4080346149254538e-05,-3.79908817649266e-05,-1.2852575665078803e-05,-4.35525307059288,35837691.92527362,81.2940589672984,True
30900.0,1.4337377786063685e-05,-3.876565017435496e-05,-1.3081623919219965e-05,-4.35608583688736,35837030.95242037,81.29385594386882,True
31200.0,1.4594667958655112e-05,-3.95315840648891e-05,-1.3311669633253587e-05,-4.356324039399624,35836370.29358899,81.29407343111443,True
31500.0,1.4852960739927344e-05,-4.0304766628196376e-05,-1.3542445344683074e-05,-4.354740470647812,35835710.21526652,81.29471100391126,True
31800.0,1.5113591816797892e-05,-4.107006921572065e-05,-1.377645646982728e-05,-4.352979280054569,35835050.99142295,81.29576770887041,True
32100.0,1.5373325189350972e-05,-4.183236319477146e-05,-1.4009831517114435e-05,-4.350964859127998,35834392.8988887,81.2972420564145,True
32400.0,1.563475877387348e-05,-4.259620652646845e-05,-1.4245117696987109e-05,-4.346574649214745,35833736.216983885,81.29913203545104,True
32700.0,1.589530869105036e-05,-4.3350203270620113e-05,-1.4480267140015712e-05,-4.342927113175392,35833081.234750606,81.30143510488793,True
33000.0,1.6159417766315816e-05,-4.4106983949632195e-05,-1.4719299898047211e-05,-4.337922781705856,35832428.24042587,81.30414820747916,True
33300.0,1.642305909619527e-05,-4.485821932576073e-05,-1.4958372759110716e-05,-4.332414761185646,35831777.52953118,81.30726775972798,True
33600.0,1.668646075213915e-05,-4.55971634778507e-05,-1.5198204010857808e-05,-4.325838595628738,35831129.40040909,81.31078966879923,True
33900.0,1.695001585651268e-05,-4.633077963944743e-05,-1.543875322340682e-05,-4.318227022886276,35830484.15613127,81.31470933234081,True
34200.0,1.7215604878342005e-05,-4.706151668187886e-05,-1.568192148226899e-05,-4.309548780322075,35829842.10371801,81.31902164697861,True
34500.0,1.7481800336802136e-05,-4.779129460530385e-05,-1.59260140577544e-05,-4.3006273955106735,35829203.55492446,81.32372100922787,True
34800.0,1.7747414316179893e-05,-4.85034884718516e-05,-1.61708644270675e-05,-4.290653087198734,35828568.823606916,81.32880132771994,True
35100.0,1.8013636289933044e-05,-4.9208380318077616e-05,-1.6417075983099494e-05,-4.27844513207674,35827938.22682669,81.33425603020083,True
35400.0,1.8279376782713207e-05,-4.990251650838218e-05,-1.6663687617324285e-05,-4.266148783266544,35827312.08837514,81.34007806960615,True
35700.0,1.854716772908409e-05,-5.0601453665422014e-05,-1.691242019319361e-05,-4.252849854528904,35826690.732203834,81.3462599373704,True
36000.0,1.8813251065880428e-05,-5.127766073087514e-05,-1.716101616011656e-05,-4.23831245303154,35826074.485964686,81.35279366648099,True
36300.0,1.908096401843861e-05,-5.194311751210989e-05,-1.741231629637241e-05,-4.223302952945232,35825463.68112379,81.35967085091919,True
36600.0,1.934648611037292e-05,-5.26001363141404e-05,-1.766197256358737e-05,-4.206812426447868,35824858.64996128,81.366882644386,True
36900.0,1.9613848675857655e-05,-5.324255096184061e-05,-1.7914808864816223e-05,-4.188727743923664,35824259.72800725,81.37441978832202,True
37200.0,1.9878641346863805e-05,-5.3870983606429945e-05,-1.8165943728831735e-05,-4.169841296970844,35823667.253804475,81.38227260533142,True
37500.0,2.0144894700906172e-05,-5.4483807161886944e-05,-1.8419885975617944e-05,-4.149548225104809,35823081.566346884,81.39043103121881,True
37800.0,2.0410365364505604e-05,-5.5089083957682305e-05,-1.8673634443189258e-05,-4.128530025482178,35822503.0074927,81.39888461166458,True
38100.0,2.06760382898094e-05,-5.567793209593219e-05,-1.892884188237076e-05,-4.106013745069504,35821931.91894225,81.40762252859344,True
38400.0,2.093979551344313e-05,-5.6242565960928914e-05,-1.9183687115287285e-05,-4.082332156598568,35821368.6445059,81.41663360687451,True
38700.0,2.1203334555572966e-05,-5.679320258877851e-05,-1.9439335432025473e-05,-4.057983227074146,35820813.52886088,81.42590633622575,True
39000.0,2.1466164041945657e-05,-5.732257011459296e-05,-1.96957040259349e-05,-4.03147304803133,35820266.91508174,81.43542888302973,True
39300.0,2.1727250422974577e-05,-5.78388680878561e-05,-1.995111632879798e-05,-4.004006624221802,35819729.14900915,81.44518910663689,True
39600.0,2.198762683033146e-05,-5.832660059468253e-05,-2.0207670843319647e-05,-3.974979989230633,35819200.57441104,81.45517458196989,True
39900.0,2.2247710935788063e-05,-5.880061675611614e-05,-2.0464845206902282e-05,-3.945628099143505,35818681.53629111,81.46537261093717,True
40200.0,2.2506076580569872e-05,-5.924959526737439e-05,-2.0721782220789464e-05,-3.9142778292298317,35818172.37579443,81.4757702430897,True
40500.0,2.276271092617798e-05,-5.967780904825304e-05,-2.0978170084617886e-05,-3.8815558776259422,35817673.43506067,81.48635429541724,True
40800.0,2.3018769453976726e-05,-6.008213262020945e-05,-2.1235428363297615e-05,-3.847598485648632,35817185.054072276,81.49711137297861,True
41100.0,2.327303457186787e-05,-6.04607702712201e-05,-2.149231330861312e-05,-3.8123606517910957,35816707.57059615,81.50802788446053,True
41400.0,2.352470516443324e-05,-6.0809391356997367e-05,-2.1748186725289997e-05,-3.7752837911248207,35816241.31947801,81.51909006589035,True
41700.0,2.377433665408596e-05,-6.113269495244822e-05,-2.2003325454988953e-05,-3.737631782889366,35815786.63460045,81.530284001855,True
42000.0,2.402402033434404e-05,-6.14369912455004e-05,-2.225957466350792e-05,-3.6984670758247375,35815343.844476566,81.54159564750606,True
42300.0,2.4270026312437126e-05,-6.171366183593818e-05,-2.2513390590006566e-05,-3.6579067781567574,35814913.27512032,81.55301084337133,True
42600.0,2.451515456008479e-05,-6.195204980485869e-05,-2.276837838621759e-05,-3.6164599508047104,35814495.24899489,81.56451535004774,True
42900.0,2.4757814107779627e-05,-6.216862954033786e-05,-2.3021808260637044e-05,-3.5728914067149162,35814090.08248572,81.5760948572298,True
43200.0,2.499738368693949e-05,-6.235284396893803e-05,-2.3273589491168423e-05,-3.529400944709778,35813698.09068714,81.58773501552001,True
43500.0,2.5236061260931336e-05,-6.25099986564237e-05,-2.352573319797102e-05,-3.4829990714788437,35813319.57838503,81.59942145901715,True
43800.0,2.547206801135778e-05,-6.263976655418446e-05,-2.3776306761646993e-05,-3.436101295053959,35812954.85025786,81.61113982264786,True
44100.0,2.5705212176763835e-05,-6.273871539974607e-05,-2.402525682043688e-05,-3.388950750231743,35812604.20290686,81.6228757715793,True
44400.0,2.5934942928751152e-05,-6.279439679701682e-05,-2.4272632089150648e-05,-3.3393410220742226,35812267.92418778,81.63461502320321,True
44700.0,2.6164158064547222e-05,-6.283290827013843e-05,-2.4520045897702403e-05,-3.288599506020546,35811946.29880519,81.64634337248577,True
45000.0,2.638866951416845e-05,-6.282537032120672e-05,-2.4764550701661392e-05,-3.236768461763859,35811639.603107765,81.65804670981203,True
45300.0,2.6611688629518642e-05,-6.279248310647745e-05,-2.5008404790582972e-05,-3.1839247941970825,35811348.10602549,81.66971105475541,True
45600.0,2.6830457619767776e-05,-6.271572607374765e-05,-2.524960160599221e-05,-3.129382573068142,35811072.06789422,81.68132257059358,True
45900.0,2.704748850204086e-05,-6.261535315843503e-05,-2.548970219606872e-05,-3.073798678815365,35810811.74218835,81.69286759605956,True
46200.0,2.7259962735071793e-05,-6.246947992849528e-05,-2.5726792699742873e-05,-3.017750270664692,35810567.37373119,81.7043326620967,True
46500.0,2.7469936716484734e-05,-6.229169684957014e-05,-2.5962303652704577e-05,-2.959858261048794,35810339.19645756,81.7157045222983,True
46800.0,2.7677318471671655e-05,-6.208924162365292e-05,-2.6195735060241532e-05,-2.9011113047599792,35810127.43738453,81.72697017102051,True
47100.0,2.7881667772987323e-05,-6.184110304729984e-05,-2.642760718174486e-05,-2.841654971241951,35809932.31305488,81.7381168694303,True
47400.0,2.8081296739601252e-05,-6.15655254136982e-05,-2.6655198439584638e-05,-2.7807625606656075,35809754.029170826,81.74913216399014,True
47700.0,2.8278051964901396e-05,-6.124018125319708e-05,-2.688147013429898e-05,-2.7192221358418465,35809592.782653235,81.76000391772081,True
48000.0,2.847119071796554e-05,-6.0893252566529554e-05,-2.7104259231691685e-05,-2.656502738595009,35809448.75848988,81.77072032126253,True
48300.0,2.865987235502851e-05,-6.0509513275519566e-05,-2.732335613586656e-05,-2.5927129313349724,35809322.131386355,81.78126992129,True
48600.0,2.884693757006734e-05,-6.0087299345923384e-05,-2.754176222197202e-05,-2.528615303337574,35809213.065484226,81.79164164251634,True
48900.0,2.902833266529309e-05,-5.961802460774379e-05,-2.775554830236615e-05,-2.4626563787460327,35809121.7111061,81.80182479764578,True
49200.0,2.9207269188712824e-05,-5.913009778168998e-05,-2.796678361960403e-05,-2.397011563181877,35809048.21052801,81.81180911968451,True
49500.0,2.9381594102826517e-05,-5.8601923342394e-05,-2.8174118739343612e-05,-2.3296823650598526,35808992.6898168,81.82158477113308,True
49800.0,2.9552259530797895e-05,-5.8038735289756005e-05,-2.8378274450346908e-05,-2.2622217684984207,35808955.2663092,81.83114236725527,True
50100.0,2.9717191389769423e-05,-5.7440762930127676e-05,-2.8577038435173563e-05,-2.193697437644005,35808936.04234207,81.84047298796659,True
50400.0,2.988032163361378e-05,-5.680553402953592e-05,-2.8774555516974942e-05,-2.1249644681811333,35808935.109306864,81.84956820307295,True
50700.0,3.0038417576511285e-05,-5.613960104255966e-05,-2.896715922418025e-05,-2.0546835735440254,35808952.54346414,81.85842007305547,True
51000.0,3.01925792882913e-05,-5.5443196231408365e-05,-2.9155950457493418e-05,-1.9852168038487434,35808988.41165049,81.86702117555363,True
51300.0,3.0342588701991915e-05,-5.4712598398509726e-05,-2.9340808694655607e-05,-1.9147024974226952,35809042.76318056,81.87536461218505,True
51600.0,3.048717951230276e-05,-5.395112810901992e-05,-2.952026346747516e-05,-1.8438741639256477,35809115.63650864,81.88344402008404,True
51900.0,3.0629086757343023e-05,-5.31543096826681e-05,-2.9697266398898137e-05,-1.7719878926873207,35809207.05501506,81.89125358815667,True
52200.0,3.076662061090393e-05,-5.2330968628666596e-05,-2.986971897200874e-05,-1.700644038617611,35809317.03070338,81.89878805686753,True
52500.0,3.089952962972652e-05,-5.1478547504757444e-05,-3.003742675389276e-05,-1.6285672187805176,35809445.55887275,81.9060427331958,True
52800.0,3.1026740975262956e-05,-5.060180870941622e-05,-3.0199101487937696e-05,-1.5572488531470299,35809592.62366963,81.91301349434907,True
53100.0,3.1151658945061724e-05,-4.968578849684491e-05,-3.0358707462596612e-05,-1.4849600568413734,35809758.19202733,81.91969679950488,True
53400.0,3.1270959068981036e-05,-4.8759489288840996e-05,-3.0511860430237903e-05,-1.4138387143611908,35809942.22069707,81.9260896802659,True
53700.0,3.138608062701936e-05,-4.779809268029567e-05,-3.0660815852456835e-05,-1.3412715420126915,35810144.64759143,81.93218975834777,True
54000.0,3.149752935238016e-05,-4.680419331748453e-05,-3.080596673044056e-05,-1.2700990214943886,35810365.40196866,81.93799523840504,True
54300.0,3.160250339863755e-05,-4.579343539035108e-05,-3.0943954143936026e-05,-1.1984619498252869,35810604.394276105,81.94350490609182,True
54600.0,3.1705107439438316e-05,-4.477036188177408e-05,-3.107884178632503e-05,-1.127004086971283,35810861.523367606,81.94871813780371,True
54900.0,3.18032923471897e-05,-4.3724209263018565e-05,-3.1208837739882256e-05,-1.0559236034750938,35811136.67358769,81.95363488458533,True
55200.0,3.189690632788269e-05,-4.264642723228462e-05,-3.1333996034277334e-05,-0.9854323863983154,35811429.7152812,81.95825567564295,True
55500.0,3.1985338203470064e-05,-4.155964509777732e-05,-3.145307019281063e-05,-0.9157060086727142,35811740.5048115,81.96258160964578,True
55800.0,3.207082801775539e-05,-4.04499435830985e-05,-3.156869958331754e-05,-0.8463991358876228,35812068.88416184,81.96661435301156,True
56100.0,3.21516087616331e-05,-3.9336451294502695e-05,-3.167860128883149e-05,-0.7768841162323952,35812414.6812773,81.97035612287188,True
56400.0,3.222713463372584e-05,-3.820455344794027e-05,-3.1782588308715276e-05,-0.7086839526891708,35812777.71261889,81.97380968456173,True
56700.0,3.229887318445761e-05,-3.705777874074556e-05,-3.188205681681211e-05,-0.6417537927627563,35813157.77958316,81.97697834030768,True
57000.0,3.236789559562224e-05,-3.589942141957181e-05,-3.19780116626589e-05,-0.5747630372643471,35813554.66893962,81.97986591521763,True
57300.0,3.2431471539065134e-05,-3.4725218057474194e-05,-3.206777788022919e-05,-0.5089550092816353,35813968.156862564,81.98247674075792,True
57600.0,3.249102012273999e-05,-3.3555931850060006e-05,-3.215236067433125e-05,-0.44496621936559677,35814398.00593905,81.98481564772413,True
57900.0,3.254627684747867e-05,-3.236909191173254e-05,-3.2231967423967944e-05,-0.380905419588089,35814843.96345303,81.98688794626436,True
58200.0,3.2599211972798686e-05,-3.1185099032882135e-05,-3.2308186845853015e-05,-0.3179342448711395,35815305.76718692,81.98869941149957,True
58500.0,3.264719592523715e-05,-2.9997587546404247e-05,-3.2378506645613925e-05,-0.25658271461725235,35815783.14197383,81.9902562604761,True
58800.0,3.2691026804204705e-05,-2.8802090241697442e-05,-3.2443822334471406e-05,-0.19597656279802322,35816275.79917675,81.99156514115774,True
59100.0,3.2731695780306656e-05,-2.760712163762946e-05,-3.250499291596043e-05,-0.1370099112391472,35816783.44012803,81.99263310957096,True
59400.0,3.276782050832425e-05,-2.640994651414985e-05,-3.25606876430129e-05,-0.07891537249088287,35817305.75298066,81.99346760740863,True
59700.0,3.2801314312545954e-05,-2.522140687233332e-05,-3.2612680712418296e-05,-0.0224870964884758,35817842.41622653,81.99407644631076,True
60000.0,3.282998941082896e-05,-2.4038042795382353e-05,-3.265885403891389e-05,0.03309786319732666,35818393.09582667,81.99446777914544,True
60300.0,3.285541239732254e-05,-2.285415507685684e-05,-3.270088511442282e-05,0.08642736077308655,35818957.44938495,81.9946500853333,True
60600.0,3.2877900624678e-05,-2.1678018640614027e-05,-3.2738996651460184e-05,0.13965468853712082,35819535.120682165,81.99463214265646,True
60900.0,3.2896591238797786e-05,-2.0506112434759416e-05,-3.277239164845014e-05,0.19046566635370255,35820125.748054944,81.99442300424288,True
61200.0,3.2912060915268556e-05,-1.9339006769314437e-05,-3.280166114905114e-05,0.23970070481300354,35820728.95713171,81.99403197708017,True
61500.0,3.2923940607514196e-05,-1.8186016376375846e-05,-3.282635313439641e-05,0.2879919484257698,35821344.36456392,81.99346859531266,True
61800.0,3.293219345855254e-05,-1.7034680524830037e-05,-3.284659281632685e-05,0.33436882495880127,35821971.57979951,81.9927425972798,True
62100.0,3.2936911050851646e-05,-1.590957947428251e-05,-3.286225130239018e-05,0.37874244153499603,35822610.20298704,81.9918638998578,True
62400.0,3.294021071150913e-05,-1.4781462539303902e-05,-3.287576365096356e-05,0.4216878116130829,35823259.82559115,81.99084257627007,True
62700.0,3.293844143274591e-05,-1.3681634158047018e-05,-3.2883217031098866e-05,0.46388474106788635,35823920.03135768,81.9896888220518,True
63000.0,3.293450078530189e-05,-1.258675683857291e-05,-3.288774705367814e-05,0.5030696243047714,35824590.39977581,81.98841294326914,True
63300.0,3.2928252280471416e-05,-1.1505447560011817e-05,-3.288917027077787e-05,0.5416152626276016,35825270.49891924,81.98702532098096,True
63600.0,3.291898679088755e-05,-1.0430495649416116e-05,-3.2886848970292704e-05,0.578805185854435,35825959.893599406,81.9855363890004,True
63900.0,3.2907325077684676e-05,-9.389807161142016e-06,-3.2881263308581765e-05,0.6137389093637466,35826658.14289348,81.98395661048782,True
64200.0,3.2891578772285077e-05,-8.347580347844996e-06,-3.287096475901308e-05,0.6468046829104424,35827364.799110174,81.98229645010434,True
64500.0,3.2874959193623066e-05,-7.333162642453317e-06,-3.285903714811411e-05,0.6785382106900215,35828079.40937385,81.98056635590763,True
64800.0,3.285533820303709e-05,-6.341355913264124e-06,-3.2843420143535695e-05,0.7083492055535316,35828801.51734485,81.97877672539394,True
65100.0,3.283301329671561e-05,-5.3539952205028385e-06,-3.282450842334583e-05,0.7367200255393982,35829530.66147043,81.97693788915079,True
65400.0,3.2809038292331475e-05,-4.3967357328256185e-06,-3.2803296164729545e-05,0.763995535671711,35830266.37664721,81.97506008543587,True
65700.0,3.278408749170282e-05,-3.456768865817139e-06,-3.278053384292434e-05,0.7892410606145859,35831008.19581723,81.97315343619361,True
66000.0,3.275607130723801e-05,-2.5359378525990905e-06,-3.275415627967959e-05,0.8131816610693932,35831755.64748348,81.97122792181146,True
66300.0,3.2725937174123505e-05,-1.6330309620116168e-06,-3.2725141949185854e-05,0.8356332257390022,35832508.2587341,81.96929336481529,True
66600.0,3.2693418308650095e-05,-7.606221004152758e-07,-3.269324552945818e-05,0.8558415919542313,35833265.555358276,81.96735940398297,True
66900.0,3.266075784305771e-05,1.0030151997852954e-07,-3.2660754825997174e-05,0.8758740872144699,35834027.05890859,81.96543547706365,True
67200.0,3.262510823364878e-05,9.368032181100716e-07,-3.262484536037391e-05,0.8937427997589111,35834792.294029966,81.96353079270843,True
67500.0,3.2589297710795885e-05,1.7445550497541262e-06,-3.2588384627274536e-05,0.9097103029489517,35835560.78260385,81.96165432149454,True
67800.0,3.255033278531591e-05,2.5366011868754867e-06,-3.254839917588015e-05,0.9248967692255974,35836332.04558802,81.95981476528594,True
68100.0,3.25117674356783e-05,3.3046825365090626e-06,-3.25084801460207e-05,0.9384402632713318,35837105.60629946,81.95802055123204,True
68400.0,3.24707510535267e-05,4.043546795173825e-06,-3.246582100757678e-05,0.9511952474713326,35837880.987154946,81.95627980112181,True
68700.0,3.242934814043303e-05,4.760708549156334e-06,-3.2422502471263215e-05,0.9615815132856369,35838657.714255996,81.95460032573239,True
69000.0,3.238584531464939e-05,5.460541672164254e-06,-3.237682307144496e-05,0.9715698435902596,35839435.31183196,81.95298959998956,True
69300.0,3.234103070722823e-05,6.120374507645465e-06,-3.232967586086488e-05,0.9803376868367195,35840213.30900664,81.95145475396076,True
69600.0,3.229597279240967e-05,6.75965418395208e-06,-3.228209718031394e-05,0.9875582456588745,35840991.23692508,81.950002555823,True
69900.0,3.2249376324548986e-05,7.383512013348081e-06,-3.223279111352895e-05,0.9935876950621605,35841768.62897483,81.94863939562465,True
70200.0,3.2201869150267205e-05,7.965501708895317e-06,-3.218253094416923e-05,0.9992578849196434,35842545.02139401,81.94737127675702,True
70500.0,3.215448925159285e-05,8.531082983154192e-06,-3.213226727893925e-05,1.0030195787549019,35843319.956520535,81.94620380197773,True
70800.0,3.21047722748309e-05,9.073372780221689e-06,-3.207958867790239e-05,1.0064494535326958,35844092.97766868,81.9451421586425,True
71100.0,3.20545256549049e-05,9.575009016771219e-06,-3.202642862731864e-05,1.0085862576961517,35844863.635167316,81.94419111604996,True
71400.0,3.200293686790383e-05,1.0062093792839732e-05,-3.1971850603440544e-05,1.009505420923233,35845631.48314974,81.94335500873993,True
71700.0,3.195043799068951e-05,1.0515218150430883e-05,-3.191642551314544e-05,1.0094035863876343,35846396.080823585,81.94263773226608,True
72000.0,3.1897726741712575e-05,1.0939751405203424e-05,-3.186084448714155e-05,1.0083921775221825,35847156.99302085,81.94204273409484,True
72300.0,3.1845826132308996e-05,1.1335471157281063e-05,-3.1806156457037105e-05,1.005743533372879,35847913.791284434,81.94157300702393,True
72600.0,3.1791493614003026e-05,1.1712694231391652e-05,-3.1749061889740915e-05,1.0033409297466278,35848666.05073936,81.94123107855737,True
72900.0,3.173649455365159e-05,1.2056469387289326e-05,-3.169145330161882e-05,0.9988052174448967,35849413.3572756,81.94101901543256,True
73200.0,3.167993082111866e-05,1.2369162277536816e-05,-3.1632435437245476e-05,0.9936636090278625,35850155.299676605,81.9409384115341,True
73500.0,3.1624767785389446e-05,1.2648646702473343e-05,-3.157501396344742e-05,0.9880749583244324,35850891.475178994,81.94099039138761,True
73800.0,3.156697340752639e-05,1.2906608333196345e-05,-3.1515075193055964e-05,0.9808635711669922,35851621.48971104,81.94117559685671,True
74100.0,3.150972201478881e-05,1.313527073421028e-05,-3.1455873383379185e-05,0.973932221531868,35852344.95373895,81.9414942002614,True
74400.0,3.145216123449225e-05,1.3337387827050406e-05,-3.1396545622897065e-05,0.9648008942604065,35853061.489974335,81.94194589243898,True
74700.0,3.1392511741478186e-05,1.3503377999768418e-05,-3.1335401629917214e-05,0.9548374712467194,35853770.72537631,81.94252988649455,True
75000.0,3.133429781735601e-05,1.3643469827684385e-05,-3.1275897256932694e-05,0.9442152604460716,35854472.29641323,81.94324492514879,True
75300.0,3.127394925849221e-05,1.3745623675731622e-05,-3.121456784072052e-05,0.9321463257074356,35855165.84903494,81.94408927095932,True
75600.0,3.121372840776753e-05,1.3829114408281384e-05,-3.11535209931435e-05,0.9201186001300812,35855851.03562757,81.94506072201246,True
75900.0,3.115488480374407e-05,1.3883625172184111e-05,-3.109410295110138e-05,0.9062153175473213,35856527.520871714,81.94615660969704,True
76200.0,3.10929624769515e-05,1.3907161701354198e-05,-3.103187081876513e-05,0.8916681781411171,35857194.97535342,81.94737379869026,True
76500.0,3.103301645078191e-05,1.3893746825033304e-05,-3.097194483814292e-05,0.8754089325666428,35857853.08116234,81.9487087082257,True
76800.0,3.097087832684e-05,1.3855531364015405e-05,-3.0910042227105805e-05,0.8583689406514168,35858501.52772807,81.95015729993956,True
77100.0,3.091000107022892e-05,1.3792686985425462e-05,-3.084962040134087e-05,0.8408249616622925,35859140.0145963,81.95171510271962,True
77400.0,3.084969540684152e-05,1.3697441829663148e-05,-3.0790054466933725e-05,0.8211401030421257,35859768.25279549,81.95337720947336,True
77700.0,3.078782564244261e-05,1.3580653615008487e-05,-3.072910587320621e-05,0.8014095798134804,35860385.95928525,81.95513828906726,True
78000.0,3.0726684787562454e-05,1.3427921828679246e-05,-3.06691915028523e-05,0.7801825627684593,35860992.86431446,81.95699260293705,True
78300.0,3.066601954623119e-05,1.3247276655192763e-05,-3.060998018611372e-05,0.7568517550826073,35861588.707098074,81.95893400888735,True
78600.0,3.060484291177019e-05,1.3041470197094895e-05,-3.0550451214139684e-05,0.7331723794341087,35862173.23435091,81.96095597520548,True
78900.0,3.054433030248087e-05,1.280226439348553e-05,-3.049184051917564e-05,0.7075273618102074,35862746.20606185,81.96305159650338,True
79200.0,3.0484393917536483e-05,1.253110559673587e-05,-3.043403384594967e-05,0.6816107928752899,35863307.38883636,81.96521360383423,True
79500.0,3.0424894304762615e-05,1.2235860765485995e-05,-3.037681359785438e-05,0.6544168218970299,35863856.56192077,81.96743438047686,True
79800.0,3.036641173306977e-05,1.1920466704395949e-05,-3.032071727204766e-05,0.6248383820056915,35864393.51460364,81.9697059781304,True
80100.0,3.0308814303094327e-05,1.1575490532322874e-05,-3.026567094366328e-05,0.5948598608374596,35864918.0430109,81.97202013166503,True
80400.0,3.0250667712882774e-05,1.1201621305190201e-05,-3.021021385052336e-05,0.5632320195436478,35865429.95640615,81.97436827522702,True
80700.0,3.019496408498035e-05,1.0794433308092266e-05,-3.0157352355786315e-05,0.5306259542703629,35865929.07200015,81.97674156571594,True
81000.0,3.0139405994971265e-05,1.0369477251970238e-05,-3.010465559327713e-05,0.4965279921889305,35866415.21800759,81.97913089122315,True
81300.0,3.008414071375644e-05,9.903518844112114e-06,-3.0052405392666515e-05,0.46085258573293686,35866888.23197438,81.98152689822187,True
81600.0,3.003232142249871e-05,9.42292331274075e-06,-3.0003560340219337e-05,0.42335375398397446,35867347.96129562,81.98392001124074,True
81900.0,2.9980317549931484e-05,8.920982452309545e-06,-2.995451070830768e-05,0.3853311687707901,35867794.26142802,81.98630044397093,True
82200.0,2.9930289163917552e-05,8.381910731714015e-06,-2.990748335207627e-05,0.34591058641672134,35868226.99951778,81.98865823263536,True
82500.0,2.988197345010809e-05,7.827189563158754e-06,-2.9862066668329135e-05,0.303854838013649,35868646.052488066,81.9909832490569,True
82800.0,2.9834908254904096e-05,7.239605565700913e-06,-2.981786167310929e-05,0.26134905219078064,35869051.30314267,81.99326522539822,True
83100.0,2.9788927818398083e-05,6.6340786020191445e-06,-2.9774600037058008e-05,0.2172446846961975,35869442.64680188,81.99549377687664,True
83400.0,2.9745543110779603e-05,5.995510377942992e-06,-2.9733830587019838e-05,0.17175330221652985,35869819.98647991,81.99765842651578,True
83700.0,2.9704599831071524e-05,5.342206350178458e-06,-2.9695293136455803e-05,0.12529736757278442,35870183.23389709,81.99974862501249,True
84000.0,2.9665963608833126e-05,4.664547930133267e-06,-2.9658862828796373e-05,0.07688603550195694,35870532.310959466,82.00175377655769,True
84300.0,2.9629937399342323e-05,3.957763226480893e-06,-2.9624821834772774e-05,0.027302391827106476,35870867.14641938,82.00366326332177,True
84600.0,2.9595044593636276e-05,3.2198736903410463e-06,-2.959165634308647e-05,-0.024698980152606964,35871187.67951926,82.00546646775456,True
84900.0,2.9563499441654667e-05,2.475417375080724e-06,-2.9561495594521148e-05,-0.07677945494651794,35871493.85421376,82.00715280276613,True
85200.0,2.9534203643965574e-05,1.6947798258115654e-06,-2.9533263813164012e-05,-0.1309712827205658,35871785.62695372,82.00871172980536,True
85500.0,2.95077265998213e-05,9.007781045511365e-07,-2.95074609510948e-05,-0.18732111155986786,35872062.960153274,82.0101327886994,True
85800.0,2.9484324080313445e-05,8.003013363122591e-08,-2.9484321984796225e-05,-0.24407145380973816,35872325.8221899,82.01140562094524,True
86100.0,2.946335876057897e-05,-7.67589199313079e-07,-2.9463165688525805e-05,-0.30219995975494385,35872574.19175809,82.01251999420623,True
86400.0,2.9446188789856428e-05,-1.6352459510926565e-06,-2.9445312250686584e-05,-0.36245741695165634,35872808.05471766,82.01346583033401,True
86700.0,3.1104654341605414e-05,-3.467576334514888e-06,-3.110092357871963e-05,-0.17425940185785294,35873027.1527923,82.01423489720581,True
87000.0,3.1068632847163895e-05,-4.323707997855308e-06,-3.106282636622382e-05,-0.2539242208003998,35873232.00161151,82.01481412737523,True
87300.0,3.103700216449607e-05,-5.1909893841184385e-06,-3.1028624547957406e-05,-0.3353520929813385,35873422.341191396,82.01519574478006,True
87600.0,3.101072356725149e-05,-6.087013844080502e-06,-3.099919433680043e-05,-0.4186422675848007,35873598.18435131,82.01537052753321,True
87900.0,3.0989222554761564e-05,-7.003594021171011e-06,-3.0973948099699555e-05,-0.5043346509337425,35873759.55075345,82.01532952711831,True
88200.0,3.097387336483684e-05,-7.943123506493066e-06,-3.095421349996741e-05,-0.5902784243226051,35873906.46356866,82.01506409527155,True
88500.0,3.096248273662138e-05,-8.893651454400242e-06,-3.0937821946963595e-05,-0.6784665435552597,35874038.9561074,82.01456590157562,True
88800.0,3.0956699263136896e-05,-9.86533606806006e-06,-3.092634138113226e-05,-0.767748586833477,35874157.06432891,82.0138269631357,True
89100.0,3.095511098667345e-05,-1.0862684746371087e-05,-3.091828990875456e-05,-0.8589191511273384,35874260.83172645,82.01283965961001,True
89400.0,3.096102725873936e-05,-1.1875106707748273e-05,-3.091701243818079e-05,-0.9507513269782066,35874350.30515823,82.01159676221002,True
89700.0,3.0971500069183774e-05,-1.2901680463528464e-05,-3.0919537834961375e-05,-1.0449571833014488,35874425.53960679,82.01009144292561,True
90000.0,3.098877280915009e-05,-1.394308472413286e-05,-3.092808194082863e-05,-1.1403104439377785,35874486.59210195,82.0083173055796,True
90300.0,3.101008182981727e-05,-1.5013287907095219e-05,-3.093971830026021e-05,-1.2364555299282074,35874533.52533239,82.00626839417102,True
90600.0,3.103976659295199e-05,-1.6098331059311022e-05,-3.095888182258477e-05,-1.3344998732209206,35874566.40804286,82.00393922311527,True
90900.0,3.107388770591507e-05,-1.7206859212137715e-05,-3.0981504480109834e-05,-1.4335003942251205,35874585.31132837,82.00132477812589,True
91200.0,3.111338219984671e-05,-1.8329426183072428e-05,-3.100858850757504e-05,-1.5330548360943794,35874590.31103643,81.99842054548785,True
91500.0,3.11603219405436e-05,-1.9463822752641136e-05,-3.104221494254489e-05,-1.6346095204353333,35874581.488889314,81.99522252267172,True
91800.0,3.121359737767541e-05,-2.0626573359550093e-05,-3.108103884130742e-05,-1.7365443259477615,35874558.92738738,81.99172722729423,True
92100.0,3.1273621109987996e-05,-2.180467470225267e-05,-3.112559676310411e-05,-1.8401339501142502,35874522.71559275,81.98793171470575,True
92400.0,3.133915209143904e-05,-2.3001708200354187e-05,-3.117456370205218e-05,-1.9444034844636917,35874472.943812095,81.98383358530369,True
92700.0,3.141145499214116e-05,-2.421166556132448e-05,-3.122926659671066e-05,-2.0490830466151237,35874409.70638295,81.97943099884499,True
93000.0,3.149119321966603e-05,-2.5441705815865134e-05,-3.1290239633108285e-05,-2.1550260707736015,35874333.10192892,81.97472267950982,True
93300.0,3.157732710024171e-05,-2.6702077718709916e-05,-3.135623084915551e-05,-2.262121431529522,35874243.231113985,81.96970792210065,True
93600.0,3.1670994710805674e-05,-2.7968003223577398e-05,-3.1428757736762236e-05,-2.3693277463316917,35874140.19652447,81.96438660245394,True
93900.0,3.177009585412004e-05,-2.9255002289119147e-05,-3.1505420309940746e-05,-2.477949909865856,35874024.10579901,81.95875917525342,True
94200.0,3.1876969647962866e-05,-3.0551519046184694e-05,-3.158875770736813e-05,-2.5866459906101227,35873895.06649495,81.95282668602017,True
94500.0,3.1990661897606464e-05,-3.187909572943681e-05,-3.167737331466469e-05,-2.6965543925762177,35873753.19108079,81.9465907639981,True
94800.0,3.211105329948392e-05,-3.322060246091496e-05,-3.177143796051496e-05,-2.806270442903042,35873598.59178468,81.94005362803983,True
95100.0,3.2237730350452116e-05,-3.457723124711265e-05,-3.187048837105522e-05,-2.9165963903069496,35873431.385222554,81.93321808341399,True
95400.0,3.2372777035415416e-05,-3.595220090346629e-05,-3.197654007180972e-05,-3.0270050764083862,35873251.68874646,81.9260875225611,True
95700.0,3.251539342015414e-05,-3.734467796334684e-05,-3.2088776976024747e-05,-3.1385012045502663,35873059.623197116,81.91866591607099,True
96000.0,3.2663855808511794e-05,-3.876594342955286e-05,-3.2205157950215835e-05,-3.249342642724514,35872855.308523215,81.91095780923929,True
96300.0,3.28195314053357e-05,-4.019137432464959e-05,-3.232762175287007e-05,-3.361199639737606,35872638.86984539,81.9029683209075,True
96600.0,3.298300508537987e-05,-4.163597563433541e-05,-3.2456389703838795e-05,-3.472116895020008,35872410.430329755,81.89470313010943,True
96900.0,3.3153721263067656e-05,-4.309917386535744e-05,-3.259088624929518e-05,-3.583952769637108,35872170.118545644,81.88616846807521,True
97200.0,3.333179300015503e-05,-4.4582363273093506e-05,-3.273116377044971e-05,-3.695281356573105,35871918.06129266,81.87737110951524,True
97500.0,3.351766042038754e-05,-4.6079530761744536e-05,-3.287781223093589e-05,-3.8067962750792503,35871654.388936624,81.86831836119792,True
97800.0,3.370975252794345e-05,-4.75986228138936e-05,-3.302898906554219e-05,-3.9186590537428856,35871379.23269664,81.8590180465032,True
98100.0,3.3909000196390915e-05,-4.9128736179682164e-05,-3.3185935294000046e-05,-4.029533304274082,35871092.72362479,81.84947849735971,True
98400.0,3.411642192383139e-05,-5.068358484550117e-05,-3.334927062326187e-05,-4.139503449201584,35870794.99547712,81.83970853590452,True
98700.0,3.433125834652404e-05,-5.2257629107543835e-05,-3.3518358634410106e-05,-4.249808855354786,35870486.18440652,81.82971745821025,True
99000.0,3.455205900198036e-05,-5.3832998816005784e-05,-3.3692269497009875e-05,-4.35973434895277,35870166.42581848,81.81951501865812,True
99300.0,3.4780419522517016e-05,-5.543534689422813e-05,-3.387181085656721e-05,-4.468290746212006,35869835.85602334,81.80911141447967,True
99600.0,3.501628661703381e-05,-5.706354579615436e-05,-3.405692822866513e-05,-4.577093847095966,35869494.61509328,81.79851726482913,True
99900.0,3.525969462075956e-05,-5.868908277761875e-05,-3.4248619613208575e-05,-4.6852196380496025,35869142.841701604,81.78774359358698,True
100200.0,3.550936010625193e-05,-6.034620051309503e-05,-3.4444376282749545e-05,-4.791352331638336,35868780.675260894,81.77680180496314,True
100500.0,3.576653311933941e-05,-6.201497549795931e-05,-3.4646167890173274e-05,-4.898047834634781,35868408.260182366,81.76570367098195,True
100800.0,3.603183649430688e-05,-6.370046875758817e-05,-3.485445449769031e-05,-5.002660073339939,35868025.73680391,81.75446130438957,True
101100.0,3.630342613862152e-05,-6.540168368474042e-05,-3.506736257463672e-05,-5.107451893389225,35867633.251508094,81.74308713617883,True
101400.0,3.65814178761142e-05,-6.711026748007498e-05,-3.5285333780166184e-05,-5.209918566048145,35867230.947058015,81.73159389810591,True
101700.0,3.6867189275082855e-05,-6.884838762744039e-05,-3.550892358816782e-05,-5.312762476503849,35866818.9725897,81.719994597931,True
102000.0,3.7159326633244684e-05,-7.05969275429652e-05,-3.573741358309235e-05,-5.413265608251095,35866397.47300691,81.70830249510801,True
102300.0,3.745958708139198e-05,-7.236018080902795e-05,-3.597246445963265e-05,-5.5128373727202415,35865966.59855622,81.69653108121014,True
102600.0,3.776595544638061e-05,-7.414149584406005e-05,-3.621184056612492e-05,-5.610487550497055,35865526.49833166,81.68469405017717,True
102900.0,3.807812253842545e-05,-7.592416875468189e-05,-3.6455941383906065e-05,-5.7072566375136375,35865077.32474089,81.6728052811772,True
103200.0,3.8399042949863477e-05,-7.774210428124206e-05,-3.670638309927199e-05,-5.803111664950848,35864619.2304412,81.66087881338237,True
103500.0,3.872619874704675e-05,-7.955660854008784e-05,-3.6962248401550823e-05,-5.8964113891124725,35864152.36784829,81.64892881832702,True
103800.0,3.9059784055184594e-05,-8.13943859157007e-05,-3.722255848970235e-05,-5.988998681306839,35863676.89427629,81.63696957845595,True
104100.0,3.940075556167624e-05,-8.324427901129638e-05,-3.748883118248614e-05,-6.079787477850914,35863192.96557531,81.62501546577644,True
104400.0,3.974709076321468e-05,-8.51054080612812e-05,-3.775900106006702e-05,-6.168615162372589,35862700.74003772,81.61308091193652,True
104700.0,4.010007476238733e-05,-8.697800194568117e-05,-3.803442685068603e-05,-6.255457028746605,35862200.37766948,81.60118039150112,True
105000.0,4.0460983318727396e-05,-8.886287781706415e-05,-3.831643745400015e-05,-6.34102339297533,35861692.040846564,81.58932839492212,True
105300.0,4.08261392935173e-05,-9.075805724023667e-05,-3.8601271555194216e-05,-6.42458476126194,35861175.89220189,81.57753940009738,True
105600.0,4.119901608328813e-05,-9.265684906267779e-05,-3.8892967424430935e-05,-6.506166398525238,35860652.096883945,81.56582786211516,True
105900.0,4.1577173092473757e-05,-9.457733074214048e-05,-3.9188045363403035e-05,-6.585459016263485,35860120.82153337,81.55420817506511,True
106200.0,4.19630394250073e-05,-9.649796078292638e-05,-3.949022159588367e-05,-6.663266994059086,35859582.23579867,81.54269466418755,True
106500.0,4.2353277621095145e-05,-9.842605226140222e-05,-3.979561314793045e-05,-6.738852940499783,35859036.50974983,81.53130154885433,True
106800.0,4.275019813660546e-05,-0.0001003683459828153,-4.010634441442562e-05,-6.812401458621025,35858483.81641237,81.5200429343243,True
107100.0,4.315328435227834e-05,-0.0001023141421399032,-4.0422479841595305e-05,-6.883915260434151,35857924.33073451,81.50893278222372,True
107400.0,4.356138521559892e-05,-0.0001042671905224779,-4.074262771780468e-05,-6.95274693518877,35857358.22919101,81.49798489012494,True
107700.0,4.397428975249564e-05,-0.00010621510671171563,-4.1067299662245205e-05,-7.020432151854038,35856785.69268864,81.4872128743331,True
108000.0,4.439359025381508e-05,-0.00010818224365038986,-4.139686798509956e-05,-7.085244819521904,35856206.901194185,81.47663014774395,True
108300.0,4.481707838860793e-05,-0.00011014059245439967,-4.17306071085477e-05,-7.148908458650112,35855622.04051834,81.46624989928046,True
108600.0,4.524715674482315e-05,-0.00011210612427703381,-4.207023026481238e-05,-7.209332711994648,35855031.295124896,81.45608507833997,True
108900.0,4.5680307401648844e-05,-0.00011405888426452293,-4.241318241327008e-05,-7.26751121878624,35854434.855100475,81.44614836952735,True
109200.0,4.611887757232486e-05,-0.00011602895833107141,-4.2760256462770485e-05,-7.3247741758823395,35853832.91347864,81.43645218225869,True
109500.0,4.656247815241575e-05,-0.00011799879516161127,-4.3112122014576926e-05,-7.378365144133568,35853225.6618871,81.42700862983926,True
109800.0,4.701055488436135e-05,-0.00011995221541383216,-4.3469229950687804e-05,-7.430620893836021,35852613.29979683,81.4178295124899,True
110100.0,4.746106883536699e-05,-0.00012191000897132653,-4.382816558745617e-05,-7.480814136564732,35851996.02643284,81.40892629740682,True
110400.0,4.7917673608663934e-05,-0.0001238672482486436,-4.41932356380903e-05,-7.528560623526573,35851374.04424765,81.4003101146511,True
110700.0,4.837862575711103e-05,-0.000125830835997931,-4.456217141068919e-05,-7.5745673924684525,35850747.55973389,81.39199172775696,True
111000.0,4.8841978374651804e-05,-0.0001277762560789597,-4.4934463119261636e-05,-7.6180679723620415,35850116.780922,81.38398152758253,True
111300.0,4.930812062328494e-05,-0.00012971486557944445,-4.5309878345278776e-05,-7.659495465457439,35849481.920113474,81.37628951696372,True
111600.0,4.978065586360643e-05,-0.00013165115251467796,-4.569210862825912e-05,-7.698946639895439,35848843.192402326,81.36892530111885,True
111900.0,5.025448102438164e-05,-0.00013358283547404426,-4.607579988658017e-05,-7.736922040581703,35848200.81647009,81.36189806206653,True
112200.0,5.073195243294133e-05,-0.00013550458169220292,-4.646392335416749e-05,-7.772134184837341,35847555.012445554,81.3552165640162,True
112500.0,5.1213503862340386e-05,-0.00013741659699917363,-4.685700187678776e-05,-7.805835925042629,35846906.00628163,81.34888913125154,True
112800.0,5.169692430395238e-05,-0.00013931352384588536,-4.72530365698276e-05,-7.83736015856266,35846254.025339805,81.34292363735233,True
113100.0,5.2184311433303856e-05,-0.00014121354877261183,-4.7653162539518235e-05,-7.866365887224674,35845599.30067731,81.33732750078707,True
113400.0,5.267357622681884e-05,-0.0001430965488111724,-4.805649396644185e-05,-7.894404292106628,35844942.06865015,81.33210767033931,True
113700.0,5.316634179238607e-05,-0.00014496100249061783,-4.8464975023421175e-05,-7.920425698161125,35844282.56645282,81.32727062118393,True
114000.0,5.366051485420958e-05,-0.00014682525682019332,-4.887511705931047e-05,-7.944308541715145,35843621.03567543,81.32282233849557,True
114300.0,5.415816048612848e-05,-0.00014866948407643577,-4.929058866309788e-05,-7.966164872050285,35842957.721632436,81.31876832255806,True
114600.0,5.4659128508975156e-05,-0.00015050232087787663,-4.9710689481230474e-05,-7.986445724964142,35842292.8734864,81.3151135704042,True
114900.0,5.516174358371898e-05,-0.00015232390273922647,-5.0133616568359685e-05,-8.004876732826233,35841626.743196435,81.31186257289602,True
115200.0,5.566457952086976e-05,-0.00015412184032470577,-5.055870610704005e-05,-8.021297685801983,35840959.58636517,81.30901931142999,True
115500.0,5.617113953511684e-05,-0.00015590618423289015,-5.098916430767986e-05,-8.035813428461552,35840291.662391044,81.30658725577891,True
115800.0,5.66810054848942e-05,-0.00015767795082410885,-5.142450446271596e-05,-8.048899069428444,35839623.23456899,81.30456935228872,True
116100.0,5.7190495944634847e-05,-0.00015942707838689785,-5.186141552826484e-05,-8.060142993927002,35838954.56882243,81.3029680211568,True
116400.0,5.7703710215388866e-05,-0.00016116066547056107,-5.230395886712813e-05,-8.06970962882042,35838285.93514838,81.30178516368645,True
116700.0,5.821800983908548e-05,-0.0001628791520715822,-5.274922972375862e-05,-8.07753710448742,35837617.60679071,81.30102214565522,True
117000.0,5.873396972377798e-05,-0.00016456685207799637,-5.31990048955322e-05,-8.082611061632633,35836949.859482296,81.30067980731992,True
117300.0,5.925082207624862e-05,-0.00016624560484501671,-5.365092427211948e-05,-8.087241470813751,35836282.975683056,81.30075845360369,True
117600.0,5.976879805816286e-05,-0.00016789172556741505,-5.41069487525192e-05,-8.08922903239727,35835617.23669964,81.30125786220984,True
117900.0,6.029044663694921e-05,-0.00016951747375060222,-5.456905201128848e-05,-8.08993149548769,35834952.93069761,81.30217727962001,True
118200.0,6.0811806496073684e-05,-0.00017112523818241243,-5.5032710122304707e-05,-8.088222853839397,35834290.3465982,81.3035154155404,True
118500.0,6.133428599112457e-05,-0.00017269901894678696,-5.550063526982285e-05,-8.085271030664444,35833629.77878546,81.30527045824263,True
118800.0,6.185829246902753e-05,-0.00017424450595626695,-5.597288917158494e-05,-8.080172091722488,35832971.52266147,81.3074400669368,True
119100.0,6.238225186122498e-05,-0.00017576628656001958,-5.644741787591556e-05,-8.073527209460735,35832315.87813584,81.31002137521727,True
119400.0,6.290811134083712e-05,-0.00017726736251688635,-5.692616861097122e-05,-8.065021008253098,35831663.14710751,81.31301100074262,True
119700.0,6.343546636306144e-05,-0.0001787256913701185,-5.741026429006979e-05,-8.0548500046134,35831013.63478813,81.31640504462771,True
120000.0,6.39618566888837e-05,-0.00018015836934637264,-5.789577205916885e-05,-8.041669525206089,35830367.64753455,81.32019909208195,True
120300.0,6.448986771227496e-05,-0.00018155967055122346,-5.838595129148416e-05,-8.027836956083775,35829725.49796858,81.32438823018197,True
120600.0,6.501662580732037e-05,-0.00018292073639258888,-5.8878245752680414e-05,-8.011188320815563,35829087.496620946,81.32896704104209,True
120900.0,6.554546396104293e-05,-0.00018425912713837533,-5.937508359465937e-05,-7.992530070245266,35828453.959280856,81.33392961944826,True
121200.0,6.607376815075193e-05,-0.00018554836714201883,-5.9875428050304436e-05,-7.972669817507267,35827825.20387525,81.33926957189655,True
121500.0,6.66015535274229e-05,-0.0001868031236256229,-6.037824000770797e-05,-7.950006909668446,35827201.54789856,81.34498002819781,True
121800.0,6.712948982511519e-05,-0.00018801776414534288,-6.0884627657742385e-05,-7.925544649362564,35826583.31325439,81.35105365242448,True
122100.0,6.765748935640137e-05,-0.0001891886242333385,-6.139471722121925e-05,-7.8983385264873505,35825970.82152403,81.35748264923072,True
122400.0,6.818405652232649e-05,-0.0001903170817740829,-6.190672687012011e-05,-7.8702743500471115,35825364.39855532,81.36425877302783,True
122700.0,6.871000000369608e-05,-0.00019140152653562836,-6.242161869352003e-05,-7.8388111144304276,35824764.36700685,81.371373343389,True
123000.0,6.923636659781257e-05,-0.00019243780877786776,-6.294078346513743e-05,-7.805189490318298,35824171.054348834,81.37881725413416,True
123300.0,6.975966836176251e-05,-0.0001934282904585416,-6.346016931502163e-05,-7.770383775234222,35823584.7885978,81.38658097950444,True
123600.0,7.02838060322993e-05,-0.00019436884605283922,-6.398429219700574e-05,-7.732994839549065,35823005.89598376,81.39465460086113,True
123900.0,7.080675241162892e-05,-0.00019525352644222949,-6.451126245110572e-05,-7.693727128207684,35822434.70519231,81.40302780503802,True
124200.0,7.132608925882889e-05,-0.00019608645112612066,-6.503807843216691e-05,-7.6516833156347275,35821871.543415725,81.41168990359354,True
124500.0,7.18455088387714e-05,-0.0001968651033621427,-6.55688894113382e-05,-7.607759818434715,35821316.73949664,81.42062985566028,True
124800.0,7.236295818669753e-05,-0.00019758679383130584,-6.610154494524068e-05,-7.5610132068395615,35820770.620034434,81.4298362697001,True
125100.0,7.2876920858464e-05,-0.00019824391247880158,-6.663480587576487e-05,-7.5120420306921005,35820233.51249891,81.43929742653292,True
125400.0,7.338968853169725e-05,-0.00019884294587768636,-6.71706601593769e-05,-7.461813494563103,35819705.74378146,81.44900129807455,True
125700.0,7.390066453047486e-05,-0.0001993796674355508,-6.77086383831238e-05,-7.4085362404584885,35819187.63678501,81.4589355586655,True
126000.0,7.440699044174889e-05,-0.0001998516727041988,-6.824567907415258e-05,-7.3535048216581345,35818679.51597852,81.46908760253052,True
126300.0,7.491198297243675e-05,-0.00020025639150844654,-6.878546251698481e-05,-7.295115225017071,35818181.701116405,81.47944457127521,True
126600.0,7.541398838125914e-05,-0.0002005950593968464,-6.932599661979566e-05,-7.235489271581173,35817694.51356023,81.48999336018635,True
126900.0,7.591186120572994e-05,-0.0002008560740023313,-6.986665630392963e-05,-7.1729617565870285,35817218.26845775,81.50072064452226,True
127200.0,7.640723826731665e-05,-0.00020105585747387522,-7.040806941915889e-05,-7.1085255071520805,35816753.2808745,81.51161289916885,True
127500.0,7.689986211294686e-05,-0.00020117721840051672,-7.095090977315976e-05,-7.041781410574913,35816299.861425444,81.52265641770043,True
127800.0,7.738817958755464e-05,-0.00020122017406265513,-7.149335711176263e-05,-6.972411669790745,35815858.317425825,81.53383733058381,True
128100.0,7.787163243427242e-05,-0.00020118808845381864,-7.203447130166296e-05,-6.902001805603504,35815428.95438666,81.5451416297509,True
128400.0,7.83516888114119e-05,-0.00020108347092673284,-7.257556130468856e-05,-6.828671857714653,35815012.07031646,81.5565551915919,True
128700.0,7.882770351567608e-05,-0.0002008991631328172,-7.311622587735656e-05,-6.75270339846611,35814607.96101571,81.56806379502058,True
129000.0,7.92986226947593e-05,-0.00020062693027966816,-7.365567063288836e-05,-6.675323665142059,35814216.91852674,81.57965314518493,True
129300.0,7.976492324784438e-05,-0.00020027813940259875,-7.419359855020957e-05,-6.595311157405376,35813839.22740313,81.5913088970897,True
129600.0,8.022838614098615e-05,-0.000199847164935818,-7.473210929731522e-05,-6.513475641608238,35813475.16885272,81.60301668053026,True
129900.0,8.068523300304887e-05,-0.0001993237537760706,-7.526757661935335e-05,-6.429344892501831,35813125.017086945,81.61476211527143,True
130200.0,8.113685880570886e-05,-0.00019872499200346283,-7.580038582943871e-05,-6.344151057302952,35812789.04197001,81.62653084431571,True
130500.0,8.15847166236412e-05,-0.00019803182891564575,-7.633300774045892e-05,-6.2557163164019585,35812467.50356821,81.63830855569441,True
130800.0,8.202538613399784e-05,-0.0001972474319700268,-7.686144469687406e-05,-6.166667513549328,35812160.660029806,81.6500809977755,True
131100.0,8.24610497950123e-05,-0.00019638210079619967,-7.738732008988336e-05,-6.0744268000125885,35811868.75724281,81.66183401531498,True
131400.0,8.289154249595354e-05,-0.00019542378942105643,-7.791095259790382e-05,-5.980994343757629,35811592.03828789,81.67355356654465,True
131700.0,8.331608694336536e-05,-0.00019437666566091139,-7.843113516514677e-05,-5.885421387851238,35811330.73558469,81.68522574696712,True
132000.0,8.373514989036807e-05,-0.000193235520299595,-7.894847747991207e-05,-5.787898734211922,35811085.07465781,81.6968368166674,True
132300.0,8.4148117147419e-05,-0.0001920154644494687,-7.946140478054531e-05,-5.689751781523228,35810855.27381406,81.70837322017881,True
132600.0,8.455450423617464e-05,-0.00019069660373816077,-7.997026368400384e-05,-5.589046984910965,35810641.53943616,81.71982161430034,True
132900.0,8.495512709289815e-05,-0.0001892820116324856,-8.047559693125095e-05,-5.486312225461006,35810444.071396574,81.73116888987208,True
133200.0,8.534959445033519e-05,-0.00018778815933728765,-8.097603924284158e-05,-5.382394656538963,35810263.06061516,81.74240219290195,True
133500.0,8.573605779095635e-05,-0.00018618723072449939,-8.147083163123625e-05,-5.277792438864708,35810098.68809806,81.75350894998304,True
133800.0,8.61171414384125e-05,-0.0001845098478838736,-8.196113735436938e-05,-5.169874206185341,35809951.12187184,81.76447689212657,True
134100.0,8.649161392407561e-05,-0.00018273931107160024,-8.244630632248118e-05,-5.061762191355228,35809820.52558998,81.77529407309487,True
134400.0,8.685876183119917e-05,-0.00018087153364376718,-8.292562338851894e-05,-4.952378109097481,35809707.048310794,81.78594889270997,True
134700.0,8.721826140593933e-05,-0.0001789220624743848,-8.339791524747397e-05,-4.841524161398411,35809610.82932008,81.79643011745301,True
135000.0,8.757263132030457e-05,-0.0001768853252599456,-8.386593684406307e-05,-4.7288486659526825,35809531.99684854,81.806726905212,True
135300.0,8.791830767402418e-05,-0.0001747597042651705,-8.432590152551711e-05,-4.6159573122859,35809470.669945344,81.81682881448282,True
135600.0,8.82573499136802e-05,-0.00017254561669233226,-8.477981116072897e-05,-4.501102454960346,35809426.95294094,81.82672583562076,True
135900.0,8.85891852339171e-05,-0.00017025075266019485,-8.522662776044854e-05,-4.385498590767384,35809400.941547446,81.83640840012313,True
136200.0,8.891273903133562e-05,-0.0001678718317066341,-8.566525579567497e-05,-4.269463986158371,35809392.71879773,81.84586740085523,True
136500.0,8.92305249932594e-05,-0.0001654110787967511,-8.609810220150393e-05,-4.1514579728245735,35809402.35389227,81.85509421193176,True
136800.0,8.953964963003486e-05,-0.00016287199863995738,-8.652192283875593e-05,-4.033685952425003,35809429.907627024,81.8640806949058,True
137100.0,8.984159094343264e-05,-0.00016025320252310848,-8.693820120697637e-05,-3.914398305118084,35809475.42452847,81.87281922346072,True
137400.0,9.013740212695883e-05,-0.00015756183341864016,-8.734766210238831e-05,-3.7947760447859764,35809538.93958923,81.88130269115709,True
137700.0,9.042418449940538e-05,-0.00015479808166674047,-8.774722077475872e-05,-3.6747331619262695,35809620.473934636,81.88952452048994,True
138000.0,9.070312485500645e-05,-0.00015195557136848947,-8.81382387802887e-05,-3.553449012339115,35809720.03523361,81.89747868208164,True
138300.0,9.097397124636785e-05,-0.00014905735469028514,-8.851958747868593e-05,-3.4324057176709175,35809837.62062963,81.90515969747214,True
138600.0,9.123758149988367e-05,-0.0001460822567764808,-8.889279610002632e-05,-3.310857906937599,35809973.21211896,81.91256265274814,True
138900.0,9.149370206936175e-05,-0.0001430501546622054,-8.925687652094894e-05,-3.188294067978859,35810126.77893592,81.91968320056795,True
139200.0,9.174205981174389e-05,-0.00013994579290965703,-8.961197175949565e-05,-3.065826542675495,35810298.27888216,81.92651756970203,True
139500.0,9.198219597334855e-05,-0.00013679610333383607,-8.995671959155516e-05,-2.9439639300107956,35810487.65605456,81.933062566957,True
139800.0,9.221579542698698e-05,-0.0001335943752565072,-9.029301908469733e-05,-2.8206388354301453,35810694.838843815,81.93931558514942,True
140100.0,9.244003810362059e-05,-0.00013032541360757932,-9.061838076718232e-05,-2.6982299238443375,35810919.74694394,81.94527459729541,True
140400.0,9.265740069777645e-05,-0.0001270202953662647,-9.093440493757043e-05,-2.5757879689335823,35811162.2835814,81.95093816555232,True
140700.0,9.286504207673097e-05,-0.00012366535329988437,-9.123855912207546e-05,-2.453801728785038,35811422.34030089,81.95630543207457,True
141000.0,9.306833701555932e-05,-0.00012027034614447984,-9.153602654521364e-05,-2.3321415930986404,35811699.79494465,81.96137612855765,True
141300.0,9.3261347214953e-05,-0.00011683614673074771,-9.182072845703715e-05,-2.2108663469552994,35811994.512511596,81.96615055357718,True
141600.0,9.344778668489419e-05,-0.00011337269779687631,-9.209618760053218e-05,-2.0896175131201744,35812306.34461998,81.97062958839865,True
141900.0,9.362517679856549e-05,-0.00010987003773266224,-9.236012635938096e-05,-1.9687558934092522,35812635.13072877,81.97481467516614,True
142200.0,9.379617280104635e-05,-0.000106350368554331,-9.26147211970374e-05,-1.849229820072651,35812980.69810673,81.97870781941211,True
142500.0,9.39587693832027e-05,-0.00010279919570166385,-9.285828372185279e-05,-1.730156548321247,35813342.85953073,81.98231157268046,True
142800.0,9.411318924728567e-05,-9.923499368369448e-05,-9.309065160323371e-05,-1.6121366992592812,35813721.41673305,81.98562902757527,True
143100.0,9.426084881987408e-05,-9.56462152714721e-05,-9.331352242725188e-05,-1.4949632659554482,35814116.15825896,81.98866380650263,True
143400.0,9.440102280971858e-05,-9.205160336023255e-05,-9.352580819665945e-05,-1.3782558292150497,35814526.860265024,81.99142004421813,True
143700.0,9.45338422026668e-05,-8.843941819236534e-05,-9.372790201211956e-05,-1.262630619108677,35814953.28786868,81.99390237811386,True
144000.0,9.46595849870093e-05,-8.483954667326543e-05,-9.391957512150384e-05,-1.1487473398447037,35815395.19438959,81.99611593100897,True
144300.0,9.47762800674494e-05,-8.122308196334416e-05,-9.409940719251608e-05,-1.0356557741761208,35815852.31990545,81.9980662943931,True
144600.0,9.488743837558094e-05,-7.761247968574025e-05,-9.427058780886455e-05,-0.9243485108017921,35816324.39502864,81.99975951701407,True
144900.0,9.49917798343174e-05,-7.400917161248799e-05,-9.443186377211532e-05,-0.8139335885643959,35816811.137316674,82.00120207763767,True
145200.0,9.508705157963894e-05,-7.04206463524315e-05,-9.458092084457803e-05,-0.7051714211702347,35817312.25506099,82.00240086932752,True
145500.0,9.51765990367751e-05,-6.684006393697928e-05,-9.472128982679351e-05,-0.5979793220758438,35817827.44505645,82.00336318639182,True
145800.0,9.525803894546274e-05,-6.327557227336911e-05,-9.485052338220612e-05,-0.4924202412366867,35818356.39386835,82.00409669180671,True
146100.0,9.533338595562642e-05,-5.9741355812548136e-05,-9.497054125517934e-05,-0.3886674866080284,35818898.77808765,82.00460940607734,True
146400.0,9.540133902083509e-05,-5.621784623599524e-05,-9.508035668659431e-05,-0.2861132025718689,35819454.26374238,82.00490967781263,True
146700.0,9.546290375254295e-05,-5.27308383198033e-05,-9.518075212611166e-05,-0.18566010147333145,35820022.50890379,82.00500616564817,True
147000.0,9.55159706425611e-05,-4.926476538003044e-05,-9.526986991659214e-05,-0.08727909624576569,35820603.16156939,82.00490781055004,True
147300.0,9.556501160094237e-05,-4.5839464945629516e-05,-9.535207459521189e-05,0.009708799421787262,35821195.860281266,82.00462382092132,True
147600.0,9.560603962506779e-05,-4.245548927883647e-05,-9.542346779767286e-05,0.10333600640296936,35821800.23776871,82.00416363395955,True
147900.0,9.564141365537742e-05,-3.9098601916975895e-05,-9.548662747249637e-05,0.19635995477437973,35822415.91393252,82.00353690590458,True
148200.0,9.566837457359077e-05,-3.5789024678933856e-05,-9.553871204559528e-05,0.2862628921866417,35823042.50621001,82.00275347538164,True
148500.0,9.569103999821485e-05,-3.252419185173494e-05,-9.558396851616635e-05,0.37399304658174515,35823679.621207096,82.0018233509445,True
148800.0,9.570842106884122e-05,-2.9301717802354688e-05,-9.562151755915238e-05,0.4602247029542923,35824326.85881932,82.00075667375788,True
149100.0,9.571849673395268e-05,-2.613087593772434e-05,-9.564937704453769e-05,0.5434625297784805,35824983.81451572,81.99956369644062,True
149400.0,9.572158681291861e-05,-2.300587351555805e-05,-9.566799936067127e-05,0.6243907883763313,35825650.07538454,81.99825476140862,True
149700.0,9.571981392480906e-05,-1.99482814196017e-05,-9.567951188671486e-05,0.7038786113262177,35826325.222528875,81.9968402749677,True
150000.0,9.571303548480248e-05,-1.6934074778873764e-05,-9.568398141368561e-05,0.7800047025084496,35827008.834448025,81.99533067853325,True
150300.0,9.570055856432997e-05,-1.3977411811083584e-05,-9.568075492438766e-05,0.8541753888130188,35827700.481330425,81.99373642508701,True
150600.0,9.568277508727574e-05,-1.1078321051627427e-05,-9.567032755342098e-05,0.9252641722559929,35828399.731329165,81.99206795637703,True
150900.0,9.56603824421886e-05,-8.246635076147868e-06,-9.565348059936696e-05,0.9939750209450722,35829106.146616995,81.99033567765402,True
151200.0,9.563191856151653e-05,-5.469280779379915e-06,-9.56288805866734e-05,1.0613414347171783,35829819.28530839,81.98854993118607,True
151500.0,9.560021698461386e-05,-2.76692128409195e-06,-9.55994388647241e-05,1.1252490133047104,35830538.70536033,81.98672097890044,True
151800.0,9.55631204697622e-05,-1.2283913974897587e-07,-9.556311893277325e-05,1.1868881434202194,35831263.958544314,81.98485896988275,True
152100.0,9.552138354594671e-05,2.4517449332961405e-06,-9.552077152363836e-05,1.2455169931054115,35831994.59610889,81.98297392535785,True
152400.0,9.547511643109329e-05,4.957639362146438e-06,-9.547261153386444e-05,1.3020997047424316,35832730.16556713,81.98107571280887,True
152700.0,9.5425392936309e-05,7.39057315968239e-06,-9.541982062444276e-05,1.3557039722800255,35833470.214724295,81.97917402575347,True
153000.0,9.537249007185863e-05,9.761707048028256e-06,-9.536275848631703e-05,1.4076474756002426,35834214.28795539,81.97727836069943,True
153300.0,9.53148117507568e-05,1.2059539812980802e-05,-9.529994314050327e-05,1.4573026597499847,35834961.93082269,81.97539799547195,True
153600.0,9.52526418583502e-05,1.4274351428866794e-05,-9.523178647441455e-05,1.5033702328801155,35835712.68922211,81.97354197293201,True
153900.0,9.518872343056217e-05,1.6424245131929638e-05,-9.516108082152641e-05,1.5476106628775597,35836466.10606855,81.97171908210936,True
154200.0,9.512158119380727e-05,1.8496335087547777e-05,-9.508648219025417e-05,1.5893790200352669,35837221.727174185,81.96993783302374,True
154500.0,9.504970177760096e-05,2.049993480568446e-05,-9.500653385430269e-05,1.6292191222310066,35837979.09806336,81.96820644276427,True
154800.0,9.497535863038841e-05,2.2416232297928218e-05,-9.492367887276032e-05,1.6661174669861794,35838737.76712267,81.96653282229707,True
155100.0,9.489880359428371e-05,2.426225370300017e-05,-9.483818567446178e-05,1.7008038833737373,35839497.28269913,81.96492455394691,True
155400.0,9.481873239101503e-05,2.601947920766179e-05,-9.474892704020021e-05,1.7333775460720062,35840257.19586669,81.96338887651451,True
155700.0,9.473759153179078e-05,2.77045684811128e-05,-9.465835161392988e-05,1.7630231082439423,35841017.06109639,81.96193267538378,True
156000.0,9.465198642314821e-05,2.9310152285688673e-05,-9.456318103673311e-05,1.7907424569129944,35841776.4339038,81.96056245916951,True
156300.0,9.45650917120969e-05,3.0835688278330053e-05,-9.446667500867534e-05,1.8167378678917885,35842534.87383721,81.95928435876311,True
156600.0,9.447723105082527e-05,3.228761585205575e-05,-9.436919067695726e-05,1.8399599641561508,35843291.94529324,81.95810410551438,True
156900.0,9.438490022376074e-05,3.365203281191498e-05,-9.426738368745191e-05,1.8609856739640236,35844047.21499381,81.95702701890893,True
157200.0,9.429269894731681e-05,3.4931207437693956e-05,-9.41659181137311e-05,1.8805362433195114,35844800.25381379,81.95605800761996,True
157500.0,9.419662367165996e-05,3.6132745719896775e-05,-9.406079729501471e-05,1.8974121436476707,35845550.63918276,81.9552015430541,True
157800.0,9.40997995393979e-05,3.7245143630570965e-05,-9.395529954758786e-05,1.9125575050711632,35846297.95134683,81.95446166638408,True
158100.0,9.400190376045858e-05,3.827844142278991e-05,-9.38490855588725e-05,1.925338663160801,35847041.77740646,81.95384196964312,True
158400.0,9.390038210907444e-05,3.9235207680121675e-05,-9.37396288520631e-05,1.936265341937542,35847781.70890085,81.95334559003699,True
158700.0,9.379963927359526e-05,4.009729360632264e-05,-9.363154175900945e-05,1.9453031942248344,35848517.343789764,81.95297521305169,True
159000.0,9.369660472272954e-05,4.088213739805724e-05,-9.352165309906013e-05,1.9516798704862595,35849248.28693081,81.95273305221949,True
159300.0,9.359120550031397e-05,4.158948104304727e-05,-9.340993224782324e-05,1.9560121595859528,35849974.148223825,81.95262085563834,True
159600.0,9.348538855770098e-05,4.221059350584255e-05,-9.32984440993323e-05,1.9583997875452042,35850694.54477654,81.95263990143413,True
159900.0,9.337886379503214e-05,4.273839385859901e-05,-9.318699827076671e-05,1.9590054899454117,35851409.10057202,81.95279099083173,True
160200.0,9.327047581415405e-05,4.318205174058676e-05,-9.307438762107267e-05,1.9579708278179169,35852117.4467878,81.95307444772975,True
160500.0,9.316227303971103e-05,4.355001422595706e-05,-9.296261356439572e-05,1.9540265053510666,35852819.22340783,81.95349012217793,True
160800.0,9.305282999236534e-05,4.383137832064676e-05,-9.285036848893924e-05,1.9491101652383804,35853514.074814335,81.95403738402942,True
161100.0,9.294266203310692e-05,4.402669281944327e-05,-9.273818176325221e-05,1.941976860165596,35854201.65637377,81.95471512917133,True
161400.0,9.283161727638134e-05,4.4145916319848766e-05,-9.262582139513142e-05,1.931817814707756,35854881.631001554,81.95552177892684,True
161700.0,9.27203930362943e-05,4.417564576897348e-05,-9.25141194443313e-05,1.9209408462047577,35855553.66665191,81.95645528479362,True
162000.0,9.260779294883239e-05,4.4121866437762947e-05,-9.240182500036553e-05,1.9076309204101562,35856217.443614244,81.9575131291225,True
162300.0,9.249538565533422e-05,4.398331952870649e-05,-9.229052109560598e-05,1.891941636800766,35856872.64886533,81.9586923347674,True
162600.0,9.238317690561505e-05,4.3753245392963436e-05,-9.218027071256074e-05,1.8738387525081635,35857518.97805604,81.95998946636867,True
162900.0,9.226996053072888e-05,4.34493087766441e-05,-9.206969049557756e-05,1.854687638580799,35858156.134140894,81.96140063696627,True
163200.0,9.215776105144862e-05,4.3053458199437955e-05,-9.19609615976924e-05,1.832577146589756,35858783.832157634,81.96292152044401,True
163500.0,9.204550291545232e-05,4.258938250245592e-05,-9.185276987011548e-05,1.8086255937814713,35859401.79301182,81.96454735279258,True
163800.0,9.193326423805172e-05,4.2031406621845235e-05,-9.174540396372777e-05,1.7825249210000038,35860009.74800953,81.96627294641442,True
164100.0,9.182084813519364e-05,4.1397035289492123e-05,-9.163847995807828e-05,1.753742627799511,35860607.43771967,81.96809269792877,True
164400.0,9.170916289503921e-05,4.0671604836006736e-05,-9.153300482012128e-05,1.7240123227238655,35861194.60953447,81.97000060118168,True
164700.0,9.15998038303473e-05,3.986766088814875e-05,-9.14304284691525e-05,1.691509872674942,35861771.02353152,81.97199025810197,True
165000.0,9.148941774844207e-05,3.898528737522611e-05,-9.132735060290997e-05,1.6559480726718903,35862336.4474048,81.9740548860561,True
165300.0,9.138060822796323e-05,3.802429404231589e-05,-9.122633687752568e-05,1.619144506752491,35862890.65591001,81.97618734214528,True
165600.0,9.127405237377686e-05,3.698865600654244e-05,-9.112798548471801e-05,1.5798765271902084,35863433.436010554,81.97838012957324,True
165900.0,9.116668537886053e-05,3.5864191090695385e-05,-9.102928557069845e-05,1.5379695817828178,35863964.58277817,81.98062541110892,True
166200.0,9.10629098405929e-05,3.4657347214306355e-05,-9.093453445530031e-05,1.4940114095807076,35864483.899656095,81.98291503589562,True
166500.0,9.095893206457379e-05,3.3380859179032996e-05,-9.083977762713857e-05,1.4479195177555084,35864991.199857414,81.98524054055311,True
166800.0,9.085866421576013e-05,3.202822119874327e-05,-9.074891930538342e-05,1.3990966230630875,35865486.30616439,81.98759318269892,True
167100.0,9.075902827964664e-05,3.0587153730721184e-05,-9.065889111070646e-05,1.3485307097434998,35865969.04877222,81.98996394425501,True
167400.0,9.066160625519964e-05,2.9082616322284593e-05,-9.057103895315777e-05,1.2945716977119446,35866439.26944607,81.99234356167817,True
167700.0,9.05672697538851e-05,2.7493941416878442e-05,-9.048629465269187e-05,1.2388761192560196,35866896.81549955,81.99472254065229,True
168000.0,9.047460093089474e-05,2.583143989909331e-05,-9.040309511476607e-05,1.1810312047600746,35867341.54508449,81.9970911741793,True
168300.0,9.038530935516821e-05,2.409190437901998e-05,-9.032308794587607e-05,1.1207482293248177,35867773.32490189,81.99943956907873,True
168600.0,9.029871048545188e-05,2.2281760266196216e-05,-9.024547007641104e-05,1.0582335218787193,35868192.02972617,82.00175766170848,True
168900.0,9.021573757872178e-05,2.0396684135448595e-05,-9.01711109122516e-05,0.9928266033530235,35868597.54365417,82.0040352440255,True
169200.0,9.013553801744366e-05,1.8448527526970793e-05,-9.009901849310609e-05,0.925069734454155,35868989.757914245,82.0062619825094,True
169500.0,9.005914135680305e-05,1.6424280062210528e-05,-9.003018854514266e-05,0.8554107919335365,35869368.57203467,82.00842744494796,True
169800.0,8.998612263520129e-05,1.432630341469121e-05,-8.996408850237003e-05,0.7831035479903221,35869733.89480746,82.01052112029782,True
170100.0,8.991718749086009e-05,1.2157739945450885e-05,-8.99013154196382e-05,0.7089480832219124,35870085.641405106,82.01253244511415,True
170400.0,8.985224361733086e-05,9.930241731126443e-06,-8.984165251035847e-05,0.6314809024333954,35870423.7370417,82.01445082573093,True
170700.0,8.979084487513976e-05,7.629455581081857e-06,-8.978459172226394e-05,0.5525297448039055,35870748.11126327,82.01626566320849,True
171000.0,8.97349078311619e-05,5.270276574265154e-06,-8.973192342409675e-05,0.47125477343797684,35871058.703746796,82.01796638060108,True
171300.0,8.968346078929533e-05,2.8414995654202357e-06,-8.968259311359361e-05,0.3873082771897316,35871355.460975654,82.01954244269274,True
171600.0,8.963650151336105e-05,3.418257392695523e-07,-8.963648895132792e-05,0.3006456568837166,35871638.33625957,82.020983384809,True
171900.0,8.959445178645289e-05,-2.2169553517414897e-06,-8.959392343399486e-05,0.2124989926815033,35871907.28858831,82.0222788374125,True
172200.0,8.955678444344162e-05,-4.829397312278161e-06,-8.955427689727458e-05,0.12190844118595123,35872162.285923965,82.0234185498931,True
172500.0,8.95264999983432e-05,-7.503327083213662e-06,-8.952044629495504e-05,0.029071323573589325,35872403.30167312,82.02439242013418,True
172800.0,8.950029348915361e-05,-1.0251196499666548e-05,-8.948899252914089e-05,-0.06599895656108856,35872630.31584654,82.02519050968752,True
173100.0,8.971762694515844e-05,-1.2234758685281122e-05,-8.970157048793226e-05,0.14634791016578674,35872843.00505541,82.02580332008004,True
173400.0,8.967811644938891e-05,-1.4979578935481186e-05,-8.965403827687624e-05,0.03530514985322952,35873041.99242083,82.02622082658199,True
173700.0,8.964523647146861e-05,-1.7789081795172024e-05,-8.961126678741493e-05,-0.07790233939886093,35873226.95489996,82.02643401739466,True
174000.0,8.961983098022988e-05,-2.0645838333166466e-05,-8.957405884757463e-05,-0.1937684863805771,35873397.89685094,82.02643388460181,True
174300.0,8.96015078768954e-05,-2.356263013325588e-05,-8.954186890264282e-05,-0.31141136586666107,35873554.82675285,82.0262117105082,True
174600.0,8.959110199692146e-05,-2.6526534185222772e-05,-8.951549155256089e-05,-0.4313328117132187,35873697.759780414,82.02575909346793,True
174900.0,8.958811406061445e-05,-2.953108844394592e-05,-8.949437665251025e-05,-0.5538418367505074,35873826.7160438,82.02506796779566,True
175200.0,8.959313081595028e-05,-3.2598910337355846e-05,-8.947887270949195e-05,-0.677373006939888,35873941.71872469,82.02413062799484,True
175500.0,8.960479850063363e-05,-3.569768770717019e-05,-8.946774549656311e-05,-0.8038308471441269,35874042.79924041,82.02293974758565,True
175800.0,8.962568684999449e-05,-3.885547570803283e-05,-8.946327038472646e-05,-0.9326640963554382,35874129.991140336,82.02148840476889,True
176100.0,8.965530344587182e-05,-4.2060700195634126e-05,-8.946493780115361e-05,-1.0629960745573044,35874203.332061164,82.01977009590027,True
176400.0,8.969230934544655e-05,-4.530534152991095e-05,-8.947138461223858e-05,-1.1953198090195656,35874262.86525002,82.0177787563285,True
176700.0,8.973803297274071e-05,-4.859425828840358e-05,-8.948380701667702e-05,-1.329771339893341,35874308.63766964,82.01550878179503,True
177000.0,8.979212079861122e-05,-5.191343842625429e-05,-8.950191197243385e-05,-1.465418554842472,35874340.69912264,82.01295504139398,True
177300.0,8.98550170933896e-05,-5.528371633545248e-05,-8.95258303899027e-05,-1.6031033098697662,35874359.10493379,82.01011289546273,True
177600.0,8.992762218665316e-05,-5.868518866236627e-05,-8.955660578635616e-05,-1.7428567111492157,35874363.91320979,82.00697821096742,True
177900.0,9.000957310372097e-05,-6.214045831143267e-05,-8.959350171267033e-05,-1.8835327625274658,35874355.184322536,82.00354737257663,True
178200.0,9.009952322824994e-05,-6.561601108501236e-05,-8.963551888996335e-05,-2.0266876444220543,35874332.98464325,81.99981729677242,True
178500.0,9.019968073745784e-05,-6.913363577609744e-05,-8.96845046014505e-05,-2.17043374478817,35874297.38025698,81.99578544633937,True
178800.0,9.030851281540795e-05,-7.267497989005278e-05,-8.97391099243805e-05,-2.3153161332011223,35874248.44270522,81.99144983445306,True
179100.0,9.042628894283391e-05,-7.625897671914572e-05,-8.979923806862189e-05,-2.46243666857481,35874186.24698245,81.98680903797717,True
179400.0,9.055596031192551e-05,-7.986632201095745e-05,-8.98680962961862e-05,-2.61093969643116,35874110.868900314,81.98186220705485,True
179700.0,9.069372849663874e-05,-8.351049658017473e-05,-8.994156135599951e-05,-2.7600128278136253,35874022.386973605,81.97660906068327,True
180000.0,9.084082954918982e-05,-8.71745928634482e-05,-9.00211102390358e-05,-2.910253271460533,35873920.88367826,81.97104990450157,True
180300.0,9.099836621099576e-05,-9.086449458095558e-05,-9.01076938788492e-05,-3.0615781024098396,35873806.44326025,81.96518562815862,True
180600.0,9.116652001595665e-05,-9.458705318365901e-05,-9.020129665771037e-05,-3.2145648673176765,35873679.15298178,81.95901770699545,True
180900.0,9.134436541300492e-05,-9.83291681677656e-05,-9.030118701502943e-05,-3.367412321269512,35873539.09999458,81.95254820304196,True
181200.0,9.153310633134986e-05,-0.00010209802547933577,-9.040837966267645e-05,-3.5217369720339775,35873386.37705623,81.94577976685079,True
181500.0,9.173005647792045e-05,-0.00010588071563688572,-9.052039003165646e-05,-3.6757960692048073,35873221.075680256,81.93871563025655,True
181800.0,9.193966596125519e-05,-0.00010968472503236626,-9.064151925031183e-05,-3.8317639231681824,35873043.29334665,81.93135961330688,True
182100.0,9.215751150117962e-05,-0.00011351622555366703,-9.076708427357971e-05,-3.9872748851776123,35872853.12498644,81.92371610379773,True
182400.0,9.23874785643649e-05,-0.00011736299572362441,-9.090127809940896e-05,-4.143580548465252,35872650.67108789,81.91579006911829,True
182700.0,9.26272404110561e-05,-0.00012121926636154967,-9.104186143815696e-05,-4.300073340535164,35872436.03217608,81.90758703363028,True
183000.0,9.287667265356574e-05,-0.00012508964999824457,-9.118856600309755e-05,-4.457244820892811,35872209.31173473,81.89911307849168,True
183300.0,9.31377292502312e-05,-0.0001289808569140405,-9.134316839265466e-05,-4.61432908475399,35871970.61382004,81.89037483191784,True
183600.0,9.341020672102596e-05,-0.00013288588732507378,-9.150562691218056e-05,-4.77128941565752,35871720.04502501,81.88137945430742,True
183900.0,9.36912446240827e-05,-0.00013679676743549862,-9.167323798919824e-05,-4.928870849311352,35871457.71451653,81.87213462523161,True
184200.0,9.398474570927921e-05,-0.00014072521702246377,-9.184962918595829e-05,-5.085211142897606,35871183.730637714,81.8626485391478,True
184500.0,9.428819299654285e-05,-0.0001446592955574033,-9.203257799583753e-05,-5.24249804764986,35870898.20756334,81.85292987887259,True
184800.0,9.46021247428075e-05,-0.00014859679723144836,-9.222271077646838e-05,-5.398362226784229,35870601.25669714,81.8429878089185,True
185100.0,9.492668715342568e-05,-0.00015254183125534837,-9.242005313581103e-05,-5.5545859932899475,35870292.99539153,81.83283195571889,True
185400.0,9.526194063172103e-05,-0.0001565001105632291,-9.262447592561784e-05,-5.70990763604641,35869973.53976888,81.82247239083777,True
185700.0,9.560682002394956e-05,-0.0001604593888373529,-9.283530296499976e-05,-5.864015579223633,35869643.00873846,81.81191961248676,True
186000.0,9.59625920312305e-05,-0.00016442369081914876,-9.305371709444898e-05,-6.018344521522522,35869301.524821125,81.80118452904527,True
186300.0,9.632964224360252e-05,-0.0001683920843333908,-9.328016906806624e-05,-6.171107679605484,35868949.2092153,81.79027843684399,True
186600.0,9.670771528684621e-05,-0.00017236443193269224,-9.35144247620201e-05,-6.323387466371059,35868586.18792669,81.779212999909,True
186900.0,9.709496308631938e-05,-0.0001763255615117032,-9.375518189358445e-05,-6.4748510196805,35868212.58752749,81.76800022865626,True
187200.0,9.749310813130515e-05,-0.00018030709958338775,-9.400304050188879e-05,-6.624488428235054,35867828.53594286,81.7566524613826,True
187500.0,9.790141059407532e-05,-0.00018427448054580964,-9.425861355794041e-05,-6.773138336837292,35867434.165029064,81.7451823403981,True
187800.0,9.832076234480716e-05,-0.0001882425558505929,-9.452229524242739e-05,-6.920360006392002,35867029.60750179,81.73360278937825,True
188100.0,9.875051375014175e-05,-0.00019221308230044087,-9.47933810948598e-05,-7.0664132088422775,35866614.99897597,81.7219269896905,True
188400.0,9.918975536343261e-05,-0.0001961775276413391,-9.507132978114896e-05,-7.211054719984531,35866190.476825275,81.71016835854178,True
188700.0,9.963915247782634e-05,-0.00020014313244587356,-9.535658173831507e-05,-7.353361494839191,35865756.18007136,81.6983405264211,True
189000.0,0.00010009854917195315,-0.00020409591678571815,-9.564964699393386e-05,-7.49480964243412,35865312.25253121,81.68645731260673,True
189300.0,0.0001005689112514227,-0.00020805106765919845,-9.595093497694052e-05,-7.63385196775198,35864858.837465316,81.67453270126424,True
189600.0,0.00010104788752666956,-0.000212001462216449,-9.625836375448671e-05,-7.770714245736599,35864396.0824463,81.66258081522739,True
189900.0,0.00010153675419990663,-0.00021593830950905613,-9.657375572658111e-05,-7.906217440962791,35863924.13825495,81.65061589852169,True
190200.0,0.0001020366051580582,-0.00021987870556472444,-9.689753976260818e-05,-8.040142066776752,35863443.15731955,81.63865228719914,True
190500.0,0.00010254594762406578,-0.00022380246269904092,-9.722918984778062e-05,-8.170298598706722,35862953.29286179,81.62670438596282,True
190800.0,0.0001030643978502978,-0.00022771754734662863,-9.756801379978697e-05,-8.299924522638321,35862454.706369676,81.61478664524294,True
191100.0,0.00010359257253172272,-0.00023161836423923887,-9.791503613598707e-05,-8.42661788314581,35861947.55660711,81.60291353950964,True
191400.0,0.00010413028950832409,-0.0002355180352253683,-9.826950042679528e-05,-8.551194481551647,35861432.00854649,81.5910995403918,True
191700.0,0.00010467737258969189,-0.00023939895572766545,-9.863221521300147e-05,-8.67292506992817,35860908.22868072,81.57935909686618,True
192000.0,0.00010523141969928442,-0.00024326815855602035,-9.900037875354428e-05,-8.792168907821178,35860376.38773048,81.56770660718811,True
192300.0,0.00010579628582170417,-0.0002471289510310726,-9.937801456771922e-05,-8.90916471928358,35859836.659507565,81.55615640673216,True
192600.0,0.00010636946036077394,-0.00025097151683439733,-9.976309029013919e-05,-9.022815749049187,35859289.21977036,81.54472273284965,True
192900.0,0.00010695201350927561,-0.0002547901944467412,-0.00010015718407885288,-9.134619161486626,35858734.25022185,81.53341971263634,True
193200.0,0.00010754244000298256,-0.0002586038003755675,-0.00010055777713091629,-9.243786856532097,35858171.93369656,81.52226133371907,True
193500.0,0.00010814112282913423,-0.00026239065380195825,-0.00010096660264480306,-9.349240511655807,35857602.456218995,81.5112614315194,True
193800.0,0.00010874944316100392,-0.0002661728861426127,-0.00010138401944459474,-9.453244902193546,35857026.010697566,81.50043366298566,True
194100.0,0.00010936452253543008,-0.00026992174690576576,-0.00010180871140619274,-9.5529218390584,35856442.78849569,81.48979148611892,True
194400.0,0.000109986379069413,-0.0002736527183628823,-0.00010223994379998658,-9.65051880478859,35855852.989754304,81.4793481425442,True
194700.0,0.00011061695123510091,-0.0002773650559788621,-0.00010267997303969878,-9.746068179607391,35855256.81610097,81.46911664074399,True
195000.0,0.00011125487827387758,-0.00028104892697911055,-0.00010312805738976749,-9.837718211114407,35854654.47102702,81.45910973141744,True
195300.0,0.00011189842012570684,-0.0002847138281936168,-0.00010358188905001953,-9.926510408520699,35854046.164706625,81.44933989080228,True
195600.0,0.00011255070751636032,-0.00028835811153271607,-0.00010404507872863178,-10.012885794043541,35853432.110540554,81.4398193106059,True
195900.0,0.00011320869126620223,-0.00029196411136922507,-0.0001045155593999425,-10.095237657427788,35852812.52374152,81.43055986942397,True
196200.0,0.00011387416030084474,-0.00029555227251876204,-0.00010499414993603295,-10.175897650420666,35852187.62734841,81.42157312489657,True
196500.0,0.00011454576935161728,-0.000299110395843627,-0.00010548028927814812,-10.252257138490677,35851557.643370494,81.41287029362964,True
196800.0,0.00011522251030349633,-0.00030263800331908897,-0.00010597305582393801,-10.326768264174461,35850922.802806415,81.40446223699696,True
197100.0,0.0001159064856049371,-0.0003061378288293781,-0.00010647470180913388,-10.39866354316473,35850283.33737624,81.39635945006354,True
197400.0,0.00011659546525824087,-0.00030961501363435673,-0.00010698260481944999,-10.466893784701824,35849639.48246668,81.38857203954416,True
197700.0,0.00011728952910297481,-0.00031304865814263394,-0.00010749834231660316,-10.532573379576206,35848991.47957807,81.38110971950006,True
198000.0,0.00011798960683757627,-0.00031645247051415026,-0.00010802218041305878,-10.595115043222904,35848339.572454974,81.37398179307478,True
198300.0,0.0001186942264845582,-0.00031982104104599784,-0.00010855300256196188,-10.65490884333849,35847684.00975573,81.36719714030217,True
198600.0,0.00011940533297605856,-0.00032315415657535596,-0.00010909308564066578,-10.71170461177826,35847025.0434193,81.36076421139035,True
198900.0,0.00012012017111091822,-0.00032646119325363543,-0.00010963891756432531,-10.765398167073727,35846362.92943032,81.35469100668223,True
199200.0,0.00012083936661061753,-0.00032971585494578903,-0.00011019307797255351,-10.816739663481712,35845697.92850004,81.34898507832044,True
199500.0,0.0001215634578077316,-0.00033294594999233595,-0.00011075440845331741,-10.864944897592068,35845030.3036446,81.34365351083756,True
199800.0,0.00012229232738521255,-0.000336136428586542,-0.0001113239191994353,-10.910346888005733,35844360.322797336,81.33870291812336,True
200100.0,0.0001230247305034244,-0.00033928140592820455,-0.00011190076838829555,-10.953146874904633,35843688.25751462,81.33413943111103,True
200400.0,0.00012376023065299236,-0.00034237649751389654,-0.0001124848987075211,-10.99236074835062,35843014.381870925,81.32996869275956,True
200700.0,0.0001245010424283246,-0.00034544877655662276,-0.00011307698478901784,-11.03023862093687,35842338.97682112,81.3261958509905,True
201000.0,0.00012524509178443637,-0.0003484617670892476,-0.00011367737918988041,-11.064435124397278,35841662.32230723,81.3228255512713,True
201300.0,0.00012599304207132236,-0.00035143907444989964,-0.00011428527437828961,-11.095591880381107,35840984.70477147,81.3198619300553,True
201600.0,0.00012674292905885562,-0.00035436524345300313,-0.00011489968062505795,-11.124320179224014,35840306.414063,81.317308610682,True
201900.0,0.00012749720114667995,-0.00035724852108387495,-0.00011552281138449416,-11.149792462587357,35839627.74194807,81.31516870233388,True
202200.0,0.00012825420972017857,-0.0003600804771508592,-0.00011615352758553854,-11.172978334128857,35838948.98525778,81.31344478969258,True
202500.0,0.00012901272839278062,-0.000362866182513244,-0.00011679019611676722,-11.193458184599876,35838270.44260801,81.31213893265608,True
202800.0,0.00012977510466841158,-0.0003655921049698918,-0.0001174364427782848,-11.211647279560566,35837592.41652333,81.31125266959616,True
203100.0,0.000130540123378197,-0.0003682731843923648,-0.00011808993306772209,-11.226380795240402,35836915.21091606,81.31078700428917,True
203400.0,0.00013130740222175053,-0.00037089785681132525,-0.00011875112610937322,-11.238703966140747,35836239.134764224,81.31074241346427,True
203700.0,0.0001320762569218214,-0.000373467326824084,-0.00011941923307290381,-11.247692473232746,35835564.497813754,81.3111188422038,True
204000.0,0.00013284850369172347,-0.00037597712093884184,-0.00012009662810896771,-11.254619464278221,35834891.61462129,81.31191570844287,True
204300.0,0.00013362170749561613,-0.00037842433874857306,-0.00012078086400890697,-11.257776446640491,35834220.799244896,81.31313189571883,True
204600.0,0.00013439518314705938,-0.0003808100128708247,-0.00012147113925209396,-11.25894021987915,35833552.37157467,81.31476576102139,True
204900.0,0.00013517273391647566,-0.00038314839855502214,-0.00012217066507957952,-11.256624467670918,35832886.650442295,81.31681513919105,True
205200.0,0.00013594928221097728,-0.00038540743526027654,-0.0001228761298932568,-11.25175941735506,35832223.959152505,81.31927733506173,True
205500.0,0.00013672803357687337,-0.0003875989934840618,-0.0001235902371092834,-11.244878105819225,35831564.62251527,81.32214913932823,True
205800.0,0.0001375088432310614,-0.0003897209295189441,-0.00012431297599846403,-11.233626157045364,35830908.96419563,81.3254268237968,True
206100.0,0.00013828804396516926,-0.0003917773772741384,-0.00012503998340207545,-11.22044538706541,35830257.31423151,81.32910614437563,True
206400.0,0.00013906987249612504,-0.00039375383545348086,-0.00012577695726179172,-11.202947050333023,35829609.999235235,81.33318236077032,True
206700.0,0.0001398507196353312,-0.00039566209721897394,-0.00012651903661264896,-11.18449991196394,35828967.35280408,81.3376502217981,True
207000.0,0.00014063220582355638,-0.0003974854760429025,-0.0001272691580567198,-11.161706127226353,35828329.70281301,81.3425039903288,True
207300.0,0.00014141301919594698,-0.0003992286639231679,-0.00012802548766899235,-11.136080965399742,35827697.38290529,81.347737437956,True
207600.0,0.0001421952699854782,-0.0004008921915783503,-0.00012879025959477985,-11.107532121241093,35827070.725777246,81.35334386172771,True
207900.0,0.00014297471902769438,-0.00040246747502692415,-0.00012955932795932767,-11.07527481764555,35826450.06389301,81.35931608224084,True
208200.0,0.00014375492501982412,-0.0004039510077404884,-0.00013033678544616123,-11.041120320558548,35825835.73256724,81.36564646745634,True
208500.0,0.000144532600087673,-0.0004053509956349899,-0.0001311183417698203,-11.002922892570496,35825228.06320076,81.37232692592562,True
208800.0,0.00014531089358586156,-0.00040665171519549403,-0.00013190846546251578,-10.962015151977539,35824627.390499145,81.37934893442792,True
209100.0,0.00014608578794203666,-0.00040786418796301405,-0.00013270185489488995,-10.918561704456806,35824034.04760438,81.38670353058701,True
209400.0,0.00014686092610352667,-0.00040897102712733613,-0.00013350360300989905,-10.870807118713856,35823448.365115635,81.39438134482724,True
209700.0,0.00014763318219648502,-0.00040997436553880107,-0.00013430998652097514,-10.820166029036045,35822870.67594691,81.40237259359465,True
210000.0,0.00014840346765565684,-0.0004108720743829508,-0.00013512201103083044,-10.767195083200932,35822301.311061904,81.41066710597482,True
210300.0,0.00014917060741480992,-0.0004116654633321559,-0.00013593814664147885,-10.71096334606409,35821740.59860208,81.41925433013527,True
210600.0,0.00014993538692623494,-0.00041234623182617725,-0.00013675965622894637,-10.650998413562775,35821188.86558612,81.42812335298758,True
210900.0,0.0001506983774532469,-0.0004129270797079698,-0.00013758614640835276,-10.587741561233997,35820646.4381138,81.43726291069625,True
211200.0,0.0001514568133029182,-0.0004133738575546886,-0.00013841668200598178,-10.521686360239983,35820113.64024903,81.44666140536616,True
211500.0,0.00015221268413935553,-0.00041370618549763094,-0.0001392519407090731,-10.45133488625288,35819590.79171622,81.45630692337396,True
211800.0,0.000152963419511417,-0.00041392322830802186,-0.0001400889748595091,-10.379184022545815,35819078.21362314,81.46618724690543,True
212100.0,0.00015371093456481477,-0.00041400294520599346,-0.00014093110333135428,-10.30350785702467,35818576.21997594,81.47628988120744,True
212400.0,0.00015445597893391438,-0.0004139677871251024,-0.00014177746626842236,-10.224952824413776,35818085.12400359,81.48660206207336,True
212700.0,0.00015519548402296028,-0.00041380553520298236,-0.0001426252885607937,-10.142005898058414,35817605.23335236,81.49711077659764,True
213000.0,0.00015593009222320767,-0.0004135024391302977,-0.00014347590891361506,-10.05716972798109,35817136.855984144,81.507802788238,True
213300.0,0.00015665918966676108,-0.0004130602313523468,-0.00014432829888733067,-9.969040393829346,35816680.29197502,81.51866464989091,True
213600.0,0.00015738241493459736,-0.0004124769081386148,-0.0001451819372277896,-9.877594992518425,35816235.83852125,81.52968272683003,True
213900.0,0.00015810264479932426,-0.0004117637369063232,-0.00014603899232668027,-9.783827297389507,35815803.78929164,81.54084321943743,True
214200.0,0.00015881627528774078,-0.0004109030412564607,-0.00014689638250331427,-9.685947068035603,35815384.43034182,81.55213217627248,True
214500.0,0.00015952368122615688,-0.0004098939251662159,-0.00014775429292512854,-9.58575490117073,35814978.04620298,81.56353552403583,True
214800.0,0.00016022463002579652,-0.0004087355118258529,-0.00014861224578055499,-9.482489086687565,35814584.91344175,81.57503908549664,True
215100.0,0.00016091951360065233,-0.0004074328026604235,-0.00014947008995136457,-9.376007303595543,35814205.303554505,81.5866286027176,True
215400.0,0.00016160859050995117,-0.0004059792754560476,-0.0001503282055210775,-9.267149940133095,35813839.48304342,81.59828975984617,True
215700.0,0.00016229094789913486,-0.0004043711423378227,-0.0001511855388969252,-9.155056171119213,35813487.710445575,81.61000820405219,True
216000.0,0.00016296531449500992,-0.00040260509138079215,-0.0001520406199659874,-9.040394276380539,35813150.23927728,81.62176956972573,True
216300.0,0.00016363432963973867,-0.0004006859599599011,-0.0001528957101299966,-8.923430658876896,35812827.31581834,81.63355950604992,True
216600.0,0.00016429413586457366,-0.000398601515826158,-0.00015374706005388816,-8.803607851266861,35812519.17840712,81.64536369088583,True
216900.0,0.00016494677081367603,-0.0003963599411065388,-0.0001545960973601268,-8.679946325719357,35812226.05756175,81.65716786574527,True
217200.0,0.00016559184538012398,-0.0003939600079831962,-0.00015544217757224033,-8.554392918944359,35811948.17905059,81.66895785244407,True
217500.0,0.0001662300638858876,-0.00039140096885148523,-0.00015628579403426102,-8.426895521581173,35811685.75869222,81.68071958028395,True
217800.0,0.0001668586021092736,-0.00038867392720476346,-0.00015712410849744174,-8.296830415725708,35811439.0035118,81.69243910557289,True
218100.0,0.00016747950550540007,-0.0003857925800616613,-0.00015795828957720914,-8.163395211100578,35811208.11186727,81.70410264292586,True
218400.0,0.0001680916698521861,-0.000382737008891354,-0.0001587878858941849,-8.027798771858215,35810993.27537715,81.71569658351798,True
218700.0,0.0001686954770689303,-0.00037953075116092805,-0.00015961182276669206,-7.890516988933086,35810794.67591955,81.72720751982256,True
219000.0,0.00016928964987460423,-0.0003761444611427578,-0.00016042991116194116,-7.751095317304134,35810612.48518358,81.7386222706721,True
219300.0,0.0001698761741609491,-0.0003726054117123567,-0.00016124262047867433,-7.608728267252445,35810446.86500395,81.74992790433396,True
219600.0,0.0001704516834725486,-0.00036890164722080954,-0.00016204670338026972,-7.464621514081955,35810297.96948493,81.76111175712917,True
219900.0,0.0001710196060157957,-0.0003650442872071835,-0.00016284497434071454,-7.318506218492985,35810165.94128376,81.77216146584071,True
220200.0,0.0001715775222463598,-0.00036101782632158574,-0.00016363533335095326,-7.17011546343565,35810050.91286379,81.78306497894076,True
220500.0,0.00017212560556243442,-0.00035683555688592605,-0.0001644170877881379,-7.021020255982876,35809953.00811556,81.79381058462727,True
220800.0,0.00017266419392215614,-0.0003525010890825797,-0.00016519018339522518,-6.868254028260708,35809872.335774854,81.80438693122395,True
221100.0,0.00017319351973294695,-0.0003480038349721326,-0.00016595507206318416,-6.714773088693619,35809808.999685936,81.81478304760843,True
221400.0,0.0001737128043665917,-0.0003433599741242688,-0.00016671000187784557,-6.559796430170536,35809763.08895382,81.82498836039132,True
221700.0,0.00017422047275951702,-0.0003385570214504696,-0.00016745362434278377,-6.402666553854942,35809734.68162743,81.83499271568496,True
222000.0,0.00017471972676200495,-0.00033361566630674133,-0.00016818819806019292,-6.243565142154694,35809723.84524816,81.84478640067987,True
222300.0,0.00017520776349444828,-0.0003285275253119835,-0.00016891094173843157,-6.0838267132639885,35809730.637007274,81.85436015252137,True
222600.0,0.00017568524593658514,-0.0003232921638982589,-0.0001696223502989369,-5.9225073009729385,35809755.1001697,81.86370518324759,True
222900.0,0.00017615320182599265,-0.00031792181593459645,-0.0001703228190876871,-5.760437101125717,35809797.267993286,81.87281319207686,True
223200.0,0.00017661001011819332,-0.00031241503467072107,-0.00017101054386614578,-5.596717417240143,35809857.16010452,81.88167637795704,True
223500.0,0.00017705627439732995,-0.0003067746316673947,-0.00017168586865068391,-5.432011663913727,35809934.78568065,81.89028745750373,True
223800.0,0.00017749191419158902,-0.0003010033335044682,-0.00017234844258950943,-5.265219405293465,35810030.140027374,81.8986396746347,True
224100.0,0.00017791567951310714,-0.000295114010270936,-0.0001729963791916589,-5.099334254860878,35810143.21035371,81.90672681105374,True
224400.0,0.00017832945380656852,-0.00028910294292927574,-0.00017363160831962432,-4.9310286939144135,35810273.96528667,81.91454320173172,True
224700.0,0.00017873144589967375,-0.000282984190789648,-0.0001742516966913854,-4.762624606490135,35810422.36678547,81.92208373561955,True
225000.0,0.00017912369848931193,-0.00027675561864271003,-0.00017485870127131875,-4.594253875315189,35810588.36225936,81.92934387212841,True
225300.0,0.00017950472729135044,-0.00027043348450206395,-0.00017545049320233375,-4.424283422529697,35810771.88496402,81.93631963878218,True
225600.0,0.00017987305033527205,-0.00026399008970656723,-0.0001760263035208709,-4.254454754292965,35810972.859126486,81.94300764176573,True
225900.0,0.0001802318855524189,-0.00025747025318878514,-0.00017658799549735704,-4.084334179759026,35811191.19439505,81.94940507085668,True
226200.0,0.0001805790963251023,-0.0002508673144347995,-0.00017713353834380996,-3.9145646691322327,35811426.78910536,81.95550969519688,True
226500.0,0.00018091479510478126,-0.00024417570557488943,-0.00017766314651623816,-3.7438894137740135,35811679.527332515,81.96131987035317,True
226800.0,0.00018123993811888051,-0.00023741061082205306,-0.00017817732978642198,-3.573849491775036,35811949.28363208,81.96683453591059,True
227100.0,0.00018155320278314926,-0.0002305807676918903,-0.0001786744889500369,-3.403167277574539,35812235.91748134,81.97205321122775,True
227400.0,0.0001818551792982648,-0.00022369113125364493,-0.00017915508993837648,-3.233344703912735,35812539.278950214,81.9769759963883,True
227700.0,0.00018214757547761016,-0.00021673927895449197,-0.00017962091524736934,-3.063747078180313,35812859.20387224,81.98160356685948,True
228000.0,0.0001824273529288696,-0.00020974174384491562,-0.00018006849063567643,-2.8945327699184418,35813195.516876064,81.98593716096553,True
228300.0,0.0001826953419562398,-0.00020270474465178268,-0.00018049854496382522,-2.7259757667779922,35813548.03082443,81.98997858205034,True
228600.0,0.00018295363632228671,-0.00019562907743875257,-0.00018091321092583712,-2.5585730746388435,35813916.54705241,81.99373018706243,True
228900.0,0.00018320046194039884,-0.00018852459328400073,-0.00018131052063097286,-2.3917164281010628,35814300.85418431,81.99719487114201,True
229200.0,0.00018343529961751542,-0.00018139844127063043,-0.00018168985856448217,-2.225236587226391,35814700.72983725,82.00037606190139,True
229500.0,0.00018366007600800738,-0.00017426161764433346,-0.0001820530246305907,-2.059874936938286,35815115.94126617,82.00327770809155,True
229800.0,0.00018387406637238466,-0.00016710783685880415,-0.0001823994758893832,-1.8961610794067383,35815546.24442861,82.00590426126129,True
230100.0,0.00018407791773100677,-0.0001599664129798839,-0.00018272942521946334,-1.733275093138218,35815991.38304764,82.00826066412864,True
230400.0,0.0001842698688331263,-0.0001528245836084352,-0.00018304142517422406,-1.573103666305542,35816451.09288205,82.01035233234435,True
230700.0,0.00018445151107927355,-0.00014568995902664028,-0.00018333704682049756,-1.413432963192463,35816925.09514636,82.0121851423058,True
231000.0,0.00018462284709810272,-0.00013857965302577213,-0.00018361613896900053,-1.2546221166849136,35817413.10342401,82.01376540855813,True
231300.0,0.0001847826519579069,-0.00013148778347726875,-0.0001838776810672016,-1.0985567718744278,35817914.82287323,82.01509986585677,True
231600.0,0.00018493268272789655,-0.0001244330049985365,-0.0001841233060133618,-0.9445681795477867,35818429.946410164,82.01619565302404,True
231900.0,0.00018507291148981797,-0.00011742190844188372,-0.00018435304957620247,-0.7908761724829674,35818958.15642796,82.01706028821548,True
232200.0,0.00018520153148593956,-0.00011044923891745384,-0.00018456531267929677,-0.640295684337616,35819499.13079036,82.0177016476489,True
232500.0,0.0001853220857556207,-0.00010353083771974525,-0.00018476361545083364,-0.4923640117049217,35820052.5352568,82.01812795043746,True
232800.0,0.00018543102630427525,-9.666264941188274e-05,-0.0001849446032196056,-0.3458108529448509,35820618.0262611,82.01834772404962,True
233100.0,0.00018553018847541469,-8.986670195554325e-05,-0.0001851100602578981,-0.20129767805337906,35821195.25396884,82.0183697932223,True
233400.0,0.00018562008588041666,-8.312588522585429e-05,-0.0001852608390890964,-0.05933554470539093,35821783.86052318,82.01820325029976,True
233700.0,0.0001856995169076571,-7.646990260923303e-05,-0.00018539564678121678,0.07906474173069,35822383.48103158,82.01785743000353,True
234000.0,0.0001857714287799213,-6.988701403543018e-05,-0.00018551772399177935,0.21644064784049988,35822993.73986304,82.01734189174084,True
234300.0,0.00018583230888698116,-6.339669053545549e-05,-0.00018562359713314436,0.35020647943019867,35823614.25967243,82.0166663836954,True
234600.0,0.0001858841185999046,-5.699291938299211e-05,-0.00018571547231260865,0.48138077557086945,35824244.65303376,82.01584083033299,True
234900.0,0.00018592639035559845,-5.067947472525702e-05,-0.0001857930494111315,0.6097435057163239,35824884.52765002,82.01487529916903,True
235200.0,0.0001859607030574895,-4.4468653243256995e-05,-0.00018585804107829063,0.7363573908805847,35825533.48420541,82.01377998014435,True
235500.0,0.00018598775195950934,-3.835731286017108e-05,-0.00018591136215206916,0.8588017299771309,35826191.121510684,82.01256515763465,True
235800.0,0.00018600362508184632,-3.235622233432878e-05,-0.0001859492581388622,0.9791558906435966,35826857.02890382,82.0112411814275,True
236100.0,0.00018601165362763076,-2.6464025893346843e-05,-0.00018597527510166856,1.095351293683052,35827530.79528674,82.00981845362568,True
236400.0,0.0001860132185664094,-2.06819303514294e-05,-0.0001859909927048875,1.2098972871899605,35828212.00079198,82.00830739445398,True
236700.0,0.0001860064058204351,-1.5032324370167771e-05,-0.00018599465944646454,1.3211792260408401,35828900.22588051,82.0067184161676,True
237000.0,0.0001859911918129344,-9.490429874858819e-06,-0.0001859865076880851,1.428139790892601,35829595.04705874,82.00506190389096,True
237300.0,0.00018596874403941768,-4.088261334800336e-06,-0.00018596787434432827,1.5326009020209312,35830296.034957245,82.00334819056121,True
237600.0,0.00018593891319128306,1.1987153243353532e-06,-0.0001859388383707028,1.6344151049852371,35831002.75958123,82.00158753074074,True
237900.0,0.00018590245533164313,6.338874072753242e-06,-0.00018590036192733805,1.7323939576745033,35831714.78978479,81.99979007932961,True
238200.0,0.00018585903986346956,1.1363087054405696e-05,-0.00018585230812107056,1.8271220922470093,35832431.69085977,81.99796586659288,True
238500.0,0.00018580797620485804,1.623100354208873e-05,-0.00018579423101527937,1.9194223135709763,35833153.02647312,81.99612477644395,True
238800.0,0.00018575199012297675,2.097525538147238e-05,-0.00018572901723246105,2.0070524513721466,35833878.36237132,81.99427652810117,True
239100.0,0.0001856886083698711,2.5571357696207997e-05,-0.0001856544364926549,2.0927228033542633,35834607.258762605,81.99243064620887,True
239400.0,0.00018562066898219828,3.0015776474101585e-05,-0.00018557354604809007,2.1739990785717964,35835339.28081147,81.99059645040887,True
239700.0,0.00018554616480900534,3.43252428933738e-05,-0.00018548448441890741,2.2529401779174805,35836073.98939539,81.98878302492307,True
240000.0,0.0001854647351802647,3.8479764214116585e-05,-0.0001853871486900971,2.328499548137188,35836810.949094504,81.9869992056771,True
240300.0,0.00018538109987762256,4.248568302500644e-05,-0.0001852864302946955,2.4009194523096085,35837549.72418428,81.98525356466641,True
240600.0,0.00018529083457762233,4.633901073702873e-05,-0.0001851781059087898,2.4697404131293297,35838289.88100851,81.98355437768424,True
240900.0,0.0001851951237591097,5.0048814102865435e-05,-0.00018506349459812554,2.5347190499305725,35839030.98743864,81.98190962155161,True
241200.0,0.00018509503652043197,5.358564661150922e-05,-0.00018494399739665823,2.597178667783737,35839772.611894526,81.98032695198472,True
241500.0,0.0001849913207547464,5.698112900631713e-05,-0.00018482036479383623,2.65710336714983,35840514.32661562,81.97881368696385,True
241800.0,0.00018488377380468542,6.021212078621829e-05,-0.0001846926913202651,2.7127673625946045,35841255.70838991,81.97737679162506,True
242100.0,0.0001847693997693363,6.329442578589806e-05,-0.00018455804001860088,2.7661525160074234,35841996.33348757,81.97602286159244,True
242400.0,0.00018465304269615432,6.620765935849704e-05,-0.0001844215478854494,2.8157509192824364,35842735.78520159,81.9747581206145,True
242700.0,0.0001845335892174613,6.895243456028766e-05,-0.0001842822534285915,2.862394541501999,35843473.64835318,81.97358839376447,True
243000.0,0.0001844100287772996,7.154658089802979e-05,-0.00018413915812232062,2.906262792646885,35844209.51261057,81.9725191017257,True
243300.0,0.00018428230293973444,7.397616224125159e-05,-0.0001839924385365066,2.947065658867359,35844942.972623,81.9715552510881,True
243600.0,0.00018415192183781912,7.625098371022432e-05,-0.00018384365749568587,2.9839946553111076,35845673.62837743,81.97070142451798,True
243900.0,0.00018401753194800525,7.834608788925834e-05,-0.00018369178191335322,3.019052766263485,35846401.08216618,81.96996176761509,True
244200.0,0.0001838817699923068,8.029543232623837e-05,-0.00018353928706460465,3.049996942281723,35847124.94593185,81.96933998674241,True
244500.0,0.0001837440164225916,8.206870072058337e-05,-0.00018338591142708083,3.078660413622856,35847844.83322162,81.96883933540312,True
244800.0,0.00018360221016560957,8.367713076040673e-05,-0.00018322959364525104,3.103822134435177,35848560.366583444,81.96846260870028,True
245100.0,0.00018345795804807158,8.511619057571806e-05,-0.00018307207365353406,3.126172013580799,35849271.17285513,81.9682121433634,True
245400.0,0.0001833119801860747,8.639351975148202e-05,-0.000182914085044672,3.1463934779167175,35849976.88532455,81.96808980827751,True
245700.0,0.00018316378336182421,8.75147774195284e-05,-0.00018275515107291085,3.162346698343754,35850677.14677724,81.96809700052793,True
246000.0,0.00018301399460427992,8.845353372066711e-05,-0.00018259621036520457,3.175676517188549,35851371.60310731,81.96823464518744,True
246300.0,0.00018286210569781443,8.922982601689e-05,-0.00018243662186989695,3.186272621154785,35852059.909063764,81.9685031904009,True
246600.0,0.00018270881896867295,8.984720903981724e-05,-0.00018227709986717855,3.193749152123928,35852741.726964794,81.96890260931782,True
246900.0,0.00018255322350092245,9.029714624375629e-05,-0.00018211684917446291,3.1986051723361015,35853416.72571888,81.96943239714084,True
247200.0,0.00018239735575378,9.05790865886047e-05,-0.00018195794447706248,3.1999008804559708,35854084.58331701,81.97009157633822,True
247500.0,0.00018224064834072498,9.069606375078365e-05,-0.00018179980624211112,3.1980836987495422,35854744.98416235,81.97087869287033,True
247800.0,0.00018208383616882186,9.064402252079162e-05,-0.0001816432200030249,3.1938407868146896,35855397.62036061,81.97179182287286,True
248100.0,0.00018192478622021597,9.042113504165172e-05,-0.0001814860653865935,3.1860237196087837,35856042.19392497,81.9728285719656,True
248400.0,0.0001817658487207149,9.004707283111202e-05,-0.00018133049816526636,3.175772950053215,35856678.41276849,81.97398608692555,True
248700.0,0.00018160631591871603,8.949303639838035e-05,-0.00018117606977341438,3.1618463173508644,35857305.99547908,81.97526105420256,True
249000.0,0.0001814460833732787,8.878248996779803e-05,-0.00018102242115958234,3.144828997552395,35857924.667200394,81.97664970891526,True
249300.0,0.0001812868641169672,8.790697000904402e-05,-0.00018087131482502627,3.1248915940523148,35858534.16195134,81.97814784408365,True
249600.0,0.00018112651252328292,8.686691035109106e-05,-0.00018072055046047808,3.101840451359749,35859134.22264048,81.97975081263614,True
249900.0,0.00018096839072349435,8.566423372258214e-05,-0.00018057342529687048,3.0759584978222847,35859724.60027728,81.98145354584979,True
250200.0,0.00018081017999108025,8.429752932670453e-05,-0.0001804275652546039,3.045896999537945,35860305.05611954,81.98325055204008,True
250500.0,0.00018065218673776385,8.277029917280743e-05,-0.00018028317364837676,3.0136842504143715,35860875.35669157,81.98513593553649,True
250800.0,0.00018049605225652416,8.108051224553492e-05,-0.00018014183321213295,2.9777552261948586,35861435.28076895,81.98710340707419,True
251100.0,0.0001803415912987671,7.922756097400452e-05,-0.0001800032737833135,2.9395508095622063,35861984.61278146,81.98914629300116,True
251400.0,0.00018018828780952593,7.721814108663239e-05,-0.0001798668237000811,2.8973643630743027,35862523.14895692,81.99125755000483,True
251700.0,0.00018003605887944568,7.505465561052915e-05,-0.00017973227757295263,2.851991556584835,35863050.69164993,81.99342978008173,True
252000.0,0.00017988471509410334,7.272145984416056e-05,-0.0001795994594573358,2.8035146668553352,35863567.052524775,81.9956552450122,True
252300.0,0.000179738176440784,7.024402984256994e-05,-0.00017947197265755221,2.751291535794735,35864072.05252241,81.9979258858129,True
252600.0,0.00017959292053904824,6.76082904078612e-05,-0.00017934627450699736,2.696943148970604,35864565.51881816,82.0002333282922,True
252900.0,0.0001794496568031965,6.48115660055737e-05,-0.00017922295764094542,2.6377696320414543,35865047.29134031,82.00256891156768,True
253200.0,0.00017931058468652052,6.187012155578486e-05,-0.00017910396805120854,2.5772129744291306,35865517.212231755,82.004923703253,True
253500.0,0.00017917256144054958,5.877394571029981e-05,-0.0001789860832843715,2.5118906497955322,35865975.13873119,82.00728851161826,True
253800.0,0.00017904017000319565,5.55247339093512e-05,-0.00017887372425207104,2.443916380405426,35866420.93075742,82.00965391777014,True
254100.0,0.00017891070794472916,5.212777159613324e-05,-0.00017876399317628966,2.372355952858925,35866854.45934972,82.01201028071492,True
254400.0,0.00017878512094439888,4.858356268755415e-05,-0.0001786576698918907,2.2977277487516403,35867275.60205491,82.01434776901162,True
254700.0,0.00017866221899467258,4.488688665560403e-05,-0.00017855341866379604,2.22017989307642,35867684.244629346,82.01665637623366,True
255000.0,0.00017854588403212095,4.1052494395898975e-05,-0.00017845487462864185,2.1387473717331886,35868080.2816535,82.0189259498726,True
255300.0,0.0001784338609632689,3.707230678173801e-05,-0.00017835964138157578,2.054859608411789,35868463.61288847,82.02114620268351,True
255600.0,0.0001783262120237441,3.2953968741367134e-05,-0.00017826756524641496,1.966580905020237,35868834.14889304,82.02330674379745,True
255900.0,0.00017822307064342937,2.8694292836917157e-05,-0.0001781786046990419,1.8765593841671944,35869191.80292557,82.02539709987614,True
256200.0,0.00017812505035556486,2.4295258555184773e-05,-0.00017809317274952718,1.7822425737977028,35869536.50057361,82.02740673915031,True
256500.0,0.0001780337697259086,1.9763293096275447e-05,-0.00017801267551931232,1.6845197603106499,35869868.17095108,82.02932509601202,True
256800.0,0.0001779477809778935,1.5106803516573564e-05,-0.00017793545582378556,1.5844786539673805,35870186.74977655,82.03114159132872,True
257100.0,0.0001778677673363035,1.0311790816786015e-05,-0.00017786202461422818,1.4814933761954308,35870492.181115426,82.03284566230958,True
257400.0,0.00017779440963934336,5.377393932803898e-06,-0.0001777928479214097,1.3747186809778214,35870784.41571228,82.0344267851377,True
257700.0,0.00017772753445764456,3.29723889080924e-07,-0.00017772752859457341,1.264991655945778,35871063.408912264,82.03587449915773,True
258000.0,0.00017766717846932803,-4.8451151997142006e-06,-0.00017766591059853454,1.153139889240265,35871329.12217295,82.03717843308883,True
258300.0,0.00017761501411375186,-1.0140361894173111e-05,-0.00017760946045086712,1.0380418077111244,35871581.52482214,82.03832833155705,True
258600.0,0.00017756877415578252,-1.5556171604202973e-05,-0.0001775557036154396,0.9196536019444466,35871820.59084675,82.03931407466993,True
258900.0,0.0001775291314694628,-2.109551309104063e-05,-0.0001775050938874756,0.7986014112830162,35872046.2991154,82.04012570994786,True
259200.0,0.00017749909700981188,-2.6746489595552703e-05,-0.00017746045429589685,0.6738718971610069,35872258.63550178,82.04075347668595,True
259500.0,0.00017622864553862758,-3.352155846414462e-05,-0.0001761675114977379,0.7065214440226555,35872457.42898903,82.041186571209,True
259800.0,0.00017618966124001548,-3.9218387087203155e-05,-0.0001761059636464779,0.5630204305052757,35872643.008139305,82.0414181623923,True
260100.0,0.0001761596541308628,-4.5012244754616404e-05,-0.00017604937346504812,0.4160352647304535,35872815.20012632,82.04143797567257,True
260400.0,0.00017613838451461543,-5.0910623258459964e-05,-0.00017599727146944133,0.2661421671509743,35872974.00883729,82.04123724887208,True
260700.0,0.00017612658497961556,-5.6903426752796804e-05,-0.00017595024679906146,0.11310835182666779,35873119.44340928,82.04080753054502,True
261000.0,0.00017612411656456445,-6.299587283820074e-05,-0.00017590793372335156,-0.043442271649837494,35873251.517383054,82.04014070068587,True
261300.0,0.00017613220283217967,-6.917344353496446e-05,-0.00017587146162156841,-0.20145593583583832,35873370.2459523,82.03922899530599,True
261600.0,0.00017615100441775136,-7.544540301296365e-05,-0.00017584073617626927,-0.36349789053201675,35873475.65283778,82.03806502517895,True
261900.0,0.00017617906781489253,-8.179400344943133e-05,-0.0001758142576022692,-0.5274285227060318,35873567.76079248,82.03664179639402,True
262200.0,0.0001762162750445775,-8.823154311699e-05,-0.00017579161944070165,-0.6943124160170555,35873646.599343464,82.03495273280272,True
262500.0,0.0001762661315178803,-9.474021345567962e-05,-0.00017577632154086587,-0.86386588960886,35873712.200076856,82.03299169792903,True
262800.0,0.0001763256845984224,-0.00010134022167562762,-0.0001757650168769942,-1.0359775200486183,35873764.59800029,82.03075300240106,True
263100.0,0.00017639731745078187,-0.00010800168780633612,-0.0001757602381360357,-1.2103955820202827,35873803.8310777,82.02823143389783,True
263400.0,0.0001764792714842622,-0.00011473453469079686,-0.00017575994826302122,-1.3870779424905777,35873829.94043202,82.02542226289863,True
263700.0,0.00017657362602985474,-0.00012152013653121685,-0.00017576630995108644,-1.5658100321888924,35873842.96982183,82.02232126657633,True
264000.0,0.00017667886739743113,-0.00012837813409305454,-0.00017577739342300447,-1.7472873777151108,35873842.96658888,82.01892473451032,True
264300.0,0.00017679657118975487,-0.00013529661879374544,-0.00017579477818685518,-1.931013397872448,35873829.97942726,82.01522948912745,True
264600.0,0.0001769255323557712,-0.00014226468960032435,-0.00017581726724813507,-2.1161796525120735,35873804.05914204,82.01123289104649,True
264900.0,0.0001770651472443715,-0.00014929068657920652,-0.0001758439818786428,-2.3035795241594315,35873765.260448284,82.00693285256168,True
265200.0,0.00017721968935435387,-0.00015636473625590952,-0.00017587924067186123,-2.4931560084223747,35873713.63941159,82.00232785163368,True
265500.0,0.00017738614495714855,-0.00016347067241895274,-0.00017592016857292947,-2.6834533885121346,35873649.252800174,81.99741692730342,True
265800.0,0.0001775642144696133,-0.0001706225862676547,-0.00017596610159387183,-2.87638321518898,35873572.162758805,81.99219969557485,True
266100.0,0.00017775546749394504,-0.00017782106974095768,-0.00017601848017534394,-3.0698057785630226,35873482.42930643,81.98667635443815,True
266400.0,0.00017795868109939724,-0.00018503821843296464,-0.00017607650637785355,-3.2661499604582787,35873380.118880086,81.98084768329254,True
266700.0,0.00017817716079007113,-0.0001922976060768633,-0.00017614295407497593,-3.462952882051468,35873265.294807054,81.97471505115189,True
267000.0,0.00017840527749098564,-0.00019957825776373284,-0.00017621246895771492,-3.660703055560589,35873138.02508879,81.96828040596401,True
267300.0,0.00017864870554182673,-0.00020687866026491974,-0.0001762907533162661,-3.8600557297468185,35872998.3795652,81.96154629343648,True
267600.0,0.00017890597557580177,-0.00021420432685204105,-0.00017637612198484476,-4.060205370187759,35872846.42824511,81.95451583686516,True
267900.0,0.00017917697315944354,-0.00022154738786639427,-0.00017646857094177903,-4.261437647044659,35872682.243824266,81.94719274311446,True
268200.0,0.0001794596247116822,-0.0002288949415856223,-0.00017656625946926852,-4.463126577436924,35872505.89965723,81.9395812946637,True
268500.0,0.00017975747606257923,-0.0002362652485601302,-0.00017667227906770222,-4.665558964014053,35872317.47156496,81.93168635061598,True
268800.0,0.00018006676933037362,-0.0002436333132322943,-0.0001767834119021927,-4.868416741490364,35872117.036308944,81.92351332839469,True
269100.0,0.00018039193276235926,-0.00025100292168644955,-0.00017690404989423314,-5.07186433672905,35871904.67267853,81.91506820932462,True
269400.0,0.00018073028554019835,-0.0002583838953569284,-0.0001770311614137654,-5.274681597948074,35871680.459632225,81.90635751402161,True
269700.0,0.0001810814237645432,-0.0002657538590824515,-0.00017716495644037877,-5.47820957005024,35871444.48025994,81.89738830227566,True
270000.0,0.00018144699232092748,-0.0002731283870502921,-0.00017730665491910713,-5.681940212845802,35871196.81739737,81.88816815887044,True
270300.0,0.00018182690994888475,-0.000280490512977849,-0.00017745669067892322,-5.885546050965786,35870937.55568789,81.87870517871843,True
270600.0,0.00018222026437106326,-0.0002878399024552891,-0.0001776141670859488,-6.088697679340839,35870666.78144013,81.869007952173,True
270900.0,0.00018262670474136804,-0.0002951768931893639,-0.00017777874089119905,-6.290888205170631,35870384.58250002,81.85908555174055,True
271200.0,0.00018304900387467016,-0.000302500403392969,-0.00017795333016579207,-6.4932001903653145,35870091.05007225,81.8489475186446,True
271500.0,0.00018348341408032167,-0.00030980529390944866,-0.00017813430122259888,-6.6945866495370865,35869786.275062904,81.8386038359485,True
271800.0,0.00018393222078021365,-0.0003170890577450791,-0.0001783241490045384,-6.895640484988689,35869470.35191728,81.8280649233053,True
272100.0,0.00018439418145989173,-0.0003243609499179456,-0.00017852131703932628,-7.0950378477573395,35869143.37513764,81.81734160804152,True
272400.0,0.00018487100623102392,-0.0003315946277950843,-0.00017872860853174188,-7.293916769325733,35868805.44374263,81.80644511408374,True
272700.0,0.0001853599180489016,-0.000338807213694281,-0.00017894260918183136,-7.4908986166119576,35868456.6563749,81.79538703120534,True
273000.0,0.0001858625998184114,-0.0003459859511281138,-0.00017916563716369183,-7.68709883838892,35868097.116403416,81.78417930617442,True
273300.0,0.00018638023368544075,-0.0003531407280092935,-0.0001793986368880951,-7.881783671677113,35867726.92767671,81.77283421427359,True
273600.0,0.00018691037226653006,-0.00036027199601562643,-0.00017963914228857902,-8.075176313519478,35867346.19743,81.76136433538302,True
273900.0,0.00018745466252126266,-0.00036735398390419505,-0.00017989004449248114,-8.266478590667248,35866955.034411974,81.74978254041982,True
274200.0,0.00018801160512467205,-0.00037441327026499494,-0.00018014880903649555,-8.456831477582455,35866553.551954165,81.73810195783629,True
274500.0,0.0001885818039708791,-0.0003814230995260459,-0.00018041733821405614,-8.644842974841595,35866141.863610715,81.72633596043612,True
274800.0,0.00018916503100348877,-0.0003884028160996422,-0.00018069470648640618,-8.830798961222172,35865720.087484114,81.71449813479201,True
275100.0,0.00018976163653008644,-0.00039533728238438925,-0.00018098210067307718,-9.014376401901245,35865288.34405549,81.70260226265141,True
275400.0,0.00019037192259474038,-0.0004022404997670037,-0.0001812793656199574,-9.196261256933212,35864846.757921495,81.69066229379071,True
275700.0,0.0001909935041930806,-0.00040908918049353815,-0.0001815852390478767,-9.374857656657696,35864395.454623766,81.67869232245353,True
276000.0,0.00019162893116755187,-0.0004159059525363773,-0.00018190152006525295,-9.55246152728796,35863934.56694377,81.66670656766772,True
276300.0,0.00019227775195596297,-0.00042267370207582644,-0.0001822287287893687,-9.725866727530956,35863464.22563056,81.6547193450533,True
276600.0,0.00019293792200987246,-0.0004293928752190368,-0.00018256488836243534,-9.898505575954914,35862984.57166266,81.64274504179913,True
276900.0,0.00019361069054728893,-0.0004360616872247647,-0.000182911610551173,-10.066944003105164,35862495.7428642,81.63079809903418,True
277200.0,0.000194295954022567,-0.0004426887950330638,-0.0001832685559577385,-10.233536675572395,35861997.88667974,81.61889298271267,True
277500.0,0.00019499478169923674,-0.00044925857881139564,-0.00018363787174280333,-10.396818898618221,35861491.150684394,81.60704416465718,True
277800.0,0.0001957036372576488,-0.0004557857358236106,-0.00018401526425293468,-10.55708009749651,35860975.688273296,81.5952660904543,True
278100.0,0.0001964256945192024,-0.00046226168200291795,-0.00018440477155934332,-10.71428545564413,35860451.65669677,81.58357317131097,True
278400.0,0.0001971589490639959,-0.0004686763583947595,-0.00018480503996443076,-10.8687699213624,35859919.2178648,81.57197974770861,True
278700.0,0.00019790376817744302,-0.00047503979311613875,-0.0001852161614550596,-11.019230537116528,35859378.53644616,81.5605000739443,True
279000.0,0.00019866117998856606,-0.0004813585082388272,-0.00018563910644786574,-11.16731408238411,35858829.784559116,81.54914829562858,True
279300.0,0.0001994283604142856,-0.00048760904880396083,-0.00018607240845369688,-11.312169335782528,35858273.136421815,81.53793842482376,True
279600.0,0.000200207241957902,-0.0004938057596177714,-0.00018651758767873616,-11.452651150524616,35857708.77065015,81.52688432433558,True
279900.0,0.00020099710168317966,-0.000499945619594655,-0.00018697429311487213,-11.590138554573059,35857136.873163864,81.51599968216625,True
280200.0,0.00020179656889177634,-0.0005060221685653232,-0.00018744168517059734,-11.724813513457775,35856557.63354781,81.50529799267295,True
280500.0,0.00020260818548961524,-0.0005120363698551955,-0.0001879227110919146,-11.855607084929943,35855971.24507433,81.49479254110285,True
280800.0,0.00020342751654564561,-0.0005179957099414878,-0.0001884124061177772,-11.982987001538277,35855377.90756054,81.48449637266124,True
281100.0,0.00020425871982364621,-0.0005238882683329393,-0.0001889162322328275,-12.106032341718674,35854777.824505866,81.47442229214035,True
281400.0,0.00020509867380401065,-0.0005297105426791404,-0.00018943130854154333,-12.22549270093441,35854171.20620668,81.4645828269771,True
281700.0,0.0002059481101208979,-0.0005354815862403939,-0.00018995751752015622,-12.342097572982311,35853558.26811378,81.45499022074227,True
282000.0,0.00020680583779347333,-0.000541172821129976,-0.00019049560407324861,-12.454637959599495,35852939.22895397,81.44565641418905,True
282300.0,0.00020767399445276305,-0.0005468068137020055,-0.00019104674811387667,-12.563208542764187,35852314.31400424,81.43659302835111,True
282600.0,0.00020855022522256575,-0.000552363297458669,-0.00019160993896605305,-12.668803505599499,35851683.754711054,81.427811346033,True
282900.0,0.00020943483030752184,-0.0005578580612279893,-0.00019218476143123553,-12.770620316267014,35851047.78600901,81.41932229930931,True
283200.0,0.00021032781231655767,-0.0005632845633272154,-0.0001927718938787848,-12.867693267762661,35850406.647960275,81.41113645533918,True
283500.0,0.00021122780098848198,-0.0005686309301609072,-0.00019337087675808107,-12.961312383413315,35849760.5881705,81.40326400006484,True
283800.0,0.0002121362060210074,-0.0005739052827493651,-0.00019398298050532503,-13.051800772547722,35849109.85855381,81.39571472762758,True
284100.0,0.0002130532388724944,-0.0005791185922703335,-0.00019460795894588045,-13.138295970857143,35848454.71509254,81.38849802428975,True
284400.0,0.00021397589870380146,-0.0005842441436811896,-0.00019524455262853735,-13.221138693392277,35847795.42019477,81.38162285673563,True
284700.0,0.00021490643499875732,-0.0005892980095723033,-0.00019589439837375267,-13.299769185483456,35847132.24055012,81.37509776440872,True
285000.0,0.0002158419263985804,-0.0005942772826017517,-0.0001965547213131913,-13.374980561435223,35846465.44933276,81.36893084126275,True
285300.0,0.00021678527150179462,-0.0005991726631862093,-0.00019722956805878766,-13.446925207972527,35845795.324147865,81.36312973669126,True
285600.0,0.00021773438114180624,-0.0006039874018597402,-0.00019791665287982596,-13.514414697885513,35845122.14626208,81.3577016327073,True
285900.0,0.00021868979457512574,-0.0006087312207512241,-0.00019861611421845282,-13.577942714095116,35844446.20354705,81.35265324367033,True
286200.0,0.00021965137986886956,-0.0006133860978252414,-0.00019932926286969632,-13.638901837170124,35843767.78960765,81.34799080664597,True
286500.0,0.00022061759980864125,-0.0006179499920335729,-0.0002000547576272993,-13.695134416222572,35843087.19923439,81.34372006983408,True
286800.0,0.0002215906086764767,-0.0006224361961812974,-0.00020079424091079545,-13.747674874961376,35842404.73503799,81.33984629109534,True
287100.0,0.00022256630000574726,-0.0006268349205242885,-0.0002015440507960875,-13.797181613743305,35841720.70376415,81.33637422319768,True
287400.0,0.0002235478381787297,-0.0006311436524697456,-0.00020230803363574523,-13.842012010514736,35841035.41424232,81.33330812080447,True
287700.0,0.00022453449127191638,-0.0006353629815976092,-0.00020308550779191137,-13.88357612490654,35840349.18260399,81.33065172325347,True
288000.0,0.0002255249045127358,-0.0006394917225520658,-0.00020387521536235909,-13.921412326395512,35839662.327214025,81.32840825396713,True
288300.0,0.00022652006444173574,-0.00064351962771525,-0.0002046791239678214,-13.955789737403393,35838975.17112016,81.32658042035466,True
288600.0,0.00022751820582410357,-0.0006474575189088227,-0.00020549464178998278,-13.986019641160965,35838288.04020297,81.32517040276646,True
288900.0,0.00022852146797394156,-0.0006512957210134118,-0.00020632495086658764,-14.01287890970707,35837601.26542942,81.32417986221171,True
289200.0,0.00022952668366458395,-0.0006550352696876871,-0.00020716657955688333,-14.035683989524841,35836915.179749034,81.32360992595365,True
289500.0,0.00023053559850214048,-0.0006586691918073484,-0.00020802205980885446,-14.054789304733276,35836230.12040672,81.32346119883347,True
289800.0,0.00023154838085546285,-0.0006622048003066539,-0.00020889113588395958,-14.069905199110508,35835546.427067325,81.32373375378772,True
290100.0,0.00023256313221314278,-0.0006656363759702799,-0.00020977218554207866,-14.081944167613983,35834864.4434614,81.32442713321878,True
290400.0,0.00023358042967130098,-0.0006689552532748166,-0.00021066653057744134,-14.089317038655281,35834184.513473816,81.32554035389906,True
290700.0,0.0002346000838007249,-0.0006721541652723317,-0.00021157452879094762,-14.093681745231152,35833506.98667814,81.3270719043001,True
291000.0,0.00023562091783948716,-0.000675246512571448,-0.00021249393502387193,-14.094115130603313,35832832.212287605,81.32901974483246,True
291300.0,0.00023664435406237227,-0.0006782276176409141,-0.00021342667736234944,-14.089637629687786,35832160.54145286,81.33138131714725,True
291600.0,0.00023766784060012114,-0.0006810750402337362,-0.00021437154397574432,-14.082310535013676,35831492.330126345,81.33415353999307,True
291900.0,0.00023869464230469488,-0.000683810665918827,-0.00021533055722500194,-14.070864126086235,35830827.93245184,81.33733281940442,True
292200.0,0.0002397203551064111,-0.0006864067084961789,-0.00021630080340173663,-14.056077994406223,35830167.705901064,81.34091504499392,True
292500.0,0.0002407494292211131,-0.0006888879437383366,-0.0002172853815380904,-14.036952272057533,35829512.00719622,81.34489560601065,True
292800.0,0.00024177682626347268,-0.0006912277640367392,-0.00021828055494665932,-14.013895735144615,35828861.19524443,81.34926938424735,True
293100.0,0.00024280412407459026,-0.0006934319907827557,-0.00021928757044520353,-13.986895471811295,35828215.62904975,81.35403077226519,True
293400.0,0.0002438329586513896,-0.0006955108290753742,-0.00022030741307332846,-13.955783188343048,35827575.66771736,81.35917367520291,True
293700.0,0.00024486043997049196,-0.0006974386342051275,-0.00022133859866357852,-13.920916959643364,35826941.67086952,81.36469151627063,True
294000.0,0.00024588704684582987,-0.0006992182369458533,-0.00022238132001461963,-13.882060892879963,35826313.99725608,81.37057724924809,True
294300.0,0.0002469139661122232,-0.000700848660869724,-0.00022343680727487936,-13.839499227702618,35825693.005595915,81.3768233668456,True
294600.0,0.0002479386093736351,-0.0007023192355859464,-0.00022450278311225702,-13.792426452040672,35825079.05269165,81.38342190580569,True
294900.0,0.0002489610333295678,-0.0007036437788201511,-0.00022557815736945486,-13.741045854985714,35824472.49525014,81.39036446189296,True
295200.0,0.0002499838928191549,-0.0007048012910786383,-0.00022666713168462138,-13.686623498797417,35823873.68965582,81.39764220493902,True
295500.0,0.00025100249505886744,-0.0007057978530156106,-0.00022776388532008696,-13.627045847475529,35823282.98724591,81.40524587511001,True
295800.0,0.0002520198934145259,-0.0007066197361496052,-0.00022887250203496023,-13.564662232995033,35822700.74186837,81.41316581505728,True
296100.0,0.00025303376361407876,-0.000707271889950789,-0.00022998982591104777,-13.497022159397602,35822127.30033323,81.42139196563419,True
296400.0,0.00025404540648858823,-0.000707754964906826,-0.00023111698244804302,-13.426259845495224,35821563.011509985,81.42991389090884,True
296700.0,0.0002550539404160606,-0.0007080484305106438,-0.00023225411597138645,-13.350758709013462,35821008.21770376,81.43872078702299,True
297000.0,0.0002560584667789808,-0.0007081601390552805,-0.00023339940302946616,-13.272186622023582,35820463.26140153,81.4478014959484,True
297300.0,0.00025705813813872155,-0.0007080786584481302,-0.00023455236825498105,-13.188584588468075,35819928.47807135,81.45714452415865,True
297600.0,0.0002580546220135277,-0.0007078061668153168,-0.00023571436106806232,-13.102194771170616,35819404.20370059,81.46673805906995,True
297900.0,0.0002590472824801741,-0.0007073400498711635,-0.0002368845128586372,-13.010591179132462,35818890.765636966,81.47656998155982,True
298200.0,0.0002600344212800712,-0.0007066755586322415,-0.00023806092205802543,-12.915647968649864,35818388.491267465,81.48662788429795,True
298500.0,0.0002610158799720391,-0.000705798904277799,-0.00023924394011487493,-12.815907076001167,35817897.70009707,81.49689909275426,True
298800.0,0.00026199235634030287,-0.0007047177185199871,-0.00024043344410529244,-12.712826050817966,35817418.70970864,81.50737068075443,True
299100.0,0.0002629644015961782,-0.0007034263190632828,-0.0002416300012839656,-12.60601618885994,35816951.830714054,81.51802949047094,True
299400.0,0.00026392845802843736,-0.0007019122357689866,-0.00024283011583747793,-12.494760617613792,35816497.36798681,81.528862147027,True
299700.0,0.0002648884351875044,-0.0007001831457387198,-0.00024403712967568936,-12.3798513635993,35816055.62221512,81.53985508926489,True
300000.0,0.0002658398556023311,-0.0006982274500728636,-0.0002452464695750223,-12.260381877422333,35815626.88641232,81.55099457534821,True
300300.0,0.00026678590780881284,-0.000696053672072594,-0.00024646062918520784,-12.137634016573429,35815211.44952409,81.56226671856875,True
300600.0,0.00026772420985827496,-0.0006936402030532918,-0.0002476778927018586,-12.011084161698818,35814809.592157155,81.57365749733799,True
300900.0,0.00026865505725663674,-0.0006909977966813585,-0.0002488974634928809,-11.88111611455679,35814421.58901755,81.5851527819986,True
301200.0,0.0002695781762995966,-0.0006881151557251997,-0.0002501192524135831,-11.74776054918766,35814047.70737841,81.59673835668598,True
301500.0,0.00027049325977839705,-0.0006849954465906194,-0.00025134226297041096,-11.609873034060001,35813688.20598976,81.60839994014482,True
301800.0,0.000271401030444874,-0.0006816433470078209,-0.00025256652891414433,-11.468274354934692,35813343.337954305,81.6201232104209,True
302100.0,0.00027229913826459697,-0.0006780422556289523,-0.0002537900000447735,-11.323718845844269,35813013.348434955,81.63189382479386,True
302400.0,0.00027318817388085384,-0.0006741865811363823,-0.0002550131285659063,-11.174609318375587,35812698.47211333,81.64369744766327,True
302700.0,0.0002740692248807132,-0.0006700931901946205,-0.00025623564103227636,-11.02326663583517,35812398.93920759,81.65551977083227,True
303000.0,0.000274940115093749,-0.0006657429539131954,-0.0002574557790495646,-10.867213793098927,35812114.96650947,81.66734653643435,True
303300.0,0.00027580325127335605,-0.0006611474109945448,-0.0002586749867106164,-10.708390057086945,35811846.76635668,81.67916356543529,True
303600.0,0.0002766543539568147,-0.0006563058362303309,-0.00025988825952083516,-10.546436503529549,35811594.5396823,81.69095677187744,True
303900.0,0.00027749704806226416,-0.0006511965142408371,-0.0002611001142298619,-10.38055732101202,35811358.477645755,81.70271220278184,True
304200.0,0.00027832718042350045,-0.0006458383124368083,-0.00026230464798970843,-10.211863666772842,35811138.76375249,81.71441604212463,True
304500.0,0.00027914902233854824,-0.0006402353182011211,-0.000263505719331647,-10.040397077798843,35810935.570659965,81.72605465486686,True
304800.0,0.00027995929301421,-0.0006343674887148154,-0.0002647003819618021,-9.865205109119415,35810749.06004251,81.7376145941189,True
305100.0,0.00028075876080079404,-0.0006282504538717149,-0.0002658881898724985,-9.687289163470268,35810579.3853358,81.74908263400111,True
305400.0,0.0002815475712386091,-0.0006218788792011765,-0.0002670690942352394,-9.506690695881844,35810426.68862723,81.76044579086238,True
305700.0,0.0002823233088284454,-0.0006152599895585809,-0.00026823974647527393,-9.323504336178303,35810291.101481035,81.77169134261894,True
306000.0,0.0002830889618255012,-0.000608393332754531,-0.0002694028760430456,-9.136239476501942,35810172.74312025,81.78280686081597,True
306300.0,0.00028384148321860267,-0.0006012650288482746,-0.0002705554717863379,-8.947376437485218,35810071.72581177,81.79378022108732,True
306600.0,0.0002845829481403729,-0.0005938993202505571,-0.0002716981719004252,-8.755831278860569,35809988.14716897,81.80459963435524,True
306900.0,0.0002853115759216212,-0.0005862953941289106,-0.0002728287477111735,-8.561812475323677,35809922.09485543,81.81525366159293,True
307200.0,0.0002860275546268264,-0.0005784467283547201,-0.00027394728361684884,-8.364971093833447,35809873.64459187,81.82573123969513,True
307500.0,0.00028673055007141486,-0.0005703558147445165,-0.00027505292307239415,-8.16578210145235,35809842.86140388,81.83602169826416,True
307800.0,0.00028742090168205924,-0.0005620349123205415,-0.00027614512549689607,-7.964931048452854,35809829.798885405,81.84611478019382,True
308100.0,0.0002881000401322122,-0.0005534838660139485,-0.0002772250263802789,-7.761829800903797,35809834.49760177,81.85600066158786,True
308400.0,0.0002887649407893827,-0.0005447122738928556,-0.00027828874972612994,-7.556973315775394,35809856.987344325,81.86566996280213,True
308700.0,0.0002894149227533991,-0.0005357178956728603,-0.00027933535737645343,-7.350051008164883,35809897.28515102,81.87511377323483,True
309000.0,0.0002900519026136804,-0.0005265077104184002,-0.000280366252212616,-7.1409682482481,35809955.39624833,81.88432366663172,True
309300.0,0.0002906769956071209,-0.0005171030609290028,-0.0002813814992634889,-6.9307443499565125,35810031.31488123,81.89329171231374,True
309600.0,0.00029128788425455347,-0.0005074811271015278,-0.00028237926800045443,-6.718927666544914,35810125.02167212,81.90201048847779,True
309900.0,0.0002918829708276025,-0.0004976691658100663,-0.00028335666208079147,-6.505077466368675,35810236.48505866,81.9104730957922,True
310200.0,0.00029246658386988133,-0.0004876745437059071,-0.0002843176613680498,-6.290791451931,35810365.66328939,81.91867317696428,True
310500.0,0.00029303490858472586,-0.0004774869830157513,-0.00028525846445859315,-6.074992842972279,35810512.499691516,81.9266049125234,True
310800.0,0.0002935886857427998,-0.00046712973008311565,-0.0002861788507004803,-5.858776196837425,35810676.92750989,81.9342630414043,True
311100.0,0.00029412882791126076,-0.0004566090477169382,-0.00028707938284355805,-5.640460900962353,35810858.86496661,81.94164286611395,True
311400.0,0.0002946530344181204,-0.0004459320315959303,-0.0002879573258098844,-5.422446466982365,35811058.22213521,81.94874025532467,True
311700.0,0.0002951649985671317,-0.0004351068486130316,-0.0002888160730094569,-5.203105054795742,35811274.892865315,81.95555165866196,True
312000.0,0.0002956608973491867,-0.0004241370106683462,-0.0002896514857582133,-4.98415769636631,35811508.76220381,81.96207409706787,True
312300.0,0.0002961434623422141,-0.00041303774787593284,-0.00029046581045122366,-4.764769911766052,35811759.700548984,81.96830517938446,True
312600.0,0.00029661054241668405,-0.0004018219298131953,-0.00029125642016936126,-4.544255793094635,35812027.566426106,81.97424309239527,True
312900.0,0.00029706374985379817,-0.0003904862933836739,-0.0002920249860238755,-4.32413387298584,35812312.20862816,81.97988660991895,True
313200.0,0.00029750191159664624,-0.0003790592252528313,-0.00029276952841428283,-4.104471407830715,35812613.462658465,81.98523508339997,True
313500.0,0.00029792537139537245,-0.000367535978568867,-0.00029349050983284997,-3.8849888741970062,35812931.151946425,81.99028844516351,True
313800.0,0.00029833457944036763,-0.000355931529497866,-0.00029418801376834836,-3.666750244796276,35813265.08966264,81.99504720138323,True
314100.0,0.00029872921805026786,-0.00034426574694634837,-0.0002948612774957837,-3.447260156273842,35813615.07395391,81.99951242603865,True
314400.0,0.00029910961566822293,-0.0003325283282720193,-0.00029551091031976284,-3.2301371544599533,35813980.897767425,82.00368575621467,True
314700.0,0.0002994752999829925,-0.0003207412301264867,-0.0002961359927837748,-3.013063356280327,35814362.336964265,82.00756938095657,True
315000.0,0.0002998259574364902,-0.0003089221949039711,-0.000296735917714841,-2.7966571152210236,35814759.15936889,82.01116603356589,True
315300.0,0.0003001620188288752,-0.0002970688307755154,-0.0002973112689659274,-2.5817054882645607,35815171.12219101,82.01447898166651,True
315600.0,0.0003004854360937659,-0.0002852106681814348,-0.0002978635573356314,-2.3686250001192093,35815597.97168815,82.01751201489336,True
315900.0,0.0003007926689314327,-0.0002733300899535607,-0.0002983896709167766,-2.156717747449875,35816039.442636,82.02026942609723,True
316200.0,0.00030108717912589,-0.0002614668339049331,-0.00029889252915893394,-1.94518531113863,35816495.259568416,82.02275600760174,True
316500.0,0.00030136622741998965,-0.0002496113207826056,-0.0002993697091824288,-1.7362357378005981,35816965.14012249,82.02497702432544,True
316800.0,0.00030163288862158883,-0.00023779448838467943,-0.0002998239859834939,-1.529890052974224,35817448.79009441,82.02693820775767,True
317100.0,0.0003018849601168362,-0.00022600399972816376,-0.0003002535349168056,-1.3245775401592255,35817945.904295415,82.02864572859406,True
317400.0,0.0003021244297107506,-0.0002142603856327696,-0.00030066024868347085,-1.1213205680251122,35818456.17100826,82.03010618653707,True
317700.0,0.0003023489335162532,-0.00020257881988072768,-0.00030104176813949834,-0.9195368513464928,35818979.26807132,82.03132658291678,True
318000.0,0.00030256096785231864,-0.0001909623031792762,-0.00030140080230012245,-0.7214044407010078,35819514.86753596,82.03231430977223,True
318300.0,0.00030275817080500895,-0.00017942999414799488,-0.0003017349951051074,-0.5248647332191467,35820062.62897142,82.03307711871045,True
318600.0,0.00030294285897416214,-0.00016797415224800716,-0.0003020470215489013,-0.3312627896666527,35820622.20741642,82.03362310928745,True
318900.0,0.00030311539015833794,-0.00015662278059380697,-0.00030233720030992117,-0.1398412212729454,35821193.248193435,82.03396069926772,True
319200.0,0.0003032734729183135,-0.00014537933989799967,-0.00030260349289790156,0.047330841422080994,35821775.39216624,82.03409860169559,True
319500.0,0.0003034195138908568,-0.00013425217386497934,-0.00030284852898887493,0.23317259550094604,35822368.26826201,82.03404580848255,True
319800.0,0.0003035533578749735,-0.00012324882976599838,-0.00030307238918680923,0.4156983569264412,35822971.50370866,82.03381155931241,True
320100.0,0.00030367469069719397,-0.00011237926963758582,-0.0003032749891929143,0.5955780446529388,35823584.71682583,82.03340531977332,True
320400.0,0.00030378319586289515,-0.00010166017665369509,-0.0003034562171961852,0.7712479382753372,35824207.52227203,82.03283675693186,True
320700.0,0.0003038801256834263,-9.10807528953228e-05,-0.0003036177254358563,0.9450824931263924,35824839.525236815,82.03211571632085,True
321000.0,0.0003039648377248607,-8.066317070642981e-05,-0.0003037590622909647,1.114331141114235,35825480.3308733,82.03125219308951,True
321300.0,0.000304037671196122,-7.04020524722182e-05,-0.000303880930303535,1.2807637006044388,35826129.535027295,82.03025631016337,True
321600.0,0.00030409908453616854,-6.03222105723944e-05,-0.0003039840125182991,1.4432820603251457,35826786.73200428,82.02913829192289,True
321900.0,0.00030414921812515133,-5.0416661224517156e-05,-0.0003040688284556836,1.6023664325475693,35827451.510505795,82.02790843892132,True
322200.0,0.0003041872569618723,-4.070055183547083e-05,-0.00030413485804103857,1.7580872997641563,35828123.45600348,82.02657710193687,True
322500.0,0.0003042158518459882,-3.118177659189314e-05,-0.0003041850893907849,1.9103717505931854,35828802.150861144,82.02515466157902,True
322800.0,0.00030423420198428543,-2.185462460602139e-05,-0.0003042190861748395,2.058588556945324,35829487.1751405,82.0236514965929,True
323100.0,0.0003042409000315621,-1.2725490421416907e-05,-0.0003042357732141454,2.202530086040497,35830178.10601139,82.02207796212,True
323400.0,0.00030423885413969373,-3.813339333191834e-06,-0.0003042383935678572,2.3428093641996384,35830874.51774777,82.02044437041792,True
323700.0,0.0003042256344624868,4.882651097659618e-06,-0.0003042248790308122,2.4797125831246376,35831575.98326882,82.01876095732774,True
324000.0,0.00030420287861098865,1.3362904041969159e-05,-0.0003041972175310548,2.6125848591327667,35832282.07514617,82.01703786812402,True
324300.0,0.00030417233960702985,2.1630050184739957e-05,-0.00030415749895951194,2.7412362918257713,35832992.3645904,82.0152851304714,True
324600.0,0.0003041318815410343,2.9657232431645753e-05,-0.00030410396526292516,2.8652421310544014,35833706.42254163,82.01351262785371,True
324900.0,0.00030408247685570125,3.7454385989121874e-05,-0.0003040379238825608,2.9869435355067253,35834423.81705773,82.01173008437921,True
325200.0,0.0003040242065975724,4.501413420143763e-05,-0.0003039598105800678,3.1032711192965508,35835144.121877015,82.009947039283,True
325500.0,0.0003039588777531657,5.233670231064025e-05,-0.00030387176633439594,3.2163689211010933,35835866.906177364,82.00817282852516,True
325800.0,0.0003038851733869985,5.941239979279089e-05,-0.00030377283465554683,3.324121281504631,35836591.74442876,82.00641655962751,True
326100.0,0.0003038026436488113,6.624957893563987e-05,-0.000303662856936171,3.429010696709156,35837318.20791041,82.00468709585586,True
326400.0,0.0003037136361799453,7.284001793550487e-05,-0.00030354452559322453,3.52936290204525,35838045.8738358,82.00299303923397,True
326700.0,0.00030361858625218316,7.917482167840717e-05,-0.00030341862724014845,3.6261123567819595,35838774.318951964,82.00134270745183,True
327000.0,0.00030351500366728536,8.524771288875854e-05,-0.00030328301014037606,3.7187022119760513,35839503.12399839,81.99974411522564,True
327300.0,0.0003034051030704931,9.107723431611703e-05,-0.0003031400840427523,3.8063910827040672,35840231.872752465,81.9982049649371,True
327600.0,0.0003032895247169912,9.663330268949721e-05,-0.0003029909456273572,3.8906220197677612,35840960.15000603,81.9967326246712,True
327900.0,0.00030316773106309176,0.0001019380633806577,-0.0003028352031577697,3.9712118580937386,35841687.5457137,81.99533411274204,True
328200.0,0.0003030396294668337,0.0001069757209393174,-0.00030267312787657374,4.047612950205803,35842413.6540613,81.99401608534991,True
328500.0,0.00030290681167086185,0.00011175311266242716,-0.00030250652409336,4.119814485311508,35843138.072886,81.99278482378105,True
328800.0,0.00030276876120143,0.00011626686216459348,-0.00030233514102917525,4.187160700559616,35843860.40517074,81.99164621798549,True
329100.0,0.00030262464116322845,0.00012051110473976223,-0.0003021584176963188,4.251779094338417,35844580.25591955,81.99060575633445,True
329400.0,0.0003024766179332605,0.00012448381778540352,-0.00030197876380100297,4.311684660613537,35845297.23934701,81.98966851777641,True
329700.0,0.00030232432651073975,0.00012818427202887506,-0.00030179603223245977,4.367907151579857,35846010.97203467,81.98883915605484,True
330000.0,0.00030216647886549693,0.00013162294817448128,-0.0003016090430492113,4.420521080493927,35846721.077174194,81.98812189185477,True
330300.0,0.0003020037830403743,0.00013477812473183803,-0.000301418872950876,4.468446426093578,35847427.185029216,81.98752050760422,True
330600.0,0.00030183928340111706,0.00013766877478360584,-0.0003012285825576555,4.512692496180534,35848128.92994274,81.98703833960734,True
330900.0,0.0003016715611946099,0.00014028519629505354,-0.00030103699209860224,4.552847407758236,35848825.95408752,81.98667826512407,True
331200.0,0.0003014978356189045,0.00014263189564189815,-0.00030084141822328547,4.589089006185532,35849517.90568351,81.986442699318,True
331500.0,0.00030132253999156066,0.00014469404493411275,-0.00030064657099160286,4.621542036533356,35850204.43985677,81.98633359927376,True
331800.0,0.000301144992091947,0.000146485894106263,-0.00030045175184056916,4.649618789553642,35850885.21950309,81.98635244722601,True
332100.0,0.00030096410867464304,0.00014800850377127972,-0.0003002559647029557,4.674901582300663,35851559.91259708,81.98650025261927,True
332400.0,0.00030078036688432777,0.00014924984020581178,-0.00030005988915604576,4.694683328270912,35852228.19883073,81.9867775519474,True
332700.0,0.00030059564311407585,0.00015021488397337635,-0.0002998654309038784,4.712216652929783,35852889.75953071,81.98718440708716,True
333000.0,0.0003004071448006557,0.00015091098205743947,-0.00029966977550088814,4.724127560853958,35853544.29039818,81.98772039905693,True
333300.0,0.00030021821496499024,0.00015133083820728643,-0.00029947638654448383,4.732656620442867,35854191.48940817,81.98838463963956,True
333600.0,0.00030002770955279246,0.00015147489551736726,-0.00029928413937341247,4.737384609878063,35854831.065211385,81.98917576205815,True
333900.0,0.0002998359749176522,0.00015134320364040832,-0.0002990933918454175,4.738862074911594,35855462.73361901,81.99009192950885,True
334200.0,0.00029964275841916306,0.0001509336796630123,-0.00029890390689502055,4.735964931547642,35856086.22034834,81.9911308364621,True
334500.0,0.0002994486286840548,0.00015024594557644377,-0.0002987162383476516,4.728517256677151,35856701.258488014,81.99228971433863,True
334800.0,0.0002992545615035879,0.00014929632948224025,-0.00029853117031564125,4.717351920902729,35857307.588512346,81.99356533615202,True
335100.0,0.0002990596718617916,0.00014806408739787003,-0.0002983479676998968,4.7020407021045685,35857904.960613,81.99495402086926,True
335400.0,0.0002988660216008812,0.00014657049422339696,-0.0002981684270793039,4.683334954082966,35858493.13230729,81.99645164447172,True
335700.0,0.00029867174367124625,0.00014479151974455817,-0.00029799082686565725,4.660010814666748,35859071.8716287,81.99805364181432,True
336000.0,0.0002984780981894048,0.00014275337684921396,-0.00029781608705548024,4.633077509701252,35859640.952941805,81.99975502158466,True
336300.0,0.0002982850861818568,0.00014043772665672805,-0.00029764427185341447,4.601291745901108,35860200.1614384,82.00155037248605,True
336600.0,0.0002980927043290178,0.00013785517234055078,-0.00029747515584688244,4.566294938325882,35860749.28799809,82.0034338743611,True
336900.0,0.0002979020349959385,0.00013500175691660843,-0.0002973097218159637,4.527368627488613,35861288.13441884,82.00539931111248,True
337200.0,0.0002977130226430487,0.00013187585437890448,-0.000297147774745099,4.483876146376133,35861816.51094872,82.00744008059267,True
337500.0,0.0002975248347593524,0.00012849727616526252,-0.00029698814603307255,4.436275206506252,35862334.23523535,82.00954920792931,True
337800.0,0.0002973407615037578,0.00012484849412430776,-0.00029683410467384874,4.385354742407799,35862841.133039206,82.01171936488768,True
338100.0,0.00029715715296259906,0.00012093720758343807,-0.00029668173830543765,4.329320326447487,35863337.04108728,82.0139428730162,True
338400.0,0.0002969776124988505,0.00011675772771013726,-0.0002965344961296523,4.269772000610828,35863821.801023215,82.01621173375712,True
338700.0,0.00029679990189802175,0.00011232090255930416,-0.0002963898353272043,4.2063731625676155,35864295.26465595,82.01851763143917,True
339000.0,0.00029662578531216134,0.00010763820182546624,-0.00029624921667448234,4.138577215373516,35864757.2921401,82.02085196038439,True
339300.0,0.0002964555652997449,0.00010267914149153512,-0.000296112919272673,4.066886372864246,35865207.75061442,82.02320583757586,True
339600.0,0.00029628814440381824,9.748049808422365e-05,-0.000295979341359498,3.9908000603318214,35865646.516141,82.02557012052803,True
339900.0,0.00029612673353997807,9.20294641559849e-05,-0.00029585152874744836,3.9110806733369827,35866073.47131805,82.02793543308066,True
340200.0,0.0002959675701700272,8.631522919699819e-05,-0.0002957255056230679,3.826230615377426,35866488.50867278,82.0302921736621,True
340500.0,0.00029581549410511625,8.036732231175847e-05,-0.00029560566693476176,3.737966723740101,35866891.52504843,82.03263055124991,True
340800.0,0.00029566676637781395,7.417061249270773e-05,-0.0002954880716288244,3.6456636413931847,35867282.42701452,82.03494058984107,True
341100.0,0.0002955226517307485,6.77278297587236e-05,-0.0002953736723441125,3.5492087304592133,35867661.12785853,82.03721216343233,True
341400.0,0.00029538517880534857,6.103894750708605e-05,-0.00029526418963143897,3.449834920465946,35868027.54659223,82.0394350141802,True
341700.0,0.0002952528873883394,5.412711522012614e-05,-0.0002951577605330158,3.345478393137455,35868381.61242718,82.04159877083744,True
342000.0,0.00029512682844835245,4.696580106156034e-05,-0.00029505521774808585,3.236572489142418,35868723.258807935,82.04369297827942,True
342300.0,0.0002950074851695277,3.958895359801318e-05,-0.0002949566101619894,3.1247716322541237,35869052.42450987,82.04570711768655,True
342600.0,0.0002948947497211063,3.198280745664306e-05,-0.00029486155003155545,3.008794479072094,35869369.0576128,82.04763063092707,True
342900.0,0.0002947879728838724,2.414272097439607e-05,-0.0002947690571915018,2.88846355676651,35869673.111273944,82.04945294476174,True
343200.0,0.00029469019829820057,1.608334133607059e-05,-0.0002946818046041244,2.764569252729416,35869964.54367246,82.05116349972238,True
343500.0,0.0002945990950721677,7.816359072876367e-06,-0.00029459711278434497,2.637679859995842,35870243.31900492,82.05275176596497,True
343800.0,0.00029451557960941246,-6.609230354115425e-07,-0.00029451556544302093,2.5059758499264717,35870509.40945345,82.05420727691298,True
344100.0,0.0002944390630803639,-9.34967451371449e-06,-0.0002944362272074841,2.37045631557703,35870762.78977981,82.0555196496143,True
344400.0,0.00029437348670696006,-1.8248190428948874e-05,-0.0002943626845706149,2.231046684086323,35871003.4410163,82.05667861597898,True
344700.0,0.00029431397150694443,-2.7343488397946203e-05,-0.0002942897183970672,2.0886335223913193,35871231.348228544,82.05767403464462,True
345000.0,0.00029426412552959266,-3.662210286847767e-05,-0.00029422061996342563,1.9418794140219688,35871446.503497615,82.05849593341769,True
345300.0,0.0002942240377191237,-4.610566702467622e-05,-0.0002941550812067817,1.7918658331036568,35871648.90107402,82.05913452216322,True
345600.0,0.00029419199995551836,-5.5762978149687115e-05,-0.000294091125539353,1.639081597328186,35871838.54018674,82.05958021954343,True
345900.0,0.000295884831951218,-6.543380533230447e-05,-0.0002957467293214222,1.735792987048626,35872015.17247143,82.05982539918736,True
346200.0,0.0002958482362302999,-7.54085011180905e-05,-0.00029566478454512435,1.5621193870902061,35872179.32569479,82.05985751888173,True
346500.0,0.0002958228738817478,-8.555902689977302e-05,-0.00029558665794127137,1.3840051516890526,35872330.74558478,82.05966951796907,True
346800.0,0.0002958095888530455,-9.587474431782539e-05,-0.00029551290414531195,1.2035977616906166,35872469.44525702,82.05925290144216,True
347100.0,0.0002958066268960253,-0.00010634410745069545,-0.0002954415038800562,1.0190565288066864,35872595.445213795,82.05859950104363,True
347400.0,0.0002958179824354113,-0.0001169687893138871,-0.0002953761174353531,0.830889031291008,35872708.76681879,82.05770150579251,True
347700.0,0.0002958404455016229,-0.00012773132255006203,-0.0002953133382419537,0.6385574340820312,35872809.435506225,82.05655147085484,True
348000.0,0.0002958764374296285,-0.0001386228138358092,-0.00029525536417907006,0.4446719363331795,35872897.47640715,82.05514235111576,True
348300.0,0.0002959241831370136,-0.00014965725864612978,-0.000295199986524608,0.2459496334195137,35872972.923215404,82.05346751128701,True
348600.0,0.0002959860364262188,-0.00016081428611869342,-0.0002951494452929637,0.04464389383792877,35873035.806588545,82.05152075403525,True
348900.0,0.0002960591470599119,-0.00017209754628311202,-0.0002951005479019386,-0.1592807099223137,35873086.16180887,82.0492963284722,True
349200.0,0.0002961486366532365,-0.00018348231145637328,-0.00029505841848731507,-0.3674304783344269,35873124.027908035,82.04678896131426,True
349500.0,0.0002962506713490613,-0.0001949757075578873,-0.0002950188623884742,-0.5766399800777435,35873149.44117325,82.0439938556389,True
349800.0,0.000296365994184012,-0.00020657647155530867,-0.00029498236104075204,-0.7900819107890129,35873162.44611329,82.04090672020544,True
350100.0,0.0002964969254171383,-0.00021826528944757229,-0.0002949512367393936,-1.0055557861924171,35873163.08361048,82.03752378082808,True
350400.0,0.00029664133136177737,-0.0002300381063378154,-0.00029492316271273467,-1.2238848060369492,35873151.399188824,82.03384178692953,True
350700.0,0.0002968008674220061,-0.00024188338232988826,-0.00029489974616581094,-1.4442500248551369,35873127.438227154,82.02985803196493,True
351000.0,0.0002969748459403854,-0.000253813918789092,-0.00029487986707010805,-1.667362429201603,35873091.24901884,82.02557035735917,True
351300.0,0.0002971647186019311,-0.0002658060128339912,-0.0002948651478220654,-1.89299126714468,35873042.880196,82.02097716729685,True
351600.0,0.0002973689267743598,-0.00027785381575995416,-0.00029485392603589844,-2.119761109352112,35872982.380431645,82.01607743071239,True
351900.0,0.00029758963343624173,-0.00028996829993843676,-0.00029484798635337484,-2.349706210196018,35872909.80290786,82.01087069470898,True
352200.0,0.0002978234284701018,-0.00030211126721724213,-0.00029484442544003286,-2.580805554986,35872825.197774164,82.00535708175913,True
352500.0,0.00029807423479217556,-0.00031430494573214673,-0.0002948466168248842,-2.814306892454624,35872728.61940416,81.99953730464193,True
352800.0,0.0002983412627888155,-0.0003265164322669989,-0.0002948542867784454,-3.0481574311852455,35872620.119768485,81.99341265911643,True
353100.0,0.0002986232190932523,-0.0003387667520371451,-0.0002948655522629906,-3.284497693181038,35872499.75588064,81.98698502717461,True
353400.0,0.0002989207709917404,-0.00035103425699389845,-0.00029488142878619783,-3.5217778459191322,35872367.581875145,81.98025688138542,True
353700.0,0.00029923626707476576,-0.0003633129877300689,-0.0002949043348365876,-3.760363444685936,35872223.654584765,81.97323128185981,True
354000.0,0.00029956699985813257,-0.00037560430467920014,-0.0002949313998641401,-4.000221706926823,35872068.03120852,81.9659118666503,True
354300.0,0.00029991414400361294,-0.00038788675101386616,-0.0002949642713048206,-4.241283617913723,35871900.76966526,81.95830285729964,True
354600.0,0.0003002768856838847,-0.00040016549777988075,-0.00029500194270326574,-4.483182467520237,35871721.92833356,81.95040904607757,True
354900.0,0.00030065784130129476,-0.0004124378270091711,-0.000295047098504142,-4.725590609014034,35871531.56639989,81.94223579542218,True
355200.0,0.00030105394179216354,-0.00042469164588965214,-0.00029509691070472854,-4.967904828488827,35871329.743565135,81.93378902055503,True
355500.0,0.00030146644089195957,-0.0004369126233427778,-0.0002951530608044095,-5.211812391877174,35871116.522641525,81.92507519006841,True
355800.0,0.0003018967879089818,-0.00044911417825233,-0.00029521665334186764,-5.455603145062923,35870891.963905305,81.91610131019293,True
356100.0,0.00030234297628591917,-0.0004612882776484639,-0.0002952858809948111,-5.699258670210838,35870656.13023581,81.90687491064303,True
356400.0,0.0003028052442758112,-0.0004734075290002693,-0.00029536187504675127,-5.942972473800182,35870409.085695,81.89740403751475,True
356700.0,0.00030328483199986334,-0.00048549306578138385,-0.00029544530809744174,-6.186390332877636,35870150.894836195,81.88769723585347,True
357000.0,0.00030378195095748326,-0.00049752542281567,-0.0002955370955532999,-6.4303431659936905,35869881.62451417,81.87776353528533,True
357300.0,0.00030429444378992623,-0.0005095015995948415,-0.00029563522103615014,-6.673069044947624,35869601.34019321,81.86761243078631,True
357600.0,0.00030482435708478463,-0.0005214290579260705,-0.00029574163421841604,-6.915344104170799,35869310.111172095,81.85725387259654,True
357900.0,0.00030537075186461084,-0.0005332842367522517,-0.0002958563182744456,-7.157278507947922,35869008.0074824,81.84669824243001,True
358200.0,0.00030593390376717025,-0.0005450808109799254,-0.0002959792123249372,-7.39775063842535,35868695.09943283,81.83595633672046,True
358500.0,0.00030651407843963123,-0.0005568067359149609,-0.00029611118222305777,-7.637427784502506,35868371.46074718,81.82503934816012,True
358800.0,0.0003071113600572079,-0.0005684525085030145,-0.0002962528572680867,-7.876231200993061,35868037.16615382,81.81395884440576,True
359100.0,0.00030772385287386553,-0.0005800247084835064,-0.0002964022119584797,-8.113451801240444,35867692.291632354,81.80272674488991,True
359400.0,0.00030835258466596307,-0.0005915091777808357,-0.00029656107575704027,-8.349489189684391,35867336.9162899,81.79135530598471,True
359700.0,0.00030899793100692545,-0.0006029152761470868,-0.00029672968526028853,-8.583356477320194,35866971.1200088,81.7798570936915,True
360000.0,0.0003096593717972179,-0.0006142288260093665,-0.0002969083181625365,-8.816931173205376,35866594.98784576,81.7682449629541,True
360300.0,0.0003103378378836785,-0.0006254604699336141,-0.000297097747207431,-9.047924801707268,35866208.60315455,81.75653203539791,True
360600.0,0.0003110318117825084,-0.0006365916582353748,-0.00029729744929340995,-9.276264026761055,35865812.0541245,81.74473167448745,True
360900.0,0.00031174194992405097,-0.000647627997238942,-0.0002975081541194413,-9.503108635544777,35865405.43295969,81.73285746474303,True
361200.0,0.0003124684992993657,-0.0006585732706980707,-0.00029773023804580134,-9.728461913764477,35864988.83365385,81.72092318658356,True
361500.0,0.00031321142533090454,-0.0006694208876183438,-0.0002979642629270529,-9.95033185184002,35864562.351318836,81.708942793149,True
361800.0,0.00031396968122619773,-0.0006801528902258269,-0.00029821029588106285,-10.17063557356596,35864126.08825859,81.6969303857911,True
362100.0,0.00031474218834089617,-0.0006907894030803163,-0.00029846658831900186,-10.387890070676804,35863680.146830924,81.68490018886719,True
362400.0,0.00031553133585256643,-0.0007013258154699997,-0.0002987362052380149,-10.603195570409298,35863224.63560316,81.6728665324771,True
362700.0,0.00031633542600255176,-0.0007117420491340454,-0.00029901870180992773,-10.815136648714542,35862759.66442598,81.66084382028747,True
363000.0,0.00031715562875756875,-0.0007220657145978748,-0.00029931430709950746,-11.024092562496662,35862285.3489163,81.6488465099539,True
363300.0,0.000317991105401008,-0.000732273654364235,-0.0002996236679990716,-11.229668602347374,35861801.808060616,81.63688908923743,True
363600.0,0.00031883929639195966,-0.0007423622094506754,-0.00029994465488414335,-11.43249087035656,35861309.166180484,81.62498604935749,True
363900.0,0.0003197045946206658,-0.0007523475237576349,-0.0003002814853232394,-11.63169351965189,35860807.55058845,81.61315187088218,True
364200.0,0.0003205833962984988,-0.0007622051292628385,-0.0003006320308429622,-11.828296162188053,35860297.09513181,81.60140098805765,True
364500.0,0.0003214779926195112,-0.0007719588435861624,-0.0003009978679244796,-12.020527191460133,35859777.9356792,81.58974777617169,True
364800.0,0.0003223858943821877,-0.0007816009286329972,-0.00030137716174749585,-12.210473507642746,35859250.2169298,81.57820652207832,True
365100.0,0.0003233068593967561,-0.0007911158277238428,-0.00030177093807992605,-12.395707473158836,35858714.084195636,81.56679140846848,True
365400.0,0.00032424331186468993,-0.0008005129198238592,-0.0003021817084771783,-12.577706813812256,35858169.69197184,81.55551649087977,True
365700.0,0.00032519380639630996,-0.000809795405530167,-0.0003026081750903131,-12.755799017846584,35857617.19802606,81.54439567120308,True
366000.0,0.00032615606546235605,-0.0008189525999284797,-0.0003030489422997107,-12.93058105558157,35857056.766957186,81.53344268063688,True
366300.0,0.00032713245051557255,-0.0008279831277775429,-0.00030350708112791835,-13.100349865853786,35856488.56675827,81.52267106395654,True
366600.0,0.00032812208971399397,-0.0008369001673145249,-0.00030398131968922826,-13.266285046935081,35855912.77412432,81.51209415089758,True
366900.0,0.000329123341865403,-0.0008456882787015729,-0.00030447124986210383,-13.428443096578121,35855329.57056445,81.50172504206083,True
367200.0,0.0003301374216786008,-0.0008543536954448427,-0.00030497825775910314,-13.587067246437073,35854739.143820986,81.49157659106277,True
367500.0,0.0003311635509847544,-0.0008628934615160233,-0.0003055021291373805,-13.7404830083251,35854141.68586586,81.48166138290253,True
367800.0,0.000332201820951647,-0.0008713045609169967,-0.0003060435987549681,-13.889737412333488,35853537.39763145,81.47199171882725,True
368100.0,0.0003332523235826332,-0.0008795971919539625,-0.0003066025727349597,-14.03451706469059,35852926.48501076,81.46257959743565,True
368400.0,0.00033431369011895594,-0.0008877555236779244,-0.0003071790015383158,-14.175521165132523,35852309.161302194,81.45343669901334,True
368700.0,0.00033538503761792267,-0.000895780694406767,-0.0003077722983988451,-14.311878055334091,35851685.64468781,81.44457436900278,True
369000.0,0.00033646825919947897,-0.0009036746765218595,-0.00030838483876038936,-14.443675726652145,35851056.16081425,81.43600360615066,True
369300.0,0.0003375613791160565,-0.0009114409730841544,-0.0003090146713446984,-14.571429960429668,35850420.94230034,81.42773504047494,True
369600.0,0.000338663744705299,-0.0009190808768266834,-0.00030966141358135246,-14.694636911153793,35849780.22731747,81.41977892502935,True
369900.0,0.00033977596185175694,-0.0009265756759759824,-0.00031032738020542183,-14.81267474591732,35849134.26050707,81.41214512351775,True
370200.0,0.0003408987645431963,-0.0009339448349692248,-0.0003110124983294327,-14.927275769412518,35848483.295456536,81.40484309232075,True
370500.0,0.0003420306908249005,-0.0009411780766299671,-0.0003117162507209059,-15.036256238818169,35847827.58842031,81.39788187017841,True
370800.0,0.0003431708180214566,-0.0009482660240962559,-0.0003124386542481261,-15.1412952542305,35847167.406077445,81.39127006753726,True
371100.0,0.0003443199198255605,-0.0009552232077112421,-0.0003131799563362847,-15.242071330547333,35846503.019634046,81.38501585525138,True
371400.0,0.00034547796707465214,-0.0009620504435474686,-0.0003139404317238359,-15.337546609342098,35845834.706060275,81.37912695401982,True
371700.0,0.00034664222720289656,-0.0009687195279752814,-0.0003147193742449872,-15.42819907516241,35845162.75026234,81.37361062365486,True
372000.0,0.00034781655958794996,-0.0009752609401516565,-0.0003155192783168559,-15.514615572988987,35844487.44360204,81.36847365818231,True
372300.0,0.00034899649330643484,-0.0009816564416951223,-0.00031633681206244546,-15.597276367247105,35843809.083594635,81.36372236837012,True
372600.0,0.00035018383585802234,-0.0009878968683665335,-0.0003171749330164175,-15.674633122980595,35843127.97188684,81.35936258604232,True
372900.0,0.0003513790138358769,-0.0009940034664168707,-0.00031803292721122034,-15.746762737631798,35842444.41779738,81.35539964695741,True
373200.0,0.0003525799867892667,-0.0009999555644242264,-0.00031891028422137424,-15.81474782526493,35841758.73757107,81.35183838816161,True
373500.0,0.00035378687573864385,-0.001005762171985225,-0.00031980677329102036,-15.879065535962582,35841071.252628066,81.34868314218656,True
373800.0,0.0003549997431013391,-0.0010114095067592643,-0.0003207236995024232,-15.937050685286522,35840382.286874354,81.34593773306754,True
374100.0,0.0003562197428453636,-0.0010169113695610577,-0.0003216615957484237,-15.991664998233318,35839692.175305665,81.34360546943704,True
374400.0,0.00035744374690663765,-0.0010222537218282923,-0.00032261822147461316,-16.04101338237524,35839001.25334548,81.34168913856702,True
374700.0,0.00035867365198014083,-0.001027433747054829,-0.00032359608293575093,-16.08588383346796,35838309.86419452,81.3401910105735,True
375000.0,0.0003599085572592728,-0.0010324645209607297,-0.00032459342267543434,-16.126456670463085,35837618.35533702,81.33911282672868,True
375300.0,0.00036114743873949545,-0.0010373244252548375,-0.00032561082417714715,-16.1613584831357,35836927.07738011,81.33845580403023,True
375600.0,0.0003623901977755711,-0.0010420062678804243,-0.0003266488417779101,-16.192858070135117,35836236.389023274,81.33822063143599,True
375900.0,0.00036363707746273175,-0.0010465303643627522,-0.00032770639622015096,-16.21826709061861,35835546.64822141,81.33840746750262,True
376200.0,0.0003648883205313369,-0.001050885035255078,-0.0003287846993629273,-16.240260556340218,35834858.22225665,81.33901594419544,True
376500.0,0.0003661423761064985,-0.001055068669074899,-0.0003298822228003928,-16.25639459490776,35834171.47699704,81.34004516238284,True
376800.0,0.00036739998747415575,-0.0010590656369799945,-0.00033100097837746034,-16.26825623214245,35833486.785776995,81.34149369928122,True
377100.0,0.000368660302145833,-0.001062883287090699,-0.00033213951749644366,-16.275646828114986,35832804.52330167,81.34335960326203,True
377400.0,0.00036992170243537674,-0.0010665054973628685,-0.000333297219796691,-16.27769672125578,35832125.06647344,81.34564040058952,True
377700.0,0.0003711867555271241,-0.0010699546984938024,-0.000334475291950298,-16.27544939517975,35831448.796678975,81.34833309950912,True
378000.0,0.00037245290214435293,-0.0010732020527939312,-0.00033567294086367383,-16.267715394496918,35830776.095337726,81.35143419015444,True
378300.0,0.0003737206133828927,-0.00107625987254778,-0.00033688973235257436,-16.25601029396057,35830107.348526776,81.35493965128337,True
378600.0,0.00037498994180014194,-0.0010791121558781924,-0.0003381267897282214,-16.2387927249074,35829442.94089853,81.35884495649574,True
378900.0,0.00037625908948746815,-0.0010817532563578425,-0.00033938240747488635,-16.21741282939911,35828783.26130184,81.36314507551239,True
379200.0,0.00037752949666330427,-0.0010841936368706229,-0.0003406572883903891,-16.1904349476099,35828128.69677137,81.36783448572264,True
379500.0,0.00037880010123936215,-0.0010864129319827498,-0.0003419515496148051,-16.157997451722622,35827479.63654838,81.37290717614357,True
379800.0,0.00038007084622806693,-0.0010884193961544497,-0.00034326434304432496,-16.12199702858925,35826836.4719208,81.37835665464127,True
380100.0,0.0003813404090544762,-0.001090200699820798,-0.00034459486654725424,-16.079668074846268,35826199.589454,81.38417595718789,True
380400.0,0.00038260890187432435,-0.0010917512390449247,-0.0003459433971784165,-16.03335066139698,35825569.380405836,81.39035765778382,True
380700.0,0.0003838772936512143,-0.0010930699325797377,-0.00034731081146333054,-15.981515489518642,35824946.23139573,81.39689387751329,True
381000.0,0.0003851440198995991,-0.0010941556778334416,-0.00034869516302649117,-15.924424156546593,35824330.52970566,81.40377629130047,True
381300.0,0.00038640802033643894,-0.001094995459425263,-0.00035009587541878773,-15.863690964877605,35823722.66248086,81.410996142921,True
381600.0,0.0003876702753882974,-0.0010955802981413854,-0.0003515143075674132,-15.796897478401661,35823123.01098115,81.41854425702766,True
381900.0,0.00038892989207090124,-0.0010959222020119341,-0.00035294826820120306,-15.725394181907177,35822531.95801837,81.42641104576273,True
382200.0,0.0003901852905988352,-0.001095994424304081,-0.00035439747149723644,-15.648510605096817,35821949.881801546,81.43458652694332,True
382500.0,0.00039143938627833066,-0.0010958067840647345,-0.00035586402657372673,-15.566940784454346,35821377.15895726,81.44306033791305,True
382800.0,0.000392687251669646,-0.0010953396326272014,-0.00035734340643500673,-15.480298675596714,35820814.16172036,81.45182174049815,True
383100.0,0.00039393346954763093,-0.0010946069504029765,-0.00035883923057156153,-15.38821016997099,35820261.25866239,81.46085965039507,True
383400.0,0.00039517336225487184,-0.001093593898758627,-0.00036034687688868416,-15.291572466492653,35819718.81558842,81.47016263600207,True
383700.0,0.00039640916487605196,-0.0010922910018962284,-0.00036186891811951227,-15.18938547372818,35819187.192008264,81.47971894968036,True
384000.0,0.0003976385477224944,-0.0010906921678213166,-0.0003634026648029476,-15.083629935979843,35818666.7456565,81.48951653171588,True
384300.0,0.00039886399011193564,-0.001088794781139768,-0.000364950441593237,-14.971135511994362,35818157.82400558,81.49954303760194,True
384600.0,0.00040008163580914686,-0.0010865997243740821,-0.00036650739951937794,-14.854717016220093,35817660.77505028,81.50978584343187,True
384900.0,0.0004012941853329291,-0.0010840935383953365,-0.0003680767678133634,-14.732867680490017,35817175.93665306,81.52023207929035,True
385200.0,0.00040250019151029745,-0.001081273601130306,-0.00036965651524667464,-14.606473311781883,35816703.64291454,81.530868634602,True
385500.0,0.0004036972666457817,-0.0010781349930084616,-0.0003712437240324107,-14.475244082510471,35816244.220266335,81.54168218172299,True
385800.0,0.00040488872485073077,-0.0010746745851406558,-0.0003728415503019278,-14.339748278260231,35815797.98917077,81.5526592026285,True
386100.0,0.0004060715237253139,-0.0010708806277648364,-0.00037444675264453053,-14.198498085141182,35815365.260878235,81.56378599666276,True
386400.0,0.00040724599061025445,-0.0010667664209904615,-0.00037605819456132394,-14.05245203524828,35814946.341607034,81.57504870973277,True
386700.0,0.00040841238878514045,-0.001062303239962148,-0.0003776772296220088,-13.902800120413303,35814541.53001211,81.58643335582968,True
387000.0,0.00040956882875656817,-0.0010574992714964537,-0.0003793006055730075,-13.74787275493145,35814151.11378409,81.59792583149175,True
387300.0,0.0004107158556941495,-0.001052352262348677,-0.00038092834049052726,-13.588561564683914,35813775.37476738,81.60951194563236,True
387600.0,0.0004118532254206695,-0.001046857390463174,-0.00038255974024536954,-13.424114793539047,35813414.58445988,81.62117743787037,True
387900.0,0.00041298177218607814,-0.001041005886406765,-0.00038419548316426244,-13.256251096725464,35813069.00783877,81.63290800326199,True
388200.0,0.00041409880816424885,-0.0010348029296665118,-0.0003858316460139122,-13.083153679966927,35812738.89707453,81.64468930926732,True
388500.0,0.0004152048375952202,-0.0010282275780468808,-0.00038746922002985684,-12.906474024057388,35812424.49826288,81.65650702846949,True
388800.0,0.0004163004349877085,-0.001021307227631496,-0.00038910654220103424,-12.725132174789906,35812126.044961564,81.66834685443061,True
389100.0,0.0004173856952654072,-0.0010140217407865748,-0.00039074410305772744,-12.539676263928413,35811843.76229536,81.68019453010271,True
389400.0,0.00041845764896892125,-0.0010063599111163057,-0.0003923785872075314,-12.350180894136429,35811577.864608884,81.69203586561122,True
389700.0,0.00041951914296912415,-0.0009983400199757853,-0.0003940113053317873,-12.156452737748623,35811328.555436045,81.70385677052207,True
390000.0,0.00042056725208922054,-0.000989954449266861,-0.00039563882131687933,-11.958933025598526,35811096.02817586,81.71564326834708,True
390300.0,0.00042160281670341104,-0.0009811929461420732,-0.00039726183132415827,-11.757698595523834,35810880.46487672,81.72738152929914,True
390600.0,0.0004226248925762923,-0.0009720650475344428,-0.0003988781114969697,-11.552106849849224,35810682.03567458,81.73905788706044,True
390900.0,0.00042363510179592917,-0.0009625706849760718,-0.00040048867219866224,-11.343140564858913,35810500.900941454,81.75065886864718,True
391200.0,0.00042463064117722867,-0.0009527116087042486,-0.00040208975725875007,-11.13127601146698,35810337.208967514,81.7621712099582,True
391500.0,0.00042561324013759767,-0.0009424833968409985,-0.00040368271689317226,-10.915625549852848,35810191.094928615,81.7735818889783,True
391800.0,0.0004265835056171416,-0.0009319006270516184,-0.00040526680798791404,-10.696945615112782,35810062.68373003,81.78487814163053,True
392100.0,0.00042753770829909296,-0.0009209448277829324,-0.00040683830707166635,-10.474441044032574,35809952.086657725,81.79604748360812,True
392400.0,0.00042847721453756905,-0.0009096425435757283,-0.0004083967702257496,-10.248381271958351,35809859.40385283,81.80707773895902,True
392700.0,0.00042940223786041784,-0.0008979749748334598,-0.0004099426474510892,-10.020889051258564,35809784.7249702,81.81795705956831,True
393000.0,0.0004303117649940151,-0.0008859618256167323,-0.0004114733716136243,-9.789233759045601,35809728.12235321,81.82867394260188,True
393300.0,0.00043120757359749206,-0.0008736006418530451,-0.0004129903165619453,-9.554958172142506,35809689.6600539,81.8392172582434,True
393600.0,0.00043208790506840846,-0.0008609080211385844,-0.00041449036078233803,-9.318738833069801,35809669.38859885,81.84957626139816,True
393900.0,0.0004329514363756803,-0.0008478715875526177,-0.00041597209684596237,-9.078913688659668,35809667.34343429,81.85974061734757,True
394200.0,0.0004337994742073447,-0.0008345165646232999,-0.00041743531750171314,-8.837269194424152,35809683.55064331,81.86970041992382,True
394500.0,0.00043463323435858877,-0.0008208356155137153,-0.00041888108060561535,-8.592880845069885,35809718.02072863,81.87944620944577,True
394800.0,0.0004354502396725203,-0.0008068362602102752,-0.0004203060216099175,-8.347288601100445,35809770.75374313,81.8889689840318,True
395100.0,0.0004362489433374869,-0.0007925381365225803,-0.0004217073325776255,-8.098920300602913,35809841.73368083,81.89826022065071,True
395400.0,0.00043703315767064924,-0.0007779458415484442,-0.0004230883721589862,-7.84835584461689,35809930.933721624,81.90731189581888,True
395700.0,0.0004378004569130682,-0.0007630527798028197,-0.0004244464587230823,-7.597016103565693,35810038.31491357,81.91611648744872,True
396000.0,0.0004385511790056304,-0.0007478997599150716,-0.000425780107335072,-7.342976696789265,35810163.821992815,81.92466699505773,True
396300.0,0.000439284964830947,-0.0007324699998889628,-0.0004270892054734077,-7.088296703994274,35810307.39073189,81.93295695178509,True
396600.0,0.00044000256880715637,-0.0007167805696326468,-0.0004283736140706651,-6.831486061215401,35810468.94043935,81.94098043366266,True
396900.0,0.0004407022362822822,-0.000700855384877741,-0.0004296304572619647,-6.574101746082306,35810648.38060156,81.94873206636294,True
397200.0,0.0004413839865281378,-0.0006846869013088508,-0.00043085974839129904,-6.315740406513214,35810845.60593398,81.95620703903289,True
397500.0,0.00044205074099697817,-0.000668315081441051,-0.0004320630045810958,-6.0565604120492935,35811060.49897508,81.96340110983824,True
397800.0,0.00044269750261063826,-0.000651724685752697,-0.0004332353947233969,-5.796135701239109,35811292.929025084,81.97031060373304,True
398100.0,0.00044332907085170396,-0.00063493389791347,-0.0004343811019111854,-5.535215422511101,35811542.75400374,81.97693243210992,True
398400.0,0.00044394265581401086,-0.0006179730123108129,-0.0004354962737238566,-5.274365969002247,35811809.81920344,81.98326407868969,True
398700.0,0.0004445380901042685,-0.0006008399421943977,-0.0004365807072304051,-5.013282373547554,35812093.95672483,81.9893036127807,True
399000.0,0.00044511715297245965,-0.0005835542465888466,-0.000437635606317599,-4.750899635255337,35812394.98572524,81.99504968723375,True
399300.0,0.00044567830676233106,-0.0005661281014681663,-0.0004386590419755976,-4.489857047796249,35812712.71703294,82.00050153272288,True
399600.0,0.0004462205941687539,-0.0005485800397195817,-0.0004396495613718798,-4.228039011359215,35813046.94485068,82.00565895879619,True
399900.0,0.0004467480237355964,-0.0005309259117325382,-0.00044061086767044344,-3.967281810939312,35813397.45563778,82.01052235462122,True
400200.0,0.0004472554549807503,-0.0005131743382662535,-0.000441537587022367,-3.7063497230410576,35813764.021274,82.01509266945641,True
400500.0,0.00044774651783866854,-0.0004953407417929157,-0.0004424331134629256,-3.4464458376169205,35814146.404770344,82.01937142385158,True
400800.0,0.00044821997366104835,-0.0004774541959591261,-0.0004432956627340445,-3.1874721497297287,35814544.3567416,82.0233606877268,True
401100.0,0.00044867592975023063,-0.0004595135727640809,-0.00044412550201400336,-2.9290599673986435,35814957.61666052,82.0270630783249,True
401400.0,0.00044911624251427586,-0.0004415517031475247,-0.000444923999822322,-2.672135427594185,35815385.91465923,82.03048174870942,True
401700.0,0.000449538351324988,-0.000423568618941772,-0.00044568875846096034,-2.416740693151951,35815828.96959775,82.03362037110129,True
402000.0,0.0004499417051366665,-0.00040558780909805137,-0.0004464189916149053,-2.1622426882386208,35816286.48953094,82.03648312925901,True
402300.0,0.0004503298976490068,-0.0003876166296379324,-0.00044711842033962057,-1.9097197949886322,35816758.17436455,82.03907470721528,True
402600.0,0.0004507011710772551,-0.0003696786660611906,-0.00044778512265963855,-1.6587501987814903,35817243.712923385,82.04140026384822,True
402900.0,0.0004510538234014165,-0.0003517983721224027,-0.000448417286108338,-1.409143440425396,35817742.78497309,82.04346542229014,True
403200.0,0.00045139105848309726,-0.00033397171330307174,-0.0004490185030903149,-1.1618155390024185,35818255.06239517,82.04527625786312,True
403500.0,0.0004517110601737252,-0.0003162316778002605,-0.00044958678903128657,-0.9169760271906853,35818780.20768385,82.04683926877479,True
403800.0,0.0004520148189454633,-0.0002985843739793381,-0.000450123411212644,-0.6743935644626617,35819317.874530375,82.04816136572337,True
404100.0,0.00045230304433896754,-0.000281042276867538,-0.0004506292808201806,-0.4343121200799942,35819867.7090669,82.04924984822274,True
404400.0,0.0004525738870855723,-0.00026362281352021455,-0.0004511027086948616,-0.1971464306116104,35820429.349898025,82.05011238150702,True
404700.0,0.00045283026287860684,-0.00024634885011209917,-0.00045154676843139896,0.038083016872406006,35821002.426879734,82.05075698232766,True
405000.0,0.00045306841514086715,-0.0002292086091983947,-0.00045195822922039497,0.26947733014822006,35821586.56574358,82.05119198566302,True
405300.0,0.00045329305535333716,-0.00021224720700274702,-0.0004523417921689088,0.498920775949955,35822181.38179384,82.05142603614563,True
405600.0,0.00045350051024443895,-0.0001954665725918403,-0.00045269422490434863,0.7252508699893951,35822786.487102546,82.05146804886573,True
405900.0,0.0004536927279682266,-0.00017888005976374188,-0.0004530178336068502,0.9472903832793236,35823401.48784882,82.05132719905475,True
406200.0,0.0004538702677700837,-0.0001624914036995051,-0.0004533136203548338,1.1669416576623917,35824025.98160171,82.05101289106766,True
406500.0,0.0004540315163065662,-0.00014631131625719718,-0.00045358036487641584,1.383041150867939,35824659.56384741,82.05053473296695,True
406800.0,0.0004541791375207161,-0.0001303708805835413,-0.00045382103236590865,1.595602199435234,35825301.82413348,82.04990251817429,True
407100.0,0.00045431123121643065,-0.00011467595888348114,-0.00045403420982381704,1.8039996474981308,35825952.3482748,82.04912619196122,True
407400.0,0.00045442980640283904,-9.92186861594746e-05,-0.0004542224546781881,2.008406735956669,35826610.71731092,82.04821583472457,True
407700.0,0.00045453354710696576,-8.403359379371977e-05,-0.0004543848126274952,2.2094820514321327,35827276.5082165,82.04718162936447,True
408000.0,0.00045462282797128177,-6.911445603918764e-05,-0.00045452221365849255,2.406654104590416,35827949.29601626,82.04603384153927,True
408300.0,0.000454700182809562,-5.447882944054072e-05,-0.00045463766248587945,2.599694348871708,35828628.65261355,82.04478279477149,True
408600.0,0.00045476300529865925,-4.012869433722699e-05,-0.0004547290781289348,2.7882265150547028,35829314.147683844,82.04343883831517,True
408900.0,0.0004548118037416212,-2.6077649351918808e-05,-0.0004547974728410509,2.9719507172703743,35830005.34885415,82.0420123305354,True
409200.0,0.0004548492145597001,-1.2342091849859571e-05,-0.0004548460035920243,3.1517394930124283,35830701.8210107,82.04051361338496,True
409500.0,0.00045487226367101557,1.0781184869301796e-06,-0.00045487223916040875,3.3279399424791336,35831403.12840009,82.03895298037106,True
409800.0,0.00045488421848989075,1.4177390056602235e-05,-0.0004548799785339952,3.498244322836399,35832108.83716097,82.03734066440182,True
410100.0,0.00045488477536935327,2.6946047967157938e-05,-0.00045486945239758825,3.665192261338234,35832818.50822245,82.03568680438958,True
410400.0,0.00045487249413920584,3.938173441042636e-05,-0.00045483974911064706,3.8273342847824097,35833531.7065393,82.03400142449556,True
410700.0,0.0004548492787287347,5.146143121237401e-05,-0.0004547933368002077,3.983906701207161,35834247.99681276,82.03229441593419,True
411000.0,0.0004548142349200209,6.320371466017605e-05,-0.0004547298058241722,4.1367113292217255,35834966.94200336,82.03057550850049,True
411300.0,0.0004547685646623668,7.458277286787052e-05,-0.000454650931459355,4.284245543181896,35835688.10958974,82.0288542539555,True
411600.0,0.0004547143289817682,8.560776612398513e-05,-0.0004545592566103096,4.426968865096569,35836411.06668611,82.02714000350998,True
411900.0,0.00045464845003988745,9.626080714042473e-05,-0.0004544522615930191,4.565176047384739,35837135.3825487,82.02544188150536,True
412200.0,0.00045457251318653573,0.00010653496241275207,-0.00045433205836786783,4.698529079556465,35837860.62941749,82.02376877525752,True
412500.0,0.00045448849407990434,0.00011644630731666439,-0.00045420103191418093,4.8264401108026505,35838586.38250117,82.0221293115203,True
412800.0,0.00045439361762878187,0.00012596692329225334,-0.0004540570058679805,4.950583919882774,35839312.21782585,82.02053183317052,True
413100.0,0.0004542923618861286,0.0001351131319893284,-0.0004539048367604437,5.068513557314873,35840037.71897371,82.01898439304136,True
413400.0,0.0004541808065136158,0.0001438680922660751,-0.0004537411369511801,5.1822564676404,35840762.4688334,82.01749472163212,True
413700.0,0.0004540615619953867,0.00015223970845568147,-0.0004535689026425871,5.290651693940163,35841486.05760155,82.01607022548919,True
414000.0,0.00045393411168149605,0.00016021060665138975,-0.0004533881438959497,5.394105203449726,35842208.07835745,82.0147179623727,True
414300.0,0.00045380070378407895,0.00016778652639004576,-0.0004532014794307315,5.493390806019306,35842928.12858327,82.01344463219333,True
414600.0,0.0004536600417210695,0.0001749594674151922,-0.00045300805531667265,5.586704283952713,35843645.813421644,82.0122565570922,True
414900.0,0.00045351067480646457,0.00018173795598386278,-0.0004528067254625512,5.675525337457657,35844360.74011555,82.01115967161572,True
415200.0,0.0004533566733306086,0.000188107197715226,-0.000452602031472793,5.759425833821297,35845072.52349185,82.01015951653532,True
415500.0,0.0004531962221566726,0.00019407703308615964,-0.0004523924132939783,5.838289178907871,35845780.7840228,82.00926121576119,True
415800.0,0.0004530294658358629,0.00019963693597446763,-0.0004521784171345189,5.912116289138794,35846485.148290224,82.00846947411792,True
416100.0,0.0004528570209139738,0.00020478880227869922,-0.0004519609432378502,5.981595255434513,35847185.24867456,82.00778856603895,True
416400.0,0.0004526809944123554,0.00020952394223172632,-0.00045174245809675995,6.0452002957463264,35847880.72650293,82.00722232811587,True
416700.0,0.00045249762069190423,0.000213857621133684,-0.00045151930987685773,6.103802651166916,35848571.227673545,82.00677414364077,True
417000.0,0.0004523120324718856,0.00021777118411137053,-0.00045129704776059043,6.158237583935261,35849256.40531151,82.00644695105252,True
417300.0,0.00045212137824682263,0.0002212767203104704,-0.00045107291909118885,6.207279026508331,35849935.922004536,82.0062432204706,True
417600.0,0.0004519254415407972,0.00022436305292217185,-0.0004508470063058212,6.251851499080658,35850609.4457889,82.0061649597742,True
417900.0,0.00045172673982403163,0.00022703783864130855,-0.00045062193258615935,6.291027627885342,35851276.65433663,82.00621371016406,True
418200.0,0.0004515250646864686,0.00022929055387521657,-0.0004503977419574312,6.324466474354267,35851937.23268886,82.00639053781953,True
418500.0,0.0004513205468894242,0.00023114210992503104,-0.00045017448749717914,6.354684479534626,35852590.87114329,82.00669603417843,True
418800.0,0.0004511117562884764,0.00023256317007280813,-0.00044995113054824287,6.378830671310425,35853237.27362402,82.00713031344885,True
419100.0,0.0004509025569733918,0.00023357806728085961,-0.000449731385529617,6.398391768336296,35853876.14810789,82.00769301799227,True
419400.0,0.0004506909535393561,0.00023417052187824083,-0.00044951347388177965,6.412078067660332,35854507.2138566,82.00838330853364,True
419700.0,0.00045047533396026394,0.0002343431676479213,-0.0004492957890818161,6.4213589653372765,35855130.19598526,82.00919987120446,True
420000.0,0.0004502601148701251,0.0002341057303283378,-0.0004490826739811382,6.426441304385662,35855744.82957473,82.01014092562318,True
420300.0,0.0004500438288574717,0.00023344547966530627,-0.0004488727747542498,6.4255088195204735,35856350.86050898,82.01120421646739,True
420600.0,0.00044982526769514827,0.00023238036999373435,-0.00044866466573978414,6.4205076694488525,35856948.03975268,82.0123870232341,True
420900.0,0.0004496062908844569,0.00023089204586312917,-0.0004484603382906016,6.409606285393238,35857536.13094098,82.01368616878243,True
421200.0,0.0004493886657138026,0.00022898924873970827,-0.000448261396087446,6.394013375043869,35858114.90359743,82.0150980214895,True
421500.0,0.00044916993866908134,0.00022667629079364815,-0.0004480652338543223,6.373069524765015,35858684.13806493,82.01661849829568,True
421800.0,0.00044895110355267686,0.0002239550746594432,-0.00044787270475410423,6.347685053944588,35859243.62207698,82.01824308014415,True
422100.0,0.0004487346905829674,0.00022080993807094274,-0.0004476863473001913,6.317192651331425,35859793.15390101,82.01996681887069,True
422400.0,0.00044851779729083183,0.00021726292237644884,-0.0004475028699317818,6.281263522803783,35860332.54040519,82.02178433923925,True
422700.0,0.00044830332929649957,0.00021331198237817262,-0.00044732501527278146,6.240383334457874,35860861.59655261,82.02368986124155,True
423000.0,0.0004480901435745795,0.00020894089902867563,-0.0004471515724873143,6.194115534424782,35861380.14709537,82.02567720141163,True
423300.0,0.000447877982209297,0.0002041618096768616,-0.0004469819342034498,6.143068693578243,35861888.02455239,82.02773978954552,True
423600.0,0.00044766956124884323,0.00019898751904179335,-0.0004468184550177057,6.087211303412914,35862385.0708276,82.02987068407654,True
423900.0,0.0004474627769125039,0.000193413846943713,-0.00044665879215699533,6.026059463620186,35862871.13694346,82.03206257826459,True
424200.0,0.0004472609185326603,0.00018742228837709263,-0.0004465060971483581,5.96017462015152,35863346.081452884,82.03430782505912,True
424500.0,0.00044706153430350276,0.00018104399225649104,-0.00044635734251130543,5.888262130320072,35863809.77323919,82.03659844090795,True
424800.0,0.0004468660008232414,0.000174274168273314,-0.0004462136196394795,5.812157779932022,35864262.08641722,82.03892613232244,True
425100.0,0.0004466740366228497,0.00016710539108544253,-0.0004460743533201139,5.730197094380856,35864702.90684136,82.0412823071295,True
425400.0,0.00044648696570177084,0.00015953523472944653,-0.00044594051279034375,5.643705189228058,35865132.12548277,82.04365809547417,True
425700.0,0.0004463043847312715,0.00015159271345055458,-0.0004458111096710127,5.552144572138786,35865549.64313913,82.04604436483163,True
426000.0,0.00044612847377001227,0.00014325505486567636,-0.000445688082308493,5.454884797334671,35865955.36851337,82.048431744108,True
426300.0,0.00044595788151417825,0.000134536496830151,-0.00044556956862606967,5.353132680058479,35866349.21612288,82.05081063680963,True
426600.0,0.00044579186062015296,0.00012544073433673475,-0.0004454543717713477,5.246285051107407,35866731.1097781,82.05317124604777,True
426900.0,0.00044563382099698434,0.00011597373179483839,-0.000445345432240174,5.134470857679844,35867100.97986369,82.0555035991658,True
427200.0,0.000445481344723268,0.00010613193890662842,-0.0004452398943897151,5.017829328775406,35867458.7638764,82.0577975595479,True
427500.0,0.0004453369007452168,9.59178784114556e-05,-0.00044513974474114093,4.895556323230267,35867804.40718805,82.06004285954263,True
427800.0,0.0004451988739984912,8.535572413848058e-05,-0.0004450427918953892,4.7686861008405685,35868137.86006649,82.06222911423771,True
428100.0,0.0004450694109724389,7.442727735451626e-05,-0.0004449507712962486,4.637662276625633,35868459.079901636,82.06434585283323,True
428400.0,0.00044494827634235435,6.313564679771844e-05,-0.000444862927935219,4.5003868117928505,35868768.03294837,82.0663825359156,True
428700.0,0.00044483623376035677,5.151543217607468e-05,-0.00044477942640241963,4.359309479594231,35869064.68702411,82.06832858294086,True
429000.0,0.00044473231594241127,3.954722058097104e-05,-0.00044469884629450007,4.213288299739361,35869349.01943107,82.0701733941424,True
429300.0,0.00044463685404127427,2.7238716540978203e-05,-0.00044462097997666206,4.062296323478222,35869621.01202892,82.0719063780221,True
429600.0,0.00044455255572968267,1.4601058808239031e-05,-0.00044454799551374435,3.9065769761800766,35869880.65185544,82.07351697744045,True
429900.0,0.000444476881374445,1.6392916961649462e-06,-0.0004444768238869301,3.7457649633288383,35870127.931779385,82.07499468711435,True
430200.0,0.00044441272814054936,-1.1646177398461077e-05,-0.0004444098280345088,3.5814849361777306,35870362.84767351,82.07632908951663,True
430500.0,0.00044435859884659883,-2.5232661101881604e-05,-0.0004443449874855787,3.4115516394376755,35870585.403984904,82.07750987035654,True
430800.0,0.00044431527233065556,-3.9127950856254756e-05,-0.00044428254648209986,3.238197900354862,35870795.60527649,82.07852685053379,True
431100.0,0.0004442841073004822,-5.332003132707541e-05,-0.00044422334282501197,3.059953957796097,35870993.46411719,82.07937000971366,True
431400.0,0.0004442632222017079,-6.77911667708031e-05,-0.00044416500622901367,2.8771714940667152,35871178.99532765,82.08002950765264,True
431700.0,0.0004442552854653233,-8.255978411852993e-05,-0.0004441096211706963,2.6897350922226906,35871352.21803937,82.0804957168103,True
432000.0,0.0004442591261966627,-9.758754828226301e-05,-0.0004440556092077941,2.499023988842964,35871513.15350521,82.080759238928,True
432300.0,0.0004461496782654935,-0.00011243505912261753,-0.0004458806506733026,2.581490680575371,35871661.551295,82.08081281233248,True
432600.0,0.00044615507151951855,-0.00012796639538237287,-0.0004458065440076098,2.373578503727913,35871798.00415467,82.08064380080044,True
432900.0,0.0004461740109581586,-0.00014373576107118424,-0.0004457342220831606,2.162752151489258,35871922.256755784,82.08024555212735,True
433200.0,0.0004462073749404616,-0.0001597537153088524,-0.00044566399483869645,1.9468905180692673,35872034.34608625,82.07960984140733,True
433500.0,0.0004462534683093496,-0.00017598758140024984,-0.00044559387910680925,1.7264733389019966,35872134.3090515,82.0787287918223,True
433800.0,0.0004463162563413581,-0.00019245763797925974,-0.0004455272050876147,1.5024010390043259,35872222.184447125,82.0775949040551,True
434100.0,0.00044639306973235217,-0.00020912266711548,-0.0004454611388240437,1.2746879905462265,35872298.01406339,82.0762010659048,True
434400.0,0.0004464857959073888,-0.00022599941991074957,-0.00044539695839773685,1.043148621916771,35872361.84180252,82.07454058288226,True
434700.0,0.0004465942926086634,-0.00024306162620746363,-0.0004453342959038764,0.8074732720851898,35872413.713412374,82.07260719192679,True
435000.0,0.00044671849428652065,-0.00026029444902064824,-0.0004452727992969585,0.5686706379055977,35872453.67486032,82.0703950816415,True
435300.0,0.00044685855714484064,-0.00027770124506787397,-0.0004452121567055656,0.32557016611099243,35872481.77565399,82.06789890993628,True
435600.0,0.0004470163230524872,-0.0002952755939418239,-0.0004451538522971532,0.08014881610870361,35872498.06334541,82.06511382238267,True
435900.0,0.0004471886210578279,-0.0003129779284449796,-0.00044509479116072725,-0.16888251900672913,35872502.58978318,82.06203546136943,True
436200.0,0.00044737808403372736,-0.0003308304183065047,-0.0004450369424375822,-0.4204683154821396,35872495.40534868,82.05865999016267,True
436500.0,0.0004475855509734131,-0.00034881104488704295,-0.00044498105988566294,-0.675952710211277,35872476.563556045,82.05498409987473,True
436800.0,0.00044781087052128584,-0.0003669038600548902,-0.0004449268667912065,-0.9339893385767937,35872446.11582657,82.05100502169039,True
437100.0,0.00044805420840456913,-0.0003850924586572546,-0.0004448744550700212,-1.1940995380282402,35872404.114920855,82.04672053906596,True
437400.0,0.0004483132879532516,-0.00040338282707352846,-0.00044482111117361,-1.4569534361362457,35872350.615103304,82.04212899407065,True
437700.0,0.00044859205345768955,-0.00042174737393452233,-0.0004447709728907512,-1.7230853661894798,35872285.67075118,82.03722930524926,True
438000.0,0.00044888722137549197,-0.00044018067842444,-0.0004447205555493383,-1.9905236586928368,35872209.3338878,82.03202096002232,True
438300.0,0.0004492028895825158,-0.00045868493148759626,-0.00044467368081768655,-2.2607273682951927,35872121.66003332,82.02650403512938,True
438600.0,0.0004495351749267101,-0.00047723016911049854,-0.00044462676618195474,-2.532664194703102,35872022.70220726,82.02067918606048,True
438900.0,0.0004498881252663743,-0.0004958222799871237,-0.0004445835643167584,-2.8063112795352936,35871912.514364526,82.01454766455906,True
439200.0,0.0004502584914806959,-0.0005144277598674307,-0.00044454130801341307,-3.0822751820087433,35871791.150961705,82.00811130613805,True
439500.0,0.0004506473654443934,-0.0005330594031534019,-0.00044450065318812904,-3.358965389430523,35871658.664087854,82.00137254000404,True
439800.0,0.0004510566055971863,-0.0005516937742413575,-0.0004444638629053088,-3.637024737894535,35871515.107863344,81.99433438584184,True
440100.0,0.00045148387116677037,-0.0005703334361442103,-0.00044442837102565136,-3.91757732629776,35871360.53666748,81.98700044459792,True
440400.0,0.0004519324348157726,-0.0005889445198192789,-0.00044439823916775367,-4.198102794587612,35871195.001003735,81.97937490579518,True
440700.0,0.0004523977056351255,-0.0006075387994997072,-0.0004443684362485101,-4.479408428072929,35871018.55447393,81.97146252633071,True
441000.0,0.00045288431424663807,-0.0006261010758521479,-0.00044434401074511243,-4.762031398713589,35870831.25019399,81.96326864284197,True
441300.0,0.0004533897094967679,-0.0006446214347306523,-0.0004443226071089157,-5.045545071363449,35870633.140125126,81.95479914612457,True
441600.0,0.00045391466844507585,-0.0006630805881400192,-0.00044430556833674473,-5.328860767185688,35870424.2754112,81.9460604828796,True
441900.0,0.0004544595179998326,-0.0006814793226226357,-0.000444293244555638,-5.613053627312183,35870204.709251724,81.93705964043836,True
442200.0,0.00045502466752593855,-0.0006998088190925955,-0.00044428637023941064,-5.8967882841825485,35869974.49238531,81.92780413637053,True
442500.0,0.00045560821784091483,-0.0007180595852673832,-0.00044428337076851676,-6.181140229105949,35869733.67797976,81.91830200288413,True
442800.0,0.000456211498232805,-0.0007362240511383789,-0.0004442859511613051,-6.465016767382622,35869482.31713221,81.90856177840807,True
443100.0,0.0004568356712612972,-0.0007542936086508689,-0.00044429571887860675,-6.748260363936424,35869220.46206232,81.89859248916251,True
443400.0,0.00045747894008724946,-0.0007722679974904167,-0.0004443109882288354,-7.030387111008167,35868948.16495043,81.88840362992063,True
443700.0,0.0004581415403666722,-0.0007901243783976497,-0.00044433296783097376,-7.312863819301128,35868665.48032448,81.87800515320919,True
444000.0,0.00045882409358285347,-0.0008078637795563282,-0.00044436248583679117,-7.594508416950703,35868372.46057978,81.86740744816274,True
444300.0,0.0004595246674783748,-0.000825476447175788,-0.00044439813937913186,-7.8748332262039185,35868069.15945107,81.8566213199798,True
444600.0,0.000460247594398999,-0.0008429653238124502,-0.00044444455977554753,-8.15455361455679,35867755.63265863,81.84565797872332,True
444900.0,0.00046098784977038285,-0.000860309449194574,-0.0004444976326141159,-8.4325635060668,35867431.9350302,81.83452900436878,True
445200.0,0.0004617482629996137,-0.0008775165129577545,-0.0004445603097735784,-8.708837814629078,35867098.12355785,81.82324634180168,True
445500.0,0.0004625274491782236,-0.0008945721839666021,-0.00044463205834688324,-8.983911946415901,35866754.25703968,81.81182226886202,True
445800.0,0.000463327089677828,-0.0009114854665881467,-0.000444714619163733,-9.256889082491398,35866400.394256786,81.80026938017666,True
446100.0,0.0004641439547453917,-0.0009282356262474423,-0.0004448058644328512,-9.528356648981571,35866036.59706628,81.78860055862495,True
446400.0,0.0004649813063330784,-0.0009448183475342375,-0.00044490980030786886,-9.796446979045868,35865662.92664482,81.77682896255094,True
446700.0,0.0004658366509744301,-0.0009612367716158587,-0.0004450241254545517,-10.0642269551754,35865279.45106712,81.76496799018472,True
447000.0,0.00046671103117917987,-0.0009774925662782152,-0.0004451502963291887,-10.328872874379158,35864886.234675184,81.75303126628644,True
447300.0,0.00046760481140830615,-0.000993574864310176,-0.00044528964734524834,-10.590415589511395,35864483.34702253,81.74103261462314,True
447600.0,0.00046851653835066893,-0.0010094700254512645,-0.0004454417825456858,-10.849049888551235,35864070.860387,81.72898603254315,True
447900.0,0.00046944570264419015,-0.0010251909529301884,-0.00044560608110089106,-11.10586465895176,35863648.850708075,81.71690566854956,True
448200.0,0.0004703951518665401,-0.0010407340774918339,-0.00044578622900814935,-11.359338209033012,35863217.394292586,81.70480580284224,True
448500.0,0.0004713612622909198,-0.001056089585972586,-0.00044597942418533876,-11.610397525131702,35862776.57308685,81.69270081251915,True
448800.0,0.00047234591445754093,-0.0010712554074814307,-0.0004461883215611806,-11.857774168252945,35862326.470247336,81.68060515955688,True
449100.0,0.00047334792236935623,-0.0010862312016683973,-0.0004464122662994896,-12.101772606372833,35861867.17412509,81.66853335817036,True
449400.0,0.000474368425260396,-0.0011010177547063904,-0.0004466530180167183,-12.3424406722188,35861398.77665306,81.65649995679168,True
449700.0,0.00047540536836407127,-0.0011156002484540295,-0.0004469097763148966,-12.579428985714912,35860921.373422235,81.64451950952596,True
450000.0,0.0004764601045131202,-0.0011299940101139327,-0.0004471838011568252,-12.812175430357456,35860435.06408243,81.63260655742258,True
450300.0,0.0004775313999405375,-0.0011441967764653782,-0.0004474745164060323,-13.041001990437508,35859939.95365385,81.62077560148097,True
450600.0,0.00047862043136829126,-0.0011581916641034695,-0.0004477847350301545,-13.266631782054901,35859436.15225735,81.60904108507036,True
450900.0,0.00047972577761543625,-0.0011719976688766565,-0.00044811255247623194,-13.488061487674713,35858923.77319695,81.59741736334797,True
451200.0,0.0004808458115062527,-0.001185584900554204,-0.0004484585496129512,-13.704793222248554,35858402.93539892,81.58591868834152,True
451500.0,0.0004819841759860445,-0.0011989844375079883,-0.00044882555495462384,-13.917621918022633,35857873.76440236,81.57455918697977,True
451800.0,0.0004831372685554543,-0.0012121785767078563,-0.00044921137443054704,-14.126026220619678,35857336.38994854,81.56335283251092,True
452100.0,0.0004843064967210169,-0.0012251689536810773,-0.0004496181056623527,-14.330434806644917,35856790.94844043,81.5523134329438,True
452400.0,0.00048549224664792595,-0.0012379479807123062,-0.000450047300844858,-14.529256403446198,35856237.58016031,81.54145460580406,True
452700.0,0.0004866909705550639,-0.0012505270773885968,-0.0004504951429282755,-14.723876804113388,35855676.43444731,81.53078975339498,True
453000.0,0.0004879051117112735,-0.0012628942547792121,-0.0004509656689890562,-14.912699028849602,35855107.66391125,81.52033205660945,True
453300.0,0.0004891328866250386,-0.0012750544580057976,-0.00045145734156903927,-15.098047867417336,35854531.431503035,81.51009444261571,True
453600.0,0.000490376590911594,-0.00128700673880644,-0.00045197338988600677,-15.277448654174805,35853947.90195046,81.5000895768589,True
453900.0,0.0004916324608693841,-0.0012987555487598001,-0.0004525101340675519,-15.452606208622456,35853357.250885606,81.49032983359875,True
454200.0,0.0004929019110334863,-0.0013102886929345914,-0.0004530705471665897,-15.622076541185379,35852759.65765497,81.48082729225489,True
454500.0,0.0004941848687147748,-0.001321611662660871,-0.0004536548821221231,-15.7872643917799,35852155.31144537,81.47159371140297,True
454800.0,0.000495481658120917,-0.0013327218211429681,-0.00045426433000272937,-15.94637705385685,35851544.40535533,81.46264051639,True
455100.0,0.0004967881781707926,-0.0013436202129923913,-0.00045489500895712354,-16.099872462451458,35850927.141949445,81.45397877788194,True
455400.0,0.0004981095726317728,-0.0013543105038138492,-0.0004555529398260205,-16.24896076321602,35850303.73185429,81.44561921201063,True
455700.0,0.0004994410984134669,-0.0013647863053165565,-0.000456233995976163,-16.391694605350494,35849674.38993081,81.4375721461071,True
456000.0,0.0005007837046455953,-0.0013750450809766335,-0.00045694000961304937,-16.529589027166367,35849039.34196359,81.4298475212131,True
456300.0,0.0005021367802506756,-0.0013850825268661993,-0.0004576712171768804,-16.662788927555084,35848398.81988426,81.42245487156231,True
456600.0,0.0005035025876411537,-0.0013949099281660438,-0.0004584299451408924,-16.789816103875637,35847753.061561055,81.4154033159287,True
456900.0,0.0005048759621271958,-0.0014045193158551683,-0.0004592116421378023,-16.910896129906178,35847102.31415412,81.40870153695558,True
457200.0,0.0005062605784455687,-0.0014139088490310314,-0.0004600210390748316,-17.026761531829834,35846446.83293258,81.40235778625316,True
457500.0,0.0005076543013969541,-0.0014230692580667892,-0.0004608569812347696,-17.1377105563879,35845786.8803328,81.39637985880331,True
457800.0,0.0005090569434305092,-0.0014320166771426557,-0.0004617186822031272,-17.242398895323277,35845122.72473435,81.39077508942668,True
458100.0,0.0005104695778625594,-0.0014407520434644994,-0.00046260776262840864,-17.34171997755766,35844454.6443094,81.38555034568027,True
458400.0,0.0005118891054993978,-0.0014492500299638778,-0.0004635230619101094,-17.435354575514793,35843782.92352597,81.38071201416689,True
458700.0,0.0005133164564806327,-0.0014575157891840718,-0.00046446572348202153,-17.523613832890987,35843107.85492894,81.37626599776088,True
459000.0,0.0005147525037957137,-0.0014655700929324667,-0.0004654356922628722,-17.60567906498909,35842429.737302005,81.37221770489363,True
459300.0,0.0005161955926365535,-0.001473380870663732,-0.00046643382877675776,-17.682531997561455,35841748.87850415,81.368572045095,True
459600.0,0.0005176447994129379,-0.0014809698149065298,-0.00046745796915104165,-17.753646157681942,35841065.59205146,81.36533341912394,True
459900.0,0.0005191005949881686,-0.0014883178764932836,-0.0004685103621397957,-17.818875148892403,35840380.19887946,81.36250572112324,True
460200.0,0.0005205640813766512,-0.0014954324015832299,-0.0004695920506776474,-17.87913542985916,35839693.027884275,81.36009232835735,True
460500.0,0.0005220326097315567,-0.0015023007725005755,-0.0004707013233797852,-17.933201365172863,35839004.41255994,81.35809609566303,True
460800.0,0.0005235065798762463,-0.001508932999456647,-0.0004718381912169889,-17.98157650977373,35838314.694696076,81.3565193565707,True
461100.0,0.0005249842044785063,-0.001515315426900088,-0.0004730019144005837,-18.024440810084343,35837624.22213566,81.35536391811439,True
461400.0,0.0005264680869213665,-0.0015214569421573287,-0.0004741949676230206,-18.062222197651863,35836933.3491418,81.3546310627213,True
461700.0,0.0005279564423288336,-0.0015273450167683222,-0.00047541647477089555,-18.0932474732399,35836242.43382814,81.35432154021618,True
462000.0,0.0005294491046980053,-0.0015329818093618996,-0.0004766662609370087,-18.118576429784298,35835551.84275741,81.35443557108049,True
462300.0,0.0005309438154212484,-0.0015383581086325648,-0.00047794261978140185,-18.139333002269268,35834861.94802241,81.35497284406796,True
462600.0,0.0005324440770392992,-0.0015434723044336351,-0.00047924966000323366,-18.153291441500187,35834173.12356695,81.3559325240445,True
462900.0,0.0005339446727167266,-0.0015483197045398356,-0.0004805819940543188,-18.162454344332218,35833485.75248493,81.35731323780804,True
463200.0,0.0005354502419047063,-0.0015528901714674248,-0.00048194554642577714,-18.16443905979395,35832800.218113795,81.35911309666933,True
463500.0,0.0005369569066492572,-0.0015571962425156016,-0.0004833350943158621,-18.162155233323574,35832116.91340555,81.36132967641127,True
463800.0,0.0005384645752339275,-0.0015612178628430229,-0.00048475195715980135,-18.153195530176163,35831436.229998425,81.3639600380353,True
464100.0,0.0005399757527591642,-0.0015649545910605411,-0.0004861988758619873,-18.13928298652172,35830758.567332506,81.36700072634058,True
464400.0,0.0005414858114414094,-0.0015684039437928732,-0.00048767078155265153,-18.119234196841717,35830084.32526921,81.37044776503936,True
464700.0,0.0005429989638991463,-0.0015715629233170603,-0.0004891724249205254,-18.092463046312332,35829413.90724026,81.37429667937319,True
465000.0,0.0005445106911893921,-0.0015744117533245117,-0.0004907000358684854,-18.061380453407764,35828747.72228171,81.37854248340304,True
465300.0,0.0005460231404047251,-0.0015769691733282798,-0.0004922544271295237,-18.02328135818243,35828086.17654504,81.38317969939202,True
465600.0,0.0005475341607601089,-0.0015791990587956661,-0.0004938355573216313,-17.98019414395094,35827429.682761416,81.38820235928803,True
465900.0,0.0005490461445751866,-0.0015811262762781553,-0.0004954439996254223,-17.931509882211685,35826778.65247665,81.39360401375694,True
466200.0,0.0005505558360205558,-0.001582722403554726,-0.000497077851235872,-17.87690967321396,35826133.498576365,81.39937773730489,True
466500.0,0.0005520641759698219,-0.0015839955765102331,-0.0004987372073372853,-17.81598626077175,35825494.63449769,81.40551614160547,True
466800.0,0.0005535698894937323,-0.001584929048220829,-0.0005004214439878751,-17.74918681383133,35824862.47475564,81.41201138227942,True
467100.0,0.0005550740930887371,-0.0015855203756416358,-0.0005021315270283822,-17.6773332208395,35824237.434040934,81.41885517134666,True
467400.0,0.0005565750017739241,-0.0015857660561664488,-0.0005038652535915844,-17.599092684686184,35823619.92426276,81.42603878324813,True
467700.0,0.0005580731901080216,-0.0015856650854857435,-0.0005056228226294479,-17.514317743480206,35823010.35745661,81.4335530718356,True
468000.0,0.0005595663565467191,-0.00158518594074053,-0.0005074033413166035,-17.42449890077114,35822409.145800896,81.44138847893782,True
468300.0,0.0005610569797656676,-0.0015843499724041976,-0.0005092074773500599,-17.32922922819853,35821816.69764259,81.44953504970198,True
468600.0,0.0005625423177095626,-0.001583129357186408,-0.0005110335112874509,-17.227443397045135,35821233.41829512,81.45798244196432,True
468900.0,0.0005640239274826375,-0.0015815361109048354,-0.0005128816835338057,-17.119735941290855,35820659.71191425,81.4667199445443,True
469200.0,0.0005654992997621251,-0.0015795476776929718,-0.0005147500888824652,-17.007006891071796,35820095.97970034,81.475736487701,True
469500.0,0.0005669696644237134,-0.0015771662839370038,-0.000516639212136738,-16.887577675282955,35819542.61657135,81.4850206628432,True
469800.0,0.0005684326333310095,-0.0015743767496303462,-0.0005185467047255088,-16.763120628893375,35819000.016650245,81.4945607330888,True
470100.0,0.000569889441867846,-0.0015711784563450237,-0.0005204731859294043,-16.63244567811489,35818468.56661123,81.50434465544097,True
470400.0,0.0005713403775824852,-0.0015675632474767554,-0.0005224187041363848,-16.496674843132496,35817948.65041618,81.5143600942097,True
470700.0,0.0005727822915029107,-0.0015635237244850941,-0.0005243794675493518,-16.354258708655834,35817440.64389648,81.52459443528122,True
471000.0,0.0005742179846784561,-0.00155905032784176,-0.0005263582980461479,-16.20680793374777,35816944.92015342,81.53503481466767,True
471300.0,0.0005756449898159748,-0.0015541490299142424,-0.00052835123699424,-16.054155439138412,35816461.844194114,81.5456681237558,True
471600.0,0.00057706159441525,-0.0015487837159753326,-0.0005303578125932518,-15.895351491868496,35815991.77350577,81.55648103875195,True
471900.0,0.0005784703890268619,-0.0015429820730901156,-0.0005323781599884114,-15.73093543201685,35815535.0599121,81.56746003748859,True
472200.0,0.0005798700336187485,-0.0015367243186119595,-0.0005344111222029824,-15.560860693454742,35815092.0470904,81.57859141770567,True
472500.0,0.0005812592813628639,-0.0015300034422693898,-0.0005364548123765189,-15.385295867919922,35814663.0709713,81.58986131826887,True
472800.0,0.0005826385481818478,-0.0015228101814273032,-0.0005385092603944486,-15.204643227159977,35814248.45936439,81.60125574291747,True
473100.0,0.0005840058837298533,-0.001515145790421002,-0.0005405712789610106,-15.018929198384285,35813848.530964196,81.61276057665458,True
473400.0,0.0005853632536950326,-0.0015070002914967517,-0.0005426425789352152,-14.827600009739399,35813463.5947703,81.62436161578681,True
473700.0,0.0005867090750372265,-0.001498378581175075,-0.0005447201394872536,-14.631948724389076,35813093.95214868,81.63604458058118,True
474000.0,0.0005880427054200141,-0.001489257174512204,-0.000546803606141566,-14.42986910790205,35812739.89123014,81.6477951452845,True
474300.0,0.0005893633887773998,-0.0014796575286482039,-0.0005488898881367277,-14.223222479224205,35812401.693932325,81.65959895564696,True
474600.0,0.0005906722367013122,-0.0014695572320704287,-0.0005509804233270188,-14.011968225240707,35812079.629756585,81.67144165937371,True
474900.0,0.0005919667733653516,-0.0014589467875225637,-0.000553072024189305,-13.79504182189703,35811773.95634415,81.68330892038435,True
475200.0,0.000593248992148115,-0.0014478464511853417,-0.0005551646513026753,-13.574056945741177,35811484.922868416,81.69518645018924,True
475500.0,0.0005945156166776421,-0.001436243810076121,-0.000557254449802258,-13.348383292555809,35811212.76481534,81.7070600246683,True
475800.0,0.0005957698870341598,-0.0014241409439250674,-0.000559343730060391,-13.116932585835457,35810957.70548513,81.71891551789199,True
476100.0,0.0005970090711296215,-0.0014115270469972074,-0.0005614291134321547,-12.882682144641876,35810719.960244596,81.73073891416314,True
476400.0,0.0005982318335750395,-0.0013983995135902205,-0.000563508276187008,-12.642597399652004,35810499.72619203,81.74251633865495,True
476700.0,0.0005994404074527472,-0.0013847792416186167,-0.0005655815022578281,-12.39932893961668,35810297.193610564,81.75423408280953,True
477000.0,0.000600633819472407,-0.0013706495030874066,-0.0005676476095999305,-12.15128955990076,35810112.53581571,81.7658786240131,True
477300.0,0.0006018100923968357,-0.0013560164700550104,-0.0005697032016911407,-11.899144239723682,35809945.91543023,81.77743664843656,True
477600.0,0.0006029711715252148,-0.0013408826451950517,-0.0005717492391710266,-11.643819779157639,35809797.48219334,81.7888950809851,True
477900.0,0.0006041153128909518,-0.0013252587637282431,-0.0005737824171347938,-11.383553065359592,35809667.36982351,81.80024109978879,True
478200.0,0.0006052420211559315,-0.001309125839753733,-0.000575802173983675,-11.120544917881489,35809555.70250177,81.8114621659935,True
478500.0,0.0006063522854966121,-0.0012925182395520096,-0.0005778070398463342,-10.854125007987022,35809462.58788151,81.82254604250757,True
478800.0,0.0006074450598224615,-0.0012754171262656655,-0.0005797958975222173,-10.582983180880547,35809388.11918003,81.83348081721185,True
479100.0,0.000608519432594193,-0.0012578477118836418,-0.0005817658059044106,-10.309794299304485,35809332.37967908,81.84425492223016,True
479400.0,0.0006095760893169159,-0.001239794932132554,-0.0005837173138019125,-10.032658524811268,35809295.434056476,81.85485716011786,True
479700.0,0.0006106145900292181,-0.0012212923621461869,-0.0005856477178980413,-9.753178544342518,35809277.336370535,81.86527671736604,True
480000.0,0.0006116343178519272,-0.001202326192981218,-0.0005875561983685884,-9.470263965427876,35809278.12378724,81.87550318909865,True
480300.0,0.0006126362800288111,-0.0011829122155972982,-0.0005894424038217494,-9.18497832864523,35809297.82136603,81.88552659646575,True
480600.0,0.0006136190051998802,-0.0011630669112605574,-0.0005913034413680407,-8.896981619298458,35809336.43845688,81.89533740163398,True
480900.0,0.0006145829713283681,-0.0011427923022040432,-0.0005931390657991642,-8.606450863182545,35809393.97059127,81.90492653011515,True
481200.0,0.0006155275827588039,-0.0011221032827108957,-0.0005949474514466147,-8.314814269542694,35809470.40020278,81.91428538275126,True
481500.0,0.0006164514418082735,-0.0011010176521608628,-0.0005967259005927872,-8.020325273275375,35809565.69220318,81.92340585166058,True
481800.0,0.0006173569400783165,-0.0010795405567023408,-0.0005984761504009839,-7.723373010754585,35809679.799310826,81.93228033975812,True
482100.0,0.0006182423880702756,-0.0010576857672504048,-0.0006001954427858891,-7.425392679870129,35809812.66099482,81.94090176495764,True
482400.0,0.0006191078328061957,-0.0010354741566516168,-0.0006018826276488198,-7.1254232451319695,35809964.20008193,81.94926357828236,True
482700.0,0.0006199534075436632,-0.0010129200811093142,-0.0006035369327292983,-6.823983371257782,35810134.32669751,81.95735977347886,True
483000.0,0.0006207792347892122,-0.000990031584137796,-0.0006051578267260993,-6.521278947591782,35810322.93655329,81.96518489651142,True
483300.0,0.0006215836592171599,-0.0009668307142192134,-0.0006067425483138322,-6.21809034794569,35810529.91193039,81.97273405147772,True
483600.0,0.0006223689498851913,-0.0009433389631965383,-0.0006082924526680245,-5.912648484110832,35810755.11866619,81.9800029140683,True
483900.0,0.0006231328610307285,-0.0009195663162984147,-0.0006098046789873024,-5.607614122331142,35810998.413259536,81.9869877290369,True
484200.0,0.0006238766278387287,-0.0008955327028274951,-0.0006112796779120799,-5.302293747663498,35811259.63522737,81.99368532220002,True
484500.0,0.0006246007106824388,-0.0008712622857842689,-0.0006127170513536839,-4.995504483580589,35811538.610125005,82.00009309940299,True
484800.0,0.0006253040628631421,-0.0008467712132187444,-0.0006141151553720192,-4.688708923757076,35811835.152850784,82.00620904787944,True
485100.0,0.0006259859388225805,-0.000822080324894614,-0.000615472583874066,-4.382169768214226,35812149.06398493,82.01203173811624,True
485400.0,0.0006266469974952397,-0.0007972038455079655,-0.0006167895883208985,-4.075641505420208,35812480.13067909,82.01756032427741,True
485700.0,0.0006272876650205223,-0.0007721689192976555,-0.0006180659082559714,-3.769866295158863,35812828.12836416,82.0227945396533,True
486000.0,0.0006279090260500395,-0.0007470033458503167,-0.0006193020153091311,-3.4642552509903908,35813192.81865689,82.02773469414618,True
486300.0,0.0006285095301393447,-0.0007217077160248664,-0.0006204963979286049,-3.1589225977659225,35813573.95163243,82.03238166643317,True
486600.0,0.0006290881330432888,-0.0006963129362134168,-0.000621647399029257,-2.855265773832798,35813971.266655795,82.03673689932477,True
486900.0,0.0006296469961856677,-0.0006708446452421413,-0.0006227568052139532,-2.551274597644806,35814384.48795505,82.04080239554065,True
487200.0,0.0006301855688992603,-0.0006453266171888572,-0.0006238237630213916,-2.2498778700828552,35814813.33324403,82.04458070250693,True
487500.0,0.0006307036083021683,-0.0006197782838626154,-0.0006248478769208532,-1.9489855989813805,35815257.504052676,82.04807490504898,True
487800.0,0.0006312025224067058,-0.0005942230536675197,-0.0006258303922521691,-1.6503381878137589,35815716.694875844,82.05128861492081,True
488100.0,0.0006316801487928571,-0.0005686670131694882,-0.0006267693112533834,-1.3528350591659546,35816190.58681276,82.05422595306014,True
488400.0,0.0006321381376857536,-0.0005431557128758868,-0.0006276658318284944,-1.0568181052803993,35816678.85217199,82.05689154199175,True
488700.0,0.0006325756886196536,-0.000517694259599466,-0.0006285194454278553,-0.7642563432455063,35817181.154988095,82.05929048576463,True
489000.0,0.0006329941969636565,-0.0004923106070577887,-0.0006293315102823271,-0.47309765219688416,35817697.14571528,82.06142835729203,True
489300.0,0.0006333919950041114,-0.0004670221507581118,-0.0006301005209650157,-0.18382805585861206,35818226.4681381,82.06331117635828,True
489600.0,0.0006337713086952241,-0.0004418528565111046,-0.0006308288350567182,0.10231797397136688,35818768.75794228,82.06494539811274,True
489900.0,0.0006341324789235307,-0.0004168311236298905,-0.0006315169115254093,0.3862132877111435,35819323.64022816,82.06633788816613,True
490200.0,0.0006344722623698764,-0.0003919559974292497,-0.0006321620255391736,0.6670991480350494,35819890.73362685,82.06749590130605,True
490500.0,0.0006347943362245627,-0.0003672696119565444,-0.0006327679018767185,0.9450730755925179,35820469.648197465,82.06842707033873,True
490800.0,0.0006350978860267232,-0.00034279389478797384,-0.0006333340697608492,1.219106450676918,35821059.987801544,82.0691393739281,True
491100.0,0.0006353817412643199,-0.0003185291167824289,-0.0006338599547319745,1.4910342991352081,35821661.34651233,82.06964111850368,True
491400.0,0.0006356473496335527,-0.0002944989167872336,-0.0006343473815917378,1.7584536895155907,35822273.316121206,82.06994091798072,True
491700.0,0.0006358950468121808,-0.0002707313148562207,-0.0006347970723084018,2.023108310997486,35822895.47816387,82.07004766694779,True
492000.0,0.0006361234080355523,-0.00024724318262769884,-0.0006352081283012012,2.2838316410779953,35823527.41139289,82.06997051636871,True
492300.0,0.0006363359519332997,-0.00022404540914067184,-0.0006355846690127009,2.539900429546833,35824168.68884458,82.06971885604223,True
492600.0,0.0006365298956151164,-0.00020115591757985385,-0.000635924470842042,2.79310505092144,35824818.87619285,82.06930227873384,True
492900.0,0.0006367074766771637,-0.00017859377885542926,-0.000636230360143486,3.0413992032408714,35825477.538527496,82.06873056679153,True
493200.0,0.0006368669155096013,-0.00015636625028037088,-0.0006365012288682692,3.2857283279299736,35826144.23395625,82.068013658183,True
493500.0,0.0006370094197723492,-0.00013450523505298406,-0.0006367388592138923,3.5257969200611115,35826818.51827046,82.06716162820985,True
493800.0,0.0006371352682833938,-0.00011301903515459344,-0.0006369442465938846,3.761617250740528,35827499.94383114,82.06618466064224,True
494100.0,0.0006372456599549286,-9.191342400072244e-05,-0.0006371193147458598,3.9922215789556503,35828188.061292544,82.06509302423386,True
494400.0,0.0006373402115143049,-7.121028681922326e-05,-0.0006372643651531007,4.218656212091446,35828882.417044625,82.06389704502413,True
494700.0,0.0006374176460184149,-5.092085513069833e-05,-0.0006373788564104643,4.439084000885487,35829582.558546856,82.06260708207247,True
495000.0,0.0006374812402708936,-3.1059536610200666e-05,-0.0006374668054291988,4.655875131487846,35830288.02767325,82.06123350797773,True
495300.0,0.0006375285084654613,-1.1628318077328004e-05,-0.000637526484624118,4.866862751543522,35830998.369891435,82.05978667391541,True
495600.0,0.0006375620031806702,7.349913062171254e-06,-0.0006375611943667536,5.072703704237938,35831713.12733472,82.05827689601584,True
495900.0,0.0006375806201285296,2.5874614379972627e-05,-0.0006375705926586761,5.273870408535004,35832431.84224066,82.05671442261946,True
496200.0,0.0006375859009169336,4.392260069607801e-05,-0.00063755699430601,5.469363026320934,35833154.05866649,82.05510941687392,True
496500.0,0.0006375765273095193,6.149629209062368e-05,-0.0006375198365020651,5.659871593117714,35833879.31975099,82.0534719279064,True
496800.0,0.0006375544954044685,7.859294294121355e-05,-0.0006374618573659063,5.844290763139725,35834607.17161964,82.05181187416571,True
497100.0,0.0006375186056568816,9.517437274553231e-05,-0.0006373826857384302,6.022776506841183,35835337.16074322,82.05013901467724,True
497400.0,0.0006374715890218319,0.00011126821172524615,-0.0006372857160670264,6.196534767746925,35836068.83455908,82.04846293411464,True
497700.0,0.000637411730979141,0.0001268449638587299,-0.0006371700394112167,6.364135749638081,35836801.74556124,82.04679301349987,True
498000.0,0.0006373402592030651,0.00014190140129244355,-0.0006370376114972487,6.526824228465557,35837535.446387805,82.04513841675035,True
498300.0,0.0006372575926147237,0.00015643394439734948,-0.0006368895640918026,6.682638630270958,35838269.4960931,82.04350806700317,True
498600.0,0.0006371634885772915,0.00017043098659996758,-0.0006367263918605204,6.833354763686657,35839003.45358748,82.0419106274818,True
498900.0,0.0006370589521940215,0.00018389738505675268,-0.0006365497431204403,6.977834634482861,35839736.88466426,82.0403544846654,True
499200.0,0.0006369442641158036,0.00019681413803596115,-0.0006363606516828213,7.117497123777866,35840469.35689645,82.03884772861505,True
499500.0,0.0006368209885603489,0.00020918926739454946,-0.0006361612712169062,7.249708145856857,35841200.44660495,82.03739813754531,True
499800.0,0.0006366877648012696,0.00022102115636357667,-0.000635950855325973,7.377075128257275,35841929.72991319,82.03601315741079,True
500100.0,0.0006365444050007946,0.0002322834945402974,-0.0006357299825623386,7.498361900448799,35842656.79217142,82.03469989051712,True
500400.0,0.0006363935244067516,0.00024298553086055108,-0.0006355017868884261,7.613743007183075,35843381.22303145,82.03346508193991,True
500700.0,0.0006362350263416157,0.0002531356446979771,-0.0006352666553226527,7.7231458351016045,35844102.618422695,82.03231510023342,True
501000.0,0.0006360680425978527,0.0002627108524677624,-0.0006350244146631212,7.826514378190041,35844820.5805957,82.03125592645728,True
501300.0,0.0006358948352889373,0.0002717095472917208,-0.0006347778507631574,7.92334645986557,35845534.71888048,82.03029314538225,True
501600.0,0.0006357129958302553,0.00028014335461534756,-0.000634524931768965,8.014880247414112,35846244.64778383,82.02943192626273,True
501900.0,0.0006355255431166111,0.0002880029799143813,-0.000634269205278315,8.100136421620846,35846949.99121887,82.02867702264822,True
502200.0,0.000635331953389197,0.0002952766457724465,-0.0006340106727691364,8.180033273994923,35847650.37864894,82.0280327535505,True
502500.0,0.0006351331609825488,0.0003019857351205246,-0.0006337504732130128,8.253180295228958,35848345.44954017,82.02750299931188,True
502800.0,0.0006349278601599045,0.00030809451914137753,-0.0006334879881109146,8.320660643279552,35849034.848812275,82.02709119078466,True
503100.0,0.0006347189237501375,0.00031363079148150064,-0.0006332261773849268,8.38209941983223,35849718.23098986,82.02680030764294,True
503400.0,0.0006345043950178467,0.0003185837643400191,-0.0006329634841648613,8.438215017318726,35850395.25785721,82.02663286417402,True
503700.0,0.0006342855170239695,0.0003229488122542534,-0.0006327014741032144,8.487644478678703,35851065.601825126,82.02659091171128,True
504000.0,0.0006340635515678513,0.0003267246044629246,-0.0006324416698078039,8.530849918723106,35851728.94220281,82.02667603117779,True
504300.0,0.0006338380635591747,0.00032992228301509385,-0.0006321837359877236,8.569053165614605,35852384.96642717,82.02688932790322,True
504600.0,0.0006336084986121839,0.00033251985178139876,-0.0006319275168493732,8.601002886891365,35853033.37344536,82.02723143121013,True
504900.0,0.0006333780504349336,0.00033453722298304456,-0.0006316761619018507,8.626522071659565,35853673.87030254,82.0277024960113,True
505200.0,0.0006331448290110345,0.00033595504510230967,-0.0006314280876011935,8.64631275832653,35854306.17245785,82.02830219417173,True
505500.0,0.0006329086631247146,0.00033679304937095367,-0.0006311830027527776,8.661009699106216,35854930.00483684,82.02902972085491,True
505800.0,0.0006326705060646558,0.00033703602431955915,-0.0006309420677865774,8.668899990618229,35855545.10420327,82.02988379592757,True
506100.0,0.0006324320671573332,0.00033669098175437284,-0.0006307069404982713,8.670945227146149,35856151.214213625,82.0308626651799,True
506400.0,0.0006321927501598076,0.00033576061781559474,-0.000630476977988792,8.666836842894554,35856748.08942408,82.03196410062004,True
506700.0,0.0006319524738836831,0.00033423582536329377,-0.0006302521415335605,8.65795036405325,35857335.49238368,82.033185407393,True
507000.0,0.0006317126641895996,0.00033213174393154077,-0.0006300336229401182,8.642253808677197,35857913.19875898,82.03452342934368,True
507300.0,0.0006314736175032236,0.000329436013061013,-0.0006298217289355534,8.620504282414913,35858480.99115593,82.03597455274848,True
507600.0,0.0006312341968141764,0.00032614839005873364,-0.0006296151717037901,8.593146100640297,35859038.66222612,82.03753471236456,True
507900.0,0.0006309961903440017,0.0003222681318106879,-0.0006294155679000824,8.560780435800552,35859586.01418707,82.0391994035977,True
508200.0,0.0006307603150118484,0.0003178122512395021,-0.0006292232544780063,8.521446384489536,35860122.86151723,82.04096368688337,True
508500.0,0.0006305253745059352,0.00031278278578383834,-0.000629036770689595,8.476477928459644,35860649.025061205,82.04282219662755,True
508800.0,0.0006302923676041152,0.00030715688166083055,-0.000628857059680854,8.425770469009876,35861164.336711906,82.0447691557577,True
509100.0,0.0006300629865193236,0.00030095878528868525,-0.0006286852795511777,8.369006685912609,35861668.638119854,82.04679838475631,True
509400.0,0.0006298363679134385,0.0002941716057875965,-0.000628520382804254,8.307018160820007,35862161.77925378,82.04890331133026,True
509700.0,0.0006296124540970889,0.00028681292727128493,-0.0006283617833560129,8.237921871244907,35862643.622173466,82.05107698602848,True
510000.0,0.0006293921576680248,0.0002788875282249137,-0.0006282099615759762,8.16368119418621,35863114.03436561,82.0533120966375,True
510300.0,0.0006291771574969638,0.00027038286015113044,-0.0006280662831841255,8.083592310547829,35863572.89514212,82.05560098262063,True
510600.0,0.0006289652401124622,0.00026131434020726374,-0.0006279279494947332,7.997348755598068,35864020.092448495,82.0579356455079,True
510900.0,0.0006287587365186672,0.00025168365903027734,-0.0006277968078336471,7.906345970928669,35864455.52142073,82.06030777393894,True
511200.0,0.0006285583898562883,0.0002414888463135867,-0.0006276731152894399,7.808009639382362,35864879.089907475,82.06270875444154,True
511500.0,0.0006283633578172944,0.0002307316262886161,-0.0006275554851100651,7.704667784273624,35865290.70943791,82.06512968914829,True
511800.0,0.0006281731442529899,0.0002194210363484217,-0.0006274428036618929,7.595750637352467,35865690.302851304,82.06756141622522,True
512100.0,0.0006279914636323797,0.0002075590581966935,-0.0006273382028894048,7.480286099016666,35866077.80162177,82.06999453306368,True
512400.0,0.0006278158015570574,0.0001951478083128677,-0.0006272385543155679,7.360115170478821,35866453.14245347,82.07241940567953,True
512700.0,0.0006276470044515786,0.00018219963254750837,-0.0006271440153398089,7.233099080622196,35866816.27387544,82.07482619882595,True
513000.0,0.0006274877224780671,0.0001687156541834156,-0.0006270565999955124,7.100914053618908,35867167.148240566,82.07720489575328,True
513300.0,0.0006273339614219223,0.00015469563692249721,-0.0006269716569420325,6.9632348716259,35867505.72732804,82.07954531146954,True
513600.0,0.0006271911469213394,0.0001401547253294666,-0.0006268938710149996,6.819160684943199,35867831.98069619,82.08183713108711,True
513900.0,0.0006270564628849997,0.00012510296377854502,-0.0006268197028873601,6.670051343739033,35868145.88261831,82.08406991512403,True
514200.0,0.0006269309911014876,0.00010952758736948454,-0.0006267495849385796,6.515850268304348,35868447.415525846,82.08623313504219,True
514500.0,0.0006268153338621736,9.344571265046397e-05,-0.0006266833382113646,6.355731911957264,35868736.569121175,82.08831619244908,True
514800.0,0.0006267108146889083,7.687803889666611e-05,-0.0006266215076635717,6.190408311784267,35869013.33782664,82.09030844460709,True
515100.0,0.000626615441716828,5.981079766570474e-05,-0.0006265614051272905,6.018882505595684,35869277.72378213,82.09219922499679,True
515400.0,0.0006265325552838259,4.226470667845206e-05,-0.0006265055817209486,5.842406824231148,35869529.732633956,82.09397787661035,True
515700.0,0.0006264599383930942,2.4236531857013688e-05,-0.0006264510711844196,5.660717032849789,35869769.377044745,82.09563376625684,True
516000.0,0.0006263999624436047,5.757642611570191e-06,-0.0006263994621633628,5.473214514553547,35869996.67525264,82.09715631988679,True
516300.0,0.0006263513303497347,-1.3183580392706062e-05,-0.0006263487081241692,5.281331516802311,35870211.648445375,82.09853503979353,True
516600.0,0.0006263154456079523,-3.257066322248647e-05,-0.0006262994444483638,5.0844656601548195,35870414.32456362,82.09975953639334,True
516900.0,0.0006262936633294986,-5.240042992227245e-05,-0.0006262522561257811,4.881492301821709,35870604.73652585,82.10081955097257,True
517200.0,0.0006262850204219789,-7.264119213346021e-05,-0.0006262054604917466,4.674341678619385,35870782.91838789,82.1017049789083,True
517500.0,0.0006262878197691235,-9.3309125588803e-05,-0.0006261565646781264,4.462073087692261,35870948.91100615,82.10240589645029,True
517800.0,0.0006263068499100654,-0.00011436951965038133,-0.0006261096790325382,4.245596036314964,35871102.75705456,82.10291259328478,True
518100.0,0.0006263398625573276,-0.00013581755629843428,-0.000626061823368218,4.023377791047096,35871244.50505692,82.10321558375597,True
518400.0,0.0006263872583366299,-0.00015764793249672948,-0.0006260126637158692,3.7969382479786873,35871374.20363392,82.10330564120677,True
518700.0,0.0006278035843529929,-0.00017917979931780792,-0.0006273207104925405,3.789383478462696,35871491.68271439,82.10317517840701,True
519000.0,0.0006278595480981176,-0.00020163313530474625,-0.000627248008200354,3.548567995429039,35871597.4501209,82.10281281603557,True
519300.0,0.0006279343121163629,-0.0002244247307032765,-0.000627176595244805,3.3030038625001907,35871691.33541278,82.10221162241862,True
519600.0,0.000628024640681984,-0.0002475499019283234,-0.0006271025405766295,3.0522798225283623,35871773.39922318,82.10136363026714,True
519900.0,0.0006281322761198152,-0.00027096943711057975,-0.0006270271739055033,2.797900252044201,35871843.7021815,82.10026124996791,True
520200.0,0.0006282561128073414,-0.0002946958504992381,-0.0006269486082715048,2.539189614355564,35871902.308775924,82.09889728245156,True
520500.0,0.0006283996188712653,-0.00031871340885913924,-0.0006268697586904182,2.2758150920271873,35871949.284603596,82.09726494778108,True
520800.0,0.0006285596122736686,-0.0003429892745430152,-0.0006267870821119459,2.0090847238898277,35871984.694852,82.09535789362646,True
521100.0,0.0006287371070660361,-0.00036751182676653116,-0.000626701085593595,1.7379563003778458,35872008.608076654,82.09317022460226,True
521400.0,0.0006289329140342831,-0.0003922703820649076,-0.0006266120817031151,1.4629459828138351,35872021.09208652,82.09069651589212,True
521700.0,0.0006291480734570454,-0.00041726149737542073,-0.0006265205402655738,1.1847846657037735,35872022.21508967,82.0879318304564,True
522000.0,0.0006293829098480989,-0.0004424587874041208,-0.000626426516262768,0.9026185423135757,35872012.047303215,82.08487173424069,True
522300.0,0.0006296357604388984,-0.0004678391678112348,-0.000626328087435013,0.6175603196024895,35871990.65722145,82.08151230927169,True
522600.0,0.0006299085333906899,-0.0004933928171908519,-0.0006262267791186105,0.3281547278165817,35871958.11597887,82.077850172575,True
522900.0,0.0006302002242490274,-0.0005190973032256352,-0.0006261214055882647,0.03673709183931351,35871914.490829825,82.0738824822923,True
523200.0,0.0006305125389715733,-0.0005449502299370579,-0.0006260132347080116,-0.2583974078297615,35871859.85282749,82.06960695386898,True
523500.0,0.0006308463975084557,-0.0005709224705015004,-0.0006259032063695713,-0.5560493469238281,35871794.26973791,82.06502186701152,True
523800.0,0.000631198411356469,-0.0005970141920670358,-0.0006257874667738861,-0.8569245561957359,35871717.810718834,82.06012606963805,True
524100.0,0.0006315729606119414,-0.0006231797210602963,-0.0006256708539211786,-1.1594676077365875,35871630.54203322,82.05491899843415,True
524400.0,0.0006319666730982101,-0.0006494374870840147,-0.0006255492551616726,-1.46555857360363,35871532.532637246,82.04940066691894,True
524700.0,0.000632381953861166,-0.0006757396247962788,-0.0006254256891367049,-1.7729697227478027,35871423.84653987,82.04357168584774,True
525000.0,0.0006328190584225367,-0.0007021014339727571,-0.0006252997980880082,-2.0825500190258026,35871304.54990171,82.0374332556304,True
525300.0,0.0006332761180500496,-0.0007284769972670802,-0.0006251703847226509,-2.394146390259266,35871174.70688248,82.03098717039725,True
525600.0,0.0006337565709289165,-0.0007548626494440214,-0.0006250407920873613,-2.7080419063568115,35871034.38101753,82.02423582350112,True
525900.0,0.0006342577180902079,-0.0007812481819087225,-0.0006249083122895627,-3.022706001996994,35870883.63291844,82.01718219564926,True
526200.0,0.0006347805292277909,-0.0008076094244415799,-0.0006247743325928923,-3.339156523346901,35870722.5245977,82.00982986238675,True
526500.0,0.0006353252574323957,-0.0008339378493360528,-0.0006246391907467341,-3.657048262655735,35870551.11553226,82.0021829849081,True
526800.0,0.0006358923922886202,-0.0008602208025081381,-0.0006245036034897566,-3.97602678835392,35870369.46400469,81.99424630608392,True
527100.0,0.0006364814310484057,-0.0008864411263971306,-0.0006243674448285219,-4.296610452234745,35870177.627985,81.98602514250662,True
527400.0,0.0006370939092703789,-0.0009125730494474737,-0.0006242329715888673,-4.616881236433983,35869975.6618336,81.97752537967162,True
527700.0,0.0006377263264928326,-0.0009386165265823365,-0.000624096638190963,-4.938197024166584,35869763.62203814,81.96875345447255,True
528000.0,0.0006383818619074524,-0.0009645525158532564,-0.0006239622920247712,-5.258856974542141,35869541.56091569,81.95971635784156,True
528300.0,0.0006390604065923698,-0.0009903725915876294,-0.0006238301680951963,-5.580707170069218,35869309.53326752,81.95042161198528,True
528600.0,0.0006397615854646427,-0.0010160537004253456,-0.0006237007302303255,-5.902965895831585,35869067.59026543,81.94087726131114,True
528900.0,0.0006404841516006141,-0.0010415930257465789,-0.0006235729661767664,-6.224543288350105,35868815.78184451,81.93109185670205,True
529200.0,0.000641230264430709,-0.0010669856263803013,-0.000623449448440283,-6.545258641242981,35868554.15800536,81.92107444549292,True
529500.0,0.0006419969619453067,-0.0010922007931526423,-0.0006233284059646849,-6.866005964577198,35868282.76907598,81.9108345474502,True
529800.0,0.0006427879119575867,-0.0011172422172762708,-0.0006232137825605832,-7.186127580702305,35868001.66319319,81.90038214778943,True
530100.0,0.0006436006909443884,-0.0011420941495998704,-0.0006231039573663111,-7.504799596965313,35867710.887806885,81.88972766795412,True
530400.0,0.0006444346360070387,-0.0011667520710716417,-0.0006229987633759038,-7.822776213288307,35867410.49155402,81.87888195385466,True
530700.0,0.0006452925182755496,-0.0011911994716058416,-0.0006229020733030666,-8.139290325343609,35867100.52129926,81.8678562589,True
531000.0,0.0006461718297036931,-0.001215427900888244,-0.0006228120552975724,-8.454854369163513,35866781.02508597,81.85666221397747,True
531300.0,0.0006470731527394828,-0.0012394284346157747,-0.0006227301352481618,-8.767743743956089,35866452.04877978,81.84531181548243,True
531600.0,0.0006479970630478488,-0.0012632018570002401,-0.0006226573835164118,-9.079868994653225,35866113.642109975,81.83381740018207,True
531900.0,0.0006489417308756225,-0.0012867297540992695,-0.0006225931814185515,-9.389629043638706,35865765.851701155,81.82219162182173,True
532200.0,0.0006499085567464098,-0.0013100153269078874,-0.0006225394275531926,-9.697937212884426,35865408.72728605,81.81044743280016,True
532500.0,0.0006508975861169359,-0.001333050920294454,-0.0006224970898216498,-10.00284381210804,35865042.31652307,81.7985980577847,True
532800.0,0.0006519084853323759,-0.001355817385018554,-0.0006224672930557063,-10.305769927799702,35864666.671432495,81.78665697150855,True
533100.0,0.000652938846711304,-0.0013783129989519693,-0.0006224482770562645,-10.605601541697979,35864281.84270029,81.7746378721488,True
533400.0,0.0006539929180858251,-0.0014005514047994438,-0.0006224445701121795,-10.903134748339653,35863887.88433927,81.76255466669299,True
533700.0,0.0006550664694218599,-0.0014225068331370494,-0.0006224536309105133,-11.197508424520493,35863484.85034404,81.75042143359552,True
534000.0,0.0006561614015301646,-0.0014441813458461183,-0.0006224781231054521,-11.489374816417694,35863072.79808905,81.73825241094845,True
534300.0,0.0006572773122889125,-0.0014655779072541009,-0.0006225182564918441,-11.776893556118011,35862651.78455506,81.72606196465826,True
534600.0,0.0006584127292008694,-0.0014866734881024968,-0.0006225744010492917,-12.061188891530037,35862221.872023,81.71386456687873,True
534900.0,0.0006595702283096112,-0.0015074898230977851,-0.0006226490399683371,-12.342413455247879,35861783.12437819,81.70167477382051,True
535200.0,0.0006607474259835119,-0.00152801345970488,-0.0006227411580397302,-12.619208127260208,35861335.606813364,81.68950719608553,True
535500.0,0.0006619442425945602,-0.001548239727355849,-0.000622851773599109,-12.89290115982294,35860879.390273765,81.67737648027266,True
535800.0,0.0006631604290498142,-0.0015681652472210317,-0.0006229816845717551,-13.161223508417606,35860414.5454197,81.66529728297263,True
536100.0,0.000664395508242788,-0.001587782923195391,-0.0006231316673108722,-13.426521591842175,35859941.15108807,81.65328424743687,True
536400.0,0.0006656518529594464,-0.0016071017542742538,-0.0006233046957220267,-13.687131397426128,35859459.285915285,81.64135198251857,True
536700.0,0.0006669265961157173,-0.0016261236012269364,-0.0006234985321356135,-13.943364277482033,35858969.03457176,81.62951503227883,True
537000.0,0.0006682193178761583,-0.0016448235449786353,-0.0006237150464443175,-14.195240743458271,35858470.48574341,81.61778786265297,True
537300.0,0.0006695318619827222,-0.0016632337521400586,-0.0006239553770370776,-14.442453444004059,35857963.73234069,81.60618483431526,True
537600.0,0.0006708611312037613,-0.0016813246714377783,-0.0006242188268288373,-14.68464656919241,35857448.872021675,81.59472017966928,True
537900.0,0.0006722092907426329,-0.0016991082321453632,-0.0006245080191717989,-14.921000204980373,35856926.00701715,81.58340798652156,True
538200.0,0.000673574687778549,-0.001716586967177136,-0.0006248219999491766,-15.153321050107479,35856395.247458145,81.57226217014185,True
538500.0,0.0006749577190015988,-0.0017337580175649236,-0.0006251623354387448,-15.380097515881062,35855856.705663584,81.56129645878865,True
538800.0,0.0006763580653922348,-0.0017506116909657976,-0.0006255302440081323,-15.6013493090868,35855310.50121722,81.55052437076303,True
539100.0,0.0006777750172968644,-0.0017671515412303052,-0.0006259257367418058,-15.817382872104645,35854756.75994458,81.53995919397866,True
539400.0,0.0006792071539220955,-0.0017833831471705253,-0.0006263479127568417,-16.028716936707497,35854195.614053525,81.52961396721568,True
539700.0,0.000680656038361608,-0.0017993062853634,-0.0006267994475592786,-16.233913958072662,35853627.20017362,81.51950146611732,True
540000.0,0.000682121276580862,-0.0018149125535558142,-0.0006272814101606627,-16.43285158276558,35853051.662827484,81.50963418007181,True
540300.0,0.0006836004277802013,-0.001830208488001972,-0.0006277917021293433,-16.626679711043835,35852469.154579386,81.50002429328997,True
540600.0,0.0006850946398716315,-0.001845187461782416,-0.0006283329458653952,-16.815082162618637,35851879.833479166,81.49068367592162,True
540900.0,0.0006866036647447102,-0.0018598616927079092,-0.0006289050297709764,-16.996414110064507,35851283.863372214,81.48162386042085,True
541200.0,0.0006881263541443707,-0.0018742096271466835,-0.0006295090278172211,-17.172626703977585,35850681.41898616,81.47285602989083,True
541500.0,0.0006896638730878891,-0.0018882556033759101,-0.0006301455452302207,-17.343122243881226,35850072.679937065,81.4643910014716,True
541800.0,0.0006912136518399194,-0.001901982792162471,-0.0006308137722754736,-17.506897516548634,35849457.83301224,81.45623921105195,True
542100.0,0.000692776125941675,-0.001915392960512463,-0.0006315149548612453,-17.66399609297514,35848837.073749706,81.44841070302358,True
542400.0,0.0006943510581867366,-0.0019284887283390617,-0.0006322495220274504,-17.816130556166172,35848210.607175015,81.440915114327,True
542700.0,0.0006959384409840274,-0.0019412729549799224,-0.0006330181122535805,-17.960771806538105,35847578.64199168,81.43376166302647,True
543000.0,0.0006975373120259566,-0.0019537373733555796,-0.0006338210480976159,-18.1007646843791,35846941.40028444,81.42695913597176,True
543300.0,0.0006991467998785461,-0.0019658869066461193,-0.000634657829579055,-18.233011931180954,35846299.106276214,81.42051587712271,True
543600.0,0.000700767841258763,-0.0019777097193696136,-0.000635531075076301,-18.35934680700302,35845651.99725938,81.41443978096055,True
543900.0,0.0007023986281690651,-0.0019892251036992548,-0.0006364381980290545,-18.47989236563444,35845000.31699843,81.40873827427899,True
544200.0,0.0007040387406057147,-0.002000409332339359,-0.0006373810960127457,-18.59336657822132,35844344.316062875,81.40341831663713,True
544500.0,0.0007056890846051395,-0.002011274951428277,-0.0006383605789608282,-18.70006415247917,35843684.25482113,81.3984863861936,True
544800.0,0.0007073483498635141,-0.0020218165793153275,-0.0006393762275251902,-18.800883181393147,35843020.40246285,81.39394847161955,True
545100.0,0.0007090159254335144,-0.0020320354186083023,-0.0006404278974514455,-18.895999036729336,35842353.03565207,81.38981006630239,True
545400.0,0.000710691377915142,-0.002041916679388578,-0.0006415167449631554,-18.983108557760715,35841682.43673378,81.38607616272142,True
545700.0,0.0007123755968849066,-0.0020514774453204154,-0.0006426430867492172,-19.06407269090414,35841008.900322005,81.38275124430082,True
546000.0,0.0007140665809140984,-0.002060708668921052,-0.0006438058589424145,-19.139548733830452,35840332.727860175,81.37983927950812,True
546300.0,0.0007157646358851585,-0.0020695928381258,-0.0006450071337837926,-19.207872658967972,35839654.2264142,81.37734372166027,True
546600.0,0.0007174689112444082,-0.0020781530525368908,-0.0006462447370694235,-19.269486993551254,35838973.71299364,81.37526749747198,True
546900.0,0.0007191786565873352,-0.002086356862946559,-0.0006475205723575073,-19.324089378118515,35838291.511575915,81.37361301195666,True
547200.0,0.0007208951178001702,-0.0020942329969670936,-0.0006488342947648107,-19.372736766934395,35837607.955068454,81.37238213932538,True
547500.0,0.0007226171873491971,-0.0021017525708089124,-0.0006501870780510899,-19.414052672684193,35836923.381356336,81.37157622461996,True
547800.0,0.0007243421764854381,-0.0021089152056390503,-0.0006515762292309546,-19.44958345592022,35836238.1384813,81.37119607683806,True
548100.0,0.0007260738984677849,-0.0021157376613700762,-0.0006530049862902843,-19.478154987096786,35835552.57880359,81.37124197788954,True
548400.0,0.000727807801119339,-0.0021221918608205215,-0.0006544705099855719,-19.50020445883274,35834867.06312148,81.37171367038727,True
548700.0,0.0007295458174214715,-0.002128282340322585,-0.0006559747488665835,-19.51491019129753,35834181.95757157,81.37261036895521,True
549000.0,0.0007312859530594454,-0.0021339912188977905,-0.0006575168732183556,-19.52323840558529,35833497.63642894,81.3739307537539,True
549300.0,0.0007330306018430397,-0.0021393392148070234,-0.0006590980675582614,-19.525471337139606,35832814.47937178,81.37567297700504,True
549600.0,0.0007347758251080507,-0.002144305390061163,-0.0006607154670206228,-19.520833738148212,35832132.870827936,81.37783465930488,True
549900.0,0.000736524044406543,-0.0021488829257805264,-0.0006623722000824728,-19.50907699763775,35831453.20126268,81.38041290269297,True
550200.0,0.0007382718026946964,-0.0021530740040134333,-0.000664064152630317,-19.49067586660385,35830775.867063366,81.3834042810841,True
550500.0,0.0007400212026379724,-0.002156859301010172,-0.000665794908911721,-19.46604011952877,35830101.26942342,81.38680485952321,True
550800.0,0.0007417720802089602,-0.002160247502558832,-0.000667563443315089,-19.434644527733326,35829429.81312967,81.39061018684134,True
551100.0,0.0007435208822196909,-0.0021632201558645647,-0.0006693668864272695,-19.39616482704878,35828761.90734103,81.39481530402914,True
551400.0,0.0007452711234849717,-0.002165778626590509,-0.0006712087325269067,-19.351128451526165,35828097.965868086,81.39941475869881,True
551700.0,0.0007470182566507607,-0.002167900690949409,-0.0006730851730765153,-19.29913453012705,35827438.40500822,81.40440259832367,True
552000.0,0.0007487662698697008,-0.0021696073403063565,-0.0006749987116023703,-19.241064801812172,35826783.645358816,81.40977239140267,True
552300.0,0.0007505111941231635,-0.0021708615073521287,-0.000676947144356177,-19.175084605813026,35826134.10740851,81.4155172246382,True
552600.0,0.000752253459740473,-0.0021716720124800304,-0.0006789298017366718,-19.103199690580368,35825490.21767225,81.42162971802587,True
552900.0,0.0007539937577492797,-0.0021720311857507113,-0.0006809474361801904,-19.025135166943073,35824852.402137876,81.4281020342331,True
553200.0,0.0007557300669074427,-0.002171922046528607,-0.0006829984015297441,-18.939685180783272,35824221.08717311,81.43492588491503,True
553500.0,0.0007574623296597215,-0.002171348094947234,-0.00068508172708448,-18.847324915230274,35823596.70168532,81.44209254457277,True
553800.0,0.0007591925098785339,-0.0021702947809103534,-0.0006871999003266183,-18.748263619840145,35822979.67471371,81.44959286475877,True
554100.0,0.0007609158029828668,-0.002168744648201937,-0.0006893480710061795,-18.642971128225327,35822370.435487315,81.45741727534312,True
554400.0,0.000762634815102883,-0.0021667000308127626,-0.0006915281479820123,-18.530992560088634,35821769.41176367,81.46555581131295,True
554700.0,0.0007643481129655077,-0.0021641443514965886,-0.0006937388431822455,-18.4128629937768,35821177.03126162,81.4739981161478,True
555000.0,0.0007660545317362933,-0.0021610797361404366,-0.00069597783158315,-18.287118412554264,35820593.71818491,81.48273345793882,True
555300.0,0.0007677559632831479,-0.002157489780472588,-0.0006982473785797083,-18.15591675043106,35820019.898351334,81.49175074960178,True
555600.0,0.0007694499771372949,-0.0021533690347723677,-0.0007005441948706448,-18.0173896625638,35819455.991049096,81.5010385539294,True
555900.0,0.0007711365941954534,-0.0021487086600586736,-0.0007028678772371677,-17.872360453009605,35818902.41525664,81.510585107838,True
556200.0,0.0007728135411418441,-0.0021434949313743346,-0.0007052157852882601,-17.7211372256279,35818359.58593596,81.52037833365326,True
556500.0,0.0007744838011756976,-0.002137720964071832,-0.0007075905400881766,-17.56357553601265,35817827.91359435,81.5304058636036,True
556800.0,0.0007761438910134217,-0.002131388342434093,-0.0007099870881006609,-17.398660980165005,35817307.80336654,81.54065504445695,True
557100.0,0.0007777954271311162,-0.002124470908540843,-0.0007124077309157428,-17.22860636562109,35816799.65861204,81.55111297069242,True
557400.0,0.0007794378184024409,-0.0021169725682739227,-0.0007148503548819463,-17.052047722041607,35816303.873613425,81.56176649141895,True
557700.0,0.0007810695865672588,-0.002108886167974333,-0.0007173125736699149,-16.868532866239548,35815820.837570004,81.57260223374207,True
558000.0,0.0007826903190680688,-0.002100196043386404,-0.0007197936674003813,-16.678686432540417,35815350.934271716,81.58360662444844,True
558300.0,0.0007842990704816439,-0.0020909028129381113,-0.0007222912792883562,-16.48426866531372,35814894.54167131,81.59476590694187,True
558600.0,0.0007858974667170012,-0.002080992624371447,-0.0007248067223883936,-16.282452806830406,35814452.02568092,81.60606616726632,True
558900.0,0.0007874831181203395,-0.0020704592016045353,-0.0007273364471274135,-16.07462478429079,35814023.748497166,81.6174933467469,True
559200.0,0.0007890566861037527,-0.0020592948732200966,-0.0007298802765376422,-15.86181814968586,35813610.06356888,81.62903327182285,True
559500.0,0.0007906165525181294,-0.002047501475971103,-0.0007324349802360075,-15.642324194312096,35813211.312748276,81.64067166962013,True
559800.0,0.0007921634669575601,-0.002035063636526502,-0.0007350008972224487,-15.41732532531023,35812827.83147421,81.65239419694834,True
560100.0,0.0007936959803814363,-0.002021984749717376,-0.0007375748683102756,-15.187283895909786,35812459.94472077,81.66418645594274,True
560400.0,0.0007952157523994983,-0.002008255111491053,-0.0007401578398997799,-14.950898692011833,35812107.96552415,81.67603402468411,True
560700.0,0.0007967194074303869,-0.0019938693406231778,-0.0007427450769057486,-14.709844797849655,35811772.19930424,81.68792247070132,True
561000.0,0.0007982087855280289,-0.0019788296445426568,-0.0007453370211010224,-14.462267264723778,35811452.936951965,81.69983738534718,True
561300.0,0.0007996820931559923,-0.0019631220436338026,-0.0007479311123574917,-14.209690503776073,35811150.46134543,81.71176439932844,True
561600.0,0.0008011402478669922,-0.001946752569807586,-0.000750526584837985,-13.952703222632408,35810865.04265472,81.72368921136321,True
561900.0,0.0008025816731816106,-0.0019297258124311156,-0.0007531201127193299,-13.690479286015034,35810596.93749716,81.73559760778767,True
562200.0,0.0008040066724487792,-0.0019120243827615013,-0.0007557115524292612,-13.422166518867016,35810346.38997482,81.74747549231601,True
562500.0,0.0008054147205317547,-0.0018936669692664054,-0.0007582979816760371,-13.150355078279972,35810113.634807184,81.75930890410903,True
562800.0,0.0008068061030835359,-0.0018746433559613251,-0.0007608788747290873,-12.873354516923428,35809898.889288366,81.77108404693169,True
563100.0,0.0008081786076549811,-0.0018549516617554218,-0.0007634506250440154,-12.590926587581635,35809702.35871627,81.78278730756216,True
563400.0,0.0008095345243213887,-0.0018345963331398707,-0.0007660140987724162,-12.30512261390686,35809524.23694331,81.79440528708548,True
563700.0,0.0008108693945314431,-0.001813592435865985,-0.0007685625461277823,-12.013977937400341,35809364.69980142,81.80592481233452,True
564000.0,0.0008121883229412967,-0.0017919287605536738,-0.0007711006251298613,-11.719617746770382,35809223.91295626,81.81733297817946,True
564300.0,0.0008134871601287709,-0.0017696225211238925,-0.0007736218898486413,-11.420850701630116,35809102.02426711,81.82861714796361,True
564600.0,0.0008147662871793325,-0.0017466788282831658,-0.0007761253032327886,-11.117667488753796,35808999.16807019,81.83976499257736,True
564900.0,0.0008160260158266516,-0.0017230886406878199,-0.0007786104152813778,-10.810886941850185,35808915.464628324,81.8507645077553,True
565200.0,0.0008172645254069157,-0.0016988764159009406,-0.0007810730653829978,-10.500244125723839,35808851.01804131,81.86160403139816,True
565500.0,0.0008184846497328178,-0.001674056457147799,-0.0007835145018333378,-10.186489023268223,35808805.91818623,81.87227227374318,True
565800.0,0.0008196828377211449,-0.0016486216495081862,-0.0007859302549775293,-9.86953505128622,35808780.23872697,81.88275832666251,True
566100.0,0.0008208616173868637,-0.001622597241606627,-0.0007883208722887503,-9.548392876982689,35808774.03692833,81.89305169414101,True
566400.0,0.0008220187155979524,-0.0015959763036619279,-0.0007906832839097433,-9.225698463618755,35808787.35808426,81.90314230263328,True
566700.0,0.0008231542811258213,-0.001568798245330072,-0.0007930151212178771,-8.899446614086628,35808820.227171235,81.91302052356754,True
567000.0,0.0008242680203209159,-0.0015410660440409174,-0.0007953151011292903,-8.569870747625828,35808872.65566742,81.92267719105466,True
567300.0,0.0008253617275152328,-0.0015127939370813692,-0.0007975837023792565,-8.237789824604988,35808944.63985906,81.93210361896381,True
567600.0,0.0008264320338074889,-0.0014839960484778203,-0.0007998161203772725,-7.9042695090174675,35809036.16048065,81.94129160930052,True
567900.0,0.0008274805186884004,-0.0014546807920794436,-0.0008020129372425799,-7.5681377202272415,35809147.18022928,81.95023347727525,True
568200.0,0.000828505495099296,-0.001424893344363909,-0.0008041701204604124,-7.229352578520775,35809277.64715094,81.95892205461737,True
568500.0,0.0008295098517325585,-0.0013946281150651885,-0.0008062902352605761,-6.8892259150743484,35809427.494902104,81.96735071297658,True
568800.0,0.0008304910356678875,-0.0013639256150099754,-0.0008083687054636357,-6.548021428287029,35809596.64040499,81.97551336120608,True
569100.0,0.0008314482640487041,-0.0013327835555969614,-0.0008104042999548255,-6.204410709440708,35809784.983380176,81.98340446565557,True
569400.0,0.000832383626276625,-0.0013012474267952712,-0.0008123972393008216,-5.860082097351551,35809992.41105098,81.99101905683551,True
569700.0,0.0008332957548214579,-0.00126932439667371,-0.0008143455120261933,-5.514153987169266,35810218.79267108,81.99835273301281,True
570000.0,0.000834185787101704,-0.0012370473865814802,-0.0008162489395715511,-5.1677384823560715,35810463.984220915,82.00540167023946,True
570300.0,0.0008350509867901571,-0.0012044337080396872,-0.000818103937746173,-4.820750787854195,35810727.825368315,82.01216262174123,True
570600.0,0.0008358937448737459,-0.0011715071939875088,-0.000819912036547521,-4.473646745085716,35811010.14137509,82.0186329297121,True
570900.0,0.0008367125014977168,-0.0011382983475982655,-0.0008216706274311036,-4.125125370919704,35811310.74098621,82.02481051795951,True
571200.0,0.0008375094055428021,-0.0011048302286837952,-0.0008233811692974768,-3.7775430604815483,35811629.42204819,82.03069390062485,True
571500.0,0.0008382814149212455,-0.001071141791953778,-0.0008250395085127593,-3.4293735921382904,35811965.96419002,82.03628217163313,True
571800.0,0.000839031389484361,-0.0010372419137638644,-0.0008266483397676438,-3.0809731408953667,35812320.13482573,82.04157501488882,True
572100.0,0.0008397570539683568,-0.0010031647444463943,-0.000828204567397961,-2.7342247292399406,35812691.68905262,82.04657268798599,True
572400.0,0.0008404593405183621,-0.0009689419313190228,-0.0008297085104942425,-2.3884061723947525,35813080.36578863,82.05127602638929,True
572700.0,0.0008411378887892882,-0.0009345958666813203,-0.0008311594649512699,-2.0426059514284134,35813485.89047298,82.05568643260435,True
573000.0,0.0008417938425838961,-0.0009001624725897273,-0.0008325580262464882,-1.6985689103603363,35813907.97821143,82.05980587076446,True
573300.0,0.0008424271863650626,-0.0008656736516172714,-0.0008339037947848738,-1.355265848338604,35814346.32865998,82.06363685528356,True
573600.0,0.0008430356101401189,-0.0008311416954427386,-0.0008351945120352866,-1.0139336958527565,35814800.63139268,82.0671824396431,True
573900.0,0.0008436214751809637,-0.0007966053698282849,-0.0008364321768397076,-0.6736671179533005,35815270.561834686,82.0704462108995,True
574200.0,0.0008441851048967681,-0.0007620970850723552,-0.0008376169415384993,-0.3358375206589699,35815755.78603516,82.0734322707532,True
574500.0,0.0008447266016020963,-0.0007276379884899598,-0.0008387490027814692,-2.3186206817626953e-05,35816255.956963874,82.07614522342658,True
574800.0,0.000845243450703464,-0.0006932649153554848,-0.000839825721300258,0.33354701846838,35816770.71733317,82.07859015763447,True
575100.0,0.0008457391331040405,-0.0006589932275744559,-0.0008408509077213466,0.6653136909008026,35817299.69866718,82.08077263963693,True
575400.0,0.0008462124556647184,-0.0006248720079042869,-0.0008418232138751591,0.9938896968960762,35817842.5241991,82.0826986843574,True
575700.0,0.0008466634954120114,-0.0005909089164788384,-0.000842743250657918,1.3187235817313194,35818398.80661791,82.08437474424579,True
576000.0,0.0008470908794301266,-0.0005571395479364583,-0.0008436098205493181,1.641604870557785,35818968.14698271,82.08580768633705,True
576300.0,0.0008474984269620677,-0.0005235973400772309,-0.0008444270490599592,1.9607526883482933,35819550.14106243,82.08700477934009,True
576600.0,0.0008478842102984948,-0.0004902962612902684,-0.0008451935786979448,2.276599444448948,35820144.37398908,82.08797366198745,True
576900.0,0.0008482474341207204,-0.0004572680399235196,-0.0008459090247470158,2.5890498757362366,35820750.423442885,82.08872232791228,True
577200.0,0.0008485898535912134,-0.0004245486687750599,-0.0008465755880848747,2.8976186588406563,35821367.85996628,82.08925910500412,True
577500.0,0.0008489116034576833,-0.00039215053635643926,-0.0008471941293919372,3.2022592276334763,35821996.246592775,82.0895926286213,True
577800.0,0.0008492130448415862,-0.0003600936297800672,-0.0008477656840284453,3.5035099163651466,35822635.139164515,82.08973181970019,True
578100.0,0.0008494933307780827,-0.0003284123214370993,-0.0008482900028354834,3.799616187810898,35823284.08967867,82.0896858594212,True
578400.0,0.0008497543290453319,-0.0002971369227680043,-0.0008487696535155465,4.091384217143059,35823942.641907096,82.08946416902458,True
578700.0,0.0008499942629775645,-0.0002662742334393897,-0.0008492037514287176,4.379034638404846,35824610.33501955,82.08907637891585,True
579000.0,0.0008502150739179687,-0.00023584621374084236,-0.0008495950467874991,4.662481255829334,35825286.703785226,82.08853231085864,True
579300.0,0.0008504166750907542,-0.00020589120981640008,-0.0008499442171938654,4.940436035394669,35825971.27995036,82.08784194716145,True
579600.0,0.0008505988449431688,-0.00017641740600993217,-0.0008502519999638025,5.21348911523819,35826663.58964292,82.08701540756137,True
579900.0,0.0008507635715756114,-0.00014743732970146084,-0.0008505213233860331,5.481957532465458,35827363.156009525,82.08606292603213,True
580200.0,0.0008509082045725409,-0.0001189778757861859,-0.0008507504437744728,5.744628302752972,35828069.50095879,82.08499481857682,True
580500.0,0.0008510349522646959,-9.106421910587414e-05,-0.0008509425231579826,6.001526735723019,35828782.14287917,82.08382146750493,True
580800.0,0.0008511450541757561,-6.37034040096296e-05,-0.0008510998156481264,6.25391199439764,35829500.59712886,82.082553290425,True
581100.0,0.0008512376556176339,-3.690301463166179e-05,-0.0008512224711409999,6.5000845193862915,35830224.380712405,82.08120071400975,True
581400.0,0.0008513115448710022,-1.0708514111001932e-05,-0.000851310265943539,6.740544177591801,35830953.00760463,82.07977415090235,True
581700.0,0.0008513706311397351,1.4899257848810521e-05,-0.0008513681545707641,6.97634119540453,35831685.99087886,82.07828398071544,True
582000.0,0.0008514113906796977,3.987170063624035e-05,-0.000851393648659382,7.205397613346577,35832422.84686153,82.07674051317031,True
582300.0,0.0008514373976761749,6.422508351988654e-05,-0.0008513913455345801,7.428442977368832,35833163.089668535,82.07515397875169,True
582600.0,0.0008514483600719895,8.79345652720076e-05,-0.000851361994463673,7.645704910159111,35833906.23498182,82.0735344943161,True
582900.0,0.0008514441240443678,0.00011099589147534061,-0.0008513064571928908,7.856013290584087,35834651.801407695,82.07189204404558,True
583200.0,0.0008514262043804023,0.00013337402950241994,-0.0008512273372076606,8.06086266040802,35835399.3068706,82.07023645856647,True
583500.0,0.0008513921279561711,0.000155087408700183,-0.0008511231049368462,8.259993553161621,35836148.27348184,82.0685773871037,True
583800.0,0.0008513453075702976,0.00017611442848419756,-0.0008509982113480419,8.45118711143732,35836898.22818795,82.06692428619094,True
584100.0,0.0008512855678499051,0.0001964373994098878,-0.0008508535132136785,8.63792435079813,35837648.695546746,82.0652863892983,True
584400.0,0.0008512129242033034,0.00021605021103709987,-0.0008506900039861875,8.8167484998703,35838399.21079243,82.06367269040774,True
584700.0,0.0008511261876998566,0.00023495146888308227,-0.0008505074266622614,8.989237256348133,35839149.308281764,82.06209192313386,True
585000.0,0.0008510299462261544,0.0002531362003423965,-0.0008503112967730431,9.155644834041595,35839898.528261475,82.06055254894972,True
585300.0,0.0008509202179916345,0.000270594262076429,-0.0008500985620685242,9.315072201192379,35840646.41709771,82.05906272477431,True
585600.0,0.0008508013794584808,0.0002873127890268279,-0.0008498745369962535,9.468115761876106,35841392.52501662,82.05763030257472,True
585900.0,0.0008506701849376209,0.0003032759853454081,-0.0008496369125907677,9.614546880126,35842136.40880371,82.05626279680935,True
586200.0,0.0008505288932180131,0.00031850354753260035,-0.0008493886236493609,9.75393334031105,35842877.63154964,82.0549673815182,True
586500.0,0.0008503779104071914,0.0003329778130023442,-0.000849130968845202,9.886813752353191,35843615.76183182,82.05375086846534,True
586800.0,0.0008502186149666722,0.00034669166697653964,-0.0008488661266170539,10.012815244495869,35844350.37594042,82.05261969549724,True
587100.0,0.0008500510227262597,0.0003596390754410095,-0.0008485948746539407,10.131969600915909,35845081.056893535,82.05157991094379,True
587400.0,0.0008498741499032316,0.0003718196091426762,-0.0008483169118420619,10.24457398056984,35845807.39489469,82.05063716146574,True
587700.0,0.0008496900013605957,0.00038323505734183527,-0.0008480348742665456,10.350963793694973,35846528.987865336,82.04979668445675,True
588000.0,0.0008494966232223456,0.00039386990133039035,-0.0008477475457340233,10.449722602963448,35847245.44352622,82.04906329051522,True
588300.0,0.0008492977475006966,0.00040373086920908463,-0.0008474591801217457,10.54212498664856,35847956.375232294,82.04844136290488,True
588600.0,0.0008490926646746272,0.00041281644604396206,-0.0008471696119016769,10.627550035715103,35848661.40682247,82.04793483869254,True
588900.0,0.0008488821192380597,0.00042111107208597787,-0.0008468802274137488,10.706161007285118,35849360.170188785,82.04754720664808,True
589200.0,0.0008486643793544009,0.00042862050040071153,-0.0008465896943192774,10.777997322380543,35850052.306418486,82.04728149580184,True
589500.0,0.0008484414959304511,0.0004353455529439998,-0.0008463004743646252,10.842710092663765,35850737.46627762,82.04714027569426,True
589800.0,0.0008482151431995127,0.00044127606435040434,-0.000846014719158461,10.902090683579445,35851415.30788615,82.04712564692719,True
590100.0,0.0008479833220862073,0.00044641778640652774,-0.0008457306990266034,10.953102946281433,35852085.50387427,82.04723923316189,True
590400.0,0.0008477487099981328,0.0004507652252527805,-0.0008454514414637515,10.998077027499676,35852747.7313615,82.04748218624856,True
590700.0,0.0008475094175040798,0.00045432818728841085,-0.0008451751959199783,11.036405518651009,35853401.68041764,82.04785517411015,True
591000.0,0.0008472684907445783,0.0004570944012982636,-0.000844905342503921,11.06767888367176,35854047.0510688,82.04835838899288,True
591300.0,0.0008470243571029348,0.00045906283301633266,-0.0008446404718114309,11.09206373244524,35854683.553044714,82.04899153681498,True
591600.0,0.000846777591657252,0.00046024128968724654,-0.0008443811910296972,11.109583273530006,35855310.90660784,82.04975384417484,True
591900.0,0.0008465299395122144,0.00046061893019100353,-0.0008441294298791036,11.120841294527054,35855928.84192307,82.05064405878348,True
592200.0,0.0008462815119602523,0.00046019609928293903,-0.0008438853181615968,11.125047653913498,35856537.10111004,82.05166044839693,True
592500.0,0.0008460321121620145,0.00045898534392563306,-0.0008436485041869446,11.122483775019646,35857135.435839385,82.05280080512095,True
592800.0,0.0008457813138176243,0.0004569775291827227,-0.000843418587393785,11.113613359630108,35857723.60826802,82.05406244975171,True
593100.0,0.000845530580562562,0.0004541796170656198,-0.0008431968503970211,11.097498416900635,35858301.3926533,82.05544223833876,True
593400.0,0.0008452823409310492,0.00045057370169843125,-0.000842985754289316,11.0751608684659,35858868.57200591,82.0569365674363,True
593700.0,0.0008450337149480796,0.00044618737763357785,-0.0008427819257121882,11.044881522655487,35859424.94278985,82.05854137375829,True
594000.0,0.0008447867133967789,0.00044100575740912973,-0.0008425872870674311,11.009748414158821,35859970.30735783,82.06025215288874,True
594300.0,0.0008445424043515804,0.0004350314576413439,-0.0008424025919708811,10.966804683208466,35860504.4847716,82.06206396130807,True
594600.0,0.0008442991602613858,0.0004282756927977971,-0.0008422257655951171,10.916905626654625,35861027.300898544,82.06397142412067,True
594900.0,0.0008440590757092156,0.0004207266626394812,-0.0008420586481179271,10.861700221896172,35861538.59136879,82.06596875207829,True
595200.0,0.0008438233875164503,0.0004123830707385423,-0.000841902070277456,10.798809312283993,35862038.206321165,82.06804974782466,True
595500.0,0.0008435902063344516,0.00040327223177882843,-0.0008417534243676528,10.729560926556587,35862526.002578,82.07020781550636,True
595800.0,0.0008433617906355665,0.0003933766199963884,-0.0008416146407626002,10.65440309792757,35863001.84812849,82.0724359816539,True
596100.0,0.0008431373756520083,0.00038269601157026045,-0.0008414844134279065,10.571890451014042,35863465.623024695,82.07472690116819,True
596400.0,0.0008429180069706683,0.0003712487954885546,-0.0008413630530981209,10.48310125619173,35863917.21483383,82.07707287676973,True
596700.0,0.0008427043446879714,0.00035902279307720164,-0.0008412507115593826,10.388057813048363,35864356.52207462,82.07946587264277,True
597000.0,0.0008424957312011034,0.00034603363795326914,-0.000841145950417399,10.28543808311224,35864783.45434979,82.08189752923586,True
597300.0,0.0008422946266610895,0.0003322838780945858,-0.0008410505324008,10.177238307893276,35865197.92751565,82.08435918506977,True
597600.0,0.000842100921156067,0.0003177743276410183,-0.0008409636237729501,10.062189690768719,35865599.870086126,82.08684188872604,True
597900.0,0.0008419120796621968,0.0003025117555353063,-0.0008408818865177636,9.941486656665802,35865989.21731401,82.08933641747649,True
598200.0,0.0008417332108039163,0.0002865050856257767,-0.0008408095953313932,9.814172558486462,35866365.91560424,82.0918333066569,True
598500.0,0.0008415615006169628,0.00026974768445597874,-0.0008407431645025554,9.680209919810295,35866729.91923246,82.09432285414782,True
598800.0,0.0008413988339392601,0.0002522647590410543,-0.0008406834866860891,9.539702333509922,35867081.190902375,82.09679515334086,True
599100.0,0.0008412447693416884,0.00023405338666293574,-0.0008406292802760618,9.392959274351597,35867419.70145106,82.099240107748,True
599400.0,0.000841099670560468,0.00021510742948294137,-0.0008405800474378111,9.240745946764946,35867745.429360785,82.10164745582786,True
599700.0,0.0008409659717931499,0.00019545408451904223,-0.0008405371716548871,9.081931419670582,35868058.36286441,82.10400679452687,True
600000.0,0.0008408419697599073,0.00017510001100617956,-0.0008404979935647816,8.917118676006794,35868358.49606166,82.1063075963281,True
600300.0,0.0008407283715707271,0.00015403620412257624,-0.0008404623013831269,8.745638027787209,35868645.831664994,82.10853923920861,True
600600.0,0.0008406256898949666,0.00013229151227278635,-0.0008404295282105068,8.568772405385971,35868920.37750754,82.11069102775949,True
600900.0,0.0008405358907579813,0.00010986933313006375,-0.0008404006497642058,8.385800614953041,35869182.15022728,82.1127522194089,True
601200.0,0.0008404565041796058,8.678072032353157e-05,-0.0008403721677296971,8.196531794965267,35869431.172455154,82.11471204309017,True
601500.0,0.0008403907701767166,6.303120790107641e-05,-0.0008403462966697361,8.002616040408611,35869667.47122231,82.11655973442784,True
601800.0,0.0008403381425915328,3.863106684320883e-05,-0.0008403214434196116,7.801765777170658,35869891.08345316,82.11828455146998,True
602100.0,0.0008402980689870458,1.3609961342808674e-05,-0.0008402959970368329,7.596064887940884,35870102.04736725,82.11987580393446,True
602400.0,0.0008402712625655402,-1.2041369643611688e-05,-0.0008402696412446176,7.384793646633625,35870300.40936283,82.12132288012975,True
602700.0,0.000840259861230851,-3.829750409067856e-05,-0.0008402434655891966,7.167403466999531,35870486.22074882,82.12261527275845,True
603000.0,0.0008402626069006902,-6.513917310257966e-05,-0.0008402151876225616,6.945571534335613,35870659.535395496,82.12374259986014,True
603300.0,0.0008402803178573324,-9.257376839855169e-05,-0.0008401845664138818,6.716999523341656,35870820.415640466,82.12469463591577,True
603600.0,0.0008403121309320437,-0.00012056786641778672,-0.0008401497446612893,6.483922027051449,35870968.92348498,82.12546133377816,True
603900.0,0.0008403612078708479,-0.00014910164253478797,-0.0008401129029920185,6.245977573096752,35871105.12742824,82.12603285575128,True
604200.0,0.000840423879263724,-0.0001781793744726201,-0.0008400693189685171,6.002840548753738,35871229.09954208,82.12639958784825,True
604500.0,0.0008405060358353982,-0.00020775646146375948,-0.000840024023574415,5.754800237715244,35871340.91460034,82.12655218134512,True
604800.0,0.0008406024264006104,-0.00023784917283364848,-0.0008399706710946475,5.50101737678051,35871440.651533335,82.12648155618182,True
