seconds_after_cutoff,line_of_sight_error_deg,azimuth_error_deg,elevation_error_deg,range_error_m,reference_range_m,reference_elevation_deg,reference_visible
248.81605744361877,4.3706110690700126e-10,-2.863771442207508e-10,-3.3285552092365833e-10,-0.00030982494354248047,135837788.0185754,8.459038215932207,False
548.8160572052002,5.361186400041971e-10,-1.772946234268602e-10,-5.067928299240521e-10,-0.0006193220615386963,135519833.54195032,9.485707012026218,False
848.8160572052002,7.340319894693415e-10,-1.6200374375330284e-11,-7.338574192772285e-10,-0.001092076301574707,135200588.74323905,10.513093276777491,True
1148.8160569667816,9.206789229216603e-10,1.1004885891452432e-10,-9.143459323013303e-10,-0.0014207959175109863,134880097.17955568,11.541088734376752,True
1448.8160569667816,1.1531076498798235e-09,2.6838620215130504e-10,-1.1229595031636563e-09,-0.0018378496170043945,134558402.31059077,12.56958266931426,True
1748.8160569667816,1.4180754290387306e-09,4.5062620301905554e-10,-1.3487415628787858e-09,-0.002312004566192627,134235547.4778838,13.598461594412177,True
2048.816056728363,1.6407226062611138e-09,6.019149623170961e-10,-1.533878801751598e-09,-0.0026547759771347046,133911575.88229588,14.62760891197663,True
2348.816056728363,1.933177372697501e-09,8.106155746645527e-10,-1.768592383655232e-09,-0.0031625032424926758,133586530.5618396,15.65690455784509,True
2648.8160564899445,2.1680614549453445e-09,9.793836852622917e-10,-1.9545822738109564e-09,-0.003508850932121277,133260454.37018645,16.686224617387683,True
2948.8160564899445,2.4799468472261376e-09,1.2136922578065423e-09,-2.1939712269158917e-09,-0.0040390342473983765,132933389.95356022,17.715440932935664,True
3248.816056251526,2.699312925880175e-09,1.3813519217364956e-09,-2.361186801635995e-09,-0.0043219029903411865,132605379.72889087,18.744420673320498,True
3548.816056251526,3.0130275174298204e-09,1.63069557856943e-09,-2.592962289327261e-09,-0.004833504557609558,132276465.86082087,19.773025890811702,True
3848.816056251526,3.345050229682812e-09,1.9032029285881435e-09,-2.832670986663288e-09,-0.005380317568778992,131946690.23923498,20.801113035387377,True
4148.816056013107,3.6124139517990347e-09,2.131372411895427e-09,-3.0223930025385926e-09,-0.005752086639404297,131616094.45631061,21.82853244528157,True
4448.816056013107,3.954848110364996e-09,2.430937229291885e-09,-3.259270187072616e-09,-0.0063043683767318726,131284719.78338765,22.85512780156546,True
4748.816055774689,4.238415853541886e-09,2.690995870580082e-09,-3.4510136970311578e-09,-0.006695851683616638,130952607.14853777,23.880735534468464,True
5048.816055774689,4.563961052103916e-09,2.997381898239837e-09,-3.665885373038691e-09,-0.007183566689491272,130619797.11266902,24.905184199029996,True
5348.816055774689,4.917559761046176e-09,3.340261400808231e-09,-3.893344313610214e-09,-0.007732599973678589,130286329.84733234,25.92829378995482,True
5648.81605553627,5.218828713072479e-09,3.6492906474450137e-09,-4.08095957027399e-09,-0.008135363459587097,129952245.11084913,26.94987501216404,True
5948.81605553627,5.594389314954594e-09,4.0388670186075615e-09,-4.309626433496305e-09,-0.00871846079826355,129617582.22497658,27.96972849353265,True
6248.816055297852,5.906058493518685e-09,4.384446583571844e-09,-4.491418792440527e-09,-0.009123936295509338,129282380.05227694,28.987643925447557,True
6548.816055297852,6.2949274867138386e-09,4.817934495804366e-09,-4.713587742344316e-09,-0.009717896580696106,128946676.9721112,30.003399146423885,True
6848.816055059433,6.622882590115517e-09,5.210353037909954e-09,-4.891127503015014e-09,-0.010140925645828247,128610510.85803078,31.016759135631073,True
7148.816055059433,6.994327935477189e-09,5.6627413869136944e-09,-5.086512544494326e-09,-0.010664418339729309,128273919.0537205,32.02747493630826,True
7448.816055059433,7.394697574439075e-09,6.16401507613773e-09,-5.289471971536841e-09,-0.01125200092792511,127936938.35067432,33.0352824749774,True
7748.816054821014,7.741026794163384e-09,6.6315237745584454e-09,-5.452172047171189e-09,-0.01168416440486908,127599604.96430424,34.0399012889404,True
8048.816054821014,8.163950273984194e-09,7.200810614449438e-09,-5.647315504120343e-09,-0.01230660080909729,127261954.51072007,35.04103314470828,True
8348.816054582596,8.520010958555449e-09,7.723741646259441e-09,-5.795079971449013e-09,-0.012739107012748718,126924021.98422056,36.03836052914073,True
8648.816054582596,8.96043612390349e-09,8.363599590666126e-09,-5.975884675990528e-09,-0.01338435709476471,126585841.7336431,37.03154502386871,True
8948.816054344177,9.297349356597571e-09,8.916686056181788e-09,-6.090743909226148e-09,-0.013739809393882751,126247447.43991049,38.02022552618607,True
9248.816054344177,9.737616286929939e-09,9.614751661501941e-09,-6.244668782073859e-09,-0.014359816908836365,125908872.09304196,39.00401633172434,True
9548.816054344177,1.0197053156347926e-08,1.0368410130467964e-08,-6.39231245713745e-09,-0.015018895268440247,125570147.96952808,39.982505041192255,True
9848.816054105759,1.0585188892839856e-08,1.107224534280249e-08,-6.490225246125192e-09,-0.01547214388847351,125231306.6097596,40.955250300169716,True
10148.816054105759,1.1055798328715062e-08,1.1911680530829472e-08,-6.60897114812542e-09,-0.016135886311531067,124892378.79553589,41.921779351569285,True
10448.81605386734,1.1456858496070863e-08,1.2703964102911414e-08,-6.6785190711016185e-09,-0.01659652590751648,124553394.52827442,42.88158538138778,True
10748.81605386734,1.1944863484967953e-08,1.364713853035937e-08,-6.765247917428496e-09,-0.01728139817714691,124214383.00653638,43.83412466740023,True
11048.816053628922,1.2326402808492946e-08,1.4495384448309778e-08,-6.787551853904006e-09,-0.01766015589237213,123875372.6046054,44.778813497027976,True
11348.816053628922,1.2814367985301397e-08,1.5529224128840724e-08,-6.829253607065766e-09,-0.018318071961402893,123536390.85085596,45.715024873499544,True
11648.816053628922,1.3322057396205748e-08,1.6640740341244964e-08,-6.8521472940119565e-09,-0.019017666578292847,123197464.40639809,46.64208498274417,True
11948.816053390503,1.3756377893678609e-08,1.7701552224025363e-08,-6.822268971973244e-09,-0.019501090049743652,122858619.04403141,47.559269442992516,True
12248.816053390503,1.4274616850368628e-08,1.8935537582365214e-08,-6.791424311813898e-09,-0.020205125212669373,122519879.6273927,48.465799337749935,True
12548.816053152084,1.4726421364542165e-08,2.0128567257415853e-08,-6.708638977670489e-09,-0.020711377263069153,122181270.09082955,49.360837042554124,True
12848.816053152084,1.5224907479971927e-08,2.1448471443363815e-08,-6.6064842485502595e-09,-0.021334856748580933,121842813.41868916,50.24348189360546,True
13148.816053152084,1.5754305875285928e-08,2.287691813762649e-08,-6.47565912004211e-09,-0.02203318476676941,121504531.6262981,51.11276572022597,True
13448.816052913666,1.6224928450933714e-08,2.4273901999549707e-08,-6.291855925155687e-09,-0.02255253493785858,121166445.73983668,51.967648322544775,True
13748.816052913666,1.677816178148869e-08,2.586619984867866e-08,-6.084185599775083e-09,-0.023292511701583862,120828575.77730224,52.80701297313838,True
14048.816052675247,1.725899274347412e-08,2.740102900133934e-08,-5.817845760702767e-09,-0.023813635110855103,120490940.73018527,53.629662050391815,True
14348.816052675247,1.7830871581692132e-08,2.915132313319191e-08,-5.518359103007242e-09,-0.02458098530769348,120153558.54475509,54.43431296915402,True
14648.816052436829,1.829084520068169e-08,3.076601728935202e-08,-5.1531046096897626e-09,-0.025014802813529968,119816446.10436572,55.2195945756137,True
14948.816052436829,1.8862290926305844e-08,3.263238568251836e-08,-4.746432580304827e-09,-0.025755181908607483,119479619.2121192,55.98404426107885,True
15248.816052436829,1.9454238552546554e-08,3.4589788810990285e-08,-4.280828136415948e-09,-0.026542186737060547,119143092.57361808,56.72610605780488,True
15548.81605219841,1.9968810655839123e-08,3.644811386038782e-08,-3.750038501948438e-09,-0.027093902230262756,118806879.78050242,57.44413006984629,True
15848.81605219841,2.057202755050451e-08,3.850854568554496e-08,-3.1551508072880097e-09,-0.027890384197235107,118470993.29438183,58.13637362228619,True
16148.816051959991,2.1099709571779374e-08,4.044662205160421e-08,-2.493656836577429e-09,-0.028455570340156555,118135444.43143585,58.8010045631066,True
16448.81605195999,2.172090283635472e-08,4.257606178725837e-08,-1.7551329278830963e-09,-0.029281437397003174,117800243.34716633,59.43610720963392,True
16748.816051721573,2.2226838385487592e-08,4.446602019925194e-08,-9.54820222887065e-10,-0.029757782816886902,117465399.02195555,60.03969142005901,True
17048.816051721573,2.2847540381832357e-08,4.6555612698284676e-08,-6.458833468059311e-11,-0.030558094382286072,117130919.24736011,60.60970529402213,True
17348.816051721573,2.3489564002924197e-08,4.863545655098278e-08,9.103118259190524e-10,-0.03140883147716522,116796810.61234303,61.14405192253643,True
17648.816051483154,2.4052503764503216e-08,5.047058948548511e-08,1.947164207649621e-09,-0.03201410174369812,116463078.49057055,61.64061053011758,True
17948.816051483154,2.470646682602239e-08,5.2381267323653447e-08,3.0861286859362735e-09,-0.03287552297115326,116129727.02819586,62.09726216530379,True
18248.816051244736,2.5289156946058526e-08,5.3999087867850903e-08,4.28183000167337e-09,-0.03351311385631561,115796759.13229282,62.51191985922768,True
18548.816051244736,2.592282478713593e-08,5.5543381449751905e-08,5.569084748913156e-09,-0.0342894047498703,115464176.45952888,62.88256287608181,True
18848.816051244736,2.6590499062929193e-08,5.6943292747746455e-08,6.943238872736401e-09,-0.035155609250068665,115131979.4063544,63.20727429682309,True
19148.816051006317,2.7195258410125663e-08,5.7967525890489924e-08,8.35751734484802e-09,-0.035821616649627686,114800167.09860137,63.48428080273181,True
19448.816051006317,2.7889926118627106e-08,5.8893476762023056e-08,9.875613216081547e-09,-0.036745697259902954,114468737.3825506,63.71199312925401,True
19748.8160507679,2.850800597228238e-08,5.936175284659839e-08,1.140838179480852e-08,-0.0374271422624588,114137686.81658946,63.88904534149587,True
20048.8160507679,2.921969786083143e-08,5.9681269704015e-08,1.303892815940344e-08,-0.038378357887268066,113807010.66325861,64.01433088139947,True
20348.81605052948,2.985869026344109e-08,5.9520118611544603e-08,1.4662504099760554e-08,-0.03909672796726227,113476702.88218026,64.08703329009617,True
20648.81605052948,3.0550948980641704e-08,5.9104479532834375e-08,1.6345182984878193e-08,-0.03996238112449646,113146756.12338199,64.10664967884252,True
20948.81605052948,3.1279118473894105e-08,5.839493155690434e-08,1.8069641782858525e-08,-0.04092404246330261,112817161.72203246,64.07300538746063,True
21248.81605029106,3.194336604036312e-08,5.72362068851362e-08,1.9753890967422194e-08,-0.04167589545249939,112487909.69273043,63.98625882413127,True
21548.81605029106,3.270125392165053e-08,5.589399165728537e-08,2.150387246047103e-08,-0.042699843645095825,112158988.7253576,63.846896151977376,True
21848.816050052643,3.3380093091473555e-08,5.413053827396652e-08,2.3177875618785038e-08,-0.043466851115226746,111830386.18140288,63.655716207805995,True
22148.816050052643,3.416222747446095e-08,5.2230006986064836e-08,2.4912992557801772e-08,-0.04453733563423157,111502088.09096396,63.41380669905735,True
22448.816049814224,3.4821475072437636e-08,4.9933788659473066e-08,2.651295005762222e-08,-0.04521404206752777,111174079.15018456,63.12251327391498,True
22748.816049814224,3.5607507378143223e-08,4.7580556383763906e-08,2.8184089728711115e-08,-0.046266987919807434,110846342.7202906,62.78340340127448,True
23048.816049814224,3.641919841957393e-08,4.50735058166174e-08,2.983677660495232e-08,-0.04738345742225647,110518860.82596803,62.39822715978931,True
23348.816049575806,3.714777862565942e-08,4.235104711369786e-08,3.136608484055614e-08,-0.04822520911693573,110191614.15544268,61.96887696676562,True
23648.816049575806,3.797817011088127e-08,3.961369543503679e-08,3.2939247773811076e-08,-0.0493650883436203,109864582.06114456,61.49734807183948,True
23948.816049337387,3.873429027614637e-08,3.6750975596078206e-08,3.4389039171855984e-08,-0.05025471746921539,109537742.56070113,60.98570131544794,True
24248.816049337387,3.9549232771237025e-08,3.389016001165146e-08,3.5840514556184644e-08,-0.051307618618011475,109211072.3388413,60.43602925135096,True
24548.81604909897,4.031241438197941e-08,3.099046352872392e-08,3.718620433801334e-08,-0.05217801034450531,108884546.75034295,59.85042636714823,True
24848.81604909897,4.119583668885919e-08,2.815676225509378e-08,3.859546637841049e-08,-0.05340394377708435,108558139.82287373,59.230963749132925,True
25148.81604909897,4.2088623522994865e-08,2.53454572884948e-08,3.996087372115653e-08,-0.05463890731334686,108231824.26099207,58.57966826714123,True
25448.81604886055,4.290209872771822e-08,2.2550835865331464e-08,4.119434038329928e-08,-0.05560217797756195,107905571.4509411,57.898506093707,True
25748.81604886055,4.3822000406282245e-08,1.9835965758829843e-08,4.2483399909087893e-08,-0.05687744915485382,107579351.46595342,57.18937022639172,True
26048.81604862213,4.4667300252338184e-08,1.7170663113574847e-08,4.36478444498789e-08,-0.057892173528671265,107253133.07198039,56.45407158367323,True
26348.81604862213,4.557565365703281e-08,1.458414544686093e-08,4.482829751850659e-08,-0.05907920002937317,106926883.73435542,55.69433317355565,True
26648.81604862213,4.652857425299025e-08,1.2071609489794355e-08,4.600820346922774e-08,-0.060379594564437866,106600569.6253162,54.911786861702964,True
26948.816048383713,4.7417181897227685e-08,9.636551112635061e-09,4.707942480308702e-08,-0.06144556403160095,106274155.63125122,54.10797225121788,True
27248.816048383713,4.8414110386824854e-08,7.273342816915829e-09,4.821845323021989e-08,-0.06282484531402588,105947605.36152925,53.28433724678917,True
27548.816048145294,4.933053476393503e-08,4.9962523007707205e-09,4.923644070231603e-08,-0.06391541659832001,105620881.15728162,52.44223992763126,True
27848.816048145294,5.0366452406322685e-08,2.7785631573351566e-09,5.033685113176034e-08,-0.06535416841506958,105293944.10129838,51.582951379841425,True
28148.816047906876,5.12740503308827e-08,6.613731784455013e-10,5.127234459223473e-08,-0.06634838879108429,104966754.02757688,50.70765923343812,True
28448.816047906876,5.232744257273848e-08,-1.4136105619400041e-09,5.2319492738206463e-08,-0.06777241826057434,104639269.53301749,49.81747165057627,True
28748.816047906876,5.3416097009767615e-08,-3.4304719065403333e-09,5.336848829529117e-08,-0.06927067041397095,104311447.98754397,48.91342160556047,True
29048.816047668457,5.442050023100098e-08,-5.356014298740774e-09,5.43023332966186e-08,-0.07045803964138031,103983245.5462238,47.99647129104256,True
29348.816047668457,5.554549621223237e-08,-7.256062417582143e-09,5.532517377559998e-08,-0.07198868691921234,103654617.1617323,47.06751654634369,True
29648.81604743004,5.658953232067106e-08,-9.067605333257234e-09,5.623950727340343e-08,-0.07321354746818542,103325516.59647538,46.127391232110405,True
29948.81604743004,5.776157626650144e-08,-1.0869428024307126e-08,5.7251142493441876e-08,-0.07480238378047943,102995896.4361988,45.176871468726375,True
30248.81604719162,5.8803988684431226e-08,-1.2565749329951359e-08,5.811025971524941e-08,-0.07592439651489258,102665708.10275316,44.216679721304565,True
30548.81604719162,6.000152632859233e-08,-1.4274803561420413e-08,5.9093729021242325e-08,-0.07749570906162262,102334901.86912885,43.247488675147416,True
30848.81604719162,6.12390863062937e-08,-1.595589083080995e-08,6.009008046703457e-08,-0.07914309203624725,102003426.87250714,42.26992491144575,True
31148.8160469532,6.239228117838032e-08,-1.755492462507391e-08,6.098180449498614e-08,-0.08046296238899231,101671231.12932833,41.28457235246589,True
31448.8160469532,6.367327375134926e-08,-1.9172887277818518e-08,6.197108604055757e-08,-0.08213606476783752,101338261.55052328,40.29197548301015,True
31748.816046714783,6.488051764587776e-08,-2.071723770313838e-08,6.286817466616412e-08,-0.08350946009159088,101004463.95614745,39.292642359948914,True
32048.816046714783,6.616726637366805e-08,-2.22655671677785e-08,6.381751660455848e-08,-0.08507394790649414,100669783.09120704,38.28704739396851,True
32348.816046714783,6.75132987629996e-08,-2.381250396865653e-08,6.479974246076381e-08,-0.08676289021968842,100334162.64151573,37.275633938552176,True
32648.816046476364,6.87976105941746e-08,-2.5297168804172543e-08,6.570397914629211e-08,-0.08818206191062927,99997545.24904257,36.25881667489636,True
32948.816046476364,7.021274315217937e-08,-2.6824807264347328e-08,6.670675389841563e-08,-0.08995230495929718,99659872.52853838,35.23698381202826,True
33248.816046237946,7.154945631216604e-08,-2.828480205607775e-08,6.761798232446381e-08,-0.09139500558376312,99321085.08333564,34.21049912327867,True
33548.816046237946,7.302314927710592e-08,-2.979862756546936e-08,6.863211154950477e-08,-0.09320202469825745,98981122.52223025,33.17970380809856,True
33848.81604599953,7.442408793398667e-08,-3.1250920073944144e-08,6.95614659207422e-08,-0.09469284117221832,98639923.4753414,32.144918218847245,True
34148.81604599953,7.591244578974117e-08,-3.273510174039984e-08,7.054873663037142e-08,-0.09637995064258575,98297425.61102161,31.1064434346235,True
34448.81604599953,7.74671005776576e-08,-3.4242361834913027e-08,7.157438375315905e-08,-0.09819217026233673,97953565.65250854,30.064562720884904,True
34748.81604576111,7.896110246028272e-08,-3.569948603399098e-08,7.252805644952787e-08,-0.09971615672111511,97608279.39388496,29.019542862704114,True
35048.81604576111,8.059633451453193e-08,-3.7229256122373044e-08,7.358441678206873e-08,-0.10160070657730103,97261501.71714367,27.97163538959824,True
35348.81604552269,8.215181012613381e-08,-3.8700250115653034e-08,7.455355088836768e-08,-0.10313127934932709,96913166.60810302,26.92107771052843,True
35648.81604552269,8.386277938372915e-08,-4.0258441913465504e-08,7.563560444623363e-08,-0.10506194829940796,96563207.17334585,25.868094144112494,True
35948.81604528427,8.543824869522716e-08,-4.172545686742524e-08,7.658520218001286e-08,-0.1064516007900238,96211555.6554435,24.81289688053086,True
36248.81604528427,8.720153702506483e-08,-4.330513547756709e-08,7.767302889760686e-08,-0.1083359569311142,95858143.45040177,23.755686852103235,True
36548.81604528427,8.902305114407248e-08,-4.4919175934410305e-08,7.878943364403312e-08,-0.11029253900051117,95502901.12196846,22.69665454864251,True
36848.81604504585,9.076121500640759e-08,-4.647844775718113e-08,7.981871874562785e-08,-0.11186470091342926,95145758.41777197,21.63598075951155,True
37148.81604504585,9.265764752285793e-08,-4.814026510757685e-08,8.095766901305979e-08,-0.11382253468036652,94786644.28498882,20.573837257554604,True
37448.816044807434,9.448200389053293e-08,-4.9757204578781966e-08,8.20196355277858e-08,-0.1154274046421051,94425486.88454755,19.510387439362205,True
37748.816044807434,9.640932378582978e-08,-5.144534043211024e-08,8.314502153439207e-08,-0.11723366379737854,94062213.60624106,18.445786902962823,True
38048.816044807434,9.841696668387347e-08,-5.319259344105376e-08,8.43143723727735e-08,-0.11916440725326538,93696751.08300973,17.380183995083513,True
38348.816044569016,1.0036599787059214e-07,-5.49079004485975e-08,8.541861618027724e-08,-0.12077206373214722,93329025.20412134,16.31372030896775,True
38648.816044569016,1.0247844265711604e-07,-5.67423512620735e-08,8.663020523158593e-08,-0.12275710701942444,92958961.12910882,15.24653114496144,True
38948.8160443306,1.0451324455497439e-07,-5.853507900610566e-08,8.776243198838074e-08,-0.12435081601142883,92586483.29999882,14.178745946894612,True
39248.8160443306,1.0671907407541278e-07,-6.045752343197819e-08,8.900512149523365e-08,-0.1263362616300583,92211515.45422663,13.110488693614444,True
39548.81604409218,1.0885271428297919e-07,-6.234506599867018e-08,9.01730707880688e-08,-0.12794330716133118,91833980.63555765,12.041878277518004,True
39848.81604409218,1.1110002106270114e-07,-6.43280770873389e-08,9.140592638345879e-08,-0.12975162267684937,91453801.20563309,10.973028842455305,True
40148.81604409218,1.1343713148527432e-07,-6.639297112087661e-08,9.268420697594593e-08,-0.13168096542358398,91070898.85440864,9.904050112208074,False
40448.81604385376,1.1571644244344062e-07,-6.84380268012319e-08,9.38989916932087e-08,-0.13326270878314972,90685194.60917324,8.83504768864676,False
40748.81604385376,1.1817472624917169e-07,-7.063323437250801e-08,9.522244948101388e-08,-0.13523149490356445,90296608.84408665,7.766123330203351,False
41048.81604361534,1.2055359673838678e-07,-7.279709279828239e-08,9.646673593266542e-08,-0.13677836954593658,89905061.28765346,6.697375222212527,False
41348.81604361534,1.2312926960482378e-07,-7.513060040764685e-08,9.78289982356273e-08,-0.1387576162815094,89510471.03067526,5.628898217087285,False
41648.81604337692,1.2555871352120059e-07,-7.738822205283213e-08,9.906523157354741e-08,-0.1401035338640213,89112756.53147203,4.560784075096689,False
41948.81604337692,1.2822367866237086e-07,-7.985050842762575e-08,1.0044339227022192e-07,-0.14198867976665497,88711835.62289649,3.493121676583294,False
42248.81604337692,1.309717413260518e-07,-8.241039495260338e-08,1.0185426724262925e-07,-0.1439335197210312,88307625.51501377,2.4259972368292364,False
42548.816043138504,1.3363430879179088e-07,-8.49454977469577e-08,1.0318163412570414e-07,-0.1454193890094757,87900042.79908903,1.3594945004180392,False
42848.816043138504,1.3650062965990475e-07,-8.767449344304623e-08,1.0462219213192014e-07,-0.147322878241539,87489003.45024203,0.29369492599708824,False
43148.816042900085,1.3928431450149167e-07,-9.038620873980108e-08,1.0598080346646555e-07,-0.1487709879875183,87074422.82761665,-0.7713221280944021,False
43448.816042900085,1.422838841755386e-07,-9.33100068323256e-08,1.0745641865206323e-07,-0.15066155791282654,86656215.67510687,-1.835479240061259,False
43748.81604266167,1.451303875588972e-07,-9.616809393264703e-08,1.0880339074148537e-07,-0.15187722444534302,86234296.11874433,-2.8987007524706474,False
44048.81604266167,1.4823587851775377e-07,-9.928066901920829e-08,1.1029166824272352e-07,-0.153648242354393,85808577.66559482,-3.960912621290739,False
44348.81604266167,1.514368584254955e-07,-1.025276219479565e-07,1.1181129355719577e-07,-0.1554744988679886,85378973.19780324,-5.022042255445271,False
44648.81604242325,1.545515465569037e-07,-1.0577051057225617e-07,1.132447202678577e-07,-0.15681569278240204,84945394.9675963,-6.082018370343989,False
44948.81604242325,1.5789154624195199e-07,-1.0925927540483826e-07,1.1478943662268648e-07,-0.15858754515647888,84507754.59048556,-7.14077084481949,False
45248.81604218483,1.6115976387101585e-07,-1.1276353006905993e-07,1.1625585649710501e-07,-0.15991075336933136,84065963.03556594,-8.198230571329496,False
45548.81604218483,1.6458385646297716e-07,-1.1646989150904119e-07,1.1778555908392718e-07,-0.1614433228969574,83619930.61549053,-9.254329322154264,False
45848.81604218483,1.6813529539294962e-07,-1.2036252883262932e-07,1.193578551550445e-07,-0.16309376060962677,83169566.97427146,-10.30899960295784,False
46148.81604194641,1.7163172748886202e-07,-1.242981966242951e-07,1.2085972578290693e-07,-0.16432978212833405,82714781.07231423,-11.362174515750699,False
46448.81604194641,1.7536569032647193e-07,-1.285237090087321e-07,1.2246685798800172e-07,-0.16598813235759735,82255481.1709239,-12.413787621787375,False
46748.81604170799,1.7901820344317467e-07,-1.3278159372021037e-07,1.239852398526864e-07,-0.16715073585510254,81791574.81345174,-13.4637727939016,False
47048.81604170799,1.8293494466350505e-07,-1.373680333927041e-07,1.2561889128903658e-07,-0.16879019141197205,81322968.8055829,-14.512064080806871,False
47348.816041469574,1.866881086400944e-07,-1.4192880826158216e-07,1.2711367070039614e-07,-0.1696930229663849,80849569.19149393,-15.558595553524867,False
47648.816041469574,1.9075580486373146e-07,-1.468789037062379e-07,1.287471000921414e-07,-0.17119453847408295,80371281.23049675,-16.603301163172627,False
47948.816041469574,1.949472755150595e-07,-1.5206609305096208e-07,1.3040422430776744e-07,-0.17274992167949677,79888009.3676031,-17.64611457951028,False
48248.816041231155,1.990501103202742e-07,-1.573130532506184e-07,1.319620466233573e-07,-0.1737702488899231,79399657.20396654,-18.68696903319865,False
48548.816041231155,2.0343401294973173e-07,-1.6295371096930467e-07,1.3362816986273174e-07,-0.17525875568389893,78906127.46425934,-19.725797150870847,False
48848.81604099274,2.0773772116309254e-07,-1.6867812746568234e-07,1.351968030860462e-07,-0.1762237399816513,78407321.95979008,-20.762530772443245,False
49148.81604099274,2.1234532746056038e-07,-1.7484148884250317e-07,1.3687913025250964e-07,-0.17769575119018555,77903141.55025241,-21.79710077253651,False
49448.81604075432,2.1678310940224768e-07,-1.810255980672082e-07,1.3841151158544562e-07,-0.1784001886844635,77393486.1001581,-22.829436855525714,False
49748.81604075432,2.215831841379758e-07,-1.8772914245346328e-07,1.4008232795958975e-07,-0.179742693901062,76878254.43473718,-23.859467352441467,False
50048.81604075432,2.2653706724505605e-07,-1.9477693058433942e-07,1.4177376073121195e-07,-0.1811515837907791,76357344.28855667,-24.887118988325742,False
50348.8160405159,2.3140895022916348e-07,-2.019598355218477e-07,1.4335743259152878e-07,-0.1820095032453537,75830652.25282487,-25.912316641671698,False
50648.8160405159,2.3660887062047967e-07,-2.0968099079254898e-07,1.4504845680107792e-07,-0.18336886167526245,75298073.71828014,-26.93498308375633,False
50948.81604027748,2.4175038143912317e-07,-2.17586631379163e-07,1.4664000147490697e-07,-0.1842275857925415,74759502.81248935,-27.955038685801945,False
51248.81604027748,2.471366944497068e-07,-2.2598621285396803e-07,1.4828816574663506e-07,-0.1853439062833786,74214832.33371593,-28.972401113686786,False
51548.81604027748,2.527336540802495e-07,-2.3486785494242213e-07,1.4997088726431684e-07,-0.18661680817604065,73663953.67978983,-29.986984979200734,False
51848.81604003906,2.5829951945433373e-07,-2.440090725031041e-07,1.5156179600239739e-07,-0.18743619322776794,73106756.77044713,-30.998701465804448,False
52148.81604003906,2.642306717170944e-07,-2.538300805099425e-07,1.532594779973806e-07,-0.18876568973064423,72543129.96571465,-32.00745791555476,False
52448.816039800644,2.7010597790166567e-07,-2.6392410745756933e-07,1.548485357716345e-07,-0.18956196308135986,71972959.9771188,-33.013157362037305,False
52748.816039800644,2.763814421315498e-07,-2.747863732111e-07,1.565544778259209e-07,-0.19091209769248962,71396131.77353244,-34.01569802561643,False
53048.816039562225,2.8262222416320334e-07,-2.8598805101864855e-07,1.5815830778365125e-07,-0.19176487624645233,70812528.47899541,-35.01497273530918,False
53348.816039562225,2.8917342229034406e-07,-2.979209341447131e-07,1.5982849532747423e-07,-0.19291892647743225,70222031.26418392,-36.0108682976166,False
53648.816039562225,2.9600145249914495e-07,-3.105832888650184e-07,1.6154533000189986e-07,-0.19427189230918884,69624519.23019554,-37.00326477439851,False
53948.81603932381,3.028367398645784e-07,-3.237101395825448e-07,1.6317643769525603e-07,-0.19518916308879852,69019869.2824279,-37.99203468004112,False
54248.81603932381,3.101392051502269e-07,-3.378464157322014e-07,1.6494228560759439e-07,-0.19669921696186066,68407955.99712035,-38.977042076020744,False
54548.81603908539,3.174240769581954e-07,-3.5248410767962923e-07,1.666093822905168e-07,-0.19768749177455902,67788651.47697811,-39.958141537535546,False
54848.81603908539,3.252337690072576e-07,-3.682828833007079e-07,1.684362089804381e-07,-0.19933858513832092,67161825.19724727,-40.9351769962857,False
55148.81603884697,3.3290566533537034e-07,-3.845144078695739e-07,1.7010896158353717e-07,-0.2001812681555748,66527343.838848814,-41.90798040970754,False
55448.81603884697,3.4121279104443983e-07,-4.0213387819676427e-07,1.7199447910343224e-07,-0.20186568796634674,65885071.112017706,-42.87637026055153,False
55748.81603884697,3.498745630892438e-07,-4.208674226902076e-07,1.739621495744359e-07,-0.20374569296836853,65234867.56291556,-43.8401498282034,False
56048.81603860855,3.585603213378852e-07,-4.4035976998202386e-07,1.75861337936567e-07,-0.20511114597320557,64576590.368426636,-44.79910522025934,False
56348.81603860855,3.678795524427865e-07,-4.614227577803831e-07,1.779823577408024e-07,-0.2071927860379219,63910093.114884466,-45.753003113752925,False
56648.81603837013,3.7728125338052986e-07,-4.834259357267001e-07,1.8007570190547995e-07,-0.20883245021104813,63235225.55861362,-46.70158814869382,False
56948.81603837013,3.8722756022574063e-07,-5.070238557891571e-07,1.8236603693821962e-07,-0.21093065291643143,62551833.368650824,-47.64457993933683,False
57248.81603837013,3.9769234000640984e-07,-5.322635274751519e-07,1.848533841553035e-07,-0.2133871167898178,61859757.84951958,-48.58166960953825,False
57548.816038131714,4.0833535428022957e-07,-5.587646683125058e-07,1.8739521578936547e-07,-0.2155027613043785,61158835.63980106,-49.512515794370195,False
57848.816038131714,4.197767269227037e-07,-5.874495627722354e-07,1.902989836821689e-07,-0.21842557191848755,60448898.38810948,-50.43674000660664,False
58148.816037893295,4.31400198697853e-07,-6.175567364152812e-07,1.933015667532345e-07,-0.22094238549470901,59729772.401090235,-51.35392124848458,False
58448.816037893295,4.4393337855453643e-07,-6.502004055164434e-07,1.9677151641417368e-07,-0.2243562564253807,59001278.26240111,-52.263589761165754,False
58748.81603765488,4.56737868385827e-07,-6.845659186183184e-07,2.004450223580534e-07,-0.22744465619325638,58263230.418117255,-53.165219731756224,False
59048.81603765488,4.703726362756081e-07,-7.215628272660979e-07,2.0462712768676283e-07,-0.23115814477205276,57515436.72645697,-54.05822080688588,False
59348.81603765488,4.848339411776724e-07,-7.613026582475868e-07,2.0936855094078055e-07,-0.23541536182165146,56757697.96818075,-54.941928176213075,False
59648.81603741646,4.997351101994957e-07,-8.032942844238278e-07,2.1454506082818625e-07,-0.23948489874601364,55989807.31016522,-55.81559100252477,False
59948.81603741646,5.158539388036441e-07,-8.488453886457137e-07,2.2060462612216725e-07,-0.2446122244000435,55211549.721406125,-56.678358908030944,False
60248.81603717804,5.324633784808308e-07,-8.969032023742329e-07,2.272805090797192e-07,-0.24950678646564484,54422701.332576856,-57.529266182670575,False
60548.81603717804,5.505066834514029e-07,-9.490693173574982e-07,2.3514076019637287e-07,-0.25561904162168503,53623028.734046176,-58.36721336782063,False
60848.81603693962,5.68970239313777e-07,-1.0037322795142245e-06,2.437999455651152e-07,-0.26124246418476105,52812288.20299125,-59.1909457758186,False
61148.81603693962,5.891958030903489e-07,-1.0631614202338824e-06,2.540807884088281e-07,-0.26837900280952454,51990224.85472039,-59.99902852309486,False
61448.81603693962,6.10816583470817e-07,-1.126744336943375e-06,2.6597405167194665e-07,-0.27631455659866333,51156571.70171118,-60.7898175693852,False
61748.8160367012,6.33355743660065e-07,-1.1935452448597061e-06,2.794229416736016e-07,-0.2842352092266083,50311048.61501798,-61.56142630168825,False
62048.8160367012,6.579877601595749e-07,-1.2654519139232434e-06,2.952897020236378e-07,-0.29371654242277145,49453361.17146415,-62.31168719838334,False
62348.816036462784,6.838265325165929e-07,-1.3405517051978677e-06,3.133592656467954e-07,-0.30334410816431046,48583199.36992285,-63.038108195996244,False
62648.816036462784,7.121660326467116e-07,-1.4207000447186147e-06,3.346705241824566e-07,-0.31474733352661133,47700236.20038004,-63.73782358264024,False
62948.816036224365,7.417997228499737e-07,-1.5029125393084541e-06,3.588799728504455e-07,-0.3261157125234604,46804126.04114003,-64.40753948021629,False
63248.816036224365,7.74553222210759e-07,-1.5895303704382968e-06,3.8746964037272846e-07,-0.3396582305431366,45894502.86270472,-65.04347447869121,False
63548.816036224365,8.101555637395672e-07,-1.6785825209808536e-06,4.207542048106916e-07,-0.3547367453575134,44970978.201269105,-65.64129656473496,False
63848.81603598595,8.481114068480523e-07,-1.7671289356258058e-06,4.589107334140863e-07,-0.37049850076436996,44033138.87183017,-66.19605839327711,False
64148.81603598595,8.901323275451193e-07,-1.855777838954964e-06,5.035943928533015e-07,-0.3887036070227623,43080544.375359364,-66.70213397073262,False
64448.81603574753,9.354346284847297e-07,-1.939651866678105e-06,5.54858544887793e-07,-0.40808703005313873,42112723.947696745,-67.15316098696242,False
64748.81603574753,9.855648961128723e-07,-2.0173700931991334e-06,6.143614967868416e-07,-0.43000005930662155,41129173.189625144,-67.54199414222677,False
65048.81603574753,1.0410966049405905e-06,-2.0846886457093206e-06,6.83123886346948e-07,-0.454568050801754,40129350.20657971,-67.86067539756198,False
65348.81603550911,1.1019379953975598e-06,-2.135170603878578e-06,7.61609967980803e-07,-0.4811512604355812,39112671.16492348,-68.10042675265302,False
65648.81603550911,1.1706257074553493e-06,-2.1658821367509518e-06,8.522429055801695e-07,-0.511654868721962,38078505.166054145,-68.25166910416768,False
65948.81603527069,1.2467400990447358e-06,-2.167864579405432e-06,9.55034082039674e-07,-0.5448691546916962,37026168.311095156,-68.30406640426914,False
66248.81603527069,1.3338297566976843e-06,-2.137618452024981e-06,1.0730682760140553e-06,-0.5831334516406059,35954916.81234162,-68.24658743433203,False
66548.81603503227,1.431372505215569e-06,-2.064805158852323e-06,1.2058314098339906e-06,-0.6248054802417755,34863938.98524757,-68.06756831082123,False
66848.81603503227,1.5450237097656868e-06,-1.946964061971812e-06,1.3578778066403174e-06,-0.6732509136199951,33752345.943871275,-67.75474886122839,False
67148.81603503227,1.6771510906087571e-06,-1.776056024027639e-06,1.5306498397649193e-06,-0.7283967062830925,32619160.80950344,-67.2952471930453,False
67448.81603479385,1.8309110361847888e-06,-1.5444123846464208e-06,1.7257783326840581e-06,-0.7903231456875801,31463306.289238423,-66.67543164650795,False
67748.81603479385,2.0153278191509982e-06,-1.2479283668653807e-06,1.9497423551229076e-06,-0.8624397367238998,30283590.570545293,-65.88064895725215,False
68048.81603455544,2.236346113240817e-06,-8.764564256580343e-07,2.2052121266824543e-06,-0.9444911181926727,29078691.726563614,-64.89477128355607,False
68348.81603455544,2.5098294604550255e-06,-4.2176168335572584e-07,2.5028627916867663e-06,-1.0406717024743557,27847141.358415887,-63.69952977643701,False
68648.81603431702,2.8506465646499722e-06,1.329719623299752e-07,2.8499751820731944e-06,-1.150900237262249,26587309.28693994,-62.27360405548882,False
68948.81603431702,3.2937334215332287e-06,8.070714727637096e-07,3.2698052550017564e-06,-1.2812059745192528,25297393.306612518,-60.591430966319294,False
69248.81603431702,3.887604802626486e-06,1.6334410020135692e-06,3.793428831500023e-06,-1.4354199208319187,23975422.349088207,-58.62167872532023,False
69548.8160340786,4.716185653546661e-06,2.660777624896582e-06,4.479484225328179e-06,-1.6235393583774567,22619289.969473578,-56.32530195740429,False
69848.8160340786,5.9273078781816835e-06,3.96325512497242e-06,5.442019066492776e-06,-1.8793955631554127,21226851.710310213,-53.653046323364855,False
70148.81603384018,7.707454438196447e-06,5.660386960926189e-06,6.81650808331824e-06,-2.286878738552332,19796151.83446421,-50.542201592058404,False
70448.81603384018,1.0124199278749745e-05,7.936302381494897e-06,8.550296193732265e-06,-3.040053442120552,18325904.261873644,-46.912288592544385,False
70748.81603384018,1.2512327888834873e-05,1.1037177188200076e-05,9.522460224786755e-06,-4.391578674316406,16816456.248697728,-42.65915289389439,False
71048.81603360176,1.3477264193558586e-05,1.517394196071109e-05,6.1061505860493526e-06,-6.138316683471203,15271623.676964385,-37.64649817742395,False
71348.81603360176,1.8381041150286533e-05,2.0398435481183697e-05,-6.0509454229418225e-06,-6.54283675737679,13701975.381271439,-31.693031660067366,False
71648.81603336334,3.1910161215896946e-05,2.711017398837612e-05,-2.025328575072649e-05,-2.9398085549473763,12130214.033323904,-24.55232256803213,False
71948.81603336334,3.822972059712182e-05,3.784777774740178e-05,-1.167743251251352e-05,3.2760797683149576,10598930.452441841,-15.884369733239232,False
72248.81603312492,6.315624470727182e-05,5.775912546823747e-05,2.60842818127216e-05,5.618838334456086,9179841.962184565,-5.237114074738032,False
72548.81603312492,0.0001018731424046627,8.997948134492617e-05,4.9331962252985306e-05,2.991969504393637,7981115.050661675,7.870423451426448,False
72848.81603312492,0.00012315788161993159,0.00013186161118028394,2.3502299654865055e-05,1.7081253742799163,7142473.7535852725,23.533107247052232,True
73148.8160328865,0.0001399350509243007,0.00017874578423970888,-3.4122520929713573e-05,4.216193726286292,6795390.081484921,40.60275466926271,True
73448.8160328865,0.0001543581897233557,0.00021585451466421546,-9.728550391230328e-05,7.650865620933473,6984763.62515372,56.27585782419351,True
73748.81603264809,0.00016143700168533666,0.0001505052367178905,-0.00015044537488506649,9.740414323285222,7631276.73425817,67.10638099210712,True
74048.81603264809,0.00016226671496710697,-0.00012313355102833157,-0.00015705777848040725,10.328659903258085,8593270.535734335,70.6573442807966,True
74348.81603240967,0.00015975631744855783,-0.00029470124576391754,-0.00011782276486371757,10.041814150288701,9743859.170280688,68.52515412402076,True
74648.81603240967,0.0001558442296282486,-0.0003092234095447566,-8.144227564343964e-05,9.407362949103117,10996414.07917224,64.55208456674117,True
74948.81603240967,0.00015150406306064148,-0.0002852162714930273,-5.777175943677548e-05,8.692393722012639,12297993.423516326,60.59010106849309,True
75248.81603217125,0.0001471768508125828,-0.00025926807597898005,-4.2804741873680996e-05,7.998613381758332,13617439.919834753,57.10346809718867,True
75548.81603217125,0.0001430456373562503,-0.0002375204071540793,-3.3125519166787853e-05,7.357156805694103,14936593.30208171,54.135178155272875,True
75848.81603193283,0.00013918501942861283,-0.00022003934472536457,-2.671557829359017e-05,6.768002029508352,16244915.956858918,51.626564092625905,True
76148.81603193283,0.00013560703846569568,-0.0002059494435968645,-2.2414505345125235e-05,6.227357108145952,17536369.664349146,49.50429254890067,True
76448.81603193283,0.0001323043263357037,-0.00019444246854050107,-1.9522223645651593e-05,5.72644330561161,18807608.359087642,47.70244776906242,True
76748.81603169441,0.00012925648910776447,-0.00018489532882881576,-1.7605131709785837e-05,5.258425701409578,20056918.80276799,46.16655358537481,True
77048.81603169441,0.000126437469138188,-0.00017684757554548014,-1.638612813792406e-05,4.819587744772434,21283588.08049823,44.8527225763879,True
77348.816031456,0.00012382627644672448,-0.00016997027921661356,-1.5675139373172442e-05,4.402925081551075,22487518.67474366,43.72577074735101,True
77648.816031456,0.00012139862241128995,-0.00016401383211928078,-1.5346560154227973e-05,4.006652109324932,23668990.092375502,42.75739103356556,True
77948.81603121758,0.00011913659460608923,-0.00015879733959422992,-1.5307606801684415e-05,3.6256350576877594,24828509.05974532,41.924644783454255,True
78248.81603121758,0.00011702125752343864,-0.0001541788564907165,-1.5494573368357578e-05,3.2585951425135136,25966714.296868116,41.20878160311655,True
78548.81603121758,0.00011503746183884943,-0.0001500509591210175,-1.5859026966325018e-05,2.903020516037941,27084315.52483692,40.594333786017685,True
78848.81603097916,0.00011317254917815057,-0.00014633046217227275,-1.636396798687656e-05,2.556012362241745,28182054.28559601,40.06842470541379,True
79148.81603097916,0.00011141341507595524,-0.0001429483077970417,-1.698329369048679e-05,2.2175672501325607,29260678.836025015,39.62023946043209,True
79448.81603074074,0.00010975112261525017,-0.00013985267867155926,-1.7694226585263095e-05,1.884563185274601,30320928.22676507,39.24061743442168,True
79748.81603074074,0.00010817528443428258,-0.0001369976411638163,-1.8481424575611527e-05,1.5576134398579597,31363522.421659857,38.92173641748055,True
80048.81603050232,0.00010667955707191235,-0.000134349526774713,-1.9329971522097367e-05,1.233494471758604,32389156.411984615,38.65686574634161,True
80348.81603050232,0.0001052552778432238,-0.00013187576527684541,-2.0230799819387357e-05,0.9136834442615509,33398496.974039003,38.44017180517379,True
80648.81603050232,0.00010389695700224622,-0.0001295522046973474,-2.1174488274766645e-05,0.5964566394686699,34392181.18053348,38.266563516343275,True
80948.8160302639,0.00010259972544916401,-0.00012735843219502385,-2.2153306339589562e-05,0.2801714986562729,35370816.05791559,38.13156863426887,True
81248.8160302639,0.00010135766967878828,-0.00012527458059707897,-2.3162226526096674e-05,-0.03414958715438843,36334978.987889476,38.03123394081053,True
81548.81603002548,0.00010016741063643763,-0.0001232864259179678,-2.419537617726064e-05,-0.34859567880630493,37285218.57904647,37.96204413440194,True
81848.81603002548,9.902405655370838e-05,-0.000121378732814037,-2.5249348837519392e-05,-0.661996454000473,38222055.82138826,37.92085546433524,True
82148.81603002548,9.792483912356593e-05,-0.0001195406822773748,-2.6319877200364772e-05,-0.9759852662682533,39145985.3994276,37.90484106646361,True
82448.81602978706,9.686666205985844e-05,-0.00011776182137168689,-2.74037756256007e-05,-1.2910677716135979,40057477.075683385,37.91144566917392,True
82748.81602978706,9.584588529466816e-05,-0.00011603151591543792,-2.8498880851657304e-05,-1.606165073812008,40956977.09362918,37.93834784267299,True
83048.81602954865,9.486083679857768e-05,-0.00011434286682288075,-2.9602059882449794e-05,-1.9232146367430687,41844909.557547875,37.983428365086645,True
83348.81602954865,9.390837268198061e-05,-0.00011268706279565777,-3.071169952306718e-05,-2.241017296910286,42721677.76771084,38.04474358769983,True
83648.81602931023,9.298708974390055e-05,-0.00011105851478987461,-3.1825307608812636e-05,-2.5611902698874474,43587665.49715634,38.12050289673609,True
83948.81602931023,9.209447624360261e-05,-0.00010945013710284002,-3.294145202659138e-05,-2.8828858137130737,44443238.2012315,38.209049569143296,True
84248.81602931023,9.122884378993028e-05,-0.00010785646435351737,-3.405838207015677e-05,-3.206476978957653,45288744.15471986,38.30884444054332,True
84548.81602907181,9.03889473324366e-05,-0.00010627301210774931,-3.517429762922575e-05,-3.5329262167215347,46124515.51981493,38.418451928832106,True
84848.81602907181,8.95726706411126e-05,-0.00010469402394619465,-3.628807416333757e-05,-3.8611658215522766,46950869.34131621,38.53652803590693,True
85148.81602883339,8.877927156143878e-05,-0.00010311624399150787,-3.73979416963266e-05,-4.1926601603627205,47768108.474155284,38.66181001692557,True
85448.81602883339,8.800683071327297e-05,-0.00010153456523198656,-3.850287875906133e-05,-4.526215381920338,48576522.445939004,38.793107472221315,True
85748.81602859497,8.725478015703971e-05,-9.994634345389386e-05,-3.9601258954746754e-05,-4.863247454166412,49376388.257961,38.92929464576838,True
86048.81602859497,8.652157441464033e-05,-9.834738270342314e-05,-4.069201005307832e-05,-5.202913776040077,50167971.128654666,39.06930376653689,True
86348.81602859497,8.580626800700159e-05,-9.673465191895048e-05,-4.177382160008847e-05,-5.545460231602192,50951525.18171477,39.212119281878756,True
86648.81602835655,8.510824305196629e-05,-9.510583006999695e-05,-4.284531112119794e-05,-5.891701929271221,51727294.08657367,39.35677286879485,True
86948.81602835655,8.44261134276916e-05,-9.345736606292121e-05,-4.390542350307669e-05,-6.240599662065506,52495511.65030427,39.50233912081754,True
87248.81602811813,8.375961094142905e-05,-9.178782181606948e-05,-4.4952722127789e-05,-6.593468099832535,53256402.36693392,39.64793182314997,True
87548.81602811813,8.310740673730833e-05,-9.009400315562743e-05,-4.5986144833420894e-05,-6.949100993573666,54010181.927021295,39.79270074959889,True
87848.81602811813,8.246920547591462e-05,-8.837470591060992e-05,-4.700431757953538e-05,-7.308519974350929,54757057.69093698,39.935828913606386,True
88148.81602787971,8.184439018739464e-05,-8.662830171601854e-05,-4.800599358389945e-05,-7.6719207391142845,55497229.12648402,40.076530226238404,True
88448.81602787971,8.123186629681324e-05,-8.485244811140547e-05,-4.899002321678836e-05,-8.038257203996181,56230888.21775221,40.21404751293006,True
88748.8160276413,8.063160059087981e-05,-8.304689373517249e-05,-4.9955041625082686e-05,-8.408897623419762,56958219.84333437,40.347650848582504,True
89048.8160276413,8.004253687684938e-05,-8.120969786773458e-05,-5.089987694617548e-05,-8.782680906355381,57679402.12809975,40.47663618011808,True
89348.81602740288,7.946462443954499e-05,-7.934093653716445e-05,-5.1823210121426655e-05,-9.160789296030998,58394606.77095552,40.60032420099153,True
89648.81602740288,7.889703232138763e-05,-7.743944868821018e-05,-5.272382793464203e-05,-9.542428493499756,59103999.34999727,40.71805945497169,True
89948.81602740288,7.833935809112862e-05,-7.550505566200627e-05,-5.360047069302709e-05,-9.927773915231228,59807739.605475746,40.829209640257005,True
90248.81602716446,7.779142453019472e-05,-7.353819944455608e-05,-5.4451898101604e-05,-10.317505612969398,60505981.70580764,40.933165094476415,True
90548.81602716446,7.725242286538458e-05,-7.153837177042988e-05,-5.5276889668220974e-05,-10.710655935108662,61198874.49403928,41.02933843831672,True
90848.81602692604,7.672239612822071e-05,-6.950684931439355e-05,-5.607425405429467e-05,-11.108341433107853,61886561.71825841,41.117164357698876,True
91148.81602692604,7.620055165581632e-05,-6.744359171761971e-05,-5.684278887230221e-05,-11.50950300693512,62569182.24712618,41.196099508081716,True
91448.81602668762,7.568695416286324e-05,-6.535035740284911e-05,-5.7581383629212723e-05,-11.915227435529232,63246870.27119279,41.26562252135276,True
91748.81602668762,7.518097208170774e-05,-6.322784960843819e-05,-5.828889413805882e-05,-12.324751533567905,63919755.49164516,41.32523410052916,True
92048.81602668762,7.468234263303997e-05,-6.107767072194292e-05,-5.896425123808058e-05,-12.738218747079372,64587963.29569373,41.37445718480138,True
92348.8160264492,7.419099764499928e-05,-5.890199258828943e-05,-5.9606483169716284e-05,-13.15625062584877,65251614.92308532,41.41283717072897,True
92648.8160264492,7.370630153347727e-05,-5.67021668587131e-05,-6.021454584015373e-05,-13.577924586832523,65910827.62067613,41.439942173897414,True
92948.81602621078,7.322837309845321e-05,-5.4481115085991405e-05,-6.078763344419258e-05,-14.004282459616661,66565714.78776305,41.45536331733381,True
93248.81602621078,7.275656679284296e-05,-5.2240571960737725e-05,-6.132479776255195e-05,-14.434282630681992,67216386.1129067,41.458715032416656,True
93548.81602597237,7.229112432888176e-05,-4.998403889544534e-05,-6.182543366151094e-05,-14.869248077273369,67862947.70270962,41.44963536013352,True
93848.81602597237,7.183129548009174e-05,-4.771341372133975e-05,-6.22886774408471e-05,-15.307774141430855,68505502.20176296,41.427786238735266,True
94148.81602597237,7.137707769347629e-05,-4.5432071146933595e-05,-6.271399898594154e-05,-15.750451803207397,69144148.90761986,41.392853768346335,True
94448.81602573395,7.092847842461666e-05,-4.314351596690358e-05,-6.310098418538246e-05,-16.197887539863586,69778983.87768494,41.34454843976981,True
94748.81602573395,7.048493376260998e-05,-4.085036837864209e-05,-6.34490527531284e-05,-16.649075239896774,70410100.03032435,41.2826053182448,True
95048.81602549553,7.0046610632449e-05,-3.8556588691562865e-05,-6.375805191538575e-05,-17.1050174087286,71037587.24055782,41.20678417497891,True
95348.81602549553,6.961297220183275e-05,-3.626499625397628e-05,-6.402757750123556e-05,-17.564716160297394,71661532.43041258,41.116869555518406,True
95648.81602549553,6.918411376381168e-05,-3.397951184069825e-05,-6.425764600948014e-05,-18.02892602980137,72282019.65465316,41.01267078261061,True
95948.81602525711,6.875990195501974e-05,-3.170367003235697e-05,-6.444826315998853e-05,-18.497744381427765,72899130.18082176,40.89402188459399,True
96248.81602525711,6.833987128124885e-05,-2.9440454738960398e-05,-6.459932238556121e-05,-18.97029110789299,73512942.56710291,40.760781447160866,True
96548.81602501869,6.792423417125417e-05,-2.719390184324766e-05,-6.471123209905727e-05,-19.447609320282936,74123532.73460214,40.61283238752087,True
96848.81602501869,6.751251826193257e-05,-2.4966886201127636e-05,-6.478405974519319e-05,-19.928746566176414,74730974.03648564,40.45008164490228,True
97148.81602478027,6.710489775737506e-05,-2.2763206629861088e-05,-6.481839818661683e-05,-20.41460458934307,75335337.32370904,40.27245979391318,True
97448.81602478027,6.670101144308947e-05,-2.0585717834364914e-05,-6.4814562207971e-05,-20.9045120626688,75936691.00805402,40.07992057483261,True
97748.81602478027,6.630076872372854e-05,-1.8437560413531173e-05,-6.477313946362528e-05,-21.398570016026497,76535101.1207667,39.872440350219335,True
98048.81602454185,6.590422322724666e-05,-1.6321924363182916e-05,-6.469492009131272e-05,-21.897287160158157,77130631.37056924,39.65001748601243,True
98348.81602454185,6.551098832052035e-05,-1.4241192332065111e-05,-6.458042440016243e-05,-22.39985366165638,77723343.19771998,39.41267166290505,True
98648.81602430344,6.512124506578276e-05,-1.2198371365457206e-05,-6.44307031052449e-05,-22.907129541039467,78313295.8257009,39.16044312702883,True
98948.81602430344,6.473459382468263e-05,-1.01954578326513e-05,-6.4246391765721e-05,-23.418229922652245,78900546.31137083,38.89339187832791,True
99248.81602406502,6.435121434750186e-05,-8.235033078562992e-06,-6.40286811588453e-05,-23.93399466574192,79485149.59242932,38.61159681277995,True
99548.81602406502,6.397079870132787e-05,-6.318806356375717e-06,-6.377839090276893e-05,-24.45377977192402,80067158.53377613,38.31515481528901,True
99848.81602406502,6.359328634123967e-05,-4.44859966819422e-06,-6.34966031896056e-05,-24.977672651410103,80646623.97052374,38.00417982059715,True
100148.8160238266,6.321874819005398e-05,-2.6261652408265945e-06,-6.318457128884347e-05,-25.506150111556053,81223594.7514587,37.67880184205109,True
100448.8160238266,6.284684960803247e-05,-8.525334749265312e-07,-6.284319432836583e-05,-26.038440719246864,81798117.77963068,37.33916597801269,True
100748.81602358818,6.247777780939941e-05,8.708612426744367e-07,-6.247390505365047e-05,-26.575362026691437,82370238.05141325,36.98543140809005,True
101048.81602358818,6.211117345706871e-05,2.5434445092287206e-06,-6.207761546761503e-05,-27.11603920161724,82939998.69497216,36.617770376423,True
101348.81602358818,6.174716961109042e-05,4.164291539154874e-06,-6.165574613703484e-05,-27.66110272705555,83507441.00713389,36.23636718109745,True
101648.81602334976,6.138571825073768e-05,5.732901655619571e-06,-6.120954803634504e-05,-28.210618272423744,84072604.48839565,35.84141716563108,True
101948.81602334976,6.1026505898865654e-05,7.249243424212182e-06,-6.0739987709723664e-05,-28.76380793750286,84635526.87862423,35.43312572345164,True
102248.81602311134,6.0669752097773686e-05,8.712926501175389e-06,-6.0248598089174266e-05,-29.321555078029633,85196244.19006601,35.01170732478555,True
102548.81602311134,6.031512949156827e-05,1.0124290554358595e-05,-5.973631135702817e-05,-29.88301920890808,85754790.74026342,34.57738455999656,True
102848.81602287292,5.996282300137084e-05,1.1483347236662667e-05,-5.9204609335949954e-05,-30.448963582515717,86311199.18368337,34.13038721828572,True
103148.81602287292,5.961258941569571e-05,1.2790669416062883e-05,-5.865447959507719e-05,-31.01878859102726,86865500.54337274,33.67095139042662,True
103448.81602287292,5.926439931898369e-05,1.4046772093934123e-05,-5.808712496246926e-05,-31.592562571167946,87417724.2402232,33.19931861345533,True
103748.8160226345,5.8918337247238356e-05,1.5252215121108748e-05,-5.750385818714676e-05,-32.170711144804955,87967898.12364383,32.71573504877811,True
104048.8160226345,5.857413211599369e-05,1.640797026425389e-05,-5.6905547893393305e-05,-32.75251679122448,88516048.50038029,32.220450699549644,True
104348.81602239609,5.8231967442152287e-05,1.7514753977820874e-05,-5.6293565446452476e-05,-33.33871351182461,89062200.1624804,31.713718675004554,True
104648.81602239609,5.789155775897336e-05,1.857373871416712e-05,-5.566869120343654e-05,-33.92851968109608,89606376.41569488,31.195794489577835,True
104948.81602215767,5.755308438263322e-05,1.9585836554369962e-05,-5.5032229372642405e-05,-34.522652208805084,90148599.10639763,30.66693541398149,True
105248.81602215767,5.72163316248211e-05,2.0552315476152216e-05,-5.438496674514681e-05,-35.12053491175175,90688888.6491652,30.127399861257285,True
105548.81602215767,5.6881281605303536e-05,2.1474362881690467e-05,-5.372788996282907e-05,-35.722227439284325,91227264.05216433,29.577446824331368,True
105848.81602191925,5.6548022267000324e-05,2.235315915299907e-05,-5.3062079466315026e-05,-36.32813011109829,91763742.9442351,29.0173353516815,True
106148.81602191925,5.621631014262998e-05,2.3190124210259455e-05,-5.238816169139682e-05,-36.93755456805229,92298341.60044208,28.447324064749193,True
106448.81602168083,5.588632614035871e-05,2.398646486767575e-05,-5.170725392389386e-05,-37.55120027065277,92831074.96693543,27.867670722689386,True
106748.81602168083,5.555780433115768e-05,2.474365732041406e-05,-5.101986868538688e-05,-38.16828952729702,93361956.68653351,27.278631818447902,True
107048.81602168083,5.52308799433341e-05,2.5462981284363195e-05,-5.0326985945758906e-05,-38.78936094045639,93890999.12330364,26.680462222576693,True
107348.81602144241,5.4905539510410946e-05,2.614580941440181e-05,-4.962935786778644e-05,-39.41446074843407,94418213.38651359,26.073414857943245,True
107648.81602144241,5.458155030791809e-05,2.6793608242314804e-05,-4.8927412283461535e-05,-40.04289695620537,94943609.35586765,25.457740410495262,True
107948.816021204,5.425911671877514e-05,2.740765233966158e-05,-4.822210226862467e-05,-40.675431445240974,95467195.7047684,24.833687079724108,True
108248.816021204,5.393799103279329e-05,2.798939286208224e-05,-4.751375581690809e-05,-41.31131196022034,95988979.92447159,24.201500351943665,True
108548.81602096558,5.3618355245317227e-05,2.854010330111123e-05,-4.68032228759796e-05,-41.95122295618057,96508968.34729068,23.561422814086878,True
108848.81602096558,5.3299966022225706e-05,2.9061189621870653e-05,-4.609075999795209e-05,-42.59441554546356,97027166.17044073,22.91369398580735,True
109148.81602096558,5.298295602995777e-05,2.9553910451340926e-05,-4.537708106511218e-05,-43.24139994382858,97543577.47905761,22.258550188090517,True
109448.81602072716,5.2667318707808174e-05,3.001955099080078e-05,-4.466268316960509e-05,-43.89221668243408,98058205.26877789,21.59622443013024,True
109748.81602072716,5.235284183655528e-05,3.045941747359393e-05,-4.3947756786621994e-05,-44.546201914548874,98571051.46963646,20.926946320016285,True
110048.81602048874,5.2039722303988655e-05,3.0874685535309254e-05,-4.3233002308795676e-05,-45.20407921075821,99082116.96807012,20.250942003315068,True
110348.81602048874,5.1727734534277486e-05,3.126659618146732e-05,-4.251852794467936e-05,-45.865131095051765,99591401.62998936,19.56843411187372,True
110648.81602025032,5.141704678314985e-05,3.163627718549833e-05,-4.1804936074640864e-05,-46.52998203039169,100098904.32282746,18.879641741939018,True
110948.81602025032,5.11074948455185e-05,3.1984883946734044e-05,-4.109235731419858e-05,-47.198116555809975,100604622.9386953,18.184780438716746,True
111248.81602025032,5.079907886666716e-05,3.2313505755610095e-05,-4.0381113901588606e-05,-47.86957788467407,101108554.41554129,17.484062206476164,True
111548.8160200119,5.049188745676476e-05,3.262319046370976e-05,-3.967162043494454e-05,-48.544709891080856,101610694.7602924,16.777695526919675,True
111848.8160200119,5.0185731440610874e-05,3.2914977936115974e-05,-3.896389473112549e-05,-49.22289736568928,102111039.07086821,16.06588539033579,True
112148.81601977348,4.9880776846245105e-05,3.318984121847279e-05,-3.825840633453481e-05,-49.904748141765594,102609581.55755968,15.348833345863836,True
112448.81601977348,4.9576814008920213e-05,3.344874176036683e-05,-3.755509904657117e-05,-50.58956855535507,103106315.56557974,14.626737552545984,True
112748.81601977348,4.927396931253541e-05,3.369258820384857e-05,-3.685434517208819e-05,-51.277826339006424,103601233.59655389,13.899792850922207,True
113048.81601953506,4.897224375931392e-05,3.3922263099839256e-05,-3.615632870079821e-05,-51.969556257128716,104094327.32983875,13.168190836598418,True
113348.81601953506,4.867145282574605e-05,3.4138607986733405e-05,-3.546096602313753e-05,-52.664141446352005,104585587.64510526,12.43211994267806,True
113648.81601929665,4.837178028102449e-05,3.4342437857048935e-05,-3.4768647861227464e-05,-53.362247943878174,105075004.64308318,11.69176553650558,True
113948.81601929665,4.8073028045455164e-05,3.453451938639773e-05,-3.4079237293482834e-05,-54.06320409476757,105562567.66753124,10.947310012881687,True
114248.81601905823,4.777536104295308e-05,3.4715607199586884e-05,-3.3393065622888685e-05,-54.76760822534561,106048265.32611886,10.198932905025552,True
114548.81601905823,4.747858376460903e-05,3.488639475790478e-05,-3.2709968175836934e-05,-55.4747913479805,106532085.5122939,9.446810989956667,False
114848.81601905823,4.718281840140443e-05,3.5047573135216226e-05,-3.203018888164877e-05,-56.18519915640354,107014015.4261826,8.691118409966787,False
115148.81601881981,4.688806888309461e-05,3.519979429711384e-05,-3.135380005137023e-05,-56.89886276423931,107494041.59536819,7.932026791586001,False
115448.81601881981,4.659416383471769e-05,3.5343650552022154e-05,-3.068062925670745e-05,-57.61518965661526,107972149.8968809,7.169705369539617,False
115748.81601858139,4.630127922759461e-05,3.547976015738641e-05,-3.0010951460823776e-05,-58.334816634655,108448325.57736334,6.4043211217351095,False
116048.81601858139,4.600923125225103e-05,3.5608650449603374e-05,-2.9344555158239416e-05,-59.05710390210152,108922553.27449977,5.636038897490328,False
116348.81601834297,4.571817175874209e-05,3.573088574171379e-05,-2.868166009051265e-05,-59.782600313425064,109394817.03726526,4.86502156104195,False
116648.81601834297,4.5427968847033386e-05,3.5846944882678144e-05,-2.8022102990021835e-05,-60.51084443926811,109865100.34746741,4.091430127107822,False
116948.81601834297,4.513863027241305e-05,3.59573090804588e-05,-2.7365894802677815e-05,-61.24187098443508,110333386.13925923,3.3154239103843266,False
117248.81601810455,4.485023914627717e-05,3.6062456899799145e-05,-2.671313507462969e-05,-61.975982174277306,110799656.82059287,2.537160671581603,False
117548.81601810455,4.456264051407236e-05,3.616277723494932e-05,-2.6063605808257506e-05,-62.71262949705124,111263894.29366353,1.7567967663331951,False
117848.81601786613,4.427598232342737e-05,3.6258721763715585e-05,-2.541747362971858e-05,-63.45234653353691,111726079.97461772,0.9744873046113893,False
118148.81601786613,4.399009716527453e-05,3.635062364537589e-05,-2.4774490868906263e-05,-64.19453705847263,112186194.8145627,0.19038630254890637,False
118448.81601786613,4.370505117724289e-05,3.643886546456088e-05,-2.4134704171174803e-05,-64.9394413381815,112644219.31913066,-0.5953531516870284,False
118748.81601762772,4.342095641407299e-05,3.6523830402757085e-05,-2.3498210386829754e-05,-65.68746496737003,113100133.56898999,-1.3825787358823034,False
119048.81601762772,4.31375862129282e-05,3.660575654862441e-05,-2.2864670055966485e-05,-66.4377939850092,113553917.23951189,-2.171138728640486,False
119348.8160173893,4.2855099647500757e-05,3.668500337994374e-05,-2.2234227858852762e-05,-67.1909998357296,114005549.62071083,-2.960881833070004,False
119648.8160173893,4.257335105029025e-05,3.6761792046036135e-05,-2.1606638621385343e-05,-67.94655700027943,114455009.6374077,-3.751657008014091,False
119948.81601715088,4.2292483388047324e-05,3.68364422911327e-05,-2.0982014476089716e-05,-68.70497979223728,114902275.86814764,-4.543313283813836,False
120248.81601715088,4.201233338089828e-05,3.69091237075736e-05,-2.0360080855930107e-05,-69.46567586064339,115347326.56545068,-5.335699585610771,False
120548.81601715088,4.1733011223785615e-05,3.698010658581552e-05,-1.9740899426246017e-05,-70.22904139757156,115790139.67484072,-6.128664541546094,False
120848.81601691246,4.145452497843941e-05,3.704960002437474e-05,-1.9124399922354485e-05,-70.99510397017002,116230692.85387202,-6.92205629400223,False
121148.81601691246,4.117673051331082e-05,3.711771725534163e-05,-1.8510323724463262e-05,-71.76333679258823,116668963.49217544,-7.715722305759454,False
121448.81601667404,4.089978451515811e-05,3.7184703160164645e-05,-1.7898775695357472e-05,-72.53430709242821,117104928.72972883,-8.509509154288887,False
121748.81601667404,4.062353154643102e-05,3.725062416037872e-05,-1.7289479410820263e-05,-73.30744563043118,117538565.47635636,-9.303262331574564,False
122048.81601643562,4.0348107180523036e-05,3.731568281750697e-05,-1.668250628128476e-05,-74.0832412391901,117969850.42996769,-10.096826026847706,False
122348.81601643562,4.007340031121204e-05,3.737992875585405e-05,-1.6077630039745827e-05,-74.8612839281559,118398760.0960447,-10.890042914956346,False
122648.81601643562,3.9799420992372436e-05,3.744345855238862e-05,-1.5474767877776685e-05,-75.64160551130772,118825270.80513313,-11.682753928035781,False
122948.8160161972,3.952624502693049e-05,3.750639206145934e-05,-1.4873910814117153e-05,-76.4244762212038,119249358.73209573,-12.474798027517451,False
123248.8160161972,3.925374036118706e-05,3.756870250981592e-05,-1.4274806757086367e-05,-77.20940862596035,119670999.91440132,-13.266011969557665,False
123548.81601595879,3.898203921221136e-05,3.763050887073405e-05,-1.3677508285070417e-05,-77.99687975645065,120090170.26963562,-14.056230056148278,False
123848.81601595879,3.871099834979462e-05,3.769173326872988e-05,-1.3081750932286695e-05,-78.7863600552082,120506845.6142117,-14.84528388932211,False
124148.81601595879,3.844067835661427e-05,3.775240924142054e-05,-1.2487503337155204e-05,-79.57806545495987,120921001.68064147,-15.633002106905241,False
124448.81601572037,3.817118027049702e-05,3.781258345725291e-05,-1.1894775770571187e-05,-80.37235987186432,121332614.13565604,-16.41921011710206,False
124748.81601572037,3.790230804474586e-05,3.787206958349998e-05,-1.1303248946603617e-05,-81.16852079331875,121741658.59750322,-17.20372982471419,False
125048.81601548195,3.763420364928115e-05,3.7930900049332195e-05,-1.0712978774307658e-05,-81.96706072986126,122148110.65339327,-17.98637934119603,False
125348.81601548195,3.736674181520194e-05,3.7988887470419286e-05,-1.0123729015987237e-05,-82.76751412451267,122551945.8771405,-18.766972696292996,False
125648.81601524353,3.7100050474427386e-05,3.804601249157713e-05,-9.535538591620707e-06,-83.57034315168858,122953139.84558351,-19.54531952906154,False
125948.81601524353,3.683398828317804e-05,3.8102020312180684e-05,-8.948160061805766e-06,-84.37502279877663,123351668.15617794,-20.321224780292006,False
126248.81601524353,3.6568654494170204e-05,3.8156820352241994e-05,-8.361603526907402e-06,-85.18190981447697,123747506.44340797,-21.094488364666823,False
126548.81601500511,3.6304058441964135e-05,3.8210225170587364e-05,-7.775784787611428e-06,-85.99103228747845,124140630.39515927,-21.864904840003607,False
126848.81601500511,3.60400750291107e-05,3.826190027211851e-05,-7.190486886798908e-06,-86.80192384123802,124531015.76993339,-22.63226306605061,False
127148.8160147667,3.57768447197368e-05,3.8311710255811704e-05,-6.605766611045283e-06,-87.61509409546852,124918638.4124226,-23.396345846625298,False
127448.8160147667,3.551423128158995e-05,3.835924317741046e-05,-6.021406676381957e-06,-88.43003675341606,125303474.27011749,-24.15692957184078,False
127748.81601452827,3.525236151458659e-05,3.8404290990001755e-05,-5.437455513401801e-06,-89.2472111582756,125685499.4087708,-24.913783839673798,False
128048.81601452827,3.499109980971801e-05,3.84463661191603e-05,-4.853711203622879e-06,-90.0661139190197,126064690.02869047,-25.666671078758924,False
128348.81601452827,3.473054189966128e-05,3.848516138305058e-05,-4.2702017779561174e-06,-90.8870892226696,126441022.4800191,-26.415346152072154,False
128648.81601428986,3.447069737368144e-05,3.852025113815216e-05,-3.6868776867038378e-06,-91.71016637980938,126814473.27791668,-27.159555959008912,False
128948.81601428986,3.4211446830928826e-05,3.855103440741914e-05,-3.1035808696344702e-06,-92.53490045666695,127185019.11852805,-27.899039029521038,False
129248.81601405144,3.395292566047694e-05,3.857712709987027e-05,-2.520394890126454e-06,-93.3617821931839,127552636.89338751,-28.63352510543008,False
129548.81601405144,3.3695004583190315e-05,3.859782324866501e-05,-1.937175603927699e-06,-94.19033107161522,127917303.70475335,-29.362734726147245,False
129848.81601381302,3.3437801242111896e-05,3.861263192561637e-05,-1.3540080807672439e-06,-95.02097241580486,128278996.87985055,-30.086378800453073,False
130148.81601381302,3.3181223657172026e-05,3.862078420979742e-05,-7.708080111967774e-07,-95.85336290299892,128637693.98603256,-30.804158186721228,False
130448.81601381302,3.2925282596884e-05,3.8621569444785564e-05,-1.875949884322381e-07,-96.6875374764204,128993372.8442426,-31.515763264382723,False
130748.8160135746,3.267004504959703e-05,3.861429055973531e-05,3.9555256137191463e-07,-97.52373516559601,129346011.54385692,-32.22087351478929,False
131048.8160135746,3.241540075342228e-05,3.859798485450483e-05,9.786810153400438e-07,-98.3615478426218,129695588.45661853,-32.91915710859725,False
131348.81601333618,3.216146478421704e-05,3.8571900432771145e-05,1.5616404027696262e-06,-99.20139181613922,130042082.24991837,-33.61027049722908,False
131648.81601333618,3.190811700296395e-05,3.8534938397560836e-05,2.1444413818016983e-06,-100.04282237589359,130385471.90090434,-34.29385802774976,False
131948.81601333618,3.165541158057954e-05,3.848615227752816e-05,2.7269391864592762e-06,-100.88603258132935,130725736.70942579,-34.96955156800884,False
132248.81601309776,3.140343760418908e-05,3.8424585568463954e-05,3.3089456152879393e-06,-101.73134176433086,131062856.31154336,-35.63697016248419,False
132548.81601309776,3.115202917417835e-05,3.8348883663275046e-05,3.8904232155800855e-06,-102.578140899539,131396810.69225477,-36.29571971904273,False
132848.81601285934,3.0901310399219316e-05,3.825801181278621e-05,4.471106052506002e-06,-103.42687679827213,131727580.19840012,-36.945392727771456,False
133148.81601285934,3.0651175701746265e-05,3.8150563568706275e-05,5.050850575116783e-06,-104.27716095745564,132055145.551485,-37.585568034062895,False
133448.81601262093,3.0401737357913736e-05,3.8025373441996635e-05,5.629341792712239e-06,-105.12939713895321,132379487.85959673,-38.21581065693327,False
133748.81601262093,3.0152875808308382e-05,3.788089102840786e-05,6.206371921280152e-06,-105.98314683139324,132700588.63004096,-38.835671679679635,False
134048.81601262093,2.9904678746889155e-05,3.7715807621907516e-05,6.781572061242969e-06,-106.83872453868389,133018429.78111333,-39.44468820616537,False
134348.8160123825,2.9657156667784642e-05,3.7528657173879765e-05,7.35458247902443e-06,-107.6961644589901,133332993.65363348,-40.042383407381664,False
134648.8160123825,2.941020356284536e-05,3.731775092319367e-05,7.925059499314102e-06,-108.55507887899876,133644263.0231189,-40.62826666421206,False
134948.8160121441,2.916394348806251e-05,3.708171456651144e-05,8.492498750456434e-06,-109.4159132540226,133952221.11066708,-41.20183381427081,False
135248.8160121441,2.891826154711465e-05,3.681877782923948e-05,9.056466339529834e-06,-110.2782486975193,134256851.5943998,-41.76256752809409,False
135548.81601190567,2.8673265986724746e-05,3.652750530136473e-05,9.616378441990037e-06,-111.1424722969532,134558138.62012932,-42.3099378128023,False
135848.81601190567,2.8428875586772472e-05,3.62061565510885e-05,1.0171685033810718e-05,-112.0082873404026,134856066.81254882,-42.84340267221858,False
136148.81601190567,2.818510210741695e-05,3.5853150649245435e-05,1.0721744352792939e-05,-112.87573370337486,135150621.28510222,-43.36240892236587,False
136448.81601166725,2.794200838294297e-05,3.546702362200449e-05,1.1265849344965773e-05,-113.74503287672997,135441787.65087906,-43.86639318694885,False
136748.81601166725,2.7699496423882673e-05,3.504608744719917e-05,1.1803293965328976e-05,-114.61583098769188,135729552.03264537,-44.35478308038447,False
137048.81601142883,2.7457672971749153e-05,3.458907210074358e-05,1.2333258631258559e-05,-115.48850673437119,136013901.07242954,-44.82699858554466,False
137348.81601142883,2.7216431065207108e-05,3.4094430191089486e-05,1.2854932791128704e-05,-116.36267504096031,136294821.94152963,-45.282453645824205,False
137648.81601142883,2.6975822080949015e-05,3.356100566520581e-05,1.3367415228060509e-05,-117.23851710557938,136572302.34971222,-45.7205579665864,False
137948.8160111904,2.6735929433478193e-05,3.2987847902177236e-05,1.3869761282592208e-05,-118.11632615327835,136846330.55468678,-46.14071904028319,False
138248.8160111904,2.6496604459845338e-05,3.237375784692631e-05,1.4361020539865876e-05,-118.9955717921257,137116895.37083003,-46.542344391879666,False
138548.816010952,2.625796270111095e-05,3.171821259684293e-05,1.4840164865859151e-05,-119.87666055560112,137383986.17822683,-46.924844038325695,False
138848.816010952,2.6019910374491517e-05,3.102053412362693e-05,1.530615749345543e-05,-120.75925841927528,137647592.93128824,-47.28763316261902,False
139148.81601071358,2.5782552625498868e-05,3.0280666692306113e-05,1.5757922241732558e-05,-121.64373379945755,137907706.16684893,-47.630134979424525,False
139448.81601071358,2.5545782928490377e-05,2.9498442245312617e-05,1.6194371895039694e-05,-122.52970841526985,138164317.01252156,-47.95178378355939,False
139748.81601071358,2.5309684205450164e-05,2.8674353103497197e-05,1.6614407620352267e-05,-123.41747173666954,138417417.1945587,-48.25202814779297,False
140048.81601047516,2.50742688665123e-05,2.780908798172277e-05,1.7016934521052463e-05,-124.30706423521042,138666999.04524395,-48.530334246559306,False
140348.81601047516,2.4839443004488616e-05,2.690347841394214e-05,1.7400853558058316e-05,-125.19815373420715,138913055.51079643,-48.78618926586896,False
140648.81601023674,2.460532306720865e-05,2.5959113884255203e-05,1.7765111955725388e-05,-126.0911453962326,139155580.1583161,-49.019104855496344,False
140948.81601023674,2.437180621771919e-05,2.4977532888215137e-05,1.8108657407367446e-05,-126.98567765951157,139394567.1828298,-49.228620581156335,False
141248.81600999832,2.413899869187155e-05,2.3961038522202216e-05,1.8430521961931845e-05,-127.88211765885353,139630011.4139979,-49.41430731902158,False
141548.81600999832,2.390679810196175e-05,2.2911898838628986e-05,1.872974706174091e-05,-128.78010725975037,139861908.32269946,-49.57577054338002,False
141848.81600999832,2.3675286292096468e-05,2.1833079898669894e-05,1.9005490138113146e-05,-129.67992720007896,140090254.02736458,-49.71265344590341,False
142148.8160097599,2.3444476782477446e-05,2.0727745038584544e-05,1.925697510785085e-05,-130.58162114024162,140315045.2997207,-49.82463983330885,False
142448.8160097599,2.3214279941381892e-05,1.959916585292376e-05,1.9483475597326105e-05,-131.48487669229507,140536279.57100797,-49.91145674621149,False
142748.81600952148,2.2984810183513108e-05,1.8451259705898337e-05,1.9684445440759646e-05,-132.39008483290672,140753954.93736678,-49.97287674673589,False
143048.81600952148,2.2755970038706554e-05,1.7287775989416332e-05,1.985936017945278e-05,-133.29690742492676,140968070.16514355,-50.008719829262006,False
143348.81600952148,2.252781086619188e-05,1.6112917023747286e-05,2.000787605993537e-05,-134.20551791787148,141178624.69600242,-50.01885491256947,False
143648.81600928307,2.23004132599413e-05,1.4931058757383653e-05,2.012979533105863e-05,-135.11618629097939,141385618.6518881,-50.003200882464654,False
143948.81600928307,2.207364451543968e-05,1.3746272401249371e-05,2.0224927865797326e-05,-136.02845788002014,141589052.8392869,-49.96172716153463,False
144248.81600904465,2.1847614907812e-05,1.2563075046045924e-05,2.0293346750577257e-05,-136.94270265102386,141788928.75398618,-49.89445379511961,False
144548.81600904465,2.1622242186051582e-05,1.1385611912828608e-05,2.033513680288479e-05,-137.85863921046257,141985248.58499902,-49.80145105076695,False
144848.81600880623,2.1397627415350975e-05,1.0218245051873964e-05,2.035062548344513e-05,-138.7766037285328,142178015.21841985,-49.68283854299286,False
145148.81600880623,2.1173676800529105e-05,9.06486914686866e-06,2.0340128692453163e-05,-139.69627705216408,142367232.24100652,-49.538783900920876,False
145448.81600880623,2.0950471136112773e-05,7.929472019441164e-06,2.0304199011889068e-05,-140.61792528629303,142552903.94369575,-49.369501011935434,False
145748.8160085678,2.0728026425132206e-05,6.815697901174644e-06,2.02434532496909e-05,-141.54159691929817,142735035.32437235,-49.17524787686477,False
146048.8160085678,2.0506260693482978e-05,5.726775839320908e-06,2.0158525245506098e-05,-142.46701365709305,142913632.0910262,-48.95632412315847,False
146348.8160083294,2.0285286081501977e-05,4.665924706159785e-06,2.005029475782294e-05,-143.39454272389412,143088700.66430485,-48.713068229098646,False
146648.8160083294,2.006501265366793e-05,3.635746224972536e-06,1.9919550176439316e-05,-144.3238809108734,143260248.1796615,-48.44585450842877,False
146948.81600809097,1.9845543415933468e-05,2.6387763796265062e-06,1.976731353181549e-05,-145.25536209344864,143428282.48961592,-48.15508991829863,False
147248.81600809097,1.9626789159897862e-05,1.6769430430940702e-06,1.959448913879669e-05,-146.18868654966354,143592812.16537985,-47.84121073927774,False
147548.81600809097,1.9408830512621553e-05,7.520525286963675e-07,1.9402180377880995e-05,-147.12411236763,143753846.49864653,-47.504679190032604,False
147848.81600785255,1.919168544259744e-05,-1.3452003599923046e-07,1.9191467352186464e-05,-148.06169059872627,143911395.5025139,-47.14598002183763,False
148148.81600785255,1.8975276758653454e-05,-9.818417652240896e-07,1.8963354378342956e-05,-149.00116261839867,144065469.91275206,-46.76561714326781,False
148448.81600761414,1.8759715617756125e-05,-1.7890799028918991e-06,1.8719046522619465e-05,-149.94288206100464,144216081.18859324,-46.364110321389866,False
148748.81600761414,1.854491791086392e-05,-2.555922890223883e-06,1.845955017643064e-05,-150.88656824827194,144363241.5129313,-45.94199198835725,False
149048.81600761414,1.8330936956274237e-05,-3.282186440856094e-06,1.8186006784048914e-05,-151.8323857486248,144506963.7927497,-45.49980419536012,False
149348.81600737572,1.811785300236139e-05,-3.967926204495598e-06,1.789957664755093e-05,-152.78058198094368,144647261.65904936,-45.038095730583066,False
149648.81600737572,1.7905549953631038e-05,-4.6136153741827e-06,1.760118120586185e-05,-153.7307759821415,144784149.4661017,-44.55741942393603,False
149948.8160071373,1.7694135761618456e-05,-5.219722822857875e-06,1.7291962798537952e-05,-154.68330186605453,144917642.29138184,-44.058329657577644,False
150248.8160071373,1.748354132677083e-05,-5.787054789152535e-06,1.6972831232919816e-05,-155.63792976737022,145047755.9342431,-43.54138008009336,False
150548.81600689888,1.7273865701341452e-05,-6.316433712072467e-06,1.6644853900515955e-05,-156.59496226906776,145174506.9149664,-43.00712154224571,False
150848.81600689888,1.7065033066211065e-05,-6.80894990523484e-06,1.630885387271519e-05,-157.5541482269764,145297912.47301835,-42.45610024016738,False
151148.81600689888,1.6857097679382515e-05,-7.2657011003229854e-06,1.596576512952197e-05,-158.51564693450928,145417990.56553543,-41.8888560769139,False
151448.81600666046,1.6650140334059272e-05,-7.687862478178431e-06,1.561651336601244e-05,-159.47969707846642,145534759.8652512,-41.305921224558574,False
151748.81600666046,1.64440520277669e-05,-8.076793164946139e-06,1.526174659005619e-05,-160.4459448158741,145648239.75774515,-40.7078188825406,False
152048.81600642204,1.6238940416629612e-05,-8.43376653847372e-06,1.4902334086741575e-05,-161.41471087932587,145758450.33943054,-40.09506222781608,False
152348.81600642204,1.6034742068649485e-05,-8.76018432904857e-06,1.4538887242565579e-05,-162.38578352332115,145865412.41413912,-39.46815353165754,False
152648.81600618362,1.5831556669921877e-05,-9.057380850663321e-06,1.4172178737226204e-05,-163.3594551384449,145969147.49023265,-38.827583447276666,False
152948.81600618362,1.5629311269099372e-05,-9.326776080342825e-06,1.380271754669593e-05,-164.33548372983932,146069677.77672336,-38.173830438010064,False
153248.81600618362,1.5428087939364878e-05,-9.5697127449057e-06,1.3431169101352225e-05,-165.31410399079323,146167026.17988232,-37.507360350058875,False
153548.8160059452,1.5227911518493877e-05,-9.787544854589214e-06,1.3058085109207695e-05,-166.29537317156792,146261216.29872432,-36.82862610272406,False
153848.8160059452,1.5028720586138087e-05,-9.981626817534561e-06,1.2683863182871846e-05,-167.27908357977867,146352272.4207127,-36.13806748923841,False
154148.8160057068,1.4830625507019424e-05,-1.0153226753573108e-05,1.2309090230644415e-05,-168.2655510008335,146440219.51730466,-35.4361110818326,False
154448.8160057068,1.4633558682047756e-05,-1.0303626652330422e-05,1.1934080454523155e-05,-169.2545481324196,146525083.23843437,-34.72317021465129,False
154748.8160057068,1.4437581502707939e-05,-1.0434031423756096e-05,1.1559286022588822e-05,-170.24623847007751,146606889.90761465,-33.99964505181836,False
155048.81600546837,1.4242751254429276e-05,-1.0545607324274897e-05,1.1185122851031792e-05,-171.2407703101635,146685666.51610652,-33.26592271532554,False
155348.81600546837,1.4049028054707768e-05,-1.0639489232744381e-05,1.0811843722535741e-05,-172.23799753189087,146761440.71686256,-32.522377469453325,False
155648.81600522995,1.3856481457564449e-05,-1.0716745777017422e-05,1.0439822698771195e-05,-173.23810240626335,146834240.81845132,-31.76937095963487,False
155948.81600522995,1.3665057786634922e-05,-1.0778408238820703e-05,1.0069236502374679e-05,-174.24089586734772,146904095.77826074,-31.007252482325956,False
156248.81600499153,1.3474867436367934e-05,-1.0825444121564942e-05,9.700465266604397e-06,-175.24667820334435,146971035.19600368,-30.236359298601315,False
156548.81600499153,1.3285851788747506e-05,-1.0858779972977572e-05,9.333629549246325e-06,-176.25524315238,147035089.30595776,-29.457016964541058,False
156848.81600499153,1.3098071911903379e-05,-1.0879287088982892e-05,8.968995995672913e-06,-177.26673984527588,147096288.96992528,-28.66953969336715,False
157148.8160047531,1.29116117168949e-05,-1.0887793109759514e-05,8.606845554481879e-06,-178.28138184547424,147154665.6692699,-27.874230727860244,False
157448.8160047531,1.2726387460965113e-05,-1.0885068803645481e-05,8.24720040526472e-06,-179.2988843023777,147210251.49632213,-27.071382725148073,False
157748.8160045147,1.2542507614011107e-05,-1.0871848928672989e-05,7.890341226612918e-06,-180.31952932476997,147263079.14664495,-26.261278157566736,False
158048.8160045147,1.2359930158312195e-05,-1.0848809381514002e-05,7.53631565686419e-06,-181.3431524336338,147313181.90957364,-25.444189708682245,False
158348.81600427628,1.2178756990216273e-05,-1.0816600081398065e-05,7.185366104778268e-06,-182.37001061439514,147360593.65962523,-24.620380683450954,False
158648.81600427628,1.1998939128486726e-05,-1.0775805748153289e-05,6.837500702516763e-06,-183.3999145925045,147405348.8465059,-23.790105407819283,False
158948.81600427628,1.1820563733547877e-05,-1.0726993536991358e-05,6.492915439082481e-06,-184.4330725967884,147447482.48591954,-22.953609637622716,False
159248.81600403786,1.1643668051479375e-05,-1.0670684844171774e-05,6.151722320879571e-06,-185.46954399347305,147487030.1490544,-22.11113095734644,False
159548.81600403786,1.146821604861244e-05,-1.0607343597257568e-05,5.81391196519121e-06,-186.50916895270348,147524027.95218545,-21.262899174776276,False
159848.81600379944,1.1294319807410857e-05,-1.0537437020730067e-05,5.4796888662167476e-06,-187.55222108960152,147558512.5463767,-20.409136717441672,False
160148.81600379944,1.112193998218148e-05,-1.0461355458346588e-05,5.14901883263974e-06,-188.59852442145348,147590521.10577473,-19.550059012047505,False
160448.81600379944,1.0951147894879256e-05,-1.0379489509659834e-05,4.822028184747751e-06,-189.6482259631157,147620091.31680214,-18.68587486813845,False
160748.81600356102,1.0782011347675068e-05,-1.029220157988675e-05,4.49883206599111e-06,-190.70145925879478,147647261.3662076,-17.8167868472512,False
161048.81600356102,1.0614517574177256e-05,-1.019979396232884e-05,4.17941282648826e-06,-191.7581154704094,147672069.92886546,-16.94299162457836,False
161348.8160033226,1.0448745905283812e-05,-1.0102577022053083e-05,3.863891112843021e-06,-192.8183557987213,147694556.1557926,-16.064680350354482,False
161648.8160033226,1.0284674942460738e-05,-1.0000790439335105e-05,3.5522210009020228e-06,-193.88203591108322,147714759.6610611,-15.182038992640232,False
161948.81600308418,1.0122418835765082e-05,-9.894710956359631e-06,3.244568953064686e-06,-194.94941264390945,147732720.50937122,-14.295248684383992,False
162248.81600308418,9.961954886119169e-06,-9.784525104805653e-06,2.9408747739267938e-06,-196.0203284919262,147748479.20205566,-13.404486051099598,False
162548.81600308418,9.803358723390191e-06,-9.670445024312357e-06,2.641233310285429e-06,-197.09491562843323,147762076.66405317,-12.509923542779807,False
162848.81600284576,9.646723793736106e-06,-9.55267557856132e-06,2.345768031375428e-06,-198.1733570098877,147773554.22977778,-11.611729751472874,False
163148.81600284576,9.49201282429208e-06,-9.43132215525111e-06,2.054376455618012e-06,-199.25543263554573,147782953.6284283,-10.710069722251497,False
163448.81600260735,9.339340581520697e-06,-9.306562219535408e-06,1.7672107741617538e-06,-200.34138017892838,147790316.97022092,-9.805105266077383,False
163748.81600260735,9.188706673673877e-06,-9.178479558613617e-06,1.4842203430731615e-06,-201.4310772716999,147795686.73075354,-8.896995255467194,False
164048.81600236893,9.040221157869729e-06,-9.047215854707247e-06,1.2055457112580825e-06,-202.52473890781403,147799105.7364705,-7.985895927481868,False
164348.81600236893,8.893884789937649e-06,-8.912815133044205e-06,9.31127982717328e-07,-203.62222960591316,147800617.1485195,-7.071961169938291,False
164648.81600236893,8.749782579273515e-06,-8.775366438840138e-06,6.610565517206624e-07,-204.7236730158329,147800264.44754642,-6.1553428153069785,False
164948.8160021305,8.608014582633262e-06,-8.634960408926418e-06,3.954509395498462e-07,-205.82923915982246,147798091.41740817,-5.236190923636954,False
165248.8160021305,8.468571551448348e-06,-8.491573680657893e-06,1.3421615552289268e-07,-206.938730686903,147794142.1283624,-4.314654062667685,False
165548.8160018921,8.331572874607854e-06,-8.345282765276352e-06,-1.224964103485604e-07,-208.05236685276031,147788460.92119193,-3.390879593976289,False
165848.8160018921,8.19704319635056e-06,-8.196057422082959e-06,-3.7472773639635193e-07,-209.1700395643711,147781092.3894736,-2.465013945942002,False
166148.8160018921,8.065076426508636e-06,-8.043920843192609e-06,-6.223816615413824e-07,-210.29186764359474,147772081.36291614,-1.5372028978730279,False
166448.81600165367,7.93576535544251e-06,-7.888885761531128e-06,-8.653622307619457e-07,-211.41796419024467,147761472.88959777,-0.607591856468777,False
166748.81600165367,7.809153525768303e-06,-7.730890160928539e-06,-1.1036862141988735e-06,-212.5482514500618,147749312.21795467,0.3236738668326905,False
167048.81600141525,7.685343585950823e-06,-7.569930460249452e-06,-1.337240254306593e-06,-213.68286237120628,147735644.7791821,1.2564487690834147,False
167348.81600141525,7.564380598127936e-06,-7.405907496149666e-06,-1.5660531751393592e-06,-214.8216925561428,147720516.1683853,2.190586878186297,False
167648.81600117683,7.446389216461616e-06,-7.238824252908671e-06,-1.7899595445847183e-06,-215.9649474620819,147703972.12663284,3.1259414594809556,False
167948.81600117683,7.331419681554784e-06,-7.068552207556422e-06,-2.00898904090252e-06,-217.1125127673149,147686058.5214013,4.06236473074124,False
168248.81600117683,7.219577825580636e-06,-6.895037017784489e-06,-2.223028890746548e-06,-218.26449662446976,147666821.3281341,4.999707560224974,False
168548.81600093842,7.110975916621702e-06,-6.718234885738639e-06,-2.4319368128189467e-06,-219.42104482650757,147646306.6107131,5.937819166586424,False
168848.81600093842,7.005667574033806e-06,-6.537958029184665e-06,-2.6357631242035495e-06,-220.58199608325958,147624560.5015225,6.876546811927184,False
169148.8160007,6.903776842531611e-06,-6.354160177579615e-06,-2.8343306004430247e-06,-221.74753606319427,147601629.18246102,7.815735478750883,False
169448.8160007,6.805380686807912e-06,-6.166660568851512e-06,-3.02763373483117e-06,-222.91757833957672,147577558.86421275,8.75522754988152,False
169748.81600046158,6.710598558234667e-06,-5.975389228751737e-06,-3.2154965978747896e-06,-224.09228935837746,147552395.76674092,9.694862465564931,False
170048.81600046158,6.619513511378044e-06,-5.78013614926931e-06,-3.3979105573678225e-06,-225.27157324552536,147526186.09824756,10.634476381915407,True
170348.81600046158,6.5322367196718985e-06,-5.580777383329405e-06,-3.574734266820201e-06,-226.45552679896355,147498976.03520593,11.573901805058693,True
170648.81600022316,6.448877583440122e-06,-5.377203649459261e-06,-3.7457966701737178e-06,-227.64428016543388,147470811.7014078,12.512967219440926,True
170948.81600022316,6.369525246896287e-06,-5.1691409908016794e-06,-3.911104014875377e-06,-228.837691873312,147441739.14668214,13.451496701240893,True
171248.81599998474,6.294290657392811e-06,-4.956481291173986e-06,-4.070448252235792e-06,-230.03592696785927,147411804.32656863,14.38930950738063,True
171548.81599998474,6.2232730314705525e-06,-4.738962758210619e-06,-4.22377862641099e-06,-231.2389106452465,147381053.08037636,15.326219658746195,True
171848.81599998474,6.156575580044072e-06,-4.51641506060696e-06,-4.370923406327165e-06,-232.44673311710358,147349531.11040682,16.262035492377702,True
172148.81599974632,6.094293612587528e-06,-4.2886600510883e-06,-4.511706364951351e-06,-233.6594790816307,147317283.96024248,17.196559200809894,True
172448.81599974632,6.036526525565592e-06,-4.0554156441885425e-06,-4.646039052147444e-06,-234.87709546089172,147284356.9929495,18.129586349110674,True
172748.8159995079,5.983361118827329e-06,-3.816495393493824e-06,-4.773719442852098e-06,-236.09967985749245,147250795.36985943,19.060905360339927,True
173048.8159995079,5.934899040536594e-06,-3.57157816210929e-06,-4.8946558450779776e-06,-237.32716172933578,147216644.028264,19.990296987046452,True
173348.8159992695,5.891207025100953e-06,-3.320502287351701e-06,-5.0085917386866186e-06,-238.5596879720688,147181947.66016042,20.91753374321999,True
173648.8159992695,5.852383375958935e-06,-3.062918096929934e-06,-5.115422656132296e-06,-239.79718008637428,147146750.68967354,21.842379319766607,True
173948.8159992695,5.818491436219554e-06,-2.7985980750599992e-06,-5.214918569862448e-06,-241.0397199690342,147111097.25166482,22.764587957709427,True
174248.81599903107,5.789581996843337e-06,-2.527306719457556e-06,-5.306844766295171e-06,-242.2873793244362,147075031.16947502,23.683903796859685,True
174548.81599903107,5.765733721996743e-06,-2.2486939883492596e-06,-5.391041234759086e-06,-243.54011324048042,147038595.9327007,24.600060190429176,True
174848.81599879265,5.74697631090626e-06,-1.962525459475728e-06,-5.46724204042448e-06,-244.79800498485565,147001834.6756023,25.512778976506386,True
175148.81599879265,5.733387047476057e-06,-1.668417922928711e-06,-5.5352754060322695e-06,-246.06099474430084,146964790.15456834,26.42176972375179,True
175448.81599855423,5.7249549766045016e-06,-1.366179361639297e-06,-5.594818833998261e-06,-247.32920652627945,146927504.7266631,27.326728926563316,True
175748.81599855423,5.721748764262577e-06,-1.0554105074334075e-06,-5.6456794972348234e-06,-248.60257518291473,146890020.32704034,28.22733917271931,True
176048.81599855423,5.723764094573682e-06,-7.358585492056591e-07,-5.687552050659406e-06,-249.8811659514904,146852378.44754264,29.123268259144112,True
176348.8159983158,5.730964497775505e-06,-4.073096420142974e-07,-5.720101725614768e-06,-251.16506218910217,146814620.11463892,30.014168274112556,True
176648.8159983158,5.743421989540426e-06,-6.93293600306788e-08,-5.743113895562146e-06,-252.45417428016663,146776785.86736333,30.89967463821758,True
176948.8159980774,5.761065224711442e-06,2.7824799531117606e-07,-5.756207460905216e-06,-253.74860709905624,146738915.73621055,31.77940509701951,True
177248.8159980774,5.783928866031517e-06,6.357859092531726e-07,-5.759104467983889e-06,-255.0483141541481,146701049.22098127,32.65295868507694,True
177548.8159980774,5.811957131119927e-06,1.0034799799996108e-06,-5.751430620648534e-06,-256.3533516526222,146663225.26980814,33.51991464113166,True
177848.81599783897,5.845081872858288e-06,1.3814991177696356e-06,-5.732800218538614e-06,-257.66377052664757,146625482.25766602,34.37983129566542,True
178148.81599783897,5.88331129410069e-06,1.7701211163512198e-06,-5.702877231783532e-06,-258.9795386493206,146587857.9650757,35.232244927508674,True
178448.81599760056,5.926554217881475e-06,2.1694319514153904e-06,-5.661239718790512e-06,-260.3007133901119,146550389.55753756,36.07666858816885,True
178748.81599760056,5.974828759744634e-06,2.579657916612632e-06,-5.607528265727524e-06,-261.6272534132004,146513113.56435305,36.91259091858051,True
179048.81599736214,6.027992742788004e-06,3.0007230975570565e-06,-5.54126989982251e-06,-262.9592426121235,146476065.85854855,37.73947494592829,True
179348.81599736214,6.086067689203931e-06,3.432752663456995e-06,-5.462079485596405e-06,-264.2966365516186,146439281.63607794,38.55675689425544,True
179648.81599736214,6.148949896570564e-06,3.875604676295552e-06,-5.3694880293164715e-06,-265.63948053121567,146402795.39618808,39.363845001716186,True
179948.81599712372,6.216532838384913e-06,4.3290505686854885e-06,-5.263021932933043e-06,-266.98781234025955,146366640.92143786,40.16011837892612,True
180248.81599712372,6.288812242302723e-06,4.792920094587316e-06,-5.142247111677989e-06,-268.34160685539246,146330851.25804552,40.944925922079506,True
180548.8159968853,6.3656666919345444e-06,5.2667477916656935e-06,-5.006670853902051e-06,-269.70090678334236,146295458.69700584,41.71758529919736,True
180848.8159968853,6.447113908698424e-06,5.750149000505189e-06,-4.855852068885724e-06,-271.0656815171242,146260494.75482458,42.47738205437995,True
181148.81599664688,6.532984636359567e-06,6.24230256107694e-06,-4.689280913794391e-06,-272.43599155545235,146225990.1553427,43.22356884383983,True
181448.81599664688,6.623309236902572e-06,6.742522884906066e-06,-4.506520710378936e-06,-273.8118053674698,146191974.81111577,43.95536486231405,True
181748.81599664688,6.717979252071442e-06,7.249722244750956e-06,-4.307097881905975e-06,-275.19315361976624,146158477.80591217,44.67195548426308,True
182048.81599640846,6.816855144940426e-06,7.762554190549054e-06,-4.090552820912308e-06,-276.5800713598728,146125527.3771043,45.3724921842412,True
182348.81599640846,6.920014880565755e-06,8.279777517827824e-06,-3.856498466348057e-06,-277.9725199639797,146093150.89844614,46.056092784201674,True
182648.81599617004,7.027293748129191e-06,8.799526369784871e-06,-3.604522731848192e-06,-279.37054204940796,146061374.86375806,46.72184208129921,True
182948.81599617004,7.138728018900657e-06,9.319979085375962e-06,-3.3342909233624596e-06,-280.7741197347641,146030224.87035647,47.36879293338698,True
183248.81599617004,7.254217652154669e-06,9.838818073149014e-06,-3.04549267582388e-06,-282.1832746267319,145999725.60355663,47.995967851814626,True
183548.81599593163,7.373660008253593e-06,1.0353423334663603e-05,-2.737882539349812e-06,-283.5980240404606,145969900.8212365,48.60236118304955,True
183848.81599593163,7.497117605018949e-06,1.0861132096806614e-05,-2.4112985173019297e-06,-285.01835137605667,145940773.3389004,49.18694194056764,True
184148.8159956932,7.624413203990706e-06,1.1358593383192783e-05,-2.06564696014766e-06,-286.44428637623787,145912365.0155774,49.74865734657133,True
184448.8159956932,7.755655814348558e-06,1.1842611172596662e-05,-1.700939286308767e-06,-287.87580981850624,145884696.73969945,50.28643715278259,True
184748.8159954548,7.890694699282645e-06,1.2309284073808158e-05,-1.317292031899342e-06,-289.3129426240921,145857788.4160492,50.799198772800914,True
185048.8159954548,8.02959330620565e-06,1.275478987849965e-05,-9.149384254669712e-07,-290.75567814707756,145831658.9527264,51.285853272243486,True
185348.8159954548,8.172269679732104e-06,1.3174839693874674e-05,-4.942509335137402e-07,-292.2040263414383,145806326.2490995,51.74531221541017,True
185648.81599521637,8.318645011458824e-06,1.356496352400427e-05,-5.57530981382115e-08,-293.6579926609993,145781807.18403128,52.17649536613121,True
185948.81599521637,8.468774096983558e-06,1.392078277717701e-05,3.9989513567206814e-07,-295.1175746321678,145758117.60470396,52.57833919553782,True
186248.81599497795,8.622568913969503e-06,1.4237631035030063e-05,8.718504957982987e-07,-296.58277666568756,145735272.3162341,52.94980611725397,True
186548.81599497795,8.780112407924939e-06,1.451114863471048e-05,1.3591375918053927e-06,-298.05360051989555,145713285.0715704,53.2898943439909,True
186848.81599497795,8.941321288077033e-06,1.4736825818317811e-05,1.8605783367320328e-06,-299.53004881739616,145692168.562287,53.59764820320863,True
187148.81599473953,9.106128304802401e-06,1.4910402455825533e-05,2.3748251010147214e-06,-301.012119024992,145671934.40979287,53.87216872791961,True
187448.81599473953,9.274630287524971e-06,1.502821129406584e-05,2.900421954166177e-06,-302.49981835484505,145652593.15719748,54.112624292088825,True
187748.8159945011,9.44670971624934e-06,1.5086674466147088e-05,3.435696164899582e-06,-303.9931390583515,145634154.26192242,54.31826103255326,True
188048.8159945011,9.62243825804089e-06,1.5083053085618303e-05,3.978907834323309e-06,-305.4920887351036,145616626.08877313,54.48841278428202,True
188348.8159942627,9.801741809329497e-06,1.501500727840721e-05,4.528148728866199e-06,-306.9966593682766,145600015.90383568,54.62251023632032,True
188648.8159942627,9.98471771552978e-06,1.4881171409797389e-05,5.081496979641997e-06,-308.5068660080433,145584329.86886665,54.72008902966377,True
188948.8159942627,1.0171294720871927e-05,1.4680688252610707e-05,5.636894819360805e-06,-310.0226993858814,145569573.03646088,54.78079652851342,True
189248.81599402428,1.0361416436992355e-05,1.4413537741120308e-05,6.1922523073576485e-06,-311.5441472530365,145555749.3458155,54.80439703636908,True
189548.81599402428,1.0555194898433978e-05,1.4080767101631864e-05,6.745571269561879e-06,-313.07123306393623,145542861.6191924,54.79077527159993,True
189848.81599378586,1.0752488273222574e-05,1.36838679622997e-05,7.294742530916665e-06,-314.60392212867737,145530911.55902502,54.739937978532744,True
190148.81599378586,1.095345082233274e-05,1.32255192681896e-05,7.837893505779903e-06,-316.14225310087204,145519899.74576992,54.65201361522292,True
190448.81599354744,1.1157964795049e-05,1.2708733294175545e-05,8.3730772786339e-06,-317.6861925125122,145509825.63631672,54.527250132347795,True
190748.81599354744,1.1366130323915043e-05,1.2137438488935004e-05,8.898603887530498e-06,-319.2357696592808,145500687.5632124,54.366010923242726,True
191048.81599354744,1.1577896075304745e-05,1.1515890207647317e-05,9.412822869592219e-06,-320.79096788167953,145492482.73445073,54.16876909532797,True
191348.81599330902,1.1793212728632788e-05,1.0848770216398407e-05,9.914236727581738e-06,-322.3517670929432,145485207.2340092,53.93610026203241,True
191648.81599330902,1.2012162765723516e-05,1.0141210623260122e-05,1.0401616229671617e-05,-323.9181941151619,145478856.02308777,53.668674100232124,True
191948.8159930706,1.2234682986716098e-05,9.398354222867056e-06,1.0873801045363507e-05,-325.49022272229195,145473422.94192916,53.36724494858215,True
192248.8159930706,1.2460878093751481e-05,8.625584996480029e-06,1.1329946076443775e-05,-327.0678938627243,145468900.71245864,53.03264172648054,True
192548.8159930706,1.2690685300873812e-05,7.828067140280837e-06,1.1769253426052728e-05,-328.6511805653572,145465280.9414158,52.66575746532746,True
192848.81599283218,1.2924056540430258e-05,7.010853579458853e-06,1.2191108289982822e-05,-330.24005657434464,145462554.1243137,52.26753871595928,True
193148.81599283218,1.3161102702923861e-05,6.178919079502521e-06,1.259520134055947e-05,-331.8345727920532,145460709.65008682,51.83897508033092,True
193448.81599259377,1.3401722700974893e-05,5.336767941344078e-06,1.2981195339989426e-05,-333.4346765577793,145459735.80616114,51.38108908557648,True
193748.81599259377,1.3645998636035323e-05,4.488721060624812e-06,1.3349059230449711e-05,-335.0404077768326,145459619.78453398,50.89492656812822,True
194048.81599235535,1.3893868884186203e-05,3.6386163628776558e-06,1.3698761307523455e-05,-336.65173095464706,145460347.68815944,50.381547718228866,True
194348.81599235535,1.4145436500145591e-05,2.7900120471713308e-06,1.4030538018516836e-05,-338.2687038183212,145461904.538308,49.842018872047944,True
194648.81599235535,1.4400639786088775e-05,1.9459514533082256e-06,1.4344570800517431e-05,-339.89129066467285,145464274.28220662,49.27740512843266,True
194948.81599211693,1.4659430593903362e-05,1.1090966722804296e-06,1.4641134995940774e-05,-341.51945823431015,145467439.80159235,48.68876381098552,True
195248.81599211693,1.4921921507396826e-05,2.818028974616027e-07,1.492073362641122e-05,-343.153278619051,145471382.9219047,48.07713878324224,True
195548.8159918785,1.5187980112533588e-05,-5.340714324120199e-07,1.5183684453745627e-05,-344.79266184568405,145476084.42169032,47.4435556034339,True
195848.8159918785,1.5457757075593217e-05,-1.3368895110943413e-06,1.5430631471247125e-05,-346.4377120733261,145481524.04327592,46.78901746816476,True
196148.8159916401,1.573114148160295e-05,-2.125452510881587e-06,1.566198871216784e-05,-348.0883508324623,145487680.50324556,46.114501911682545,True
196448.8159916401,1.600823003045783e-05,-2.898780081750374e-06,1.587840364436488e-05,-349.7446508705616,145494531.5042721,45.420958183150965,True
196748.8159916401,1.6288974621308047e-05,-3.656211987390634e-06,1.608038964207026e-05,-351.406578540802,145502053.7468592,44.70930525511134,True
197048.81599140167,1.657332385049816e-05,-4.3973201400149264e-06,1.6268461443758042e-05,-353.0740934610367,145510222.94204155,43.98043038173525,True
197348.81599140167,1.686138768605788e-05,-5.1218520411566715e-06,1.6443302314428365e-05,-354.74728685617447,145519013.8246778,43.23518814562711,True
197648.81599116325,1.715303498179056e-05,-5.829788278788328e-06,1.6605336938368964e-05,-356.42605128884315,145528400.16673732,42.4743999353422,True
197948.81599116325,1.744841264063548e-05,-6.521221337152383e-06,1.675527300903923e-05,-358.1105165183544,145538354.79197332,41.69885377621058,True
198248.81599116325,1.7747462520026075e-05,-7.196413093879528e-06,1.689358806800101e-05,-359.8006372451782,145548849.59014437,40.90930447748581,True
198548.81599092484,1.805012353655268e-05,-7.855731695372015e-06,1.7020738866335705e-05,-361.49636086821556,145559855.5323781,40.106474027308565,True
198848.81599092484,1.835650229629085e-05,-8.499631064751156e-06,1.7137342624096163e-05,-363.1977918148041,145571342.68701273,39.291052195350694,True
199148.81599068642,1.8666499849156563e-05,-9.128651129231002e-06,1.7243776063935456e-05,-364.90484112501144,145583280.23529503,38.46369730889611,True
199448.81599068642,1.8980192280315982e-05,-9.743391245820021e-06,1.7340582090241696e-05,-366.61758854985237,145595636.4883701,37.6250371484593,True
199748.815990448,1.929751882101776e-05,-1.0344498122094592e-05,1.7428133979535687e-05,-368.3359794616699,145608378.90388674,36.7756699530133,True
200048.815990448,1.9618575809814364e-05,-1.0932665304608236e-05,1.750695167856975e-05,-370.060121178627,145621474.10377082,35.916165485281226,True
200348.815990448,1.9943302563416214e-05,-1.1508604188747995e-05,1.757736281859934e-05,-371.7899593412876,145634887.89162648,35.047066155978435,True
200648.81599020958,2.0271651479706485e-05,-1.2073041176563493e-05,1.763968624146628e-05,-373.52544862031937,145648585.27111405,34.168888169727,True
200948.81599020958,2.0603728854164135e-05,-1.262673708879447e-05,1.769438431153958e-05,-375.2667155265808,145662530.46468848,33.28212268367034,True
201248.81598997116,2.093940699608851e-05,-1.3170423500241668e-05,1.7741644626312336e-05,-377.01362323760986,145676686.93197876,32.38723697328708,True
201548.81598997116,2.1278829316537052e-05,-1.3704880274190145e-05,1.778192565637937e-05,-378.7663475573063,145691017.38967535,31.484675575616826,True
201848.81598973274,2.162188924510019e-05,-1.4230838360163034e-05,1.7815395043641047e-05,-380.5247724354267,145705483.8303738,30.57486142533009,True
202148.81598973274,2.1968679564360676e-05,-1.4749064916941279e-05,1.784241462488012e-05,-382.2890205979347,145720047.54303288,29.658196952093405,True
202448.81598973274,2.231915467795181e-05,-1.5260288620311258e-05,1.7863177298238497e-05,-384.0590478181839,145734669.1326067,28.735065158292894,True
202748.81598949432,2.267326595869304e-05,-1.5765223736252665e-05,1.7877853863979e-05,-385.83480218052864,145749308.5406206,27.8058306540651,True
203048.81598949432,2.3031120664180203e-05,-1.626461784098865e-05,1.7886763121310878e-05,-387.6164316534996,145763925.0660445,26.870840654637792,True
203348.8159892559,2.339259422080618e-05,-1.675913853205202e-05,1.788995829699047e-05,-389.4037837982178,145778477.38557187,25.930425946446604,True
203648.8159892559,2.3757830709816503e-05,-1.724952372228472e-05,1.7887761398327484e-05,-391.1970613002777,145792923.5754429,24.984901801054242,True
203948.8159892559,2.412677696170517e-05,-1.7736437456505882e-05,1.7880267403569405e-05,-392.9962055385113,145807221.13201955,24.03456886088159,True
204248.8159890175,2.4499377203398752e-05,-1.8220526357026756e-05,1.7867553069095266e-05,-394.80114978551865,145821326.99352592,23.079713976634572,True
204548.8159890175,2.487573874742092e-05,-1.8702483913557444e-05,1.7849851030149466e-05,-396.6120549738407,145835197.56193396,22.120611005181107,True
204848.81598877907,2.5255770073020272e-05,-1.9182917981197534e-05,1.7827169550344024e-05,-398.42880192399025,145848788.7241414,21.1575215770324,True
205148.81598877907,2.563955013528762e-05,-1.966248993312547e-05,1.7799680705365972e-05,-400.25151485204697,145862055.87447792,20.19069581425548,True
205448.81598854065,2.6027025425203192e-05,-2.014179781895109e-05,1.7767403718949026e-05,-402.08012568950653,145874953.9361933,19.220373025304827,True
205748.81598854065,2.641829601269497e-05,-2.062149394532753e-05,1.773050282594113e-05,-403.91479483246803,145887437.38407084,18.24678235245731,True
206048.81598854065,2.6813309633141062e-05,-2.110215748984956e-05,1.7688970483931143e-05,-405.7554550766945,145899460.26609102,17.270143398476815,True
206348.81598830223,2.7212027585949502e-05,-2.158436248578255e-05,1.764280056448797e-05,-407.6020540893078,145910976.22596577,16.29066681381916,True
206648.81598830223,2.761455781290467e-05,-2.206874344778953e-05,1.7592123118248537e-05,-409.4547700881958,145921938.52569187,15.308554854223189,True
206948.8159880638,2.8020814189413392e-05,-2.2555838569360276e-05,1.753685719840803e-05,-411.31347447633743,145932300.06729946,14.324001918666433,True
207248.8159880638,2.8430879848608227e-05,-2.304626102045404e-05,1.747708049748553e-05,-413.17830830812454,145942013.41586977,13.337195048655039,True
207548.8159878254,2.884470614893574e-05,-2.354055567366231e-05,1.7412724844234617e-05,-415.0491992235184,145951030.82136557,12.348314416096194,True
207848.8159878254,2.926239799144541e-05,-2.403934229278093e-05,1.734386221663442e-05,-416.9263279438019,145959304.24153176,11.357533775077744,True
208148.8159878254,2.9683908369565575e-05,-2.4543161316614714e-05,1.727040023347115e-05,-418.809622913599,145966785.3636914,10.365020904619929,True
208448.81598758698,3.0109203350098983e-05,-2.5052556992477548e-05,1.719224774276995e-05,-420.6990287601948,145973425.6273562,9.370938023271554,False
208748.81598758698,3.0538400208259705e-05,-2.5568155962218952e-05,1.710944828481331e-05,-422.59475219249725,145979176.24675643,8.375442185371115,False
209048.81598734856,3.097138784647002e-05,-2.6090460835348495e-05,1.7021809833650536e-05,-424.4965999722481,145983988.23235404,7.378685668837045,False
209348.81598734856,3.140832194310771e-05,-2.662012605014752e-05,1.6929385178166e-05,-426.4048498570919,145987812.41388676,6.380816334773288,False
209648.81598734856,3.1849163181008195e-05,-2.7157700401403417e-05,1.6832024913426835e-05,-428.31943291425705,145990599.46157312,5.3819779857616705,False
209948.81598711014,3.229386965690738e-05,-2.7703733366024608e-05,1.6729565243345235e-05,-430.2402714192867,145992299.90841892,4.382310702823059,False
210248.81598711014,3.274256252965198e-05,-2.8258877733833287e-05,1.6621981959286103e-05,-432.1675849854946,145992864.17236775,3.3819511708949244,False
210548.81598687172,3.319516509667632e-05,-2.8823674114164533e-05,1.6509050797086644e-05,-434.10122790932655,145992242.57735473,2.381033002498571,False
210848.81598687172,3.365177139864128e-05,-2.9398775410527378e-05,1.6390692156198483e-05,-436.0413708090782,145990385.3755822,1.3796870397610148,False
211148.8159866333,3.41123433658537e-05,-2.9984761738433008e-05,1.62666891323493e-05,-437.987934589386,145987242.76840732,0.37804166192642485,False
211448.8159866333,3.457699747087881e-05,-3.058232226749169e-05,1.6136950350853496e-05,-439.9411351084709,145982764.92817023,-0.6237769270996031,False
211748.8159866333,3.504569763828363e-05,-3.119205990742557e-05,1.6001229461215516e-05,-441.9008943140507,145976902.0187536,-1.6256444042890255,False
212048.81598639488,3.551842152736274e-05,-3.181459675261067e-05,1.5859277807894756e-05,-443.86715522408485,145969604.2168554,-2.6274380458588222,False
212348.81598639488,3.599529520116198e-05,-3.2450668868477806e-05,1.5710960916237582e-05,-445.8401540517807,145960821.73301807,-3.6290364489316804,False
212648.81598615646,3.647624906840324e-05,-3.3100894484050514e-05,1.5555954046675424e-05,-447.8197368681431,145950504.83157668,-4.630319247042785,False
212948.81598615646,3.696138513115783e-05,-3.3766025467230065e-05,1.5394064321938572e-05,-449.80609151721,145938603.85172454,-5.631166839333055,False
213248.81598591805,3.745067227726487e-05,-3.4446737743110134e-05,1.5224964516669104e-05,-451.79913568496704,145925069.22714877,-6.631460106443514,False
213548.81598591805,3.794423552805989e-05,-3.514383723768333e-05,1.5048440421772113e-05,-453.79910585284233,145909851.50650966,-7.631080138551614,False
213848.81598591805,3.844204601273455e-05,-3.585803847272473e-05,1.486412634044143e-05,-455.80592116713524,145892901.37262124,-8.629907948742623,False
214148.81598567963,3.89440881806625e-05,-3.659008359591098e-05,1.467164802981813e-05,-457.8195222914219,145874169.66227758,-9.62782419136593,False
214448.81598567963,3.945050100731873e-05,-3.734085240125751e-05,1.4470735589355854e-05,-459.84017607569695,145853607.38578397,-10.624708875793726,False
214748.8159854412,3.9961190637744325e-05,-3.811106995499358e-05,1.426090538814151e-05,-461.8676520586014,145831165.74527544,-11.620441066062918,False
215048.8159854412,4.047633618734431e-05,-3.8901694779269747e-05,1.4041869544456631e-05,-463.902303814888,145806796.15445164,-12.614898586115176,False
215348.8159854412,4.099591759991591e-05,-3.971355579324154e-05,1.3813153518782428e-05,-465.94405567646027,145780450.25621405,-13.607957704059501,False
215648.8159852028,4.151991217443193e-05,-4.054750164073084e-05,1.3574255847359495e-05,-467.99282109737396,145752079.9413061,-14.599492815242137,False
215948.8159852028,4.204846552489476e-05,-4.140454325352039e-05,1.3324776636736146e-05,-470.0488816201687,145721637.3666203,-15.58937611419894,False
216248.81598496437,4.258151540375622e-05,-4.228554732321754e-05,1.3064126562767342e-05,-472.11205846071243,145689074.9722627,-16.577477245782124,False
216548.81598496437,4.311921129381935e-05,-4.319158330190476e-05,1.2791844941517638e-05,-474.18264240026474,145654345.4997447,-17.563662954611075,False
216848.81598472595,4.3661465838940726e-05,-4.4123546530272506e-05,1.2507261892835686e-05,-476.26039004325867,145617402.00836268,-18.54779670557606,False
217148.81598472595,4.420846899118061e-05,-4.508259763724709e-05,1.2209876313562518e-05,-478.34568363428116,145578197.8930282,-19.52973830017091,False
217448.81598472595,4.4760208440608725e-05,-4.6069749771504576e-05,1.1899002295479022e-05,-480.438445776701,145536686.89998734,-20.509343461085443,False
217748.81598448753,4.5316669269919356e-05,-4.7086036602195236e-05,1.157391618278325e-05,-482.53858757019043,145492823.14350244,-21.48646340395706,False
218048.81598448753,4.5878006978247905e-05,-4.813267182157688e-05,1.1233972553981175e-05,-484.64641267061234,145446561.1221601,-22.460944385837834,False
218348.81598424911,4.644417067568764e-05,-4.921070450336629e-05,1.0878340809483689e-05,-486.76174372434616,145397855.7339675,-23.432627220161233,False
218648.81598424911,4.701528840911297e-05,-5.0321371986683516e-05,1.0506267578591633e-05,-488.8848186433315,145346662.29237363,-24.401346776208296,False
218948.81598424911,4.759140261217315e-05,-5.1465852834553516e-05,1.0116893768952195e-05,-491.0156746804714,145292936.54103684,-25.366931436452365,False
219248.8159840107,4.817250753224619e-05,-5.2645294317699154e-05,9.709280952563404e-06,-493.15422999858856,145236634.66861126,-26.329202529239577,False
219548.8159840107,4.875875367748794e-05,-5.386101130966381e-05,9.282538158572606e-06,-495.3007752299309,145177713.3235992,-27.287973726213494,False
219848.81598377228,4.9350094933542154e-05,-5.51141319533599e-05,8.835596187140027e-06,-497.455126285553,145116129.62801835,-28.243050393622028,False
220148.81598377228,4.994669496565094e-05,-5.640600008405272e-05,8.367457784430599e-06,-499.61760395765305,145051841.19189116,-29.194228914434106,False
220448.81598353386,5.0548510685796044e-05,-5.773774356043759e-05,7.876940792073128e-06,-501.7880250811577,144984806.12620062,-30.141295953574055,False
220748.81598353386,5.115568097999545e-05,-5.911066824637601e-05,7.362908089447728e-06,-503.9666475057602,144914983.05668503,-31.084027688327904,False
221048.81598353386,5.1768257512680094e-05,-6.0525968166302846e-05,6.824104623603944e-06,-506.153515458107,144842331.13649598,-32.02218897627215,False
221348.81598329544,5.238624277720085e-05,-6.198474807206367e-05,6.259181098755562e-06,-508.3485468327999,144766810.05876544,-32.95553247676771,False
221648.81598329544,5.3009798920668635e-05,-6.348824334168057e-05,5.666803012616128e-06,-510.55205512046814,144688380.06925032,-33.88379771484283,False
221948.81598305702,5.3638886539134276e-05,-6.503739905383554e-05,5.045454400942617e-06,-512.7638484239578,144607001.97785446,-34.80671007628827,False
222248.81598305702,5.427368563890469e-05,-6.663332902689945e-05,4.393655771650629e-06,-514.9842831194401,144522637.170863,-35.7239797497535,False
222548.8159828186,5.491412705048668e-05,-6.827675056797489e-05,3.709723657152608e-06,-517.2130844891071,144435247.62164277,-36.63530058885421,False
222848.8159828186,5.556043452352934e-05,-6.996859809760281e-05,2.9920350712586696e-06,-519.450718075037,144344795.9025218,-37.5403489156836,False
223148.8159828186,5.621261821364972e-05,-7.170939048251057e-05,2.2387799347711734e-06,-521.6971054971218,144251245.19471323,-38.43878223942456,False
223448.81598258018,5.687068542740944e-05,-7.349944070256242e-05,1.4480660297522263e-06,-523.9521565437317,144154559.29905984,-39.33023790695789,False
223748.81598258018,5.753482418971126e-05,-7.533905397849594e-05,6.17992832019354e-07,-526.2162429392338,144054702.64635938,-40.21433167625512,False
224048.81598234177,5.820500363022977e-05,-7.722797283804539e-05,-2.535180883000976e-07,-528.4891708493233,143951640.30665794,-41.090656204885846,False
224348.81598234177,5.8881383022431196e-05,-7.916585045109059e-05,-1.1685526786209266e-06,-530.7712348401546,143845337.9991289,-41.95877947255757,False
224648.81598234177,5.956403087352338e-05,-8.115182691881273e-05,-2.129317273613651e-06,-533.062493801117,143735762.10106054,-42.818243118295854,False
224948.81598210335,6.0252964276580864e-05,-8.318450483102424e-05,-3.1381132217234153e-06,-535.3628679215908,143622879.65654862,-43.668560714511486,False
225248.81598210335,6.094836709978635e-05,-8.52621782883034e-05,-4.197259819704868e-06,-537.6727128922939,143506658.3853052,-44.509215977522835,False
225548.81598186493,6.165021360469267e-05,-8.738221893622722e-05,-5.309211076109932e-06,-539.9918303191662,143387066.69050565,-45.33966091756634,False
225848.81598186493,6.23587021103162e-05,-8.954159801533024e-05,-6.4764093536950895e-06,-542.3206114470959,143264073.6670826,-46.1593139591106,False
226148.8159816265,6.307381028207922e-05,-9.173613597113217e-05,-7.701404435067616e-06,-544.6588597893715,143137649.10888723,-46.96755802837652,False
226448.8159816265,6.379571027575331e-05,-9.396099804348523e-05,-8.986721745429804e-06,-547.0068931281567,143007763.51627648,-47.763738653169135,False
226748.8159816265,6.452448131218284e-05,-9.62101429422546e-05,-1.0334920673926717e-05,-549.3647812008858,142874388.10300487,-48.547162084184876,False
227048.8159813881,6.526014983044935e-05,-9.847623928749272e-05,-1.1748552580570504e-05,-551.7324466407299,142737494.80268657,-49.31709349150535,False
227348.8159813881,6.60029137329296e-05,-0.00010075088241023877,-1.3230091660432208e-05,-554.1102728545666,142597056.27540645,-50.07275527522011,False
227648.81598114967,6.675275472036054e-05,-0.0001030238259431826,-1.4781968275201507e-05,-556.4980563521385,142453045.91347778,-50.81332553947416,False
227948.81598114967,6.750989036454839e-05,-0.00010528356682470985,-1.6406457177708944e-05,-558.8962299227715,142305437.84750435,-51.537936811256266,False
228248.81598091125,6.827427040682119e-05,-0.00010751636355621486,-1.8105694671533e-05,-561.3044959008694,142154206.95135766,-52.24567506267654,False
228548.81598091125,6.904615994551822e-05,-0.00010970708075319635,-1.9881564362833615e-05,-563.7234139442444,141999328.8479528,-52.93557914570485,False
228848.81598091125,6.982559459912539e-05,-0.00011183814029891437,-2.1735684931911692e-05,-566.1529144644737,141840779.91342145,-53.60664072375641,False
229148.81598067284,7.061260659522027e-05,-0.00011388979993398607,-2.3669312248841834e-05,-568.5929149389267,141678537.28190726,-54.25780482941546,False
229448.81598067284,7.140742420603102e-05,-0.00011584045688550759,-2.5683272390608636e-05,-571.0438689291477,141512578.84994322,-54.88797116817725,False
229748.81598043442,7.221003423896683e-05,-0.00011766584833594607,-2.7777873704337708e-05,-573.5055621862411,141342883.2800892,-55.49599629844647,False
230048.81598043442,7.302067090158409e-05,-0.00011933999189750466,-2.9952837593327786e-05,-575.9784611165524,141169430.0048619,-56.08069684083062,False
230348.81598043442,7.383935257676509e-05,-0.00012083446614497007,-3.220718060958916e-05,-578.4624313116074,140992199.22973254,-56.640853842506665,False
230648.815980196,7.466617959381369e-05,-0.00012211918561888524,-3.453914268902736e-05,-580.9575625658035,140811171.93661103,-57.17521844298112,False
230948.815980196,7.55013809336836e-05,-0.00012316283621771618,-3.6946123849190826e-05,-583.4643001556396,140626329.88629094,-57.682518954354485,False
231248.81597995758,7.634493875940418e-05,-0.0001239326180950684,-3.942453398053658e-05,-585.9823975861073,140437655.620887,-58.161469444338934,False
231548.81597995758,7.719709779163822e-05,-0.00012439581328749227,-4.1969827144328065e-05,-588.5123400986195,140245132.46626383,-58.610779884956905,False
231848.81597971916,7.805785926557054e-05,-0.00012451953779191172,-4.457633765042601e-05,-591.0539269149303,140048744.5337124,-59.02916785539524,False
232148.81597971916,7.892743673346799e-05,-0.00012427247278878895,-4.723737249889837e-05,-593.6075503826141,139848476.72161368,-59.415371745128134,False
232448.81597971916,7.980594302240314e-05,-0.00012362521775344248,-4.99451311810617e-05,-596.1733171641827,139644314.71696922,-59.76816530255836,False
232748.81597948074,8.069343366823376e-05,-0.00012255141319883478,-5.2690743792993544e-05,-598.7511676251888,139436244.99610746,-60.086373305603075,False
233048.81597948074,8.15901514150202e-05,-0.00012102928087642795,-5.5464450589681746e-05,-601.3415693640709,139224254.82562727,-60.3688880254106,False
233348.81597924232,8.249610364706512e-05,-0.00011904186916922299,-5.8255541873108996e-05,-603.9443193674088,139008332.2628448,-60.61468606590656,False
233648.81597924232,8.341155548149892e-05,-0.00011657895851158173,-6.105273714496207e-05,-606.5599427521229,138788466.1560448,-60.822845087324886,False
233948.8159790039,8.433647993003068e-05,-0.00011363685459286899,-6.384411350524033e-05,-609.1881301999092,138564646.1442133,-60.99255984838387,False
234248.8159790039,8.527119510285362e-05,-0.0001102201663059077,-6.661766767734889e-05,-611.8295524716377,138336862.6570997,-61.123156978057615,False
234548.8159790039,8.621576877237588e-05,-0.00010634104921791732,-6.936124785283937e-05,-614.4841617941856,138105106.91412577,-61.21410787897892,False
234848.8159787655,8.717026521010456e-05,-0.00010201968783007942,-7.206294232986465e-05,-617.1518967151642,137869370.92366663,-61.26503921122419,False
235148.8159787655,8.813496401321815e-05,-9.728432908673312e-05,-7.47114991739295e-05,-619.8333078324795,137629647.4819223,-61.27574048136089,False
235448.81597852707,8.910988059737237e-05,-9.216983320925465e-05,-7.729626268115908e-05,-622.5281847715378,137385930.17141417,-61.24616838214747,False
235748.81597852707,9.009530219647261e-05,-8.671758433820287e-05,-7.980776936022949e-05,-625.2370939850807,137138213.3592769,-61.176447673928884,False
236048.81597852707,9.109127974945003e-05,-8.097348964497542e-05,-8.22375784608198e-05,-627.9599176049232,136886492.19515347,-61.066868565566374,False
236348.81597828865,9.209795457246251e-05,-7.498711153175464e-05,-8.457865151001442e-05,-630.6967943012714,136630762.6093082,-60.91788071890047,False
236648.81597828865,9.31156100963875e-05,-6.881022773086443e-05,-8.682550367922204e-05,-633.4482677280903,136371021.309621,-60.73008416026589,False
236948.81597805023,9.414425868804543e-05,-6.249481873510376e-05,-8.897390762996338e-05,-636.2140956521034,136107265.77902958,-60.50421751874479,False
237248.81597805023,9.518420255180465e-05,-5.609237857129301e-05,-9.102134890071056e-05,-638.9948679506779,135839494.27243197,-60.241144104428415,False
237548.8159778118,9.623547604527707e-05,-4.965198488093847e-05,-9.29664996007773e-05,-641.7903962135315,135567705.81342173,-59.94183641206602,False
237848.8159778118,9.729834843743814e-05,-4.321980941313086e-05,-9.480955976215455e-05,-644.6011659801006,135291900.19044212,-59.60735964162277,False
238148.8159778118,9.837297856438095e-05,-3.683790123432118e-05,-9.655183082202257e-05,-647.4273392558098,135012077.95343143,-59.238854825154576,False
238448.8159775734,9.94594626449681e-05,-3.0543674967020706e-05,-9.81956046786081e-05,-650.2688898146152,134728240.40919966,-58.837522085540726,False
238748.8159775734,0.00010055810467866837,-2.4369767544385468e-05,-9.97442606092136e-05,-653.1263901889324,134440389.6171354,-58.40460448821754,False
239048.81597733498,0.00010166894977721036,-1.8343526988928716e-05,-0.0001012016608825661,-655.9996551275253,134148528.38478476,-57.9413728629054,False
239348.81597733498,0.00010279232289349042,-1.2487454597476244e-05,-0.0001025725048364734,-658.8893074393272,133852660.26267213,-57.44911186461371,False
239648.81597733498,0.0001039283471247952,-6.81906823274403e-06,-0.00010386171337728456,-661.7953774034977,133552789.5393389,-56.92910747430732,False
239948.81597709656,0.00010507710318057655,-1.3513541716747568e-06,-0.00010507443959539842,-664.7177650630474,133248921.23568518,-56.38263603313479,False
240248.81597709656,0.00010623898685585778,3.906691688371211e-06,-0.0001062163035356889,-667.6572839617729,132941061.09957471,-55.81095484530583,False
240548.81597685814,0.00010741404273529006,8.949924335865944e-06,-0.00010729262147890495,-670.6137161552906,132629215.59962702,-55.21529432775959,False
240848.81597685814,0.00010860260377724165,1.3776312385971323e-05,-0.00010830895506330762,-673.5876799374819,132313391.91890435,-54.596851619288415,False
241148.81597661972,0.00010980473285039402,1.8386668841685605e-05,-0.00010927047601683171,-676.5789984762669,131993597.94878045,-53.95678555924389,False
241448.81597661972,0.00011102079155409459,2.278403849231836e-05,-0.00011018248380878504,-679.5883601307869,131669842.28184797,-53.296212890884696,False
241748.81597661972,0.00011225088006868975,2.6973415543807278e-05,-0.00011104979337517307,-682.6156828552485,131342134.20504917,-52.61620556829739,False
242048.8159763813,0.00011349520040886723,3.0961271477281116e-05,-0.00011187707269755265,-685.6611750721931,131010483.69272241,-51.917789010840394,False
242348.8159763813,0.0001147541144836245,3.4755233144778686e-05,-0.000112668882223943,-688.7255035042763,130674901.39843878,-51.20194117254519,False
242648.81597614288,0.00011602768266766642,3.836381091559815e-05,-0.00011342919103896065,-691.8084478676319,130335398.64772163,-50.46959230149708,False
242948.81597614288,0.00011731629047601833,4.1796106131641864e-05,-0.00011416201283509508,-694.9107289463282,129991987.4296929,-49.721625252529655,False
243248.81597590446,0.00011862002529952941,4.506160513528812e-05,-0.00011487076983485167,-698.0321884453297,129644680.3891011,-48.958876264260304,False
243548.81597590446,0.00011993923855815364,4.8170003680070295e-05,-0.00011555887289915745,-701.1734309345484,129293490.81720914,-48.18213608289365,False
243848.81597590446,0.00012127415955945308,5.113104802489943e-05,-0.00011622933586608042,-704.3346963375807,128938432.64375721,-47.392151369409405,False
244148.81597566605,0.00012262494865149405,5.395440425104425e-05,-0.00011688484183025594,-707.5160129964352,128579520.42720683,-46.58962630185834,False
244448.81597566605,0.00012399200073148946,5.664961076945474e-05,-0.00011752806437215213,-710.7180866152048,128216769.34540184,-45.77522431804342,False
244748.81597542763,0.00012537542172387446,5.922592646356861e-05,-0.0001181611502403257,-713.940768301487,127850195.18641968,-44.949569955782614,False
245048.81597542763,0.00012677563348254076,6.169238142206268e-05,-0.00011878634646222963,-717.1848222911358,127479814.33814827,-44.113250731186746,False
245348.81597542763,0.00012819283276600433,6.405763841144108e-05,-0.00011940546773558935,-720.4503452032804,127105643.77858795,-43.26681904314781,False
245648.8159751892,0.00012962717024104755,6.632999165390174e-05,-0.0001200200933197948,-723.7372872531414,126727701.06509897,-42.410794059252034,False
245948.8159751892,0.00013107915330796087,6.851746485381227e-05,-0.00012063198300182876,-727.0466301292181,126346004.32398501,-41.545663569197764,False
246248.8159749508,0.00013254889564230958,7.062760820986114e-05,-0.00012124233976607002,-730.3781938701868,125960572.23946533,-40.671885798251786,False
246548.8159749508,0.00013403683811175253,7.266769597435996e-05,-0.00012185254194463369,-733.7327420264482,125571424.0421406,-39.78989114926465,False
246848.81597471237,0.00013554311879636244,7.46445474533175e-05,-0.00012246352913791725,-737.110142275691,125178579.49812445,-38.900083889070835,False
247148.81597471237,0.00013706821527307786,7.656473798078878e-05,-0.00012307644855980016,-740.5112399309874,124782058.89669389,-38.00284374891067,False
247448.81597471237,0.00013861231193746192,7.843440718602324e-05,-0.00012369204129214495,-743.9360119253397,124381883.03860311,-37.09852745978882,False
247748.81597447395,0.00014017571022855726,8.025940707057089e-05,-0.00012431105646726337,-747.3847647458315,123978073.22406934,-36.187470201385814,False
248048.81597447395,0.0001417588952070023,8.204535288314219e-05,-0.0001249343214837495,-750.8583224564791,123570651.23942472,-35.26998697270532,False
248348.81597423553,0.00014336201270399233,8.379744269859657e-05,-0.0001255622434257475,-754.3565099686384,123159639.34502007,-34.346373893021486,False
248648.81597423553,0.00014498558082638914,8.552074638146223e-05,-0.00012619550478376595,-757.8802174478769,122745060.26159202,-33.41690941495629,False
248948.81597399712,0.00014662977421518703,8.72199451009692e-05,-0.00012683437984861712,-761.4293222129345,122326937.15741706,-32.48185547726608,False
249248.81597399712,0.000148295131072168,8.88996335390857e-05,-0.0001274794186905126,-765.0047393888235,121905293.63406794,-31.541458573926786,False
249548.81597399712,0.00014998188205066567,9.056406253193927e-05,-0.00012813081126239467,-768.6064755618572,121480153.71285118,-30.595950768194935,False
249848.8159737587,0.0001516903821726732,9.22173344690691e-05,-0.00012878880457734,-772.2348814606667,121051541.82086186,-29.645550634061554,False
250148.8159737587,0.00015342118095019457,9.386345698203513e-05,-0.00012945376967721245,-775.8908494114876,120619482.7756521,-28.69046413720749,False
250448.81597352028,0.0001551744727531895,9.550611497388672e-05,-0.00013012569022663456,-779.5742288976908,120184001.77126247,-27.730885466746276,False
250748.81597352028,0.0001569508438152174,9.714902029145378e-05,-0.00013080486479211118,-783.2859798371792,119745124.36256978,-26.7669978003821,False
251048.81597352028,0.00015875062101569968,9.879563364734167e-05,-0.00013149130170475587,-787.0262939482927,119302876.45048161,-25.798974031572467,False
251348.81597328186,0.0001605740827394499,0.00010044927088870281,-0.0001321849206981085,-790.7952032834291,118857284.26588908,-24.826977440779217,False
251648.81597328186,0.00016242191941431784,0.00010211333869847294,-0.00013288597564908855,-794.5939028412104,118408374.35399878,-23.851162322012406,False
251948.81597304344,0.00016429437512956285,0.00010379093947676665,-0.0001335942693962977,-798.4222799688578,117956173.55814178,-22.871674576850392,False
252248.81597304344,0.0001661920728836339,0.00010548528021558923,-0.000134309909530117,-802.2812865525484,117500709.00279468,-21.8886522566212,False
252548.81597280502,0.00016811529298804893,0.00010719933328573461,-0.00013503265406455967,-806.1708675324917,117042008.0775937,-20.902226082400645,False
252848.81597280502,0.00017006470982163237,0.00010893621293917022,-0.00013576257762082378,-810.0920695662498,116580098.41946365,-19.9125199176976,False
253148.81597280502,0.00017204066601307372,0.00011069882441461232,-0.00013649941934090748,-814.0449638068676,116115007.89570564,-18.919651223029845,False
253448.8159725666,0.0001740436434418514,0.00011249011046743362,-0.00013724300697148806,-818.0299936532974,115646764.58658399,-17.92373147266234,False
253748.8159725666,0.00017607434060093954,0.00011431310659304472,-0.0001379933219141094,-822.0481877475977,115175396.7664329,-16.92486654479693,False
254048.8159723282,0.0001781330709162393,0.00011617063768198932,-0.0001387499694747163,-826.0994513183832,114700932.8862779,-15.923157095371243,False
254348.8159723282,0.00018022058238699196,0.00011806575736272862,-0.00013951289943747724,-830.1848916858435,114223401.55457947,-14.918698895611968,False
254648.8159723282,0.00018233733414043293,0.00012000137758150231,-0.00014028177130676056,-834.304763302207,113742831.51892012,-13.911583161458218,False
254948.81597208977,0.00018448380666061053,0.0001219804407526226,-0.00014105622720705924,-838.4593486040831,113259251.64656526,-12.90189685431469,False
255248.81597208977,0.00018666073870235637,0.00012400606036067074,-0.00014183609345863601,-842.6496231555939,112772690.90445392,-11.889722963499226,False
255548.81597185135,0.00018886861484270056,0.000126081252176391,-0.0001426209387282995,-846.8758098185062,112283178.3406257,-10.875140780411884,False
255848.81597185135,0.0001911082531809059,0.00012820926781387243,-0.00014341057578448613,-851.1390298902988,111790743.06264018,-9.858226144030148,False
256148.81597161293,0.00019338006802028832,0.00013039319497920587,-0.00014420443336682354,-855.439231544733,111295414.21816112,-8.839051685943987,False
256448.81597161293,0.00019568493569489145,0.00013263645237771016,-0.00014500228812774907,-859.7776173204184,110797220.97347707,-7.817687047761112,False
256748.81597161293,0.00019802343990607784,0.00013494237623490335,-0.00014580362570892902,-864.1545265465975,110296192.49303459,-6.794199099706477,False
257048.8159713745,0.00020039611611091297,0.00013731436547459452,-0.0001466078481247024,-868.5701207667589,109792357.917529,-5.7686521389571235,False
257348.8159713745,0.0002028039878801432,0.00013975620669270938,-0.00014741471409607243,-873.025875121355,109285746.34243234,-4.741108077303039,False
257648.8159711361,0.00020524756893956528,0.00014227150575152336,-0.00014822351091448027,-877.5217934697866,108776386.79593419,-3.7116266286840798,False
257948.8159711361,0.00020772782389730387,0.00014486426164239674,-0.00014903384466302683,-882.0590824782848,108264308.21597907,-2.6802654741213967,False
258248.81597089767,0.00021024532964009445,0.00014753838320302748,-0.00014984495079573001,-886.6378202438354,107749539.42842089,-1.6470804332234024,False
258548.81597089767,0.00021280112343791577,0.0001502982092347338,-0.00015065638166622541,-891.259302675724,107232109.12302175,-0.6121256139466702,False
258848.81597089767,0.0002153959449597861,0.00015314806745436726,-0.00015146738857774178,-895.9239453971386,106712045.83077788,0.4245464306206679,False
259148.81597065926,0.00021803048654641817,0.00015609243556014007,-0.00015227712482235312,-900.6319762170315,106189377.89961419,1.462884560432778,False
259448.81597065926,0.00022070596470747883,0.00015913631472130874,-0.00015308509431122275,-905.3849992007017,105664133.4705632,2.502838912250112,False
259748.81597042084,0.00022342306020277136,0.00016228458713385407,-0.00015389030587531494,-910.1830820441246,105136340.45328341,3.544360758571396,False
260048.81597042084,0.00022618293971448966,0.00016554267304513814,-0.00015469207800578033,-915.0275523066521,104606026.50067803,4.58740238476133,False
260348.81597042084,0.00022898648164705856,0.0001689160611135776,-0.00015548942476772964,-919.9188773185015,104073218.9845076,5.6319169559563,False
260648.81597018242,0.00023183459618846314,0.00017241052859162664,-0.0001562813049229561,-924.8575390577316,103537944.96945353,6.67785839615916,False
260948.81597018242,0.0002347285143873396,0.0001760323545454412,-0.00015706683762317653,-929.8448100537062,103000231.18667871,7.725181269851391,False
261248.815969944,0.00023766918444845228,0.00017978794846840174,-0.00015784483210090627,-934.8811165988445,102460104.00887083,8.773840656599381,False
261548.815969944,0.00024065796534233393,0.0001836843345017769,-0.00015861431222674582,-939.9679055511951,101917589.42201184,9.823792040615645,False
261848.81596970558,0.00024369575774834865,0.0001877285957903041,-0.0001593738506571185,-945.1053027957678,101372712.99940921,10.874991186756862,True
262148.8159697056,0.0002467840273091614,0.00019192859591043998,-0.0001601223349627645,-950.2948572188616,100825499.87354429,11.92739403171532,True
262448.8159697056,0.0002499239147960394,0.00019629240523499902,-0.00016085829022216558,-955.5371468514204,100275974.70886652,12.980956561123275,True
262748.81596946716,0.0002531165245915401,0.00020082852580571853,-0.00016158009194278122,-960.8325535207987,99724161.67304204,14.035634695209618,True
263048.81596946716,0.00025636356228166156,0.00020554638453518237,-0.00016228642339122246,-966.1829522103071,99170084.40868095,15.09138417345014,True
263348.81596922874,0.0002596661523200806,0.00021045553472731626,-0.00016297539789889015,-971.5885593593121,98613766.00421374,16.148160427617395,True
263648.81596922874,0.0002630259794226987,0.00021556651603305,-0.00016364538336333112,-977.0509597957134,98055228.96393386,17.20591846659099,True
263948.8159689903,0.0002664442933422542,0.00022089017963367041,-0.0001642942700925687,-982.5704673081636,97494495.17901196,18.264612742973735,True
264248.8159689903,0.00026992291934288266,0.00022643848541292755,-0.00016492018468383662,-988.1487826406956,96931585.89629057,19.32419703065536,True
264548.8159689903,0.00027346335762934275,0.00023222389023658252,-0.00016552083262411088,-993.7866154611111,96366521.68827303,20.384624283656272,True
264848.8159687519,0.00027706708222350625,0.0002382596238703627,-0.00016609370225495468,-999.484469845891,95799322.42138639,21.4458464986478,True
265148.8159687519,0.0002807362263821754,0.00024456029692032644,-0.00016663652330350942,-1005.2444190233946,95230007.2247506,22.507814571201525,True
265448.8159685135,0.00028447231715298613,0.00025114098798439954,-0.00016714636965176055,-1011.0668023228645,94658594.45792703,23.570478134678048,True
265748.8159685135,0.00028827749909808234,0.00025801828894600476,-0.00016762048782226202,-1016.9533983618021,94085101.67789291,24.63378540479087,True
266048.8159685135,0.0002921536094286085,0.00026520965772647287,-0.0001680556408167888,-1022.9050196260214,93509545.60674897,25.697683000051768,True
266348.81596827507,0.0002961025627269046,0.00027273381803638586,-0.00016844835275264813,-1028.922504618764,92931942.09780283,26.762115760182155,True
266648.81596827507,0.000300126701712067,0.0002806111695861091,-0.00016879511482059684,-1035.0075985491276,92352306.10100652,27.82702655153983,True
266948.81596803665,0.00030422807388832723,0.00028886329761235174,-0.0001690918769803318,-1041.1610957235098,91770651.62974066,28.892356048651862,True
267248.81596803665,0.00030840926981898887,0.00029751382481890687,-0.00016933456989320916,-1047.3849610984325,91186991.72414503,29.95804251276181,True
267548.81596779823,0.0003126723771401432,0.0003065876405230483,-0.0001695183913490439,-1053.679669946432,90601338.41650636,31.024021536639967,True
267848.81596779823,0.00031702022124118634,0.0003161121616699347,-0.00016963857135010585,-1060.0473326146603,90013702.69446218,32.09022578291429,True
268148.81596779823,0.00032145527659443356,0.0003261165360584073,-0.00016968963227981249,-1066.4889349341393,89424094.46470918,33.15658468378529,True
268448.8159675598,0.0003259801392708211,0.00033663225349300774,-0.0001696656510290495,-1073.005521580577,88832522.51541846,34.223024122499716,True
268748.8159675598,0.00033059789574453884,0.0003476937251321033,-0.00016956043330651482,-1079.5990924835205,88238994.4777224,35.28946608324583,True
269048.8159673214,0.00033531134639924916,0.0003593377821857757,-0.00016936697888780827,-1086.2706574946642,87643516.78844097,36.35582825603096,True
269348.8159673214,0.00034012391147324097,0.00037160482963827235,-0.00016907797172649452,-1093.0224631875753,87046094.6492573,37.422023614478896,True
269648.8159673214,0.0003450386671215063,0.00038453818655170835,-0.00016868512947354475,-1099.8555982410908,86446731.98767814,38.48795993320441,True
269948.815967083,0.00035005887046862707,0.00039818492462018185,-0.00016817944782587801,-1106.7712774127722,85845431.41624944,39.55353926133828,True
270248.815967083,0.0003551884332256128,0.000412596755523964,-0.00016755138174318063,-1113.771971002221,85242194.19086227,40.618657335061165,True
270548.81596684456,0.00036043067324429106,0.0004278291026480474,-0.00016679002999353543,-1120.8583412915468,84637020.16889867,41.683202910786974,True
270848.81596684456,0.00036578997732087575,0.0004439433647291935,-0.00016588397222960793,-1128.0332600027323,84029907.76648767,42.74705703237137,True
271148.81596660614,0.0003712700891038503,0.0004610055293312598,-0.00016482018128272102,-1135.297639861703,83420853.91443877,43.81009219032815,True
271448.81596660614,0.00037687562155007973,0.00047908844166499875,-0.00016358472380062494,-1142.6540603339672,82809854.0134075,44.8721713895385,True
271748.81596660614,0.00038261092425762776,0.0004982711285492769,-0.0001621619810734387,-1150.1040200144053,82196901.88903971,45.93314707917932,True
272048.8159663677,0.00038848056484385904,0.0005186400310606132,-0.00016053473883204106,-1157.6490721702576,81581989.74523662,46.992859948558426,True
272348.8159663677,0.00039448977401677725,0.0005402903534275083,-0.00015868420533138305,-1165.2918346375227,80965108.11628999,48.05113755606528,True
272648.8159661293,0.0004006435566238879,0.0005633257972021966,-0.0001565893235451199,-1173.0338643491268,80346245.81975716,49.107792754504054,True
272948.8159661293,0.00040694774310868494,0.0005878608689613429,-0.00015422703207690347,-1180.878087490797,79725389.9054714,50.16262190258946,True
273248.8159658909,0.00041340769635140944,0.0006140201838036319,-0.00015157133095300424,-1188.8257534503937,79102525.60580666,51.21540279520078,True
273548.8159658909,0.00042002987151416903,0.0006419417311462894,-0.00014859368177866372,-1196.8800182044506,78477636.28350455,52.26589229496617,True
273848.8159658909,0.0004268204691430885,0.0006717762348102951,-0.000145261971354671,-1205.0427814126015,77850703.37891752,53.313823580341136,True
274148.81596565247,0.000433786037660799,0.0007036892817495755,-0.0001415403458153719,-1213.3160445392132,77221706.35552107,54.3589029661039,True
274448.81596565247,0.00044093395276281435,0.0007378634883821178,-0.00013738887987102544,-1221.7029446065426,76590622.64368762,55.40080620576456,True
274748.81596541405,0.00044827145440847204,0.0007744984557405132,-0.00013276255840821705,-1230.2055202573538,75957427.58474228,56.43917416933784,True
275048.81596541405,0.0004558068074350478,0.0008138140845517228,-0.0001276110533154906,-1238.827274426818,75322094.37075558,57.47360780047744,True
275348.81596541405,0.00046354810154480283,0.0008560499851455461,-0.00012187743747205104,-1247.5704226791859,74684593.9849213,58.50366218313303,True
275648.8159651756,0.0004715039341123416,0.0009014677601726362,-0.00011549754110973254,-1256.437368825078,74044895.13941446,59.528839566552065,True
275948.8159651756,0.0004796840371224571,0.0009503530752112965,-0.00010839908518534003,-1265.4320100545883,73402964.21121955,60.54858112881206,True
276248.8159649372,0.00048809770619620985,0.0010030129810445487,-0.00010049992265948049,-1274.5562102645636,72758765.17628592,61.56225721462741,True
276548.8159649372,0.0004967559523701111,0.0010597793223610097,-9.170734350760767e-05,-1283.8144368976355,72112259.54214755,62.569155759992746,True
276848.8159646988,0.0005056693385373268,0.001121002250130232,-8.191581004979298e-05,-1293.2089551091194,71463406.27709755,63.568468501581414,True
277148.8159646988,0.0005148499534030903,0.0011870497175436867,-7.100575895435668e-05,-1302.7440157532692,70812161.73783566,64.55927454885668,True
277448.8159646988,0.0005243099888852488,0.001258296553942273,-5.884123288524279e-05,-1312.4226902872324,70158479.59501949,65.54052075384601,True
277748.8159644604,0.000534062368955539,0.0013351127691976217,-4.526794131720635e-05,-1322.2481336891651,69502310.75548749,66.510998264946,True
278048.8159644604,0.0005441215548886,0.0014178454017326203,-3.0111165159496522e-05,-1332.225146830082,68843603.28196721,67.46931451932196,True
278348.81596422195,0.0005545018076776921,0.00150678365136514,-1.3173251716125378e-05,-1342.3564094752073,68182302.30972704,68.41385983509349,True
278648.81596422195,0.0005652196108971498,0.0016021199365354732,5.767941530621101e-06,-1352.647392347455,67518349.96091716,69.34276772793275,True
278948.81596422195,0.0005762915370466736,0.0017038789471257587,2.696066749763304e-05,-1363.101779922843,66851685.25393417,70.25386803714937,True
279248.81596398354,0.0005877352310672559,0.001811827201208871,5.067919011025879e-05,-1373.7233768552542,66182244.01046256,71.1446321338585,True
279548.81596398354,0.0005995703530743258,0.001925346959694707,7.722174359514611e-05,-1384.5178092122078,65509958.75847385,72.01210984885718,True
279848.8159637451,0.0006118168520794396,0.0020432561503866964,0.00010690502190868756,-1395.4888627454638,64834758.63115243,72.85285857976444,True
280148.8159637451,0.00062449695678197,0.0021635860998117096,0.00014005328660005034,-1406.6422623544931,64156569.26094824,73.66286656613252,True
280448.8159635067,0.0006376337210490952,0.0022832922726934157,0.00017697948970862853,-1417.9825632199645,63475312.670716636,74.43747482478663,True
280748.8159635067,0.0006512526799455022,0.0023979318830242846,0.0002179557621246886,-1429.5161369368434,62790907.15745677,75.17130627191423,True
281048.8159635067,0.0006653803423499415,0.0025013269329576815,0.0002631694909638327,-1441.2479745224118,62103267.172753066,75.85821630825414,True
281348.8159632683,0.0006800452256912988,0.0025853194693752357,0.0003126639032160483,-1453.1834184080362,61412303.19720109,76.49128673482521,True
281648.8159632683,0.0006952788520886132,0.002639759563606958,0.00036626455138843994,-1465.3296982198954,60717921.60868608,77.06289316320607,True
281948.81596302986,0.0007111137461315245,0.0026529236334624784,0.000423498134139777,-1477.6918034926057,60020024.544224925,77.56488233132279,True
282248.81596302986,0.0007275865596558072,0.0026126176701097847,0.0004835246773353674,-1490.2779243662953,59318509.756430425,77.98889451485454,True
282548.81596279144,0.0007447352693330591,0.0025080324361965722,0.0005451062967125608,-1503.093826532364,58613270.46066505,78.3268500623699,True
282848.81596279144,0.0007626021255770525,0.002332211993063993,0.0006066506816182482,-1516.1477802321315,57904195.17631873,78.57158202480412,True
283148.81596279144,0.0007812319044794791,0.0020844770108396915,0.0006663454878008679,-1529.4468400478363,57191167.559829526,78.71754131774925,True
283448.815962553,0.0008006730369739309,0.0017718813067801875,0.0007223795687281154,-1542.998330451548,56474066.228876784,78.76144494609117,True
283748.815962553,0.0008209790700425343,0.0014088462076244923,0.000773201063225315,-1556.8117187395692,55752764.57797811,78.70271308780222,True
284048.8159623146,0.0008422065309524914,0.0010148040783803935,0.0008177328640783799,-1570.8941841423512,55027130.58409679,78.54357429114191,True
284348.8159623146,0.0008644187681441938,0.0006106306361175484,0.0008554873253814321,-1585.2564143538475,54297026.60400422,78.28880689333567,True
284648.8159623146,0.0008876833230710029,0.0002151208709619823,0.0008865457436826318,-1599.9072046875954,53562309.158705324,77.945189653096,True
284948.8159620762,0.0009120738295864212,-0.00015738751142180263,0.0009114395948728315,-1614.855716355145,52822828.70898332,77.52080437802188,True
285248.8159620762,0.0009376719692180262,-0.0004978672564561748,0.0009309847877574384,-1630.1135074421763,52078429.419452064,77.02434168623522,True
285548.81596183777,0.0009645655716765634,-0.0008021960802011563,0.0009461175203995253,-1645.690197750926,51328948.91061061,76.46451933025072,True
285848.81596183777,0.0009928523071197411,-0.001070058547327335,0.0009577728433924904,-1661.5979644358158,50574217.999091245,75.84966280907956,True
286148.81596159935,0.001022638361921773,-0.0013036804350008424,0.0009668041420809459,-1677.8478464707732,49814060.427324474,75.18744816115236,True
286448.81596159935,0.0010540419130242347,-0.0015067223347671188,0.0009739472583163433,-1694.4533006623387,49048292.57906724,74.48477821367462,True
286748.81596159935,0.0010871919779757988,-0.0016834538847092517,0.0009798081873526598,-1711.4264043346047,48276723.185084686,73.7477544078745,True
287048.81596136093,0.0011222312808319196,-0.0018382161574095335,0.0009848713030748968,-1728.7799062505364,47499153.01780118,72.98170905843618,True
287348.81596136093,0.001159319292348641,-0.001975113985650978,0.0009895154297794306,-1746.5289707779884,46715374.57576784,72.19127074715422,True
287648.8159611225,0.001198631228685019,-0.0020978628022589874,0.0009940284316343195,-1764.6867477595806,45925171.76002654,71.38044398782046,True
287948.8159611225,0.0012403638300815607,-0.002209747113965932,0.0009986269486290666,-1783.2691338062286,45128319.54460901,70.5526913023769,True
288248.8159611225,0.001284735839147077,-0.002313629918063498,0.0010034688158384597,-1802.2914355546236,44324583.64597288,69.71101102634302,True
288548.8159608841,0.001331991547307822,-0.0024119964716078357,0.001008665185580071,-1821.7687322869897,43513720.19226555,68.85800750409322,True
288848.8159608841,0.0013824067653235063,-0.002507014368916316,0.0010142913786097552,-1841.7185361236334,42695475.40356886,67.99595244713504,True
289148.8159606457,0.0014362898279848975,-0.0026005871911820577,0.00102039074562299,-1862.1560500711203,41869585.28865458,67.12683741075057,True
289448.8159606457,0.0014939912224444323,-0.0026944191877760204,0.0010269825384057185,-1883.0993916839361,41035775.370988116,66.25241789604772,True
289748.81596040726,0.0015559052408994686,-0.002790060605036615,0.001034060930678038,-1904.5634576231241,40193760.45828386,65.37424988185998,True
290048.81596040726,0.0016224835067941976,-0.002888966489933864,0.001041600230507811,-1926.5667089670897,39343244.47941095,64.49371954554834,True
290348.81596040726,0.0016942386937280896,-0.002992532153996308,0.001049550133139121,-1949.1242054253817,38483920.40975639,63.61206691340944,True
290648.81596016884,0.0017717579267371695,-0.0031021388940075667,0.0010578350136682957,-1972.2499607130885,37615470.327672906,62.730403951569656,True
290948.81596016884,0.0018557186120551033,-0.0032191980079119276,0.001066351114950237,-1995.9587464779615,36737565.646701545,61.84972744946017,True
291248.8159599304,0.00194690017502543,-0.0033451826220129988,0.0010749570922712337,-2020.2602051496506,35849867.58743512,60.97092680829882,True
291548.8159599304,0.00204620933354868,-0.003481677200284139,0.0010834681944515978,-2045.163151025772,34952027.97478849,60.09478652958025,True
291848.815959692,0.002154700695250954,-0.0036304141709706528,0.0010916412747974391,-2070.6697931960225,34043690.476192586,59.221982927078045,True
292148.815959692,0.0022736122779454943,-0.003793329979544069,0.0010991607297228256,-2096.7783891633153,33124492.4299719,58.353074102719155,True
292448.815959692,0.0024043991509532887,-0.00397261199549348,0.0011056132050697443,-2123.4761715084314,32194067.47482179,57.48848175384424,True
292748.8159594536,0.002548784609274144,-0.0041707668781896245,0.001110458793732505,-2150.738800704479,31252049.259597596,56.62846259980501,True
293048.8159594536,0.0027088244082316133,-0.004390700571718753,0.0011129911938070336,-2178.5283624716103,30298076.615790755,55.77306626732528,True
293348.81595921516,0.002886978648087992,-0.004635798095677046,0.0011122787241077958,-2206.7823948934674,29331800.71955755,54.922075093012616,True
293648.81595921516,0.0030862195356088345,-0.004910043144832343,0.0011070910702883907,-2235.4120619781315,28352894.97121205,54.07491930479316,True
293948.81595921516,0.0033101563170480604,-0.005218139575731584,0.0010957913140785536,-2264.287699870765,27361068.60903675,53.230558293085714,True
294248.81595897675,0.00356320517539833,-0.005565666878055708,0.001076189572728481,-2293.2251362875104,26356085.479648776,52.387314550206824,True
294548.81595897675,0.003850816420779067,-0.005959269751826923,0.0010453392401288397,-2321.969125274569,25337789.992993042,51.542640939406745,True
294848.8159587383,0.004179758765367186,-0.006406852427375043,0.0009992443303517007,-2350.1598415225744,24306143.151991673,50.692793218998396,True
295148.8159587383,0.004558520001703696,-0.006917823485309782,0.0009324521076976566,-2377.3006332553923,23261272.83596325,49.83236682940538,True
295448.8159584999,0.004997811825431291,-0.007503300175272898,0.000837463563748031,-2402.694393157959,22203544.42306243,48.9536380561362,True
295748.8159584999,0.00551127876851192,-0.00817631129072538,0.0007039004124038684,-2425.3725083246827,21133660.707117513,48.04562188985235,True
296048.8159584999,0.0061163993132534455,-0.008951804689530718,0.0005173067874650883,-2443.969955459237,20052804.361855514,47.09271913478867,True
296348.8159582615,0.006835692808589724,-0.009846364930524487,0.0002574607471999002,-2456.558915514499,18962842.72866331,46.07277001826289,True
296648.8159582615,0.007698250011347586,-0.010877286895237148,-0.00010396893560482567,-2460.4021590463817,17866624.44650038,44.95426067326026,True
296948.8159580231,0.008741510920131857,-0.012060419393378652,-0.000606536260548296,-2451.580009430647,16768411.801124169,43.69235320225691,True
297248.8159580231,0.01001306446986115,-0.013406045129386257,-0.0013047874577196694,-2424.465184679255,15674512.839248585,42.22337330084457,True
297548.8159580231,0.011571455581236774,-0.014911601414183906,-0.002271877820675172,-2370.962498145178,14594202.66440589,40.457518618483384,True
297848.81595778465,0.013483685149051468,-0.016550483468307675,-0.0036004680164438696,-2279.5160839557648,13541046.262361165,38.27016055813814,True
298148.81595778465,0.01581391287409821,-0.018257494520867112,-0.005394575487208897,-2133.9861948676407,12534726.847322248,35.49387396422734,True
298448.81595754623,0.01859279764558962,-0.019915598249895083,-0.007739702013758176,-1912.9372235704213,11603362.228215674,31.91736852346161,True
298748.81595754623,0.021752849940682075,-0.02135543679582952,-0.010633111293969932,-1590.8685998301953,10785871.916477215,27.304678145020457,True
299048.8159573078,0.025026578572685254,-0.022382796461613452,-0.013868190886636711,-1144.3508020285517,10132960.573876593,21.455261871548135,True
299348.8159573078,0.027865126840384745,-0.022839592398383957,-0.016931748946950265,-566.1863706596196,9703735.156673148,14.317847279338748,True
299648.8159573078,0.029537527347053203,-0.02267500437952208,-0.019082366004229634,115.74895065650344,9554449.470879031,6.120665362969933,False
299948.8159570694,0.029521624916825195,-0.02198093679669455,-0.01973232796002522,832.0600274670869,9720050.86194455,-2.5976547629190447,False
300248.8159570694,0.027902536073553082,-0.020958238898202808,-0.018861539806385608,1494.5353534296155,10198234.475494245,-11.150261003052956,False
300548.815956831,0.025290170741911224,-0.019819984979221772,-0.016978220924961818,2032.8843651060015,10948584.040599013,-18.95855476569409,False
300848.815956831,0.022344456157351603,-0.01869400447753833,-0.014681567092271308,2415.680471122265,11907826.581456209,-25.696620220973564,False
301148.81595659256,0.01947246346715486,-0.017608826696573487,-0.01235645421834164,2653.069072972983,13009762.304593772,-31.27045741790683,False
301448.81595659256,0.016866749557587244,-0.016551833000818306,-0.010196843899258567,2782.8567671887577,14198992.078454053,-35.73053632802025,False
301748.81595659256,0.014607194224623178,-0.015508466250395259,-0.008303195674294273,2843.9444118887186,15435551.486535208,-39.198298822786796,False
302048.81595635414,0.012698526707897659,-0.014466977805284387,-0.006710607103990185,2862.3433618526906,16693331.00516151,-41.82178009333404,False
302348.81595635414,0.011102040306802896,-0.01342404500411476,-0.005406805859692554,2854.0791718550026,17956275.106250696,-43.75078391755401,False
302648.8159561157,0.04569507827395079,0.05666013372621137,0.022150193960008835,-11886.198732864112,19229540.56976171,-45.14985721520152,False
302948.8159561157,0.04094281347627724,0.05269026145899147,0.018442200049946678,-11831.836819957942,20478005.44172279,-46.081240099866626,False
303248.8159561157,0.03690395709816606,0.048819150688188984,0.01547983280624976,-11748.728440646082,21713193.67246435,-46.67655666532238,False
303548.8159558773,0.03345672608127328,0.045129235898969,0.013130037324089017,-11646.863246530294,22933273.866453208,-47.016001008765535,False
303848.8159558773,0.030497651338268195,0.04167388692835061,0.01127271753659187,-11534.333655655384,24137256.38649671,-47.16276800823658,False
304148.8159556389,0.02794290763910123,0.03848157226946114,0.00980753173847404,-11415.647618260235,25324664.957090855,-47.165839772516456,False
304448.8159556389,0.025724068730515474,0.035560027029646335,0.008652151450867507,-11293.8859468624,26495344.03043865,-47.06272759431221,False
304748.81595540047,0.023785655220018243,0.03290290992222822,0.007740588430124262,-11171.086810566485,27649340.37266566,-46.88190844197033,False
305048.81595540047,0.022082618481650898,0.030495205687429916,0.007020622103489416,-11048.604274045676,28786829.195554905,-46.64485947894475,False
305348.81595540047,0.020578273086257676,0.028317332390372485,0.006451245643226855,-10927.342734422535,29908066.882470332,-46.36769260019357,False
305648.81595516205,0.019242614802410123,0.026347946062543315,0.006000385819859844,-10807.902491256595,31013360.090779487,-46.06243514472001,False
305948.81595516205,0.018050977203960497,0.02456571347568115,0.005642989061961146,-10690.672030724585,32103045.196883637,-45.738017346887055,False
306248.81595492363,0.01698298237812908,0.02295036312446541,0.0053594759598638575,-10575.898153223097,33177474.441620436,-45.40102607123775,False
306548.81595492363,0.016021694818323717,0.021483207881999533,0.005134514222611131,-10463.722302109003,34237006.51167754,-45.05627677151361,False
306848.81595492363,0.01515296994925316,0.020147375076930985,0.004956065114420483,-10354.216766506433,35282000.117162414,-44.70724624497752,False
307148.8159546852,0.014364928411087323,0.018927827462761115,0.004814643164593235,-10247.403691291809,36312809.626507044,-44.35639974612955,False
307448.8159546852,0.013647536200364581,0.01781127352833778,0.004702745074652626,-10143.265758991241,37329782.130580306,-44.00543835993581,False
307748.8159544468,0.012992282777473458,0.01678604166909281,0.004614413479522739,-10041.764858141541,38333255.51795319,-43.655486332423905,False
308048.8159544468,0.012391907200381094,0.015841907720243853,0.004544897421624228,-9942.842335484922,39323557.260721505,-43.30723319219703,False
308348.8159542084,0.011840191362448843,0.014969940207834043,0.004490394036047007,-9846.43110191077,40301003.70978701,-42.961041825162184,False
308648.8159542084,0.011331780376352851,0.014162334750864147,0.0044478458145107425,-9752.453168168664,41265899.75230941,-42.617030836057744,False
308948.8159542084,0.010862048259203033,0.013412278541750311,0.004414786543293303,-9660.829109534621,42218538.7284488,-42.27513746715336,False
309248.81595396996,0.010426978884001155,0.012713815827169128,0.00438921899412037,-9571.47611001879,43159202.52779472,-41.93516575170231,False
309548.81595396996,0.010023071411174601,0.012061733802141816,0.004369520155862006,-9484.309123061597,44088161.81681683,-41.59682343385413,False
309848.81595373154,0.009647266306323255,0.011451468057884995,0.004354368253778773,-9399.246768146753,45005676.351381585,-41.25975031408969,False
310148.81595373154,0.00929687538830652,0.01087900928672525,0.004342682574730361,-9316.20573797822,45911995.34706508,-40.923540016421235,False
310448.8159534931,0.008969533082105711,0.010340834994309489,0.004333578912941505,-9235.107645154,46807357.88663314,-40.587756714027286,False
310748.8159534931,0.008663147080542506,0.009833839658028865,0.0043263313525585545,-9155.873894929886,47691993.3477162,-40.251947956065415,False
311048.8159534931,0.008375863514034493,0.009355283026081906,0.004320344020612765,-9078.429812759161,48566121.83793327,-39.91565449359439,False
311348.8159532547,0.008106034447023706,0.008902741618101118,0.004315127448201395,-9002.70407640934,49429954.63303923,-39.57841777124129,False
311648.8159532547,0.007852188996555773,0.00847406543837792,0.004310278911226817,-8928.626048706472,50283694.6073271,-39.23978560823684,False
311948.8159530163,0.007613013778031079,0.008067346676767784,0.00430546859831793,-8856.130739867687,51127536.65509666,-38.89931647551178,False
312248.8159530163,0.0073873295749405914,0.007680884780882025,0.004300425649248041,-8785.153184965253,51961668.099068314,-38.55658266720627,False
312548.8159530163,0.007174077801969701,0.007313163918013288,0.004294929494150779,-8715.633262351155,52786269.08447444,-38.21117262136128,False
312848.81595277786,0.006972304981938981,0.006962828847008495,0.004288801169799683,-8647.513986647129,53601512.95757182,-37.862692565393154,False
313148.81595277786,0.006781148369680318,0.006628663019171199,0.004281895560545479,-8580.738052353263,54407566.62581112,-37.51076763631907,False
313448.81595253944,0.00659982908648296,0.006309575771183518,0.004274097741500782,-8515.254135087132,55204590.90464305,-37.15504259617231,False
313748.81595253944,0.006427639190992939,0.0060045834192408165,0.0042653165413995,-8451.010651640594,55992740.84479253,-36.7951822184452,False
314048.815952301,0.006263936643435079,0.005712799614343567,0.004255482311968706,-8387.960912488401,56772166.04437161,-36.43087143168638,False
314348.815952301,0.006108135347032754,0.005433420932490662,0.004244542153728048,-8326.057819157839,57543010.94468304,-36.06181525991111,False
314648.815952301,0.005959701783967589,0.005165719941231828,0.004232458799378946,-8265.258800126612,58305415.11149058,-35.68773861864,False
314948.8159520626,0.005818147805211263,0.0049090346542755015,0.0042192073538132036,-8205.522420682013,59059513.49939614,-35.3083859881802,False
315248.8159520626,0.005683025765538137,0.004662760890340678,0.004204773276214269,-8146.807901464403,59805436.70483115,-34.923520997732766,False
315548.8159518242,0.005553926334109872,0.004426347570557709,0.004189152007967323,-8089.078946389258,60543311.20389359,-34.53292594560059,False
315848.8159518242,0.005430472099799421,0.00419928824956628,0.004172345907242914,-8032.29827824235,61273259.57695971,-34.13640126085518,False
316148.8159518242,0.005312316669139835,0.003981118253364002,0.004154364574375791,-7976.432251982391,61995400.722309776,-33.73376493552744,False
316448.81595158577,0.005199140746784301,0.0037714091577925046,0.0041352232062266125,-7921.448749624193,62709850.057386234,-33.32485192531711,False
316748.81595158577,0.005090648922206319,0.0035697642621528303,0.004114941265513039,-7867.315673358738,63416719.709603235,-32.909513532937176,False
317048.81595134735,0.004986568856317309,0.0033758163946231434,0.004093542747696688,-7814.004004791379,64116118.69575147,-32.4876167858567,False
317348.81595134735,0.0048866476262942275,0.003189223420520193,0.004071054389854112,-7761.484228797257,64808153.09345997,-32.05904380230645,False
317648.81595110893,0.004790651852679205,0.0030096671594321833,0.004047506513408905,-7709.730586446822,65492926.202329524,-31.623691165123486,False
317948.81595110893,0.0046983638244759715,0.002836849126765628,0.004022930881678377,-7658.715975299478,66170538.69586501,-31.181469290841836,False
318248.81595110893,0.004609581957142911,0.0026704899819378625,0.003997361688519163,-7608.416236177087,66841088.76636461,-30.732301813740072,False
318548.8159508705,0.004524118819138885,0.0025103270915849407,0.003970834705487647,-7558.808653965592,67504672.26176414,-30.27612497380524,False
318848.8159508705,0.004441798764370363,0.0023561120293038584,0.003943385994379156,-7509.869053378701,68161382.8136719,-29.81288701537337,False
319148.8159506321,0.004362459127083464,0.0022076107851489724,0.003915053399769164,-7461.57712495327,68811311.96150696,-29.342547605079794,False
319448.8159506321,0.00428594710405476,0.002064600923802118,0.003885874566037728,-7413.911233410239,69454549.26746897,-28.86507725505395,False
319748.8159503937,0.004212120700751736,0.0019268717203999586,0.003855888183711187,-7366.852786377072,70091182.42661838,-28.380456770594503,False
320048.8159503937,0.004140846153361778,0.0017942219639621726,0.003825132302591072,-7320.381770610809,70721297.37054671,-27.888676705086386,False
320348.8159503937,0.004071998934437324,0.0016664602043476862,0.003793645591812833,-7274.481019064784,71344978.36665212,-27.38973684049297,False
320648.81595015526,0.004005461983660186,0.0015434032496557393,0.0037614662410767608,-7229.133385241032,71962308.11023718,-26.883645679146888,False
320948.81595015526,0.003941124996647444,0.0014248754536936303,0.0037286316960738475,-7184.321327641606,72573367.81402525,-26.370419954168124,False
321248.81594991684,0.0038788851666801357,0.0013107088381900667,0.003695179663694148,-7140.030244722962,73178237.29191919,-25.850084163425674,False
321548.81594991684,0.003818644957280554,0.0012007415948005473,0.0036611464688718343,-7096.243886217475,73776995.03775431,-25.322670113186586,False
321848.81594991684,0.003760313160509336,0.001094818442908263,0.003626568300596489,-7052.948308765888,74369718.30117293,-24.788216489355378,False
322148.8159496784,0.0037038038262304424,0.0009927898460944107,0.003591480547477488,-7010.130110830069,74956483.15867686,-24.246768441319897,False
322448.8159496784,0.0036490354553666733,0.0008945114651055519,0.0035559173226715757,-6967.775204390287,75537364.58138973,-23.698377184480822,False
322748.81594944,0.003595931628939251,0.0007998442925440941,0.003519912302092365,-6925.871470734477,76112436.49852261,-23.14309962695795,False
323048.81594944,0.003544419603743132,0.0007086538854537139,0.0034834976610831347,-6884.405717879534,76681771.85871542,-22.580998006272786,False
323348.8159492016,0.0034944313498351865,0.0006208106681810932,0.003446705281913154,-6843.367375344038,77245442.68755889,-22.01213955352993,False
323648.8159492016,0.003445901753676381,0.0005361890931396829,0.0034095652729604353,-6802.744159221649,77803520.14131491,-21.436596165798502,False
323948.8159492016,0.0033987696874591094,0.00045466795501170054,0.0033721071914030176,-6762.525782421231,78356074.55901122,-20.854444105652632,False
324248.81594896317,0.0033529773331527823,0.00037613001535419244,0.0033343596023698296,-6722.702684983611,78903175.51130217,-20.265763712004933,False
324548.81594896317,0.0033084691344088158,0.00030046159395169525,0.00329634924378297,-6683.263554751873,79444891.84540437,-19.670639127571178,False
324848.81594872475,0.0032651932019758874,0.0002275529215012284,0.0032581025736604374,-6644.199959307909,79981291.73031113,-19.0691580502068,False
325148.81594872475,0.0032230996166784836,0.00015729754983340172,0.003219644283916523,-6605.501895815134,80512442.69700134,-18.461411490550432,False
325448.81594872475,0.0031821413927147647,8.959254910223535e-05,0.003180998407700031,-6567.161097154021,81038411.67767127,-17.8474935554061,False
325748.8159484863,0.0031422738488453145,2.433825227399211e-05,0.0031421878586748164,-6529.169628351927,81559265.04235543,-17.227501240447705,False
326048.8159484863,0.003103454095089867,-3.856191403883713e-05,0.003103234065669369,-6491.518728211522,82075068.63361992,-16.60153423816254,False
326348.8159482479,0.003065641712411876,-9.920135818219933e-05,0.0030641577923979924,-6454.201250761747,82585887.79873475,-15.969694766763073,False
326648.8159482479,0.003028797723868448,-0.0001576705839170245,0.0030249782438342976,-6417.20889171958,83091787.42087305,-15.332087404355521,False
326948.8159480095,0.002992885590908745,-0.0002140570965138977,0.002985714196984901,-6380.535583391786,83592831.94810416,-14.688818947124734,False
327248.8159480095,0.0029578698234512357,-0.00026844567457828816,0.002946382725912855,-6344.1735303252935,84089085.41972007,-14.039998270629212,False
327548.8159480095,0.0029237170063765154,-0.0003209182943066935,0.0029070003553748336,-6308.116662532091,84580611.49226396,-13.385736214325274,False
327848.8159477711,0.0028903952178228626,-0.0003715542804343386,0.002867582588363504,-6272.359119921923,85067473.46296301,-12.726145472163443,False
328148.8159477711,0.002857873612914208,-0.00042043038985184467,0.002828143591518284,-6236.894192442298,85549734.29197678,-12.061340495656424,False
328448.81594753265,0.002826123083768745,-0.00046762083201201676,0.0027886969690342767,-6201.716639682651,86027456.6226685,-11.391437415317496,False
328748.81594753265,0.0027951153549876824,-0.0005131973765628572,0.0027492549436303193,-6166.820056557655,86500702.80123109,-10.716553964244797,False
329048.81594729424,0.0027648239345737123,-0.0005572293943885143,0.002709829418590104,-6132.200104996562,86969534.89467122,-10.036809423364035,False
329348.81594729424,0.0027352228718791893,-0.0005997839353995005,0.002670430805901347,-6097.850750043988,87434014.7064913,-9.352324566843366,False
329648.81594729424,0.0027062877145020373,-0.0006409257900088505,0.0026310690866768738,-6063.767503127456,87894203.79244624,-8.663221628437237,False
329948.8159470558,0.0026779951082586454,-0.000680717565330724,0.002591753487104498,-6029.94632576406,88350163.47445142,-7.969624271403945,False
330248.8159470558,0.0026503220787978438,-0.0007192196918310856,0.0025524918290127374,-5996.381469830871,88801954.85214816,-7.271657568079652,False
330548.8159468174,0.002623247238978862,-0.0007564905645551789,0.002513291831683695,-5963.069531753659,89249638.81590785,-6.569447996727364,False
330848.8159468174,0.0025967495465099868,-0.0007925865103857177,0.0024741599244118007,-5930.005573302507,89693276.05616654,-5.863123437134092,False
331148.8159468174,0.002570809153373732,-0.0008275619247797295,0.0024351021766779724,-5897.18601167202,90132927.07305863,-5.1528131859796815,False
331448.815946579,0.002545407003119456,-0.0008614693009008079,0.0023961239554379787,-5864.607445418835,90568652.18450318,-4.438647974494254,False
331748.815946579,0.002520524389156773,-0.0008943592102923503,0.002357229545256967,-5832.2653217464685,91000511.53304525,-3.7207599949591055,False
332048.81594634056,0.002496143909574282,-0.0009262805144487629,0.0023184231677593203,-5800.157185077667,91428565.09284127,-2.9992829430869112,False
332348.81594634056,0.0024722481598468795,-0.0009572801940294084,0.0022797077285248157,-5768.278487935662,91852872.67340381,-2.2743520582321732,False
332648.81594610214,0.0024488210064681636,-0.0009874036393568986,0.0022410861461450438,-5736.626880392432,92273493.92542225,-1.5461041838683787,False
332948.81594610214,0.0024258464384580587,-0.0010166944736624828,0.0022025602586576154,-5705.198516443372,92690488.3431145,-0.8146778248940172,False
333248.81594610214,0.0024033093758934164,-0.0010451947767080583,0.002164131677800385,-5673.990815401077,93103915.2671103,-0.08021322391640193,False
333548.8159458637,0.00238119529242368,-0.0010729450578423894,0.0021258014595524344,-5643.0013020038605,93513833.88592562,0.6571475610839488,False
333848.8159458637,0.00235948990499632,-0.001099984210952698,0.0020875698468700854,-5612.226649791002,93920303.23676424,1.3972605707489696,False
334148.8159456253,0.002338179763609494,-0.0011263497211189133,0.002049436890752432,-5581.664722457528,94323382.20527984,2.1399798432731107,False
334448.8159456253,0.002317251539241914,-0.0011520774991424787,0.0020114017971621934,-5551.312267869711,94723129.52507411,2.8851573150857437,False
334748.8159456253,0.0022966927358835845,-0.001177202139444944,0.0019734636574328945,-5521.167360886931,95119603.77635844,3.632642702943531,False
335048.8159453869,0.0022764912716587518,-0.0012017568361386566,0.0019356210766172666,-5491.228067293763,95512863.38333124,4.382283384573476,False
335348.8159453869,0.002256635139920688,-0.0012257732863076853,0.0018978718892848079,-5461.491372406483,95902966.61106734,5.133924270737327,False
335648.81594514847,0.002237113278757946,-0.001249282039452737,0.0018602140202235162,-5431.956143900752,96289971.56265137,5.887407661554457,False
335948.81594514847,0.0022179144023200107,-0.0012723120867121906,0.001822644410700569,-5402.619277864695,96673936.17349437,6.642573104960945,False
336248.81594491005,0.0021990281679789996,-0.0012948913392847317,0.0017851601491853941,-5373.479653567076,97054918.2078778,7.399257234508693,False
336548.81594491005,0.0021804441451116615,-0.001317046236152919,0.0017477575354529762,-5344.534731969237,97432975.2524238,8.157293609777359,False
336848.81594491005,0.0021621525613778423,-0.0013388020728370975,0.0017104328041899208,-5315.783093824983,97808164.71033874,8.916512536906126,False
337148.81594467163,0.002144143982271208,-0.0013601828881064648,0.0016731818518689323,-5287.223411619663,98180543.79455607,9.67674088673383,False
337448.81594467163,0.0021264089500209232,-0.001381211296489937,0.0016359999402961733,-5258.853281155229,98550169.52013797,10.437801903389635,True
337748.8159444332,0.0021089388249112997,-0.0014019088990266937,0.0015988824811454805,-5230.672077059746,98917098.69721831,11.199514995967881,True
338048.8159444332,0.0020917246753044114,-0.001422295739700985,0.0015618240668615613,-5202.677274256945,99281387.92130727,11.96169553103084,True
338348.8159444332,0.0020747582863875572,-0.0014423908064600255,0.001524819396063748,-5174.867858529091,99643093.56578746,12.724154603941663,True
338648.8159441948,0.0020580317209080976,-0.0014622118130773742,0.0014878629017083256,-5147.242889717221,100002271.77201127,13.48669880714151,True
338948.8159441948,0.002041536955823833,-0.001481774975644612,0.001450948466663604,-5119.800315588713,100358978.43914944,14.249129987739122,True
339248.8159439564,0.0020252666501831863,-0.0015010954257377307,0.001414070108749499,-5092.539567694068,100713269.21453646,15.011244987284035,True
339548.8159439564,0.0020092133449603794,-0.001520186730573414,0.0013772213210661022,-5065.458915248513,101065199.4826105,15.772835381019052,True
339848.81594371796,0.0019933701003490892,-0.0015390612365706602,0.0013403956366140335,-5038.557623177767,101414824.35372944,16.533687195123015,True
340148.81594371796,0.001977729882056696,-0.001557729659054985,0.0013035861431553997,-5011.8339263647795,101762198.65290573,17.293580623488673,True
340448.81594371796,0.0019622861981926382,-0.0015762014378424283,0.0012667860341899484,-4985.287180170417,102107376.90816027,18.05228972312519,True
340748.81594347954,0.001947032740103941,-0.0015944844704449679,0.0012299883363802167,-4958.916682586074,102450413.33798802,18.809582105161294,True
341048.81594347954,0.0019319631017239187,-0.0016125848561046041,0.0011931857217390984,-4932.720767468214,102791361.83873072,19.56521861452974,True
341348.8159432411,0.0019170714794074012,-0.001630507310807161,0.0011563710888431444,-4906.699145540595,103130275.97216882,20.318952991787953,True
341648.8159432411,0.0019023519140051216,-0.0016482545714779917,0.0011195370018199924,-4880.850408881903,103467208.9520533,21.070531534241038,True
341948.8159430027,0.0018877989043196845,-0.001665827751338611,0.0010826761976971966,-4855.1740847826,103802213.63058707,21.819692735891458,True
342248.8159430027,0.0018734068187003,-0.0016832258205852213,0.0010457811786501736,-4829.668704897165,104135342.48496039,22.566166927834594,True
342548.8159430027,0.0018591705098410668,-0.0017004459717782083,0.0010088447088207886,-4804.333856210113,104466647.60361771,23.309675899391568,True
342848.8159427643,0.0018450849725351786,-0.0017174832666455586,0.0009718595964400834,-4779.169061869383,104796180.67180586,24.049932517321388,True
343148.8159427643,0.0018311450642448511,-0.001734330289650643,0.0009348185488775584,-4754.172884121537,105123992.95711529,24.786640337323618,True
343448.81594252586,0.0018173462583223423,-0.001750977641108875,0.0008977147484401371,-4729.345408901572,105450135.29560886,25.519493202605897,True
343748.81594252586,0.0018036836539764335,-0.0017674129912848002,0.0008605412221207587,-4704.685017243028,105774658.07598668,26.248174847611473,True
344048.81594252586,0.0017901528892495897,-0.0017836217070623661,0.0008232915244370531,-4680.191382795572,106097611.22592668,26.972358488643,True
344348.81594228745,0.0017767497512165408,-0.0017995863931332678,0.0007859595268371322,-4655.86420981586,106419044.19663864,27.69170642035623,True
344648.81594228745,0.0017634698518369735,-0.0018152864432749993,0.0007485392866755092,-4631.702191799879,106739005.9475059,28.40586961377554,True
344948.815942049,0.0017503093262482845,-0.0018306985191429703,0.0007110255618840711,-4607.705294191837,107057544.93141353,29.114487312601028,True
345248.815942049,0.0017372641134775575,-0.0018457957345958675,0.0006734134434687178,-4583.872429609299,107374709.07921588,29.81718664698781,True
345548.8159418106,0.0017243305378752875,-0.001860548039871901,0.0006356987961133598,-4560.203353732824,107690545.78431083,30.5135822494883,True
345848.8159418106,0.0017115047559667462,-0.0018749215304865174,0.0005978780285111895,-4536.696887537837,108005101.88754635,31.20327589716826,True
346148.8159418106,0.00169878333889375,-0.001888878862018828,0.0005599485272007598,-4513.352806583047,108318423.66200013,31.885856166378176,True
346448.8159415722,0.0016861629500428547,-0.0019023787918968083,0.000521908574704355,-4490.170806586742,108630556.79735455,32.56089812108752,True
346748.8159415722,0.0016736400925656456,-0.0019153757663161741,0.0004837573433960074,-4467.149708271027,108941546.3845117,33.227963035026306,True
347048.81594133377,0.0016612117499155798,-0.0019278204651129727,0.0004454953475274692,-4444.289513498545,109251436.90062466,33.88659814929453,True
347348.81594133377,0.0016488746972164613,-0.0019396589665348074,0.000407124227336908,-4421.589215546846,109560272.19364962,34.53633648790978,True
347648.81594133377,0.0016366259719205415,-0.001950833164727328,0.0003686471223218746,-4399.048309490085,109868095.46696906,35.17669672298764,True
347948.81594109535,0.0016244628006859443,-0.0019612806491124957,0.00033006877117713884,-4376.666560322046,110174949.2648334,35.80718311328714,True
348248.81594109535,0.0016123822399209601,-0.0019709342766702775,0.0002913955133294621,-4354.442879885435,110480875.4570073,36.427285520997046,True
348548.81594085693,0.0016003817899733538,-0.0019797229087430424,0.000252635701968984,-4332.377268254757,110785915.2241742,37.036479512681446,True
348848.81594085693,0.0015884586779060475,-0.0019875706593950326,0.00021379957761524793,-4310.468566164374,111090109.0429484,37.634226569686376,True
349148.8159406185,0.0015766106439811588,-0.0019943979767731435,0.00017489972869100257,-4288.716926693916,111393496.67188363,38.21997440424361,True
349448.8159406185,0.0015648350338393223,-0.0020001207654161135,0.00013595093236062894,-4267.120984792709,111696117.1362336,38.79315741106748,True
349748.8159406185,0.0015531296393495712,-0.0020046517103935457,9.697060774271904e-05,-4245.680485114455,111998008.71474384,39.35319725190874,True
350048.8159403801,0.0015414923427013792,-0.002007900243881977,5.797884004721254e-05,-4224.395177528262,112299208.92533965,39.89950359948105,True
350348.8159403801,0.0015299208190083448,-0.002009772647710406,1.8998459708541304e-05,-4203.263904482126,112599754.51122658,40.43147504878523,True
350648.8159401417,0.001518413181415511,-0.002010173484080724,-1.9944650915704187e-05,-4182.286602169275,112899681.42775957,40.94850020453058,True
350948.8159401417,0.0015069673197247325,-0.002009005454254975,-5.882160092340882e-05,-4161.462263807654,113199024.82912296,41.449958967983754,True
351248.8159401417,0.0014955813498054495,-0.002006170821971409,-9.760028146388322e-05,-4140.790332555771,113497819.05513619,41.93522402077052,True
351548.81593990326,0.0014842535449701684,-0.002001572293522713,-0.00013624531823808184,-4120.270488455892,113796097.61913364,42.40366252554059,True
351848.81593990326,0.0014729819940816663,-0.001995113634535528,-0.00017471807321101096,-4099.901616558433,114093893.19532612,42.85463804564273,True
352148.81593966484,0.0014617651861964498,-0.001986701680209535,-0.00021297655708707453,-4079.6835878044367,114391237.6069292,43.287512684051876,True
352448.81593966484,0.0014506013368152592,-0.001976246723671693,-0.00025097553946551443,-4059.6152205318213,114688161.81436191,43.70164945117643,True
352748.8159394264,0.0014394890705440703,-0.0019636648911500743,-0.0002886665675774225,-4039.696349352598,114984695.90411799,44.096414846380114,True
353048.8159394264,0.0014284267842866727,-0.0019488787503689764,-0.000325998140141337,-4019.9259088486433,115280869.07779579,44.471181655960045,True
353348.8159394264,0.001417413084138311,-0.001931819491829856,-0.0003629158692675105,-4000.3032566308975,115576709.64120513,44.825331943484954,True
353648.815939188,0.0014064467187149907,-0.0019124284338829511,-0.00039936274313134845,-3980.8279700130224,115872244.99469653,45.15826022142737,True
353948.815939188,0.0013955262466969055,-0.0018906581315434323,-0.0004352794138995364,-3961.4988650381565,116167501.62310939,45.46937677527795,True
354248.8159389496,0.0013846506071626024,-0.0018664747516083935,-0.00047060460222070333,-3942.31569378078,116462505.0864647,45.75811110678139,True
354548.8159389496,0.0013738184551515143,-0.0018398585690420077,-0.0005052754730243691,-3923.2771810144186,116757280.01094241,46.02391546529325,True
354848.81593871117,0.0013630288921167434,-0.0018108063605097868,-0.000539228209404996,-3904.383183926344,117051850.08066393,46.2662684170848,True
355148.81593871117,0.0013522806239280132,-0.0017793313256504462,-0.0005723984335759269,-3885.632220491767,117346238.02903847,46.48467841169463,True
355448.81593871117,0.0013415727418437835,-0.0017454651510604435,-0.0006047219206237742,-3867.0237655490637,117640465.63181816,46.67868728704827,True
355748.81593847275,0.001330904393365444,-0.0017092581815347785,-0.0006361351861770004,-3848.5572862178087,117934553.69969867,46.847873662804474,True
356048.81593847275,0.0013202745050750245,-0.0016707793655825753,-0.0006665760570854218,-3830.23144236207,118228522.07155512,46.99185616256187,True
356348.81593823433,0.0013096823913085157,-0.0016301171427528516,-0.0006959845043112978,-3812.045858234167,118522389.60839276,47.11029640702404,True
356648.81593823433,0.0012991270751475088,-0.0015873781123900699,-0.0007243031153691959,-3793.9991615712643,118816174.18755814,47.20290172463484,True
356948.81593823433,0.0012886079246556602,-0.0015426872220416499,-0.0007514779499544488,-3776.090821698308,119109892.69774003,47.26942752434294,True
357248.8159379959,0.0012781242417328044,-0.0014961860866833376,-0.000777459035802508,-3758.319969072938,119403561.03378831,47.309679284806975,True
357548.8159379959,0.001267675203411384,-0.0014480314750642265,-0.0008022009065413727,-3740.6852363198996,119697194.09306055,47.32351411801766,True
357848.8159377575,0.0012572603606273648,-0.0013983942305628716,-0.0008256633394339019,-3723.1861820071936,119990805.7715293,47.31084187491322,True
358148.8159377575,0.001246878959822207,-0.0013474562960311687,-0.0008478115087129368,-3705.8213655799627,120284408.96055792,47.27162576928083,True
358448.8159375191,0.0012365306095262756,-0.001295409338325726,-0.0008686166624300995,-3688.5902399867773,120578015.54428017,47.205882507746026,True
358748.8159375191,0.0012262146821556059,-0.0012424515049929141,-0.0008880561090336414,-3671.4914650022984,120871636.39765885,47.11368192208931,True
359048.8159375191,0.0012159307217134417,-0.0011887854150245403,-0.0009061136019496985,-3654.5240623652935,121165281.38441144,46.99514611453996,True
359348.81593728065,0.0012056783823532668,-0.0011346154806233244,-0.0009227794034600834,-3637.6872378885746,121458959.35646614,46.850448133598384,True
359648.81593728065,0.001195457118903896,-0.0010801449786015382,-0.000938050081721542,-3620.9795300215483,121752678.15327406,46.67981020942935,True
359948.81593704224,0.0011852667181762684,-0.0010255742392644152,-0.0009519287237154117,-3604.400285691023,122046444.60164642,46.48350158883254,True
360248.81593704224,0.0011751066808952362,-0.0009710976123926685,-0.0009644243493482918,-3587.9479535520077,122340264.5164426,46.26183601024078,True
360548.81593704224,0.0011649768235234826,-0.0009169020750618984,-0.0009755520202716639,-3571.621748521924,122634142.70165914,46.015168874832895,True
360848.8159368038,0.0011548768864061494,-0.0008631649288304288,-0.0009853322364676842,-3555.420573979616,122928082.9516424,45.74389416321795,True
361148.8159368038,0.0011448064778923535,-0.0008100521916958314,-0.0009937904729397928,-3539.342877149582,123222088.05376472,45.448441156115734,True
361448.8159365654,0.0011347655510994077,-0.0007577178141104923,-0.0010009570733799933,-3523.3879514336586,123516159.79073913,45.12927101879109,True
361748.8159365654,0.0011247537548984704,-0.0007063020428006439,-0.00100686627956037,-3507.5541737675667,123810298.94390011,44.78687329796511,True
362048.815936327,0.0011147710788048648,-0.0006559313848697457,-0.0010115562060093453,-3491.8407561182976,124104505.29678136,44.42176239339682,True
362348.815936327,0.00110481722166643,-0.0006067176202293467,-0.0010150678259108759,-3476.2460445165634,124398777.63950107,44.03447404333805,True
362648.815936327,0.0010948921839229184,-0.0005587582277541969,-0.0010174449180624379,-3460.7691139429808,124693113.77345157,43.62556187869511,True
362948.81593608856,0.001084995885078675,-0.0005121361576811978,-0.0010187332504330016,-3445.408745020628,124987510.5162198,43.195594076374526,True
363248.81593608856,0.0010751281096994373,-0.00046692014745985944,-0.0010189800308495478,-3430.163287073374,125281963.70790076,42.74515014867871,True
363548.81593585014,0.0010652889714482263,-0.00042316560117683366,-0.0010182338379749467,-3415.0318922251463,125576468.21694386,42.27481790024113,True
363848.81593585014,0.0010554782823418505,-0.0003809147761444365,-0.0010165436397926442,-3400.0128480046988,125871017.94710094,41.78519056382929,True
364148.81593585014,0.0010456960981967724,-0.0003401979774650954,-0.001013958866650455,-3385.1050216555595,126165605.84446606,41.276864143614866,True
364448.8159356117,0.0010359425367149342,-0.0003010342809091071,-0.0010105288935875478,-3370.3073766976595,126460223.90540835,40.750434965815195,True
364748.8159356117,0.0010262174083603545,-0.00026343224647007446,-0.0010063023730424447,-3355.618020296097,126754863.18451172,40.20649744632566,True
365048.8159353733,0.0010165209079063212,-0.00022739130918125738,-0.0010013275838360869,-3341.0360032469034,127049513.80339225,39.64564208261066,True
365348.8159353733,0.001006852952696546,-0.00019290235621838292,-0.0009956515734401705,-3326.559606462717,127344164.95997418,39.06845365479329,True
365648.8159351349,0.000997213752045776,-0.00015994900772398069,-0.0009893204824535928,-3312.187813460827,127638804.93765557,38.47550964654042,True
365948.8159351349,0.0009876032324687052,-0.00012850825629584506,-0.0009823788266771771,-3297.9188357293606,127933421.11571611,37.8673788615188,True
366248.8159351349,0.0009780215979215685,-9.855164262262406e-05,-0.0009748698928504496,-3283.751550257206,128227999.97955827,37.244620242020524,True
366548.81593489647,0.000968468965416498,-7.004592734460857e-05,-0.0009668352816945003,-3269.684569746256,128522527.13134618,36.60778186503127,True
366848.81593489647,0.0009589453134919837,-4.2953883706786655e-05,-0.0009583147726246466,-3255.716118171811,128816987.30186415,35.957400109122865,True
367148.81593465805,0.0009494509256828107,-1.7235198271237095e-05,-0.0009493467059087379,-3241.8451551944017,129111364.36168797,35.293998984876715,True
367448.81593465805,0.0009399857873079992,7.153075358701244e-06,-0.0009399673542347387,-3228.0698552131653,129405641.33361599,34.61808960135016,True
367748.81593465805,0.0009305501141759677,3.025572186743375e-05,-0.0009302114333706868,-3214.3889412879944,129699800.4048286,33.930169773121534,True
368048.81593441963,0.0009211441227201086,5.2118902146958135e-05,-0.0009201118790116425,-3200.801106840372,129993822.93984976,33.23072374016069,True
368348.81593441963,0.000911767866606872,7.278969971480365e-05,-0.0009096996985960004,-3187.304614558816,130287689.4940456,32.520221993907576,True
368648.8159341812,0.0009024215959594445,9.23156021599425e-05,-0.0008990043638910095,-3173.8981910198927,130581379.82643576,31.799121203919988,True
368948.8159341812,0.0008931053498917997,0.0001107442181762508,-0.0008880534383983729,-3160.5800207406282,130874872.91444731,31.067864218494872,True
369248.8159339428,0.0008838194600358296,0.00012812285746122143,-0.0008768731375106142,-3147.3489874452353,131168146.96750973,30.326880147981587,True
369548.8159339428,0.0008745639639998655,0.00014449835876462203,-0.0008654877850204912,-3134.203238040209,131461179.44202407,29.57658450068283,True
369848.8159339428,0.0008653391133599219,0.00015991677483384592,-0.0008539203907602655,-3121.1414269059896,131753947.05581976,28.81737938259996,True
370148.8159337044,0.0008561452040809426,0.00017442321592398002,-0.0008421925407091635,-3108.162298515439,132046425.80357751,28.049653736464872,True
370448.8159337044,0.000846982234318249,0.00018806171459573306,-0.0008303241093514657,-3095.263870716095,132338590.97213094,27.27378361888336,True
370748.81593346596,0.0008378505471244089,0.00020087504739763062,-0.0008183339865439621,-3082.4449800997972,132630417.15607943,26.490132516413368,True
371048.81593346596,0.000828750215899583,0.00021290468012580277,-0.0008062395118955124,-3069.7038117200136,132921878.27412754,25.699051676961968,True
371348.81593322754,0.0008196815729918192,0.00022419067079226807,-0.0007940570853008921,-3057.0391611605883,133212947.58469248,24.90088047282907,True
371648.81593322754,0.0008106446825346439,0.00023477162886820224,-0.0007818016892748858,-3044.4491843879223,133503597.70294203,24.095946768563724,True
371948.81593322754,0.0008016398086814499,0.00024468467745464295,-0.0007694874355657078,-3031.9325094223022,133793800.61694565,23.284567311136275,True
372248.8159329891,0.0007926672562122624,0.00025396544415912103,-0.0007571274632418579,-3019.487855479121,134083527.7048602,22.467048121452635,True
372548.8159329891,0.0007837270365599818,0.0002626480335266024,-0.0007447336554875505,-3007.1132595837116,134372749.75191665,21.643684890834717,True
372848.8159327507,0.000774819493638686,0.00027076506964363034,-0.0007323173422015827,-2994.8075360655785,134661436.96752837,20.814763387640433,True
373148.8159327507,0.0007659447057221656,0.0002783476735430668,-0.0007198887407220411,-2982.568888038397,134949559.00317642,19.980559853230925,True
373448.8159327507,0.0007571029345560074,0.0002854255241118153,-0.0007074574710870252,-2970.3959488868713,135237084.96944487,19.141341407383322,True
373748.8159325123,0.0007482944378487373,0.0002920268767923062,-0.0006950324140682085,-2958.2873475551605,135523983.45403,18.297366443479778,True
374048.8159325123,0.0007395193120820299,0.00029817857372904655,-0.0006826215994983897,-2946.2413536310196,135810222.539963,17.448885019385344,True
374348.81593227386,0.0007307778276899185,0.0003039061305116775,-0.0006702325949881072,-2934.256643861532,136095769.8228073,16.596139250279318,True
374648.81593227386,0.000722070050396585,0.00030923371980406955,-0.0006578721635435159,-2922.3314427137375,136380592.42976454,15.739363684589684,True
374948.81593203545,0.0007133963097962469,0.00031418429816199023,-0.0006455467812340743,-2910.4645825326443,136664657.03717187,14.878785684938393,True
375248.81593203545,0.0007047566540334916,0.0003187795506960356,-0.0006332621226992075,-2898.6542774140835,136947929.88943708,14.014625790102782,True
375548.81593203545,0.0006961513225274355,0.00032304002974115065,-0.0006210235768833172,-2886.899185627699,137230376.8169556,13.147098080876297,True
375848.815931797,0.0006875805886947772,0.0003269851763718634,-0.0006088361209428683,-2875.198052853346,137511963.25494573,12.276410530966805,True
376148.815931797,0.0006790444416737944,0.0003306332860688599,-0.0005967040343097807,-2863.549016714096,137792654.2619987,11.402765350158745,True
376448.8159315586,0.0006705431846112948,0.0003340017015602825,-0.0005846315288113857,-2851.9509229660034,138072414.53846145,10.526359327866928,True
376748.8159315586,0.0006620768631920232,0.00033710671414155513,-0.0005726222053752394,-2840.4020743072033,138351208.44564608,9.647384157805797,False
377048.8159315586,0.0006536456941389512,0.00033996372104638795,-0.0005606795082186977,-2828.901166141033,138629000.0239177,8.766026766998904,False
377348.8159313202,0.0006452498927155744,0.0003425872258162599,-0.000548806576817995,-2817.4469093084335,138905753.01172298,7.882469630440855,False
377648.8159313202,0.0006368894732583396,0.00034499081422723066,-0.0005370060742961869,-2806.0376051068306,139181430.8645713,6.996891079252934,False
377948.8159310818,0.000628564736554259,0.0003471873488649635,-0.0005252806875919447,-2794.6721905469894,139455996.7732988,6.10946561048279,False
378248.8159310818,0.0006202756412025457,0.00034918880265877306,-0.000513632533041708,-2783.3488978743553,139729413.68323147,5.220364179628615,False
378548.81593084335,0.0006120224506140064,0.00035100651285802087,-0.0005020638061479232,-2772.066629588604,140001644.31255507,4.329754500510898,False
378848.81593084335,0.0006038051757384886,0.00035265102314951946,-0.0004905762585489803,-2760.8237814307213,140272651.17159343,3.4378013280024007,False
379148.81593084335,0.0005956239938782545,0.0003541322664659674,-0.00047917161967747646,-2749.6191236376762,140542396.5808615,2.5446667481509886,False
379448.81593060493,0.000587479074140408,0.0003554595365358182,-0.0004678514427822744,-2738.451433748007,140810842.6900001,1.6505104570444162,False
379748.81593060493,0.0005793704312084884,0.00035664145582359197,-0.0004566169820939825,-2727.3191959559917,141077951.4967141,0.7554900366378645,False
380048.8159303665,0.0005712982380318411,0.0003576861298597578,-0.00044546950308915756,-2716.2212491333485,141343684.86447752,-0.14023876434085625,False
380348.8159303665,0.0005632624729332699,0.0003586010265621553,-0.0004344099629531861,-2705.156060963869,141608004.5419914,-1.0365217626526526,False
380648.8159303665,0.000555263295874811,0.0003593931613181667,-0.00042343937565703094,-2694.1224995553493,141870872.18089017,-1.9332060627089187,False
380948.8159301281,0.0005473008445799404,0.00036006903610541485,-0.00041255863073796917,-2683.119413137436,142132249.3542985,-2.8301397870214138,False
381248.8159301281,0.0005393750667603295,0.00036063457821455813,-0.00040176835208249884,-2672.145297884941,142392097.57537144,-3.7271718066028967,False
381548.8159298897,0.0005314861826484749,0.0003610953785084803,-0.00039106933165466984,-2661.1992242336273,142650378.31493253,-4.62415146298735,False
381848.8159298897,0.0005236340833843665,0.00036145642047813453,-0.0003804619909164586,-2650.27963873744,142907053.01999256,-5.520928300568791,False
382148.81592965126,0.0005158189508561888,0.00036172240021414837,-0.0003699469521487586,-2639.3855932354927,143162083.13129774,-6.417351784391803,False
382448.81592965126,0.0005080407241302735,0.00036189747493153845,-0.00035952456623089546,-2628.5156928896904,143415430.10175934,-7.313271027653059,False
382748.81592965126,0.0005002994999100332,0.0003619854809926437,-0.0003491952798810871,-2617.668882638216,143667055.41355163,-8.208534504224325,False
383048.81592941284,0.0004925953716865718,0.00036198986677504763,-0.0003389594981157984,-2606.8441291749477,143916920.596019,-9.102989764625248,False
383348.81592941284,0.0004849282432007198,0.0003619135958672359,-0.0003288174317361836,-2596.040066242218,144164987.24339375,-9.996483147069775,False
383648.8159291744,0.0004772982845267564,0.00036175941369265274,-0.00031876950009035454,-2585.255868047476,144411217.0316324,-10.888859475164306,False
383948.8159291744,0.00046970534430075447,0.0003615295189831613,-0.0003088158321347123,-2574.490129441023,144655571.7360832,-11.779961760688265,False
384248.8159291744,0.0004621494964676429,0.00036122588699072367,-0.00029895674290791874,-2563.7419049441814,144898013.2482186,-12.669630887490452,False
384548.815928936,0.00045463081149404566,0.0003608501465350855,-0.0002891925417785046,-2553.0102710723877,145138503.59270966,-13.557705295081185,False
384848.815928936,0.00044714916384735895,0.00036040345975152377,-0.0002795233822361354,-2542.2939715981483,145377004.94440246,-14.444020653266707,False
385148.8159286976,0.00043970465349694066,0.00035988679076126573,-0.0002699496175342375,-2531.5922001600266,145613479.6443739,-15.328409519500541,False
385448.8159286976,0.00043229717648380576,0.00035930063367572984,-0.00026047145447449793,-2520.903806179762,145847890.21709877,-16.21070099693315,False
385748.81592845917,0.00042492677678738746,0.00035864524215867277,-0.0002510892470439785,-2510.2279422283173,146080199.38587257,-17.090720369136225,False
386048.81592845917,0.00041759331535130514,0.00035792040625892696,-0.00024180323849165575,-2499.56346064806,146310370.08980712,-17.96828873432354,False
386348.81592845917,0.0004102968234836445,0.00035712569297174923,-0.00023261384896500203,-2488.909554541111,146538365.4991098,-18.843222615372294,False
386648.81592822075,0.0004030373108033205,0.0003562603151863186,-0.0002235215284720482,-2478.2654060423374,146764149.03105077,-19.715333563287974,False
386948.81592822075,0.000395814613821585,0.00035532301254193044,-0.00021452665176369123,-2467.6299236118793,146987684.36580735,-20.584427745752787,False
387248.81592798233,0.000388628785817539,0.0003543123338829446,-0.00020562982286165266,-2457.0024292469025,147208935.4612919,-21.450305512690313,False
387548.81592798233,0.0003814796819304617,0.0003532263229715227,-0.00019683156939009905,-2446.3819286227226,147427866.56904814,-22.31276095636641,False
387848.8159277439,0.0003743673021237267,0.00035206277172505906,-0.00018813260746952665,-2435.767711222172,147644442.24845886,-23.171581442702216,False
388148.8159277439,0.0003672914679723822,0.000350818960015431,-0.00017953361427558434,-2425.158790975809,147858627.38240042,-24.02654713619416,False
388448.8159277439,0.0003602521682618581,0.0003494919229183324,-0.0001710354866020225,-2414.554499566555,148070387.19125155,-24.87743049560422,False
388748.8159275055,0.00035324937183177797,0.00034807829652550026,-0.00016263921330050835,-2403.954161822796,148279687.24752158,-25.723995757900227,False
389048.8159275055,0.0003462828737368101,0.00034657417285188785,-0.00015434578339323934,-2393.356843441725,148486493.49031407,-26.5659984027381,False
389348.8159272671,0.00033935272048533406,0.00034497545598810575,-0.00014615648576921103,-2382.7620574831963,148690772.23889765,-27.40318459025823,False
389648.8159272671,0.00033245865696350665,0.0003432773703764269,-0.00013807254930497947,-2372.1688500344753,148892490.20692375,-28.235290589966265,False
389948.8159272671,0.0003256006419105039,0.0003414749053263222,-0.00013009549787312835,-2361.576648682356,149091614.5157436,-29.06204217944568,False
390248.81592702866,0.00031877863231466393,0.0003395626213205105,-0.0001222270159004779,-2350.9849041998386,149288112.70794743,-29.883154031275364,False
390548.81592702866,0.00031199240216963904,0.00033753446615492066,-0.00011446885216770397,-2340.392802834511,149481952.76072502,-30.698329081663285,False
390848.81592679024,0.00030524194009541003,0.0003353841459556861,-0.00010682307903664423,-2329.7999017238617,149673103.09838971,-31.50725787524859,False
391148.81592679024,0.00029852704443468926,0.00033310473097003523,-9.92918598825554e-05,-2319.2054843604565,149861532.6057275,-32.30961790479568,False
391448.8159265518,0.00029184765544571796,0.00033068897840848877,-9.187766217877424e-05,-2308.6090847849846,150047210.63985148,-33.10507292696407,False
391748.8159265518,0.000285203543031485,0.0003281290171059936,-8.458309362424643e-05,-2298.0099999010563,150230107.04323906,-33.8932722783443,False
392048.8159265518,0.00027859464083803206,0.00032541669469310364,-7.741110569980947e-05,-2287.4078067541122,150410192.15531906,-34.67385017475508,False
392348.8159263134,0.00027202086509677095,0.0003225434042519737,-7.036490507061899e-05,-2276.8020775020123,150587436.824527,-35.44642501470929,False
392648.8159263134,0.00026548197153358267,0.0003194999351876504,-6.344790142520651e-05,-2266.192169547081,150761812.42017323,-36.21059868552974,False
392948.815926075,0.00025897792472209786,0.00031627690026425626,-5.666391162861828e-05,-2255.5777765214443,150933290.84345642,-36.96595587225585,False
393248.815926075,0.0002525085053950783,0.0003128643268439646,-5.001698053774817e-05,-2244.958343267441,151101844.53920534,-37.712063392753166,False
393548.815926075,0.00024607358262557824,0.0003092519982601516,-4.351153203430158e-05,-2234.3334691226482,151267446.50631604,-38.44846954896686,False
393848.81592583656,0.0002396730745678547,0.0003054294634523558,-3.715236039170122e-05,-2223.7028435468674,151430070.30887383,-39.17470352028133,False
394148.81592583656,0.00023330674299582162,0.00030138584583028205,-3.094456003793766e-05,-2213.065954953432,151589690.0867794,-39.89027480463958,False
394448.81592559814,0.00022697455018229687,0.000297110350118146,-2.4893687829319333e-05,-2202.4225944280624,151746280.56566587,-40.59467271524111,False
394748.81592559814,0.0002206762464862553,0.00029259183986596327,-1.9005610255362626e-05,-2191.772276043892,151899817.06741694,-41.28736596319274,False
395048.8159253597,0.00021441182843832057,0.0002878195201674316,-1.3286686233016098e-05,-2181.1148703098297,152050275.51965818,-41.96780232537251,False
395348.8159253597,0.00020818101406111584,0.0002827823843176702,-7.743587261188623e-06,-2170.449883490801,152197632.4656362,-42.63540843562855,False
395648.8159253597,0.00020198373384235253,0.00027746999376176973,-2.383471077394006e-06,-2159.7771254479885,152341865.0734347,-43.289589703064756,False
395948.8159251213,0.00019581992707617523,0.0002718723831094394,2.7860958411451975e-06,-2149.0964263379574,152482951.14522177,-43.92973039526342,False
396248.8159251213,0.0001896893708062629,0.00026598000337685335,7.757185372270214e-06,-2138.4074132740498,152620869.12627918,-44.55519390592569,False
396548.8159248829,0.00018359205979495973,0.0002597844572562735,1.2521420167388442e-05,-2127.7100051641464,152755598.11341348,-45.16532322910104,False
396848.8159248829,0.00017752782330646182,0.0002532781931847694,1.70700899175813e-05,-2117.0039105713367,152887117.86379185,-45.75944168128875,False
397148.8159248829,0.0001714965919539981,0.00024645513394716545,2.1394115165662697e-05,-2106.2889713048935,153015408.80275637,-46.33685388544114,False
397448.81592464447,0.0001654983620428909,0.00023931090515816322,2.5484100660833064e-05,-2095.5651054382324,153140452.03209168,-46.89684705897905,False
397748.81592464447,0.00015953299965886468,0.0002318428292653607,2.9330410427519382e-05,-2084.832064062357,153262229.337825,-47.438692629549976,False
398048.81592440605,0.00015360059005144227,0.00022405075389997364,3.292318011460793e-05,-2074.089852422476,153380723.19747883,-47.961648201763715,False
398348.81592440605,0.0001477010479052498,0.00021593676706288534,3.625243367366693e-05,-2063.3382508158684,153495916.7876499,-48.46495991067693,False
398648.81592416763,0.0001418345272190077,0.0002075061372863729,3.930813189612081e-05,-2052.577297180891,153607793.99078602,-48.94786516923317,False
398948.81592416763,0.00013600105551496577,0.00019876704132570922,4.208029381658207e-05,-2041.8068421185017,153716339.40228313,-49.409595838169665,False
399248.81592416763,0.0001302008033798633,0.00018973126290688924,4.455909340350672e-05,-2031.0268565416336,153821538.33673564,-49.84938181372138,False
399548.8159239292,0.00012443405936167737,0.00018041440102933848,4.673499234542078e-05,-2020.2373790740967,153923376.83449614,-50.266455042010875,False
399848.8159239292,0.00011870105136970096,0.00017083577077414702,4.859886178820716e-05,-2009.4383004009724,154021841.66778454,-50.66005394413656,False
400148.8159236908,0.000113002306906514,0.00016101912135013663,5.01421518066536e-05,-1998.6297384500504,154116920.34635857,-51.02942822527922,False
400448.8159236908,0.00010733828854035655,0.0001509920842579504,5.135700688185807e-05,-1987.8116065263748,154208601.12332246,-51.373844038280524,False
400748.8159236908,0.00010170981481112177,0.00014078681775231416,5.223647172414303e-05,-1976.9840306639671,154296873.00038305,-51.69258944053906,False
401048.8159234524,9.611786023295941e-05,0.00013043950715996289,5.2774621451590065e-05,-1966.147078961134,154381725.7329511,-51.98498008482538,False
401348.8159234524,9.056358650418984e-05,0.00011999010996532888,5.296669911558638e-05,-1955.300730407238,154463149.83519182,-52.25036505893874,False
401648.81592321396,8.504873592779821e-05,0.00010948255865628198,5.2809344779802814e-05,-1944.4451881349087,154541136.5845218,-52.488132776890254,False
401948.81592321396,7.957534491555594e-05,9.896364471728702e-05,5.230062716776729e-05,-1933.580456674099,154615678.02611086,-52.69771681908386,False
402248.81592297554,7.414632423220367e-05,8.848316110743326e-05,5.144028610004625e-05,-1922.7067520320415,154686766.97695956,-52.87860159833828,False
402548.81592297554,6.876535079035237e-05,7.809264835145768e-05,5.022971709678359e-05,-1911.8241399228573,154754397.02993023,-53.030327734262734,False
402848.81592297554,6.343748577954946e-05,6.784507235124693e-05,4.8672130553484294e-05,-1900.9327826201916,154818562.55726618,-53.15249700641102,False
403148.8159227371,5.816969484096718e-05,5.779394629712442e-05,4.6772594018307245e-05,-1890.0328961908817,154879258.71416017,-53.24477676819571,False
403448.8159227371,5.2971527284571086e-05,4.799216287665331e-05,4.4537955517398586e-05,-1879.1245799958706,154936481.44189972,-53.30690370593488,False
403748.8159224987,4.7856793056302544e-05,3.849163121572019e-05,4.197697641927789e-05,-1868.2081116437912,154990227.47076824,-53.338686842785194,False
404048.8159224987,4.2845435246700525e-05,2.9341803610805073e-05,3.9100087185772736e-05,-1857.2836126685143,155040494.32276368,-53.340009705838995,False
404348.8159224987,3.796758644166135e-05,2.0589358740608077e-05,3.591946813941149e-05,-1846.3513426482677,155087280.31402868,-53.31083159495675,False
404648.8159222603,3.326991076431914e-05,1.2277242660729826e-05,3.244887499675997e-05,-1835.411593824625,155130584.55707806,-53.25118791808904,False
404948.8159222603,2.882671202291724e-05,4.443646332674689e-06,2.87033281551885e-05,-1824.464499026537,155170406.96264097,-53.16118958337524,False
405248.81592202187,2.4759752765312684e-05,-2.877898907627241e-06,2.4699217789247996e-05,-1813.5103976130486,155206748.24148533,-53.04102146786648,False
405548.81592202187,2.126791048499388e-05,-9.65956411391744e-06,2.0453827616506715e-05,-1802.5494898855686,155239609.9057671,-52.89094000471799,False
405848.81592178345,1.865681369546184e-05,-1.5878987738915384e-05,1.5985377970650916e-05,-1791.58212646842,155268994.27027768,-52.71126996065312,False
406148.81592178345,1.730831354307728e-05,-2.1519910802680897e-05,1.1312538759966628e-05,-1780.6085237562656,155294904.4533051,-52.502400488533176,False
406448.81592178345,1.7496294060577246e-05,-2.6571684770715365e-05,6.4544817206524385e-06,-1769.6290363669395,155317344.37741834,-52.26478056487728,False
406748.815921545,1.9157573228803312e-05,-3.102943483668241e-05,1.4304904851769606e-06,-1758.6439805030823,155336318.76980105,-51.99891392472592,False
407048.815921545,2.1944987433769264e-05,-3.4893812483005604e-05,-3.7402804764496977e-06,-1747.6536158919334,155351833.16243833,-51.70535361811725,False
407348.8159213066,2.5478798619353475e-05,-3.817029545416517e-05,-9.038748416401177e-06,-1736.6583428382874,155363893.89212987,-51.38469631514556,False
407648.8159213066,2.948110485025108e-05,-4.0869174540603126e-05,-1.4446408869162042e-05,-1725.658437460661,155372508.09998164,-51.03757647394385,False
407948.8159213066,3.377654576705198e-05,-4.3004661421264245e-05,-1.9945185194103487e-05,-1714.654278934002,155377683.7309575,-50.66466049345501,False
408248.8159210682,3.82585373805228e-05,-4.4594507500050895e-05,-2.551768257319509e-05,-1703.6462492644787,155379429.53295872,-50.26664094718436,False
408548.8159210682,4.286175535596983e-05,-4.565952349366853e-05,-3.114739688925283e-05,-1692.6346707642078,155377755.055631,-49.844230990935756,False
408848.8159208298,4.754489610599677e-05,-4.6222794480854645e-05,-3.681857292292534e-05,-1681.6199478507042,155372670.64911863,-49.3981590248419,False
409148.8159208298,5.228121865312845e-05,-4.6309358054941185e-05,-4.251652107711834e-05,-1670.6024119853973,155364187.46225134,-48.929163662119564,False
409448.81592059135,5.70526160292449e-05,-4.594541508140537e-05,-4.822732902454163e-05,-1659.5825038552284,155352317.4408466,-48.43798906279223,False
409748.81592059135,6.184679451586998e-05,-4.515814265459994e-05,-5.393826678101732e-05,-1648.5605674088001,155337073.325272,-47.92538065235615,False
410048.81592059135,6.66549592098316e-05,-4.3975007741892114e-05,-5.963745271486687e-05,-1637.5370236635208,155318468.64823392,-47.392081257903136,False
410348.81592035294,7.147073424666414e-05,-4.242347446847816e-05,-6.531395041520227e-05,-1626.5123080909252,155296517.7319859,-46.83882765911053,False
410648.81592035294,7.62896561503406e-05,-4.0530791153514656e-05,-7.095798866885161e-05,-1615.4867719113827,155271235.68518418,-46.26634755597301,False
410948.8159201145,8.110819572500308e-05,-3.8323463115830236e-05,-7.656047674942101e-05,-1604.460872143507,155242638.3999537,-45.67535694872426,False
411248.8159201145,8.592388389057988e-05,-3.582724303896612e-05,-8.211339816455165e-05,-1593.434994339943,155210742.54802668,-45.06655790032939,False
411548.8159198761,9.073468456228247e-05,-3.306677152181692e-05,-8.760938377605498e-05,-1582.4095957279205,155175565.57727012,-44.44063667561184,False
411848.8159198761,9.5539238847558e-05,-3.0065592198980085e-05,-9.304204989035725e-05,-1571.385068655014,155137125.7072753,-43.79826221507514,False
412148.8159198761,0.00010033635529939903,-2.6845905438221962e-05,-9.840556251106136e-05,-1560.3618678450584,155095441.92532688,-43.14008493227822,False
412448.8159196377,0.00010512518427781872,-2.34285915610144e-05,-0.00010369483170791227,-1549.3404275476933,155050533.98162422,-42.46673579234995,False
412748.8159196377,0.00010990519551471104,-1.98331666751983e-05,-0.00010890549693698404,-1538.3211579918861,155002422.38425687,-41.77882564805151,False
413048.81591939926,0.00011467581359034201,-1.6077698120398054e-05,-0.00011403355875927446,-1527.3045247495174,154951128.3943583,-41.07694481054829,False
413348.81591939926,0.00011943681714744525,-1.2178903716630884e-05,-0.00011907575483860455,-1516.2909429967403,154896674.02023178,-40.36166281257654,False
413648.81591939926,0.00012418793101341244,-8.152100804181828e-06,-0.00012402913259279558,-1505.2808652818203,154839082.011973,-39.63352835573604,False
413948.81591916084,0.00012892897049222442,-4.0112799979397096e-06,-0.00012889116423053792,-1494.2747401297092,154778375.85528883,-38.89306940230897,False
414248.81591916084,0.0001336599451423106,2.308411808371602e-07,-0.00013365982183444203,-1483.2729960381985,154714579.76501298,-38.14079339489933,False
414548.8159189224,0.00013838078319771695,4.56278775118335e-06,-0.00013833327295742492,-1472.2760839164257,154647718.6788935,-37.377187589738995,False
414848.8159189224,0.00014309162024288253,8.974246782145201e-06,-0.00014291013992817625,-1461.2844333648682,154577818.2502575,-36.602719469211515,False
415148.815918684,0.00014779241908805202,1.3456016830559747e-05,-0.00014738909138145573,-1450.2984972894192,154504904.84130648,-35.817837236726575,False
415448.815918684,0.00015248339692816457,1.7999934385670713e-05,-0.00015176924307525042,-1439.318706214428,154429005.51516202,-35.022970358285875,False
415748.815918684,0.00015716464294270976,2.259881011923426e-05,-0.0001560497496555513,-1428.3455028235912,154350148.02854565,-34.21853015843717,False
416048.8159184456,0.0001618362377065182,2.7246356864907284e-05,-0.00016022990092068312,-1417.3793238401413,154268360.82354993,-33.40491044254031,False
416348.8159184456,0.00016649850810226567,3.193714957205884e-05,-0.0001643093549432706,-1406.4205997884274,154183673.01909348,-32.58248814200406,False
416648.81591820717,0.0001711515393315577,3.6666527762463375e-05,-0.00016828762979415046,-1395.4697619080544,154096114.40275452,-31.751623981658117,False
416948.81591820717,0.00017579563645430337,4.143057697092445e-05,-0.00017216454665103242,-1384.5272398591042,154005715.42130113,-30.912663144193818,False
417248.81591820717,0.0001804309718578143,4.622603665893621e-05,-0.00017593986086694713,-1373.593456953764,153912507.1719428,-30.06593594707203,False
417548.81591796875,0.00018505772885840283,5.1050260822194105e-05,-0.00017961339051808523,-1362.668829023838,153816521.39260864,-29.211758509260015,False
417848.81591796875,0.00018967622460868447,5.5901193206864264e-05,-0.0001831851243814242,-1351.7537766098976,153717790.45190078,-28.350433410685934,False
418148.81591773033,0.00019428664354858576,6.077727687170409e-05,-0.00018665494477332345,-1340.8487043380737,153616347.33949485,-27.482250348450965,False
418448.81591773033,0.00019888933688117871,6.567746822838672e-05,-0.0001900229128963815,-1329.9540295898914,153512225.65512305,-26.607486769164513,False
418748.8159174919,0.00020348444673731742,7.060112088197457e-05,-0.0001932888875160188,-1319.070136666298,153405459.59845614,-25.726408497864508,False
419048.8159174919,0.00020807234302236164,7.554804537335258e-05,-0.0001964529463371889,-1308.1974364221096,153296083.95748243,-24.839270338461063,False
419348.8159174919,0.00021265323699772143,8.051838926803612e-05,-0.00019951499751158508,-1297.3363082706928,153184134.09772053,-23.946316667781243,False
419648.8159172535,0.00021722734681530666,8.55126432668385e-05,-0.00020247493547032036,-1286.4871219396591,153069645.95037493,-23.047782003725143,False
419948.8159172535,0.0002217950180398873,9.053165055661339e-05,-0.0002053327509834446,-1275.6502667665482,152952656.00016212,-22.14389155462433,False
420248.8159170151,0.00022635645683588204,9.557650895430925e-05,-0.00020808826529261637,-1264.8260934948921,152833201.2736708,-21.23486175724329,False
420548.8159170151,0.00023091203197934027,0.00010064863738534768,-0.00021074141730892393,-1254.0149859786034,152711319.32616568,-20.320900784665355,False
420848.8159170151,0.00023546195034751728,0.0001057496585019635,-0.00021329194478170166,-1243.2172780036926,152587048.22933733,-19.402209047019994,False
421148.81591677666,0.00024000643114221705,0.00011088143196502642,-0.00021573954879272605,-1232.4332936406136,152460426.55793932,-18.478979666399212,False
421448.81591677666,0.00024454585302777785,0.00011604609281334888,-0.00021808402874157196,-1221.66339969635,152331493.37610155,-17.551398934127793,False
421748.81591653824,0.00024908034933531626,0.0001212458985264675,-0.00022032489255963128,-1210.907871812582,152200288.22417715,-16.61964675895496,False
422048.81591653824,0.0002536103353375405,0.00012648340378973444,-0.00022246185371876948,-1200.167075842619,152066851.10407588,-15.683897087049473,False
422348.8159162998,0.0002581359623809163,0.0001317612532716339,-0.00022449431070370451,-1189.441271185875,151931222.46557444,-14.744318319345217,False
422648.8159162998,0.0002626575890823098,0.0001370823480613126,-0.00022642178786647094,-1178.730788320303,151793443.19102082,-13.801073701371427,False
422948.8159162998,0.00026717542504247146,0.00014244970310528515,-0.00022824359728268462,-1168.0358880460262,151653554.58102277,-12.85432171121325,False
423248.8159160614,0.0002716896781608899,0.0001478664959222442,-0.00022995897446698166,-1157.3568162024021,151511598.33896917,-11.904216426601188,False
423548.8159160614,0.0002762006814361948,0.00015333611708001627,-0.0002315671911912176,-1146.6938654780388,151367616.55523637,-10.950907879938157,False
423848.815915823,0.0002807086225360738,0.0001588620535244445,-0.0002330673026058605,-1136.047250956297,151221651.6920544,-9.994542410123989,False
424148.815915823,0.00028521384989731245,0.00016444801752868443,-0.00023445842454172805,-1125.4172563254833,151073746.56664616,-9.035262992296932,False
424448.815915823,0.0002897165442639067,0.00017009780103194316,-0.0002357394302023863,-1114.8040710389614,150923944.3354924,-8.073209570249436,False
424748.81591558456,0.0002942168961245865,0.00017581535081490074,-0.00023690910955931344,-1104.2078737020493,150772288.4774085,-7.108519372460124,False
425048.81591558456,0.00029871524952350094,0.00018160483895712787,-0.00023796629322525575,-1093.6289185583591,150618822.7763147,-6.141327220714184,False
425348.81591534615,0.0003032117339837675,0.0001874704892372847,-0.00023890951907734603,-1083.0673266351223,150463591.30464655,-5.171765840408818,False
425648.81591534615,0.00030770665693829986,0.0001934167664785491,-0.00023973737846283427,-1072.5233108699322,150306638.40509987,-4.199966153140051,False
425948.8159151077,0.0003122001778467231,0.00019944821943340685,-0.0002404482227253979,-1061.996983885765,150148008.67364734,-3.2260575776877287,False
426248.8159151077,0.0003166926169091294,0.00020556963858098243,-0.00024104043025285904,-1051.488548696041,149987746.94068423,-2.2501683144912366,False
426548.8159151077,0.0003211841239072426,0.00021178589000214743,-0.00024151211203249368,-1040.9980881512165,149825898.2533835,-1.272425639650929,False
426848.8159148693,0.0003256748565583046,0.00021810200794902812,-0.00024186126382197415,-1030.525672763586,149662507.8568568,-0.2929561890997533,False
427148.8159148693,0.0003301651310753749,0.00022452328303756985,-0.00024208588829421895,-1020.071474313736,149497621.17504078,0.6881137578752164,False
427448.8159146309,0.0003346550084581081,0.0002310550403024081,-0.0002421836362234142,-1009.6354693770409,149331283.7922289,1.6706579864806357,False
427748.8159146309,0.0003391448341321653,0.00023770294245650803,-0.00024215225885226843,-999.2178319990635,149163541.433085,2.654550065364921,False
428048.8159146309,0.0003436347340192067,0.0002444727132058233,-0.00024198917496587313,-988.8185623288155,148994439.9436215,3.6396630505256513,False
428348.8159143925,0.0003481248242840529,0.00025137025633625854,-0.00024169164345622107,-978.4376365244389,148824025.2711496,4.625869194063688,False
428648.8159143925,0.0003526153921948894,0.0002584017707931707,-0.00024125690353749007,-968.0751555263996,148652343.44397786,5.613039648240804,False
428948.81591415405,0.00035710650148890525,0.0002655735197265585,-0.00024068184265679804,-957.7310279905796,148479440.55178392,6.601044155354257,False
429248.81591415405,0.00036159839528099986,0.0002728920783567901,-0.00023996331824882589,-947.4052977263927,148305362.72437194,7.589750742953173,False
429548.81591391563,0.0003660911645243488,0.00028036413502263713,-0.00023909787973863672,-937.0978689789772,148130156.11180818,8.579025397536812,False
429848.81591391563,0.00037058506174872185,0.00028799669269119477,-0.00023808201126307438,-926.8087753355503,147953866.8626931,9.568731741648975,False
430148.81591391563,0.00037508016457766033,0.0002957968579835324,-0.00023691185384677738,-916.5378848314285,147776541.1037527,10.558730687571968,True
430448.8159136772,0.0003795765576358962,0.00030377195744790697,-0.00023558334173223727,-906.2850551307201,147598224.91830873,11.548880086721761,True
430748.8159136772,0.00038407448008206696,0.00031192964272008794,-0.0002340923035095699,-896.0502785742283,147418964.32454458,12.539034364884111,True
431048.8159134388,0.0003885739482462987,0.00032027763535324993,-0.0002324341597539359,-885.8333244621754,147238805.25452268,13.529044133404485,True
431348.8159134388,0.0003930751583941068,0.00032882400222433716,-0.00023060421965581668,-875.6341236531734,147057793.53165075,14.518755795258103,True
431648.8159134388,0.0003975782076263408,0.000337576961413788,-0.00022859745522119113,-865.4525012373924,146875974.84948564,15.508011119424266,True
431948.8159132004,0.0004020831337547379,0.0003465449020154665,-0.00022640852031230452,-855.2882072329521,146693394.74926826,16.496646802042516,True
432248.8159132004,0.0004065901300478442,0.0003557365372159893,-0.00022403189339215146,-845.1411428749561,146510098.59751138,17.48449400426309,True
432548.81591296196,0.00041109917354176137,0.0003651606194807755,-0.00022146159133740184,-835.0109707415104,146326131.56430826,18.471377856171138,True
432848.81591296196,0.0004156104572583691,0.00037482625344864573,-0.00021869146632269576,-824.897574454546,146141538.60019988,19.457116945072066,True
433148.81591272354,0.0004201239099915494,0.00038474251087450284,-0.0002157148469414949,-814.8005373179913,145956364.41429833,20.441522760062725,True
433448.81591272354,0.00042463975047446473,0.0003949188436251916,-0.00021252491132983664,-804.7197554111481,145770653.45111766,21.424399116702848,True
433748.81591272354,0.0004291579699897861,0.00040536464905471803,-0.00020911430732084568,-794.6548602283001,145584449.86834264,22.40554153320244,True
434048.8159124851,0.00043367854789505827,0.00041608940355786217,-0.00020547528774983448,-784.6054554283619,145397797.51388323,23.384736575977207,True
434348.8159124851,0.0004382016373839305,0.000427102782680322,-0.0002015998129252239,-774.5713393092155,145210739.90286013,24.36176116301863,True
434648.8159122467,0.0004427271603980956,0.00043841427040547387,-0.00019747926230806456,-764.5520261228085,145023320.19534034,25.336381813649137,True
434948.8159122467,0.00044725522139235673,0.00045003345411487317,-0.00019310468762867572,-754.5472396016121,144835581.17279643,26.308353861545218,True
435248.8159122467,0.0004517858233439889,0.00046196971047152147,-0.00018846660710991614,-744.5565733909607,144647565.21595675,27.27742060309184,True
435548.8159120083,0.0004563189081891509,0.0004742321518733661,-0.00018355501565991972,-734.5795320868492,144459314.28155556,28.243312397382095,True
435848.8159120083,0.0004608545752120939,0.0004868297316420467,-0.0001783594986157766,-724.6158131957054,144270869.87934303,29.20574570605241,True
436148.81591176987,0.0004653927039964104,0.0004997707756047021,-0.0001728689838422781,-714.6648218631744,144082273.04986095,30.164422060918568,True
436448.81591176987,0.0004699333881292796,0.0005130632572445393,-0.0001670719842223889,-704.726235717535,143893564.34107664,31.119026975403976,True
436748.81591153145,0.0004744764913000863,0.0005267142087745924,-0.00016095632082624434,-694.7994185090065,143704783.78632894,32.0692287710988,True
437048.81591153145,0.0004790220610033666,0.0005407299422017786,-0.00015450934807148542,-684.88397321105,143515970.88109875,33.014677340982786,True
437348.81591153145,0.00048357004205580855,0.0005551155497869331,-0.00014771777879474257,-674.9793583452702,143327164.56119177,33.95500282125883,True
437648.81591129303,0.00048812031778018295,0.0005698746886650952,-0.00014056770478276803,-665.0849356353283,143138403.17996833,34.8898141880329,True
437948.81591129303,0.0004926729303879022,0.0005850095304253955,-0.00013304470855501904,-655.2002862989902,142949724.48597333,35.81869776833003,True
438248.8159110546,0.0004972276996216407,0.0006005200177128245,-0.0001251336705365702,-645.3246663808823,142761165.6013547,36.741215655664696,True
438548.8159110546,0.0005017846667174049,0.0006164039729696924,-0.00011681900414828306,-635.457646548748,142572762.9993819,37.65690404834139,True
438848.8159110546,0.000506343658633454,0.0006326561784817386,-0.00010808446207022371,-625.5984780490398,142384552.4831229,38.565271487712096,True
439148.8159108162,0.0005109045704967544,0.0006492682000782679,-9.891330739719706e-05,-615.7465038597584,142196569.1638661,39.465797017530655,True
439448.8159108162,0.0005154674081512816,0.0006662278936460098,-8.928837000610201e-05,-605.9012321233749,142008847.4394251,40.35792826049701,True
439748.8159105778,0.0005200319357229155,0.0006835183500299991,-7.919195805072832e-05,-596.0617958903313,141821420.97355765,41.2410794116965,True
440048.8159105778,0.0005245981543261309,0.0007011177819151726,-6.860614007564436e-05,-586.2276892960072,141634322.6746745,42.11462917730491,True
440348.81591033936,0.0005291658226645545,0.0007189981465387518,-5.751265430120611e-05,-576.39802262187,141447584.67572254,42.97791865002078,True
440648.81591033936,0.0005337349275859867,0.000737124889496954,-4.58932187328287e-05,-566.5722632110119,141261238.31346077,43.83024916356991,True
440948.81591033936,0.0005383052393791598,0.0007554554259741053,-3.372952767222159e-05,-556.7495278716087,141075314.10882232,44.67088012907642,True
441248.81591010094,0.0005428765979805037,0.0007739384968488139,-2.100355176537505e-05,-546.9290394484997,140889841.7472779,45.49902690332239,True
441548.81591010094,0.0005474489556989882,0.0007925131540105212,-7.697775899373482e-06,-537.1102050542831,140704850.05916765,46.313858721799924,True
441848.8159098625,0.0005520220215501437,0.0008111071082055332,6.204622735594967e-06,-527.292023062706,140520367.00119328,47.11449674010772,True
442148.8159098625,0.0005565957437905444,0.000829636232424491,2.0719312118444577e-05,-517.4738917648792,140336419.6374797,47.90001226109019,True
442448.8159098625,0.000561169890423532,0.0008480027568111836,3.586053470883144e-05,-507.6549016237259,140153034.12171867,48.66942520075986,True
442748.8159096241,0.0005657441868572101,0.0008660942838218944,5.1640621947512955e-05,-497.83406126499176,139970235.67918783,49.42170289581181,True
443048.8159096241,0.0005703186047482552,0.0008837831453547551,6.806944725212816e-05,-488.01081040501595,139788048.5894931,50.15575934645863,True
443348.8159093857,0.0005748928209487387,0.0009009245993070181,8.515395786901081e-05,-478.18406707048416,139606496.1697403,50.87045500411398,True
443648.8159093857,0.0005794667358582952,0.0009173569002882687,0.00010289746725788973,-468.353146225214,139425600.75786573,51.5645972489022,True
443948.81590914726,0.0005840400234144221,0.0009329001389630776,0.00012129902992796815,-458.5169523358345,139245383.69703266,52.23694168218481,True
444248.81590914726,0.0005886125871558222,0.000947356975814273,0.00014035266875822572,-448.67480728030205,139065865.31985277,52.88619440734561,True
444548.81590914726,0.0005931841129625026,0.0009605124183451608,0.0001600466393796296,-438.82563158869743,138887064.933626,53.51101544390107,True
444848.81590890884,0.0005977543591477421,0.0009721354994951525,0.0001803626254073265,-428.9684768617153,138709000.80602148,54.1100234529774,True
445148.81590890884,0.0006023232003243699,0.0009819813632816476,0.00020127497889177448,-419.1026147902012,138531690.1508667,54.68180192658748,True
445448.8159086704,0.0006068902656308938,0.0009897935481717468,0.0002227499626314966,-409.22685104608536,138355149.11512855,55.224906978827185,True
445748.8159086704,0.0006114554303270701,0.000995308812548501,0.00024474512656524894,-399.3404617905617,138179392.76597154,55.737876864307424,True
446048.8159086704,0.0006160183831038294,0.0009982614086538888,0.00026720873806596046,-389.44236424565315,138004435.0787449,56.219243281323266,True
446348.815908432,0.0006205788126867371,0.0009983895620564454,0.0002900794339808499,-379.53147089481354,137830288.9253438,56.66754448308183,True
446648.815908432,0.0006251365446136189,0.0009954429092147166,0.00031328612749348395,-369.6069660484791,137656966.06311506,57.081340129388096,True
446948.8159081936,0.0006296912419598363,0.000989190005270757,0.0003367480928773148,-359.6677107810974,137484477.1248935,57.45922772334319,True
447248.8159081936,0.0006342427458822022,0.0009794276187449213,0.00036037552509782245,-349.7129267156124,137312831.60888293,57.799860386735396,True
447548.81590795517,0.0006387906513862252,0.0009659888604574007,0.00038407024468511963,-339.741334348917,137142037.8698362,58.10196560146078,True
447848.81590795517,0.000643334802670293,0.0009487527768214932,0.0004077270665590049,-329.75216656923294,136972103.11057886,58.36436445561679,True
448148.81590795517,0.0006478748626723752,0.0009276514759903876,0.00043123523108334894,-319.7442830502987,136803033.37434328,58.585990818896846,True
448448.81590771675,0.0006524104544516768,0.0009026769684510327,0.00045448036094342115,-309.7164548635483,136634833.53758642,58.76590980980992,True
448748.81590771675,0.0006569414578165768,0.0008738863623705129,0.0004773468194088082,-299.6680006980896,136467507.30385602,58.9033348636555,True
449048.81590747833,0.0006614674540514062,0.0008414031809138578,0.0004997198480722886,-289.59760281443596,136301057.1978603,58.99764270951861,True
449348.81590747833,0.0006659882579084271,0.0008054178700831471,0.0005214883385633584,-279.50444757938385,136135484.56056404,59.048385609611195,True
449648.81590747833,0.0006705035162484131,0.0007661838192234427,0.0005425470939357524,-269.3873590826988,135970789.5449744,59.055300301174206,True
449948.8159072399,0.0006750128747304367,0.0007240115617435094,0.000562799239773426,-259.24515545368195,135806971.11253357,59.01831322067518,True
450248.8159072399,0.0006795161216021251,0.0006792603815881648,0.0005821583850220691,-249.07697176933289,135644027.03020686,58.937541757874584,True
450548.8159070015,0.0006840128827656889,0.0006323272190229545,0.000600550103662556,-238.88158360123634,135481953.86858842,58.81329148260451,True
450848.8159070015,0.0006885029681800276,0.0005836351931804984,0.0006179134136985454,-228.65818178653717,135320747.00023654,58.646049480984715,True
451148.8159067631,0.0006929859403526791,0.0005336203761316938,0.0006342012005049469,-218.40539687871933,135160400.59905106,58.436474128249614,True
451448.8159067631,0.0006974616189929625,0.00048271998102222824,0.0006493808389294031,-208.12244790792465,135000907.6404481,58.18538177528099,True
451748.8159067631,0.0007019296368584996,0.0004313600859973121,0.0006634336059221368,-197.80812621116638,134842259.9020164,57.89373095351193,True
452048.81590652466,0.0007063896312008229,0.000379945592499098,0.0006763541533487682,-187.46123018860817,134684447.96507558,57.562604763781444,True
452348.81590652466,0.0007108413846317531,0.0003288518408055552,0.000688149607853461,-177.08090022206306,134527461.2168736,57.19319214393159,True
452648.81590628624,0.000715284517330095,0.0002784177877970251,0.0006988380049790521,-166.66589525341988,134371287.85370287,56.78676869092829,True
452948.81590628624,0.0007197188372638094,0.0002289419490750788,0.0007084471212763788,-156.21542245149612,134215914.88441877,56.344677642886374,True
453248.81590628624,0.0007241439653851087,0.00018067965430645927,0.0007170125613527034,-145.7282431870699,134061328.13482371,55.86831155880046,True
453548.8159060478,0.0007285595380354885,0.00013384266392790778,0.0007245763494481139,-135.20315058529377,133907512.25289452,55.359095112896384,True
453848.8159060478,0.0007329653781278562,8.860021586087896e-05,0.0007311855607454731,-124.63939629495144,133754450.71468207,54.81846932393454,True
454148.8159058094,0.0007373610266512031,4.5080879488068604e-05,0.0007368904319022818,-114.03553768992424,133602125.83055596,54.24787743609626,True
454448.8159058094,0.00074174635477474,3.376014717559883e-06,0.0007417436555741119,-103.39095087349415,133450518.75298733,53.6487525535989,True
454748.815905571,0.0007461209309721033,-3.645692578402304e-05,0.0007457986161654162,-92.70425802469254,133299609.48388064,53.022507075494744,True
455048.815905571,0.0007504845687813711,-7.439010576604232e-05,0.000749108957549538,-81.9746959656477,133149376.88359877,52.370523876671385,True
455348.815905571,0.0007548369132197675,-0.00011042139698247411,0.0007517273624344512,-71.20107759535313,132999798.68006168,51.69414916287256,True
455648.81590533257,0.0007591776124935489,-0.00014457025599767803,0.0007537050761214914,-60.38221928477287,132850851.47877468,50.994686860598335,True
455948.81590533257,0.000763506466310194,-0.00017687386826992224,0.0007550915602365649,-49.51732565462589,132702510.7734793,50.27339439844866,True
456248.81590509415,0.0007678231111882068,-0.00020738370022854724,0.0007559338027007811,-38.60518175363541,132554750.95743732,49.531479726266106,True
456548.81590509415,0.0007721273777946097,-0.00023616223521116808,0.0007562764317370352,-27.645076408982277,132407545.33530888,48.770099394051236,True
456848.81590509415,0.000776418908462686,-0.00026328023113819654,0.0007561611647659561,-16.635807275772095,132260866.13549984,47.99035755093023,True
457148.8159048557,0.0007806973642907141,-0.0002888142393544513,0.0007556269456827636,-5.576215475797653,132114684.52347006,47.19330569911648,True
457448.8159048557,0.000784962593563141,-0.00031284454152569197,0.0007547101086800012,5.534360259771347,131968970.61556354,46.37994307204963,True
457748.8159046173,0.0007892142023495048,-0.00033545343535479333,0.0007534439717886698,16.697228386998177,131823693.49297959,45.55121752093561,True
458048.8159046173,0.0007934520134075197,-0.00035672380892037836,0.0007518593909097149,27.91311864554882,131678821.21694116,44.70802678363537,True
458348.8159043789,0.0007976756855292679,-0.0003767379933776738,0.0007499844708007686,39.18320368230343,131534320.84401748,43.85122006377303,True
458648.8159043789,0.0008018850751361836,-0.0003955768880814503,0.0007478450654119229,50.50812056660652,131390158.44213717,42.981599817153764,True
458948.8159043789,0.0008060798489331625,-0.00041331923432608164,0.0007454645148428085,61.88902421295643,131246299.10681283,42.09992370031196,True
459248.8159041405,0.0008102596927729597,-0.0004300411155782058,0.0007428640071580617,73.32702395319939,131102706.97833568,41.20690660702743,True
459548.8159041405,0.0008144244888575466,-0.00044581563554402237,0.0007400629072620291,84.82268457114697,130959345.25939456,40.30322275434558,True
459848.81590390205,0.0008185738306318999,-0.0004607125820541569,0.0007370784049030021,96.37737862765789,130816176.23245053,39.389507789316276,True
460148.81590390205,0.0008227076564684956,-0.00047479841879294327,0.0007339263067933643,107.99151304364204,130673161.27897747,38.46636086764939,True
460448.81590390205,0.0008268256581847582,-0.0004881360921444866,0.0007306205686177236,119.6661888062954,130530260.89740877,37.53434670569292,True
460748.81590366364,0.0008309275274572621,-0.0005007850812148718,0.0007271736789746797,131.4025138914585,130387434.72270577,36.59399756853321,True
461048.81590366364,0.0008350131690614598,-0.0005128015175159817,0.0007235969967851474,143.20098942518234,130244641.54624793,35.6458151897034,True
461348.8159034252,0.0008390822365866696,-0.0005242381338064206,0.0007199003980957741,155.0628386437893,130101839.33529049,34.6902726220277,True
461648.8159034252,0.0008431346071456715,-0.0005351445263670485,0.0007160928608413997,166.98864409327507,129958985.25376709,33.72781599345535,True
461948.8159031868,0.0008471699906693839,-0.0005455671622200953,0.0007121821725490918,178.9794735610485,129816035.68275589,32.758866189807065,True
462248.8159031868,0.0008511883008141427,-0.0005555496572355878,0.0007081753901445609,191.03580467402935,129672946.24164774,31.783820437161978,True
462548.8159031868,0.0008551892571695506,-0.0005651327865052735,0.0007040785297860452,203.1586824953556,129529671.80908178,30.803053809278747,True
462848.8159029484,0.0008591726002854863,-0.0005743547186227715,0.0006998968575331332,215.34909799695015,129386166.54480241,29.816920640850654,True
463148.8159029484,0.0008631382670847074,-0.0005832512524648337,0.0006956351276734551,227.60746198892593,129242383.91167587,28.82575585704202,True
463448.81590270996,0.000867085943483138,-0.0005918557905033595,0.0006912972114392346,239.93493293225765,129098276.69723192,27.829876230672788,True
463748.81590270996,0.0008710155421663251,-0.0006001996935651732,0.0006868866170357535,252.33199614286423,128953797.03645952,26.829581549173938,True
464048.81590270996,0.0008749268717389088,-0.0006083122904101401,0.0006824062215926574,264.7994482219219,128808896.4341101,25.825155720226864,True
464348.81590247154,0.0008788196834459668,-0.000616221037091691,0.0006778583652824466,277.33826361596584,128663525.78715396,24.816867798981047,True
464648.81590247154,0.000882693927620716,-0.0006239517761912339,0.0006732451345747847,289.94881527125835,128517635.4080356,23.804972948703007,True
464948.8159022331,0.0008865493101208345,-0.000631528657038416,0.000668567982920365,302.6322210729122,128371175.0470996,22.78971334767081,True
465248.8159022331,0.0008903858087642211,-0.0006389745085471077,0.0006638282479514146,315.38877050578594,128224093.91631877,21.771319024469925,True
465548.8159019947,0.0008942030988083031,-0.000646310672209438,0.0006590266481865115,328.2196836322546,128076340.71164925,20.750008652274396,True
465848.8159019947,0.0008980012167656947,-0.0006535574467534389,0.0006541639224977303,341.12506851553917,127927863.6374016,19.725990277731192,True
466148.8159019947,0.0009017799404585755,-0.000660733875946562,0.0006492402842539491,354.10583278536797,127778610.42847641,18.699462015312598,True
466448.8159017563,0.0009055390467242961,-0.00066785797389457,0.0006442556818910816,367.1628917455673,127628528.37417623,17.6706126882067,True
466748.8159017563,0.0009092785355969352,-0.0006749469393128038,0.0006392100169954062,380.2964654415846,127477564.34194367,16.639622427795302,True
467048.81590151787,0.0009129981420312894,-0.0006820169762704609,0.000634102724028196,393.50760366022587,127325664.80007476,15.60666324352966,True
467348.81590151787,0.0009166978350565166,-0.0006890836465345274,0.0006289332301410155,406.79662327468395,127172775.84171307,14.571899544022399,True
467648.81590151787,0.0009203774747887169,-0.0006961617551723975,0.0006237006631675257,420.164181470871,127018843.20798281,13.535488638216778,True
467948.81590127945,0.0009240368604802399,-0.0007032654442014064,0.0006184039080654458,433.61113119125366,126863812.311092,12.49758119753825,True
468248.81590127945,0.0009276759961791839,-0.0007104084130844512,0.0006130418450176478,447.1376743763685,126707628.25806072,11.458321689703595,True
468548.81590104103,0.0009312946317292748,-0.0007176037112799349,0.0006076129633036942,460.7448211610317,126550235.87330161,10.417848795482268,True
468848.81590104103,0.0009348927911064533,-0.0007248641083492657,0.0006021158194826626,474.43270613253117,126391579.72239059,9.376295788357323,False
469148.8159008026,0.0009384702304853647,-0.0007322018233537619,0.000596548583875034,488.2023198902607,126231604.13430442,8.333790906379196,False
469448.8159008026,0.0009420269435982636,-0.0007396288817176355,0.0005909094705875972,502.0538897663355,126070253.22487254,7.290457689779734,False
469748.8159008026,0.0009455628114478931,-0.0007471569500694386,0.0005851964472425308,515.9880013167858,125907470.91924247,6.246415313299299,False
470048.8159005642,0.0009490776514155352,-0.0007547974087742659,0.0005794072813118945,530.0054480582476,125743200.97419626,5.201778893076874,False
470348.8159005642,0.0009525714891510274,-0.0007625615690187715,0.0005735397621267069,544.1063424646854,125577387.00101407,4.156659778036068,False
470648.8159003258,0.0009560440876833306,-0.0007704604118430325,0.0005675913204683525,558.2916503697634,125409972.48704346,3.1111658362761405,False
470948.8159003258,0.0009594954957085105,-0.0007785049817243817,0.0005615594696579684,572.5614007562399,125240900.81842247,2.065401715628799,False
471248.8159003258,0.0009629255079744658,-0.0007867060711248541,0.0005554413738411146,586.9164499640465,125070115.30101982,1.0194691062511398,False
471548.81590008736,0.0009663340145094314,-0.0007950744843014945,0.0005492341256209433,601.3573383390903,124897559.18273667,-0.026533015881742245,False
471848.81590008736,0.0009697210546935357,-0.0008036211124817783,0.0005429347815593122,615.8841093182564,124723175.67458452,-1.0725081541816743,False
472148.81589984894,0.0009730863764397032,-0.0008123566646816016,0.000536540020426024,630.4977610111237,124546907.97126378,-2.118362055801685,False
472448.81589984894,0.0009764300336324138,-0.0008212921103449844,0.0005300465978415048,645.1982750892639,124368699.27283128,-3.164002496029592,False
472748.8158996105,0.0009797517921277144,-0.0008304382973847169,0.0005234508904274904,659.9865799546242,124188492.80439332,-4.209339054232921,False
473048.8158996105,0.0009830516639157004,-0.0008398063576748882,0.0005167492931823503,674.862781599164,124006231.83699454,-5.254282908710424,False
473348.8158996105,0.000986329539627798,-0.0008494074768350401,0.0005099379381476865,689.8273789286613,123821859.7073617,-6.298746622194614,False
473648.8158993721,0.000989585239688434,-0.0008592529559336981,0.0005030127292027231,704.8810998797417,123635319.8373053,-7.3426439388095295,False
473948.8158993721,0.0009928187994360837,-0.00086935445105496,0.0004959695399779918,720.0239443331957,123446555.75357164,-8.385889583068586,False
474248.8158991337,0.0009960299757405151,-0.0008797236347390935,0.0004888038515922233,735.2568343281746,123255511.10626292,-9.428399050959737,False
474548.8158991337,0.0009992188152130527,-0.0008903726490814279,0.0004815111487950219,750.5797108858824,123062129.68823843,-10.470088414210274,False
474848.8158991337,0.0010023851455521506,-0.0009013137485567313,0.00047408655054148596,765.9932374060154,122866355.4528313,-11.510874110381348,False
475148.81589889526,0.0010055287438135976,-0.0009125594494321376,0.000466524922430267,781.4982380867004,122668132.53197962,-12.55067273977444,False
475448.81589889526,0.0010086497112537871,-0.000924122854144116,0.0004588211183111923,797.0944305211306,122467405.25467694,-13.589400859489393,False
475748.81589865685,0.0010117477727528035,-0.000936017123962074,0.0004509694921051022,812.7827890217304,122264118.16302122,-14.626974764490257,False
476048.81589865685,0.0010148229478841879,-0.0009482560381570693,0.00044296433799217994,828.5632775723934,122058216.0301435,-15.663310276888925,False
476348.8158984184,0.0010178749647917003,-0.000960853544455631,0.00043479948683256,844.4368304163218,121849643.87608561,-16.698322514959695,False
476648.8158984184,0.001020903855474361,-0.0009738242723358326,0.000426468681446579,860.4033379107714,121638346.9846914,-17.731925668686987,False
476948.8158984184,0.0010239093690032534,-0.0009871830690997285,0.00041796517968961666,876.4636318087578,121424270.91857825,-18.764032753492202,False
477248.81589818,0.0010268913510027241,-0.00100094533698325,0.0004092819837282491,892.6181993484497,121207361.53534777,-19.794555362771852,False
477548.81589818,0.0010298498029507213,-0.001015127113021208,0.0004004118533735834,908.8669800907373,120987565.00227842,-20.823403408691146,False
477848.8158979416,0.0010327844008869611,-0.0010297446664253584,0.00039134699019172103,925.2109981328249,120764827.8105223,-21.85048484141174,False
478148.8158979416,0.0010356951475783676,-0.001044815090551765,0.0003820794161555341,941.6501470804214,120539096.79013483,-22.87570536653979,False
478448.8158979416,0.0010385818029832153,-0.0010603558131947466,0.0003726006046491648,958.1851229220629,120310319.12317802,-23.898968133003688,False
478748.81589770317,0.001041444068374528,-0.0010763847658949999,0.00036290157237317544,974.8167994767427,120078442.35721591,-24.920173411027026,False
479048.81589770317,0.0010442819842605238,-0.0010929207695653531,0.00035297308021497997,991.5448700338602,119843414.41908243,-25.93921824947834,False
479348.81589746475,0.0010470951850186725,-0.001109982840603152,0.00034280517675711053,1008.3703858703375,119605183.62619327,-26.95599610140987,False
479648.81589746475,0.0010498836129750892,-0.0011275908650532074,0.0003323875763499018,1025.2933221161366,119363698.69961607,-27.970396436952672,False
479948.81589722633,0.0010526468951279654,-0.0011457649905537437,0.00032170927967456464,1042.3147012740374,119118908.77516529,-28.982304314053692,False
480248.81589722633,0.0010553849687293976,-0.0011645262246418042,0.00031075888377074534,1059.4344590753317,118870763.41527586,-29.991599931259607,False
480548.81589722633,0.0010580975203835882,-0.0011838958546661615,0.0002995242425107847,1076.6533546298742,118619212.61929071,-30.99815813278822,False
480848.8158969879,0.0010607841706261887,-0.0012038955854336564,0.00028799253455247253,1093.9723405987024,118364206.8339279,-32.00184788333909,False
481148.8158969879,0.001063444889265267,-0.0012245479304624496,0.00027615043202189327,1111.3911446481943,118105696.96405028,-33.00253170009075,False
481448.8158967495,0.0010660792189764875,-0.0012458753286068713,0.00026398366540547613,1128.9109153151512,117843634.3809778,-34.00006502869573,False
481748.8158967495,0.0010686870190182956,-0.0012679008468410302,0.00025147735308905794,1146.5316851139069,117577970.93247284,-34.99429557951061,False
482048.8158967495,0.0010712679000545583,-0.0012906474597969009,0.00023861567763105995,1164.2542948275805,117308658.95091529,-35.98506259321949,False
482348.8158965111,0.001073821455958281,-0.001314138154810962,0.00022538195562304963,1182.0796010494232,117035651.26168817,-36.972196050642495,False
482648.8158965111,0.001076347469800241,-0.001338396000960529,0.00021175867912859303,1200.0077755451202,116758901.19097227,-37.95551581154169,False
482948.81589627266,0.001078845476683559,-0.0013634434314440114,0.00019772726720646006,1218.0397890806198,116478362.57309917,-38.93483066693836,False
483248.81589627266,0.0010813152602324602,-0.0013893025649167612,0.00018326823374792411,1236.175724029541,116193989.75734065,-39.90993731700869,False
483548.81589603424,0.001083756227720768,-0.0014159941345610605,0.00016836086857807686,1254.4168914407492,115905737.61398552,-40.880619240412706,False
483848.81589603424,0.0010861681395163052,-0.0014435379903829926,0.0001529834918017059,1272.7633551508188,115613561.54096708,-41.84664547113094,False
484148.81589603424,0.0010885504709445925,-0.0014719518456445257,0.00013711314036157773,1291.2160930782557,115317417.46880262,-42.80776924678968,False
484448.8158957958,0.001090902617438294,-0.0015012509534528817,0.00012072561183629205,1309.7762985378504,115017261.86567076,-43.763726536928694,False
484748.8158957958,0.00109322434213162,-0.0015314480357631055,0.00010379558094797403,1328.4438633173704,114713051.7427943,-44.7142344302667,False
485048.8158955574,0.0010955149367993643,-0.0015625513634063282,8.629625551748177e-05,1347.2202146947384,114404744.65741938,-45.658989359025895,False
485348.8158955574,0.0010977740254627215,-0.0015945648769104537,6.819963582671562e-05,1366.1055954247713,114092298.71728244,-46.59766516537439,False
485648.8158955574,0.0011000009540501105,-0.0016274862095997378,4.9476287408367625e-05,1385.101123958826,113775672.58347823,-47.52991097031191,False
485948.815895319,0.0011021950307954149,-0.0016613056541530113,3.0095429089271875e-05,1404.2079768031836,113454825.47331822,-48.455348847870624,False
486248.815895319,0.0011043558234108274,-0.0016960050165835128,1.0025035791727532e-05,1423.4263895004988,113129717.1628495,-49.37357127923612,False
486548.81589508057,0.001106482434423139,-0.0017315546469376386,-1.0768319803844406e-05,1442.75808621943,112800307.98805429,-50.2841383614499,False
486848.81589508057,0.0011085744391037115,-0.0017679126536904732,-3.231912553047778e-05,1462.203129991889,112466558.84730484,-51.186574771999396,False
487148.81589484215,0.0011106309092225222,-0.0018050208021236358,-5.466305721313347e-05,1481.763190999627,112128431.20109515,-52.0803664487197,False
487448.81589484215,0.001112651258366749,-0.0018428028295431886,-7.783658472249044e-05,1501.4387138932943,111785887.07319099,-52.96495699376412,False
487748.81589484215,0.0011146345975767342,-0.0018811599051389294,-0.00010187686812912489,1521.231067597866,111438889.05032182,-53.83974376608664,False
488048.81589460373,0.0011165799983330468,-0.0019199670008731573,-0.0001268213510456917,1541.1416610777378,111087400.28177454,-54.704073672925105,False
488348.81589460373,0.0011184867280387735,-0.0019590686889614517,-0.00015270728365379682,1561.1711617708206,110731384.47834785,-55.5572386514826,False
488648.8158943653,0.0011203537485987996,-0.0019982729988043957,-0.00017957123322531743,1581.3211513757706,110370805.91121364,-56.398470842339755,False
488948.8158943653,0.0011221802849744565,-0.0020373465212912834,-0.00020744827981644676,1601.5922439396381,110005629.40961207,-57.226937493333445,False
489248.8158943653,0.001123965208930973,-0.0020760066897480556,-0.00023637118589192596,1621.9861133694649,109635820.35841873,-58.041735612433925,False
489548.8158941269,0.0011257073655596295,-0.0021139151539841805,-0.00026636922562772725,1642.5044088810682,109261344.69550364,-58.841886449345424,False
489848.8158941269,0.001127405860649811,-0.0021506706396223763,-0.00029746681377673667,1663.1478099673986,108882168.90840088,-59.62632989152329,False
490148.8158938885,0.0011290592726172285,-0.002185799279288858,-0.0003296818827180914,1683.9186059832573,108498260.02996998,-60.39391889975338,False
490448.8158938885,0.0011306666810685204,-0.0022187485689926234,-0.0003630238913103767,1704.8173228800297,108109585.63501781,-61.14341417799925,False
490748.81589365005,0.001132226593498144,-0.002248877369879665,-0.0003974915097586518,1725.8462285250425,107716113.83440202,-61.87347929518062,False
491048.81589365005,0.001133737873691486,-0.002275451101837689,-0.0004330699617440814,1747.006296083331,107317813.27026938,-62.58267658412886,False
491348.81589365005,0.0011351990332672925,-0.002297635274487675,-0.00046972794824284847,1768.299504444003,106914653.11010906,-63.26946418397509,False
491648.81589341164,0.0011366085086012153,-0.0023144940535075875,-0.0005074142694709849,1789.7279268801212,106506603.04041578,-63.93219471226089,False
491948.81589341164,0.0011379650064436736,-0.0023249933483668883,-0.000546054243741878,1811.2926158607006,106093633.25998138,-64.56911612261577,False
492248.8158931732,0.0011392666580254172,-0.00232800696599611,-0.0005855457541770193,1832.9963174015284,105675714.47211643,-65.17837539211753,False
492548.8158931732,0.001140512112118495,-0.002322334984569352,-0.0006257556876363424,1854.8399540930986,105252817.87768377,-65.75802577019931,False
492848.8158931732,0.001141699507418772,-0.0023067265156839767,-0.0006665162173646877,1876.8259173482656,104824915.16574438,-66.3060383337652,False
493148.8158929348,0.00114282689246176,-0.0022799169356630955,-0.0007076219968524811,1898.9567039608955,104391978.50504097,-66.82031860642459,False
493448.8158929348,0.0011438926042268392,-0.0022406771365126588,-0.0007488284741299367,1921.233716070652,103953980.5347181,-67.29872889356106,False
493748.8158926964,0.0011448944395125594,-0.0021878718360710536,-0.0007898512730264429,1943.6598759442568,103510894.35416085,-67.73911679703771,False
494048.8158926964,0.0011458304982777552,-0.0021205327117570505,-0.0008303682005816881,1966.2369530797005,103062693.51237789,-68.13935007295449,False
494348.81589245796,0.0011466984785893828,-0.0020379349655286205,-0.0008700231014984183,1988.9677756726742,102609351.99755566,-68.49735753349609,False
494648.81589245796,0.001147496345400774,-0.0019396791284123083,-0.0009084331201592022,2011.854128986597,102150844.22470583,-68.81117514929544,False
494948.81589245796,0.0011482216016366895,-0.001825763642102629,-0.0009451981593286973,2034.8990239202976,101687145.02374461,-69.0789958404148,False
495248.81589221954,0.0011488716719350522,-0.001696645474652314,-0.000979913586959924,2058.105486124754,101218229.6269111,-69.29922079280135,False
495548.81589221954,0.0011494442427539232,-0.0015532764484760264,-0.0010121851314295327,2081.4754989892244,100744073.65538366,-69.47050954164267,False
495848.8158919811,0.001149936325360887,-0.001397104483203293,-0.0010416440701135343,2105.012890174985,100264653.1051268,-69.59182567494712,False
496148.8158919811,0.001150345476056996,-0.0012300426098477146,-0.00106796381473373,2128.7195607423782,99779944.33317275,-69.66247492241071,False
496448.8158919811,0.0011506686452394822,-0.0010543949735222213,-0.001090873324770314,2152.599019497633,99289924.04167075,-69.68213267835127,False
496748.8158917427,0.0011509026459998847,-0.0008727535608272774,-0.0011101688007073562,2176.65492233634,98794569.26254511,-69.65085868283997,False
497048.8158917427,0.0011510445793055945,-0.000687871184368305,-0.0011257214905953106,2200.889784872532,98293857.34128839,-69.5690975836342,False
497348.8158915043,0.0011510909035430334,-0.0005025217130310011,-0.0011374797094703126,2225.307792171836,97787765.91999933,-69.43766529716603,False
497648.8158915043,0.0011510383813090987,-0.0003193675900661219,-0.001145467775643283,2249.91192792356,97276272.91951795,-69.25772228788016,False
497948.81589126587,0.001150883286793192,-0.00014084129463753925,-0.0011497791372789834,2274.706351518631,96759356.52206913,-69.03073593667301,False
498248.81589126587,0.0011506221585441134,3.0944231866669725e-05,-0.0011505675421261685,2299.6941405832767,96236995.15141807,-68.75843489058228,False
498548.81589126587,0.001150250978982274,0.0001942554768561422,-0.0011480344615932836,2324.879729822278,95709167.45378108,-68.4427586472054,False
498848.81589102745,0.0011497656088107848,0.0003477640648554825,-0.0011424166970357419,2350.2676074504852,95175852.27772653,-68.08580557644142,False
499148.81589102745,0.0011491621583790588,0.0004905436438775723,-0.0011339740623554917,2375.8612238168716,94637028.65309943,-67.68978223410642,False
499448.81589078903,0.0011484360408218265,0.0006220443680717835,-0.0011229766616480674,2401.6657741218805,94092675.76964395,-67.25695625336465,False
499748.81589078903,0.0011475829813941986,0.0007420493908512071,-0.0011096957880596392,2427.6852343976498,93542772.95426142,-66.789614413258,False
500048.81589078903,0.0011465983137846252,0.0008506232006197934,-0.0010943949351087667,2453.924422234297,92987299.64896736,-66.29002684067004,False
500348.8158905506,0.0011454770731325452,0.0009480559098733465,-0.0010773236241021777,2480.3887241333723,92426235.3861566,-65.76041768858263,False
500648.8158905506,0.0011442145595886623,0.00103480890118135,-0.0010587136425783683,2507.0824769735336,91859559.7643936,-65.20294217796904,False
500948.8158903122,0.0011428053666145935,0.0011114654211894504,-0.0010387752630833802,2534.0117802768946,91287252.42350937,-64.61966955919848,False
501248.8158903122,0.001141244523757414,0.0011786872164805118,-0.0010176971603641505,2561.1812284886837,90709293.01828097,-64.0125713180143,False
501548.8158900738,0.0011395262219809227,0.0012371787074130225,-0.0009956447453447481,2588.597574457526,90125661.19164774,-63.3835138826798,False
501848.8158900738,0.0011376453110889667,0.001287658359018451,-0.0009727623679225417,2616.265493452549,89536336.54773162,-62.73425502903098,False
502148.8158900738,0.0011355959130076318,0.0013308366660567117,-0.0009491728694328572,2644.1915620863438,88941298.6227609,-62.06644325791758,False
502448.81588983536,0.001133372009713631,0.0013674001008610048,-0.0009249796740107286,2672.3826199024916,88340526.85620487,-61.38161945169594,False
502748.81588983536,0.0011309679837595158,0.001398000229301033,-0.0009002690176629358,2700.8443230092525,87734000.56082879,-60.68122022947317,False
503048.81588959694,0.0011283775073574797,0.0014232463059613565,-0.0008751103888826606,2729.584310799837,87121698.8921294,-59.96658251534129,False
503348.81588959694,0.0011255947302438068,0.001443701728248925,-0.0008495595150179724,2758.6089774370193,86503600.8161404,-59.23894889867114,False
503648.81588959694,0.0011226135130597177,0.0014598822116624888,-0.000823659072359817,2787.9257027953863,85879685.07821158,-58.49947348797265,False
503948.8158893585,0.0011194275740538976,0.0014722559822644143,-0.0007974402926649304,2817.542563185096,85249930.16865772,-57.74922799346107,False
504248.8158893585,0.001116031175781275,0.001481245522967356,-0.0007709250290091063,2847.46658629179,84614314.28896661,-56.98920785770015,False
504548.8158891201,0.0011124180809613095,0.0014872292126710818,-0.0007441257188460781,2877.706786081195,83972815.31745823,-56.220338306971406,False
504848.8158891201,0.0011085829001264444,0.0014905447401361016,-0.0007170478741613806,2908.2706835716963,83325410.77310683,-55.443480208126196,False
505148.8158891201,0.0011045200330685328,0.0014914914199835039,-0.0006896897075279185,2939.167442679405,82672077.77956727,-54.65943569086235,False
505448.8158888817,0.0011002241490015842,0.001490333435441471,-0.0006620433332358289,2970.4068523049355,82012793.02753314,-53.86895347700105,False
505748.8158888817,0.0010956911750665387,0.0014873034504034877,-0.0006340964027771179,3001.9970062971115,81347532.73758282,-53.07273390381605,False
506048.81588864326,0.0010909168398416152,0.0014826044375126912,-0.0006058308317165029,3033.948654949665,80676272.62093468,-52.2714336450997,False
506348.81588864326,0.0010858983955518108,0.001476413458362913,-0.0005772249916446981,3066.27105230093,79998987.84014986,-51.46567011184802,False
506648.81588840485,0.0010806334803342994,0.0014688832341107627,-0.0005482525219875356,3098.9756147563457,79315652.96993013,-50.656025570270266,False
506948.81588840485,0.0010751217559304483,0.0014601454697071858,-0.0005188841773673403,3132.0722219944,78626241.9561762,-49.843050966462,False
507248.81588840485,0.0010693638509065462,0.0014503119231505934,-0.000489086458387078,3165.5728876143694,77930728.07533216,-49.02726950312931,False
507548.8158881664,0.001063362608187904,0.0014394769386285589,-0.0004588227488753205,3199.4894004017115,77229083.89402133,-48.2091799678328,False
507848.8158881664,0.0010571236623949853,0.0014277192510121495,-0.00042805355796105005,3233.832965269685,76521281.22637358,-47.38925984473727,False
508148.815887928,0.001050654834097764,0.0014151025198998468,-0.00039673520402061513,3268.617232784629,75807291.09349398,-46.567968239667714,False
508448.815887928,0.0010439682695443536,0.0014016778719110334,-0.00036482156806982857,3303.8542176038027,75087083.68171546,-45.74574862005851,False
508748.815887928,0.0010370798450999932,0.0013874838847982573,-0.00033226242086925595,3339.5578857809305,74360628.30192871,-44.92303141799307,False
509048.8158876896,0.001030010475267609,0.0013725478744106567,-0.00029900377919034327,3375.74301430583,73627893.34852247,-44.100236496261935,False
509348.8158876896,0.0010227880572194156,0.0013568875381224643,-0.0002649888578645232,3412.4226854145527,72888846.26039706,-43.27777550651965,False
509648.8158874512,0.0010154469709528725,0.0013405100275463155,-0.00023015568839923617,3449.613024920225,72143453.48171537,-42.45605417065431,False
509948.8158874512,0.0010080311572972188,0.0013234140022575502,-0.00019443888920278596,3487.328675940633,71391680.42463516,-41.635474481725296,False
510248.81588721275,0.0010005943989382113,0.001305588670788893,-0.0001577675066570805,3525.586764663458,70633491.43493876,-40.816436872674196,False
510548.81588721275,0.0009932036946069082,0.0012870154778283904,-0.00012006646491613537,3564.402933895588,69868849.75855358,-39.999342344091225,False
510848.81588721275,0.000985940305338378,0.0012676670118025868,-8.125443503814722e-05,3603.794925034046,69097717.51259962,-39.18459459814889,False
511148.81588697433,0.0009789028369577958,0.0012475074758810933,-4.1243844535188146e-05,3643.78142054379,68320055.65899928,-38.372602176632746,False
511448.81588697433,0.0009722111067887579,0.0012264936774784019,5.841010164431282e-08,3684.37937694788,67535823.98415911,-37.563780631450946,False
511748.8158867359,0.0009660079545288924,0.001204573024608635,4.2754045139759e-05,3725.608997821808,66744981.08287177,-36.758554759629924,False
512048.8158867359,0.0009604645081491583,0.001181685104427288,8.69518204424935e-05,3767.488963983953,65947484.34943889,-35.957360900378255,False
512348.8158867359,0.0009557831675216497,0.00115775994379419,0.00013277018569368693,3810.040066167712,65143289.97792421,-35.160649345789025,False
512648.8158864975,0.0009522023858112454,0.0011327181229034977,0.00018033752394330804,3853.283700361848,64332352.97105182,-34.36888686763702,False
512948.8158864975,0.0009500013042352257,0.0011064707693435594,0.00022979254213595368,3897.240519106388,63514627.16047924,-33.58255939650958,False
513248.8158862591,0.000949503191548082,0.001078917712106886,0.00028128696185802937,3941.933221451938,62690065.24323915,-32.80217489137614,False
513548.8158862591,0.0009510797168269588,0.0010499479935788258,0.0003349852381546725,3987.3833310976624,61858618.83088332,-32.028266411500574,False
513848.81588602066,0.0009551528102115227,0.0010194371668603708,0.0003910683044985319,4033.6151794940233,61020238.52132208,-31.261395453534742,False
514148.81588602066,0.0009621966664946825,0.000987248211259839,0.0004497328076027429,4080.6511154025793,60174873.99196284,-30.50215556630261,False
514448.81588602066,0.0009727364976424846,0.000953228401101569,0.0005111954039378475,4128.515551283956,59322474.12124302,-29.75117631796612,False
514748.81588578224,0.0009873461383686586,0.0009172083110797757,0.0005756944145645093,4177.233566425741,58462987.14129561,-29.009127644714397,False
515048.81588578224,0.0010066431393933775,0.000879001424038961,0.0006434907839185655,4226.827875956893,57596360.83040383,-28.27672464857906,False
515348.8158855438,0.0010312820704070612,0.0008383995269696243,0.0007148742877092218,4277.3241304680705,56722542.74929946,-27.554732923982055,False
515648.8158855438,0.0010619467990640927,0.0007951728570105843,0.0007901639316010289,4328.745445929468,55841480.531612284,-26.843974465352137,False
515948.8158855438,0.0010993433068958284,0.0007490654411697051,0.0008697143518112682,4381.116177968681,54953122.2390951,-26.14533427494998,False
516248.8158853054,0.0011441939571832937,0.000699792672435251,0.0009539195436154557,4434.460076652467,54057416.79113773,-25.459767751664756,False
516548.8158853054,0.0011972341715226931,0.0006470387207002659,0.001043216906442268,4488.797965191305,53154314.48446433,-24.788308990279287,False
516848.815885067,0.0012592152439572554,0.0005904498032691663,0.0011380964899956325,4544.152032986283,52243767.62025128,-24.132080141493343,False
517148.815885067,0.0013309087133216288,0.000529632577411121,0.0012391041055614949,4600.539139971137,51325731.25887004,-23.492301971485787,False
517448.81588482857,0.0014131199338292505,0.0004641449041002943,0.0013468539547041303,4657.976567357779,50400164.125769846,-22.870305844384077,False
517748.81588482857,0.0015067015732749336,0.000393492271427931,0.001462034515977706,4716.475606627762,49467029.699747235,-22.267547318912392,False
518048.81588482857,0.0016125753095554594,0.0003171175146690075,0.0015854228543119575,4776.044799901545,48526297.52044104,-21.685621653583908,False
518348.81588459015,0.001731754221472785,0.0002343924969636646,0.0017178967666815481,4836.68699580431,47577944.75635784,-21.1262815073932,False
518648.81588459015,0.0018653675199641212,0.00014460822146133978,0.0018604491023310743,4898.396221294999,46621958.08786957,-20.59145721162817,False
518948.81588435173,0.0020146914495105155,4.6959795724887954e-05,0.0020142086325023456,4961.159030236304,45658335.973165505,-20.08328005363456,False
519248.81588435173,0.002181178332871635,-5.946668744627459e-05,0.0021804588235205813,5024.9485816136,44687091.36944226,-19.60410906492744,False
519548.81588435173,0.002366495036753155,-0.00017571536471905347,0.0023606667019464567,5089.725697174668,43708255.01540721,-19.15656194497265,False
519848.8158841133,0.0025725612998285523,-0.0003029815733839314,0.00255651151569225,5155.433147422969,42721879.389836125,-18.743550818802987,False
520148.8158841133,0.0028015933507418932,-0.0004426374437684899,0.002769918928073878,5221.989318877459,41728043.4956701,-18.368323691280846,False
520448.8158838749,0.0030561621904817,-0.0005962688677527694,0.003003108721276959,5289.287920057774,40726858.65429654,-18.034512618480136,False
520748.8158838749,0.0033392486519234895,-0.0007657106629039845,0.0032586392325519853,5357.184232905507,39718475.53726105,-17.746189765943335,False
521048.8158836365,0.0036543249203806207,-0.0009531022991495774,0.003539475128953029,5425.493655778468,38703092.717071906,-17.507932797017087,False
521348.8158836365,0.004005435250468888,-0.0011609450935452514,0.0038490535142940985,5493.97477851063,37680967.09202767,-17.324901207834547,False
521648.8158836365,0.004397306418009778,-0.0013921842308377563,0.004191374852528185,5562.320433348417,36652426.62672829,-17.20292556066791,False
521948.81588339806,0.004835471381308636,-0.0016503061888215598,0.004571103381842079,5630.138872884214,35617885.956374034,-17.14861179605553,False
522248.81588339806,0.005326415951454183,-0.0019394625193172033,0.00499368470244832,5696.929977275431,34577865.54595442,-17.169463111012117,False
522548.81588315964,0.005877766910737987,-0.0022646384401809883,0.005465494363178891,5762.063697740436,33533015.264916103,-17.27402211606889,False
522848.81588315964,0.006498493942669167,-0.002631857581462782,0.005993992110795432,5824.738644912839,32484143.44948155,-17.472036035969666,False
523148.81588315964,0.007199172023601903,-0.0030484694672736623,0.006587917101079199,5883.945465639234,31432252.77994095,-17.774647595239717,False
523448.8158829212,0.007992270042902871,-0.003523521473425717,0.0072574898903532414,5938.409695554525,30378584.608508855,-18.194613461454505,False
523748.8158829212,0.008892478261081572,-0.004068262730243077,0.00801462268396591,5986.520939480513,29324673.71555593,-18.7465505301033,False
524048.8158826828,0.009917086070042032,-0.004696849416063742,0.00887313224621522,6026.25307213515,28272415.839385185,-19.447207094311555,False
524348.8158826828,0.011086350100801659,-0.005427312317920041,0.00984888220183322,6055.054128170013,27224150.65190399,-20.315749952465495,False
524648.8158824444,0.012423857422325203,-0.006282950844280322,0.010959818726270498,6069.724549394101,26182763.04206379,-21.374048077710537,False
524948.8158824444,0.013956759803649636,-0.007294335158633203,0.012225732550344759,6066.265597231686,25151805.368975222,-22.646915580025325,False
525248.8158824444,0.0157157875957946,-0.008502285694618195,0.013667562927519583,6039.7211758717895,24135642.40745479,-24.162247053423936,False
525548.815882206,0.01773476621492821,-0.00996235567754411,0.015305833953075165,5984.013309713453,23139618.277686976,-25.950930133495397,False
525848.815882206,0.020049286742712936,-0.011751755618035986,0.017157627959417,5891.814485773444,22170239.64330743,-28.04634350302604,False
526148.8158819675,0.0226940188661106,-0.013980320587791084,0.019231145228591373,5754.529975321144,21235360.150962956,-30.483129881439446,False
526448.8158819675,0.025697844363206632,-0.016808187732578972,0.02151625103197574,5562.485631771386,20344335.240154393,-33.29475456479916,False
526748.8158819675,0.0290760666709497,-0.020474966544838935,0.02396874385733838,5305.520947650075,19508091.979619563,-36.509097450721356,False
527048.8158817291,0.03281887615633247,-0.025348224492859117,0.02648463751325636,4974.1864308305085,18739025.737121787,-40.14094668528926,False
527348.8158817291,0.03687617140417125,-0.03200311913198561,0.02885884849062137,4561.754062600434,18050602.110314578,-44.179706220570154,False
527648.8158814907,0.0411406774282336,-0.041343482695708644,0.030719366300083095,4067.060936689377,17456533.762748875,-48.56977860545498,False
527948.8158814907,0.045433724675113765,-0.054733658697131204,0.03142373146852151,3497.792737811804,16969470.541005686,-53.17980299858789,False
528248.8158814907,0.04949924401333724,-0.07388947082770869,0.02991307281413924,2872.920669838786,16599360.424939672,-57.755916809341095,False
528548.8158812523,0.053010626993213975,-0.09949670245279663,0.024624648730728893,2220.4059039670974,16352023.87792192,-61.86005564368031,False
528848.8158812523,0.055608860259381054,-0.12652069443356595,0.014019546208885458,1564.601458137855,16228799.42206731,-64.83566672734094,False
529148.8158810139,0.057006459696640525,-0.13989101359393885,-0.0012984049749888982,910.6939060594887,16227775.751852095,-65.9577018877468,False
529448.8158810139,0.05710979831168365,-0.12859924942122802,-0.016916974799201512,250.38107947818935,16345855.087997537,-64.8939974084393,False
529748.8158807755,0.056028223946576555,-0.10304331683533974,-0.02833731008263385,-416.839834747836,16579905.536543466,-62.012321764856395,False
530048.8158807755,0.05399092467138175,-0.07812714249524788,-0.03473169491648065,-1079.6927977763116,16926157.724406455,-58.03821405345347,False
530348.8158807755,0.05128085250015525,-0.05912915886671044,-0.03741357947573931,-1722.7064830437303,17378844.47439121,-53.60261447418586,False
530648.815880537,0.04818145991020767,-0.0456462380487892,-0.03780724217676834,-2329.1606838665903,17929530.08187909,-49.112618107900914,False
530948.815880537,0.044929398026172664,-0.036126886173292405,-0.03690347671931704,-2884.0608662888408,18567547.50279543,-44.796801166261766,False
531248.8158802986,0.04169597053965302,-0.029276730886351743,-0.03531579812594288,-3377.9004092663527,19281056.237210426,-40.77024112647985,False
531548.8158802986,0.038592461794536764,-0.024215935151687518,-0.03341128689237394,-3807.6165014766157,20058123.574261244,-37.08084182534679,False
531848.8158802986,0.03568345762438912,-0.020375288140257908,-0.03140577965206859,-4175.1349522694945,20887516.890762486,-33.73817788682381,False
532148.8158800602,0.03300006101679842,-0.017386977518299318,-0.029422881908114817,-4485.362127643079,21759153.270398878,-30.73089948760215,False
532448.8158800602,0.030550913026337785,-0.015009390526017796,-0.027529899155936732,-4744.574701663107,22664275.180148426,-28.037113982308178,False
532748.8158798218,0.028330635852070993,-0.01308019718584319,-0.025759984810321157,-4959.371567897499,23595447.49963701,-25.630483344815953,False
533048.8158798218,0.02632582286075789,-0.0114876818881271,-0.024125874664239433,-5136.065431099385,24546456.00546077,-23.48370793830525,False
533348.8158795834,0.024519115964787924,-0.010153160501545244,-0.02262847229539844,-5280.389692429453,25512162.376572423,-21.57042467763601,False
533648.8158795834,0.022891765080468588,-0.00901998551341876,-0.0212621241637585,-5397.382033150643,26488348.984426733,-19.866155924242108,False
533948.8158795834,0.02142519090207047,-0.008046552116212524,-0.02001786465811506,-5491.38250400871,27471571.313496884,-18.348702114559497,False
534248.8158793449,0.02010184280057517,-0.007201737934110497,-0.018885349345392655,-5566.08166788891,28459026.180219434,-16.998218901579108,False
534548.8158793449,0.018905614180813417,-0.006461867994175918,-0.017853975659795296,-5624.590073034167,29448438.33047517,-15.797124450693175,False
534848.8158791065,0.01782200899245663,-0.005808661332622478,-0.016913521953210164,-5669.520715583116,30437965.065593157,-14.729923451004176,False
535148.8158791065,0.016838125029189098,-0.0052278015147635415,-0.016054456895004066,-5703.058444250375,31426117.1840113,-13.782998119156677,False
535448.8158791065,0.01594257810831546,-0.004707938184282057,-0.015268090668239864,-5727.032246679068,32411694.03325336,-12.944394352974387,False
535748.8158788681,0.015125368460656782,-0.004239967186407512,-0.014546604277496655,-5742.97238188982,33393730.444080573,-12.203617986315486,False
536048.8158788681,0.014377730343495095,-0.0038165064822806016,-0.013883017472451797,-5752.15700866282,34371453.49755267,-11.551448273243714,False
536348.8158786297,0.013692001127046457,-0.0034315154790363067,-0.01327114412767294,-5755.660674035549,35344247.34964344,-10.979771228689009,False
536648.8158786297,0.013061473935306253,-0.003080003660500097,-0.012705510481662685,-5754.383244335651,36311624.61071703,-10.481433011160668,False
536948.8158783913,0.012480283710454088,-0.0027578161332542095,-0.012181289980693677,-5749.084194228053,37273203.03969567,-10.050112182335841,False
537248.8158783913,0.011943288142209286,-0.002461464722415485,-0.011694222299121648,-5740.4013242945075,38228686.54288149,-9.680209131907079,False
537548.8158783913,0.011445979334767837,-0.002188001939032347,-0.011240553898762329,-5728.875730000436,39177849.653410956,-9.366750710914207,False
537848.8158781528,0.010984394014838453,-0.0019349191887272355,-0.010816971322173075,-5714.964785575867,40120524.828793466,-9.105308176844627,False
538148.8158781528,0.010555040236067091,-0.0017000678855367823,-0.010420545954357152,-5699.0551615431905,41056592.0364815,-8.891926648017186,False
538448.8158779144,0.01015483995230807,-0.0014815981197102701,-0.010048690863582621,-5681.478052422404,41985970.192372434,-8.723064456365105,False
538748.8158779144,0.009781067366444622,-0.0012779067484132156,-0.009699110923344634,-5662.5128905028105,42908610.11116101,-8.595540992906223,False
539048.8158779144,0.009431308775980769,-0.0010875984501126368,-0.009369771889042866,-5642.399862147868,43824488.68780348,-8.506491791783859,False
539348.815877676,0.009103420164046114,-0.0009094523123849285,-0.009058865712137987,-5621.344594426453,44733604.08711153,-8.453329810073384,False
539648.815877676,0.008795489312119183,-0.0007423944096842661,-0.00876477898160033,-5599.520392455161,45635971.75751001,-8.433711990795452,False
539948.8158774376,0.00850581306526246,-0.0005854770435007595,-0.008486075294094064,-5577.078581377864,46531621.12509591,-8.44551032479744,False
540248.8158774376,0.008232865334644127,-0.00043785934832385465,-0.008221467664172977,-5554.146559908986,47420592.84591305,-8.486786777821646,False
540548.8158771992,0.007975280531339713,-0.0002987930394624527,-0.007969805523698525,-5530.835871696472,48302936.519098856,-8.555771501144084,False
540848.8158771992,0.007731829409406888,-0.00016760897671019848,-0.007730053646717749,-5507.239995464683,49178708.78383281,-8.650843875796776,False
541148.8158771992,0.007501406995166712,-4.3707166639705974e-05,-0.007501282626456884,-5483.440788581967,50047971.73198415,-8.770515968636627,False
541448.8158769608,0.0072830167581693205,7.345246314116594e-05,-0.007282655248207703,-5459.508970268071,50910791.586023495,-8.913418076281166,False
541748.8158769608,0.007075755463110986,0.00018435789510817813,-0.007073413203436019,-5435.5027332901955,51767237.59516653,-9.07828606292163,False
542048.8158767223,0.006878807631109428,0.00028945096616439514,-0.006872873155295167,-5411.474713996053,52617381.11696746,-9.263950235044259,False
542348.8158767223,0.006691431163511567,0.00038913333168011377,-0.006680413737022661,-5387.467811696231,53461294.85189641,-9.469325564660299,False
542648.8158767223,0.006512952737423342,0.0004837709035427906,-0.00649547215005164,-5363.520198374987,54299052.20593674,-9.69340305922861,False
542948.8158764839,0.0063427590276679035,0.000573698056456351,-0.006317536420548109,-5339.6644955947995,55130726.76247618,-9.9352421423284,False
543248.8158764839,0.00618028926989322,0.0006592211472025156,-0.0061461388585399845,-5315.927112460136,55956391.84537494,-10.19396390710022,False
543548.8158762455,0.006025032118114499,0.0007406214758987062,-0.005980853722197921,-5292.331836819649,56776120.15643041,-10.468745124433562,False
543848.8158762455,0.005876518074733161,0.0008181579738106848,-0.005821290326670336,-5268.897080048919,57589983.481040865,-10.75881292273218,False
544148.8158762455,0.00573431792698162,0.0008920694872358581,-0.005667092114128636,-5245.639869585633,58398052.44538269,-11.063440039028182,False
544448.8158760071,0.005598037327947278,0.000962576816903038,-0.0055179317669828976,-5222.574305638671,59200396.32070864,-11.381940584452932,False
544748.8158760071,0.005467312323284184,0.0010298844064777768,-0.005373507208931372,-5199.710403896868,59997082.866920836,-11.713666254905887,False
545048.8158757687,0.005341809453159926,0.0010941820240759625,-0.0052335421597558,-5177.058668456972,60788178.208485,-12.058002926341885,False
545348.8158757687,0.00522121903723892,0.0011556459159862698,-0.005097779776255251,-5154.624815620482,61573746.73788614,-12.414367605661942,False
545648.8158755302,0.005105256830629336,0.001214440262089056,-0.004965984680415758,-5132.41568209976,62353851.04374758,-12.782205672826429,False
545948.8158755302,0.0049936584509865205,0.0012707179882056607,-0.004837937675034709,-5110.4345542714,63128551.85832916,-13.1609884029924,False
546248.8158755302,0.004886179985312234,0.0013246219271536575,-0.004713436644657065,-5088.685008995235,63897908.02103447,-13.550210715304173,False
546548.8158752918,0.00478259519941815,0.001376285579794967,-0.004592294010677733,-5067.169540181756,64661976.45715481,-13.949389137886703,False
546848.8158752918,0.004682693204625769,0.0014258337356523043,-0.004474334627850851,-5045.888434641063,65420812.16877536,-14.358059958558957,False
547148.8158750534,0.00458627880489565,0.0014733833787090589,-0.004359396343154742,-5024.8425953015685,66174468.23367658,-14.77577753470646,False
547448.8158750534,0.004493169322729466,0.0015190439899583907,-0.004247327012866009,-5004.030600935221,66922995.816011526,-15.202112758141922,False
547748.8158750534,0.004403195488042066,0.001562918415004333,-0.004137985562502777,-4983.452031895518,67666444.18131517,-15.636651641376849,False
548048.815874815,0.004316199295996331,0.0016051031726931342,-0.004031240004067627,-4963.10578481853,68404860.71843976,-16.078994026230415,False
548348.815874815,0.004232032307010501,0.0016456886939124615,-0.00392696589373287,-4942.988792940974,69138290.96673678,-16.528752395454152,False
548648.8158745766,0.004150556891280457,0.0016847601572180793,-0.0038250476926791066,-4923.099601253867,69866778.64631042,-16.985550770011415,False
548948.8158745766,0.0040716432783265795,0.0017223973457873853,-0.0037253759654234386,-4903.434685990214,70590365.69310156,-17.449023698018785,False
549248.8158743382,0.0039951706460289674,0.0017586753797615984,-0.003627848561972513,-4883.991586700082,71309092.29418844,-17.91881530726354,False
549548.8158743382,0.003921024858980676,0.0017936645716929434,-0.003532368493353033,-4864.766050249338,72022996.92849799,-18.394578432343383,False
549848.8158743382,0.003849099613964504,0.001827431146807612,-0.0034388451429094857,-4845.755143433809,72732116.40658623,-18.875973791385977,False
550148.8158740997,0.0037792949726498013,0.0018600372258958942,-0.0033471929090076458,-4826.955615088344,73436485.91272856,-19.362669221261058,False
550448.8158740997,0.003711516189309942,0.0018915407792405858,-0.0032573301491538587,-4808.362590223551,74136139.04826356,-19.85433895922813,False
550748.8158738613,0.0036456752565770935,0.001921996461675235,-0.0031691807414553352,-4789.973321452737,74831107.87512971,-20.350662959743428,False
551048.8158738613,0.003581687965167126,0.0019514549083510246,-0.0030826713169105346,-4771.782378941774,75521422.95966671,-20.851326258672437,False
551348.8158738613,0.003519475886913847,0.0019799636964137335,-0.002997733225345911,-4753.78615924716,76207113.41767526,-21.35601836014301,False
551648.8158736229,0.003458965035002159,0.0020075671405095363,-0.002914301299920652,-4735.981018692255,76888206.95874216,-21.86443266021622,False
551948.8158736229,0.003400084795231093,0.0020343060766663257,-0.002832312904320844,-4718.361729115248,77564729.93076804,-22.376265896850256,False
552248.8158733845,0.003342769349983146,0.002060218658868962,-0.0027517093235580603,-4700.924915373325,78236707.36391261,-22.89121761713217,False
552548.8158733845,0.00328695569715705,0.0020853397230666815,-0.002672433948802677,-4683.6655872911215,78904163.01543602,-23.408989674946383,False
552848.815873146,0.0032325847999623175,0.0021097014627002864,-0.002594433396254203,-4666.5799986720085,79567119.41192883,-23.92928573807667,False
553148.815873146,0.0031796000872627577,0.002133332900939422,-0.002517656161003856,-4649.662990704179,80225597.8941055,-24.451810821228793,False
553448.815873146,0.003127948595565145,0.002156260579681657,-0.0024420537086164984,-4632.910834819078,80879618.65866177,-24.976270825577892,False
553748.8158729076,0.003077580038329659,0.0021785082602150396,-0.002367579653824947,-4616.319690704346,81529200.80049783,-25.502372097952104,False
554048.8158729076,0.0030284460971744497,0.0022000966476980466,-0.0022941891687118243,-4599.884422406554,82174362.35465416,-26.02982100209018,False
554348.8158726692,0.002980501672619553,0.002221044169345987,-0.002221840141796605,-4583.60169865191,82815120.33678184,-26.558323495106823,False
554648.8158726692,0.002933703239009912,0.0022413661703239995,-0.002150491747155314,-4567.466705650091,83451490.78429578,-27.087584723032865,False
554948.8158726692,0.0028880097342649665,0.00226107548400023,-0.002080105275808819,-4551.475423336029,84083488.79476231,-27.61730861725962,False
555248.8158724308,0.002843382265992094,0.0022801823556903855,-0.002010643905968834,-4535.624282374978,84711128.56611641,-28.14719750511734,False
555548.8158724308,0.0027997832586607913,0.0022986939669067397,-0.0019420720115874701,-4519.908478617668,85334423.43479788,-28.676951729407733,False
555848.8158721924,0.0027571776097868833,0.002316615218262541,-0.001874356190992188,-4504.3249052912,85953385.91285966,-29.206269270278952,False
556148.8158721924,0.002715531131727071,0.0023339477633044226,-0.0018074639869389841,-4488.8687667399645,86568027.72551943,-29.73484538396168,False
556448.815871954,0.0026748120410583272,0.0023506910401636105,-0.0017413651765139093,-4473.537314578891,87178359.8472519,-30.26237224060561,False
556748.815871954,0.0026349890732715246,0.0023668409990023065,-0.0016760302559468698,-4458.325571849942,87784392.53703037,-30.78853858038559,False
557048.815871954,0.0025960330612708445,0.0023823912264617775,-0.0016114317860633776,-4443.23031206429,88386135.37383431,-31.313029369744868,False
557348.8158717155,0.00255791615005605,0.002397332427563015,-0.0015475437872574105,-4428.248392239213,88983597.29071333,-31.83552547382821,False
557648.8158717155,0.0025206111736847782,0.002411651942509252,-0.0014843413095135816,-4413.375369861722,89576786.60840857,-32.35570333972351,False
557948.8158714771,0.0024840928098742044,0.0024253346526847963,-0.001421801389305699,-4398.608540073037,90165711.06801285,-32.87323468637419,False
558248.8158714771,0.0024483362790272464,0.0024383619653747246,-0.0013599020961123642,-4383.943844228983,90750377.86393979,-33.38778621622676,False
558548.8158714771,0.0024133181291298212,0.0024507124463752916,-0.0012986231980534058,-4369.377988785505,91330793.67440769,-33.89901933436037,False
558848.8158712387,0.0023790160453183787,0.0024623616963026507,-0.0012379460673130893,-4354.908124953508,91906964.69355801,-34.40658988971244,False
559148.8158712387,0.0023454081906888508,0.002473281783920811,-0.0011778532709811884,-4340.530276983976,92478896.66164161,-34.910147935963245,False
559448.8158710003,0.0023124742060507825,0.002483442156290039,-0.0011183293555063756,-4326.2420663535595,93046594.89433578,-35.40933750906119,False
559748.8158710003,0.0022801939583049274,0.0024928085391309196,-0.001059360032712675,-4312.039558574557,93610064.31241709,-35.90379643693645,False
560048.8158710003,0.0022485486665475172,0.0025013440192651615,-0.0010009330355060797,-4297.920338526368,94169309.47027126,-36.393156169152604,False
560348.8158707619,0.0022175201036324374,0.002509008365649379,-0.0009430376385779482,-4283.881518408656,94724334.58329156,-36.87704164277017,False
560648.8158707619,0.0021870904670520915,0.0025157579511301265,-0.0008856646700152737,-4269.919462651014,95275143.55636571,-37.355071182106045,False
560948.8158705235,0.0021572432312779513,0.0025215467146040282,-0.0008288071295723398,-4256.03221167624,95821740.01011568,-37.82685643237823,False
561248.8158705235,0.0021279619113864926,0.002526325023524123,-0.0007724594906122206,-4242.216199070215,96364127.3074642,-38.29200234279148,False
561548.815870285,0.0020992312196278615,0.0025300410262332207,-0.0007166184908342643,-4228.469517529011,96902308.57923496,-38.75010718885298,False
561848.815870285,0.0020710358891439825,0.0025326395829097237,-0.000661282511707384,-4214.788740187883,97436286.7497031,-39.20076265335366,False
562148.815870285,0.0020433617159934976,0.0025340636136661487,-0.000606452261791901,-4201.171904236078,97966064.5613384,-39.64355395655298,False
562448.8158700466,0.00201619484357013,0.002534253579710821,-0.0005521304385709414,-4187.616593316197,98491644.59843832,-40.078060051941556,False
562748.8158700466,0.001989521654186707,0.0025331476360008764,-0.0004983217643115267,-4174.119673192501,99013029.31185359,-40.50385388729785,False
563048.8158698082,0.0019633295536376507,0.002530682903199022,-0.0004450334490186947,-4160.679618537426,99530221.04165927,-40.92050273260061,False
563348.8158698082,0.0019376058554388673,0.0025267945492544186,-0.0003922746941285027,-4147.293364748359,100043222.04009841,-41.327568589505006,False
563648.8158698082,0.0019123387035626456,0.0025214173419669805,-0.00034005719649599087,-4133.959034517407,100552034.49372463,-41.72460867490191,False
563948.8158695698,0.0018875167336906639,0.0025144857663974562,-0.00028839501044330973,-4120.6750265061855,101056660.54557338,-42.111175992933056,False
564248.8158695698,0.0018631284427487803,0.002505933776006941,-0.00023730432874913276,-4107.438199549913,101557102.3159093,-42.48681999528472,False
564548.8158693314,0.0018391633284503511,0.0024956968624678666,-0.00018680396652825948,-4094.2472957372665,102053361.92377359,-42.851087329441725,False
564848.8158693314,0.0018156107720077004,0.002483711296463298,-0.00013691491596290462,-4081.0996757894754,102545441.5073789,-43.20352268667823,False
565148.8158690929,0.0017924609615989505,0.0024699160647401186,-8.766066854093424e-05,-4067.994129613042,103033343.24380487,-43.543669740622796,False
565448.8158690929,0.0017697039395507112,0.0024542523779871317,-3.9066848785296315e-05,-4054.9280506521463,103517069.36890946,-43.87107218782394,False
565748.8158690929,0.0017473304980220076,0.0024366656984682322,8.838558599677526e-06,-4041.9001923948526,103996622.19654611,-44.18527487983855,False
566048.8158688545,0.0017253315758024533,0.0024171057824275977,5.602549148164826e-05,-4028.9088802933693,104472004.13671769,-44.485825053037686,False
566348.8158688545,0.0017036981714573997,0.0023955274248805836,0.00010246192213969607,-4015.951764807105,104943217.7147987,-44.772273649127314,False
566648.8158686161,0.0016824220300849855,0.0023718923310696027,0.0001481138469401344,-4003.027995824814,105410265.5890158,-45.04417671930633,False
566948.8158686161,0.0016614946846226265,0.0023461686524228753,0.00019294566433813998,-3990.1352762132883,105873150.56803706,-45.301096911583905,False
567248.8158686161,0.001640908272814019,0.00231833303894291,0.0002369202104759438,-3977.272445216775,106331875.62809132,-45.542605025088,False
567548.8158683777,0.0016206551656384417,0.0022883709648908734,0.00027999907241849087,-3964.4383590966463,106786443.9297261,-45.76828162709164,False
567848.8158683777,0.0016007277118637413,0.002256277150877395,0.00032214286274978576,-3951.631102412939,107236858.834449,-45.97771871758094,False
568148.8158681393,0.0015811187773569744,0.002222057095281116,0.0003633114499521639,-3938.8497337549925,107683123.91992986,-46.17052142564598,False
568448.8158681393,0.0015618211204152768,0.002185726795573828,0.00040346431734405996,-3926.0923136770725,108125242.99648908,-46.34630972616911,False
568748.8158679008,0.0015428281391709792,0.002147314406215628,0.0004425608676399406,-3913.3583408892155,108563220.1219171,-46.504720154005945,False
569048.8158679008,0.0015241329877343677,0.0021068593296433846,0.00048056079513258965,-3900.645923882723,108997059.61630595,-46.64540750184185,False
569348.8158679008,0.0015057293250381322,0.0020644136142493608,0.00051742445101155,-3887.9542307555676,109426766.07653323,-46.768046477414615,False
569648.8158676624,0.0014876110525123948,0.0020200416770705942,0.0005531132407625705,-3875.2826713621616,109852344.39061695,-46.872333302996935,False
569948.8158676624,0.001469771811447787,0.0019738194911838036,0.0005875899459510947,-3862.62926466763,110273799.75083396,-46.9579872346117,False
570248.815867424,0.001452205912293024,0.001925835759692518,0.0006208192022114645,-3849.993714109063,110691137.66782711,-47.02475198011218,False
570548.815867424,0.0014349074375286284,0.0018761901522736935,0.0006527677686136713,-3837.374473720789,111104363.98338513,-47.07239699759128,False
570848.815867424,0.0014178709019903972,0.0018249937096470603,0.0006834049841941692,-3824.7709496468306,111513484.88299328,-47.10071865361942,False
571148.8158671856,0.0014010909673397777,0.0017723676454579618,0.0007127030758056208,-3812.1825806349516,111918506.9082515,-47.109541225310366,False
571448.8158671856,0.0013845622107613222,0.0017184420749458695,0.000740637404838651,-3799.6080752909184,112319436.96903901,-47.09871773019088,False
571748.8158669472,0.0013682796062463095,0.0016633556483895973,0.0007671868702630036,-3787.0470471978188,112716282.35453409,-47.068130571673755,False
572048.8158669472,0.00135223797346718,0.001607253529442687,0.0007923339983548772,-3774.498172044754,113109050.74520274,-47.0176919896498,False
572348.8158669472,0.0013364325520043034,0.0015502869146928333,0.0008160653212598845,-3761.9611496180296,113497750.22348334,-46.94734431023493,False
572648.8158667088,0.0013208586805682574,0.0014926111574027345,0.0008383714457522728,-3749.4356362074614,113882389.28427494,-46.85705999019411,False
572948.8158667088,0.001305511541581258,0.001434383959377783,0.0008592470469537261,-3736.920382618904,114262976.84523165,-46.74684145595141,False
573248.8158664703,0.0012903868549057483,0.0013757648618479834,0.0008786912116818257,-3724.415619954467,114639522.25693022,-46.61672074191825,False
573548.8158664703,0.0012754799688727146,0.0013169125080310096,0.0008967070599865679,-3711.919958472252,115012035.31176284,-46.466758931452524,False
573848.8158662319,0.0012607867850122027,0.0012579844688502817,0.0009133021200682379,-3699.4335776418447,115380526.2539691,-46.2970454142159,False
574148.8158662319,0.0012463029577031719,0.0011991347768685046,0.000928487866090677,-3686.9554836153984,115745005.78816119,-46.107696967332835,False
574448.8158662319,0.001232024485732184,0.0011405134172832732,0.000942279879531327,-3674.485563710332,116105485.08788224,-45.89885668017969,False
574748.8158659935,0.0012179474679938206,0.0010822648034150006,0.0009546975645875477,-3662.023757174611,116461975.80389701,-45.670692735386766,False
575048.8158659935,0.0012040678298185345,0.0010245263787567183,0.0009657637716244949,-3649.569108814001,116814490.07197174,-45.42339706568284,False
575348.8158657551,0.0011903819839325315,0.0009674284991660898,0.0009755049525566051,-3637.122087329626,117163040.52077356,-45.157183908825566,False
575648.8158657551,0.0011768859737117017,0.0009110926141886466,0.0009839503727704368,-3624.681600496173,117507640.27834883,-44.87228827438557,False
575948.8158657551,0.0011635762627868547,0.0008556315797250136,0.0009911323186528875,-3612.2477666437626,117848302.97983441,-44.56896435043141,False
576248.8158655167,0.0011504493982492329,0.0008011487653050153,0.0009970855975041104,-3599.82075047493,118185042.77369186,-44.247483863340776,False
576548.8158655167,0.001137501735702199,0.0007477374394397884,0.0010018470275809932,-3587.399796962738,118517874.32774875,-43.90813441248723,False
576848.8158652782,0.0011247300361775902,0.00069548123181562,0.0010054555469878323,-3574.9853497594595,118846812.8353357,-43.551217801672465,False
577148.8158652782,0.0011121308538316896,0.0006444534357967768,0.0010079514627392427,-3562.5768938213587,119171874.02079515,-43.177048376236435,False
577448.8158650398,0.0010997010308569865,0.0005947175979486019,0.0010093765086054418,-3550.174718141556,119493074.14436808,-42.78595139147611,False
577748.8158650398,0.001087437230091097,0.0005463272488270832,0.0010097731898923712,-3537.7782613784075,119810430.00748636,-42.378261415689124,False
578048.8158650398,0.001075336427199015,0.0004993266623500858,0.0010091848835500628,-3525.387872442603,120123958.95728382,-41.95432079062231,False
578348.8158648014,0.0010633956395090943,0.000453750960105026,0.0010076553612421435,-3513.0038524717093,120433678.8906267,-41.51447815080498,False
578648.8158648014,0.0010516117075418106,0.0004096263834583169,0.001005228346542708,-3500.62568166852,120739608.25793803,-41.0590870137036,False
578948.815864563,0.0010399818934149815,0.0003669712908447309,0.0010019477870031324,-3488.2541597485542,121041766.06715833,-40.58850445197641,False
579248.815864563,0.001028503099931242,0.00032579606494209656,0.000997856972965394,-3475.88862426579,121340171.88610744,-40.10308984210991,False
579548.815864563,0.0010171725928868267,0.00028610425653141647,0.0009929989682078144,-3463.5295366346836,121634845.84624225,-39.60320370628061,False
579848.8158643246,0.0010059876944203724,0.0002478929153824083,0.0009874161788800961,-3451.1773963719606,121925808.64482567,-39.089206638218506,False
580148.8158643246,0.000994945531463992,0.00021115302385510404,0.0009811499683465286,-3438.831839174032,122213081.54688664,-38.56145831821316,False
580448.8158640862,0.0009840435841731107,0.00017587045761047193,0.0009742410284871994,-3426.493613168597,122496686.38742599,-38.020316621977265,False
580748.8158640862,0.0009732791246863679,0.0001420261972668868,0.0009667287518198009,-3414.1625670790672,122776645.57273056,-37.46613680984979,False
581048.8158640862,0.0009626495984932522,0.00010959713799252313,0.0009586514926951395,-3401.8390267789364,123052982.0813221,-36.89927080859683,False
581348.8158638477,0.000952152565577811,7.85565799219512e-05,0.0009500464425897803,-3389.5235862880945,123325719.46525143,-36.32006657107203,False
581648.8158638477,0.0009417854134879634,4.887459624569601e-05,0.0009409492924774554,-3377.2160833328962,123594881.85018145,-35.72886751449837,False
581948.8158636093,0.0009315458487721555,2.0518768621968775e-05,0.0009313946679014862,-3364.9173676669598,123860493.93577012,-35.12601203932218,False
582248.8158636093,0.0009214313322644103,-6.5456354150228435e-06,0.0009214155458536766,-3352.6272747814655,124122580.99513482,-34.51183311098129,False
582548.8158633709,0.0009114396504516947,-3.2354980959325985e-05,0.0009110438026382894,-3340.346685066819,124381168.87465447,-33.886657916918395,False
582848.8158633709,0.0009015683839450028,-5.69471108065045e-05,0.0009003096780801911,-3328.0756157189608,124636283.9928122,-33.25080757678884,False
583148.8158633709,0.0008918152724203872,-8.036083895035517e-05,0.0008892421438631004,-3315.814537912607,124887953.33880204,-32.60459691838447,False
583448.8158631325,0.0008821781587033164,-0.00010263566613843977,0.0008778688620978414,-3303.5641757696867,125136204.47134243,-31.94833430117301,False
583748.8158631325,0.0008726547137199444,-0.00012381157762320072,0.0008662159215688803,-3291.3245246857405,125381065.5163086,-31.282321487963873,False
584048.8158628941,0.000863242909174869,-0.00014392864309797915,0.0008543083496057591,-3279.096550345421,125622565.16474003,-30.606853566813474,False
584348.8158628941,0.0008539404685386771,-0.00016302694757541758,0.0008421695754101677,-3266.8802202045918,125860732.66975975,-29.922218904040705,False
584648.8158628941,0.0008447454011548435,-0.0001811462519754059,0.0008298220195044337,-3254.6764235794544,126095597.8441206,-29.228699142456716,False
584948.8158626556,0.0008356556546312646,-0.00019832591229373975,0.0008172867712019638,-3242.485726952553,126327191.05617125,-28.526569225761648,False
585248.8158626556,0.0008266690668338061,-0.00021460472657963692,0.0008045835769721066,-3230.3082036972046,126555543.22649352,-27.816097452021886,False
585548.8158624172,0.0008177837863475126,-0.00023002074007649753,0.0007917313275669358,-3218.144941985607,126780685.82404031,-27.09754555890689,False
585848.8158624172,0.0008089977012510622,-0.00024461122927732504,0.0007787474992753118,-3205.9960031956434,127002650.8611014,-26.371168822055406,False
586148.8158621788,0.0008003090003594584,-0.00025841253719249835,0.0007656487940188583,-3193.8624308258295,127221470.8890788,-25.63721618354397,False
586448.8158621788,0.0007917156709353935,-0.000271460060616846,0.000752450651919645,-3181.7444569170475,127437178.99294543,-24.89593038731375,False
586748.8158621788,0.0007832158414756983,-0.0002837881568495959,0.0007391676618375698,-3169.642729461193,127649808.78573143,-24.147548139121778,False
587048.8158619404,0.0007748077299266121,-0.000295430113482098,0.0007258135528402931,-3157.5581249296665,127859394.40299334,-23.392300273107107,False
587348.8158619404,0.0007664893858750145,-0.000306418121454044,0.0007124009631276351,-3145.4908376783133,128065970.4961575,-22.630411928964204,False
587648.815861702,0.000758259133983584,-0.0003167832462906972,0.0006989419596017399,-3133.4419523626566,128269572.22633867,-21.862102745125245,False
587948.815861702,0.0007501150650986721,-0.00032655541673420885,0.0006854475357229717,-3121.411642834544,128470235.25689997,-21.08758704956658,False
588248.815861702,0.0007420554879594496,-0.0003357634256531128,0.0006719281383738007,-3109.4007725715637,128667995.74660215,-20.30707406710497,False
588548.8158614635,0.000734078775063109,-0.00034443493771618705,0.0006583935437483035,-3097.4103461802006,128862890.34188065,-19.520768125140343,False
588848.8158614635,0.0007261830417119745,-0.0003525964670529902,0.0006448525521740578,-3085.4403846114874,129054956.16814505,-18.728868863275434,False
589148.8158612251,0.0007183667481626946,-0.0003602734395258267,0.0006313136731002089,-3073.4920416027308,129244230.82242922,-17.93157145345037,False
589448.8158612251,0.0007106281240709663,-0.0003674901568047062,0.0006177845439694352,-3061.5655849277973,129430752.36384812,-17.1290668118766,False
589748.8158609867,0.0007029656642123294,-0.00037426987424282743,0.0006042724974122393,-3049.6621321737766,129614559.30502723,-16.321541824059597,False
590048.8158609867,0.0006953776291230985,-0.00038063475562921667,0.0005907840597494385,-3037.7819072157145,129795690.60208574,-15.509179559879932,False
590348.8158609867,0.0006878625324498813,-0.0003866059724089155,0.0005773255052829995,-3025.9259395450354,129974185.64549376,-14.692159500182607,False
590648.8158607483,0.0006804188245878095,-0.0003922036825088071,0.0005639025482491178,-3014.0949630886316,130150084.2492501,-13.870657756625963,False
590948.8158607483,0.0006730448486875426,-0.00039744704091049243,0.0005505203259907887,-3002.2892655283213,130323426.6406203,-13.044847292013435,False
591248.8158605099,0.0006657392258424342,-0.00040235431359292306,0.0005371838371281967,-2990.510021671653,130494253.44962409,-12.214898147703813,False
591548.8158605099,0.0006585003328862162,-0.00040694278959563235,0.0005238974123660256,-2978.757489517331,130662605.69711116,-11.380977660174658,False
591848.8158605099,0.0006513267551100861,-0.00041122891616396373,0.0005106652209239115,-2967.03257137537,130828524.78379782,-10.543250688384578,False
592148.8158602715,0.0006442171357810549,-0.0004152282988911793,0.0004974911335491328,-2955.336291179061,130992052.47824484,-9.701879833818124,False
592448.8158602715,0.0006371698717402053,-0.0004189556373148662,0.0004843784252326344,-2943.668758228421,131153230.90394428,-8.85702566028272,False
592748.815860033,0.0006301836859064458,-0.00042242492187938296,0.00047133039957891754,-2932.0311200469732,131312102.52776882,-8.008846921406542,False
593048.815860033,0.0006232570806380941,-0.0004256492964316294,0.0004583498344183923,-2920.4237010478973,131468710.14619853,-7.1575007771209975,False
593348.815860033,0.0006163887484306637,-0.0004286412150804608,0.0004454394319468591,-2908.8473968952894,131623096.87255657,-6.303143021656349,False
593648.8158597946,0.0006095774008989594,-0.0004314124170718969,0.00043260165671821227,-2897.3030916154385,131775306.12321039,-5.445928304852833,False
593948.8158597946,0.0006028216254304228,-0.000433973894985229,0.000419838605538736,-2885.791177049279,131925381.60351652,-4.586010354390784,False
594248.8158595562,0.0005961201917266152,-0.0004363360333456967,0.00040715234102561837,-2874.312583953142,132073367.29375531,-3.723542206547299,False
594548.8158595562,0.0005894717061699342,-0.0004385084966145314,0.0003945445510713519,-2862.8676215708256,132219307.43435153,-2.8586764276072443,False
594848.8158593178,0.0005828750400591275,-0.0004405004259524503,0.00038201700265627636,-2851.457408219576,132363246.5114751,-1.9915653489671301,False
595148.8158593178,0.000576328831291381,-0.00044232025018686727,0.0003695710465665414,-2840.0822100937366,132505229.24110855,-1.1223612926484545,False
595448.8158593178,0.0005698319221760622,-0.0004439758924945636,0.00035720807717976033,-2828.742896363139,132645300.55419229,-0.2512168108627156,False
595748.8158590794,0.0005633831701819672,-0.00044547470977818193,0.0003449293513193563,-2817.4403067976236,132783505.58053681,0.6217150787099672,False
596048.8158590794,0.000556981313434213,-0.0004468234404271243,0.0003327358666189717,-2806.174811631441,132919889.63260475,1.4962806538909976,False
596348.815858841,0.0005506252681190534,-0.0004480283632517512,0.00032062867130555617,-2794.9472885131836,133054498.18933332,2.3723252373514025,False
596648.815858841,0.0005443137926328567,-0.00044909514298296926,0.0003086085406223127,-2783.758021146059,133187376.87922826,3.2496929522362477,False
596948.815858841,0.0005380458461918236,-0.0004500290263536044,0.00029667634339958227,-2772.6078698784113,133318571.46383364,4.128226461312209,False
597248.8158586025,0.0005318203947823344,-0.0004508347569185389,0.00028483285841929273,-2761.4976327568293,133448127.82020244,5.007766707669548,False
597548.8158586025,0.0005256362515901415,-0.00045151648890850993,0.0002730786314142364,-2750.427536532283,133576091.92320995,5.888152648825476,False
597848.8158583641,0.0005194925176235221,-0.0004520780469761121,0.00026141441205229654,-2739.398651331663,133702509.82851686,6.769220976015058,False
598148.8158583641,0.0005133880093826465,-0.00045252259906192194,0.0002498406108824014,-2728.4110541045666,133827427.6535645,7.650805837045712,False
598448.8158581257,0.0005073218488692555,-0.0004528530116658658,0.0002383578758191618,-2717.4657141417265,133950891.5604364,8.532738538208926,False
598748.8158581257,0.000501292956176477,-0.0004530715448254341,0.0002269666165979345,-2706.5628749132156,134072947.73658422,9.41484724909306,False
599048.8158581257,0.0004953004313902184,-0.0004531800912559447,0.00021566737679634684,-2695.703265681863,134193642.37667738,10.296956685922662,True
599348.8158578873,0.0004893433961022216,-0.0004531800809388642,0.00020446069108714937,-2684.8875947892666,134313021.66351253,11.178887791511668,True
599648.8158578873,0.0004834208604548173,-0.00045307238553959905,0.00019334697351425234,-2674.1161331236362,134431131.74878967,12.060457403475525,True
599948.8158576488,0.0004775320082821284,-0.0004528575105382515,0.0001823267898224401,-2663.3896084725857,134548018.73406598,12.941477902501394,True
600248.8158576488,0.0004716758765204679,-0.00045253536569589414,0.0001714005737500912,-2652.7082002460957,134663728.65104032,13.821756858288602,True
600548.8158576488,0.00046585169770448537,-0.0004521055048201106,0.00016056894792271237,-2642.0726068913937,134778307.442334,14.701096650119315,True
600848.8158574104,0.0004600587148792879,-0.000451566989568164,0.00014983256377831822,-2631.4834633767605,134891800.94139707,15.579294079775154,True
601148.8158574104,0.0004542960300837788,-0.0004509182573428916,0.00013919198082135154,-2620.940878510475,135004254.85236776,16.45613996838827,True
601448.815857172,0.0004485630242053964,-0.0004501574402695496,0.0001286480458269068,-2610.4457207024097,135115714.73064658,17.331418728920106,True
601748.815857172,0.0004428588122893937,-0.00044928191886128843,0.00011820142896823427,-2599.997950822115,135226225.96173605,18.204907932178166,True
602048.815857172,0.00043718275142680505,-0.0004482887180472517,0.00010785307638627728,-2589.598169595003,135335833.74184313,19.076377842864726,True
602348.8158569336,0.00043153422849607055,-0.0004471743265241912,9.760403546721363e-05,-2579.2469658851624,135444583.0570729,19.945590943797395,True
602648.8158569336,0.00042591248249844644,-0.0004459345198597475,8.745532198872752e-05,-2568.9443823695183,135552518.66263723,20.812301439886426,True
602948.8158566952,0.00042031700001202767,-0.00044456469225906403,7.740826228186393e-05,-2558.6911019980907,135659685.0628503,21.676254733871183,True
603248.8158566952,0.00041474707766534,-0.0004430594449047476,6.746414721447991e-05,-2548.4871347546577,135766126.48985142,22.537186891620703,True
603548.8158564568,0.0004092022875691362,-0.0004414129973326908,5.7624624790975076e-05,-2538.3332036733627,135871886.88361156,23.394824073752304,True
603848.8158564568,0.0004036819492147045,-0.0004396186667179336,4.7891293764479315e-05,-2528.2291745245457,135977009.87030703,24.248881956735453,True
604148.8158564568,0.00039818562188600825,-0.00043766931958089117,3.8266111896945176e-05,-2518.1755111813545,136081538.74243334,25.099065120515633,True
604448.8158562183,0.0003927128992463217,-0.00043555716064247463,2.8751247430847116e-05,-2508.1726635694504,136185516.4376891,25.945066421193584,True
604748.8158562183,0.0003872632384904029,-0.0004332735288414824,1.934897272803937e-05,-2498.2205657958984,136288985.51797184,26.786566341632554,True
