seconds_after_cutoff,line_of_sight_error_deg,azimuth_error_deg,elevation_error_deg,range_error_m,reference_range_m,reference_elevation_deg,reference_visible
248.81605744361877,4.207164091189332e-10,-3.106777057837462e-10,2.8965274623260484e-10,-0.00037810206413269043,137995425.9353055,-10.837129875092193,False
548.8160572052002,5.107390141399847e-10,-4.847322543355403e-10,1.8498447218462388e-10,-0.0006949007511138916,137791444.09475502,-10.854578231845041,False
848.8160572052002,6.983726401043947e-10,-7.104858923412394e-10,2.9388047551037744e-11,-0.0011748969554901123,137584409.7830855,-10.859274721144956,False
1148.8160569667816,8.786124712789953e-10,-8.89713192009367e-10,-9.180389781704434e-11,-0.0015094578266143799,137374319.45478028,-10.851228682645177,False
1448.8160569667816,1.1035865821509533e-09,-1.095827428798657e-09,-2.438405033444724e-10,-0.0019317567348480225,137161170.07873404,-10.83045586555055,False
1748.8160569667816,1.3604861044359433e-09,-1.3178862445784034e-09,-4.183533519608318e-10,-0.0024102330207824707,136944959.13729593,-10.796978408009364,False
2048.816056728363,1.576675370857391e-09,-1.4996146546764066e-09,-5.615081732912586e-10,-0.0027562379837036133,136725684.62437162,-10.750824801780638,False
2348.816056728363,1.8605863643527813e-09,-1.7287504761043238e-09,-7.589733286295086e-10,-0.00326615571975708,136503345.04381374,-10.69202984230899,False
2648.8160564899445,2.088694651416899e-09,-1.9099388737231493e-09,-9.158025449096385e-10,-0.003613710403442383,136277939.40761906,-10.620634565795147,False
2948.8160564899445,2.391630158544966e-09,-2.1420305529318284e-09,-1.1336034333453426e-09,-0.004143625497817993,136049467.2336864,-10.536686171352216,False
3248.816056251526,2.6046305644871814e-09,-2.3039774532662705e-09,-1.2845902119806851e-09,-0.004425704479217529,135817928.54347938,-10.440237931691561,False
3548.816056251526,2.909402055875242e-09,-2.5274289328081068e-09,-1.5107008977111036e-09,-0.004934579133987427,135583323.85972854,-10.331349089326135,False
3848.816056251526,3.232059085133092e-09,-2.7578721528698225e-09,-1.7548131836520042e-09,-0.0054770708084106445,135345654.203414,-10.210084742813459,False
4148.816056013107,3.4917780130869542e-09,-2.940112153737573e-09,-1.9526442684991707e-09,-0.005844026803970337,135104921.09094983,-10.076515720323176,False
4448.816056013107,3.824698364103499e-09,-3.1670879252487794e-09,-2.2127348842104766e-09,-0.0063890814781188965,134861126.53105083,-9.930718442432669,False
4748.816055774689,4.100279118457864e-09,-3.3509763852634933e-09,-2.430368795103277e-09,-0.006772845983505249,134614273.0214955,-9.772774776769433,False
5048.816055774689,4.4168594639890285e-09,-3.556948513505631e-09,-2.6849225065461724e-09,-0.007250726222991943,134364363.54533765,-9.602771881125316,False
5348.816055774689,4.7609303871276806e-09,-3.775113555093412e-09,-2.965936829468774e-09,-0.007787734270095825,134111401.56766391,-9.420802040804706,False
5648.81605553627,5.053966594646998e-09,-3.956103000746225e-09,-3.2084610523952506e-09,-0.008178308606147766,133855391.03121184,-9.226962497115895,False
5948.81605553627,5.419748891004023e-09,-4.176740731054451e-09,-3.515317814617447e-09,-0.008745551109313965,133596336.35232666,-9.02135526902396,False
6248.816055297852,5.723158749362816e-09,-4.354234306447324e-09,-3.7734988467263975e-09,-0.009135589003562927,133334242.41686605,-8.8040869714274,False
6548.816055297852,6.102288215313589e-09,-4.571404588205041e-09,-4.099373285271213e-09,-0.009709864854812622,133069114.5754289,-8.575268625506938,False
6848.816055059433,6.421903377394395e-09,-4.748329729409306e-09,-4.378133411364615e-09,-0.010113686323165894,132800958.63887629,-8.335015468874163,False
7148.816055059433,6.784310020871843e-09,-4.944496367897955e-09,-4.697051636526339e-09,-0.010614678263664246,132529780.87307417,-8.083446759088456,False
7448.816055059433,7.175327505277925e-09,-5.150781134943827e-09,-5.044404005616343e-09,-0.011176779866218567,132255587.99434656,-7.820685578651418,False
7748.816054821014,7.513486283728676e-09,-5.322362994775176e-09,-5.349176213087503e-09,-0.011583983898162842,131978387.16366883,-7.546858636649136,False
8048.816054821014,7.927167112062116e-09,-5.528960400624783e-09,-5.723566509630018e-09,-0.01217612624168396,131698185.98123462,-7.26209606970322,False
8348.816054582596,8.275337206067882e-09,-5.695142135664355e-09,-6.043490152762843e-09,-0.012579649686813354,131414992.48104253,-6.966531246302843,False
8648.816054582596,8.706870546437693e-09,-5.898726840314339e-09,-6.440701305621133e-09,-0.013189837336540222,131128815.12471041,-6.660300568128599,False
8948.816054344177,9.036667084390885e-09,-6.045070222171489e-09,-6.750148884293594e-09,-0.01351366937160492,130839662.79553893,-6.343543278110828,False
9248.816054344177,9.468701270806221e-09,-6.236859917407855e-09,-7.154379311202774e-09,-0.014094546437263489,130547544.79234248,-6.0164012661711475,False
9548.816054344177,9.920095995937398e-09,-6.431548627006123e-09,-7.579488148223845e-09,-0.014711245894432068,130252470.82278462,-5.679018883269695,False
9848.816054105759,1.0301397010054048e-08,-6.586873269043281e-09,-7.943953050926211e-09,-0.015124291181564331,129954450.99678652,-5.3315427561311255,False
10148.816054105759,1.0764718344118924e-08,-6.774598659831099e-09,-8.38624547583322e-09,-0.015740573406219482,129653495.81961913,-4.974121606414963,False
10448.81605386734,1.1159570297427284e-08,-6.92517687639338e-09,-8.768527237634771e-09,-0.0161561518907547,129349616.18506753,-4.606906078531455,False
10748.81605386734,1.1641125159058949e-08,-7.108553745638346e-09,-9.233573905476078e-09,-0.016788005828857422,129042823.36791538,-4.230048567772326,False
11048.816053628922,1.2017400250115635e-08,-7.240430477395421e-09,-9.603633888133345e-09,-0.017119020223617554,128733129.01669821,-3.843703060242908,False
11348.816053628922,1.2499970571603081e-08,-7.412211289192783e-09,-1.007508299011306e-08,-0.017719462513923645,128420545.14616007,-3.448024973206454,False
11648.816053628922,1.3002837240639104e-08,-7.585981620650273e-09,-1.0568295571999897e-08,-0.018357709050178528,128105084.12927838,-3.04317100809366,False
11948.816053390503,1.3433126746651517e-08,-7.72436692386691e-09,-1.0995848676031983e-08,-0.018783196806907654,127786758.6893266,-2.6292990066846116,False
12248.816053390503,1.3947845617769215e-08,-7.890605502325343e-09,-1.150535089422533e-08,-0.019420340657234192,127465581.89161825,-2.2065678145682384,False
12548.816053152084,1.4396787334263224e-08,-8.02552335699147e-09,-1.1954920164924943e-08,-0.019862845540046692,127141567.13540967,-1.7751371563275589,False
12848.816053152084,1.4893137600180829e-08,-8.173060450644698e-09,-1.245161240781556e-08,-0.020416438579559326,126814728.14484558,-1.335167512472102,False
13148.816053152084,1.5421286992065222e-08,-8.326480838150019e-09,-1.2980836738840651e-08,-0.021039843559265137,126485078.96095541,-0.8868200103298052,False
13448.816052913666,1.589113747903867e-08,-8.453383770756773e-09,-1.345632788529727e-08,-0.021487146615982056,126152633.93210547,-0.430256319248785,False
13748.816052913666,1.6444921606917438e-08,-8.604359891251079e-09,-1.4014294398567717e-08,-0.022145241498947144,125817407.70492095,0.034361446352110324,False
14048.816052675247,1.692656544725365e-08,-8.725180578039726e-09,-1.450468056773957e-08,-0.02258889377117157,125479415.21539858,0.5068708111691351,False
14348.816052675247,1.7501024951160104e-08,-8.87180817699118e-09,-1.508642699654672e-08,-0.02326776087284088,125138671.67898123,0.9871090214780079,False
14648.816052436829,1.7963157873975904e-08,-8.976655863079941e-09,-1.5561099964145342e-08,-0.02362172305583954,124795192.58115792,1.4749131120184993,False
14948.816052436829,1.8539136399365124e-08,-9.113136911764741e-09,-1.6147702508462203e-08,-0.02426886558532715,124448993.6676382,1.9701199720092604,False
15248.816052436829,1.913705261567272e-08,-9.250840093955048e-09,-1.6757336851469518e-08,-0.024958044290542603,124100090.93418229,2.472566395554492,False
15548.81605219841,1.9657345889773395e-08,-9.36003630158666e-09,-1.7292720144723717e-08,-0.025417685508728027,123748500.61643079,2.982089128580208,False
15848.81605219841,2.0269087063164298e-08,-9.491486707702279e-09,-1.7918790451432187e-08,-0.026110321283340454,123394239.17942189,3.4985249075516336,False
16148.816051959991,2.0804868861149255e-08,-9.59636281550047e-09,-1.8471748575166202e-08,-0.02657763659954071,123037323.3073291,4.021710484994005,False
16448.81605195999,2.143750987521256e-08,-9.723834182295832e-09,-1.9120911964876086e-08,-0.027292847633361816,122677769.8923137,4.551482654205483,False
16748.816051721573,2.195319952534501e-08,-9.81520997811458e-09,-1.965610429977005e-08,-0.027669548988342285,122315596.02387846,5.087678257855329,False
17048.816051721573,2.2587944662092907e-08,-9.934353784046834e-09,-2.03094501216583e-08,-0.028354749083518982,121950818.97777276,5.630134196740452,False
17348.816051721573,2.3246124372069395e-08,-1.0054918675450608e-08,-2.09869455147782e-08,-0.029085516929626465,121583456.20458195,6.178687422607981,False
17648.816051483154,2.3824130791688745e-08,-1.0151325113838539e-08,-2.1586022747044353e-08,-0.029578089714050293,121213525.31830995,6.7331749283467435,False
17948.816051483154,2.4497631557655887e-08,-1.026745621857117e-08,-2.228031092954552e-08,-0.03031359612941742,120841044.084648,7.293433730347999,False
18248.816051244736,2.509880248592221e-08,-1.0362668945163023e-08,-2.2903565266574333e-08,-0.030832022428512573,120466030.40953293,7.859300837694942,False
18548.816051244736,2.57543439878893e-08,-1.0467374522704631e-08,-2.3581252506232886e-08,-0.03148071467876434,120088502.32655741,8.430613221473944,False
18848.816051244736,2.6446958067710045e-08,-1.057705389939656e-08,-2.429628587208299e-08,-0.03221288323402405,119708477.98570818,9.007207768577745,False
19148.816051006317,2.7075612317439245e-08,-1.0669680250430247e-08,-2.494806139452521e-08,-0.03275109827518463,119325975.64033405,9.588921232755013,False
19448.816051006317,2.7799941578354965e-08,-1.0780183856695658e-08,-2.569536405871986e-08,-0.03353354334831238,118941013.63469231,10.175590178323635,True
19748.8160507679,2.8445827344830868e-08,-1.0871701761061558e-08,-2.636467577588064e-08,-0.03408183157444,118553610.39180288,10.767050910608678,True
20048.8160507679,2.919179697210861e-08,-1.0981466402881779e-08,-2.713392532882608e-08,-0.034885287284851074,118163784.40007305,11.363139406935112,True
20348.81605052948,2.9863129177393705e-08,-1.107437697100977e-08,-2.7828667370499716e-08,-0.03546416759490967,117771554.20084669,11.963691231026191,True
20648.81605052948,3.059244898106755e-08,-1.1177064607181819e-08,-2.858122627458215e-08,-0.036181315779685974,117376938.37459695,12.568541448558733,True
20948.81605052948,3.1361794965841256e-08,-1.1285862910881406e-08,-2.9373644849783886e-08,-0.03698772192001343,116979955.52854657,13.17752452667328,True
21248.81605029106,3.206533868945405e-08,-1.1381473541405285e-08,-3.009997051606206e-08,-0.037591978907585144,116580624.28244707,13.79047423087315,True
21548.81605029106,3.2870448585006944e-08,-1.1494819318613736e-08,-3.092759293110703e-08,-0.03845323622226715,116178963.25498845,14.407223514314532,True
21848.816050052643,3.359345101805166e-08,-1.1593442650337238e-08,-3.167251350078004e-08,-0.039067819714546204,115774991.05053103,15.027604393142118,True
22148.816050052643,3.442894512728757e-08,-1.1711506431311136e-08,-3.252961455757486e-08,-0.03996926546096802,115368726.24461451,15.651447822317326,True
22448.816049814224,3.513500108258933e-08,-1.1808680255853687e-08,-3.325627773165252e-08,-0.040494173765182495,114960187.37019996,16.27858355368999,True
22748.816049814224,3.597927177368149e-08,-1.1929756738027208e-08,-3.4120787972824473e-08,-0.0413750559091568,114549392.90343373,16.908839995233734,True
23048.816049814224,3.685365990396884e-08,-1.2056943887728266e-08,-3.501468270883379e-08,-0.04231446981430054,114136361.24909182,17.542044052303225,True
23348.816049575806,3.764071716175218e-08,-1.217262024511001e-08,-3.581999763468957e-08,-0.04299101233482361,113721110.72607197,18.17802096621515,True
23648.816049575806,3.854022572062275e-08,-1.2308248642511899e-08,-3.673712356544456e-08,-0.04394908249378204,113303659.55258816,18.816594143711804,True
23948.816049337387,3.936159965097179e-08,-1.2435492635631817e-08,-3.7574636735371314e-08,-0.04466778039932251,112884025.83171058,19.45758497095516,True
24248.816049337387,4.024922384490848e-08,-1.2576663266372634e-08,-3.84773848338682e-08,-0.04553988575935364,112462227.53570041,20.100812626941586,True
24548.81604909897,4.108273220201865e-08,-1.271490646104212e-08,-3.9324390854744706e-08,-0.046237364411354065,112038282.49191092,20.74609387755671,True
24848.81604909897,4.205010339933953e-08,-1.2877762856078334e-08,-4.0304342974195606e-08,-0.04727059602737427,111612208.3663898,21.393242868785205,True
25148.81604909897,4.3030570680262985e-08,-1.3048577329755062e-08,-4.129582720224789e-08,-0.04831095039844513,111184022.6491408,22.042070900560283,True
25448.81604886055,4.392649441895844e-08,-1.3214929595051217e-08,-4.2200625216537446e-08,-0.049092456698417664,110753742.63846879,22.69238619587843,True
25748.81604886055,4.4942245676313035e-08,-1.3405923482423532e-08,-4.322389557387396e-08,-0.050168395042419434,110321385.42501286,23.343993658755107,True
26048.81604862213,4.58782288771128e-08,-1.3595325754067744e-08,-4.416502008552925e-08,-0.050996214151382446,109886967.87640421,23.99669461455528,True
26348.81604862213,4.688649842146459e-08,-1.3804822174279252e-08,-4.517656648772572e-08,-0.05198611319065094,109450506.62060817,24.650286547765184,True
26648.81604862213,4.794696411745297e-08,-1.4032707440492231e-08,-4.623818483651121e-08,-0.05308225750923157,109012018.03082922,25.304562818591595,True
26948.816048383713,4.8938407813915605e-08,-1.4264344372350024e-08,-4.72279921837071e-08,-0.05395534634590149,108571518.20845705,25.95931237290782,True
27248.816048383713,5.005336523975497e-08,-1.4526392533298349e-08,-4.833913536117507e-08,-0.055123940110206604,108129022.96678498,26.61431943981915,True
27548.816048145294,5.1080851507598134e-08,-1.4792590263823513e-08,-4.9359584863850614e-08,-0.05601838231086731,107684547.81505731,27.269363209872292,True
27848.816048145294,5.2245094033780844e-08,-1.5094030914042378e-08,-5.051420615131974e-08,-0.05724141001701355,107238107.94132204,27.92421750937605,True
28148.816047906876,5.3267534248833347e-08,-1.5395698937936686e-08,-5.1523230126804265e-08,-0.058043092489242554,106789718.19601534,28.578650451152306,True
28448.816047906876,5.445688404461678e-08,-1.5740113212814322e-08,-5.2696172758714965e-08,-0.05925065279006958,106339393.07521628,29.23242408204523,True
28748.816047906876,5.568897376374012e-08,-1.6113119727378944e-08,-5.390814195038729e-08,-0.060527652502059937,105887146.7034417,29.885294006830943,True
29048.816047668457,5.6828144341360376e-08,-1.649834757699864e-08,-5.5022837841534056e-08,-0.061509907245635986,105432992.81664892,30.537009005112953,True
29348.816047668457,5.8106889130000956e-08,-1.692967543931445e-08,-5.627304133781763e-08,-0.0628160685300827,104976944.74497038,31.187310634614416,True
29648.81604743004,5.929588678496893e-08,-1.7378056327288505e-08,-5.742851527656967e-08,-0.06383244693279266,104519015.39572966,31.835932814781472,True
29948.81604743004,6.063359084720642e-08,-1.78793868599314e-08,-5.872783503946266e-08,-0.06519235670566559,104059217.23561074,32.482601407000125,True
30248.81604719162,6.182515629095761e-08,-1.8394445078229182e-08,-5.987526208173222e-08,-0.06611044704914093,103597562.27338348,33.12703377229053,True
30548.81604719162,6.319716414794203e-08,-1.8973423721035942e-08,-6.119734763387896e-08,-0.06745283305644989,103134062.04242124,33.76893832784771,True
30848.81604719162,6.461794344218453e-08,-1.9600918221840402e-08,-6.256166784623929e-08,-0.06886665523052216,102668727.58265954,34.40801408312799,True
31148.8160469532,6.594375442532568e-08,-2.0258141830709064e-08,-6.382396122717182e-08,-0.06997059285640717,102201569.42285085,35.04395017339557,True
31448.8160469532,6.741965563933106e-08,-2.0986874460504623e-08,-6.522861184521389e-08,-0.07140792906284332,101732597.5625515,35.676425385616334,True
31748.816046714783,6.881227961660523e-08,-2.1753805867774645e-08,-6.654170903175327e-08,-0.07256174087524414,101261821.45439038,36.30510767249279,True
32048.816046714783,7.02992935480372e-08,-2.259207576571498e-08,-6.7940014503165e-08,-0.07389570772647858,100789249.98527685,36.929653672685866,True
32348.816046714783,7.18576076812941e-08,-2.350310523979715e-08,-6.939954033668982e-08,-0.07534700632095337,100314891.45915622,37.549708221806554,True
32648.816046476364,7.334578545571117e-08,-2.44660895987181e-08,-7.077836983171437e-08,-0.07654306292533875,99838753.5777574,38.164903872369344,True
32948.816046476364,7.498919174906271e-08,-2.552766886765312e-08,-7.230007526004556e-08,-0.0780707448720932,99360843.42226696,38.774860421385,True
33248.816046237946,7.654251855590882e-08,-2.664637577254325e-08,-7.371929200417071e-08,-0.07928869128227234,98881167.435241,39.37918444379752,True
33548.816046237946,7.82588012135456e-08,-2.787808739412867e-08,-7.52865645381462e-08,-0.08085089921951294,98399731.40143742,39.97746885249054,True
33848.81604599953,7.989109775743082e-08,-2.9178011118347058e-08,-7.675503610471424e-08,-0.08211410045623779,97916540.42952119,40.569292472360104,True
34148.81604599953,8.162816140987297e-08,-3.05922185361851e-08,-7.831081916265248e-08,-0.0835626870393753,97431598.9325766,41.15421965482417,True
34448.81604599953,8.344539457165734e-08,-3.212352339687641e-08,-7.992771600129345e-08,-0.08512948453426361,96944910.61016053,41.73179992257998,True
34748.81604576111,8.519202760350477e-08,-3.374228185748507e-08,-8.145470076215133e-08,-0.0864235907793045,96456478.42833163,42.30156766781588,True
35048.81604576111,8.710801738720243e-08,-3.551505756149709e-08,-8.312729704584854e-08,-0.08805866539478302,95966304.60065283,42.86304190879983,True
35348.81604552269,8.893032106716381e-08,-3.738165332833887e-08,-8.468345669143673e-08,-0.08935904502868652,95474390.56936002,43.41572610978837,True
35648.81604552269,9.093960795617437e-08,-3.9425486875188653e-08,-8.639789683684285e-08,-0.09103795886039734,94980736.98556031,43.959108090988806,True
35948.81604528427,9.278769271207117e-08,-4.1555097141099395e-08,-8.792528660706012e-08,-0.09220518171787262,94485343.68989722,44.4926600239314,True
36248.81604528427,9.486186543127379e-08,-4.389261221149354e-08,-8.964388342747043e-08,-0.09384050965309143,93988209.69330595,45.01583854525969,True
36548.81604528427,9.70070661400208e-08,-4.640298811864341e-08,-9.13980144900961e-08,-0.09554432332515717,93489333.15682428,45.528084985613475,True
36848.81604504585,9.905260620504068e-08,-4.9036145810532616e-08,-9.301783165938105e-08,-0.09688442945480347,92988711.37195796,46.02882574467724,True
37148.81604504585,1.0128973718925538e-07,-5.1900030939577846e-08,-9.478454643385703e-08,-0.09858979284763336,92486340.74074797,46.51747282263248,True
37448.816044807434,1.0344038436771731e-07,-5.49034098185075e-08,-9.642361931128107e-08,-0.09996132552623749,91982216.75592075,46.99342451967222,True
37748.816044807434,1.0571613685840016e-07,-5.813245707031456e-08,-9.813712864570334e-08,-0.10152389109134674,91476333.98016892,47.45606633367876,True
38048.816044807434,1.0808983870649109e-07,-6.158785481602536e-08,-9.989418714440035e-08,-0.10320474207401276,90968686.0268206,47.90477205700224,True
38348.816044569016,1.1039244557012911e-07,-6.520477313642914e-08,-1.015276609450666e-07,-0.10457989573478699,90459265.53844099,48.33890509994365,True
38648.816044569016,1.1289412099426904e-07,-6.910863703524228e-08,-1.032928977906522e-07,-0.10631301999092102,89948064.16645633,48.75782005043559,True
38948.8160443306,1.1530098592442449e-07,-7.317146355489967e-08,-1.0490346369351755e-07,-0.10767567157745361,89435072.55076511,49.16086447647308,True
39248.8160443306,1.1791673735369886e-07,-7.754456987640879e-08,-1.0664436445040337e-07,-0.10941016674041748,88920280.29844414,49.54738099210021,True
39548.81604409218,1.2044400326915576e-07,-8.20835168724443e-08,-1.0822778762076268e-07,-0.11078660190105438,88403675.96299246,49.91670957743527,True
39848.81604409218,1.231102251704521e-07,-8.690918207321374e-08,-1.0986406095980783e-07,-0.11235448718070984,87885247.02255751,50.26819016800669,True
40148.81604409218,1.2588647567112466e-07,-9.201303896588797e-08,-1.1151953316357321e-07,-0.11403797566890717,87364979.8594598,50.60116549503876,True
40448.81604385376,1.285909546884516e-07,-9.728813665788039e-08,-1.1301920466166848e-07,-0.11539235711097717,86842859.73758653,50.914984176034395,True
40748.81604385376,1.3151521689950604e-07,-1.0291037710885576e-07,-1.1462847737675474e-07,-0.11711476743221283,86318870.78080109,51.20900403429634,True
41048.81604361534,1.3434066855920526e-07,-1.0867719879570359e-07,-1.1604728911152051e-07,-0.11843746900558472,85792995.95117305,51.48259561814777,True
41348.81604361534,1.3740854480801882e-07,-1.148084720625775e-07,-1.175832053945669e-07,-0.12017172574996948,85265217.02638167,51.73514589682269,True
41648.81604337692,1.402944764361018e-07,-1.210059394907148e-07,-1.1884471007306274e-07,-0.12130551040172577,84735514.57709703,51.966062080619444,True
41948.81604337692,1.434711699481518e-07,-1.27595910726086e-07,-1.2025432027940042e-07,-0.12295250594615936,84203867.94474632,52.17477552938049,True
42248.81604337692,1.4674997357416422e-07,-1.344400573088933e-07,-1.216346845467342e-07,-0.12465737760066986,83670255.2176501,52.36074568203596,True
42548.816043138504,1.4992127791735503e-07,-1.4135980563878547e-07,-1.227963011274369e-07,-0.12592709064483643,83134653.20788455,52.52346395564383,True
42848.816043138504,1.5334474787090872e-07,-1.4862655461911345e-07,-1.2405149618643918e-07,-0.12759505212306976,82597037.42762607,52.66245754334378,True
43148.816042900085,1.566639842495162e-07,-1.5593164448546304e-07,-1.2508529323440598e-07,-0.12883122265338898,82057382.0650672,52.7772930394221,True
43448.816042900085,1.6025118619035256e-07,-1.6357392951249494e-07,-1.262152125036664e-07,-0.13048970699310303,81515659.95990397,52.867579827847706,True
43748.81604266167,1.636456483875779e-07,-1.7112731143242854e-07,-1.2704580854006053e-07,-0.1315072476863861,80971842.57833585,52.93297315641043,True
44048.81604266167,1.673622376127162e-07,-1.7903499838212156e-07,-1.2800976634252947e-07,-0.133054718375206,80425899.98853022,52.97317683877767,True
44348.81604266167,1.7119681923091812e-07,-1.870963046712859e-07,-1.2893060130636513e-07,-0.1346561759710312,79877800.83408134,52.9879455160802,True
44648.81604242325,1.749216849751474e-07,-1.9506487092257885e-07,-1.2962198070454178e-07,-0.1357971578836441,79327512.30818075,52.97708643261369,True
44948.81604242325,1.7892762460167962e-07,-2.03300430712261e-07,-1.304011476577216e-07,-0.1373499184846878,78775000.1270777,52.940460680669496,True
45248.81604218483,1.8284189744691358e-07,-2.1140559169907647e-07,-1.3096904893927785e-07,-0.13847672939300537,78220228.50287482,52.87798388364109,True
45548.81604218483,1.8695025603433453e-07,-2.1964791585560306e-07,-1.3155388245422728e-07,-0.13980445265769958,77663160.1154555,52.789626304000045,True
45848.81604218483,1.9121724417853257e-07,-2.2797243559580238e-07,-1.3212675753493386e-07,-0.14124605059623718,77103756.08505729,52.67541236993631,True
46148.81604194641,1.95413207957271e-07,-2.3610778043803293e-07,-1.3251545283310406e-07,-0.1422937512397766,76541975.94228847,52.535419633630056,True
46448.81604194641,1.999070993053394e-07,-2.44435057084047e-07,-1.3300141432637247e-07,-0.14374585449695587,75977777.59887405,52.36977718512369,True
46748.81604170799,2.042967352447808e-07,-2.52488348451152e-07,-1.332892196614921e-07,-0.1447262167930603,75411117.31746154,52.17866355798387,True
47048.81604170799,2.0901851254299288e-07,-2.607397675546963e-07,-1.337021657832338e-07,-0.1461629867553711,74841949.68041533,51.9623041748252,True
47348.816041469574,2.1353191242301173e-07,-2.6855417445403873e-07,-1.3385762542839075e-07,-0.14689747989177704,74270227.55763474,51.72096838815102,True
47648.816041469574,2.1844169384799723e-07,-2.766128091025166e-07,-1.3418965494338408e-07,-0.14820463955402374,73695902.07471853,51.454966179528675,True
47948.816041469574,2.2350709651206243e-07,-2.8462679324547935e-07,-1.3453069414026686e-07,-0.14956428110599518,73118922.57828444,51.16464458314902,True
48248.816041231155,2.2845919542345203e-07,-2.9226401920823264e-07,-1.34706702681342e-07,-0.1504134237766266,72539236.6018008,50.85038390256313,True
48548.816041231155,2.3376652610388238e-07,-3.0007046802893456e-07,-1.350389382537287e-07,-0.1517104208469391,71956789.83020107,50.512593787666546,True
48848.81604099274,2.389711513310838e-07,-3.074902394928358e-07,-1.3523222008871016e-07,-0.15250712633132935,71371526.06308524,50.15170923856582,True
49148.81604099274,2.445609846934444e-07,-3.151032501591544e-07,-1.3560944012169784e-07,-0.15378859639167786,70783387.17715767,49.76818659459914,True
49448.81604075432,2.499345607611894e-07,-3.2217729994954425e-07,-1.3579711577449416e-07,-0.15433552861213684,70192313.0869601,49.362499567210136,True
49748.81604075432,2.5576843771629337e-07,-3.2952857509371825e-07,-1.3622607042407253e-07,-0.1554921269416809,69598241.70584176,48.93513536140974,True
50048.81604075432,2.617979646821914e-07,-3.3683451761135075e-07,-1.3673540877334744e-07,-0.15671104192733765,69001108.90346372,48.486590930715586,True
50348.8160405159,2.6772332019261555e-07,-3.4372860113762727e-07,-1.3715579427753255e-07,-0.15740101039409637,68400848.46360545,48.017369396299195,True
50648.8160405159,2.7406719208944133e-07,-3.508469603730191e-07,-1.3780443453015323e-07,-0.1585688292980194,67797392.0403449,47.52797665707564,True
50948.81604027748,2.803375332075081e-07,-3.575914604425634e-07,-1.3840288914934717e-07,-0.15925469994544983,67190669.11238995,47.018918212048256,True
51248.81604027748,2.8692110359698216e-07,-3.6443427120502747e-07,-1.391813668760733e-07,-0.16018367558717728,66580606.93595941,46.49069620083854,True
51548.81604027748,2.937752507283513e-07,-3.713245178005309e-07,-1.4012065463475665e-07,-0.1612585335969925,65967130.49717901,45.94380667551003,True
51848.81604003906,3.0059169032521063e-07,-3.778921779939992e-07,-1.4106043266792767e-07,-0.16189411282539368,65350162.46093771,45.37873709649611,True
52148.81604003906,3.07877559350699e-07,-3.8475150176964235e-07,-1.4228344724642739e-07,-0.16301259398460388,64729623.119739525,44.79596405101538,True
52448.816039800644,3.1509480388029593e-07,-3.9125845319176733e-07,-1.4351018506886248e-07,-0.16361339390277863,64105430.340403534,44.195951187805385,True
52748.816039800644,3.228277200443775e-07,-3.981150200615957e-07,-1.450555160431577e-07,-0.1647370606660843,63477499.509102434,43.57914734815641,True
53048.816039562225,3.305204252234745e-07,-4.046610513341875e-07,-1.4663950054227826e-07,-0.165375255048275,62845743.47458105,42.945984888192896,True
53348.816039562225,3.3861556184315554e-07,-4.1142473605759733e-07,-1.4849678819928158e-07,-0.16629184037446976,62210072.48965064,42.296878164821514,True
53648.816039562225,3.470713969680755e-07,-4.1835593833638995e-07,-1.506115197003055e-07,-0.167387455701828,61570394.15207672,41.63222217784662,True
53948.81603932381,3.5554262680450376e-07,-4.2505311625973263e-07,-1.5282218868151176e-07,-0.1680523231625557,60926613.341856785,40.952391339135914,True
54248.81603932381,3.6462139192235875e-07,-4.322056952332787e-07,-1.5542576647931128e-07,-0.16927064955234528,60278632.15867015,40.25773835300911,True
54548.81603908539,3.736852467958502e-07,-4.3909423652621626e-07,-1.5812966580597276e-07,-0.1699722483754158,59626349.85730744,39.5485931908464,True
54848.81603908539,3.8343380966810596e-07,-4.4652114183918457e-07,-1.6127521718090065e-07,-0.1712905615568161,58969662.78204721,38.82526212938536,True
55148.81603884697,3.930145717698506e-07,-4.5351512767410895e-07,-1.6447014417053651e-07,-0.17181352525949478,58308464.29925588,38.0880268442061,True
55448.81603884697,4.034259446795887e-07,-4.6120499064272735e-07,-1.6818803771911917e-07,-0.17312020808458328,57642644.73118983,37.33714352516143,True
55748.81603884697,4.1430813787399446e-07,-4.6917688223402365e-07,-1.7226732751396412e-07,-0.17458871006965637,56972091.28650798,36.57284200470315,True
56048.81603860855,4.252354101845497e-07,-4.769563872741855e-07,-1.7652408246249252e-07,-0.17553619295358658,56296687.99293382,35.79532486906115,True
56348.81603860855,4.369984702072087e-07,-4.85413579554006e-07,-1.8132410417592837e-07,-0.1771385297179222,55616315.630242065,35.00476653475251,True
56648.81603837013,4.4888583621134624e-07,-4.937619451084174e-07,-1.8635641652053891e-07,-0.17828334122896194,54930851.66389349,34.20131227383051,True
56948.81603837013,4.6149949817755905e-07,-5.026526821438893e-07,-1.9189798194929608e-07,-0.17982947826385498,54240170.1811818,33.38507715472704,True
57248.81603837013,4.7480936467076737e-07,-5.120416801673855e-07,-1.9794221373103937e-07,-0.181676983833313,53544141.831603564,32.55614489031771,True
57548.816038131714,4.883752471985518e-07,-5.214521650032111e-07,-2.0430466207699283e-07,-0.18315287679433823,52842633.769745365,31.714566556858557,True
57848.816038131714,5.03009937623178e-07,-5.317383227065875e-07,-2.1134804129019358e-07,-0.18535088747739792,52135509.606308796,30.86035916444305,True
58148.816037893295,5.179125142414281e-07,-5.420465356564819e-07,-2.187320085056399e-07,-0.18710607290267944,51422629.366648205,29.99350405634448,True
58448.816037893295,5.340403862625e-07,-5.533675278002192e-07,-2.268779866199111e-07,-0.18965859711170197,50703849.46032358,29.1139450957276,True
58748.81603765488,5.505619224436551e-07,-5.648273884162336e-07,-2.354343635602163e-07,-0.19183490425348282,49979022.66395155,28.221586622917602,True
59048.81603765488,5.682173037171707e-07,-5.771792359610117e-07,-2.447253990567333e-07,-0.19453641772270203,49247998.121700056,27.316291131495223,True
59348.81603765488,5.870105363558674e-07,-5.904109059429175e-07,-2.5475765141891316e-07,-0.19767837971448898,48510621.36877682,26.397876639555314,True
59648.81603741646,6.06437963221867e-07,-6.040037874299742e-07,-2.653197945789998e-07,-0.20055624842643738,47766734.38009718,25.466113697216418,True
59948.81603741646,6.275393334993323e-07,-6.189913221987808e-07,-2.768582554324439e-07,-0.20434853434562683,47016175.65524396,24.520721986026718,True
60248.81603717804,6.493600532116958e-07,-6.344105258904165e-07,-2.889661949723177e-07,-0.20781800150871277,46258780.34512128,23.56136645683696,True
60548.81603717804,6.731686776473033e-07,-6.515081736324646e-07,-3.021823644644428e-07,-0.21233435720205307,45494380.43174992,22.587652926879162,True
60848.81603693962,6.97624434165528e-07,-6.689607516818796e-07,-3.1592895410881283e-07,-0.2162664383649826,44722804.97230831,21.59912307618582,True
61148.81603693962,7.245410422728021e-07,-6.885346124363423e-07,-3.309704510456868e-07,-0.22150268405675888,43943880.42637378,20.595248739860597,True
61448.81603693962,7.534488390429091e-07,-7.097631282704242e-07,-3.4709129081988976e-07,-0.22735165804624557,43157431.07952777,19.57542541005634,True
61748.8160367012,7.83724068889472e-07,-7.32052683360962e-07,-3.6400209424414243e-07,-0.23303072154521942,42363279.59294773,18.538964819963667,True
62048.8160367012,8.169819769240428e-07,-7.569564104414894e-07,-3.8236425936588603e-07,-0.2400132268667221,41561247.70558893,17.48508648010276,True
62348.816036462784,8.520476277481811e-07,-7.833728830064501e-07,-4.0163040893048674e-07,-0.2469484508037567,40751157.12466555,16.412908017566977,True
62648.816036462784,8.907208126269351e-07,-8.130264745886961e-07,-4.2251987331098917e-07,-0.2553519606590271,39932830.6523547,15.321434127390381,True
62948.816036224365,9.313845973363417e-07,-8.444403647445142e-07,-4.442571004403817e-07,-0.2635035961866379,39106093.60307641,14.209543948457563,True
63248.816036224365,9.765953129883403e-07,-8.800544151199574e-07,-4.67852339980368e-07,-0.27345262467861176,38270775.58744554,13.075976615881663,True
63548.816036224365,1.0260376024460552e-06,-9.196411383527447e-07,-4.930410302250721e-07,-0.2845732942223549,37426712.74704258,11.919314742352785,True
63848.81603598595,1.0790786097085428e-06,-9.627214581087173e-07,-5.193768828348766e-07,-0.29604625701904297,36573750.56072476,10.737965525403359,True
64148.81603598595,1.138172256674324e-06,-1.0116821158590028e-06,-5.477150946120446e-07,-0.3094777762889862,35711747.36581131,9.5301391669407,False
64448.81603574753,1.2022971642470291e-06,-1.065764763552579e-06,-5.773202804704169e-07,-0.3236633986234665,34840578.77906673,8.293824274112822,False
64748.81603574753,1.2737125802506744e-06,-1.1272561550867977e-06,-6.088135000581474e-07,-0.3398153707385063,33960143.25703403,7.026759892234932,False
65048.81603574753,1.3533320228206908e-06,-1.1972755089573184e-06,-6.42113738180683e-07,-0.3580060638487339,33070369.103696108,5.726403886247891,False
65348.81603550911,1.4411182080676985e-06,-1.276179403930655e-06,-6.765573097311517e-07,-0.37761031463742256,32171223.317406654,4.3898974459712745,False
65648.81603550911,1.5408040843254793e-06,-1.3678199479727482e-06,-7.129644861159079e-07,-0.4003148376941681,31262722.796787832,3.014025712012399,False
65948.81603527069,1.651882164362047e-06,-1.4723862022947287e-06,-7.499823093670699e-07,-0.424977645277977,30344948.572542522,1.595174880728731,False
66248.81603527069,1.7795608364509342e-06,-1.5953650631672645e-06,-7.884542106151304e-07,-0.4536491632461548,29418063.943396404,0.1292867806935281,False
66548.81603503227,1.9231080227716376e-06,-1.737175693961035e-06,-8.260363997258935e-07,-0.4848208352923393,28482337.665630545,-1.3881869375220857,False
66848.81603503227,2.0907325417710142e-06,-1.9065283822783385e-06,-8.637244670595123e-07,-0.5214253030717373,27538173.7151821,-2.962326997270476,False
67148.81603503227,2.285715743592037e-06,-2.1081568775116466e-06,-8.993003808299704e-07,-0.5633440092206001,26586149.611646418,-4.598777897545868,False
67448.81603479385,2.5122142319438208e-06,-2.3481082962462096e-06,-9.295587073410161e-07,-0.6106444261968136,25627065.944002118,-6.303756136051968,False
67748.81603479385,2.7826164159840056e-06,-2.6405635651371995e-06,-9.530286337877669e-07,-0.6662512086331844,24662010.555096403,-8.084014250501738,False
68048.81603455544,3.1038819567057455e-06,-2.9957888898479723e-06,-9.628640977865643e-07,-0.7300104834139347,23692441.907958847,-9.946725546160453,False
68348.81603455544,3.4962796324620197e-06,-3.4375083259874373e-06,-9.538772545170104e-07,-0.8054924495518208,22720297.47804772,-11.899231335270981,False
68648.81603431702,3.975712847187906e-06,-3.987235089653041e-06,-9.121464543682123e-07,-0.892767671495676,21748134.554948695,-13.948555182557271,False
68948.81603431702,4.58343369005902e-06,-4.6927336541102704e-06,-8.244825373537878e-07,-0.9966148510575294,20779312.45501075,-16.100529235291482,False
69248.81603431702,5.372653316848764e-06,-5.6171167841512215e-06,-6.65821037415526e-07,-1.1195026971399784,19818226.367057715,-18.35828564208286,False
69548.8160340786,6.43757446788083e-06,-6.869219618010902e-06,-4.0322336403164627e-07,-1.2676673159003258,18870602.91673381,-20.719730922368317,False
69848.8160340786,7.957527728296335e-06,-8.65589845489012e-06,-9.713655657606068e-09,-1.4640849381685257,17943863.95403041,-23.173443490039173,False
70148.81603384018,1.0180658794842777e-05,-1.128318319842947e-05,5.139416003885344e-07,-1.7736393921077251,17047554.36898962,-25.69225951694729,False
70448.81603384018,1.3283003555841022e-05,-1.5028225107016624e-05,1.0495480644578947e-06,-2.373499682173133,16193805.948918557,-28.223813991363222,False
70748.81603384018,1.6582696548900794e-05,-1.9220527548213795e-05,1.3135691681043227e-06,-3.5933873280882835,15397764.707572106,-30.677955595646825,False
71048.81603360176,1.693094501026163e-05,-2.011317678807245e-05,1.2478420572392679e-06,-5.636558020487428,14677838.069533559,-32.91323796331935,False
71348.81603360176,9.100606806369779e-06,-1.0599591547588716e-05,2.6334874405620212e-06,-7.559562379494309,14055526.936764352,-34.72986320342397,False
71648.81603336334,1.3046383542113474e-05,9.23300643762559e-06,1.0688689449978028e-05,-6.690070245414972,13554527.455796156,-35.88386568065585,False
71948.81603336334,3.2689357633841485e-05,1.8029952968845464e-05,2.9267350349471144e-05,-2.0096562039107084,13198779.981204761,-36.13904447920427,False
72248.81603312492,5.0462806288214104e-05,-1.5940489390686707e-06,5.0446055695374525e-05,1.6368216294795275,13009309.422645088,-35.35311855944184,False
72548.81603312492,6.38969196754376e-05,-2.3088596748266355e-05,6.0930970796846395e-05,-0.3644526544958353,13000227.841812285,-33.553092771718404,False
72848.81603312492,6.417834410505009e-05,-1.5174382156146748e-05,6.284475866280559e-05,-4.564310759305954,13175197.4566409,-30.939541235256968,False
73148.8160328865,6.797305531448282e-05,9.917707473050541e-06,6.74046481172752e-05,-5.976769033819437,13526180.378913714,-27.8114248410308,False
73448.8160328865,8.045086675732142e-05,2.865046428723872e-05,7.610717153738733e-05,-4.923958119004965,14035328.975058887,-24.467363118248286,False
73748.81603264809,9.096756157289745e-05,3.688034462356882e-05,8.421314914741629e-05,-3.749430511146784,14679004.883305488,-21.140363060735275,False
74048.81603264809,9.736657196648291e-05,4.00956747625969e-05,8.958665388547615e-05,-3.351886725053191,15432002.550386755,-17.97967331700268,False
74348.81603240967,0.00010124116280460693,4.199951092687115e-05,9.276284011683344e-05,-3.521876122802496,16270619.502846856,-15.062781230145006,False
74648.81603240967,0.00010378522572269672,4.352418883968312e-05,9.468161129255748e-05,-3.914989121258259,17174261.518703476,-12.417223258749543,False
74948.81603240967,0.0001055075239425506,4.467438191113615e-05,9.589943281085311e-05,-4.352536503225565,18125916.706723932,-10.040532759081158,False
75248.81603217125,0.0001066143803784252,4.5378412266927626e-05,9.667713559657898e-05,-4.775801803916693,19111974.990676846,-7.914585504392315,False
75548.81603217125,0.00010722432679399627,4.563809190472057e-05,9.71446777882079e-05,-5.1723854430019855,20121762.027338184,-6.014601512324904,False
75848.81603193283,0.00010743534121450589,4.552121271217402e-05,9.737503846096729e-05,-5.5474389642477036,21147005.79764067,-4.314258392700033,False
76148.81603193283,0.00010733145001393442,4.50969149028424e-05,9.74223845155997e-05,-5.904795277863741,22181340.916091595,-2.7883268804194112,False
76448.81603193283,0.00010698526005373765,4.4438061195251066e-05,9.732577627596939e-05,-6.250383093953133,23219889.17686487,-1.4138542311480213,False
76748.81603169441,0.00010645558850164952,4.360188000873677e-05,9.711686371163819e-05,-6.587783206254244,24258921.680464715,-0.17055107799211272,False
77048.81603169441,0.0001057884039908965,4.262983415515009e-05,9.682144919975766e-05,-6.917732689529657,25295593.99940979,0.9592292170946346,False
77348.816031456,0.00010502123638002013,4.1561534544598544e-05,9.64581951194976e-05,-7.244020704180002,26327741.6612348,1.9906995225186557,False
77648.816031456,0.00010418162662856848,4.042023974193398e-05,9.604324381751184e-05,-7.56608247384429,27353723.39086882,2.9369182109750707,False
77948.81603121758,0.00010329222352767124,3.922993573723943e-05,9.558811449084104e-05,-7.886624280363321,28372301.308727663,3.8090784405992393,False
78248.81603121758,0.00010236930662820976,3.8004255173973434e-05,9.510262438094941e-05,-8.205137092620134,29382549.368659187,4.61677901107311,False
78548.81603121758,0.0001014258786870254,3.6755889624373594e-05,9.459407364165173e-05,-8.522452898323536,30383783.249034975,5.368265337154791,False
78848.81603097916,0.0001004721897840096,3.5495619442826865e-05,9.406813122847524e-05,-8.839979257434607,31375506.513823647,6.070637821970533,False
79148.81603097916,9.951516508748951e-05,3.4228509150580066e-05,9.352950255081538e-05,-9.156607381999493,32357369.113176618,6.730029075558417,False
79448.81603074074,9.8561159985831e-05,3.296238730854384e-05,9.298157906822979e-05,-9.474288180470467,33329135.27013206,7.351753195350828,False
79748.81603074074,9.761384114858336e-05,3.169933791014046e-05,9.242721632141127e-05,-9.791591964662075,34290658.52772909,7.94043086590535,False
80048.81603050232,9.667721529066809e-05,3.0445229214137726e-05,9.186851178633049e-05,-10.11082487553358,35241862.28237827,8.50009392981071,False
80348.81603050232,9.575283610844614e-05,2.9199899387322148e-05,9.130714675009699e-05,-10.429921053349972,36182724.534188025,9.034272764042031,False
80648.81603050232,9.484277248719816e-05,2.796638338509183e-05,9.074438705169996e-05,-10.749935746192932,37113265.90266018,9.546069332061036,False
80948.8160302639,9.39485611249062e-05,2.6747080170252957e-05,9.01812712523764e-05,-11.071931816637516,38033540.17120661,10.03821836808448,True
81248.8160302639,9.307048581264348e-05,2.5541440919596425e-05,8.961846271837715e-05,-11.394459761679173,38943626.806546144,10.513138732592536,True
81548.81603002548,9.220957474889108e-05,2.4351751875428818e-05,8.905663169223033e-05,-11.719128742814064,39843625.0254697,10.972976627329626,True
81848.81603002548,9.136557246272543e-05,2.3177038571020603e-05,8.84960500915355e-05,-12.044429294764996,40733649.07723265,11.419642075501436,True
82148.81603002548,9.053896438717708e-05,2.2018784306965244e-05,8.793712722265923e-05,-12.371618293225765,41613824.487926744,11.85483980058837,True
82448.81602978706,8.972973486140858e-05,2.0877284214293468e-05,8.738009896980259e-05,-12.70089341700077,42484285.06397109,12.280095456399453,True
82748.81602978706,8.893728747814794e-05,1.9751475775819927e-05,8.682491855971364e-05,-13.030921392142773,43345170.50473296,12.696777976779426,True
83048.81602954865,8.816188625618348e-05,1.864271422391539e-05,8.627188341137071e-05,-13.363361969590187,44196624.49690319,13.106118677223064,True
83348.81602954865,8.740277951807765e-05,1.7549782285186666e-05,8.572081634916628e-05,-13.696807093918324,45038793.19575053,13.509227642742852,True
83648.81602931023,8.666003400703269e-05,1.6473623446700003e-05,8.517193344736995e-05,-14.032652780413628,45871824.01820364,13.907107821013911,True
83948.81602931023,8.593294957758252e-05,1.541327924314828e-05,8.462504236916857e-05,-14.369872339069843,46695864.68566704,14.300667192402923,True
84248.81602931023,8.522117651413006e-05,1.4368701926059657e-05,8.408012597271863e-05,-14.70866410434246,47511062.467323765,14.690729300728998,True
84548.81602907181,8.45245269790472e-05,1.3340215673451894e-05,8.353727915277886e-05,-15.049832418560982,48317563.58867953,15.078042401746895,True
84848.81602907181,8.384221908149543e-05,1.2326740915113987e-05,8.299620915508399e-05,-15.392167121171951,49115512.769668646,15.463287431973242,True
85148.81602883339,8.317420395050221e-05,1.1328900143325882e-05,8.245710757570635e-05,-15.737002357840538,49905052.87017621,15.847084965466458,True
85448.81602883339,8.251967670784494e-05,1.0345564874114643e-05,8.191963912551614e-05,-16.083019591867924,50686324.62167584,16.23000131418505,True
85748.81602859497,8.187858094815947e-05,9.377278900046804e-06,8.138400442803118e-05,-16.431530140340328,51459466.429163314,16.612553880264638,True
86048.81602859497,8.125023204419721e-05,8.423165269277888e-06,8.084993553936215e-05,-16.781583726406097,52224614.229486376,16.995215876935266,True
86348.81602859497,8.06342634918923e-05,7.483035489030954e-06,8.031739580971475e-05,-17.13333221524954,52981901.39438348,17.378420491892193,True
86648.81602835655,8.003047543453594e-05,6.557017684372113e-06,7.978649017914563e-05,-17.487512528896332,53731458.67273011,17.76256457709915,True
86948.81602835655,7.943817034195854e-05,5.644176837904524e-06,7.925690367116545e-05,-17.842992193996906,54473414.16041831,18.148011924567133,True
87248.81602811813,7.885730860026498e-05,4.744914804177824e-06,7.872887653803673e-05,-18.201029375195503,55207893.294819,18.535096176717335,True
87548.81602811813,7.828717622347252e-05,3.858238869725028e-06,7.820205675201919e-05,-18.560330770909786,55935018.86786722,18.924123428581048,True
87848.81602811813,7.77276776672343e-05,2.9843770619208954e-06,7.767663618452048e-05,-18.921870969235897,56654911.0550853,19.315374547659115,True
88148.81602787971,7.717850314194263e-05,2.1230957543139084e-06,7.715261806495732e-05,-19.285792350769043,57367687.4543164,19.709107257171883,True
88448.81602787971,7.663902827830772e-05,1.2735461041302187e-06,7.662969652599827e-05,-19.650974191725254,58073463.13611609,20.10555800642962,True
88748.8160276413,7.61092807920744e-05,4.3609932731669687e-07,7.61081846860634e-05,-20.018763788044453,58772350.699593894,20.50494364998942,True
89048.8160276413,7.558863424187946e-05,-3.901232048519887e-07,7.558775570615239e-05,-20.387929126620293,59464460.333042204,20.907462968594576,True
89348.81602740288,7.507708659288992e-05,-1.204863622206176e-06,7.506869532392102e-05,-20.759638585150242,60149899.87932654,21.313298036437082,True
89648.81602740288,7.457413347619453e-05,-2.008800976227576e-06,7.455078050000452e-05,-21.133040845394135,60828774.903191954,21.722615466338492,True
89948.81602740288,7.40795340621104e-05,-2.802149424496747e-06,7.403404719497075e-05,-21.508280627429485,61501188.75927668,22.135567533108897,True
90248.81602716446,7.359318676291255e-05,-3.5849062669512932e-06,7.351867761684616e-05,-21.886025793850422,62167242.662828274,22.55229319848317,True
90548.81602716446,7.311457682557666e-05,-4.3577951203133125e-06,7.300440943680542e-05,-22.265252947807312,62827035.75865302,22.97291904512117,True
90848.81602692604,7.264373549559261e-05,-5.120626070720391e-06,7.249156095312514e-05,-22.647086530923843,63480665.19041286,23.397560123883224,True
91148.81602692604,7.218014641506133e-05,-5.874142090078749e-06,7.197985068430057e-05,-23.030412547290325,64128226.16872451,23.826320735051066,True
91448.81602668762,7.17238476833736e-05,-6.618183647333353e-06,7.146960189885476e-05,-23.416332334280014,64769812.03855984,24.259295136026296,True
91748.81602668762,7.127441934203997e-05,-7.353353936423446e-06,7.09606245798966e-05,-23.80404095351696,65405514.344900474,24.6965681976298,True
92048.81602668762,7.083167881420653e-05,-8.079880103650794e-06,7.045298707097913e-05,-24.19367127120495,66035422.89601803,25.138216000078497,True
92348.8160264492,7.039557058158244e-05,-8.797810380656301e-06,6.994690210859744e-05,-24.58585438132286,66659625.82681049,25.584306385130372,True
92648.8160264492,6.996565950701071e-05,-9.507789485496687e-06,6.944213872728255e-05,-24.97962437570095,67278209.65849932,26.034899465213417,True
92948.81602621078,6.95420111987844e-05,-1.0209710268327399e-05,6.893904386728877e-05,-25.376053422689438,67891259.3571491,26.49004808788938,True
93248.81602621078,6.912417793562242e-05,-1.0904247830012537e-05,6.843735740247325e-05,-25.7740548402071,68498858.38972183,26.949798272009094,True
93548.81602597237,6.871230608379956e-05,-1.1591210920869344e-05,6.79375195424825e-05,-26.174998834729195,69101088.77905579,27.414189602961468,True
93848.81602597237,6.830587133064592e-05,-1.2271394666640845e-05,6.743916455675958e-05,-26.577423572540283,69698031.15463448,27.88325560676402,True
94148.81602597237,6.790485309989696e-05,-1.2944872565867627e-05,6.694252507344345e-05,-26.981942981481552,70289764.80426551,28.357024088512414,True
94448.81602573395,6.750923836347046e-05,-1.361172945735234e-05,6.644784423315286e-05,-27.389190763235092,70876367.72156551,28.83551745153402,True
94748.81602573395,6.711862184501086e-05,-1.4272600452613915e-05,6.595487980831649e-05,-27.798122316598892,71457916.65170766,29.31875299360405,True
95048.81602549553,6.673309803986677e-05,-1.4927444340173679e-05,6.546400088325299e-05,-28.209787964820862,72034487.13602029,29.80674317664828,True
95348.81602549553,6.635227650101302e-05,-1.557688349862474e-05,6.497497161461752e-05,-28.62315358221531,72606153.55363563,30.299495885041303,True
95648.81602549553,6.597620244472227e-05,-1.62209670691027e-05,6.448809507730857e-05,-29.03901545703411,73172989.162413,30.797014657764105,True
95948.81602525711,6.560476285157801e-05,-1.685996738842732e-05,6.400347538360052e-05,-29.45748594403267,73735066.13618417,31.29929890959601,True
96248.81602525711,6.523761107229277e-05,-1.749445863197252e-05,6.352091557459971e-05,-29.87765634059906,74292455.60229841,31.806344136207503,True
96548.81602501869,6.487487446879827e-05,-1.8124421899301524e-05,6.304081762920077e-05,-30.30063097178936,74845227.67634086,32.31814209974229,True
96848.81602501869,6.451619922896243e-05,-1.8750449271465186e-05,6.256296690310137e-05,-30.725427582859993,75393451.4946733,32.83468100898231,True
97148.81602478027,6.416168700724256e-05,-1.937257860618047e-05,6.20877295034461e-05,-31.153006806969643,75937195.24639253,33.3559456778906,True
97448.81602478027,6.381105994908024e-05,-1.999131742991267e-05,6.161498081524996e-05,-31.58268265426159,76476526.20307028,33.88191768096398,True
97748.81602478027,6.346423085500235e-05,-2.0606947487067373e-05,6.114483873886911e-05,-32.01457926630974,77011510.74647193,34.41257548926049,True
98048.81602454185,6.312121688430687e-05,-2.1219640160552444e-05,6.0677555808297257e-05,-32.44925083220005,77542214.39628896,34.947894600610304,True
98348.81602454185,6.278171838651237e-05,-2.1829939186090996e-05,6.021296849922919e-05,-32.88586845993996,78068701.834932,35.48784766006127,True
98648.81602430344,6.244584442696302e-05,-2.243792781086995e-05,5.9751446393363494e-05,-33.325358122587204,78591036.93168747,36.03240456470168,True
98948.81602430344,6.211328360085164e-05,-2.3044170404773467e-05,5.9292804806432287e-05,-33.766813680529594,79109282.76509696,36.58153256746433,True
99248.81602406502,6.178414471825888e-05,-2.364877008176336e-05,5.8837411280876495e-05,-34.21114279329777,79623501.64460458,37.13519636267367,True
99548.81602406502,6.145818143078287e-05,-2.4252227547094662e-05,5.8385162674312596e-05,-34.657694295048714,80133755.13055429,37.69335817175724,True
99848.81602406502,6.113532715120136e-05,-2.4854851687905466e-05,5.7936192028762434e-05,-35.10658700764179,80640104.05252153,38.25597781193862,True
100148.8160238266,6.08156131274594e-05,-2.545685759969274e-05,5.74907624937282e-05,-35.55835135281086,81142608.52790937,38.82301276152948,True
100448.8160238266,6.0498770164421105e-05,-2.6058780434823348e-05,5.704873546363842e-05,-36.01220402121544,81641327.97800703,39.394418217204205,True
100748.81602358818,6.018491583236332e-05,-2.666076039758991e-05,5.661048887617426e-05,-36.46903637051582,82136321.14371848,39.97014713681282,True
101048.81602358818,5.987376050725655e-05,-2.7263359982043767e-05,5.617585497930122e-05,-36.927957475185394,82627646.09977359,40.55015028246071,True
101348.81602358818,5.9565382393845074e-05,-2.7866774331641864e-05,5.574515940054425e-05,-37.389663994312286,83115360.26884294,41.13437624606125,True
101648.81602334976,5.925972491181594e-05,-2.84713428015948e-05,5.531854778695333e-05,-37.85425838828087,83599520.43310241,41.72277147240588,True
101948.81602334976,5.895653002404745e-05,-2.9077603528548934e-05,5.489589417351226e-05,-38.32095390558243,84080182.74671783,42.315280272752716,True
102248.81602311134,5.8655943080702656e-05,-2.9685708057058946e-05,5.447761813570651e-05,-38.79071716964245,84557402.74656004,42.91184482356528,True
102548.81602311134,5.8357693709380105e-05,-3.0296210979940952e-05,5.4063578808438706e-05,-39.26269632577896,85031235.36160454,43.51240516462615,True
102848.81602287292,5.8061902334406554e-05,-3.090929999416403e-05,5.365416579650173e-05,-39.73773334920406,85501734.9225146,44.11689917736167,True
103148.81602287292,5.776836179909466e-05,-3.15254730480774e-05,5.3249326995796764e-05,-40.21523204445839,85968955.16985025,44.725262562284655,True
103448.81602287292,5.7477028266271125e-05,-3.214507634652364e-05,5.2849234030816206e-05,-40.69530209898949,86432949.26117143,45.337428796450865,True
103748.8160226345,5.7187947070535846e-05,-3.2768377991487796e-05,5.245418285682035e-05,-41.178431645035744,86893769.77871275,45.95332908455834,True
104048.8160226345,5.690088681832566e-05,-3.339589488859929e-05,5.206409647229293e-05,-41.66390132904053,87351468.73506957,46.572892297747266,True
104348.81602239609,5.6615970360040075e-05,-3.4027825336124806e-05,5.167938358852098e-05,-42.152526304125786,87806097.5789125,47.19604489239183,True
104648.81602239609,5.6332953514452104e-05,-3.466468899659958e-05,5.1299957689820985e-05,-42.64352037012577,88257707.19966477,47.82271082323234,True
104948.81602215767,5.6051958810481344e-05,-3.530667834183987e-05,5.092623660374329e-05,-43.137682035565376,88706347.93210138,48.45281143044636,True
105248.81602215767,5.577279602993132e-05,-3.595425039293332e-05,5.055821740995725e-05,-43.63444338738918,89152069.56000042,49.08626531890491,True
105548.81602215767,5.5495430553613585e-05,-3.6607715429681775e-05,5.01961153247521e-05,-44.133909076452255,89594921.31886448,49.72298820896916,True
105848.81602191925,5.5219912967977484e-05,-3.7267298409915384e-05,4.9840268573575486e-05,-44.636544555425644,90034951.89935127,50.36289277161352,True
106148.81602191925,5.494602853943569e-05,-3.7933429837266885e-05,4.949066088499876e-05,-45.14166423678398,90472209.44896576,51.00588844030205,True
106448.81602168083,5.4673902898675717e-05,-3.8606230731375035e-05,4.914774830666602e-05,-45.650050699710846,90906741.5739284,51.65188119016772,True
106748.81602168083,5.440330190465327e-05,-3.9286093738155614e-05,4.881150518087907e-05,-46.16092452406883,91338595.34016679,52.30077329733055,True
107048.81602168083,5.413431541775093e-05,-3.997310591330461e-05,4.8482357378532015e-05,-46.67489896714687,91767817.27466047,52.95246305590248,True
107348.81602144241,5.386691379693955e-05,-4.066741024644216e-05,4.816057830225873e-05,-47.19206680357456,92194453.36498103,53.6068444649207,True
107648.81602144241,5.3600887669770596e-05,-4.136924323461244e-05,4.7846207991142364e-05,-47.7117403447628,92618549.06006251,54.263806873486104,True
107948.816021204,5.3336385454837996e-05,-4.207848263604319e-05,4.75397863013427e-05,-48.23476965725422,93040149.26981074,54.92323457327303,True
108248.816021204,5.307318429704325e-05,-4.279523167838306e-05,4.724136081790675e-05,-48.76040376722813,93459298.36397642,55.58500634787377,True
108548.81602096558,5.2811415742463154e-05,-4.351920858880476e-05,4.695147591604609e-05,-49.28941102325916,93876040.17158738,56.24899495200691,True
108848.81602096558,5.2550859073312856e-05,-4.4250305506920995e-05,4.667021234894264e-05,-49.82104443013668,94290417.97926684,56.91506653308566,True
109148.81602096558,5.2291606052279906e-05,-4.498802150010306e-05,4.639809202444667e-05,-50.35588847100735,94702474.5301597,57.583079965509995,True
109448.81602072716,5.203363339434502e-05,-4.573178489408747e-05,4.613549776877335e-05,-50.894030928611755,95112252.02124207,58.25288610311334,True
109748.81602072716,5.177674443208757e-05,-4.648097046811017e-05,4.588259604787481e-05,-51.43481548130512,95519792.10192946,58.924326929622275,True
110048.81602048874,5.1521086995170315e-05,-4.723443026932728e-05,4.564003967288954e-05,-51.97905191779137,95925135.87166728,59.59723458641241,True
110348.81602048874,5.1266452181759735e-05,-4.799103112418379e-05,4.5408018742421064e-05,-52.526027381420135,96328323.87697499,60.27143027568613,True
110648.81602025032,5.1012965101879055e-05,-4.87490186174e-05,4.518719597967902e-05,-53.07644659280777,96729396.1090533,60.946722998327814,True
110948.81602025032,5.076046813621965e-05,-4.9506471611948655e-05,4.497787375612461e-05,-53.62981016933918,97128392.00078951,61.62290812294645,True
111248.81602025032,5.050894350793529e-05,-5.0260862792583794e-05,4.478056485623938e-05,-54.18620879948139,97525350.42321523,62.2997657378214,True
111548.8160200119,5.025845037698769e-05,-5.100900926890972e-05,4.4595906430799914e-05,-54.74605043232441,97920309.68294647,62.97705876765327,True
111848.8160200119,5.000880824105302e-05,-5.1747241229804786e-05,4.442423399808604e-05,-55.30873064696789,98313307.51840484,63.65453080989202,True
112148.81601977348,4.976014401226368e-05,-5.247076427394859e-05,4.426631376475143e-05,-55.87493549287319,98704381.09642437,64.33190363706983,True
112448.81601977348,4.951225849007032e-05,-5.3174073570971814e-05,4.412249076324315e-05,-56.44397781789303,99093567.00848012,65.00887432622102,True
112748.81601977348,4.926524513607122e-05,-5.385016632430961e-05,4.399351198003387e-05,-57.01639512181282,99480901.26741083,65.68511193086954,True
113048.81601953506,4.9019088819057726e-05,-5.4490667537265836e-05,4.387998305332985e-05,-57.59226796030998,99866419.30290452,66.36025363518469,True
113348.81601953506,4.8773610754860595e-05,-5.508560579414734e-05,4.378228766199754e-05,-58.170990005135536,100250155.95834818,67.03390029233292,True
113648.81601929665,4.852895703636422e-05,-5.562253102198156e-05,4.370122219654604e-05,-58.75330653786659,100632145.4868431,67.70561123451832,True
113948.81601929665,4.828493626288517e-05,-5.608678497992514e-05,4.3637101356353014e-05,-59.33855353295803,101012421.54696709,68.37489824477647,True
114248.81601905823,4.804167948638295e-05,-5.646023819849688e-05,4.359060581293761e-05,-59.92740374803543,101391017.19915244,69.04121852381475,True
114548.81601905823,4.779899666552928e-05,-5.672140108003987e-05,4.356190439125385e-05,-60.519195944070816,101767964.9014837,69.70396650182657,True
114848.81601905823,4.7556981803011907e-05,-5.6843930309469215e-05,4.35514061507547e-05,-61.11444130539894,102143296.50614734,70.36246427909776,True
115148.81601881981,4.73156238454425e-05,-5.679618880094495e-05,4.355919529075436e-05,-61.713214099407196,102517043.25479783,71.01595048878063,True
115448.81601881981,4.707475305731875e-05,-5.654029908441771e-05,4.358489422884304e-05,-62.31493330001831,102889235.77531749,71.6635673268212,True
115748.81601858139,4.683451410243111e-05,-5.603018917099689e-05,4.3628179795973665e-05,-62.92030881345272,103259904.07781631,72.30434547625885,True
116048.81601858139,4.6594725489969805e-05,-5.521115008377819e-05,4.368784071573373e-05,-63.5287094861269,103629077.55054393,72.93718666604637,True
116348.81601834297,4.635551146995035e-05,-5.4017229786040843e-05,4.37624317726204e-05,-64.14075146615505,103996784.95635805,73.56084358600287,True
116648.81601834297,4.611673758279664e-05,-5.2370519796340886e-05,4.384936347889834e-05,-64.75599047541618,104363054.42906955,74.1738969729021,True
116948.81601834297,4.5878396835081604e-05,-5.017879971092043e-05,4.394514948558026e-05,-65.37450230121613,104727913.46935916,74.77472976450491,True
117248.81601810455,4.564055256498246e-05,-4.733411395818621e-05,4.4045032126405204e-05,-65.9966422021389,105091388.94189301,75.36149847145734,True
117548.81601810455,4.540304814207906e-05,-4.371258123114785e-05,4.41422749446474e-05,-66.62187404930592,105453507.0715855,75.9321022690259,True
117848.81601786613,4.5166007819354486e-05,-3.917336795211668e-05,4.422835733919328e-05,-67.25079387426376,105814293.44028433,76.48415089936806,True
118148.81601786613,4.492926287938664e-05,-3.356230649842473e-05,4.429183732668207e-05,-67.88281518220901,106173772.9835551,77.01493337786555,True
118448.81601786613,4.469286213810913e-05,-2.6715589115156035e-05,4.431849990282899e-05,-68.51822589337826,106531969.98765157,77.5213907212427,True
118748.81601762772,4.445689882981016e-05,-1.8469575536528282e-05,4.429074655831755e-05,-69.15748530626297,106888908.08673336,78.00009761114293,True
119048.81601762772,4.422114771981657e-05,-8.677553466895915e-06,4.418698662789211e-05,-69.79977886378765,107244610.25946574,78.44725991239417,True
119348.8160173893,4.39857469263799e-05,2.7705735021754663e-06,4.398248889003753e-05,-70.44573779404163,107599098.8271037,78.85873709784313,True
119648.8160173893,4.375054687104742e-05,1.591626480035302e-05,4.3649336092244084e-05,-71.09484824538231,107952395.45066723,79.23010031190643,True
119948.81601715088,4.3515672045002844e-05,3.0700487542389965e-05,4.315838928903304e-05,-71.74767969548702,108304521.12858517,79.55673697287894,True
120248.81601715088,4.328095573347883e-05,4.6926899358368246e-05,4.2481049874254495e-05,-72.40364818274975,108655496.19454427,79.8340101755511,True
120548.81601715088,4.304649220795788e-05,6.424043283459469e-05,4.1592952598534794e-05,-73.0631984770298,109005340.31572758,80.0574742201451,True
120848.81601691246,4.281227898923701e-05,8.212232160076383e-05,4.047740168289238e-05,-73.72639028728008,109354072.49044584,80.22313592700112,True
121148.81601691246,4.257816687860119e-05,9.991804648734615e-05,3.912905516756382e-05,-74.39270728826523,109701711.04716423,80.32773643138506,True
121448.81601667404,4.2344296870983464e-05,0.00011690352866366993,3.755686641682132e-05,-75.06276872754097,110048273.6428629,80.36901425546903,True
121748.81601667404,4.211050869223657e-05,0.0001323698267299278,3.5784483031875425e-05,-75.73601326346397,110393777.26171796,80.34590391819748,True
122048.81601643562,4.187692429241358e-05,0.00014572150286085161,3.384891671487367e-05,-76.41297674179077,110738238.21416856,80.25863052186617,True
122348.81601643562,4.1643426227118054e-05,0.00015654714550805693,3.17964876046517e-05,-77.09326232969761,111081672.13628685,80.10868025136637,True
122648.81601643562,4.141001494712206e-05,0.00016465806996279753,2.967784620011571e-05,-77.77693045139313,111424093.98866831,79.89865356960668,True
122948.8160161972,4.1176755967095164e-05,0.00017008060555667726,2.7542692023985182e-05,-78.46428735554218,111765518.05668202,79.63203214269119,True
123248.8160161972,4.094351082651416e-05,0.00017301273382486215,2.543550121458793e-05,-79.15485501289368,112105957.9501115,79.31290368438401,True
123548.81601595879,4.071040140537797e-05,0.00017376906336608045,2.339283641106249e-05,-79.84915153682232,112445426.60312435,78.94568831349976,True
123848.81601595879,4.04772780136207e-05,0.00017271805157292874,2.144227265432619e-05,-80.54665459692478,112783936.27471703,78.5348990634259,True
124148.81601595879,4.0244192366715665e-05,0.00017023709509089713,1.9602582923994305e-05,-81.24761107563972,113121498.54918309,78.08495419185502,True
124448.81601572037,4.001123758621017e-05,0.0001666781378446558,1.788478407149796e-05,-81.95241852104664,113458124.33709237,77.60004536175342,True
124748.81601572037,3.977821084497651e-05,0.00016234714144047757,1.6293708867465284e-05,-82.6603549271822,113793823.8758422,77.08405650735736,True
125048.81601548195,3.954524661891595e-05,0.0001575007870258105,1.4829326389076414e-05,-83.37196941673756,114128606.73144002,76.54052357269775,True
125348.81601548195,3.9312212288196854e-05,0.0001523433923864559,1.3488319140719796e-05,-84.0868040472269,114462481.79986376,75.97262421986449,True
125648.81601524353,3.907922959894715e-05,0.0001470346103076281,1.2265023983104584e-05,-84.80535350739956,114795457.30864026,75.38318766497885,True
125948.81601524353,3.884614951452263e-05,0.000141693415315558,1.1152558315075112e-05,-85.52709810435772,115127540.81899348,74.7747167185626,True
126248.81601524353,3.8613065740775194e-05,0.0001364077682524112,1.01432408285973e-05,-86.25242240726948,115458739.22814627,74.14941622166262,True
126548.81601500511,3.8379981855759775e-05,0.00013123957677407816,9.229219628537066e-06,-86.98137231171131,115789058.77135883,73.50922387287761,True
126848.81601500511,3.814676469589633e-05,0.00012623036309378222,8.402831156217871e-06,-87.71348756551743,116118505.02527574,72.85584089712076,True
127148.8160147667,3.791355145275568e-05,0.00012140768359358844,7.656563241198455e-06,-88.44930543005466,116447082.91057178,72.1907610557475,True
127448.8160147667,3.7680197469699445e-05,0.00011678672672132961,6.983502387925e-06,-89.18832388520241,116774796.69523403,71.51529719817825,True
127748.81601452827,3.7446827055349343e-05,0.00011237544447340042,6.377059619921965e-06,-89.93102648854256,117101649.9979686,70.8306050551707,True
128048.81601452827,3.7213295891652825e-05,0.00010817488632142158,5.83133152076698e-06,-90.67691349983215,117427645.79203267,70.13770422730697,True
128348.81601452827,3.697969719381344e-05,0.00010418274854373522,5.340770911743675e-06,-91.42634889483452,117752786.40922341,69.437496524441,True
128648.81601428986,3.674603625547626e-05,0.00010039354583568638,4.9003776041445235e-06,-92.1793744713068,118077073.54368073,68.73078186469108,True
128948.81601428986,3.651218484821855e-05,9.679951728003289e-05,4.505706471036319e-06,-92.93554916977882,118400508.25694631,68.01827199702133,True
129248.81601405144,3.627827861129575e-05,9.339253745110909e-05,4.152558815917473e-06,-93.69538252055645,118723090.98228504,67.30060231573925,True
129548.81601405144,3.604417894302178e-05,9.016303658881952e-05,3.83731976683066e-06,-94.4583965241909,119044821.52973342,66.57834200154649,True
129848.81601381302,3.581000395431267e-05,8.710190689953379e-05,3.5565514053814695e-06,-95.22503188252449,119365699.09112303,65.85200273646797,True
130148.81601381302,3.557565369654663e-05,8.419944066417884e-05,3.307294278442896e-06,-95.99494889378548,119685722.24583006,65.12204617654122,True
130448.81601381302,3.5341135215566004e-05,8.144640776208689e-05,3.086804781560204e-06,-96.76819087564945,120004888.96578892,64.3888903796838,True
130748.8160135746,3.5106514980778086e-05,7.88340194048942e-05,2.8925585482397764e-06,-97.54500637948513,120323196.62194966,63.65291532798916,True
131048.8160135746,3.4871673397570174e-05,7.635341449940825e-05,2.722401973187516e-06,-98.32498906552792,120640641.99026862,62.91446768293199,True
131348.81601333618,3.463672794312999e-05,7.399672603014551e-05,2.574220189899279e-06,-99.10856464505196,120957221.25774682,62.17386489332604,True
131648.81601333618,3.440154837228491e-05,7.175595928288203e-05,2.446268609901381e-06,-99.89528919756413,121272930.02928779,61.431398736632474,True
131948.81601333618,3.416618829256433e-05,6.962399953636123e-05,2.3368381931732074e-06,-100.68536147475243,121587763.33420792,60.687338394385456,True
132248.81601309776,3.393073897062582e-05,6.75942480370395e-05,2.244344202040338e-06,-101.47910577058792,121901715.63345239,59.94193311533495,True
132548.81601309776,3.369502109380152e-05,6.565997071561469e-05,2.167536727881725e-06,-102.2759117782116,122214780.82646747,59.19541453123929,True
132848.81601285934,3.34591633491413e-05,6.381550420542226e-05,2.1050627481145057e-06,-103.07623042166233,122526952.25884613,58.447998681839245,True
133148.81601285934,3.322305005217401e-05,6.205508134371485e-05,2.055858168148461e-06,-103.87967249751091,122838222.73001543,57.69988777493225,True
133448.81601262093,3.2986798040766464e-05,6.037377715983894e-05,2.01878774674924e-06,-104.68664337694645,123148584.500685,56.95127173734844,True
133748.81601262093,3.2750276295746586e-05,5.876653514746977e-05,1.992986156551524e-06,-105.4967031031847,123458029.30117944,56.202329566810306,True
134048.81601262093,3.251357575927564e-05,5.722905854099736e-05,1.9775065283056392e-06,-106.3101654946804,123766548.33949414,55.4532305303888,True
134348.8160123825,3.2276704966842715e-05,5.575719615080743e-05,1.9715347363558067e-06,-107.12706252932549,124074132.30937488,54.70413521549326,True
134648.8160123825,3.2039546709748195e-05,5.43468591445162e-05,1.974412157323968e-06,-107.94700427353382,124380771.39946187,53.955196458928484,True
134948.8160121441,3.180223188068615e-05,5.2994672671502485e-05,1.985360860601304e-06,-108.77043214440346,124686455.30156536,53.20656017617942,True
135248.8160121441,3.156463337019377e-05,5.169704945728881e-05,2.0038412671397055e-06,-109.59692442417145,124991173.21982548,52.45836608890242,True
135548.81601190567,3.132686543544337e-05,5.045105314138709e-05,2.0291899858193574e-06,-110.42686206102371,125294913.87950747,51.710748382257485,True
135848.81601190567,3.1088837081309275e-05,4.9253604430532505e-05,2.0609336104371323e-06,-111.25994420051575,125597665.53669037,50.96383628182561,True
136148.81601190567,3.08505579700513e-05,4.8101994224225564e-05,2.098566774577648e-06,-112.09620474278927,125899415.98698601,50.21775457852019,True
136448.81601166725,3.0612093589398056e-05,4.699378331451953e-05,2.1415820370407346e-06,-112.93585675954819,126200152.57565865,49.47262409340927,True
136748.81601166725,3.037333399637142e-05,4.592641391809593e-05,2.1896269259968903e-06,-113.77854171395302,126499862.2072827,48.72856209507258,True
137048.81601142883,3.0134392744468234e-05,4.4897844446722956e-05,2.2422243333153347e-06,-114.62462709844112,126798531.35520786,47.98568268163096,True
137348.81601142883,2.989514953399868e-05,4.390580340896122e-05,2.29908534521428e-06,-115.47372263669968,127096146.07195617,47.24409711654889,True
137648.81601142883,2.965565736073953e-05,4.2948427307010206e-05,2.359827256270819e-06,-116.32599867880344,127392691.99898499,46.503914141414874,True
137948.8160111904,2.9416004772749125e-05,4.202402510600223e-05,2.4240677376496933e-06,-117.18173487484455,127688154.37718658,45.765240253678776,True
138248.8160111904,2.9176024762613536e-05,4.113062982469273e-05,2.4916160867860526e-06,-118.04039651155472,127982518.05702165,45.028179958809,True
138548.816010952,2.8935841159040902e-05,4.026682256608183e-05,2.5621068715508954e-06,-118.90237376093864,128275767.50909032,44.292836006208724,True
138848.816010952,2.8695346754758014e-05,3.943093480529569e-05,2.6353446926918878e-06,-119.76732531189919,128567886.83493055,43.55930959545641,True
139148.81601071358,2.8454654175881832e-05,3.86217145091905e-05,2.7110067435387464e-06,-120.63560178875923,128858859.77726676,42.827700574558925,True
139448.81601071358,2.8213641477712876e-05,3.783764947229429e-05,2.788936761533023e-06,-121.50681768357754,129148669.73122792,42.09810761219984,True
139748.81601071358,2.7972396672766455e-05,3.707761169380319e-05,2.868856917359608e-06,-122.38124424219131,129437299.75500312,41.370628364915326,True
140048.81601047516,2.773092963016072e-05,3.634043065403603e-05,2.9505528402751224e-06,-123.25890666246414,129724732.58061007,40.64535962506314,True
140348.81601047516,2.7489131308198846e-05,3.562483618679835e-05,3.0338948420194356e-06,-124.13946411013603,130010950.62551211,39.922397457381834,True
140648.81601023674,2.7247127261156876e-05,3.492995219289696e-05,3.1186184230591607e-06,-125.02329856157303,130295936.0032456,39.20183733109244,True
140948.81601023674,2.7004797864196418e-05,3.425461727601942e-05,3.2046190980850042e-06,-125.91003978252411,130579670.53497225,38.48377423342535,True
141248.81600999832,2.676225731148705e-05,3.35980496117827e-05,3.2916595316123676e-06,-126.80003072321415,130862135.76040757,37.76830278437607,True
141548.81600999832,2.6519385708366476e-05,3.295919577794848e-05,3.3796506428984685e-06,-127.6929038465023,131143312.94953842,37.055517333999376,True
141848.81600999832,2.6276269739863337e-05,3.233733292518082e-05,3.4683881651176307e-06,-128.58891613781452,131423183.11377786,36.34551206175762,True
142148.8160097599,2.6032919401493107e-05,3.173167661429943e-05,3.5577209729353854e-06,-129.4880919456482,131701727.0172313,35.63838106331505,True
142448.8160097599,2.5789227855727928e-05,3.114132829296068e-05,3.6475700468940886e-06,-130.39010766148567,131978925.18873227,34.93421843164873,True
142748.81600952148,2.5545318504230213e-05,3.056573603998913e-05,3.737731617547979e-06,-131.29532538354397,132254757.93286112,34.23311833858899,True
143048.81600952148,2.530107487928901e-05,3.000406513820053e-05,3.828141728945411e-06,-132.20339600741863,132529205.3418786,33.53517510253065,True
143348.81600952148,2.5056548696514892e-05,2.945573834267634e-05,3.918647330181102e-06,-133.11446833610535,132802247.30699591,32.84048326043266,True
143648.81600928307,2.481182504767542e-05,2.8920251963882038e-05,4.009084143774544e-06,-134.02878403663635,133073863.53025624,32.14913762966215,True
143948.81600928307,2.456674606415725e-05,2.839681610566913e-05,4.0994206074174144e-06,-134.94587998092175,133344033.5360238,31.461233365849655,True
144248.81600904465,2.432143016510008e-05,2.7885028544005763e-05,4.189482933014688e-06,-135.86609388887882,133612736.68264055,30.776866022920306,True
144548.81600904465,2.4075775928521012e-05,2.738422921311212e-05,4.2792145897863065e-06,-136.78913059830666,133879952.17437997,30.096131600879033,True
144848.81600880623,2.3829891154727674e-05,2.6894051842418776e-05,4.368456117731512e-06,-137.7152935117483,134145659.07264511,29.419126599488422,True
145148.81600880623,2.3583660233078693e-05,2.641386805635193e-05,4.457162205540044e-06,-138.64425033330917,134409836.30810922,28.745948059681158,True
145448.81600880623,2.3337167403812228e-05,2.594332633520935e-05,4.545191597316034e-06,-139.57623547315598,134672462.69210833,28.076693610488284,True
145748.8160085678,2.3090422492110315e-05,2.5482000808096927e-05,4.632442859531238e-06,-140.51127168536186,134933516.92816466,27.411461507321114,True
146048.8160085678,2.2843321809001953e-05,2.5029343134974624e-05,4.718868453323921e-06,-141.44906562566757,135192977.62414834,26.750350667625877,True
146348.8160083294,2.2595985342508293e-05,2.4585104569041505e-05,4.804319733153761e-06,-142.38994753360748,135450823.30339843,26.093460709241597,True
146648.8160083294,2.2348299215884295e-05,2.4148761383457895e-05,4.88875557991264e-06,-143.33359947800636,135707032.4167097,25.44089197782561,True
146948.81600809097,2.2100372599736406e-05,2.372008472661946e-05,4.972037682904329e-06,-144.28031814098358,135961583.35353664,24.79274558043994,True
147248.81600809097,2.1852091230015157e-05,2.3298584181929982e-05,5.054125679748722e-06,-145.2297886312008,136214454.45394683,24.149123407808585,True
147548.81600809097,2.1603537848378834e-05,2.2884028737735207e-05,5.134896351677298e-06,-146.18223351240158,136465624.01986355,23.51012816212165,True
147848.81600785255,2.1354722166715387e-05,2.24761108711391e-05,5.2142597724014195e-06,-147.1376752257347,136715070.32641584,22.875863376775985,True
148148.81600785255,2.110554202026878e-05,2.2074399993243787e-05,5.2921699094099495e-06,-148.09583792090416,136962771.63385856,22.246433433684842,True
148448.81600761414,2.0856115306786568e-05,2.1678748424847072e-05,5.36849562848829e-06,-149.057034522295,137208706.19845694,21.621943583118828,True
148748.81600761414,2.06063304981533e-05,2.1288740384761695e-05,5.443194190490885e-06,-150.0209677219391,137452852.28419164,21.002499953068874,True
149048.81600761414,2.0356236954557216e-05,2.0904168820834457e-05,5.516162442376071e-06,-150.9877678155899,137695188.17369804,20.388209563720903,True
149348.81600737572,2.010591591394194e-05,2.0524876163108274e-05,5.5872890847297185e-06,-151.95764383673668,137935692.17972347,19.779180333993867,True
149648.81600737572,1.9855215929219677e-05,2.0150434011156904e-05,5.656542928278441e-06,-152.93020191788673,138174342.65616193,19.175521085313335,True
149948.8160071373,1.9604250186209214e-05,1.978074527642093e-05,5.72380294983077e-06,-153.90573367476463,138411118.00908998,18.577341547589366,True
150248.8160071373,1.935292132590111e-05,1.9415468727856933e-05,5.78901750714067e-06,-154.8839898109436,138645996.70806807,17.984752354714466,True
150548.81600689888,1.9101331666599454e-05,1.905451367179012e-05,5.8520722845401e-06,-155.86523088812828,138878957.2966225,17.397865044981575,True
150848.81600689888,1.88493742855056e-05,1.8697547545798443e-05,5.9129168050731096e-06,-156.84918704628944,139109978.4035558,16.816792050581466,True
151148.81600689888,1.859709707863736e-05,1.8344433186712195e-05,5.971453930442294e-06,-157.83598095178604,139339038.75334656,16.241646691203055,True
151448.81600666046,1.8344580068702682e-05,1.7995080327182222e-05,6.027580639056396e-06,-158.82581087946892,139566117.1770862,15.67254315951919,True
151748.81600666046,1.8091673808842276e-05,1.7649133638997228e-05,6.0812542805877e-06,-159.81830835342407,139791192.62297413,15.10959650337417,True
152048.81600642204,1.783848974229768e-05,1.7306557822394097e-05,6.132364184452399e-06,-160.81374955177307,140014244.16678193,14.552922609203062,True
152348.81600642204,1.758493150587645e-05,1.696707855103341e-05,6.180851004344845e-06,-161.811901897192,140235251.02254835,14.002638174923778,True
152648.81600618362,1.733110056453227e-05,1.6630664788408467e-05,6.22660952664944e-06,-162.813013702631,140454192.55247092,13.458860686520344,True
152948.81600618362,1.7076887047305825e-05,1.6297042918722582e-05,6.269581284357173e-06,-163.81682327389717,140671048.27753973,12.921708383660366,True
153248.81600618362,1.6822370069950588e-05,1.596617130417144e-05,6.309667433868071e-06,-164.82352364063263,140885797.88739613,12.391300228195284,True
153548.8160059452,1.656755850197825e-05,1.5637932762047058e-05,6.346785387023601e-06,-165.83313816785812,141098421.25024825,11.867755864232642,True
153848.8160059452,1.631235338543933e-05,1.5312090795305267e-05,6.3808702961409836e-06,-166.8454378247261,141308898.42318872,11.351195574344684,True
154148.8160057068,1.6056868003892287e-05,1.4988666805493267e-05,6.411821479090918e-06,-167.8606922030449,141517209.66155654,10.841740235853848,True
154448.8160057068,1.5800993662318407e-05,1.4667428331449628e-05,6.4395738164080285e-06,-168.87865349650383,141723335.42893487,10.339511266629033,True
154748.8160057068,1.5544781567985988e-05,1.4348338709169184e-05,6.464037696218838e-06,-169.8994461297989,141927256.40643576,9.844630572889725,False
155048.81600546837,1.528827790680694e-05,1.4031362326250019e-05,6.485126919031359e-06,-170.9231797158718,142128953.50225714,9.357220488508963,False
155348.81600546837,1.5031405350829107e-05,1.3716326407120505e-05,6.502769952732024e-06,-171.94968375563622,142328407.86120814,8.877403710055402,False
155648.81600522995,1.4774224256170879e-05,1.3403226631680809e-05,6.516880361573385e-06,-172.97910025715828,142525600.87337753,8.405303231275772,False
155948.81600522995,1.451663688824937e-05,1.3091881356785962e-05,6.527386418930803e-06,-174.0112178325653,142720514.18380305,7.941042267299455,False
156248.81600499153,1.4258754800090675e-05,1.2782360442997742e-05,6.53420017115991e-06,-175.0462907552719,142913129.7009755,7.484744180455687,False
156548.81600499153,1.400047124015249e-05,1.2474486482005887e-05,6.537249561233693e-06,-176.08409142494202,143103429.60593775,7.036532395561562,False
156848.81600499153,1.374183268101149e-05,1.2168267772949548e-05,6.536453354577532e-06,-177.1247303187847,143291396.36070362,6.59653031625824,False
157148.8160047531,1.3482916013184528e-05,1.1863754707519547e-05,6.531733220960234e-06,-178.16837918758392,143477012.71698835,6.164861233139924,False
157448.8160047531,1.3223576492231241e-05,1.156074790742423e-05,6.523016476300825e-06,-179.21473601460457,143660261.72451055,5.741648227541702,False
157748.8160045147,1.296392153474222e-05,1.1259347218128823e-05,6.510226837619371e-06,-180.26403787732124,143841126.73924038,5.3270140743060015,False
158048.8160045147,1.2703857683165516e-05,1.095942735673816e-05,6.4932898409253426e-06,-181.3160975277424,144019591.43172455,4.921081135109531,False
158348.81600427628,1.244348301357146e-05,1.0661090868779866e-05,6.4721352739383065e-06,-182.37112832069397,144195639.79474068,4.523971252857535,False
158648.81600427628,1.2182690868822352e-05,1.0364211618707486e-05,6.446688568750858e-06,-183.42891970276833,144369256.15144292,4.135805636719906,False
158948.81600427628,1.1921557948544008e-05,1.0068881209690517e-05,6.416883672422102e-06,-184.48963901400566,144540425.16286868,3.7567047479308244,False
159248.81600403786,1.1660092731495145e-05,9.775119366395302e-06,6.382654931247345e-06,-185.55331256985664,144709131.83538863,3.3867881785347893,False
159548.81600403786,1.1398199421272373e-05,9.482833633001064e-06,6.343929082497368e-06,-186.61975809931755,144875361.52842352,3.0261745265698976,False
159848.81600379944,1.1135987883347324e-05,9.192173109795476e-06,6.300652534374507e-06,-187.68920594453812,145039099.9613717,2.6749812706133174,False
160148.81600379944,1.0873353049302964e-05,8.903048239972122e-06,6.252753238733533e-06,-188.76145926117897,145200333.22091198,2.3333246367935847,False
160448.81600379944,1.0610344842200725e-05,8.615552587798447e-06,6.200177260051731e-06,-189.8366282582283,145359047.7677543,2.001319466975553,False
160748.81600356102,1.0347008487469336e-05,8.329780200710957e-06,6.142875405457104e-06,-190.91481095552444,145515230.4434956,1.6790790814080925,False
161048.81600356102,1.0083269563367745e-05,8.045695835789957e-06,6.080783661488454e-06,-191.99587512016296,145668868.47738284,1.3667151390713124,False
161348.8160033226,9.819187281969081e-06,7.763421251638647e-06,6.013861066023196e-06,-193.0799455344677,145819949.49239618,1.0643374983520433,False
161648.8160033226,9.554667530149871e-06,7.482911541956128e-06,5.942042820117344e-06,-194.16685685515404,145968461.51197702,0.7720540722712551,False
161948.81600308418,9.289819744047948e-06,7.204355796375239e-06,5.865305120422715e-06,-195.25682571530342,146114392.96587646,0.4899706861030384,False
162248.81600308418,9.024541362917282e-06,6.927711069693032e-06,5.783585593444052e-06,-196.349674731493,146257732.69629708,0.21819093034623174,False
162548.81600308418,8.758878999000534e-06,6.6531063112051925e-06,5.69685551706639e-06,-197.4455027282238,146398469.96355596,-0.04318398360675381,False
162848.81600284576,8.492909076915405e-06,6.380707731068469e-06,5.605099975491967e-06,-198.54445764422417,146536594.45185834,-0.29405537017402394,False
163148.81600284576,8.22649298710239e-06,6.110447770879546e-06,5.508253971719945e-06,-199.6463035941124,146672096.2746611,-0.5343272158098674,False
163448.81600260735,7.959737488038086e-06,5.842534676503419e-06,5.406318236755858e-06,-200.75124153494835,146804965.98003906,-0.7639063227222954,False
163748.81600260735,7.692554785939218e-06,5.57696591840795e-06,5.2992451092803705e-06,-201.85912942886353,146935194.55590594,-0.9827024540292648,False
164048.81600236893,7.425042862129899e-06,5.313946303431294e-06,5.187044270993368e-06,-202.97014784812927,147062773.43480375,-1.1906284744220017,False
164348.81600236893,7.157106169649966e-06,5.05347188095584e-06,5.069671190849334e-06,-204.08414316177368,147187694.49887127,-1.387600491234153,False
164648.81600236893,6.888793775279938e-06,4.79569922617884e-06,4.947129545795903e-06,-205.20120978355408,147309950.08433563,-1.5735379904202185,False
164948.8160021305,6.620185368133338e-06,4.540819105613991e-06,4.819440793557561e-06,-206.32148733735085,147429532.986074,-1.7483639708684326,False
165248.8160021305,6.351148989770523e-06,4.2887951963166415e-06,4.6865557725706e-06,-207.44476437568665,147546436.4617687,-1.9120050747397923,False
165548.8160018921,6.0817959973782414e-06,4.039854417214883e-06,4.548515870617109e-06,-208.57122883200645,147660654.23609775,-2.064391712462923,False
165848.8160018921,5.812047013370065e-06,3.794018738290106e-06,4.405295658926889e-06,-209.70075577497482,147772180.504689,-2.205458184632256,False
166148.8160018921,5.541959242074831e-06,3.5514556770976924e-06,4.256925386414423e-06,-210.83343827724457,147881009.93775567,-2.3351427970152554,False
166448.81600165367,5.271591275739852e-06,3.312331443794392e-06,4.103442362790588e-06,-211.96936503052711,147987137.68372232,-2.453387970922291,False
166748.81600165367,5.0008888949196825e-06,3.0766899783429835e-06,3.944839077618667e-06,-213.10844185948372,148090559.3726768,-2.560140347207809,False
167048.81600141525,4.729931283640516e-06,2.844711588068094e-06,3.7811684041599847e-06,-214.25077787041664,148191271.1193772,-2.6553508829067836,False
167348.81600141525,4.458655693353587e-06,2.616421340917441e-06,3.61242051871713e-06,-215.39625445008278,148289269.52650335,-2.7389749418916254,False
167648.81600117683,4.187202589634769e-06,2.392048116917067e-06,3.4386818179577006e-06,-216.54505228996277,148384551.6873856,-2.8109723770694264,False
167948.81600117683,3.9155193407649736e-06,2.17160751958545e-06,3.2599456960547e-06,-217.69704434275627,148477115.18867946,-2.8713076055470665,False
168248.81600117683,3.6437102983725812e-06,1.955262348474207e-06,3.076279335267884e-06,-218.85231918096542,148566958.11282855,-2.919949675045373,False
168548.81600093842,3.371927312028582e-06,1.7432010963602806e-06,2.887772432735858e-06,-220.01100292801857,148654079.04041326,-2.9568723222852777,False
168848.81600093842,3.100147006751571e-06,1.5353994911038171e-06,2.6944090389946496e-06,-221.17292499542236,148738477.0521182,-2.9820540224248013,False
169148.8160007,2.8286204963738157e-06,1.3320697576091334e-06,2.4963031917124567e-06,-222.33825188875198,148820151.73080468,-2.995478029708519,False
169448.8160007,2.557481273018412e-06,1.1332322173984721e-06,2.2934702998966827e-06,-223.50688695907593,148899103.16317698,-2.9971324088953195,False
169748.81600046158,2.287138785911048e-06,9.390815307597222e-07,2.0860307619052776e-06,-224.67898017168045,148975331.94131485,-2.987010057640037,False
170048.81600046158,2.0179967929633088e-06,7.496236378301546e-07,1.8740008136397535e-06,-225.85442718863487,149048839.1640282,-2.965108719235973,False
170348.81600046158,1.7508941138655395e-06,5.649972365517897e-07,1.6574809817981873e-06,-227.03331199288368,149119626.43803382,-2.9314309864112844,False
170648.81600022316,1.4872582905976006e-06,3.853628243177809e-07,1.4365963867390974e-06,-228.21575286984444,149187695.87896654,-2.8859842954970394,False
170948.81600022316,1.2294868240951634e-06,2.106789054323599e-07,1.211346503993127e-06,-229.4016026854515,149253050.11201486,-2.8287809110180886,False
171248.81599998474,9.82740092371688e-07,4.112337137485156e-08,9.818812958251044e-07,-230.59101590514183,149315692.27270547,-2.759837901910119,False
171548.81599998474,7.58304575037687e-07,-1.2330784215919266e-07,7.482340715903035e-07,-231.78391233086586,149375626.00718173,-2.679177107463248,False
171848.81599998474,5.83335928793553e-07,-2.82500906223504e-07,5.105258136239854e-07,-232.9803747832775,149432855.47245386,-2.586825095549526,False
172148.81599974632,5.121929302294821e-07,-4.3635020574583905e-07,2.6888178572548327e-07,-234.18048259615898,149487385.33640346,-2.482813111389384,False
172448.81599974632,5.84826537711384e-07,-5.848592365964578e-07,2.335176096934788e-08,-235.38417932391167,149539220.77759087,-2.3671770177251994,False
172748.8159995079,7.616456373318074e-07,-7.279226394985017e-07,-2.2592505111163064e-07,-236.59155896306038,149588367.4848674,-2.239957228000051,False
173048.8159995079,9.88716506874916e-07,-8.655704277771292e-07,-4.789105370051061e-07,-237.80254939198494,149634831.65681675,-2.1011986300477803,False
173348.8159992695,1.2389671923801906e-06,-9.976680814816064e-07,-7.35426181730503e-07,-239.0172961652279,149678620.0010604,-1.950950504329002,False
173648.8159992695,1.5012111755786371e-06,-1.1242637469877081e-06,-9.954387412136612e-07,-240.23572075366974,149719739.73314813,-1.7892664329164605,False
173948.8159992695,1.7703375592768798e-06,-1.2452845226107456e-06,-1.258807010406926e-06,-241.45790618658066,149758198.57553506,-1.616204204105061,False
174248.81599903107,2.0437902229659806e-06,-1.3606691027234774e-06,-1.5253898186795567e-06,-242.68392670154572,149794004.75616917,-1.4318257093688302,False
174548.81599903107,2.3202875055303357e-06,-1.4704566240197892e-06,-1.7951317081710272e-06,-243.9137402176857,149827167.00690502,-1.2361968344833223,False
174848.81599879265,2.5989707137639013e-06,-1.5745868608973979e-06,-2.0678793910544613e-06,-245.14743506908417,149857694.56180483,-1.0293873472371855,False
175148.81599879265,2.879446552415232e-06,-1.6731239895761973e-06,-2.3435934088933408e-06,-246.384955316782,149885597.1551243,-0.8114707777463702,False
175448.81599855423,3.16127791089823e-06,-1.7659816933246475e-06,-2.6220810570576347e-06,-247.62643358111382,149910885.01930234,-0.5825242976042434,False
175748.81599855423,3.444356450193501e-06,-1.853240377158727e-06,-2.90331092606122e-06,-248.87181016802788,149933568.88240957,-0.3426285920645753,False
176048.81599855423,3.7284812407853707e-06,-1.9348729551893484e-06,-3.187138007260115e-06,-250.12115997076035,149953659.96578217,-0.09186773228494256,False
176348.8159983158,4.013462886590685e-06,-2.010837761190487e-06,-3.4733919102580835e-06,-251.3745784163475,149971169.9812306,0.16967095719767375,False
176648.8159983158,4.2993687215635e-06,-2.081254535823973e-06,-3.762075042934576e-06,-252.63198280334473,149986111.1279266,0.44189703338551284,False
176948.8159980774,4.586026791461567e-06,-2.146070016806334e-06,-4.0529942064715385e-06,-253.8934934437275,149998496.08954558,0.7247170686500523,False
177248.8159980774,4.873485889305254e-06,-2.205374897812362e-06,-4.346115690445629e-06,-255.15907362103462,150008338.03065515,1.018034789604879,False
177548.8159980774,5.1616607974381075e-06,-2.259167217744107e-06,-4.641295220375596e-06,-256.42879539728165,150015650.5933593,1.3217512126905218,False
177848.81599783897,5.4504753970295896e-06,-2.3074516093402053e-06,-4.9383891722598605e-06,-257.7027272284031,150020447.89347765,1.6357647824688752,False
178148.81599783897,5.739984353268888e-06,-2.3503170893945935e-06,-5.2373553969253805e-06,-258.9808500409126,150022744.51651594,1.9599715097303958,False
178448.81599760056,6.030107902786836e-06,-2.3877670400906936e-06,-5.538041772279456e-06,-260.26324167847633,150022555.5136803,2.2942651059610135,False
178748.81599760056,6.32092946667703e-06,-2.4199081565257075e-06,-5.840428397352326e-06,-261.54987436532974,150019896.39734122,2.63853712088612,False
179048.81599736214,6.612323481811148e-06,-2.4467189518873056e-06,-6.144323025480958e-06,-262.840857475996,150014783.13672784,2.992677073666648,False
179348.81599736214,6.904388152556921e-06,-2.468316296244666e-06,-6.449719080148242e-06,-264.13616120815277,150007232.15288588,3.356572587066143,False
179648.81599736214,7.197063692911797e-06,-2.484722301687725e-06,-6.7564791743635055e-06,-265.43585553765297,149997260.31399056,3.7301095144316663,False
179948.81599712372,7.490296425714096e-06,-2.495965986781812e-06,-7.064470623596719e-06,-266.74000373482704,149984884.93008804,4.113172067168569,False
180248.81599712372,7.784157844169637e-06,-2.5021500107413885e-06,-7.3736690548997785e-06,-268.04859963059425,149970123.74764562,4.505642939279591,False
180548.8159968853,8.078582076696418e-06,-2.503299128875369e-06,-7.683933910485052e-06,-269.36171489953995,149952994.94422424,4.907403425136859,False
180848.8159968853,8.37366344408212e-06,-2.4995288185891695e-06,-7.995265491445025e-06,-270.6793375611305,149933517.1224774,5.318333538761124,False
181148.81599664688,8.669285654270613e-06,-2.4908388240874046e-06,-8.307482167069224e-06,-272.00156286358833,149911709.30450514,5.738312123598833,False
181448.81599664688,8.96555368774018e-06,-2.4773501934305386e-06,-8.620598639375032e-06,-273.32837894558907,149887590.92537302,6.167216964060757,False
181748.81599664688,9.262418127627105e-06,-2.459100869600661e-06,-8.934495935974951e-06,-274.65984830260277,149861181.82707018,6.604924887105123,False
182048.81599640846,9.559798747842e-06,-2.436114954207369e-06,-9.24902852439402e-06,-275.9960419535637,149832502.25186244,7.051311863039955,False
182348.81599640846,9.857841059908637e-06,-2.4085324525913165e-06,-9.56425628384494e-06,-277.33693942427635,149801572.83538276,7.5062531019003025,False
182648.81599617004,1.0156434546672619e-05,-2.3763624028561026e-06,-9.880011136331746e-06,-278.68262389302254,149768414.60006216,7.969623140737889,False
182948.81599617004,1.0455673571069234e-05,-2.339716331789532e-06,-1.0196313191102035e-05,-280.0331010222435,149733048.94762927,8.44129593219399,False
183248.81599617004,1.075551020662291e-05,-2.2986346834841243e-06,-1.0513055812566563e-05,-281.3884291946888,149695497.65210447,8.921144921813879,False
183548.81599593163,1.1055893111967884e-05,-2.253157589393595e-06,-1.0830130882766298e-05,-282.7486643195152,149655782.85216478,9.409043124263897,False
183848.81599593163,1.1356931880456005e-05,-2.203399844802334e-06,-1.114758186382403e-05,-284.1138137280941,149613927.04329526,9.904863194433293,False
184148.8159956932,1.16584963390272e-05,-2.149364291881284e-06,-1.1465232566010286e-05,-285.4839551150799,149569953.0702427,10.408477488756608,True
184448.8159956932,1.19607344845531e-05,-2.091179567287327e-06,-1.1783168698542568e-05,-286.8590901494026,149523884.118524,10.919758127876834,True
184748.8159954548,1.2263537492591794e-05,-2.0288579491989367e-06,-1.2101238731077046e-05,-288.2392875254154,149475743.70658165,11.43857704652853,True
185048.8159954548,1.2567001959080034e-05,-1.9625010452273273e-06,-1.2419486813186609e-05,-289.62456753849983,149425555.67692205,11.964806045315703,True
185348.8159954548,1.2871081024890259e-05,-1.8921468836197164e-06,-1.2737824839348377e-05,-291.0149828195572,149373344.18782198,12.49831683008255,True
185648.81599521637,1.3175729104235078e-05,-1.8178345726482803e-06,-1.30561679050345e-05,-292.41058257222176,149319133.70436394,13.038981050272978,True
185948.81599521637,1.3481025928554558e-05,-1.73965338490234e-06,-1.3374553420320012e-05,-293.8113944232464,149262948.98927867,13.586670331794574,True
186248.81599497795,1.3786912421288306e-05,-1.6576349821662006e-06,-1.3692889062610902e-05,-295.2174692451954,149204815.0941134,14.141256299565072,True
186548.81599497795,1.4093490105772408e-05,-1.5718731276592735e-06,-1.4011239585443036e-05,-296.6288368701935,149144757.34946987,14.702610601466539,True
186848.81599497795,1.4400700337086315e-05,-1.482397522067913e-06,-1.4329518627675952e-05,-298.0455473959446,149082801.35582966,15.270604919490975,True
187148.81599473953,1.4708498170889666e-05,-1.3892436072637793e-06,-1.4647655138588789e-05,-299.46764490008354,149018972.97368604,15.845110980039777,True
187448.81599473953,1.5016992369350806e-05,-1.2925028158861096e-06,-1.4965730152027845e-05,-300.895164757967,148953298.31350178,16.42600055856504,True
187748.8159945011,1.532608703879551e-05,-1.1921900977540645e-06,-1.528362865954591e-05,-302.32815301418304,148885803.72603703,17.013145473358783,True
188048.8159945011,1.5635864048910913e-05,-1.0883843515330227e-06,-1.560141159018258e-05,-303.7666491866112,148816515.79169792,17.606417581150744,True
188348.8159942627,1.5946265910295478e-05,-9.811142263060901e-07,-1.591900660358192e-05,-305.210695207119,148745461.3105941,18.205688758728492,True
188648.8159942627,1.625739649561362e-05,-8.704632534772827e-07,-1.623650250337505e-05,-306.66033524274826,148672667.29155606,18.810830886723295,True
188948.8159942627,1.6569198940130564e-05,-7.564597694909025e-07,-1.6553833180665833e-05,-308.1156105697155,148598160.94182077,19.421715819666794,True
189248.81599402428,1.6881629363757883e-05,-6.391378519765567e-07,-1.6870947607827702e-05,-309.5765582919121,148521969.65601155,20.0382153551395,True
189548.81599402428,1.719480337952182e-05,-5.185831071230496e-07,-1.718795544647378e-05,-311.04322946071625,148444121.00495946,20.660201196734732,True
189848.81599378586,1.7508594277030813e-05,-3.9480437408201396e-07,-1.750472929273883e-05,-312.51565074920654,148364642.72493395,21.287544905170172,True
190148.81599378586,1.7823157230153998e-05,-2.6789965090756596e-07,-1.7821424339814484e-05,-313.9938826560974,148283562.70590252,21.92011785117408,True
190448.81599354744,1.8138387299989024e-05,-1.378878948798956e-07,-1.8137940315909873e-05,-315.4779505133629,148200908.98051998,22.557791152651117,True
190748.81599354744,1.8454387903936873e-05,-4.852608981309459e-09,-1.845438736580718e-05,-316.96791249513626,148116709.71209604,23.200435613931564,True
191048.81599354744,1.877111709873769e-05,1.311638584411412e-07,-1.8770733746009682e-05,-318.46380192041397,148030993.18327284,23.847921649473918,True
191348.81599330902,1.908853435355245e-05,2.7011500947082823e-07,-1.9086951798641394e-05,-319.9656485617161,147943787.78400302,24.50011920566416,True
191648.81599330902,1.9406726428490427e-05,4.1191503896698123e-07,-1.9403144548846285e-05,-321.47351029515266,147855121.99938843,25.156897674916095,True
191948.8159930706,1.972563937702693e-05,5.565135268170707e-07,-1.9719276988183765e-05,-322.987412661314,147765024.39800483,25.81812579607154,True
192248.8159930706,2.0045382576624045e-05,7.038111675683467e-07,-2.0035481526292642e-05,-324.50742357969284,147673523.61919144,26.48367155470345,True
192548.8159930706,2.0365902848856738e-05,8.537468261238246e-07,-2.0351730277923252e-05,-326.0335675776005,147580648.3611272,27.153402066022675,True
192848.81599283218,2.0687161032312183e-05,1.006248112389585e-06,-2.0668012385982593e-05,-327.56586769223213,147486427.3682168,27.82718345411665,True
193148.81599283218,2.1009274477399622e-05,1.16119517201696e-06,-2.0984478418029084e-05,-329.1043998003006,147390889.41836393,28.50488072127121,True
193448.81599259377,2.133215258285419e-05,1.3185123179937364e-06,-2.1301072166579615e-05,-330.6491680443287,147294063.31072187,29.18635760085728,True
193748.81599259377,2.1655885846781256e-05,1.4780684125526022e-06,-2.1617924002015343e-05,-332.2002406716347,147195977.85247445,29.871476407832333,True
194048.81599235535,2.1980423099448214e-05,1.6397559932102013e-06,-2.1935024264507774e-05,-333.7576324939728,147096661.84649706,30.560097867933703,True
194348.81599235535,2.2305877658675456e-05,1.8034149888990214e-06,-2.225253370014002e-05,-335.32142490148544,146996144.07793057,31.25208094343122,True
194648.81599235535,2.2632199487707413e-05,1.9689099417519174e-06,-2.257045080256148e-05,-336.89163169264793,146894453.30159518,31.94728263639301,True
194948.81599211693,2.295935189109436e-05,2.1360847597406973e-06,-2.2888791001207665e-05,-338.4682666659355,146791618.2287497,32.64555778325782,True
195248.81599211693,2.3287460790514017e-05,2.3047272748044634e-06,-2.3207738927055743e-05,-340.05142202973366,146687667.51377627,33.346758833671934,True
195548.8159918785,2.361640562457317e-05,2.4746605333803018e-06,-2.352723178944416e-05,-341.6410677731037,146582629.74134773,34.05073560622986,True
195848.8159918785,2.394635317356013e-05,2.6456187924850383e-06,-2.384750334272212e-05,-343.23732033371925,146476533.41277236,34.75733503523513,True
196148.8159916401,2.4277205470090525e-05,2.8173689088362153e-06,-2.4168521058243186e-05,-344.8401565551758,146369406.9330623,35.46640088767658,True
196448.8159916401,2.460907698791516e-05,2.989600602631981e-06,-2.449047286035011e-05,-346.44966888427734,146261278.59715718,36.177773468870434,True
196748.8159916401,2.4941935006367656e-05,3.1620020592981746e-06,-2.4813399988943274e-05,-348.065867215395,146152176.57692525,36.89128929571037,True
197048.81599140167,2.527574351003374e-05,3.3342242033995717e-06,-2.5137343783399047e-05,-349.6887546181679,146042128.90756097,37.60678075101742,True
197348.81599140167,2.5610634047360856e-05,3.5058395155829203e-06,-2.546252043345021e-05,-351.3184373676777,145931163.47397915,38.324075710795746,True
197648.81599116325,2.5946489262719787e-05,3.6764263029454014e-06,-2.5788894724598777e-05,-352.9548636972904,145819307.9976999,39.04299713572627,True
197948.81599116325,2.6283481496670584e-05,3.845448077299807e-06,-2.6116731241643265e-05,-354.59817039966583,145706590.02301103,39.76336264018002,True
198248.81599116325,2.6621570732496577e-05,4.0123540543390845e-06,-2.6446079999686845e-05,-356.2483535706997,145593036.90377748,40.48498401684437,True
198548.81599092484,2.6960713855349347e-05,4.1765279092942365e-06,-2.6776990289079095e-05,-357.90540224313736,145478675.78983253,41.20766672999545,True
198848.81599092484,2.730104475647267e-05,4.337241193752561e-06,-2.7109695196259054e-05,-359.5694317817688,145363533.6133674,41.931209367675855,True
199148.81599068642,2.7642481712540317e-05,4.493728795296192e-06,-2.744420835654182e-05,-361.24039977788925,145247637.07583544,42.655403042871946,True
199448.81599068642,2.7985128506038964e-05,4.645093156341318e-06,-2.7780734903615212e-05,-362.91840067505836,145131012.63409054,43.38003075556522,True
199748.815990448,2.8328944602611917e-05,4.790364812379266e-06,-2.8119332249332274e-05,-364.6034179031849,145013686.48748526,44.10486669205256,True
200048.815990448,2.867405757480349e-05,4.928421901695401e-06,-2.8460230062421488e-05,-366.29556784033775,144895684.5640237,44.829675476794876,True
200348.815990448,2.902042834942334e-05,5.058050760453625e-06,-2.8803485371042825e-05,-367.9948324561119,144777032.5074437,45.554211352703234,True
200648.81599020958,2.9368031741426887e-05,5.177891921448463e-06,-2.9149166721254005e-05,-369.70119950175285,144657755.66383514,46.278217300183414,True
200948.81599020958,2.9717008904605677e-05,5.286388045533386e-06,-2.9497509359543983e-05,-371.4147999882698,144537879.06831023,47.001424082968455,True
201248.81598997116,3.0067249334614375e-05,5.381862820286187e-06,-2.984848405418461e-05,-373.1355428099632,144417427.432195,47.72354920844441,True
201548.81598997116,3.041893621324251e-05,5.462371973408153e-06,-3.020235522654957e-05,-374.8635996878147,144296425.12972492,48.4442958120899,True
201848.81598973274,3.077198254653243e-05,5.525817073248618e-06,-3.055909927951461e-05,-376.5988945364952,144174896.18536106,49.16335143946235,True
202148.81598973274,3.112651847040383e-05,5.569801146521058e-06,-3.0918902204746246e-05,-378.34155336022377,144052864.26062855,49.88038673945499,True
202448.81598973274,3.148252402471277e-05,5.591694673512393e-06,-3.128177912259389e-05,-380.09155905246735,143930352.64170995,50.59505404209457,True
202748.81598949432,3.183997592535385e-05,5.588571099224282e-06,-3.16477210873245e-05,-381.84888634085655,143807384.2266678,51.30698582957251,True
203048.81598949432,3.219902234277383e-05,5.557124097776978e-06,-3.201686973142159e-05,-383.6136811375618,143683981.5128273,52.01579308736589,True
203348.8159892559,3.255955718455017e-05,5.4937558218171034e-06,-3.23890752795819e-05,-385.38582941889763,143560166.58465773,52.721063522693086,True
203648.8159892559,3.2921770591533785e-05,5.394377069478651e-06,-3.2764454843459134e-05,-387.1655233502388,143435961.10131943,53.42235966021756,True
203948.8159892559,3.328563581124964e-05,5.254523244957454e-06,-3.314285923039506e-05,-388.9527280628681,143311386.28473157,54.11921679128063,True
204248.8159890175,3.36511229640325e-05,5.0692526940565585e-06,-3.352408415935315e-05,-390.7474000453949,143186462.90756285,54.81114078944109,True
204548.8159890175,3.401838342294837e-05,4.8330357458326034e-06,-3.3908049147157726e-05,-392.5496936440468,143061211.28136945,55.497605784974084,True
204848.81598877907,3.438734802405399e-05,4.539854842278146e-06,-3.4294376227705925e-05,-394.359517455101,142935651.24524835,56.178051694539484,True
205148.81598877907,3.4758137488051524e-05,4.183010133829157e-06,-3.4682797050322733e-05,-396.1769922673702,142809802.15407997,56.85188162739663,True
205448.81598854065,3.513072502416603e-05,3.7552089793280174e-06,-3.5072795043333826e-05,-398.0020690560341,142683682.86771324,57.518459161275,True
205748.81598854065,3.550525575577894e-05,3.248393511512404e-06,-3.546391523201464e-05,-399.83489966392517,142557311.7395008,58.177105525062984,True
206048.81598854065,3.588170458990695e-05,2.653859667134384e-06,-3.585539956674211e-05,-401.67543390393257,142430706.60576612,58.827096697431124,True
206348.81598830223,3.626006128802512e-05,1.9621599847141624e-06,-3.624635680665733e-05,-403.5236330330372,142303884.77509803,59.46766047377388,True
206648.81598830223,3.664048057312494e-05,1.1630066296675068e-06,-3.663589320979099e-05,-405.37966307997704,142176863.01784113,60.09797354646494,True
206948.8159880638,3.702289898000696e-05,2.454898719861376e-07,-3.702270426941823e-05,-407.2434152960777,142049657.55615115,60.71715865998914,True
207248.8159880638,3.740744353399488e-05,-8.021165456284507e-07,-3.740546332409167e-05,-409.115021109581,141922284.05376637,61.3242819408162,True
207548.8159878254,3.7794092768231666e-05,-1.992086538393778e-06,-3.7782457603441344e-05,-410.9944198131561,141794757.6066912,61.91835049301134,True
207848.8159878254,3.81829984519088e-05,-3.33734490709503e-06,-3.815188558320415e-05,-412.88177770376205,141667092.73336384,62.49831040993918,True
208148.8159878254,3.857414075087963e-05,-4.8510735553009e-06,-3.851149119071806e-05,-414.7770329415798,141539303.36572617,63.063045346909284,True
208448.81598758698,3.89675142352804e-05,-6.546610762825367e-06,-3.885872956033154e-05,-416.68013671040535,141411402.8402428,63.611375858998834,True
208748.81598758698,3.936328464414952e-05,-8.437313681497471e-06,-3.9190901759411645e-05,-418.5912771522999,141283403.88917345,64.14205972008787,True
209048.81598734856,3.97613586350439e-05,-1.0535817324353047e-05,-3.950472509473002e-05,-420.51027819514275,141155318.6323167,64.65379346926076,True
209348.81598734856,4.0161945322112605e-05,-1.285409942397564e-05,-3.9796874233388735e-05,-422.4373918771744,141027158.56890795,65.14521547222802,True
209648.81598734856,4.0565032268628316e-05,-1.5402449577095467e-05,-4.006348390817038e-05,-424.3725536465645,140898934.56979898,65.6149107749552,True
209948.81598711014,4.097060374054645e-05,-1.81890330850365e-05,-4.030038478219922e-05,-426.3156891465187,140770656.86997056,66.06141805653981,True
210248.81598711014,4.1378829008766774e-05,-2.1219433904207108e-05,-4.0503316043327686e-05,-428.2669962644577,140642335.0613248,66.48323895472937,True
210548.81598687172,4.178965206251765e-05,-2.449541321425386e-05,-4.066760391197022e-05,-430.226336479187,140513978.08591792,66.87884999737311,True
210848.81598687172,4.220321068681359e-05,-2.8014662092346043e-05,-4.0788629902976936e-05,-432.19386157393456,140385594.22921538,67.24671731325799,True
211148.8159866333,4.261949200850265e-05,-3.1769607318210547e-05,-4.086162290661832e-05,-434.16949236392975,140257191.114154,67.58531416452253,True
211448.8159866333,4.3038658550897324e-05,-3.5747231237337473e-05,-4.088207681718359e-05,-436.1534214615822,140128775.6949235,67.89314121797621,True
211748.8159866333,4.3460698835927956e-05,-3.992804784047621e-05,-4.084559439831992e-05,-438.14556935429573,140000354.25156438,68.16874926712748,True
212048.81598639488,4.388561645724811e-05,-4.4286108845881245e-05,-4.074822216182383e-05,-440.1458741426468,139871932.3847174,68.41076392366404,True
212348.81598639488,4.431358345186605e-05,-4.8789346806188405e-05,-4.0586743864423624e-05,-442.15454646945,139743515.01068014,68.617911560907,True
212648.81598615646,4.474454865994889e-05,-5.3399261304321044e-05,-4.03585361397063e-05,-444.1714326441288,139615106.3569386,68.7890455790656,True
212948.81598615646,4.517865562132801e-05,-5.8072488258176236e-05,-4.006206170004134e-05,-446.1966974437237,139486709.95783886,68.92317189069993,True
213248.81598591805,4.561589582468983e-05,-6.276130113747058e-05,-3.969673342396618e-05,-448.2302521765232,139358328.6509908,69.01947240001854,True
213548.81598591805,4.605643775633613e-05,-6.741580725133645e-05,-3.926325396719221e-05,-450.27230656147003,139229964.57351995,69.07732523961963,True
213848.81598591805,4.650027425844772e-05,-7.198495936222571e-05,-3.8763409492048595e-05,-452.3227721452713,139101619.15906382,69.09632060573493,True
214148.81598567963,4.694741274382768e-05,-7.641884559461687e-05,-3.8200206390115454e-05,-454.381579041481,138973293.1350236,69.07627124118962,True
214448.81598567963,4.739803547554057e-05,-8.067097479624863e-05,-3.7577900030782985e-05,-456.44896483421326,138844986.5201551,69.01721691119229,True
214748.8159854412,4.785205968058926e-05,-8.469894663676314e-05,-3.690160620806182e-05,-458.5246966481209,138716698.6224812,68.9194225931876,True
215048.8159854412,4.8309711633363803e-05,-8.846727615718919e-05,-3.617748062367809e-05,-460.60909363627434,138588428.03784525,68.78337050643091,True
215348.8159854412,4.8770990869940896e-05,-9.194711731197458e-05,-3.541220981162496e-05,-462.7020682692528,138460172.64838523,68.60974649720013,True
215648.8159852028,4.923589338165866e-05,-9.511739509093786e-05,-3.4612933788480404e-05,-464.8035212755203,138331929.62171477,68.39942162678125,True
215948.8159852028,4.970460491406559e-05,-9.796545305107429e-05,-3.37871085775987e-05,-466.91370314359665,138203695.41044614,68.15343004886887,True
216248.81598496437,5.017707527768224e-05,-0.00010048568017850812,-3.2942095700150276e-05,-469.03242549300194,138075465.7519563,67.87294439509219,True
216548.81598496437,5.065349281802456e-05,-0.00010268011536140875,-3.2085182368746246e-05,-471.1599472165108,137947235.66867483,67.55924989876137,True
216848.81598472595,5.113377763348382e-05,-0.00010455625516669897,-3.122321254522831e-05,-473.29601660370827,137818999.4685337,67.21371841509577,True
217148.81598472595,5.161816187767914e-05,-0.00010612752546990123,-3.036267800382575e-05,-475.440979719162,137690750.74622804,66.83778332835281,True
217448.81598472595,5.210664870913442e-05,-0.00010741077574039082,-2.950942922552713e-05,-477.5947425365448,137562482.3842327,66.4329161462737,True
217748.81598448753,5.2599237783221345e-05,-0.00010842578282677096,-2.8668706946177736e-05,-479.75719860196114,137434186.55464014,66.00060534802044,True
218048.81598448753,5.309611950095546e-05,-0.00010919472762793703,-2.7845158300010553e-05,-481.92861875891685,137305854.7213306,65.54233784277402,True
218348.81598424911,5.3597251437407484e-05,-0.00010974022393384075,-2.7042725221804176e-05,-484.10881024599075,137177477.64230326,65.05958320433255,True
218648.81598424911,5.4102791313565826e-05,-0.00011008564902681428,-2.6264770099260204e-05,-486.2979801893234,137049045.37254897,64.55378067394764,True
218948.81598424911,5.461279970255547e-05,-0.00011025378336171343,-2.551404014639047e-05,-488.496141910553,136920547.2673637,64.02632881972049,True
219248.8159840107,5.512728263942902e-05,-0.00011026645529454981,-2.4792730222600312e-05,-490.70319271087646,136791971.9856759,63.47857763539617,True
219548.8159840107,5.564641985840198e-05,-0.00011014473795967206,-2.4102566143824333e-05,-492.91939041018486,136663307.49413252,62.911822820955,True
219848.81598377228,5.617017069081517e-05,-0.00010990778761765796,-2.3444804909900085e-05,-495.1445320248604,136534541.07126737,62.32730196354176,True
220148.81598377228,5.6698727502586105e-05,-0.00010957376616715919,-2.2820345712659673e-05,-497.378904491663,136405659.31226128,61.72619231776161,True
220448.81598353386,5.723205155428843e-05,-0.00010915871655470255,-2.2229734362610998e-05,-499.62230414152145,136276648.13375875,61.10960992053487,True
220748.81598353386,5.777030561044397e-05,-0.00010867754042465094,-2.1673252483367378e-05,-501.87495651841164,136147492.77929106,60.47860976875129,True
221048.81598353386,5.8313554539843924e-05,-0.00010814336815201386,-2.1150938501079963e-05,-504.13687855005264,136018177.82502204,59.83418684443053,True
221348.81598329544,5.886180800599976e-05,-0.00010756774145193049,-2.0662637574275777e-05,-506.40796342492104,135888687.18552768,59.17727777524093,True
221648.81598329544,5.941525144572404e-05,-0.0001069611873276699,-2.020804296876122e-05,-508.68849036097527,135759004.1203305,58.50876296453491,True
221948.81598305702,5.997384667369773e-05,-0.00010633249326019723,-1.9786720642400724e-05,-510.9782439470291,135629111.24039978,57.82946905423091,True
222248.81598305702,6.05377967656969e-05,-0.00010568977063485363,-1.9398141652970935e-05,-513.2775453925133,135498990.51534003,57.14017159105465,True
222548.8159828186,6.110702944199424e-05,-0.00010503952861995458,-1.904170827060625e-05,-515.5860964655876,135368623.2803569,56.44159781923881,True
222848.8159828186,6.168179382474443e-05,-0.0001043879580038265,-1.8716764870418956e-05,-517.9043255448341,135237990.24438176,55.7344295088867,True
223148.8159828186,6.226210325032224e-05,-0.00010373994587098423,-1.842262667395289e-05,-520.2321263551712,135107071.49744397,55.019305780287965,True
223448.81598258018,6.284796754544662e-05,-0.00010309963522558974,-1.815859172893397e-05,-522.5693798363209,134975846.51908746,54.29682586775031,True
223748.81598258018,6.343959342691887e-05,-0.00010247087175230263,-1.792393947397386e-05,-524.916422188282,134844294.1870195,53.567551797217696,True
224048.81598234177,6.403694754356306e-05,-0.00010185648659444269,-1.7717963871177744e-05,-527.273031026125,134712392.7856049,52.83201096181226,True
224348.81598234177,6.464020331591202e-05,-0.00010125917776804272,-1.7539955202039437e-05,-529.6394660174847,134580120.0151225,52.09069856638605,True
224648.81598234177,6.524943425409424e-05,-0.00010068102426430414,-1.738922496485884e-05,-532.0157536268234,134447453.00110376,51.344079950016635,True
224948.81598210335,6.58646575621637e-05,-0.0001001236323077137,-1.7265109597985884e-05,-534.4017823338509,134314368.3036964,50.59259276782291,True
225248.81598210335,6.648607050661473e-05,-9.958858274217164e-05,-1.7166954116021316e-05,-536.7978719323874,134180841.92774887,49.83664903724071,True
225548.81598186493,6.711364258532453e-05,-9.9076793446784e-05,-1.7094149740159992e-05,-539.2037919461727,134046849.33264941,49.07663705685439,True
225848.81598186493,6.77475849520683e-05,-9.85893362042134e-05,-1.7046093908845705e-05,-541.6198972761631,133912365.44292812,48.312923186453816,True
226148.8159816265,6.838786982233343e-05,-9.812668832864802e-05,-1.7022236640684696e-05,-544.0459577590227,133777364.65848371,47.54585351219375,True
226448.8159816265,6.903467848838801e-05,-9.768948402211208e-05,-1.7022038107938897e-05,-546.4822548478842,133641820.86558971,46.77575538329534,True
226748.8159816265,6.968809134493962e-05,-9.727804510362148e-05,-1.7044999509607806e-05,-548.9288223832846,133505707.44786218,46.00293884570226,True
227048.8159813881,7.034813177746349e-05,-9.689248130939632e-05,-1.7090659618190784e-05,-551.3855469673872,133368997.2972206,45.227697964099,True
227348.8159813881,7.101500627591984e-05,-9.653307213852713e-05,-1.715856886619349e-05,-553.8527745604515,133231662.82554124,44.450312045112035,True
227648.81598114967,7.168868946973137e-05,-9.619965879892334e-05,-1.724833362004574e-05,-556.3302644640207,133093675.97593369,43.67104677469549,True
227948.81598114967,7.236940737008303e-05,-9.589237942009277e-05,-1.735956331572197e-05,-558.8184113949537,132955008.23482747,42.890155260608495,True
228248.81598091125,7.305710000809054e-05,-9.561089257204003e-05,-1.7491928666402146e-05,-561.3168787956238,132815630.64338845,42.10787900560336,True
228548.81598091125,7.375204257194159e-05,-9.535528835158402e-05,-1.7645092761142678e-05,-563.8261879086494,132675513.81029108,41.3244487972316,True
228848.81598091125,7.445426562410774e-05,-9.512526241906016e-05,-1.7818774338707044e-05,-566.3462292551994,132534627.9232188,40.5400855393844,True
229148.81598067284,7.516379619897685e-05,-9.492047621506572e-05,-1.801272021850764e-05,-568.8768793344498,132392942.76150693,39.75500101510788,True
229448.81598067284,7.588086838484779e-05,-9.47408502156577e-05,-1.8226681703481518e-05,-571.4185521006584,132250427.70884141,38.96939859192391,True
229748.81598043442,7.660546068438645e-05,-9.458593163458318e-05,-1.8460464289660194e-05,-573.9709902405739,132107051.76545,38.183473880580365,True
230048.81598043442,7.733781229662975e-05,-9.445560539234066e-05,-1.8713870936437615e-05,-576.5346199721098,131962783.5612749,37.3974153357088,True
230348.81598043442,7.807793472703817e-05,-9.434943655151073e-05,-1.8986753900662734e-05,-579.1092625111341,131817591.36830826,36.61140482127511,True
230648.815980196,7.8825925795119e-05,-9.426709885929085e-05,-1.9278980055048578e-05,-581.6949638426304,131671443.1140066,35.8256181286572,True
230948.815980196,7.958201772553187e-05,-9.42084337225424e-05,-1.9590426362015023e-05,-584.2921273857355,131524306.3940812,35.04022545706306,True
231248.81597995758,8.0346184136523e-05,-9.417294182867408e-05,-1.9921018640900456e-05,-586.9004588127136,131376148.48534434,34.25539186562765,True
231548.81597995758,8.111867304972289e-05,-9.416047623744817e-05,-2.0270677623557276e-05,-589.5204007774591,131226936.35936216,33.47127768427481,True
231848.81597971916,8.18994782513828e-05,-9.417056378424604e-05,-2.0639370234221133e-05,-592.151703029871,131076636.69517995,32.68803890548173,True
232148.81597971916,8.268881480478051e-05,-9.420301299201128e-05,-2.1027063421996672e-05,-594.794713050127,130925215.89292692,31.90582753916548,True
232448.81597971916,8.348679272835252e-05,-9.425749965430441e-05,-2.143375480656573e-05,-597.4494894295931,130772640.0870666,31.124791952360496,True
232748.81597948074,8.429346279829692e-05,-9.433362981781102e-05,-2.1859466272644568e-05,-600.1159211099148,130618875.15949775,30.345077179988856,True
233048.81597948074,8.51090698645728e-05,-9.44312504032041e-05,-2.230422338911353e-05,-602.7944301515818,130463886.75324447,29.566825214815545,True
233348.81597924232,8.593361528864572e-05,-9.454991283064373e-05,-2.276809012613512e-05,-605.4847583323717,130307640.28547436,28.79017528449239,True
233648.81597924232,8.676736686691866e-05,-9.468949485835765e-05,-2.3251128801859977e-05,-608.187384262681,130150100.96130857,28.01526410160788,True
233948.8159790039,8.761029138226419e-05,-9.484951419835852e-05,-2.375344136851254e-05,-610.901939868927,129991233.78660803,27.24222610745244,True
234248.8159790039,8.846271117626628e-05,-9.502991625254253e-05,-2.4275123589490022e-05,-613.6290497332811,129831003.58217582,26.471193690845016,True
234548.8159790039,8.932469113454794e-05,-9.523034051994728e-05,-2.4816306062547255e-05,-616.3686089068651,129669374.99626182,25.702297402441143,True
234848.8159787655,9.019629337728418e-05,-9.545042740910503e-05,-2.537713526962193e-05,-619.1204971671104,129506312.51822038,24.935666150040557,True
235148.8159787655,9.107780087820797e-05,-9.569007642085126e-05,-2.5957763114092813e-05,-621.8852145671844,129341780.49203408,24.171427382100482,True
235448.81597852707,9.19692267061049e-05,-9.594887313824074e-05,-2.6558371306606432e-05,-624.6624873131514,129175743.12906727,23.409707266400734,True
235748.81597852707,9.287086204393428e-05,-9.622672490650075e-05,-2.7179145671851757e-05,-627.4528297036886,129008164.5217678,22.650630849363424,True
236048.81597852707,9.37827574927794e-05,-9.652326093601005e-05,-2.78202977845865e-05,-630.2560594826937,128839008.65622951,21.894322215058978,True
236348.81597828865,9.470505657880292e-05,-9.68382167911841e-05,-2.8482050545619586e-05,-633.0722536593676,128668239.42581736,21.14090462929352,True
236648.81597828865,9.563804758140052e-05,-9.717148873278347e-05,-2.9164639681056315e-05,-635.9019003212452,128495820.64389077,20.390500675519675,True
236948.81597805023,9.65817443540339e-05,-9.752265975748742e-05,-2.9868321977488677e-05,-638.744686409831,128321716.05644757,19.643232389022618,True
237248.81597805023,9.75364552016713e-05,-9.789164022322439e-05,-3.0593364481745766e-05,-641.6011446267366,128145889.35548823,18.89922137489959,True
237548.8159778118,9.850221813102504e-05,-9.827803262396628e-05,-3.1340051805273106e-05,-644.4710141122341,127968304.1912004,18.158588928771337,True
237848.8159778118,9.947930944089684e-05,-9.868169939863947e-05,-3.2108682027853774e-05,-647.3547187298536,127788924.18493396,17.421456141572108,True
238148.8159778118,0.00010046789453651773,-9.910237199051153e-05,-3.2899568473965246e-05,-650.2523516118526,127607712.94167376,16.687944007107287,True
238448.8159775734,0.0001014680769871756,-9.953970649689836e-05,-3.3713036827975884e-05,-653.1638125032187,127424634.06214803,15.958173517900557,True
238748.8159775734,0.00010248017014575874,-9.999357996548497e-05,-3.454943079184147e-05,-656.0896102637053,127239651.15545258,15.232265755559387,True
239048.81597733498,0.00010350422840157641,-0.00010046357579085452,-3.540910182486812e-05,-659.0294793695211,127052727.85082507,14.510341981583858,True
239348.81597733498,0.00010454058787763223,-0.00010094957315232023,-3.629242333325067e-05,-661.9839770793915,126863827.81006588,13.792523714404437,True
239648.81597733498,0.00010558938341966893,-0.00010145121939331148,-3.7199775755780706e-05,-664.9530548006296,126672914.73900415,13.07893281005851,True
239948.81597709656,0.00010665070911475279,-0.00010196810546858615,-3.813154829046539e-05,-667.9365292340517,126479952.39924158,12.36969153228336,True
240248.81597709656,0.0001077249748279899,-0.00010250014679513697,-3.908816032272e-05,-670.9351477324963,126284904.62030916,11.664922617952046,True
240548.81597685814,0.00010881224118999888,-0.00010304686725248757,-4.007002416628325e-05,-673.9486034363508,126087735.31015965,10.96474934340217,True
240848.81597685814,0.00010991285753655469,-0.00010360808229847862,-4.107758297244857e-05,-676.9774414002895,125888408.46706893,10.269295577815111,True
241148.81597661972,0.00011102690595430133,-0.00010418330356287697,-4.211127208542109e-05,-680.0213930904865,125686888.19029154,9.578685840869623,False
241448.81597661972,0.00011215476678545068,-0.00010477233936967423,-4.317156279576295e-05,-683.0810719132423,125483138.69138108,8.893045347032649,False
241748.81597661972,0.00011329656236788253,-0.0001053747030255181,-4.425891531667503e-05,-686.1563026309013,125277124.30434966,8.212500053444671,False
242048.8159763813,0.00011445251791370438,-0.00010598999435273981,-4.537380863745e-05,-689.2472048103809,125068809.49680863,7.537176697742457,False
242348.8159763813,0.00011562301826384737,-0.0001066179560780256,-4.651675103861663e-05,-692.3543646782637,124858158.87997644,6.86720283126056,False
242648.81597614288,0.00011680815190614554,-0.00010725799438660033,-4.7688226913145115e-05,-695.4774602353573,124645137.21861498,6.20270685275874,False
242948.81597614288,0.00011800833022705273,-0.00010790982628350321,-4.8888769285326816e-05,-698.6171291470528,124429709.44150889,5.543818029433247,False
243248.81597590446,0.00011922367242567822,-0.00010857283521659156,-5.011888256412078e-05,-701.7731090337038,124211840.65070866,4.8906665213208305,False
243548.81597590446,0.00012045455976723354,-0.00010924664763933833,-5.1379115391547714e-05,-704.945915132761,123991496.13138226,4.243383392377781,False
243848.81597590446,0.00012170125518226,-0.00010993073519216523,-5.2670008755750786e-05,-708.1356880068779,123768641.36120299,3.602100624072243,False
244148.81597566605,0.0001229639561116543,-0.00011062446938581161,-5.399209922796189e-05,-711.3423501253128,123543242.0191162,2.966951118465574,False
244448.81597566605,0.00012424309231509124,-0.00011132742704944576,-5.534596929113178e-05,-714.5665141195059,123315263.99460404,2.3380686959235333,False
244748.81597542763,0.00012553881231595773,-0.00011203885986788009,-5.673215871904169e-05,-717.8079173266888,123084673.39606157,1.7155880920309103,False
245048.81597542763,0.00012685157652721278,-0.00011275830269141807,-5.815126969666018e-05,-721.0672280490398,122851436.55961205,1.0996449413290408,False
245348.81597542763,0.00012818162724167608,-0.00011348502812325023,-5.960386904341197e-05,-724.3444303274155,122615520.05700052,0.4903757622847787,False
245648.8159751892,0.00012952916447757907,-0.00011421822674151372,-6.109051548523758e-05,-727.6393566429615,122376890.70358707,-0.11208206883204865,False
245948.8159751892,0.00013089473912132995,-0.00011495740534428478,-6.261184639244632e-05,-730.9528910666704,122135515.56673838,-0.7075903503498784,False
246248.8159749508,0.00013227852027836615,-0.00011570163997021155,-6.416841883916113e-05,-734.2847287803888,121891361.97245125,-1.2960100897276863,False
246548.8159749508,0.0001336809988737627,-0.0001164502898234332,-6.576086440990281e-05,-737.6355265974998,121644397.51325963,-1.877201551736702,False
246848.81597471237,0.00013510237365743652,-0.00011720237401391387,-6.7389745480817e-05,-741.0050239861012,121394590.05495757,-2.4510243064594768,False
247148.81597471237,0.00013654317664472227,-0.00011795720251939201,-6.905570654813786e-05,-744.393956810236,121141907.74374719,-3.0173372916753234,False
247448.81597471237,0.00013800365773829415,-0.00011871375451733002,-7.075931918620881e-05,-747.802171587944,120886319.0122945,-3.5759988760941166,False
247748.81597447395,0.00013948418378766577,-0.00011947108023946384,-7.250118063417688e-05,-751.2298493981361,120627792.58667587,-4.12686693457312,False
248048.81597447395,0.00014098530281554816,-0.00012022836256164737,-7.428193767466951e-05,-754.6776971668005,120366297.49199861,-4.669798931113367,False
248348.81597423553,0.0001425072372393335,-0.00012098441075636401,-7.610213840525404e-05,-758.1453994363546,120101803.05809808,-5.2046520056773025,False
248648.81597423553,0.0001440505735225802,-0.00012173834784334758,-7.796243285973503e-05,-761.6337259411812,119834278.9255273,-5.731283075295102,False
248948.81597399712,0.00014561556907630914,-0.00012248892079469442,-7.986336328968946e-05,-765.1424101889133,119563695.0504045,-6.249548937003519,False
249248.81597399712,0.0001472028366386577,-0.00012323517879053725,-8.180557656700671e-05,-768.6722421944141,119290021.70982991,-6.759306385499275,False
249548.81597399712,0.00014881269523663024,-0.00012397583168421988,-8.378961498589632e-05,-772.2230826616287,119013229.50616251,-7.260412333447031,False
249848.8159737587,0.00015044558809515537,-0.00012470966322553068,-8.581604925606001e-05,-775.7951409816742,118733289.37216298,-7.752723944156006,False
250148.8159737587,0.0001521021499105918,-0.00012543559543587435,-8.788550775840065e-05,-779.3891761004925,118450172.57474788,-8.23609877281596,False
250448.81597352028,0.00015378267684689853,-0.00012615217153211233,-8.999848413893119e-05,-783.004881337285,118163850.71890227,-8.710394912669958,False
250748.81597352028,0.00015548784707478314,-0.00012685825993230537,-9.215559830977327e-05,-786.643079161644,117874295.75176865,-9.17547115507102,False
251048.81597352028,0.00015721809306644475,-0.0001275524436437081,-9.435736379614923e-05,-790.3038066327572,117581479.96574149,-9.631187152770025,False
251348.81597328186,0.00015897380528648447,-0.00012823322191479747,-9.660425664925754e-05,-793.9869359135628,117285376.00156575,-10.07740359507002,False
251648.81597328186,0.00016075577520617088,-0.00012889943670302273,-9.889689778574962e-05,-797.693520411849,116985956.85184003,-10.513982390915888,False
251948.81597304344,0.00016256436965817812,-0.00012954948041965508,-0.00010123571637876694,-801.4232798069715,116683195.86275342,-10.94078685697651,False
252248.81597304344,0.00016440032457132496,-0.00013018205953585493,-0.00010362127643226415,-805.1770143508911,116377066.73691565,-11.357681918003804,False
252548.81597280502,0.00016626405171287452,-0.0001307955352274348,-0.00010605398088259221,-808.9544970691204,116067543.53521498,-11.764534309707832,False
252848.81597280502,0.00016815634642098893,-0.00013138859785044588,-0.0001085343806650485,-812.7566188126802,115754600.6787758,-12.161212793395505,False
253148.81597280502,0.00017007769090657664,-0.00013195961074075058,-0.00011106286326700854,-816.5832756757736,115438212.95003808,-12.54758837286966,False
253448.8159725666,0.00017202870660500984,-0.0001325070413145113,-0.00011363985376533492,-820.4347395449877,115118355.49459489,-12.923534520186577,False
253748.8159725666,0.0001740102282313506,-0.00013302952984872718,-0.00011626585749624496,-824.3118737190962,114795003.82154043,-13.288927406954471,False
254048.8159723282,0.00017602272726213467,-0.00013352535850685854,-0.00011894117820787642,-828.2143976688385,114468133.80414128,-13.64364613794595,False
254348.8159723282,0.00017806709764365823,-0.00013399318248730197,-0.00012166630345511464,-832.1432483643293,114137721.68047334,-13.98757299268676,False
254648.8159723282,0.00018014396275207315,-0.00013443139440028062,-0.00012444156033275533,-836.09849396348,113803744.05318911,-14.320593666980333,False
254948.81597208977,0.0001822539729768122,-0.0001348384044206341,-0.00012726726018108536,-840.080228433013,113466177.88939604,-14.642597519563582,False
255248.81597208977,0.0001843980325618294,-0.00013521284822104462,-0.00013014382328258023,-844.0892454534769,113125000.5199704,-14.95347782053135,False
255548.81597185135,0.0001865768092220657,-0.00013555314802715657,-0.00013307151742658618,-848.1255724877119,112780189.63913958,-15.253131998668405,False
255848.81597185135,0.00018879129692786503,-0.00013585802219040488,-0.00013605076500411428,-852.190143942833,112431723.3028532,-15.541461892045657,False
256148.81597161293,0.00019104211058252886,-0.00013612586189992726,-0.0001390817507900266,-856.2827030718327,112079579.92744713,-15.818373994550374,False
256448.81597161293,0.0001933303145427007,-0.0001363554697491054,-0.0001421648902777406,-860.4042594581842,111723738.28815591,-16.08377970340103,False
256748.81597161293,0.00019565670102020084,-0.00013654542760832555,-0.00014530041966764884,-864.5549458563328,111364177.51689106,-16.337595561215842,False
257048.8159713745,0.00019802202416551563,-0.00013669431177731894,-0.00014848852440252358,-868.7347122877836,111000877.0997768,-16.579743495821063,False
257348.8159713745,0.00020042751303837126,-0.00013680113511327363,-0.0001517296556947656,-872.9448330253363,110633816.87514044,-16.810151054645978,False
257648.8159711361,0.00020287391778007861,-0.00013686453368677576,-0.00015502395289601623,-877.1850918382406,110262977.02978413,-17.02875163201612,False
257948.8159711361,0.00020536242838797297,-0.00013688355463159496,-0.000158371808481661,-881.4564838111401,109888338.09610257,-17.235484690880572,False
258248.81597089767,0.0002078938732940154,-0.0001368569841702083,-0.0001617733687275802,-885.7588612437248,109509880.94852738,-17.430295974475506,False
258548.81597089767,0.00021046953042896534,-0.00013678402885375363,-0.00016522905207949634,-890.0933011323214,109127586.79964139,-17.613137710359744,False
258848.81597089767,0.0002130904029313866,-0.00013666371711451575,-0.00016873908641201751,-894.4599887132645,108741437.19597575,-17.783968802687326,False
259148.81597065926,0.00021575745867011132,-0.00013649510708546586,-0.00017230365904197242,-898.8589169830084,108351414.01332116,-17.94275501419215,False
259448.81597065926,0.00021847217709888354,-0.00013627772415247819,-0.0001759232931917154,-903.2914602309465,107957499.45254037,-18.08946913556913,False
259748.81597042084,0.00022123553604690708,-0.00013601075198721446,-0.0001795981648911038,-907.7574422359467,107559676.03367662,-18.224091141659454,False
260048.81597042084,0.00022404898918487477,-0.00013569381223987875,-0.00018332877271376447,-912.2579497843981,107157926.59080401,-18.346608334229792,False
260348.81597042084,0.0002269137258532959,-0.0001353263827468254,-0.00018711542983496088,-916.7932001501322,106752234.26631658,-18.45701546967219,False
260648.81597018242,0.00022983097756390465,-0.00013490804309412852,-0.00019095847570937963,-921.3634216934443,106342582.5047646,-18.555314871950962,False
260948.81597018242,0.00023280229517558197,-0.00013443868104445755,-0.00019485848311262544,-925.9696315377951,105928955.04620235,-18.641516529685415,False
261248.815969944,0.0002358289714370431,-0.00013391805651963296,-0.00019881584374914496,-930.6119928359985,105511335.92006072,-18.71563817701986,False
261548.815969944,0.00023891270564420277,-0.00013334629565520117,-0.0002028312584343439,-935.291686937213,105089709.43728435,-18.77770535822219,False
261848.81596970558,0.00024205477153102324,-0.00013272327987579047,-0.00020690512227261593,-940.0085663497448,104664060.1831964,-18.827751475721893,False
262148.8159697056,0.000245256998407464,-0.00013204935592625588,-0.00021103826290769234,-944.7639036178589,104234373.00978388,-18.865817820921947,False
262448.8159697056,0.000248520918658467,-0.0001313247193479583,-0.00021523130156708703,-949.5579933971167,103800633.0275336,-18.891953588973788,False
262748.81596946716,0.00025184804456831875,-0.0001305496180918908,-0.00021948485944278673,-954.3909299373627,103362825.5967367,-18.90621587659366,False
263048.81596946716,0.0002552404811303498,-0.00012972476307027136,-0.0002238000444272359,-959.2642930299044,102920936.31929462,-18.9086696631058,False
263348.81596922874,0.00025869979158204675,-0.00012885054928801765,-0.00022817756589788019,-964.1779997199774,102474951.02884024,-18.899387776859356,False
263648.81596922874,0.0002622280941381884,-0.00012792779344295013,-0.00023261860172851812,-969.1333266198635,102024855.78142032,-18.878450844496346,False
263948.8159689903,0.00026582710618283856,-0.00012695709483523387,-0.00023712403947584448,-974.1302759349346,101570636.84580746,-18.845947227010853,False
264248.8159689903,0.000269499116756237,-0.00012593946277661416,-0.00024169526298578603,-979.1702254116535,101112280.69303538,-18.801972939888042,False
264548.8159689903,0.0002732461208730101,-0.0001248757522773758,-0.00024633345411118057,-984.2535579949617,100649773.98592839,-18.74663156162674,False
264848.8159687519,0.00027707010717811586,-0.00012376685174331215,-0.00025103982320473506,-989.3804458230734,100183103.56782718,-18.680034128627753,False
265148.8159687519,0.0002809737201718108,-0.00012261407189839701,-0.0002558161681278648,-994.5526128411293,99712256.45186046,-18.602299018045258,False
265448.8159685135,0.000284959040550302,-0.00012141840031176798,-0.00026066385814615955,-999.7700515687466,99237219.80852386,-18.51355182229706,False
265748.8159685135,0.000289028766781469,-0.00012018120185075531,-0.0002655848275630035,-1005.034175157547,98757980.95371467,-18.41392521127531,False
266048.8159685135,0.0002931853230982095,-0.00011890368494960057,-0.00027058082469011424,-1010.3454287499189,98274527.33646697,-18.30355878902455,False
266348.81596827507,0.0002974312315393438,-0.00011758711787024367,-0.0002756537256303204,-1015.7042749226093,97786846.52591953,-18.182598941674755,False
266648.81596827507,0.00030176945292832106,-0.00011623300304108852,-0.0002808058346239761,-1021.1120641678572,97294926.19771339,-18.05119867944557,False
266948.81596803665,0.0003062026874447117,-0.00011484268492267802,-0.00028603927940551443,-1026.5691952109337,96798754.12118025,-17.90951747606137,False
267248.81596803665,0.00031073418839072095,-0.00011341777894813276,-0.00029135672328450823,-1032.0772130787373,96298318.14421675,-17.75772110210114,False
267548.81596779823,0.00031536674810321775,-0.00011195963219279292,-0.0002967604744164021,-1037.6361795812845,95793606.17930636,-17.595981459771906,False
267848.81596779823,0.00032010390430061054,-0.00011046993770946756,-0.00030225355304835944,-1043.247758641839,95284606.1885086,-17.424476413253245,False
268148.81596779823,0.00032494888334377864,-0.00010895018763790176,-0.0003078387558090867,-1048.9124914556742,94771306.16820343,-17.243389623586573,False
268448.8159675598,0.0003299050602053638,-0.0001074019047564434,-0.0003135190622352013,-1054.6309650242329,94253694.13332316,-17.052910382980702,False
268748.8159675598,0.0003349763203857535,-0.00010582679962567454,-0.00031929796552887524,-1060.4046922773123,93731758.10081036,-16.853233452318964,False
269048.8159673214,0.0003401663036467676,-0.000104226406961061,-0.000325178789253755,-1066.2341969013214,93205486.07399139,-16.644558905761265,False
269348.8159673214,0.0003454792908382585,-0.00010260248524218696,-0.00033116549427347763,-1072.1212017536163,92674866.02441615,-16.427091977245976,False
269648.8159673214,0.0003509192627622645,-0.00010095658589648338,-0.00033726181995064053,-1078.066275253892,92139885.87495928,-16.201042917997363,False
269948.815967083,0.0003564904146831561,-9.929028416877372e-05,-0.00034347175174076483,-1084.0700931847095,91600533.48194118,-15.966626859182359,False
270248.815967083,0.0003621976243978754,-9.76053594285986e-05,-0.0003497999582222633,-1090.1345424503088,91056796.6165892,-15.724063683680201,False
270548.81596684456,0.0003680452271995858,-9.590328312469865e-05,-0.00035625065474498285,-1096.2597195208073,90508662.9462619,-15.473577911624693,False
270848.81596684456,0.00037403865370395017,-9.418587700338321e-05,-0.00036282912710206006,-1102.4478612542152,89956120.01569568,-15.2153985917598,False
271148.81596660614,0.00038018274602980267,-9.245463667184595e-05,-0.00036954016065493533,-1108.6992664337158,89399155.22673938,-14.949759211367404,False
271448.81596660614,0.00038648325139943037,-9.071130801885374e-05,-0.0003763894381112465,-1115.0158378779888,88837755.81826615,-14.676897613314248,False
271748.81596660614,0.0003929457064266428,-8.895745625636664e-05,-0.000383382492049833,-1121.3983978182077,88271908.84601662,-14.397055932909092,False
272048.8159663677,0.00039957591404450767,-8.719464801743015e-05,-0.00039052515091064777,-1127.8477961868048,87701601.16138993,-14.110480546370995,False
272348.8159663677,0.0004063803889387083,-8.542459463001251e-05,-0.0003978239639756964,-1134.3658903241158,87126819.38960207,-13.817422035282968,False
272648.8159661293,0.00041336547783668137,-8.364884394040928e-05,-0.00040528536516859504,-1140.9534747451544,86547549.90891503,-13.518135171554315,False
272948.8159661293,0.00042053840830566557,-8.186912805285829e-05,-0.0004129166725306277,-1147.612641364336,85963778.82702912,-13.212878914865083,False
273248.8159658909,0.00042790600333662935,-8.008694214822754e-05,-0.0004207248586016732,-1154.3438198715448,85375491.95906982,-12.901916434734945,False
273548.8159658909,0.00043547624117498316,-7.830403711750478e-05,-0.00042871804491007026,-1161.1492520719767,84782674.80419904,-12.585515145501981,False
273848.8159658909,0.0004432569135584956,-7.652199622043554e-05,-0.00043690421409081637,-1168.0299222618341,84185312.52225623,-12.26394676806775,False
274148.81596565247,0.00045125623018416717,-7.474242602256709e-05,-0.00044529178854091356,-1174.9868728220463,83583389.90974629,-11.937487408522617,False
274448.81596565247,0.000459483305803895,-7.296708577086974e-05,-0.00045389010304930366,-1182.0221982896328,82976891.37507078,-11.60641765887962,False
274748.81596541405,0.00046794719639497393,-7.119761312424089e-05,-0.00046270847179918917,-1189.1368844211102,82365800.91506448,-11.271022724829665,False
275048.81596541405,0.00047665807289490656,-6.94358428461328e-05,-0.00047175732653670366,-1196.3332772254944,81750102.08862421,-10.931592571451983,False
275348.81596541405,0.00048562601498789386,-6.768348359287302e-05,-0.00048104704448093116,-1203.6124268621206,81129777.99216545,-10.588422100166387,False
275648.8159651756,0.0004948617032339065,-6.594230697487546e-05,-0.0004905886192894116,-1210.9755076915026,80504811.23406613,-10.241811347247777,False
275948.8159651756,0.0005043770633047725,-6.421429472425189e-05,-0.000500394291975681,-1218.4250656664371,79875183.90865402,-9.89206570953445,False
276248.8159649372,0.0005141836743218095,-6.250125767337522e-05,-0.0005104759947194282,-1225.961627215147,79240877.57038018,-9.539496203551543,False
276548.8159649372,0.0005242949655626636,-6.080534978991636e-05,-0.0005208475004039315,-1233.5881434679031,78601873.20822585,-9.184419746579591,False
276848.8159646988,0.0005347240160548442,-5.9128564373622794e-05,-0.0005315222667885422,-1241.3053771406412,77958151.21904123,-8.827159477774272,False
277148.8159646988,0.0005454855775321795,-5.747318584781169e-05,-0.0005425154204949934,-1249.1159079819918,77309691.38143569,-8.468045103544972,False
277448.8159646988,0.000556594625238661,-5.584147555737218e-05,-0.0005538423338702358,-1257.0210978984833,76656472.83037858,-8.107413285245437,False
277748.8159644604,0.0005680670069761902,-5.423581868058136e-05,-0.0005655192613644999,-1265.0222942978144,75998474.03116621,-7.745608058589958,False
278048.8159644604,0.0005799202831487922,-5.265888333383373e-05,-0.0005775641686316391,-1273.1223091334105,75335672.75392991,-7.382981291615319,False
278348.81596422195,0.0005921719394954797,-5.11132816711779e-05,-0.0005899949691210438,-1281.3218233436346,74668046.04879369,-7.019893189252247,False
278648.81596422195,0.0006048419012692548,-4.960204341841745e-05,-0.0006028320056179481,-1289.6240515559912,73995570.22203016,-6.656712833091863,False
278948.81596422195,0.0006179503321139387,-4.8128213649079044e-05,-0.0006160958760954571,-1298.0303798913956,73318220.81190805,-6.293818776797237,False
279248.81596398354,0.0006315186584736118,-4.669505267429486e-05,-0.0006298084440166107,-1306.5421717464924,72635972.56643249,-5.931599685337347,False
279548.81596398354,0.0006455705641227432,-4.530620020659626e-05,-0.0006439938236333376,-1315.1623634696007,71948799.42204364,-5.570455027720903,False
279848.8159637451,0.0006601301957419597,-4.396538804485317e-05,-0.000658676601690722,-1323.8919868469238,71256674.48419826,-5.210795832820172,False
280148.8159637451,0.0006752242540039635,-4.267678428959698e-05,-0.0006738839088367143,-1332.7337294071913,70559570.00863129,-4.853045498912983,False
280448.8159635067,0.0006908804781139883,-4.144476486089843e-05,-0.0006896439158978751,-1341.688983604312,69857457.38704638,-4.497640678181405,False
280748.8159635067,0.0007071293959395952,-4.027418552254858e-05,-0.0007059875695585305,-1350.7606444507837,69150307.13230091,-4.145032225706191,False
281048.8159635067,0.000724002743301013,-3.917016354648695e-05,-0.0007229470213028222,-1359.950082078576,68438088.86914128,-3.7956862344375506,False
281348.8159632683,0.0007415345600635914,-3.81382548368947e-05,-0.0007405567135561064,-1369.258755415678,67720771.32761207,-3.450085149921863,False
281648.8159632683,0.000759762259597874,-3.7184605389484204e-05,-0.0007588544417225229,-1378.6896263882518,66998322.340397745,-3.108728977995288,False
281948.81596302986,0.0007787245028399112,-3.631569171602678e-05,-0.0007778792371380128,-1388.2432703524828,66270708.84550535,-2.7721365998311502,False
282248.81596302986,0.0007984645343263029,-3.5538768202059146e-05,-0.0007976746830831161,-1397.9229402691126,65537896.8950432,-2.4408471885027065,False
282548.81596279144,0.0008190271913922373,-3.4861514478734534e-05,-0.0008182859351268945,-1407.729281105101,64799851.669549204,-2.115421757925308,False
282848.81596279144,0.0008404620611569377,-3.4292447594452824e-05,-0.000839762859682569,-1417.6648982465267,64056537.50065699,-1.7964448352891547,False
283148.81596279144,0.0008628216014575034,-3.3840725791378645e-05,-0.0008621581585106508,-1427.73085424304,63307917.903470844,-1.484526289861655,False
283448.815962553,0.0008861623435468984,-3.3516327277993696e-05,-0.0008855285607642926,-1437.9280179068446,62553955.61843383,-1.1803033188219498,False
283748.815962553,0.0009105464636489178,-3.333025523488686e-05,-0.000909936383223231,-1448.2587525323033,61794612.66561455,-0.8844426128059515,False
284048.8159623146,0.0009360394465580122,-3.329432936993726e-05,-0.0009354471946281251,-1458.7227654233575,61029850.413275406,-0.5976427271899486,False
284348.8159623146,0.0009627142293865425,-3.3421672753775056e-05,-0.0009621339378375615,-1469.3224141970277,60259629.66321385,-0.3206366648869397,False
284648.8159623146,0.0009906483050225298,-3.3726461765581917e-05,-0.0009900740331188207,-1480.0576573088765,59483910.753782675,-0.05419471617748387,False
284948.8159620762,0.001019925732208578,-3.422420024890016e-05,-0.0010193513710506363,-1490.9280791580677,58702653.68593539,0.20087243377996392,False
285248.8159620762,0.0010506392127685484,-3.4931989944197994e-05,-0.0010500583719454948,-1501.9346750080585,57915818.27448352,0.44371029017035674,False
285548.81596183777,0.001082887916393347,-3.586839818581211e-05,-0.0010822938024918072,-1513.0757918581367,57123364.329396866,0.6734167835833477,False
285848.81596183777,0.001116781420677964,-3.705392757069603e-05,-0.001116166689232645,-1524.3511539399624,56325251.870277844,0.8890381281878815,False
286148.81596159935,0.0011524381048772154,-3.851096528251219e-05,-0.0011517946982080307,-1535.7583801150322,55521441.3834349,1.0895642374794432,False
286448.81596159935,0.0011899887972134677,-4.026424028324982e-05,-0.0011893077520248596,-1547.2961072400212,54711894.12208777,1.2739236592433019,False
286748.81596159935,0.00122957525871191,-4.234081757203967e-05,-0.0012288464935592547,-1558.9604045674205,53896572.463748254,1.4409779509568141,False
287048.81596136093,0.0012713530488688565,-4.477051652429509e-05,-0.0012705651170812349,-1570.7464969232678,53075440.329962395,1.58951543687437,False
287348.81596136093,0.0013154945282126092,-4.758635674306788e-05,-0.001314634331958775,-1582.6501659154892,52248463.679719746,1.7182442571736458,False
287648.8159611225,0.0013621872456184533,-5.082461882466305e-05,-0.0013612397182090064,-1594.6635650396347,51415611.09048262,1.8257846073164659,False
287948.8159611225,0.0014116397747732149,-5.452560404251017e-05,-0.001410587506931904,-1606.779297247529,50576854.43914772,1.9106600710843071,False
288248.8159611225,0.0014640814702307212,-5.873388909094501e-05,-0.0014629042896259215,-1618.987171240151,49732169.70466768,1.9712879019578735,False
288548.8159608841,0.0015197654455746364,-6.349891498302895e-05,-0.001518439934265814,-1631.274264678359,48881537.90736922,2.0059681152357327,False
288848.8159608841,0.0015789740416909143,-6.887585556114573e-05,-0.0015774729756095063,-1643.6269843801856,48024946.21497528,2.012871215432135,False
289148.8159606457,0.00164201836065265,-7.492602492220612e-05,-0.0016403100778588087,-1656.0264993086457,47162389.24315223,1.9900243491069887,False
289448.8159606457,0.0017092471167152855,-8.171820729785395e-05,-0.0017072947753073997,-1668.452981211245,46293870.58433177,1.9352956638102332,False
289748.81596040726,0.0017810459272852791,-8.932923037718865e-05,-0.0017788066672832503,-1680.8797357603908,45419404.609246075,1.846376580486466,False
290048.81596040726,0.0018578493529602406,-9.784583312466566e-05,-0.0018552733045853476,-1693.2786738425493,44539018.591326274,1.7207616814800504,False
290348.81596040726,0.0019401409112682303,-0.00010736560025748076,-0.001937170067255245,-1705.6136178821325,43652755.212680146,1.555725817711129,False
290648.81596016884,0.002028462895142123,-0.00011799900431697097,-0.0020250297897741465,-1717.8417508080602,42760675.52790644,1.3482980198201977,False
290948.81596016884,0.0021234274121064802,-0.00012987185186830175,-0.0021194535680149063,-1729.9144491404295,41862862.472162895,1.0952316959133268,False
291248.8159599304,0.002225720753400771,-0.00014312742985111981,-0.002221114883023012,-1741.7713939249516,40959425.02133104,0.7929705169367613,False
291548.8159599304,0.0023361204718649045,-0.0001579303315679681,-0.0023307763334676768,-1753.3434092625976,40050503.131099805,0.4376093128454296,False
291848.815959692,0.002455503619749106,-0.00017447000232095888,-0.0024492975013406873,-1764.5465563833714,39136273.61615324,0.024849161388831576,False
292148.815959692,0.0025848672144192873,-0.00019296628454412712,-0.0025776549109232105,-1775.283385567367,38216957.152222395,-0.4500542463736629,False
292448.815959692,0.002725340284721135,-0.00021367512425740642,-0.002716953503634434,-1785.4359071031213,37292826.638250425,-0.9923500439144818,False
292748.8159594536,0.0028782073166591132,-0.00023689682507210819,-0.0028684493221720064,-1794.8641601130366,36364217.19379942,-1.607860635303623,False
293048.8159594536,0.0030449349739173066,-0.0002629865617223004,-0.0030335752663828153,-1803.4036323353648,35431538.13051277,-2.3030605246887745,False
293348.81595921516,0.0032271918956729116,-0.0002923666685319404,-0.003213959725779425,-1810.8555692583323,34495287.30804444,-3.0851670435497636,False
293648.81595921516,0.0034268875386140414,-0.0003255446142702567,-0.0034114638147677567,-1816.985442765057,33556068.363227606,-3.9622445815562606,False
293948.81595921516,0.0036462010185757975,-0.00036313483741423624,-0.0036282082118379577,-1821.5120408125222,32614611.40523099,-4.94332398678761,False
294248.81595897675,0.0038876198744498746,-0.0004058887891176255,-0.0038666092250192463,-1824.0989602282643,31671797.86561388,-6.03853868240915,False
294548.81595897675,0.004153986557746587,-0.00045473617271341027,-0.004129421616688944,-1824.3464648760855,30728690.318915684,-7.259278711682102,False
294848.8159587383,0.004448530788468497,-0.0005108393018531387,-0.004419766094683197,-1821.7743096202612,29786568.19324549,-8.61836319988899,False
295148.8159587383,0.004774922180656596,-0.0005756721757848027,-0.00474117498595561,-1815.8125724457204,28846970.377236914,-10.130230319963095,False
295448.8159584999,0.0051372887045663725,-0.0006511283449412986,-0.005097601147578956,-1805.7791230417788,27911745.75746153,-11.811141482471042,False
295748.8159584999,0.005540252513561098,-0.0007396822282146331,-0.005493439673427858,-1790.868727941066,26983112.61433432,-13.679392449029244,False
296048.8159584999,0.005988900882834672,-0.0008446211413968285,-0.005933478428486794,-1770.1283810511231,26063727.45325114,-15.755517740250301,False
296348.8159582615,0.006488731399381407,-0.0009704007276809534,-0.006422812099938113,-1742.4439083263278,25156763.08075557,-18.062464680672207,False
296648.8159582615,0.007045518934066213,-0.0011231970820517745,-0.0069666607507521405,-1706.5319003239274,24265994.23552702,-20.625698264511424,False
296948.8159580231,0.007665034474634631,-0.0013117855157247504,-0.007570011361586637,-1660.9379845783114,23395886.434961606,-23.47317536420843,False
297248.8159580231,0.008352624146523099,-0.001549004809021426,-0.008237067705579193,-1604.0695128403604,22551679.262768395,-26.635093726497843,False
297548.8159580231,0.009112499831929749,-0.0018542707800293101,-0.008970317918606696,-1534.2602197565138,21739448.32658591,-30.14327373850935,False
297848.81595778465,0.009946745207295181,-0.002258119019984406,-0.009769134409296498,-1449.9104436971247,20966119.77987328,-34.029962583043954,False
298148.81595778465,0.010853931064671382,-0.0028108420547425794,-0.010627608833331692,-1349.7258204482496,20239397.44370416,-38.32574785616221,False
298448.81595754623,0.011827285525198683,-0.003599966129911536,-0.01153112095671105,-1233.094490852207,19567547.011015285,-43.05609423047176,False
298748.81595754623,0.012852480777786529,-0.004788376596906119,-0.012450564376763396,-1100.6437500454485,18958971.32278943,-48.235659739547835,False
299048.8159573078,0.013904766487087841,-0.006705127734335292,-0.013330756689192924,-954.9058033674955,18421522.275116894,-53.85863958162325,False
299348.8159573078,0.014945284867122762,-0.010086116368881903,-0.014062580916053946,-800.7262188643217,17961561.852863703,-59.880635766020035,False
299648.8159573078,0.01591741167425822,-0.016791583880944927,-0.014401158132642422,-644.3396232239902,17582954.146237675,-66.1778786047427,False
299948.8159570694,0.016749617583261555,-0.03208427035971795,-0.013668016489887691,-490.2917700558901,17286459.018146895,-72.42994257617643,False
300248.8159570694,0.01737222012065885,-0.06807492229029322,-0.009578070258001503,-339.2484911940992,17070255.113760475,-77.70276088891008,False
300548.815956831,0.01773075907561714,-0.0965208275764553,0.0016712303703911857,-190.98805701360106,16932061.52936706,-79.46322160237563,False
300848.815956831,0.017776923380447784,-0.057012103454411545,0.01119461273918887,-44.349335208535194,16872090.71233489,-75.98806163638316,False
301148.81595659256,0.017484377956979002,-0.028895000178408736,0.01437584629101707,109.95844499021769,16894672.378772803,-69.86122768931018,False
301448.81595659256,0.01689155054882016,-0.016857190880983808,0.015060812738340701,282.9158680215478,17006926.482690316,-63.02549723929373,False
301748.81595659256,0.01608323690976408,-0.011200259504903443,0.014824990011057082,472.66176088154316,17215382.3652504,-56.173275956293715,False
302048.81595635414,0.01513924018044584,-0.008173295591262786,0.014181339965986695,667.1322220005095,17522970.878509566,-49.585315935748,False
302348.81595635414,0.01412077684918334,-0.006373863111065248,0.013339442048476258,854.5720790028572,17927881.583278924,-43.39444609699714,False
302648.8159561157,0.05932806795447822,0.025360109112170903,-0.05582430776892977,-3502.52049921453,18428647.736537803,-37.594590846003385,False
302948.8159561157,0.0552677021243779,0.021947639231711946,-0.052066537888009634,-4229.535401493311,19008269.276611093,-32.34813684642698,False
303248.8159561157,0.05129710349575193,0.019481189862830206,-0.048304729006119373,-4875.793767154217,19660073.63695226,-27.57769446653219,False
303548.8159558773,0.04750987616282452,0.017627598692087076,-0.04466557191880938,-5437.195538289845,20373566.140018675,-23.26274076781701,False
303848.8159558773,0.04396311034494661,0.01618878829623327,-0.04122592466376318,-5917.995356444269,21138738.85740692,-19.3736079556024,False
304148.8159556389,0.04068498081723082,0.01504150276269911,-0.038026195265739915,-6324.602933306247,21946481.663482167,-15.876184617846288,False
304448.8159556389,0.0376829269100271,0.0141054882155629,-0.03508180701715169,-6665.101990520954,22788760.198544372,-12.735097264061189,False
304748.81595540047,0.03495073631532835,0.013326664302837798,-0.03239193367891602,-6947.848592571914,23658640.07832993,-9.915743267391967,False
305048.81595540047,0.03247388826736247,0.012667455776409042,-0.029945803539927596,-7180.8106324113905,24550224.820566554,-7.3854875166201825,False
305348.81595540047,0.030233434174403044,0.01210106424184687,-0.027727147799645024,-7371.2408893071115,25458551.708673105,-5.114279265994925,False
305648.81595516205,0.028208612821888576,0.01160793622753431,-0.025717165701925726,-7525.549491196871,26379473.183364052,-3.07488744650909,False
305948.81595516205,0.026378516038660864,0.011173514567275333,-0.023896413069004252,-7649.292340911925,27309539.45380473,-1.2428988896494977,False
306248.81595492363,0.024723103174047814,0.010786773982147224,-0.02224596128889894,-7747.229280114174,28245890.33425304,0.40342055492738343,False
306548.81595492363,0.02322372806778056,0.010439228828431624,-0.020748023019383943,-7823.400775682181,29186159.65587742,1.8833358158818274,False
306848.81595492363,0.0218633975320269,0.010124260756981585,-0.019386276813315728,-7881.223313167691,30128392.96071476,3.2138813813677154,False
307148.8159546852,0.020626826788151278,0.009836642478433077,-0.018145969894714398,-7923.5764590092,31070977.811126042,4.410103720797078,False
307448.8159546852,0.019500383506671538,0.009572196149122192,-0.017013896443716092,-7952.880526188761,32012585.414655156,5.485292970752138,False
307748.8159544468,0.018471993351753174,0.00932755346187264,-0.01597832635025842,-7971.174670860171,32952122.067341484,6.451196521442735,False
308048.8159544468,0.017530990894435446,0.009099969388444151,-0.015028875274972542,-7980.172601334751,33888688.93030747,7.318211420182762,False
308348.8159542084,0.016667984882507772,0.008887191589963095,-0.014156382413736068,-7981.320463389158,34821548.78630127,8.095555103819692,False
308648.8159542084,0.015874705810648124,0.008687353857396829,-0.013352769289328492,-7975.8355516418815,35750098.592280015,8.791415367166069,False
308948.8159542084,0.015143881503928758,0.008498902306769196,-0.012610922186148343,-7964.748736105859,36673846.81607231,9.41308122809159,False
309248.81595396996,0.014469108958394799,0.008320532259119773,-0.011924570710695193,-7948.931780919433,37592394.70858316,9.967056621060458,False
309548.81595396996,0.013844744735081738,0.008151140952833202,-0.011288183022044151,-7929.122555799782,38505420.813586004,10.459158927138779,True
309848.81595373154,0.013265813876971263,0.007989793373923249,-0.010696877782985226,-7905.950450494885,39412668.13098208,10.894604246979783,True
310148.81595373154,0.012727917149871091,0.007835688871040247,-0.01014633541670662,-7879.948501192033,40313933.46335252,11.27808116362572,True
310448.8159534931,0.012227164246795591,0.007688141415258087,-0.009632732746439387,-7851.573579870164,41209058.55634458,11.613814577712922,True
310748.8159534931,0.011760103072455967,0.007546557322626768,-0.009152675123090148,-7821.213815800846,42097922.717906244,11.905620983005736,True
311048.8159534931,0.011323668151424063,0.007410422172966946,-0.008703145824977554,-7789.202222973108,42980436.65401987,12.156956395748187,True
311348.8159532547,0.010915131307154354,0.007279287822029801,-0.008281458162757716,-7755.824622452259,43856537.31513412,12.370957969882921,True
311648.8159532547,0.010532057079102666,0.007152760546318859,-0.007885212451020251,-7721.3243525624275,44726183.57528074,12.550480189698892,True
311948.8159530163,0.010172271261586242,0.007030495365910383,-0.007512264632437038,-7685.9126815497875,45589352.60396659,12.698126410303258,True
312248.8159530163,0.009833824136641352,0.0069121858629728195,-0.0071606912112187615,-7649.768853902817,46446036.81552262,12.816276387590104,True
312548.8159530163,0.009514967779616048,0.006797561048017542,-0.006828766379209483,-7613.048710271716,47296241.29822213,12.907110366827945,True
312848.81595277786,0.00921413078551551,0.0066863795342442245,-0.006514937552077882,-7575.886832304299,48139981.64630405,12.972630195178926,True
313148.81595277786,0.008929894938879362,0.0065784236413719555,-0.006217803090063256,-7538.396539285779,48977282.126915425,13.014677866171768,True
313448.81595253944,0.008660982710943427,0.006473499370542868,-0.005936099070670053,-7500.678260505199,49808174.13181873,13.034951849688303,True
313748.81595253944,0.008406236555359348,0.006371430207082085,-0.005668679995743275,-7462.8161828145385,50632694.86552489,13.035021489657177,True
314048.815952301,0.00816460951727515,0.006272057415174004,-0.00541450875389593,-7424.884899958968,51450886.23359386,13.016339737381536,True
314348.815952301,0.007935149247482598,0.006175235221490993,-0.005172641815528678,-7386.946291387081,52262793.901291795,12.980254424391882,True
314648.815952301,0.007716991418633652,0.006080831626945837,-0.004942221948439851,-7349.055489078164,53068466.49507078,12.928018273605394,True
314948.8159520626,0.007509348026833554,0.0059887251634904715,-0.0047224673022387975,-7311.259064048529,53867954.924512595,12.860797797961299,True
315248.8159520626,0.007311499148364923,0.005898803417210274,-0.004512663401554207,-7273.595682702959,54661311.810023054,12.7796812310763,True
315548.8159518242,0.0071227885486937455,0.005810963840929162,-0.004312158158722212,-7236.100583277643,55448590.995964505,12.685685610126223,True
315848.8159518242,0.006942613676448302,0.0057251101086990275,-0.004120353001475507,-7198.801402084529,56229847.13954031,12.579763105611702,True
316148.8159518242,0.00677042333434308,0.005641153600464577,-0.003936699756300399,-7161.723144769669,57005135.363310635,12.46280669885926,True
316448.81595158577,0.0066057113402986836,0.005559011660380975,-0.0037606947830930437,-7124.886900275946,57774510.9623493,12.335655274557329,True
316748.81595158577,0.00644801128136689,0.005478606287624643,-0.0035918740944129723,-7088.309013105929,58538029.15847869,12.199098199956294,True
317048.81595134735,0.006296894624783112,0.005399865092698519,-0.0034298109195152193,-7052.004404507577,59295744.8925597,12.05387945210864,True
317348.81595134735,0.006151965065506998,0.00532271914624971,-0.003274110810787434,-7015.983707524836,60047712.65398663,11.900701336811697,True
317648.81595110893,0.0060128580690111,0.005247104597003727,-0.0031244103723278016,-6980.2575912848115,60793986.33708747,11.740227853492874,True
317948.81595110893,0.005879235084245133,0.005172959946406763,-0.002980372538155862,-6944.832380980253,61534619.12363954,11.573087734523641,True
318248.81595110893,0.0057507836588869266,0.0051002277567988585,-0.002841685845456965,-6909.714335784316,62269663.38675213,11.399877204576638,True
318548.8159508705,0.0056272143312543245,0.005028853685217882,-0.0027080616492280996,-6874.908533707261,62999170.613915324,11.221162481155314,True
318848.8159508705,0.005508257064768302,0.004958784943966066,-0.002579231195978693,-6840.4164091050625,63723191.34459547,11.03748204602613,True
319148.8159506321,0.005393662471119555,0.004889972536716414,-0.002454945734712055,-6806.240921996534,64441775.123415284,10.849348715788047,True
319448.8159506321,0.005283197332378415,0.004822368722244619,-0.0023349731623429903,-6772.381919592619,65154970.46395824,10.657251522245119,True
319748.8159503937,0.005176645554927073,0.004755928839273338,-0.0022190980433105523,-6738.840378262103,65862824.82239094,10.461657432351142,True
320048.8159503937,0.005073804490226492,0.004690609178823024,-0.0021071189134822532,-6705.614394016564,66565384.5806079,10.26301291318222,True
320348.8159503937,0.004974486016874502,0.004626368765144662,-0.0019988484310093924,-6672.703304886818,67262695.03645168,10.06174536670506,True
320648.81595015526,0.0048785139878597525,0.004563167994461992,-0.0018941114523531866,-6640.10517783463,67954800.39930536,9.858264438476551,False
320948.81595015526,0.004785723101518876,0.0045009683837236025,-0.0017927440059146704,-6607.816527724266,68641743.79326627,9.652963216233692,False
321248.81594991684,0.004695959684278514,0.0044397339332817864,-0.001694593315574977,-6575.8355432748795,69323567.26297545,9.446219330446338,False
321548.81594991684,0.004609078620697207,0.004379429069928165,-0.001599515784876715,-6544.157879129052,70000311.78414625,9.238395958839227,False
321848.81594991684,0.0045249445788498694,0.004320020292112758,-0.0015073773088545295,-6512.780446872115,70672017.2772425,9.029842752341452,False
322148.8159496784,0.004443430477184229,0.004261475352791422,-0.0014180521413322822,-6481.699836060405,71338722.62403354,8.820896681959601,False
322448.8159496784,0.00436441632035748,0.004203762697670754,-0.0013314220264444288,-6450.911225959659,72000465.68691485,8.611882816512336,False
322748.81594944,0.0042877898929079795,0.004146852540230839,-0.0012473762562699164,-6420.410944879055,72657283.32855907,8.403115039500564,False
323048.81594944,0.004213444850120873,0.004090715549040169,-0.0011658104914680223,-6390.193663090467,73309211.4357214,8.194896704146275,False
323348.8159492016,0.004141281945343706,0.0040353243552431195,-0.001086627079099678,-6360.255924075842,73956284.94231707,7.9875212393012065,False
323648.8159492016,0.004071206648248104,0.003980651723907158,-0.0010097337330750022,-6330.592105641961,74598537.85431248,7.781272702148005,False
323948.8159492016,0.0040031304241672835,0.003926672061510317,-0.00093504388996557,-6301.197961196303,75236003.27528143,7.576426290075442,False
324248.81594896317,0.0039369697944222105,0.0038733608607799397,-0.0008624760699911249,-6272.069463416934,75868713.43308116,7.373248808500496,False
324548.81594896317,0.0038726449493590867,0.003820693677340614,-0.0007919531254438894,-6243.20049469173,76496699.7057873,7.171999100437995,False
324848.81594872475,0.0038100814497486713,0.0037686479954857077,-0.0007234027406521903,-6214.587258517742,77119992.64968517,6.97292844371714,False
325148.81594872475,0.003749208037004885,0.0037172014063457937,-0.000656756387519053,-6186.224101036787,77738622.02638677,6.776280911727174,False
325448.81594872475,0.003689957783264232,0.003666332926115956,-0.0005919496045398986,-6158.106667339802,78352616.8299183,6.582293707804803,False
325748.8159484863,0.0036322672516940187,0.003616022412671782,-0.0005289215120907187,-6130.230599910021,78962005.31434122,6.391197469433409,False
326048.8159484863,0.0035760758150773747,0.0035662501026081372,-0.00046761443649590007,-6102.59046086669,79566815.0214642,6.203216546812549,False
326348.8159482479,0.0035213264515064277,0.0035169975636790696,-0.00040797403803072285,-6075.182070612907,80167072.80701832,6.018569259541306,False
326648.8159482479,0.003467964435191297,0.003468246595986102,-0.00034994874777716234,-6047.999893546104,80762804.8689119,5.83746812820034,False
326948.8159480095,0.0034159385198474983,0.003419980545913859,-0.00029349000602696407,-6021.040283933282,81354036.77344008,5.660120088538671,False
327248.8159480095,0.0033651992022460686,0.0033721827557258166,-0.00023855161690278237,-5994.297732040286,81940793.48181255,5.4867266833650525,False
327548.8159480095,0.0033156999412936824,0.0033248378972814407,-0.00018508999030686368,-5967.768165692687,82523099.37632933,5.317484239747038,False
327848.8159477711,0.00326739641502053,0.0032779313733044546,-0.00013306380804678497,-5941.447523653507,83100978.28619987,5.152584027746065,False
328148.8159477711,0.0032202459917211744,0.003231448909843948,-8.243379517214322e-05,-5915.330756649375,83674453.51334924,4.992212404038375,False
328448.81594753265,0.0031742084974656208,0.0031853774308103766,-3.3162806769126973e-05,-5889.414053216577,84243547.85648341,4.836550942957115,False
328748.81594753265,0.003129245104702924,0.0031397040541207843,1.4784525816047278e-05,-5863.692336127162,84808283.6368624,4.685776552013657,False
329048.81594729424,0.003085319443504521,0.003094417300559371,6.144165049182249e-05,-5838.1623616069555,85368682.72198334,4.540061577733039,False
329348.81594729424,0.0030423960991136853,0.0030495056770689644,0.00010684048987030792,-5812.8191300183535,85924766.54934464,4.399573897715166,False
329648.81594729424,0.0030004417280211477,0.003004958881206221,0.00015101130609540547,-5787.658998221159,86476556.14974654,4.264477004567958,False
329948.8159470558,0.0029594245591030924,0.00296076737919293,0.00019398289136685065,-5762.678641185164,87024072.17046508,4.134930078694671,False
330248.8159470558,0.0029193135351579494,0.0029169216066691206,0.00023578276258984232,-5737.8729874789715,87567334.89687939,4.011088052280495,False
330548.8159468174,0.0028800797093219577,0.0028734134498904496,0.0002764370345706979,-5713.2391158640385,88106364.27527142,3.893101666446882,False
330848.8159468174,0.00284169477572386,0.002830234816741495,0.00031597069264233113,-5688.772539764643,88641179.93404146,3.7811175190429043,False
331148.8159468174,0.002804132043109967,0.002787378682256758,0.00035440754015070297,-5664.46998912096,89171801.20449705,3.6752781074003527,False
331448.815946579,0.002767365948967292,0.002744838647231518,0.0003917703306064446,-5640.328290387988,89698247.14158414,3.575721863739671,False
331748.815946579,0.002731371540301101,0.002702608454626443,0.0004280808602659114,-5616.343087866902,90220536.54393828,3.4825831851028495,False
332048.81594634056,0.0026961255548237886,0.0026606831374351714,0.00046335995817115005,-5592.511978402734,90738687.97372968,3.3959924591140873,False
332348.81594634056,0.0026616049133431365,0.00261905751713698,0.0004976276294357262,-5568.83047939837,91252719.77512616,3.3160760839660868,False
332648.81594610214,0.0026277881594718574,0.0025777277116674213,0.000530903046390474,-5545.296170026064,91762650.09386137,3.242956485733616,False
332948.81594610214,0.002594654143047227,0.0025366898204879362,0.0005632046466033103,-5521.905131518841,92268496.89521517,3.1767521310555886,False
333248.81594610214,0.002562182924866508,0.0024959408792710747,0.0005945501657267371,-5498.654618382454,92770277.98166639,3.117577537821534,False
333548.8159458637,0.0025303553374807068,0.0024554784356496384,0.0006249567011504809,-5475.54194304347,93268011.0103936,3.065543282678835,False
333848.8159458637,0.0024991526308392343,0.0024153002086961806,0.0006544407418678233,-5452.563552469015,93761713.51047263,3.0207560065855157,False
334148.8159456253,0.002468557121185912,0.002375404772891443,0.0006830182353101399,-5429.717008814216,94251402.89861348,2.9833184190319266,False
334448.8159456253,0.002438551390633374,0.0023357907556089685,0.0007107045931387113,-5406.998757690191,94737096.49615759,2.9533293004999868,False
334748.8159456253,0.002409119067250293,0.0022964576490664967,0.0007375147806274462,-5384.4065008461475,95218811.54438575,2.9308835044655037,False
335048.8159453869,0.002380244351157374,0.0022574053366781754,0.0007634633349251629,-5361.937904566526,95696565.21965858,2.916071958619849,False
335348.8159453869,0.002351911639017206,0.0022186337203322637,0.0007885643531473363,-5339.589559242129,96170374.64833857,2.908981666064813,False
335648.81594514847,0.0023241064657090822,0.00218014368635977,0.0008128316366264876,-5317.3598641604185,96640256.92145473,2.909695706592845,False
335948.81594514847,0.0022968142251676327,0.0021419358092487073,0.0008362785675029016,-5295.245279476047,97106229.107994,2.918293238601581,False
336248.81594491005,0.0022700214305004397,0.0021040116350263816,0.0008589183116476384,-5273.244179964066,97568308.2693966,2.934849501494466,False
336548.81594491005,0.002243714592099288,0.002066372544504702,0.0008807636853966905,-5251.3535427600145,98026511.47244206,2.9594358195257153,False
336848.81594491005,0.00221788101608562,0.002029020561337802,0.0009018273129743903,-5229.571424782276,98480855.80199493,2.9921196065283566,False
337148.81594467163,0.0021925084516509867,0.00199195799191898,0.0009221216035717461,-5207.895963206887,98931358.37358397,3.0329643724532165,False
337448.81594467163,0.0021675847036875563,0.001955187034695882,0.0009416586886792366,-5186.32423363626,99378036.34540315,3.0820297318259167,False
337748.8159444332,0.002143098520297001,0.001918710665023582,0.0009604506413749547,-5164.855046093464,99820906.93031716,3.139371413514985,False
338048.8159444332,0.002119038412965693,0.0018825314493824408,0.0009785092306491272,-5143.485345467925,100259987.4064383,3.2050412736647025,False
338348.8159444332,0.002095393717503422,0.0018466525983740212,0.0009958461930619222,-5122.213553771377,100695295.12896734,3.2790873098010866,False
338648.8159441948,0.0020721541233448774,0.0018110774870194746,0.0010124731503826645,-5101.03816613555,101126847.54046552,3.3615536781494053,False
338948.8159441948,0.002049309292379468,0.0017758092724307062,0.0010284015126922341,-5079.956585794687,101554662.18095306,3.4524807136567826,False
339248.8159439564,0.0020268496545315755,0.0017408516684724873,0.0010436427262248138,-5058.9676763266325,101978756.69796047,3.5519049516430554,False
339548.8159439564,0.0020047655720098795,0.0017062081146832497,0.0010582080424468288,-5038.069161981344,102399148.85619043,3.659859153743893,False
339848.81594371796,0.001983047995715504,0.00167188240931182,0.0010721087363223525,-5017.259752228856,102815856.54613891,3.7763723350201492,False
340148.81594371796,0.001961687829249419,0.0016378780802597248,0.0010853559106771549,-4996.537147670984,103228897.79362302,3.9014697956733837,False
340448.81594371796,0.0019406765794752587,0.001604199005043938,0.0010979607318617468,-4975.9001615047455,103638290.76808451,4.035173153915286,False
340748.81594347954,0.0019200059829405695,0.0015708490364545469,0.0011099343188583077,-4955.347560733557,104044053.79060733,4.177500382976065,False
341048.81594347954,0.0018996677196469476,0.0015378317219756354,0.0011212876359989465,-4934.877169549465,104446205.34181066,4.328465851141715,False
341348.8159432411,0.001879654119834995,0.0015051509658974283,0.001132031778069198,-4914.488185167313,104844764.06941791,4.488080363106191,False
341648.8159432411,0.0018599573935277947,0.0014728102880496863,0.0011421776736160183,-4894.178710728884,105239748.79552078,4.656351206522575,False
341948.8159430027,0.0018405702470518938,0.0014408133959591396,0.001151736344092491,-4873.947789385915,105631178.52292813,4.833282198818804,False
342248.8159430027,0.0018214852893219686,0.0014091636198259039,0.0011607186563731275,-4853.79349142313,106019072.44228983,5.018873739330777,False
342548.8159430027,0.0018026956450146049,0.0013778644741933022,0.0011691355975873563,-4833.714950188994,106403449.93815233,5.2131228615209055,False
342848.8159427643,0.0017841946081371815,0.001346919324589635,0.0011769981326512635,-4813.711253628135,106784330.59468307,5.416023289521449,False
343148.8159427643,0.001765975364471334,0.0013163311298569624,0.0011843170679375348,-4793.780551329255,107161734.20124404,5.627565497238039,False
343448.81594252586,0.0017480317348713068,0.001286103110004433,0.001191103415522754,-4773.9225284308195,107535680.75801119,5.847736767616318,False
343748.81594252586,0.0017303571952613178,0.0012562378534255458,0.0011973679114669622,-4754.135190948844,107906190.4801068,6.0765212574415175,False
344048.81594252586,0.0017129457750942323,0.001226738120351456,0.0012031214667382883,-4734.417853266001,108273283.80313756,6.313900060711135,False
344348.81594228745,0.0016957916695902189,0.0011976064853058688,0.001208374979808191,-4714.769882842898,108636981.38717523,6.559851276260957,False
344648.81594228745,0.0016788889229839,0.0011688450574922626,0.0012131391599066177,-4695.189658895135,108997304.12059772,6.814350077263383,False
344948.815942049,0.0016622321077014127,0.0011404560717664936,0.0012174248975522772,-4675.676855027676,109354273.12408015,7.077368779777002,False
345248.815942049,0.0016458156224412662,0.0011124412738467981,0.0012212428765066008,-4656.230114936829,109707909.75398627,7.348876916494356,False
345548.8159418106,0.0016296342551503004,0.0010848024052165783,0.001224603889850684,-4636.848950698972,110058235.6051241,7.628841307764061,False
345848.8159418106,0.0016136826467647613,0.0010575407434032513,0.0012275185275258949,-4617.531961619854,110405272.514043,7.917226137735872,False
346148.8159418106,0.0015979558514693504,0.001030657576819749,0.0012299975054297363,-4598.278729870915,110749042.56150937,8.213993027519434,False
346448.8159415722,0.001582449023578051,0.001004153936548846,0.0012320514825248097,-4579.088784784079,111089568.0745609,8.519101111780424,False
346748.8159415722,0.0015671571761324327,0.0009780304022513064,0.0012336909023016318,-4559.960801631212,111426871.62845708,8.832507116002198,False
347048.81594133377,0.0015520757917982585,0.0009522876056848872,0.001234926374598544,-4540.894671544433,111760976.04852445,9.154165431130664,False
347348.81594133377,0.0015372001643643065,0.0009269256945856341,0.0012357682557855298,-4521.889297500253,112091904.41147193,9.484028192946967,False
347648.81594133377,0.0015225258466289855,0.0009019447010985004,0.0012362269316366081,-4502.944115608931,112419680.04613715,9.822045357018201,False
347948.81594109535,0.001508048578462894,0.000877344483512843,0.0012363127733596713,-4484.058863863349,112744326.53486857,10.168164776361799,True
348248.81594109535,0.0014937639466605307,0.0008531244647542735,0.001236035903072974,-4465.232446759939,113065867.71367669,10.522332279124608,True
348548.81594085693,0.001479667963771158,0.0008292840900310239,0.0012354065853710239,-4446.464898779988,113384327.6726403,10.884491742384215,True
348848.81594085693,0.001465756391465897,0.0008058223081661708,0.0012344347581301207,-4427.755110561848,113699730.75564145,11.254585170387355,True
349148.8159406185,0.001452025479085591,0.000782738143897177,0.0012331305466997122,-4409.10333250463,114012101.5605313,11.632552766478899,True
349448.8159406185,0.0014384711114570888,0.0007600300587853326,0.0012315036561254544,-4390.508305877447,114321464.93767825,12.018333009884907,True
349748.8159406185,0.001425089596168705,0.0007376965524485968,0.0012295639308383954,-4371.969928219914,114627845.9900277,12.411862725820043,True
350048.8159403801,0.0014118773286659267,0.0007157359145537612,0.0012273211164455233,-4353.488134369254,114931270.07160445,12.81307715814357,True
350348.8159403801,0.00139883051573144,0.0006941460355847084,0.0012247846473201207,-4335.06196731329,115231762.78589286,13.221910040757411,True
350648.8159401417,0.0013859457750830368,0.0006729248495958018,0.0012219640927515485,-4316.691614493728,115529349.9845181,13.638293663640797,True
350948.8159401417,0.0013732195202926835,0.0006520699005250208,0.0012188686917831149,-4298.3763347268105,115824057.76514514,14.0621589430467,True
351248.8159401417,0.001360648377725278,0.0006315786503989784,0.0012155076662878628,-4280.11587664485,116115912.46903245,14.493435484305834,True
351548.81593990326,0.0013482291217567707,0.0006114484388035635,0.001211890173681951,-4261.910263299942,116404940.6790699,14.932051646432573,True
351848.81593990326,0.00133595835915567,0.0005916762777360418,0.0012080250555754901,-4243.7587372511625,116691169.21667601,15.377934605109894,True
352148.81593966484,0.0013238330679564275,0.0005722592284769235,0.0012039212624550544,-4225.661581397057,116974625.13903022,15.831010409438198,True
352448.81593966484,0.001311849976644891,0.0005531939929142027,0.0011995873577852478,-4207.618033409119,117255335.73556492,16.291204042765788,True
352748.8159394264,0.00130000619187496,0.000534477342455375,0.001195032021573894,-4189.628404319286,117533328.52478392,16.758439474585877,True
353048.8159394264,0.0012882986132704568,0.0005161057420082216,0.0011902635753742175,-4171.6921146810055,117808631.25033401,17.232639716912207,True
353348.8159394264,0.0012767243344056537,0.0004980756242503048,0.0011852903075180166,-4153.809050887823,118081271.87680854,17.713726871957054,True
353648.815939188,0.001265280581130456,0.00048038335611977345,0.0011801204254062725,-4135.979357808828,118351278.58596425,18.2016221813911,True
353948.815939188,0.001253964407631063,0.0004630250601849184,0.0011747617991311188,-4118.202429264784,118618679.77185173,18.696246073370627,True
354248.8159389496,0.001242773217589376,0.0004459969497077054,0.001169222400605463,-4100.478654667735,118883504.03632756,19.197518202341957,True
354548.8159389496,0.0012317041575590961,0.00042929496549959367,0.0011635097894213686,-4082.8073966652155,119145780.18375379,19.705357492989194,True
354848.81593871117,0.0012207547831587734,0.000412915191304819,0.001157631682705329,-4065.1892177313566,119405537.2163242,20.21968217401789,True
355148.81593871117,0.0012099222919616205,0.0003968534044815897,0.0011515952949707753,-4047.6233294457197,119662804.32772885,20.740409816767755,True
355448.81593871117,0.0011992042348866736,0.0003811055106552885,0.0011454079536754591,-4030.109962642193,119917610.89838885,21.26745736358975,True
355748.81593847275,0.0011885982162435015,0.0003656673726197823,0.001139076843013953,-4012.649371907115,120169986.48917407,21.8007411581984,True
356048.81593847275,0.0011781016424619061,0.00035053468113233066,0.0011326087806935448,-3995.2410074025393,120419960.83502518,22.34017697306304,True
356348.81593823433,0.001167712274967076,0.0003357032785231695,0.0011260107091111138,-3977.885348305106,120667563.83902162,22.88568002872538,True
356648.81593823433,0.0011574276140435484,0.0003211688238309307,0.0011192891484164136,-3960.581871315837,120912825.56535174,23.437165017402943,True
356948.81593823433,0.0011472454762519661,0.00030692712357449636,0.001112450714806812,-3943.330955788493,121155776.23303089,23.99454611583836,True
357248.8159379959,0.0011371636216829276,0.0002929739355010952,0.0011055017887215968,-3926.132659509778,121396446.2082558,24.557736999983252,True
357548.8159379959,0.0011271797012674147,0.00027930495639338915,0.0010984484658393967,-3908.9865515232086,121634865.99757236,25.126650856076512,True
357848.8159377575,0.001117291708815464,0.0002659160691393936,0.001091296972735023,-3891.893192589283,121871066.24058346,25.70120038324999,True
358148.8159377575,0.001107497366784807,0.0002528030332484832,0.001084053106549021,-3874.852132111788,122105077.70181984,26.281297800266998,True
358448.8159375191,0.0010977947303334465,0.00023996180738095063,0.001076722792898721,-3857.863877967,122336931.26336575,26.866854840156122,True
358748.8159375191,0.0010881816459169652,0.00022738828474189177,0.001069311588150157,-3840.9281386584044,122566657.91655143,27.457782749399726,True
359048.8159375191,0.001078656120758052,0.00021507849209001506,0.0010618250238572102,-3824.045026704669,122794288.7536313,28.053992275367026,True
359348.81593728065,0.0010692162676671814,0.00020302857058140944,0.001054268559887106,-3807.2148740142584,123019854.95974183,28.655393654630174,True
359648.81593728065,0.0010598600251120619,0.00019123465460779698,0.001046647323136085,-3790.4373401999474,123243387.80393785,29.261896597271132,True
359948.81593704224,0.0010505856386539166,0.0001796931140347624,0.0010389665642129842,-3773.712955966592,123464918.63070333,29.873410261173014,True
360248.81593704224,0.0010413911017016944,0.0001684003030391068,0.0010312311313995792,-3757.041336402297,123684478.85062999,30.489843229808816,True
360548.81593704224,0.001032274700926474,0.00015735282875084522,0.0010234459908176063,-3740.4229229539633,123902099.93179594,31.111103476805923,True
360848.8159368038,0.0010232346617222135,0.0001465473998791822,0.001015615893066979,-3723.8578546196222,124117813.38988005,31.73709833100605,True
361148.8159368038,0.0010142690979297257,0.00013598082264820732,0.0010077453260421976,-3707.3458138108253,124331650.7790627,32.36773443582948,True
361448.8159365654,0.0010053764443900754,0.0001256502082469524,0.0009998389339784808,-3690.8873935192823,124543643.68258764,33.002917697368154,True
361748.8159365654,0.0009965548689695827,0.00011555273044905334,0.0009919009544461233,-3674.482245311141,124753823.70251174,33.642553234798804,True
362048.815936327,0.0009878028578314778,0.00010568589891590818,0.0009839357862446718,-3658.1309191435575,124962222.45029247,34.286545315052685,True
362348.815936327,0.0009791186430351598,9.604733287460476e-05,0.0009759474379009703,-3641.8330738544464,125168871.5362914,34.93479728969406,True
362648.815936327,0.0009705007406898974,8.663501063210788e-05,0.0009679400532291993,-3625.5891547054052,125373802.56011105,35.58721151556633,True
362948.81593608856,0.0009619476040070802,7.744714537238906e-05,0.0009599175770844681,-3609.3993157595396,125577047.0997138,36.24368927331643,True
363248.81593608856,0.0009534575743939279,6.848219265975786e-05,0.0009518837088435816,-3593.2632734030485,125778636.70132487,36.90413067699065,True
363548.81593585014,0.0009450293040704272,5.9739048055007515e-05,0.0009438423199483736,-3577.1816077828407,125978602.8690606,37.56843456852697,True
363848.81593585014,0.0009366611824828939,5.121684594655562e-05,0.0009357968930387983,-3561.1540024131536,126176977.05379286,38.23649841090368,True
364148.81593585014,0.000928351833349387,4.291519090315887e-05,0.0009277510132434941,-3545.180767968297,126373790.6427964,38.90821816129634,True
364448.8159356117,0.0009200999497315636,3.483412524474261e-05,0.0009197082089826836,-3529.2623317688704,126569074.94886081,39.5834881381137,True
364748.8159356117,0.0009119039572320404,2.6974041361427226e-05,0.0009116716196331254,-3513.398228660226,126762861.19879033,40.26220087513489,True
365048.8159353733,0.000903762645851261,1.9335966669586924e-05,0.0009036446236905249,-3497.5890043377876,126955180.52318682,40.94424695495184,True
365348.8159353733,0.0008956745659401632,1.1921382139234993e-05,0.000895630240925982,-3481.834401205182,127146063.94475298,41.629514835993966,True
365648.8159351349,0.0008876385493315528,4.732471836632612e-06,0.0008876316518779959,-3466.134916782379,127335542.36744021,42.31789065252499,True
365948.8159351349,0.0008796531834028044,-2.2280131020124827e-06,0.000879651674665638,-3450.4902401566505,127523646.56484686,43.00925800538663,True
366248.8159351349,0.0008717173249949852,-8.956498191992068e-06,0.0008716932782206754,-3434.9007751643658,127710407.16937463,43.70349772259639,True
366548.81593489647,0.0008638297668878387,-1.5448634655967908e-05,0.0008637592493130342,-3419.366653561592,127895854.66033694,44.40048760313613,True
366848.81593489647,0.0008559891900745406,-2.1699232320315787e-05,0.000855852143388347,-3403.887601494789,128080019.35285836,45.10010213493052,True
367148.81593465805,0.0008481945725356634,-2.770202019064527e-05,0.0008479746934781929,-3388.4641325324774,128262931.38659714,45.802212178483394,True
367448.81593465805,0.0008404446340081899,-3.344974155083946e-05,0.0008401292506192704,-3373.095931634307,128444620.71383056,46.50668462836565,True
367748.81593465805,0.0008327383236109742,-3.8933863066858976e-05,0.0008323182707528076,-3357.7832709103823,128625117.08835888,47.21338203034494,True
368048.81593441963,0.000825074608620226,-4.414451933598684e-05,0.0008245440985561459,-3342.5263946950436,128804450.05382551,47.9221621658529,True
368348.81593441963,0.0008174523232203312,-4.9070418299379526e-05,0.0008168088092190828,-3327.325091958046,128982648.93220058,48.632877593003975,True
368648.8159341812,0.0008098705014403702,-5.3698557991310736e-05,0.0008091145373398945,-3312.1796464920044,129159742.81222609,49.345375132984444,True
368948.8159341812,0.0008023279996520625,-5.801417222528471e-05,0.0008014630872423822,-3297.0897660702467,129335760.53797676,50.05949531137739,True
369248.8159339428,0.0007948239645232469,-6.200035460324216e-05,0.0007938563953331368,-3282.0559024363756,129510730.69757009,50.77507172882402,True
369548.8159339428,0.0007873572880337639,-6.563801224501731e-05,0.0007862959659235003,-3267.077721759677,129684681.61129712,51.491930373628065,True
369848.8159339428,0.0007799270803437446,-6.890542988458037e-05,0.0007787833338284145,-3252.155428379774,129857641.32054463,52.20988884827576,True
370148.8159337044,0.0007725325128717472,-7.177801887792157e-05,0.0007713198868444238,-3237.28932005167,130029637.57638639,52.928755516209314,True
370448.8159337044,0.0007651724981054031,-7.422809025570132e-05,0.0007639065179816384,-3222.4789158701897,130200697.8277812,53.64832855189949,True
370748.81593346596,0.0007578462910265411,-7.622424647024673e-05,0.0007565442078671936,-3207.72460308671,130370849.21098621,54.36839487507831,True
371048.81593346596,0.0007505529139906021,-7.773115072495784e-05,0.0007492334088468056,-3193.026068329811,130540118.53786173,55.08872897156946,True
371348.81593322754,0.0007432916527004678,-7.870884391536492e-05,0.0007419745090473384,-3178.383642822504,130708532.28499451,55.8090915648132,True
371648.81593322754,0.0007360615612821751,-7.911236767199625e-05,0.0007347672838236008,-3163.796967983246,130876116.58238018,56.52922814041754,True
371948.81593322754,0.0007288619025705653,-7.889095900281973e-05,0.0007276112875516105,-3149.266180410981,131042897.20270033,57.24886728352279,True
372248.8159329891,0.0007216919991058762,-7.798738403153038e-05,0.0007205056369485874,-3134.791504815221,131208899.55044794,57.96771882156246,True
372548.8159329891,0.0007145509170728408,-7.633726005451535e-05,0.0007134486130979667,-3120.3724276572466,131374148.6507277,58.68547173989421,True
372848.8159327507,0.000707438058311649,-7.386789849306297e-05,0.0007064381703401068,-3106.009254127741,131538669.13923903,59.40179183371501,True
373148.8159327507,0.0007003525942184998,-7.049752153420741e-05,0.0006994712538173076,-3091.701625138521,131702485.251313,60.11631907905555,True
373448.8159327507,0.0006932938916617736,-6.613393679799628e-05,0.0006925441032805679,-3077.4496281445026,131865620.81170624,60.82866466590092,True
373748.8159325123,0.000686261335556617,-6.067334282988668e-05,0.0006856519219056167,-3063.2533325999975,132028099.22426811,61.538407667275955,True
374048.8159325123,0.0006792541788445516,-5.399900908287236e-05,0.000678788546842668,-3049.112410053611,132189943.46182908,62.24509129135209,True
374348.81593227386,0.0006722718619903533,-4.59795887763903e-05,0.000671946562945891,-3035.0269513726234,132351176.05615173,62.94821865943739,True
374648.81593227386,0.0006653136515165035,-3.646765810572106e-05,0.0006651166921400886,-3020.9965492635965,132511819.08824076,63.64724806972811,True
374948.81593203545,0.000658379088466693,-2.5297716661043523e-05,0.0006582879583305612,-3007.021428436041,132671894.17881466,64.34158766904754,True
375248.81593203545,0.0006514674658217195,-1.228466828706587e-05,0.0006514468261968887,-2993.101136520505,132831422.47856212,65.03058949116966,True
375548.81593203545,0.0006445782820080498,2.7782678557741747e-06,0.0006445772691563434,-2979.235677242279,132990424.65911113,65.71354278155002,True
375848.815931797,0.0006377110906477516,2.0121218256008433e-05,0.000637660169644505,-2965.4251286685467,133148920.90395066,66.38966656657603,True
376148.815931797,0.0006308651928217255,3.999892840056418e-05,0.0006306725010318814,-2951.668900772929,133306930.89918219,67.05810141294974,True
376448.8159315586,0.0006240402147360438,6.269225849564464e-05,0.0006235873248670032,-2937.9671390354633,133464473.82536682,67.71790033957313,True
376748.8159315586,0.0006172355553657736,8.850812213268e-05,0.000616372596013548,-2924.3193887770176,133621568.34873179,68.36801889412928,True
377048.8159315586,0.0006104508010745376,0.00011777907167243029,0.0006089908678319489,-2910.7255931943655,133778232.61304793,69.00730441706004,True
377348.8159313202,0.0006036855590758141,0.0001508608002325218,0.0006013983738029083,-2897.1856893897057,133934484.231587,69.63448461352417,True
377648.8159313202,0.0005969392625752428,0.00018812723487826588,0.000593544067569951,-2883.6991557329893,134090340.27925672,70.24815562630624,True
377948.8159310818,0.0005902116455770945,0.00022996319054868763,0.0005853693390776016,-2870.2661249041557,134245817.28530237,70.84676993238843,True
378248.8159310818,0.0005835021295676631,0.00027675160907847385,0.0005768067725568926,-2856.885955095291,134400931.22557074,71.42862457883838,True
378548.81593084335,0.0005768104553706533,0.0003288568613299958,0.0005677803002868131,-2843.558694154024,134555697.51594064,71.99185046782982,True
378848.81593084335,0.0005701361378543927,0.0003865999390200159,0.000558204568122278,-2830.283825725317,134710131.0052671,72.53440371706688,True
379148.81593084335,0.0005634788761343712,0.0004502271321769058,0.0005479857304635516,-2817.06120711565,134864245.9689335,73.05406042285382,True
379448.81593060493,0.0005568383826883412,0.0005198694279044958,0.0005370224473892904,-2803.890677303076,135018056.10257357,73.5484165543674,True
379748.81593060493,0.000550214238712938,0.0005954934705698633,0.0005252079403277321,-2790.7717374265194,135171574.5161369,74.01489506150662,True
380048.8159303665,0.000543606202143254,0.0006768466737696599,0.0005124337488666697,-2777.7042392492294,135324813.72801986,74.45076258650627,True
380348.8159303665,0.0005370138590274187,0.0007633981383321498,0.0004985944481319393,-2764.6876133978367,135477785.65985206,74.85315832131583,True
380648.8159303665,0.0005304369954167524,0.0008542847974979395,0.00048359465915837063,-2751.721688359976,135630501.6313331,75.2191373607425,True
380948.8159301281,0.0005238753958925587,0.000948269701495974,0.0004673571492190831,-2738.8062438964844,135782972.3553161,75.54573028839813,True
381248.8159301281,0.0005173286760488364,0.0010437256209172574,0.0004498321762298474,-2725.9406583607197,135935207.93327874,75.83001947288864,True
381548.8159298897,0.0005107967424556015,0.0011386587016772864,0.0004310076846394395,-2713.1248907744884,136087217.85121945,76.0692306371369,True
381848.8159298897,0.0005042791931101957,0.0012307775276383381,0.0004109178723581408,-2700.3582106530666,136239010.97542223,76.26083578138639,True
382148.81592965126,0.0004977759354703373,0.0013176181617780003,0.0003896502770146526,-2687.640499651432,136390595.5491669,76.40266078593163,True
382448.81592965126,0.0004912866532313124,0.0013967111767385632,0.00036734814658245796,-2674.9711379110813,136541979.18926662,76.49298861827094,True
382748.81592965126,0.0004848112065881721,0.0014657789410819078,0.00034420830195358576,-2662.3498356044292,136693168.88305628,76.53064767131791,True
383048.81592941284,0.0004783494714461217,0.0015229296389236424,0.0003204730428478797,-2649.7762962579727,136844170.98573524,76.5150750602594,True
383348.81592941284,0.00047190115101251884,0.0015668173876122182,0.0002964170510040276,-2637.249842584133,136994991.2179886,76.44634695844113,True
383648.8159291744,0.0004654662346759853,0.001596743744954665,0.00027233109278768097,-2624.7703374624252,137145634.66402653,76.32517202953687,True
383948.8159291744,0.0004590444053635369,0.0016126785877190741,0.00024850401824494384,-2612.337003439665,137296105.7696427,76.15284888734814,True
384248.8159291744,0.0004526355905927303,0.0016152104271611734,0.00022520636966305574,-2599.949517637491,137446408.3410763,75.93119316809363,True
384548.815928936,0.00044623973191533186,0.0016054341456595012,0.0002026768133873702,-2587.6075497567654,137596545.543841,75.66244318328818,True
384848.815928936,0.00043985658893848427,0.0015848042845334476,0.00018111301055512286,-2575.31038954854,137746519.9019673,75.34915462758805,True
385148.8159286976,0.00043348616648082556,0.0015549826230767394,0.00016066728426267218,-2563.057769805193,137896333.29757616,74.99409441736806,True
385448.8159286976,0.0004271282784307278,0.0015176955581353013,0.0001414463484081807,-2550.8490312993526,138045986.97091126,74.60014187585483,True
385748.81592845917,0.0004207829049386832,0.0014746218525374388,0.0001235144493421103,-2538.683802932501,138195481.52030793,74.17020289049424,True
386048.81592845917,0.0004144498550079497,0.0014273103069797344,0.00010689859344381603,-2526.561368972063,138344816.90308195,73.7071399693161,True
386348.81592845917,0.00040812912657039156,0.0013771319422630768,9.159490360843847e-05,-2514.481340408325,138493992.43626645,73.2137188571155,True
386648.81592822075,0.000401820710494332,0.0013252568739687831,7.757518058326696e-05,-2502.4432865977287,138643006.797825,72.69257070153746,True
386948.81592822075,0.00039552443476555734,0.0012726517137480187,6.479313205431936e-05,-2490.446460932493,138791858.02828324,72.14616777375268,True
387248.81592798233,0.00038924036360988727,0.001220092537465689,5.318981338575668e-05,-2478.490518927574,138940543.5324939,71.57681030996551,True
387548.81592798233,0.00038296837165537246,0.0011681829716110315,4.269826071379157e-05,-2466.574756503105,139089060.08202133,70.98662198556153,True
387848.8159277439,0.0003767084956880703,0.0011173785840981054,3.3247123226942676e-05,-2454.69873547554,139237403.8173427,70.3775517684979,True
388148.8159277439,0.00037046060175825637,0.0010680096739861256,2.4763553952311668e-05,-2442.8617019355297,139385570.25105256,69.75138020535066,True
388448.8159277439,0.00036422474069980104,0.0010203049710639789,1.7175239349853655e-05,-2431.063203215599,139533554.2708126,69.10972859525921,True
388748.8159275055,0.0003580009552525182,0.0009744113230567564,1.041191963224719e-05,-2419.3027498722076,139681350.14284334,68.4540698364299,True
389048.8159275055,0.00035178912020375974,0.0009304108519927468,4.406435394344044e-06,-2407.5795553326607,139828951.51580188,67.78574005849947,True
389348.8159272671,0.00034558938190633125,0.0008883369404202313,-9.04767574638754e-07,-2395.893267571926,139976351.42478913,67.1059504125598,True
389648.8159272671,0.0003394015851970539,0.0008481848499286571,-5.581143938115929e-06,-2384.2430236637592,140123542.29574555,66.41579857441887,True
389948.8159272671,0.00033322580695049035,0.0008099229515892148,-9.678071378971254e-06,-2372.628326803446,140270515.95021433,65.71627970134266,True
390248.81592702866,0.0003270621326313273,0.0007734999228716788,-1.324680928860289e-05,-2361.0486756265163,140417263.61032894,65.00829666599213,True
390548.81592702866,0.000320910466931145,0.0007388504432697118,-1.6334552285002246e-05,-2349.503269612789,140563775.90416893,64.292669491879,True
390848.81592679024,0.0003147709470854359,0.0007059009072918343,-1.8984751157802293e-05,-2337.99166187644,140710042.87119016,63.57014397149921,True
391148.81592679024,0.0003086435207140091,0.000674572066628798,-2.1237194388845637e-05,-2326.5130982398987,140856053.96837527,62.84139946505287,True
391448.8159265518,0.0003025282916472569,0.0006447825377904337,-2.3128370969516254e-05,-2315.0670545101166,141001798.07600498,62.10705593416083,True
391748.8159265518,0.0002964251933206165,0.0006164501173202552,-2.4691604089355224e-05,-2303.6527380645275,141147263.50452894,61.36768024180018,True
392048.8159265518,0.00029033433736803233,0.0005894939888264616,-2.595742630262521e-05,-2292.269616961479,141292438.00099847,60.623791793949685,True
392348.8159263134,0.00028425582396876667,0.0005638353549102249,-2.695375123806798e-05,-2280.9171281456947,141437308.75610664,59.875867567440515,True
392648.8159263134,0.0002781895908560121,0.0005393978739505201,-2.7706041407782322e-05,-2269.5944653749466,141581862.4115669,59.12434658873956,True
392948.815926075,0.0002721358001072724,0.0005161088741658659,-2.8237670093744782e-05,-2258.3011395037174,141726085.06737223,58.369633926106836,True
393248.815926075,0.00026609442534401644,0.0004938988406593126,-2.8569959461322014e-05,-2247.036384701729,141869962.28987664,57.612104232244384,True
393548.815926075,0.0002600655367782416,0.0004727020936456938,-2.8722473466302745e-05,-2235.799568206072,142013479.11940554,56.85210490425851,True
393848.81592583656,0.0002540492593913568,0.00045245673143767817,-2.8713169065497368e-05,-2224.5901247262955,142156620.0787788,56.08995888951171,True
394148.81592583656,0.0002480455555330012,0.0004331042144372077,-2.8558460975602884e-05,-2213.4072633981705,142299369.181837,55.325967182940964,True
394448.81592559814,0.0002420546002532564,0.0004145899216325688,-2.8273510665144386e-05,-2202.2504758238792,142441709.94186157,54.56041105767027,True
394748.81592559814,0.0002360763449937153,0.000396862279387733,-2.7872175763832274e-05,-2191.11895313859,142583625.38082996,53.79355404472086,True
395048.8159253597,0.0002301110004677534,0.00037987341431744426,-2.7367318637061544e-05,-2180.0122225284576,142725098.03829375,53.02564370931588,True
395348.8159253597,0.00022415848037408043,0.0003635780790318677,-2.6770683660970462e-05,-2168.929425597191,142866109.98091686,52.25691322827378,True
395648.8159253597,0.00021821891947576688,0.00034793431910884465,-2.609319981417002e-05,-2157.8699872493744,143006642.81191638,51.487582810082685,True
395948.8159251213,0.0002122924567401579,0.0003329029411816009,-2.5344976322116963e-05,-2146.83333209157,143146677.6808758,50.717860960944556,True
396248.8159251213,0.0002063790514457362,0.00031844706785477683,-2.4535303495554217e-05,-2135.8186632692814,143286195.2938037,49.947945620155515,True
396548.8159248829,0.0002004788846558699,0.0003045325806283472,-2.3672883536107747e-05,-2124.8254547417164,143425175.92297944,49.17802518611345,True
396848.8159248829,0.0001945919492971748,0.00029112734182490385,-2.2765725994133845e-05,-2113.8529535531998,143563599.417651,48.40827943023439,True
397148.8159248829,0.0001887183309369154,0.0002782014617537243,-2.1821316792625112e-05,-2102.900520801544,143701445.21407986,47.63888032931022,True
397448.81592464447,0.0001828581665843211,0.00026572708608796347,-2.0846651459294208e-05,-2091.96757504344,143838692.34645942,46.869992810786485,True
397748.81592464447,0.0001770114312315813,0.00025367795839770224,-1.984819507327984e-05,-2081.0533536970615,143975319.45779935,46.10177542611531,True
398048.81592440605,0.00017117830600135245,0.0002420298112610908,-1.8832070047380967e-05,-2070.157327592373,144111304.81052512,45.334380966493214,True
398348.81592440605,0.00016535875516719882,0.00023075965623320371,-1.7803925274506582e-05,-2059.278731018305,144246626.29796588,44.56795701213713,True
398648.81592416763,0.00015955295757002347,0.0002198462671856305,-1.6769139946859468e-05,-2048.417035073042,144381261.45518833,43.80264644082367,True
398948.81592416763,0.00015376090515047263,0.00020926952907984742,-1.5732696546422176e-05,-2037.5715132951736,144515187.47077578,43.03858788094447,True
399248.81592416763,0.00014798268050906325,0.0001990107188589718,-1.469931682152037e-05,-2026.741542160511,144648381.19785285,42.27591613335228,True
399548.8159239292,0.00014221841601061162,0.00018905235654642638,-1.3673470292019374e-05,-2015.92655017972,144780819.16594702,41.514762550632994,True
399848.8159239292,0.0001364680824397953,0.00017937784900823317,-1.2659316851681979e-05,-2005.1258094906807,144912477.5927899,40.755255383733264,True
400148.8159236908,0.00013073185450606045,0.00016997188771483707,-1.166086546788847e-05,-1994.338799238205,145043332.39574182,39.99752010557787,True
400448.8159236908,0.00012500968587227053,0.00016081983159210722,-1.0681834211823116e-05,-1983.5647893249989,145173359.20410335,39.241679699017325,True
400748.8159236908,0.00011930172527773238,0.00015190817316579341,-9.725821378481214e-06,-1972.80324280262,145302533.37076417,38.487854930444065,True
401048.8159234524,0.00011360804668950464,0.0001432241342627094,-8.79622131577662e-06,-1962.053555816412,145430829.984315,37.73616459576163,True
401348.8159234524,0.00010792861015318507,0.00013475556704634073,-7.89622631458542e-06,-1951.3150297701359,145558223.88145182,36.98672574718165,True
401648.81592321396,0.00010226359457072521,0.00012649131241460054,-7.028957398347302e-06,-1940.587169200182,145684689.65875667,36.239653908667854,True
401948.81592321396,9.661294651752518e-05,0.0001184205987669884,-6.197317169664984e-06,-1929.869281232357,145810201.6853619,35.495063266357555,True
402248.81592297554,9.097682603777642e-05,0.00011053354205614596,-5.404155842825276e-06,-1919.1608642041683,145934734.11484203,34.75306685446811,True
402548.81592297554,8.535520717480323e-05,0.00010282062254418634,-4.652143744010573e-06,-1908.4612667262554,146058260.89802337,34.013776718386886,True
402848.81592297554,7.974815163336692e-05,9.527297780209665e-05,-3.943874062883879e-06,-1897.769920885563,146180755.79491523,33.27730407497945,True
403148.8159227371,7.415576896652823e-05,8.788231863832152e-05,-3.2818559532188374e-06,-1887.0863015651703,146302192.38739517,32.54375945602958,True
403448.8159227371,6.857800817577651e-05,8.064065332291648e-05,-2.668455358900701e-06,-1876.4097687900066,146422544.09178865,31.81325284174488,True
403748.8159224987,6.301501713704755e-05,7.354068020504201e-05,-2.10601695727064e-06,-1865.739842236042,146541784.1709424,31.085893791153193,True
404048.8159224987,5.7466729762604575e-05,6.657527939069041e-05,-1.5967400628369433e-06,-1855.0758917331696,146659885.74716532,30.361791555161993,True
404348.8159224987,5.193323379197734e-05,5.97379157056821e-05,-1.1427992063772763e-06,-1844.4174099862576,146776821.8143292,29.64105519083699,True
404648.8159222603,4.6414646697417256e-05,5.3022469927554994e-05,-7.463087783321498e-07,-1833.7639144062996,146892565.2505537,28.923793662579545,True
404948.8159222603,4.091085076577362e-05,4.6422917506561134e-05,-4.092521201926047e-07,-1823.1147738993168,147007088.8307954,28.210115936683938,True
405248.81592202187,3.5421989727440796e-05,3.993387511513902e-05,-1.336296335807674e-07,-1812.4695417881012,147120365.2390192,27.500131075612423,True
405548.81592202187,2.994799380535041e-05,3.3550043383456796e-05,7.867296503150101e-08,-1801.8276432156563,147232367.08107758,26.79394831768772,True
405848.81592178345,2.448899101424297e-05,2.726665499608316e-05,2.257670672634049e-07,-1791.1886363327503,147343066.89669323,26.091677160653916,True
406148.81592178345,1.9044892068600215e-05,2.107899339875985e-05,3.0587002441961886e-07,-1780.5519573688507,147452437.17233106,25.393427430881854,True
406448.81592178345,1.3615798100230978e-05,1.4982834272814216e-05,3.1719481796699256e-07,-1769.9171651005745,147560450.35320464,24.699309356338183,True
406748.815921545,8.20174122267325e-06,8.974137841732954e-06,2.5801722358664847e-07,-1759.2837830483913,147667078.85573035,24.009433629144503,True
407048.815921545,2.802700943162116e-06,3.0489968310121185e-06,1.2667991455828087e-07,-1748.651285558939,147772295.08006185,23.323911463823787,True
407348.8159213066,2.5816987044328175e-06,-2.7960151953720924e-06,-7.848630545481683e-08,-1738.0192703008652,147876071.4219215,22.642854656821925,True
407648.8159213066,7.950711593379212e-06,-8.564340532757342e-06,-3.590608095294101e-07,-1727.3872282207012,147978380.28523538,21.96637563353002,True
407948.8159213066,1.3304805304497134e-05,-1.4259018655593536e-05,-7.166239655020945e-07,-1716.7547407448292,148079194.09388688,21.29458749963541,True
408248.8159210682,1.8643855774077928e-05,-1.9882879314536694e-05,-1.1527184113901967e-06,-1706.121393084526,148178485.3039553,20.62760408297321,True
408548.8159210682,2.3967938507047057e-05,-2.5438681348077807e-05,-1.6688271529119447e-06,-1695.4867225289345,148276226.41589952,19.965539971593408,True
408848.8159208298,2.9276997435344726e-05,-3.092882911914785e-05,-2.266427980401886e-06,-1684.8503383994102,148372389.98605895,19.30851055335693,True
409148.8159208298,3.457114365900526e-05,-3.635570692495094e-05,-2.9469357905043125e-06,-1674.2117930352688,148466948.63899854,18.656632043712477,True
409448.81592059135,3.9850277146148865e-05,-4.172127785295743e-05,-3.711771661585317e-06,-1663.5707327723503,148559875.0788183,18.01002151819751,True
409748.81592059135,4.511452599314964e-05,-4.702756174879141e-05,-4.562285461418014e-06,-1652.9267290234566,148651142.10126913,17.368796932675462,True
410048.81592059135,5.036386447516695e-05,-5.227622972370227e-05,-5.499821607912736e-06,-1642.2794208526611,148740722.60496727,16.733077147648025,True
410348.81592035294,5.559823865315719e-05,-5.746874393253165e-05,-6.525694416836814e-06,-1631.6284628212452,148828589.60306707,16.102981943451844,True
410648.81592035294,6.081782693780032e-05,-6.260663874968486e-05,-7.641152892645664e-06,-1620.9734499156475,148914716.23478776,15.478632031617838,True
410948.8159201145,6.602255113293389e-05,-6.769100320980215e-05,-8.847448775384237e-06,-1610.314064949751,148999075.77637056,14.860149067343372,True
411248.8159201145,7.121254390319472e-05,-7.272298188354398e-05,-1.0145772510128381e-05,-1599.649943381548,149081641.65267977,14.247655650331891,True
411548.8159198761,7.638774374773733e-05,-7.770334750034635e-05,-1.1537302482267364e-05,-1588.9807803928852,149162387.44785157,13.641275329527025,True
411848.8159198761,8.154830425462288e-05,-8.263293750587763e-05,-1.3023157631408822e-05,-1578.3062316477299,149241286.916684,13.041132595716281,True
412148.8159198761,8.669419302506676e-05,-8.75122319143884e-05,-1.4604438614895798e-05,-1567.6260050535202,149318313.99512225,12.447352877197805,True
412448.8159196377,9.182545159392798e-05,-9.234163093196912e-05,-1.628219890648097e-05,-1556.9398014843464,149393442.81112498,11.860062526114248,True
412748.8159196377,9.694223345727822e-05,-9.712149591223351e-05,-1.8057444336250228e-05,-1546.2473152279854,149466647.695439,11.279388800391152,True
413048.81591939926,0.00010204448205914786,-0.00010185181341171301,-1.9931152941410346e-05,-1535.5482847690582,149537903.19171053,10.705459845698172,True
413348.81591939926,0.00010713236793471848,-0.00010653265604787521,-2.190424510217781e-05,-1524.842426866293,149607184.067229,10.138404665672283,True
413648.81591939926,0.00011220590387730112,-0.00011116378061615251,-2.3977604087122018e-05,-1514.1294899582863,149674465.32279217,9.578353094230083,False
413948.81591916084,0.00011726511093720324,-0.00011574480441822743,-2.615206275180526e-05,-1503.4092280864716,149739722.2029317,9.025435758269632,False
414248.81591916084,0.00012231013864336847,-0.00012027533216496522,-2.8428400316471425e-05,-1492.681396484375,149802930.20599386,8.479784035391692,False
414548.8159189224,0.00012734100043286644,-0.0001247546819058698,-3.080734610882985e-05,-1481.9457700550556,149864065.09359422,7.9415300107769395,False
414848.8159189224,0.00013235787378269544,-0.00012918219965740718,-3.328957366122154e-05,-1471.2021274864674,149923102.90065482,7.410806422208509,False
415148.815918684,0.0001373607266405921,-0.0001335568728677572,-3.587569792529166e-05,-1460.45026242733,149980019.94453087,6.887746606571079,False
415448.815918684,0.00014234975257772545,-0.00013787778487994728,-3.856627613973984e-05,-1449.6899772584438,150034792.83473572,6.372484434040291,False
415748.815918684,0.00014732499250659682,-0.00014214372441756495,-4.136180002678458e-05,-1438.9210843145847,150087398.48182583,5.865154242961231,False
416048.8159184456,0.0001522864590896728,-0.0001463533177457066,-4.426269147295159e-05,-1428.1433989405632,150137814.1065882,5.365890764844827,False
416348.8159184456,0.0001572343952460575,-0.0001505052981372046,-4.7269315699871584e-05,-1417.3567629158497,150186017.24907213,4.8748290437495205,False
416648.81591820717,0.0001621687889415993,-0.0001545980077821696,-5.03819522439386e-05,-1406.561008542776,150231985.7770152,4.3921043537405575,False
416948.81591820717,0.0001670898373114214,-0.0001586298798201824,-5.360082014194134e-05,-1395.7559975385666,150275697.89476702,3.9178521046850254,False
417248.81591820717,0.00017199759640038357,-0.00016259908110782817,-5.6926050331806977e-05,-1384.9415861070156,150317132.15141132,3.4522077479573126,False
417548.81591796875,0.00017689212653131616,-0.0001665036661790964,-6.0357691322732165e-05,-1374.1176368892193,150356267.44914937,2.995306672439248,False
417848.81591796875,0.00018177361655999355,-0.00017034170818419625,-6.38957220964187e-05,-1363.2840419709682,150393083.05149737,2.5472840948088,False
418148.81591773033,0.00018664211904617807,-0.00017411103252129578,-6.754001977649082e-05,-1352.4406798779964,150427558.59095234,2.1082749475744333,False
418448.81591773033,0.00019149785005621495,-0.0001778095279973968,-7.129039370279422e-05,-1341.5874702632427,150459674.0770347,1.6784137560733603,False
418748.8159174919,0.00019634081582675355,-0.00018143477160492694,-7.514653163021023e-05,-1330.7242966592312,150489409.9035766,1.2578345153887904,False
419048.8159174919,0.00020117124844306304,-0.00018498447786896577,-7.910806034172602e-05,-1319.8511029481888,150516746.85643488,0.846670556343097,False
419348.8159174919,0.00020598922213457138,-0.00018845611472784185,-8.317448472439093e-05,-1308.9678039252758,150541666.12047237,0.44505441109998345,False
419648.8159172535,0.00021079481870843323,-0.00019184707895192332,-8.734520866256201e-05,-1298.0743209719658,150564149.28673908,0.053117670269537585,False
419948.8159172535,0.0002155882476443675,-0.00019515482372867154,-9.16195582633117e-05,-1287.1706212759018,150584178.35944766,-0.3290091648142021,False
420248.8159170151,0.00022036958184144516,-0.0001983765997977116,-9.5996728280201e-05,-1276.2566386461258,150601735.76248866,-0.7011968315568373,False
420548.8159170151,0.00022513905757072343,-0.00020150976499166973,-0.00010047584242589558,-1265.3323694169521,150616804.34619054,-1.063317464483905,False
420848.8159170151,0.0002298967532719173,-0.00020455147017628406,-0.0001050558817381475,-1254.397763878107,150629367.39346692,-1.415244753366673,False
421148.81591677666,0.00023464276267925183,-0.0002074988425420088,-0.00010973571818317929,-1243.452781200409,150639408.62610048,-1.7568541080359938,False
421448.81591677666,0.0002393773406443556,-0.00021034913902440167,-0.00011451415418095579,-1232.4974525272846,150646912.21081874,-2.088022826444522,False
421748.81591653824,0.00024410050305534843,-0.00021309935834779026,-0.00011938981702597218,-1221.531717568636,150651862.7648955,-2.4086302631952203,False
422048.81591653824,0.00024881254838221226,-0.00021574676810587334,-0.0001243612987291698,-1210.5556444823742,150654245.36205173,-2.718558004339421,False
422348.8159162998,0.0002535135185579497,-0.00021828838185911081,-0.00012942700554008368,-1199.569194495678,150654045.53763774,-3.017690040363923,False
422648.8159162998,0.00025820366459569454,-0.000220721428803472,-0.0001345852922511881,-1188.5724326074123,150651249.2941245,-3.3059129444291617,False
422948.8159162998,0.0002628830950899155,-0.00022304301904796375,-0.00013983435734221672,-1177.565362751484,150645843.10601473,-3.5831160481680233,False
423248.8159160614,0.0002675519219416655,-0.0002252502986550553,-0.00014517228535559923,-1166.5479927361012,150637813.92481044,-3.8491916201795124,False
423548.8159160614,0.0002722103854254379,-0.00022734058126161472,-0.00015059709312126301,-1155.52040463686,150627149.18376228,-4.104035044159154,False
423848.815915823,0.0002768585878353033,-0.00022931110132162758,-0.00015610663953768977,-1144.482612580061,150613836.8022976,-4.347544994288635,False
424148.815915823,0.00028149679520530693,-0.00023115931654160704,-0.00016169873518379063,-1133.4347285032272,150597865.19045028,-4.579623612029645,False
424448.815915823,0.0002861251140268259,-0.00023288260862841526,-0.00016737102557051742,-1122.376779973507,150579223.25289097,-4.800176678012134,False
424748.81591558456,0.0002907436662994074,-0.00023447846382396165,-0.00017312105580202797,-1111.3088039457798,150557900.3929533,-5.009113782926218,False
425048.81591558456,0.00029535273076377255,-0.00023594461615061846,-0.00017894633423498618,-1100.230941593647,150533886.51643345,-5.2063484947527074,False
425348.81591534615,0.00029995238138591236,-0.00023727871746359597,-0.00018484418782360734,-1089.143209129572,150507172.03505945,-5.391798520414488,False
425648.81591534615,0.00030454287308479303,-0.0002384787108837827,-0.00019081192629855082,-1078.045744419098,150477747.8699697,-5.5653858646322005,False
425948.8159151077,0.0003091243217130217,-0.00023954254189106905,-0.00019684670984787545,-1066.9385975301266,150445605.454866,-5.727036981074356,False
426248.8159151077,0.00031369700726800525,-0.00024046844950476043,-0.00020294568858236772,-1055.8219370543957,150410736.73903513,-5.876682919273596,False
426548.8159151077,0.00031826104903022353,-0.00024125467584212856,-0.0002091058598239215,-1044.6958237588406,150373134.19010535,-6.01425946288946,False
426848.8159148693,0.00032281658076227006,-0.00024189963801291015,-0.000215324150820706,-1033.5603275895119,150332790.79671428,-6.1397072615462,False
427148.8159148693,0.0003273638982713319,-0.0002424020684372863,-0.00022159750039829618,-1022.4156466126442,150289700.070947,-6.2529719543282924,False
427448.8159146309,0.0003319030541116926,-0.0002427606570165608,-0.0002279226632415643,-1011.2617944777012,150243856.0504852,-6.354004283865338,False
427748.8159146309,0.0003364343863234818,-0.00024297453231270083,-0.00023429648382577994,-1000.0990135073662,150195253.30078557,-6.44276020202763,False
428048.8159146309,0.00034095802495729674,-0.00024304282658249576,-0.0002407156506674113,-988.9273847043514,150143886.9167845,-6.51920096500811,False
428348.8159143925,0.00034547409764893036,-0.00024296486668617945,-0.00024717680537555964,-977.7469861209393,150089752.52460867,-6.583293218622847,False
428648.8159143925,0.0003499829066370038,-0.00024274033069104917,-0.0002536766503515864,-966.558046489954,150032846.2830475,-6.635009072716652,False
428948.81591415405,0.0003544845426270623,-0.00024236891638906854,-0.00026021174182222495,-955.3606163859367,149973164.8847939,-6.674326164352009,False
429248.81591415405,0.0003589792792089169,-0.0002418506844037438,-0.0002667787186423354,-944.1549076139927,149910705.55749106,-6.70122770981776,False
429548.81591391563,0.00036346724839002477,-0.00024118578184584294,-0.0002733741243465815,-932.9410088658333,149845466.0647015,-6.7157025448032215,False
429848.81591391563,0.0003679487476902875,-0.00024037470268467587,-0.00027999459537486615,-921.7191627621651,149777444.70646673,-6.717745152769438,False
430148.81591391563,0.00037242391105993543,-0.00023941801109117478,-0.00028663667214434696,-910.4894628822803,149706640.31984538,-6.707355681429235,False
430448.8159136772,0.0003768928868595808,-0.0002383164913339897,-0.0002932969107369843,-899.2520139217377,149633052.2792177,-6.68453994704989,False
430748.8159136772,0.00038135598211345284,-0.00023707126038630122,-0.00029997198468478814,-888.0070779025555,149556680.49633965,-6.649309426521625,False
431048.8159134388,0.0003858132936318024,-0.00023568346580304933,-0.0003066584582445131,-876.754711151123,149477525.42029354,-6.601681237998253,False
431348.8159134388,0.0003902651018228055,-0.000234154598757641,-0.0003133530459944467,-865.4951542019844,149395588.03709534,-6.541678108793578,False
431648.8159134388,0.00039471159781696245,-0.00023248627027783186,-0.000320052444151564,-854.2285603582859,149310869.86936527,-6.469328332474135,False
431948.8159132004,0.00039915292257984586,-0.0002306802388716278,-0.00032675336013809897,-842.955028295517,149223372.9754936,-6.384665713996727,False
432248.8159132004,0.0004035893767679707,-0.00022873856462979347,-0.00033345266349460445,-831.6748281419277,149133099.94876388,-6.287729503407724,False
432548.81591296196,0.00040802105746186356,-0.00022666332367293762,-0.0003401471429160807,-820.3880106508732,149040053.91637447,-6.178564319901795,False
432848.81591296196,0.0004124482806662136,-0.00022445692042083465,-0.00034683380609568104,-809.0948672890663,148944238.53804937,-6.05722006386749,False
433148.81591272354,0.0004168711118346649,-0.00022212172757463122,-0.00035350955454926947,-797.7954093813896,148845658.0046369,-5.9237518209753,False
433448.81591272354,0.00042128990776987894,-0.00021966047683008583,-0.00036017157700296565,-786.4899785518646,148744317.03644437,-5.77821975470296,False
433748.81591272354,0.0004257048106637593,-0.00021707587760033675,-0.0003668169905557406,-775.1786722838879,148640220.8813426,-5.620688992275159,False
434048.8159124851,0.0004301159587475871,-0.00021437076401298327,-0.00037344299488228927,-763.8615797162056,148533375.31271803,-5.451229500860788,False
434348.8159124851,0.0004345236681648476,-0.0002115482093074661,-0.0003800470158221714,-752.5390005409718,148423786.6271724,-5.26991595599375,False
434648.8159122467,0.00043892803648186483,-0.00020861123797999426,-0.0003866264109042561,-741.2109724283218,148311461.64219904,-5.076827604878562,False
434948.8159122467,0.0004433293476405307,-0.0002055630954771459,-0.00039317878014788477,-729.8777570724487,148196407.69332674,-4.872048120674193,False
435248.8159122467,0.00044772779397703476,-0.00020240704523644126,-0.00039970175786852025,-718.5395058989525,148078632.63156298,-4.6556654538908075,False
435548.8159120083,0.0004521235155990281,-0.00019914638755835767,-0.00040619304324707173,-707.1963002085686,147958144.8201389,-4.427771677163693,False
435848.8159120083,0.00045651681446086574,-0.00019578458716296154,-0.00041265057343942146,-695.8484272658825,147834953.13125652,-4.188462825511416,False
436148.81591176987,0.00046090778465544916,-0.000192325022624118,-0.0004190722313164308,-684.4959046840668,147709066.94286087,-3.9378387354306748,False
436448.81591176987,0.00046529673765775055,-0.00018877124762184394,-0.0004254561885317365,-673.1390326917171,147580496.1347868,-3.6760028777455007,False
436748.81591153145,0.00046968376678200934,-0.00018512670567361056,-0.0004318005541885661,-661.7778213918209,147449251.08516964,-3.4030621921598967,False
437048.81591153145,0.00047406915310479065,-0.0001813949722304642,-0.00043810370727559445,-650.4125290811062,147315342.66615388,-3.119126916450667,False
437348.81591153145,0.00047845308419735004,-0.0001775795706748795,-0.0004443640669440363,-639.0432887673378,147178782.24003866,-2.8243104186300227,False
437648.81591129303,0.00048283569422506213,-0.0001736839901127496,-0.000450580123688038,-627.6701545119286,147039581.65462056,-2.5187290266415827,False
437948.81591129303,0.00048721728075771,-0.00016971180164659927,-0.0004567506232797669,-616.2934070527554,146897753.23856363,-2.2025018582724116,False
438248.8159110546,0.0004915979293884469,-0.00016566643265036873,-0.0004628742478998138,-604.9130266606808,146753309.79686463,-1.8757506551916527,False
438548.8159110546,0.0004959779506581739,-0.00016155140730234052,-0.0004689499886834092,-593.5293108522892,146606264.6055882,-1.5385996142727334,False
438848.8159110546,0.0005003574507312601,-0.00015737009789518197,-0.0004749767758809309,-582.1422618925571,146456631.40687954,-1.191175225724816,False
439148.8159108162,0.0005047366094378953,-0.00015312587359517238,-0.00048095371668122056,-570.7519834935665,146304424.40366012,-0.8336061108502867,False
439448.8159108162,0.0005091157224760173,-0.00014882211195299533,-0.0004868801336922468,-559.3587498664856,146149658.25376663,-0.466022863117466,False
439748.8159105778,0.0005134948530851082,-0.00014446201103623935,-0.0004927552553203457,-547.9624865353107,145992348.0645348,-0.08855789619431949,False
440048.8159105778,0.000517874304878349,-0.00014004882942231234,-0.0004985786327547648,-536.5634766221046,145832509.38658124,0.29865470895622376,False
440348.81591033936,0.0005222541476989991,-0.00013558563958326886,-0.0005043497156419496,-525.1616460978985,145670158.20795807,0.6954793468789906,False
440648.81591033936,0.0005266346830210904,-0.00013107555599845,-0.0005100682673699897,-513.757272541523,145505310.9475251,1.1017790312559914,False
440948.81591033936,0.0005310160035176567,-0.00012652151528413924,-0.0005157339657899662,-502.35030820965767,145337984.44866115,1.5174155278720987,False
441248.81591010094,0.0005353982761256047,-0.00012192641202091181,-0.0005213466561273528,-490.94081565737724,145168195.97262296,1.9422494858476902,False
441548.81591010094,0.0005397817847907347,-0.00011729311208341642,-0.0005269063900197324,-479.52904146909714,144995963.19131866,2.376140563048329,False
441848.8159098625,0.0005441665767548383,-0.00011262428995451046,-0.0005324130970048024,-468.1148510277271,144821304.1806186,2.8189475417244476,False
442148.8159098625,0.0005485529419905303,-0.00010792264444603461,-0.0005378670243683104,-456.6984974145889,144644237.41276923,3.2705284438903,False
442448.8159098625,0.000552940995797434,-0.00010319071091657861,-0.0005432683484234424,-445.27994775772095,144464781.74924037,3.730740634325904,False
442748.8159096241,0.0005573308151016137,-9.843092522032748e-05,-0.0005486172965971647,-433.85909804701805,144282956.4329022,4.199440921071376,False
443048.8159096241,0.0005617227267836841,-9.364574216874644e-05,-0.0005539144170310095,-422.43625900149345,144098781.0802548,4.676485649582933,False
443348.8159093857,0.0005661167673391387,-8.883741159593228e-05,-0.0005591600676320141,-411.01125133037567,143912275.67354348,5.161730785621856,False
443648.8159093857,0.0005705132003615849,-8.400819251619396e-05,-0.0005643549015381666,-399.58427637815475,143723460.55227914,5.655031998008088,False
443948.81590914726,0.0005749120661672849,-7.91601751188864e-05,-0.0005694994376321816,-388.1551508009434,143532356.4053004,6.156244727486707,False
444248.81590914726,0.0005793136382376992,-7.429546113257857e-05,-0.0005745944927966207,-376.72408923506737,143338984.26181722,6.665224255778102,False
444548.81590914726,0.0005837179747237936,-6.941599457377379e-05,-0.0005796407510745283,-365.2909293472767,143143365.48297793,7.1818257609278895,False
444848.81590890884,0.0005881252088138921,-6.452367711062834e-05,-0.0005846390386832212,-353.85563507676125,142945521.75303152,7.705904370350381,False
445148.81590890884,0.0005925355931437823,-5.962038335383113e-05,-0.0005895903662604951,-342.4183788597584,142745475.06986135,8.237315206791497,False
445448.8159086704,0.0005969491352306425,-5.470783793271039e-05,-0.0005944955734378254,-330.97889441251755,142543247.73619995,8.7759134227235,False
445748.8159086704,0.0006013660923040026,-4.9787792562483446e-05,-0.0005993558064893989,-319.53735905885696,142338862.34982404,9.321554234923644,False
446048.8159086704,0.0006057865348602829,-4.486188126406887e-05,-0.0006041720924603311,-308.09361106157303,142132341.7943065,9.874092944840816,False
446348.815908432,0.0006102105342325971,-3.9931691730998864e-05,-0.0006089455189357551,-296.64748334884644,141923709.22911984,10.433384956865936,True
446648.815908432,0.0006146383009928668,-3.499881415791606e-05,-0.0006136773686105101,-285.1990624666214,141712988.07946703,10.999285789727514,True
446948.8159081936,0.0006190698816404991,-3.0064751513236843e-05,-0.0006183688199801196,-273.74812865257263,141500202.02679765,11.571651076043741,True
447248.8159081936,0.0006235055034912491,-2.5131033794423274e-05,-0.0006230212850315553,-262.29479721188545,141285374.99785748,12.150336562312294,True
447548.81590795517,0.0006279451435741876,-2.019909530304176e-05,-0.0006276359823544908,-250.838709294796,141068531.1548176,12.735198093976367,True
447848.81590795517,0.0006323890317940893,-1.527043281157603e-05,-0.0006322144330113133,-239.37998232245445,140849694.88428572,13.32609160179159,True
448148.81590795517,0.0006368372127017207,-1.0346485083800872e-05,-0.0006367580256156913,-227.91837820410728,140628890.7869452,13.922873073387775,True
448448.81590771675,0.0006412896885248092,-5.428686819186623e-06,-0.0006412681558760625,-216.45357003808022,140406143.6664259,14.525398523028118,True
448748.81590771675,0.0006457467223206047,-5.185592044654186e-07,-0.0006457465283027375,-204.98573771119118,140181478.5183225,15.133523954578664,True
449048.81590747833,0.0006502082699605309,4.382433473892888e-06,-0.0006501945886547844,-193.51445743441582,139954920.5191377,15.74710531169219,True
449348.81590747833,0.000654674524096288,9.272726657627572e-06,-0.0006546140660574906,-182.03976967930794,139726495.01458552,16.365998429151297,True
449648.81590747833,0.0006591455026495882,1.415075178101688e-05,-0.0006590065605927009,-170.5613671541214,139496227.50855336,16.99005896871715,True
449948.8159072399,0.0006636212189596807,1.901487758004805e-05,-0.0006633737123173944,-159.07892805337906,139264143.65127805,17.619142353011586,True
450248.8159072399,0.0006681018296854649,2.386336143445078e-05,-0.0006677173496498767,-147.59241697192192,139030269.22732392,18.253103691917623,True
450548.8159070015,0.0006725873206347792,2.8694411241758644e-05,-0.0006720391725210106,-136.10145217180252,138794630.14434478,18.89179769578718,True
450848.8159070015,0.0006770778633835668,3.3506084776036005e-05,-0.0006763411110348727,-124.60602858662605,138557252.42028806,19.535078588965725,True
451148.8159067631,0.00068157336941227,3.829637574881417e-05,-0.0006806248746897836,-113.10560607910156,138318162.1718183,20.182800006302312,True
451448.8159067631,0.0006860740114293088,4.306307732804271e-05,-0.0006848924784286226,-101.60018196702003,138077385.6015923,20.83481489041087,True
451748.8159067631,0.0006905797633595102,4.780386581160201e-05,-0.0006891457768247733,-90.08934089541435,137834948.98622355,21.49097537159971,True
452048.81590652466,0.0006950905979447061,5.251623443314202e-05,-0.0006933866628386909,-78.57266065478325,137590878.66359296,22.151132644604914,True
452348.81590652466,0.0006996066331173084,5.719744154930595e-05,-0.0006976172159696148,-67.05002409219742,137345201.01992628,22.81513683598848,True
452648.81590628624,0.0007041278114994561,6.184455267543854e-05,-0.0007018393759246067,-55.52094331383705,137097942.4777205,23.4828368560488,True
452948.81590628624,0.0007086542650090828,6.645434046959053e-05,-0.0007060553121753799,-43.98533335328102,136849129.48208973,24.154080249132832,True
453248.81590628624,0.0007131859234021211,7.102333424313656e-05,-0.0007102670246190712,-32.44267717003822,136598788.48833212,24.82871302456965,True
453548.8159060478,0.0007177227247599916,7.554774663276476e-05,-0.000714476556115784,-20.892470866441727,136346945.9487219,25.50657948227461,True
453848.8159060478,0.0007222647951156729,8.00234076336892e-05,-0.0007186861745971385,-9.334621459245682,136093628.29913673,26.187522026551484,True
454148.8159058094,0.000726811956598044,8.444582095989972e-05,-0.000722897869195549,2.2316296994686127,135838861.94612974,26.871380961335927,True
454448.8159058094,0.0007313643699623898,8.881000610472256e-05,-0.0007271140043130231,13.806295096874237,135582673.2533902,27.557994281522063,True
454748.815905571,0.0007359218688257756,9.311057809213708e-05,-0.0007313366369459118,25.39010962843895,135325088.52847198,28.247197440331767,True
455048.815905571,0.0007404845359999079,9.73415976659453e-05,-0.0007355681029608263,36.98325362801552,135066134.00894344,28.938823111879774,True
455348.815905571,0.0007450522672257489,0.0001014965994272643,-0.0007398105675058275,48.58632281422615,134805835.84927782,29.63270092882095,True
455648.81590533257,0.0007496249516058586,0.00010556850551779462,-0.0007440662054811753,60.19992971420288,134544220.1070063,30.32865720942993,True
455948.81590533257,0.0007542026286815501,0.00010954954132103012,-0.0007483373582033437,71.82434499263763,134281312.72875154,31.02651466696874,True
456248.81590509415,0.0007587851548338434,0.00011343122849893916,-0.00075262618602423,83.46025216579437,134017139.53717828,31.726092094163675,True
456548.81590509415,0.000763372582074521,0.00011720425237626841,-0.0007569350507452555,95.10788556933403,133751726.21638203,32.42720403666166,True
456848.81590509415,0.0007679647514458928,0.00012085845585829702,-0.000761266091181767,106.7679602354765,133485098.2985798,33.12966043599908,True
457148.8159048557,0.0007725615123926986,0.00012438272108283854,-0.0007656214400100225,118.44117288291454,133217281.1500985,33.83326625602918,True
457448.8159048557,0.0007771629028101333,0.0001277648522659547,-0.0007700033992961153,130.12777797877789,132948299.95723915,34.53782108511857,True
457748.8159046173,0.0007817686901995203,0.00013099155660256656,-0.0007744139582115395,141.82865773141384,132678179.71275508,35.24311870633158,True
458048.8159046173,0.0007863788618283219,0.0001340482601790427,-0.000778855284224278,153.5441768914461,132406945.20132305,35.948946649582325,True
458348.8159043789,0.0007909932171961437,0.00013691906414692312,-0.0007833292898098421,165.27513785660267,132134620.98632744,36.65508570478064,True
458648.8159043789,0.0007956117555314148,0.0001395865596123258,-0.0007878380146451036,177.02186627686024,131861231.39506538,37.36130941385083,True
458948.8159043789,0.0008002342597338585,0.00014203176760929637,-0.0007923831789682367,188.78519628942013,131586800.50528723,38.067383520722515,True
459248.8159041405,0.0008048605200637954,0.0001442339622315103,-0.0007969663924640713,200.5659443438053,131311352.13109675,38.773065392892384,True
459548.8159041405,0.0008094905255012825,0.00014617048665854782,-0.0008015893271604568,212.36444176733494,131034909.80878988,39.47810340628513,True
459848.81590390205,0.0008141239400561655,0.00014781668335217546,-0.0008062531511541238,224.18180139362812,130757496.78317337,40.182236285129974,True
460148.81590390205,0.0008187607871810478,0.00014914560091483509,-0.0008109592021412482,236.01825679838657,130479135.99354535,40.885192410879604,True
460448.81590390205,0.0008234008102018393,0.00015012792397328667,-0.0008157082943114347,247.874717310071,130199850.05979267,41.586689078828755,True
460748.81590366364,0.0008280437381193678,0.00015073173284463337,-0.0008205009526136564,259.75212471187115,129919661.26852705,42.28643171690664,True
461048.81590366364,0.000832689517414431,0.00015092225112312008,-0.000825337607082588,271.6508773267269,129638591.55918883,42.98411305836116,True
461348.8159034252,0.000837337807608661,0.00015066172738897876,-0.0008302180242125701,283.57207711040974,129356662.51061484,43.67941226061655,True
461648.8159034252,0.0008419884971831559,0.00014990910744927533,-0.0008351417822964891,295.51625072956085,129073895.32684696,44.37199398482632,True
461948.8159031868,0.0008466412783025049,0.00014861988643133373,-0.0008401077718573902,307.4844066053629,128790310.82425466,45.061507416162684,True
462248.8159031868,0.0008512960509564868,0.0001467457827857288,-0.0008451145421872752,319.4770250618458,128505929.41721165,45.74758524412719,True
462548.8159031868,0.0008559524889987842,0.00014423459040813214,-0.0008501597785581794,331.4951459467411,128220771.10513428,46.42984258456007,True
462848.8159029484,0.0008606102741875935,0.00014102988734521205,-0.0008552404580157713,343.5397849828005,127934855.45903492,47.107875859977305,True
463148.8159029484,0.0008652692888351746,0.00013707074822377763,-0.0008603529531683307,355.61143831908703,127648201.60807651,47.781261634367624,True
463448.81590270996,0.000869929125516065,0.00013229164244421554,-0.0008654924264064334,367.7113323658705,127360828.22676727,48.44955540022375,True
463748.81590270996,0.0008745896108391374,0.00012662209488212284,-0.0008706532542959167,379.8400859683752,127072753.52144463,49.11229033833728,True
464048.81590270996,0.0008792504425414584,0.00011998660437484432,-0.0008758285331751381,391.99863751232624,126783995.21803837,49.7689760396878,True
464348.81590247154,0.0008839112403774607,0.0001123045013855517,-0.0008810099993468157,404.1881195604801,126494570.54873826,50.41909721379551,True
464648.81590247154,0.0008885718285088705,0.00010348978017304944,-0.0008861881749311351,416.4091234356165,126204496.23940186,51.06211239038327,True
464948.8159022331,0.0008932317470240005,9.345124811943606e-05,-0.0008913517179962582,428.66296984255314,125913788.49740854,51.69745262399718,True
465248.8159022331,0.0008978908212471171,8.20924236677456e-05,-0.0008964878427022427,440.95022298395634,125622462.99896906,52.32452023578448,True
465548.8159019947,0.0009025485275943947,6.931196281811935e-05,-0.0009015815076054423,453.2723525762558,125330534.87714468,52.94268759815746,True
465848.8159019947,0.0009072047272301147,5.500373069367015e-05,-0.0009066159885975367,465.6298027038574,125038018.70992938,53.55129600988431,True
466148.8159019947,0.0009118589806826782,3.9057581204815506e-05,-0.00091157201032388,478.0237989574671,124744928.5082486,54.14965467760287,True
466448.8159017563,0.0009165108324847683,2.1359980223678576e-05,-0.0009164278642899149,490.45560024678707,124451277.70438336,54.73703985893264,True
466748.8159017563,0.0009211600602394244,1.7948457013972074e-06,-0.0009211594938989265,502.9258319735527,124157079.1404998,55.31269420794026,True
467048.81590151787,0.0009258061330129725,-1.975495592887455e-05,-0.000925739799100711,515.4359309375286,123862345.05760582,55.875826371515075,True
467348.81590151787,0.0009304487654616429,-4.34063242096272e-05,-0.0009301390614311345,527.9866637587547,123567087.0841393,56.42561091087732,True
467648.81590151787,0.0009350875371733522,-6.927383208221727e-05,-0.0009343244622925795,540.5791441351175,123271316.22578396,56.961188600188265,True
467948.81590127945,0.0009397219457182735,-9.746745590177852e-05,-0.0009382600778167216,553.2146962434053,122975042.85432447,57.481667189092384,True
468248.81590127945,0.0009443517027697066,-0.00012809007935743466,-0.0009419071629608311,565.8940495103598,122678276.69739495,57.98612270368171,True
468548.81590104103,0.0009489762229292336,-0.00016123407775125997,-0.000945223707681464,578.6187253594398,122381026.82863203,58.473601364112284,True
468848.81590104103,0.0009535952127739472,-0.00019697821642239433,-0.0009481651527138979,591.3894357979298,122083301.65752709,58.9431222152437,True
469148.8159008026,0.0009582080664621397,-0.00023538336773754054,-0.0009506840358781687,604.2077303528786,121785108.92005916,59.39368053804406,True
469448.8159008026,0.0009628144299697897,-0.0002764887606758748,-0.0009527308821120073,617.0744545608759,121486455.66899462,59.82425213254368,True
469748.8159008026,0.000967413810225762,-0.0003203073127622247,-0.0009542542926155306,629.9908171445131,121187348.2653947,60.23379852338185,True
470048.8159005642,0.0009720056297335061,-0.0003668211996341597,-0.0009552016009024555,642.9582476466894,120887792.36923909,60.621273145755204,True
470348.8159005642,0.000976589531255117,-0.00041597779116386846,-0.0009555198962019062,655.9775467813015,120587792.93102916,60.985628530588606,True
470648.8159003258,0.000981164850696845,-0.00046768511356276576,-0.000955156412658198,669.0503515452147,120287354.1837455,61.32582447695325,True
470948.8159003258,0.0009857312315474061,-0.0005218089837342177,-0.0009540601097697277,682.1774241626263,119986479.63469775,61.64083717427877,True
471248.8159003258,0.0009902880202862987,-0.0005781697496445304,-0.0009521822517370993,695.3603382855654,119685172.05785206,61.92966917225359,True
471548.81590008736,0.0009948346580034202,-0.0006365411770730134,-0.0009494779912628815,708.6003853529692,119383433.48685554,62.191360066970134,True
471848.81590008736,0.0009993707415464636,-0.0006966504311094468,-0.0009459076982452075,721.8984000831842,119081265.20744286,62.42499770665559,True
472148.81589984894,0.0010038955288128866,-0.0007581789524238047,-0.0009414378282812663,735.256150752306,118778667.75099078,62.629729672290985,True
472448.81589984894,0.001008408609786791,-0.0008207665842689948,-0.0009360427540414662,748.6744495779276,118475640.88806914,62.80477475045248,True
472748.8158996105,0.0010129092395696456,-0.0008840158353677907,-0.0009297053548280587,762.1550351828337,118172183.62238635,62.94943406476556,True
473048.8158996105,0.0010173969387489025,-0.0009474996481344533,-0.0009224185073080093,775.6988739073277,117868294.18479148,63.06310152416859,True
473348.8158996105,0.0010218710806724552,-0.0010107694234307019,-0.0009141855129755072,789.3073264062405,117563970.02835359,63.14527322638286,True
473648.8158993721,0.0010263309489981318,-0.0010733650105407833,-0.0009050206480338829,802.9819903373718,117259207.82269005,63.19555547971237,True
473948.8158993721,0.0010307760587282108,-0.001134826071478301,-0.0008949495838308508,816.723778411746,116954003.44938846,63.213671134888095,True
474248.8158991337,0.0010352056013375706,-0.0011947024533185413,-0.0008840088113544198,830.5345070064068,116648351.99768245,63.19946397558532,True
474548.8158991337,0.0010396190843794334,-0.0012525663312317192,-0.000872245608199762,844.4150617271662,116342247.76025526,63.15290099212403,True
474848.8158991337,0.0010440157592243036,-0.0013080216336902595,-0.0008597167936414962,858.3670388758183,116035684.22955151,63.07407244462698,True
475148.81589889526,0.001048394810618352,-0.0013607134616222538,-0.0008464877529164028,872.3922046869993,115728654.09419104,62.96318971850192,True
475448.81589889526,0.001052755779114485,-0.0014103362941852993,-0.0008326313401951779,886.4912691414356,115421149.236409,62.820581065080766,True
475748.81589865685,0.001057097772210824,-0.0014566380159806158,-0.0008182258285529542,900.6661694943905,115113160.7287779,62.64668540724381,True
476048.81589865685,0.0010614202204882563,-0.0014994245618424884,-0.0008033537468534746,914.9178777933121,114804678.83209145,62.44204446053957,True
476348.8158984184,0.0010657222174926399,-0.0015385598042598758,-0.00078809980647776,929.2483170032501,114495692.99340343,62.20729347728959,True
476648.8158984184,0.0010700031905875353,-0.0015739658489906105,-0.0007725496592883019,943.6584096848965,114186191.84436527,61.94315095063632,True
476948.8158984184,0.0010742622401075255,-0.0016056190189601693,-0.0007567879947245615,958.1500012427568,113876163.19971797,61.65040763449575,True
477248.81589818,0.0010784985670257681,-0.0016335463863299537,-0.0007408974023661585,972.7246132940054,113565594.05685179,61.32991522222637,True
477548.81589818,0.0010827115399970133,-0.0016578205013786373,-0.0007249571990399772,987.3832442313433,113254470.59465945,60.98257500634311,True
477848.8158979416,0.001086900153322778,-0.0016785521960400729,-0.0007090421888875653,1002.127955019474,112942778.1734226,60.6093268072998,True
478148.8158979416,0.0010910637618021218,-0.0016958854473898555,-0.0006932222464683946,1016.9597155153751,112630501.33507669,60.21113840476373,True
478448.8158979416,0.00109520143930446,-0.0017099895429453227,-0.0006775614723437684,1031.8802831918001,112317623.80349763,59.788995667489644,True
478748.81589770317,0.0010993121864058776,-0.0017210530864417706,-0.0006621179522383613,1046.8915966302156,112004128.48514126,59.34389351397355,True
479048.81589770317,0.0011033953786350873,-0.0017292788705844941,-0.0006469437608060957,1061.9944497793913,111689997.47073083,58.87682779578012,True
479348.81589746475,0.0011074499272203588,-0.0017348768820397709,-0.000632084629856422,1077.1909661591053,111375212.0359744,58.388788153018645,True
479648.81589746475,0.0011114750832766287,-0.0017380610765656002,-0.0006175803794974399,1092.4822243899107,111059752.64371963,57.88075184244219,True
479948.81589722633,0.0011154697362053684,-0.0017390440264364315,-0.0006034649008697102,1107.870330452919,110743598.94598658,57.35367852640919,True
480248.81589722633,0.0011194331179934223,-0.0017380348928952571,-0.0005897667055378975,1123.356332167983,110426729.78647383,56.808505965585475,True
480548.81589722633,0.0011233641720069106,-0.001735235600847318,-0.0005765090893348201,1138.9420854747295,110109123.20319317,56.24614656409498,True
480848.8158969879,0.0011272617608930452,-0.0017308391967958414,-0.0005637106142657444,1154.6296392977238,109790756.43138938,55.667484683675674,True
481148.8158969879,0.0011311251337301894,-0.0017250291961943276,-0.0005513856552994412,1170.4198446720839,109471605.9075309,55.07337465039395,True
481448.8158967495,0.001134953052871455,-0.0017179770354687207,-0.0005395445926126285,1186.3149462342262,109151647.27215302,54.46463937638729,True
481748.8158967495,0.0011387446302518031,-0.0017098429705981744,-0.0005281944551924767,1202.3160953521729,108830855.37427117,53.842069504859516,True
482048.8158967495,0.0011424986920288212,-0.0017007747238437787,-0.0005173391678212624,1218.425236582756,108509204.2755149,53.20642301431082,True
482348.8158965111,0.0011462140392323485,-0.0016909079798779203,-0.00050698000573135,1234.644330456853,108186667.25466718,52.55842519852774,True
482648.8158965111,0.0011498896789907042,-0.0016803670150125072,-0.0004971159988329532,1250.9746636748314,107863216.81237525,51.898768960632744,True
482948.81589627266,0.0011535243335408121,-0.0016692642840610006,-0.0004877441608854838,1267.4183070659637,107538824.67654619,51.22811536712554,True
483248.81589627266,0.001157116997452117,-0.0016577018687939926,-0.0004788599020599804,1283.976455360651,107213461.80726317,50.5470943966962,True
483548.81589603424,0.0011606662364427635,-0.0016457709430142131,-0.0004704571711755534,1300.6515104025602,106887098.40232304,49.856305853768944,True
483848.81589603424,0.0011641710054619775,-0.0016335537470126837,-0.00046252884669684136,1317.444642469287,106559703.90340352,49.15632039071746,True
484148.81589603424,0.0011676299328632223,-0.0016211231202305498,-0.00045506682780427354,1334.357918843627,106231247.00177164,48.44768062129902,True
484448.8158957958,0.0011710415505450866,-0.0016085435654531466,-0.0004480622694487124,1351.393616169691,105901695.64443974,47.73090228385464,True
484748.8158957958,0.0011744047949141456,-0.001595872679644117,-0.00044150581992141724,1368.5527211278677,105571017.04132526,47.00647543593111,True
485048.8158955574,0.0011777180668724643,-0.001583160371581016,-0.0004353876268154977,1385.8377315551043,105239177.67093223,46.27486566667333,True
485348.8158955574,0.001180980131360383,-0.0015704508485612223,-0.0004296975907678302,1403.2499689906836,104906143.28777033,45.536515297505574,True
485648.8158955574,0.0011841894339081381,-0.0015577821815497828,-0.00042442537735354335,1420.7916143089533,104571878.92917158,44.79184457545974,True
485948.815895319,0.001187344369453601,-0.0015451872664584698,-0.00041956054610636784,1438.4648997038603,104236348.92248419,44.04125283536022,True
486248.815895319,0.0011904436139898106,-0.0015326948044958044,-0.0004150926640775765,1456.2711180448532,103899516.89258377,43.28511962900304,True
486548.81589508057,0.0011934853143053248,-0.0015203286218081757,-0.00041101127327181075,1474.2130292654037,103561345.76879972,42.52380582180288,True
486848.81589508057,0.0011964681353144788,-0.0015081095846483095,-0.0004073060638987158,1492.2917381674051,103221797.79348768,41.757654638371854,True
487148.81589484215,0.0011993901692738506,-0.0014960544700670653,-0.00040396679352028286,1510.509934514761,102880834.52864501,40.98699267262702,True
487448.81589484215,0.0012022498789311194,-0.0014841776360299264,-0.0004009834251306188,1528.869082480669,102538416.86437044,40.21213084203882,True
487748.81589484215,0.001205045377763194,-0.0014724903623459795,-0.00039834607638766784,1547.3715540319681,102194505.02651997,39.43336530381338,True
488048.81589460373,0.0012077747229325758,-0.0014610015547589228,-0.000396045071845208,1566.0197510570288,101849058.58474743,38.65097831808844,True
488348.81589460373,0.0012104361767688297,-0.0014497183516084533,-0.00039407098284982567,1584.815327435732,101502036.46048446,37.865239064639226,True
488648.8158943653,0.0012130276472386303,-0.0014386456277861726,-0.00039241458214434033,1603.760834902525,101153396.93529665,37.07640442029375,True
488948.8158943653,0.0012155473203407483,-0.0014277870342311871,-0.00039106691186674425,1622.8578502684832,100803097.65866001,36.284719682956194,True
489248.8158943653,0.0012179929729245987,-0.0014171443046393506,-0.0003900192201697905,1642.1089931577444,100451095.65600619,35.490419262230986,True
489548.8158941269,0.0012203623354573197,-0.0014067179020855747,-0.0003892629962010119,1661.5168466567993,100097347.3371067,34.69372732291851,True
489848.8158941269,0.0012226534101946304,-0.0013965075630721913,-0.0003887899970749231,1681.0830138325691,99741808.50428405,33.89485838925665,True
490148.8158938885,0.0012248635937006209,-0.0013865113425595155,-0.0003885921608386411,1700.8106897175312,99384434.35990033,33.09401791800247,True
490448.8158938885,0.0012269908189536962,-0.0013767271482549859,-0.000388661707326321,1720.7012957781553,99025179.51550771,32.29140282664021,True
490748.81589365005,0.0012290323610210192,-0.0013671513818565018,-0.00038899101830836,1740.7579778134823,98663997.9986089,31.487201997812775,True
491048.81589365005,0.0012309858670606845,-0.0013577802899931157,-0.00038957272562711864,1760.9825735241175,98300843.26131552,30.681596741847528,True
491348.81589365005,0.0012328485677108201,-0.0013486090954870633,-0.00039039962648246274,1781.377910360694,97935668.18787402,29.87476123850415,True
491648.81589341164,0.0012346175829959921,-0.0013396324456493858,-0.00039146470126993904,1801.9468949139118,97568425.1024318,29.066862943957798,True
491948.81589341164,0.0012362903036597145,-0.0013308449202895645,-0.0003927611399632269,1822.6913961172104,97199065.77685532,28.258062970907638,True
492248.8158931732,0.001237863450614995,-0.0013222399903156656,-0.0003942822371385546,1843.6149617433548,96827541.43750201,27.448516449657337,True
492548.8158931732,0.0012393342850721282,-0.0013138114749153829,-0.0003960215005065493,1864.7192965447903,96453802.7736747,26.638372855919794,True
492848.8158931732,0.0012406994663305207,-0.0013055522631191252,-0.0003979725228440145,1886.0075590014458,96077799.94349128,25.827776325554805,True
493148.8158929348,0.0012419555149395624,-0.0012974548942281672,-0.000400129014096251,1907.4829963594675,95699482.58127964,25.01686594187157,True
493448.8158929348,0.0012430992292076417,-0.0012895120564166973,-0.00040248483398031,1929.1477398574352,95318799.80456688,24.205776002978983,True
493748.8158926964,0.0012441267637351354,-0.0012817155778179767,-0.00040503387804946556,1951.005427196622,94935700.22002845,23.39463627662969,True
494048.8158926964,0.0012450345605707705,-0.001274057496829073,-0.0004077701660740729,1973.0585206896067,94550131.92996088,22.583572227860213,True
494348.81589245796,0.0012458185641367567,-0.0012665292080100699,-0.0004106877394569608,1995.310526445508,94162042.53844084,21.772705239995553,True
494648.81589245796,0.0012464749582376216,-0.0012591222946412017,-0.0004137807327140308,2017.763883188367,93771379.15663731,20.962152809675064,True
494948.81589245796,0.0012469993540246396,-0.001251827652367865,-0.00041704326179470286,2040.4222414791584,93378088.40803091,20.152028736364063,True
495248.81589221954,0.001247387210306081,-0.0012446359673106144,-0.00042046945756268883,2063.289247110486,92982116.43373097,19.34244329133501,True
495548.81589221954,0.0012476342052187982,-0.0012375381234619454,-0.00042405350066587744,2086.3674769848585,92583408.8972537,18.53350337314217,True
495848.8158919811,0.0012477351921737008,-0.0012305240882710677,-0.00042778946938426543,2109.6613430529833,92181910.98812528,17.72531265646378,True
496148.8158919811,0.0012476855459557037,-0.0012235843627479426,-0.00043167150342071636,2133.1732968837023,91777567.42705081,16.917971719328488,True
496448.8158919811,0.0012474798802497604,-0.001216708615686457,-0.0004356936145164525,2156.9073871970177,91370322.46808206,16.111578167868043,True
496748.8158917427,0.0012471125594603987,-0.001209886238711988,-0.00043984973627431145,2180.8677899092436,90960119.90220527,15.306226743588583,True
497048.8158917427,0.0012465781623129172,-0.0012031068334863448,-0.00044413377844243485,2205.057509973645,90546903.06026031,14.502009419792094,True
497348.8158915043,0.001245870440603198,-0.0011963591195467416,-0.00044853945387224314,2229.4812128692865,90130614.81452909,13.69901549365737,True
497648.8158915043,0.0012449833601140424,-0.0011896320260689208,-0.0004530604189074694,2254.1423304528,89711197.58063403,12.897331658858816,True
497948.81589126587,0.0012439102098388828,-0.0011829137621930386,-0.0004576901159563107,2279.045458123088,89288593.31889468,12.097042078189281,True
498248.81589126587,0.0012426444265124141,-0.0011761926709823456,-0.00046242188882317237,2304.1940764933825,88862743.53449912,11.298228436557682,True
498548.81589126587,0.001241178669478809,-0.0011694562721231705,-0.0004672488091461702,2329.5930131077766,88433589.27737306,10.500969993739833,True
498848.81589102745,0.0012395052886988948,-0.0011626917453497754,-0.0004721637309419435,2355.2471268624067,88001071.14188895,9.705343621605115,False
499148.81589102745,0.001237616723209114,-0.0011558863320146884,-0.0004771593457615353,2381.160204768181,87565129.2656917,8.911423832081038,False
499448.81589078903,0.0012355044280943734,-0.0011490262361917303,-0.0004822279646532479,2407.337773576379,87125703.32741523,8.119282801920578,False
499748.81589078903,0.0012331599804665343,-0.001142097748299875,-0.0004873617004168551,2433.7841043025255,86682732.54434529,7.3289903791651065,False
500048.81589078903,0.001230574272888681,-0.0011350864194241694,-0.0004925522932843762,2460.5042949020863,86236155.66950773,6.5406140894464855,False
500348.8158905506,0.0012277375918895571,-0.0011279771394470117,-0.0004977910959897969,2487.50399556756,85785910.9869095,5.754219126795587,False
500648.8158905506,0.0012246402230648948,-0.0011207547403273566,-0.000503069174772719,2514.7877707481384,85331936.30732837,4.969868335134599,False
500948.8158903122,0.0012212713313751351,-0.0011134028639219196,-0.0005083770480274197,2542.361945196986,84874168.96242395,4.187622186022716,False
501248.8158903122,0.0012176202107817545,-0.0011059052110340417,-0.0005137049254262394,2570.2312965393066,84412545.79878078,3.407538737713529,False
501548.8158900738,0.001213674813009413,-0.0010982440611542188,-0.00051904235453204,2598.402764737606,83947003.16987471,2.6296735935065336,False
501848.8158900738,0.0012094233929629905,-0.001090401910005312,-0.000524378561738148,2626.881162315607,83477476.929305,1.85407984048372,False
502148.8158900738,0.0012048528977532055,-0.0010823598537967882,-0.00052970205132441,2655.6732048392296,83003902.42030057,1.0808079860849316,False
502448.81588983536,0.0011999495746758755,-0.001074098189860706,-0.0005350007046829308,2684.7858522832394,82526214.46627966,0.30990587788451207,False
502748.81588983536,0.0011946995275173569,-0.0010655969587674008,-0.0005402618872119014,2714.2248426526785,82044347.36016682,-0.4585813881386671,False
503048.81588959694,0.0011890873853850977,-0.001056834614246327,-0.0005454720773416799,2743.9979033470154,81558234.8518194,-1.2246115657303815,False
503348.81588959694,0.0011830975793577561,-0.0010477892789708676,-0.0005506171496003631,2774.1114779263735,81067810.13514037,-1.9881453775987146,False
503648.81588959694,0.0011767133819364504,-0.0010384377814602885,-0.0005556820861922773,2804.572989434004,80573005.83430518,-2.749146639265816,False
503948.8158893585,0.0011699169726635307,-0.0010287557102515166,-0.0005606509411517635,2835.390548467636,80073753.98755492,-3.5075824026379636,False
504248.8158893585,0.0011626901194068547,-0.0010187180721175082,-0.0005655069852652517,2866.5711827278137,79569986.03121398,-4.263423113967065,False
504548.8158891201,0.001155012842782712,-0.0010082979589753904,-0.000570232277578242,2898.1239193230867,79061632.7816112,-5.016642781782801,False
504848.8158891201,0.0011468648331497949,-0.00099746792753308,-0.000574808018641626,2930.0562536865473,78548624.41634527,-5.7672191693644175,False
505148.8158891201,0.0011382240521482837,-0.0009861986010264445,-0.0005792140845350957,2962.377335563302,78030890.45352845,-6.51513399629097,False
505448.8158888817,0.0011290670928243466,-0.0009744590015543508,-0.0005834290608603965,2995.0969375371933,77508359.72985996,-7.260373163807765,False
505748.8158888817,0.001119370131134894,-0.0009622174589765109,-0.0005874304816142484,3028.2230998575687,76980960.37853293,-8.002926999413376,False
506048.81588864326,0.0011091069451166138,-0.0009494396296645391,-0.000591194132756101,3061.7665546387434,76448619.80306795,-8.742790517179728,False
506348.81588864326,0.0010982506671110312,-0.0009360901833872504,-0.000594694534830964,3095.7365085333586,75911264.65199445,-9.479963707826224,False
506648.81588840485,0.0010867720779013002,-0.0009221310797329352,-0.0005979042992230177,3130.1443650722504,75368820.79075314,-10.21445184403848,False
506948.81588840485,0.0010746411884856404,-0.0009075230711346194,-0.0006007945695714056,3164.9999677091837,74821213.27264576,-10.946265819247813,False
507248.81588840485,0.0010618254941830566,-0.0008922239187256764,-0.0006033343257172419,3200.315336599946,74268366.30703017,-11.67542250567693,False
507548.8158881664,0.0010482909571043674,-0.0008761892800066562,-0.0006054906101340407,3236.102275490761,73710203.22762203,-12.401945146124438,False
507848.8158881664,0.0010340021134794739,-0.0008593727193897394,-0.000607228460008713,3272.3720110058784,73146646.45689282,-13.125863776897186,False
508148.815887928,0.0010189205712879445,-0.0008417241052995905,-0.0006085102171873302,3309.1382827162743,72577617.46962842,-13.847215678755171,False
508448.815887928,0.0010030068659952554,-0.0008231912952396669,-0.000609296071111487,3346.4131964594126,72003036.75511658,-14.566045870883775,False
508748.815887928,0.0009862187058476688,-0.0008037182170710366,-0.0006095432282631208,3384.210884451866,71422823.77629977,-15.282407635934968,False
509048.8158876896,0.0009685114688137577,-0.0007832451262288487,-0.0006092058943281131,3422.5463550537825,70836896.92722733,-15.996363091258102,False
509348.8158876896,0.0009498394369169434,-0.0007617095416492248,-0.0006082355571876974,3461.4329515993595,70245173.48974475,-16.707983804273233,False
509648.8158874512,0.0009301535202846269,-0.0007390436110483734,-0.0006065798013814572,3500.887191399932,69647569.58536682,-17.4173514516477,False
509948.8158874512,0.0009094035975228984,-0.0007151759622558984,-0.0006041829556409084,3540.9241705089808,69044000.12738074,-18.124558536987013,False
510248.81588721275,0.0008875367515641937,-0.0006900293243745637,-0.0006009849713137783,3581.561621248722,68434378.76964429,-18.829709157345842,False
510548.81588721275,0.0008644996196017102,-0.0006635220726138868,-0.0005969219643944257,3622.8158898204565,67818617.85357553,-19.532919837808155,False
510848.81588721275,0.0008402371211840222,-0.000635565885431788,-0.0005919250762147499,3664.705609947443,67196628.35238306,-20.234320425156966,False
511148.81588697433,0.0008146938709135429,-0.0006060657325122065,-0.000585920325232081,3707.250549800694,66568319.81301229,-20.93405505760686,False
511448.81588697433,0.0007878168458194818,-0.0005749206549694463,-0.0005788288540209408,3750.468921907246,65933600.29723072,-21.63228321173518,False
511748.8158867359,0.0007595546491436076,-0.0005420203623600628,-0.0005705652486405199,3794.382489942014,65292376.31764276,-22.329180830219684,False
512048.8158867359,0.0007298628129738128,-0.000507246954157381,-0.0005610382199456865,3839.0117438286543,64644552.773814544,-23.024941547482523,False
512348.8158867359,0.0006987060359198238,-0.0004704719775929789,-0.0005501491155257554,3884.3796523287892,63990032.885179415,-23.719778009421752,False
512648.8158864975,0.0006660652374768755,-0.00043155612871714766,-0.0005377916714088826,3930.5101827010512,63328718.121958785,-24.41392330684618,False
512948.8158864975,0.0006319478175335944,-0.0003903487881871115,-0.0005238517284524846,3977.4269859418273,62660508.133767754,-25.107632528467274,False
513248.8158862591,0.0005964007851580412,-0.0003466849595383792,-0.0005082056786633871,4025.156318642199,61985300.677367784,-25.8011844403973,False
513548.8158862591,0.0005595353980372771,-0.00030038550627864424,-0.0004907205796556013,4073.723837316036,61302991.54088737,-26.494883315407023,False
513848.81588602066,0.0005215612630285336,-0.0002512528241709333,-0.00047125200113384835,4123.158767312765,60613474.46773889,-27.189060912527225,False
514148.81588602066,0.0004828472045320976,-0.0001990715419992739,-0.0004496444930239818,4173.48912358284,59916641.079697125,-27.884078634951997,False
514448.81588602066,0.00044401318302978376,-0.00014360344385977442,-0.00042572914784955174,4224.745982050896,59212380.79832891,-28.580329871508724,False
514748.81588578224,0.0004060813962396398,-8.458527898369539e-05,-0.00039932272989062767,4276.962212577462,58500580.766258806,-29.27824254960973,False
515048.81588578224,0.0003707054032042844,-2.1727263572302036e-05,-0.0003702273448347171,4330.1695648655295,57781125.77032469,-29.97828191576867,False
515348.8158855438,0.000340462783721459,4.5294539773976794e-05,-0.00033822695795748814,4384.404311738908,57053898.16297446,-30.68095356445343,False
515648.8158855438,0.0003190777440060422,0.00011683942128115632,-0.0003030876000487126,4439.701912224293,56318777.78811445,-31.386806747232804,False
515948.8158855438,0.00031113872619062746,0.00019331031342062488,-0.00026455397494373756,4496.101184144616,55575641.909192756,-32.09643798009317,False
516248.8158853054,0.0003208126876401556,0.00027515935747146614,-0.00022234790097996893,4553.642782829702,54824365.141742684,-32.81049498715103,False
516548.8158853054,0.0003500656934717822,0.00036289423223934136,-0.00017616682424659302,4612.367256104946,54064819.3923835,-33.5296810092098,False
516848.815885067,0.0003981607105030568,0.00045709101016200293,-0.0001256792156354436,4672.3199677318335,53296873.805108,-34.25475950913076,False
517148.815885067,0.00046289388813192594,0.0005584006526078156,-7.052437749877072e-05,4733.544850029051,52520394.7202579,-34.98655931730375,False
517448.81588482857,0.0005420417542690813,0.0006675674039797741,-1.0306426787565215e-05,4796.091052830219,51735245.64375062,-35.72598024769481,False
517748.81588482857,0.0006340196151943903,0.0007854406114802259,5.540661530289981e-05,4860.007257193327,50941287.23574061,-36.47399923038279,False
518048.81588482857,0.0007379513051002419,0.0009129978878945622,0.0001270886111868208,4925.346087783575,50138377.31957381,-37.23167698968216,False
518348.81588459015,0.0008535363487053076,0.0010513678908239399,0.00020525864364628887,4992.162399247289,49326370.91681147,-38.000165308398024,False
518648.81588459015,0.0009809078194601148,0.0012018584151292089,0.0002904845080280438,5060.511643409729,48505120.314212166,-38.780714900626194,False
518948.81588435173,0.0011205342804763627,0.0013659958879088663,0.00038338906292523234,5130.453199051321,47674475.17165816,-39.57468390124092,False
519248.81588435173,0.0012731556385607793,0.0015455674246425133,0.00048465295395061503,5202.046630881727,46834282.67546903,-40.38354697008834,False
519548.81588435173,0.0014397552387883815,0.001742681520596534,0.000595021558254416,5275.355690971017,45984387.752246626,-41.20890495326031,False
519848.8158841133,0.0016215475061736296,0.001959837714537116,0.0007153081124755545,5350.445995055139,45124633.353353314,-42.05249500652759,False
520148.8158841133,0.001819980564469079,0.002200015301241365,0.0008463958697362273,5427.38287755847,44254860.82473558,-42.91620099045321,False
520448.8158838749,0.002036758209626412,0.002466795358998297,0.0009892434006175677,5506.236579194665,43374910.37960312,-43.80206381849665,False
520748.8158838749,0.0022738596718757586,0.002764502694759585,0.0011448790791632746,5587.074780970812,42484621.69768403,-44.712291251870255,False
521048.8158836365,0.002533584467295791,0.003098408941895059,0.0013144006427907584,5669.969621367753,41583834.670182385,-45.64926633499125,False
521348.8158836365,0.0028185932884580546,0.003474980187888832,0.001498958137290174,5754.990731246769,40672390.325749,-46.6155532324692,False
521648.8158836365,0.003131973107771686,0.0039022203578156223,0.0016997332365917828,5842.209333717823,39750131.968537256,-47.61389855372572,False
521948.81588339806,0.003477309110849962,0.00439011970371439,0.001917896002240127,5931.695513278246,38816906.56820113,-48.64722524938969,False
522248.81588339806,0.003858772175717469,0.004951258017769078,0.002154532810102694,6023.514680713415,37872566.448301755,-49.71861460388905,False
522548.81588315964,0.004281237958389622,0.005601639361032085,0.002410537607374863,6117.732172980905,36916971.32321197,-50.831269457075486,False
522848.81588315964,0.004750413464446232,0.006361812760246721,0.002686423273615901,6214.404086850584,35949990.74338756,-51.98844806338999,False
523148.81588315964,0.005273014957295734,0.007258450613988998,0.002982037737922383,6313.582557842135,34971507.00366398,-53.1933521296341,False
523448.8158829212,0.005856971863717582,0.008326524587459971,0.0032961004613127898,6415.310958698392,33981418.581227176,-54.44894325754531,False
523748.8158829212,0.006511678275156226,0.009612339414616144,0.003625464487278407,6519.619071282446,32979644.156764857,-55.757647063939125,False
524048.8158826828,0.007248319279675381,0.01117776869921272,0.003963945780796507,6626.526870533824,31966127.261327844,-57.12088004225893,False
524348.8158826828,0.008080252557647312,0.013106010628519016,0.004300424537525771,6736.036853097379,30940841.567241773,-58.53829483120367,False
524648.8158824444,0.00902350086696698,0.015509161824866169,0.004615794428900699,6848.138153471053,29903796.803310484,-60.00657547398772,False
524948.8158824444,0.010097336515788563,0.018537146445453345,0.004878023995971148,6962.802230205387,28855045.216464084,-61.51751161713934,False
525248.8158824444,0.011325014518077726,0.022385494349862256,0.005034280186876572,7079.990677732974,27794688.468081977,-63.054923055354664,False
525548.815882206,0.012734629892276184,0.027293337331457224,0.004998721034752407,7199.657013051212,26722884.870139424,-64.58979030221573,False
525848.815882206,0.014360108442599896,0.03350852670655513,0.00463503920437347,7321.749455347657,25639857.126545176,-66.07274191639128,False
526148.8158819675,0.01624230745654304,0.04116856607140562,0.003736198442098271,7446.215440299362,24545901.649419323,-67.42317669364643,False
526448.8158819675,0.018430025095336644,0.050017595211841126,0.002014907646795905,7572.960228912532,23441403.025586303,-68.51572897847251,False
526748.8158819675,0.020980705235692856,0.05895157487802294,-0.0008589540948094054,7701.732343178242,22326863.419088643,-69.16941584116432,False
527048.8158817291,0.023960176448453004,0.06577692034008464,-0.0051266289992497605,7831.764474760741,21202971.073264163,-69.15321513405243,False
527348.8158817291,0.027440501826735287,0.06807487216028107,-0.010748427506783287,7960.896743647754,20070762.945402008,-68.22453238867931,False
527648.8158814907,0.03149464613795803,0.06512802006886886,-0.01735668185023087,8083.732922274619,18931996.960912943,-66.19297941490207,False
527948.8158814907,0.036185930055971274,0.05863748667084678,-0.024485947983841072,8188.300265435129,17789950.2670943,-62.963258094608584,False
528248.8158814907,0.04154855971920779,0.05116492169355524,-0.03183103558765765,8250.673675622791,16650977.255028391,-58.52382035914564,False
528548.8158812523,0.047555698085442216,0.04449739651579421,-0.03926793624626157,8226.275238543749,15527152.466416592,-52.90669586756193,False
528848.8158812523,0.0540901105786269,0.03935625624706063,-0.04672525062564148,8039.412804635242,14439843.65183049,-46.15943407773184,False
529148.8158810139,0.06094249330858226,0.03581604858518972,-0.05408731067983297,7588.143834443763,13422815.98462773,-38.34116881023865,False
529448.8158810139,0.06777328795428589,0.033695061738143295,-0.061109142540537675,6782.823903562501,12522149.082988832,-29.537882194510097,False
529748.8158807755,0.07396056874962215,0.032743642852580024,-0.06725008991375248,5591.947332559153,11790729.821249207,-19.89456764036536,False
530048.8158807755,0.07853581345823019,0.032716627364180795,-0.07160893715354,4060.7199510056525,11277895.79457965,-9.65723814886419,False
530348.8158807755,0.08047985328536636,0.03340893022394198,-0.07321920187933251,2308.5166540816426,11017721.666218195,0.8059053333211541,False
530648.815880537,0.07926620375570041,0.03466554784387199,-0.07159091754345859,503.2206618152559,11020673.083534997,11.045574706504272,True
530948.815880537,0.07519877490130313,0.03637013601479566,-0.06705098908446772,-1190.9556428045034,11272473.70176064,20.634501772779494,True
531248.8158802986,0.06922567193146449,0.03842896420965758,-0.06056218677921166,-2662.1434193253517,11740494.093268067,29.27055802914288,True
531548.8158802986,0.062435850145010734,0.040759050426089516,-0.05322398689097696,-3866.022510746494,12383728.136114504,36.81705676470921,True
531848.8158802986,0.0556716322970671,0.043280466337165535,-0.045887610172037796,-4810.334393452853,13161457.453452755,43.27660014491702,True
532148.8158800602,0.04942128267017246,0.04591147504893911,-0.0390500600583934,-5529.9132173880935,14038232.505032346,48.7368985230399,True
532448.8158800602,0.043888735001653384,0.04856630617035762,-0.03292464340927381,-6067.3258037902415,14985520.83911827,53.32227628721243,True
532748.8158798218,0.039104797991404316,0.051155623527790794,-0.027552468502783256,-6462.471196627244,15981400.034781361,57.162732028664045,True
533048.8158798218,0.03501476671683063,0.05358944165928392,-0.02288996769474494,-6748.67796703428,17009466.91586373,60.37850061141412,True
533348.8158795834,0.031531698988695026,0.05578214386844138,-0.018861756929659634,-6952.228661406785,18057622.26832153,63.074378776478014,True
533648.8158795834,0.028563866789938063,0.05765856277028547,-0.015387466970480546,-7093.24283272028,19117005.523659304,65.33907421879911,True
533948.8158795834,0.026026930180678774,0.05916006864282508,-0.012393178174491482,-7186.912240214646,20181150.299598284,67.24668629434836,True
534248.8158793449,0.023848088697824222,0.06024931424425972,-0.009814860185230145,-7244.6506104543805,21245347.003391605,68.85882494132831,True
534548.8158793449,0.021966474207946174,0.060912649781528216,-0.007598199336655398,-7275.0323379561305,22306173.18309504,70.22669856680065,True
534848.8158791065,0.020332025332606227,0.06115982022947719,-0.005697128399333451,-7284.524006377906,23361151.16567989,71.39292705625546,True
535148.8158791065,0.01890385831622557,0.06102100393511023,-0.004072140232850074,-7278.0213643833995,24408499.251665156,72.39303338545635,True
535448.8158791065,0.0176486681373153,0.06054207229402664,-0.002688869566057406,-7259.256418660283,25446950.656419653,73.25664654282399,True
535748.8158788681,0.016539294170582156,0.059778939017007815,-0.0015170445036716274,-7231.090278800577,26475621.239472084,74.00847102961214,True
536048.8158788681,0.015553516009711854,0.05879200118297945,-0.0005297838095117413,-7195.72573780641,27493912.361596227,74.6690761637537,True
536348.8158786297,0.01467309232040947,0.057641474612779575,0.00029684885383574056,-7154.874529559165,28501439.11930986,75.25554787407016,True
536648.8158786297,0.013882967093433759,0.05638383960697979,0.0009841370229111135,-7109.868364401162,29497976.9948238,75.78203416424641,True
536948.8158783913,0.013170657858588173,0.05506964447465634,0.0015509171542333888,-7061.753178812563,30483421.955833018,76.26020593678797,True
537248.8158783913,0.012525753322341833,0.053742367573278216,0.0020137524952588137,-7011.349046554416,31457760.440895114,76.69964815457799,True
537548.8158783913,0.011939530613685799,0.05243823141157122,0.002387099983963026,-6959.3060445562005,32421046.65934353,77.10819197282206,True
537848.8158781528,0.011404638651611811,0.05118656106745334,0.0026834814899103776,-6906.1382591463625,33373385.337255992,77.49219590818825,True
538148.8158781528,0.010914849826770396,0.05001051797663081,0.002913659694328885,-6852.252269841731,34314918.550993666,77.8567825978219,True
538448.8158779144,0.010464866836126449,0.048928020425904606,0.0030868161159958163,-6797.9741185233,35245815.63938996,78.20603679527807,True
538748.8158779144,0.010050155635501387,0.04795262535373013,0.0032107229634164014,-6743.56031665951,36166265.454043336,78.54316963982424,True
539048.8158779144,0.009666822737115275,0.04709440537328646,0.003291907963188123,-6689.216841138899,37076470.39378565,78.87065369688774,True
539348.815877676,0.00931150815094307,0.0463606634814937,0.0033358052244238934,-6635.107768341899,37976641.80678692,79.19033280811665,True
539648.815877676,0.008981296620376084,0.04575648991385606,0.0033468909395253377,-6581.360153123736,38866996.444547445,79.50351030481026,True
539948.8158774376,0.008673654305856468,0.04528520515796686,0.003328806491992964,-6528.077248498797,39747753.733853266,79.81101868554799,True
540248.8158774376,0.008386364862940122,0.04494856011146453,0.003284463897415435,-6475.337396711111,40619133.67918127,80.11327346267323,True
540548.8158771992,0.008117487031798458,0.04474681248018442,0.003216141385564697,-6423.203745409846,41481355.258605614,80.4103135027204,True
540848.8158771992,0.007865310058568805,0.04467854945414729,0.0031255658952460408,-6371.72222161293,42334635.2048829,80.70182994328731,True
541148.8158771992,0.0076283248660948535,0.04474034769003765,0.0030139910579691787,-6320.928932256997,43179187.08755668,80.98718558201264,True
541448.8158769608,0.007405194841711088,0.04492616921524473,0.002882270607315718,-6270.850792057812,44015220.6318935,81.26542663388919,True
541748.8158769608,0.0071947298740232205,0.04522650288313912,0.002730933465528551,-6221.504023365676,44842941.22128861,81.53528888681944,True
542048.8158767223,0.006995871709606416,0.04562731419235888,0.0025602686276329223,-6172.901778779924,45662549.54794571,81.79520063329439,True
542348.8158767223,0.006807672466747205,0.04610873371188973,0.0023704213965913823,-6125.049453742802,46474241.375451155,82.04328534065972,True
542648.8158767223,0.00662928390190032,0.046643709367543806,0.0021615119611624323,-6077.950061693788,47278207.39107422,82.27736778151679,True
542948.8158764839,0.0064599437455168515,0.047196745300340126,0.0019337775586905082,-6031.603188365698,48074633.12809644,82.49498828056201,True
543248.8158764839,0.006298964213752617,0.047723102518375526,0.001687740776674218,-5986.0041368976235,48863698.942573145,82.69343058225765,True
543548.8158762455,0.006145725380885527,0.048168964037273554,0.001424398315876374,-5941.147686831653,49645580.03044127,82.86976930512327,True
543848.8158762455,0.0059996648734982165,0.048473061905724535,0.001145412375180399,-5897.024960115552,50420446.47938846,83.02094249120873,True
544148.8158762455,0.005860273849634711,0.048570341106511705,0.0008532767224380677,-5853.627604328096,51188463.34308555,83.14385273828927,True
544448.8158760071,0.0057270896549748195,0.048397766401450326,0.0005514152313708109,-5810.945979624987,51949790.733907685,83.2354963670418,True
544748.8158760071,0.005599689714481677,0.04790188052734834,0.00024416877117516833,-5768.967790782452,52704583.92930743,83.29311401745463,True
545048.8158757687,0.005477690143809422,0.04704692972117641,-6.336461406419858e-05,-5727.682884991169,53452993.48773381,83.31434900575468,True
545348.8158757687,0.00536073796026545,0.04582158938040948,-0.0003656411678889526,-5687.077466472983,54195165.36928341,83.29739376972508,True
545648.8158755302,0.005248511631431,0.044242437329046425,-0.000657100139349609,-5647.140329837799,54931241.06265417,83.24110243193505,True
545948.8158755302,0.005140714736176509,0.042352762804142685,-0.0009326329575003456,-5607.8577542454,55661357.71215275,83.1450508782961,True
546248.8158755302,0.0050370757886301215,0.04021687748968361,-0.0011880017395355935,-5569.21751858294,56385648.24540031,83.00953470900139,True
546548.8158752918,0.004937344858232459,0.03791129915336455,-0.0014201248185798931,-5531.207342542708,57104241.50057885,82.83550738277384,True
546848.8158752918,0.004841290720085221,0.035515088803151684,-0.0016271884856848828,-5493.813614681363,57817262.35221006,82.62447185070727,True
547148.8158750534,0.004748700721210644,0.03310150148166713,-0.0018085925288886529,-5457.024318680167,58524831.83309665,82.37834551365329,True
547448.8158750534,0.004659377247760049,0.030732252121538295,-0.0019647697878895087,-5420.825844250619,59227067.255802765,82.09931913416088,True
547748.8158750534,0.004573138256055516,0.02845478630638354,-0.002096941593734414,-5385.206448070705,59924082.3290662,81.78972648195169,True
548048.815874815,0.004489814860292656,0.02630206161990145,-0.0022068596145459196,-5350.154405243695,60615987.271059416,81.4519352838132,True
548348.815874815,0.004409249385303135,0.024294043287596878,-0.0022965736699234185,-5315.656609006226,61302888.91936041,81.088263852853,True
548648.8158745766,0.004331296388913312,0.02244008503728878,-0.002368247139585833,-5281.7022903338075,61984890.83681243,80.70092299709785,True
548948.8158745766,0.004255819534320999,0.020741504032514513,-0.0024240202966581137,-5248.2790933176875,62662093.41414455,80.29197989829716,True
549248.8158743382,0.004182692516079061,0.01919398120810456,-0.0024659224074099484,-5215.376327008009,63334593.967265956,79.86333944612112,True
549548.8158743382,0.004111796656397019,0.01778955055095821,-0.0024958188661088343,-5182.981927342713,64002486.8331525,79.41673840356344,True
549848.8158743382,0.004043021937485524,0.016518153963573923,-0.0025153883564001944,-5151.085684269667,64665863.460245445,78.95374836658804,True
550148.8158740997,0.003976265427485911,0.01536876636754414,-0.0025261170219010864,-5119.677487269044,65324812.4956282,78.47578426288075,True
550448.8158740997,0.00391143000396743,0.014330172852965006,-0.0025293046852254975,-5088.745933905244,65979419.86899021,77.9841159741804,True
550748.8158738613,0.003848425846836243,0.013391481834844399,-0.0025260799943680468,-5058.282215118408,66629768.87325514,77.47988138372568,True
551048.8158738613,0.0037871673898147704,0.012542422024580446,-0.002517415278660451,-5028.275073751807,67275940.24082047,76.96409969807151,True
551348.8158738613,0.003727575281118857,0.011773512847184975,-0.002504146247659378,-4998.715476855636,67918012.21856332,76.43768435174634,True
551648.8158736229,0.003669574976274461,0.011076127896529897,-0.0024869885911869005,-4969.594644203782,68556060.6383621,75.90145506919558,True
551948.8158736229,0.0036130956005288417,0.010442497516777394,-0.0024665535099188673,-4940.902428373694,69190158.98500562,75.3561488864301,True
552248.8158733845,0.0035580713763115977,0.00986567945136585,-0.0024433637248506557,-4912.630858764052,69820378.46143888,74.80243006808867,True
552548.8158733845,0.003504439559010732,0.009339499089435321,-0.002417864923813795,-4884.770529910922,70446788.05177285,74.24089891625711,True
552848.815873146,0.003452141596436416,0.008858487042942897,-0.0023904381531849594,-4857.313542366028,71069454.58027732,73.67209954998631,True
553148.815873146,0.003401121558354507,0.008417807092030216,-0.002361408399224274,-4830.250742956996,71688442.77025189,73.0965267214959,True
553448.815873146,0.003351327302621379,0.00801319121785582,-0.0023310540205017105,-4803.574642702937,72303815.29882598,72.51463178240984,True
553748.8158729076,0.0033027094985910808,0.007640873672812631,-0.0022996131647516904,-4777.277810156345,72915632.85002176,71.92682788086151,True
554048.8158729076,0.003255220872396626,0.007297530841924527,-0.002267289283238938,-4751.351644381881,73523954.16607262,71.33349448761125,True
554348.8158726692,0.003208817504922935,0.0069802305011421595,-0.0022342574365836754,-4725.789548322558,74128836.09633148,70.73498134224559,True
554648.8158726692,0.0031634571026770085,0.00668638106878916,-0.002200667279623758,-4700.583541944623,74730333.64501685,70.13161187989547,True
554948.8158726692,0.003119099923402887,0.006413691212969752,-0.002166647596439475,-4675.726588308811,75328500.0156615,69.52368622523166,True
555248.8158724308,0.0030757084657630418,0.0061601321912689855,-0.0021323092337723892,-4651.212228998542,75923386.65601812,68.91148379827513,True
555548.8158724308,0.003033246563409981,0.005923903914862194,-0.0020977470549183863,-4627.032853513956,76515043.2999617,68.29526558915605,True
555848.8158721924,0.0029916806064768185,0.005703408583997316,-0.002063043273736298,-4603.182685419917,77103518.00789322,67.67527615406667,True
556148.8158721924,0.002950977887529339,0.005497223348982061,-0.0020282680362697647,-4579.6543191075325,77688857.20633316,67.05174535485133,True
556448.815871954,0.0029111081847021957,0.005304081263233229,-0.001993482428133575,-4556.442520186305,78271105.7259262,66.42488989599451,True
556748.815871954,0.00287204175175725,0.0051228495406689945,-0.001958738229689061,-4533.539865791798,78850306.83747226,65.7949146662896,True
557048.815871954,0.0028337510030439213,0.0049525158145513615,-0.001924080558865171,-4510.94078682363,79426502.28818484,65.16201393133633,True
557348.8158717155,0.0027962096780045132,0.004792172721295174,-0.0018895482298830757,-4488.6398635059595,79999732.33570501,64.52637238047465,True
557648.8158717155,0.0027593921700250074,0.00464100467823414,-0.0018551741069146033,-4466.63042011857,80570035.78129137,63.88816605354894,True
557948.8158714771,0.0027232747712351815,0.004498278890110896,-0.0018209869265461975,-4444.907597720623,81137450.00192808,63.247563169719136,True
558248.8158714771,0.0026878342718046166,0.004363334076202818,-0.0017870108134090401,-4423.465218245983,81702010.98206846,62.604724855332975,True
558548.8158714771,0.0026530488088794754,0.004235573472413989,-0.0017532665747239662,-4402.297925159335,82263753.34295467,61.959805801732,True
558848.8158712387,0.0026188976650557173,0.004114457410310024,-0.001719772043294654,-4381.400852650404,82822710.37312926,61.312954847555325,True
559148.8158712387,0.002585360552852006,0.00399949616510753,-0.0016865419344256338,-4360.768037378788,83378914.05683462,60.66431549967183,True
559448.8158710003,0.002552418706375928,0.0038902458821610253,-0.0016535891318696372,-4340.395160838962,83932395.10154684,60.01402640728604,True
559748.8158710003,0.002520053518181627,0.0037863020582733498,-0.001620923909591454,-4320.276369988918,84483182.96550152,59.36222177930596,True
560048.8158710003,0.002488247772892731,0.003687296865365397,-0.001588555238470235,-4300.407369017601,85031305.88418296,58.70903177017429,True
560348.8158707619,0.0024569847770035177,0.0035928943538579006,-0.0015564903357088156,-4280.783411666751,85576790.89547886,58.05458282229153,True
560648.8158707619,0.00242624821689812,0.003502787027798604,-0.001524734783068027,-4261.399025633931,86119663.86591592,57.39899797672636,True
560948.8158705235,0.002396023101270894,0.003416694074104498,-0.0014932934900002692,-4242.250439524651,86659949.5146987,56.742397161403936,True
561248.8158705235,0.0023662944003998263,0.003334357192727566,-0.0014621697750669682,-4223.3322903215885,87197671.43796292,56.084897444254665,True
561548.815870285,0.0023370483266991963,0.0032555398363456334,-0.00143136655306364,-4204.640891820192,87732852.13218606,55.426613274274075,True
561848.815870285,0.0023082710350890907,0.0031800236907315593,-0.0014008854356575284,-4186.171052575111,88265513.01751322,54.7676566920819,True
562148.815870285,0.002279949781359062,0.0031076082238996605,-0.0013707277789336558,-4167.919056117535,88795674.46038228,54.10813753237424,True
562448.8158700466,0.002252072131113313,0.0030381081859900405,-0.0013408941638886063,-4149.880742862821,89323355.7950818,53.44816360358979,True
562748.8158700466,0.002224625839258155,0.0029713520693235296,-0.0013113844044525536,-4132.051247477531,89848575.3465163,52.787840853790335,True
563048.8158698082,0.0021975997293140997,0.0029071818201771293,-0.0012821983237145673,-4114.427314668894,90371350.45097968,52.127273529726004,True
563348.8158698082,0.0021709824487726207,0.002845450326304899,-0.001253334859669053,-4097.004163309932,90891697.4773785,51.4665643148432,True
563648.8158698082,0.002144763503961508,0.0027860215478767714,-0.0012247929426365545,-4079.7781984061003,91409631.84770118,50.80581446657625,True
563948.8158695698,0.0021189328846868303,0.002728769188706792,-0.0011965712626462732,-4062.746101438999,91925168.05770324,50.14512393794283,True
564248.8158695698,0.002093480356025364,0.002673575120638816,-0.0011686677864091166,-4045.9030290842056,92438319.69635358,49.48459149046893,True
564548.8158693314,0.0020683967434904586,0.0026203300351994585,-0.0011410807915979149,-4029.2460080087185,92949099.46609655,48.82431480626442,True
564848.8158693314,0.0020436726764648623,0.0025689314321084566,-0.0011138079545105484,-4012.770696744323,93457519.20232563,48.16439058338617,True
565148.8158690929,0.002019299632883077,0.002519284137918021,-0.0010868471825986603,-3996.474169149995,93963589.89210197,47.504914635091595,True
565448.8158690929,0.0019952688638844728,0.0024712986275403637,-0.0010601958431593062,-3980.352117151022,94467321.6935194,46.84598197341249,True
565748.8158690929,0.001971572410052412,0.0024248916100759743,-0.0010338515579704222,-3964.4015762656927,94968723.95429894,46.18768689699538,True
566048.8158688545,0.001948202420350865,0.0023799848693784043,-0.0010078117240368556,-3948.6191566437483,95467805.22969525,45.53012306770689,True
566348.8158688545,0.0019251510539277982,0.002336504767185943,-0.0009820734743186676,-3933.000801101327,95964573.3016793,44.87338358338622,True
566648.8158686161,0.0019024112640248407,0.00229438269207094,-0.0009566342749991463,-3917.5439283251762,96459035.1963453,44.21756105251635,True
566948.8158686161,0.0018799757080210572,0.0022535536013492674,-0.0009314911543043536,-3902.2445282042027,96951197.20200278,43.56274765607921,True
567248.8158686161,0.00185783768030192,0.002213956684443019,-0.0009066414004976764,-3887.099706813693,97441064.88661583,42.909035215388165,True
567548.8158683777,0.0018359906909852148,0.0021755346529346298,-0.000882082273349738,-3872.1065825372934,97928643.11535534,42.2565152506524,True
567848.8158683777,0.0018144281747854475,0.0021382331958648138,-0.0008578108178625143,-3857.2615115195513,98413936.06827582,41.60527903683618,True
568148.8158681393,0.001793144109849644,0.0021020013831503093,-0.0008338243177590243,-3842.561803340912,98896947.25645436,40.955417662720215,True
568448.8158681393,0.0017721323036459472,0.0020667907309075417,-0.0008101198089391914,-3828.0037837326527,99377679.54011163,40.307022078822314,True
568748.8158679008,0.0017513872519827702,0.002032555881442022,-0.0007866946897152616,-3813.585185289383,99856135.14475122,39.6601831524264,True
569048.8158679008,0.0017309031259374232,0.001999253403852208,-0.0007635460329140642,-3799.3023732304573,100332315.67811577,39.01499171094006,True
569348.8158679008,0.0017106746333401042,0.001966842503861699,-0.0007406711899378138,-3785.152747362852,100806222.14645348,38.37153859228556,True
569648.8158676624,0.001690696719451166,0.0019352845737330426,-0.0007180675908458056,-3771.133938804269,101277854.9712583,37.729914687468266,True
569948.8158676624,0.0016709639889849206,0.001904542477745963,-0.0006957323716392239,-3757.242214292288,101747214.00505264,37.0902109812282,True
570248.815867424,0.0016514717779437926,0.001874581503329864,-0.0006736630967481005,-3743.4754839092493,102214298.54790919,36.45251859720269,True
570548.815867424,0.0016322151210785435,0.0018453682118320103,-0.0006518570826088421,-3729.830432638526,102679107.36357503,35.816928832454515,True
570848.815867424,0.001613189514535739,0.0018168710963095691,-0.000630311906576253,-3716.3046718090773,103141638.69490656,35.18353319927364,True
571148.8158671856,0.001594390588014533,0.001789060156056621,-0.0006090251959989246,-3702.895840153098,103601890.2798609,34.5524234597035,True
571448.8158671856,0.0015758138384130934,0.001761906541787539,-0.0005879944679136884,-3689.6008608341217,104059859.36749376,33.923691658718596,True
571748.8158669472,0.0015574551872070482,0.001735383028403703,-0.0005672174885091863,-3676.417536124587,104515542.73253718,33.29743016153909,True
572048.8158669472,0.0015393103441946456,0.0017094633046212948,-0.000546691879087291,-3663.342751428485,104968936.69194198,32.67373168132586,True
572348.8158669472,0.0015213754730463744,0.001684122564796553,-0.0005264155349422595,-3650.374386996031,105420037.1195675,32.05268931384143,True
572648.8158667088,0.0015036468211893385,0.0016593370747841618,-0.000506386396889269,-3637.510277196765,105868839.46144478,31.434396565151783,True
572948.8158667088,0.001486120425006479,0.0016350838181153904,-0.0004866022826597316,-3624.7473737597466,106315338.7511047,30.81894737811303,True
573248.8158664703,0.0014687929140770651,0.0016113412399647586,-0.0004670613704860216,-3612.084065273404,106759529.62440276,30.206436163104584,True
573548.8158664703,0.0014516604593582585,0.0015880881486793896,-0.00044776158036441416,-3599.5171635448933,107201406.33423728,29.59695781899822,True
573848.8158662319,0.0014347198453192004,0.0015653047339014847,-0.0004287012061645612,-3587.045003220439,107640962.76561436,28.99060776186676,True
574148.8158662319,0.001417967543553069,0.001542971600230203,-0.0004098783809673989,-3574.6647786945105,108078192.45048091,28.38748194342209,True
574448.8158662319,0.0014014003991430352,0.0015210704084722693,-0.00039129147391392394,-3562.374538525939,108513088.58185329,27.787676876281882,True
574748.8158659935,0.0013850153483707048,0.0014995835564945992,-0.0003729389284394813,-3550.1723810583353,108945644.0285513,27.191289652464096,True
575048.8158659935,0.0013688091022427214,0.0014784938276477533,-0.0003548190950688479,-3538.0555371642113,109375851.349684,26.598417960510954,True
575348.8158657551,0.001352778913475182,0.0014577851223123162,-0.00033693065000406364,-3526.0226180255413,109803702.80877383,26.00916010647806,True
575648.8158657551,0.0013369215841602998,0.001437441437161624,-0.0003192720639582092,-3514.0707231760025,110229190.38777643,25.423615025411507,True
575948.8158657551,0.0013212343815656661,0.0014174477502990612,-0.0003018420927993759,-3502.198125720024,110652305.80145477,24.841882299373864,True
576248.8158655167,0.0013057146485865687,0.0013977896064147899,-0.00028463956764213094,-3490.4031446427107,111073040.51125175,24.26406216849681,True
576548.8158655167,0.0012903594858286287,0.0013784527736788732,-0.0002676632393452394,-3478.683210477233,111491385.7392196,23.690255540516702,True
576848.8158652782,0.0012751664437327841,0.0013594239136978103,-0.0002509121283686966,-3467.0369157344103,111907332.48149964,23.120564003711078,True
577148.8158652782,0.0012601328140629988,0.0013406898506787002,-0.0002343851726926971,-3455.4619279056787,112320871.52255674,22.55508983054382,True
577448.8158650398,0.0012452562035792864,0.0013222381271020822,-0.00021808151048574587,-3443.9566949754953,112731993.44779749,21.993935987416783,True
577748.8158650398,0.0012305339936126908,0.001304056442933188,-0.00020200022285266073,-3432.5188463777304,113140688.65805198,21.437206134807816,True
578048.8158650398,0.0012159639102086014,0.0012861332119484814,-0.00018614060268618005,-3421.146894916892,113546947.3823296,20.885004632730677,True
578348.8158648014,0.0012015437105616696,0.0012684572317880338,-0.00017050200473178734,-3409.8393109738827,113950759.69112091,20.337436539297368,True
578648.8158648014,0.0011872709316423354,0.0012510174150577313,-0.00015508373971684364,-3398.5937769263983,114352115.509737,19.794607607321662,True
578948.815864563,0.0011731435814987166,0.001233803475173545,-0.00013988537662612543,-3387.409253835678,114751004.63115689,19.25662428351384,True
579248.815864563,0.0011591592384769599,0.0012168050029401911,-0.00012490635536721584,-3376.283296957612,115147416.72880685,18.723593698284073,True
579548.815864563,0.0011453158851032486,0.0012000122999893392,-0.0001101463418713422,-3365.214551836252,115541341.3696343,18.195623660445726,True
579848.8158643246,0.0011316115544042818,0.001183416011429017,-9.56050737848102e-05,-3354.2017069905996,115932768.02670959,17.672822644736332,True
580148.8158643246,0.0011180440410854821,0.0011670068221008023,-8.128225035974879e-05,-3343.2426241636276,116321686.09185702,17.15529977700584,True
580448.8158640862,0.0011046115330600643,0.001150776091719763,-6.717777904441391e-05,-3332.3362451195717,116708084.8878514,16.643164821357256,True
580748.8158640862,0.0010913119662213635,0.001134715189579083,-5.3291526331378236e-05,-3321.480651706457,117091953.68129706,16.136528157999518,True
581048.8158640862,0.0010781434634086157,0.0011188159359960537,-3.962348479369382e-05,-3310.6743939071894,117473281.69403157,15.635500764978127,True
581348.8158638477,0.0010651042666504388,0.0011030705279040376,-2.617374145152951e-05,-3299.9162883907557,117852058.11596645,15.140194192845959,True
581648.8158638477,0.0010521924087469132,0.001087471196427714,-1.2942366439006037e-05,-3289.2044315487146,118228272.11698717,14.650720536496271,True
581948.8158636093,0.0010394062766368403,0.0010720107811437174,7.039862914837158e-08,-3278.537904366851,118601912.85842839,14.167192408287484,True
582248.8158636093,0.0010267439651051862,0.001056682061147285,1.2864354236086228e-05,-3267.9148199260235,118972969.50526378,13.689722901930253,True
582548.8158633709,0.0010142039306596474,0.0010414784258045984,2.5439136402738427e-05,-3257.334308221936,119341431.23734315,13.218425559927939,True
582848.8158633709,0.0010017843842858253,0.0010263932449561253,3.779440612206031e-05,-3246.7946777790785,119707287.26141617,12.753414331400405,True
583148.8158633709,0.0009894837087139035,0.0010114202976865272,4.9929723580532936e-05,-3236.2946855574846,120070526.82172471,12.29480353271672,True
583448.8158631325,0.000977300394191039,0.0009965537048515216,6.18445747413432e-05,-3225.833343461156,120431139.21194796,11.842707800969034,True
583748.8158631325,0.000965232725994335,0.0009817876024840189,7.353845411195437e-05,-3215.4089727550745,120789113.78622903,11.39724204420544,True
584048.8158628941,0.0009532793221191356,0.0009671167001670256,8.501072838207335e-05,-3205.0208419263363,121144439.9698041,10.958521392119419,True
584348.8158628941,0.0009414385097511381,0.0009525356309154631,9.626079452829117e-05,-3194.667269960046,121497107.27024332,10.526661137760582,True
584648.8158628941,0.0009297089316062932,0.000938039582933925,0.00010728793696834771,-3184.3474770486355,121847105.28804788,10.101776681450426,True
584948.8158626556,0.0009180891515582645,0.0009236238884966497,0.00011809142517194005,-3174.0603857785463,122194423.72690326,9.683983467536414,False
585248.8158626556,0.0009065776013917914,0.0009092839670188368,0.00012867052031317883,-3163.8044569790363,122539052.4047931,9.273396917930768,False
585548.8158624172,0.000895173055568593,0.0008950158237723826,0.00013902438758961466,-3153.5791438370943,122880981.2638502,8.870132365618906,False
585848.8158624172,0.0008838739866568638,0.0008808153736481472,0.00014915222144828988,-3143.3829241245985,123220200.38076529,8.474304979645057,False
586148.8158621788,0.0008726791981717719,0.0008666791069913415,0.00015905313671638055,-3133.2152375876904,123556699.97659677,8.086029692136186,False
586448.8158621788,0.0008615872590481458,0.0008526034952183181,0.00016872626708241967,-3123.074756681919,123890470.42710432,7.705421116709721,False
586748.8158621788,0.0008505968895897468,0.0008385853978438718,0.00017817070638681543,-3112.9605707377195,124221502.27181941,7.332593468448842,False
587048.8158619404,0.0008397069026421577,0.0008246220018293116,0.00018738552766350836,-3102.8720056414604,124549786.22429816,6.967660477453271,False
587348.8158619404,0.0008289159152728041,0.000810710517384905,0.00019636981892912075,-3092.8077456206083,124875313.1814922,6.610735299347489,False
587648.815861702,0.00081822284486508,0.0007968487032599114,0.00020512263392724606,-3082.7673509269953,125198074.23277621,6.261930425682927,False
587948.815861702,0.0008076263405016605,0.0007830342655665845,0.00021364305328397393,-3072.7495198845863,125518060.6694634,5.921357587010245,False
588248.815861702,0.0007971252873640019,0.0007692653922504178,0.00022193014357796415,-3062.753634274006,125835263.9935839,5.589127657466478,False
588548.8158614635,0.0007867186340015465,0.0007555405707933005,0.00022998298363052783,-3052.779230207205,126149675.92702164,5.265350553802853,False
588848.8158614635,0.0007764050362607454,0.0007418582098921433,0.0002378006818952727,-3042.824912145734,126461288.41990113,4.950135132027849,False
589148.8158612251,0.0007661835261078137,0.0007282173491205413,0.00024538235288318333,-3032.8903973698616,126770093.65947132,4.643589084274195,False
589448.8158612251,0.0007560528728987699,0.0007146169803036173,0.00025272714560298226,-3022.97456638515,127076084.07856502,4.345818829676499,False
589748.8158609867,0.0007460121324239938,0.000701056629679897,0.0002598342387809538,-3013.0771405398846,127379252.36358693,4.0569294072908395,False
590048.8158609867,0.0007360600947790584,0.0006875357698845619,0.0002667028483376299,-3003.1969967484474,127679591.46289143,3.7770243634405265,False
590348.8158609867,0.000726195822515918,0.0006740543901457841,0.00027333223745662494,-2993.333811402321,127977094.59469411,3.5062056410992066,False
590648.8158607483,0.0007164183013001688,0.0006606126227950426,0.0002797217196723878,-2983.4869955927134,128271755.25454186,3.244573465710603,False
590948.8158607483,0.0007067263922562251,0.0006472106898911534,0.0002858706546282619,-2973.655549108982,128563567.2235009,2.992226230195373,False
591248.8158605099,0.0006971192547619756,0.0006338493493558417,0.0002917784808249557,-2963.839352145791,128852524.57529557,2.7492603812839183,False
591548.8158605099,0.000687595773501446,0.0006205292824290609,0.00029744468317760564,-2954.0374180674553,129138621.68373482,2.515770302507812,False
591848.8158605099,0.0006781550545687555,0.0006072516164579156,0.00030286883566610356,-2944.2494066357613,129421853.22976726,2.2918482000393956,False
592148.8158602715,0.0006687962599740667,0.0005940177438503724,0.0003080506002484107,-2934.475118011236,129702214.20866483,2.077583986862777,False
592448.8158602715,0.0006595182761522574,0.0005808289655533372,0.00031298968691917395,-2924.7134875655174,129979699.93649992,1.8730651677290944,False
592748.815860033,0.0006503203378857165,0.0005676871460309485,0.0003176859382807429,-2914.964480832219,130254306.05714425,1.6783767265882283,False
593048.815860033,0.0006412014329326396,0.0005545940761635393,0.00032213925487312167,-2905.227287337184,130526028.5487157,1.4936010130103885,False
593348.815860033,0.0006321607486972141,0.0005415519385110201,0.0003263496659022813,-2895.5016750246286,130794863.7297195,1.3188176325265997,False
593648.8158597946,0.0006231974857684583,0.0005285631016818115,0.000330317309813255,-2885.7874246388674,131060808.26529689,1.1541033374792316,False
593948.8158597946,0.0006143107032923799,0.0005156299496604788,0.00033404240472412194,-2876.0838620215654,131323859.17335902,0.9995319204127164,False
594248.8158595562,0.0006054996503390642,0.0005027552210492559,0.0003375253193376171,-2866.390862002969,131584013.82992141,0.8551741113675524,False
594548.8158595562,0.0005967633927047535,0.000489941607838773,0.00034076649689940286,-2856.7077185809612,131841269.9752782,0.7210974765555518,False
594848.8158593178,0.0005881012743563322,0.0004771922281463503,0.0003437665666902179,-2847.034539088607,132095625.71919751,0.5973663222193033,False
595148.8158593178,0.0005795123808931988,0.00046451005457015526,0.00034652621706254827,-2837.3706253767014,132347079.54621832,0.48404160078319836,False
595448.8158593178,0.0005709960105006812,0.00045189839462977943,0.00034904631730225955,-2827.7158926725388,132595630.32075077,0.3811808224844566,False
595748.8158590794,0.0005625514700013143,0.00043936066546734764,0.0003513278721024027,-2818.0702537298203,132841277.29200114,0.2888379706307569,False
596048.8158590794,0.0005541779312359313,0.00042690023371960706,0.0003533719770545951,-2808.433188483119,133084020.0988616,0.20706342182750248,False
596348.815858841,0.0005458747493410331,0.0004145207321073485,0.00035517991762371026,-2798.8046991229057,133323858.77406798,0.13590387186424943,False
596648.815858841,0.0005376411038441725,0.0004022256765097154,0.00035675305636423404,-2789.1842331439257,133560793.74904922,0.07540226621620288,False
596948.815858841,0.0005294763813634136,0.0003900188461898324,0.00035809296114900843,-2779.571828916669,133794825.85793236,0.0255977369269882,False
597248.8158586025,0.0005213799681693638,0.0003779040560800695,0.00035920134087736276,-2769.9674913287163,134025956.34151666,-0.013474455006134008,False
597548.8158586025,0.0005133510812430144,0.00036588497297884714,0.00036007997687850096,-2760.3706922233105,134254186.85114586,-0.041782970928630314,False
597848.8158583641,0.0005053892360706654,0.00035396557581179877,0.0003607309031365205,-2750.7817581892014,134479519.4524618,-0.05930043945955389,False
598148.8158583641,0.0004974936396404967,0.00034214952816569166,0.00036115616616758106,-2741.2000682651997,134701956.62851197,-0.0660034948383278,False
598448.8158581257,0.000489663815690061,0.00033044079481214794,0.00036135807742309484,-2731.6259059607983,134921501.28343982,-0.06187280878393699,False
598748.8158581257,0.0004818990678222441,0.00031884308836538366,0.00036133898785278146,-2722.0588689148426,135138156.7453913,-0.046893115219765864,False
599048.8158581257,0.0004741988833040024,0.00030736026002387007,0.00036110145945434866,-2712.4990608990192,135351926.76937193,-0.021053228452141203,False
599348.8158578873,0.0004665627655084638,0.0002959961170745373,0.0003606481935654639,-2702.9465938806534,135562815.53998503,0.01565394583139192,False
599648.8158578873,0.0004589900944580999,0.000284754273877752,0.00035998195736848537,-2693.4011768698692,135770827.674023,0.0632314067174593,False
599948.8158576488,0.00045148042703885256,0.00027363843383909625,0.0003591057256931013,-2683.8629983067513,135975968.22249988,0.12167806065292584,False
600248.8158576488,0.00044403316040880173,0.00026265204758146865,0.0003580225096533052,-2674.3317336440086,136178242.67310578,0.19098873184161091,False
600548.8158576488,0.0004366478918104792,0.00025179865113500455,0.00035673553591591967,-2664.8075999617577,136377656.95204428,0.2711541785941168,False
600848.8158574104,0.00042932422436420064,0.00024108166368819184,0.00035524814628667967,-2655.290781289339,136574217.42569143,0.36216111718201527,False
601148.8158574104,0.00042206160932192175,0.00023050422714732122,0.00035356370057088027,-2645.7809695005417,136767930.90213364,0.4639922525468223,False
601448.815857172,0.00041485978541341476,0.000220069614329077,0.0003516858178927995,-2636.2786386311054,136958804.63269508,0.5766263144423055,False
601748.815857172,0.0004077182103844673,0.00020978067871624262,0.0003496180463290477,-2626.78339150548,137146846.31265962,0.7000381017056146,False
602048.815857172,0.000400636591773086,0.00019964034763120253,0.0003473641632306679,-2617.295495480299,137332064.08268344,0.8341985308277123,False
602348.8158569336,0.0003936146656461304,0.0001896514018255857,0.00034492804483932105,-2607.815236002207,137514466.52935946,0.9790746917469162,False
602648.8158569336,0.00038665201283361733,0.00017981629866881121,0.00034231354047786766,-2598.342384725809,137694062.68565452,1.1346299095030634,False
602948.8158566952,0.0003797484707772752,0.0001701375448988074,0.0003395247251740674,-2588.8773802518845,137870862.03142574,1.3008238097439007,False
603248.8158566952,0.00037290367992313505,0.00016061727231431178,0.0003365656016007801,-2579.4200197160244,138044874.49339572,1.4776123917527957,False
603548.8158564568,0.00036611756761615314,0.0001512576729965076,0.00033344041055349827,-2569.9708422124386,138216110.44535148,1.6649481036729528,False
603848.8158564568,0.0003593898017349649,0.00014206049820586486,0.0003301532558601661,-2560.5295591950417,138384580.70741814,1.8627799251258503,False
604148.8158564568,0.0003527203020471974,0.00013302751526111933,0.00032670844336646354,-2551.0965098440647,138550296.54608902,2.0710534511677823,False
604448.8158562183,0.00034610902834264474,0.0001241603096389099,0.00032311033257625965,-2541.672049790621,138713269.67336065,2.289710982014991,False
604748.8158562183,0.00033955580592122424,0.00011546012922281079,0.00031936319752468023,-2532.2560464441776,138873512.24573058,2.518691616407028,False
