seconds_after_cutoff,line_of_sight_error_deg,azimuth_error_deg,elevation_error_deg,range_error_m,reference_range_m,reference_elevation_deg,reference_visible
300.0,2.9116216105767525e-05,-5.48875570416385e-06,2.86672527423093e-05,13.315837983042002,28419056.997121155,-21.87965069625125,False
600.0,3.136579406888066e-05,-5.518043565189146e-06,3.095440228051416e-05,13.506468005478382,28591091.198006667,-23.421189785772203,False
900.0,3.365556053349925e-05,-5.4935081266194175e-06,3.3285096154855864e-05,13.68501240760088,28763007.03108882,-24.9737665790516,False
1200.0,3.5984171564974555e-05,-5.410108599335217e-06,3.565716163222987e-05,13.851044103503227,28934431.073099453,-26.535675484456462,False
1500.0,3.834891726502232e-05,-5.257761500843117e-06,3.806744524581518e-05,14.005302276462317,29104992.457062073,-28.105240644730863,False
1800.0,4.0747101928430073e-05,-5.030499039548886e-06,4.0512037379869525e-05,14.148007202893496,29274324.144126877,-29.680810365122557,False
2100.0,4.318097721839485e-05,-4.716667802995289e-06,4.2992333753488765e-05,14.282214730978012,29442064.125807635,-31.260750420258855,False
2400.0,4.5645367764413494e-05,-4.3051719273989875e-06,4.550183288642984e-05,14.406752813607454,29607856.571750134,-32.8434362009461,False
2700.0,4.814170797793854e-05,-3.7840630966456956e-06,4.8040417865991e-05,14.523328464478254,29771352.89874069,-34.42724370715508,False
3000.0,5.066659396614107e-05,-3.1322418010404363e-06,5.0603202595311814e-05,14.633027143776417,29932212.78655078,-36.01053926434458,False
3300.0,5.322074428196003e-05,-2.3351697961970785e-06,5.318856896963098e-05,14.735564790666103,30090105.12849998,-37.59166790560665,False
3600.0,5.580095894386501e-05,-1.3664916593825183e-06,5.579090105101159e-05,14.834940303117037,30244708.91466504,-39.168940247953195,False
3900.0,5.84087569243106e-05,-2.0310886839070008e-07,5.84085542030266e-05,14.92930418252945,30395714.07174568,-40.74061771828685,False
4200.0,6.104076590749392e-05,1.187994996598718e-06,6.1034442303764536e-05,15.020332094281912,30542822.226300776,-42.30489588122403,False
4500.0,6.369717481632741e-05,2.8466245396430168e-06,6.366409692759589e-05,15.110316596925259,30685747.425254118,-43.85988564663564,False
4800.0,6.637613472502397e-05,4.813951960613849e-06,6.629002499636272e-05,15.19811474531889,30824216.80469579,-45.403592027153266,False
5100.0,6.907575832293335e-05,7.14192185569118e-06,6.890339000165113e-05,15.286460604518652,30957971.196635835,-46.9338901298113,False
5400.0,7.179871973117003e-05,9.890172009363596e-06,7.149840152465003e-05,15.37485060468316,31086765.70162635,-48.44849801071895,False
5700.0,7.453999293822987e-05,1.3130843541375725e-05,7.4059488632372e-05,15.466581214219332,31210370.200719,-49.94494599401141,False
6000.0,7.730158597785601e-05,1.694478163472013e-05,7.657596683685597e-05,15.560309752821922,31328569.838327,-51.42054213955446,False
6300.0,8.008125345537802e-05,2.1431400426763503e-05,7.902955638883213e-05,15.657006211578846,31441165.44693153,-52.87233351485876,False
6600.0,8.287751472753573e-05,2.669951715006391e-05,8.139964722175819e-05,15.757830653339624,31547973.939755544,-54.297063179216224,False
6900.0,8.568936577672325e-05,3.287930218220936e-05,8.366128864167877e-05,15.863248270004988,31648828.662584953,-55.69112299844425,False
7200.0,8.851745842481615e-05,4.011232118728003e-05,8.578668074221696e-05,15.975065473467112,31743579.704369105,-57.05050291393878,False
7500.0,9.135930084028746e-05,4.855911470258434e-05,8.77384355248978e-05,16.091308057308197,31832094.17781036,-58.37073800793926,False
7800.0,9.421555029955394e-05,5.840044289584512e-05,8.947427157579568e-05,16.21458651125431,31914256.450238958,-59.646855851147485,False
8100.0,9.708257734292904e-05,6.98128504836859e-05,9.094132853704195e-05,16.34404629841447,31989968.355424136,-60.87332817244804,False
8400.0,9.996138766187362e-05,8.298396096506622e-05,9.208086882495081e-05,16.479417949914932,32059149.35836207,-62.04403310270197,False
8700.0,0.00010285017853928764,9.807645312776003e-05,9.282373022045931e-05,16.622321370989084,32121736.688249256,-63.15223696665503,False
9000.0,0.00010574822877594824,0.00011522468213343018,9.309143239022433e-05,16.772250957787037,32177685.442387097,-64.19060783221728,False
9300.0,0.00010865422946746802,0.00013449842970203463,9.279699190756219e-05,16.92793858423829,32226968.65030642,-65.15127616981444,False
9600.0,0.0001115673027835032,0.00015585275346552407,9.185315379056647e-05,17.089778784662485,32269577.30223,-66.02596014873828,False
9900.0,0.0001144849592029528,0.00017910982512603368,9.017059677773887e-05,17.257654167711735,32305520.34716084,-66.80617265374617,False
10200.0,0.00011740659064488881,0.00020392793837231693,8.766760170431098e-05,17.43074429780245,32334824.653467145,-67.48352207957585,False
10500.0,0.00012033123562359507,0.00022975091428634187,8.428656860814954e-05,17.607272133231163,32357534.933300544,-68.05010725922281,False
10800.0,0.00012325821620738897,0.00025585242508441297,7.999320288831768e-05,17.788411915302277,32373713.625758395,-68.4989879445121,False
11100.0,0.00012618402728844946,0.0002813377288362062,7.479713087832351e-05,17.972652349621058,32383440.75148459,-68.82468849339682,False
11400.0,0.0001291082932601594,0.00030527682423553415,6.874584373406378e-05,18.158639326691628,32386813.719537225,-69.02366995009227,False
11700.0,0.00013203116106650807,0.00032677367229894116,6.193891876193902e-05,18.344273015856743,32383947.097476482,-69.09469423023157,False
12000.0,0.0001349480294165534,0.0003450881864068833,5.4509063460272955e-05,18.53010666370392,32374972.335243467,-69.03901171227581,False
12300.0,0.0001378583754806847,0.00035973308627035294,4.662299539859305e-05,18.714676160365343,32360037.453723755,-68.86033266500604,False
12600.0,0.00014076367610157056,0.00037052469724585535,3.845473231933738e-05,18.895299926400185,32339306.68290114,-68.56458571449089,False
12900.0,0.00014365850708709826,0.00037753899337644725,3.017525695270251e-05,19.07188005000353,32312960.050458625,-68.1595087904349,False
13200.0,0.00014654131963784785,0.00038109176341549755,2.19384953794588e-05,19.24131429195404,32281192.931569282,-67.6541450218384,False
13500.0,0.00014941323248446038,0.00038165664733469384,1.3876133039048e-05,19.403433181345463,32244215.537306186,-67.05832129377892,False
13800.0,0.0001522698165293802,0.0003797680944046533,6.0876691350131296e-06,19.556695878505707,32202252.361800306,-66.38217328184267,False
14100.0,0.00015511030845307433,0.0003759778764163002,-1.3526043147749078e-06,19.698982927948236,32155541.571222696,-65.63575683643975,False
14400.0,0.00015793346060973988,0.0003707988906285209,-8.39792402018702e-06,19.82993072643876,32104334.336648636,-64.8287609939311,False
14700.0,0.00016073759982652383,0.00036467795194994324,-1.502290314192578e-05,19.945961110293865,32048894.118280508,-63.970319051380635,False
15000.0,0.0001635191074012769,0.0003579826499731098,-2.1215641893945758e-05,20.04675642773509,31989495.881081246,-63.06890295372121,False
15300.0,0.00016627905941409766,0.0003510157106347833,-2.6978627353457796e-05,20.131079085171223,31926425.262940813,-62.13228188215439,False
15600.0,0.00016901232308921889,0.0003439977430730323,-3.2321900349074895e-05,20.196747723966837,31859977.67985651,-61.16752623932706,False
15900.0,0.00017172017590230565,0.0003371039979072066,-3.726218936606074e-05,20.243607316166162,31790457.3689083,-60.18104093417365,False
16200.0,0.00017439715322436084,0.0003304487461548433,-4.181598991692681e-05,20.269202433526516,31718176.379322764,-59.17861548008341,False
16500.0,0.00017704333801792966,0.00032411856696512586,-4.6003780198589084e-05,20.27359551936388,31643453.495630603,-58.165481866669396,False
16800.0,0.00017965726944403398,0.0003181663064708573,-4.9847711608208556e-05,20.255987241864204,31566613.111212924,-57.14637412272173,False
17100.0,0.0001822356200032149,0.000312621150214909,-5.3365123910964485e-05,20.21493911370635,31487984.041955717,-56.12558571618399,False
17400.0,0.0001847757033548761,0.00030749419880748974,-5.657803778547077e-05,20.148828025907278,31407898.285530716,-55.107022540725545,False
17700.0,0.00018727597266647475,0.000302790226101024,-5.950098380935742e-05,20.059721402823925,31326689.725946933,-54.094250405422706,False
18000.0,0.0001897340876531564,0.0002985007131144357,-6.215324909675246e-05,19.9450865611434,31244692.802531943,-53.09053658235139,False
18300.0,0.00019214625163155975,0.0002946095520997005,-6.455152897899552e-05,19.806108113378286,31162241.11892666,-52.09888550246684,False
18600.0,0.0001945116913013125,0.0002911035881538737,-6.670881509762694e-05,19.643691040575504,31079666.026197184,-51.12206887693581,False
18900.0,0.00019682748521275437,0.0002879620896578672,-6.863943310264631e-05,19.455771435052156,30997295.172472503,-50.162650679829305,False
19200.0,0.00019909032227420954,0.0002851606062677092,-7.035983674796853e-05,19.244814075529575,30915451.017122414,-49.223007493417,False
19500.0,0.00020129779659450623,0.0002826806620817024,-7.18769668992536e-05,19.010152615606785,30834449.342572965,-48.30534472369611,False
19800.0,0.0002034475918287092,0.00028049763182025345,-7.320775630148546e-05,18.754595071077347,30754597.742928587,-47.41170912485251,False
20100.0,0.0002055364428866282,0.0002785905747089146,-7.43599947554685e-05,18.47734897583723,30676194.126736067,-46.543998154979285,False
20400.0,0.00020756406901091832,0.0002769401845057473,-7.534714158197175e-05,18.181226279586554,30599525.216055155,-45.70396650874767,False
20700.0,0.00020952544493104078,0.00027552141861519885,-7.618054846858513e-05,17.86780457943678,30524865.07893413,-44.893230267720725,False
21000.0,0.0002114191318211903,0.0002743156204303432,-7.687114661081296e-05,17.536938410252333,30452473.69021483,-44.11326898883414,False
21300.0,0.00021324039699340314,0.00027330088221333426,-7.742791893150525e-05,17.1928821913898,30382595.530135963,-43.365426068286475,False
21600.0,0.00021499137562595638,0.00027246367869793175,-7.786445656421392e-05,16.836376830935478,30315458.253374796,-42.650907669781496,False
21900.0,0.00021666727285577544,0.0002717823072657666,-7.819178115653358e-05,16.470536720007658,30251271.41277431,-41.97078051816771,False
22200.0,0.00021826763674143496,0.00027124206107487225,-7.842105728883553e-05,16.09672485664487,30190225.27355657,-41.325968795713,False
22500.0,0.00021979040621288097,0.00027082630637664806,-7.856390981686445e-05,15.718544527888298,30132489.711589973,-40.71725039766238,False
22800.0,0.00022123293014001495,0.0002705176828214917,-7.86330911779487e-05,15.337529480457306,30078213.22332575,-40.14525277327552,False
23100.0,0.00022259477820709084,0.0002703029643100763,-7.864058363082904e-05,14.957343582063913,30027522.04108417,-39.61044856912737,False
23400.0,0.00022387737667287595,0.00027017171552756736,-7.859889717565238e-05,14.579340990632772,29980519.380421177,-39.1131512674375,False
23700.0,0.0002250762455916686,0.00027010521219494876,-7.852179984269014e-05,14.20899836346507,29937284.808542695,-38.653511005638514,False
24000.0,0.0002261945721511104,0.0002700963058543948,-7.842181929618164e-05,13.84546086192131,29897873.76872257,-38.23151074517549,False
24300.0,0.00022723093464838967,0.0002701303450010073,-7.831466983532209e-05,13.494706027209759,29862317.22598206,-37.846962926438394,False
24600.0,0.00022818640260421859,0.0002701993022640181,-7.820969955929513e-05,13.158657122403383,29830621.485896766,-37.49950675841266,False
24900.0,0.00022906175228572264,0.0002702911591256907,-7.812430721543251e-05,12.838627334684134,29802768.150687035,-37.18860621252878,False
25200.0,0.00022986046425224786,0.00027039886759894216,-7.807315631680467e-05,12.538425169885159,29778714.228077807,-36.91354885656267,False
25500.0,0.00023058042913142734,0.0002705100726245746,-7.806608147831184e-05,12.260418452322483,29758392.398702767,-36.673445560614475,False
25800.0,0.00023122547415103955,0.000270617625091063,-7.811857033601655e-05,12.007460288703442,29741711.426493444,-36.467231117017846,False
26100.0,0.00023179837523178295,0.00027071297935776784,-7.824554610635914e-05,11.781280692666769,29728556.71711953,-36.293665830191074,False
26400.0,0.00023229950397854796,0.00027078568609795184,-7.845826786478938e-05,11.58351281657815,29718791.01239725,-36.151338066153414,False
26700.0,0.00023273377590670363,0.0002708307084446915,-7.876817666385705e-05,11.416696026921272,29712255.2159499,-36.038667752591664,False
27000.0,0.00023310720833106524,0.0002708418280121805,-7.919122104738108e-05,11.282928716391325,29708769.34376683,-35.95391081867296,False
27300.0,0.0002334191531771247,0.000270806520319411,-7.973619565859735e-05,11.18301734700799,29708133.587004013,-35.89516456500505,False
27600.0,0.00023367430548552708,0.0002707171426266086,-8.041479722464828e-05,11.118738669902086,29710129.473664533,-35.86037389455134,False
27900.0,0.0002338780901008608,0.00027056663913072043,-8.12373965359825e-05,11.091511063277721,29714521.124391366,-35.847338406958364,False
28200.0,0.0002340329644524601,0.0002703429752273223,-8.221436317512598e-05,11.102268613874912,29721056.585593518,-35.853720304025614,False
28500.0,0.0002341460572836506,0.00027004100630279027,-8.335194858233308e-05,11.151105683296919,29729469.229051452,-35.87705308874278,False
28800.0,0.00023421973308337035,0.00026964595693357296,-8.466095218295777e-05,11.23832317814231,29739479.203990526,-35.91475101710895,False
29100.0,0.00023425918067528724,0.0002691497940361387,-8.614307130727639e-05,11.365475937724113,29750794.93074369,-35.96411932262265,False
29400.0,0.00023427153257395781,0.00026854279067833886,-8.780630930260713e-05,11.531452596187592,29763114.62897467,-36.02236515459186,False
29700.0,0.0002342598013704019,0.0002678089219330104,-8.965745355027366e-05,11.737213432788849,29776127.855280466,-36.08660928180187,False
30000.0,0.00023422856007087247,0.000266937840706305,-9.169364835770466e-05,11.981476329267025,29789517.056908686,-36.15389854421092,False
30300.0,0.00023418575332365016,0.0002659183995206149,-9.392023111587378e-05,12.265368711203337,29802959.11329509,-36.22121903227629,False
30600.0,0.00023413349753758657,0.0002647331283753829,-9.633738980596718e-05,12.586631804704666,29816126.875347186,-36.28551005597965,False
30900.0,0.0002340809009039314,0.00026337420078448304,-9.894334721138875e-05,12.946552332490683,29828690.670668844,-36.343678853100116,False
31200.0,0.00023403068610583724,0.0002618258055520073,-0.00010173398801072153,13.341583468019962,29840319.795036726,-36.392616040680124,False
31500.0,0.00023398780723027856,0.00026007338883005104,-0.00010470740948420598,13.773737404495478,29850683.949245103,-36.42921176519209,False
31800.0,0.00023396073783548026,0.000258108663473422,-0.00010785900224874467,14.240328337997198,29859454.65486954,-36.45037250340428,False
32100.0,0.0002339521495217758,0.0002559180358048252,-0.00011118014023736578,14.740083277225494,29866306.606977936,-36.45303840606108,False
32400.0,0.00023396909501644772,0.000253493438208352,-0.000114664055693936,15.272012948989868,29870918.98333058,-36.434201048633206,False
32700.0,0.00023401543345574245,0.0002508241352643381,-0.00011830252138622654,15.836333274841309,29872976.697559796,-36.390921432731545,False
33000.0,0.00023409781131571175,0.0002479062642350982,-0.00012208508218947145,16.430255491286516,29872171.60108825,-36.32034801208076,False
33300.0,0.0002342215117307667,0.000244735906534288,-0.0001260011553014806,17.05313817039132,29868203.617606584,-36.219734488637314,False
33600.0,0.00023439140098177377,0.000241312678781469,-0.0001300376396997649,17.704033229500055,29860781.826066196,-36.08645709739044,False
33900.0,0.00023461308958784766,0.0002376358947060453,-0.00013418619632687978,18.380398225039244,29849625.483008478,-35.91803105041815,False
34200.0,0.00023489126508084582,0.00023371274042460755,-0.00013843071278074603,19.082626592367887,29834464.979709826,-35.71212583936069,False
34500.0,0.0002352302438529734,0.0002295482063345844,-0.0001427606543558113,19.809487156569958,29815042.74965101,-35.46657901923596,False
34800.0,0.00023563702178675295,0.00022515724992899777,-0.00014716256712432596,20.558355629444122,29791114.113429256,-35.17940820470697,False
35100.0,0.00023611531389007833,0.0002205500942125127,-0.00015162621585318448,21.328743766993284,29762448.063944947,-34.8488209569644,False
35400.0,0.00023666830679339342,0.0002157423105018097,-0.00015613839194372758,22.119892474263906,29728828.00270858,-34.47322235007734,False
35700.0,0.00023730114627904938,0.00021075663511282983,-0.00016068552239545397,22.9305555857718,29690052.420969453,-34.051220018923196,False
36000.0,0.00023802058181538935,0.00020561247976047525,-0.00016526255410553858,23.759658347815275,29645935.528972182,-33.5816265868471,False
36300.0,0.00023882878972442391,0.00020033181772305397,-0.00016985789981305288,24.605439942330122,29596307.83783325,-33.06345947824406,False
36600.0,0.00023973100529663764,0.0001949399140244168,-0.00017446404211796107,25.468710247427225,29541016.690574873,-32.49593812310291,False
36900.0,0.00024073332699863455,0.00018946122577290225,-0.00017907725279187048,26.346358980983496,29479926.75836853,-31.878478725790984,False
37200.0,0.00024183434517882036,0.0001839179605838126,-0.00018368695915071953,27.239373341202736,29412920.47990783,-31.210686805263077,False
37500.0,0.00024304188957148068,0.00017833757061680444,-0.00018829241551543419,28.14502965286374,29339898.476371028,-30.492347737724963,False
37800.0,0.00024435906801522717,0.00017274239561970717,-0.00019289128440291847,29.06401650980115,29260779.913259476,-29.72341567293082,False
38100.0,0.00024579084009718427,0.00016715481569917756,-0.00019748414126397051,29.99447126686573,29175502.839062955,-28.904001127431197,False
38400.0,0.000247338560198212,0.0001615945415949227,-0.0002020691599788904,30.935655668377876,29084024.47982047,-28.034357643416936,False
38700.0,0.00024900756261395405,0.0001560820596182566,-0.00020664914777412946,31.885898374021053,28986321.506579623,-27.11486785421753,False
39000.0,0.00025080142258488244,0.0001506346921473778,-0.0002112266914870986,32.845215409994125,28882390.266786266,-26.14602933069178,False
39300.0,0.00025272284522108375,0.00014526427727901137,-0.00021580629723061406,33.81180654466152,28772246.99163848,-25.128440515239376,False
39600.0,0.00025477638196992,0.00013998561482253535,-0.00022039257775574583,34.78519168496132,28655927.967638407,-24.062787047232312,False
39900.0,0.00025696524564251046,0.00013480630747153555,-0.00022499207201676086,35.76305512711406,28533489.686014786,-22.94982872692981,False
40200.0,0.000259291299770769,0.00012973580481911995,-0.0002296082735249172,36.745725478976965,28405008.956549037,-21.790387342096125,False
40500.0,0.0002617613308762443,0.00012477652518327886,-0.00023425319343672868,37.729969672858715,28270583.00428214,-20.58533550678405,False
40800.0,0.00026437555204736584,0.00011993372874030683,-0.0002389293738254139,38.715883795171976,28130329.525146663,-19.335586692070827,False
41100.0,0.00026714040986982,0.00011520395625552737,-0.00024364966305867597,39.700546853244305,27984386.72632898,-18.042086479559515,False
41400.0,0.00027005754957583,0.00011058895134397062,-0.00024841851609735954,40.68352047353983,27832913.325367715,-16.705805181048767,False
41700.0,0.0002731332181754475,0.00010608290133973242,-0.00025324797342740624,41.662273690104485,27676088.528586805,-15.32773179269598,False
42000.0,0.00027636766699925375,0.00010167982910047613,-0.0002581427969534644,42.634207747876644,27514111.970426172,-13.908869370541336,False
42300.0,0.0002797667825499276,9.73705507192335e-05,-0.00026311425799896426,43.59855713695288,27347203.618160885,-12.450231774627396,False
42600.0,0.0002833335866988219,9.31439305134063e-05,-0.00026817034972026477,44.5522793866694,27175603.645163376,-10.952841831316173,False
42900.0,0.00028707463305986165,8.899191658429118e-05,-0.0002733209424512495,45.492919348180294,26999572.25646017,-9.417730868164842,False
43200.0,0.00029098730989041653,8.48942157745114e-05,-0.0002785693702209713,46.41854617744684,26819389.47266476,-7.84593964262505,False
43500.0,0.0002950817247452808,8.084015652798371e-05,-0.00028392827981704727,47.32693675905466,26635354.86571042,-6.238520623223715,False
43800.0,0.0002993588032997125,7.680937997633919e-05,-0.00028940266705124174,48.21448200941086,26447787.240901798,-4.596541683894502,False
44100.0,0.0003038199208735123,7.277881132949915e-05,-0.00029499753540385143,49.07853798568249,26257024.255943093,-2.9210911676536013,False
44400.0,0.0003084727547132754,6.872775205124526e-05,-0.0003007225545195169,49.915854036808014,26063421.978070986,-1.213284373466604,False
44700.0,0.0003133145323724515,6.46272113442592e-05,-0.00030657734943073667,50.72394312918186,25867354.365575496,0.5257284762207333,False
45000.0,0.00031835409334731,6.044964132456698e-05,-0.00031257163540265864,51.49773121997714,25669212.673933286,2.2947527834195163,False
45300.0,0.00032358791410102433,5.616159515398067e-05,-0.0003187021762105502,52.23513352870941,25469404.7649216,4.0925384829052325,False
45600.0,0.0003290204742374657,5.1724123068197514e-05,-0.0003249731140329004,52.93282399699092,25268354.3289851,5.917767299354119,False
45900.0,0.00033465270435243354,4.7096034137439347e-05,-0.0003313833521207954,53.585872534662485,25066499.998336777,7.769038155764925,False
46200.0,0.0003404833212503368,4.222535139319916e-05,-0.00033792892442185973,54.192345935851336,24864294.34059768,9.64485063445824,False
46500.0,0.00034651531308456303,3.7061997971932215e-05,-0.00034460742133823885,54.746765088289976,24662202.739894766,11.543586303171589,True
46800.0,0.00035274389008665855,3.153922199317094e-05,-0.00035140781123743636,55.24725012853742,24460702.131515466,13.463487684443903,True
47100.0,0.00035917061633273053,2.558965908860955e-05,-0.00035832233260713053,55.68795953318477,24260279.609815862,15.402634666441253,True
47400.0,0.0003657869679190627,1.9123998185932578e-05,-0.0003653312657512231,56.06654353439808,24061430.8716397,17.358918031489683,True
47700.0,0.0003725927236375759,1.2049739012809368e-05,-0.0003724191857017445,56.37883748486638,23864658.516026445,19.33000984831742,True
48000.0,0.00037958040463220857,4.256328992369163e-06,-0.0003795596929769829,56.62183649837971,23670470.173597846,21.31333031374249,True
48300.0,0.0003867407391675959,-4.383028738175199e-06,-0.00038671978935767015,56.79073664546013,23479376.476138763,23.306010707254433,True
48600.0,0.0003940685065889458,-1.4017243159969439e-05,-0.0003938646998200568,56.883484460413456,23291888.85158337,25.30485202234214,True
48900.0,0.00040155154493407035,-2.4815772633246524e-05,-0.0004009456546754109,56.895220689475536,23108517.163529385,27.306278826632596,True
49200.0,0.0004091759704389078,-3.69762114473815e-05,-0.0004079035498030237,56.8242493160069,22929767.17852682,29.30628796932094,True
49500.0,0.00041692899442615796,-5.072151779472733e-05,-0.00041467033403108644,56.666955064982176,22756137.8924631,31.300391770482577,True
49800.0,0.0004247926472495817,-6.631618532537686e-05,-0.00042115959695365746,56.42154471576214,22588118.709240206,33.28355548785225,True
50100.0,0.00043275509701941393,-8.405166227021255e-05,-0.0004272768465298782,56.085405841469765,22426186.504734576,35.25012918017985,True
50400.0,0.0004407908472634196,-0.00010425993653484511,-0.00043289574892924065,55.65727362409234,22270802.58762879,37.19377448995777,True
50700.0,0.00044888027836965054,-0.00012731260608234152,-0.00043787435707542954,55.135322123765945,22122409.59391513,39.10738778440738,True
51000.0,0.0004570016088374684,-0.00015360928793484163,-0.0004420447928268345,54.518620919436216,21981428.34064848,40.983022169101424,True
51300.0,0.0004651298085266286,-0.0001835749852148183,-0.00044520775063716655,53.80619980767369,21848254.6825835,42.81181278485336,True
51600.0,0.0004732410883392716,-0.0002176429493943033,-0.0004471339103915284,52.99997444823384,21723256.40770552,44.58391231444245,True
51900.0,0.0004813042997930826,-0.0002562154766110325,-0.0004475557196030877,52.099232740700245,21606770.229879748,46.28844702861582,True
52200.0,0.0004892966677424693,-0.0002996402970438794,-0.00044617980789496414,51.10606774687767,21499098.907848634,47.91350804827105,True
52500.0,0.0004971910590798347,-0.0003481313917461648,-0.00044268262389834945,50.02198540791869,21400508.56045098,49.446197330953204,True
52800.0,0.0005049549572129601,-0.00040170659633531614,-0.0004367141690337917,48.849000204354525,21311226.21493115,50.872752655681566,True
53100.0,0.0005125647491512024,-0.00046008242253492426,-0.0004279355253302697,47.59083176404238,21231437.641428977,52.17877882262647,True
53400.0,0.0005199917831976164,-0.0005226060111738207,-0.000416018911188587,46.251453164964914,21161285.521983165,53.34961087094167,True
53700.0,0.000527208544031281,-0.0005881485744225756,-0.00040069993562497075,44.83444652706385,21100867.991411045,54.37082650087178,True
54000.0,0.0005341949698355355,-0.0006551002098831304,-0.00038181620840305186,43.34525052458048,21050237.58247231,55.22890554906244,True
54300.0,0.000540924011877529,-0.0007214025039274929,-0.00035933498303819533,41.78759258240461,21009400.610805113,55.91200411127378,True
54600.0,0.000547374525701074,-0.000784698153267982,-0.00033339907306384475,40.16865440458059,20978317.003031407,56.410773423749426,True
54900.0,0.0005535296187105165,-0.0008425615794749319,-0.0003043440633945238,38.494567569345236,20956900.594752185,56.71911900207145,True
55200.0,0.0005593757065452084,-0.0008927943943604078,-0.0002726852482126674,36.771265756338835,20945019.881690696,56.834778637880106,True
55500.0,0.0005648963570297802,-0.0009336906519479271,-0.00023908490395996296,35.00576984882355,20942499.21716752,56.75961139471679,True
55800.0,0.0005700804466819819,-0.000964260854971144,-0.0002042901698331434,33.203220807015896,20949120.439252984,56.49953650531821,True
56100.0,0.0005749194400508082,-0.000984293352075838,-0.00016907096755147677,31.37309590727091,20964624.88403844,56.06412912636915,True
56400.0,0.0005794146071781617,-0.0009943061101580497,-0.00013415835758934236,29.521117087453604,20988715.770763986,55.4659462997826,True
56700.0,0.0005835574598586484,-0.0009953552942079114,-0.0001001749358877646,27.653978142887354,21021060.887714926,54.71969906329323,True
57000.0,0.0005873516126522739,-0.0009888520975209758,-6.762626809830863e-05,25.778384789824486,21061295.548826344,53.84139496532644,True
57300.0,0.0005908015573497503,-0.0009763407651064426,-3.6879693972480254e-05,23.9013757891953,21109025.762550056,52.8475533488587,True
57600.0,0.000593913273348785,-0.0009593323678700472,-8.17688655274651e-06,22.030766751617193,21163831.561443184,51.75455811173911,True
57900.0,0.0005966910547080142,-0.0009391897853561204,1.8353548000504816e-05,20.170481275767088,21225270.445399657,50.578173672478755,True
58200.0,0.0005991491717276707,-0.0009170868924570641,4.267543828007092e-05,18.327834270894527,21292880.870978847,49.33321972389396,True
58500.0,0.0006012972677371931,-0.000893968418267832,6.481232986743635e-05,16.50777667015791,21366185.764413226,48.033382230601426,True
58800.0,0.000603150519210741,-0.0008705740686707486,8.484406443187709e-05,14.715708751231432,21444695.993343983,46.6911307141564,True
59100.0,0.0006047210039203322,-0.0008474527895714346,0.00010287037658684994,12.955968599766493,21527913.771630883,45.31771202487507,True
59400.0,0.0006060244127892858,-0.0008249996084543909,0.00011901938458436234,11.231689028441906,21615335.95826199,43.92319472433781,True
59700.0,0.0006070743166041657,-0.000803481373793602,0.00013342194979060196,9.548468314111233,21706457.220126823,42.516543886425204,True
60000.0,0.0006078900550708867,-0.0007830750411415011,0.00014621066662101612,7.909878559410572,21800773.04833203,41.10571143560171,True
60300.0,0.0006084864825909457,-0.0007638749198406458,0.00015752199889362828,6.3170707151293755,21897782.598813966,39.69773185740037,True
60600.0,0.0006088817860876505,-0.0007459280853083783,0.00016747839357122984,4.772905260324478,21996991.344811935,38.29881672270162,True
60900.0,0.0006090870545469129,-0.0007292318067015913,0.00017619945370483947,3.2795385904610157,22097913.544801775,36.91444402441688,True
61200.0,0.0006091215008292349,-0.0007137653278448397,0.00018380141085572177,1.8388736508786678,22200074.5130325,35.5494402369177,True
61500.0,0.0006090013021269419,-0.0006994891086264943,0.0001903834955285788,0.45099224150180817,22303012.697565023,34.20805417471546,True
61800.0,0.0006087409070352661,-0.000686346527288606,0.00019604612624135598,-0.8815676309168339,22406281.560863778,32.894022441193,True
62100.0,0.000608350085372522,-0.0006742716954306616,0.00020087470274177122,-2.1599938943982124,22509451.28450177,31.610626822451472,True
62400.0,0.0006078453541710592,-0.0006632021693917522,0.000204953050314316,-3.384882874786854,22612110.284090612,30.360744099495736,True
62700.0,0.00060724249945818,-0.0006530749002706671,0.00020835636476945751,-4.553998753428459,22713866.555414002,29.146888983196863,True
63000.0,0.0006065471768118953,-0.0006438152912835449,0.00021115509307989555,-5.670841179788113,22814348.869794097,27.971250830895226,True
63300.0,0.000605778377995423,-0.0006353674274919285,0.00021341437815891595,-6.7351199351251125,22913207.79960553,26.835724838898237,True
63600.0,0.0006049383779621379,-0.0006276587113518417,0.0002151938571692824,-7.747346501797438,23010116.616156098,25.74193834786454,True
63900.0,0.0006040440102533885,-0.0006206376453690154,0.00021654888544375694,-8.710620746016502,23104772.052945107,24.691272852624273,True
64200.0,0.0006030975289142925,-0.0006142395984056748,0.00021753020537929046,-9.624948311597109,23196894.939272597,23.684882259045356,True
64500.0,0.0006021148966705535,-0.0006084179525487343,0.00021819008226131587,-10.49186496436596,23286230.731144577,22.72370786742967,True
64800.0,0.0006010963849704706,-0.0006031143826419338,0.0002185712369211501,-11.31529301404953,23372549.933969423,21.808490544820526,True
65100.0,0.0006000519692471193,-0.0005982825778687584,0.00021872122394483995,-12.095386110246181,23455648.42167586,20.93978043789443,True
65400.0,0.0005989906699629721,-0.000593880533756419,0.00021868096801824777,-12.835308238863945,23535347.67931304,20.11794463231484,True
65700.0,0.0005979156173532267,-0.0005898641398118798,0.00021848654120049105,-13.538280859589577,23611494.95278155,19.34317303877671,True
66000.0,0.0005968324790502456,-0.0005861926145485086,0.00021817918978683792,-14.204142402857542,23683963.32043686,18.61548279878561,True
66300.0,0.000595745792423041,-0.0005828296229140051,0.00021779227638418774,-14.836836580187082,23752651.7026601,17.934721501806862,True
66600.0,0.0005946612370414314,-0.0005797390995780916,0.00021736726389676164,-15.43903924152255,23817484.78947748,17.30056939720657,True
66900.0,0.0005935808960757778,-0.0005768902110219187,0.0002169284001318772,-16.01180738583207,23878412.907199573,16.712540884678663,True
67200.0,0.0005925098117555537,-0.0005742503605006277,0.0002165172729604592,-16.559747211635113,23935411.826912474,16.169985375338744,True
67500.0,0.0005914484414405673,-0.0005717901367177092,0.000216159763798629,-17.082079365849495,23988482.496819362,15.672087826243423,True
67800.0,0.0005904029963318796,-0.0005694849965891535,0.00021588971542030322,-17.58497539535165,24037650.734755047,15.217868983017352,True
68100.0,0.0005893729212947012,-0.0005673066850704345,0.00021573525938656246,-18.06777150556445,24082966.833804667,14.806185569056538,True
68400.0,0.0005883605079881954,-0.0005652311453445691,0.00021572523985646797,-18.533295653760433,24124505.131015662,14.435730495410832,True
68700.0,0.0005873693589632496,-0.0005632375373352261,0.00021588685529927432,-18.98566411808133,24162363.501796123,14.105033240658457,True
69000.0,0.0005863974363973651,-0.0005612999657387263,0.0002162465058557217,-19.42389129474759,24196662.787125066,13.812460499967434,True
69300.0,0.0005854487429953738,-0.0005594010561367213,0.00021682771769704345,-19.85252622514963,24227546.17317865,13.556217213352182,True
69600.0,0.0005845201815062409,-0.0005575147584409024,0.00021765699523257354,-20.27219634503126,24255178.484323468,13.334348060858932,True
69900.0,0.0005836156328109138,-0.0005556251958296343,0.0002187552853420982,-20.6846917681396,24279745.42193607,13.144739542299078,True
70200.0,0.0005827358771110633,-0.0005537131900155146,0.0002201430664179327,-21.09212938323617,24301452.726252615,12.985122707474996,True
70500.0,0.0005818777603330966,-0.0005517545843929383,0.00022184153749549296,-21.49501731991768,24320525.26366218,12.853076648771461,True
70800.0,0.000581041395356965,-0.0005497303277195442,0.00022386703161458854,-21.894618812948465,24337206.0424621,12.746032855133858,True
71100.0,0.0005802291944492817,-0.0005476226118332761,0.00022623716894543122,-22.29377492889762,24351755.148986362,12.66128050778059,True
71400.0,0.0005794362027898135,-0.0005454076155615439,0.0002289622697926319,-22.692362125962973,24364448.598280914,12.595972845972168,True
71700.0,0.0005786638311039624,-0.000543066267738368,0.00023205543851823052,-23.08950723707676,24375577.109814268,12.547134673692574,True
72000.0,0.0005779119907934918,-0.0005405773452764606,0.0002355278646763992,-23.489172507077456,24385444.80369854,12.511671145852223,True
72300.0,0.0005771775984496105,-0.0005379176036512945,0.0002393846268944344,-23.889031153172255,24394367.7968349,12.486377922121049,True
72600.0,0.0005764627116298167,-0.0005350675654938186,0.0002436319643894791,-24.290403071790934,24402672.737015612,12.467952775205653,True
72900.0,0.000575759522437873,-0.0005319993081798202,0.0002482672623180804,-24.69358841329813,24410695.240490366,12.453008769396245,True
73200.0,0.0005750734178625015,-0.0005286963709920656,0.0002532921439861724,-25.098469134420156,24418778.255081765,12.438089039062676,True
73500.0,0.0005743988441445483,-0.0005251324415951331,0.0002587002288230167,-25.504021283239126,24427270.345881823,12.419683261278657,True
73800.0,0.0005737369086924594,-0.0005212889727204129,0.0002644825903637127,-25.910392995923758,24436523.91186781,12.394245792808402,True
74100.0,0.0005730846517053038,-0.0005171401675738707,0.0002706332718283022,-26.317811097949743,24446893.333780672,12.358215461363047,True
74400.0,0.0005724398544458964,-0.0005126683866478743,0.00027713140312890516,-26.72471271455288,24458733.06322172,12.308036957425072,True
74700.0,0.0005718065877796821,-0.0005078574567107808,0.00028396634090732675,-27.129698172211647,24472395.666655585,12.24018362597171,True
75000.0,0.0005711787091562298,-0.0005026877964269261,0.0002911124890516703,-27.532335299998522,24488229.829995036,12.151181553934723,True
75300.0,0.0005705562700645999,-0.0004971461669356358,0.0002985470536778223,-27.93121012300253,24506578.334343325,12.03763459549618,True
75600.0,0.0005699401959659629,-0.0004912217157198029,0.00030624664073464203,-28.326131384819746,24527776.02345669,11.896250066697664,True
75900.0,0.000569329948862705,-0.00048490779408894014,0.0003141808685906966,-28.714229337871075,24552147.767688338,11.723864693535177,True
76200.0,0.0005687260790319719,-0.00047820219151617493,0.00032231801378124203,-29.095155633985996,24580006.455851015,11.517470342995136,True
76500.0,0.0005681306151309244,-0.00047110597051869263,0.0003306280293013941,-29.467348627746105,24611651.014193702,11.274239049934508,True
76800.0,0.0005675410621230519,-0.0004636224977616621,0.0003390739781501395,-29.82959710434079,24647364.484704826,10.991546816748414,True
77100.0,0.0005669595516166192,-0.0004557626814971627,0.0003476214547326606,-30.17935434356332,24687412.17262097,10.666995613758617,True
77400.0,0.0005663878377057486,-0.0004475422974223875,0.0003562342147809261,-30.51475778967142,24732039.888636548,10.2984330817286,True
77700.0,0.0005658296523270489,-0.0004389794199255448,0.00036488141545021335,-30.835786301642656,24781472.299533226,9.883969416963962,False
78000.0,0.0005652857842620542,-0.00043010107367535966,0.00037352212908103866,-31.13982743024826,24835911.40015187,9.421991039413637,False
78300.0,0.0005647596450046869,-0.00042092966489803985,0.00038212997897879575,-31.423949386924505,24895535.135626126,8.911170629342699,False
78600.0,0.0005642541819145555,-0.00041150037296233677,0.0003906684082330969,-31.689235601574183,24960496.184451073,8.350473371359199,False
78900.0,0.0005637723026080929,-0.00040184534711329434,0.00039910899301354164,-31.931938752532005,25030920.90059053,7.739159177009555,False
79200.0,0.0005633197068297711,-0.0003920001869914813,0.00040742779094316006,-32.15170531719923,25106908.456226584,7.076780936206405,False
79500.0,0.0005628991519891269,-0.0003820036424144746,0.00041559747168751215,-32.34614369273186,25188530.16340509,6.363178887182268,False
79800.0,0.0005625154377929872,-0.0003718929391993697,0.00042359843561268207,-32.515213180333376,25275829.00444717,5.598471305221734,False
80100.0,0.0005621713728898644,-0.00036170519206280005,0.0004314113068897285,-32.65449194982648,25368819.35383936,4.78304187496095,False
80400.0,0.000561876974609128,-0.0003514791331156175,0.00043902716566623923,-32.765737909823656,25467486.92085856,3.917524123431595,False
80700.0,0.0005616321500585042,-0.0003412493717291909,0.0004464293259975882,-32.84660614281893,25571788.872827776,3.0027834389931423,False
81000.0,0.0005614450437185518,-0.00033104984208875976,0.00045361374449903735,-32.895383190363646,25681654.170163423,2.039897130508176,False
81300.0,0.0005613200771133235,-0.0003209094576845928,0.00046057643197960907,-32.91023138910532,25796984.085427254,1.0301331390885156,False
81600.0,0.0005612614353563848,-0.0003108585885058801,0.0004673129090232847,-32.8908500187099,25917652.904645402,-0.02507210470139764,False
81900.0,0.0005612777224611292,-0.00030092304058371155,0.00047382786356409134,-32.836978781968355,26043508.79358205,-1.124136160767267,False
82200.0,0.0005613694623115816,-0.0002911176591453568,0.000480123493203255,-32.746680311858654,26174374.81838964,-2.2653528880380893,False
82500.0,0.0005615450571859429,-0.00028146423713337754,0.00048620681927502574,-32.61829221993685,26310050.109580006,-3.4469141959249963,False
82800.0,0.0005618080037171141,-0.00027197502404874285,0.000492084800219672,-32.45139739662409,26450311.1486523,-4.666930840801453,False
83100.0,0.000562164769494695,-0.00026265907220590634,0.0004977691548297969,-32.24574429914355,26594913.15959773,-5.923451986446161,False
83400.0,0.0005626171860630454,-0.0002535213409089465,0.0005032679506999926,-32.00050203129649,26743591.590615917,-7.214483267201311,False
83700.0,0.0005631713169516936,-0.0002445622054381147,0.0005085956417811843,-31.713456723839045,26896063.668601383,-8.538003209845076,False
84000.0,0.0005638323361564446,-0.00023578178567618124,0.000513764967720931,-31.385217908769846,27052030.014735688,-9.891977860128234,False
84300.0,0.0005646026741233044,-0.00022717009670714106,0.0005187893532312415,-31.01497982442379,27211176.291587815,-11.274373577266765,False
84600.0,0.0005654852017433356,-0.00021872029051905884,0.0005236802271344487,-30.60127205774188,27373174.879841886,-12.683167960374996,False
84900.0,0.0005664851929173104,-0.000210415827837096,0.0005284545085348924,-30.145180456340313,27537686.567836188,-14.11635893879658,False
85200.0,0.0005676028173848602,-0.0002022393690026547,0.0005331224974600701,-29.644279811531305,27704362.229024123,-15.571972042536265,False
85500.0,0.0005688425956797737,-0.0001941717063402848,0.0005376985448464211,-29.09915481135249,27872844.497371897,-17.048065962722973,False
85800.0,0.0005702060562971124,-0.00018618447094809198,0.0005421954278652663,-28.509077928960323,28042769.406731002,-18.542736444980335,False
86100.0,0.0005716967002323373,-0.0001782509895917883,0.0005466257407036323,-27.873925663530827,28213768.00209188,-20.054118628778628,False
86400.0,0.0005733149475109644,-0.00017033469609373242,0.0005510000623196731,-27.193573623895645,28385467.906129327,-21.58038791422418,False
86700.0,0.0005749922939008333,-0.0001623803206030061,0.0005552602360410219,-26.415976621210575,28557494.785724156,-23.119759383069216,False
87000.0,0.0005768776167722744,-0.00015438132115264125,0.0005595591471454497,-25.643532514572144,28729474.022783432,-24.67048626601306,False
87300.0,0.0005788930806769094,-0.00014626778946080776,0.0005638282634130576,-24.824381966143847,28901031.811900876,-26.230856466560354,False
87600.0,0.0005810397136882679,-0.00013798236190609714,0.0005680748557281845,-23.960201878100634,29071796.713376887,-27.799188637236963,False
87900.0,0.0005833193462503632,-0.000129462202465902,0.0005723053591424332,-23.049106389284134,29241400.878142606,-29.373826740332127,False
88200.0,0.0005857303232898222,-0.0001206352539782074,0.000576521405371011,-22.09203016012907,29409481.271755233,-30.953133554432693,False
88500.0,0.0005882728912038925,-0.0001114182307730971,0.000580725149994521,-21.088586676865816,29575680.823001813,-32.535483054478775,False
88800.0,0.0005909468544918675,-0.00010171876101594535,0.0005849160572211076,-20.03980590775609,29739649.514704894,-34.11925161236098,False
89100.0,0.0005937513734185106,-9.143144941958781e-05,0.0005890908099601688,-18.945293098688126,29901045.405000873,-35.70280796567781,False
89400.0,0.0005966879687847216,-8.043149225045454e-05,0.0005932463478828254,-17.804668474942446,30059535.59012146,-37.284501858957235,False
89700.0,0.0005997535131941224,-6.857833440676586e-05,0.0005973716043143895,-16.620139356702566,30214797.10704991,-38.86265121274999,False
90000.0,0.0006029470561990146,-5.5712553148623556e-05,0.000601454042779892,-15.389909856021404,30366517.767542593,-40.43552767929356,False
90300.0,0.0006062707316633057,-4.164722673749566e-05,0.0006054802504635859,-14.11594883352518,30514396.94901135,-42.00134035687278,False
90600.0,0.0006097200386385519,-2.6164878107692857e-05,0.0006094251402188888,-12.800089996308088,30658146.318336494,-43.558217408824056,False
90900.0,0.0006132948843366171,-9.019320941661135e-06,0.0006132618433980497,-11.440590213984251,30797490.50289445,-45.104185328984315,False
91200.0,0.000616994506623941,1.0075337428361308e-05,0.0006169557224282585,-10.040114369243383,30932167.7219364,-46.637145487677046,False
91500.0,0.0006208165563123641,3.145527918491098e-05,0.0006204617994995942,-8.598856680095196,31061930.354161855,-48.154847616600414,False
91800.0,0.0006247598367994824,5.5498609526694054e-05,0.0006237258410095592,-7.118897955864668,31186545.46964928,-49.65485985571936,False
92100.0,0.0006288246902970446,8.265225233117235e-05,0.0006266822184102239,-5.601145446300507,31305795.30945117,-51.13453498986493,False
92400.0,0.0006330042756898597,0.00011341930394337396,0.0006292430471219745,-4.046839211136103,31419477.726670608,-52.59097256301476,False
92700.0,0.0006373025585633917,0.00014837550401125554,0.0006313129214703395,-2.4585725776851177,31527406.585652776,-54.020976732849824,False
93000.0,0.0006417148870019049,0.00018817195041265222,0.0006327657884881432,-0.8365654572844505,31629412.116553087,-55.42100988278877,False
93300.0,0.0006462388413090658,0.00023352806627485734,0.000633452490859554,0.8157987110316753,31725341.2406406,-56.78714256893656,False
93600.0,0.0006508747099266841,0.00028524108307692586,0.0006331953588656347,2.4965518787503242,31815057.84812213,-58.11500094925665,False
93900.0,0.000655617638249449,0.00034414129098081503,0.0006317789206136126,4.204615376889706,31898443.0446839,-59.39971392818783,False
94200.0,0.000660466148177585,0.0004110915122623737,0.0006289510140078391,5.935834631323814,31975395.36586891,-60.635863748858114,False
94500.0,0.0006654185102037475,0.00048691756288121724,0.0006244180677725808,7.6887173764407635,32045830.94673822,-61.81744578701799,False
94800.0,0.0006704705502360647,0.0005723133797346236,0.0006178452062712836,9.459921889007092,32109683.667167597,-62.93784597660912,False
95100.0,0.0006756219065934022,0.0006677657056570752,0.0006088599393549998,11.246969599276781,32166905.255512528,-63.989847417630195,False
95400.0,0.0006808672790235647,0.0007733626097774504,0.0005970600998921327,13.046401973813772,32217465.362441275,-64.9656809343197,False
95700.0,0.0006862064757455754,0.0008886482767707093,0.0005820366684616829,14.854513391852379,32261351.597640514,-65.85713679970353,False
96000.0,0.0006916361905796247,0.0010124095478545314,0.0005633986200308527,16.669122599065304,32298569.530588716,-66.65575502476328,False
96300.0,0.0006971497623257508,0.0011425271360963052,0.0005408088064484673,18.484365455806255,32329142.662900463,-67.35310761190948,False
96600.0,0.0007027470641143631,0.0012758929769915994,0.0005140450790008799,20.298153944313526,32353112.351916898,-67.94117588196717,False
96900.0,0.0007084260029299779,0.0014084788811032922,0.00048303979269803676,22.10756142809987,32370537.709445965,-68.4128083560198,False
97200.0,0.0007141797262517137,0.001535576460582888,0.0004479250069664431,23.90581539273262,32381495.46098588,-68.7622215629547,False
97500.0,0.0007200063678944326,0.0016522681579544951,0.0004090643448648734,25.689920511096716,32386079.75528666,-68.98548286364249,False
97800.0,0.000725901247966941,0.0017539840933409323,0.0003670500613566219,27.45704148337245,32384401.944870736,-69.08090007204332,False
98100.0,0.0007318604672209194,0.0018371257498870364,0.0003226538611329488,29.20018043741584,32376590.325616077,-69.04924627402863,False
98400.0,0.0007378825246986074,0.001899491779965956,0.0002767740910201155,30.917284950613976,32362789.819805317,-68.89377346618133,False
98700.0,0.000743958895862925,0.001940464092513139,0.0002303387279027902,32.60221231728792,32343161.63267419,-68.62000963996233,False
99000.0,0.0007500868143993913,0.0019609408889778024,0.00018423567540537533,34.25070854648948,32317882.84769794,-68.23537741467064,False
99300.0,0.0007562620247482735,0.0019630094518561236,0.00013923572592489109,35.85975585132837,32287145.980620008,-67.74870290860501,False
99600.0,0.0007624802167374373,0.001949510244060093,9.596063364369911e-05,37.42240711674094,32251158.488447748,-67.16969305307877,False
99900.0,0.0007687335523131685,0.0019235972429783033,5.4862983276393607e-05,38.93574169278145,32210142.2141381,-66.50844871653527,False
100200.0,0.0007750200100310919,0.001888402790143573,1.6243018805539577e-05,40.39549123495817,32164332.791827276,-65.77505831359267,False
100500.0,0.0007813307916304147,0.0018467651132709761,-1.974502951895829e-05,41.79639410600066,32113978.992029324,-64.97929153167986,False
100800.0,0.0007876608599710961,0.0018011203794401354,-5.305058854787603e-05,43.1356491856277,32059342.008036647,-64.13039271022102,False
101100.0,0.0007940060205260225,0.001753452144896528,-8.370784067324166e-05,44.40798844024539,32000694.693769664,-63.236960687207144,False
101400.0,0.0008003566988898033,0.001705292770111555,-0.00011180796484921984,45.6105095744133,31938320.73391159,-62.306896511334756,False
101700.0,0.0008067079601945466,0.0016577963398560769,-0.00013747504274164157,46.738929126411676,31872513.763906192,-61.34739993302399,False
102000.0,0.0008130520492941976,0.0016117820572105757,-0.00016085851342495516,47.78987189009786,31803576.42475625,-60.36499798389974,False
102300.0,0.000819379655714439,0.0015678058342132317,-0.00018210944182328603,48.76129860058427,31731819.36044712,-59.36559250144157,False
102600.0,0.0008256871213712099,0.0015262286075028442,-0.00020138517832180014,49.65054865181446,31657560.158878054,-58.35451691173149,False
102900.0,0.0008319635987444037,0.0014872438800068721,-0.00021883515200471493,50.45427953079343,31581122.23287211,-57.33659571324522,False
103200.0,0.0008381993884087853,0.0014509351045717267,-0.00023459985106200065,51.17100328579545,31502833.641973425,-56.31620239831882,False
103500.0,0.0008443858840246773,0.0014173065352736103,-0.0002488108817289003,51.80003223195672,31423025.863244582,-55.29731332473184,False
103800.0,0.0008505151156582535,0.0013863063931864872,-0.00026159099633815686,52.339703153818846,31342032.51089566,-54.28355623544745,False
104100.0,0.0008565785580862455,0.0013578441403296893,-0.00027305238055674863,52.78903419524431,31260188.00401984,-53.27825291202047,False
104400.0,0.0008625638303671325,0.0013318002527284989,-0.0002832942839461339,53.149144411087036,31177826.19031349,-52.28445593560314,False
104700.0,0.000868463681017367,0.0013080473171385165,-0.0002924121564760185,53.419591430574656,31095278.93564837,-51.30497980595016,False
105000.0,0.0008742657358476843,0.0012864443112334811,-0.0003004893859710478,53.602012772113085,31012874.672980443,-50.34242686281562,False
105300.0,0.0008799585883701457,0.001266849928128977,-0.00030760241645566566,53.697172336280346,30930936.931224246,-49.39920846199324,False
105600.0,0.000885535624536362,0.0012491297124768153,-0.00031382548071690053,53.70733651518822,30849782.839760944,-48.47756191877968,False
105900.0,0.0008909841488297384,0.0012331450567728552,-0.00031922328415845413,53.63554880768061,30769721.625446968,-47.579563716405055,False
106200.0,0.0008962949621387586,0.001218766113112224,-0.0003238591735055252,53.484730299562216,30691053.10843947,-46.70713940994233,False
106500.0,0.0009014560234830373,0.0012058648626691593,-0.00032779152457607097,53.2584553360939,30614066.204980657,-45.86207067736131,False
106800.0,0.0009064582589253062,0.0011943234000568737,-0.00033107656997799495,52.961517691612244,30539037.44968542,-45.045999889659484,False
107100.0,0.0009112939024036706,0.0011840319441773772,-0.00033376769057014144,52.59716533869505,30466229.551678617,-44.26043256813261,False
107400.0,0.0009159503207932084,0.0011748789555952044,-0.00033591686106859697,52.17139100283384,30395889.985857546,-43.50673805253442,False
107700.0,0.0009204224347594427,0.0011667694972743448,-0.0003375752211809413,51.69140691310167,30328249.644105975,-42.786148687641,False
108000.0,0.0009246989710637687,0.001159603719088409,-0.00033879472292852597,51.16095546633005,30263521.555886745,-42.09975780919207,False
108300.0,0.000928774404119722,0.0011532956955306872,-0.0003396256083760818,50.587916515767574,30201899.674772743,-41.44851679858852,False
108600.0,0.0009326400510423299,0.0011477606998937517,-0.00034011523939625476,49.97885883972049,30143557.768033974,-40.83323144817776,False
108900.0,0.0009362912843479877,0.0011429216525868924,-0.0003403151083247735,49.340900383889675,30088648.400221862,-40.25455786208698,False
109200.0,0.0009397249534587699,0.0011387065073904523,-0.00034027809103065465,48.68147034943104,30037302.03079654,-39.71299812724282,False
109500.0,0.0009429323218514489,0.001135041674956483,-0.0003400513827571672,48.008860912173986,29989626.232676122,-39.20889595058215,False
109800.0,0.0009459154437256247,0.0011318681450518397,-0.0003396890299498523,47.32974125444889,29945705.044234533,-38.74243242406844,False
110100.0,0.0009486718115717555,0.001129123955763589,-0.0003392435393934079,46.652161959558725,29905598.453669876,-38.31362212664861,False
110400.0,0.0009511983877941607,0.0011267511324035695,-0.00033876248514275176,45.985659178346395,29869342.030175984,-37.922309687786175,False
110700.0,0.0009534960360207543,0.0011246944239644563,-0.00033830265788736824,45.3365802615881,29836946.708294492,-37.568166931396895,False
111000.0,0.0009555670865791245,0.0011229055731405424,-0.00033791349466838483,44.71490868926048,29808398.71202447,-37.250690759709066,False
111300.0,0.0009574157880411404,0.0011213382824450946,-0.00033764779036005166,44.12650228664279,29783659.645917993,-36.96920180961689,False
111600.0,0.0009590439484524157,0.0011199445574447964,-0.00033755625380393894,43.57989860698581,29762666.7234078,-36.72284399473715,False
111900.0,0.0009604590736483694,0.001118683503932516,-0.0003376909584034138,43.08279135078192,29745333.154929135,-36.51058495755735,False
112200.0,0.0009616678094825347,0.0011175132471805682,-0.00033810284273272373,42.64244242757559,29731548.677550204,-36.33121747669363,False
112500.0,0.0009626765056905191,0.0011163928490987018,-0.0003388382123574729,42.26548769325018,29721180.225028746,-36.18336183691012,False
112800.0,0.0009634936012706765,0.0011152820428321775,-0.000339945034845357,41.95962915197015,29714072.728692517,-36.065469148406834,False
113100.0,0.0009641287919271832,0.0011141412844608567,-0.00034146938646983926,41.729070384055376,29710050.048839454,-35.975825619780565,False
113400.0,0.000964594578862886,0.001112934490720363,-0.00034345292941395655,41.5826262421906,29708916.008115236,-35.9125577491423,False
113700.0,0.0009648994733531609,0.0011116171834828492,-0.0003459380613008989,41.52339183166623,29710455.54739937,-35.87363839606013,False
114000.0,0.0009650608344962914,0.0011101547775069776,-0.00034896411443696707,41.55682725086808,29714435.95599337,-35.8568937175972,False
114300.0,0.0009650872479697155,0.0011085006086375415,-0.0003525637752019861,41.688461143523455,29720608.19300388,-35.86001092647522,False
114600.0,0.0009649922897338119,0.0011066107216493037,-0.00035676950606955415,41.921038061380386,29728708.277851533,-35.880546832180315,False
114900.0,0.0009647917161800404,0.0011044420391215226,-0.00036160904358695234,42.258013889193535,29738458.73062406,-35.91593716221182,False
115200.0,0.0009645013867516166,0.0011019484828693749,-0.0003671073257862645,42.70291108265519,29749570.06045133,-35.963506629572976,False
115500.0,0.0009641356194670205,0.0010990787555442694,-0.0003732862281609073,43.25873223692179,29761742.285641063,-36.02047974632495,False
115800.0,0.0009637096469735779,0.0010957827446986812,-0.0003801585447007483,43.925387028604746,29774666.475971337,-36.08399238522308,False
116100.0,0.0009632369231888474,0.0010920038227766327,-0.00038773627826316215,44.70616625994444,29788026.295014247,-36.15110407341995,False
116400.0,0.0009627376853798881,0.0010876913597428484,-0.0003960290753894924,45.60088125243783,29801499.554457236,-36.2188110491882,False
116700.0,0.0009622240935013897,0.0010827864562941159,-0.00040503457595519876,46.61074199527502,29814759.7457079,-36.28406008540834,False
117000.0,0.0009617136778306172,0.0010772340592666296,-0.00041475071662944174,47.73466654121876,29827477.560294773,-36.3437630489641,False
117300.0,0.0009612209543693037,0.0010709770970152022,-0.0004251673035966519,48.972769271582365,29839322.37541797,-36.39481222567524,False
117600.0,0.0009607643952023981,0.0010639625833448463,-0.00043627356239994697,50.32374535501003,29849963.71095636,-36.43409634234456,False
117900.0,0.0009603576597236119,0.001056137170621696,-0.0004480474981818361,51.786597799509764,29859072.64144057,-36.45851726315599,False
118200.0,0.0009600174628837386,0.0010474531342481441,-0.0004604661157188161,53.36009379476309,29866323.164480526,-36.46500723306092,False
118500.0,0.000959759140193091,0.0010378680317728595,-0.0004734986179215639,55.040540389716625,29871393.5208276,-36.45054658113468,False
118800.0,0.0009595972853147339,0.0010273422041677804,-0.00048711368172149605,56.826906245201826,29873967.453670315,-36.41218168769254,False
119100.0,0.000959544487438545,0.0010158455256146226,-0.000501269577569019,58.716551300138235,29873735.421333328,-36.3470430396352,False
119400.0,0.0009596210256267902,0.0010033627589223215,-0.0005159285047540152,60.70551786571741,29870395.74760662,-36.25236308552922,False
119700.0,0.0009598352707516036,0.000989878009761469,-0.0005310413748631504,62.79151448979974,29863655.71043989,-36.12549366110553,False
120000.0,0.0009602041703374808,0.0009753964130254644,-0.0005465606573480386,64.97062471881509,29853232.57745463,-35.963922616193784,False
120300.0,0.0009607430291119519,0.0009599295028692723,-0.0005624409541269415,67.23977177590132,29838854.576278288,-35.7652893546264,False
120600.0,0.0009614628560450985,0.0009435030364102204,-0.0005786264743292691,69.5947638116777,29820261.810392573,-35.52739895528713,False
120900.0,0.0009623782187983867,0.0009261532181028542,-0.0005950698942669419,72.03121721744537,29797207.11412907,-35.2482345088758,False
121200.0,0.0009635016468018966,0.0009079314192206311,-0.0006117181065832256,74.54620306193829,29769456.85024598,-34.92596744214408,False
121500.0,0.0009648457801723291,0.0008888959244472971,-0.0006285246182144988,77.13499497249722,29736791.657272518,-34.55896552150367,False
121800.0,0.0009664243845769747,0.000869121487596658,-0.0006454411628737944,79.79236268624663,29699007.138968416,-34.14579839407585,False
122100.0,0.0009682461141044561,0.0008486829408127505,-0.000662423534343759,82.51510839164257,29655914.50116461,-33.68524051248588,False
122400.0,0.0009703259806778935,0.0008276715379338384,-0.0006794325779821975,85.29734397679567,29607341.14657128,-33.176271422251936,False
122700.0,0.0009726755634075238,0.0008061785256074927,-0.0006964334965005037,88.13577796146274,29553131.212442335,-32.6180734500771,False
123000.0,0.0009753078329863705,0.0007843005757877108,-0.0007133966828405391,91.02542693912983,29493146.072870646,-32.01002691131477,False
123300.0,0.000978232155912677,0.0007621339237857683,-0.0007302943642599757,93.95960348471999,29427264.794042915,-31.351703037508415,False
123600.0,0.0009814601464916228,0.000739776979060025,-0.0007471053126479887,96.93535548076034,29355384.543416534,-30.642854870272814,False
123900.0,0.0009850036018411524,0.0007173218644425106,-0.0007638169516184234,99.94709952175617,29277420.972136978,-29.883406440596552,False
124200.0,0.0009888733958873708,0.0006948593822357907,-0.0007804188129725276,102.9887529052794,29193308.552346226,-29.073440582566285,False
124500.0,0.000993080387309796,0.0006724738249488382,-0.0007969063919830432,106.05595957115293,29103000.879609138,-28.213185723949042,False
124800.0,0.0009976371557800323,0.0006502454578196648,-0.000813280538302763,109.14113023877144,29006470.94939975,-27.303002033033337,False
125100.0,0.0010025534143269829,0.0006282420025911506,-0.0008295463175116424,112.24195085465908,28903711.388473187,-26.343367271443356,False
125400.0,0.0010078413087279746,0.0006065229301270847,-0.0008457157009331695,115.34915601462126,28794734.676598724,-25.334862679668923,False
125700.0,0.0010135111448954176,0.0005851449036242684,-0.0008617986014307633,118.45871827378869,28679573.314546015,-24.27815921043011,False
126000.0,0.0010195753670805023,0.0005641472448871809,-0.0008778155985496028,121.56414243206382,28558279.98342501,-23.174004338718188,False
126300.0,0.001026041100050582,0.000543563062535668,-0.0008937820532430862,124.6585382707417,28430927.66622045,-22.023209720390952,False
126600.0,0.0010329240986273554,0.00052341631425179,-0.0009097256833925371,127.73458989709616,28297609.74361661,-20.826639817636703,False
126900.0,0.0010402317939384182,0.0005037239297962515,-0.0009256656092766491,130.78644498437643,28158440.059978724,-19.585201704066492,False
127200.0,0.0010479773132619852,0.00048448897939579183,-0.0009416315162127376,133.80698948726058,28013552.965564754,-18.299836075194587,False
127500.0,0.0010561718718466251,0.000465711429512794,-0.000957649420168849,136.78890630602837,27863103.32573068,-16.97150961031784,False
127800.0,0.0010648258553078336,0.0004473761981955704,-0.0009737483254532719,139.72295071184635,27707266.502452947,-15.60120867728394,False
128100.0,0.0010739482349414696,0.0004294684532908377,-0.000989952528289706,142.6038201712072,27546238.29611194,-14.189934439985572,False
128400.0,0.0010835523818925404,0.00041195688768880245,-0.0010062949743350202,145.42177848517895,27380234.867233608,-12.738699342121983,False
128700.0,0.0010936467077985602,0.00039481372201066733,-0.0010227986075523887,148.16918798536062,27209492.606397994,-11.248525018930154,False
129000.0,0.0011042429969743378,0.0003779926536253697,-0.0010394939441358275,150.83722683042288,27034267.973875664,-9.720441561921543,False
129300.0,0.0011153488195995876,0.0003614450708653294,-0.0010564042176710586,153.41598107665777,26854837.292088497,-8.155488197647587,False
129600.0,0.00112697380919376,0.0003451180363356343,-0.0010735528856793408,155.89910881966352,26671496.485405352,-6.554715321126854,False
129900.0,0.0011391272263032927,0.0003289420374983365,-0.001090964611257128,158.27563579007983,26484560.77982285,-4.9191879147571616,False
130200.0,0.001151815465463358,0.0003128477796678908,-0.0011086567601457098,160.53519731014967,26294364.330712166,-3.2499903671270243,False
130500.0,0.0011650451734871732,0.00029675554912955704,-0.0011266457888510217,162.6701238900423,26101259.789111063,-1.548232690944266,False
130800.0,0.0011788238271962256,0.00028057270588988104,-0.0011449477662323626,164.6696694009006,25905617.804524742,0.18494180110128444,False
131100.0,0.0011931520873171139,0.00026419919586828655,-0.0011635683578654632,166.52383567020297,25707826.43945117,1.9483473032233156,False
131400.0,0.0012080341363882835,0.0002475188655637339,-0.0011825149391051504,168.22142301872373,25508290.50311655,3.7407447655892523,False
131700.0,0.0012234706933765425,0.00023040624679993016,-0.00120178695439499,169.75408617779613,25307430.78426449,5.560829447789417,False
132000.0,0.0012394575817254907,0.00021271126269084561,-0.0012213766432234152,171.11121813580394,25105683.189396825,7.407216692284015,False
132300.0,0.0012559953590887897,0.00019427680143735415,-0.0012412743086311906,172.2808025330305,24903497.76226464,9.27842577050568,False
132600.0,0.0012730728110506612,0.00017491441883521475,-0.0012614546933775728,173.2561268955469,24701337.575533014,11.17286160930603,True
132900.0,0.0012906833008727938,0.0001544150181302939,-0.0012818900480127127,174.02307283505797,24499677.51079634,13.088794244440468,True
133200.0,0.0013088124296101434,0.00013253592729256525,-0.001302537723322672,174.574902407825,24299002.871238794,15.02433571726134,True
133500.0,0.00132744297205727,0.0001090024678944701,-0.0013233428354588739,174.9013095535338,24099807.871999383,16.977414188060383,True
133800.0,0.0013465530955468028,8.34995077241274e-05,-0.001344235088684087,174.99178618565202,23902593.960977495,18.94574494042304,True
134100.0,0.0013661233893514084,5.566668468759417e-05,-0.0013651335590196823,174.83844806998968,23707867.97906664,20.926797947141267,True
134400.0,0.0013861162308710271,2.5083611291165653e-05,-0.0013859236711759593,174.43272668495774,23516140.161327787,22.91776158170208,True
134700.0,0.0014065025454031393,-8.729850264899142e-06,-0.0014064802610995741,173.76682324707508,23327921.966382343,24.915502138189424,True
135000.0,0.0014272414498589694,-4.63266210601887e-05,-0.0014266435400003274,172.83440552651882,23143723.740479898,26.916518638368576,True
135300.0,0.0014482898844430053,-8.834427492843133e-05,-0.0014462239195296434,171.62976947426796,22964052.221227467,28.9168925833416,True
135600.0,0.001469598228979059,-0.00013550936168371663,-0.00146499219621532,170.14632155746222,22789407.888108388,30.912232243571154,True
135900.0,0.0014911083908800504,-0.00018865944332446816,-0.001482670293000865,168.38124050199986,22620282.165160008,32.89761127257679,True
136200.0,0.0015127639813451747,-0.0002487369307004883,-0.001498934400132157,166.3304909169674,22457154.50851227,34.86750168148324,True
136500.0,0.0015345011367489919,-0.00031680471789741205,-0.001513396051073812,163.9945010356605,22300489.38030087,36.81570160864323,True
136800.0,0.0015562468749427045,-0.0003940341007364623,-0.0015255914810623494,161.3717204965651,22150733.15868654,38.73525910625675,True
137100.0,0.0015779296128027324,-0.0004817013193587627,-0.001534980523402396,158.46396201103926,22008310.992146432,40.61839426040488,True
137400.0,0.0015994726808607669,-0.0005811525855108357,-0.0015409300370592405,155.2744690515101,21873623.654086404,42.4564236086087,True
137700.0,0.0016207988838333111,-0.0006937464927148085,-0.001542710155696625,151.80852960050106,21747044.429436356,44.23969326091591,True
138000.0,0.0016418235878247155,-0.0008207662770587376,-0.0015394814420162106,148.0727572850883,21628916.082405653,45.95753032391482,True
138300.0,0.001662465417678582,-0.0009632903975216323,-0.0015303059809710362,144.07428504899144,21519547.95234298,47.59822641609691,True
138600.0,0.001682642526617419,-0.0011219866437386372,-0.0015141611246320963,139.82443394511938,21419213.223056503,49.14907182058903,True
138900.0,0.0017022730909751695,-0.0012968962509773974,-0.0014899616427257456,135.33539733290672,21328146.427329104,50.59646366181646,True
139200.0,0.0017212807480821238,-0.001487126951957407,-0.0014566226542811478,130.61938046664,21246541.226286963,51.92611493467745,True
139500.0,0.0017395880849301788,-0.0016905532414739355,-0.0014131320455490481,125.69242641702294,21174548.507680774,53.12339085456008,True
139800.0,0.0017571236294067038,-0.001903582769671175,-0.0013586586118279342,120.57137844711542,21112274.856459953,54.1737919412862,True
140100.0,0.0017738240665593717,-0.0021210361402665967,-0.0012926855244117519,115.27363848313689,21059781.423768334,55.06358618975949,True
140400.0,0.0017896303371128974,-0.0023362812195273364,-0.0012151324091718152,109.81980412080884,21017083.22259964,55.780564389457304,True
140700.0,0.0018044906096654405,-0.0025416486620031264,-0.0011264788672846748,104.22964705526829,20984148.87932395,56.314856088530185,True
141000.0,0.0018183616486395207,-0.0027291854429449813,-0.0010278186645820142,98.52356216683984,20960900.839124158,56.659707605849974,True
141300.0,0.001831208588021141,-0.0028915954888759643,-0.0009208384368264433,92.72480300068855,20947216.030208815,56.81210221757454,True
141600.0,0.0018430102671422237,-0.003023184654182387,-0.0008077113791813417,86.85456551238894,20942926.984863892,56.773109754279126,True
141900.0,0.0018537492516664464,-0.0031205386305543925,-0.0006909160054533459,80.93522012978792,20947823.38245997,56.54789366377586,True
142200.0,0.0018634177222784576,-0.0031828389641930244,-0.0005729944597305803,74.98907538503408,20961653.998483628,56.14536890385247,True
142500.0,0.0018720177082663806,-0.00321168011186046,-0.00045635641989605347,69.03802006319165,20984129.01782951,55.577572523195336,True
142800.0,0.0018795629060973564,-0.0032105616828630446,-0.0003430947614759816,63.10377438366413,21014922.66971497,54.85885691584921,True
143100.0,0.001886072484370512,-0.003184174216471547,-0.0002348826821929606,57.20618261024356,21053676.13896133,54.00503069476728,True
143400.0,0.0018915710330723002,-0.0031377014530846736,-0.00013292692149491359,51.36534142494202,21100000.69679181,53.0325551986837,True
143700.0,0.0018960958698994068,-0.0030762554855243707,-3.801227006050567e-05,45.60025621205568,21153481.00586353,51.95786890067269,True
144000.0,0.0018996834898175636,-0.00300447062389253,4.9458080205511123e-05,39.9278165884316,21213678.543244265,50.796872341648516,True
144300.0,0.0019023800670598394,-0.0029263105216728036,0.00012938508906756852,34.36509069800377,21280135.08741146,49.564574136055434,True
144600.0,0.001904233138240774,-0.002844989126941755,0.00020188967773293598,28.925511099398136,21352376.230634447,48.27487812701423,True
144900.0,0.001905297863583674,-0.0027630077064202396,0.00026726069616955783,23.6233673915267,21429914.858155437,46.94048256393525,True
145200.0,0.001905624036718537,-0.002682218495777988,0.00032588560625868013,18.47004896402359,21512254.571235713,45.57286115604044,True
145500.0,0.0019052711159620673,-0.002603952734489212,0.00037820528182663793,13.475601453334093,21598893.00620923,44.18229926519437,True
145800.0,0.0019042965487150862,-0.0025291056711580495,0.0004246959376601467,8.648618418723345,21689325.02769362,42.777963912671844,True
146100.0,0.0019027517914271934,-0.0024582346946431244,0.00046582359510694005,3.996612347662449,21783045.77049318,41.36799185598195,True
146400.0,0.0019007002169534291,-0.002391658638629224,0.0005020567470452875,-0.4741479605436325,21879553.513243165,39.95958466061657,True
146700.0,0.0018981927448772713,-0.002329498760673232,0.0005338333258251282,-4.760698162019253,21978352.37224676,38.559103678098126,True
147000.0,0.0018952813993540131,-0.0022717480521805555,0.0005615651742374439,-8.85885250940919,22078954.7987336,37.17216045601613,True
147300.0,0.0018920212320630099,-0.002218311714528909,0.0005856420184713329,-12.7675351947546,22180883.890819218,35.8037001871297,True
147600.0,0.0018884619424004885,-0.0021690325640406627,0.0006064161151257963,-16.487453535199165,22283675.505057488,34.458077094603325,True
147900.0,0.001884647718404116,-0.002123709590193812,0.0006242142275993956,-20.017138194292784,22386880.173022375,33.13912141945902,True
148200.0,0.0018806225948403196,-0.0020821224623830403,0.0006393362721652807,-23.36111903935671,22490064.84254353,31.850198267372722,True
148500.0,0.00187643160233047,-0.0020440439561468793,0.0006520585828937442,-26.51931992918253,22592814.419445977,30.594258795204485,True
148800.0,0.0018721096765260028,-0.002009235297578016,0.0006626337351534062,-29.498417999595404,22694733.158724464,29.373884382020165,True
149100.0,0.0018676923285956082,-0.0019774679525994543,0.0006712863422180249,-32.301072742789984,22795445.870217618,28.19132447096696,True
149400.0,0.0018632145253369415,-0.0019485160241288213,0.0006782374046316875,-34.93371092900634,22894598.989211887,27.04852873137216,True
149700.0,0.0018587089243933665,-0.0019221681187389095,0.0006836791060784719,-37.402976565063,22991861.49207887,25.947174268070533,True
150000.0,0.001854197888143182,-0.0018982139934848874,0.0006877885145257778,-39.71416376903653,23086925.680228755,24.88868839108738,True
150300.0,0.0018497087342107313,-0.0018764592804529912,0.0006907386521355363,-41.87549389153719,23179507.845948156,23.874267536327764,True
150600.0,0.0018452645942418377,-0.001856721515451909,0.0006926842023062818,-43.89458246156573,23269348.815735944,22.90489285676202,True
150900.0,0.001840882324768231,-0.0018388245291873773,0.0006937697438083035,-45.77884451672435,23356214.39157591,21.981342883563546,True
151200.0,0.0018365814147337793,-0.0018226069299771552,0.0006941344298638796,-47.53888386487961,23439895.697202373,21.10420368545425,True
151500.0,0.0018323778332662646,-0.001807917616645227,0.0006939054723176241,-49.18098235502839,23520209.42273548,20.273876895527316,True
151800.0,0.0018282853689145237,-0.0017946121373881851,0.0006932095468101807,-50.71547041833401,23596998.00093438,19.49058590201015,True
152100.0,0.0018243118872702838,-0.001782553812944343,0.0006921596928712859,-52.151222847402096,23670129.690963417,18.754380539021465,True
152400.0,0.0018204680969648814,-0.0017716170004291598,0.0006908699947807406,-53.49786880239844,23739498.59609157,18.06514049030746,True
152700.0,0.0018167649703863331,-0.0017616870847234622,0.0006894476172121244,-54.7639334499836,23805024.60756399,17.422577696382433,True
153000.0,0.0018132038436291726,-0.0017526481820482331,0.0006879941603976647,-55.96062774211168,23866653.287594292,16.826237950467366,True
153300.0,0.0018097916958461813,-0.001744399327407109,0.0006866071318860634,-57.09478514268994,23924355.677449938,16.275501889397606,True
153600.0,0.0018065314851992964,-0.0017368401726116645,0.0006853864634219775,-58.1768881380558,23978128.05832406,15.769585553128728,True
153900.0,0.0018034216710803885,-0.0017298760781159217,0.0006844200797289091,-59.21690445765853,24027991.638784762,15.307540700775522,True
154200.0,0.001800464638703449,-0.0017234204323699487,0.0006837991838146706,-60.22238190844655,24073992.183688067,14.888254979562161,True
154500.0,0.0017976600144306144,-0.0017173909542975707,0.0006836077930465478,-61.20225351303816,24116199.58786205,14.510452135995452,True
154800.0,0.0017950027538609613,-0.0017117043002485843,0.0006839288797575449,-62.165259413421154,24154707.382797267,14.17269234931133,True
155100.0,0.0017924901483337258,-0.0017062844479198702,0.0006848414385594026,-63.11931195482612,24189632.181531537,13.87337282567715,True
155400.0,0.0017901148661860534,-0.0017010543384117227,0.0006864201843885809,-64.07245606929064,24221113.060839087,13.610728746580984,True
155700.0,0.0017878748928223931,-0.0016959448426234758,0.0006887387804166423,-65.03255822509527,24249310.87598178,13.382834669977033,True
156000.0,0.0017857631869975111,-0.0016908849558774364,0.0006918640514363972,-66.00618590041995,24274407.50634915,13.18760649255533,True
156300.0,0.0017837663428584998,-0.0016857996549219934,0.0006958558397531789,-66.99994621053338,24296605.03294326,13.022804052615545,True
156600.0,0.0017818793624353813,-0.001680620859190185,0.0007007779647452139,-68.0204840451479,24316124.841507398,12.886034462318094,True
156900.0,0.0017800923244971597,-0.0016752800157746606,0.0007066794374388508,-69.07261785119772,24333206.648382537,12.774756305976629,True
157200.0,0.0017783929498520297,-0.0016697050156153637,0.0007136066563102617,-70.1615024805069,24348107.45269877,12.686284742084693,True
157500.0,0.0017767695952089961,-0.0016638219591413872,0.0007216053573237957,-71.29185180366039,24361100.40587653,12.617797651723848,True
157800.0,0.0017752112500545477,-0.0016575609254516621,0.0007307065740906893,-72.4688011482358,24372473.601304665,12.566342943131213,True
158100.0,0.0017737055058749205,-0.001650847147601553,0.0007409402210516447,-73.69410751014948,24382528.77665226,12.528847074118412,True
158400.0,0.0017722353793639687,-0.001643603559159601,0.0007523210911060119,-74.97192395851016,24391579.94241575,12.502124951687284,True
158700.0,0.0017707900475573816,-0.001635755497716218,0.0007648642885147439,-76.30300455540419,24399951.91566538,12.482891251169756,True
159000.0,0.001769352328539117,-0.001627223426510227,0.0007785706529688241,-77.68929443880916,24407978.781935845,12.46777330402475,True
159300.0,0.0017679097250273283,-0.0016179333783270522,0.0007934316762607807,-79.13250812143087,24416002.270873614,12.453325578739259,True
159600.0,0.0017664484799373391,-0.0016078083619390782,0.0008094338005726343,-80.63070076704025,24424370.05280643,12.4360458259909,True
159900.0,0.0017649500508123154,-0.0015967717060902942,0.0008265451634201781,-82.18532656133175,24433433.973162875,12.412392925131225,True
160200.0,0.0017634025261679801,-0.001584752243843468,0.0008447324120144373,-83.79396015778184,24443548.20573153,12.378806365059857,True
160500.0,0.0017617914554614862,-0.001571683029567339,0.0008639452396064229,-85.45529037341475,24455067.358648203,12.331727354605736,True
160800.0,0.0017601016018305693,-0.0015574980305075314,0.0008841283161533653,-87.16583109274507,24468344.521360572,12.267621379714715,True
161100.0,0.001758318329179203,-0.0015421430398987468,0.0009052076885662785,-88.9228072911501,24483729.277385537,12.183002075020271,True
161400.0,0.001756432482305492,-0.0015255711425936624,0.000927111065692543,-90.72227349504828,24501565.68381616,12.074456098340557,True
161700.0,0.0017544290063159329,-0.0015077433532724172,0.00094974706957629,-92.56009876728058,24522190.238601465,11.93866876281918,True
162000.0,0.001752297968368109,-0.0014886326624719004,0.0009730229150459735,-94.43005608767271,24545929.84461593,11.772449961072509,True
162300.0,0.001750030789305302,-0.0014682296418300211,0.0009968317129658288,-96.32721722126007,24573099.79474164,11.572760004342541,True
162600.0,0.0017476177389648116,-0.001446532034435677,0.0010210660864355958,-98.24597631022334,24604001.784351945,11.336734825352611,True
162900.0,0.0017450526801636378,-0.0014235555771620056,0.0010456129737157482,-100.17748769372702,24638921.97384611,11.06171006177415,True
163200.0,0.0017423325000083954,-0.0013993328529977589,0.0010703565063892029,-102.11552103236318,24678129.128609892,10.745243450737151,True
163500.0,0.001739451710501509,-0.001373909405572249,0.001095175883660815,-104.05293885618448,24721872.83715617,10.385135012521399,True
163800.0,0.001736410929187858,-0.0013473477478100904,0.001119955296683628,-105.98119376599789,24770381.838208634,9.979444503139417,False
164100.0,0.0017332078124544905,-0.0013197210226394418,0.001144577758942944,-107.89302432537079,24823862.47470965,9.526505716595219,False
164400.0,0.0017298485919704895,-0.0012911224495155693,0.0011689324485697483,-109.77786022052169,24882497.281109985,9.024937238365478,False
164700.0,0.0017263353102125562,-0.0012616481015470526,0.0011929144449585039,-111.62963097915053,24946443.739143852,8.473649400230489,False
165000.0,0.0017226756617898058,-0.001231411700530316,0.0012164227674498207,-113.43689442798495,25015833.185809523,7.871847271934483,False
165300.0,0.001718879151140886,-0.0012005286000658089,0.001239370710942822,-115.19347944110632,25090769.92351683,7.219029637964919,False
165600.0,0.0017149525810904068,-0.0011691198160406202,0.0012616739400694854,-116.88821290060878,25171330.500413414,6.514984078999982,False
165900.0,0.0017109124589196616,-0.0011373144225217402,0.0012832645185438807,-118.5135650485754,25257563.207612734,5.759778312634425,False
166200.0,0.0017067701375809042,-0.0011052335801196023,0.0013040835702895492,-120.06137866899371,25349487.765661303,4.953748150011473,False
166500.0,0.0017025414483874055,-0.0010730025131238108,0.0013240820072528692,-121.52261739969254,25447095.218547937,4.097482438253164,False
166800.0,0.0016982441689659276,-0.0010407386744475389,0.0013432257939478554,-122.88816772028804,25550348.030840095,3.191805461115239,False
167100.0,0.001693893876018734,-0.0010085521675478049,0.0013614884262280746,-124.15170888975263,25659180.384759456,2.2377573309501497,False
167400.0,0.0016895101410976691,-0.0009765496409386287,0.0013788545776738381,-125.30435089766979,25773498.66008021,1.2365728873273234,False
167700.0,0.0016851156503840177,-0.0009448229374413586,0.0013953258492568066,-126.34038497135043,25893182.106968604,0.18965965183547012,False
168000.0,0.0016807266570649333,-0.0009134570316291502,0.0014109020306926068,-127.25132632255554,26018083.677569546,-0.901424612857472,False
168300.0,0.001676367452519281,-0.000882523358114895,0.001425602244633506,-128.03302777931094,26148031.027905658,-2.0349943184822537,False
168600.0,0.0016720542704077809,-0.0008520814943722144,0.0014394433179045762,-128.67661018297076,26282827.646124776,-3.209257921987722,False
168900.0,0.0016678129802477064,-0.000822180901622005,0.001452458778994803,-129.17942710593343,26422254.127467442,-4.422338956679415,False
169200.0,0.001663663061480079,-0.0007928541422188573,0.0014646830784883491,-129.53485080227256,26566069.53812877,-5.672295833116477,False
169500.0,0.0016596218861605182,-0.0007641262884590105,0.0014761506232288113,-129.73833799362183,26714012.888456643,-6.957140209004381,False
169800.0,0.0016557110612798055,-0.0007360066993555847,0.0014869068183003264,-129.78679021447897,26865804.67542498,-8.274853738177017,False
170100.0,0.0016519505997557142,-0.0007084934568695189,0.0014969982139962923,-129.67619862034917,27021148.482555762,-9.623403037904366,False
170400.0,0.0016483571829744212,-0.0006815776985718003,0.0015064682357799342,-129.40343090891838,27179732.626873743,-11.000752826534944,False
170700.0,0.001644948380190759,-0.0006552338454923756,0.0015153658775641787,-128.96588107571006,27341231.831127837,-12.404877210728552,False
171000.0,0.0016417420517640788,-0.0006294258552941301,0.0015237413394579846,-128.36193898692727,27505308.909736108,-13.8337691067668,False
171300.0,0.0016387525009398823,-0.0006041105741303454,0.0015316401663607593,-127.59031317383051,27671616.453129705,-15.285447848734954,False
171600.0,0.001635994679160848,-0.000579231733411234,0.0015391097698795875,-126.6485037356615,27839798.49868874,-16.757965061692317,False
171900.0,0.0016334806564940556,-0.0005547228235229795,0.0015461939126986124,-125.5369465611875,28009492.184010196,-18.249408855335492,False
172200.0,0.0016312223968542512,-0.0005305029913245107,0.0015529364449555771,-124.25513176247478,28180329.35938346,-19.75790644835608,False
172500.0,0.0016292344009143245,-0.0005064873240314682,0.0015593802376088206,-122.80137791484594,28351938.16307812,-21.281625301320283,False
172800.0,0.0016275225792248885,-0.00048257205673962744,0.0015655595748675921,-121.17970795556903,28523944.55612969,-22.818772845872697,False
173100.0,0.0016260377746135993,-0.000458562713788524,0.0015714683656682382,-119.39518693089485,28695973.7924822,-24.367594875191386,False
173400.0,0.001624910046458098,-0.0004344899985539996,0.0015772241748059912,-117.43297852575779,28867651.815425597,-25.926372887265394,False
173700.0,0.001624082900536647,-0.0004101311791941953,0.0015828088313121214,-115.30403447896242,29038606.660013232,-27.493419818809592,False
174000.0,0.00162356307413689,-0.0003853207628026212,0.0015882467259089594,-113.01044817641377,29208469.712250907,-29.067075070359593,False
174300.0,0.0016233563916554508,-0.00035987771735790375,0.0015935565676024055,-110.55404087528586,29376876.94726807,-30.645698177289706,False
174600.0,0.001623466060406103,-0.0003335891610447561,0.0015987515822928344,-107.93887136131525,29543470.096576583,-32.22766139757866,False
174900.0,0.0016238923910958977,-0.00030622253160572654,0.001603835844406376,-105.16593052446842,29707897.74275726,-33.811341134116354,False
175200.0,0.001624642379785024,-0.0002775087046700264,0.001608815372691197,-102.23991715162992,29869816.36210859,-35.39510815190701,False
175500.0,0.0016257153778490372,-0.00024715034226119315,0.0016136809954900855,-99.16323500871658,30028891.29149473,-36.97731645780185,False
175800.0,0.0016271116090804153,-0.00021479164647075777,0.001618418639537822,-95.9402856938541,30184797.643930353,-38.55629077515463,False
176100.0,0.0016288323959478613,-0.00018004304152441364,0.0016230049171852556,-92.57490612193942,30337221.157494593,-40.13031241134636,False
176400.0,0.0016308771389773285,-0.00014244044260181,0.0016274054434290974,-89.07030113041401,30485858.988870494,-41.6976033364573,False
176700.0,0.0016332440274626802,-0.00010146818539169544,0.001631571288818634,-85.43260456249118,30630420.45472235,-43.25630822820767,False
177000.0,0.0016359366208551938,-5.651855070709644e-05,0.0016354450488265115,-81.66568572446704,30770627.710679054,-44.80447421268484,False
177300.0,0.0016389465811771015,-6.896931353139735e-06,0.001638939664402983,-77.77542098611593,30906216.3883135,-46.34002794234383,False
177600.0,0.0016422773040264992,4.819679728029769e-05,0.001641958901650753,-73.76565212011337,31036936.174483333,-47.8607497252457,False
177900.0,0.0016459223777480739,0.00010967937095074376,0.0016443716969689604,-69.64277068898082,31162551.35205079,-49.36424424314084,False
178200.0,0.0016498827647526012,0.0001786128574963186,0.001646023993629342,-65.41393870860338,31282841.28897382,-50.847907572927284,False
178500.0,0.001654152892948842,0.0002562032314017415,0.0016467190460502934,-61.08308369666338,31397600.881764896,-52.308890121811345,False
178800.0,0.0016587295494909535,0.0003438195904834629,0.0016462192894906025,-56.658532824367285,31506640.9688965,-53.7440553266865,False
179100.0,0.0016636113468487972,0.00044300803511987397,0.0016442371858289562,-52.144933465868235,31609788.68835447,-55.14993410913138,False
179400.0,0.0016687920911443784,0.0005554825208378134,0.001640419798206949,-47.55125069618225,31706887.81251042,-56.52267550462031,False
179700.0,0.0016742701224316439,0.0006831106938989251,0.0016343483067515763,-42.88347281888127,31797799.030143272,-57.857994528019795,False
180000.0,0.0016800389843351024,0.0008278823298724092,0.0016255174864525657,-38.15015624463558,31882400.204751905,-59.15111923916267,False
180300.0,0.0016860941657525002,0.0009918213589799052,0.0016133349019398224,-33.35729622095823,31960586.586464852,-60.396740443594865,False
180600.0,0.0016924340305891233,0.0011768771741458295,0.0015971136934851415,-28.514821395277977,32032271.000470787,-61.588969335501474,False
180900.0,0.0016990497974231566,0.001384719907548515,0.001576063583826226,-23.6292306445539,32097383.986921713,-62.72131095346451,False
181200.0,0.001705939467329343,0.0016164929234037118,0.0015493109923525594,-18.710111286491156,32155873.92028967,-63.786664398136786,False
181500.0,0.001713094336766528,0.0018724479228922064,0.0015159096191155186,-13.765789370983839,32207707.083481435,-64.77736392893016,False
181800.0,0.0017205117716202725,0.0021515332482522354,0.0014748945026639149,-8.805253874510527,32252867.713722266,-65.68527781216655,False
182100.0,0.0017281853479143333,0.002450933026096891,0.001425339424471872,-3.8377452418208122,32291358.011289403,-66.5019824554318,False
182400.0,0.0017361095827631964,0.002765683295621102,0.001366450650294837,1.1278460696339607,32323198.11275764,-67.21902637756922,False
182700.0,0.0017442758126391656,0.0030884277500149437,0.001297682992245086,6.081502851098776,32348426.030375365,-67.82828955085617,False
183000.0,0.0017526775746621174,0.0034095507596134667,0.0012188639550316793,11.014182552695274,32367097.551106554,-68.32242747849781,False
183300.0,0.0017613103766584675,0.0037177431501049796,0.0011303022912869665,15.916361544281244,32379286.101515386,-68.69536700958938,False
183600.0,0.0017701643458447166,0.0040010203781548626,0.0010328548453628628,20.776986204087734,32385082.57343172,-68.94279713798414,False
183900.0,0.0017792340775481968,0.004248144658021147,0.0009279286437475776,25.587061502039433,32384595.104940113,-69.06258134346736,False
184200.0,0.0017885110772029342,0.004450059556006636,0.0008173937726638769,30.33560039103031,32377948.82762683,-69.05501773782889,False
184500.0,0.0017979850952515636,0.004601052114821869,0.0007034208265395137,35.014628238976,32365285.561947618,-68.92289445416198,False
184800.0,0.0018076486721127162,0.004699303966560819,0.0005882923309883381,39.61213073506951,32346763.48030059,-68.671326554447,False
185100.0,0.0018174929758589479,0.004746756315711309,0.000474182462582462,44.11917878687382,32322556.70997791,-68.3074046881236,False
185400.0,0.0018275099424848336,0.004748372550807289,0.00036300527413857253,48.5259824693203,32292854.899608184,-67.83971978091459,False
185700.0,0.001837684742055296,0.004711080764167264,0.0002562935191150473,52.82295237109065,32257862.731355306,-67.2778415583948,False
186000.0,0.001848011255101019,0.004642718137517932,0.00015517568310485785,57.00040178373456,32217799.383593444,-66.63182147422123,False
186300.0,0.0018584759073773235,0.004551083646759935,6.0378199506772035e-05,61.04938297346234,32172897.93995664,-65.91176931464628,False
186600.0,0.0018690668165417495,0.004443324689475503,-2.7717735477494898e-05,64.96011580899358,32123404.746771015,-65.1275277276245,False
186900.0,0.0018797732138883892,0.004325581182968108,-0.00010901054005785227,68.72477500513196,32069578.710681785,-64.2884474608657,False
187200.0,0.0018905785199531669,0.004202843442840276,-0.00018360404344264225,72.33468728139997,32011690.54515702,-63.40325206179909,False
187500.0,0.0019014723649886324,0.004079008883536517,-0.00025174944547501354,75.78347509354353,31950021.95326612,-62.47997403511972,False
187800.0,0.0019124379705130281,0.00395697366414538,-0.00031378327795295036,79.06167202442884,31884864.76039365,-61.525943257927516,False
188100.0,0.001923460200221305,0.003838806230476166,-0.0003700952533023383,82.16413487121463,31816519.975054268,-60.54781039065703,False
188400.0,0.001934524085708968,0.0037259074470057385,-0.000421093333642375,85.0854040235281,31745296.80250973,-59.551591466689956,False
188700.0,0.001945612274915092,0.0036191556268647673,-0.00046718203186202345,87.81832382455468,31671511.59615004,-58.54272336609171,False
189000.0,0.0019567062058818466,0.0035190349126708043,-0.0005087541750299351,90.35934939235449,31595486.74396834,-57.52612304172525,False
189300.0,0.0019677866411833577,0.003425742251238262,-0.0005461793976380136,92.70444523915648,31517549.50752429,-56.50624588101574,False
189600.0,0.001978836912855721,0.0033392760164758784,-0.0005797996624608004,94.85080453380942,31438030.80007253,-55.48714040486134,False
189900.0,0.0019898345460051072,0.0032594823899216863,-0.000609929823873756,96.79546850547194,31357263.91534627,-54.47249780584671,False
190200.0,0.002000761744445384,0.0031861227525382674,-0.0006368570902495208,98.53812950477004,31275583.203001734,-53.46569568782359,False
190500.0,0.0020115948258055565,0.0031188879060835006,-0.0006608448364389119,100.07779249548912,31193322.70510658,-52.46983589755181,False
190800.0,0.0020223126847501607,0.003057442365161478,-0.0006821280645183947,101.41613713279366,31110814.745697968,-51.48777667820924,False
191100.0,0.0020328914993358103,0.00300142880738008,-0.0007009228945662471,102.55454051494598,31028388.49215932,-50.52215951430837,False
191400.0,0.002043312026689141,0.002950493300573953,-0.0007174280548909451,103.49563645198941,30946368.484108105,-49.575431163273336,False
191700.0,0.002053548725669852,0.0029042794190559107,-0.0007318202236987759,104.2425745986402,30865073.14406215,-48.64986136925515,False
192000.0,0.0020635806261678964,0.002862443851000762,-0.0007442700654678447,104.80166898295283,30784813.272474434,-47.747556721212526,False
192300.0,0.002073382008447317,0.0028246538764165052,-0.0007549280165122241,105.178103081882,30705890.546563778,-46.87047116948036,False
192600.0,0.0020829338077990958,0.0027905990461363217,-0.0007639406725346021,105.37906017526984,30628596.0184285,-46.02041357042374,False
192900.0,0.002092210832224075,0.002759978182780287,-0.00077144120162842,105.41302283853292,30553208.63423966,-45.199052711950564,False
193200.0,0.0021011932271767617,0.0027325106516684627,-0.0007775627428330267,105.2888892441988,30479993.781992137,-44.40792013461815,False
193500.0,0.0021098587951273308,0.0027079316320737234,-0.0007824262688487238,105.01775430515409,30409201.876555756,-43.648411131289606,False
193800.0,0.0021181874021353143,0.002685989955836021,-0.0007861564146836031,104.60979121178389,30341067.001501124,-42.92178418068356,False
194100.0,0.002126161848483604,0.0026664557549622714,-0.0007888691813064952,104.07736603915691,30275805.608635396,-42.22915915762317,False
194400.0,0.0021337620909991245,0.0026491067443714655,-0.0007906804178290372,103.43362485617399,30213615.29805311,-41.571514538558134,False
194700.0,0.002140973712757337,0.002633739456399553,-0.0007917067967397884,102.69237254559994,30154673.684709754,-40.9496838810344,False
195000.0,0.002147783652432781,0.0026201629365800727,-0.0007920644149663758,101.86864731833339,30099137.363520663,-40.36435180663687,False
195300.0,0.0021541772294689466,0.0026081952229901617,-0.0007918660098198416,100.9754578396678,30047140.988296475,-39.81604970594617,False
195600.0,0.0021601448973117853,0.002597667788847957,-0.0007912291763645385,100.03005135431886,29998796.46109139,-39.305151357469185,False
195900.0,0.002165680279814516,0.002588425839149977,-0.0007902685398946119,99.04734077304602,29954192.263248835,-38.83186867616715,False
196200.0,0.0021707748693180007,0.0025803176046395038,-0.0007891005655977779,98.04507537558675,29913392.911256395,-38.396247734763946,False
196500.0,0.002175427228173336,0.0025732075024791357,-0.0007878408447226093,97.03880404308438,29876438.565677654,-37.9981652320164,False
196800.0,0.002179637357658397,0.0025669648867392425,-0.0007866090751988963,96.04489624500275,29843344.779692307,-37.63732552775766,False
197100.0,0.00218340324165772,0.0025614644062841307,-0.0007855169364816561,95.08127073198557,29814102.400764257,-37.313258384585374,False
197400.0,0.002186732910169699,0.002556593119891204,-0.0007846847816423974,94.16262066364288,29788677.63011582,-37.02531746472666,False
197700.0,0.0021896302816503373,0.0025522382753138118,-0.0007842252997960486,93.30602264404297,29767012.223848537,-36.77267971756375,False
198000.0,0.00219210755196383,0.0025482983843403417,-0.0007842527986099412,92.52786356955767,29749023.852765583,-36.55434565234525,False
198300.0,0.00219417324975714,0.002544668484773638,-0.0007848782921371367,91.84428686648607,29734606.60498588,-36.36914056956651,False
198600.0,0.0021958449864595904,0.0025412551106001047,-0.0007862114237369155,91.26823427528143,29723631.632942565,-36.215716745723675,False
198900.0,0.0021971354214300512,0.0025379579858508805,-0.0007883572668916372,90.81594735756516,29715947.925061572,-36.09255658337828,False
199200.0,0.002198068270885017,0.0025346889166257824,-0.0007914189217288481,90.5002698302269,29711383.216572165,-35.997976702515466,False
199500.0,0.0021986575215000924,0.002531347226067737,-0.0007954888583014963,90.33493189141154,29709745.005862094,-35.930132967140295,False
199800.0,0.0021989309304117624,0.002527843464065427,-0.0008006622488139215,90.33151768147945,29710821.684261266,-35.8870263840961,False
200100.0,0.00219891246503222,0.0025240806316162434,-0.0008070253687932905,90.50104219838977,29714383.756107185,-35.86650988797114,False
200400.0,0.0021986252601639243,0.0025199569340941252,-0.0008146561136754826,90.85403264686465,29720185.14338213,-35.86629594197102,False
200700.0,0.002198096667003933,0.002515370906053249,-0.0008236255648554902,91.4009205698967,29727964.560920615,-35.8839649356712,False
201000.0,0.0021973576267374823,0.0025102194793475974,-0.0008339988500907225,92.14794790372252,29737446.954618745,-35.91697435656567,False
201300.0,0.0021964339258296476,0.002504388532656776,-0.0008458297355673494,93.10376738384366,29748344.975127842,-35.962668723102674,False
201600.0,0.0021953578990105767,0.00249776435015292,-0.0008591681983389776,94.27477540075779,29760360.49687388,-36.018290249826116,False
201900.0,0.0021941590633119865,0.0024902275881686364,-0.0008740478068105517,95.66562750563025,29773186.154215995,-36.080990275104476,False
202200.0,0.002192869851540634,0.0024816561375189394,-0.0008904956669653075,97.2806703671813,29786506.88780415,-36.14784141199203,False
202500.0,0.002191521061604027,0.002471920132933292,-0.0009085310888607978,99.12238205969334,29800001.494495604,-36.215850462749714,False
202800.0,0.0021901437789658036,0.0024608927449776274,-0.0009281526875213331,101.19347851723433,29813344.164380305,-36.28197210354995,False
203100.0,0.002188770429694274,0.0024484413215191125,-0.0009493592178131394,103.49576155468822,29826206.00288269,-36.34312329498299,False
203400.0,0.0021874318893034973,0.002434437193244321,-0.000972128525667415,106.02800770103931,29838256.527571023,-36.39619848380798,False
203700.0,0.0021861627681651046,0.0024187549580005907,-0.0009964349519080429,108.79032367840409,29849165.12509923,-36.4380854879854,False
204000.0,0.0021849889957333774,0.0024012683937826296,-0.0010222319801229673,111.78070718422532,29858602.476323675,-36.46568208654062,False
204300.0,0.0021839447086734283,0.002381867125905046,-0.0010494680883965657,114.99579157307744,29866241.932320397,-36.47591316431992,False
204600.0,0.0021830599023864475,0.002360447311104963,-0.0010780792311990695,118.43351205065846,29871760.8391706,-36.465748350480276,False
204900.0,0.002182363071121049,0.0023369196907196965,-0.001107987812247302,122.08985874801874,29874841.8158172,-36.43221996338034,False
205200.0,0.002181886236029986,0.0023112150842621304,-0.0011391104088360748,125.95803951844573,29875173.97395384,-36.372441060510965,False
205500.0,0.002181656018886242,0.002283281288953276,-0.001171349495663776,130.03480999544263,29872454.073233556,-36.28362337823283,False
205800.0,0.002181701918000726,0.0022530883189233464,-0.001204607075003139,134.31250674650073,29866387.632003415,-36.16309484633648,False
206100.0,0.002182051273471867,0.002220633583192466,-0.0012387728123073316,138.78480159118772,29856689.964920353,-36.00831641773028,False
206400.0,0.0021827317532625108,0.002185940674280573,-0.0012737341353386,143.44405426830053,29843087.16950866,-35.81689783898067,False
206700.0,0.0021837669960039223,0.002149057905171503,-0.0013093730613888965,148.28306359797716,29825317.049289778,-35.58661206352369,False
207000.0,0.002185187093179222,0.0021100688929038824,-0.0013455744040200557,153.2936593517661,29803129.981900148,-35.31540795816726,False
207300.0,0.0021870156916772715,0.0020690795235793757,-0.0013822197291659677,158.46461928263307,29776289.730930936,-35.00142102891053,False
207600.0,0.002189276892542682,0.0020262190662947432,-0.0014191976163502318,163.79038203507662,29744574.191534545,-34.64298187740876,False
207900.0,0.0021919964267307713,0.001981646246292712,-0.0014563988174458586,169.25844474509358,29707776.103661958,-34.238622217866514,False
208200.0,0.0021951964290001288,0.0019355382353865025,-0.0014937180977909748,174.8597950451076,29665703.690516703,-33.787078299787225,False
208500.0,0.0021989027332770745,0.0018880894519952562,-0.0015310642736210411,180.58395310118794,29618181.262714595,-33.28729167971257,False
208800.0,0.002203137844330462,0.0018395075111925507,-0.0015683509275561391,186.42050631344318,29565049.76841392,-32.7384073956551,False
209100.0,0.0022079225099128157,0.001790007047219433,-0.0016055015301219555,192.3581814020872,29506167.300557945,-32.13976961747341,False
209400.0,0.0022132838352316555,0.001739812148485953,-0.001642455716215352,198.38566410169005,29441409.559204612,-31.490914968706864,False
209700.0,0.002219238513428057,0.001689137599669266,-0.0016791580617088187,204.4915470033884,29370670.27371062,-30.79156378639887,False
210000.0,0.0022258133501091475,0.0016382044548493013,-0.001715570776514852,210.6627971045673,29293861.587456573,-30.04160957800478,False
210300.0,0.002233027810850919,0.0015872134425194417,-0.0017516672259105803,216.88865707814693,29210914.400176108,-29.24110705650508,False
210600.0,0.00224090701755589,0.001536364666890222,-0.0017874318201442918,223.1553519628942,29121778.68436616,-28.390259087741402,False
210900.0,0.0022494665618000283,0.001485832639872342,-0.00182285568941154,229.44993501901627,29026423.759139214,-27.489402925964676,False
211200.0,0.0022587357788587024,0.0014357852713544617,-0.0018579507146618823,235.75996305048466,28924838.536342766,-26.538996071959392,False
211500.0,0.0022687293793368264,0.0013863606103825532,-0.0018927274642521752,242.0713680833578,28817031.737891704,-25.539602144518373,False
211800.0,0.0022794737537693765,0.0013376829254809763,-0.0019272154748790626,248.37000120058656,28703032.079925742,-24.491876993093587,False
212100.0,0.0022909884227634786,0.0012898554713558497,-0.0019614439667883232,254.6419689692557,28582888.429509968,-23.396555403185236,False
212400.0,0.0023032949818611085,0.001242958566820107,-0.001995452533599007,260.87351574003696,28456669.933692597,-22.254438554307043,False
212700.0,0.002316414808898523,0.001197049953646001,-0.0020292870340767877,267.0474035330117,28324466.12424043,-21.06638246337454,False
213000.0,0.002330371323902806,0.0011521716490960898,-0.002062997816118184,273.14999121800065,28186386.983802035,-19.83328754435875,False
213300.0,0.0023451832851119304,0.0011083395874322832,-0.002096636821285358,279.1654438190162,28042562.996674467,-18.556089398518317,False
213600.0,0.002360874747097047,0.001065553519168816,-0.002130263195081028,285.07719979062676,27893145.163280115,-17.23575090361131,False
213900.0,0.0023774618469039987,0.0010237963470558498,-0.002163928562938011,290.86821400374174,27738304.985669803,-15.873255681202787,False
214200.0,0.0023949690131442763,0.0009830286822705148,-0.002197697016068645,296.5219933092594,27578234.42044016,-14.469602915053855,False
214500.0,0.002413416087657197,0.0009431991520898464,-0.002231625782107116,302.02180261164904,27413145.799633324,-13.02580360597632,False
214800.0,0.002432820571735644,0.0009042380300741115,-0.0022657702506823085,307.35053731128573,27243271.714580093,-11.542878199552135,False
215100.0,0.002453201268001949,0.0008660563248383824,-0.002300187580189572,312.4881197810173,27068864.862766724,-10.021855606302172,False
215400.0,0.002474576806500553,0.0008285552636095872,-0.002334930931015222,317.41716603934765,26890197.843370464,-8.463773614376993,False
215700.0,0.00249696021281445,0.0007916126351972252,-0.0023700481535113838,322.1196494437754,26707562.91455465,-6.869680675413179,False
216000.0,0.002520368635017978,0.000755098054668224,-0.002405585999559534,326.57572723552585,26521271.6965797,-5.240639062864125,False
216300.0,0.002544815690297413,0.0007188500386519081,-0.002441588650972548,330.7658411152661,26331654.814230524,-3.5777294233819905,False
216600.0,0.0025703076891313028,0.0006827045586987879,-0.0024780838339908406,334.6719092056155,26139061.47673508,-1.8820567490235507,False
216900.0,0.002596856148095336,0.0006464713997047511,-0.0025151023203946465,338.27277499064803,25943858.993384436,-0.15475775956752177,False
217200.0,0.0026244646961934115,0.0006099332840676652,-0.0025526627243905864,341.5484180189669,25746432.203128092,1.602990185680206,False
217500.0,0.002653130930220431,0.000572852358544651,-0.0025907702429477375,344.4793298393488,25547182.823955737,3.389958625738849,False
217800.0,0.0026828571696684072,0.0005349604152229404,-0.0026294284399934753,347.0447973534465,25346528.710032534,5.204855894845346,False
218100.0,0.002713633839420267,0.0004959550073238006,-0.0026686208622805907,349.22649137303233,25144903.001478087,7.046313223180673,False
218400.0,0.002745448494623213,0.00045549687345669554,-0.00270831844954067,351.002591971308,24942753.17253815,8.912868960930837,False
218700.0,0.0027782817672635913,0.00041319822972241127,-0.002748474714916682,352.35431097075343,24740539.947114047,10.802950724339054,True
219000.0,0.0028121110892871367,0.0003686284348987101,-0.0027890255091467253,353.26307084038854,24538736.09425163,12.714855287793506,True
219300.0,0.0028469058803074323,0.0003212855048388974,-0.002829884691458062,353.709523409605,24337825.083539117,14.646725988332918,True
219600.0,0.002882623857629037,0.0002706055564942744,-0.0028709347193611734,353.67625468224287,24138299.59025579,16.59652738177787,True
219900.0,0.0029192215019667673,0.0002159394860541397,-0.0029120351677782708,353.14683777466416,23940659.85018681,18.562016876547307,True
220200.0,0.0029566431827511403,0.00015654312218771338,-0.002953006889963916,352.10467556864023,23745411.854510285,20.540712967582984,True
220500.0,0.002994821223089787,9.156092320949938e-05,-0.002993626799121074,350.5358926691115,23553065.376043804,22.529859732752932,True
220800.0,0.003033686594796805,2.0009165098144877e-05,-0.0030336319768906606,348.425845336169,23364131.834995657,24.526387185624632,True
221100.0,0.0030731506440285256,-5.9236886869484806e-05,-0.0030726935624585394,345.7643334493041,23179121.98951457,26.526867020176876,True
221400.0,0.003113122920296737,-0.00014747559100669605,-0.003110425268594952,342.5405977629125,22998543.473508324,28.527463391022355,True
221700.0,0.003153495279383124,-0.00024619630619326927,-0.0031463556725093156,338.7477286681533,22822898.169342,30.523878282617716,True
222000.0,0.003194158653564623,-0.00035708750553453683,-0.0031799322301537813,334.380389880389,22652679.442907877,32.511291275566535,True
222300.0,0.0032349864558958792,-0.000482072442792969,-0.003210488070791939,329.43565145507455,22488369.247246057,34.48429360951193,True
222600.0,0.00327584728353255,-0.0006233067346101961,-0.0032372372275872863,323.9145604670048,22330435.117963467,36.43681697880324,True
222900.0,0.003316599772796309,-0.0007831766503727522,-0.003259249540086273,317.81920048594475,22179327.09167764,38.36205804459299,True
223200.0,0.0033570943258141067,-0.0009642762278190276,-0.003275430843217464,311.1553262323141,22035474.56851275,40.252400758195584,True
223500.0,0.0033971753600124167,-0.0011693541502495464,-0.0032845029398558268,303.93458684906363,21899283.160724413,42.09934011545012,True
223800.0,0.003436685328849297,-0.0014011951092527397,-0.003284991033787321,296.1687908023596,21771131.57568034,43.893413213095286,True
224100.0,0.0034754656404658545,-0.0016624576997799068,-0.00327521054273916,287.8741110339761,21651368.55994108,45.62414653107252,True
224400.0,0.0035133470643277796,-0.0019553896247259672,-0.0032532628362957894,279.0715549662709,21540309.96584327,47.28003234459758,True
224700.0,0.0035501718509819537,-0.0022814902991967756,-0.003217072940721266,269.78384255617857,21438235.990134127,48.84855189697065,True
225000.0,0.0035857795030065105,-0.002640990823209677,-0.0031644384104083656,260.0393051095307,21345388.624366153,50.31626777605771,True
225300.0,0.0036200180508528645,-0.0030322846990600283,-0.0030931388335062593,249.86685517057776,21261969.382445123,51.66901182417084,True
225600.0,0.003652746852474061,-0.0034513268584248635,-0.0030010871358854274,239.3005215525627,21188137.333784003,52.89219544969395,True
225900.0,0.00368382459903846,-0.003891080632797639,-0.002886530905747975,228.377567242831,21124007.500841808,53.971263664236744,True
226200.0,0.0037131330796726365,-0.00434123524394181,-0.002748339327339977,217.13585939258337,21069649.65242104,54.8922992611159,True
226500.0,0.0037405644751764915,-0.00478840541018144,-0.002586249960145892,205.6161284148693,21025087.516914748,55.642757263305164,True
226800.0,0.0037660270360267943,-0.005216897318689462,-0.0024011294879286993,193.86206272616982,20990298.44393834,56.21227453570621,True
227100.0,0.0037894416320592046,-0.005610175847152732,-0.0021950977873856914,181.9180757626891,20965213.52651995,56.59346229233831,True
227400.0,0.0038107555388807875,-0.005952775921457487,-0.001971531845555319,169.83004756644368,20949718.18063028,56.78256420382015,True
227700.0,0.0038299296570512694,-0.0062322736841338156,-0.0017348542334900685,157.64248080179095,20943653.180620424,56.77986364831555,True
228000.0,0.0038469474031575775,-0.006440870069923221,-0.0014901646066505236,145.40226285904646,20946816.122577313,56.58975832916615,True
228300.0,0.003861804562902801,-0.006576111477841096,-0.001242783630900135,133.15287022292614,20958963.30482966,56.22048230444398,True
228600.0,0.003874521910931462,-0.00664071111319231,-0.0009977933819129703,120.9404610954225,20979811.96912753,55.68352497859958,True
228900.0,0.0038851329567158015,-0.00664153650558319,-0.0007596462290848649,108.80770448595285,21009042.884847704,54.99284998681449,True
229200.0,0.003893694638443811,-0.006588185774376143,-0.0005319410427517823,96.7962194122374,21046303.208326727,54.164038437224725,True
229500.0,0.00390026508465859,-0.006491469311072251,-0.0003173158383589225,84.94363659620285,21091209.58073187,53.213469361355685,True
229800.0,0.0039049288630533677,-0.006362201964719816,-0.00011748153944068918,73.28812211379409,21143351.39920004,52.15761703365092,True
230100.0,0.003907778453436619,-0.006210296620849931,6.664971341052706e-05,61.86224769055843,21202294.22672395,51.012505038111144,True
230400.0,0.0039089127106990695,-0.0060442752499625385,0.000234831959744497,50.69874273985624,21267583.266924158,49.79332285675276,True
230700.0,0.003908438498885535,-0.005871094138825583,0.0003873093183841547,39.826313741505146,21338746.8768266,48.51418819444754,True
231000.0,0.003906472398509656,-0.0056961843182250504,0.0005246799047213813,29.268052469938993,21415300.06014998,47.18802699637592,True
231300.0,0.003903126958523026,-0.005523594867696602,0.0006477620487572722,19.047073405236006,21496747.89604053,45.82654084144214,True
231600.0,0.0038985301194386954,-0.005356238408921854,0.0007575039318510335,9.182365953922272,21582588.88496426,44.4402341518766,True
231900.0,0.003892796469841184,-0.005196073993175787,0.0008549138845310722,-0.3116048276424408,21672318.168351974,43.03847887774369,True
232200.0,0.003886047453619704,-0.005044345611679546,0.0009410076041973525,-9.421969141811132,21765430.598061796,41.62959986229327,True
232500.0,0.0038784020501565174,-0.0049017491146798875,0.0010167708486719107,-18.138572473078966,21861423.644080307,40.2209690618932,True
232800.0,0.0038699757855557015,-0.0047685731798878805,0.0010831515715281625,-26.456695295870304,21959800.124175232,38.81910076762789,True
233100.0,0.0038608774015903946,-0.004644815742153696,0.0011410339810211667,-34.37118631973863,22060070.736190498,37.429743015779955,True
233400.0,0.003851217072848343,-0.004530282291682397,0.0011912393166042534,-41.88275748491287,22161756.40883041,36.057962387206445,True
233700.0,0.0038410944524375846,-0.004424635940694088,0.0012345278700536255,-48.991030998528004,22264390.44429998,34.70822088495949,True
234000.0,0.0038306037817750186,-0.004327455386601287,0.0012715970949770394,-55.70081425085664,22367520.48116526,33.38444447274211,True
234300.0,0.0038198356079171556,-0.004238274691402921,0.0013030812811365422,-62.01845406368375,22470710.25872186,32.09008340445201,True
234600.0,0.003808873950221393,-0.004156601992860942,0.0013295635960801633,-67.95215552672744,22573541.203202907,30.82816478794161,True
234900.0,0.0037977930834139214,-0.0040819356499639525,0.00135157540109887,-73.51010230183601,22675613.837617263,29.60133802372586,True
235200.0,0.003786668342166583,-0.00401378825316101,0.0013696043647044576,-78.70545887947083,22776549.033306323,28.41191377627019,True
235500.0,0.003775559911490351,-0.003951677522394448,0.0013840921946126628,-83.54976799711585,22875989.094394792,27.26189718085008,True
235800.0,0.003764531708530772,-0.003895147932155396,0.0013954533402049663,-88.05903961136937,22973598.709402706,26.15301591002313,True
236100.0,0.0037536325628080504,-0.0038437586264592483,0.0014040606984835335,-92.24688504636288,23069065.75436274,25.086743763963792,True
236400.0,0.0037429118856478517,-0.003797096736917638,0.0014102646586664491,-96.13087577745318,23162101.98339394,24.0643202768701,True
236700.0,0.0037324100855108343,-0.003754770474841962,0.001414386359648745,-99.72732011973858,23252443.591288526,23.086766904646066,True
237000.0,0.0037221648768494156,-0.003716413277487618,0.001416726982363059,-103.05557996034622,23339851.678042956,22.154900208144166,True
237300.0,0.003712208795266102,-0.003681679778878788,0.001417570538333024,-106.13269668444991,23424112.604247965,21.269342464681106,True
237600.0,0.0037025664367055663,-0.0036502432666907225,0.0014171819332347013,-108.97989060729742,23505038.266308684,20.43053007486921,True
237900.0,0.003693262679235042,-0.0036218024854406394,0.0014158119694940297,-111.615030631423,23582466.27221086,19.63872008508937,True
238200.0,0.0036843151278964843,-0.003596071483173091,0.001413698841915334,-114.0579783283174,23656260.050543524,18.893995135381175,True
238500.0,0.0036757411016970086,-0.003572787794269061,0.0014110658650139385,-116.32981840893626,23726308.87877576,18.196267103365248,True
238800.0,0.003667546185102236,-0.0035516941562434567,0.0014081311363334237,-118.44919754192233,23792527.838182103,17.54527967304035,True
239100.0,0.003659744370446862,-0.003532561782861876,0.001405104538722668,-120.43845799937844,23854857.711482216,16.94061007449853,True
239400.0,0.003652333914942542,-0.003515163545046107,0.0014021837229734047,-122.3147754855454,23913264.80101729,16.381670183578727,True
239700.0,0.0036453212952563766,-0.003499297492851383,0.0013995598549758625,-124.09955855086446,23967740.702604327,15.867707152566263,True
240000.0,0.0036387007204578123,-0.003484760960816402,0.0013974211497220779,-125.81194507703185,24018302.00209848,15.397803748868503,True
240300.0,0.0036324667006818107,-0.0034713672023656272,0.001395944387990511,-127.47202507779002,24064989.92084493,14.970878561202111,True
240600.0,0.003626615583600691,-0.0034589426147704216,0.001395302200172921,-129.09702794998884,24107869.893219057,14.585686181720341,True
240900.0,0.003621134155563576,-0.0034473148980396218,0.0013956577581630825,-130.70595730096102,24147031.09116017,14.240817516881982,True
241200.0,0.003616010482142596,-0.0034363199959841495,0.00139717362942271,-132.31533727422357,24182585.877306636,13.934700314798361,True
241500.0,0.0036112287233992656,-0.003425800610813212,0.0013999983739250155,-133.94395243376493,24214669.20314212,13.665600051935813,True
241800.0,0.003606769589337873,-0.0034156002893155346,0.0014042780048644232,-135.60608522966504,24243437.92983705,13.431621232476985,True
242100.0,0.0036026182543352375,-0.0034055750026880105,0.0014101461476165866,-137.31853247061372,24269070.094973054,13.230709242914358,True
242400.0,0.003598748361600448,-0.0033955695400891273,0.0014177337839154092,-139.09456518292427,24291764.09602778,13.060652815363518,True
242700.0,0.003595135994205593,-0.0033854383860330017,0.0014271537337560147,-140.94917780533433,24311737.812572535,12.919087238617694,True
243000.0,0.0035917556131172482,-0.0033750320796457345,0.0014385180817590992,-142.89305459707975,24329227.642205972,12.80349835425474,True
243300.0,0.0035885801933071915,-0.003364203766523133,0.001451920529513373,-144.93917954340577,24344487.471837513,12.711227503801672,True
243600.0,0.0035855814734707587,-0.0033528035281165103,0.0014674469508708654,-147.09724423661828,24357787.557364188,12.639477464670922,True
243900.0,0.0035827249681771064,-0.0033406765998051924,0.0014851644676827647,-149.37593022361398,24369413.33002909,12.585319528307615,True
244200.0,0.003579977341715125,-0.0033276664398158573,0.0015051307963744875,-151.78343088924885,24379664.11848618,12.545701784170484,True
244500.0,0.0035773072060930862,-0.0033136192140545973,0.001527385029456596,-154.32672183960676,24388851.786319897,12.517458753153525,True
244800.0,0.0035746757559212993,-0.003298371915207099,0.001551949654849949,-157.01054142042994,24397299.28593879,12.49732244140526,True
245100.0,0.003572051773866792,-0.003281767771397881,0.0015788335015542998,-159.8376229852438,24405339.13119857,12.481934916968738,True
245400.0,0.0035693922798217675,-0.0032636412238957746,0.0016080182958955191,-162.8114128150046,24413311.791796412,12.467862504164335,True
245700.0,0.0035666671753932554,-0.0032438381504960034,0.0016394757819213623,-165.9321281425655,24421564.00322644,12.451611604865844,True
246000.0,0.003563832283094334,-0.0032221957840761206,0.0016731487591830074,-169.20052207261324,24430447.010851093,12.429646240031614,True
246300.0,0.0035608548822685677,-0.0031985678547812313,0.0017089624449813101,-172.6117127276957,24440314.73599402,12.398407233956213,True
246600.0,0.0035576942643700963,-0.003172805899907871,0.0017468210449980148,-176.16416650637984,24451521.896145873,12.354333028821033,True
246900.0,0.0035543170110669785,-0.0031447805695279385,0.0017866058807829432,-179.8523046374321,24464422.056270245,12.293882001200563,True
247200.0,0.0035506894881084604,-0.0031143733520195838,0.0018281796695092112,-183.668015062809,24479365.646560587,12.213556102638748,True
247500.0,0.003546775375555664,-0.0030814790854947205,0.0018713825630598535,-187.60522398725152,24496697.95241934,12.109925599238656,True
247800.0,0.0035425442731637064,-0.0030460166613011097,0.001916037178563812,-191.6520174704492,24516757.07427053,11.9796545853598,True
248100.0,0.0035379684302354413,-0.003007928978320251,0.0019619483319086584,-195.7987622357905,24539871.90018779,11.819526911264536,True
248400.0,0.0035330182415148226,-0.0029671811016385163,0.0020089032280701247,-200.03184551745653,24566360.076765586,11.62647208327113,True
248700.0,0.003527676315524697,-0.002923773675377106,0.0020566823796190903,-204.3396388180554,24596526.02173165,11.397590639196629,True
249000.0,0.003521918621474356,-0.002877732432864377,0.002105046383642062,-208.7046455219388,24630658.97000164,11.130178510188067,True
249300.0,0.0035157276558329307,-0.0028291107388156433,0.0021537591015547974,-213.11340691149235,24669031.103057284,10.821749766270678,True
249600.0,0.003509096908928166,-0.002778004743902329,0.0022025781839829506,-217.54792424291372,24711895.743954204,10.470057275932705,True
249900.0,0.0035020121485078597,-0.002724531985165868,0.002251254947852388,-221.9894109517336,24759485.6672079,10.073110726176887,True
250200.0,0.0034944728099263827,-0.0026688450228959937,0.002299553206606575,-226.42091777175665,24812011.528042927,9.629191533336382,False
250500.0,0.0034864810253210443,-0.0026111219170559252,0.002347243720848269,-230.82224151864648,24869660.42147689,9.136864302439552,False
250800.0,0.0034780381330615884,-0.0025515633732879905,0.0023941021071287594,-235.17414509132504,24932594.604058795,8.594984516412298,False
251100.0,0.0034691573557146384,-0.0024903947582401997,0.002439924696089335,-239.45726554095745,25000950.377791718,8.002702259965185,False
251400.0,0.003459850920295379,-0.0024278548480651807,0.002484519802251839,-243.65072152018547,25074837.153425016,7.359461959978515,False
251700.0,0.003450141908426916,-0.00236419403461241,0.0025277239433565413,-247.73506684973836,25154336.707660455,6.664998155173961,False
252000.0,0.003440048922371737,-0.0022996674013882057,0.0025693843143272943,-251.68877873197198,25239502.630841777,5.919327535427205,False
252300.0,0.0034296026570776504,-0.0022345346246481768,0.002609378872603152,-255.49455831199884,25330359.986094188,5.122737470217803,False
252600.0,0.003418830241962923,-0.0021690463320283015,0.0026476040127469957,-259.12972750142217,25426905.156090897,4.2757714806262355,False
252900.0,0.00340776770028396,-0.0021034501580174947,0.002683982656468853,-262.577472794801,25529105.91326898,3.3792120601140003,False
253200.0,0.0033964537828305333,-0.0020379779718950886,0.0027184634851655787,-265.82000183686614,25636901.670861073,2.4340613826595736,False
253500.0,0.0033849233704497973,-0.0019728448932028186,0.0027510101966885525,-268.8375093303621,25750203.932292894,1.4415204365499505,False
253800.0,0.003373225418942384,-0.0019082526367810715,0.002781618767191296,-271.61512576788664,25868896.93232081,0.4029670882081081,False
254100.0,0.00336139617826242,-0.0018443723862731076,0.0028102939365071133,-274.1356031894684,25992838.43666313,-0.6800663282820802,False
254400.0,0.003349485255026646,-0.0017813615254738124,0.0028370669869910436,-276.385191116482,26121860.714677148,-1.8059154842231486,False
254700.0,0.0033375354423960998,-0.00171934631416093,0.0028619808687095905,-278.3493081256747,26255771.64722355,-2.9728060711396878,False
255000.0,0.003325593404119296,-0.0016584303206741424,0.002885095348442057,-280.0150519013405,26394355.971092943,-4.178875020051735,False
255300.0,0.003313705020228281,-0.001598693803629203,0.002906480356728025,-281.3722313269973,26537376.6351742,-5.4221905659963126,False
255600.0,0.003301912137283132,-0.0015401872234690472,0.0029262143892445636,-282.4084823988378,26684576.246952318,-6.70077091213463,False
255900.0,0.0032902649327321704,-0.001482945486884546,0.002944389421026372,-283.1165612973273,26835678.61033376,-8.012601296201806,False
256200.0,0.0032788012678271927,-0.001426969065846606,0.002961096222787063,-283.48611964285374,26990390.31021111,-9.355649294684595,False
256500.0,0.0032675643566358876,-0.001372243333833012,0.0029764332059887266,-283.51212276145816,27148402.359529335,-10.727878323998034,False
256800.0,0.0032565944279437436,-0.0013187266368674955,0.0029905018835876263,-283.1892595477402,27309391.86254768,-12.127259265643922,False
257100.0,0.0032459299626552084,-0.001266358270015644,0.0030034034781447616,-282.50994093343616,27473023.697193626,-13.55178023390848,False
257400.0,0.0032356067036908294,-0.001215055128000131,0.0030152384027779533,-281.47356397658587,27638952.210603047,-14.999454524068328,False
257700.0,0.003225657108448839,-0.001164713121852401,0.0030261040671391015,-280.0772454999387,27806822.885703657,-16.46832679722018,False
258000.0,0.0032161113867626772,-0.0011152084547632057,0.0030360945858483035,-278.3181917145848,27976273.997976094,-17.9564775829944,False
258300.0,0.0032070023053788962,-0.0010663945142255216,0.0030453059143269456,-276.19805677607656,28146938.243064508,-19.462026191546194,False
258600.0,0.0031983517309682056,-0.001018105256008539,0.0030538194123472806,-273.716407507658,28318444.314026766,-20.983132099723132,False
258900.0,0.003190187073048911,-0.0009701473952929973,0.003061720493494846,-270.87531577423215,28490418.443244208,-22.517994958560564,False
259200.0,0.0031825282293324953,-0.0009223074668796016,0.0030690815192500054,-267.6766381338239,28662485.88482128,-24.06485323559216,False
259500.0,0.003175370984691423,-0.0008742469958349375,0.0030759682196119797,-264.1173911988735,28834272.338351633,-25.621981625289145,False
259800.0,0.0031687803070086845,-0.0008258836064385378,0.0030824445472106277,-260.2166650518775,29005405.34407026,-27.187687262675894,False
260100.0,0.003162747983016303,-0.0007768212453527212,0.003088561144991786,-255.96976487338543,29175515.542667862,-28.760304768372457,False
260400.0,0.0031572865614301966,-0.0007267180957910568,0.0030943602490758337,-251.3834834061563,29344237.952157803,-30.33819018100972,False
260700.0,0.0031524069013192943,-0.0006751857086726432,0.003099875028130583,-246.46513206884265,29511213.133704886,-31.91971375551634,False
261000.0,0.0031481171404617136,-0.0006217936547159297,0.003105125559336841,-241.22023065388203,29676088.30128133,-33.503251604737414,False
261300.0,0.00314442352397688,-0.0005660455473162074,0.003110121022267265,-235.6562771499157,29838518.373115268,-35.0871761413657,False
261600.0,0.0031413341414316637,-0.0005073867437488389,0.0031148593889369636,-229.78274970129132,29998166.956104923,-36.66984522831747,False
261900.0,0.0031388540876267058,-0.0004451809678016616,0.003119322442287853,-223.60734568536282,30154707.264607556,-38.249589918919895,False
262200.0,0.003136982214496068,-0.0003787004925470683,0.0031234696830608755,-217.1403355449438,30307822.98718001,-39.82470063790336,False
262500.0,0.003135725800958524,-0.0003071147564810417,0.0031272500005670167,-210.39082667976618,30457209.086981937,-41.39341163080687,False
262800.0,0.0031350803308729295,-0.00022946883493091264,0.0031305782932449233,-203.3689096160233,30602572.551875178,-42.95388339696003,False
263100.0,0.0031350475255383227,-0.00014467078747770756,0.003133349084968984,-196.08693922311068,30743633.089615628,-44.50418290445738,False
263400.0,0.003135625436063438,-5.145623643443287e-05,0.0031354219947132833,-188.55605597421527,30880123.766414523,-46.04226120817765,False
263700.0,0.0031368100533552424,5.1619261341784295e-05,0.0031366166698347797,-180.78726581856608,31011791.60034112,-47.565928159891506,False
264000.0,0.003138601909030737,0.00016622251536091426,0.003136712239523831,-172.79275360703468,31138398.10733601,-49.07282383421666,False
264300.0,0.0031409931262312706,0.00029425963236917596,0.0031354252737472166,-164.58562134578824,31259719.800029356,-50.560386272998954,False
264600.0,0.0031439811990456204,0.0004379086992116754,0.0031324128822234343,-156.1802684776485,31375548.64346543,-52.02581526226321,False
264900.0,0.003147561197121562,0.0005996481933721043,0.003127251898114025,-147.58930298313498,31485692.465365157,-53.46603186286843,False
265200.0,0.003151726263297267,0.0007822583760912494,0.0031194255128284,-138.82546378299594,31589975.3309926,-54.87763369912527,False
265500.0,0.0031564698152075146,0.0009888322216227152,0.0031083086086098888,-129.90549099445343,31688237.88097609,-56.25684632363004,False
265800.0,0.003161787995041278,0.0012227564639886168,0.0030931514770529134,-120.84304947406054,31780337.620422713,-57.59947156048058,False
266100.0,0.003167669337755199,0.0014876212103160924,0.003073053427812056,-111.65331711247563,31866149.182984162,-58.9008346075608,False
266400.0,0.0031741098195741,0.0017871270653984084,0.0030469575259317594,-102.35248471051455,31945564.55397552,-60.15573302190285,False
266700.0,0.0031810997160176876,0.002124836232439975,0.003013629175846688,-92.95552257448435,32018493.256564334,-61.35839246949344,False
267000.0,0.003188630410430781,0.0025038704758344466,0.0029716571357525368,-83.47891066968441,32084862.508195303,-62.50243661221305,False
267300.0,0.0031966947035794798,0.002926449588755986,0.0029194654566353506,-73.93998216465116,32144617.33917766,-63.58088141596489,False
267600.0,0.0032052831631194374,0.0033932532500102752,0.0028553502374677464,-64.3539803661406,32197720.674623266,-64.58616742361076,False
267900.0,0.0032143853308145226,0.0039026766563949877,0.0027775505696610026,-54.73892418295145,32244153.389733307,-65.51024637422042,False
268200.0,0.003223992314719882,0.004450005618025443,0.002684365781462361,-45.113404262810946,32283914.323278777,-66.3447397880319,False
268500.0,0.00323409319067028,0.005026659249779186,0.0025743136159093183,-35.492258347570896,32317020.253770877,-67.08118494138552,False
268800.0,0.003244678024930065,0.005619721787468279,0.0024463385208548516,-25.895435642451048,32343505.853011813,-67.71137597607476,False
269100.0,0.00325573528700313,0.006212035877695143,0.0023000350622766064,-16.33906554058194,32363423.585261263,-68.22779308623625,False
269400.0,0.0032672522489726953,0.006783104316070876,0.002135856309635642,-6.84276457130909,32376843.585120838,-68.62409137422623,False
269700.0,0.003279218252944451,0.007310886693574048,0.0019552556089763584,2.576900091022253,32383853.482981794,-68.89559698254818,False
270000.0,0.003291620818443925,0.00777428927432311,0.0017607006605402375,11.900074027478695,32384558.203548536,-69.03973938756693,False
270300.0,0.003304446275722613,0.008155868253680865,0.0015555432600393715,21.110750153660774,32379079.7097718,-69.05634480472236,False
270600.0,0.0033176786394683495,0.00844407868981989,0.001343748461749783,30.189365904778242,32367556.718774356,-68.94773267343658,False
270900.0,0.00333130603185779,0.008634525551372008,0.001129525783554186,39.11930689588189,32350144.35981239,-68.71859329192776,False
271200.0,0.0033453113097064056,0.008729869587625672,0.000916946373095584,47.882716964930296,32327013.797290396,-68.37566879019737,False
271500.0,0.0033596785900367127,0.008738640910905815,0.0007096228228959944,56.46072845906019,32298351.802085947,-67.92729640612474,False
271800.0,0.0033743897707603455,0.008673341916477284,0.0005104936023627715,64.83790215104818,32264360.269741036,-67.38289084633689,False
272100.0,0.0033894268459499174,0.008548415505970297,0.0003217351646469524,72.99743272736669,32225255.697312992,-66.75243882625087,False
272400.0,0.003404772384856013,0.008378486895765036,0.0001447721712963812,80.92350060120225,32181268.600886535,-66.046059635569,False
272700.0,0.0034204043575037086,0.008177084784279032,-1.9632829747706637e-05,88.59975530579686,32132642.883211665,-65.27366059690489,False
273000.0,0.0034363021405249216,0.007955922805422233,-0.00017125098582937426,96.01087408140302,32079635.143077884,-64.4446938155455,False
273300.0,0.0034524429527445152,0.007724600866765741,-0.00031025930039874083,103.14325362816453,32022513.92906859,-63.56800508469657,False
273600.0,0.003468801852618289,0.007490626467244965,-0.00043711583286665245,109.9839316084981,31961558.93749216,-62.651757823534815,False
273900.0,0.0034853554720396876,0.0072596277820196065,-0.0005524577300661804,116.52018642053008,31897060.151176624,-61.70341278402086,False
274200.0,0.003502076817720892,0.0070356304169649775,-0.0006570219020787249,122.73983247578144,31829316.918540273,-60.72974580191862,False
274500.0,0.0035189368732288875,0.006821369070394212,-0.0007515816881422666,128.63397926092148,31758636.97095092,-59.73688908423371,False
274800.0,0.0035359077563664972,0.006618575733170928,-0.0008369142366717597,134.19114148244262,31685335.389676917,-58.73038508951372,False
275100.0,0.0035529568378925625,0.006428214548350297,-0.0009137702528221325,139.40454452857375,31609733.50124721,-57.71524534759932,False
275400.0,0.0035700564852571355,0.0062507042087247555,-0.000982855250548198,144.26808811351657,31532157.726951286,-56.6960091504974,False
275700.0,0.003587168506710755,0.00608604619233688,-0.0010448238528724119,148.77465735003352,31452938.37457732,-55.676799015753105,False
276000.0,0.003604261190017742,0.005933977811594104,-0.0011002810278739616,152.92148508504033,31372408.370125826,-54.661371215909625,False
276300.0,0.003621296475668374,0.005794043898958989,-0.0011497752842402065,156.70679906010628,31290901.948415466,-53.65316060535024,False
276600.0,0.003638239572434968,0.0056656811407265195,-0.001193803926312853,160.1286449469626,31208753.29560035,-52.65531953348566,False
276900.0,0.0036550522035140036,0.005548250628095275,-0.0012328242040027249,163.18907897174358,31126295.145118505,-51.6707510165708,False
277200.0,0.0036716963299164886,0.005441088027311025,-0.0012672425891153694,165.890143327415,31043857.346207213,-50.70213656068873,False
277500.0,0.003688129094545156,0.00534351119023313,-0.001297433395265557,168.2364601753652,30961765.39655572,-49.7519590458819,False
277800.0,0.003704314584398078,0.005254858775430193,-0.0013237386667199758,170.23413471132517,30880338.95667362,-48.82252121404864,False
278100.0,0.0037202121150230216,0.005174481385495255,-0.0013464719262969993,171.89104909077287,30799890.34901466,-47.91596022917025,False
278400.0,0.0037357779567362016,0.0051017530897752295,-0.0013659191407384697,173.21819233894348,30720723.05115533,-47.03425878469556,False
278700.0,0.003750978455442438,0.00503608923256138,-0.0013823534980303975,174.22611467167735,30643130.198656667,-46.17925317789297,False
279000.0,0.0037657679092333515,0.004976921371479648,-0.0013960240782893152,174.92781331017613,30567393.096720006,-45.35263879336258,False
279300.0,0.0037801112510886504,0.004923723971671734,-0.0014071745786097267,175.33968848735094,30493779.760021355,-44.555973308950314,False
279600.0,0.0037939685940181762,0.004875998310922114,-0.0014160304716739347,175.4777225740254,30422543.495083313,-43.790678025235394,False
279900.0,0.003807309120231122,0.0048332839803606475,-0.0014228156867019948,175.3616828508675,30353921.524244554,-43.05803757082702,False
280200.0,0.0038200925360442925,0.004795136252369048,-0.0014277423748509932,175.0102677345276,30288133.680357043,-42.35919833051947,False
280500.0,0.003832292342353529,0.004761151130736607,-0.0014310262064824997,174.44495366886258,30225381.166515242,-41.695165814760884,False
280800.0,0.0038438750339981204,0.004730941726478477,-0.0014328712570232938,173.68978860229254,30165845.40545278,-41.066801279859206,False
281100.0,0.003854818543406524,0.004704153484453855,-0.0014334887374403138,172.76801148429513,30109686.98922665,-40.47481777222566,False
281400.0,0.0038650958116695344,0.00468044812299695,-0.001433080004069609,171.7057896926999,30057044.72980701,-39.919775888589214,False
281700.0,0.003874687902495398,0.0046595117119920815,-0.0014318536648119107,170.5274091400206,30008034.836352985,-39.40207938959991,False
282000.0,0.003883578624778121,0.004641049695010224,-0.0014300173865677834,169.26181310787797,29962750.20839748,-38.9219709178202,False
282300.0,0.0038917573213968063,0.004624789486967984,-0.0014277770074642149,167.93520725890994,29921259.87816037,-38.479527962583035,False
282600.0,0.003899213717597813,0.004610470456725579,-0.0014253387956202346,166.57758231461048,29883608.58072433,-38.07465923332545,False
282900.0,0.0039059431642288517,0.004597849175382862,-0.0014229099682125934,165.21484888717532,29849816.485469267,-37.707101584948525,False
283200.0,0.003911948475261812,0.004586699634728575,-0.00142069951899515,163.87630085647106,29819879.062529914,-37.376417612016866,False
283500.0,0.003917232487661883,0.004576804387511402,-0.001418911922250743,162.59133898839355,29793767.112135243,-37.08199401756765,False
283800.0,0.0039218052206824745,0.004567959897002538,-0.0014177520872635796,161.38752277940512,29771426.944816925,-36.823040815673764,False
284100.0,0.003925677280300844,0.004559968613364163,-0.0014174193719753703,160.29139613732696,29752780.709355306,-36.59859144689648,False
284400.0,0.003928870518508227,0.004552647840512236,-0.0014181146066860606,159.3307256884873,29737726.866429787,-36.40750381989267,False
284700.0,0.0039314042209066015,0.004545813063288051,-0.001420032159167306,158.5317847020924,29726140.809307717,-36.248462326092564,False
285000.0,0.003933302871392374,0.004539288761577609,-0.0014233547608526465,157.92071598768234,29717875.61597268,-36.11998081247403,False
285300.0,0.003934600082705524,0.004532903857409565,-0.001428269513858993,157.52051632478833,29712762.933188155,-36.020406483154346,False
285600.0,0.003935325896676531,0.004526483355704158,-0.0014349459682421184,157.35398918390274,29710613.97295677,-35.94792476745753,False
285900.0,0.003935516896935428,0.0045198541378397294,-0.0014435479447882926,157.4438498057425,29711220.619951706,-35.90056505403084,False
286200.0,0.003935212467757341,0.004512839606093166,-0.0014542304222615599,157.81006440520287,29714356.638755172,-35.87620730704257,False
286500.0,0.00393445552204869,0.004505260768809194,-0.0014671357287454612,158.47045490518212,29719778.96315481,-35.87258951697421,False
286800.0,0.0039332910711474605,0.004496932884194393,-0.0014823934221155355,159.44345846399665,29727229.056470633,-35.887315950790466,False
287100.0,0.003931764563202097,0.004487662228854106,-0.0015001197443211822,160.74202224612236,29736434.341584783,-35.917866179702095,False
287400.0,0.003929922950591356,0.004477248048800675,-0.0015204146269596208,162.38172337412834,29747109.665229224,-35.96160486738127,False
287700.0,0.003927819994554598,0.00446548733026475,-0.001543365113811035,164.37447997182608,29758958.812992528,-36.015792298279436,False
288000.0,0.003925501678083682,0.004452159797324384,-0.001569036334181817,166.729870647192,29771676.041209094,-36.07759566102675,False
288300.0,0.003923023715539616,0.004437046378626519,-0.0015974817793775742,169.45475620031357,29784947.62372325,-36.14410105764155,False
288600.0,0.003920436518437011,0.004419915986943579,-0.0016287318954795182,172.55829706788063,29798453.395754777,-36.212326285977475,False
288900.0,0.003917793213536677,0.0044005368802402245,-0.0016627963152657799,176.04289864003658,29811868.304394946,-36.279234366895864,False
289200.0,0.003915148090573237,0.004378674090730783,-0.0016996687245836029,179.91365963220596,29824863.924039185,-36.34174782963414,False
289500.0,0.0039125512136789185,0.00435408999203446,-0.0017393182017002573,184.1690487936139,29837109.965793326,-36.39676376404391,False
289800.0,0.0039100578008961755,0.0043265578615887534,-0.001781694651221244,188.81091286242008,29848275.735427156,-36.441169588330645,False
290100.0,0.003907717081725383,0.004295851536937789,-0.0018267276604291283,193.83713025599718,29858031.570167273,-36.47185950639194,False
290400.0,0.0039055823445592625,0.004261766584875204,-0.0018743233830633699,199.24356504157186,29866050.222207703,-36.48575157435565,False
290700.0,0.003903702476460753,0.004224112480272879,-0.0019243674692361878,205.02515013888478,29872008.194547523,-36.47980525762324,False
291000.0,0.0039021294956028472,0.004182725326302261,-0.0019767308792708604,211.17714812979102,29875587.02441621,-36.45103933171993,False
291300.0,0.003900909420369335,0.004137467779969484,-0.0020312606710888303,217.6894880272448,29876474.51852406,-36.39654995348615,False
291600.0,0.0039000933977729265,0.004088242905822881,-0.0020877923021771494,224.55412659794092,29874365.91809473,-36.31352863337484,False
291900.0,0.0038997263220216885,0.004034989673925793,-0.0021461422699715627,231.76098948344588,29868965.016740307,-36.199279879225024,False
292200.0,0.003899856216864771,0.003977694178672664,-0.0022061192682656383,239.29991614446044,29859985.213015188,-36.05123817088228,False
292500.0,0.0039005240503717747,0.003916384469704326,-0.0022675186448921636,247.1569437198341,29847150.50914956,-35.866983976487695,False
292800.0,0.0039017778928334677,0.0038511466840418507,-0.0023301340301173923,255.31916223093867,29830196.442073148,-35.644258442897204,False
293100.0,0.003903658097357427,0.0037821103655346633,-0.0023937525603301424,263.77221512049437,29808870.9634381,-35.3809764658335,False
293400.0,0.003906209255303222,0.0037094588322190702,-0.0024581660448390608,272.5009082220495,29782935.259332802,-35.07523780146212,False
293700.0,0.003909470903590941,0.0036334202683860894,-0.0025231661533737793,281.49014198035,29752164.51393572,-34.72533598387996,False
294000.0,0.003913482948958011,0.003554264503009108,-0.0025885557645963786,290.72117291018367,29716348.623816237,-34.329764802849894,False
294300.0,0.0039182857645584735,0.0034723031885164346,-0.0026541468555407732,300.17799946293235,29675292.849992156,-33.88722222472645,False
294600.0,0.003923920715630119,0.003387882186132174,-0.002719765599962898,309.8414003774524,29628818.43225952,-33.39661166547399,False
294900.0,0.0039304233987160824,0.003301365759455166,-0.002785252514733827,319.69344406947494,29576763.145112116,-32.85704063874773,False
295200.0,0.003937831275447127,0.003213138956965622,-0.0028504665453041866,329.71369544789195,29518981.816206235,-32.26781686235049,False
295500.0,0.0039461818652657635,0.003123592595215996,-0.002915289679574329,339.8815378136933,29455346.795140993,-31.628441995436066,False
295800.0,0.0039555141854772085,0.0030331238444887276,-0.0029796228312193307,350.17728799209,29385748.38203438,-30.938603252465047,False
296100.0,0.003965863581816527,0.002942120025522854,-0.0030433862205718754,360.5782493762672,29310095.221843567,-30.19816317274995,False
296400.0,0.003977266568547432,0.0028509535951002363,-0.0031065240658385562,371.06281596049666,29228314.6533149,-29.407147878338655,False
296700.0,0.003989758902824074,0.0027599751411457873,-0.003169001854637088,381.6102018170059,29140353.026864693,-28.565734189077727,False
297000.0,0.004003376843261415,0.002669514896609826,-0.0032308024437810445,392.1943902261555,29046175.994522106,-27.67423595441348,False
297300.0,0.004018155612017483,0.002579866540685316,-0.0032919309502830174,402.79304372891784,28945768.752744116,-26.733089951813845,False
297600.0,0.00403413031750395,0.002491292370592646,-0.003352408626415837,413.3818051442504,28839136.26902593,-25.74284171289915,False
297900.0,0.004051338137060221,0.0024040217877256964,-0.003412273579645131,423.93640514463186,28726303.471022993,-24.70413157213316,False
298200.0,0.004069810643917965,0.002318242375480395,-0.003471574374241726,434.4310587197542,28607315.41059002,-23.617681229088824,False
298500.0,0.004089588519748775,0.002234110034663672,-0.0035303793827061725,444.83960266038775,28482237.396905545,-22.484281038621276,False
298800.0,0.004110703655628871,0.0021517346434904994,-0.0035887619516259406,455.1360002309084,28351155.102385614,-21.304778264727766,False
299100.0,0.00413318927147439,0.0020711973816105456,-0.0036468014615671507,465.29285296425223,28214174.64276084,-20.08006641333708,False
299400.0,0.004157083027026203,0.0019925357136969524,-0.0037045935200623603,475.2826375514269,28071422.626273055,-18.811075768290465,False
299700.0,0.00418241721545798,0.0019157595980345832,-0.003762229507639603,485.07876433059573,27923046.174201593,-17.498765254043867,False
300000.0,0.0042092242836186825,0.0018408434346213198,-0.003819806263525294,494.64861971884966,27769212.919468466,-16.144115619286943,False
300300.0,0.004237539281147421,0.0017677295561782103,-0.0038774261715719405,503.96696205064654,27610110.95344123,-14.748124012895026,False
300600.0,0.004267393446218413,0.0016963296673964123,-0.003935188641223775,513.0034216232598,27445948.765217382,-13.311799965171543,False
300900.0,0.004298814309197514,0.0016265267092308022,-0.0039931887933288834,521.7252042405307,27276955.12984206,-11.836162760245728,False
301200.0,0.004331833282420584,0.0015581779782110061,-0.004051523700402626,530.1040176711977,27103378.953477975,-10.322240193785513,False
301500.0,0.004366476822216781,0.001491109053688433,-0.004110284274856824,538.1068678423762,26925489.092376422,-8.771068729927457,False
301800.0,0.004402766523243324,0.0014251191687151277,-0.004169552305015145,545.7028093934059,26743574.10949202,-7.183695031559962,False
302100.0,0.00444073085665954,0.0013599791905392067,-0.004229412473609528,552.8602541200817,26557941.989473566,-5.561178853045904,False
302400.0,0.004480381848700835,0.0012954308548387417,-0.004289926625193452,559.5457692183554,26368919.79582594,-3.9045973554834665,False
302700.0,0.004521737047468661,0.0012311796698440958,-0.004351157474975054,565.7274082303047,26176853.261308387,-2.2150507758785487,False
303000.0,0.00456480538026339,0.0011669004505847624,-0.004413150064164373,571.3704663105309,25982106.317168962,-0.4936695741128134,False
303300.0,0.004609594248872569,0.001102232449852636,-0.004475938630494003,576.4443802013993,25785060.535382353,1.2583769619742675,False
303600.0,0.00465609844679083,0.0010367678692659865,-0.004539535604055622,580.9136965461075,25586114.50328419,3.0398705442767615,False
303900.0,0.004704310515596772,0.0009700522371076659,-0.004603939068855034,584.7470691241324,25385683.088439524,4.84953209557659,False
304200.0,0.004754219827604214,0.0009015756079406856,-0.004669130367465968,587.9111764840782,25184196.618212312,6.686008208333004,False
304500.0,0.004805795037831917,0.0008307625971610832,-0.004735054230607716,590.3743640519679,24982099.940258935,8.547855711969806,False
304800.0,0.0048590076883933825,0.0007569628703834042,-0.004801639909864264,592.1038631685078,24779851.370933294,10.433524249263757,True
305100.0,0.004913811969173574,0.0006794466716542047,-0.0048687761745966895,593.0701013877988,24577921.508925293,12.341336587933412,True
305400.0,0.004970148055239304,0.0005973769839897614,-0.004936312955377886,593.2422206886113,24376791.921075575,14.269466521864507,True
305700.0,0.00502795441626841,0.0005098056784618166,-0.005004066958203879,592.5926414243877,24176953.674086593,16.215914086667023,True
306000.0,0.005087146422623283,0.00041564428349261107,-0.005071795423987169,591.0939007550478,23978905.721280523,18.178477764466557,True
306300.0,0.0051476272027397045,0.0003136502848235523,-0.005139198929690281,588.7206545844674,23783153.125089694,20.154723411461738,True
306600.0,0.005209283224664713,0.0002023985418020402,-0.005205908621359612,585.4502894058824,23590205.11702187,22.14194949872142,True
306900.0,0.0052719939585784865,8.024722333743739e-05,-0.00527148530086663,581.2632811069489,23400572.99122803,24.137148295374885,True
307200.0,0.005335612544265003,-5.468563978183738e-05,-0.00533538667040645,576.1411579698324,23214767.833648823,26.136962529453616,True
307500.0,0.005399978205502259,-0.00020455568733268592,-0.005396964495925971,570.0707569457591,23033298.080962356,28.137637165451427,True
307800.0,0.005464913604921047,-0.00037183780474947525,-0.005455443146047401,563.0408193096519,22856666.929787543,30.134965863662313,True
308100.0,0.0055302326275581595,-0.0005593532139585022,-0.005509905065196108,555.0455618575215,22685369.592080206,32.12423186074598,True
308400.0,0.005595720155782015,-0.000770292909322734,-0.005559245214989517,546.082403279841,22519890.4246195,34.10014315091986,True
308700.0,0.005661155688502252,-0.0010082511527116367,-0.005602163921309966,536.1543526090682,22360699.942005616,36.056762318456066,True
309000.0,0.005726303259030306,-0.0012772097493325418,-0.005637124469252797,525.2687693350017,22208251.74646237,37.98743183409833,True
309300.0,0.005790911924321706,-0.0015815098107907488,-0.005662317139382367,513.4381431043148,22062979.398944363,39.88469669868327,True
309600.0,0.005854727586440915,-0.0019257609032763412,-0.005675635336551466,500.68283450230956,21925293.266777605,41.74022772552894,True
309900.0,0.005917484494201863,-0.00231467504593752,-0.005674634424487124,487.02629692852497,21795577.397166863,43.544750811728626,True
310200.0,0.005978913859506788,-0.0027527842985932693,-0.005656519654650083,472.49752555787563,21674186.445777427,45.287990521552345,True
310500.0,0.006038744923014342,-0.003244029110419433,-0.005618143237477113,457.1350324191153,21561442.713316496,46.95864002581654,True
310800.0,0.006096710192658212,-0.003791144904596422,-0.005556045511767138,440.97885220497847,21457633.35302926,48.544374073455614,True
311100.0,0.006152552381385532,-0.004394881823657215,-0.0054665441331067655,424.0777410194278,21363007.77226442,50.03192653665591,True
311400.0,0.00620602034765276,-0.005053049126303222,-0.005345882636035526,406.4839117527008,21277775.30550161,51.4072582007132,True
311700.0,0.006256874365188917,-0.005759451282756345,-0.005190486839730113,388.2558276280761,21202103.18587069,52.65584190766833,True
312000.0,0.006304901912554847,-0.006502964347333773,-0.004997316727482826,369.45650470629334,21136114.871425923,53.76308794763792,True
312300.0,0.00634990117491036,-0.0072669468615629285,-0.004764278924398013,350.1541397422552,21079888.757614505,54.71491963918781,True
312600.0,0.006391700422834233,-0.008029409688901978,-0.004490703675301688,330.4169431179762,21033457.315362934,55.49848513791991,True
312900.0,0.006430156303480451,-0.008764169436801694,-0.004177769325309555,310.319910377264,20996806.660115786,56.10295744658165,True
313200.0,0.006465149953996534,-0.009443129464330013,-0.003828770069517873,289.937712546438,20969876.591491777,56.520337192562124,True
313500.0,0.006496594463743328,-0.010039435372988237,-0.0034491473595466005,269.34877103567123,20952561.082484078,56.746144278707256,True
313800.0,0.0065244391896217115,-0.010530900516556585,-0.003046195331620538,248.6285838186741,20944709.23405027,56.77987961361541,True
314100.0,0.006548661657404216,-0.010902823429091768,-0.0026284807049066217,227.8564547151327,20946126.654962208,56.625166320181116,True
314400.0,0.006569267969926942,-0.011149532607760193,-0.0022050738592227503,207.10664450377226,20956577.27062878,56.289537476969336,True
314700.0,0.0065863017058171896,-0.011274329997803534,-0.0017847474116123863,186.45513498038054,20975785.49611034,55.783907175047474,True
315000.0,0.00659983400394518,-0.011287966484843537,-0.001375299492558213,165.97359216958284,21003438.7611068,55.12181956442277,True
315300.0,0.006609953936319479,-0.01120625771531536,-0.0009830991212140816,145.73091261461377,21039190.32037406,54.318598594041795,True
315600.0,0.00661679069373482,-0.011047557400104324,-0.0006128962865687981,125.79199362173676,21082662.309889063,53.39051540885134,True
315900.0,0.00662048292631811,-0.010830480519928187,-0.00026782550423121165,106.21834356337786,21133448.99193501,52.354060108421706,True
316200.0,0.006621192844010585,-0.01057231532087144,5.038197867435201e-05,87.06584408506751,21191120.141072337,51.22536521049316,True
316500.0,0.006619093693830502,-0.01028806588254838,0.0003411773394645934,68.38611931726336,21255224.512852296,50.01979226243671,True
316800.0,0.00661438114918073,-0.00999008601209539,0.000604903242980015,50.22545685619116,21325293.35203839,48.751668335977456,True
317100.0,0.006607248466934233,-0.009688059217040745,0.0008425253472097438,32.62508924677968,21400843.890770916,47.4341458085875,True
317400.0,0.006597900321686779,-0.009389274374285606,0.0010554235285269442,15.619779102504253,21481382.798389364,46.079155079868606,True
317700.0,0.006586545729192839,-0.009098975808768728,0.0012452278176482423,-0.76014019921422,21566409.5414502,44.69742198560613,True
318000.0,0.006573392363531074,-0.008820746726996731,0.0014136754972469134,-16.49006526917219,21655419.629818734,43.29852654547689,True
318300.0,0.006558646230228268,-0.00855687441065811,0.00156251994540213,-31.551355980336666,21747907.719024792,41.89098519655336,True
318600.0,0.006542507843609247,-0.00830865612431353,0.0016934853414625195,-45.930280677974224,21843370.548695203,40.48234381730025,True
318900.0,0.0065251771260086576,-0.008076672250439287,0.0018082093075264538,-59.61670922487974,21941309.70331673,39.079273077682515,True
319200.0,0.0065068382432416656,-0.007860966981951378,0.0019082381703867668,-72.60591033473611,22041234.188702412,37.68766068892991,True
319500.0,0.006487678595657583,-0.00766123867330748,0.0019950028623938465,-84.8997255936265,22142662.81477128,36.312697519892346,True
319800.0,0.0064678666758436545,-0.007476927647132925,0.002069825684969828,-96.50073875486851,22245126.376382027,34.95895596026265,True
320100.0,0.0064475618782545985,-0.007307322221976165,0.002133914365948897,-107.41772904247046,22348169.651850738,33.63046000288563,True
320400.0,0.00642691717910624,-0.007151622833902138,0.0021883776516844478,-117.66286162659526,22451353.203601986,32.3307470566993,True
320700.0,0.006406075526690872,-0.007008985974266579,0.0022342264748118623,-127.25035278871655,22554254.996796392,31.06292192971562,True
321000.0,0.006385162667548837,-0.006878546572977484,0.002272384402683514,-136.19804824516177,22656471.845078323,29.829703549052322,True
321300.0,0.006364298472475299,-0.0067594575453142625,0.0023036880650764147,-144.52856776863337,22757620.688938566,28.633465107485044,True
321600.0,0.006343589492097638,-0.006650890283111721,0.002328905531630454,-152.26280235499144,22857339.70904588,27.476268292856727,True
321900.0,0.006323132729409058,-0.006552047525417493,0.0023487451925170433,-159.4273250810802,22955289.30604624,26.35989228895081,True
322200.0,0.0063030186925308925,-0.0064621762115280035,0.002363853118794168,-166.04966950044036,23051152.930791706,25.285858168505307,True
322500.0,0.006283321014646353,-0.006380554018306839,0.0023748268159806685,-172.1577426791191,23144637.791096643,24.255449218344843,True
322800.0,0.006264107784725467,-0.006306504562871851,0.002382218323447205,-177.7826973311603,23235475.4438006,23.269727739126633,True
323100.0,0.006245440213844761,-0.006239394122417252,0.0023865409232435297,-182.95681351795793,23323422.272613194,22.329548770425536,True
323400.0,0.006227368105076628,-0.006178623747274514,0.002388275676715068,-187.71076684072614,23408259.86439737,21.435571163268726,True
323700.0,0.006209932723325219,-0.0061236310843639785,0.00238787418924602,-192.07955799996853,23489795.300718457,20.58826637988847,True
324000.0,0.006193170901183086,-0.006073893645890394,0.0023857599316414735,-196.0962029248476,23567861.35053038,19.7879253569154,True
324300.0,0.006177109673331902,-0.006028918930610416,0.0023823336429877884,-199.79513699933887,23642316.59191472,19.034663731656096,True
324600.0,0.006161771000170165,-0.005988245961390248,0.0023779788882656305,-203.21153269708157,23713045.454213597,18.32842571093434,True
324900.0,0.006147169262403165,-0.005951442862709655,0.0023730573047551218,-206.38037430122495,23779958.18872605,17.668986842161406,True
325200.0,0.006133312936799578,-0.005918101162990297,0.002367921918782656,-209.33555661514401,23842990.771762446,17.05595588387854,True
325500.0,0.006120204035924718,-0.00588783788219871,0.0023629067571064866,-212.1120161525905,23902104.745821364,16.48877602197723,True
325800.0,0.0061078438216654605,-0.005860298003938169,0.0023583314505000175,-214.7441291809082,23957286.99414177,15.966725578201764,True
326100.0,0.006096219359928087,-0.005835133652340119,0.002354509530794857,-217.26530050113797,24008549.454875667,15.488918390258217,True
326400.0,0.006085324419102019,-0.005812029409497654,0.002351739631667016,-219.70860642939806,24055928.775414634,15.054304036803812,True
326700.0,0.006075136684118877,-0.005790673806671975,0.0023503069653685316,-222.10550954565406,24099485.903954763,14.661668018592946,True
327000.0,0.00606563844869821,-0.005770775859531341,0.002350493624494021,-224.48897118493915,24139305.624145173,14.309632023772432,True
327300.0,0.006056802505761113,-0.005752054330031342,0.0023525613807624524,-226.88785912841558,24175496.018745817,13.996654429898864,True
327600.0,0.0060485972019144576,-0.005734234347499978,0.0023567669800748092,-229.333111256361,24208187.88135501,13.721031090533998,True
327900.0,0.0060409899637843675,-0.0057170538336208665,0.002363350679829068,-231.85099249333143,24237534.04978297,13.480896567115025,True
328200.0,0.00603394349538474,-0.005700253311715642,0.002372544068714788,-234.4692644737661,24263708.684841122,13.274225857119506,True
328500.0,0.006027415046751291,-0.00568357780025508,0.0023845580549366474,-237.21331691741943,24286906.469337255,13.09883675231707,True
328800.0,0.006021360665134881,-0.005666774145282716,0.002399594034926622,-240.10642800480127,24307341.739061423,12.952392878253837,True
329100.0,0.006015730611306883,-0.005649588584958565,0.002417832190992897,-243.17017855867743,24325247.539375514,12.832407556278447,True
329400.0,0.00601047318709056,-0.005631767700151613,0.002439433801077584,-246.42542536184192,24340874.6054711,12.73624854880416,True
329700.0,0.006005534491153055,-0.005613053876970753,0.002464545786203587,-249.88953478261828,24354490.25983713,12.661143800126561,True
330000.0,0.006000854902700186,-0.005593186661258187,0.0024932847868956998,-253.57860130816698,24366377.23380193,12.604188298948943,True
330300.0,0.005996374830238922,-0.005571902055038436,0.0025257493078996163,-257.50730104744434,24376832.404362343,12.56235211945239,True
330600.0,0.005992032782372691,-0.0055489341656596025,0.0025620087919513423,-261.6866907849908,24386165.445729144,12.53248979733748,True
330900.0,0.005987762351987514,-0.00552400969138489,0.002602106472286536,-266.1266945041716,24394697.402141187,12.511351106014228,True
331200.0,0.005983497043181429,-0.0054968542950177834,0.002646056828599086,-270.8344123773277,24402759.173723646,12.495593346475461,True
331500.0,0.005979171485234829,-0.005467198046545718,0.0026938383149186507,-275.8136959336698,24410689.922443885,12.481795231223302,True
331800.0,0.005974713312584483,-0.0054347627531114995,0.002745402134664232,-281.06706450134516,24418835.40195383,12.46647240239883,True
332100.0,0.005970057052956096,-0.0053992864036729316,0.002800659041328757,-286.59424774348736,24427546.209546383,12.446094655199293,True
332400.0,0.005965131826110345,-0.005360505183091391,0.002859491463658159,-292.3910841271281,24437175.969242297,12.417104816078556,True
332700.0,0.005959868692238465,-0.005318173397824921,0.0029217382610262632,-298.4521085508168,24448079.456064746,12.375939280361285,True
333000.0,0.005954202844594303,-0.005272062285712309,0.0029872089827627235,-304.76974807679653,24460610.66265173,12.3190500512685,True
333300.0,0.005948069619760155,-0.005221966816662871,0.00305567194694234,-311.3308418430388,24475120.8187024,12.242928174692702,True
333600.0,0.005941404756750863,-0.005167703830181836,0.003126866861920874,-318.12455141171813,24491956.388655845,12.144128292139351,True
333900.0,0.0059341524804265005,-0.00510913299007143,0.0032004956744025037,-325.1309019625187,24511457.02969073,12.019294063121754,True
334200.0,0.005926254439584658,-0.005046143185296614,0.0032762330550326624,-332.3341679275036,24533953.56854216,11.86518405311978,True
334500.0,0.005917661824610282,-0.004978673668006195,0.003353725788285189,-339.71160930767655,24559765.96323008,11.678697692649546,True
334800.0,0.005908328008511543,-0.00490670683544181,0.0034325993775219388,-347.23969416692853,24589201.3085471,11.456900810390916,True
335100.0,0.005898215904873342,-0.004830279570740004,0.0035124629315888,-354.8923603184521,24622551.877469167,11.197050230614444,True
335400.0,0.005887290489590724,-0.004749480000356243,0.003592908252766591,-362.6435766592622,24660093.228981845,10.896616898146746,True
335700.0,0.005875527051941729,-0.004664451644316614,0.0036735243241245996,-370.4632441699505,24702082.38989944,10.55330696792459,True
336000.0,0.005862906786822966,-0.004575387015279375,0.00375390231287831,-378.3196274675429,24748756.14236081,10.165080364889429,True
336300.0,0.005849417800552521,-0.0044825335902487495,0.003833632874691517,-386.1817160099745,24800329.42847364,9.730166340293966,False
336600.0,0.005835056640161615,-0.004386183095220986,0.0039123229699438156,-394.01404259726405,24856993.88189803,9.247075595546097,False
336900.0,0.005819832032583761,-0.0042866755622981145,0.003989596696305497,-401.78386152908206,24918916.522338327,8.71460869872324,False
337200.0,0.005803752450134406,-0.004184377524893534,0.004065099257831051,-409.4550627656281,24986238.601813626,8.131860572121688,False
337500.0,0.005786843449955927,-0.004079690044989093,0.004138510740863133,-416.9932546056807,25059074.639713645,7.498220960412451,False
337800.0,0.0057691318914258015,-0.003973033905481316,0.004209535107055906,-424.3617083989084,25137511.63668236,6.813370953369201,False
338100.0,0.005750654641320829,-0.003864840331345931,0.004277917145372179,-431.5250179581344,25221608.492053438,6.077275670496234,False
338400.0,0.0057314565213675735,-0.0037555431113958093,0.004343441518829039,-438.4491742178798,25311395.61874217,5.290173425182553,False
338700.0,0.00571158898992402,-0.0036455754851090205,0.004405928650919044,-445.0985229164362,25406874.75848387,4.452561722329605,False
339000.0,0.0056911073184826595,-0.0035353512618883087,0.004465241881743687,-451.43913182243705,25508019.006541833,3.5651805214549293,False
339300.0,0.005670076409382769,-0.003425271654293738,0.004521283802271903,-457.43948055803776,25614773.033607297,2.6289932894011496,False
339600.0,0.005648560377649093,-0.0033157035439330684,0.004573995101729844,-463.0675000883639,25727053.49805115,1.6451663636176728,False
339900.0,0.00562663521663651,-0.0032069919445518735,0.004623355983161215,-468.2941768169403,25844749.65037893,0.615047169570263,False
340200.0,0.005604370004947841,-0.0030994370901282764,0.004669375271604936,-473.08948893100023,25967724.10504012,-0.4598581610994261,False
340500.0,0.005581843395255965,-0.002993307598416095,0.0047120970717726696,-477.427987549454,26095813.78432736,-1.5779072998933033,False
340800.0,0.005559136642191153,-0.0028888291306827796,0.004751596291531879,-481.2844013161957,26228831.00053759,-2.737343872678732,False
341100.0,0.00553632512783879,-0.002786184773952982,0.00478796494112288,-484.6372060626745,26366564.678857878,-3.936318853191961,False
341400.0,0.005513491483830586,-0.0026855159949263907,0.004821323988736026,-487.46375722810626,26508781.688189905,-5.172910894022983,False
341700.0,0.005490712767650638,-0.0025869237983613402,0.004851805176350865,-489.74668173864484,26655228.282687694,-6.4451452646775005,False
342000.0,0.005468068982090209,-0.00249046740040626,0.004879559298426983,-491.4695346727967,26805631.614907566,-7.7510112427154025,False
342300.0,0.005445633448494051,-0.0023961632572877534,0.004904743462187611,-492.61704856157303,26959701.318936683,-9.088477761093534,False
342600.0,0.005423480082690986,-0.0023039935205702022,0.004927523181265769,-493.1775255203247,27117131.144531026,-10.45550725402476,False
342900.0,0.005401680076520401,-0.0022139003554855208,0.00494806971548023,-493.14021749794483,27277600.619291354,-11.850067637393417,False
343200.0,0.005380301480342774,-0.002125789906273212,0.004966555954226237,-492.49713645502925,27440776.73342053,-13.270142424270569,False
343500.0,0.005359407510927191,-0.0020395346953705484,0.004983152030916926,-491.2424785196781,27606315.626438607,-14.71373900768058,False
343800.0,0.00533906008320162,-0.001954970795139843,0.004998028716372005,-489.37108927965164,27773864.264694434,-16.178895175505573,False
344100.0,0.0053193143487260544,-0.0018718990575337102,0.005011349290114708,-486.88106205686927,27943062.103480443,-17.663683913433605,False
344400.0,0.005300220278464146,-0.0017900899174492224,0.005023268054177521,-483.77230697497725,28113542.715651337,-19.166216600732803,False
344700.0,0.005281831169796267,-0.0017092771174986865,0.005033939913833052,-480.04511750489473,28284935.38219295,-20.684644695023653,False
345000.0,0.00526418413097499,-0.0016291541005841736,0.005043498907081556,-475.7035974264145,28456866.642357893,-22.217159955227515,False
345300.0,0.005247324936632448,-0.0015493803706192466,0.005052080532607306,-470.7515851780772,28628961.785042405,-23.76199336350378,False
345600.0,0.005231287988957404,-0.0014695672288382866,0.0050598026480166425,-465.19491205364466,28800846.29049257,-25.31741273734019,False
345900.0,0.005216087008768646,-0.0013891976649631488,0.00506677085459728,-459.0349076874554,28972147.203631647,-26.881719160845208,False
346200.0,0.00520178581812027,-0.001307960172056255,0.0050730748862370945,-452.2939628511667,29142494.477225106,-28.453242248383972,False
346500.0,0.005188391790289578,-0.0012252249465518616,0.005078794945049481,-444.97399881109595,29311522.184062425,-30.030334286705976,False
346800.0,0.005175924964114115,-0.0011403827310232373,0.005083991010398137,-437.0889745503664,29478869.73843014,-31.611363233666932,False
347100.0,0.005164402334296532,-0.0010527428967748165,0.005088706297627255,-428.6490378640592,29644183.004330374,-33.19470458505656,False
347400.0,0.005153838256548518,-0.0009615308530896982,0.0050929640867636294,-419.66868134588003,29807115.363251716,-34.77873204174816,False
347700.0,0.005144247577065813,-0.0008658665326208848,0.005096769733519579,-410.16300271078944,29967328.70653394,-36.36180691196979,False
348000.0,0.005135636647055006,-0.0007647466493381216,0.005100098593011637,-400.1465301811695,30124494.36812901,-37.942266119658264,False
348300.0,0.005128011862456339,-0.0006570300877228874,0.005102900513612951,-389.63715279474854,30278294.001951132,-39.518408704258086,False
348600.0,0.005121380478771019,-0.0005414178719433949,0.005105096340862758,-378.6520205102861,30428420.3925643,-41.088480603939836,False
348900.0,0.0051157422875777805,-0.00041640828501954275,0.005106565539207963,-367.20921352505684,30574578.21504783,-42.65065749753173,False
349200.0,0.005111101454648009,-0.00028029330354684134,0.0051071498642656366,-355.3274069465697,30716484.738401163,-44.20302546482189,False
349500.0,0.005107453128946947,-0.00013109949566114665,0.0051066335467737645,-343.0272594541311,30853870.47838911,-45.743559119872316,False
349800.0,0.00510479604578755,3.3426929519464466e-05,0.0051047456512449685,-330.3289666287601,30986479.79643011,-47.270096921170115,False
350100.0,0.005103126676160107,0.0002158919355110811,0.005101143153055432,-317.25376434624195,31114071.45442291,-48.780313249872485,False
350400.0,0.005102438962097436,0.00041926786212798106,0.005095396501758387,-303.8243593983352,31236419.122513037,-50.27168690544871,False
350700.0,0.005102726993871201,0.0006469527799310981,0.005086975935320481,-290.062048163265,31353311.839469187,-51.741465674741676,False
351000.0,0.00510398210800791,0.0009028037124778621,0.00507522913614622,-275.99053774029016,31464554.437456507,-53.186626711346015,False
351300.0,0.005106196625573677,0.0011911688896475425,0.005059362063740025,-261.6350185237825,31569967.921372674,-54.60383266406565,False
351600.0,0.005109361306675566,0.0015168848455289208,0.0050384112166739214,-247.01714796200395,31669389.8048548,-55.98938379048597,False
351900.0,0.005113466687270459,0.0018852521264989264,0.005011216263866913,-232.16420794650912,31762674.422487807,-57.339166839553734,False
352200.0,0.005118501893932932,0.002301922699274428,0.004976391804632385,-217.1013424322009,31849693.188204065,-58.64860229628888,False
352500.0,0.0051244533831212025,0.002772738896339888,0.004932296527982771,-201.85376293584704,31930334.82765281,-59.91259279595653,False
352800.0,0.005131311517124516,0.003303407962619076,0.004877020116268227,-186.44704319536686,32004505.573359706,-61.12547725408635,False
353100.0,0.005139064051719962,0.0038990165959091883,0.004808368930255824,-170.90973933786154,32072129.327417865,-62.2809975168649,False
353400.0,0.005147695639843305,0.004563324079811082,0.0047238821950017496,-155.2680167593062,32133147.781704593,-63.372287249431004,False
353700.0,0.005157192895991534,0.005297836719876159,0.004620886591766293,-139.54941276833415,32187520.512876235,-64.39189596431613,False
354000.0,0.005167542424198313,0.006100622531221234,0.004496601255908672,-123.78185864910483,32235225.038202096,-65.3318640749014,False
354300.0,0.00517872828128522,0.0069650184500460455,0.004348303089003025,-107.99382940679789,32276256.837861586,-66.18386650593992,False
354600.0,0.0051907365624666735,0.007878387398363884,0.004173578071544171,-92.21408166736364,32310629.341745324,-66.93944103214801,False
354900.0,0.005203549077987737,0.008821275072932622,0.003970628101370721,-76.46965695172548,32338373.87884847,-67.59031097226001,False
355200.0,0.005217148519432809,0.0097673696436118,0.0037386376519208397,-60.78950572013855,32359539.595860835,-68.12879856417553,False
355500.0,0.005231520031205466,0.010684724768111664,0.003478109467636159,-45.20381325483322,32374193.3341309,-68.54830502509766,False
355800.0,0.005246642694707112,0.011538355975915238,0.0031911047164783213,-29.7396419942379,32382419.464570712,-68.84380944078059,False
356100.0,0.005262498315127212,0.01229407000138849,0.002881320128537368,-14.42716970667243,32384319.693600316,-69.01231825613041,False
356400.0,0.005279065705628503,0.012922793548966638,0.0025539091433870453,0.7063575498759747,32380012.815949768,-69.05318970567126,False
356700.0,0.00529632389356484,0.013404369137788308,0.0022150848628257336,15.633012223988771,32369634.434856605,-68.96827046670197,False
357000.0,0.005314252972893081,0.013729848382411092,0.0018715508181799123,30.322714641690254,32353336.63635747,-68.76181474844203,False
357300.0,0.005332826715055295,0.013901719846103333,0.0015298896218070013,44.748680990189314,32331287.611327246,-68.44019967136164,False
357600.0,0.005352020897708328,0.013932291697869914,0.0011960163819253466,58.88452481105924,32303671.23890799,-68.01148993722667,False
357900.0,0.005371809288909196,0.013840778006169785,0.0008748128041418113,72.70242323726416,32270686.620264836,-67.48492672535366,False
358200.0,0.005392164876117606,0.013650032012037627,0.0005699465772579515,86.17784973978996,32232547.555513553,-66.8704158624449,False
358500.0,0.005413058861595632,0.013383613857229193,0.00028386721858453257,99.284408967942,32189481.978657715,-66.1780734352642,False
358800.0,0.005434459361127284,0.013063613101394367,1.7937553110414228e-05,111.99919998273253,32141731.32854353,-65.41786244860963,False
359100.0,0.005456335555531849,0.012709345000530448,-0.00022737586925813957,124.29767535999417,32089549.87539702,-64.59933075685106,False
359400.0,0.005478652340579781,0.012336764708749115,-0.0004522901344046204,136.1585951000452,32033203.981015176,-63.73144356873291,False
359700.0,0.005501371415701551,0.011958436418524343,-0.0006575002282929177,147.5597841218114,31972971.310756177,-62.82249445818899,False
360000.0,0.0055244589628984314,0.011583842270198375,-0.000844013294951651,158.48348757997155,31909139.97762103,-61.880075718041844,False
360300.0,0.005547870475681539,0.01121980102900011,-0.0010130079359669253,168.91131860017776,31842007.637802254,-60.9110899149604,False
360600.0,0.0055715657662116095,0.010870991838231703,-0.0011657416815751276,178.82681118696928,31771880.519397963,-59.921787458831865,False
360900.0,0.005595498994987662,0.010540398792954875,-0.0013034804084313123,188.21460922807455,31699072.39536989,-58.917818621910214,False
361200.0,0.005619623152144916,0.010229729855581127,-0.0014274467142953995,197.06352044641972,31623903.494085032,-57.90429175590232,False
361500.0,0.005643893005369223,0.00993975518190382,-0.0015387990869442092,205.36243502423167,31546699.359530922,-56.88583218575589,False
361800.0,0.005668252776687404,0.009670551887666079,-0.0016386136128261342,213.10207938030362,31467789.649905644,-55.866638380858774,False
362100.0,0.00569265195744674,0.009421740954280722,-0.0017278778818621277,220.2766210399568,31387506.882881124,-54.8505334516096,False
362400.0,0.005717035589731559,0.009192620169301335,-0.0018074976477606697,226.88269459083676,31306185.13298274,-53.84101103477066,False
362700.0,0.005741346677430754,0.008982289567256885,-0.0018782897980216262,232.91723019257188,31224158.683468238,-52.84127530701882,False
363000.0,0.005765527303812366,0.008789731013109758,-0.0019409983749483217,238.38251378387213,31141760.62883645,-51.85427519897326,False
363300.0,0.005789517876783428,0.008613870626419384,-0.001996293326982368,243.2819904126227,31059321.449844215,-50.88273318365862,False
363600.0,0.005813259936305189,0.008453618548287523,-0.0020447883737375605,247.62088938429952,30977167.55319701,-49.92916904969639,False
363900.0,0.005836687098702895,0.008307887755165666,-0.002087037808060188,251.40997848659754,30895619.78471257,-48.995919189577144,False
364200.0,0.005859739148595499,0.008175631498147595,-0.002123550817920261,254.65935186296701,30814991.937015418,-48.08515185705871,False
364500.0,0.005882354990367004,0.008055842682438197,-0.002154797517768259,257.38283606246114,30735589.239969894,-47.19887889220247,False
364800.0,0.005904472305558633,0.007947559920381764,-0.0021812144524488986,259.59908470883965,30657706.857357077,-46.338964348510544,False
365100.0,0.005926031792161661,0.007849876914690412,-0.00220321008564639,261.3272058479488,30581628.402242888,-45.50713043002028,False
365400.0,0.005946967194876737,0.007761929260510669,-0.002221166460515178,262.5900535620749,30507624.468822353,-44.70496111736875,False
365700.0,0.005967225451817231,0.007682918746951373,-0.002235453040512425,263.4129687361419,30435951.204383537,-43.93390381161054,False
366000.0,0.005986748144666677,0.007612087068707751,-0.0022464226539185006,263.82246923819184,30366848.928696048,-43.19526934379374,False
366300.0,0.006005481627299795,0.007548727804277178,-0.0022544159139954445,263.84857289120555,30300540.809165962,-42.49023061854109,False
366600.0,0.006023376607429556,0.007492179352112771,-0.002259769646094867,263.5260098837316,30237231.608572345,-41.81982017052146,False
366900.0,0.00604038260267377,0.007441817735468703,-0.002262811754299321,262.8855675123632,30177106.52607078,-41.18492690801261,False
367200.0,0.006056462541130898,0.007397070773805581,-0.0022638696728591867,261.9663926921785,30120330.112223085,-40.58629225690062,False
367500.0,0.006071572404798827,0.007357389796197822,-0.002263263985554431,260.80558029934764,30067045.312760122,-40.02450595875263,False
367800.0,0.0060856843964113335,0.007322272881140179,-0.0022613221046867693,259.4422625787556,30017372.614139963,-39.500001698187916,False
368100.0,0.006098766828144279,0.007291239126118398,-0.002258368146421219,257.91794399544597,29971409.31847641,-39.013052798020475,False
368400.0,0.006110800662409243,0.007263849399095079,-0.0022547223478568412,256.2743695937097,29929228.95472043,-38.563768127100175,False
368700.0,0.006121770383463792,0.0072396859542323,-0.002250710430324432,254.55400319769979,29890880.82786801,-38.152088381298576,False
369000.0,0.006131663970227166,0.00721835385166969,-0.0022466555456475135,252.80059320107102,29856389.714096412,-37.7777829072737,False
369300.0,0.006140483471701453,0.007199490005660891,-0.0022428831819922834,251.0570310689509,29825755.708413526,-37.44044716127659,False
369600.0,0.006148229060285152,0.007182742127156416,-0.0022397139126937304,249.3671232536435,29798954.220311318,-37.1395009303326,False
369900.0,0.006154911732408025,0.007167780456740047,-0.0022374684998851535,247.7737879678607,29775936.1252945,-36.874187372699936,False
370200.0,0.006160552036469919,0.007154295617027628,-0.002236462283299545,246.31970824673772,29756628.064893052,-36.643572961427594,False
370500.0,0.006165171247076205,0.007141985155556085,-0.0022370019918582784,245.04612408950925,29740932.89639845,-36.446548358692105,False
370800.0,0.006168800904269901,0.007130558338076298,-0.0022393956506121526,243.99370856955647,29728730.283647537,-36.28183023247294,False
371100.0,0.006171475433391464,0.0071197317766120705,-0.0022439345481046757,243.20324888452888,29719877.424846757,-36.14796406221026,False
371400.0,0.006173239978873079,0.007109230787278875,-0.002250905263778691,242.70949850603938,29714209.91636113,-36.04332786692889,False
371700.0,0.006174140389464686,0.00709877763532063,-0.0022605797864869714,242.55078845843673,29711542.720905952,-35.96613688810671,False
372000.0,0.006174230146678118,0.007088097211891409,-0.0022732163750234236,242.76141630485654,29711671.263067227,-35.91444916703031,False
372300.0,0.00617356602126609,0.007076908966581641,-0.002289058138337907,243.37040381878614,29714372.61762091,-35.886171997522474,False
372600.0,0.006172212461849116,0.007064930959614912,-0.0023083309916316352,244.40970821678638,29719406.775953393,-35.879069219066636,False
372900.0,0.006170234342318309,0.007051869418489787,-0.00233124027364795,245.90501882508397,29726518.00537838,-35.89076931961818,False
373200.0,0.006167699168618645,0.007037418887364311,-0.0023579720664983483,247.88216368481517,29735436.256003782,-35.91877431515375,False
373500.0,0.006164678239889159,0.007021265992250392,-0.002388685575198224,250.36257694289088,29745878.629331663,-35.96046939917565,False
373800.0,0.006161247644222653,0.007003086466426112,-0.0024235195856050495,253.36400258541107,29757550.880197093,-36.01313332631538,False
374100.0,0.006157481848612744,0.006982539001512578,-0.0024625868287131425,256.9051576331258,29770148.941426247,-36.073949551077824,False
374400.0,0.006153458496538662,0.006959274364845669,-0.002505969729142521,260.99979255720973,29783360.474358883,-36.14001810982549,False
374700.0,0.006149256383528888,0.006932933785719797,-0.002553720994932007,265.6570021174848,29796866.41757566,-36.20836824863402,False
375000.0,0.006144954907319932,0.006903149041193046,-0.0026058661895902446,270.8869712613523,29810342.524561536,-36.275971807097925,False
375300.0,0.006140632576213736,0.006869548021313676,-0.0026623961655687367,276.694167163223,29823460.89901803,-36.33975737405759,False
375600.0,0.006136368257649282,0.006831760791726538,-0.002723267662673834,283.0828167423606,29835891.494578917,-36.39662519193562,False
375900.0,0.006132240953231306,0.006789419811696007,-0.0027884116989511654,290.05248918011785,29847303.593613267,-36.44346278999587,False
376200.0,0.0061283282639722995,0.0067421734869981265,-0.002857718954899724,297.60167955979705,29857367.24065226,-36.47716133565096,False
376500.0,0.006124709105000177,0.006689691374361928,-0.002931050479034525,305.72640277445316,29865754.637790624,-36.49463258571733,False
376800.0,0.006121458035709021,0.006631667610946579,-0.003008233619105738,314.4196621887386,29872141.491468143,-36.49282637399414,False
377100.0,0.006118649744378298,0.006567835050873327,-0.003089064807760167,323.67184553667903,29876208.306728065,-36.468748471258635,False
377400.0,0.006116357564632598,0.006497969143708815,-0.0031733153086932475,333.4722064808011,29877641.625777546,-36.4194786379653,False
377700.0,0.006114654704198371,0.006421906690206924,-0.0032607223511362804,343.8081559538841,29876135.21189072,-36.34218866197426,False
378000.0,0.006113608925422053,0.006339534766595989,-0.0033510073942579766,354.6642485521734,29871391.175256677,-36.23416007529798,False
378300.0,0.006113295332458276,0.006250823367338398,-0.0034438703290859962,366.0239514410496,29863121.036827892,-36.092801303599906,False
378600.0,0.006113774278874134,0.006155800117198851,-0.0035389917311690056,377.868240814656,29851046.73585649,-35.91566389481611,False
378900.0,0.006115116826065977,0.006054584257384477,-0.0036360465818106036,390.17673267424107,29834901.57566436,-35.70045749007446,False
379200.0,0.006117383811437267,0.005947363532641248,-0.003734701298157006,402.92783216387033,29814431.111867364,-35.44506323438023,False
379500.0,0.006120641509336118,0.005834411449882282,-0.0038346254020851234,416.0981020219624,29789393.98394203,-35.14754528394883,False
379800.0,0.006124952203378774,0.0057160743978670325,-0.003935491745707509,429.6632529757917,29759562.68914256,-34.8061601599824,False
380100.0,0.006130373091783392,0.0055927650968499165,-0.004036981151607222,443.5975274518132,29724724.30366642,-34.41936370796022,False
380400.0,0.006136965449769516,0.005464958387733532,-0.004138797883726397,457.87311144173145,29684681.15130585,-33.98581549569603,False
380700.0,0.006144787882151272,0.005333189259431492,-0.004240656835953871,472.46221114322543,29639251.41897046,-33.50438060384168,False
381000.0,0.0061538970277792305,0.00519802321895213,-0.004342305653139533,487.33527199551463,29588269.72772449,-32.974128740950704,False
381300.0,0.006164350277159034,0.005060062111795105,-0.004443515613708371,502.4616742134094,29531587.655180898,-32.39433082645216,False
381600.0,0.006176201272121018,0.0049199201484100286,-0.004544087737180291,517.8097165897489,29469074.214630663,-31.76445315033862,False
381900.0,0.006189508765577851,0.004778218239948728,-0.0046438607850518565,533.347009498626,29400616.29195251,-31.084149348016677,False
382200.0,0.006204324444981897,0.004635564924740265,-0.004742700856148474,549.0411748513579,29326119.04251314,-30.35325049368628,False
382500.0,0.006220700776971157,0.004492550472065204,-0.004840508024788193,564.8561780825257,29245506.254752155,-29.571753603325774,False
382800.0,0.0062386953016214716,0.004349736822234718,-0.004937221130340674,580.7570080161095,29158720.669636507,-28.739808920286904,False
383100.0,0.006258359382628985,0.004207644861850213,-0.0050328048041166085,596.7093891352415,29065724.27105586,-27.857706365140075,False
383400.0,0.006279746342660632,0.004066748098438211,-0.005127257484375036,612.6750495806336,28966498.54822249,-26.92586147338613,False
383700.0,0.006302908072113538,0.003927470811731837,-0.005220602533459129,628.6163846589625,28861044.717628468,-25.944801204856475,False
384000.0,0.006327898118853812,0.003790180641004781,-0.005312891824104327,644.4944784529507,28749383.921773408,-24.915149914414897,False
384300.0,0.006354768282159638,0.0036551867185039555,-0.0054041984179988845,660.2708536088467,28631557.3952293,-23.83761579171076,False
384600.0,0.006383569920242028,0.0035227377008766325,-0.005494615781930889,675.9045751988888,28507626.60708976,-22.712977997564362,False
384900.0,0.006414355713620832,0.0033930276808575854,-0.005584253716492071,691.35636331141,28377673.368536226,-21.542074710515735,False
385200.0,0.006447175589017434,0.0032661878397277633,-0.005673235921694442,706.58185056597,28241799.92346169,-20.325792241432858,False
385500.0,0.006482082611313865,0.0031422975209522974,-0.005761698942244209,721.5398632995784,28100128.996014364,-19.06505534075473,False
385800.0,0.006519124239371599,0.003021379313622674,-0.005849783313085055,736.1870656572282,27952803.823100675,-17.760818797233153,False
386100.0,0.006558349116921667,0.0029034009649819836,-0.005937638810667778,750.4803413413465,27799988.14946261,-16.414060366173622,False
386400.0,0.006599806261756333,0.002788286218816438,-0.006025417240369535,764.3724350631237,27641866.19837843,-15.025775089272663,False
386700.0,0.006643540610849033,0.0026759091790324874,-0.006113269172310254,777.8198167532682,27478642.59714726,-13.596971006386578,False
387000.0,0.006689596495789251,0.002566098761661806,-0.0062013446406794515,790.7755319550633,27310542.28223999,-12.128666262679651,False
387300.0,0.006738014165704685,0.0024586361082015173,-0.006289789118993028,803.1936364620924,27137810.35465662,-10.621887615200173,False
387600.0,0.006788834313423098,0.002353267777579049,-0.006378741960425316,815.025440428406,26960711.90186606,-9.077670323708583,False
387900.0,0.0068420926793282,0.0022496888919647517,-0.006468335585124052,826.222106885165,26779531.767820954,-7.497059420396439,False
388200.0,0.0068978148272828416,0.0021475531627572764,-0.006558684308538787,836.7373053319752,26594574.272796743,-5.881112367155699,False
388500.0,0.006956031234677656,0.002046470409624135,-0.006649899271738313,846.5215583369136,26406162.886260703,-4.230903069387773,False
388800.0,0.007016760455855827,0.0019460012820218253,-0.006742069984433829,855.5236768722534,26214639.831601482,-2.5475273220016335,False
389100.0,0.007080013109826823,0.001845651984979213,-0.006835267275958401,863.6970257945359,26020365.61858526,-0.8321096621537954,False
389400.0,0.0071457965001724315,0.0017448749060804403,-0.006929544599267756,870.9900783784688,25823718.517080043,0.914188303462159,False
389700.0,0.007214103295958075,0.001643057711333995,-0.007024925565564555,877.3553043045104,25625093.93042537,2.690158022450891,False
390000.0,0.007284925296193216,0.0015395175423691398,-0.007121415165990186,882.7414103299379,25424903.69531883,4.494532527491389,False
390300.0,0.007358230663663555,0.0014334862236182744,-0.007218974659501498,887.1001966334879,25223575.268390633,6.325973210940307,False
390600.0,0.007433979658998033,0.0013240982926561173,-0.007317534120195646,890.3844910562038,25021550.814083096,8.183054790598527,False
390900.0,0.007512125280857529,0.00121038758967984,-0.007416986949150939,892.5467665269971,24819286.175091464,10.064248258430633,True
391200.0,0.007592593435477501,0.0010912503985025523,-0.007517168427922272,893.5422096773982,24617249.71241735,11.967901633450186,True
391500.0,0.007675298192558936,0.0009654448309959207,-0.007617861958314265,893.327496688813,24415921.014774922,13.892218350553525,True
391800.0,0.00776013593273745,0.0008315468217574562,-0.007718788852498548,891.859362617135,24215789.46470103,15.835232995611706,True
392100.0,0.007846981516932841,0.0006879413620595187,-0.007819593213056919,889.0995628722012,24017352.646965023,17.794784116670186,True
392400.0,0.007935689329577236,0.0005327760679563198,-0.007919834139624271,885.0114409774542,23821114.607377663,19.768483804028477,True
392700.0,0.008026091542975088,0.0003639233223395877,-0.008018970662629243,879.5627705007792,23627583.942176193,21.75368366745211,True
393000.0,0.008117989482537764,0.00017894930368811401,-0.008116336730370932,872.7240946665406,23437271.72559216,23.747436816394373,True
393300.0,0.008211174935322679,-2.494060728963632e-05,-0.008211144203091436,864.470423143357,23250689.267044764,25.74645546459888,True
393600.0,0.008305401785061131,-0.0002509532321539609,-0.008302431463011573,854.7831726931036,23068345.703356456,27.747063653752818,True
393900.0,0.008400406016861843,-0.0005027630114398107,-0.008389055735253947,843.647839024663,22890745.436279114,29.74514479920348,True
394200.0,0.00849589679648832,-0.0007845546007843041,-0.008469651809576817,831.0562371015549,22718385.416252855,31.736083671442337,True
394500.0,0.008591562882061268,-0.0011010771478936476,-0.008542600124108901,817.0074775256217,22551752.292416703,33.714702727963385,True
394800.0,0.008687069234501148,-0.0014576737607114865,-0.008605979206457448,801.507302146405,22391319.448227562,35.675192970613715,True
395100.0,0.008782061496256103,-0.0018602788111365953,-0.008657521289599401,784.5690614916384,22237543.943428297,37.611040099434746,True
395400.0,0.008876167708848547,-0.002315379653737182,-0.008694559995078066,766.2145674712956,22090863.393299498,39.51494758291084,True
395700.0,0.00896900035396923,-0.0028298980953991304,-0.00871397738511348,746.4725810550153,21951692.821666725,41.378759621498766,True
396000.0,0.00906016567185098,-0.0034109519692719914,-0.008712164582341586,725.3827604278922,21820421.5188342,43.19338894338335,True
396300.0,0.009149261766450468,-0.004065473445024281,-0.008684982388736273,702.9928393363953,21697409.95990362,44.94875707352718,True
396600.0,0.009235886151552762,-0.004799596846879695,-0.008627763523513465,679.3569326922297,21582986.82225802,46.63375838188248,True
396900.0,0.009319640424216156,-0.0056178287298394025,-0.008535349490699673,654.5418817661703,21477446.144394137,48.2362636044424,True
397200.0,0.009400135150372442,-0.006521867387391467,-0.00840221556021703,628.619532648474,21381044.698466703,49.74318347078569,True
397500.0,0.009476999888436994,-0.007509199944252032,-0.008222694014328624,601.6721426285803,21293999.599320613,51.140617398002384,True
397800.0,0.00954988436880438,-0.008571539302494102,-0.0079913176117401,573.788486842066,21216486.220537417,52.41411431393593,True
398100.0,0.009618461964038434,-0.009693324019877991,-0.007703320243876988,545.0648282319307,21148636.447909914,53.54906982789794,True
398400.0,0.009682444000976178,-0.010850732453093315,-0.007355274884815799,515.6036501713097,21090537.316867962,54.53127289117021,True
398700.0,0.009741571515139288,-0.012011679655984153,-0.006945782598378969,485.5118451267481,21042230.064902775,55.347593286369616,True
399000.0,0.009795635429698154,-0.013137306884289046,-0.0064761495893606025,454.9013184867799,21003709.620761313,55.98676905487141,True
399300.0,0.009844460969865416,-0.014185121682487534,-0.005950848549666432,423.88757118210196,20974924.550517216,56.44021540574282,True
399600.0,0.00988793017187599,-0.015113645374754014,-0.0053776338279618585,392.58550744503736,20955777.467179507,56.70274551093339,True
399900.0,0.009925964797893249,-0.01588758326374773,-0.004767171644566304,361.1144932694733,20946125.88765147,56.773083242428115,True
400200.0,0.009958539059677708,-0.01648238204364816,-0.0041322483011185795,329.59022012352943,20945783.54536458,56.65406961773302,True
400500.0,0.009985671791707607,-0.01688698533484967,-0.0034866209143089577,298.12804693728685,20954522.11035731,56.35251746706714,True
400800.0,0.010007431449354297,-0.017104165844159525,-0.0028437957866032093,266.8421803712845,20972073.300348897,55.87873798781138,True
401100.0,0.010023930689242332,-0.017148570781046146,-0.0022159416198306303,235.84002336487174,20998131.34408064,55.24582445131112,True
401400.0,0.010035321157312814,-0.017043259009085432,-0.001613154599404254,205.22546515613794,21032355.737921007,54.468812834321014,True
401700.0,0.01004179156463979,-0.01681579119869525,-0.001043068826092508,175.0973983667791,21074374.260018043,53.56383936267411,True
402000.0,0.01004356250329671,-0.016494688894425735,-0.000510856774546653,145.5476075001061,21123786.185924977,52.547388559010315,True
402300.0,0.010040882746731589,-0.016106800187742465,-1.945067798914124e-05,116.65971298888326,21180165.65126341,51.43568649160774,True
402600.0,0.010034029992785454,-0.015675688947226263,0.00043005778743321343,88.51238611713052,21243065.10620824,50.244257006217694,True
402900.0,0.010023291713206007,-0.01522089056970799,0.0008380169323629616,61.17345638200641,21312018.82532664,48.98763138323081,True
403200.0,0.010008973641453438,-0.014757864268403864,0.001205789448711414,34.70419145748019,21386546.406980183,47.67918675336071,True
403500.0,0.009991389206543114,-0.014298313813412733,0.0015354296437166681,9.15796048939228,21466156.235834602,46.3310830944982,True
403800.0,0.00997085572634708,-0.013850720989410092,0.001829391697349081,-15.421943165361881,21550348.866390683,44.95427000419351,True
404100.0,0.009947692004450084,-0.013420935231636122,0.002090329625865195,-38.99963303655386,21638620.289880984,43.55853880481786,True
404400.0,0.009922216825447862,-0.013012739271488272,0.002320944249284196,-61.54631995037198,21730465.065279897,42.15260117367951,True
404700.0,0.009894736389624367,-0.012628325065236368,0.0025238944513006345,-83.0426295734942,21825379.293702282,40.744180671573716,True
405000.0,0.009865550005296547,-0.012268721464977261,0.0027017132956146384,-103.4756476469338,21922863.412541892,39.34010798540259,True
405300.0,0.009834948149224046,-0.011934112147685028,0.0028567976251707705,-122.83982772380114,22022424.8076169,37.94641391881881,True
405600.0,0.00980320660547832,-0.011624091492819844,0.0029913669577510404,-141.13579906895757,22123580.230910555,36.56841675269323,True
405900.0,0.009770585885893794,-0.011337852729440101,0.0031074720983568227,-158.37287113443017,22225858.027144153,35.21080207146451,True
406200.0,0.00973733274475163,-0.011074336592656664,0.0032069906432212747,-174.56336208432913,22328800.158079352,33.87769438329309,True
406500.0,0.009703674384099897,-0.010832328158187465,0.0032916364631034867,-189.72675878554583,22431964.04608855,32.57272045262333,True
406800.0,0.009669825250649366,-0.01061053699854142,0.003362978494866553,-203.88632745295763,22534924.225355573,31.299064696050454,True
407100.0,0.009635978249170174,-0.010407642824873164,0.0034224424877500326,-217.07141958922148,22637273.821388397,30.05951722930876,True
407400.0,0.009602314709495234,-0.010222342088866299,0.003471327387213563,-229.31321854144335,22738625.855247788,28.856515192208867,True
407700.0,0.009568997758120241,-0.01005336048123695,0.0035108235209158067,-240.64867627248168,22838614.396699823,27.692178047595426,True
408000.0,0.009536167381867645,-0.009899467284270713,0.0035420117192686007,-251.11757158488035,22936895.561116632,26.568337541266924,True
408300.0,0.009503960943178165,-0.00975949995006431,0.0035658935181963614,-260.7607335187495,23033148.368185136,25.486562899334583,True
408600.0,0.009472489847335229,-0.009632346583970275,0.0035833857280316295,-269.62543692439795,23127075.478313114,24.448181906844553,True
408900.0,0.009441856381529959,-0.009516964350410717,0.0035953357310205547,-277.7562914416194,23218403.794594884,23.454298336150014,True
409200.0,0.009412148308339844,-0.009412372305035888,0.0036025283375167305,-285.20258501917124,23306884.970334794,22.505806228187243,True
409500.0,0.009383439114533876,-0.009317645863831103,0.003605700478836127,-292.01454818993807,23392295.80300599,21.6034014370104,True
409800.0,0.009355790928037306,-0.009231920657924775,0.0036055392399454433,-298.24386190250516,23474438.537664413,20.7475908457591,True
410100.0,0.009329255245451246,-0.009154389082794978,0.003602688492531314,-303.9424503967166,23553141.080784637,19.93869957406395,True
410400.0,0.009303870300218087,-0.009084291027562585,0.0035977587023729996,-309.1628455594182,23628257.133923,19.176876493462554,True
410700.0,0.009279665424737816,-0.009020915309776001,0.0035913300809262694,-313.95760226249695,23699666.249986455,18.46209834153572,True
411000.0,0.00925666143320217,-0.008963594479070025,0.0035839596436133547,-318.38195164501667,23767273.82077532,17.79417267815798,True
411300.0,0.009234868908068352,-0.008911705645658685,0.0035761688301185757,-322.48738834261894,23831010.987174623,17.172739937103806,True
411600.0,0.009214287396729495,-0.008864655050189185,0.003568470076064756,-326.328132212162,23890834.49683516,16.597274722903723,True
411900.0,0.009194911898876154,-0.008821892495603834,0.0035613440967843246,-329.9553788378835,23946726.486414757,16.067086629971875,True
412200.0,0.009176727891085881,-0.008782891259727421,0.0035552658015021166,-333.421276435256,23998694.211768225,15.581320657253826,True
412500.0,0.009159712592261355,-0.008747155831258624,0.003550682709056119,-336.77606520056725,24046769.71031141,15.138957469830103,True
412800.0,0.009143836225632506,-0.008714212949485045,0.0035480311654332297,-340.06998923793435,24091009.407346904,14.738813563319754,True
413100.0,0.009129066127292933,-0.008683615654859977,0.0035477297983366185,-343.35104237496853,24131493.657031007,14.379541520357636,True
413400.0,0.009115358191553572,-0.00865492956683056,0.0035501808681690505,-346.6650589630008,24168326.223608453,14.05963044655764,True
413700.0,0.00910266349600211,-0.008627738318637057,0.0035557665159995366,-350.05890164896846,24201633.702342115,13.777406708276352,True
414000.0,0.009090925802106827,-0.00860163552965787,0.0035648521915714326,-353.574162222445,24231564.86585404,13.531035062428344,True
414300.0,0.009080086551353447,-0.008576225793177628,0.003577788432737705,-357.25354124978185,24258289.956040956,13.318520284964688,True
414600.0,0.009070076812052746,-0.008551118745145914,0.003594895129753084,-361.13469905406237,24281999.89412916,13.137709408917404,True
414900.0,0.009060823505583416,-0.008525925939608214,0.003616475834466115,-365.2542723827064,24302905.429195244,12.986294618648289,True
415200.0,0.009052254569500859,-0.008500265903592208,0.0036428108370305523,-369.6478494629264,24321236.208528966,12.861816946615319,True
415500.0,0.009044282376733354,-0.008473748206824894,0.0036741433810618673,-374.3439610749483,24337239.765530657,12.761670855469786,True
415800.0,0.009036823418768738,-0.008445984799720918,0.0037106961012813855,-379.37374644726515,24351180.44459755,12.683109768494159,True
416100.0,0.009029784054953475,-0.00841657755429992,0.0037526564988379363,-384.7604367546737,24363338.225212235,12.623252712663536,True
416400.0,0.009023068974204698,-0.008385126587313607,0.00380017406764388,-390.5273481942713,24374007.482395366,12.579092137025935,True
416700.0,0.009016579733583625,-0.008351228196517013,0.0038533571696408586,-396.69305543601513,24383495.651194643,12.547503024001763,True
417000.0,0.009010213290769486,-0.008314466238800833,0.003912284625382512,-403.2712217196822,24392121.812352635,12.52525338179249,True
417300.0,0.009003863551890904,-0.008274428463153072,0.003976974434127811,-410.2753765657544,24400215.199914776,12.509016271908761,True
417600.0,0.008997425064976715,-0.008230696479927246,0.004047413676724787,-417.7123447842896,24408113.615896538,12.495383352024682,True
417900.0,0.00899078822249961,-0.008182856612279465,0.004123528357816042,-425.58668802306056,24416161.77686426,12.48088012091813,True
418200.0,0.008983842082844588,-0.008130498704900901,0.00420519719518353,-433.8963170014322,24424709.576288562,12.461982800648183,True
418500.0,0.008976480275688259,-0.00807322986241843,0.0042922450886369035,-442.639130204916,24434110.287551664,12.435136924708551,True
418800.0,0.008968593067912348,-0.008010668666827314,0.004384445492382483,-451.8065269999206,24444718.689903155,12.396777564128197,True
419100.0,0.008960074419110179,-0.007942463161441538,0.004481513294349426,-461.386063542217,24456889.147577047,12.343351119472526,True
419400.0,0.008950818748415947,-0.00786828978465337,0.004583112292708691,-471.3601406663656,24470973.63844857,12.271338505147542,True
419700.0,0.008940727183682502,-0.007787870859942814,0.004688851283319195,-481.71040891483426,24487319.75296011,12.177279537719336,True
420000.0,0.008929706863326193,-0.007700976681149996,0.004798293538055276,-492.4110786318779,24506268.65907552,12.05779822118785,True
420300.0,0.008917663504071924,-0.007607429458033721,0.00491095064704794,-503.4348683170974,24528153.071023427,11.909628607972524,True
420600.0,0.008904519976065669,-0.00750712588649094,0.0050262971115557775,-514.7487041242421,24553295.2143026,11.729640784931183,True
420900.0,0.008890199349685055,-0.007400025159313373,0.005143771084128446,-526.317309115082,24582004.821612436,11.514866548992634,True
421200.0,0.008874636366535266,-0.007286165003137057,0.005262784136796483,-538.1017446108162,24614577.16424107,11.26252423655619,True
421500.0,0.008857775335173745,-0.007165664780984571,0.005382724735657263,-550.0602358654141,24651291.14439047,10.970042183166118,True
421800.0,0.008839572230983795,-0.007038724569724764,0.005502972508484305,-562.1479865536094,24692407.46365864,10.635080252391425,True
422100.0,0.008819993234508508,-0.0069056255621546825,0.0056229024375475944,-574.3171225935221,24738166.887360096,10.25554892885895,True
422400.0,0.008799014785091482,-0.006766724679010849,0.005741896624186893,-586.5185061767697,24788788.62461661,9.829625474333852,False
422700.0,0.008776630081136405,-0.006622454193490057,0.005859357303936719,-598.7000184468925,24844468.83627266,9.355766735981424,False
423000.0,0.008752839501043,-0.0064733090780748626,0.005974706959340992,-610.8079194128513,24905379.29357568,8.83271829153787,False
423300.0,0.008727659974041133,-0.006319841409748506,0.006087406709962551,-622.7898352965713,24971666.200998116,8.259519676062956,False
423600.0,0.008701120065444143,-0.006162647405147936,0.006196958830940957,-634.5899412408471,25043449.18673711,7.635505617609052,False
423900.0,0.008673261192513935,-0.006002359415589353,0.006302911513163423,-646.1519915610552,25120820.48734069,6.960303279870035,False
424200.0,0.008644134884702068,-0.005839627521368129,0.0064048666575997615,-657.422997534275,25203844.327619318,6.233825649041774,False
424500.0,0.00861380661192202,-0.005675107985069872,0.006502488159083164,-668.3475943915546,25292556.491605323,5.45626131946417,False
424800.0,0.008582348864487289,-0.0055094544956659774,0.006595492538056469,-678.8706307858229,25386964.105046943,4.628061048429409,False
425100.0,0.008549849437195436,-0.005343302440167008,0.006683665549719553,-688.9415008574724,25487045.62308478,3.749921470494198,False
425400.0,0.0085163999743422,-0.005177261226350538,0.006766845390961507,-698.5080674216151,25592751.008284446,2.8227665246221707,False
425700.0,0.008482102028369996,-0.00501189687267356,0.006844936524656564,-707.5220077782869,25704002.115478385,1.8477270607739082,False
426000.0,0.008447063951235194,-0.004847735366809047,0.0069178954525462855,-715.9359402954578,25820693.25585877,0.8261192287756367,False
426300.0,0.00841139883228239,-0.004685246915471453,0.0069857331428548886,-723.7057893201709,25942691.943558358,-0.2405778591872696,False
426600.0,0.008375225147857249,-0.004524846319839071,0.00704850904972254,-730.7897373735905,26069839.803828277,-1.3507446583536302,False
426900.0,0.008338658974897106,-0.0043668852683254045,0.007106321351548317,-737.1480956636369,26201953.633207902,-2.5026434513975446,False
427200.0,0.008301828798681292,-0.004211657863038454,0.007159315903402241,-742.7466818243265,26338826.598998368,-3.6944399482476333,False
427500.0,0.008264852421920987,-0.004059387231052369,0.007207662678621496,-747.5523356124759,26480229.550419044,-4.924223822684854,False
427800.0,0.008227853424900585,-0.003910240260694309,0.007251562239899201,-751.534464109689,26625912.438480154,-6.190027961049255,False
428100.0,0.00819095194074756,-0.0037643168828651596,0.0072912376539164825,-754.667825743556,26775605.822672535,-7.489846155959924,False
428400.0,0.008154264426823205,-0.0036216584897772464,0.007326926336608253,-756.9292979799211,26929022.440197818,-8.821649098995541,False
428700.0,0.0081179100513004,-0.0034822510529011197,0.007358882935669442,-758.2993464879692,27085858.83182447,-10.183398579927353,False
429000.0,0.008081994849580226,-0.0033460188406309044,0.007387362010835119,-758.761535294354,27245797.00173352,-11.573059808302471,False
429300.0,0.008046625208613796,-0.0032128340161250435,0.007412625892605718,-758.3036975711584,27408506.099881247,-12.98861189291688,False
429600.0,0.008011901716441169,-0.0030825179198075148,0.007434935121137798,-756.9144341610372,27573644.10651567,-14.428056461969398,False
429900.0,0.007977920051081831,-0.002954834677979079,0.0074545495755771185,-754.5881950631738,27740859.519270815,-15.88942450474032,False
430200.0,0.007944770442151135,-0.0028295035429550808,0.007471720620856104,-751.3199327997863,27909793.01228902,-17.370781487610135,False
430500.0,0.007912532215119419,-0.002706189662973202,0.007486686590567615,-747.1105497181416,28080079.078397594,-18.870230841891814,False
430800.0,0.007881281971981215,-0.002584508746508618,0.00749967734760304,-741.9598424769938,28251347.622205805,-20.38591592062447,False
431100.0,0.007851093631004877,-0.0024640195127858533,0.007510914072298647,-735.8725264593959,28423225.522209678,-21.916020502426555,False
431400.0,0.007822025105131707,-0.002344224359234204,0.007520592154744321,-728.8568862788379,28595338.135250892,-23.458767917753544,False
431700.0,0.007794137454149167,-0.0022245662263173926,0.007528899257042809,-720.9215616844594,28767310.743868466,-25.01241892826698,False
432000.0,0.007767482746219608,-0.0021044180968488035,0.007536002031361733,-712.0774337537587,28938769.94968286,-26.575268358834755,False
432300.0,0.007742064265867579,-0.00198297520472579,0.007542023770636064,-702.3029877841473,29109344.968411174,-28.145640554540282,False
432600.0,0.007718008634618204,-0.001859665470078653,0.007547131733865342,-691.6839089691639,29278669.035435326,-29.721883812649374,False
432900.0,0.007695303016381496,-0.0017335021959468122,0.007551400584162593,-680.2044632397592,29446380.39847665,-31.302363465559072,False
433200.0,0.007673978385293368,-0.001603491621295916,0.007554906194862099,-667.882975153625,29612123.58941464,-32.88545405432419,False
433500.0,0.007654061567808691,-0.0014685173480017966,0.007557695794666586,-654.7414862029254,29775550.465677034,-34.46953019724227,False
433800.0,0.007635568764326635,-0.0013273147091013016,0.007559779039517878,-640.8008757196367,29936321.213342384,-36.052956227126295,False
434100.0,0.007618519492525659,-0.0011784436444486346,0.0075611382760598644,-626.0872291214764,30094105.29901588,-37.634074492373216,False
434400.0,0.007602923515633692,-0.001020274328141113,0.007561708869758377,-610.6257194429636,30248582.348347634,-39.21119213458671,False
434700.0,0.007588790753325526,-0.0008509374449658935,0.007561385035586454,-594.4423552528024,30399442.973395176,-40.7825662224564,False
435000.0,0.007576128380679014,-0.0006682975711953532,0.00756000831258774,-577.5657574608922,30546389.543011725,-42.34638698338805,False
435300.0,0.007564936715320398,-0.00046990832257165494,0.0075573547410812125,-560.0261013843119,30689136.895520594,-43.90075889203647,False
435600.0,0.007555212904691912,-0.00025295976263350894,0.0075531277616818215,-541.8527070581913,30827412.99733081,-45.44367932506211,False
435900.0,0.0075469603451620865,-1.4223551175973626e-05,0.007546954103787584,-523.0779921784997,30960959.55737727,-46.973014444602526,False
436200.0,0.007540169257393789,0.0002500011943595837,0.0075383480853830065,-503.7343881651759,31089532.586110566,-48.48647191325249,False
436500.0,0.007534837031694797,0.0005439556176725091,0.007526712598618701,-483.8543780185282,31212902.91123966,-49.98157013646694,False
436800.0,0.00753094985330506,0.000872483122890344,0.007511297372168713,-463.4733383990824,31330856.651844274,-51.45560360292588,False
437100.0,0.007528502835429753,0.0012410851663560152,0.007491191655830676,-442.6266659460962,31443195.644138157,-52.90560412552245,False
437400.0,0.007527481313464212,0.0016559720008046952,0.007465272898940611,-421.3490209467709,31549737.82836521,-54.328297790283095,False
437700.0,0.007527872912379268,0.002124056317228451,0.007432183579034302,-399.67878901585937,31650317.601411264,-55.72005786103039,False
438000.0,0.007529664855346638,0.002652930574072343,0.00739028768611405,-377.65302735567093,31744786.121701714,-57.076854248878846,False
438300.0,0.00753284011642583,0.0032507518951376824,0.007337624034697399,-355.30945685878396,31833011.584065765,-58.39420097719909,False
438600.0,0.00753738345299905,0.003925968404757896,0.007271875703033004,-332.6865823455155,31914879.45657786,-59.667104204645824,False
438900.0,0.007543277951449571,0.00468694307389228,0.007190329097568338,-309.82427272200584,31990292.68244368,-60.89001493434729,False
439200.0,0.007550504225819021,0.005541245261071026,0.007089864448786898,-286.76310269907117,32059171.84577501,-62.05679278528023,False
439500.0,0.007559046521274151,0.006494731179316204,0.006966972444651276,-263.54244842380285,32121455.301595062,-63.16068991116451,False
439800.0,0.007568883157983011,0.007550213571761333,0.006817812618137964,-240.20350725203753,32177099.27640385,-64.19436733657464,False
440100.0,0.00757999240028989,0.008705815134362638,0.006638356628783981,-216.78711617738008,32226077.929150626,-65.14995908358237,False
440400.0,0.007592357933497621,0.009953103732470936,0.006424622196291807,-193.3358990997076,32268383.381933734,-66.01920142675186,False
440700.0,0.007605951941667558,0.011275228417446215,0.006172995729428976,-169.8904715180397,32304025.709769193,-66.7936439521947,False
441000.0,0.00762075419036733,0.012645569515484567,0.005880691996807741,-146.49215307831764,32333032.90132161,-67.46495379620816,False
441300.0,0.0076367406853752266,0.014027429072939412,0.005546257908989105,-123.18544814735651,32355450.783136547,-68.02531237017527,False
441600.0,0.007653886031885273,0.01537543799611285,0.005170079504765113,-100.00983419641852,32371342.896038655,-68.46788494235776,False
441900.0,0.0076721658625935555,0.016639007847402354,0.004754773783631094,-77.00858880206943,32380790.350405056,-68.78731982295453,False
442200.0,0.007691550436357948,0.017767616434042566,0.004305339927370255,-54.22328931093216,32383891.627791874,-68.98021222658728,False
442500.0,0.007712012719272509,0.018717117441326536,0.003828973816979442,-31.69474622607231,32380762.348395634,-69.04545737330221,False
442800.0,0.007733523438704559,0.019455509100737345,0.00333453765878744,-9.465134091675282,32371534.997724827,-68.98442612532533,False
443100.0,0.0077560498738739525,0.019966746579797245,0.002831762762696144,12.424333646893501,32356358.60534586,-68.80092597754474,False
443400.0,0.007779559479586143,0.020251669175166853,0.00233035237904744,33.936187490820885,32335398.378142964,-68.50095276909417,False
443700.0,0.007804018134446929,0.020326034773887613,0.0018391606433141305,55.028565406799316,32308835.297855034,-68.09227954197665,False
444000.0,0.007829388367296727,0.020216520928187265,0.0013656046541825617,75.66319724917412,32276865.65420106,-67.58395476986365,False
444300.0,0.007855631865151863,0.01995596801151578,0.0009153436650706226,95.80391993001103,32239700.53752912,-66.9857863429195,False
444600.0,0.007882707639031391,0.01957893519252707,0.0004922520008534548,115.41370187699795,32197565.281376977,-66.30787351488453,False
444900.0,0.00791057105644643,0.019118307420853853,9.855558067783932e-05,134.45742847025394,32150698.84611304,-65.56022512440977,False
445200.0,0.007939179167742429,0.01860315905923926,-0.00026487736786862115,152.90234608203173,32099353.150270816,-64.75247849475663,False
445500.0,0.007968481705413082,0.01805772320628307,-0.0005982323353990182,170.71594950929284,32043792.348434165,-63.89371493051973,False
445800.0,0.00799842762223852,0.017501240741978563,-0.0009024438533842272,187.86818828433752,31984292.047613885,-62.992357083598456,False
446100.0,0.008028964798086348,0.01694832170534255,-0.0011789428668222968,204.33048003911972,31921138.46866668,-62.05612927619174,False
446400.0,0.008060034033512718,0.016409567461664665,-0.0014294430208039444,220.07829150557518,31854627.545309305,-61.09206228378621,False
446700.0,0.008091575240184896,0.015892303721670942,-0.0016557914847297184,235.08767995238304,31785063.969978172,-60.106526762685654,False
447000.0,0.00812352871051705,0.01540127867690444,-0.0018598572401629099,249.33580520004034,31712760.176554628,-59.10528308798879,False
447300.0,0.00815582578544128,0.014939257289142915,-0.00204345959731711,262.80620939284563,31638035.259636752,-58.09353874928148,False
447600.0,0.008188397855147153,0.01450755132898962,-0.0022083225946190055,275.48155139014125,31561213.84865842,-57.07600733365997,False
447900.0,0.008221173237054735,0.014106418050346292,-0.002356056918628724,287.350413441658,31482624.91179576,-56.05696531365884,False
448200.0,0.008254078319706475,0.013735383338740803,-0.002488140917371595,298.4032152630389,31402600.516815238,-55.040304477864716,False
448500.0,0.00828703442975763,0.013393473915783716,-0.0026059231626831547,308.63187247142196,31321474.537104648,-54.02957887954585,False
448800.0,0.00831995886162202,0.013079394779168751,-0.0027106314451046387,318.03512797132134,31239581.304577775,-53.02804592541976,False
449100.0,0.008352773225671396,0.012791676266260765,-0.0028033750477263197,326.61419524252415,31157254.229220945,-52.03870166288576,False
449400.0,0.00838538886388462,0.012528736802238427,-0.0028851609968825187,334.37129904702306,31074824.377927624,-51.0643105430911,False
449700.0,0.008417722774409416,0.012288977537366463,-0.002956900261665396,341.3163005039096,30992619.013516143,-50.10743011320812,False
450000.0,0.008449683008421006,0.012070798593754262,-0.0030194226312190153,347.45998995006084,30910960.122290973,-49.17043110331594,False
450300.0,0.008481185685553866,0.011872656117049019,-0.0030734870732302966,352.81894532591105,30830162.913052276,-48.25551341423621,False
450600.0,0.008512137558088259,0.011693051803263188,-0.0031197903997934873,357.41213078424335,30750534.3160172,-47.36471848024183,False
450900.0,0.008542452285098976,0.011530569260855827,-0.003158976589560325,361.2627740986645,30672371.477545913,-46.499938452157,False
451200.0,0.008572039711133196,0.01138385864811653,-0.0031916495121748767,364.39806189388037,30595960.268295538,-45.66292261255465,False
451500.0,0.008600814903141341,0.011251653253964378,-0.0032183778706240673,366.8491954319179,30521573.813064147,-44.855281415314565,False
451800.0,0.00862869271409815,0.011132760800023789,-0.003239699211995628,368.65187732875347,30449471.05359494,-44.07848849284246,False
452100.0,0.008655591281034183,0.011026062413890259,-0.003256131426425668,369.8444594554603,30379895.358853675,-43.333880945189385,False
452400.0,0.008681432964155874,0.010930512537214554,-0.003268172983339923,370.4667506814003,30313073.1917754,-42.62265822856448,False
452700.0,0.008706142786179472,0.010845128265145831,-0.0032763138377589485,370.56516209617257,30249212.838877536,-41.945879899332255,False
453000.0,0.008729652586580094,0.010768996793046881,-0.003281027716852236,370.1880077198148,30188503.230889205,-41.30446250263778,False
453300.0,0.00875189948267947,0.010701258364605337,-0.0032827930333496624,369.38603400439024,30131112.85098601,-40.69917580188091,False
453600.0,0.008772824986267884,0.01064111175708149,-0.0032820740096966006,368.2117673829198,30077188.748192646,-40.1306386455419,False
453900.0,0.00879238143105059,0.010587808446928193,-0.0032793415068113063,366.72224686667323,30026855.66181947,-39.59931460486072,False
454200.0,0.008810525370577471,0.010540645162393503,-0.003275062280422958,364.9748998656869,29980215.27668702,-39.10550765124456,False
454500.0,0.008827223623996665,0.01049896710466669,-0.003269701435584693,363.027799975127,29937345.606298096,-38.649358010067694,False
454800.0,0.008842451062566724,0.010462157459443233,-0.003263728944020272,360.9418852292001,29898300.51348717,-38.23083836421944,False
455100.0,0.008856190953227892,0.010429638855868006,-0.003257609792555627,358.778985504061,29863109.38036311,-37.849750573683636,False
455400.0,0.008868435479065337,0.010400865684573546,-0.0032518122809932493,356.6003531254828,29831776.926946554,-37.50572300303077,False
455700.0,0.00887918798305616,0.010375328382025373,-0.00324679701066799,354.4672484435141,29804283.17938122,-37.19820860037124,False
456000.0,0.008888459550566694,0.010352537593689703,-0.00324303060833131,352.44163889810443,29780583.59037015,-36.92648376905157,False
456300.0,0.00889627187244375,0.01033203500782065,-0.0032409625932245945,350.5842072069645,29760609.313608054,-36.68964815827846,False
456600.0,0.00890265316565171,0.010313374227933991,-0.0032410437794609948,348.95418555662036,29744267.624935035,-36.48662533875066,False
456900.0,0.008907644341374239,0.010296130432323025,-0.003243713993590802,347.6110248565674,29731442.48577635,-36.31616446111353,False
457200.0,0.00891129503857168,0.010279893317232336,-0.0032493958968231595,346.6091068536043,29721995.251659088,-36.17684286900877,False
457500.0,0.008913661105654065,0.010264253210436891,-0.003258507011658196,346.0040116272867,29715765.499840673,-36.0670696485516,False
457800.0,0.008914806367793154,0.010248808810331411,-0.003271439026917733,345.8486614637077,29712571.988980994,-35.9850901473508,False
458100.0,0.008914802675073356,0.01023315782177292,-0.0032885678317526867,346.18956695869565,29712213.730767485,-35.928991373274414,False
458400.0,0.0089137315196785,0.010216895588399666,-0.0033102516908201096,347.07471269369125,29714471.151169177,-35.89670828404131,False
458700.0,0.008911673858831454,0.010199605903608244,-0.003336814102055996,348.54671807959676,29719107.35618457,-35.88603093780778,False
459000.0,0.008908723971873407,0.010180866906011943,-0.003368561745048737,350.6445585526526,29725869.466797903,-35.89461242241326,False
459300.0,0.008904974589878992,0.01016023804646693,-0.003405764420861601,353.4061044193804,29734490.01859803,-35.919977608534445,False
459600.0,0.008900526420547514,0.01013726769627965,-0.0034486603249774817,356.8619145452976,29744688.423252225,-35.959532641747735,False
459900.0,0.008895482707305745,0.010111482873782052,-0.0034974584172857703,361.041014444083,29756172.458847906,-36.01057518754984,False
460200.0,0.008889948570975557,0.010082396991862197,-0.0035523203573291084,365.9691925942898,29768639.79660078,-36.07030544045756,False
460500.0,0.008884031909571044,0.010049502464823945,-0.003613377611983992,371.6659052222967,29781779.54632308,-36.13583784217386,False
460800.0,0.008877841611600837,0.010012280109776839,-0.003680712325937918,378.14891922846437,29795273.800594404,-36.20421358585544,False
461100.0,0.008871488476908907,0.00997019759330442,-0.0037543681625820113,385.43190199136734,29808799.18220028,-36.27241384775809,False
461400.0,0.008865083798812883,0.00992271690142843,-0.0038343415127712888,393.52322237566113,29822028.37714216,-36.337373800912175,False
461700.0,0.008858737214328975,0.009869298207888733,-0.003920580616423308,402.4292476736009,29834631.641362168,-36.39599738057156,False
462000.0,0.008852558562698627,0.009809408996147795,-0.0040129877556083215,412.15134605020285,29846278.284303926,-36.445172789700536,False
462300.0,0.008846659954408762,0.009742536560565895,-0.004111418972257752,422.6894204057753,29856638.10974163,-36.48178871308211,False
462600.0,0.008841149348822906,0.009668193544825954,-0.004215678856908767,434.03558548539877,29865382.824452505,-36.50275117859804,False
462900.0,0.008836129593676582,0.009585926101095765,-0.004325525312005141,446.18374989554286,29872187.384071786,-36.505000953899625,False
463200.0,0.008831710128147636,0.00949533984419304,-0.004440675757543033,459.1205660998821,29876731.306653906,-36.48553135225929,False
463500.0,0.008827991344395197,0.009396096002433296,-0.004560801491663824,472.83131466433406,29878699.917204224,-36.441406285107085,False
463800.0,0.008825075686190745,0.009287938733422152,-0.004685533004433751,487.29875288158655,29877785.542772498,-36.36977832079676,False
464100.0,0.008823062681330837,0.009170693866849433,-0.004814471882760074,502.5009094774723,29873688.650482323,-36.26790649647712,False
464400.0,0.00882204765013666,0.009044285444190336,-0.004947185121579878,518.416203070432,29866118.919143327,-36.13317361515436,False
464700.0,0.00882212644775808,0.008908747676912299,-0.005083215820683051,535.0179414451122,29854796.262014557,-35.96310267576934,False
465000.0,0.008823392463599632,0.008764220931766431,-0.005222095939615201,552.2773271612823,29839451.7817531,-35.75537211798017,False
465300.0,0.00882593470472529,0.008610961250838045,-0.005363342170177532,570.1629529967904,29819828.670188233,-35.507829567738135,False
465600.0,0.00882984238427975,0.008449337815449098,-0.005506473783938759,588.643547412008,29795683.047181644,-35.21850372771338,False
465900.0,0.008835203603947137,0.008279831959100648,-0.005651014792114495,607.6840138584375,29766784.749883357,-34.88561416557582,False
466200.0,0.008842101039968926,0.008103024073761844,-0.005796500712683894,627.2461212314665,29732918.062651694,-34.50757874361337,False
466500.0,0.008850616681962032,0.007919585683112018,-0.005942490518044963,647.2920446768403,29693882.391274326,-34.08301851537507,False
466800.0,0.008860837262987049,0.007730272022143936,-0.0060885756234085875,667.7812701761723,29649492.89297433,-33.610759997129435,False
467100.0,0.008872838041613611,0.007535895457863262,-0.006234371759944679,688.672493763268,29599581.05267591,-33.08983480807193,False
467400.0,0.008886698696519153,0.007337315911172482,-0.006379540402910777,709.9206683821976,29543995.217544984,-32.51947669451843,False
467700.0,0.008902497904497656,0.007135418974769436,-0.006523787522645819,731.4819160103798,29482601.079277005,-31.899116131498655,False
468000.0,0.00892031477727345,0.006931102695006075,-0.006666864024939656,753.3088559322059,29415282.123754628,-31.228372690379963,False
468300.0,0.008940219938304957,0.006725249253008769,-0.006808563549338231,775.3542721644044,29341940.032272827,-30.507045450351818,False
468600.0,0.008962294042240936,0.006518723616409261,-0.006948735880815349,797.5690737254918,29262495.050415695,-29.735101755410163,False
468900.0,0.008986610325719537,0.00631234209475906,-0.007087275187725339,819.9018151909113,29176886.319243304,-28.912664708182778,False
469200.0,0.00901323832088931,0.006106866924994847,-0.007224117829725429,842.3014440238476,29085072.168906733,-28.039999730983727,False
469500.0,0.009042258298672763,0.005903002100723143,-0.0073592538018409925,864.715202730149,28987030.38438427,-27.117500554491755,False
469800.0,0.009073739585493058,0.005701370462560362,-0.007492706017110606,887.0885082036257,28882758.437948342,-26.145675030129873,False
470100.0,0.009107756479047909,0.005502522132246668,-0.007624537257918007,909.3665328882635,28772273.68985679,-25.125131031352982,False
470400.0,0.009144380108651588,0.005306917939861933,-0.007754844199368449,931.4941854402423,28655613.5615554,-24.056562776030617,False
470700.0,0.009183682850345366,0.0051149378392381095,-0.007883752373366804,953.4120303839445,28532835.684577927,-22.940737808913685,False
471000.0,0.00922573666147823,0.004926874982515983,-0.008011413445178306,975.061529751867,28404018.0122041,-21.778484854456615,False
471300.0,0.009270612255449394,0.004742936602497139,-0.00813800015146171,996.3844685815275,28269258.909152314,-20.570682715102947,False
471600.0,0.009318378080109033,0.004563253371884457,-0.008263697507771894,1017.3211115784943,28128677.21456774,-19.318250347755242,False
471900.0,0.009369102431673985,0.004387871748036787,-0.008388706945254398,1037.807675048709,27982412.277171746,-18.022138197595922,False
472200.0,0.009422856690267004,0.004216767176956182,-0.008513241259258564,1057.7820455692708,27830623.952708382,-16.68332087642413,False
472500.0,0.009479700054753765,0.004049839100872532,-0.008637508401156069,1077.1816506758332,27673492.57843678,-15.302791227081864,False
472800.0,0.00953970029557207,0.003886921314574465,-0.008761728147810288,1095.9400033913553,27511218.91635948,-13.881555749679867,False
473100.0,0.00960291743027692,0.0037277840528986417,-0.008886111742416603,1113.9941857121885,27344024.05066212,-12.420631464966553,False
473400.0,0.009669404163850613,0.003572126398182718,-0.009010863937167102,1131.2756442427635,27172149.264229797,-10.92104415179441,False
473700.0,0.009739215237872315,0.003419595445222967,-0.00913618354093515,1147.71951142326,26995855.855733305,-9.38382797475289,False
474000.0,0.009812398433588708,0.0032697660654150695,-0.009262259467102574,1163.2564938366413,26815424.929392245,-7.810026497294282,False
474300.0,0.009888992899256172,0.003122158315022716,-0.009389259973906938,1177.8192053362727,26631157.121102113,-6.200695078958807,False
474600.0,0.009969035628186995,0.0029762276905955787,-0.009517340462156909,1191.3377483934164,26443372.281083528,-4.556904634942466,False
474900.0,0.0100525512769859,0.002831359297488234,-0.00964663121387943,1203.7441770657897,26252409.08776588,-2.8797468104521573,False
475200.0,0.010139555904966931,0.002686865482672829,-0.009777238094053509,1214.968379061669,26058624.604094867,-1.170340563398578,False
475500.0,0.010230054626216081,0.002541976597200346,-0.009909238185996094,1224.9410848207772,25862393.753671225,0.5701597849789225,False
475800.0,0.01032403918125012,0.0023958404989343762,-0.010042672240683892,1233.5951961055398,25664108.718058664,2.3405549747972403,False
476100.0,0.010421488369702922,0.0022475018350291975,-0.010177544520858284,1240.859279025346,25464178.253404684,4.139589640413976,False
476400.0,0.010522365656655448,0.0020958914998914224,-0.010313815535942794,1246.6679223030806,25263026.893188253,5.965939438276488,False
476700.0,0.01062661088291852,0.0019398103646324216,-0.010451388951215002,1250.9532988928258,25061094.063894883,7.818196349152988,False
477000.0,0.010734152033574848,0.0017779066296554902,-0.010590118595285247,1253.650081783533,24858833.072359823,9.694852033429502,False
477300.0,0.010844891457096112,0.0016086577677754121,-0.010729786751033643,1254.6961874738336,24656709.973117955,11.594279015612651,True
477600.0,0.010958704907194475,0.0014303352734827968,-0.010870096471039759,1254.031206265092,24455202.304844778,13.514709535304672,True
477900.0,0.011075444337777735,0.0012409696712722962,-0.011010664563711359,1251.5966087430716,24254797.683129642,15.454211812718384,True
478200.0,0.01119493616848092,0.0010383249458527644,-0.01115100636552313,1247.3393680676818,24055992.239963695,17.410663445677493,True
478500.0,0.011316976802786712,0.0008198376617087888,-0.011290518659833992,1241.2091993875802,23859288.91280973,19.381721632867098,True
478800.0,0.01144132563208017,0.0005825757488935324,-0.011428453895710788,1233.1607239730656,23665195.56646331,21.364789867186158,True
479100.0,0.011567713620996999,0.00032317896642553023,-0.011563907759018832,1223.1546310558915,23474222.950043976,23.35698073688714,True
479400.0,0.011695842784169293,3.778414759381121e-05,-0.011695792939153904,1211.1575360409915,23286882.488205593,25.35507439580029,True
479700.0,0.011825372339849436,-0.0002780258451480222,-0.01182279356080329,1197.1438185311854,23103683.904953215,27.355472275010264,True
480000.0,0.011955934194332924,-0.000629315503459793,-0.011943343670001383,1181.0938929766417,22925132.69067855,29.354145677504505,True
480300.0,0.012087120196834262,-0.0010218634510010816,-0.012055569548238054,1162.9983814805746,22751727.411900714,31.34657886683506,True
480600.0,0.012218495632256843,-0.0014622222551849973,-0.01215725131954315,1142.8570667505264,22583956.888138182,33.327706536149485,True
480900.0,0.012349593997627502,-0.0019577759760238678,-0.012245756806180452,1120.6785253547132,22422297.248045433,35.2918457371625,True
481200.0,0.012479920223866056,-0.0025167459554609195,-0.01231797675976054,1096.4829570539296,22267208.885336936,37.232622927534756,True
481500.0,0.012608954398363015,-0.003148144377007611,-0.012370253858627223,1070.3024003952742,22119133.34848604,39.14289756551768,True
481800.0,0.012736160288872396,-0.0038616188030005105,-0.012398315798726856,1042.179183807224,21978490.196620736,41.01468493718405,True
482100.0,0.012860985333303463,-0.00466717192506394,-0.012397201159963345,1012.1677298098803,21845673.854609895,42.839082702649186,True
482400.0,0.012982867352905715,-0.005574640294327082,-0.01236121369826293,980.337187666446,21721050.512328852,44.60620826157423,True
482700.0,0.013101245725945804,-0.0065929171192067315,-0.01228391233159698,946.766260381788,21604955.12282147,46.3051574413126,True
483000.0,0.01321556292332347,-0.007728813375081245,-0.012158153193297494,911.5455901809037,21497688.53271147,47.92399930333079,True
483300.0,0.01332528038776084,-0.008985516114108805,-0.011976242721587482,874.7802519053221,21399514.802450992,49.4498267364735,True
483600.0,0.0134298767220933,-0.010360634084122466,-0.011730216558134998,836.5865057185292,21310658.772396088,50.86888701567736,True
483900.0,0.01352886113816472,-0.011844024717134971,-0.011412300958909327,797.0886108838022,21231303.917489003,52.16681923086829,True
484200.0,0.013621783560005162,-0.013415656685879185,-0.011015576362545687,756.4231745898724,21161590.52845281,53.32902376696308,True
484500.0,0.013708233277502136,-0.015044001560823972,-0.010534839339690905,714.7329691387713,21101614.278098647,54.34117978059637,True
484800.0,0.013787856546885705,-0.0166857786588821,-0.009967577004701411,672.1718681119382,21051425.185228765,55.189906996161426,True
485100.0,0.013860357107985284,-0.018287586968483538,-0.009314935530689183,628.8955057226121,21011027.02789222,55.86353773277651,True
485400.0,0.013925492531645798,-0.019789951710038167,-0.008582435383310383,585.0669701993465,20980377.194161102,56.35292793432344,True
485700.0,0.013983097794626843,-0.021133543713460767,-0.007780243931726716,540.8500691615045,20959387.00571113,56.65220265754565,True
486000.0,0.014033065270436447,-0.022266448447169296,-0.0069227784457908115,496.4112494774163,20947922.490905367,56.759316090937865,True
486300.0,0.014075362614396058,-0.023150899790152835,-0.006027692148173003,451.9140763580799,20945805.6112457,56.67632142472648,True
486600.0,0.014110020863001655,-0.02376773231435436,-0.005114306289812021,407.52284605801105,20952815.90281989,56.409293238108866,True
486900.0,0.014137137816832283,-0.024117479471641445,-0.004201889355556432,363.39608781784773,20968692.521458212,55.96791269732913,True
487200.0,0.014156871105575593,-0.02421814066423167,-0.003308073908478093,319.6862460374832,20993136.63721378,55.36479042272744,True
487500.0,0.014169439648556978,-0.02410060507071421,-0.002447694647038645,276.540930647403,21025814.138551254,54.614642494807235,True
487800.0,0.014175111678667801,-0.023803115368906447,-0.0016321644501715582,234.09763273969293,21066358.605598286,53.73344173323033,True
488100.0,0.014174202399255152,-0.02336610615157042,-0.0008693820615945924,192.4871534742415,21114374.48563494,52.73764407722143,True
488400.0,0.014167069697142749,-0.02282821952150016,-0.00016400713145969803,151.82694558426738,21169440.436905973,51.643552363649746,True
488700.0,0.014154095413654057,-0.02222373765786756,0.00048202881604453296,112.22589828819036,21231112.766969234,50.466841754269616,True
489000.0,0.01413569980675524,-0.02158138564951173,0.0010689226495514959,73.78227568417788,21298928.933513436,49.22224168920684,True
489300.0,0.014112316108775747,-0.02092406100175026,0.0015984193551190629,36.580403711646795,21372411.0548193,47.92335176564995,True
489600.0,0.014084386130021158,-0.020269227802998557,0.0020733086451372174,0.6956135630607605,21451069.37723249,46.5825619535501,True
489900.0,0.014052364067902565,-0.01962965032134889,0.0024970110100497322,-33.8108941540122,21534405.67968534,45.21104776368909,True
490200.0,0.014016701018857342,-0.019014206671783995,0.0028732728147460307,-66.88917235285044,21621916.564158455,43.818815013436996,True
490500.0,0.01397784966321921,-0.01842871116900824,0.003205941741704521,-98.5001231059432,21713096.6150463,42.4147743218006,True
490800.0,0.01393624455516761,-0.01787661232893356,0.0034988097701358356,-128.61487578228116,21807441.402703505,41.0068307964418,True
491100.0,0.013892315157036868,-0.017359616177202497,0.0037555216182241224,-157.21676010638475,21904450.317248702,39.60197891061972,True
491400.0,0.01384647038651367,-0.01687815297606221,0.003979514783189586,-184.29954620823264,22003629.214522198,38.20639613501813,True
491700.0,0.013799102508237716,-0.01643176463548457,0.004173985412151637,-209.86465068534017,22104492.86963462,36.82553144115408,True
492000.0,0.013750579910416554,-0.016019382245758607,0.004341883639774835,-233.92381339147687,22206567.241343718,35.46418657287737,True
492300.0,0.013701253118455221,-0.015639547053950764,0.004485921137920457,-256.4965722374618,22309391.53675759,34.12658918865316,True
492600.0,0.013651443439056603,-0.015290560479201076,0.004608563467414228,-277.6108170449734,22412520.08768682,32.81645773646635,True
492900.0,0.013601456847047647,-0.014970603708746921,0.00471207131343121,-297.29973436146975,22515524.037314177,31.53705827879449,True
493200.0,0.013551567371660373,-0.014677807135512921,0.004798490439000602,-315.60501931607723,22617992.854205307,30.291253895188895,True
493500.0,0.013502026017123608,-0.014410304644883354,0.0048696958671889945,-332.57375055179,22719535.669513047,29.08154720078887,True
493800.0,0.013453064472551478,-0.01416628011079979,0.004927394891804937,-348.25694519653916,22819782.454725545,27.910116756541548,True
494100.0,0.013404887258354372,-0.013943981208910827,0.004973141889696109,-362.7103539481759,22918385.05035235,26.778847988146172,True
494400.0,0.013357679855238325,-0.013741736660023207,0.005008366928276331,-375.9947863072157,23015018.05285194,25.689359245832282,True
494700.0,0.013311601213448482,-0.013557956541234262,0.005034383422252375,-388.17426477372646,23109379.56802445,24.64302362586372,True
495000.0,0.013266793522198013,-0.013391145766831869,0.005052401324142863,-399.31555646657944,23201191.844038356,23.64098706153203,True
495300.0,0.013223381735844223,-0.01323989833852579,0.005063547122951206,-409.487655878067,23290201.79180947,22.68418316544234,True
495600.0,0.013181466927575358,-0.013102891368305336,0.005068862751574699,-418.76119044050574,23376181.40124327,21.77334528607122,True
495900.0,0.013141137625181713,-0.012978887301414943,0.005069329331586658,-427.2102270387113,23458928.063658763,20.909016124012076,True
496200.0,0.01310246115343633,-0.012866726192498845,0.005065858002190282,-434.90881414338946,23538264.799805626,20.09155531779794,True
496500.0,0.013065491586216366,-0.012765318391132041,0.005059321330982414,-441.9313151203096,23614040.40880609,19.321145243072547,True
496800.0,0.01303027042632772,-0.012673649268720055,0.00505053745238726,-448.35377975925803,23686129.540725842,18.59779539929517,True
497100.0,0.012996818519332367,-0.012590759274502261,0.00504028617214658,-454.2523517422378,23754432.693409313,17.921345563569066,True
497400.0,0.01296515597221796,-0.012515759638205282,0.0050293164995380835,-459.7018312327564,23818876.14052999,17.29146798639552,True
497700.0,0.012935276396423978,-0.012447800844114454,0.005018342497603356,-464.7777075096965,23879411.797218673,16.707668844682328,True
498000.0,0.012907169986827092,-0.012386090857916088,0.005008052267179153,-469.55434300005436,23936017.018246878,16.169289119531566,True
498300.0,0.012880814231253285,-0.012329881859471925,0.004999104246005359,-474.1050441339612,23988694.336083952,15.675505099002637,True
498600.0,0.012856174658842978,-0.012278463224703273,0.004992135049057822,-478.5031336173415,24037471.13885465,15.22532863981625,True
498900.0,0.012833211797024183,-0.012231165092657648,0.00498775869668755,-482.81728371605277,24082399.28174686,14.817607351863582,True
499200.0,0.012811869610055945,-0.012187340926288925,0.004986565837320711,-487.11777397990227,24123554.648253612,14.45102482785492,True
499500.0,0.01279208267404215,-0.012146371982623805,0.0049891207260426285,-491.47056445106864,24161036.63734643,14.12410104030897,True
499800.0,0.012773787195725849,-0.012107671994442626,0.004995967056208528,-495.93944819644094,24194967.595597062,13.835193005636244,True
500100.0,0.012756894683105254,-0.012070656421997228,0.005007618882874709,-500.58769699186087,24225492.184026733,13.582495842770685,True
500400.0,0.012741321254634452,-0.012034766868737279,0.005024567649714484,-505.4727786369622,24252776.671309333,13.3640442939071,True
500700.0,0.012726970314940605,-0.011999449856148203,0.0050472740690725715,-510.65016815438867,24277008.167157438,13.177714834059357,True
501000.0,0.01271373508015634,-0.011964155468376703,0.005076165472173599,-516.1741707287729,24298393.781459365,13.021228443108752,True
501300.0,0.012701504296798954,-0.011928338554980655,0.005111635658121116,-522.0925866886973,24317159.703580223,12.892154138170142,True
501600.0,0.012690160965182736,-0.011891453912738825,0.005154041123098807,-528.4499107897282,24333550.21413365,12.787913369203567,True
501900.0,0.012679577491849323,-0.011852947743676623,0.005203697374467353,-535.2888830043375,24347826.61679495,12.705785373809814,True
502200.0,0.012669619682702908,-0.011812261976388072,0.00526086988038621,-542.6441258043051,24360266.081896313,12.64291359937705,True
502500.0,0.012660150736646522,-0.011768831442225292,0.005325781896235782,-550.5487464368343,24371160.421063945,12.59631327551031,True
502800.0,0.012651030882922003,-0.011722086599490922,0.005398601277214254,-559.0306127890944,24380814.76849274,12.562880280646686,True
503100.0,0.012642106893656966,-0.011671442585452496,0.005479434423316221,-568.1116981767118,24389546.181779828,12.539401378851379,True
503400.0,0.012633226505514327,-0.011616312335092971,0.005568330849330394,-577.8095459938049,24397682.161672194,12.522565921612683,True
503700.0,0.012624237743287173,-0.011556111855355766,0.005665271483799472,-588.1360882110894,24405559.087185152,12.508979128808718,True
504000.0,0.012614981687833334,-0.011490251219441916,0.005770173400119205,-599.0984209999442,24413520.57297105,12.495176986008367,True
504300.0,0.012605301232428619,-0.01141815430906945,0.005882876829902628,-610.6962513141334,24421915.747112583,12.477642837259927,True
504600.0,0.012595031265937967,-0.011339251517313187,0.006003146780424018,-622.9251366332173,24431097.46322816,12.452825652950077,True
504900.0,0.012584021323594296,-0.011253010365635419,0.006130676518500522,-635.7760596983135,24441420.443601042,12.417159955689423,True
505200.0,0.012572113614655708,-0.011158920347099865,0.006265082926995902,-649.231214825064,24453239.360865455,12.367087334276594,True
505500.0,0.012559154490225141,-0.011056517655532616,0.006405903063473772,-663.2685610093176,24466906.88000101,12.299079398631873,True
505800.0,0.012545001053513413,-0.010945400626212631,0.006552600011181298,-677.8598929084837,24482771.65613944,12.209661965895307,True
506100.0,0.012529507916319271,-0.010825223495828595,0.00670456674192188,-692.9723364338279,24501176.31038047,12.095440219532204,True
506400.0,0.012512549161034782,-0.010695730504039602,0.006861133686632215,-708.566451638937,24522455.390564226,11.953124497927426,True
506700.0,0.012494001339015437,-0.010556747321913917,0.00702157054339736,-724.5973311327398,24546933.338513706,11.779556318911718,True
507000.0,0.012473752413118527,-0.010408202061512384,0.007185090926618898,-741.014798976481,24574922.47617944,11.57173417083285,True
507300.0,0.01245170275392958,-0.01025012577713369,0.007350871786210078,-757.7654722556472,24606721.03076758,11.326838551657833,True
507600.0,0.012427768577941666,-0.01008266535615121,0.007518057351868279,-774.788824159652,24642611.209041417,11.042255750308927,True
507900.0,0.012401881434039167,-0.009906078549931863,0.007685778533454979,-792.0222134254873,24682857.354243375,10.715599793893976,True
508200.0,0.012373984549917338,-0.009720739752083318,0.007853150139604637,-809.3981780596077,24727704.18751056,10.344732066579546,True
508500.0,0.012344045662725121,-0.00952713480512557,0.00801930588689359,-826.8469489477575,24777375.16503799,9.927778046108626,False
508800.0,0.01231204239783758,-0.009325850315974549,0.008183391880264068,-844.294213142246,24832070.95865605,9.463140805212598,False
509100.0,0.01227797216016579,-0.009117566653571885,0.008344591108405908,-861.6656161434948,24891968.08789752,8.94951085736299,False
509400.0,0.012241854497625309,-0.008903050336954266,0.008502133236582665,-878.8838424384594,24957217.70454369,8.385872147053309,False
509700.0,0.012203724885056362,-0.00868312938578697,0.0086553068523747,-895.8703840114176,25027944.55511484,7.771504037608392,False
510000.0,0.012163634660418247,-0.00845868406355521,0.008803461648971833,-912.5464348234236,25104246.12698153,7.105979301800534,False
510300.0,0.012121656006820383,-0.00823062637317662,0.008946026927909578,-928.8331696502864,25186191.98720006,6.389158204419368,False
510600.0,0.012077873063623148,-0.007999879998124015,0.009082507771805304,-944.6515490300953,25273823.320451632,5.621178947103289,False
510900.0,0.012032388804661235,-0.00776736844565562,0.009212494268456162,-959.9264677576721,25367152.674390517,4.802444775074803,False
511200.0,0.011985322527414471,-0.007533992434048287,0.00933566637097405,-974.5801545009017,25466163.897972878,3.933608183850343,False
511500.0,0.011936803157754224,-0.007300614109112757,0.009451786630228831,-988.5411395616829,25570812.29693419,3.01555271866374,False
511800.0,0.011886971974613393,-0.007068047194536575,0.009560700635795616,-1001.7378826588392,25681024.97062556,2.0493728729284832,False
512100.0,0.011835978873942903,-0.006837041191715798,0.009662334006655282,-1014.1025831252337,25796701.3482761,1.0363526408636858,False
512400.0,0.011783985096970687,-0.0066082747798077435,0.009756690690565404,-1025.5712873451412,25917713.90098498,-0.02205674073421073,False
512700.0,0.01173115774463277,-0.006382346543347239,0.009843843732421975,-1036.083701401949,26043909.02096077,-1.124259336741968,False
513000.0,0.01167766392062015,-0.006159769325819298,0.009923923944955337,-1045.5828866697848,26175108.054536745,-2.268536873274096,False
513300.0,0.011623680176893879,-0.005940971805699746,0.009997122968016914,-1054.018323097378,26311108.477385126,-3.453070504909009,False
513600.0,0.0115693793514903,-0.005726289132127249,0.010063676989019221,-1061.3412862047553,26451685.184770223,-4.675961591826048,False
513900.0,0.011514936956166805,-0.005515971726936186,0.010123863173943981,-1067.5092604197562,26596591.89678125,-5.935251219200722,False
514200.0,0.011460522464599127,-0.005310177835411878,0.010177988805049942,-1072.4837122634053,26745562.64577027,-7.2289382041492924,False
514500.0,0.01140630894523932,-0.005108987301639445,0.010226390207213498,-1076.2312792427838,26898313.33897759,-8.554995435345786,False
514800.0,0.01135246084553335,-0.004912392169046598,0.010269419804620483,-1078.723456028849,27054543.374689065,-9.911384409870383,False
515100.0,0.011299132950067285,-0.004720304203573278,0.010307437286362742,-1079.9359748624265,27213937.29699444,-11.29606792139669,False
515400.0,0.011246482615782965,-0.004532564525447924,0.010340815317510632,-1079.849870853126,27376166.475853764,-12.7070208928917,False
515700.0,0.011194653471526629,-0.00434893205994058,0.010369923322890884,-1078.4504603482783,27540890.79444986,-14.142239336867076,False
516000.0,0.01114378223092991,-0.004169100857097874,0.01039512434439871,-1075.7269846238196,27707760.333506517,-15.599747526524105,False
516300.0,0.01109399877312342,-0.003992688033065406,0.010416776830140861,-1071.67341959849,27876417.04127856,-17.077603439150344,False
516600.0,0.011045420507070577,-0.003819244135115696,0.010435221264401662,-1066.2880288101733,28046496.376335252,-18.573902535147187,False
516900.0,0.010998164243915132,-0.0036482499458543316,0.01045079086734546,-1059.5731742568314,28217628.915554773,-20.08678000278773,False
517200.0,0.010952327771153158,-0.003479103342755252,0.010463792566799412,-1051.535266816616,28389441.91946182,-21.614411507332118,False
517500.0,0.010908007286587675,-0.003311136116309399,0.010474516399412437,-1042.1834407635033,28561560.847051933,-23.1550125914999,False
517800.0,0.010865285450675602,-0.003143584755747497,0.01048322746982322,-1031.5300055630505,28733610.817957688,-24.70683676220323,False
518100.0,0.010824239287836164,-0.0029756021396281085,0.010490166210917806,-1019.59299781546,28905218.01824469,-26.26817235811478,False
518400.0,0.010784935472964715,-0.0028062388350349465,0.01049554356674065,-1006.38926576823,29076011.035302658,-27.837338238190977,False
518700.0,0.010747495818195972,-0.0026343817788756496,0.01049961461936988,-991.90673488006,29245622.10847715,-29.41267840980809,False
519000.0,0.0107118536251613,-0.0024589311775287115,0.010502388351099512,-976.2440671622753,29413688.48250708,-30.992555168219397,False
519300.0,0.010678107393979456,-0.0022784987935722256,0.010504043740048985,-959.3902444839478,29579853.335897837,-32.57534180781221,False
519600.0,0.010646297392402365,-0.0020915771802094696,0.010504657594680111,-941.3775124959648,29743767.017903622,-34.15941347452246,False
519900.0,0.010616451639900026,-0.0018964568610897459,0.01050425862133153,-922.234943062067,29905088.02214812,-35.74313710891168,False
520200.0,0.010588596224795653,-0.0016912020209645107,0.010502831266769874,-901.9996736198664,30063483.95514891,-37.32486000682736,False
520500.0,0.010562753459759412,-0.0014736108207387133,0.010500307620098681,-880.7068841718137,30218632.42235666,-38.90289690491911,False
520800.0,0.010538933552789169,-0.0012411754525771812,0.010496550753757106,-858.3935604020953,30370221.868567713,-40.47551542630633,False
521100.0,0.01051714852960028,-0.0009910235202426065,0.010491359656199961,-835.1026062220335,30517952.361268196,-42.04091970903321,False
521400.0,0.010497401923492699,-0.0007198688464882252,0.010484446192243979,-810.8732768781483,30661536.304991834,-43.597231919225926,False
521700.0,0.010479697703858015,-0.0004239385307300836,0.010475429943241465,-785.7495557293296,30800699.12048314,-45.14247140534187,False
522000.0,0.010464030357309577,-9.890989198879652e-05,0.010463810233581228,-759.7756308019161,30935179.859997667,-46.67453112541237,False
522300.0,0.010450397832401178,0.000260184512228534,0.010448958002598374,-732.9980264976621,31064731.7804322,-48.191151032573615,False
522600.0,0.010438790807299219,0.0006590294063073543,0.010430078947905486,-705.4636913500726,31189122.865649164,-49.68988799912663,False
522900.0,0.010429197511671099,0.001104123151492331,0.01040618738473853,-677.2212540842593,31308136.30716674,-51.16808196251701,False
523200.0,0.010421604209995045,0.001602843807404497,0.010376070507717827,-648.3197521716356,31421570.93934791,-52.62281798053889,False
523500.0,0.010415999979466028,0.0021635304222797913,0.010338249752130935,-618.8104842454195,31529241.636419725,-54.05088405146143,False
523800.0,0.010412364528847574,0.0027954941937196054,0.010290920219468092,-588.745952423662,31630979.66680472,-55.44872479023333,False
524100.0,0.010410677831465796,0.003508977307035366,0.010231906858273021,-558.1764145903289,31726633.006623548,-56.812391549261605,False
524400.0,0.010410924600900567,0.004315025580922338,0.01015861079314817,-527.1574961654842,31816066.62697356,-58.13749020292961,False
524700.0,0.010413076785509224,0.005225166967846917,0.010067938059407311,-495.7425548918545,31899162.729642686,-59.41912888287761,False
525000.0,0.010417116712226972,0.006250899214450101,0.009956275231495226,-463.98605321347713,31975820.95828583,-60.65186953236802,False
525300.0,0.010423018952625483,0.0074028512259474155,0.009819444768268681,-431.9444666020572,32045958.57217158,-61.82968907904719,False
525600.0,0.01043075709894343,0.008689528125273682,0.009652727574142261,-399.6730750724673,32109510.58123287,-62.945958825347795,False
525900.0,0.010440305272327123,0.010115618610029742,0.009450938965883893,-367.22967891022563,32166429.85365823,-63.99345365604028,False
526200.0,0.010451637117978224,0.011679818209813675,0.00920859546606323,-334.6711582392454,32216687.18195063,-64.96440585245514,False
526500.0,0.010464721163727502,0.013372287583194975,0.008920202398172705,-302.0545042492449,32260271.318906922,-65.85062059239732,False
526800.0,0.010479531402747738,0.015172100058236992,0.00858069773913428,-269.43779926002026,32297188.978641145,-66.64367021157389,False
527100.0,0.010496035873488407,0.017045177707899484,0.008186025395758634,-236.87888031452894,32327464.79986117,-67.33517995190569,False
527400.0,0.010514201431472126,0.018943552985689394,0.00773383451870302,-204.43585908412933,32351141.274881538,-67.91720740012137,False
527700.0,0.010533995426995318,0.02080685041718766,0.0072241762236870954,-172.165595844388,32368278.639623627,-68.3827000284662,False
528000.0,0.010555381756334248,0.022566453353817906,0.006660087849454044,-140.12854439765215,32378954.73202583,-68.72599229649818,False
528300.0,0.01057832536669625,0.024152409525754592,0.0060478667815715426,-108.37888483330607,32383264.796649605,-68.94328107792923,False
528600.0,0.010602788380035224,0.02550191891987197,0.005396902976841034,-76.97595286741853,32381321.270233683,-69.03300489130163,False
528900.0,0.010628730813244629,0.026567547231536537,0.004719039398693781,-45.975216560065746,32373253.5050785,-68.99605708001425,False
529200.0,0.010656109307691163,0.02732309798204824,0.004027520564250153,-15.43274748697877,32359207.462742936,-68.83578884167115,False
529500.0,0.010684879258225883,0.02776563348976424,0.0033357745444249076,14.596199098974466,32339345.35712277,-68.55779899820638,False
529800.0,0.010714997423989587,0.02791346091930791,0.002656251605117177,44.05826201289892,32313845.251539014,-68.16954975771088,False
530100.0,0.010746412280598206,0.02780102309736776,0.0019995374206729366,72.90055052936077,32282900.61035283,-67.67987716227238,False
530400.0,0.010779072682517784,0.027472438760355544,0.0013738532002918191,101.07328378036618,32246719.79688746,-67.09847327120812,False
530700.0,0.01081292372012209,0.026975220639030795,0.000784940500395237,128.52474883198738,32205525.527762216,-66.43540587999566,False
531000.0,0.010847908467029361,0.026355308619514517,0.0002362324026847773,155.2080892920494,32159554.262535065,-65.7007189019276,False
531300.0,0.010883965040891192,0.025653798262368355,-0.0002707863930595522,181.07706072553992,32109055.55000958,-64.90413205571052,False
531600.0,0.010921029767443358,0.024905296887595796,-0.0007361651523041246,206.0882213898003,32054291.312352188,-64.05483880113742,False
531900.0,0.010959033135368017,0.02413750299265871,-0.0011610519946358977,230.20193618908525,31995535.073422752,-63.16138935483058,False
532200.0,0.010997905364022478,0.023371615731264228,-0.0015473325234012236,253.3762677051127,31933071.136238784,-62.2316402781344,False
532500.0,0.01103756906712888,0.0226231442622975,-0.0018973321971884616,275.57914087176323,31867193.683445152,-61.27275187666993,False
532800.0,0.011077942026847903,0.02190290041545495,-0.002213586153374081,296.7756692059338,31798205.843479015,-60.29121702447795,False
533100.0,0.011118944437382572,0.02121798208864334,-0.002498687097371999,316.9371710345149,31726418.675855298,-59.29290846709127,False
533400.0,0.011160485585773603,0.02057261750297812,-0.0027551692280738393,336.038769133389,31652150.109069124,-58.28313517992501,False
533700.0,0.01120247248870839,0.019968911507106668,-0.0029854461163765222,354.058112218976,31575723.819464423,-57.26670127867412,False
534000.0,0.011244809938594023,0.01940743241158316,-0.0031917731403723337,370.97610880061984,31497468.051624965,-56.24796335333718,False
534300.0,0.011287398618807797,0.018887668037535832,-0.003376226444324004,386.7811607904732,31417714.380866695,-55.23088377541795,False
534600.0,0.011330131693719832,0.018408365245221603,-0.003540704029667552,401.46172553673387,31336796.43574774,-54.21907868938198,False
534900.0,0.011372904472550436,0.017967806608197634,-0.003686930621505269,415.01471580937505,31255048.55656309,-53.21586019701394,False
535200.0,0.011415601933899254,0.017563977378955542,-0.0038164668441567073,427.4390349537134,31172804.42478252,-52.224272708044424,False
535500.0,0.011458109681164166,0.017194718496853056,-0.0039307258785115096,438.7399295940995,31090395.64282385,-51.24712371143802,False
535800.0,0.011500315747566,0.01685782216790699,-0.004030990480153207,448.9271769784391,31008150.287064735,-50.28700938333952,False
536100.0,0.01154209856627441,0.016551079951085512,-0.0041184210008538,458.01599145308137,30926391.431989588,-49.34633551718511,False
536400.0,0.011583337149286811,0.016272334810992106,-0.004194083563263007,466.0253986492753,30845435.65836456,-48.427334239405056,False
536700.0,0.011623913109189546,0.016019518442249137,-0.004258950495994895,472.9810658581555,30765591.546934552,-47.53207703882998,False
537000.0,0.011663704271889123,0.01579065099005561,-0.004313921810179977,478.9147383309901,30687158.17477796,-46.66248451428774,False
537300.0,0.011702591781942228,0.015583858746197166,-0.00435983870085721,483.860533144325,30610423.62409666,-45.820333289897526,False
537600.0,0.011740458769131401,0.015397377128238077,-0.00439748814773111,487.8589213453233,30535663.503300432,-45.00726048600791,False
537900.0,0.011777186731124137,0.015229540996386959,-0.004427616414730551,490.95829191058874,30463139.501739353,-44.224766083600144,False
538200.0,0.011812664997658316,0.015078794671211426,-0.004450937851800063,493.20625848695636,30393097.997599587,-43.47421352326914,False
538500.0,0.011846788193221174,0.014943682284581428,-0.004468141956685656,494.65931310877204,30325768.702315852,-42.75682883880673,False
538800.0,0.011879450645620118,0.014822834577103094,-0.00447989705315166,495.37783381715417,30261363.38656448,-42.07369860875938,False
539100.0,0.01191056147012541,0.014714980656577836,-0.004486862098033839,495.42508509382606,30200074.681198303,-41.42576697759424,False
539400.0,0.011940029434243916,0.014618923305192766,-0.00448968313115472,494.86980909854174,30142074.965258047,-40.8138320164475,False
539700.0,0.011967776375733525,0.014533548809339436,-0.004489002063024827,493.7806588858366,30087515.364069697,-40.23854162673408,False
540000.0,0.011993730237701795,0.014457812049158747,-0.004485456198864313,492.2350272424519,30036524.845455453,-39.700389224093804,False
540300.0,0.0120178333605145,0.014390740070695074,-0.004479683655034705,490.3096292167902,29989209.456397887,-39.19970938808471,False
540600.0,0.01204003458222603,0.014331416233773098,-0.004472322138312279,488.08157485723495,29945651.680040214,-38.73667367472273,False
540900.0,0.012060297443627995,0.01427898671965977,-0.004464007881296084,485.6331931576133,29905909.92712265,-38.31128675263256,False
541200.0,0.012078594062312561,0.01423264535827684,-0.0044553776963311975,483.0474286787212,29870018.1809782,-37.92338300925111,False
541500.0,0.012094912495921147,0.01419163971908688,-0.004447065661160821,480.4059719182551,29837985.788323916,-37.57262376570614,False
541800.0,0.012109249558929705,0.014155254060824518,-0.004439705865998178,477.79398016631603,29809797.39473912,-37.25849519889962,False
542100.0,0.012121617729697963,0.014122815130093613,-0.004433927733764165,475.293468169868,29785413.04378669,-36.980307073529005,False
542400.0,0.012132041282638072,0.014093683075941499,-0.004430351334974603,472.9866623394191,29764768.417777665,-36.73719234508842,False
542700.0,0.012140558386867256,0.014067247288892304,-0.0044295888812442286,470.9540637806058,29747775.23299721,-36.528107675846,False
543000.0,0.01214721461897862,0.014042913750245134,-0.004432239902961044,469.2747050486505,29734321.777789403,-36.35183490531842,False
543300.0,0.012152075844747923,0.014020117235247653,-0.004438888343365477,468.0259044095874,29724273.59048415,-36.20698347861591,False
543600.0,0.012155210584761572,0.013998293293269626,-0.004450098504271693,467.2818788699806,29717474.270616002,-36.091993832211706,False
543900.0,0.012156702040219491,0.013976888272310362,-0.004466414266147467,467.1132110618055,29713746.412924763,-36.00514171689643,False
544200.0,0.01215664607707788,0.013955352820005373,-0.0044883539646249915,467.5865132845938,29712892.65512788,-35.94454344056878,False
544500.0,0.012155144877902323,0.013933130338671162,-0.004516404395289442,468.766325160861,29714696.82680152,-35.90816199663317,False
544800.0,0.01215230844949837,0.013909654958865758,-0.0045510175250598195,470.71189019456506,29718925.19534619,-35.893814041277174,False
545100.0,0.012148255525769267,0.013884345422439992,-0.004592614793175187,473.47635182738304,29725327.78957647,-35.899177682398914,False
545400.0,0.012143112706343167,0.013856605935103516,-0.00464157399441234,477.1122269332409,29733639.784829985,-35.921801076481984,False
545700.0,0.012137010313975516,0.013825817643919436,-0.00469822814061871,481.6616789214313,29743582.958705474,-35.9591117811642,False
546000.0,0.012130084667051951,0.01379133896674034,-0.004762865669228233,487.1669365800917,29754867.169793725,-36.008426858598675,False
546300.0,0.012122476019892713,0.01375250501979508,-0.004835723624566413,493.66255447268486,29767191.8856739,-36.06696373027144,False
546600.0,0.012114329317716775,0.013708630098278718,-0.004916985276743446,501.1782894805074,29780247.719790347,-36.13185177134376,False
546900.0,0.012105788088933691,0.013659003190639396,-0.005006776624838949,509.7375165000558,29793717.981241096,-36.20014465512129,False
547200.0,0.012096998312331455,0.013602896840239964,-0.005105166493478919,519.3611324205995,29807280.21716595,-36.268833450556,False
547500.0,0.01208810828572618,0.013539575991330821,-0.005212160815247557,530.061597879976,29820607.753498692,-36.33486048825421,False
547800.0,0.012079267813569619,0.013468304808554876,-0.005327702931836598,541.8497065491974,29833371.202757265,-36.39513398254201,False
548100.0,0.012070620703595207,0.013388348742353173,-0.005451669993192354,554.7284757457674,29845239.95663876,-36.44654340622367,False
548400.0,0.012062316065504218,0.013299001741842176,-0.005583874627802743,568.6965085528791,29855883.6341521,-36.48597557640127,False
548700.0,0.012054498177997707,0.01319958637640184,-0.005724065779354248,583.7483409866691,29864973.491788402,-36.510331399252685,False
549000.0,0.012047308782132502,0.01308947692092488,-0.005871923886338948,599.8746241740882,29872183.787810564,-36.51654318844682,False
549300.0,0.012040887897565328,0.012968111889904321,-0.006027071527938688,617.0589347071946,29877193.09969146,-36.50159240880219,False
549600.0,0.012035375044202228,0.012835016941721733,-0.006189071063381846,635.2829793170094,29879685.579609662,-36.46252770572906,False
549900.0,0.012030905304291984,0.012689816405327292,-0.006357429338095244,654.5240486711264,29879352.16162523,-36.396482990458985,False
550200.0,0.012027609650347838,0.012532248895666953,-0.006531604745561026,674.7543746232986,29875891.709102336,-36.30069533530289,False
550500.0,0.01202562024175347,0.012362188009689135,-0.006711015904151907,695.9420507736504,29869012.101621725,-36.172522393282364,False
550800.0,0.0120250636514417,0.012179648031917623,-0.006895044926842786,718.0546914041042,29858431.259725746,-36.00945903474032,False
551100.0,0.012026061141109936,0.011984788796951307,-0.007083051198435442,741.0539102293551,29843878.119476657,-35.80915285366014,False
551400.0,0.012028736807862817,0.011777934829410697,-0.007274378416688876,764.89810648188,29825093.53988157,-35.56941822647985,False
551700.0,0.012033206650639932,0.011559557288677524,-0.007468366707087171,789.5435627028346,29801831.154129975,-35.28824858978333,False
552000.0,0.012039587446380054,0.01133028630147237,-0.007664359692732603,814.9437374807894,29773858.16605486,-34.96382665446364,False
552300.0,0.012047994222574614,0.011090890347531968,-0.007861722757439793,841.0487758852541,29740956.0913718,-34.59453229316301,False
552600.0,0.012058536218930365,0.010842264192945095,-0.008059844732805743,867.8072919882834,29702921.443442635,-34.17894794191697,False
552900.0,0.012071322324350105,0.01058541586749584,-0.00825815130612284,895.1639698557556,29659566.371986087,-33.71586137256098,False
553200.0,0.01208645965982886,0.010321443179179823,-0.008456113551716271,923.062456626445,29610719.247349586,-33.2042658166757,False
553500.0,0.012104051496985858,0.010051506591764792,-0.008653255082187172,951.443202264607,29556225.20284714,-32.64335748400609,False
553800.0,0.01212420589886856,0.009776816709688774,-0.008849159421480124,980.2457207962871,29495946.627875715,-32.03253060046875,False
554100.0,0.012147021878037723,0.009498593223213447,-0.00904346787321586,1009.4072359539568,29429763.622025803,-31.371370175854526,False
554400.0,0.012172599683217666,0.009218045606729675,-0.009235891477580083,1038.8625396341085,29357574.407490734,-30.659642741004323,False
554700.0,0.012201043367386016,0.008936364763314941,-0.009426203969628233,1068.5457655116916,29279295.701127198,-29.897285400194228,False
555000.0,0.01223244738231982,0.00865467269628084,-0.009614245281582612,1098.3873211741447,29194863.054871924,-29.084393515585123,False
555300.0,0.012266911540024199,0.008374032646486285,-0.009799918285768427,1128.3174633346498,29104231.15484387,-28.22120740504937,False
555600.0,0.012304535306291794,0.00809541872877162,-0.009983189113867752,1158.2654631100595,29007374.091837686,-27.308098409126877,False
555900.0,0.012345413436506752,0.007819700603249657,-0.01016407945629183,1188.1569050587714,28904285.60213415,-26.345554692974247,False
556200.0,0.0123896432999517,0.007547650443683551,-0.010342660839850026,1217.9188312329352,28794979.270177748,-25.334167104172835,False
556500.0,0.012437320300366598,0.00727992125257515,-0.010519053869280981,1247.473344501108,28679488.71353697,-24.274615382083077,False
556800.0,0.012488540592906277,0.007017052790786238,-0.010693420319817903,1276.743920110166,28557867.726675455,-23.167654991517114,False
557100.0,0.012543397820686314,0.00675946802806493,-0.010865955430308105,1305.650519568473,28430190.407939766,-22.01410479303396,False
557400.0,0.012601983628275118,0.006507473312979073,-0.011036883528163344,1334.1134877614677,28296551.249981422,-20.814835724942824,False
557700.0,0.012664391549330675,0.006261268826392552,-0.011206453062499122,1362.0512858480215,28157065.208433803,-19.570760639454285,False
558000.0,0.012730711423507736,0.006020937666761483,-0.011374932562784323,1389.3795082904398,28011867.7409178,-18.282825393650977,False
558300.0,0.012801033155478491,0.005786467555509489,-0.011542601268047292,1416.0159150511026,27861114.81078726,-16.952001271940013,False
558600.0,0.012875439609764307,0.005557742505004626,-0.011709743131220307,1441.8723853342235,27704982.87344454,-15.579278775184235,False
558900.0,0.012954017652028478,0.005334555563280219,-0.011876650924250498,1466.8651142418385,27543668.812204838,-14.165662792754082,False
559200.0,0.013036842102184044,0.00511661037671729,-0.012043605963089732,1490.903663057834,27377389.8609324,-12.712169199581172,False
559500.0,0.013123990814342273,0.004903518124194761,-0.012210893580096638,1513.9006554149091,27206383.468994416,-11.219822815667847,False
559800.0,0.01321552861811696,0.004694812040213492,-0.012378777325395163,1535.764779113233,27030907.142685782,-9.689656797562963,False
560100.0,0.01331151979188742,0.004489940654309521,-0.012547512648074743,1556.407403279096,26851238.22907323,-8.12271337289942,False
560400.0,0.013412016671606658,0.004288265225596888,-0.012717332269636117,1575.73560750857,26667673.665142547,-6.520045980926796,False
560700.0,0.013517064436854844,0.004089065387489654,-0.012888445643576496,1593.6576134189963,26480529.6613392,-4.882722778513561,False
561000.0,0.013626696336753404,0.003891525653671124,-0.01306103414646742,1610.080894101411,26290141.33369286,-3.211831541534048,False
561300.0,0.013740933103466163,0.003694740864830237,-0.01323524370847351,1624.914468538016,26096862.266866177,-1.5084859837891966,False
561600.0,0.013859779597993756,0.0034976911587705217,-0.01341118289355639,1638.0649717971683,25901064.011771206,0.22616647610637722,False
561900.0,0.013983225129178644,0.0032992498802855152,-0.013588913998995089,1649.4406045526266,25703135.496291697,1.990935432324486,False
562200.0,0.014111240512556486,0.0030981497611719533,-0.0137684510041165,1658.9507646039128,25503482.35339932,3.7845766339505147,False
562500.0,0.01424377495344831,0.002892978950228553,-0.01394974767208712,1666.5050300359726,25302526.154596686,5.605779440506749,False
562800.0,0.014380753851349706,0.0026821545395137036,-0.01413269070355394,1672.0153950490057,25100703.53599006,7.453152488643085,False
563100.0,0.01452207493957597,0.0024638932347045284,-0.014317089237396274,1675.3946089558303,24898465.215071674,9.325207419259842,False
563400.0,0.014667609202762204,0.0022361911857728956,-0.014502665272415172,1676.560630891472,24696274.87901449,11.220340500321306,True
563700.0,0.014817191876407527,0.0019967690961948392,-0.014689037221311096,1675.4309432320297,24494607.951638874,13.13681193841011,True
564000.0,0.014970631125690243,0.0017430479524591647,-0.014875712970727761,1671.9321015253663,24293950.204910006,15.072722663716046,True
564300.0,0.015127690294263323,0.0014720823578784348,-0.015062058882811868,1665.9907655753195,24094796.24058767,17.025988288169785,True
564600.0,0.015288099699771612,0.0011805145041137166,-0.015247291375139582,1657.542188771069,23897647.7988906,18.994309979625548,True
564900.0,0.015451545547735257,0.0008645018945117044,-0.015430443748122968,1646.5264210365713,23703011.918127432,20.97514186337617,True
565200.0,0.015617672668764702,0.0005196338084090257,-0.015610341494362245,1632.8901621624827,23511398.92336983,22.96565460719678,True
565500.0,0.0157860774648251,0.0001408612454838476,-0.015785560862298098,1616.592300079763,23323320.244426135,24.962694758711972,True
565800.0,0.015956316951262425,-0.0002776095834349235,-0.015954398091551525,1597.5958429686725,23139286.08148316,26.9627394422529,True
566100.0,0.016127897657247446,-0.0007424036509462439,-0.016114809600672686,1575.879319652915,22959802.88971344,28.96184596859112,True
566400.0,0.016300285808833196,-0.0012610940503918755,-0.016264364035006196,1551.4279756955802,22785370.730689142,30.955596052894606,True
566700.0,0.016472898371025602,-0.001842269526207474,-0.016400165794365762,1524.2421201579273,22616480.46567935,32.93903439530924,True
567000.0,0.016645120085135395,-0.0024956214634244134,-0.016518792629604206,1494.3340618424118,22453610.836485993,34.906601726997245,True
567300.0,0.01681629521506342,-0.0032319576645818415,-0.016616198657239067,1461.7324623577297,22297225.43704495,36.85206279007001,True
567600.0,0.01698572941497887,-0.00406316233375037,-0.01668761713187905,1426.478623215109,22147769.61845389,38.76843054283334,True
567900.0,0.01715271744957052,-0.00500201878364237,-0.016727486706294314,1388.6298827789724,22005667.344546035,40.647889015249476,True
568200.0,0.01731651626987304,-0.00606185147549354,-0.016729326852356508,1348.2606599628925,21871318.04467206,42.48171883778283,True
568500.0,0.017476387001259003,-0.007255913844034012,-0.016685700770061374,1305.460523288697,21745093.50597603,44.26023208829803,True
568800.0,0.01763158042002528,-0.008596415429849458,-0.01658816175179112,1260.3359443061054,21627334.84394859,45.97272611307537,True
569100.0,0.017781358052683313,-0.010093062317679369,-0.016427318476885944,1213.0102084577084,21518349.605068695,47.60747033775843,True
569400.0,0.017924993698680333,-0.01175111945732965,-0.016192987259159963,1163.6214311234653,21418409.05154092,49.151744669510705,True
569700.0,0.018061799674386574,-0.013568893981556585,-0.0158745550174757,1112.3256905451417,21327745.6713618,50.5919529295079,True
570000.0,0.01819111717673545,-0.015534838898247472,-0.015461529771336302,1059.2884560115635,21246550.979532346,51.91383779327949,True
570300.0,0.018312344358286325,-0.017624652913610817,-0.014944391597985884,1004.6932667791843,21174973.627575736,53.102823219121134,True
570600.0,0.018424932744932534,-0.01979894317776143,-0.0143156941249174,948.7315363325179,21113117.899067964,54.14450266440589,True
570900.0,0.0185284095956355,-0.02200247068000749,-0.013571361469928434,891.6068151555955,21061042.593321484,55.02527400623971,True
571200.0,0.018622371957355662,-0.02416581546944485,-0.012711990272556761,833.5299061946571,21018760.348777745,55.73309358556086,True
571500.0,0.01870649847585601,-0.026210207890642323,-0.011743905014483857,774.7187535874546,20986237.411448073,56.25828551579662,True
571800.0,0.018780565699991054,-0.02805538341632996,-0.010679644417791678,715.3913279846311,20963393.869906425,56.59430734478636,True
572100.0,0.018844426699218982,-0.029629188205944956,-0.009537610457833523,655.7717008329928,20950104.33637347,56.73835336289829,True
572400.0,0.018898031770881334,-0.030876946734338162,-0.00834083963873411,596.081667393446,20946199.09121681,56.691685621354324,True
572700.0,0.018941426479250505,-0.03176813581251281,-0.007115027190472745,536.5374144762754,20951465.651374385,56.45962436578739,True
573000.0,0.018974735718989902,-0.03229871485257263,-0.005886213177788591,477.3541458360851,20965650.730871886,56.05119463778389,True
573300.0,0.018998171972346545,-0.032488928311693144,-0.004678595702380051,418.7357254102826,20988462.579646766,55.4784926698062,True
573600.0,0.019012024848412638,-0.032377600723805244,-0.003512848516081135,360.8805376775563,21019573.62632856,54.75588194764269,True
573900.0,0.01901665375201955,-0.032014817068613866,-0.002405150325671457,303.9748045541346,21058623.405743204,53.89914204031009,True
574200.0,0.019012482082601395,-0.03145479958718056,-0.0013669375174600873,248.19103231281042,21105221.702319246,52.924675723033396,True
574500.0,0.018999988298641857,-0.0307502124493908,-0.00040519096913982366,193.69122590869665,21158951.85714749,51.848844221353716,True
574800.0,0.01897969285366435,-0.029948371759559222,0.00047690145682821594,140.61971777305007,21219374.201397568,50.68746169519167,True
575100.0,0.01895215017490942,-0.029089293950789852,0.0012791718846045796,89.10961573570967,21286029.541272253,49.4554485881525,True
575400.0,0.018917945169064188,-0.028205168277906978,0.0020036683465392002,39.27531069889665,21358442.674149506,48.166623878624044,True
575700.0,0.01887767977429216,-0.027320751096141294,0.0026539458048375764,-8.78454165160656,21436125.867525335,46.83360737815918,True
576000.0,0.01883195942614568,-0.02645426379399396,0.003234507625464289,-54.985366981476545,21518582.273291185,45.467802309484576,True
576300.0,0.018781399458603357,-0.025618517017761633,0.003750356662074239,-99.25985606014729,21605309.24679892,44.07943197461977,True
576600.0,0.018726599874053444,-0.02482198497844479,0.004206674290564649,-141.5548844151199,21695801.5310253,42.67760955166295,True
576900.0,0.018668157153669207,-0.024069822839294375,0.004608600668056795,-181.83309804275632,21789554.293683413,41.27042552612578,True
577200.0,0.018606646027730493,-0.02336468680604753,0.0049610909214337084,-220.0713867135346,21886065.991764627,39.86504197897414,True
577500.0,0.018542617265651852,-0.02270741563748402,0.0052688299048568865,-256.2591738663614,21984841.053736646,38.46778667127175,True
577800.0,0.018476601204777066,-0.02209757255417344,0.0055361840990926225,-290.40178357437253,22085392.376559205,37.08424262010514,True
578100.0,0.01840909949076361,-0.02153384233039901,0.0057671872906297494,-322.5126176699996,22187243.61725064,35.71933076904636,True
578400.0,0.018340582211320944,-0.02101433273537623,0.005965543653829286,-352.61854565143585,22289931.302954253,34.37738465786789,True
578700.0,0.018271486185717636,-0.020536798499904307,0.006134636030154184,-380.75717417895794,22393006.740697477,33.06221681467561,True
579000.0,0.01820221907826426,-0.02009880858724955,0.006277543928124629,-406.97359772771597,22496037.739392348,31.77717707452127,True
579300.0,0.0181331536036247,-0.019697847753718634,0.006397077220892555,-431.3242783546448,22598610.15856088,30.525203306426977,True
579600.0,0.018064629659690266,-0.019331401406219584,0.006495790784377675,-453.870389983058,22700329.27435525,29.308865209349797,True
579900.0,0.01799695861385623,-0.018997009888011007,0.0065760152205882605,-474.68268805369735,22800820.994124502,28.13040181740142,True
580200.0,0.017930418088751735,-0.01869229728330879,0.006639874684978508,-493.83536214753985,22899732.906745747,26.991753416055925,True
580500.0,0.017865252527990597,-0.018414988353129047,0.006689315882120184,-511.41176265105605,22996735.201608628,25.89458848626714,True
580800.0,0.01780168314249582,-0.01816292921932927,0.006726130359695048,-527.4964440055192,23091521.440653384,24.84032628930094,True
581100.0,0.017739897660944078,-0.017934082539682095,0.006751962931808464,-542.1795437671244,23183809.21917294,23.830155643061943,True
581400.0,0.01768006257922663,-0.017726536259743852,0.0067683381795902164,-555.5548805035651,23273340.70600789,22.865050350211607,True
581700.0,0.017622316866866234,-0.01753849305998756,0.006776672274511952,-567.7178642228246,23359883.077891074,21.94578175449408,True
582000.0,0.017566774793817647,-0.01736826609149489,0.0067782893658332455,-578.7661276943982,23443228.858829692,21.072928805193538,True
582300.0,0.017513526727887946,-0.017214273863629614,0.006774430528956543,-588.8018947541714,23523196.170768373,20.246886000887226,True
582600.0,0.017462649759963624,-0.017075044040780085,0.006766265384470671,-597.9232657812536,23599628.889145102,19.46786952592202,True
582900.0,0.01741419288229899,-0.01694918815817914,0.006754901125098911,-606.2353371046484,23672396.739872184,18.735921876789178,True
583200.0,0.017368188416519305,-0.016835406899730287,0.006741390038264683,-613.838050968945,23741395.299433842,18.050915241119384,True
583500.0,0.01732465438122967,-0.016732484941996972,0.006726735795481886,-620.8334259726107,23806545.944735598,17.412553867760106,True
583800.0,0.017283586576552032,-0.01663927324841552,0.006711901111341234,-627.3240420483053,23867795.72777627,16.820375641569854,True
584100.0,0.017244970313912436,-0.016554696224261534,0.00669780933048969,-633.4091704897583,23925117.18397153,16.273753066342568,True
584400.0,0.01720877296533327,-0.016477736550768896,0.006685346592579577,-639.188323315233,23978508.085619785,15.771893826875015,True
584700.0,0.017174948823226226,-0.01640743214500162,0.006675367820621503,-644.7595657669008,24027991.12889253,15.31384108807098,True
585000.0,0.017143437417003905,-0.016342868166191238,0.0066686966340689935,-650.2172365821898,24073613.55939936,14.898473687319248,True
585300.0,0.017114164429655288,-0.016283173251537164,0.0066661218053365445,-655.6545197181404,24115446.74159651,14.524506350773693,True
585600.0,0.01708704816873495,-0.016227515809021043,0.006668407310982616,-661.1615635678172,24153585.662035417,14.190490038399886,True
585900.0,0.017061986308060904,-0.016175087478359274,0.006676280640624199,-666.8264650031924,24188148.372603063,13.894812565576613,True
586200.0,0.0170388725458637,-0.01612511387139648,0.0066904350358854,-672.7310681343079,24219275.3641371,13.63569957051021,True
586500.0,0.017017586008579152,-0.016076834279886043,0.006711532469628523,-678.9561655297875,24247128.883105762,13.411215940069571,True
586800.0,0.01699799191688968,-0.016029501306007887,0.006740189855545253,-685.5789795070887,24271892.172075447,13.219267807502758,True
587100.0,0.016979951361840478,-0.015982378821348675,0.006776992163199935,-692.667809151113,24293768.63652272,13.057605172801935,True
587400.0,0.016963309888125076,-0.015934732363348303,0.006822469271595466,-700.292617727071,24312980.95435215,12.923825303590748,True
587700.0,0.01694790744821935,-0.015885830293541403,0.006877103192822531,-708.5127144865692,24329770.08687202,12.815376946359729,True
588000.0,0.016933571856093496,-0.01583492899763428,0.006941330140856294,-717.3855532445014,24344394.23296523,12.729565482774769,True
588300.0,0.016920122777301115,-0.015781283464718854,0.007015514174028681,-726.9615238718688,24357127.689277694,12.663559156628219,True
588600.0,0.016907369138433933,-0.015724131977918887,0.007099963178744062,-737.284242875874,24368259.634227097,12.614396405637924,True
588900.0,0.016895122775239597,-0.01566271424712795,0.0071949137916806905,-748.3924266137183,24378092.830691736,12.578994477731515,True
589200.0,0.01688317509981137,-0.015596246266625258,0.007300522734155379,-760.3172127753496,24386942.24063611,12.554159399317378,True
589500.0,0.016871323337426723,-0.015523944610862372,0.0074168744973288625,-773.0847432725132,24395133.561628174,12.536597385621604,True
589800.0,0.016859353407626107,-0.01544501950763788,0.0075439559435004355,-786.7105700746179,24403001.672842752,12.522927832612632,True
590100.0,0.016847050528197488,-0.01535868156304332,0.007681670842194066,-801.206261139363,24410889.01299113,12.509697891456677,True
590400.0,0.016834197066834825,-0.015264150225618778,0.007829825537054802,-816.5735386200249,24419143.86873185,12.493398744893385,True
590700.0,0.016820578226345514,-0.015160668023213475,0.0079881257195904,-832.80824085325,24428118.60035935,12.470483564640219,True
591000.0,0.01680597540429863,-0.015047499097704531,0.008156179707373923,-849.8979667052627,24438167.794524018,12.43738713341263,True
591300.0,0.01679017580169649,-0.014923958615838728,0.008333483966417532,-867.8213904723525,24449646.359339543,12.390547086172313,True
591600.0,0.01677297251687186,-0.01478941205357387,0.008519446255224494,-886.5503553636372,24462907.57188579,12.32642658904593,True
591900.0,0.016754161658163163,-0.014643298071746358,0.008713364188334793,-906.0484439730644,24478301.08226445,12.241538348901926,True
592200.0,0.016733549369620106,-0.014485141275770275,0.00891444435748312,-926.2709630988538,24496170.8911488,12.132469611922703,True
592500.0,0.01671095458288083,-0.014314574084778542,0.009121799497922467,-947.1673392131925,24516853.315317534,11.995907888528233,True
592800.0,0.016686206791822762,-0.014131338993138343,0.009334467966013449,-968.6794125288725,24540674.949544434,11.828666968968262,True
593100.0,0.016659149781964602,-0.013935311079904977,0.009551412675046222,-990.738830525428,24567950.64416401,11.627712821400895,True
593400.0,0.016629645129828834,-0.013726509265126197,0.009771536378352152,-1013.27540384233,24598981.5273321,11.390188836023373,True
593700.0,0.01659757370181126,-0.013505097660527099,0.009993704442493367,-1036.209138520062,24634053.06263886,11.11343989158999,True
594000.0,0.016562830624893665,-0.013271391175806002,0.010216747261864612,-1059.4563134983182,24673433.190878782,10.795034726162823,True
594300.0,0.016525340743014726,-0.013025863720031339,0.01043949058633764,-1082.9262550920248,24717370.551224425,10.432786026825216,True
594600.0,0.016485047764654974,-0.01276913685134673,0.010660762940785773,-1106.5250244177878,24766092.816412877,10.024767785382979,True
594900.0,0.016441915312876237,-0.012501968254980511,0.010879417606808772,-1130.1535242162645,24819805.14725618,9.56932943633311,False
595200.0,0.016395937859368798,-0.012225252176591539,0.011094351003803737,-1153.7117235064507,24878688.795001015,9.065106429216977,False
595500.0,0.016347130292246007,-0.01193998886694203,0.011304519022207415,-1177.0951314978302,24942899.853133675,8.511026967216347,False
595800.0,0.01629553344049584,-0.011647274594253076,0.011508949838250793,-1200.197322934866,25012568.18616669,7.9063147606718305,False
596100.0,0.01624121350865496,-0.011348277033903287,0.011706759700913949,-1222.9131862483919,25087796.541751742,7.2504877582339065,False
596400.0,0.016184257983438123,-0.011044209832675733,0.011897160762846859,-1245.134072829038,25168659.846625138,6.543352959198885,False
596700.0,0.01612478021942856,-0.010736312885569532,0.01207947285814015,-1266.7563078477979,25255204.714601178,5.784997505813789,False
597000.0,0.01606291258278446,-0.010425817556949823,0.012253130994748673,-1287.6737517006695,25347449.1413249,4.975776380836599,False
597300.0,0.015998806522079786,-0.010113940463014615,0.0124176756764669,-1307.7837818153203,25445382.41636212,4.116297129705689,False
597600.0,0.015932637172856017,-0.009801848211225206,0.012572773789595093,-1326.986803881824,25548965.231118027,3.207402034709974,False
597900.0,0.015864586799134817,-0.009490639497187203,0.012718196088152833,-1345.1862611882389,25658129.98518104,2.250148335929826,False
598200.0,0.015794860959003648,-0.009181340371924307,0.01285382745657171,-1362.2913021035492,25772781.286268655,1.2457869657625034,False
598500.0,0.01572367121905969,-0.00887487603296222,0.012979653060430335,-1378.2120215930045,25892796.62430361,0.19574039668323298,False
598800.0,0.015651239997556514,-0.00857206908091257,0.01309575307384414,-1392.8672701977193,26018027.228089586,-0.8984199080284724,False
599100.0,0.015577793552959181,-0.008273628256574739,0.013202290895579338,-1406.1782501675189,26148299.064458076,-2.034995940256197,False
599400.0,0.015503568085873045,-0.007980149847213625,0.013299509638998508,-1418.0753157548606,26283413.992473472,-3.2121850693366825,False
599700.0,0.015428800189008489,-0.007692107518977309,0.013387718337255272,-1428.492138247937,26423151.03091178,-4.428101045940747,False
600000.0,0.015353720048869132,-0.007409855780167618,0.013467274025427578,-1437.3692813627422,26567267.74436693,-5.680793781438759,False
600300.0,0.015278568343409833,-0.0071336382769118245,0.013538589757836839,-1444.654431477189,26715501.718154125,-6.968267685741698,False
600600.0,0.015203569852257098,-0.006863572564753895,0.013602106334193564,-1450.3011047430336,26867572.106718484,-8.288498317778595,False
600900.0,0.015128950871462384,-0.006599678822311716,0.013658291503690023,-1454.2684943042696,27023181.24137939,-9.639447288027498,False
601200.0,0.015054928364895035,-0.00634186218522359,0.01370763188440094,-1456.5251801125705,27182016.28386001,-11.019075307238554,False
601500.0,0.01498170870171694,-0.006089925022337184,0.013750620583497408,-1457.0417583584785,27343750.89519031,-12.425353359329682,False
601800.0,0.014909490409599411,-0.00584357170413341,0.013787753724958662,-1455.7979893498123,27508046.931115452,-13.856272024967602,False
602100.0,0.014838464958217204,-0.005602413200762157,0.013819525167539481,-1452.7797609344125,27674556.12599366,-15.309848988767286,False
602400.0,0.014768808065324303,-0.005365961259741425,0.01384641514480478,-1447.9785542860627,27842921.765821047,-16.784134792085418,False
602700.0,0.01470068232193109,-0.005133634658278652,0.013868886265324676,-1441.3890083096921,28012780.33526186,-18.27721692638251,False
603000.0,0.014634245250109482,-0.004904761930447421,0.013887386886185737,-1433.015064328909,28183763.139805876,-19.78722235729202,False
603300.0,0.014569636577016432,-0.00467857199683408,0.013902336223125644,-1422.863054919988,28355497.873410698,-21.312318546487624,False
603600.0,0.014506986075393972,-0.0044541878437769356,0.013914129406632725,-1410.9471244849265,28527610.150328487,-22.850713099617618,False
603900.0,0.014446409277180031,-0.004230626363749934,0.013923127554694048,-1397.281584572047,28699724.970290486,-24.400652088160502,False
604200.0,0.014388013113227245,-0.004006789526613375,0.013929660542341793,-1381.8897906914353,28871468.142386023,-25.96041714440898,False
604500.0,0.0143318905885896,-0.003781443427016029,0.01393402033112423,-1364.7976463399827,29042467.632579748,-27.52832136424611,False
604800.0,0.014278127022560419,-0.0035532114491445554,0.013936461762739327,-1346.034293435514,29212354.85524857,-29.10270407360301,False
