epoch_id,slot,satellite_id,sat_rxframe_x_m,sat_rxframe_y_m,sat_rxframe_z_m,corrected_code_m,sigma_m
0,0,G01,-8376520.570479282,-732850.5897086428,21992175.987571605,21023068.78753934,0.7
0,1,G02,5135546.519088706,6987010.2169092335,24899631.032974966,21034982.61260365,0.7999999999999999
0,2,G03,3429578.5817035493,16520664.265988369,18421082.856187493,21046905.23258446,0.8999999999999999
0,3,G04,16406920.098849319,8547916.24210515,19810544.008534085,21058933.746304713,1.0
0,4,G05,20033446.268971935,13636045.656463386,2420402.5618253434,21070856.762859464,1.1
0,5,G06,24691061.4835535,2681884.9312656224,7574972.513853825,21082934.812935963,1.2
0,6,G07,21517774.593416587,-8462568.120984985,-2534437.2306143027,21095007.33424895,1.3
0,7,G08,19448887.245363735,-7889235.399977439,16648407.106806064,21107041.733223457,1.4
0,8,G09,10944749.510893766,-16220481.7190472,16018564.421176393,21119123.344703883,1.5
0,9,G10,-107735.47345301788,-15483022.228717456,18376803.125337426,21131149.79022478,1.6
0,10,G11,12970435.608127272,-869257.7294950492,24046834.877560943,21143019.23784499,1.7
0,11,G12,-285548.37942463346,-1441253.208214551,25635109.197705623,21155059.536615502,1.8
1,0,G01,-8376520.570479282,-732850.5897086428,21992175.987571605,21023068.695874676,0.7
1,1,G02,5135546.519088706,6987010.2169092335,24899631.032974966,21034982.544896778,0.7999999999999999
1,2,G03,3429578.5817035493,16520664.265988369,18421082.856187493,21046905.12167679,0.8999999999999999
1,3,G04,16406920.098849319,8547916.24210515,19810544.008534085,21058933.805605087,1.0
1,4,G05,20033446.268971935,13636045.656463386,2420402.5618253434,21070856.95683103,1.1
1,5,G06,24691061.4835535,2681884.9312656224,7574972.513853825,21082935.09927608,1.2
1,6,G07,21517774.593416587,-8462568.120984985,-2534437.2306143027,21095007.776998233,1.3
1,7,G08,19448887.245363735,-7889235.399977439,16648407.106806064,21107041.989916578,1.4
1,8,G09,10944749.510893766,-16220481.7190472,16018564.421176393,21119123.60664467,1.5
1,9,G10,-107735.47345301788,-15483022.228717456,18376803.125337426,21131149.930710804,1.6
1,10,G11,12970435.608127272,-869257.7294950492,24046834.877560943,21143019.314510275,1.7
1,11,G12,-285548.37942463346,-1441253.208214551,25635109.197705623,21155059.491157666,1.8
2,0,G01,-8376520.570479282,-732850.5897086428,21992175.987571605,21023068.6045834,0.7
2,1,G02,5135546.519088706,6987010.2169092335,24899631.032974966,21034982.477400698,0.7999999999999999
2,2,G03,3429578.5817035493,16520664.265988369,18421082.856187493,21046905.01091518,0.8999999999999999
2,3,G04,16406920.098849319,8547916.24210515,19810544.008534085,21058933.864897706,1.0
2,4,G05,20033446.268971935,13636045.656463386,2420402.5618253434,21070857.15053279,1.1
2,5,G06,24691061.4835535,2681884.9312656224,7574972.513853825,21082935.385356266,1.2
2,6,G07,21517774.593416587,-8462568.120984985,-2534437.2306143027,21095008.219425697,1.3
2,7,G08,19448887.245363735,-7889235.399977439,16648407.106806064,21107042.246542454,1.4
2,8,G09,10944749.510893766,-16220481.7190472,16018564.421176393,21119123.8686384,1.5
2,9,G10,-107735.47345301788,-15483022.228717456,18376803.125337426,21131150.071429297,1.6
2,10,G11,12970435.608127272,-869257.7294950492,24046834.877560943,21143019.391276572,1.7
2,11,G12,-285548.37942463346,-1441253.208214551,25635109.197705623,21155059.446003042,1.8
3,0,G01,-8376520.570479282,-732850.5897086428,21992175.987571605,21023068.51403831,0.7
3,1,G02,5135546.519088706,6987010.2169092335,24899631.032974966,21034982.41032587,0.7999999999999999
3,2,G03,3429578.5817035493,16520664.265988369,18421082.856187493,21046904.90044544,0.8999999999999999
3,3,G04,16406920.098849319,8547916.24210515,19810544.008534085,21058933.92417483,1.0
3,4,G05,20033446.268971935,13636045.656463386,2420402.5618253434,21070857.343695354,1.1
3,5,G06,24691061.4835535,2681884.9312656224,7574972.513853825,21082935.670916993,1.2
3,6,G07,21517774.593416587,-8462568.120984985,-2534437.2306143027,21095008.661210015,1.3
3,7,G08,19448887.245363735,-7889235.399977439,16648407.106806064,21107042.503033947,1.4
3,8,G09,10944749.510893766,-16220481.7190472,16018564.421176393,21119124.13073793,1.5
3,9,G10,-107735.47345301788,-15483022.228717456,18376803.125337426,21131150.21261236,1.6
3,10,G11,12970435.608127272,-869257.7294950492,24046834.877560943,21143019.46824473,1.7
3,11,G12,-285548.37942463346,-1441253.208214551,25635109.197705623,21155059.401454363,1.8
4,0,G01,-8376520.570479282,-732850.5897086428,21992175.987571605,21023068.424611017,0.7
4,1,G02,5135546.519088706,6987010.2169092335,24899631.032974966,21034982.34388213,0.7999999999999999
4,2,G03,3429578.5817035493,16520664.265988369,18421082.856187493,21046904.790412966,0.8999999999999999
4,3,G04,16406920.098849319,8547916.24210515,19810544.008534085,21058933.983428802,1.0
4,4,G05,20033446.268971935,13636045.656463386,2420402.5618253434,21070857.536050227,1.1
4,5,G06,24691061.4835535,2681884.9312656224,7574972.513853825,21082935.955699626,1.2
4,6,G07,21517774.593416587,-8462568.120984985,-2534437.2306143027,21095009.102030933,1.3
4,7,G08,19448887.245363735,-7889235.399977439,16648407.106806064,21107042.759324186,1.4
4,8,G09,10944749.510893766,-16220481.7190472,16018564.421176393,21119124.39299599,1.5
4,9,G10,-107735.47345301788,-15483022.228717456,18376803.125337426,21131150.35449137,1.6
4,10,G11,12970435.608127272,-869257.7294950492,24046834.877560943,21143019.54551534,1.7
4,11,G12,-285548.37942463346,-1441253.208214551,25635109.197705623,21155059.35781343,1.8
5,0,G01,-8376520.570479282,-732850.5897086428,21992175.987571605,21023068.336671352,0.7
5,1,G02,5135546.519088706,6987010.2169092335,24899631.032974966,21034982.27827832,0.7999999999999999
5,2,G03,3429578.5817035493,16520664.265988369,18421082.856187493,21046904.68096246,0.8999999999999999
5,3,G04,16406920.098849319,8547916.24210515,19810544.008534085,21058934.042652026,1.0
5,4,G05,20033446.268971935,13636045.656463386,2420402.5618253434,21070857.72733022,1.1
5,5,G06,24691061.4835535,2681884.9312656224,7574972.513853825,21082936.239446778,1.2
5,6,G07,21517774.593416587,-8462568.120984985,-2534437.2306143027,21095009.54156971,1.3
5,7,G08,19448887.245363735,-7889235.399977439,16648407.106806064,21107043.015346646,1.4
5,8,G09,10944749.510893766,-16220481.7190472,16018564.421176393,21119124.65546506,1.5
5,9,G10,-107735.47345301788,-15483022.228717456,18376803.125337426,21131150.49729659,1.6
5,10,G11,12970435.608127272,-869257.7294950492,24046834.877560943,21143019.62318853,1.7
5,11,G12,-285548.37942463346,-1441253.208214551,25635109.197705623,21155059.315380603,1.8
6,0,G01,-8376520.570479282,-732850.5897086428,21992175.987571605,21023068.250586804,0.7
6,1,G02,5135546.519088706,6987010.2169092335,24899631.032974966,21034982.213722024,0.7999999999999999
6,2,G03,3429578.5817035493,16520664.265988369,18421082.856187493,21046904.57223774,0.8999999999999999
6,3,G04,16406920.098849319,8547916.24210515,19810544.008534085,21058934.10183705,1.0
6,4,G05,20033446.268971935,13636045.656463386,2420402.5618253434,21070857.917269904,1.1
6,5,G06,24691061.4835535,2681884.9312656224,7574972.513853825,21082936.521902796,1.2
6,6,G07,21517774.593416587,-8462568.120984985,-2534437.2306143027,21095009.979509704,1.3
6,7,G08,19448887.245363735,-7889235.399977439,16648407.106806064,21107043.271035325,1.4
6,8,G09,10944749.510893766,-16220481.7190472,16018564.421176393,21119124.91819735,1.5
6,9,G10,-107735.47345301788,-15483022.228717456,18376803.125337426,21131150.641256854,1.6
6,10,G11,12970435.608127272,-869257.7294950492,24046834.877560943,21143019.701363888,1.7
6,11,G12,-285548.37942463346,-1441253.208214551,25635109.197705623,21155059.27445438,1.8
7,0,G01,-8376520.570479282,-732850.5897086428,21992175.987571605,21023068.166721914,0.7
7,1,G02,5135546.519088706,6987010.2169092335,24899631.032974966,21034982.15041923,0.7999999999999999
7,2,G03,3429578.5817035493,16520664.265988369,18421082.856187493,21046904.464381535,0.8999999999999999
7,3,G04,16406920.098849319,8547916.24210515,19810544.008534085,21058934.160976574,1.0
7,4,G05,20033446.268971935,13636045.656463386,2420402.5618253434,21070858.105606023,1.1
7,5,G06,24691061.4835535,2681884.9312656224,7574972.513853825,21082936.80281416,1.2
7,6,G07,21517774.593416587,-8462568.120984985,-2534437.2306143027,21095010.41553684,1.3
7,7,G08,19448887.245363735,-7889235.399977439,16648407.106806064,21107043.526324823,1.4
7,8,G09,10944749.510893766,-16220481.7190472,16018564.421176393,21119125.181244697,1.5
7,9,G10,-107735.47345301788,-15483022.228717456,18376803.125337426,21131150.786599163,1.6
7,10,G11,12970435.608127272,-869257.7294950492,24046834.877560943,21143019.780140284,1.7
7,11,G12,-285548.37942463346,-1441253.208214551,25635109.197705623,21155059.23533092,1.8
8,0,G01,-8376520.570479282,-732850.5897086428,21992175.987571605,21023068.08543769,0.7
8,1,G02,5135546.519088706,6987010.2169092335,24899631.032974966,21034982.08857398,0.7999999999999999
8,2,G03,3429578.5817035493,16520664.265988369,18421082.856187493,21046904.35753521,0.8999999999999999
8,3,G04,16406920.098849319,8547916.24210515,19810544.008534085,21058934.22006346,1.0
8,4,G05,20033446.268971935,13636045.656463386,2420402.5618253434,21070858.292077944,1.1
8,5,G06,24691061.4835535,2681884.9312656224,7574972.513853825,21082937.081929896,1.2
8,6,G07,21517774.593416587,-8462568.120984985,-2534437.2306143027,21095010.849340126,1.3
8,7,G08,19448887.245363735,-7889235.399977439,16648407.106806064,21107043.78115048,1.4
8,8,G09,10944749.510893766,-16220481.7190472,16018564.421176393,21119125.444658495,1.5
8,9,G10,-107735.47345301788,-15483022.228717456,18376803.125337426,21131150.933548354,1.6
8,10,G11,12970435.608127272,-869257.7294950492,24046834.877560943,21143019.85961572,1.7
8,11,G12,-285548.37942463346,-1441253.208214551,25635109.197705623,21155059.198303536,1.8
9,0,G01,-8376520.570479282,-732850.5897086428,21992175.987571605,21023068.007091075,0.7
9,1,G02,5135546.519088706,6987010.2169092335,24899631.032974966,21034982.02838814,0.7999999999999999
9,2,G03,3429578.5817035493,16520664.265988369,18421082.856187493,21046904.25183861,0.8999999999999999
9,3,G04,16406920.098849319,8547916.24210515,19810544.008534085,21058934.2790908,1.0
9,4,G05,20033446.268971935,13636045.656463386,2420402.5618253434,21070858.476428058,1.1
9,5,G06,24691061.4835535,2681884.9312656224,7574972.513853825,21082937.359001998,1.2
9,6,G07,21517774.593416587,-8462568.120984985,-2534437.2306143027,21095011.280612156,1.3
9,7,G08,19448887.245363735,-7889235.399977439,16648407.106806064,21107044.03544849,1.4
9,8,G09,10944749.510893766,-16220481.7190472,16018564.421176393,21119125.708489638,1.5
9,9,G10,-107735.47345301788,-15483022.228717456,18376803.125337426,21131151.082326733,1.6
9,10,G11,12970435.608127272,-869257.7294950492,24046834.877560943,21143019.939887244,1.7
9,11,G12,-285548.37942463346,-1441253.208214551,25635109.197705623,21155059.163662307,1.8
10,0,G01,-8376520.570479282,-732850.5897086428,21992175.987571605,21023067.932034325,0.7
10,1,G02,5135546.519088706,6987010.2169092335,24899631.032974966,21034981.970060993,0.7999999999999999
10,2,G03,3429578.5817035493,16520664.265988369,18421082.856187493,21046904.14742981,0.8999999999999999
10,3,G04,16406920.098849319,8547916.24210515,19810544.008534085,21058934.33805191,1.0
10,4,G05,20033446.268971935,13636045.656463386,2420402.5618253434,21070858.658402223,1.1
10,5,G06,24691061.4835535,2681884.9312656224,7574972.513853825,21082937.633785836,1.2
10,6,G07,21517774.593416587,-8462568.120984985,-2534437.2306143027,21095011.70904961,1.3
10,7,G08,19448887.245363735,-7889235.399977439,16648407.106806064,21107044.28915603,1.4
10,8,G09,10944749.510893766,-16220481.7190472,16018564.421176393,21119125.97278843,1.5
10,9,G10,-107735.47345301788,-15483022.228717456,18376803.125337426,21131151.233153734,1.6
10,10,G11,12970435.608127272,-869257.7294950492,24046834.877560943,21143020.021050744,1.7
10,11,G12,-285548.37942463346,-1441253.208214551,25635109.197705623,21155059.13169357,1.8
11,0,G01,-8376520.570479282,-732850.5897086428,21992175.987571605,21023067.860614505,0.7
11,1,G02,5135546.519088706,6987010.2169092335,24899631.032974966,21034981.91378902,0.7999999999999999
11,2,G03,3429578.5817035493,16520664.265988369,18421082.856187493,21046904.044444922,0.8999999999999999
11,3,G04,16406920.098849319,8547916.24210515,19810544.008534085,21058934.396940384,1.0
11,4,G05,20033446.268971935,13636045.656463386,2420402.5618253434,21070858.837750163,1.1
11,5,G06,24691061.4835535,2681884.9312656224,7574972.513853825,21082937.906040564,1.2
11,6,G07,21517774.593416587,-8462568.120984985,-2534437.2306143027,21095012.134353723,1.3
11,7,G08,19448887.245363735,-7889235.399977439,16648407.106806064,21107044.542211372,1.4
11,8,G09,10944749.510893766,-16220481.7190472,16018564.421176393,21119126.237604532,1.5
11,9,G10,-107735.47345301788,-15483022.228717456,18376803.125337426,21131151.38624558,1.6
11,10,G11,12970435.608127272,-869257.7294950492,24046834.877560943,21143020.103200864,1.7
11,11,G12,-285548.37942463346,-1441253.208214551,25635109.197705623,21155059.102679517,1.8
12,0,G01,-8376520.570479282,-732850.5897086428,21992175.987571605,21023067.793172903,0.7
12,1,G02,5135546.519088706,6987010.2169092335,24899631.032974966,21034981.859765552,0.7999999999999999
12,2,G03,3429578.5817035493,16520664.265988369,18421082.856187493,21046903.943017885,0.8999999999999999
12,3,G04,16406920.098849319,8547916.24210515,19810544.008534085,21058934.455750108,1.0
12,4,G05,20033446.268971935,13636045.656463386,2420402.5618253434,21070859.01422589,1.1
12,5,G06,24691061.4835535,2681884.9312656224,7574972.513853825,21082938.175529525,1.2
12,6,G07,21517774.593416587,-8462568.120984985,-2534437.2306143027,21095012.556230802,1.3
12,7,G08,19448887.245363735,-7889235.399977439,16648407.106806064,21107044.79455399,1.4
12,8,G09,10944749.510893766,-16220481.7190472,16018564.421176393,21119126.502986886,1.5
12,9,G10,-107735.47345301788,-15483022.228717456,18376803.125337426,21131151.541814927,1.6
12,10,G11,12970435.608127272,-869257.7294950492,24046834.877560943,21143020.18643086,1.7
12,11,G12,-285548.37942463346,-1441253.208214551,25635109.197705623,21155059.076897725,1.8
13,0,G01,-8376520.570479282,-732850.5897086428,21992175.987571605,21023067.7300445,0.7
13,1,G02,5135546.519088706,6987010.2169092335,24899631.032974966,21034981.808180496,0.7999999999999999
13,2,G03,3429578.5817035493,16520664.265988369,18421082.856187493,21046903.84328024,0.8999999999999999
13,3,G04,16406920.098849319,8547916.24210515,19810544.008534085,21058934.514475282,1.0
13,4,G05,20033446.268971935,13636045.656463386,2420402.5618253434,21070859.187588073,1.1
13,5,G06,24691061.4835535,2681884.9312656224,7574972.513853825,21082938.442020617,1.2
13,6,G07,21517774.593416587,-8462568.120984985,-2534437.2306143027,21095012.97439267,1.3
13,7,G08,19448887.245363735,-7889235.399977439,16648407.106806064,21107045.04612468,1.4
13,8,G09,10944749.510893766,-16220481.7190472,16018564.421176393,21119126.76898364,1.5
13,9,G10,-107735.47345301788,-15483022.228717456,18376803.125337426,21131151.70007054,1.6
13,10,G11,12970435.608127272,-869257.7294950492,24046834.877560943,21143020.270832453,1.7
13,11,G12,-285548.37942463346,-1441253.208214551,25635109.197705623,21155059.05462073,1.8
14,0,G01,-8376520.570479282,-732850.5897086428,21992175.987571605,21023067.671557445,0.7
14,1,G02,5135546.519088706,6987010.2169092335,24899631.032974966,21034981.75922004,0.7999999999999999
14,2,G03,3429578.5817035493,16520664.265988369,18421082.856187493,21046903.74536097,0.8999999999999999
14,3,G04,16406920.098849319,8547916.24210515,19810544.008534085,21058934.57311048,1.0
14,4,G05,20033446.268971935,13636045.656463386,2420402.5618253434,21070859.357600488,1.1
14,5,G06,24691061.4835535,2681884.9312656224,7574972.513853825,21082938.70528672,1.2
14,6,G07,21517774.593416587,-8462568.120984985,-2534437.2306143027,21095013.388557147,1.3
14,7,G08,19448887.245363735,-7889235.399977439,16648407.106806064,21107045.296865683,1.4
14,8,G09,10944749.510893766,-16220481.7190472,16018564.421176393,21119127.035642106,1.5
14,9,G10,-107735.47345301788,-15483022.228717456,18376803.125337426,21131151.861216977,1.6
14,10,G11,12970435.608127272,-869257.7294950492,24046834.877560943,21143020.35649572,1.7
14,11,G12,-285548.37942463346,-1441253.208214551,25635109.197705623,21155059.036115624,1.8
15,0,G01,-8376520.570479282,-732850.5897086428,21992175.987571605,21023067.61803252,0.7
15,1,G02,5135546.519088706,6987010.2169092335,24899631.032974966,21034981.713066366,0.7999999999999999
15,2,G03,3429578.5817035493,16520664.265988369,18421082.856187493,21046903.649386257,0.8999999999999999
15,3,G04,16406920.098849319,8547916.24210515,19810544.008534085,21058934.631650615,1.0
15,4,G05,20033446.268971935,13636045.656463386,2420402.5618253434,21070859.524032336,1.1
15,5,G06,24691061.4835535,2681884.9312656224,7574972.513853825,21082938.965106014,1.2
15,6,G07,21517774.593416587,-8462568.120984985,-2534437.2306143027,21095013.798448484,1.3
15,7,G08,19448887.245363735,-7889235.399977439,16648407.106806064,21107045.546720754,1.4
15,8,G09,10944749.510893766,-16220481.7190472,16018564.421176393,21119127.30300866,1.5
15,9,G10,-107735.47345301788,-15483022.228717456,18376803.125337426,21131152.025454227,1.6
15,10,G11,12970435.608127272,-869257.7294950492,24046834.877560943,21143020.44350894,1.7
15,11,G12,-285548.37942463346,-1441253.208214551,25635109.197705623,21155059.021643598,1.8
16,0,G01,-8376520.570479282,-732850.5897086428,21992175.987571605,21023067.56978265,0.7
16,1,G02,5135546.519088706,6987010.2169092335,24899631.032974966,21034981.669897374,0.7999999999999999
16,2,G03,3429578.5817035493,16520664.265988369,18421082.856187493,21046903.55547932,0.8999999999999999
16,3,G04,16406920.098849319,8547916.24210515,19810544.008534085,21058934.690091033,1.0
16,4,G05,20033446.268971935,13636045.656463386,2420402.5618253434,21070859.68665868,1.1
16,5,G06,24691061.4835535,2681884.9312656224,7574972.513853825,21082939.22126241,1.2
16,6,G07,21517774.593416587,-8462568.120984985,-2534437.2306143027,21095014.203797843,1.3
16,7,G08,19448887.245363735,-7889235.399977439,16648407.106806064,21107045.795635328,1.4
16,8,G09,10944749.510893766,-16220481.7190472,16018564.421176393,21119127.57112872,1.5
16,9,G10,-107735.47345301788,-15483022.228717456,18376803.125337426,21131152.19297746,1.6
16,10,G11,12970435.608127272,-869257.7294950492,24046834.877560943,21143020.531958517,1.7
16,11,G12,-285548.37942463346,-1441253.208214551,25635109.197705623,21155059.011459585,1.8
17,0,G01,-8376520.570479282,-732850.5897086428,21992175.987571605,21023067.5271124,0.7
17,1,G02,5135546.519088706,6987010.2169092335,24899631.032974966,21034981.629886433,0.7999999999999999
17,2,G03,3429578.5817035493,16520664.265988369,18421082.856187493,21046903.463760242,0.8999999999999999
17,3,G04,16406920.098849319,8547916.24210515,19810544.008534085,21058934.748427495,1.0
17,4,G05,20033446.268971935,13636045.656463386,2420402.5618253434,21070859.84526078,1.1
17,5,G06,24691061.4835535,2681884.9312656224,7574972.513853825,21082939.473545875,1.2
17,6,G07,21517774.593416587,-8462568.120984985,-2534437.2306143027,21095014.604343697,1.3
17,7,G08,19448887.245363735,-7889235.399977439,16648407.106806064,21107046.043556564,1.4
17,8,G09,10944749.510893766,-16220481.7190472,16018564.421176393,21119127.840046637,1.5
17,9,G10,-107735.47345301788,-15483022.228717456,18376803.125337426,21131152.36397666,1.6
17,10,G11,12970435.608127272,-869257.7294950492,24046834.877560943,21143020.62192882,1.7
17,11,G12,-285548.37942463346,-1441253.208214551,25635109.197705623,21155059.00581184,1.8
18,0,G01,-8376520.570479282,-732850.5897086428,21992175.987571605,21023067.49031749,0.7
18,1,G02,5135546.519088706,6987010.2169092335,24899631.032974966,21034981.593202084,0.7999999999999999
18,2,G03,3429578.5817035493,16520664.265988369,18421082.856187493,21046903.374345724,0.8999999999999999
18,3,G04,16406920.098849319,8547916.24210515,19810544.008534085,21058934.80665621,1.0
18,4,G05,20033446.268971935,13636045.656463386,2420402.5618253434,21070859.999626447,1.1
18,5,G06,24691061.4835535,2681884.9312656224,7574972.513853825,21082939.72175277,1.2
18,6,G07,21517774.593416587,-8462568.120984985,-2534437.2306143027,21095014.999832276,1.3
18,7,G08,19448887.245363735,-7889235.399977439,16648407.106806064,21107046.290433485,1.4
18,8,G09,10944749.510893766,-16220481.7190472,16018564.421176393,21119128.109805673,1.5
18,9,G10,-107735.47345301788,-15483022.228717456,18376803.125337426,21131152.538636364,1.6
18,10,G11,12970435.608127272,-869257.7294950492,24046834.877560943,21143020.713502068,1.7
18,11,G12,-285548.37942463346,-1441253.208214551,25635109.197705623,21155059.00494153,1.8
19,0,G01,-8376520.570479282,-732850.5897086428,21992175.987571605,21023067.459684324,0.7
19,1,G02,5135546.519088706,6987010.2169092335,24899631.032974966,21034981.560007807,0.7999999999999999
19,2,G03,3429578.5817035493,16520664.265988369,18421082.856187493,21046903.28734899,0.8999999999999999
19,3,G04,16406920.098849319,8547916.24210515,19810544.008534085,21058934.864773866,1.0
19,4,G05,20033446.268971935,13636045.656463386,2420402.5618253434,21070860.149550408,1.1
19,5,G06,24691061.4835535,2681884.9312656224,7574972.513853825,21082939.96568622,1.2
19,6,G07,21517774.593416587,-8462568.120984985,-2534437.2306143027,21095015.39001796,1.3
19,7,G08,19448887.245363735,-7889235.399977439,16648407.106806064,21107046.536217064,1.4
19,8,G09,10944749.510893766,-16220481.7190472,16018564.421176393,21119128.38044793,1.5
19,9,G10,-107735.47345301788,-15483022.228717456,18376803.125337426,21131152.71713537,1.6
19,10,G11,12970435.608127272,-869257.7294950492,24046834.877560943,21143020.806758244,1.7
19,11,G12,-285548.37942463346,-1441253.208214551,25635109.197705623,21155059.009082418,1.8
20,0,G01,-8376520.570479282,-732850.5897086428,21992175.987571605,21023067.435489547,0.7
20,1,G02,5135546.519088706,6987010.2169092335,24899631.032974966,21034981.530461766,0.7999999999999999
20,2,G03,3429578.5817035493,16520664.265988369,18421082.856187493,21046903.202879544,0.8999999999999999
20,3,G04,16406920.098849319,8547916.24210515,19810544.008534085,21058934.922777634,1.0
20,4,G05,20033446.268971935,13636045.656463386,2420402.5618253434,21070860.29483463,1.1
20,5,G06,24691061.4835535,2681884.9312656224,7574972.513853825,21082940.205156416,1.2
20,6,G07,21517774.593416587,-8462568.120984985,-2534437.2306143027,21095015.774663687,1.3
20,7,G08,19448887.245363735,-7889235.399977439,16648407.106806064,21107046.7808603,1.4
20,8,G09,10944749.510893766,-16220481.7190472,16018564.421176393,21119128.65201428,1.5
20,9,G10,-107735.47345301788,-15483022.228717456,18376803.125337426,21131152.89964643,1.6
20,10,G11,12970435.608127272,-869257.7294950492,24046834.877560943,21143020.901774954,1.7
20,11,G12,-285548.37942463346,-1441253.208214551,25635109.197705623,21155059.018460434,1.8
21,0,G01,-8376520.570479282,-732850.5897086428,21992175.987571605,21023067.417999603,0.7
21,1,G02,5135546.519088706,6987010.2169092335,24899631.032974966,21034981.50471658,0.7999999999999999
21,2,G03,3429578.5817035493,16520664.265988369,18421082.856187493,21046903.12104306,0.8999999999999999
21,3,G04,16406920.098849319,8547916.24210515,19810544.008534085,21058934.980665214,1.0
21,4,G05,20033446.268971935,13636045.656463386,2420402.5618253434,21070860.435288653,1.1
21,5,G06,24691061.4835535,2681884.9312656224,7574972.513853825,21082940.439980946,1.2
21,6,G07,21517774.593416587,-8462568.120984985,-2534437.2306143027,21095016.153541327,1.3
21,7,G08,19448887.245363735,-7889235.399977439,16648407.106806064,21107047.02431834,1.4
21,8,G09,10944749.510893766,-16220481.7190472,16018564.421176393,21119128.924544334,1.5
21,9,G10,-107735.47345301788,-15483022.228717456,18376803.125337426,21131153.086336017,1.6
21,10,G11,12970435.608127272,-869257.7294950492,24046834.877560943,21143020.998627335,1.7
21,11,G12,-285548.37942463346,-1441253.208214551,25635109.197705623,21155059.03329339,1.8
22,0,G01,-8376520.570479282,-732850.5897086428,21992175.987571605,21023067.40747031,0.7
22,1,G02,5135546.519088706,6987010.2169092335,24899631.032974966,21034981.482919082,0.7999999999999999
22,2,G03,3429578.5817035493,16520664.265988369,18421082.856187493,21046903.04194118,0.8999999999999999
22,3,G04,16406920.098849319,8547916.24210515,19810544.008534085,21058935.03843484,1.0
22,4,G05,20033446.268971935,13636045.656463386,2420402.5618253434,21070860.57072989,1.1
22,5,G06,24691061.4835535,2681884.9312656224,7574972.513853825,21082940.669985093,1.2
22,6,G07,21517774.593416587,-8462568.120984985,-2534437.2306143027,21095016.526432067,1.3
22,7,G08,19448887.245363735,-7889235.399977439,16648407.106806064,21107047.26654855,1.4
22,8,G09,10944749.510893766,-16220481.7190472,16018564.421176393,21119129.19807636,1.5
22,9,G10,-107735.47345301788,-15483022.228717456,18376803.125337426,21131153.277364038,1.6
22,10,G11,12970435.608127272,-869257.7294950492,24046834.877560943,21143021.097387955,1.7
22,11,G12,-285548.37942463346,-1441253.208214551,25635109.197705623,21155059.053790595,1.8
23,0,G01,-8376520.570479282,-732850.5897086428,21992175.987571605,21023067.404146455,0.7
23,1,G02,5135546.519088706,6987010.2169092335,24899631.032974966,21034981.4652101,0.7999999999999999
23,2,G03,3429578.5817035493,16520664.265988369,18421082.856187493,21046902.965671394,0.8999999999999999
23,3,G04,16406920.098849319,8547916.24210515,19810544.008534085,21058935.096085306,1.0
23,4,G05,20033446.268971935,13636045.656463386,2420402.5618253434,21070860.70098393,1.1
23,5,G06,24691061.4835535,2681884.9312656224,7574972.513853825,21082940.895002127,1.2
23,6,G07,21517774.593416587,-8462568.120984985,-2534437.2306143027,21095016.893126734,1.3
23,7,G08,19448887.245363735,-7889235.399977439,16648407.106806064,21107047.50751059,1.4
23,8,G09,10944749.510893766,-16220481.7190472,16018564.421176393,21119129.472647265,1.5
23,9,G10,-107735.47345301788,-15483022.228717456,18376803.125337426,21131153.472883593,1.6
23,10,G11,12970435.608127272,-869257.7294950492,24046834.877560943,21143021.198126707,1.7
23,11,G12,-285548.37942463346,-1441253.208214551,25635109.197705623,21155059.080152545,1.8
24,0,G01,-8376520.570479282,-732850.5897086428,21992175.987571605,21023067.408261426,0.7
24,1,G02,5135546.519088706,6987010.2169092335,24899631.032974966,21034981.45172425,0.7999999999999999
24,2,G03,3429578.5817035493,16520664.265988369,18421082.856187493,21046902.892326865,0.8999999999999999
24,3,G04,16406920.098849319,8547916.24210515,19810544.008534085,21058935.15361597,1.0
24,4,G05,20033446.268971935,13636045.656463386,2420402.5618253434,21070860.825884845,1.1
24,5,G06,24691061.4835535,2681884.9312656224,7574972.513853825,21082941.114873588,1.2
24,6,G07,21517774.593416587,-8462568.120984985,-2534437.2306143027,21095017.253426168,1.3
24,7,G08,19448887.245363735,-7889235.399977439,16648407.106806064,21107047.747166518,1.4
24,8,G09,10944749.510893766,-16220481.7190472,16018564.421176393,21119129.748292513,1.5
24,9,G10,-107735.47345301788,-15483022.228717456,18376803.125337426,21131153.673040748,1.6
24,10,G11,12970435.608127272,-869257.7294950492,24046834.877560943,21143021.300910715,1.7
24,11,G12,-285548.37942463346,-1441253.208214551,25635109.197705623,21155059.112570625,1.8
25,0,G01,-8376520.570479282,-732850.5897086428,21992175.987571605,21023067.420036804,0.7
25,1,G02,5135546.519088706,6987010.2169092335,24899631.032974966,21034981.44258973,0.7999999999999999
25,2,G03,3429578.5817035493,16520664.265988369,18421082.856187493,21046902.8219963,0.8999999999999999
25,3,G04,16406920.098849319,8547916.24210515,19810544.008534085,21058935.211026788,1.0
25,4,G05,20033446.268971935,13636045.656463386,2420402.5618253434,21070860.945275415,1.1
25,5,G06,24691061.4835535,2681884.9312656224,7574972.513853825,21082941.329449542,1.2
25,6,G07,21517774.593416587,-8462568.120984985,-2534437.2306143027,21095017.60714152,1.3
25,7,G08,19448887.245363735,-7889235.399977439,16648407.106806064,21107047.985480823,1.4
25,8,G09,10944749.510893766,-16220481.7190472,16018564.421176393,21119130.0250461,1.5
25,9,G10,-107735.47345301788,-15483022.228717456,18376803.125337426,21131153.877974275,1.6
25,10,G11,12970435.608127272,-869257.7294950492,24046834.877560943,21143021.405804243,1.7
25,11,G12,-285548.37942463346,-1441253.208214551,25635109.197705623,21155059.1512268,1.8
26,0,G01,-8376520.570479282,-732850.5897086428,21992175.987571605,21023067.43968205,0.7
26,1,G02,5135546.519088706,6987010.2169092335,24899631.032974966,21034981.437928136,0.7999999999999999
26,2,G03,3429578.5817035493,16520664.265988369,18421082.856187493,21046902.75476384,0.8999999999999999
26,3,G04,16406920.098849319,8547916.24210515,19810544.008534085,21058935.26831833,1.0
26,4,G05,20033446.268971935,13636045.656463386,2420402.5618253434,21070861.05900744,1.1
26,5,G06,24691061.4835535,2681884.9312656224,7574972.513853825,21082941.538588855,1.2
26,6,G07,21517774.593416587,-8462568.120984985,-2534437.2306143027,21095017.954094578,1.3
26,7,G08,19448887.245363735,-7889235.399977439,16648407.106806064,21107048.22242055,1.4
26,8,G09,10944749.510893766,-16220481.7190472,16018564.421176393,21119130.302940506,1.5
26,9,G10,-107735.47345301788,-15483022.228717456,18376803.125337426,21131154.08781548,1.6
26,10,G11,12970435.608127272,-869257.7294950492,24046834.877560943,21143021.51286861,1.7
26,11,G12,-285548.37942463346,-1441253.208214551,25635109.197705623,21155059.196293343,1.8
27,0,G01,-8376520.570479282,-732850.5897086428,21992175.987571605,21023067.467394177,0.7
27,1,G02,5135546.519088706,6987010.2169092335,24899631.032974966,21034981.437854275,0.7999999999999999
27,2,G03,3429578.5817035493,16520664.265988369,18421082.856187493,21046902.690708894,0.8999999999999999
27,3,G04,16406920.098849319,8547916.24210515,19810544.008534085,21058935.325491782,1.0
27,4,G05,20033446.268971935,13636045.656463386,2420402.5618253434,21070861.166941956,1.1
27,5,G06,24691061.4835535,2681884.9312656224,7574972.513853825,21082941.7421594,1.2
27,6,G07,21517774.593416587,-8462568.120984985,-2534437.2306143027,21095018.294118036,1.3
27,7,G08,19448887.245363735,-7889235.399977439,16648407.106806064,21107048.457955346,1.4
27,8,G09,10944749.510893766,-16220481.7190472,16018564.421176393,21119130.582006652,1.5
27,9,G10,-107735.47345301788,-15483022.228717456,18376803.125337426,21131154.30268795,1.6
27,10,G11,12970435.608127272,-869257.7294950492,24046834.877560943,21143021.62216212,1.7
27,11,G12,-285548.37942463346,-1441253.208214551,25635109.197705623,21155059.247932572,1.8
28,0,G01,-8376520.570479282,-732850.5897086428,21992175.987571605,21023067.50335739,0.7
28,1,G02,5135546.519088706,6987010.2169092335,24899631.032974966,21034981.442475986,0.7999999999999999
28,2,G03,3429578.5817035493,16520664.265988369,18421082.856187493,21046902.62990604,0.8999999999999999
28,3,G04,16406920.098849319,8547916.24210515,19810544.008534085,21058935.382548966,1.0
28,4,G05,20033446.268971935,13636045.656463386,2420402.5618253434,21070861.26894945,1.1
28,5,G06,24691061.4835535,2681884.9312656224,7574972.513853825,21082941.940038305,1.2
28,6,G07,21517774.593416587,-8462568.120984985,-2534437.2306143027,21095018.627055764,1.3
28,7,G08,19448887.245363735,-7889235.399977439,16648407.106806064,21107048.692057483,1.4
28,8,G09,10944749.510893766,-16220481.7190472,16018564.421176393,21119130.862273842,1.5
28,9,G10,-107735.47345301788,-15483022.228717456,18376803.125337426,21131154.52270741,1.6
28,10,G11,12970435.608127272,-869257.7294950492,24046834.877560943,21143021.73373995,1.7
28,11,G12,-285548.37942463346,-1441253.208214551,25635109.197705623,21155059.306296583,1.8
29,0,G01,-8376520.570479282,-732850.5897086428,21992175.987571605,21023067.54774286,0.7
29,1,G02,5135546.519088706,6987010.2169092335,24899631.032974966,21034981.451894004,0.7999999999999999
29,2,G03,3429578.5817035493,16520664.265988369,18421082.856187493,21046902.57242493,0.8999999999999999
29,3,G04,16406920.098849319,8547916.24210515,19810544.008534085,21058935.439492363,1.0
29,4,G05,20033446.268971935,13636045.656463386,2420402.5618253434,21070861.36491011,1.1
29,5,G06,24691061.4835535,2681884.9312656224,7574972.513853825,21082942.132112153,1.2
29,6,G07,21517774.593416587,-8462568.120984985,-2534437.2306143027,21095018.952763088,1.3
29,7,G08,19448887.245363735,-7889235.399977439,16648407.106806064,21107048.924701992,1.4
29,8,G09,10944749.510893766,-16220481.7190472,16018564.421176393,21119131.143769763,1.5
29,9,G10,-107735.47345301788,-15483022.228717456,18376803.125337426,21131154.747981507,1.6
29,10,G11,12970435.608127272,-869257.7294950492,24046834.877560943,21143021.847654127,1.7
29,11,G12,-285548.37942463346,-1441253.208214551,25635109.197705623,21155059.37152705,1.8
30,0,G01,-8376520.570479282,-732850.5897086428,21992175.987571605,21023067.60070841,0.7
30,1,G02,5135546.519088706,6987010.2169092335,24899631.032974966,21034981.466201782,0.7999999999999999
30,2,G03,3429578.5817035493,16520664.265988369,18421082.856187493,21046902.518330157,0.8999999999999999
30,3,G04,16406920.098849319,8547916.24210515,19810544.008534085,21058935.496325105,1.0
30,4,G05,20033446.268971935,13636045.656463386,2420402.5618253434,21070861.454714,1.1
30,5,G06,24691061.4835535,2681884.9312656224,7574972.513853825,21082942.31827716,1.2
30,6,G07,21517774.593416587,-8462568.120984985,-2534437.2306143027,21095019.271106992,1.3
30,7,G08,19448887.245363735,-7889235.399977439,16648407.106806064,21107049.155866656,1.4
30,8,G09,10944749.510893766,-16220481.7190472,16018564.421176393,21119131.426520415,1.5
30,9,G10,-107735.47345301788,-15483022.228717456,18376803.125337426,21131154.978609655,1.6
30,10,G11,12970435.608127272,-869257.7294950492,24046834.877560943,21143021.96395342,1.7
30,11,G12,-285548.37942463346,-1441253.208214551,25635109.197705623,21155059.443754967,1.8
31,0,G01,-8376520.570479282,-732850.5897086428,21992175.987571605,21023067.66239828,0.7
31,1,G02,5135546.519088706,6987010.2169092335,24899631.032974966,21034981.48548539,0.7999999999999999
31,2,G03,3429578.5817035493,16520664.265988369,18421082.856187493,21046902.467681184,0.8999999999999999
31,3,G04,16406920.098849319,8547916.24210515,19810544.008534085,21058935.553051,1.0
31,4,G05,20033446.268971935,13636045.656463386,2420402.5618253434,21070861.53826125,1.1
31,5,G06,24691061.4835535,2681884.9312656224,7574972.513853825,21082942.498439394,1.2
31,6,G07,21517774.593416587,-8462568.120984985,-2534437.2306143027,21095019.58196636,1.3
31,7,G08,19448887.245363735,-7889235.399977439,16648407.106806064,21107049.38553208,1.4
31,8,G09,10944749.510893766,-16220481.7190472,16018564.421176393,21119131.710550096,1.5
31,9,G10,-107735.47345301788,-15483022.228717456,18376803.125337426,21131155.214682885,1.6
31,10,G11,12970435.608127272,-869257.7294950492,24046834.877560943,21143022.082683295,1.7
31,11,G12,-285548.37942463346,-1441253.208214551,25635109.197705623,21155059.523100495,1.8
32,0,G01,-8376520.570479282,-732850.5897086428,21992175.987571605,21023067.73294292,0.7
32,1,G02,5135546.519088706,6987010.2169092335,24899631.032974966,21034981.509823356,0.7999999999999999
32,2,G03,3429578.5817035493,16520664.265988369,18421082.856187493,21046902.420532245,0.8999999999999999
32,3,G04,16406920.098849319,8547916.24210515,19810544.008534085,21058935.609674532,1.0
32,4,G05,20033446.268971935,13636045.656463386,2420402.5618253434,21070861.615462214,1.1
32,5,G06,24691061.4835535,2681884.9312656224,7574972.513853825,21082942.672514882,1.2
32,6,G07,21517774.593416587,-8462568.120984985,-2534437.2306143027,21095019.885232154,1.3
32,7,G08,19448887.245363735,-7889235.399977439,16648407.106806064,21107049.613681752,1.4
32,8,G09,10944749.510893766,-16220481.7190472,16018564.421176393,21119131.99588137,1.5
32,9,G10,-107735.47345301788,-15483022.228717456,18376803.125337426,21131155.456283707,1.6
32,10,G11,12970435.608127272,-869257.7294950492,24046834.877560943,21143022.203885864,1.7
32,11,G12,-285548.37942463346,-1441253.208214551,25635109.197705623,21155059.609672736,1.8
33,0,G01,-8376520.570479282,-732850.5897086428,21992175.987571605,21023067.81245874,0.7
33,1,G02,5135546.519088706,6987010.2169092335,24899631.032974966,21034981.53928657,0.7999999999999999
33,2,G03,3429578.5817035493,16520664.265988369,18421082.856187493,21046902.37693227,0.8999999999999999
33,3,G04,16406920.098849319,8547916.24210515,19810544.008534085,21058935.66620088,1.0
33,4,G05,20033446.268971935,13636045.656463386,2420402.5618253434,21070861.686237622,1.1
33,5,G06,24691061.4835535,2681884.9312656224,7574972.513853825,21082942.840429798,1.2
33,6,G07,21517774.593416587,-8462568.120984985,-2534437.2306143027,21095020.18080761,1.3
33,7,G08,19448887.245363735,-7889235.399977439,16648407.106806064,21107049.84030205,1.4
33,8,G09,10944749.510893766,-16220481.7190472,16018564.421176393,21119132.28253504,1.5
33,9,G10,-107735.47345301788,-15483022.228717456,18376803.125337426,21131155.703485973,1.6
33,10,G11,12970435.608127272,-869257.7294950492,24046834.877560943,21143022.327599805,1.7
33,11,G12,-285548.37942463346,-1441253.208214551,25635109.197705623,21155059.70356961,1.8
34,0,G01,-8376520.570479282,-732850.5897086428,21992175.987571605,21023067.90104798,0.7
34,1,G02,5135546.519088706,6987010.2169092335,24899631.032974966,21034981.57393818,0.7999999999999999
34,2,G03,3429578.5817035493,16520664.265988369,18421082.856187493,21046902.33692482,0.8999999999999999
34,3,G04,16406920.098849319,8547916.24210515,19810544.008534085,21058935.722635917,1.0
34,4,G05,20033446.268971935,13636045.656463386,2420402.5618253434,21070861.750518735,1.1
34,5,G06,24691061.4835535,2681884.9312656224,7574972.513853825,21082943.00212058,1.2
34,6,G07,21517774.593416587,-8462568.120984985,-2534437.2306143027,21095020.468608376,1.3
34,7,G08,19448887.245363735,-7889235.399977439,16648407.106806064,21107050.065382313,1.4
34,8,G09,10944749.510893766,-16220481.7190472,16018564.421176393,21119132.570530113,1.5
34,9,G10,-107735.47345301788,-15483022.228717456,18376803.125337426,21131155.956354775,1.6
34,10,G11,12970435.608127272,-869257.7294950492,24046834.877560943,21143022.453860354,1.7
34,11,G12,-285548.37942463346,-1441253.208214551,25635109.197705623,21155059.804877676,1.8
35,0,G01,-8376520.570479282,-732850.5897086428,21992175.987571605,21023067.998798516,0.7
35,1,G02,5135546.519088706,6987010.2169092335,24899631.032974966,21034981.613833513,0.7999999999999999
35,2,G03,3429578.5817035493,16520664.265988369,18421082.856187493,21046902.300548013,0.8999999999999999
35,3,G04,16406920.098849319,8547916.24210515,19810544.008534085,21058935.778986204,1.0
35,4,G05,20033446.268971935,13636045.656463386,2420402.5618253434,21070861.808247425,1.1
35,5,G06,24691061.4835535,2681884.9312656224,7574972.513853825,21082943.15753402,1.2
35,6,G07,21517774.593416587,-8462568.120984985,-2534437.2306143027,21095020.748562664,1.3
35,7,G08,19448887.245363735,-7889235.399977439,16648407.106806064,21107050.288914833,1.4
35,8,G09,10944749.510893766,-16220481.7190472,16018564.421176393,21119132.859883796,1.5
35,9,G10,-107735.47345301788,-15483022.228717456,18376803.125337426,21131156.21494633,1.6
35,10,G11,12970435.608127272,-869257.7294950492,24046834.877560943,21143022.582699236,1.7
35,11,G12,-285548.37942463346,-1441253.208214551,25635109.197705623,21155059.913671996,1.8
36,0,G01,-8376520.570479282,-732850.5897086428,21992175.987571605,21023068.10578374,0.7
36,1,G02,5135546.519088706,6987010.2169092335,24899631.032974966,21034981.65901998,0.7999999999999999
36,2,G03,3429578.5817035493,16520664.265988369,18421082.856187493,21046902.267834485,0.8999999999999999
36,3,G04,16406920.098849319,8547916.24210515,19810544.008534085,21058935.835259017,1.0
36,4,G05,20033446.268971935,13636045.656463386,2420402.5618253434,21070861.859376293,1.1
36,5,G06,24691061.4835535,2681884.9312656224,7574972.513853825,21082943.306627396,1.2
36,6,G07,21517774.593416587,-8462568.120984985,-2534437.2306143027,21095021.020611364,1.3
36,7,G08,19448887.245363735,-7889235.399977439,16648407.106806064,21107050.510894913,1.4
36,8,G09,10944749.510893766,-16220481.7190472,16018564.421176393,21119133.15061147,1.5
36,9,G10,-107735.47345301788,-15483022.228717456,18376803.125337426,21131156.47930792,1.6
36,10,G11,12970435.608127272,-869257.7294950492,24046834.877560943,21143022.714144636,1.7
36,11,G12,-285548.37942463346,-1441253.208214551,25635109.197705623,21155060.030016087,1.8
37,0,G01,-8376520.570479282,-732850.5897086428,21992175.987571605,21023068.222062435,0.7
37,1,G02,5135546.519088706,6987010.2169092335,24899631.032974966,21034981.709537026,0.7999999999999999
37,2,G03,3429578.5817035493,16520664.265988369,18421082.856187493,21046902.238811336,0.8999999999999999
37,3,G04,16406920.098849319,8547916.24210515,19810544.008534085,21058935.891462334,1.0
37,4,G05,20033446.268971935,13636045.656463386,2420402.5618253434,21070861.90386876,1.1
37,5,G06,24691061.4835535,2681884.9312656224,7574972.513853825,21082943.44936854,1.2
37,6,G07,21517774.593416587,-8462568.120984985,-2534437.2306143027,21095021.28470815,1.3
37,7,G08,19448887.245363735,-7889235.399977439,16648407.106806064,21107050.73132088,1.4
37,8,G09,10944749.510893766,-16220481.7190472,16018564.421176393,21119133.44272667,1.5
37,9,G10,-107735.47345301788,-15483022.228717456,18376803.125337426,21131156.749477804,1.6
37,10,G11,12970435.608127272,-869257.7294950492,24046834.877560943,21143022.848221175,1.7
37,11,G12,-285548.37942463346,-1441253.208214551,25635109.197705623,21155060.15396175,1.8
38,0,G01,-8376520.570479282,-732850.5897086428,21992175.987571605,21023068.34767869,0.7
38,1,G02,5135546.519088706,6987010.2169092335,24899631.032974966,21034981.76541606,0.7999999999999999
38,2,G03,3429578.5817035493,16520664.265988369,18421082.856187493,21046902.213500097,0.8999999999999999
38,3,G04,16406920.098849319,8547916.24210515,19810544.008534085,21058935.947604828,1.0
38,4,G05,20033446.268971935,13636045.656463386,2420402.5618253434,21070861.941699114,1.1
38,5,G06,24691061.4835535,2681884.9312656224,7574972.513853825,21082943.585735865,1.2
38,6,G07,21517774.593416587,-8462568.120984985,-2534437.2306143027,21095021.54081953,1.3
38,7,G08,19448887.245363735,-7889235.399977439,16648407.106806064,21107050.950194087,1.4
38,8,G09,10944749.510893766,-16220481.7190472,16018564.421176393,21119133.736241072,1.5
38,9,G10,-107735.47345301788,-15483022.228717456,18376803.125337426,21131157.025485154,1.6
38,10,G11,12970435.608127272,-869257.7294950492,24046834.877560943,21143022.98494987,1.7
38,11,G12,-285548.37942463346,-1441253.208214551,25635109.197705623,21155060.285549052,1.8
39,0,G01,-8376520.570479282,-732850.5897086428,21992175.987571605,21023068.48266184,0.7
39,1,G02,5135546.519088706,6987010.2169092335,24899631.032974966,21034981.82668045,0.7999999999999999
39,2,G03,3429578.5817035493,16520664.265988369,18421082.856187493,21046902.191916708,0.8999999999999999
39,3,G04,16406920.098849319,8547916.24210515,19810544.008534085,21058936.003695898,1.0
39,4,G05,20033446.268971935,13636045.656463386,2420402.5618253434,21070861.97285257,1.1
39,5,G06,24691061.4835535,2681884.9312656224,7574972.513853825,21082943.715718478,1.2
39,6,G07,21517774.593416587,-8462568.120984985,-2534437.2306143027,21095021.78892494,1.3
39,7,G08,19448887.245363735,-7889235.399977439,16648407.106806064,21107051.167518932,1.4
39,8,G09,10944749.510893766,-16220481.7190472,16018564.421176393,21119134.031164486,1.5
39,9,G10,-107735.47345301788,-15483022.228717456,18376803.125337426,21131157.307350043,1.6
39,10,G11,12970435.608127272,-869257.7294950492,24046834.877560943,21143023.124348126,1.7
39,11,G12,-285548.37942463346,-1441253.208214551,25635109.197705623,21155060.424806233,1.8
40,0,G01,-8376520.570479282,-732850.5897086428,21992175.987571605,21023068.627026416,0.7
40,1,G02,5135546.519088706,6987010.2169092335,24899631.032974966,21034981.893345468,0.7999999999999999
40,2,G03,3429578.5817035493,16520664.265988369,18421082.856187493,21046902.17407149,0.8999999999999999
40,3,G04,16406920.098849319,8547916.24210515,19810544.008534085,21058936.05974563,1.0
40,4,G05,20033446.268971935,13636045.656463386,2420402.5618253434,21070861.99732528,1.1
40,5,G06,24691061.4835535,2681884.9312656224,7574972.513853825,21082943.839316133,1.2
40,6,G07,21517774.593416587,-8462568.120984985,-2534437.2306143027,21095022.02901675,1.3
40,7,G08,19448887.245363735,-7889235.399977439,16648407.106806064,21107051.38330286,1.4
40,8,G09,10944749.510893766,-16220481.7190472,16018564.421176393,21119134.327504847,1.5
40,9,G10,-107735.47345301788,-15483022.228717456,18376803.125337426,21131157.595083386,1.6
40,10,G11,12970435.608127272,-869257.7294950492,24046834.877560943,21143023.266429722,1.7
40,11,G12,-285548.37942463346,-1441253.208214551,25635109.197705623,21155060.571749702,1.8
41,0,G01,-8376520.570479282,-732850.5897086428,21992175.987571605,21023068.78077212,0.7
41,1,G02,5135546.519088706,6987010.2169092335,24899631.032974966,21034981.965418275,0.7999999999999999
41,2,G03,3429578.5817035493,16520664.265988369,18421082.856187493,21046902.159969144,0.8999999999999999
41,3,G04,16406920.098849319,8547916.24210515,19810544.008534085,21058936.11576481,1.0
41,4,G05,20033446.268971935,13636045.656463386,2420402.5618253434,21070862.015124377,1.1
41,5,G06,24691061.4835535,2681884.9312656224,7574972.513853825,21082943.956539292,1.2
41,6,G07,21517774.593416587,-8462568.120984985,-2534437.2306143027,21095022.2611003,1.3
41,7,G08,19448887.245363735,-7889235.399977439,16648407.106806064,21107051.597556375,1.4
41,8,G09,10944749.510893766,-16220481.7190472,16018564.421176393,21119134.62526821,1.5
41,9,G10,-107735.47345301788,-15483022.228717456,18376803.125337426,21131157.888686944,1.6
41,10,G11,12970435.608127272,-869257.7294950492,24046834.877560943,21143023.4112048,1.7
41,11,G12,-285548.37942463346,-1441253.208214551,25635109.197705623,21155060.726383995,1.8
42,0,G01,-8376520.570479282,-732850.5897086428,21992175.987571605,21023068.94388385,0.7
42,1,G02,5135546.519088706,6987010.2169092335,24899631.032974966,21034982.04289796,0.7999999999999999
42,2,G03,3429578.5817035493,16520664.265988369,18421082.856187493,21046902.14960875,0.8999999999999999
42,3,G04,16406920.098849319,8547916.24210515,19810544.008534085,21058936.171764936,1.0
42,4,G05,20033446.268971935,13636045.656463386,2420402.5618253434,21070862.02626794,1.1
42,5,G06,24691061.4835535,2681884.9312656224,7574972.513853825,21082944.067409106,1.2
42,6,G07,21517774.593416587,-8462568.120984985,-2534437.2306143027,21095022.48519388,1.3
42,7,G08,19448887.245363735,-7889235.399977439,16648407.106806064,21107051.810293023,1.4
42,8,G09,10944749.510893766,-16220481.7190472,16018564.421176393,21119134.924458757,1.5
42,9,G10,-107735.47345301788,-15483022.228717456,18376803.125337426,21131158.188153327,1.6
42,10,G11,12970435.608127272,-869257.7294950492,24046834.877560943,21143023.55867986,1.7
42,11,G12,-285548.37942463346,-1441253.208214551,25635109.197705623,21155060.888701804,1.8
43,0,G01,-8376520.570479282,-732850.5897086428,21992175.987571605,21023069.116331697,0.7
43,1,G02,5135546.519088706,6987010.2169092335,24899631.032974966,21034982.12577548,0.7999999999999999
43,2,G03,3429578.5817035493,16520664.265988369,18421082.856187493,21046902.142983768,0.8999999999999999
43,3,G04,16406920.098849319,8547916.24210515,19810544.008534085,21058936.22775818,1.0
43,4,G05,20033446.268971935,13636045.656463386,2420402.5618253434,21070862.030784976,1.1
43,5,G06,24691061.4835535,2681884.9312656224,7574972.513853825,21082944.17195737,1.2
43,6,G07,21517774.593416587,-8462568.120984985,-2534437.2306143027,21095022.701328695,1.3
43,7,G08,19448887.245363735,-7889235.399977439,16648407.106806064,21107052.021529373,1.4
43,8,G09,10944749.510893766,-16220481.7190472,16018564.421176393,21119135.225078773,1.5
43,9,G10,-107735.47345301788,-15483022.228717456,18376803.125337426,21131158.493465994,1.6
43,10,G11,12970435.608127272,-869257.7294950492,24046834.877560943,21143023.708857756,1.7
43,11,G12,-285548.37942463346,-1441253.208214551,25635109.197705623,21155061.058683958,1.8
44,0,G01,-8376520.570479282,-732850.5897086428,21992175.987571605,21023069.298071023,0.7
44,1,G02,5135546.519088706,6987010.2169092335,24899631.032974966,21034982.21403376,0.7999999999999999
44,2,G03,3429578.5817035493,16520664.265988369,18421082.856187493,21046902.140082076,0.8999999999999999
44,3,G04,16406920.098849319,8547916.24210515,19810544.008534085,21058936.283757403,1.0
44,4,G05,20033446.268971935,13636045.656463386,2420402.5618253434,21070862.028715394,1.1
44,5,G06,24691061.4835535,2681884.9312656224,7574972.513853825,21082944.270226512,1.2
44,6,G07,21517774.593416587,-8462568.120984985,-2534437.2306143027,21095022.909548856,1.3
44,7,G08,19448887.245363735,-7889235.399977439,16648407.106806064,21107052.231285036,1.4
44,8,G09,10944749.510893766,-16220481.7190472,16018564.421176393,21119135.52712868,1.5
44,9,G10,-107735.47345301788,-15483022.228717456,18376803.125337426,21131158.804599315,1.6
44,10,G11,12970435.608127272,-869257.7294950492,24046834.877560943,21143023.86173772,1.7
44,11,G12,-285548.37942463346,-1441253.208214551,25635109.197705623,21155061.236299507,1.8
45,0,G01,-8376520.570479282,-732850.5897086428,21992175.987571605,21023069.489042528,0.7
45,1,G02,5135546.519088706,6987010.2169092335,24899631.032974966,21034982.307647694,0.7999999999999999
45,2,G03,3429578.5817035493,16520664.265988369,18421082.856187493,21046902.140885957,0.8999999999999999
45,3,G04,16406920.098849319,8547916.24210515,19810544.008534085,21058936.33977614,1.0
45,4,G05,20033446.268971935,13636045.656463386,2420402.5618253434,21070862.020109933,1.1
45,5,G06,24691061.4835535,2681884.9312656224,7574972.513853825,21082944.362269513,1.2
45,6,G07,21517774.593416587,-8462568.120984985,-2534437.2306143027,21095023.10991127,1.3
45,7,G08,19448887.245363735,-7889235.399977439,16648407.106806064,21107052.439582594,1.4
45,8,G09,10944749.510893766,-16220481.7190472,16018564.421176393,21119135.830607027,1.5
45,9,G10,-107735.47345301788,-15483022.228717456,18376803.125337426,21131159.12151858,1.6
45,10,G11,12970435.608127272,-869257.7294950492,24046834.877560943,21143024.01731537,1.7
45,11,G12,-285548.37942463346,-1441253.208214551,25635109.197705623,21155061.421505734,1.8
46,0,G01,-8376520.570479282,-732850.5897086428,21992175.987571605,21023069.689172335,0.7
46,1,G02,5135546.519088706,6987010.2169092335,24899631.032974966,21034982.406584185,0.7999999999999999
46,2,G03,3429578.5817035493,16520664.265988369,18421082.856187493,21046902.14537217,0.8999999999999999
46,3,G04,16406920.098849319,8547916.24210515,19810544.008534085,21058936.395828586,1.0
46,4,G05,20033446.268971935,13636045.656463386,2420402.5618253434,21070862.005030084,1.1
46,5,G06,24691061.4835535,2681884.9312656224,7574972.513853825,21082944.44814984,1.2
46,6,G07,21517774.593416587,-8462568.120984985,-2534437.2306143027,21095023.302485574,1.3
46,7,G08,19448887.245363735,-7889235.399977439,16648407.106806064,21107052.64644762,1.4
46,8,G09,10944749.510893766,-16220481.7190472,16018564.421176393,21119136.13551049,1.5
46,9,G10,-107735.47345301788,-15483022.228717456,18376803.125337426,21131159.444180075,1.6
46,10,G11,12970435.608127272,-869257.7294950492,24046834.877560943,21143024.17558271,1.7
46,11,G12,-285548.37942463346,-1441253.208214551,25635109.197705623,21155061.614248265,1.8
47,0,G01,-8376520.570479282,-732850.5897086428,21992175.987571605,21023069.898372144,0.7
47,1,G02,5135546.519088706,6987010.2169092335,24899631.032974966,21034982.51080223,0.7999999999999999
47,2,G03,3429578.5817035493,16520664.265988369,18421082.856187493,21046902.15351199,0.8999999999999999
47,3,G04,16406920.098849319,8547916.24210515,19810544.008534085,21058936.451929595,1.0
47,4,G05,20033446.268971935,13636045.656463386,2420402.5618253434,21070861.98354801,1.1
47,5,G06,24691061.4835535,2681884.9312656224,7574972.513853825,21082944.527941357,1.2
47,6,G07,21517774.593416587,-8462568.120984985,-2534437.2306143027,21095023.48735402,1.3
47,7,G08,19448887.245363735,-7889235.399977439,16648407.106806064,21107052.85190863,1.4
47,8,G09,10944749.510893766,-16220481.7190472,16018564.421176393,21119136.441833917,1.5
47,9,G10,-107735.47345301788,-15483022.228717456,18376803.125337426,21131159.772531174,1.6
47,10,G11,12970435.608127272,-869257.7294950492,24046834.877560943,21143024.336528193,1.7
47,11,G12,-285548.37942463346,-1441253.208214551,25635109.197705623,21155061.81446116,1.8
48,0,G01,-8376520.570479282,-732850.5897086428,21992175.987571605,21023070.116539333,0.7
48,1,G02,5135546.519088706,6987010.2169092335,24899631.032974966,21034982.620252993,0.7999999999999999
48,2,G03,3429578.5817035493,16520664.265988369,18421082.856187493,21046902.16527124,0.8999999999999999
48,3,G04,16406920.098849319,8547916.24210515,19810544.008534085,21058936.508094657,1.0
48,4,G05,20033446.268971935,13636045.656463386,2420402.5618253434,21070861.95574642,1.1
48,5,G06,24691061.4835535,2681884.9312656224,7574972.513853825,21082944.601728193,1.2
48,6,G07,21517774.593416587,-8462568.120984985,-2534437.2306143027,21095023.664611343,1.3
48,7,G08,19448887.245363735,-7889235.399977439,16648407.106806064,21107053.05599704,1.4
48,8,G09,10944749.510893766,-16220481.7190472,16018564.421176393,21119136.749570303,1.5
48,9,G10,-107735.47345301788,-15483022.228717456,18376803.125337426,21131160.106510393,1.6
48,10,G11,12970435.608127272,-869257.7294950492,24046834.877560943,21143024.50013671,1.7
48,11,G12,-285548.37942463346,-1441253.208214551,25635109.197705623,21155062.022067003,1.8
49,0,G01,-8376520.570479282,-732850.5897086428,21992175.987571605,21023070.343557157,0.7
49,1,G02,5135546.519088706,6987010.2169092335,24899631.032974966,21034982.734879874,0.7999999999999999
49,2,G03,3429578.5817035493,16520664.265988369,18421082.856187493,21046902.180610374,0.8999999999999999
49,3,G04,16406920.098849319,8547916.24210515,19810544.008534085,21058936.56433989,1.0
49,4,G05,20033446.268971935,13636045.656463386,2420402.5618253434,21070861.921718456,1.1
49,5,G06,24691061.4835535,2681884.9312656224,7574972.513853825,21082944.66960464,1.2
49,6,G07,21517774.593416587,-8462568.120984985,-2534437.2306143027,21095023.83436462,1.3
49,7,G08,19448887.245363735,-7889235.399977439,16648407.106806064,21107053.25874714,1.4
49,8,G09,10944749.510893766,-16220481.7190472,16018564.421176393,21119137.058710843,1.5
49,9,G10,-107735.47345301788,-15483022.228717456,18376803.125337426,21131160.44604752,1.6
49,10,G11,12970435.608127272,-869257.7294950492,24046834.877560943,21143024.66638966,1.7
49,11,G12,-285548.37942463346,-1441253.208214551,25635109.197705623,21155062.236977067,1.8
50,0,G01,-8376520.570479282,-732850.5897086428,21992175.987571605,21023070.57929493,0.7
50,1,G02,5135546.519088706,6987010.2169092335,24899631.032974966,21034982.854618624,0.7999999999999999
50,2,G03,3429578.5817035493,16520664.265988369,18421082.856187493,21046902.199484516,0.8999999999999999
50,3,G04,16406920.098849319,8547916.24210515,19810544.008534085,21058936.62068202,1.0
50,4,G05,20033446.268971935,13636045.656463386,2420402.5618253434,21070861.88156752,1.1
50,5,G06,24691061.4835535,2681884.9312656224,7574972.513853825,21082944.731675006,1.2
50,6,G07,21517774.593416587,-8462568.120984985,-2534437.2306143027,21095023.99673309,1.3
50,7,G08,19448887.245363735,-7889235.399977439,16648407.106806064,21107053.460196033,1.4
50,8,G09,10944749.510893766,-16220481.7190472,16018564.421176393,21119137.369244926,1.5
50,9,G10,-107735.47345301788,-15483022.228717456,18376803.125337426,21131160.791063704,1.6
50,10,G11,12970435.608127272,-869257.7294950492,24046834.877560943,21143024.835264947,1.7
50,11,G12,-285548.37942463346,-1441253.208214551,25635109.197705623,21155062.459091425,1.8
51,0,G01,-8376520.570479282,-732850.5897086428,21992175.987571605,21023070.82360823,0.7
51,1,G02,5135546.519088706,6987010.2169092335,24899631.032974966,21034982.979397453,0.7999999999999999
51,2,G03,3429578.5817035493,16520664.265988369,18421082.856187493,21046902.22184357,0.8999999999999999
51,3,G04,16406920.098849319,8547916.24210515,19810544.008534085,21058936.677138362,1.0
51,4,G05,20033446.268971935,13636045.656463386,2420402.5618253434,21070861.83540716,1.1
51,5,G06,24691061.4835535,2681884.9312656224,7574972.513853825,21082944.78805344,1.2
51,6,G07,21517774.593416587,-8462568.120984985,-2534437.2306143027,21095024.151847985,1.3
51,7,G08,19448887.245363735,-7889235.399977439,16648407.106806064,21107053.660383604,1.4
51,8,G09,10944749.510893766,-16220481.7190472,16018564.421176393,21119137.68116017,1.5
51,9,G10,-107735.47345301788,-15483022.228717456,18376803.125337426,21131161.141471624,1.6
51,10,G11,12970435.608127272,-869257.7294950492,24046834.877560943,21143025.006737087,1.7
51,11,G12,-285548.37942463346,-1441253.208214551,25635109.197705623,21155062.688299153,1.8
52,0,G01,-8376520.570479282,-732850.5897086428,21992175.987571605,21023071.076339155,0.7
52,1,G02,5135546.519088706,6987010.2169092335,24899631.032974966,21034983.109137163,0.7999999999999999
52,2,G03,3429578.5817035493,16520664.265988369,18421082.856187493,21046902.247632314,0.8999999999999999
52,3,G04,16406920.098849319,8547916.24210515,19810544.008534085,21058936.733726826,1.0
52,4,G05,20033446.268971935,13636045.656463386,2420402.5618253434,21070861.783360858,1.1
52,5,G06,24691061.4835535,2681884.9312656224,7574972.513853825,21082944.838863786,1.2
52,6,G07,21517774.593416587,-8462568.120984985,-2534437.2306143027,21095024.299852297,1.3
52,7,G08,19448887.245363735,-7889235.399977439,16648407.106806064,21107053.85935245,1.4
52,8,G09,10944749.510893766,-16220481.7190472,16018564.421176393,21119137.99444245,1.5
52,9,G10,-107735.47345301788,-15483022.228717456,18376803.125337426,21131161.4971756,1.6
52,10,G11,12970435.608127272,-869257.7294950492,24046834.877560943,21143025.180777207,1.7
52,11,G12,-285548.37942463346,-1441253.208214551,25635109.197705623,21155062.924478505,1.8
53,0,G01,-8376520.570479282,-732850.5897086428,21992175.987571605,21023071.33731654,0.7
53,1,G02,5135546.519088706,6987010.2169092335,24899631.032974966,21034983.243751254,0.7999999999999999
53,2,G03,3429578.5817035493,16520664.265988369,18421082.856187493,21046902.276790425,0.8999999999999999
53,3,G04,16406920.098849319,8547916.24210515,19810544.008534085,21058936.79046585,1.0
53,4,G05,20033446.268971935,13636045.656463386,2420402.5618253434,21070861.725561827,1.1
53,5,G06,24691061.4835535,2681884.9312656224,7574972.513853825,21082944.88423935,1.2
53,6,G07,21517774.593416587,-8462568.120984985,-2534437.2306143027,21095024.440900564,1.3
53,7,G08,19448887.245363735,-7889235.399977439,16648407.106806064,21107054.057147827,1.4
53,8,G09,10944749.510893766,-16220481.7190472,16018564.421176393,21119138.30907593,1.5
53,9,G10,-107735.47345301788,-15483022.228717456,18376803.125337426,21131161.858071756,1.6
53,10,G11,12970435.608127272,-869257.7294950492,24046834.877560943,21143025.35735312,1.7
53,11,G12,-285548.37942463346,-1441253.208214551,25635109.197705623,21155063.167497072,1.8
54,0,G01,-8376520.570479282,-732850.5897086428,21992175.987571605,21023071.606356267,0.7
54,1,G02,5135546.519088706,6987010.2169092335,24899631.032974966,21034983.383146103,0.7999999999999999
54,2,G03,3429578.5817035493,16520664.265988369,18421082.856187493,21046902.309252672,0.8999999999999999
54,3,G04,16406920.098849319,8547916.24210515,19810544.008534085,21058936.847374443,1.0
54,4,G05,20033446.268971935,13636045.656463386,2420402.5618253434,21070861.662152853,1.1
54,5,G06,24691061.4835535,2681884.9312656224,7574972.513853825,21082944.92432274,1.2
54,6,G07,21517774.593416587,-8462568.120984985,-2534437.2306143027,21095024.575158637,1.3
54,7,G08,19448887.245363735,-7889235.399977439,16648407.106806064,21107054.253817588,1.4
54,8,G09,10944749.510893766,-16220481.7190472,16018564.421176393,21119138.625043068,1.5
54,9,G10,-107735.47345301788,-15483022.228717456,18376803.125337426,21131162.22404819,1.6
54,10,G11,12970435.608127272,-869257.7294950492,24046834.877560943,21143025.53642939,1.7
54,11,G12,-285548.37942463346,-1441253.208214551,25635109.197705623,21155063.41721208,1.8
55,0,G01,-8376520.570479282,-732850.5897086428,21992175.987571605,21023071.883261546,0.7
55,1,G02,5135546.519088706,6987010.2169092335,24899631.032974966,21034983.5272211,0.7999999999999999
55,2,G03,3429578.5817035493,16520664.265988369,18421082.856187493,21046902.344948955,0.8999999999999999
55,3,G04,16406920.098849319,8547916.24210515,19810544.008534085,21058936.9044721,1.0
55,4,G05,20033446.268971935,13636045.656463386,2420402.5618253434,21070861.593286004,1.1
55,5,G06,24691061.4835535,2681884.9312656224,7574972.513853825,21082944.959265605,1.2
55,6,G07,21517774.593416587,-8462568.120984985,-2534437.2306143027,21095024.702803377,1.3
55,7,G08,19448887.245363735,-7889235.399977439,16648407.106806064,21107054.449412096,1.4
55,8,G09,10944749.510893766,-16220481.7190472,16018564.421176393,21119138.942324683,1.5
55,9,G10,-107735.47345301788,-15483022.228717456,18376803.125337426,21131162.59498517,1.6
55,10,G11,12970435.608127272,-869257.7294950492,24046834.877560943,21143025.717967384,1.7
55,11,G12,-285548.37942463346,-1441253.208214551,25635109.197705623,21155063.673470546,1.8
56,0,G01,-8376520.570479282,-732850.5897086428,21992175.987571605,21023072.167823248,0.7
56,1,G02,5135546.519088706,6987010.2169092335,24899631.032974966,21034983.675868828,0.7999999999999999
56,2,G03,3429578.5817035493,16520664.265988369,18421082.856187493,21046902.383804463,0.8999999999999999
56,3,G04,16406920.098849319,8547916.24210515,19810544.008534085,21058936.961778823,1.0
56,4,G05,20033446.268971935,13636045.656463386,2420402.5618253434,21070861.519122448,1.1
56,5,G06,24691061.4835535,2681884.9312656224,7574972.513853825,21082944.989228427,1.2
56,6,G07,21517774.593416587,-8462568.120984985,-2534437.2306143027,21095024.824022435,1.3
56,7,G08,19448887.245363735,-7889235.399977439,16648407.106806064,21107054.643984195,1.4
56,8,G09,10944749.510893766,-16220481.7190472,16018564.421176393,21119139.260899972,1.5
56,9,G10,-107735.47345301788,-15483022.228717456,18376803.125337426,21131162.9707553,1.6
56,10,G11,12970435.608127272,-869257.7294950492,24046834.877560943,21143025.901925363,1.7
56,11,G12,-285548.37942463346,-1441253.208214551,25635109.197705623,21155063.93610958,1.8
57,0,G01,-8376520.570479282,-732850.5897086428,21992175.987571605,21023072.459820215,0.7
57,1,G02,5135546.519088706,6987010.2169092335,24899631.032974966,21034983.828975238,0.7999999999999999
57,2,G03,3429578.5817035493,16520664.265988369,18421082.856187493,21046902.425739784,0.8999999999999999
57,3,G04,16406920.098849319,8547916.24210515,19810544.008534085,21058937.01931509,1.0
57,4,G05,20033446.268971935,13636045.656463386,2420402.5618253434,21070861.439832162,1.1
57,5,G06,24691061.4835535,2681884.9312656224,7574972.513853825,21082945.014380265,1.2
57,6,G07,21517774.593416587,-8462568.120984985,-2534437.2306143027,21095024.9390139,1.3
57,7,G08,19448887.245363735,-7889235.399977439,16648407.106806064,21107054.83758909,1.4
57,8,G09,10944749.510893766,-16220481.7190472,16018564.421176393,21119139.58074656,1.5
57,9,G10,-107735.47345301788,-15483022.228717456,18376803.125337426,21131163.351223774,1.6
57,10,G11,12970435.608127272,-869257.7294950492,24046834.877560943,21143026.088258542,1.7
57,11,G12,-285548.37942463346,-1441253.208214551,25635109.197705623,21155064.20495664,1.8
58,0,G01,-8376520.570479282,-732850.5897086428,21992175.987571605,21023072.759019643,0.7
58,1,G02,5135546.519088706,6987010.2169092335,24899631.032974966,21034983.986419834,0.7999999999999999
58,2,G03,3429578.5817035493,16520664.265988369,18421082.856187493,21046902.47067102,0.8999999999999999
58,3,G04,16406920.098849319,8547916.24210515,19810544.008534085,21058937.0771018,1.0
58,4,G05,20033446.268971935,13636045.656463386,2420402.5618253434,21070861.355593674,1.1
58,5,G06,24691061.4835535,2681884.9312656224,7574972.513853825,21082945.034898464,1.2
58,6,G07,21517774.593416587,-8462568.120984985,-2534437.2306143027,21095025.047985993,1.3
58,7,G08,19448887.245363735,-7889235.399977439,16648407.106806064,21107055.030284267,1.4
58,8,G09,10944749.510893766,-16220481.7190472,16018564.421176393,21119139.901840527,1.5
58,9,G10,-107735.47345301788,-15483022.228717456,18376803.125337426,21131163.73624853,1.6
58,10,G11,12970435.608127272,-869257.7294950492,24046834.877560943,21143026.27691918,1.7
58,11,G12,-285548.37942463346,-1441253.208214551,25635109.197705623,21155064.47982979,1.8
59,0,G01,-8376520.570479282,-732850.5897086428,21992175.987571605,21023073.065177456,0.7
59,1,G02,5135546.519088706,6987010.2169092335,24899631.032974966,21034984.148075894,0.7999999999999999
59,2,G03,3429578.5817035493,16520664.265988369,18421082.856187493,21046902.51850997,0.8999999999999999
59,3,G04,16406920.098849319,8547916.24210515,19810544.008534085,21058937.135160305,1.0
59,4,G05,20033446.268971935,13636045.656463386,2420402.5618253434,21070861.2665938,1.1
59,5,G06,24691061.4835535,2681884.9312656224,7574972.513853825,21082945.05096842,1.2
59,6,G07,21517774.593416587,-8462568.120984985,-2534437.2306143027,21095025.151156776,1.3
59,7,G08,19448887.245363735,-7889235.399977439,16648407.106806064,21107055.222129453,1.4
59,8,G09,10944749.510893766,-16220481.7190472,16018564.421176393,21119140.224156458,1.5
59,9,G10,-107735.47345301788,-15483022.228717456,18376803.125337426,21131164.125680547,1.6
59,10,G11,12970435.608127272,-869257.7294950492,24046834.877560943,21143026.467856653,1.7
59,11,G12,-285548.37942463346,-1441253.208214551,25635109.197705623,21155064.760538027,1.8
60,0,G01,-8376520.570479282,-732850.5897086428,21992175.987571605,21023073.378038656,0.7
60,1,G02,5135546.519088706,6987010.2169092335,24899631.032974966,21034984.31381062,0.7999999999999999
60,2,G03,3429578.5817035493,16520664.265988369,18421082.856187493,21046902.569164217,0.8999999999999999
60,3,G04,16406920.098849319,8547916.24210515,19810544.008534085,21058937.193512313,1.0
60,4,G05,20033446.268971935,13636045.656463386,2420402.5618253434,21070861.173027307,1.1
60,5,G06,24691061.4835535,2681884.9312656224,7574972.513853825,21082945.062783256,1.2
60,6,G07,21517774.593416587,-8462568.120984985,-2534437.2306143027,21095025.248753745,1.3
60,7,G08,19448887.245363735,-7889235.399977439,16648407.106806064,21107055.413186476,1.4
60,8,G09,10944749.510893766,-16220481.7190472,16018564.421176393,21119140.54766749,1.5
60,9,G10,-107735.47345301788,-15483022.228717456,18376803.125337426,21131164.51936403,1.6
60,10,G11,12970435.608127272,-869257.7294950492,24046834.877560943,21143026.661017537,1.7
60,11,G12,-285548.37942463346,-1441253.208214551,25635109.197705623,21155065.04688157,1.8
61,0,G01,-8376520.570479282,-732850.5897086428,21992175.987571605,21023073.697337795,0.7
61,1,G02,5135546.519088706,6987010.2169092335,24899631.032974966,21034984.483485445,0.7999999999999999
61,2,G03,3429578.5817035493,16520664.265988369,18421082.856187493,21046902.622537334,0.8999999999999999
61,3,G04,16406920.098849319,8547916.24210515,19810544.008534085,21058937.252179917,1.0
61,4,G05,20033446.268971935,13636045.656463386,2420402.5618253434,21070861.07509665,1.1
61,5,G06,24691061.4835535,2681884.9312656224,7574972.513853825,21082945.070543535,1.2
61,6,G07,21517774.593416587,-8462568.120984985,-2534437.2306143027,21095025.34101352,1.3
61,7,G08,19448887.245363735,-7889235.399977439,16648407.106806064,21107055.603519194,1.4
61,8,G09,10944749.510893766,-16220481.7190472,16018564.421176393,21119140.872345343,1.5
61,9,G10,-107735.47345301788,-15483022.228717456,18376803.125337426,21131164.917136695,1.6
61,10,G11,12970435.608127272,-869257.7294950492,24046834.877560943,21143026.856345735,1.7
61,11,G12,-285548.37942463346,-1441253.208214551,25635109.197705623,21155065.3386522,1.8
62,0,G01,-8376520.570479282,-732850.5897086428,21992175.987571605,21023074.02279937,0.7
62,1,G02,5135546.519088706,6987010.2169092335,24899631.032974966,21034984.65695619,0.7999999999999999
62,2,G03,3429578.5817035493,16520664.265988369,18421082.856187493,21046902.678529013,0.8999999999999999
62,3,G04,16406920.098849319,8547916.24210515,19810544.008534085,21058937.31118555,1.0
62,4,G05,20033446.268971935,13636045.656463386,2420402.5618253434,21070860.973011613,1.1
62,5,G06,24691061.4835535,2681884.9312656224,7574972.513853825,21082945.07445694,1.2
62,6,G07,21517774.593416587,-8462568.120984985,-2534437.2306143027,21095025.428181432,1.3
62,7,G08,19448887.245363735,-7889235.399977439,16648407.106806064,21107055.793193415,1.4
62,8,G09,10944749.510893766,-16220481.7190472,16018564.421176393,21119141.19816042,1.5
62,9,G10,-107735.47345301788,-15483022.228717456,18376803.125337426,21131165.318830032,1.6
62,10,G11,12970435.608127272,-869257.7294950492,24046834.877560943,21143027.053782545,1.7
62,11,G12,-285548.37942463346,-1441253.208214551,25635109.197705623,21155065.6356336,1.8
63,0,G01,-8376520.570479282,-732850.5897086428,21992175.987571605,21023074.35413825,0.7
63,1,G02,5135546.519088706,6987010.2169092335,24899631.032974966,21034984.834073316,0.7999999999999999
63,2,G03,3429578.5817035493,16520664.265988369,18421082.856187493,21046902.737035226,0.8999999999999999
63,3,G04,16406920.098849319,8547916.24210515,19810544.008534085,21058937.370551936,1.0
63,4,G05,20033446.268971935,13636045.656463386,2420402.5618253434,21070860.866989005,1.1
63,5,G06,24691061.4835535,2681884.9312656224,7574972.513853825,21082945.074737936,1.2
63,6,G07,21517774.593416587,-8462568.120984985,-2534437.2306143027,21095025.51051115,1.3
63,7,G08,19448887.245363735,-7889235.399977439,16648407.106806064,21107055.98227676,1.4
63,8,G09,10944749.510893766,-16220481.7190472,16018564.421176393,21119141.52508178,1.5
63,9,G10,-107735.47345301788,-15483022.228717456,18376803.125337426,21131165.724269547,1.6
63,10,G11,12970435.608127272,-869257.7294950492,24046834.877560943,21143027.253266748,1.7
63,11,G12,-285548.37942463346,-1441253.208214551,25635109.197705623,21155065.937601667,1.8
64,0,G01,-8376520.570479282,-732850.5897086428,21992175.987571605,21023074.691060174,0.7
64,1,G02,5135546.519088706,6987010.2169092335,24899631.032974966,21034985.0146822,0.7999999999999999
64,2,G03,3429578.5817035493,16520664.265988369,18421082.856187493,21046902.797948413,0.8999999999999999
64,3,G04,16406920.098849319,8547916.24210515,19810544.008534085,21058937.430302087,1.0
64,4,G05,20033446.268971935,13636045.656463386,2420402.5618253434,21070860.757252302,1.1
64,5,G06,24691061.4835535,2681884.9312656224,7574972.513853825,21082945.071607456,1.2
64,6,G07,21517774.593416587,-8462568.120984985,-2534437.2306143027,21095025.588264268,1.3
64,7,G08,19448887.245363735,-7889235.399977439,16648407.106806064,21107056.1708386,1.4
64,8,G09,10944749.510893766,-16220481.7190472,16018564.421176393,21119141.85307726,1.5
64,9,G10,-107735.47345301788,-15483022.228717456,18376803.125337426,21131166.133275084,1.6
64,10,G11,12970435.608127272,-869257.7294950492,24046834.877560943,21143027.454734758,1.7
64,11,G12,-285548.37942463346,-1441253.208214551,25635109.197705623,21155066.24432493,1.8
65,0,G01,-8376520.570479282,-732850.5897086428,21992175.987571605,21023075.03326218,0.7
65,1,G02,5135546.519088706,6987010.2169092335,24899631.032974966,21034985.198623326,0.7999999999999999
65,2,G03,3429578.5817035493,16520664.265988369,18421082.856187493,21046902.861157637,0.8999999999999999
65,3,G04,16406920.098849319,8547916.24210515,19810544.008534085,21058937.49045925,1.0
65,4,G05,20033446.268971935,13636045.656463386,2420402.5618253434,21070860.644031275,1.1
65,5,G06,24691061.4835535,2681884.9312656224,7574972.513853825,21082945.065292522,1.2
65,6,G07,21517774.593416587,-8462568.120984985,-2534437.2306143027,21095025.6617099,1.3
65,7,G08,19448887.245363735,-7889235.399977439,16648407.106806064,21107056.35894991,1.4
65,8,G09,10944749.510893766,-16220481.7190472,16018564.421176393,21119142.182113484,1.5
65,9,G10,-107735.47345301788,-15483022.228717456,18376803.125337426,21131166.545661073,1.6
65,10,G11,12970435.608127272,-869257.7294950492,24046834.877560943,21143027.65812067,1.7
65,11,G12,-285548.37942463346,-1441253.208214551,25635109.197705623,21155066.555564888,1.8
66,0,G01,-8376520.570479282,-732850.5897086428,21992175.987571605,21023075.380433127,0.7
66,1,G02,5135546.519088706,6987010.2169092335,24899631.032974966,21034985.385732625,0.7999999999999999
66,2,G03,3429578.5817035493,16520664.265988369,18421082.856187493,21046902.926548786,0.8999999999999999
66,3,G04,16406920.098849319,8547916.24210515,19810544.008534085,21058937.55104689,1.0
66,4,G05,20033446.268971935,13636045.656463386,2420402.5618253434,21070860.527561676,1.1
66,5,G06,24691061.4835535,2681884.9312656224,7574972.513853825,21082945.056025907,1.2
66,6,G07,21517774.593416587,-8462568.120984985,-2534437.2306143027,21095025.73112423,1.3
66,7,G08,19448887.245363735,-7889235.399977439,16648407.106806064,21107056.5466832,1.4
66,8,G09,10944749.510893766,-16220481.7190472,16018564.421176393,21119142.512155954,1.5
66,9,G10,-107735.47345301788,-15483022.228717456,18376803.125337426,21131166.96123687,1.6
66,10,G11,12970435.608127272,-869257.7294950492,24046834.877560943,21143027.863356434,1.7
66,11,G12,-285548.37942463346,-1441253.208214551,25635109.197705623,21155066.87107641,1.8
67,0,G01,-8376520.570479282,-732850.5897086428,21992175.987571605,21023075.732254174,0.7
67,1,G02,5135546.519088706,6987010.2169092335,24899631.032974966,21034985.575841665,0.7999999999999999
67,2,G03,3429578.5817035493,16520664.265988369,18421082.856187493,21046902.99400475,0.8999999999999999
67,3,G04,16406920.098849319,8547916.24210515,19810544.008534085,21058937.612088658,1.0
67,4,G05,20033446.268971935,13636045.656463386,2420402.5618253434,21070860.408084802,1.1
67,5,G06,24691061.4835535,2681884.9312656224,7574972.513853825,21082945.044045765,1.2
67,6,G07,21517774.593416587,-8462568.120984985,-2534437.2306143027,21095025.796790097,1.3
67,7,G08,19448887.245363735,-7889235.399977439,16648407.106806064,21107056.73411239,1.4
67,8,G09,10944749.510893766,-16220481.7190472,16018564.421176393,21119142.843169093,1.5
67,9,G10,-107735.47345301788,-15483022.228717456,18376803.125337426,21131167.379807048,1.6
67,10,G11,12970435.608127272,-869257.7294950492,24046834.877560943,21143028.070371922,1.7
67,11,G12,-285548.37942463346,-1441253.208214551,25635109.197705623,21155067.190608125,1.8
68,0,G01,-8376520.570479282,-732850.5897086428,21992175.987571605,21023076.0883993,0.7
68,1,G02,5135546.519088706,6987010.2169092335,24899631.032974966,21034985.768777974,0.7999999999999999
68,2,G03,3429578.5817035493,16520664.265988369,18421082.856187493,21046903.06340559,0.8999999999999999
68,3,G04,16406920.098849319,8547916.24210515,19810544.008534085,21058937.67360834,1.0
68,4,G05,20033446.268971935,13636045.656463386,2420402.5618253434,21070860.285847154,1.1
68,5,G06,24691061.4835535,2681884.9312656224,7574972.513853825,21082945.02959524,1.2
68,6,G07,21517774.593416587,-8462568.120984985,-2534437.2306143027,21095025.858996518,1.3
68,7,G08,19448887.245363735,-7889235.399977439,16648407.106806064,21107056.921312667,1.4
68,8,G09,10944749.510893766,-16220481.7190472,16018564.421176393,21119143.175116286,1.5
68,9,G10,-107735.47345301788,-15483022.228717456,18376803.125337426,21131167.80117167,1.6
68,10,G11,12970435.608127272,-869257.7294950492,24046834.877560943,21143028.27909506,1.7
68,11,G12,-285548.37942463346,-1441253.208214551,25635109.197705623,21155067.513902817,1.8
69,0,G01,-8376520.570479282,-732850.5897086428,21992175.987571605,21023076.44853582,0.7
69,1,G02,5135546.519088706,6987010.2169092335,24899631.032974966,21034985.964365296,0.7999999999999999
69,2,G03,3429578.5817035493,16520664.265988369,18421082.856187493,21046903.134628765,0.8999999999999999
69,3,G04,16406920.098849319,8547916.24210515,19810544.008534085,21058937.735629853,1.0
69,4,G05,20033446.268971935,13636045.656463386,2420402.5618253434,21070860.161100022,1.1
69,5,G06,24691061.4835535,2681884.9312656224,7574972.513853825,21082945.012922097,1.2
69,6,G07,21517774.593416587,-8462568.120984985,-2534437.2306143027,21095025.91803825,1.3
69,7,G08,19448887.245363735,-7889235.399977439,16648407.106806064,21107057.10836042,1.4
69,8,G09,10944749.510893766,-16220481.7190472,16018564.421176393,21119143.507959984,1.5
69,9,G10,-107735.47345301788,-15483022.228717456,18376803.125337426,21131168.225126702,1.6
69,10,G11,12970435.608127272,-869257.7294950492,24046834.877560943,21143028.48945196,1.7
69,11,G12,-285548.37942463346,-1441253.208214551,25635109.197705623,21155067.840697873,1.8
70,0,G01,-8376520.570479282,-732850.5897086428,21992175.987571605,21023076.812324926,0.7
70,1,G02,5135546.519088706,6987010.2169092335,24899631.032974966,21034986.162423883,0.7999999999999999
70,2,G03,3429578.5817035493,16520664.265988369,18421082.856187493,21046903.20754932,0.8999999999999999
70,3,G04,16406920.098849319,8547916.24210515,19810544.008534085,21058937.798177168,1.0
70,4,G05,20033446.268971935,13636045.656463386,2420402.5618253434,21070860.0340991,1.1
70,5,G06,24691061.4835535,2681884.9312656224,7574972.513853825,21082944.994278308,1.2
70,6,G07,21517774.593416587,-8462568.120984985,-2534437.2306143027,21095025.974215295,1.3
70,7,G08,19448887.245363735,-7889235.399977439,16648407.106806064,21107057.295333076,1.4
70,8,G09,10944749.510893766,-16220481.7190472,16018564.421176393,21119143.841661718,1.5
70,9,G10,-107735.47345301788,-15483022.228717456,18376803.125337426,21131168.65146424,1.6
70,10,G11,12970435.608127272,-869257.7294950492,24046834.877560943,21143028.701367013,1.7
70,11,G12,-285548.37942463346,-1441253.208214551,25635109.197705623,21155068.170725662,1.8
71,0,G01,-8376520.570479282,-732850.5897086428,21992175.987571605,21023077.179422222,0.7
71,1,G02,5135546.519088706,6987010.2169092335,24899631.032974966,21034986.362770792,0.7999999999999999
71,2,G03,3429578.5817035493,16520664.265988369,18421082.856187493,21046903.282040067,0.8999999999999999
71,3,G04,16406920.098849319,8547916.24210515,19810544.008534085,21058937.86127432,1.0
71,4,G05,20033446.268971935,13636045.656463386,2420402.5618253434,21070859.905104056,1.1
71,5,G06,24691061.4835535,2681884.9312656224,7574972.513853825,21082944.97391968,1.2
71,6,G07,21517774.593416587,-8462568.120984985,-2534437.2306143027,21095026.027832445,1.3
71,7,G08,19448887.245363735,-7889235.399977439,16648407.106806064,21107057.482309006,1.4
71,8,G09,10944749.510893766,-16220481.7190472,16018564.421176393,21119144.176182203,1.5
71,9,G10,-107735.47345301788,-15483022.228717456,18376803.125337426,21131169.079972915,1.6
71,10,G11,12970435.608127272,-869257.7294950492,24046834.877560943,21143028.91476305,1.7
71,11,G12,-285548.37942463346,-1441253.208214551,25635109.197705623,21155068.503713995,1.8
72,0,G01,-8376520.570479282,-732850.5897086428,21992175.987571605,21023077.549478292,0.7
72,1,G02,5135546.519088706,6987010.2169092335,24899631.032974966,21034986.56522018,0.7999999999999999
72,2,G03,3429578.5817035493,16520664.265988369,18421082.856187493,21046903.357971832,0.8999999999999999
72,3,G04,16406920.098849319,8547916.24210515,19810544.008534085,21058937.924945354,1.0
72,4,G05,20033446.268971935,13636045.656463386,2420402.5618253434,21070859.774378162,1.1
72,5,G06,24691061.4835535,2681884.9312656224,7574972.513853825,21082944.95210542,1.2
72,6,G07,21517774.593416587,-8462568.120984985,-2534437.2306143027,21095026.079198778,1.3
72,7,G08,19448887.245363735,-7889235.399977439,16648407.106806064,21107057.669367403,1.4
72,8,G09,10944749.510893766,-16220481.7190472,16018564.421176393,21119144.51148139,1.5
72,9,G10,-107735.47345301788,-15483022.228717456,18376803.125337426,21131169.51043821,1.6
72,10,G11,12970435.608127272,-869257.7294950492,24046834.877560943,21143029.129561443,1.7
72,11,G12,-285548.37942463346,-1441253.208214551,25635109.197705623,21155068.839386564,1.8
73,0,G01,-8376520.570479282,-732850.5897086428,21992175.987571605,21023077.922139227,0.7
73,1,G02,5135546.519088706,6987010.2169092335,24899631.032974966,21034986.76958357,0.7999999999999999
73,2,G03,3429578.5817035493,16520664.265988369,18421082.856187493,21046903.435213607,0.8999999999999999
73,3,G04,16406920.098849319,8547916.24210515,19810544.008534085,21058937.98921427,1.0
73,4,G05,20033446.268971935,13636045.656463386,2420402.5618253434,21070859.642187808,1.1
73,5,G06,24691061.4835535,2681884.9312656224,7574972.513853825,21082944.929097738,1.2
73,6,G07,21517774.593416587,-8462568.120984985,-2534437.2306143027,21095026.128627174,1.3
73,7,G08,19448887.245363735,-7889235.399977439,16648407.106806064,21107057.85658813,1.4
73,8,G09,10944749.510893766,-16220481.7190472,16018564.421176393,21119144.84751851,1.5
73,9,G10,-107735.47345301788,-15483022.228717456,18376803.125337426,21131169.94264279,1.6
73,10,G11,12970435.608127272,-869257.7294950492,24046834.877560943,21143029.34568223,1.7
73,11,G12,-285548.37942463346,-1441253.208214551,25635109.197705623,21155069.177463353,1.8
74,0,G01,-8376520.570479282,-732850.5897086428,21992175.987571605,21023078.297047235,0.7
74,1,G02,5135546.519088706,6987010.2169092335,24899631.032974966,21034986.975670222,0.7999999999999999
74,2,G03,3429578.5817035493,16520664.265988369,18421082.856187493,21046903.513632823,0.8999999999999999
74,3,G04,16406920.098849319,8547916.24210515,19810544.008534085,21058938.054105032,1.0
74,4,G05,20033446.268971935,13636045.656463386,2420402.5618253434,21070859.508802146,1.1
74,5,G06,24691061.4835535,2681884.9312656224,7574972.513853825,21082944.90516143,1.2
74,6,G07,21517774.593416587,-8462568.120984985,-2534437.2306143027,21095026.176433805,1.3
74,7,G08,19448887.245363735,-7889235.399977439,16648407.106806064,21107058.044051632,1.4
74,8,G09,10944749.510893766,-16220481.7190472,16018564.421176393,21119145.18425218,1.5
74,9,G10,-107735.47345301788,-15483022.228717456,18376803.125337426,21131170.37636687,1.6
74,10,G11,12970435.608127272,-869257.7294950492,24046834.877560943,21143029.56304428,1.7
74,11,G12,-285548.37942463346,-1441253.208214551,25635109.197705623,21155069.517661147,1.8
75,0,G01,-8376520.570479282,-732850.5897086428,21992175.987571605,21023078.673841182,0.7
75,1,G02,5135546.519088706,6987010.2169092335,24899631.032974966,21034987.183287375,0.7999999999999999
75,2,G03,3429578.5817035493,16520664.265988369,18421082.856187493,21046903.59309551,0.8999999999999999
75,3,G04,16406920.098849319,8547916.24210515,19810544.008534085,21058938.11964148,1.0
75,4,G05,20033446.268971935,13636045.656463386,2420402.5618253434,21070859.374492604,1.1
75,5,G06,24691061.4835535,2681884.9312656224,7574972.513853825,21082944.88056344,1.2
75,6,G07,21517774.593416587,-8462568.120984985,-2534437.2306143027,21095026.22293764,1.3
75,7,G08,19448887.245363735,-7889235.399977439,16648407.106806064,21107058.231838785,1.4
75,8,G09,10944749.510893766,-16220481.7190472,16018564.421176393,21119145.52164043,1.5
75,9,G10,-107735.47345301788,-15483022.228717456,18376803.125337426,21131170.811388552,1.6
75,10,G11,12970435.608127272,-869257.7294950492,24046834.877560943,21143029.781565383,1.7
75,11,G12,-285548.37942463346,-1441253.208214551,25635109.197705623,21155069.859693903,1.8
76,0,G01,-8376520.570479282,-732850.5897086428,21992175.987571605,21023079.05215717,0.7
76,1,G02,5135546.519088706,6987010.2169092335,24899631.032974966,21034987.392240584,0.7999999999999999
76,2,G03,3429578.5817035493,16520664.265988369,18421082.856187493,21046903.67346655,0.8999999999999999
76,3,G04,16406920.098849319,8547916.24210515,19810544.008534085,21058938.185847335,1.0
76,4,G05,20033446.268971935,13636045.656463386,2420402.5618253434,21070859.239532493,1.1
76,5,G06,24691061.4835535,2681884.9312656224,7574972.513853825,21082944.855572473,1.2
76,6,G07,21517774.593416587,-8462568.120984985,-2534437.2306143027,21095026.26845994,1.3
76,7,G08,19448887.245363735,-7889235.399977439,16648407.106806064,21107058.42003077,1.4
76,8,G09,10944749.510893766,-16220481.7190472,16018564.421176393,21119145.859640807,1.5
76,9,G10,-107735.47345301788,-15483022.228717456,18376803.125337426,21131171.247484203,1.6
76,10,G11,12970435.608127272,-869257.7294950492,24046834.877560943,21143030.001162406,1.7
76,11,G12,-285548.37942463346,-1441253.208214551,25635109.197705623,21155070.203273308,1.8
77,0,G01,-8376520.570479282,-732850.5897086428,21992175.987571605,21023079.43162916,0.7
77,1,G02,5135546.519088706,6987010.2169092335,24899631.032974966,21034987.60233405,0.7999999999999999
77,2,G03,3429578.5817035493,16520664.265988369,18421082.856187493,21046903.754609875,0.8999999999999999
77,3,G04,16406920.098849319,8547916.24210515,19810544.008534085,21058938.252746146,1.0
77,4,G05,20033446.268971935,13636045.656463386,2420402.5618253434,21070859.10419655,1.1
77,5,G06,24691061.4835535,2681884.9312656224,7574972.513853825,21082944.830458507,1.2
77,6,G07,21517774.593416587,-8462568.120984985,-2534437.2306143027,21095026.31332371,1.3
77,7,G08,19448887.245363735,-7889235.399977439,16648407.106806064,21107058.608708963,1.4
77,8,G09,10944749.510893766,-16220481.7190472,16018564.421176393,21119146.19821043,1.5
77,9,G10,-107735.47345301788,-15483022.228717456,18376803.125337426,21131171.6844288,1.6
77,10,G11,12970435.608127272,-869257.7294950492,24046834.877560943,21143030.221751437,1.7
77,11,G12,-285548.37942463346,-1441253.208214551,25635109.197705623,21155070.548109163,1.8
78,0,G01,-8376520.570479282,-732850.5897086428,21992175.987571605,21023079.81188949,0.7
78,1,G02,5135546.519088706,6987010.2169092335,24899631.032974966,21034987.813370883,0.7999999999999999
78,2,G03,3429578.5817035493,16520664.265988369,18421082.856187493,21046903.836388685,0.8999999999999999
78,3,G04,16406920.098849319,8547916.24210515,19810544.008534085,21058938.32036124,1.0
78,4,G05,20033446.268971935,13636045.656463386,2420402.5618253434,21070858.968760494,1.1
78,5,G06,24691061.4835535,2681884.9312656224,7574972.513853825,21082944.805492412,1.2
78,6,G07,21517774.593416587,-8462568.120984985,-2534437.2306143027,21095026.357853238,1.3
78,7,G08,19448887.245363735,-7889235.399977439,16648407.106806064,21107058.79795478,1.4
78,8,G09,10944749.510893766,-16220481.7190472,16018564.421176393,21119146.53730603,1.5
78,9,G10,-107735.47345301788,-15483022.228717456,18376803.125337426,21131172.12199627,1.6
78,10,G11,12970435.608127272,-869257.7294950492,24046834.877560943,21143030.443247885,1.7
78,11,G12,-285548.37942463346,-1441253.208214551,25635109.197705623,21155070.893909868,1.8
79,0,G01,-8376520.570479282,-732850.5897086428,21992175.987571605,21023080.19256953,0.7
79,1,G02,5135546.519088706,6987010.2169092335,24899631.032974966,21034988.025153488,0.7999999999999999
79,2,G03,3429578.5817035493,16520664.265988369,18421082.856187493,21046903.918665677,0.8999999999999999
79,3,G04,16406920.098849319,8547916.24210515,19810544.008534085,21058938.38871573,1.0
79,4,G05,20033446.268971935,13636045.656463386,2420402.5618253434,21070858.833500613,1.1
79,5,G06,24691061.4835535,2681884.9312656224,7574972.513853825,21082944.780945506,1.2
79,6,G07,21517774.593416587,-8462568.120984985,-2534437.2306143027,21095026.40237353,1.3
79,7,G08,19448887.245363735,-7889235.399977439,16648407.106806064,21107058.987849567,1.4
79,8,G09,10944749.510893766,-16220481.7190472,16018564.421176393,21119146.87688408,1.5
79,9,G10,-107735.47345301788,-15483022.228717456,18376803.125337426,21131172.559959885,1.6
79,10,G11,12970435.608127272,-869257.7294950492,24046834.877560943,21143030.665566657,1.7
79,11,G12,-285548.37942463346,-1441253.208214551,25635109.197705623,21155071.240382914,1.8
80,0,G01,-8376520.570479282,-732850.5897086428,21992175.987571605,21023080.57330023,0.7
80,1,G02,5135546.519088706,6987010.2169092335,24899631.032974966,21034988.237483814,0.7999999999999999
80,2,G03,3429578.5817035493,16520664.265988369,18421082.856187493,21046904.00130325,0.8999999999999999
80,3,G04,16406920.098849319,8547916.24210515,19810544.008534085,21058938.457832407,1.0
80,4,G05,20033446.268971935,13636045.656463386,2420402.5618253434,21070858.69869328,1.1
80,5,G06,24691061.4835535,2681884.9312656224,7574972.513853825,21082944.757089093,1.2
80,6,G07,21517774.593416587,-8462568.120984985,-2534437.2306143027,21095026.447209798,1.3
80,7,G08,19448887.245363735,-7889235.399977439,16648407.106806064,21107059.17847445,1.4
80,8,G09,10944749.510893766,-16220481.7190472,16018564.421176393,21119147.21690081,1.5
80,9,G10,-107735.47345301788,-15483022.228717456,18376803.125337426,21131172.998092614,1.6
80,10,G11,12970435.608127272,-869257.7294950492,24046834.877560943,21143030.88862226,1.7
80,11,G12,-285548.37942463346,-1441253.208214551,25635109.197705623,21155071.587235324,1.8
81,0,G01,-8376520.570479282,-732850.5897086428,21992175.987571605,21023080.953712728,0.7
81,1,G02,5135546.519088706,6987010.2169092335,24899631.032974966,21034988.45016371,0.7999999999999999
81,2,G03,3429578.5817035493,16520664.265988369,18421082.856187493,21046904.084163755,0.8999999999999999
81,3,G04,16406920.098849319,8547916.24210515,19810544.008534085,21058938.527733773,1.0
81,4,G05,20033446.268971935,13636045.656463386,2420402.5618253434,21070858.564614557,1.1
81,5,G06,24691061.4835535,2681884.9312656224,7574972.513853825,21082944.734194074,1.2
81,6,G07,21517774.593416587,-8462568.120984985,-2534437.2306143027,21095026.492686965,1.3
81,7,G08,19448887.245363735,-7889235.399977439,16648407.106806064,21107059.369910236,1.4
81,8,G09,10944749.510893766,-16220481.7190472,16018564.421176393,21119147.55731231,1.5
81,9,G10,-107735.47345301788,-15483022.228717456,18376803.125337426,21131173.436167475,1.6
81,10,G11,12970435.608127272,-869257.7294950492,24046834.877560943,21143031.11232897,1.7
81,11,G12,-285548.37942463346,-1441253.208214551,25635109.197705623,21155071.93417413,1.8
82,0,G01,-8376520.570479282,-732850.5897086428,21992175.987571605,21023081.33343894,0.7
82,1,G02,5135546.519088706,6987010.2169092335,24899631.032974966,21034988.66299525,0.7999999999999999
82,2,G03,3429578.5817035493,16520664.265988369,18421082.856187493,21046904.167109676,0.8999999999999999
82,3,G04,16406920.098849319,8547916.24210515,19810544.008534085,21058938.598441977,1.0
82,4,G05,20033446.268971935,13636045.656463386,2420402.5618253434,21070858.431539718,1.1
82,5,G06,24691061.4835535,2681884.9312656224,7574972.513853825,21082944.712530483,1.2
82,6,G07,21517774.593416587,-8462568.120984985,-2534437.2306143027,21095026.539129127,1.3
82,7,G08,19448887.245363735,-7889235.399977439,16648407.106806064,21107059.562237263,1.4
82,8,G09,10944749.510893766,-16220481.7190472,16018564.421176393,21119147.89807459,1.5
82,9,G10,-107735.47345301788,-15483022.228717456,18376803.125337426,21131173.87395792,1.6
82,10,G11,12970435.608127272,-869257.7294950492,24046834.877560943,21143031.336600944,1.7
82,11,G12,-285548.37942463346,-1441253.208214551,25635109.197705623,21155072.280906852,1.8
83,0,G01,-8376520.570479282,-732850.5897086428,21992175.987571605,21023081.712112125,0.7
83,1,G02,5135546.519088706,6987010.2169092335,24899631.032974966,21034988.87578099,0.7999999999999999
83,2,G03,3429578.5817035493,16520664.265988369,18421082.856187493,21046904.25000387,0.8999999999999999
83,3,G04,16406920.098849319,8547916.24210515,19810544.008534085,21058938.66997876,1.0
83,4,G05,20033446.268971935,13636045.656463386,2420402.5618253434,21070858.299742818,1.1
83,5,G06,24691061.4835535,2681884.9312656224,7574972.513853825,21082944.692367047,1.2
83,6,G07,21517774.593416587,-8462568.120984985,-2534437.2306143027,21095026.586859018,1.3
83,7,G08,19448887.245363735,-7889235.399977439,16648407.106806064,21107059.755535256,1.4
83,8,G09,10944749.510893766,-16220481.7190472,16018564.421176393,21119148.239143632,1.5
83,9,G10,-107735.47345301788,-15483022.228717456,18376803.125337426,21131174.31123817,1.6
83,10,G11,12970435.608127272,-869257.7294950492,24046834.877560943,21143031.561352354,1.7
83,11,G12,-285548.37942463346,-1441253.208214551,25635109.197705623,21155072.62714195,1.8
84,0,G01,-8376520.570479282,-732850.5897086428,21992175.987571605,21023082.089367516,0.7
84,1,G02,5135546.519088706,6987010.2169092335,24899631.032974966,21034989.08832436,0.7999999999999999
84,2,G03,3429578.5817035493,16520664.265988369,18421082.856187493,21046904.332709797,0.8999999999999999
84,3,G04,16406920.098849319,8547916.24210515,19810544.008534085,21058938.742365457,1.0
84,4,G05,20033446.268971935,13636045.656463386,2420402.5618253434,21070858.16949627,1.1
84,5,G06,24691061.4835535,2681884.9312656224,7574972.513853825,21082944.6739708,1.2
84,6,G07,21517774.593416587,-8462568.120984985,-2534437.2306143027,21095026.636197533,1.3
84,7,G08,19448887.245363735,-7889235.399977439,16648407.106806064,21107059.949883237,1.4
84,8,G09,10944749.510893766,-16220481.7190472,16018564.421176393,21119148.580475498,1.5
84,9,G10,-107735.47345301788,-15483022.228717456,18376803.125337426,21131174.747783594,1.6
84,10,G11,12970435.608127272,-869257.7294950492,24046834.877560943,21143031.78649756,1.7
84,11,G12,-285548.37942463346,-1441253.208214551,25635109.197705623,21155072.972589288,1.8
85,0,G01,-8376520.570479282,-732850.5897086428,21992175.987571605,21023082.464842856,0.7
85,1,G02,5135546.519088706,6987010.2169092335,24899631.032974966,21034989.30042993,0.7999999999999999
85,2,G03,3429578.5817035493,16520664.265988369,18421082.856187493,21046904.41509171,0.8999999999999999
85,3,G04,16406920.098849319,8547916.24210515,19810544.008534085,21058938.815622922,1.0
85,4,G05,20033446.268971935,13636045.656463386,2420402.5618253434,21070858.041070383,1.1
85,5,G06,24691061.4835535,2681884.9312656224,7574972.513853825,21082944.657606594,1.2
85,6,G07,21517774.593416587,-8462568.120984985,-2534437.2306143027,21095026.68746318,1.3
85,7,G08,19448887.245363735,-7889235.399977439,16648407.106806064,21107060.145359363,1.4
85,8,G09,10944749.510893766,-16220481.7190472,16018564.421176393,21119148.922026362,1.5
85,9,G10,-107735.47345301788,-15483022.228717456,18376803.125337426,21131175.183371067,1.6
85,10,G11,12970435.608127272,-869257.7294950492,24046834.877560943,21143032.01195119,1.7
85,11,G12,-285548.37942463346,-1441253.208214551,25635109.197705623,21155073.31696061,1.8
86,0,G01,-8376520.570479282,-732850.5897086428,21992175.987571605,21023082.838179015,0.7
86,1,G02,5135546.519088706,6987010.2169092335,24899631.032974966,21034989.511903726,0.7999999999999999
86,2,G03,3429578.5817035493,16520664.265988369,18421082.856187493,21046904.49701489,0.8999999999999999
86,3,G04,16406920.098849319,8547916.24210515,19810544.008534085,21058938.889771525,1.0
86,4,G05,20033446.268971935,13636045.656463386,2420402.5618253434,21070857.914732948,1.1
86,5,G06,24691061.4835535,2681884.9312656224,7574972.513853825,21082944.643536724,1.2
86,6,G07,21517774.593416587,-8462568.120984985,-2534437.2306143027,21095026.740971576,1.3
86,7,G08,19448887.245363735,-7889235.399977439,16648407.106806064,21107060.342040814,1.4
86,8,G09,10944749.510893766,-16220481.7190472,16018564.421176393,21119149.263752602,1.5
86,9,G10,-107735.47345301788,-15483022.228717456,18376803.125337426,21131175.61777932,1.6
86,10,G11,12970435.608127272,-869257.7294950492,24046834.877560943,21143032.23762833,1.7
86,11,G12,-285548.37942463346,-1441253.208214551,25635109.197705623,21155073.659970004,1.8
87,0,G01,-8376520.570479282,-732850.5897086428,21992175.987571605,21023083.20902054,0.7
87,1,G02,5135546.519088706,6987010.2169092335,24899631.032974966,21034989.722553555,0.7999999999999999
87,2,G03,3429578.5817035493,16520664.265988369,18421082.856187493,21046904.57834587,0.8999999999999999
87,3,G04,16406920.098849319,8547916.24210515,19810544.008534085,21058938.96483111,1.0
87,4,G05,20033446.268971935,13636045.656463386,2420402.5618253434,21070857.790748805,1.1
87,5,G06,24691061.4835535,2681884.9312656224,7574972.513853825,21082944.632020485,1.2
87,6,G07,21517774.593416587,-8462568.120984985,-2534437.2306143027,21095026.797034975,1.3
87,7,G08,19448887.245363735,-7889235.399977439,16648407.106806064,21107060.540003676,1.4
87,8,G09,10944749.510893766,-16220481.7190472,16018564.421176393,21119149.605610866,1.5
87,9,G10,-107735.47345301788,-15483022.228717456,18376803.125337426,21131176.050789297,1.6
87,10,G11,12970435.608127272,-869257.7294950492,24046834.877560943,21143032.463444617,1.7
87,11,G12,-285548.37942463346,-1441253.208214551,25635109.197705623,21155074.00133434,1.8
88,0,G01,-8376520.570479282,-732850.5897086428,21992175.987571605,21023083.577016223,0.7
88,1,G02,5135546.519088706,6987010.2169092335,24899631.032974966,21034989.932189293,0.7999999999999999
88,2,G03,3429578.5817035493,16520664.265988369,18421082.856187493,21046904.658952605,0.8999999999999999
88,3,G04,16406920.098849319,8547916.24210515,19810544.008534085,21058939.040820938,1.0
88,4,G05,20033446.268971935,13636045.656463386,2420402.5618253434,21070857.669379402,1.1
88,5,G06,24691061.4835535,2681884.9312656224,7574972.513853825,21082944.623313744,1.2
88,6,G07,21517774.593416587,-8462568.120984985,-2534437.2306143027,21095026.855961703,1.3
88,7,G08,19448887.245363735,-7889235.399977439,16648407.106806064,21107060.739322793,1.4
88,8,G09,10944749.510893766,-16220481.7190472,16018564.421176393,21119149.94755812,1.5
88,9,G10,-107735.47345301788,-15483022.228717456,18376803.125337426,21131176.4821845,1.6
88,10,G11,12970435.608127272,-869257.7294950492,24046834.877560943,21143032.689316384,1.7
88,11,G12,-285548.37942463346,-1441253.208214551,25635109.197705623,21155074.340773724,1.8
89,0,G01,-8376520.570479282,-732850.5897086428,21992175.987571605,21023083.941819694,0.7
89,1,G02,5135546.519088706,6987010.2169092335,24899631.032974966,21034990.1406232,0.7999999999999999
89,2,G03,3429578.5817035493,16520664.265988369,18421082.856187493,21046904.738704745,0.8999999999999999
89,3,G04,16406920.098849319,8547916.24210515,19810544.008534085,21058939.117759686,1.0
89,4,G05,20033446.268971935,13636045.656463386,2420402.5618253434,21070857.550882407,1.1
89,5,G06,24691061.4835535,2681884.9312656224,7574972.513853825,21082944.61766857,1.2
89,6,G07,21517774.593416587,-8462568.120984985,-2534437.2306143027,21095026.918055736,1.3
89,7,G08,19448887.245363735,-7889235.399977439,16648407.106806064,21107060.940071672,1.4
89,8,G09,10944749.510893766,-16220481.7190472,16018564.421176393,21119150.28955175,1.5
89,9,G10,-107735.47345301788,-15483022.228717456,18376803.125337426,21131176.91175135,1.6
89,10,G11,12970435.608127272,-869257.7294950492,24046834.877560943,21143032.915160812,1.7
89,11,G12,-285548.37942463346,-1441253.208214551,25635109.197705623,21155074.678011965,1.8
90,0,G01,-8376520.570479282,-732850.5897086428,21992175.987571605,21023084.30308992,0.7
90,1,G02,5135546.519088706,6987010.2169092335,24899631.032974966,21034990.347670205,0.7999999999999999
90,2,G03,3429578.5817035493,16520664.265988369,18421082.856187493,21046904.817473773,0.8999999999999999
90,3,G04,16406920.098849319,8547916.24210515,19810544.008534085,21058939.19566539,1.0
90,4,G05,20033446.268971935,13636045.656463386,2420402.5618253434,21070857.435511257,1.1
90,5,G06,24691061.4835535,2681884.9312656224,7574972.513853825,21082944.615332767,1.2
90,6,G07,21517774.593416587,-8462568.120984985,-2534437.2306143027,21095026.98361615,1.3
90,7,G08,19448887.245363735,-7889235.399977439,16648407.106806064,21107061.14232233,1.4
90,8,G09,10944749.510893766,-16220481.7190472,16018564.421176393,21119150.631549586,1.5
90,9,G10,-107735.47345301788,-15483022.228717456,18376803.125337426,21131177.33927949,1.6
90,10,G11,12970435.608127272,-869257.7294950492,24046834.877560943,21143033.14089602,1.7
90,11,G12,-285548.37942463346,-1441253.208214551,25635109.197705623,21155075.012776982,1.8
91,0,G01,-8376520.570479282,-732850.5897086428,21992175.987571605,21023084.660491794,0.7
91,1,G02,5135546.519088706,6987010.2169092335,24899631.032974966,21034990.553148206,0.7999999999999999
91,2,G03,3429578.5817035493,16520664.265988369,18421082.856187493,21046904.895133264,0.8999999999999999
91,3,G04,16406920.098849319,8547916.24210515,19810544.008534085,21058939.274555422,1.0
91,4,G05,20033446.268971935,13636045.656463386,2420402.5618253434,21070857.323514786,1.1
91,5,G06,24691061.4835535,2681884.9312656224,7574972.513853825,21082944.616549537,1.2
91,6,G07,21517774.593416587,-8462568.120984985,-2534437.2306143027,21095027.052936696,1.3
91,7,G08,19448887.245363735,-7889235.399977439,16648407.106806064,21107061.346145216,1.4
91,8,G09,10944749.510893766,-16220481.7190472,16018564.421176393,21119150.973510005,1.5
91,9,G10,-107735.47345301788,-15483022.228717456,18376803.125337426,21131177.76456218,1.6
91,10,G11,12970435.608127272,-869257.7294950492,24046834.877560943,21143033.366441213,1.7
91,11,G12,-285548.37942463346,-1441253.208214551,25635109.197705623,21155075.344801266,1.8
92,0,G01,-8376520.570479282,-732850.5897086428,21992175.987571605,21023085.013696663,0.7
92,1,G02,5135546.519088706,6987010.2169092335,24899631.032974966,21034990.756878365,0.7999999999999999
92,2,G03,3429578.5817035493,16520664.265988369,18421082.856187493,21046904.971559063,0.8999999999999999
92,3,G04,16406920.098849319,8547916.24210515,19810544.008534085,21058939.354446474,1.0
92,4,G05,20033446.268971935,13636045.656463386,2420402.5618253434,21070857.215136807,1.1
92,5,G06,24691061.4835535,2681884.9312656224,7574972.513853825,21082944.62155705,1.2
92,6,G07,21517774.593416587,-8462568.120984985,-2534437.2306143027,21095027.126305297,1.3
92,7,G08,19448887.245363735,-7889235.399977439,16648407.106806064,21107061.55160907,1.4
92,8,G09,10944749.510893766,-16220481.7190472,16018564.421176393,21119151.315391988,1.5
92,9,G10,-107735.47345301788,-15483022.228717456,18376803.125337426,21131178.187396564,1.6
92,10,G11,12970435.608127272,-869257.7294950492,24046834.877560943,21143033.59171683,1.7
92,11,G12,-285548.37942463346,-1441253.208214551,25635109.197705623,21155075.673822295,1.8
93,0,G01,-8376520.570479282,-732850.5897086428,21992175.987571605,21023085.362382825,0.7
93,1,G02,5135546.519088706,6987010.2169092335,24899631.032974966,21034990.958685376,0.7999999999999999
93,2,G03,3429578.5817035493,16520664.265988369,18421082.856187493,21046905.04662947,0.8999999999999999
93,3,G04,16406920.098849319,8547916.24210515,19810544.008534085,21058939.435354482,1.0
93,4,G05,20033446.268971935,13636045.656463386,2420402.5618253434,21070857.110615708,1.1
93,5,G06,24691061.4835535,2681884.9312656224,7574972.513853825,21082944.630588055,1.2
93,6,G07,21517774.593416587,-8462568.120984985,-2534437.2306143027,21095027.204003576,1.3
93,7,G08,19448887.245363735,-7889235.399977439,16648407.106806064,21107061.758780785,1.4
93,8,G09,10944749.510893766,-16220481.7190472,16018564.421176393,21119151.65715515,1.5
93,9,G10,-107735.47345301788,-15483022.228717456,18376803.125337426,21131178.607584033,1.6
93,10,G11,12970435.608127272,-869257.7294950492,24046834.877560943,21143033.816644616,1.7
93,11,G12,-285548.37942463346,-1441253.208214551,25635109.197705623,21155075.99958294,1.8
94,0,G01,-8376520.570479282,-732850.5897086428,21992175.987571605,21023085.70623608,0.7
94,1,G02,5135546.519088706,6987010.2169092335,24899631.032974966,21034991.15839775,0.7999999999999999
94,2,G03,3429578.5817035493,16520664.265988369,18421082.856187493,21046905.12022545,0.8999999999999999
94,3,G04,16406920.098849319,8547916.24210515,19810544.008534085,21058939.51729465,1.0
94,4,G05,20033446.268971935,13636045.656463386,2420402.5618253434,21070857.010184105,1.1
94,5,G06,24691061.4835535,2681884.9312656224,7574972.513853825,21082944.64386954,1.2
94,6,G07,21517774.593416587,-8462568.120984985,-2534437.2306143027,21095027.286306445,1.3
94,7,G08,19448887.245363735,-7889235.399977439,16648407.106806064,21107061.96772537,1.4
94,8,G09,10944749.510893766,-16220481.7190472,16018564.421176393,21119151.99875985,1.5
94,9,G10,-107735.47345301788,-15483022.228717456,18376803.125337426,21131179.02493053,1.6
94,10,G11,12970435.608127272,-869257.7294950492,24046834.877560943,21143034.04114779,1.7
94,11,G12,-285548.37942463346,-1441253.208214551,25635109.197705623,21155076.321831893,1.8
95,0,G01,-8376520.570479282,-732850.5897086428,21992175.987571605,21023086.044950195,0.7
95,1,G02,5135546.519088706,6987010.2169092335,24899631.032974966,21034991.35584808,0.7999999999999999
95,2,G03,3429578.5817035493,16520664.265988369,18421082.856187493,21046905.19223081,0.8999999999999999
95,3,G04,16406920.098849319,8547916.24210515,19810544.008534085,21058939.60028137,1.0
95,4,G05,20033446.268971935,13636045.656463386,2420402.5618253434,21070856.914068427,1.1
95,5,G06,24691061.4835535,2681884.9312656224,7574972.513853825,21082944.661622338,1.2
95,6,G07,21517774.593416587,-8462568.120984985,-2534437.2306143027,21095027.373481628,1.3
95,7,G08,19448887.245363735,-7889235.399977439,16648407.106806064,21107062.17850575,1.4
95,8,G09,10944749.510893766,-16220481.7190472,16018564.421176393,21119152.34016721,1.5
95,9,G10,-107735.47345301788,-15483022.228717456,18376803.125337426,21131179.43924684,1.6
95,10,G11,12970435.608127272,-869257.7294950492,24046834.877560943,21143034.26515113,1.7
95,11,G12,-285548.37942463346,-1441253.208214551,25635109.197705623,21155076.640324034,1.8
96,0,G01,-8376520.570479282,-732850.5897086428,21992175.987571605,21023086.378227435,0.7
96,1,G02,5135546.519088706,6987010.2169092335,24899631.032974966,21034991.55087332,0.7999999999999999
96,2,G03,3429578.5817035493,16520664.265988369,18421082.856187493,21046905.262532394,0.8999999999999999
96,3,G04,16406920.098849319,8547916.24210515,19810544.008534085,21058939.68432825,1.0
96,4,G05,20033446.268971935,13636045.656463386,2420402.5618253434,21070856.82248858,1.1
96,5,G06,24691061.4835535,2681884.9312656224,7574972.513853825,21082944.684060764,1.2
96,6,G07,21517774.593416587,-8462568.120984985,-2534437.2306143027,21095027.465789244,1.3
96,7,G08,19448887.245363735,-7889235.399977439,16648407.106806064,21107062.391182728,1.4
96,8,G09,10944749.510893766,-16220481.7190472,16018564.421176393,21119152.681339204,1.5
96,9,G10,-107735.47345301788,-15483022.228717456,18376803.125337426,21131179.850348942,1.6
96,10,G11,12970435.608127272,-869257.7294950492,24046834.877560943,21143034.488581106,1.7
96,11,G12,-285548.37942463346,-1441253.208214551,25635109.197705623,21155076.954820875,1.8
97,0,G01,-8376520.570479282,-732850.5897086428,21992175.987571605,21023086.705778997,0.7
97,1,G02,5135546.519088706,6987010.2169092335,24899631.032974966,21034991.743315022,0.7999999999999999
97,2,G03,3429578.5817035493,16520664.265988369,18421082.856187493,21046905.331020247,0.8999999999999999
97,3,G04,16406920.098849319,8547916.24210515,19810544.008534085,21058939.769448034,1.0
97,4,G05,20033446.268971935,13636045.656463386,2420402.5618253434,21070856.735657588,1.1
97,5,G06,24691061.4835535,2681884.9312656224,7574972.513853825,21082944.71139229,1.2
97,6,G07,21517774.593416587,-8462568.120984985,-2534437.2306143027,21095027.5634814,1.3
97,7,G08,19448887.245363735,-7889235.399977439,16648407.106806064,21107062.605814867,1.4
97,8,G09,10944749.510893766,-16220481.7190472,16018564.421176393,21119153.022238713,1.5
97,9,G10,-107735.47345301788,-15483022.228717456,18376803.125337426,21131180.258058242,1.6
97,10,G11,12970435.608127272,-869257.7294950492,24046834.877560943,21143034.711365994,1.7
97,11,G12,-285548.37942463346,-1441253.208214551,25635109.197705623,21155077.265090875,1.8
98,0,G01,-8376520.570479282,-732850.5897086428,21992175.987571605,21023087.02732548,0.7
98,1,G02,5135546.519088706,6987010.2169092335,24899631.032974966,21034991.933019586,0.7999999999999999
98,2,G03,3429578.5817035493,16520664.265988369,18421082.856187493,21046905.3975878,0.8999999999999999
98,3,G04,16406920.098849319,8547916.24210515,19810544.008534085,21058939.855652597,1.0
98,4,G05,20033446.268971935,13636045.656463386,2420402.5618253434,21070856.653781228,1.1
98,5,G06,24691061.4835535,2681884.9312656224,7574972.513853825,21082944.743817203,1.2
98,6,G07,21517774.593416587,-8462568.120984985,-2534437.2306143027,21095027.666801773,1.3
98,7,G08,19448887.245363735,-7889235.399977439,16648407.106806064,21107062.822458353,1.4
98,8,G09,10944749.510893766,-16220481.7190472,16018564.421176393,21119153.36282954,1.5
98,9,G10,-107735.47345301788,-15483022.228717456,18376803.125337426,21131180.66220188,1.6
98,10,G11,12970435.608127272,-869257.7294950492,24046834.877560943,21143034.93343596,1.7
98,11,G12,-285548.37942463346,-1441253.208214551,25635109.197705623,21155077.57090985,1.8
99,0,G01,-8376520.570479282,-732850.5897086428,21992175.987571605,21023087.342597354,0.7
99,1,G02,5135546.519088706,6987010.2169092335,24899631.032974966,21034992.11983851,0.7999999999999999
99,2,G03,3429578.5817035493,16520664.265988369,18421082.856187493,21046905.462132018,0.8999999999999999
99,3,G04,16406920.098849319,8547916.24210515,19810544.008534085,21058939.94295293,1.0
99,4,G05,20033446.268971935,13636045.656463386,2420402.5618253434,21070856.577057734,1.1
99,5,G06,24691061.4835535,2681884.9312656224,7574972.513853825,21082944.781528253,1.2
99,6,G07,21517774.593416587,-8462568.120984985,-2534437.2306143027,21095027.77598521,1.3
99,7,G08,19448887.245363735,-7889235.399977439,16648407.106806064,21107063.04116696,1.4
99,8,G09,10944749.510893766,-16220481.7190472,16018564.421176393,21119153.703076523,1.5
99,9,G10,-107735.47345301788,-15483022.228717456,18376803.125337426,21131181.06261303,1.6
99,10,G11,12970435.608127272,-869257.7294950492,24046834.877560943,21143035.1547232,1.7
99,11,G12,-285548.37942463346,-1441253.208214551,25635109.197705623,21155077.8720613,1.8
100,0,G01,-8376520.570479282,-732850.5897086428,21992175.987571605,21023087.65133536,0.7
100,1,G02,5135546.519088706,6987010.2169092335,24899631.032974966,21034992.303628616,0.7999999999999999
100,2,G03,3429578.5817035493,16520664.265988369,18421082.856187493,21046905.524553586,0.8999999999999999
100,3,G04,16406920.098849319,8547916.24210515,19810544.008534085,21058940.031359103,1.0
100,4,G05,20033446.268971935,13636045.656463386,2420402.5618253434,21070856.50567744,1.1
100,5,G06,24691061.4835535,2681884.9312656224,7574972.513853825,21082944.82471038,1.2
100,6,G07,21517774.593416587,-8462568.120984985,-2534437.2306143027,21095027.89125737,1.3
100,7,G08,19448887.245363735,-7889235.399977439,16648407.106806064,21107063.261991914,1.4
100,8,G09,10944749.510893766,-16220481.7190472,16018564.421176393,21119154.04294555,1.5
100,9,G10,-107735.47345301788,-15483022.228717456,18376803.125337426,21131181.45913111,1.6
100,10,G11,12970435.608127272,-869257.7294950492,24046834.877560943,21143035.37516201,1.7
100,11,G12,-285548.37942463346,-1441253.208214551,25635109.197705623,21155078.168336775,1.8
101,0,G01,-8376520.570479282,-732850.5897086428,21992175.987571605,21023087.953290936,0.7
101,1,G02,5135546.519088706,6987010.2169092335,24899631.032974966,21034992.48425228,0.7999999999999999
101,2,G03,3429578.5817035493,16520664.265988369,18421082.856187493,21046905.584757045,0.8999999999999999
101,3,G04,16406920.098849319,8547916.24210515,19810544.008534085,21058940.12088023,1.0
101,4,G05,20033446.268971935,13636045.656463386,2420402.5618253434,21070856.439822502,1.1
101,5,G06,24691061.4835535,2681884.9312656224,7574972.513853825,21082944.873540398,1.2
101,6,G07,21517774.593416587,-8462568.120984985,-2534437.2306143027,21095028.012834366,1.3
101,7,G08,19448887.245363735,-7889235.399977439,16648407.106806064,21107063.484981813,1.4
101,8,G09,10944749.510893766,-16220481.7190472,16018564.421176393,21119154.382403612,1.5
101,9,G10,-107735.47345301788,-15483022.228717456,18376803.125337426,21131181.851602096,1.6
101,10,G11,12970435.608127272,-869257.7294950492,24046834.877560943,21143035.5946889,1.7
101,11,G12,-285548.37942463346,-1441253.208214551,25635109.197705623,21155078.459536184,1.8
102,0,G01,-8376520.570479282,-732850.5897086428,21992175.987571605,21023088.248226617,0.7
102,1,G02,5135546.519088706,6987010.2169092335,24899631.032974966,21034992.661577642,0.7999999999999999
102,2,G03,3429578.5817035493,16520664.265988369,18421082.856187493,21046905.64265095,0.8999999999999999
102,3,G04,16406920.098849319,8547916.24210515,19810544.008534085,21058940.211524487,1.0
102,4,G05,20033446.268971935,13636045.656463386,2420402.5618253434,21070856.379666593,1.1
102,5,G06,24691061.4835535,2681884.9312656224,7574972.513853825,21082944.92818669,1.2
102,6,G07,21517774.593416587,-8462568.120984985,-2534437.2306143027,21095028.1409224,1.3
102,7,G08,19448887.245363735,-7889235.399977439,16648407.106806064,21107063.710182562,1.4
102,8,G09,10944749.510893766,-16220481.7190472,16018564.421176393,21119154.721418876,1.5
102,9,G10,-107735.47345301788,-15483022.228717456,18376803.125337426,21131182.239878718,1.6
102,10,G11,12970435.608127272,-869257.7294950492,24046834.877560943,21143035.813242704,1.7
102,11,G12,-285548.37942463346,-1441253.208214551,25635109.197705623,21155078.745468117,1.8
103,0,G01,-8376520.570479282,-732850.5897086428,21992175.987571605,21023088.535916403,0.7
103,1,G02,5135546.519088706,6987010.2169092335,24899631.032974966,21034992.835478798,0.7999999999999999
103,2,G03,3429578.5817035493,16520664.265988369,18421082.856187493,21046905.698148005,0.8999999999999999
103,3,G04,16406920.098849319,8547916.24210515,19810544.008534085,21058940.30329904,1.0
103,4,G05,20033446.268971935,13636045.656463386,2420402.5618253434,21070856.325374607,1.1
103,5,G06,24691061.4835535,2681884.9312656224,7574972.513853825,21082944.988808937,1.2
103,6,G07,21517774.593416587,-8462568.120984985,-2534437.2306143027,21095028.275717422,1.3
103,7,G08,19448887.245363735,-7889235.399977439,16648407.106806064,21107063.937637262,1.4
103,8,G09,10944749.510893766,-16220481.7190472,16018564.421176393,21119155.059960697,1.5
103,9,G10,-107735.47345301788,-15483022.228717456,18376803.125337426,21131182.623820715,1.6
103,10,G11,12970435.608127272,-869257.7294950492,24046834.877560943,21143036.03076462,1.7
103,11,G12,-285548.37942463346,-1441253.208214551,25635109.197705623,21155079.025950152,1.8
104,0,G01,-8376520.570479282,-732850.5897086428,21992175.987571605,21023088.81614612,0.7
104,1,G02,5135546.519088706,6987010.2169092335,24899631.032974966,21034993.005836014,0.7999999999999999
104,2,G03,3429578.5817035493,16520664.265988369,18421082.856187493,21046905.75116521,0.8999999999999999
104,3,G04,16406920.098849319,8547916.24210515,19810544.008534085,21058940.396210074,1.0
104,4,G05,20033446.268971935,13636045.656463386,2420402.5618253434,21070856.277102422,1.1
104,5,G06,24691061.4835535,2681884.9312656224,7574972.513853825,21082945.055557895,1.2
104,6,G07,21517774.593416587,-8462568.120984985,-2534437.2306143027,21095028.417404845,1.3
104,7,G08,19448887.245363735,-7889235.399977439,16648407.106806064,21107064.167386163,1.4
104,8,G09,10944749.510893766,-16220481.7190472,16018564.421176393,21119155.397999685,1.5
104,9,G10,-107735.47345301788,-15483022.228717456,18376803.125337426,21131183.003295068,1.6
104,10,G11,12970435.608127272,-869257.7294950492,24046834.877560943,21143036.24719836,1.7
104,11,G12,-285548.37942463346,-1441253.208214551,25635109.197705623,21155079.300809138,1.8
105,0,G01,-8376520.570479282,-732850.5897086428,21992175.987571605,21023089.08871376,0.7
105,1,G02,5135546.519088706,6987010.2169092335,24899631.032974966,21034993.1725359,0.7999999999999999
105,2,G03,3429578.5817035493,16520664.265988369,18421082.856187493,21046905.80162397,0.8999999999999999
105,3,G04,16406920.098849319,8547916.24210515,19810544.008534085,21058940.490262736,1.0
105,4,G05,20033446.268971935,13636045.656463386,2420402.5618253434,21070856.234996617,1.1
105,5,G06,24691061.4835535,2681884.9312656224,7574972.513853825,21082945.128575083,1.2
105,6,G07,21517774.593416587,-8462568.120984985,-2534437.2306143027,21095028.566159233,1.3
105,7,G08,19448887.245363735,-7889235.399977439,16648407.106806064,21107064.399466567,1.4
105,8,G09,10944749.510893766,-16220481.7190472,16018564.421176393,21119155.735507738,1.5
105,9,G10,-107735.47345301788,-15483022.228717456,18376803.125337426,21131183.37817617,1.6
105,10,G11,12970435.608127272,-869257.7294950492,24046834.877560943,21143036.462490167,1.7
105,11,G12,-285548.37942463346,-1441253.208214551,25635109.197705623,21155079.56988145,1.8
106,0,G01,-8376520.570479282,-732850.5897086428,21992175.987571605,21023089.35342981,0.7
106,1,G02,5135546.519088706,6987010.2169092335,24899631.032974966,21034993.33547159,0.7999999999999999
106,2,G03,3429578.5817035493,16520664.265988369,18421082.856187493,21046905.849450234,0.8999999999999999
106,3,G04,16406920.098849319,8547916.24210515,19810544.008534085,21058940.585461132,1.0
106,4,G05,20033446.268971935,13636045.656463386,2420402.5618253434,21070856.19919425,1.1
106,5,G06,24691061.4835535,2681884.9312656224,7574972.513853825,21082945.207992617,1.2
106,6,G07,21517774.593416587,-8462568.120984985,-2534437.2306143027,21095028.72214401,1.3
106,7,G08,19448887.245363735,-7889235.399977439,16648407.106806064,21107064.633912776,1.4
106,8,G09,10944749.510893766,-16220481.7190472,16018564.421176393,21119156.072458077,1.5
106,9,G10,-107735.47345301788,-15483022.228717456,18376803.125337426,21131183.748346068,1.6
106,10,G11,12970435.608127272,-869257.7294950492,24046834.877560943,21143036.676588953,1.7
106,11,G12,-285548.37942463346,-1441253.208214551,25635109.197705623,21155079.83301327,1.8
107,0,G01,-8376520.570479282,-732850.5897086428,21992175.987571605,21023089.610117543,0.7
107,1,G02,5135546.519088706,6987010.2169092335,24899631.032974966,21034993.494542886,0.7999999999999999
107,2,G03,3429578.5817035493,16520664.265988369,18421082.856187493,21046905.894574605,0.8999999999999999
107,3,G04,16406920.098849319,8547916.24210515,19810544.008534085,21058940.681808338,1.0
107,4,G05,20033446.268971935,13636045.656463386,2420402.5618253434,21070856.16982264,1.1
107,5,G06,24691061.4835535,2681884.9312656224,7574972.513853825,21082945.29393294,1.2
107,6,G07,21517774.593416587,-8462568.120984985,-2534437.2306143027,21095028.885511223,1.3
107,7,G08,19448887.245363735,-7889235.399977439,16648407.106806064,21107064.870756034,1.4
107,8,G09,10944749.510893766,-16220481.7190472,16018564.421176393,21119156.408825316,1.5
107,9,G10,-107735.47345301788,-15483022.228717456,18376803.125337426,21131184.11369463,1.6
107,10,G11,12970435.608127272,-869257.7294950492,24046834.877560943,21143036.889446322,1.7
107,11,G12,-285548.37942463346,-1441253.208214551,25635109.197705623,21155080.09006083,1.8
108,0,G01,-8376520.570479282,-732850.5897086428,21992175.987571605,21023089.858613305,0.7
108,1,G02,5135546.519088706,6987010.2169092335,24899631.032974966,21034993.649656452,0.7999999999999999
108,2,G03,3429578.5817035493,16520664.265988369,18421082.856187493,21046905.93693243,0.8999999999999999
108,3,G04,16406920.098849319,8547916.24210515,19810544.008534085,21058940.779306326,1.0
108,4,G05,20033446.268971935,13636045.656463386,2420402.5618253434,21070856.14699914,1.1
108,5,G06,24691061.4835535,2681884.9312656224,7574972.513853825,21082945.38650864,1.2
108,6,G07,21517774.593416587,-8462568.120984985,-2534437.2306143027,21095029.05640125,1.3
108,7,G08,19448887.245363735,-7889235.399977439,16648407.106806064,21107065.110024445,1.4
108,8,G09,10944749.510893766,-16220481.7190472,16018564.421176393,21119156.744585443,1.5
108,9,G10,-107735.47345301788,-15483022.228717456,18376803.125337426,21131184.4741197,1.6
108,10,G11,12970435.608127272,-869257.7294950492,24046834.877560943,21143037.101016667,1.7
108,11,G12,-285548.37942463346,-1441253.208214551,25635109.197705623,21155080.340890586,1.8
109,0,G01,-8376520.570479282,-732850.5897086428,21992175.987571605,21023090.098766766,0.7
109,1,G02,5135546.519088706,6987010.2169092335,24899631.032974966,21034993.800725915,0.7999999999999999
109,2,G03,3429578.5817035493,16520664.265988369,18421082.856187493,21046905.976463925,0.8999999999999999
109,3,G04,16406920.098849319,8547916.24210515,19810544.008534085,21058940.877956018,1.0
109,4,G05,20033446.268971935,13636045.656463386,2420402.5618253434,21070856.130830966,1.1
109,5,G06,24691061.4835535,2681884.9312656224,7574972.513853825,21082945.485822275,1.2
109,6,G07,21517774.593416587,-8462568.120984985,-2534437.2306143027,21095029.234942626,1.3
109,7,G08,19448887.245363735,-7889235.399977439,16648407.106806064,21107065.351742942,1.4
109,8,G09,10944749.510893766,-16220481.7190472,16018564.421176393,21119157.079715893,1.5
109,9,G10,-107735.47345301788,-15483022.228717456,18376803.125337426,21131184.82952729,1.6
109,10,G11,12970435.608127272,-869257.7294950492,24046834.877560943,21143037.311257232,1.7
109,11,G12,-285548.37942463346,-1441253.208214551,25635109.197705623,21155080.585379492,1.8
110,0,G01,-8376520.570479282,-732850.5897086428,21992175.987571605,21023090.330441155,0.7
110,1,G02,5135546.519088706,6987010.2169092335,24899631.032974966,21034993.947672,0.7999999999999999
110,2,G03,3429578.5817035493,16520664.265988369,18421082.856187493,21046906.013114236,0.8999999999999999
110,3,G04,16406920.098849319,8547916.24210515,19810544.008534085,21058940.97775722,1.0
110,4,G05,20033446.268971935,13636045.656463386,2420402.5618253434,21070856.121415,1.1
110,5,G06,24691061.4835535,2681884.9312656224,7574972.513853825,21082945.59196616,1.2
110,6,G07,21517774.593416587,-8462568.120984985,-2534437.2306143027,21095029.4212518,1.3
110,7,G08,19448887.245363735,-7889235.399977439,16648407.106806064,21107065.59593322,1.4
110,8,G09,10944749.510893766,-16220481.7190472,16018564.421176393,21119157.414195564,1.5
110,9,G10,-107735.47345301788,-15483022.228717456,18376803.125337426,21131185.179831706,1.6
110,10,G11,12970435.608127272,-869257.7294950492,24046834.877560943,21143037.520128142,1.7
110,11,G12,-285548.37942463346,-1441253.208214551,25635109.197705623,21155080.823415145,1.8
111,0,G01,-8376520.570479282,-732850.5897086428,21992175.987571605,21023090.553513497,0.7
111,1,G02,5135546.519088706,6987010.2169092335,24899631.032974966,21034994.090422668,0.7999999999999999
111,2,G03,3429578.5817035493,16520664.265988369,18421082.856187493,21046906.04683355,0.8999999999999999
111,3,G04,16406920.098849319,8547916.24210515,19810544.008534085,21058941.078708652,1.0
111,4,G05,20033446.268971935,13636045.656463386,2420402.5618253434,21070856.118837655,1.1
111,5,G06,24691061.4835535,2681884.9312656224,7574972.513853825,21082945.705022268,1.2
111,6,G07,21517774.593416587,-8462568.120984985,-2534437.2306143027,21095029.61543296,1.3
111,7,G08,19448887.245363735,-7889235.399977439,16648407.106806064,21107065.84261372,1.4
111,8,G09,10944749.510893766,-16220481.7190472,16018564.421176393,21119157.74800485,1.5
111,9,G10,-107735.47345301788,-15483022.228717456,18376803.125337426,21131185.52495569,1.6
111,10,G11,12970435.608127272,-869257.7294950492,24046834.877560943,21143037.727592494,1.7
111,11,G12,-285548.37942463346,-1441253.208214551,25635109.197705623,21155081.054895975,1.8
112,0,G01,-8376520.570479282,-732850.5897086428,21992175.987571605,21023090.76787479,0.7
112,1,G02,5135546.519088706,6987010.2169092335,24899631.032974966,21034994.22891322,0.7999999999999999
112,2,G03,3429578.5817035493,16520664.265988369,18421082.856187493,21046906.077577144,0.8999999999999999
112,3,G04,16406920.098849319,8547916.24210515,19810544.008534085,21058941.180807926,1.0
112,4,G05,20033446.268971935,13636045.656463386,2420402.5618253434,21070856.123174712,1.1
112,5,G06,24691061.4835535,2681884.9312656224,7574972.513853825,21082945.82506206,1.2
112,6,G07,21517774.593416587,-8462568.120984985,-2534437.2306143027,21095029.817577872,1.3
112,7,G08,19448887.245363735,-7889235.399977439,16648407.106806064,21107066.091799553,1.4
112,8,G09,10944749.510893766,-16220481.7190472,16018564.421176393,21119158.081125665,1.5
112,9,G10,-107735.47345301788,-15483022.228717456,18376803.125337426,21131185.86483054,1.6
112,10,G11,12970435.608127272,-869257.7294950492,24046834.877560943,21143037.933616392,1.7
112,11,G12,-285548.37942463346,-1441253.208214551,25635109.197705623,21155081.2797314,1.8
113,0,G01,-8376520.570479282,-732850.5897086428,21992175.987571605,21023090.973430164,0.7
113,1,G02,5135546.519088706,6987010.2169092335,24899631.032974966,21034994.363086365,0.7999999999999999
113,2,G03,3429578.5817035493,16520664.265988369,18421082.856187493,21046906.105305463,0.8999999999999999
113,3,G04,16406920.098849319,8547916.24210515,19810544.008534085,21058941.284051508,1.0
113,4,G05,20033446.268971935,13636045.656463386,2420402.5618253434,21070856.134491198,1.1
113,5,G06,24691061.4835535,2681884.9312656224,7574972.513853825,21082945.95214634,1.2
113,6,G07,21517774.593416587,-8462568.120984985,-2534437.2306143027,21095030.0277657,1.3
113,7,G08,19448887.245363735,-7889235.399977439,16648407.106806064,21107066.34350249,1.4
113,8,G09,10944749.510893766,-16220481.7190472,16018564.421176393,21119158.413541447,1.5
113,9,G10,-107735.47345301788,-15483022.228717456,18376803.125337426,21131186.1993962,1.6
113,10,G11,12970435.608127272,-869257.7294950492,24046834.877560943,21143038.13816896,1.7
113,11,G12,-285548.37942463346,-1441253.208214551,25635109.197705623,21155081.497841958,1.8
114,0,G01,-8376520.570479282,-732850.5897086428,21992175.987571605,21023091.17009906,0.7
114,1,G02,5135546.519088706,6987010.2169092335,24899631.032974966,21034994.49289233,0.7999999999999999
114,2,G03,3429578.5817035493,16520664.265988369,18421082.856187493,21046906.12998418,0.8999999999999999
114,3,G04,16406920.098849319,8547916.24210515,19810544.008534085,21058941.388434775,1.0
114,4,G05,20033446.268971935,13636045.656463386,2420402.5618253434,21070856.152841296,1.1
114,5,G06,24691061.4835535,2681884.9312656224,7574972.513853825,21082946.086325206,1.2
114,6,G07,21517774.593416587,-8462568.120984985,-2534437.2306143027,21095030.24606292,1.3
114,7,G08,19448887.245363735,-7889235.399977439,16648407.106806064,21107066.597730935,1.4
114,8,G09,10944749.510893766,-16220481.7190472,16018564.421176393,21119158.745237216,1.5
114,9,G10,-107735.47345301788,-15483022.228717456,18376803.125337426,21131186.528601382,1.6
114,10,G11,12970435.608127272,-869257.7294950492,24046834.877560943,21143038.34122244,1.7
114,11,G12,-285548.37942463346,-1441253.208214551,25635109.197705623,21155081.70915943,1.8
115,0,G01,-8376520.570479282,-732850.5897086428,21992175.987571605,21023091.357815336,0.7
115,1,G02,5135546.519088706,6987010.2169092335,24899631.032974966,21034994.618288916,0.7999999999999999
115,2,G03,3429578.5817035493,16520664.265988369,18421082.856187493,21046906.151584227,0.8999999999999999
115,3,G04,16406920.098849319,8547916.24210515,19810544.008534085,21058941.493951954,1.0
115,4,G05,20033446.268971935,13636045.656463386,2420402.5618253434,21070856.178268213,1.1
115,5,G06,24691061.4835535,2681884.9312656224,7574972.513853825,21082946.227637913,1.2
115,6,G07,21517774.593416587,-8462568.120984985,-2534437.2306143027,21095030.47252317,1.3
115,7,G08,19448887.245363735,-7889235.399977439,16648407.106806064,21107066.854489878,1.4
115,8,G09,10944749.510893766,-16220481.7190472,16018564.421176393,21119159.076199546,1.5
115,9,G10,-107735.47345301788,-15483022.228717456,18376803.125337426,21131186.85240361,1.6
115,10,G11,12970435.608127272,-869257.7294950492,24046834.877560943,21143038.54275216,1.7
115,11,G12,-285548.37942463346,-1441253.208214551,25635109.197705623,21155081.913626928,1.8
116,0,G01,-8376520.570479282,-732850.5897086428,21992175.987571605,21023091.536527365,0.7
116,1,G02,5135546.519088706,6987010.2169092335,24899631.032974966,21034994.739241563,0.7999999999999999
116,2,G03,3429578.5817035493,16520664.265988369,18421082.856187493,21046906.17008186,0.8999999999999999
116,3,G04,16406920.098849319,8547916.24210515,19810544.008534085,21058941.600596152,1.0
116,4,G05,20033446.268971935,13636045.656463386,2420402.5618253434,21070856.210804153,1.1
116,5,G06,24691061.4835535,2681884.9312656224,7574972.513853825,21082946.37611281,1.2
116,6,G07,21517774.593416587,-8462568.120984985,-2534437.2306143027,21095030.707187187,1.3
116,7,G08,19448887.245363735,-7889235.399977439,16648407.106806064,21107067.1137809,1.4
116,8,G09,10944749.510893766,-16220481.7190472,16018564.421176393,21119159.40641662,1.5
116,9,G10,-107735.47345301788,-15483022.228717456,18376803.125337426,21131187.170769315,1.6
116,10,G11,12970435.608127272,-869257.7294950492,24046834.877560943,21143038.74273662,1.7
116,11,G12,-285548.37942463346,-1441253.208214551,25635109.197705623,21155082.111199014,1.8
117,0,G01,-8376520.570479282,-732850.5897086428,21992175.987571605,21023091.706198137,0.7
117,1,G02,5135546.519088706,6987010.2169092335,24899631.032974966,21034994.855723392,0.7999999999999999
117,2,G03,3429578.5817035493,16520664.265988369,18421082.856187493,21046906.185458675,0.8999999999999999
117,3,G04,16406920.098849319,8547916.24210515,19810544.008534085,21058941.70835935,1.0
117,4,G05,20033446.268971935,13636045.656463386,2420402.5618253434,21070856.250470232,1.1
117,5,G06,24691061.4835535,2681884.9312656224,7574972.513853825,21082946.53176733,1.2
117,6,G07,21517774.593416587,-8462568.120984985,-2534437.2306143027,21095030.950082745,1.3
117,7,G08,19448887.245363735,-7889235.399977439,16648407.106806064,21107067.37560216,1.4
117,8,G09,10944749.510893766,-16220481.7190472,16018564.421176393,21119159.735878225,1.5
117,9,G10,-107735.47345301788,-15483022.228717456,18376803.125337426,21131187.48367387,1.6
117,10,G11,12970435.608127272,-869257.7294950492,24046834.877560943,21143038.941157468,1.7
117,11,G12,-285548.37942463346,-1441253.208214551,25635109.197705623,21155082.301841732,1.8
118,0,G01,-8376520.570479282,-732850.5897086428,21992175.987571605,21023091.86680528,0.7
118,1,G02,5135546.519088706,6987010.2169092335,24899631.032974966,21034994.96771524,0.7999999999999999
118,2,G03,3429578.5817035493,16520664.265988369,18421082.856187493,21046906.19770162,0.8999999999999999
118,3,G04,16406920.098849319,8547916.24210515,19810544.008534085,21058941.81723238,1.0
118,4,G05,20033446.268971935,13636045.656463386,2420402.5618253434,21070856.297276434,1.1
118,5,G06,24691061.4835535,2681884.9312656224,7574972.513853825,21082946.694607865,1.2
118,6,G07,21517774.593416587,-8462568.120984985,-2534437.2306143027,21095031.201224573,1.3
118,7,G08,19448887.245363735,-7889235.399977439,16648407.106806064,21107067.639948357,1.4
118,8,G09,10944749.510893766,-16220481.7190472,16018564.421176393,21119160.064575743,1.5
118,9,G10,-107735.47345301788,-15483022.228717456,18376803.125337426,21131187.79110161,1.6
118,10,G11,12970435.608127272,-869257.7294950492,24046834.877560943,21143039.137999542,1.7
118,11,G12,-285548.37942463346,-1441253.208214551,25635109.197705623,21155082.485532653,1.8
119,0,G01,-8376520.570479282,-732850.5897086428,21992175.987571605,21023092.018341143,0.7
119,1,G02,5135546.519088706,6987010.2169092335,24899631.032974966,21034995.075205676,0.7999999999999999
119,2,G03,3429578.5817035493,16520664.265988369,18421082.856187493,21046906.206803046,0.8999999999999999
119,3,G04,16406920.098849319,8547916.24210515,19810544.008534085,21058941.927204974,1.0
119,4,G05,20033446.268971935,13636045.656463386,2420402.5618253434,21070856.35122162,1.1
119,5,G06,24691061.4835535,2681884.9312656224,7574972.513853825,21082946.86462985,1.2
119,6,G07,21517774.593416587,-8462568.120984985,-2534437.2306143027,21095031.460614372,1.3
119,7,G08,19448887.245363735,-7889235.399977439,16648407.106806064,21107067.906810764,1.4
119,8,G09,10944749.510893766,-16220481.7190472,16018564.421176393,21119160.392502185,1.5
119,9,G10,-107735.47345301788,-15483022.228717456,18376803.125337426,21131188.093045883,1.6
119,10,G11,12970435.608127272,-869257.7294950492,24046834.877560943,21143039.333250877,1.7
119,11,G12,-285548.37942463346,-1441253.208214551,25635109.197705623,21155082.662260927,1.8
120,0,G01,-8376520.570479282,-732850.5897086428,21992175.987571605,21023092.160812724,0.7
120,1,G02,5135546.519088706,6987010.2169092335,24899631.032974966,21034995.17819099,0.7999999999999999
120,2,G03,3429578.5817035493,16520664.265988369,18421082.856187493,21046906.212760665,0.8999999999999999
120,3,G04,16406920.098849319,8547916.24210515,19810544.008534085,21058942.038265713,1.0
120,4,G05,20033446.268971935,13636045.656463386,2420402.5618253434,21070856.412293494,1.1
120,5,G06,24691061.4835535,2681884.9312656224,7574972.513853825,21082947.04181767,1.2
120,6,G07,21517774.593416587,-8462568.120984985,-2534437.2306143027,21095031.72824077,1.3
120,7,G08,19448887.245363735,-7889235.399977439,16648407.106806064,21107068.17617721,1.4
120,8,G09,10944749.510893766,-16220481.7190472,16018564.421176393,21119160.71965218,1.5
120,9,G10,-107735.47345301788,-15483022.228717456,18376803.125337426,21131188.389509026,1.6
120,10,G11,12970435.608127272,-869257.7294950492,24046834.877560943,21143039.526902694,1.7
120,11,G12,-285548.37942463346,-1441253.208214551,25635109.197705623,21155082.832027264,1.8
121,0,G01,-8376520.570479282,-732850.5897086428,21992175.987571605,21023092.294241752,0.7
121,1,G02,5135546.519088706,6987010.2169092335,24899631.032974966,21034995.276675247,0.7999999999999999
121,2,G03,3429578.5817035493,16520664.265988369,18421082.856187493,21046906.21557758,0.8999999999999999
121,3,G04,16406920.098849319,8547916.24210515,19810544.008534085,21058942.15040208,1.0
121,4,G05,20033446.268971935,13636045.656463386,2420402.5618253434,21070856.480468623,1.1
121,5,G06,24691061.4835535,2681884.9312656224,7574972.513853825,21082947.226144735,1.2
121,6,G07,21517774.593416587,-8462568.120984985,-2534437.2306143027,21095032.004079368,1.3
121,7,G08,19448887.245363735,-7889235.399977439,16648407.106806064,21107068.448032092,1.4
121,8,G09,10944749.510893766,-16220481.7190472,16018564.421176393,21119161.04602198,1.5
121,9,G10,-107735.47345301788,-15483022.228717456,18376803.125337426,21131188.68050239,1.6
121,10,G11,12970435.608127272,-869257.7294950492,24046834.877560943,21143039.71894944,1.7
121,11,G12,-285548.37942463346,-1441253.208214551,25635109.197705623,21155082.994843945,1.8
122,0,G01,-8376520.570479282,-732850.5897086428,21992175.987571605,21023092.41866459,0.7
122,1,G02,5135546.519088706,6987010.2169092335,24899631.032974966,21034995.37067021,0.7999999999999999
122,2,G03,3429578.5817035493,16520664.265988369,18421082.856187493,21046906.215262264,0.8999999999999999
122,3,G04,16406920.098849319,8547916.24210515,19810544.008534085,21058942.263600443,1.0
122,4,G05,20033446.268971935,13636045.656463386,2420402.5618253434,21070856.555712488,1.1
122,5,G06,24691061.4835535,2681884.9312656224,7574972.513853825,21082947.41757349,1.2
122,6,G07,21517774.593416587,-8462568.120984985,-2534437.2306143027,21095032.288092766,1.3
122,7,G08,19448887.245363735,-7889235.399977439,16648407.106806064,21107068.722356386,1.4
122,8,G09,10944749.510893766,-16220481.7190472,16018564.421176393,21119161.371609464,1.5
122,9,G10,-107735.47345301788,-15483022.228717456,18376803.125337426,21131188.966046285,1.6
122,10,G11,12970435.608127272,-869257.7294950492,24046834.877560943,21143039.909388747,1.7
122,11,G12,-285548.37942463346,-1441253.208214551,25635109.197705623,21155083.150734793,1.8
123,0,G01,-8376520.570479282,-732850.5897086428,21992175.987571605,21023092.53413216,0.7
123,1,G02,5135546.519088706,6987010.2169092335,24899631.032974966,21034995.460195318,0.7999999999999999
123,2,G03,3429578.5817035493,16520664.265988369,18421082.856187493,21046906.211828534,0.8999999999999999
123,3,G04,16406920.098849319,8547916.24210515,19810544.008534085,21058942.377846055,1.0
123,4,G05,20033446.268971935,13636045.656463386,2420402.5618253434,21070856.637979507,1.1
123,5,G06,24691061.4835535,2681884.9312656224,7574972.513853825,21082947.616055455,1.2
123,6,G07,21517774.593416587,-8462568.120984985,-2534437.2306143027,21095032.5802306,1.3
123,7,G08,19448887.245363735,-7889235.399977439,16648407.106806064,21107068.999127667,1.4
123,8,G09,10944749.510893766,-16220481.7190472,16018564.421176393,21119161.696414117,1.5
123,9,G10,-107735.47345301788,-15483022.228717456,18376803.125337426,21131189.246169955,1.6
123,10,G11,12970435.608127272,-869257.7294950492,24046834.877560943,21143040.09822142,1.7
123,11,G12,-285548.37942463346,-1441253.208214551,25635109.197705623,21155083.299735107,1.8
124,0,G01,-8376520.570479282,-732850.5897086428,21992175.987571605,21023092.64070991,0.7
124,1,G02,5135546.519088706,6987010.2169092335,24899631.032974966,21034995.545277677,0.7999999999999999
124,2,G03,3429578.5817035493,16520664.265988369,18421082.856187493,21046906.20529552,0.8999999999999999
124,3,G04,16406920.098849319,8547916.24210515,19810544.008534085,21058942.493123084,1.0
124,4,G05,20033446.268971935,13636045.656463386,2420402.5618253434,21070856.727213126,1.1
124,5,G06,24691061.4835535,2681884.9312656224,7574972.513853825,21082947.821531333,1.2
124,6,G07,21517774.593416587,-8462568.120984985,-2534437.2306143027,21095032.88042967,1.3
124,7,G08,19448887.245363735,-7889235.399977439,16648407.106806064,21107069.278320134,1.4
124,8,G09,10944749.510893766,-16220481.7190472,16018564.421176393,21119162.020437032,1.5
124,9,G10,-107735.47345301788,-15483022.228717456,18376803.125337426,21131189.52091154,1.6
124,10,G11,12970435.608127272,-869257.7294950492,24046834.877560943,21143040.285451464,1.7
124,11,G12,-285548.37942463346,-1441253.208214551,25635109.197705623,21155083.44189161,1.8
125,0,G01,-8376520.570479282,-732850.5897086428,21992175.987571605,21023092.738477655,0.7
125,1,G02,5135546.519088706,6987010.2169092335,24899631.032974966,21034995.625951976,0.7999999999999999
125,2,G03,3429578.5817035493,16520664.265988369,18421082.856187493,21046906.19568764,0.8999999999999999
125,3,G04,16406920.098849319,8547916.24210515,19810544.008534085,21058942.60941462,1.0
125,4,G05,20033446.268971935,13636045.656463386,2420402.5618253434,21070856.823345874,1.1
125,5,G06,24691061.4835535,2681884.9312656224,7574972.513853825,21082948.03393102,1.2
125,6,G07,21517774.593416587,-8462568.120984985,-2534437.2306143027,21095033.188613966,1.3
125,7,G08,19448887.245363735,-7889235.399977439,16648407.106806064,21107069.55990463,1.4
125,8,G09,10944749.510893766,-16220481.7190472,16018564.421176393,21119162.3436809,1.5
125,9,G10,-107735.47345301788,-15483022.228717456,18376803.125337426,21131189.790317982,1.6
125,10,G11,12970435.608127272,-869257.7294950492,24046834.877560943,21143040.471086007,1.7
125,11,G12,-285548.37942463346,-1441253.208214551,25635109.197705623,21155083.57726236,1.8
126,0,G01,-8376520.570479282,-732850.5897086428,21992175.987571605,21023092.827529483,0.7
126,1,G02,5135546.519088706,6987010.2169092335,24899631.032974966,21034995.70226042,0.7999999999999999
126,2,G03,3429578.5817035493,16520664.265988369,18421082.856187493,21046906.183034528,0.8999999999999999
126,3,G04,16406920.098849319,8547916.24210515,19810544.008534085,21058942.726702675,1.0
126,4,G05,20033446.268971935,13636045.656463386,2420402.5618253434,21070856.926299505,1.1
126,5,G06,24691061.4835535,2681884.9312656224,7574972.513853825,21082948.253173802,1.2
126,6,G07,21517774.593416587,-8462568.120984985,-2534437.2306143027,21095033.504694857,1.3
126,7,G08,19448887.245363735,-7889235.399977439,16648407.106806064,21107069.84384869,1.4
126,8,G09,10944749.510893766,-16220481.7190472,16018564.421176393,21119162.666150004,1.5
126,9,G10,-107735.47345301788,-15483022.228717456,18376803.125337426,21131190.054444965,1.6
126,10,G11,12970435.608127272,-869257.7294950492,24046834.877560943,21143040.65513532,1.7
126,11,G12,-285548.37942463346,-1441253.208214551,25635109.197705623,21155083.705916654,1.8
127,0,G01,-8376520.570479282,-732850.5897086428,21992175.987571605,21023092.907973576,0.7
127,1,G02,5135546.519088706,6987010.2169092335,24899631.032974966,21034995.774252664,0.7999999999999999
127,2,G03,3429578.5817035493,16520664.265988369,18421082.856187493,21046906.16737102,0.8999999999999999
127,3,G04,16406920.098849319,8547916.24210515,19810544.008534085,21058942.84496822,1.0
127,4,G05,20033446.268971935,13636045.656463386,2420402.5618253434,21070857.03598508,1.1
127,5,G06,24691061.4835535,2681884.9312656224,7574972.513853825,21082948.47916839,1.2
127,6,G07,21517774.593416587,-8462568.120984985,-2534437.2306143027,21095033.828571185,1.3
127,7,G08,19448887.245363735,-7889235.399977439,16648407.106806064,21107070.13011657,1.4
127,8,G09,10944749.510893766,-16220481.7190472,16018564.421176393,21119162.987850193,1.5
127,9,G10,-107735.47345301788,-15483022.228717456,18376803.125337426,21131190.31335682,1.6
127,10,G11,12970435.608127272,-869257.7294950492,24046834.877560943,21143040.83761276,1.7
127,11,G12,-285548.37942463346,-1441253.208214551,25635109.197705623,21155083.82793491,1.8
