trajectory_id,step,before,drive,x,asa,na,hits,output,j,k,after
0,0,2232288289,3035744711,2080374782,553918752,536871168,0,536871168,3035744711,3456119321,558777634
1,0,2500362258,1407823057,4009197551,75501826,67108866,1,0,3336645827,3622415571,8390656
1,1,8390656,1407823057,4286576639,83890450,83886098,2,0,1399432401,1407823057,285769744
1,2,285769744,1407823057,4009197551,75501826,67108866,1,0,1122053313,1407823057,8390656
1,3,8390656,1407823057,4286576639,83890450,83886098,2,0,1399432401,1407823057,285769744
1,4,285769744,1407823057,4009197551,75501826,67108866,1,0,1122053313,1407823057,8390656
1,5,8390656,1407823057,4286576639,83890450,83886098,2,0,1399432401,1407823057,285769744
1,6,285769744,1407823057,4009197551,75501826,67108866,1,0,1122053313,1407823057,8390656
1,7,8390656,1407823057,4286576639,83890450,83886098,2,0,1399432401,1407823057,285769744
1,8,285769744,1407823057,4009197551,75501826,67108866,1,0,1122053313,1407823057,8390656
1,9,8390656,1407823057,4286576639,83890450,83886098,2,0,1399432401,1407823057,285769744
1,10,285769744,1407823057,4009197551,75501826,67108866,1,0,1122053313,1407823057,8390656
1,11,8390656,1407823057,4286576639,83890450,83886098,2,0,1399432401,1407823057,285769744
1,12,285769744,1407823057,4009197551,75501826,67108866,1,0,1122053313,1407823057,8390656
1,13,8390656,1407823057,4286576639,83890450,83886098,2,0,1399432401,1407823057,285769744
2,0,1140985926,414762377,3880204918,2147627584,8768,0,8768,8704,3153981369,1140994630
2,1,1140994630,414762377,3880204918,2147627584,8768,0,8768,0,3153972665,1140994630
2,2,1140994630,414762377,3880204918,2147627584,8768,0,8768,0,3153972665,1140994630
2,3,1140994630,414762377,3880204918,2147627584,8768,0,8768,0,3153972665,1140994630
2,4,1140994630,414762377,3880204918,2147627584,8768,0,8768,0,3153972665,1140994630
2,5,1140994630,414762377,3880204918,2147627584,8768,0,8768,0,3153972665,1140994630
2,6,1140994630,414762377,3880204918,2147627584,8768,0,8768,0,3153972665,1140994630
2,7,1140994630,414762377,3880204918,2147627584,8768,0,8768,0,3153972665,1140994630
2,8,1140994630,414762377,3880204918,2147627584,8768,0,8768,0,3153972665,1140994630
2,9,1140994630,414762377,3880204918,2147627584,8768,0,8768,0,3153972665,1140994630
2,10,1140994630,414762377,3880204918,2147627584,8768,0,8768,0,3153972665,1140994630
2,11,1140994630,414762377,3880204918,2147627584,8768,0,8768,0,3153972665,1140994630
2,12,1140994630,414762377,3880204918,2147627584,8768,0,8768,0,3153972665,1140994630
2,13,1140994630,414762377,3880204918,2147627584,8768,0,8768,0,3153972665,1140994630
2,14,1140994630,414762377,3880204918,2147627584,8768,0,8768,0,3153972665,1140994630
2,15,1140994630,414762377,3880204918,2147627584,8768,0,8768,0,3153972665,1140994630
2,16,1140994630,414762377,3880204918,2147627584,8768,0,8768,0,3153972665,1140994630
2,17,1140994630,414762377,3880204918,2147627584,8768,0,8768,0,3153972665,1140994630
2,18,1140994630,414762377,3880204918,2147627584,8768,0,8768,0,3153972665,1140994630
2,19,1140994630,414762377,3880204918,2147627584,8768,0,8768,0,3153972665,1140994630
2,20,1140994630,414762377,3880204918,2147627584,8768,0,8768,0,3153972665,1140994630
2,21,1140994630,414762377,3880204918,2147627584,8768,0,8768,0,3153972665,1140994630
2,22,1140994630,414762377,3880204918,2147627584,8768,0,8768,0,3153972665,1140994630
2,23,1140994630,414762377,3880204918,2147627584,8768,0,8768,0,3153972665,1140994630
2,24,1140994630,414762377,3880204918,2147627584,8768,0,8768,0,3153972665,1140994630
2,25,1140994630,414762377,3880204918,2147627584,8768,0,8768,0,3153972665,1140994630
2,26,1140994630,414762377,3880204918,2147627584,8768,0,8768,0,3153972665,1140994630
3,0,33558049,1889483295,2561,0,0,0,0,33558049,4294967295,0
3,1,0,1889483295,0,0,0,0,0,0,4294967295,0
3,2,0,1889483295,0,0,0,0,0,0,4294967295,0
3,3,0,1889483295,0,0,0,0,0,0,4294967295,0
3,4,0,1889483295,0,0,0,0,0,0,4294967295,0
3,5,0,1889483295,0,0,0,0,0,0,4294967295,0
3,6,0,1889483295,0,0,0,0,0,0,4294967295,0
3,7,0,1889483295,0,0,0,0,0,0,4294967295,0
4,0,2684420492,4113928073,2684420488,536936712,0,0,0,181039222,0,2718499228
4,1,2718499228,4113928073,2684420488,536936712,0,0,0,181039222,0,2718499228
4,2,2718499228,4113928073,2684420488,536936712,0,0,0,181039222,0,2718499228
4,3,2718499228,4113928073,2684420488,536936712,0,0,0,181039222,0,2718499228
4,4,2718499228,4113928073,2684420488,536936712,0,0,0,181039222,0,2718499228
4,5,2718499228,4113928073,2684420488,536936712,0,0,0,181039222,0,2718499228
4,6,2718499228,4113928073,2684420488,536936712,0,0,0,181039222,0,2718499228
4,7,2718499228,4113928073,2684420488,536936712,0,0,0,181039222,0,2718499228
4,8,2718499228,4113928073,2684420488,536936712,0,0,0,181039222,0,2718499228
4,9,2718499228,4113928073,2684420488,536936712,0,0,0,181039222,0,2718499228
4,10,2718499228,4113928073,2684420488,536936712,0,0,0,181039222,0,2718499228
4,11,2718499228,4113928073,2684420488,536936712,0,0,0,181039222,0,2718499228
4,12,2718499228,4113928073,2684420488,536936712,0,0,0,181039222,0,2718499228
4,13,2718499228,4113928073,2684420488,536936712,0,0,0,181039222,0,2718499228
4,14,2718499228,4113928073,2684420488,536936712,0,0,0,181039222,0,2718499228
4,15,2718499228,4113928073,2684420488,536936712,0,0,0,181039222,0,2718499228
4,16,2718499228,4113928073,2684420488,536936712,0,0,0,181039222,0,2718499228
4,17,2718499228,4113928073,2684420488,536936712,0,0,0,181039222,0,2718499228
4,18,2718499228,4113928073,2684420488,536936712,0,0,0,181039222,0,2718499228
4,19,2718499228,4113928073,2684420488,536936712,0,0,0,181039222,0,2718499228
4,20,2718499228,4113928073,2684420488,536936712,0,0,0,181039222,0,2718499228
5,0,268963849,2308572058,1717955684,73400320,4194304,0,4194304,268963849,2312766362,268439553
5,1,268439553,2308572058,1717955684,73400320,4194304,0,4194304,268439553,2312766362,268439553
6,0,958465704,2977595820,0,0,0,0,0,0,2287699716,824180904
6,1,824180904,2977595820,0,0,0,0,0,0,2153414916,824180904
6,2,824180904,2977595820,0,0,0,0,0,0,2153414916,824180904
6,3,824180904,2977595820,0,0,0,0,0,0,2153414916,824180904
6,4,824180904,2977595820,0,0,0,0,0,0,2153414916,824180904
6,5,824180904,2977595820,0,0,0,0,0,0,2153414916,824180904
6,6,824180904,2977595820,0,0,0,0,0,0,2153414916,824180904
6,7,824180904,2977595820,0,0,0,0,0,0,2153414916,824180904
6,8,824180904,2977595820,0,0,0,0,0,0,2153414916,824180904
6,9,824180904,2977595820,0,0,0,0,0,0,2153414916,824180904
6,10,824180904,2977595820,0,0,0,0,0,0,2153414916,824180904
6,11,824180904,2977595820,0,0,0,0,0,0,2153414916,824180904
6,12,824180904,2977595820,0,0,0,0,0,0,2153414916,824180904
6,13,824180904,2977595820,0,0,0,0,0,0,2153414916,824180904
6,14,824180904,2977595820,0,0,0,0,0,0,2153414916,824180904
7,0,4863140,1405558286,1406090926,13238916,9044096,2,0,0,4863140,0
7,1,0,1405558286,1405558286,12714500,8519680,2,0,0,0,0
7,2,0,1405558286,1405558286,12714500,8519680,2,0,0,0,0
7,3,0,1405558286,1405558286,12714500,8519680,2,0,0,0,0
7,4,0,1405558286,1405558286,12714500,8519680,2,0,0,0,0
7,5,0,1405558286,1405558286,12714500,8519680,2,0,0,0,0
7,6,0,1405558286,1405558286,12714500,8519680,2,0,0,0,0
7,7,0,1405558286,1405558286,12714500,8519680,2,0,0,0,0
7,8,0,1405558286,1405558286,12714500,8519680,2,0,0,0,0
7,9,0,1405558286,1405558286,12714500,8519680,2,0,0,0,0
7,10,0,1405558286,1405558286,12714500,8519680,2,0,0,0,0
7,11,0,1405558286,1405558286,12714500,8519680,2,0,0,0,0
7,12,0,1405558286,1405558286,12714500,8519680,2,0,0,0,0
7,13,0,1405558286,1405558286,12714500,8519680,2,0,0,0,0
7,14,0,1405558286,1405558286,12714500,8519680,2,0,0,0,0
7,15,0,1405558286,1405558286,12714500,8519680,2,0,0,0,0
7,16,0,1405558286,1405558286,12714500,8519680,2,0,0,0,0
7,17,0,1405558286,1405558286,12714500,8519680,2,0,0,0,0
7,18,0,1405558286,1405558286,12714500,8519680,2,0,0,0,0
7,19,0,1405558286,1405558286,12714500,8519680,2,0,0,0,0
7,20,0,1405558286,1405558286,12714500,8519680,2,0,0,0,0
7,21,0,1405558286,1405558286,12714500,8519680,2,0,0,0,0
7,22,0,1405558286,1405558286,12714500,8519680,2,0,0,0,0
7,23,0,1405558286,1405558286,12714500,8519680,2,0,0,0,0
7,24,0,1405558286,1405558286,12714500,8519680,2,0,0,0,0
7,25,0,1405558286,1405558286,12714500,8519680,2,0,0,0,0
7,26,0,1405558286,1405558286,12714500,8519680,2,0,0,0,0
7,27,0,1405558286,1405558286,12714500,8519680,2,0,0,0,0
8,0,67379969,2383064546,1911902749,4456456,4456456,0,4456456,1911902749,4294967295,290455560
8,1,290455560,2383064546,1911902749,4456456,4456456,0,4456456,1911902749,4294967295,262657
8,2,262657,2383064546,1911902749,4456456,4456456,0,4456456,1911902749,4294967295,290455560
8,3,290455560,2383064546,1911902749,4456456,4456456,0,4456456,1911902749,4294967295,262657
8,4,262657,2383064546,1911902749,4456456,4456456,0,4456456,1911902749,4294967295,290455560
8,5,290455560,2383064546,1911902749,4456456,4456456,0,4456456,1911902749,4294967295,262657
8,6,262657,2383064546,1911902749,4456456,4456456,0,4456456,1911902749,4294967295,290455560
8,7,290455560,2383064546,1911902749,4456456,4456456,0,4456456,1911902749,4294967295,262657
8,8,262657,2383064546,1911902749,4456456,4456456,0,4456456,1911902749,4294967295,290455560
9,0,614469888,140077518,3540420145,1,1,1,0,614469888,256,614469632
9,1,614469632,140077518,3540420145,1,1,1,0,614469632,0,614469632
9,2,614469632,140077518,3540420145,1,1,1,0,614469632,0,614469632
9,3,614469632,140077518,3540420145,1,1,1,0,614469632,0,614469632
9,4,614469632,140077518,3540420145,1,1,1,0,614469632,0,614469632
9,5,614469632,140077518,3540420145,1,1,1,0,614469632,0,614469632
9,6,614469632,140077518,3540420145,1,1,1,0,614469632,0,614469632
9,7,614469632,140077518,3540420145,1,1,1,0,614469632,0,614469632
9,8,614469632,140077518,3540420145,1,1,1,0,614469632,0,614469632
9,9,614469632,140077518,3540420145,1,1,1,0,614469632,0,614469632
9,10,614469632,140077518,3540420145,1,1,1,0,614469632,0,614469632
9,11,614469632,140077518,3540420145,1,1,1,0,614469632,0,614469632
9,12,614469632,140077518,3540420145,1,1,1,0,614469632,0,614469632
9,13,614469632,140077518,3540420145,1,1,1,0,614469632,0,614469632
9,14,614469632,140077518,3540420145,1,1,1,0,614469632,0,614469632
9,15,614469632,140077518,3540420145,1,1,1,0,614469632,0,614469632
9,16,614469632,140077518,3540420145,1,1,1,0,614469632,0,614469632
9,17,614469632,140077518,3540420145,1,1,1,0,614469632,0,614469632
9,18,614469632,140077518,3540420145,1,1,1,0,614469632,0,614469632
9,19,614469632,140077518,3540420145,1,1,1,0,614469632,0,614469632
9,20,614469632,140077518,3540420145,1,1,1,0,614469632,0,614469632
9,21,614469632,140077518,3540420145,1,1,1,0,614469632,0,614469632
10,0,1956728386,1266028996,2148048953,16,0,0,0,1071079302,4294967295,131204
10,1,131204,1266028996,3028938299,75563536,75497984,0,75497984,1341395776,4219469311,1151337024
10,2,1151337024,1266028996,2953440315,65552,0,0,0,265687940,4294967295,131204
11,0,3112181888,1399697382,3112181888,2843746304,679485440,0,679485440,4226658278,0,3147866242
11,1,3147866242,1399697382,3147866242,2877300738,679485440,0,679485440,4226658278,0,3147866242
11,2,3147866242,1399697382,3147866242,2877300738,679485440,0,679485440,4226658278,0,3147866242
11,3,3147866242,1399697382,3147866242,2877300738,679485440,0,679485440,4226658278,0,3147866242
11,4,3147866242,1399697382,3147866242,2877300738,679485440,0,679485440,4226658278,0,3147866242
11,5,3147866242,1399697382,3147866242,2877300738,679485440,0,679485440,4226658278,0,3147866242
11,6,3147866242,1399697382,3147866242,2877300738,679485440,0,679485440,4226658278,0,3147866242
11,7,3147866242,1399697382,3147866242,2877300738,679485440,0,679485440,4226658278,0,3147866242
11,8,3147866242,1399697382,3147866242,2877300738,679485440,0,679485440,4226658278,0,3147866242
11,9,3147866242,1399697382,3147866242,2877300738,679485440,0,679485440,4226658278,0,3147866242
11,10,3147866242,1399697382,3147866242,2877300738,679485440,0,679485440,4226658278,0,3147866242
11,11,3147866242,1399697382,3147866242,2877300738,679485440,0,679485440,4226658278,0,3147866242
11,12,3147866242,1399697382,3147866242,2877300738,679485440,0,679485440,4226658278,0,3147866242
11,13,3147866242,1399697382,3147866242,2877300738,679485440,0,679485440,4226658278,0,3147866242
11,14,3147866242,1399697382,3147866242,2877300738,679485440,0,679485440,4226658278,0,3147866242
11,15,3147866242,1399697382,3147866242,2877300738,679485440,0,679485440,4226658278,0,3147866242
12,0,264,4242746326,264,0,0,0,0,4242746334,4242746070,1621297480
12,1,1621297480,4242746326,1621297480,1082130432,0,0,0,4242746334,2621448854,1621297480
12,2,1621297480,4242746326,1621297480,1082130432,0,0,0,4242746334,2621448854,1621297480
12,3,1621297480,4242746326,1621297480,1082130432,0,0,0,4242746334,2621448854,1621297480
12,4,1621297480,4242746326,1621297480,1082130432,0,0,0,4242746334,2621448854,1621297480
12,5,1621297480,4242746326,1621297480,1082130432,0,0,0,4242746334,2621448854,1621297480
12,6,1621297480,4242746326,1621297480,1082130432,0,0,0,4242746334,2621448854,1621297480
12,7,1621297480,4242746326,1621297480,1082130432,0,0,0,4242746334,2621448854,1621297480
12,8,1621297480,4242746326,1621297480,1082130432,0,0,0,4242746334,2621448854,1621297480
12,9,1621297480,4242746326,1621297480,1082130432,0,0,0,4242746334,2621448854,1621297480
12,10,1621297480,4242746326,1621297480,1082130432,0,0,0,4242746334,2621448854,1621297480
12,11,1621297480,4242746326,1621297480,1082130432,0,0,0,4242746334,2621448854,1621297480
12,12,1621297480,4242746326,1621297480,1082130432,0,0,0,4242746334,2621448854,1621297480
12,13,1621297480,4242746326,1621297480,1082130432,0,0,0,4242746334,2621448854,1621297480
12,14,1621297480,4242746326,1621297480,1082130432,0,0,0,4242746334,2621448854,1621297480
12,15,1621297480,4242746326,1621297480,1082130432,0,0,0,4242746334,2621448854,1621297480
12,16,1621297480,4242746326,1621297480,1082130432,0,0,0,4242746334,2621448854,1621297480
12,17,1621297480,4242746326,1621297480,1082130432,0,0,0,4242746334,2621448854,1621297480
12,18,1621297480,4242746326,1621297480,1082130432,0,0,0,4242746334,2621448854,1621297480
12,19,1621297480,4242746326,1621297480,1082130432,0,0,0,4242746334,2621448854,1621297480
12,20,1621297480,4242746326,1621297480,1082130432,0,0,0,4242746334,2621448854,1621297480
12,21,1621297480,4242746326,1621297480,1082130432,0,0,0,4242746334,2621448854,1621297480
12,22,1621297480,4242746326,1621297480,1082130432,0,0,0,4242746334,2621448854,1621297480
12,23,1621297480,4242746326,1621297480,1082130432,0,0,0,4242746334,2621448854,1621297480
12,24,1621297480,4242746326,1621297480,1082130432,0,0,0,4242746334,2621448854,1621297480
12,25,1621297480,4242746326,1621297480,1082130432,0,0,0,4242746334,2621448854,1621297480
12,26,1621297480,4242746326,1621297480,1082130432,0,0,0,4242746334,2621448854,1621297480
12,27,1621297480,4242746326,1621297480,1082130432,0,0,0,4242746334,2621448854,1621297480
12,28,1621297480,4242746326,1621297480,1082130432,0,0,0,4242746334,2621448854,1621297480
13,0,1346388017,160918862,160902478,16777220,16777220,0,16777220,144141642,4294967295,8390658
13,1,8390658,160918862,152528204,16793604,16793604,0,16793604,144125258,4294967295,0
13,2,0,160918862,160918862,16793604,16793604,0,16793604,144125258,4294967295,8390658
13,3,8390658,160918862,152528204,16793604,16793604,0,16793604,144125258,4294967295,0
13,4,0,160918862,160918862,16793604,16793604,0,16793604,144125258,4294967295,8390658
13,5,8390658,160918862,152528204,16793604,16793604,0,16793604,144125258,4294967295,0
13,6,0,160918862,160918862,16793604,16793604,0,16793604,144125258,4294967295,8390658
13,7,8390658,160918862,152528204,16793604,16793604,0,16793604,144125258,4294967295,0
13,8,0,160918862,160918862,16793604,16793604,0,16793604,144125258,4294967295,8390658
13,9,8390658,160918862,152528204,16793604,16793604,0,16793604,144125258,4294967295,0
14,0,285212676,2854363835,1155390784,65792,65792,0,65792,3139576511,3139576511,2315387409
14,1,2315387409,2854363835,1440603460,16843012,65792,0,65792,2854363835,2854363835,0
14,2,0,2854363835,1440603460,16843012,65792,0,65792,2854363835,2854363835,2315387409
14,3,2315387409,2854363835,1440603460,16843012,65792,0,65792,2854363835,2854363835,0
14,4,0,2854363835,1440603460,16843012,65792,0,65792,2854363835,2854363835,2315387409
14,5,2315387409,2854363835,1440603460,16843012,65792,0,65792,2854363835,2854363835,0
14,6,0,2854363835,1440603460,16843012,65792,0,65792,2854363835,2854363835,2315387409
14,7,2315387409,2854363835,1440603460,16843012,65792,0,65792,2854363835,2854363835,0
14,8,0,2854363835,1440603460,16843012,65792,0,65792,2854363835,2854363835,2315387409
14,9,2315387409,2854363835,1440603460,16843012,65792,0,65792,2854363835,2854363835,0
14,10,0,2854363835,1440603460,16843012,65792,0,65792,2854363835,2854363835,2315387409
14,11,2315387409,2854363835,1440603460,16843012,65792,0,65792,2854363835,2854363835,0
14,12,0,2854363835,1440603460,16843012,65792,0,65792,2854363835,2854363835,2315387409
14,13,2315387409,2854363835,1440603460,16843012,65792,0,65792,2854363835,2854363835,0
14,14,0,2854363835,1440603460,16843012,65792,0,65792,2854363835,2854363835,2315387409
14,15,2315387409,2854363835,1440603460,16843012,65792,0,65792,2854363835,2854363835,0
14,16,0,2854363835,1440603460,16843012,65792,0,65792,2854363835,2854363835,2315387409
14,17,2315387409,2854363835,1440603460,16843012,65792,0,65792,2854363835,2854363835,0
14,18,0,2854363835,1440603460,16843012,65792,0,65792,2854363835,2854363835,2315387409
14,19,2315387409,2854363835,1440603460,16843012,65792,0,65792,2854363835,2854363835,0
14,20,0,2854363835,1440603460,16843012,65792,0,65792,2854363835,2854363835,2315387409
14,21,2315387409,2854363835,1440603460,16843012,65792,0,65792,2854363835,2854363835,0
14,22,0,2854363835,1440603460,16843012,65792,0,65792,2854363835,2854363835,2315387409
15,0,681002072,1970412171,1575313107,1233403904,1098907648,0,1098907648,1970412171,1628569608,1233472594
15,1,1233472594,1970412171,1022842585,144064520,9437184,0,9437184,1970412171,1091569666,681002072
15,2,681002072,1970412171,1575313107,1233403904,1098907648,0,1098907648,1970412171,1628569608,1233472594
15,3,1233472594,1970412171,1022842585,144064520,9437184,0,9437184,1970412171,1091569666,681002072
16,0,237011088,757790622,587888398,4100,0,0,0,0,203456656,33554432
16,1,33554432,757790622,791345054,36996,32896,0,32896,0,32896,33554432
16,2,33554432,757790622,791345054,36996,32896,0,32896,0,32896,33554432
16,3,33554432,757790622,791345054,36996,32896,0,32896,0,32896,33554432
16,4,33554432,757790622,791345054,36996,32896,0,32896,0,32896,33554432
16,5,33554432,757790622,791345054,36996,32896,0,32896,0,32896,33554432
16,6,33554432,757790622,791345054,36996,32896,0,32896,0,32896,33554432
16,7,33554432,757790622,791345054,36996,32896,0,32896,0,32896,33554432
16,8,33554432,757790622,791345054,36996,32896,0,32896,0,32896,33554432
16,9,33554432,757790622,791345054,36996,32896,0,32896,0,32896,33554432
16,10,33554432,757790622,791345054,36996,32896,0,32896,0,32896,33554432
16,11,33554432,757790622,791345054,36996,32896,0,32896,0,32896,33554432
16,12,33554432,757790622,791345054,36996,32896,0,32896,0,32896,33554432
16,13,33554432,757790622,791345054,36996,32896,0,32896,0,32896,33554432
16,14,33554432,757790622,791345054,36996,32896,0,32896,0,32896,33554432
16,15,33554432,757790622,791345054,36996,32896,0,32896,0,32896,33554432
16,16,33554432,757790622,791345054,36996,32896,0,32896,0,32896,33554432
17,0,2422479297,1478505606,1478505606,404751488,270532608,1,0,0,0,2422479297
17,1,2422479297,1478505606,1478505606,404751488,270532608,1,0,0,0,2422479297
17,2,2422479297,1478505606,1478505606,404751488,270532608,1,0,0,0,2422479297
17,3,2422479297,1478505606,1478505606,404751488,270532608,1,0,0,0,2422479297
17,4,2422479297,1478505606,1478505606,404751488,270532608,1,0,0,0,2422479297
17,5,2422479297,1478505606,1478505606,404751488,270532608,1,0,0,0,2422479297
17,6,2422479297,1478505606,1478505606,404751488,270532608,1,0,0,0,2422479297
17,7,2422479297,1478505606,1478505606,404751488,270532608,1,0,0,0,2422479297
17,8,2422479297,1478505606,1478505606,404751488,270532608,1,0,0,0,2422479297
17,9,2422479297,1478505606,1478505606,404751488,270532608,1,0,0,0,2422479297
17,10,2422479297,1478505606,1478505606,404751488,270532608,1,0,0,0,2422479297
17,11,2422479297,1478505606,1478505606,404751488,270532608,1,0,0,0,2422479297
17,12,2422479297,1478505606,1478505606,404751488,270532608,1,0,0,0,2422479297
17,13,2422479297,1478505606,1478505606,404751488,270532608,1,0,0,0,2422479297
17,14,2422479297,1478505606,1478505606,404751488,270532608,1,0,0,0,2422479297
17,15,2422479297,1478505606,1478505606,404751488,270532608,1,0,0,0,2422479297
17,16,2422479297,1478505606,1478505606,404751488,270532608,1,0,0,0,2422479297
17,17,2422479297,1478505606,1478505606,404751488,270532608,1,0,0,0,2422479297
17,18,2422479297,1478505606,1478505606,404751488,270532608,1,0,0,0,2422479297
17,19,2422479297,1478505606,1478505606,404751488,270532608,1,0,0,0,2422479297
17,20,2422479297,1478505606,1478505606,404751488,270532608,1,0,0,0,2422479297
17,21,2422479297,1478505606,1478505606,404751488,270532608,1,0,0,0,2422479297
17,22,2422479297,1478505606,1478505606,404751488,270532608,1,0,0,0,2422479297
17,23,2422479297,1478505606,1478505606,404751488,270532608,1,0,0,0,2422479297
17,24,2422479297,1478505606,1478505606,404751488,270532608,1,0,0,0,2422479297
17,25,2422479297,1478505606,1478505606,404751488,270532608,1,0,0,0,2422479297
17,26,2422479297,1478505606,1478505606,404751488,270532608,1,0,0,0,2422479297
17,27,2422479297,1478505606,1478505606,404751488,270532608,1,0,0,0,2422479297
17,28,2422479297,1478505606,1478505606,404751488,270532608,1,0,0,0,2422479297
17,29,2422479297,1478505606,1478505606,404751488,270532608,1,0,0,0,2422479297
18,0,67178496,2029717072,67112960,0,0,0,0,2198202799,2096764496,81927
18,1,81927,2029717072,16391,16390,16388,0,16388,2265315756,2029651539,67194884
18,2,67194884,2029717072,67129348,16388,16388,0,16388,2198202799,2096764496,81927
18,3,81927,2029717072,16391,16390,16388,0,16388,2265315756,2029651539,67194884
18,4,67194884,2029717072,67129348,16388,16388,0,16388,2198202799,2096764496,81927
18,5,81927,2029717072,16391,16390,16388,0,16388,2265315756,2029651539,67194884
18,6,67194884,2029717072,67129348,16388,16388,0,16388,2198202799,2096764496,81927
18,7,81927,2029717072,16391,16390,16388,0,16388,2265315756,2029651539,67194884
18,8,67194884,2029717072,67129348,16388,16388,0,16388,2198202799,2096764496,81927
18,9,81927,2029717072,16391,16390,16388,0,16388,2265315756,2029651539,67194884
18,10,67194884,2029717072,67129348,16388,16388,0,16388,2198202799,2096764496,81927
19,0,33722496,1231210998,1231210998,134250496,32768,1,0,1264605558,0,167942276
19,1,167942276,1231210998,1231210998,134250496,32768,1,0,1130385778,0,167942276
19,2,167942276,1231210998,1231210998,134250496,32768,1,0,1130385778,0,167942276
19,3,167942276,1231210998,1231210998,134250496,32768,1,0,1130385778,0,167942276
19,4,167942276,1231210998,1231210998,134250496,32768,1,0,1130385778,0,167942276
19,5,167942276,1231210998,1231210998,134250496,32768,1,0,1130385778,0,167942276
19,6,167942276,1231210998,1231210998,134250496,32768,1,0,1130385778,0,167942276
19,7,167942276,1231210998,1231210998,134250496,32768,1,0,1130385778,0,167942276
19,8,167942276,1231210998,1231210998,134250496,32768,1,0,1130385778,0,167942276
19,9,167942276,1231210998,1231210998,134250496,32768,1,0,1130385778,0,167942276
19,10,167942276,1231210998,1231210998,134250496,32768,1,0,1130385778,0,167942276
19,11,167942276,1231210998,1231210998,134250496,32768,1,0,1130385778,0,167942276
19,12,167942276,1231210998,1231210998,134250496,32768,1,0,1130385778,0,167942276
19,13,167942276,1231210998,1231210998,134250496,32768,1,0,1130385778,0,167942276
19,14,167942276,1231210998,1231210998,134250496,32768,1,0,1130385778,0,167942276
19,15,167942276,1231210998,1231210998,134250496,32768,1,0,1130385778,0,167942276
19,16,167942276,1231210998,1231210998,134250496,32768,1,0,1130385778,0,167942276
19,17,167942276,1231210998,1231210998,134250496,32768,1,0,1130385778,0,167942276
19,18,167942276,1231210998,1231210998,134250496,32768,1,0,1130385778,0,167942276
19,19,167942276,1231210998,1231210998,134250496,32768,1,0,1130385778,0,167942276
19,20,167942276,1231210998,1231210998,134250496,32768,1,0,1130385778,0,167942276
19,21,167942276,1231210998,1231210998,134250496,32768,1,0,1130385778,0,167942276
19,22,167942276,1231210998,1231210998,134250496,32768,1,0,1130385778,0,167942276
19,23,167942276,1231210998,1231210998,134250496,32768,1,0,1130385778,0,167942276
20,0,131161,2670736186,2670867323,2105417,2105352,0,2105352,4294836134,4294836134,287730297
20,1,287730297,2670736186,2671147899,2107465,2105352,0,2105352,4007236998,4007236998,287730297
20,2,287730297,2670736186,2671147899,2107465,2105352,0,2105352,4007236998,4007236998,287730297
20,3,287730297,2670736186,2671147899,2107465,2105352,0,2105352,4007236998,4007236998,287730297
20,4,287730297,2670736186,2671147899,2107465,2105352,0,2105352,4007236998,4007236998,287730297
21,0,604246562,3337700633,4227858431,285216822,285216768,1,0,4294967295,4294967295,1361084436
21,1,1361084436,3337700633,3219128303,285216806,285216768,1,0,4294967295,4294967295,604246562
21,2,604246562,3337700633,4227858431,285216822,285216768,1,0,4294967295,4294967295,1361084436
21,3,1361084436,3337700633,3219128303,285216806,285216768,1,0,4294967295,4294967295,604246562
21,4,604246562,3337700633,4227858431,285216822,285216768,1,0,4294967295,4294967295,1361084436
21,5,1361084436,3337700633,3219128303,285216806,285216768,1,0,4294967295,4294967295,604246562
21,6,604246562,3337700633,4227858431,285216822,285216768,1,0,4294967295,4294967295,1361084436
21,7,1361084436,3337700633,3219128303,285216806,285216768,1,0,4294967295,4294967295,604246562
21,8,604246562,3337700633,4227858431,285216822,285216768,1,0,4294967295,4294967295,1361084436
21,9,1361084436,3337700633,3219128303,285216806,285216768,1,0,4294967295,4294967295,604246562
21,10,604246562,3337700633,4227858431,285216822,285216768,1,0,4294967295,4294967295,1361084436
21,11,1361084436,3337700633,3219128303,285216806,285216768,1,0,4294967295,4294967295,604246562
21,12,604246562,3337700633,4227858431,285216822,285216768,1,0,4294967295,4294967295,1361084436
21,13,1361084436,3337700633,3219128303,285216806,285216768,1,0,4294967295,4294967295,604246562
21,14,604246562,3337700633,4227858431,285216822,285216768,1,0,4294967295,4294967295,1361084436
21,15,1361084436,3337700633,3219128303,285216806,285216768,1,0,4294967295,4294967295,604246562
21,16,604246562,3337700633,4227858431,285216822,285216768,1,0,4294967295,4294967295,1361084436
21,17,1361084436,3337700633,3219128303,285216806,285216768,1,0,4294967295,4294967295,604246562
22,0,1614438415,272805264,1887104415,1075863562,16386,0,16386,1614438415,4294967295,0
22,1,0,272805264,272805264,8192,0,0,0,0,4294967295,0
22,2,0,272805264,272805264,8192,0,0,0,0,4294967295,0
22,3,0,272805264,272805264,8192,0,0,0,0,4294967295,0
22,4,0,272805264,272805264,8192,0,0,0,0,4294967295,0
22,5,0,272805264,272805264,8192,0,0,0,0,4294967295,0
22,6,0,272805264,272805264,8192,0,0,0,0,4294967295,0
22,7,0,272805264,272805264,8192,0,0,0,0,4294967295,0
22,8,0,272805264,272805264,8192,0,0,0,0,4294967295,0
22,9,0,272805264,272805264,8192,0,0,0,0,4294967295,0
22,10,0,272805264,272805264,8192,0,0,0,0,4294967295,0
22,11,0,272805264,272805264,8192,0,0,0,0,4294967295,0
22,12,0,272805264,272805264,8192,0,0,0,0,4294967295,0
22,13,0,272805264,272805264,8192,0,0,0,0,4294967295,0
22,14,0,272805264,272805264,8192,0,0,0,0,4294967295,0
22,15,0,272805264,272805264,8192,0,0,0,0,4294967295,0
22,16,0,272805264,272805264,8192,0,0,0,0,4294967295,0
22,17,0,272805264,272805264,8192,0,0,0,0,4294967295,0
22,18,0,272805264,272805264,8192,0,0,0,0,4294967295,0
22,19,0,272805264,272805264,8192,0,0,0,0,4294967295,0
22,20,0,272805264,272805264,8192,0,0,0,0,4294967295,0
22,21,0,272805264,272805264,8192,0,0,0,0,4294967295,0
22,22,0,272805264,272805264,8192,0,0,0,0,4294967295,0
22,23,0,272805264,272805264,8192,0,0,0,0,4294967295,0
22,24,0,272805264,272805264,8192,0,0,0,0,4294967295,0
22,25,0,272805264,272805264,8192,0,0,0,0,4294967295,0
22,26,0,272805264,272805264,8192,0,0,0,0,4294967295,0
22,27,0,272805264,272805264,8192,0,0,0,0,4294967295,0
22,28,0,272805264,272805264,8192,0,0,0,0,4294967295,0
22,29,0,272805264,272805264,8192,0,0,0,0,4294967295,0
22,30,0,272805264,272805264,8192,0,0,0,0,4294967295,0
23,0,1583104,2678287952,10240,0,0,0,0,4293384191,2679860816,1619120706
23,1,1619120706,2678287952,8471104,16384,16384,0,16384,2675846589,4288937554,1583104
23,2,1583104,2678287952,10240,0,0,0,0,4293384191,2679860816,1619120706
23,3,1619120706,2678287952,8471104,16384,16384,0,16384,2675846589,4288937554,1583104
23,4,1583104,2678287952,10240,0,0,0,0,4293384191,2679860816,1619120706
23,5,1619120706,2678287952,8471104,16384,16384,0,16384,2675846589,4288937554,1583104
23,6,1583104,2678287952,10240,0,0,0,0,4293384191,2679860816,1619120706
23,7,1619120706,2678287952,8471104,16384,16384,0,16384,2675846589,4288937554,1583104
23,8,1583104,2678287952,10240,0,0,0,0,4293384191,2679860816,1619120706
23,9,1619120706,2678287952,8471104,16384,16384,0,16384,2675846589,4288937554,1583104
23,10,1583104,2678287952,10240,0,0,0,0,4293384191,2679860816,1619120706
23,11,1619120706,2678287952,8471104,16384,16384,0,16384,2675846589,4288937554,1583104
24,0,542704656,1423055871,1955274735,131072,131072,0,131072,5373968,1960517631,131072
24,1,131072,1423055871,1422924799,4194320,0,0,0,131072,1423055871,0
24,2,0,1423055871,1423055871,4325392,131072,0,131072,131072,1423055871,131072
24,3,131072,1423055871,1422924799,4194320,0,0,0,131072,1423055871,0
24,4,0,1423055871,1423055871,4325392,131072,0,131072,131072,1423055871,131072
24,5,131072,1423055871,1422924799,4194320,0,0,0,131072,1423055871,0
24,6,0,1423055871,1423055871,4325392,131072,0,131072,131072,1423055871,131072
24,7,131072,1423055871,1422924799,4194320,0,0,0,131072,1423055871,0
24,8,0,1423055871,1423055871,4325392,131072,0,131072,131072,1423055871,131072
24,9,131072,1423055871,1422924799,4194320,0,0,0,131072,1423055871,0
24,10,0,1423055871,1423055871,4325392,131072,0,131072,131072,1423055871,131072
24,11,131072,1423055871,1422924799,4194320,0,0,0,131072,1423055871,0
24,12,0,1423055871,1423055871,4325392,131072,0,131072,131072,1423055871,131072
24,13,131072,1423055871,1422924799,4194320,0,0,0,131072,1423055871,0
24,14,0,1423055871,1423055871,4325392,131072,0,131072,131072,1423055871,131072
24,15,131072,1423055871,1422924799,4194320,0,0,0,131072,1423055871,0
24,16,0,1423055871,1423055871,4325392,131072,0,131072,131072,1423055871,131072
24,17,131072,1423055871,1422924799,4194320,0,0,0,131072,1423055871,0
24,18,0,1423055871,1423055871,4325392,131072,0,131072,131072,1423055871,131072
24,19,131072,1423055871,1422924799,4194320,0,0,0,131072,1423055871,0
24,20,0,1423055871,1423055871,4325392,131072,0,131072,131072,1423055871,131072
24,21,131072,1423055871,1422924799,4194320,0,0,0,131072,1423055871,0
24,22,0,1423055871,1423055871,4325392,131072,0,131072,131072,1423055871,131072
24,23,131072,1423055871,1422924799,4194320,0,0,0,131072,1423055871,0
24,24,0,1423055871,1423055871,4325392,131072,0,131072,131072,1423055871,131072
25,0,1427472440,949678227,4025450479,1157956640,1090519040,1,0,0,4294967295,0
25,1,0,949678227,4294967295,1157956640,1090519040,1,0,0,4294967295,0
25,2,0,949678227,4294967295,1157956640,1090519040,1,0,0,4294967295,0
25,3,0,949678227,4294967295,1157956640,1090519040,1,0,0,4294967295,0
25,4,0,949678227,4294967295,1157956640,1090519040,1,0,0,4294967295,0
25,5,0,949678227,4294967295,1157956640,1090519040,1,0,0,4294967295,0
26,0,53776656,1631021067,1644427547,47106,40962,0,40962,53776656,0,53776656
26,1,53776656,1631021067,1644427547,47106,40962,0,40962,53776656,0,53776656
26,2,53776656,1631021067,1644427547,47106,40962,0,40962,53776656,0,53776656
26,3,53776656,1631021067,1644427547,47106,40962,0,40962,53776656,0,53776656
26,4,53776656,1631021067,1644427547,47106,40962,0,40962,53776656,0,53776656
26,5,53776656,1631021067,1644427547,47106,40962,0,40962,53776656,0,53776656
26,6,53776656,1631021067,1644427547,47106,40962,0,40962,53776656,0,53776656
26,7,53776656,1631021067,1644427547,47106,40962,0,40962,53776656,0,53776656
26,8,53776656,1631021067,1644427547,47106,40962,0,40962,53776656,0,53776656
26,9,53776656,1631021067,1644427547,47106,40962,0,40962,53776656,0,53776656
26,10,53776656,1631021067,1644427547,47106,40962,0,40962,53776656,0,53776656
26,11,53776656,1631021067,1644427547,47106,40962,0,40962,53776656,0,53776656
26,12,53776656,1631021067,1644427547,47106,40962,0,40962,53776656,0,53776656
26,13,53776656,1631021067,1644427547,47106,40962,0,40962,53776656,0,53776656
26,14,53776656,1631021067,1644427547,47106,40962,0,40962,53776656,0,53776656
26,15,53776656,1631021067,1644427547,47106,40962,0,40962,53776656,0,53776656
26,16,53776656,1631021067,1644427547,47106,40962,0,40962,53776656,0,53776656
26,17,53776656,1631021067,1644427547,47106,40962,0,40962,53776656,0,53776656
26,18,53776656,1631021067,1644427547,47106,40962,0,40962,53776656,0,53776656
27,0,537011201,2757699042,2220687843,262368,262336,2,0,0,2220687843,537011200
27,1,537011200,2757699042,2220687842,262368,262336,2,0,0,2220687842,537011200
27,2,537011200,2757699042,2220687842,262368,262336,2,0,0,2220687842,537011200
27,3,537011200,2757699042,2220687842,262368,262336,2,0,0,2220687842,537011200
27,4,537011200,2757699042,2220687842,262368,262336,2,0,0,2220687842,537011200
27,5,537011200,2757699042,2220687842,262368,262336,2,0,0,2220687842,537011200
27,6,537011200,2757699042,2220687842,262368,262336,2,0,0,2220687842,537011200
27,7,537011200,2757699042,2220687842,262368,262336,2,0,0,2220687842,537011200
27,8,537011200,2757699042,2220687842,262368,262336,2,0,0,2220687842,537011200
27,9,537011200,2757699042,2220687842,262368,262336,2,0,0,2220687842,537011200
27,10,537011200,2757699042,2220687842,262368,262336,2,0,0,2220687842,537011200
27,11,537011200,2757699042,2220687842,262368,262336,2,0,0,2220687842,537011200
27,12,537011200,2757699042,2220687842,262368,262336,2,0,0,2220687842,537011200
27,13,537011200,2757699042,2220687842,262368,262336,2,0,0,2220687842,537011200
27,14,537011200,2757699042,2220687842,262368,262336,2,0,0,2220687842,537011200
27,15,537011200,2757699042,2220687842,262368,262336,2,0,0,2220687842,537011200
27,16,537011200,2757699042,2220687842,262368,262336,2,0,0,2220687842,537011200
27,17,537011200,2757699042,2220687842,262368,262336,2,0,0,2220687842,537011200
27,18,537011200,2757699042,2220687842,262368,262336,2,0,0,2220687842,537011200
27,19,537011200,2757699042,2220687842,262368,262336,2,0,0,2220687842,537011200
27,20,537011200,2757699042,2220687842,262368,262336,2,0,0,2220687842,537011200
27,21,537011200,2757699042,2220687842,262368,262336,2,0,0,2220687842,537011200
27,22,537011200,2757699042,2220687842,262368,262336,2,0,0,2220687842,537011200
27,23,537011200,2757699042,2220687842,262368,262336,2,0,0,2220687842,537011200
27,24,537011200,2757699042,2220687842,262368,262336,2,0,0,2220687842,537011200
27,25,537011200,2757699042,2220687842,262368,262336,2,0,0,2220687842,537011200
27,26,537011200,2757699042,2220687842,262368,262336,2,0,0,2220687842,537011200
27,27,537011200,2757699042,2220687842,262368,262336,2,0,0,2220687842,537011200
27,28,537011200,2757699042,2220687842,262368,262336,2,0,0,2220687842,537011200
27,29,537011200,2757699042,2220687842,262368,262336,2,0,0,2220687842,537011200
27,30,537011200,2757699042,2220687842,262368,262336,2,0,0,2220687842,537011200
27,31,537011200,2757699042,2220687842,262368,262336,2,0,0,2220687842,537011200
28,0,3767010315,2264521620,4294967295,616563714,549454848,0,549454848,1623196683,2160590848,1614808075
28,1,1614808075,2264521620,4294967295,616563714,549454848,0,549454848,1623196683,12582912,1619002379
28,2,1619002379,2264521620,4294967295,616563714,549454848,0,549454848,1623196683,12582912,1614808075
28,3,1614808075,2264521620,4294967295,616563714,549454848,0,549454848,1623196683,12582912,1619002379
28,4,1619002379,2264521620,4294967295,616563714,549454848,0,549454848,1623196683,12582912,1614808075
28,5,1614808075,2264521620,4294967295,616563714,549454848,0,549454848,1623196683,12582912,1619002379
28,6,1619002379,2264521620,4294967295,616563714,549454848,0,549454848,1623196683,12582912,1614808075
28,7,1614808075,2264521620,4294967295,616563714,549454848,0,549454848,1623196683,12582912,1619002379
28,8,1619002379,2264521620,4294967295,616563714,549454848,0,549454848,1623196683,12582912,1614808075
28,9,1614808075,2264521620,4294967295,616563714,549454848,0,549454848,1623196683,12582912,1619002379
28,10,1619002379,2264521620,4294967295,616563714,549454848,0,549454848,1623196683,12582912,1614808075
28,11,1614808075,2264521620,4294967295,616563714,549454848,0,549454848,1623196683,12582912,1619002379
28,12,1619002379,2264521620,4294967295,616563714,549454848,0,549454848,1623196683,12582912,1614808075
29,0,815823872,2812264683,2266988779,294913,262145,2,0,1482702612,4294967295,256
29,1,256,2812264683,2812264683,8699905,8650753,3,0,1482702612,4294967295,270547968
29,2,270547968,2812264683,2812264683,8699905,8650753,3,0,1482702612,4294967295,256
29,3,256,2812264683,2812264683,8699905,8650753,3,0,1482702612,4294967295,270547968
29,4,270547968,2812264683,2812264683,8699905,8650753,3,0,1482702612,4294967295,256
29,5,256,2812264683,2812264683,8699905,8650753,3,0,1482702612,4294967295,270547968
29,6,270547968,2812264683,2812264683,8699905,8650753,3,0,1482702612,4294967295,256
29,7,256,2812264683,2812264683,8699905,8650753,3,0,1482702612,4294967295,270547968
29,8,270547968,2812264683,2812264683,8699905,8650753,3,0,1482702612,4294967295,256
29,9,256,2812264683,2812264683,8699905,8650753,3,0,1482702612,4294967295,270547968
29,10,270547968,2812264683,2812264683,8699905,8650753,3,0,1482702612,4294967295,256
29,11,256,2812264683,2812264683,8699905,8650753,3,0,1482702612,4294967295,270547968
29,12,270547968,2812264683,2812264683,8699905,8650753,3,0,1482702612,4294967295,256
29,13,256,2812264683,2812264683,8699905,8650753,3,0,1482702612,4294967295,270547968
29,14,270547968,2812264683,2812264683,8699905,8650753,3,0,1482702612,4294967295,256
29,15,256,2812264683,2812264683,8699905,8650753,3,0,1482702612,4294967295,270547968
29,16,270547968,2812264683,2812264683,8699905,8650753,3,0,1482702612,4294967295,256
29,17,256,2812264683,2812264683,8699905,8650753,3,0,1482702612,4294967295,270547968
29,18,270547968,2812264683,2812264683,8699905,8650753,3,0,1482702612,4294967295,256
29,19,256,2812264683,2812264683,8699905,8650753,3,0,1482702612,4294967295,270547968
29,20,270547968,2812264683,2812264683,8699905,8650753,3,0,1482702612,4294967295,256
29,21,256,2812264683,2812264683,8699905,8650753,3,0,1482702612,4294967295,270547968
29,22,270547968,2812264683,2812264683,8699905,8650753,3,0,1482702612,4294967295,256
29,23,256,2812264683,2812264683,8699905,8650753,3,0,1482702612,4294967295,270547968
29,24,270547968,2812264683,2812264683,8699905,8650753,3,0,1482702612,4294967295,256
29,25,256,2812264683,2812264683,8699905,8650753,3,0,1482702612,4294967295,270547968
30,0,1946423296,1132128245,58386421,6815825,4718592,0,4718592,0,4294967295,0
30,1,0,1132128245,1132128245,1080557649,4718592,0,4718592,0,4294967295,0
30,2,0,1132128245,1132128245,1080557649,4718592,0,4718592,0,4294967295,0
30,3,0,1132128245,1132128245,1080557649,4718592,0,4718592,0,4294967295,0
30,4,0,1132128245,1132128245,1080557649,4718592,0,4718592,0,4294967295,0
30,5,0,1132128245,1132128245,1080557649,4718592,0,4718592,0,4294967295,0
30,6,0,1132128245,1132128245,1080557649,4718592,0,4718592,0,4294967295,0
31,0,252706825,30841925,265722957,252707848,251659264,4,0,4294967295,0,529550361
31,1,529550361,30841925,534174813,521159688,251659264,4,0,4294967295,0,529550361
31,2,529550361,30841925,534174813,521159688,251659264,4,0,4294967295,0,529550361
31,3,529550361,30841925,534174813,521159688,251659264,4,0,4294967295,0,529550361
31,4,529550361,30841925,534174813,521159688,251659264,4,0,4294967295,0,529550361
31,5,529550361,30841925,534174813,521159688,251659264,4,0,4294967295,0,529550361
31,6,529550361,30841925,534174813,521159688,251659264,4,0,4294967295,0,529550361
31,7,529550361,30841925,534174813,521159688,251659264,4,0,4294967295,0,529550361
31,8,529550361,30841925,534174813,521159688,251659264,4,0,4294967295,0,529550361
31,9,529550361,30841925,534174813,521159688,251659264,4,0,4294967295,0,529550361
31,10,529550361,30841925,534174813,521159688,251659264,4,0,4294967295,0,529550361
31,11,529550361,30841925,534174813,521159688,251659264,4,0,4294967295,0,529550361
31,12,529550361,30841925,534174813,521159688,251659264,4,0,4294967295,0,529550361
31,13,529550361,30841925,534174813,521159688,251659264,4,0,4294967295,0,529550361
31,14,529550361,30841925,534174813,521159688,251659264,4,0,4294967295,0,529550361
31,15,529550361,30841925,534174813,521159688,251659264,4,0,4294967295,0,529550361
31,16,529550361,30841925,534174813,521159688,251659264,4,0,4294967295,0,529550361
31,17,529550361,30841925,534174813,521159688,251659264,4,0,4294967295,0,529550361
31,18,529550361,30841925,534174813,521159688,251659264,4,0,4294967295,0,529550361
31,19,529550361,30841925,534174813,521159688,251659264,4,0,4294967295,0,529550361
32,0,63176720,1736301194,2550277477,131072,131072,0,131072,4294836223,131072,2747613200
33,0,69206278,1866421394,260,4,4,0,4,1866421398,1797215380,104007042
33,1,104007042,1866421394,256,0,0,0,0,1866421394,1762414608,104007042
33,2,104007042,1866421394,256,0,0,0,0,1866421394,1762414608,104007042
33,3,104007042,1866421394,256,0,0,0,0,1866421394,1762414608,104007042
33,4,104007042,1866421394,256,0,0,0,0,1866421394,1762414608,104007042
33,5,104007042,1866421394,256,0,0,0,0,1866421394,1762414608,104007042
33,6,104007042,1866421394,256,0,0,0,0,1866421394,1762414608,104007042
33,7,104007042,1866421394,256,0,0,0,0,1866421394,1762414608,104007042
33,8,104007042,1866421394,256,0,0,0,0,1866421394,1762414608,104007042
33,9,104007042,1866421394,256,0,0,0,0,1866421394,1762414608,104007042
33,10,104007042,1866421394,256,0,0,0,0,1866421394,1762414608,104007042
33,11,104007042,1866421394,256,0,0,0,0,1866421394,1762414608,104007042
33,12,104007042,1866421394,256,0,0,0,0,1866421394,1762414608,104007042
33,13,104007042,1866421394,256,0,0,0,0,1866421394,1762414608,104007042
34,0,654383216,1010398719,456682895,285214720,285214720,0,285214720,654383216,4294967295,0
34,1,0,1010398719,1010398719,805306416,805306384,0,805306384,0,4294967295,0
34,2,0,1010398719,1010398719,805306416,805306384,0,805306384,0,4294967295,0
34,3,0,1010398719,1010398719,805306416,805306384,0,805306384,0,4294967295,0
34,4,0,1010398719,1010398719,805306416,805306384,0,805306384,0,4294967295,0
34,5,0,1010398719,1010398719,805306416,805306384,0,805306384,0,4294967295,0
34,6,0,1010398719,1010398719,805306416,805306384,0,805306384,0,4294967295,0
34,7,0,1010398719,1010398719,805306416,805306384,0,805306384,0,4294967295,0
34,8,0,1010398719,1010398719,805306416,805306384,0,805306384,0,4294967295,0
34,9,0,1010398719,1010398719,805306416,805306384,0,805306384,0,4294967295,0
34,10,0,1010398719,1010398719,805306416,805306384,0,805306384,0,4294967295,0
34,11,0,1010398719,1010398719,805306416,805306384,0,805306384,0,4294967295,0
34,12,0,1010398719,1010398719,805306416,805306384,0,805306384,0,4294967295,0
34,13,0,1010398719,1010398719,805306416,805306384,0,805306384,0,4294967295,0
34,14,0,1010398719,1010398719,805306416,805306384,0,805306384,0,4294967295,0
34,15,0,1010398719,1010398719,805306416,805306384,0,805306384,0,4294967295,0
34,16,0,1010398719,1010398719,805306416,805306384,0,805306384,0,4294967295,0
34,17,0,1010398719,1010398719,805306416,805306384,0,805306384,0,4294967295,0
34,18,0,1010398719,1010398719,805306416,805306384,0,805306384,0,4294967295,0
34,19,0,1010398719,1010398719,805306416,805306384,0,805306384,0,4294967295,0
34,20,0,1010398719,1010398719,805306416,805306384,0,805306384,0,4294967295,0
34,21,0,1010398719,1010398719,805306416,805306384,0,805306384,0,4294967295,0
34,22,0,1010398719,1010398719,805306416,805306384,0,805306384,0,4294967295,0
34,23,0,1010398719,1010398719,805306416,805306384,0,805306384,0,4294967295,0
34,24,0,1010398719,1010398719,805306416,805306384,0,805306384,0,4294967295,0
34,25,0,1010398719,1010398719,805306416,805306384,0,805306384,0,4294967295,0
34,26,0,1010398719,1010398719,805306416,805306384,0,805306384,0,4294967295,0
35,0,2571109889,359793689,4005559294,738198032,738197520,3,0,289408001,4294967295,0
35,1,0,359793689,4294967295,1010827793,1006632976,3,0,0,4294967295,0
35,2,0,359793689,4294967295,1010827793,1006632976,3,0,0,4294967295,0
35,3,0,359793689,4294967295,1010827793,1006632976,3,0,0,4294967295,0
35,4,0,359793689,4294967295,1010827793,1006632976,3,0,0,4294967295,0
35,5,0,359793689,4294967295,1010827793,1006632976,3,0,0,4294967295,0
35,6,0,359793689,4294967295,1010827793,1006632976,3,0,0,4294967295,0
35,7,0,359793689,4294967295,1010827793,1006632976,3,0,0,4294967295,0
36,0,10487929,1605838115,4284481502,1610614800,1610612736,0,1610612736,1605840251,0,1269172345
36,1,1269172345,1605838115,3025797086,536872976,536870912,0,536870912,1605840251,0,1269172345
36,2,1269172345,1605838115,3025797086,536872976,536870912,0,536870912,1605840251,0,1269172345
36,3,1269172345,1605838115,3025797086,536872976,536870912,0,536870912,1605840251,0,1269172345
36,4,1269172345,1605838115,3025797086,536872976,536870912,0,536870912,1605840251,0,1269172345
36,5,1269172345,1605838115,3025797086,536872976,536870912,0,536870912,1605840251,0,1269172345
36,6,1269172345,1605838115,3025797086,536872976,536870912,0,536870912,1605840251,0,1269172345
36,7,1269172345,1605838115,3025797086,536872976,536870912,0,536870912,1605840251,0,1269172345
36,8,1269172345,1605838115,3025797086,536872976,536870912,0,536870912,1605840251,0,1269172345
36,9,1269172345,1605838115,3025797086,536872976,536870912,0,536870912,1605840251,0,1269172345
36,10,1269172345,1605838115,3025797086,536872976,536870912,0,536870912,1605840251,0,1269172345
36,11,1269172345,1605838115,3025797086,536872976,536870912,0,536870912,1605840251,0,1269172345
36,12,1269172345,1605838115,3025797086,536872976,536870912,0,536870912,1605840251,0,1269172345
36,13,1269172345,1605838115,3025797086,536872976,536870912,0,536870912,1605840251,0,1269172345
36,14,1269172345,1605838115,3025797086,536872976,536870912,0,536870912,1605840251,0,1269172345
36,15,1269172345,1605838115,3025797086,536872976,536870912,0,536870912,1605840251,0,1269172345
36,16,1269172345,1605838115,3025797086,536872976,536870912,0,536870912,1605840251,0,1269172345
36,17,1269172345,1605838115,3025797086,536872976,536870912,0,536870912,1605840251,0,1269172345
36,18,1269172345,1605838115,3025797086,536872976,536870912,0,536870912,1605840251,0,1269172345
36,19,1269172345,1605838115,3025797086,536872976,536870912,0,536870912,1605840251,0,1269172345
36,20,1269172345,1605838115,3025797086,536872976,536870912,0,536870912,1605840251,0,1269172345
37,0,1174409730,3016801196,2983242156,276824096,268435488,1,0,3120557565,0,1453593142
37,1,1453593142,3016801196,2706418056,0,0,0,0,2841374153,0,1453593142
38,0,2309243138,1385112645,4286316543,167788546,167772160,0,167772160,3551487303,4294967295,34086977
38,1,34086977,1385112645,4260880318,142884866,142868480,0,142868480,1385112645,4160749567,8650752
38,2,8650752,1385112645,4286316543,167788546,167772160,0,167772160,1385112645,4160749567,34086977
38,3,34086977,1385112645,4260880318,142884866,142868480,0,142868480,1385112645,4160749567,8650752
38,4,8650752,1385112645,4286316543,167788546,167772160,0,167772160,1385112645,4160749567,34086977
38,5,34086977,1385112645,4260880318,142884866,142868480,0,142868480,1385112645,4160749567,8650752
38,6,8650752,1385112645,4286316543,167788546,167772160,0,167772160,1385112645,4160749567,34086977
38,7,34086977,1385112645,4260880318,142884866,142868480,0,142868480,1385112645,4160749567,8650752
38,8,8650752,1385112645,4286316543,167788546,167772160,0,167772160,1385112645,4160749567,34086977
38,9,34086977,1385112645,4260880318,142884866,142868480,0,142868480,1385112645,4160749567,8650752
38,10,8650752,1385112645,4286316543,167788546,167772160,0,167772160,1385112645,4160749567,34086977
38,11,34086977,1385112645,4260880318,142884866,142868480,0,142868480,1385112645,4160749567,8650752
38,12,8650752,1385112645,4286316543,167788546,167772160,0,167772160,1385112645,4160749567,34086977
38,13,34086977,1385112645,4260880318,142884866,142868480,0,142868480,1385112645,4160749567,8650752
38,14,8650752,1385112645,4286316543,167788546,167772160,0,167772160,1385112645,4160749567,34086977
39,0,686034995,1102464151,2517216072,8,0,0,0,0,4294967295,0
39,1,0,1102464151,3192503144,541065256,541065216,2,0,0,4294967295,0
39,2,0,1102464151,3192503144,541065256,541065216,2,0,0,4294967295,0
39,3,0,1102464151,3192503144,541065256,541065216,2,0,0,4294967295,0
39,4,0,1102464151,3192503144,541065256,541065216,2,0,0,4294967295,0
39,5,0,1102464151,3192503144,541065256,541065216,2,0,0,4294967295,0
39,6,0,1102464151,3192503144,541065256,541065216,2,0,0,4294967295,0
39,7,0,1102464151,3192503144,541065256,541065216,2,0,0,4294967295,0
39,8,0,1102464151,3192503144,541065256,541065216,2,0,0,4294967295,0
39,9,0,1102464151,3192503144,541065256,541065216,2,0,0,4294967295,0
39,10,0,1102464151,3192503144,541065256,541065216,2,0,0,4294967295,0
39,11,0,1102464151,3192503144,541065256,541065216,2,0,0,4294967295,0
39,12,0,1102464151,3192503144,541065256,541065216,2,0,0,4294967295,0
39,13,0,1102464151,3192503144,541065256,541065216,2,0,0,4294967295,0
39,14,0,1102464151,3192503144,541065256,541065216,2,0,0,4294967295,0
39,15,0,1102464151,3192503144,541065256,541065216,2,0,0,4294967295,0
39,16,0,1102464151,3192503144,541065256,541065216,2,0,0,4294967295,0
39,17,0,1102464151,3192503144,541065256,541065216,2,0,0,4294967295,0
39,18,0,1102464151,3192503144,541065256,541065216,2,0,0,4294967295,0
39,19,0,1102464151,3192503144,541065256,541065216,2,0,0,4294967295,0
39,20,0,1102464151,3192503144,541065256,541065216,2,0,0,4294967295,0
39,21,0,1102464151,3192503144,541065256,541065216,2,0,0,4294967295,0
39,22,0,1102464151,3192503144,541065256,541065216,2,0,0,4294967295,0
39,23,0,1102464151,3192503144,541065256,541065216,2,0,0,4294967295,0
39,24,0,1102464151,3192503144,541065256,541065216,2,0,0,4294967295,0
39,25,0,1102464151,3192503144,541065256,541065216,2,0,0,4294967295,0
39,26,0,1102464151,3192503144,541065256,541065216,2,0,0,4294967295,0
39,27,0,1102464151,3192503144,541065256,541065216,2,0,0,4294967295,0
40,0,1526859017,188341899,0,0,0,0,0,1346100098,184550409,1342395138
40,1,1342395138,188341899,0,0,0,0,0,1530563977,86530,1526859017
40,2,1526859017,188341899,0,0,0,0,0,1346100098,184550409,1342395138
40,3,1342395138,188341899,0,0,0,0,0,1530563977,86530,1526859017
40,4,1526859017,188341899,0,0,0,0,0,1346100098,184550409,1342395138
40,5,1342395138,188341899,0,0,0,0,0,1530563977,86530,1526859017
40,6,1526859017,188341899,0,0,0,0,0,1346100098,184550409,1342395138
40,7,1342395138,188341899,0,0,0,0,0,1530563977,86530,1526859017
40,8,1526859017,188341899,0,0,0,0,0,1346100098,184550409,1342395138
41,0,2895938,3296395503,998571792,268447744,0,0,0,0,4294967295,0
41,1,0,3296395503,998571792,268447744,0,0,0,0,4294967295,0
41,2,0,3296395503,998571792,268447744,0,0,0,0,4294967295,0
41,3,0,3296395503,998571792,268447744,0,0,0,0,4294967295,0
41,4,0,3296395503,998571792,268447744,0,0,0,0,4294967295,0
41,5,0,3296395503,998571792,268447744,0,0,0,0,4294967295,0
41,6,0,3296395503,998571792,268447744,0,0,0,0,4294967295,0
41,7,0,3296395503,998571792,268447744,0,0,0,0,4294967295,0
41,8,0,3296395503,998571792,268447744,0,0,0,0,4294967295,0
41,9,0,3296395503,998571792,268447744,0,0,0,0,4294967295,0
41,10,0,3296395503,998571792,268447744,0,0,0,0,4294967295,0
41,11,0,3296395503,998571792,268447744,0,0,0,0,4294967295,0
41,12,0,3296395503,998571792,268447744,0,0,0,0,4294967295,0
41,13,0,3296395503,998571792,268447744,0,0,0,0,4294967295,0
41,14,0,3296395503,998571792,268447744,0,0,0,0,4294967295,0
41,15,0,3296395503,998571792,268447744,0,0,0,0,4294967295,0
41,16,0,3296395503,998571792,268447744,0,0,0,0,4294967295,0
41,17,0,3296395503,998571792,268447744,0,0,0,0,4294967295,0
41,18,0,3296395503,998571792,268447744,0,0,0,0,4294967295,0
41,19,0,3296395503,998571792,268447744,0,0,0,0,4294967295,0
41,20,0,3296395503,998571792,268447744,0,0,0,0,4294967295,0
41,21,0,3296395503,998571792,268447744,0,0,0,0,4294967295,0
42,0,840340588,4284584950,3456069531,1286685704,1074790400,0,1074790400,4284979198,4294967295,1277231616
42,1,1277231616,4284584950,3017735679,311477292,34603008,0,34603008,4284584950,4293918719,838897764
42,2,838897764,4284584950,3456069531,1286685704,1074790400,0,1074790400,4284584950,4293918719,1277231616
43,0,612378282,2931345765,2318987215,2147492352,2147483648,0,2147483648,4294967295,4294967295,2168471876
43,1,2168471876,2931345765,804816929,549453824,12582912,2,0,4294967295,4294967295,612378282
43,2,612378282,2931345765,2318987215,2147492352,2147483648,0,2147483648,4294967295,4294967295,2168471876
43,3,2168471876,2931345765,804816929,549453824,12582912,2,0,4294967295,4294967295,612378282
43,4,612378282,2931345765,2318987215,2147492352,2147483648,0,2147483648,4294967295,4294967295,2168471876
43,5,2168471876,2931345765,804816929,549453824,12582912,2,0,4294967295,4294967295,612378282
43,6,612378282,2931345765,2318987215,2147492352,2147483648,0,2147483648,4294967295,4294967295,2168471876
43,7,2168471876,2931345765,804816929,549453824,12582912,2,0,4294967295,4294967295,612378282
43,8,612378282,2931345765,2318987215,2147492352,2147483648,0,2147483648,4294967295,4294967295,2168471876
43,9,2168471876,2931345765,804816929,549453824,12582912,2,0,4294967295,4294967295,612378282
43,10,612378282,2931345765,2318987215,2147492352,2147483648,0,2147483648,4294967295,4294967295,2168471876
43,11,2168471876,2931345765,804816929,549453824,12582912,2,0,4294967295,4294967295,612378282
43,12,612378282,2931345765,2318987215,2147492352,2147483648,0,2147483648,4294967295,4294967295,2168471876
43,13,2168471876,2931345765,804816929,549453824,12582912,2,0,4294967295,4294967295,612378282
43,14,612378282,2931345765,2318987215,2147492352,2147483648,0,2147483648,4294967295,4294967295,2168471876
43,15,2168471876,2931345765,804816929,549453824,12582912,2,0,4294967295,4294967295,612378282
44,0,635963418,44706639,658645845,608174400,541065216,0,541065216,669657951,574759749,94898522
44,1,94898522,44706639,117580309,67108864,0,0,0,128592735,33694213,94898522
44,2,94898522,44706639,117580309,67108864,0,0,0,128592735,33694213,94898522
44,3,94898522,44706639,117580309,67108864,0,0,0,128592735,33694213,94898522
44,4,94898522,44706639,117580309,67108864,0,0,0,128592735,33694213,94898522
44,5,94898522,44706639,117580309,67108864,0,0,0,128592735,33694213,94898522
44,6,94898522,44706639,117580309,67108864,0,0,0,128592735,33694213,94898522
44,7,94898522,44706639,117580309,67108864,0,0,0,128592735,33694213,94898522
44,8,94898522,44706639,117580309,67108864,0,0,0,128592735,33694213,94898522
44,9,94898522,44706639,117580309,67108864,0,0,0,128592735,33694213,94898522
44,10,94898522,44706639,117580309,67108864,0,0,0,128592735,33694213,94898522
44,11,94898522,44706639,117580309,67108864,0,0,0,128592735,33694213,94898522
44,12,94898522,44706639,117580309,67108864,0,0,0,128592735,33694213,94898522
44,13,94898522,44706639,117580309,67108864,0,0,0,128592735,33694213,94898522
44,14,94898522,44706639,117580309,67108864,0,0,0,128592735,33694213,94898522
44,15,94898522,44706639,117580309,67108864,0,0,0,128592735,33694213,94898522
44,16,94898522,44706639,117580309,67108864,0,0,0,128592735,33694213,94898522
44,17,94898522,44706639,117580309,67108864,0,0,0,128592735,33694213,94898522
44,18,94898522,44706639,117580309,67108864,0,0,0,128592735,33694213,94898522
44,19,94898522,44706639,117580309,67108864,0,0,0,128592735,33694213,94898522
44,20,94898522,44706639,117580309,67108864,0,0,0,128592735,33694213,94898522
44,21,94898522,44706639,117580309,67108864,0,0,0,128592735,33694213,94898522
44,22,94898522,44706639,117580309,67108864,0,0,0,128592735,33694213,94898522
44,23,94898522,44706639,117580309,67108864,0,0,0,128592735,33694213,94898522
44,24,94898522,44706639,117580309,67108864,0,0,0,128592735,33694213,94898522
44,25,94898522,44706639,117580309,67108864,0,0,0,128592735,33694213,94898522
44,26,94898522,44706639,117580309,67108864,0,0,0,128592735,33694213,94898522
44,27,94898522,44706639,117580309,67108864,0,0,0,128592735,33694213,94898522
44,28,94898522,44706639,117580309,67108864,0,0,0,128592735,33694213,94898522
45,0,1074823492,2859242534,2859242534,6291492,4194340,1,0,4294967295,3934033254,2179145762
45,1,2179145762,2859242534,2859242534,6291492,4194340,1,0,4294967295,2884613158,1074823492
45,2,1074823492,2859242534,2859242534,6291492,4194340,1,0,4294967295,3934033254,2179145762
45,3,2179145762,2859242534,2859242534,6291492,4194340,1,0,4294967295,2884613158,1074823492
45,4,1074823492,2859242534,2859242534,6291492,4194340,1,0,4294967295,3934033254,2179145762
45,5,2179145762,2859242534,2859242534,6291492,4194340,1,0,4294967295,2884613158,1074823492
45,6,1074823492,2859242534,2859242534,6291492,4194340,1,0,4294967295,3934033254,2179145762
45,7,2179145762,2859242534,2859242534,6291492,4194340,1,0,4294967295,2884613158,1074823492
45,8,1074823492,2859242534,2859242534,6291492,4194340,1,0,4294967295,3934033254,2179145762
45,9,2179145762,2859242534,2859242534,6291492,4194340,1,0,4294967295,2884613158,1074823492
46,0,3227520367,1274002818,873480720,1048576,1048576,0,1048576,193966208,1952468754,2189561965
46,1,2189561965,1274002818,873480720,1048576,1048576,0,1048576,1231924610,914510352,3227520367
46,2,3227520367,1274002818,873480720,1048576,1048576,0,1048576,193966208,1952468754,2189561965
46,3,2189561965,1274002818,873480720,1048576,1048576,0,1048576,1231924610,914510352,3227520367
46,4,3227520367,1274002818,873480720,1048576,1048576,0,1048576,193966208,1952468754,2189561965
46,5,2189561965,1274002818,873480720,1048576,1048576,0,1048576,1231924610,914510352,3227520367
46,6,3227520367,1274002818,873480720,1048576,1048576,0,1048576,193966208,1952468754,2189561965
46,7,2189561965,1274002818,873480720,1048576,1048576,0,1048576,1231924610,914510352,3227520367
46,8,3227520367,1274002818,873480720,1048576,1048576,0,1048576,193966208,1952468754,2189561965
46,9,2189561965,1274002818,873480720,1048576,1048576,0,1048576,1231924610,914510352,3227520367
46,10,3227520367,1274002818,873480720,1048576,1048576,0,1048576,193966208,1952468754,2189561965
46,11,2189561965,1274002818,873480720,1048576,1048576,0,1048576,1231924610,914510352,3227520367
46,12,3227520367,1274002818,873480720,1048576,1048576,0,1048576,193966208,1952468754,2189561965
46,13,2189561965,1274002818,873480720,1048576,1048576,0,1048576,1231924610,914510352,3227520367
46,14,3227520367,1274002818,873480720,1048576,1048576,0,1048576,193966208,1952468754,2189561965
46,15,2189561965,1274002818,873480720,1048576,1048576,0,1048576,1231924610,914510352,3227520367
46,16,3227520367,1274002818,873480720,1048576,1048576,0,1048576,193966208,1952468754,2189561965
46,17,2189561965,1274002818,873480720,1048576,1048576,0,1048576,1231924610,914510352,3227520367
46,18,3227520367,1274002818,873480720,1048576,1048576,0,1048576,193966208,1952468754,2189561965
46,19,2189561965,1274002818,873480720,1048576,1048576,0,1048576,1231924610,914510352,3227520367
46,20,3227520367,1274002818,873480720,1048576,1048576,0,1048576,193966208,1952468754,2189561965
46,21,2189561965,1274002818,873480720,1048576,1048576,0,1048576,1231924610,914510352,3227520367
46,22,3227520367,1274002818,873480720,1048576,1048576,0,1048576,193966208,1952468754,2189561965
47,0,538224808,2228233102,2066734193,1610907696,537165824,2,0,3756742487,4294967295,1107824980
47,1,1107824980,2228233102,2066734193,1610907696,537165824,2,0,3187142315,4294967295,538224808
47,2,538224808,2228233102,2066734193,1610907696,537165824,2,0,3756742487,4294967295,1107824980
47,3,1107824980,2228233102,2066734193,1610907696,537165824,2,0,3187142315,4294967295,538224808
48,0,2215777280,2390981909,4117665514,1610612736,1073741824,0,1073741824,176253205,3289519104,33554437
48,1,33554437,2390981909,1937539823,1645215748,1074790404,0,1074790404,2357427476,1108344833,2214728708
48,2,2214728708,2390981909,4118714094,1611661316,1074790404,0,1074790404,176253205,3289519104,33554437
48,3,33554437,2390981909,1937539823,1645215748,1074790404,0,1074790404,2357427476,1108344833,2214728708
48,4,2214728708,2390981909,4118714094,1611661316,1074790404,0,1074790404,176253205,3289519104,33554437
48,5,33554437,2390981909,1937539823,1645215748,1074790404,0,1074790404,2357427476,1108344833,2214728708
48,6,2214728708,2390981909,4118714094,1611661316,1074790404,0,1074790404,176253205,3289519104,33554437
48,7,33554437,2390981909,1937539823,1645215748,1074790404,0,1074790404,2357427476,1108344833,2214728708
48,8,2214728708,2390981909,4118714094,1611661316,1074790404,0,1074790404,176253205,3289519104,33554437
48,9,33554437,2390981909,1937539823,1645215748,1074790404,0,1074790404,2357427476,1108344833,2214728708
48,10,2214728708,2390981909,4118714094,1611661316,1074790404,0,1074790404,176253205,3289519104,33554437
48,11,33554437,2390981909,1937539823,1645215748,1074790404,0,1074790404,2357427476,1108344833,2214728708
48,12,2214728708,2390981909,4118714094,1611661316,1074790404,0,1074790404,176253205,3289519104,33554437
48,13,33554437,2390981909,1937539823,1645215748,1074790404,0,1074790404,2357427476,1108344833,2214728708
48,14,2214728708,2390981909,4118714094,1611661316,1074790404,0,1074790404,176253205,3289519104,33554437
48,15,33554437,2390981909,1937539823,1645215748,1074790404,0,1074790404,2357427476,1108344833,2214728708
48,16,2214728708,2390981909,4118714094,1611661316,1074790404,0,1074790404,176253205,3289519104,33554437
49,0,1096896522,855049778,4288610301,1343751492,1048576,1,0,1096896522,0,1096896522
49,1,1096896522,855049778,4288610301,1343751492,1048576,1,0,1096896522,0,1096896522
49,2,1096896522,855049778,4288610301,1343751492,1048576,1,0,1096896522,0,1096896522
49,3,1096896522,855049778,4288610301,1343751492,1048576,1,0,1096896522,0,1096896522
49,4,1096896522,855049778,4288610301,1343751492,1048576,1,0,1096896522,0,1096896522
49,5,1096896522,855049778,4288610301,1343751492,1048576,1,0,1096896522,0,1096896522
49,6,1096896522,855049778,4288610301,1343751492,1048576,1,0,1096896522,0,1096896522
49,7,1096896522,855049778,4288610301,1343751492,1048576,1,0,1096896522,0,1096896522
49,8,1096896522,855049778,4288610301,1343751492,1048576,1,0,1096896522,0,1096896522
49,9,1096896522,855049778,4288610301,1343751492,1048576,1,0,1096896522,0,1096896522
49,10,1096896522,855049778,4288610301,1343751492,1048576,1,0,1096896522,0,1096896522
49,11,1096896522,855049778,4288610301,1343751492,1048576,1,0,1096896522,0,1096896522
49,12,1096896522,855049778,4288610301,1343751492,1048576,1,0,1096896522,0,1096896522
49,13,1096896522,855049778,4288610301,1343751492,1048576,1,0,1096896522,0,1096896522
49,14,1096896522,855049778,4288610301,1343751492,1048576,1,0,1096896522,0,1096896522
49,15,1096896522,855049778,4288610301,1343751492,1048576,1,0,1096896522,0,1096896522
49,16,1096896522,855049778,4288610301,1343751492,1048576,1,0,1096896522,0,1096896522
49,17,1096896522,855049778,4288610301,1343751492,1048576,1,0,1096896522,0,1096896522
49,18,1096896522,855049778,4288610301,1343751492,1048576,1,0,1096896522,0,1096896522
49,19,1096896522,855049778,4288610301,1343751492,1048576,1,0,1096896522,0,1096896522
49,20,1096896522,855049778,4288610301,1343751492,1048576,1,0,1096896522,0,1096896522
49,21,1096896522,855049778,4288610301,1343751492,1048576,1,0,1096896522,0,1096896522
49,22,1096896522,855049778,4288610301,1343751492,1048576,1,0,1096896522,0,1096896522
49,23,1096896522,855049778,4288610301,1343751492,1048576,1,0,1096896522,0,1096896522
49,24,1096896522,855049778,4288610301,1343751492,1048576,1,0,1096896522,0,1096896522
49,25,1096896522,855049778,4288610301,1343751492,1048576,1,0,1096896522,0,1096896522
49,26,1096896522,855049778,4288610301,1343751492,1048576,1,0,1096896522,0,1096896522
49,27,1096896522,855049778,4288610301,1343751492,1048576,1,0,1096896522,0,1096896522
49,28,1096896522,855049778,4288610301,1343751492,1048576,1,0,1096896522,0,1096896522
49,29,1096896522,855049778,4288610301,1343751492,1048576,1,0,1096896522,0,1096896522
50,0,1402348570,436560986,1234387008,1100087360,1179648,0,1179648,436560986,1402348570,16448
50,1,16448,436560986,436544538,271384,262144,0,262144,436560986,16448,302261274
50,2,302261274,436560986,134299712,64,0,0,0,436560986,302261274,16448
50,3,16448,436560986,436544538,271384,262144,0,262144,436560986,16448,302261274
50,4,302261274,436560986,134299712,64,0,0,0,436560986,302261274,16448
50,5,16448,436560986,436544538,271384,262144,0,262144,436560986,16448,302261274
50,6,302261274,436560986,134299712,64,0,0,0,436560986,302261274,16448
50,7,16448,436560986,436544538,271384,262144,0,262144,436560986,16448,302261274
50,8,302261274,436560986,134299712,64,0,0,0,436560986,302261274,16448
50,9,16448,436560986,436544538,271384,262144,0,262144,436560986,16448,302261274
50,10,302261274,436560986,134299712,64,0,0,0,436560986,302261274,16448
51,0,2995017344,947146734,2330990958,6146,4096,1,0,947146734,947146734,2191530022
51,1,2191530022,947146734,3134478280,266880,4096,1,0,947146734,947146734,2995017344
51,2,2995017344,947146734,2330990958,6146,4096,1,0,947146734,947146734,2191530022
51,3,2191530022,947146734,3134478280,266880,4096,1,0,947146734,947146734,2995017344
51,4,2995017344,947146734,2330990958,6146,4096,1,0,947146734,947146734,2191530022
51,5,2191530022,947146734,3134478280,266880,4096,1,0,947146734,947146734,2995017344
51,6,2995017344,947146734,2330990958,6146,4096,1,0,947146734,947146734,2191530022
51,7,2191530022,947146734,3134478280,266880,4096,1,0,947146734,947146734,2995017344
51,8,2995017344,947146734,2330990958,6146,4096,1,0,947146734,947146734,2191530022
51,9,2191530022,947146734,3134478280,266880,4096,1,0,947146734,947146734,2995017344
51,10,2995017344,947146734,2330990958,6146,4096,1,0,947146734,947146734,2191530022
51,11,2191530022,947146734,3134478280,266880,4096,1,0,947146734,947146734,2995017344
51,12,2995017344,947146734,2330990958,6146,4096,1,0,947146734,947146734,2191530022
51,13,2191530022,947146734,3134478280,266880,4096,1,0,947146734,947146734,2995017344
51,14,2995017344,947146734,2330990958,6146,4096,1,0,947146734,947146734,2191530022
51,15,2191530022,947146734,3134478280,266880,4096,1,0,947146734,947146734,2995017344
51,16,2995017344,947146734,2330990958,6146,4096,1,0,947146734,947146734,2191530022
51,17,2191530022,947146734,3134478280,266880,4096,1,0,947146734,947146734,2995017344
51,18,2995017344,947146734,2330990958,6146,4096,1,0,947146734,947146734,2191530022
51,19,2191530022,947146734,3134478280,266880,4096,1,0,947146734,947146734,2995017344
51,20,2995017344,947146734,2330990958,6146,4096,1,0,947146734,947146734,2191530022
51,21,2191530022,947146734,3134478280,266880,4096,1,0,947146734,947146734,2995017344
51,22,2995017344,947146734,2330990958,6146,4096,1,0,947146734,947146734,2191530022
51,23,2191530022,947146734,3134478280,266880,4096,1,0,947146734,947146734,2995017344
52,0,3221299472,190306836,3411475204,2164271104,16787456,0,16787456,190306836,3238013184,17897488
52,1,17897488,190306836,172409348,0,0,0,0,190306836,0,17897488
52,2,17897488,190306836,172409348,0,0,0,0,190306836,0,17897488
52,3,17897488,190306836,172409348,0,0,0,0,190306836,0,17897488
52,4,17897488,190306836,172409348,0,0,0,0,190306836,0,17897488
53,0,8398976,1403059418,2900306853,71444864,141440,2,0,8398976,4286568319,8398976
53,1,8398976,1403059418,2900306853,71444864,141440,2,0,8398976,4286568319,8398976
53,2,8398976,1403059418,2900306853,71444864,141440,2,0,8398976,4286568319,8398976
53,3,8398976,1403059418,2900306853,71444864,141440,2,0,8398976,4286568319,8398976
53,4,8398976,1403059418,2900306853,71444864,141440,2,0,8398976,4286568319,8398976
53,5,8398976,1403059418,2900306853,71444864,141440,2,0,8398976,4286568319,8398976
53,6,8398976,1403059418,2900306853,71444864,141440,2,0,8398976,4286568319,8398976
53,7,8398976,1403059418,2900306853,71444864,141440,2,0,8398976,4286568319,8398976
53,8,8398976,1403059418,2900306853,71444864,141440,2,0,8398976,4286568319,8398976
53,9,8398976,1403059418,2900306853,71444864,141440,2,0,8398976,4286568319,8398976
53,10,8398976,1403059418,2900306853,71444864,141440,2,0,8398976,4286568319,8398976
53,11,8398976,1403059418,2900306853,71444864,141440,2,0,8398976,4286568319,8398976
53,12,8398976,1403059418,2900306853,71444864,141440,2,0,8398976,4286568319,8398976
53,13,8398976,1403059418,2900306853,71444864,141440,2,0,8398976,4286568319,8398976
53,14,8398976,1403059418,2900306853,71444864,141440,2,0,8398976,4286568319,8398976
53,15,8398976,1403059418,2900306853,71444864,141440,2,0,8398976,4286568319,8398976
53,16,8398976,1403059418,2900306853,71444864,141440,2,0,8398976,4286568319,8398976
53,17,8398976,1403059418,2900306853,71444864,141440,2,0,8398976,4286568319,8398976
54,0,270798352,699163773,4292606959,268454408,18440,0,18440,270812696,18440,270812696
54,1,270812696,699163773,4292590567,268438016,2048,0,2048,270814744,2048,270814744
54,2,270814744,699163773,4292590567,268438016,2048,0,2048,270812696,2048,270812696
54,3,270812696,699163773,4292590567,268438016,2048,0,2048,270814744,2048,270814744
54,4,270814744,699163773,4292590567,268438016,2048,0,2048,270812696,2048,270812696
54,5,270812696,699163773,4292590567,268438016,2048,0,2048,270814744,2048,270814744
54,6,270814744,699163773,4292590567,268438016,2048,0,2048,270812696,2048,270812696
54,7,270812696,699163773,4292590567,268438016,2048,0,2048,270814744,2048,270814744
54,8,270814744,699163773,4292590567,268438016,2048,0,2048,270812696,2048,270812696
54,9,270812696,699163773,4292590567,268438016,2048,0,2048,270814744,2048,270814744
54,10,270814744,699163773,4292590567,268438016,2048,0,2048,270812696,2048,270812696
54,11,270812696,699163773,4292590567,268438016,2048,0,2048,270814744,2048,270814744
54,12,270814744,699163773,4292590567,268438016,2048,0,2048,270812696,2048,270812696
54,13,270812696,699163773,4292590567,268438016,2048,0,2048,270814744,2048,270814744
54,14,270814744,699163773,4292590567,268438016,2048,0,2048,270812696,2048,270812696
54,15,270812696,699163773,4292590567,268438016,2048,0,2048,270814744,2048,270814744
54,16,270814744,699163773,4292590567,268438016,2048,0,2048,270812696,2048,270812696
54,17,270812696,699163773,4292590567,268438016,2048,0,2048,270814744,2048,270814744
54,18,270814744,699163773,4292590567,268438016,2048,0,2048,270812696,2048,270812696
54,19,270812696,699163773,4292590567,268438016,2048,0,2048,270814744,2048,270814744
54,20,270814744,699163773,4292590567,268438016,2048,0,2048,270812696,2048,270812696
54,21,270812696,699163773,4292590567,268438016,2048,0,2048,270814744,2048,270814744
54,22,270814744,699163773,4292590567,268438016,2048,0,2048,270812696,2048,270812696
54,23,270812696,699163773,4292590567,268438016,2048,0,2048,270814744,2048,270814744
54,24,270814744,699163773,4292590567,268438016,2048,0,2048,270812696,2048,270812696
54,25,270812696,699163773,4292590567,268438016,2048,0,2048,270814744,2048,270814744
54,26,270814744,699163773,4292590567,268438016,2048,0,2048,270812696,2048,270812696
54,27,270812696,699163773,4292590567,268438016,2048,0,2048,270814744,2048,270814744
54,28,270814744,699163773,4292590567,268438016,2048,0,2048,270812696,2048,270812696
54,29,270812696,699163773,4292590567,268438016,2048,0,2048,270814744,2048,270814744
54,30,270814744,699163773,4292590567,268438016,2048,0,2048,270812696,2048,270812696
55,0,756036624,3347880742,3263990566,3221227526,2147485700,1,0,0,4294967295,0
55,1,0,3347880742,3347880742,3238004742,2147485700,1,0,0,4294967295,0
55,2,0,3347880742,3347880742,3238004742,2147485700,1,0,0,4294967295,0
55,3,0,3347880742,3347880742,3238004742,2147485700,1,0,0,4294967295,0
55,4,0,3347880742,3347880742,3238004742,2147485700,1,0,0,4294967295,0
55,5,0,3347880742,3347880742,3238004742,2147485700,1,0,0,4294967295,0
55,6,0,3347880742,3347880742,3238004742,2147485700,1,0,0,4294967295,0
55,7,0,3347880742,3347880742,3238004742,2147485700,1,0,0,4294967295,0
55,8,0,3347880742,3347880742,3238004742,2147485700,1,0,0,4294967295,0
55,9,0,3347880742,3347880742,3238004742,2147485700,1,0,0,4294967295,0
55,10,0,3347880742,3347880742,3238004742,2147485700,1,0,0,4294967295,0
55,11,0,3347880742,3347880742,3238004742,2147485700,1,0,0,4294967295,0
56,0,1228940097,985399933,1945903420,272630016,256,0,256,985399933,1945903164,402654021
56,1,402654021,985399933,582746424,256,256,0,256,985399933,582746168,402654021
56,2,402654021,985399933,582746424,256,256,0,256,985399933,582746168,402654021
56,3,402654021,985399933,582746424,256,256,0,256,985399933,582746168,402654021
56,4,402654021,985399933,582746424,256,256,0,256,985399933,582746168,402654021
56,5,402654021,985399933,582746424,256,256,0,256,985399933,582746168,402654021
56,6,402654021,985399933,582746424,256,256,0,256,985399933,582746168,402654021
56,7,402654021,985399933,582746424,256,256,0,256,985399933,582746168,402654021
56,8,402654021,985399933,582746424,256,256,0,256,985399933,582746168,402654021
56,9,402654021,985399933,582746424,256,256,0,256,985399933,582746168,402654021
56,10,402654021,985399933,582746424,256,256,0,256,985399933,582746168,402654021
56,11,402654021,985399933,582746424,256,256,0,256,985399933,582746168,402654021
56,12,402654021,985399933,582746424,256,256,0,256,985399933,582746168,402654021
56,13,402654021,985399933,582746424,256,256,0,256,985399933,582746168,402654021
56,14,402654021,985399933,582746424,256,256,0,256,985399933,582746168,402654021
56,15,402654021,985399933,582746424,256,256,0,256,985399933,582746168,402654021
56,16,402654021,985399933,582746424,256,256,0,256,985399933,582746168,402654021
56,17,402654021,985399933,582746424,256,256,0,256,985399933,582746168,402654021
56,18,402654021,985399933,582746424,256,256,0,256,985399933,582746168,402654021
56,19,402654021,985399933,582746424,256,256,0,256,985399933,582746168,402654021
56,20,402654021,985399933,582746424,256,256,0,256,985399933,582746168,402654021
56,21,402654021,985399933,582746424,256,256,0,256,985399933,582746168,402654021
56,22,402654021,985399933,582746424,256,256,0,256,985399933,582746168,402654021
56,23,402654021,985399933,582746424,256,256,0,256,985399933,582746168,402654021
56,24,402654021,985399933,582746424,256,256,0,256,985399933,582746168,402654021
57,0,554762517,1972800048,2322167247,4164,4160,0,4160,1972870005,2876794010,69957
57,1,69957,1972800048,2322167247,4164,4160,0,4160,1972870005,2322101450,554762517
57,2,554762517,1972800048,2322167247,4164,4160,0,4160,1972870005,2876794010,69957
57,3,69957,1972800048,2322167247,4164,4160,0,4160,1972870005,2322101450,554762517
57,4,554762517,1972800048,2322167247,4164,4160,0,4160,1972870005,2876794010,69957
57,5,69957,1972800048,2322167247,4164,4160,0,4160,1972870005,2322101450,554762517
58,0,69468809,82096491,4212870164,213008,147472,0,147472,0,4225498486,69468809
58,1,69468809,82096491,4212870164,213008,147472,0,147472,0,4225498486,69468809
58,2,69468809,82096491,4212870164,213008,147472,0,147472,0,4225498486,69468809
58,3,69468809,82096491,4212870164,213008,147472,0,147472,0,4225498486,69468809
58,4,69468809,82096491,4212870164,213008,147472,0,147472,0,4225498486,69468809
58,5,69468809,82096491,4212870164,213008,147472,0,147472,0,4225498486,69468809
58,6,69468809,82096491,4212870164,213008,147472,0,147472,0,4225498486,69468809
58,7,69468809,82096491,4212870164,213008,147472,0,147472,0,4225498486,69468809
58,8,69468809,82096491,4212870164,213008,147472,0,147472,0,4225498486,69468809
58,9,69468809,82096491,4212870164,213008,147472,0,147472,0,4225498486,69468809
58,10,69468809,82096491,4212870164,213008,147472,0,147472,0,4225498486,69468809
58,11,69468809,82096491,4212870164,213008,147472,0,147472,0,4225498486,69468809
58,12,69468809,82096491,4212870164,213008,147472,0,147472,0,4225498486,69468809
58,13,69468809,82096491,4212870164,213008,147472,0,147472,0,4225498486,69468809
58,14,69468809,82096491,4212870164,213008,147472,0,147472,0,4225498486,69468809
58,15,69468809,82096491,4212870164,213008,147472,0,147472,0,4225498486,69468809
58,16,69468809,82096491,4212870164,213008,147472,0,147472,0,4225498486,69468809
58,17,69468809,82096491,4212870164,213008,147472,0,147472,0,4225498486,69468809
58,18,69468809,82096491,4212870164,213008,147472,0,147472,0,4225498486,69468809
59,0,2431455392,1678670346,1677879818,67133952,67133952,1,0,4108544682,4108544682,67926528
59,1,67926528,1678670346,1610743818,0,0,0,0,1610743818,1610743818,67926528
59,2,67926528,1678670346,1610743818,0,0,0,0,1610743818,1610743818,67926528
59,3,67926528,1678670346,1610743818,0,0,0,0,1610743818,1610743818,67926528
59,4,67926528,1678670346,1610743818,0,0,0,0,1610743818,1610743818,67926528
59,5,67926528,1678670346,1610743818,0,0,0,0,1610743818,1610743818,67926528
59,6,67926528,1678670346,1610743818,0,0,0,0,1610743818,1610743818,67926528
59,7,67926528,1678670346,1610743818,0,0,0,0,1610743818,1610743818,67926528
59,8,67926528,1678670346,1610743818,0,0,0,0,1610743818,1610743818,67926528
59,9,67926528,1678670346,1610743818,0,0,0,0,1610743818,1610743818,67926528
59,10,67926528,1678670346,1610743818,0,0,0,0,1610743818,1610743818,67926528
59,11,67926528,1678670346,1610743818,0,0,0,0,1610743818,1610743818,67926528
59,12,67926528,1678670346,1610743818,0,0,0,0,1610743818,1610743818,67926528
59,13,67926528,1678670346,1610743818,0,0,0,0,1610743818,1610743818,67926528
59,14,67926528,1678670346,1610743818,0,0,0,0,1610743818,1610743818,67926528
59,15,67926528,1678670346,1610743818,0,0,0,0,1610743818,1610743818,67926528
59,16,67926528,1678670346,1610743818,0,0,0,0,1610743818,1610743818,67926528
59,17,67926528,1678670346,1610743818,0,0,0,0,1610743818,1610743818,67926528
59,18,67926528,1678670346,1610743818,0,0,0,0,1610743818,1610743818,67926528
59,19,67926528,1678670346,1610743818,0,0,0,0,1610743818,1610743818,67926528
59,20,67926528,1678670346,1610743818,0,0,0,0,1610743818,1610743818,67926528
59,21,67926528,1678670346,1610743818,0,0,0,0,1610743818,1610743818,67926528
59,22,67926528,1678670346,1610743818,0,0,0,0,1610743818,1610743818,67926528
59,23,67926528,1678670346,1610743818,0,0,0,0,1610743818,1610743818,67926528
59,24,67926528,1678670346,1610743818,0,0,0,0,1610743818,1610743818,67926528
59,25,67926528,1678670346,1610743818,0,0,0,0,1610743818,1610743818,67926528
59,26,67926528,1678670346,1610743818,0,0,0,0,1610743818,1610743818,67926528
59,27,67926528,1678670346,1610743818,0,0,0,0,1610743818,1610743818,67926528
59,28,67926528,1678670346,1610743818,0,0,0,0,1610743818,1610743818,67926528
59,29,67926528,1678670346,1610743818,0,0,0,0,1610743818,1610743818,67926528
59,30,67926528,1678670346,1610743818,0,0,0,0,1610743818,1610743818,67926528
59,31,67926528,1678670346,1610743818,0,0,0,0,1610743818,1610743818,67926528
60,0,2147496162,195141020,4294967295,3221762082,3221753890,0,3221753890,2147496162,195145180,2147487778
60,1,2147487778,195141020,4294967295,3221762082,3221753890,0,3221753890,2147487778,195136924,2147487778
60,2,2147487778,195141020,4294967295,3221762082,3221753890,0,3221753890,2147487778,195136924,2147487778
60,3,2147487778,195141020,4294967295,3221762082,3221753890,0,3221753890,2147487778,195136924,2147487778
60,4,2147487778,195141020,4294967295,3221762082,3221753890,0,3221753890,2147487778,195136924,2147487778
60,5,2147487778,195141020,4294967295,3221762082,3221753890,0,3221753890,2147487778,195136924,2147487778
60,6,2147487778,195141020,4294967295,3221762082,3221753890,0,3221753890,2147487778,195136924,2147487778
60,7,2147487778,195141020,4294967295,3221762082,3221753890,0,3221753890,2147487778,195136924,2147487778
60,8,2147487778,195141020,4294967295,3221762082,3221753890,0,3221753890,2147487778,195136924,2147487778
60,9,2147487778,195141020,4294967295,3221762082,3221753890,0,3221753890,2147487778,195136924,2147487778
60,10,2147487778,195141020,4294967295,3221762082,3221753890,0,3221753890,2147487778,195136924,2147487778
60,11,2147487778,195141020,4294967295,3221762082,3221753890,0,3221753890,2147487778,195136924,2147487778
60,12,2147487778,195141020,4294967295,3221762082,3221753890,0,3221753890,2147487778,195136924,2147487778
61,0,73401505,4068487313,4221565790,151138816,16785408,1,0,4068487313,153078735,1180709920
61,1,1180709920,4068487313,3114257375,151126529,16777216,1,0,4068487313,1260387150,73401505
61,2,73401505,4068487313,4221565790,151138816,16785408,1,0,4068487313,153078735,1180709920
61,3,1180709920,4068487313,3114257375,151126529,16777216,1,0,4068487313,1260387150,73401505
61,4,73401505,4068487313,4221565790,151138816,16785408,1,0,4068487313,153078735,1180709920
61,5,1180709920,4068487313,3114257375,151126529,16777216,1,0,4068487313,1260387150,73401505
61,6,73401505,4068487313,4221565790,151138816,16785408,1,0,4068487313,153078735,1180709920
61,7,1180709920,4068487313,3114257375,151126529,16777216,1,0,4068487313,1260387150,73401505
61,8,73401505,4068487313,4221565790,151138816,16785408,1,0,4068487313,153078735,1180709920
61,9,1180709920,4068487313,3114257375,151126529,16777216,1,0,4068487313,1260387150,73401505
61,10,73401505,4068487313,4221565790,151138816,16785408,1,0,4068487313,153078735,1180709920
61,11,1180709920,4068487313,3114257375,151126529,16777216,1,0,4068487313,1260387150,73401505
61,12,73401505,4068487313,4221565790,151138816,16785408,1,0,4068487313,153078735,1180709920
61,13,1180709920,4068487313,3114257375,151126529,16777216,1,0,4068487313,1260387150,73401505
61,14,73401505,4068487313,4221565790,151138816,16785408,1,0,4068487313,153078735,1180709920
61,15,1180709920,4068487313,3114257375,151126529,16777216,1,0,4068487313,1260387150,73401505
61,16,73401505,4068487313,4221565790,151138816,16785408,1,0,4068487313,153078735,1180709920
61,17,1180709920,4068487313,3114257375,151126529,16777216,1,0,4068487313,1260387150,73401505
61,18,73401505,4068487313,4221565790,151138816,16785408,1,0,4068487313,153078735,1180709920
61,19,1180709920,4068487313,3114257375,151126529,16777216,1,0,4068487313,1260387150,73401505
61,20,73401505,4068487313,4221565790,151138816,16785408,1,0,4068487313,153078735,1180709920
61,21,1180709920,4068487313,3114257375,151126529,16777216,1,0,4068487313,1260387150,73401505
61,22,73401505,4068487313,4221565790,151138816,16785408,1,0,4068487313,153078735,1180709920
61,23,1180709920,4068487313,3114257375,151126529,16777216,1,0,4068487313,1260387150,73401505
61,24,73401505,4068487313,4221565790,151138816,16785408,1,0,4068487313,153078735,1180709920
61,25,1180709920,4068487313,3114257375,151126529,16777216,1,0,4068487313,1260387150,73401505
62,0,753447456,1680015643,147370528,8921120,8921120,0,8921120,4286046175,0,1038660322
62,1,1038660322,1680015643,432583392,25698400,8921120,0,8921120,4286046175,0,1038660322
62,2,1038660322,1680015643,432583392,25698400,8921120,0,8921120,4286046175,0,1038660322
62,3,1038660322,1680015643,432583392,25698400,8921120,0,8921120,4286046175,0,1038660322
62,4,1038660322,1680015643,432583392,25698400,8921120,0,8921120,4286046175,0,1038660322
62,5,1038660322,1680015643,432583392,25698400,8921120,0,8921120,4286046175,0,1038660322
62,6,1038660322,1680015643,432583392,25698400,8921120,0,8921120,4286046175,0,1038660322
63,0,205447208,3770039330,4089520087,1073744391,1073743877,2,0,3547168,4294967295,0
63,1,0,3770039330,4294967295,1209330191,1073793029,4,0,0,4294967295,0
63,2,0,3770039330,4294967295,1209330191,1073793029,4,0,0,4294967295,0
63,3,0,3770039330,4294967295,1209330191,1073793029,4,0,0,4294967295,0
63,4,0,3770039330,4294967295,1209330191,1073793029,4,0,0,4294967295,0
63,5,0,3770039330,4294967295,1209330191,1073793029,4,0,0,4294967295,0
63,6,0,3770039330,4294967295,1209330191,1073793029,4,0,0,4294967295,0
63,7,0,3770039330,4294967295,1209330191,1073793029,4,0,0,4294967295,0
63,8,0,3770039330,4294967295,1209330191,1073793029,4,0,0,4294967295,0
63,9,0,3770039330,4294967295,1209330191,1073793029,4,0,0,4294967295,0
63,10,0,3770039330,4294967295,1209330191,1073793029,4,0,0,4294967295,0
63,11,0,3770039330,4294967295,1209330191,1073793029,4,0,0,4294967295,0
63,12,0,3770039330,4294967295,1209330191,1073793029,4,0,0,4294967295,0
63,13,0,3770039330,4294967295,1209330191,1073793029,4,0,0,4294967295,0
63,14,0,3770039330,4294967295,1209330191,1073793029,4,0,0,4294967295,0
63,15,0,3770039330,4294967295,1209330191,1073793029,4,0,0,4294967295,0
63,16,0,3770039330,4294967295,1209330191,1073793029,4,0,0,4294967295,0
63,17,0,3770039330,4294967295,1209330191,1073793029,4,0,0,4294967295,0
63,18,0,3770039330,4294967295,1209330191,1073793029,4,0,0,4294967295,0
63,19,0,3770039330,4294967295,1209330191,1073793029,4,0,0,4294967295,0
64,0,61179424,1254432662,3040534633,606642208,0,0,0,0,4294967295,0
65,0,671096336,1006140026,3623870959,1459625985,352329729,3,0,671096336,1024,671095312
65,1,671095312,1006140026,3623871983,1459625985,352329729,3,0,671095312,0,671095312
65,2,671095312,1006140026,3623871983,1459625985,352329729,3,0,671095312,0,671095312
65,3,671095312,1006140026,3623871983,1459625985,352329729,3,0,671095312,0,671095312
65,4,671095312,1006140026,3623871983,1459625985,352329729,3,0,671095312,0,671095312
65,5,671095312,1006140026,3623871983,1459625985,352329729,3,0,671095312,0,671095312
65,6,671095312,1006140026,3623871983,1459625985,352329729,3,0,671095312,0,671095312
65,7,671095312,1006140026,3623871983,1459625985,352329729,3,0,671095312,0,671095312
65,8,671095312,1006140026,3623871983,1459625985,352329729,3,0,671095312,0,671095312
65,9,671095312,1006140026,3623871983,1459625985,352329729,3,0,671095312,0,671095312
65,10,671095312,1006140026,3623871983,1459625985,352329729,3,0,671095312,0,671095312
65,11,671095312,1006140026,3623871983,1459625985,352329729,3,0,671095312,0,671095312
65,12,671095312,1006140026,3623871983,1459625985,352329729,3,0,671095312,0,671095312
65,13,671095312,1006140026,3623871983,1459625985,352329729,3,0,671095312,0,671095312
66,0,555031608,4144958192,150009103,16384,0,0,0,4144958192,0,589110904
66,1,589110904,4144958192,150009103,16384,0,0,0,4144958192,0,589110904
66,2,589110904,4144958192,150009103,16384,0,0,0,4144958192,0,589110904
66,3,589110904,4144958192,150009103,16384,0,0,0,4144958192,0,589110904
66,4,589110904,4144958192,150009103,16384,0,0,0,4144958192,0,589110904
66,5,589110904,4144958192,150009103,16384,0,0,0,4144958192,0,589110904
66,6,589110904,4144958192,150009103,16384,0,0,0,4144958192,0,589110904
66,7,589110904,4144958192,150009103,16384,0,0,0,4144958192,0,589110904
66,8,589110904,4144958192,150009103,16384,0,0,0,4144958192,0,589110904
66,9,589110904,4144958192,150009103,16384,0,0,0,4144958192,0,589110904
66,10,589110904,4144958192,150009103,16384,0,0,0,4144958192,0,589110904
66,11,589110904,4144958192,150009103,16384,0,0,0,4144958192,0,589110904
66,12,589110904,4144958192,150009103,16384,0,0,0,4144958192,0,589110904
66,13,589110904,4144958192,150009103,16384,0,0,0,4144958192,0,589110904
66,14,589110904,4144958192,150009103,16384,0,0,0,4144958192,0,589110904
66,15,589110904,4144958192,150009103,16384,0,0,0,4144958192,0,589110904
66,16,589110904,4144958192,150009103,16384,0,0,0,4144958192,0,589110904
66,17,589110904,4144958192,150009103,16384,0,0,0,4144958192,0,589110904
66,18,589110904,4144958192,150009103,16384,0,0,0,4144958192,0,589110904
66,19,589110904,4144958192,150009103,16384,0,0,0,4144958192,0,589110904
66,20,589110904,4144958192,150009103,16384,0,0,0,4144958192,0,589110904
66,21,589110904,4144958192,150009103,16384,0,0,0,4144958192,0,589110904
66,22,589110904,4144958192,150009103,16384,0,0,0,4144958192,0,589110904
66,23,589110904,4144958192,150009103,16384,0,0,0,4144958192,0,589110904
66,24,589110904,4144958192,150009103,16384,0,0,0,4144958192,0,589110904
66,25,589110904,4144958192,150009103,16384,0,0,0,4144958192,0,589110904
66,26,589110904,4144958192,150009103,16384,0,0,0,4144958192,0,589110904
67,0,83886086,373534358,3904655721,524352,524288,1,0,4294967295,323202704,2391346542
67,1,2391346542,373534358,1630818305,0,0,0,0,4294967295,2563417080,117509126
67,2,117509126,373534358,3904655721,524352,524288,1,0,4294967295,289579664,2391346542
67,3,2391346542,373534358,1630818305,0,0,0,0,4294967295,2563417080,117509126
67,4,117509126,373534358,3904655721,524352,524288,1,0,4294967295,289579664,2391346542
67,5,2391346542,373534358,1630818305,0,0,0,0,4294967295,2563417080,117509126
67,6,117509126,373534358,3904655721,524352,524288,1,0,4294967295,289579664,2391346542
67,7,2391346542,373534358,1630818305,0,0,0,0,4294967295,2563417080,117509126
68,0,4206721,1900145951,1900145951,541114624,536887552,0,536887552,536891776,3758079743,536887552
68,1,536887552,1900145951,1900145951,541114624,536887552,0,536887552,536887552,3758079743,536887552
68,2,536887552,1900145951,1900145951,541114624,536887552,0,536887552,536887552,3758079743,536887552
68,3,536887552,1900145951,1900145951,541114624,536887552,0,536887552,536887552,3758079743,536887552
68,4,536887552,1900145951,1900145951,541114624,536887552,0,536887552,536887552,3758079743,536887552
68,5,536887552,1900145951,1900145951,541114624,536887552,0,536887552,536887552,3758079743,536887552
68,6,536887552,1900145951,1900145951,541114624,536887552,0,536887552,536887552,3758079743,536887552
68,7,536887552,1900145951,1900145951,541114624,536887552,0,536887552,536887552,3758079743,536887552
68,8,536887552,1900145951,1900145951,541114624,536887552,0,536887552,536887552,3758079743,536887552
68,9,536887552,1900145951,1900145951,541114624,536887552,0,536887552,536887552,3758079743,536887552
68,10,536887552,1900145951,1900145951,541114624,536887552,0,536887552,536887552,3758079743,536887552
68,11,536887552,1900145951,1900145951,541114624,536887552,0,536887552,536887552,3758079743,536887552
68,12,536887552,1900145951,1900145951,541114624,536887552,0,536887552,536887552,3758079743,536887552
68,13,536887552,1900145951,1900145951,541114624,536887552,0,536887552,536887552,3758079743,536887552
68,14,536887552,1900145951,1900145951,541114624,536887552,0,536887552,536887552,3758079743,536887552
68,15,536887552,1900145951,1900145951,541114624,536887552,0,536887552,536887552,3758079743,536887552
68,16,536887552,1900145951,1900145951,541114624,536887552,0,536887552,536887552,3758079743,536887552
68,17,536887552,1900145951,1900145951,541114624,536887552,0,536887552,536887552,3758079743,536887552
68,18,536887552,1900145951,1900145951,541114624,536887552,0,536887552,536887552,3758079743,536887552
68,19,536887552,1900145951,1900145951,541114624,536887552,0,536887552,536887552,3758079743,536887552
68,20,536887552,1900145951,1900145951,541114624,536887552,0,536887552,536887552,3758079743,536887552
69,0,272696579,935685058,662990529,83887296,67108928,1,0,0,3631976766,1025
69,1,1025,935685058,935686083,352388288,67174464,1,0,0,3359281212,1025
70,0,3768604696,898478766,718411081,545259520,536870912,0,536870912,3760211984,4113427126,8392712
70,1,8392712,898478766,3404881241,2155874320,0,0,0,0,890086054,8392712
70,2,8392712,898478766,3404881241,2155874320,0,0,0,0,890086054,8392712
70,3,8392712,898478766,3404881241,2155874320,0,0,0,0,890086054,8392712
70,4,8392712,898478766,3404881241,2155874320,0,0,0,0,890086054,8392712
70,5,8392712,898478766,3404881241,2155874320,0,0,0,0,890086054,8392712
70,6,8392712,898478766,3404881241,2155874320,0,0,0,0,890086054,8392712
70,7,8392712,898478766,3404881241,2155874320,0,0,0,0,890086054,8392712
70,8,8392712,898478766,3404881241,2155874320,0,0,0,0,890086054,8392712
70,9,8392712,898478766,3404881241,2155874320,0,0,0,0,890086054,8392712
70,10,8392712,898478766,3404881241,2155874320,0,0,0,0,890086054,8392712
70,11,8392712,898478766,3404881241,2155874320,0,0,0,0,890086054,8392712
70,12,8392712,898478766,3404881241,2155874320,0,0,0,0,890086054,8392712
70,13,8392712,898478766,3404881241,2155874320,0,0,0,0,890086054,8392712
70,14,8392712,898478766,3404881241,2155874320,0,0,0,0,890086054,8392712
71,0,617169921,2944540346,0,0,0,0,0,2944540346,2336971451,629278240
71,1,629278240,2944540346,0,0,0,0,0,2944540346,2315262106,629278240
71,2,629278240,2944540346,0,0,0,0,0,2944540346,2315262106,629278240
71,3,629278240,2944540346,0,0,0,0,0,2944540346,2315262106,629278240
71,4,629278240,2944540346,0,0,0,0,0,2944540346,2315262106,629278240
71,5,629278240,2944540346,0,0,0,0,0,2944540346,2315262106,629278240
71,6,629278240,2944540346,0,0,0,0,0,2944540346,2315262106,629278240
71,7,629278240,2944540346,0,0,0,0,0,2944540346,2315262106,629278240
71,8,629278240,2944540346,0,0,0,0,0,2944540346,2315262106,629278240
71,9,629278240,2944540346,0,0,0,0,0,2944540346,2315262106,629278240
71,10,629278240,2944540346,0,0,0,0,0,2944540346,2315262106,629278240
71,11,629278240,2944540346,0,0,0,0,0,2944540346,2315262106,629278240
71,12,629278240,2944540346,0,0,0,0,0,2944540346,2315262106,629278240
71,13,629278240,2944540346,0,0,0,0,0,2944540346,2315262106,629278240
71,14,629278240,2944540346,0,0,0,0,0,2944540346,2315262106,629278240
71,15,629278240,2944540346,0,0,0,0,0,2944540346,2315262106,629278240
71,16,629278240,2944540346,0,0,0,0,0,2944540346,2315262106,629278240
71,17,629278240,2944540346,0,0,0,0,0,2944540346,2315262106,629278240
71,18,629278240,2944540346,0,0,0,0,0,2944540346,2315262106,629278240
71,19,629278240,2944540346,0,0,0,0,0,2944540346,2315262106,629278240
71,20,629278240,2944540346,0,0,0,0,0,2944540346,2315262106,629278240
71,21,629278240,2944540346,0,0,0,0,0,2944540346,2315262106,629278240
71,22,629278240,2944540346,0,0,0,0,0,2944540346,2315262106,629278240
71,23,629278240,2944540346,0,0,0,0,0,2944540346,2315262106,629278240
71,24,629278240,2944540346,0,0,0,0,0,2944540346,2315262106,629278240
71,25,629278240,2944540346,0,0,0,0,0,2944540346,2315262106,629278240
71,26,629278240,2944540346,0,0,0,0,0,2944540346,2315262106,629278240
71,27,629278240,2944540346,0,0,0,0,0,2944540346,2315262106,629278240
72,0,2191151200,3518832002,742433309,67141633,32769,0,32769,3518832002,3552566755,270796032
72,1,270796032,3518832002,776135293,67141665,32769,0,32769,3518832002,3518864771,2157449216
72,2,2157449216,3518832002,776135293,67141665,32769,0,32769,3518832002,3518864771,270796032
72,3,270796032,3518832002,776135293,67141665,32769,0,32769,3518832002,3518864771,2157449216
72,4,2157449216,3518832002,776135293,67141665,32769,0,32769,3518832002,3518864771,270796032
72,5,270796032,3518832002,776135293,67141665,32769,0,32769,3518832002,3518864771,2157449216
72,6,2157449216,3518832002,776135293,67141665,32769,0,32769,3518832002,3518864771,270796032
72,7,270796032,3518832002,776135293,67141665,32769,0,32769,3518832002,3518864771,2157449216
72,8,2157449216,3518832002,776135293,67141665,32769,0,32769,3518832002,3518864771,270796032
73,0,1778405706,4261556198,0,0,0,0,0,4261576686,1778385218,21516
73,1,21516,4261556198,0,0,0,0,0,4261576686,1028,1778405706
73,2,1778405706,4261556198,0,0,0,0,0,4261576686,1778385218,21516
73,3,21516,4261556198,0,0,0,0,0,4261576686,1028,1778405706
73,4,1778405706,4261556198,0,0,0,0,0,4261576686,1778385218,21516
73,5,21516,4261556198,0,0,0,0,0,4261576686,1028,1778405706
73,6,1778405706,4261556198,0,0,0,0,0,4261576686,1778385218,21516
73,7,21516,4261556198,0,0,0,0,0,4261576686,1028,1778405706
73,8,1778405706,4261556198,0,0,0,0,0,4261576686,1778385218,21516
73,9,21516,4261556198,0,0,0,0,0,4261576686,1028,1778405706
73,10,1778405706,4261556198,0,0,0,0,0,4261576686,1778385218,21516
73,11,21516,4261556198,0,0,0,0,0,4261576686,1028,1778405706
73,12,1778405706,4261556198,0,0,0,0,0,4261576686,1778385218,21516
73,13,21516,4261556198,0,0,0,0,0,4261576686,1028,1778405706
73,14,1778405706,4261556198,0,0,0,0,0,4261576686,1778385218,21516
73,15,21516,4261556198,0,0,0,0,0,4261576686,1028,1778405706
73,16,1778405706,4261556198,0,0,0,0,0,4261576686,1778385218,21516
73,17,21516,4261556198,0,0,0,0,0,4261576686,1028,1778405706
73,18,1778405706,4261556198,0,0,0,0,0,4261576686,1778385218,21516
73,19,21516,4261556198,0,0,0,0,0,4261576686,1028,1778405706
73,20,1778405706,4261556198,0,0,0,0,0,4261576686,1778385218,21516
73,21,21516,4261556198,0,0,0,0,0,4261576686,1028,1778405706
74,0,2165834342,2295371495,2148532838,32,32,0,32,2165834342,2312672967,32
74,1,32,2295371495,32,32,32,0,32,32,2295371463,32
74,2,32,2295371495,32,32,32,0,32,32,2295371463,32
75,0,3095697923,3216378286,120755117,1086240,4640,2,0,1078589009,3095697923,1078010896
75,1,1078010896,3216378286,4294389182,3893634338,1073741856,1,0,1078589009,1078010896,37377
75,2,37377,3216378286,3216415663,2819920674,4640,2,0,1078589009,37377,1078010896
75,3,1078010896,3216378286,4294389182,3893634338,1073741856,1,0,1078589009,1078010896,37377
75,4,37377,3216378286,3216415663,2819920674,4640,2,0,1078589009,37377,1078010896
75,5,1078010896,3216378286,4294389182,3893634338,1073741856,1,0,1078589009,1078010896,37377
75,6,37377,3216378286,3216415663,2819920674,4640,2,0,1078589009,37377,1078010896
75,7,1078010896,3216378286,4294389182,3893634338,1073741856,1,0,1078589009,1078010896,37377
75,8,37377,3216378286,3216415663,2819920674,4640,2,0,1078589009,37377,1078010896
75,9,1078010896,3216378286,4294389182,3893634338,1073741856,1,0,1078589009,1078010896,37377
75,10,37377,3216378286,3216415663,2819920674,4640,2,0,1078589009,37377,1078010896
75,11,1078010896,3216378286,4294389182,3893634338,1073741856,1,0,1078589009,1078010896,37377
75,12,37377,3216378286,3216415663,2819920674,4640,2,0,1078589009,37377,1078010896
75,13,1078010896,3216378286,4294389182,3893634338,1073741856,1,0,1078589009,1078010896,37377
75,14,37377,3216378286,3216415663,2819920674,4640,2,0,1078589009,37377,1078010896
75,15,1078010896,3216378286,4294389182,3893634338,1073741856,1,0,1078589009,1078010896,37377
76,0,362807622,72418780,301008026,272695426,272629888,0,272629888,99681758,4022337407,272696448
76,1,272696448,72418780,336593244,268435776,268435712,0,268435712,72418780,4026531583,335544644
76,2,335544644,72418780,273745048,272695424,272629888,0,272629888,72418780,4022337407,272696448
76,3,272696448,72418780,336593244,268435776,268435712,0,268435712,72418780,4026531583,335544644
76,4,335544644,72418780,273745048,272695424,272629888,0,272629888,72418780,4022337407,272696448
76,5,272696448,72418780,336593244,268435776,268435712,0,268435712,72418780,4026531583,335544644
76,6,335544644,72418780,273745048,272695424,272629888,0,272629888,72418780,4022337407,272696448
76,7,272696448,72418780,336593244,268435776,268435712,0,268435712,72418780,4026531583,335544644
76,8,335544644,72418780,273745048,272695424,272629888,0,272629888,72418780,4022337407,272696448
76,9,272696448,72418780,336593244,268435776,268435712,0,268435712,72418780,4026531583,335544644
76,10,335544644,72418780,273745048,272695424,272629888,0,272629888,72418780,4022337407,272696448
76,11,272696448,72418780,336593244,268435776,268435712,0,268435712,72418780,4026531583,335544644
76,12,335544644,72418780,273745048,272695424,272629888,0,272629888,72418780,4022337407,272696448
76,13,272696448,72418780,336593244,268435776,268435712,0,268435712,72418780,4026531583,335544644
76,14,335544644,72418780,273745048,272695424,272629888,0,272629888,72418780,4022337407,272696448
76,15,272696448,72418780,336593244,268435776,268435712,0,268435712,72418780,4026531583,335544644
76,16,335544644,72418780,273745048,272695424,272629888,0,272629888,72418780,4022337407,272696448
76,17,272696448,72418780,336593244,268435776,268435712,0,268435712,72418780,4026531583,335544644
76,18,335544644,72418780,273745048,272695424,272629888,0,272629888,72418780,4022337407,272696448
76,19,272696448,72418780,336593244,268435776,268435712,0,268435712,72418780,4026531583,335544644
76,20,335544644,72418780,273745048,272695424,272629888,0,272629888,72418780,4022337407,272696448
76,21,272696448,72418780,336593244,268435776,268435712,0,268435712,72418780,4026531583,335544644
76,22,335544644,72418780,273745048,272695424,272629888,0,272629888,72418780,4022337407,272696448
76,23,272696448,72418780,336593244,268435776,268435712,0,268435712,72418780,4026531583,335544644
76,24,335544644,72418780,273745048,272695424,272629888,0,272629888,72418780,4022337407,272696448
76,25,272696448,72418780,336593244,268435776,268435712,0,268435712,72418780,4026531583,335544644
76,26,335544644,72418780,273745048,272695424,272629888,0,272629888,72418780,4022337407,272696448
76,27,272696448,72418780,336593244,268435776,268435712,0,268435712,72418780,4026531583,335544644
76,28,335544644,72418780,273745048,272695424,272629888,0,272629888,72418780,4022337407,272696448
77,0,2224177416,29421403,2049773732,32,32,0,32,8405288,2236788339,8405288
77,1,8405288,29421403,4265545860,67239936,67108864,0,67108864,75514120,88125043,75514120
77,2,75514120,29421403,4198437028,131104,32,0,32,8405288,88125043,8405288
77,3,8405288,29421403,4265545860,67239936,67108864,0,67108864,75514120,88125043,75514120
77,4,75514120,29421403,4198437028,131104,32,0,32,8405288,88125043,8405288
77,5,8405288,29421403,4265545860,67239936,67108864,0,67108864,75514120,88125043,75514120
77,6,75514120,29421403,4198437028,131104,32,0,32,8405288,88125043,8405288
77,7,8405288,29421403,4265545860,67239936,67108864,0,67108864,75514120,88125043,75514120
77,8,75514120,29421403,4198437028,131104,32,0,32,8405288,88125043,8405288
77,9,8405288,29421403,4265545860,67239936,67108864,0,67108864,75514120,88125043,75514120
78,0,2334466793,3602904444,1419433236,0,0,0,0,3753900029,692062851,3257214056
78,1,3257214056,3602904444,345690388,0,0,0,0,3602904444,692062851,3257214056
78,2,3257214056,3602904444,345690388,0,0,0,0,3602904444,692062851,3257214056
78,3,3257214056,3602904444,345690388,0,0,0,0,3602904444,692062851,3257214056
78,4,3257214056,3602904444,345690388,0,0,0,0,3602904444,692062851,3257214056
78,5,3257214056,3602904444,345690388,0,0,0,0,3602904444,692062851,3257214056
78,6,3257214056,3602904444,345690388,0,0,0,0,3602904444,692062851,3257214056
78,7,3257214056,3602904444,345690388,0,0,0,0,3602904444,692062851,3257214056
78,8,3257214056,3602904444,345690388,0,0,0,0,3602904444,692062851,3257214056
78,9,3257214056,3602904444,345690388,0,0,0,0,3602904444,692062851,3257214056
78,10,3257214056,3602904444,345690388,0,0,0,0,3602904444,692062851,3257214056
78,11,3257214056,3602904444,345690388,0,0,0,0,3602904444,692062851,3257214056
78,12,3257214056,3602904444,345690388,0,0,0,0,3602904444,692062851,3257214056
78,13,3257214056,3602904444,345690388,0,0,0,0,3602904444,692062851,3257214056
78,14,3257214056,3602904444,345690388,0,0,0,0,3602904444,692062851,3257214056
78,15,3257214056,3602904444,345690388,0,0,0,0,3602904444,692062851,3257214056
78,16,3257214056,3602904444,345690388,0,0,0,0,3602904444,692062851,3257214056
78,17,3257214056,3602904444,345690388,0,0,0,0,3602904444,692062851,3257214056
78,18,3257214056,3602904444,345690388,0,0,0,0,3602904444,692062851,3257214056
78,19,3257214056,3602904444,345690388,0,0,0,0,3602904444,692062851,3257214056
78,20,3257214056,3602904444,345690388,0,0,0,0,3602904444,692062851,3257214056
78,21,3257214056,3602904444,345690388,0,0,0,0,3602904444,692062851,3257214056
78,22,3257214056,3602904444,345690388,0,0,0,0,3602904444,692062851,3257214056
79,0,1616978307,3975443573,0,0,0,0,0,1616978307,1936370185,65922
79,1,65922,3975443573,0,0,0,0,0,65922,319457800,65922
79,2,65922,3975443573,0,0,0,0,0,65922,319457800,65922
79,3,65922,3975443573,0,0,0,0,0,65922,319457800,65922
80,0,1099448404,2974459031,4277665771,1217397000,1082130432,0,1082130432,4294967295,3195518891,3382235100
80,1,3382235100,2974459031,2130148203,1217397000,1082130432,0,1082130432,4294967295,912732195,3382235100
80,2,3382235100,2974459031,2130148203,1217397000,1082130432,0,1082130432,4294967295,912732195,3382235100
80,3,3382235100,2974459031,2130148203,1217397000,1082130432,0,1082130432,4294967295,912732195,3382235100
80,4,3382235100,2974459031,2130148203,1217397000,1082130432,0,1082130432,4294967295,912732195,3382235100
80,5,3382235100,2974459031,2130148203,1217397000,1082130432,0,1082130432,4294967295,912732195,3382235100
80,6,3382235100,2974459031,2130148203,1217397000,1082130432,0,1082130432,4294967295,912732195,3382235100
80,7,3382235100,2974459031,2130148203,1217397000,1082130432,0,1082130432,4294967295,912732195,3382235100
80,8,3382235100,2974459031,2130148203,1217397000,1082130432,0,1082130432,4294967295,912732195,3382235100
80,9,3382235100,2974459031,2130148203,1217397000,1082130432,0,1082130432,4294967295,912732195,3382235100
80,10,3382235100,2974459031,2130148203,1217397000,1082130432,0,1082130432,4294967295,912732195,3382235100
80,11,3382235100,2974459031,2130148203,1217397000,1082130432,0,1082130432,4294967295,912732195,3382235100
80,12,3382235100,2974459031,2130148203,1217397000,1082130432,0,1082130432,4294967295,912732195,3382235100
80,13,3382235100,2974459031,2130148203,1217397000,1082130432,0,1082130432,4294967295,912732195,3382235100
80,14,3382235100,2974459031,2130148203,1217397000,1082130432,0,1082130432,4294967295,912732195,3382235100
80,15,3382235100,2974459031,2130148203,1217397000,1082130432,0,1082130432,4294967295,912732195,3382235100
80,16,3382235100,2974459031,2130148203,1217397000,1082130432,0,1082130432,4294967295,912732195,3382235100
81,0,2155877008,4113048882,181918413,8393217,8389120,1,0,4294967295,0,2290668537
81,1,2290668537,4113048882,181918413,8393217,8389120,1,0,4294967295,0,2290668537
81,2,2290668537,4113048882,181918413,8393217,8389120,1,0,4294967295,0,2290668537
81,3,2290668537,4113048882,181918413,8393217,8389120,1,0,4294967295,0,2290668537
81,4,2290668537,4113048882,181918413,8393217,8389120,1,0,4294967295,0,2290668537
81,5,2290668537,4113048882,181918413,8393217,8389120,1,0,4294967295,0,2290668537
81,6,2290668537,4113048882,181918413,8393217,8389120,1,0,4294967295,0,2290668537
81,7,2290668537,4113048882,181918413,8393217,8389120,1,0,4294967295,0,2290668537
81,8,2290668537,4113048882,181918413,8393217,8389120,1,0,4294967295,0,2290668537
81,9,2290668537,4113048882,181918413,8393217,8389120,1,0,4294967295,0,2290668537
81,10,2290668537,4113048882,181918413,8393217,8389120,1,0,4294967295,0,2290668537
81,11,2290668537,4113048882,181918413,8393217,8389120,1,0,4294967295,0,2290668537
81,12,2290668537,4113048882,181918413,8393217,8389120,1,0,4294967295,0,2290668537
81,13,2290668537,4113048882,181918413,8393217,8389120,1,0,4294967295,0,2290668537
81,14,2290668537,4113048882,181918413,8393217,8389120,1,0,4294967295,0,2290668537
81,15,2290668537,4113048882,181918413,8393217,8389120,1,0,4294967295,0,2290668537
81,16,2290668537,4113048882,181918413,8393217,8389120,1,0,4294967295,0,2290668537
81,17,2290668537,4113048882,181918413,8393217,8389120,1,0,4294967295,0,2290668537
81,18,2290668537,4113048882,181918413,8393217,8389120,1,0,4294967295,0,2290668537
81,19,2290668537,4113048882,181918413,8393217,8389120,1,0,4294967295,0,2290668537
81,20,2290668537,4113048882,181918413,8393217,8389120,1,0,4294967295,0,2290668537
81,21,2290668537,4113048882,181918413,8393217,8389120,1,0,4294967295,0,2290668537
81,22,2290668537,4113048882,181918413,8393217,8389120,1,0,4294967295,0,2290668537
81,23,2290668537,4113048882,181918413,8393217,8389120,1,0,4294967295,0,2290668537
81,24,2290668537,4113048882,181918413,8393217,8389120,1,0,4294967295,0,2290668537
81,25,2290668537,4113048882,181918413,8393217,8389120,1,0,4294967295,0,2290668537
81,26,2290668537,4113048882,181918413,8393217,8389120,1,0,4294967295,0,2290668537
81,27,2290668537,4113048882,181918413,8393217,8389120,1,0,4294967295,0,2290668537
81,28,2290668537,4113048882,181918413,8393217,8389120,1,0,4294967295,0,2290668537
81,29,2290668537,4113048882,181918413,8393217,8389120,1,0,4294967295,0,2290668537
82,0,482358403,783389487,209719299,75501570,4096,0,4096,4096,4096,482354307
82,1,482354307,783389487,209715203,75497474,0,0,0,0,0,482354307
82,2,482354307,783389487,209715203,75497474,0,0,0,0,0,482354307
82,3,482354307,783389487,209715203,75497474,0,0,0,0,0,482354307
82,4,482354307,783389487,209715203,75497474,0,0,0,0,0,482354307
82,5,482354307,783389487,209715203,75497474,0,0,0,0,0,482354307
82,6,482354307,783389487,209715203,75497474,0,0,0,0,0,482354307
82,7,482354307,783389487,209715203,75497474,0,0,0,0,0,482354307
82,8,482354307,783389487,209715203,75497474,0,0,0,0,0,482354307
82,9,482354307,783389487,209715203,75497474,0,0,0,0,0,482354307
82,10,482354307,783389487,209715203,75497474,0,0,0,0,0,482354307
83,0,1663565856,3957998134,2000535017,556007616,2097280,1,0,2631401439,4294967295,139936448
83,1,139936448,3957998134,474152713,134234624,134218240,0,134218240,4155030847,4294967295,1663565856
83,2,1663565856,3957998134,2000535017,556007616,2097280,1,0,2631401439,4294967295,139936448
83,3,139936448,3957998134,474152713,134234624,134218240,0,134218240,4155030847,4294967295,1663565856
83,4,1663565856,3957998134,2000535017,556007616,2097280,1,0,2631401439,4294967295,139936448
83,5,139936448,3957998134,474152713,134234624,134218240,0,134218240,4155030847,4294967295,1663565856
83,6,1663565856,3957998134,2000535017,556007616,2097280,1,0,2631401439,4294967295,139936448
83,7,139936448,3957998134,474152713,134234624,134218240,0,134218240,4155030847,4294967295,1663565856
83,8,1663565856,3957998134,2000535017,556007616,2097280,1,0,2631401439,4294967295,139936448
83,9,139936448,3957998134,474152713,134234624,134218240,0,134218240,4155030847,4294967295,1663565856
83,10,1663565856,3957998134,2000535017,556007616,2097280,1,0,2631401439,4294967295,139936448
83,11,139936448,3957998134,474152713,134234624,134218240,0,134218240,4155030847,4294967295,1663565856
83,12,1663565856,3957998134,2000535017,556007616,2097280,1,0,2631401439,4294967295,139936448
83,13,139936448,3957998134,474152713,134234624,134218240,0,134218240,4155030847,4294967295,1663565856
83,14,1663565856,3957998134,2000535017,556007616,2097280,1,0,2631401439,4294967295,139936448
83,15,139936448,3957998134,474152713,134234624,134218240,0,134218240,4155030847,4294967295,1663565856
83,16,1663565856,3957998134,2000535017,556007616,2097280,1,0,2631401439,4294967295,139936448
83,17,139936448,3957998134,474152713,134234624,134218240,0,134218240,4155030847,4294967295,1663565856
83,18,1663565856,3957998134,2000535017,556007616,2097280,1,0,2631401439,4294967295,139936448
83,19,139936448,3957998134,474152713,134234624,134218240,0,134218240,4155030847,4294967295,1663565856
83,20,1663565856,3957998134,2000535017,556007616,2097280,1,0,2631401439,4294967295,139936448
83,21,139936448,3957998134,474152713,134234624,134218240,0,134218240,4155030847,4294967295,1663565856
83,22,1663565856,3957998134,2000535017,556007616,2097280,1,0,2631401439,4294967295,139936448
83,23,139936448,3957998134,474152713,134234624,134218240,0,134218240,4155030847,4294967295,1663565856
84,0,2694381572,2135371995,3758030847,43171860,33603584,0,33603584,4292817119,2727985156,33947666
84,1,33947666,2135371995,4261019629,546357252,536920064,0,536920064,2135371995,570867730,536936448
84,2,536936448,2135371995,3758030847,43171860,33603584,0,33603584,2135371995,570540032,33947666
84,3,33947666,2135371995,4261019629,546357252,536920064,0,536920064,2135371995,570867730,536936448
84,4,536936448,2135371995,3758030847,43171860,33603584,0,33603584,2135371995,570540032,33947666
85,0,203476033,3132618601,136365121,134251584,134251520,1,0,3199729513,3132618601,2223311104
85,1,2223311104,3132618601,2156200192,8454144,0,0,0,3199729513,3132618601,203476033
85,2,203476033,3132618601,136365121,134251584,134251520,1,0,3199729513,3132618601,2223311104
85,3,2223311104,3132618601,2156200192,8454144,0,0,0,3199729513,3132618601,203476033
85,4,203476033,3132618601,136365121,134251584,134251520,1,0,3199729513,3132618601,2223311104
85,5,2223311104,3132618601,2156200192,8454144,0,0,0,3199729513,3132618601,203476033
85,6,203476033,3132618601,136365121,134251584,134251520,1,0,3199729513,3132618601,2223311104
85,7,2223311104,3132618601,2156200192,8454144,0,0,0,3199729513,3132618601,203476033
85,8,203476033,3132618601,136365121,134251584,134251520,1,0,3199729513,3132618601,2223311104
85,9,2223311104,3132618601,2156200192,8454144,0,0,0,3199729513,3132618601,203476033
85,10,203476033,3132618601,136365121,134251584,134251520,1,0,3199729513,3132618601,2223311104
85,11,2223311104,3132618601,2156200192,8454144,0,0,0,3199729513,3132618601,203476033
85,12,203476033,3132618601,136365121,134251584,134251520,1,0,3199729513,3132618601,2223311104
85,13,2223311104,3132618601,2156200192,8454144,0,0,0,3199729513,3132618601,203476033
85,14,203476033,3132618601,136365121,134251584,134251520,1,0,3199729513,3132618601,2223311104
85,15,2223311104,3132618601,2156200192,8454144,0,0,0,3199729513,3132618601,203476033
85,16,203476033,3132618601,136365121,134251584,134251520,1,0,3199729513,3132618601,2223311104
85,17,2223311104,3132618601,2156200192,8454144,0,0,0,3199729513,3132618601,203476033
86,0,817894530,3776358910,3776358910,537133068,262152,0,262152,3477072765,3239487868,2999375022
86,1,2999375022,3776358910,3776358910,537133068,262152,0,262152,1295592273,1091840344,2999112870
86,2,2999112870,3776358910,3776358910,537133068,262152,0,262152,1295854425,1091840344,2999375022
86,3,2999375022,3776358910,3776358910,537133068,262152,0,262152,1295592273,1091840344,2999112870
86,4,2999112870,3776358910,3776358910,537133068,262152,0,262152,1295854425,1091840344,2999375022
86,5,2999375022,3776358910,3776358910,537133068,262152,0,262152,1295592273,1091840344,2999112870
86,6,2999112870,3776358910,3776358910,537133068,262152,0,262152,1295854425,1091840344,2999375022
86,7,2999375022,3776358910,3776358910,537133068,262152,0,262152,1295592273,1091840344,2999112870
86,8,2999112870,3776358910,3776358910,537133068,262152,0,262152,1295854425,1091840344,2999375022
86,9,2999375022,3776358910,3776358910,537133068,262152,0,262152,1295592273,1091840344,2999112870
86,10,2999112870,3776358910,3776358910,537133068,262152,0,262152,1295854425,1091840344,2999375022
86,11,2999375022,3776358910,3776358910,537133068,262152,0,262152,1295592273,1091840344,2999112870
86,12,2999112870,3776358910,3776358910,537133068,262152,0,262152,1295854425,1091840344,2999375022
86,13,2999375022,3776358910,3776358910,537133068,262152,0,262152,1295592273,1091840344,2999112870
86,14,2999112870,3776358910,3776358910,537133068,262152,0,262152,1295854425,1091840344,2999375022
86,15,2999375022,3776358910,3776358910,537133068,262152,0,262152,1295592273,1091840344,2999112870
86,16,2999112870,3776358910,3776358910,537133068,262152,0,262152,1295854425,1091840344,2999375022
86,17,2999375022,3776358910,3776358910,537133068,262152,0,262152,1295592273,1091840344,2999112870
86,18,2999112870,3776358910,3776358910,537133068,262152,0,262152,1295854425,1091840344,2999375022
86,19,2999375022,3776358910,3776358910,537133068,262152,0,262152,1295592273,1091840344,2999112870
86,20,2999112870,3776358910,3776358910,537133068,262152,0,262152,1295854425,1091840344,2999375022
86,21,2999375022,3776358910,3776358910,537133068,262152,0,262152,1295592273,1091840344,2999112870
86,22,2999112870,3776358910,3776358910,537133068,262152,0,262152,1295854425,1091840344,2999375022
86,23,2999375022,3776358910,3776358910,537133068,262152,0,262152,1295592273,1091840344,2999112870
86,24,2999112870,3776358910,3776358910,537133068,262152,0,262152,1295854425,1091840344,2999375022
86,25,2999375022,3776358910,3776358910,537133068,262152,0,262152,1295592273,1091840344,2999112870
86,26,2999112870,3776358910,3776358910,537133068,262152,0,262152,1295854425,1091840344,2999375022
86,27,2999375022,3776358910,3776358910,537133068,262152,0,262152,1295592273,1091840344,2999112870
86,28,2999112870,3776358910,3776358910,537133068,262152,0,262152,1295854425,1091840344,2999375022
86,29,2999375022,3776358910,3776358910,537133068,262152,0,262152,1295592273,1091840344,2999112870
86,30,2999112870,3776358910,3776358910,537133068,262152,0,262152,1295854425,1091840344,2999375022
87,0,33984592,472289102,426048,262144,0,0,0,0,505847646,0
87,1,0,472289102,0,0,0,0,0,0,472289102,0
87,2,0,472289102,0,0,0,0,0,0,472289102,0
87,3,0,472289102,0,0,0,0,0,0,472289102,0
87,4,0,472289102,0,0,0,0,0,0,472289102,0
87,5,0,472289102,0,0,0,0,0,0,472289102,0
87,6,0,472289102,0,0,0,0,0,0,472289102,0
87,7,0,472289102,0,0,0,0,0,0,472289102,0
87,8,0,472289102,0,0,0,0,0,0,472289102,0
87,9,0,472289102,0,0,0,0,0,0,472289102,0
87,10,0,472289102,0,0,0,0,0,0,472289102,0
87,11,0,472289102,0,0,0,0,0,0,472289102,0
88,0,1225446544,4180192212,3069673327,48257025,10506241,0,10506241,2961321797,1235911825,8411141
88,1,8411141,4180192212,4294965243,65589265,27316241,0,27316241,4161283008,18909204,1216893057
88,2,1216893057,4180192212,3086483327,65067025,27316241,0,27316241,2952801092,1227391120,8411141
88,3,8411141,4180192212,4294965243,65589265,27316241,0,27316241,4161283008,18909204,1216893057
88,4,1216893057,4180192212,3086483327,65067025,27316241,0,27316241,2952801092,1227391120,8411141
88,5,8411141,4180192212,4294965243,65589265,27316241,0,27316241,4161283008,18909204,1216893057
88,6,1216893057,4180192212,3086483327,65067025,27316241,0,27316241,2952801092,1227391120,8411141
88,7,8411141,4180192212,4294965243,65589265,27316241,0,27316241,4161283008,18909204,1216893057
88,8,1216893057,4180192212,3086483327,65067025,27316241,0,27316241,2952801092,1227391120,8411141
88,9,8411141,4180192212,4294965243,65589265,27316241,0,27316241,4161283008,18909204,1216893057
88,10,1216893057,4180192212,3086483327,65067025,27316241,0,27316241,2952801092,1227391120,8411141
88,11,8411141,4180192212,4294965243,65589265,27316241,0,27316241,4161283008,18909204,1216893057
88,12,1216893057,4180192212,3086483327,65067025,27316241,0,27316241,2952801092,1227391120,8411141
88,13,8411141,4180192212,4294965243,65589265,27316241,0,27316241,4161283008,18909204,1216893057
88,14,1216893057,4180192212,3086483327,65067025,27316241,0,27316241,2952801092,1227391120,8411141
88,15,8411141,4180192212,4294965243,65589265,27316241,0,27316241,4161283008,18909204,1216893057
88,16,1216893057,4180192212,3086483327,65067025,27316241,0,27316241,2952801092,1227391120,8411141
88,17,8411141,4180192212,4294965243,65589265,27316241,0,27316241,4161283008,18909204,1216893057
88,18,1216893057,4180192212,3086483327,65067025,27316241,0,27316241,2952801092,1227391120,8411141
88,19,8411141,4180192212,4294965243,65589265,27316241,0,27316241,4161283008,18909204,1216893057
88,20,1216893057,4180192212,3086483327,65067025,27316241,0,27316241,2952801092,1227391120,8411141
88,21,8411141,4180192212,4294965243,65589265,27316241,0,27316241,4161283008,18909204,1216893057
88,22,1216893057,4180192212,3086483327,65067025,27316241,0,27316241,2952801092,1227391120,8411141
88,23,8411141,4180192212,4294965243,65589265,27316241,0,27316241,4161283008,18909204,1216893057
88,24,1216893057,4180192212,3086483327,65067025,27316241,0,27316241,2952801092,1227391120,8411141
89,0,262146,2673359853,2673621999,8514,256,0,256,1621607442,1621345296,1610892290
89,1,1610892290,2673359853,4284252143,536880450,536872192,1,0,1621607442,10715152,1610892290
89,2,1610892290,2673359853,4284252143,536880450,536872192,1,0,1621607442,10715152,1610892290
89,3,1610892290,2673359853,4284252143,536880450,536872192,1,0,1621607442,10715152,1610892290
89,4,1610892290,2673359853,4284252143,536880450,536872192,1,0,1621607442,10715152,1610892290
89,5,1610892290,2673359853,4284252143,536880450,536872192,1,0,1621607442,10715152,1610892290
90,0,685379910,1832213514,4294967295,546844739,9965570,0,9965570,1835486540,1052674,686687556
90,1,686687556,1832213514,4294967295,546844739,9965570,0,9965570,1836539214,0,687740230
90,2,687740230,1832213514,4294967295,546844739,9965570,0,9965570,1835486540,1052674,686687556
90,3,686687556,1832213514,4294967295,546844739,9965570,0,9965570,1836539214,0,687740230
90,4,687740230,1832213514,4294967295,546844739,9965570,0,9965570,1835486540,1052674,686687556
90,5,686687556,1832213514,4294967295,546844739,9965570,0,9965570,1836539214,0,687740230
90,6,687740230,1832213514,4294967295,546844739,9965570,0,9965570,1835486540,1052674,686687556
90,7,686687556,1832213514,4294967295,546844739,9965570,0,9965570,1836539214,0,687740230
90,8,687740230,1832213514,4294967295,546844739,9965570,0,9965570,1835486540,1052674,686687556
90,9,686687556,1832213514,4294967295,546844739,9965570,0,9965570,1836539214,0,687740230
90,10,687740230,1832213514,4294967295,546844739,9965570,0,9965570,1835486540,1052674,686687556
90,11,686687556,1832213514,4294967295,546844739,9965570,0,9965570,1836539214,0,687740230
90,12,687740230,1832213514,4294967295,546844739,9965570,0,9965570,1835486540,1052674,686687556
90,13,686687556,1832213514,4294967295,546844739,9965570,0,9965570,1836539214,0,687740230
90,14,687740230,1832213514,4294967295,546844739,9965570,0,9965570,1835486540,1052674,686687556
90,15,686687556,1832213514,4294967295,546844739,9965570,0,9965570,1836539214,0,687740230
90,16,687740230,1832213514,4294967295,546844739,9965570,0,9965570,1835486540,1052674,686687556
90,17,686687556,1832213514,4294967295,546844739,9965570,0,9965570,1836539214,0,687740230
90,18,687740230,1832213514,4294967295,546844739,9965570,0,9965570,1835486540,1052674,686687556
91,0,13111338,1205530859,3102547774,5050408,4194336,1,0,4294967295,1205530859,2282061888
91,1,2282061888,1205530859,807440212,32768,32768,1,0,4294967295,1205530859,2295140394
91,2,2295140394,1205530859,820518718,4722728,4194336,1,0,4294967295,1205530859,2282061888
91,3,2282061888,1205530859,807440212,32768,32768,1,0,4294967295,1205530859,2295140394
91,4,2295140394,1205530859,820518718,4722728,4194336,1,0,4294967295,1205530859,2282061888
91,5,2282061888,1205530859,807440212,32768,32768,1,0,4294967295,1205530859,2295140394
91,6,2295140394,1205530859,820518718,4722728,4194336,1,0,4294967295,1205530859,2282061888
91,7,2282061888,1205530859,807440212,32768,32768,1,0,4294967295,1205530859,2295140394
91,8,2295140394,1205530859,820518718,4722728,4194336,1,0,4294967295,1205530859,2282061888
91,9,2282061888,1205530859,807440212,32768,32768,1,0,4294967295,1205530859,2295140394
91,10,2295140394,1205530859,820518718,4722728,4194336,1,0,4294967295,1205530859,2282061888
91,11,2282061888,1205530859,807440212,32768,32768,1,0,4294967295,1205530859,2295140394
91,12,2295140394,1205530859,820518718,4722728,4194336,1,0,4294967295,1205530859,2282061888
91,13,2282061888,1205530859,807440212,32768,32768,1,0,4294967295,1205530859,2295140394
91,14,2295140394,1205530859,820518718,4722728,4194336,1,0,4294967295,1205530859,2282061888
91,15,2282061888,1205530859,807440212,32768,32768,1,0,4294967295,1205530859,2295140394
91,16,2295140394,1205530859,820518718,4722728,4194336,1,0,4294967295,1205530859,2282061888
91,17,2282061888,1205530859,807440212,32768,32768,1,0,4294967295,1205530859,2295140394
91,18,2295140394,1205530859,820518718,4722728,4194336,1,0,4294967295,1205530859,2282061888
91,19,2282061888,1205530859,807440212,32768,32768,1,0,4294967295,1205530859,2295140394
91,20,2295140394,1205530859,820518718,4722728,4194336,1,0,4294967295,1205530859,2282061888
91,21,2282061888,1205530859,807440212,32768,32768,1,0,4294967295,1205530859,2295140394
91,22,2295140394,1205530859,820518718,4722728,4194336,1,0,4294967295,1205530859,2282061888
91,23,2282061888,1205530859,807440212,32768,32768,1,0,4294967295,1205530859,2295140394
91,24,2295140394,1205530859,820518718,4722728,4194336,1,0,4294967295,1205530859,2282061888
91,25,2282061888,1205530859,807440212,32768,32768,1,0,4294967295,1205530859,2295140394
91,26,2295140394,1205530859,820518718,4722728,4194336,1,0,4294967295,1205530859,2282061888
91,27,2282061888,1205530859,807440212,32768,32768,1,0,4294967295,1205530859,2295140394
91,28,2295140394,1205530859,820518718,4722728,4194336,1,0,4294967295,1205530859,2282061888
91,29,2282061888,1205530859,807440212,32768,32768,1,0,4294967295,1205530859,2295140394
91,30,2295140394,1205530859,820518718,4722728,4194336,1,0,4294967295,1205530859,2282061888
91,31,2282061888,1205530859,807440212,32768,32768,1,0,4294967295,1205530859,2295140394
92,0,1107312672,3534156531,3187654623,0,0,0,0,4294967295,3534156531,2892098
92,1,2892098,3534156531,4292075197,1107296256,1073741824,0,1073741824,3221225471,3534681075,33570848
92,2,33570848,3534156531,4261396447,1073741824,1073741824,0,1073741824,3221225471,3534156531,2892098
92,3,2892098,3534156531,4292075197,1107296256,1073741824,0,1073741824,3221225471,3534681075,33570848
92,4,33570848,3534156531,4261396447,1073741824,1073741824,0,1073741824,3221225471,3534156531,2892098
92,5,2892098,3534156531,4292075197,1107296256,1073741824,0,1073741824,3221225471,3534681075,33570848
92,6,33570848,3534156531,4261396447,1073741824,1073741824,0,1073741824,3221225471,3534156531,2892098
92,7,2892098,3534156531,4292075197,1107296256,1073741824,0,1073741824,3221225471,3534681075,33570848
92,8,33570848,3534156531,4261396447,1073741824,1073741824,0,1073741824,3221225471,3534156531,2892098
92,9,2892098,3534156531,4292075197,1107296256,1073741824,0,1073741824,3221225471,3534681075,33570848
92,10,33570848,3534156531,4261396447,1073741824,1073741824,0,1073741824,3221225471,3534156531,2892098
92,11,2892098,3534156531,4292075197,1107296256,1073741824,0,1073741824,3221225471,3534681075,33570848
92,12,33570848,3534156531,4261396447,1073741824,1073741824,0,1073741824,3221225471,3534156531,2892098
93,0,540082688,3559422727,197559544,0,0,0,0,540082688,3559422727,537985024
93,1,537985024,3559422727,197559544,0,0,0,0,537985024,3559422727,537985024
93,2,537985024,3559422727,197559544,0,0,0,0,537985024,3559422727,537985024
93,3,537985024,3559422727,197559544,0,0,0,0,537985024,3559422727,537985024
93,4,537985024,3559422727,197559544,0,0,0,0,537985024,3559422727,537985024
93,5,537985024,3559422727,197559544,0,0,0,0,537985024,3559422727,537985024
93,6,537985024,3559422727,197559544,0,0,0,0,537985024,3559422727,537985024
93,7,537985024,3559422727,197559544,0,0,0,0,537985024,3559422727,537985024
93,8,537985024,3559422727,197559544,0,0,0,0,537985024,3559422727,537985024
93,9,537985024,3559422727,197559544,0,0,0,0,537985024,3559422727,537985024
93,10,537985024,3559422727,197559544,0,0,0,0,537985024,3559422727,537985024
93,11,537985024,3559422727,197559544,0,0,0,0,537985024,3559422727,537985024
93,12,537985024,3559422727,197559544,0,0,0,0,537985024,3559422727,537985024
93,13,537985024,3559422727,197559544,0,0,0,0,537985024,3559422727,537985024
93,14,537985024,3559422727,197559544,0,0,0,0,537985024,3559422727,537985024
93,15,537985024,3559422727,197559544,0,0,0,0,537985024,3559422727,537985024
93,16,537985024,3559422727,197559544,0,0,0,0,537985024,3559422727,537985024
93,17,537985024,3559422727,197559544,0,0,0,0,537985024,3559422727,537985024
93,18,537985024,3559422727,197559544,0,0,0,0,537985024,3559422727,537985024
93,19,537985024,3559422727,197559544,0,0,0,0,537985024,3559422727,537985024
93,20,537985024,3559422727,197559544,0,0,0,0,537985024,3559422727,537985024
93,21,537985024,3559422727,197559544,0,0,0,0,537985024,3559422727,537985024
93,22,537985024,3559422727,197559544,0,0,0,0,537985024,3559422727,537985024
93,23,537985024,3559422727,197559544,0,0,0,0,537985024,3559422727,537985024
93,24,537985024,3559422727,197559544,0,0,0,0,537985024,3559422727,537985024
93,25,537985024,3559422727,197559544,0,0,0,0,537985024,3559422727,537985024
94,0,2149741122,3975124358,319817785,2048,0,0,0,0,4294967295,0
94,1,0,3975124358,319842937,26688,0,0,0,0,4294967295,0
94,2,0,3975124358,319842937,26688,0,0,0,0,4294967295,0
94,3,0,3975124358,319842937,26688,0,0,0,0,4294967295,0
94,4,0,3975124358,319842937,26688,0,0,0,0,4294967295,0
94,5,0,3975124358,319842937,26688,0,0,0,0,4294967295,0
94,6,0,3975124358,319842937,26688,0,0,0,0,4294967295,0
95,0,403964168,241538672,3891003127,1090568195,16826369,1,0,403964168,241538672,269484296
95,1,269484296,241538672,4025482999,1225048067,16826369,1,0,269484296,241538672,269484296
95,2,269484296,241538672,4025482999,1225048067,16826369,1,0,269484296,241538672,269484296
95,3,269484296,241538672,4025482999,1225048067,16826369,1,0,269484296,241538672,269484296
95,4,269484296,241538672,4025482999,1225048067,16826369,1,0,269484296,241538672,269484296
95,5,269484296,241538672,4025482999,1225048067,16826369,1,0,269484296,241538672,269484296
95,6,269484296,241538672,4025482999,1225048067,16826369,1,0,269484296,241538672,269484296
95,7,269484296,241538672,4025482999,1225048067,16826369,1,0,269484296,241538672,269484296
95,8,269484296,241538672,4025482999,1225048067,16826369,1,0,269484296,241538672,269484296
95,9,269484296,241538672,4025482999,1225048067,16826369,1,0,269484296,241538672,269484296
95,10,269484296,241538672,4025482999,1225048067,16826369,1,0,269484296,241538672,269484296
95,11,269484296,241538672,4025482999,1225048067,16826369,1,0,269484296,241538672,269484296
95,12,269484296,241538672,4025482999,1225048067,16826369,1,0,269484296,241538672,269484296
95,13,269484296,241538672,4025482999,1225048067,16826369,1,0,269484296,241538672,269484296
95,14,269484296,241538672,4025482999,1225048067,16826369,1,0,269484296,241538672,269484296
95,15,269484296,241538672,4025482999,1225048067,16826369,1,0,269484296,241538672,269484296
95,16,269484296,241538672,4025482999,1225048067,16826369,1,0,269484296,241538672,269484296
95,17,269484296,241538672,4025482999,1225048067,16826369,1,0,269484296,241538672,269484296
95,18,269484296,241538672,4025482999,1225048067,16826369,1,0,269484296,241538672,269484296
95,19,269484296,241538672,4025482999,1225048067,16826369,1,0,269484296,241538672,269484296
96,0,35357184,713735399,4260724735,1073743500,1073741836,0,1073741836,4294967295,3221225463,3498050733
97,0,2281703629,397533146,2248,8,8,1,0,0,397530898,2281703629
97,1,2281703629,397533146,2248,8,8,1,0,0,397530898,2281703629
97,2,2281703629,397533146,2248,8,8,1,0,0,397530898,2281703629
97,3,2281703629,397533146,2248,8,8,1,0,0,397530898,2281703629
97,4,2281703629,397533146,2248,8,8,1,0,0,397530898,2281703629
97,5,2281703629,397533146,2248,8,8,1,0,0,397530898,2281703629
97,6,2281703629,397533146,2248,8,8,1,0,0,397530898,2281703629
97,7,2281703629,397533146,2248,8,8,1,0,0,397530898,2281703629
97,8,2281703629,397533146,2248,8,8,1,0,0,397530898,2281703629
97,9,2281703629,397533146,2248,8,8,1,0,0,397530898,2281703629
97,10,2281703629,397533146,2248,8,8,1,0,0,397530898,2281703629
97,11,2281703629,397533146,2248,8,8,1,0,0,397530898,2281703629
97,12,2281703629,397533146,2248,8,8,1,0,0,397530898,2281703629
97,13,2281703629,397533146,2248,8,8,1,0,0,397530898,2281703629
98,0,94437464,3026921842,4225695663,4096,0,0,0,1312151253,2957650210,95490264
98,1,95490264,3026921842,4225695663,4096,0,0,0,1311098453,2957650210,95490264
98,2,95490264,3026921842,4225695663,4096,0,0,0,1311098453,2957650210,95490264
98,3,95490264,3026921842,4225695663,4096,0,0,0,1311098453,2957650210,95490264
98,4,95490264,3026921842,4225695663,4096,0,0,0,1311098453,2957650210,95490264
98,5,95490264,3026921842,4225695663,4096,0,0,0,1311098453,2957650210,95490264
98,6,95490264,3026921842,4225695663,4096,0,0,0,1311098453,2957650210,95490264
98,7,95490264,3026921842,4225695663,4096,0,0,0,1311098453,2957650210,95490264
98,8,95490264,3026921842,4225695663,4096,0,0,0,1311098453,2957650210,95490264
98,9,95490264,3026921842,4225695663,4096,0,0,0,1311098453,2957650210,95490264
98,10,95490264,3026921842,4225695663,4096,0,0,0,1311098453,2957650210,95490264
98,11,95490264,3026921842,4225695663,4096,0,0,0,1311098453,2957650210,95490264
98,12,95490264,3026921842,4225695663,4096,0,0,0,1311098453,2957650210,95490264
98,13,95490264,3026921842,4225695663,4096,0,0,0,1311098453,2957650210,95490264
98,14,95490264,3026921842,4225695663,4096,0,0,0,1311098453,2957650210,95490264
98,15,95490264,3026921842,4225695663,4096,0,0,0,1311098453,2957650210,95490264
98,16,95490264,3026921842,4225695663,4096,0,0,0,1311098453,2957650210,95490264
98,17,95490264,3026921842,4225695663,4096,0,0,0,1311098453,2957650210,95490264
98,18,95490264,3026921842,4225695663,4096,0,0,0,1311098453,2957650210,95490264
98,19,95490264,3026921842,4225695663,4096,0,0,0,1311098453,2957650210,95490264
98,20,95490264,3026921842,4225695663,4096,0,0,0,1311098453,2957650210,95490264
98,21,95490264,3026921842,4225695663,4096,0,0,0,1311098453,2957650210,95490264
98,22,95490264,3026921842,4225695663,4096,0,0,0,1311098453,2957650210,95490264
98,23,95490264,3026921842,4225695663,4096,0,0,0,1311098453,2957650210,95490264
98,24,95490264,3026921842,4225695663,4096,0,0,0,1311098453,2957650210,95490264
98,25,95490264,3026921842,4225695663,4096,0,0,0,1311098453,2957650210,95490264
98,26,95490264,3026921842,4225695663,4096,0,0,0,1311098453,2957650210,95490264
99,0,1901136392,1141345263,894861799,4194432,128,1,0,1141345263,2393830903,1901136782
99,1,1901136782,1141345263,894861409,4194304,0,0,0,1141345263,2393830513,1901136782
99,2,1901136782,1141345263,894861409,4194304,0,0,0,1141345263,2393830513,1901136782
99,3,1901136782,1141345263,894861409,4194304,0,0,0,1141345263,2393830513,1901136782
99,4,1901136782,1141345263,894861409,4194304,0,0,0,1141345263,2393830513,1901136782
99,5,1901136782,1141345263,894861409,4194304,0,0,0,1141345263,2393830513,1901136782
99,6,1901136782,1141345263,894861409,4194304,0,0,0,1141345263,2393830513,1901136782
99,7,1901136782,1141345263,894861409,4194304,0,0,0,1141345263,2393830513,1901136782
100,0,872486928,2131553835,3035761092,67109120,256,0,256,0,2131554091,69648
100,1,69648,2131553835,2163343812,256,256,0,256,0,2131554091,69648
100,2,69648,2131553835,2163343812,256,256,0,256,0,2131554091,69648
100,3,69648,2131553835,2163343812,256,256,0,256,0,2131554091,69648
100,4,69648,2131553835,2163343812,256,256,0,256,0,2131554091,69648
100,5,69648,2131553835,2163343812,256,256,0,256,0,2131554091,69648
100,6,69648,2131553835,2163343812,256,256,0,256,0,2131554091,69648
100,7,69648,2131553835,2163343812,256,256,0,256,0,2131554091,69648
100,8,69648,2131553835,2163343812,256,256,0,256,0,2131554091,69648
100,9,69648,2131553835,2163343812,256,256,0,256,0,2131554091,69648
100,10,69648,2131553835,2163343812,256,256,0,256,0,2131554091,69648
100,11,69648,2131553835,2163343812,256,256,0,256,0,2131554091,69648
100,12,69648,2131553835,2163343812,256,256,0,256,0,2131554091,69648
100,13,69648,2131553835,2163343812,256,256,0,256,0,2131554091,69648
100,14,69648,2131553835,2163343812,256,256,0,256,0,2131554091,69648
100,15,69648,2131553835,2163343812,256,256,0,256,0,2131554091,69648
100,16,69648,2131553835,2163343812,256,256,0,256,0,2131554091,69648
100,17,69648,2131553835,2163343812,256,256,0,256,0,2131554091,69648
100,18,69648,2131553835,2163343812,256,256,0,256,0,2131554091,69648
100,19,69648,2131553835,2163343812,256,256,0,256,0,2131554091,69648
100,20,69648,2131553835,2163343812,256,256,0,256,0,2131554091,69648
101,0,3179024,61185069,60104253,33554452,0,0,0,61185069,60104253,52463620
101,1,52463620,61185069,8721449,0,0,0,0,61185069,8721449,52463620
102,0,427819012,2381180327,1913786968,0,0,0,0,3867148283,159383556,272834897
102,1,272834897,2381180327,1913786968,0,0,0,0,4022132398,4268289,427950164
102,2,427950164,2381180327,1913786968,0,0,0,0,3867017131,159383556,272834897
102,3,272834897,2381180327,1913786968,0,0,0,0,4022132398,4268289,427950164
102,4,427950164,2381180327,1913786968,0,0,0,0,3867017131,159383556,272834897
102,5,272834897,2381180327,1913786968,0,0,0,0,4022132398,4268289,427950164
102,6,427950164,2381180327,1913786968,0,0,0,0,3867017131,159383556,272834897
102,7,272834897,2381180327,1913786968,0,0,0,0,4022132398,4268289,427950164
102,8,427950164,2381180327,1913786968,0,0,0,0,3867017131,159383556,272834897
102,9,272834897,2381180327,1913786968,0,0,0,0,4022132398,4268289,427950164
102,10,427950164,2381180327,1913786968,0,0,0,0,3867017131,159383556,272834897
102,11,272834897,2381180327,1913786968,0,0,0,0,4022132398,4268289,427950164
102,12,427950164,2381180327,1913786968,0,0,0,0,3867017131,159383556,272834897
102,13,272834897,2381180327,1913786968,0,0,0,0,4022132398,4268289,427950164
102,14,427950164,2381180327,1913786968,0,0,0,0,3867017131,159383556,272834897
103,0,838897202,2877098099,2306670657,1638400,0,0,0,838897202,3145567859,0
103,1,0,2877098099,2877098099,572063792,570425344,0,570425344,0,2877098099,0
103,2,0,2877098099,2877098099,572063792,570425344,0,570425344,0,2877098099,0
103,3,0,2877098099,2877098099,572063792,570425344,0,570425344,0,2877098099,0
103,4,0,2877098099,2877098099,572063792,570425344,0,570425344,0,2877098099,0
103,5,0,2877098099,2877098099,572063792,570425344,0,570425344,0,2877098099,0
103,6,0,2877098099,2877098099,572063792,570425344,0,570425344,0,2877098099,0
103,7,0,2877098099,2877098099,572063792,570425344,0,570425344,0,2877098099,0
103,8,0,2877098099,2877098099,572063792,570425344,0,570425344,0,2877098099,0
103,9,0,2877098099,2877098099,572063792,570425344,0,570425344,0,2877098099,0
103,10,0,2877098099,2877098099,572063792,570425344,0,570425344,0,2877098099,0
103,11,0,2877098099,2877098099,572063792,570425344,0,570425344,0,2877098099,0
103,12,0,2877098099,2877098099,572063792,570425344,0,570425344,0,2877098099,0
103,13,0,2877098099,2877098099,572063792,570425344,0,570425344,0,2877098099,0
103,14,0,2877098099,2877098099,572063792,570425344,0,570425344,0,2877098099,0
103,15,0,2877098099,2877098099,572063792,570425344,0,570425344,0,2877098099,0
103,16,0,2877098099,2877098099,572063792,570425344,0,570425344,0,2877098099,0
103,17,0,2877098099,2877098099,572063792,570425344,0,570425344,0,2877098099,0
103,18,0,2877098099,2877098099,572063792,570425344,0,570425344,0,2877098099,0
103,19,0,2877098099,2877098099,572063792,570425344,0,570425344,0,2877098099,0
103,20,0,2877098099,2877098099,572063792,570425344,0,570425344,0,2877098099,0
103,21,0,2877098099,2877098099,572063792,570425344,0,570425344,0,2877098099,0
103,22,0,2877098099,2877098099,572063792,570425344,0,570425344,0,2877098099,0
103,23,0,2877098099,2877098099,572063792,570425344,0,570425344,0,2877098099,0
103,24,0,2877098099,2877098099,572063792,570425344,0,570425344,0,2877098099,0
103,25,0,2877098099,2877098099,572063792,570425344,0,570425344,0,2877098099,0
103,26,0,2877098099,2877098099,572063792,570425344,0,570425344,0,2877098099,0
103,27,0,2877098099,2877098099,572063792,570425344,0,570425344,0,2877098099,0
104,0,1229193249,2299602422,0,0,0,0,0,4294967295,0,1231441257
104,1,1231441257,2299602422,0,0,0,0,0,4294967295,0,1231441257
104,2,1231441257,2299602422,0,0,0,0,0,4294967295,0,1231441257
104,3,1231441257,2299602422,0,0,0,0,0,4294967295,0,1231441257
104,4,1231441257,2299602422,0,0,0,0,0,4294967295,0,1231441257
104,5,1231441257,2299602422,0,0,0,0,0,4294967295,0,1231441257
104,6,1231441257,2299602422,0,0,0,0,0,4294967295,0,1231441257
104,7,1231441257,2299602422,0,0,0,0,0,4294967295,0,1231441257
104,8,1231441257,2299602422,0,0,0,0,0,4294967295,0,1231441257
105,0,2147483776,44482097,4294967295,302002336,33554432,1,0,2147483776,2191965873,0
105,1,0,44482097,4294967295,302002336,33554432,1,0,0,44482097,0
105,2,0,44482097,4294967295,302002336,33554432,1,0,0,44482097,0
105,3,0,44482097,4294967295,302002336,33554432,1,0,0,44482097,0
105,4,0,44482097,4294967295,302002336,33554432,1,0,0,44482097,0
105,5,0,44482097,4294967295,302002336,33554432,1,0,0,44482097,0
105,6,0,44482097,4294967295,302002336,33554432,1,0,0,44482097,0
105,7,0,44482097,4294967295,302002336,33554432,1,0,0,44482097,0
105,8,0,44482097,4294967295,302002336,33554432,1,0,0,44482097,0
105,9,0,44482097,4294967295,302002336,33554432,1,0,0,44482097,0
105,10,0,44482097,4294967295,302002336,33554432,1,0,0,44482097,0
105,11,0,44482097,4294967295,302002336,33554432,1,0,0,44482097,0
105,12,0,44482097,4294967295,302002336,33554432,1,0,0,44482097,0
105,13,0,44482097,4294967295,302002336,33554432,1,0,0,44482097,0
105,14,0,44482097,4294967295,302002336,33554432,1,0,0,44482097,0
105,15,0,44482097,4294967295,302002336,33554432,1,0,0,44482097,0
105,16,0,44482097,4294967295,302002336,33554432,1,0,0,44482097,0
105,17,0,44482097,4294967295,302002336,33554432,1,0,0,44482097,0
105,18,0,44482097,4294967295,302002336,33554432,1,0,0,44482097,0
105,19,0,44482097,4294967295,302002336,33554432,1,0,0,44482097,0
105,20,0,44482097,4294967295,302002336,33554432,1,0,0,44482097,0
105,21,0,44482097,4294967295,302002336,33554432,1,0,0,44482097,0
106,0,1134053926,395400283,2825298304,262144,262144,0,262144,60047362,4294967295,262144
106,1,262144,395400283,3899304868,1073744384,0,0,0,0,4294967295,0
106,2,0,395400283,3899567012,1074006528,262144,0,262144,262144,4294967295,262144
107,0,134513928,408337737,134513928,294912,294912,0,294912,0,134513928,0
107,1,0,408337737,0,0,0,0,0,0,0,0
107,2,0,408337737,0,0,0,0,0,0,0,0
107,3,0,408337737,0,0,0,0,0,0,0,0
107,4,0,408337737,0,0,0,0,0,0,0,0
107,5,0,408337737,0,0,0,0,0,0,0,0
107,6,0,408337737,0,0,0,0,0,0,0,0
107,7,0,408337737,0,0,0,0,0,0,0,0
107,8,0,408337737,0,0,0,0,0,0,0,0
107,9,0,408337737,0,0,0,0,0,0,0,0
107,10,0,408337737,0,0,0,0,0,0,0,0
107,11,0,408337737,0,0,0,0,0,0,0,0
107,12,0,408337737,0,0,0,0,0,0,0,0
107,13,0,408337737,0,0,0,0,0,0,0,0
107,14,0,408337737,0,0,0,0,0,0,0,0
107,15,0,408337737,0,0,0,0,0,0,0,0
108,0,4587912,2913911354,2918106042,2245168,147488,0,147488,0,4294967295,0
108,1,0,2913911354,2913911354,2245168,147488,0,147488,0,4294967295,0
108,2,0,2913911354,2913911354,2245168,147488,0,147488,0,4294967295,0
108,3,0,2913911354,2913911354,2245168,147488,0,147488,0,4294967295,0
108,4,0,2913911354,2913911354,2245168,147488,0,147488,0,4294967295,0
108,5,0,2913911354,2913911354,2245168,147488,0,147488,0,4294967295,0
108,6,0,2913911354,2913911354,2245168,147488,0,147488,0,4294967295,0
108,7,0,2913911354,2913911354,2245168,147488,0,147488,0,4294967295,0
108,8,0,2913911354,2913911354,2245168,147488,0,147488,0,4294967295,0
108,9,0,2913911354,2913911354,2245168,147488,0,147488,0,4294967295,0
108,10,0,2913911354,2913911354,2245168,147488,0,147488,0,4294967295,0
108,11,0,2913911354,2913911354,2245168,147488,0,147488,0,4294967295,0
108,12,0,2913911354,2913911354,2245168,147488,0,147488,0,4294967295,0
108,13,0,2913911354,2913911354,2245168,147488,0,147488,0,4294967295,0
108,14,0,2913911354,2913911354,2245168,147488,0,147488,0,4294967295,0
108,15,0,2913911354,2913911354,2245168,147488,0,147488,0,4294967295,0
108,16,0,2913911354,2913911354,2245168,147488,0,147488,0,4294967295,0
108,17,0,2913911354,2913911354,2245168,147488,0,147488,0,4294967295,0
108,18,0,2913911354,2913911354,2245168,147488,0,147488,0,4294967295,0
108,19,0,2913911354,2913911354,2245168,147488,0,147488,0,4294967295,0
108,20,0,2913911354,2913911354,2245168,147488,0,147488,0,4294967295,0
108,21,0,2913911354,2913911354,2245168,147488,0,147488,0,4294967295,0
108,22,0,2913911354,2913911354,2245168,147488,0,147488,0,4294967295,0
108,23,0,2913911354,2913911354,2245168,147488,0,147488,0,4294967295,0
108,24,0,2913911354,2913911354,2245168,147488,0,147488,0,4294967295,0
108,25,0,2913911354,2913911354,2245168,147488,0,147488,0,4294967295,0
108,26,0,2913911354,2913911354,2245168,147488,0,147488,0,4294967295,0
108,27,0,2913911354,2913911354,2245168,147488,0,147488,0,4294967295,0
108,28,0,2913911354,2913911354,2245168,147488,0,147488,0,4294967295,0
109,0,16839053,2703275358,2703275358,2164302084,0,0,0,0,2686469331,16822540
109,1,16822540,2703275358,2703275358,2164302084,0,0,0,0,2686452818,16822540
109,2,16822540,2703275358,2703275358,2164302084,0,0,0,0,2686452818,16822540
109,3,16822540,2703275358,2703275358,2164302084,0,0,0,0,2686452818,16822540
109,4,16822540,2703275358,2703275358,2164302084,0,0,0,0,2686452818,16822540
109,5,16822540,2703275358,2703275358,2164302084,0,0,0,0,2686452818,16822540
109,6,16822540,2703275358,2703275358,2164302084,0,0,0,0,2686452818,16822540
109,7,16822540,2703275358,2703275358,2164302084,0,0,0,0,2686452818,16822540
109,8,16822540,2703275358,2703275358,2164302084,0,0,0,0,2686452818,16822540
109,9,16822540,2703275358,2703275358,2164302084,0,0,0,0,2686452818,16822540
110,0,1896875561,2961411757,2398091734,2147753984,8192,0,8192,1896883753,2398091734,1896883753
110,1,1896883753,2961411757,2398083542,2147745792,0,0,0,1896883753,2398083542,1896883753
110,2,1896883753,2961411757,2398083542,2147745792,0,0,0,1896883753,2398083542,1896883753
110,3,1896883753,2961411757,2398083542,2147745792,0,0,0,1896883753,2398083542,1896883753
110,4,1896883753,2961411757,2398083542,2147745792,0,0,0,1896883753,2398083542,1896883753
110,5,1896883753,2961411757,2398083542,2147745792,0,0,0,1896883753,2398083542,1896883753
110,6,1896883753,2961411757,2398083542,2147745792,0,0,0,1896883753,2398083542,1896883753
110,7,1896883753,2961411757,2398083542,2147745792,0,0,0,1896883753,2398083542,1896883753
110,8,1896883753,2961411757,2398083542,2147745792,0,0,0,1896883753,2398083542,1896883753
110,9,1896883753,2961411757,2398083542,2147745792,0,0,0,1896883753,2398083542,1896883753
110,10,1896883753,2961411757,2398083542,2147745792,0,0,0,1896883753,2398083542,1896883753
110,11,1896883753,2961411757,2398083542,2147745792,0,0,0,1896883753,2398083542,1896883753
110,12,1896883753,2961411757,2398083542,2147745792,0,0,0,1896883753,2398083542,1896883753
110,13,1896883753,2961411757,2398083542,2147745792,0,0,0,1896883753,2398083542,1896883753
110,14,1896883753,2961411757,2398083542,2147745792,0,0,0,1896883753,2398083542,1896883753
110,15,1896883753,2961411757,2398083542,2147745792,0,0,0,1896883753,2398083542,1896883753
110,16,1896883753,2961411757,2398083542,2147745792,0,0,0,1896883753,2398083542,1896883753
110,17,1896883753,2961411757,2398083542,2147745792,0,0,0,1896883753,2398083542,1896883753
110,18,1896883753,2961411757,2398083542,2147745792,0,0,0,1896883753,2398083542,1896883753
110,19,1896883753,2961411757,2398083542,2147745792,0,0,0,1896883753,2398083542,1896883753
110,20,1896883753,2961411757,2398083542,2147745792,0,0,0,1896883753,2398083542,1896883753
110,21,1896883753,2961411757,2398083542,2147745792,0,0,0,1896883753,2398083542,1896883753
110,22,1896883753,2961411757,2398083542,2147745792,0,0,0,1896883753,2398083542,1896883753
111,0,2398560,987314132,4294967295,295225,33,0,33,2398560,4292568735,2398560
111,1,2398560,987314132,4294967295,295225,33,0,33,2398560,4292568735,2398560
111,2,2398560,987314132,4294967295,295225,33,0,33,2398560,4292568735,2398560
111,3,2398560,987314132,4294967295,295225,33,0,33,2398560,4292568735,2398560
112,0,1074792556,771433785,0,0,0,0,0,771433785,1844129109,544342072
112,1,544342072,771433785,0,0,0,0,0,771433785,227091713,544342072
112,2,544342072,771433785,0,0,0,0,0,771433785,227091713,544342072
112,3,544342072,771433785,0,0,0,0,0,771433785,227091713,544342072
112,4,544342072,771433785,0,0,0,0,0,771433785,227091713,544342072
112,5,544342072,771433785,0,0,0,0,0,771433785,227091713,544342072
112,6,544342072,771433785,0,0,0,0,0,771433785,227091713,544342072
112,7,544342072,771433785,0,0,0,0,0,771433785,227091713,544342072
112,8,544342072,771433785,0,0,0,0,0,771433785,227091713,544342072
112,9,544342072,771433785,0,0,0,0,0,771433785,227091713,544342072
112,10,544342072,771433785,0,0,0,0,0,771433785,227091713,544342072
112,11,544342072,771433785,0,0,0,0,0,771433785,227091713,544342072
112,12,544342072,771433785,0,0,0,0,0,771433785,227091713,544342072
112,13,544342072,771433785,0,0,0,0,0,771433785,227091713,544342072
112,14,544342072,771433785,0,0,0,0,0,771433785,227091713,544342072
112,15,544342072,771433785,0,0,0,0,0,771433785,227091713,544342072
112,16,544342072,771433785,0,0,0,0,0,771433785,227091713,544342072
113,0,3024363523,2035982571,2035982571,554696842,16777344,1,0,1270603772,4250837227,1091601544
113,1,1091601544,2035982571,2035982571,554696842,16777344,1,0,3203365751,2035983595,3024363523
113,2,3024363523,2035982571,2035982571,554696842,16777344,1,0,1270603772,4250837227,1091601544
113,3,1091601544,2035982571,2035982571,554696842,16777344,1,0,3203365751,2035983595,3024363523
113,4,3024363523,2035982571,2035982571,554696842,16777344,1,0,1270603772,4250837227,1091601544
113,5,1091601544,2035982571,2035982571,554696842,16777344,1,0,3203365751,2035983595,3024363523
113,6,3024363523,2035982571,2035982571,554696842,16777344,1,0,1270603772,4250837227,1091601544
113,7,1091601544,2035982571,2035982571,554696842,16777344,1,0,3203365751,2035983595,3024363523
113,8,3024363523,2035982571,2035982571,554696842,16777344,1,0,1270603772,4250837227,1091601544
113,9,1091601544,2035982571,2035982571,554696842,16777344,1,0,3203365751,2035983595,3024363523
113,10,3024363523,2035982571,2035982571,554696842,16777344,1,0,1270603772,4250837227,1091601544
113,11,1091601544,2035982571,2035982571,554696842,16777344,1,0,3203365751,2035983595,3024363523
113,12,3024363523,2035982571,2035982571,554696842,16777344,1,0,1270603772,4250837227,1091601544
113,13,1091601544,2035982571,2035982571,554696842,16777344,1,0,3203365751,2035983595,3024363523
113,14,3024363523,2035982571,2035982571,554696842,16777344,1,0,1270603772,4250837227,1091601544
113,15,1091601544,2035982571,2035982571,554696842,16777344,1,0,3203365751,2035983595,3024363523
113,16,3024363523,2035982571,2035982571,554696842,16777344,1,0,1270603772,4250837227,1091601544
113,17,1091601544,2035982571,2035982571,554696842,16777344,1,0,3203365751,2035983595,3024363523
113,18,3024363523,2035982571,2035982571,554696842,16777344,1,0,1270603772,4250837227,1091601544
113,19,1091601544,2035982571,2035982571,554696842,16777344,1,0,3203365751,2035983595,3024363523
113,20,3024363523,2035982571,2035982571,554696842,16777344,1,0,1270603772,4250837227,1091601544
113,21,1091601544,2035982571,2035982571,554696842,16777344,1,0,3203365751,2035983595,3024363523
113,22,3024363523,2035982571,2035982571,554696842,16777344,1,0,1270603772,4250837227,1091601544
113,23,1091601544,2035982571,2035982571,554696842,16777344,1,0,3203365751,2035983595,3024363523
113,24,3024363523,2035982571,2035982571,554696842,16777344,1,0,1270603772,4250837227,1091601544
113,25,1091601544,2035982571,2035982571,554696842,16777344,1,0,3203365751,2035983595,3024363523
113,26,3024363523,2035982571,2035982571,554696842,16777344,1,0,1270603772,4250837227,1091601544
113,27,1091601544,2035982571,2035982571,554696842,16777344,1,0,3203365751,2035983595,3024363523
113,28,3024363523,2035982571,2035982571,554696842,16777344,1,0,1270603772,4250837227,1091601544
113,29,1091601544,2035982571,2035982571,554696842,16777344,1,0,3203365751,2035983595,3024363523
114,0,3825239120,1895689255,184685448,134349312,0,0,0,1610646528,4294967295,0
114,1,0,1895689255,2399278040,134349312,0,0,0,0,4294967295,0
114,2,0,1895689255,2399278040,134349312,0,0,0,0,4294967295,0
114,3,0,1895689255,2399278040,134349312,0,0,0,0,4294967295,0
114,4,0,1895689255,2399278040,134349312,0,0,0,0,4294967295,0
114,5,0,1895689255,2399278040,134349312,0,0,0,0,4294967295,0
114,6,0,1895689255,2399278040,134349312,0,0,0,0,4294967295,0
114,7,0,1895689255,2399278040,134349312,0,0,0,0,4294967295,0
114,8,0,1895689255,2399278040,134349312,0,0,0,0,4294967295,0
114,9,0,1895689255,2399278040,134349312,0,0,0,0,4294967295,0
114,10,0,1895689255,2399278040,134349312,0,0,0,0,4294967295,0
115,0,25364704,3790985546,503981749,131088,16,0,16,16,4269602591,25364720
115,1,25364720,3790985546,503981749,131088,16,0,16,16,4269602575,25364720
115,2,25364720,3790985546,503981749,131088,16,0,16,16,4269602575,25364720
115,3,25364720,3790985546,503981749,131088,16,0,16,16,4269602575,25364720
115,4,25364720,3790985546,503981749,131088,16,0,16,16,4269602575,25364720
115,5,25364720,3790985546,503981749,131088,16,0,16,16,4269602575,25364720
115,6,25364720,3790985546,503981749,131088,16,0,16,16,4269602575,25364720
115,7,25364720,3790985546,503981749,131088,16,0,16,16,4269602575,25364720
115,8,25364720,3790985546,503981749,131088,16,0,16,16,4269602575,25364720
115,9,25364720,3790985546,503981749,131088,16,0,16,16,4269602575,25364720
115,10,25364720,3790985546,503981749,131088,16,0,16,16,4269602575,25364720
115,11,25364720,3790985546,503981749,131088,16,0,16,16,4269602575,25364720
115,12,25364720,3790985546,503981749,131088,16,0,16,16,4269602575,25364720
115,13,25364720,3790985546,503981749,131088,16,0,16,16,4269602575,25364720
115,14,25364720,3790985546,503981749,131088,16,0,16,16,4269602575,25364720
115,15,25364720,3790985546,503981749,131088,16,0,16,16,4269602575,25364720
115,16,25364720,3790985546,503981749,131088,16,0,16,16,4269602575,25364720
115,17,25364720,3790985546,503981749,131088,16,0,16,16,4269602575,25364720
115,18,25364720,3790985546,503981749,131088,16,0,16,16,4269602575,25364720
115,19,25364720,3790985546,503981749,131088,16,0,16,16,4269602575,25364720
115,20,25364720,3790985546,503981749,131088,16,0,16,16,4269602575,25364720
115,21,25364720,3790985546,503981749,131088,16,0,16,16,4269602575,25364720
115,22,25364720,3790985546,503981749,131088,16,0,16,16,4269602575,25364720
115,23,25364720,3790985546,503981749,131088,16,0,16,16,4269602575,25364720
116,0,2268891137,3829985955,2079817726,52822034,131072,0,131072,2268891137,2268891137,0
116,1,0,3829985955,4294967295,2200305683,2147614720,0,2147614720,0,0,0
116,2,0,3829985955,4294967295,2200305683,2147614720,0,2147614720,0,0,0
116,3,0,3829985955,4294967295,2200305683,2147614720,0,2147614720,0,0,0
116,4,0,3829985955,4294967295,2200305683,2147614720,0,2147614720,0,0,0
117,0,3492120092,3065335465,4294967295,3238569984,2147485696,1,0,4294967295,1720764597,2435678025
117,1,2435678025,3065335465,4294967295,3238569984,2147485696,1,0,4294967295,664285664,3492138525
117,2,3492138525,3065335465,4294967295,3238569984,2147485696,1,0,4294967295,1720746164,2435678025
117,3,2435678025,3065335465,4294967295,3238569984,2147485696,1,0,4294967295,664285664,3492138525
117,4,3492138525,3065335465,4294967295,3238569984,2147485696,1,0,4294967295,1720746164,2435678025
117,5,2435678025,3065335465,4294967295,3238569984,2147485696,1,0,4294967295,664285664,3492138525
117,6,3492138525,3065335465,4294967295,3238569984,2147485696,1,0,4294967295,1720746164,2435678025
117,7,2435678025,3065335465,4294967295,3238569984,2147485696,1,0,4294967295,664285664,3492138525
117,8,3492138525,3065335465,4294967295,3238569984,2147485696,1,0,4294967295,1720746164,2435678025
117,9,2435678025,3065335465,4294967295,3238569984,2147485696,1,0,4294967295,664285664,3492138525
117,10,3492138525,3065335465,4294967295,3238569984,2147485696,1,0,4294967295,1720746164,2435678025
117,11,2435678025,3065335465,4294967295,3238569984,2147485696,1,0,4294967295,664285664,3492138525
117,12,3492138525,3065335465,4294967295,3238569984,2147485696,1,0,4294967295,1720746164,2435678025
117,13,2435678025,3065335465,4294967295,3238569984,2147485696,1,0,4294967295,664285664,3492138525
117,14,3492138525,3065335465,4294967295,3238569984,2147485696,1,0,4294967295,1720746164,2435678025
117,15,2435678025,3065335465,4294967295,3238569984,2147485696,1,0,4294967295,664285664,3492138525
117,16,3492138525,3065335465,4294967295,3238569984,2147485696,1,0,4294967295,1720746164,2435678025
117,17,2435678025,3065335465,4294967295,3238569984,2147485696,1,0,4294967295,664285664,3492138525
118,0,2769028648,3211949684,2769028648,603980328,536870952,0,536870952,3211949684,3211949684,170655752
118,1,170655752,3211949684,170655752,136314888,8,0,8,3211949684,3211949684,2769028648
118,2,2769028648,3211949684,2769028648,603980328,536870952,0,536870952,3211949684,3211949684,170655752
118,3,170655752,3211949684,170655752,136314888,8,0,8,3211949684,3211949684,2769028648
118,4,2769028648,3211949684,2769028648,603980328,536870952,0,536870952,3211949684,3211949684,170655752
118,5,170655752,3211949684,170655752,136314888,8,0,8,3211949684,3211949684,2769028648
118,6,2769028648,3211949684,2769028648,603980328,536870952,0,536870952,3211949684,3211949684,170655752
118,7,170655752,3211949684,170655752,136314888,8,0,8,3211949684,3211949684,2769028648
118,8,2769028648,3211949684,2769028648,603980328,536870952,0,536870952,3211949684,3211949684,170655752
118,9,170655752,3211949684,170655752,136314888,8,0,8,3211949684,3211949684,2769028648
118,10,2769028648,3211949684,2769028648,603980328,536870952,0,536870952,3211949684,3211949684,170655752
118,11,170655752,3211949684,170655752,136314888,8,0,8,3211949684,3211949684,2769028648
118,12,2769028648,3211949684,2769028648,603980328,536870952,0,536870952,3211949684,3211949684,170655752
118,13,170655752,3211949684,170655752,136314888,8,0,8,3211949684,3211949684,2769028648
118,14,2769028648,3211949684,2769028648,603980328,536870952,0,536870952,3211949684,3211949684,170655752
118,15,170655752,3211949684,170655752,136314888,8,0,8,3211949684,3211949684,2769028648
118,16,2769028648,3211949684,2769028648,603980328,536870952,0,536870952,3211949684,3211949684,170655752
118,17,170655752,3211949684,170655752,136314888,8,0,8,3211949684,3211949684,2769028648
118,18,2769028648,3211949684,2769028648,603980328,536870952,0,536870952,3211949684,3211949684,170655752
118,19,170655752,3211949684,170655752,136314888,8,0,8,3211949684,3211949684,2769028648
118,20,2769028648,3211949684,2769028648,603980328,536870952,0,536870952,3211949684,3211949684,170655752
118,21,170655752,3211949684,170655752,136314888,8,0,8,3211949684,3211949684,2769028648
118,22,2769028648,3211949684,2769028648,603980328,536870952,0,536870952,3211949684,3211949684,170655752
118,23,170655752,3211949684,170655752,136314888,8,0,8,3211949684,3211949684,2769028648
118,24,2769028648,3211949684,2769028648,603980328,536870952,0,536870952,3211949684,3211949684,170655752
118,25,170655752,3211949684,170655752,136314888,8,0,8,3211949684,3211949684,2769028648
118,26,2769028648,3211949684,2769028648,603980328,536870952,0,536870952,3211949684,3211949684,170655752
118,27,170655752,3211949684,170655752,136314888,8,0,8,3211949684,3211949684,2769028648
118,28,2769028648,3211949684,2769028648,603980328,536870952,0,536870952,3211949684,3211949684,170655752
118,29,170655752,3211949684,170655752,136314888,8,0,8,3211949684,3211949684,2769028648
118,30,2769028648,3211949684,2769028648,603980328,536870952,0,536870952,3211949684,3211949684,170655752
119,0,540154884,1731691218,1191543506,0,0,0,0,3103416617,0,808606756
119,1,808606756,1731691218,1191543506,0,0,0,0,2834964745,0,808606756
119,2,808606756,1731691218,1191543506,0,0,0,0,2834964745,0,808606756
119,3,808606756,1731691218,1191543506,0,0,0,0,2834964745,0,808606756
119,4,808606756,1731691218,1191543506,0,0,0,0,2834964745,0,808606756
119,5,808606756,1731691218,1191543506,0,0,0,0,2834964745,0,808606756
119,6,808606756,1731691218,1191543506,0,0,0,0,2834964745,0,808606756
119,7,808606756,1731691218,1191543506,0,0,0,0,2834964745,0,808606756
119,8,808606756,1731691218,1191543506,0,0,0,0,2834964745,0,808606756
119,9,808606756,1731691218,1191543506,0,0,0,0,2834964745,0,808606756
119,10,808606756,1731691218,1191543506,0,0,0,0,2834964745,0,808606756
119,11,808606756,1731691218,1191543506,0,0,0,0,2834964745,0,808606756
120,0,79696912,1242342191,1322039103,75502336,4608,0,4608,4294967295,0,616568660
120,1,616568660,1242342191,1858909307,612372480,4096,0,4096,4294967295,0,616568660
120,2,616568660,1242342191,1858909307,612372480,4096,0,4096,4294967295,0,616568660
120,3,616568660,1242342191,1858909307,612372480,4096,0,4096,4294967295,0,616568660
120,4,616568660,1242342191,1858909307,612372480,4096,0,4096,4294967295,0,616568660
120,5,616568660,1242342191,1858909307,612372480,4096,0,4096,4294967295,0,616568660
120,6,616568660,1242342191,1858909307,612372480,4096,0,4096,4294967295,0,616568660
120,7,616568660,1242342191,1858909307,612372480,4096,0,4096,4294967295,0,616568660
120,8,616568660,1242342191,1858909307,612372480,4096,0,4096,4294967295,0,616568660
120,9,616568660,1242342191,1858909307,612372480,4096,0,4096,4294967295,0,616568660
120,10,616568660,1242342191,1858909307,612372480,4096,0,4096,4294967295,0,616568660
120,11,616568660,1242342191,1858909307,612372480,4096,0,4096,4294967295,0,616568660
120,12,616568660,1242342191,1858909307,612372480,4096,0,4096,4294967295,0,616568660
120,13,616568660,1242342191,1858909307,612372480,4096,0,4096,4294967295,0,616568660
120,14,616568660,1242342191,1858909307,612372480,4096,0,4096,4294967295,0,616568660
120,15,616568660,1242342191,1858909307,612372480,4096,0,4096,4294967295,0,616568660
120,16,616568660,1242342191,1858909307,612372480,4096,0,4096,4294967295,0,616568660
120,17,616568660,1242342191,1858909307,612372480,4096,0,4096,4294967295,0,616568660
120,18,616568660,1242342191,1858909307,612372480,4096,0,4096,4294967295,0,616568660
120,19,616568660,1242342191,1858909307,612372480,4096,0,4096,4294967295,0,616568660
120,20,616568660,1242342191,1858909307,612372480,4096,0,4096,4294967295,0,616568660
120,21,616568660,1242342191,1858909307,612372480,4096,0,4096,4294967295,0,616568660
120,22,616568660,1242342191,1858909307,612372480,4096,0,4096,4294967295,0,616568660
120,23,616568660,1242342191,1858909307,612372480,4096,0,4096,4294967295,0,616568660
120,24,616568660,1242342191,1858909307,612372480,4096,0,4096,4294967295,0,616568660
121,0,4281875,735842989,735925951,33641498,33641488,3,0,731727038,4294967295,58720396
121,1,58720396,735842989,735842989,33558536,33558528,0,33558528,710672929,4294967295,4194817
121,2,4194817,735842989,735842989,33558536,33558528,0,33558528,698089644,4294967295,25165964
121,3,25165964,735842989,735842989,33558536,33558528,0,33558528,677118497,4294967295,4194817
121,4,4194817,735842989,735842989,33558536,33558528,0,33558528,698089644,4294967295,25165964
121,5,25165964,735842989,735842989,33558536,33558528,0,33558528,677118497,4294967295,4194817
122,0,854729352,636084906,551559816,547364864,10493952,0,10493952,0,551559816,303169536
122,1,303169536,636084906,0,0,0,0,0,0,0,303169536
122,2,303169536,636084906,0,0,0,0,0,0,0,303169536
122,3,303169536,636084906,0,0,0,0,0,0,0,303169536
122,4,303169536,636084906,0,0,0,0,0,0,0,303169536
122,5,303169536,636084906,0,0,0,0,0,0,0,303169536
122,6,303169536,636084906,0,0,0,0,0,0,0,303169536
122,7,303169536,636084906,0,0,0,0,0,0,0,303169536
122,8,303169536,636084906,0,0,0,0,0,0,0,303169536
122,9,303169536,636084906,0,0,0,0,0,0,0,303169536
122,10,303169536,636084906,0,0,0,0,0,0,0,303169536
122,11,303169536,636084906,0,0,0,0,0,0,0,303169536
122,12,303169536,636084906,0,0,0,0,0,0,0,303169536
122,13,303169536,636084906,0,0,0,0,0,0,0,303169536
122,14,303169536,636084906,0,0,0,0,0,0,0,303169536
122,15,303169536,636084906,0,0,0,0,0,0,0,303169536
122,16,303169536,636084906,0,0,0,0,0,0,0,303169536
122,17,303169536,636084906,0,0,0,0,0,0,0,303169536
122,18,303169536,636084906,0,0,0,0,0,0,0,303169536
123,0,1275348992,1077971837,3015390338,303038592,128,1,0,4227965,1077971837,201605904
123,1,201605904,1077971837,3015390338,303038592,128,1,0,1077971053,1077971837,1275348992
123,2,1275348992,1077971837,3015390338,303038592,128,1,0,4227965,1077971837,201605904
123,3,201605904,1077971837,3015390338,303038592,128,1,0,1077971053,1077971837,1275348992
123,4,1275348992,1077971837,3015390338,303038592,128,1,0,4227965,1077971837,201605904
123,5,201605904,1077971837,3015390338,303038592,128,1,0,1077971053,1077971837,1275348992
123,6,1275348992,1077971837,3015390338,303038592,128,1,0,4227965,1077971837,201605904
123,7,201605904,1077971837,3015390338,303038592,128,1,0,1077971053,1077971837,1275348992
123,8,1275348992,1077971837,3015390338,303038592,128,1,0,4227965,1077971837,201605904
123,9,201605904,1077971837,3015390338,303038592,128,1,0,1077971053,1077971837,1275348992
123,10,1275348992,1077971837,3015390338,303038592,128,1,0,4227965,1077971837,201605904
123,11,201605904,1077971837,3015390338,303038592,128,1,0,1077971053,1077971837,1275348992
123,12,1275348992,1077971837,3015390338,303038592,128,1,0,4227965,1077971837,201605904
123,13,201605904,1077971837,3015390338,303038592,128,1,0,1077971053,1077971837,1275348992
123,14,1275348992,1077971837,3015390338,303038592,128,1,0,4227965,1077971837,201605904
123,15,201605904,1077971837,3015390338,303038592,128,1,0,1077971053,1077971837,1275348992
123,16,1275348992,1077971837,3015390338,303038592,128,1,0,4227965,1077971837,201605904
123,17,201605904,1077971837,3015390338,303038592,128,1,0,1077971053,1077971837,1275348992
123,18,1275348992,1077971837,3015390338,303038592,128,1,0,4227965,1077971837,201605904
123,19,201605904,1077971837,3015390338,303038592,128,1,0,1077971053,1077971837,1275348992
123,20,1275348992,1077971837,3015390338,303038592,128,1,0,4227965,1077971837,201605904
123,21,201605904,1077971837,3015390338,303038592,128,1,0,1077971053,1077971837,1275348992
123,22,1275348992,1077971837,3015390338,303038592,128,1,0,4227965,1077971837,201605904
123,23,201605904,1077971837,3015390338,303038592,128,1,0,1077971053,1077971837,1275348992
123,24,1275348992,1077971837,3015390338,303038592,128,1,0,4227965,1077971837,201605904
123,25,201605904,1077971837,3015390338,303038592,128,1,0,1077971053,1077971837,1275348992
123,26,1275348992,1077971837,3015390338,303038592,128,1,0,4227965,1077971837,201605904
123,27,201605904,1077971837,3015390338,303038592,128,1,0,1077971053,1077971837,1275348992
123,28,1275348992,1077971837,3015390338,303038592,128,1,0,4227965,1077971837,201605904
123,29,201605904,1077971837,3015390338,303038592,128,1,0,1077971053,1077971837,1275348992
123,30,1275348992,1077971837,3015390338,303038592,128,1,0,4227965,1077971837,201605904
123,31,201605904,1077971837,3015390338,303038592,128,1,0,1077971053,1077971837,1275348992
124,0,7733778,319616217,3967879460,0,0,0,0,4294967295,319616217,1098070531
124,1,1098070531,319616217,2894070052,0,0,0,0,4294967295,319616217,1081543186
124,2,1081543186,319616217,2894070052,0,0,0,0,4294967295,319616217,1098070531
124,3,1098070531,319616217,2894070052,0,0,0,0,4294967295,319616217,1081543186
124,4,1081543186,319616217,2894070052,0,0,0,0,4294967295,319616217,1098070531
124,5,1098070531,319616217,2894070052,0,0,0,0,4294967295,319616217,1081543186
124,6,1081543186,319616217,2894070052,0,0,0,0,4294967295,319616217,1098070531
124,7,1098070531,319616217,2894070052,0,0,0,0,4294967295,319616217,1081543186
124,8,1081543186,319616217,2894070052,0,0,0,0,4294967295,319616217,1098070531
124,9,1098070531,319616217,2894070052,0,0,0,0,4294967295,319616217,1081543186
124,10,1081543186,319616217,2894070052,0,0,0,0,4294967295,319616217,1098070531
124,11,1098070531,319616217,2894070052,0,0,0,0,4294967295,319616217,1081543186
124,12,1081543186,319616217,2894070052,0,0,0,0,4294967295,319616217,1098070531
125,0,536912130,1333953430,1333953430,788,20,0,20,4294967295,536912130,2152796828
125,1,2152796828,1333953430,1333953430,788,20,0,20,4294967295,2152796828,536912130
125,2,536912130,1333953430,1333953430,788,20,0,20,4294967295,536912130,2152796828
125,3,2152796828,1333953430,1333953430,788,20,0,20,4294967295,2152796828,536912130
125,4,536912130,1333953430,1333953430,788,20,0,20,4294967295,536912130,2152796828
125,5,2152796828,1333953430,1333953430,788,20,0,20,4294967295,2152796828,536912130
125,6,536912130,1333953430,1333953430,788,20,0,20,4294967295,536912130,2152796828
125,7,2152796828,1333953430,1333953430,788,20,0,20,4294967295,2152796828,536912130
125,8,536912130,1333953430,1333953430,788,20,0,20,4294967295,536912130,2152796828
125,9,2152796828,1333953430,1333953430,788,20,0,20,4294967295,2152796828,536912130
125,10,536912130,1333953430,1333953430,788,20,0,20,4294967295,536912130,2152796828
125,11,2152796828,1333953430,1333953430,788,20,0,20,4294967295,2152796828,536912130
125,12,536912130,1333953430,1333953430,788,20,0,20,4294967295,536912130,2152796828
125,13,2152796828,1333953430,1333953430,788,20,0,20,4294967295,2152796828,536912130
125,14,536912130,1333953430,1333953430,788,20,0,20,4294967295,536912130,2152796828
125,15,2152796828,1333953430,1333953430,788,20,0,20,4294967295,2152796828,536912130
125,16,536912130,1333953430,1333953430,788,20,0,20,4294967295,536912130,2152796828
125,17,2152796828,1333953430,1333953430,788,20,0,20,4294967295,2152796828,536912130
125,18,536912130,1333953430,1333953430,788,20,0,20,4294967295,536912130,2152796828
125,19,2152796828,1333953430,1333953430,788,20,0,20,4294967295,2152796828,536912130
125,20,536912130,1333953430,1333953430,788,20,0,20,4294967295,536912130,2152796828
125,21,2152796828,1333953430,1333953430,788,20,0,20,4294967295,2152796828,536912130
125,22,536912130,1333953430,1333953430,788,20,0,20,4294967295,536912130,2152796828
125,23,2152796828,1333953430,1333953430,788,20,0,20,4294967295,2152796828,536912130
125,24,536912130,1333953430,1333953430,788,20,0,20,4294967295,536912130,2152796828
125,25,2152796828,1333953430,1333953430,788,20,0,20,4294967295,2152796828,536912130
126,0,1082032,3130642124,1082032,1049104,1048576,0,1048576,3130642124,4294967295,402655232
126,1,402655232,3130642124,402655232,402655232,402653184,0,402653184,3130642124,4294967295,1081984
126,2,1081984,3130642124,1081984,1049088,1048576,0,1048576,3130642124,4294967295,402655232
126,3,402655232,3130642124,402655232,402655232,402653184,0,402653184,3130642124,4294967295,1081984
126,4,1081984,3130642124,1081984,1049088,1048576,0,1048576,3130642124,4294967295,402655232
126,5,402655232,3130642124,402655232,402655232,402653184,0,402653184,3130642124,4294967295,1081984
126,6,1081984,3130642124,1081984,1049088,1048576,0,1048576,3130642124,4294967295,402655232
127,0,135356475,3147203907,1282939527,134217728,0,0,0,4294967295,4294967295,637567236
127,1,637567236,3147203907,1651112888,33652768,32,0,32,4294967263,4294967295,135356443
127,2,135356443,3147203907,1282939559,134217760,32,0,32,4294967263,4294967295,637567236
127,3,637567236,3147203907,1651112888,33652768,32,0,32,4294967263,4294967295,135356443
127,4,135356443,3147203907,1282939559,134217760,32,0,32,4294967263,4294967295,637567236
127,5,637567236,3147203907,1651112888,33652768,32,0,32,4294967263,4294967295,135356443
127,6,135356443,3147203907,1282939559,134217760,32,0,32,4294967263,4294967295,637567236
127,7,637567236,3147203907,1651112888,33652768,32,0,32,4294967263,4294967295,135356443
127,8,135356443,3147203907,1282939559,134217760,32,0,32,4294967263,4294967295,637567236
127,9,637567236,3147203907,1651112888,33652768,32,0,32,4294967263,4294967295,135356443
127,10,135356443,3147203907,1282939559,134217760,32,0,32,4294967263,4294967295,637567236
127,11,637567236,3147203907,1651112888,33652768,32,0,32,4294967263,4294967295,135356443
127,12,135356443,3147203907,1282939559,134217760,32,0,32,4294967263,4294967295,637567236
127,13,637567236,3147203907,1651112888,33652768,32,0,32,4294967263,4294967295,135356443
127,14,135356443,3147203907,1282939559,134217760,32,0,32,4294967263,4294967295,637567236
127,15,637567236,3147203907,1651112888,33652768,32,0,32,4294967263,4294967295,135356443
127,16,135356443,3147203907,1282939559,134217760,32,0,32,4294967263,4294967295,637567236
127,17,637567236,3147203907,1651112888,33652768,32,0,32,4294967263,4294967295,135356443
127,18,135356443,3147203907,1282939559,134217760,32,0,32,4294967263,4294967295,637567236
127,19,637567236,3147203907,1651112888,33652768,32,0,32,4294967263,4294967295,135356443
128,0,3221372977,3174749492,2100860165,1073742084,1073742080,0,1073742080,2100860164,4248491317,536871172
129,0,406914317,631262780,4294966259,415301921,146800673,3,0,1036,1038176061,0
129,1,0,631262780,4294967295,415302957,146800673,3,0,0,631262780,0
129,2,0,631262780,4294967295,415302957,146800673,3,0,0,631262780,0
129,3,0,631262780,4294967295,415302957,146800673,3,0,0,631262780,0
129,4,0,631262780,4294967295,415302957,146800673,3,0,0,631262780,0
129,5,0,631262780,4294967295,415302957,146800673,3,0,0,631262780,0
129,6,0,631262780,4294967295,415302957,146800673,3,0,0,631262780,0
129,7,0,631262780,4294967295,415302957,146800673,3,0,0,631262780,0
129,8,0,631262780,4294967295,415302957,146800673,3,0,0,631262780,0
129,9,0,631262780,4294967295,415302957,146800673,3,0,0,631262780,0
129,10,0,631262780,4294967295,415302957,146800673,3,0,0,631262780,0
129,11,0,631262780,4294967295,415302957,146800673,3,0,0,631262780,0
129,12,0,631262780,4294967295,415302957,146800673,3,0,0,631262780,0
129,13,0,631262780,4294967295,415302957,146800673,3,0,0,631262780,0
130,0,2152403130,4031217131,4031741435,2420117674,2147483688,0,2147483688,0,2147483688,4919442
130,1,4919442,4031217131,4031741435,2420117674,2147483688,0,2147483688,0,2147483688,4919442
130,2,4919442,4031217131,4031741435,2420117674,2147483688,0,2147483688,0,2147483688,4919442
130,3,4919442,4031217131,4031741435,2420117674,2147483688,0,2147483688,0,2147483688,4919442
130,4,4919442,4031217131,4031741435,2420117674,2147483688,0,2147483688,0,2147483688,4919442
130,5,4919442,4031217131,4031741435,2420117674,2147483688,0,2147483688,0,2147483688,4919442
130,6,4919442,4031217131,4031741435,2420117674,2147483688,0,2147483688,0,2147483688,4919442
130,7,4919442,4031217131,4031741435,2420117674,2147483688,0,2147483688,0,2147483688,4919442
130,8,4919442,4031217131,4031741435,2420117674,2147483688,0,2147483688,0,2147483688,4919442
130,9,4919442,4031217131,4031741435,2420117674,2147483688,0,2147483688,0,2147483688,4919442
130,10,4919442,4031217131,4031741435,2420117674,2147483688,0,2147483688,0,2147483688,4919442
130,11,4919442,4031217131,4031741435,2420117674,2147483688,0,2147483688,0,2147483688,4919442
130,12,4919442,4031217131,4031741435,2420117674,2147483688,0,2147483688,0,2147483688,4919442
130,13,4919442,4031217131,4031741435,2420117674,2147483688,0,2147483688,0,2147483688,4919442
130,14,4919442,4031217131,4031741435,2420117674,2147483688,0,2147483688,0,2147483688,4919442
130,15,4919442,4031217131,4031741435,2420117674,2147483688,0,2147483688,0,2147483688,4919442
130,16,4919442,4031217131,4031741435,2420117674,2147483688,0,2147483688,0,2147483688,4919442
130,17,4919442,4031217131,4031741435,2420117674,2147483688,0,2147483688,0,2147483688,4919442
130,18,4919442,4031217131,4031741435,2420117674,2147483688,0,2147483688,0,2147483688,4919442
130,19,4919442,4031217131,4031741435,2420117674,2147483688,0,2147483688,0,2147483688,4919442
130,20,4919442,4031217131,4031741435,2420117674,2147483688,0,2147483688,0,2147483688,4919442
130,21,4919442,4031217131,4031741435,2420117674,2147483688,0,2147483688,0,2147483688,4919442
130,22,4919442,4031217131,4031741435,2420117674,2147483688,0,2147483688,0,2147483688,4919442
130,23,4919442,4031217131,4031741435,2420117674,2147483688,0,2147483688,0,2147483688,4919442
130,24,4919442,4031217131,4031741435,2420117674,2147483688,0,2147483688,0,2147483688,4919442
130,25,4919442,4031217131,4031741435,2420117674,2147483688,0,2147483688,0,2147483688,4919442
130,26,4919442,4031217131,4031741435,2420117674,2147483688,0,2147483688,0,2147483688,4919442
131,0,635830273,2499559189,2971287316,537001984,537001984,0,537001984,4294967295,0,803702027
131,1,803702027,2499559189,3139156510,704806920,704806912,2,0,4294967295,0,803702027
131,2,803702027,2499559189,3139156510,704806920,704806912,2,0,4294967295,0,803702027
131,3,803702027,2499559189,3139156510,704806920,704806912,2,0,4294967295,0,803702027
131,4,803702027,2499559189,3139156510,704806920,704806912,2,0,4294967295,0,803702027
131,5,803702027,2499559189,3139156510,704806920,704806912,2,0,4294967295,0,803702027
131,6,803702027,2499559189,3139156510,704806920,704806912,2,0,4294967295,0,803702027
131,7,803702027,2499559189,3139156510,704806920,704806912,2,0,4294967295,0,803702027
132,0,1144540433,3047482628,4122799381,256,0,0,0,241391594,4053575701,102848256
132,1,102848256,3047482628,3081107204,768,512,0,512,1283084283,3011883524,1144540433
132,2,1144540433,3047482628,4122799381,256,0,0,0,241391594,4053575701,102848256
132,3,102848256,3047482628,3081107204,768,512,0,512,1283084283,3011883524,1144540433
132,4,1144540433,3047482628,4122799381,256,0,0,0,241391594,4053575701,102848256
132,5,102848256,3047482628,3081107204,768,512,0,512,1283084283,3011883524,1144540433
132,6,1144540433,3047482628,4122799381,256,0,0,0,241391594,4053575701,102848256
132,7,102848256,3047482628,3081107204,768,512,0,512,1283084283,3011883524,1144540433
132,8,1144540433,3047482628,4122799381,256,0,0,0,241391594,4053575701,102848256
132,9,102848256,3047482628,3081107204,768,512,0,512,1283084283,3011883524,1144540433
132,10,1144540433,3047482628,4122799381,256,0,0,0,241391594,4053575701,102848256
132,11,102848256,3047482628,3081107204,768,512,0,512,1283084283,3011883524,1144540433
132,12,1144540433,3047482628,4122799381,256,0,0,0,241391594,4053575701,102848256
132,13,102848256,3047482628,3081107204,768,512,0,512,1283084283,3011883524,1144540433
132,14,1144540433,3047482628,4122799381,256,0,0,0,241391594,4053575701,102848256
132,15,102848256,3047482628,3081107204,768,512,0,512,1283084283,3011883524,1144540433
132,16,1144540433,3047482628,4122799381,256,0,0,0,241391594,4053575701,102848256
132,17,102848256,3047482628,3081107204,768,512,0,512,1283084283,3011883524,1144540433
132,18,1144540433,3047482628,4122799381,256,0,0,0,241391594,4053575701,102848256
132,19,102848256,3047482628,3081107204,768,512,0,512,1283084283,3011883524,1144540433
132,20,1144540433,3047482628,4122799381,256,0,0,0,241391594,4053575701,102848256
133,0,778052520,496046888,3423522687,201360169,32801,2,0,496046888,4294967295,294649856
133,1,294649856,496046888,4093570263,550535169,8421377,3,0,496046888,4294967295,201327400
134,0,138553636,3606099698,4294967295,12756272,4194608,0,4194608,4202544,0,138553652
134,1,138553652,3606099698,4294967295,12756272,4194608,0,4194608,4202544,0,138553652
134,2,138553652,3606099698,4294967295,12756272,4194608,0,4194608,4202544,0,138553652
134,3,138553652,3606099698,4294967295,12756272,4194608,0,4194608,4202544,0,138553652
134,4,138553652,3606099698,4294967295,12756272,4194608,0,4194608,4202544,0,138553652
134,5,138553652,3606099698,4294967295,12756272,4194608,0,4194608,4202544,0,138553652
134,6,138553652,3606099698,4294967295,12756272,4194608,0,4194608,4202544,0,138553652
134,7,138553652,3606099698,4294967295,12756272,4194608,0,4194608,4202544,0,138553652
134,8,138553652,3606099698,4294967295,12756272,4194608,0,4194608,4202544,0,138553652
134,9,138553652,3606099698,4294967295,12756272,4194608,0,4194608,4202544,0,138553652
134,10,138553652,3606099698,4294967295,12756272,4194608,0,4194608,4202544,0,138553652
134,11,138553652,3606099698,4294967295,12756272,4194608,0,4194608,4202544,0,138553652
134,12,138553652,3606099698,4294967295,12756272,4194608,0,4194608,4202544,0,138553652
134,13,138553652,3606099698,4294967295,12756272,4194608,0,4194608,4202544,0,138553652
134,14,138553652,3606099698,4294967295,12756272,4194608,0,4194608,4202544,0,138553652
135,0,2162174982,3368194044,2162174982,10493954,2097152,1,0,3368194044,0,3235917150
135,1,3235917150,3368194044,3235917150,1084235850,1075838984,1,0,3368194044,0,3235917150
135,2,3235917150,3368194044,3235917150,1084235850,1075838984,1,0,3368194044,0,3235917150
135,3,3235917150,3368194044,3235917150,1084235850,1075838984,1,0,3368194044,0,3235917150
135,4,3235917150,3368194044,3235917150,1084235850,1075838984,1,0,3368194044,0,3235917150
135,5,3235917150,3368194044,3235917150,1084235850,1075838984,1,0,3368194044,0,3235917150
135,6,3235917150,3368194044,3235917150,1084235850,1075838984,1,0,3368194044,0,3235917150
135,7,3235917150,3368194044,3235917150,1084235850,1075838984,1,0,3368194044,0,3235917150
135,8,3235917150,3368194044,3235917150,1084235850,1075838984,1,0,3368194044,0,3235917150
135,9,3235917150,3368194044,3235917150,1084235850,1075838984,1,0,3368194044,0,3235917150
135,10,3235917150,3368194044,3235917150,1084235850,1075838984,1,0,3368194044,0,3235917150
135,11,3235917150,3368194044,3235917150,1084235850,1075838984,1,0,3368194044,0,3235917150
135,12,3235917150,3368194044,3235917150,1084235850,1075838984,1,0,3368194044,0,3235917150
135,13,3235917150,3368194044,3235917150,1084235850,1075838984,1,0,3368194044,0,3235917150
135,14,3235917150,3368194044,3235917150,1084235850,1075838984,1,0,3368194044,0,3235917150
135,15,3235917150,3368194044,3235917150,1084235850,1075838984,1,0,3368194044,0,3235917150
135,16,3235917150,3368194044,3235917150,1084235850,1075838984,1,0,3368194044,0,3235917150
135,17,3235917150,3368194044,3235917150,1084235850,1075838984,1,0,3368194044,0,3235917150
135,18,3235917150,3368194044,3235917150,1084235850,1075838984,1,0,3368194044,0,3235917150
135,19,3235917150,3368194044,3235917150,1084235850,1075838984,1,0,3368194044,0,3235917150
135,20,3235917150,3368194044,3235917150,1084235850,1075838984,1,0,3368194044,0,3235917150
135,21,3235917150,3368194044,3235917150,1084235850,1075838984,1,0,3368194044,0,3235917150
135,22,3235917150,3368194044,3235917150,1084235850,1075838984,1,0,3368194044,0,3235917150
135,23,3235917150,3368194044,3235917150,1084235850,1075838984,1,0,3368194044,0,3235917150
135,24,3235917150,3368194044,3235917150,1084235850,1075838984,1,0,3368194044,0,3235917150
135,25,3235917150,3368194044,3235917150,1084235850,1075838984,1,0,3368194044,0,3235917150
135,26,3235917150,3368194044,3235917150,1084235850,1075838984,1,0,3368194044,0,3235917150
135,27,3235917150,3368194044,3235917150,1084235850,1075838984,1,0,3368194044,0,3235917150
136,0,2156331372,786782442,2925681030,4329732,4352,0,4352,8720488,8720488,2147619076
136,1,2147619076,786782442,2934393326,4587844,262464,0,262464,266304,266304,2147877188
136,2,2147877188,786782442,2934135214,4329732,4352,0,4352,266304,266304,2147619076
136,3,2147619076,786782442,2934393326,4587844,262464,0,262464,266304,266304,2147877188
136,4,2147877188,786782442,2934135214,4329732,4352,0,4352,266304,266304,2147619076
136,5,2147619076,786782442,2934393326,4587844,262464,0,262464,266304,266304,2147877188
136,6,2147877188,786782442,2934135214,4329732,4352,0,4352,266304,266304,2147619076
136,7,2147619076,786782442,2934393326,4587844,262464,0,262464,266304,266304,2147877188
136,8,2147877188,786782442,2934135214,4329732,4352,0,4352,266304,266304,2147619076
137,0,1654202368,228270276,2422529851,2415919392,288,1,0,228270276,1872437444,67240000
137,1,67240000,228270276,4066697019,4026532128,1073742112,1,0,228270276,228270276,10035200
137,2,10035200,228270276,4066697019,4026532128,1073742112,1,0,228270276,228270276,67240000
137,3,67240000,228270276,4066697019,4026532128,1073742112,1,0,228270276,228270276,10035200
137,4,10035200,228270276,4066697019,4026532128,1073742112,1,0,228270276,228270276,67240000
137,5,67240000,228270276,4066697019,4026532128,1073742112,1,0,228270276,228270276,10035200
137,6,10035200,228270276,4066697019,4026532128,1073742112,1,0,228270276,228270276,67240000
137,7,67240000,228270276,4066697019,4026532128,1073742112,1,0,228270276,228270276,10035200
137,8,10035200,228270276,4066697019,4026532128,1073742112,1,0,228270276,228270276,67240000
137,9,67240000,228270276,4066697019,4026532128,1073742112,1,0,228270276,228270276,10035200
137,10,10035200,228270276,4066697019,4026532128,1073742112,1,0,228270276,228270276,67240000
137,11,67240000,228270276,4066697019,4026532128,1073742112,1,0,228270276,228270276,10035200
137,12,10035200,228270276,4066697019,4026532128,1073742112,1,0,228270276,228270276,67240000
137,13,67240000,228270276,4066697019,4026532128,1073742112,1,0,228270276,228270276,10035200
137,14,10035200,228270276,4066697019,4026532128,1073742112,1,0,228270276,228270276,67240000
137,15,67240000,228270276,4066697019,4026532128,1073742112,1,0,228270276,228270276,10035200
137,16,10035200,228270276,4066697019,4026532128,1073742112,1,0,228270276,228270276,67240000
137,17,67240000,228270276,4066697019,4026532128,1073742112,1,0,228270276,228270276,10035200
137,18,10035200,228270276,4066697019,4026532128,1073742112,1,0,228270276,228270276,67240000
137,19,67240000,228270276,4066697019,4026532128,1073742112,1,0,228270276,228270276,10035200
137,20,10035200,228270276,4066697019,4026532128,1073742112,1,0,228270276,228270276,67240000
137,21,67240000,228270276,4066697019,4026532128,1073742112,1,0,228270276,228270276,10035200
138,0,1057410,4181812620,113154675,33557059,33554434,0,33554434,33562752,78559475,34603520
138,1,34603520,4181812620,113154675,33557059,33554434,0,33554434,2,112105585,1049090
138,2,1049090,4181812620,113154675,33557059,33554434,0,33554434,33554432,78551155,34603520
139,0,1174732801,1678915336,1712797449,100728832,65536,1,0,0,0,1174732801
139,1,1174732801,1678915336,1712797449,100728832,65536,1,0,0,0,1174732801
139,2,1174732801,1678915336,1712797449,100728832,65536,1,0,0,0,1174732801
139,3,1174732801,1678915336,1712797449,100728832,65536,1,0,0,0,1174732801
139,4,1174732801,1678915336,1712797449,100728832,65536,1,0,0,0,1174732801
139,5,1174732801,1678915336,1712797449,100728832,65536,1,0,0,0,1174732801
139,6,1174732801,1678915336,1712797449,100728832,65536,1,0,0,0,1174732801
139,7,1174732801,1678915336,1712797449,100728832,65536,1,0,0,0,1174732801
139,8,1174732801,1678915336,1712797449,100728832,65536,1,0,0,0,1174732801
139,9,1174732801,1678915336,1712797449,100728832,65536,1,0,0,0,1174732801
139,10,1174732801,1678915336,1712797449,100728832,65536,1,0,0,0,1174732801
139,11,1174732801,1678915336,1712797449,100728832,65536,1,0,0,0,1174732801
139,12,1174732801,1678915336,1712797449,100728832,65536,1,0,0,0,1174732801
139,13,1174732801,1678915336,1712797449,100728832,65536,1,0,0,0,1174732801
139,14,1174732801,1678915336,1712797449,100728832,65536,1,0,0,0,1174732801
139,15,1174732801,1678915336,1712797449,100728832,65536,1,0,0,0,1174732801
140,0,3221307428,530863904,3752138500,1090520068,1090520068,0,1090520068,2164343840,0,3238085668
140,1,3238085668,530863904,3735360260,1073741828,1073741828,0,1073741828,2164343840,0,3238085668
140,2,3238085668,530863904,3735360260,1073741828,1073741828,0,1073741828,2164343840,0,3238085668
140,3,3238085668,530863904,3735360260,1073741828,1073741828,0,1073741828,2164343840,0,3238085668
140,4,3238085668,530863904,3735360260,1073741828,1073741828,0,1073741828,2164343840,0,3238085668
140,5,3238085668,530863904,3735360260,1073741828,1073741828,0,1073741828,2164343840,0,3238085668
140,6,3238085668,530863904,3735360260,1073741828,1073741828,0,1073741828,2164343840,0,3238085668
140,7,3238085668,530863904,3735360260,1073741828,1073741828,0,1073741828,2164343840,0,3238085668
140,8,3238085668,530863904,3735360260,1073741828,1073741828,0,1073741828,2164343840,0,3238085668
140,9,3238085668,530863904,3735360260,1073741828,1073741828,0,1073741828,2164343840,0,3238085668
140,10,3238085668,530863904,3735360260,1073741828,1073741828,0,1073741828,2164343840,0,3238085668
140,11,3238085668,530863904,3735360260,1073741828,1073741828,0,1073741828,2164343840,0,3238085668
140,12,3238085668,530863904,3735360260,1073741828,1073741828,0,1073741828,2164343840,0,3238085668
140,13,3238085668,530863904,3735360260,1073741828,1073741828,0,1073741828,2164343840,0,3238085668
140,14,3238085668,530863904,3735360260,1073741828,1073741828,0,1073741828,2164343840,0,3238085668
140,15,3238085668,530863904,3735360260,1073741828,1073741828,0,1073741828,2164343840,0,3238085668
140,16,3238085668,530863904,3735360260,1073741828,1073741828,0,1073741828,2164343840,0,3238085668
140,17,3238085668,530863904,3735360260,1073741828,1073741828,0,1073741828,2164343840,0,3238085668
140,18,3238085668,530863904,3735360260,1073741828,1073741828,0,1073741828,2164343840,0,3238085668
140,19,3238085668,530863904,3735360260,1073741828,1073741828,0,1073741828,2164343840,0,3238085668
140,20,3238085668,530863904,3735360260,1073741828,1073741828,0,1073741828,2164343840,0,3238085668
140,21,3238085668,530863904,3735360260,1073741828,1073741828,0,1073741828,2164343840,0,3238085668
140,22,3238085668,530863904,3735360260,1073741828,1073741828,0,1073741828,2164343840,0,3238085668
140,23,3238085668,530863904,3735360260,1073741828,1073741828,0,1073741828,2164343840,0,3238085668
140,24,3238085668,530863904,3735360260,1073741828,1073741828,0,1073741828,2164343840,0,3238085668
140,25,3238085668,530863904,3735360260,1073741828,1073741828,0,1073741828,2164343840,0,3238085668
140,26,3238085668,530863904,3735360260,1073741828,1073741828,0,1073741828,2164343840,0,3238085668
140,27,3238085668,530863904,3735360260,1073741828,1073741828,0,1073741828,2164343840,0,3238085668
140,28,3238085668,530863904,3735360260,1073741828,1073741828,0,1073741828,2164343840,0,3238085668
141,0,58828833,2722680868,1547044826,67109376,67109376,1,0,0,4294967295,0
141,1,0,2722680868,1572286427,75500033,67109376,1,0,0,4294967295,0
141,2,0,2722680868,1572286427,75500033,67109376,1,0,0,4294967295,0
141,3,0,2722680868,1572286427,75500033,67109376,1,0,0,4294967295,0
141,4,0,2722680868,1572286427,75500033,67109376,1,0,0,4294967295,0
141,5,0,2722680868,1572286427,75500033,67109376,1,0,0,4294967295,0
141,6,0,2722680868,1572286427,75500033,67109376,1,0,0,4294967295,0
141,7,0,2722680868,1572286427,75500033,67109376,1,0,0,4294967295,0
141,8,0,2722680868,1572286427,75500033,67109376,1,0,0,4294967295,0
141,9,0,2722680868,1572286427,75500033,67109376,1,0,0,4294967295,0
142,0,5227169,2598637455,4290510206,2156421168,2148032560,0,2148032560,0,1696329840,4457089
142,1,4457089,2598637455,4290510206,2156421168,2148032560,0,2148032560,0,1696329840,4457089
142,2,4457089,2598637455,4290510206,2156421168,2148032560,0,2148032560,0,1696329840,4457089
142,3,4457089,2598637455,4290510206,2156421168,2148032560,0,2148032560,0,1696329840,4457089
142,4,4457089,2598637455,4290510206,2156421168,2148032560,0,2148032560,0,1696329840,4457089
142,5,4457089,2598637455,4290510206,2156421168,2148032560,0,2148032560,0,1696329840,4457089
142,6,4457089,2598637455,4290510206,2156421168,2148032560,0,2148032560,0,1696329840,4457089
142,7,4457089,2598637455,4290510206,2156421168,2148032560,0,2148032560,0,1696329840,4457089
142,8,4457089,2598637455,4290510206,2156421168,2148032560,0,2148032560,0,1696329840,4457089
142,9,4457089,2598637455,4290510206,2156421168,2148032560,0,2148032560,0,1696329840,4457089
142,10,4457089,2598637455,4290510206,2156421168,2148032560,0,2148032560,0,1696329840,4457089
142,11,4457089,2598637455,4290510206,2156421168,2148032560,0,2148032560,0,1696329840,4457089
142,12,4457089,2598637455,4290510206,2156421168,2148032560,0,2148032560,0,1696329840,4457089
142,13,4457089,2598637455,4290510206,2156421168,2148032560,0,2148032560,0,1696329840,4457089
142,14,4457089,2598637455,4290510206,2156421168,2148032560,0,2148032560,0,1696329840,4457089
142,15,4457089,2598637455,4290510206,2156421168,2148032560,0,2148032560,0,1696329840,4457089
142,16,4457089,2598637455,4290510206,2156421168,2148032560,0,2148032560,0,1696329840,4457089
142,17,4457089,2598637455,4290510206,2156421168,2148032560,0,2148032560,0,1696329840,4457089
142,18,4457089,2598637455,4290510206,2156421168,2148032560,0,2148032560,0,1696329840,4457089
142,19,4457089,2598637455,4290510206,2156421168,2148032560,0,2148032560,0,1696329840,4457089
142,20,4457089,2598637455,4290510206,2156421168,2148032560,0,2148032560,0,1696329840,4457089
142,21,4457089,2598637455,4290510206,2156421168,2148032560,0,2148032560,0,1696329840,4457089
142,22,4457089,2598637455,4290510206,2156421168,2148032560,0,2148032560,0,1696329840,4457089
143,0,139987169,1942310828,0,0,0,0,0,4294967295,4196512,255570245
143,1,255570245,1942310828,0,0,0,0,0,4294967295,50397444,209369313
143,2,209369313,1942310828,0,0,0,0,0,4294967295,4196512,255570245
143,3,255570245,1942310828,0,0,0,0,0,4294967295,50397444,209369313
144,0,721453512,3942909709,721420552,704643336,704643080,0,704643080,3221522117,3590324215,2852389384
144,1,2852389384,3942909709,2852389384,704905736,704643080,0,704643080,1090520325,3590324215,721420552
144,2,721420552,3942909709,721420552,704643336,704643080,0,704643080,3221489157,3590324215,2852389384
144,3,2852389384,3942909709,2852389384,704905736,704643080,0,704643080,1090520325,3590324215,721420552
144,4,721420552,3942909709,721420552,704643336,704643080,0,704643080,3221489157,3590324215,2852389384
144,5,2852389384,3942909709,2852389384,704905736,704643080,0,704643080,1090520325,3590324215,721420552
144,6,721420552,3942909709,721420552,704643336,704643080,0,704643080,3221489157,3590324215,2852389384
144,7,2852389384,3942909709,2852389384,704905736,704643080,0,704643080,1090520325,3590324215,721420552
144,8,721420552,3942909709,721420552,704643336,704643080,0,704643080,3221489157,3590324215,2852389384
144,9,2852389384,3942909709,2852389384,704905736,704643080,0,704643080,1090520325,3590324215,721420552
144,10,721420552,3942909709,721420552,704643336,704643080,0,704643080,3221489157,3590324215,2852389384
144,11,2852389384,3942909709,2852389384,704905736,704643080,0,704643080,1090520325,3590324215,721420552
144,12,721420552,3942909709,721420552,704643336,704643080,0,704643080,3221489157,3590324215,2852389384
144,13,2852389384,3942909709,2852389384,704905736,704643080,0,704643080,1090520325,3590324215,721420552
144,14,721420552,3942909709,721420552,704643336,704643080,0,704643080,3221489157,3590324215,2852389384
144,15,2852389384,3942909709,2852389384,704905736,704643080,0,704643080,1090520325,3590324215,721420552
144,16,721420552,3942909709,721420552,704643336,704643080,0,704643080,3221489157,3590324215,2852389384
145,0,12731467,1333020945,4290756606,270664264,131080,2,0,1333020945,4294967295,137363456
145,1,137363456,1333020945,4157603839,272761416,4325384,3,0,1333020945,4294967295,4210689
145,2,4210689,1333020945,4290756606,270664264,131080,2,0,1333020945,4294967295,137363456
145,3,137363456,1333020945,4157603839,272761416,4325384,3,0,1333020945,4294967295,4210689
145,4,4210689,1333020945,4290756606,270664264,131080,2,0,1333020945,4294967295,137363456
145,5,137363456,1333020945,4157603839,272761416,4325384,3,0,1333020945,4294967295,4210689
145,6,4210689,1333020945,4290756606,270664264,131080,2,0,1333020945,4294967295,137363456
145,7,137363456,1333020945,4157603839,272761416,4325384,3,0,1333020945,4294967295,4210689
145,8,4210689,1333020945,4290756606,270664264,131080,2,0,1333020945,4294967295,137363456
145,9,137363456,1333020945,4157603839,272761416,4325384,3,0,1333020945,4294967295,4210689
145,10,4210689,1333020945,4290756606,270664264,131080,2,0,1333020945,4294967295,137363456
145,11,137363456,1333020945,4157603839,272761416,4325384,3,0,1333020945,4294967295,4210689
145,12,4210689,1333020945,4290756606,270664264,131080,2,0,1333020945,4294967295,137363456
145,13,137363456,1333020945,4157603839,272761416,4325384,3,0,1333020945,4294967295,4210689
145,14,4210689,1333020945,4290756606,270664264,131080,2,0,1333020945,4294967295,137363456
145,15,137363456,1333020945,4157603839,272761416,4325384,3,0,1333020945,4294967295,4210689
145,16,4210689,1333020945,4290756606,270664264,131080,2,0,1333020945,4294967295,137363456
145,17,137363456,1333020945,4157603839,272761416,4325384,3,0,1333020945,4294967295,4210689
145,18,4210689,1333020945,4290756606,270664264,131080,2,0,1333020945,4294967295,137363456
145,19,137363456,1333020945,4157603839,272761416,4325384,3,0,1333020945,4294967295,4210689
145,20,4210689,1333020945,4290756606,270664264,131080,2,0,1333020945,4294967295,137363456
145,21,137363456,1333020945,4157603839,272761416,4325384,3,0,1333020945,4294967295,4210689
145,22,4210689,1333020945,4290756606,270664264,131080,2,0,1333020945,4294967295,137363456
145,23,137363456,1333020945,4157603839,272761416,4325384,3,0,1333020945,4294967295,4210689
145,24,4210689,1333020945,4290756606,270664264,131080,2,0,1333020945,4294967295,137363456
145,25,137363456,1333020945,4157603839,272761416,4325384,3,0,1333020945,4294967295,4210689
145,26,4210689,1333020945,4290756606,270664264,131080,2,0,1333020945,4294967295,137363456
145,27,137363456,1333020945,4157603839,272761416,4325384,3,0,1333020945,4294967295,4210689
145,28,4210689,1333020945,4290756606,270664264,131080,2,0,1333020945,4294967295,137363456
145,29,137363456,1333020945,4157603839,272761416,4325384,3,0,1333020945,4294967295,4210689
146,0,2689171474,1297278810,2684944384,2684420096,2684420096,0,2684420096,1610547199,0,3016479859
146,1,3016479859,1297278810,2995327009,2994802721,2726367233,0,2726367233,1568600062,0,3016479859
146,2,3016479859,1297278810,2995327009,2994802721,2726367233,0,2726367233,1568600062,0,3016479859
146,3,3016479859,1297278810,2995327009,2994802721,2726367233,0,2726367233,1568600062,0,3016479859
146,4,3016479859,1297278810,2995327009,2994802721,2726367233,0,2726367233,1568600062,0,3016479859
146,5,3016479859,1297278810,2995327009,2994802721,2726367233,0,2726367233,1568600062,0,3016479859
146,6,3016479859,1297278810,2995327009,2994802721,2726367233,0,2726367233,1568600062,0,3016479859
146,7,3016479859,1297278810,2995327009,2994802721,2726367233,0,2726367233,1568600062,0,3016479859
146,8,3016479859,1297278810,2995327009,2994802721,2726367233,0,2726367233,1568600062,0,3016479859
146,9,3016479859,1297278810,2995327009,2994802721,2726367233,0,2726367233,1568600062,0,3016479859
146,10,3016479859,1297278810,2995327009,2994802721,2726367233,0,2726367233,1568600062,0,3016479859
147,0,1231184321,810542789,1226834176,1090519040,1090519040,0,1090519040,4294967295,0,3455216067
147,1,3455216067,810542789,3450865922,1098907650,1098907650,1,0,4294967295,0,3455216067
147,2,3455216067,810542789,3450865922,1098907650,1098907650,1,0,4294967295,0,3455216067
147,3,3455216067,810542789,3450865922,1098907650,1098907650,1,0,4294967295,0,3455216067
147,4,3455216067,810542789,3450865922,1098907650,1098907650,1,0,4294967295,0,3455216067
147,5,3455216067,810542789,3450865922,1098907650,1098907650,1,0,4294967295,0,3455216067
147,6,3455216067,810542789,3450865922,1098907650,1098907650,1,0,4294967295,0,3455216067
147,7,3455216067,810542789,3450865922,1098907650,1098907650,1,0,4294967295,0,3455216067
147,8,3455216067,810542789,3450865922,1098907650,1098907650,1,0,4294967295,0,3455216067
147,9,3455216067,810542789,3450865922,1098907650,1098907650,1,0,4294967295,0,3455216067
147,10,3455216067,810542789,3450865922,1098907650,1098907650,1,0,4294967295,0,3455216067
147,11,3455216067,810542789,3450865922,1098907650,1098907650,1,0,4294967295,0,3455216067
147,12,3455216067,810542789,3450865922,1098907650,1098907650,1,0,4294967295,0,3455216067
147,13,3455216067,810542789,3450865922,1098907650,1098907650,1,0,4294967295,0,3455216067
147,14,3455216067,810542789,3450865922,1098907650,1098907650,1,0,4294967295,0,3455216067
147,15,3455216067,810542789,3450865922,1098907650,1098907650,1,0,4294967295,0,3455216067
147,16,3455216067,810542789,3450865922,1098907650,1098907650,1,0,4294967295,0,3455216067
147,17,3455216067,810542789,3450865922,1098907650,1098907650,1,0,4294967295,0,3455216067
147,18,3455216067,810542789,3450865922,1098907650,1098907650,1,0,4294967295,0,3455216067
147,19,3455216067,810542789,3450865922,1098907650,1098907650,1,0,4294967295,0,3455216067
147,20,3455216067,810542789,3450865922,1098907650,1098907650,1,0,4294967295,0,3455216067
147,21,3455216067,810542789,3450865922,1098907650,1098907650,1,0,4294967295,0,3455216067
147,22,3455216067,810542789,3450865922,1098907650,1098907650,1,0,4294967295,0,3455216067
147,23,3455216067,810542789,3450865922,1098907650,1098907650,1,0,4294967295,0,3455216067
148,0,1074661424,2307163389,913404674,536887808,16384,0,16384,1074399232,3381316813,262192
148,1,262192,2307163389,1987803906,1611284992,1074413568,0,1074413568,0,3381314765,262192
148,2,262192,2307163389,1987803906,1611284992,1074413568,0,1074413568,0,3381314765,262192
148,3,262192,2307163389,1987803906,1611284992,1074413568,0,1074413568,0,3381314765,262192
148,4,262192,2307163389,1987803906,1611284992,1074413568,0,1074413568,0,3381314765,262192
149,0,2167407904,2538244214,2130706399,335676680,67109128,2,0,0,3917836969,3147008
149,1,3147008,2538244214,4294967295,2499937576,2231370024,3,0,0,1753576073,3147008
149,2,3147008,2538244214,4294967295,2499937576,2231370024,3,0,0,1753576073,3147008
149,3,3147008,2538244214,4294967295,2499937576,2231370024,3,0,0,1753576073,3147008
149,4,3147008,2538244214,4294967295,2499937576,2231370024,3,0,0,1753576073,3147008
149,5,3147008,2538244214,4294967295,2499937576,2231370024,3,0,0,1753576073,3147008
149,6,3147008,2538244214,4294967295,2499937576,2231370024,3,0,0,1753576073,3147008
149,7,3147008,2538244214,4294967295,2499937576,2231370024,3,0,0,1753576073,3147008
149,8,3147008,2538244214,4294967295,2499937576,2231370024,3,0,0,1753576073,3147008
149,9,3147008,2538244214,4294967295,2499937576,2231370024,3,0,0,1753576073,3147008
149,10,3147008,2538244214,4294967295,2499937576,2231370024,3,0,0,1753576073,3147008
149,11,3147008,2538244214,4294967295,2499937576,2231370024,3,0,0,1753576073,3147008
149,12,3147008,2538244214,4294967295,2499937576,2231370024,3,0,0,1753576073,3147008
149,13,3147008,2538244214,4294967295,2499937576,2231370024,3,0,0,1753576073,3147008
149,14,3147008,2538244214,4294967295,2499937576,2231370024,3,0,0,1753576073,3147008
149,15,3147008,2538244214,4294967295,2499937576,2231370024,3,0,0,1753576073,3147008
149,16,3147008,2538244214,4294967295,2499937576,2231370024,3,0,0,1753576073,3147008
149,17,3147008,2538244214,4294967295,2499937576,2231370024,3,0,0,1753576073,3147008
150,0,536876066,4200351085,3663479117,0,0,0,0,3758091229,0,581655735
150,1,581655735,4200351085,3629384008,0,0,0,0,3713311560,0,581655735
150,2,581655735,4200351085,3629384008,0,0,0,0,3713311560,0,581655735
150,3,581655735,4200351085,3629384008,0,0,0,0,3713311560,0,581655735
150,4,581655735,4200351085,3629384008,0,0,0,0,3713311560,0,581655735
150,5,581655735,4200351085,3629384008,0,0,0,0,3713311560,0,581655735
150,6,581655735,4200351085,3629384008,0,0,0,0,3713311560,0,581655735
150,7,581655735,4200351085,3629384008,0,0,0,0,3713311560,0,581655735
150,8,581655735,4200351085,3629384008,0,0,0,0,3713311560,0,581655735
150,9,581655735,4200351085,3629384008,0,0,0,0,3713311560,0,581655735
150,10,581655735,4200351085,3629384008,0,0,0,0,3713311560,0,581655735
150,11,581655735,4200351085,3629384008,0,0,0,0,3713311560,0,581655735
150,12,581655735,4200351085,3629384008,0,0,0,0,3713311560,0,581655735
150,13,581655735,4200351085,3629384008,0,0,0,0,3713311560,0,581655735
150,14,581655735,4200351085,3629384008,0,0,0,0,3713311560,0,581655735
150,15,581655735,4200351085,3629384008,0,0,0,0,3713311560,0,581655735
150,16,581655735,4200351085,3629384008,0,0,0,0,3713311560,0,581655735
150,17,581655735,4200351085,3629384008,0,0,0,0,3713311560,0,581655735
150,18,581655735,4200351085,3629384008,0,0,0,0,3713311560,0,581655735
150,19,581655735,4200351085,3629384008,0,0,0,0,3713311560,0,581655735
150,20,581655735,4200351085,3629384008,0,0,0,0,3713311560,0,581655735
150,21,581655735,4200351085,3629384008,0,0,0,0,3713311560,0,581655735
150,22,581655735,4200351085,3629384008,0,0,0,0,3713311560,0,581655735
150,23,581655735,4200351085,3629384008,0,0,0,0,3713311560,0,581655735
150,24,581655735,4200351085,3629384008,0,0,0,0,3713311560,0,581655735
150,25,581655735,4200351085,3629384008,0,0,0,0,3713311560,0,581655735
150,26,581655735,4200351085,3629384008,0,0,0,0,3713311560,0,581655735
150,27,581655735,4200351085,3629384008,0,0,0,0,3713311560,0,581655735
150,28,581655735,4200351085,3629384008,0,0,0,0,3713311560,0,581655735
150,29,581655735,4200351085,3629384008,0,0,0,0,3713311560,0,581655735
150,30,581655735,4200351085,3629384008,0,0,0,0,3713311560,0,581655735
151,0,3963617880,2304836579,3982558203,1832911832,1681916424,5,0,18940323,331349415,3982558168
151,1,3982558168,2304836579,3982558203,1832911832,1681916424,5,0,35,312409127,3982558168
151,2,3982558168,2304836579,3982558203,1832911832,1681916424,5,0,35,312409127,3982558168
151,3,3982558168,2304836579,3982558203,1832911832,1681916424,5,0,35,312409127,3982558168
151,4,3982558168,2304836579,3982558203,1832911832,1681916424,5,0,35,312409127,3982558168
151,5,3982558168,2304836579,3982558203,1832911832,1681916424,5,0,35,312409127,3982558168
151,6,3982558168,2304836579,3982558203,1832911832,1681916424,5,0,35,312409127,3982558168
151,7,3982558168,2304836579,3982558203,1832911832,1681916424,5,0,35,312409127,3982558168
151,8,3982558168,2304836579,3982558203,1832911832,1681916424,5,0,35,312409127,3982558168
151,9,3982558168,2304836579,3982558203,1832911832,1681916424,5,0,35,312409127,3982558168
151,10,3982558168,2304836579,3982558203,1832911832,1681916424,5,0,35,312409127,3982558168
151,11,3982558168,2304836579,3982558203,1832911832,1681916424,5,0,35,312409127,3982558168
152,0,134546432,1611009082,1610745914,0,0,0,0,1745292346,263168,134283264
152,1,134283264,1611009082,1611009082,0,0,0,0,1745292346,0,134546432
152,2,134546432,1611009082,1610745914,0,0,0,0,1745292346,263168,134283264
152,3,134283264,1611009082,1611009082,0,0,0,0,1745292346,0,134546432
152,4,134546432,1611009082,1610745914,0,0,0,0,1745292346,263168,134283264
152,5,134283264,1611009082,1611009082,0,0,0,0,1745292346,0,134546432
152,6,134546432,1611009082,1610745914,0,0,0,0,1745292346,263168,134283264
152,7,134283264,1611009082,1611009082,0,0,0,0,1745292346,0,134546432
152,8,134546432,1611009082,1610745914,0,0,0,0,1745292346,263168,134283264
152,9,134283264,1611009082,1611009082,0,0,0,0,1745292346,0,134546432
152,10,134546432,1611009082,1610745914,0,0,0,0,1745292346,263168,134283264
152,11,134283264,1611009082,1611009082,0,0,0,0,1745292346,0,134546432
152,12,134546432,1611009082,1610745914,0,0,0,0,1745292346,263168,134283264
152,13,134283264,1611009082,1611009082,0,0,0,0,1745292346,0,134546432
152,14,134546432,1611009082,1610745914,0,0,0,0,1745292346,263168,134283264
152,15,134283264,1611009082,1611009082,0,0,0,0,1745292346,0,134546432
152,16,134546432,1611009082,1610745914,0,0,0,0,1745292346,263168,134283264
152,17,134283264,1611009082,1611009082,0,0,0,0,1745292346,0,134546432
152,18,134546432,1611009082,1610745914,0,0,0,0,1745292346,263168,134283264
152,19,134283264,1611009082,1611009082,0,0,0,0,1745292346,0,134546432
152,20,134546432,1611009082,1610745914,0,0,0,0,1745292346,263168,134283264
152,21,134283264,1611009082,1611009082,0,0,0,0,1745292346,0,134546432
152,22,134546432,1611009082,1610745914,0,0,0,0,1745292346,263168,134283264
152,23,134283264,1611009082,1611009082,0,0,0,0,1745292346,0,134546432
152,24,134546432,1611009082,1610745914,0,0,0,0,1745292346,263168,134283264
153,0,1581932897,3876078312,3876078312,1677738504,603996672,2,0,0,3108119433,1174945888
153,1,1174945888,3876078312,3876078312,1677738504,603996672,2,0,0,2701132424,1174945888
153,2,1174945888,3876078312,3876078312,1677738504,603996672,2,0,0,2701132424,1174945888
153,3,1174945888,3876078312,3876078312,1677738504,603996672,2,0,0,2701132424,1174945888
153,4,1174945888,3876078312,3876078312,1677738504,603996672,2,0,0,2701132424,1174945888
153,5,1174945888,3876078312,3876078312,1677738504,603996672,2,0,0,2701132424,1174945888
154,0,33620737,1982441558,769,513,512,0,512,0,1982441558,769
154,1,769,1982441558,769,513,512,0,512,0,1982441558,769
154,2,769,1982441558,769,513,512,0,512,0,1982441558,769
154,3,769,1982441558,769,513,512,0,512,0,1982441558,769
154,4,769,1982441558,769,513,512,0,512,0,1982441558,769
154,5,769,1982441558,769,513,512,0,512,0,1982441558,769
154,6,769,1982441558,769,513,512,0,512,0,1982441558,769
154,7,769,1982441558,769,513,512,0,512,0,1982441558,769
154,8,769,1982441558,769,513,512,0,512,0,1982441558,769
154,9,769,1982441558,769,513,512,0,512,0,1982441558,769
154,10,769,1982441558,769,513,512,0,512,0,1982441558,769
154,11,769,1982441558,769,513,512,0,512,0,1982441558,769
154,12,769,1982441558,769,513,512,0,512,0,1982441558,769
154,13,769,1982441558,769,513,512,0,512,0,1982441558,769
154,14,769,1982441558,769,513,512,0,512,0,1982441558,769
154,15,769,1982441558,769,513,512,0,512,0,1982441558,769
154,16,769,1982441558,769,513,512,0,512,0,1982441558,769
154,17,769,1982441558,769,513,512,0,512,0,1982441558,769
154,18,769,1982441558,769,513,512,0,512,0,1982441558,769
155,0,992089108,94856446,3227028225,32769,1,0,1,19006485,94856446,973082625
155,1,973082625,94856446,3227028224,32768,0,0,0,0,94856446,973082625
155,2,973082625,94856446,3227028224,32768,0,0,0,0,94856446,973082625
155,3,973082625,94856446,3227028224,32768,0,0,0,0,94856446,973082625
155,4,973082625,94856446,3227028224,32768,0,0,0,0,94856446,973082625
155,5,973082625,94856446,3227028224,32768,0,0,0,0,94856446,973082625
155,6,973082625,94856446,3227028224,32768,0,0,0,0,94856446,973082625
155,7,973082625,94856446,3227028224,32768,0,0,0,0,94856446,973082625
155,8,973082625,94856446,3227028224,32768,0,0,0,0,94856446,973082625
155,9,973082625,94856446,3227028224,32768,0,0,0,0,94856446,973082625
155,10,973082625,94856446,3227028224,32768,0,0,0,0,94856446,973082625
155,11,973082625,94856446,3227028224,32768,0,0,0,0,94856446,973082625
155,12,973082625,94856446,3227028224,32768,0,0,0,0,94856446,973082625
155,13,973082625,94856446,3227028224,32768,0,0,0,0,94856446,973082625
155,14,973082625,94856446,3227028224,32768,0,0,0,0,94856446,973082625
155,15,973082625,94856446,3227028224,32768,0,0,0,0,94856446,973082625
155,16,973082625,94856446,3227028224,32768,0,0,0,0,94856446,973082625
155,17,973082625,94856446,3227028224,32768,0,0,0,0,94856446,973082625
155,18,973082625,94856446,3227028224,32768,0,0,0,0,94856446,973082625
155,19,973082625,94856446,3227028224,32768,0,0,0,0,94856446,973082625
155,20,973082625,94856446,3227028224,32768,0,0,0,0,94856446,973082625
155,21,973082625,94856446,3227028224,32768,0,0,0,0,94856446,973082625
155,22,973082625,94856446,3227028224,32768,0,0,0,0,94856446,973082625
155,23,973082625,94856446,3227028224,32768,0,0,0,0,94856446,973082625
155,24,973082625,94856446,3227028224,32768,0,0,0,0,94856446,973082625
155,25,973082625,94856446,3227028224,32768,0,0,0,0,94856446,973082625
155,26,973082625,94856446,3227028224,32768,0,0,0,0,94856446,973082625
155,27,973082625,94856446,3227028224,32768,0,0,0,0,94856446,973082625
155,28,973082625,94856446,3227028224,32768,0,0,0,0,94856446,973082625
155,29,973082625,94856446,3227028224,32768,0,0,0,0,94856446,973082625
155,30,973082625,94856446,3227028224,32768,0,0,0,0,94856446,973082625
155,31,973082625,94856446,3227028224,32768,0,0,0,0,94856446,973082625
156,0,75650666,3097672547,3089148161,32768,32768,0,32768,3097639779,1138692854,67126280
156,1,67126280,3097672547,3097672547,32834,32770,0,32770,3097639777,1130168468,75650664
156,2,75650664,3097672547,3089148163,32770,32770,0,32770,3097639777,1138692852,67126280
156,3,67126280,3097672547,3097672547,32834,32770,0,32770,3097639777,1130168468,75650664
156,4,75650664,3097672547,3089148163,32770,32770,0,32770,3097639777,1138692852,67126280
156,5,67126280,3097672547,3097672547,32834,32770,0,32770,3097639777,1130168468,75650664
156,6,75650664,3097672547,3089148163,32770,32770,0,32770,3097639777,1138692852,67126280
156,7,67126280,3097672547,3097672547,32834,32770,0,32770,3097639777,1130168468,75650664
156,8,75650664,3097672547,3089148163,32770,32770,0,32770,3097639777,1138692852,67126280
156,9,67126280,3097672547,3097672547,32834,32770,0,32770,3097639777,1130168468,75650664
156,10,75650664,3097672547,3089148163,32770,32770,0,32770,3097639777,1138692852,67126280
156,11,67126280,3097672547,3097672547,32834,32770,0,32770,3097639777,1130168468,75650664
156,12,75650664,3097672547,3089148163,32770,32770,0,32770,3097639777,1138692852,67126280
157,0,19669026,2489224899,4294967295,22,0,0,0,19669026,18882592,786434
157,1,786434,2489224899,4294967295,22,0,0,0,786434,0,786434
157,2,786434,2489224899,4294967295,22,0,0,0,786434,0,786434
157,3,786434,2489224899,4294967295,22,0,0,0,786434,0,786434
157,4,786434,2489224899,4294967295,22,0,0,0,786434,0,786434
157,5,786434,2489224899,4294967295,22,0,0,0,786434,0,786434
157,6,786434,2489224899,4294967295,22,0,0,0,786434,0,786434
157,7,786434,2489224899,4294967295,22,0,0,0,786434,0,786434
157,8,786434,2489224899,4294967295,22,0,0,0,786434,0,786434
157,9,786434,2489224899,4294967295,22,0,0,0,786434,0,786434
157,10,786434,2489224899,4294967295,22,0,0,0,786434,0,786434
157,11,786434,2489224899,4294967295,22,0,0,0,786434,0,786434
157,12,786434,2489224899,4294967295,22,0,0,0,786434,0,786434
157,13,786434,2489224899,4294967295,22,0,0,0,786434,0,786434
157,14,786434,2489224899,4294967295,22,0,0,0,786434,0,786434
157,15,786434,2489224899,4294967295,22,0,0,0,786434,0,786434
157,16,786434,2489224899,4294967295,22,0,0,0,786434,0,786434
157,17,786434,2489224899,4294967295,22,0,0,0,786434,0,786434
157,18,786434,2489224899,4294967295,22,0,0,0,786434,0,786434
157,19,786434,2489224899,4294967295,22,0,0,0,786434,0,786434
157,20,786434,2489224899,4294967295,22,0,0,0,786434,0,786434
157,21,786434,2489224899,4294967295,22,0,0,0,786434,0,786434
157,22,786434,2489224899,4294967295,22,0,0,0,786434,0,786434
157,23,786434,2489224899,4294967295,22,0,0,0,786434,0,786434
157,24,786434,2489224899,4294967295,22,0,0,0,786434,0,786434
157,25,786434,2489224899,4294967295,22,0,0,0,786434,0,786434
158,0,321652800,575904021,3464523434,0,0,0,0,3973314495,0,2469153216
158,1,2469153216,575904021,1317023530,256,0,0,0,1825814079,0,2469153216
158,2,2469153216,575904021,1317023530,256,0,0,0,1825814079,0,2469153216
158,3,2469153216,575904021,1317023530,256,0,0,0,1825814079,0,2469153216
158,4,2469153216,575904021,1317023530,256,0,0,0,1825814079,0,2469153216
158,5,2469153216,575904021,1317023530,256,0,0,0,1825814079,0,2469153216
158,6,2469153216,575904021,1317023530,256,0,0,0,1825814079,0,2469153216
159,0,479436076,2535567388,2679356732,2224132108,2223050760,3,0,143789344,2535567388,143789344
159,1,143789344,2535567388,2679356732,2224132108,2223050760,3,0,143789344,2535567388,143789344
159,2,143789344,2535567388,2679356732,2224132108,2223050760,3,0,143789344,2535567388,143789344
159,3,143789344,2535567388,2679356732,2224132108,2223050760,3,0,143789344,2535567388,143789344
159,4,143789344,2535567388,2679356732,2224132108,2223050760,3,0,143789344,2535567388,143789344
159,5,143789344,2535567388,2679356732,2224132108,2223050760,3,0,143789344,2535567388,143789344
159,6,143789344,2535567388,2679356732,2224132108,2223050760,3,0,143789344,2535567388,143789344
159,7,143789344,2535567388,2679356732,2224132108,2223050760,3,0,143789344,2535567388,143789344
159,8,143789344,2535567388,2679356732,2224132108,2223050760,3,0,143789344,2535567388,143789344
159,9,143789344,2535567388,2679356732,2224132108,2223050760,3,0,143789344,2535567388,143789344
159,10,143789344,2535567388,2679356732,2224132108,2223050760,3,0,143789344,2535567388,143789344
159,11,143789344,2535567388,2679356732,2224132108,2223050760,3,0,143789344,2535567388,143789344
159,12,143789344,2535567388,2679356732,2224132108,2223050760,3,0,143789344,2535567388,143789344
159,13,143789344,2535567388,2679356732,2224132108,2223050760,3,0,143789344,2535567388,143789344
159,14,143789344,2535567388,2679356732,2224132108,2223050760,3,0,143789344,2535567388,143789344
159,15,143789344,2535567388,2679356732,2224132108,2223050760,3,0,143789344,2535567388,143789344
159,16,143789344,2535567388,2679356732,2224132108,2223050760,3,0,143789344,2535567388,143789344
159,17,143789344,2535567388,2679356732,2224132108,2223050760,3,0,143789344,2535567388,143789344
159,18,143789344,2535567388,2679356732,2224132108,2223050760,3,0,143789344,2535567388,143789344
159,19,143789344,2535567388,2679356732,2224132108,2223050760,3,0,143789344,2535567388,143789344
160,0,950031140,1955837931,1278469327,134234116,0,0,0,0,0,950031140
161,0,144851266,2906337954,2914743266,4448,320,1,0,136445954,4294967295,0
161,1,0,2906337954,2906337954,4128,0,0,0,0,4294967295,0
161,2,0,2906337954,2906337954,4128,0,0,0,0,4294967295,0
161,3,0,2906337954,2906337954,4128,0,0,0,0,4294967295,0
161,4,0,2906337954,2906337954,4128,0,0,0,0,4294967295,0
161,5,0,2906337954,2906337954,4128,0,0,0,0,4294967295,0
161,6,0,2906337954,2906337954,4128,0,0,0,0,4294967295,0
161,7,0,2906337954,2906337954,4128,0,0,0,0,4294967295,0
161,8,0,2906337954,2906337954,4128,0,0,0,0,4294967295,0
161,9,0,2906337954,2906337954,4128,0,0,0,0,4294967295,0
161,10,0,2906337954,2906337954,4128,0,0,0,0,4294967295,0
161,11,0,2906337954,2906337954,4128,0,0,0,0,4294967295,0
161,12,0,2906337954,2906337954,4128,0,0,0,0,4294967295,0
161,13,0,2906337954,2906337954,4128,0,0,0,0,4294967295,0
162,0,335757312,3031988596,2696624500,8388628,16,0,16,0,3959209983,335757312
162,1,335757312,3031988596,2696624500,8388628,16,0,16,0,3959209983,335757312
162,2,335757312,3031988596,2696624500,8388628,16,0,16,0,3959209983,335757312
162,3,335757312,3031988596,2696624500,8388628,16,0,16,0,3959209983,335757312
162,4,335757312,3031988596,2696624500,8388628,16,0,16,0,3959209983,335757312
162,5,335757312,3031988596,2696624500,8388628,16,0,16,0,3959209983,335757312
162,6,335757312,3031988596,2696624500,8388628,16,0,16,0,3959209983,335757312
162,7,335757312,3031988596,2696624500,8388628,16,0,16,0,3959209983,335757312
162,8,335757312,3031988596,2696624500,8388628,16,0,16,0,3959209983,335757312
162,9,335757312,3031988596,2696624500,8388628,16,0,16,0,3959209983,335757312
162,10,335757312,3031988596,2696624500,8388628,16,0,16,0,3959209983,335757312
162,11,335757312,3031988596,2696624500,8388628,16,0,16,0,3959209983,335757312
162,12,335757312,3031988596,2696624500,8388628,16,0,16,0,3959209983,335757312
162,13,335757312,3031988596,2696624500,8388628,16,0,16,0,3959209983,335757312
162,14,335757312,3031988596,2696624500,8388628,16,0,16,0,3959209983,335757312
162,15,335757312,3031988596,2696624500,8388628,16,0,16,0,3959209983,335757312
162,16,335757312,3031988596,2696624500,8388628,16,0,16,0,3959209983,335757312
162,17,335757312,3031988596,2696624500,8388628,16,0,16,0,3959209983,335757312
162,18,335757312,3031988596,2696624500,8388628,16,0,16,0,3959209983,335757312
162,19,335757312,3031988596,2696624500,8388628,16,0,16,0,3959209983,335757312
162,20,335757312,3031988596,2696624500,8388628,16,0,16,0,3959209983,335757312
162,21,335757312,3031988596,2696624500,8388628,16,0,16,0,3959209983,335757312
162,22,335757312,3031988596,2696624500,8388628,16,0,16,0,3959209983,335757312
162,23,335757312,3031988596,2696624500,8388628,16,0,16,0,3959209983,335757312
162,24,335757312,3031988596,2696624500,8388628,16,0,16,0,3959209983,335757312
162,25,335757312,3031988596,2696624500,8388628,16,0,16,0,3959209983,335757312
162,26,335757312,3031988596,2696624500,8388628,16,0,16,0,3959209983,335757312
163,0,3391094784,148478246,4160749567,3255436288,33555456,1,0,4294967295,3391094784,269354256
163,1,269354256,148478246,4294442751,3254912000,33555456,1,0,4294967295,269354256,3391094784
163,2,3391094784,148478246,4160749567,3255436288,33555456,1,0,4294967295,3391094784,269354256
163,3,269354256,148478246,4294442751,3254912000,33555456,1,0,4294967295,269354256,3391094784
163,4,3391094784,148478246,4160749567,3255436288,33555456,1,0,4294967295,3391094784,269354256
163,5,269354256,148478246,4294442751,3254912000,33555456,1,0,4294967295,269354256,3391094784
163,6,3391094784,148478246,4160749567,3255436288,33555456,1,0,4294967295,3391094784,269354256
163,7,269354256,148478246,4294442751,3254912000,33555456,1,0,4294967295,269354256,3391094784
164,0,1220903942,1569004394,3938410643,672202883,536871041,0,536871041,1753546883,3074063353,1757774983
164,1,1757774983,1569004394,3401539602,135331842,0,0,0,1216675842,2537192312,1757774983
164,2,1757774983,1569004394,3401539602,135331842,0,0,0,1216675842,2537192312,1757774983
164,3,1757774983,1569004394,3401539602,135331842,0,0,0,1216675842,2537192312,1757774983
164,4,1757774983,1569004394,3401539602,135331842,0,0,0,1216675842,2537192312,1757774983
164,5,1757774983,1569004394,3401539602,135331842,0,0,0,1216675842,2537192312,1757774983
164,6,1757774983,1569004394,3401539602,135331842,0,0,0,1216675842,2537192312,1757774983
164,7,1757774983,1569004394,3401539602,135331842,0,0,0,1216675842,2537192312,1757774983
164,8,1757774983,1569004394,3401539602,135331842,0,0,0,1216675842,2537192312,1757774983
164,9,1757774983,1569004394,3401539602,135331842,0,0,0,1216675842,2537192312,1757774983
164,10,1757774983,1569004394,3401539602,135331842,0,0,0,1216675842,2537192312,1757774983
164,11,1757774983,1569004394,3401539602,135331842,0,0,0,1216675842,2537192312,1757774983
164,12,1757774983,1569004394,3401539602,135331842,0,0,0,1216675842,2537192312,1757774983
164,13,1757774983,1569004394,3401539602,135331842,0,0,0,1216675842,2537192312,1757774983
164,14,1757774983,1569004394,3401539602,135331842,0,0,0,1216675842,2537192312,1757774983
164,15,1757774983,1569004394,3401539602,135331842,0,0,0,1216675842,2537192312,1757774983
164,16,1757774983,1569004394,3401539602,135331842,0,0,0,1216675842,2537192312,1757774983
164,17,1757774983,1569004394,3401539602,135331842,0,0,0,1216675842,2537192312,1757774983
164,18,1757774983,1569004394,3401539602,135331842,0,0,0,1216675842,2537192312,1757774983
164,19,1757774983,1569004394,3401539602,135331842,0,0,0,1216675842,2537192312,1757774983
164,20,1757774983,1569004394,3401539602,135331842,0,0,0,1216675842,2537192312,1757774983
165,0,1643121185,107203436,2651846110,8272,8192,1,0,4294967295,4294967295,2315264338
165,1,2315264338,107203436,1979702957,1639974912,1639972864,4,0,4294967295,4294967295,1643121185
166,0,604340235,3196788763,0,0,0,0,0,604045323,4294967295,0
166,1,0,3196788763,0,0,0,0,0,0,4294967295,0
166,2,0,3196788763,0,0,0,0,0,0,4294967295,0
166,3,0,3196788763,0,0,0,0,0,0,4294967295,0
166,4,0,3196788763,0,0,0,0,0,0,4294967295,0
166,5,0,3196788763,0,0,0,0,0,0,4294967295,0
166,6,0,3196788763,0,0,0,0,0,0,4294967295,0
166,7,0,3196788763,0,0,0,0,0,0,4294967295,0
166,8,0,3196788763,0,0,0,0,0,0,4294967295,0
166,9,0,3196788763,0,0,0,0,0,0,4294967295,0
166,10,0,3196788763,0,0,0,0,0,0,4294967295,0
166,11,0,3196788763,0,0,0,0,0,0,4294967295,0
166,12,0,3196788763,0,0,0,0,0,0,4294967295,0
166,13,0,3196788763,0,0,0,0,0,0,4294967295,0
166,14,0,3196788763,0,0,0,0,0,0,4294967295,0
167,0,135184,1466735382,1466866454,1075843348,2097412,1,0,131072,4112,131072
167,1,131072,1466735382,1466866454,1075843348,2097412,1,0,131072,0,131072
167,2,131072,1466735382,1466866454,1075843348,2097412,1,0,131072,0,131072
167,3,131072,1466735382,1466866454,1075843348,2097412,1,0,131072,0,131072
167,4,131072,1466735382,1466866454,1075843348,2097412,1,0,131072,0,131072
167,5,131072,1466735382,1466866454,1075843348,2097412,1,0,131072,0,131072
167,6,131072,1466735382,1466866454,1075843348,2097412,1,0,131072,0,131072
167,7,131072,1466735382,1466866454,1075843348,2097412,1,0,131072,0,131072
167,8,131072,1466735382,1466866454,1075843348,2097412,1,0,131072,0,131072
167,9,131072,1466735382,1466866454,1075843348,2097412,1,0,131072,0,131072
167,10,131072,1466735382,1466866454,1075843348,2097412,1,0,131072,0,131072
167,11,131072,1466735382,1466866454,1075843348,2097412,1,0,131072,0,131072
167,12,131072,1466735382,1466866454,1075843348,2097412,1,0,131072,0,131072
167,13,131072,1466735382,1466866454,1075843348,2097412,1,0,131072,0,131072
167,14,131072,1466735382,1466866454,1075843348,2097412,1,0,131072,0,131072
167,15,131072,1466735382,1466866454,1075843348,2097412,1,0,131072,0,131072
167,16,131072,1466735382,1466866454,1075843348,2097412,1,0,131072,0,131072
167,17,131072,1466735382,1466866454,1075843348,2097412,1,0,131072,0,131072
167,18,131072,1466735382,1466866454,1075843348,2097412,1,0,131072,0,131072
167,19,131072,1466735382,1466866454,1075843348,2097412,1,0,131072,0,131072
167,20,131072,1466735382,1466866454,1075843348,2097412,1,0,131072,0,131072
167,21,131072,1466735382,1466866454,1075843348,2097412,1,0,131072,0,131072
167,22,131072,1466735382,1466866454,1075843348,2097412,1,0,131072,0,131072
167,23,131072,1466735382,1466866454,1075843348,2097412,1,0,131072,0,131072
167,24,131072,1466735382,1466866454,1075843348,2097412,1,0,131072,0,131072
167,25,131072,1466735382,1466866454,1075843348,2097412,1,0,131072,0,131072
167,26,131072,1466735382,1466866454,1075843348,2097412,1,0,131072,0,131072
167,27,131072,1466735382,1466866454,1075843348,2097412,1,0,131072,0,131072
168,0,337777217,3577006773,3957190078,1090535432,16793608,0,16793608,337777217,3577006773,135232
168,1,135232,3577006773,4294832063,1157644808,83902984,0,83902984,135232,3577006773,135232
168,2,135232,3577006773,4294832063,1157644808,83902984,0,83902984,135232,3577006773,135232
168,3,135232,3577006773,4294832063,1157644808,83902984,0,83902984,135232,3577006773,135232
168,4,135232,3577006773,4294832063,1157644808,83902984,0,83902984,135232,3577006773,135232
168,5,135232,3577006773,4294832063,1157644808,83902984,0,83902984,135232,3577006773,135232
168,6,135232,3577006773,4294832063,1157644808,83902984,0,83902984,135232,3577006773,135232
168,7,135232,3577006773,4294832063,1157644808,83902984,0,83902984,135232,3577006773,135232
168,8,135232,3577006773,4294832063,1157644808,83902984,0,83902984,135232,3577006773,135232
169,0,44173344,2429309143,4294967295,4210720,16416,1,0,2465093879,2420920535,48384100
169,1,48384100,2429309143,4294967295,4210720,16416,1,0,2465093879,2416709779,48384100
169,2,48384100,2429309143,4294967295,4210720,16416,1,0,2465093879,2416709779,48384100
169,3,48384100,2429309143,4294967295,4210720,16416,1,0,2465093879,2416709779,48384100
169,4,48384100,2429309143,4294967295,4210720,16416,1,0,2465093879,2416709779,48384100
169,5,48384100,2429309143,4294967295,4210720,16416,1,0,2465093879,2416709779,48384100
169,6,48384100,2429309143,4294967295,4210720,16416,1,0,2465093879,2416709779,48384100
169,7,48384100,2429309143,4294967295,4210720,16416,1,0,2465093879,2416709779,48384100
169,8,48384100,2429309143,4294967295,4210720,16416,1,0,2465093879,2416709779,48384100
169,9,48384100,2429309143,4294967295,4210720,16416,1,0,2465093879,2416709779,48384100
169,10,48384100,2429309143,4294967295,4210720,16416,1,0,2465093879,2416709779,48384100
169,11,48384100,2429309143,4294967295,4210720,16416,1,0,2465093879,2416709779,48384100
169,12,48384100,2429309143,4294967295,4210720,16416,1,0,2465093879,2416709779,48384100
169,13,48384100,2429309143,4294967295,4210720,16416,1,0,2465093879,2416709779,48384100
169,14,48384100,2429309143,4294967295,4210720,16416,1,0,2465093879,2416709779,48384100
169,15,48384100,2429309143,4294967295,4210720,16416,1,0,2465093879,2416709779,48384100
169,16,48384100,2429309143,4294967295,4210720,16416,1,0,2465093879,2416709779,48384100
169,17,48384100,2429309143,4294967295,4210720,16416,1,0,2465093879,2416709779,48384100
169,18,48384100,2429309143,4294967295,4210720,16416,1,0,2465093879,2416709779,48384100
169,19,48384100,2429309143,4294967295,4210720,16416,1,0,2465093879,2416709779,48384100
169,20,48384100,2429309143,4294967295,4210720,16416,1,0,2465093879,2416709779,48384100
169,21,48384100,2429309143,4294967295,4210720,16416,1,0,2465093879,2416709779,48384100
170,0,16787458,3301211190,3301211190,2160068610,2160068608,0,2160068608,3317986358,2134898687,2160073760
170,1,2160073760,3301211190,3301211190,2160068610,2160068608,0,2160068608,1141142582,2134898687,2160076802
170,2,2160076802,3301211190,3301211190,2160068610,2160068608,0,2160068608,1141142582,2134898687,2160073760
171,0,2152112144,402910528,172032,8192,0,0,0,4294967295,4294967295,135352494
171,1,135352494,402910528,134299648,134234112,16384,0,16384,4294950911,4294967295,2152112144
171,2,2152112144,402910528,172032,8192,0,0,0,4294967295,4294967295,135352494
171,3,135352494,402910528,134299648,134234112,16384,0,16384,4294950911,4294967295,2152112144
171,4,2152112144,402910528,172032,8192,0,0,0,4294967295,4294967295,135352494
171,5,135352494,402910528,134299648,134234112,16384,0,16384,4294950911,4294967295,2152112144
171,6,2152112144,402910528,172032,8192,0,0,0,4294967295,4294967295,135352494
171,7,135352494,402910528,134299648,134234112,16384,0,16384,4294950911,4294967295,2152112144
171,8,2152112144,402910528,172032,8192,0,0,0,4294967295,4294967295,135352494
171,9,135352494,402910528,134299648,134234112,16384,0,16384,4294950911,4294967295,2152112144
171,10,2152112144,402910528,172032,8192,0,0,0,4294967295,4294967295,135352494
171,11,135352494,402910528,134299648,134234112,16384,0,16384,4294950911,4294967295,2152112144
171,12,2152112144,402910528,172032,8192,0,0,0,4294967295,4294967295,135352494
171,13,135352494,402910528,134299648,134234112,16384,0,16384,4294950911,4294967295,2152112144
171,14,2152112144,402910528,172032,8192,0,0,0,4294967295,4294967295,135352494
171,15,135352494,402910528,134299648,134234112,16384,0,16384,4294950911,4294967295,2152112144
172,0,210788352,3085256855,4219453439,137373632,2098624,0,2098624,4082081663,3085256855,152973122
172,1,152973122,3085256855,4277925885,145762240,2098624,0,2098624,4139896893,3085256855,211445568
172,2,211445568,3085256855,4219453439,137373632,2098624,0,2098624,4081424447,3085256855,152973122
172,3,152973122,3085256855,4277925885,145762240,2098624,0,2098624,4139896893,3085256855,211445568
172,4,211445568,3085256855,4219453439,137373632,2098624,0,2098624,4081424447,3085256855,152973122
172,5,152973122,3085256855,4277925885,145762240,2098624,0,2098624,4139896893,3085256855,211445568
172,6,211445568,3085256855,4219453439,137373632,2098624,0,2098624,4081424447,3085256855,152973122
172,7,152973122,3085256855,4277925885,145762240,2098624,0,2098624,4139896893,3085256855,211445568
172,8,211445568,3085256855,4219453439,137373632,2098624,0,2098624,4081424447,3085256855,152973122
172,9,152973122,3085256855,4277925885,145762240,2098624,0,2098624,4139896893,3085256855,211445568
172,10,211445568,3085256855,4219453439,137373632,2098624,0,2098624,4081424447,3085256855,152973122
172,11,152973122,3085256855,4277925885,145762240,2098624,0,2098624,4139896893,3085256855,211445568
172,12,211445568,3085256855,4219453439,137373632,2098624,0,2098624,4081424447,3085256855,152973122
172,13,152973122,3085256855,4277925885,145762240,2098624,0,2098624,4139896893,3085256855,211445568
172,14,211445568,3085256855,4219453439,137373632,2098624,0,2098624,4081424447,3085256855,152973122
172,15,152973122,3085256855,4277925885,145762240,2098624,0,2098624,4139896893,3085256855,211445568
172,16,211445568,3085256855,4219453439,137373632,2098624,0,2098624,4081424447,3085256855,152973122
172,17,152973122,3085256855,4277925885,145762240,2098624,0,2098624,4139896893,3085256855,211445568
172,18,211445568,3085256855,4219453439,137373632,2098624,0,2098624,4081424447,3085256855,152973122
172,19,152973122,3085256855,4277925885,145762240,2098624,0,2098624,4139896893,3085256855,211445568
172,20,211445568,3085256855,4219453439,137373632,2098624,0,2098624,4081424447,3085256855,152973122
172,21,152973122,3085256855,4277925885,145762240,2098624,0,2098624,4139896893,3085256855,211445568
172,22,211445568,3085256855,4219453439,137373632,2098624,0,2098624,4081424447,3085256855,152973122
172,23,152973122,3085256855,4277925885,145762240,2098624,0,2098624,4139896893,3085256855,211445568
172,24,211445568,3085256855,4219453439,137373632,2098624,0,2098624,4081424447,3085256855,152973122
172,25,152973122,3085256855,4277925885,145762240,2098624,0,2098624,4139896893,3085256855,211445568
172,26,211445568,3085256855,4219453439,137373632,2098624,0,2098624,4081424447,3085256855,152973122
172,27,152973122,3085256855,4277925885,145762240,2098624,0,2098624,4139896893,3085256855,211445568
172,28,211445568,3085256855,4219453439,137373632,2098624,0,2098624,4081424447,3085256855,152973122
173,0,1078216992,708530403,0,0,0,0,0,4294967295,16416,3695578049
173,1,3695578049,708530403,0,0,0,0,0,4294967295,134348993,3561245472
173,2,3561245472,708530403,0,0,0,0,0,4294967295,16416,3695578049
173,3,3695578049,708530403,0,0,0,0,0,4294967295,134348993,3561245472
173,4,3561245472,708530403,0,0,0,0,0,4294967295,16416,3695578049
173,5,3695578049,708530403,0,0,0,0,0,4294967295,134348993,3561245472
173,6,3561245472,708530403,0,0,0,0,0,4294967295,16416,3695578049
173,7,3695578049,708530403,0,0,0,0,0,4294967295,134348993,3561245472
173,8,3561245472,708530403,0,0,0,0,0,4294967295,16416,3695578049
173,9,3695578049,708530403,0,0,0,0,0,4294967295,134348993,3561245472
174,0,2147517441,1550873678,2147517441,0,0,0,0,2147516417,1550873678,2147516417
174,1,2147516417,1550873678,2147516417,0,0,0,0,2147516417,1550873678,2147516417
174,2,2147516417,1550873678,2147516417,0,0,0,0,2147516417,1550873678,2147516417
174,3,2147516417,1550873678,2147516417,0,0,0,0,2147516417,1550873678,2147516417
174,4,2147516417,1550873678,2147516417,0,0,0,0,2147516417,1550873678,2147516417
174,5,2147516417,1550873678,2147516417,0,0,0,0,2147516417,1550873678,2147516417
174,6,2147516417,1550873678,2147516417,0,0,0,0,2147516417,1550873678,2147516417
174,7,2147516417,1550873678,2147516417,0,0,0,0,2147516417,1550873678,2147516417
174,8,2147516417,1550873678,2147516417,0,0,0,0,2147516417,1550873678,2147516417
174,9,2147516417,1550873678,2147516417,0,0,0,0,2147516417,1550873678,2147516417
174,10,2147516417,1550873678,2147516417,0,0,0,0,2147516417,1550873678,2147516417
174,11,2147516417,1550873678,2147516417,0,0,0,0,2147516417,1550873678,2147516417
174,12,2147516417,1550873678,2147516417,0,0,0,0,2147516417,1550873678,2147516417
174,13,2147516417,1550873678,2147516417,0,0,0,0,2147516417,1550873678,2147516417
174,14,2147516417,1550873678,2147516417,0,0,0,0,2147516417,1550873678,2147516417
174,15,2147516417,1550873678,2147516417,0,0,0,0,2147516417,1550873678,2147516417
174,16,2147516417,1550873678,2147516417,0,0,0,0,2147516417,1550873678,2147516417
174,17,2147516417,1550873678,2147516417,0,0,0,0,2147516417,1550873678,2147516417
174,18,2147516417,1550873678,2147516417,0,0,0,0,2147516417,1550873678,2147516417
174,19,2147516417,1550873678,2147516417,0,0,0,0,2147516417,1550873678,2147516417
174,20,2147516417,1550873678,2147516417,0,0,0,0,2147516417,1550873678,2147516417
174,21,2147516417,1550873678,2147516417,0,0,0,0,2147516417,1550873678,2147516417
174,22,2147516417,1550873678,2147516417,0,0,0,0,2147516417,1550873678,2147516417
175,0,151257218,2651283325,16777346,16777216,0,0,0,2651283325,0,184816290
175,1,184816290,2651283325,16777346,16777216,0,0,0,2651283325,0,184816290
175,2,184816290,2651283325,16777346,16777216,0,0,0,2651283325,0,184816290
175,3,184816290,2651283325,16777346,16777216,0,0,0,2651283325,0,184816290
176,0,85000960,3872513237,3821068245,25165904,16777296,0,16777296,16778064,16778064,68223056
176,1,68223056,3872513237,3804290181,8388608,0,0,0,0,0,68223056
176,2,68223056,3872513237,3804290181,8388608,0,0,0,0,0,68223056
176,3,68223056,3872513237,3804290181,8388608,0,0,0,0,0,68223056
176,4,68223056,3872513237,3804290181,8388608,0,0,0,0,0,68223056
176,5,68223056,3872513237,3804290181,8388608,0,0,0,0,0,68223056
176,6,68223056,3872513237,3804290181,8388608,0,0,0,0,0,68223056
176,7,68223056,3872513237,3804290181,8388608,0,0,0,0,0,68223056
176,8,68223056,3872513237,3804290181,8388608,0,0,0,0,0,68223056
176,9,68223056,3872513237,3804290181,8388608,0,0,0,0,0,68223056
176,10,68223056,3872513237,3804290181,8388608,0,0,0,0,0,68223056
176,11,68223056,3872513237,3804290181,8388608,0,0,0,0,0,68223056
176,12,68223056,3872513237,3804290181,8388608,0,0,0,0,0,68223056
176,13,68223056,3872513237,3804290181,8388608,0,0,0,0,0,68223056
176,14,68223056,3872513237,3804290181,8388608,0,0,0,0,0,68223056
176,15,68223056,3872513237,3804290181,8388608,0,0,0,0,0,68223056
176,16,68223056,3872513237,3804290181,8388608,0,0,0,0,0,68223056
177,0,614635012,4012765870,3406651562,134225928,0,0,0,4294967295,606114308,147989912
177,1,147989912,4012765870,3878539814,67141632,0,0,0,4294967295,134226056,619878164
177,2,619878164,4012765870,3406651562,134225928,0,0,0,4294967295,606114308,147989912
177,3,147989912,4012765870,3878539814,67141632,0,0,0,4294967295,134226056,619878164
177,4,619878164,4012765870,3406651562,134225928,0,0,0,4294967295,606114308,147989912
177,5,147989912,4012765870,3878539814,67141632,0,0,0,4294967295,134226056,619878164
177,6,619878164,4012765870,3406651562,134225928,0,0,0,4294967295,606114308,147989912
177,7,147989912,4012765870,3878539814,67141632,0,0,0,4294967295,134226056,619878164
177,8,619878164,4012765870,3406651562,134225928,0,0,0,4294967295,606114308,147989912
177,9,147989912,4012765870,3878539814,67141632,0,0,0,4294967295,134226056,619878164
177,10,619878164,4012765870,3406651562,134225928,0,0,0,4294967295,606114308,147989912
177,11,147989912,4012765870,3878539814,67141632,0,0,0,4294967295,134226056,619878164
177,12,619878164,4012765870,3406651562,134225928,0,0,0,4294967295,606114308,147989912
177,13,147989912,4012765870,3878539814,67141632,0,0,0,4294967295,134226056,619878164
177,14,619878164,4012765870,3406651562,134225928,0,0,0,4294967295,606114308,147989912
177,15,147989912,4012765870,3878539814,67141632,0,0,0,4294967295,134226056,619878164
177,16,619878164,4012765870,3406651562,134225928,0,0,0,4294967295,606114308,147989912
177,17,147989912,4012765870,3878539814,67141632,0,0,0,4294967295,134226056,619878164
177,18,619878164,4012765870,3406651562,134225928,0,0,0,4294967295,606114308,147989912
177,19,147989912,4012765870,3878539814,67141632,0,0,0,4294967295,134226056,619878164
177,20,619878164,4012765870,3406651562,134225928,0,0,0,4294967295,606114308,147989912
177,21,147989912,4012765870,3878539814,67141632,0,0,0,4294967295,134226056,619878164
177,22,619878164,4012765870,3406651562,134225928,0,0,0,4294967295,606114308,147989912
177,23,147989912,4012765870,3878539814,67141632,0,0,0,4294967295,134226056,619878164
177,24,619878164,4012765870,3406651562,134225928,0,0,0,4294967295,606114308,147989912
177,25,147989912,4012765870,3878539814,67141632,0,0,0,4294967295,134226056,619878164
177,26,619878164,4012765870,3406651562,134225928,0,0,0,4294967295,606114308,147989912
177,27,147989912,4012765870,3878539814,67141632,0,0,0,4294967295,134226056,619878164
177,28,619878164,4012765870,3406651562,134225928,0,0,0,4294967295,606114308,147989912
177,29,147989912,4012765870,3878539814,67141632,0,0,0,4294967295,134226056,619878164
178,0,32113422,356008776,3945643961,19464456,8,0,8,4294967287,19399432,1354984454
178,1,1354984454,356008776,3120877745,268435456,0,0,0,4294967295,268451840,1105932046
178,2,1105932046,356008776,2871825337,19398920,8,0,8,4294967287,19399432,1354984454
178,3,1354984454,356008776,3120877745,268435456,0,0,0,4294967295,268451840,1105932046
178,4,1105932046,356008776,2871825337,19398920,8,0,8,4294967287,19399432,1354984454
178,5,1354984454,356008776,3120877745,268435456,0,0,0,4294967295,268451840,1105932046
178,6,1105932046,356008776,2871825337,19398920,8,0,8,4294967287,19399432,1354984454
178,7,1354984454,356008776,3120877745,268435456,0,0,0,4294967295,268451840,1105932046
178,8,1105932046,356008776,2871825337,19398920,8,0,8,4294967287,19399432,1354984454
178,9,1354984454,356008776,3120877745,268435456,0,0,0,4294967295,268451840,1105932046
178,10,1105932046,356008776,2871825337,19398920,8,0,8,4294967287,19399432,1354984454
179,0,135417985,914823131,1049970522,537919752,536870920,0,536870920,3622678390,537006217,3635699984
179,1,3635699984,914823131,3996350155,3761377288,538968072,0,538968072,122396391,813957400,3358748801
179,2,3358748801,914823131,4273301338,3761242376,538968072,0,538968072,399347574,537006217,3635699984
179,3,3635699984,914823131,3996350155,3761377288,538968072,0,538968072,122396391,813957400,3358748801
179,4,3358748801,914823131,4273301338,3761242376,538968072,0,538968072,399347574,537006217,3635699984
179,5,3635699984,914823131,3996350155,3761377288,538968072,0,538968072,122396391,813957400,3358748801
179,6,3358748801,914823131,4273301338,3761242376,538968072,0,538968072,399347574,537006217,3635699984
179,7,3635699984,914823131,3996350155,3761377288,538968072,0,538968072,122396391,813957400,3358748801
179,8,3358748801,914823131,4273301338,3761242376,538968072,0,538968072,399347574,537006217,3635699984
179,9,3635699984,914823131,3996350155,3761377288,538968072,0,538968072,122396391,813957400,3358748801
179,10,3358748801,914823131,4273301338,3761242376,538968072,0,538968072,399347574,537006217,3635699984
179,11,3635699984,914823131,3996350155,3761377288,538968072,0,538968072,122396391,813957400,3358748801
179,12,3358748801,914823131,4273301338,3761242376,538968072,0,538968072,399347574,537006217,3635699984
179,13,3635699984,914823131,3996350155,3761377288,538968072,0,538968072,122396391,813957400,3358748801
179,14,3358748801,914823131,4273301338,3761242376,538968072,0,538968072,399347574,537006217,3635699984
179,15,3635699984,914823131,3996350155,3761377288,538968072,0,538968072,122396391,813957400,3358748801
179,16,3358748801,914823131,4273301338,3761242376,538968072,0,538968072,399347574,537006217,3635699984
179,17,3635699984,914823131,3996350155,3761377288,538968072,0,538968072,122396391,813957400,3358748801
179,18,3358748801,914823131,4273301338,3761242376,538968072,0,538968072,399347574,537006217,3635699984
179,19,3635699984,914823131,3996350155,3761377288,538968072,0,538968072,122396391,813957400,3358748801
179,20,3358748801,914823131,4273301338,3761242376,538968072,0,538968072,399347574,537006217,3635699984
179,21,3635699984,914823131,3996350155,3761377288,538968072,0,538968072,122396391,813957400,3358748801
179,22,3358748801,914823131,4273301338,3761242376,538968072,0,538968072,399347574,537006217,3635699984
179,23,3635699984,914823131,3996350155,3761377288,538968072,0,538968072,122396391,813957400,3358748801
180,0,683266048,3535310480,4282875903,671289556,536870996,0,536870996,759656815,671174672,16417100
180,1,16417100,3535310480,4282875903,671289556,536870996,0,536870996,759656815,4325724,683266048
180,2,683266048,3535310480,4282875903,671289556,536870996,0,536870996,759656815,671174672,16417100
180,3,16417100,3535310480,4282875903,671289556,536870996,0,536870996,759656815,4325724,683266048
180,4,683266048,3535310480,4282875903,671289556,536870996,0,536870996,759656815,671174672,16417100
181,0,536977540,2142651482,106628,8324,132,0,132,2142651614,0,873570454
181,1,873570454,2142651482,106628,8324,132,0,132,2142651614,0,873570454
181,2,873570454,2142651482,106628,8324,132,0,132,2142651614,0,873570454
181,3,873570454,2142651482,106628,8324,132,0,132,2142651614,0,873570454
181,4,873570454,2142651482,106628,8324,132,0,132,2142651614,0,873570454
181,5,873570454,2142651482,106628,8324,132,0,132,2142651614,0,873570454
181,6,873570454,2142651482,106628,8324,132,0,132,2142651614,0,873570454
181,7,873570454,2142651482,106628,8324,132,0,132,2142651614,0,873570454
181,8,873570454,2142651482,106628,8324,132,0,132,2142651614,0,873570454
181,9,873570454,2142651482,106628,8324,132,0,132,2142651614,0,873570454
181,10,873570454,2142651482,106628,8324,132,0,132,2142651614,0,873570454
181,11,873570454,2142651482,106628,8324,132,0,132,2142651614,0,873570454
181,12,873570454,2142651482,106628,8324,132,0,132,2142651614,0,873570454
181,13,873570454,2142651482,106628,8324,132,0,132,2142651614,0,873570454
181,14,873570454,2142651482,106628,8324,132,0,132,2142651614,0,873570454
181,15,873570454,2142651482,106628,8324,132,0,132,2142651614,0,873570454
181,16,873570454,2142651482,106628,8324,132,0,132,2142651614,0,873570454
181,17,873570454,2142651482,106628,8324,132,0,132,2142651614,0,873570454
182,0,13226882,3855294797,3842121805,603988040,536879112,0,536879112,4281740413,0,1021180910
182,1,1021180910,3855294797,3238133761,0,0,0,0,3273786385,0,1021180910
182,2,1021180910,3855294797,3238133761,0,0,0,0,3273786385,0,1021180910
182,3,1021180910,3855294797,3238133761,0,0,0,0,3273786385,0,1021180910
182,4,1021180910,3855294797,3238133761,0,0,0,0,3273786385,0,1021180910
182,5,1021180910,3855294797,3238133761,0,0,0,0,3273786385,0,1021180910
182,6,1021180910,3855294797,3238133761,0,0,0,0,3273786385,0,1021180910
182,7,1021180910,3855294797,3238133761,0,0,0,0,3273786385,0,1021180910
182,8,1021180910,3855294797,3238133761,0,0,0,0,3273786385,0,1021180910
182,9,1021180910,3855294797,3238133761,0,0,0,0,3273786385,0,1021180910
182,10,1021180910,3855294797,3238133761,0,0,0,0,3273786385,0,1021180910
182,11,1021180910,3855294797,3238133761,0,0,0,0,3273786385,0,1021180910
182,12,1021180910,3855294797,3238133761,0,0,0,0,3273786385,0,1021180910
182,13,1021180910,3855294797,3238133761,0,0,0,0,3273786385,0,1021180910
182,14,1021180910,3855294797,3238133761,0,0,0,0,3273786385,0,1021180910
182,15,1021180910,3855294797,3238133761,0,0,0,0,3273786385,0,1021180910
182,16,1021180910,3855294797,3238133761,0,0,0,0,3273786385,0,1021180910
182,17,1021180910,3855294797,3238133761,0,0,0,0,3273786385,0,1021180910
182,18,1021180910,3855294797,3238133761,0,0,0,0,3273786385,0,1021180910
182,19,1021180910,3855294797,3238133761,0,0,0,0,3273786385,0,1021180910
182,20,1021180910,3855294797,3238133761,0,0,0,0,3273786385,0,1021180910
182,21,1021180910,3855294797,3238133761,0,0,0,0,3273786385,0,1021180910
182,22,1021180910,3855294797,3238133761,0,0,0,0,3273786385,0,1021180910
182,23,1021180910,3855294797,3238133761,0,0,0,0,3273786385,0,1021180910
182,24,1021180910,3855294797,3238133761,0,0,0,0,3273786385,0,1021180910
182,25,1021180910,3855294797,3238133761,0,0,0,0,3273786385,0,1021180910
182,26,1021180910,3855294797,3238133761,0,0,0,0,3273786385,0,1021180910
182,27,1021180910,3855294797,3238133761,0,0,0,0,3273786385,0,1021180910
182,28,1021180910,3855294797,3238133761,0,0,0,0,3273786385,0,1021180910
182,29,1021180910,3855294797,3238133761,0,0,0,0,3273786385,0,1021180910
182,30,1021180910,3855294797,3238133761,0,0,0,0,3273786385,0,1021180910
183,0,2182089386,341780432,4293918079,302522656,268443680,1,0,0,341780432,2181040170
183,1,2181040170,341780432,4294967295,302522656,268443680,1,0,0,341780432,2181040170
183,2,2181040170,341780432,4294967295,302522656,268443680,1,0,0,341780432,2181040170
183,3,2181040170,341780432,4294967295,302522656,268443680,1,0,0,341780432,2181040170
183,4,2181040170,341780432,4294967295,302522656,268443680,1,0,0,341780432,2181040170
183,5,2181040170,341780432,4294967295,302522656,268443680,1,0,0,341780432,2181040170
183,6,2181040170,341780432,4294967295,302522656,268443680,1,0,0,341780432,2181040170
183,7,2181040170,341780432,4294967295,302522656,268443680,1,0,0,341780432,2181040170
183,8,2181040170,341780432,4294967295,302522656,268443680,1,0,0,341780432,2181040170
183,9,2181040170,341780432,4294967295,302522656,268443680,1,0,0,341780432,2181040170
183,10,2181040170,341780432,4294967295,302522656,268443680,1,0,0,341780432,2181040170
183,11,2181040170,341780432,4294967295,302522656,268443680,1,0,0,341780432,2181040170
184,0,1075847302,3497372144,6,2,2,0,2,1873442443,2421524850,1805657732
184,1,1805657732,3497372144,729810436,159384576,1024,0,1024,1143633035,2421525872,1805656710
184,2,1805656710,3497372144,729809414,159383554,2,0,2,1143633035,2421524850,1805657732
184,3,1805657732,3497372144,729810436,159384576,1024,0,1024,1143633035,2421525872,1805656710
184,4,1805656710,3497372144,729809414,159383554,2,0,2,1143633035,2421524850,1805657732
184,5,1805657732,3497372144,729810436,159384576,1024,0,1024,1143633035,2421525872,1805656710
184,6,1805656710,3497372144,729809414,159383554,2,0,2,1143633035,2421524850,1805657732
184,7,1805657732,3497372144,729810436,159384576,1024,0,1024,1143633035,2421525872,1805656710
184,8,1805656710,3497372144,729809414,159383554,2,0,2,1143633035,2421524850,1805657732
184,9,1805657732,3497372144,729810436,159384576,1024,0,1024,1143633035,2421525872,1805656710
184,10,1805656710,3497372144,729809414,159383554,2,0,2,1143633035,2421524850,1805657732
184,11,1805657732,3497372144,729810436,159384576,1024,0,1024,1143633035,2421525872,1805656710
184,12,1805656710,3497372144,729809414,159383554,2,0,2,1143633035,2421524850,1805657732
184,13,1805657732,3497372144,729810436,159384576,1024,0,1024,1143633035,2421525872,1805656710
184,14,1805656710,3497372144,729809414,159383554,2,0,2,1143633035,2421524850,1805657732
184,15,1805657732,3497372144,729810436,159384576,1024,0,1024,1143633035,2421525872,1805656710
184,16,1805656710,3497372144,729809414,159383554,2,0,2,1143633035,2421524850,1805657732
184,17,1805657732,3497372144,729810436,159384576,1024,0,1024,1143633035,2421525872,1805656710
184,18,1805656710,3497372144,729809414,159383554,2,0,2,1143633035,2421524850,1805657732
184,19,1805657732,3497372144,729810436,159384576,1024,0,1024,1143633035,2421525872,1805656710
184,20,1805656710,3497372144,729809414,159383554,2,0,2,1143633035,2421524850,1805657732
184,21,1805657732,3497372144,729810436,159384576,1024,0,1024,1143633035,2421525872,1805656710
184,22,1805656710,3497372144,729809414,159383554,2,0,2,1143633035,2421524850,1805657732
184,23,1805657732,3497372144,729810436,159384576,1024,0,1024,1143633035,2421525872,1805656710
184,24,1805656710,3497372144,729809414,159383554,2,0,2,1143633035,2421524850,1805657732
185,0,8605969,2488844564,2488827908,67108864,0,0,0,1806122731,8605969,134219784
185,1,134219784,2488844564,2488844564,67109136,256,1,0,1806122731,134219784,8589313
185,2,8589313,2488844564,2488844564,67109136,256,1,0,1806122731,8589313,134219784
185,3,134219784,2488844564,2488844564,67109136,256,1,0,1806122731,134219784,8589313
185,4,8589313,2488844564,2488844564,67109136,256,1,0,1806122731,8589313,134219784
185,5,134219784,2488844564,2488844564,67109136,256,1,0,1806122731,134219784,8589313
186,0,3842115012,167227346,16909760,0,0,0,0,452852283,3842115012,4295216
186,1,4295216,167227346,4295184,4227088,4227088,0,4227088,4290672079,4295216,3842115012
186,2,3842115012,167227346,16909760,0,0,0,0,452852283,3842115012,4295216
186,3,4295216,167227346,4295184,4227088,4227088,0,4227088,4290672079,4295216,3842115012
186,4,3842115012,167227346,16909760,0,0,0,0,452852283,3842115012,4295216
186,5,4295216,167227346,4295184,4227088,4227088,0,4227088,4290672079,4295216,3842115012
186,6,3842115012,167227346,16909760,0,0,0,0,452852283,3842115012,4295216
186,7,4295216,167227346,4295184,4227088,4227088,0,4227088,4290672079,4295216,3842115012
186,8,3842115012,167227346,16909760,0,0,0,0,452852283,3842115012,4295216
186,9,4295216,167227346,4295184,4227088,4227088,0,4227088,4290672079,4295216,3842115012
186,10,3842115012,167227346,16909760,0,0,0,0,452852283,3842115012,4295216
186,11,4295216,167227346,4295184,4227088,4227088,0,4227088,4290672079,4295216,3842115012
186,12,3842115012,167227346,16909760,0,0,0,0,452852283,3842115012,4295216
186,13,4295216,167227346,4295184,4227088,4227088,0,4227088,4290672079,4295216,3842115012
186,14,3842115012,167227346,16909760,0,0,0,0,452852283,3842115012,4295216
186,15,4295216,167227346,4295184,4227088,4227088,0,4227088,4290672079,4295216,3842115012
186,16,3842115012,167227346,16909760,0,0,0,0,452852283,3842115012,4295216
186,17,4295216,167227346,4295184,4227088,4227088,0,4227088,4290672079,4295216,3842115012
186,18,3842115012,167227346,16909760,0,0,0,0,452852283,3842115012,4295216
187,0,16787538,2007273335,16779346,82,64,1,0,2007273335,4294967295,1409286144
187,1,1409286144,2007273335,1409286144,268435456,0,0,0,2007273335,4294967295,16779346
187,2,16779346,2007273335,16779346,82,64,1,0,2007273335,4294967295,1409286144
187,3,1409286144,2007273335,1409286144,268435456,0,0,0,2007273335,4294967295,16779346
187,4,16779346,2007273335,16779346,82,64,1,0,2007273335,4294967295,1409286144
187,5,1409286144,2007273335,1409286144,268435456,0,0,0,2007273335,4294967295,16779346
187,6,16779346,2007273335,16779346,82,64,1,0,2007273335,4294967295,1409286144
187,7,1409286144,2007273335,1409286144,268435456,0,0,0,2007273335,4294967295,16779346
187,8,16779346,2007273335,16779346,82,64,1,0,2007273335,4294967295,1409286144
187,9,1409286144,2007273335,1409286144,268435456,0,0,0,2007273335,4294967295,16779346
187,10,16779346,2007273335,16779346,82,64,1,0,2007273335,4294967295,1409286144
187,11,1409286144,2007273335,1409286144,268435456,0,0,0,2007273335,4294967295,16779346
187,12,16779346,2007273335,16779346,82,64,1,0,2007273335,4294967295,1409286144
187,13,1409286144,2007273335,1409286144,268435456,0,0,0,2007273335,4294967295,16779346
187,14,16779346,2007273335,16779346,82,64,1,0,2007273335,4294967295,1409286144
187,15,1409286144,2007273335,1409286144,268435456,0,0,0,2007273335,4294967295,16779346
187,16,16779346,2007273335,16779346,82,64,1,0,2007273335,4294967295,1409286144
187,17,1409286144,2007273335,1409286144,268435456,0,0,0,2007273335,4294967295,16779346
187,18,16779346,2007273335,16779346,82,64,1,0,2007273335,4294967295,1409286144
187,19,1409286144,2007273335,1409286144,268435456,0,0,0,2007273335,4294967295,16779346
187,20,16779346,2007273335,16779346,82,64,1,0,2007273335,4294967295,1409286144
187,21,1409286144,2007273335,1409286144,268435456,0,0,0,2007273335,4294967295,16779346
187,22,16779346,2007273335,16779346,82,64,1,0,2007273335,4294967295,1409286144
187,23,1409286144,2007273335,1409286144,268435456,0,0,0,2007273335,4294967295,16779346
187,24,16779346,2007273335,16779346,82,64,1,0,2007273335,4294967295,1409286144
187,25,1409286144,2007273335,1409286144,268435456,0,0,0,2007273335,4294967295,16779346
187,26,16779346,2007273335,16779346,82,64,1,0,2007273335,4294967295,1409286144
187,27,1409286144,2007273335,1409286144,268435456,0,0,0,2007273335,4294967295,16779346
187,28,16779346,2007273335,16779346,82,64,1,0,2007273335,4294967295,1409286144
187,29,1409286144,2007273335,1409286144,268435456,0,0,0,2007273335,4294967295,16779346
187,30,16779346,2007273335,16779346,82,64,1,0,2007273335,4294967295,1409286144
187,31,1409286144,2007273335,1409286144,268435456,0,0,0,2007273335,4294967295,16779346
188,0,20974249,1869574314,1869576875,16915107,16783520,0,16783520,1848605187,20975784,1107433987
188,1,1107433987,1869574314,1869576875,16915107,16783520,0,16783520,762145449,1124208802,20974249
188,2,20974249,1869574314,1869576875,16915107,16783520,0,16783520,1848605187,20975784,1107433987
188,3,1107433987,1869574314,1869576875,16915107,16783520,0,16783520,762145449,1124208802,20974249
188,4,20974249,1869574314,1869576875,16915107,16783520,0,16783520,1848605187,20975784,1107433987
188,5,1107433987,1869574314,1869576875,16915107,16783520,0,16783520,762145449,1124208802,20974249
188,6,20974249,1869574314,1869576875,16915107,16783520,0,16783520,1848605187,20975784,1107433987
188,7,1107433987,1869574314,1869576875,16915107,16783520,0,16783520,762145449,1124208802,20974249
188,8,20974249,1869574314,1869576875,16915107,16783520,0,16783520,1848605187,20975784,1107433987
188,9,1107433987,1869574314,1869576875,16915107,16783520,0,16783520,762145449,1124208802,20974249
188,10,20974249,1869574314,1869576875,16915107,16783520,0,16783520,1848605187,20975784,1107433987
188,11,1107433987,1869574314,1869576875,16915107,16783520,0,16783520,762145449,1124208802,20974249
188,12,20974249,1869574314,1869576875,16915107,16783520,0,16783520,1848605187,20975784,1107433987
189,0,3787595944,2708599983,1589632855,142868482,8650754,0,8650754,8650754,0,3787858090
189,1,3787858090,2708599983,1589632853,142868480,8650752,0,8650752,8650752,0,3787858090
189,2,3787858090,2708599983,1589632853,142868480,8650752,0,8650752,8650752,0,3787858090
189,3,3787858090,2708599983,1589632853,142868480,8650752,0,8650752,8650752,0,3787858090
189,4,3787858090,2708599983,1589632853,142868480,8650752,0,8650752,8650752,0,3787858090
189,5,3787858090,2708599983,1589632853,142868480,8650752,0,8650752,8650752,0,3787858090
189,6,3787858090,2708599983,1589632853,142868480,8650752,0,8650752,8650752,0,3787858090
189,7,3787858090,2708599983,1589632853,142868480,8650752,0,8650752,8650752,0,3787858090
189,8,3787858090,2708599983,1589632853,142868480,8650752,0,8650752,8650752,0,3787858090
189,9,3787858090,2708599983,1589632853,142868480,8650752,0,8650752,8650752,0,3787858090
189,10,3787858090,2708599983,1589632853,142868480,8650752,0,8650752,8650752,0,3787858090
189,11,3787858090,2708599983,1589632853,142868480,8650752,0,8650752,8650752,0,3787858090
189,12,3787858090,2708599983,1589632853,142868480,8650752,0,8650752,8650752,0,3787858090
189,13,3787858090,2708599983,1589632853,142868480,8650752,0,8650752,8650752,0,3787858090
189,14,3787858090,2708599983,1589632853,142868480,8650752,0,8650752,8650752,0,3787858090
189,15,3787858090,2708599983,1589632853,142868480,8650752,0,8650752,8650752,0,3787858090
189,16,3787858090,2708599983,1589632853,142868480,8650752,0,8650752,8650752,0,3787858090
189,17,3787858090,2708599983,1589632853,142868480,8650752,0,8650752,8650752,0,3787858090
189,18,3787858090,2708599983,1589632853,142868480,8650752,0,8650752,8650752,0,3787858090
189,19,3787858090,2708599983,1589632853,142868480,8650752,0,8650752,8650752,0,3787858090
189,20,3787858090,2708599983,1589632853,142868480,8650752,0,8650752,8650752,0,3787858090
189,21,3787858090,2708599983,1589632853,142868480,8650752,0,8650752,8650752,0,3787858090
189,22,3787858090,2708599983,1589632853,142868480,8650752,0,8650752,8650752,0,3787858090
189,23,3787858090,2708599983,1589632853,142868480,8650752,0,8650752,8650752,0,3787858090
189,24,3787858090,2708599983,1589632853,142868480,8650752,0,8650752,8650752,0,3787858090
189,25,3787858090,2708599983,1589632853,142868480,8650752,0,8650752,8650752,0,3787858090
190,0,1209557600,581532215,2504426888,2147483648,2147483648,0,2147483648,3937474647,581532215,3392143425
190,1,3392143425,581532215,356943240,0,0,0,0,3902372470,581532215,3357041248
190,2,3357041248,581532215,356943240,0,0,0,0,3937474647,581532215,3392143425
190,3,3392143425,581532215,356943240,0,0,0,0,3902372470,581532215,3357041248
190,4,3357041248,581532215,356943240,0,0,0,0,3937474647,581532215,3392143425
190,5,3392143425,581532215,356943240,0,0,0,0,3902372470,581532215,3357041248
190,6,3357041248,581532215,356943240,0,0,0,0,3937474647,581532215,3392143425
191,0,22307464,1580241809,1600450841,272658441,272654336,3,0,4294967295,21258248,848860801
191,1,848860801,1580241809,1822950672,524288,524288,1,0,4294967295,545784832,324334217
191,2,324334217,1580241809,1298424088,4218888,4218880,2,0,4294967295,21258248,848860801
191,3,848860801,1580241809,1822950672,524288,524288,1,0,4294967295,545784832,324334217
191,4,324334217,1580241809,1298424088,4218888,4218880,2,0,4294967295,21258248,848860801
191,5,848860801,1580241809,1822950672,524288,524288,1,0,4294967295,545784832,324334217
191,6,324334217,1580241809,1298424088,4218888,4218880,2,0,4294967295,21258248,848860801
191,7,848860801,1580241809,1822950672,524288,524288,1,0,4294967295,545784832,324334217
191,8,324334217,1580241809,1298424088,4218888,4218880,2,0,4294967295,21258248,848860801
191,9,848860801,1580241809,1822950672,524288,524288,1,0,4294967295,545784832,324334217
191,10,324334217,1580241809,1298424088,4218888,4218880,2,0,4294967295,21258248,848860801
191,11,848860801,1580241809,1822950672,524288,524288,1,0,4294967295,545784832,324334217
191,12,324334217,1580241809,1298424088,4218888,4218880,2,0,4294967295,21258248,848860801
191,13,848860801,1580241809,1822950672,524288,524288,1,0,4294967295,545784832,324334217
191,14,324334217,1580241809,1298424088,4218888,4218880,2,0,4294967295,21258248,848860801
191,15,848860801,1580241809,1822950672,524288,524288,1,0,4294967295,545784832,324334217
191,16,324334217,1580241809,1298424088,4218888,4218880,2,0,4294967295,21258248,848860801
191,17,848860801,1580241809,1822950672,524288,524288,1,0,4294967295,545784832,324334217
191,18,324334217,1580241809,1298424088,4218888,4218880,2,0,4294967295,21258248,848860801
191,19,848860801,1580241809,1822950672,524288,524288,1,0,4294967295,545784832,324334217
192,0,2351043232,1302030397,2149585536,0,0,0,0,3250158237,0,2352091825
193,0,354983937,1667000873,337674240,69238784,67108864,1,0,1667000873,1987365416,51929097
193,1,51929097,1667000873,0,0,0,0,0,1667000873,1615071776,51929097
193,2,51929097,1667000873,0,0,0,0,0,1667000873,1615071776,51929097
193,3,51929097,1667000873,0,0,0,0,0,1667000873,1615071776,51929097
193,4,51929097,1667000873,0,0,0,0,0,1667000873,1615071776,51929097
193,5,51929097,1667000873,0,0,0,0,0,1667000873,1615071776,51929097
193,6,51929097,1667000873,0,0,0,0,0,1667000873,1615071776,51929097
193,7,51929097,1667000873,0,0,0,0,0,1667000873,1615071776,51929097
193,8,51929097,1667000873,0,0,0,0,0,1667000873,1615071776,51929097
193,9,51929097,1667000873,0,0,0,0,0,1667000873,1615071776,51929097
193,10,51929097,1667000873,0,0,0,0,0,1667000873,1615071776,51929097
193,11,51929097,1667000873,0,0,0,0,0,1667000873,1615071776,51929097
193,12,51929097,1667000873,0,0,0,0,0,1667000873,1615071776,51929097
193,13,51929097,1667000873,0,0,0,0,0,1667000873,1615071776,51929097
194,0,2416541703,1649630988,4066107151,2417558016,2148007936,0,2148007936,4066041611,2146959359,3759671808
194,1,3759671808,1649630988,3797638924,2149122560,2148007936,0,2148007936,2185975052,2146959359,2148073476
194,2,2148073476,1649630988,3797638924,2149122560,2148007936,0,2148007936,3797573384,2146959359,3759671808
194,3,3759671808,1649630988,3797638924,2149122560,2148007936,0,2148007936,2185975052,2146959359,2148073476
194,4,2148073476,1649630988,3797638924,2149122560,2148007936,0,2148007936,3797573384,2146959359,3759671808
194,5,3759671808,1649630988,3797638924,2149122560,2148007936,0,2148007936,2185975052,2146959359,2148073476
194,6,2148073476,1649630988,3797638924,2149122560,2148007936,0,2148007936,3797573384,2146959359,3759671808
194,7,3759671808,1649630988,3797638924,2149122560,2148007936,0,2148007936,2185975052,2146959359,2148073476
194,8,2148073476,1649630988,3797638924,2149122560,2148007936,0,2148007936,3797573384,2146959359,3759671808
194,9,3759671808,1649630988,3797638924,2149122560,2148007936,0,2148007936,2185975052,2146959359,2148073476
194,10,2148073476,1649630988,3797638924,2149122560,2148007936,0,2148007936,3797573384,2146959359,3759671808
194,11,3759671808,1649630988,3797638924,2149122560,2148007936,0,2148007936,2185975052,2146959359,2148073476
194,12,2148073476,1649630988,3797638924,2149122560,2148007936,0,2148007936,3797573384,2146959359,3759671808
194,13,3759671808,1649630988,3797638924,2149122560,2148007936,0,2148007936,2185975052,2146959359,2148073476
194,14,2148073476,1649630988,3797638924,2149122560,2148007936,0,2148007936,3797573384,2146959359,3759671808
194,15,3759671808,1649630988,3797638924,2149122560,2148007936,0,2148007936,2185975052,2146959359,2148073476
194,16,2148073476,1649630988,3797638924,2149122560,2148007936,0,2148007936,3797573384,2146959359,3759671808
194,17,3759671808,1649630988,3797638924,2149122560,2148007936,0,2148007936,2185975052,2146959359,2148073476
194,18,2148073476,1649630988,3797638924,2149122560,2148007936,0,2148007936,3797573384,2146959359,3759671808
194,19,3759671808,1649630988,3797638924,2149122560,2148007936,0,2148007936,2185975052,2146959359,2148073476
194,20,2148073476,1649630988,3797638924,2149122560,2148007936,0,2148007936,3797573384,2146959359,3759671808
194,21,3759671808,1649630988,3797638924,2149122560,2148007936,0,2148007936,2185975052,2146959359,2148073476
194,22,2148073476,1649630988,3797638924,2149122560,2148007936,0,2148007936,3797573384,2146959359,3759671808
194,23,3759671808,1649630988,3797638924,2149122560,2148007936,0,2148007936,2185975052,2146959359,2148073476
194,24,2148073476,1649630988,3797638924,2149122560,2148007936,0,2148007936,3797573384,2146959359,3759671808
194,25,3759671808,1649630988,3797638924,2149122560,2148007936,0,2148007936,2185975052,2146959359,2148073476
194,26,2148073476,1649630988,3797638924,2149122560,2148007936,0,2148007936,3797573384,2146959359,3759671808
195,0,542397209,2057857894,1526478975,2359321,262161,2,0,536888064,2057857894,5509145
195,1,5509145,2057857894,2063367039,539247385,262929,4,0,0,2057857894,5509145
195,2,5509145,2057857894,2063367039,539247385,262929,4,0,0,2057857894,5509145
195,3,5509145,2057857894,2063367039,539247385,262929,4,0,0,2057857894,5509145
195,4,5509145,2057857894,2063367039,539247385,262929,4,0,0,2057857894,5509145
195,5,5509145,2057857894,2063367039,539247385,262929,4,0,0,2057857894,5509145
195,6,5509145,2057857894,2063367039,539247385,262929,4,0,0,2057857894,5509145
195,7,5509145,2057857894,2063367039,539247385,262929,4,0,0,2057857894,5509145
196,0,2419199072,3844662329,1964697689,1075447808,131072,0,131072,2419199072,4294967295,0
196,1,0,3844662329,3844662329,1076364288,0,0,0,0,4294967295,0
196,2,0,3844662329,3844662329,1076364288,0,0,0,0,4294967295,0
196,3,0,3844662329,3844662329,1076364288,0,0,0,0,4294967295,0
196,4,0,3844662329,3844662329,1076364288,0,0,0,0,4294967295,0
196,5,0,3844662329,3844662329,1076364288,0,0,0,0,4294967295,0
196,6,0,3844662329,3844662329,1076364288,0,0,0,0,4294967295,0
196,7,0,3844662329,3844662329,1076364288,0,0,0,0,4294967295,0
196,8,0,3844662329,3844662329,1076364288,0,0,0,0,4294967295,0
196,9,0,3844662329,3844662329,1076364288,0,0,0,0,4294967295,0
196,10,0,3844662329,3844662329,1076364288,0,0,0,0,4294967295,0
196,11,0,3844662329,3844662329,1076364288,0,0,0,0,4294967295,0
196,12,0,3844662329,3844662329,1076364288,0,0,0,0,4294967295,0
196,13,0,3844662329,3844662329,1076364288,0,0,0,0,4294967295,0
196,14,0,3844662329,3844662329,1076364288,0,0,0,0,4294967295,0
196,15,0,3844662329,3844662329,1076364288,0,0,0,0,4294967295,0
196,16,0,3844662329,3844662329,1076364288,0,0,0,0,4294967295,0
196,17,0,3844662329,3844662329,1076364288,0,0,0,0,4294967295,0
196,18,0,3844662329,3844662329,1076364288,0,0,0,0,4294967295,0
196,19,0,3844662329,3844662329,1076364288,0,0,0,0,4294967295,0
196,20,0,3844662329,3844662329,1076364288,0,0,0,0,4294967295,0
197,0,1090519104,1828597379,771632835,536870977,1,1,0,1090519104,1073741824,16777280
197,1,16777280,1828597379,1845374659,1610612801,1,1,0,16777280,0,16777280
198,0,2540212482,2618627538,192775376,2359424,2097280,0,2097280,2675807698,1754754685,2540540290
198,1,2540540290,2618627538,192447568,2097152,2097152,0,2097152,2675807698,1754427005,2540540290
198,2,2540540290,2618627538,192447568,2097152,2097152,0,2097152,2675807698,1754427005,2540540290
198,3,2540540290,2618627538,192447568,2097152,2097152,0,2097152,2675807698,1754427005,2540540290
198,4,2540540290,2618627538,192447568,2097152,2097152,0,2097152,2675807698,1754427005,2540540290
198,5,2540540290,2618627538,192447568,2097152,2097152,0,2097152,2675807698,1754427005,2540540290
198,6,2540540290,2618627538,192447568,2097152,2097152,0,2097152,2675807698,1754427005,2540540290
198,7,2540540290,2618627538,192447568,2097152,2097152,0,2097152,2675807698,1754427005,2540540290
198,8,2540540290,2618627538,192447568,2097152,2097152,0,2097152,2675807698,1754427005,2540540290
198,9,2540540290,2618627538,192447568,2097152,2097152,0,2097152,2675807698,1754427005,2540540290
198,10,2540540290,2618627538,192447568,2097152,2097152,0,2097152,2675807698,1754427005,2540540290
198,11,2540540290,2618627538,192447568,2097152,2097152,0,2097152,2675807698,1754427005,2540540290
198,12,2540540290,2618627538,192447568,2097152,2097152,0,2097152,2675807698,1754427005,2540540290
198,13,2540540290,2618627538,192447568,2097152,2097152,0,2097152,2675807698,1754427005,2540540290
198,14,2540540290,2618627538,192447568,2097152,2097152,0,2097152,2675807698,1754427005,2540540290
199,0,1645642275,464636147,3830331148,67503616,262656,1,0,4294967295,0,1981191795
199,1,1981191795,464636147,3830331148,67503616,262656,1,0,4294967295,0,1981191795
199,2,1981191795,464636147,3830331148,67503616,262656,1,0,4294967295,0,1981191795
199,3,1981191795,464636147,3830331148,67503616,262656,1,0,4294967295,0,1981191795
199,4,1981191795,464636147,3830331148,67503616,262656,1,0,4294967295,0,1981191795
199,5,1981191795,464636147,3830331148,67503616,262656,1,0,4294967295,0,1981191795
199,6,1981191795,464636147,3830331148,67503616,262656,1,0,4294967295,0,1981191795
199,7,1981191795,464636147,3830331148,67503616,262656,1,0,4294967295,0,1981191795
199,8,1981191795,464636147,3830331148,67503616,262656,1,0,4294967295,0,1981191795
199,9,1981191795,464636147,3830331148,67503616,262656,1,0,4294967295,0,1981191795
199,10,1981191795,464636147,3830331148,67503616,262656,1,0,4294967295,0,1981191795
199,11,1981191795,464636147,3830331148,67503616,262656,1,0,4294967295,0,1981191795
199,12,1981191795,464636147,3830331148,67503616,262656,1,0,4294967295,0,1981191795
199,13,1981191795,464636147,3830331148,67503616,262656,1,0,4294967295,0,1981191795
199,14,1981191795,464636147,3830331148,67503616,262656,1,0,4294967295,0,1981191795
199,15,1981191795,464636147,3830331148,67503616,262656,1,0,4294967295,0,1981191795
199,16,1981191795,464636147,3830331148,67503616,262656,1,0,4294967295,0,1981191795
199,17,1981191795,464636147,3830331148,67503616,262656,1,0,4294967295,0,1981191795
199,18,1981191795,464636147,3830331148,67503616,262656,1,0,4294967295,0,1981191795
199,19,1981191795,464636147,3830331148,67503616,262656,1,0,4294967295,0,1981191795
199,20,1981191795,464636147,3830331148,67503616,262656,1,0,4294967295,0,1981191795
199,21,1981191795,464636147,3830331148,67503616,262656,1,0,4294967295,0,1981191795
199,22,1981191795,464636147,3830331148,67503616,262656,1,0,4294967295,0,1981191795
199,23,1981191795,464636147,3830331148,67503616,262656,1,0,4294967295,0,1981191795
199,24,1981191795,464636147,3830331148,67503616,262656,1,0,4294967295,0,1981191795
199,25,1981191795,464636147,3830331148,67503616,262656,1,0,4294967295,0,1981191795
199,26,1981191795,464636147,3830331148,67503616,262656,1,0,4294967295,0,1981191795
199,27,1981191795,464636147,3830331148,67503616,262656,1,0,4294967295,0,1981191795
200,0,10485832,2728976446,2718490742,64,0,0,0,4294967295,2728976446,823771328
200,1,823771328,2728976446,2477859070,269484224,128,0,128,4294967295,2728976574,296812616
200,2,296812616,2728976446,3004817526,269484096,0,0,0,4294967295,2728976446,823771328
200,3,823771328,2728976446,2477859070,269484224,128,0,128,4294967295,2728976574,296812616
200,4,296812616,2728976446,3004817526,269484096,0,0,0,4294967295,2728976446,823771328
200,5,823771328,2728976446,2477859070,269484224,128,0,128,4294967295,2728976574,296812616
200,6,296812616,2728976446,3004817526,269484096,0,0,0,4294967295,2728976446,823771328
200,7,823771328,2728976446,2477859070,269484224,128,0,128,4294967295,2728976574,296812616
200,8,296812616,2728976446,3004817526,269484096,0,0,0,4294967295,2728976446,823771328
201,0,671156292,2872796047,671154180,671154176,671088640,0,671088640,2872796047,2201643979,2852716556
201,1,2852716556,2872796047,2852716556,705232904,704643072,1,0,2872796047,20079491,2852716556
201,2,2852716556,2872796047,2852716556,705232904,704643072,1,0,2872796047,20079491,2852716556
201,3,2852716556,2872796047,2852716556,705232904,704643072,1,0,2872796047,20079491,2852716556
201,4,2852716556,2872796047,2852716556,705232904,704643072,1,0,2872796047,20079491,2852716556
201,5,2852716556,2872796047,2852716556,705232904,704643072,1,0,2872796047,20079491,2852716556
201,6,2852716556,2872796047,2852716556,705232904,704643072,1,0,2872796047,20079491,2852716556
201,7,2852716556,2872796047,2852716556,705232904,704643072,1,0,2872796047,20079491,2852716556
201,8,2852716556,2872796047,2852716556,705232904,704643072,1,0,2872796047,20079491,2852716556
201,9,2852716556,2872796047,2852716556,705232904,704643072,1,0,2872796047,20079491,2852716556
201,10,2852716556,2872796047,2852716556,705232904,704643072,1,0,2872796047,20079491,2852716556
201,11,2852716556,2872796047,2852716556,705232904,704643072,1,0,2872796047,20079491,2852716556
201,12,2852716556,2872796047,2852716556,705232904,704643072,1,0,2872796047,20079491,2852716556
201,13,2852716556,2872796047,2852716556,705232904,704643072,1,0,2872796047,20079491,2852716556
201,14,2852716556,2872796047,2852716556,705232904,704643072,1,0,2872796047,20079491,2852716556
201,15,2852716556,2872796047,2852716556,705232904,704643072,1,0,2872796047,20079491,2852716556
201,16,2852716556,2872796047,2852716556,705232904,704643072,1,0,2872796047,20079491,2852716556
201,17,2852716556,2872796047,2852716556,705232904,704643072,1,0,2872796047,20079491,2852716556
201,18,2852716556,2872796047,2852716556,705232904,704643072,1,0,2872796047,20079491,2852716556
201,19,2852716556,2872796047,2852716556,705232904,704643072,1,0,2872796047,20079491,2852716556
201,20,2852716556,2872796047,2852716556,705232904,704643072,1,0,2872796047,20079491,2852716556
201,21,2852716556,2872796047,2852716556,705232904,704643072,1,0,2872796047,20079491,2852716556
202,0,402997265,2810228364,4294967295,3433040,3154448,0,3154448,3216371357,3154448,439706117
202,1,439706117,2810228364,4261404155,3424336,3145744,0,3145744,3216371357,3145744,436560405
202,2,436560405,2810228364,4261404155,3424336,3145744,0,3145744,3216371357,3145744,439706117
203,0,1476732161,1448442552,4294967295,3236176896,3221488640,3,0,4294967295,1342513152,2296907617
203,1,2296907617,1448442552,4294967295,3236176896,3221488640,3,0,4294967295,4194848,3635225921
203,2,3635225921,1448442552,4294967295,3236176896,3221488640,3,0,4294967295,1342513152,2296907617
203,3,2296907617,1448442552,4294967295,3236176896,3221488640,3,0,4294967295,4194848,3635225921
203,4,3635225921,1448442552,4294967295,3236176896,3221488640,3,0,4294967295,1342513152,2296907617
203,5,2296907617,1448442552,4294967295,3236176896,3221488640,3,0,4294967295,4194848,3635225921
203,6,3635225921,1448442552,4294967295,3236176896,3221488640,3,0,4294967295,1342513152,2296907617
203,7,2296907617,1448442552,4294967295,3236176896,3221488640,3,0,4294967295,4194848,3635225921
203,8,3635225921,1448442552,4294967295,3236176896,3221488640,3,0,4294967295,1342513152,2296907617
203,9,2296907617,1448442552,4294967295,3236176896,3221488640,3,0,4294967295,4194848,3635225921
203,10,3635225921,1448442552,4294967295,3236176896,3221488640,3,0,4294967295,1342513152,2296907617
203,11,2296907617,1448442552,4294967295,3236176896,3221488640,3,0,4294967295,4194848,3635225921
203,12,3635225921,1448442552,4294967295,3236176896,3221488640,3,0,4294967295,1342513152,2296907617
203,13,2296907617,1448442552,4294967295,3236176896,3221488640,3,0,4294967295,4194848,3635225921
203,14,3635225921,1448442552,4294967295,3236176896,3221488640,3,0,4294967295,1342513152,2296907617
203,15,2296907617,1448442552,4294967295,3236176896,3221488640,3,0,4294967295,4194848,3635225921
204,0,1512671628,2641360010,546308721,48,0,0,0,4294967295,1512671628,67108976
204,1,67108976,2641360010,1653607173,33554432,0,0,0,4294967295,67108976,1512671628
204,2,1512671628,2641360010,546308721,48,0,0,0,4294967295,1512671628,67108976
204,3,67108976,2641360010,1653607173,33554432,0,0,0,4294967295,67108976,1512671628
204,4,1512671628,2641360010,546308721,48,0,0,0,4294967295,1512671628,67108976
204,5,67108976,2641360010,1653607173,33554432,0,0,0,4294967295,67108976,1512671628
204,6,1512671628,2641360010,546308721,48,0,0,0,4294967295,1512671628,67108976
204,7,67108976,2641360010,1653607173,33554432,0,0,0,4294967295,67108976,1512671628
204,8,1512671628,2641360010,546308721,48,0,0,0,4294967295,1512671628,67108976
204,9,67108976,2641360010,1653607173,33554432,0,0,0,4294967295,67108976,1512671628
204,10,1512671628,2641360010,546308721,48,0,0,0,4294967295,1512671628,67108976
204,11,67108976,2641360010,1653607173,33554432,0,0,0,4294967295,67108976,1512671628
204,12,1512671628,2641360010,546308721,48,0,0,0,4294967295,1512671628,67108976
204,13,67108976,2641360010,1653607173,33554432,0,0,0,4294967295,67108976,1512671628
204,14,1512671628,2641360010,546308721,48,0,0,0,4294967295,1512671628,67108976
204,15,67108976,2641360010,1653607173,33554432,0,0,0,4294967295,67108976,1512671628
204,16,1512671628,2641360010,546308721,48,0,0,0,4294967295,1512671628,67108976
204,17,67108976,2641360010,1653607173,33554432,0,0,0,4294967295,67108976,1512671628
204,18,1512671628,2641360010,546308721,48,0,0,0,4294967295,1512671628,67108976
204,19,67108976,2641360010,1653607173,33554432,0,0,0,4294967295,67108976,1512671628
204,20,1512671628,2641360010,546308721,48,0,0,0,4294967295,1512671628,67108976
204,21,67108976,2641360010,1653607173,33554432,0,0,0,4294967295,67108976,1512671628
204,22,1512671628,2641360010,546308721,48,0,0,0,4294967295,1512671628,67108976
204,23,67108976,2641360010,1653607173,33554432,0,0,0,4294967295,67108976,1512671628
204,24,1512671628,2641360010,546308721,48,0,0,0,4294967295,1512671628,67108976
204,25,67108976,2641360010,1653607173,33554432,0,0,0,4294967295,67108976,1512671628
204,26,1512671628,2641360010,546308721,48,0,0,0,4294967295,1512671628,67108976
204,27,67108976,2641360010,1653607173,33554432,0,0,0,4294967295,67108976,1512671628
204,28,1512671628,2641360010,546308721,48,0,0,0,4294967295,1512671628,67108976
205,0,545386052,328041203,856452279,19460,2052,0,2052,0,3749581243,545386052
205,1,545386052,328041203,856452279,19460,2052,0,2052,0,3749581243,545386052
205,2,545386052,328041203,856452279,19460,2052,0,2052,0,3749581243,545386052
205,3,545386052,328041203,856452279,19460,2052,0,2052,0,3749581243,545386052
205,4,545386052,328041203,856452279,19460,2052,0,2052,0,3749581243,545386052
205,5,545386052,328041203,856452279,19460,2052,0,2052,0,3749581243,545386052
205,6,545386052,328041203,856452279,19460,2052,0,2052,0,3749581243,545386052
205,7,545386052,328041203,856452279,19460,2052,0,2052,0,3749581243,545386052
205,8,545386052,328041203,856452279,19460,2052,0,2052,0,3749581243,545386052
205,9,545386052,328041203,856452279,19460,2052,0,2052,0,3749581243,545386052
206,0,184553480,4113897332,4113897332,3307471168,1157890368,0,1157890368,0,2956006964,184549384
206,1,184549384,4113897332,4113897332,3307471168,1157890368,0,1157890368,0,2956006964,184549384
206,2,184549384,4113897332,4113897332,3307471168,1157890368,0,1157890368,0,2956006964,184549384
206,3,184549384,4113897332,4113897332,3307471168,1157890368,0,1157890368,0,2956006964,184549384
206,4,184549384,4113897332,4113897332,3307471168,1157890368,0,1157890368,0,2956006964,184549384
206,5,184549384,4113897332,4113897332,3307471168,1157890368,0,1157890368,0,2956006964,184549384
206,6,184549384,4113897332,4113897332,3307471168,1157890368,0,1157890368,0,2956006964,184549384
206,7,184549384,4113897332,4113897332,3307471168,1157890368,0,1157890368,0,2956006964,184549384
206,8,184549384,4113897332,4113897332,3307471168,1157890368,0,1157890368,0,2956006964,184549384
206,9,184549384,4113897332,4113897332,3307471168,1157890368,0,1157890368,0,2956006964,184549384
206,10,184549384,4113897332,4113897332,3307471168,1157890368,0,1157890368,0,2956006964,184549384
206,11,184549384,4113897332,4113897332,3307471168,1157890368,0,1157890368,0,2956006964,184549384
206,12,184549384,4113897332,4113897332,3307471168,1157890368,0,1157890368,0,2956006964,184549384
206,13,184549384,4113897332,4113897332,3307471168,1157890368,0,1157890368,0,2956006964,184549384
206,14,184549384,4113897332,4113897332,3307471168,1157890368,0,1157890368,0,2956006964,184549384
206,15,184549384,4113897332,4113897332,3307471168,1157890368,0,1157890368,0,2956006964,184549384
206,16,184549384,4113897332,4113897332,3307471168,1157890368,0,1157890368,0,2956006964,184549384
206,17,184549384,4113897332,4113897332,3307471168,1157890368,0,1157890368,0,2956006964,184549384
206,18,184549384,4113897332,4113897332,3307471168,1157890368,0,1157890368,0,2956006964,184549384
206,19,184549384,4113897332,4113897332,3307471168,1157890368,0,1157890368,0,2956006964,184549384
206,20,184549384,4113897332,4113897332,3307471168,1157890368,0,1157890368,0,2956006964,184549384
206,21,184549384,4113897332,4113897332,3307471168,1157890368,0,1157890368,0,2956006964,184549384
206,22,184549384,4113897332,4113897332,3307471168,1157890368,0,1157890368,0,2956006964,184549384
207,0,1096814630,660975875,4294967295,1140863521,1140863488,1,0,637903105,23072770,1174478885
207,1,1174478885,660975875,4294967295,1140863521,1140863488,1,0,560238850,100737025,1096814630
207,2,1096814630,660975875,4294967295,1140863521,1140863488,1,0,637903105,23072770,1174478885
207,3,1174478885,660975875,4294967295,1140863521,1140863488,1,0,560238850,100737025,1096814630
208,0,1107771910,1310680204,1310680204,1108475904,33685504,0,33685504,1074086406,1074086406,33685504
208,1,33685504,1310680204,1310680204,1108475904,33685504,0,33685504,0,0,33685504
208,2,33685504,1310680204,1310680204,1108475904,33685504,0,33685504,0,0,33685504
208,3,33685504,1310680204,1310680204,1108475904,33685504,0,33685504,0,0,33685504
208,4,33685504,1310680204,1310680204,1108475904,33685504,0,33685504,0,0,33685504
208,5,33685504,1310680204,1310680204,1108475904,33685504,0,33685504,0,0,33685504
208,6,33685504,1310680204,1310680204,1108475904,33685504,0,33685504,0,0,33685504
208,7,33685504,1310680204,1310680204,1108475904,33685504,0,33685504,0,0,33685504
208,8,33685504,1310680204,1310680204,1108475904,33685504,0,33685504,0,0,33685504
208,9,33685504,1310680204,1310680204,1108475904,33685504,0,33685504,0,0,33685504
208,10,33685504,1310680204,1310680204,1108475904,33685504,0,33685504,0,0,33685504
208,11,33685504,1310680204,1310680204,1108475904,33685504,0,33685504,0,0,33685504
208,12,33685504,1310680204,1310680204,1108475904,33685504,0,33685504,0,0,33685504
208,13,33685504,1310680204,1310680204,1108475904,33685504,0,33685504,0,0,33685504
208,14,33685504,1310680204,1310680204,1108475904,33685504,0,33685504,0,0,33685504
208,15,33685504,1310680204,1310680204,1108475904,33685504,0,33685504,0,0,33685504
208,16,33685504,1310680204,1310680204,1108475904,33685504,0,33685504,0,0,33685504
209,0,155781376,2855973365,2855973365,34218240,532736,1,0,21039104,155781376,0
209,1,0,2855973365,2855973365,34218240,532736,1,0,0,0,0
209,2,0,2855973365,2855973365,34218240,532736,1,0,0,0,0
209,3,0,2855973365,2855973365,34218240,532736,1,0,0,0,0
209,4,0,2855973365,2855973365,34218240,532736,1,0,0,0,0
209,5,0,2855973365,2855973365,34218240,532736,1,0,0,0,0
209,6,0,2855973365,2855973365,34218240,532736,1,0,0,0,0
209,7,0,2855973365,2855973365,34218240,532736,1,0,0,0,0
209,8,0,2855973365,2855973365,34218240,532736,1,0,0,0,0
209,9,0,2855973365,2855973365,34218240,532736,1,0,0,0,0
209,10,0,2855973365,2855973365,34218240,532736,1,0,0,0,0
209,11,0,2855973365,2855973365,34218240,532736,1,0,0,0,0
209,12,0,2855973365,2855973365,34218240,532736,1,0,0,0,0
209,13,0,2855973365,2855973365,34218240,532736,1,0,0,0,0
209,14,0,2855973365,2855973365,34218240,532736,1,0,0,0,0
209,15,0,2855973365,2855973365,34218240,532736,1,0,0,0,0
209,16,0,2855973365,2855973365,34218240,532736,1,0,0,0,0
209,17,0,2855973365,2855973365,34218240,532736,1,0,0,0,0
209,18,0,2855973365,2855973365,34218240,532736,1,0,0,0,0
209,19,0,2855973365,2855973365,34218240,532736,1,0,0,0,0
209,20,0,2855973365,2855973365,34218240,532736,1,0,0,0,0
209,21,0,2855973365,2855973365,34218240,532736,1,0,0,0,0
209,22,0,2855973365,2855973365,34218240,532736,1,0,0,0,0
209,23,0,2855973365,2855973365,34218240,532736,1,0,0,0,0
209,24,0,2855973365,2855973365,34218240,532736,1,0,0,0,0
209,25,0,2855973365,2855973365,34218240,532736,1,0,0,0,0
209,26,0,2855973365,2855973365,34218240,532736,1,0,0,0,0
209,27,0,2855973365,2855973365,34218240,532736,1,0,0,0,0
209,28,0,2855973365,2855973365,34218240,532736,1,0,0,0,0
209,29,0,2855973365,2855973365,34218240,532736,1,0,0,0,0
210,0,168374961,1944906582,134287521,1,0,0,0,4126592334,4294967295,547373064
210,1,547373064,1944906582,8,0,0,0,0,3747594231,4294967295,168374961
210,2,168374961,1944906582,134287521,1,0,0,0,4126592334,4294967295,547373064
210,3,547373064,1944906582,8,0,0,0,0,3747594231,4294967295,168374961
210,4,168374961,1944906582,134287521,1,0,0,0,4126592334,4294967295,547373064
210,5,547373064,1944906582,8,0,0,0,0,3747594231,4294967295,168374961
210,6,168374961,1944906582,134287521,1,0,0,0,4126592334,4294967295,547373064
210,7,547373064,1944906582,8,0,0,0,0,3747594231,4294967295,168374961
210,8,168374961,1944906582,134287521,1,0,0,0,4126592334,4294967295,547373064
210,9,547373064,1944906582,8,0,0,0,0,3747594231,4294967295,168374961
210,10,168374961,1944906582,134287521,1,0,0,0,4126592334,4294967295,547373064
211,0,1212176904,4141767164,4294967295,3896023306,1075871752,3,0,4294967295,1077958664,2822349602
211,1,2822349602,4141767164,4294967295,3896023306,1075871752,3,0,4294967295,2685927712,1214380554
211,2,1214380554,4141767164,4294967295,3896023306,1075871752,3,0,4294967295,1077958664,2822349602
211,3,2822349602,4141767164,4294967295,3896023306,1075871752,3,0,4294967295,2685927712,1214380554
211,4,1214380554,4141767164,4294967295,3896023306,1075871752,3,0,4294967295,1077958664,2822349602
211,5,2822349602,4141767164,4294967295,3896023306,1075871752,3,0,4294967295,2685927712,1214380554
211,6,1214380554,4141767164,4294967295,3896023306,1075871752,3,0,4294967295,1077958664,2822349602
211,7,2822349602,4141767164,4294967295,3896023306,1075871752,3,0,4294967295,2685927712,1214380554
211,8,1214380554,4141767164,4294967295,3896023306,1075871752,3,0,4294967295,1077958664,2822349602
211,9,2822349602,4141767164,4294967295,3896023306,1075871752,3,0,4294967295,2685927712,1214380554
211,10,1214380554,4141767164,4294967295,3896023306,1075871752,3,0,4294967295,1077958664,2822349602
211,11,2822349602,4141767164,4294967295,3896023306,1075871752,3,0,4294967295,2685927712,1214380554
211,12,1214380554,4141767164,4294967295,3896023306,1075871752,3,0,4294967295,1077958664,2822349602
211,13,2822349602,4141767164,4294967295,3896023306,1075871752,3,0,4294967295,2685927712,1214380554
211,14,1214380554,4141767164,4294967295,3896023306,1075871752,3,0,4294967295,1077958664,2822349602
211,15,2822349602,4141767164,4294967295,3896023306,1075871752,3,0,4294967295,2685927712,1214380554
211,16,1214380554,4141767164,4294967295,3896023306,1075871752,3,0,4294967295,1077958664,2822349602
211,17,2822349602,4141767164,4294967295,3896023306,1075871752,3,0,4294967295,2685927712,1214380554
211,18,1214380554,4141767164,4294967295,3896023306,1075871752,3,0,4294967295,1077958664,2822349602
211,19,2822349602,4141767164,4294967295,3896023306,1075871752,3,0,4294967295,2685927712,1214380554
211,20,1214380554,4141767164,4294967295,3896023306,1075871752,3,0,4294967295,1077958664,2822349602
211,21,2822349602,4141767164,4294967295,3896023306,1075871752,3,0,4294967295,2685927712,1214380554
211,22,1214380554,4141767164,4294967295,3896023306,1075871752,3,0,4294967295,1077958664,2822349602
211,23,2822349602,4141767164,4294967295,3896023306,1075871752,3,0,4294967295,2685927712,1214380554
212,0,771752112,2988154063,771752112,201326752,32,0,32,4294967295,3523215183,775956656
212,1,775956656,2988154063,775956656,205521056,32,0,32,4294967295,3519010639,775956656
212,2,775956656,2988154063,775956656,205521056,32,0,32,4294967295,3519010639,775956656
212,3,775956656,2988154063,775956656,205521056,32,0,32,4294967295,3519010639,775956656
212,4,775956656,2988154063,775956656,205521056,32,0,32,4294967295,3519010639,775956656
213,0,277481986,3157681485,1396936880,131072,131072,1,0,4294967295,2889114957,294271770
213,1,294271770,3157681485,1380164008,139264,131072,1,0,4294967295,2889106501,294271770
213,2,294271770,3157681485,1380164008,139264,131072,1,0,4294967295,2889106501,294271770
213,3,294271770,3157681485,1380164008,139264,131072,1,0,4294967295,2889106501,294271770
213,4,294271770,3157681485,1380164008,139264,131072,1,0,4294967295,2889106501,294271770
213,5,294271770,3157681485,1380164008,139264,131072,1,0,4294967295,2889106501,294271770
213,6,294271770,3157681485,1380164008,139264,131072,1,0,4294967295,2889106501,294271770
213,7,294271770,3157681485,1380164008,139264,131072,1,0,4294967295,2889106501,294271770
213,8,294271770,3157681485,1380164008,139264,131072,1,0,4294967295,2889106501,294271770
213,9,294271770,3157681485,1380164008,139264,131072,1,0,4294967295,2889106501,294271770
213,10,294271770,3157681485,1380164008,139264,131072,1,0,4294967295,2889106501,294271770
213,11,294271770,3157681485,1380164008,139264,131072,1,0,4294967295,2889106501,294271770
213,12,294271770,3157681485,1380164008,139264,131072,1,0,4294967295,2889106501,294271770
213,13,294271770,3157681485,1380164008,139264,131072,1,0,4294967295,2889106501,294271770
213,14,294271770,3157681485,1380164008,139264,131072,1,0,4294967295,2889106501,294271770
213,15,294271770,3157681485,1380164008,139264,131072,1,0,4294967295,2889106501,294271770
213,16,294271770,3157681485,1380164008,139264,131072,1,0,4294967295,2889106501,294271770
213,17,294271770,3157681485,1380164008,139264,131072,1,0,4294967295,2889106501,294271770
214,0,171966768,79731142,4051658505,4202752,8192,0,8192,4202752,247503350,8192
214,1,8192,79731142,4215227961,33554464,32,0,32,32,79739334,32
214,2,32,79731142,4215236121,33562624,8192,0,8192,8192,79731174,8192
214,3,8192,79731142,4215227961,33554464,32,0,32,32,79739334,32
214,4,32,79731142,4215236121,33562624,8192,0,8192,8192,79731174,8192
214,5,8192,79731142,4215227961,33554464,32,0,32,32,79739334,32
214,6,32,79731142,4215236121,33562624,8192,0,8192,8192,79731174,8192
214,7,8192,79731142,4215227961,33554464,32,0,32,32,79739334,32
214,8,32,79731142,4215236121,33562624,8192,0,8192,8192,79731174,8192
214,9,8192,79731142,4215227961,33554464,32,0,32,32,79739334,32
214,10,32,79731142,4215236121,33562624,8192,0,8192,8192,79731174,8192
214,11,8192,79731142,4215227961,33554464,32,0,32,32,79739334,32
214,12,32,79731142,4215236121,33562624,8192,0,8192,8192,79731174,8192
214,13,8192,79731142,4215227961,33554464,32,0,32,32,79739334,32
214,14,32,79731142,4215236121,33562624,8192,0,8192,8192,79731174,8192
214,15,8192,79731142,4215227961,33554464,32,0,32,32,79739334,32
214,16,32,79731142,4215236121,33562624,8192,0,8192,8192,79731174,8192
214,17,8192,79731142,4215227961,33554464,32,0,32,32,79739334,32
214,18,32,79731142,4215236121,33562624,8192,0,8192,8192,79731174,8192
214,19,8192,79731142,4215227961,33554464,32,0,32,32,79739334,32
214,20,32,79731142,4215236121,33562624,8192,0,8192,8192,79731174,8192
214,21,8192,79731142,4215227961,33554464,32,0,32,32,79739334,32
214,22,32,79731142,4215236121,33562624,8192,0,8192,8192,79731174,8192
214,23,8192,79731142,4215227961,33554464,32,0,32,32,79739334,32
214,24,32,79731142,4215236121,33562624,8192,0,8192,8192,79731174,8192
214,25,8192,79731142,4215227961,33554464,32,0,32,32,79739334,32
214,26,32,79731142,4215236121,33562624,8192,0,8192,8192,79731174,8192
214,27,8192,79731142,4215227961,33554464,32,0,32,32,79739334,32
214,28,32,79731142,4215236121,33562624,8192,0,8192,8192,79731174,8192
214,29,8192,79731142,4215227961,33554464,32,0,32,32,79739334,32
214,30,32,79731142,4215236121,33562624,8192,0,8192,8192,79731174,8192
215,0,3360178176,3570370085,0,0,0,0,0,3225944064,0,3360178176
215,1,3360178176,3570370085,0,0,0,0,0,3225944064,0,3360178176
215,2,3360178176,3570370085,0,0,0,0,0,3225944064,0,3360178176
215,3,3360178176,3570370085,0,0,0,0,0,3225944064,0,3360178176
215,4,3360178176,3570370085,0,0,0,0,0,3225944064,0,3360178176
215,5,3360178176,3570370085,0,0,0,0,0,3225944064,0,3360178176
215,6,3360178176,3570370085,0,0,0,0,0,3225944064,0,3360178176
215,7,3360178176,3570370085,0,0,0,0,0,3225944064,0,3360178176
215,8,3360178176,3570370085,0,0,0,0,0,3225944064,0,3360178176
215,9,3360178176,3570370085,0,0,0,0,0,3225944064,0,3360178176
215,10,3360178176,3570370085,0,0,0,0,0,3225944064,0,3360178176
215,11,3360178176,3570370085,0,0,0,0,0,3225944064,0,3360178176
216,0,84942848,3153942046,3221059102,85991424,2097152,0,2097152,4294967295,3153942046,1679861768
216,1,1679861768,3153942046,4294835742,1159735296,2097152,0,2097152,4292870143,3153942046,1158719488
216,2,1158719488,3153942046,4294835742,1159735296,2097152,0,2097152,4294967295,3153942046,1679861768
216,3,1679861768,3153942046,4294835742,1159735296,2097152,0,2097152,4292870143,3153942046,1158719488
216,4,1158719488,3153942046,4294835742,1159735296,2097152,0,2097152,4294967295,3153942046,1679861768
216,5,1679861768,3153942046,4294835742,1159735296,2097152,0,2097152,4292870143,3153942046,1158719488
216,6,1158719488,3153942046,4294835742,1159735296,2097152,0,2097152,4294967295,3153942046,1679861768
216,7,1679861768,3153942046,4294835742,1159735296,2097152,0,2097152,4292870143,3153942046,1158719488
216,8,1158719488,3153942046,4294835742,1159735296,2097152,0,2097152,4294967295,3153942046,1679861768
216,9,1679861768,3153942046,4294835742,1159735296,2097152,0,2097152,4292870143,3153942046,1158719488
216,10,1158719488,3153942046,4294835742,1159735296,2097152,0,2097152,4294967295,3153942046,1679861768
216,11,1679861768,3153942046,4294835742,1159735296,2097152,0,2097152,4292870143,3153942046,1158719488
216,12,1158719488,3153942046,4294835742,1159735296,2097152,0,2097152,4294967295,3153942046,1679861768
216,13,1679861768,3153942046,4294835742,1159735296,2097152,0,2097152,4292870143,3153942046,1158719488
216,14,1158719488,3153942046,4294835742,1159735296,2097152,0,2097152,4294967295,3153942046,1679861768
216,15,1679861768,3153942046,4294835742,1159735296,2097152,0,2097152,4292870143,3153942046,1158719488
216,16,1158719488,3153942046,4294835742,1159735296,2097152,0,2097152,4294967295,3153942046,1679861768
216,17,1679861768,3153942046,4294835742,1159735296,2097152,0,2097152,4292870143,3153942046,1158719488
216,18,1158719488,3153942046,4294835742,1159735296,2097152,0,2097152,4294967295,3153942046,1679861768
216,19,1679861768,3153942046,4294835742,1159735296,2097152,0,2097152,4292870143,3153942046,1158719488
216,20,1158719488,3153942046,4294835742,1159735296,2097152,0,2097152,4294967295,3153942046,1679861768
216,21,1679861768,3153942046,4294835742,1159735296,2097152,0,2097152,4292870143,3153942046,1158719488
216,22,1158719488,3153942046,4294835742,1159735296,2097152,0,2097152,4294967295,3153942046,1679861768
216,23,1679861768,3153942046,4294835742,1159735296,2097152,0,2097152,4292870143,3153942046,1158719488
216,24,1158719488,3153942046,4294835742,1159735296,2097152,0,2097152,4294967295,3153942046,1679861768
217,0,713052178,190015432,4127178751,2147487764,2147483648,1,0,0,0,713052178
217,1,713052178,190015432,4127178751,2147487764,2147483648,1,0,0,0,713052178
217,2,713052178,190015432,4127178751,2147487764,2147483648,1,0,0,0,713052178
217,3,713052178,190015432,4127178751,2147487764,2147483648,1,0,0,0,713052178
217,4,713052178,190015432,4127178751,2147487764,2147483648,1,0,0,0,713052178
217,5,713052178,190015432,4127178751,2147487764,2147483648,1,0,0,0,713052178
218,0,810672640,3799533984,3525946272,1075912704,2170880,0,2170880,3525946272,3523775392,1618044928
218,1,1618044928,3799533984,2181636512,73728,73728,0,73728,2181636512,2181562784,1618044928
218,2,1618044928,3799533984,2181636512,73728,73728,0,73728,2181636512,2181562784,1618044928
218,3,1618044928,3799533984,2181636512,73728,73728,0,73728,2181636512,2181562784,1618044928
218,4,1618044928,3799533984,2181636512,73728,73728,0,73728,2181636512,2181562784,1618044928
218,5,1618044928,3799533984,2181636512,73728,73728,0,73728,2181636512,2181562784,1618044928
218,6,1618044928,3799533984,2181636512,73728,73728,0,73728,2181636512,2181562784,1618044928
218,7,1618044928,3799533984,2181636512,73728,73728,0,73728,2181636512,2181562784,1618044928
218,8,1618044928,3799533984,2181636512,73728,73728,0,73728,2181636512,2181562784,1618044928
218,9,1618044928,3799533984,2181636512,73728,73728,0,73728,2181636512,2181562784,1618044928
218,10,1618044928,3799533984,2181636512,73728,73728,0,73728,2181636512,2181562784,1618044928
218,11,1618044928,3799533984,2181636512,73728,73728,0,73728,2181636512,2181562784,1618044928
218,12,1618044928,3799533984,2181636512,73728,73728,0,73728,2181636512,2181562784,1618044928
218,13,1618044928,3799533984,2181636512,73728,73728,0,73728,2181636512,2181562784,1618044928
218,14,1618044928,3799533984,2181636512,73728,73728,0,73728,2181636512,2181562784,1618044928
218,15,1618044928,3799533984,2181636512,73728,73728,0,73728,2181636512,2181562784,1618044928
218,16,1618044928,3799533984,2181636512,73728,73728,0,73728,2181636512,2181562784,1618044928
218,17,1618044928,3799533984,2181636512,73728,73728,0,73728,2181636512,2181562784,1618044928
218,18,1618044928,3799533984,2181636512,73728,73728,0,73728,2181636512,2181562784,1618044928
219,0,614484,963694468,3330691119,2256535556,2155872256,1,0,4294967295,3331272827,3062910221
219,1,3062910221,963694468,1881111926,270083092,269492240,3,0,4294967295,3331272827,806972756
219,2,806972756,963694468,4137049391,2526020612,2425356288,3,0,4294967295,3331272827,3062910221
219,3,3062910221,963694468,1881111926,270083092,269492240,3,0,4294967295,3331272827,806972756
219,4,806972756,963694468,4137049391,2526020612,2425356288,3,0,4294967295,3331272827,3062910221
219,5,3062910221,963694468,1881111926,270083092,269492240,3,0,4294967295,3331272827,806972756
219,6,806972756,963694468,4137049391,2526020612,2425356288,3,0,4294967295,3331272827,3062910221
219,7,3062910221,963694468,1881111926,270083092,269492240,3,0,4294967295,3331272827,806972756
219,8,806972756,963694468,4137049391,2526020612,2425356288,3,0,4294967295,3331272827,3062910221
219,9,3062910221,963694468,1881111926,270083092,269492240,3,0,4294967295,3331272827,806972756
219,10,806972756,963694468,4137049391,2526020612,2425356288,3,0,4294967295,3331272827,3062910221
219,11,3062910221,963694468,1881111926,270083092,269492240,3,0,4294967295,3331272827,806972756
219,12,806972756,963694468,4137049391,2526020612,2425356288,3,0,4294967295,3331272827,3062910221
219,13,3062910221,963694468,1881111926,270083092,269492240,3,0,4294967295,3331272827,806972756
219,14,806972756,963694468,4137049391,2526020612,2425356288,3,0,4294967295,3331272827,3062910221
219,15,3062910221,963694468,1881111926,270083092,269492240,3,0,4294967295,3331272827,806972756
219,16,806972756,963694468,4137049391,2526020612,2425356288,3,0,4294967295,3331272827,3062910221
219,17,3062910221,963694468,1881111926,270083092,269492240,3,0,4294967295,3331272827,806972756
219,18,806972756,963694468,4137049391,2526020612,2425356288,3,0,4294967295,3331272827,3062910221
219,19,3062910221,963694468,1881111926,270083092,269492240,3,0,4294967295,3331272827,806972756
219,20,806972756,963694468,4137049391,2526020612,2425356288,3,0,4294967295,3331272827,3062910221
219,21,3062910221,963694468,1881111926,270083092,269492240,3,0,4294967295,3331272827,806972756
219,22,806972756,963694468,4137049391,2526020612,2425356288,3,0,4294967295,3331272827,3062910221
219,23,3062910221,963694468,1881111926,270083092,269492240,3,0,4294967295,3331272827,806972756
219,24,806972756,963694468,4137049391,2526020612,2425356288,3,0,4294967295,3331272827,3062910221
219,25,3062910221,963694468,1881111926,270083092,269492240,3,0,4294967295,3331272827,806972756
219,26,806972756,963694468,4137049391,2526020612,2425356288,3,0,4294967295,3331272827,3062910221
219,27,3062910221,963694468,1881111926,270083092,269492240,3,0,4294967295,3331272827,806972756
219,28,806972756,963694468,4137049391,2526020612,2425356288,3,0,4294967295,3331272827,3062910221
219,29,3062910221,963694468,1881111926,270083092,269492240,3,0,4294967295,3331272827,806972756
219,30,806972756,963694468,4137049391,2526020612,2425356288,3,0,4294967295,3331272827,3062910221
219,31,3062910221,963694468,1881111926,270083092,269492240,3,0,4294967295,3331272827,806972756
220,0,672736002,125407277,794866479,671097386,134226442,0,134226442,794866479,4169560018,1671208
220,1,1671208,125407277,123736069,0,0,0,0,123736069,4169560018,1671208
220,2,1671208,125407277,123736069,0,0,0,0,123736069,4169560018,1671208
220,3,1671208,125407277,123736069,0,0,0,0,123736069,4169560018,1671208
220,4,1671208,125407277,123736069,0,0,0,0,123736069,4169560018,1671208
220,5,1671208,125407277,123736069,0,0,0,0,123736069,4169560018,1671208
220,6,1671208,125407277,123736069,0,0,0,0,123736069,4169560018,1671208
220,7,1671208,125407277,123736069,0,0,0,0,123736069,4169560018,1671208
220,8,1671208,125407277,123736069,0,0,0,0,123736069,4169560018,1671208
220,9,1671208,125407277,123736069,0,0,0,0,123736069,4169560018,1671208
220,10,1671208,125407277,123736069,0,0,0,0,123736069,4169560018,1671208
220,11,1671208,125407277,123736069,0,0,0,0,123736069,4169560018,1671208
220,12,1671208,125407277,123736069,0,0,0,0,123736069,4169560018,1671208
221,0,672359616,275372124,672359616,671163456,134217728,0,134217728,4294967295,81984,2903909768
221,1,2903909768,275372124,2903909768,754984200,134217736,0,134217736,4294967287,8,2903991744
221,2,2903991744,275372124,2903991744,755049792,134217728,0,134217728,4294967295,81984,2903909768
221,3,2903909768,275372124,2903909768,754984200,134217736,0,134217736,4294967287,8,2903991744
221,4,2903991744,275372124,2903991744,755049792,134217728,0,134217728,4294967295,81984,2903909768
221,5,2903909768,275372124,2903909768,754984200,134217736,0,134217736,4294967287,8,2903991744
221,6,2903991744,275372124,2903991744,755049792,134217728,0,134217728,4294967295,81984,2903909768
221,7,2903909768,275372124,2903909768,754984200,134217736,0,134217736,4294967287,8,2903991744
221,8,2903991744,275372124,2903991744,755049792,134217728,0,134217728,4294967295,81984,2903909768
221,9,2903909768,275372124,2903909768,754984200,134217736,0,134217736,4294967287,8,2903991744
221,10,2903991744,275372124,2903991744,755049792,134217728,0,134217728,4294967295,81984,2903909768
221,11,2903909768,275372124,2903909768,754984200,134217736,0,134217736,4294967287,8,2903991744
221,12,2903991744,275372124,2903991744,755049792,134217728,0,134217728,4294967295,81984,2903909768
221,13,2903909768,275372124,2903909768,754984200,134217736,0,134217736,4294967287,8,2903991744
221,14,2903991744,275372124,2903991744,755049792,134217728,0,134217728,4294967295,81984,2903909768
221,15,2903909768,275372124,2903909768,754984200,134217736,0,134217736,4294967287,8,2903991744
221,16,2903991744,275372124,2903991744,755049792,134217728,0,134217728,4294967295,81984,2903909768
221,17,2903909768,275372124,2903909768,754984200,134217736,0,134217736,4294967287,8,2903991744
221,18,2903991744,275372124,2903991744,755049792,134217728,0,134217728,4294967295,81984,2903909768
221,19,2903909768,275372124,2903909768,754984200,134217736,0,134217736,4294967287,8,2903991744
221,20,2903991744,275372124,2903991744,755049792,134217728,0,134217728,4294967295,81984,2903909768
221,21,2903909768,275372124,2903909768,754984200,134217736,0,134217736,4294967287,8,2903991744
221,22,2903991744,275372124,2903991744,755049792,134217728,0,134217728,4294967295,81984,2903909768
221,23,2903909768,275372124,2903909768,754984200,134217736,0,134217736,4294967287,8,2903991744
221,24,2903991744,275372124,2903991744,755049792,134217728,0,134217728,4294967295,81984,2903909768
221,25,2903909768,275372124,2903909768,754984200,134217736,0,134217736,4294967287,8,2903991744
222,0,11011600,3203539697,1101388574,8393472,256,0,256,1101388318,3204065265,16781318
222,1,16781318,3203539697,1074646280,524544,524544,0,524544,1074121736,3220845559,1024
222,2,1024,3203539697,1091426574,528640,524544,0,524544,1090902030,3204065265,16781318
222,3,16781318,3203539697,1074646280,524544,524544,0,524544,1074121736,3220845559,1024
222,4,1024,3203539697,1091426574,528640,524544,0,524544,1090902030,3204065265,16781318
222,5,16781318,3203539697,1074646280,524544,524544,0,524544,1074121736,3220845559,1024
222,6,1024,3203539697,1091426574,528640,524544,0,524544,1090902030,3204065265,16781318
223,0,2568421418,876593182,2905129012,2298511392,2147483648,1,0,876593182,2905129012,337084430
223,1,337084430,876593182,539508752,0,0,0,0,876593182,539508752,337084430
223,2,337084430,876593182,539508752,0,0,0,0,876593182,539508752,337084430
223,3,337084430,876593182,539508752,0,0,0,0,876593182,539508752,337084430
223,4,337084430,876593182,539508752,0,0,0,0,876593182,539508752,337084430
223,5,337084430,876593182,539508752,0,0,0,0,876593182,539508752,337084430
223,6,337084430,876593182,539508752,0,0,0,0,876593182,539508752,337084430
223,7,337084430,876593182,539508752,0,0,0,0,876593182,539508752,337084430
223,8,337084430,876593182,539508752,0,0,0,0,876593182,539508752,337084430
223,9,337084430,876593182,539508752,0,0,0,0,876593182,539508752,337084430
223,10,337084430,876593182,539508752,0,0,0,0,876593182,539508752,337084430
223,11,337084430,876593182,539508752,0,0,0,0,876593182,539508752,337084430
223,12,337084430,876593182,539508752,0,0,0,0,876593182,539508752,337084430
223,13,337084430,876593182,539508752,0,0,0,0,876593182,539508752,337084430
223,14,337084430,876593182,539508752,0,0,0,0,876593182,539508752,337084430
223,15,337084430,876593182,539508752,0,0,0,0,876593182,539508752,337084430
223,16,337084430,876593182,539508752,0,0,0,0,876593182,539508752,337084430
223,17,337084430,876593182,539508752,0,0,0,0,876593182,539508752,337084430
223,18,337084430,876593182,539508752,0,0,0,0,876593182,539508752,337084430
223,19,337084430,876593182,539508752,0,0,0,0,876593182,539508752,337084430
224,0,68716553,2994934619,9,9,1,0,1,4226250742,68716553,2298479616
225,0,613695492,561299786,3756769279,67141638,0,0,0,4196368049,613695492,139264
225,1,139264,561299786,4294967295,604028934,536870912,0,536870912,3733528245,537010176,75497476
225,2,75497476,561299786,4294967295,604028934,536870912,0,536870912,3658170033,612368388,139264
225,3,139264,561299786,4294967295,604028934,536870912,0,536870912,3733528245,537010176,75497476
225,4,75497476,561299786,4294967295,604028934,536870912,0,536870912,3658170033,612368388,139264
225,5,139264,561299786,4294967295,604028934,536870912,0,536870912,3733528245,537010176,75497476
225,6,75497476,561299786,4294967295,604028934,536870912,0,536870912,3658170033,612368388,139264
225,7,139264,561299786,4294967295,604028934,536870912,0,536870912,3733528245,537010176,75497476
225,8,75497476,561299786,4294967295,604028934,536870912,0,536870912,3658170033,612368388,139264
225,9,139264,561299786,4294967295,604028934,536870912,0,536870912,3733528245,537010176,75497476
225,10,75497476,561299786,4294967295,604028934,536870912,0,536870912,3658170033,612368388,139264
225,11,139264,561299786,4294967295,604028934,536870912,0,536870912,3733528245,537010176,75497476
225,12,75497476,561299786,4294967295,604028934,536870912,0,536870912,3658170033,612368388,139264
225,13,139264,561299786,4294967295,604028934,536870912,0,536870912,3733528245,537010176,75497476
226,0,286524480,4187854259,3901329907,1216348545,1207959681,0,1207959681,1207959681,2693370226,1494484097
226,1,1494484097,4187854259,2693370162,8388864,0,0,0,0,2693370162,1494484097
226,2,1494484097,4187854259,2693370162,8388864,0,0,0,0,2693370162,1494484097
226,3,1494484097,4187854259,2693370162,8388864,0,0,0,0,2693370162,1494484097
226,4,1494484097,4187854259,2693370162,8388864,0,0,0,0,2693370162,1494484097
226,5,1494484097,4187854259,2693370162,8388864,0,0,0,0,2693370162,1494484097
226,6,1494484097,4187854259,2693370162,8388864,0,0,0,0,2693370162,1494484097
226,7,1494484097,4187854259,2693370162,8388864,0,0,0,0,2693370162,1494484097
226,8,1494484097,4187854259,2693370162,8388864,0,0,0,0,2693370162,1494484097
226,9,1494484097,4187854259,2693370162,8388864,0,0,0,0,2693370162,1494484097
226,10,1494484097,4187854259,2693370162,8388864,0,0,0,0,2693370162,1494484097
226,11,1494484097,4187854259,2693370162,8388864,0,0,0,0,2693370162,1494484097
226,12,1494484097,4187854259,2693370162,8388864,0,0,0,0,2693370162,1494484097
226,13,1494484097,4187854259,2693370162,8388864,0,0,0,0,2693370162,1494484097
226,14,1494484097,4187854259,2693370162,8388864,0,0,0,0,2693370162,1494484097
226,15,1494484097,4187854259,2693370162,8388864,0,0,0,0,2693370162,1494484097
226,16,1494484097,4187854259,2693370162,8388864,0,0,0,0,2693370162,1494484097
226,17,1494484097,4187854259,2693370162,8388864,0,0,0,0,2693370162,1494484097
226,18,1494484097,4187854259,2693370162,8388864,0,0,0,0,2693370162,1494484097
226,19,1494484097,4187854259,2693370162,8388864,0,0,0,0,2693370162,1494484097
226,20,1494484097,4187854259,2693370162,8388864,0,0,0,0,2693370162,1494484097
226,21,1494484097,4187854259,2693370162,8388864,0,0,0,0,2693370162,1494484097
226,22,1494484097,4187854259,2693370162,8388864,0,0,0,0,2693370162,1494484097
226,23,1494484097,4187854259,2693370162,8388864,0,0,0,0,2693370162,1494484097
226,24,1494484097,4187854259,2693370162,8388864,0,0,0,0,2693370162,1494484097
226,25,1494484097,4187854259,2693370162,8388864,0,0,0,0,2693370162,1494484097
226,26,1494484097,4187854259,2693370162,8388864,0,0,0,0,2693370162,1494484097
227,0,1073891462,668578645,4294967291,268439937,0,0,0,0,0,1073891462
227,1,1073891462,668578645,4294967291,268439937,0,0,0,0,0,1073891462
227,2,1073891462,668578645,4294967291,268439937,0,0,0,0,0,1073891462
227,3,1073891462,668578645,4294967291,268439937,0,0,0,0,0,1073891462
227,4,1073891462,668578645,4294967291,268439937,0,0,0,0,0,1073891462
227,5,1073891462,668578645,4294967291,268439937,0,0,0,0,0,1073891462
227,6,1073891462,668578645,4294967291,268439937,0,0,0,0,0,1073891462
227,7,1073891462,668578645,4294967291,268439937,0,0,0,0,0,1073891462
228,0,139340,3495013885,131072,131072,131072,0,131072,4294827955,4294967295,1692403712
228,1,1692403712,3495013885,614465536,10485760,8388608,0,8388608,2602563583,4294967295,139340
228,2,139340,3495013885,131072,131072,131072,0,131072,4294827955,4294967295,1692403712
228,3,1692403712,3495013885,614465536,10485760,8388608,0,8388608,2602563583,4294967295,139340
228,4,139340,3495013885,131072,131072,131072,0,131072,4294827955,4294967295,1692403712
228,5,1692403712,3495013885,614465536,10485760,8388608,0,8388608,2602563583,4294967295,139340
228,6,139340,3495013885,131072,131072,131072,0,131072,4294827955,4294967295,1692403712
228,7,1692403712,3495013885,614465536,10485760,8388608,0,8388608,2602563583,4294967295,139340
228,8,139340,3495013885,131072,131072,131072,0,131072,4294827955,4294967295,1692403712
228,9,1692403712,3495013885,614465536,10485760,8388608,0,8388608,2602563583,4294967295,139340
228,10,139340,3495013885,131072,131072,131072,0,131072,4294827955,4294967295,1692403712
228,11,1692403712,3495013885,614465536,10485760,8388608,0,8388608,2602563583,4294967295,139340
228,12,139340,3495013885,131072,131072,131072,0,131072,4294827955,4294967295,1692403712
228,13,1692403712,3495013885,614465536,10485760,8388608,0,8388608,2602563583,4294967295,139340
228,14,139340,3495013885,131072,131072,131072,0,131072,4294827955,4294967295,1692403712
228,15,1692403712,3495013885,614465536,10485760,8388608,0,8388608,2602563583,4294967295,139340
228,16,139340,3495013885,131072,131072,131072,0,131072,4294827955,4294967295,1692403712
228,17,1692403712,3495013885,614465536,10485760,8388608,0,8388608,2602563583,4294967295,139340
228,18,139340,3495013885,131072,131072,131072,0,131072,4294827955,4294967295,1692403712
228,19,1692403712,3495013885,614465536,10485760,8388608,0,8388608,2602563583,4294967295,139340
228,20,139340,3495013885,131072,131072,131072,0,131072,4294827955,4294967295,1692403712
229,0,2757235520,1791886303,2503080992,19927040,1048576,1,0,4294967295,2215645184,1642726233
229,1,1642726233,1791886303,2503080992,19927040,1048576,1,0,4294967295,18874368,3839497049
230,0,1644726579,4036761467,258205828,33726464,33587200,0,33587200,33587200,2459213384,1611137331
230,1,1611137331,4036761467,258205828,33726464,33587200,0,33587200,33587200,2425624136,1644724531
230,2,1644724531,4036761467,258205828,33726464,33587200,0,33587200,33587200,2459211336,1611137331
230,3,1611137331,4036761467,258205828,33726464,33587200,0,33587200,33587200,2425624136,1644724531
230,4,1644724531,4036761467,258205828,33726464,33587200,0,33587200,33587200,2459211336,1611137331
230,5,1611137331,4036761467,258205828,33726464,33587200,0,33587200,33587200,2425624136,1644724531
230,6,1644724531,4036761467,258205828,33726464,33587200,0,33587200,33587200,2459211336,1611137331
230,7,1611137331,4036761467,258205828,33726464,33587200,0,33587200,33587200,2425624136,1644724531
230,8,1644724531,4036761467,258205828,33726464,33587200,0,33587200,33587200,2459211336,1611137331
230,9,1611137331,4036761467,258205828,33726464,33587200,0,33587200,33587200,2425624136,1644724531
230,10,1644724531,4036761467,258205828,33726464,33587200,0,33587200,33587200,2459211336,1611137331
230,11,1611137331,4036761467,258205828,33726464,33587200,0,33587200,33587200,2425624136,1644724531
230,12,1644724531,4036761467,258205828,33726464,33587200,0,33587200,33587200,2459211336,1611137331
230,13,1611137331,4036761467,258205828,33726464,33587200,0,33587200,33587200,2425624136,1644724531
230,14,1644724531,4036761467,258205828,33726464,33587200,0,33587200,33587200,2459211336,1611137331
231,0,547750244,1985851648,10616932,131136,131072,0,131072,1459204196,2309115647,1912865024
231,1,1912865024,1985851648,0,0,0,0,0,72986624,2309115647,1912865024
231,2,1912865024,1985851648,0,0,0,0,0,72986624,2309115647,1912865024
231,3,1912865024,1985851648,0,0,0,0,0,72986624,2309115647,1912865024
231,4,1912865024,1985851648,0,0,0,0,0,72986624,2309115647,1912865024
231,5,1912865024,1985851648,0,0,0,0,0,72986624,2309115647,1912865024
231,6,1912865024,1985851648,0,0,0,0,0,72986624,2309115647,1912865024
231,7,1912865024,1985851648,0,0,0,0,0,72986624,2309115647,1912865024
231,8,1912865024,1985851648,0,0,0,0,0,72986624,2309115647,1912865024
231,9,1912865024,1985851648,0,0,0,0,0,72986624,2309115647,1912865024
231,10,1912865024,1985851648,0,0,0,0,0,72986624,2309115647,1912865024
231,11,1912865024,1985851648,0,0,0,0,0,72986624,2309115647,1912865024
231,12,1912865024,1985851648,0,0,0,0,0,72986624,2309115647,1912865024
231,13,1912865024,1985851648,0,0,0,0,0,72986624,2309115647,1912865024
231,14,1912865024,1985851648,0,0,0,0,0,72986624,2309115647,1912865024
231,15,1912865024,1985851648,0,0,0,0,0,72986624,2309115647,1912865024
231,16,1912865024,1985851648,0,0,0,0,0,72986624,2309115647,1912865024
231,17,1912865024,1985851648,0,0,0,0,0,72986624,2309115647,1912865024
231,18,1912865024,1985851648,0,0,0,0,0,72986624,2309115647,1912865024
231,19,1912865024,1985851648,0,0,0,0,0,72986624,2309115647,1912865024
231,20,1912865024,1985851648,0,0,0,0,0,72986624,2309115647,1912865024
231,21,1912865024,1985851648,0,0,0,0,0,72986624,2309115647,1912865024
231,22,1912865024,1985851648,0,0,0,0,0,72986624,2309115647,1912865024
231,23,1912865024,1985851648,0,0,0,0,0,72986624,2309115647,1912865024
231,24,1912865024,1985851648,0,0,0,0,0,72986624,2309115647,1912865024
231,25,1912865024,1985851648,0,0,0,0,0,72986624,2309115647,1912865024
231,26,1912865024,1985851648,0,0,0,0,0,72986624,2309115647,1912865024
231,27,1912865024,1985851648,0,0,0,0,0,72986624,2309115647,1912865024
232,0,3310425088,3815992638,411861697,524416,524416,0,524416,0,4294967295,0
232,1,0,3815992638,478974657,67633280,524416,0,524416,0,4294967295,0
232,2,0,3815992638,478974657,67633280,524416,0,524416,0,4294967295,0
232,3,0,3815992638,478974657,67633280,524416,0,524416,0,4294967295,0
232,4,0,3815992638,478974657,67633280,524416,0,524416,0,4294967295,0
232,5,0,3815992638,478974657,67633280,524416,0,524416,0,4294967295,0
232,6,0,3815992638,478974657,67633280,524416,0,524416,0,4294967295,0
232,7,0,3815992638,478974657,67633280,524416,0,524416,0,4294967295,0
232,8,0,3815992638,478974657,67633280,524416,0,524416,0,4294967295,0
233,0,1207959557,2841420623,3915162447,138420553,138412296,2,0,4294967295,3780944714,423657423
233,1,423657423,2841420623,3109879759,406873417,138412296,2,0,4294967295,2954681472,1228940111
233,2,1228940111,2841420623,3915162447,138420553,138412296,2,0,4294967295,3759964160,423657423
233,3,423657423,2841420623,3109879759,406873417,138412296,2,0,4294967295,2954681472,1228940111
233,4,1228940111,2841420623,3915162447,138420553,138412296,2,0,4294967295,3759964160,423657423
233,5,423657423,2841420623,3109879759,406873417,138412296,2,0,4294967295,2954681472,1228940111
233,6,1228940111,2841420623,3915162447,138420553,138412296,2,0,4294967295,3759964160,423657423
233,7,423657423,2841420623,3109879759,406873417,138412296,2,0,4294967295,2954681472,1228940111
233,8,1228940111,2841420623,3915162447,138420553,138412296,2,0,4294967295,3759964160,423657423
233,9,423657423,2841420623,3109879759,406873417,138412296,2,0,4294967295,2954681472,1228940111
233,10,1228940111,2841420623,3915162447,138420553,138412296,2,0,4294967295,3759964160,423657423
233,11,423657423,2841420623,3109879759,406873417,138412296,2,0,4294967295,2954681472,1228940111
233,12,1228940111,2841420623,3915162447,138420553,138412296,2,0,4294967295,3759964160,423657423
233,13,423657423,2841420623,3109879759,406873417,138412296,2,0,4294967295,2954681472,1228940111
233,14,1228940111,2841420623,3915162447,138420553,138412296,2,0,4294967295,3759964160,423657423
233,15,423657423,2841420623,3109879759,406873417,138412296,2,0,4294967295,2954681472,1228940111
233,16,1228940111,2841420623,3915162447,138420553,138412296,2,0,4294967295,3759964160,423657423
233,17,423657423,2841420623,3109879759,406873417,138412296,2,0,4294967295,2954681472,1228940111
233,18,1228940111,2841420623,3915162447,138420553,138412296,2,0,4294967295,3759964160,423657423
233,19,423657423,2841420623,3109879759,406873417,138412296,2,0,4294967295,2954681472,1228940111
233,20,1228940111,2841420623,3915162447,138420553,138412296,2,0,4294967295,3759964160,423657423
233,21,423657423,2841420623,3109879759,406873417,138412296,2,0,4294967295,2954681472,1228940111
234,0,305866257,405434946,271196672,139776,131072,0,131072,131072,3889532349,271196672
234,1,271196672,405434946,271196672,139776,131072,0,131072,131072,3889532349,271196672
234,2,271196672,405434946,271196672,139776,131072,0,131072,131072,3889532349,271196672
235,0,942703008,2276401131,2274303563,67698688,67633152,2,0,2276401131,3214909003,78189536
235,1,78189536,2276401131,2198211595,0,0,0,0,2276401131,2198211595,78189536
235,2,78189536,2276401131,2198211595,0,0,0,0,2276401131,2198211595,78189536
235,3,78189536,2276401131,2198211595,0,0,0,0,2276401131,2198211595,78189536
235,4,78189536,2276401131,2198211595,0,0,0,0,2276401131,2198211595,78189536
235,5,78189536,2276401131,2198211595,0,0,0,0,2276401131,2198211595,78189536
235,6,78189536,2276401131,2198211595,0,0,0,0,2276401131,2198211595,78189536
235,7,78189536,2276401131,2198211595,0,0,0,0,2276401131,2198211595,78189536
235,8,78189536,2276401131,2198211595,0,0,0,0,2276401131,2198211595,78189536
235,9,78189536,2276401131,2198211595,0,0,0,0,2276401131,2198211595,78189536
235,10,78189536,2276401131,2198211595,0,0,0,0,2276401131,2198211595,78189536
235,11,78189536,2276401131,2198211595,0,0,0,0,2276401131,2198211595,78189536
235,12,78189536,2276401131,2198211595,0,0,0,0,2276401131,2198211595,78189536
235,13,78189536,2276401131,2198211595,0,0,0,0,2276401131,2198211595,78189536
235,14,78189536,2276401131,2198211595,0,0,0,0,2276401131,2198211595,78189536
235,15,78189536,2276401131,2198211595,0,0,0,0,2276401131,2198211595,78189536
236,0,2181320352,1955864399,2181054624,2181038112,0,0,0,4294967295,2181320352,805470465
236,1,805470465,1955864399,163840,131072,131072,0,131072,4294967295,805339393,2181451424
236,2,2181451424,1955864399,2181185696,2181169184,131072,0,131072,4294967295,2181320352,805470465
236,3,805470465,1955864399,163840,131072,131072,0,131072,4294967295,805339393,2181451424
236,4,2181451424,1955864399,2181185696,2181169184,131072,0,131072,4294967295,2181320352,805470465
236,5,805470465,1955864399,163840,131072,131072,0,131072,4294967295,805339393,2181451424
236,6,2181451424,1955864399,2181185696,2181169184,131072,0,131072,4294967295,2181320352,805470465
236,7,805470465,1955864399,163840,131072,131072,0,131072,4294967295,805339393,2181451424
236,8,2181451424,1955864399,2181185696,2181169184,131072,0,131072,4294967295,2181320352,805470465
236,9,805470465,1955864399,163840,131072,131072,0,131072,4294967295,805339393,2181451424
236,10,2181451424,1955864399,2181185696,2181169184,131072,0,131072,4294967295,2181320352,805470465
236,11,805470465,1955864399,163840,131072,131072,0,131072,4294967295,805339393,2181451424
236,12,2181451424,1955864399,2181185696,2181169184,131072,0,131072,4294967295,2181320352,805470465
236,13,805470465,1955864399,163840,131072,131072,0,131072,4294967295,805339393,2181451424
236,14,2181451424,1955864399,2181185696,2181169184,131072,0,131072,4294967295,2181320352,805470465
236,15,805470465,1955864399,163840,131072,131072,0,131072,4294967295,805339393,2181451424
236,16,2181451424,1955864399,2181185696,2181169184,131072,0,131072,4294967295,2181320352,805470465
236,17,805470465,1955864399,163840,131072,131072,0,131072,4294967295,805339393,2181451424
236,18,2181451424,1955864399,2181185696,2181169184,131072,0,131072,4294967295,2181320352,805470465
236,19,805470465,1955864399,163840,131072,131072,0,131072,4294967295,805339393,2181451424
236,20,2181451424,1955864399,2181185696,2181169184,131072,0,131072,4294967295,2181320352,805470465
236,21,805470465,1955864399,163840,131072,131072,0,131072,4294967295,805339393,2181451424
236,22,2181451424,1955864399,2181185696,2181169184,131072,0,131072,4294967295,2181320352,805470465
236,23,805470465,1955864399,163840,131072,131072,0,131072,4294967295,805339393,2181451424
236,24,2181451424,1955864399,2181185696,2181169184,131072,0,131072,4294967295,2181320352,805470465
236,25,805470465,1955864399,163840,131072,131072,0,131072,4294967295,805339393,2181451424
236,26,2181451424,1955864399,2181185696,2181169184,131072,0,131072,4294967295,2181320352,805470465
236,27,805470465,1955864399,163840,131072,131072,0,131072,4294967295,805339393,2181451424
236,28,2181451424,1955864399,2181185696,2181169184,131072,0,131072,4294967295,2181320352,805470465
237,0,1296107548,104526055,1333524735,1096908816,18874368,1,0,0,4294967295,0
237,1,0,104526055,104526055,2129920,2097152,0,2097152,0,4294967295,0
237,2,0,104526055,104526055,2129920,2097152,0,2097152,0,4294967295,0
237,3,0,104526055,104526055,2129920,2097152,0,2097152,0,4294967295,0
237,4,0,104526055,104526055,2129920,2097152,0,2097152,0,4294967295,0
237,5,0,104526055,104526055,2129920,2097152,0,2097152,0,4294967295,0
237,6,0,104526055,104526055,2129920,2097152,0,2097152,0,4294967295,0
237,7,0,104526055,104526055,2129920,2097152,0,2097152,0,4294967295,0
237,8,0,104526055,104526055,2129920,2097152,0,2097152,0,4294967295,0
237,9,0,104526055,104526055,2129920,2097152,0,2097152,0,4294967295,0
238,0,281412644,1728839391,1728839391,33719377,33685569,0,33685569,0,314966113,1028
238,1,1028,1728839391,1728839391,33719377,33685569,0,33685569,0,33685569,1028
238,2,1028,1728839391,1728839391,33719377,33685569,0,33685569,0,33685569,1028
238,3,1028,1728839391,1728839391,33719377,33685569,0,33685569,0,33685569,1028
238,4,1028,1728839391,1728839391,33719377,33685569,0,33685569,0,33685569,1028
238,5,1028,1728839391,1728839391,33719377,33685569,0,33685569,0,33685569,1028
238,6,1028,1728839391,1728839391,33719377,33685569,0,33685569,0,33685569,1028
238,7,1028,1728839391,1728839391,33719377,33685569,0,33685569,0,33685569,1028
238,8,1028,1728839391,1728839391,33719377,33685569,0,33685569,0,33685569,1028
238,9,1028,1728839391,1728839391,33719377,33685569,0,33685569,0,33685569,1028
238,10,1028,1728839391,1728839391,33719377,33685569,0,33685569,0,33685569,1028
238,11,1028,1728839391,1728839391,33719377,33685569,0,33685569,0,33685569,1028
238,12,1028,1728839391,1728839391,33719377,33685569,0,33685569,0,33685569,1028
238,13,1028,1728839391,1728839391,33719377,33685569,0,33685569,0,33685569,1028
238,14,1028,1728839391,1728839391,33719377,33685569,0,33685569,0,33685569,1028
238,15,1028,1728839391,1728839391,33719377,33685569,0,33685569,0,33685569,1028
238,16,1028,1728839391,1728839391,33719377,33685569,0,33685569,0,33685569,1028
238,17,1028,1728839391,1728839391,33719377,33685569,0,33685569,0,33685569,1028
238,18,1028,1728839391,1728839391,33719377,33685569,0,33685569,0,33685569,1028
238,19,1028,1728839391,1728839391,33719377,33685569,0,33685569,0,33685569,1028
238,20,1028,1728839391,1728839391,33719377,33685569,0,33685569,0,33685569,1028
238,21,1028,1728839391,1728839391,33719377,33685569,0,33685569,0,33685569,1028
238,22,1028,1728839391,1728839391,33719377,33685569,0,33685569,0,33685569,1028
239,0,134251082,3404511277,578,576,576,1,0,3404511855,3270261351,1245741068
239,1,1245741068,3404511277,0,0,0,0,0,3404511277,2158770209,1245741068
239,2,1245741068,3404511277,0,0,0,0,0,3404511277,2158770209,1245741068
239,3,1245741068,3404511277,0,0,0,0,0,3404511277,2158770209,1245741068
240,0,151294552,3930791961,4160749543,16810560,16777792,0,16777792,4294967295,364175334,412164410
240,1,412164410,3930791961,4160675815,16810560,16777792,0,16777792,4294967295,364175334,151368280
240,2,151368280,3930791961,4160675815,16810560,16777792,0,16777792,4294967295,364175334,412164410
240,3,412164410,3930791961,4160675815,16810560,16777792,0,16777792,4294967295,364175334,151368280
240,4,151368280,3930791961,4160675815,16810560,16777792,0,16777792,4294967295,364175334,412164410
240,5,412164410,3930791961,4160675815,16810560,16777792,0,16777792,4294967295,364175334,151368280
240,6,151368280,3930791961,4160675815,16810560,16777792,0,16777792,4294967295,364175334,412164410
240,7,412164410,3930791961,4160675815,16810560,16777792,0,16777792,4294967295,364175334,151368280
240,8,151368280,3930791961,4160675815,16810560,16777792,0,16777792,4294967295,364175334,412164410
240,9,412164410,3930791961,4160675815,16810560,16777792,0,16777792,4294967295,364175334,151368280
240,10,151368280,3930791961,4160675815,16810560,16777792,0,16777792,4294967295,364175334,412164410
240,11,412164410,3930791961,4160675815,16810560,16777792,0,16777792,4294967295,364175334,151368280
240,12,151368280,3930791961,4160675815,16810560,16777792,0,16777792,4294967295,364175334,412164410
240,13,412164410,3930791961,4160675815,16810560,16777792,0,16777792,4294967295,364175334,151368280
240,14,151368280,3930791961,4160675815,16810560,16777792,0,16777792,4294967295,364175334,412164410
240,15,412164410,3930791961,4160675815,16810560,16777792,0,16777792,4294967295,364175334,151368280
240,16,151368280,3930791961,4160675815,16810560,16777792,0,16777792,4294967295,364175334,412164410
241,0,135929893,2752446598,2751791234,537133056,262144,1,0,4294967295,4294967295,570753088
241,1,570753088,2752446598,2215248006,524292,524288,1,0,4294967295,4294967295,135929893
241,2,135929893,2752446598,2751791234,537133056,262144,1,0,4294967295,4294967295,570753088
241,3,570753088,2752446598,2215248006,524292,524288,1,0,4294967295,4294967295,135929893
241,4,135929893,2752446598,2751791234,537133056,262144,1,0,4294967295,4294967295,570753088
241,5,570753088,2752446598,2215248006,524292,524288,1,0,4294967295,4294967295,135929893
241,6,135929893,2752446598,2751791234,537133056,262144,1,0,4294967295,4294967295,570753088
241,7,570753088,2752446598,2215248006,524292,524288,1,0,4294967295,4294967295,135929893
241,8,135929893,2752446598,2751791234,537133056,262144,1,0,4294967295,4294967295,570753088
241,9,570753088,2752446598,2215248006,524292,524288,1,0,4294967295,4294967295,135929893
241,10,135929893,2752446598,2751791234,537133056,262144,1,0,4294967295,4294967295,570753088
241,11,570753088,2752446598,2215248006,524292,524288,1,0,4294967295,4294967295,135929893
241,12,135929893,2752446598,2751791234,537133056,262144,1,0,4294967295,4294967295,570753088
241,13,570753088,2752446598,2215248006,524292,524288,1,0,4294967295,4294967295,135929893
241,14,135929893,2752446598,2751791234,537133056,262144,1,0,4294967295,4294967295,570753088
241,15,570753088,2752446598,2215248006,524292,524288,1,0,4294967295,4294967295,135929893
241,16,135929893,2752446598,2751791234,537133056,262144,1,0,4294967295,4294967295,570753088
241,17,570753088,2752446598,2215248006,524292,524288,1,0,4294967295,4294967295,135929893
241,18,135929893,2752446598,2751791234,537133056,262144,1,0,4294967295,4294967295,570753088
241,19,570753088,2752446598,2215248006,524292,524288,1,0,4294967295,4294967295,135929893
241,20,135929893,2752446598,2751791234,537133056,262144,1,0,4294967295,4294967295,570753088
241,21,570753088,2752446598,2215248006,524292,524288,1,0,4294967295,4294967295,135929893
241,22,135929893,2752446598,2751791234,537133056,262144,1,0,4294967295,4294967295,570753088
241,23,570753088,2752446598,2215248006,524292,524288,1,0,4294967295,4294967295,135929893
241,24,135929893,2752446598,2751791234,537133056,262144,1,0,4294967295,4294967295,570753088
241,25,570753088,2752446598,2215248006,524292,524288,1,0,4294967295,4294967295,135929893
241,26,135929893,2752446598,2751791234,537133056,262144,1,0,4294967295,4294967295,570753088
241,27,570753088,2752446598,2215248006,524292,524288,1,0,4294967295,4294967295,135929893
241,28,135929893,2752446598,2751791234,537133056,262144,1,0,4294967295,4294967295,570753088
241,29,570753088,2752446598,2215248006,524292,524288,1,0,4294967295,4294967295,135929893
242,0,1828749449,484770798,484770798,75497608,128,0,128,128,1910866919,201326600
242,1,201326600,484770798,484770798,75497608,128,0,128,0,283444070,201326600
242,2,201326600,484770798,484770798,75497608,128,0,128,0,283444070,201326600
242,3,201326600,484770798,484770798,75497608,128,0,128,0,283444070,201326600
242,4,201326600,484770798,484770798,75497608,128,0,128,0,283444070,201326600
242,5,201326600,484770798,484770798,75497608,128,0,128,0,283444070,201326600
242,6,201326600,484770798,484770798,75497608,128,0,128,0,283444070,201326600
242,7,201326600,484770798,484770798,75497608,128,0,128,0,283444070,201326600
242,8,201326600,484770798,484770798,75497608,128,0,128,0,283444070,201326600
242,9,201326600,484770798,484770798,75497608,128,0,128,0,283444070,201326600
242,10,201326600,484770798,484770798,75497608,128,0,128,0,283444070,201326600
243,0,2417001036,3550878186,2415919176,0,0,0,0,3551960046,0,2467332812
243,1,2467332812,3550878186,2466250952,0,0,0,0,3551960046,0,2467332812
243,2,2467332812,3550878186,2466250952,0,0,0,0,3551960046,0,2467332812
243,3,2467332812,3550878186,2466250952,0,0,0,0,3551960046,0,2467332812
243,4,2467332812,3550878186,2466250952,0,0,0,0,3551960046,0,2467332812
243,5,2467332812,3550878186,2466250952,0,0,0,0,3551960046,0,2467332812
243,6,2467332812,3550878186,2466250952,0,0,0,0,3551960046,0,2467332812
243,7,2467332812,3550878186,2466250952,0,0,0,0,3551960046,0,2467332812
243,8,2467332812,3550878186,2466250952,0,0,0,0,3551960046,0,2467332812
243,9,2467332812,3550878186,2466250952,0,0,0,0,3551960046,0,2467332812
243,10,2467332812,3550878186,2466250952,0,0,0,0,3551960046,0,2467332812
243,11,2467332812,3550878186,2466250952,0,0,0,0,3551960046,0,2467332812
243,12,2467332812,3550878186,2466250952,0,0,0,0,3551960046,0,2467332812
243,13,2467332812,3550878186,2466250952,0,0,0,0,3551960046,0,2467332812
243,14,2467332812,3550878186,2466250952,0,0,0,0,3551960046,0,2467332812
243,15,2467332812,3550878186,2466250952,0,0,0,0,3551960046,0,2467332812
243,16,2467332812,3550878186,2466250952,0,0,0,0,3551960046,0,2467332812
243,17,2467332812,3550878186,2466250952,0,0,0,0,3551960046,0,2467332812
243,18,2467332812,3550878186,2466250952,0,0,0,0,3551960046,0,2467332812
243,19,2467332812,3550878186,2466250952,0,0,0,0,3551960046,0,2467332812
243,20,2467332812,3550878186,2466250952,0,0,0,0,3551960046,0,2467332812
243,21,2467332812,3550878186,2466250952,0,0,0,0,3551960046,0,2467332812
243,22,2467332812,3550878186,2466250952,0,0,0,0,3551960046,0,2467332812
243,23,2467332812,3550878186,2466250952,0,0,0,0,3551960046,0,2467332812
244,0,1486897154,3873351210,0,0,0,0,0,3873351210,404766720,3231327242
244,1,3231327242,3873351210,0,0,0,0,0,3873351210,0,3231327242
244,2,3231327242,3873351210,0,0,0,0,0,3873351210,0,3231327242
244,3,3231327242,3873351210,0,0,0,0,0,3873351210,0,3231327242
244,4,3231327242,3873351210,0,0,0,0,0,3873351210,0,3231327242
245,0,29427794,43056692,4265539501,1048609,33,1,0,8390672,34666020,29427794
245,1,29427794,43056692,4265539501,1048609,33,1,0,8390672,34666020,29427794
245,2,29427794,43056692,4265539501,1048609,33,1,0,8390672,34666020,29427794
245,3,29427794,43056692,4265539501,1048609,33,1,0,8390672,34666020,29427794
245,4,29427794,43056692,4265539501,1048609,33,1,0,8390672,34666020,29427794
245,5,29427794,43056692,4265539501,1048609,33,1,0,8390672,34666020,29427794
245,6,29427794,43056692,4265539501,1048609,33,1,0,8390672,34666020,29427794
245,7,29427794,43056692,4265539501,1048609,33,1,0,8390672,34666020,29427794
245,8,29427794,43056692,4265539501,1048609,33,1,0,8390672,34666020,29427794
245,9,29427794,43056692,4265539501,1048609,33,1,0,8390672,34666020,29427794
245,10,29427794,43056692,4265539501,1048609,33,1,0,8390672,34666020,29427794
245,11,29427794,43056692,4265539501,1048609,33,1,0,8390672,34666020,29427794
245,12,29427794,43056692,4265539501,1048609,33,1,0,8390672,34666020,29427794
245,13,29427794,43056692,4265539501,1048609,33,1,0,8390672,34666020,29427794
245,14,29427794,43056692,4265539501,1048609,33,1,0,8390672,34666020,29427794
245,15,29427794,43056692,4265539501,1048609,33,1,0,8390672,34666020,29427794
245,16,29427794,43056692,4265539501,1048609,33,1,0,8390672,34666020,29427794
245,17,29427794,43056692,4265539501,1048609,33,1,0,8390672,34666020,29427794
246,0,3255304704,3429657888,241463072,201326592,134217728,0,134217728,3255304704,1039662591,3255304704
246,1,3255304704,3429657888,241463072,201326592,134217728,0,134217728,3255304704,1039662591,3255304704
246,2,3255304704,3429657888,241463072,201326592,134217728,0,134217728,3255304704,1039662591,3255304704
246,3,3255304704,3429657888,241463072,201326592,134217728,0,134217728,3255304704,1039662591,3255304704
246,4,3255304704,3429657888,241463072,201326592,134217728,0,134217728,3255304704,1039662591,3255304704
246,5,3255304704,3429657888,241463072,201326592,134217728,0,134217728,3255304704,1039662591,3255304704
246,6,3255304704,3429657888,241463072,201326592,134217728,0,134217728,3255304704,1039662591,3255304704
246,7,3255304704,3429657888,241463072,201326592,134217728,0,134217728,3255304704,1039662591,3255304704
246,8,3255304704,3429657888,241463072,201326592,134217728,0,134217728,3255304704,1039662591,3255304704
246,9,3255304704,3429657888,241463072,201326592,134217728,0,134217728,3255304704,1039662591,3255304704
246,10,3255304704,3429657888,241463072,201326592,134217728,0,134217728,3255304704,1039662591,3255304704
246,11,3255304704,3429657888,241463072,201326592,134217728,0,134217728,3255304704,1039662591,3255304704
246,12,3255304704,3429657888,241463072,201326592,134217728,0,134217728,3255304704,1039662591,3255304704
246,13,3255304704,3429657888,241463072,201326592,134217728,0,134217728,3255304704,1039662591,3255304704
246,14,3255304704,3429657888,241463072,201326592,134217728,0,134217728,3255304704,1039662591,3255304704
246,15,3255304704,3429657888,241463072,201326592,134217728,0,134217728,3255304704,1039662591,3255304704
246,16,3255304704,3429657888,241463072,201326592,134217728,0,134217728,3255304704,1039662591,3255304704
246,17,3255304704,3429657888,241463072,201326592,134217728,0,134217728,3255304704,1039662591,3255304704
246,18,3255304704,3429657888,241463072,201326592,134217728,0,134217728,3255304704,1039662591,3255304704
246,19,3255304704,3429657888,241463072,201326592,134217728,0,134217728,3255304704,1039662591,3255304704
246,20,3255304704,3429657888,241463072,201326592,134217728,0,134217728,3255304704,1039662591,3255304704
246,21,3255304704,3429657888,241463072,201326592,134217728,0,134217728,3255304704,1039662591,3255304704
246,22,3255304704,3429657888,241463072,201326592,134217728,0,134217728,3255304704,1039662591,3255304704
246,23,3255304704,3429657888,241463072,201326592,134217728,0,134217728,3255304704,1039662591,3255304704
246,24,3255304704,3429657888,241463072,201326592,134217728,0,134217728,3255304704,1039662591,3255304704
246,25,3255304704,3429657888,241463072,201326592,134217728,0,134217728,3255304704,1039662591,3255304704
246,26,3255304704,3429657888,241463072,201326592,134217728,0,134217728,3255304704,1039662591,3255304704
246,27,3255304704,3429657888,241463072,201326592,134217728,0,134217728,3255304704,1039662591,3255304704
246,28,3255304704,3429657888,241463072,201326592,134217728,0,134217728,3255304704,1039662591,3255304704
246,29,3255304704,3429657888,241463072,201326592,134217728,0,134217728,3255304704,1039662591,3255304704
246,30,3255304704,3429657888,241463072,201326592,134217728,0,134217728,3255304704,1039662591,3255304704
247,0,8736931,408746682,416918041,0,0,0,0,417200827,408463896,9261219
247,1,9261219,408746682,416393753,0,0,0,0,417200827,407939608,9261219
247,2,9261219,408746682,416393753,0,0,0,0,417200827,407939608,9261219
247,3,9261219,408746682,416393753,0,0,0,0,417200827,407939608,9261219
247,4,9261219,408746682,416393753,0,0,0,0,417200827,407939608,9261219
247,5,9261219,408746682,416393753,0,0,0,0,417200827,407939608,9261219
247,6,9261219,408746682,416393753,0,0,0,0,417200827,407939608,9261219
247,7,9261219,408746682,416393753,0,0,0,0,417200827,407939608,9261219
247,8,9261219,408746682,416393753,0,0,0,0,417200827,407939608,9261219
247,9,9261219,408746682,416393753,0,0,0,0,417200827,407939608,9261219
247,10,9261219,408746682,416393753,0,0,0,0,417200827,407939608,9261219
247,11,9261219,408746682,416393753,0,0,0,0,417200827,407939608,9261219
248,0,1091068712,1101783773,1091068424,1090543616,8192,0,8192,8192,1091068424,288
248,1,288,1101783773,0,0,0,0,0,0,0,288
248,2,288,1101783773,0,0,0,0,0,0,0,288
248,3,288,1101783773,0,0,0,0,0,0,0,288
248,4,288,1101783773,0,0,0,0,0,0,0,288
248,5,288,1101783773,0,0,0,0,0,0,0,288
248,6,288,1101783773,0,0,0,0,0,0,0,288
248,7,288,1101783773,0,0,0,0,0,0,0,288
248,8,288,1101783773,0,0,0,0,0,0,0,288
248,9,288,1101783773,0,0,0,0,0,0,0,288
248,10,288,1101783773,0,0,0,0,0,0,0,288
248,11,288,1101783773,0,0,0,0,0,0,0,288
248,12,288,1101783773,0,0,0,0,0,0,0,288
248,13,288,1101783773,0,0,0,0,0,0,0,288
248,14,288,1101783773,0,0,0,0,0,0,0,288
248,15,288,1101783773,0,0,0,0,0,0,0,288
248,16,288,1101783773,0,0,0,0,0,0,0,288
248,17,288,1101783773,0,0,0,0,0,0,0,288
248,18,288,1101783773,0,0,0,0,0,0,0,288
248,19,288,1101783773,0,0,0,0,0,0,0,288
248,20,288,1101783773,0,0,0,0,0,0,0,288
248,21,288,1101783773,0,0,0,0,0,0,0,288
248,22,288,1101783773,0,0,0,0,0,0,0,288
248,23,288,1101783773,0,0,0,0,0,0,0,288
248,24,288,1101783773,0,0,0,0,0,0,0,288
249,0,268501256,1900700587,1632330403,65536,65536,1,0,1632264867,4294967295,16785408
249,1,16785408,1900700587,1883915179,0,0,0,0,1883915179,4294967295,268435720
249,2,268435720,1900700587,1632264867,0,0,0,0,1632264867,4294967295,16785408
249,3,16785408,1900700587,1883915179,0,0,0,0,1883915179,4294967295,268435720
249,4,268435720,1900700587,1632264867,0,0,0,0,1632264867,4294967295,16785408
249,5,16785408,1900700587,1883915179,0,0,0,0,1883915179,4294967295,268435720
250,0,3306431521,3337892215,16778240,1024,0,0,0,65017174,4294967295,41943044
250,1,41943044,3337892215,0,0,0,0,0,3295949171,4294967295,3289653281
250,2,3289653281,3337892215,0,0,0,0,0,48238934,4294967295,41943044
250,3,41943044,3337892215,0,0,0,0,0,3295949171,4294967295,3289653281
250,4,3289653281,3337892215,0,0,0,0,0,48238934,4294967295,41943044
250,5,41943044,3337892215,0,0,0,0,0,3295949171,4294967295,3289653281
250,6,3289653281,3337892215,0,0,0,0,0,48238934,4294967295,41943044
250,7,41943044,3337892215,0,0,0,0,0,3295949171,4294967295,3289653281
250,8,3289653281,3337892215,0,0,0,0,0,48238934,4294967295,41943044
250,9,41943044,3337892215,0,0,0,0,0,3295949171,4294967295,3289653281
250,10,3289653281,3337892215,0,0,0,0,0,48238934,4294967295,41943044
250,11,41943044,3337892215,0,0,0,0,0,3295949171,4294967295,3289653281
250,12,3289653281,3337892215,0,0,0,0,0,48238934,4294967295,41943044
250,13,41943044,3337892215,0,0,0,0,0,3295949171,4294967295,3289653281
250,14,3289653281,3337892215,0,0,0,0,0,48238934,4294967295,41943044
250,15,41943044,3337892215,0,0,0,0,0,3295949171,4294967295,3289653281
250,16,3289653281,3337892215,0,0,0,0,0,48238934,4294967295,41943044
250,17,41943044,3337892215,0,0,0,0,0,3295949171,4294967295,3289653281
250,18,3289653281,3337892215,0,0,0,0,0,48238934,4294967295,41943044
251,0,205785162,2091555945,4093638583,4243494,16388,1,0,2091555945,0,208046186
251,1,208046186,2091555945,4091377559,4210694,16388,1,0,2091555945,0,208046186
251,2,208046186,2091555945,4091377559,4210694,16388,1,0,2091555945,0,208046186
251,3,208046186,2091555945,4091377559,4210694,16388,1,0,2091555945,0,208046186
251,4,208046186,2091555945,4091377559,4210694,16388,1,0,2091555945,0,208046186
251,5,208046186,2091555945,4091377559,4210694,16388,1,0,2091555945,0,208046186
251,6,208046186,2091555945,4091377559,4210694,16388,1,0,2091555945,0,208046186
251,7,208046186,2091555945,4091377559,4210694,16388,1,0,2091555945,0,208046186
251,8,208046186,2091555945,4091377559,4210694,16388,1,0,2091555945,0,208046186
251,9,208046186,2091555945,4091377559,4210694,16388,1,0,2091555945,0,208046186
251,10,208046186,2091555945,4091377559,4210694,16388,1,0,2091555945,0,208046186
251,11,208046186,2091555945,4091377559,4210694,16388,1,0,2091555945,0,208046186
251,12,208046186,2091555945,4091377559,4210694,16388,1,0,2091555945,0,208046186
251,13,208046186,2091555945,4091377559,4210694,16388,1,0,2091555945,0,208046186
251,14,208046186,2091555945,4091377559,4210694,16388,1,0,2091555945,0,208046186
251,15,208046186,2091555945,4091377559,4210694,16388,1,0,2091555945,0,208046186
251,16,208046186,2091555945,4091377559,4210694,16388,1,0,2091555945,0,208046186
251,17,208046186,2091555945,4091377559,4210694,16388,1,0,2091555945,0,208046186
251,18,208046186,2091555945,4091377559,4210694,16388,1,0,2091555945,0,208046186
251,19,208046186,2091555945,4091377559,4210694,16388,1,0,2091555945,0,208046186
251,20,208046186,2091555945,4091377559,4210694,16388,1,0,2091555945,0,208046186
251,21,208046186,2091555945,4091377559,4210694,16388,1,0,2091555945,0,208046186
251,22,208046186,2091555945,4091377559,4210694,16388,1,0,2091555945,0,208046186
251,23,208046186,2091555945,4091377559,4210694,16388,1,0,2091555945,0,208046186
251,24,208046186,2091555945,4091377559,4210694,16388,1,0,2091555945,0,208046186
251,25,208046186,2091555945,4091377559,4210694,16388,1,0,2091555945,0,208046186
251,26,208046186,2091555945,4091377559,4210694,16388,1,0,2091555945,0,208046186
251,27,208046186,2091555945,4091377559,4210694,16388,1,0,2091555945,0,208046186
251,28,208046186,2091555945,4091377559,4210694,16388,1,0,2091555945,0,208046186
251,29,208046186,2091555945,4091377559,4210694,16388,1,0,2091555945,0,208046186
251,30,208046186,2091555945,4091377559,4210694,16388,1,0,2091555945,0,208046186
251,31,208046186,2091555945,4091377559,4210694,16388,1,0,2091555945,0,208046186
252,0,738197905,2658437139,1099658860,525312,525312,0,525312,3195833747,3195833747,2657282
252,1,2657282,2658437139,1636004844,0,0,0,0,2658962451,2658962451,201326609
252,2,201326609,2658437139,1636530156,525312,525312,0,525312,2658962451,2658962451,2657282
252,3,2657282,2658437139,1636004844,0,0,0,0,2658962451,2658962451,201326609
252,4,201326609,2658437139,1636530156,525312,525312,0,525312,2658962451,2658962451,2657282
252,5,2657282,2658437139,1636004844,0,0,0,0,2658962451,2658962451,201326609
252,6,201326609,2658437139,1636530156,525312,525312,0,525312,2658962451,2658962451,2657282
252,7,2657282,2658437139,1636004844,0,0,0,0,2658962451,2658962451,201326609
252,8,201326609,2658437139,1636530156,525312,525312,0,525312,2658962451,2658962451,2657282
252,9,2657282,2658437139,1636004844,0,0,0,0,2658962451,2658962451,201326609
252,10,201326609,2658437139,1636530156,525312,525312,0,525312,2658962451,2658962451,2657282
252,11,2657282,2658437139,1636004844,0,0,0,0,2658962451,2658962451,201326609
252,12,201326609,2658437139,1636530156,525312,525312,0,525312,2658962451,2658962451,2657282
253,0,268993024,2573843222,2304850198,2147483904,0,0,0,2304850198,268993024,2300584192
253,1,2300584192,2573843222,273259030,557056,32768,0,32768,273226262,2300584192,268960256
253,2,268960256,2573843222,2304882966,2147516672,32768,0,32768,2304850198,268960256,2300584192
253,3,2300584192,2573843222,273259030,557056,32768,0,32768,273226262,2300584192,268960256
253,4,268960256,2573843222,2304882966,2147516672,32768,0,32768,2304850198,268960256,2300584192
253,5,2300584192,2573843222,273259030,557056,32768,0,32768,273226262,2300584192,268960256
253,6,268960256,2573843222,2304882966,2147516672,32768,0,32768,2304850198,268960256,2300584192
253,7,2300584192,2573843222,273259030,557056,32768,0,32768,273226262,2300584192,268960256
253,8,268960256,2573843222,2304882966,2147516672,32768,0,32768,2304850198,268960256,2300584192
253,9,2300584192,2573843222,273259030,557056,32768,0,32768,273226262,2300584192,268960256
253,10,268960256,2573843222,2304882966,2147516672,32768,0,32768,2304850198,268960256,2300584192
253,11,2300584192,2573843222,273259030,557056,32768,0,32768,273226262,2300584192,268960256
253,12,268960256,2573843222,2304882966,2147516672,32768,0,32768,2304850198,268960256,2300584192
253,13,2300584192,2573843222,273259030,557056,32768,0,32768,273226262,2300584192,268960256
253,14,268960256,2573843222,2304882966,2147516672,32768,0,32768,2304850198,268960256,2300584192
253,15,2300584192,2573843222,273259030,557056,32768,0,32768,273226262,2300584192,268960256
253,16,268960256,2573843222,2304882966,2147516672,32768,0,32768,2304850198,268960256,2300584192
253,17,2300584192,2573843222,273259030,557056,32768,0,32768,273226262,2300584192,268960256
253,18,268960256,2573843222,2304882966,2147516672,32768,0,32768,2304850198,268960256,2300584192
253,19,2300584192,2573843222,273259030,557056,32768,0,32768,273226262,2300584192,268960256
253,20,268960256,2573843222,2304882966,2147516672,32768,0,32768,2304850198,268960256,2300584192
253,21,2300584192,2573843222,273259030,557056,32768,0,32768,273226262,2300584192,268960256
253,22,268960256,2573843222,2304882966,2147516672,32768,0,32768,2304850198,268960256,2300584192
253,23,2300584192,2573843222,273259030,557056,32768,0,32768,273226262,2300584192,268960256
253,24,268960256,2573843222,2304882966,2147516672,32768,0,32768,2304850198,268960256,2300584192
253,25,2300584192,2573843222,273259030,557056,32768,0,32768,273226262,2300584192,268960256
254,0,13459522,32402525,32468063,616528,64,0,64,32402525,4262564770,13396049
254,1,13396049,32402525,32402525,550992,64,0,64,32402525,4262564770,13396049
254,2,13396049,32402525,32402525,550992,64,0,64,32402525,4262564770,13396049
254,3,13396049,32402525,32402525,550992,64,0,64,32402525,4262564770,13396049
254,4,13396049,32402525,32402525,550992,64,0,64,32402525,4262564770,13396049
254,5,13396049,32402525,32402525,550992,64,0,64,32402525,4262564770,13396049
254,6,13396049,32402525,32402525,550992,64,0,64,32402525,4262564770,13396049
255,0,1147273454,2942886819,1073872972,1073741832,1073741832,1,0,2942886819,73400482,1644299084
255,1,1644299084,2942886819,1073872972,1073741832,1073741832,1,0,2942886819,570426112,1147273454
255,2,1147273454,2942886819,1073872972,1073741832,1073741832,1,0,2942886819,73400482,1644299084
255,3,1644299084,2942886819,1073872972,1073741832,1073741832,1,0,2942886819,570426112,1147273454
255,4,1147273454,2942886819,1073872972,1073741832,1073741832,1,0,2942886819,73400482,1644299084
255,5,1644299084,2942886819,1073872972,1073741832,1073741832,1,0,2942886819,570426112,1147273454
255,6,1147273454,2942886819,1073872972,1073741832,1073741832,1,0,2942886819,73400482,1644299084
255,7,1644299084,2942886819,1073872972,1073741832,1073741832,1,0,2942886819,570426112,1147273454
255,8,1147273454,2942886819,1073872972,1073741832,1073741832,1,0,2942886819,73400482,1644299084
255,9,1644299084,2942886819,1073872972,1073741832,1073741832,1,0,2942886819,570426112,1147273454
255,10,1147273454,2942886819,1073872972,1073741832,1073741832,1,0,2942886819,73400482,1644299084
255,11,1644299084,2942886819,1073872972,1073741832,1073741832,1,0,2942886819,570426112,1147273454
255,12,1147273454,2942886819,1073872972,1073741832,1073741832,1,0,2942886819,73400482,1644299084
255,13,1644299084,2942886819,1073872972,1073741832,1073741832,1,0,2942886819,570426112,1147273454
255,14,1147273454,2942886819,1073872972,1073741832,1073741832,1,0,2942886819,73400482,1644299084
255,15,1644299084,2942886819,1073872972,1073741832,1073741832,1,0,2942886819,570426112,1147273454
255,16,1147273454,2942886819,1073872972,1073741832,1073741832,1,0,2942886819,73400482,1644299084
255,17,1644299084,2942886819,1073872972,1073741832,1073741832,1,0,2942886819,570426112,1147273454
255,18,1147273454,2942886819,1073872972,1073741832,1073741832,1,0,2942886819,73400482,1644299084
255,19,1644299084,2942886819,1073872972,1073741832,1073741832,1,0,2942886819,570426112,1147273454
256,0,621330753,2878815659,2878815659,545270784,10240,0,10240,2325167274,4294967295,2190748674
