seconds_after_cutoff,line_of_sight_error_deg,azimuth_error_deg,elevation_error_deg,range_error_m,reference_range_m,reference_elevation_deg,reference_visible
300.0,3.659222526188719e-06,3.6981645621381176e-06,1.006678896686708e-06,-1.1634164974093437,43732165.935511515,-17.956706648641635,False
600.0,3.637110644609682e-06,3.6900156317187793e-06,9.54380634965446e-07,-1.1925693973898888,43735405.995449565,-17.98747636705023,False
900.0,3.6142003877940738e-06,3.6799847293877974e-06,9.032562218180828e-07,-1.222544938325882,43738631.90212927,-18.01828680508995,False
1200.0,3.5895653770048374e-06,3.667932389816997e-06,8.501506805203007e-07,-1.2527830749750137,43741842.16283875,-18.049123917975937,False
1500.0,3.5638094953149352e-06,3.6536254413022107e-06,7.984022190044016e-07,-1.2822729647159576,43745035.29486083,-18.079973663103157,False
1800.0,3.5366514637124442e-06,3.6375746503836126e-06,7.446987382309089e-07,-1.3115727975964546,43748209.828094065,-18.110821992229997,False
2100.0,3.5097224959076797e-06,3.620757496491933e-06,6.922903139638947e-07,-1.3411914259195328,43751364.30402578,-18.14165487000347,False
2400.0,3.479874319900358e-06,3.6004477408368984e-06,6.381289985313288e-07,-1.3705109804868698,43754497.27523679,-18.17245826639698,False
2700.0,3.4499589771208802e-06,3.579038519774258e-06,5.854359024226596e-07,-1.399356484413147,43757607.30754341,-18.20321817456117,False
3000.0,3.4193520934411293e-06,3.5563983828978962e-06,5.313143169871637e-07,-1.4286872670054436,43760692.98125147,-18.233920603706533,False
3300.0,3.386513218911448e-06,3.5305342294122966e-06,4.776122715099973e-07,-1.457809068262577,43763752.88892158,-18.264551595221747,False
3600.0,3.3535787930037477e-06,3.5038580961099797e-06,4.2337915573398277e-07,-1.4864654764533043,43766785.63800363,-18.295097220372337,False
3900.0,3.3196117663256554e-06,3.4752860074149794e-06,3.690107739373616e-07,-1.5150530487298965,43769789.85158561,-18.32554358967452,False
4200.0,3.283795463622147e-06,3.443814705406112e-06,3.156522900837899e-07,-1.54389488697052,43772764.168190815,-18.35587685751389,False
4500.0,3.2476067123774487e-06,3.4112579214706784e-06,2.607468552184855e-07,-1.5723930820822716,43775707.24144429,-18.38608322289686,False
4800.0,3.210491156910864e-06,3.3768387197596894e-06,2.056056445098875e-07,-1.6000239923596382,43778617.74157232,-18.416148942211148,False
5100.0,3.1720542061682087e-06,3.340080411362578e-06,1.506744311541297e-07,-1.6278855502605438,43781494.3574441,-18.44606032967041,False
5400.0,3.131507085188693e-06,3.300136000916609e-06,9.587826355073048e-08,-1.6554727852344513,43784335.79383191,-18.475803762825027,False
5700.0,3.091268455530494e-06,3.259528511989629e-06,4.140676423958212e-08,-1.6831272691488266,43787140.77433538,-18.50536568850153,False
6000.0,3.0503725994267473e-06,3.2172089845516894e-06,-1.49424970175005e-08,-1.7100823447108269,43789908.03989187,-18.534732625288626,False
6300.0,3.0084049395106924e-06,3.172667192075096e-06,-6.998138601943538e-08,-1.7370590567588806,43792636.351827726,-18.56389117645074,False
6600.0,2.966288126053392e-06,3.126850884882515e-06,-1.2494977852384181e-07,-1.7630008980631828,43795324.4890386,-18.592828025229146,False
6900.0,2.922211406368889e-06,3.0777353572375432e-06,-1.8082683084230666e-07,-1.7895209416747093,43797971.252872504,-18.62152994463896,False
7200.0,2.878320839563614e-06,3.0275926405920472e-06,-2.361981970011584e-07,-1.8149894997477531,43800575.461643614,-18.649983804698774,False
7500.0,2.8333595822674917e-06,2.9749730856565293e-06,-2.918532793216855e-07,-1.8400795310735703,43803135.95659433,-18.678176572919003,False
7800.0,2.7886527728756164e-06,2.9213994707788515e-06,-3.4619769806454315e-07,-1.8648852333426476,43805651.599420555,-18.706095323963506,False
8100.0,2.742921338050435e-06,2.8650227363868908e-06,-4.024400830360264e-07,-1.8897801265120506,43808121.27352704,-18.73372723752512,False
8400.0,2.696275998594033e-06,2.806173114322519e-06,-4.580970767165127e-07,-1.913132205605507,43810543.882130176,-18.761059613871186,False
8700.0,2.65110586221734e-06,2.7473126351651445e-06,-5.133694926939825e-07,-1.9367094933986664,43812918.354041584,-18.78807987050578,False
9000.0,2.604889970391292e-06,2.685476033548184e-06,-5.690221129839301e-07,-1.959303855895996,43815243.63766011,-18.814775549315602,False
9300.0,2.5596334680020052e-06,2.622680881358974e-06,-6.250180426548013e-07,-1.98082584887743,43817518.7054258,-18.84113432294842,False
9600.0,2.5131599167469465e-06,2.5564992824911315e-06,-6.809768713367248e-07,-2.0027331858873367,43819742.554597534,-18.86714399935404,False
9900.0,2.4679157845908332e-06,2.4896002059904276e-06,-7.364390910424845e-07,-2.022664539515972,43821914.20222666,-18.892792526504866,False
10200.0,2.422701673069255e-06,2.4207295723499556e-06,-7.909004402506525e-07,-2.043063700199127,43824032.69411142,-18.918067997331615,False
10500.0,2.3779618094823258e-06,2.3494667686918547e-06,-8.464153609111236e-07,-2.061977006494999,43826097.0959152,-18.94295865207425,False
10800.0,2.3350400340540427e-06,2.2778675656809355e-06,-9.010495602979063e-07,-2.080550894141197,43828106.50097546,-18.96745288976702,False
11100.0,2.2935387998690863e-06,2.204748938083867e-06,-9.561337215302501e-07,-2.096988081932068,43830060.02456171,-18.99153926590497,False
11400.0,2.251442655896398e-06,2.1281871340761427e-06,-1.010258735334446e-06,-2.1130873188376427,43831956.81070778,-19.015206503350004,False
11700.0,2.2119137793474657e-06,2.0507886802079156e-06,-1.0650598483152862e-06,-2.1288956627249718,43833796.02714711,-19.0384434914282,False
12000.0,2.175110970180011e-06,1.9735109901830583e-06,-1.1188166091358198e-06,-2.1431525722146034,43835576.8660304,-19.061239297189967,False
12300.0,2.1391063568421872e-06,1.8928750478153233e-06,-1.172945125915703e-06,-2.156162664294243,43837298.54706268,-19.083583163755478,False
12600.0,2.1057948102677567e-06,1.812275797874463e-06,-1.2255128680749294e-06,-2.1685386076569557,43838960.316501014,-19.105464521613136,False
12900.0,2.074789375052434e-06,1.7297575709562807e-06,-1.2782498544083865e-06,-2.179747089743614,43840561.44594593,-19.12687298639596,False
13200.0,2.045522285353692e-06,1.6451220972157898e-06,-1.330005169108972e-06,-2.1894128620624542,43842101.23388159,-19.14779837018523,False
13500.0,2.0197811588059236e-06,1.5593395232826879e-06,-1.3820702982059174e-06,-2.197832152247429,43843579.006416,-19.168230680917723,False
13800.0,1.99796506548248e-06,1.4743829410690523e-06,-1.4327890731635762e-06,-2.205440439283848,43844994.11696625,-19.188160132475247,False
14100.0,1.9783687890866732e-06,1.3867610846318712e-06,-1.482897502569358e-06,-2.2110163122415543,43846345.94467052,-19.2075771440107,False
14400.0,1.9628042745792207e-06,1.2981488168861688e-06,-1.533020885347014e-06,-2.2159658074378967,43847633.89887135,-19.22647234708152,False
14700.0,1.950094324158948e-06,1.208034888122711e-06,-1.5817910572479832e-06,-2.2190250605344772,43848857.41400784,-19.24483659212499,False
15000.0,1.941225187128545e-06,1.1184715162926295e-06,-1.6289644264588787e-06,-2.2209477648139,43850015.95448344,-19.262660949892638,False
15300.0,1.9353584967332492e-06,1.0264077445754083e-06,-1.6753969944716118e-06,-2.2208359092473984,43851109.01116793,-19.279936715985084,False
15600.0,1.9340812886113767e-06,9.34330103063985e-07,-1.72134517839595e-06,-2.2202315628528595,43852136.10565099,-19.296655417015636,False
15900.0,1.9367890102597634e-06,8.414918681864947e-07,-1.7664924349958255e-06,-2.2180950939655304,43853096.78537329,-19.312808815000125,False
16200.0,1.9434482632345343e-06,7.477207759620796e-07,-1.8108429458152386e-06,-2.213767573237419,43853990.62673247,-19.328388910829055,False
16500.0,1.9523262205562916e-06,6.541975494656072e-07,-1.8521764033607724e-06,-2.2081196531653404,43854817.23636649,-19.343387951125006,False
16800.0,1.9664451061639054e-06,5.594887966253737e-07,-1.894273211178188e-06,-2.201456345617771,43855576.24918384,-19.35779842427286,False
17100.0,1.9832742409349066e-06,4.63587639387697e-07,-1.9344529320619586e-06,-2.192828305065632,43856267.32779124,-19.37161307707716,False
17400.0,2.0037300125906602e-06,3.668816077606607e-07,-1.973616047479254e-06,-2.182431824505329,43856890.165001035,-19.384824908853318,False
17700.0,2.026919940578186e-06,2.7102319677396736e-07,-2.0107344518294212e-06,-2.1714034751057625,43857444.48372422,-19.39742718100391,False
18000.0,2.052565938129207e-06,1.7338243196718395e-07,-2.0460413665546184e-06,-2.15864597260952,43857930.0338859,-19.409413417826286,False
18300.0,2.0831785722542852e-06,7.539838975390012e-08,-2.0819645918379592e-06,-2.143485389649868,43858346.59516321,-19.420777409503696,False
18600.0,2.114938225085594e-06,-2.2277959033090156e-08,-2.1148338795740074e-06,-2.1272828578948975,43858693.97866885,-19.431513224246206,False
18900.0,2.150106868570671e-06,-1.2066954013789655e-07,-2.147093756121876e-06,-2.1094349920749664,43858972.02301478,-19.4416151998462,False
19200.0,2.1871942550263055e-06,-2.1860441279386578e-07,-2.1774595353463155e-06,-2.0901049599051476,43859180.59709771,-19.451077957207225,False
19500.0,2.228326927340173e-06,-3.1785663168193423e-07,-2.2080809323199446e-06,-2.069054514169693,43859319.59897702,-19.459896396778102,False
19800.0,2.2699727266871515e-06,-4.1540300799169927e-07,-2.235930200100711e-06,-2.0464712232351303,43859388.956739426,-19.468065710671475,False
20100.0,2.3151059507461707e-06,-5.142152872394945e-07,-2.2637779402145952e-06,-2.0226730182766914,43859388.6282323,-19.475581375100237,False
20400.0,2.36036429220076e-06,-6.127370113517827e-07,-2.2885880959222504e-06,-1.9969885498285294,43859318.599964626,-19.482439165296167,False
20700.0,2.4072207947515218e-06,-7.105660131401237e-07,-2.312142914462356e-06,-1.9696406126022339,43859178.88900242,-19.488635148096403,False
21000.0,2.456452551360881e-06,-8.070597345977149e-07,-2.33566895246895e-06,-1.9411108791828156,43858969.54233749,-19.494165690422413,False
21300.0,2.5069242722032994e-06,-9.046654554367706e-07,-2.3574212661969796e-06,-1.9106411933898926,43858690.63538441,-19.499027464690993,False
21600.0,2.5567488741995555e-06,-1.0009075026573555e-06,-2.3763025289724737e-06,-1.8796188607811928,43858342.27535336,-19.503217448076068,False
21900.0,2.608115309062681e-06,-1.096315031645645e-06,-2.3946550058440152e-06,-1.8462156429886818,43857924.59586873,-19.506732922479912,False
22200.0,2.660236888721015e-06,-1.1906715542409074e-06,-2.411903945898075e-06,-1.8119788840413094,43857437.763531834,-19.50957148353084,False
22500.0,2.7121387746003355e-06,-1.2842383227962273e-06,-2.4270175664753424e-06,-1.776701919734478,43856881.97275498,-19.511731040638548,False
22800.0,2.7641321191952463e-06,-1.3767577229373273e-06,-2.4405829996965167e-06,-1.7393906265497208,43856257.44668381,-19.5132098173039,False
23100.0,2.8159015164032957e-06,-1.4673950659016555e-06,-2.452817657427886e-06,-1.7013440430164337,43855564.44022614,-19.514006355359527,False
23400.0,2.8675563169197747e-06,-1.5574345297864056e-06,-2.4633170419008366e-06,-1.662430800497532,43854803.2362685,-19.514119517336624,False
23700.0,2.918651232184394e-06,-1.6464687178086024e-06,-2.4718681679303245e-06,-1.621658407151699,43853974.14617817,-19.513548487624483,False
24000.0,2.9692402337804765e-06,-1.7328930539406429e-06,-2.4796130837501096e-06,-1.5811173617839813,43853077.5136723,-19.512292773135293,False
24300.0,3.0187069922284477e-06,-1.818329224079207e-06,-2.4849668491810917e-06,-1.5383458882570267,43852113.70709987,-19.51035220906517,False
24600.0,3.0676326953725367e-06,-1.9018376633539447e-06,-2.489321381915488e-06,-1.4955684691667557,43851083.12859013,-19.507726954717235,False
24900.0,3.114470866134087e-06,-1.9840470031340374e-06,-2.4904423980842694e-06,-1.4516013115644455,43849986.20586015,-19.50441750147477,False
25200.0,3.160840844480689e-06,-2.063424375364775e-06,-2.4915135234948593e-06,-1.4071791470050812,43848823.39743624,-19.500424664968133,False
25500.0,3.2054189358672707e-06,-2.141947192058069e-06,-2.4895338661679034e-06,-1.3612651228904724,43847595.188850775,-19.495749597724767,False
25800.0,3.249291909097879e-06,-2.218753365923476e-06,-2.486574437909894e-06,-1.3149136528372765,43846302.09638445,-19.490393778793734,False
26100.0,3.292028873454481e-06,-2.2942605255593662e-06,-2.4818198163245597e-06,-1.2687973454594612,43844944.66446489,-19.484359022415465,False
26400.0,3.332849582572701e-06,-2.3662746855279693e-06,-2.4761189010291673e-06,-1.2217432484030724,43843523.4640668,-19.47764747400907,False
26700.0,3.371121534071501e-06,-2.4368448521272512e-06,-2.466979236004363e-06,-1.174386590719223,43842039.09622197,-19.470261615540345,False
27000.0,3.4081393763345515e-06,-2.5052360683730512e-06,-2.4568154124438024e-06,-1.1270027458667755,43840492.18969946,-19.46220425745671,False
27300.0,3.4436589834271982e-06,-2.571298068687611e-06,-2.445515612237159e-06,-1.078852854669094,43838883.4001917,-19.45347854612194,False
27600.0,3.478177748038062e-06,-2.6359195430813998e-06,-2.4330207288869588e-06,-1.030494824051857,43837213.41245761,-19.444087961054326,False
27900.0,3.5096404355236795e-06,-2.6985122758560465e-06,-2.416970655616524e-06,-0.9825668856501579,43835482.93893023,-19.434036316910387,False
28200.0,3.5405445269963028e-06,-2.7587918225435715e-06,-2.401288814013469e-06,-0.933503121137619,43833692.71724806,-19.423327754341077,False
28500.0,3.5685015374845407e-06,-2.8171173482860468e-06,-2.382161969904928e-06,-0.8856403082609177,43831843.51616896,-19.411966753261407,False
28800.0,3.59512261437173e-06,-2.87309228497179e-06,-2.362411592571334e-06,-0.8371190950274467,43829936.12726978,-19.399958117534478,False
29100.0,3.6202501778344667e-06,-2.9271822654663993e-06,-2.3413641621061743e-06,-0.7885442823171616,43827971.37139635,-19.3873069839615,False
29400.0,3.6427101960894577e-06,-2.9787048561047413e-06,-2.3179877999268683e-06,-0.7405716851353645,43825950.096030585,-19.37401881780831,False
29700.0,3.6635163525706954e-06,-3.028831230267315e-06,-2.292529309499969e-06,-0.6919317543506622,43823873.1730855,-19.360099409632245,False
30000.0,3.683599591142888e-06,-3.0764741154598596e-06,-2.267781610498787e-06,-0.6445757374167442,43821741.50381277,-19.3455548722796,False
30300.0,3.700400434172151e-06,-3.121771413816532e-06,-2.2394922005730677e-06,-0.5970785617828369,43819556.01195736,-19.330391648539745,False
30600.0,3.716096552386234e-06,-3.1658121883992862e-06,-2.2098514662616253e-06,-0.5494617149233818,43817317.64832217,-19.314616495518145,False
30900.0,3.7309242815716914e-06,-3.2082907637231983e-06,-2.1796531726181456e-06,-0.502705305814743,43815027.39001138,-19.298236490134045,False
31200.0,3.742478031225271e-06,-3.247066331368842e-06,-2.1476299352229944e-06,-0.45553766936063766,43812686.23694063,-19.281259027239507,False
31500.0,3.7528974070644606e-06,-3.2843189501363668e-06,-2.1146084812073696e-06,-0.4094330742955208,43810295.216544636,-19.26369181271558,False
31800.0,3.762713177242577e-06,-3.3211035201929917e-06,-2.0800563405032335e-06,-0.3638148456811905,43807855.37867866,-19.245542863972542,False
32100.0,3.770040194229965e-06,-3.355049670972221e-06,-2.0439011088058123e-06,-0.31783343106508255,43805367.79708362,-19.226820504974132,False
32400.0,3.7759019252651423e-06,-3.3871629057102837e-06,-2.0065714103623122e-06,-0.2729222774505615,43802833.571617074,-19.20753336283677,False
32700.0,3.7794263867668884e-06,-3.4169985951848503e-06,-1.967081963982764e-06,-0.2282988503575325,43800253.823417254,-19.187690366181364,False
33000.0,3.7812760728642545e-06,-3.4442672927070817e-06,-1.9271452948999013e-06,-0.18323677778244019,43797629.696825676,-19.167300737256646,False
33300.0,3.783185608448767e-06,-3.4715990864242485e-06,-1.885990009498073e-06,-0.13965942710638046,43794962.36161848,-19.146373993154768,False
33600.0,3.782514865153596e-06,-3.4953990848407557e-06,-1.844199701395155e-06,-0.09549564123153687,43792253.00598681,-19.12491993780581,False
33900.0,3.7794837187789777e-06,-3.5168167755728064e-06,-1.8003198860583325e-06,-0.05268077552318573,43789502.84414921,-19.102948661006323,False
34200.0,3.777054581622593e-06,-3.5388024457461142e-06,-1.755349035903464e-06,-0.010000832378864288,43786713.10879334,-19.080470529366234,False
34500.0,3.771750871933399e-06,-3.55677292418477e-06,-1.7100280551574087e-06,0.032681114971637726,43783885.05488613,-19.057496184262394,False
34800.0,3.764911226967229e-06,-3.57361250280519e-06,-1.6619719822585921e-06,0.07431206852197647,43781019.95935612,-19.034036539757018,False
35100.0,3.7574826850980256e-06,-3.588633262552321e-06,-1.6145635157727156e-06,0.11616751551628113,43778119.11713007,-19.01010276856296,False
35400.0,3.748513048121576e-06,-3.601926891860785e-06,-1.5654526244190947e-06,0.15687185525894165,43775183.845652886,-18.985706308215388,False
35700.0,3.7376263263046502e-06,-3.6128812155311607e-06,-1.514923496870324e-06,0.19786635041236877,43772215.478945054,-18.960858847189918,False
36000.0,3.7250401224462123e-06,-3.6214881902196794e-06,-1.463495419073979e-06,0.23837882280349731,43769215.372143276,-18.935572321604194,False
36300.0,3.712169727423617e-06,-3.6295367067396e-06,-1.4107648453887123e-06,0.2785967141389847,43766184.89782229,-18.909858910499235,False
36600.0,3.697063184466663e-06,-3.6347314562590327e-06,-1.3567847219064788e-06,0.3176198750734329,43763125.44752171,-18.883731028406554,False
36900.0,3.6813959602892653e-06,-3.638245260617623e-06,-1.3033167007847624e-06,0.3576485812664032,43760038.42702183,-18.857201317870278,False
37200.0,3.663596533328307e-06,-3.6397124745235487e-06,-1.2468079262362153e-06,0.3962354063987732,43756925.26354014,-18.830282650075436,False
37500.0,3.645718421074144e-06,-3.6398174643181846e-06,-1.1913499911031522e-06,0.43518923968076706,43753787.3962595,-18.80298810532884,False
37800.0,3.625421862827551e-06,-3.6374161709318287e-06,-1.1329167399765083e-06,0.47286951541900635,43750626.28345076,-18.775330982100545,False
38100.0,3.6046940850969095e-06,-3.6333960338197357e-06,-1.0751313190837664e-06,0.5108455643057823,43747443.39521407,-18.747324774378793,False
38400.0,3.581871711011706e-06,-3.626752260288413e-06,-1.0154740515133653e-06,0.547662541270256,43744240.21909783,-18.718983178432225,False
38700.0,3.5588971553982083e-06,-3.6192675167967536e-06,-9.54881809178687e-07,0.5848951488733292,43741018.25341417,-18.69032007603285,False
39000.0,3.5342297282734767e-06,-3.6092056348024926e-06,-8.933628770080304e-07,0.6220755875110626,43737779.0116643,-18.661349531520255,False
39300.0,3.5089108744999356e-06,-3.5975288597001054e-06,-8.314465311798358e-07,0.6583392024040222,43734524.02023076,-18.63208578289381,False
39600.0,3.4818765220313396e-06,-3.5831877767122933e-06,-7.686184311239685e-07,0.6940813362598419,43731254.816042766,-18.602543235785493,False
39900.0,3.454100819100009e-06,-3.567123826542229e-06,-7.051923134326898e-07,0.7299433276057243,43727972.94689725,-18.57273645386913,False
40200.0,3.4262745873815904e-06,-3.550305507360463e-06,-6.398523844097781e-07,0.765381433069706,43724679.97218189,-18.542680153476677,False
40500.0,3.395427174455421e-06,-3.529107914346241e-06,-5.743705457916803e-07,0.8009749725461006,43721377.459844,-18.51238919092267,False
40800.0,3.3649885781820645e-06,-3.5073098558768834e-06,-5.080354057440672e-07,0.8357159122824669,43718066.98836345,-18.481878560005917,False
41100.0,3.3338962271049545e-06,-3.4838171245610283e-06,-4.400477848776063e-07,0.8690624684095383,43714750.14394746,-18.4511633814395,False
41400.0,3.301618728512553e-06,-3.4576834195831907e-06,-3.725996009507071e-07,0.9036146476864815,43711428.517089255,-18.420258891497273,False
41700.0,3.2690101942720046e-06,-3.430015311778334e-06,-3.037932891913897e-07,0.9373326748609543,43708103.70957069,-18.389180440727134,False
42000.0,3.2346598359044938e-06,-3.39916056191214e-06,-2.3422292372288211e-07,0.9705288112163544,43704777.326678075,-18.35794347891439,False
42300.0,3.2012393916084837e-06,-3.367849956248392e-06,-1.640744606845601e-07,1.0037168115377426,43701450.97854798,-18.326563549445158,False
42600.0,3.166286705606465e-06,-3.3334215459035477e-06,-9.282867452498067e-08,1.0357315242290497,43698126.2812306,-18.295056280991965,False
42900.0,3.131884262413229e-06,-3.2979492630147433e-06,-2.049246106139435e-08,1.0677978545427322,43694804.851792015,-18.26343737760199,False
43200.0,3.096992556800881e-06,-3.260236553614959e-06,5.1197307726624786e-08,1.1001004427671432,43691488.31090496,-18.23172260875108,False
43500.0,3.061137457509162e-06,-3.2196759889302484e-06,1.245282028605743e-07,1.1311261877417564,43688178.28265591,-18.199927806299524,False
43800.0,3.0262668013177224e-06,-3.178266297254595e-06,1.9747569268702136e-07,1.162885993719101,43684876.38846323,-18.16806884730809,False
44100.0,2.9907009929333602e-06,-3.133982204417407e-06,2.722407081989786e-07,1.1924553364515305,43681584.25466711,-18.13616165368531,False
44400.0,2.9556693686136336e-06,-3.088052523025908e-06,3.474880720943929e-07,1.2224999517202377,43678303.50112583,-18.10422217549951,False
44700.0,2.9208611031781864e-06,-3.0401428716686496e-06,4.2237649822141066e-07,1.2532576397061348,43675035.74834793,-18.072266386053073,False
45000.0,2.887060209756174e-06,-2.990710243011563e-06,4.985785047040281e-07,1.2822259664535522,43671782.61691133,-18.040310274924035,False
45300.0,2.853887224931018e-06,-2.9393473255368008e-06,5.750438560880866e-07,1.3116509020328522,43668545.71907485,-18.00836983373484,False
45600.0,2.8208338198980825e-06,-2.885500521188078e-06,6.511941279541134e-07,1.339506320655346,43665326.66689337,-17.976461050343637,False
45900.0,2.7893587934584704e-06,-2.829960834560552e-06,7.294239523503165e-07,1.3674964532256126,43662127.063304804,-17.944599902339057,False
46200.0,2.7588572847488834e-06,-2.7729052760605555e-06,8.060152509870022e-07,1.3959127441048622,43658948.50635873,-17.912802338952627,False
46500.0,2.7300330462580595e-06,-2.713838483714426e-06,8.845842494054068e-07,1.4223488792777061,43655792.58958328,-17.881084285515215,False
46800.0,2.70312135787507e-06,-2.6533694494901283e-06,9.633055775282173e-07,1.4494305029511452,43652660.893334836,-17.849461621707384,False
47100.0,2.6769906318125485e-06,-2.589874497971323e-06,1.0425264136415535e-06,1.4753530845046043,43649554.99333802,-17.817950180225452,False
47400.0,2.6530470308965916e-06,-2.5256502453885332e-06,1.1202613841021503e-06,1.5011447370052338,43646476.452499606,-17.786565733358483,False
47700.0,2.6321706835642743e-06,-2.459977736180008e-06,1.1998323827810964e-06,1.5257625430822372,43643426.82488906,-17.75532399174847,False
48000.0,2.6124719367397387e-06,-2.3912915025903203e-06,1.2793404167155131e-06,1.5506186112761497,43640407.65029021,-17.724240585026973,False
48300.0,2.5959972739205672e-06,-2.321370686786395e-06,1.3594825709617453e-06,1.5747661516070366,43637420.45809461,-17.69333106084762,False
48600.0,2.582613988060027e-06,-2.2503507466353767e-06,1.4394469793899134e-06,1.597969226539135,43634466.7633137,-17.66261087205439,False
48900.0,2.5720339525261142e-06,-2.1772860918645165e-06,1.5197812359701857e-06,1.620733305811882,43631548.065633886,-17.63209537088737,False
49200.0,2.5636398578795048e-06,-2.1025196019763825e-06,1.5987195745026384e-06,1.6431821957230568,43628665.84962949,-17.601799796717206,False
49500.0,2.55978822730413e-06,-2.026041784120025e-06,1.6798214161894975e-06,1.665269874036312,43625821.58364603,-17.571739275168436,False
49800.0,2.558444596746084e-06,-1.9473896770705323e-06,1.7600633164249757e-06,1.6861152276396751,43623016.71956675,-17.541928797778468,False
50100.0,2.5608597859472535e-06,-1.8677718855997227e-06,1.8399223158382938e-06,1.7064407542347908,43620252.689482376,-17.51238322373747,False
50400.0,2.567116459465566e-06,-1.786729313835167e-06,1.9198477971826833e-06,1.7257089242339134,43617530.90767083,-17.48311726811207,False
50700.0,2.5776584487580034e-06,-1.704240361277698e-06,2.0002966536480926e-06,1.7449984923005104,43614852.766846076,-17.454145493733137,False
51000.0,2.5907983590868437e-06,-1.619468775970745e-06,2.0796050606008976e-06,1.7629339322447777,43612219.641363256,-17.425482301027916,False
51300.0,2.609199317750185e-06,-1.5339714991569053e-06,2.159909627152956e-06,1.7803396806120872,43609632.88170974,-17.3971419260137,False
51600.0,2.6309502159461144e-06,-1.4459542398981284e-06,2.23996480031019e-06,1.7974833846092224,43607093.81641818,-17.36913842530676,False
51900.0,2.6561100889818345e-06,-1.3571321915151202e-06,2.318781028520789e-06,1.8122714012861252,43604603.753040075,-17.341485672075994,False
52200.0,2.685878143585694e-06,-1.2673650644501322e-06,2.3979144465613444e-06,1.8281304761767387,43602163.96944564,-17.31419735077716,False
52500.0,2.7197169275032774e-06,-1.1764973351091612e-06,2.47688157628545e-06,1.842042751610279,43599775.72498431,-17.287286945147468,False
52800.0,2.755851849991472e-06,-1.0825291951732652e-06,2.5546086312999705e-06,1.8544539660215378,43597440.24978697,-17.260767732374255,False
53100.0,2.796366866583619e-06,-9.889246257444029e-07,2.6320234098875517e-06,1.866483986377716,43595158.74678092,-17.234652778551002,False
53400.0,2.8408821214623208e-06,-8.934609923016978e-07,2.7096517740687887e-06,1.8774396479129791,43592932.393418774,-17.20895492928826,False
53700.0,2.888458427208847e-06,-7.974437892244168e-07,2.7861765623526935e-06,1.8879241421818733,43590762.33782794,-17.183686801440672,False
54000.0,2.938983058010632e-06,-6.995255716901738e-07,2.861970692435989e-06,1.8967501819133759,43588649.70117371,-17.15886077996763,False
54300.0,2.9942369894296484e-06,-6.006322053053736e-07,2.9387088034127373e-06,1.9037501513957977,43586595.57414384,-17.134489011035818,False
54600.0,3.0504235115695055e-06,-5.008618586543889e-07,3.012629512966214e-06,1.910154439508915,43584601.015883915,-17.110583388939503,False
54900.0,3.1110137285443463e-06,-4.0033884829426825e-07,3.0873891923022256e-06,1.9155607596039772,43582667.056361526,-17.087155562784595,False
55200.0,3.1725760436634787e-06,-2.995966497110203e-07,3.1596217482388056e-06,1.9189488887786865,43580794.694705226,-17.0642169160535,False
55500.0,3.2377593407490114e-06,-1.9595566413954657e-07,3.2323342900042462e-06,1.9221474304795265,43578984.895112425,-17.04177857418553,False
55800.0,3.3045505186490025e-06,-9.394210565005778e-08,3.303329400239363e-06,1.9234696105122566,43577238.59260995,-17.01985138736639,False
56100.0,3.3738394997749306e-06,1.023164486468886e-08,3.373825308017331e-06,1.922928936779499,43575556.68725647,-16.998445933701447,False
56400.0,3.4442603017416753e-06,1.1411771083658095e-07,3.442530537967059e-06,1.9208102449774742,43573940.04501249,-16.977572508032832,False
56700.0,3.517280969093904e-06,2.192555257352069e-07,3.5110228893131534e-06,1.9183159247040749,43572389.49655817,-16.95724112225275,False
57000.0,3.591384250897776e-06,3.2483214340572886e-07,3.577915631325368e-06,1.9129918292164803,43570905.84135504,-16.937461494598985,False
57300.0,3.666820600971405e-06,4.2930469135171734e-07,3.6437451136350774e-06,1.907100073993206,43569489.838784866,-16.91824304986908,False
57600.0,3.742453961254759e-06,5.353523420126294e-07,3.7072332652599016e-06,1.8986198082566261,43568142.21668513,-16.899594911209025,False
57900.0,3.820447198343718e-06,6.414897200102132e-07,3.7708102169631275e-06,1.8896130993962288,43566863.66254407,-16.881525901364306,False
58200.0,3.898202030738476e-06,7.474652079508814e-07,3.832009241477863e-06,1.8784371614456177,43565654.83087481,-16.864044530006666,False
58500.0,3.976269098081783e-06,8.528807597940613e-07,3.891581826565016e-06,1.8657199293375015,43564516.33685166,-16.847158997986973,False
58800.0,4.055653932593715e-06,9.585241969034541e-07,3.950517402984133e-06,1.851587899029255,43563448.75871981,-16.830877190699482,False
59100.0,4.135148823910597e-06,1.0638341052526812e-06,4.0077954253092685e-06,1.8358613476157188,43562452.63726412,-16.81520667238716,False
59400.0,4.213717897517825e-06,1.168485823654919e-06,4.0625266350957645e-06,1.8183021694421768,43561528.47525136,-16.800154685045694,False
59700.0,4.29360912166464e-06,1.273192708595161e-06,4.11694730573231e-06,1.798841468989849,43560676.73691944,-16.785728148391104,False
60000.0,4.372278090126329e-06,1.3772890952168382e-06,4.1686741987234655e-06,1.7781841903924942,43559897.84711633,-16.77193364929895,False
60300.0,4.450640786617033e-06,1.4808272794653021e-06,4.218728609117761e-06,1.7552985772490501,43559192.19358104,-16.758777447224748,False
60600.0,4.529592873195291e-06,1.583884596811913e-06,4.268113805494522e-06,1.7298298180103302,43558560.124327436,-16.746265468389606,False
60900.0,4.607379846596418e-06,1.686944813172886e-06,4.314869784138864e-06,1.7041564211249352,43558001.94541249,-16.734403300655487,False
61200.0,4.6846154869127556e-06,1.78801653305527e-06,4.360427492855479e-06,1.6759785190224648,43557517.92819961,-16.723196197911665,False
61500.0,4.760668491207731e-06,1.8878595255955588e-06,4.403939868780071e-06,1.6466945111751556,43557108.30086101,-16.712649072650127,False
61800.0,4.8360623300676785e-06,1.9878439729836828e-06,4.445490009885589e-06,1.6147519275546074,43556773.25493293,-16.702766497629067,False
62100.0,4.910871255133166e-06,2.0873099515483773e-06,4.485453853675381e-06,1.5813372358679771,43556512.93955905,-16.69355270390154,False
62400.0,4.98386081448992e-06,2.1858838579191797e-06,4.522681525287453e-06,1.5474470257759094,43556327.46437958,-16.68501157787251,False
62700.0,5.05477177751289e-06,2.2817656883944437e-06,4.557746049016487e-06,1.5106321275234222,43556216.90277452,-16.677146663631714,False
63000.0,5.125544137033339e-06,2.377925227392552e-06,4.591510904816687e-06,1.4722644165158272,43556181.28461088,-16.669961160812598,False
63300.0,5.19503448355704e-06,2.473801487212768e-06,4.622973417411913e-06,1.4330195486545563,43556220.60080093,-16.663457921933116,False
63600.0,5.260607419570958e-06,2.56631230399762e-06,4.650720004661935e-06,1.3918647766113281,43556334.80438157,-16.657639453552584,False
63900.0,5.32668248659536e-06,2.6583402359392494e-06,4.678365009169738e-06,1.3488988727331161,43556523.80776817,-16.652507921614287,False
64200.0,5.389786193919704e-06,2.7499228565375233e-06,4.701956800801099e-06,1.3050967156887054,43556787.48312966,-16.648065138956007,False
64500.0,5.451194450154235e-06,2.839534715803893e-06,4.7237763567409274e-06,1.2592475563287735,43557125.665595844,-16.644312579411093,False
64800.0,5.510243825243538e-06,2.9269656067754113e-06,4.74323421428835e-06,1.2118560671806335,43557538.14952738,-16.641251369204078,False
65100.0,5.567824776690368e-06,3.014227019093596e-06,4.76025543605374e-06,1.164023220539093,43558024.689831175,-16.63888229102735,False
65400.0,5.621934907745993e-06,3.0985849264197896e-06,4.774093859793993e-06,1.114001102745533,43558585.00562665,-16.637205783738402,False
65700.0,5.674426808261379e-06,3.1813117971069005e-06,4.786221342811814e-06,1.0633649230003357,43559218.774319455,-16.636221946319743,False
66000.0,5.723300948861966e-06,3.2621856007608585e-06,4.794428175358689e-06,1.0113166719675064,43559925.63756748,-16.63593053323532,False
66300.0,5.769500164473816e-06,3.341315505167586e-06,4.799774593777784e-06,0.9582986533641815,43560705.19796094,-16.6363309628201,False
66600.0,5.814507775059891e-06,3.4184261608061206e-06,4.804248426637514e-06,0.9050314873456955,43561557.020300984,-16.63742231655448,False
66900.0,5.855573999046309e-06,3.4939130273414776e-06,4.80429397597959e-06,0.8500994071364403,43562480.63435416,-16.639203334385716,False
67200.0,5.893336001245545e-06,3.5659617196870386e-06,4.801901184237067e-06,0.7938827201724052,43563475.531281956,-16.64167242778166,False
67500.0,5.929088456849769e-06,3.6372186400512874e-06,4.796890298308654e-06,0.7375240549445152,43564541.16505837,-16.644827674148818,False
67800.0,5.9618392241934736e-06,3.7060444242342783e-06,4.789171065056053e-06,0.68084916472435,43565676.95495456,-16.648666821389497,False
68100.0,5.990469129336152e-06,3.7716499150519667e-06,4.777934687894003e-06,0.6233843341469765,43566882.284947515,-16.653187289553482,False
68400.0,6.017195223896483e-06,3.836929067801975e-06,4.76386615133606e-06,0.565223403275013,43568156.50329967,-16.658386175666923,False
68700.0,6.040489313195573e-06,3.897943827269046e-06,4.74794590488159e-06,0.5066039115190506,43569498.92344908,-16.66426025530474,False
69000.0,6.060513200268746e-06,3.956905004542932e-06,4.728766850092825e-06,0.447815977036953,43570908.82458613,-16.67080598282715,False
69300.0,6.077317838782015e-06,4.01423741891449e-06,4.70605226254861e-06,0.38930463790893555,43572385.452055484,-16.678019497963152,False
69600.0,6.091387856647752e-06,4.067766212756396e-06,4.682136864886388e-06,0.32956863939762115,43573928.01997965,-16.68589663049825,False
69900.0,6.102658037874212e-06,4.119892935250391e-06,4.65506342095523e-06,0.2701471224427223,43575535.70681215,-16.69443289671494,False
70200.0,6.11026526368465e-06,4.169954479493754e-06,4.624208255421536e-06,0.21092714369297028,43577207.6605868,-16.70362350849516,False
70500.0,6.115131353012636e-06,4.216411525703734e-06,4.592064161812459e-06,0.15197358280420303,43578942.997660644,-16.713463378708713,False
70800.0,6.117611855682781e-06,4.2614709911958926e-06,4.557281297223881e-06,0.09277594834566116,43580740.80405608,-16.723947117984256,False
71100.0,6.116494116003e-06,4.302993204419181e-06,4.520061022361688e-06,0.033575043082237244,43582600.13473771,-16.73506904395328,False
71400.0,6.111687735433457e-06,4.342552756497753e-06,4.4789123840871525e-06,-0.024812527000904083,43584520.01440606,-16.746823181972697,False
71700.0,6.105431387328795e-06,4.379961183076375e-06,4.437037901539043e-06,-0.08261361718177795,43586499.43974876,-16.75920327558788,False
72000.0,6.096317144391807e-06,4.415172156768676e-06,4.39256220374773e-06,-0.14116422086954117,43588537.38015106,-16.77220278094606,False
72300.0,6.084307449899527e-06,4.4468856401636e-06,4.34663899184784e-06,-0.19801977276802063,43590632.77346388,-16.78581487919059,False
72600.0,6.069039888812455e-06,4.476862699220874e-06,4.297123783914003e-06,-0.2550298646092415,43592784.53474773,-16.800032474519682,False
72900.0,6.05116536462404e-06,4.503604031924624e-06,4.246344964542459e-06,-0.31088322401046753,43594991.549498245,-16.81484820643736,False
73200.0,6.030493078559329e-06,4.528503581013865e-06,4.192692419024979e-06,-0.36666634678840637,43597252.67989607,-16.830254445912082,False
73500.0,6.0079589430859516e-06,4.550729556740407e-06,4.1383233799763275e-06,-0.42186015099287033,43599566.76150441,-16.846243307738277,False
73800.0,5.982531213893094e-06,4.5711242080415104e-06,4.080902968439659e-06,-0.47589173913002014,43601932.60553126,-16.8628066470137,False
74100.0,5.955017632896443e-06,4.589520926856494e-06,4.0217505663520114e-06,-0.5302541106939316,43604349.00166804,-16.87993607210029,False
74400.0,5.925021037094538e-06,4.60535875390633e-06,3.960859540796946e-06,-0.5822185799479485,43606814.71252903,-16.897622944531125,False
74700.0,5.893172368896106e-06,4.618478811835303e-06,3.899358798520325e-06,-0.6350101083517075,43609328.48456115,-16.915858386428567,False
75000.0,5.859004409819959e-06,4.630137311778526e-06,3.8351881102016705e-06,-0.6860881820321083,43611889.03706598,-16.934633281201062,False
75300.0,5.82271069798335e-06,4.639077701540373e-06,3.7699998927109846e-06,-0.7372701913118362,43614495.073070556,-16.953938285527745,False
75600.0,5.783653599340289e-06,4.6453979507532495e-06,3.70271053640181e-06,-0.7863346859812737,43617145.271683455,-16.973763828049506,False
75900.0,5.744348936489351e-06,4.651330897331718e-06,3.6346657772412527e-06,-0.8354632258415222,43619838.29729467,-16.994100119727882,False
76200.0,5.701006921915921e-06,4.652395716675528e-06,3.565118895210162e-06,-0.8835442066192627,43622572.79264151,-17.01493715456638,False
76500.0,5.658284358263625e-06,4.6541305493974505e-06,3.494928733971392e-06,-0.9301510751247406,43625347.38355308,-17.036264718597835,False
76800.0,5.6123381935232576e-06,4.6525936454600014e-06,3.422627489868546e-06,-0.9764881581068039,43628160.68066522,-17.058072391283936,False
77100.0,5.5645489000462156e-06,4.64901103214288e-06,3.348942545500222e-06,-1.0223328098654747,43631011.27713473,-17.080349555408134,False
77400.0,5.515094093871466e-06,4.642727844839101e-06,3.2750000791281764e-06,-1.066025085747242,43633897.74940307,-17.103085400686023,False
77700.0,5.464406607116993e-06,4.635440120637213e-06,3.1993376907735183e-06,-1.11012814193964,43636818.66363249,-17.12626892621722,False
78000.0,5.412606939018868e-06,4.626926397577336e-06,3.122390950238696e-06,-1.152625858783722,43639772.567680314,-17.149888950440772,False
78300.0,5.358781854583256e-06,4.615351969050607e-06,3.04503984693838e-06,-1.1942463368177414,43642757.99919986,-17.1739341151764,False
78600.0,5.30389572113489e-06,4.602219803473417e-06,2.9669230237061583e-06,-1.2356698960065842,43645773.48362579,-17.198392889457224,False
78900.0,5.246473526898563e-06,4.585808085266763e-06,2.8878318616420984e-06,-1.2750625759363174,43648817.53248448,-17.22325357646297,False
79200.0,5.188386639186837e-06,4.568576628116716e-06,2.807590451681108e-06,-1.3151746541261673,43651888.651268706,-17.248504318956684,False
79500.0,5.129899074743056e-06,4.55048939329572e-06,2.7266754365484758e-06,-1.3528258427977562,43654985.32969753,-17.27413310547645,False
79800.0,5.069727084541869e-06,4.5298382360670075e-06,2.6452399914944635e-06,-1.3908756971359253,43658106.054459766,-17.30012777494454,False
80100.0,5.007807865025088e-06,4.506933805714652e-06,2.562671973294073e-06,-1.4276395440101624,43661249.299400486,-17.326476021820593,False
80400.0,4.9457364971211914e-06,4.482750114220835e-06,2.480504921464899e-06,-1.4638636410236359,43664413.5332645,-17.3531654046157,False
80700.0,4.88185748246092e-06,4.4566428414327675e-06,2.396473597343629e-06,-1.498113952577114,43667597.21585021,-17.380183345557597,False
81000.0,4.816708526310511e-06,4.427943451901228e-06,2.3127475685669197e-06,-1.532626286149025,43670798.804621495,-17.407517144437165,False
81300.0,4.7505321087487954e-06,4.397641589548584e-06,2.228116198210728e-06,-1.5657914131879807,43674016.74795084,-17.435153976408557,False
81600.0,4.684252072143937e-06,4.366396410659945e-06,2.1432989782965706e-06,-1.5986127108335495,43677249.49233095,-17.463080902914903,False
81900.0,4.616437904249268e-06,4.332605300305659e-06,2.0581019271048717e-06,-1.6300138682127,43680495.47843192,-17.491284874459055,False
82200.0,4.548404658653203e-06,4.297857117308013e-06,1.972393647520221e-06,-1.6605421006679535,43683753.1455492,-17.519752737189716,False
82500.0,4.478961807578348e-06,4.260772783482025e-06,1.8860824937405596e-06,-1.6908851563930511,43687020.93086032,-17.548471238485288,False
82800.0,4.409082891081807e-06,4.222435194378704e-06,1.7991843073161817e-06,-1.7198182344436646,43690297.268106185,-17.577427032622097,False
83100.0,4.337337095734196e-06,4.180744184623109e-06,1.7126180544835279e-06,-1.748728722333908,43693580.592844635,-17.606606687163048,False
83400.0,4.26644538252515e-06,4.139533785973981e-06,1.62471723186286e-06,-1.7761528044939041,43696869.33770993,-17.63599668505388,False
83700.0,4.1938163163074584e-06,4.09492253083954e-06,1.537491293390758e-06,-1.803210161626339,43700161.938564345,-17.665583436460427,False
84000.0,4.121928283227076e-06,4.0499868418919505e-06,1.4502764820178982e-06,-1.8287167325615883,43703456.830321394,-17.695353277984673,False
84300.0,4.048366715755806e-06,4.001932381925144e-06,1.3632002513475072e-06,-1.8541360273957253,43706752.452601105,-17.725292481683024,False
84600.0,3.974675390173352e-06,3.953008814505665e-06,1.2747392794665302e-06,-1.8779233768582344,43710047.24477168,-17.75538725816703,False
84900.0,3.901154856310929e-06,3.902793253018899e-06,1.1867583999958242e-06,-1.902249537408352,43713339.653363235,-17.785623767171796,False
85200.0,3.827079098033077e-06,3.8503994232996774e-06,1.0994600252445252e-06,-1.9247198328375816,43716628.124470316,-17.815988118021767,False
85500.0,3.7525811931617733e-06,3.7964158536851755e-06,1.0113220874075068e-06,-1.947116658091545,43719911.113170445,-17.84646637507175,False
85800.0,3.677307329147045e-06,3.740052079592715e-06,9.234401474600418e-07,-1.9676730036735535,43723187.07646623,-17.877044567538192,False
86100.0,3.603484842736443e-06,3.6838696928498393e-06,8.350401330403656e-07,-1.9882225766777992,43726454.481096596,-17.90770869048563,False
86400.0,3.5286643777683885e-06,3.6246706827114394e-06,7.480244335056341e-07,-2.0074939727783203,43729711.79748449,-17.938444714833,False
86700.0,1.9742356947250612e-06,2.0345257780718384e-06,-3.902226133334352e-07,-1.6462108343839645,43732957.125382714,-17.969237534703485,False
87000.0,1.958298218468288e-06,1.999447704292834e-06,-4.678663607649014e-07,-1.676573932170868,43736189.72428765,-18.000075194466557,False
87300.0,1.944154448551326e-06,1.9622218587755924e-06,-5.461843066711936e-07,-1.706527702510357,43739407.69805478,-18.030942554061063,False
87600.0,1.9316147919039733e-06,1.9223496110498672e-06,-6.252495410308256e-07,-1.7349211126565933,43742609.550762385,-18.061825529439673,False
87900.0,1.921460403623198e-06,1.8808090089805773e-06,-7.040846519146271e-07,-1.764841541647911,43745793.80066577,-18.09271003785672,False
88200.0,1.9134370269295213e-06,1.8373526131654216e-06,-7.823270529172532e-07,-1.7926522567868233,43748958.9698404,-18.123582001571624,False
88500.0,1.907505140517414e-06,1.7902426918681158e-06,-8.629893102352071e-07,-1.8207644522190094,43752103.597551495,-18.154427350443257,False
88800.0,1.905358140726498e-06,1.7429136107693921e-06,-9.426128819711721e-07,-1.84787917137146,43755226.23108535,-18.18523203711519,False
89100.0,1.904968645320339e-06,1.6918702669954655e-06,-1.022835750319473e-06,-1.874485969543457,43758325.43182899,-18.21598203077232,False
89400.0,1.9079464251923033e-06,1.6396833188991877e-06,-1.1023958172984294e-06,-1.9008744284510612,43761399.77385453,-18.246663330447504,False
89700.0,1.9154160481630963e-06,1.5857335995406174e-06,-1.18388585335083e-06,-1.9270690977573395,43764447.84441838,-18.27726196356205,False
90000.0,1.925382865420034e-06,1.529061847804769e-06,-1.2648190832464934e-06,-1.9512752518057823,43767468.242963254,-18.307764000140622,False
90300.0,1.9387651247464834e-06,1.4699280370678025e-06,-1.3461075241139042e-06,-1.9763948321342468,43770459.5881818,-18.338155549600188,False
90600.0,1.955905322490575e-06,1.4092738069848565e-06,-1.4271428803169783e-06,-2.0000403076410294,43773420.50856977,-18.368422770922155,False
90900.0,1.976029945393716e-06,1.3472762532273919e-06,-1.5067730849693817e-06,-2.0227901563048363,43776349.65121257,-18.3985518769152,False
91200.0,2.0007338063273636e-06,1.282380139855377e-06,-1.5883250021886397e-06,-2.045414164662361,43779245.67953316,-18.42852913441769,False
91500.0,2.0289249134807346e-06,1.216311375173973e-06,-1.6689598112407111e-06,-2.0677084922790527,43782107.272641264,-18.458340880155212,False
91800.0,2.0601859355941217e-06,1.1469209653114376e-06,-1.7496321156329486e-06,-2.088663913309574,43784933.12600756,-18.487973515980098,False
92100.0,2.096136587559262e-06,1.0777513921311765e-06,-1.8301366999651236e-06,-2.109282001852989,43787721.954777285,-18.517413519010493,False
92400.0,2.135404592050836e-06,1.0043452789432195e-06,-1.911360051565225e-06,-2.1293266639113426,43790472.49101087,-18.546647444551468,False
92700.0,2.1779972284108807e-06,9.311850703852542e-07,-1.9911199764521825e-06,-2.148385278880596,43793183.48522582,-18.575661935414967,False
93000.0,2.223885193584783e-06,8.553407724321005e-07,-2.0708746930608868e-06,-2.167598471045494,43795853.708598785,-18.604443720356954,False
93300.0,2.272537471563633e-06,7.770353249725304e-07,-2.149948585383754e-06,-2.185524597764015,43798481.94929405,-18.632979624984827,False
93600.0,2.3247635903702614e-06,6.975087671889924e-07,-2.228860278563616e-06,-2.201969340443611,43801067.01674868,-18.661256573549963,False
93900.0,2.381501607802112e-06,6.166112882510788e-07,-2.3087615552697116e-06,-2.218552440404892,43803607.74268659,-18.68926159461412,False
94200.0,2.4391746360677302e-06,5.327112262420997e-07,-2.3864227145509176e-06,-2.234523728489876,43806102.97737329,-18.71698183115749,False
94500.0,2.500505322625328e-06,4.4929299747309415e-07,-2.4640430069666763e-06,-2.249707132577896,43808551.59299036,-18.74440453584705,False
94800.0,2.5646527202683864e-06,3.6313906548457453e-07,-2.5415013311658186e-06,-2.263219967484474,43810952.482776865,-18.771517083850032,False
95100.0,2.6306994002182423e-06,2.7551425318961265e-07,-2.617738200427766e-06,-2.276781089603901,43813304.56475112,-18.798306976501635,False
95400.0,2.700101998672941e-06,1.8600047724248725e-07,-2.694356464161274e-06,-2.289178639650345,43815606.77658363,-18.824761842738607,False
95700.0,2.771340751870436e-06,9.532732292427681e-08,-2.769872008201446e-06,-2.3011888414621353,43817858.080912665,-18.850869449866988,False
96000.0,2.8455335770472325e-06,3.098250545008341e-09,-2.845532065975931e-06,-2.3114959746599197,43820057.46165251,-18.87661770274535,False
96300.0,2.9214767060809813e-06,-9.072516604646808e-08,-2.920215553814387e-06,-2.3212790191173553,43822203.928959906,-18.901994653869544,False
96600.0,2.9979104172387503e-06,-1.8576497495814692e-07,-2.9927560802889275e-06,-2.3307264298200607,43824296.516120106,-18.92698850601545,False
96900.0,3.077752164423014e-06,-2.828166998369852e-07,-3.0661065792969566e-06,-2.3391649425029755,43826334.28003821,-18.95158761302176,False
97200.0,3.1587782570898583e-06,-3.808121959991695e-07,-3.1381834872945547e-06,-2.3458447381854057,43828316.302378505,-18.975780493872744,False
97500.0,3.2419395458790347e-06,-4.792307777279348e-07,-3.2101170965859183e-06,-2.352127604186535,43830241.69209792,-18.999555829354154,False
97800.0,3.325285395388358e-06,-5.786802148577408e-07,-3.2799739528854843e-06,-2.357392080128193,43832109.58168786,-19.022902473213556,False
98100.0,3.4105152951395274e-06,-6.812209960571636e-07,-3.3491744169111826e-06,-2.3612242564558983,43833919.12969276,-19.045809450602345,False
98400.0,3.4974315122535455e-06,-7.832070139102143e-07,-3.4181988084469594e-06,-2.3649502024054527,43835669.52256158,-19.06826596720414,False
98700.0,3.584673184522426e-06,-8.88200787585447e-07,-3.4850203931569013e-06,-2.3658570870757103,43837359.96917898,-19.090261415609067,False
99000.0,3.67315259689441e-06,-9.918206274051045e-07,-3.551590367578683e-06,-2.3672782480716705,43838989.71125139,-19.111785373607663,False
99300.0,3.762712030533295e-06,-1.097068889066577e-06,-3.6171446495814052e-06,-2.366141103208065,43840558.01114708,-19.13282761563361,False
99600.0,3.853394729986771e-06,-1.2043014976370614e-06,-3.6816349400226045e-06,-2.3640888556838036,43842064.163300596,-19.153378114049218,False
99900.0,3.943769119974934e-06,-1.311538738946183e-06,-3.7441586364650448e-06,-2.3611998930573463,43843507.48820567,-19.173427045398775,False
100200.0,4.036305020622229e-06,-1.420348098690738e-06,-3.8068888663644884e-06,-2.3569148555397987,43844887.33360668,-19.192964791126016,False
100500.0,4.127655611958188e-06,-1.5280706691100931e-06,-3.867218921982385e-06,-2.3508245199918747,43846203.07554139,-19.211981950038965,False
100800.0,4.220453196536722e-06,-1.6385289427489624e-06,-3.9266656308711845e-06,-2.344439335167408,43847454.12035554,-19.230469333975197,False
101100.0,4.312277905909653e-06,-1.7487803631865972e-06,-3.983700914034216e-06,-2.3351375237107277,43848639.89888687,-19.248417979496885,False
101400.0,4.404672196917055e-06,-1.858866028214834e-06,-4.040041392983085e-06,-2.325679324567318,43849759.87620513,-19.265819146083025,False
101700.0,4.496639893489471e-06,-1.970293226349895e-06,-4.094027033829661e-06,-2.3144073113799095,43850813.54202851,-19.282664327183863,False
102000.0,4.589704205795372e-06,-2.082281753246207e-06,-4.147660806808062e-06,-2.3018088936805725,43851800.417492256,-19.298945247565584,False
102300.0,4.681813343050821e-06,-2.194299042912462e-06,-4.198949916656147e-06,-2.2868933603167534,43852720.05172179,-19.314653875299644,False
102600.0,4.773585940065267e-06,-2.305952790493393e-06,-4.248800255624019e-06,-2.2707869336009026,43853572.02561367,-19.329782419143626,False
102900.0,4.86427983502726e-06,-2.4186351481603197e-06,-4.295727961789453e-06,-2.253672242164612,43854355.94895061,-19.34432333804609,False
103200.0,4.955687155651216e-06,-2.5316680307696515e-06,-4.342086963760039e-06,-2.2348818853497505,43855071.460660376,-19.35826933907445,False
103500.0,5.046715086354893e-06,-2.6450289851709385e-06,-4.386670703127038e-06,-2.213593728840351,43855718.22966573,-19.371613388903874,False
103800.0,5.136250746943018e-06,-2.757250797458255e-06,-4.429009287321151e-06,-2.1913542672991753,43856295.95755191,-19.384348713542494,False
104100.0,5.225239358822002e-06,-2.8707607100386667e-06,-4.468871072305092e-06,-2.167796775698662,43856804.37441832,-19.396468802782458,False
104400.0,5.3143641412301005e-06,-2.9832595487278013e-06,-4.508362511757014e-06,-2.141806147992611,43857243.24016578,-19.407967411977662,False
104700.0,5.402167713188935e-06,-3.097298872489773e-06,-4.544289531338563e-06,-2.1152274012565613,43857612.34831691,-19.418838573482834,False
105000.0,5.489771257627302e-06,-3.2098426743232267e-06,-4.579795582770885e-06,-2.085768721997738,43857911.519019775,-19.429076588734794,False
105300.0,5.5749130671631325e-06,-3.3224892490579805e-06,-4.611217974570536e-06,-2.0555779114365578,43858140.607713945,-19.438676045032004,False
105600.0,5.65965983350874e-06,-3.434562302118138e-06,-4.641462204801883e-06,-2.022772617638111,43858299.49673911,-19.447631805706877,False
105900.0,5.74446331934191e-06,-3.5462599043967202e-06,-4.670987149069106e-06,-1.9890010133385658,43858388.10296299,-19.45593902259708,False
106200.0,5.827947592100469e-06,-3.6581953963832348e-06,-4.6977008238968665e-06,-1.953737087547779,43858406.3721324,-19.463593139511172,False
106500.0,5.910160424192122e-06,-3.7694038041991007e-06,-4.7223092671799805e-06,-1.9160806685686111,43858354.28071757,-19.47058989014193,False
106800.0,5.990363872743595e-06,-3.8789382870163536e-06,-4.74457953814067e-06,-1.877474956214428,43858231.83866277,-19.47692530496386,False
107100.0,6.070473355554955e-06,-3.987947906125555e-06,-4.7661289066525114e-06,-1.8366247415542603,43858039.08432587,-19.482595711498767,False
107400.0,6.147781907293026e-06,-4.095580266039178e-06,-4.7841626944489235e-06,-1.7940720915794373,43857776.08906379,-19.48759774352283,False
107700.0,6.224478020860217e-06,-4.2027974131997325e-06,-4.8007548336670425e-06,-1.7501763701438904,43857442.95521083,-19.49192833461776,False
108000.0,6.299068866573878e-06,-4.30824303521149e-06,-4.815039279293387e-06,-1.7055687084794044,43857039.8165196,-19.49558472869426,False
108300.0,6.371530961934327e-06,-4.412108580709173e-06,-4.82685350178258e-06,-1.6585074812173843,43856566.83549139,-19.49856447894267,False
108600.0,6.442585186664526e-06,-4.514794113674725e-06,-4.836836779986697e-06,-1.6110703870654106,43856024.20953146,-19.500865450204245,False
108900.0,6.511290746851532e-06,-4.615462813717386e-06,-4.8444469413766456e-06,-1.5613981783390045,43855412.16314413,-19.50248582329618,False
109200.0,6.578844260385003e-06,-4.714884084933146e-06,-4.850663241739994e-06,-1.510274201631546,43854730.954452194,-19.503424094519193,False
109500.0,6.6430985170803966e-06,-4.81203784374884e-06,-4.853468645649173e-06,-1.4577632248401642,43853980.87176365,-19.503679082248908,False
109800.0,6.706036962003162e-06,-4.907031097900472e-06,-4.8555003679950914e-06,-1.404697448015213,43853162.23497404,-19.50324992122145,False
110100.0,6.7662458383893575e-06,-5.00030802186302e-06,-4.854442135382442e-06,-1.3501963391900063,43852275.39299104,-19.50213607393417,False
110400.0,6.822701274232902e-06,-5.0903668409318925e-06,-4.850236415165909e-06,-1.2953195795416832,43851320.72728024,-19.500337325080483,False
110700.0,6.878208817033243e-06,-5.1798295430671715e-06,-4.844393483693921e-06,-1.2384122461080551,43850298.64709171,-19.49785378373762,False
111000.0,6.929678996811804e-06,-5.264776632429857e-06,-4.836267262220417e-06,-1.1815229877829552,43849209.595747985,-19.49468588843577,False
111300.0,6.980180984731298e-06,-5.349601394755155e-06,-4.826039432970219e-06,-1.1236921399831772,43848054.04379034,-19.490834405361827,False
111600.0,7.0268286125956685e-06,-5.431137765299354e-06,-4.812631097195208e-06,-1.0644008815288544,43846832.49227457,-19.486300431475932,False
111900.0,7.069956089697478e-06,-5.509174627604807e-06,-4.796758691583136e-06,-1.0053883269429207,43845545.47442343,-19.481085392321933,False
112200.0,7.1119084702797666e-06,-5.585281172670875e-06,-4.780312515606511e-06,-0.9458989500999451,43844193.550697826,-19.47519104334776,False
112500.0,7.150142481939236e-06,-5.658736483837856e-06,-4.76027816986857e-06,-0.8857460170984268,43842777.311672755,-19.468619476515585,False
112800.0,7.186740438244206e-06,-5.730339097453907e-06,-4.738927952274707e-06,-0.8248848840594292,43841297.37741177,-19.461373110469207,False
113100.0,7.2194510950194735e-06,-5.7991468906948285e-06,-4.713862217897713e-06,-0.7639711201190948,43839754.39781516,-19.453454700676883,False
113400.0,7.249335005534661e-06,-5.86425426263304e-06,-4.68769640704636e-06,-0.7032069340348244,43838149.05124509,-19.44486732975208,False
113700.0,7.275748989545652e-06,-5.926895852326197e-06,-4.658094116649636e-06,-0.6426987051963806,43836482.04465097,-19.435614417247038,False
114000.0,7.300462262758139e-06,-5.986767689591943e-06,-4.6281593419905676e-06,-0.5820352807641029,43834754.1129042,-19.425699708905604,False
114300.0,7.322580499400918e-06,-6.045145369171223e-06,-4.595036866561486e-06,-0.5206849873065948,43832966.01894112,-19.415127287523333,False
114600.0,7.341149470254252e-06,-6.100008761222853e-06,-4.559537977399941e-06,-0.4601146727800369,43831118.555616565,-19.40390156259511,False
114900.0,7.356124968423189e-06,-6.151521859010245e-06,-4.5214064243737084e-06,-0.3991764411330223,43829212.540814586,-19.392027274133913,False
115200.0,7.370480199292976e-06,-6.202003191901895e-06,-4.4826761325111875e-06,-0.33921758085489273,43827248.82227133,-19.379509488207084,False
115500.0,7.380121874899271e-06,-6.247922044622101e-06,-4.440974716857227e-06,-0.279373399913311,43825228.2725701,-19.366353602334247,False
115800.0,7.388708448031505e-06,-6.292843863775488e-06,-4.397920360332819e-06,-0.2194259986281395,43823151.79169163,-19.352565335598307,False
116100.0,7.39376438470768e-06,-6.334938120744482e-06,-4.351660127355217e-06,-0.1605764925479889,43821020.307467006,-19.33815073441923,False
116400.0,7.39727224077361e-06,-6.3741605913492094e-06,-4.305618407585143e-06,-0.10140544921159744,43818834.77120812,-19.323116161921355,False
116700.0,7.3970146005834525e-06,-6.4104509647222585e-06,-4.25609829690643e-06,-0.043343037366867065,43816596.162837215,-19.307468308250225,False
117000.0,7.395687326177135e-06,-6.445788471864944e-06,-4.205085414099585e-06,0.013720065355300903,43814305.48614637,-19.291214175488165,False
117300.0,7.3907426752217695e-06,-6.477055706000101e-06,-4.152345873364993e-06,0.07086861878633499,43811963.7689996,-19.274361083077267,False
117600.0,7.384691882268823e-06,-6.506620479740377e-06,-4.099086432063359e-06,0.12696172297000885,43809572.06616124,-19.256916661480307,False
117900.0,7.3761053815113524e-06,-6.534437233085555e-06,-4.042783832147734e-06,0.18339179456233978,43807131.45415356,-19.23888885447196,False
118200.0,7.364320574638851e-06,-6.558359928021673e-06,-3.985284738661221e-06,0.23798991739749908,43804643.03695731,-19.22028590796083,False
118500.0,7.3514792359401464e-06,-6.581530357152587e-06,-3.925946522542745e-06,0.2926521673798561,43802107.93798049,-19.20111637356942,False
118800.0,7.335590288353325e-06,-6.6007934833578474e-06,-3.865735770602896e-06,0.34696633368730545,43799527.306016125,-19.181389101058198,False
119100.0,7.3188422392440706e-06,-6.619599872692561e-06,-3.803560474580081e-06,0.4003102481365204,43796902.31271724,-19.16111323831583,False
119400.0,7.298635969765301e-06,-6.634314559050836e-06,-3.740024130394204e-06,0.4528679698705673,43794234.15114353,-19.140298223729825,False
119700.0,7.27746885086074e-06,-6.648236990258738e-06,-3.674779733842115e-06,0.5050524100661278,43791524.03589041,-19.1189537847603,False
120000.0,7.2538174122718255e-06,-6.659290505695026e-06,-3.6081208598659487e-06,0.5560172498226166,43788773.20411777,-19.09708993207972,False
120300.0,7.22837261481124e-06,-6.667737864063383e-06,-3.5410144185732406e-06,0.6060187667608261,43785982.91271794,-19.07471695507721,False
120600.0,7.201189162796326e-06,-6.674557198493858e-06,-3.4719287960172096e-06,0.656963512301445,43783154.43728651,-19.051845420373326,False
120900.0,7.172265411927449e-06,-6.679433340650576e-06,-3.4013467278271037e-06,0.7063290700316429,43780289.077709,-19.028486162459036,False
121200.0,7.141463170337197e-06,-6.681666718577617e-06,-3.33018810394492e-06,0.7544094696640968,43777388.15041151,-19.0046502802359,False
121500.0,7.109556867121493e-06,-6.6825583644458675e-06,-3.2577823851909216e-06,0.8028380274772644,43774452.989322856,-18.980349133818606,False
121800.0,7.074254849409304e-06,-6.679363934836147e-06,-3.1841398815402044e-06,0.8504013493657112,43771484.94953378,-18.955594336854464,False
122100.0,7.037688691527829e-06,-6.675140497236498e-06,-3.108238264104557e-06,0.8977986127138138,43768485.401999764,-18.930397752645312,False
122400.0,6.999750667469169e-06,-6.668766161510575e-06,-3.0319132093836743e-06,0.9442597776651382,43765455.736373186,-18.904771484485867,False
122700.0,6.9595687622338465e-06,-6.659547636900243e-06,-2.954522653197955e-06,0.9901073053479195,43762397.3578805,-18.87872787505268,False
123000.0,6.918632298130951e-06,-6.6490341339431325e-06,-2.876432194653944e-06,1.0347156375646591,43759311.68879009,-18.85227949679859,False
123300.0,6.8746381547349505e-06,-6.6348418386041885e-06,-2.7970124207854496e-06,1.0800099447369576,43756200.16432894,-18.825439147665357,False
123600.0,6.829542777153531e-06,-6.619502869398275e-06,-2.71564240605926e-06,1.1236249655485153,43753064.23892788,-18.79821984362508,False
123900.0,6.782013404552493e-06,-6.600670644729689e-06,-2.6340252574641454e-06,1.167393483221531,43749905.377125256,-18.770634809746518,False
124200.0,6.733235928321073e-06,-6.5804294990812195e-06,-2.5505229714894995e-06,1.2108212262392044,43746725.05947247,-18.74269747908478,False
124500.0,6.68240105053775e-06,-6.5572359062571195e-06,-2.4664812059427277e-06,1.2533262968063354,43743524.77966354,-18.714421479426974,False
124800.0,6.630278347738225e-06,-6.53214416956871e-06,-2.3814542373656877e-06,1.2951141744852066,43740306.04301701,-18.685820630987557,False
125100.0,6.576776601767778e-06,-6.504773068627401e-06,-2.296079546937335e-06,1.3369826078414917,43737070.366016746,-18.656908936310252,False
125400.0,6.520364319138138e-06,-6.4739575691419304e-06,-2.208894603228373e-06,1.377071738243103,43733819.27889569,-18.627700576086767,False
125700.0,6.4634040900105244e-06,-6.442131450512534e-06,-2.1203450941698065e-06,1.4172733798623085,43730554.31854913,-18.59820989764854,False
126000.0,6.404249589582377e-06,-6.406953900750523e-06,-2.0317054456597816e-06,1.4574506729841232,43727277.03362611,-18.568451408417104,False
126300.0,6.342813321211224e-06,-6.368645983911847e-06,-1.9420755172916415e-06,1.4969797804951668,43723988.982287556,-18.538439771151424,False
126600.0,6.279894843572225e-06,-6.3283626445809205e-06,-1.8505382115563407e-06,1.5358248353004456,43720691.73042017,-18.508189793916188,False
126900.0,6.215638643527549e-06,-6.2854296913883445e-06,-1.7595202592701753e-06,1.573433369398117,43717386.85201886,-18.477716418731724,False
127200.0,6.149599362252738e-06,-6.240137537361079e-06,-1.6664685240641575e-06,1.6109183952212334,43714075.926271655,-18.447034721799998,False
127500.0,6.081935848047957e-06,-6.192030269858151e-06,-1.5733048996935395e-06,1.6474377289414406,43710760.540437065,-18.416159895849276,False
127800.0,6.012590011493208e-06,-6.1414374954438244e-06,-1.4785285529228531e-06,1.6832408532500267,43707442.28604361,-18.38510724973391,False
128100.0,5.941288659914043e-06,-6.0878586509716115e-06,-1.3826390095061925e-06,1.7192161604762077,43704122.758578815,-18.353892194623004,False
128400.0,5.869123883210433e-06,-6.031828689856411e-06,-1.2881127418040705e-06,1.754416547715664,43700803.559190564,-18.322530235549795,False
128700.0,5.795368266988994e-06,-5.973470308617834e-06,-1.1910441948259631e-06,1.788138560950756,43697486.29182505,-18.291036971218293,False
129000.0,5.720960950922917e-06,-5.913059140993937e-06,-1.0943261301576968e-06,1.8209245279431343,43694172.56143316,-18.259428072197842,False
129300.0,5.6445944953315085e-06,-5.849500269050623e-06,-9.962751157388539e-07,1.8544778749346733,43690863.9732549,-18.227719283606547,False
129600.0,5.567166636744443e-06,-5.783620679267187e-06,-8.971303628868554e-07,1.885582074522972,43687562.138092,-18.195926409861208,False
129900.0,5.4890677290964955e-06,-5.715563190733519e-06,-7.980513103689191e-07,1.916487231850624,43684268.66110519,-18.164065306875912,False
130200.0,5.409386493107e-06,-5.644386078529351e-06,-6.985482272625632e-07,1.9474059715867043,43680985.14849484,-18.13215187578036,False
130500.0,5.329314485074676e-06,-5.571317075236948e-06,-5.983463964298608e-07,1.9766328558325768,43677713.206551224,-18.1002020521648,False
130800.0,5.247761630340777e-06,-5.495084138829043e-06,-4.976748257945474e-07,2.005017042160034,43674454.43634538,-18.06823179686706,False
131100.0,5.166777823452569e-06,-5.4177492643248115e-06,-3.967116306569096e-07,2.032441519200802,43671210.43640753,-18.03625708757595,False
131400.0,5.084147334643615e-06,-5.3368611929727194e-06,-2.9583620175799297e-07,2.0591555759310722,43667982.8005472,-18.004293909608478,False
131700.0,5.001461717989193e-06,-5.254038740076794e-06,-1.9470326861892318e-07,2.085944101214409,43664773.11683183,-17.972358247851442,False
132000.0,4.918791950700923e-06,-5.169284918338235e-06,-9.158429747913033e-08,2.1110464856028557,43661582.969811864,-17.94046607842948,False
132300.0,4.8361705825826365e-06,-5.0824122013182205e-06,1.0317613430288475e-08,2.1350691989064217,43658413.934748724,-17.90863335340019,False
132600.0,4.753806681541881e-06,-4.993580233758621e-06,1.1221578688491718e-07,2.1577332094311714,43655267.58000542,-17.876876001118767,False
132900.0,4.671099695773805e-06,-4.90199994374052e-06,2.148860538397912e-07,2.1804442405700684,43652145.46361213,-17.845209912415683,False
133200.0,4.589497150464684e-06,-4.809055894838821e-06,3.1762403907009684e-07,2.2019859701395035,43649049.13670757,-17.813650930605135,False
133500.0,4.5086139238195214e-06,-4.714195426913648e-06,4.204014558695235e-07,2.2215721160173416,43645980.13962077,-17.782214844720535,False
133800.0,4.427802795651515e-06,-4.61654440186976e-06,5.23434135146772e-07,2.2416293025016785,43642939.998222396,-17.750917380196228,False
134100.0,4.349015752159919e-06,-4.5181871541899454e-06,6.252982522880757e-07,2.2601412311196327,43639930.230715185,-17.71977418813747,False
134400.0,4.270691357804536e-06,-4.417063394157594e-06,7.277476896661028e-07,2.2775327563285828,43636952.33988641,-17.6888008413402,False
134700.0,4.194379084933607e-06,-4.314831357987714e-06,8.295210314201995e-07,2.293339356780052,43634007.8155771,-17.658012819353363,False
135000.0,4.120689555703931e-06,-4.211565908462944e-06,9.323996721377625e-07,2.309619404375553,43631098.13041148,-17.627425505853765,False
135300.0,4.04790825399533e-06,-4.105981872726261e-06,1.0331308288868968e-06,2.323968783020973,43628224.74592816,-17.59705417195311,False
135600.0,3.977574097260882e-06,-3.998466922894295e-06,1.1356761007164096e-06,2.3373773470520973,43625389.103873745,-17.566913979903386,False
135900.0,3.909663806029702e-06,-3.889887125296809e-06,1.2361582584219377e-06,2.3498203232884407,43622592.62976743,-17.537019959581475,False
136200.0,3.845136942924582e-06,-3.7804340706770745e-06,1.3366989222163284e-06,2.360944487154484,43619836.73137648,-17.507387013949728,False
136500.0,3.783285556530593e-06,-3.668986835236865e-06,1.4373814103407767e-06,2.371409557759762,43617122.79654382,-17.478029902734537,False
136800.0,3.724716499892192e-06,-3.557004106369277e-06,1.5358541709531437e-06,2.3808031231164932,43614452.19444989,-17.44896323384407,False
137100.0,3.6698174679802864e-06,-3.442870934122766e-06,1.6360249581737207e-06,2.3895968571305275,43611826.27284158,-17.420201463980938,False
137400.0,3.6184018898441017e-06,-3.3278010960202664e-06,1.7343538338820963e-06,2.3966559395194054,43609246.359717496,-17.39175887696329,False
137700.0,3.5713634741659664e-06,-3.211883097264945e-06,1.8322777535217938e-06,2.4026040956377983,43606713.759167686,-17.363649588294603,False
138000.0,3.5286315378576665e-06,-3.095321631008119e-06,1.9289639290320792e-06,2.4076017066836357,43604229.75281106,-17.335887530182664,False
138300.0,3.4905409845332287e-06,-2.977109488710994e-06,2.0261362614348855e-06,2.4117383286356926,43601795.598630406,-17.308486448759517,False
138600.0,3.4579115523156866e-06,-2.8592022545126383e-06,2.1221561290474256e-06,2.4151975214481354,43599412.53004718,-17.281459890688,False
138900.0,3.4280271503085687e-06,-2.7390340164856752e-06,2.2156601708900325e-06,2.41627037525177,43597081.75716093,-17.25482119946218,False
139200.0,3.404622289273529e-06,-2.618522728425887e-06,2.310042056308248e-06,2.4174143597483635,43594804.45995736,-17.228583512695838,False
139500.0,3.3865818570705443e-06,-2.497935611245339e-06,2.403131752259924e-06,2.4162062481045723,43592581.79663689,-17.202759744754857,False
139800.0,3.3729332277090223e-06,-2.3746943043079227e-06,2.4958675730601954e-06,2.4143728092312813,43590414.893880725,-17.177362588535757,False
140100.0,3.3645874627195e-06,-2.252486126508302e-06,2.5861239194568952e-06,2.4121823385357857,43588304.85177233,-17.152404502556664,False
140400.0,3.3622602962334477e-06,-2.129345659795945e-06,2.67655397578892e-06,2.407269224524498,43586252.74430232,-17.127897712224268,False
140700.0,3.3639373357770326e-06,-2.0052091826983087e-06,2.7645985909430237e-06,2.401843011379242,43584259.61150637,-17.103854193433865,False
141000.0,3.371893829576251e-06,-1.882074286641e-06,2.851848108775812e-06,2.394955649971962,43582326.466563046,-17.08028567569138,False
141300.0,3.38496160557129e-06,-1.757005662739175e-06,2.9387937345859427e-06,2.387072876095772,43580454.290605895,-17.057203630799325,False
141600.0,3.4017136264056797e-06,-1.6321386624440493e-06,3.0226463856308783e-06,2.3777828961610794,43578644.03441758,-17.034619264787803,False
141900.0,3.424652909252619e-06,-1.5064856313529162e-06,3.1069319277321483e-06,2.367025390267372,43576896.616623566,-17.01254352180293,False
142200.0,3.451785270132219e-06,-1.382430099283738e-06,3.1885584164115244e-06,2.3548550456762314,43575212.92337161,-16.990987065652497,False
142500.0,3.482976650682371e-06,-1.2567083444992022e-06,3.2689982596423306e-06,2.3408565297722816,43573593.808380485,-16.96996028565392,False
142800.0,3.5182343784357493e-06,-1.132040807760859e-06,3.347442483203622e-06,2.3256363719701767,43572040.090933524,-16.949473284645393,False
143100.0,3.55714760935549e-06,-1.0062310593639268e-06,3.4244200897148858e-06,2.308479778468609,43570552.55772882,-16.929535877655955,False
143400.0,3.6000554740800286e-06,-8.811288125798455e-07,3.4999569784588402e-06,2.2901333421468735,43569131.95962606,-16.910157585311172,False
143700.0,3.6470600563069907e-06,-7.574384994768479e-07,3.5743207753569095e-06,2.2703613713383675,43567779.01364235,-16.8913476300241,False
144000.0,3.696667911085752e-06,-6.327917390080984e-07,3.646733173212624e-06,2.2490531653165817,43566494.401420265,-16.873114930354173,False
144300.0,3.749042716896482e-06,-5.086168357593124e-07,3.717308150186227e-06,2.2263389602303505,43565278.768710904,-16.855468098795384,False
144600.0,3.8032084672148484e-06,-3.857086880998395e-07,3.7852486016731746e-06,2.202122025191784,43564132.725464374,-16.838415436027674,False
144900.0,3.859263780171512e-06,-2.630630433486658e-07,3.8510401942914996e-06,2.175309993326664,43563056.846245565,-16.82196492937205,False
145200.0,3.91825524388137e-06,-1.4097389566813945e-07,3.9159305238456454e-06,2.1470480114221573,43562051.66667226,-16.80612424873862,False
145500.0,3.978271234800599e-06,-2.0002801193186315e-08,3.97822514486279e-06,2.117157682776451,43561117.68667248,-16.790900739601472,False
145800.0,4.040089525634334e-06,1.0089314628203283e-07,4.038934516614745e-06,2.0856391713023186,43560255.368703336,-16.776301425533276,False
146100.0,4.102647451060495e-06,2.195306478824932e-07,4.097258962332262e-06,2.0530102625489235,43559465.1371583,-16.762333000790044,False
146400.0,4.166703113966652e-06,3.3777541830204427e-07,4.154130195388461e-06,2.0177846252918243,43558747.38066054,-16.749001831163238,False
146700.0,4.230019645313874e-06,4.5414603278004506e-07,4.207602739114691e-06,1.9808479025959969,43558102.4474838,-16.73631394689357,False
147000.0,4.294484546995362e-06,5.715869235700666e-07,4.259453103117039e-06,1.942051500082016,43557530.64878135,-16.72427504700552,False
147300.0,4.3579726885812396e-06,6.856721483927686e-07,4.308208527703528e-06,1.9019195511937141,43557032.25672717,-16.712890490281957,False
147600.0,4.423164606171553e-06,7.984291983120784e-07,4.35655260488943e-06,1.8599756211042404,43556607.50606339,-16.702165300828828,False
147900.0,4.486983383351723e-06,9.119884225583519e-07,4.401126474817829e-06,1.8160838335752487,43556256.592658766,-16.692104156246085,False
148200.0,4.5501856562980266e-06,1.0224723894225463e-06,4.4435228438999275e-06,1.770517386496067,43555979.67336569,-16.68271139720203,False
148500.0,4.612940638736163e-06,1.131378212448908e-06,4.483813526690028e-06,1.7234306260943413,43555776.86649924,-16.673991019751952,False
148800.0,4.6754099109437394e-06,1.2390037795739772e-06,4.522232927683945e-06,1.6732118055224419,43555648.25346114,-16.66594667602057,False
149100.0,4.735264271852597e-06,1.3447422588797053e-06,4.556643730779797e-06,1.6221502721309662,43555593.87307492,-16.658581670874884,False
149400.0,4.7944773167829065e-06,1.4490366879726935e-06,4.5890872506504365e-06,1.5693081989884377,43555613.72874186,-16.6518989678885,False
149700.0,4.852255063224995e-06,1.5526218248851364e-06,4.618609544593255e-06,1.5155983492732048,43555707.7834162,-16.64590118178535,False
150000.0,4.907634224098394e-06,1.6527327488802257e-06,4.6451426243265814e-06,1.4589098319411278,43555875.964557394,-16.640590582142956,False
150300.0,4.961849976879279e-06,1.7521597897030006e-06,4.669209726415602e-06,1.4017611593008041,43556118.15658003,-16.63596909311953,False
150600.0,5.012505250808345e-06,1.8495040876587154e-06,4.688792913043471e-06,1.3421260192990303,43556434.21015569,-16.632038290543107,False
150900.0,5.062337971701096e-06,1.9441317817836534e-06,4.707137676973616e-06,1.2811739221215248,43556823.93462415,-16.628799410134622,False
151200.0,5.108435861513647e-06,2.0369118942653586e-06,4.720887815778951e-06,1.2196093872189522,43557287.101830445,-16.626253336255196,False
151500.0,5.152532746806088e-06,2.127566830267824e-06,4.73207732554215e-06,1.1551834344863892,43557823.44881336,-16.624400614702452,False
151800.0,5.194241167522945e-06,2.2154844714350475e-06,4.740619299781201e-06,1.0902467146515846,43558432.67047566,-16.623241446193024,False
152100.0,5.232473155591449e-06,2.3013947441086202e-06,4.745080939727586e-06,1.0247202962636948,43559114.42685995,-16.62277568831705,False
152400.0,5.268395577870807e-06,2.3855220376844954e-06,4.7466822152841814e-06,0.9569342657923698,43559868.34257951,-16.623002860900137,False
152700.0,5.299852683538545e-06,2.466101506115592e-06,4.743895516412522e-06,0.8881048336625099,43560694.00263302,-16.623922142146256,False
153000.0,5.328537552595384e-06,2.543917219099967e-06,4.738308632568078e-06,0.8190753161907196,43561590.95597731,-16.625532376220253,False
153300.0,5.354371688881236e-06,2.6190159587713424e-06,4.729874621745012e-06,0.74857197701931,43562558.71760701,-16.62783207039194,False
153600.0,5.376338254263057e-06,2.6916789863662416e-06,4.717345145621721e-06,0.6769104897975922,43563596.765204474,-16.630819397532505,False
153900.0,5.394800971174401e-06,2.7614688065114024e-06,4.701391002726041e-06,0.6050968393683434,43564704.540416144,-16.6344922014656,False
154200.0,5.409359951854881e-06,2.827862431331596e-06,4.68188242663814e-06,0.5329834371805191,43565881.451093696,-16.638847996640596,False
154500.0,5.420573402965538e-06,2.8916600456341257e-06,4.659065641732241e-06,0.45962385833263397,43567126.87135635,-16.643883971860546,False
154800.0,5.427348915170089e-06,2.9524694582505617e-06,4.631916063146946e-06,0.38544027507305145,43568440.139859706,-16.649596991343234,False
155100.0,5.430623703077174e-06,3.0098156571511936e-06,4.6018379400436515e-06,0.3121686354279518,43569820.56030535,-16.655983601278585,False
155400.0,5.43063732720812e-06,3.0642007970982377e-06,4.56886177246929e-06,0.2382587492465973,43571267.40651381,-16.663040029032427,False
155700.0,5.427525237000313e-06,3.116525391533287e-06,4.532616493690966e-06,0.1634979173541069,43572779.91829148,-16.670762187266977,False
156000.0,5.4194328866987296e-06,3.164797874433134e-06,4.492146338463954e-06,0.08914154022932053,43574357.30180757,-16.679145677045682,False
156300.0,5.407252403167918e-06,3.2085717407426273e-06,4.448864206807457e-06,0.014303386211395264,43575998.7337279,-16.688185794209694,False
156600.0,5.3929334042964515e-06,3.251758130318194e-06,4.402583066109855e-06,-0.059734322130680084,43577703.35744478,-16.69787752896263,False
156900.0,5.3729255066779785e-06,3.2902360089792637e-06,4.3517203245357905e-06,-0.13366632908582687,43579470.28777753,-16.708215569754916,False
157200.0,5.351729304960262e-06,3.3262617762375157e-06,4.3003085181680945e-06,-0.20699502527713776,43581298.60837319,-16.71919431409677,False
157500.0,5.325005055730398e-06,3.357905484335788e-06,4.244358425609107e-06,-0.2809217721223831,43583187.37518177,-16.730807858841192,False
157800.0,5.294693197682415e-06,3.3876899863116705e-06,4.184467012890991e-06,-0.35287266224622726,43585135.611579664,-16.743050016825865,False
158100.0,5.26184935840584e-06,3.4135991882067174e-06,4.123457156168797e-06,-0.4259747788310051,43587142.31845636,-16.755914318655755,False
158400.0,5.2251177868144214e-06,3.436708880144579e-06,4.058827421715705e-06,-0.49771029502153397,43589206.46349118,-16.769394009400898,False
158700.0,5.184509137370845e-06,3.456249146438495e-06,3.991178346041124e-06,-0.5686659440398216,43591326.990537465,-16.783482061371437,False
159000.0,5.141745348830721e-06,3.4741185004349973e-06,3.9212384308484616e-06,-0.6381696611642838,43593502.81590456,-16.798171175588546,False
159300.0,5.095474242876077e-06,3.4881148849308374e-06,3.849014532875117e-06,-0.707698680460453,43595732.832422055,-16.813453785472408,False
159600.0,5.045051890261066e-06,3.4984709600394126e-06,3.7734840496739253e-06,-0.7764483168721199,43598015.90567457,-16.8293220611597,False
159900.0,4.991860878527558e-06,3.505565388195464e-06,3.696179039280878e-06,-0.8446445092558861,43600350.87798938,-16.845767917796177,False
160200.0,4.937628234756051e-06,3.512148794015957e-06,3.617036004044394e-06,-0.9113218411803246,43602736.56689845,-16.86278301617565,False
160500.0,4.879091869091919e-06,3.5147062931173423e-06,3.5346796849466955e-06,-0.9772882834076881,43605171.768795095,-16.880358767887593,False
160800.0,4.81713814666278e-06,3.5140485294959944e-06,3.4495867033967897e-06,-1.042317971587181,43607655.256826274,-16.898486343416035,False
161100.0,4.753386939649153e-06,3.5105507265598135e-06,3.363665481259659e-06,-1.1065017729997635,43610185.78294948,-16.917156676723106,False
161400.0,4.686957435028712e-06,3.504514381802437e-06,3.2753901884063907e-06,-1.1693288087844849,43612762.07772699,-16.936360465448544,False
161700.0,4.617364155388989e-06,3.4950666645272577e-06,3.184890335461432e-06,-1.2310753986239433,43615382.85243324,-16.956088181126045,False
162000.0,4.547518552218723e-06,3.484999780312137e-06,3.0935555273003956e-06,-1.2918423414230347,43618046.79881578,-16.97633007396961,False
162300.0,4.472946328166911e-06,3.470259798632469e-06,2.998937606690788e-06,-1.3511315882205963,43620752.58940005,-16.997076173009575,False
162600.0,4.39776723007051e-06,3.453347261483941e-06,2.904530497005453e-06,-1.4105080887675285,43623498.88088382,-17.018316301155505,False
162900.0,4.319262263346336e-06,3.4342268122600217e-06,2.8062224046720985e-06,-1.4677650481462479,43626284.3090381,-17.040040066975095,False
163200.0,4.2398563978922204e-06,3.4126444461435312e-06,2.7079238726912536e-06,-1.5240182131528854,43629107.49654041,-17.062236885691778,False
163500.0,4.158549618546629e-06,3.388847005680873e-06,2.607772536578068e-06,-1.5800700262188911,43631967.050080314,-17.084895970796218,False
163800.0,4.074948033079907e-06,3.3623804256421863e-06,2.5055870693790894e-06,-1.6347837299108505,43634861.559476875,-17.108006346942254,False
164100.0,3.989983373473614e-06,3.333160520924139e-06,2.4029178753437463e-06,-1.6875022798776627,43637789.60084252,-17.131556855471157,False
164400.0,3.902714408668937e-06,3.300904296565932e-06,2.298525096477988e-06,-1.7398988008499146,43640749.739179246,-17.155536155391637,False
164700.0,3.8143164439390433e-06,3.2675481804744777e-06,2.1917224728440488e-06,-1.7917835488915443,43643740.52493213,-17.17993273225191,False
165000.0,3.7248865742879314e-06,3.231056041386182e-06,2.0852883722000115e-06,-1.8414155840873718,43646760.495047525,-17.204734906601033,False
165300.0,3.6339709371632726e-06,3.1923920573717623e-06,1.9770063026669504e-06,-1.8913357257843018,43649808.17955216,-17.22993083110024,False
165600.0,3.542089473621159e-06,3.1518516152573284e-06,1.8671771115919e-06,-1.9393999576568604,43652882.09333194,-17.255508503623158,False
165900.0,3.448736290288052e-06,3.107965483195585e-06,1.756917939133018e-06,-1.986791081726551,43655980.7448879,-17.281455771157816,False
166200.0,3.353814517891526e-06,3.061804534354451e-06,1.6441298349434419e-06,-2.0321804359555244,43659102.63124043,-17.30776033138944,False
166500.0,3.2585286652493126e-06,3.0130862285204785e-06,1.5314255108478392e-06,-2.077311620116234,43662246.24425382,-17.33440974625414,False
166800.0,3.163992846179476e-06,2.9635862119903322e-06,1.4177596376896417e-06,-2.12197857350111,43665410.06635251,-17.36139143920256,False
167100.0,3.067452421984829e-06,2.9100473284415784e-06,1.302775146427848e-06,-2.1656602397561073,43668592.57289145,-17.388692705185754,False
167400.0,2.9711813184095995e-06,2.8550736885790684e-06,1.1860619260062322e-06,-2.207525461912155,43671792.2328936,-17.416300715557277,False
167700.0,2.8738925373766417e-06,2.7964596824858745e-06,1.0685699898260737e-06,-2.248681493103504,43675007.51202765,-17.44420252513162,False
168000.0,2.778109492251452e-06,2.7364801837848063e-06,9.511171263909546e-07,-2.2882939130067825,43678236.86945357,-17.472385076338334,False
168300.0,2.68282385444889e-06,2.674196196039702e-06,8.324239395562927e-07,-2.3278687968850136,43681478.76282632,-17.50083520290081,False
168600.0,2.5878984954634316e-06,2.609225191463338e-06,7.118908804670809e-07,-2.3662281185388565,43684731.64398868,-17.52953963825577,False
168900.0,2.4952254552996887e-06,2.5424721457056876e-06,5.918540182392462e-07,-2.4036889374256134,43687993.96386331,-17.55848502344631,False
169200.0,2.403253727443928e-06,2.472219364335615e-06,4.709505212474596e-07,-2.4393515437841415,43691264.17044903,-17.587657906119198,False
169500.0,2.3150961892491743e-06,2.4012146013774327e-06,3.492618283473803e-07,-2.474316567182541,43694540.71274117,-17.61704475129395,False
169800.0,2.228746724607636e-06,2.326797925888968e-06,2.2550823430833589e-07,-2.5087680891156197,43697822.03851246,-17.64663194417436,False
170100.0,2.145788849157377e-06,2.249563351597317e-06,1.0219703483471676e-07,-2.5412132516503334,43701106.59424537,-17.676405800905325,False
170400.0,2.068669270090313e-06,2.171408482354309e-06,-2.2762964846378964e-08,-2.5726024210453033,43704392.82993914,-17.706352565786638,False
170700.0,1.9966541089492163e-06,2.0905829387629637e-06,-1.4730418129715872e-07,-2.6035661846399307,43707679.19702803,-17.736458425618018,False
171000.0,1.9304530064685795e-06,2.006794488806918e-06,-2.727751500231079e-07,-2.63383761793375,43710964.14847889,-17.766709507701847,False
171300.0,1.8720483860843092e-06,1.9209797414987406e-06,-3.989201360354855e-07,-2.6618716940283775,43714246.1390796,-17.79709189042818,False
171600.0,1.822732284867556e-06,1.8332186755287694e-06,-5.259850155425738e-07,-2.6887606605887413,43717523.63001751,-17.827591606721455,False
171900.0,1.7819789415542812e-06,1.7419792470718676e-06,-6.529365172980306e-07,-2.714733064174652,43720795.08603514,-17.858194651361114,False
172200.0,1.7533763157990455e-06,1.6501062418683432e-06,-7.799945684894283e-07,-2.7404851838946342,43724058.97741168,-17.88888698397498,False
172500.0,1.736562426302331e-06,1.555751452997356e-06,-9.07975429953467e-07,-2.76383538544178,43727313.77726104,-17.919654535209077,False
172800.0,1.7309131428617904e-06,1.4577207707588968e-06,-1.035831555640243e-06,-2.786966286599636,43730557.96941092,-17.950483214685654,False
173100.0,2.138282605279177e-06,2.0971939420633134e-06,-7.701832309692236e-07,-2.4292439222335815,43733789.66165268,-17.981359305160392,False
173400.0,2.1223082938514916e-06,2.031524786616501e-06,-8.784767864256082e-07,-2.4523217380046844,43737008.11205483,-18.012267920105504,False
173700.0,2.1140474343966947e-06,1.96544090158568e-06,-9.883480167616199e-07,-2.474700167775154,43740211.443578534,-18.043195304758942,False
174000.0,2.109579998890076e-06,1.8947955595649546e-06,-1.098021431999996e-06,-2.497398555278778,43743398.170520775,-18.074127332617337,False
174300.0,2.112501899663153e-06,1.8234908338854439e-06,-1.207749342313491e-06,-2.5185254365205765,43746566.81370001,-18.10504987953746,False
174600.0,2.121787750499694e-06,1.7502193543350586e-06,-1.3173904918062362e-06,-2.5390562042593956,43749715.90682958,-18.13594883156851,False
174900.0,2.136728224424483e-06,1.6740751789257047e-06,-1.4267138865875495e-06,-2.5588082373142242,43752843.99308176,-18.16681009004552,False
175200.0,2.158625732638312e-06,1.5961937265274173e-06,-1.5363323200290324e-06,-2.5781105905771255,43755949.62733912,-18.197619576037408,False
175500.0,2.187765327304687e-06,1.5165552440521424e-06,-1.6466389105573853e-06,-2.596840240061283,43759031.375805356,-18.22836323677813,False
175800.0,2.2223348970154267e-06,1.43365031135545e-06,-1.7564690750759837e-06,-2.614286996424198,43762087.81643811,-18.259027052358498,False
176100.0,2.262744594346213e-06,1.348735111150745e-06,-1.8654961593256303e-06,-2.6312749162316322,43765117.54163076,-18.28959703866885,False
176400.0,2.3099049280070903e-06,1.2616725371117354e-06,-1.9751240358800715e-06,-2.6475930586457253,43768119.15619688,-18.32005925183186,False
176700.0,2.362795295327209e-06,1.1727506716852076e-06,-2.0841728627374323e-06,-2.663515754044056,43771091.279436946,-18.3503997978277,False
177000.0,2.4220316810467934e-06,1.082765322735213e-06,-2.193268898054157e-06,-2.677352726459503,43774032.54322792,-18.38060483340053,False
177300.0,2.485792329322462e-06,9.901386306410132e-07,-2.3014293830669885e-06,-2.691437892615795,43776941.59854459,-18.410660574757205,False
177600.0,2.554952484380409e-06,8.948037759637373e-07,-2.409817994930563e-06,-2.7042166143655777,43779817.108072095,-18.44055329908118,False
177900.0,2.6290506613968697e-06,7.984627359292062e-07,-2.5176089621936626e-06,-2.716228097677231,43782657.75270688,-18.470269353923285,False
178200.0,2.708449193529698e-06,7.006553346400324e-07,-2.6256817768910423e-06,-2.7273664623498917,43785462.22932908,-18.49979515874952,False
178500.0,2.7910869374850045e-06,5.994981506773911e-07,-2.7325927725030397e-06,-2.7375699132680893,43788229.25199619,-18.529117214197246,False
178800.0,2.877789860841121e-06,4.960685942023702e-07,-2.839105036400724e-06,-2.7458589896559715,43790957.55147874,-18.558222102759675,False
179100.0,2.9689323585568093e-06,3.9158894082902407e-07,-2.945640304119479e-06,-2.754452809691429,43793645.8798671,-18.587096496534464,False
179400.0,3.0631031502762858e-06,2.859330265891913e-07,-3.0510939659222913e-06,-2.760601758956909,43796293.002887644,-18.61572716359516,False
179700.0,3.159747865521853e-06,1.7877781033348583e-07,-3.155203884830371e-06,-2.76699860394001,43798897.71079052,-18.644100970794703,False
180000.0,3.260285632219235e-06,6.887682957312791e-08,-3.259632592289563e-06,-2.7721662148833275,43801458.80920697,-18.672204887841062,False
180300.0,3.3629575892957293e-06,-4.282173904357478e-08,-3.3627129738533768e-06,-2.77595367282629,43803975.12510827,-18.700025997694677,False
180600.0,3.468173877598625e-06,-1.556504116706492e-07,-3.465039746686216e-06,-2.778409570455551,43806445.506134644,-18.72755149610501,False
180900.0,3.5765386515369584e-06,-2.702615802263608e-07,-3.567371297918953e-06,-2.779134728014469,43808868.8203969,-18.75476869882118,False
181200.0,3.6862247874706617e-06,-3.862318180836155e-07,-3.6680432984326217e-06,-2.7787349596619606,43811243.95837087,-18.781665049274807,False
181500.0,3.7979645124475357e-06,-5.039132133788371e-07,-3.7678906501525944e-06,-2.7782800495624542,43813569.832791395,-18.80822811873787,False
181800.0,3.910485323909693e-06,-6.215145731403027e-07,-3.865989409490567e-06,-2.775950625538826,43815845.375726864,-18.834445615643258,False
182100.0,4.025077787115924e-06,-7.428050707858347e-07,-3.963224664005338e-06,-2.7724936306476593,43818069.544455424,-18.860305387061562,False
182400.0,4.141372032246882e-06,-8.635755932573375e-07,-4.059967182001856e-06,-2.767497181892395,43820241.31815355,-18.885795426049675,False
182700.0,4.25843848796916e-06,-9.858262615125568e-07,-4.15506048767611e-06,-2.761632479727268,43822359.70054446,-18.91090387767023,False
183000.0,4.376640416740724e-06,-1.1093602552136872e-06,-4.24898770390314e-06,-2.7547565326094627,43824423.71840003,-18.93561904080935,False
183300.0,4.495034498718928e-06,-1.234896785717865e-06,-4.34066212307016e-06,-2.7457644268870354,43826432.4217853,-18.95992937634928,False
183600.0,4.615008740357685e-06,-1.3609168831862917e-06,-4.431952302041964e-06,-2.735962502658367,43828384.8878162,-18.983823507584184,False
183900.0,4.735299247288232e-06,-1.487159693169815e-06,-4.521726520323455e-06,-2.72421595454216,43830280.216184475,-19.007290231090668,False
184200.0,4.8569157747737645e-06,-1.6144299479492474e-06,-4.610895711465446e-06,-2.7118746489286423,43832117.534453414,-19.030318516575665,False
184500.0,4.977437418370597e-06,-1.742476911203994e-06,-4.697042573553745e-06,-2.697941169142723,43833895.993588105,-19.052897517110317,False
184800.0,5.097798676188849e-06,-1.8710456402004638e-06,-4.781279486110179e-06,-2.682147964835167,43835614.77138704,-19.07501656710583,False
185100.0,5.219222982749774e-06,-2.001159288056442e-06,-4.8645954500159405e-06,-2.6656641513109207,43837273.07353581,-19.096665190770825,False
185400.0,5.33923288936461e-06,-2.1303952166817908e-06,-4.945265555278411e-06,-2.6472151204943657,43838870.1300654,-19.11783310947364,False
185700.0,5.459505807467355e-06,-2.259813584259973e-06,-5.024774548445521e-06,-2.627542592585087,43840405.20014311,-19.13851024055577,False
186000.0,5.579049755947212e-06,-2.3910828303996823e-06,-5.101402074103589e-06,-2.6063754558563232,43841877.569366015,-19.158686708448794,False
186300.0,5.698815103220382e-06,-2.5221262376362574e-06,-5.177050997673405e-06,-2.5845980793237686,43843286.55224351,-19.178352842509295,False
186600.0,5.81835756749962e-06,-2.6527216618887905e-06,-5.251402605210842e-06,-2.560411125421524,43844631.48866394,-19.1974991874869,False
186900.0,5.936065879613472e-06,-2.7841919063575915e-06,-5.322112652805799e-06,-2.5349690839648247,43845911.74982932,-19.21611650790905,False
187200.0,6.053827550098852e-06,-2.915759182542388e-06,-5.39164280866089e-06,-2.507741831243038,43847126.733905256,-19.234195785785335,False
187500.0,6.168662847633864e-06,-3.045739617846266e-06,-5.457505558581488e-06,-2.4793432131409645,43848275.86912887,-19.251728234851242,False
187800.0,6.284332603681534e-06,-3.177000735377078e-06,-5.522559114012893e-06,-2.449500747025013,43849358.61204878,-19.268705294711907,False
188100.0,6.3975061177072295e-06,-3.307878841951606e-06,-5.583865888780792e-06,-2.419149227440357,43850374.44987958,-19.285118646369902,False
188400.0,6.510712389426175e-06,-3.4385724347885116e-06,-5.644231247714515e-06,-2.3855768218636513,43851322.89589922,-19.30096020501757,False
188700.0,6.621101750668273e-06,-3.5686941259882587e-06,-5.700604603475767e-06,-2.3522010520100594,43852203.499466605,-19.316222135908976,False
189000.0,6.730979223477224e-06,-3.6990389276070346e-06,-5.755216314184963e-06,-2.3169724345207214,43853015.83465694,-19.330896847435234,False
189300.0,6.83855378011736e-06,-3.827718956017634e-06,-5.807072191998941e-06,-2.2803485319018364,43853759.50845715,-19.344977003778425,False
189600.0,6.945422690668246e-06,-3.957220286565644e-06,-5.856614624377698e-06,-2.2412727624177933,43854434.156955905,-19.35845552433211,False
189900.0,7.05057895761457e-06,-4.085411916321391e-06,-5.9039251958381556e-06,-2.2018663361668587,43855039.45023601,-19.371325589509926,False
190200.0,7.153177012696662e-06,-4.213029995980833e-06,-5.947559824193149e-06,-2.1606113612651825,43855575.085747264,-19.383580645849474,False
190500.0,7.254009261138735e-06,-4.3390322730374464e-06,-5.989130880124094e-06,-2.118558295071125,43856040.79469261,-19.395214405292435,False
190800.0,7.3532928221262265e-06,-4.465976587653131e-06,-6.027260781138466e-06,-2.074412524700165,43856436.33728212,-19.40622085501287,False
191100.0,7.451564151881675e-06,-4.591855827129621e-06,-6.063896595520646e-06,-2.029747784137726,43856761.50810235,-19.41659425480274,False
191400.0,7.546596669402198e-06,-4.716348769306933e-06,-6.096538520239392e-06,-1.9832548648118973,43857016.13050931,-19.426329148456514,False
191700.0,7.639902142596018e-06,-4.8394595637546445e-06,-6.127055499405287e-06,-1.9347792193293571,43857200.06079841,-19.43542035847915,False
192000.0,7.732035917573677e-06,-4.963054720974469e-06,-6.154832178140168e-06,-1.8857721388339996,43857313.18877569,-19.44386299636875,False
192300.0,7.820855034092173e-06,-5.084203962724132e-06,-6.179257511007563e-06,-1.8351293727755547,43857355.43370437,-19.451652463462608,False
192600.0,7.908360796080178e-06,-5.204203461062207e-06,-6.2019389979184325e-06,-1.7829638794064522,43857326.748172686,-19.458784451954976,False
192900.0,7.994178132103782e-06,-5.324526568983856e-06,-6.2212950133755385e-06,-1.72937573492527,43857227.11694627,-19.46525495343465,False
193200.0,8.07681710773224e-06,-5.4416718739958014e-06,-6.238054982787844e-06,-1.6744473204016685,43857056.55703267,-19.47106025640667,False
193500.0,8.157448487451629e-06,-5.557808037792711e-06,-6.2520844466007475e-06,-1.6187116131186485,43856815.118205786,-19.47619695237829,False
193800.0,8.235719429654849e-06,-5.672601901096641e-06,-6.2631761750253645e-06,-1.5617660507559776,43856502.88166254,-19.48066193786384,False
194100.0,8.31082708307924e-06,-5.785015957826545e-06,-6.271107338307047e-06,-1.5034397095441818,43856119.961219184,-19.484452417006366,False
194400.0,8.383461037622876e-06,-5.895125326560446e-06,-6.276746017164214e-06,-1.4434363320469856,43855666.502969645,-19.4875659030277,False
194700.0,8.45409265346334e-06,-6.003800763210165e-06,-6.280012588177897e-06,-1.3823341727256775,43855142.68628682,-19.490000222697674,False
195000.0,8.522323009849903e-06,-6.111571480005296e-06,-6.279908181028304e-06,-1.320913627743721,43854548.723137476,-19.49175351860862,False
195300.0,8.586793618560477e-06,-6.21546593038147e-06,-6.2771502520320155e-06,-1.2567714229226112,43853884.854669355,-19.49282424870987,False
195600.0,8.648678255395647e-06,-6.317624752227857e-06,-6.271490750719977e-06,-1.1934903338551521,43853151.360339545,-19.49321119102339,False
195900.0,8.706429290620495e-06,-6.416359724426002e-06,-6.262303877235809e-06,-1.1277504786849022,43852348.544969775,-19.49291344495155,False
196200.0,8.762258034729695e-06,-6.51399227535876e-06,-6.2505514897281955e-06,-1.061509981751442,43851476.75085638,-19.491930431064258,False
196500.0,8.81451945118064e-06,-6.6074839537577645e-06,-6.236747299936951e-06,-0.9954504370689392,43850536.35113024,-19.49026189473983,False
196800.0,8.86348617326099e-06,-6.6990136815547885e-06,-6.21925492794162e-06,-0.9270184189081192,43849527.74769811,-19.487907909325617,False
197100.0,8.909023349819249e-06,-6.788287407744065e-06,-6.198132616930252e-06,-0.8582804948091507,43848451.37898219,-19.484868873596564,False
197400.0,8.95088966852269e-06,-6.873435779652937e-06,-6.174852206441983e-06,-0.7897659689188004,43847307.713632435,-19.48114551318516,False
197700.0,8.990241596642366e-06,-6.956131130664289e-06,-6.149474188532622e-06,-0.7197277843952179,43846097.24964225,-19.476738884396937,False
198000.0,9.026156050864455e-06,-7.035926330445363e-06,-6.121106292056311e-06,-0.6490078717470169,43844820.51905305,-19.471650374579696,False
198300.0,9.057037311635623e-06,-7.111911429547035e-06,-6.088316759189638e-06,-0.5787019431591034,43843478.085443355,-19.46588170237371,False
198600.0,9.084547791893543e-06,-7.184902869994403e-06,-6.052716582161111e-06,-0.5066274926066399,43842070.540205866,-19.459434914626076,False
198900.0,9.10991939109439e-06,-7.255507938452865e-06,-6.015519751656484e-06,-0.43571098893880844,43840598.510728516,-19.452312390155665,False
199200.0,9.130292368373927e-06,-7.321204975596629e-06,-5.9751205618852055e-06,-0.36315014213323593,43839062.649335414,-19.44451684232883,False
199500.0,9.147201185078722e-06,-7.384453454051254e-06,-5.931190599994807e-06,-0.2919820696115494,43837463.64461878,-19.43605131494069,False
199800.0,9.160175515129515e-06,-7.444175253112917e-06,-5.884171276449024e-06,-0.21951477974653244,43835802.20961863,-19.42691918252212,False
200100.0,9.170926034481444e-06,-7.501725008296489e-06,-5.835197153913896e-06,-0.1471080705523491,43834079.091337435,-19.417124150036496,False
200400.0,9.176454041955992e-06,-7.554085186711745e-06,-5.783011555848816e-06,-0.07558178901672363,43832295.06586657,-19.40667025540194,False
200700.0,9.179425149727467e-06,-7.604027643992595e-06,-5.728636956803257e-06,-0.003498278558254242,43830450.936372586,-19.395561864075304,False
201000.0,9.176824759878062e-06,-7.648677240013058e-06,-5.670635466969998e-06,0.06828988343477249,43828547.537333645,-19.383803672858367,False
201300.0,9.172571533271088e-06,-7.691922462527145e-06,-5.610678599055063e-06,0.1392906904220581,43826585.73156279,-19.37140070320947,False
201600.0,9.163793420421916e-06,-7.730334402822336e-06,-5.5482448217958336e-06,0.21097873151302338,43824566.40826168,-19.358358305236397,False
201900.0,9.151343733764358e-06,-7.765526447656157e-06,-5.482753913099714e-06,0.2807108238339424,43822490.48874981,-19.344682154061903,False
202200.0,9.135475104433603e-06,-7.79753190727206e-06,-5.4145609418299046e-06,0.351508192718029,43820358.916313395,-19.330378247139137,False
202500.0,9.116676047409328e-06,-7.826104763353214e-06,-5.344799795636845e-06,0.4208599850535393,43818172.667018436,-19.315452902522928,False
202800.0,9.093621138669329e-06,-7.851306776274214e-06,-5.271123153960389e-06,0.4905541092157364,43815932.739482544,-19.299912761050603,False
203100.0,9.067832289569798e-06,-7.872887238136173e-06,-5.196461739132019e-06,0.5591262504458427,43813640.16201485,-19.283764775310548,False
203400.0,9.038574708652003e-06,-7.891215773270233e-06,-5.119052644886324e-06,0.6267901584506035,43811295.98726096,-19.26701621714478,False
203700.0,9.0051683806776e-06,-7.905618161885286e-06,-5.0385914889261585e-06,0.693717435002327,43808901.293484755,-19.249674668832032,False
204000.0,8.969466717082059e-06,-7.917250968603184e-06,-4.956754828810972e-06,0.7598360031843185,43806457.184318654,-19.23174801970619,False
204300.0,8.930739555245634e-06,-7.925696024813078e-06,-4.87281254279992e-06,0.8252032548189163,43803964.78792561,-19.213244467486444,False
204600.0,8.888445734754935e-06,-7.930593994842638e-06,-4.786272231882549e-06,0.8892191052436829,43801425.257308595,-19.194172512381325,False
204900.0,8.842680370882208e-06,-7.931843583719456e-06,-4.697432341771446e-06,0.9534228071570396,43798839.76702357,-19.174540953087597,False
205200.0,8.795566894338563e-06,-7.931289644602657e-06,-4.60749054553844e-06,1.0155855566263199,43796209.51858412,-19.15435888303921,False
205500.0,8.744073121651337e-06,-7.926442748384943e-06,-4.514453731729873e-06,1.0776390507817268,43793535.73201781,-19.133635690659606,False
205800.0,8.690770497634799e-06,-7.918626010905427e-06,-4.421212505434369e-06,1.138122707605362,43790819.6528919,-19.112381047257042,False
206100.0,8.634850078800765e-06,-7.908807845069532e-06,-4.324615439088575e-06,1.1985652297735214,43788062.54539275,-19.09060491372722,False
206400.0,8.575815856379777e-06,-7.895036446825543e-06,-4.226778948179799e-06,1.256971687078476,43785265.69828789,-19.06831752482857,False
206700.0,8.515191606679274e-06,-7.879026725277072e-06,-4.127938396436548e-06,1.3155225366353989,43782430.41666501,-19.045529391727584,False
207000.0,8.451268717856424e-06,-7.858923538606177e-06,-4.027722876998041e-06,1.3722942769527435,43779558.02963763,-19.022251295932218,False
207300.0,8.384117063161507e-06,-7.835738671246872e-06,-3.924483277017998e-06,1.4276480004191399,43776649.88337203,-18.9984942849852,False
207600.0,8.315966396843743e-06,-7.811107792576877e-06,-3.8199642666825184e-06,1.4825978055596352,43773707.34212351,-18.9742696626305,False
207900.0,8.244958985436613e-06,-7.782904447140027e-06,-3.7139533723973273e-06,1.5370290279388428,43770731.78941201,-18.94958898882032,False
208200.0,8.172039800232306e-06,-7.751539186529044e-06,-3.607772143254806e-06,1.5895967930555344,43767724.62750697,-18.924464070700026,False
208500.0,8.097349128035939e-06,-7.718244148691156e-06,-3.4993490309886965e-06,1.6411751732230186,43764687.27335135,-18.898906961835745,False
208800.0,8.020106251968188e-06,-7.681517047330999e-06,-3.389741962678272e-06,1.6924701184034348,43761621.16031183,-18.872929949817767,False
209100.0,7.941323434222171e-06,-7.643027231551969e-06,-3.277884808028375e-06,1.7423434481024742,43758527.739208005,-18.846545555469508,False
209400.0,7.860880502381875e-06,-7.601188912076395e-06,-3.166715956126609e-06,1.7914019674062729,43755408.474066794,-18.819766520506192,False
209700.0,7.777653040431058e-06,-7.556415141607431e-06,-3.052548439796965e-06,1.8385730534791946,43752264.84488106,-18.79260581178878,False
210000.0,7.693785151454326e-06,-7.5099774790032825e-06,-2.9378593566775635e-06,1.8856271281838417,43749098.34241184,-18.765076601997492,False
210300.0,7.607880640087237e-06,-7.4602390895961435e-06,-2.8226914814410975e-06,1.9312901869416237,43745910.47339148,-18.73719227153578,False
210600.0,7.519667499639012e-06,-7.407188547858823e-06,-2.706296971410893e-06,1.9758478254079819,43742702.75522659,-18.70896640004028,False
210900.0,7.4309347432555225e-06,-7.352789424430739e-06,-2.5887048451522787e-06,2.0192176029086113,43739476.717223726,-18.680412757817997,False
211200.0,7.340774019621201e-06,-7.295696121900619e-06,-2.4705944881020514e-06,2.06284112483263,43736233.89798705,-18.651545298832485,False
211500.0,7.248549992408495e-06,-7.235819339257432e-06,-2.3501736627906666e-06,2.1038811281323433,43732975.850502655,-18.62237815654667,False
211800.0,7.155321790752672e-06,-7.173138726557227e-06,-2.230591231722201e-06,2.1458123475313187,43729704.13082116,-18.59292562909532,False
212100.0,7.061213804902476e-06,-7.108750253337348e-06,-2.1090085162711603e-06,2.184996761381626,43726420.31074789,-18.563202182667016,False
212400.0,6.965103841218462e-06,-7.040588911877421e-06,-1.987686765403396e-06,2.2238588705658913,43723125.963925675,-18.53322243274737,False
212700.0,6.867946195007951e-06,-6.9703640122043e-06,-1.8644000903123015e-06,2.2624511048197746,43719822.67351996,-18.50300114591357,False
213000.0,6.7702789402239865e-06,-6.8982376433268655e-06,-1.7402064287352914e-06,2.2991614788770676,43716512.03075454,-18.47255322415709,False
213300.0,6.671837955174859e-06,-6.8232718604122056e-06,-1.6172426278160401e-06,2.3352455273270607,43713195.62961634,-18.44189369907289,False
213600.0,6.572725242269014e-06,-6.746503999011111e-06,-1.4918251132201021e-06,2.3706995621323586,43709875.07021197,-18.41103773063788,False
213900.0,6.472039700679478e-06,-6.666352248885232e-06,-1.3658448771991516e-06,2.404928132891655,43706551.9573239,-18.380000587596893,False
214200.0,6.37145813617936e-06,-6.584282346011605e-06,-1.2405438596374552e-06,2.4377505034208298,43703227.89862153,-18.34879764537492,False
214500.0,6.269473638113145e-06,-6.499069456822326e-06,-1.1137122584159442e-06,2.469954200088978,43699904.503319286,-18.317444380480634,False
214800.0,6.166814821799238e-06,-6.411171170839225e-06,-9.863531751364008e-07,2.50102349370718,43696583.38365444,-18.285956355362,False
215100.0,6.065034446882752e-06,-6.322170122530224e-06,-8.58205805087664e-07,2.5313408374786377,43693266.15188683,-18.25434921432928,False
215400.0,5.962212167615138e-06,-6.229708105820464e-06,-7.306021636566129e-07,2.561008371412754,43689954.420673445,-18.222638672074883,False
215700.0,5.860246758160622e-06,-6.135878891200264e-06,-6.022370016012246e-07,2.589534915983677,43686649.80257342,-18.190840509218155,False
216000.0,5.756635941872016e-06,-6.037841046691028e-06,-4.7350352261332773e-07,2.61620731651783,43683353.90886418,-18.158970559228234,False
216300.0,5.655225155780311e-06,-5.939540187682724e-06,-3.4397036330346964e-07,2.6431183367967606,43680068.34569768,-18.127044702156795,False
216600.0,5.553438879448492e-06,-5.838011020387057e-06,-2.1495943158811315e-07,2.6683112382888794,43676794.720136195,-18.095078853225196,False
216900.0,5.4516221865989915e-06,-5.733529548024308e-06,-8.51966390769121e-08,2.6922319531440735,43673534.63287794,-18.06308895830453,False
217200.0,5.35111790999232e-06,-5.6272993731454335e-06,4.4203208204862676e-08,2.7150942534208298,43670289.680067025,-18.03109098002999,False
217500.0,5.251078519109971e-06,-5.518244307722853e-06,1.7417826114751733e-07,2.73678258061409,43667061.45256365,-17.99910089331892,False
217800.0,5.153642458837722e-06,-5.408389824879123e-06,3.044456597933731e-07,2.757516600191593,43663851.534451105,-17.967134673157872,False
218100.0,5.05665989824625e-06,-5.295287593298781e-06,4.3441721331305416e-07,2.77761197835207,43660661.50244529,-17.935208286567907,False
218400.0,4.96140121334789e-06,-5.180046713348929e-06,5.642550569007199e-07,2.796203926205635,43657492.926340826,-17.903337684706877,False
218700.0,4.867622105509339e-06,-5.0620649858501565e-06,6.946222548265268e-07,2.8139220997691154,43654347.365505844,-17.871538793671817,False
219000.0,4.776967721670604e-06,-4.94309148280081e-06,8.237269923938584e-07,2.830575942993164,43651226.37036653,-17.839827502603995,False
219300.0,4.688453491513946e-06,-4.821521145004226e-06,9.533631448732649e-07,2.844615124166012,43648131.48211747,-17.80821966080736,False
219600.0,4.602573502644353e-06,-4.697610620496562e-06,1.0831097689845137e-06,2.8584012538194656,43645064.22662252,-17.776731063051535,False
219900.0,4.520729494976945e-06,-4.572359614485322e-06,1.213522800469491e-06,2.8715537041425705,43642026.12024325,-17.745377443895396,False
220200.0,4.44198257295151e-06,-4.445278278808473e-06,1.3416879127703396e-06,2.8828180208802223,43639018.667147495,-17.71417446441023,False
220500.0,4.36720263894926e-06,-4.316147681038274e-06,1.4704276978250164e-06,2.8921988904476166,43636043.35635687,-17.683137712602143,False
220800.0,4.296651060212681e-06,-4.185392526778742e-06,1.598283041914783e-06,2.901490278542042,43633101.66040038,-17.652282684657276,False
221100.0,4.230763385282268e-06,-4.05282406745755e-06,1.72606016235477e-06,2.908492736518383,43630195.040285796,-17.621624782810777,False
221400.0,4.168776949246246e-06,-3.917356707461295e-06,1.85328743995683e-06,2.914264664053917,43627324.937441885,-17.5911793031904,False
221700.0,4.112758757318871e-06,-3.781501959565503e-06,1.9790928256213647e-06,2.9189923107624054,43624492.77704753,-17.56096142814867,False
222000.0,4.063281564799561e-06,-3.6446576245907636e-06,2.1052317897840567e-06,2.9223635122179985,43621699.966863506,-17.530986220823074,False
222300.0,4.017882225582295e-06,-3.504571225221298e-06,2.2298212947191587e-06,2.9239155799150467,43618947.89609714,-17.501268610486278,False
222600.0,3.979542400892002e-06,-3.363812709267222e-06,2.3540392461995907e-06,2.9241434782743454,43616237.933514155,-17.471823390948565,False
222900.0,3.9477791990972844e-06,-3.222201058861174e-06,2.4769465554186354e-06,2.9233787208795547,43613571.427787974,-17.44266520717929,False
223200.0,3.923079383633288e-06,-3.079556904594938e-06,2.599282012738513e-06,2.92045371979475,43610949.708072826,-17.41380855100315,False
223500.0,3.90472077788476e-06,-2.9349979797643755e-06,2.720605969841472e-06,2.916805937886238,43608374.07914616,-17.385267750250456,False
223800.0,3.893353720536591e-06,-2.7894441245734924e-06,2.8407215069137237e-06,2.911140814423561,43605845.82600282,-17.357056962298834,False
224100.0,3.889164912119165e-06,-2.6429010233641748e-06,2.9597955482074667e-06,2.904294028878212,43603366.20826057,-17.329190166433943,False
224400.0,3.8919577223922854e-06,-2.4949378030214575e-06,3.0778542559062316e-06,2.8949181586503983,43600936.46375301,-17.301681155708014,False
224700.0,3.903545295235794e-06,-2.3475335808598174e-06,3.195731917315925e-06,2.8852680027484894,43598557.80203553,-17.274543530381248,False
225000.0,3.920159280268168e-06,-2.1985491684972658e-06,3.310434731673695e-06,2.872903525829315,43596231.41198694,-17.247790685913174,False
225300.0,3.944473996330661e-06,-2.048753515282442e-06,3.424821933606381e-06,2.859339267015457,43593958.45247776,-17.22143581541278,False
225600.0,3.974125874255692e-06,-1.8975713942381844e-06,3.5366089399246903e-06,2.8450312837958336,43591740.05671519,-17.195491891553495,False
225900.0,4.011862058015904e-06,-1.7481949043940403e-06,3.6476280271813266e-06,2.828669808804989,43589577.332296886,-17.169971668896896,False
226200.0,4.0547557201516714e-06,-1.5968643083397183e-06,3.7566823962720264e-06,2.809448294341564,43587471.35830394,-17.144887669965392,False
226500.0,4.103473340903779e-06,-1.444756208002218e-06,3.86420197884263e-06,2.790239617228508,43585423.18150223,-17.120252183273866,False
226800.0,4.158349597143933e-06,-1.292964498134097e-06,3.970464639735383e-06,2.7684881687164307,43583433.82484455,-17.09607725509132,False
227100.0,4.217044140490482e-06,-1.1416929055485525e-06,4.073369922252823e-06,2.7448585480451584,43581504.27823323,-17.072374680923954,False
227400.0,4.281272997174622e-06,-9.902268516270851e-07,4.175289063823584e-06,2.720619849860668,43579635.50056459,-17.049156006244303,False
227700.0,4.349736821647652e-06,-8.385014211853559e-07,4.275208510762241e-06,2.693858340382576,43577828.42296312,-17.026432512690665,False
228000.0,4.4224664894765106e-06,-6.866982857900439e-07,4.373440727789557e-06,2.6650730669498444,43576083.942651495,-17.004215217013705,False
228300.0,4.498468183982606e-06,-5.360096508866263e-07,4.469163219056327e-06,2.634975425899029,43574402.92463589,-16.982514863033582,False
228600.0,4.577620264323603e-06,-3.8490827591886045e-07,4.562790977047371e-06,2.603195160627365,43572786.20250396,-16.96134191861575,False
228900.0,4.660315274286112e-06,-2.352495016566536e-07,4.6548786123423724e-06,2.5702626556158066,43571234.575967245,-16.940706569367666,False
229200.0,4.74379205572378e-06,-8.604919798926858e-08,4.743077671065521e-06,2.5349263325333595,43569748.81308866,-16.920618710581834,False
229500.0,4.830041411473633e-06,6.328360768748098e-08,4.829661861549539e-06,2.498613566160202,43568329.64538731,-16.901087949940695,False
229800.0,4.918835249360033e-06,2.1039653574916883e-07,4.914713287007544e-06,2.460287131369114,43566977.772569366,-16.882123596081946,False
230100.0,5.007826818379688e-06,3.5787829233413504e-07,4.996101580445611e-06,2.4191631004214287,43565693.85941916,-16.863734654155536,False
230400.0,5.097355467922043e-06,5.031296552715503e-07,5.074559378925869e-06,2.3781388476490974,43564478.53200193,-16.845929826677654,False
230700.0,5.18889519495621e-06,6.487643986474723e-07,5.151603268416238e-06,2.3342264592647552,43563332.386883914,-16.82871750743619,False
231000.0,5.280552855600056e-06,7.911104944469116e-07,5.225967804278753e-06,2.289117731153965,43562255.9802434,-16.81210577411352,False
231300.0,5.3710158504831125e-06,9.327024486083246e-07,5.2962740042517e-06,2.2422749772667885,43561249.834478706,-16.796102387349737,False
231600.0,5.4630208606260724e-06,1.072880024821643e-06,5.365582065763874e-06,2.193248137831688,43560314.43561337,-16.780714791900465,False
231900.0,5.553627673670561e-06,1.2123865644753096e-06,5.430949194362711e-06,2.1435880064964294,43559450.231128454,-16.765950103007373,False
232200.0,5.644091923759377e-06,1.3499691249307944e-06,5.49406529515295e-06,2.091657802462578,43558657.63492009,-16.751815114057383,False
232500.0,5.73327702866154e-06,1.4848005776002537e-06,5.554160150467169e-06,2.0375412702560425,43557937.02218439,-16.738316286724064,False
232800.0,5.82140636820728e-06,1.6185165918614075e-06,5.61125058595735e-06,1.9830443486571312,43557288.72923254,-16.725459751660345,False
233100.0,5.907650219882752e-06,1.7501299680589e-06,5.664864794141522e-06,1.9257804974913597,43556713.059246376,-16.71325130487983,False
233400.0,5.993845755379847e-06,1.8792130731526413e-06,5.717203439559171e-06,1.8678887709975243,43556210.273425296,-16.701696408786532,False
233700.0,6.076825821963102e-06,2.0060509768882184e-06,5.7650257438979224e-06,1.8085478097200394,43555780.59836135,-16.69080018214098,False
234000.0,6.159122861038147e-06,2.1316432707862987e-06,5.810788319848825e-06,1.7469463869929314,43555424.22298205,-16.68056740949019,False
234300.0,6.238172628177971e-06,2.255554193197895e-06,5.852005156015139e-06,1.683913178741932,43555141.29685805,-16.671002529029238,False
234600.0,6.31572840150006e-06,2.376043028107233e-06,5.891263128887658e-06,1.6197024062275887,43554931.9323792,-16.662109641328197,False
234900.0,6.3919827742983135e-06,2.495006384606313e-06,5.92820994782528e-06,1.5532980635762215,43554796.20543617,-16.65389250024029,False
235200.0,6.463434041257515e-06,2.6109239001925744e-06,5.95973673256367e-06,1.4858164563775063,43554734.15202762,-16.646354512212387,False
235500.0,6.534310196246639e-06,2.72495256581351e-06,5.990049366744188e-06,1.417008362710476,43554745.771791905,-16.639498745690837,False
235800.0,6.6015656324466696e-06,2.83712680015924e-06,6.015888274646386e-06,1.34646475315094,43554831.02685877,-16.633327915879832,False
236100.0,6.665347080171269e-06,2.9454808156970103e-06,6.038328365320922e-06,1.2748174518346786,43554989.84073008,-16.627844396285006,False
236400.0,6.726871762556717e-06,3.0510115607285115e-06,6.058377447715202e-06,1.2023873031139374,43555222.09973619,-16.623050214254558,False
236700.0,6.785935332226094e-06,3.1551635402138345e-06,6.075209856959418e-06,1.1279029175639153,43555527.654445134,-16.618947049356063,False
237000.0,6.840023016248589e-06,3.2557988447479147e-06,6.087070783422632e-06,1.052507720887661,43555906.315806635,-16.615536234622212,False
237300.0,6.891298423428932e-06,3.3544982329658524e-06,6.095665025185326e-06,0.9757067859172821,43556357.85937889,-16.612818761473612,False
237600.0,6.937911678347316e-06,3.4486641595776746e-06,6.100267622599631e-06,0.897853322327137,43556882.02303832,-16.610795274556953,False
237900.0,6.982061705990572e-06,3.5411079579716898e-06,6.101992866547334e-06,0.8190704360604286,43557478.50827636,-16.609466076932254,False
238200.0,7.021612925148909e-06,3.63053766250232e-06,6.099110215984638e-06,0.7386419624090195,43558146.98104887,-16.60883112649179,False
238500.0,7.05706464368033e-06,3.7160917258916015e-06,6.092707543814413e-06,0.6583009958267212,43558887.068749376,-16.608890042911376,False
238800.0,7.0892131928117475e-06,3.7984882794717123e-06,6.083369477494216e-06,0.5754996612668037,43559698.367222585,-16.60964210579875,False
239100.0,7.1165951513980806e-06,3.878106610955001e-06,6.069210648718126e-06,0.4927212670445442,43560580.43175583,-16.611086254372406,False
239400.0,7.1382151024632165e-06,3.953532853984143e-06,6.049908197525156e-06,0.40959516167640686,43561532.78528858,-16.613221093315374,False
239700.0,7.157648375281339e-06,4.025614060765292e-06,6.029221410130958e-06,0.3252881318330765,43562554.91636531,-16.616044897287424,False
240000.0,7.171806877351159e-06,4.0953318602987565e-06,6.002922606995753e-06,0.24085237830877304,43563646.27715133,-16.619555601015644,False
240300.0,7.181185106671937e-06,4.160546950515709e-06,5.972940392950932e-06,0.15602070838212967,43564806.2870203,-16.623750815760182,False
240600.0,7.186297408396811e-06,4.222552377086686e-06,5.939111467512248e-06,0.06971914321184158,43566034.33244345,-16.62862782355063,False
240900.0,7.186304871697143e-06,4.2796891079888155e-06,5.901535239161149e-06,-0.016795843839645386,43567329.76427189,-16.634183582180626,False
241200.0,7.1827912599501895e-06,4.334810142836432e-06,5.8602749639646845e-06,-0.10269629955291748,43568691.90093303,-16.64041472770086,False
241500.0,7.172576579635008e-06,4.38470772223809e-06,5.813609430305178e-06,-0.1888025924563408,43570120.03010487,-16.647317575611726,False
241800.0,7.1590917463459606e-06,4.431803688476066e-06,5.764119574536153e-06,-0.2762215957045555,43571613.40782552,-16.654888130036444,False
242100.0,7.139240921880867e-06,4.474148767030783e-06,5.70934986399152e-06,-0.3621349409222603,43573171.25476876,-16.663122077607376,False
242400.0,7.115623583592478e-06,4.513322551247256e-06,5.651426896235989e-06,-0.449390672147274,43574792.766338564,-16.672014800446913,False
242700.0,7.087313164448429e-06,4.547662427967225e-06,5.590428134638614e-06,-0.5358308777213097,43576477.102514975,-16.681561373031748,False
243000.0,7.054172485064054e-06,4.579108065172477e-06,5.524756261365837e-06,-0.6220579072833061,43578223.39615261,-16.6917565661886,False
243300.0,7.01609537547858e-06,4.605729117201918e-06,5.455735209380919e-06,-0.7078744247555733,43580030.749967344,-16.70259485543658,False
243600.0,6.97323849874763e-06,4.629168756764557e-06,5.382312554758073e-06,-0.7929204031825066,43581898.23773312,-16.714070419555757,False
243900.0,6.92606953996747e-06,4.647728076179192e-06,5.306435308938262e-06,-0.8788374736905098,43583824.907019064,-16.72617714994403,False
244200.0,6.874439409591345e-06,4.663386761194488e-06,5.226344303110864e-06,-0.9625644087791443,43585809.77306984,-16.73890864800242,False
244500.0,6.8167454482444774e-06,4.674224271639105e-06,5.14147673413845e-06,-1.046934500336647,43587851.82999974,-16.75225823423733,False
244800.0,6.755238973559199e-06,4.681199811784609e-06,5.054021084305305e-06,-1.1292974278330803,43589950.04002232,-16.766218954116617,False
245100.0,6.690039962619662e-06,4.685075737143052e-06,4.963497897136904e-06,-1.21135862916708,43592103.34390804,-16.780783577048638,False
245400.0,6.618580821929083e-06,4.683545398620481e-06,4.868433130411631e-06,-1.2931142300367355,43594310.65554741,-16.795944602550037,False
245700.0,6.544371670814596e-06,4.679179539834877e-06,4.771333575348535e-06,-1.3735518380999565,43596570.86328956,-16.81169426980432,False
246000.0,6.466041562287119e-06,4.671839974434988e-06,4.670423344066421e-06,-1.452829010784626,43598882.832767054,-16.828024554066,False
246300.0,6.382765947857859e-06,4.65883044853399e-06,4.567015032819199e-06,-1.5315936133265495,43601245.40687105,-16.844927178783177,False
246600.0,6.29509003523426e-06,4.642228532247827e-06,4.459952666735489e-06,-1.608449399471283,43603657.403879315,-16.86239361486811,False
246900.0,6.2050179831167165e-06,4.624118048468517e-06,4.350023068866449e-06,-1.6838174164295197,43606117.621987045,-16.880415090008686,False
247200.0,6.109285207799125e-06,4.599984322339878e-06,4.236917835243048e-06,-1.7590482756495476,43608624.83909541,-16.89898259060201,False
247500.0,6.010948577582258e-06,4.573166449972632e-06,4.121736093765094e-06,-1.8320278152823448,43611177.80909927,-16.91808686929263,False
247800.0,5.908469253215674e-06,4.541697933291289e-06,4.00420941559787e-06,-1.9046709388494492,43613775.27006865,-16.93771844729516,False
248100.0,5.802535863354018e-06,4.507624083771589e-06,3.8832030888613644e-06,-1.9755160436034203,43616415.93753573,-16.95786762005116,False
248400.0,5.694025150948582e-06,4.4705604409500665e-06,3.7603516638284873e-06,-2.044918656349182,43619098.51038544,-16.97852446607431,False
248700.0,5.58189095269466e-06,4.429233996461335e-06,3.6354245018799247e-06,-2.1131755486130714,43621821.66968061,-16.999678847576202,False
249000.0,5.465801291589819e-06,4.3842241552738415e-06,3.5072260047286363e-06,-2.179287776350975,43624584.07812922,-17.021320416673827,False
249300.0,5.34751427947394e-06,4.336607929644742e-06,3.377172834717612e-06,-2.2450027614831924,43627384.38483355,-17.043438624317666,False
249600.0,5.226423946346562e-06,4.285547504423448e-06,3.2452095517498947e-06,-2.3086788058280945,43630221.219864644,-17.06602272159825,False
249900.0,5.102703439234441e-06,4.231421087297349e-06,3.1110756104624215e-06,-2.3708061799407005,43633093.20049462,-17.08906176644113,False
250200.0,4.976906899864302e-06,4.173780666860694e-06,2.97614990074635e-06,-2.431752808392048,43635998.92965557,-17.11254463091316,False
250500.0,4.848477348948711e-06,4.1136146933240525e-06,2.838136854421691e-06,-2.4907581508159637,43638936.99564746,-17.136460001400962,False
250800.0,4.716821711223851e-06,4.049014421525499e-06,2.6983601912888844e-06,-2.5490458458662033,43641905.97596546,-17.16079639142485,False
251100.0,4.584130987686001e-06,3.982474396480029e-06,2.5570985648926126e-06,-2.604590132832527,43644904.432781085,-17.185542142519633,False
251400.0,4.449581398999481e-06,3.912249241011523e-06,2.415175590186891e-06,-2.659281685948372,43647930.920822576,-17.210685431391184,False
251700.0,4.313242925337657e-06,3.839578567976787e-06,2.270702591289364e-06,-2.71292295306921,43650983.98208431,-17.23621427224697,False
252000.0,4.175278899309463e-06,3.76339312424534e-06,2.125319849000107e-06,-2.764682859182358,43654062.147994265,-17.2621165286398,False
252300.0,4.03701657604566e-06,3.685686806420563e-06,1.978113900236167e-06,-2.81476129591465,43657163.94178983,-17.288379913003304,False
252600.0,3.896420595422936e-06,3.6032449202139105e-06,1.8299706034952123e-06,-2.862406276166439,43660287.87724499,-17.314991996636195,False
252900.0,3.7556260420499295e-06,3.5184677358301997e-06,1.6807779843475146e-06,-2.909782350063324,43663432.46324612,-17.341940212544436,False
253200.0,3.615694447035609e-06,3.4323912814215873e-06,1.5303183360515504e-06,-2.9548981711268425,43666596.19742473,-17.36921186198147,False
253500.0,3.4754552683672756e-06,3.343124291177446e-06,1.3789175135059395e-06,-2.999122180044651,43669777.57437572,-17.39679412075276,False
253800.0,3.3346698619575266e-06,3.2502531439604354e-06,1.2260417392440104e-06,-3.042184457182884,43672975.08135858,-17.424674043469583,False
254100.0,3.195680462153886e-06,3.155322787051773e-06,1.0732583497485848e-06,-3.0830706134438515,43676187.1998873,-17.4528385721703,False
254400.0,3.0582917229935326e-06,3.058203844830132e-06,9.189588610070132e-07,-3.122124969959259,43679412.408526234,-17.481274536705563,False
254700.0,2.922176231447649e-06,2.9578102100913384e-06,7.631729168622314e-07,-3.160363107919693,43682649.1828912,-17.50996866521132,False
255000.0,2.789894874098658e-06,2.855595994333271e-06,6.079638694700407e-07,-3.1971152648329735,43685895.99397744,-17.53890759016242,False
255300.0,2.660906184743801e-06,2.7504405011313793e-06,4.524526460158995e-07,-3.2319807708263397,43689151.31079455,-17.568077849050997,False
255600.0,2.5356607193422327e-06,2.641993262386677e-06,2.957109401791058e-07,-3.2654500007629395,43692413.601664156,-17.59746589292909,False
255900.0,2.41652512802708e-06,2.5314340064142016e-06,1.3807022369860533e-07,-3.2974146902561188,43695681.33340132,-17.62705809335964,False
256200.0,2.3058210111946555e-06,2.4197269112846698e-06,-2.001300103415815e-08,-3.328914351761341,43698952.97372729,-17.656840746918967,False
256500.0,2.203176554345856e-06,2.30484619123672e-06,-1.789189063572394e-07,-3.3581850454211235,43702226.98797951,-17.686800079862973,False
256800.0,2.1097839592189555e-06,2.186385358982079e-06,-3.3704032276205e-07,-3.385116845369339,43705501.84422502,-17.716922256569298,False
257100.0,2.0300146873612016e-06,2.066748038487276e-06,-4.963753710285346e-07,-3.411467894911766,43708776.01412538,-17.747193379555085,False
257400.0,1.9652086048030894e-06,1.945469875863637e-06,-6.557621681224646e-07,-3.436412960290909,43712047.96913045,-17.777599501841284,False
257700.0,1.9157570486427942e-06,1.820996828882926e-06,-8.150160510922433e-07,-3.4596777260303497,43715316.18425238,-17.808126628403095,False
258000.0,1.8850521432102358e-06,1.6946885921242938e-06,-9.751762348741977e-07,-3.480788581073284,43718579.13794944,-17.838760721499778,False
258300.0,1.872779626211866e-06,1.565477077747346e-06,-1.134608687891614e-06,-3.501908913254738,43721835.31559067,-17.869487710137488,False
258600.0,1.8812455096420553e-06,1.435096748991782e-06,-1.2938877134160975e-06,-3.520622231066227,43725083.20286162,-17.900293490739017,False
258900.0,1.9097055925282005e-06,1.3019225377775001e-06,-1.4534911372265924e-06,-3.53785652667284,43728321.29430503,-17.931163934988387,False
259200.0,1.9587029444746117e-06,1.1675317637127591e-06,-1.6133891271863376e-06,-3.5537675991654396,43731548.089815155,-17.96208489576917,False
432000.0,0.038037958060543796,0.030710400840860075,0.024367430615509278,3608.325510814786,43730266.84243825,-18.007360958946386,False
432300.0,0.038327574054361324,0.03095902427406827,0.024542332818750623,3525.227843552828,43733524.08193064,-18.038639315003724,False
432600.0,0.03861337724455589,0.031205062911965342,0.024714331353955288,3441.307684354484,43736765.94295045,-18.0699162285513,False
432900.0,0.0388953093988139,0.03144847179336807,0.024883381445143016,3356.60116160661,43739990.959215,-18.101177419643662,False
433200.0,0.039173315514360214,0.03168920898070837,0.025049439716912758,3271.143370643258,43743197.67415397,-18.132408618892583,False
433500.0,0.03944734367214909,0.0319272333820777,0.025212466458576444,3184.972110748291,43746384.63770008,-18.163595575305674,False
433800.0,0.03971733973351405,0.03216250171971069,0.025372420799747886,3098.1237957701087,43749550.4108914,-18.19472405694098,False
434100.0,0.03998325542299949,0.03239497532533164,0.025529265590339634,3010.6342605873942,43752693.56557297,-18.22577986125545,False
434400.0,0.04024504170116091,0.032624614382200434,0.0256829636194702,2922.5414712056518,43755812.68218936,-18.256748816780778,False
434700.0,0.0405026551216448,0.032851382667871576,0.02583348214735537,2833.883348315954,43758906.35245895,-18.28761679310171,False
435000.0,0.04075605109838776,0.03307524391414063,0.025980786530301003,2744.6961080357432,43761973.181526236,-18.318369699918044,False
435300.0,0.04100518726468622,0.03329615958421073,0.02612484804346238,2655.020264968276,43765011.78244684,-18.348993500292647,False
435600.0,0.041250024203523694,0.03351409585224019,0.026265637027862,2564.890977628529,43768020.78632571,-18.37947420921455,False
435900.0,0.04149052433930569,0.03372901969873965,0.026403125634683278,2474.349072024226,43770998.83177213,-18.40979790174643,False
436200.0,0.04172665240228498,0.03394089763699526,0.026537290029494898,2383.4314580485225,43773944.57495782,-18.439950720623525,False
436500.0,0.04195837627443541,0.03414970007912643,0.026668106708008565,2292.1775589585304,43776856.68365717,-18.46991887795178,False
436800.0,0.042185660807549125,0.03435539295827539,0.026795552424559332,2200.625119075179,43779733.84190529,-18.499688660510316,False
437100.0,0.04240848041867058,0.03455794949547908,0.02691961046400948,2108.814082585275,43782574.74658001,-18.529246441381563,False
437400.0,0.04262680722389031,0.03475734126249108,0.027040262274987015,2016.7836792841554,43785378.11077362,-18.55857867693605,False
437700.0,0.04284061498627961,0.03495353965149661,0.02715749199921902,1924.5710892379284,43788142.66558081,-18.587671916699,False
438000.0,0.043049882026999726,0.03514652013888053,0.027271286145197138,1832.2164277136326,43790867.155563034,-18.616512808352024,False
438300.0,0.043254586837516214,0.035336256841020486,0.027381632971323455,1739.75981387496,43793550.3421244,-18.645088102427472,False
438600.0,0.04345471048091982,0.035522725377489905,0.027488522974575602,1647.2384269684553,43796191.0068969,-18.673384658099934,False
438900.0,0.04365023748245799,0.03570590423072417,0.027591948731046756,1554.6929273456335,43798787.94575655,-18.701389448315293,False
439200.0,0.04384115351338733,0.03588577212505584,0.02769190428361057,1462.1614068299532,43801339.97530664,-18.729089564451105,False
439500.0,0.044027446171118874,0.0360623085731504,0.02778838575264686,1369.6833522468805,43803845.92934403,-18.756472222188048,False
439800.0,0.04420910584807976,0.036235494334448504,0.02788139219211061,1277.2967776358128,43806304.66215315,-18.78352476761003,False
440100.0,0.044386123828591265,0.036405312081171814,0.027970921807181526,1185.0433323979378,43808715.04382055,-18.810234678651064,False
440400.0,0.04455849506937633,0.03657174387652162,0.028056979314769137,1092.958374261856,43811075.97058094,-18.83658957766691,False
440700.0,0.04472621691731309,0.036734775830893796,0.02813956849447763,1001.0828738436103,43813386.353327975,-18.862577229179372,False
441000.0,0.044889287455391114,0.036894394274781916,0.028218694031764358,909.4541819095612,43815645.12725904,-18.88818554689464,False
441300.0,0.04504770800107561,0.03705058547933504,0.02829436583343181,818.1108304262161,43817851.247482695,-18.913402603174198,False
441600.0,0.0452014813409198,0.03720333762140626,0.028366593937125373,727.0918336436152,43820003.6901223,-18.93821662907619,False
441900.0,0.045350612917541715,0.03735264169594643,0.028435389335339067,636.4354787915945,43822101.45392666,-18.96261602029069,False
442200.0,0.045495109629988865,0.03749848767500907,0.028500766584777182,546.1785300672054,43824143.56146381,-18.986589344835966,False
442500.0,0.04563498172706353,0.03764086882313222,0.028562741772159228,456.3595138937235,43826129.056229845,-19.010125346084468,False
442800.0,0.04577024080315869,0.03777977910192476,0.028621332377252173,367.01504219323397,43828057.00671603,-19.033212947658686,False
443100.0,0.04590090157842749,0.03791521378326479,0.028676559410087066,278.1825213432312,43829926.50408657,-19.055841260573303,False
443400.0,0.04602697948841971,0.03804716950554621,0.02872844350247661,189.8992079421878,43831736.66350565,-19.077999584299505,False
443700.0,0.046148492338035994,0.03817564314960009,0.028777008894852685,102.20240818709135,43833486.62431729,-19.099677415693066,False
444000.0,0.04626546061525563,0.03830063511364301,0.028822280077868356,15.126493573188782,43835175.55340431,-19.12086445053975,False
444300.0,0.04637790699586913,0.038422145453012035,0.028864285582908877,-71.29073898494244,43836802.639199436,-19.141550592215985,False
444600.0,0.04648585710504924,0.03854017775790908,0.028903054620410984,-157.0145819336176,43838367.09856648,-19.16172595315434,False
444900.0,0.04658933587705042,0.038654734431304405,0.02893861684721344,-242.00903556495905,43839868.17278145,-19.181380859399972,False
445200.0,0.046688373330415235,0.03876582157550956,0.02897100585548884,-326.24009808152914,43841305.131180145,-19.200505858841197,False
445500.0,0.046782998894683105,0.03887344496359901,0.029000254851538898,-409.67141822725534,43842677.26716411,-19.21909172158569,False
445800.0,0.04687324649635861,0.03897761281461953,0.029026401553814196,-492.2709487527609,43843983.9052023,-19.23712944950511,False
446100.0,0.04695915149463839,0.03907833515853554,0.02904948402323626,-574.0040233805776,43845224.39425145,-19.254610276662603,False
446400.0,0.047040748445394326,0.039175621624167434,0.029069539705197656,-654.8371470421553,43846398.111884154,-19.271525672892405,False
446700.0,0.04711807975621311,0.03926948781156625,0.029086611790205552,-734.7380409836769,43847504.464666575,-19.28786735464521,False
447000.0,0.04719118309736343,0.03935994415866162,0.029100742230998122,-813.6723251193762,43848542.88516777,-19.3036272824267,False
447300.0,0.047260102343298846,0.03944700830510328,0.029111974600738222,-891.6104208156466,43849512.839183465,-19.318797668015094,False
447600.0,0.047324883476583514,0.03953069775135987,0.029120356302616557,-968.5200299471617,43850413.81852973,-19.33337098096095,False
447900.0,0.047385571797437576,0.03961102997899957,0.029125933911409163,-1044.3692076951265,43851245.344424225,-19.347339948150964,False
448200.0,0.04744221722693779,0.039688026532189724,0.029128756862846217,-1119.1283638849854,43852006.96978924,-19.360697561646035,False
448500.0,0.04749486770929957,0.03976170729549722,0.029128873655935195,-1192.7678482532501,43852698.27713143,-19.37343707895475,False
448800.0,0.04754357838058399,0.03983209734664683,0.02912633848631785,-1265.2580341771245,43853318.878912985,-19.38555203365786,False
449100.0,0.04758840192885831,0.03989922122153189,0.029121202503439747,-1336.5686426833272,43853868.4171552,-19.3970362305742,False
449400.0,0.04762939482251984,0.039963105912647734,0.02911352032906933,-1406.6734950989485,43854346.56846292,-19.40788375610003,False
449700.0,0.04766661318443555,0.0400237769926548,0.029103348058182377,-1475.5432999059558,43854753.03707496,-19.418088979941164,False
450000.0,0.04770011891829796,0.040081267408453414,0.02909074254528221,-1543.151501968503,43855087.56096802,-19.427646558035494,False
450300.0,0.0477299720507763,0.040135606568298954,0.029075762212862344,-1609.47084531188,43855349.908665285,-19.43655143689966,False
450600.0,0.047756235491038974,0.04018682822561459,0.029058465203888773,-1674.4763336479664,43855539.88243371,-19.444798855220835,False
450900.0,0.04777897370901099,0.04023496561620732,0.02903891318482721,-1738.142761617899,43855657.31604181,-19.452384350990744,False
451200.0,0.04779825205723614,0.04028005494944864,0.0290171659448184,-1800.444403976202,43855702.07466577,-19.459303759329888,False
451500.0,0.04781414019410512,0.04032213502398463,0.028993287498185083,-1861.3585481792688,43855674.05862809,-19.465553221701338,False
451800.0,0.04782670707905358,0.04036124370790617,0.028967342198122026,-1920.86070497334,43855573.19880383,-19.471129185020892,False
452100.0,0.04783602261541677,0.040397422494180546,0.028939391807099923,-1978.9273207113147,43855399.459516875,-19.476028401603156,False
452400.0,0.04784216148724684,0.04043071428878875,0.028909504570368227,-2035.5385297089815,43855152.841464825,-19.480247940987436,False
452700.0,0.04784519455515828,0.040461160430595555,0.02887774470448079,-2090.6711770817637,43854833.37490219,-19.483785182052628,False
453000.0,0.04784519927235917,0.04048880857823178,0.028844179819749627,-2144.3063586205244,43854441.12732835,-19.486637822935613,False
453300.0,0.04784225329353537,0.04051370615729866,0.028808878492494472,-2196.4218335300684,43853976.19603515,-19.488803880963314,False
453600.0,0.04783643379611415,0.040535899665030684,0.02877191001433488,-2247.000799179077,43853438.71700349,-19.490281694626056,False
453900.0,0.047827820459985064,0.040555440533637466,0.028733342004571227,-2296.022259734571,43852828.855380066,-19.491069923272647,False
454200.0,0.04781649471491146,0.04057237995891683,0.02869324562557196,-2343.470409721136,43852146.814954706,-19.491167554262795,False
454500.0,0.0478025369273281,0.04058676907277459,0.028651690692676368,-2389.3273297399282,43851392.83093538,-19.490573899866007,False
454800.0,0.047786033196821634,0.04059866498636211,0.02860874939554492,-2433.5762288868427,43850567.17325518,-19.489288602621603,False
455100.0,0.047767067454970114,0.04060812245208467,0.02856449360898239,-2476.2029434666038,43849670.14811991,-19.487311634132467,False
455400.0,0.04774572402854389,0.040615197667420944,0.02851899437466443,-2517.1916055455804,43848702.093709975,-19.484643295873163,False
455700.0,0.047722091541349924,0.04061995064685675,0.02847232542018574,-2556.5278969705105,43847663.3834513,-19.48128422387183,False
456000.0,0.04769625685806998,0.04062244041648455,0.028424559098340296,-2594.199455820024,43846554.426422425,-19.477235385651937,False
456300.0,0.047668310677179325,0.04062272956522861,0.028375769983266963,-2630.193826444447,43845375.66528797,-19.47249808466011,False
456600.0,0.04763834211722338,0.04062088040544154,0.0283260306546822,-2664.497710816562,43844127.575516224,-19.467073956716273,False
456900.0,0.04760644106317234,0.04061695580844571,0.02827541456709426,-2697.1026745662093,43842810.67103346,-19.460964973372747,False
457200.0,0.04757270078140799,0.04061102166741648,0.02822399730490588,-2727.9960503205657,43841425.49505774,-19.454173443486823,False
457500.0,0.04753721407145479,0.04060314427084677,0.028171853448881734,-2757.1694439575076,43839972.62851713,-19.44670201022568,False
457800.0,0.047500075010084145,0.04059339250684957,0.02811905667955017,-2784.615747973323,43838452.686956204,-19.438553651130967,False
458100.0,0.04746137712497029,0.04058183434258922,0.02806568119582664,-2810.325272731483,43836866.316541135,-19.429731679312003,False
458400.0,0.04742121549864323,0.04056853932553395,0.028011802054596302,-2834.2916568517685,43835214.19982486,-19.420239743380446,False
458700.0,0.047379686980918656,0.04055357996571729,0.027957493738298922,-2856.509067326784,43833497.05278201,-19.410081825424523,False
459000.0,0.04733688864132101,0.040537027779862456,0.027902832621961693,-2876.9727653339505,43831715.62518957,-19.399262242696526,False
459300.0,0.04729291647224059,0.04051895562872687,0.02784789174954838,-2895.676260277629,43829870.697575584,-19.387785641417853,False
459600.0,0.04724786888866759,0.04049943928208677,0.027792744724816743,-2912.617775209248,43827963.08745846,-19.375656999509893,False
459900.0,0.04720184346091588,0.040478551711430555,0.027737467548792694,-2927.7943870723248,43825993.643240765,-19.36288162707905,False
460200.0,0.047154940722125435,0.04045637140595204,0.027682134299794825,-2941.2027016431093,43823963.24461633,-19.349465160550032,False
460500.0,0.04710725836052686,0.04043297371961785,0.027626818467616943,-2952.8421173095703,43821872.8055452,-19.335413562259117,False
460800.0,0.047058896755921495,0.040408437644316564,0.027571593562953467,-2962.7131969854236,43819723.272315525,-19.32073311912857,False
461100.0,0.047009955624877905,0.040382841522387025,0.027516532968231644,-2970.8145168200135,43817515.62006052,-19.305430440385663,False
461400.0,0.04696053640178709,0.04035626620276389,0.027461709869662343,-2977.14886110276,43815250.858600296,-19.289512455167785,False
461700.0,0.0469107389820784,0.04032879034366488,0.027407197822910234,-2981.71781861037,43812930.026663244,-19.272986410563615,False
462000.0,0.04686066421981542,0.040300494519897256,0.02735306963829487,-2984.523236580193,43810554.19294339,-19.25585986777685,False
462300.0,0.04681041245099112,0.040271461271629505,0.027299394763574014,-2985.570645302534,43808124.45910651,-19.23814069659355,False
462600.0,0.04676008560710957,0.04024177202455803,0.027246246937178142,-2984.862833492458,43805641.95292528,-19.21983707992022,False
462900.0,0.04670978509556085,0.04021151084344865,0.027193695608701773,-2982.4065557196736,43803107.834524564,-19.20095750189611,False
463200.0,0.046659612316820254,0.0401807590567671,0.027141813890686706,-2978.206708520651,43800523.29007365,-19.181510752340152,False
463500.0,0.046609667945870126,0.04014960135157253,0.02709066927555881,-2972.270975932479,43797889.535926394,-19.161505913769933,False
463800.0,0.04656005389818849,0.040118121716318456,0.02704033235007941,-2964.606648437679,43795207.8149128,-19.140952366223743,False
464100.0,0.046510871939790775,0.040086405162924166,0.026990872121167797,-2955.2223121896386,43792479.39747967,-19.119859778501908,False
464400.0,0.046462220363817745,0.04005453353317989,0.026942355832929366,-2944.1285042464733,43789705.58177571,-19.098238103709544,False
464700.0,0.04641420311986277,0.040022594494018904,0.02689485275870851,-2931.334539934993,43786887.68988796,-19.076097578585504,False
465000.0,0.046366918598398844,0.03999067148231461,0.026848428192067786,-2916.8505184575915,43784027.06923512,-19.05344871284074,False
465300.0,0.04632046783178468,0.03995885058685644,0.026803148440563973,-2900.688471637666,43781125.09308364,-19.030302289316275,False
465600.0,0.046274951561066466,0.0399272163143678,0.026759081386963146,-2882.8630940541625,43778183.1606247,-19.00666935952506,False
465900.0,0.04623046761075155,0.039895853946120496,0.02671628879909349,-2863.3846333622932,43775202.6891912,-18.9825612307607,False
466200.0,0.04618711698024852,0.03986484970619131,0.026674836622131437,-2842.2690863460302,43772185.12376083,-18.957989471010116,False
466500.0,0.046144997157509034,0.03983428711626402,0.026634788273717902,-2819.531181372702,43769131.929226086,-18.932965896694636,False
466800.0,0.0461042056888713,0.039804251299358384,0.02659620505795246,-2795.1868271380663,43766044.592111684,-18.90750256735579,False
467100.0,0.04606484117692146,0.039774828095858084,0.026559149063100307,-2769.2507237792015,43762924.617435776,-18.88161178265657,False
467400.0,0.04602700055614038,0.039746100893466974,0.0265236826807147,-2741.7424934729934,43759773.53407239,-18.855306075834836,False
467700.0,0.045990779336248545,0.03971815477621021,0.026489863452933804,-2712.6784589216113,43756592.88574453,-18.828598202325264,False
468000.0,0.04595627465505884,0.03969107409932349,0.026457752613371355,-2682.078445479274,43753384.23702336,-18.801501141911558,False
468300.0,0.04592357992168332,0.039664942050080754,0.02642740637145735,-2649.959968082607,43750149.16669623,-18.774028083469794,False
468600.0,0.045892788082869486,0.039639839060981785,0.02639888371382071,-2616.3449986055493,43746889.273698665,-18.746192426073424,False
468900.0,0.04586399412811975,0.03961585036989845,0.026372240577316575,-2581.253452979028,43743606.16975118,-18.71800776632439,False
469200.0,0.04583729140423252,0.03959305820637837,0.026347533951962987,-2544.70751837641,43740301.482821144,-18.689487895468716,False
469500.0,0.04581276773447335,0.03957154105518157,0.026324816123160844,-2506.7289848923683,43736976.853575565,-18.660646786514487,False
469800.0,0.04579051618965541,0.039551382449644734,0.026304141544407855,-2467.3413773179054,43733633.93661986,-18.631498593840693,False
470100.0,0.045770624612000925,0.03953266052650406,0.026285562694763343,-2426.56682869792,43730274.39646646,-18.60205764166512,False
470400.0,0.045753182603764084,0.03951545474677687,0.02626913317005375,-2384.4322655573487,43726899.91280284,-18.572338419617726,False
470700.0,0.045738276013618774,0.03949984375606164,0.026254900964417516,-2340.9607120081782,43723512.17086731,-18.542355568385396,False
471000.0,0.045725990810905226,0.039485904678485895,0.026242916169586294,-2296.1784226596355,43720112.86764301,-18.512123879656396,False
471300.0,0.04571641178840095,0.03947371256754195,0.026233229458853202,-2250.111519418657,43716703.707546495,-18.481658286740956,False
471600.0,0.04570962290739215,0.039463345625051716,0.026225885620689837,-2202.786953933537,43713286.4024329,-18.450973850136094,False
471900.0,0.04570570678823303,0.03945487684887894,0.026220933975473315,-2154.23331066221,43709862.67143383,-18.42008575987265,False
472200.0,0.04570474273833705,0.03944837830050574,0.026218419162191253,-2104.476383380592,43706434.23556128,-18.38900931813786,False
472500.0,0.045706810512696316,0.039443923357907806,0.026218384638429626,-2053.547079473734,43703002.8246334,-18.35775993452349,False
472800.0,0.0457119901272215,0.03944158420461008,0.026220875756674644,-2001.4748027473688,43699570.16967296,-18.326353120765933,False
473100.0,0.045720355762078245,0.0394414290275904,0.026225932935027174,-1948.2879479080439,43696138.00241298,-18.294804475504534,False
473400.0,0.04573198354174249,0.039443526391266914,0.02623359929424396,-1894.0180993303657,43692708.05850305,-18.263129683433284,False
473700.0,0.045746947193457684,0.03944794497101611,0.02624391344870247,-1838.6955450102687,43689282.07202751,-18.231344499540867,False
474000.0,0.045765318652243044,0.039454750061395316,0.026256915300098882,-1782.3513137474656,43685861.77654552,-18.199464746295767,False
474300.0,0.045787167929820134,0.039464005127314294,0.026272643707553556,-1725.0202487558126,43682448.90716577,-18.167506302651255,False
474600.0,0.04581256385226878,0.03947577444790795,0.026291134190771004,-1666.7310426607728,43679045.18958295,-18.135485093038294,False
474900.0,0.045841572126649605,0.03949011851099726,0.026312421810573028,-1607.519652992487,43675652.352494866,-18.103417081493294,False
475200.0,0.04587426127249649,0.03950710009266345,0.026336543262807766,-1547.4182025939226,43672272.11550649,-18.071318264965324,False
475500.0,0.045910691840981885,0.039526773980014696,0.026363532035695414,-1486.4616665542126,43668906.19482261,-18.039204659656875,False
475800.0,0.04595092741918712,0.039549201042405,0.02639341850504806,-1424.6826323345304,43665556.29701692,-18.00709229227997,False
476100.0,0.045995025740115617,0.039574433116285945,0.026426234949475713,-1362.1176910549402,43662224.12443672,-17.9749971962173,False
476400.0,0.04604304738820018,0.039602526667493976,0.026462012191899476,-1298.8012732118368,43658911.36805697,-17.942935399299895,False
476700.0,0.046095048289440735,0.03963353341748643,0.02650077923603078,-1234.7697146236897,43655619.71057023,-17.910922914574634,False
477000.0,0.04615108049365858,0.03966750213407977,0.026542562209606047,-1170.0588216111064,43652350.82298268,-17.878975730383498,False
477300.0,0.0462111975353686,0.03970448206956689,0.026587389038940756,-1104.703555047512,43649106.36333664,-17.847109806183497,False
477600.0,0.04627545129077029,0.03974452284649033,0.026635284143019078,-1038.7419197633862,43645887.97964663,-17.815341058401046,False
477900.0,0.0463438887177917,0.039787667098920565,0.02668627273384061,-972.2100163549185,43642697.30400695,-17.783685355914983,False
478200.0,0.04641655696624144,0.03983395896887032,0.02674037820581532,-905.1466211602092,43639535.95623738,-17.752158508658454,False
478500.0,0.04649349851695647,0.0398834394565597,0.026797619990819754,-837.5883016958833,43636405.53807515,-17.72077625672038,False
478800.0,0.046574756915687826,0.03993614823667713,0.026858021064406046,-769.5733136236668,43633307.63615975,-17.6895542691409,False
479100.0,0.04666037211037519,0.03999212338538882,0.0269216002265118,-701.1385255455971,43630243.81805758,-17.658508127526506,False
479400.0,0.046750382670836935,0.0400514019778484,0.02698837515664465,-632.3241698816419,43627215.63612592,-17.627653320497256,False
479700.0,0.04684482359584353,0.04011401763563072,0.027058361928734342,-563.1669354811311,43624224.61973181,-17.597005234649938,False
480000.0,0.04694372845031553,0.040180000524742354,0.027131578720069882,-493.70715122669935,43621272.281576484,-17.5665791497858,False
480300.0,0.047047129188987444,0.04024938316553062,0.027208037684761877,-423.9829104542732,43618360.11097525,-17.536390222371637,False
480600.0,0.04715505607694289,0.040322194371583464,0.027287752990890368,-354.03390742093325,43615489.576865055,-17.50645348524587,False
480900.0,0.047267534303079596,0.04039845870369163,0.027370735700039006,-283.89844496548176,43612662.123999275,-17.47678383424997,False
481200.0,0.047384591102649976,0.04047820210581676,0.027456998507862096,-213.6169779598713,43609879.17569538,-17.44739602481399,False
481500.0,0.04750624564234973,0.04056144415329754,0.027546548692786388,-143.22818046063185,43607142.12912285,-17.418304656841944,False
481800.0,0.04763252245755301,0.0406482098008496,0.02763939555391204,-72.77149092406034,43604452.357087605,-17.38952417419315,False
482100.0,0.04776343640574415,0.04073851466748124,0.027735544195991224,-2.286393590271473,43601811.20657064,-17.36106885061587,False
482400.0,0.04789900469950591,0.0408323755082165,0.027835002243818963,68.18762473762035,43599219.99796102,-17.332952788725255,False
482700.0,0.048039240180459346,0.04092980680479741,0.027937772826575724,138.60923070460558,43596680.0261952,-17.305189905367616,False
483000.0,0.048184155293036615,0.04103082255329582,0.028043859038714203,208.94114650785923,43594192.5541701,-17.27779392858748,False
483300.0,0.048333758699666385,0.04113543225560079,0.028153263476102808,279.1420335173607,43591758.820195,-17.250778389798814,False
483600.0,0.04848805574664453,0.041243645392199824,0.028265983077844226,349.1743187531829,43589380.029520854,-17.224156611395486,False
483900.0,0.04864705230280191,0.041355467963796855,0.028382020334216662,418.99592131376266,43587057.3619907,-17.197941710866985,False
484200.0,0.04881074863099186,0.04147090390318908,0.028501370888569966,488.56958025693893,43584791.96211002,-17.172146581453514,False
484500.0,0.04897914610354452,0.04158995735923554,0.028624032027337876,557.8549875095487,43582584.946333796,-17.14678389383663,False
484800.0,0.04915224078583208,0.04171262878662674,0.028749996888944196,626.8129741027951,43580437.3983219,-17.12186608370349,False
485100.0,0.04933002812388914,0.04183891760590086,0.028879258964725096,695.4041339829564,43578350.36977956,-17.097405349759324,False
485400.0,0.04951250217222896,0.041968820142358254,0.02901181350575044,763.5904955267906,43576324.87827211,-17.073413648807765,False
485700.0,0.04969965153801782,0.04210233172943845,0.02914764781684198,831.332546852529,43574361.90970939,-17.049902679886404,False
486000.0,0.04989146407672064,0.04223944441196181,0.029286752322917664,898.5926726385951,43572462.41444098,-17.02688388934141,False
486300.0,0.05008792730384485,0.04238015212320079,0.029429114430762127,965.3326178565621,43570627.309348196,-17.00436845887357,False
486600.0,0.05028902305375509,0.042524441274281344,0.029574721847218655,1031.5129081457853,43568857.47800246,-16.982367303216567,False
486900.0,0.05049473284451734,0.04267230063385341,0.02972355869611576,1097.096298918128,43567153.76681887,-16.960891060795525,False
487200.0,0.05070503595493133,0.04282371666857898,0.029875608392572417,1162.0461375415325,43565516.98632002,-16.939950091325414,False
487500.0,0.05091990985708049,0.04297867341398387,0.03003085454490062,1226.3241738528013,43563947.912975386,-16.919554471623805,False
487800.0,0.051139326928656435,0.0431371513374188,0.030189276866817494,1289.8944092839956,43562447.28502605,-16.89971398662422,False
488100.0,0.05136326002235836,0.04329913257345197,0.030350853773253306,1352.7202428653836,43561015.805036664,-16.880438127265407,False
488400.0,0.05159168012316673,0.04346459531512892,0.030515565749183793,1414.7651164531708,43559654.13897184,-16.861736089346042,False
488700.0,0.05182455350993642,0.04363351604587251,0.030683387626819325,1475.9931870251894,43558362.91526986,-16.84361676148675,False
489000.0,0.05206184573792975,0.04380586951316445,0.030854295363514694,1536.3688155040145,43557142.72512395,-16.82608872779115,False
489300.0,0.05230352033924345,0.0439816308129366,0.031028261132313162,1595.8576222881675,43555994.12122073,-16.80916025901941,False
489600.0,0.05254953855483636,0.04416077052093215,0.03120525920711259,1654.424068838358,43554917.61997677,-16.792839314758602,False
489900.0,0.05279985959382878,0.04434326054345661,0.03138525879463572,1712.0355758816004,43553913.6972627,-16.777133532744593,False
490200.0,0.0530544385046078,0.04452906728323569,0.03156822932577441,1768.6574374064803,43552982.79335526,-16.76205023084727,False
490500.0,0.053313232120421196,0.04471816002441642,0.03175413958942741,1824.2568792253733,43552125.308768965,-16.74759640310533,False
490800.0,0.053576192646773865,0.04491050380164552,0.03194295618367349,1878.8010609447956,43551341.606167756,-16.733778715282764,False
491100.0,0.053843269979128694,0.04510606358442715,0.03213464200727145,1932.2579228430986,43550632.00945594,-16.720603500676514,False
491400.0,0.05411441271876535,0.045304800113399324,0.032329163331382915,1984.596768848598,43549996.80315605,-16.708076764708288,False
491700.0,0.05438956874097052,0.045506677277614926,0.03252648124508184,2035.7847524285316,43549436.23590763,-16.696204174102107,False
492000.0,0.05466868009425019,0.04571165276635725,0.032726555151974424,2085.791981138289,43548950.51537032,-16.68499105831727,False
492300.0,0.05495169218675483,0.04591968781974742,0.032929345607190186,2134.5899972245097,43548539.80977402,-16.67444241053226,False
492600.0,0.05523854350415053,0.0461307367874042,0.03313481052195755,2182.1492025479674,43548204.250547476,-16.664562882202006,False
492900.0,0.0555291740616344,0.04634475723241849,0.03334290633497261,2228.438910320401,43547943.93234313,-16.65535678279135,False
493200.0,0.0558235218800113,0.04656170560892292,0.03355358767144523,2273.433581635356,43547758.90689867,-16.6468280781977,False
493500.0,0.056121520371511885,0.04678153235411742,0.033766809243530815,2317.1042059212923,43547649.19177764,-16.638980391624983,False
493800.0,0.056423103546592884,0.04700419248615617,0.03398252101032995,2359.425580203533,43547614.76323256,-16.631816997918428,False
494100.0,0.05672820266777296,0.04722963596776708,0.034200674884338866,2400.3710080087185,43547655.56167032,-16.625340829650344,False
494400.0,0.057036748003665864,0.04745781274169758,0.03442122123038871,2439.9140305146575,43547771.49010623,-16.619554473197166,False
494700.0,0.05734866874291391,0.04768867377441666,0.03464410740691548,2478.0317571386695,43547962.41103985,-16.614460167060432,False
495000.0,0.05766389076453645,0.047922166026410196,0.034869280442077155,2514.6997424140573,43548228.151805006,-16.61005980452013,False
495300.0,0.05798233769395009,0.048158236373751606,0.035096683818473196,2549.895238094032,43548568.50156492,-16.60635493059134,False
495600.0,0.05830393505354684,0.04839683192736288,0.035326263934734925,2583.595467172563,43548983.21330509,-16.603346748851237,False
495900.0,0.05862860371566495,0.048637897218867465,0.0355579628271272,2615.7782030701637,43549472.00354082,-16.60103611471844,False
496200.0,0.0589562627900689,0.04888137518392455,0.03579172169948919,2646.4230555072427,43550034.55133694,-16.599423539728235,False
496500.0,0.05928683370498651,0.04912721276633647,0.03602748061237193,2675.5105212703347,43550670.49958147,-16.598509192154125,False
496800.0,0.05962023381773014,0.0493753512969306,0.03626518002583268,2703.019885517657,43551379.457427055,-16.598292899665292,False
497100.0,0.05995637738290599,0.04962573178522689,0.03650475575358314,2728.93535297364,43552160.99452018,-16.598774145575398,False
497400.0,0.06029518112887327,0.049878297802877114,0.03674614453353797,2753.2355530187488,43553014.65187425,-16.599952075887593,False
497700.0,0.06063655696857042,0.05013298696141533,0.03698928268708812,2775.9066699445248,43553939.92913408,-16.60182549959916,False
498000.0,0.060980418122434946,0.05038974125278628,0.037234103266914786,2796.9314622357488,43554936.295968175,-16.60439288766806,False
498300.0,0.06132667684274033,0.050648500206392555,0.037480540852154576,2816.293851926923,43556003.18790688,-16.607652379793283,False
498600.0,0.06167524148486243,0.05090920218054862,0.037728525136699886,2833.9812967404723,43557140.00441327,-16.61160178015319,False
498900.0,0.06202602396016999,0.05117178657798149,0.03797799037296201,2849.9794432222843,43558346.114688076,-16.616238569159055,False
499200.0,0.06237892806102704,0.05143618809444206,0.038228863402149926,2864.2745602205396,43559620.85570899,-16.621559893951623,False
499500.0,0.06273386322041107,0.05170234726961098,0.03848107307954507,2876.856364928186,43560963.52989112,-16.62756258044703,False
499800.0,0.06309073504661537,0.05197019888180421,0.03873454915965979,2887.713598459959,43562373.41001204,-16.634243134991856,False
500100.0,0.0634494502498539,0.052239682233391704,0.03898921762774776,2896.8353329971433,43563849.73841765,-16.64159774260802,False
500400.0,0.0638099101319495,0.05251073011299923,0.039245003699882375,2904.2132775262,43565391.72524235,-16.649622273049797,False
500700.0,0.06417202167226056,0.052783282264528,0.03950183328314694,2909.838631376624,43566998.55209341,-16.65831228545814,False
501000.0,0.06453568469318571,0.053057270204874385,0.039759630754247155,2913.703651636839,43568669.371032685,-16.667663029466,False
501300.0,0.06490080292525728,0.053332632299316174,0.040018318434647426,2915.8032890483737,43570403.303500846,-16.677669448129514,False
501600.0,0.06526727564674162,0.05360930136743036,0.04027781820734688,2916.1296693980694,43572199.44640658,-16.68832618312728,False
501900.0,0.06563500710555119,0.05388721481838843,0.04053805438426039,2914.67976026237,43574056.865040235,-16.69962758133024,False
502200.0,0.06600389524154655,0.054166306116911755,0.04079894585355959,2911.448309317231,43575974.6007252,-16.711567690769858,False
502500.0,0.0663738409216775,0.05444651016054536,0.04106041446886266,2906.43202201277,43577951.66723856,-16.724140272958458,False
502800.0,0.06674474189404876,0.05472776046372019,0.04132237868887856,2899.630893178284,43579987.05008629,-16.73733880057228,False
503100.0,0.06711650004031301,0.05500999469404633,0.04158475856707966,2891.042316041887,43582079.713008486,-16.751156466585183,False
503400.0,0.067489010881375,0.05529314385671569,0.04184747193098559,2880.6660566851497,43584228.5936265,-16.765586184696282,False
503700.0,0.06786217438840134,0.05557714334361208,0.042110438413182294,2868.501897186041,43586432.60642783,-16.780620597702,False
504000.0,0.06823588815218097,0.05586192905553844,0.042373573136700315,2854.5515462085605,43588690.6414899,-16.796252075617158,False
504300.0,0.06861005042906283,0.05614743348343154,0.04263679635813489,2838.8185327500105,43591001.56522594,-16.81247272984043,False
504600.0,0.06898455811073503,0.0564335924628665,0.04290002202101917,2821.30464027822,43593364.22459597,-16.82927440631655,False
504900.0,0.06935930992473849,0.05672034042544283,0.04316316864308689,2802.0142542868853,43595777.44340841,-16.8466487011079,False
505200.0,0.06973420294555259,0.057007612630712856,0.043426150999692936,2780.9522935524583,43598240.02504244,-16.864586956842974,False
505500.0,0.07010913359902213,0.05729534245509171,0.04368888500025747,2758.1253754869103,43600750.75193955,-16.883080272427712,False
505800.0,0.070484001550734,0.05758346748928034,0.04395128659111336,2733.539209909737,43603308.38887,-16.902119506853108,False
506100.0,0.07085870326355474,0.057871920679019695,0.04421327205138326,2707.2014927491546,43605911.680701554,-16.9216952844583,False
506400.0,0.07123313663427797,0.05816063804593341,0.04447475615430463,2679.120340168476,43608559.35463023,-16.941797998122045,False
506700.0,0.07160720069274189,0.05844955532802487,0.044735655709420286,2649.3050791099668,43611250.12005615,-16.962417817892337,False
507000.0,0.07198079159983924,0.05873860852722146,0.04499588248996034,2617.7668260633945,43613982.66867237,-16.983544689053865,False
507300.0,0.0723538104533455,0.05902773440669762,0.04525535512977186,2584.5150410830975,43616755.678579055,-17.00516834921554,False
507600.0,0.07272615464600861,0.05931686876169806,0.045513987347575835,2549.5622490867972,43619567.81023105,-17.027278321773284,False
507900.0,0.07309772463535255,0.059605947915855495,0.04577169698236716,2512.9212103635073,43622417.70993579,-17.049863930226604,False
508200.0,0.07346841976857857,0.05989491045096429,0.04602839725270513,2474.604724690318,43625304.010717385,-17.072914294760587,False
508500.0,0.07383813939726419,0.060183692102128816,0.0462840046135824,2434.6269803345203,43628225.33163469,-17.096418345461718,False
508800.0,0.07420678548865406,0.060472230696206,0.046538437033817104,2393.004052489996,43631180.2779488,-17.120364825988336,False
509100.0,0.07457425841618308,0.06076046495815035,0.04679160869648413,2349.7502000555396,43634167.445490666,-17.144742293697917,False
509400.0,0.07494046239347257,0.061048333804649246,0.047043439498661854,2304.8833261951804,43637185.41586267,-17.16953913459901,False
509700.0,0.07530529784974883,0.06133577511718613,0.047293844341485425,2258.420579366386,43640232.76149767,-17.194743558122124,False
510000.0,0.07566866887467084,0.061622728065515275,0.04754274223452626,2210.3798804208636,43643308.0447892,-17.220343611726822,False
510300.0,0.07603047995273822,0.061909132794113475,0.04779005145760706,2160.7792606651783,43646409.8194078,-17.246327181588317,False
510600.0,0.07639063586066615,0.062194928163535224,0.04803569206310243,2109.64018715173,43649536.6276269,-17.27268200064192,False
510900.0,0.07674904219518558,0.06248005611362828,0.04827958155218326,2056.9812036678195,43652687.00732931,-17.299395649817708,False
511200.0,0.07710560668662121,0.06276445782475548,0.04852164149617266,2002.8249158635736,43655859.48566602,-17.326455570235282,False
511500.0,0.07746023650104186,0.06304807284377034,0.04876179426431548,1947.1925441995263,43659052.58514309,-17.35384906551726,False
511800.0,0.07781284061086133,0.06333084443292591,0.048999960479704896,1890.106821641326,43662264.82135931,-17.381563304838906,False
512100.0,0.07816332801843451,0.06361271399475754,0.0492360627649262,1831.5912214070559,43665494.7044096,-17.409585332277903,False
512400.0,0.07851160929473558,0.06389362448345537,0.049470024160100934,1771.6685372963548,43668740.740931116,-17.437902070842814,False
512700.0,0.0788575988565984,0.0641735205869054,0.04970177151975719,1710.364361219108,43672001.431247115,-17.46650033148441,False
513000.0,0.07920120729974899,0.06445234465098792,0.04993122813059614,1647.7045313939452,43675275.27253516,-17.495366811331266,False
513300.0,0.07954234987233454,0.06473004083179035,0.050158322271553146,1583.7139261513948,43678560.7606447,-17.52448810787097,False
513600.0,0.07988094169814323,0.06500655489708151,0.050382979865496225,1518.4184885174036,43681856.38867832,-17.553850717222367,False
513900.0,0.08021689938611926,0.06528183078688699,0.05060513106591458,1451.846249036491,43685160.6465695,-17.583441046343868,False
514200.0,0.08055014290470494,0.06555581640151331,0.0508247064314169,1384.02575725317,43688472.023245856,-17.613245414825276,False
514500.0,0.0808805890390819,0.06582845636972934,0.051041635033016064,1314.9835957288742,43691789.009704575,-17.64325005861339,False
514800.0,0.08120816107826657,0.06609969951136918,0.05125585105658459,1244.749381788075,43695110.094593935,-17.673441142225442,False
515100.0,0.08153277935211131,0.06636949098083278,0.05146728800757927,1173.3532928824425,43698433.76726584,-17.703804758564214,False
515400.0,0.08185436812656732,0.06663777982905117,0.0516758807764468,1100.8244182690978,43701758.51999575,-17.734326936585223,False
515700.0,0.08217285383517771,0.0669045154946275,0.05188156694535451,1027.1929237172008,43705082.84638401,-17.764993648201962,False
516000.0,0.08248816259741704,0.06716964726973629,0.052084283478812665,952.4916637837887,43708405.24030345,-17.795790810567095,False
516300.0,0.08280022167623101,0.06743312353822262,0.052283969921745665,876.74922542274,43711724.203410044,-17.82670429485669,False
516600.0,0.08310896263585368,0.0676948969162936,0.05248056738755125,800.000572822988,43715038.23504577,-17.857719930832527,False
516900.0,0.08341431537661938,0.06795491587655533,0.05267401890420942,722.2769210338593,43718345.84290738,-17.88882351275926,False
517200.0,0.08371621434968271,0.06821313400965323,0.05286426842830494,643.6097033470869,43721645.539615065,-17.92000080397909,False
517500.0,0.08401459460787275,0.06846950284278819,0.05305126298652851,564.0350799188018,43724935.83873436,-17.951237544606947,False
517800.0,0.08430939132959486,0.06872397593758706,0.05323494713164578,483.58463741093874,43728215.26460072,-17.982519451529562,False
518100.0,0.08460054413264505,0.06897650572733482,0.053415273473252256,402.293055459857,43731482.345171854,-18.013832234472517,False
518400.0,0.08488799159737395,0.06922704632177101,0.05359219072593646,320.1952350437641,43734735.61541226,-18.04516158957579,False
518700.0,0.08517241624855645,0.06947612598207797,0.0537661552436397,237.52962139248848,43737973.41443298,-18.076493716043682,False
519000.0,0.0854523091360127,0.06972258226682015,0.053936126279435115,153.91183483600616,43741194.7124933,-18.107813318093253,False
519300.0,0.08572832850676719,0.06996691638053676,0.054102552638386925,69.59262799471617,43744397.85341444,-18.13910659597848,False
519600.0,0.08600042059055005,0.07020908361866418,0.05426539262378682,-15.392461203038692,43747581.40545338,-18.170359271753274,False
519900.0,0.08626853610043245,0.07044904255803885,0.054424607533171354,-101.00650554150343,43750743.94518713,-18.20155708827428,False
520200.0,0.08653262608103043,0.07068675280660841,0.05458015771199243,-187.2135725542903,43753884.06037677,-18.23268581072773,False
520500.0,0.08679264254720832,0.0709221710753809,0.054732008161565204,-273.97695103287697,43757000.34866926,-18.2637312377014,False
520800.0,0.08704854346576334,0.0711552590686324,0.05488012722382507,-361.2603260651231,43760091.419242285,-18.294679205324705,False
521100.0,0.08730028309601577,0.07138597605580799,0.055024479950503746,-449.02517096698284,43763155.89066143,-18.32551558608295,False
521400.0,0.08754782139960215,0.07161428296149097,0.055165038254209264,-537.2357609048486,43766192.39635418,-18.356226304407144,False
521700.0,0.08779111816279407,0.07184014134574568,0.055301772783696634,-625.8544153347611,43769199.5803081,-18.38679733397675,False
522000.0,0.08803013918392312,0.07206351602411587,0.055434659687154664,-714.8420424610376,43772176.098066255,-18.4172147099014,False
522300.0,0.08826484777527872,0.07228436758671819,0.055563675885803576,-804.1631923764944,43775120.62222743,-18.447464529407274,False
522600.0,0.08849521088201583,0.07250266187685384,0.055688797701634485,-893.7781042605639,43778031.83493543,-18.47753295586277,False
522900.0,0.08872119948874602,0.07271836387980102,0.055810008671521416,-983.648636713624,43780908.43424798,-18.50740623198709,False
523200.0,0.08894278246603264,0.07293143769055632,0.0559272898173937,-1073.7381991147995,43783749.13450207,-18.537070675502022,False
523500.0,0.08915993395131179,0.07314185120731054,0.056040625887153084,-1164.007525652647,43786552.66251834,-18.56651269074497,False
523800.0,0.0893726314468179,0.0733495738459169,0.056150005022828964,-1254.4182122275233,43789317.76156444,-18.595718773701332,False
524100.0,0.08958085023788527,0.07355457075391314,0.05625541668203837,-1344.932832032442,43792043.19189338,-18.624675515278973,False
524400.0,0.08978457037357868,0.07375681160385739,0.05635685243916555,-1435.5125033184886,43794727.72873021,-18.653369607449456,False
524700.0,0.08998377387404347,0.07395626730129834,0.05645430541578733,-1526.1192978322506,43797370.165096276,-18.681787848011997,False
525000.0,0.09017844584187985,0.07415290947363928,0.05654777266659039,-1616.7146593928337,43799969.310639866,-18.70991714829806,False
525300.0,0.09036857075311926,0.074346708749772,0.05663725130508723,-1707.2602289170027,43802523.992870085,-18.737744534603813,False
525600.0,0.09055413804464993,0.07453763895452425,0.056722742491970735,-1797.717944689095,43805033.05766289,-18.765257157474828,False
525900.0,0.0907351376175839,0.0747256736132158,0.05680424839203013,-1888.0497792065144,43807495.36940018,-18.792442293942027,False
526200.0,0.09091156166609912,0.07491078673419338,0.05688177418724294,-1978.2166666388512,43809909.81029692,-18.81928735480415,False
526500.0,0.09108340531989001,0.07509295496748791,0.05695532657249203,-2068.183436654508,43812275.285731174,-18.84577988837284,False
526800.0,0.09125066512013558,0.07527215443406021,0.057024915077967364,-2157.9090117439628,43814590.7148347,-18.871907587030584,False
527100.0,0.09141334018163849,0.07544836299828717,0.05709055126107998,-2247.357305407524,43816855.04178184,-18.89765829164171,False
527400.0,0.09157143223114768,0.07562156044315316,0.057152248575654596,-2336.4911898076534,43819067.23014466,-18.92301999662021,False
527700.0,0.09172494340833137,0.07579172479466934,0.05721002321858393,-2425.272697098553,43821226.263478816,-18.947980855955052,False
528000.0,0.09187387968371065,0.07595883866673603,0.05726389210777327,-2513.664565064013,43823331.14725132,-18.972529186348886,False
528300.0,0.09201824903910474,0.07612288394216193,0.05731387628636142,-2601.629867464304,43825380.90884969,-18.99665347575584,False
528600.0,0.09215805995867228,0.07628384277123246,0.057359997337972146,-2689.1320443972945,43827374.597988404,-19.02034238490857,False
528900.0,0.0922933263068329,0.07644170031670683,0.05740228197740649,-2776.1345025599003,43829311.28668263,-19.043584756995948,False
529200.0,0.09242406034338924,0.07659644199992499,0.057440754116612425,-2862.6019498854876,43831190.070953034,-19.066369614785067,False
529500.0,0.0925502796759322,0.07674805483168257,0.05747544447678976,-2948.4968541041017,43833010.06765182,-19.088686175263444,False
529800.0,0.09267200132425914,0.07689652594007157,0.05750638281422127,-3033.7856507375836,43834770.42103514,-19.110523846860723,False
530100.0,0.09278924647364879,0.07704184565369587,0.05753360191031476,-3118.4305715709925,43836470.294952765,-19.13187223840224,False
530400.0,0.09290203622368537,0.07718400236083767,0.057557136881186466,-3202.3984282910824,43838108.88198997,-19.152721163346055,False
530700.0,0.09301039489926423,0.07732298780081237,0.05757702421117017,-3285.65367885679,43839685.396888785,-19.17306064370603,False
531000.0,0.09311435070413397,0.07745879710824966,0.057593302767688925,-3368.163296855986,43841199.08176877,-19.192880915914742,False
531300.0,0.09321393250997444,0.07759142259703822,0.05760601608945137,-3449.8917912989855,43842649.20149502,-19.21217243791905,False
531600.0,0.09330916957355402,0.07772086055103955,0.057615203796540726,-3530.805690303445,43844035.04850613,-19.23092588534965,False
531900.0,0.09340009586309116,0.07784710820476448,0.05762091222925392,-3610.872957199812,43845355.94257097,-19.249132166872467,False
532200.0,0.09348674415721316,0.0779701613074053,0.057623187850840196,-3690.0605625361204,43846611.2286974,-19.266782422252632,False
532500.0,0.09356915242663001,0.07809002144176702,0.05762207878797909,-3768.3355130031705,43847800.27849377,-19.283868028502702,False
532800.0,0.09364735849673003,0.07820668834330036,0.05761763545064014,-3845.6668958961964,43848922.49254161,-19.300380605052215,False
533100.0,0.0937214043453153,0.07832016560209354,0.05760991064587628,-3922.0227599963546,43849977.29760045,-19.316312018354118,False
533400.0,0.09379133288597384,0.07843045716728625,0.05759895859204178,-3997.3725249916315,43850964.14933596,-19.33165438532507,False
533700.0,0.09385718686997227,0.07853756675928025,0.057584833860669704,-4071.685494236648,43851882.53114709,-19.34640007665063,False
534000.0,0.09391901360476806,0.0786415014650288,0.05756759471649531,-4144.931593760848,43852731.955213904,-19.360541724418088,False
534300.0,0.09397686080980812,0.07874226946242402,0.05754729914064072,-4217.081925958395,43853511.96335448,-19.37407222235738,False
534600.0,0.09403077935590444,0.0788398806494115,0.05752400854860085,-4288.10783111304,43854222.12638429,-19.386984733705344,False
534900.0,0.09408082068729906,0.07893434453632153,0.05749778616986134,-4357.981031000614,43854862.044551425,-19.39927269364852,False
535200.0,0.09412703825820072,0.07902567561225737,0.05746869285415457,-4426.673377461731,43855431.34757049,-19.410929809110023,False
535500.0,0.0941694877381584,0.0791138866068195,0.05743679565155091,-4494.158012017608,43855929.69606094,-19.42195007122548,False
535800.0,0.09420822648801377,0.07919899340794245,0.0574021609613915,-4560.406985640526,43856356.77943883,-19.432327752296533,False
536100.0,0.09424331491578795,0.07928101381907027,0.05736485828499838,-4625.396440677345,43856712.32136297,-19.442057413252105,False
536400.0,0.09427480986805954,0.07935996403659829,0.05732495371195867,-4689.100226268172,43856996.07360753,-19.451133900750268,False
536700.0,0.09430277865430921,0.07943586837950534,0.05728252100914233,-4751.492851316929,43857207.81926379,-19.45955236177703,False
537000.0,0.09432728199911765,0.07950874512010841,0.05723763104620616,-4812.550670899451,43857347.374167405,-19.467308236480317,False
537300.0,0.09434838610775448,0.07957861880464634,0.05719035647212678,-4872.249895133078,43857414.58513913,-19.474397266143956,False
537600.0,0.09436615838497613,0.07964551489669702,0.05714077127851169,-4930.56818471849,43857409.33180327,-19.480815495935783,False
537900.0,0.09438066769523931,0.07970945859980816,0.057088952702780915,-4987.483311995864,43857331.52546232,-19.486559279882627,False
538200.0,0.09439198352260308,0.07977047781420765,0.05703497618495845,-5042.972668260336,43857181.10880779,-19.491625278774592,False
538500.0,0.09440018040407462,0.07982860577459405,0.05697891941589717,-5097.016598843038,43856958.05944862,-19.496010467039262,False
538800.0,0.0944053286173625,0.07988386933172364,0.05692086150888542,-5149.593780592084,43856662.38547168,-19.49971213461292,False
539100.0,0.09440750397899961,0.07993630282317099,0.056860881971172006,-5200.686268262565,43856294.130659595,-19.50272788847863,False
539400.0,0.09440678317994979,0.07998594156339323,0.05679906107878807,-5250.273933067918,43855853.369089484,-19.505055655472578,False
539700.0,0.0944032441025443,0.08003282234568587,0.05673547977839988,-5298.339082449675,43855340.20990137,-19.506693684482528,False
540000.0,0.09439696300212232,0.08007697952888293,0.056670219909428,-5344.864575713873,43854754.79554935,-19.50764054881864,False
540300.0,0.09438802293950414,0.08011845491967051,0.05660336585027537,-5389.834058627486,43854097.302159816,-19.507895149868776,False
540600.0,0.09437650457841587,0.08015728914676856,0.05653500001189471,-5433.230789065361,43853367.93846706,-19.507456714448455,False
540900.0,0.09436248933515273,0.08019352287487891,0.05646520656587839,-5475.039888828993,43852566.94816151,-19.50632480023323,False
541200.0,0.09434606135505542,0.0802271998520041,0.05639407090751192,-5515.247309207916,43851694.60893779,-19.504499296772263,False
541500.0,0.09432730604076076,0.08025836702319111,0.05632167704119695,-5553.839674048126,43850751.232405856,-19.501980424262914,False
541800.0,0.09430630958850171,0.08028707021588843,0.056248112257858196,-5590.803154811263,43849737.16301904,-19.498768739456178,False
542100.0,0.0942831583090302,0.0803133575311108,0.056173461704990046,-5626.126278884709,43848652.78092023,-19.49486513128926,False
542400.0,0.09425793999432874,0.08033727786823874,0.05609781253992807,-5659.797919914126,43847498.49995434,-19.49027082593325,False
542700.0,0.09423074552136933,0.08035888468708663,0.05602125183430573,-5691.806561343372,43846274.76693755,-19.484987385419604,False
543000.0,0.09420166225642634,0.08037822746817369,0.055943866355285365,-5722.144194737077,43844982.06554533,-19.479016707971994,False
543300.0,0.09417078382217534,0.08039536378299772,0.055865743595074235,-5750.7991544902325,43843620.909119256,-19.47236102940611,False
543600.0,0.09413820016558841,0.08041034588711682,0.05578697216291317,-5777.765707112849,43842191.85021166,-19.465022923717317,False
543900.0,0.09410400514810195,0.0804232330162904,0.05570763884068697,-5803.035495363176,43840695.471966885,-19.45700530014577,False
544200.0,0.0940682900824717,0.08043408079001324,0.055627831238911796,-5826.601515732706,43839132.39201797,-19.448311405660387,False
544500.0,0.0940311504261241,0.08044295024467374,0.05554763750315317,-5848.458472713828,43837503.262741804,-19.438944824308145,False
544800.0,0.09399268117564959,0.08044990200477287,0.0554671460050713,-5868.601039372385,43835808.76940137,-19.428909476358168,False
545100.0,0.09395297655428822,0.08045499587177574,0.05538644533909576,-5887.024372130632,43834049.63052332,-19.41820961756163,False
545400.0,0.09391213410826839,0.08045829833542939,0.05530562154942942,-5903.726453177631,43832226.60008347,-19.406849835452352,False
545700.0,0.09387024944379449,0.08045987134033794,0.055224763704174507,-5918.703419841826,43830340.46265966,-19.394835053800573,False
546000.0,0.09382741891278612,0.08045978109555563,0.05514395704512154,-5931.954081714153,43828392.03775167,-19.382170524445574,False
546300.0,0.09378374217561151,0.0804580941831432,0.05506329237222829,-5943.476685002446,43826382.176328614,-19.368861835172147,False
546600.0,0.0937393157128594,0.08045487904723814,0.05498285305359829,-5953.272045582533,43824311.763723865,-19.354914895011245,False
546900.0,0.09369423665762629,0.08045020137191727,0.054902727546515706,-5961.340963721275,43822181.7167909,-19.340335944857884,False
547200.0,0.0936486063699861,0.08044413489545832,0.054823001390655435,-5967.682888396084,43819992.98228739,-19.325131547360645,False
547500.0,0.09360252067189982,0.08043674608870788,0.054743760512714346,-5972.301462464035,43817746.54211896,-19.309308587924935,False
547800.0,0.09355608283015508,0.08042811143820927,0.054665090803840855,-5975.200056150556,43815443.40854937,-19.292874271790012,False
548100.0,0.0935093886517616,0.08041829937889133,0.05458707625981418,-5976.381616160274,43813084.623704866,-19.275836119469798,False
548400.0,0.09346253910052918,0.08040738444299222,0.05450980201706557,-5975.85006595403,43810671.260607496,-19.258201966889413,False
548700.0,0.09341563410236552,0.08039544144315869,0.054433351350372305,-5973.612254604697,43808204.42473524,-19.23997995928687,False
549000.0,0.09336877270357011,0.08038254426750768,0.05435780751159314,-5969.674488499761,43805685.25014255,-19.221178549755447,False
549300.0,0.09332205589573511,0.08036876956472838,0.05428325370870368,-5964.04170165956,43803114.89819749,-19.201806495728366,False
549600.0,0.09327558204483805,0.0803541925227762,0.05420977079883116,-5956.7242496833205,43800494.56392026,-19.181872852984107,False
549900.0,0.09322945200608258,0.08033889134881633,0.05413744014494526,-5947.729086011648,43797825.466681376,-19.16138697461371,False
550200.0,0.09318376352773994,0.08032294113661465,0.054066342080947294,-5937.06628189981,43795108.856221914,-19.14035850540757,False
550500.0,0.09313861743297626,0.08030642129023136,0.05399655670759884,-5924.745693050325,43792346.008797474,-19.118797378376485,False
550800.0,0.09309411269265838,0.08028940994773848,0.053928162771743615,-5910.778047375381,43789538.2277215,-19.09671380916439,False
551100.0,0.09305034757919799,0.08027198579827655,0.053861237223561176,-5895.1755477413535,43786686.84340136,-19.07411829095131,False
551400.0,0.09300742131580428,0.0802542282882257,0.05379585777093965,-5877.94966366142,43783793.21054145,-19.0510215921645,False
551700.0,0.09296543254416414,0.08023621645529033,0.05373210176927401,-5859.114177457988,43780858.71057859,-19.027434750337076,False
552000.0,0.09292447733243006,0.08021802927254384,0.05367004229668382,-5838.684318333864,43777884.75018419,-19.0033690629731,False
552300.0,0.09288465511858307,0.0801997482111858,0.05360975499440457,-5816.672943711281,43774872.75679187,-18.978836088993848,False
552600.0,0.09284606114860199,0.0801814510988379,0.05355131316875017,-5793.096879437566,43771824.18426276,-18.95384763826777,False
552900.0,0.09280879351432134,0.08016322088940342,0.05349478822785869,-5767.971335120499,43768740.5066052,-18.928415766302574,False
553200.0,0.09277294652947113,0.08014513496340214,0.05344025251313411,-5741.313127875328,43765623.220481925,-18.90255277115611,False
553500.0,0.09273861535448588,0.08012727402399378,0.05338777537960482,-5713.141607686877,43762473.84539899,-18.876271183432245,False
553800.0,0.0927058954422761,0.0801097195808893,0.05333742558536514,-5683.4745721668005,43759293.918863714,-18.849583762415776,False
554100.0,0.09267487996762833,0.08009255109016067,0.0532892706550534,-5652.329889006913,43756084.99723103,-18.822503489022164,False
554400.0,0.09264566263477886,0.08007584762958686,0.05324337949644331,-5619.727977439761,43752848.65738981,-18.795043561843414,False
554700.0,0.09261833428538417,0.0800596878776787,0.053199816512282894,-5585.690242506564,43749586.49438337,-18.767217384533478,False
555000.0,0.09259298573810944,0.08004415122115915,0.05315864502734868,-5550.237246021628,43746300.11874837,-18.739038562358907,False
555300.0,0.092569709662438,0.08002931841554073,0.05311992964432832,-5513.390941366553,43742991.157900274,-18.710520897536167,False
555600.0,0.09254859497820489,0.08001526731214881,0.053083732246737014,-5475.175051108003,43739661.25564436,-18.681678378070426,False
555900.0,0.0925297287726748,0.08000207433752848,0.0530501133291672,-5435.6105219349265,43736312.06674761,-18.65252517178776,False
556200.0,0.09251319859664395,0.07998981659090987,0.053019133150147724,-5394.722262695432,43732945.26277825,-18.623075620059236,False
556500.0,0.09249909239047666,0.07997857404799902,0.0529908485989381,-5352.535726457834,43729562.52777369,-18.59334422710899,False
556800.0,0.09248749444653573,0.0799684206339748,0.052965318239007075,-5309.0757682845,43726165.5561701,-18.563345657380584,False
557100.0,0.09247848935590539,0.07995943401536465,0.05294259590757022,-5264.366238646209,43722756.05145367,-18.533094721340223,False
557400.0,0.09247215938050196,0.07995168691513754,0.05292273790246682,-5218.436315990984,43719335.73153806,-18.502606374757022,False
557700.0,0.09246858529527878,0.07994525333509728,0.05290579599566314,-5171.311433434486,43715906.31872374,-18.471895703703627,False
558000.0,0.092467848244518,0.07994020753727682,0.05289182204733933,-5123.019523501396,43712469.544964,-18.4409779210571,False
558300.0,0.09247002988714965,0.07993662465131024,0.05288086742370979,-5073.588313989341,43709027.14817119,-18.409868357707502,False
558600.0,0.09247520258875858,0.07993457095494705,0.05287297906888355,-5023.047210469842,43705580.87310018,-18.378582450333422,False
558900.0,0.09248344681610736,0.07993412133086508,0.05286820615406285,-4971.42503053695,43702132.46807437,-18.34713573966925,False
559200.0,0.09249483604565005,0.07993534420305082,0.05286659418410267,-4918.751363858581,43698683.68532948,-18.315543856153294,False
559500.0,0.09250944296858216,0.07993830735415486,0.05286818792553305,-4865.056331261992,43695236.279749304,-18.28382251432584,False
559800.0,0.09252734049349248,0.07994307949203971,0.052873031018574324,-4810.371840119362,43691792.00909143,-18.251987503844415,False
560100.0,0.09254859839838585,0.07994972612900142,0.052881165732518554,-4754.728338286281,43688352.6297064,-18.22005468058547,False
560400.0,0.0925732850469287,0.07995831263667696,0.05289263179908943,-4698.157443456352,43684919.89812777,-18.18803995676851,False
560700.0,0.09260146819744004,0.07996890305918214,0.05290746944429259,-4640.69158629328,43681495.569672585,-18.155959295231902,False
561000.0,0.09263321146539363,0.0799815600285001,0.05292571330855722,-4582.363546259701,43678081.39693229,-18.12382869455805,False
561300.0,0.09266858077945606,0.07999634516977494,0.05294740319448721,-4523.206638254225,43674679.128913,-18.09166419099096,False
561600.0,0.09270763633258655,0.08001331763165354,0.05297257198100169,-4463.254580967128,43671290.50985683,-18.059481837489766,False
561900.0,0.09275043979448035,0.08003253818645817,0.05300125264907862,-4402.540491096675,43667917.277190015,-18.02729770187689,False
562200.0,0.09279704807084532,0.080054061529097,0.05303347787677026,-4341.098921328783,43664561.16251628,-17.99512785753702,False
562500.0,0.09284751917511003,0.0800779455808538,0.053069277608084775,-4278.964568294585,43661223.88928251,-17.962988372081494,False
562800.0,0.09290190705721124,0.08010424454545273,0.053108679488939714,-4216.172680318356,43657907.17214831,-17.930895298879758,False
563100.0,0.09296026412511481,0.08013300995011718,0.0531517118609699,-4152.758754752576,43654612.71564921,-17.898864671150555,False
563400.0,0.09302264111511135,0.08016429419058113,0.053198398693378834,-4088.757689446211,43651342.212320134,-17.86691248800316,False
563700.0,0.09308908879392143,0.08019814727487073,0.05324876701098091,-4024.2073066979647,43648097.34519762,-17.835054712992026,False
564000.0,0.09315965173759623,0.0802346155182363,0.05330283779820988,-3959.1409635692835,43644879.779415965,-17.80330725616995,False
564300.0,0.09323437740920469,0.08027374826269806,0.05336063270298652,-3893.5977900773287,43641691.17144023,-17.771685971973547,False
564600.0,0.09331330828028325,0.08031559030592916,0.05342217060281129,-3827.6134518906474,43638533.158832885,-17.740206647005422,False
564900.0,0.09339648363236619,0.08036018216222374,0.053487470403137394,-3761.225725620985,43635407.364843644,-17.70888499409131,False
565200.0,0.09348394435981869,0.08040756838516927,0.05355654807579313,-3694.470353387296,43632315.39329029,-17.67773664062986,False
565500.0,0.09357572621817056,0.08045778751605326,0.0536294185856967,-3627.3864042311907,43629258.832958356,-17.646777121881737,False
565800.0,0.09367186548056707,0.08051087869330331,0.05370609675762594,-3560.010775849223,43626239.25115464,-17.616021873262987,False
566100.0,0.09377239295526602,0.08056687774629268,0.053786592167721636,-3492.382031880319,43623258.19661047,-17.585486216732324,False
566400.0,0.0938773404058293,0.08062581986024497,0.05387091672083599,-3424.536077439785,43620317.194238104,-17.555185359935006,False
566700.0,0.09398673516758994,0.08068773733330659,0.05395907832158997,-3356.513545371592,43617417.75161397,-17.525134381523877,False
567000.0,0.09410060401027931,0.08075266133431569,0.054051085223068895,-3288.350058272481,43614561.34835413,-17.495348227243053,False
567300.0,0.09421897174101466,0.080820622522225,0.054146942756723604,-3220.0864285454154,43611749.44544553,-17.465841698482365,False
567600.0,0.09434185903710054,0.08089164787423897,0.05424665388197525,-3151.759090177715,43608983.47482711,-17.436629444753844,False
567900.0,0.09446928540804952,0.08096576326215654,0.05435022084892438,-3083.4078487083316,43606264.84630824,-17.40772595738147,False
568200.0,0.09460127049929527,0.08104299358802791,0.05445764728602143,-3015.0698909014463,43603594.94076646,-17.379145563725245,False
568500.0,0.09473782699087746,0.08112335999854281,0.054568929643675546,-2946.7846776247025,43600975.11424905,-17.350902410877875,False
568800.0,0.09487896983795045,0.08120688449344016,0.05468406701414352,-2878.589089870453,43598406.69234866,-17.323010467855337,False
569100.0,0.0950247071121299,0.08129358321025393,0.054803054331664214,-2810.5231420621276,43595890.975168094,-17.29548351129412,False
569400.0,0.09517505042034755,0.08138347534026025,0.054925888389693256,-2742.6252055838704,43593429.23181743,-17.26833512409591,False
569700.0,0.09533000309121077,0.08147657471027969,0.05505255875297266,-2674.932364374399,43591022.70006621,-17.241578679101305,False
570000.0,0.0954895715398373,0.08157289544118385,0.0551830598160592,-2607.483354881406,43588672.58860333,-17.215227344052575,False
570300.0,0.09565375625597775,0.08167244821277109,0.05531738024143351,-2540.3163896650076,43586380.07420457,-17.189294064078833,False
570600.0,0.09582255663571408,0.08177524367260958,0.05545550674035837,-2473.4704887494445,43584146.302431874,-17.163791558673367,False
570900.0,0.09599597017124269,0.08188128842084552,0.05559742808996759,-2406.9818234592676,43581972.38337048,-17.13873231906436,False
571200.0,0.09617399041665252,0.08199058868535758,0.055743126673579724,-2340.8884904682636,43579859.39582073,-17.114128593262844,False
571500.0,0.09635661184826101,0.08210314978578026,0.055892587612007105,-2275.229183189571,43577808.38541318,-17.089992388866314,False
571800.0,0.0965438237662735,0.08221897359993591,0.0560457916474455,-2210.0402740091085,43575820.36116044,-17.06633545978219,False
572100.0,0.09673561523195556,0.08233806176832559,0.05620271936718879,-2145.358540587127,43573896.2976789,-17.043169304459642,False
572400.0,0.09693197050500207,0.08246041173688923,0.05636334865702963,-2081.2225765287876,43572037.13612142,-17.020505157524678,False
572700.0,0.09713287479809614,0.08258602178329966,0.05652765788093461,-2017.6668205931783,43570243.777755134,-16.998353987321142,False
573000.0,0.09733830738316075,0.08271488731554655,0.056695618989746066,-1954.7285676002502,43568517.09054782,-16.97672648355878,False
573300.0,0.09754824996716346,0.08284700365339859,0.05686720821013225,-1892.4446781948209,43566857.90547997,-16.95563306272654,False
573600.0,0.0977626776507706,0.08298236089592592,0.05704239736802563,-1830.850002169609,43565267.01459763,-16.935083854326834,False
573900.0,0.09798156453770407,0.08312094985524254,0.05722115561400187,-1769.9802045971155,43563745.17349498,-16.91508869770008,False
574200.0,0.09820488491765379,0.08326276164115143,0.05740345201808594,-1709.8699800819159,43562293.09921274,-16.89565713991266,False
574500.0,0.09843260796150749,0.08340778134450488,0.05758925488858324,-1650.5545162856579,43560911.47141268,-16.876798430561028,False
574800.0,0.09866470248031675,0.0835559965006496,0.05777852867700517,-1592.0682894587517,43559600.93091169,-16.858521514359254,False
575100.0,0.09890113251486198,0.08370738999951755,0.05797123586367192,-1534.4448164179921,43558362.079199344,-16.840835028905605,False
575400.0,0.09914186418442128,0.08386194511109579,0.05816734199300555,-1477.7190499454737,43557195.48062633,-16.82374730579899,False
575700.0,0.09938685827908872,0.08401964299957854,0.0583668063274736,-1421.9218224063516,43556101.6566679,-16.807266357574722,False
576000.0,0.09963607404090545,0.08418046331013329,0.05856958753592778,-1367.086888462305,43555081.092813924,-16.79139987988021,False
576300.0,0.09988946855691937,0.0843443835922244,0.058775643422745105,-1313.2460324317217,43554134.23354976,-16.776155247892376,False
576600.0,0.10014699861839112,0.0845113814218621,0.058984931296944154,-1260.4316531047225,43553261.48484197,-16.76153951358343,False
576900.0,0.10040861709486085,0.08468143249262994,0.05919740433091292,-1208.6739250943065,43552463.21122679,-16.74755939918112,False
577200.0,0.10067427520489183,0.08485451017213563,0.05941301600781301,-1158.0049189552665,43551739.739883415,-16.73422129892204,False
577500.0,0.10094392284574248,0.08503058780124206,0.059631717664228034,-1108.4536971002817,43551091.35570974,-16.721531274111467,False
577800.0,0.10121750719554357,0.0852096361249437,0.05985345949522625,-1060.048912897706,43550518.303926654,-16.709495051849572,False
578100.0,0.10149497250620299,0.0853916250904092,0.06007818785741392,-1012.8214249461889,43550020.79272311,-16.698118020263035,False
578400.0,0.10177626483696031,0.08557652366997104,0.06030585350845641,-966.7993271574378,43549598.9883425,-16.687405234881922,False
578700.0,0.10206132473426942,0.08576429997683022,0.06053639908689945,-922.0096353664994,43549253.016850255,-16.677361404462516,False
579000.0,0.10235009082779367,0.08595491917847653,0.06076976791967681,-878.4795741960406,43548982.96552615,-16.66799089834135,False
579300.0,0.10264250404328061,0.08614834764313173,0.06100590572167164,-836.236291475594,43548788.88270879,-16.659297746891074,False
579600.0,0.10293849885569113,0.08634454961992333,0.06124475018044251,-795.3058871477842,43548670.77697804,-16.651285630062368,False
579900.0,0.10323800967738854,0.08654348766992825,0.06148624116154622,-755.7121664211154,43548628.61608538,-16.64395788674969,False
580200.0,0.10354097038018786,0.08674512359007736,0.061730318696103126,-717.481055572629,43548662.33156984,-16.637317512143447,False
580500.0,0.10384731182882383,0.08694941886449215,0.06197691826066176,-680.6363207101822,43548771.81469955,-16.631367152570924,False
580800.0,0.10415696357657309,0.08715633333753203,0.06222597534420515,-645.2006169185042,43548956.917765945,-16.626109109827553,False
581100.0,0.1044698532612728,0.08736582543551208,0.062477424145612304,-611.1974824890494,43549217.45634452,-16.621545339830753,False
581400.0,0.10478590762968829,0.08757785436080212,0.06273119647031322,-578.648231767118,43549553.20647562,-16.61767745167,False
581700.0,0.10510505127121385,0.0877923766480535,0.06298722403952084,-547.5727592930198,43549963.905777395,-16.61450671026286,False
582000.0,0.10542720603911224,0.08800934692519036,0.06324543653995462,-517.9934776574373,43550449.25771255,-16.61203403493997,False
582300.0,0.10575229727278496,0.0882287237572541,0.06350576452912193,-489.92836939543486,43551008.92498885,-16.610260003073122,False
582600.0,0.10608024268482763,0.08845046041221849,0.06376813271830883,-463.3977133631706,43551642.53665384,-16.609184844269244,False
582900.0,0.10641096155177746,0.08867451014194216,0.0640324685377145,-438.4172310605645,43552349.6816275,-16.60880845002479,False
583200.0,0.10674437250602992,0.08890082723652881,0.0642986971117594,-415.0064848959446,43553129.91750559,-16.60913036997188,False
583500.0,0.10708039156092762,0.08912936317324238,0.06456674287886344,-393.18109184503555,43553982.76319592,-16.61014981494664,False
583800.0,0.1074189339708954,0.08936007022515469,0.06483652809255602,-372.95694603025913,43554907.70358046,-16.61186565710906,False
584100.0,0.10775991364760847,0.08959290032407807,0.06510797330143703,-354.34927478432655,43555904.18902775,-16.614276432215153,False
584400.0,0.10810324320380935,0.08982780285191438,0.06538100021164439,-337.37086540460587,43556971.63409173,-16.617380344435876,False
584700.0,0.10844883471089149,0.09006472850086311,0.06565552805247421,-322.03549398481846,43558109.421428174,-16.621175264843767,False
585000.0,0.10879659982069806,0.0903036273778639,0.06593147617403261,-308.3559668660164,43559316.90033858,-16.625658736290962,False
585300.0,0.10914644525660519,0.09054444685733642,0.06620875930078896,-296.34448147565126,43560593.38764766,-16.63082797109959,False
585600.0,0.10949828306224439,0.09078713757594414,0.066487296901375,-286.0108810737729,43561938.16648832,-16.636679863019587,False
585900.0,0.10985201918064932,0.0910316458841578,0.06676700382844203,-277.36471601575613,43563350.48890656,-16.64321098060757,False
586200.0,0.11020756090662165,0.09127791956279907,0.06704779542300088,-270.41542859375477,43564829.57660198,-16.65041757521254,False
586500.0,0.11056481261095145,0.09152590553770779,0.06732958333999406,-265.1724469512701,43566374.62158964,-16.65829557982492,False
586800.0,0.11092368268232293,0.09177555350191824,0.06761228243186679,-261.64181089401245,43567984.78340494,-16.666840619120403,False
587100.0,0.11128407423190713,0.09202680742504299,0.06789580606396584,-259.8299890309572,43569659.193510555,-16.67604800806734,False
587400.0,0.11164589096789836,0.09227961547009045,0.06818006339085869,-259.7437105849385,43571396.95572832,-16.68591275262622,False
587700.0,0.11200903566995825,0.09253392106109004,0.06846496797031776,-261.38705960661173,43573197.14394293,-16.696429561909444,False
588000.0,0.11237341093716681,0.0927896723540016,0.06875042720626823,-264.7644601613283,43575058.805705406,-16.70759284129068,False
588300.0,0.11273892022770467,0.0930468148984005,0.06903635316215784,-269.8785724416375,43576980.9607563,-16.719396707003078,False
588600.0,0.11310546412168214,0.09330529330452464,0.0693226543632548,-276.73183661699295,43578962.60320412,-16.73183498183778,False
588900.0,0.11347294379508788,0.0935650520755189,0.06960924043829309,-285.32451444864273,43581002.70020856,-16.744901203787826,False
589200.0,0.11384125872070273,0.09382603724191085,0.06989601634680653,-295.6589257493615,43583100.19686567,-16.758588624386185,False
589500.0,0.11421031153490539,0.09408819410100477,0.07018289309795378,-307.73376839607954,43585254.01118242,-16.772890223632103,False
589800.0,0.11458000238909263,0.0943514680262183,0.07046977753186212,-321.54901114851236,43587463.0396293,-16.787798704076163,False
590100.0,0.11495022866681869,0.09461580158122729,0.0707565754074011,-337.10117660462856,43589726.153088726,-16.803306498305577,False
590400.0,0.11532089199647656,0.0948811410284236,0.07104319480401244,-354.387582026422,43592042.20176491,-16.819405776829196,False
590700.0,0.11569189050279548,0.09514743098768008,0.07132954007592929,-373.4039643481374,43594410.013482384,-16.83608844659968,False
591000.0,0.11606312556995946,0.0954146158092044,0.07161552113918646,-394.14782283455133,43596828.397705264,-16.85334616494847,False
591300.0,0.11643449521569492,0.09568264099101498,0.07190104097724159,-416.611333347857,43599296.13913087,-16.87117033181399,False
591600.0,0.11680589833949423,0.09595144962111135,0.0721860068716822,-440.78946144133806,43601812.00648474,-16.889552105769408,False
591900.0,0.11717723491647,0.0962209864272836,0.07247032575514467,-466.67440589517355,43604374.74764773,-16.90848240423867,False
592200.0,0.11754840484130245,0.09649119813474272,0.0727539019061112,-494.2597359120846,43606983.094477884,-16.927951906118825,False
592500.0,0.11791930685547035,0.09676202723233018,0.07303664278530064,-523.5339909344912,43609635.757096335,-16.94795106260788,False
592800.0,0.11828984169118686,0.09703342072634769,0.07331845346763188,-554.4891779646277,43612331.43307046,-16.968470096681223,False
593100.0,0.11865990776142235,0.09730532062127395,0.07359924122441086,-587.1153696030378,43615068.80269787,-16.98949901277418,False
593400.0,0.1190294072651334,0.0975776746799113,0.0738789123243393,-621.4002196788788,43617846.529207826,-17.01102759873491,False
593700.0,0.11939823990410614,0.09785042690248247,0.0741573734191725,-657.3315058425069,43620663.26198797,-17.033045432405647,False
594000.0,0.11976630758569573,0.09812352396212987,0.07443453133075195,-694.8974591270089,43623517.63759728,-17.05554188665222,False
594300.0,0.12013351056928658,0.09839690829261372,0.07471029517519767,-734.0833999142051,43626408.277083404,-17.07850613677007,False
594600.0,0.12049975173843556,0.09867052799961584,0.0749845712776569,-774.8748263716698,43629333.78975,-17.101927160715924,False
594900.0,0.12086493254863745,0.09894432766208183,0.07525726773234354,-817.2574626207352,43632292.7738819,-17.12579374902368,False
595200.0,0.12122895636613752,0.09921825282958707,0.07552829433939934,-861.2137195691466,43635283.813879445,-17.150094510125466,False
595500.0,0.12159172747991608,0.09949225004430673,0.07579756098187929,-906.7287668734789,43638305.48700103,-17.1748178741417,False
595800.0,0.12195314990088212,0.09976626655341647,0.07606497603809004,-953.7831723093987,43641356.35666948,-17.199952096734982,False
596100.0,0.1223131291718047,0.1000402477986313,0.07633045228397961,-1002.3604407683015,43644434.98067397,-17.225485270475147,False
596400.0,0.1226715694848005,0.10031413932853184,0.07659389996319632,-1052.439799286425,43647539.904614,-17.251405323394298,False
596700.0,0.12302837912437854,0.10058788912746763,0.07685523272050432,-1104.0026646479964,43650669.66902139,-17.277700030424032,False
597000.0,0.1233834632549324,0.10086144373067896,0.0771143606825504,-1157.028508387506,43653822.805874914,-17.3043570119954,False
597300.0,0.12373673304628319,0.10113475163331032,0.07737120098965278,-1211.4962054491043,43656997.84059379,-17.33136375010662,False
597600.0,0.1240880963043359,0.10140775975534666,0.07762566700453633,-1267.3833784908056,43660193.2920214,-17.358707583078118,False
597900.0,0.12443746263399233,0.10168041450418741,0.0778776752969641,-1324.6673521772027,43663407.674013644,-17.386375718093657,False
598200.0,0.12478474373185183,0.10195266486721266,0.07812714241883967,-1383.3259812295437,43666639.4968956,-17.414355233544015,False
598500.0,0.1251298526888334,0.1022244600455906,0.07837398660073802,-1443.3341429904103,43669887.26457664,-17.442633086294585,False
598800.0,0.12547270119469936,0.10249574608542389,0.07861812727837147,-1504.668332979083,43673149.47976264,-17.471196116790786,False
599100.0,0.1258132040570456,0.10276647321822452,0.07885948358088868,-1567.303485289216,43676424.64138707,-17.50003105313011,False
599400.0,0.12615127833444423,0.10303659123621856,0.07909797843366917,-1631.2130668312311,43679711.24530955,-17.529124520749505,False
599700.0,0.12648683941957714,0.10330604771655771,0.07933353440157731,-1696.3708996772766,43683007.786736034,-17.55846304385437,False
600000.0,0.12681980653961034,0.10357479304670392,0.0795660764998658,-1762.7498979121447,43686312.75954726,-17.588033053817654,False
600300.0,0.12715009782536474,0.10384277702380018,0.07979552835493209,-1830.3236906453967,43689624.65850661,-17.61782089092542,False
600600.0,0.12747763543413598,0.10410994991369193,0.08002181911117745,-1899.0623638033867,43692941.97558016,-17.647812816867784,False
600900.0,0.127802338993705,0.10437625995331246,0.08024487592681595,-1968.938940115273,43696263.20698831,-17.677995012816034,False
601200.0,0.1281241342061425,0.10464165991504615,0.08046462991971026,-2039.9240145459771,43699586.8484059,-17.708353590945077,False
601500.0,0.12844294697941946,0.10490610221802399,0.08068101259333105,-2111.987350411713,43702911.397116564,-17.738874596433885,False
601800.0,0.12875870000281336,0.10516953428484044,0.08089395585777837,-2185.0984038189054,43706235.35308829,-17.769544013053945,False
602100.0,0.12907132502289326,0.10543191055180046,0.08110339739631556,-2259.22671456635,43709557.21990902,-17.800347774098707,False
602400.0,0.12938074939055352,0.10569318205932632,0.08130927152806677,-2334.341969296336,43712875.50538726,-17.831271758803044,False
602700.0,0.12968690325722357,0.10595329969379463,0.08151151683572166,-2410.4120616167784,43716188.72014333,-17.86230180552169,False
603000.0,0.12998972078359297,0.10621221803631897,0.08171007355030824,-2487.4051150903106,43719495.380156495,-17.893423714656613,False
603300.0,0.1302891356516866,0.10646988889277509,0.08190488403255003,-2565.287890419364,43722794.005689844,-17.924623254676796,False
603600.0,0.13058508356464,0.10672626460817014,0.0820958928432276,-2644.0286279022694,43726083.12464353,-17.955886167716063,False
603900.0,0.13087750159682263,0.10698129984751859,0.0822830436121933,-2723.593124397099,43729361.269136295,-17.98719817196549,False
604200.0,0.1311663304036078,0.10723494770178377,0.08246628714071846,-2803.9473197311163,43732626.9785898,-18.018544975290418,False
604500.0,0.1314515105874696,0.1074871639719106,0.0826455705766378,-2885.0596958249807,43735878.80261918,-18.04991226991036,False
604800.0,0.13173298290577828,0.1077379005833734,0.08282084549707847,-2966.8934104293585,43739115.29365222,-18.081285745983084,False
