seconds_after_cutoff,line_of_sight_error_deg,azimuth_error_deg,elevation_error_deg,range_error_m,reference_range_m,reference_elevation_deg,reference_visible
300.0,4.50624000251806e-06,1.542516852737208e-05,3.967169874385945e-06,-1.0921613946557045,35875998.8546646,82.03576603807993,True
600.0,4.478096623103591e-06,1.5818119550203846e-05,3.904242404928482e-06,-1.1259752213954926,35875920.163805224,82.03010278398379,True
900.0,4.448925603801448e-06,1.6185444906113844e-05,3.8404654247869985e-06,-1.1604643613100052,35875827.70302789,82.02411222978328,True
1200.0,4.417373852840054e-06,1.654500573522455e-05,3.772869760609865e-06,-1.195380836725235,35875721.52042557,82.01779582868213,True
1500.0,4.384347496203193e-06,1.6876686942168817e-05,3.704188088704541e-06,-1.2293942496180534,35875601.665308364,82.01115566334965,True
1800.0,4.349292912796876e-06,1.7201812568146124e-05,3.631933807923815e-06,-1.2633866667747498,35875468.19147239,82.00419445615753,True
2100.0,4.31441616585575e-06,1.7507106150560503e-05,3.5599184684542706e-06,-1.297555647790432,35875321.15428475,81.99691555547156,True
2400.0,4.27567638509048e-06,1.7793056144910224e-05,3.483246160840281e-06,-1.331559382379055,35875160.610819176,81.98932294697431,True
2700.0,4.236740910148277e-06,1.805655631414993e-05,3.406713830145236e-06,-1.3649342954158783,35874986.620271996,81.98142123010678,True
3000.0,4.196648422434961e-06,1.831178218481e-05,3.3277157740485563e-06,-1.3989125341176987,35874799.24578623,81.97321562855497,True
3300.0,4.153665641576704e-06,1.853623086844891e-05,3.2464447627944537e-06,-1.4326075315475464,35874598.550652035,81.964711972017,True
3600.0,4.110271041750551e-06,1.8750636087361272e-05,3.163801252981102e-06,-1.4658803641796112,35874384.60119545,81.95591668887259,True
3900.0,4.065369578073709e-06,1.894530373647285e-05,3.0794600718309084e-06,-1.4990761056542397,35874157.46654549,81.94683679734362,True
4200.0,4.018077883127466e-06,1.910715099029403e-05,2.9938898080672516e-06,-1.5323956236243248,35873917.21804413,81.93747989139268,True
4500.0,3.969915487094803e-06,1.9262054763657943e-05,2.9059279853527187e-06,-1.5655104890465736,35873663.928907014,81.9278541298029,True
4800.0,3.920317531568093e-06,1.9398337769871432e-05,2.8162254750441207e-06,-1.597767487168312,35873397.67448115,81.91796821817525,True
5100.0,3.868851931277994e-06,1.9509371838921652e-05,2.7250878957829627e-06,-1.6302087530493736,35873118.53432541,81.90783139536961,True
5400.0,3.814535830826934e-06,1.9590430412108617e-05,2.631840260391982e-06,-1.6623336598277092,35872826.58903963,81.89745341731886,True
5700.0,3.7603093014016562e-06,1.9656762447084475e-05,2.5385290456370058e-06,-1.6944858357310295,35872521.92272559,81.88684453546176,True
6000.0,3.7047387106891523e-06,1.9713401059107127e-05,2.4422002411483845e-06,-1.7261077985167503,35872204.62132194,81.87601548561655,True
6300.0,3.647660562458009e-06,1.9740082990438168e-05,2.3457706674889778e-06,-1.7576037347316742,35871874.77455338,81.86497745734226,True
6600.0,3.5900498354805772e-06,1.975043872448623e-05,2.248563191642461e-06,-1.788053721189499,35871532.47373701,81.85374208278093,True
6900.0,3.5295461792022843e-06,1.973437105107223e-05,2.1485392380782287e-06,-1.8191348016262054,35871177.81580086,81.84232141301416,True
7200.0,3.468935330445654e-06,1.970155315689226e-05,2.0484180396351803e-06,-1.8491145893931389,35870810.89738019,81.83072788981133,True
7500.0,3.406555089953561e-06,1.964565481671343e-05,1.9465981750954597e-06,-1.8787243366241455,35870431.82079786,81.8189743319208,True
7800.0,3.344223034891853e-06,1.956921613555096e-05,1.84573306682978e-06,-1.9079181477427483,35870040.69093488,81.80707390312057,True
8100.0,3.2798943520218797e-06,1.9475004933156015e-05,1.741500256002837e-06,-1.937358558177948,35869637.61683147,81.79504009955592,True
8400.0,3.214054400017098e-06,1.9354883562527903e-05,1.6363975845479217e-06,-1.9651919603347778,35869222.70858125,81.78288671159723,True
8700.0,3.1495674390613413e-06,1.9225015961410463e-05,1.5321176647375978e-06,-1.9932125806808472,35868796.08361693,81.77062780673332,True
9000.0,3.0832084943308126e-06,1.907022556224547e-05,1.4258349949614058e-06,-2.020270563662052,35868357.86024254,81.75827770823082,True
9300.0,3.0174545407046024e-06,1.890414102945215e-05,1.318884670808984e-06,-2.046290561556816,35867908.16177842,81.74585096114443,True
9600.0,2.949556027392061e-06,1.8707499634729174e-05,1.2103927105044932e-06,-2.072662964463234,35867447.11708014,81.7333623131803,True
9900.0,2.8827348944371957e-06,1.849850895041527e-05,1.1021587056347926e-06,-2.097023420035839,35866974.85544682,81.72082668417265,True
10200.0,2.815439522131452e-06,1.826462460030598e-05,9.943390324451684e-07,-2.1217387691140175,35866491.51523651,81.70825914468388,True
10500.0,2.747946074669057e-06,1.801399477585619e-05,8.842864644975634e-07,-2.1450630724430084,35865997.235151574,81.69567489142898,True
10800.0,2.6822326964582194e-06,1.7751292830325838e-05,7.754502036050326e-07,-2.1679665744304657,35865492.16119652,81.68308921267513,True
11100.0,2.617671521927294e-06,1.7476032439844857e-05,6.654645119397173e-07,-2.18878323584795,35864976.44145342,81.6705174745398,True
11400.0,2.5518028449062444e-06,1.716772948157086e-05,5.54953700770966e-07,-2.2091491669416428,35864450.23214665,81.65797508671012,True
11700.0,2.488372204654454e-06,1.685142999008349e-05,4.438086449454204e-07,-2.229287050664425,35863913.693051636,81.6454774808753,True
12000.0,2.428081018646705e-06,1.6527602440419287e-05,3.3418734801671235e-07,-2.2477905973792076,35863366.98740082,81.63304008266478,True
12300.0,2.368113601080205e-06,1.6178484713691432e-05,2.2262858578869782e-07,-2.2650694251060486,35862810.28544722,81.62067829474499,True
12600.0,2.3113666142620566e-06,1.5818993972516182e-05,1.132567035710963e-07,-2.2815750539302826,35862243.762805186,81.60840745913711,True
12900.0,2.257064718518188e-06,1.5443688738514538e-05,3.0418192409342737e-09,-2.2969271764159203,35861667.59968745,81.59624284782836,True
13200.0,2.2048127319944643e-06,1.5047001994616949e-05,-1.0696516028474434e-07,-2.310643382370472,35861081.98174079,81.58419962779232,True
13500.0,2.156790146177624e-06,1.4640921108366456e-05,-2.1751290546490054e-07,-2.323147237300873,35860487.10115498,81.57229284354123,True
13800.0,2.1140156325121186e-06,1.423220572860373e-05,-3.2566521213084343e-07,-2.334729455411434,35859883.15571911,81.56053738875933,True
14100.0,2.074263632962019e-06,1.3801110242184222e-05,-4.3437366059606575e-07,-2.344221405684948,35859270.34758411,81.54894799346745,True
14400.0,2.0398348485856137e-06,1.3360840569021093e-05,-5.431241589803903e-07,-2.3530900552868843,35858648.887439966,81.53753919276011,True
14700.0,2.0097604849896047e-06,1.2903660859819865e-05,-6.50956181402762e-07,-2.3599485978484154,35858018.98910166,81.52632530843786,True
15000.0,1.9855312563227612e-06,1.2442503276588468e-05,-7.563515396213916e-07,-2.3655373975634575,35857380.87455775,81.51532042805208,True
15300.0,1.966044288203042e-06,1.1960720655679324e-05,-8.620595082220461e-07,-2.3690236285328865,35856734.77032983,81.50453838944784,True
15600.0,1.953381360246031e-06,1.1475550422801462e-05,-9.667393499057653e-07,-2.3719800487160683,35856080.91150265,81.49399275270375,True
15900.0,1.9470680444505954e-06,1.0981646084928798e-05,-1.070646391099217e-06,-2.3733397722244263,35855419.53672147,81.48369678670909,True
16200.0,1.947287909067649e-06,1.0478567645577641e-05,-1.17399925159134e-06,-2.372448094189167,35854750.89127744,81.47366344902997,True
16500.0,1.951992822443013e-06,9.965644210296887e-06,-1.2736442158711725e-06,-2.369969092309475,35854075.22803821,81.46390536469181,True
16800.0,1.9646168196094765e-06,9.447447268939868e-06,-1.3743794653464647e-06,-2.3665502592921257,35853392.80612674,81.4544348202518,True
17100.0,1.982352119904547e-06,8.914677408711214e-06,-1.473495970572003e-06,-2.360997788608074,35852703.88910084,81.44526373172664,True
17400.0,2.006254925264004e-06,8.373513594506221e-06,-1.5717378403223847e-06,-2.353593848645687,35852008.74826428,81.43640363958612,True
17700.0,2.03498612807033e-06,7.830951005871611e-06,-1.6669503821731269e-06,-2.3453817889094353,35851307.66193509,81.42786568708713,True
18000.0,2.068276935037519e-06,7.270785317814443e-06,-1.760976445552842e-06,-2.33527585119009,35850600.91252784,81.41966061251428,True
18300.0,2.109230984721186e-06,6.712571746447793e-06,-1.8558150429726084e-06,-2.322844937443733,35849888.78929878,81.41179873134557,True
18600.0,2.152804021275088e-06,6.14651384012177e-06,-1.9469508742986363e-06,-2.3091005235910416,35849171.58908405,81.4042899162549,True
18900.0,2.2017438571195716e-06,5.575194848006504e-06,-2.0376900522478536e-06,-2.2936655282974243,35848449.61340761,81.3971435987898,True
19200.0,2.254044915377263e-06,5.002054820124613e-06,-2.126027737858749e-06,-2.2765897512435913,35847723.17022432,81.39036874425206,True
19500.0,2.3122619197156627e-06,4.423046789270302e-06,-2.2152839846967254e-06,-2.257825404405594,35846992.573311605,81.38397385101885,True
19800.0,2.3718259925645277e-06,3.848013079732482e-06,-2.30060237527141e-06,-2.237296372652054,35846258.14224364,81.37796692640033,True
20100.0,2.436291418419672e-06,3.2664908928836667e-06,-2.3865041356430083e-06,-2.2155564799904823,35845520.20294279,81.37235549422628,True
20400.0,2.501554153140972e-06,2.678833169511563e-06,-2.469026043172562e-06,-2.1916662454605103,35844779.08543824,81.3671465676907,True
20700.0,2.5692159168316403e-06,2.0942374305832345e-06,-2.5498912776811267e-06,-2.166016086935997,35844035.12655961,81.36234665490312,True
21000.0,2.6399720520845288e-06,1.5213209962894325e-06,-2.630056414432147e-06,-2.1392030119895935,35843288.668672845,81.35796174448993,True
21300.0,2.7126998682280745e-06,9.376158232043963e-07,-2.7090355132486366e-06,-2.1102942302823067,35842540.0577918,81.35399729764522,True
21600.0,2.7846747341364416e-06,3.5542211662686896e-07,-2.7841616798696123e-06,-2.080581121146679,35841789.64716908,81.35045824079187,True
21900.0,2.8587860035679028e-06,-2.1920021708865534e-07,-2.8585957920768124e-06,-2.0484642013907433,35841037.79200709,81.34734896766092,True
22200.0,2.933768895693987e-06,-7.877600864958367e-07,-2.9313726912505444e-06,-2.0154267475008965,35840284.85524711,81.34467332407988,True
22500.0,3.0084947347020597e-06,-1.3555077487126255e-06,-3.00156743548996e-06,-1.9811652302742004,35839531.20250458,81.34243460755093,True
22800.0,3.0834358983655997e-06,-1.9178402226316393e-06,-3.069886105322439e-06,-1.9447494149208069,35838777.2030241,81.3406355649232,True
23100.0,3.1579144143531677e-06,-2.4690472173460876e-06,-3.1359513030793096e-06,-1.907494455575943,35838023.232336365,81.33927838642897,True
23400.0,3.232172501660109e-06,-3.019243706603447e-06,-3.2000299370338325e-06,-1.8692230135202408,35837269.66829556,81.33836470483054,True
23700.0,3.3057886249356567e-06,-3.565680827932738e-06,-3.2618785326121724e-06,-1.828932747244835,35836516.89151287,81.33789559235335,True
24000.0,3.3783584132403345e-06,-4.094621573358381e-06,-3.3215976316114393e-06,-1.7888160794973373,35835765.289133385,81.33787156029591,True
24300.0,3.4496629894660342e-06,-4.6211833364395716e-06,-3.3787315487643355e-06,-1.7462701201438904,35835015.24659443,81.3382925575539,True
24600.0,3.5199650203998376e-06,-5.1354059849018086e-06,-3.4339679046979654e-06,-1.7036389634013176,35834267.15710832,81.33915797241178,True
24900.0,3.5876894031234336e-06,-5.648799344726285e-06,-3.485422212179401e-06,-1.6595343351364136,35833521.41271551,81.34046662958963,True
25200.0,3.6544810472395654e-06,-6.1399317701216205e-06,-3.53567205024774e-06,-1.6149933189153671,35832778.410167485,81.34221679870795,True
25500.0,3.719113802059722e-06,-6.632442733689459e-06,-3.5826678868033923e-06,-1.5686924681067467,35832038.54585902,81.34440618729984,True
25800.0,3.7826302797122266e-06,-7.113697250815676e-06,-3.6280647464081994e-06,-1.5218774527311325,35831302.22046974,81.34703195191541,True
26100.0,3.844479666338018e-06,-7.5899658895650646e-06,-3.671102007274385e-06,-1.475136436522007,35830569.83544291,81.35009069544603,True
26400.0,3.903734169137728e-06,-8.042377089623187e-06,-3.711779768877932e-06,-1.427399918437004,35829841.791685365,81.3535784744193,True
26700.0,3.959749234523143e-06,-8.494495546074177e-06,-3.748368627043419e-06,-1.3790504932403564,35829118.49237212,81.35749080130148,True
27000.0,4.013938189433927e-06,-8.932758362334425e-06,-3.783078085461966e-06,-1.3305922225117683,35828400.34130579,81.36182265563468,True
27300.0,4.06610264574182e-06,-9.356073746857874e-06,-3.815845701637954e-06,-1.2812822237610817,35827687.74123423,81.36656848397239,True
27600.0,4.116823630577196e-06,-9.77116258127353e-06,-3.846994474088206e-06,-1.2316621169447899,35826981.09606384,81.37172220936155,True
27900.0,4.163595728018622e-06,-1.0183228965843227e-05,-3.873574073054442e-06,-1.1821481809020042,35826280.809128694,81.37727723518843,True
28200.0,4.2094908720827585e-06,-1.0574818702480115e-05,-3.899946634078333e-06,-1.1315556094050407,35825587.28139063,81.38322646395025,True
28500.0,4.251489553759277e-06,-1.0964251856648843e-05,-3.92180834296596e-06,-1.081843413412571,35824900.91585775,81.38956229014407,True
28800.0,4.291658193131608e-06,-1.1337115324749902e-05,-3.9423112667691385e-06,-1.0314332768321037,35824222.11057478,81.3962766259393,True
29100.0,4.3297803731198716e-06,-1.1699600236170227e-05,-3.9608846549299415e-06,-0.9808587357401848,35823551.26394239,81.40336090023204,True
29400.0,4.36437427248561e-06,-1.205152182137681e-05,-3.975951401002931e-06,-0.930678516626358,35822888.772299476,81.41080607227795,True
29700.0,4.3968369319991705e-06,-1.2399195412626796e-05,-3.988629487139406e-06,-0.8796470686793327,35822235.0277622,81.41860264699325,True
30000.0,4.427989319729878e-06,-1.2726011675567861e-05,-4.0010048536487375e-06,-0.8299706727266312,35821590.42314826,81.42674068550761,True
30300.0,4.4549983094488565e-06,-1.3048322045960958e-05,-4.008835517765874e-06,-0.7798345685005188,35820955.34417244,81.43520981083013,True
30600.0,4.480474479414277e-06,-1.336531360607296e-05,-4.015067148088747e-06,-0.7294574603438377,35820330.1751701,81.4439992350034,True
30900.0,4.504583263359894e-06,-1.3672630359451432e-05,-4.020223229872499e-06,-0.6798885762691498,35819715.29756446,81.45309776380734,True
31200.0,4.524515166833744e-06,-1.3959843727207044e-05,-4.021971435008709e-06,-0.6297626569867134,35819111.08629292,81.46249381131081,True
31500.0,4.542760015867537e-06,-1.4239786224834461e-05,-4.022158009320265e-06,-0.5806039199233055,35818517.91478442,81.472175422556,True
31800.0,4.560049818141994e-06,-1.452145653502157e-05,-4.020912427904477e-06,-0.5317817479372025,35817936.14959038,81.48213028397424,True
32100.0,4.574129480867027e-06,-1.4788560491751923e-05,-4.016964538777756e-06,-0.48246391862630844,35817366.152016036,81.49234574066625,True
32400.0,4.5861246570205075e-06,-1.5047463421069551e-05,-4.011098212686193e-06,-0.43410541117191315,35816808.28028982,81.50280881746328,True
32700.0,4.595055006128345e-06,-1.5298751691261714e-05,-4.002145828962966e-06,-0.38583995401859283,35816262.88463902,81.51350623316372,True
33000.0,4.6017615796128175e-06,-1.5533102100562246e-05,-3.991854484297619e-06,-0.3371104598045349,35815730.30960756,81.52442442426381,True
33300.0,4.608233193983532e-06,-1.5773128552609705e-05,-3.980621343657731e-06,-0.28973203152418137,35815210.89581035,81.5355495601671,True
33600.0,4.611386663247403e-06,-1.5990609426808078e-05,-3.967296990481373e-06,-0.24173247814178467,35814704.97346907,81.5468675630578,True
33900.0,4.611358891541327e-06,-1.6201136645577208e-05,-3.950701810140345e-06,-0.19488561153411865,35814212.86964544,81.558364130064,True
34200.0,4.611864570091725e-06,-1.6419722555838234e-05,-3.933823379043133e-06,-0.14805767685174942,35813734.90129201,81.57002475866288,True
34500.0,4.608645326657659e-06,-1.6612302403018475e-05,-3.914722825015815e-06,-0.10121913254261017,35813271.37897358,81.58183475933336,True
34800.0,4.603276880697401e-06,-1.6809653942573277e-05,-3.8924655854089e-06,-0.055165767669677734,35812822.606302895,81.59377928374913,True
35100.0,4.596993733876291e-06,-1.6991707582292292e-05,-3.870340918865622e-06,-0.008957989513874054,35812388.877100356,81.60584335075299,True
35400.0,4.588540843635013e-06,-1.7170582339076645e-05,-3.845743407282498e-06,0.03626302629709244,35811970.47893615,81.61801185945544,True
35700.0,4.577553506042195e-06,-1.7340007701704963e-05,-3.818812189138043e-06,0.08189553022384644,35811567.68824212,81.63026962152688,True
36000.0,4.56424350751688e-06,-1.749851890053833e-05,-3.789935576037351e-06,0.12712407112121582,35811180.774803326,81.6426013827571,True
36300.0,4.550341087390137e-06,-1.7659983200246643e-05,-3.759834058314482e-06,0.17218780517578125,35810809.99823448,81.65499184756027,True
36600.0,4.533410337445771e-06,-1.7809830467285792e-05,-3.726976913753788e-06,0.21616990119218826,35810455.60994234,81.66742570114518,True
36900.0,4.5156395247522595e-06,-1.794618333406106e-05,-3.694215862992678e-06,0.2610951289534569,35810117.84878661,81.67988764119283,True
37200.0,4.494922427949027e-06,-1.808528861602099e-05,-3.6573194535094444e-06,0.3048710525035858,35809796.94790477,81.69236239168363,True
37500.0,4.473914962614124e-06,-1.821145076519315e-05,-3.6211326062129956e-06,0.34890785813331604,35809493.12686542,81.70483474455459,True
37800.0,4.4496098317055856e-06,-1.833757036706629e-05,-3.5805898761509525e-06,0.39195263385772705,35809206.59761509,81.71728956636582,True
38100.0,4.424567770031997e-06,-1.845137791178786e-05,-3.5401324254280553e-06,0.435223750770092,35808937.55913283,81.7297118434792,True
38400.0,4.396638578666889e-06,-1.8559744262347522e-05,-3.4963334911708444e-06,0.47751010954380035,35808686.20212789,81.7420866904996,True
38700.0,4.3682625991553794e-06,-1.8668871973659407e-05,-3.451536073839634e-06,0.5202997922897339,35808452.703716606,81.75439938972916,True
39000.0,4.337539084718112e-06,-1.8767960568766284e-05,-3.4045068559862557e-06,0.5631128400564194,35808237.23190351,81.76663540758217,True
39300.0,4.305708459783653e-06,-1.8861825765270623e-05,-3.3562586168045527e-06,0.6050490960478783,35808039.943856336,81.77878042605239,True
39600.0,4.271473392593009e-06,-1.894603030905273e-05,-3.305611812720599e-06,0.646540679037571,35807860.98398522,81.79082036374534,True
39900.0,4.236037319982355e-06,-1.902487474580994e-05,-3.253587053109186e-06,0.688201941549778,35807700.48493388,81.80274140550262,True
40200.0,4.200153568863718e-06,-1.91121288537488e-05,-3.1994774047916508e-06,0.7296287193894386,35807558.568630606,81.81453002340412,True
40500.0,4.160296932513143e-06,-1.9175004695171083e-05,-3.1425595494738445e-06,0.7711924910545349,35807435.34435427,81.82617300304231,True
40800.0,4.120559415390703e-06,-1.9242969301558333e-05,-3.0845932883494243e-06,0.8119957745075226,35807330.91064869,81.83765747015059,True
41100.0,4.079594970927405e-06,-1.9313940015308617e-05,-3.0239593939995757e-06,0.8515683934092522,35807245.35350642,81.84897090836876,True
41400.0,4.036900718485557e-06,-1.9368133450825553e-05,-2.962448888865765e-06,0.89226895570755,35807178.74385725,81.86010118909228,True
41700.0,3.993366140359753e-06,-1.9424932816036744e-05,-2.898708373777481e-06,0.9322673976421356,35807131.144486316,81.87103658733919,True
42000.0,3.9473008030619706e-06,-1.9470675738375576e-05,-2.832138576991383e-06,0.9718005508184433,35807102.603689596,81.88176580736679,True
42300.0,3.901947092907815e-06,-1.952163080432001e-05,-2.764947012678931e-06,1.011385329067707,35807093.15698274,81.89227800566934,True
42600.0,3.854263466228191e-06,-1.9565152570066857e-05,-2.6945180309212446e-06,1.0498912781476974,35807102.82896144,81.90256280345407,True
42900.0,3.806761843473538e-06,-1.9613519441463723e-05,-2.6225412881331067e-06,1.088552102446556,35807131.629233666,81.91261031497183,True
43200.0,3.7582782465857052e-06,-1.9649669980026374e-05,-2.549752551317397e-06,1.1273707672953606,35807179.555970125,81.92241116048946,True
43500.0,3.708067045753928e-06,-1.9684360950122937e-05,-2.4733283083833157e-06,1.1650625243782997,35807246.59592776,81.93195648088667,True
43800.0,3.658610263592498e-06,-1.971704949710329e-05,-2.3969028148940197e-06,1.2034440338611603,35807332.72003893,81.94123796378265,True
44100.0,3.607722911486578e-06,-1.9750896171899512e-05,-2.316494246201728e-06,1.239809162914753,35807437.891025536,81.95024784442381,True
44400.0,3.556938077894631e-06,-1.9783558656172318e-05,-2.2346137740214544e-06,1.2766834795475006,35807562.05364628,81.95897893355105,True
44700.0,3.50591452454218e-06,-1.9808107111884965e-05,-2.1517719943631164e-06,1.3142170533537865,35807705.14231747,81.96742462140983,True
45000.0,3.4555367923727367e-06,-1.98400225599471e-05,-2.0664479905008193e-06,1.3500957041978836,35807867.08122746,81.97557888892086,True
45300.0,3.4053366394309456e-06,-1.986856074154275e-05,-1.9795623700247234e-06,1.386439897119999,35808047.7774754,81.98343632200968,True
45600.0,3.354826244840674e-06,-1.988945305697598e-05,-1.8908875034640005e-06,1.4211778864264488,35808247.12974807,81.99099211648758,True
45900.0,3.305470410297638e-06,-1.992009950413376e-05,-1.799137706370857e-06,1.4562416076660156,35808465.020185865,81.9982420851941,True
46200.0,3.256878900178978e-06,-1.9939366694643468e-05,-1.7077507692420113e-06,1.491557501256466,35808701.32046636,82.00518266938063,True
46500.0,3.2096893037419795e-06,-1.9968877438714117e-05,-1.6128167743545418e-06,1.5250883772969246,35808955.89184891,82.01181093076647,True
46800.0,3.164224389539708e-06,-1.999861899548705e-05,-1.5167589282327754e-06,1.5592648908495903,35809228.578841805,82.01812456785474,True
47100.0,3.1191617461989427e-06,-2.0023355574494417e-05,-1.4176954437061795e-06,1.592314638197422,35809519.21798433,82.02412190641851,True
47400.0,3.076446503703453e-06,-2.0043544282088988e-05,-1.3193109111853119e-06,1.6250852346420288,35809827.63114669,82.02980190898153,True
47700.0,3.0369043197312154e-06,-2.0076748086239604e-05,-1.218027563254509e-06,1.6568614766001701,35810153.62984811,82.03516416007747,True
48000.0,2.9982694544766785e-06,-2.0100662311506312e-05,-1.1143319937900742e-06,1.6888398677110672,35810497.01192971,82.0402088741473,True
48300.0,2.9631803457690996e-06,-2.013138953316229e-05,-1.0089688942116481e-06,1.7201686576008797,35810857.56567378,82.04493688679439,True
48600.0,2.9316655464957756e-06,-2.016503628965438e-05,-9.026942535683702e-07,1.7505351230502129,35811235.06738764,82.04934964810299,True
48900.0,2.9032838162074942e-06,-2.0199132990228463e-05,-7.943020250422705e-07,1.7804839089512825,35811629.28126809,82.05344921275358,True
49200.0,2.8775299737249558e-06,-2.0224362941689833e-05,-6.855292014051884e-07,1.8099664375185966,35812039.96104676,82.05723823556589,True
49500.0,2.857023502508953e-06,-2.02636548465307e-05,-5.734163721626828e-07,1.8392885699868202,35812466.84924807,82.06071995307433,True
49800.0,2.8397631341289724e-06,-2.02962241928617e-05,-4.5991963304459205e-07,1.8672722354531288,35812909.67924481,82.06389818096959,True
50100.0,2.8272986236389464e-06,-2.0331117099203766e-05,-3.457528379158248e-07,1.8946936130523682,35813368.1720482,82.06677729442352,True
50400.0,2.8198495775450964e-06,-2.0369373828543758e-05,-2.3007653737749933e-07,1.921058975160122,35813842.039770804,82.06936221295878,True
50700.0,2.817852961811282e-06,-2.0412598587427055e-05,-1.1262413579515851e-07,1.947482481598854,35814330.98299828,82.07165838650396,True
51000.0,2.8196406051847776e-06,-2.0446992323286395e-05,6.199428526088013e-09,1.9724255502223969,35814834.69530975,82.07367177822022,True
51300.0,2.8283715633103298e-06,-2.049425003747274e-05,1.2663556958614208e-07,1.9969347417354584,35815352.85830967,82.07540884477028,True
51600.0,2.8417242476825114e-06,-2.053600155704771e-05,2.492700161838002e-07,2.0211311131715775,35815885.1454177,82.07687651712378,True
51900.0,2.8603794872529156e-06,-2.057760468687775e-05,3.720781904803516e-07,2.042859509587288,35816431.22350841,82.0780821829964,True
52200.0,2.8851217239357603e-06,-2.0624241500399876e-05,4.960114523555603e-07,2.065669797360897,35816990.74522767,82.07903365979574,True
52500.0,2.9159308364892263e-06,-2.067563968921604e-05,6.211901251162999e-07,2.086520254611969,35817563.36159566,82.07973917607475,True
52800.0,2.9505505643333867e-06,-2.0713270629357794e-05,7.48570172959262e-07,2.105722263455391,35818148.71237697,82.08020734669722,True
53100.0,2.991421144858915e-06,-2.0760241199013763e-05,8.756242237950573e-07,2.124517649412155,35818746.42882582,82.0804471532467,True
53400.0,3.0381245226465665e-06,-2.0809201032534475e-05,1.0048502332438147e-06,2.142246052622795,35819356.13684861,82.08046791093678,True
53700.0,3.0894506562755377e-06,-2.0857037185351146e-05,1.1340194276954207e-06,2.1593884229660034,35819977.45429781,82.0802792531871,True
54000.0,3.1454463159245987e-06,-2.090069483529078e-05,1.2647961682432651e-06,2.1747890934348106,35820609.99409329,82.0798910973046,True
54300.0,3.2082863259415776e-06,-2.09566763373914e-05,1.3975977850577692e-06,2.1884601563215256,35821253.36176808,82.07931362347695,True
54600.0,3.273101926306502e-06,-2.0997558550561735e-05,1.5294494346562715e-06,2.2012450248003006,35821907.1561602,82.07855725039775,True
54900.0,3.3441074755542475e-06,-2.104969672700463e-05,1.662974497662617e-06,2.2131126075983047,35822570.97147937,82.07763259945433,True
55200.0,3.4173279279149168e-06,-2.109339391154208e-05,1.7953497746248104e-06,2.222720019519329,35823244.39810982,82.07655047872397,True
55500.0,3.495534241817296e-06,-2.1133555094365875e-05,1.931079680161929e-06,2.2321493700146675,35823927.0182432,82.07532184299328,True
55800.0,3.576566125405968e-06,-2.1179426681783298e-05,2.064539401658294e-06,2.2395615726709366,35824618.41359829,82.0739577839218,True
56100.0,3.6614810737848928e-06,-2.1220385747255932e-05,2.2001644737201786e-06,2.2450471073389053,35825318.1599469,82.07246948254108,True
56400.0,3.7484812572184933e-06,-2.1258763524656388e-05,2.334722694286029e-06,2.2487872913479805,35826025.829331934,82.07086819971789,True
56700.0,3.839064457041563e-06,-2.129621185531505e-05,2.470672868071233e-06,2.252113848924637,35826740.98938942,82.06916523564342,True
57000.0,3.931851569456094e-06,-2.132990846348548e-05,2.6065356024673747e-06,2.2524644136428833,35827463.20877609,82.06737191248361,True
57300.0,4.026575979822737e-06,-2.1367682393247378e-05,2.741001111417063e-06,2.2521533519029617,35828192.048782796,82.06549954352653,True
57600.0,4.122332308521173e-06,-2.1389826798667855e-05,2.875955090075877e-06,2.249016337096691,35828927.07307472,82.06355940370257,True
57900.0,4.221207458740451e-06,-2.1417739304752104e-05,3.011467114788502e-06,2.2453598380088806,35829667.83912665,82.06156270848736,True
58200.0,4.320372188834815e-06,-2.1436798647300748e-05,3.145774499557774e-06,2.2393097802996635,35830413.90725846,82.05952058820712,True
58500.0,4.420308505269262e-06,-2.1452989130921196e-05,3.2789620263429242e-06,2.2315689846873283,35831164.83426101,82.05744405909496,True
58800.0,4.52219499156943e-06,-2.1469135788265703e-05,3.4124558254688964e-06,2.2223529666662216,35831920.176841594,82.05534399902712,True
59100.0,4.624570759404608e-06,-2.1480376290128333e-05,3.545050091702251e-06,2.211387299001217,35832679.49200612,82.05323112726376,True
59400.0,4.726206091929983e-06,-2.1481677606516314e-05,3.6758693369165485e-06,2.198349915444851,35833442.33699328,82.05111597783358,True
59700.0,4.829805236323282e-06,-2.1485589059011545e-05,3.8071176788889716e-06,2.183389827609062,35834208.2691293,82.04900887374862,True
60000.0,4.932146268072526e-06,-2.147651883888102e-05,3.936501158818828e-06,2.166972652077675,35834976.846352,82.04691991220088,True
60300.0,5.0345035311767275e-06,-2.1462628865265287e-05,4.064858771357649e-06,2.1481785401701927,35835747.62927824,82.04485893523649,True
60600.0,5.137992205603761e-06,-2.1450948963774863e-05,4.192965548099892e-06,2.1267564818263054,35836520.17951004,82.04283551197689,True
60900.0,5.240087242635657e-06,-2.142124935744505e-05,4.319788232010069e-06,2.104858875274658,35837294.05825542,82.04085892013397,True
61200.0,5.3418371728261095e-06,-2.139582383620109e-05,4.444540891768156e-06,2.080376483500004,35838068.83334273,82.03893812449917,True
61500.0,5.442258292832668e-06,-2.1362605309604987e-05,4.567284079826095e-06,2.0545997321605682,35838844.0719026,82.03708175768591,True
61800.0,5.542314663480157e-06,-2.1317751020433207e-05,4.6895647756173275e-06,2.025981493294239,35839619.3469416,82.0352981016512,True
62100.0,5.641832979897661e-06,-2.1264938936838007e-05,4.8108766321774965e-06,1.9957438260316849,35840394.232064694,82.0335950742361,True
62400.0,5.739146107712454e-06,-2.1195608894686302e-05,4.930022370785991e-06,1.9647623673081398,35841168.30491246,82.03198021166166,True
62700.0,5.834287213362737e-06,-2.112503580065095e-05,5.045827109029233e-06,1.930690959095955,35841941.15034998,82.0304606525479,True
63000.0,5.929450451451495e-06,-2.1043919247176746e-05,5.161646186024882e-06,1.8949394077062607,35842712.35379411,82.0290431190272,True
63300.0,6.023129109424664e-06,-2.0946086834783273e-05,5.276223518535517e-06,1.8580825328826904,35843481.50610061,82.02773391240841,True
63600.0,6.112227429804642e-06,-2.083591718360367e-05,5.3857062596307514e-06,1.8189924135804176,35844248.20471874,82.02653889859793,True
63900.0,6.202095424117353e-06,-2.072662448426854e-05,5.495242035635783e-06,1.7780976817011833,35845012.05070929,82.02546348486261,True
64200.0,6.288452176795464e-06,-2.058724388120936e-05,5.602251803793479e-06,1.7359626591205597,35845772.65043268,82.024512625849,True
64500.0,6.372935784493284e-06,-2.044266133793826e-05,5.7067908016961155e-06,1.6916387230157852,35846529.61745477,82.02369080345584,True
64800.0,6.454662818227154e-06,-2.028839224976764e-05,5.80822300833006e-06,1.6455688700079918,35847282.569888525,82.02300202133992,True
65100.0,6.5345944418951314e-06,-2.0113097718876816e-05,5.908386242481356e-06,1.5988111197948456,35848031.13140631,82.02244979388597,True
65400.0,6.610522132813411e-06,-1.9925497099393397e-05,6.004248248814292e-06,1.5495925471186638,35848774.934910215,82.02203714664304,True
65700.0,6.684436313061448e-06,-1.9728271922758722e-05,6.097854580389139e-06,1.49960757791996,35849513.61644684,82.0217666004327,True
66000.0,6.754087497551632e-06,-1.9506951218772883e-05,6.187640423149787e-06,1.4478440135717392,35850246.82158261,82.02164017505932,True
66300.0,6.820522907089554e-06,-1.9267959487478947e-05,6.2743359166006485e-06,1.3948466703295708,35850974.20132995,82.02165937939611,True
66600.0,6.885374799340366e-06,-1.9025875332090436e-05,6.358854165000594e-06,1.3415353372693062,35851695.41350692,82.02182521046021,True
66900.0,6.9456215827960346e-06,-1.8754514485408436e-05,6.4394353245234015e-06,1.2861411422491074,35852410.12596638,82.02213815420431,True
67200.0,7.001885911011976e-06,-1.8475791051741908e-05,6.51549819963293e-06,1.2292663156986237,35853118.0116897,82.02259818057496,True
67500.0,7.05562484266998e-06,-1.8174873616771947e-05,6.589426021719191e-06,1.1719916313886642,35853818.75082018,82.02320474161108,True
67800.0,7.105627961736676e-06,-1.785840575507791e-05,6.6595341223774085e-06,1.11415633559227,35854512.03251182,82.02395677933562,True
68100.0,7.150611672910332e-06,-1.7524456097817165e-05,6.724546153691335e-06,1.0552191361784935,35855197.554184265,82.0248527231117,True
68400.0,7.19328911291232e-06,-1.7164959018600712e-05,6.787724743162471e-06,0.9953063875436783,35855875.02057837,82.02589048831823,True
68700.0,7.231681861492575e-06,-1.6804167273676285e-05,6.8457632949048275e-06,0.9348030686378479,35856544.14425623,82.02706749123422,True
69000.0,7.266008705020345e-06,-1.6421429165802692e-05,6.8998906641581925e-06,0.8738262429833412,35857204.6462063,82.0283806426807,True
69300.0,7.2962744766881695e-06,-1.6012128469355957e-05,6.950275121653249e-06,0.8127838671207428,35857856.25535072,82.02982635932815,True
69600.0,7.323218077428272e-06,-1.560520701104906e-05,6.996386176183478e-06,0.7504529729485512,35858498.71052088,82.03140057000938,True
69900.0,7.346599441627884e-06,-1.5173374947607954e-05,7.0391567703609326e-06,0.6881302818655968,35859131.75634829,82.03309872119033,True
70200.0,7.3653847292652405e-06,-1.4715210170379578e-05,7.077502729657681e-06,0.6256494224071503,35859755.14727659,82.03491578903677,True
70500.0,7.380634851207856e-06,-1.4255872486046428e-05,7.111492607236869e-06,0.563347153365612,35860368.64561246,82.03684628577882,True
70800.0,7.3928924912901155e-06,-1.3776283964261893e-05,7.142428628981179e-06,0.5005534887313843,35860972.02304099,82.03888427010486,True
71100.0,7.400630853983944e-06,-1.3287387020000097e-05,7.168290110826092e-06,0.4375545457005501,35861565.05865628,82.0410233631264,True
71400.0,7.403652688301124e-06,-1.2770145900731222e-05,7.189524779960266e-06,0.3749893009662628,35862147.5395469,82.04325675491921,True
71700.0,7.404674431432252e-06,-1.2249213796167169e-05,7.2080374025063065e-06,0.3129601255059242,35862719.2616562,82.04557721878243,True
72000.0,7.402183732513837e-06,-1.1713151081949036e-05,7.222637535164722e-06,0.24995409697294235,35863280.03082066,82.04797712994079,True
72300.0,7.39579463425444e-06,-1.1173152870469494e-05,7.232562012404742e-06,0.1885269582271576,35863829.65703512,82.05044847706355,True
72600.0,7.385331361790057e-06,-1.0608317325022654e-05,7.238230352868413e-06,0.12660746276378632,35864367.96308698,82.05298287742642,True
72900.0,7.371395920357054e-06,-1.0040942811428977e-05,7.239581051976529e-06,0.06574945151805878,35864894.77623237,82.05557159535392,True
73200.0,7.353904823331909e-06,-9.454654616547487e-06,7.236949741695753e-06,0.004696652293205261,35865409.934550144,82.05820555896308,True
73500.0,7.333921229181182e-06,-8.86850892811708e-06,7.230902966171016e-06,-0.05580794811248779,35865913.28204133,82.06087537877512,True
73800.0,7.310119845919775e-06,-8.261216436267205e-06,7.220577856514865e-06,-0.11544240266084671,35866404.67094953,82.06357136862513,True
74100.0,7.283666053551037e-06,-7.645455951887925e-06,7.20681421739755e-06,-0.17555057257413864,35866883.96289678,82.06628356255794,True
74400.0,7.253737965029126e-06,-7.020471855412325e-06,7.188766218746423e-06,-0.23342175781726837,35867351.02304591,82.0690017389995,True
74700.0,7.2215088331050266e-06,-6.399934136425145e-06,7.167350688064289e-06,-0.29213594645261765,35867805.729820795,82.07171543881766,True
75000.0,7.186079264757897e-06,-5.759964153639885e-06,7.142054684550203e-06,-0.34939800202846527,35868247.96360772,82.07441399072069,True
75300.0,7.147921157889477e-06,-5.1213617950907064e-06,7.112976689427342e-06,-0.40682699531316757,35868677.61590505,82.07708653208581,True
75600.0,7.1059854363283e-06,-4.473403578231228e-06,7.079199406234693e-06,-0.4623313546180725,35869094.58155183,82.07972203408619,True
75900.0,7.063574198932487e-06,-3.818064840288571e-06,7.0439667894106606e-06,-0.5179641544818878,35869498.76643063,82.08230932060445,True
76200.0,7.0159934538009706e-06,-3.1711807082501764e-06,7.002389864396719e-06,-0.5726450532674789,35869890.080031015,82.08483710516964,True
76500.0,6.968797543881627e-06,-2.511229581614316e-06,6.960217419305081e-06,-0.6259306892752647,35870268.439056516,82.08729399733748,True
76800.0,6.917480602350869e-06,-1.8496394034173136e-06,6.9127954418490845e-06,-0.6791150271892548,35870633.76835656,82.08966854934579,True
77100.0,6.863683493682288e-06,-1.185675387205265e-06,6.861744665798142e-06,-0.7319186329841614,35870985.99744331,82.09194926546607,True
77400.0,6.807468676453589e-06,-5.288873126119142e-07,6.80707996991714e-06,-0.7825753688812256,35871325.06040196,82.09412463627793,True
77700.0,6.7495866016377435e-06,1.356193024548702e-07,6.749560824914624e-06,-0.8337921351194382,35871650.90167109,82.09618316302279,True
78000.0,6.68996958334284e-06,8.05839022177679e-07,6.6890522276708e-06,-0.8835239410400391,35871963.4666353,82.09811338620159,True
78300.0,6.627637067810995e-06,1.46463946748554e-06,6.624579071967673e-06,-0.9323828518390656,35872262.70884979,82.09990391267525,True
78600.0,6.563794082042121e-06,2.1208250018389663e-06,6.557320787692333e-06,-0.9810967594385147,35872548.58731298,82.10154343995947,True
78900.0,6.496485293638525e-06,2.7685817087785836e-06,6.485339682171798e-06,-1.0278487801551819,35872821.06361842,82.10302078885724,True
79200.0,6.428203998943391e-06,3.4178204657564493e-06,6.411035130327036e-06,-1.0754108130931854,35873080.10890044,82.10432492337178,True
79500.0,6.358961944324207e-06,4.068715441007953e-06,6.334358317872102e-06,-1.1205820366740227,35873325.69308444,82.10544498479815,True
79800.0,6.287517879453656e-06,4.706810784682602e-06,6.25420173605562e-06,-1.1661622822284698,35873557.796672426,82.10637031750831,True
80100.0,6.213598440751345e-06,5.3394074370771705e-06,6.1701861824303705e-06,-1.2105460613965988,35873776.40015013,82.10709049413863,True
80400.0,6.139244651525108e-06,5.959861283599821e-06,6.084455577592962e-06,-1.254331350326538,35873981.49041017,82.10759534049666,True
80700.0,6.0622325652375475e-06,6.5810984324343735e-06,5.994505727358046e-06,-1.2963148951530457,35874173.05656374,82.10787496908637,True
81000.0,5.983519387462651e-06,7.18140415756352e-06,5.901710551370343e-06,-1.338489644229412,35874351.09475669,82.1079197965176,True
81300.0,5.903172635919919e-06,7.775696616363348e-06,5.805814978998569e-06,-1.3793919309973717,35874515.60133815,82.10772057445443,True
81600.0,5.822411307267343e-06,8.361027965975154e-06,5.708088863798366e-06,-1.4199521020054817,35874666.57853613,82.10726841133419,True
81900.0,5.739431864236889e-06,8.930481101288024e-06,5.60686532935506e-06,-1.4591049253940582,35874804.02989642,82.10655480105908,True
82200.0,5.65582283843922e-06,9.49254399529309e-06,5.503497092718135e-06,-1.4974233284592628,35874927.963749364,82.10557164055702,True
82500.0,5.570212551760384e-06,1.0038561754299735e-05,5.396817172709234e-06,-1.5355832800269127,35875038.391512096,82.10431125804782,True
82800.0,5.483648369219669e-06,1.0575479564067791e-05,5.287635261197465e-06,-1.572380743920803,35875135.325548254,82.10276643041591,True
83100.0,5.394602882568027e-06,1.1083024958224996e-05,5.175117181011046e-06,-1.6090778931975365,35875218.783362426,82.10093040777278,True
83400.0,5.30604712403797e-06,1.1595203375236451e-05,5.0609779123078624e-06,-1.6444293484091759,35875288.78248036,82.09879692921092,True
83700.0,5.215145258219696e-06,1.2074807273165789e-05,4.943773134868934e-06,-1.6793054342269897,35875345.3449327,82.09636024739896,True
84000.0,5.124688423793237e-06,1.2544923038149136e-05,4.82542048985124e-06,-1.7126306369900703,35875388.493060485,82.09361513982753,True
84300.0,5.03191746280884e-06,1.2986116473712173e-05,4.703919529447376e-06,-1.745814248919487,35875418.253819875,82.09055693267705,True
84600.0,4.938408649468744e-06,1.3422453434941417e-05,4.579678247296215e-06,-1.77749864757061,35875434.65341187,82.08718150984396,True
84900.0,4.844803664146397e-06,1.3836816719958733e-05,4.4542405959191456e-06,-1.8096481040120125,35875437.72326016,82.08348532828258,True
85200.0,4.750113169678626e-06,1.4225099590703394e-05,4.326793941800133e-06,-1.8398595973849297,35875427.49221898,82.07946543423571,True
85500.0,4.65442847174056e-06,1.4597651045278326e-05,4.196779954668273e-06,-1.8700564503669739,35875403.995172024,82.07511947198823,True
85800.0,4.557330254581856e-06,1.4944591555376974e-05,4.0643208905066786e-06,-1.898371122777462,35875367.26482888,82.07044569339452,True
86100.0,4.461452802442539e-06,1.5283712400560034e-05,3.9310731523301e-06,-1.92672398686409,35875317.339226164,82.06544296553871,True
86400.0,4.364020985750863e-06,1.5585243147597794e-05,3.7960377738954776e-06,-1.9536359384655952,35875254.25447149,82.06011078196623,True
86700.0,2.326408793664449e-06,1.3039799654279705e-05,1.4707522382195748e-06,-1.6908325478434563,35875177.76126505,82.05445145478998,True
87000.0,2.2918740766153055e-06,1.3301958148304038e-05,1.3662353808285843e-06,-1.7280507907271385,35875088.489722945,82.04846132666306,True
87300.0,2.258690471130087e-06,1.3545300873829547e-05,1.2589789264438878e-06,-1.764899730682373,35874986.181132704,82.04214401222556,True
87600.0,2.2266898388893427e-06,1.3768033738870145e-05,1.148416586715939e-06,-1.800240397453308,35874870.877319895,82.03550154022797,True
87900.0,2.196908947239294e-06,1.396698380062844e-05,1.0366651252979864e-06,-1.8370491191744804,35874742.62549095,82.02853657316587,True
88200.0,2.16938147398343e-06,1.4142346486778479e-05,9.234136513214253e-07,-1.8716819882392883,35874601.467485055,82.02125241036491,True
88500.0,2.143337379947559e-06,1.4297344023361802e-05,8.049744337768061e-07,-1.906807392835617,35874447.45270383,82.01365298540065,True
88800.0,2.121866943310433e-06,1.443536251599653e-05,6.869765201145128e-07,-1.9408335387706757,35874280.627545625,82.00574284839315,True
89100.0,2.1020469907305743e-06,1.4542711767262517e-05,5.654153767409298e-07,-1.9743724688887596,35874101.04188594,81.99752717848453,True
89400.0,2.0863338098523434e-06,1.4628386708182006e-05,4.434755140891866e-07,-2.007613569498062,35873908.74647691,81.98901175910987,True
89700.0,2.075783446471088e-06,1.4702563987611939e-05,3.1831527280701266e-07,-2.0408273190259933,35873703.79348636,81.98020298190642,True
90000.0,2.0686390350639783e-06,1.4747142472515407e-05,1.913575999878958e-07,-2.0719837620854378,35873486.23416126,81.97110782575592,True
90300.0,2.0657000674761527e-06,1.4765725154575193e-05,6.241550920549344e-08,-2.1040525808930397,35873256.12618181,81.9617338506705,True
90600.0,2.0680207151091747e-06,1.4763575904908066e-05,-6.755254844392766e-08,-2.1346158385276794,35873013.523337424,81.95208918177529,True
90900.0,2.074871078885064e-06,1.4735293461853871e-05,-1.9718379462574376e-07,-2.16413801163435,35872758.4838689,81.94218249556383,True
91200.0,2.0877030532094974e-06,1.4687501618482202e-05,-3.306056157725834e-07,-2.1936905533075333,35872491.06827389,81.93202301013707,True
91500.0,2.1057984431586893e-06,1.4616876114814659e-05,-4.6385599716813886e-07,-2.2228129506111145,35872211.337257326,81.92162045485243,True
91800.0,2.1286238817374205e-06,1.4515339472609412e-05,-5.994492227046067e-07,-2.2505776435136795,35871919.35289399,81.91098506706476,True
92100.0,2.158397875995584e-06,1.4404382483235167e-05,-7.345427803784332e-07,-2.2779901772737503,35871615.18113431,81.90012756147465,True
92400.0,2.193120871925615e-06,1.4259338627198304e-05,-8.730532385925471e-07,-2.304862789809704,35871298.88879123,81.88905912249602,True
92700.0,2.233376362149846e-06,1.409953389952534e-05,-1.0098007265924025e-06,-2.3306159675121307,35870970.54446244,81.87779136778751,True
93000.0,2.278621281421148e-06,1.3912000127902502e-05,-1.1479853299078968e-06,-2.3564964085817337,35870630.22087597,81.86633634431804,True
93300.0,2.328525005347087e-06,1.369642336612742e-05,-1.2869532781678572e-06,-2.38101164996624,35870277.990459114,81.85470649399092,True
93600.0,2.38414096671733e-06,1.3464063329138298e-05,-1.426381615488026e-06,-2.404029794037342,35869913.92957866,81.84291463502178,True
93900.0,2.4462198880528097e-06,1.3218224580668902e-05,-1.5672426201263079e-06,-2.4272670447826385,35869538.1191749,81.83097393950466,True
94200.0,2.5105021009720715e-06,1.2933380844515341e-05,-1.707441512621699e-06,-2.4496565833687782,35869150.6402821,81.81889790512032,True
94500.0,2.5803280756635774e-06,1.264406074596991e-05,-1.8469123261866116e-06,-2.4712640568614006,35868751.57810079,81.80670033584417,True
94800.0,2.654711143014416e-06,1.2329058165505558e-05,-1.9877216885788584e-06,-2.491175666451454,35868341.02004696,81.79439531726898,True
95100.0,2.732157764683564e-06,1.1990784287263523e-05,-2.127679550767425e-06,-2.511006385087967,35867919.0594255,81.78199718510616,True
95400.0,2.814605415048531e-06,1.163524564162799e-05,-2.2688360701295096e-06,-2.52970402687788,35867485.79040285,81.76952050830997,True
95700.0,2.8999880358467675e-06,1.1260226898457404e-05,-2.4090737440474186e-06,-2.547903433442116,35867041.31253275,81.75698005509595,True
96000.0,2.989858088774702e-06,1.087020424961338e-05,-2.550099296172448e-06,-2.5644152611494064,35866585.727419145,81.74439077522047,True
96300.0,3.0824608086188853e-06,1.0459195465273297e-05,-2.6905786967290624e-06,-2.5803025290369987,35866119.142968476,81.73176776732116,True
96600.0,3.176169134744812e-06,1.0024899268046283e-05,-2.8290213407444753e-06,-2.5956447273492813,35865641.670331195,81.71912625598556,True
96900.0,3.2746185789071378e-06,9.575943693107547e-06,-2.969041219103019e-06,-2.6100489497184753,35865153.4245906,81.70648157122733,True
97200.0,3.3751815251167365e-06,9.111401652717177e-06,-3.1079449627213762e-06,-2.6225818395614624,35864654.52487319,81.693849111374,True
97500.0,3.4786706101379416e-06,8.639053845627132e-06,-3.2463672710036917e-06,-2.634706325829029,35864145.09746282,81.6812443271363,True
97800.0,3.5828292153252158e-06,8.147340054165397e-06,-3.3827539169806187e-06,-2.6456178426742554,35863625.27131388,81.66868269070926,True
98100.0,3.689841838002858e-06,7.6290051538308035e-06,-3.5198485619503117e-06,-2.6550249233841896,35863095.18100677,81.65617967710394,True
98400.0,3.799022569174866e-06,7.110393767106871e-06,-3.6557882907573003e-06,-2.6643173843622208,35862554.96808899,81.64375073035836,True
98700.0,3.909380561910426e-06,6.561079089806299e-06,-3.7909648824552278e-06,-2.6705843582749367,35862004.77526324,81.63141124582582,True
99000.0,4.021143894386799e-06,6.017133557634224e-06,-3.924341157812705e-06,-2.67735193669796,35861444.757291615,81.61917654226718,True
99300.0,4.134814779814105e-06,5.4575154422309424e-06,-4.057356946418622e-06,-2.681476280093193,35860875.068051286,81.60706184191505,True
99600.0,4.250141375338113e-06,4.8786870365802315e-06,-4.189890105976701e-06,-2.684580996632576,35860295.87212986,81.59508224301146,True
99900.0,4.365269084290997e-06,4.290964398023789e-06,-4.319848642353463e-06,-2.68667384237051,35859707.338594526,81.58325269642225,True
100200.0,4.48331944125467e-06,3.693145458782965e-06,-4.450520023624449e-06,-2.687393397092819,35859109.64238582,81.57158799048297,True
100500.0,4.600193301917577e-06,3.0937479209569574e-06,-4.577728049071084e-06,-2.686107598245144,35858502.96455641,81.56010271615267,True
100800.0,4.718980364103938e-06,2.471768084433279e-06,-4.704977371261521e-06,-2.6844302639365196,35857887.494920984,81.54881126067961,True
101100.0,4.837061210312168e-06,1.8437679614180524e-06,-4.829445472864791e-06,-2.6796377152204514,35857263.42559874,81.53772777265775,True
101400.0,4.955784296318765e-06,1.214565145346569e-06,-4.952551975634378e-06,-2.6746305972337723,35856630.96109285,81.52686615222382,True
101700.0,5.0743331490827176e-06,5.688523856406391e-07,-5.0736391301597905e-06,-2.6675970256328583,35855990.30806252,81.51624002494874,True
102000.0,5.19437280834809e-06,-8.023684472391324e-08,-5.194359289362183e-06,-2.659215047955513,35855341.68262529,81.50586272702922,True
102300.0,5.313587813220931e-06,-7.356827040894132e-07,-5.312473916774252e-06,-2.6483179926872253,35854685.306112334,81.49574728050257,True
102600.0,5.432490501317098e-06,-1.3917680803388066e-06,-5.428581260957799e-06,-2.6361116394400597,35854021.40936548,81.48590638201077,True
102900.0,5.5502574373706876e-06,-2.063532804186252e-06,-5.541823909993582e-06,-2.622627928853035,35853350.229260005,81.47635238117735,True
103200.0,5.669065641138148e-06,-2.7366007770979195e-06,-5.65450518763555e-06,-2.6074306592345238,35852672.0094682,81.46709726853283,True
103500.0,5.787741101610663e-06,-3.4145351719416794e-06,-5.765477325780921e-06,-2.589590795338154,35851987.00048114,81.4581526528613,True
103800.0,5.9046209282204385e-06,-4.089757396741334e-06,-5.8732275789452615e-06,-2.570609427988529,35851295.46256592,81.44952974890109,True
104100.0,6.021034549142674e-06,-4.779336734372919e-06,-5.97887446929235e-06,-2.5500838458538055,35850597.661453664,81.44123936561392,True
104400.0,6.1378017169622165e-06,-5.458583416384499e-06,-6.083703937065366e-06,-2.5271210744976997,35849893.86976232,81.43329188966075,True
104700.0,6.253081385690433e-06,-6.157938940987151e-06,-6.185314944673337e-06,-2.503234840929508,35849184.36988977,81.4256972681546,True
105000.0,6.368338410487314e-06,-6.843080541329982e-06,-6.285943413786299e-06,-2.47646651417017,35848469.44811763,81.41846500426351,True
105300.0,6.48068266625008e-06,-7.539702380654489e-06,-6.382123558523745e-06,-2.44859329611063,35847749.401788466,81.41160413482258,True
105600.0,6.592780314303289e-06,-8.231028971295018e-06,-6.477005499050392e-06,-2.418023869395256,35847024.53215677,81.40512323127898,True
105900.0,6.704927855095825e-06,-8.917732998270367e-06,-6.570950660034214e-06,-2.386435329914093,35846295.15096723,81.39903037958842,True
106200.0,6.815616209154602e-06,-9.611103962470224e-06,-6.662124292233784e-06,-2.3531055003404617,35845561.57471384,81.39333317078436,True
106500.0,6.924963281418921e-06,-1.0301153253067241e-05,-6.750982805669992e-06,-2.3172136172652245,35844824.1268532,81.38803869611945,True
106800.0,7.031831321271729e-06,-1.098300717217171e-05,-6.836581405877951e-06,-2.2801766842603683,35844083.14003904,81.38315353470149,True
107100.0,7.138726485630417e-06,-1.165779201528494e-05,-6.921525610437129e-06,-2.2408523112535477,35843338.95120861,81.37868375044829,True
107400.0,7.242327424151384e-06,-1.2329893621654264e-05,-7.002281151358147e-06,-2.199522852897644,35842591.90543573,81.37463487507584,True
107700.0,7.345216834597425e-06,-1.2998644933759351e-05,-7.081574437961535e-06,-2.156732067465782,35841842.35462192,81.37101191385021,True
108000.0,7.445467514435804e-06,-1.365811516507165e-05,-7.157699712934118e-06,-2.1130345091223717,35841090.65708565,81.36781932891886,True
108300.0,7.543295906394697e-06,-1.4308959237041563e-05,-7.230907328903413e-06,-2.0666849091649055,35840337.17507715,81.36506104039482,True
108600.0,7.63929442626715e-06,-1.4952964335179786e-05,-7.301783838897791e-06,-2.019802086055279,35839582.280753486,81.3627404201039,True
108900.0,7.732550545575388e-06,-1.558499980092165e-05,-7.369660181666404e-06,-1.9704956635832787,35838826.34810214,81.36086028602986,True
109200.0,7.824412161613167e-06,-1.620735076812707e-05,-7.4358983397360134e-06,-1.9196290075778961,35838069.75948703,81.35942290230628,True
109500.0,7.91227967005163e-06,-1.6820177449972107e-05,-7.497802087641503e-06,-1.8670846670866013,35837312.90168307,81.35842997050429,True
109800.0,7.998392851056324e-06,-1.741535081123402e-05,-7.558193317436235e-06,-1.813934065401554,35836556.1678016,81.35788263725127,True
110100.0,8.081218366679103e-06,-1.8003579384640034e-05,-7.614952608037129e-06,-1.7590834721922874,35835799.95367902,81.35778148248305,True
110400.0,8.159335209199019e-06,-1.857543975347653e-05,-7.667102892128241e-06,-1.7035892829298973,35835044.66192158,81.35812652490671,True
110700.0,8.236395771964272e-06,-1.914249423862202e-05,-7.717936497897426e-06,-1.6459317803382874,35834290.696896486,81.35891722517599,True
111000.0,8.308301024364192e-06,-1.9681460884157786e-05,-7.764427323309064e-06,-1.588110625743866,35833538.47053248,81.36015247601794,True
111300.0,8.379012640837023e-06,-2.022130325940452e-05,-7.809209677134277e-06,-1.529159627854824,35832788.39552799,81.36183061559629,True
111600.0,8.445023996768209e-06,-2.0743808761380933e-05,-7.849599384712747e-06,-1.4684846699237823,35832040.88837139,81.36394941858623,True
111900.0,8.506515238394428e-06,-2.1246187486667623e-05,-7.885995771061971e-06,-1.4078798964619637,35831296.37102876,81.3665061072985,True
112200.0,8.566429590128145e-06,-2.1731954490178396e-05,-7.921408325728407e-06,-1.3467610403895378,35830555.26583847,81.36949735460152,True
112500.0,8.621740191721878e-06,-2.2206982293937472e-05,-7.952240181907655e-06,-1.2846655771136284,35829817.99766313,81.37291927876933,True
112800.0,8.674956653823848e-06,-2.266857950417034e-05,-7.981399363643504e-06,-1.2217558100819588,35829084.994035214,81.37676746133214,True
113100.0,8.723289499436182e-06,-2.311954125389093e-05,-8.005700934177185e-06,-1.1584641113877296,35828356.68443653,81.38103693989159,True
113400.0,8.7679461237714e-06,-2.3544361340555042e-05,-8.027487666595334e-06,-1.0952420234680176,35827633.499673374,81.38572222582845,True
113700.0,8.80819635128101e-06,-2.3960264741162973e-05,-8.0448661066157e-06,-1.0319673642516136,35826915.87090276,81.39081730130418,True
114000.0,8.846186588049137e-06,-2.4353581267178015e-05,-8.061116034241422e-06,-0.9685246050357819,35826204.22982491,81.39631563611258,True
114300.0,8.88094941545127e-06,-2.4743342208921604e-05,-8.073921094364778e-06,-0.9041092693805695,35825499.00759423,81.40221018503073,True
114600.0,8.911120424626773e-06,-2.5113868787229876e-05,-8.082856936653116e-06,-0.8402671292424202,35824800.63745931,81.40849340410814,True
114900.0,8.93677726269608e-06,-2.5466619376857125e-05,-8.087928378586184e-06,-0.7758335024118423,35824109.549298786,81.4151572586845,True
115200.0,8.961402289072605e-06,-2.5810943725446123e-05,-8.092344799592865e-06,-0.7123191505670547,35823426.17459955,81.42219323632641,True
115500.0,8.980090568950811e-06,-2.6131125196116045e-05,-8.091808282983948e-06,-0.6486686542630196,35822750.94080438,81.42959234695807,True
115800.0,8.99734189991365e-06,-2.6445488259696504e-05,-8.090013025707776e-06,-0.5847914218902588,35822084.27442954,81.43734514988239,True
116100.0,9.01001503876721e-06,-2.6749606604425935e-05,-8.083789225565852e-06,-0.5217184200882912,35821426.60080621,81.44544175112715,True
116400.0,9.020642588503489e-06,-2.7029210286855232e-05,-8.077014356899781e-06,-0.4583626836538315,35820778.34042462,81.45387183023588,True
116700.0,9.026408598750135e-06,-2.7299340558784024e-05,-8.065455389782983e-06,-0.3957963138818741,35820139.912794024,81.46262463866542,True
117000.0,9.030608929171704e-06,-2.756600582642932e-05,-8.05234458312043e-06,-0.3340824395418167,35819511.73285796,81.47168902959059,True
117300.0,9.030228102827008e-06,-2.7808218078462232e-05,-8.03588571329783e-06,-0.27214542776346207,35818894.210448526,81.48105346030715,True
117600.0,9.028226232391023e-06,-2.803841812237806e-05,-8.018477288374015e-06,-0.21121316403150558,35818287.753314406,81.4907060170167,True
117900.0,9.02300086967864e-06,-2.8265458780651898e-05,-7.997640878443235e-06,-0.14966633170843124,35817692.761557944,81.50063442197623,True
118200.0,9.013526228720335e-06,-2.846923766242071e-05,-7.973765917768105e-06,-0.08984697610139847,35817109.63403451,81.51082605811345,True
118500.0,9.002601920932252e-06,-2.867255557248427e-05,-7.94824954652995e-06,-0.029788993299007416,35816538.75967708,81.52126798468274,True
118800.0,8.987754256153763e-06,-2.8850536239133362e-05,-7.920240506109621e-06,0.029983684420585632,35815980.523892924,81.53194695215663,True
119100.0,8.971598647167644e-06,-2.903182377167468e-05,-7.890450447689545e-06,0.08898334205150604,35815435.305640206,81.54284942480933,True
119400.0,8.950981311170407e-06,-2.9189345752911322e-05,-7.857440508018954e-06,0.14730801433324814,35814903.47648699,81.55396159638427,True
119700.0,8.928981665717276e-06,-2.9346909059313475e-05,-7.822812989388694e-06,0.2054259553551674,35814385.40044092,81.56526941526162,True
120000.0,8.9036698438135e-06,-2.949012366570969e-05,-7.785518604919162e-06,0.2624537944793701,35813881.43529177,81.57675859932228,True
120300.0,8.875919184959418e-06,-2.9616747525551546e-05,-7.746740465108815e-06,0.3185565248131752,35813391.92983916,81.58841466194723,True
120600.0,8.845940852989612e-06,-2.973863118427289e-05,-7.705752622655382e-06,0.37577875703573227,35812917.222696394,81.60022292953471,True
120900.0,8.813523573261811e-06,-2.985391205356791e-05,-7.662455445256455e-06,0.43156980723142624,35812457.64840857,81.6121685662118,True
121200.0,8.778537159951728e-06,-2.9953938337712316e-05,-7.617410943794312e-06,0.4861287698149681,35812013.529759,81.62423659653929,True
121500.0,8.742042835685169e-06,-3.0049326795733577e-05,-7.570955531832624e-06,0.5411504209041595,35811585.178684056,81.63641192776268,True
121800.0,8.701160884026974e-06,-3.0122826103706757e-05,-7.521207521676843e-06,0.5954077914357185,35811172.90036018,81.64867937139537,True
122100.0,8.658510308469756e-06,-3.0199354853266414e-05,-7.4690836129320815e-06,0.6497167646884918,35810776.9879191,81.66102367221775,True
122400.0,8.613931507755186e-06,-3.0264140832514386e-05,-7.415639387886586e-06,0.7031298503279686,35810397.725943714,81.6734295299734,True
122700.0,8.566379096226525e-06,-3.0315432525185315e-05,-7.359808179785432e-06,0.7560224011540413,35810035.387082174,81.68588162179883,True
123000.0,8.517619479985612e-06,-3.0362803613570577e-05,-7.302814580611994e-06,0.8077518492937088,35809690.234099895,81.69836463162551,True
123300.0,8.464982039766696e-06,-3.0391844347832375e-05,-7.242784747063524e-06,0.8602683171629906,35809362.51599107,81.71086327003518,True
123600.0,8.410649232197277e-06,-3.042483874082791e-05,-7.180313289723017e-06,0.9113058820366859,35809052.47452146,81.72336230528074,True
123900.0,8.353175373108287e-06,-3.0436940221534314e-05,-7.1158712273700075e-06,0.9625004604458809,35808760.33585599,81.73584658631523,True
124200.0,8.293909012701101e-06,-3.045055208872327e-05,-7.049055696484174e-06,1.013535887002945,35808486.316170335,81.748301067776,True
124500.0,8.231870001552279e-06,-3.0449938776655472e-05,-6.980094525488312e-06,1.0636930912733078,35808230.61987181,81.76071083728807,True
124800.0,8.16798483272582e-06,-3.0444413880559296e-05,-6.9092366601353206e-06,1.1132275760173798,35807993.4380043,81.77306114066455,True
125100.0,8.102208173751996e-06,-3.042797817442988e-05,-6.836957396672005e-06,1.162866272032261,35807774.94854663,81.7853374078728,True
125400.0,8.032525106023376e-06,-3.0402239019622357e-05,-6.760710220987676e-06,1.2108941674232483,35807575.31913418,81.79752527544426,True
125700.0,7.961904548097554e-06,-3.0379784561773704e-05,-6.682842936811539e-06,1.2591666281223297,35807394.70086786,81.8096106198836,True
126000.0,7.888392918192558e-06,-3.0339383158661803e-05,-6.602968014135513e-06,1.3074047043919563,35807233.23385327,81.82157957530278,True
126300.0,7.811808756985761e-06,-3.0288009583046005e-05,-6.5202128070041e-06,1.3550776839256287,35807091.04516622,81.83341856064715,True
126600.0,7.733065218767417e-06,-3.0238424329809277e-05,-6.434448735603837e-06,1.402248591184616,35806968.247868694,81.84511430554183,True
126900.0,7.652414220605794e-06,-3.017478775291238e-05,-6.347448021415403e-06,1.4481294602155685,35806864.94232886,81.85665387564475,True
127200.0,7.569243174676392e-06,-3.0111517673958588e-05,-6.257080670479809e-06,1.4940728470683098,35806781.21311847,81.86802469055034,True
127500.0,7.483789390943987e-06,-3.0036986288450862e-05,-6.164716978673823e-06,1.5390536710619926,35806717.13343372,81.87921455434129,True
127800.0,7.395907994777182e-06,-2.9961448063886564e-05,-6.069158288823928e-06,1.583467110991478,35806672.761214264,81.89021167204417,True
128100.0,7.305315073377516e-06,-2.987870186643704e-05,-5.970622908080259e-06,1.6281413584947586,35806648.140061006,81.9010046754458,True
128400.0,7.213421105921543e-06,-2.9780266686429968e-05,-5.871657293710086e-06,1.671901822090149,35806643.301616736,81.91158264507531,True
128700.0,7.119091258003423e-06,-2.9689162403201408e-05,-5.7685333558765706e-06,1.714429885149002,35806658.262666054,81.92193512184382,True
129000.0,7.0236383049308265e-06,-2.959139121117005e-05,-5.664226208068612e-06,1.7559856176376343,35806693.025385514,81.932052139371,True
129300.0,6.925414988352396e-06,-2.9487903304925567e-05,-5.556561831099316e-06,1.7984109297394753,35806747.57632743,81.94192423052318,True
129600.0,6.825413746232369e-06,-2.9386562459876586e-05,-5.445891474664677e-06,1.838500276207924,35806821.89305018,81.95154245245796,True
129900.0,6.724230244258824e-06,-2.927989078216342e-05,-5.33368566379977e-06,1.878373607993126,35806915.933760226,81.96089840150557,True
130200.0,6.620716172759604e-06,-2.9164913655677083e-05,-5.2187712498152905e-06,1.9182798117399216,35807029.6445378,81.96998422455509,True
130500.0,6.516242698469223e-06,-2.905318217472086e-05,-5.1015608590887496e-06,1.9565658941864967,35807162.959410705,81.97879263723783,True
130800.0,6.4095093150699296e-06,-2.8935036453958674e-05,-4.981377117019292e-06,1.9940388277173042,35807315.79604945,81.98731693395884,True
131100.0,6.302991680185661e-06,-2.8822792842220224e-05,-4.859930058387363e-06,2.0305852219462395,35807488.059218384,81.9955510027877,True
131400.0,6.194025363720574e-06,-2.8699229687845218e-05,-4.735656617071982e-06,2.0663904398679733,35807679.6396411,82.0034893298709,True
131700.0,6.084490881809883e-06,-2.857586176219229e-05,-4.6095815520175165e-06,2.1022821217775345,35807890.41375515,82.01112701398752,True
132000.0,5.974296394228747e-06,-2.8465365858210134e-05,-4.479922523614732e-06,2.136683367192745,35808120.246870704,82.01845976843386,True
132300.0,5.86374960738072e-06,-2.8347284825258612e-05,-4.349422056293406e-06,2.16987968981266,35808368.98902866,82.02548393418907,True
132600.0,5.7529877346788524e-06,-2.8230434111264913e-05,-4.217068820366876e-06,2.2017143294215202,35808636.47744409,82.03219647599951,True
132900.0,5.641168302029714e-06,-2.8113528031781243e-05,-4.081711821868339e-06,2.2336487621068954,35808922.53459715,82.03859498886207,True
133200.0,5.530114011425395e-06,-2.8002366008195168e-05,-3.94490187716201e-06,2.264421634376049,35809226.97273904,82.0446777022297,True
133500.0,5.419364453926137e-06,-2.789468791775107e-05,-3.8060937868067413e-06,2.293244421482086,35809549.59087356,82.05044347505948,True
133800.0,5.308028052060356e-06,-2.778413747250852e-05,-3.6646743097890067e-06,2.32253485172987,35809890.17221405,82.05589179616462,True
134100.0,5.19868759967514e-06,-2.7676762272221822e-05,-3.523287162465749e-06,2.3501747399568558,35810248.492127836,82.06102278434584,True
134400.0,5.0892133637481366e-06,-2.757113475126971e-05,-3.3787702733434344e-06,2.376736007630825,35810624.311124995,82.06583717461986,True
134700.0,4.981667551133296e-06,-2.746982337953341e-05,-3.2334893944607757e-06,2.40165077149868,35811017.378914975,82.07033632334723,True
135000.0,4.876497522917363e-06,-2.738222295306514e-05,-3.0862739777148818e-06,2.427136145532131,35811427.43072006,82.07452219147982,True
135300.0,4.7720857532435795e-06,-2.728326114720403e-05,-2.938411483910386e-06,2.45047290623188,35811854.195246615,82.07839734140883,True
135600.0,4.669802833890653e-06,-2.7199543524147884e-05,-2.787064005360662e-06,2.473037801682949,35812297.38591369,82.08196491980871,True
135900.0,4.570125723932623e-06,-2.7111204417451518e-05,-2.636130858491015e-06,2.4944314882159233,35812756.70699707,82.08522865653077,True
136200.0,4.474030494118361e-06,-2.703348468457989e-05,-2.4839863783654437e-06,2.5145154297351837,35813231.85187462,82.08819283901977,True
136500.0,4.380594064221763e-06,-2.695991406653775e-05,-2.3296653921534016e-06,2.5339393317699432,35813722.502791725,82.09086230386653,True
136800.0,4.290976663946372e-06,-2.688373876935657e-05,-2.17624928211535e-06,2.5520764365792274,35814228.333228484,82.0932424242985,True
137100.0,4.205118847404919e-06,-2.682115405150398e-05,-2.019252420382145e-06,2.5697640776634216,35814749.00547131,82.09533908146145,True
137400.0,4.123458742797051e-06,-2.6756939462302398e-05,-1.862399599872333e-06,2.585538551211357,35815284.17469946,82.09715866194,True
137700.0,4.046949454680654e-06,-2.6700236389842757e-05,-1.7046917264451622e-06,2.6001615300774574,35815833.48478881,82.09870802547067,True
138000.0,3.975699233621535e-06,-2.6646266235275107e-05,-1.5469669847334444e-06,2.613710932433605,35816396.571559414,82.09999449112206,True
138300.0,3.909959440499912e-06,-2.6600972887536045e-05,-1.3869872930172278e-06,2.6264355331659317,35816973.06226774,82.10102581103375,True
138600.0,3.851133568415023e-06,-2.6563485477026916e-05,-1.2277828034257254e-06,2.6383756697177887,35817562.57633997,82.10181015651698,True
138900.0,3.7962472341524462e-06,-2.6512792601351975e-05,-1.0678680411047026e-06,2.6476715728640556,35818164.727425136,82.10235608520122,True
139200.0,3.749426764182623e-06,-2.6478902952931094e-05,-9.066477275609941e-07,2.6571193784475327,35818779.117207155,82.10267252261292,True
139500.0,3.7100501601225283e-06,-2.6451358166923455e-05,-7.457378927711034e-07,2.664103165268898,35819405.34584725,82.10276873898948,True
139800.0,3.676559426983499e-06,-2.6420638420177056e-05,-5.822581385928061e-07,2.6703981831669807,35820043.002560735,82.10265431745388,True
140100.0,3.6505711098856487e-06,-2.6390723519398307e-05,-4.2117352450077306e-07,2.6760997101664543,35820691.672073826,82.10233914070513,True
140400.0,3.6331341771121258e-06,-2.6372570687271946e-05,-2.584450271569949e-07,2.6791055649518967,35821350.93553131,82.1018333480579,True
140700.0,3.6217159495699614e-06,-2.6344898827801444e-05,-9.612283236037911e-08,2.6813481375575066,35822020.36465925,82.10114732403707,True
141000.0,3.6193574219674773e-06,-2.6329908934030755e-05,6.522799367303378e-08,2.6820701584219933,35822699.52888777,82.10029166399343,True
141300.0,3.624426863582505e-06,-2.631518623275042e-05,2.2864621485041425e-07,2.6817478090524673,35823387.9918297,82.09927714493445,True
141600.0,3.6355744123836927e-06,-2.6292188948673356e-05,3.9019262487727246e-07,2.679717540740967,35824085.314058445,82.0981147088874,True
141900.0,3.655678493694062e-06,-2.6280490828867187e-05,5.53346382048403e-07,2.6762618124485016,35824791.05142922,82.09681542118655,True
142200.0,3.6825313354747465e-06,-2.6269679068491314e-05,7.136599862178628e-07,2.6711520105600357,35825504.75694479,82.09539045847117,True
142500.0,3.7158389129206327e-06,-2.625409106826737e-05,8.753123381666228e-07,2.664085380733013,35826225.980728336,82.09385106482361,True
142800.0,3.7555742215764915e-06,-2.6240198735649756e-05,1.0351181742862536e-06,2.6556137651205063,35826954.26950552,82.09220854055229,True
143100.0,3.8012494918045934e-06,-2.6221525018854663e-05,1.1956169458926524e-06,2.645055368542671,35827689.16910322,82.09047420205965,True
143400.0,3.853105568909723e-06,-2.620585928525543e-05,1.3550081661151125e-06,2.6331746578216553,35828430.22218009,82.08865936508856,True
143700.0,3.911231994549937e-06,-2.6198348194839127e-05,1.5128328101354782e-06,2.619773417711258,35829176.97104486,82.08677531250385,True
144000.0,3.97373194605589e-06,-2.6181668943081604e-05,1.6708366530338026e-06,2.6046345606446266,35829928.95712032,82.08483326723018,True
144300.0,4.0407056164792065e-06,-2.616288111312315e-05,1.8277358435625501e-06,2.5879156440496445,35830685.72095579,82.08284437167724,True
144600.0,4.110899804362703e-06,-2.6139631188470958e-05,1.9822451804429875e-06,2.5694497898221016,35831446.80332928,82.08081965934173,True
144900.0,4.184573520264826e-06,-2.6111637566827994e-05,2.1357814574685108e-06,2.548191025853157,35832211.746202536,82.07877002722147,True
145200.0,4.262655908713707e-06,-2.6087263961471763e-05,2.2888015820399232e-06,2.52540373057127,35832980.08992794,82.07670621512646,True
145500.0,4.342788603812155e-06,-2.6056609073066284e-05,2.4396462094955496e-06,2.5007466226816177,35833751.377556995,82.07463878305595,True
145800.0,4.42584791650912e-06,-2.6021628428907206e-05,2.5900139775103526e-06,2.474309004843235,35834525.15319157,82.07257808255993,True
146100.0,4.510326633406147e-06,-2.598542525333869e-05,2.7372106217171677e-06,2.44654992967844,35835300.96242737,82.0705342419718,True
146400.0,4.597421136929147e-06,-2.594768091057631e-05,2.883814062215606e-06,2.4160677194595337,35836078.354961045,82.06851713490937,True
146700.0,4.684154422474864e-06,-2.589928129737018e-05,3.0270194599779643e-06,2.383561246097088,35836856.88099941,82.06653636981024,True
147000.0,4.7728585166007754e-06,-2.5839391099680142e-05,3.1708968748489497e-06,2.349026545882225,35837636.09442668,82.06460125729572,True
147300.0,4.860689483460369e-06,-2.5776265090371453e-05,3.3101130867407846e-06,2.312888704240322,35838415.55202921,82.06272080684393,True
147600.0,4.9509766101963695e-06,-2.572042836845867e-05,3.4484498456777146e-06,2.274922490119934,35839194.8149239,82.06090368945753,True
147900.0,5.040093546625604e-06,-2.5637314138293732e-05,3.5858239897379462e-06,2.234626069664955,35839973.44852528,82.05915823264834,True
148200.0,5.128721273941017e-06,-2.555530289782837e-05,3.7194495092762736e-06,2.192480057477951,35840751.02161891,82.05749240211703,True
148500.0,5.217052206098089e-06,-2.5467423370173492e-05,3.850828164786435e-06,2.148626059293747,35841527.1080062,82.05591377845826,True
148800.0,5.305581190735863e-06,-2.537586709649986e-05,3.980550815185779e-06,2.1014871150255203,35842301.288197994,82.05442954692954,True
149100.0,5.391023211815987e-06,-2.5263921742180173e-05,4.106437330619883e-06,2.0531224459409714,35843073.14436414,82.05304648476758,True
149400.0,5.475919247907705e-06,-2.5145494589651207e-05,4.230324449849832e-06,2.002804510295391,35843842.26705052,82.05177094075643,True
149700.0,5.559155495218784e-06,-2.5008552086092095e-05,4.352242527261296e-06,1.9513316825032234,35844608.25115006,82.05060882832134,True
150000.0,5.639864007750364e-06,-2.4867462116162642e-05,4.4696061962667955e-06,1.896640308201313,35845370.70056339,82.04956561452931,True
150300.0,5.719131853120108e-06,-2.4709670526590344e-05,4.5852765282461405e-06,1.841244138777256,35846129.22102125,82.04864630115287,True
150600.0,5.794418912638464e-06,-2.4528962285330635e-05,4.696762061939808e-06,1.7829480320215225,35846883.42962076,82.04785542553454,True
150900.0,5.868732316529319e-06,-2.4350059391053946e-05,4.805393160722815e-06,1.7232487201690674,35847632.94666322,82.04719704242528,True
151200.0,5.9384976226332275e-06,-2.4142937832039024e-05,4.909821882392862e-06,1.6624925211071968,35848377.400722876,82.04667472245247,True
151500.0,6.006176378468364e-06,-2.3926683240915736e-05,5.011259545995017e-06,1.598661370575428,35849116.430075124,82.04629153980859,True
151800.0,6.070845613000684e-06,-2.369968848370263e-05,5.108824041144544e-06,1.534083567559719,35849849.676187456,82.04605007079431,True
152100.0,6.1312485153989845e-06,-2.3447924888841953e-05,5.202322441277829e-06,1.468526303768158,35850576.790816076,82.04595238589397,True
152400.0,6.189076798737304e-06,-2.3181485914847144e-05,5.292886342544989e-06,1.4004563093185425,35851297.43492166,82.04600004496794,True
152700.0,6.2414773554857425e-06,-2.289488196538514e-05,5.3776731760990515e-06,1.3309460058808327,35852011.274926424,82.04619409935248,True
153000.0,6.290345077919839e-06,-2.259493695078163e-05,5.4583752842063404e-06,1.2609827667474747,35852717.98555518,82.04653508112762,True
153300.0,6.335810068623442e-06,-2.2282675303131327e-05,5.535103426268506e-06,1.1892994120717049,35853417.25214192,82.0470230079844,True
153600.0,6.376609124152584e-06,-2.1946978478126766e-05,5.6072921665872855e-06,1.1160786375403404,35854108.76704916,82.04765738204934,True
153900.0,6.4129870811961825e-06,-2.1593143088693978e-05,5.674821878187686e-06,1.0423913300037384,35854792.230340086,82.04843718946748,True
154200.0,6.444478290374824e-06,-2.122260332271253e-05,5.737080655876525e-06,0.9680849611759186,35855467.35198729,82.04936090302272,True
154500.0,6.471929627589001e-06,-2.0834847163087034e-05,5.795074670800204e-06,0.8922370597720146,35856133.85150307,82.0504264826867,True
154800.0,6.493950131918006e-06,-2.0423379112344264e-05,5.8476937141449525e-06,0.8151671960949898,35856791.45599787,82.05163138298461,True
155100.0,6.5113603842666505e-06,-1.999817442310814e-05,5.895181217852041e-06,0.7387444898486137,35857439.89992995,82.05297255413137,True
155400.0,6.524716991065409e-06,-1.955938267883539e-05,5.938161805829623e-06,0.6614300832152367,35858078.9301068,82.05444644857766,True
155700.0,6.534230444725489e-06,-1.910052111497862e-05,5.9772705753857736e-06,0.5829645916819572,35858708.30102843,82.05604902792346,True
156000.0,6.537434997277543e-06,-1.862177361999784e-05,6.00978005138586e-06,0.5045204684138298,35859327.7747529,82.05777577379536,True
156300.0,6.53553920114007e-06,-1.8136911791089005e-05,6.036211587456819e-06,0.42536888271570206,35859937.1242342,82.05962168969717,True
156600.0,6.5307324707655825e-06,-1.762516495773525e-05,6.06013188075849e-06,0.34671296179294586,35860536.129481316,82.06158131062912,True
156900.0,6.5188032228575796e-06,-1.7094696573849433e-05,6.076488475059705e-06,0.26775573194026947,35861124.58146985,82.06364872511391,True
157200.0,6.505114135985669e-06,-1.6564292991461116e-05,6.090042347750568e-06,0.18937145918607712,35861702.27843809,82.06581756806439,True
157500.0,6.484609072801458e-06,-1.601542660978339e-05,6.096371777175591e-06,0.109989695250988,35862269.02995815,82.06808105201125,True
157800.0,6.459238972433554e-06,-1.5437567014942033e-05,6.098044650570955e-06,0.0321907177567482,35862824.65028402,82.0704319640819,True
158100.0,6.430749901274119e-06,-1.4865224216009665e-05,6.0952083771326215e-06,-0.04681278020143509,35863368.967801735,82.07286268947294,True
158400.0,6.3971185830109245e-06,-1.4271947463839751e-05,6.086983447062266e-06,-0.12479205429553986,35863901.81456624,82.07536522501611,True
158700.0,6.358445072135378e-06,-1.3666850463778246e-05,6.073030235143051e-06,-0.2022576630115509,35864423.0339666,82.07793119345524,True
159000.0,6.316705052684109e-06,-1.3045775375530866e-05,6.055568888996277e-06,-0.27849283814430237,35864932.47665821,82.08055185813902,True
159300.0,6.270487265341848e-06,-1.2421483546631862e-05,6.032573310221778e-06,-0.3549332767724991,35865430.0038315,82.08321814739043,True
159600.0,6.218882903370165e-06,-1.178481238639506e-05,6.003464804393843e-06,-0.4308874160051346,35865915.48281104,82.08592066720976,True
159900.0,6.1636032031920025e-06,-1.1145846315230301e-05,5.969629256696862e-06,-0.5064285174012184,35866388.78981711,82.08864971996698,True
160200.0,6.106564348279841e-06,-1.0490078295788408e-05,5.933534254154438e-06,-0.5806393995881081,35866849.808070645,82.091395325281,True
160500.0,6.043947425669068e-06,-9.825943180885588e-06,5.890900183658232e-06,-0.6544163301587105,35867298.43044892,82.09414724861053,True
160800.0,5.976780101520647e-06,-9.153266205430555e-06,5.84276764925562e-06,-0.7274967804551125,35867734.55635665,82.09689501068524,True
161100.0,5.907055817671961e-06,-8.48459558255854e-06,5.790790083892716e-06,-0.799782507121563,35868158.09288468,82.09962791441684,True
161400.0,5.833598520911228e-06,-7.807356439570867e-06,5.734112946242931e-06,-0.8709243461489677,35868568.9542233,82.10233507090142,True
161700.0,5.755866592822337e-06,-7.127729304556851e-06,5.671989114830467e-06,-0.9411722123622894,35868967.06233355,82.10500542032251,True
162000.0,5.677359736496326e-06,-6.442547146434663e-06,5.6080139358982706e-06,-1.0105190947651863,35869352.34590659,82.10762775183944,True
162300.0,5.59260931485116e-06,-5.754392503831696e-06,5.536546169082612e-06,-1.0786690562963486,35869724.740140855,82.11019074185226,True
162600.0,5.5068361870024806e-06,-5.078415284742732e-06,5.462562910452107e-06,-1.146851122379303,35870084.18836014,82.11268295935164,True
162900.0,5.416313809799881e-06,-4.383340979075001e-06,5.3828307358116945e-06,-1.2132908031344414,35870430.637284175,82.11509291043001,True
163200.0,5.324244760255952e-06,-3.700203876633168e-06,5.300006378661237e-06,-1.278697520494461,35870764.04231104,82.11740905028714,True
163500.0,5.229419859085539e-06,-3.0163431574692368e-06,5.213041603724378e-06,-1.3440563902258873,35871084.36510011,82.11961981930948,True
163800.0,5.131200165855051e-06,-2.331993556481393e-06,5.121234494254168e-06,-1.408253200352192,35871391.57098489,82.12171366582471,True
164100.0,5.0306910297955235e-06,-1.6582673367793177e-06,5.025556063742442e-06,-1.47048007696867,35871685.631164104,82.12367907184729,True
164400.0,4.9268751285745126e-06,-9.909556411002995e-07,4.9250042195581045e-06,-1.5325162187218666,35871966.52476542,82.12550458400489,True
164700.0,4.8209936309088105e-06,-3.1570203873343416e-07,4.820799688332045e-06,-1.594264306128025,35872234.23416343,82.1271788367679,True
165000.0,4.713180124216012e-06,3.3922464126590057e-07,4.712951167107349e-06,-1.6536969542503357,35872488.7447068,82.12869058339417,True
165300.0,4.60295076981879e-06,9.9011333531962e-07,4.600953829481114e-06,-1.7135654017329216,35872730.051206775,82.13002872275642,True
165600.0,4.490652155465352e-06,1.6385246510708384e-06,4.485045820956657e-06,-1.7717174217104912,35872958.14803527,82.13118232556164,True
165900.0,4.3758995104733136e-06,2.266667024741764e-06,4.364885086260983e-06,-1.8291971310973167,35873173.037005454,82.1321406630297,True
166200.0,4.258156054477075e-06,2.895466451491302e-06,4.239672620087731e-06,-1.8849088996648788,35873374.72181737,82.1328932339349,True
166500.0,4.13922577865002e-06,3.502656738874066e-06,4.111370685677684e-06,-1.940317265689373,35873563.21254151,82.13342978828746,True
166800.0,4.020175093476412e-06,4.104614504285564e-06,3.98073242990904e-06,-1.9953419342637062,35873738.521299474,82.13374035786765,True
167100.0,3.897656921342044e-06,4.685766498369048e-06,3.844537957320426e-06,-2.049465648829937,35873900.66316027,82.13381528514091,True
167400.0,3.7740572253004627e-06,5.263434559310554e-06,3.7046696093057108e-06,-2.101933993399143,35874049.656131946,82.13364523984735,True
167700.0,3.648022234108693e-06,5.8168322425444785e-06,3.5600856875817044e-06,-2.153725750744343,35874185.52292735,82.13322125213195,True
168000.0,3.522405969059888e-06,6.3536165271216305e-06,3.413352118286639e-06,-2.2039575800299644,35874308.2871686,82.13253473047862,True
168300.0,3.3958333819768124e-06,6.8743955239369825e-06,3.2628245918431276e-06,-2.254239320755005,35874417.977546796,82.1315774932865,True
168600.0,3.2677845426541236e-06,7.381593320587854e-06,3.1075595927632094e-06,-2.303458347916603,35874514.62241605,82.13034178693047,True
168900.0,3.1407171945820863e-06,7.864077076646936e-06,2.950300029169739e-06,-2.3517072945833206,35874598.25353664,82.12882030489362,True
169200.0,3.012363796694077e-06,8.32126042382697e-06,2.788392194474909e-06,-2.3982109129428864,35874668.903823316,82.12700621804261,True
169500.0,2.8862077269523237e-06,8.766476639721077e-06,2.6244005368880607e-06,-2.4440817460417747,35874726.609928966,82.12489318420981,True
169800.0,2.7594016848230674e-06,9.191542631015182e-06,2.45505867724205e-06,-2.489600509405136,35874771.40935998,82.12247537838238,True
170100.0,2.6340488801359526e-06,9.585039720150235e-06,2.282816765841744e-06,-2.533045880496502,35874803.33914843,82.11974749917196,True
170400.0,2.5123634428595335e-06,9.969651927121959e-06,2.107652989025155e-06,-2.5755865201354027,35874822.44059421,82.11670479383834,True
170700.0,2.393805137752867e-06,1.0320753176529252e-05,1.929979617898425e-06,-2.617625541985035,35874828.755467646,82.11334307098345,True
171000.0,2.2786800107058563e-06,1.0644791302638623e-05,1.7484311598536806e-06,-2.6590285673737526,35874822.32610432,82.10965871707207,True
171300.0,2.169381383546837e-06,1.0947019973173155e-05,1.5638369319503909e-06,-2.6982482746243477,35874803.19440486,82.10564870543422,True
171600.0,2.067516728907426e-06,1.1227649025613573e-05,1.376230017058333e-06,-2.7363927364349365,35874771.40578795,82.10131061085073,True
171900.0,1.9729743888848867e-06,1.1470326285234478e-05,1.1853564529928917e-06,-2.7735717594623566,35874727.005430475,82.09664261922057,True
172200.0,1.890793523585239e-06,1.1692571007415609e-05,9.934596079119729e-07,-2.810526482760906,35874670.03980058,82.09164353350444,True
172500.0,1.8212332050853353e-06,1.1890157509242272e-05,7.980950300634504e-07,-2.845155254006386,35874600.55309683,82.08631278815733,True
172800.0,1.7647483949096738e-06,1.2046553592881537e-05,5.996040215450194e-07,-2.8795081600546837,35874518.59416621,82.08065044740437,True
173100.0,2.417113772556507e-06,1.488836619500944e-05,1.2760314831439246e-06,-2.5049340054392815,35874423.80153561,82.07465633831062,True
173400.0,2.36843800866826e-06,1.513357398152948e-05,1.1173423075661049e-06,-2.537600614130497,35874317.03902024,82.06833350822535,True
173700.0,2.3283851219306293e-06,1.53713110080389e-05,9.564200382783383e-07,-2.569713741540909,35874197.94675927,82.06168310552648,True
174000.0,2.2924544411897657e-06,1.5563798058337852e-05,7.918730773326388e-07,-2.602070778608322,35874066.57377455,82.05470775340284,True
174300.0,2.2658063846861368e-06,1.5738931381292787e-05,6.262632865627893e-07,-2.632858894765377,35873922.96674779,82.04741070949497,True
174600.0,2.247395950006919e-06,1.588647967309953e-05,4.5891022182331653e-07,-2.6630193069577217,35873767.17537168,82.0397958696861,True
174900.0,2.2366802726741846e-06,1.5999450397430337e-05,2.8938687535173813e-07,-2.6923403665423393,35873599.24844061,82.03186775970187,True
175200.0,2.235579559047555e-06,1.6088092451127523e-05,1.1808745625785377e-07,-2.7212193086743355,35873419.23562108,82.02363152816531,True
175500.0,2.2447411585821673e-06,1.6154508614363294e-05,-5.53377219603135e-08,-2.749572403728962,35873227.18638096,82.01509294033661,True
175800.0,2.2623348015706544e-06,1.6183200898467476e-05,-2.3094894174846559e-07,-2.776568576693535,35873023.14975351,82.00625836783908,True
176100.0,2.2891106319923562e-06,1.6179695762730262e-05,-4.073230996937127e-07,-2.8030058071017265,35872807.17675447,81.99713477685063,True
176400.0,2.3261940250219446e-06,1.6151010356679762e-05,-5.85854792234386e-07,-2.8288102447986603,35872579.31793281,81.98772972045323,True
176700.0,2.3725014680503014e-06,1.609245765621381e-05,-7.651188553836619e-07,-2.8541427925229073,35872339.62453923,81.97805131975689,True
177000.0,2.4291064408430017e-06,1.6014447339784965e-05,-9.453422507021969e-07,-2.8773951828479767,35872088.146594636,81.96810825389615,True
177300.0,2.4932199057427393e-06,1.589929399870016e-05,-1.1262979313642063e-06,-2.900773599743843,35871824.93855638,81.95790974226226,True
177600.0,2.5660587058554392e-06,1.5754370934928374e-05,-1.3093129496155598e-06,-2.9228485450148582,35871550.05196047,81.9474655297231,True
177900.0,2.6469649118223086e-06,1.558629361397834e-05,-1.4922676285777925e-06,-2.944090783596039,35871263.541059956,81.93678586376754,True
178200.0,2.7361792994332067e-06,1.5396922151467152e-05,-1.6763093242389004e-06,-2.9644763991236687,35870965.46054162,81.92588148235633,True
178500.0,2.8310072049483122e-06,1.5166701587077114e-05,-1.861269410596833e-06,-2.9837890341877937,35870655.86594928,81.91476358953616,True
178800.0,2.9325307730876755e-06,1.4907897792681979e-05,-2.0472392350256996e-06,-3.0011407509446144,35870334.81333441,81.90344383633607,True
179100.0,3.0406138528963968e-06,1.4629005306687759e-05,-2.2334260592060673e-06,-3.0187844559550285,35870002.36320715,81.89193429813469,True
179400.0,3.1539259562400615e-06,1.4326662977737215e-05,-2.419205912929101e-06,-3.03388574719429,35869658.57245469,81.88024745348349,True
179700.0,3.271096420766643e-06,1.3995417873502447e-05,-2.6040735008336924e-06,-3.04908849298954,35869303.50506157,81.86839616115397,True
180000.0,3.394027526351956e-06,1.363674880394683e-05,-2.790684717979275e-06,-3.063076913356781,35868937.22283355,81.8563936396737,True
180300.0,3.520501040008773e-06,1.3249511027879635e-05,-2.976726662495821e-06,-3.0755500346422195,35868559.790541284,81.84425343515397,True
180600.0,3.650883530800149e-06,1.2841517587958151e-05,-3.1623154654880636e-06,-3.0866191759705544,35868171.2754933,81.83198940417792,True
180900.0,3.785903801944905e-06,1.2412726221100456e-05,-3.3486679313909917e-06,-3.095955900847912,35867771.746865764,81.81961568756199,True
181200.0,3.923137366332382e-06,1.1958136440171074e-05,-3.5337018999825887e-06,-3.104006052017212,35867361.27710387,81.80714668071248,True
181500.0,4.063203721109549e-06,1.1478877070203453e-05,-3.718282471254497e-06,-3.1119084656238556,35866939.942033224,81.79459701435866,True
181800.0,4.204790614677822e-06,1.0985038159105898e-05,-3.900605591411477e-06,-3.1177849918603897,35866507.81734701,81.78198152321806,True
182100.0,4.3494099899956355e-06,1.045489557327528e-05,-4.083775024810166e-06,-3.122431270778179,35866064.98449797,81.76931522771129,True
182400.0,4.496469584749382e-06,9.919687158799206e-06,-4.265605383579896e-06,-3.125508338212967,35865611.52709501,81.75661329781968,True
182700.0,4.644768447786574e-06,9.360558664184282e-06,-4.446021819148882e-06,-3.127556249499321,35865147.53312469,81.74389103451222,True
183000.0,4.794730053753039e-06,8.781714768701931e-06,-4.62540228340913e-06,-3.1284813061356544,35864673.0936485,81.73116384214627,True
183300.0,4.945436177309562e-06,8.174950778538914e-06,-4.803210515547107e-06,-3.127078801393509,35864188.30253798,81.71844720124142,True
183600.0,5.098205955486316e-06,7.558344350400148e-06,-4.980246643526698e-06,-3.124834857881069,35863693.26048955,81.70575664500304,True
183900.0,5.251693413843254e-06,6.930239720759346e-06,-5.155364732445378e-06,-3.120518408715725,35863188.06983057,81.69310773049781,True
184200.0,5.406883835907621e-06,6.288470586923722e-06,-5.3297731739121446e-06,-3.115549258887768,35862672.84010127,81.68051601763717,True
184500.0,5.561034412946511e-06,5.625871580150488e-06,-5.500953463410951e-06,-3.108710952103138,35862147.68298081,81.66799703805125,True
184800.0,5.71528117779688e-06,4.949765127548744e-06,-5.669959804777136e-06,-3.0998459458351135,35861612.7161944,81.65556627765652,True
185100.0,5.870922404171002e-06,4.256863405771583e-06,-5.838233306576512e-06,-3.090200588107109,35861068.06406837,81.64323914908579,True
185400.0,6.025078887292371e-06,3.5582690429691866e-06,-6.002779272762382e-06,-3.078365571796894,35860513.853678025,81.63103096286753,True
185700.0,6.179670822003184e-06,2.852784632523253e-06,-6.1656657237563195e-06,-3.065209612250328,35859950.21998561,81.61895691334583,True
186000.0,6.333651371919092e-06,2.1226214244052244e-06,-6.32606911210587e-06,-3.050289034843445,35859377.302450344,81.60703204759426,True
186300.0,6.48787545172571e-06,1.3897105759497208e-06,-6.484694864639096e-06,-3.0346769988536835,35858795.2480534,81.595271247183,True
186600.0,6.64209716831945e-06,6.561126610904466e-07,-6.641402919171924e-06,-3.0165597051382065,35858204.207084976,81.58368920365332,True
186900.0,6.7942776123727114e-06,-9.700207215246337e-08,-6.794262745302149e-06,-2.996852144598961,35857604.338944905,81.5723003959474,True
187200.0,6.9466969577073155e-06,-8.535713504898013e-07,-6.945567463390034e-06,-2.9752665236592293,35856995.80838963,81.56111907534522,True
187500.0,7.0956144856199995e-06,-1.6116827055157046e-06,-7.091661174740693e-06,-2.952190063893795,35856378.78758141,81.55015923478116,True
187800.0,7.24570106529405e-06,-2.37932397340046e-06,-7.237239600499379e-06,-2.9276009425520897,35855753.455168046,81.53943460321808,True
188100.0,7.392754915910517e-06,-3.1566110862968344e-06,-7.378116379186395e-06,-2.9021626338362694,35855119.99753267,81.52895860908653,True
188400.0,7.540216319663668e-06,-3.931694777747907e-06,-7.5178862175562244e-06,-2.8734466806054115,35854478.60516311,81.518744378234,True
188700.0,7.684137978239412e-06,-4.715615602890466e-06,-7.652525624735063e-06,-2.8445606529712677,35853829.48141681,81.50880470043671,True
189000.0,7.827619715713973e-06,-5.503469878931355e-06,-7.785227936096817e-06,-2.8136748671531677,35853172.83217467,81.49915202678153,True
189300.0,7.968357385207783e-06,-6.285902543368138e-06,-7.913874199516613e-06,-2.781163528561592,35852508.8730985,81.48979844032799,True
189600.0,8.10854115536785e-06,-7.077356713125482e-06,-8.040471954018358e-06,-2.7460020929574966,35851837.82613356,81.4807556493906,True
189900.0,8.246531874415316e-06,-7.863913936034805e-06,-8.16366132028179e-06,-2.71031853556633,35851159.9241533,81.47203496454804,True
190200.0,8.38159711111182e-06,-8.654645796468685e-06,-8.282559690542257e-06,-2.6724657863378525,35850475.40411321,81.46364728765323,True
190500.0,8.514460056294825e-06,-9.436748200641887e-06,-8.39822736509177e-06,-2.6336450055241585,35849784.51374253,81.4556030991339,True
190800.0,8.645704696611512e-06,-1.023183699544461e-05,-8.510761446700599e-06,-2.5924243181943893,35849087.506118566,81.44791244159435,True
191100.0,8.775624315261087e-06,-1.101966176975111e-05,-8.6209985994401e-06,-2.550562120974064,35848384.645531766,81.44058490869892,True
191400.0,8.90175356142176e-06,-1.1806000827618846e-05,-8.726320587015834e-06,-2.5065270736813545,35847676.20103361,81.43362962883558,True
191700.0,9.025903400954683e-06,-1.2583712020841631e-05,-8.828826338458384e-06,-2.460340790450573,35846962.45129282,81.42705526182355,True
192000.0,9.148615172866653e-06,-1.3368735380936414e-05,-8.92860509793536e-06,-2.4133729115128517,35846243.68438907,81.4208699814021,True
192300.0,9.267356364932255e-06,-1.4142037855435774e-05,-9.02370994992907e-06,-2.3644905611872673,35845520.19394614,81.4150814650953,True
192600.0,9.384546573875368e-06,-1.4906691887972556e-05,-9.116580415025055e-06,-2.3139472007751465,35844792.28298908,81.40969689120894,True
192900.0,9.499794073164968e-06,-1.5678503672234e-05,-9.206271599282445e-06,-2.2616838067770004,35844060.26219808,81.40472292230969,True
193200.0,9.611149113748455e-06,-1.6430524880206576e-05,-9.291815587175734e-06,-2.2078743800520897,35843324.45039068,81.40016570051546,True
193500.0,9.720029426358296e-06,-1.7178477662582736e-05,-9.374126008765415e-06,-2.153020143508911,35842585.17453677,81.39603084200589,True
193800.0,9.82605363168148e-06,-1.7920417377581543e-05,-9.452915392671457e-06,-2.09670427441597,35841842.768417835,81.39232342722295,True
194100.0,9.928242135920403e-06,-1.8649752291821642e-05,-9.527482461635373e-06,-2.0387432277202606,35841097.57366638,81.38904799561496,True
194400.0,1.0027455361126538e-05,-1.9363635146874003e-05,-9.59890333263047e-06,-1.9789233580231667,35840349.939374246,81.38620854245994,True
194700.0,1.012421198568625e-05,-2.0068700564479514e-05,-9.667475893593291e-06,-1.9178048595786095,35839600.22275185,81.38380851161679,True
195000.0,1.0217954727509562e-05,-2.0772631728505075e-05,-9.732285690233766e-06,-1.8560649752616882,35838848.78830996,81.38185079106842,True
195300.0,1.0307256701152512e-05,-2.145070860137821e-05,-9.79305033865785e-06,-1.7914056777954102,35838096.00458963,81.38033771141609,True
195600.0,1.0393135980311463e-05,-2.2120974421113715e-05,-9.850018429347074e-06,-1.727344587445259,35837342.25275887,81.37927104310029,True
195900.0,1.047410983632315e-05,-2.2771788394493342e-05,-9.902245253101682e-06,-1.6605396047234535,35836587.91372668,81.37865199266697,True
196200.0,1.0552647601515018e-05,-2.3417079376031325e-05,-9.951663813012601e-06,-1.5930077210068703,35835833.380135074,81.37848120549998,True
196500.0,1.0626592426179483e-05,-2.4034510431647504e-05,-9.997207087053539e-06,-1.5254939869046211,35835079.049485296,81.37875875927713,True
196800.0,1.0696665565183169e-05,-2.4643308762506422e-05,-1.0038660278155476e-05,-1.4552958756685257,35834325.321703576,81.37948416782112,True
197100.0,1.0762433569711788e-05,-2.5242678049153255e-05,-1.0075620295424415e-05,-1.3844714909791946,35833572.60707518,81.38065638073272,True
197400.0,1.0823483478120631e-05,-2.5814882576469245e-05,-1.0108675326137018e-05,-1.3136962950229645,35832821.31981175,81.38227378591226,True
197700.0,1.0881465276181159e-05,-2.637015040818369e-05,-1.0139064116287955e-05,-1.2412301301956177,35832071.87671416,81.38433421123081,True
198000.0,1.093515650698976e-05,-2.6909249925211043e-05,-1.0165468523837262e-05,-1.1678278967738152,35831324.70176421,81.38683492400813,True
198300.0,1.0982487875317483e-05,-2.743193130072541e-05,-1.0185701626141963e-05,-1.0944490134716034,35830580.223501265,81.38977263605786,True
198600.0,1.102573100344838e-05,-2.793669256107023e-05,-1.0202323124985924e-05,-1.0190720558166504,35829838.87149022,81.3931435133324,True
198900.0,1.1066035324711122e-05,-2.8425421845668097e-05,-1.0216492668746469e-05,-0.9447103664278984,35829101.0839773,81.39694317448225,True
199200.0,1.1100233163141594e-05,-2.8884807989015826e-05,-1.022564561026229e-05,-0.8684498444199562,35828367.29655535,81.40116669391205,True
199500.0,1.11298735629551e-05,-2.9335251042539312e-05,-1.0230205006678261e-05,-0.7932562455534935,35827637.95358668,81.4058086145488,True
199800.0,1.1154673684345279e-05,-2.9766072771053587e-05,-1.023055487792135e-05,-0.7165063992142677,35826913.49633793,81.41086295155104,True
200100.0,1.117656376979892e-05,-3.018354428263592e-05,-1.0228415916913036e-05,-0.6396461203694344,35826194.37223116,81.41632320109845,True
200400.0,1.1191784008846519e-05,-3.057229082514823e-05,-1.0220714344200132e-05,-0.5633922442793846,35825481.02962842,81.42218234235526,True
200700.0,1.120375736048778e-05,-3.094682838877816e-05,-1.0210258167830943e-05,-0.48639383912086487,35824773.916066095,81.4284328569205,True
201000.0,1.1208703977709202e-05,-3.12935600277342e-05,-1.01938336740659e-05,-0.40938226878643036,35824073.4819693,81.43506672638361,True
201300.0,1.1211360885237602e-05,-3.163357712310244e-05,-1.0175228666753355e-05,-0.3329743668437004,35823380.17801089,81.44207545548429,True
201600.0,1.1208369702842305e-05,-3.194445338294827e-05,-1.0152299140031573e-05,-0.2556820437312126,35822694.4526699,81.4494500700011,True
201900.0,1.1200498508047473e-05,-3.224162304604761e-05,-1.0124838851766071e-05,-0.1800619512796402,35822016.75792314,81.45718113612465,True
202200.0,1.1188370942206403e-05,-3.2522117351163615e-05,-1.009374899751947e-05,-0.10314847528934479,35821347.539214276,81.46525877180879,True
202500.0,1.1172317574993777e-05,-3.2781966694983566e-05,-1.0059689543595596e-05,-0.02754131704568863,35820687.24607261,81.4736726582863,True
202800.0,1.1150905228813893e-05,-3.302965865259466e-05,-1.0020469233040785e-05,0.04875526577234268,35820036.32147911,81.4824120510004,True
203100.0,1.1125841029177073e-05,-3.325350331806476e-05,-9.978834057733366e-06,0.12401110678911209,35819395.20971126,81.49146580160627,True
203400.0,1.1096248772563854e-05,-3.346303813600571e-05,-9.933125795669184e-06,0.19860722869634628,35818764.35002701,81.50082236351636,True
203700.0,1.106131319448581e-05,-3.365509587638371e-05,-9.882664173233024e-06,0.27273795008659363,35818144.17848161,81.51046981283561,True
204000.0,1.1023292039416195e-05,-3.383137263313074e-05,-9.829850938558593e-06,0.34618286043405533,35817535.127674356,81.52039586667588,True
204300.0,1.0981296521230166e-05,-3.399217843025326e-05,-9.773671209245549e-06,0.41906485706567764,35816937.6255087,81.53058789352595,True
204600.0,1.0934605149605874e-05,-3.413786390638052e-05,-9.713285891166379e-06,0.4908325746655464,35816352.09572919,81.54103293435466,True
204900.0,1.0883478893293763e-05,-3.42657759517806e-05,-9.649186154092604e-06,0.562984824180603,35815778.954717964,81.55171772191389,True
205200.0,1.0830300753149752e-05,-3.438569217451004e-05,-9.583308596461393e-06,0.6332112848758698,35815218.61687766,81.56262869962666,True
205500.0,1.0771539197542302e-05,-3.448770735303697e-05,-9.512421598856236e-06,0.703598327934742,35814671.48595255,81.57375203436045,True
205800.0,1.0710224295368922e-05,-3.4570419927604235e-05,-9.440062413546002e-06,0.7724338248372078,35814137.96275498,81.58507364834762,True
206100.0,1.0645453216674683e-05,-3.465274389213846e-05,-9.36372128990115e-06,0.8415404781699181,35813618.43736836,81.59657922693644,True
206400.0,1.0576485344676646e-05,-3.4714544909775213e-05,-9.284128424269511e-06,0.908723808825016,35813113.29624139,81.60825424901059,True
206700.0,1.0505358170545879e-05,-3.4765121881719097e-05,-9.202864262647381e-06,0.9761385098099709,35812622.91337065,81.62008400627472,True
207000.0,1.0429830757418364e-05,-3.479536974282382e-05,-9.118098844851374e-06,1.041896753013134,35812147.65824863,81.63205362119227,True
207300.0,1.0349974858672838e-05,-3.4819493293980486e-05,-9.028754831774677e-06,1.1065214723348618,35811687.888975106,81.64414807384644,True
207600.0,1.0268605586074995e-05,-3.484067786985179e-05,-8.937775348272226e-06,1.1708667278289795,35811243.95391032,81.65635222837571,True
207900.0,1.018345735872465e-05,-3.484596706471166e-05,-8.843607758990402e-06,1.2348220944404602,35810816.19255393,81.66865084806943,True
208200.0,1.0095603469701725e-05,-3.483382221247666e-05,-8.747609996362371e-06,1.29693091660738,35810404.93552041,81.68102862679865,True
208500.0,1.0005212578763484e-05,-3.482151012690338e-05,-8.648528009302936e-06,1.3582675904035568,35810010.50026641,81.69347020789414,True
208800.0,9.911423223097907e-06,-3.479405071971087e-05,-8.546599531200627e-06,1.419419802725315,35809633.19372507,81.70596021299347,True
209100.0,9.815323905961914e-06,-3.476901537169397e-05,-8.441578899009983e-06,1.4793737977743149,35809273.313049324,81.71848326511142,True
209400.0,9.716920011526807e-06,-3.472219259492704e-05,-8.335519254387691e-06,1.5384384095668793,35808931.14232956,81.73102401673033,True
209700.0,9.614632440033816e-06,-3.4674827588787593e-05,-8.224740881246362e-06,1.5959047079086304,35808606.954589106,81.74356716729213,True
210000.0,9.511255289381795e-06,-3.4622900670910894e-05,-8.112820054861913e-06,1.6533034667372704,35808301.008195706,81.75609750188272,True
210300.0,9.405018686273075e-06,-3.4556801665530656e-05,-7.99851008537189e-06,1.7093528509140015,35808013.551597364,81.7685999049718,True
210600.0,9.295574996876225e-06,-3.448026126307013e-05,-7.881055083203137e-06,1.7644074484705925,35807744.8185718,81.7810593916135,True
210900.0,9.18506246859808e-06,-3.440682553446095e-05,-7.761734849509594e-06,1.8183995336294174,35807495.02999893,81.79346113489599,True
211200.0,9.072497731353012e-06,-3.432341009101947e-05,-7.640534406050392e-06,1.8726826608181,35807264.39174698,81.80579048847677,True
211500.0,8.956845630419055e-06,-3.42413738110281e-05,-7.515153583881329e-06,1.9246133118867874,35807053.09983635,81.81803301135828,True
211800.0,8.839733838023691e-06,-3.414235411014488e-05,-7.389183878103722e-06,1.9773358702659607,35806861.33041694,81.8301745016734,True
212100.0,8.720944809455381e-06,-3.4051578836624685e-05,-7.259990084662604e-06,2.0275237038731575,35806689.251806006,81.84220100995829,True
212400.0,8.599378398399957e-06,-3.394236983922383e-05,-7.128714187842888e-06,2.077346056699753,35806537.012317136,81.8540988742576,True
212700.0,8.476031002925472e-06,-3.3837714511264494e-05,-6.994328856535503e-06,2.127084083855152,35806404.74745754,81.86585473893592,True
213000.0,8.35152025254747e-06,-3.373542628537507e-05,-6.857718844344163e-06,2.175038531422615,35806292.579851076,81.8774555830987,True
213300.0,8.225716484039228e-06,-3.361754909292358e-05,-6.720444005736681e-06,2.2222399562597275,35806200.61437638,81.8888887432111,True
213600.0,8.098475874551847e-06,-3.351050634137209e-05,-6.579657025440611e-06,2.269049294292927,35806128.94143245,81.90014193132274,True
213900.0,7.968798736175127e-06,-3.33953494191519e-05,-6.435939198468077e-06,2.314678892493248,35806077.637301825,81.91120326559019,True
214200.0,7.838774006171673e-06,-3.327562444610521e-05,-6.291454553775111e-06,2.358842432498932,35806046.76240259,81.92206129042951,True
214500.0,7.706431742064861e-06,-3.315495069955432e-05,-6.143304347006051e-06,2.4025232195854187,35806036.36044033,81.93270499111524,True
214800.0,7.5726841239366215e-06,-3.303200998061584e-05,-5.992662153175843e-06,2.445116601884365,35806046.461204,81.94312382333611,True
215100.0,7.439367788645668e-06,-3.29184671272742e-05,-5.840476759999547e-06,2.4870418086647987,35806077.0779103,81.95330772842775,True
215400.0,7.304259085179894e-06,-3.2792300658002205e-05,-5.686238139901434e-06,2.5282483100891113,35806128.20867171,81.96324715071603,True
215700.0,7.1695034754175175e-06,-3.2675016825578496e-05,-5.530181610424734e-06,2.568395122885704,35806199.836309694,81.97293305727969,True
216000.0,7.032081302771095e-06,-3.2547737419008627e-05,-5.370412509364542e-06,2.606709271669388,35806291.92850639,81.98235695155496,True
216300.0,6.896596750480115e-06,-3.243605641500835e-05,-5.209779558867922e-06,2.6453458070755005,35806404.43447298,81.99151089554987,True
216600.0,6.760016304386393e-06,-3.2316337922111416e-05,-5.046946014886089e-06,2.6822064220905304,35806537.29217671,82.0003875150663,True
216900.0,6.622612672987589e-06,-3.2197624648233614e-05,-4.880983411226225e-06,2.7178596556186676,35806690.42148428,82.00898001719409,True
217200.0,6.486102514100535e-06,-3.208120330100428e-05,-4.713829852676099e-06,2.752420090138912,35806863.72736339,82.01728220437796,True
217500.0,6.349334035419838e-06,-3.1966400626970426e-05,-4.543761974673544e-06,2.7858536541461945,35807057.09967548,82.02528847815766,True
217800.0,6.214913460131876e-06,-3.186423839451891e-05,-4.372630712623504e-06,2.8183703273534775,35807270.41289799,82.03299385528817,True
218100.0,6.080255137947576e-06,-3.175619966100385e-05,-4.199052114017832e-06,2.8502006605267525,35807503.52647968,82.04039396840079,True
218400.0,5.946885688605356e-06,-3.1651393442189146e-05,-4.023606365421983e-06,2.880513444542885,35807756.28607112,82.04748507722339,True
218700.0,5.814391233360763e-06,-3.1549820164400444e-05,-3.8452886172990475e-06,2.9099914878606796,35808028.521113515,82.05426406957353,True
219000.0,5.685006043258116e-06,-3.145173639040877e-05,-3.6670183760634245e-06,2.9382872357964516,35808320.04756342,82.06072846991646,True
219300.0,5.557354873210531e-06,-3.136043653739762e-05,-3.4857127531040533e-06,2.9640226885676384,35808630.66808888,82.06687643097393,True
219600.0,5.432002978135462e-06,-3.127252375634271e-05,-3.302232769897273e-06,2.9895002096891403,35808960.1675701,82.07270674367942,True
219900.0,5.310625333119314e-06,-3.1198131978271704e-05,-3.116856703400117e-06,3.0144071131944656,35809308.31962117,82.07821883113677,True
220200.0,5.192547732635083e-06,-3.111786861609289e-05,-2.931479002654669e-06,3.037206843495369,35809674.88543977,82.08341274777484,True
220500.0,5.078510421219088e-06,-3.104823946387114e-05,-2.74349716278266e-06,3.05817923694849,35810059.611022286,82.08828916866736,True
220800.0,4.96897209065028e-06,-3.098059633543926e-05,-2.554704224166926e-06,3.0789630189538,35810462.227890246,82.09284939235408,True
221100.0,4.864589910726356e-06,-3.0921722412813324e-05,-2.3639672406261525e-06,3.0974545031785965,35810882.458474256,82.09709532595508,True
221400.0,4.7644637303534645e-06,-3.086123956563824e-05,-2.170869223050431e-06,3.1146442517638206,35811320.00957288,82.10102947977921,True
221700.0,4.671443707697359e-06,-3.0807825112333376e-05,-1.978257614609902e-06,3.1306568384170532,35811774.57662109,82.10465495940478,True
222000.0,4.586150952168894e-06,-3.076969420590103e-05,-1.7841328912027166e-06,3.1453496664762497,35812245.843411855,82.10797544569374,True
222300.0,4.505901047583371e-06,-3.072245772273163e-05,-1.5880130774803547e-06,3.158052407205105,35812733.48268873,82.11099518791406,True
222600.0,4.434461307322205e-06,-3.0687745436353e-05,-1.3911931944221578e-06,3.1693997755646706,35813237.15465665,82.11371898943955,True
222900.0,4.3714970643962665e-06,-3.065783351985374e-05,-1.1942995286062796e-06,3.1796247363090515,35813756.50904263,82.1161521894686,True
223200.0,4.317869126199797e-06,-3.06379321273198e-05,-9.964303586684764e-07,3.1876406967639923,35814291.18637828,82.11830064510627,True
223500.0,4.272695615861627e-06,-3.061832333628445e-05,-7.973119267035145e-07,3.1948185935616493,35814840.81459683,82.1201707153008,True
223800.0,4.23724591440355e-06,-3.060428335288634e-05,-5.977325798767197e-07,3.1998650580644608,35815405.01453857,82.12176924195083,True
224100.0,4.211804298401416e-06,-3.059569405650109e-05,-3.976460334342846e-07,3.2036246061325073,35815983.39554097,82.12310352763886,True
224400.0,4.1965072395513745e-06,-3.059193301169216e-05,-1.964735787396421e-07,3.2047587633132935,35816575.560160235,82.12418131458834,True
224700.0,4.193424359561801e-06,-3.060620446149187e-05,4.404597575558e-09,3.205607756972313,35817181.0987178,82.12501076490238,True
225000.0,4.1985596441743105e-06,-3.060946238520046e-05,2.0491097529884428e-07,3.2034293338656425,35817799.59847709,82.1256004342112,True
225300.0,4.214867084639526e-06,-3.062306291212735e-05,4.06390441298754e-07,3.2000183314085007,35818430.63444598,82.12595924769249,True
225600.0,4.23951564510891e-06,-3.062738116454966e-05,6.076082570416474e-07,3.195591263473034,35819073.77592041,82.12609647952537,True
225900.0,4.276192511761469e-06,-3.065313291017446e-05,8.071981625334956e-07,3.1890692487359047,35819728.58663512,82.12602172527261,True
226200.0,4.321340920688705e-06,-3.06729791361704e-05,1.0077989003320909e-06,3.17948941886425,35820394.623790845,82.12574487202815,True
226500.0,4.3751968098946834e-06,-3.0691884177258544e-05,1.2083679195029617e-06,3.169755235314369,35821071.43474691,82.12527607992195,True
226800.0,4.438644073643118e-06,-3.0720408773277086e-05,1.4083953630006363e-06,3.157373793423176,35821758.566730745,82.12462575132709,True
227100.0,4.5086388565488865e-06,-3.074346787457216e-05,1.606099246487247e-06,3.142795003950596,35822455.558948524,82.12380450576242,True
227400.0,4.586819706535288e-06,-3.077177805721476e-05,1.8037573283891106e-06,3.1275058314204216,35823161.94494359,82.12282314741456,True
227700.0,4.671909077904257e-06,-3.079998327848443e-05,2.000914548716537e-06,3.1095065772533417,35823877.25757458,82.1216926446061,True
228000.0,4.763716431039294e-06,-3.083003309711785e-05,2.197591712160829e-06,3.0893249809741974,35824601.02345736,82.12042409915625,True
228300.0,4.8607640440823194e-06,-3.0860530898735306e-05,2.3920248963804625e-06,3.0675970539450645,35825332.7658411,82.11902872117551,True
228600.0,4.962851336342722e-06,-3.0886710931099515e-05,2.58600529434716e-06,3.0439790934324265,35826072.00615316,82.1175177962928,True
228900.0,5.070206898031343e-06,-3.0920415952095937e-05,2.7781332931908764e-06,3.0190743058919907,35826818.26252925,82.11590266506039,True
229200.0,5.1796547140939304e-06,-3.09410645513708e-05,2.967837588130351e-06,2.991393618285656,35827571.05330841,82.114194691755,True
229500.0,5.293198778834924e-06,-3.095947707265623e-05,3.1571504734984046e-06,2.96257321536541,35828329.892269686,82.1124052356444,True
229800.0,5.4106412806830755e-06,-3.098851368577016e-05,3.344000106153544e-06,2.9316215813159943,35829094.29483717,82.11054563101078,True
230100.0,5.5292819566214095e-06,-3.1000735845054805e-05,3.529480252950634e-06,2.8975153788924217,35829863.77593369,82.10862715353193,True
230400.0,5.64878376463301e-06,-3.1009259487291274e-05,3.7113462667548447e-06,2.8632308915257454,35830637.84639533,82.10666100082516,True
230700.0,5.771541161277916e-06,-3.1016025559438276e-05,3.893450525538356e-06,2.82592836022377,35831416.023229584,82.10465825748379,True
231000.0,5.894754805022323e-06,-3.102637563756616e-05,4.071242159398025e-06,2.7872010096907616,35832197.81980419,82.10262988453592,True
231300.0,6.016980523427899e-06,-3.1018284545325514e-05,4.246300818522286e-06,2.7463454455137253,35832982.7530096,82.10058668040045,True
231600.0,6.14152422673582e-06,-3.101711013187014e-05,4.420107600822121e-06,2.7032330930233,35833770.340815075,82.09853926317255,True
231900.0,6.2645307567082755e-06,-3.0995143760037536e-05,4.591274105791854e-06,2.659093663096428,35834560.101906486,82.09649805006535,True
232200.0,6.387755571046345e-06,-3.0972204740464804e-05,4.759886024885418e-06,2.6124914214015007,35835351.560124874,82.09447323038326,True
232500.0,6.509754784034115e-06,-3.0945711785079766e-05,4.924624960267465e-06,2.5634415298700333,35836144.24075773,82.09247474639893,True
232800.0,6.630472937228051e-06,-3.0905013005622095e-05,5.086936411657916e-06,2.513714984059334,35836937.67063413,82.09051226789755,True
233100.0,6.749328070310022e-06,-3.0853922879714446e-05,5.2457835408858955e-06,2.460911199450493,35837731.38444398,82.08859517687834,True
233400.0,6.868060208264675e-06,-3.0806907545866125e-05,5.401997398735148e-06,2.407378137111664,35838524.916201286,82.086732543429,True
233700.0,6.983043057990908e-06,-3.0739373130472814e-05,5.553818851922188e-06,2.3519698157906532,35839317.807860844,82.08493311120311,True
234000.0,7.097478326503684e-06,-3.066537595941554e-05,5.703914254695519e-06,2.2941190749406815,35840109.60561017,82.0832052722408,True
234300.0,7.2081188215512245e-06,-3.056685432056838e-05,5.850173337762499e-06,2.234400175511837,35840899.85966157,82.08155705884454,True
234600.0,7.316932067740523e-06,-3.046979833243313e-05,5.992543094635039e-06,2.173349343240261,35841688.125776,82.0799961202752,True
234900.0,7.424400415810294e-06,-3.0363927010057523e-05,6.132751380505397e-06,2.109900511801243,35842473.96716084,82.07852970743139,True
235200.0,7.526078169202373e-06,-3.0230993104396475e-05,6.267201811738232e-06,2.0448631644248962,35843256.95131431,82.0771646652455,True
235500.0,7.6270885351319786e-06,-3.0096690181835584e-05,6.39976224192651e-06,1.9784031435847282,35844036.652855515,82.0759074060874,True
235800.0,7.723871904468586e-06,-2.9936851831280364e-05,6.528411873318873e-06,1.9097836911678314,35844812.65408212,82.07476391022483,True
236100.0,7.816414365319842e-06,-2.9766808893327834e-05,6.65184003878494e-06,1.8397648856043816,35845584.54285763,82.07373970725263,True
236400.0,7.906144089888084e-06,-2.9588626603072044e-05,6.7716405425244375e-06,1.7687547132372856,35846351.91473432,82.07283986286508,True
236700.0,7.993090214218748e-06,-2.939112295052837e-05,6.888822767336933e-06,1.695391483604908,35847114.37463189,82.07206897225119,True
237000.0,8.073977633087532e-06,-2.9168745697916165e-05,7.000046593930165e-06,1.62065689265728,35847871.53297262,82.0714311547135,True
237300.0,8.151521704186943e-06,-2.8927393969979676e-05,7.107997802791033e-06,1.5442141443490982,35848623.00957777,82.07093003510654,True
237600.0,8.22337288517007e-06,-2.8672326976675322e-05,7.209601065483184e-06,1.4663724601268768,35849368.43192426,82.0705687483965,True
237900.0,8.292217837490062e-06,-2.8398800452578143e-05,7.308324398991317e-06,1.3873319551348686,35850107.436106995,82.07034992109291,True
238200.0,8.355590261610225e-06,-2.810039202927328e-05,7.401838743703593e-06,1.3062235787510872,35850839.667992264,82.0702756782993,True
238500.0,8.413767322631023e-06,-2.7786211035163433e-05,7.489810158745058e-06,1.2248863875865936,35851564.77961959,82.07034763160173,True
238800.0,8.468150556165898e-06,-2.746075585946528e-05,7.573529174464966e-06,1.1408464536070824,35852282.436387785,82.0705668760934,True
239100.0,8.516581159089478e-06,-2.710457727062021e-05,7.651933159991131e-06,1.0563682690262794,35852992.30815395,82.07093399198781,True
239400.0,8.557897862393837e-06,-2.6721863321199635e-05,7.723425653693994e-06,0.971069946885109,35853694.076754466,82.07144904141157,True
239700.0,8.596535775418023e-06,-2.6337728456837795e-05,7.791284488689598e-06,0.884497657418251,35854387.43355196,82.072111562587,True
240000.0,8.628643899569737e-06,-2.5914815211081077e-05,7.853672073565576e-06,0.7972523644566536,35855072.078415684,82.0729205803938,True
240300.0,8.654816313184772e-06,-2.5477190689571216e-05,7.909692314456152e-06,0.7092926055192947,35855747.72151097,82.07387460186627,True
240600.0,8.675864734360908e-06,-2.501933232679221e-05,7.960585989508218e-06,0.6195217669010162,35856414.08379003,82.07497161752713,True
240900.0,8.690554752109787e-06,-2.454755065173231e-05,8.004632590541405e-06,0.5292162150144577,35857070.89362704,82.07620910999547,True
241200.0,8.700695113404387e-06,-2.4048374228868852e-05,8.044581349508917e-06,0.43916740268468857,35857717.889725015,82.07758405104315,True
241500.0,8.70255424694894e-06,-2.352463124566384e-05,8.076197701711862e-06,0.3484283462166786,35858354.822403915,82.07909291850876,True
241800.0,8.700454604699835e-06,-2.298617329188346e-05,8.103588925223448e-06,0.25613443553447723,35858981.45180002,82.08073168740185,True
242100.0,8.69021050008427e-06,-2.2419751132929377e-05,8.12295751018155e-06,0.16485398262739182,35859597.54452182,82.08249585355145,True
242400.0,8.675404217574987e-06,-2.1838118613004553e-05,8.137446187106434e-06,0.07196148484945297,35860202.88226882,82.08438042712419,True
242700.0,8.654579744103786e-06,-2.124649540746759e-05,8.145235526058059e-06,-0.020375698804855347,35860797.251823574,82.0863799538461,True
243000.0,8.62766260330437e-06,-2.0625386270012314e-05,8.147203530484148e-06,-0.112940214574337,35861380.45275932,82.08848851761928,True
243300.0,8.594493787111492e-06,-1.9993317096123064e-05,8.142254131371374e-06,-0.20537766814231873,35861952.29330482,82.09069975641242,True
243600.0,8.55519929225205e-06,-1.9334847479512973e-05,8.131228071306396e-06,-0.29745790362358093,35862512.59154412,82.09300687050576,True
243900.0,8.51059986721756e-06,-1.8674721161460184e-05,8.113849190749534e-06,-0.39058874547481537,35863061.17685615,82.09540263862961,True
244200.0,8.460039358443219e-06,-1.79869920202691e-05,8.090560513096534e-06,-0.4819389805197716,35863597.88395108,82.09787943013293,True
244500.0,8.401995918933293e-06,-1.728084629348814e-05,8.059328408194233e-06,-0.5743489488959312,35864122.562682055,82.10042922308574,True
244800.0,8.33881244043494e-06,-1.656462006849324e-05,8.022239541105591e-06,-0.6649819612503052,35864635.06658603,82.1030436134833,True
245100.0,8.270864679186236e-06,-1.5834097041533823e-05,7.979829945270467e-06,-0.7555854767560959,35865135.263022915,82.105713837598,True
245400.0,8.195046066436087e-06,-1.5089916956867455e-05,7.928828125614018e-06,-0.8462760299444199,35865623.02682718,82.10843079177424,True
245700.0,8.115452625777607e-06,-1.4337401012198825e-05,7.873261026247746e-06,-0.9358277097344398,35866098.24045267,82.11118503970484,True
246000.0,8.030412506809899e-06,-1.3565053961883677e-05,7.811759388687278e-06,-1.0245739817619324,35866560.79672023,82.11396684433281,True
246300.0,7.939078131181774e-06,-1.279681697496926e-05,7.74263753555715e-06,-1.112990990281105,35867010.59723709,82.11676618277396,True
246600.0,7.841850119690809e-06,-1.2013195998861192e-05,7.666924574323275e-06,-1.199836626648903,35867447.55036268,82.11957276406541,True
246900.0,7.741169726148237e-06,-1.1211070614081109e-05,7.587139336351356e-06,-1.285473220050335,35867871.574349046,82.12237605192074,True
247200.0,7.63334494188629e-06,-1.0412679159799154e-05,7.4988443827805895e-06,-1.3712154775857925,35868282.596498184,82.12516529542043,True
247500.0,7.521732213547003e-06,-9.607597007743607e-06,7.405736695886844e-06,-1.4548971131443977,35868680.54853007,82.12792953685634,True
247800.0,7.404754152046674e-06,-8.806934459926197e-06,7.305918032329828e-06,-1.5384190529584885,35869065.373924874,82.13065764904779,True
248100.0,7.282940513051857e-06,-7.99134573981064e-06,7.200341002544519e-06,-1.6204710081219673,35869437.02043157,82.13333835109802,True
248400.0,7.15744202362956e-06,-7.175693269800831e-06,7.089784787694953e-06,-1.7012356221675873,35869795.44455275,82.13596023619698,True
248700.0,7.02704404126482e-06,-6.365946319419891e-06,6.9728892668763365e-06,-1.7810148745775223,35870140.60994597,82.13851179889953,True
249000.0,6.89112744979901e-06,-5.550323635361565e-06,6.849209029269332e-06,-1.8589454293251038,35870472.48590863,82.14098145787209,True
249300.0,6.752031424083102e-06,-4.736700532248506e-06,6.720914683455703e-06,-1.9366289600729942,35870791.05077298,82.14335758043248,True
249600.0,6.608816224579218e-06,-3.927611544440879e-06,6.58698508004818e-06,-2.0124337896704674,35871096.28596858,82.14562851498853,True
249900.0,6.461690758431217e-06,-3.1208970767693245e-06,6.44760842760661e-06,-2.0868760496377945,35871388.18116035,82.1477826136041,True
250200.0,6.31143101814017e-06,-2.329960977931478e-06,6.30340294094367e-06,-2.1601766645908356,35871666.73155958,82.14980826002524,True
250500.0,6.157049545801815e-06,-1.533574732093257e-06,6.15348731969334e-06,-2.231823109090328,35871931.937237225,82.15169389907797,True
250800.0,5.9980826753662775e-06,-7.535992381235701e-07,5.99720026173145e-06,-2.3028732761740685,35872183.80517741,82.15342806257628,True
251100.0,5.836800026323782e-06,2.2810979771747952e-08,5.836799203962073e-06,-2.3713197261095047,35872422.34438997,82.15499939434687,True
251400.0,5.672507805996824e-06,7.773196841753816e-07,5.671515836525032e-06,-2.438933975994587,35872647.57250239,82.15639668392815,True
251700.0,5.504976219816671e-06,1.52880133441613e-06,5.501022471321448e-06,-2.505723051726818,35872859.50996381,82.15760889081645,True
252000.0,5.334421454825259e-06,2.260349901916925e-06,5.325500254116378e-06,-2.5706868544220924,35873058.180550344,82.15862517200644,True
252300.0,5.162178093161266e-06,2.9877493261665222e-06,5.146062719063593e-06,-2.634137086570263,35873243.61343268,82.15943490899382,True
252600.0,4.985869452556987e-06,3.68748476375913e-06,4.9604322072127616e-06,-2.6952036395668983,35873415.84043329,82.16002773926952,True
252900.0,4.80801806185636e-06,4.369610394405754e-06,4.770933031750246e-06,-2.75607031583786,35873574.90001441,82.16039357517374,True
253200.0,4.629469897435281e-06,5.0430030000825354e-06,4.578083149908707e-06,-2.8147960230708122,35873720.82985474,82.16052263674639,True
253500.0,4.448915251434182e-06,5.692371246368566e-06,4.380637761869366e-06,-2.872683823108673,35873853.6739769,82.16040547764459,True
253800.0,4.2657783396051874e-06,6.318311989161884e-06,4.177806019356467e-06,-2.9295147731900215,35873973.4777437,82.16003300833694,True
254100.0,4.082713278867833e-06,6.919452971487772e-06,3.972094418713823e-06,-2.9841443970799446,35874080.288221136,82.15939651803835,True
254400.0,3.898993513095435e-06,7.5044502239052235e-06,3.762162549492132e-06,-3.0370724126696587,35874174.15651959,82.15848770592473,True
254700.0,3.7140175910812253e-06,8.064728518775155e-06,3.5472393022928372e-06,-3.0892908200621605,35874255.13641879,82.15729870001145,True
255000.0,3.5307739534722556e-06,8.595144862511006e-06,3.3302093243037234e-06,-3.139946788549423,35874323.28181315,82.15582207650591,True
255300.0,3.348091164117275e-06,9.094770916817652e-06,3.109392807232325e-06,-3.1887184232473373,35874378.64887667,82.1540508895416,True
255600.0,3.165864553154144e-06,9.566126834670285e-06,2.8838342984727205e-06,-3.2361803129315376,35874421.29622405,82.15197868640996,True
255900.0,2.9864167991117427e-06,1.0013271747766339e-05,2.654831234849553e-06,-3.2822048515081406,35874451.283115014,82.14959952549425,True
256200.0,2.812140887640898e-06,1.0437058961088042e-05,2.4237390192638486e-06,-3.327787719666958,35874468.6710904,82.14690799679776,True
256500.0,2.6419708304851586e-06,1.0829433506387431e-05,2.1883639931274956e-06,-3.371196396648884,35874473.51993936,82.14389924270121,True
256800.0,2.4774405804536476e-06,1.1177272085660661e-05,1.9497841208249156e-06,-3.4121595472097397,35874465.89171586,82.14056896705188,True
257100.0,2.3230270334111834e-06,1.1504795963901415e-05,1.708567069158562e-06,-3.4526425153017044,35874445.851350255,82.13691345355568,True
257400.0,2.180989722539187e-06,1.1802483925293927e-05,1.4652576822982155e-06,-3.491707794368267,35874413.46135498,82.13292957855784,True
257700.0,2.052584387532061e-06,1.2059668904385035e-05,1.2187782090222754e-06,-3.5290497317910194,35874368.785213955,82.12861482452283,True
258000.0,1.9432625620554176e-06,1.229104020694649e-05,9.693260807353e-07,-3.56431495398283,35874311.88656772,82.12396728758837,True
258300.0,1.8553188139260459e-06,1.2477214966111205e-05,7.178227861004416e-07,-3.599477656185627,35874242.83146351,82.11898568710393,True
258600.0,1.7948570807757057e-06,1.2634840402370173e-05,4.6489671490235196e-07,-3.63221587985754,35874161.6816168,82.1136693741483,True
258900.0,1.7638233628089226e-06,1.2755417799326096e-05,2.090224455741918e-07,-3.663480721414089,35874068.501876324,82.10801833937461,True
259200.0,1.7661147209431442e-06,1.2848102585394372e-05,-4.8449976475239964e-08,-3.6934396848082542,35873963.35607434,82.1020332124324,True
432000.0,0.045847029732798084,0.05571183180697403,0.04520698087156916,5664.269326210022,35867761.61293727,82.10146998360969,True
432300.0,0.046212513461612904,0.058204124856445105,0.04551782979083896,5596.44206803292,35867664.56318507,82.09423673997277,True
432600.0,0.046573510856560675,0.06071534465269224,0.045821626492724477,5527.536310069263,35867557.136533365,82.08667689427185,True
432900.0,0.04692994359813841,0.06324313603744258,0.04611829614489693,5457.584096342325,35867439.404078834,82.07879419989365,True
433200.0,0.04728173737059464,0.0657851361769417,0.046407773945745134,5386.616563484073,35867311.43666976,82.07059305249895,True
433500.0,0.04762882119924767,0.06833895840975401,0.04669000506856946,5314.6678878590465,35867173.300885946,82.06207848398007,True
433800.0,0.04797112150776811,0.07090220176587536,0.04696493857245798,5241.770788028836,35867025.06347357,82.0532561611145,True
434100.0,0.04830857187333072,0.07347247429430581,0.0472325368648967,5167.957735158503,35866866.79008456,82.0441323671835,True
434400.0,0.0486411046536744,0.07604738605380135,0.04749276748260911,5093.263326957822,35866698.54286525,82.03471399982958,True
434700.0,0.04896865895717904,0.07862455863207174,0.047745611086838835,5017.722524605691,35866520.382194236,82.02500855129637,True
435000.0,0.04929117269850135,0.08120164054781753,0.04799105294446804,4941.368421778083,35866332.36890122,82.01502410382427,True
435300.0,0.04960858586803565,0.08377626180532616,0.04822908782067259,4864.238976411521,35866134.55753517,82.00476931033214,True
435600.0,0.049920842702200825,0.08634611240549361,0.048459719771898335,4786.366706602275,35865927.00668129,81.99425337894563,True
435900.0,0.05022788901511751,0.08890891819862645,0.04868296014559803,4707.789926014841,35865709.767750405,81.98348605813176,True
436200.0,0.05052967379199026,0.0914624163682447,0.04889883010957874,4628.543461360037,35865482.89429892,81.97247761616927,True
436500.0,0.05082614961405414,0.09400441485914257,0.04910735900320162,4548.664634414017,35865246.436096065,81.96123882373391,True
436800.0,0.051117265508923135,0.09653273690776132,0.04930857888514595,4468.189170368016,35865000.4432769,81.94978093928265,True
437100.0,0.05140298190275621,0.09904527538498087,0.04950253797272808,4387.155546076596,35864744.962067,81.93811567462406,True
437400.0,0.05168325652123537,0.1015399769812575,0.04968928651942406,4305.601370461285,35864480.03848673,81.92625518717956,True
437700.0,0.05195804930310825,0.10401483091359864,0.049868882251246305,4223.562482632697,35864205.71934863,81.91421205190042,True
438000.0,0.05222732544492523,0.10646790720653598,0.05004139188146439,4141.0778283029795,35863922.047488056,81.90199923638164,True
438300.0,0.05249105034191304,0.10889732316826439,0.05020688704279053,4058.1865385472775,35863629.064801484,81.88963008091946,True
438600.0,0.05274919286741818,0.11130126004781005,0.050365446878444686,3974.9250311776996,35863326.815273166,81.87711827132601,True
438900.0,0.05300172576379432,0.11367798111587035,0.050517157471105634,3891.333353370428,35863015.33877001,81.86447781440303,True
439200.0,0.05324862347986794,0.11602581313826477,0.05066211015585509,3807.449143089354,35862694.677227706,81.85172301410182,True
439500.0,0.05348986268422269,0.11834315212831825,0.05080040158718191,3723.311614267528,35862364.87082203,81.8388684455598,True
439800.0,0.05372542364176051,0.12062846111999193,0.0509321350580052,3638.9587890952826,35862025.96090201,81.82592892759159,True
440100.0,0.05395528737933671,0.12288029751235285,0.051057415953579266,3554.43219845742,35861677.98546335,81.81291950081366,True
440400.0,0.0541794400788994,0.12509725378902203,0.05117635893884653,3469.7677561566234,35861320.988455996,81.799855393873,True
440700.0,0.054397870318151076,0.1272780342922033,0.051289081081932864,3385.0068198293447,35860955.00891231,81.78675200363811,True
441000.0,0.054610568027657055,0.1294214122572157,0.05139570247037284,3300.187237985432,35860580.09009636,81.77362486785455,True
441300.0,0.05481752696669494,0.13152621237617268,0.051496349451895185,3215.348525688052,35860196.27453097,81.7604896351929,True
441600.0,0.05501874271785871,0.13359134596825584,0.05159115042039275,3130.5306697413325,35859803.605401166,81.74736204282927,True
441900.0,0.05521421426662456,0.1356158115278845,0.05168023707264524,3045.77300041914,35859402.1278965,81.73425788867765,True
442200.0,0.05540394258076058,0.13759865521302572,0.05176374465500544,2961.113679163158,35858991.889942415,81.7211930048106,True
442500.0,0.055587932607734834,0.13953901093935883,0.05184181162603352,2876.5927304551005,35858572.93939157,81.70818323169155,True
442800.0,0.055766191222625716,0.14143607857300822,0.051914578271109235,2792.2484008446336,35858145.327892005,81.69524439372597,True
443100.0,0.055938729090881295,0.14328911965748148,0.05198218860294901,2708.1200440451503,35857709.10823213,81.68239227183845,True
443400.0,0.05610555786738801,0.14509747174318477,0.0520447861890716,2624.2468128055334,35857264.33588169,81.66964258247832,True
443700.0,0.056266692156978035,0.14686052200354993,0.05210251740744809,2540.6682425662875,35856811.06864289,81.65701094958531,True
444000.0,0.05642215026987109,0.1485777395465675,0.052155530036515074,2457.4209471940994,35856349.37019076,81.64451288165085,True
444300.0,0.05657195287499095,0.1502486357947248,0.05220397376901076,2374.545317262411,35855879.30361177,81.63216374730588,True
444600.0,0.05671612468947845,0.15187279790782782,0.052247999708868065,2292.0787082612514,35855400.93845259,81.61997875241887,True
444900.0,0.056854689537100496,0.153449857788587,0.05228775651819717,2210.059801377356,35854914.34659591,81.60797292104995,True
445200.0,0.056987677756236296,0.15497950700518004,0.0523233972075019,2128.525631800294,35854419.6054674,81.59616106630556,True
445500.0,0.057115118814538186,0.15646148691718054,0.05235507138169737,2047.5155241563916,35853916.794334084,81.58455777629217,True
445800.0,0.05723704822481989,0.1578955810201137,0.05238293292417495,1967.0649315565825,35853406.00069643,81.57317738521421,True
446100.0,0.05735350307469134,0.1592816296501951,0.05240713387689766,1887.211916692555,35852887.314035594,81.56203395886828,True
446400.0,0.05746451970793717,0.16061951272664032,0.052427822667752366,1807.9933165833354,35852360.82987333,81.55114127641188,True
446700.0,0.057570144281503935,0.1619091667560042,0.052445154239293856,1729.4452508538961,35851826.649484076,81.5405128008485,True
447000.0,0.05767041704143056,0.16315053436395033,0.05245927586220489,1651.6058360040188,35851284.877396196,81.53016167447201,True
447300.0,0.05776538645235861,0.16434363149409137,0.05247033788042188,1574.508516266942,35850735.6282713,81.52010069002557,True
447600.0,0.05785510334862262,0.16548849093311446,0.05247849076708633,1498.1897869557142,35850179.019384705,81.51034227621265,True
447900.0,0.057939617885588074,0.16658517605975476,0.05248388059443698,1422.6857063025236,35849615.17431096,81.50089848545609,True
448200.0,0.05801898622411467,0.1676337913342536,0.05248665540706554,1348.0302272289991,35849044.22478207,81.49178097142668,True
448500.0,0.058093262215558904,0.16863445598568205,0.052486957607783324,1274.2572774589062,35848466.308789566,81.48300098123839,True
448800.0,0.05816250859570702,0.16958732448571823,0.05248493467158255,1201.4012508168817,35847881.57026691,81.4745693299969,True
449100.0,0.058226785162756416,0.17049257724696076,0.052480726486635376,1129.4968982040882,35847290.15936333,81.46649639940397,True
449400.0,0.058286156875275316,0.17135041172247156,0.05247447472011402,1058.5752014666796,35846692.23672513,81.4587921150259,True
449700.0,0.05834068803823689,0.1721610256466306,0.05246631738705787,988.6703714728355,35846087.966642946,81.45146593904566,True
450000.0,0.05839045043004688,0.17292467453830795,0.05245639355359799,919.8139154314995,35845477.52311897,81.44452685357214,True
450300.0,0.05843551356040787,0.17364159320379713,0.052444837967158264,852.0381996110082,35844861.08642782,81.43798335471288,True
450600.0,0.0584759508165349,0.17431205314187537,0.05243178358001899,785.3732838779688,35844238.84639419,81.43184343943891,True
450900.0,0.05851183756649528,0.174936314770207,0.05241736275513631,719.849761530757,35843610.99965292,81.42611459446277,True
451200.0,0.0585432503148331,0.17551466947006134,0.05240170310472081,655.4985385537148,35842977.74995765,81.42080379116747,True
451500.0,0.0585702712445854,0.17604741081964903,0.052384934524837945,592.3479016497731,35842339.31118727,81.41591747002967,True
451800.0,0.058592981598026526,0.1765348256640209,0.05236718236301385,530.4279320910573,35841695.902993865,81.41146153959417,True
452100.0,0.05861146397950946,0.17697723268818777,0.05234856699628665,469.76750909537077,35841047.7538472,81.40744136972506,True
452400.0,0.05862580731506121,0.1773749313465487,0.05232921308245864,410.392442278564,35840395.102936156,81.4038617758675,True
452700.0,0.058636095615144636,0.17772822185722248,0.05230923541809318,352.33143375068903,35839738.194226354,81.40072702738361,True
453000.0,0.05864242148852623,0.17803742708383652,0.052288752324813004,295.6092357262969,35839077.283307545,81.39804082904081,True
453300.0,0.058644877529217314,0.17830285949017366,0.05226787842525482,240.25399851053953,35838412.63003564,81.39580632379435,True
453600.0,0.05864355641763462,0.1785248102088417,0.052246725532285154,186.28854363411665,35837744.50723478,81.39402608813178,True
453900.0,0.05863855353857803,0.17870360340390334,0.052225401407582694,133.73965963721275,35837073.19136095,81.39270213022658,True
454200.0,0.05862996704894274,0.1788395346961238,0.052204014469438675,82.62931253015995,35836398.97123564,81.39183588282175,True
454500.0,0.0586178936701765,0.17893289359835762,0.052182667342918876,32.981437020003796,35835722.14118279,81.39142820794784,True
454800.0,0.05860243732693262,0.17898398916707947,0.05216146457253501,-15.180974528193474,35835043.0038523,81.39147938815314,True
455100.0,0.058583699654286434,0.1789931000080287,0.05214050576918794,-61.837553575634956,35834361.87179782,81.39198913297822,True
455400.0,0.05856178266819693,0.17896050466589486,0.05211988628462905,-106.96633066982031,35833679.06313221,81.39295657857718,True
455700.0,0.058536793870110376,0.17888648275101104,0.052099702860061825,-150.54665184020996,35832994.90430805,81.39438028304684,True
456000.0,0.0585088388913424,0.17877129531794367,0.05208004687983703,-192.55992836505175,35832309.73071528,81.39625823482203,True
456300.0,0.05847802810384329,0.17861520444910184,0.05206101031858168,-232.98729688674212,35831623.884173036,81.39858784906335,True
456600.0,0.058444469928043925,0.17841846189421062,0.05204267912606042,-271.8092439249158,35830937.71236967,81.40136597728007,True
456900.0,0.05840827429325429,0.17818130051003322,0.05202513780021434,-309.0110059008002,35830251.574062206,81.40458890645246,True
457200.0,0.05836955487557382,0.17790395261442882,0.052008470543086105,-344.57344031333923,35829565.82973091,81.40825236224916,True
457500.0,0.05832842528450096,0.17758663723606105,0.051992758003677864,-378.48174245655537,35828880.85006369,81.41235151734482,True
457800.0,0.058285000874003026,0.1772295769758898,0.0519780780931427,-410.7224867194891,35828197.012749106,81.41688099634656,True
458100.0,0.058239396110522666,0.17683297121746477,0.05196450513119544,-441.2796295359731,35827514.698215604,81.42183488308565,True
458400.0,0.05819172775354803,0.1763970082371884,0.051952112562489106,-470.14036022126675,35826834.295203425,81.42720672501984,True
458700.0,0.05814211481596331,0.17592188203093428,0.051940971729720786,-497.2924660220742,35826156.19783539,81.43298954227512,True
459000.0,0.05809067673715513,0.17540775575912448,0.05193115265359438,-522.7246341258287,35825480.80561014,81.43917583537046,True
459300.0,0.058037531491450814,0.1748547994823184,0.05192271918865288,-546.4241332486272,35824808.52076025,81.4457575992654,True
459600.0,0.05798280053130716,0.17426318259620643,0.05191573523332238,-568.38287615031,35824139.75397723,81.45272632704534,True
459900.0,0.057926604196767824,0.1736330320196089,0.051910262785625605,-588.5913911983371,35823474.91803176,81.46007302245842,True
460200.0,0.05786906641458495,0.17296450574883693,0.05190636187501241,-607.0399560853839,35822814.42854277,81.46778821127562,True
460500.0,0.05781030795368699,0.17225772661001315,0.0519040880365651,-623.721650056541,35822158.70665189,81.4758619558061,True
460800.0,0.05775045300491338,0.17151282847498805,0.051903496387453174,-638.6307290941477,35821508.17700864,81.48428386350587,True
461100.0,0.05768962476233884,0.17072993028421024,0.05190463873222484,-651.7594817206264,35820863.26422399,81.49304310325633,True
461400.0,0.05762794896064823,0.16990915442073629,0.051907566309168374,-663.1044056713581,35820224.39863349,81.50212841669494,True
461700.0,0.057565549346795204,0.16905059692425084,0.051912327024624005,-672.6607578098774,35819592.01042252,81.51152813575268,True
462000.0,0.057502550867848924,0.16815436000081263,0.05191896681550645,-680.4241315424442,35818966.530768886,81.52123019675342,True
462300.0,0.05743907821085515,0.16722056126150164,0.051927527569191057,-686.3941022753716,35818348.39504338,81.53122215863678,True
462600.0,0.05737525773968422,0.16624928823307528,0.051938052608520024,-690.5671084374189,35817738.03523705,81.54149121430201,True
462900.0,0.05731121556978787,0.16524065417553402,0.051950580837484495,-692.9439432322979,35817135.886990465,81.55202421395951,True
463200.0,0.057247077623421565,0.16419473506172721,0.051965151315187086,-693.5231857448816,35816542.382554576,81.56280767872215,True
463500.0,0.057182969197252714,0.1631116464866409,0.05198179769574551,-692.3067319095135,35815957.95584436,81.5738278249843,True
463800.0,0.05711901705702558,0.16199148445952005,0.05200055476119303,-689.2957854047418,35815383.03794571,81.58507057735508,True
464100.0,0.05705534789863632,0.16083435613023767,0.05202145482306264,-684.4929876849055,35814818.05875614,81.5965215923549,True
464400.0,0.05699208436207444,0.15964035293649204,0.05204452531980053,-677.9030536487699,35814263.44712566,81.60816628153229,True
464700.0,0.056929355840413386,0.1584096002646902,0.05206979759751107,-669.5293337330222,35813719.626920424,81.61998982399808,True
465000.0,0.05686728499794441,0.15714221378561888,0.05209729521234863,-659.3762954473495,35813187.01900209,81.63197720002465,True
465300.0,0.056805997892097185,0.1558383262685652,0.052127043472793844,-647.4502437412739,35812666.041443564,81.64411320396336,True
465600.0,0.056745620472057175,0.15449805689581808,0.05215906773996437,-633.7599587365985,35812157.10966029,81.65638246894339,True
465900.0,0.05668627463328886,0.15312156789224218,0.052193385798730674,-618.3103894144297,35811660.62959662,81.6687694980157,True
466200.0,0.05662808670272392,0.15170901468340503,0.05223002043204872,-601.1117954328656,35811177.00636021,81.68125867557956,True
466500.0,0.05657117855816486,0.15026055734153942,0.05226898922738599,-582.1733912602067,35810706.637359485,81.69383430203065,True
466800.0,0.05651567222564419,0.14877638800808768,0.052310308145862905,-561.5057713612914,35810249.914223835,81.70648061507198,True
467100.0,0.05646169085942729,0.14725671567742893,0.052353993740965166,-539.118257753551,35809807.219648704,81.71918181275957,True
467400.0,0.05640935604009147,0.14570174310503603,0.05240006177540124,-515.0250021293759,35809378.93299856,81.73192208050438,True
467700.0,0.05635878722473705,0.1441117270493919,0.05244852336905126,-489.23735386133194,35808965.42218019,81.74468562084463,True
468000.0,0.05631010617399319,0.14248691878788122,0.05249939342287746,-461.7697751671076,35808567.04906805,81.75745667121376,True
468300.0,0.05626342981693527,0.14082760782468995,0.052552680679355035,-432.63490130007267,35808184.16408098,81.77021954028277,True
468600.0,0.05621887493039024,0.13913407088463714,0.052608395788070084,-401.8494965583086,35807817.11166143,81.78295862647299,True
468900.0,0.056176560519168556,0.13740665701544685,0.05266654940595572,-369.42861277610064,35807466.223965205,81.79565844654613,True
469200.0,0.05613660377096789,0.13564571341350984,0.05272715213875756,-335.3894250020385,35807131.824236736,81.80830366241872,True
469500.0,0.056099115049113274,0.13385161216453412,0.05279020796041323,-299.7491287589073,35806814.22425601,81.82087911449904,True
469800.0,0.05606421124038832,0.13202477542608904,0.052855727365454186,-262.52647218853235,35806513.72543012,81.83336983524609,True
470100.0,0.05603200267097107,0.1301656298276157,0.05292371599873036,-223.73896203935146,35806230.615570575,81.84576108712625,True
470400.0,0.05600260224632361,0.1282746315221459,0.05299418324990768,-183.40876028686762,35805965.17437291,81.85803838043076,True
470700.0,0.055976117852614964,0.12635229471484877,0.053067133054980786,-141.5546855777502,35805717.665014215,81.87018750863746,True
471000.0,0.05595265780329961,0.12439914317675971,0.053142572237121044,-98.19854309409857,35805488.34009266,81.88219456592482,True
471300.0,0.055932328917500204,0.12241571793532557,0.05322050821166613,-53.36192832887173,35805277.43805564,81.89404597493603,True
471600.0,0.055915237035692615,0.12040264475615459,0.053300946642494296,-7.067851930856705,35805085.18446409,81.90572851414007,True
471900.0,0.055901486484706914,0.11836052570015454,0.05338389602367499,40.65954211354256,35804911.79136613,81.91722933774606,True
472200.0,0.05589117722897621,0.11629001979500231,0.05346936117227585,89.79843790829182,35804757.453507945,81.92853600611186,True
472500.0,0.055884410249387735,0.11419183248125364,0.05355734958183689,140.32182370871305,35804622.35554729,81.93963650262256,True
472800.0,0.05588128665113742,0.11206668951757592,0.05364787174961805,192.2043754979968,35804506.6648777,81.9505192558588,True
473100.0,0.05588190028982183,0.10991535524323126,0.05374093285651327,245.42133176326752,35804410.532480024,81.96117316959952,True
473400.0,0.05588634766951515,0.10773861579212962,0.053836543904466794,299.9450278431177,35804334.09613386,81.97158763248876,True
473700.0,0.05589472221116106,0.10553732078244593,0.05393471424015672,355.7486488074064,35804277.47643018,81.9817525453654,True
474000.0,0.055907115189933174,0.10331232716850991,0.054035454874082234,412.80480313301086,35804240.77798356,81.99165833677473,True
474300.0,0.05592361588768226,0.10106451829739171,0.05413877794971711,471.0822344496846,35804224.09252728,82.00129598125147,True
474600.0,0.05594431150101168,0.09879484382975079,0.054244695332442916,530.5554551631212,35804227.48910785,82.01065701732989,True
474900.0,0.055969286127396684,0.09650425971412346,0.05435321986881547,591.191765345633,35804251.02691595,82.01973356167721,True
475200.0,0.05599862687859118,0.0941937654329763,0.054464370418955355,652.9624064266682,35804294.74400485,82.02851831818516,True
475500.0,0.05603241142384314,0.09186435896555167,0.054578160618078186,715.8355574533343,35804358.66418853,82.03700460201397,True
475800.0,0.05607072088509163,0.08951712964801573,0.05469460918212121,779.7814025953412,35804442.79189128,82.04518634072176,True
476100.0,0.056113629625911605,0.08715312645392714,0.0548137337497252,844.7664307206869,35804547.11778841,82.0530580904391,True
476400.0,0.05616121526048189,0.08477346791516993,0.05493555766346958,910.7590861916542,35804671.61311876,82.06061503764643,True
476700.0,0.056213549910314305,0.08237928031837782,0.05506010300381092,977.7257932946086,35804816.23364689,82.067853013209,True
477000.0,0.05627070092265149,0.07997171691528138,0.05518739077224666,1045.6332494914532,35804980.91737996,82.07476849773381,True
477300.0,0.05633273735805508,0.0775519497273649,0.055317447771358275,1114.4491619691253,35805165.58386477,82.08135861867939,True
477600.0,0.05639972657668758,0.0751211943419321,0.055450302477083824,1184.1378713473678,35805370.13862122,82.08762115690516,True
477900.0,0.056471729747254104,0.07268064349187853,0.05558598222049227,1254.665755085647,35805594.46781939,82.09355455032664,True
478200.0,0.05654880855618348,0.07023152725403747,0.05572451840193082,1325.996343627572,35805838.443267494,82.09915788794343,True
478500.0,0.05663101880664238,0.06777510251524177,0.055865940310837914,1398.094998806715,35806101.91786061,82.10443091366876,True
478800.0,0.05671841776103639,0.06531261074547956,0.05601028353601123,1470.9257709160447,35806384.72887417,82.1093740139753,True
479100.0,0.05681105819576135,0.06284532615487137,0.05615758276761085,1544.4536898583174,35806686.69584589,82.11398821957293,True
479400.0,0.056908991572023095,0.06037453266560533,0.056307875535736684,1618.6403489857912,35807007.62518779,82.11827519457819,True
479700.0,0.05701226467318243,0.05790151916249897,0.05646119885963685,1693.4507313221693,35807347.30357832,82.12223723123752,True
480000.0,0.05712092290776523,0.05542754530043226,0.056617593151884194,1768.8464548513293,35807705.50495706,82.12587723587245,True
480300.0,0.05723500957279695,0.0529539325435735,0.0567770996796213,1844.7907314300537,35808081.98582754,82.129198719793,True
480600.0,0.05735456608175242,0.050481970864325376,0.056939762522162596,1921.2454227805138,35808476.48848413,82.13220578426593,True
480900.0,0.05747962757504442,0.04801295101759706,0.05710562342927972,1998.173506423831,35808888.73884946,82.13490311118656,True
481200.0,0.0576102319325898,0.045548159466392235,0.05727473090018975,2075.5359717682004,35809318.449902125,82.13729593817388,True
481500.0,0.057746407097846425,0.043088884280564343,0.05744712724718681,2153.2951033711433,35809765.31873645,82.13939005439349,True
481800.0,0.05788818767412791,0.04063642729940398,0.057622865063507334,2231.4125672504306,35810229.028838396,82.14119176572723,True
482100.0,0.05803559654339213,0.03819206249562512,0.057801989233396966,2309.849667072296,35810709.250209905,82.14270789322786,True
482400.0,0.058188659489146886,0.035757048421146465,0.05798455129904312,2388.567939981818,35811205.63917129,82.14394573810061,True
482700.0,0.05834739724610824,0.03333265247198369,0.05817060107746386,2467.52666772902,35811717.84126533,82.14491306839474,True
483000.0,0.058511829712954315,0.03092013721101239,0.058360190986832094,2546.6891509592533,35812245.48541447,82.14561809200735,True
483300.0,0.05868197264378255,0.02852073008455136,0.05855337290635987,2626.0146629214287,35812788.192414254,82.14606943625337,True
483600.0,0.05885783749173291,0.026135692287368784,0.05875019724155095,2705.465641491115,35813345.56820303,82.14627612440617,True
483900.0,0.05903943680120818,0.023766211819406635,0.058950719182092826,2785.0006469488144,35813917.21137992,82.14624754429634,True
484200.0,0.05922677593033091,0.02141350767587369,0.0591549893498069,2864.582353055477,35814502.70570265,82.14599343184594,True
484500.0,0.059419861950022176,0.019078772653671194,0.059363063094224344,2944.1705713272095,35815101.6275646,82.14552383536416,True
484800.0,0.05961869545594346,0.016763197822115217,0.05957499198599692,3023.7258654758334,35815713.54289282,82.14484909712725,True
485100.0,0.059823276379214176,0.014467953268876954,0.05979082963193605,3103.208607316017,35816338.00861555,82.14397982020239,True
485400.0,0.0600336028512438,0.012194169367234053,0.06001063044544708,3182.580798871815,35816974.57137271,82.14292684195748,True
485700.0,0.06024966668931778,0.009943011769678378,0.060234444671266374,3261.8021256402135,35817622.77200453,82.1417012110297,True
486000.0,0.06047145862968832,0.007715596795350166,0.06046232385499195,3340.834499783814,35818282.14155774,82.14031415364968,True
486300.0,0.06069896918002579,0.005513057531288723,0.06069432131609176,3419.6388693377376,35818952.20503282,82.1387770448253,True
486600.0,0.060932182097057024,0.003336472287401193,0.060930485655021016,3498.1750879362226,35819632.48207676,82.13710138643474,True
486900.0,0.06117108065701065,0.0011869471886711835,0.06117086670941774,3576.4048260748386,35820322.48463934,82.13529877288026,True
487200.0,0.06141564542664838,-0.0009344295103801414,0.06141551329638162,3654.2902914881706,35821021.7188245,82.13338086503852,True
487500.0,0.06166585500044948,-0.003026596919283975,0.061664473770633776,3731.792151771486,35821729.68754258,82.13135936154153,True
487800.0,0.06192168165211136,-0.00508849172112491,0.06191779151932053,3808.872950859368,35822445.887671106,82.12924597532991,True
488100.0,0.06218309839846442,-0.007119044167922084,0.06217551192168003,3885.49447902292,35823169.81326352,82.12705239901244,True
488400.0,0.06245007600720143,-0.009117228245827391,0.062437679113045874,3961.6188194453716,35823900.9550815,82.12479028075576,True
488700.0,0.06272257958789623,-0.011081993153823078,0.06270433254243812,4037.2082084566355,35824638.801313475,82.12247120076218,True
489000.0,0.06300057339867997,-0.0130123120371195,0.06297551152846381,4112.225212991238,35825382.83797436,82.12010664018814,True
489300.0,0.06328401923399028,-0.014907134091117769,0.06325125365093243,4186.633255444467,35826132.548955835,82.11770795671768,True
489600.0,0.06357287623634666,-0.016765452816144943,0.06353159414619824,4260.3948707953095,35826887.418340966,82.1152863596674,True
489900.0,0.06386710092008394,-0.018586219263653447,0.06381656613696407,4333.474991567433,35827646.92768727,82.11285288483438,True
490200.0,0.06416664498937456,-0.02036841876224571,0.06410619794836236,4405.836526200175,35828410.56101139,82.11041837288082,True
490500.0,0.06447146221217505,-0.022111018436476115,0.0644005200810085,4477.444190762937,35829177.80151478,82.10799343871803,True
490800.0,0.06478150080250372,-0.02381299105132939,0.06469955730615595,4548.262459404767,35829948.134184174,82.10558845646825,True
491100.0,0.06509670619892031,-0.025473281985540552,0.06500333150947313,4618.256199069321,35830721.045700535,82.10321353439822,True
491400.0,0.06541702210449381,-0.027090878439736343,0.06531186208619033,4687.392015129328,35831496.023628965,82.10087849306707,True
491700.0,0.0657423917148015,-0.028664716533114643,0.0656251676704045,4755.633811093867,35832272.56138586,82.09859284291792,True
492000.0,0.066072750868885,-0.030193741639436666,0.06594325868856288,4822.948316425085,35833050.153228275,82.09636577186366,True
492300.0,0.06640803939645153,-0.03167688572418115,0.06626614873205483,4889.303748063743,35833828.29609944,82.0942061148826,True
492600.0,0.06674818886454983,-0.03311308970154414,0.06659384191809181,4954.66700334847,35834606.49293185,82.09212234848422,True
492900.0,0.06709313289947558,-0.03450126504230866,0.0669263434062799,5019.003704465926,35835384.25308751,82.09012256288804,True
493200.0,0.0674428022227427,-0.035840301287748844,0.06726365421880587,5082.2843972072005,35836161.08663131,82.08821445079968,True
493500.0,0.06779712230237969,-0.037129113519910106,0.06760576824495956,5144.476264305413,35836936.51307725,82.08640529489897,True
493800.0,0.06815601907168813,-0.03836654776966952,0.06795267875442335,5205.54971434921,35837710.055245645,82.08470194674463,True
494100.0,0.06851941523540556,-0.0395514808625137,0.06830437352252261,5265.473930798471,35838481.24414634,82.08311081799548,True
494400.0,0.06888723230832362,-0.04068276886565059,0.06866083722019312,5324.218168713152,35839249.61809964,82.08163786531375,True
494700.0,0.06925939018771607,-0.04175922645703167,0.06902205106524661,5381.754893697798,35840014.72000033,82.08028857895515,True
495000.0,0.0696358048950325,-0.04277967609408506,0.0693879898508527,5438.055040635169,35840776.10244631,82.07906797494151,True
495300.0,0.07001638959454672,-0.04374290177455009,0.06975862332153326,5493.090860106051,35841533.32526388,82.07798058385488,True
495600.0,0.07040105971377222,-0.04464769794640233,0.07013392058431123,5546.834861248732,35842285.95692029,82.07703043756955,True
495900.0,0.07078972501435099,-0.04549282712468994,0.07051384247922954,5599.259681224823,35843033.574993216,82.07622106900034,True
496200.0,0.07118229291147556,-0.04627703999759092,0.07089834451514321,5650.3397059217095,35843775.76487205,82.07555550227048,True
496500.0,0.0715786735782756,-0.04699904995743509,0.07128738214855446,5700.0500275194645,35844512.12110519,82.07503624152056,True
496800.0,0.0719787722953028,-0.04765759052531848,0.07168090223818524,5748.364643141627,35845242.24948873,82.07466527453309,True
497100.0,0.0723824900959293,-0.04825134625963301,0.07207884438953727,5795.261950515211,35845965.76184058,82.07444406745948,True
497400.0,0.0727897315845358,-0.04877899707642541,0.07248114810596462,5840.7148793414235,35846682.28612081,82.07437355472939,True
497700.0,0.07320039463088943,-0.04923922813026138,0.07288774216058869,5884.7038729041815,35847391.45368386,82.0744541477409,True
498000.0,0.0736143791021833,-0.04963067960306944,0.07329855385636108,5927.205587610602,35848092.910794556,82.07468572465352,True
498300.0,0.07403158347115535,-0.04995200724317783,0.07371350471049709,5968.198014497757,35848786.31370387,82.07506763475611,True
498600.0,0.07445190111205464,-0.05020182709176879,0.07413250730107279,6007.662161946297,35849471.32714514,82.07559870266724,True
498900.0,0.07487522978724723,-0.05037878492703385,0.07455547377684013,6045.577690184116,35850147.62886003,82.07627722187085,True
499200.0,0.07530145734126358,-0.05048149132812796,0.07498230219353275,6081.924178272486,35850814.90847362,82.07710097142142,True
499500.0,0.07573047804818847,-0.05050854262901794,0.07541289254164951,6116.684750556946,35851472.86399168,82.07806720394984,True
499800.0,0.07616218149830561,-0.050458572696186366,0.07584713481979577,6149.841725111008,35852121.206257485,82.07917266261644,True
500100.0,0.07659645860148223,-0.05033017297049014,0.07628491596872777,6181.377306036651,35852759.65834665,82.08041358019793,True
500400.0,0.0770331932817701,-0.050121963361903,0.07672611054267975,6211.276311926544,35853387.95290752,82.08178569542056,True
500700.0,0.07747227637039635,-0.049832549867403486,0.07717059510081015,6239.5230380520225,35854005.83534996,82.08328424655811,True
501000.0,0.07791358974470064,-0.04946057708235685,0.07761823156195646,6266.102774322033,35854613.06236047,82.08490399704873,True
501300.0,0.07835701972685323,-0.04900465731748227,0.07806888144955337,6291.003185212612,35855209.40053767,82.08663923119673,True
501600.0,0.07880244738448264,-0.04846344963866045,0.07852239514257064,6314.209160633385,35855794.63153941,82.0884837758358,True
501900.0,0.07924975918778279,-0.04783562772490768,0.07897862292236368,6335.710578151047,35856368.54430161,82.09043100116129,True
502200.0,0.07969883411525534,-0.04711987455931421,0.07943740205541872,6355.494615532458,35856930.94268955,82.09247384647875,True
502500.0,0.08014955433255735,-0.04631491773116636,0.07989856709139076,6373.550675071776,35857481.64052119,82.09460482368851,True
502800.0,0.0806017977724916,-0.045419497843226964,0.08036194277065078,6389.871093742549,35858020.46078804,82.09681603908918,True
503100.0,0.08105544755009583,-0.04443239207157035,0.0808273532108501,6404.4457436054945,35858547.24097035,82.09909919983387,True
503400.0,0.08151037863610677,-0.04335243371679098,0.08129460837122338,6417.266708023846,35859061.82826064,82.10144564401185,True
503700.0,0.08196647127593791,-0.04217849841819543,0.08176351771001578,6428.32621870935,35859564.08151155,82.10384634444002,True
504000.0,0.08242360254194653,-0.040909477972348895,0.08223388201082571,6437.617958381772,35860053.86980335,82.10629193515965,True
504300.0,0.08288164986212845,-0.039544374171839536,0.08270549609872546,6445.1379798948765,35860531.07138074,82.10877272790712,True
504600.0,0.08334048916868113,-0.03808219364731258,0.08317814807655566,6450.879932425916,35860995.578269,82.1112787328994,True
504900.0,0.08379999810569648,-0.036522048414383335,0.08365162172721341,6454.840529635549,35861447.29063476,82.11379967728007,True
505200.0,0.08426005215557107,-0.034863092983187016,0.08412569332716657,6457.016632154584,35861886.11951992,82.11632502993682,True
505500.0,0.08472052563350407,-0.033104576404809904,0.08460013235624331,6457.406928837299,35862311.98496429,82.1188440231922,True
505800.0,0.08518129676216418,-0.031245813681891832,0.0850747069835478,6456.009169906378,35862724.81856509,82.12134567044953,True
506100.0,0.08564223944684866,-0.02928623205218628,0.0855491756901472,6452.823171854019,35863124.56025321,82.12381879840834,True
506400.0,0.0861032291689399,-0.02722532781058362,0.08602329369473694,6447.848987877369,35863511.15989362,82.12625206513904,True
506700.0,0.08656414245329416,-0.025062712095802908,0.08649681234757622,6441.08808939904,35863884.5758647,82.1286339858176,True
507000.0,0.0870248520438409,-0.022798062139600006,0.08696947483323925,6432.543221473694,35864244.77495434,82.13095296274037,True
507300.0,0.08748523660313819,-0.02043121332917508,0.08744102565397327,6422.216180123389,35864591.73432529,82.13319730210115,True
507600.0,0.08794516984196227,-0.01796208249118081,0.08791120046591061,6410.111327022314,35864925.43773523,82.13535525090892,True
507900.0,0.08840452894264117,-0.015390733265803647,0.0883797345238122,6396.233676992357,35865245.87717631,82.13741501574522,True
508200.0,0.08886318963995211,-0.012717310229703571,0.08884635834731114,6380.587805658579,35865553.053687826,82.13936479469055,True
508500.0,0.08932102727849243,-0.009942122980532986,0.08931079883811321,6363.180036477745,35865846.97488332,82.1411928041394,True
508800.0,0.08977791999471363,-0.0070656121019680995,0.08977278299447278,6344.018703572452,35866127.65439612,82.1428873032965,True
509100.0,0.09023374407025832,-0.004088326876569681,0.09023203367397059,6323.109964877367,35866395.11576994,82.14443662683688,True
509400.0,0.09068837980277139,-0.0010109913756650712,0.09068827577851835,6300.464175306261,35866649.385784976,82.14582920730261,True
509700.0,0.09114170285614785,0.0021655545659484687,0.09114122811945435,6276.090467855334,35866890.49957247,82.1470536118997,True
510000.0,0.0915935930410027,0.005440303582673778,0.09159061261567558,6249.999152995646,35867118.49790825,82.14809856198109,True
510300.0,0.09204393048017585,0.008812109676796354,0.0920361509437555,6222.200581908226,35867333.42803984,82.14895296501992,True
510600.0,0.09249259506815806,0.012279661395609764,0.09247756451171085,6192.708718985319,35867535.33980299,82.14960594313277,True
510900.0,0.09293946790487523,0.015841525125551925,0.09291457630426692,6161.534357666969,35867724.29209351,82.15004685952718,True
511200.0,0.09338443200966116,0.01949608763300148,0.09334691222441904,6128.692749500275,35867900.344926015,82.15026534517017,True
511500.0,0.09382736968306375,0.023241566162681693,0.0937742990240622,6094.197887085378,35868063.56483871,82.1502513285082,True
511800.0,0.09426816513826634,0.027076058794676783,0.09419646726256303,6058.065063878894,35868214.02202238,82.14999505972594,True
512100.0,0.09470670234406223,0.03099748840884331,0.09461314990619485,6020.310544528067,35868351.79034058,82.14948713884235,True
512400.0,0.09514286709980302,0.03500363175498933,0.09502408484230784,5980.949961975217,35868476.94862508,82.14871853929608,True
512700.0,0.09557654938332938,0.03909210469819868,0.09542901788296376,5940.002100743353,35868589.576588005,82.14768063036718,True
513000.0,0.09600763437085928,0.04326038744596872,0.09582769417190207,5897.485678456724,35868689.75773914,82.1463652104405,True
513300.0,0.09643601281050111,0.0475057931395213,0.09621986938259397,5853.4189546480775,35868777.57948008,82.14476451964327,True
513600.0,0.09686157507248162,0.051825521649334405,0.09660530388998723,5807.8210111781955,35868853.13153115,82.14287126860243,True
513900.0,0.09728421290065824,0.056216602549739036,0.09698376559968835,5760.713456265628,35868916.50394002,82.14067865755861,True
514200.0,0.09770382195171665,0.06067595671498793,0.09735503249505939,5712.118428021669,35868967.78879643,82.13818039471205,True
514500.0,0.09812029409053986,0.06520036901508774,0.09771888572203125,5662.0560200586915,35869007.08253119,82.13537072289931,True
514800.0,0.0985335285986259,0.069786501925023,0.09807512126094764,5610.549813762307,35869034.48011505,82.13224442649943,True
515100.0,0.09894342095511101,0.07443089033901629,0.09842353930579861,5557.623934485018,35869050.07774119,82.12879685937199,True
515400.0,0.09934987143882627,0.07912997821156864,0.09876395296480212,5503.301541775465,35869053.974081084,82.12502395216855,True
515700.0,0.09975278270578428,0.08388010039141136,0.09909618659004593,5447.607141144574,35869046.26772732,82.1209222286435,True
516000.0,0.10015205662435686,0.08867751012195413,0.09942007270593933,5390.567861780524,35869027.05567889,82.11648882195294,True
516300.0,0.10054759679445331,0.09351835490565463,0.09973545543077478,5332.206881083548,35868996.439688824,82.11172148299455,True
516600.0,0.10093931124705663,0.09839873557621104,0.10004219271299064,5272.553827404976,35868954.51564303,82.10661858844156,True
516900.0,0.10132710627029289,0.10331465094751024,0.10034015152700704,5211.634857401252,35868901.3832744,82.10117915427357,True
517200.0,0.10171089359671598,0.10826207461309423,0.1006292141984062,5149.476399034262,35868837.14222131,82.0954028366203,True
517500.0,0.10209058503953304,0.11323691320941975,0.10090927416817408,5086.109904453158,35868761.88708704,82.08928994157863,True
517800.0,0.10246609302920627,0.11823506404553541,0.10118023576902146,5021.562042832375,35868675.71706975,82.08284142942098,True
518100.0,0.10283733490421144,0.12325235201637952,0.10144202026583571,4955.863364383578,35868578.72713263,82.07605891092412,True
518400.0,0.10320422669064029,0.12828462464113954,0.1016945578698909,4889.044254779816,35868471.011894844,82.06894465611003,True
518700.0,0.10356756605991785,0.1333286700448184,0.10193866214525826,4821.380967974663,35868352.4194473,82.06150071963953,True
519000.0,0.10392555602235573,0.1383785384713292,0.10217258984683042,4752.402326017618,35868223.544546545,82.05373237658755,True
519300.0,0.10427896305812787,0.143430895531651,0.10239714854301951,4682.39634154737,35868084.22184937,82.04564301261223,True
519600.0,0.10462771214644973,0.14848159854560095,0.1026123228948137,4611.395005211234,35867934.54102509,82.03723749152368,True
519900.0,0.1049717335241243,0.15352654944263122,0.10281811371167748,4539.431956291199,35867774.588990904,82.02852130902485,True
520200.0,0.10531095792098977,0.1585617095359737,0.10301453276821348,4466.539755672216,35867604.452556305,82.01950058922004,True
520500.0,0.10564531708543012,0.16358305392088823,0.1032016047441573,4392.7522254139185,35867424.216013834,82.01018207252633,True
520800.0,0.10597475003594206,0.168586637833954,0.10337937180818813,4318.103080458939,35867233.9624497,82.00057309950834,True
521100.0,0.10629919102557622,0.17356859564196725,0.10354788127915526,4242.627940893173,35867033.77168681,81.99068161025266,True
521400.0,0.106618581513463,0.17852511508431235,0.10370719867803757,4166.360304675996,35866823.72427947,81.98051611701212,True
521700.0,0.10693286253403375,0.1834524870561154,0.10385739828612373,4089.3354875817895,35866603.89755367,81.97008569806907,True
522000.0,0.1072419822654697,0.18834709333705746,0.10399857118308375,4011.590713478625,35866374.36550914,81.95939997289841,True
522300.0,0.10754588624922769,0.19320538419896138,0.10413081587284978,3933.159710764885,35866135.204227865,81.9484690935772,True
522600.0,0.10784452400858519,0.1980239614518382,0.10425424200595046,3854.0803832113743,35865886.484220214,81.93730372201546,True
522900.0,0.10813785013842048,0.2027994975841807,0.10436897415343083,3774.3897351920605,35865628.275528915,81.92591500609689,True
523200.0,0.10842581686663529,0.20752879057334894,0.10447514193631946,3694.123000100255,35865360.64864151,81.9143145685134,True
523500.0,0.10870838256058848,0.21220877138335936,0.10457288819961263,3613.318392291665,35865083.66979134,81.90251447666746,True
523800.0,0.10898550980375729,0.2168364912814127,0.1046623671813336,3532.0135857984424,35864797.404543035,81.89052722176045,True
524100.0,0.10925715860445738,0.22140909655431074,0.10474373816845173,3450.245447859168,35864501.918134496,81.87836570165348,True
524400.0,0.10952329466317365,0.22592388816502762,0.10481717131594337,3368.0524523481727,35864197.273150064,81.86604319089994,True
524700.0,0.10978388623359846,0.2303783023271535,0.10488284470500275,3285.4722636267543,35863883.53203385,81.85357331893348,True
525000.0,0.11003890529305597,0.23476989851843655,0.10494094564361944,3202.5435376390815,35863560.7553964,81.84097004349591,True
525300.0,0.11028832313313312,0.23909636658828504,0.10499166530303228,3119.304745197296,35863229.00330902,81.82824763027662,True
525600.0,0.11053211717912585,0.2433555363587061,0.10503520493662677,3035.7944188714027,35862888.33518447,81.81542062058385,True
525900.0,0.11077026548904807,0.24754536855130027,0.10507177000188506,2952.0511507317424,35862538.80991587,81.80250381080833,True
526200.0,0.1110027488620136,0.2516639508639855,0.1051015720325097,2868.114841595292,35862180.48477331,81.7895122238843,True
526500.0,0.11122955218492331,0.25570951432257516,0.10512482873259898,2784.021643899381,35861813.420615174,81.77646108236024,True
526800.0,0.1114506614800084,0.2596804124780192,0.10514176127854569,2699.8138384073973,35861437.672173776,81.76336578414406,True
527100.0,0.111666066541368,0.2635751292894497,0.10515259614969352,2615.5289253517985,35861053.299134254,81.75024187366701,True
527400.0,0.11187576031925936,0.2673922837111036,0.10515756363800222,2531.2055948376656,35860660.36034128,81.73710501638078,True
527700.0,0.11207973625338942,0.2711305978088774,0.10515689604369527,2446.883636198938,35860258.91407361,81.72397097363493,True
528000.0,0.11227799263771082,0.27478894470561954,0.10515082921379815,2362.6021610870957,35859849.02001091,81.71085557432573,True
528300.0,0.11247053033985616,0.2783662941898797,0.10513960232873387,2278.400335356593,35859430.73869773,81.69777468847782,True
528600.0,0.11265735098327374,0.2818617314686094,0.10512345437938109,2194.3169993534684,35859004.132123895,81.68474420435244,True
528900.0,0.11283846284627318,0.28527445275364016,0.10510263008565346,2110.391478307545,35858569.26311963,81.67177999638,True
529200.0,0.11301387251267483,0.2886037749078696,0.1050773697778169,2026.661526426673,35858126.19762098,81.65889790944756,True
529500.0,0.11318359293796378,0.29184910225654903,0.10504791926707924,1943.167741343379,35857675.00046825,81.6461137235426,True
529800.0,0.11334763691565773,0.2950099399104147,0.10501452148916712,1859.9466780722141,35857215.74250801,81.63344313701897,True
530100.0,0.11350602197441043,0.29808589991904455,0.10497742076786665,1777.0393114760518,35856748.49234876,81.62090173766612,True
530400.0,0.11365876615220533,0.30107665721732246,0.10493686024985038,1694.4822933375835,35856273.325323954,81.60850498106538,True
530700.0,0.11380589128882092,0.30398199055630926,0.10489308245200846,1612.3147008419037,35855790.3169646,81.59626816632144,True
531000.0,0.11394742435574286,0.30680177006502163,0.1048463308126486,1530.5733001679182,35855299.54795729,81.58420641130697,True
531300.0,0.11408339298343302,0.30953590409910703,0.10479684754912455,1449.2977499738336,35854801.09916258,81.57233463213687,True
531600.0,0.11421382563597904,0.31218441196946856,0.1047448687913004,1368.5252910852432,35854295.05714613,81.56066752593352,True
531900.0,0.11433875680018626,0.3147473561926404,0.10469063385774291,1288.2923517152667,35853781.51279344,81.54921954003001,True
532200.0,0.11445821953395867,0.31722484872318546,0.10463437627923611,1208.636351890862,35853260.559723325,81.53800486002734,True
532500.0,0.11457225337199911,0.319617089694475,0.1045763293909232,1129.5947742536664,35852732.29543262,81.52703738389951,True
532800.0,0.11468089802709486,0.3219243055470997,0.10451672293235958,1051.203249529004,35852196.82342328,81.51633070572416,True
533100.0,0.1147841983026256,0.3241467855423821,0.10445578557225588,973.4986206740141,35851654.250347,81.50589809412683,True
533400.0,0.114882200428239,0.3262848549013597,0.10439374218415765,896.5164846628904,35851104.68866813,81.49575247663503,True
533700.0,0.11497495055990858,0.3283388710847248,0.10433081200291383,820.2925728261471,35850548.255483136,81.48590642380839,True
534000.0,0.11506250061815647,0.3303092309634508,0.10426721412504492,744.862305752933,35849985.073160164,81.47637212669807,True
534300.0,0.11514490329344365,0.3321963652554132,0.10420316196814383,670.259886585176,35849415.27043426,81.4671613860281,True
534600.0,0.11522221528487173,0.33400072526654867,0.10413886734849598,596.5195770710707,35848838.981313206,81.45828559243274,True
534900.0,0.11529449417070659,0.33572277014405927,0.10407453755745166,523.6754177138209,35848256.34553238,81.44975571438727,True
535200.0,0.11536180013976019,0.3373630155243177,0.1040103734925708,451.7610467970371,35847667.50890302,81.44158228577268,True
535500.0,0.11542419635819644,0.33892195051549834,0.10394657554556375,380.80940142273903,35847072.623770304,81.43377538637156,True
535800.0,0.11548174808046338,0.34040009487702605,0.1038833382872042,310.8544031456113,35846471.84747835,81.42634463426172,True
536100.0,0.11553452485849967,0.34179796949081265,0.10382085469856861,241.92617597430944,35845865.347293526,81.41929916936114,True
536400.0,0.11558259178885141,0.3431160964838682,0.10375930616196172,174.05679750442505,35845253.2947851,81.41264765189874,True
536700.0,0.11562602694841508,0.3443550209764794,0.10369887998031402,107.27833945304155,35844635.867906384,81.40639823405839,True
537000.0,0.11566490071045772,0.3455152474048191,0.10363975076893439,41.620798625051975,35844013.25317482,81.40055856843689,True
537300.0,0.11569929025932342,0.3465973061041723,0.10358209151294773,-22.88557391613722,35843385.64344303,81.39513578753237,True
537600.0,0.11572927453334472,0.34760171390001915,0.10352607059546415,-86.21185976266861,35842753.23957444,81.39013649795268,True
537900.0,0.1157549343993958,0.3485289573837349,0.1034718530483616,-148.32895781844854,35842116.249004826,81.38556677108494,True
538200.0,0.11577635157237622,0.3493795291420838,0.10341959647816168,-209.20758691430092,35841474.88580974,81.38143213978547,True
538500.0,0.11579361438133892,0.3501539268846443,0.10336945738016823,-268.82123456150293,35840829.3737055,81.37773758536369,True
538800.0,0.11580680590975743,0.35085257626386124,0.10332158352152021,-327.14156590402126,35840179.94149762,81.3744875391798,True
539100.0,0.11581601648885242,0.35147592496068114,0.10327612072622117,-384.1436228454113,35839526.828306094,81.37168587052754,True
539400.0,0.11582133741196904,0.3520243981004114,0.10323320905882838,-439.8002241253853,35838870.27797827,81.36933588580014,True
539700.0,0.11582286180990709,0.3524983972372979,0.10319298377679331,-494.086562409997,35838210.54368513,81.36744032356218,True
540000.0,0.11582068101010339,0.35289827218051073,0.10315557330216052,-546.9782858490944,35837547.88598779,81.36600135329216,True
540300.0,0.11581489485170356,0.35322438177973936,0.1031211060908106,-598.4516442343593,35836882.5729548,81.3650205658956,True
540600.0,0.11580560032377198,0.35347704978605066,0.1030897011807923,-648.4826847836375,35836214.87931454,81.36449898122359,True
540900.0,0.1157928956494182,0.353656557391389,0.10306147329153248,-697.0491464361548,35835545.08829146,81.36443704171744,True
541200.0,0.11577688258510063,0.35376316583233347,0.10303653364336185,-744.1295033767819,35834873.490577206,81.36483461100704,True
541500.0,0.11575766460113414,0.3537971256954222,0.10301498717866764,-789.7030540332198,35834200.38433234,81.36569097678915,True
541800.0,0.1157353462037603,0.35375863058314394,0.10299693532718379,-833.7483369782567,35833526.073499925,81.36700484883751,True
542100.0,0.11571003238956373,0.35364785739523086,0.1029824723183026,-876.2464482486248,35832850.87100598,81.36877436414491,True
542400.0,0.11568183010645973,0.35346494231094994,0.10297168866600259,-917.1786479279399,35832175.09623396,81.37099708557159,True
542700.0,0.11565085012629649,0.3532100144172432,0.10296467072892312,-956.525850251317,35831499.074367926,81.37367000510127,True
543000.0,0.1156171994040809,0.35288313495215107,0.10296149680856104,-994.2724534347653,35830823.14006068,81.37678955123613,True
543300.0,0.11558099224149473,0.35248438164620666,0.10296224329630377,-1030.3992150351405,35830147.63013229,81.38035158703316,True
543600.0,0.11554233917285202,0.3520137486777628,0.10296697988034964,-1064.8926385641098,35829472.89276538,81.3843514197573,True
543900.0,0.11550135531875053,0.3514712481189406,0.10297577127987267,-1097.7368424460292,35828799.27916788,81.38878380470251,True
544200.0,0.11545815292255124,0.3508568252416353,0.10298867539037815,-1128.9171846061945,35828127.14697695,81.39364295328652,True
544500.0,0.11541284954608878,0.3501704221534965,0.10300574774687732,-1158.420703932643,35827456.860465504,81.39892253551646,True
544800.0,0.115365562268192,0.3494119407703238,0.10302703793421131,-1186.234381556511,35826788.78855418,81.40461569120404,True
545100.0,0.11531640735479808,0.34858124062554907,0.10305258949310314,-1212.3456483259797,35826123.30505568,81.41071503837927,True
545400.0,0.11526550548519245,0.3476782003090193,0.10308244131931588,-1236.7450219467282,35825460.79103512,81.4172126809047,True
545700.0,0.11521297486325617,0.3467026241305575,0.1031166270717705,-1259.4208694174886,35824801.62928198,81.42410021878018,True
546000.0,0.11515893493750423,0.345654326449079,0.10315517322061396,-1280.3645938187838,35824146.20919351,81.4313687605123,True
546300.0,0.11510350921478892,0.3445330736822996,0.10319810664810802,-1299.5665150657296,35823494.9223391,81.43900892662269,True
546600.0,0.11504681763198675,0.3433386428410472,0.10324544203200503,-1317.0202078297734,35822848.166469514,81.44701087408443,True
546900.0,0.11498898099550672,0.34207074645638613,0.10329719248380798,-1332.7187273204327,35822206.341401696,81.45536429819846,True
547200.0,0.11493012517406709,0.34072914003914434,0.10335336661522376,-1346.6541130021214,35821569.848169915,81.46405844874803,True
547500.0,0.11487036977284769,0.3393135027203016,0.10341396481138077,-1358.8224696666002,35820939.09374295,81.4730821476451,True
547800.0,0.11480984349422405,0.33782356291470705,0.10347898750326578,-1369.2197002470493,35820314.48638221,81.48242379527669,True
548100.0,0.11474866594683167,0.336258984373103,0.1035484233861439,-1377.8413982391357,35819696.43514904,81.49207139760126,True
548400.0,0.11468696317400778,0.3346194530624018,0.10362226072653868,-1384.6840553507209,35819085.3507174,81.50201257085169,True
548700.0,0.11462486028974124,0.3329046504012467,0.10370048140396193,-1389.7472348734736,35818481.64714305,81.51223456418721,True
549000.0,0.11456248131923015,0.33111424339125506,0.10378306171912755,-1393.029947437346,35817885.73782601,81.52272427626528,True
549300.0,0.11449995255440878,0.3292479136403017,0.10386997440677703,-1394.5298570618033,35817298.03429527,81.53346827128466,True
549600.0,0.11443739766705258,0.32730533597322164,0.1039611850532367,-1394.250208310783,35816718.95270693,81.54445280128397,True
549900.0,0.11437494304682566,0.3252862076544716,0.10405665634225159,-1392.1908348277211,35816148.90441643,81.55566382127941,True
550200.0,0.11431271163999324,0.32319021131735326,0.10415634412677832,-1388.3547270447016,35815588.30210367,81.56708701321081,True
550500.0,0.11425083014160606,0.32101706856326473,0.10426020212254627,-1382.7447056099772,35815037.55599797,81.57870780190342,True
550800.0,0.11418942309626716,0.3187665095075545,0.1043681778615877,-1375.3645643219352,35814497.07456714,81.59051138038546,True
551100.0,0.11412861436136279,0.31643829058111805,0.1044802135376699,-1366.2197236716747,35813967.26471297,81.60248273090835,True
551400.0,0.11406852889767274,0.31403219092339896,0.10459624861790928,-1355.3147998005152,35813448.52887797,81.61460664478133,True
551700.0,0.11400929120564599,0.31154801064110416,0.10471621865423231,-1342.6567224040627,35812941.26769799,81.62686774656716,True
552000.0,0.11395102279547868,0.308985594967794,0.10484005145877973,-1328.2542504668236,35812445.8790503,81.63925052143813,True
552300.0,0.11389384906015557,0.3063448295687863,0.10496767535676099,-1312.113555289805,35811962.75316707,81.65173933096618,True
552600.0,0.11383789068826061,0.30362561909771557,0.1050990116139019,-1294.2449266314507,35811492.27887113,81.6643184452146,True
552900.0,0.11378327167075311,0.30082795373880344,0.10523397957422276,-1274.657261043787,35811034.83759339,81.67697206255906,True
553200.0,0.11373011156558555,0.2979518259765257,0.10537249377642866,-1253.360905006528,35810590.80574578,81.68968433794711,True
553500.0,0.11367853121006005,0.29499731167845766,0.10551446577778734,-1230.3690175265074,35810160.55561482,81.7024394068133,True
553800.0,0.11362865163858929,0.29196455022446344,0.10565980471810121,-1205.6932701915503,35809744.45059447,81.71522141059549,True
554100.0,0.1135805911125556,0.2888537310908532,0.10580841540314623,-1179.3454940617085,35809342.846368715,81.72801452501606,True
554400.0,0.11353446879550917,0.2856650950213293,0.10596020265512607,-1151.339905269444,35808956.09267638,81.74080298233781,True
554700.0,0.11349040044565317,0.2823989666389366,0.10611506538344884,-1121.6921135857701,35808584.53186314,81.75357110409729,True
555000.0,0.11344850169895333,0.279055751914143,0.10627290082487661,-1090.4169909283519,35808228.49629854,81.76630332381262,True
555300.0,0.11340889058068937,0.275635933113449,0.10643360802812651,-1057.5306690707803,35807888.3099281,81.77898421052932,True
555600.0,0.11337168071110842,0.27214006257872825,0.10659708143711555,-1023.0512601062655,35807564.28855477,81.79159850230813,True
555900.0,0.1133369831864514,0.26856877428701864,0.10676321280814705,-986.9942332729697,35807256.73478404,81.8041311313472,True
556200.0,0.11330491005382151,0.26492278941634595,0.10693189513305867,-949.3790067955852,35806965.944192335,81.81656724700707,True
556500.0,0.11327557386892892,0.26120295249131686,0.10710302090774348,-910.2258780524135,35806692.20184261,81.82889224434332,True
556800.0,0.11324908267688712,0.2574101515225493,0.10727648128830936,-869.5543285608292,35806435.78018438,81.84109179152584,True
557100.0,0.11322554476223126,0.2535454177167935,0.10745216673716129,-827.3833217397332,35806196.938957006,81.85315185548592,True
557400.0,0.11320506609944411,0.24960982856816827,0.10762996948153614,-783.7368172481656,35805975.93032053,81.86505872539182,True
557700.0,0.1131877504539389,0.24560459492482778,0.10780977996614638,-738.6354981660843,35805772.99021153,81.87679904170297,True
558000.0,0.11317370227762139,0.24153102665150072,0.10799149203104719,-692.1025132536888,35805588.34372638,81.88835981599856,True
558300.0,0.11316302661302766,0.23739054326938458,0.10817500278371028,-644.1608566045761,35805422.20215522,81.89972845554146,True
558600.0,0.11315581733527671,0.23318463093210084,0.10836020259608858,-594.8355256915092,35805274.76480838,81.91089279706654,True
558900.0,0.11315217811306502,0.22891492366551347,0.10854699394884904,-544.1507917493582,35805146.215969816,81.9218411110067,True
559200.0,0.11315220416317918,0.2245831357656698,0.1087352756858877,-492.1319809630513,35805036.726376414,81.93256213951372,True
559500.0,0.11315598978578897,0.22019108431288714,0.10892495029877125,-438.80500596761703,35804946.4524637,81.94304511058377,True
559800.0,0.113163629710423,0.2157406993206621,0.10911592529741654,-384.1976637765765,35804875.537394494,81.95327975716226,True
560100.0,0.11317521469629269,0.21123400112929858,0.10930810988166684,-328.3364017382264,35804824.107572615,81.96325633993614,True
560400.0,0.1131908338844944,0.20667312249753422,0.10950141686541315,-271.2490680664778,35804792.27515888,81.97296566380284,True
560700.0,0.11321057575082326,0.20206028276618326,0.10969576493749855,-212.9642524793744,35804780.13719537,81.98239909286146,True
561000.0,0.11323452375016167,0.1973978199084172,0.10989107329307046,-153.51141709834337,35804787.77553873,81.99154857182533,True
561300.0,0.11326276420193734,0.19268812953467318,0.11008727217547687,-92.92003949731588,35804815.255824745,82.0004066302616,True
561600.0,0.11329537647346,0.18793372141288955,0.11028429098909953,-31.220645301043987,35804862.62834203,82.00896640794363,True
561900.0,0.11333244166467743,0.18313720300199066,0.11048206808705174,31.556832686066628,35804929.926252484,82.01722165714574,True
562200.0,0.11337403521601494,0.17830122770362777,0.11068054499307323,95.38106974214315,35805017.167457625,82.02516675908795,True
562500.0,0.11342023392761166,0.17342856402285634,0.11087967154074363,160.22030073404312,35805124.353549466,82.03279672799704,True
562800.0,0.11347110970828533,0.1685220453742602,0.11107940121095794,226.04202608019114,35805251.47002818,82.04010722345988,True
563100.0,0.11352673261535566,0.1635845544888923,0.11127969474698318,292.8135946840048,35805398.48566386,82.04709455296512,True
563400.0,0.11358717061562372,0.1586190712105804,0.1114805186145702,360.50251254439354,35805565.35215469,82.05375567803036,True
563700.0,0.11365249200717945,0.15362859848738708,0.11168184958893335,429.073709115386,35805752.00684866,82.06008821261298,True
564000.0,0.11372275711633988,0.14861621270574688,0.111883664908774,498.49598556756973,35805958.36630575,82.06609043434997,True
564300.0,0.1137980303676886,0.14358504578811448,0.11208595508978192,568.7324510142207,35806184.33589401,82.07176127151692,True
564600.0,0.11387836977632734,0.13853826553145154,0.11228871370360594,639.7494218274951,35806429.80094495,82.07710031140437,True
564900.0,0.11396382969689343,0.13347904777032227,0.11249194073130298,711.511166498065,35806694.632085346,82.08210779350095,True
565200.0,0.11405446626030862,0.1284106425966911,0.11269564646687513,783.9836365282536,35806978.68160554,82.08678460050803,True
565500.0,0.11415032969239648,0.12333629050229433,0.11289984555176602,857.1294450834394,35807281.78860185,82.09113225763538,True
565800.0,0.11425147064810719,0.11825925596070874,0.11310456247174727,930.9133345335722,35807603.773652524,82.09515291885265,True
566100.0,0.1143579333264838,0.11318282644140254,0.1133098245092583,1005.2979077100754,35807944.44325159,82.09884936413215,True
566400.0,0.11446976283867899,0.10811027863914546,0.11351566968478721,1080.248635545373,35808303.584988415,82.10222498019091,True
566700.0,0.1145869994107311,0.10304489093451252,0.11372214044581597,1155.7259320095181,35808680.97568145,82.10528375399755,True
567000.0,0.11470968210090494,0.09798993150610613,0.11392928742549202,1231.6952194944024,35809076.37154268,82.1080302547741,True
567300.0,0.11483784813223448,0.09294866445566186,0.11413716844570843,1308.116485223174,35809489.518872395,82.11046961936897,True
567600.0,0.11497152929607558,0.08792433485280071,0.11434584491854594,1384.9538552686572,35809920.14475684,82.11260753888583,True
567900.0,0.11511075633235089,0.08292015728366664,0.11455538615956584,1462.1680480763316,35810367.96490659,82.11445023612886,True
568200.0,0.11525555990860933,0.07793930473536648,0.11476587021387274,1539.722518965602,35810832.67782407,82.11600444531724,True
568500.0,0.11540596249845525,0.07298493922192506,0.11497737500754113,1617.577788978815,35811313.97080584,82.11727740031839,True
568800.0,0.11556198910981276,0.06806017327124891,0.11518998934884905,1695.6971819028258,35811811.5145559,82.1182768019527,True
569100.0,0.11572365673695625,0.06316806716165502,0.11540380201697076,1774.0405585542321,35812324.969819956,82.11901080619714,True
569400.0,0.11589098654040778,0.05831163887265234,0.1156189135346608,1852.5695510357618,35812853.98253746,82.11948798876686,True
569700.0,0.1160639895404873,0.0534938761727517,0.11583542140795089,1931.246397599578,35813398.185410336,82.11971733537094,True
570000.0,0.11624268069856807,0.04871767795629012,0.11605343444200855,2010.0321680158377,35813957.200097665,82.11970820210298,True
570300.0,0.11642706777361471,0.043985906204852654,0.11627306072495003,2088.8879084140062,35814530.636506826,82.11947030146348,True
570600.0,0.11661715732414323,0.03930137414431556,0.11649441343946876,2167.7736593708396,35815118.09422633,82.11901366992896,True
570900.0,0.1168129533326254,0.03466679995355548,0.11671760941626985,2246.6525282487273,35815719.158919156,82.11834864222779,True
571200.0,0.11701445525416218,0.03008487655540648,0.11694276635604695,2325.4850674271584,35816333.408423364,82.11748582649066,True
571500.0,0.1172216637539624,0.025558205614657936,0.11717000860461724,2404.2315115481615,35816960.41100686,82.11643607045762,True
571800.0,0.11743457302444704,0.021089336899848377,0.11739945885948089,2482.853985734284,35817599.72366322,82.11521044144472,True
572100.0,0.11765317704967616,0.01668075098632471,0.11763124415190873,2561.3141890987754,35818250.894943066,82.11382019180952,True
572400.0,0.11787746420836842,0.012334854787241056,0.11786549006264124,2639.5717873722315,35818913.46708705,82.11227673603034,True
572700.0,0.11810742365426626,0.008053992650786768,0.11810232667988885,2717.590590618551,35819586.970382735,82.11059161596032,True
573000.0,0.11834303767735087,0.0038404673376533083,0.11834188057399331,2795.3309550881386,35820270.93130633,82.10877648006426,True
573300.0,0.11858429150080893,-0.00030351676633699753,0.11858428428504908,2872.7540860548615,35820964.86877072,82.10684304520497,True
573600.0,0.11883116216461119,-0.004375814376402332,0.11882966473810086,2949.8227887526155,35821668.293932214,82.10480307963537,True
573900.0,0.11908362563271732,-0.008374324619580875,0.11907815000121502,3026.4987698346376,35822380.713452555,82.10266836784876,True
574200.0,0.1193416580328281,-0.012297007991236342,0.11932987016571417,3102.744672834873,35823101.62803174,82.10045068156415,True
574500.0,0.11960522934891747,-0.016141912466849817,0.11958495058854623,3178.522635638714,35823830.53442271,82.09816175867608,True
574800.0,0.1198743091139924,-0.019907106516797057,0.11984351732976961,3253.7950694411993,35824566.92522752,82.09581327038649,True
575100.0,0.12014886099954449,-0.023590724297065435,0.12010569130545434,3328.5251801386476,35825310.28895298,82.09341680005507,True
575400.0,0.12042885136068915,-0.027190978914376274,0.1203715963737011,3402.675042435527,35826060.112514704,82.09098380860122,True
575700.0,0.12071423971350267,-0.03070609660807122,0.120641349680497,3476.210192076862,35826815.87722313,82.08852561818212,True
576000.0,0.1210049840177064,-0.03413436211121734,0.12091506643793082,3549.093213878572,35827577.06577293,82.08605338201174,True
576300.0,0.12130103943434206,-0.037474109884982454,0.12119285833989579,3621.288570165634,35828343.157990105,82.08357806117098,True
576600.0,0.12160236084967108,-0.0407237177001889,0.12147483575846252,3692.7600506842136,35829113.633955084,82.0811103982911,True
576900.0,0.12190889819403528,-0.043881582179210454,0.1217611028681631,3763.473240301013,35829887.97210443,82.07866089900914,True
577200.0,0.12222059959262205,-0.04694615600183738,0.12205176023068987,3833.391892053187,35830665.65342252,82.07623980669877,True
577500.0,0.12253741127799922,-0.0499159095296875,0.12234690461221476,3902.482509471476,35831446.157418765,82.07385708072184,True
577800.0,0.12285927614339492,-0.052789350646094135,0.12264662707195839,3970.7119049206376,35832228.96512257,82.0715223772066,True
578100.0,0.12318613378240587,-0.05556499740447407,0.12295101288549404,4038.0443132817745,35833013.56251571,82.0692450288074,True
578400.0,0.12351792566229582,-0.058241429459144456,0.12326014598062329,4104.447154648602,35833799.43530801,82.06703402078894,True
578700.0,0.12385458649058459,-0.06081719513463213,0.12357410075544806,4169.888091951609,35834586.07240922,82.06489798059233,True
579000.0,0.12419604864567534,-0.06329088450172549,0.12389294560037456,4234.334675133228,35835372.96680485,82.06284515658379,True
579300.0,0.12454224725814386,-0.06566112018390413,0.1242167477337972,4297.754745423794,35836159.61566181,82.0608833963792,True
579600.0,0.12489310954853695,-0.06792649165990383,0.12454556286145646,4360.116382025182,35836945.520880535,82.05902014126629,True
579900.0,0.12524856237794485,-0.07008562421370357,0.12487944179709132,4421.390168197453,35837730.18731604,82.05726240459326,True
580200.0,0.12560853214051698,-0.07213716395867209,0.12521843019185042,4481.544600553811,35838513.127843454,82.05561675798427,True
580500.0,0.12597294135329437,-0.0740797327746634,0.12556256531897247,4540.549846246839,35839293.860062756,82.05408932145826,True
580800.0,0.1263417107816407,-0.07591196742362172,0.1259118775297452,4598.377184189856,35840071.907305606,82.05268574982777,True
581100.0,0.1267147589202027,-0.07763250996146098,0.1262663895643783,4654.996894530952,35840846.801180094,82.0514112222207,True
581400.0,0.12709200292172887,-0.07923998385882669,0.12662611750525343,4710.381197750568,35841618.07905073,82.05027043093078,True
581700.0,0.12747335710893398,-0.08073302607738242,0.1269910686694118,4764.503736488521,35842385.284960754,82.04926757430874,True
582000.0,0.12785873269852818,-0.08211027367039492,0.12736124123787818,4817.335466377437,35843147.97412964,82.04840634890718,True
582300.0,0.12824804461706052,-0.08337034873642324,0.12773663104877642,4868.851762443781,35843905.70621857,82.0476899354533,True
582600.0,0.12864119873206156,-0.08451185828329244,0.1281172185661461,4919.025188632309,35844658.05291665,82.04712100563442,True
582900.0,0.1290381022332848,-0.08553342417434351,0.12850297871537464,4967.83309327811,35845404.59068367,82.04670170702308,True
583200.0,0.12943866187701017,-0.08643365306696182,0.12889387928342444,5015.248764008284,35846144.90991647,82.04643366043337,True
583500.0,0.12984278073317398,-0.08721115440533822,0.12928987723273622,5061.249356798828,35846878.607323244,82.04631796036293,True
583800.0,0.1302503609098533,-0.08786451982342669,0.12969092151026018,5105.811514541507,35847605.2905906,82.0463551699495,True
584100.0,0.13066130273157883,-0.0883923310397563,0.13009695194881488,5148.912366181612,35848324.57765176,82.04654532083286,True
584400.0,0.13107550456684097,-0.08879318923800383,0.13050789855118694,5190.531603261828,35849036.09485898,82.04688791364349,True
584700.0,0.13149286415067224,-0.08906567729019343,0.13092368314615044,5230.647664763033,35849739.481029116,82.0473819171219,True
585000.0,0.13191327849115103,-0.08920838611538784,0.13134421881569835,5269.239966496825,35850434.38542604,82.04802577047194,True
585300.0,0.13233663845899407,-0.08921989151542675,0.13176940462741982,5306.288088962436,35851120.46876569,82.04881739141186,True
585600.0,0.13276284098456603,-0.08909879660652109,0.13219913722437582,5341.774383842945,35851797.40078371,82.04975416837333,True
585900.0,0.13319177545447108,-0.08884370153219834,0.13263329744890484,5375.681076399982,35852464.86328835,82.05083297866237,True
586200.0,0.13362333275440696,-0.0884532189387528,0.1330717591390851,5407.990529552102,35853122.55003263,82.05205018545169,True
586500.0,0.13405740010911427,-0.08792595660833058,0.1335143840903612,5438.684756420553,35853770.16731944,82.05340164960162,True
586800.0,0.13449386910089092,-0.0872605506791615,0.1339610296306546,5467.749418199062,35854407.43010242,82.05488272986071,True
587100.0,0.13493262479382767,-0.08645567827593936,0.13441153751342938,5495.1696731597185,35855034.06621696,82.05648830273994,True
587400.0,0.13537355290529707,-0.08550999693594008,0.13486574183350797,5520.929943606257,35855649.81667505,82.05821276434419,True
587700.0,0.1358165375303366,-0.08442224842104906,0.13532346548177543,5545.01778190583,35856254.43184233,82.06005004464802,True
588000.0,0.13626146249102067,-0.08319114730042543,0.13578452284741616,5567.419723711908,35856847.67560993,82.06199361649705,True
588300.0,0.1367082122498912,-0.08181549547504119,0.13624871941195238,5588.124562323093,35857429.322127484,82.06403650867871,True
588600.0,0.13715666760875372,-0.08029412200141905,0.13671584820384908,5607.120967194438,35857999.158173986,82.06617132309172,True
588900.0,0.13760670967617866,-0.07862591614511416,0.13718569347955167,5624.399885684252,35858556.980728194,82.06839024564067,True
589200.0,0.13805821758462883,-0.07680978937079885,0.13765802894087642,5639.949740812182,35859102.60172608,82.07068506352135,True
589500.0,0.13851107368478413,-0.0748447620014474,0.13813262213542998,5653.763174407184,35859635.841255955,82.07304717725306,True
589800.0,0.1389651573005589,-0.07272989796456386,0.1386092290464518,5665.831154376268,35860156.533373326,82.07546762343023,True
590100.0,0.13942034383310076,-0.07046434080490371,0.1390875929832589,5676.147998377681,35860664.52098337,82.07793709406208,True
590400.0,0.13987651373267082,-0.06804732051148221,0.13956745371228862,5684.707436047494,35861159.65966921,82.08044594655186,True
590700.0,0.14033354285605576,-0.06547813801813618,0.1400485381502392,5691.5044179186225,35861641.8157586,82.08298423296674,True
591000.0,0.14079131097242112,-0.06275623759364635,0.14053056849435563,5696.532725229859,35862110.868575,82.08554171270379,True
591300.0,0.14124969304755206,-0.05988110694562465,0.14101325464203285,5699.790713049471,35862566.704541214,82.08810788167801,True
591600.0,0.14170856518165875,-0.05685239366306405,0.14149629944301978,5701.274448908865,35863009.22387397,82.09067198945473,True
591900.0,0.1421678042903674,-0.05366985169288796,0.14197939918292946,5700.98270111531,35863438.33541572,82.09322306190809,True
592200.0,0.14262728717087125,-0.05033333569838305,0.14246224301089683,5698.912603236735,35863853.96077756,82.09574992565639,True
592500.0,0.143086888426221,-0.046842871506157735,0.14294451075319614,5695.06666135788,35864256.02712769,82.09824123479102,True
592800.0,0.14354648529198288,-0.04319859221803313,0.14342587860060974,5689.443666905165,35864644.476062685,82.10068549038938,True
593100.0,0.14400595173568911,-0.039400817026120194,0.14390601315460572,5682.044626735151,35865019.25745062,82.10307107227204,True
593400.0,0.144465165885699,-0.03544998140159805,0.1443845797419101,5672.872793130577,35865380.32916442,82.10538625705453,True
593700.0,0.1449240026297525,-0.03134670394069872,0.14486123512922688,5661.931397870183,35865727.6591011,82.10761925232333,True
594000.0,0.14538233939107206,-0.0270917594923219,0.14533563397152705,5649.2232281938195,35866061.22535046,82.10975821754107,True
594300.0,0.14584005103454353,-0.022686130254157888,0.1458074240808429,5634.754256293178,35866381.01230186,82.11179129654997,True
594600.0,0.1462970154734326,-0.01813092960725271,0.14627625287654666,5618.529951751232,35866687.01406019,82.11370663925955,True
594900.0,0.1467531086831646,-0.01342748599506649,0.14674176270945338,5600.55580047518,35866979.233648606,82.11549243475403,True
595200.0,0.14720820838645352,-0.008577319548777496,0.14720359528185156,5580.84075345099,35867257.67927476,82.11713693555174,True
595500.0,0.14766219353674703,-0.0035821427268842854,0.14766139178017568,5559.391046129167,35867522.37022095,82.1186284863285,True
595800.0,0.14811494205790446,0.0015561552771146125,0.14811479127223492,5536.217339210212,35867773.32940767,82.11995555448225,True
596100.0,0.1485663338266497,0.006835441574111201,0.14856343436446195,5511.327866114676,35868010.58994609,82.1211067554834,True
596400.0,0.1490162464310807,0.012253404304374271,0.14900695970814581,5484.734869197011,35868234.18839821,82.12207088534288,True
596700.0,0.14946456246954204,0.017807514147307302,0.1494450120269164,5456.448756121099,35868444.17031371,82.12283694145424,True
597000.0,0.14991116036446833,0.023495055261037123,0.14987723362294503,5426.481552295387,35868640.58646839,82.12339415977883,True
597300.0,0.1503559255448459,0.029313069927809465,0.1503032764462091,5394.8465766608715,35868823.49287756,82.12373203120521,True
597600.0,0.15079873905105076,0.03525841408313113,0.1507227913513276,5361.558055095375,35868992.950870834,82.12384034038871,True
597900.0,0.15123948387482888,0.041327715599550174,0.15113543535748875,5326.630858846009,35869149.02704132,82.12370918617182,True
598200.0,0.15167804544395738,0.04751741419315181,0.15154087277753092,5290.0793280899525,35869291.7941102,82.12332900763188,True
598500.0,0.15211431036908954,0.05382374465500561,0.15193877481668494,5251.920944489539,35869421.32694301,82.1226906110905,True
598800.0,0.15254816355162631,0.0602427190997048,0.15232881762580064,5212.17176502198,35869537.70680625,82.12178519800541,True
599100.0,0.15297949336317085,0.06677018656165501,0.15271068791089704,5170.849343404174,35869641.01813865,82.12060438456534,True
599400.0,0.1534081905647609,0.07340178582123258,0.15308408296552045,5127.973094806075,35869731.347881764,82.11914022604824,True
599700.0,0.1538341437726476,0.08013296655872182,0.15344870682018552,5083.562095344067,35869808.7873793,82.11738524416644,True
600000.0,0.15425724600961235,0.08695900842491255,0.1538042774427879,5037.636558458209,35869873.43060343,82.1153324423844,True
600300.0,0.1546773889070597,0.09387503258045626,0.1541505215788419,4990.215882591903,35869925.37581441,82.11297533255532,True
600600.0,0.15509446842736385,0.1008759774578607,0.15448718153777463,4941.323544308543,35869964.72037981,82.11030794849194,True
600900.0,0.15550837765553488,0.10795663403044387,0.154814008384335,4890.979957565665,35869991.56763324,82.10732487194603,True
601200.0,0.15591901665625535,0.11511166324123678,0.15513077235263495,4839.208310469985,35870006.02076186,82.10402124011736,True
601500.0,0.15632628552601072,0.12233559953529038,0.15543725653419926,4786.032681196928,35870008.18442118,82.10039276857202,True
601800.0,0.15673008027668067,0.12962283370870864,0.15573325371693159,4731.47756794095,35869998.16494324,82.09643576964633,True
602100.0,0.15713030782480716,0.1369676629822436,0.15601858146402492,4675.5679040029645,35869976.07006725,82.09214715118814,True
602400.0,0.15752686965915214,0.14436429854100652,0.15629306619146632,4618.328203350306,35869942.009547636,82.0875244448329,True
602700.0,0.15791967035182378,0.15180685296465413,0.15655655257717171,4559.785200357437,35869896.092276685,82.0825658074381,True
603000.0,0.15830861928701107,0.15928939132641062,0.15680890505016976,4499.9655466377735,35869838.42835892,82.0772700288952,True
603300.0,0.1586936250083684,0.1668059049314934,0.15705000312004813,4438.897502847016,35869769.127199866,82.07163654452013,True
603600.0,0.15907459859350573,0.174350342028049,0.15727974479003137,4376.608091942966,35869688.30014292,82.06566543776736,True
603900.0,0.15945145245195153,0.18191665629569798,0.15749804483174046,4313.126664862037,35869596.05670406,82.05935744645727,True
604200.0,0.15982410325944674,0.18949874658687804,0.15770483945127012,4248.483166351914,35869492.50611641,82.05271396098426,True
604500.0,0.16019246787438587,0.19709055927535246,0.15790008039586212,4182.704653702676,35869377.76063288,82.04573703145269,True
604800.0,0.1605564626621443,0.2046860226259355,0.1580837360441052,4115.823951691389,35869251.92670323,82.03842936618513,True
