seconds_after_cutoff,line_of_sight_error_deg,azimuth_error_deg,elevation_error_deg,range_error_m,reference_range_m,reference_elevation_deg,reference_visible
300.0,1.6033693718309801e-06,1.549429867964136e-06,8.646194906702931e-07,-0.08886636048555374,38816169.10759071,29.37103597266942,True
600.0,1.622857449898009e-06,1.5461284306184098e-06,9.046827891268094e-07,-0.1040252223610878,38812727.33665682,29.37803779666922,True
900.0,1.6429925509192127e-06,1.5421156263073499e-06,9.447745306090383e-07,-0.11854923516511917,38812430.61308796,29.349272038922507,True
1200.0,1.6619136759810093e-06,1.5349098134720407e-06,9.847482473901437e-07,-0.1328732892870903,38815238.712746486,29.285237378006073,True
1500.0,1.681288319576485e-06,1.5261408918831876e-06,1.0254274300791621e-06,-0.14883960038423538,38821107.59448493,29.186519787800425,True
1800.0,1.698611529628999e-06,1.5138168691919418e-06,1.0649382424787746e-06,-0.1638728827238083,38829989.530691676,29.053787919977438,True
2100.0,1.7158036370744295e-06,1.4998784649833397e-06,1.1042509058256655e-06,-0.1788434460759163,38841833.25957597,28.887787820164853,True
2400.0,1.7334171482479868e-06,1.4850584761916252e-06,1.1434980358160374e-06,-0.19458109885454178,38856584.133552425,28.689337099651176,True
2700.0,1.7501023137032625e-06,1.4683057543152245e-06,1.1817421174953324e-06,-0.21002524346113205,38874184.27608475,28.459318660407614,True
3000.0,1.764146032138558e-06,1.4469078450929374e-06,1.2190674354428666e-06,-0.22560614347457886,38894572.749938615,28.198674088302763,True
3300.0,1.7800118746361797e-06,1.4264569188071619e-06,1.2567583134170945e-06,-0.2414061799645424,38917685.72573464,27.90839683223211,True
3600.0,1.793435924381863e-06,1.4035501862963429e-06,1.2918980978327e-06,-0.2576564848423004,38943456.65768865,27.58952528277747,True
3900.0,1.8066769178572626e-06,1.378986382860603e-06,1.3270120433617194e-06,-0.273006409406662,38971816.46130389,27.243135833352685,True
4200.0,1.819170688415691e-06,1.3536246115108952e-06,1.36065562372778e-06,-0.28896529227495193,39002693.70074181,26.87033605282839,True
4500.0,1.8309450764653376e-06,1.327217148627824e-06,1.3931532798494572e-06,-0.3046681582927704,39036014.76935323,26.472258019886613,True
4800.0,1.8410894146338167e-06,1.2989013100650482e-06,1.4240242904861589e-06,-0.32126134634017944,39071704.08200423,26.050051915411533,True
5100.0,1.851178888517011e-06,1.2709980410363642e-06,1.4536620369653974e-06,-0.33707916736602783,39109684.259717226,25.60487992095343,True
5400.0,1.8593494526483063e-06,1.2410714589350391e-06,1.4815085123132121e-06,-0.3525741770863533,39149876.324954316,25.13791047926464,True
5700.0,1.8677164173488171e-06,1.2105416828944726e-06,1.509261068122214e-06,-0.368618980050087,39192199.89054252,24.650312944554646,True
6000.0,1.8744138499841896e-06,1.1807846931333188e-06,1.5337629939438102e-06,-0.38491253554821014,39236573.34837712,24.143252662601515,True
6300.0,1.8793122936706406e-06,1.149183816551158e-06,1.556651056944247e-06,-0.4004424288868904,39282914.05928001,23.61788646796726,True
6600.0,1.8852216892987915e-06,1.1189243878106936e-06,1.5793662377916462e-06,-0.416454553604126,39331138.54391573,23.075358634678658,True
6900.0,1.8892505864778047e-06,1.0878823957227723e-06,1.5997946576362665e-06,-0.4318869188427925,39381162.66420013,22.51679726094714,True
7200.0,1.8922680433342486e-06,1.0565656509697874e-06,1.6187142328760729e-06,-0.4474104791879654,39432901.81085055,21.943311069733163,True
7500.0,1.893795441208231e-06,1.025476308313955e-06,1.6353336498298177e-06,-0.46305322647094727,39486271.081590354,21.355986630249767,True
7800.0,1.893654661815142e-06,9.936662479503866e-07,1.6500181025946858e-06,-0.4785333424806595,39541185.45869928,20.755885962293835,True
8100.0,1.8934744466622597e-06,9.623611276765587e-07,1.6640148317037529e-06,-0.4938702657818794,39597559.983076334,20.14404451029368,True
8400.0,1.8918693154601926e-06,9.315454292391223e-07,1.6757956800006468e-06,-0.5086935013532639,39655309.92286252,19.521469461882244,True
8700.0,1.890045960589878e-06,9.010154826682992e-07,1.6868697798599896e-06,-0.5233002752065659,39714350.93933451,18.889138371181712,True
9000.0,1.8856973888096168e-06,8.711346595191571e-07,1.694516871708629e-06,-0.5375017300248146,39774599.2457982,18.24799808175961,True
9300.0,1.880912154528669e-06,8.402086564274214e-07,1.7018859850281842e-06,-0.5517939701676369,39835971.763739124,17.598963891230536,True
9600.0,1.8748978834488011e-06,8.119382925997343e-07,1.7064537907174326e-06,-0.5656161457300186,39898386.270741485,16.94291896945424,True
9900.0,1.8678003461541377e-06,7.824835392966634e-07,1.7101223264148757e-06,-0.5801557898521423,39961761.54741443,16.280713960929223,True
10200.0,1.8610118577999938e-06,7.54429294147485e-07,1.713309682571662e-06,-0.5932646989822388,40026017.51069508,15.61316678415128,True
10500.0,1.8506752060231617e-06,7.256399499055988e-07,1.712730982816879e-06,-0.6060346812009811,40091075.35291018,14.941062584829336,True
10800.0,1.840979730405723e-06,6.995088313033193e-07,1.7116085100354894e-06,-0.6195200085639954,40156857.66494141,14.26515381242653,True
11100.0,1.8288029577478183e-06,6.714620042203023e-07,1.7083729684230775e-06,-0.6321083009243011,40223288.55387788,13.586160433873662,True
11400.0,1.817391111953174e-06,6.454825154378341e-07,1.7050055305389833e-06,-0.644744373857975,40290293.76226559,12.904770224953939,True
11700.0,1.8035183870619065e-06,6.197734592205961e-07,1.6987564439574498e-06,-0.6561350747942924,40357800.77100733,12.22163915900512,True
12000.0,1.7893118560143322e-06,5.931052271535009e-07,1.692316486057166e-06,-0.66807871311903,40425738.90600311,11.537391842940611,True
12300.0,1.7740496190019223e-06,5.689743147740955e-07,1.683744876856963e-06,-0.6787164360284805,40494039.42629268,10.852622025998809,True
12600.0,1.7574904015208547e-06,5.452344851164526e-07,1.6735460306449568e-06,-0.6903846934437752,40562635.62036071,10.167893132097102,True
12900.0,1.7403846416640338e-06,5.209700191244337e-07,1.6627980290451205e-06,-0.701181210577488,40631462.87971452,9.483738831621702,False
13200.0,1.722042513647003e-06,4.970840450368996e-07,1.6504913968873325e-06,-0.7113713398575783,40700458.78087255,8.800663635595987,False
13500.0,1.7025380813910459e-06,4.7466716068811365e-07,1.6364049404415937e-06,-0.7210740968585014,40769563.15222783,8.119143498268004,False
13800.0,1.6821789597102496e-06,4.5229415945868823e-07,1.6212913811486374e-06,-0.7304597124457359,40838718.13705439,7.439626429875094,False
14100.0,1.661129267376393e-06,4.295813482713129e-07,1.605418693095828e-06,-0.73920938372612,40907868.249454856,6.762533113133456,False
14400.0,1.6386031093716554e-06,4.087521290330187e-07,1.5873944914090998e-06,-0.7478874549269676,40976960.42595591,6.088257517083574,False
14700.0,1.615642220058309e-06,3.8710413718945347e-07,1.5690078800645324e-06,-0.7562420517206192,41045944.06783292,5.417167498987693,False
15000.0,1.5916607720421727e-06,3.6587925933417864e-07,1.5493334686311755e-06,-0.7642585709691048,41114771.08006108,4.749605408247387,False
15300.0,1.5681179525184297e-06,3.4620330779944197e-07,1.5296227209304902e-06,-0.7712166458368301,41183395.90222298,4.085888668728983,False
15600.0,1.541142449615678e-06,3.2575684372204705e-07,1.5064466678538224e-06,-0.7784655094146729,41251775.537173085,3.426310360567714,False
15900.0,1.5150336965815389e-06,3.065010787395295e-07,1.4837802302380965e-06,-0.7852658927440643,41319869.56689755,2.771139769845416,False
16200.0,1.4888997014156688e-06,2.8636105753321317e-07,1.4611406311537678e-06,-0.791916199028492,41387640.16988249,2.1206229485975805,False
16500.0,1.4608150071314406e-06,2.6722602797235595e-07,1.4361817619601425e-06,-0.7970667034387589,41455052.12699316,1.4749832467385848,False
16800.0,1.431552884997136e-06,2.481714318491868e-07,1.409882148251107e-06,-0.8035534843802452,41522072.83029824,0.8344218281236878,False
17100.0,1.4024842954157911e-06,2.2971011048866785e-07,1.3835447566223902e-06,-0.8086719065904617,41588672.270864844,0.1991181821994322,False
17400.0,1.3728701305624024e-06,2.1080938950035488e-07,1.3565892199030039e-06,-0.8136298805475235,41654823.040372215,-0.43076937680168775,False
17700.0,1.3418920057974575e-06,1.934891145083384e-07,1.3278737944766306e-06,-0.818481519818306,41720500.31295569,-1.0551032247008905,False
18000.0,1.3103666251767763e-06,1.7521904283057665e-07,1.2986089361621822e-06,-0.8221045061945915,41785681.826956786,-1.6737659529675528,False
18300.0,1.277751125624417e-06,1.5654273965992616e-07,1.268140891852454e-06,-0.8257378488779068,41850347.865211084,-2.2866598948597727,False
18600.0,1.2459569006101438e-06,1.4034844753041398e-07,1.2380472989015345e-06,-0.8289663046598434,41914481.22287692,-2.8937066659544644,False
18900.0,1.2123614127869697e-06,1.2205831012579438e-07,1.2062244074684259e-06,-0.8322448655962944,41978067.177016795,-3.494846699067228,False
19200.0,1.179734672077613e-06,1.0481556955710403e-07,1.1750929660436782e-06,-0.8344302028417587,42041093.44651898,-4.090038795957895,False
19500.0,1.1445554742268078e-06,8.69044640694483e-08,1.1412734606253139e-06,-0.8371873497962952,42103550.15435016,-4.6792596614160535,False
19800.0,1.1093653955132965e-06,7.079401598275581e-08,1.1071232783876894e-06,-0.8389263600111008,42165429.77491799,-5.262503458361711,False
20100.0,1.074030010117685e-06,5.2799776995016146e-08,1.0727448467307e-06,-0.8407564461231232,42226727.089157775,-5.839781340834529,False
20400.0,1.0392717483689273e-06,3.6472215469984803e-08,1.0386395574712992e-06,-0.841893382370472,42287439.12490775,-6.4111209933529505,False
20700.0,1.0027245640549827e-06,1.983562469831668e-08,1.0025312482397908e-06,-0.8429157361388206,42347565.101099625,-6.976566158534693,False
21000.0,9.660633309984567e-07,3.6164351513434667e-09,9.66056677320637e-07,-0.8435946777462959,42407106.36262294,-7.5361761671220835,False
21300.0,9.289293925151361e-07,-1.4071645182411885e-08,9.288249174232988e-07,-0.8443454056978226,42466066.315047465,-8.090025446454979,False
21600.0,8.920227329899488e-07,-3.0598783951063524e-08,8.915096127992683e-07,-0.843692384660244,42524450.35173578,-8.638203027703321,False
21900.0,8.545119171058717e-07,-4.583068857755279e-08,8.533133293298079e-07,-0.8434948474168777,42582265.78523454,-9.180812035968405,False
22200.0,8.17272847383245e-07,-6.22532922989194e-08,8.149661692158361e-07,-0.8427788466215134,42639521.7639373,-9.717969173315742,False
22500.0,7.794313277560322e-07,-7.941312674120127e-08,7.755039845847023e-07,-0.8420393019914627,42696229.196031466,-10.2498041820274,False
22800.0,7.412250198273487e-07,-9.504242370894644e-08,7.353212012617405e-07,-0.8404238596558571,42752400.663294934,-10.776459299760056,False
23100.0,7.046316229896384e-07,-1.1059765370191599e-07,6.962351353223539e-07,-0.8384768068790436,42808050.33757813,-11.298088696692158,False
23400.0,6.671186799549754e-07,-1.2704953178399592e-07,6.554253921819964e-07,-0.8357504308223724,42863193.88944013,-11.814857891030476,False
23700.0,6.299418851909323e-07,-1.432042040505621e-07,6.142100854589216e-07,-0.8340020030736923,42917848.39982318,-12.326943163507119,False
24000.0,5.935420284012652e-07,-1.5839418665564153e-07,5.730980845441991e-07,-0.8313540369272232,42972032.26031385,-12.834530942141587,False
24300.0,5.575293564695405e-07,-1.7436434518458555e-07,5.310876272091036e-07,-0.8277741521596909,43025765.08252149,-13.337817175236477,False
24600.0,5.231727961300652e-07,-1.900214670058631e-07,4.89557884009173e-07,-0.8243813961744308,43079067.59926107,-13.837006693116983,False
24900.0,4.892685861115251e-07,-2.0499760466918815e-07,4.4714081148811147e-07,-0.8199654668569565,43131961.56111068,-14.332312545323363,False
25200.0,4.5744465173389553e-07,-2.201843471993925e-07,4.0490492203559825e-07,-0.8161244913935661,43184469.63993847,-14.823955333067966,False
25500.0,4.272404684941985e-07,-2.342748928185756e-07,3.625978415300324e-07,-0.8106799647212029,43236615.31925099,-15.31216251833169,False
25800.0,4.005370887873887e-07,-2.5043351570275263e-07,3.199390654629042e-07,-0.8059639036655426,43288422.79815649,-15.797167724363028,False
26100.0,3.7617039942763965e-07,-2.643148206971091e-07,2.7772561494998627e-07,-0.8010538890957832,43339916.87822123,-16.279210023248446,False
26400.0,3.551710708722618e-07,-2.791241513477871e-07,2.339093931880143e-07,-0.7946377247571945,43391122.8601073,-16.75853320674305,False
26700.0,3.399110537406875e-07,-2.9384784738795133e-07,1.9176430043899018e-07,-0.7883430421352386,43442066.44003861,-17.23538505862419,False
27000.0,3.29153407174198e-07,-3.0812134355073795e-07,1.4895835320771766e-07,-0.7814342007040977,43492773.59721198,-17.71001659862935,False
27300.0,3.2400713367520133e-07,-3.219137170162867e-07,1.0697130647940867e-07,-0.7744695022702217,43543270.4899648,-18.182681338753895,False
27600.0,3.2419233128616694e-07,-3.35620086389099e-07,6.311235267730808e-08,-0.766937866806984,43593583.345939666,-18.653634515575035,False
27900.0,3.3137641054225243e-07,-3.500661023281282e-07,2.0393144950503483e-08,-0.7593269124627113,43643738.35692261,-19.123132335329124,False
28200.0,3.4395056192928496e-07,-3.643833679234376e-07,-2.1332873245683004e-08,-0.7506988123059273,43693761.569657676,-19.591431196672648,False
28500.0,3.6024562922438817e-07,-3.7755631865366013e-07,-6.322439460859641e-08,-0.7421834319829941,43743678.78327572,-20.05878692241791,False
28800.0,3.8098917010718655e-07,-3.912697366104112e-07,-1.04313809146106e-07,-0.7334040403366089,43793515.44058267,-20.52545399179458,False
29100.0,4.0562980872225833e-07,-4.0529272382627823e-07,-1.461273058112056e-07,-0.7245060876011848,43843296.526107974,-20.99168476605294,False
29400.0,4.3226183148908053e-07,-4.188860884823953e-07,-1.867233798691359e-07,-0.7144143208861351,43893046.46176942,-21.45772872729833,False
29700.0,4.6079502981180804e-07,-4.3165553620383434e-07,-2.2799328647238326e-07,-0.7041846886277199,43942789.009250246,-21.923831708231035,False
30000.0,4.907732579561423e-07,-4.4495749307316146e-07,-2.675781836103397e-07,-0.6937744095921516,43992547.16764126,-22.390235142908132,False
30300.0,5.2260270386157e-07,-4.588233650792972e-07,-3.071778351682042e-07,-0.6826236844062805,44042343.07696789,-22.857175308157593,False
30600.0,5.546515856543724e-07,-4.718915818102687e-07,-3.462180551139227e-07,-0.6719264835119247,44092197.92570391,-23.324882588007718,False
30900.0,5.877040514164898e-07,-4.852349206885265e-07,-3.8505437771618745e-07,-0.6606508195400238,44142131.85455291,-23.79358073818905,False
31200.0,6.206064276359827e-07,-4.983876920050534e-07,-4.2273726208463813e-07,-0.6492492854595184,44192163.87065453,-24.26348616681144,False
31500.0,6.53357692501368e-07,-5.112554504194122e-07,-4.59625361770577e-07,-0.6364905089139938,44242311.7578581,-24.734807221938556,False
31800.0,6.865695562631404e-07,-5.24250850730823e-07,-4.963793216461454e-07,-0.624635174870491,44292591.99849223,-25.20774349540033,False
32100.0,7.198050893277592e-07,-5.378379910325748e-07,-5.321472293928764e-07,-0.6113389357924461,44343019.685212575,-25.68248514076254,False
32400.0,7.524107784665882e-07,-5.506833531399025e-07,-5.672839122894402e-07,-0.5995298102498055,44393608.4543665,-26.159212200684276,False
32700.0,7.852349769682804e-07,-5.645127885145484e-07,-6.016473719228088e-07,-0.5860739499330521,44444370.401872374,-26.638093953027237,False
33000.0,8.170281533424405e-07,-5.771831297352037e-07,-6.353103820799788e-07,-0.5729007795453072,44495316.02545938,-27.119288269111934,False
33300.0,8.487893418977014e-07,-5.918902274970606e-07,-6.673236718768294e-07,-0.5591130256652832,44546454.151958436,-27.60294098853492,False
33600.0,8.800297617178299e-07,-6.057812811377516e-07,-6.991689218693864e-07,-0.5457527413964272,44597791.88147019,-28.089185303770424,False
33900.0,9.100431973888943e-07,-6.19224238107563e-07,-7.297125534933002e-07,-0.531417042016983,44649334.526748225,-28.5781411674147,False
34200.0,9.404162398859888e-07,-6.334574607080867e-07,-7.601606277773953e-07,-0.5175660401582718,44701085.566772,-29.069914703042894,False
34500.0,9.711276845225858e-07,-6.478279885868687e-07,-7.909351609214355e-07,-0.5034297630190849,44753046.59453738,-29.5645976370308,False
34800.0,9.992136614463101e-07,-6.628588380408473e-07,-8.181108555049832e-07,-0.48864559084177017,44805217.277303874,-30.06226674277422,False
35100.0,1.027781784097917e-06,-6.77614394817283e-07,-8.461049532115794e-07,-0.4741945043206215,44857595.31996199,-30.562983279485813,False
35400.0,1.0550746123949635e-06,-6.934159841875953e-07,-8.720079058832653e-07,-0.46017036586999893,44910176.430136465,-31.06679246886023,False
35700.0,1.0827152162674663e-06,-7.093873364283354e-07,-8.983337203005703e-07,-0.4451494589447975,44962954.28986053,-31.573722951313727,False
36000.0,1.108659669202943e-06,-7.258617529259936e-07,-9.224414156960847e-07,-0.4309115558862686,45015920.53762655,-32.08378627184969,False
36300.0,1.1350549845300587e-06,-7.420071028718667e-07,-9.473997977238469e-07,-0.416372150182724,45069064.744712226,-32.59697634890601,False
36600.0,1.160270227938513e-06,-7.594157409585023e-07,-9.703753462986242e-07,-0.4014779254794121,45122374.4065603,-33.113268968068404,False
36900.0,1.1850954555860924e-06,-7.774337689170352e-07,-9.927029154255251e-07,-0.38664402812719345,45175834.934801534,-33.63262125430743,False
37200.0,1.2087741748144e-06,-7.957884520237712e-07,-1.0136419348327763e-06,-0.371431864798069,45229429.65361687,-34.15497115842316,False
37500.0,1.2319309814312686e-06,-8.146258778651827e-07,-1.0338705322965325e-06,-0.35658110678195953,45283139.80453521,-34.680236929222154,False
37800.0,1.2540534931864999e-06,-8.344193247467047e-07,-1.0525386215931576e-06,-0.3424590304493904,45336944.552699275,-35.2083165851022,False
38100.0,1.275589541596616e-06,-8.541786655769101e-07,-1.0707148092592433e-06,-0.32676248252391815,45390820.99738982,-35.73908736965053,False
38400.0,1.297213059688845e-06,-8.749930771045911e-07,-1.0886361963002855e-06,-0.31238048523664474,45444744.19765836,-36.27240520127309,False
38700.0,1.3183145803842634e-06,-8.987643411728641e-07,-1.104599370194137e-06,-0.2976378798484802,45498687.18521765,-36.80810410646659,False
39000.0,1.3380376150686814e-06,-9.209089455453068e-07,-1.1199817109286414e-06,-0.28336869180202484,45552620.99895473,-37.34599562976824,False
39300.0,1.357613175753989e-06,-9.440299209018121e-07,-1.1348991719728474e-06,-0.26846324652433395,45606514.71261524,-37.885868233533834,False
39600.0,1.3775732180231066e-06,-9.700240184429276e-07,-1.149017506918426e-06,-0.2536911368370056,45660335.475353256,-38.42748667087997,False
39900.0,1.3954754021279866e-06,-9.951448873835034e-07,-1.161356514955969e-06,-0.2387200891971588,45714048.54994892,-38.97059133608068,False
40200.0,1.4134350078777e-06,-1.0217695489700418e-06,-1.1732241844697455e-06,-0.2248729020357132,45767617.36110733,-39.514897586775724,False
40500.0,1.431038927516563e-06,-1.050657544965361e-06,-1.183735072629588e-06,-0.2094966024160385,45821003.539574444,-40.060095047498855,False
40800.0,1.4477705282640587e-06,-1.0792358011713077e-06,-1.1936024790770716e-06,-0.19543179869651794,45874166.985411346,-40.605846878387084,False
41100.0,1.4632507360343936e-06,-1.109247051545026e-06,-1.201455809507479e-06,-0.18127331882715225,45927065.9159624,-41.151789025094416,False
41400.0,1.4801973145412037e-06,-1.1417492942200624e-06,-1.2100483530730344e-06,-0.16728591918945312,45979656.93321824,-41.697529433698826,False
41700.0,1.4944624974419382e-06,-1.1746480481633625e-06,-1.2154089858995576e-06,-0.1533217802643776,46031895.08675154,-42.242647259760844,False
42000.0,1.5090819669377731e-06,-1.2091851147033594e-06,-1.2205895956185486e-06,-0.13853471726179123,46083733.94184456,-42.786692033347215,False
42300.0,1.5240657170714485e-06,-1.2451563975446334e-06,-1.2257172130603067e-06,-0.12420331686735153,46135125.653940864,-43.32918283325587,False
42600.0,1.5373186898048264e-06,-1.2823836925690557e-06,-1.2282746340019912e-06,-0.11034364998340607,46186021.03991714,-43.869607443186,False
42900.0,1.550336141701069e-06,-1.3212389831096516e-06,-1.2298994604975633e-06,-0.09601502865552902,46236369.655890234,-44.40742150222577,False
43200.0,1.5627499875237694e-06,-1.3615008924716676e-06,-1.2302318026513603e-06,-0.08209118992090225,46286119.88014134,-44.942047680076314,False
43500.0,1.5753978627051116e-06,-1.4032656281415257e-06,-1.230265155527377e-06,-0.06893891841173172,46335218.993405886,-45.47287486810095,False
43800.0,1.5872172200224502e-06,-1.4471107760982704e-06,-1.2282950265785075e-06,-0.05464652180671692,46383613.26197794,-45.99925741957018,False
44100.0,1.5977832319041431e-06,-1.4917241060175002e-06,-1.2244658336157954e-06,-0.04157356172800064,46431248.03120532,-46.52051444281289,False
44400.0,1.6085592955648636e-06,-1.5386992799903965e-06,-1.2197228400623317e-06,-0.027782626450061798,46478067.80574187,-47.035929184746536,False
44700.0,1.6188202896503209e-06,-1.587570665151361e-06,-1.2133352811360965e-06,-0.013749927282333374,46524016.34675978,-47.54474852776465,False
45000.0,1.6284640646868963e-06,-1.6372794107155642e-06,-1.205738726639538e-06,0.00016970932483673096,46569036.76140496,-48.04618262449435,False
45300.0,1.6373860634068775e-06,-1.6878711903700605e-06,-1.196712354101237e-06,0.013858817517757416,46613071.59596968,-48.539404715966825,False
45600.0,1.644774773397896e-06,-1.7400446665760683e-06,-1.1846221994460393e-06,0.027658961713314056,46656062.93006965,-49.02355116740097,False
45900.0,1.6533256602045102e-06,-1.7947901653769804e-06,-1.1724684796377005e-06,0.04098416119813919,46697952.473354734,-49.497721760096844,False
46200.0,1.6602901802849296e-06,-1.8500119836062368e-06,-1.1576506082633387e-06,0.05500665307044983,46738681.65889077,-49.96098031080605,False
46500.0,1.666604523123247e-06,-1.9058570899233018e-06,-1.1412739269189842e-06,0.06863030791282654,46778191.74382002,-50.41235563458014,False
46800.0,1.6724673180502868e-06,-1.9634762509213033e-06,-1.1227108984712686e-06,0.08178725093603134,46816423.903090924,-50.85084293995802,False
47100.0,1.6774100072013383e-06,-2.019571070377424e-06,-1.1034168778678577e-06,0.09531416743993759,46853319.32683227,-51.27540568867204,False
47400.0,1.6825821623850386e-06,-2.0790674852833035e-06,-1.0814745223797217e-06,0.1088956668972969,46888819.31972033,-51.684977994633556,False
47700.0,1.6861924225690817e-06,-2.1377109646891768e-06,-1.0569671573534833e-06,0.12174087017774582,46922865.39751415,-52.078467596407684,False
48000.0,1.6898120875858542e-06,-2.1952732254248986e-06,-1.0323903509856791e-06,0.1354970708489418,46955399.38110199,-52.454759468903056,False
48300.0,1.6926670533663737e-06,-2.254182845717878e-06,-1.0043777649570984e-06,0.1484653279185295,46986363.49884611,-52.8127201206616,False
48600.0,1.6944064298874167e-06,-2.3115901512937853e-06,-9.742999793616036e-07,0.16201131790876389,47015700.47619047,-53.151202581268635,False
48900.0,1.6944131326126102e-06,-2.3656352254874946e-06,-9.42400880887817e-07,0.1744527444243431,47043353.63711387,-53.469052132087,False
49200.0,1.6950960895051014e-06,-2.4213143205997767e-06,-9.082551528649674e-07,0.1880846992135048,47069266.991636604,-53.76511275739791,False
49500.0,1.6952434537376224e-06,-2.473923473189643e-06,-8.736264192066301e-07,0.20058510452508926,47093385.33801385,-54.03823429798536,False
49800.0,1.693319552752982e-06,-2.5233109681721544e-06,-8.353830693863529e-07,0.21420806646347046,47115654.34608935,-54.28728027243713,False
50100.0,1.6919917010661043e-06,-2.5707932138629985e-06,-7.971184956545585e-07,0.22756973654031754,47136020.656891614,-54.51113626247262,False
50400.0,1.6889636158554322e-06,-2.6143177933590778e-06,-7.558796681905733e-07,0.23960354179143906,47154431.968789056,-54.708718801080884,False
50700.0,1.685771382137235e-06,-2.65494014684009e-06,-7.133519233093466e-07,0.2523559257388115,47170837.123431094,-54.878984579110146,False
51000.0,1.68114592425152e-06,-2.6896152576227905e-06,-6.699347494532049e-07,0.2648741230368614,47185186.199128,-55.020939847927096,False
51300.0,1.6757410307545836e-06,-2.720315393389683e-06,-6.243007177886284e-07,0.2777248024940491,47197430.59204026,-55.13364980586688,False
51600.0,1.6699884349896706e-06,-2.746126682495742e-06,-5.784353973581347e-07,0.2900848239660263,47207523.103150755,-55.21624775831029,False
51900.0,1.6627116664087486e-06,-2.766005252397008e-06,-5.302285543962171e-07,0.30245814472436905,47215418.01788615,-55.267943845927405,False
52200.0,1.6544345573535974e-06,-2.7789495788965723e-06,-4.82620635011699e-07,0.3139735460281372,47221071.18935708,-55.28803308447414,False
52500.0,1.6458198739999853e-06,-2.787292544326192e-06,-4.334662975225001e-07,0.32618019729852676,47224440.113230236,-55.275902530433264,False
52800.0,1.6367155457345975e-06,-2.789630315191971e-06,-3.8479846153904873e-07,0.3378989100456238,47225484.009608254,-55.23103732923278,False
53100.0,1.6266063990147355e-06,-2.785617709832877e-06,-3.35338711465738e-07,0.3505405858159065,47224163.89244431,-55.15302550530344,False
53400.0,1.6155211772445775e-06,-2.7748640718527895e-06,-2.863143819809011e-07,0.36094537377357483,47220442.64938025,-55.041561324407716,False
53700.0,1.603609256217723e-06,-2.757959151722389e-06,-2.371227623143568e-07,0.37312380224466324,47214285.10057327,-54.89644715740983,False
54000.0,1.5900872989308574e-06,-2.733498945417523e-06,-1.883880003106242e-07,0.3838721364736557,47205658.0814883,-54.71759378415412,False
54300.0,1.576538875314005e-06,-2.704387981111722e-06,-1.4064013953429821e-07,0.3951912745833397,47194530.496680126,-54.50501915819496,False
54600.0,1.5622098656821077e-06,-2.6695925328112935e-06,-9.408643819597273e-08,0.4064005985856056,47180873.39162943,-54.25884568768399,False
54900.0,1.5470489318335523e-06,-2.629440416512807e-06,-4.7651994350417226e-08,0.4167489632964134,47164660.01178949,-53.97929614276116,False
55200.0,1.530594584686414e-06,-2.583357513685769e-06,-2.860225833956065e-09,0.42752720415592194,47145865.859800376,-53.666688333390425,False
55500.0,1.5137953439855406e-06,-2.5333580140340928e-06,4.104944650862308e-08,0.43747609853744507,47124468.75703992,-53.32142875292412,False
55800.0,1.4966961906952802e-06,-2.480023056250502e-06,8.196641232416368e-08,0.44801048189401627,47100448.892956436,-52.94400537234098,False
56100.0,1.477393684858121e-06,-2.42035062569812e-06,1.2325214271413643e-07,0.4582956060767174,47073788.88211387,-52.53497982395598,False
56400.0,1.4576229457007475e-06,-2.358072720198834e-06,1.6110709566419246e-07,0.46802979707717896,47044473.81106402,-52.09497915670505,False
56700.0,1.4383492783654927e-06,-2.2948430569158518e-06,1.979593520218259e-07,0.4771711081266403,47012491.285777666,-51.62468741871686,False
57000.0,1.4173478733427679e-06,-2.2274093396390526e-06,2.3351468314558588e-07,0.48704568296670914,46977831.47516746,-51.12483721200453,False
57300.0,1.3960150734463726e-06,-2.1591367840301245e-06,2.652675590297804e-07,0.49670063704252243,46940487.15681098,-50.59620142291459,False
57600.0,1.3735795353408033e-06,-2.0881408318018657e-06,2.968213124177055e-07,0.5054787620902061,46900453.75386837,-50.03958527326092,False
57900.0,1.3501192610529911e-06,-2.01590924575612e-06,3.25034896775378e-07,0.5146574750542641,46857729.37032385,-49.455818782444254,False
58200.0,1.3267232153038364e-06,-1.9437997593740874e-06,3.5194010905570394e-07,0.5242447704076767,46812314.82843002,-48.845749778118375,False
58500.0,1.3022478259585213e-06,-1.8705537740970613e-06,3.768266125803166e-07,0.5320166647434235,46764213.70124213,-48.210237475771095,False
58800.0,1.2771734106779708e-06,-1.7973448507291323e-06,3.9942467111586666e-07,0.541472777724266,46713432.33353638,-47.55014669854832,False
59100.0,1.2508832642630211e-06,-1.7232651146059652e-06,4.201806973469502e-07,0.5495742708444595,46659979.88021845,-46.86634274194655,False
59400.0,1.2251547997136193e-06,-1.6509290787780628e-06,4.3974107910571547e-07,0.5572898164391518,46603868.31916574,-46.15968688557085,False
59700.0,1.1978380827501704e-06,-1.5787153415658395e-06,4.554053418814874e-07,0.5654589757323265,46545112.4759623,-45.43103253462697,False
60000.0,1.1700919886605614e-06,-1.506224180047866e-06,4.7131450742199377e-07,0.5730251222848892,46483730.04344113,-44.68122198095965,False
60300.0,1.141111067851932e-06,-1.4345514784963598e-06,4.838010383423352e-07,0.5812353789806366,46419741.59240176,-43.9110837093497,False
60600.0,1.113306047603528e-06,-1.3657785302712e-06,4.956399877187323e-07,0.5885260999202728,46353170.58874869,-43.12143026111146,False
60900.0,1.083925688873379e-06,-1.2966876283826423e-06,5.054306697616084e-07,0.5960003957152367,46284043.39710597,-42.31305655594206,False
61200.0,1.0531511873694986e-06,-1.2284777710647177e-06,5.120955819393203e-07,0.603657104074955,46212389.290708825,-41.48673866515094,False
61500.0,1.0232750632618118e-06,-1.1618890880527033e-06,5.194623255988517e-07,0.6108992174267769,46138240.45400272,-40.64323297441003,False
61800.0,9.922913912333851e-07,-1.0963327099489106e-06,5.242492946422317e-07,0.6184438765048981,46061631.980783544,-39.78327567379308,False
62100.0,9.608777265308136e-07,-1.0317038459106698e-06,5.279667192326087e-07,0.6245566755533218,45982601.87491039,-38.90758257225678,False
62400.0,9.293176421158925e-07,-9.694128380033362e-07,5.294756064699868e-07,0.6312315538525581,45901191.03792121,-38.01684915277212,False
62700.0,8.962804533676655e-07,-9.057509089416271e-07,5.306608485966535e-07,0.6382709518074989,45817443.26554637,-37.11175086325123,False
63000.0,8.646026558080903e-07,-8.463453582407965e-07,5.301033638716035e-07,0.6450149491429329,45731405.233318344,-36.19294358427315,False
63300.0,8.31318816358691e-07,-7.863096698201844e-07,5.280800579043898e-07,0.6506229415535927,45643126.48031938,-35.26106426654036,False
63600.0,7.980680374796128e-07,-7.275803568518313e-07,5.251589811905433e-07,0.6570905148983002,45552659.38682675,-34.31673169336402,False
63900.0,7.65559073931863e-07,-6.706391673105827e-07,5.218511773819046e-07,0.6634435430169106,45460059.15735481,-33.360547351955695,False
64200.0,7.317060771274502e-07,-6.139912045455276e-07,5.163369323213374e-07,0.6692305281758308,45365383.790911086,-32.39309638995048,False
64500.0,6.985803236298959e-07,-5.583461870628526e-07,5.108437655110265e-07,0.6753064170479774,45268694.050410196,-31.414948650001936,False
64800.0,6.655260824517261e-07,-5.041163149144268e-07,5.039552313235163e-07,0.6807278394699097,45170053.43236071,-30.426659744597337,False
65100.0,6.327076119544022e-07,-4.5036625806460506e-07,4.964429010101412e-07,0.6857565343379974,45069528.12676163,-29.428772185900762,False
65400.0,6.002898364443514e-07,-3.975474953676894e-07,4.879617847564077e-07,0.6915463954210281,44967186.976565994,-28.42181653727236,False
65700.0,5.684395454370505e-07,-3.4639333534869365e-07,4.780769522483297e-07,0.6967584937810898,44863101.43639812,-27.406312591082493,False
66000.0,5.378996598014537e-07,-2.9500114351321827e-07,4.685024457273812e-07,0.701520524919033,44757345.52003945,-26.382770562465698,False
66300.0,5.079628550112033e-07,-2.438123090087174e-07,4.576897580932382e-07,0.7063893973827362,44649995.74895495,-25.351692284309248,False
66600.0,4.801505791741193e-07,-1.9397668893361697e-07,4.4642604279943043e-07,0.7113100737333298,44541131.0967981,-24.313572417488878,False
66900.0,4.5488664458965544e-07,-1.444879558221146e-07,4.350898237248657e-07,0.7149785459041595,44430832.92941831,-23.26889965336502,False
67200.0,4.319075187759952e-07,-9.490327101957519e-08,4.2287739177027106e-07,0.7194516956806183,44319184.93546168,-22.218157916065827,False
67500.0,4.120663484518833e-07,-4.554925681077293e-08,4.098711130495758e-07,0.7231315672397614,44206273.06437236,-21.161827563341276,False
67800.0,3.9710392410424294e-07,1.3845351531927008e-09,3.9710179322582917e-07,0.7269032225012779,44092185.44695377,-20.10038657961944,False
68100.0,3.86438534525214e-07,5.0099686177418334e-08,3.8352540343566943e-07,0.7307092919945717,43977012.321147494,-19.034311759112242,False
68400.0,3.817452120711775e-07,9.777289733392536e-08,3.7024208054958763e-07,0.7327922433614731,43860845.95074457,-17.96407988856334,False
68700.0,3.822549672629641e-07,1.4569437212230696e-07,3.5592670144524163e-07,0.7359468936920166,43743780.5326375,-16.890168913116955,False
69000.0,3.899521887813276e-07,1.9351131186340353e-07,3.426320329680266e-07,0.7379400879144669,43625912.11541218,-15.813059104131222,False
69300.0,4.025599422909483e-07,2.411115360700933e-07,3.2814597439312365e-07,0.7405932247638702,43507338.49474828,-14.733234204856608,False
69600.0,4.2195680650578027e-07,2.8890090675304236e-07,3.1501240016496013e-07,0.7424804270267487,43388159.12064632,-13.651182583827856,False
69900.0,4.4482348487342233e-07,3.3627887319198635e-07,3.002304627131025e-07,0.7435635849833488,43268474.98814158,-12.567398359654803,False
70200.0,4.7301145342927683e-07,3.841842328711209e-07,2.863411125986204e-07,0.7444015070796013,43148388.5288583,-11.482382537457298,False
70500.0,5.048098343472622e-07,4.318521575896739e-07,2.727823176229549e-07,0.7455697357654572,43028003.49776997,-10.39664411516374,False
70800.0,5.400085967515281e-07,4.798250756721245e-07,2.596220411987815e-07,0.7457787096500397,42907424.856693804,-9.31070119086079,False
71100.0,5.779225017985639e-07,5.285054953674262e-07,2.4575009582861185e-07,0.7453674450516701,42786758.64787065,-8.225082052031174,False
71400.0,6.189621257496902e-07,5.777940259577008e-07,2.3329439180486133e-07,0.7453703880310059,42666111.86747768,-7.140326256816694,False
71700.0,6.601587334882633e-07,6.257157849631767e-07,2.2056397863678967e-07,0.7441945523023605,42545592.337097466,-6.0569856875313075,False
72000.0,7.044183219474194e-07,6.754796970653842e-07,2.0824175805955747e-07,0.7430938333272934,42425308.562035374,-4.975625598556386,False
72300.0,7.497855908077844e-07,7.251400688801368e-07,1.9692354058520323e-07,0.7407489791512489,42305369.59627486,-3.8968256335404887,False
72600.0,7.960462581180109e-07,7.746773462713463e-07,1.871321835267281e-07,0.7388330549001694,42185884.89230918,-2.821180819205862,False
72900.0,8.437104737723792e-07,8.253923624579329e-07,1.766624297960817e-07,0.7362853586673737,42066964.15826674,-1.7493025260628758,False
73200.0,8.92894190394246e-07,8.771260979756335e-07,1.673881560027013e-07,0.7329143062233925,41948717.201872535,-0.6818194028076437,False
73500.0,9.417540750401438e-07,9.282492214879312e-07,1.5903498601366195e-07,0.7298540249466896,41831253.77390767,0.3806217443329598,False
73800.0,9.9273982043763e-07,9.813601877795008e-07,1.5188981827840564e-07,0.7252412885427475,41714683.41301248,1.4373551125381674,False
74100.0,1.043006679602771e-06,1.0338163747292128e-06,1.452590518979946e-07,0.7219470292329788,41599115.27523645,2.4876951250416908,False
74400.0,1.094073811670066e-06,1.0869764253129688e-06,1.4128433800664197e-07,0.7163834720849991,41484657.97957838,3.5309357152472183,False
74700.0,1.1455740791560709e-06,1.1409642013404664e-06,1.370833722091902e-07,0.7114942446351051,41371419.426701225,4.56634969990277,False
75000.0,1.197991101721583e-06,1.1960869414906483e-06,1.3471709436885249e-07,0.7052599415183067,41259506.639807865,5.59318822365908,False
75300.0,1.2502657105693152e-06,1.2513200431385485e-06,1.3458949776889995e-07,0.6990219503641129,41149025.58372285,6.6106803225564335,False
75600.0,1.3027649607799191e-06,1.3073334628188604e-06,1.3458259218168678e-07,0.6925301924347878,41040080.9956489,7.618032598659373,False
75900.0,1.3562366422157162e-06,1.3646688330481993e-06,1.3725416359022802e-07,0.6847681403160095,40932776.208948016,8.614429019427577,False
76200.0,1.408300523069559e-06,1.4211208849701507e-06,1.4100655221227498e-07,0.677847221493721,40827212.973084666,9.599030883226773,False
76500.0,1.4612331395887359e-06,1.4788928979214688e-06,1.4726214381255431e-07,0.6697484850883484,40723491.28441008,10.570976937615724,True
76800.0,1.5148869981919258e-06,1.5378730040538358e-06,1.5591296609329675e-07,0.6611040309071541,40621709.2030763,11.52938369810009,True
77100.0,1.5684956186380823e-06,1.5974087261838577e-06,1.658331552079062e-07,0.6520560011267662,40521962.680548705,12.473345971679809,True
77400.0,1.620263935159271e-06,1.6556078890062054e-06,1.774054787517798e-07,0.6434687227010727,40424345.38396905,13.40193761032778,True
77700.0,1.673659748956472e-06,1.7158168645892147e-06,1.9253557148601885e-07,0.6339359879493713,40328948.5264762,14.314212521727207,True
78000.0,1.7276880595314604e-06,1.7772024989426427e-06,2.093704694061671e-07,0.6236293464899063,40235860.69300487,15.209205963226063,True
78300.0,1.7796646214097973e-06,1.8369418626207334e-06,2.278356667773096e-07,0.6134114861488342,40145167.67372119,16.085936126011482,True
78600.0,1.8319588322461437e-06,1.8970609687585238e-06,2.5076130683032716e-07,0.6023404225707054,40056952.30256358,16.943406047259057,True
78900.0,1.8844799440972078e-06,1.9577746570575982e-06,2.753353278706072e-07,0.5910994336009026,39971294.293958485,17.780605876816153,True
79200.0,1.9378160748763436e-06,2.0195430465719255e-06,3.022564740717826e-07,0.5799605175852776,39888270.08971341,18.596515490363736,True
79500.0,1.9902540754231444e-06,2.080371586998808e-06,3.3196969440041357e-07,0.5681880190968513,39807952.70979249,19.390107496154187,True
79800.0,2.0407104425626973e-06,2.1388941604527645e-06,3.647547899277015e-07,0.5560516342520714,39730411.606416255,20.160350631235726,True
80100.0,2.0920839554453574e-06,2.1982566806855175e-06,3.9975557086791014e-07,0.5436510071158409,39655712.527887404,20.906213559915027,True
80400.0,2.144265411599779e-06,2.2580230734092765e-06,4.379279232580302e-07,0.5310828238725662,39583917.38820632,21.626669071361317,True
80700.0,2.1954184567881686e-06,2.315693620857928e-06,4.805280227060393e-07,0.5176375061273575,39515084.14536853,22.320698679517513,True
81000.0,2.245803404761981e-06,2.3719377111319773e-06,5.249637489157521e-07,0.5049667432904243,39449266.68396359,22.98729761006148,True
81300.0,2.295087547253641e-06,2.4261292992378003e-06,5.715467494837867e-07,0.4914294257760048,39386514.715404294,23.625480138164875,True
81600.0,2.346840690820445e-06,2.481730064118892e-06,6.215875956172567e-07,0.47787492722272873,39326873.6760367,24.2342852636885,True
81900.0,2.3965546092730606e-06,2.533250466285608e-06,6.754826991084428e-07,0.46414826810359955,39270384.64432239,24.812782671323276,True
82200.0,2.4451778705536054e-06,2.58206659964344e-06,7.313493419758288e-07,0.45001599192619324,39217084.263834536,25.360078919919697,True
82500.0,2.4937110315404572e-06,2.629147218158323e-06,7.891138089632932e-07,0.43623217940330505,39167004.67674756,25.87532378945912,True
82800.0,2.5433336883124235e-06,2.6748083143957047e-06,8.510058400190701e-07,0.42145752906799316,39120173.47246297,26.35771671699247,True
83100.0,2.5917783976020903e-06,2.716820830528377e-06,9.150881652431053e-07,0.4068528711795807,39076613.63985775,26.806513236956874,True
83400.0,2.638458364796974e-06,2.753776300323807e-06,9.82284458217464e-07,0.39191995561122894,39036343.53983938,27.221031308583843,True
83700.0,2.6861302774021903e-06,2.789112784284953e-06,1.0516467412458042e-06,0.37713950127363205,38999376.882861964,27.600657451893255,True
84000.0,2.7332748687152834e-06,2.8210130551542534e-06,1.122643091377995e-06,0.361751914024353,38965722.723206095,27.94485256523325,True
84300.0,2.779937154348705e-06,2.8487944518929e-06,1.1962234474083289e-06,0.34645843505859375,38935385.460336864,28.253157322766686,True
84600.0,2.8259881770679523e-06,2.871991682695807e-06,1.2723604925213294e-06,0.3316008225083351,38908364.85681496,28.52519704607346,True
84900.0,2.8714122842434354e-06,2.891303864771544e-06,1.3493292989608108e-06,0.315579816699028,38884656.06797546,28.76068594171214,True
85200.0,2.9157842399154294e-06,2.9049530780866917e-06,1.428785484591799e-06,0.3001656010746956,38864249.67663657,28.959430606633884,True
85500.0,2.9607432916430156e-06,2.915724792273977e-06,1.5093116587650002e-06,0.28464245796203613,38847131.75075357,29.12133273708241,True
85800.0,3.00584002941528e-06,2.922080511780223e-06,1.592057600419139e-06,0.268734410405159,38833283.90387086,29.246390951206617,True
86100.0,3.048231998522027e-06,2.9218668089470157e-06,1.674357026359985e-06,0.252649150788784,38822683.36977849,29.33470170161168,True
86400.0,3.091748739334275e-06,2.9188134647029074e-06,1.7580654549931296e-06,0.23654504865407944,38815303.08875837,29.386459223508968,True
86700.0,2.997963887904904e-06,2.771164162140849e-06,1.777436551719802e-06,-0.032196685671806335,38811112.05660689,29.4019546083767,True
87000.0,3.0278272747740844e-06,2.7527599968379945e-06,1.8477247500925387e-06,-0.057404421269893646,38810074.429877914,29.381573613988273,True
87300.0,3.0561171984659196e-06,2.729049640493031e-06,1.9179922290391005e-06,-0.08259973675012589,38812151.1305586,29.32579417213532,True
87600.0,3.082445800337039e-06,2.700443843650646e-06,1.9870914904629444e-06,-0.10746875405311584,38817298.988277756,29.235182484946115,True
87900.0,3.10784947490108e-06,2.6684132024001883e-06,2.055124245003981e-06,-0.13255586475133896,38825471.11943742,29.11038861590764,True
88200.0,3.1323728303345596e-06,2.6331316007599526e-06,2.1220493522378092e-06,-0.15841756016016006,38836617.068986334,28.95214135322735,True
88500.0,3.1552815949095288e-06,2.593946163642613e-06,2.187467014636013e-06,-0.1832667589187622,38850682.95827398,28.761242492842385,True
88800.0,3.1761446086379916e-06,2.5512524928217317e-06,2.2504727965610982e-06,-0.20861132442951202,38867611.64786736,28.538560651467474,True
89100.0,3.1958411073503926e-06,2.5054386014744523e-06,2.3120715155755533e-06,-0.23405243456363678,38887342.89585587,28.285024720642653,True
89400.0,3.2155624781786543e-06,2.4582986384302785e-06,2.3724883781994777e-06,-0.25881046056747437,38909813.528556325,28.001617083438163,True
89700.0,3.23190709002557e-06,2.40726836864269e-06,2.429312125684646e-06,-0.2839224636554718,38934957.616895795,27.68936669906471,True
90000.0,3.246518021077098e-06,2.3536696005521662e-06,2.483817766574248e-06,-0.30967120826244354,38962706.652360424,27.349342153461556,True
90300.0,3.2612985977559023e-06,2.299430718721851e-06,2.537155861404017e-06,-0.3344932273030281,38992989.728084214,26.98264479138404,True
90600.0,3.274809938702852e-06,2.243506827426245e-06,2.58834002409003e-06,-0.3592839241027832,39025733.72832514,26.59040200517238,True
90900.0,3.2862198491201977e-06,2.1862513790438243e-06,2.636191560156931e-06,-0.3846805691719055,39060863.51324543,26.173760753745718,True
91200.0,3.2958011278500473e-06,2.126619165210286e-06,2.6818633607206266e-06,-0.40911805629730225,39098302.1061373,25.73388137874463,True
91500.0,3.3047056050181127e-06,2.06780916300886e-06,2.724801372977481e-06,-0.4336138591170311,39137970.88841138,25.27193177611226,True
91800.0,3.312277424519972e-06,2.0069344657258625e-06,2.766127320086298e-06,-0.45884108543395996,39179789.78728436,24.789081948102865,True
92100.0,3.3179693406865096e-06,1.9471634402634663e-06,2.8033665344651126e-06,-0.4830853119492531,39223677.464159355,24.28649897917084,True
92400.0,3.321499108512863e-06,1.885404628865217e-06,2.8381165861901536e-06,-0.5075406655669212,39269551.50957454,23.76534243080566,True
92700.0,3.323822911270516e-06,1.8250145217280078e-06,2.8696927536486783e-06,-0.5310188680887222,39317328.62623912,23.22676018930107,True
93000.0,3.3255396912170758e-06,1.7635992151099344e-06,2.9001792931637738e-06,-0.5555978342890739,39366924.82115488,22.67188473962533,True
93300.0,3.325887487468263e-06,1.7040332522810786e-06,2.927263299312699e-06,-0.5788265764713287,39418255.58193967,22.101829880449493,True
93600.0,3.32495914054096e-06,1.6431156666385505e-06,2.9527516538507825e-06,-0.6025731861591339,39471236.06696887,21.517687837971767,True
93900.0,3.3218591009745468e-06,1.5844076415305608e-06,2.973965674613055e-06,-0.6253414899110794,39525781.27571969,20.9205267922104,True
94200.0,3.3169508388442144e-06,1.524343190340005e-06,2.9930791214383135e-06,-0.6488964259624481,39581806.22974816,20.311388758028098,True
94500.0,3.3122515858300636e-06,1.466824301132874e-06,3.010601208330854e-06,-0.6726128980517387,39639226.137335055,19.691287829521364,True
94800.0,3.3053766661765653e-06,1.4103348746630218e-06,3.024666671791465e-06,-0.6946062445640564,39697956.56051054,19.061208739362687,True
95100.0,3.2959766677974955e-06,1.3529418936286675e-06,3.035755181457489e-06,-0.7175699844956398,39757913.582066365,18.42210570593247,True
95400.0,3.2857203844773822e-06,1.2972119520782144e-06,3.044671398555465e-06,-0.7387702614068985,39819013.95171819,17.774901552742136,True
95700.0,3.274579227020952e-06,1.2418423693816294e-06,3.0519407872020565e-06,-0.7611438855528831,39881175.248108044,17.120487064744932,True
96000.0,3.261873538423718e-06,1.1894452995875326e-06,3.0559156734000226e-06,-0.7822927758097649,39944316.01321156,16.459720557842896,True
96300.0,3.246598053059984e-06,1.1361928500264185e-06,3.0569744104980145e-06,-0.8041042685508728,40008355.90167935,15.793427628992653,True
96600.0,3.2312376798849547e-06,1.0853191270143725e-06,3.056656298738858e-06,-0.8247180357575417,40073215.80665981,15.122401074280528,True
96900.0,3.2137001073776533e-06,1.0336850095882255e-06,3.0538293334103628e-06,-0.8447418585419655,40138817.99385806,14.447400950671062,True
97200.0,3.1948758914723475e-06,9.848926936228963e-07,3.048305870834156e-06,-0.8654465600848198,40205086.22143797,13.7691547505081,True
97500.0,3.1746599276592795e-06,9.367354039113707e-07,3.040721995972717e-06,-0.8853087350726128,40271945.85203542,13.088357681182638,True
97800.0,3.1527512730393712e-06,8.894800203052e-07,3.0307063205725626e-06,-0.9043557941913605,40339323.9662588,12.405673030913897,True
98100.0,3.1283162250583886e-06,8.428558544437692e-07,3.0174952030392888e-06,-0.9236091002821922,40407149.46491396,11.721732601166197,True
98400.0,3.1035117649621108e-06,7.968047270878742e-07,3.003357667452633e-06,-0.9425643905997276,40475353.16285301,11.037137191671711,True
98700.0,3.077037438250846e-06,7.525939054175979e-07,2.9866457023075554e-06,-0.960565596818924,40543867.88028113,10.35245713915504,True
99000.0,3.049624935982458e-06,7.106087309693976e-07,2.968078490539483e-06,-0.9779860526323318,40612628.52742863,9.668232875549363,False
99300.0,3.020568173257988e-06,6.669636434253334e-07,2.947853728230143e-06,-0.9948191717267036,40681572.18019919,8.984975518902093,False
99600.0,2.9901122322992282e-06,6.26389095259583e-07,2.9251650222050785e-06,-1.0120938047766685,40750638.15223103,8.303167477473682,False
99900.0,2.9571047682221013e-06,5.864196737093152e-07,2.8994193321807415e-06,-1.027704268693924,40819768.054994844,7.62326306100429,False
100200.0,2.9248420427104398e-06,5.473274882206169e-07,2.8739370900865424e-06,-1.0431344956159592,40888905.86245302,6.945689092722677,False
100500.0,2.88951252744325e-06,5.098117981106043e-07,2.844727669426561e-06,-1.05791437625885,40957997.95717248,6.270845534848961,False
100800.0,2.853583250973557e-06,4.7169965000648517e-07,2.814703338849256e-06,-1.0730909556150436,41026993.17923751,5.59910608346625,False
101100.0,2.8150230042093634e-06,4.362584320460883e-07,2.7812657501513627e-06,-1.0863083824515343,41095842.86062734,4.930818781867097,False
101400.0,2.7770975438034126e-06,4.0034512949205237e-07,2.7482506350651192e-06,-1.1000981032848358,41164500.86673825,4.266306599149144,False
101700.0,2.7361779272796986e-06,3.6629572264246235e-07,2.711646698294601e-06,-1.1129158437252045,41232923.614670664,3.6058680230445526,False
102000.0,2.6952457876486877e-06,3.3386399422852264e-07,2.674542928460255e-06,-1.125310942530632,41301070.100756176,2.9497776104927294,False
102300.0,2.6526682146930116e-06,3.002484731950972e-07,2.6356487787815297e-06,-1.1360683664679527,41368901.912259035,2.2982865510778065,False
102600.0,2.60811530972528e-06,2.68835236738596e-07,2.5942345929230726e-06,-1.14718396961689,41436383.24221087,1.6516232003825346,False
102900.0,2.5632045133337166e-06,2.3879695731920947e-07,2.55206016963605e-06,-1.1571262702345848,41503480.88693307,1.0099936029695253,False
103200.0,2.517155491937504e-06,2.0863998884124157e-07,2.5084941641106973e-06,-1.1668663918972015,41570164.25083417,0.3735820093895837,False
103500.0,2.469940033814328e-06,1.7822767972575093e-07,2.463501431959614e-06,-1.1757257357239723,41636405.33563855,-0.2574486265788085,False
103800.0,2.421631243159849e-06,1.5098476069397293e-07,2.4169209531521574e-06,-1.1838085651397705,41702178.730924234,-0.8829561577691958,False
104100.0,2.372605339099563e-06,1.226065933224163e-07,2.369437498206395e-06,-1.1910879537463188,41767461.5961503,-1.5028187646468605,False
104400.0,2.3221322871106522e-06,9.533238198855543e-08,2.3201772556546985e-06,-1.1979870051145554,41832233.63913021,-2.116934480980046,False
104700.0,2.2704892172530916e-06,7.010578428889858e-08,2.2694090797692468e-06,-1.2047387212514877,41896477.08835067,-2.725220731068996,False
105000.0,2.2181128528603526e-06,4.381774942885386e-08,2.217681470018107e-06,-1.2098797261714935,41960176.65960955,-3.3276138681987653,False
105300.0,2.1649108837892865e-06,1.8840751181414817e-08,2.164829282946812e-06,-1.2148665338754654,42023319.52408156,-3.9240687160292675,False
105600.0,2.1123462529179022e-06,-4.872219960816437e-09,2.1123406686029966e-06,-1.218520276248455,42085895.26163932,-4.5145581146585405,False
105900.0,2.0572320190996024e-06,-2.949192889900587e-08,2.0570222849514153e-06,-1.2227466776967049,42147895.82100101,-5.099072457540644,False
106200.0,2.0024204388697033e-06,-5.194692676013801e-08,2.0017531170424263e-06,-1.2257802784442902,42209315.46307907,-5.6776192433057675,False
106500.0,1.9454520234402504e-06,-7.492391773666895e-08,1.9440258522962495e-06,-1.2277028635144234,42270150.71240846,-6.250222601476641,False
106800.0,1.8896783099079694e-06,-9.603814987713122e-08,1.8872707103767539e-06,-1.2295395731925964,42330400.29808829,-6.816922835430633,False
107100.0,1.8320290822271878e-06,-1.1718464065779699e-07,1.8283393421469896e-06,-1.2303017601370811,42390065.08873893,-7.377775934412652,False
107400.0,1.7740975742897143e-06,-1.386839585393318e-07,1.7687722611015033e-06,-1.2304740250110626,42449148.03010819,-7.932853100740794,False
107700.0,1.7166655272492613e-06,-1.5854692492212052e-07,1.7094883215662549e-06,-1.2303849458694458,42507654.07390402,-8.482240250467726,False
108000.0,1.6591534010577968e-06,-1.78789377969224e-07,1.649730620556511e-06,-1.2296796590089798,42565590.10421475,-9.026037507074449,False
108300.0,1.599784322604182e-06,-1.9794100580838858e-07,1.5878321448781207e-06,-1.2283838242292404,42622964.86215065,-9.564358684631456,False
108600.0,1.5408786449248918e-06,-2.173331097310438e-07,1.525950576564128e-06,-1.226170189678669,42679788.865467384,-10.097330761587381,False
108900.0,1.4819958614228292e-06,-2.3624278355782735e-07,1.4636934260181533e-06,-1.2239129170775414,42736074.32740877,-10.625093329265063,False
109200.0,1.4233885971494863e-06,-2.5511781132081524e-07,1.4012076601233048e-06,-1.2202750965952873,42791835.067670904,-11.14779803495191,False
109500.0,1.3633365846619123e-06,-2.7280736958346097e-07,1.336901481963082e-06,-1.216340959072113,42847086.42865947,-11.665608004221575,False
109800.0,1.30534083555604e-06,-2.899340927342564e-07,1.2742033081991622e-06,-1.2120650187134743,42901845.18097771,-12.178697256528991,False
110100.0,1.2466961440876248e-06,-3.083865749431425e-07,1.2098497599311031e-06,-1.2071992307901382,42956129.430975296,-12.687250086367062,False
110400.0,1.1886270955366643e-06,-3.2508995673197205e-07,1.145711420846851e-06,-1.2023998498916626,43009958.52623359,-13.191460451957786,False
110700.0,1.1305566369805525e-06,-3.425592183248227e-07,1.0804562791122407e-06,-1.1965881288051605,43063352.95524006,-13.691531327904146,False
111000.0,1.0738628318407992e-06,-3.5902073136639956e-07,1.015888136279841e-06,-1.189809076488018,43116334.250679076,-14.187674056929803,False
111300.0,1.0168494132881303e-06,-3.74983983419952e-07,9.49947523309902e-07,-1.183761902153492,43168924.888700955,-14.680107673137396,False
111600.0,9.623209438979163e-07,-3.9237806959135924e-07,8.846709835808042e-07,-1.175779551267624,43221148.18013841,-15.169058225678501,False
111900.0,9.08358209733146e-07,-4.0828857095220883e-07,8.188730635794172e-07,-1.168103165924549,43273028.17571441,-15.654758073341304,False
112200.0,8.569968927171503e-07,-4.2367898345219146e-07,7.541928326304514e-07,-1.1602186784148216,43324589.553209275,-16.13744517957252,False
112500.0,8.070905222305789e-07,-4.405957554354245e-07,6.878566267687347e-07,-1.1510228365659714,43375857.513561,-16.617362382292104,False
112800.0,7.593198660285885e-07,-4.557122110782075e-07,6.219628332360116e-07,-1.1428395733237267,43426857.67812926,-17.09475666942431,False
113100.0,7.158944614025322e-07,-4.7260161295525904e-07,5.563321998636184e-07,-1.1332428231835365,43477615.97329367,-17.569878428413986,False
113400.0,6.746246416410234e-07,-4.867522704898875e-07,4.908358093302922e-07,-1.12351393699646,43528158.53143177,-18.0429806969581,False
113700.0,6.392061367102922e-07,-5.028607574786292e-07,4.2569121205815463e-07,-1.113046608865261,43578511.57781062,-18.514318404836118,False
114000.0,6.093448522373626e-07,-5.197270240842045e-07,3.6023580918254083e-07,-1.1023362055420876,43628701.326252475,-18.984147608810403,False
114300.0,5.835671252487835e-07,-5.344733722267847e-07,2.942296148944479e-07,-1.091392457485199,43678753.87064009,-19.452724726158014,False
114600.0,5.66177451451733e-07,-5.504447244675248e-07,2.296520698052973e-07,-1.0805490612983704,43728695.0794628,-19.92030576634262,False
114900.0,5.559807515340626e-07,-5.665899891482695e-07,1.644644811449325e-07,-1.0681384578347206,43778550.48810166,-20.387145553862624,False
115200.0,5.540417998708794e-07,-5.830106601933949e-07,1.0066646893847064e-07,-1.0566579848527908,43828345.2007101,-20.853496966170688,False
115500.0,5.588999868313746e-07,-5.986476026009768e-07,3.6904516775848606e-08,-1.0436523258686066,43878103.77814552,-21.31961015847715,False
115800.0,5.720325209475099e-07,-6.153536560304929e-07,-2.680741317817592e-08,-1.0311137735843658,43927850.14598416,-21.785731804524257,False
116100.0,5.91877241558503e-07,-6.319502858787018e-07,-9.06977106751583e-08,-1.0170045793056488,43977607.4864521,-22.252104336369495,False
116400.0,6.177938484840058e-07,-6.488552344308118e-07,-1.5314746804051538e-07,-1.0039664581418037,44027398.1495654,-22.71896519463075,False
116700.0,6.48309216970442e-07,-6.65282698264491e-07,-2.1521124082823917e-07,-0.9894529059529305,44077243.54793974,-23.18654608023043,False
117000.0,6.838792392657048e-07,-6.822206444212497e-07,-2.778351095855669e-07,-0.9754865765571594,44127164.073693335,-23.655072222808208,False
117300.0,7.228974886144827e-07,-7.003529844951117e-07,-3.3767813789609136e-07,-0.9607793092727661,44177179.00039882,-24.124761661050453,False
117600.0,7.645088786405476e-07,-7.175198675213323e-07,-3.985301120223994e-07,-0.9462001621723175,44227306.40128159,-24.595824518978144,False
117900.0,8.079072696863406e-07,-7.349712518589513e-07,-4.5771865586630156e-07,-0.9308459386229515,44277563.06112666,-25.068462319704715,False
118200.0,8.540085197121981e-07,-7.534736710113066e-07,-5.168751009421158e-07,-0.9152618646621704,44327964.39864258,-25.542867288058705,False
118500.0,9.013305334361085e-07,-7.718401775491657e-07,-5.755861138823093e-07,-0.8988813832402229,44378524.38654462,-26.019221684150647,False
118800.0,9.494625430776087e-07,-7.912958608358167e-07,-6.324330108498089e-07,-0.882633201777935,44429255.48049128,-26.497697143830027,False
119100.0,9.973796019022703e-07,-8.096372141608299e-07,-6.885929266786661e-07,-0.865791343152523,44480168.54612672,-26.97845403112802,False
119400.0,1.0462426399655835e-06,-8.300364697788609e-07,-7.430881332481931e-07,-0.8486622497439384,44531272.79599086,-27.46164081369359,False
119700.0,1.0964704269556652e-06,-8.507854545314331e-07,-7.983713707915285e-07,-0.8312283232808113,44582575.726573944,-27.94739344243942,False
120000.0,1.1447996111866784e-06,-8.713980719221581e-07,-8.505319009088907e-07,-0.8136416375637054,44634083.06155578,-28.435834760824196,False
120300.0,1.1946169051394053e-06,-8.928221291171212e-07,-9.035909087629079e-07,-0.7954768165946007,44685798.69827452,-28.927073903820194,False
120600.0,1.2423927447502189e-06,-9.135719096775574e-07,-9.541074383889736e-07,-0.7782089114189148,44737724.6620136,-29.42120573966006,False
120900.0,1.2909379651750309e-06,-9.362961463921238e-07,-1.0039678599582658e-06,-0.7597292959690094,44789861.05703124,-29.918310295608272,False
121200.0,1.33936958422036e-06,-9.599081920441677e-07,-1.0529460432451287e-06,-0.7411230131983757,44842206.03465386,-30.418452215088028,False
121500.0,1.3870360939960413e-06,-9.83324468961655e-07,-1.1010300120517513e-06,-0.7217579632997513,44894755.754568376,-30.921680214888738,False
121800.0,1.4333877484886175e-06,-1.0077903880301164e-06,-1.1467771692252882e-06,-0.7023696377873421,44947504.35906853,-31.42802655472208,False
122100.0,1.4794082611131835e-06,-1.032794159527839e-06,-1.1918366027430238e-06,-0.6828481033444405,45000443.947018765,-31.93750650733213,False
122400.0,1.524379918485688e-06,-1.059346288911911e-06,-1.234750008904939e-06,-0.6639375239610672,45053564.55678941,-32.45011784421474,False
122700.0,1.5674335230664988e-06,-1.0850170326648367e-06,-1.275992964622219e-06,-0.6439884677529335,45106854.149332054,-32.96584031298708,False
123000.0,1.6117194506460092e-06,-1.1129613142202288e-06,-1.3175721846891975e-06,-0.624204121530056,45160298.60485089,-33.48463512094119,False
123300.0,1.653561145246699e-06,-1.1418912322369579e-06,-1.3558078819642105e-06,-0.6035775989294052,45213881.71426747,-34.00644442386836,False
123600.0,1.6945180866557371e-06,-1.1703604627655295e-06,-1.393477639055618e-06,-0.5826439559459686,45267585.18458903,-34.53119079158178,False
123900.0,1.735181078429331e-06,-1.2008389376205741e-06,-1.4299083730406892e-06,-0.5631261840462685,45321388.64523126,-35.05877668906274,False
124200.0,1.773801611484996e-06,-1.2317158564201236e-06,-1.4639255709880672e-06,-0.5416342839598656,45375269.653413385,-35.5890839357767,False
124500.0,1.8119301486010671e-06,-1.2633042842935538e-06,-1.4972539972291088e-06,-0.5213861390948296,45429203.72253908,-36.12197315299296,False
124800.0,1.848986294818646e-06,-1.2979435837223718e-06,-1.5279314879990125e-06,-0.5002978295087814,45483164.33184261,-36.65728320698994,False
125100.0,1.8849464845144073e-06,-1.3324829524208326e-06,-1.5576837100184093e-06,-0.4796866849064827,45537122.96146253,-37.19483062170654,False
125400.0,1.9192736447968476e-06,-1.366860715279472e-06,-1.5858976922800139e-06,-0.45865774154663086,45591049.11792072,-37.73440898582422,False
125700.0,1.9534092409207996e-06,-1.4046751175555983e-06,-1.6123921042776601e-06,-0.4378598779439926,45644910.37358791,-38.27578832988941,False
126000.0,1.9851748661687825e-06,-1.4432997943458759e-06,-1.6359607570848311e-06,-0.41696736216545105,45698672.40437587,-38.818714484564076,False
126300.0,2.0167625701912527e-06,-1.4826408687440562e-06,-1.6593185847568748e-06,-0.3956846445798874,45752299.03532748,-39.36290840778062,False
126600.0,2.046215635100698e-06,-1.5228456504701171e-06,-1.6800164601704637e-06,-0.37443113327026367,45805752.29012548,-39.908065500087886,False
126900.0,2.0750995262860752e-06,-1.5667724824197649e-06,-1.698438069297481e-06,-0.3534359410405159,45858992.44310464,-40.45385487648347,False
127200.0,2.1026616810345945e-06,-1.6097654906843673e-06,-1.7161548200306243e-06,-0.3325735852122307,45911978.07594467,-40.99991862155824,False
127500.0,2.128929912800539e-06,-1.6558311983772e-06,-1.7310585747054574e-06,-0.3107512593269348,45964666.137693405,-41.54587102247659,False
127800.0,2.1549997080759678e-06,-1.703552868548286e-06,-1.7452511826832051e-06,-0.2906259819865227,46017012.01373051,-42.091297765769944,False
128100.0,2.179677932303842e-06,-1.7521942652365396e-06,-1.7576574506961151e-06,-0.26922179758548737,46068969.58406786,-42.63575512914124,False
128400.0,2.2029075468212948e-06,-1.8036367350759974e-06,-1.767176804889914e-06,-0.24826131016016006,46120491.30462144,-43.1787691470515,False
128700.0,2.2250493861554857e-06,-1.8565150412541698e-06,-1.7749753737916762e-06,-0.22774642705917358,46171528.27480597,-43.71983476773845,False
129000.0,2.2450131951998034e-06,-1.909474946160117e-06,-1.7804074019522886e-06,-0.2065938636660576,46222030.31507014,-44.2584150153568,False
129300.0,2.2656942219458845e-06,-1.9665849890770914e-06,-1.784862256215547e-06,-0.18638282269239426,46271946.05023951,-44.79394015333747,False
129600.0,2.284692921922022e-06,-2.02458551257223e-06,-1.7870803787900513e-06,-0.1652151346206665,46321222.985474676,-45.32580687833477,False
129900.0,2.3026792748950034e-06,-2.0850031035024585e-06,-1.7870232795758056e-06,-0.14518363028764725,46369807.598146506,-45.853377543430874,False
130200.0,2.3184413797430584e-06,-2.1472961009294522e-06,-1.783373122066223e-06,-0.12492775171995163,46417645.416912526,-46.37597944444076,False
130500.0,2.3352790548555854e-06,-2.2126569092506543e-06,-1.7796717699525288e-06,-0.10447695851325989,46464681.11500033,-46.89290417671763,False
130800.0,2.3489340948003478e-06,-2.276478483054234e-06,-1.7729764465457265e-06,-0.08421187102794647,46510858.599333696,-47.403407114782794,False
131100.0,2.3627608399392316e-06,-2.3449443347089982e-06,-1.7640123743944969e-06,-0.06423310190439224,46556121.101598345,-47.906707006055385,False
131400.0,2.376419431616406e-06,-2.415671929156815e-06,-1.753655112679553e-06,-0.04466914385557175,46600411.271587856,-48.401985748360204,False
131700.0,2.3878413843776264e-06,-2.487839140030701e-06,-1.7395019753507768e-06,-0.024903684854507446,46643671.27062104,-48.888388376318744,False
132000.0,2.399030908614187e-06,-2.561726375915896e-06,-1.7239922982525968e-06,-0.0055745989084243774,46685842.868697405,-49.36502328835229,False
132300.0,2.4090553448407464e-06,-2.6366450356363202e-06,-1.7061602406442944e-06,0.014066144824028015,46726867.53779766,-49.83096278951272,False
132600.0,2.4179386268506713e-06,-2.7133247044730524e-06,-1.6854183400027978e-06,0.03362220525741577,46766686.5509596,-50.28524397271265,False
132900.0,2.4258783826134887e-06,-2.79157939075958e-06,-1.6619789420246889e-06,0.053140461444854736,46805241.07766726,-50.7268700076685,False
133200.0,2.432803170695316e-06,-2.870203388738446e-06,-1.6363535664254414e-06,0.07199632376432419,46842472.282203205,-51.15481189092389,False
133500.0,2.4398321789473072e-06,-2.950933492229524e-06,-1.6088143368619967e-06,0.09140338748693466,46878321.4184724,-51.56801071232284,False
133800.0,2.444605329110547e-06,-3.031692472177383e-06,-1.5769900585382857e-06,0.11040759831666946,46912729.93127753,-51.96538049457733,False
134100.0,2.4493416726771046e-06,-3.1121185202209745e-06,-1.5442822700606484e-06,0.12944477796554565,46945639.549812384,-52.34581164429097,False
134400.0,2.4521628450720887e-06,-3.1918125955598953e-06,-1.50776956786558e-06,0.14759542047977448,46976992.387090206,-52.70817509026013,False
134700.0,2.455316915203114e-06,-3.2733312309574103e-06,-1.4687213436559432e-06,0.16626503318548203,47006731.0324353,-53.05132710064429,False
135000.0,2.4575104700402568e-06,-3.3526335414535424e-06,-1.4278657545219176e-06,0.18510811030864716,47034798.65108226,-53.37411483824959,False
135300.0,2.458439011802083e-06,-3.4294501745080197e-06,-1.3845808695123196e-06,0.20335593074560165,47061139.07759057,-53.67538263905691,False
135600.0,2.4582934049557907e-06,-3.5044903654579684e-06,-1.3381646937205005e-06,0.22169578075408936,47085696.90780128,-53.953978999282704,False
135900.0,2.4575425761354423e-06,-3.5773372815128823e-06,-1.2893550120907094e-06,0.23969589173793793,47108417.59422111,-54.20876423187026,False
136200.0,2.4549993165239765e-06,-3.646703873982915e-06,-1.2365668595748502e-06,0.257713258266449,47129247.53578285,-54.438618729671866,False
136500.0,2.4526765777132965e-06,-3.712321614557368e-06,-1.1835148043815025e-06,0.27601901441812515,47148134.169138625,-54.64245172100023,False
136800.0,2.4487206720183755e-06,-3.7721886769759294e-06,-1.1281231664383995e-06,0.2943018078804016,47165026.058223054,-54.81921041983259,False
137100.0,2.4438538600638637e-06,-3.8278955116766156e-06,-1.0696191949932654e-06,0.3114851489663124,47179872.98205323,-54.96788937664401,False
137400.0,2.438813143962033e-06,-3.8786413938396436e-06,-1.010009029300818e-06,0.3297317400574684,47192626.01680061,-55.08753986995558,False
137700.0,2.431643554132736e-06,-3.921823520158796e-06,-9.473458177922112e-07,0.34804578870534897,47203237.62663772,-55.177279135652526,False
138000.0,2.424039559662401e-06,-3.957865061465782e-06,-8.849051624792992e-07,0.36524492502212524,47211661.74350667,-55.23629918938515,False
138300.0,2.415550952707801e-06,-3.988092487361428e-06,-8.191803715362767e-07,0.3826790526509285,47217853.84535611,-55.263875052145174,False
138600.0,2.405448700550155e-06,-4.008683646361533e-06,-7.534652084473237e-07,0.39999329298734665,47221771.0394778,-55.259372108830796,False
138900.0,2.3952655275886398e-06,-4.02254994469331e-06,-6.876324931681665e-07,0.4171835780143738,47223372.13762762,-55.22225244014532,False
139200.0,2.3824054075632304e-06,-4.025831003673375e-06,-6.198366762077967e-07,0.4348999708890915,47222617.73091283,-55.152079908237525,False
139500.0,2.3696055849949965e-06,-4.022380494461686e-06,-5.522640051935923e-07,0.45235664397478104,47219470.265028946,-55.04852385525536,False
139800.0,2.3568107602953787e-06,-4.012050112578436e-06,-4.853268933402433e-07,0.46937064826488495,47213894.10926864,-54.91136132519079,False
140100.0,2.341621250677421e-06,-3.991202845554653e-06,-4.178109094254978e-07,0.48557498306035995,47205855.62620667,-54.74047773566874,False
140400.0,2.3249347614800273e-06,-3.961121365136933e-06,-3.5146258881013637e-07,0.5021519511938095,47195323.23666674,-54.53586599773242,False
140700.0,2.307422208035175e-06,-3.923684914752812e-06,-2.8491785286632876e-07,0.5196162164211273,47182267.486396514,-54.297624147446605,False
141000.0,2.2899157103065644e-06,-3.880124836541654e-06,-2.206728595410823e-07,0.5360566973686218,47166661.1099997,-54.02595156317209,False
141300.0,2.270250762842289e-06,-3.82755797545542e-06,-1.5684560139561654e-07,0.5527069494128227,47148479.0852162,-53.721143937007604,False
141600.0,2.249322367658194e-06,-3.7677626778531703e-06,-9.535647649272505e-08,0.5688054338097572,47127698.695551954,-53.38358714332486,False
141900.0,2.227215115302104e-06,-3.701549474044441e-06,-3.509647683586081e-08,0.5848979875445366,47104299.58207126,-53.01375023485053,False
142200.0,2.203851567802841e-06,-3.6293041034696216e-06,2.229663209618593e-08,0.6009979844093323,47078263.79790265,-52.61217775167807,False
142500.0,2.180115578373179e-06,-3.553043995907501e-06,7.880061758669399e-08,0.6166376620531082,47049575.85839331,-52.179481584620774,False
142800.0,2.154667472090323e-06,-3.4711591752056847e-06,1.3273564292148876e-07,0.6320797801017761,47018222.78761207,-51.71633257801363,False
143100.0,2.1272822503702154e-06,-3.383940423873355e-06,1.8399326506823854e-07,0.6475018858909607,46984194.16435932,-51.22345209516838,False
143400.0,2.100558664798241e-06,-3.2961294209599146e-06,2.3266127868737385e-07,0.6628949269652367,46947482.164913245,-50.70160370435901,False
143700.0,2.071011729157954e-06,-3.2026070186930156e-06,2.792533990714219e-07,0.6773795783519745,46908081.60378045,-50.15158514609691,False
144000.0,2.040077892548943e-06,-3.106516004436344e-06,3.222925428758572e-07,0.692800372838974,46865989.96756295,-49.57422070309449,False
144300.0,2.0088837710097494e-06,-3.009937842080035e-06,3.626895903607874e-07,0.7072907611727715,46821207.45622013,-48.97035408036806,False
144600.0,1.9763154805625403e-06,-2.91151326337058e-06,4.0065705775305105e-07,0.7212495133280754,46773737.00925679,-48.34084185229604,False
144900.0,1.9424429995483014e-06,-2.8117013926021173e-06,4.363470438306649e-07,0.734987810254097,46723584.3375492,-47.68654753381399,False
145200.0,1.9073227020987017e-06,-2.711583192649414e-06,4.680320060401755e-07,0.7490252330899239,46670757.94980134,-47.008336293119484,False
145500.0,1.8707638689466776e-06,-2.610035892303131e-06,4.989652921949528e-07,0.7626041248440742,46615269.17803147,-46.30707032128039,False
145800.0,1.8331656712677064e-06,-2.509574414943927e-06,5.250332719697326e-07,0.7750898227095604,46557132.19739005,-45.583604819159525,False
146100.0,1.7951583674342768e-06,-2.4099246047626366e-06,5.49894416224106e-07,0.7886077016592026,46496364.04192543,-44.83878462403932,False
146400.0,1.754970424018777e-06,-2.309618395202051e-06,5.714047830451818e-07,0.8005497977137566,46432984.62763021,-44.07344138596677,False
146700.0,1.7147727062444268e-06,-2.2116065849786537e-06,5.906052322757205e-07,0.8130630850791931,46367016.7556207,-43.28839130470736,False
147000.0,1.671836210850803e-06,-2.112497440975858e-06,6.066573945417986e-07,0.8246726542711258,46298486.13025868,-42.484433346190286,False
147300.0,1.628781060327984e-06,-2.0154350295342738e-06,6.211690219970478e-07,0.8367138728499413,46227421.35950199,-41.66234791535044,False
147600.0,1.58470875852174e-06,-1.9199188159291225e-06,6.328329362759177e-07,0.8473528772592545,46153853.96466355,-40.82289591943539,False
147900.0,1.5398450913908812e-06,-1.8258887450883776e-06,6.425158360912064e-07,0.8583813682198524,46077818.3743493,-39.96681819605154,False
148200.0,1.4935812398173572e-06,-1.732578141400154e-06,6.501350640064629e-07,0.8694100826978683,45999351.92790527,-39.09483524341809,False
148500.0,1.4455866204256497e-06,-1.6403899678607559e-06,6.544162616251015e-07,0.8799787759780884,45918494.86780829,-38.20764722273887,False
148800.0,1.3981393729745852e-06,-1.5506441286561312e-06,6.584228842143602e-07,0.8894198685884476,45835290.33111325,-37.30593419753423,False
149100.0,1.3489603186728118e-06,-1.4621046204865706e-06,6.590905456960172e-07,0.8993196487426758,45749784.33506062,-36.390356553505015,False
149400.0,1.298542677409835e-06,-1.3742961471052695e-06,6.581956526474642e-07,0.907942146062851,45662025.767425105,-35.46155560517041,False
149700.0,1.2483244670205608e-06,-1.2891057110664406e-06,6.558934728673194e-07,0.9164347425103188,45572066.36172919,-34.52015432266619,False
150000.0,1.1967227687837485e-06,-1.2041442118970735e-06,6.522627842286965e-07,0.925245963037014,45479960.67883282,-33.56675817971537,False
150300.0,1.1440699381548296e-06,-1.1207659724732366e-06,6.460932269192199e-07,0.9333233311772346,45385766.08227015,-32.60195609071154,False
150600.0,1.0912070417757283e-06,-1.0392667491032626e-06,6.384725743657782e-07,0.9415310397744179,45289542.70583108,-31.626321426090392,False
150900.0,1.0373485054139112e-06,-9.577210846600792e-07,6.301625603555294e-07,0.9483536630868912,45191353.42525685,-30.64041307925665,False
151200.0,9.844625026557452e-07,-8.795661585736525e-07,6.20322605726642e-07,0.955213762819767,45091263.81665568,-29.644776579308665,False
151500.0,9.306079635649669e-07,-8.009637326722441e-07,6.098125169273771e-07,0.9617651030421257,44989342.12120974,-28.639945241625693,False
151800.0,8.76911604357166e-07,-7.23994901363767e-07,5.979241208819985e-07,0.9676157534122467,44885659.1996507,-27.62644133590047,False
152100.0,8.224153308768316e-07,-6.474110705312341e-07,5.841975045939307e-07,0.9742322340607643,44780288.482683904,-26.60477727566992,False
152400.0,7.695433432327456e-07,-5.720021363231353e-07,5.709521957442121e-07,0.9798333793878555,44673305.92448329,-25.575456818815635,False
152700.0,7.167704351216557e-07,-4.97717280723009e-07,5.556667943551474e-07,0.9850348234176636,44564789.94142726,-24.538976263247953,False
153000.0,6.666613640777996e-07,-4.250360916557838e-07,5.408294363462574e-07,0.9899830222129822,44454821.35526822,-23.49582566153018,False
153300.0,6.164448758717626e-07,-3.5046420521211985e-07,5.244858627406757e-07,0.9940739646553993,44343483.32957366,-22.446490014691715,False
153600.0,5.710405395970413e-07,-2.786215986816387e-07,5.087088723598754e-07,0.9975549876689911,44230861.300075196,-21.391450480205368,False
153900.0,5.277149538360619e-07,-2.0626183072636195e-07,4.909938660091484e-07,1.0012765750288963,44117042.90259583,-20.33118555748603,False
154200.0,4.900019141912414e-07,-1.353263314740616e-07,4.730564917565516e-07,1.0046830624341965,44002117.89840722,-19.266172284210437,False
154500.0,4.594031083870676e-07,-6.373318228725111e-08,4.553958881103881e-07,1.0075371861457825,43886178.091466546,-18.1968874110104,False
154800.0,4.3785880475354336e-07,7.458879736077506e-09,4.378007751881796e-07,1.0101602226495743,43769317.24270051,-17.12380857417281,False
155100.0,4.2584696110289386e-07,7.795549095135357e-08,4.19205150592461e-07,1.0118959248065948,43651630.98158377,-16.047415459380325,False
155400.0,4.2602315889640175e-07,1.4894214928062866e-07,4.0098858455905884e-07,1.0135866701602936,43533216.70918496,-14.968190960313864,False
155700.0,4.3992413473306816e-07,2.2013119860275765e-07,3.8453440431851504e-07,1.0148085877299309,43414173.50190378,-13.88662232266896,False
156000.0,4.63059474033719e-07,2.8997331469327037e-07,3.6669983671799855e-07,1.015441857278347,43294602.006300956,-12.803202276931572,False
156300.0,4.974063276285646e-07,3.619718427216867e-07,3.489903015463369e-07,1.0157008096575737,43174604.33088562,-11.718430175275662,False
156600.0,5.397799891639601e-07,4.334638674663438e-07,3.3146398514816156e-07,1.0156973451375961,43054283.93378607,-10.632813102996016,False
156900.0,5.900267386324937e-07,5.050266054240637e-07,3.1637885733459825e-07,1.0148563161492348,42933745.50599752,-9.546866988631878,False
157200.0,6.448495401610622e-07,5.77117646116676e-07,2.9996146189148476e-07,1.0139984637498856,42813094.847417116,-8.461117689996204,False
157500.0,7.046840964076929e-07,6.496661626442801e-07,2.854295546583785e-07,1.0122299194335938,42692438.74356803,-7.3761020877079675,False
157800.0,7.679486841036759e-07,7.229216407722561e-07,2.709380559906549e-07,1.0107812583446503,42571884.83092684,-6.292369137930832,False
158100.0,8.337567608542133e-07,7.96429503679974e-07,2.570636059573417e-07,1.0076620653271675,42451541.467062436,-5.210480926466704,False
158400.0,9.023759125861994e-07,8.708688881142734e-07,2.4455135072543044e-07,1.0048027262091637,42331517.58400882,-4.1310136918968565,False
158700.0,9.733323780206845e-07,9.461410854783026e-07,2.3395474579857023e-07,1.0011182576417923,42211922.55155022,-3.0545588257333196,False
159000.0,1.0460251868975736e-06,1.0224795232716133e-06,2.2350514683466827e-07,0.9971134588122368,42092866.02493427,-1.9817238415396976,False
159300.0,1.1192975218904644e-06,1.098716722935933e-06,2.1437140873548088e-07,0.9921643733978271,41974457.79603607,-0.9131333170201609,False
159600.0,1.1936435661242673e-06,1.1755607260965917e-06,2.0700608785451102e-07,0.9872081354260445,41856807.63542209,0.150570213253163,False
159900.0,1.2700392358480714e-06,1.2541806597710092e-06,2.0181788285000835e-07,0.9819124639034271,41740025.13644891,1.2087254082036134,False
160200.0,1.3474017534866631e-06,1.3339781617105473e-06,1.9688197649969652e-07,0.9751598909497261,41624219.55279324,2.2606513289830734,False
160500.0,1.4257376205485068e-06,1.4147261708785663e-06,1.9476233248383323e-07,0.9683872237801552,41509499.630131006,3.305646703097954,False
160800.0,1.503332465677166e-06,1.4949541196074279e-06,1.9477374113563428e-07,0.9603235870599747,41395973.44370717,4.342989277874761,False
161100.0,1.5827716609390438e-06,1.5775503356962872e-06,1.9573908272008111e-07,0.95215954631567,41283748.22307699,5.371935249735275,False
161400.0,1.6620370407498971e-06,1.6602272410182195e-06,2.0043218107446137e-07,0.9439186006784439,41172930.183587685,6.391718790933027,False
161700.0,1.7430656091860232e-06,1.7453055534133455e-06,2.0672892553363909e-07,0.9334906786680222,41063624.35350982,7.401551702927098,False
162000.0,1.8227481696761824e-06,1.829661016472528e-06,2.1494634694363413e-07,0.9236309751868248,40955934.391911164,8.400623182510541,False
162300.0,1.9026866931147968e-06,1.914766528443579e-06,2.2680670497265965e-07,0.9124292954802513,40849962.422191836,9.388099742248816,False
162600.0,1.9833386811091603e-06,2.001471159474022e-06,2.395246969655318e-07,0.901368074119091,40745808.847612575,10.363125300096382,True
162900.0,2.064408051087639e-06,2.0890161636089033e-06,2.5704900075140813e-07,0.8891718536615372,40643572.18108946,11.324821435838288,True
163200.0,2.14527196013657e-06,2.177118403778877e-06,2.765814244298781e-07,0.8755680620670319,40543348.8656357,12.27228787710172,True
163500.0,2.225454189472985e-06,2.2651570077414362e-06,2.990678762415655e-07,0.8624036684632301,40445233.09852895,13.204603188140167,True
163800.0,2.3053805618950767e-06,2.353392773102314e-06,3.2553320039596656e-07,0.8482493609189987,40349316.66361633,14.120825722194255,True
164100.0,2.3854492768016037e-06,2.4423873696832743e-06,3.546126148279427e-07,0.8338671401143074,40255688.754944384,15.01999484521692,True
164400.0,2.464848506546702e-06,2.531197509370031e-06,3.865874802500002e-07,0.81767787784338,40164435.81315569,15.901132448849019,True
164700.0,2.543491129266747e-06,2.619650672386342e-06,4.2147167178541167e-07,0.801166795194149,40075641.355306596,16.763244787836925,True
165000.0,2.6222315393286727e-06,2.708232841541758e-06,4.610247295033787e-07,0.7844365015625954,39989385.81849858,17.60532465368682,True
165300.0,2.701301164351099e-06,2.797184720293444e-06,5.044857154246074e-07,0.7665665373206139,39905746.403272934,18.42635391463823,True
165600.0,2.779298187926179e-06,2.8850088540366414e-06,5.510868028579807e-07,0.7489867880940437,39824796.91917373,19.225306426148034,True
165900.0,2.8553430557278398e-06,2.970402334767641e-06,6.016118589968755e-07,0.7295369282364845,39746607.64541762,20.00115133330533,True
166200.0,2.9312665620406756e-06,3.0552661200999864e-06,6.555046816458798e-07,0.7102233618497849,39671245.18426525,20.75285677776393,True
166500.0,3.0066042541377755e-06,3.1387617127620615e-06,7.13271926855441e-07,0.6900618672370911,39598772.33630283,21.47939400284423,True
166800.0,3.0806106232437806e-06,3.2196620622926275e-06,7.754318573915953e-07,0.6695955246686935,39529247.97162756,22.17974186212032,True
167100.0,3.1537115685976686e-06,3.298893204828346e-06,8.394169519476691e-07,0.6484032422304153,39462726.91618641,22.85289171868211,True
167400.0,3.2257991840563803e-06,3.3751636294709897e-06,9.083133001297483e-07,0.6266535446047783,39399259.842756554,23.497852700739966,True
167700.0,3.2963812559641054e-06,3.4475198162908782e-06,9.82112716485517e-07,0.6043998226523399,39338893.1733864,24.113657312435272,True
168000.0,3.3663002717779787e-06,3.517318020840321e-06,1.0585725149780956e-06,0.5810147449374199,39281668.99138398,24.69936733151244,True
168300.0,3.43548870309072e-06,3.5840431564793107e-06,1.138102508235761e-06,0.5577798262238503,39227624.96028491,25.25407994688877,True
168600.0,3.502792222569022e-06,3.6460237424762454e-06,1.2206577828521858e-06,0.5345806330442429,39176794.259259135,25.77693408412739,True
168900.0,3.56852254392114e-06,3.702508706737717e-06,1.3079346601330144e-06,0.5097528323531151,39129205.526276104,26.267116830284685,True
169200.0,3.6341679386123453e-06,3.756498159646071e-06,1.39624893691348e-06,0.48526523262262344,39084882.80716174,26.72386988702438,True
169500.0,3.697459412354466e-06,3.8030831888136163e-06,1.4895502395972926e-06,0.459787093102932,39043845.52826853,27.146495927572055,True
169800.0,3.759114759938657e-06,3.845077628739091e-06,1.5829859592031426e-06,0.4347274824976921,39006108.46788736,27.53436480467755,True
170100.0,3.819485487273607e-06,3.880677240886143e-06,1.6802997855336343e-06,0.40892454981803894,38971681.75088469,27.886919438757786,True
170400.0,3.8781983523704096e-06,3.909686654424149e-06,1.7801519760496376e-06,0.3833197131752968,38940570.84533494,28.20368134128692,True
170700.0,3.935088785636294e-06,3.932741378775972e-06,1.8805093269236295e-06,0.35620856285095215,38912776.580602884,28.484255615351614,True
171000.0,3.990987870327743e-06,3.949153040139208e-06,1.983758046719686e-06,0.330146424472332,38888295.165786624,28.72833534618303,True
171300.0,4.04511784966174e-06,3.959111495532852e-06,2.087501869141306e-06,0.3033185675740242,38867118.235639915,28.93570530018555,True
171600.0,4.099179076336434e-06,3.9642218325752765e-06,2.1924023947406113e-06,0.276452973484993,38849232.89276691,29.106244816146532,True
171900.0,4.149653475381662e-06,3.959957240340373e-06,2.297808865847628e-06,0.24940156936645508,38834621.77177615,29.239929847775528,True
172200.0,4.199030077513912e-06,3.94936301972848e-06,2.4038440677998096e-06,0.22225148975849152,38823263.11028875,29.336834086498023,True
172500.0,4.246987761239208e-06,3.932490756142215e-06,2.509679390527708e-06,0.19505514949560165,38815130.83241409,29.397129142268774,True
172800.0,4.293853743441056e-06,3.909693191417318e-06,2.61532775169826e-06,0.16742286831140518,38810194.643099286,29.421083763933837,True
173100.0,4.369290093932756e-06,3.827704063041892e-06,2.8234960751660765e-06,0.020878441631793976,38808420.24989855,29.409062015105558,True
173400.0,4.4141997361421185e-06,3.7954488902869343e-06,2.9228359643695967e-06,-0.014434218406677246,38809769.01089314,29.361521048118206,True
173700.0,4.456523608059702e-06,3.756698447432427e-06,3.0204884815532296e-06,-0.049660854041576385,38814198.747738235,29.279006977673305,True
174000.0,4.49595190660349e-06,3.7104827868006396e-06,3.116883668496939e-06,-0.08489757031202316,38821663.42590463,29.16215101612305,True
174300.0,4.533697544296334e-06,3.659606790051839e-06,3.2112045573740033e-06,-0.12147293984889984,38832113.40774232,29.01166437632567,True
174600.0,4.568895131953423e-06,3.6030380954343855e-06,3.303220044159616e-06,-0.1570509597659111,38845495.59608265,28.828332674287466,True
174900.0,4.602588540131833e-06,3.542817154311706e-06,3.3927571543301838e-06,-0.19222500175237656,38861753.596443586,28.613009838086953,True
175200.0,4.632896533396274e-06,3.4774001846926694e-06,3.478653162858336e-06,-0.22872676700353622,38880827.87732545,28.366611634155312,True
175500.0,4.661536746419197e-06,3.4077278314725845e-06,3.562573969162486e-06,-0.2643669322133064,38902655.93306141,28.090108919805235,True
175800.0,4.6884143875937155e-06,3.335594186637536e-06,3.6431704586448177e-06,-0.30032283067703247,38927172.46417433,27.78452074874666,True
176100.0,4.712687528951886e-06,3.2590631349194155e-06,3.720901574411073e-06,-0.3359687402844429,38954309.549764186,27.450907416344844,True
176400.0,4.735327870177622e-06,3.1816079797408747e-06,3.7947305600027903e-06,-0.37183812260627747,38983996.83184255,27.090363562794927,True
176700.0,4.754676152052736e-06,3.099270543316379e-06,3.865389246016093e-06,-0.40779920667409897,39016161.698023655,26.704011409179017,True
177000.0,4.772076882793105e-06,3.0165474527166225e-06,3.9317462956489635e-06,-0.44337814301252365,39050729.468840525,26.292994218361116,True
177300.0,4.786474604162209e-06,2.9323885257781512e-06,3.993391569423466e-06,-0.47858182340860367,39087623.58738256,25.85847003405097,True
177600.0,4.799132805156823e-06,2.8459055272378464e-06,4.05250585089334e-06,-0.5135980844497681,39126765.808989026,25.401605759018285,True
177900.0,4.809767954251517e-06,2.7591422622208484e-06,4.107668022612643e-06,-0.5491161793470383,39168076.39211537,24.92357162157617,True
178200.0,4.818294983206623e-06,2.6727813065008377e-06,4.1585723202786085e-06,-0.5841592252254486,39211474.286656804,24.425536041362754,True
178500.0,4.8249479501101836e-06,2.5854125453861343e-06,4.206385874283569e-06,-0.618118405342102,39256877.32583431,23.90866092874389,True
178800.0,4.8277241528218675e-06,2.498127798844507e-06,4.2483569444584646e-06,-0.6529408842325211,39304202.41703389,23.374097428368014,True
179100.0,4.828802174065416e-06,2.4109924652293557e-06,4.287076361464415e-06,-0.6872090548276901,39353365.722802795,22.822982086890462,True
179400.0,4.827573921671893e-06,2.324543288523273e-06,4.321703336529481e-06,-0.7206181883811951,39404282.85000243,22.25643347051389,True
179700.0,4.824443508749671e-06,2.2379404356343002e-06,4.353173402193988e-06,-0.7538900747895241,39456869.031678505,21.675549187095367,True
180000.0,4.819150636499522e-06,2.1528433933326596e-06,4.380538676684864e-06,-0.7870449125766754,39511039.304122634,21.08140331748539,True
180300.0,4.810947278873691e-06,2.069501420010056e-06,4.403001682362628e-06,-0.8200836703181267,39566708.682760745,20.475044219563376,True
180600.0,4.801757827002346e-06,1.98697389919289e-06,4.423161279021315e-06,-0.8524465411901474,39623792.332848005,19.857492684748703,True
180900.0,4.7894835141098565e-06,1.9055922848565388e-06,4.438668394612932e-06,-0.8844591975212097,39682205.73782676,19.229740433304528,True
181200.0,4.775132543496823e-06,1.8250506741424033e-06,4.4508073671067905e-06,-0.9152422472834587,39741864.85949893,18.592748892472052,True
181500.0,4.7579462139518775e-06,1.7461384516082035e-06,4.458538395368805e-06,-0.9461276084184647,39802686.298763104,17.947448261185073,True
181800.0,4.7392421402123514e-06,1.6693123825461953e-06,4.4631929618788035e-06,-0.9766104519367218,39864587.44368093,17.294736808763805,True
182100.0,4.717478253589343e-06,1.5941345452574751e-06,4.463363222129146e-06,-1.0064963772892952,39927486.61829813,16.635480401400486,True
182400.0,4.694474685939393e-06,1.521764318113128e-06,4.460676796824714e-06,-1.0357633084058762,39991303.2235331,15.970512210216413,True
182700.0,4.669780900915851e-06,1.4500946576845308e-06,4.455390561375339e-06,-1.0648516342043877,40055957.8726672,15.300632597806237,True
183000.0,4.642670038803715e-06,1.3798793929709063e-06,4.446541595370945e-06,-1.0926670879125595,40121372.518567726,14.626609145943547,True
183300.0,4.6130138712440935e-06,1.3107581651183864e-06,4.434145790099819e-06,-1.119607113301754,40187470.57982564,13.949176806042388,True
183600.0,4.581002247836315e-06,1.2438379428658664e-06,4.418139154083178e-06,-1.1466135382652283,40254177.05670535,13.269038158498171,True
183900.0,4.5476313973598295e-06,1.1786607956310036e-06,4.39973676691352e-06,-1.1729048863053322,40321418.63947617,12.586863757798396,True
184200.0,4.512044718735584e-06,1.1163267572555924e-06,4.377828123125482e-06,-1.199288286268711,40389123.81596267,11.903292555066448,True
184500.0,4.474557358113727e-06,1.0544329711592582e-06,4.353380385069272e-06,-1.2244280874729156,40457222.96564696,11.218932371022241,True
184800.0,4.434973511841394e-06,9.943326233496919e-07,4.325891806544746e-06,-1.247981883585453,40525648.454207316,10.53436042286845,True
185100.0,4.393686852869433e-06,9.369927056468441e-07,4.295605030790739e-06,-1.2714679911732674,40594334.719347864,9.850123880453115,False
185400.0,4.3516360016455895e-06,8.803705213722424e-07,4.2639598643035015e-06,-1.294395126402378,40663218.34545458,9.166740449708085,False
185700.0,4.305899400473231e-06,8.256691614860756e-07,4.227751304597405e-06,-1.316483460366726,40732238.137925945,8.484698979689997,False
186000.0,4.2591457870630885e-06,7.730579056897113e-07,4.189716480418326e-06,-1.3379323333501816,40801335.189164706,7.804460063503645,False
186300.0,4.210142155403593e-06,7.210468027096795e-07,4.148902298162227e-06,-1.3581769242882729,40870452.93671531,7.126456663873028,False
186600.0,4.161080867763614e-06,6.710220361583197e-07,4.107311468715125e-06,-1.3783059865236282,40939537.21877165,6.451094721987406,False
186900.0,4.109030348880116e-06,6.229974474081246e-07,4.062011742078653e-06,-1.396901823580265,41008536.31687757,5.778753776478958,False
187200.0,4.054952510557573e-06,5.751736011916364e-07,4.01427944218824e-06,-1.4156262949109077,41077401.002213635,5.109787557825793,False
187500.0,3.999372888008579e-06,5.291939260132494e-07,3.964419129864893e-06,-1.4327756687998772,41146084.563769184,4.444524587141168,False
187800.0,3.943400525873961e-06,4.852233530527883e-07,3.9135650053978566e-06,-1.4491807669401169,41214542.8428589,3.783268756303885,False
188100.0,3.884632268804956e-06,4.414471561631217e-07,3.8595429647791946e-06,-1.4651520401239395,41282734.25277194,3.126299901193446,False
188400.0,3.825944817965451e-06,4.00042466708328e-07,3.805012213309311e-06,-1.4806516095995903,41350619.79582842,2.4738743491681636,False
188700.0,3.7646118992705563e-06,3.59264561211603e-07,3.747447505642043e-06,-1.4949824288487434,41418163.07423075,1.8262254710311236,False
189000.0,3.7012141564379575e-06,3.213144168512372e-07,3.687246576511427e-06,-1.5080500692129135,41485330.296866275,1.1835642013966976,False
189300.0,3.6371540204785026e-06,2.8294931553318747e-07,3.626132419221051e-06,-1.5208423733711243,41552090.27981027,0.5460795558219268,False
189600.0,3.5730798719277663e-06,2.457284438150964e-07,3.5646202386080406e-06,-1.5320295318961143,41618414.43753919,-0.08606086324564909,False
189900.0,3.5054537707933416e-06,2.0922152543789707e-07,3.499205519785775e-06,-1.5438231974840164,41684276.778101824,-0.7127103712962001,False
190200.0,3.438583192455775e-06,1.7412054376109154e-07,3.434174258298839e-06,-1.5538747534155846,41749653.879140645,-1.3337427310008805,False
190500.0,3.3689838110533915e-06,1.4009268056724977e-07,3.3660731815210454e-06,-1.5632806718349457,41814524.874944806,-1.9490516624814624,False
190800.0,3.299716661240513e-06,1.0744400924522779e-07,3.297970411431095e-06,-1.5721607580780983,41878871.426116385,-2.558550390184665,False
191100.0,3.2281079415787043e-06,7.497328624594957e-08,3.2272398411414827e-06,-1.5796476006507874,41942677.688806206,-3.1621711684502016,False
191400.0,3.155389460247042e-06,4.4500609419628745e-08,3.155076996552708e-06,-1.5864111855626106,42005930.28176241,-3.7598648322683785,False
191700.0,3.0828904366596136e-06,1.5207035630737664e-08,3.0828531452087304e-06,-1.5928678512573242,42068618.24446266,-4.351600336587757,False
192000.0,3.008344164268635e-06,-1.4349325283546932e-08,3.0083101956179803e-06,-1.598300278186798,42130732.99167976,-4.937364295416105,False
192300.0,2.9337046471296303e-06,-4.358651040092809e-08,2.933383837167014e-06,-1.6038606092333794,42192268.26757875,-5.517160530757613,False
192600.0,2.85789288678358e-06,-7.182450190157397e-08,2.857000363398754e-06,-1.607832431793213,42253220.08784809,-6.091009603014867,False
192900.0,2.781080139463449e-06,-9.841960491030477e-08,2.7793615418048034e-06,-1.6107043400406837,42313586.68754824,-6.658948347713663,False
193200.0,2.702787365638698e-06,-1.2531711490737507e-07,2.699926534788233e-06,-1.6135662570595741,42373368.45832077,-7.2210293991680885,False
193500.0,2.6251708735732376e-06,-1.5093138472366263e-07,2.6209080452588296e-06,-1.6146326586604118,42432567.87989745,-7.7773207114024965,False
193800.0,2.5462416133932824e-06,-1.7710726751829498e-07,2.5402042034272654e-06,-1.6161517575383186,42491189.458306074,-8.327905058851718,False
194100.0,2.466771065548697e-06,-2.010436332966492e-07,2.458760365087187e-06,-1.6167112588882446,42549239.64592509,-8.872879540551125,False
194400.0,2.3867823371109685e-06,-2.252119770673744e-07,2.3764187329078368e-06,-1.616503968834877,42606726.7710942,-9.41235506071628,False
194700.0,2.3056738301134456e-06,-2.482758532096341e-07,2.2926687428537207e-06,-1.6158550754189491,42663660.95773084,-9.946455801105126,False
195000.0,2.2250097112691643e-06,-2.722057388382382e-07,2.2088507325435103e-06,-1.6139072328805923,42720054.04200011,-10.475318680843102,False
195300.0,2.143501352333804e-06,-2.9437723014780204e-07,2.1239337613110365e-06,-1.611125960946083,42775919.4898565,-10.999092795109027,False
195600.0,2.0622264919061325e-06,-3.1640257702747476e-07,2.0387885886208323e-06,-1.6079837530851364,42831272.30797463,-11.51793884703938,False
195900.0,1.980276115103221e-06,-3.3790325915106223e-07,1.952505186864073e-06,-1.6047752276062965,42886128.953186065,-12.03202855600062,False
196200.0,1.8990017442853804e-06,-3.604272649226914e-07,1.8661257623620031e-06,-1.6000136509537697,42940507.23804019,-12.54154405736161,False
196500.0,1.8169957532070755e-06,-3.811823034993722e-07,1.7786450463574965e-06,-1.5952009782195091,42994426.24045394,-13.046677278544694,False
196800.0,1.734520253890762e-06,-4.0221658537120675e-07,1.6898697712264266e-06,-1.5888183638453484,43047906.20047551,-13.547629306042946,False
197100.0,1.6542872997275894e-06,-4.2183910409221426e-07,1.6028717997329522e-06,-1.5828107818961143,43100968.42761662,-14.044609736385803,False
197400.0,1.5730410308030255e-06,-4.425048700795742e-07,1.513600231817236e-06,-1.5754137337207794,43153635.19278902,-14.537835999033707,False
197700.0,1.4934691607213086e-06,-4.628855378996377e-07,1.4249882553940552e-06,-1.5675359219312668,43205929.632249996,-15.027532689100319,False
198000.0,1.4147723126349405e-06,-4.834260494135378e-07,1.3358889425774123e-06,-1.5590953081846237,43257875.640150525,-15.513930860944926,False
198300.0,1.336166465920835e-06,-5.018094952902175e-07,1.24605513285303e-06,-1.5504865422844887,43309497.76506446,-15.99726732469939,False
198600.0,1.2597713066287304e-06,-5.21715435297665e-07,1.1561726509512482e-06,-1.5407838970422745,43360821.10230817,-16.477783925715823,False
198900.0,1.1857446998039075e-06,-5.405051410889428e-07,1.0670949244229178e-06,-1.5300460830330849,43411871.189625934,-16.95572681217653,False
199200.0,1.1134824211693684e-06,-5.602321380138164e-07,9.768050865943678e-07,-1.5191509276628494,43462673.89988208,-17.43134569059679,False
199500.0,1.0444157842993842e-06,-5.799766711334087e-07,8.866931402451428e-07,-1.5078132599592209,43513255.331630506,-17.90489308210507,False
199800.0,9.793439316268498e-07,-5.98943586282985e-07,7.975184352915221e-07,-1.4952382445335388,43563641.70223335,-18.376623561248476,False
200100.0,9.179062637125786e-07,-6.182269203236501e-07,7.072707823851943e-07,-1.4828201606869698,43613859.24316263,-18.846792990984955,False
200400.0,8.622738241626891e-07,-6.36986385416094e-07,6.18189204715236e-07,-1.4688719436526299,43663934.087695196,-19.315657762620475,False
200700.0,8.131015751902155e-07,-6.56198267279251e-07,5.290245290723306e-07,-1.4553434327244759,43713892.17118731,-19.783474018315946,False
201000.0,7.717709110869406e-07,-6.756390007467417e-07,4.4026217338455353e-07,-1.4406221583485603,43763759.11825164,-20.250496885438565,False
201300.0,7.394397689038336e-07,-6.957595246603887e-07,3.5109546203671016e-07,-1.4256889298558235,43813560.14433947,-20.716979703119208,False
201600.0,7.161166999366537e-07,-7.144990945562313e-07,2.626281627726712e-07,-1.4094019755721092,43863319.94773261,-21.183173257048995,False
201900.0,7.047681734694183e-07,-7.344681307586143e-07,1.7514562600240424e-07,-1.3931643292307854,43913062.61243009,-21.649325011889523,False
202200.0,7.050022119091151e-07,-7.551271323791298e-07,8.735642964552426e-08,-1.3761684745550156,43962811.50335353,-22.115678350692765,False
202500.0,7.157589882432467e-07,-7.751936834665685e-07,1.2905125856832456e-09,-1.3586064204573631,44012589.17148709,-22.58247182644976,False
202800.0,7.370364230455869e-07,-7.956353158533602e-07,-8.503180737307048e-08,-1.340050220489502,44062417.25638276,-23.04993840924873,False
203100.0,7.678236968146587e-07,-8.163997904375719e-07,-1.708093257946075e-07,-1.3212233781814575,44112316.39447426,-23.518304756672954,False
203400.0,8.067857619043354e-07,-8.38049288631737e-07,-2.54272837452163e-07,-1.3024967685341835,44162306.12675144,-23.987790485887277,False
203700.0,8.516806162969036e-07,-8.58876518350371e-07,-3.378555035737918e-07,-1.2827574759721756,44212404.80965807,-24.45860745372329,False
204000.0,9.028812678764938e-07,-8.811421707832778e-07,-4.204033814403374e-07,-1.2624192014336586,44262629.53319026,-24.93095906201672,False
204300.0,9.595626931293527e-07,-9.045341471392021e-07,-5.031578460545916e-07,-1.2420934736728668,44312996.03791672,-25.4050395622565,False
204600.0,1.017504042997474e-06,-9.272795864490035e-07,-5.824935094267403e-07,-1.2203306034207344,44363518.634526074,-25.881033387209424,False
204900.0,1.0797135041961964e-06,-9.51493973389006e-07,-6.625046680142077e-07,-1.1985175535082817,44414210.1341754,-26.359114476907408,False
205200.0,1.1425552028976008e-06,-9.749571745487629e-07,-7.407118296498538e-07,-1.1763574182987213,44465081.77324398,-26.839445646038243,False
205500.0,1.2069397865673807e-06,-9.995754908231902e-07,-8.173424319579681e-07,-1.1540514007210732,44516143.1487834,-27.322177942417717,False
205800.0,1.2730130225055977e-06,-1.025533890697261e-06,-8.931526664923695e-07,-1.130583643913269,44567402.15422391,-27.807450031524713,False
206100.0,1.3395982924882997e-06,-1.0527901963541808e-06,-9.670564118380298e-07,-1.1080437079071999,44618864.925421506,-28.295387595587425,False
206400.0,1.4053892777920301e-06,-1.0789250097786862e-06,-1.0396964427172861e-06,-1.0834852829575539,44670535.7786821,-28.786102740645664,False
206700.0,1.4723874008801554e-06,-1.1073406085415627e-06,-1.1113146705099552e-06,-1.0588749274611473,44722417.17144322,-29.27969342259597,False
207000.0,1.538262207506256e-06,-1.1360024814166536e-06,-1.1806861266450142e-06,-1.0352487340569496,44774509.65184494,-29.77624288461523,False
207300.0,1.6047327389323993e-06,-1.1664002954603347e-06,-1.2491947281034754e-06,-1.0106102377176285,44826811.81682438,-30.27581910084808,False
207600.0,1.6696857532359408e-06,-1.1971327751325589e-06,-1.315294134940359e-06,-0.9853544682264328,44879320.28260692,-30.77847423988175,False
207900.0,1.7344137705491965e-06,-1.2289743835935951e-06,-1.3802520157923936e-06,-0.9591794684529305,44932029.65162948,-31.28424412568166,False
208200.0,1.797605475140876e-06,-1.2609167470145621e-06,-1.443188963889952e-06,-0.9339833408594131,44984932.49045451,-31.793147716361975,False
208500.0,1.8615845604676537e-06,-1.2954948545029765e-06,-1.5055027375865393e-06,-0.9075312092900276,45038019.30350567,-32.30518657890923,False
208800.0,1.92275389728755e-06,-1.3313043609741726e-06,-1.5637400636592247e-06,-0.881589412689209,45091278.526354425,-32.82034437883442,False
209100.0,1.983940846200896e-06,-1.3676416870112007e-06,-1.6218922311850292e-06,-0.8546654284000397,45144696.50871432,-33.33858635166211,False
209400.0,2.0435513767099445e-06,-1.4054052144274465e-06,-1.6775251907574784e-06,-0.8284053429961205,45198257.51619811,-33.85985879959185,False
209700.0,2.102210277693415e-06,-1.4447289800045837e-06,-1.7313947893171644e-06,-0.8016261085867882,45251943.7248046,-34.38408856131053,False
210000.0,2.1590016820346284e-06,-1.48506123309744e-06,-1.7827583462803887e-06,-0.7742046490311623,45305735.23033253,-34.911182490276495,False
210300.0,2.2149264744342194e-06,-1.5271281768036715e-06,-1.8324677810710455e-06,-0.7473266497254372,45359610.05918589,-35.44102691685754,False
210600.0,2.270448715865103e-06,-1.5711887613178988e-06,-1.8809862112334486e-06,-0.7203560024499893,45413544.18077965,-35.973487104615906,False
210900.0,2.322833317666055e-06,-1.6161266671588237e-06,-1.92566108836445e-06,-0.6933933943510056,45467511.53054912,-36.50840669384627,False
211200.0,2.374873371479866e-06,-1.6629685433144914e-06,-1.9693336881232426e-06,-0.6655120849609375,45521484.03347277,-37.0456071177777,False
211500.0,2.4258171315326886e-06,-1.7125943259088672e-06,-2.010657262019322e-06,-0.6383533030748367,45575431.63770083,-37.58488701866539,False
211800.0,2.4746798166710765e-06,-1.762243812208908e-06,-2.0499451878208674e-06,-0.6107364147901535,45629322.343842424,-38.12602162771258,False
212100.0,2.52314304000559e-06,-1.8156652004108764e-06,-2.0872486885537e-06,-0.583332784473896,45683122.248846486,-38.66876213012531,False
212400.0,2.568572642949238e-06,-1.8701206840887608e-06,-2.120857658383102e-06,-0.5558158382773399,45736795.58676563,-39.21283500543547,False
212700.0,2.6137846555853745e-06,-1.926916183947469e-06,-2.1534977392434484e-06,-0.5286221876740456,45790304.77840288,-39.75794133456047,False
213000.0,2.657302945558342e-06,-1.9857712345583423e-06,-2.1835406371906174e-06,-0.5009352713823318,45843610.48131019,-40.303756095562505,False
213300.0,2.699673985919715e-06,-2.0469589685490064e-06,-2.2115118625265495e-06,-0.47420137375593185,45896671.649296515,-40.84992741775993,False
213600.0,2.740634076263588e-06,-2.1111198691414756e-06,-2.2367531329337e-06,-0.4457238018512726,45949445.58583137,-41.39607582007431,False
213900.0,2.779535357875615e-06,-2.176447281954097e-06,-2.259424377371033e-06,-0.41949091106653214,46001888.018333554,-41.941793420144876,False
214200.0,2.817021967639285e-06,-2.2441847136178694e-06,-2.2796461607299534e-06,-0.391794852912426,46053953.15072849,-42.486643125284026,False
214500.0,2.854229302537315e-06,-2.316418488135241e-06,-2.2976935767360374e-06,-0.3646126762032509,46105593.7470677,-43.03015780560859,False
214800.0,2.88845219790308e-06,-2.3896240577414574e-06,-2.3120830405787274e-06,-0.3379366844892502,46156761.1972145,-43.57183945835772,False
215100.0,2.922689859682282e-06,-2.4656804384903808e-06,-2.3255166112789993e-06,-0.31089870631694794,46207405.594253436,-44.11115836114916,False
215400.0,2.95451638727547e-06,-2.5445969527027046e-06,-2.334920004898322e-06,-0.2843784689903259,46257475.81612392,-44.64755224779652,False
215700.0,2.984470078074733e-06,-2.6248438871334656e-06,-2.3417632419864276e-06,-0.25738927721977234,46306919.603578754,-45.18042548280622,False
216000.0,3.0143528811418445e-06,-2.7105363074042543e-06,-2.346006027664771e-06,-0.2307058423757553,46355683.64773858,-45.70914828627986,False
216300.0,3.041599884832757e-06,-2.7967920459559537e-06,-2.3470390999591473e-06,-0.2043684422969818,46403713.67368175,-46.23305600400759,False
216600.0,3.0685964306805894e-06,-2.887004598051135e-06,-2.3459561617755753e-06,-0.17800096422433853,46450954.52881167,-46.75144844998303,False
216900.0,3.0940399265409056e-06,-2.980680591235796e-06,-2.341257946625319e-06,-0.15093713998794556,46497350.272802226,-47.26358935452736,False
217200.0,3.1171801689361354e-06,-3.076013683767087e-06,-2.332894482037773e-06,-0.12569766491651535,46542844.27246977,-47.76870593239124,False
217500.0,3.139151266356214e-06,-3.172666595219198e-06,-2.3224763125995196e-06,-0.09952877461910248,46587379.28609098,-48.265988616489715,False
217800.0,3.160427066150946e-06,-3.2738060440351546e-06,-2.308619720281513e-06,-0.07325267046689987,46630897.566227555,-48.75459099612325,False
218100.0,3.180403089522282e-06,-3.3777305930016155e-06,-2.291373270679742e-06,-0.047700755298137665,46673340.95114189,-49.23362998788542,False
218400.0,3.19876426619885e-06,-3.484044782453566e-06,-2.2703606887830574e-06,-0.022361330687999725,46714650.959252015,-49.70218630093959,False
218700.0,3.2152557309713415e-06,-3.590409079379242e-06,-2.2465270532734394e-06,0.0032164230942726135,46754768.88698818,-50.159305236877394,False
219000.0,3.2302994899428387e-06,-3.6994715060245653e-06,-2.218531385267397e-06,0.028809450566768646,46793635.90632816,-50.603997886342,False
219300.0,3.244377683083322e-06,-3.8105701776203205e-06,-2.187232198025413e-06,0.05344884842634201,46831193.16208991,-51.035242764351835,False
219600.0,3.2573035356098285e-06,-3.923175370346144e-06,-2.15242885559519e-06,0.07956316322088242,46867381.865141675,-51.45198795634614,False
219900.0,3.269027631247184e-06,-4.0363758557759866e-06,-2.1143724424632637e-06,0.1040482446551323,46902143.39865632,-51.853153817645534,False
220200.0,3.2781089560937592e-06,-4.1481610821847426e-06,-2.0719454241202584e-06,0.1291505992412567,46935419.40436753,-52.23763628644456,False
220500.0,3.2872803386692715e-06,-4.261367450908438e-06,-2.026939611710077e-06,0.1538287028670311,46967151.88801275,-52.60431084704082,False
220800.0,3.2944395517308935e-06,-4.373146452962828e-06,-1.977734925162622e-06,0.17788080126047134,46997283.31152954,-52.95203719713692,False
221100.0,3.300646046575305e-06,-4.484679806182612e-06,-1.9246244562509673e-06,0.20280753821134567,47025756.68789787,-53.2796646216424,False
221400.0,3.3050233708848114e-06,-4.5937240429339e-06,-1.8673984527595167e-06,0.22670602798461914,47052515.68119881,-53.58603810084538,False
221700.0,3.3077585723493502e-06,-4.69850638751268e-06,-1.8073570444698817e-06,0.25032954663038254,47077504.694627665,-53.870005129299116,False
222000.0,3.309865433729073e-06,-4.801098583584462e-06,-1.7439341704061917e-06,0.27466609328985214,47100668.965986945,-54.13042322020316,False
222300.0,3.309266242715528e-06,-4.8974333708429185e-06,-1.6763516157425329e-06,0.29840345680713654,47121954.66217622,-54.36616802315401,False
222600.0,3.3082060007212283e-06,-4.989893170659343e-06,-1.605972755669427e-06,0.32252781093120575,47141308.9653216,-54.57614196893882,False
222900.0,3.3064985027283216e-06,-5.07709108887866e-06,-1.5331952383235148e-06,0.3456329107284546,47158680.1668639,-54.75928332684261,False
223200.0,3.3009036837677442e-06,-5.153107821342928e-06,-1.4569049398005518e-06,0.3693654239177704,47174017.75008161,-54.914575516161726,False
223500.0,3.2964388788864074e-06,-5.2260975280660205e-06,-1.3782203325263254e-06,0.39230774343013763,47187272.482654124,-55.041056492585305,False
223800.0,3.2895910152865702e-06,-5.288783398782471e-06,-1.2970463671990728e-06,0.41521962732076645,47198396.49625665,-55.13782802028294,False
224100.0,3.2807742209621177e-06,-5.34155554987592e-06,-1.2132746718407361e-06,0.437890850007534,47207343.37285195,-55.204064600492536,False
224400.0,3.2708182084949617e-06,-5.384637233873946e-06,-1.1282291438874381e-06,0.46145375818014145,47214068.223753035,-55.239021835113014,False
224700.0,3.259231225330018e-06,-5.417005070285086e-06,-1.041648935995454e-06,0.4832756891846657,47218527.77426377,-55.242044005291035,False
225000.0,3.247017949663535e-06,-5.440379453602873e-06,-9.533194074151652e-07,0.5058264434337616,47220680.4324349,-55.21257064299474,False
225300.0,3.2329668968815135e-06,-5.451087361052487e-06,-8.657088201857732e-07,0.5278621464967728,47220486.37353018,-55.15014190899042,False
225600.0,3.2169787235566614e-06,-5.4502805255651765e-06,-7.762849278947215e-07,0.5494092330336571,47217907.60865968,-55.054402631209946,False
225900.0,3.1996125649080063e-06,-5.4380421374844445e-06,-6.87160259360553e-07,0.5711550116539001,47212908.05691813,-54.92510486016451,False
226200.0,3.1813122738985722e-06,-5.415451823864714e-06,-5.98186808531409e-07,0.5932253375649452,47205453.615996316,-54.76210890773024,False
226500.0,3.1605202354165847e-06,-5.379700326102466e-06,-5.105658971160665e-07,0.6145792379975319,47195512.229986735,-54.565382826521514,False
226800.0,3.1401764252179487e-06,-5.3365017720352625e-06,-4.2399135935511367e-07,0.6354399472475052,47183053.95191912,-54.33500038350679,False
227100.0,3.1167487707344706e-06,-5.280087009396084e-06,-3.3906094643043616e-07,0.6564266830682755,47168051.007319055,-54.07113760256661,False
227400.0,3.0916251589930184e-06,-5.2136659860479995e-06,-2.545932744624224e-07,0.67727130651474,47150477.85586549,-53.77406801702977,False
227700.0,3.066290036456433e-06,-5.139920716601409e-06,-1.736764829729509e-07,0.6970449909567833,47130311.24918474,-53.44415678538517,False
228000.0,3.0378245656600403e-06,-5.054914964830459e-06,-9.453500382505808e-08,0.7176196351647377,47107530.2830209,-53.08185388790329,False
228300.0,3.009007196778696e-06,-4.963973537996935e-06,-1.7043397804172855e-08,0.737595945596695,47082116.45651706,-52.68768658357552,False
228600.0,2.9790789948194517e-06,-4.866505321388104e-06,5.6887465404997783e-08,0.7569943964481354,47054053.71827888,-52.26225136540368,False
228900.0,2.946837325079044e-06,-4.761385639540094e-06,1.27550627837536e-07,0.7761794924736023,47023328.51571982,-51.80620562513943,False
229200.0,2.9137018543961165e-06,-4.651708223946116e-06,1.9510059701133287e-07,0.795007511973381,46989929.84166782,-51.320259216819146,False
229500.0,2.8780258640811085e-06,-4.535630864666018e-06,2.5914906132129545e-07,0.8144261837005615,46953849.27597594,-50.80516610944607,False
229800.0,2.8416532435386763e-06,-4.416734810774869e-06,3.203529956863349e-07,0.8323752880096436,46915081.030259766,-50.26171628718569,False
230100.0,2.804019897669336e-06,-4.2947812630700355e-06,3.7854342593846013e-07,0.8505880534648895,46873621.979133636,-49.69072802351333,False
230400.0,2.765098695399595e-06,-4.170633815192559e-06,4.324851872183899e-07,0.8685422316193581,46829471.70166831,-49.09304063875555,False
230700.0,2.7245775858869198e-06,-4.0441698274662485e-06,4.833568567619295e-07,0.8864486515522003,46782632.511154495,-48.46950782031766,False
231000.0,2.682732137951653e-06,-3.91665636811922e-06,5.3011014955473e-07,0.9036156311631203,46733109.48680498,-47.82099154540509,False
231300.0,2.6389438790160334e-06,-3.787270770772011e-06,5.74134368491741e-07,0.920871689915657,46680910.49868332,-47.14835665224649,False
231600.0,2.593665247176503e-06,-3.6576739717020246e-06,6.138532810950892e-07,0.9371654391288757,46626046.235710785,-46.45246604900122,False
231900.0,2.547576740509564e-06,-3.52892783439529e-06,6.504139236085393e-07,0.9544670954346657,46568530.22259522,-45.73417657333951,False
232200.0,2.5001182348360286e-06,-3.4006214946202817e-06,6.836187438352681e-07,0.970003642141819,46508378.84661786,-44.99433546030793,False
232500.0,2.4504192729331426e-06,-3.2717361762024666e-06,7.136481272596029e-07,0.9859984144568443,46445611.364073664,-44.23377740231284,False
232800.0,2.400147198788904e-06,-3.144861267401211e-06,7.407962314687211e-07,1.001047506928444,46380249.92219702,-43.45332215448456,False
233100.0,2.3477686327911537e-06,-3.0184447155079397e-06,7.640941817044222e-07,1.0163633227348328,46312319.56330612,-42.65377264266387,False
233400.0,2.294866077511207e-06,-2.894284563126348e-06,7.850515615359654e-07,1.0313582196831703,46241848.23665379,-41.83591353412076,False
233700.0,2.240965284849917e-06,-2.772595223632379e-06,8.021342665642806e-07,1.045548491179943,46168866.80096397,-41.0005102098025,False
234000.0,2.18494046976796e-06,-2.6507047437007714e-06,8.177527135444507e-07,1.0600573122501373,46093409.024332516,-40.148308113772806,False
234300.0,2.128657876907682e-06,-2.532333837734768e-06,8.299857725546644e-07,1.0729985684156418,46015511.58716527,-39.28003240772974,False
234600.0,2.0703441265046102e-06,-2.4146194164131884e-06,8.396942732247226e-07,1.0866743475198746,45935214.0701736,-38.39638791945448,False
234900.0,2.0108982792875896e-06,-2.298943513778795e-06,8.467707601766961e-07,1.1006575897336006,45852558.95330674,-37.498059320175486,False
235200.0,1.9506648137980727e-06,-2.1853279008610116e-06,8.520361660657727e-07,1.1135801151394844,45767591.60274869,-36.58571151193019,False
235500.0,1.8896203293747433e-06,-2.0741819639624737e-06,8.547424030780348e-07,1.1258545219898224,45680360.253697716,-35.65999018291125,False
235800.0,1.8263394809071334e-06,-1.963053819054039e-06,8.556610495702444e-07,1.1373973116278648,45590915.99480477,-34.72152251225507,False
236100.0,1.7625065273291993e-06,-1.8550653066995437e-06,8.535212643323575e-07,1.1500279381871223,45499312.744538076,-33.77091798686443,False
236400.0,1.6982974562842947e-06,-1.7486741228367464e-06,8.509417739333003e-07,1.1613421440124512,45405607.23261507,-32.808769324408914,False
236700.0,1.6319640906640785e-06,-1.6424936291059566e-06,8.462583060975248e-07,1.171968013048172,45309858.96453099,-31.83565345987131,False
237000.0,1.5648149193031633e-06,-1.5383840832328133e-06,8.392948807056655e-07,1.1831376925110817,45212130.192187324,-30.85213260736952,False
237300.0,1.49671530000554e-06,-1.43582286682431e-06,8.304042076190399e-07,1.193333052098751,45112485.881796226,-29.85875536272027,False
237600.0,1.4290845496199584e-06,-1.3351914276427124e-06,8.214434288333905e-07,1.2033903673291206,45010993.66960852,-28.85605784376463,False
237900.0,1.3597576098264693e-06,-1.2353845022516907e-06,8.097617332225582e-07,1.2127615213394165,44907723.822700374,-27.84456484983794,False
238200.0,1.2916291595507049e-06,-1.1383817763999104e-06,7.976786307040129e-07,1.2221205532550812,44802749.18956083,-26.824791054883374,False
238500.0,1.2215148540216203e-06,-1.0401754764188809e-06,7.842481402065005e-07,1.2312716767191887,44696145.151454665,-25.797242194523598,False
238800.0,1.1514503609169858e-06,-9.425668281437538e-07,7.702421385147318e-07,1.2399212196469307,44587989.56693005,-24.76241627282574,False
239100.0,1.0829671806997841e-06,-8.482757039018907e-07,7.54780838718716e-07,1.2473435997962952,44478362.713371426,-23.72080476308179,False
239400.0,1.0136033545062182e-06,-7.519733458138944e-07,7.388831519961059e-07,1.255611665546894,44367347.220860824,-22.67289381470172,False
239700.0,9.470041575996097e-07,-6.5832247742037e-07,7.226746134847417e-07,1.2626401335000992,44255028.01203291,-21.61916545054451,False
240000.0,8.816778023314118e-07,-5.650334742313134e-07,7.053147754731981e-07,1.2689743340015411,44141492.223928206,-20.560098761964877,False
240300.0,8.178643888385062e-07,-4.7107096179388463e-07,6.868125836945183e-07,1.275476299226284,44026829.1346325,-19.496171099461815,False
240600.0,7.587059216411387e-07,-3.78449101390288e-07,6.683731790246839e-07,1.2813120782375336,43911130.08524221,-18.427859254683366,False
240900.0,7.052217878994606e-07,-2.859687526779453e-07,6.50258854761887e-07,1.2871074602007866,43794488.39223658,-17.355640632162817,False
241200.0,6.587472669565412e-07,-1.930252722104342e-07,6.321528367436713e-07,1.2914795279502869,43676999.26200341,-16.27999441536722,False
241500.0,6.206340940956114e-07,-9.964867331291316e-08,6.131390968278083e-07,1.2960272952914238,43558759.69239543,-15.201402723876475,False
241800.0,5.944100284093381e-07,-8.460460776404943e-09,5.943533984975602e-07,1.2994205802679062,43439868.380646124,-14.120351764488705,False
242100.0,5.816190865310809e-07,8.513768534612609e-08,5.756745657947704e-07,1.3032305240631104,43320425.6149781,-13.037332967321733,False
242400.0,5.849764024479598e-07,1.781575349468767e-07,5.584073026199121e-07,1.3055328950285912,43200533.17385912,-11.95284411846624,False
242700.0,6.024195252282587e-07,2.713605340431968e-07,5.402686724664818e-07,1.3075514659285545,43080294.20763605,-10.867390474936,False
243000.0,6.348495081964137e-07,3.6596554764400935e-07,5.224641181911238e-07,1.3084068074822426,42959813.12749021,-9.781485880900867,False
243300.0,6.800798014866583e-07,4.594483584696718e-07,5.06202262329225e-07,1.310177281498909,42839195.47953028,-8.69565386146548,False
243600.0,7.364851682538366e-07,5.549887305278389e-07,4.89694069294444e-07,1.3103655725717545,42718547.82696715,-7.610428703594127,False
243900.0,8.027696630355776e-07,6.513211587844125e-07,4.750791946506183e-07,1.3094020262360573,42597977.612791896,-6.526356531761593,False
244200.0,8.741480264898367e-07,7.4627271828831e-07,4.606784003158282e-07,1.3079636096954346,42477593.02824948,-5.443996351382821,False
244500.0,9.529945989821145e-07,8.441628835953452e-07,4.468933427759225e-07,1.3067129775881767,42357502.87459227,-4.363921085451002,False
244800.0,1.0372615414837974e-06,9.427260749816924e-07,4.3600499610718657e-07,1.3040838539600372,42237816.42259653,-3.2867185811172996,False
245100.0,1.1242459130897647e-06,1.0414088080779038e-06,4.254570167283589e-07,1.3010035306215286,42118643.26108068,-2.2129925815918425,False
245400.0,1.2142626574430843e-06,1.1409190960876003e-06,4.1624001712037284e-07,1.2964701727032661,42000093.15066041,-1.1433636800111486,False
245700.0,1.3078103330052454e-06,1.242099216369752e-06,4.0934129315328693e-07,1.292144663631916,41882275.86475678,-0.07847022241431019,False
246000.0,1.4022983678060668e-06,1.3433248113869922e-06,4.03048565633668e-07,1.2865107208490372,41765301.03750322,0.9810308341268662,False
246300.0,1.4996957889612327e-06,1.4464069977293548e-06,3.995383233146299e-07,1.2801617309451103,41649277.99721981,2.0344631075385116,False
246600.0,1.5983391434270293e-06,1.5501514667448646e-06,3.9832246701010376e-07,1.273399144411087,41534315.60452114,3.0811300521994025,False
246900.0,1.6991044796942265e-06,1.656017275308841e-06,3.983975496169023e-07,1.2654825299978256,41420522.085996844,4.120314283971889,False
247200.0,1.799863647383229e-06,1.7614675584809447e-06,4.0218650898538044e-07,1.2564464285969734,41308004.86285668,5.151276986947996,False
247500.0,1.9030452011280297e-06,1.8694601635615982e-06,4.087958913601142e-07,1.2468697503209114,41196870.37948795,6.173257426924422,False
247800.0,2.006131788518904e-06,1.9778461819441873e-06,4.170038385709063e-07,1.235984094440937,41087223.93190145,7.185472565073911,False
248100.0,2.109890559862291e-06,2.087172049414221e-06,4.2859609727941006e-07,1.2255553007125854,40979169.489021696,8.187116796470326,False
248400.0,2.2142421491410875e-06,2.1974583717110363e-06,4.4370914586977506e-07,1.2130146622657776,40872809.52376208,9.17736183848275,False
248700.0,2.319014391770623e-06,2.3091941443453834e-06,4.5959010819274226e-07,1.2008402720093727,40768244.827328965,10.155356775687052,True
249000.0,2.4235362289398956e-06,2.420704191763434e-06,4.81345550085166e-07,1.1866195276379585,40665574.342793725,11.120228272109772,True
249300.0,2.529364065231103e-06,2.5341178115922958e-06,5.067285151483247e-07,1.1728537157177925,40564894.97936654,12.071081009369461,True
249600.0,2.634411747053902e-06,2.647474673267425e-06,5.34846758881713e-07,1.1569654047489166,40466301.44742934,13.006998322517076,True
249900.0,2.7389489413813797e-06,2.7608295454228937e-06,5.667567091194314e-07,1.141160286962986,40369886.07521513,13.927043088142137,True
250200.0,2.8444177944068695e-06,2.875545874303498e-06,6.030468657769461e-07,1.1243923604488373,40275738.64544371,14.83025888271772,True
250500.0,2.9488199049596204e-06,2.9897742876983102e-06,6.423389642407074e-07,1.1064682975411415,40183946.222452775,15.71567143049041,True
250800.0,3.052872960744925e-06,3.1036693997066322e-06,6.869100666051509e-07,1.0876967459917068,40094592.98700778,16.58229035762037,True
251100.0,3.157257882799479e-06,3.2182300913063955e-06,7.351579185410628e-07,1.0687661170959473,40007760.07470712,17.429111294840236,True
251400.0,3.25877464915498e-06,3.3294334116362734e-06,7.888030744140906e-07,1.0484165027737617,39923525.42102423,18.25511832111776,True
251700.0,3.3619474363259155e-06,3.4424957107148657e-06,8.459268414640064e-07,1.0272219777107239,39841963.60528186,19.059286795173307,True
252000.0,3.4645128428709614e-06,3.5542310854452808e-06,9.085714545165047e-07,1.0058858469128609,39763145.70576702,19.84058656074413,True
252300.0,3.565120134518178e-06,3.6634926345868735e-06,9.746971265656157e-07,0.9840649366378784,39687139.160578154,20.597985566061432,True
252600.0,3.6652680279219717e-06,3.770923683532601e-06,1.0467927431534463e-06,0.9611867666244507,39614007.63333946,21.330453870071654,True
252900.0,3.763244508945986e-06,3.874812506410308e-06,1.1231703069825016e-06,0.9378501325845718,39543810.88577841,22.036968067634092,True
253200.0,3.862369141630955e-06,3.9783563465789484e-06,1.2045269492944044e-06,0.9132009670138359,39476604.66234368,22.71651609165582,True
253500.0,3.958302854075915e-06,4.076336949765391e-06,1.2906446826832507e-06,0.8876687958836555,39412440.578026436,23.36810239903139,True
253800.0,4.054584748317419e-06,4.1726923996066034e-06,1.3808154903927061e-06,0.8618989512324333,39351366.01907091,23.990753498732797,True
254100.0,4.148261599411231e-06,4.263526221848224e-06,1.4752840833409664e-06,0.8355708867311478,39293424.0533761,24.583523786049202,True
254400.0,4.241706421339404e-06,4.350608776348963e-06,1.575372440498768e-06,0.8097433522343636,39238653.34740417,25.145501635392687,True
254700.0,4.333544029074056e-06,4.432986344227174e-06,1.678510034963665e-06,0.7819946259260178,39187088.100745514,25.67581569406018,True
255000.0,4.423610138855405e-06,4.508922103241275e-06,1.787033561129192e-06,0.7544320300221443,39138757.97864218,26.173641285368596,True
255300.0,4.511835780332509e-06,4.579322762765514e-06,1.8978791302970421e-06,0.7257168591022491,39093688.071652874,26.63820687061054,True
255600.0,4.598888720592102e-06,4.643185206987255e-06,2.0137215877014114e-06,0.6968200355768204,39051898.85302459,27.068800436256897,True
255900.0,4.684112692015373e-06,4.699873727531667e-06,2.133207679833049e-06,0.6683003976941109,39013406.15620736,27.464775747821378,True
256200.0,4.767824885434746e-06,4.7498181743321766e-06,2.255444162102549e-06,0.6380162760615349,38978221.163775735,27.825558328574562,True
256500.0,4.850507375102353e-06,4.7930876405644085e-06,2.3806266185033564e-06,0.6083677560091019,38946350.3987768,28.15065107157762,True
256800.0,4.930657537157406e-06,4.827726485245876e-06,2.508066764050909e-06,0.5781838074326515,38917795.743450806,28.439639374267948,True
257100.0,5.009628438112702e-06,4.853942925819865e-06,2.6393878265196236e-06,0.5472392588853836,38892554.45734107,28.692195681893015,True
257400.0,5.085425722864879e-06,4.871607302447956e-06,2.7703522071931275e-06,0.5162464305758476,38870619.21189074,28.908083357583884,True
257700.0,5.160699454317676e-06,4.881919892341102e-06,2.9038256883495706e-06,0.4851270839571953,38851978.1386046,29.087159758579553,True
258000.0,5.233682757310077e-06,4.882478577883376e-06,3.039244468538982e-06,0.4535992816090584,38836614.88656725,29.22937848938858,True
258300.0,5.304958691463004e-06,4.876070221371265e-06,3.1738156671679008e-06,0.4215413108468056,38824508.6916251,29.33479073990915,True
258600.0,5.373893454052692e-06,4.8597487420920515e-06,3.3097190055286774e-06,0.38950295746326447,38815634.45657576,29.40354567697179,True
258900.0,5.440143922335367e-06,4.834957906041382e-06,3.444470365820962e-06,0.3578008711338043,38809962.843590006,29.43588989598129,True
259200.0,5.505705637870847e-06,4.802375713097717e-06,3.5803474212059427e-06,0.3254616856575012,38807460.377214685,29.432165902496056,True
259500.0,5.519903478499995e-06,4.7769561604127375e-06,3.6258407547506977e-06,-0.015715673565864563,38808089.86204966,29.392809780527504,True
259800.0,5.570403360031338e-06,4.727148734673392e-06,3.7471738494332385e-06,-0.057516910135746,38811809.28115218,29.31834752674449,True
260100.0,5.618571709555926e-06,4.6712264065718045e-06,3.8658036345395885e-06,-0.0987587720155716,38818573.74936515,29.209391443613264,True
260400.0,5.663977766228354e-06,4.606738542634048e-06,3.983413986219375e-06,-0.1401694491505623,38828334.44726225,29.066634972288373,True
260700.0,5.706514327411341e-06,4.536785127129406e-06,4.09711767446197e-06,-0.18169139325618744,38841039.065223604,28.89084730908813,True
261000.0,5.746322683497253e-06,4.460271838979679e-06,4.208211304757015e-06,-0.22350667417049408,38856631.95847296,28.68286740690402,True
261300.0,5.7833331799229105e-06,4.378904918667104e-06,4.315326670223385e-06,-0.2650657370686531,38875054.306737885,28.44359758270883,True
261600.0,5.816056487697315e-06,4.2907503541300684e-06,4.418163502606376e-06,-0.30744338780641556,38896244.28320794,28.173996819328288,True
261900.0,5.848819027182846e-06,4.200308808322006e-06,4.519152234649937e-06,-0.3493504971265793,38920137.22245797,27.875073887162937,True
262200.0,5.877544864201942e-06,4.104905571011841e-06,4.615137878971609e-06,-0.3902802914381027,38946665.8001457,27.547880402336748,True
262500.0,5.904676357895984e-06,4.007337622624618e-06,4.707468594489228e-06,-0.43176401406526566,38975760.21478557,27.19350389429608,True
262800.0,5.926690096236673e-06,3.904782772679027e-06,4.793825549853636e-06,-0.47406134009361267,39007348.36825218,26.81306101160698,True
263100.0,5.948483515058002e-06,3.801403494207989e-06,4.877728663643666e-06,-0.5158236771821976,39041356.051884234,26.40769091120994,True
263400.0,5.967201173447697e-06,3.695714099194447e-06,4.956799880773133e-06,-0.5561616569757462,39077707.13696205,25.978548939336605,True
263700.0,5.982529532223406e-06,3.5875871731150255e-06,5.03090717884902e-06,-0.5982701554894447,39116323.76806597,25.526800619888757,True
264000.0,5.995301869185432e-06,3.4793511929365195e-06,5.09986578833832e-06,-0.639037474989891,39157126.54311233,25.05361602516914,True
264300.0,6.004717101627478e-06,3.3696397849780624e-06,5.163699867694049e-06,-0.6803698018193245,39200034.71518659,24.560164548608515,True
264600.0,6.012390849787515e-06,3.2603446697976324e-06,5.223419503153082e-06,-0.7209543436765671,39244966.37430698,24.04761010301043,True
264900.0,6.016716469232153e-06,3.149906405042202e-06,5.2781366157717e-06,-0.7610704302787781,39291838.64116195,23.51710675979818,True
265200.0,6.018932026568363e-06,3.040493936623534e-06,5.328303366525233e-06,-0.8009887784719467,39340567.85282114,22.96979482177868,True
265500.0,6.017900471013616e-06,2.9309356932571973e-06,5.373351836368556e-06,-0.8410007357597351,39391069.74794849,22.40679733568773,True
265800.0,6.015646037590582e-06,2.824499290454696e-06,5.414172022710773e-06,-0.880845196545124,39443259.64880137,21.82921702213557,True
266100.0,6.009705138174954e-06,2.7165767164660792e-06,5.4502434494452245e-06,-0.9202042520046234,39497052.641232155,21.23813361596706,True
266400.0,6.000290116004138e-06,2.6105764163730782e-06,5.480396431778445e-06,-0.9587484747171402,39552363.75074925,20.63460158683693,True
266700.0,5.98848866900713e-06,2.5057349830603926e-06,5.506282111156224e-06,-0.9975891709327698,39609108.11610195,20.01964821673649,True
267000.0,5.975425132163462e-06,2.4022504305776238e-06,5.5291261595868946e-06,-1.035850651562214,39667201.153740376,19.39427201772496,True
267300.0,5.957915906814452e-06,2.3012850931536377e-06,5.545139469376181e-06,-1.0732270404696465,39726558.7236838,18.759441457182753,True
267600.0,5.938899366486842e-06,2.2014747003140656e-06,5.558113155501587e-06,-1.1106446459889412,39787097.28861802,18.116093944335397,True
267900.0,5.917174127312015e-06,2.1037212718511e-06,5.566502267129181e-06,-1.1480799093842506,39848734.06500148,17.46513509320463,True
268200.0,5.892450828843451e-06,2.0066805745955207e-06,5.570537940258191e-06,-1.184129238128662,39911387.17053527,16.807438189576825,True
268500.0,5.865689310156195e-06,1.9133024693474e-06,5.570332280768753e-06,-1.2200249880552292,39974975.77047844,16.143843865204516,True
268800.0,5.8349348927805194e-06,1.8207747132237273e-06,5.564823977621813e-06,-1.2554024830460548,40039420.20992824,15.475159944895314,True
269100.0,5.803155061739761e-06,1.7318241418706748e-06,5.556361772462992e-06,-1.2904272228479385,40104642.14651516,14.802161438725323,True
269400.0,5.767641650216929e-06,1.643681684981857e-06,5.543005691777125e-06,-1.3237808346748352,40170564.6728769,14.125590675986908,True
269700.0,5.730140036590725e-06,1.5580742456222652e-06,5.526135337774463e-06,-1.357827067375183,40237112.44012222,13.446157533692878,True
270000.0,5.68938652501008e-06,1.4737395872543857e-06,5.504837513825578e-06,-1.3904507234692574,40304211.76168867,12.764539770327678,True
270300.0,5.6470076306417006e-06,1.3915435772560159e-06,5.4806139235807905e-06,-1.4221850335597992,40371790.72614259,12.081383425195456,True
270600.0,5.6013641598287866e-06,1.3122831887812936e-06,5.451645726850529e-06,-1.4535249024629593,40439779.29377029,11.397303289702664,True
270900.0,5.554063321822568e-06,1.2350582210274297e-06,5.4198670156324624e-06,-1.4844286441802979,40508109.388933145,10.712883414514069,True
271200.0,5.503938739855824e-06,1.1597998081924743e-06,5.384143145548137e-06,-1.5149435475468636,40576714.98710859,10.028677668010625,True
271500.0,5.451234293483976e-06,1.0871067388507072e-06,5.344653036587488e-06,-1.5434194505214691,40645532.19308249,9.34521031111247,False
271800.0,5.396029995341985e-06,1.0151898663934844e-06,5.301878038821428e-06,-1.5713574513792992,40714499.31935641,8.662976596564684,False
272100.0,5.339211661224312e-06,9.460469527766691e-07,5.256371018447226e-06,-1.5995785370469093,40783556.9494826,7.982443379249131,False
272400.0,5.278514194431155e-06,8.785738430105994e-07,5.20608263432365e-06,-1.6259402334690094,40852647.99659471,7.3040497346189195,False
272700.0,5.2172882974782155e-06,8.130677144890797e-07,5.15439868298273e-06,-1.6513614803552628,40921717.76394484,6.628207567003538,False
273000.0,5.15329811528147e-06,7.513786783874821e-07,5.0988223074810435e-06,-1.6760289147496223,40990713.9893793,5.955302233694062,False
273300.0,5.086704736461765e-06,6.892578596762178e-07,5.04019051295046e-06,-1.7000341340899467,41059586.888070315,5.2856931416040895,False
273600.0,5.018682290576572e-06,6.29260625828465e-07,4.979334458532492e-06,-1.7223994135856628,41128289.1875363,4.61971434703976,False
273900.0,4.947244033925497e-06,5.722457672163728e-07,4.9141955864584475e-06,-1.744696967303753,41196776.16123671,3.9576751436846744,False
274200.0,4.874908062032123e-06,5.16154301521965e-07,4.8475969389727425e-06,-1.7656505927443504,41265005.64721752,3.2998606273194344,False
274500.0,4.800324751923798e-06,4.624731957392214e-07,4.778042725028797e-06,-1.7848173156380653,41332938.06999691,2.6465322641460896,False
274800.0,4.723336528074266e-06,4.0947642787614313e-07,4.7055755021396806e-06,-1.8037632703781128,41400536.45420141,1.997928430401144,False
275100.0,4.644825020572163e-06,3.596762496727024e-07,4.630885954259867e-06,-1.821504257619381,41467766.42682318,1.3542649451736635,False
275400.0,4.56422488460151e-06,3.0996739042166155e-07,4.553689053943266e-06,-1.83792382478714,41534596.221914455,0.7157355908789278,False
275700.0,4.482257484614647e-06,2.6324656232645793e-07,4.474520482286581e-06,-1.853704959154129,41600996.67636154,0.08251261799300337,False
276000.0,4.397638548270595e-06,2.1732230948146025e-07,4.39226593984543e-06,-1.8685424476861954,41666941.21861436,-0.5452527572525334,False
276300.0,4.311807341597404e-06,1.7276806829613633e-07,4.308346102543936e-06,-1.8816935867071152,41732405.85454021,-1.1674298719144185,False
276600.0,4.225700790287498e-06,1.2957593753526453e-07,4.223715606155309e-06,-1.8945627957582474,41797369.150210656,-1.7839081368900893,False
276900.0,4.13638132501926e-06,8.911257509680581e-08,4.135422985829251e-06,-1.9058942198753357,41861812.202311166,-2.3945965641977813,False
277200.0,4.046534944279871e-06,4.846302203986852e-08,4.04624552174937e-06,-1.9159782230854034,41925718.61269615,-2.9994233128723544,False
277500.0,3.954697596782627e-06,1.046936404236476e-08,3.9546837937720625e-06,-1.9260431975126266,41989074.453380294,-3.5983352190638507,False
277800.0,3.8613831559588565e-06,-2.7512840006238548e-08,3.861285660988756e-06,-1.9335710778832436,42051868.22282539,-4.191297344569067,False
278100.0,3.7674914270492247e-06,-6.348201964101463e-08,3.7669602663825685e-06,-1.9408387020230293,42114090.810947485,-4.778292517697559,False
278400.0,3.6718564946107187e-06,-9.799123290576972e-08,3.670560118962385e-06,-1.9472650215029716,42175735.443549536,-5.359320872003754,False
278700.0,3.5748068786474477e-06,-1.3150221889191016e-07,3.5724132239067785e-06,-1.95275367051363,42236797.63349603,-5.934399387842038,False
279000.0,3.477719371967167e-06,-1.6426241700173705e-07,3.4738877419115965e-06,-1.9566144794225693,42297275.12334215,-6.503561425157883,False
279300.0,3.3793480017673097e-06,-1.9475925228107371e-07,3.37381621484667e-06,-1.9594995081424713,42357167.82698516,-7.0668562467338285,False
279600.0,3.2798347916606866e-06,-2.2512830355481128e-07,3.2722355811642956e-06,-1.9618126973509789,42416477.76393157,-7.624348540829414,False
279900.0,3.1796497280897503e-06,-2.5405120140931103e-07,3.1696901690025925e-06,-1.9630072638392448,42475208.99073067,-8.17611793003679,False
280200.0,3.0781261413527385e-06,-2.82459041045513e-07,3.065438326288472e-06,-1.9631107077002525,42533367.531055585,-8.722258468384254,False
280500.0,2.9761729031948752e-06,-3.091916482844681e-07,2.9604868831967224e-06,-1.9624673947691917,42590961.30056441,-9.262878131427723,False
280800.0,2.8739607003318756e-06,-3.3560712608959875e-07,2.854869487478595e-06,-1.9600535929203033,42648000.02704386,-9.798098287697178,False
281100.0,2.7709184917225317e-06,-3.6076713172406016e-07,2.7480938573631875e-06,-1.9579220339655876,42704495.17354272,-10.32805315951429,False
281400.0,2.667382643685198e-06,-3.860183710457932e-07,2.640303533141264e-06,-1.9543354734778404,42760459.8472094,-10.85288926997565,False
281700.0,2.563486872266711e-06,-4.0946440549305407e-07,2.531861619914366e-06,-1.949474848806858,42815908.717877515,-11.372764873210006,False
282000.0,2.4592904100811293e-06,-4.325638371938112e-07,2.422589082229365e-06,-1.9447471648454666,42870857.927587405,-11.88784936870388,False
282300.0,2.3542834448083885e-06,-4.555365080705087e-07,2.3118614134176596e-06,-1.9383060559630394,42925324.99382391,-12.398322700630395,False
282600.0,2.251010562004799e-06,-4.775457966843533e-07,2.2023560806161413e-06,-1.9307657033205032,42979328.72062259,-12.904374744861446,False
282900.0,2.1471760523783695e-06,-4.991083528693707e-07,2.091565663775441e-06,-1.922986961901188,43032889.099599525,-13.406204667837617,False
283200.0,2.0432635442240054e-06,-5.20402068104886e-07,1.9798346535537803e-06,-1.9144496396183968,43086027.209599346,-13.904020286268912,False
283500.0,1.940106507374677e-06,-5.403328486863757e-07,1.8681824194288765e-06,-1.9047174453735352,43138765.117654316,-14.39803740130989,False
283800.0,1.8375910589527083e-06,-5.609736604128557e-07,1.7557974079096539e-06,-1.893898881971836,43191125.77734715,-14.888479117622119,False
284100.0,1.7358248128528846e-06,-5.806841727462597e-07,1.6430456657445802e-06,-1.8823189362883568,43243132.924988076,-15.375575153846057,False
284400.0,1.6359685670028908e-06,-6.003091357342782e-07,1.5306650151813983e-06,-1.8707335889339447,43294810.9751373,-15.859561135972816,False
284700.0,1.5371722000530283e-06,-6.194027832862048e-07,1.4176063736215383e-06,-1.858146294951439,43346184.91273631,-16.34067787702715,False
285000.0,1.4409646895538818e-06,-6.378840851084533e-07,1.3052012697301052e-06,-1.844580538570881,43397280.18940985,-16.819170651807646,False
285300.0,1.3469717840273904e-06,-6.572099948698451e-07,1.1918824434076214e-06,-1.8295081481337547,43448122.61485102,-17.295288452094457,False
285600.0,1.256532919161584e-06,-6.7614953991324e-07,1.0790168296637148e-06,-1.8148862048983574,43498738.25245798,-17.769283244159013,False
285900.0,1.1700542937296064e-06,-6.94429729719559e-07,9.664598721315087e-07,-1.7993715330958366,43549153.30601076,-18.241409208547243,False
286200.0,1.088166054945884e-06,-7.125995580281597e-07,8.535627493699849e-07,-1.7822739854454994,43599394.01617201,-18.71192197930052,False
286500.0,1.01313613367407e-06,-7.312055458896793e-07,7.412820508534423e-07,-1.7652145996689796,43649486.55500281,-19.18107787975292,False
286800.0,9.45643968055881e-07,-7.505257144657662e-07,6.282076974173378e-07,-1.7473017498850822,43699456.914533995,-19.64913314925111,False
287100.0,8.884791563633663e-07,-7.695950330344203e-07,5.168914718467477e-07,-1.7288191616535187,43749330.804616295,-20.116343178735487,False
287400.0,8.428591123647036e-07,-7.887383617344312e-07,4.064404315329284e-07,-1.7094060629606247,43799133.54625919,-20.582961732713812,False
287700.0,8.093568813460448e-07,-8.074667903201771e-07,2.952395306010658e-07,-1.6895946338772774,43848889.969555,-21.049240183053584,False
288000.0,7.912069180020696e-07,-8.269418287909502e-07,1.848128441395147e-07,-1.669088952243328,43898624.309802555,-21.51542674713989,False
288300.0,7.892820634429924e-07,-8.47239903123409e-07,7.565208903770326e-08,-1.6474150195717812,43948360.10769047,-21.981765722734266,False
288600.0,8.031998551405322e-07,-8.682927159497922e-07,-3.3612476357802734e-08,-1.6254382282495499,43998120.112264596,-22.44849673235546,False
288900.0,8.306387016800252e-07,-8.887085414244211e-07,-1.410830350323522e-07,-1.6029193550348282,44047926.18207705,-22.91585398118031,False
289200.0,8.711749508244653e-07,-9.09891753053671e-07,-2.479056036008842e-07,-1.5795582383871078,44097799.19218956,-23.384065512365392,False
289500.0,9.238478954349336e-07,-9.32679824927618e-07,-3.547714406693103e-07,-1.5560683384537697,44147758.94379407,-23.853352482238737,False
289800.0,9.830513882529382e-07,-9.534590219573147e-07,-4.5993348862793937e-07,-1.5311411768198013,44197824.07252472,-24.323928445125635,False
290100.0,1.051385410479132e-06,-9.77265244728187e-07,-5.642200271438469e-07,-1.5057631731033325,44248011.96713409,-24.795998643290172,False
290400.0,1.1248360291157572e-06,-1.0017578233600943e-06,-6.667875354082753e-07,-1.4801041558384895,44298338.68395651,-25.269759319077213,False
290700.0,1.201416297711777e-06,-1.026046646757095e-06,-7.676367665965245e-07,-1.4543770551681519,44348818.86875592,-25.74539703390848,False
291000.0,1.2821316086614024e-06,-1.0519563602429116e-06,-8.679353591389827e-07,-1.4270506277680397,44399465.67952879,-26.223088003608513,False
291300.0,1.3641682285677687e-06,-1.07744534716403e-06,-9.666872173852425e-07,-1.400178201496601,44450290.720207244,-26.702997451869816,False
291600.0,1.4479094987095448e-06,-1.1041651930554508e-06,-1.0638328546974662e-06,-1.3722611144185066,44501303.96585279,-27.185278971947078,False
291900.0,1.533133113352857e-06,-1.1332123790452897e-06,-1.1589892210395192e-06,-1.3435667604207993,44552513.70442284,-27.670073907358184,False
292200.0,1.6187556634919898e-06,-1.1620961686276132e-06,-1.2532492625894065e-06,-1.3149748966097832,44603926.47633618,-28.157510743974346,False
292500.0,1.7045394657063792e-06,-1.1927707248560182e-06,-1.3452714817674405e-06,-1.2850390821695328,44655547.01666451,-28.647704521869805,False
292800.0,1.7904860313166305e-06,-1.2235536530624813e-06,-1.4365777225577858e-06,-1.255272626876831,44707378.21008893,-29.14075625141975,False
293100.0,1.8747574745915699e-06,-1.2552677901567222e-06,-1.5245731361801518e-06,-1.2254476994276047,44759421.04052671,-29.636752354340384,False
293400.0,1.9589610306223554e-06,-1.2895212648800225e-06,-1.6105267661714606e-06,-1.1942005306482315,44811674.55082572,-30.135764101441033,False
293700.0,2.043012598661839e-06,-1.3255318549454387e-06,-1.6950432595308484e-06,-1.163304552435875,44864135.81097923,-30.63784707336405,False
294000.0,2.125150182425129e-06,-1.3613946521218168e-06,-1.7772445666253134e-06,-1.1325593367218971,44916799.88188668,-31.14304062671429,False
294300.0,2.206511803611023e-06,-1.399312338890013e-06,-1.857363312041116e-06,-1.0997610613703728,44969659.789189555,-31.6513673643006,False
294600.0,2.2869985117375375e-06,-1.4393005471902143e-06,-1.9354085623035644e-06,-1.0678384080529213,45022706.509316616,-32.16283261507865,False
294900.0,2.366113751433151e-06,-1.479599092135686e-06,-2.0118249395295607e-06,-1.035705305635929,45075928.944324605,-32.67742391594702,False
295200.0,2.443993868731793e-06,-1.5233065084885311e-06,-2.085232786441793e-06,-1.0031223371624947,45129313.91584835,-33.195110498231394,False
295500.0,2.5190899962056374e-06,-1.5678022009524284e-06,-2.155258783886893e-06,-0.9698811769485474,45182846.15848089,-33.71584276862287,False
295800.0,2.5931923047082763e-06,-1.613730944427516e-06,-2.223720478866653e-06,-0.936602845788002,45236508.31986754,-34.23955178895981,False
296100.0,2.6664476392921198e-06,-1.6623033047835634e-06,-2.2902381644485104e-06,-0.903026819229126,45290280.96336932,-34.76614875633764,False
296400.0,2.7370300510179834e-06,-1.7120239874657273e-06,-2.353469369609229e-06,-0.8703486174345016,45344142.57981826,-35.29552446982955,False
296700.0,2.8061124332283353e-06,-1.7633200286581996e-06,-2.41460424632578e-06,-0.8365669623017311,45398069.59727652,-35.82754878462125,False
297000.0,2.8739514095015004e-06,-1.8183159795626125e-06,-2.4729585632599083e-06,-0.8022471815347672,45452036.40614369,-36.36207006116137,False
297300.0,2.9393036311417837e-06,-1.8744572685136518e-06,-2.5283426978717216e-06,-0.7690069451928139,45506015.381843574,-36.89891459212797,False
297600.0,3.002528682424132e-06,-1.933563453349052e-06,-2.5803317313943808e-06,-0.7353155687451363,45559976.9095936,-37.43788601465415,False
297900.0,3.064258963491617e-06,-1.994360900425818e-06,-2.630284377858061e-06,-0.7010070830583572,45613889.422557615,-37.97876469969186,False
298200.0,3.124156932566297e-06,-2.056424648344546e-06,-2.678022070767838e-06,-0.6671710386872292,45667719.43993522,-38.52130712454584,False
298500.0,3.182372502540769e-06,-2.1232820301975153e-06,-2.722074121663809e-06,-0.633795790374279,45721431.60724059,-39.06524521792318,False
298800.0,3.2382177201307307e-06,-2.1909377778683847e-06,-2.763523447413263e-06,-0.5995728373527527,45774988.74304724,-39.610285676107,False
299100.0,3.2928358049449935e-06,-2.263642272737343e-06,-2.801712327027417e-06,-0.5658439099788666,45828351.89403962,-40.15610926114921,False
299400.0,3.3444654914488552e-06,-2.3371755446532916e-06,-2.8365591973056326e-06,-0.5318250805139542,45881480.385355465,-40.7023700661095,False
299700.0,3.394994725620777e-06,-2.4133745455401368e-06,-2.8694167752973954e-06,-0.4981278255581856,45934331.88308101,-41.24869475596227,False
300000.0,3.4440826956109193e-06,-2.4948377586042625e-06,-2.898641170645533e-06,-0.46454839408397675,45986862.454705335,-41.79468178948536,False
300300.0,3.490528548274976e-06,-2.576497138306877e-06,-2.9252114899236403e-06,-0.4313553124666214,46039026.636591844,-42.33990060939087,False
300600.0,3.535317309468546e-06,-2.6630428067164758e-06,-2.948030932259371e-06,-0.3979957699775696,46090777.50221072,-42.883890824984526,False
300900.0,3.577618998173674e-06,-2.752641421466251e-06,-2.9669536587562106e-06,-0.3648945540189743,46142066.73662379,-43.42616137478179,False
301200.0,3.6193665038691263e-06,-2.846066024631e-06,-2.9838979074270355e-06,-0.3322170525789261,46192844.710907124,-43.96618968598799,False
301500.0,3.6587382941757577e-06,-2.942286016605067e-06,-2.997134679105784e-06,-0.2990484684705734,46243060.55977422,-44.50342084510255,False
301800.0,3.6962107129287417e-06,-3.042015578103019e-06,-3.006836124086476e-06,-0.26703936606645584,46292662.26625781,-45.037266773285,False
302100.0,3.7316835450787445e-06,-3.145761922951351e-06,-3.0125561210070373e-06,-0.23475683480501175,46341596.73949608,-45.56710544021893,False
302400.0,3.764902646415829e-06,-3.251304008244915e-06,-3.015042032927795e-06,-0.20223533362150192,46389809.90492231,-46.0922801214917,False
302700.0,3.7967102898841495e-06,-3.361337178375834e-06,-3.013876202828669e-06,-0.17078647017478943,46437246.791722156,-46.61209872874279,False
303000.0,3.827436409883152e-06,-3.475322301937922e-06,-3.0096591956407792e-06,-0.13866079598665237,46483851.6179571,-47.125833228267716,False
303300.0,3.855614270410447e-06,-3.5919863421440823e-06,-3.0011003673280356e-06,-0.10751194506883621,46529567.88811019,-47.63271918603524,False
303600.0,3.883622556609856e-06,-3.7141801385587314e-06,-2.9895716764372082e-06,-0.07563218474388123,46574338.478831224,-48.131955459044846,False
303900.0,3.9078636267571995e-06,-3.837473968815175e-06,-2.972696748315684e-06,-0.04463373124599457,46618105.739365324,-48.622704088238926,False
304200.0,3.932402487089652e-06,-3.966052020132338e-06,-2.953279988560098e-06,-0.013929814100265503,46660811.580831826,-49.10409040778925,False
304500.0,3.953199324584173e-06,-4.096147847576503e-06,-2.9279140463245312e-06,0.016782857477664948,46702397.57437043,-49.57520345175184,False
304800.0,3.97376104455063e-06,-4.230213420441942e-06,-2.899639589770686e-06,0.0478762611746788,46742805.04713844,-50.03509666293463,False
305100.0,3.992808488317457e-06,-4.366317796211661e-06,-2.8676460246401803e-06,0.0776345282793045,46781975.18132526,-50.48278900349493,False
305400.0,4.009610648861355e-06,-4.505296317347529e-06,-2.8301090111426674e-06,0.10852068662643433,46819849.10508056,-50.917266486076876,False
305700.0,4.025114708432603e-06,-4.645208889542118e-06,-2.789244447853889e-06,0.13828754425048828,46856367.99876717,-51.337484192449075,False
306000.0,4.039386246984607e-06,-4.787189652688539e-06,-2.744091233353174e-06,0.1680467501282692,46891473.18426266,-51.742368849633245,False
306300.0,4.051803384991792e-06,-4.93016139557767e-06,-2.694034293426739e-06,0.19736870378255844,46925106.22707944,-52.1308219933602,False
306600.0,4.062207518016442e-06,-5.07373096070296e-06,-2.6386098781472356e-06,0.22755932807922363,46957209.03000546,-52.50172378093142,False
306900.0,4.070721202108366e-06,-5.215049583284781e-06,-2.5795203413281342e-06,0.25668883323669434,46987723.934544556,-52.85393748693719,False
307200.0,4.0776613653953275e-06,-5.35665071765834e-06,-2.514876868531246e-06,0.28564637154340744,47016593.81074178,-53.18631471955182,False
307500.0,4.083731176838732e-06,-5.495373102348822e-06,-2.4476160618291942e-06,0.31442461907863617,47043762.15605509,-53.49770134788894,False
307800.0,4.087501634081217e-06,-5.631942997297301e-06,-2.3741928529830147e-06,0.34410935640335083,47069173.18766972,-53.7869441676692,False
308100.0,4.089705980820749e-06,-5.7640150430415815e-06,-2.2970187032456124e-06,0.37271029502153397,47092771.939995795,-54.05289823235099,False
308400.0,4.091093692310393e-06,-5.891503235488926e-06,-2.2168573110548095e-06,0.4015358090400696,47114504.350529894,-54.2944348381663,False
308700.0,4.090146440455607e-06,-6.0135695889584895e-06,-2.130912605480262e-06,0.42963210493326187,47134317.356448606,-54.51045005351812,False
309000.0,4.088618750440092e-06,-6.129761516149301e-06,-2.0420687931732573e-06,0.4583980068564415,47152158.979717486,-54.699873673620694,False
309300.0,4.084041456642845e-06,-6.236173248908017e-06,-1.94851799051321e-06,0.4869276434183121,47167978.42006349,-54.861678487704985,False
309600.0,4.077798761621225e-06,-6.333171654659964e-06,-1.8519189382004697e-06,0.5147670134902,47181726.13903062,-54.994889649257416,False
309900.0,4.070732852603992e-06,-6.421406169465627e-06,-1.7526495028619138e-06,0.543042354285717,47193353.94407219,-55.09859398519587,False
310200.0,4.060580984769002e-06,-6.497053448129009e-06,-1.6492432308723437e-06,0.5712016075849533,47202815.07535464,-55.17194901306161,False
310500.0,4.050643684549121e-06,-6.56320469261118e-06,-1.545111942391486e-06,0.5990074127912521,47210064.285556205,-55.21419143877058,False
310800.0,4.03797741261578e-06,-6.6157200251382164e-06,-1.4377538661847211e-06,0.6263267621397972,47215057.920041375,-55.22464493422606,False
311100.0,4.022776634155636e-06,-6.653907831832839e-06,-1.3281141946208663e-06,0.6543614864349365,47217753.99369852,-55.20272694094662,False
311400.0,4.0064762263213444e-06,-6.679166489220734e-06,-1.2179264956557745e-06,0.6814439669251442,47218112.27125112,-55.1479543358636,False
311700.0,3.98836595309178e-06,-6.69030691824446e-06,-1.1069765548654686e-06,0.7088816165924072,47216094.335499264,-55.05994778191816,False
312000.0,3.96837711297988e-06,-6.6871452872874215e-06,-9.95542293935614e-07,0.7362811118364334,47211663.664003775,-54.9384346324845,False
312300.0,3.947358820257274e-06,-6.6711841100186575e-06,-8.840931613462999e-07,0.7626854628324509,47204785.69782737,-54.783250318601226,False
312600.0,3.923491562226801e-06,-6.639061552959902e-06,-7.738565344084236e-07,0.7898692786693573,47195427.90593818,-54.59433818761646,False
312900.0,3.898218051227868e-06,-6.594088972633472e-06,-6.642133669743089e-07,0.8159235194325447,47183559.857098624,-54.37174782193404,False
313200.0,3.8704731028190195e-06,-6.534801514135324e-06,-5.55635828902723e-07,0.8423184677958488,47169153.27600746,-54.115631904330805,False
313500.0,3.8412449020321155e-06,-6.463199611062009e-06,-4.498477466086115e-07,0.86908820271492,47152182.10901182,-53.8262417590108,False
313800.0,3.8100450757668783e-06,-6.379557561331239e-06,-3.4541614724048486e-07,0.8947049155831337,47132622.58278257,-53.5039217292982,False
314100.0,3.776617021479559e-06,-6.284029467451546e-06,-2.436326909105446e-07,0.9203483462333679,47110453.256212085,-53.14910256528681,False
314400.0,3.742075915700618e-06,-6.179296974551107e-06,-1.457662435200291e-07,0.9456668868660927,47085655.07840386,-52.762294047357656,False
314700.0,3.704365826264071e-06,-6.063035613124157e-06,-5.071320430261039e-08,0.9703247174620628,47058211.438427314,-52.34407705192175,False
315000.0,3.665855242831375e-06,-5.940056695408202e-06,4.079699778003487e-08,0.9958002865314484,47028108.21234154,-51.89509526710935,False
315300.0,3.6248493589438633e-06,-5.8085731211576785e-06,1.282814494629747e-07,1.0205148756504059,46995333.81437917,-51.416046774925356,False
315600.0,3.5819829383744863e-06,-5.670556731729448e-06,2.1217588397348663e-07,1.0441281497478485,46959879.23642462,-50.90767567856604,False
315900.0,3.5372884344071787e-06,-5.527102388214189e-06,2.9121881084392953e-07,1.0686792358756065,46921738.08807957,-50.37076393687622,False
316200.0,3.4897836595779955e-06,-5.377470557732522e-06,3.66447878263898e-07,1.0919262245297432,46880906.641934685,-49.806123553859805,False
316500.0,3.441642311949554e-06,-5.225919323947892e-06,4.3754450018695934e-07,1.1149485483765602,46837383.86195505,-49.21458921962413,False
316800.0,3.3908223608674655e-06,-5.07015079165285e-06,5.040499644337615e-07,1.1382408440113068,46791171.44072267,-48.597011498619736,False
317100.0,3.3388332661400585e-06,-4.9132822255160136e-06,5.658102537609011e-07,1.1608471721410751,46742273.83095841,-47.954250616904126,False
317400.0,3.2832781607717905e-06,-4.752176778310968e-06,6.235834888457248e-07,1.182952843606472,46690698.2708774,-47.28717088307504,False
317700.0,3.2279221045127143e-06,-4.593136679886811e-06,6.772166400992319e-07,1.205266147851944,46636454.810015194,-46.59663575324471,False
318000.0,3.1681763768533974e-06,-4.430330051263809e-06,7.252883875707994e-07,1.2263120636343956,46579556.33437257,-45.88350353944606,False
318300.0,3.107791227780111e-06,-4.269297562586871e-06,7.695422539200081e-07,1.247366227209568,46520018.58111766,-45.148623746154755,False
318600.0,3.046727002499362e-06,-4.1102782120105985e-06,8.101448187858296e-07,1.267657458782196,46457860.16018471,-44.39283399143941,False
318900.0,2.98228359945726e-06,-3.95017036680656e-06,8.459213987066505e-07,1.287297360599041,46393102.565275505,-43.61695748946886,False
319200.0,2.91630619590693e-06,-3.7917757822469866e-06,8.774954309842542e-07,1.3073314353823662,46325770.18483268,-42.82180104964306,False
319500.0,2.8480825966276525e-06,-3.6339377800231887e-06,9.058233487735379e-07,1.326562225818634,46255890.313296124,-42.008153539214874,False
319800.0,2.7790646792110138e-06,-3.47931873534435e-06,9.300451466742743e-07,1.3443847000598907,46183493.15336204,-41.17678476660882,False
320100.0,2.7073090531249763e-06,-3.325394942521598e-06,9.501385775934068e-07,1.363113023340702,46108611.81572306,-40.32844474461143,False
320400.0,2.6345132106124868e-06,-3.1740561894366692e-06,9.674406911130973e-07,1.3808703124523163,46031282.32517379,-39.46386328173665,False
320700.0,2.560350773824526e-06,-3.025329817774036e-06,9.811625432121218e-07,1.3976199701428413,45951543.61045625,-38.58374985749929,False
321000.0,2.4840374962673117e-06,-2.877986986504766e-06,9.917403218651089e-07,1.4144720062613487,45869437.497663416,-37.68879375298438,False
321300.0,2.4056736821611575e-06,-2.73224117108839e-06,9.991466214387401e-07,1.430465318262577,45785008.70294847,-36.779664388652954,False
321600.0,2.3256294948196842e-06,-2.588896734323498e-06,1.0029400669964161e-06,1.4464745745062828,45698304.81483826,-35.85701184341241,False
321900.0,2.2452366321681915e-06,-2.4485966605425347e-06,1.0051089134321955e-06,1.4607924073934555,45609376.28154426,-34.921467526712014,False
322200.0,2.163004311931769e-06,-2.31066081823883e-06,1.0033410262622056e-06,1.4754395857453346,45518276.38416105,-33.973644965373765,False
322500.0,2.0782795772321603e-06,-2.1729374850565364e-06,9.99623175346187e-07,1.4893421828746796,45425061.21955348,-33.014140707355416,False
322800.0,1.9935581623848315e-06,-2.0389084625094256e-06,9.936566840451633e-07,1.503202185034752,45329789.66804417,-32.04353529223719,False
323100.0,1.9074908835667705e-06,-1.9066872027906356e-06,9.853524218783605e-07,1.5157467499375343,45232523.36615259,-31.062394295769558,False
323400.0,1.8195526731139226e-06,-1.7750451775100373e-06,9.752330427659217e-07,1.5277890264987946,45133326.66788785,-30.071269422907815,False
323700.0,1.7307120438064255e-06,-1.6453637385893671e-06,9.629558270773941e-07,1.5396098494529724,45032266.60901912,-29.07069963740698,False
324000.0,1.641931366991573e-06,-1.5181257140284288e-06,9.493371209146062e-07,1.5507917255163193,44929412.86512454,-28.061212323226293,False
324300.0,1.5517919761219173e-06,-1.391884723034309e-06,9.333818660195448e-07,1.5616905018687248,44824837.7041649,-27.043324460891743,False
324600.0,1.4621036638872895e-06,-1.2674718163907528e-06,9.167153400824191e-07,1.5711938962340355,44718615.93886376,-26.017543824396054,False
324900.0,1.3710893119784323e-06,-1.1426386663515586e-06,8.984332851014187e-07,1.5811932981014252,44610824.86839902,-24.984370176168394,False
325200.0,1.2818710475712793e-06,-1.0209151923845639e-06,8.789769516681645e-07,1.5893201008439064,44501544.22778556,-23.94429647437458,False
325500.0,1.1930313659242118e-06,-8.998687803796201e-07,8.579919352769139e-07,1.5980491787195206,44390856.1167797,-22.89781007412185,False
325800.0,1.1055135857349672e-06,-7.789346909703454e-07,8.363197423477686e-07,1.605830542743206,44278844.94257764,-21.84539393013554,False
326100.0,1.0217414652218289e-06,-6.585426888250367e-07,8.154150705763641e-07,1.6124069392681122,44165597.34408683,-20.787527792277572,False
326400.0,9.40257429412381e-07,-5.389647981246526e-07,7.916369249016952e-07,1.6189088448882103,44051202.117118,-19.724689389962194,False
326700.0,8.663423802402118e-07,-4.1990733734564856e-07,7.695920452022165e-07,1.6249089688062668,43935750.13825827,-18.657355628670402,False
327000.0,7.992030799983122e-07,-3.015864535882429e-07,7.457037689562185e-07,1.6295779645442963,43819334.280231014,-17.586003749066283,False
327300.0,7.431807852271542e-07,-1.8359941122980672e-07,7.220329685253546e-07,1.634198322892189,43702049.3214384,-16.511112508295746,False
327600.0,7.007142880991232e-07,-6.450704859162215e-08,6.979498810011364e-07,1.6389209926128387,43583991.85676065,-15.43316333074398,False
327900.0,6.764177937724454e-07,5.4362885748560075e-08,6.743643741202732e-07,1.641540989279747,43465260.20180218,-14.352641462694715,False
328200.0,6.729329649650951e-07,1.7331046819890616e-07,6.514482713271263e-07,1.6437003910541534,43345954.28515077,-13.270037111540578,False
328500.0,6.908252368418726e-07,2.921312329817738e-07,6.290479337422994e-07,1.645503357052803,43226175.54764941,-12.185846578370606,False
328800.0,7.286967139418065e-07,4.1109606740974414e-07,6.068471787301633e-07,1.6464817002415657,43106026.830736905,-11.100573380469017,False
329100.0,7.844691838807732e-07,5.31029797912197e-07,5.847454165319732e-07,1.6464430317282677,42985612.26033143,-10.014729363449145,False
329400.0,8.553508484583125e-07,6.510068146781123e-07,5.639366200682616e-07,1.646056316792965,42865037.126422666,-8.928835802491308,False
329700.0,9.398584591917701e-07,7.726612523129006e-07,5.453866416260666e-07,1.6445947363972664,42744407.76098585,-7.843424488021378,False
330000.0,1.0325946859080451e-06,8.944233229613019e-07,5.266309139884129e-07,1.6428702622652054,42623831.40623338,-6.759038794991167,False
330300.0,1.133572919235846e-06,1.01750086400898e-06,5.097132138587313e-07,1.64005346596241,42503416.08457711,-5.676234746351309,False
330600.0,1.2417788143784773e-06,1.1428052459905302e-06,4.943629949849537e-07,1.636457473039627,42383270.458307184,-4.595582042051491,False
330900.0,1.353394939674606e-06,1.2677752181389224e-06,4.800776358671044e-07,1.6320076510310173,42263503.6893702,-3.5176650738648223,False
331200.0,1.4693105544058448e-06,1.3939708196630818e-06,4.6824100907727484e-07,1.6261707469820976,42144225.29359853,-2.443083913129882,False
331500.0,1.5888464820324426e-06,1.521463730114192e-06,4.5924855318624225e-07,1.6197663247585297,42025544.98911504,-1.372455261585419,False
331800.0,1.7104530472204422e-06,1.6500758874826715e-06,4.5052974373405164e-07,1.6122138798236847,41907572.54553004,-0.3064133655708173,False
332100.0,1.835957406873994e-06,1.7810884287428053e-06,4.4610921434706796e-07,1.6043182238936424,41790417.62402328,0.7543891022904264,False
332400.0,1.961566573649678e-06,1.9118316458843765e-06,4.430424600521121e-07,1.5948868468403816,41674189.62023653,1.809280236099802,False
332700.0,2.090791268592898e-06,2.0458108735965652e-06,4.432471309989694e-07,1.5847263112664223,41558997.496676415,2.8575681244440094,False
333000.0,2.219192827033239e-06,2.1787518562632613e-06,4.469906045301286e-07,1.5734443739056587,41444949.61947284,3.8985401663699393,False
333300.0,2.3505682777616232e-06,2.315005190212105e-06,4.5334978260314074e-07,1.561994381248951,41332153.58685765,4.931462461201784,False
333600.0,2.4816020745374955e-06,2.4513626044608827e-06,4.624528990859744e-07,1.5485551580786705,41220716.06209751,5.9555792896205375,False
333900.0,2.614902839379119e-06,2.590552696801751e-06,4.7495325983248904e-07,1.5341001152992249,41110742.59488339,6.970112704133358,False
334200.0,2.7479031177500254e-06,2.7297351721244922e-06,4.928737338261158e-07,1.5191597864031792,41002337.45005626,7.974262239745804,False
334500.0,2.882452507602006e-06,2.8713454867101973e-06,5.140157757210773e-07,1.5037276297807693,40895603.43212996,8.967204769003203,False
334800.0,3.0169453795120575e-06,3.013907729609855e-06,5.379752661127668e-07,1.4861907735466957,40790641.71016813,9.948094501106523,False
335100.0,3.150787938733662e-06,3.1563530171752063e-06,5.676006793464694e-07,1.468093529343605,40687551.63667136,10.916063160362224,True
335400.0,3.2857523663623668e-06,3.3007163438014686e-06,6.019995257844357e-07,1.4490517228841782,40586430.57664579,11.870220368210227,True
335700.0,3.4203208545230625e-06,3.4455956949841493e-06,6.403579355662714e-07,1.4280665814876556,40487373.73111706,12.809654231031502,True
336000.0,3.5542402396517175e-06,3.590530241126544e-06,6.836071264615384e-07,1.4073160886764526,40390473.9595464,13.733432169066113,True
336300.0,3.6879014579421712e-06,3.7357795008574612e-06,7.322244552909751e-07,1.385572835803032,40295821.614553526,14.640602011150582,True
336600.0,3.821039286410897e-06,3.880908593600907e-06,7.865208271340407e-07,1.3616960793733597,40203504.36907071,15.53019337216729,True
336900.0,3.954630150202895e-06,4.027032446174417e-06,8.456129947376212e-07,1.3379747122526169,40113607.04673633,16.40121934005241,True
337200.0,4.086392031360857e-06,4.171432777866357e-06,9.101572935321656e-07,1.3118185326457024,40026211.46762909,17.25267848955523,True
337500.0,4.216784477275169e-06,4.3146073380739836e-06,9.793255486556518e-07,1.2865016609430313,39941396.279244296,18.083557253094735,True
337800.0,4.346590527574374e-06,4.456304452560289e-06,1.0565493546721427e-06,1.2591774612665176,39859236.815103255,18.892832652788933,True
338100.0,4.475325838149208e-06,4.596790574851184e-06,1.1377083062313886e-06,1.2307175248861313,39779804.937055,19.679475435454997,True
338400.0,4.603368385822199e-06,4.735833897484554e-06,1.224262408783261e-06,1.2019865959882736,39703168.897266574,20.44245357944841,True
338700.0,4.729774985533499e-06,4.871473947787308e-06,1.3181528224492922e-06,1.1717911437153816,39629393.20526514,21.18073622269895,True
339000.0,4.854783323637413e-06,5.004069151937074e-06,1.4176906226737174e-06,1.141151025891304,39558538.49597182,21.89329799259737,True
339300.0,4.9778750954007256e-06,5.132455640932676e-06,1.5233546939441567e-06,1.1100743860006332,39490661.41312047,22.579123721229927,True
339600.0,5.100252864550965e-06,5.257758374455079e-06,1.6345180000598702e-06,1.0778326317667961,39425814.49761704,23.237213548794138,True
339900.0,5.2201106793109954e-06,5.3774326147504325e-06,1.7511941337033932e-06,1.0448136404156685,39364046.08328959,23.866588375352904,True
340200.0,5.337867299670928e-06,5.4914669931349636e-06,1.8732897615336697e-06,1.0107781514525414,39305400.20570174,24.46629563222959,True
340500.0,5.454126915824773e-06,5.6000809536271845e-06,2.0006758205681763e-06,0.9770388305187225,39249916.516975306,25.035415322397203,True
340800.0,5.56925738005946e-06,5.702839871446486e-06,2.134057691449698e-06,0.9412337690591812,39197630.218376935,25.573066271103695,True
341100.0,5.680673699131692e-06,5.796932583734815e-06,2.2714849237104318e-06,0.9058970361948013,39148571.989851594,26.07841252170225,True
341400.0,5.7914455299806046e-06,5.884650988718931e-06,2.414662645833232e-06,0.8691687136888504,39102767.948500484,26.550669781435346,True
341700.0,5.898757340670478e-06,5.962473750287245e-06,2.562444780807027e-06,0.8330518528819084,39060239.60088712,26.989111848798153,True
342000.0,6.0032307103161315e-06,6.031382554283482e-06,2.7132628410697635e-06,0.794900931417942,39021003.82372765,27.39307690137804,True
342300.0,6.107036781106989e-06,6.0927455649562035e-06,2.86855024356214e-06,0.7570182383060455,38985072.83827486,27.761973546494083,True
342600.0,6.20849138495441e-06,6.144081282855041e-06,3.027856056547762e-06,0.7194167822599411,38952454.21346754,28.09528653466871,True
342900.0,6.306353523594989e-06,6.18421779563505e-06,3.1895177379226425e-06,0.6808314323425293,38923150.87283683,28.392582012166667,True
343200.0,6.401280540382602e-06,6.212944271055676e-06,3.354284675793906e-06,0.6416421234607697,38897161.111520186,28.65351220809328,True
343500.0,6.494611662776213e-06,6.2328413719114906e-06,3.520288480274303e-06,0.6021775081753731,38874478.629870154,28.877819466897456,True
343800.0,6.585438240981089e-06,6.241604040724269e-06,3.6884540719483994e-06,0.5632287487387657,38855092.576725565,29.06533951638443,True
344100.0,6.6737274443501695e-06,6.239615885306193e-06,3.857639036652927e-06,0.5228864848613739,38838987.608071014,29.216003914561476,True
344400.0,6.75929454150316e-06,6.225961556083348e-06,4.028170774716955e-06,0.4827917516231537,38826143.9477754,29.329841595728848,True
344700.0,6.841196969905532e-06,6.2004804135540326e-06,4.1982118403893764e-06,0.44327184557914734,38816537.47066547,29.406979489479813,True
345000.0,6.922955025428516e-06,6.167947901758453e-06,4.367927118664738e-06,0.40270402282476425,38810139.79226487,29.44764217654603,True
345300.0,7.000204357729625e-06,6.121739261288894e-06,4.537344931776488e-06,0.3627510815858841,38806918.36317733,29.452150596323918,True
345600.0,7.074433410094428e-06,6.065552099698834e-06,4.704709905212212e-06,0.32191742211580276,38806836.585241094,29.420919821908495,True
345900.0,7.050116661196524e-06,5.845953580774221e-06,4.872525305898989e-06,-0.15662843734025955,38809854.36285897,29.354455941155553,True
346200.0,7.1062358514366035e-06,5.765743679830848e-06,5.019305579168076e-06,-0.20589624345302582,38815926.49282339,29.25335213888615,True
346500.0,7.158592642844622e-06,5.676855607816833e-06,5.162347019194158e-06,-0.25579983741045,38825005.40154442,29.118283954644067,True
346800.0,7.208132084259061e-06,5.5797127345158515e-06,5.302688617092599e-06,-0.30448365956544876,38837039.561535634,28.950003999751303,True
347100.0,7.2548705738951856e-06,5.475858642967069e-06,5.439197497736359e-06,-0.3548734411597252,38851974.08037444,28.749336060106753,True
347400.0,7.29829334906091e-06,5.366705465803534e-06,5.570309198787982e-06,-0.4047171175479889,38869750.849901974,28.517168775993916,True
347700.0,7.337614822578996e-06,5.2493413704723935e-06,5.697377584823471e-06,-0.454987570643425,38890308.71990086,28.25444899903728,True
348000.0,7.374419474432629e-06,5.127709243879508e-06,5.819745389601394e-06,-0.5041617900133133,38913583.66310622,27.962174949886066,True
348300.0,7.4085043878543964e-06,5.002695218081499e-06,5.936808808115757e-06,-0.5549899339675903,38939508.95749594,27.64138927124196,True
348600.0,7.439083399397898e-06,4.872503211572621e-06,6.04901417133874e-06,-0.604286752641201,38968015.35572015,27.293172087587767,True
348900.0,7.4653202163413975e-06,4.738042150620458e-06,6.154925831225455e-06,-0.655113622546196,38999031.28036589,26.918634168883308,True
349200.0,7.488132140348062e-06,4.600934147447333e-06,6.254887548351462e-06,-0.7044796496629715,39032482.997517176,26.518910271518262,True
349500.0,7.508440754635754e-06,4.463615653094166e-06,6.34883301486866e-06,-0.7549209669232368,39068294.81630911,26.095152741047464,True
349800.0,7.5252720654474345e-06,4.322762265474012e-06,6.43773879360765e-06,-0.8040394484996796,39106389.26790848,25.6485254269776,True
350100.0,7.538949405410896e-06,4.181177786222179e-06,6.520596517844979e-06,-0.8542671352624893,39146687.30555356,25.180197965092514,True
350400.0,7.548541665801521e-06,4.039158966406831e-06,6.596406606718119e-06,-0.9033656865358353,39189108.48554673,24.691340453118404,True
350700.0,7.554859197019947e-06,3.897270062225289e-06,6.666041027614256e-06,-0.9530886560678482,39233571.16603289,24.183118548812388,True
351000.0,7.5576197707880445e-06,3.7549387741364626e-06,6.729648294623303e-06,-1.001822903752327,39279992.68880861,23.656689008314693,True
351300.0,7.558237801147827e-06,3.6133897367562895e-06,6.788396287760179e-06,-1.0506767928600311,39328289.57308322,23.113195660197963,True
351600.0,7.553101091057021e-06,3.472074439514472e-06,6.838676796405707e-06,-1.0994033366441727,39378377.69706109,22.55376582326309,True
351900.0,7.54539753427462e-06,3.331535623374293e-06,6.883943651558866e-06,-1.1470467001199722,39430172.481743045,21.979507132316552,True
352200.0,7.534218063819859e-06,3.194692425267931e-06,6.922148429566732e-06,-1.1952264830470085,39483589.07439993,21.391504797853926,True
352500.0,7.520440926881334e-06,3.0581555563458096e-06,6.955793104168606e-06,-1.2427683994174004,39538542.519996636,20.79081923221182,True
352800.0,7.50216487695631e-06,2.924326366837704e-06,6.98200098270263e-06,-1.289363220334053,39594947.93784842,20.178484061165445,True
353100.0,7.481122296237965e-06,2.791679435176775e-06,7.003347597844822e-06,-1.3356548100709915,39652720.69054153,19.555504454414148,True
353400.0,7.455494583382994e-06,2.6618900221819786e-06,7.0174011987944596e-06,-1.381681650876999,39711776.546704814,18.922855789870184,True
353700.0,7.427264555069855e-06,2.533460246922914e-06,7.026905592510957e-06,-1.4272963553667068,39772031.84094951,18.281482582114283,True
354000.0,7.395659248893363e-06,2.4088373891117953e-06,7.030339499891625e-06,-1.4713044986128807,39833403.62744147,17.63229768764394,True
354300.0,7.360980934408719e-06,2.2870757447890355e-06,7.0284591373592775e-06,-1.5149879455566406,39895809.832523584,16.97618172423818,True
354600.0,7.322052806812619e-06,2.1669327168183372e-06,7.020496259002584e-06,-1.5592424347996712,39959169.395398855,16.313982704667627,True
354900.0,7.279440777380783e-06,2.050998489266931e-06,7.0064004233927335e-06,-1.6012574881315231,40023402.40261117,15.646515843534882,True
355200.0,7.234401356422887e-06,1.9369655888112902e-06,6.988220125236921e-06,-1.6429966613650322,40088430.228416376,14.974563520818137,True
355500.0,7.184932128171997e-06,1.8258068621435086e-06,6.963693271799798e-06,-1.6839168071746826,40154175.653342694,14.298875387343978,True
355800.0,7.132850400801354e-06,1.716991050670913e-06,6.934909864142469e-06,-1.7239703312516212,40220562.986868724,13.62016856934264,True
356100.0,7.077532708630439e-06,1.6130333051478374e-06,6.900727962388942e-06,-1.7631618455052376,40287518.180396885,12.939127985164422,True
356400.0,7.019588733270453e-06,1.5110602191725775e-06,6.8625229925345366e-06,-1.8015199601650238,40354968.934310846,12.256406728077701,True
356700.0,6.957449110768825e-06,1.4112696362644783e-06,6.818692696697326e-06,-1.8383545950055122,40422844.79793518,11.572626524921192,True
357000.0,6.892862065742453e-06,1.3148352877578873e-06,6.7708523854292935e-06,-1.8748066201806068,40491077.26636972,10.888378234507076,True
357300.0,6.824699311207271e-06,1.2213365891966532e-06,6.718011093198584e-06,-1.90970890969038,40559599.86420062,10.204222397868776,True
357600.0,6.754021205766632e-06,1.1304254314836726e-06,6.661373811667204e-06,-1.9444477930665016,40628348.23177551,9.520689807551765,False
357900.0,6.680762105407492e-06,1.0425470975405915e-06,6.600858776906193e-06,-1.977014683187008,40697260.19424551,8.838282106065451,False
358200.0,6.604457684267837e-06,9.569986332280678e-07,6.536165122028592e-06,-2.0090702548623085,40766275.83722153,8.1574723931304,False
358500.0,6.523859374010698e-06,8.746385162794468e-07,6.465965387114636e-06,-2.0389126241207123,40835337.56197414,7.478705841766888,False
358800.0,6.441312358046166e-06,7.953170495511586e-07,6.392718487013838e-06,-2.0687845051288605,40904390.14865981,6.802400310412095,False
359100.0,6.35654551889218e-06,7.1735132678441e-07,6.3164027661599675e-06,-2.09742983430624,40973380.798541166,6.128946963405379,False
359400.0,6.26972773802453e-06,6.437641388856719e-07,6.236890572886011e-06,-2.1248385906219482,41042259.18220593,5.458710876622259,False
359700.0,6.17948356558811e-06,5.707831292056653e-07,6.153250964757717e-06,-2.1501203551888466,41110977.47479854,4.792031637252144,False
360000.0,6.08646858838849e-06,5.015119768359e-07,6.065879135874752e-06,-2.174755424261093,41179490.3905927,4.129223929793751,False
360300.0,5.992456518100685e-06,4.346089212958759e-07,5.97673342150884e-06,-2.1981513053178787,41247755.2039188,3.4705781115781607,False
360600.0,5.895559196427304e-06,3.704755613398447e-07,5.883935542794205e-06,-2.2200500890612602,41315731.77108226,2.816360780696008,False
360900.0,5.795277417646656e-06,3.081029831264459e-07,5.7870932761439065e-06,-2.2410120368003845,41383382.54459349,2.166815319582131,False
361200.0,5.694146214923718e-06,2.479902718732774e-07,5.688747255705451e-06,-2.260472536087036,41450672.57930563,1.5221624288845153,False
361500.0,5.589954612071439e-06,1.8966565562550386e-07,5.58673679662558e-06,-2.2787655740976334,41517569.53695589,0.882600657211274,False
361800.0,5.485277784309793e-06,1.340649191661214e-07,5.483639238773597e-06,-2.2964721098542213,41584043.68257447,0.24830690129837607,False
362100.0,5.377819583182898e-06,8.032520781853236e-08,5.377219692126456e-06,-2.3112864941358566,41650067.873062156,-0.3805630863770256,False
362400.0,5.267698715896541e-06,2.8976444355066633e-08,5.267619043181071e-06,-2.3257587626576424,41715617.5514054,-1.0038742170898642,False
362700.0,5.157973077429628e-06,-2.040832214333932e-08,5.157932735144755e-06,-2.339106597006321,41780670.719835155,-1.621511587761811,False
363000.0,5.044855410685859e-06,-6.850137879155227e-08,5.04439102444465e-06,-2.3511467054486275,41845207.9200941,-2.2333799999694035,False
363300.0,4.930506899668296e-06,-1.1431993129917828e-07,4.929184649782314e-06,-2.3617399260401726,41909212.204323314,-2.839403507504472,False
363600.0,4.814729795101715e-06,-1.5916486972855637e-07,4.812107722074188e-06,-2.371781036257744,41972669.102717854,-3.4395249469740317,False
363900.0,4.6978260340329466e-06,-2.0132395661676128e-07,4.6935315776153175e-06,-2.379356049001217,42035566.58169466,-4.033705482222029,False
364200.0,4.57999237111934e-06,-2.4344794269381964e-07,4.573559670539851e-06,-2.38653577119112,42097895.008163646,-4.621924145666987,False
364500.0,4.4599042949351066e-06,-2.8172732413622725e-07,4.451070551247938e-06,-2.39318560808897,42159647.096406676,-5.204177378512434,False
364800.0,4.339441381113098e-06,-3.2053429777079145e-07,4.327707414653048e-06,-2.397647127509117,42220817.857545994,-5.780478573157633,False
365100.0,4.217274776665608e-06,-3.5635380868370703e-07,4.202376985951162e-06,-2.4008365124464035,42281404.5482763,-6.350857601688647,False
365400.0,4.095184525573103e-06,-3.917392064067826e-07,4.076677737607781e-06,-2.403921954333782,42341406.60915346,-6.915360349249881,False
365700.0,3.971549339261412e-06,-4.260392074684205e-07,3.949020875637643e-06,-2.405479781329632,42400825.598473415,-7.474048228518879,False
366000.0,3.846465220866516e-06,-4.5805217041561264e-07,3.81963009310482e-06,-2.404850736260414,42459665.128599085,-8.026997696025552,False
366300.0,3.7210810560680148e-06,-4.893369691671978e-07,3.689487249047829e-06,-2.4049570858478546,42517930.79813555,-8.574299752050523,False
366600.0,3.5952985383357936e-06,-5.201241606300755e-07,3.558431279415686e-06,-2.4026541709899902,42575630.10816979,-9.116059428096882,False
366900.0,3.4689409419086907e-06,-5.486059535542154e-07,3.4265206849681817e-06,-2.400058403611183,42632772.39616302,-9.652395264965445,False
367200.0,3.3420136328082425e-06,-5.769153688106599e-07,3.2934218587854502e-06,-2.3961957171559334,42689368.74698941,-10.183438775260655,False
367500.0,3.2137444486848902e-06,-6.044429028406739e-07,3.1583885640174003e-06,-2.3910227343440056,42745431.91332703,-10.709333892103176,False
367800.0,3.0862061016636564e-06,-6.306630666585988e-07,3.0235769710174054e-06,-2.3860126808285713,42800976.22975063,-11.230236406163161,False
368100.0,2.9580628641652227e-06,-6.56623399208911e-07,2.887360476933054e-06,-2.3787579610943794,42856017.51813983,-11.746313377205768,False
368400.0,2.8309708807790284e-06,-6.819376210387418e-07,2.75142127392769e-06,-2.371192805469036,42910573.00417248,-12.257742543618082,False
368700.0,2.704321494877122e-06,-7.058082474031835e-07,2.6152454637440314e-06,-2.362394191324711,42964661.216031775,-12.764711703402007,False
369000.0,2.5766504082564104e-06,-7.293206465419644e-07,2.4769403630386932e-06,-2.3526563346385956,43018301.89219766,-13.267418085569524,False
369300.0,2.4509149280442067e-06,-7.520015685713588e-07,2.3395510098112027e-06,-2.3415496051311493,43071515.88121334,-13.766067711303936,False
369600.0,2.3256814195032876e-06,-7.753849899927445e-07,2.2009215214779942e-06,-2.3299972116947174,43124325.04364466,-14.260874723274421,False
369900.0,2.2003297803213727e-06,-7.971773072767974e-07,2.0608650324049904e-06,-2.317449301481247,43176752.1475012,-14.752060717364712,False
370200.0,2.07836143411296e-06,-8.185301112462184e-07,1.9224692859864945e-06,-2.3040707111358643,43228820.76722937,-15.239854054291943,False
370500.0,1.9573093463798156e-06,-8.40227983189834e-07,1.7823943156969335e-06,-2.289266385138035,43280555.1777998,-15.724489146759677,False
370800.0,1.839526238287688e-06,-8.608415669186797e-07,1.6433295080275911e-06,-2.274749957025051,43331980.25229781,-16.206205756232436,False
371100.0,1.7248130385421676e-06,-8.82622686049217e-07,1.5033880060855154e-06,-2.25837804377079,43383121.349446274,-16.685248255156665,False
371400.0,1.6133529365467302e-06,-9.026155112223933e-07,1.3634984910027015e-06,-2.2414103001356125,43434004.213932805,-17.161864896843305,False
371700.0,1.5076606510555318e-06,-9.227841815118154e-07,1.2246120562053875e-06,-2.223169267177582,43484654.86373013,-17.636307066086477,False
372000.0,1.407541317603064e-06,-9.440827284379338e-07,1.0844302060775135e-06,-2.2050170600414276,43535099.48654534,-18.10882852156905,False
372300.0,1.3155682735072865e-06,-9.646209093716607e-07,9.458809664408818e-07,-2.184795342385769,43585364.32676673,-18.57968464370071,False
372600.0,1.2314704860141381e-06,-9.846199873209116e-07,8.064209175984161e-07,-2.1638863682746887,43635475.5852902,-19.04913165844373,False
372900.0,1.1593549986282309e-06,-1.0056748465103738e-06,6.675410659795489e-07,-2.1433178931474686,43685459.30887514,-19.517425878025584,False
373200.0,1.1003938329935933e-06,-1.026571226248052e-06,5.292594700279096e-07,-2.1198621094226837,43735341.28020886,-19.98482292487513,False
373500.0,1.0568047763572156e-06,-1.047850730628852e-06,3.910247805549716e-07,-2.0973827838897705,43785146.92416343,-20.451576961771227,False
373800.0,1.0305887826841975e-06,-1.0691616694202821e-06,2.5439979367547494e-07,-2.0733241587877274,43834901.190369524,-20.917939925135176,False
374100.0,1.0233833065000542e-06,-1.091724556090412e-06,1.1792272758270883e-07,-2.0482014790177345,43884628.4601978,-21.3841607534124,False
374400.0,1.033801898027233e-06,-1.1136712601000909e-06,-1.6937399038852163e-08,-2.022114098072052,43934352.44239901,-21.850484630970527,False
374700.0,1.0617512665618969e-06,-1.1359490486029244e-06,-1.5167319133979618e-07,-1.9947765544056892,43984096.07412715,-22.31715222603377,False
375000.0,1.1062187980406937e-06,-1.1591537258937024e-06,-2.856450649346698e-07,-1.9679918438196182,44033881.42649676,-22.784398946885343,False
375300.0,1.1653151706121465e-06,-1.183771729529326e-06,-4.1838293896034884e-07,-1.9387086853384972,44083729.60304052,-23.252454199274254,False
375600.0,1.23594111438731e-06,-1.209349647979252e-06,-5.492882202418059e-07,-1.909672737121582,44133660.65829775,-23.721540656243725,False
375900.0,1.3144658505029426e-06,-1.2341170645413513e-06,-6.786322543916867e-07,-1.8798656091094017,44183693.49894398,-24.191873537598084,False
376200.0,1.4014250610802183e-06,-1.2605252663888677e-06,-8.073104318384594e-07,-1.8493907079100609,44233845.802332036,-24.663659902543376,False
376500.0,1.4944584749094944e-06,-1.2880062740805442e-06,-9.347692220273984e-07,-1.8166000843048096,44284133.93044463,-25.137097956940643,False
376800.0,1.5914370451362725e-06,-1.3160967569092463e-06,-1.0602993114616766e-06,-1.7844879180192947,44334572.85648233,-25.61237637068956,False
377100.0,1.691752196231491e-06,-1.3454338443352754e-06,-1.184032022649717e-06,-1.7517987787723541,44385176.07972721,-26.08967360946155,False
377400.0,1.7935234495161223e-06,-1.3756128964814707e-06,-1.3049851190771733e-06,-1.717480108141899,44435955.55749444,-26.569157283823483,False
377700.0,1.897560831253961e-06,-1.4070416511913209e-06,-1.4249356112827627e-06,-1.6826096922159195,44486921.63847713,-27.05098350718564,False
378000.0,2.0023637916379472e-06,-1.4403098873572162e-06,-1.5421808363669243e-06,-1.6480736806988716,44538082.99592475,-27.535296278544944,False
378300.0,2.1087020408744345e-06,-1.4752684762697754e-06,-1.65849250777228e-06,-1.6121248751878738,44589446.56493927,-28.0222268665594,False
378600.0,2.2146924427598212e-06,-1.5113344602468715e-06,-1.7723376330991414e-06,-1.5756391510367393,44641017.49185011,-28.5118932215246,False
378900.0,2.3197613496178924e-06,-1.5480553656743723e-06,-1.8836777506692215e-06,-1.538978286087513,44692799.07970841,-29.004399389395825,False
379200.0,2.4239342414851193e-06,-1.5863960811657307e-06,-1.992244683890476e-06,-1.500921256840229,44744792.74048235,-29.499834945204945,False
379500.0,2.527496506132822e-06,-1.626687918587777e-06,-2.098471920675138e-06,-1.4630483984947205,44796997.95744499,-29.998274435747472,False
379800.0,2.6311673371830873e-06,-1.6697738374205073e-06,-2.2029752742014352e-06,-1.4242964386940002,44849412.2425667,-30.49977683449789,False
380100.0,2.732361295479439e-06,-1.713252487434147e-06,-2.3042081345181487e-06,-1.385792076587677,44902031.10910092,-31.004385007789196,False
380400.0,2.832731616536483e-06,-1.7587579463906877e-06,-2.4033702601400364e-06,-1.3463229835033417,44954848.03978865,-31.51212518164632,False
380700.0,2.931891660051564e-06,-1.8077273296057683e-06,-2.499391449362065e-06,-1.3061555624008179,45007854.46844399,-32.02300642473801,False
381000.0,3.028637275019832e-06,-1.858019402334321e-06,-2.592114768162901e-06,-1.265810765326023,45061039.761571266,-32.53702012743882,False
381300.0,3.123318866307885e-06,-1.908600324895815e-06,-2.6825488177451007e-06,-1.2258084937930107,45114391.20604817,-33.05413948608454,False
381600.0,3.2174885919195545e-06,-1.964310968105565e-06,-2.770155639097993e-06,-1.1847405508160591,45167894.00024553,-33.574318990261936,False
381900.0,3.308586938994715e-06,-2.0204908537380106e-06,-2.8543575680828326e-06,-1.143898069858551,45221531.25680529,-34.09749390363164,False
382200.0,3.3986215266552472e-06,-2.0814965182580636e-06,-2.9354230477451893e-06,-1.1031521931290627,45275284.001757644,-34.6235797407004,False
382500.0,3.4864606758875806e-06,-2.142716880371154e-06,-3.0143216136480078e-06,-1.061741016805172,45329131.18359759,-35.15247173744752,False
382800.0,3.5715178464237106e-06,-2.2076406480664446e-06,-3.0887477464602853e-06,-1.0206985026597977,45383049.68901129,-35.684044316056564,False
383100.0,3.6548057522173925e-06,-2.2740938732113136e-06,-3.1609432440404817e-06,-0.9792279899120331,45437014.35749525,-36.21815052555788,False
383400.0,3.7364003424807468e-06,-2.345384700674913e-06,-3.2294796099563428e-06,-0.9376614838838577,45490998.00743735,-36.754621483688965,False
383700.0,3.816175178609003e-06,-2.4197526613534137e-06,-3.295069916475768e-06,-0.8964627757668495,45544971.463032626,-37.29326578744973,False
384000.0,3.8922030375351974e-06,-2.495635555987974e-06,-3.356228219786317e-06,-0.8556738421320915,45598903.58633678,-37.83386891422266,False
384300.0,3.967393488823496e-06,-2.575638490043275e-06,-3.415134116835361e-06,-0.814023032784462,45652761.31356691,-38.376192590991955,False
384600.0,4.0395445587401375e-06,-2.6592810513648146e-06,-3.469469938011116e-06,-0.772774800658226,45706509.70061038,-38.91997415406946,False
384900.0,4.111049430540778e-06,-2.7460797582534724e-06,-3.522254786503254e-06,-0.7317720577120781,45760111.96506282,-39.46492586585776,False
385200.0,4.178511063190434e-06,-2.8370284610446106e-06,-3.5690686601697053e-06,-0.6907236129045486,45813529.53770873,-40.01073422828524,False
385500.0,4.24585471338562e-06,-2.931768960934278e-06,-3.6146653172863807e-06,-0.649903230369091,45866722.11746292,-40.557059240546565,False
385800.0,4.309735270152944e-06,-3.031262849617633e-06,-3.654666578256638e-06,-0.6094825193285942,45919647.72883897,-41.10353366582446,False
386100.0,4.371318377757396e-06,-3.1332644425674516e-06,-3.6914783834163245e-06,-0.5685776323080063,45972262.78286084,-41.649762239113905,False
386400.0,4.43131100641114e-06,-3.24013359431774e-06,-3.724808181004846e-06,-0.5284084007143974,46024522.14564599,-42.1953208781025,False
386700.0,4.488145989885917e-06,-3.350228979570602e-06,-3.753548078577751e-06,-0.4883634150028229,46076379.20327766,-42.73975586394966,False
387000.0,4.544074055849952e-06,-3.46740557688463e-06,-3.778490842876181e-06,-0.44790975004434586,46127785.935723744,-43.28258300759662,False
387300.0,4.597164623724828e-06,-3.5858276135058986e-06,-3.8001108677576667e-06,-0.40834447741508484,46178692.99361401,-43.82328681421809,False
387600.0,4.648508368349517e-06,-3.7112687891749374e-06,-3.8168509135516615e-06,-0.3687795326113701,46229049.77207855,-44.361319649227084,False
387900.0,4.697093974842458e-06,-3.840262422727392e-06,-3.829117581233277e-06,-0.3294883221387863,46278804.49458431,-44.896100911788096,False
388200.0,4.744801264661545e-06,-3.97457847611804e-06,-3.838259083011053e-06,-0.29061339795589447,46327904.29457543,-45.42701624033295,False
388500.0,4.789620717428653e-06,-4.114652313091938e-06,-3.841478751098748e-06,-0.2512407973408699,46376295.29972858,-45.9534167658268,False
388800.0,4.83241021514173e-06,-4.257854953948481e-06,-3.841082175881638e-06,-0.21335315704345703,46423922.723139934,-46.474618414345564,False
389100.0,4.872730742872065e-06,-4.406620689678675e-06,-3.835129021467765e-06,-0.1746869832277298,46470730.94527445,-46.989901315425826,False
389400.0,4.9124169508334606e-06,-4.560774300443882e-06,-3.825888050812409e-06,-0.1369485855102539,46516663.61293752,-47.49850930717943,False
389700.0,4.948917069171333e-06,-4.7193452132887614e-06,-3.810456178143795e-06,-0.0987030565738678,46561663.72439094,-47.999649605312655,False
390000.0,4.983472394695607e-06,-4.882244979853567e-06,-3.7902767715536356e-06,-0.06070719659328461,46605673.72819312,-48.49249263508416,False
390300.0,5.016220782743654e-06,-5.0500748898230086e-06,-3.764973278919115e-06,-0.022993512451648712,46648635.61488266,-48.97617210089023,False
390600.0,5.046984826803765e-06,-5.22177487027875e-06,-3.7346657535408667e-06,0.013875916600227356,46690491.01373903,-49.449785313662595,False
390900.0,5.076244484330793e-06,-5.398113387400372e-06,-3.699267061563205e-06,0.05131573975086212,46731181.28650854,-49.912393835899074,False
391200.0,5.102928576925962e-06,-5.577142701440607e-06,-3.6581557765202888e-06,0.08771856129169464,46770647.62918363,-50.36302449269197,False
391500.0,5.127160539673224e-06,-5.759424198004126e-06,-3.6107683030195403e-06,0.1246618926525116,46808831.16295085,-50.80067080259145,False
391800.0,5.149677445290007e-06,-5.944396690438225e-06,-3.5580631134735086e-06,0.16174696385860443,46845673.036713265,-51.224294884182015,False
392100.0,5.171040941023108e-06,-6.1322268152252946e-06,-3.5002876899170587e-06,0.19872504472732544,46881114.52236747,-51.63282989864107,False
392400.0,5.188960246809282e-06,-6.320858062736079e-06,-3.434895354814671e-06,0.2348616048693657,46915097.112726755,-52.025183077998,False
392700.0,5.206205246030945e-06,-6.510748846721981e-06,-3.36511129006567e-06,0.27088429033756256,46947562.616591096,-52.400239377553724,False
393000.0,5.219530432382729e-06,-6.698269260141387e-06,-3.28790833492576e-06,0.30699238926172256,46978453.25733895,-52.75686582514105,False
393300.0,5.23250005784361e-06,-6.886013125040336e-06,-3.206262640276236e-06,0.3434849753975868,47007711.76834163,-53.093916552966306,False
393600.0,5.242121973609903e-06,-7.0690072107026936e-06,-3.1184202597955846e-06,0.37882836908102036,47035281.49024382,-53.41023857547365,False
393900.0,5.250446420392652e-06,-7.250434805428085e-06,-3.024399234163866e-06,0.4145999476313591,47061106.46054309,-53.7046782709772,False
394200.0,5.25601648414322e-06,-7.4265129228479054e-06,-2.923848775537863e-06,0.45048853009939194,47085131.512163475,-53.97608856901632,False
394500.0,5.259394207195274e-06,-7.596628563533159e-06,-2.81726899942214e-06,0.48535189032554626,47107302.36490492,-54.22333678226566,False
394800.0,5.259857794904498e-06,-7.756664246016953e-06,-2.7060877059170707e-06,0.5208599269390106,47127565.71312687,-54.44531301040388,False
395100.0,5.259264048457895e-06,-7.909724445198663e-06,-2.5899341622448446e-06,0.5556179359555244,47145869.32166533,-54.640939010906955,False
395400.0,5.255882108475973e-06,-8.05211004717421e-06,-2.4679124024373778e-06,0.5905750393867493,47162162.10907678,-54.80917739337812,False
395700.0,5.250522410305554e-06,-8.182615061969045e-06,-2.3418853558609953e-06,0.6257685720920563,47176394.238063134,-54.94904097434599,False
396000.0,5.242573512614197e-06,-8.299335974015776e-06,-2.211649466232757e-06,0.6602256149053574,47188517.20116633,-55.059602112448786,False
396300.0,5.231641611248129e-06,-8.401185681350398e-06,-2.0765134465250412e-06,0.6949828192591667,47198483.90168657,-55.140001799526026,False
396600.0,5.2192670209403205e-06,-8.48817632004284e-06,-1.9393073031892527e-06,0.7293849736452103,47206248.73958426,-55.18945828920411,False
396900.0,5.204522594634802e-06,-8.55883587291828e-06,-1.7988967400128786e-06,0.7635624781250954,47211767.68939074,-55.20727505112047,False
397200.0,5.186902760708439e-06,-8.611266537172924e-06,-1.655995042426639e-06,0.7970419898629189,47214998.38010345,-55.19284780707345,False
397500.0,5.167570426921171e-06,-8.646937970979707e-06,-1.5112334708078379e-06,0.8309427574276924,47215900.16954754,-55.145670468885136,False
397800.0,5.144881285545081e-06,-8.662549959126409e-06,-1.3648647794184399e-06,0.8639159053564072,47214434.22298552,-55.065339795580385,False
398100.0,5.120190262322738e-06,-8.659408251787681e-06,-1.2195620513466565e-06,0.8966571912169456,47210563.58108681,-54.95155863311042,False
398400.0,5.093357005140868e-06,-8.638508802505385e-06,-1.0732133617352702e-06,0.9302962720394135,47204253.231901295,-54.80413765971196,False
398700.0,5.062919120105862e-06,-8.59677180642393e-06,-9.280494026597808e-07,0.9623413980007172,47195470.183107466,-54.622995570872426,False
399000.0,5.031153220450426e-06,-8.538916631550819e-06,-7.838855253794463e-07,0.9944751560688019,47184183.52019313,-54.40815774875501,False
399300.0,4.997056713859606e-06,-8.46351915129162e-06,-6.421804243927909e-07,1.0272641479969025,47170364.4754621,-54.15975345317349,False
399600.0,4.959454068398326e-06,-8.369619820314256e-06,-5.023719893415546e-07,1.058177262544632,47153986.491431214,-53.87801166338682,False
399900.0,4.920144566328999e-06,-8.260993951125783e-06,-3.6626342847512205e-07,1.0896495431661606,47135025.27184234,-53.563255705761144,False
400200.0,4.878415386826851e-06,-8.13759982065676e-06,-2.3387199377111756e-07,1.120270974934101,47113458.84717345,-53.21589686595691,False
400500.0,4.833806066330422e-06,-7.99990476707535e-06,-1.0418853690907781e-07,1.1504276022315025,47089267.62328756,-52.836427175463065,False
400800.0,4.786743373336361e-06,-7.849709675156191e-06,1.9518630267612025e-08,1.180635578930378,47062434.43494577,-52.42541158686872,False
401100.0,4.73791195716508e-06,-7.689513608966081e-06,1.3860081082839315e-07,1.2101269736886024,47032944.59659454,-51.98347977134624,False
401400.0,4.685424820896979e-06,-7.517433260773032e-06,2.5372285250568893e-07,1.2391082718968391,47000785.94697631,-51.51131771637427,False
401700.0,4.630773182377499e-06,-7.337299336995784e-06,3.6265633696075383e-07,1.2678899094462395,46965948.89433562,-51.009659331655044,False
402000.0,4.574489552031898e-06,-7.151037380026537e-06,4.66757434480769e-07,1.2960438951849937,46928426.459035374,-50.47927823802299,False
402300.0,4.5154400904499926e-06,-6.958115875477233e-06,5.651172685361416e-07,1.3235775753855705,46888214.31156686,-49.92097986234825,False
402600.0,4.45466036859744e-06,-6.76149190326214e-06,6.56812837007692e-07,1.3513483554124832,46845310.80870078,-49.33559397576339,False
402900.0,4.391250051888573e-06,-6.560174284686582e-06,7.445814134143802e-07,1.3783657476305962,46799717.03010489,-48.72396775803724,False
403200.0,4.325620309351934e-06,-6.3564263825810485e-06,8.255795478362415e-07,1.4043170288205147,46751436.80706349,-48.086959436929064,False
403500.0,4.256952194450603e-06,-6.150047312303286e-06,8.996150313578255e-07,1.4295376986265182,46700476.75104861,-47.42543257185896,False
403800.0,4.186484413508087e-06,-5.942515883816668e-06,9.704767620632992e-07,1.4543028324842453,46646846.28023736,-46.74025097503703,False
404100.0,4.113599031371079e-06,-5.735174994470071e-06,1.0334689264368535e-06,1.479667991399765,46590557.64171604,-46.0322742624496,False
404400.0,4.038389466638112e-06,-5.528123153908382e-06,1.090771128531287e-06,1.502923645079136,46531625.93627534,-45.30235406073423,False
404700.0,3.962071768965506e-06,-5.3232183745421935e-06,1.1435895714839717e-06,1.526476688683033,46470069.12695028,-44.55133079170394,False
405000.0,3.8826532232259735e-06,-5.1184406117954495e-06,1.190847470411427e-06,1.548710934817791,46405908.06271815,-43.780031028507516,False
405300.0,3.8011398252968074e-06,-4.91525338475185e-06,1.2335485806147517e-06,1.5714129880070686,46339166.48273245,-42.989265380981415,False
405600.0,3.7187011759789433e-06,-4.716186651876342e-06,1.270628381178085e-06,1.5925402641296387,46269871.03227774,-42.179826850963245,False
405900.0,3.6332829499551274e-06,-4.51836655201987e-06,1.3025951517420253e-06,1.6145534813404083,46198051.260183536,-41.35248962733459,False
406200.0,3.5465052433834322e-06,-4.324056590121472e-06,1.3300690753226263e-06,1.634054385125637,46123739.631914854,-40.50800826145003,False
406500.0,3.457060191868647e-06,-4.131670209517324e-06,1.3529014353252933e-06,1.6539119184017181,46046971.51711215,-39.64711718348488,False
406800.0,3.3665209118166922e-06,-3.943117746985081e-06,1.3719303666448468e-06,1.6733437702059746,45967785.196067795,-38.770530518810595,False
407100.0,3.2737380749153944e-06,-3.7570771951322968e-06,1.3867888810636941e-06,1.692541852593422,45886221.848502256,-37.87894215768044,False
407400.0,3.1788168731573373e-06,-3.5738099199988937e-06,1.3974270558492208e-06,1.7109443098306656,45802325.5454871,-36.97302604896348,False
407700.0,3.082469819019392e-06,-3.3933296208488173e-06,1.40548100802107e-06,1.727952502667904,45716143.23566336,-36.05343668053457,False
408000.0,2.9849855360033583e-06,-3.2173686008718505e-06,1.4088044082427587e-06,1.7452897652983665,45627724.72650372,-35.120809709566196,False
408300.0,2.885339762608891e-06,-3.0433557185460813e-06,1.4091659963355596e-06,1.7613228783011436,45537122.67024025,-34.1757627360527,False
408600.0,2.7848778860971228e-06,-2.872832766342981e-06,1.4069049072418238e-06,1.7766547948122025,45444392.53509021,-33.21889616993509,False
408900.0,2.6824064894362314e-06,-2.704836333577987e-06,1.4008877542437403e-06,1.7921072840690613,45349592.58059955,-32.25079418980665,False
409200.0,2.579543212036899e-06,-2.539548205504616e-06,1.393775892921667e-06,1.8066055178642273,45252783.82952937,-31.27202577566843,False
409500.0,2.4746446428503693e-06,-2.37676721326352e-06,1.382513751480019e-06,1.819974161684513,45154030.03121089,-30.283145780685537,False
409800.0,2.369906821864155e-06,-2.2170942770571855e-06,1.3700623959778113e-06,1.833824560046196,45053397.62312287,-29.28469606532328,False
410100.0,2.263542153596682e-06,-2.0590343297044456e-06,1.35480215490702e-06,1.8462037444114685,44950955.69495365,-28.277206639718212,False
410400.0,2.156034658621765e-06,-1.9021848629563465e-06,1.337657163702488e-06,1.8579180017113686,44846775.93716682,-27.261196845584784,False
410700.0,2.049320439575675e-06,-1.7481990539636172e-06,1.3194026386997848e-06,1.8697421476244926,44740932.59479037,-26.23717654296122,False
411000.0,1.9421461238462513e-06,-1.595901437667635e-06,1.298824969353518e-06,1.8801493868231773,44633502.41672533,-25.205647306687535,False
411300.0,1.8358902244359162e-06,-1.4453597430019727e-06,1.2773298756485474e-06,1.890809327363968,44524564.59325848,-24.167103633614794,False
411600.0,1.730393845444802e-06,-1.2958777233507135e-06,1.2545604306524183e-06,1.9000103399157524,44414200.70155455,-23.12203414150896,False
411900.0,1.6266312419870201e-06,-1.14767979653152e-06,1.2307447967430107e-06,1.9082559049129486,44302494.63481213,-22.070922772612004,False
412200.0,1.5259672370908345e-06,-1.0016234455179074e-06,1.2059595526636713e-06,1.9166162386536598,44189532.53443813,-21.014249989977884,False
412500.0,1.4283102343822213e-06,-8.554066823762696e-07,1.1804893098599223e-06,1.9235055819153786,44075402.71950843,-19.952493969255936,False
412800.0,1.3354897991183706e-06,-7.096294325492636e-07,1.1544352069847719e-06,1.9302888363599777,43960195.603053235,-18.88613178300563,False
413100.0,1.248962233670098e-06,-5.646979275297781e-07,1.1273300977165945e-06,1.9361131936311722,43844003.61471793,-17.815640577566384,False
413400.0,1.1729985996894778e-06,-4.2023620494546776e-07,1.1018078502900153e-06,1.940572127699852,43726921.11114323,-16.741498746034935,False
413700.0,1.1076103605257047e-06,-2.763249824511149e-07,1.0751797425712084e-06,1.9452387690544128,43609044.28298519,-15.664187080854392,False
414000.0,1.0561872953327856e-06,-1.3169392332201824e-07,1.0484693362400321e-06,1.9482342600822449,43490471.06437432,-14.584189935296681,False
414300.0,1.0218520623467332e-06,1.2514334457591758e-08,1.0217796067024665e-06,1.951132170855999,43371301.0254851,-13.501996362431347,False
414600.0,1.0069600074488308e-06,1.560330247230013e-07,9.953632602588414e-07,1.9521411955356598,43251635.27425593,-12.418101250605517,False
414900.0,1.0144534891162514e-06,3.0059507594160095e-07,9.706944812393203e-07,1.9531491175293922,43131576.33966861,-11.333006449242951,False
415200.0,1.0436281132543315e-06,4.458064495338476e-07,9.469455477528754e-07,1.952472522854805,43011228.06474692,-10.247221879682584,False
415500.0,1.0930008044479484e-06,5.922135528635408e-07,9.234848032946275e-07,1.9514896050095558,42890695.48111361,-9.161266640718418,False
415800.0,1.1600946423343357e-06,7.380844806448295e-07,9.010004475840105e-07,1.9492383152246475,42770084.69105428,-8.075670100169546,False
416100.0,1.2438646283582535e-06,8.860747016115056e-07,8.796031716329367e-07,1.945065587759018,42649502.73704858,-6.990972969168134,False
416400.0,1.3408497759701684e-06,1.0339329037378775e-06,8.603406032037242e-07,1.940584309399128,42529057.46757478,-5.907728363480312,False
416700.0,1.4492669218240796e-06,1.1832973143555137e-06,8.42671059153588e-07,1.9352896884083748,42408857.40491694,-4.826502841771108,False
417000.0,1.5665815263501338e-06,1.333038994744129e-06,8.27512738332814e-07,1.9288854822516441,42289011.60202409,-3.7478774272054993,False
417300.0,1.6923195142958747e-06,1.485571090142912e-06,8.135242102191853e-07,1.9209375604987144,42169629.497924775,-2.6724485961623112,False
417600.0,1.8224114835441854e-06,1.6371696176520345e-06,8.018422921196589e-07,1.9116884768009186,42050820.76800495,-1.600829244665303,False
417900.0,1.9595015060349424e-06,1.7918279127115966e-06,7.932700442081497e-07,1.90188779681921,41932695.17146057,-0.5336496111101902,False
418200.0,2.0993577679618525e-06,1.9464269485069963e-06,7.86795679497132e-07,1.889809936285019,41815362.39794177,0.528441842150872,False
418500.0,2.244426649884646e-06,2.1034797441643605e-06,7.849891985323154e-07,1.8771753758192062,41698931.90188731,1.5847775900964434,False
418800.0,2.390810761676673e-06,2.2609309837662295e-06,7.841992748502946e-07,1.8640227988362312,41583512.744741626,2.634670279605795,False
419100.0,2.5408956905504807e-06,2.4209301159316965e-06,7.869935840787434e-07,1.8483656495809555,41469213.42948825,3.6774120093213627,False
419400.0,2.6934345434315328e-06,2.5823711951034056e-06,7.943267501531182e-07,1.8322010338306427,41356141.72622541,4.712273707985186,False
419700.0,2.8470058715279444e-06,2.7446430976851843e-06,8.047918749198857e-07,1.81439358741045,41244404.508582994,5.7385045958266465,False
420000.0,3.0014405019783887e-06,2.9073262339807115e-06,8.203994337208087e-07,1.795661836862564,41134107.57610288,6.755331742824778,False
420300.0,3.1585648594126904e-06,3.073109667184326e-06,8.395196449129116e-07,1.774795114994049,41025355.48383221,7.76195975785171,False
420600.0,3.314350188851306e-06,3.2377909633396484e-06,8.629269920845672e-07,1.75278440117836,40918251.36285093,8.757570598801259,False
420900.0,3.4721042728437825e-06,3.404754380653685e-06,8.916446088136354e-07,1.7303877025842667,40812896.74664531,9.741323542445562,False
421200.0,3.629467371673659e-06,3.571940169422305e-06,9.24717520334184e-07,1.7060297578573227,40709391.39688639,10.712355324690463,True
421500.0,3.788182202182947e-06,3.740853003364464e-06,9.637871691836608e-07,1.6804578453302383,40607833.12267427,11.669780464444967,True
421800.0,3.946300070000715e-06,3.910027828624152e-06,1.0069391631617464e-06,1.6532366201281548,40508317.60867393,12.61269180986363,True
422100.0,4.10386470260448e-06,4.0790772857235424e-06,1.0558884468991891e-06,1.6248021870851517,40410938.23895139,13.540161305097792,True
422400.0,4.261319924683621e-06,4.2480522211008065e-06,1.1121012946091469e-06,1.5957757458090782,40315785.925359845,14.451241024845212,True
422700.0,4.418284228995745e-06,4.417320269567426e-06,1.172592641651704e-06,1.5650932863354683,40222948.93948677,15.344964489204516,True
423000.0,4.573202109176887e-06,4.5843163434255985e-06,1.2401699791553256e-06,1.532666303217411,40132512.743030086,16.220348267208788,True
423300.0,4.7296019715729975e-06,4.753023915782251e-06,1.313735783270431e-06,1.4995204135775566,40044559.824251436,17.076393925948715,True
423600.0,4.882124824242762e-06,4.917525416203716e-06,1.393020209405904e-06,1.464873544871807,39959169.541649014,17.91209031215075,True
423900.0,5.0346539486167066e-06,5.081339509160898e-06,1.4795514609033944e-06,1.4301797449588776,39876417.965433314,18.726416203601683,True
424200.0,5.186661822586448e-06,5.243845691893512e-06,1.5726082480682635e-06,1.3929743096232414,39796377.73458196,19.518343347963455,True
424500.0,5.336104434373258e-06,5.402331936465998e-06,1.672517687012487e-06,1.3551777601242065,39719117.9054244,20.286839889029398,True
424800.0,5.4838452045386545e-06,5.557433183867033e-06,1.7790817246066126e-06,1.3168422281742096,39644703.82137655,21.03087420010998,True
425100.0,5.6295229585484815e-06,5.708528846071204e-06,1.891733127479256e-06,1.2771533355116844,39573196.98260372,21.749419119372412,True
425400.0,5.77377738912599e-06,5.855848087321647e-06,2.0106201681358016e-06,1.2369656413793564,39504654.92191124,22.441456582162324,True
425700.0,5.916348975820169e-06,5.9977137425448745e-06,2.13787920699815e-06,1.195277824997902,39439131.09501366,23.10598263694345,True
426000.0,6.055983686281968e-06,6.133722024515009e-06,2.269600773985303e-06,1.1531015187501907,39376674.772262596,23.742012830873552,True
426300.0,6.194095622585342e-06,6.263423131258605e-06,2.4093095589705626e-06,1.10924731194973,39317330.94781431,24.348587900417595,True
426600.0,6.328640526220054e-06,6.38513614603653e-06,2.5539261905294097e-06,1.0661373063921928,39261140.24860027,24.92477977125884,True
426900.0,6.46213093512599e-06,6.500145985910422e-06,2.7057049152290347e-06,1.0202962905168533,39208138.868884064,25.46969775781943,True
427200.0,6.5920025866497755e-06,6.605708108509134e-06,2.8625155366057697e-06,0.9750551581382751,39158358.49326573,25.982494942373823,True
427500.0,6.719063705512915e-06,6.702061540408977e-06,3.024467897461136e-06,0.9298436790704727,39111826.254106544,26.462374617031255,True
427800.0,6.844113429094496e-06,6.789282252839257e-06,3.1919431897620143e-06,0.8826218545436859,39068564.68712753,26.908596724613346,True
428100.0,6.9666500784250565e-06,6.866185543685788e-06,3.3646312047608262e-06,0.8346447348594666,39028591.69623854,27.320484191154588,True
428400.0,7.086124538678962e-06,6.932284094318675e-06,3.541016315722345e-06,0.7872271910309792,38991920.53812946,27.697429046114376,True
428700.0,7.2017142835482466e-06,6.986468434888593e-06,3.7201470775016787e-06,0.7393584698438644,38958559.817916825,28.038898219695994,True
429000.0,7.3156132432678e-06,7.029368191524554e-06,3.904358997885993e-06,0.6902326866984367,38928513.49186549,28.34443890848738,True
429300.0,7.424754401981379e-06,7.059299520051354e-06,4.089311087085434e-06,0.6413043662905693,38901780.88260351,28.613683414934492,True
429600.0,7.533102425425177e-06,7.0777608698335825e-06,4.2794251200461986e-06,0.5920915752649307,38878356.712576956,28.846353319958922,True
429900.0,7.636266351446852e-06,7.082741376507329e-06,4.468734502438565e-06,0.5419847518205643,38858231.14339652,29.042262955281082,True
430200.0,7.737612818495485e-06,7.075567339143163e-06,4.660846144588504e-06,0.4921623691916466,38841389.826826416,29.201322020963744,True
430500.0,7.83559850317298e-06,7.0557832430040435e-06,4.853147025585258e-06,0.44195787608623505,38827813.97286551,29.323537358105373,True
430800.0,7.929031565677804e-06,7.022999312766842e-06,5.04378060739441e-06,0.3911174610257149,38817480.42322045,29.40901377171314,True
431100.0,8.021500625508262e-06,6.9790818599813065e-06,5.236117594620282e-06,0.3405753821134567,38810361.737228386,29.457953903096712,True
431400.0,8.108933351160176e-06,6.921655739233756e-06,5.426007444242487e-06,0.2894412875175476,38806426.292169616,29.470657162230445,True
431700.0,8.193638887203633e-06,6.853422746644355e-06,5.614146836308009e-06,0.23885826021432877,38805638.386896834,29.447517695471113,True
432000.0,8.274627861300923e-06,6.772348626782332e-06,5.800863778659959e-06,0.18803107738494873,38807958.363022596,29.389021470412395,True
432300.0,8.429335263670879e-06,6.898696426560491e-06,5.903958189890091e-06,-0.15405616909265518,38813343.01953914,29.29574259737436,True
432600.0,8.492430124087874e-06,6.796170225698006e-06,6.074929039812105e-06,-0.21697549521923065,38821744.596605144,29.168338482854985,True
432900.0,8.549721523898587e-06,6.682897662813048e-06,6.240094027276655e-06,-0.27955567836761475,38833112.62919927,29.007545091236707,True
433200.0,8.602904756767932e-06,6.561343354860583e-06,6.39994923545828e-06,-0.3418942913413048,38847392.9700004,28.814170872618675,True
433500.0,8.652237980492408e-06,6.431407371110254e-06,6.555132785024398e-06,-0.40421516448259354,38864528.225932814,28.589090603766397,True
433800.0,8.695853174357354e-06,6.292395738682899e-06,6.703878831615384e-06,-0.46667395532131195,38884457.921911694,28.333238810406232,True
434100.0,8.735925352261542e-06,6.148864684973887e-06,6.845951286749141e-06,-0.528487429022789,38907118.669515945,28.04760294998488,True
434400.0,8.771253969058338e-06,5.997857329020917e-06,6.982194303617462e-06,-0.5908730775117874,38932444.34440815,27.733216476845794,True
434700.0,8.801328408776243e-06,5.842098090624859e-06,7.1103567265140555e-06,-0.6522970870137215,38960366.26032912,27.39115189423421,True
435000.0,8.82735952905211e-06,5.68170133874446e-06,7.232172254845182e-06,-0.7142508029937744,38990813.35721402,27.022513874791333,True
435300.0,8.849946362653577e-06,5.5190691341522324e-06,7.347137650270952e-06,-0.7756837531924248,39023712.380889125,26.62843256046947,True
435600.0,8.867098362599499e-06,5.35228912212915e-06,7.454294479458667e-06,-0.8356135040521622,39058988.07320689,26.210057095397026,True
435900.0,8.879773640193909e-06,5.184210607467321e-06,7.5533971610752815e-06,-0.896033450961113,39096563.36408919,25.768549462910123,True
436200.0,8.889617999481963e-06,5.015038709643704e-06,7.646554436746555e-06,-0.9567885622382164,39136359.556511655,25.30507867582312,True
436500.0,8.892857278198254e-06,4.843036776946974e-06,7.730528601257447e-06,-1.015898883342743,39178296.51728873,24.820815367740455,True
436800.0,8.892864715258948e-06,4.672518684856186e-06,7.807217514255171e-06,-1.0753609612584114,39222292.87309097,24.316926784304204,True
437100.0,8.889378010122736e-06,4.502685726492928e-06,7.876996328093355e-06,-1.1341520100831985,39268266.192841396,23.794572225469096,True
437400.0,8.880394886744893e-06,4.3323227316705015e-06,7.938400216289665e-06,-1.191502571105957,39316133.17900622,23.254898921519743,True
437700.0,8.86768984577528e-06,4.16320645513224e-06,7.99278508623047e-06,-1.2485715374350548,39365809.855387434,22.699038342063087,True
438000.0,8.851726049774817e-06,3.9976002597086335e-06,8.039882647636887e-06,-1.3057337328791618,39417211.74813167,22.128102942875195,True
438300.0,8.829804120145793e-06,3.831818730759551e-06,8.078515005394138e-06,-1.361837513744831,39470254.06584382,21.543183321346064,True
438600.0,8.805291590794551e-06,3.6684871815850784e-06,8.111419997902658e-06,-1.4167904257774353,39524851.87972755,20.945345761992357,True
438900.0,8.775334722282851e-06,3.507258469426233e-06,8.135797745723039e-06,-1.4709497615695,39580920.296821855,20.335630167418238,True
439200.0,8.741820220713187e-06,3.3488414032945e-06,8.153583230807726e-06,-1.5256783962249756,39638374.63031878,19.71504831529383,True
439500.0,8.704853229993913e-06,3.1946002252425387e-06,8.16455862562293e-06,-1.5783089399337769,39697130.5598606,19.084582451303987,True
439800.0,8.663956668063253e-06,3.0420136170050682e-06,8.1692518314469e-06,-1.6306758150458336,39757104.300662115,18.4451841634692,True
440100.0,8.618948505705403e-06,2.8928606923273037e-06,8.16697544081535e-06,-1.6825071573257446,39818212.75246639,17.79777352476066,True
440400.0,8.569812961410994e-06,2.7463135836569563e-06,8.15810999910127e-06,-1.732345886528492,39880373.65074912,17.143238467653347,True
440700.0,8.51663986575571e-06,2.6044248784273805e-06,8.142244457332026e-06,-1.7824351638555527,39943505.71638147,16.482434372641066,True
441000.0,8.459920936887908e-06,2.4644237157644966e-06,8.120839684266912e-06,-1.8304434716701508,40007528.786429465,15.816183836900274,True
441300.0,8.40010326007987e-06,2.3292669197871874e-06,8.093614621174083e-06,-1.877411849796772,40072363.955301516,15.14527661020692,True
441600.0,8.335054463490998e-06,2.196840341639472e-06,8.059055174314267e-06,-1.924089290201664,40137933.69826446,14.470469665620737,True
441900.0,8.266996649081168e-06,2.067546517992014e-06,8.019442065076987e-06,-1.9696074202656746,40204161.99115872,13.792487384153445,True
442200.0,8.196625800199202e-06,1.9414653138483118e-06,7.975548120597864e-06,-2.0145400762557983,40270974.428259544,13.112021849633503,True
442500.0,8.122037269501e-06,1.8202765375008312e-06,7.925123991725513e-06,-2.0574249252676964,40338298.32728476,12.429733222754338,True
442800.0,8.042493497079483e-06,1.7004099106543435e-06,7.868299588764671e-06,-2.0998180955648422,40406062.83656327,11.746250175993813,True
443100.0,7.961565193534851e-06,1.5865234672673978e-06,7.807824971450827e-06,-2.1406329870224,40474199.025077485,11.062170387947253,True
443400.0,7.875699834667593e-06,1.4726089432315348e-06,7.741346395917503e-06,-2.180202528834343,40542639.97579803,10.378061087920113,True
443700.0,7.787650001889134e-06,1.3643044098898827e-06,7.670654918356945e-06,-2.218840792775154,40611320.867081806,9.694459615364885,False
444000.0,7.696160629365073e-06,1.2588689060066827e-06,7.595065550702884e-06,-2.2556898072361946,40680179.04792848,9.011874017916297,False
444300.0,7.601387536995781e-06,1.1561423320927133e-06,7.514817850662325e-06,-2.2914143726229668,40749154.11068157,8.330783654322257,False
444600.0,7.502974563041229e-06,1.056948889299747e-06,7.42948800080967e-06,-2.3268220722675323,40818187.953285515,7.651639810659712,False
444900.0,7.402707808857341e-06,9.608501727598195e-07,7.341012469019859e-06,-2.3592944592237473,40887224.83303088,6.974866314682005,False
445200.0,7.298860051679316e-06,8.676531138007704e-07,7.247730941628561e-06,-2.3916918337345123,40956211.42650487,6.300860157328946,False
445500.0,7.1923642697774626e-06,7.773688253109867e-07,7.1506375611818385e-06,-2.422463871538639,41025096.86454386,5.629992096524039,False
445800.0,7.082120364217717e-06,6.900648941154941e-07,7.048673825948981e-06,-2.452189989387989,41093832.777482994,4.96260726354376,False
446100.0,6.971210030361105e-06,6.060729447199265e-07,6.944962847477143e-06,-2.4802658185362816,41162373.32449825,4.299025747881694,False
446400.0,6.85552051611105e-06,5.245474596904387e-07,6.835504390068081e-06,-2.506166160106659,41230675.22155491,3.639543187553379,False
446700.0,6.738049240109353e-06,4.4602336402022047e-07,6.723310938205884e-06,-2.5321871042251587,41298697.76495558,2.984431320872634,False
447000.0,6.617580393701065e-06,3.6949191439816786e-07,6.607274204206703e-06,-2.5555220544338226,41366402.838436335,2.333938549927384,False
447300.0,6.495706651020666e-06,2.956097375772515e-07,6.48898263477804e-06,-2.5776995345950127,41433754.93193736,1.6882904724717163,False
447600.0,6.371058243953236e-06,2.2467366989076254e-07,6.367096808013173e-06,-2.5980715081095695,41500721.13883803,1.047690412944669,False
447900.0,6.243590914744935e-06,1.5677045439588255e-07,6.241622529878921e-06,-2.6182906851172447,41567271.15870076,0.4123199309060527,False
448200.0,6.115248378676965e-06,9.014985380417784e-08,6.114583866179135e-06,-2.63570074737072,41633377.283554226,-0.21766067870528805,False
448500.0,5.98324253242868e-06,2.6207118253296358e-08,5.983185149882608e-06,-2.6527020782232285,41699014.39488916,-0.8421118884458741,False
448800.0,5.850504390360012e-06,-3.4874801713158377e-08,5.8504005127080205e-06,-2.6678328588604927,41764159.937218405,-1.460914467993719,False
449100.0,5.715654114351363e-06,-9.427583336218959e-08,5.714877572060573e-06,-2.6813344061374664,41828793.90108496,-2.0739690009440936,False
449400.0,5.578869949797035e-06,-1.5084515325725079e-07,5.5768347158036136e-06,-2.6937955990433693,41892898.79422858,-2.6811954238671607,False
449700.0,5.440096998877693e-06,-2.050018679256027e-07,5.436245705592313e-06,-2.7042072489857674,41956459.60736027,-3.282532562254515,False
450000.0,5.2998891952155205e-06,-2.5915758783412457e-07,5.293578186460479e-06,-2.7138841599226,42019463.78112215,-3.877937671895582,False
450300.0,5.158781037640014e-06,-3.0932937988836784e-07,5.149555091676916e-06,-2.7219115793704987,42081901.16001139,-4.467385980402318,False
450600.0,5.015724517087709e-06,-3.577333700377494e-07,5.003050189245073e-06,-2.728409394621849,42143763.94968579,-5.050870226241379,False
450900.0,4.8709052466965076e-06,-4.049205699629965e-07,4.854207902305063e-06,-2.73296145349741,42205046.66512361,-5.6284002006234966,False
451200.0,4.725277214973401e-06,-4.491961931307742e-07,4.704128085286641e-06,-2.736914709210396,42265746.07847112,-6.2000022819014715,False
451500.0,4.5785130603289425e-06,-4.928551504690404e-07,4.552279318836838e-06,-2.738942429423332,42325861.1561024,-6.7657189620015865,False
451800.0,4.4312309043030924e-06,-5.3488327012019e-07,4.399358895845751e-06,-2.7397179007530212,42385393.00087113,-7.325608371050298,False
452100.0,4.282675570153449e-06,-5.7580513157518e-07,4.244524705043773e-06,-2.739414371550083,42444344.78340549,-7.879743787653957,False
452400.0,4.132833681815632e-06,-6.138836852187524e-07,4.087977119482389e-06,-2.7383341938257217,42502721.67288821,-8.42821314445173,False
452700.0,3.9823851873329245e-06,-6.506031979824911e-07,3.930190825229829e-06,-2.7346678599715233,42560530.761464536,-8.971118519003594,False
453000.0,3.833263726644847e-06,-6.869087201266666e-07,3.7729224118265847e-06,-2.730402000248432,42617780.993442275,-9.508575614029958,False
453300.0,3.681591274104628e-06,-7.202993685950787e-07,3.6126242743961257e-06,-2.724785700440407,42674483.07884196,-10.040713216663015,False
453600.0,3.5320441428762213e-06,-7.536429222909646e-07,3.4534709705269506e-06,-2.7183800116181374,42730649.41447527,-10.56767266309973,False
453900.0,3.3804496136909957e-06,-7.857347270601167e-07,3.2913372987053435e-06,-2.7099482119083405,42786293.99496541,-11.08960725932801,False
454200.0,3.2297243762558616e-06,-8.16574981854501e-07,3.1291077817741098e-06,-2.7004679664969444,42841432.328151606,-11.606681717798756,False
454500.0,3.080311800950406e-06,-8.461240952328808e-07,2.9671451429180706e-06,-2.690889410674572,42896081.34166671,-12.11907155352896,False
454800.0,2.929690331163536e-06,-8.745844297664007e-07,2.8026308598327887e-06,-2.6787509098649025,42950259.285969794,-12.626962473170593,False
455100.0,2.7816857116064086e-06,-9.020540119308862e-07,2.6393306313821085e-06,-2.665974996984005,43003985.64632957,-13.130549758581664,False
455400.0,2.6344541263175846e-06,-9.28857787130255e-07,2.4749713443128485e-06,-2.6515035703778267,43057281.03759724,-13.630037612236869,False
455700.0,2.48936858982977e-06,-9.560844205225294e-07,2.3102601893754127e-06,-2.636339709162712,43110167.10951906,-14.125638508813664,False
456000.0,2.3461623375382625e-06,-9.808243248699e-07,2.1456306544820336e-06,-2.620388187468052,43162666.44216948,-14.617572519509434,False
456300.0,2.206210970705819e-06,-1.0068820586184302e-06,1.9805073137035833e-06,-2.6029585897922516,43214802.44356101,-15.106066624489701,False
456600.0,2.0682326481418206e-06,-1.030633967502581e-06,1.8144181961332606e-06,-2.5843063220381737,43266599.24700413,-15.59135401356218,False
456900.0,1.9366375324306866e-06,-1.0556719871601672e-06,1.6497131234416429e-06,-2.565362811088562,43318081.605570056,-16.073673375721054,False
457200.0,1.8083487222496992e-06,-1.0786703796838992e-06,1.4835906192445236e-06,-2.5448370948433876,43369274.78304535,-16.553268166288888,False
457500.0,1.6881210541242107e-06,-1.1023939237020386e-06,1.3186068166248788e-06,-2.523077666759491,43420204.45097736,-17.0303858819585,False
457800.0,1.5759996803723217e-06,-1.1251702289882815e-06,1.154257901703204e-06,-2.500397711992264,43470896.57972824,-17.505277307566807,False
458100.0,1.4744417169391587e-06,-1.148966759956238e-06,9.897572184058845e-07,-2.476502016186714,43521377.330393344,-17.97819576604072,False
458400.0,1.3849452339042106e-06,-1.1722757164989162e-06,8.255143306712398e-07,-2.4527814090251923,43571672.94957181,-18.44939636043518,False
458700.0,1.3100938736916287e-06,-1.1954992373830464e-06,6.613451191128661e-07,-2.426895447075367,43621809.65663345,-18.91913520755089,False
459000.0,1.2532542469134441e-06,-1.219180603584391e-06,4.980367442897204e-07,-2.3997404500842094,43671813.54380593,-19.3876686712738,False
459300.0,1.2165920246748799e-06,-1.2429148341652763e-06,3.368521923619028e-07,-2.3728815838694572,43721710.46738905,-19.85525259176345,False
459600.0,1.2016983299426435e-06,-1.2679251426561677e-06,1.742155539830037e-07,-2.345215044915676,43771525.93909238,-20.322141509299883,False
459900.0,1.2080259990128614e-06,-1.2920723975184956e-06,1.320665887760697e-08,-2.3153927996754646,43821285.024259165,-20.788587905980314,False
460200.0,1.236206176991993e-06,-1.3170742363399768e-06,-1.4659678271300436e-07,-2.2853373885154724,43871012.24253464,-21.25484142835405,False
460500.0,1.2843960672887819e-06,-1.3430043850348738e-06,-3.0504646275630876e-07,-2.2542851269245148,43920731.460648105,-21.72114812839981,False
460800.0,1.3495838135725064e-06,-1.3688065223504964e-06,-4.6362849914771687e-07,-2.2225875183939934,43970465.79676728,-22.187749703812905,False
461100.0,1.4297817301053093e-06,-1.3959676152808242e-06,-6.202172500024972e-07,-2.1902485713362694,44020237.5216305,-22.654882752741415,False
461400.0,1.5231011601909012e-06,-1.4254339077979239e-06,-7.754481572419536e-07,-2.1569819226861,44070067.963465676,-23.122778025239562,False
461700.0,1.6244517706014953e-06,-1.4538628079208138e-06,-9.293470633053857e-07,-2.1224174723029137,44119977.41554657,-23.591659694043155,False
462000.0,1.7336070275505183e-06,-1.4836592754363664e-06,-1.0817001800944581e-06,-2.087216317653656,44169985.04736367,-24.06174463232254,False
462300.0,1.849182383457963e-06,-1.5153191270655952e-06,-1.2325447862338024e-06,-2.051805943250656,44220108.81633364,-24.533241703055815,False
462600.0,1.969148290055651e-06,-1.5486395454900048e-06,-1.3812359505038785e-06,-2.015087716281414,44270365.38260612,-25.006351062449426,False
462900.0,2.0924132629853527e-06,-1.5825716275230661e-06,-1.5287948471609525e-06,-1.977586142718792,44320770.031638645,-25.48126347345069,False
463200.0,2.2170695411082308e-06,-1.6167235230568622e-06,-1.6740341237664325e-06,-1.9391564428806305,44371336.59484822,-25.958159639443185,False
463500.0,2.3449420410273737e-06,-1.6548932535442873e-06,-1.817398018744143e-06,-1.901181660592556,44422077.37845737,-26.43720954461466,False
463800.0,2.4726717064260107e-06,-1.6926807973050018e-06,-1.958616493880072e-06,-1.8609251379966736,44473003.08837568,-26.91857181514813,False
464100.0,2.6017841099369553e-06,-1.7331733488390455e-06,-2.098015396967412e-06,-1.82088303565979,44524122.774129294,-27.40239309146615,False
464400.0,2.7298834115678627e-06,-1.7751520999809145e-06,-2.233956866604103e-06,-1.7804836332798004,44575443.75934167,-27.8888074189379,False
464700.0,2.8584528301171646e-06,-1.8195958659816824e-06,-2.3680688308047593e-06,-1.7391105890274048,44626971.58788864,-28.37793564508064,False
465000.0,2.986143909422493e-06,-1.8656332656519226e-06,-2.499570570080323e-06,-1.697390228509903,44678709.97280261,-28.869884841439912,False
465300.0,3.1130227522715465e-06,-1.9131384192405676e-06,-2.628863057907438e-06,-1.6549067348241806,44730660.74621207,-29.364747729279863,False
465600.0,3.2398971246541913e-06,-1.964478769878042e-06,-2.7558206312505718e-06,-1.6122001931071281,44782823.818281695,-29.862602122740807,False
465900.0,3.3638610466209616e-06,-2.0168829735212057e-06,-2.87873761095625e-06,-1.5683340057730675,44835197.13653644,-30.36351038240733,False
466200.0,3.4876261703757228e-06,-2.0728244862766587e-06,-2.999651414370419e-06,-1.5243446230888367,44887776.65596614,-30.867518872268995,False
466500.0,3.6088872799385464e-06,-2.130630576857584e-06,-3.1168848053653164e-06,-1.4808673784136772,44940556.3082749,-31.37465743774298,False
466800.0,3.728210892292072e-06,-2.190740872265451e-06,-3.230987832836263e-06,-1.4354744851589203,44993527.97586709,-31.88493887690321,False
467100.0,3.8455899051563515e-06,-2.2535269295076432e-06,-3.341871206430369e-06,-1.3901129588484764,45046681.48099979,-32.39835842527914,False
467400.0,3.961785675672533e-06,-2.3198434746518615e-06,-3.4500940770954003e-06,-1.344812773168087,45100004.566299334,-32.91489323924625,False
467700.0,4.074514880745488e-06,-2.3892815477211116e-06,-3.553316410886964e-06,-1.2994444817304611,45153482.888435476,-33.43450188484348,False
468000.0,4.18568680176659e-06,-2.4605650992270967e-06,-3.654391726115591e-06,-1.253808207809925,45207100.01523296,-33.95712381324423,False
468300.0,4.2939681000440565e-06,-2.535315957175044e-06,-3.7510893591274908e-06,-1.206871286034584,45260837.42702385,-34.48267885049645,False
468600.0,4.401425114035804e-06,-2.613928131722787e-06,-3.8456503261841135e-06,-1.1605986654758453,45314674.52765482,-35.01106666083451,False
468900.0,4.505460371097464e-06,-2.696906136634425e-06,-3.934921409154413e-06,-1.1141956448554993,45368588.65092662,-35.54216622028194,False
469200.0,4.605996397350997e-06,-2.7811973382085853e-06,-4.0202341224926386e-06,-1.0670109689235687,45422555.080656916,-36.075835258811786,False
469500.0,4.704702869913702e-06,-2.870454466119554e-06,-4.101874523598781e-06,-1.0205940753221512,45476547.0747916,-36.61190970368086,False
469800.0,4.8007026286120536e-06,-2.9635159535246203e-06,-4.1793897054276385e-06,-0.9727708846330643,45530535.886345625,-37.150203100213034,False
470100.0,4.894738514399598e-06,-3.061221718780871e-06,-4.253274376253557e-06,-0.9252338781952858,45584490.802576065,-37.69050601214833,False
470400.0,4.985250429772981e-06,-3.1619270544069877e-06,-4.322488670993607e-06,-0.8783792480826378,45638379.176013336,-38.23258540494254,False
470700.0,5.072922924907748e-06,-3.267104318638303e-06,-4.3871619510582605e-06,-0.831885315477848,45692166.46572821,-38.776184000774386,False
471000.0,5.158097243261475e-06,-3.3770381548947626e-06,-4.447560620235436e-06,-0.784780241549015,45745816.28245474,-39.32101961264046,False
471300.0,5.240462353940053e-06,-3.491164363822463e-06,-4.50357680392699e-06,-0.7372468635439873,45799290.43968028,-39.866784452201074,False
471600.0,5.319258827478547e-06,-3.60948868660671e-06,-4.554312525328896e-06,-0.6903247013688087,45852549.006716035,-40.41314441128775,False
471900.0,5.396489396765704e-06,-3.733352230028686e-06,-4.601472518572791e-06,-0.6432646960020065,45905550.36334919,-40.959738313551064,False
472200.0,5.469531475155233e-06,-3.860525396248704e-06,-4.642993907566506e-06,-0.5968891382217407,45958251.264266945,-41.50617715086989,False
472500.0,5.541210161736978e-06,-3.994151825281733e-06,-4.680706645388e-06,-0.5501812547445297,46010606.90030836,-42.05204328280768,False
472800.0,5.609442309401479e-06,-4.132787978505803e-06,-4.712785312221968e-06,-0.5035976469516754,46062570.96986181,-42.59688963165533,False
473100.0,5.674015336422977e-06,-4.2761668055391056e-06,-4.739043653501085e-06,-0.45700351148843765,46114095.74812835,-43.14023884975513,False
473400.0,5.735733407284106e-06,-4.424484529863548e-06,-4.760284276983384e-06,-0.4116452559828758,46165132.163480766,-43.68158248431802,False
473700.0,5.795573557464201e-06,-4.579933658988011e-06,-4.77654651120929e-06,-0.3659259304404259,46215629.87049568,-44.22038014326591,False
474000.0,5.852195652904437e-06,-4.739870632874954e-06,-4.7874165076677855e-06,-0.3199239894747734,46265537.33440845,-44.756058669544345,False
474300.0,5.906210908474345e-06,-4.905323777393278e-06,-4.793034541705765e-06,-0.27448874711990356,46314801.91263061,-45.28801133841232,False
474600.0,5.95620996047929e-06,-5.0745410362651455e-06,-4.792438481615591e-06,-0.2300051525235176,46363369.9382284,-45.81559709707762,False
474900.0,6.0051550742730775e-06,-5.251735956335324e-06,-4.787006936624039e-06,-0.18510694056749344,46411186.805446126,-46.338139858094834,False
475200.0,6.049945473751222e-06,-5.433367164187075e-06,-4.774534581031276e-06,-0.14045678079128265,46458197.06219785,-46.854927883677476,False
475500.0,6.091777189221118e-06,-5.620449400112193e-06,-4.755794414279535e-06,-0.09598642587661743,46504344.49772589,-47.365213265545,False
475800.0,6.131888048805375e-06,-5.813772219198654e-06,-4.7317301010707524e-06,-0.05261215567588806,46549572.236248374,-47.868211552689296,False
476100.0,6.168862423135554e-06,-6.011047872789277e-06,-4.701546195917672e-06,-0.008827663958072662,46593822.8268068,-48.36310155155711,False
476400.0,6.202873141324242e-06,-6.214111522240273e-06,-4.664155369482614e-06,0.034157611429691315,46637038.34279265,-48.84902533527675,False
476700.0,6.234316826430424e-06,-6.421802424938505e-06,-4.620408333266823e-06,0.07688722014427185,46679160.4728149,-49.32508850786362,False
477000.0,6.262817332423412e-06,-6.633523241816874e-06,-4.569790263531104e-06,0.12001020461320877,46720130.61844903,-49.790360777127475,False
477300.0,6.288436428358664e-06,-6.848040072782169e-06,-4.512727244332382e-06,0.16209766268730164,46759889.993108965,-50.243876876117234,False
477600.0,6.312060461764443e-06,-7.0666027909283e-06,-4.449240506687602e-06,0.20440644025802612,46798379.71438444,-50.684637896173626,False
477900.0,6.332740609352697e-06,-7.288639835678623e-06,-4.377811315237068e-06,0.24601417779922485,46835540.90624964,-51.11161308327597,False
478200.0,6.350128264314989e-06,-7.5106211170350434e-06,-4.299636039206689e-06,0.28716573864221573,46871314.7931386,-51.5237421483144,False
478500.0,6.365199524932087e-06,-7.734625313560173e-06,-4.214122924395269e-06,0.3279201462864876,46905642.79863819,-51.91993815959927,False
478800.0,6.377313348328798e-06,-7.957873378927616e-06,-4.121501390841331e-06,0.3689694404602051,46938466.64177316,-52.29909105189803,False
479100.0,6.387779347610014e-06,-8.18180549799763e-06,-4.02196390325571e-06,0.40968992561101913,46969728.435673684,-52.66007180591985,False
479400.0,6.395010647859992e-06,-8.40195554019374e-06,-3.915457440939463e-06,0.4497920721769333,46999370.78211646,-53.00173732744059,False
479700.0,6.399124905658823e-06,-8.618353945166746e-06,-3.8012074909943294e-06,0.49023502320051193,47027336.86613558,-53.32293604669833,False
480000.0,6.401243276984213e-06,-8.829734326809557e-06,-3.6810865253755765e-06,0.5296948552131653,47053570.554283075,-53.622514236350156,False
480300.0,6.400333650300073e-06,-9.035137622959155e-06,-3.5530297211039397e-06,0.5691206678748131,47078016.483878866,-53.89932304313445,False
480600.0,6.3964873052184164e-06,-9.232138552306424e-06,-3.4180648711412687e-06,0.6078360751271248,47100620.15967345,-54.15222616653649,False
480900.0,6.390125947212707e-06,-9.418725966270358e-06,-3.277626397846234e-06,0.6466148197650909,47121328.04238038,-54.380108137288936,False
481200.0,6.381473440068626e-06,-9.594799678325217e-06,-3.131035562375928e-06,0.6848351135849953,47140087.641866066,-54.58188308605388,False
481500.0,6.3711177678698245e-06,-9.759837581668762e-06,-2.978659445318499e-06,0.7241136655211449,47156847.602493465,-54.756503867083026,False
481800.0,6.357316261104164e-06,-9.908997981256107e-06,-2.8206706730316e-06,0.7616689056158066,47171557.79727356,-54.90297138834469,False
482100.0,6.340184830695953e-06,-1.0040234940333903e-05,-2.6584417938124716e-06,0.799340195953846,47184169.40480671,-55.02034395644873,False
482400.0,6.3211433941141385e-06,-1.0156431812902156e-05,-2.4905182414158844e-06,0.8367583975195885,47194635.000432275,-55.10774643867073,False
482700.0,6.298518896551794e-06,-1.0251360237134577e-05,-2.3196299352434835e-06,0.8745220601558685,47202908.63565168,-55.164379005619914,False
483000.0,6.274186100705503e-06,-1.0327827169476222e-05,-2.145967009425931e-06,0.9104686677455902,47208945.92265969,-55.18952525376997,False
483300.0,6.2476256154297764e-06,-1.0384181564404571e-05,-1.969751735941827e-06,0.9479565694928169,47212704.104997225,-55.18255946369825,False
483600.0,6.2173127751310614e-06,-1.0416917973543605e-05,-1.791575655829547e-06,0.9840548262000084,47214142.146361835,-55.142952799606995,False
483900.0,6.185034341332334e-06,-1.0428985262933566e-05,-1.6117645529334368e-06,1.019844301044941,47213220.7953104,-55.07027826874664,False
484200.0,6.149551568005188e-06,-1.041732883777513e-05,-1.4321482595391899e-06,1.0561517477035522,47209902.66247432,-54.964214292870416,False
484500.0,6.112130567004294e-06,-1.0384647566752392e-05,-1.252560203113262e-06,1.0910062193870544,47204152.29394341,-54.82454679859146,False
484800.0,6.071578546148451e-06,-1.0328943147897007e-05,-1.0739622027244877e-06,1.126609019935131,47195936.23297668,-54.65116976328706,False
485100.0,6.028769931873376e-06,-1.0252189724724303e-05,-8.973074869800257e-07,1.1618793532252312,47185223.09393039,-54.444084228033056,False
485400.0,5.982886256711921e-06,-1.0153740021223712e-05,-7.231662593198962e-07,1.1961676552891731,47171983.62276711,-54.20339582476324,False
485700.0,5.934746881958643e-06,-1.0035785521722573e-05,-5.532908318173213e-07,1.2301306650042534,47156190.758110404,-53.929310916779734,False
486000.0,5.883441887132586e-06,-9.89827674402477e-06,-3.862953832367566e-07,1.264762096107006,47137819.69181182,-53.622131502538885,False
486300.0,5.829727255981923e-06,-9.743640191572922e-06,-2.228988549290989e-07,1.2978490889072418,47116847.929723874,-53.28224904274706,False
486600.0,5.773312899764364e-06,-9.572638020927116e-06,-6.555114850925747e-08,1.3315808698534966,47093255.338917345,-52.91013742496519,False
486900.0,5.714670922242295e-06,-9.387654984038818e-06,8.641998761049763e-08,1.3645178005099297,47067024.20810208,-52.50634527675225,False
487200.0,5.652649143084849e-06,-9.188286782091382e-06,2.3322106557088773e-07,1.396758072078228,47038139.29238227,-52.07148782954605,False
487500.0,5.588194958150895e-06,-8.977655568287446e-06,3.737142364457213e-07,1.428425170481205,47006587.86219295,-51.60623855323035,False
487800.0,5.5203547967507275e-06,-8.755768533319497e-06,5.077673606024291e-07,1.4603093266487122,46972359.747554936,-51.111320756533324,False
488100.0,5.451262202338206e-06,-8.527375882749766e-06,6.360912223613013e-07,1.491668462753296,46935447.38261429,-50.58749932187757,False
488400.0,5.37919334572194e-06,-8.291488086342724e-06,7.565799720055111e-07,1.5231532007455826,46895845.84247318,-50.03557272360634,False
488700.0,5.303646530075346e-06,-8.04863219627805e-06,8.698521014594007e-07,1.5527497231960297,46853552.88439066,-49.45636546541729,False
489000.0,5.226503494124609e-06,-7.802766504028114e-06,9.768656994424418e-07,1.5829186961054802,46808568.975147024,-48.850721015585094,False
489300.0,5.146635472043117e-06,-7.5536428312261705e-06,1.0763173605710108e-06,1.6125820726156235,46760897.33089146,-48.21949531675338,False
489600.0,5.0634110368507145e-06,-7.300937653553774e-06,1.1696320356691103e-06,1.6408229246735573,46710543.94257933,-47.56355092242161,False
489900.0,4.978901700451995e-06,-7.049182841001311e-06,1.2555949666648303e-06,1.6693880334496498,46657517.599879794,-46.88375176440567,False
490200.0,4.890918770707171e-06,-6.795786958946337e-06,1.3346747209652676e-06,1.6969017162919044,46601829.92061509,-46.180958574578696,False
490500.0,4.801045828465413e-06,-6.543666501102052e-06,1.4074967964461393e-06,1.7246128842234612,46543495.36587781,-45.45602493297084,False
490800.0,4.709188926182047e-06,-6.294168940712552e-06,1.4722507302167287e-06,1.751573033630848,46482531.26289599,-44.70979392227909,False
491100.0,4.613457660250874e-06,-6.0438065361267945e-06,1.5318420238941144e-06,1.7777613252401352,46418957.817095846,-43.943095365642286,False
491400.0,4.516582441597464e-06,-5.798171457627177e-06,1.584083271666259e-06,1.8032330498099327,46352798.125249825,-43.1567435805859,False
491700.0,4.416714395660286e-06,-5.554167330501514e-06,1.6306568895174678e-06,1.8279722407460213,46284078.18499221,-42.35153564051777,False
492000.0,4.314516954211709e-06,-5.3130500532461156e-06,1.6716837833996578e-06,1.8531237095594406,46212826.899987236,-41.52825006432573,False
492300.0,4.210571323590414e-06,-5.076134215187267e-06,1.7068388729057915e-06,1.8765865340828896,46139076.087726936,-40.68764590849263,False
492600.0,4.103981014458871e-06,-4.842442820063297e-06,1.7360235204932906e-06,1.9001995399594307,46062860.47268429,-39.83046220924809,False
492900.0,3.995316533890643e-06,-4.612568318407284e-06,1.7599585646621563e-06,1.922641083598137,45984217.690654464,-38.957417731649436,False
493200.0,3.884082862313904e-06,-4.3860553091690235e-06,1.7784626891170774e-06,1.9442919865250587,45903188.27798686,-38.069210982563206,False
493500.0,3.771730473415631e-06,-4.1641820871518576e-06,1.7928737605643619e-06,1.9656197652220726,45819815.66410072,-37.166520456355464,False
493800.0,3.657586461396424e-06,-3.946289268697001e-06,1.8027381116780816e-06,1.9858519285917282,45734146.16046347,-36.25000506911421,False
494100.0,3.5409658473620583e-06,-3.7315413408123277e-06,1.8078498840168322e-06,2.005271129310131,45646228.94264544,-35.320304761644614,False
494400.0,3.423204792391139e-06,-3.520426361092177e-06,1.8100616259175695e-06,2.024752162396908,45556116.03177344,-34.37804123821949,False
494700.0,3.3034002740782933e-06,-3.313822446671111e-06,1.8063553426372891e-06,2.0430829375982285,45463862.27478299,-33.4238188084312,False
495000.0,3.181729360068178e-06,-3.1095510166778695e-06,1.7997632113520012e-06,2.060749977827072,45369525.314727694,-32.45822533768776,False
495300.0,3.05971021097358e-06,-2.909410909524013e-06,1.790435501192178e-06,2.077579826116562,45273165.56369129,-31.481833250483863,False
495600.0,2.9365309755647147e-06,-2.7129355544275313e-06,1.7772341429633798e-06,2.0939037054777145,45174846.16857118,-30.495200601293718,False
495900.0,2.811762851264896e-06,-2.5182635852161184e-06,1.7612443130587963e-06,2.1094692051410675,45074632.975443624,-29.498872191324566,False
496200.0,2.687213288396669e-06,-2.327776030597306e-06,1.7423389770954145e-06,2.123248912394047,44972594.48929321,-28.49338071123312,False
496500.0,2.5619632082285068e-06,-2.138714705779421e-06,1.7214674521426332e-06,2.1374892964959145,44868801.82569588,-27.479247913325814,False
496800.0,2.437434467046336e-06,-1.953989709591042e-06,1.6973135466002987e-06,2.1507912427186966,44763328.66959452,-26.456985794378575,False
497100.0,2.3127087322795114e-06,-1.7694766825115948e-06,1.6717621669215532e-06,2.1626013964414597,44656251.21872002,-25.427097797433447,False
497400.0,2.1900854336869115e-06,-1.589399175827566e-06,1.643491096103844e-06,2.173535995185375,44547648.1271669,-24.390080007034715,False
497700.0,2.069620214687552e-06,-1.4096050335865584e-06,1.615050628345216e-06,2.184556007385254,44437600.44603672,-23.34642235944502,False
498000.0,1.9513856902979515e-06,-1.231502125165207e-06,1.5841767222468661e-06,2.1936552971601486,44326191.562421344,-22.2966098356507,False
498300.0,1.836729951163887e-06,-1.0557490952578519e-06,1.5508933728369811e-06,2.2026011049747467,44213507.1241218,-21.24112366648929,False
498600.0,1.728374810440457e-06,-8.811465193048207e-07,1.5176500554048289e-06,2.2101003155112267,44099634.973667145,-20.180442525517222,False
498900.0,1.6268406239788776e-06,-7.063656539685326e-07,1.4836315749278128e-06,2.2168347910046577,43984665.066131346,-19.115043709589276,False
499200.0,1.5349692446337674e-06,-5.333260446604982e-07,1.4487883923663958e-06,2.2229873314499855,43868689.390071705,-18.045404321893276,False
499500.0,1.4553938582450096e-06,-3.6145456761005335e-07,1.4137376993517137e-06,2.2278376668691635,43751801.88195994,-16.972002443045323,False
499800.0,1.3900216443157474e-06,-1.8944308521895437e-07,1.3780288501408222e-06,2.231962740421295,43634098.33352775,-15.89531829236273,False
500100.0,1.3430139497182039e-06,-1.8265211565449135e-08,1.3428978586915719e-06,2.2349892929196358,43515676.299041465,-14.815835385150539,False
500400.0,1.3144943938031774e-06,1.5248616591634345e-07,1.306121781396996e-06,2.23634185642004,43396634.9950342,-13.734041673344327,False
500700.0,1.3101546563737203e-06,3.2367540825362084e-07,1.2715204409374792e-06,2.237756095826626,43277075.193704836,-12.650430691725893,False
501000.0,1.329759058511714e-06,4.950957759319863e-07,1.2381405518624433e-06,2.2373571395874023,43157099.12017437,-11.565502674295209,False
501300.0,1.3705015674244735e-06,6.662326370587834e-07,1.2037828600597322e-06,2.2358592227101326,43036810.33304455,-10.47976567482274,False
501600.0,1.4348214258441438e-06,8.393631105718669e-07,1.1717298722402347e-06,2.2329966127872467,42916313.6101627,-9.393736679554472,False
501900.0,1.5171114062069906e-06,1.0122600997419795e-06,1.1394515873064393e-06,2.2295316457748413,42795714.824274234,-8.307942689646826,False
502200.0,1.6181662013574703e-06,1.1859742983233446e-06,1.110928171677017e-06,2.2242835015058517,42675120.81916224,-7.222921813401742,False
502500.0,1.7323982110119032e-06,1.3605929893856228e-06,1.0822028215784485e-06,2.21867872774601,42554639.27383156,-6.139224315901754,False
502800.0,1.8598233376465566e-06,1.5370889059340698e-06,1.0557750371731345e-06,2.211539141833782,42434378.572099,-5.057413679149403,False
503100.0,1.9971099482977736e-06,1.7136161716280185e-06,1.0325214625517276e-06,2.2035201638936996,42314447.658271894,-3.9780676183067243,False
503400.0,2.143544814371941e-06,1.8926226630355814e-06,1.0109123138590803e-06,2.1930583491921425,42194955.897172585,-2.901779080085323,False
503700.0,2.2965333218755708e-06,2.0721831219816522e-06,9.92218294193492e-07,2.182065173983574,42076012.92040833,-1.8291572175330497,False
504000.0,2.4562250286911853e-06,2.254047728911246e-06,9.76322775736449e-07,2.169596314430237,41957728.480818465,-0.7608283206059246,False
504300.0,2.6210122980915248e-06,2.437304829072673e-06,9.640624166196154e-07,2.1559287160634995,41840212.292849764,0.30256328765898755,False
504600.0,2.7905117851412433e-06,2.6227868943351496e-06,9.548936965586563e-07,2.140698567032814,41723573.87541568,1.360354407621187,False
504900.0,2.962960738256638e-06,2.8091171202504484e-06,9.497221236109965e-07,2.1237011700868607,41607922.38887263,2.411862170420509,False
505200.0,3.1379458496136955e-06,2.9969852732847357e-06,9.47327964961886e-07,2.106042303144932,41493366.468685105,3.4563833170193043,False
505500.0,3.3171122218489487e-06,3.187966967743705e-06,9.499863473649839e-07,2.087029129266739,41380014.06067886,4.493193543696751,False
505800.0,3.4979081943591435e-06,3.379956467597367e-06,9.576136044131545e-07,2.066068895161152,41267972.24893016,5.521546946301867,False
506100.0,3.679936558135517e-06,3.5731535206195986e-06,9.696217961874254e-07,2.0432647988200188,41157347.08294444,6.540675557051051,False
506400.0,3.864174795535804e-06,3.7685642269025266e-06,9.873890505218696e-07,2.0202584713697433,41048243.40294653,7.549788995290128,False
506700.0,4.048251702303109e-06,3.964240676168629e-06,1.010120431743644e-06,1.994806855916977,40940764.670193724,8.548074255178971,False
507000.0,4.2347338079191025e-06,4.162995054457497e-06,1.038249097362609e-06,1.9680098369717598,40835012.78382101,9.534695633282546,False
507300.0,4.421160348757759e-06,4.362493257303868e-06,1.0716277056843637e-06,1.9395501539111137,40731087.909309804,10.508794827324776,True
507600.0,4.6083287029153925e-06,4.5633495915353706e-06,1.1117178324582255e-06,1.9099431335926056,40629088.3000611,11.469491216710361,True
507900.0,4.795579861852262e-06,4.764947789226426e-06,1.1586388790618685e-06,1.87922003865242,40529110.12315073,12.415882354958404,True
508200.0,4.981237832213814e-06,4.965596730244215e-06,1.212265210881469e-06,1.845952682197094,40431247.28588495,13.34704468687166,True
508500.0,5.169282265422592e-06,5.169381211089785e-06,1.2731110228259013e-06,1.8120508939027786,40335591.25826923,14.262034517484832,True
508800.0,5.35541384012992e-06,5.372248978119387e-06,1.3390993540696172e-06,1.7761763781309128,40242230.909111135,15.159889259912685,True
509100.0,5.540155159727118e-06,5.573940825343016e-06,1.4129352940983608e-06,1.739075392484665,40151252.33303452,16.03962897061413,True
509400.0,5.7243756030902364e-06,5.774820124315738e-06,1.496069387485477e-06,1.700230211019516,40062738.68959713,16.90025821883359,True
509700.0,5.908301545597067e-06,5.975640732458487e-06,1.5859422184405503e-06,1.660822980105877,39976770.0401208,17.740768295142487,True
510000.0,6.089130230996845e-06,6.173032375045295e-06,1.6828291720116795e-06,1.6190198957920074,39893423.19683465,18.56013977253012,True
510300.0,6.2700408702773155e-06,6.36964028899456e-06,1.7884551404279136e-06,1.576139934360981,39812771.56637839,19.357345454933107,True
510600.0,6.447917389666701e-06,6.562275160604258e-06,1.9008639497997137e-06,1.5317411497235298,39734885.01024241,20.131353722133284,True
510900.0,6.624635143454407e-06,6.752024489742325e-06,2.0218326177712242e-06,1.4863405227661133,39659829.70403327,20.881132263454077,True
511200.0,6.799493370706531e-06,6.937817261132295e-06,2.1507838461332085e-06,1.4395325481891632,39587668.00839435,21.605652229225033,True
511500.0,6.970801795525689e-06,7.117050415672566e-06,2.2880942012193373e-06,1.3905401304364204,39518458.345128275,22.3038927730998,True
511800.0,7.140813289119898e-06,7.291569147582777e-06,2.4340290671887033e-06,1.341743253171444,39452255.07853815,22.97484598690128,True
512100.0,7.307670014612545e-06,7.459666733211634e-06,2.585905935603705e-06,1.2914594188332558,39389108.41625249,23.617522204132694,True
512400.0,7.472539299865418e-06,7.620937935826078e-06,2.746450331159167e-06,1.2392546907067299,39329064.30676691,24.23095562782407,True
512700.0,7.633049727351072e-06,7.771898225428231e-06,2.9154175962275986e-06,1.1862702667713165,39272164.35169727,24.81421026839942,True
513000.0,7.790561105366087e-06,7.914786777973859e-06,3.089672727440984e-06,1.1327800676226616,39218445.73097277,25.36638611276663,True
513300.0,7.946455435300817e-06,8.04926040132159e-06,3.271918743052993e-06,1.0778887569904327,39167941.13646387,25.886625459332095,True
513600.0,8.096969155954255e-06,8.171332609663295e-06,3.4593079405453864e-06,1.021400161087513,39120678.71437494,26.374119371384197,True
513900.0,8.24448108714954e-06,8.282094171363497e-06,3.6537395793345695e-06,0.9652184322476387,39076682.01935296,26.828114120267987,True
514200.0,8.389512380872858e-06,8.38156267946033e-06,3.85476087672032e-06,0.9073012322187424,39035969.98755555,27.247917561517955,True
514500.0,8.5299249021923e-06,8.4675983202942e-06,4.059949805679253e-06,0.8487074822187424,38998556.908346705,27.63290531584214,True
514800.0,8.666495384020908e-06,8.540418832581054e-06,4.269298958803347e-06,0.7886914536356926,38964452.41982303,27.982526650302223,True
515100.0,8.79905619341614e-06,8.598876632959218e-06,4.483036615710034e-06,0.729485347867012,38933661.50662761,28.296309960044084,True
515400.0,8.926990628688181e-06,8.642536556635605e-06,4.6994460909388636e-06,0.6687919944524765,38906184.52206965,28.57386773502206,True
515700.0,9.051293601456534e-06,8.671546339655833e-06,4.919210859100076e-06,0.6076920181512833,38882017.20682809,28.814900900901133,True
516000.0,9.172662498376096e-06,8.687195304446504e-06,5.140983194706905e-06,0.545675091445446,38861150.73245229,29.019202453509582,True
516300.0,9.288789367341287e-06,8.686907762012197e-06,5.36328791156393e-06,0.4833826646208763,38843571.74893713,29.186660287689005,True
516600.0,9.399340050489853e-06,8.669366820868163e-06,5.586498286191954e-06,0.42113764584064484,38829262.44810395,29.317259157944388,True
516900.0,9.506797889823714e-06,8.638828575158186e-06,5.809205269713402e-06,0.3584710881114006,38818200.63732852,29.41108172567078,True
517200.0,9.609785275723203e-06,8.593165887305076e-06,6.031241905901652e-06,0.2949208617210388,38810359.82303772,29.468308649945204,True
517500.0,9.707148688460286e-06,8.531065589068021e-06,6.251836687454215e-06,0.231247216463089,38805709.30447538,29.489217724165087,True
517800.0,9.800909450978584e-06,8.456166455061975e-06,6.4701230648722685e-06,0.16797472536563873,38804214.28042363,29.474182064087866,True
518100.0,9.88955448385582e-06,8.367127151132081e-06,6.6850876088153655e-06,0.10411258786916733,38805835.96557899,29.423667384570884,True
518400.0,9.973855289570986e-06,8.266080413932286e-06,6.895859890221345e-06,0.03999366611242294,38810531.712151445,29.338228418802068,True
518700.0,9.828706891103812e-06,7.838466871135097e-06,7.057077944239154e-06,-0.2240227311849594,38818255.34437659,29.218504598564415,True
519000.0,9.896113224954699e-06,7.71058654436274e-06,7.246463464838371e-06,-0.2972111105918884,38828956.509780645,29.065214824717238,True
519300.0,9.957715666774152e-06,7.570083852215248e-06,7.430802781982493e-06,-0.37109605222940445,38842582.00085316,28.87915204590301,True
519600.0,1.0015341079866436e-05,7.4227175730356976e-06,7.60821913203813e-06,-0.4445350542664528,38859075.13635592,28.661176972672187,True
519900.0,1.0067264784459605e-05,7.264824461117314e-06,7.779514319850023e-06,-0.517864927649498,38878376.118070774,28.412211589513255,True
520200.0,1.0112431444449949e-05,7.097912515519056e-06,7.942430112706234e-06,-0.5914964005351067,38900422.19774249,28.13323238521671,True
520500.0,1.015358300646026e-05,6.925780837718776e-06,8.098133054801337e-06,-0.6647661998867989,38925147.84936421,27.825263424417827,True
520800.0,1.018862153227671e-05,6.745397342911019e-06,8.24632825668914e-06,-0.7377208098769188,38952484.948808976,27.48936939067439,True
521100.0,1.0218988824609156e-05,6.561151138839705e-06,8.386226376444483e-06,-0.8104826658964157,38982362.95478562,27.12664868267415,True
521400.0,1.0242966468074805e-05,6.373257463110349e-06,8.515989250668099e-06,-0.8822580948472023,39014709.092507966,26.738226659840798,True
521700.0,1.0262936445249148e-05,6.181047069730994e-06,8.639217192296655e-06,-0.9542745798826218,39049448.543700695,26.325249106360125,True
522000.0,1.027731122127025e-05,5.986332013208084e-06,8.753221198531946e-06,-1.026383638381958,39086504.632024005,25.888876004318153,True
522300.0,1.0286238758945948e-05,5.789465490124712e-06,8.858291870694757e-06,-1.0970744714140892,39125799.01302215,25.430275629726236,True
522600.0,1.0288762851811506e-05,5.590642899733211e-06,8.953497765418206e-06,-1.1668764725327492,39167251.86794931,24.950619046610758,True
522900.0,1.0287158693940806e-05,5.393145386278775e-06,9.040067730836654e-06,-1.2373538985848427,39210782.09307281,24.451075007065953,True
523200.0,1.028139128502692e-05,5.195834091864526e-06,9.118826806542302e-06,-1.306334301829338,39256307.48451274,23.932805288875407,True
523500.0,1.0268310926204692e-05,4.996602456230903e-06,9.1874378007617e-06,-1.3747099488973618,39303744.93339992,23.396960473184496,True
523800.0,1.0251233030297557e-05,4.800897499990242e-06,9.247333974116145e-06,-1.442253515124321,39353010.60826247,22.844676151946516,True
524100.0,1.0228854487721419e-05,4.605613895591887e-06,9.29871137955729e-06,-1.5096146240830421,39404020.14130411,22.277069579026357,True
524400.0,1.0201947600578122e-05,4.413887410237294e-06,9.341290709841132e-06,-1.5758411809802055,39456688.80744387,21.695236733421055,True
524700.0,1.0169564350391504e-05,4.224281667575269e-06,9.37486800012266e-06,-1.6415857747197151,39510931.705833845,21.100249781893964,True
525000.0,1.0132491605534554e-05,4.036742382140801e-06,9.400497862799284e-06,-1.7062022313475609,39566663.931646116,20.493154917817545,True
525300.0,1.0090393885963025e-05,3.852487566291529e-06,9.41752460548173e-06,-1.769734539091587,39623800.74874874,19.874970556005604,True
525600.0,1.004356040628821e-05,3.670627677365701e-06,9.426750711583054e-06,-1.831987701356411,39682257.75510895,19.24668584654627,True
525900.0,9.992226126168995e-06,3.4929096273117466e-06,9.4279673490405e-06,-1.893381655216217,39741951.04530368,18.60925949183101,True
526200.0,9.935575981021113e-06,3.318899757687177e-06,9.42063242703739e-06,-1.9549476131796837,39802797.367206916,17.963618830201753,True
526500.0,9.873300209001765e-06,3.1483180293889745e-06,9.404665135548385e-06,-2.0136314406991005,39864714.26875743,17.310659161827434,True
526800.0,9.80849385934515e-06,2.982101278803384e-06,9.383166137411081e-06,-2.071935795247555,39927620.253607415,16.651243288377923,True
527100.0,9.738085134604133e-06,2.8184451537072164e-06,9.35356514908392e-06,-2.128558024764061,39991434.91210536,15.986201254530487,True
527400.0,9.66292770075602e-06,2.6601758236211026e-06,9.316082646648738e-06,-2.1850967407226562,40056079.062509485,15.316330238366836,True
527700.0,9.583280811835712e-06,2.5042435822797415e-06,9.271934530374892e-06,-2.2395373955368996,40121474.87299094,14.64239459575645,True
528000.0,9.500020459789586e-06,2.3537390347883047e-06,9.221331824349477e-06,-2.2922120541334152,40187545.98999628,13.965126027886118,True
528300.0,9.412254998814476e-06,2.206706682272852e-06,9.163958683444662e-06,-2.3443796411156654,40254217.65301132,13.285223850215209,True
528600.0,9.319470805506014e-06,2.0644625919885584e-06,9.09909064183978e-06,-2.3950454369187355,40321416.80126454,12.603355348397015,True
528900.0,9.222392638600328e-06,1.924700825384207e-06,9.028072552652588e-06,-2.444036290049553,40389072.180325076,11.920156202876415,True
529200.0,9.12177560378972e-06,1.7893489143716579e-06,8.951345511931663e-06,-2.4916433095932007,40457114.43886477,11.236230976075232,True
529500.0,9.01772272932897e-06,1.6588639937253902e-06,8.869034957115218e-06,-2.5382820069789886,40525476.21901018,10.552153640838492,True
529800.0,8.909840771883773e-06,1.5312772347897408e-06,8.7811917151015e-06,-2.582404263317585,40594092.23851005,9.868468143251029,False
530100.0,8.797599311018393e-06,1.4076219940761803e-06,8.687165616194648e-06,-2.6255520656704903,40662899.37361499,9.185688990947313,False
530400.0,8.681236792632352e-06,1.288579170477533e-06,8.587185165609412e-06,-2.667298786342144,40731836.72543484,8.504301855755257,False
530700.0,8.56114824205376e-06,1.1728720608061849e-06,8.481929489434492e-06,-2.7069579660892487,40800845.68668611,7.824764188005089,False
531000.0,8.437677314872727e-06,1.0603857276691997e-06,8.37182107638057e-06,-2.7450877726078033,40869870.001900755,7.1475058349957665,False
531300.0,8.310988854493913e-06,9.511625194136286e-07,8.257077174000926e-06,-2.781229220330715,40938855.81758781,6.472929657800707,False
531600.0,8.181292216391584e-06,8.45908374458304e-07,8.137892384851853e-06,-2.817213200032711,41007751.73174483,5.801412143173612,False
531900.0,8.04759864692265e-06,7.433782798216271e-07,8.013467204470714e-06,-2.8499465361237526,41076508.82669938,5.133304008781806,False
532200.0,7.91125766385072e-06,6.460657857587648e-07,7.884994038143134e-06,-2.8815100863575935,41145080.713190675,4.468930794332448,False
532500.0,7.77136901884091e-06,5.500152155946125e-07,7.751967131319759e-06,-2.910841964185238,41213423.55004746,3.8085934475503267,False
532800.0,7.6284335252334245e-06,4.5818634930583357e-07,7.614702768776738e-06,-2.9391954764723778,41281496.07174021,3.152568891023602,False
533100.0,7.4839303427840524e-06,3.699074682117498e-07,7.474800492790479e-06,-2.964724861085415,41349259.59925436,2.501110577591911,False
533400.0,7.336224424741866e-06,2.845910387350159e-07,7.330708121866536e-06,-2.9896790608763695,41416678.05786139,1.854449036971197,False
533700.0,7.185179573660213e-06,2.0173138182144612e-07,7.182348375156522e-06,-3.012084923684597,41483717.97377131,1.2127923998882972,False
534000.0,7.032236368640638e-06,1.2238299973432731e-07,7.031171471494346e-06,-3.033771052956581,41550348.48162102,0.5763269139331884,False
534300.0,6.876335863534476e-06,4.53280506462761e-08,6.876186463299072e-06,-3.052534855902195,41616541.310708396,-0.054782548572708326,False
534600.0,6.719300404330933e-06,-2.8612674896066892e-08,6.7192394922477305e-06,-3.0700352266430855,41682270.78166435,-0.6803920028786662,False
534900.0,6.559065662195547e-06,-9.968863423637231e-08,6.558308444759575e-06,-3.0857073366642,41747513.78397069,-1.3003778617569794,False
535200.0,6.396757764270807e-06,-1.685440338405897e-07,6.394539429521728e-06,-3.0991713628172874,41812249.756909676,-1.9146364673938123,False
535500.0,6.232263961216369e-06,-2.3370483859253e-07,6.227889046250823e-06,-3.1115061193704605,41876460.664432,-2.5230836185206127,False
535800.0,6.06685588325069e-06,-2.9708564852626296e-07,6.059599229057966e-06,-3.1218507811427116,41940130.96052417,-3.1256541093572827,False
536100.0,5.899757928094061e-06,-3.583546117624792e-07,5.888910497020561e-06,-3.130301646888256,42003247.55616154,-3.72230126605751,False
536400.0,5.730883232703909e-06,-4.167535507804132e-07,5.715795780680821e-06,-3.1370167434215546,42065799.77788169,-4.312996490696795,False
536700.0,5.560042767508227e-06,-4.728373141915654e-07,5.540047845364882e-06,-3.142142489552498,42127779.322715424,-4.897728801372295,False
537000.0,5.388234561156539e-06,-5.2597647481889e-07,5.3627362648356325e-06,-3.1461731791496277,42189180.20921181,-5.476504372696181,False
537300.0,5.215796870666762e-06,-5.781164134077699e-07,5.184016806047964e-06,-3.148142211139202,42249998.72208391,-6.049346068955213,False
537600.0,5.042142826984852e-06,-6.282971014570649e-07,5.003367630429523e-06,-3.1480536460876465,42310233.357013375,-6.616292974362538,False
537900.0,4.867234307154341e-06,-6.763536362086597e-07,4.820752704581821e-06,-3.14647126942873,42369884.758664355,-7.177399917329378,False
538200.0,4.690844800504454e-06,-7.215247137537517e-07,4.636038406502507e-06,-3.14368736743927,42428955.65446333,-7.732736984588062,False
538500.0,4.514826490000261e-06,-7.6562466233554e-07,4.4508022796208024e-06,-3.1399302184581757,42487450.785742305,-8.282389027928945,False
538800.0,4.339503045098357e-06,-8.081321993813617e-07,4.265393934943518e-06,-3.1332628577947617,42545376.833039545,-8.826455155143696,False
539100.0,4.163392412884362e-06,-8.48611648507358e-07,4.07832849802503e-06,-3.126171223819256,42602742.34669993,-9.365048211115335,False
539400.0,3.985942690769986e-06,-8.876832851001382e-07,3.888835554022307e-06,-3.1176063865423203,42659557.6596877,-9.898294248879958,False
539700.0,3.810029312816662e-06,-9.253178063772793e-07,3.6997502359525924e-06,-3.1072533577680588,42715834.80953682,-10.426331986997885,False
540000.0,3.634535155527518e-06,-9.625091195175628e-07,3.5095362864723256e-06,-3.095118500292301,42771587.4526854,-10.949312241315482,False
540300.0,3.4586461969582247e-06,-9.9703319733635e-07,3.3177476854717725e-06,-3.0817068442702293,42826830.77662665,-11.467397354894702,False
540600.0,3.285297652984571e-06,-1.0308365290256916e-06,3.1267148870028905e-06,-3.067060150206089,42881581.408310734,-11.980760608508485,False
540900.0,3.1130641913162822e-06,-1.0630902522734686e-06,2.934938601484305e-06,-3.0513463094830513,42935857.32165666,-12.489585606973911,False
541200.0,2.9421412837279423e-06,-1.09467413267339e-06,2.7419824188967823e-06,-3.0334795713424683,42989677.74082733,-12.994065661066225,False
541500.0,2.775014440653784e-06,-1.1255679055466317e-06,2.5500564522218383e-06,-3.0149717554450035,43043063.04664535,-13.494403150315144,False
541800.0,2.6099756058776946e-06,-1.155277118414233e-06,2.3569725957628407e-06,-2.99530565738678,43096034.67262336,-13.99080886164217,False
542100.0,2.448646621353304e-06,-1.1843214906548383e-06,2.163558985301961e-06,-2.973984658718109,43148615.00595009,-14.483501327356803,False
542400.0,2.2921719060840263e-06,-1.2129726201237645e-06,1.9700146989265477e-06,-2.9518213123083115,43200827.28618689,-14.972706137576688,False
542700.0,2.141137541673442e-06,-1.2401856679389311e-06,1.776423717458897e-06,-2.928770273923874,43252695.499176495,-15.45865524301726,False
543000.0,1.998404071743073e-06,-1.2670017781601928e-06,1.584115867814262e-06,-2.903723008930683,43304244.271782644,-15.941586245707743,False
543300.0,1.8645412704895667e-06,-1.294475168833742e-06,1.3909605875994657e-06,-2.8787743225693703,43355498.77017565,-16.421741671705124,False
543600.0,1.7422604646309211e-06,-1.3215171179581375e-06,1.1985984684770301e-06,-2.8516726717352867,43406484.585586295,-16.899368244929136,False
543900.0,1.6342512200678874e-06,-1.3486988450495119e-06,1.0069729192707655e-06,-2.8228431940078735,43457227.6341294,-17.37471613868618,False
544200.0,1.54205066782665e-06,-1.375235399336816e-06,8.15052555225293e-07,-2.794310323894024,43507754.048242174,-17.848038225087812,False
544500.0,1.4697563273472767e-06,-1.4016396505667217e-06,6.242454588800683e-07,-2.763950563967228,43558090.06338821,-18.319589320251517,False
544800.0,1.4200806890274025e-06,-1.428062432751176e-06,4.34557222206422e-07,-2.7326062694191933,43608261.917781256,-18.789625416786368,False
545100.0,1.3954307235191943e-06,-1.4554098015651107e-06,2.4381198571177265e-07,-2.7003675252199173,43658295.74166193,-19.25840291538968,False
545400.0,1.3969755974319618e-06,-1.4828711414338613e-06,5.604390906910339e-08,-2.6669361740350723,43708217.45127001,-19.726177863204825,False
545700.0,1.4232122923237382e-06,-1.509861988324701e-06,-1.3222494388287487e-07,-2.6323858872056007,43758052.644055136,-20.193205169215073,False
546000.0,1.474472901596249e-06,-1.5384930804884789e-06,-3.1898114016826185e-07,-2.5976098626852036,43807826.49464843,-20.659737847077388,False
546300.0,1.5474041386369709e-06,-1.5681647482779226e-06,-5.047461506535456e-07,-2.561743415892124,43857563.64911323,-21.12602623920368,False
546600.0,1.6373936905666894e-06,-1.5979910585883772e-06,-6.879664482539738e-07,-2.523786775767803,43907288.124930754,-21.592317257274246,False
546900.0,1.7425320487755532e-06,-1.6287593211927742e-06,-8.704778018397974e-07,-2.485814355313778,43957023.214336805,-22.058853617967728,False
547200.0,1.8599972787371415e-06,-1.660443672335532e-06,-1.0522174207494572e-06,-2.4465267583727837,44006791.379993536,-22.52587309615488,False
547500.0,1.986611705640445e-06,-1.6930406161463907e-06,-1.2319184676812256e-06,-2.4072258099913597,44056614.16530224,-22.993607780179953,False
547800.0,2.1211589912145383e-06,-1.7266494580781e-06,-1.4108843799931492e-06,-2.3661623522639275,44106512.09552946,-23.46228333339652,False
548100.0,2.2599644577677935e-06,-1.7619143477531907e-06,-1.58553867990463e-06,-2.3243922516703606,44156504.59310019,-23.932118277426024,False
548400.0,2.404593791923793e-06,-1.798016143084169e-06,-1.7609813625085735e-06,-2.2821518629789352,44206609.88628316,-24.403323265953905,False
548700.0,2.5521181319031018e-06,-1.8369414647168014e-06,-1.9328874572011046e-06,-2.238251104950905,44256844.92397496,-24.87610040264912,False
549000.0,2.700969189980407e-06,-1.876082137641788e-06,-2.1025633891724738e-06,-2.1943058744072914,44307225.2986062,-25.350642539164504,False
549300.0,2.852119723274306e-06,-1.9176882801730244e-06,-2.270472162280157e-06,-2.1496119275689125,44357765.16316702,-25.827132608533212,False
549600.0,3.00446879080158e-06,-1.9620135844888864e-06,-2.435845814829918e-06,-2.1032385006546974,44408477.159117594,-26.305742966809124,False
549900.0,3.1562547508663107e-06,-2.006438165835789e-06,-2.59880745190344e-06,-2.0568090230226517,44459372.34882845,-26.786634746810375,False
550200.0,3.3078713218771697e-06,-2.054729350220441e-06,-2.7579730570437277e-06,-2.00980094820261,44510460.14455326,-27.269957231118624,False
550500.0,3.4593315738765446e-06,-2.1035986605966173e-06,-2.9157458349970966e-06,-1.9619478210806847,44561748.24867473,-27.75584723203748,False
550800.0,3.610638542176994e-06,-2.156256442731319e-06,-3.0705884519477422e-06,-1.9125663712620735,44613242.59519604,-28.24442849896154,False
551100.0,3.7593523602250316e-06,-2.209982540080091e-06,-3.2214293632648605e-06,-1.86347184330225,44664947.299277514,-28.73581112753965,False
551400.0,3.9080344145829e-06,-2.2672380453059304e-06,-3.3701793391571755e-06,-1.813679039478302,44716864.603141494,-29.230090983992827,False
551700.0,4.055067891037882e-06,-2.3268557356459496e-06,-3.515768959516663e-06,-1.762793444097042,44768994.83536232,-29.727349150315213,False
552000.0,4.199246228100239e-06,-2.388644787743033e-06,-3.6570655836953847e-06,-1.712718240916729,44821336.37326776,-30.2276513719476,False
552300.0,4.342768004571027e-06,-2.4544287100525253e-06,-3.7958554166550584e-06,-1.6606734097003937,44873885.601534106,-30.73104751547603,False
552600.0,4.483602510339152e-06,-2.5229658717762504e-06,-3.930545911856598e-06,-1.6093561202287674,44926636.892877534,-31.237571044256633,False
552900.0,4.6217039850138e-06,-2.5947564381567645e-06,-4.0609611495767695e-06,-1.556284636259079,44979582.57294334,-31.747238489964083,False
553200.0,4.757455662635084e-06,-2.668613149126031e-06,-4.188176511377151e-06,-1.5029937103390694,45032712.91010539,-32.26004893430194,False
553500.0,4.891555649282328e-06,-2.746874457670856e-06,-4.311992029215617e-06,-1.4501736536622047,45086016.09629985,-32.775983496307994,False
553800.0,5.022686307715245e-06,-2.82888214542254e-06,-4.431291891648925e-06,-1.3959087580442429,45139478.23606406,-33.29500481787065,False
554100.0,5.150807612871289e-06,-2.9150623106488638e-06,-4.5459074655695986e-06,-1.3425672501325607,45193083.34933614,-33.817056546582506,False
554400.0,5.2755783652301474e-06,-3.0034690894353844e-06,-4.656365192090561e-06,-1.2881823480129242,45246813.36384236,-34.34206281716965,False
554700.0,5.398392176965442e-06,-3.0962791015554103e-06,-4.763325271994745e-06,-1.2339411675930023,45300648.128662944,-34.86992772721956,False
555000.0,5.517860735027394e-06,-3.1942765872372547e-06,-4.864914849633806e-06,-1.1792471259832382,45354565.420402005,-35.400534806473466,False
555300.0,5.634590441757864e-06,-3.2959910072349885e-06,-4.962497051508308e-06,-1.1240186616778374,45408540.96157152,-35.933746466585035,False
555600.0,5.747836532404949e-06,-3.4011847560577735e-06,-5.055353938132612e-06,-1.0688375979661942,45462548.44173508,-36.469403448311795,False
555900.0,5.857732264228365e-06,-3.5114435377181508e-06,-5.142964930371363e-06,-1.0142785906791687,45516559.54266424,-37.007324244972466,False
556200.0,5.9650301747004844e-06,-3.6272406873649743e-06,-5.225994435420489e-06,-0.9590952023863792,45570543.96709107,-37.547304508675566,False
556500.0,6.069206711412844e-06,-3.7469523022082285e-06,-5.304563316599342e-06,-0.9037653803825378,45624469.47745579,-38.08911643853658,False
556800.0,6.169548815106167e-06,-3.8723966611087235e-06,-5.377061711442366e-06,-0.8480262756347656,45678301.933165364,-38.63250814567441,False
557100.0,6.267070337953645e-06,-4.0028065200203855e-06,-5.444980750723971e-06,-0.7932013794779778,45732005.33704026,-39.17720298788074,False
557400.0,6.36110931966033e-06,-4.138708845857764e-06,-5.507317254682675e-06,-0.7389867231249809,45785541.88048116,-39.72289888921745,False
557700.0,6.4512118091147705e-06,-4.280188278471542e-06,-5.563485274251434e-06,-0.6836122572422028,45838871.996127374,-40.26926762495696,False
558000.0,6.538281039957603e-06,-4.426321453365745e-06,-5.614917931495711e-06,-0.6289459764957428,45891954.4194218,-40.8159540817051,False
558300.0,6.622002870150908e-06,-4.579109145197435e-06,-5.660318649347573e-06,-0.5744385197758675,45944746.24281928,-41.362575498588996,False
558600.0,6.702034739453823e-06,-4.737497590667772e-06,-5.699716020046708e-06,-0.519818902015686,45997202.98238189,-41.90872067618975,False
558900.0,6.778966795764422e-06,-4.901391577050163e-06,-5.733797991069878e-06,-0.46546797454357147,46049278.64551394,-42.45394916974864,False
559200.0,6.852770728404452e-06,-5.072694023056101e-06,-5.76158582532571e-06,-0.4120981991291046,46100925.80128596,-42.99779046798708,False
559500.0,6.9218195571970386e-06,-5.248905040389218e-06,-5.782232832984846e-06,-0.3583432361483574,46152095.65176817,-43.53974315777718,False
559800.0,6.989242817072948e-06,-5.432022987861274e-06,-5.79844761006143e-06,-0.30430222302675247,46202738.112229995,-44.079274085068455,False
560100.0,7.052834242123507e-06,-5.622321310738698e-06,-5.807346560970927e-06,-0.251543752849102,46252801.89052105,-44.61581753634101,False
560400.0,7.112206428050464e-06,-5.8192649703414645e-06,-5.808570406884428e-06,-0.19869312644004822,46302234.564563654,-45.148774423283655,False
560700.0,7.169153409617066e-06,-6.022399304583814e-06,-5.804390831087858e-06,-0.14671501517295837,46350982.671875186,-45.677511511291414,False
561000.0,7.222439968499209e-06,-6.231077435359111e-06,-5.793473775383973e-06,-0.0942278802394867,46398991.79126141,-46.201360708539646,False
561300.0,7.272171661457485e-06,-6.448212104714912e-06,-5.7742478034583655e-06,-0.04299714416265488,46446206.63663247,-46.71961842152989,False
561600.0,7.318345421196903e-06,-6.669216304544534e-06,-5.748873419975098e-06,0.008602745831012726,46492571.14053696,-47.23154501168288,False
561900.0,7.361653671628165e-06,-6.898384697251458e-06,-5.715711502318754e-06,0.06003314256668091,46538028.55134506,-47.73636439464896,False
562200.0,7.401336177587058e-06,-7.133077531307208e-06,-5.674905260377727e-06,0.11050725728273392,46582521.52432457,-48.23326379147489,False
562500.0,7.438169132645102e-06,-7.373967520152291e-06,-5.626762238364336e-06,0.16051795333623886,46625992.21427951,-48.7213936900106,False
562800.0,7.471996552129452e-06,-7.619744849307608e-06,-5.5714607469781186e-06,0.21021779626607895,46668382.372325055,-49.19986805039364,False
563100.0,7.502414254127799e-06,-7.8712866695696e-06,-5.507527454540195e-06,0.25986548513174057,46709633.441400565,-49.6677648036268,False
563400.0,7.5288780140428956e-06,-8.125502915845573e-06,-5.435565491040961e-06,0.3081067204475403,46749686.65457396,-50.124126686936684,False
563700.0,7.5530132864981905e-06,-8.385312128211808e-06,-5.355497705750167e-06,0.35680241137742996,46788483.12724864,-50.56796248083122,False
564000.0,7.573872937190605e-06,-8.647581296372664e-06,-5.267340391412745e-06,0.4056689068675041,46825963.959837794,-50.998248693036565,False
564300.0,7.59107971571377e-06,-8.911896998142765e-06,-5.170132851617382e-06,0.45263051986694336,46862070.33483998,-51.41393175051731,False
564600.0,7.604872277614212e-06,-9.176152843792806e-06,-5.0648578522327625e-06,0.49995283782482147,46896743.60808627,-51.813930748393545,False
564900.0,7.615588279585303e-06,-9.439787191922733e-06,-4.951607444070305e-06,0.5472497045993805,46929925.412910655,-52.19714081672641,False
565200.0,7.624017960248329e-06,-9.704660385523312e-06,-4.829325789046379e-06,0.593972884118557,46961557.754484974,-52.56243714193425,False
565500.0,7.62800556531608e-06,-9.963938623513968e-06,-4.6986071211563285e-06,0.6400832831859589,46991583.10547467,-52.90867967818433,False
565800.0,7.630138397727755e-06,-1.0221636699725423e-05,-4.5594508293334e-06,0.6852578744292259,47019944.50252279,-53.23471857995198,False
566100.0,7.628859861543006e-06,-1.0472188591847953e-05,-4.412478737947367e-06,0.7308477461338043,47046585.6392142,-53.53940035388762,False
566400.0,7.6231974440587855e-06,-1.0713446215504518e-05,-4.256532065483043e-06,0.7761468067765236,47071450.96383338,-53.82157472353658,False
566700.0,7.616219256539076e-06,-1.0948351132356038e-05,-4.093077571099002e-06,0.8208102211356163,47094485.76995584,-54.08010215924152,False
567000.0,7.604576802841242e-06,-1.1168506375724974e-05,-3.922142866485956e-06,0.8648696094751358,47115636.2883111,-54.313862024528405,False
567300.0,7.590935375362678e-06,-1.1376897248283058e-05,-3.7445485432385794e-06,0.9089446887373924,47134849.77720791,-54.5217612313335,False
567600.0,7.574050092964807e-06,-1.1569997781180064e-05,-3.5598047105622754e-06,0.9527583047747612,47152074.61331181,-54.7027432919866,False
567900.0,7.553316054035805e-06,-1.1744462312890391e-05,-3.3686358662521343e-06,0.9958038479089737,47167260.378827445,-54.855797607004156,False
568200.0,7.5295875590405646e-06,-1.1900654897090135e-05,-3.17092529655838e-06,1.0384655818343163,47180357.94669314,-54.97996881910616,False
568500.0,7.502600297580628e-06,-1.203430744567413e-05,-2.969805905195244e-06,1.0808679908514023,47191319.56642433,-55.074366021538644,False
568800.0,7.473631466823831e-06,-1.2148209577844682e-05,-2.763567181318649e-06,1.12284205108881,47200098.94713629,-55.13817162188059,False
569100.0,7.440216709017869e-06,-1.2236234510965005e-05,-2.5528923117690283e-06,1.164347067475319,47206651.338330284,-55.17064960899832,False
569400.0,7.403824253023683e-06,-1.2298822582579305e-05,-2.340382366128324e-06,1.2060790732502937,47210933.60864049,-55.17115302341416,False
569700.0,7.365787917147854e-06,-1.233834407798895e-05,-2.1256074305142647e-06,1.246598981320858,47212904.32614077,-55.13913041772798,False
570000.0,7.323462418010635e-06,-1.2349346008022621e-05,-1.9092884571136892e-06,1.2875280901789665,47212523.82860067,-55.07413110676564,False
570300.0,7.278540821189663e-06,-1.2334363134414161e-05,-1.6927517592080221e-06,1.3277982026338577,47209754.30264431,-54.97580906802389,False
570600.0,7.230218914762698e-06,-1.2292010325154479e-05,-1.476712718329054e-06,1.367437094449997,47204559.851276524,-54.84392537703117,False
570900.0,7.1784250748206714e-06,-1.2222494461866518e-05,-1.2619512048672732e-06,1.4062641486525536,47196906.564349845,-54.6783491119455,False
571200.0,7.123548400344797e-06,-1.2126851913762948e-05,-1.0502169587311982e-06,1.4452471882104874,47186762.58417326,-54.47905671755247,False
571500.0,7.06550549571609e-06,-1.2006202325665072e-05,-8.409790055452504e-07,1.4837595522403717,47174098.17297861,-54.246129873485266,False
571800.0,7.005028846667278e-06,-1.1862644214488682e-05,-6.362071331977859e-07,1.5212346017360687,47158885.773705676,-53.979751943993364,False
572100.0,6.940688271510081e-06,-1.1695278573142787e-05,-4.3544514483073726e-07,1.5590704455971718,47141100.068213336,-53.680203159919586,False
572400.0,6.874530845721356e-06,-1.1508968867701697e-05,-2.4001429466125046e-07,1.596012145280838,47120718.03965235,-53.3478546823975,False
572700.0,6.803668566655956e-06,-1.1300520554868854e-05,-5.131820302040069e-08,1.6318937093019485,47097719.024082616,-52.983161757517514,False
573000.0,6.731091809308211e-06,-1.1076761381900724e-05,1.3153928790643477e-07,1.6685293912887573,47072084.762511685,-52.5866561665073,False
573300.0,6.654574486142831e-06,-1.0835824468813371e-05,3.0703380105023825e-07,1.7035617530345917,47043799.45751548,-52.15893817866264,False
573600.0,6.575949080405259e-06,-1.0582574560658031e-05,4.751427056248758e-07,1.7387879490852356,47012849.812889166,-51.70066823352814,False
573900.0,6.493381390440404e-06,-1.0315944308558755e-05,6.351033192686373e-07,1.7725539356470108,46979225.08670874,-51.21255853580414,False
574200.0,6.409303029232328e-06,-1.0041379937320016e-05,7.88250893890563e-07,1.806423380970955,46942917.12756818,-50.6953647535328,False
574500.0,6.3211429889684695e-06,-9.756896048429553e-06,9.321251539518016e-07,1.838784396648407,46903920.42130025,-50.149877961446876,False
574800.0,6.229839909553351e-06,-9.465465439006948e-06,1.0677234101308386e-06,1.8711564093828201,46862232.12239092,-49.57691698070779,False
575100.0,6.136457548202773e-06,-9.170158335791712e-06,1.1953676803955204e-06,1.9041675999760628,46817852.093089,-48.97732119247834,False
575400.0,6.039824644699294e-06,-8.870878957623063e-06,1.3139411620954888e-06,1.9350471273064613,46770782.9383384,-48.351943915173855,False
575700.0,5.9405794507057505e-06,-8.569772461441971e-06,1.4240043952895576e-06,1.9650123417377472,46721030.02812411,-47.70164639575102,False
576000.0,5.83850727348062e-06,-8.267402478168151e-06,1.5263019577105297e-06,1.9956350103020668,46668601.52811918,-47.02729243366411,False
576300.0,5.7329953558773264e-06,-7.964811317151543e-06,1.6186094029535525e-06,2.024771459400654,46613508.428016745,-46.32974364785067,False
576600.0,5.625024955350213e-06,-7.662977282052452e-06,1.7044867632876048e-06,2.052837058901787,46555764.556736425,-45.609855391332324,False
576900.0,5.515404059234809e-06,-7.364890677763469e-06,1.781672992251515e-06,2.0811989679932594,46495386.60269833,-44.86847325908332,False
577200.0,5.402089934674629e-06,-7.067368130719842e-06,1.8519946323181102e-06,2.1080144867300987,46432394.13380343,-44.10643019903336,False
577500.0,5.286706280785612e-06,-6.774146982024831e-06,1.914052099039054e-06,2.1349125802516937,46366809.60368796,-43.32454414842443,False
577800.0,5.1693963021053865e-06,-6.485613312179339e-06,1.9685821968096207e-06,2.160442516207695,46298658.36829034,-42.52361618185265,False
578100.0,5.049389868079016e-06,-6.200618912544087e-06,2.016412487648722e-06,2.1847051084041595,46227968.68827645,-41.704429104986495,False
578400.0,4.926855653958082e-06,-5.9199771271778445e-06,2.0571874372876664e-06,2.2091841474175453,46154771.733265005,-40.867746455602834,False
578700.0,4.801491727933681e-06,-5.643552697165433e-06,2.0909313249717343e-06,2.2332811281085014,46079101.58630687,-40.0143118682294,False
579000.0,4.674960064229718e-06,-5.3727684985460655e-06,2.119550629231526e-06,2.255642756819725,46000995.24048363,-39.14484875552772,False
579300.0,4.545581124407517e-06,-5.106019159484276e-06,2.141941983779816e-06,2.277050480246544,45920492.59080966,-38.260060258670094,False
579600.0,4.413493594816857e-06,-4.844442997864462e-06,2.156952000120782e-06,2.2980486154556274,45837636.42821081,-37.36062944256856,False
579900.0,4.281494555415779e-06,-4.588839573216319e-06,2.169245206573578e-06,2.3184415325522423,45752472.42839817,-36.44721969595235,False
580200.0,4.145316420340209e-06,-4.336859944942262e-06,2.173505514235785e-06,2.337577134370804,45665049.1366655,-35.520475280094345,False
580500.0,4.010015553829861e-06,-4.091269943273801e-06,2.1757344299544457e-06,2.356555312871933,45575417.947415516,-34.58102205674035,False
580800.0,3.871226237541325e-06,-3.8488348650389526e-06,2.1717310545454893e-06,2.3743895441293716,45483633.08632857,-33.62946829044883,False
581100.0,3.731377194016257e-06,-3.61199306553317e-06,2.1627465898177434e-06,2.391041174530983,45389751.58219389,-32.666405583586496,False
581400.0,3.591696002385509e-06,-3.379322066621171e-06,2.1522906550330845e-06,2.406999185681343,45293833.23866806,-31.69240986915513,False
581700.0,3.4496630211753987e-06,-3.1511686984231346e-06,2.1353674029001013e-06,2.4221658632159233,45195940.603136905,-30.708042456607195,False
582000.0,3.307705531415013e-06,-2.926449468532155e-06,2.1168142083638486e-06,2.4369408413767815,45096138.92972195,-29.71385115363664,False
582300.0,3.165011677794e-06,-2.7055649525209446e-06,2.0943856426924867e-06,2.45054729282856,44994496.141321346,-28.710371388087097,False
582600.0,3.0220789162000548e-06,-2.4880928322090767e-06,2.0687781407957573e-06,2.462982565164566,44891082.78423507,-27.698127382607247,False
582900.0,2.8806623117377763e-06,-2.2745311412109004e-06,2.041461780066811e-06,2.474804498255253,44785971.9810941,-26.677633335040063,False
583200.0,2.73974230077512e-06,-2.063999716028775e-06,2.0110467140455057e-06,2.486116163432598,44679239.38066256,-25.649394608882403,False
583500.0,2.599970293260255e-06,-1.8558287990799727e-06,1.978182265105488e-06,2.4954273030161858,44570963.10376545,-24.613908938684258,False
583800.0,2.463215017490933e-06,-1.650722197155119e-06,1.943784653235525e-06,2.5047966465353966,44461223.67886979,-23.5716676311331,False
584100.0,2.3294860290845334e-06,-1.4471834219875745e-06,1.9077402804157373e-06,2.5124712362885475,44350103.98603611,-22.523156765842362,False
584400.0,2.2016979507518904e-06,-1.2470562467115087e-06,1.8709999984878323e-06,2.520211048424244,44237689.18198666,-21.468858396375975,False
584700.0,2.078765138724777e-06,-1.0479406569174898e-06,1.832111440336348e-06,2.526815786957741,44124066.63471108,-20.40925174080074,False
585000.0,1.963959676190391e-06,-8.494941141634627e-07,1.792953330692626e-06,2.531775839626789,44009325.84362743,-19.344814375264516,False
585300.0,1.8589543544183603e-06,-6.543592405705567e-07,1.7520370683143938e-06,2.5359171703457832,43893558.358373605,-18.276023408083645,False
585600.0,1.766720889450797e-06,-4.5886770294600865e-07,1.7114795163308827e-06,2.5392133221030235,43776857.69600461,-17.203356659841507,False
585900.0,1.6899073141890463e-06,-2.6528434204919904e-07,1.6705810281791855e-06,2.541237287223339,43659319.2510782,-16.12729382202602,False
586200.0,1.630853178238302e-06,-7.13108647687477e-08,1.6293985520832166e-06,2.542160287499428,43541040.200682685,-15.048317617288813,False
586500.0,1.5935439732092542e-06,1.2127549098295276e-07,1.589192075712731e-06,2.541885733604431,43422119.4067879,-13.966914947937104,False
586800.0,1.5794716186275636e-06,3.155226977469283e-07,1.549233827446983e-06,2.54148069024086,43302657.31173504,-12.883578031835365,False
587100.0,1.5889387929291774e-06,5.07952563566505e-07,1.5091382916665452e-06,2.5391471460461617,43182755.83461,-11.79880553445574,False
587400.0,1.6249762781052684e-06,7.015124765530345e-07,1.4715412497423586e-06,2.5357824340462685,43062518.25345041,-10.713103691319315,False
587700.0,1.6836078185481742e-06,8.950509027272346e-07,1.4338144769254768e-06,2.5306084603071213,42942049.092816785,-9.62698740868612,False
588000.0,1.7653885913784949e-06,1.0892601380874112e-06,1.3986707561031153e-06,2.5252750664949417,42821453.99834721,-8.540981371229746,False
588300.0,1.8659035358480157e-06,1.2842136811741511e-06,1.3638765432588684e-06,2.5185342580080032,42700839.6162382,-7.455621115436021,False
588600.0,1.985218700684239e-06,1.4806323633820284e-06,1.3325987291423758e-06,2.5093915462493896,42580313.45980049,-6.371454108346301,False
588900.0,2.118502916963187e-06,1.677693717283546e-06,1.3028104390855333e-06,2.4996809139847755,42459983.772215635,-5.289040787678459,False
589200.0,2.2636292474575504e-06,1.8748722538930451e-06,1.2758551699576515e-06,2.4889315962791443,42339959.39271743,-4.208955600485591,False
589500.0,2.42044750332452e-06,2.0751984379785426e-06,1.2509880802369366e-06,2.4772150442004204,42220349.61062016,-3.131788003591704,False
589800.0,2.5866088459210384e-06,2.276663650491173e-06,1.2304605605528707e-06,2.4625114277005196,42101264.02078713,-2.0581434461039323,False
590100.0,2.7591907582967973e-06,2.4794929345262062e-06,1.2112302356648286e-06,2.4483051523566246,41982812.36498553,-0.9886443050409861,False
590400.0,2.939260959833487e-06,2.684322197410438e-06,1.1973646105584157e-06,2.4312009885907173,41865104.389513396,0.0760691977554267,False
590700.0,3.123997798377213e-06,2.890197379201709e-06,1.187181835282658e-06,2.4132490903139114,41748249.674614504,1.1353381502083881,False
591000.0,3.3134861671818737e-06,3.0982747034613567e-06,1.1806280522108636e-06,2.3938716799020767,41632357.48101637,2.1884841384373606,False
591300.0,3.5073010732288474e-06,3.308392933831783e-06,1.179215301405634e-06,2.37193713337183,41517536.58330063,3.2348085056477136,False
591600.0,3.704652089356505e-06,3.5209218367526773e-06,1.181692747209695e-06,2.3493740037083626,41403895.09899557,4.2735916884101375,False
591900.0,3.904991318924532e-06,3.7350611705733172e-06,1.1905840091586128e-06,2.3247996270656586,41291540.325224936,5.30409262655521,False
592200.0,4.106632221402783e-06,3.950265579533152e-06,1.20385031632253e-06,2.2997949421405792,41180578.56061897,6.325548285083567,False
592500.0,4.310927937082407e-06,4.167765212059749e-06,1.223572973607645e-06,2.2719292789697647,41071114.93874915,7.337173270217704,False
592800.0,4.516378012443309e-06,4.3868177499462035e-06,1.2482764297772064e-06,2.2427916675806046,40963253.24522231,8.338159588400623,False
593100.0,4.723904078857231e-06,4.6082192852736625e-06,1.2796281438909318e-06,2.212178960442543,40857095.74770429,9.32767653432272,False
593400.0,4.9316770532719495e-06,4.830292908764022e-06,1.3176979436479996e-06,2.1793041080236435,40752743.018457115,10.304870752006947,True
593700.0,5.140085176481984e-06,5.053618792771886e-06,1.3625916857051834e-06,2.1455350145697594,40650293.75535088,11.26886647068235,True
594000.0,5.349389653460539e-06,5.278252899643121e-06,1.4156139531706913e-06,2.10923869907856,40549844.61127338,12.218765943048828,True
594300.0,5.558124950690425e-06,5.50339927940513e-06,1.4743754661594721e-06,2.071826934814453,40451490.01336119,13.15365011334757,True
594600.0,5.765696970038285e-06,5.727691331003371e-06,1.5415600405077612e-06,2.0328453853726387,40355321.9947508,14.072579518181247,True
594900.0,5.974324959831576e-06,5.953448692253005e-06,1.617227187722392e-06,1.9922883436083794,40261430.021228544,14.974595473382108,True
595200.0,6.181764270984349e-06,6.178795729283593e-06,1.6992875551125053e-06,1.9499576017260551,40169900.823536284,15.858721545608166,True
595500.0,6.387793814193348e-06,6.4021211869658146e-06,1.7918582102538494e-06,1.9056671857833862,40080818.23212144,16.72396533189939,True
595800.0,6.594265698752006e-06,6.626030312872899e-06,1.89224269675492e-06,1.8602831959724426,39994263.014942765,17.56932059842322,True
596100.0,6.797309956243747e-06,6.846116889391851e-06,2.0002116301043316e-06,1.8123458176851273,39910312.72419186,18.393769755038203,True
596400.0,6.999303468715435e-06,7.06401857542005e-06,2.117727515127399e-06,1.7644137740135193,39829041.53840151,19.19628671533054,True
596700.0,7.201113061325285e-06,7.280336205894855e-06,2.2446789600394368e-06,1.713610902428627,39750520.126071535,19.975840150936854,True
597000.0,7.398390635741504e-06,7.4898620425756235e-06,2.380678918001422e-06,1.6619515642523766,39674815.49584143,20.731397140029898,True
597300.0,7.59369841086664e-06,7.695663015283571e-06,2.523738860560343e-06,1.6079159304499626,39601990.87233644,21.461927223538748,True
597600.0,7.786769991161034e-06,7.895265525803552e-06,2.678099761510566e-06,1.553311862051487,39532105.56423388,22.166406854529317,True
597900.0,7.978848299913249e-06,8.090733985000043e-06,2.8403978582502987e-06,1.4966502338647842,39465214.85389002,22.843824261437362,True
598200.0,8.16667337191875e-06,8.277343852114427e-06,3.0113159077416185e-06,1.4392647668719292,39401369.88284104,23.49318465894155,True
598500.0,8.35010536999005e-06,8.454395242551982e-06,3.1902398092142903e-06,1.3803818374872208,39340617.55749038,24.113515819984134,True
598800.0,8.5315908004091e-06,8.623561541298841e-06,3.3780582100462198e-06,1.3206259310245514,39283000.455984406,24.70387394407858,True
599100.0,8.709844835291178e-06,8.782720612998673e-06,3.5741931476707123e-06,1.2591579779982567,39228556.75153164,25.263349784804426,True
599400.0,8.884356024688063e-06,8.931146879831431e-06,3.777076866384732e-06,1.1961801797151566,39177320.140844695,25.791074964740325,True
599700.0,9.05501499270835e-06,9.067137597185138e-06,3.987984619868712e-06,1.1327426508069038,39129319.78614021,26.286228404043165,True
600000.0,9.222177267714331e-06,9.190930171598666e-06,4.20551381452583e-06,1.0673649162054062,39084580.27150778,26.748042790810025,True
600300.0,9.383983013265548e-06,9.30005739974149e-06,4.428284832158624e-06,1.0017578527331352,39043121.56163651,27.175810981568343,True
600600.0,9.543250921635073e-06,9.396038080922153e-06,4.6581814672208566e-06,0.9350424408912659,39004958.98372524,27.568892237698353,True
600900.0,9.696163352599588e-06,9.4746999934614e-06,4.892459021021978e-06,0.8680634051561356,38970103.21114594,27.92671820206114,True
601200.0,9.846354137986895e-06,9.539619867382498e-06,5.131529579927019e-06,0.7993154525756836,38938560.26745377,28.24879847886292,True
601500.0,9.99180857621446e-06,9.588270131644094e-06,5.373998018143311e-06,0.7306913882493973,38910331.53258833,28.53472573543806,True
601800.0,1.0131163366187406e-05,9.618423774782059e-06,5.619262680056636e-06,0.6607215330004692,38885413.773591116,28.78418019980302,True
602100.0,1.0267523665731976e-05,9.634175683004287e-06,5.86654196155223e-06,0.590323381125927,38863799.17475674,28.99693346680636,True
602400.0,1.0397464257667903e-05,9.630733870835684e-06,6.115080640967108e-06,0.5197803676128387,38845475.38837646,29.172851520930482,True
602700.0,1.0522802657619691e-05,9.610418914007823e-06,6.364386141655132e-06,0.4482046738266945,38830425.594638795,29.31189690418181,True
603000.0,1.0644045928622325e-05,9.57426948389184e-06,6.613534853983083e-06,0.3757275864481926,38818628.570206895,29.414129974731235,True
603300.0,1.0759681918214207e-05,9.520510388938419e-06,6.861605932328985e-06,0.30381254851818085,38810058.76978649,29.479709218684278,True
603600.0,1.0869782313065245e-05,9.449812068851315e-06,7.107629528491088e-06,0.23152682185173035,38804686.422504425,29.508890602353052,True
603900.0,1.0975704346638249e-05,9.364248342080828e-06,7.351363855434556e-06,0.1585768535733223,38802477.63189977,29.502025971483363,True
604200.0,1.1075721279877862e-05,9.262962919365236e-06,7.59096209890231e-06,0.08550788462162018,38803394.48868769,29.459560530974073,True
604500.0,1.1170203351077523e-05,9.146359872147514e-06,7.826560665336046e-06,0.012949958443641663,38807395.19393093,29.382029446363966,True
604800.0,1.126072330079757e-05,9.016533027761398e-06,8.05854931584804e-06,-0.05976113677024841,38814434.191770256,29.270053647393595,True
