2 rtcm3 1097 satellite error: prn=34
2 rtcm3 1127: unknown signal id=31
2 rtcm3 1127 satellite error: prn=38
2 no broadcast ephemeris: 2026/09/14 21:59:14 sat=25 iode= -1
2 no broadcast clock 2026/09/14 21:59:13.924 sat=25
2 no broadcast clock 2026/09/14 21:59:13.873 sat=130
2 no broadcast ephemeris: 2026/09/14 21:59:14 sat=26 iode= -1
2 no broadcast clock 2026/09/14 21:59:13.929 sat=26
2 no broadcast clock 2026/09/14 21:59:13.872 sat=132
2 no broadcast ephemeris: 2026/09/14 21:59:14 sat= 4 iode= -1
2 no broadcast clock 2026/09/14 21:59:13.918 sat= 4
2 no broadcast clock 2026/09/14 21:59:13.873 sat=145
2 no broadcast ephemeris: 2026/09/14 21:59:14 sat=18 iode= -1
2 no broadcast clock 2026/09/14 21:59:13.927 sat=18
2 no broadcast ephemeris: 2026/09/14 21:59:14 sat=16 iode= -1
2 no broadcast clock 2026/09/14 21:59:13.922 sat=16
2 no broadcast ephemeris: 2026/09/14 21:59:14 sat=31 iode= -1
2 no broadcast clock 2026/09/14 21:59:13.931 sat=31
2 no broadcast ephemeris: 2026/09/14 21:59:14 sat=21 iode= -1
2 no broadcast clock 2026/09/14 21:59:13.917 sat=21
2 no broadcast ephemeris: 2026/09/14 21:59:14 sat= 5 iode= -1
2 no broadcast clock 2026/09/14 21:59:13.918 sat= 5
2 no broadcast ephemeris: 2026/09/14 21:59:14 sat=28 iode= -1
2 no broadcast clock 2026/09/14 21:59:13.929 sat=28
2 no broadcast ephemeris: 2026/09/14 21:59:14 sat=29 iode= -1
2 no broadcast clock 2026/09/14 21:59:13.930 sat=29
2 no broadcast ephemeris: 2026/09/14 21:59:14 sat= 1 iode= -1
2 no broadcast clock 2026/09/14 21:59:13.925 sat= 1
2 no broadcast clock 2026/09/14 21:59:13.921 sat=38
2 no broadcast clock 2026/09/14 21:59:13.928 sat=49
2 no broadcast clock 2026/09/14 21:59:13.935 sat=56
2 no broadcast clock 2026/09/14 21:59:13.920 sat=37
2 no broadcast clock 2026/09/14 21:59:13.930 sat=47
2 no broadcast clock 2026/09/14 21:59:13.936 sat=46
2 no broadcast clock 2026/09/14 21:59:13.924 sat=45
2 no broadcast ephemeris: 2026/09/14 21:59:14 sat=60 iode= -1
2 no broadcast clock 2026/09/14 21:59:13.911 sat=60
2 no broadcast ephemeris: 2026/09/14 21:59:14 sat=62 iode= -1
2 no broadcast clock 2026/09/14 21:59:13.908 sat=62
2 no broadcast ephemeris: 2026/09/14 21:59:14 sat=69 iode= -1
2 no broadcast clock 2026/09/14 21:59:13.917 sat=69
2 no broadcast ephemeris: 2026/09/14 21:59:14 sat=71 iode= -1
2 no broadcast clock 2026/09/14 21:59:13.915 sat=71
2 no broadcast ephemeris: 2026/09/14 21:59:14 sat=75 iode= -1
2 no broadcast clock 2026/09/14 21:59:13.914 sat=75
2 no broadcast ephemeris: 2026/09/14 21:59:14 sat=77 iode= -1
2 no broadcast clock 2026/09/14 21:59:13.921 sat=77
2 no broadcast ephemeris: 2026/09/14 21:59:14 sat=79 iode= -1
2 no broadcast clock 2026/09/14 21:59:13.913 sat=79
2 no broadcast ephemeris: 2026/09/14 21:59:14 sat=82 iode= -1
2 no broadcast clock 2026/09/14 21:59:13.907 sat=82
2 no broadcast ephemeris: 2026/09/14 21:59:14 sat=83 iode= -1
2 no broadcast clock 2026/09/14 21:59:13.915 sat=83
2 no broadcast ephemeris: 2026/09/14 21:59:14 sat=84 iode= -1
2 no broadcast clock 2026/09/14 21:59:13.912 sat=84
2 no broadcast ephemeris: 2026/09/14 21:59:14 sat=85 iode= -1
2 no broadcast clock 2026/09/14 21:59:13.904 sat=85
2 no broadcast ephemeris: 2026/09/14 21:59:14 sat=102 iode= -1
2 no broadcast clock 2026/09/14 21:59:13.863 sat=102
2 no broadcast ephemeris: 2026/09/14 21:59:14 sat=106 iode= -1
2 no broadcast clock 2026/09/14 21:59:13.915 sat=106
2 no broadcast ephemeris: 2026/09/14 21:59:14 sat=113 iode= -1
2 no broadcast clock 2026/09/14 21:59:13.909 sat=113
2 no broadcast ephemeris: 2026/09/14 21:59:14 sat=117 iode= -1
2 no broadcast clock 2026/09/14 21:59:13.915 sat=117
2 point position error (lack of valid sats ns=4)
2 rtcm3 1097 satellite error: prn=34
2 rtcm3 1127: unknown signal id=31
2 rtcm3 1127 satellite error: prn=38
2 no broadcast ephemeris: 2026/09/14 21:59:15 sat=25 iode= -1
2 no broadcast clock 2026/09/14 21:59:14.924 sat=25
2 no broadcast clock 2026/09/14 21:59:14.873 sat=130
2 no broadcast ephemeris: 2026/09/14 21:59:15 sat=26 iode= -1
2 no broadcast clock 2026/09/14 21:59:14.929 sat=26
2 no broadcast clock 2026/09/14 21:59:14.872 sat=132
2 no broadcast ephemeris: 2026/09/14 21:59:15 sat= 4 iode= -1
2 no broadcast clock 2026/09/14 21:59:14.918 sat= 4
2 no broadcast clock 2026/09/14 21:59:14.873 sat=145
2 no broadcast ephemeris: 2026/09/14 21:59:15 sat=18 iode= -1
2 no broadcast clock 2026/09/14 21:59:14.927 sat=18
2 no broadcast ephemeris: 2026/09/14 21:59:15 sat=16 iode= -1
2 no broadcast clock 2026/09/14 21:59:14.922 sat=16
2 no broadcast ephemeris: 2026/09/14 21:59:15 sat=31 iode= -1
2 no broadcast clock 2026/09/14 21:59:14.931 sat=31
2 no broadcast ephemeris: 2026/09/14 21:59:15 sat=21 iode= -1
2 no broadcast clock 2026/09/14 21:59:14.917 sat=21
2 no broadcast ephemeris: 2026/09/14 21:59:15 sat= 5 iode= -1
2 no broadcast clock 2026/09/14 21:59:14.918 sat= 5
2 no broadcast ephemeris: 2026/09/14 21:59:15 sat=28 iode= -1
2 no broadcast clock 2026/09/14 21:59:14.929 sat=28
2 no broadcast ephemeris: 2026/09/14 21:59:15 sat=29 iode= -1
2 no broadcast clock 2026/09/14 21:59:14.930 sat=29
2 no broadcast ephemeris: 2026/09/14 21:59:15 sat= 1 iode= -1
2 no broadcast clock 2026/09/14 21:59:14.925 sat= 1
2 no broadcast clock 2026/09/14 21:59:14.921 sat=38
2 no broadcast clock 2026/09/14 21:59:14.928 sat=49
2 no broadcast clock 2026/09/14 21:59:14.935 sat=56
2 no broadcast clock 2026/09/14 21:59:14.920 sat=37
2 no broadcast clock 2026/09/14 21:59:14.930 sat=47
2 no broadcast clock 2026/09/14 21:59:14.936 sat=46
2 no broadcast clock 2026/09/14 21:59:14.924 sat=45
2 no broadcast ephemeris: 2026/09/14 21:59:15 sat=60 iode= -1
2 no broadcast clock 2026/09/14 21:59:14.911 sat=60
2 no broadcast ephemeris: 2026/09/14 21:59:15 sat=62 iode= -1
2 no broadcast clock 2026/09/14 21:59:14.908 sat=62
2 no broadcast ephemeris: 2026/09/14 21:59:15 sat=69 iode= -1
2 no broadcast clock 2026/09/14 21:59:14.917 sat=69
2 no broadcast ephemeris: 2026/09/14 21:59:15 sat=71 iode= -1
2 no broadcast clock 2026/09/14 21:59:14.915 sat=71
2 no broadcast ephemeris: 2026/09/14 21:59:15 sat=75 iode= -1
2 no broadcast clock 2026/09/14 21:59:14.914 sat=75
2 no broadcast ephemeris: 2026/09/14 21:59:15 sat=77 iode= -1
2 no broadcast clock 2026/09/14 21:59:14.921 sat=77
2 no broadcast ephemeris: 2026/09/14 21:59:15 sat=79 iode= -1
2 no broadcast clock 2026/09/14 21:59:14.913 sat=79
2 no broadcast ephemeris: 2026/09/14 21:59:15 sat=82 iode= -1
2 no broadcast clock 2026/09/14 21:59:14.907 sat=82
2 no broadcast ephemeris: 2026/09/14 21:59:15 sat=83 iode= -1
2 no broadcast clock 2026/09/14 21:59:14.915 sat=83
2 no broadcast ephemeris: 2026/09/14 21:59:15 sat=84 iode= -1
2 no broadcast clock 2026/09/14 21:59:14.912 sat=84
2 no broadcast ephemeris: 2026/09/14 21:59:15 sat=85 iode= -1
2 no broadcast clock 2026/09/14 21:59:14.904 sat=85
2 no broadcast ephemeris: 2026/09/14 21:59:15 sat=102 iode= -1
2 no broadcast clock 2026/09/14 21:59:14.863 sat=102
2 no broadcast ephemeris: 2026/09/14 21:59:15 sat=106 iode= -1
2 no broadcast clock 2026/09/14 21:59:14.915 sat=106
2 no broadcast ephemeris: 2026/09/14 21:59:15 sat=113 iode= -1
2 no broadcast clock 2026/09/14 21:59:14.909 sat=113
2 no broadcast ephemeris: 2026/09/14 21:59:15 sat=117 iode= -1
2 no broadcast clock 2026/09/14 21:59:14.915 sat=117
2 point position error (lack of valid sats ns=4)
2 rtcm3 1097 satellite error: prn=34
2 rtcm3 1127: unknown signal id=31
2 rtcm3 1127 satellite error: prn=38
2 no broadcast ephemeris: 2026/09/14 21:59:16 sat=25 iode= -1
2 no broadcast clock 2026/09/14 21:59:15.924 sat=25
2 no broadcast clock 2026/09/14 21:59:15.873 sat=130
2 no broadcast ephemeris: 2026/09/14 21:59:16 sat=26 iode= -1
2 no broadcast clock 2026/09/14 21:59:15.929 sat=26
2 no broadcast clock 2026/09/14 21:59:15.872 sat=132
2 no broadcast ephemeris: 2026/09/14 21:59:16 sat= 4 iode= -1
2 no broadcast clock 2026/09/14 21:59:15.918 sat= 4
2 no broadcast clock 2026/09/14 21:59:15.873 sat=145
2 no broadcast ephemeris: 2026/09/14 21:59:16 sat=18 iode= -1
2 no broadcast clock 2026/09/14 21:59:15.927 sat=18
2 no broadcast ephemeris: 2026/09/14 21:59:16 sat=16 iode= -1
2 no broadcast clock 2026/09/14 21:59:15.922 sat=16
2 no broadcast ephemeris: 2026/09/14 21:59:16 sat=31 iode= -1
2 no broadcast clock 2026/09/14 21:59:15.931 sat=31
2 no broadcast ephemeris: 2026/09/14 21:59:16 sat=21 iode= -1
2 no broadcast clock 2026/09/14 21:59:15.917 sat=21
2 no broadcast ephemeris: 2026/09/14 21:59:16 sat= 5 iode= -1
2 no broadcast clock 2026/09/14 21:59:15.918 sat= 5
2 no broadcast ephemeris: 2026/09/14 21:59:16 sat=28 iode= -1
2 no broadcast clock 2026/09/14 21:59:15.929 sat=28
2 no broadcast ephemeris: 2026/09/14 21:59:16 sat=29 iode= -1
2 no broadcast clock 2026/09/14 21:59:15.930 sat=29
2 no broadcast ephemeris: 2026/09/14 21:59:16 sat= 1 iode= -1
2 no broadcast clock 2026/09/14 21:59:15.925 sat= 1
2 no broadcast clock 2026/09/14 21:59:15.921 sat=38
2 no broadcast clock 2026/09/14 21:59:15.928 sat=49
2 no broadcast clock 2026/09/14 21:59:15.935 sat=56
2 no broadcast clock 2026/09/14 21:59:15.920 sat=37
2 no broadcast clock 2026/09/14 21:59:15.930 sat=47
2 no broadcast clock 2026/09/14 21:59:15.936 sat=46
2 no broadcast clock 2026/09/14 21:59:15.924 sat=45
2 no broadcast ephemeris: 2026/09/14 21:59:16 sat=60 iode= -1
2 no broadcast clock 2026/09/14 21:59:15.911 sat=60
2 no broadcast ephemeris: 2026/09/14 21:59:16 sat=62 iode= -1
2 no broadcast clock 2026/09/14 21:59:15.908 sat=62
2 no broadcast ephemeris: 2026/09/14 21:59:16 sat=69 iode= -1
2 no broadcast clock 2026/09/14 21:59:15.917 sat=69
2 no broadcast ephemeris: 2026/09/14 21:59:16 sat=71 iode= -1
2 no broadcast clock 2026/09/14 21:59:15.915 sat=71
2 no broadcast ephemeris: 2026/09/14 21:59:16 sat=75 iode= -1
2 no broadcast clock 2026/09/14 21:59:15.914 sat=75
2 no broadcast ephemeris: 2026/09/14 21:59:16 sat=77 iode= -1
2 no broadcast clock 2026/09/14 21:59:15.921 sat=77
2 no broadcast ephemeris: 2026/09/14 21:59:16 sat=79 iode= -1
2 no broadcast clock 2026/09/14 21:59:15.913 sat=79
2 no broadcast ephemeris: 2026/09/14 21:59:16 sat=82 iode= -1
2 no broadcast clock 2026/09/14 21:59:15.907 sat=82
2 no broadcast ephemeris: 2026/09/14 21:59:16 sat=83 iode= -1
2 no broadcast clock 2026/09/14 21:59:15.915 sat=83
2 no broadcast ephemeris: 2026/09/14 21:59:16 sat=84 iode= -1
2 no broadcast clock 2026/09/14 21:59:15.912 sat=84
2 no broadcast ephemeris: 2026/09/14 21:59:16 sat=85 iode= -1
2 no broadcast clock 2026/09/14 21:59:15.904 sat=85
2 no broadcast ephemeris: 2026/09/14 21:59:16 sat=102 iode= -1
2 no broadcast clock 2026/09/14 21:59:15.863 sat=102
2 no broadcast ephemeris: 2026/09/14 21:59:16 sat=106 iode= -1
2 no broadcast clock 2026/09/14 21:59:15.915 sat=106
2 no broadcast ephemeris: 2026/09/14 21:59:16 sat=113 iode= -1
2 no broadcast clock 2026/09/14 21:59:15.909 sat=113
2 no broadcast ephemeris: 2026/09/14 21:59:16 sat=117 iode= -1
2 no broadcast clock 2026/09/14 21:59:15.915 sat=117
2 point position error (lack of valid sats ns=4)
2 rtcm3 1097 satellite error: prn=34
2 rtcm3 1127: unknown signal id=31
2 rtcm3 1127 satellite error: prn=38
2 no broadcast ephemeris: 2026/09/14 21:59:17 sat=25 iode= -1
2 no broadcast clock 2026/09/14 21:59:16.924 sat=25
2 no broadcast clock 2026/09/14 21:59:16.873 sat=130
2 no broadcast ephemeris: 2026/09/14 21:59:17 sat=26 iode= -1
2 no broadcast clock 2026/09/14 21:59:16.929 sat=26
2 no broadcast clock 2026/09/14 21:59:16.872 sat=132
2 no broadcast ephemeris: 2026/09/14 21:59:17 sat= 4 iode= -1
2 no broadcast clock 2026/09/14 21:59:16.918 sat= 4
2 no broadcast clock 2026/09/14 21:59:16.873 sat=145
2 no broadcast ephemeris: 2026/09/14 21:59:17 sat=18 iode= -1
2 no broadcast clock 2026/09/14 21:59:16.927 sat=18
2 no broadcast ephemeris: 2026/09/14 21:59:17 sat=16 iode= -1
2 no broadcast clock 2026/09/14 21:59:16.922 sat=16
2 no broadcast ephemeris: 2026/09/14 21:59:17 sat=31 iode= -1
2 no broadcast clock 2026/09/14 21:59:16.931 sat=31
2 no broadcast ephemeris: 2026/09/14 21:59:17 sat=21 iode= -1
2 no broadcast clock 2026/09/14 21:59:16.917 sat=21
2 no broadcast ephemeris: 2026/09/14 21:59:17 sat= 5 iode= -1
2 no broadcast clock 2026/09/14 21:59:16.918 sat= 5
2 no broadcast ephemeris: 2026/09/14 21:59:17 sat=28 iode= -1
2 no broadcast clock 2026/09/14 21:59:16.929 sat=28
2 no broadcast ephemeris: 2026/09/14 21:59:17 sat=29 iode= -1
2 no broadcast clock 2026/09/14 21:59:16.930 sat=29
2 no broadcast ephemeris: 2026/09/14 21:59:17 sat= 1 iode= -1
2 no broadcast clock 2026/09/14 21:59:16.925 sat= 1
2 no broadcast clock 2026/09/14 21:59:16.921 sat=38
2 no broadcast clock 2026/09/14 21:59:16.928 sat=49
2 no broadcast clock 2026/09/14 21:59:16.935 sat=56
2 no broadcast clock 2026/09/14 21:59:16.920 sat=37
2 no broadcast clock 2026/09/14 21:59:16.930 sat=47
2 no broadcast clock 2026/09/14 21:59:16.936 sat=46
2 no broadcast clock 2026/09/14 21:59:16.924 sat=45
2 no broadcast ephemeris: 2026/09/14 21:59:17 sat=60 iode= -1
2 no broadcast clock 2026/09/14 21:59:16.911 sat=60
2 no broadcast ephemeris: 2026/09/14 21:59:17 sat=62 iode= -1
2 no broadcast clock 2026/09/14 21:59:16.908 sat=62
2 no broadcast ephemeris: 2026/09/14 21:59:17 sat=69 iode= -1
2 no broadcast clock 2026/09/14 21:59:16.917 sat=69
2 no broadcast ephemeris: 2026/09/14 21:59:17 sat=71 iode= -1
2 no broadcast clock 2026/09/14 21:59:16.915 sat=71
2 no broadcast ephemeris: 2026/09/14 21:59:17 sat=75 iode= -1
2 no broadcast clock 2026/09/14 21:59:16.914 sat=75
2 no broadcast ephemeris: 2026/09/14 21:59:17 sat=77 iode= -1
2 no broadcast clock 2026/09/14 21:59:16.921 sat=77
2 no broadcast ephemeris: 2026/09/14 21:59:17 sat=79 iode= -1
2 no broadcast clock 2026/09/14 21:59:16.913 sat=79
2 no broadcast ephemeris: 2026/09/14 21:59:17 sat=82 iode= -1
2 no broadcast clock 2026/09/14 21:59:16.907 sat=82
2 no broadcast ephemeris: 2026/09/14 21:59:17 sat=83 iode= -1
2 no broadcast clock 2026/09/14 21:59:16.915 sat=83
2 no broadcast ephemeris: 2026/09/14 21:59:17 sat=84 iode= -1
2 no broadcast clock 2026/09/14 21:59:16.912 sat=84
2 no broadcast ephemeris: 2026/09/14 21:59:17 sat=85 iode= -1
2 no broadcast clock 2026/09/14 21:59:16.904 sat=85
2 no broadcast ephemeris: 2026/09/14 21:59:17 sat=102 iode= -1
2 no broadcast clock 2026/09/14 21:59:16.863 sat=102
2 no broadcast ephemeris: 2026/09/14 21:59:17 sat=106 iode= -1
2 no broadcast clock 2026/09/14 21:59:16.915 sat=106
2 no broadcast ephemeris: 2026/09/14 21:59:17 sat=113 iode= -1
2 no broadcast clock 2026/09/14 21:59:16.909 sat=113
2 no broadcast ephemeris: 2026/09/14 21:59:17 sat=117 iode= -1
2 no broadcast clock 2026/09/14 21:59:16.915 sat=117
2 point position error (lack of valid sats ns=4)
2 rtcm3 1097 satellite error: prn=34
2 rtcm3 1127: unknown signal id=31
2 rtcm3 1127 satellite error: prn=38
2 no broadcast ephemeris: 2026/09/14 21:59:18 sat=25 iode= -1
2 no broadcast clock 2026/09/14 21:59:17.924 sat=25
2 no broadcast clock 2026/09/14 21:59:17.873 sat=130
2 no broadcast ephemeris: 2026/09/14 21:59:18 sat=26 iode= -1
2 no broadcast clock 2026/09/14 21:59:17.929 sat=26
2 no broadcast clock 2026/09/14 21:59:17.872 sat=132
2 no broadcast ephemeris: 2026/09/14 21:59:18 sat= 4 iode= -1
2 no broadcast clock 2026/09/14 21:59:17.918 sat= 4
2 no broadcast clock 2026/09/14 21:59:17.873 sat=145
2 no broadcast ephemeris: 2026/09/14 21:59:18 sat=18 iode= -1
2 no broadcast clock 2026/09/14 21:59:17.927 sat=18
2 no broadcast ephemeris: 2026/09/14 21:59:18 sat=16 iode= -1
2 no broadcast clock 2026/09/14 21:59:17.922 sat=16
2 no broadcast ephemeris: 2026/09/14 21:59:18 sat=31 iode= -1
2 no broadcast clock 2026/09/14 21:59:17.931 sat=31
2 no broadcast ephemeris: 2026/09/14 21:59:18 sat=21 iode= -1
2 no broadcast clock 2026/09/14 21:59:17.917 sat=21
2 no broadcast ephemeris: 2026/09/14 21:59:18 sat= 5 iode= -1
2 no broadcast clock 2026/09/14 21:59:17.918 sat= 5
2 no broadcast ephemeris: 2026/09/14 21:59:18 sat=28 iode= -1
2 no broadcast clock 2026/09/14 21:59:17.929 sat=28
2 no broadcast ephemeris: 2026/09/14 21:59:18 sat=29 iode= -1
2 no broadcast clock 2026/09/14 21:59:17.930 sat=29
2 no broadcast ephemeris: 2026/09/14 21:59:18 sat= 1 iode= -1
2 no broadcast clock 2026/09/14 21:59:17.925 sat= 1
2 no broadcast clock 2026/09/14 21:59:17.921 sat=38
2 no broadcast clock 2026/09/14 21:59:17.928 sat=49
2 no broadcast clock 2026/09/14 21:59:17.935 sat=56
2 no broadcast clock 2026/09/14 21:59:17.920 sat=37
2 no broadcast clock 2026/09/14 21:59:17.930 sat=47
2 no broadcast clock 2026/09/14 21:59:17.936 sat=46
2 no broadcast clock 2026/09/14 21:59:17.924 sat=45
2 no broadcast ephemeris: 2026/09/14 21:59:18 sat=60 iode= -1
2 no broadcast clock 2026/09/14 21:59:17.911 sat=60
2 no broadcast ephemeris: 2026/09/14 21:59:18 sat=62 iode= -1
2 no broadcast clock 2026/09/14 21:59:17.908 sat=62
2 no broadcast ephemeris: 2026/09/14 21:59:18 sat=69 iode= -1
2 no broadcast clock 2026/09/14 21:59:17.917 sat=69
2 no broadcast ephemeris: 2026/09/14 21:59:18 sat=71 iode= -1
2 no broadcast clock 2026/09/14 21:59:17.915 sat=71
2 no broadcast ephemeris: 2026/09/14 21:59:18 sat=75 iode= -1
2 no broadcast clock 2026/09/14 21:59:17.914 sat=75
2 no broadcast ephemeris: 2026/09/14 21:59:18 sat=77 iode= -1
2 no broadcast clock 2026/09/14 21:59:17.921 sat=77
2 no broadcast ephemeris: 2026/09/14 21:59:18 sat=79 iode= -1
2 no broadcast clock 2026/09/14 21:59:17.913 sat=79
2 no broadcast ephemeris: 2026/09/14 21:59:18 sat=82 iode= -1
2 no broadcast clock 2026/09/14 21:59:17.907 sat=82
2 no broadcast ephemeris: 2026/09/14 21:59:18 sat=83 iode= -1
2 no broadcast clock 2026/09/14 21:59:17.915 sat=83
2 no broadcast ephemeris: 2026/09/14 21:59:18 sat=84 iode= -1
2 no broadcast clock 2026/09/14 21:59:17.912 sat=84
2 no broadcast ephemeris: 2026/09/14 21:59:18 sat=85 iode= -1
2 no broadcast clock 2026/09/14 21:59:17.904 sat=85
2 no broadcast ephemeris: 2026/09/14 21:59:18 sat=102 iode= -1
2 no broadcast clock 2026/09/14 21:59:17.863 sat=102
2 no broadcast ephemeris: 2026/09/14 21:59:18 sat=106 iode= -1
2 no broadcast clock 2026/09/14 21:59:17.915 sat=106
2 no broadcast ephemeris: 2026/09/14 21:59:18 sat=113 iode= -1
2 no broadcast clock 2026/09/14 21:59:17.909 sat=113
2 no broadcast ephemeris: 2026/09/14 21:59:18 sat=117 iode= -1
2 no broadcast clock 2026/09/14 21:59:17.915 sat=117
2 point position error (lack of valid sats ns=4)
2 rtcm3 1097 satellite error: prn=34
2 rtcm3 1127: unknown signal id=31
2 rtcm3 1127 satellite error: prn=38
2 no broadcast clock 2026/09/14 21:59:18.873 sat=130
2 no broadcast clock 2026/09/14 21:59:18.872 sat=132
2 no broadcast clock 2026/09/14 21:59:18.873 sat=145
2 no broadcast ephemeris: 2026/09/14 21:59:19 sat= 1 iode= -1
2 no broadcast clock 2026/09/14 21:59:18.925 sat= 1
2 no broadcast clock 2026/09/14 21:59:18.921 sat=38
2 no broadcast clock 2026/09/14 21:59:18.928 sat=49
2 no broadcast clock 2026/09/14 21:59:18.935 sat=56
2 no broadcast clock 2026/09/14 21:59:18.920 sat=37
2 no broadcast clock 2026/09/14 21:59:18.930 sat=47
2 no broadcast clock 2026/09/14 21:59:18.936 sat=46
2 no broadcast clock 2026/09/14 21:59:18.924 sat=45
2 no broadcast ephemeris: 2026/09/14 21:59:19 sat=60 iode= -1
2 no broadcast clock 2026/09/14 21:59:18.911 sat=60
2 no broadcast ephemeris: 2026/09/14 21:59:19 sat=62 iode= -1
2 no broadcast clock 2026/09/14 21:59:18.908 sat=62
2 no broadcast ephemeris: 2026/09/14 21:59:19 sat=69 iode= -1
2 no broadcast clock 2026/09/14 21:59:18.917 sat=69
2 no broadcast ephemeris: 2026/09/14 21:59:19 sat=71 iode= -1
2 no broadcast clock 2026/09/14 21:59:18.915 sat=71
2 no broadcast ephemeris: 2026/09/14 21:59:19 sat=75 iode= -1
2 no broadcast clock 2026/09/14 21:59:18.914 sat=75
2 no broadcast ephemeris: 2026/09/14 21:59:19 sat=77 iode= -1
2 no broadcast clock 2026/09/14 21:59:18.921 sat=77
2 no broadcast ephemeris: 2026/09/14 21:59:19 sat=79 iode= -1
2 no broadcast clock 2026/09/14 21:59:18.913 sat=79
2 no broadcast ephemeris: 2026/09/14 21:59:19 sat=82 iode= -1
2 no broadcast clock 2026/09/14 21:59:18.907 sat=82
2 no broadcast ephemeris: 2026/09/14 21:59:19 sat=83 iode= -1
2 no broadcast clock 2026/09/14 21:59:18.915 sat=83
2 no broadcast ephemeris: 2026/09/14 21:59:19 sat=84 iode= -1
2 no broadcast clock 2026/09/14 21:59:18.912 sat=84
2 no broadcast ephemeris: 2026/09/14 21:59:19 sat=85 iode= -1
2 no broadcast clock 2026/09/14 21:59:18.904 sat=85
2 no broadcast ephemeris: 2026/09/14 21:59:19 sat=102 iode= -1
2 no broadcast clock 2026/09/14 21:59:18.863 sat=102
2 no broadcast ephemeris: 2026/09/14 21:59:19 sat=106 iode= -1
2 no broadcast clock 2026/09/14 21:59:18.915 sat=106
2 no broadcast ephemeris: 2026/09/14 21:59:19 sat=113 iode= -1
2 no broadcast clock 2026/09/14 21:59:18.909 sat=113
2 no broadcast ephemeris: 2026/09/14 21:59:19 sat=117 iode= -1
2 no broadcast clock 2026/09/14 21:59:18.915 sat=117
2 point position error (lack of valid sats ns=4)
2 rtcm3 1097 satellite error: prn=34
2 rtcm3 1127: unknown signal id=31
2 rtcm3 1127 satellite error: prn=38
2 no broadcast clock 2026/09/14 21:59:19.873 sat=130
2 no broadcast clock 2026/09/14 21:59:19.872 sat=132
2 no broadcast clock 2026/09/14 21:59:19.873 sat=145
2 no broadcast ephemeris: 2026/09/14 21:59:20 sat= 1 iode= -1
2 no broadcast clock 2026/09/14 21:59:19.925 sat= 1
2 no broadcast clock 2026/09/14 21:59:19.921 sat=38
2 no broadcast clock 2026/09/14 21:59:19.928 sat=49
2 no broadcast clock 2026/09/14 21:59:19.935 sat=56
2 no broadcast clock 2026/09/14 21:59:19.920 sat=37
2 no broadcast clock 2026/09/14 21:59:19.930 sat=47
2 no broadcast clock 2026/09/14 21:59:19.936 sat=46
2 no broadcast clock 2026/09/14 21:59:19.924 sat=45
2 no broadcast ephemeris: 2026/09/14 21:59:20 sat=60 iode= -1
2 no broadcast clock 2026/09/14 21:59:19.911 sat=60
2 no broadcast ephemeris: 2026/09/14 21:59:20 sat=62 iode= -1
2 no broadcast clock 2026/09/14 21:59:19.908 sat=62
2 no broadcast ephemeris: 2026/09/14 21:59:20 sat=69 iode= -1
2 no broadcast clock 2026/09/14 21:59:19.917 sat=69
2 no broadcast ephemeris: 2026/09/14 21:59:20 sat=71 iode= -1
2 no broadcast clock 2026/09/14 21:59:19.915 sat=71
2 no broadcast ephemeris: 2026/09/14 21:59:20 sat=75 iode= -1
2 no broadcast clock 2026/09/14 21:59:19.914 sat=75
2 no broadcast ephemeris: 2026/09/14 21:59:20 sat=77 iode= -1
2 no broadcast clock 2026/09/14 21:59:19.921 sat=77
2 no broadcast ephemeris: 2026/09/14 21:59:20 sat=79 iode= -1
2 no broadcast clock 2026/09/14 21:59:19.913 sat=79
2 no broadcast ephemeris: 2026/09/14 21:59:20 sat=82 iode= -1
2 no broadcast clock 2026/09/14 21:59:19.907 sat=82
2 no broadcast ephemeris: 2026/09/14 21:59:20 sat=83 iode= -1
2 no broadcast clock 2026/09/14 21:59:19.915 sat=83
2 no broadcast ephemeris: 2026/09/14 21:59:20 sat=84 iode= -1
2 no broadcast clock 2026/09/14 21:59:19.912 sat=84
2 no broadcast ephemeris: 2026/09/14 21:59:20 sat=85 iode= -1
2 no broadcast clock 2026/09/14 21:59:19.904 sat=85
2 no broadcast ephemeris: 2026/09/14 21:59:20 sat=102 iode= -1
2 no broadcast clock 2026/09/14 21:59:19.863 sat=102
2 no broadcast ephemeris: 2026/09/14 21:59:20 sat=106 iode= -1
2 no broadcast clock 2026/09/14 21:59:19.915 sat=106
2 no broadcast ephemeris: 2026/09/14 21:59:20 sat=113 iode= -1
2 no broadcast clock 2026/09/14 21:59:19.909 sat=113
2 no broadcast ephemeris: 2026/09/14 21:59:20 sat=117 iode= -1
2 no broadcast clock 2026/09/14 21:59:19.915 sat=117
2 point position error (lack of valid sats ns=4)
2 rtcm3 1097 satellite error: prn=34
2 rtcm3 1127: unknown signal id=31
2 rtcm3 1127 satellite error: prn=38
2 no broadcast clock 2026/09/14 21:59:20.873 sat=130
2 no broadcast clock 2026/09/14 21:59:20.872 sat=132
2 no broadcast clock 2026/09/14 21:59:20.873 sat=145
2 no broadcast ephemeris: 2026/09/14 21:59:21 sat= 1 iode= -1
2 no broadcast clock 2026/09/14 21:59:20.925 sat= 1
2 no broadcast clock 2026/09/14 21:59:20.921 sat=38
2 no broadcast clock 2026/09/14 21:59:20.928 sat=49
2 no broadcast clock 2026/09/14 21:59:20.935 sat=56
2 no broadcast clock 2026/09/14 21:59:20.920 sat=37
2 no broadcast clock 2026/09/14 21:59:20.930 sat=47
2 no broadcast clock 2026/09/14 21:59:20.936 sat=46
2 no broadcast clock 2026/09/14 21:59:20.924 sat=45
2 no broadcast ephemeris: 2026/09/14 21:59:21 sat=60 iode= -1
2 no broadcast clock 2026/09/14 21:59:20.911 sat=60
2 no broadcast ephemeris: 2026/09/14 21:59:21 sat=62 iode= -1
2 no broadcast clock 2026/09/14 21:59:20.908 sat=62
2 no broadcast ephemeris: 2026/09/14 21:59:21 sat=69 iode= -1
2 no broadcast clock 2026/09/14 21:59:20.917 sat=69
2 no broadcast ephemeris: 2026/09/14 21:59:21 sat=71 iode= -1
2 no broadcast clock 2026/09/14 21:59:20.915 sat=71
2 no broadcast ephemeris: 2026/09/14 21:59:21 sat=75 iode= -1
2 no broadcast clock 2026/09/14 21:59:20.914 sat=75
2 no broadcast ephemeris: 2026/09/14 21:59:21 sat=77 iode= -1
2 no broadcast clock 2026/09/14 21:59:20.921 sat=77
2 no broadcast ephemeris: 2026/09/14 21:59:21 sat=79 iode= -1
2 no broadcast clock 2026/09/14 21:59:20.913 sat=79
2 no broadcast ephemeris: 2026/09/14 21:59:21 sat=82 iode= -1
2 no broadcast clock 2026/09/14 21:59:20.907 sat=82
2 no broadcast ephemeris: 2026/09/14 21:59:21 sat=83 iode= -1
2 no broadcast clock 2026/09/14 21:59:20.915 sat=83
2 no broadcast ephemeris: 2026/09/14 21:59:21 sat=84 iode= -1
2 no broadcast clock 2026/09/14 21:59:20.912 sat=84
2 no broadcast ephemeris: 2026/09/14 21:59:21 sat=85 iode= -1
2 no broadcast clock 2026/09/14 21:59:20.904 sat=85
2 no broadcast ephemeris: 2026/09/14 21:59:21 sat=102 iode= -1
2 no broadcast clock 2026/09/14 21:59:20.863 sat=102
2 no broadcast ephemeris: 2026/09/14 21:59:21 sat=106 iode= -1
2 no broadcast clock 2026/09/14 21:59:20.915 sat=106
2 no broadcast ephemeris: 2026/09/14 21:59:21 sat=113 iode= -1
2 no broadcast clock 2026/09/14 21:59:20.909 sat=113
2 no broadcast ephemeris: 2026/09/14 21:59:21 sat=117 iode= -1
2 no broadcast clock 2026/09/14 21:59:20.915 sat=117
2 point position error (lack of valid sats ns=4)
2 rtcm3 1097 satellite error: prn=34
2 rtcm3 1127: unknown signal id=31
2 rtcm3 1127 satellite error: prn=38
2 no broadcast clock 2026/09/14 21:59:21.873 sat=130
2 no broadcast clock 2026/09/14 21:59:21.872 sat=132
2 no broadcast clock 2026/09/14 21:59:21.873 sat=145
2 no broadcast ephemeris: 2026/09/14 21:59:22 sat= 1 iode= -1
2 no broadcast clock 2026/09/14 21:59:21.925 sat= 1
2 no broadcast clock 2026/09/14 21:59:21.921 sat=38
2 no broadcast clock 2026/09/14 21:59:21.928 sat=49
2 no broadcast clock 2026/09/14 21:59:21.935 sat=56
2 no broadcast clock 2026/09/14 21:59:21.920 sat=37
2 no broadcast clock 2026/09/14 21:59:21.930 sat=47
2 no broadcast clock 2026/09/14 21:59:21.936 sat=46
2 no broadcast clock 2026/09/14 21:59:21.924 sat=45
2 no broadcast ephemeris: 2026/09/14 21:59:22 sat=60 iode= -1
2 no broadcast clock 2026/09/14 21:59:21.911 sat=60
2 no broadcast ephemeris: 2026/09/14 21:59:22 sat=62 iode= -1
2 no broadcast clock 2026/09/14 21:59:21.908 sat=62
2 no broadcast ephemeris: 2026/09/14 21:59:22 sat=69 iode= -1
2 no broadcast clock 2026/09/14 21:59:21.917 sat=69
2 no broadcast ephemeris: 2026/09/14 21:59:22 sat=71 iode= -1
2 no broadcast clock 2026/09/14 21:59:21.915 sat=71
2 no broadcast ephemeris: 2026/09/14 21:59:22 sat=75 iode= -1
2 no broadcast clock 2026/09/14 21:59:21.914 sat=75
2 no broadcast ephemeris: 2026/09/14 21:59:22 sat=77 iode= -1
2 no broadcast clock 2026/09/14 21:59:21.921 sat=77
2 no broadcast ephemeris: 2026/09/14 21:59:22 sat=79 iode= -1
2 no broadcast clock 2026/09/14 21:59:21.913 sat=79
2 no broadcast ephemeris: 2026/09/14 21:59:22 sat=82 iode= -1
2 no broadcast clock 2026/09/14 21:59:21.907 sat=82
2 no broadcast ephemeris: 2026/09/14 21:59:22 sat=83 iode= -1
2 no broadcast clock 2026/09/14 21:59:21.915 sat=83
2 no broadcast ephemeris: 2026/09/14 21:59:22 sat=84 iode= -1
2 no broadcast clock 2026/09/14 21:59:21.912 sat=84
2 no broadcast ephemeris: 2026/09/14 21:59:22 sat=85 iode= -1
2 no broadcast clock 2026/09/14 21:59:21.904 sat=85
2 no broadcast ephemeris: 2026/09/14 21:59:22 sat=102 iode= -1
2 no broadcast clock 2026/09/14 21:59:21.863 sat=102
2 no broadcast ephemeris: 2026/09/14 21:59:22 sat=106 iode= -1
2 no broadcast clock 2026/09/14 21:59:21.915 sat=106
2 no broadcast ephemeris: 2026/09/14 21:59:22 sat=113 iode= -1
2 no broadcast clock 2026/09/14 21:59:21.909 sat=113
2 no broadcast ephemeris: 2026/09/14 21:59:22 sat=117 iode= -1
2 no broadcast clock 2026/09/14 21:59:21.915 sat=117
2 point position error (lack of valid sats ns=4)
2 rtcm3 1097 satellite error: prn=34
2 rtcm3 1127: unknown signal id=31
2 rtcm3 1127 satellite error: prn=38
2 no broadcast clock 2026/09/14 21:59:22.873 sat=130
2 no broadcast clock 2026/09/14 21:59:22.872 sat=132
2 no broadcast clock 2026/09/14 21:59:22.873 sat=145
2 no broadcast ephemeris: 2026/09/14 21:59:23 sat= 1 iode= -1
2 no broadcast clock 2026/09/14 21:59:22.925 sat= 1
2 no broadcast clock 2026/09/14 21:59:22.921 sat=38
2 no broadcast clock 2026/09/14 21:59:22.928 sat=49
2 no broadcast clock 2026/09/14 21:59:22.935 sat=56
2 no broadcast clock 2026/09/14 21:59:22.920 sat=37
2 no broadcast clock 2026/09/14 21:59:22.930 sat=47
2 no broadcast clock 2026/09/14 21:59:22.936 sat=46
2 no broadcast clock 2026/09/14 21:59:22.924 sat=45
2 no broadcast ephemeris: 2026/09/14 21:59:23 sat=60 iode= -1
2 no broadcast clock 2026/09/14 21:59:22.911 sat=60
2 no broadcast ephemeris: 2026/09/14 21:59:23 sat=62 iode= -1
2 no broadcast clock 2026/09/14 21:59:22.908 sat=62
2 no broadcast ephemeris: 2026/09/14 21:59:23 sat=69 iode= -1
2 no broadcast clock 2026/09/14 21:59:22.917 sat=69
2 no broadcast ephemeris: 2026/09/14 21:59:23 sat=71 iode= -1
2 no broadcast clock 2026/09/14 21:59:22.915 sat=71
2 no broadcast ephemeris: 2026/09/14 21:59:23 sat=75 iode= -1
2 no broadcast clock 2026/09/14 21:59:22.914 sat=75
2 no broadcast ephemeris: 2026/09/14 21:59:23 sat=77 iode= -1
2 no broadcast clock 2026/09/14 21:59:22.921 sat=77
2 no broadcast ephemeris: 2026/09/14 21:59:23 sat=79 iode= -1
2 no broadcast clock 2026/09/14 21:59:22.913 sat=79
2 no broadcast ephemeris: 2026/09/14 21:59:23 sat=82 iode= -1
2 no broadcast clock 2026/09/14 21:59:22.907 sat=82
2 no broadcast ephemeris: 2026/09/14 21:59:23 sat=83 iode= -1
2 no broadcast clock 2026/09/14 21:59:22.915 sat=83
2 no broadcast ephemeris: 2026/09/14 21:59:23 sat=84 iode= -1
2 no broadcast clock 2026/09/14 21:59:22.912 sat=84
2 no broadcast ephemeris: 2026/09/14 21:59:23 sat=85 iode= -1
2 no broadcast clock 2026/09/14 21:59:22.904 sat=85
2 no broadcast ephemeris: 2026/09/14 21:59:23 sat=102 iode= -1
2 no broadcast clock 2026/09/14 21:59:22.863 sat=102
2 no broadcast ephemeris: 2026/09/14 21:59:23 sat=106 iode= -1
2 no broadcast clock 2026/09/14 21:59:22.915 sat=106
2 no broadcast ephemeris: 2026/09/14 21:59:23 sat=113 iode= -1
2 no broadcast clock 2026/09/14 21:59:22.909 sat=113
2 no broadcast ephemeris: 2026/09/14 21:59:23 sat=117 iode= -1
2 no broadcast clock 2026/09/14 21:59:22.915 sat=117
2 point position error (lack of valid sats ns=4)
2 rtcm3 1097 satellite error: prn=34
2 rtcm3 1127: unknown signal id=31
2 rtcm3 1127 satellite error: prn=38
2 no broadcast clock 2026/09/14 21:59:23.873 sat=130
2 no broadcast clock 2026/09/14 21:59:23.872 sat=132
2 no broadcast clock 2026/09/14 21:59:23.873 sat=145
2 no broadcast ephemeris: 2026/09/14 21:59:24 sat= 1 iode= -1
2 no broadcast clock 2026/09/14 21:59:23.925 sat= 1
2 no broadcast clock 2026/09/14 21:59:23.921 sat=38
2 no broadcast clock 2026/09/14 21:59:23.928 sat=49
2 no broadcast clock 2026/09/14 21:59:23.935 sat=56
2 no broadcast clock 2026/09/14 21:59:23.920 sat=37
2 no broadcast clock 2026/09/14 21:59:23.930 sat=47
2 no broadcast clock 2026/09/14 21:59:23.936 sat=46
2 no broadcast clock 2026/09/14 21:59:23.924 sat=45
2 no broadcast ephemeris: 2026/09/14 21:59:24 sat=60 iode= -1
2 no broadcast clock 2026/09/14 21:59:23.911 sat=60
2 no broadcast ephemeris: 2026/09/14 21:59:24 sat=62 iode= -1
2 no broadcast clock 2026/09/14 21:59:23.908 sat=62
2 no broadcast ephemeris: 2026/09/14 21:59:24 sat=69 iode= -1
2 no broadcast clock 2026/09/14 21:59:23.917 sat=69
2 no broadcast ephemeris: 2026/09/14 21:59:24 sat=71 iode= -1
2 no broadcast clock 2026/09/14 21:59:23.915 sat=71
2 no broadcast ephemeris: 2026/09/14 21:59:24 sat=75 iode= -1
2 no broadcast clock 2026/09/14 21:59:23.914 sat=75
2 no broadcast ephemeris: 2026/09/14 21:59:24 sat=77 iode= -1
2 no broadcast clock 2026/09/14 21:59:23.921 sat=77
2 no broadcast ephemeris: 2026/09/14 21:59:24 sat=79 iode= -1
2 no broadcast clock 2026/09/14 21:59:23.913 sat=79
2 no broadcast ephemeris: 2026/09/14 21:59:24 sat=82 iode= -1
2 no broadcast clock 2026/09/14 21:59:23.907 sat=82
2 no broadcast ephemeris: 2026/09/14 21:59:24 sat=83 iode= -1
2 no broadcast clock 2026/09/14 21:59:23.915 sat=83
2 no broadcast ephemeris: 2026/09/14 21:59:24 sat=84 iode= -1
2 no broadcast clock 2026/09/14 21:59:23.912 sat=84
2 no broadcast ephemeris: 2026/09/14 21:59:24 sat=85 iode= -1
2 no broadcast clock 2026/09/14 21:59:23.904 sat=85
2 no broadcast ephemeris: 2026/09/14 21:59:24 sat=102 iode= -1
2 no broadcast clock 2026/09/14 21:59:23.863 sat=102
2 no broadcast ephemeris: 2026/09/14 21:59:24 sat=106 iode= -1
2 no broadcast clock 2026/09/14 21:59:23.915 sat=106
2 no broadcast ephemeris: 2026/09/14 21:59:24 sat=113 iode= -1
2 no broadcast clock 2026/09/14 21:59:23.909 sat=113
2 no broadcast ephemeris: 2026/09/14 21:59:24 sat=117 iode= -1
2 no broadcast clock 2026/09/14 21:59:23.915 sat=117
2 point position error (lack of valid sats ns=4)
2 rtcm3 1097 satellite error: prn=34
2 rtcm3 1127: unknown signal id=31
2 rtcm3 1127 satellite error: prn=38
2 no broadcast clock 2026/09/14 21:59:24.873 sat=130
2 no broadcast clock 2026/09/14 21:59:24.872 sat=132
2 no broadcast clock 2026/09/14 21:59:24.873 sat=145
2 no broadcast ephemeris: 2026/09/14 21:59:25 sat= 1 iode= -1
2 no broadcast clock 2026/09/14 21:59:24.925 sat= 1
2 no broadcast clock 2026/09/14 21:59:24.921 sat=38
2 no broadcast clock 2026/09/14 21:59:24.928 sat=49
2 no broadcast clock 2026/09/14 21:59:24.935 sat=56
2 no broadcast clock 2026/09/14 21:59:24.920 sat=37
2 no broadcast clock 2026/09/14 21:59:24.930 sat=47
2 no broadcast clock 2026/09/14 21:59:24.936 sat=46
2 no broadcast clock 2026/09/14 21:59:24.924 sat=45
2 no broadcast ephemeris: 2026/09/14 21:59:25 sat=60 iode= -1
2 no broadcast clock 2026/09/14 21:59:24.911 sat=60
2 no broadcast ephemeris: 2026/09/14 21:59:25 sat=62 iode= -1
2 no broadcast clock 2026/09/14 21:59:24.908 sat=62
2 no broadcast ephemeris: 2026/09/14 21:59:25 sat=69 iode= -1
2 no broadcast clock 2026/09/14 21:59:24.917 sat=69
2 no broadcast ephemeris: 2026/09/14 21:59:25 sat=71 iode= -1
2 no broadcast clock 2026/09/14 21:59:24.915 sat=71
2 no broadcast ephemeris: 2026/09/14 21:59:25 sat=75 iode= -1
2 no broadcast clock 2026/09/14 21:59:24.914 sat=75
2 no broadcast ephemeris: 2026/09/14 21:59:25 sat=77 iode= -1
2 no broadcast clock 2026/09/14 21:59:24.921 sat=77
2 no broadcast ephemeris: 2026/09/14 21:59:25 sat=79 iode= -1
2 no broadcast clock 2026/09/14 21:59:24.913 sat=79
2 no broadcast ephemeris: 2026/09/14 21:59:25 sat=82 iode= -1
2 no broadcast clock 2026/09/14 21:59:24.907 sat=82
2 no broadcast ephemeris: 2026/09/14 21:59:25 sat=83 iode= -1
2 no broadcast clock 2026/09/14 21:59:24.915 sat=83
2 no broadcast ephemeris: 2026/09/14 21:59:25 sat=84 iode= -1
2 no broadcast clock 2026/09/14 21:59:24.912 sat=84
2 no broadcast ephemeris: 2026/09/14 21:59:25 sat=85 iode= -1
2 no broadcast clock 2026/09/14 21:59:24.904 sat=85
2 no broadcast ephemeris: 2026/09/14 21:59:25 sat=102 iode= -1
2 no broadcast clock 2026/09/14 21:59:24.863 sat=102
2 no broadcast ephemeris: 2026/09/14 21:59:25 sat=106 iode= -1
2 no broadcast clock 2026/09/14 21:59:24.915 sat=106
2 no broadcast ephemeris: 2026/09/14 21:59:25 sat=113 iode= -1
2 no broadcast clock 2026/09/14 21:59:24.909 sat=113
2 no broadcast ephemeris: 2026/09/14 21:59:25 sat=117 iode= -1
2 no broadcast clock 2026/09/14 21:59:24.915 sat=117
2 point position error (lack of valid sats ns=4)
2 rtcm3 1097 satellite error: prn=34
2 rtcm3 1127: unknown signal id=31
2 rtcm3 1127 satellite error: prn=38
2 no broadcast clock 2026/09/14 21:59:25.873 sat=130
2 no broadcast clock 2026/09/14 21:59:25.872 sat=132
2 no broadcast clock 2026/09/14 21:59:25.873 sat=145
2 no broadcast ephemeris: 2026/09/14 21:59:26 sat= 1 iode= -1
2 no broadcast clock 2026/09/14 21:59:25.925 sat= 1
2 no broadcast ephemeris: 2026/09/14 21:59:26 sat=60 iode= -1
2 no broadcast clock 2026/09/14 21:59:25.911 sat=60
2 no broadcast ephemeris: 2026/09/14 21:59:26 sat=62 iode= -1
2 no broadcast clock 2026/09/14 21:59:25.908 sat=62
2 no broadcast ephemeris: 2026/09/14 21:59:26 sat=69 iode= -1
2 no broadcast clock 2026/09/14 21:59:25.917 sat=69
2 no broadcast ephemeris: 2026/09/14 21:59:26 sat=71 iode= -1
2 no broadcast clock 2026/09/14 21:59:25.915 sat=71
2 no broadcast ephemeris: 2026/09/14 21:59:26 sat=75 iode= -1
2 no broadcast clock 2026/09/14 21:59:25.914 sat=75
2 no broadcast ephemeris: 2026/09/14 21:59:26 sat=77 iode= -1
2 no broadcast clock 2026/09/14 21:59:25.921 sat=77
2 no broadcast ephemeris: 2026/09/14 21:59:26 sat=79 iode= -1
2 no broadcast clock 2026/09/14 21:59:25.913 sat=79
2 no broadcast ephemeris: 2026/09/14 21:59:26 sat=82 iode= -1
2 no broadcast clock 2026/09/14 21:59:25.907 sat=82
2 no broadcast ephemeris: 2026/09/14 21:59:26 sat=83 iode= -1
2 no broadcast clock 2026/09/14 21:59:25.915 sat=83
2 no broadcast ephemeris: 2026/09/14 21:59:26 sat=84 iode= -1
2 no broadcast clock 2026/09/14 21:59:25.912 sat=84
2 no broadcast ephemeris: 2026/09/14 21:59:26 sat=85 iode= -1
2 no broadcast clock 2026/09/14 21:59:25.904 sat=85
2 no broadcast ephemeris: 2026/09/14 21:59:26 sat=102 iode= -1
2 no broadcast clock 2026/09/14 21:59:25.863 sat=102
2 no broadcast ephemeris: 2026/09/14 21:59:26 sat=106 iode= -1
2 no broadcast clock 2026/09/14 21:59:25.915 sat=106
2 no broadcast ephemeris: 2026/09/14 21:59:26 sat=113 iode= -1
2 no broadcast clock 2026/09/14 21:59:25.909 sat=113
2 no broadcast ephemeris: 2026/09/14 21:59:26 sat=117 iode= -1
2 no broadcast clock 2026/09/14 21:59:25.915 sat=117
2 point position error (lack of valid sats ns=4)
2 rtcm3 1097 satellite error: prn=34
2 rtcm3 1127: unknown signal id=31
2 rtcm3 1127 satellite error: prn=38
2 no broadcast clock 2026/09/14 21:59:26.873 sat=130
2 no broadcast clock 2026/09/14 21:59:26.872 sat=132
2 no broadcast clock 2026/09/14 21:59:26.873 sat=145
2 no broadcast ephemeris: 2026/09/14 21:59:27 sat= 1 iode= -1
2 no broadcast clock 2026/09/14 21:59:26.925 sat= 1
2 no broadcast ephemeris: 2026/09/14 21:59:27 sat=60 iode= -1
2 no broadcast clock 2026/09/14 21:59:26.911 sat=60
2 no broadcast ephemeris: 2026/09/14 21:59:27 sat=62 iode= -1
2 no broadcast clock 2026/09/14 21:59:26.908 sat=62
2 no broadcast ephemeris: 2026/09/14 21:59:27 sat=69 iode= -1
2 no broadcast clock 2026/09/14 21:59:26.917 sat=69
2 no broadcast ephemeris: 2026/09/14 21:59:27 sat=71 iode= -1
2 no broadcast clock 2026/09/14 21:59:26.915 sat=71
2 no broadcast ephemeris: 2026/09/14 21:59:27 sat=75 iode= -1
2 no broadcast clock 2026/09/14 21:59:26.914 sat=75
2 no broadcast ephemeris: 2026/09/14 21:59:27 sat=77 iode= -1
2 no broadcast clock 2026/09/14 21:59:26.921 sat=77
2 no broadcast ephemeris: 2026/09/14 21:59:27 sat=79 iode= -1
2 no broadcast clock 2026/09/14 21:59:26.913 sat=79
2 no broadcast ephemeris: 2026/09/14 21:59:27 sat=82 iode= -1
2 no broadcast clock 2026/09/14 21:59:26.907 sat=82
2 no broadcast ephemeris: 2026/09/14 21:59:27 sat=83 iode= -1
2 no broadcast clock 2026/09/14 21:59:26.915 sat=83
2 no broadcast ephemeris: 2026/09/14 21:59:27 sat=84 iode= -1
2 no broadcast clock 2026/09/14 21:59:26.912 sat=84
2 no broadcast ephemeris: 2026/09/14 21:59:27 sat=85 iode= -1
2 no broadcast clock 2026/09/14 21:59:26.904 sat=85
2 no broadcast ephemeris: 2026/09/14 21:59:27 sat=102 iode= -1
2 no broadcast clock 2026/09/14 21:59:26.863 sat=102
2 no broadcast ephemeris: 2026/09/14 21:59:27 sat=106 iode= -1
2 no broadcast clock 2026/09/14 21:59:26.915 sat=106
2 no broadcast ephemeris: 2026/09/14 21:59:27 sat=113 iode= -1
2 no broadcast clock 2026/09/14 21:59:26.909 sat=113
2 no broadcast ephemeris: 2026/09/14 21:59:27 sat=117 iode= -1
2 no broadcast clock 2026/09/14 21:59:26.915 sat=117
2 point position error (lack of valid sats ns=4)
2 rtcm3 1045 satellite number error: prn=34
2 rtcm3 1046 satellite number error: prn=34
2 rtcm3 1230: not supported message
2 rtcm3 1097 satellite error: prn=34
2 rtcm3 1127: unknown signal id=31
2 rtcm3 1127 satellite error: prn=38
2 no broadcast clock 2026/09/14 21:59:27.873 sat=130
2 no broadcast clock 2026/09/14 21:59:27.872 sat=132
2 no broadcast clock 2026/09/14 21:59:27.873 sat=145
2 no broadcast ephemeris: 2026/09/14 21:59:28 sat= 1 iode= -1
2 no broadcast clock 2026/09/14 21:59:27.925 sat= 1
2 no broadcast ephemeris: 2026/09/14 21:59:28 sat=102 iode= -1
2 no broadcast clock 2026/09/14 21:59:27.863 sat=102
2 no broadcast ephemeris: 2026/09/14 21:59:28 sat=106 iode= -1
2 no broadcast clock 2026/09/14 21:59:27.915 sat=106
2 no broadcast ephemeris: 2026/09/14 21:59:28 sat=113 iode= -1
2 no broadcast clock 2026/09/14 21:59:27.909 sat=113
2 no broadcast ephemeris: 2026/09/14 21:59:28 sat=117 iode= -1
2 no broadcast clock 2026/09/14 21:59:27.915 sat=117
2 point position error (lack of valid sats ns=4)
2 rtcm3 1097 satellite error: prn=34
2 rtcm3 1127: unknown signal id=31
2 rtcm3 1127 satellite error: prn=38
2 no broadcast clock 2026/09/14 21:59:28.873 sat=130
2 no broadcast clock 2026/09/14 21:59:28.872 sat=132
2 no broadcast clock 2026/09/14 21:59:28.873 sat=145
2 no broadcast ephemeris: 2026/09/14 21:59:29 sat= 1 iode= -1
2 no broadcast clock 2026/09/14 21:59:28.925 sat= 1
2 no broadcast ephemeris: 2026/09/14 21:59:29 sat=102 iode= -1
2 no broadcast clock 2026/09/14 21:59:28.863 sat=102
2 no broadcast ephemeris: 2026/09/14 21:59:29 sat=106 iode= -1
2 no broadcast clock 2026/09/14 21:59:28.915 sat=106
2 no broadcast ephemeris: 2026/09/14 21:59:29 sat=113 iode= -1
2 no broadcast clock 2026/09/14 21:59:28.909 sat=113
2 no broadcast ephemeris: 2026/09/14 21:59:29 sat=117 iode= -1
2 no broadcast clock 2026/09/14 21:59:28.915 sat=117
2 point position error (lack of valid sats ns=4)
2 rtcm3 1097 satellite error: prn=34
2 rtcm3 1127: unknown signal id=31
2 rtcm3 1127 satellite error: prn=38
2 no broadcast clock 2026/09/14 21:59:29.873 sat=130
2 no broadcast clock 2026/09/14 21:59:29.872 sat=132
2 no broadcast clock 2026/09/14 21:59:29.873 sat=145
2 no broadcast ephemeris: 2026/09/14 21:59:30 sat= 1 iode= -1
2 no broadcast clock 2026/09/14 21:59:29.925 sat= 1
2 no broadcast ephemeris: 2026/09/14 21:59:30 sat=102 iode= -1
2 no broadcast clock 2026/09/14 21:59:29.863 sat=102
2 no broadcast ephemeris: 2026/09/14 21:59:30 sat=106 iode= -1
2 no broadcast clock 2026/09/14 21:59:29.915 sat=106
2 no broadcast ephemeris: 2026/09/14 21:59:30 sat=113 iode= -1
2 no broadcast clock 2026/09/14 21:59:29.909 sat=113
2 no broadcast ephemeris: 2026/09/14 21:59:30 sat=117 iode= -1
2 no broadcast clock 2026/09/14 21:59:29.915 sat=117
2 point position error (lack of valid sats ns=4)
2 rtcm3 1097 satellite error: prn=34
2 rtcm3 1127: unknown signal id=31
2 rtcm3 1127 satellite error: prn=38
2 no broadcast clock 2026/09/14 21:59:30.873 sat=130
2 no broadcast clock 2026/09/14 21:59:30.872 sat=132
2 no broadcast clock 2026/09/14 21:59:30.873 sat=145
2 no broadcast ephemeris: 2026/09/14 21:59:31 sat= 1 iode= -1
2 no broadcast clock 2026/09/14 21:59:30.925 sat= 1
2 no broadcast ephemeris: 2026/09/14 21:59:31 sat=102 iode= -1
2 no broadcast clock 2026/09/14 21:59:30.863 sat=102
2 no broadcast ephemeris: 2026/09/14 21:59:31 sat=106 iode= -1
2 no broadcast clock 2026/09/14 21:59:30.915 sat=106
2 no broadcast ephemeris: 2026/09/14 21:59:31 sat=113 iode= -1
2 no broadcast clock 2026/09/14 21:59:30.909 sat=113
2 no broadcast ephemeris: 2026/09/14 21:59:31 sat=117 iode= -1
2 no broadcast clock 2026/09/14 21:59:30.915 sat=117
2 point position error (lack of valid sats ns=4)
2 rtcm3 1097 satellite error: prn=34
2 rtcm3 1127: unknown signal id=31
2 rtcm3 1127 satellite error: prn=38
2 no broadcast clock 2026/09/14 21:59:31.873 sat=130
2 no broadcast clock 2026/09/14 21:59:31.872 sat=132
2 no broadcast clock 2026/09/14 21:59:31.873 sat=145
2 no broadcast ephemeris: 2026/09/14 21:59:32 sat= 1 iode= -1
2 no broadcast clock 2026/09/14 21:59:31.925 sat= 1
2 no broadcast ephemeris: 2026/09/14 21:59:32 sat=102 iode= -1
2 no broadcast clock 2026/09/14 21:59:31.863 sat=102
2 no broadcast ephemeris: 2026/09/14 21:59:32 sat=106 iode= -1
2 no broadcast clock 2026/09/14 21:59:31.915 sat=106
2 no broadcast ephemeris: 2026/09/14 21:59:32 sat=113 iode= -1
2 no broadcast clock 2026/09/14 21:59:31.909 sat=113
2 no broadcast ephemeris: 2026/09/14 21:59:32 sat=117 iode= -1
2 no broadcast clock 2026/09/14 21:59:31.915 sat=117
2 point position error (lack of valid sats ns=4)
2 rtcm3 1042 satellite number error: prn=38
2 rtcm3 1042 satellite number error: prn=38
2 rtcm3 1097 satellite error: prn=34
2 rtcm3 1127: unknown signal id=31
2 rtcm3 1127 satellite error: prn=38
2 no broadcast clock 2026/09/14 21:59:32.873 sat=130
2 no broadcast clock 2026/09/14 21:59:32.872 sat=132
2 no broadcast clock 2026/09/14 21:59:32.873 sat=145
2 no broadcast ephemeris: 2026/09/14 21:59:33 sat= 1 iode= -1
2 no broadcast clock 2026/09/14 21:59:32.925 sat= 1
2 point position error (lack of valid sats ns=4)
2 rtcm3 1097 satellite error: prn=34
2 rtcm3 1127: unknown signal id=31
2 rtcm3 1127 satellite error: prn=38
2 no broadcast clock 2026/09/14 21:59:33.873 sat=130
2 no broadcast clock 2026/09/14 21:59:33.872 sat=132
2 no broadcast clock 2026/09/14 21:59:33.873 sat=145
2 no broadcast ephemeris: 2026/09/14 21:59:34 sat= 1 iode= -1
2 no broadcast clock 2026/09/14 21:59:33.925 sat= 1
2 point position error (lack of valid sats ns=4)
2 rtcm3 1097 satellite error: prn=34
2 rtcm3 1127: unknown signal id=31
2 rtcm3 1127 satellite error: prn=38
2 no broadcast clock 2026/09/14 21:59:34.873 sat=130
2 no broadcast clock 2026/09/14 21:59:34.872 sat=132
2 no broadcast clock 2026/09/14 21:59:34.873 sat=145
2 no broadcast ephemeris: 2026/09/14 21:59:35 sat= 1 iode= -1
2 no broadcast clock 2026/09/14 21:59:34.925 sat= 1
2 point position error (lack of valid sats ns=4)
2 rtcm3 1097 satellite error: prn=34
2 rtcm3 1127: unknown signal id=31
2 rtcm3 1127 satellite error: prn=38
2 no broadcast clock 2026/09/14 21:59:35.873 sat=130
2 no broadcast clock 2026/09/14 21:59:35.872 sat=132
2 no broadcast clock 2026/09/14 21:59:35.873 sat=145
2 no broadcast ephemeris: 2026/09/14 21:59:36 sat= 1 iode= -1
2 no broadcast clock 2026/09/14 21:59:35.925 sat= 1
2 point position error (lack of valid sats ns=4)
2 rtcm3 1045 satellite number error: prn=34
2 rtcm3 1046 satellite number error: prn=34
2 rtcm3 1097 satellite error: prn=34
2 rtcm3 1127: unknown signal id=31
2 rtcm3 1127 satellite error: prn=38
2 no broadcast clock 2026/09/14 21:59:36.873 sat=130
2 no broadcast clock 2026/09/14 21:59:36.872 sat=132
2 no broadcast clock 2026/09/14 21:59:36.873 sat=145
2 no broadcast ephemeris: 2026/09/14 21:59:37 sat= 1 iode= -1
2 no broadcast clock 2026/09/14 21:59:36.925 sat= 1
2 point position error (lack of valid sats ns=4)
2 rtcm3 1097 satellite error: prn=34
2 rtcm3 1127: unknown signal id=31
2 rtcm3 1127 satellite error: prn=38
2 no broadcast clock 2026/09/14 21:59:37.873 sat=130
2 no broadcast clock 2026/09/14 21:59:37.872 sat=132
2 no broadcast clock 2026/09/14 21:59:37.873 sat=145
2 no broadcast ephemeris: 2026/09/14 21:59:38 sat= 1 iode= -1
2 no broadcast clock 2026/09/14 21:59:37.925 sat= 1
2 point position error (lack of valid sats ns=4)
2 rtcm3 1097 satellite error: prn=34
2 rtcm3 1127: unknown signal id=31
2 rtcm3 1127 satellite error: prn=38
2 no broadcast clock 2026/09/14 21:59:38.873 sat=130
2 no broadcast clock 2026/09/14 21:59:38.872 sat=132
2 no broadcast clock 2026/09/14 21:59:38.873 sat=145
2 no broadcast ephemeris: 2026/09/14 21:59:39 sat= 1 iode= -1
2 no broadcast clock 2026/09/14 21:59:38.925 sat= 1
2 point position error (lack of valid sats ns=4)
2 rtcm3 1097 satellite error: prn=34
2 rtcm3 1127: unknown signal id=31
2 rtcm3 1127 satellite error: prn=38
2 no broadcast clock 2026/09/14 21:59:39.873 sat=130
2 no broadcast clock 2026/09/14 21:59:39.872 sat=132
2 no broadcast clock 2026/09/14 21:59:39.873 sat=145
2 no broadcast ephemeris: 2026/09/14 21:59:40 sat= 1 iode= -1
2 no broadcast clock 2026/09/14 21:59:39.925 sat= 1
2 point position error (lack of valid sats ns=4)
2 rtcm3 1097 satellite error: prn=34
2 rtcm3 1127: unknown signal id=31
2 rtcm3 1127 satellite error: prn=38
2 no broadcast clock 2026/09/14 21:59:40.873 sat=130
2 no broadcast clock 2026/09/14 21:59:40.872 sat=132
2 no broadcast clock 2026/09/14 21:59:40.873 sat=145
2 no broadcast ephemeris: 2026/09/14 21:59:41 sat= 1 iode= -1
2 no broadcast clock 2026/09/14 21:59:40.925 sat= 1
2 point position error (lack of valid sats ns=4)
2 rtcm3 1097 satellite error: prn=34
2 rtcm3 1127: unknown signal id=31
2 rtcm3 1127 satellite error: prn=38
2 no broadcast clock 2026/09/14 21:59:41.873 sat=130
2 no broadcast clock 2026/09/14 21:59:41.872 sat=132
2 no broadcast clock 2026/09/14 21:59:41.873 sat=145
2 no broadcast ephemeris: 2026/09/14 21:59:42 sat= 1 iode= -1
2 no broadcast clock 2026/09/14 21:59:41.925 sat= 1
2 point position error (lack of valid sats ns=4)
2 rtcm3 1097 satellite error: prn=34
2 rtcm3 1127: unknown signal id=31
2 rtcm3 1127 satellite error: prn=38
2 no broadcast clock 2026/09/14 21:59:42.873 sat=130
2 no broadcast clock 2026/09/14 21:59:42.872 sat=132
2 no broadcast clock 2026/09/14 21:59:42.873 sat=145
2 no broadcast ephemeris: 2026/09/14 21:59:43 sat= 1 iode= -1
2 no broadcast clock 2026/09/14 21:59:42.925 sat= 1
2 point position error (lack of valid sats ns=4)
2 rtcm3 1097 satellite error: prn=34
2 rtcm3 1127: unknown signal id=31
2 rtcm3 1127 satellite error: prn=38
2 no broadcast clock 2026/09/14 21:59:43.873 sat=130
2 no broadcast clock 2026/09/14 21:59:43.872 sat=132
2 no broadcast clock 2026/09/14 21:59:43.873 sat=145
2 no broadcast ephemeris: 2026/09/14 21:59:44 sat= 1 iode= -1
2 no broadcast clock 2026/09/14 21:59:43.925 sat= 1
2 point position error (lack of valid sats ns=4)
2 rtcm3 1097 satellite error: prn=34
2 rtcm3 1127: unknown signal id=31
2 rtcm3 1127 satellite error: prn=38
2 no broadcast clock 2026/09/14 21:59:44.873 sat=130
2 no broadcast clock 2026/09/14 21:59:44.872 sat=132
2 no broadcast clock 2026/09/14 21:59:44.873 sat=145
2 no broadcast ephemeris: 2026/09/14 21:59:45 sat= 1 iode= -1
2 no broadcast clock 2026/09/14 21:59:44.925 sat= 1
2 point position error (lack of valid sats ns=4)
2 rtcm3 1097 satellite error: prn=34
2 rtcm3 1127: unknown signal id=31
2 rtcm3 1127 satellite error: prn=38
2 no broadcast clock 2026/09/14 21:59:45.873 sat=130
2 no broadcast clock 2026/09/14 21:59:45.872 sat=132
2 no broadcast clock 2026/09/14 21:59:45.873 sat=145
2 no broadcast ephemeris: 2026/09/14 21:59:46 sat= 1 iode= -1
2 no broadcast clock 2026/09/14 21:59:45.925 sat= 1
2 point position error (lack of valid sats ns=4)
2 rtcm3 1097 satellite error: prn=34
2 rtcm3 1127: unknown signal id=31
2 rtcm3 1127 satellite error: prn=38
2 no broadcast clock 2026/09/14 21:59:46.873 sat=130
2 no broadcast clock 2026/09/14 21:59:46.872 sat=132
2 no broadcast clock 2026/09/14 21:59:46.873 sat=145
2 no broadcast ephemeris: 2026/09/14 21:59:47 sat= 1 iode= -1
2 no broadcast clock 2026/09/14 21:59:46.925 sat= 1
2 point position error (lack of valid sats ns=4)
2 rtcm3 1097 satellite error: prn=34
2 rtcm3 1127: unknown signal id=31
2 rtcm3 1127 satellite error: prn=38
2 no broadcast clock 2026/09/14 21:59:47.873 sat=130
2 no broadcast clock 2026/09/14 21:59:47.872 sat=132
2 no broadcast clock 2026/09/14 21:59:47.873 sat=145
2 no broadcast ephemeris: 2026/09/14 21:59:48 sat= 1 iode= -1
2 no broadcast clock 2026/09/14 21:59:47.925 sat= 1
2 point position error (lack of valid sats ns=4)
2 rtcm3 1097 satellite error: prn=34
2 rtcm3 1127: unknown signal id=31
2 rtcm3 1127 satellite error: prn=38
2 no broadcast clock 2026/09/14 21:59:48.873 sat=130
2 no broadcast clock 2026/09/14 21:59:48.872 sat=132
2 no broadcast clock 2026/09/14 21:59:48.873 sat=145
2 no broadcast ephemeris: 2026/09/14 21:59:49 sat= 1 iode= -1
2 no broadcast clock 2026/09/14 21:59:48.925 sat= 1
2 point position error (lack of valid sats ns=4)
2 rtcm3 1097 satellite error: prn=34
2 rtcm3 1127: unknown signal id=31
2 rtcm3 1127 satellite error: prn=38
2 no broadcast clock 2026/09/14 21:59:49.873 sat=130
2 no broadcast clock 2026/09/14 21:59:49.872 sat=132
2 no broadcast clock 2026/09/14 21:59:49.873 sat=145
2 no broadcast ephemeris: 2026/09/14 21:59:50 sat= 1 iode= -1
2 no broadcast clock 2026/09/14 21:59:49.925 sat= 1
2 point position error (lack of valid sats ns=4)
2 rtcm3 1045 satellite number error: prn=34
2 rtcm3 1046 satellite number error: prn=34
2 rtcm3 1097 satellite error: prn=34
2 rtcm3 1127: unknown signal id=31
2 rtcm3 1127 satellite error: prn=38
2 no broadcast clock 2026/09/14 21:59:50.873 sat=130
2 no broadcast clock 2026/09/14 21:59:50.872 sat=132
2 no broadcast clock 2026/09/14 21:59:50.873 sat=145
2 no broadcast ephemeris: 2026/09/14 21:59:51 sat= 1 iode= -1
2 no broadcast clock 2026/09/14 21:59:50.925 sat= 1
2 point position error (lack of valid sats ns=4)
2 rtcm3 1097 satellite error: prn=34
2 rtcm3 1127: unknown signal id=31
2 rtcm3 1127 satellite error: prn=38
2 no broadcast clock 2026/09/14 21:59:51.873 sat=130
2 no broadcast clock 2026/09/14 21:59:51.872 sat=132
2 no broadcast clock 2026/09/14 21:59:51.873 sat=145
2 no broadcast ephemeris: 2026/09/14 21:59:52 sat= 1 iode= -1
2 no broadcast clock 2026/09/14 21:59:51.925 sat= 1
2 point position error (lack of valid sats ns=4)
2 rtcm3 1097 satellite error: prn=34
2 rtcm3 1127: unknown signal id=31
2 rtcm3 1127 satellite error: prn=38
2 no broadcast clock 2026/09/14 21:59:52.873 sat=130
2 no broadcast clock 2026/09/14 21:59:52.872 sat=132
2 no broadcast clock 2026/09/14 21:59:52.873 sat=145
2 no broadcast ephemeris: 2026/09/14 21:59:53 sat= 1 iode= -1
2 no broadcast clock 2026/09/14 21:59:52.925 sat= 1
2 point position error (lack of valid sats ns=4)
2 rtcm3 1097 satellite error: prn=34
2 rtcm3 1127: unknown signal id=31
2 rtcm3 1127 satellite error: prn=38
2 no broadcast clock 2026/09/14 21:59:53.873 sat=130
2 no broadcast clock 2026/09/14 21:59:53.872 sat=132
2 no broadcast clock 2026/09/14 21:59:53.873 sat=145
2 no broadcast ephemeris: 2026/09/14 21:59:54 sat= 1 iode= -1
2 no broadcast clock 2026/09/14 21:59:53.925 sat= 1
2 point position error (lack of valid sats ns=4)
2 rtcm3 1097 satellite error: prn=34
2 rtcm3 1127: unknown signal id=31
2 rtcm3 1127 satellite error: prn=38
2 no broadcast clock 2026/09/14 21:59:54.873 sat=130
2 no broadcast clock 2026/09/14 21:59:54.872 sat=132
2 no broadcast clock 2026/09/14 21:59:54.873 sat=145
2 no broadcast ephemeris: 2026/09/14 21:59:55 sat= 1 iode= -1
2 no broadcast clock 2026/09/14 21:59:54.925 sat= 1
2 point position error (lack of valid sats ns=4)
2 rtcm3 1097 satellite error: prn=34
2 rtcm3 1127: unknown signal id=31
2 rtcm3 1127 satellite error: prn=38
2 no broadcast clock 2026/09/14 21:59:55.873 sat=130
2 no broadcast clock 2026/09/14 21:59:55.872 sat=132
2 no broadcast clock 2026/09/14 21:59:55.873 sat=145
2 no broadcast ephemeris: 2026/09/14 21:59:56 sat= 1 iode= -1
2 no broadcast clock 2026/09/14 21:59:55.925 sat= 1
2 point position error (lack of valid sats ns=4)
2 rtcm3 1097 satellite error: prn=34
2 rtcm3 1127: unknown signal id=31
2 rtcm3 1127 satellite error: prn=38
2 no broadcast clock 2026/09/14 21:59:56.873 sat=130
2 no broadcast clock 2026/09/14 21:59:56.872 sat=132
2 no broadcast clock 2026/09/14 21:59:56.873 sat=145
2 no broadcast ephemeris: 2026/09/14 21:59:57 sat= 1 iode= -1
2 no broadcast clock 2026/09/14 21:59:56.925 sat= 1
2 point position error (lack of valid sats ns=4)
2 rtcm3 1045 satellite number error: prn=34
2 rtcm3 1046 satellite number error: prn=34
2 rtcm3 1230: not supported message
2 rtcm3 1097 satellite error: prn=34
2 rtcm3 1127: unknown signal id=31
2 rtcm3 1127 satellite error: prn=38
2 no broadcast clock 2026/09/14 21:59:57.873 sat=130
2 no broadcast clock 2026/09/14 21:59:57.872 sat=132
2 no broadcast clock 2026/09/14 21:59:57.873 sat=145
2 no broadcast ephemeris: 2026/09/14 21:59:58 sat= 1 iode= -1
2 no broadcast clock 2026/09/14 21:59:57.925 sat= 1
2 point position error (lack of valid sats ns=4)
2 rtcm3 1097 satellite error: prn=34
2 rtcm3 1127: unknown signal id=31
2 rtcm3 1127 satellite error: prn=38
2 no broadcast clock 2026/09/14 21:59:58.873 sat=130
2 no broadcast clock 2026/09/14 21:59:58.872 sat=132
2 no broadcast clock 2026/09/14 21:59:58.873 sat=145
2 no broadcast ephemeris: 2026/09/14 21:59:59 sat= 1 iode= -1
2 no broadcast clock 2026/09/14 21:59:58.925 sat= 1
2 point position error (lack of valid sats ns=4)
2 rtcm3 1097 satellite error: prn=34
2 rtcm3 1127: unknown signal id=31
2 rtcm3 1127 satellite error: prn=38
2 no broadcast clock 2026/09/14 21:59:59.873 sat=130
2 no broadcast clock 2026/09/14 21:59:59.872 sat=132
2 no broadcast clock 2026/09/14 21:59:59.873 sat=145
2 no broadcast ephemeris: 2026/09/14 22:00:00 sat= 1 iode= -1
2 no broadcast clock 2026/09/14 21:59:59.925 sat= 1
2 point position error (lack of valid sats ns=4)
2 rtcm3 1097 satellite error: prn=34
2 rtcm3 1127: unknown signal id=31
2 rtcm3 1127 satellite error: prn=38
2 no broadcast clock 2026/09/14 22:00:00.873 sat=130
2 no broadcast clock 2026/09/14 22:00:00.872 sat=132
2 no broadcast clock 2026/09/14 22:00:00.873 sat=145
2 no broadcast ephemeris: 2026/09/14 22:00:01 sat= 1 iode= -1
2 no broadcast clock 2026/09/14 22:00:00.925 sat= 1
2 point position error (lack of valid sats ns=4)
2 rtcm3 1097 satellite error: prn=34
2 rtcm3 1127: unknown signal id=31
2 rtcm3 1127 satellite error: prn=38
2 no broadcast clock 2026/09/14 22:00:01.873 sat=130
2 no broadcast clock 2026/09/14 22:00:01.872 sat=132
2 no broadcast clock 2026/09/14 22:00:01.873 sat=145
2 no broadcast ephemeris: 2026/09/14 22:00:02 sat= 1 iode= -1
2 no broadcast clock 2026/09/14 22:00:01.925 sat= 1
2 point position error (lack of valid sats ns=4)
2 rtcm3 1042 satellite number error: prn=38
2 rtcm3 1042 satellite number error: prn=38
2 rtcm3 1097 satellite error: prn=34
2 rtcm3 1127: unknown signal id=31
2 rtcm3 1127 satellite error: prn=38
2 no broadcast clock 2026/09/14 22:00:02.873 sat=130
2 no broadcast clock 2026/09/14 22:00:02.872 sat=132
2 no broadcast clock 2026/09/14 22:00:02.873 sat=145
2 no broadcast ephemeris: 2026/09/14 22:00:03 sat= 1 iode= -1
2 no broadcast clock 2026/09/14 22:00:02.925 sat= 1
2 point position error (lack of valid sats ns=4)
2 rtcm3 1097 satellite error: prn=34
2 rtcm3 1127: unknown signal id=31
2 rtcm3 1127 satellite error: prn=38
2 no broadcast clock 2026/09/14 22:00:03.873 sat=130
2 no broadcast clock 2026/09/14 22:00:03.872 sat=132
2 no broadcast clock 2026/09/14 22:00:03.873 sat=145
2 no broadcast ephemeris: 2026/09/14 22:00:04 sat= 1 iode= -1
2 no broadcast clock 2026/09/14 22:00:03.925 sat= 1
2 point position error (lack of valid sats ns=4)
2 rtcm3 1097 satellite error: prn=34
2 rtcm3 1127: unknown signal id=31
2 rtcm3 1127 satellite error: prn=38
2 no broadcast clock 2026/09/14 22:00:04.873 sat=130
2 no broadcast clock 2026/09/14 22:00:04.872 sat=132
2 no broadcast clock 2026/09/14 22:00:04.873 sat=145
2 no broadcast ephemeris: 2026/09/14 22:00:05 sat= 1 iode= -1
2 no broadcast clock 2026/09/14 22:00:04.925 sat= 1
2 point position error (lack of valid sats ns=4)
2 rtcm3 1097 satellite error: prn=34
2 rtcm3 1127: unknown signal id=31
2 rtcm3 1127 satellite error: prn=38
2 no broadcast clock 2026/09/14 22:00:05.873 sat=130
2 no broadcast clock 2026/09/14 22:00:05.872 sat=132
2 no broadcast clock 2026/09/14 22:00:05.873 sat=145
2 no broadcast ephemeris: 2026/09/14 22:00:06 sat= 1 iode= -1
2 no broadcast clock 2026/09/14 22:00:05.925 sat= 1
2 point position error (lack of valid sats ns=4)
2 rtcm3 1045 satellite number error: prn=34
2 rtcm3 1046 satellite number error: prn=34
2 rtcm3 1097 satellite error: prn=34
2 rtcm3 1127: unknown signal id=31
2 rtcm3 1127 satellite error: prn=38
2 no broadcast clock 2026/09/14 22:00:06.873 sat=130
2 no broadcast clock 2026/09/14 22:00:06.872 sat=132
2 no broadcast clock 2026/09/14 22:00:06.873 sat=145
2 no broadcast ephemeris: 2026/09/14 22:00:07 sat= 1 iode= -1
2 no broadcast clock 2026/09/14 22:00:06.925 sat= 1
2 point position error (lack of valid sats ns=4)
2 rtcm3 1097 satellite error: prn=34
2 rtcm3 1127: unknown signal id=31
2 rtcm3 1127 satellite error: prn=38
2 no broadcast clock 2026/09/14 22:00:07.873 sat=130
2 no broadcast clock 2026/09/14 22:00:07.872 sat=132
2 no broadcast clock 2026/09/14 22:00:07.873 sat=145
2 no broadcast ephemeris: 2026/09/14 22:00:08 sat= 1 iode= -1
2 no broadcast clock 2026/09/14 22:00:07.925 sat= 1
2 point position error (lack of valid sats ns=4)
2 rtcm3 1097 satellite error: prn=34
2 rtcm3 1127: unknown signal id=31
2 rtcm3 1127 satellite error: prn=38
2 no broadcast clock 2026/09/14 22:00:08.873 sat=130
2 no broadcast clock 2026/09/14 22:00:08.872 sat=132
2 no broadcast clock 2026/09/14 22:00:08.873 sat=145
2 no broadcast ephemeris: 2026/09/14 22:00:09 sat= 1 iode= -1
2 no broadcast clock 2026/09/14 22:00:08.925 sat= 1
2 point position error (lack of valid sats ns=4)
2 rtcm3 1097 satellite error: prn=34
2 rtcm3 1127: unknown signal id=31
2 rtcm3 1127 satellite error: prn=38
2 no broadcast clock 2026/09/14 22:00:09.873 sat=130
2 no broadcast clock 2026/09/14 22:00:09.872 sat=132
2 no broadcast clock 2026/09/14 22:00:09.873 sat=145
2 no broadcast ephemeris: 2026/09/14 22:00:10 sat= 1 iode= -1
2 no broadcast clock 2026/09/14 22:00:09.925 sat= 1
2 point position error (lack of valid sats ns=4)
2 rtcm3 1097 satellite error: prn=34
2 rtcm3 1127: unknown signal id=31
2 rtcm3 1127 satellite error: prn=38
2 no broadcast clock 2026/09/14 22:00:10.873 sat=130
2 no broadcast clock 2026/09/14 22:00:10.872 sat=132
2 no broadcast clock 2026/09/14 22:00:10.873 sat=145
2 no broadcast ephemeris: 2026/09/14 22:00:11 sat= 1 iode= -1
2 no broadcast clock 2026/09/14 22:00:10.925 sat= 1
2 point position error (lack of valid sats ns=4)
2 rtcm3 1097 satellite error: prn=34
2 rtcm3 1127: unknown signal id=31
2 rtcm3 1127 satellite error: prn=38
2 no broadcast clock 2026/09/14 22:00:11.873 sat=130
2 no broadcast clock 2026/09/14 22:00:11.872 sat=132
2 no broadcast clock 2026/09/14 22:00:11.873 sat=145
2 no broadcast ephemeris: 2026/09/14 22:00:12 sat= 1 iode= -1
2 no broadcast clock 2026/09/14 22:00:11.925 sat= 1
2 point position error (lack of valid sats ns=4)
2 rtcm3 1097 satellite error: prn=34
2 rtcm3 1127: unknown signal id=31
2 rtcm3 1127 satellite error: prn=38
2 no broadcast clock 2026/09/14 22:00:12.873 sat=130
2 no broadcast clock 2026/09/14 22:00:12.872 sat=132
2 no broadcast clock 2026/09/14 22:00:12.873 sat=145
2 no broadcast ephemeris: 2026/09/14 22:00:13 sat= 1 iode= -1
2 no broadcast clock 2026/09/14 22:00:12.925 sat= 1
2 point position error (lack of valid sats ns=4)
2 rtcm3 1097 satellite error: prn=34
2 rtcm3 1127: unknown signal id=31
2 rtcm3 1127 satellite error: prn=38
2 no broadcast clock 2026/09/14 22:00:13.873 sat=130
2 no broadcast clock 2026/09/14 22:00:13.872 sat=132
2 no broadcast clock 2026/09/14 22:00:13.873 sat=145
2 no broadcast ephemeris: 2026/09/14 22:00:14 sat= 1 iode= -1
2 no broadcast clock 2026/09/14 22:00:13.925 sat= 1
2 point position error (lack of valid sats ns=4)
2 rtcm3 1097 satellite error: prn=34
2 rtcm3 1127: unknown signal id=31
2 rtcm3 1127 satellite error: prn=38
2 no broadcast clock 2026/09/14 22:00:14.873 sat=130
2 no broadcast clock 2026/09/14 22:00:14.872 sat=132
2 no broadcast clock 2026/09/14 22:00:14.873 sat=145
2 no broadcast ephemeris: 2026/09/14 22:00:15 sat= 1 iode= -1
2 no broadcast clock 2026/09/14 22:00:14.925 sat= 1
2 point position error (lack of valid sats ns=4)
2 rtcm3 1097 satellite error: prn=34
2 rtcm3 1127: unknown signal id=31
2 rtcm3 1127 satellite error: prn=38
2 no broadcast clock 2026/09/14 22:00:15.873 sat=130
2 no broadcast clock 2026/09/14 22:00:15.872 sat=132
2 no broadcast clock 2026/09/14 22:00:15.873 sat=145
2 no broadcast ephemeris: 2026/09/14 22:00:16 sat= 1 iode= -1
2 no broadcast clock 2026/09/14 22:00:15.925 sat= 1
2 point position error (lack of valid sats ns=4)
2 rtcm3 1097 satellite error: prn=34
2 rtcm3 1127: unknown signal id=31
2 rtcm3 1127 satellite error: prn=38
2 no broadcast clock 2026/09/14 22:00:16.873 sat=130
2 no broadcast clock 2026/09/14 22:00:16.872 sat=132
2 no broadcast clock 2026/09/14 22:00:16.873 sat=145
2 no broadcast ephemeris: 2026/09/14 22:00:17 sat= 1 iode= -1
2 no broadcast clock 2026/09/14 22:00:16.925 sat= 1
2 point position error (lack of valid sats ns=4)
2 rtcm3 1097 satellite error: prn=34
2 rtcm3 1127: unknown signal id=31
2 rtcm3 1127 satellite error: prn=38
2 no broadcast clock 2026/09/14 22:00:17.873 sat=130
2 no broadcast clock 2026/09/14 22:00:17.872 sat=132
2 no broadcast clock 2026/09/14 22:00:17.873 sat=145
2 no broadcast ephemeris: 2026/09/14 22:00:18 sat= 1 iode= -1
2 no broadcast clock 2026/09/14 22:00:17.925 sat= 1
2 point position error (lack of valid sats ns=4)
2 rtcm3 1097 satellite error: prn=34
2 rtcm3 1127: unknown signal id=31
2 rtcm3 1127 satellite error: prn=38
2 no broadcast clock 2026/09/14 22:00:18.873 sat=130
2 no broadcast clock 2026/09/14 22:00:18.872 sat=132
2 no broadcast clock 2026/09/14 22:00:18.873 sat=145
2 no broadcast ephemeris: 2026/09/14 22:00:19 sat= 1 iode= -1
2 no broadcast clock 2026/09/14 22:00:18.925 sat= 1
2 point position error (lack of valid sats ns=4)
2 rtcm3 1097 satellite error: prn=34
2 rtcm3 1127: unknown signal id=31
2 rtcm3 1127 satellite error: prn=38
2 no broadcast clock 2026/09/14 22:00:19.873 sat=130
2 no broadcast clock 2026/09/14 22:00:19.872 sat=132
2 no broadcast ephemeris: 2026/09/14 22:00:20 sat=27 iode= -1
2 no broadcast clock 2026/09/14 22:00:19.915 sat=27
2 no broadcast clock 2026/09/14 22:00:19.873 sat=145
2 no broadcast ephemeris: 2026/09/14 22:00:20 sat= 1 iode= -1
2 no broadcast clock 2026/09/14 22:00:19.925 sat= 1
2 point position error (lack of valid sats ns=4)
2 rtcm3 1097 satellite error: prn=34
2 rtcm3 1127: unknown signal id=31
2 rtcm3 1127 satellite error: prn=38
2 no broadcast clock 2026/09/14 22:00:20.873 sat=130
2 no broadcast clock 2026/09/14 22:00:20.872 sat=132
2 no broadcast ephemeris: 2026/09/14 22:00:21 sat=27 iode= -1
2 no broadcast clock 2026/09/14 22:00:20.915 sat=27
2 no broadcast clock 2026/09/14 22:00:20.873 sat=145
2 no broadcast ephemeris: 2026/09/14 22:00:21 sat= 1 iode= -1
2 no broadcast clock 2026/09/14 22:00:20.925 sat= 1
2 point position error (lack of valid sats ns=4)
2 rtcm3 1097 satellite error: prn=34
2 rtcm3 1127: unknown signal id=31
2 rtcm3 1127 satellite error: prn=38
2 no broadcast clock 2026/09/14 22:00:21.873 sat=130
2 no broadcast clock 2026/09/14 22:00:21.872 sat=132
2 no broadcast ephemeris: 2026/09/14 22:00:22 sat=27 iode= -1
2 no broadcast clock 2026/09/14 22:00:21.915 sat=27
2 no broadcast clock 2026/09/14 22:00:21.873 sat=145
2 no broadcast ephemeris: 2026/09/14 22:00:22 sat= 1 iode= -1
2 no broadcast clock 2026/09/14 22:00:21.925 sat= 1
2 point position error (lack of valid sats ns=4)
2 rtcm3 1097 satellite error: prn=34
2 rtcm3 1127: unknown signal id=31
2 rtcm3 1127 satellite error: prn=38
2 no broadcast clock 2026/09/14 22:00:22.873 sat=130
2 no broadcast clock 2026/09/14 22:00:22.872 sat=132
2 no broadcast ephemeris: 2026/09/14 22:00:23 sat=27 iode= -1
2 no broadcast clock 2026/09/14 22:00:22.915 sat=27
2 no broadcast clock 2026/09/14 22:00:22.873 sat=145
2 no broadcast ephemeris: 2026/09/14 22:00:23 sat= 1 iode= -1
2 no broadcast clock 2026/09/14 22:00:22.925 sat= 1
2 point position error (lack of valid sats ns=4)
2 rtcm3 1097 satellite error: prn=34
2 rtcm3 1127: unknown signal id=31
2 rtcm3 1127 satellite error: prn=38
2 no broadcast clock 2026/09/14 22:00:23.873 sat=130
2 no broadcast clock 2026/09/14 22:00:23.872 sat=132
2 no broadcast ephemeris: 2026/09/14 22:00:24 sat=27 iode= -1
2 no broadcast clock 2026/09/14 22:00:23.915 sat=27
2 no broadcast clock 2026/09/14 22:00:23.873 sat=145
2 no broadcast ephemeris: 2026/09/14 22:00:24 sat= 1 iode= -1
2 no broadcast clock 2026/09/14 22:00:23.925 sat= 1
2 point position error (lack of valid sats ns=4)
2 rtcm3 1097 satellite error: prn=34
2 rtcm3 1127: unknown signal id=31
2 rtcm3 1127 satellite error: prn=38
2 no broadcast clock 2026/09/14 22:00:24.873 sat=130
2 no broadcast clock 2026/09/14 22:00:24.872 sat=132
2 no broadcast ephemeris: 2026/09/14 22:00:25 sat=27 iode= -1
2 no broadcast clock 2026/09/14 22:00:24.915 sat=27
2 no broadcast clock 2026/09/14 22:00:24.873 sat=145
2 no broadcast ephemeris: 2026/09/14 22:00:25 sat= 1 iode= -1
2 no broadcast clock 2026/09/14 22:00:24.925 sat= 1
2 point position error (lack of valid sats ns=4)
2 rtcm3 1097 satellite error: prn=34
2 rtcm3 1127: unknown signal id=31
2 rtcm3 1127 satellite error: prn=38
2 no broadcast clock 2026/09/14 22:00:25.873 sat=130
2 no broadcast clock 2026/09/14 22:00:25.872 sat=132
2 no broadcast ephemeris: 2026/09/14 22:00:26 sat=27 iode= -1
2 no broadcast clock 2026/09/14 22:00:25.915 sat=27
2 no broadcast clock 2026/09/14 22:00:25.873 sat=145
2 no broadcast ephemeris: 2026/09/14 22:00:26 sat= 1 iode= -1
2 no broadcast clock 2026/09/14 22:00:25.925 sat= 1
2 point position error (lack of valid sats ns=4)
2 rtcm3 1097 satellite error: prn=34
2 rtcm3 1127: unknown signal id=31
2 rtcm3 1127 satellite error: prn=38
2 no broadcast clock 2026/09/14 22:00:26.873 sat=130
2 no broadcast clock 2026/09/14 22:00:26.872 sat=132
2 no broadcast ephemeris: 2026/09/14 22:00:27 sat=27 iode= -1
2 no broadcast clock 2026/09/14 22:00:26.915 sat=27
2 no broadcast clock 2026/09/14 22:00:26.873 sat=145
2 no broadcast ephemeris: 2026/09/14 22:00:27 sat= 1 iode= -1
2 no broadcast clock 2026/09/14 22:00:26.925 sat= 1
2 point position error (lack of valid sats ns=4)
2 rtcm3 1045 satellite number error: prn=34
2 rtcm3 1046 satellite number error: prn=34
2 rtcm3 1230: not supported message
2 rtcm3 1097 satellite error: prn=34
2 rtcm3 1127: unknown signal id=31
2 rtcm3 1127 satellite error: prn=38
2 no broadcast clock 2026/09/14 22:00:27.873 sat=130
2 no broadcast clock 2026/09/14 22:00:27.872 sat=132
2 no broadcast ephemeris: 2026/09/14 22:00:28 sat=27 iode= -1
2 no broadcast clock 2026/09/14 22:00:27.915 sat=27
2 no broadcast clock 2026/09/14 22:00:27.873 sat=145
2 no broadcast ephemeris: 2026/09/14 22:00:28 sat= 1 iode= -1
2 no broadcast clock 2026/09/14 22:00:27.925 sat= 1
2 point position error (lack of valid sats ns=4)
2 rtcm3 1097 satellite error: prn=34
2 rtcm3 1127: unknown signal id=31
2 rtcm3 1127 satellite error: prn=38
2 no broadcast clock 2026/09/14 22:00:28.873 sat=130
2 no broadcast clock 2026/09/14 22:00:28.872 sat=132
2 no broadcast ephemeris: 2026/09/14 22:00:29 sat=27 iode= -1
2 no broadcast clock 2026/09/14 22:00:28.915 sat=27
2 no broadcast clock 2026/09/14 22:00:28.873 sat=145
2 no broadcast ephemeris: 2026/09/14 22:00:29 sat= 1 iode= -1
2 no broadcast clock 2026/09/14 22:00:28.925 sat= 1
2 point position error (lack of valid sats ns=4)
2 rtcm3 1097 satellite error: prn=34
2 rtcm3 1127: unknown signal id=31
2 rtcm3 1127 satellite error: prn=38
2 no broadcast clock 2026/09/14 22:00:29.873 sat=130
2 no broadcast clock 2026/09/14 22:00:29.872 sat=132
2 no broadcast ephemeris: 2026/09/14 22:00:30 sat=27 iode= -1
2 no broadcast clock 2026/09/14 22:00:29.915 sat=27
2 no broadcast clock 2026/09/14 22:00:29.873 sat=145
2 no broadcast ephemeris: 2026/09/14 22:00:30 sat= 1 iode= -1
2 no broadcast clock 2026/09/14 22:00:29.925 sat= 1
2 point position error (lack of valid sats ns=4)
2 rtcm3 1097 satellite error: prn=34
2 rtcm3 1127: unknown signal id=31
2 rtcm3 1127 satellite error: prn=38
2 no broadcast clock 2026/09/14 22:00:30.873 sat=130
2 no broadcast clock 2026/09/14 22:00:30.872 sat=132
2 no broadcast ephemeris: 2026/09/14 22:00:31 sat=27 iode= -1
2 no broadcast clock 2026/09/14 22:00:30.915 sat=27
2 no broadcast clock 2026/09/14 22:00:30.873 sat=145
2 no broadcast ephemeris: 2026/09/14 22:00:31 sat= 1 iode= -1
2 no broadcast clock 2026/09/14 22:00:30.925 sat= 1
2 point position error (lack of valid sats ns=4)
2 rtcm3 1097 satellite error: prn=34
2 rtcm3 1127: unknown signal id=31
2 rtcm3 1127 satellite error: prn=38
2 no broadcast clock 2026/09/14 22:00:31.873 sat=130
2 no broadcast clock 2026/09/14 22:00:31.872 sat=132
2 no broadcast ephemeris: 2026/09/14 22:00:32 sat=27 iode= -1
2 no broadcast clock 2026/09/14 22:00:31.915 sat=27
2 no broadcast clock 2026/09/14 22:00:31.873 sat=145
2 no broadcast ephemeris: 2026/09/14 22:00:32 sat= 1 iode= -1
2 no broadcast clock 2026/09/14 22:00:31.925 sat= 1
2 point position error (lack of valid sats ns=4)
2 rtcm3 1042 satellite number error: prn=38
2 rtcm3 1042 satellite number error: prn=38
2 rtcm3 1097 satellite error: prn=34
2 rtcm3 1127: unknown signal id=31
2 rtcm3 1127 satellite error: prn=38
2 no broadcast clock 2026/09/14 22:00:32.873 sat=130
2 no broadcast clock 2026/09/14 22:00:32.872 sat=132
2 no broadcast ephemeris: 2026/09/14 22:00:33 sat=27 iode= -1
2 no broadcast clock 2026/09/14 22:00:32.915 sat=27
2 no broadcast clock 2026/09/14 22:00:32.873 sat=145
2 no broadcast ephemeris: 2026/09/14 22:00:33 sat= 1 iode= -1
2 no broadcast clock 2026/09/14 22:00:32.925 sat= 1
2 point position error (lack of valid sats ns=4)
2 rtcm3 1097 satellite error: prn=34
2 rtcm3 1127: unknown signal id=31
2 rtcm3 1127 satellite error: prn=38
2 no broadcast clock 2026/09/14 22:00:33.873 sat=130
2 no broadcast clock 2026/09/14 22:00:33.872 sat=132
2 no broadcast ephemeris: 2026/09/14 22:00:34 sat=27 iode= -1
2 no broadcast clock 2026/09/14 22:00:33.915 sat=27
2 no broadcast clock 2026/09/14 22:00:33.873 sat=145
2 no broadcast ephemeris: 2026/09/14 22:00:34 sat= 1 iode= -1
2 no broadcast clock 2026/09/14 22:00:33.925 sat= 1
2 point position error (lack of valid sats ns=4)
2 rtcm3 1097 satellite error: prn=34
2 rtcm3 1127: unknown signal id=31
2 rtcm3 1127 satellite error: prn=38
2 no broadcast clock 2026/09/14 22:00:34.873 sat=130
2 no broadcast clock 2026/09/14 22:00:34.872 sat=132
2 no broadcast ephemeris: 2026/09/14 22:00:35 sat=27 iode= -1
2 no broadcast clock 2026/09/14 22:00:34.915 sat=27
2 no broadcast clock 2026/09/14 22:00:34.873 sat=145
2 no broadcast ephemeris: 2026/09/14 22:00:35 sat= 1 iode= -1
2 no broadcast clock 2026/09/14 22:00:34.925 sat= 1
2 point position error (lack of valid sats ns=4)
2 rtcm3 1097 satellite error: prn=34
2 rtcm3 1127: unknown signal id=31
2 rtcm3 1127 satellite error: prn=38
2 no broadcast clock 2026/09/14 22:00:35.873 sat=130
2 no broadcast clock 2026/09/14 22:00:35.872 sat=132
2 no broadcast ephemeris: 2026/09/14 22:00:36 sat=27 iode= -1
2 no broadcast clock 2026/09/14 22:00:35.915 sat=27
2 no broadcast clock 2026/09/14 22:00:35.873 sat=145
2 no broadcast ephemeris: 2026/09/14 22:00:36 sat= 1 iode= -1
2 no broadcast clock 2026/09/14 22:00:35.925 sat= 1
2 point position error (lack of valid sats ns=4)
2 rtcm3 1045 satellite number error: prn=34
2 rtcm3 1046 satellite number error: prn=34
2 rtcm3 1097 satellite error: prn=34
2 rtcm3 1127: unknown signal id=31
2 rtcm3 1127 satellite error: prn=38
2 no broadcast clock 2026/09/14 22:00:36.873 sat=130
2 no broadcast clock 2026/09/14 22:00:36.872 sat=132
2 no broadcast ephemeris: 2026/09/14 22:00:37 sat=27 iode= -1
2 no broadcast clock 2026/09/14 22:00:36.915 sat=27
2 no broadcast clock 2026/09/14 22:00:36.873 sat=145
2 no broadcast ephemeris: 2026/09/14 22:00:37 sat= 1 iode= -1
2 no broadcast clock 2026/09/14 22:00:36.925 sat= 1
2 point position error (lack of valid sats ns=4)
2 rtcm3 1097 satellite error: prn=34
2 rtcm3 1127: unknown signal id=31
2 rtcm3 1127 satellite error: prn=38
2 no broadcast clock 2026/09/14 22:00:37.873 sat=130
2 no broadcast clock 2026/09/14 22:00:37.872 sat=132
2 no broadcast ephemeris: 2026/09/14 22:00:38 sat=27 iode= -1
2 no broadcast clock 2026/09/14 22:00:37.915 sat=27
2 no broadcast clock 2026/09/14 22:00:37.873 sat=145
2 no broadcast ephemeris: 2026/09/14 22:00:38 sat= 1 iode= -1
2 no broadcast clock 2026/09/14 22:00:37.925 sat= 1
2 point position error (lack of valid sats ns=4)
2 rtcm3 1097 satellite error: prn=34
2 rtcm3 1127: unknown signal id=31
2 rtcm3 1127 satellite error: prn=38
2 no broadcast clock 2026/09/14 22:00:38.873 sat=130
2 no broadcast clock 2026/09/14 22:00:38.872 sat=132
2 no broadcast ephemeris: 2026/09/14 22:00:39 sat=27 iode= -1
2 no broadcast clock 2026/09/14 22:00:38.915 sat=27
2 no broadcast clock 2026/09/14 22:00:38.873 sat=145
2 no broadcast ephemeris: 2026/09/14 22:00:39 sat= 1 iode= -1
2 no broadcast clock 2026/09/14 22:00:38.925 sat= 1
2 point position error (lack of valid sats ns=4)
2 rtcm3 1097 satellite error: prn=34
2 rtcm3 1127: unknown signal id=31
2 rtcm3 1127 satellite error: prn=38
2 no broadcast clock 2026/09/14 22:00:39.873 sat=130
2 no broadcast clock 2026/09/14 22:00:39.872 sat=132
2 no broadcast ephemeris: 2026/09/14 22:00:40 sat=27 iode= -1
2 no broadcast clock 2026/09/14 22:00:39.915 sat=27
2 no broadcast clock 2026/09/14 22:00:39.873 sat=145
2 no broadcast ephemeris: 2026/09/14 22:00:40 sat= 1 iode= -1
2 no broadcast clock 2026/09/14 22:00:39.925 sat= 1
2 point position error (lack of valid sats ns=4)
2 rtcm3 1045 satellite number error: prn=34
2 rtcm3 1046 satellite number error: prn=34
2 rtcm3 1097 satellite error: prn=34
2 rtcm3 1127: unknown signal id=31
2 rtcm3 1127 satellite error: prn=38
2 no broadcast clock 2026/09/14 22:00:40.873 sat=130
2 no broadcast clock 2026/09/14 22:00:40.872 sat=132
2 no broadcast ephemeris: 2026/09/14 22:00:41 sat=27 iode= -1
2 no broadcast clock 2026/09/14 22:00:40.915 sat=27
2 no broadcast clock 2026/09/14 22:00:40.873 sat=145
2 no broadcast ephemeris: 2026/09/14 22:00:41 sat= 1 iode= -1
2 no broadcast clock 2026/09/14 22:00:40.925 sat= 1
2 point position error (lack of valid sats ns=4)
2 rtcm3 1097 satellite error: prn=34
2 rtcm3 1127: unknown signal id=31
2 rtcm3 1127 satellite error: prn=38
2 no broadcast clock 2026/09/14 22:00:41.873 sat=130
2 no broadcast clock 2026/09/14 22:00:41.872 sat=132
2 no broadcast ephemeris: 2026/09/14 22:00:42 sat=27 iode= -1
2 no broadcast clock 2026/09/14 22:00:41.915 sat=27
2 no broadcast clock 2026/09/14 22:00:41.873 sat=145
2 no broadcast ephemeris: 2026/09/14 22:00:42 sat= 1 iode= -1
2 no broadcast clock 2026/09/14 22:00:41.925 sat= 1
2 point position error (lack of valid sats ns=4)
2 rtcm3 1097 satellite error: prn=34
2 rtcm3 1127: unknown signal id=31
2 rtcm3 1127 satellite error: prn=38
2 no broadcast clock 2026/09/14 22:00:42.873 sat=130
2 no broadcast clock 2026/09/14 22:00:42.872 sat=132
2 no broadcast ephemeris: 2026/09/14 22:00:43 sat=27 iode= -1
2 no broadcast clock 2026/09/14 22:00:42.915 sat=27
2 no broadcast clock 2026/09/14 22:00:42.873 sat=145
2 no broadcast ephemeris: 2026/09/14 22:00:43 sat= 1 iode= -1
2 no broadcast clock 2026/09/14 22:00:42.925 sat= 1
2 point position error (lack of valid sats ns=4)
2 rtcm3 1097 satellite error: prn=34
2 rtcm3 1127: unknown signal id=31
2 rtcm3 1127 satellite error: prn=38
2 no broadcast clock 2026/09/14 22:00:43.873 sat=130
2 no broadcast clock 2026/09/14 22:00:43.872 sat=132
2 no broadcast ephemeris: 2026/09/14 22:00:44 sat=27 iode= -1
2 no broadcast clock 2026/09/14 22:00:43.915 sat=27
2 no broadcast clock 2026/09/14 22:00:43.873 sat=145
2 no broadcast ephemeris: 2026/09/14 22:00:44 sat= 1 iode= -1
2 no broadcast clock 2026/09/14 22:00:43.925 sat= 1
2 point position error (lack of valid sats ns=4)
2 rtcm3 1097 satellite error: prn=34
2 rtcm3 1127: unknown signal id=31
2 rtcm3 1127 satellite error: prn=38
2 no broadcast clock 2026/09/14 22:00:44.873 sat=130
2 no broadcast clock 2026/09/14 22:00:44.872 sat=132
2 no broadcast ephemeris: 2026/09/14 22:00:45 sat=27 iode= -1
2 no broadcast clock 2026/09/14 22:00:44.915 sat=27
2 no broadcast clock 2026/09/14 22:00:44.873 sat=145
2 no broadcast ephemeris: 2026/09/14 22:00:45 sat= 1 iode= -1
2 no broadcast clock 2026/09/14 22:00:44.925 sat= 1
2 point position error (lack of valid sats ns=4)
2 rtcm3 1097 satellite error: prn=34
2 rtcm3 1127: unknown signal id=31
2 rtcm3 1127 satellite error: prn=38
2 no broadcast clock 2026/09/14 22:00:45.873 sat=130
2 no broadcast clock 2026/09/14 22:00:45.872 sat=132
2 no broadcast ephemeris: 2026/09/14 22:00:46 sat=27 iode= -1
2 no broadcast clock 2026/09/14 22:00:45.915 sat=27
2 no broadcast clock 2026/09/14 22:00:45.873 sat=145
2 no broadcast ephemeris: 2026/09/14 22:00:46 sat= 1 iode= -1
2 no broadcast clock 2026/09/14 22:00:45.925 sat= 1
2 point position error (lack of valid sats ns=4)
2 rtcm3 1097 satellite error: prn=34
2 rtcm3 1127: unknown signal id=31
2 rtcm3 1127 satellite error: prn=38
2 no broadcast clock 2026/09/14 22:00:46.873 sat=130
2 no broadcast clock 2026/09/14 22:00:46.872 sat=132
2 no broadcast ephemeris: 2026/09/14 22:00:47 sat=27 iode= -1
2 no broadcast clock 2026/09/14 22:00:46.915 sat=27
2 no broadcast clock 2026/09/14 22:00:46.873 sat=145
2 no broadcast ephemeris: 2026/09/14 22:00:47 sat= 1 iode= -1
2 no broadcast clock 2026/09/14 22:00:46.925 sat= 1
2 point position error (lack of valid sats ns=4)
2 rtcm3 1097 satellite error: prn=34
2 rtcm3 1127: unknown signal id=31
2 rtcm3 1127 satellite error: prn=38
2 no broadcast clock 2026/09/14 22:00:47.873 sat=130
2 no broadcast clock 2026/09/14 22:00:47.872 sat=132
2 no broadcast ephemeris: 2026/09/14 22:00:48 sat=27 iode= -1
2 no broadcast clock 2026/09/14 22:00:47.915 sat=27
2 no broadcast clock 2026/09/14 22:00:47.873 sat=145
2 no broadcast ephemeris: 2026/09/14 22:00:48 sat= 1 iode= -1
2 no broadcast clock 2026/09/14 22:00:47.925 sat= 1
2 point position error (lack of valid sats ns=4)
2 rtcm3 1097 satellite error: prn=34
2 rtcm3 1127: unknown signal id=31
2 rtcm3 1127 satellite error: prn=38
2 no broadcast clock 2026/09/14 22:00:48.873 sat=130
2 no broadcast clock 2026/09/14 22:00:48.872 sat=132
2 no broadcast clock 2026/09/14 22:00:48.873 sat=145
2 no broadcast ephemeris: 2026/09/14 22:00:49 sat= 1 iode= -1
2 no broadcast clock 2026/09/14 22:00:48.925 sat= 1
2 point position error (lack of valid sats ns=4)
2 rtcm3 1097 satellite error: prn=34
2 rtcm3 1127: unknown signal id=31
2 rtcm3 1127 satellite error: prn=38
2 no broadcast clock 2026/09/14 22:00:49.873 sat=130
2 no broadcast clock 2026/09/14 22:00:49.872 sat=132
2 no broadcast clock 2026/09/14 22:00:49.873 sat=145
2 no broadcast ephemeris: 2026/09/14 22:00:50 sat= 1 iode= -1
2 no broadcast clock 2026/09/14 22:00:49.925 sat= 1
2 point position error (lack of valid sats ns=4)
2 rtcm3 1097 satellite error: prn=34
2 rtcm3 1127: unknown signal id=31
2 rtcm3 1127 satellite error: prn=38
2 no broadcast clock 2026/09/14 22:00:50.873 sat=130
2 no broadcast clock 2026/09/14 22:00:50.872 sat=132
2 no broadcast clock 2026/09/14 22:00:50.873 sat=145
2 no broadcast ephemeris: 2026/09/14 22:00:51 sat= 1 iode= -1
2 no broadcast clock 2026/09/14 22:00:50.925 sat= 1
2 point position error (lack of valid sats ns=4)
2 rtcm3 1097 satellite error: prn=34
2 rtcm3 1127: unknown signal id=31
2 rtcm3 1127 satellite error: prn=38
2 no broadcast clock 2026/09/14 22:00:51.873 sat=130
2 no broadcast clock 2026/09/14 22:00:51.872 sat=132
2 no broadcast clock 2026/09/14 22:00:51.873 sat=145
2 no broadcast ephemeris: 2026/09/14 22:00:52 sat= 1 iode= -1
2 no broadcast clock 2026/09/14 22:00:51.925 sat= 1
2 point position error (lack of valid sats ns=4)
2 rtcm3 1097 satellite error: prn=34
2 rtcm3 1127: unknown signal id=31
2 rtcm3 1127 satellite error: prn=38
2 no broadcast clock 2026/09/14 22:00:52.873 sat=130
2 no broadcast clock 2026/09/14 22:00:52.872 sat=132
2 no broadcast clock 2026/09/14 22:00:52.873 sat=145
2 no broadcast ephemeris: 2026/09/14 22:00:53 sat= 1 iode= -1
2 no broadcast clock 2026/09/14 22:00:52.925 sat= 1
2 point position error (lack of valid sats ns=4)
2 rtcm3 1097 satellite error: prn=34
2 rtcm3 1127: unknown signal id=31
2 rtcm3 1127 satellite error: prn=38
2 no broadcast clock 2026/09/14 22:00:53.873 sat=130
2 no broadcast clock 2026/09/14 22:00:53.872 sat=132
2 no broadcast clock 2026/09/14 22:00:53.873 sat=145
2 no broadcast ephemeris: 2026/09/14 22:00:54 sat= 1 iode= -1
2 no broadcast clock 2026/09/14 22:00:53.925 sat= 1
2 point position error (lack of valid sats ns=4)
2 rtcm3 1097 satellite error: prn=34
2 rtcm3 1127: unknown signal id=31
2 rtcm3 1127 satellite error: prn=38
2 no broadcast clock 2026/09/14 22:00:54.873 sat=130
2 no broadcast clock 2026/09/14 22:00:54.872 sat=132
2 no broadcast clock 2026/09/14 22:00:54.873 sat=145
2 no broadcast ephemeris: 2026/09/14 22:00:55 sat= 1 iode= -1
2 no broadcast clock 2026/09/14 22:00:54.925 sat= 1
2 point position error (lack of valid sats ns=4)
2 rtcm3 1097 satellite error: prn=34
2 rtcm3 1127: unknown signal id=31
2 rtcm3 1127 satellite error: prn=38
2 no broadcast clock 2026/09/14 22:00:55.873 sat=130
2 no broadcast clock 2026/09/14 22:00:55.872 sat=132
2 no broadcast clock 2026/09/14 22:00:55.873 sat=145
2 no broadcast ephemeris: 2026/09/14 22:00:56 sat= 1 iode= -1
2 no broadcast clock 2026/09/14 22:00:55.925 sat= 1
2 point position error (lack of valid sats ns=4)
2 rtcm3 1097 satellite error: prn=34
2 rtcm3 1127: unknown signal id=31
2 rtcm3 1127 satellite error: prn=38
2 no broadcast clock 2026/09/14 22:00:56.873 sat=130
2 no broadcast clock 2026/09/14 22:00:56.872 sat=132
2 no broadcast clock 2026/09/14 22:00:56.873 sat=145
2 no broadcast ephemeris: 2026/09/14 22:00:57 sat= 1 iode= -1
2 no broadcast clock 2026/09/14 22:00:56.925 sat= 1
2 point position error (lack of valid sats ns=4)
2 rtcm3 1045 satellite number error: prn=34
2 rtcm3 1046 satellite number error: prn=34
2 rtcm3 1230: not supported message
2 rtcm3 1097 satellite error: prn=34
2 rtcm3 1127: unknown signal id=31
2 rtcm3 1127 satellite error: prn=38
2 no broadcast clock 2026/09/14 22:00:57.873 sat=130
2 no broadcast clock 2026/09/14 22:00:57.872 sat=132
2 no broadcast clock 2026/09/14 22:00:57.873 sat=145
2 no broadcast ephemeris: 2026/09/14 22:00:58 sat= 1 iode= -1
2 no broadcast clock 2026/09/14 22:00:57.925 sat= 1
2 point position error (lack of valid sats ns=4)
2 rtcm3 1097 satellite error: prn=34
2 rtcm3 1127: unknown signal id=31
2 rtcm3 1127 satellite error: prn=38
2 no broadcast clock 2026/09/14 22:00:58.873 sat=130
2 no broadcast clock 2026/09/14 22:00:58.872 sat=132
2 no broadcast clock 2026/09/14 22:00:58.873 sat=145
2 no broadcast ephemeris: 2026/09/14 22:00:59 sat= 1 iode= -1
2 no broadcast clock 2026/09/14 22:00:58.925 sat= 1
2 point position error (lack of valid sats ns=4)
2 rtcm3 1097 satellite error: prn=34
2 rtcm3 1127: unknown signal id=31
2 rtcm3 1127 satellite error: prn=38
2 no broadcast clock 2026/09/14 22:00:59.873 sat=130
2 no broadcast clock 2026/09/14 22:00:59.872 sat=132
2 no broadcast clock 2026/09/14 22:00:59.873 sat=145
2 no broadcast ephemeris: 2026/09/14 22:01:00 sat= 1 iode= -1
2 no broadcast clock 2026/09/14 22:00:59.925 sat= 1
2 point position error (lack of valid sats ns=4)
2 rtcm3 1097 satellite error: prn=34
2 rtcm3 1127: unknown signal id=31
2 rtcm3 1127 satellite error: prn=38
2 no broadcast clock 2026/09/14 22:01:00.873 sat=130
2 no broadcast clock 2026/09/14 22:01:00.872 sat=132
2 no broadcast clock 2026/09/14 22:01:00.873 sat=145
2 no broadcast ephemeris: 2026/09/14 22:01:01 sat= 1 iode= -1
2 no broadcast clock 2026/09/14 22:01:00.925 sat= 1
2 point position error (lack of valid sats ns=4)
2 rtcm3 1097 satellite error: prn=34
2 rtcm3 1127: unknown signal id=31
2 rtcm3 1127 satellite error: prn=38
2 no broadcast clock 2026/09/14 22:01:01.873 sat=130
2 no broadcast clock 2026/09/14 22:01:01.872 sat=132
2 no broadcast clock 2026/09/14 22:01:01.873 sat=145
2 no broadcast ephemeris: 2026/09/14 22:01:02 sat= 1 iode= -1
2 no broadcast clock 2026/09/14 22:01:01.925 sat= 1
2 point position error (lack of valid sats ns=4)
2 rtcm3 1042 satellite number error: prn=38
2 rtcm3 1042 satellite number error: prn=38
2 rtcm3 1097 satellite error: prn=34
2 rtcm3 1127: unknown signal id=31
2 rtcm3 1127 satellite error: prn=38
2 no broadcast clock 2026/09/14 22:01:02.873 sat=130
2 no broadcast clock 2026/09/14 22:01:02.872 sat=132
2 no broadcast clock 2026/09/14 22:01:02.873 sat=145
2 no broadcast ephemeris: 2026/09/14 22:01:03 sat= 1 iode= -1
2 no broadcast clock 2026/09/14 22:01:02.925 sat= 1
2 point position error (lack of valid sats ns=4)
2 rtcm3 1097 satellite error: prn=34
2 rtcm3 1127: unknown signal id=31
2 rtcm3 1127 satellite error: prn=38
2 no broadcast clock 2026/09/14 22:01:03.873 sat=130
2 no broadcast clock 2026/09/14 22:01:03.872 sat=132
2 no broadcast clock 2026/09/14 22:01:03.873 sat=145
2 no broadcast ephemeris: 2026/09/14 22:01:04 sat= 1 iode= -1
2 no broadcast clock 2026/09/14 22:01:03.925 sat= 1
2 point position error (lack of valid sats ns=4)
2 rtcm3 1097 satellite error: prn=34
2 rtcm3 1127: unknown signal id=31
2 rtcm3 1127 satellite error: prn=38
2 no broadcast clock 2026/09/14 22:01:04.873 sat=130
2 no broadcast clock 2026/09/14 22:01:04.872 sat=132
2 no broadcast clock 2026/09/14 22:01:04.873 sat=145
2 no broadcast ephemeris: 2026/09/14 22:01:05 sat= 1 iode= -1
2 no broadcast clock 2026/09/14 22:01:04.925 sat= 1
2 point position error (lack of valid sats ns=4)
2 rtcm3 1097 satellite error: prn=34
2 rtcm3 1127: unknown signal id=31
2 rtcm3 1127 satellite error: prn=38
2 no broadcast clock 2026/09/14 22:01:05.873 sat=130
2 no broadcast clock 2026/09/14 22:01:05.872 sat=132
2 no broadcast clock 2026/09/14 22:01:05.873 sat=145
2 no broadcast ephemeris: 2026/09/14 22:01:06 sat= 1 iode= -1
2 no broadcast clock 2026/09/14 22:01:05.925 sat= 1
2 point position error (lack of valid sats ns=4)
2 rtcm3 1045 satellite number error: prn=34
2 rtcm3 1046 satellite number error: prn=34
2 rtcm3 1097 satellite error: prn=34
2 rtcm3 1127: unknown signal id=31
2 rtcm3 1127 satellite error: prn=38
2 no broadcast clock 2026/09/14 22:01:06.873 sat=130
2 no broadcast clock 2026/09/14 22:01:06.872 sat=132
2 no broadcast clock 2026/09/14 22:01:06.873 sat=145
2 no broadcast ephemeris: 2026/09/14 22:01:07 sat= 1 iode= -1
2 no broadcast clock 2026/09/14 22:01:06.925 sat= 1
2 point position error (lack of valid sats ns=4)
2 rtcm3 1097 satellite error: prn=34
2 rtcm3 1127: unknown signal id=31
2 rtcm3 1127 satellite error: prn=38
2 no broadcast clock 2026/09/14 22:01:07.873 sat=130
2 no broadcast clock 2026/09/14 22:01:07.872 sat=132
2 no broadcast clock 2026/09/14 22:01:07.873 sat=145
2 no broadcast ephemeris: 2026/09/14 22:01:08 sat= 1 iode= -1
2 no broadcast clock 2026/09/14 22:01:07.925 sat= 1
2 point position error (lack of valid sats ns=4)
2 rtcm3 1097 satellite error: prn=34
2 rtcm3 1127: unknown signal id=31
2 rtcm3 1127 satellite error: prn=38
2 no broadcast clock 2026/09/14 22:01:08.873 sat=130
2 no broadcast clock 2026/09/14 22:01:08.872 sat=132
2 no broadcast clock 2026/09/14 22:01:08.873 sat=145
2 no broadcast ephemeris: 2026/09/14 22:01:09 sat= 1 iode= -1
2 no broadcast clock 2026/09/14 22:01:08.925 sat= 1
2 point position error (lack of valid sats ns=4)
2 rtcm3 1097 satellite error: prn=34
2 rtcm3 1127: unknown signal id=31
2 rtcm3 1127 satellite error: prn=38
2 no broadcast clock 2026/09/14 22:01:09.873 sat=130
2 no broadcast clock 2026/09/14 22:01:09.872 sat=132
2 no broadcast clock 2026/09/14 22:01:09.873 sat=145
2 no broadcast ephemeris: 2026/09/14 22:01:10 sat= 1 iode= -1
2 no broadcast clock 2026/09/14 22:01:09.925 sat= 1
2 point position error (lack of valid sats ns=4)
2 rtcm3 1097 satellite error: prn=34
2 rtcm3 1127: unknown signal id=31
2 rtcm3 1127 satellite error: prn=38
2 no broadcast clock 2026/09/14 22:01:10.873 sat=130
2 no broadcast clock 2026/09/14 22:01:10.872 sat=132
2 no broadcast clock 2026/09/14 22:01:10.873 sat=145
2 no broadcast ephemeris: 2026/09/14 22:01:11 sat= 1 iode= -1
2 no broadcast clock 2026/09/14 22:01:10.925 sat= 1
2 point position error (lack of valid sats ns=4)
2 rtcm3 1097 satellite error: prn=34
2 rtcm3 1127: unknown signal id=31
2 rtcm3 1127 satellite error: prn=38
2 no broadcast clock 2026/09/14 22:01:11.873 sat=130
2 no broadcast clock 2026/09/14 22:01:11.872 sat=132
2 no broadcast clock 2026/09/14 22:01:11.873 sat=145
2 no broadcast ephemeris: 2026/09/14 22:01:12 sat= 1 iode= -1
2 no broadcast clock 2026/09/14 22:01:11.925 sat= 1
2 point position error (lack of valid sats ns=4)
2 rtcm3 1097 satellite error: prn=34
2 rtcm3 1127: unknown signal id=31
2 rtcm3 1127 satellite error: prn=38
2 no broadcast clock 2026/09/14 22:01:12.873 sat=130
2 no broadcast clock 2026/09/14 22:01:12.872 sat=132
2 no broadcast clock 2026/09/14 22:01:12.873 sat=145
2 no broadcast ephemeris: 2026/09/14 22:01:13 sat= 1 iode= -1
2 no broadcast clock 2026/09/14 22:01:12.925 sat= 1
2 point position error (lack of valid sats ns=4)
2 rtcm3 1097 satellite error: prn=34
2 rtcm3 1127: unknown signal id=31
2 rtcm3 1127 satellite error: prn=38
2 no broadcast clock 2026/09/14 22:01:13.873 sat=130
2 no broadcast clock 2026/09/14 22:01:13.872 sat=132
2 no broadcast clock 2026/09/14 22:01:13.873 sat=145
2 no broadcast ephemeris: 2026/09/14 22:01:14 sat= 1 iode= -1
2 no broadcast clock 2026/09/14 22:01:13.925 sat= 1
2 point position error (lack of valid sats ns=4)
2 rtcm3 1097 satellite error: prn=34
2 rtcm3 1127: unknown signal id=31
2 rtcm3 1127 satellite error: prn=38
2 no broadcast clock 2026/09/14 22:01:14.873 sat=130
2 no broadcast clock 2026/09/14 22:01:14.872 sat=132
2 no broadcast clock 2026/09/14 22:01:14.873 sat=145
2 no broadcast ephemeris: 2026/09/14 22:01:15 sat= 1 iode= -1
2 no broadcast clock 2026/09/14 22:01:14.925 sat= 1
2 point position error (lack of valid sats ns=4)
2 rtcm3 1097 satellite error: prn=34
2 rtcm3 1127: unknown signal id=31
2 rtcm3 1127 satellite error: prn=38
2 no broadcast clock 2026/09/14 22:01:15.873 sat=130
2 no broadcast clock 2026/09/14 22:01:15.872 sat=132
2 no broadcast clock 2026/09/14 22:01:15.873 sat=145
2 no broadcast ephemeris: 2026/09/14 22:01:16 sat= 1 iode= -1
2 no broadcast clock 2026/09/14 22:01:15.925 sat= 1
2 point position error (lack of valid sats ns=4)
2 rtcm3 1097 satellite error: prn=34
2 rtcm3 1127: unknown signal id=31
2 rtcm3 1127 satellite error: prn=38
2 no broadcast clock 2026/09/14 22:01:16.873 sat=130
2 no broadcast clock 2026/09/14 22:01:16.872 sat=132
2 no broadcast clock 2026/09/14 22:01:16.873 sat=145
2 no broadcast ephemeris: 2026/09/14 22:01:17 sat= 1 iode= -1
2 no broadcast clock 2026/09/14 22:01:16.925 sat= 1
2 point position error (lack of valid sats ns=4)
2 rtcm3 1097 satellite error: prn=34
2 rtcm3 1127: unknown signal id=31
2 rtcm3 1127 satellite error: prn=38
2 no broadcast clock 2026/09/14 22:01:17.873 sat=130
2 no broadcast clock 2026/09/14 22:01:17.872 sat=132
2 no broadcast clock 2026/09/14 22:01:17.873 sat=145
2 no broadcast ephemeris: 2026/09/14 22:01:18 sat= 1 iode= -1
2 no broadcast clock 2026/09/14 22:01:17.925 sat= 1
2 point position error (lack of valid sats ns=4)
2 rtcm3 1097 satellite error: prn=34
2 rtcm3 1127: unknown signal id=31
2 rtcm3 1127 satellite error: prn=38
2 no broadcast clock 2026/09/14 22:01:18.873 sat=130
2 no broadcast clock 2026/09/14 22:01:18.872 sat=132
2 no broadcast clock 2026/09/14 22:01:18.873 sat=145
2 no broadcast ephemeris: 2026/09/14 22:01:19 sat= 1 iode= -1
2 no broadcast clock 2026/09/14 22:01:18.925 sat= 1
2 point position error (lack of valid sats ns=4)
2 rtcm3 1097 satellite error: prn=34
2 rtcm3 1127: unknown signal id=31
2 rtcm3 1127 satellite error: prn=38
2 no broadcast clock 2026/09/14 22:01:19.873 sat=130
2 no broadcast clock 2026/09/14 22:01:19.872 sat=132
2 no broadcast clock 2026/09/14 22:01:19.873 sat=145
2 no broadcast ephemeris: 2026/09/14 22:01:20 sat= 1 iode= -1
2 no broadcast clock 2026/09/14 22:01:19.925 sat= 1
2 point position error (lack of valid sats ns=4)
2 rtcm3 1097 satellite error: prn=34
2 rtcm3 1127: unknown signal id=31
2 rtcm3 1127 satellite error: prn=38
2 no broadcast clock 2026/09/14 22:01:20.873 sat=130
2 no broadcast clock 2026/09/14 22:01:20.872 sat=132
2 no broadcast clock 2026/09/14 22:01:20.873 sat=145
2 no broadcast ephemeris: 2026/09/14 22:01:21 sat= 1 iode= -1
2 no broadcast clock 2026/09/14 22:01:20.925 sat= 1
2 point position error (lack of valid sats ns=4)
2 rtcm3 1097 satellite error: prn=34
2 rtcm3 1127: unknown signal id=31
2 rtcm3 1127 satellite error: prn=38
2 no broadcast clock 2026/09/14 22:01:21.873 sat=130
2 no broadcast clock 2026/09/14 22:01:21.872 sat=132
2 no broadcast clock 2026/09/14 22:01:21.873 sat=145
2 no broadcast ephemeris: 2026/09/14 22:01:22 sat= 1 iode= -1
2 no broadcast clock 2026/09/14 22:01:21.925 sat= 1
2 point position error (lack of valid sats ns=4)
2 rtcm3 1097 satellite error: prn=34
2 rtcm3 1127: unknown signal id=31
2 rtcm3 1127 satellite error: prn=38
2 no broadcast clock 2026/09/14 22:01:22.873 sat=130
2 no broadcast clock 2026/09/14 22:01:22.872 sat=132
2 no broadcast clock 2026/09/14 22:01:22.873 sat=145
2 no broadcast ephemeris: 2026/09/14 22:01:23 sat= 1 iode= -1
2 no broadcast clock 2026/09/14 22:01:22.925 sat= 1
2 point position error (lack of valid sats ns=4)
2 rtcm3 1097 satellite error: prn=34
2 rtcm3 1127: unknown signal id=31
2 rtcm3 1127 satellite error: prn=38
2 no broadcast clock 2026/09/14 22:01:23.873 sat=130
2 no broadcast clock 2026/09/14 22:01:23.872 sat=132
2 no broadcast clock 2026/09/14 22:01:23.873 sat=145
2 no broadcast ephemeris: 2026/09/14 22:01:24 sat= 1 iode= -1
2 no broadcast clock 2026/09/14 22:01:23.925 sat= 1
2 point position error (lack of valid sats ns=4)
2 rtcm3 1097 satellite error: prn=34
2 rtcm3 1127: unknown signal id=31
2 rtcm3 1127 satellite error: prn=38
2 no broadcast clock 2026/09/14 22:01:24.873 sat=130
2 no broadcast clock 2026/09/14 22:01:24.872 sat=132
2 no broadcast clock 2026/09/14 22:01:24.873 sat=145
2 no broadcast ephemeris: 2026/09/14 22:01:25 sat= 1 iode= -1
2 no broadcast clock 2026/09/14 22:01:24.925 sat= 1
2 point position error (lack of valid sats ns=4)
2 rtcm3 1097 satellite error: prn=34
2 rtcm3 1127: unknown signal id=31
2 rtcm3 1127 satellite error: prn=38
2 no broadcast clock 2026/09/14 22:01:25.873 sat=130
2 no broadcast clock 2026/09/14 22:01:25.872 sat=132
2 no broadcast clock 2026/09/14 22:01:25.873 sat=145
2 no broadcast ephemeris: 2026/09/14 22:01:26 sat= 1 iode= -1
2 no broadcast clock 2026/09/14 22:01:25.925 sat= 1
2 point position error (lack of valid sats ns=4)
2 rtcm3 1097 satellite error: prn=34
2 rtcm3 1127: unknown signal id=31
2 rtcm3 1127 satellite error: prn=38
2 no broadcast clock 2026/09/14 22:01:26.873 sat=130
2 no broadcast clock 2026/09/14 22:01:26.872 sat=132
2 no broadcast clock 2026/09/14 22:01:26.873 sat=145
2 no broadcast ephemeris: 2026/09/14 22:01:27 sat= 1 iode= -1
2 no broadcast clock 2026/09/14 22:01:26.925 sat= 1
2 point position error (lack of valid sats ns=4)
2 rtcm3 1045 satellite number error: prn=34
2 rtcm3 1046 satellite number error: prn=34
2 rtcm3 1230: not supported message
2 rtcm3 1097 satellite error: prn=34
2 rtcm3 1127: unknown signal id=31
2 rtcm3 1127 satellite error: prn=38
2 no broadcast clock 2026/09/14 22:01:27.873 sat=130
2 no broadcast clock 2026/09/14 22:01:27.872 sat=132
2 no broadcast clock 2026/09/14 22:01:27.873 sat=145
2 no broadcast ephemeris: 2026/09/14 22:01:28 sat= 1 iode= -1
2 no broadcast clock 2026/09/14 22:01:27.925 sat= 1
2 point position error (lack of valid sats ns=4)
2 rtcm3 1097 satellite error: prn=34
2 rtcm3 1127: unknown signal id=31
2 rtcm3 1127 satellite error: prn=38
2 no broadcast clock 2026/09/14 22:01:28.873 sat=130
2 no broadcast clock 2026/09/14 22:01:28.872 sat=132
2 no broadcast clock 2026/09/14 22:01:28.873 sat=145
2 no broadcast ephemeris: 2026/09/14 22:01:29 sat= 1 iode= -1
2 no broadcast clock 2026/09/14 22:01:28.925 sat= 1
2 point position error (lack of valid sats ns=4)
2 rtcm3 1097 satellite error: prn=34
2 rtcm3 1127: unknown signal id=31
2 rtcm3 1127 satellite error: prn=38
2 no broadcast clock 2026/09/14 22:01:29.873 sat=130
2 no broadcast clock 2026/09/14 22:01:29.872 sat=132
2 no broadcast clock 2026/09/14 22:01:29.873 sat=145
2 no broadcast ephemeris: 2026/09/14 22:01:30 sat= 1 iode= -1
2 no broadcast clock 2026/09/14 22:01:29.925 sat= 1
2 point position error (lack of valid sats ns=4)
2 rtcm3 1045 satellite number error: prn=34
2 rtcm3 1046 satellite number error: prn=34
2 rtcm3 1097 satellite error: prn=34
2 rtcm3 1127: unknown signal id=31
2 rtcm3 1127 satellite error: prn=38
2 no broadcast clock 2026/09/14 22:01:30.873 sat=130
2 no broadcast clock 2026/09/14 22:01:30.872 sat=132
2 no broadcast clock 2026/09/14 22:01:30.873 sat=145
2 no broadcast ephemeris: 2026/09/14 22:01:31 sat= 1 iode= -1
2 no broadcast clock 2026/09/14 22:01:30.925 sat= 1
2 point position error (lack of valid sats ns=4)
2 rtcm3 1097 satellite error: prn=34
2 rtcm3 1127: unknown signal id=31
2 rtcm3 1127 satellite error: prn=38
2 no broadcast clock 2026/09/14 22:01:31.873 sat=130
2 no broadcast clock 2026/09/14 22:01:31.872 sat=132
2 no broadcast clock 2026/09/14 22:01:31.873 sat=145
2 no broadcast ephemeris: 2026/09/14 22:01:32 sat= 1 iode= -1
2 no broadcast clock 2026/09/14 22:01:31.925 sat= 1
2 point position error (lack of valid sats ns=4)
2 rtcm3 1042 satellite number error: prn=38
2 rtcm3 1042 satellite number error: prn=38
2 rtcm3 1097 satellite error: prn=34
2 rtcm3 1127: unknown signal id=31
2 rtcm3 1127 satellite error: prn=38
2 no broadcast clock 2026/09/14 22:01:32.873 sat=130
2 no broadcast clock 2026/09/14 22:01:32.872 sat=132
2 no broadcast clock 2026/09/14 22:01:32.873 sat=145
2 no broadcast ephemeris: 2026/09/14 22:01:33 sat= 1 iode= -1
2 no broadcast clock 2026/09/14 22:01:32.925 sat= 1
2 point position error (lack of valid sats ns=4)
2 rtcm3 1097 satellite error: prn=34
2 rtcm3 1127: unknown signal id=31
2 rtcm3 1127 satellite error: prn=38
2 no broadcast clock 2026/09/14 22:01:33.873 sat=130
2 no broadcast clock 2026/09/14 22:01:33.872 sat=132
2 no broadcast clock 2026/09/14 22:01:33.873 sat=145
2 no broadcast ephemeris: 2026/09/14 22:01:34 sat= 1 iode= -1
2 no broadcast clock 2026/09/14 22:01:33.925 sat= 1
2 point position error (lack of valid sats ns=4)
2 rtcm3 1097 satellite error: prn=34
2 rtcm3 1127: unknown signal id=31
2 rtcm3 1127 satellite error: prn=38
2 no broadcast clock 2026/09/14 22:01:34.873 sat=130
2 no broadcast clock 2026/09/14 22:01:34.872 sat=132
2 no broadcast clock 2026/09/14 22:01:34.873 sat=145
2 no broadcast ephemeris: 2026/09/14 22:01:35 sat= 1 iode= -1
2 no broadcast clock 2026/09/14 22:01:34.925 sat= 1
2 point position error (lack of valid sats ns=4)
2 rtcm3 1097 satellite error: prn=34
2 rtcm3 1127: unknown signal id=31
2 rtcm3 1127 satellite error: prn=38
2 no broadcast clock 2026/09/14 22:01:35.873 sat=130
2 no broadcast clock 2026/09/14 22:01:35.872 sat=132
2 no broadcast clock 2026/09/14 22:01:35.873 sat=145
2 no broadcast ephemeris: 2026/09/14 22:01:36 sat= 1 iode= -1
2 no broadcast clock 2026/09/14 22:01:35.925 sat= 1
2 point position error (lack of valid sats ns=4)
2 rtcm3 1045 satellite number error: prn=34
2 rtcm3 1046 satellite number error: prn=34
2 rtcm3 1097 satellite error: prn=34
2 rtcm3 1127: unknown signal id=31
2 rtcm3 1127 satellite error: prn=38
2 no broadcast clock 2026/09/14 22:01:36.873 sat=130
2 no broadcast clock 2026/09/14 22:01:36.872 sat=132
2 no broadcast clock 2026/09/14 22:01:36.873 sat=145
2 no broadcast ephemeris: 2026/09/14 22:01:37 sat= 1 iode= -1
2 no broadcast clock 2026/09/14 22:01:36.925 sat= 1
2 point position error (lack of valid sats ns=4)
2 rtcm3 1097 satellite error: prn=34
2 rtcm3 1127: unknown signal id=31
2 rtcm3 1127 satellite error: prn=38
2 no broadcast clock 2026/09/14 22:01:37.873 sat=130
2 no broadcast clock 2026/09/14 22:01:37.872 sat=132
2 no broadcast clock 2026/09/14 22:01:37.873 sat=145
2 no broadcast ephemeris: 2026/09/14 22:01:38 sat= 1 iode= -1
2 no broadcast clock 2026/09/14 22:01:37.925 sat= 1
2 point position error (lack of valid sats ns=4)
2 rtcm3 1097 satellite error: prn=34
2 rtcm3 1127: unknown signal id=31
2 rtcm3 1127 satellite error: prn=38
2 no broadcast clock 2026/09/14 22:01:38.873 sat=130
2 no broadcast clock 2026/09/14 22:01:38.872 sat=132
2 no broadcast clock 2026/09/14 22:01:38.873 sat=145
2 no broadcast ephemeris: 2026/09/14 22:01:39 sat= 1 iode= -1
2 no broadcast clock 2026/09/14 22:01:38.925 sat= 1
2 point position error (lack of valid sats ns=4)
2 rtcm3 1097 satellite error: prn=34
2 rtcm3 1127: unknown signal id=31
2 rtcm3 1127 satellite error: prn=38
2 no broadcast clock 2026/09/14 22:01:39.873 sat=130
2 no broadcast clock 2026/09/14 22:01:39.872 sat=132
2 no broadcast clock 2026/09/14 22:01:39.873 sat=145
2 no broadcast ephemeris: 2026/09/14 22:01:40 sat= 1 iode= -1
2 no broadcast clock 2026/09/14 22:01:39.925 sat= 1
2 point position error (lack of valid sats ns=4)
2 rtcm3 1097 satellite error: prn=34
2 rtcm3 1127: unknown signal id=31
2 rtcm3 1127 satellite error: prn=38
2 no broadcast clock 2026/09/14 22:01:40.873 sat=130
2 no broadcast clock 2026/09/14 22:01:40.872 sat=132
2 no broadcast clock 2026/09/14 22:01:40.873 sat=145
2 no broadcast ephemeris: 2026/09/14 22:01:41 sat= 1 iode= -1
2 no broadcast clock 2026/09/14 22:01:40.925 sat= 1
2 point position error (lack of valid sats ns=4)
2 rtcm3 1097 satellite error: prn=34
2 rtcm3 1127: unknown signal id=31
2 rtcm3 1127 satellite error: prn=38
2 no broadcast clock 2026/09/14 22:01:41.873 sat=130
2 no broadcast clock 2026/09/14 22:01:41.872 sat=132
2 no broadcast clock 2026/09/14 22:01:41.873 sat=145
2 no broadcast ephemeris: 2026/09/14 22:01:42 sat= 1 iode= -1
2 no broadcast clock 2026/09/14 22:01:41.925 sat= 1
2 point position error (lack of valid sats ns=4)
2 rtcm3 1097 satellite error: prn=34
2 rtcm3 1127: unknown signal id=31
2 rtcm3 1127 satellite error: prn=38
2 no broadcast clock 2026/09/14 22:01:42.873 sat=130
2 no broadcast clock 2026/09/14 22:01:42.872 sat=132
2 no broadcast clock 2026/09/14 22:01:42.873 sat=145
2 no broadcast ephemeris: 2026/09/14 22:01:43 sat= 1 iode= -1
2 no broadcast clock 2026/09/14 22:01:42.925 sat= 1
2 point position error (lack of valid sats ns=4)
2 rtcm3 1097 satellite error: prn=34
2 rtcm3 1127: unknown signal id=31
2 rtcm3 1127 satellite error: prn=38
2 no broadcast clock 2026/09/14 22:01:43.873 sat=130
2 no broadcast clock 2026/09/14 22:01:43.872 sat=132
2 no broadcast clock 2026/09/14 22:01:43.873 sat=145
2 no broadcast ephemeris: 2026/09/14 22:01:44 sat= 1 iode= -1
2 no broadcast clock 2026/09/14 22:01:43.925 sat= 1
2 point position error (lack of valid sats ns=4)
2 rtcm3 1097 satellite error: prn=34
2 rtcm3 1127: unknown signal id=31
2 rtcm3 1127 satellite error: prn=38
2 no broadcast clock 2026/09/14 22:01:44.873 sat=130
2 no broadcast clock 2026/09/14 22:01:44.872 sat=132
2 no broadcast clock 2026/09/14 22:01:44.873 sat=145
2 no broadcast ephemeris: 2026/09/14 22:01:45 sat= 1 iode= -1
2 no broadcast clock 2026/09/14 22:01:44.925 sat= 1
2 point position error (lack of valid sats ns=4)
2 rtcm3 1097 satellite error: prn=34
2 rtcm3 1127: unknown signal id=31
2 rtcm3 1127 satellite error: prn=38
2 no broadcast clock 2026/09/14 22:01:45.873 sat=130
2 no broadcast clock 2026/09/14 22:01:45.872 sat=132
2 no broadcast clock 2026/09/14 22:01:45.873 sat=145
2 no broadcast ephemeris: 2026/09/14 22:01:46 sat= 1 iode= -1
2 no broadcast clock 2026/09/14 22:01:45.925 sat= 1
2 point position error (lack of valid sats ns=4)
2 rtcm3 1097 satellite error: prn=34
2 rtcm3 1127: unknown signal id=31
2 rtcm3 1127 satellite error: prn=38
2 no broadcast clock 2026/09/14 22:01:46.873 sat=130
2 no broadcast clock 2026/09/14 22:01:46.872 sat=132
2 no broadcast clock 2026/09/14 22:01:46.873 sat=145
2 no broadcast ephemeris: 2026/09/14 22:01:47 sat= 1 iode= -1
2 no broadcast clock 2026/09/14 22:01:46.925 sat= 1
2 point position error (lack of valid sats ns=4)
2 rtcm3 1097 satellite error: prn=34
2 rtcm3 1127: unknown signal id=31
2 rtcm3 1127 satellite error: prn=38
2 no broadcast clock 2026/09/14 22:01:47.873 sat=130
2 no broadcast clock 2026/09/14 22:01:47.872 sat=132
2 no broadcast clock 2026/09/14 22:01:47.873 sat=145
2 no broadcast ephemeris: 2026/09/14 22:01:48 sat= 1 iode= -1
2 no broadcast clock 2026/09/14 22:01:47.925 sat= 1
2 point position error (lack of valid sats ns=4)
2 rtcm3 1097 satellite error: prn=34
2 rtcm3 1127: unknown signal id=31
2 rtcm3 1127 satellite error: prn=38
2 no broadcast clock 2026/09/14 22:01:48.873 sat=130
2 no broadcast clock 2026/09/14 22:01:48.872 sat=132
2 no broadcast clock 2026/09/14 22:01:48.873 sat=145
2 no broadcast ephemeris: 2026/09/14 22:01:49 sat= 1 iode= -1
2 no broadcast clock 2026/09/14 22:01:48.925 sat= 1
2 point position error (lack of valid sats ns=4)
2 rtcm3 1097 satellite error: prn=34
2 rtcm3 1127: unknown signal id=31
2 rtcm3 1127 satellite error: prn=38
2 no broadcast clock 2026/09/14 22:01:49.873 sat=130
2 no broadcast clock 2026/09/14 22:01:49.872 sat=132
2 no broadcast clock 2026/09/14 22:01:49.873 sat=145
2 no broadcast ephemeris: 2026/09/14 22:01:50 sat= 1 iode= -1
2 no broadcast clock 2026/09/14 22:01:49.925 sat= 1
2 point position error (lack of valid sats ns=4)
2 rtcm3 1097 satellite error: prn=34
2 rtcm3 1127: unknown signal id=31
2 rtcm3 1127 satellite error: prn=38
2 no broadcast clock 2026/09/14 22:01:50.873 sat=130
2 no broadcast clock 2026/09/14 22:01:50.872 sat=132
2 no broadcast clock 2026/09/14 22:01:50.873 sat=145
2 no broadcast ephemeris: 2026/09/14 22:01:51 sat= 1 iode= -1
2 no broadcast clock 2026/09/14 22:01:50.925 sat= 1
2 point position error (lack of valid sats ns=4)
2 rtcm3 1097 satellite error: prn=34
2 rtcm3 1127: unknown signal id=31
2 rtcm3 1127 satellite error: prn=38
2 no broadcast clock 2026/09/14 22:01:51.873 sat=130
2 no broadcast clock 2026/09/14 22:01:51.872 sat=132
2 no broadcast clock 2026/09/14 22:01:51.873 sat=145
2 no broadcast ephemeris: 2026/09/14 22:01:52 sat= 1 iode= -1
2 no broadcast clock 2026/09/14 22:01:51.925 sat= 1
2 point position error (lack of valid sats ns=4)
2 rtcm3 1097 satellite error: prn=34
2 rtcm3 1127: unknown signal id=31
2 rtcm3 1127 satellite error: prn=38
2 no broadcast clock 2026/09/14 22:01:52.873 sat=130
2 no broadcast clock 2026/09/14 22:01:52.872 sat=132
2 no broadcast clock 2026/09/14 22:01:52.873 sat=145
2 no broadcast ephemeris: 2026/09/14 22:01:53 sat= 1 iode= -1
2 no broadcast clock 2026/09/14 22:01:52.925 sat= 1
2 point position error (lack of valid sats ns=4)
2 rtcm3 1097 satellite error: prn=34
2 rtcm3 1127: unknown signal id=31
2 rtcm3 1127 satellite error: prn=38
2 no broadcast clock 2026/09/14 22:01:53.873 sat=130
2 no broadcast clock 2026/09/14 22:01:53.872 sat=132
2 no broadcast clock 2026/09/14 22:01:53.873 sat=145
2 no broadcast ephemeris: 2026/09/14 22:01:54 sat= 1 iode= -1
2 no broadcast clock 2026/09/14 22:01:53.925 sat= 1
2 point position error (lack of valid sats ns=4)
2 rtcm3 1097 satellite error: prn=34
2 rtcm3 1127: unknown signal id=31
2 rtcm3 1127 satellite error: prn=38
2 no broadcast clock 2026/09/14 22:01:54.873 sat=130
2 no broadcast clock 2026/09/14 22:01:54.872 sat=132
2 no broadcast clock 2026/09/14 22:01:54.873 sat=145
2 no broadcast ephemeris: 2026/09/14 22:01:55 sat= 1 iode= -1
2 no broadcast clock 2026/09/14 22:01:54.925 sat= 1
2 point position error (lack of valid sats ns=4)
2 rtcm3 1097 satellite error: prn=34
2 rtcm3 1127: unknown signal id=31
2 rtcm3 1127 satellite error: prn=38
2 no broadcast clock 2026/09/14 22:01:55.873 sat=130
2 no broadcast clock 2026/09/14 22:01:55.872 sat=132
2 no broadcast clock 2026/09/14 22:01:55.873 sat=145
2 no broadcast ephemeris: 2026/09/14 22:01:56 sat= 1 iode= -1
2 no broadcast clock 2026/09/14 22:01:55.925 sat= 1
2 point position error (lack of valid sats ns=4)
2 rtcm3 1097 satellite error: prn=34
2 rtcm3 1127: unknown signal id=31
2 rtcm3 1127 satellite error: prn=38
2 no broadcast clock 2026/09/14 22:01:56.873 sat=130
2 no broadcast clock 2026/09/14 22:01:56.872 sat=132
2 no broadcast clock 2026/09/14 22:01:56.873 sat=145
2 no broadcast ephemeris: 2026/09/14 22:01:57 sat= 1 iode= -1
2 no broadcast clock 2026/09/14 22:01:56.925 sat= 1
2 point position error (lack of valid sats ns=4)
2 rtcm3 1045 satellite number error: prn=34
2 rtcm3 1046 satellite number error: prn=34
2 rtcm3 1230: not supported message
2 rtcm3 1097 satellite error: prn=34
2 rtcm3 1127: unknown signal id=31
2 rtcm3 1127 satellite error: prn=38
2 no broadcast clock 2026/09/14 22:01:57.873 sat=130
2 no broadcast clock 2026/09/14 22:01:57.872 sat=132
2 no broadcast clock 2026/09/14 22:01:57.873 sat=145
2 no broadcast ephemeris: 2026/09/14 22:01:58 sat= 1 iode= -1
2 no broadcast clock 2026/09/14 22:01:57.925 sat= 1
2 point position error (lack of valid sats ns=4)
2 rtcm3 1097 satellite error: prn=34
2 rtcm3 1127: unknown signal id=31
2 rtcm3 1127 satellite error: prn=38
2 no broadcast clock 2026/09/14 22:01:58.873 sat=130
2 no broadcast clock 2026/09/14 22:01:58.872 sat=132
2 no broadcast clock 2026/09/14 22:01:58.873 sat=145
2 no broadcast ephemeris: 2026/09/14 22:01:59 sat= 1 iode= -1
2 no broadcast clock 2026/09/14 22:01:58.925 sat= 1
2 point position error (lack of valid sats ns=4)
2 rtcm3 1097 satellite error: prn=34
2 rtcm3 1127: unknown signal id=31
2 rtcm3 1127 satellite error: prn=38
2 no broadcast clock 2026/09/14 22:01:59.873 sat=130
2 no broadcast clock 2026/09/14 22:01:59.872 sat=132
2 no broadcast clock 2026/09/14 22:01:59.873 sat=145
2 no broadcast ephemeris: 2026/09/14 22:02:00 sat= 1 iode= -1
2 no broadcast clock 2026/09/14 22:01:59.925 sat= 1
2 point position error (lack of valid sats ns=4)
2 rtcm3 1097 satellite error: prn=34
2 rtcm3 1127: unknown signal id=31
2 rtcm3 1127 satellite error: prn=38
2 no broadcast clock 2026/09/14 22:02:00.873 sat=130
2 no broadcast clock 2026/09/14 22:02:00.872 sat=132
2 no broadcast clock 2026/09/14 22:02:00.873 sat=145
2 no broadcast ephemeris: 2026/09/14 22:02:01 sat= 1 iode= -1
2 no broadcast clock 2026/09/14 22:02:00.925 sat= 1
2 point position error (lack of valid sats ns=4)
2 rtcm3 1097 satellite error: prn=34
2 rtcm3 1127: unknown signal id=31
2 rtcm3 1127 satellite error: prn=38
2 no broadcast clock 2026/09/14 22:02:01.873 sat=130
2 no broadcast clock 2026/09/14 22:02:01.872 sat=132
2 no broadcast clock 2026/09/14 22:02:01.873 sat=145
2 no broadcast ephemeris: 2026/09/14 22:02:02 sat= 1 iode= -1
2 no broadcast clock 2026/09/14 22:02:01.925 sat= 1
2 point position error (lack of valid sats ns=4)
2 rtcm3 1042 satellite number error: prn=38
2 rtcm3 1042 satellite number error: prn=38
2 rtcm3 1097 satellite error: prn=34
2 rtcm3 1127: unknown signal id=31
2 rtcm3 1127 satellite error: prn=38
2 no broadcast clock 2026/09/14 22:02:02.873 sat=130
2 no broadcast clock 2026/09/14 22:02:02.872 sat=132
2 no broadcast clock 2026/09/14 22:02:02.873 sat=145
2 no broadcast ephemeris: 2026/09/14 22:02:03 sat= 1 iode= -1
2 no broadcast clock 2026/09/14 22:02:02.925 sat= 1
2 point position error (lack of valid sats ns=4)
2 rtcm3 1097 satellite error: prn=34
2 rtcm3 1127: unknown signal id=31
2 rtcm3 1127 satellite error: prn=38
2 no broadcast clock 2026/09/14 22:02:03.873 sat=130
2 no broadcast clock 2026/09/14 22:02:03.872 sat=132
2 no broadcast clock 2026/09/14 22:02:03.873 sat=145
2 no broadcast ephemeris: 2026/09/14 22:02:04 sat= 1 iode= -1
2 no broadcast clock 2026/09/14 22:02:03.925 sat= 1
2 point position error (lack of valid sats ns=4)
2 rtcm3 1097 satellite error: prn=34
2 rtcm3 1127: unknown signal id=31
2 rtcm3 1127 satellite error: prn=38
2 no broadcast clock 2026/09/14 22:02:04.873 sat=130
2 no broadcast clock 2026/09/14 22:02:04.872 sat=132
2 no broadcast clock 2026/09/14 22:02:04.873 sat=145
2 no broadcast ephemeris: 2026/09/14 22:02:05 sat= 1 iode= -1
2 no broadcast clock 2026/09/14 22:02:04.925 sat= 1
2 point position error (lack of valid sats ns=4)
2 rtcm3 1097 satellite error: prn=34
2 rtcm3 1127: unknown signal id=31
2 rtcm3 1127 satellite error: prn=38
2 no broadcast clock 2026/09/14 22:02:05.873 sat=130
2 no broadcast clock 2026/09/14 22:02:05.872 sat=132
2 no broadcast clock 2026/09/14 22:02:05.873 sat=145
2 no broadcast ephemeris: 2026/09/14 22:02:06 sat= 1 iode= -1
2 no broadcast clock 2026/09/14 22:02:05.925 sat= 1
2 point position error (lack of valid sats ns=4)
2 rtcm3 1045 satellite number error: prn=34
2 rtcm3 1046 satellite number error: prn=34
2 rtcm3 1097 satellite error: prn=34
2 rtcm3 1127: unknown signal id=31
2 rtcm3 1127 satellite error: prn=38
2 no broadcast clock 2026/09/14 22:02:06.873 sat=130
2 no broadcast clock 2026/09/14 22:02:06.872 sat=132
2 no broadcast clock 2026/09/14 22:02:06.873 sat=145
2 no broadcast ephemeris: 2026/09/14 22:02:07 sat= 1 iode= -1
2 no broadcast clock 2026/09/14 22:02:06.925 sat= 1
2 point position error (lack of valid sats ns=4)
2 rtcm3 1097 satellite error: prn=34
2 rtcm3 1127: unknown signal id=31
2 rtcm3 1127 satellite error: prn=38
2 no broadcast clock 2026/09/14 22:02:07.873 sat=130
2 no broadcast clock 2026/09/14 22:02:07.872 sat=132
2 no broadcast clock 2026/09/14 22:02:07.873 sat=145
2 no broadcast ephemeris: 2026/09/14 22:02:08 sat= 1 iode= -1
2 no broadcast clock 2026/09/14 22:02:07.925 sat= 1
2 point position error (lack of valid sats ns=4)
2 rtcm3 1097 satellite error: prn=34
2 rtcm3 1127: unknown signal id=31
2 rtcm3 1127 satellite error: prn=38
2 no broadcast clock 2026/09/14 22:02:08.873 sat=130
2 no broadcast clock 2026/09/14 22:02:08.872 sat=132
2 no broadcast clock 2026/09/14 22:02:08.873 sat=145
2 no broadcast ephemeris: 2026/09/14 22:02:09 sat= 1 iode= -1
2 no broadcast clock 2026/09/14 22:02:08.925 sat= 1
2 point position error (lack of valid sats ns=4)
2 rtcm3 1097 satellite error: prn=34
2 rtcm3 1127: unknown signal id=31
2 rtcm3 1127 satellite error: prn=38
2 no broadcast clock 2026/09/14 22:02:09.873 sat=130
2 no broadcast clock 2026/09/14 22:02:09.872 sat=132
2 no broadcast clock 2026/09/14 22:02:09.873 sat=145
2 no broadcast ephemeris: 2026/09/14 22:02:10 sat= 1 iode= -1
2 no broadcast clock 2026/09/14 22:02:09.925 sat= 1
2 point position error (lack of valid sats ns=4)
2 rtcm3 1097 satellite error: prn=34
2 rtcm3 1127: unknown signal id=31
2 rtcm3 1127 satellite error: prn=38
2 no broadcast clock 2026/09/14 22:02:10.873 sat=130
2 no broadcast clock 2026/09/14 22:02:10.872 sat=132
2 no broadcast clock 2026/09/14 22:02:10.873 sat=145
2 no broadcast ephemeris: 2026/09/14 22:02:11 sat= 1 iode= -1
2 no broadcast clock 2026/09/14 22:02:10.925 sat= 1
2 point position error (lack of valid sats ns=4)
2 rtcm3 1097 satellite error: prn=34
2 rtcm3 1127: unknown signal id=31
2 rtcm3 1127 satellite error: prn=38
2 no broadcast clock 2026/09/14 22:02:11.873 sat=130
2 no broadcast clock 2026/09/14 22:02:11.872 sat=132
2 no broadcast clock 2026/09/14 22:02:11.873 sat=145
2 no broadcast ephemeris: 2026/09/14 22:02:12 sat= 1 iode= -1
2 no broadcast clock 2026/09/14 22:02:11.925 sat= 1
2 point position error (lack of valid sats ns=4)
2 rtcm3 1097 satellite error: prn=34
2 rtcm3 1127: unknown signal id=31
2 rtcm3 1127 satellite error: prn=38
2 no broadcast clock 2026/09/14 22:02:12.873 sat=130
2 no broadcast clock 2026/09/14 22:02:12.872 sat=132
2 no broadcast clock 2026/09/14 22:02:12.873 sat=145
2 no broadcast ephemeris: 2026/09/14 22:02:13 sat= 1 iode= -1
2 no broadcast clock 2026/09/14 22:02:12.925 sat= 1
2 point position error (lack of valid sats ns=4)
