seconds_after_cutoff,line_of_sight_error_deg,azimuth_error_deg,elevation_error_deg,range_error_m,reference_range_m,reference_elevation_deg,reference_visible
300.0,8.1632709684295e-07,-8.138370617416513e-07,6.350635644025715e-07,-0.029732517898082733,37193052.24523585,50.931743593090474,True
600.0,8.275490585970473e-07,-8.068737145094929e-07,6.442258495553688e-07,-0.0352136567234993,37254704.853494704,49.92724583124358,True
900.0,8.372267278969987e-07,-8.0142848446485e-07,6.510389667369054e-07,-0.03993455320596695,37316497.31003767,48.94166795023223,True
1200.0,8.471995392518596e-07,-7.959661161294207e-07,6.58641923223513e-07,-0.04546668380498886,37378306.59294314,47.97549739272504,True
1500.0,8.569948200839624e-07,-7.95565767930384e-07,6.636074729726715e-07,-0.05127202719449997,37440010.207892574,47.02921276800265,True
1800.0,8.649673949913728e-07,-7.934308143831004e-07,6.674740404832846e-07,-0.05707109719514847,37501486.418967135,46.10328407422479,True
2100.0,8.74795885487461e-07,-7.94256294511797e-07,6.72330443762803e-07,-0.0632328912615776,37562614.471440464,45.19817286689154,True
2400.0,8.827907982344184e-07,-7.944850608510023e-07,6.753986383500887e-07,-0.06919711828231812,37623274.80632556,44.314332365721334,True
2700.0,8.901366084670651e-07,-7.956912781992287e-07,6.772635572360741e-07,-0.07549383491277695,37683349.27203018,43.452207490891055,True
3000.0,8.966705155746619e-07,-7.980133602814021e-07,6.775667955594145e-07,-0.08190498501062393,37742721.32549282,42.61223485925845,True
3300.0,9.042306680051537e-07,-8.024074986678897e-07,6.78057190839354e-07,-0.08878710120916367,37801276.22968262,41.794842724272655,True
3600.0,9.105074070410883e-07,-8.064607470714691e-07,6.77186619668646e-07,-0.09536352753639221,37858901.2411694,41.00045087839454,True
3900.0,9.185416550965416e-07,-8.140385716615128e-07,6.763653530583724e-07,-0.1022396981716156,37915485.79494612,40.22947050052971,True
4200.0,9.226691894056772e-07,-8.190617108994047e-07,6.720719838426703e-07,-0.1089080274105072,37970921.6772277,39.48230397665579,True
4500.0,9.277598901018437e-07,-8.242562330451619e-07,6.690463933978208e-07,-0.11562738567590714,38025103.19559411,38.75934466067348,True
4800.0,9.33087205025277e-07,-8.326247495915595e-07,6.639864125190797e-07,-0.12337116152048111,38077927.340178326,38.06097662829401,True
5100.0,9.379155005479904e-07,-8.395791724069568e-07,6.593054706627299e-07,-0.13057388365268707,38129293.934655786,37.38757436668962,True
5400.0,9.419619564205765e-07,-8.476240509480704e-07,6.526140410301196e-07,-0.13777005672454834,38179105.78817407,36.7395024566341,True
5700.0,9.443793500224475e-07,-8.540544342849898e-07,6.448774243494881e-07,-0.14474807679653168,38227268.83290658,36.11711520672049,True
6000.0,9.473170968198042e-07,-8.625032137388189e-07,6.360909026170702e-07,-0.15208178758621216,38273692.25916666,35.52075627353299,True
6300.0,9.504001353876256e-07,-8.719028130599327e-07,6.265262015858752e-07,-0.15989664942026138,38318288.641024634,34.95075825263608,True
6600.0,9.518890008361005e-07,-8.791921288775484e-07,6.163868988551258e-07,-0.16818200796842575,38360974.056833506,34.40744225066656,True
6900.0,9.536021731414101e-07,-8.879561050889606e-07,6.050236507348927e-07,-0.1756022945046425,38401668.20171748,33.89111744071023,True
7200.0,9.555870822802224e-07,-8.963852451415733e-07,5.942665950442461e-07,-0.18324339389801025,38440294.498566456,33.402080599938245,True
7500.0,9.555974080449975e-07,-9.040489317158062e-07,5.809705925230446e-07,-0.19044017791748047,38476780.19479217,32.940615648126865,True
7800.0,9.5592463152199e-07,-9.127080318194203e-07,5.668668165981217e-07,-0.19831735640764236,38511056.46059044,32.5069931628503,True
8100.0,9.55367519863887e-07,-9.196685653023451e-07,5.529867905806896e-07,-0.20621320605278015,38543058.473991156,32.10146990810201,True
8400.0,9.554145226899345e-07,-9.283861288622575e-07,5.37802318234526e-07,-0.21494575589895248,38572725.50676668,31.72428836132612,True
8700.0,9.532678143527428e-07,-9.351342384888994e-07,5.208558206959424e-07,-0.22252628952264786,38600000.99691254,31.375676241276803,True
9000.0,9.522379240357335e-07,-9.419761681783712e-07,5.055452589886045e-07,-0.23066265881061554,38624832.62614817,31.055846047257898,True
9300.0,9.4907672315959e-07,-9.473191084907739e-07,4.879979194072348e-07,-0.2383769527077675,38647172.37886305,30.76499462700504,True
9600.0,9.462706048732564e-07,-9.530194517992641e-07,4.703058422705908e-07,-0.2465669959783554,38666976.60643283,30.503302739065518,True
9900.0,9.431196079188183e-07,-9.586190401478234e-07,4.517025935513175e-07,-0.2557716965675354,38684206.07925468,30.270934660106622,True
10200.0,9.40613790043049e-07,-9.648411776197463e-07,4.33039762270937e-07,-0.26353465020656586,38698826.03297754,30.068037805636905,True
10500.0,9.354944222148504e-07,-9.679115464678034e-07,4.1354724444886415e-07,-0.2720842584967613,38710806.219719745,29.894742388781765,True
10800.0,9.308673313038465e-07,-9.711222901387373e-07,3.945464861487835e-07,-0.28001464158296585,38720120.938023515,29.751161105803337,True
11100.0,9.255731978031773e-07,-9.744434805725177e-07,3.732901383557419e-07,-0.2885582074522972,38726749.07219377,29.63738886823911,True
11400.0,9.204174901124557e-07,-9.77016554770671e-07,3.533192014515407e-07,-0.2964155673980713,38730674.115033805,29.553502557960094,True
11700.0,9.13352500218515e-07,-9.772929274731723e-07,3.3271458121930664e-07,-0.30549556016921997,38731884.19636785,29.499560846070306,True
12000.0,9.06952119010686e-07,-9.782870904473384e-07,3.118215232689181e-07,-0.3134773075580597,38730372.09328946,29.475604035940073,True
12300.0,8.98580726461379e-07,-9.772731175416993e-07,2.893216368704543e-07,-0.3220859542489052,38726135.25104398,29.481653962913725,True
12600.0,8.911923295937513e-07,-9.764093817921093e-07,2.688429958652705e-07,-0.3302714079618454,38719175.783740506,29.517713929439218,True
12900.0,8.825416053616738e-07,-9.739627842009213e-07,2.4796032604967877e-07,-0.3393682390451431,38709500.48196674,29.58376870421367,True
13200.0,8.726959537971884e-07,-9.705201478027448e-07,2.2499364149553003e-07,-0.34737200289964676,38697120.80442646,29.679784549882744,True
13500.0,8.621440629652262e-07,-9.652871995058376e-07,2.0427152946922433e-07,-0.3564813360571861,38682052.8777227,29.805709298073992,True
13800.0,8.521517654684403e-07,-9.60700504037959e-07,1.8280121594216325e-07,-0.36463513225317,38664317.4749789,29.96147248777522,True
14100.0,8.410893416532702e-07,-9.545423722556734e-07,1.6154012172364673e-07,-0.3729848563671112,38643940.00518997,30.146985522338127,True
14400.0,8.292809895937577e-07,-9.471775683778105e-07,1.4062896980249207e-07,-0.38159434497356415,38620950.48553779,30.362141883763535,True
14700.0,8.169707963655444e-07,-9.38837189323749e-07,1.2046998421055832e-07,-0.3898436427116394,38595383.513078675,30.60681737997187,True
15000.0,8.040665805665812e-07,-9.295872018810769e-07,1.001470977257668e-07,-0.39875101298093796,38567278.232938714,30.880870430750534,True
15300.0,7.902189270424114e-07,-9.190165428663022e-07,7.934225720873656e-08,-0.4068848118185997,38536678.29460038,31.184142383054002,True
15600.0,7.749026817594106e-07,-9.062961225936306e-07,5.958513682458033e-08,-0.4154166951775551,38503631.81173474,31.516457856331577,True
15900.0,7.603895204010299e-07,-8.942238025611005e-07,3.964801109646032e-08,-0.4239008203148842,38468191.30705786,31.877625119310654,True
16200.0,7.451243431325624e-07,-8.808587210751284e-07,2.1166471242395346e-08,-0.43177345395088196,38430413.65709224,32.26743647816919,True
16500.0,7.293812427430558e-07,-8.666072517371504e-07,2.649770181051281e-09,-0.44008447229862213,38390360.03122353,32.68566869377056,True
16800.0,7.110440300155155e-07,-8.488711387144576e-07,-1.637111068930608e-08,-0.4483252242207527,38348095.81978942,33.13208340192133,True
17100.0,6.930372009829994e-07,-8.312171644320188e-07,-3.224145928015787e-08,-0.45688024908304214,38303690.56159543,33.60642754346146,True
17400.0,6.750832782708604e-07,-8.131572712954949e-07,-4.936224229368236e-08,-0.46523284912109375,38257217.86084986,34.1084338140119,True
17700.0,6.559792011676181e-07,-7.93261477838314e-07,-6.585781875401153e-08,-0.47275613993406296,38208755.300208844,34.63782108718065,True
18000.0,6.367755387186049e-07,-7.728391722139349e-07,-8.1286735564845e-08,-0.4812336936593056,38158384.34893294,35.19429485541903,True
18300.0,6.156077762564171e-07,-7.496994953726244e-07,-9.504807252369574e-08,-0.4886685162782669,38106190.25557034,35.77754765289374,True
18600.0,5.959229630699763e-07,-7.27659312360629e-07,-1.0945654338456734e-07,-0.4962333142757416,38052261.94687755,36.38725947016269,True
18900.0,5.738114935419784e-07,-7.019212375780626e-07,-1.232944626394783e-07,-0.504651740193367,37996691.90912702,37.023098142400706,True
19200.0,5.515856286022332e-07,-6.757529433798481e-07,-1.351114704561951e-07,-0.5114812552928925,37939576.06313743,37.68471972651849,True
19500.0,5.287541405030886e-07,-6.48049820028973e-07,-1.4644156465237756e-07,-0.51883365213871,37881013.64243358,38.37176885355492,True
19800.0,5.055346378042384e-07,-6.187567294091423e-07,-1.5774416084468612e-07,-0.5264538452029228,37821107.0493363,39.08387904549159,True
20100.0,4.820195895099552e-07,-5.881871345536638e-07,-1.6809834590958417e-07,-0.5336140394210815,37759961.7123301,39.82067300397398,True
20400.0,4.5864437247932315e-07,-5.574959232035326e-07,-1.7630063098295068e-07,-0.5400493368506432,37697685.93483854,40.58176286512805,True
20700.0,4.344657741325814e-07,-5.242674205874209e-07,-1.8425471637328883e-07,-0.5476808771491051,37634390.737073064,41.366750417935286,True
21000.0,4.0999028481358156e-07,-4.89248094481809e-07,-1.9138519036232537e-07,-0.5538348481059074,37570189.68160208,42.17522727144564,True
21300.0,3.862911758332507e-07,-4.534041977422021e-07,-1.9821030861066902e-07,-0.5614785254001617,37505198.70812088,43.006774985399396,True
21600.0,3.6239402255493976e-07,-4.1488362967356807e-07,-2.0455860294532613e-07,-0.5672856941819191,37439535.93821855,43.86096514595654,True
21900.0,3.3914414779469056e-07,-3.7621180126734544e-07,-2.0881166307162857e-07,-0.5732292458415031,37373321.49585079,44.73735938876557,True
22200.0,3.146355768048276e-07,-3.3285564882135077e-07,-2.1172598252405805e-07,-0.5792292207479477,37306677.301088065,45.63550936822952,True
22500.0,2.933788579659572e-07,-2.901961124734953e-07,-2.1505493918994034e-07,-0.5849057734012604,37239726.865263104,46.554956657718904,True
22800.0,2.7267002870226037e-07,-2.421600129309809e-07,-2.1812569173107477e-07,-0.5902718231081963,37172595.077463455,47.49523257734331,True
23100.0,2.542838307102912e-07,-1.940315996762365e-07,-2.1932036986527237e-07,-0.5954621136188507,37105407.98261631,48.45585794823801,True
23400.0,2.3783351055082707e-07,-1.4338036180561176e-07,-2.187949519338872e-07,-0.6002426892518997,37038292.552102156,49.4363427597682,True
23700.0,2.2539531015035295e-07,-9.060255479198531e-08,-2.178825724286071e-07,-0.6054761484265327,36971376.449310966,50.43618573259553,True
24000.0,2.1768968118221745e-07,-3.2482091683050385e-08,-2.167466632840842e-07,-0.6096783727407455,36904787.78356236,51.454873763271834,True
24300.0,2.1681014930300264e-07,2.6021240273621515e-08,-2.1623047530283657e-07,-0.6142246425151825,36838654.86628446,52.49188123591776,True
24600.0,2.2050528479353302e-07,8.971622378339816e-08,-2.1396494531700228e-07,-0.6181382909417152,36773105.95077363,53.54666916472259,True
24900.0,2.2873797667283867e-07,1.570672054640454e-07,-2.098813709494607e-07,-0.6219659522175789,36708268.9754831,54.61868414820551,True
25200.0,2.4327553701333045e-07,2.296772549925663e-07,-2.0600339212251129e-07,-0.6256866157054901,36644271.29628773,55.70735707539651,True
25500.0,2.620556530012568e-07,3.0455265687123756e-07,-2.0219200536075732e-07,-0.6282341107726097,36581239.41586194,56.812101526784005,True
25800.0,2.8429506099448587e-07,3.86760063975089e-07,-1.9662044792312372e-07,-0.6313356384634972,36519298.71348863,57.93231180089695,True
26100.0,3.0817787831922044e-07,4.708726351054793e-07,-1.9075889667874435e-07,-0.633672796189785,36458573.16197887,59.06736046235457,True
26400.0,3.371978810844895e-07,5.659186967932328e-07,-1.8623270392481572e-07,-0.6356234028935432,36399185.0526916,60.21659525893232,True
26700.0,3.668375372529198e-07,6.675724932847515e-07,-1.7976394417473784e-07,-0.6371316686272621,36341254.7119879,61.37933522408958,True
27000.0,3.975007018894815e-07,7.758451943118416e-07,-1.736054784373664e-07,-0.6392076537013054,36284900.220462605,62.55486572223578,True
27300.0,4.304971396256029e-07,8.964181290593842e-07,-1.6748336406635644e-07,-0.639936774969101,36230237.12672788,63.74243204220632,True
27600.0,4.6296380387210543e-07,1.025557196498994e-06,-1.6017538939649967e-07,-0.6406218931078911,36177378.17231332,64.94123106127356,True
27900.0,4.981873022943133e-07,1.1707332134847093e-06,-1.5527552932326216e-07,-0.6409609317779541,36126433.00757301,66.15040025516134,True
28200.0,5.327136989869238e-07,1.3273688637127634e-06,-1.513389378260399e-07,-0.6404393687844276,36077507.91680536,67.3690029969689,True
28500.0,5.675602441542295e-07,1.5022033039713278e-06,-1.4691238447994692e-07,-0.6396996229887009,36030705.547408976,68.59600865520012,True
28800.0,6.02856396016448e-07,1.6991902498375566e-06,-1.420377486738289e-07,-0.6387261003255844,35986124.64100224,69.83026520521314,True
29100.0,6.391238128851235e-07,1.9217761746403994e-06,-1.4074527143748128e-07,-0.6369674876332283,35943859.77273776,71.07046091284049,True
29400.0,6.758058441780067e-07,2.175088667399905e-06,-1.4183758878516528e-07,-0.6351636275649071,35904001.09970242,72.31506973198334,True
29700.0,7.119989706337023e-07,2.46399940806441e-06,-1.4419160265788378e-07,-0.6334471851587296,35866634.11410062,73.56227196335301,True
30000.0,7.471889656932317e-07,2.7930661303798843e-06,-1.506268034745517e-07,-0.6307849735021591,35831839.40740987,74.80983638327817,True
30300.0,7.844909647112969e-07,3.185976197528362e-06,-1.609979562999797e-07,-0.6268644034862518,35799692.44772533,76.05494087742524,True
30600.0,8.199141531243553e-07,3.6380667722824e-06,-1.7874447166832397e-07,-0.6234944090247154,35770263.36845073,77.29389232248894,True
30900.0,8.554099838432131e-07,4.176832817393006e-06,-2.0216178597820544e-07,-0.6193860247731209,35743616.76325765,78.52167667732003,True
31200.0,8.908087216557947e-07,4.815522345325007e-06,-2.37934642655091e-07,-0.6145195215940475,35719811.50453419,79.7312151911715,True
31500.0,9.258263483923387e-07,5.570185635406233e-06,-2.882566008111098e-07,-0.6104869171977043,35698900.57267525,80.91210004929997,True
31800.0,9.609447672150956e-07,6.442590603228382e-06,-3.592990509559968e-07,-0.6038367077708244,35680930.894142956,82.04839903378947,True
32100.0,9.960577455492047e-07,7.378584541584132e-06,-4.579462284937108e-07,-0.5983414947986603,35665943.215050645,83.11483673492143,True
32400.0,1.0291500575161281e-06,8.167455519014766e-06,-5.892838714771642e-07,-0.5920573621988297,35653971.966892816,84.0704858162517,True
32700.0,1.0630709603563785e-06,8.297804669155084e-06,-7.585587695757567e-07,-0.5856188461184502,35645045.17153288,84.85036254733859,True
33000.0,1.0957094429051143e-06,6.887248048315087e-06,-9.436594012868227e-07,-0.5782526060938835,35639184.35250601,85.36241003980068,True
33300.0,1.1274380585799605e-06,3.5812588521366706e-06,-1.0920584685436552e-06,-0.570252999663353,35636404.4718553,85.51218713639206,True
33600.0,1.1592263870699263e-06,-3.578281564386998e-07,-1.1588498836090366e-06,-0.5618527308106422,35636713.882804915,85.264251415464,True
33900.0,1.1900367236995731e-06,-3.237357162788612e-06,-1.1514672877410703e-06,-0.5529067143797874,35640114.30295016,84.67368591282228,True
34200.0,1.2205691543028616e-06,-4.735368634101178e-06,-1.1097209551280685e-06,-0.5444570705294609,35646600.80918247,83.83865596056451,True
34500.0,1.2492895136763298e-06,-5.306158499251978e-06,-1.0601616509120504e-06,-0.5344266965985298,35656161.84663416,82.8450954550126,True
34800.0,1.2784765057606681e-06,-5.393100025230524e-06,-1.0177464844218775e-06,-0.5242417082190514,35668779.26836669,81.7512531023846,True
35100.0,1.3064752772023023e-06,-5.255881887933356e-06,-9.843625008443269e-07,-0.5147818699479103,35684428.38401282,80.5934391109392,True
35400.0,1.3337021700168742e-06,-5.036618404119508e-06,-9.588717091446597e-07,-0.5032792463898659,35703078.02869301,79.39414534970558,True
35700.0,1.3594071075390606e-06,-4.7921628834046714e-06,-9.393801860824169e-07,-0.4919606149196625,35724690.66259507,78.16766807557048,True
36000.0,1.3843456800980853e-06,-4.544172384157719e-06,-9.27015705087797e-07,-0.48062383383512497,35749222.47289775,76.92344223136669,True
36300.0,1.4084369656072014e-06,-4.3158492530892545e-06,-9.177821453931756e-07,-0.469211146235466,35776623.5034943,75.66795388510072,True
36600.0,1.4312864838910316e-06,-4.104578550823135e-06,-9.116420898180877e-07,-0.45706652104854584,35806837.798506,74.40584641531478,True
36900.0,1.4535822679531413e-06,-3.913411774192355e-06,-9.081351635131796e-07,-0.44410932809114456,35839803.56403702,73.14057558821332,True
37200.0,1.4753481402012006e-06,-3.741540695045842e-06,-9.065435051525128e-07,-0.4320422261953354,35875453.34543242,71.8748086507473,True
37500.0,1.4946362072178704e-06,-3.5796772976937064e-06,-9.064443702300196e-07,-0.41872455924749374,35913714.21224818,70.61067457352797,True
37800.0,1.514278942525238e-06,-3.436531727629699e-06,-9.078966201059302e-07,-0.40480314940214157,35954507.96904499,69.34992533315558,True
38100.0,1.532635394094568e-06,-3.3059923225664534e-06,-9.097592368334517e-07,-0.3912772387266159,35997751.369655035,68.09404254437914,True
38400.0,1.549508418588798e-06,-3.184784333143398e-06,-9.124588160602798e-07,-0.3775383532047272,36043356.34339588,66.84430963410568,True
38700.0,1.5653130249335628e-06,-3.075168706345721e-06,-9.146620669753247e-07,-0.363898366689682,36091230.23615056,65.60186173811364,True
39000.0,1.5797947906290508e-06,-2.9753236105989345e-06,-9.160287248732857e-07,-0.3488481789827347,36141276.05544194,64.36772088286199,True
39300.0,1.5946542100969667e-06,-2.8838557000199216e-06,-9.195356014402023e-07,-0.33442332595586777,36193392.73175477,63.142821233037196,True
39600.0,1.6071095314836198e-06,-2.7982829635675444e-06,-9.213003338004455e-07,-0.3197447806596756,36247475.375049084,61.928027494968454,True
39900.0,1.6190180934055782e-06,-2.7201475631954963e-06,-9.229340420802146e-07,-0.30454912781715393,36303415.54716315,60.72414856213942,True
40200.0,1.6301457181786997e-06,-2.6485996329483896e-06,-9.239828031581965e-07,-0.289724737405777,36361101.536022216,59.53194774197158,True
40500.0,1.6385397961409853e-06,-2.5794396947276255e-06,-9.236098748033328e-07,-0.27457576990127563,36420418.630297795,58.35215053958838,True
40800.0,1.646635295430476e-06,-2.5155840432944387e-06,-9.235576499122544e-07,-0.2601397857069969,36481249.40279647,57.18545064926178,True
41100.0,1.6547490731802779e-06,-2.4588376845713356e-06,-9.224138182162278e-07,-0.2440929338335991,36543473.987100996,56.03251460845625,True
41400.0,1.6618439082701198e-06,-2.4044442170634284e-06,-9.217698817565179e-07,-0.22905219346284866,36606970.368304096,54.893985467454804,True
41700.0,1.6665007281950574e-06,-2.3529789530130074e-06,-9.183069380469533e-07,-0.2143503576517105,36671614.65698688,53.770485689069744,True
42000.0,1.6708111657150122e-06,-2.303677234749557e-06,-9.162153844499699e-07,-0.19828899204730988,36737281.372573085,52.66261948865492,True
42300.0,1.6736797912403895e-06,-2.2596019562115544e-06,-9.103527247589227e-07,-0.18308484554290771,36803843.72745347,51.570974694587335,True
42600.0,1.6757573086558367e-06,-2.2160984087804536e-06,-9.059970267344397e-07,-0.1678663268685341,36871173.89647062,50.496124291659115,True
42900.0,1.6772217823451698e-06,-2.1773840046535042e-06,-8.991015647552558e-07,-0.1523607224225998,36939143.293695055,49.43862764370841,True
43200.0,1.6770366775747518e-06,-2.138562422260293e-06,-8.924168852786352e-07,-0.13667792826890945,37007622.84124578,48.39903152551471,True
43500.0,1.6775167436338857e-06,-2.1052393321951968e-06,-8.841785685831383e-07,-0.12177331000566483,37076483.23414338,47.37787094214001,True
43800.0,1.6755397995251436e-06,-2.070235154860711e-06,-8.759913967537614e-07,-0.10610029846429825,37145595.19616869,46.375669813987145,True
44100.0,1.6731064778013211e-06,-2.0390133954606426e-06,-8.654535079699599e-07,-0.09182817488908768,37214829.73962194,45.39294151735692,True
44400.0,1.66966498094898e-06,-2.0090230350433558e-06,-8.541410920770431e-07,-0.07581868022680283,37284058.40375011,44.430189329770485,True
44700.0,1.6655026008992765e-06,-1.9806150248768972e-06,-8.420222314953207e-07,-0.06089518964290619,37353153.50700489,43.48790676553409,True
45000.0,1.6597835893022563e-06,-1.9531500470293395e-06,-8.280457350906545e-07,-0.04661133885383606,37421988.372017525,42.566577832484114,True
45300.0,1.6551915486652513e-06,-1.9285240284716565e-06,-8.149665760015523e-07,-0.032069817185401917,37490437.55557045,41.666677216730456,True
45600.0,1.6473621638191808e-06,-1.9027813493721624e-06,-7.989699355448465e-07,-0.01749914139509201,37558377.07004916,40.7886703828811,True
45900.0,1.6398938937709863e-06,-1.8795847154251533e-06,-7.823237027082541e-07,-0.002841576933860779,37625684.594447464,39.933013633526166,True
46200.0,1.6312604478083546e-06,-1.856092495700068e-06,-7.656549456669381e-07,0.011581696569919586,37692239.67985285,39.100154089118796,True
46500.0,1.6219760866002124e-06,-1.8345745900205657e-06,-7.466193778782326e-07,0.025517411530017853,37757923.94612185,38.29052961884091,True
46800.0,1.6124613240383195e-06,-1.813998778743553e-06,-7.274305957594152e-07,0.03915508836507797,37822621.270863324,37.50456872824513,True
47100.0,1.6012082204101924e-06,-1.7930693161360978e-06,-7.066521092724543e-07,0.053127579391002655,37886217.970998265,36.742690382084284,True
47400.0,1.590232705457404e-06,-1.7737322082211904e-06,-6.85529592203693e-07,0.06765678524971008,37948602.977371566,36.00530379544165,True
47700.0,1.5772959186858033e-06,-1.7529405340610538e-06,-6.63902049780063e-07,0.08143200725317001,38009668.00184954,35.292808170978425,True
48000.0,1.5646511167654429e-06,-1.7348158394270285e-06,-6.397282419356998e-07,0.09403081983327866,38069307.693137676,34.60559239914208,True
48300.0,1.5512521615280957e-06,-1.716337436619142e-06,-6.156692506920081e-07,0.10701680183410645,38127419.78624826,33.94403472768462,True
48600.0,1.5371932971553838e-06,-1.6977566303921776e-06,-5.914405818430168e-07,0.12057053297758102,38183905.24884414,33.30850238226525,True
48900.0,1.5216839201911394e-06,-1.678509448765908e-06,-5.660233668436376e-07,0.1335257887840271,38238668.41668308,32.69935116547871,True
49200.0,1.5068423552070199e-06,-1.6614729361208447e-06,-5.388282389162669e-07,0.14566759020090103,38291617.11941575,32.11692502687022,True
49500.0,1.4900820424341925e-06,-1.6422030171270308e-06,-5.121955197751049e-07,0.15848061442375183,38342662.8006682,31.561555610018466,True
49800.0,1.4746474491063794e-06,-1.6256262256320042e-06,-4.840402390016152e-07,0.17064063996076584,38391720.63624356,31.033561769424114,True
50100.0,1.45746620729146e-06,-1.6073303186203702e-06,-4.5553120386898627e-07,0.18331338465213776,38438709.63551184,30.533249086249093,True
50400.0,1.4386574019443183e-06,-1.5876456700425479e-06,-4.2613738315822047e-07,0.1950308457016945,38483552.746354975,30.060909359605855,True
50700.0,1.4212221517489752e-06,-1.569897932540698e-06,-3.9650856109574306e-07,0.20773965865373611,38526176.94221191,29.616820098416365,True
51000.0,1.4026995007204464e-06,-1.5511045319271943e-06,-3.6648638257474886e-07,0.2186872586607933,38566513.31669783,29.201244005846092,True
51300.0,1.3834022761561075e-06,-1.5317577322093712e-06,-3.354990099069255e-07,0.2300811931490898,38604497.15400128,28.814428468392702,True
51600.0,1.3639120743471187e-06,-1.512188987362606e-06,-3.0451494836825077e-07,0.24256626516580582,38640068.00915121,28.456605053706806,True
51900.0,1.3439340660405996e-06,-1.492092707167103e-06,-2.732045381037551e-07,0.25278327614068985,38673169.77802331,28.127989015720026,True
52200.0,1.3237474337533534e-06,-1.4719743433033727e-06,-2.4039954382715223e-07,0.2644593194127083,38703750.74776428,27.828778820070873,True
52500.0,1.3020311282933811e-06,-1.4495741709197318e-06,-2.0931497957121792e-07,0.2758978381752968,38731763.664889105,27.559155696109197,True
52800.0,1.2813101280427184e-06,-1.4281679057148722e-06,-1.7808483931958108e-07,0.2866049185395241,38757165.77843105,27.319283200706394,True
53100.0,1.2600316717125421e-06,-1.4060903197332664e-06,-1.4539022785697853e-07,0.2973022609949112,38779918.88400342,27.109306828125717,True
53400.0,1.2383555001006352e-06,-1.3832051308781956e-06,-1.126824571429097e-07,0.30749841779470444,38799989.36470298,26.929353651672155,True
53700.0,1.21637713042525e-06,-1.359486986984848e-06,-8.099231152414177e-08,0.3186073303222656,38817348.220958576,26.77953199901514,True
54000.0,1.1953162857542495e-06,-1.336400828222395e-06,-4.874597081538923e-08,0.3286915570497513,38831971.10333173,26.65993117113701,True
54300.0,1.1722641389121076e-06,-1.3105621974318638e-06,-1.6679567949040575e-08,0.33922071754932404,38843838.32795288,26.570621214112702,True
54600.0,1.1494693607589921e-06,-1.284431192516422e-06,1.548661998640455e-08,0.3492959067225456,38852934.89920726,26.511652731030544,True
54900.0,1.1265604509459518e-06,-1.257545392263637e-06,4.683507981440016e-08,0.35884858667850494,38859250.51821639,26.48305674998013,True
55200.0,1.1035742285198224e-06,-1.2299317688757583e-06,7.744688446109649e-08,0.36917849630117416,38862779.58879493,26.484844639771172,True
55500.0,1.0809375632736754e-06,-1.2019316386613355e-06,1.0837812070008113e-07,0.379302553832531,38863521.22244488,26.51700808106623,True
55800.0,1.0582079524538527e-06,-1.1731205233900255e-06,1.382488932222259e-07,0.38904960453510284,38861479.23147531,26.579519094575588,True
56100.0,1.035280285871587e-06,-1.14326232392159e-06,1.6771068800380817e-07,0.3984028995037079,38856662.1207589,26.67233011495001,True
56400.0,1.0109197202422852e-06,-1.1109750062132662e-06,1.9628421554784836e-07,0.40751686692237854,38849083.073700786,26.795374125202418,True
56700.0,9.885567527823963e-07,-1.0799078040690802e-06,2.2485509987291152e-07,0.41730496287345886,38838759.93251466,26.948564837129435,True
57000.0,9.65796888045754e-07,-1.0478831882210216e-06,2.5113634549711605e-07,0.42628127336502075,38825715.1771054,27.131796928634756,True
57300.0,9.429953567018507e-07,-1.0141552593267988e-06,2.788267572384484e-07,0.43523258715867996,38809975.890952475,27.344946314919813,True
57600.0,9.200603350215483e-07,-9.79595284889001e-07,3.044838585708476e-07,0.44471658021211624,38791573.728960685,27.587870486734328,True
57900.0,8.961751758303295e-07,-9.433058778540726e-07,3.2807087180231065e-07,0.45307067781686783,38770544.87954552,27.860408866499355,True
58200.0,8.742646413604118e-07,-9.076403841845604e-07,3.521899998304434e-07,0.46202024072408676,38746930.013807625,28.16238321367125,True
58500.0,8.516215488252927e-07,-8.700392868377094e-07,3.7492253568416345e-07,0.47057247161865234,38720774.24104471,28.493598070467108,True
58800.0,8.302899023746076e-07,-8.332409322520107e-07,3.9595147427462507e-07,0.4789951369166374,38692127.04872782,28.85384122403605,True
59100.0,8.076840126232755e-07,-7.935469170661236e-07,4.158309430124518e-07,0.48790156841278076,38661042.24183965,29.242884200747163,True
59400.0,7.865542650404283e-07,-7.547724578671478e-07,4.34157939821489e-07,0.49629680067300797,38627577.87763208,29.660482782211233,True
59700.0,7.663614306188843e-07,-7.151612635425408e-07,4.5226249767438276e-07,0.504059873521328,38591796.19023397,30.10637753268774,True
60000.0,7.456990631880771e-07,-6.735714919159363e-07,4.6882366788736363e-07,0.5127769932150841,38553763.51109537,30.5802943446933,True
60300.0,7.265350385115264e-07,-6.317782208498102e-07,4.848632713105872e-07,0.5210139974951744,38513550.18907658,31.08194498159359,True
60600.0,7.074812218716874e-07,-5.890911438655166e-07,4.988401300920486e-07,0.5282370448112488,38471230.49586657,31.61102763175499,True
60900.0,6.886148184350032e-07,-5.456738279008277e-07,5.107131713089075e-07,0.5364895686507225,38426882.52751448,32.16722745080003,True
61200.0,6.710512060050656e-07,-5.020070545924682e-07,5.215854841367218e-07,0.5430208146572113,38380588.108769715,32.75021710092464,True
61500.0,6.546488710365365e-07,-4.5716728891420644e-07,5.317533577908762e-07,0.5516496300697327,38332432.6723387,33.35965728021998,True
61800.0,6.389962737776655e-07,-4.1161459307659243e-07,5.402366483053811e-07,0.5579158663749695,38282505.15789967,33.995197234918216,True
62100.0,6.230472927372296e-07,-3.6449770846047613e-07,5.461607770484989e-07,0.5655096545815468,38230897.87328295,34.65647525044209,True
62400.0,6.099532554149741e-07,-3.1743019235364045e-07,5.522671031599202e-07,0.5720561593770981,38177706.379642434,35.3431191175064,True
62700.0,5.973406981322472e-07,-2.6961657795254723e-07,5.561508231721746e-07,0.57925596088171,38123029.34552863,36.054746584480924,True
63000.0,5.857035110241299e-07,-2.2158388901516446e-07,5.581756710171248e-07,0.5859145745635033,38066968.411249965,36.790965764164476,True
63300.0,5.767076362859243e-07,-1.724937703784235e-07,5.602588331043989e-07,0.5923642367124557,38009628.034950875,37.55137551815918,True
63600.0,5.677660402280077e-07,-1.2134725579926453e-07,5.597305801074981e-07,0.5982096791267395,37951115.33842022,38.335565812294554,True
63900.0,5.607652674520181e-07,-7.044596372907108e-08,5.580973123642252e-07,0.6048809215426445,37891539.9411084,39.1431180211767,True
64200.0,5.551981854922544e-07,-1.7048762401827844e-08,5.550444370783225e-07,0.6103599295020103,37831013.79496617,39.973605209646465,True
64500.0,5.517399604965185e-07,3.580660745683417e-08,5.51074279542263e-07,0.6157034039497375,37769651.00048376,40.8265923660457,True
64800.0,5.476068254178866e-07,8.889065838957322e-08,5.435702306044732e-07,0.6217345595359802,37707567.62558154,41.701636600912444,True
65100.0,5.475809451804765e-07,1.4399526548913855e-07,5.372238192080658e-07,0.6265772059559822,37644881.51672931,42.598287288628,True
65400.0,5.478965819387604e-07,2.0091900410079688e-07,5.281679662516581e-07,0.6319761127233505,37581712.09442935,43.516086191090075,True
65700.0,5.506158854539552e-07,2.5953980298254464e-07,5.185134455132356e-07,0.6365009322762489,37518180.155076236,44.45456750498253,True
66000.0,5.556573888277085e-07,3.1838473546486057e-07,5.087256909064308e-07,0.6412404850125313,37454407.653730966,45.41325788318347,True
66300.0,5.60108025314545e-07,3.799346188770869e-07,4.950258798430696e-07,0.6454324275255203,37390517.49054503,46.39167640064951,True
66600.0,5.680768660817821e-07,4.4403509491530713e-07,4.820170502739529e-07,0.6496943980455399,37326633.283388115,47.389334451422755,True
66900.0,5.752788334220616e-07,5.069731798812427e-07,4.66558240930226e-07,0.6533986777067184,37262879.14039808,48.40573561664074,True
67200.0,5.865163749761342e-07,5.745904445575434e-07,4.521158203374398e-07,0.6561679691076279,37199379.422779866,49.44037543892976,True
67500.0,5.967015071250181e-07,6.422761487101525e-07,4.3485422906996973e-07,0.6597544103860855,37136258.50194059,50.49274115478722,True
67800.0,6.103400958957498e-07,7.164325381836534e-07,4.1731517086418535e-07,0.663361519575119,37073640.518297516,51.56231131964349,True
68100.0,6.238811773178945e-07,7.902005734194972e-07,3.992335990687934e-07,0.6655287742614746,37011649.129083626,52.64855536349367,True
68400.0,6.383309872486503e-07,8.683381054197525e-07,3.7926296414525495e-07,0.6677990332245827,36950407.25042457,53.750933026637604,True
68700.0,6.539292945600387e-07,9.495093991063186e-07,3.5927215691344827e-07,0.6701795756816864,36890036.804219864,54.86889366166107,True
69000.0,6.701858126426014e-07,1.0362619775605708e-06,3.367428220713009e-07,0.6713826283812523,36830658.457435936,56.00187538652611,True
69300.0,6.875220290851228e-07,1.1257853316237743e-06,3.1583436310711477e-07,0.6729333996772766,36772391.355366655,57.14930401859983,True
69600.0,7.066765704763135e-07,1.2229442916122935e-06,2.9440654003565214e-07,0.673267312347889,36715352.86343145,58.3105917791124,True
69900.0,7.256752222865057e-07,1.3255977648896078e-06,2.712140485527925e-07,0.6748805418610573,36659658.29518665,59.48513565188318,True
70200.0,7.452643524579141e-07,1.4348379693274183e-06,2.4800507247846326e-07,0.675425797700882,36605420.65644256,60.67231532361027,True
70500.0,7.658645119568173e-07,1.5526302377111278e-06,2.252576081218649e-07,0.6747601255774498,36552750.374307536,61.8714905724146,True
70800.0,7.852115839365551e-07,1.6767703243658616e-06,2.008135737696648e-07,0.6744299158453941,36501755.035540044,63.081997908651154,True
71100.0,8.075876474713984e-07,1.8167864652696153e-06,1.7778266681034438e-07,0.6741915643215179,36452539.13051334,64.3031461995259,True
71400.0,8.289300467645614e-07,1.9666504158522002e-06,1.540597622806672e-07,0.6732352152466774,36405203.796058215,65.53421093249128,True
71700.0,8.508669175820069e-07,2.1317648304375325e-06,1.3135918663920165e-07,0.6715820729732513,36359846.56267252,66.77442654180325,True
72000.0,8.734293754238975e-07,2.315484152859426e-06,1.0952894058391394e-07,0.669644258916378,36316561.10908766,68.02297604397977,True
72300.0,8.963895398339655e-07,2.521359022011893e-06,8.756491354233731e-08,0.6672883406281471,36275437.023843266,69.2789767835242,True
72600.0,9.197795819368366e-07,2.7533195634532603e-06,6.885603909267957e-08,0.6648919656872749,36236559.57238074,70.54146049844775,True
72900.0,9.427295545383168e-07,3.0156336663367256e-06,4.966463507116714e-08,0.6614437624812126,36200009.47560372,71.80934493497973,True
73200.0,9.667682837566116e-07,3.320225204106464e-06,3.2304527053383936e-08,0.6586116924881935,36165862.69197165,73.08139251583023,True
73500.0,9.899143494323473e-07,3.670367959784926e-06,1.8576358229438483e-08,0.6549316048622131,36134190.219949216,74.35614880400811,True
73800.0,1.0140284102360506e-06,4.08616639901993e-06,9.038103598868474e-09,0.6507074013352394,36105057.90117053,75.63184839805346,True
74100.0,1.0378551548689419e-06,4.581221702437688e-06,2.6195721147814766e-09,0.6458129435777664,36078526.24304563,76.9062667062196,True
74400.0,1.0615802622121116e-06,5.180976216934141e-06,4.415682042235858e-09,0.6409895345568657,36054650.25109303,78.17647850211473,True
74700.0,1.0846296873558603e-06,5.916993870869192e-06,1.4270227666202118e-08,0.6359111070632935,36033479.278553486,79.43844946434629,True
75000.0,1.1085718748640648e-06,6.845965657475972e-06,3.719141261626646e-08,0.6302386149764061,36015056.887835436,80.68631500350116,True
75300.0,1.1325207935868466e-06,8.029467608139385e-06,7.803271273587598e-08,0.6249746680259705,35999420.72718798,81.91104601216064,True
75600.0,1.1561460538851004e-06,9.543632643271849e-06,1.459560508010327e-07,0.6191572770476341,35986602.42819802,83.0978580349758,True
75900.0,1.1798244212026119e-06,1.143798380098815e-05,2.5600353126264963e-07,0.6124343574047089,35976627.5141284,84.22097094222642,True
76200.0,1.2019592170251648e-06,1.3518806440515618e-05,4.272126403748189e-07,0.6052898168563843,35969515.32780043,85.2329604469911,True
76500.0,1.2262996729598572e-06,1.479245722180167e-05,6.806178305396315e-07,0.5980018675327301,35965278.978326686,86.04576145392713,True
76800.0,1.2485741879436668e-06,1.2655520919224728e-05,9.835924430490195e-07,0.5902670249342918,35963925.30505416,86.51597208728847,True
77100.0,1.2722200079299265e-06,6.097027949181211e-06,1.2166335068286571e-06,0.5827232748270035,35965454.85768247,86.50249296835617,True
77400.0,1.2932869105826237e-06,-3.5893182825930126e-07,1.293045841066487e-06,0.5741451159119606,35969861.89888503,86.01099698098602,True
77700.0,1.3157465973132295e-06,-3.75169702238054e-06,1.2775382600693774e-06,0.566462054848671,35977134.41728332,85.18706468125909,True
78000.0,1.3382178143181597e-06,-4.980586197689263e-06,1.2389603369911129e-06,0.557661771774292,35987254.17061559,84.17165405623741,True
78300.0,1.3595889825017238e-06,-5.23095312132682e-06,1.203265384219776e-06,0.5491650626063347,36000196.732318446,83.05005121273358,True
78600.0,1.379850937214159e-06,-5.090547944064383e-06,1.1770662098342655e-06,0.5394835025072098,36015931.569419086,81.86807956526629,True
78900.0,1.400505175928868e-06,-4.8277914572736336e-06,1.1603042509022998e-06,0.5306881293654442,36034422.12482709,80.65069951727304,True
79200.0,1.420922778975065e-06,-4.530895495236109e-06,1.151498040030674e-06,0.5210307538509369,36055625.930211425,79.41226980175942,True
79500.0,1.441080760474245e-06,-4.240408628675141e-06,1.1488848912222238e-06,0.5112078115344048,36079494.72141737,78.1615865099971,True
79800.0,1.4595688224633007e-06,-3.96978177263918e-06,1.149483153994879e-06,0.5018373280763626,36105974.5782182,76.90437827576604,True
80100.0,1.4784805979609006e-06,-3.7316216321414686e-06,1.153214682858561e-06,0.4911235272884369,36135006.07872182,75.64459451833598,True
80400.0,1.4970363265694457e-06,-3.5184906437280006e-06,1.1593837569989773e-06,0.4820692837238312,36166524.45830101,74.3851035783388,True
80700.0,1.5138863795137524e-06,-3.3245871975395858e-06,1.1665376291603025e-06,0.4714902937412262,36200459.79996603,73.12808912625059,True
81000.0,1.5313840341088702e-06,-3.153005081912852e-06,1.1760342601974116e-06,0.4620027393102646,36236737.214130275,71.87528499406204,True
81300.0,1.5485427338438491e-06,-3.0002234723269794e-06,1.1864333089306456e-06,0.4509696438908577,36275277.052865334,70.62811964863074,True
81600.0,1.564544396322181e-06,-2.8658099324729847e-06,1.1958077408280587e-06,0.44131626188755035,36315995.11278337,69.38780807898375,True
81900.0,1.5806972856301412e-06,-2.7464424476875138e-06,1.205932932180076e-06,0.43076538294553757,36358802.869019896,68.15541198846331,True
82200.0,1.5947869934629726e-06,-2.6352593636147503e-06,1.2153859501040642e-06,0.42102429270744324,36403607.6977917,66.93188028082177,True
82500.0,1.6092843227266144e-06,-2.536921215323673e-06,1.2253267129835876e-06,0.41028792411088943,36450313.1231645,65.71807691657821,True
82800.0,1.623044859698561e-06,-2.4480722515818343e-06,1.2347977218496453e-06,0.4000701606273651,36498819.05601556,64.5148005001672,True
83100.0,1.6365265951221918e-06,-2.366711157719692e-06,1.2446569499502402e-06,0.39007309079170227,36549022.05048588,63.32279830086925,True
83400.0,1.6502564595140986e-06,-2.2973194120368134e-06,1.2534004056874437e-06,0.3806150034070015,36600815.557418354,62.14277647467122,True
83700.0,1.6612963169648917e-06,-2.229972977829675e-06,1.2606708423845703e-06,0.3711392804980278,36654090.18529764,60.97540762178335,True
84000.0,1.6737225009745805e-06,-2.171586174881668e-06,1.2687169288483346e-06,0.3607448562979698,36708733.96181346,59.82133646089588,True
84300.0,1.684890121887433e-06,-2.119830753599672e-06,1.2746368014404652e-06,0.35154614597558975,36764632.59433376,58.681184153805034,True
84600.0,1.6945418950343703e-06,-2.070912387353019e-06,1.2795064989745697e-06,0.34232908487319946,36821669.740950055,57.555551619475885,True
84900.0,1.7057609670805768e-06,-2.027790714009825e-06,1.2858265989734718e-06,0.3330078795552254,36879727.27075956,56.44502212310133,True
85200.0,1.7151143581165946e-06,-1.9879198873695714e-06,1.2900195898168931e-06,0.3243574872612953,36938685.52812026,55.350163316658076,True
85500.0,1.7239635986335154e-06,-1.952631976109842e-06,1.2930306354519416e-06,0.3152879551053047,36998423.59787048,54.27152884007645,True
85800.0,1.7325428553774492e-06,-1.9218555564748385e-06,1.2949732948186465e-06,0.3081125319004059,37058819.56036514,53.209659613402984,True
86100.0,1.7405445459464668e-06,-1.8940602615202806e-06,1.296043386389556e-06,0.29953978955745697,37119750.75795285,52.16508486856523,True
86400.0,1.7497474798347003e-06,-1.8705653985762183e-06,1.297732751481817e-06,0.29168297350406647,37181094.038003616,51.13832297920619,True
86700.0,1.60323439483277e-06,-1.8231605736218626e-06,1.0974591404533385e-06,-0.03158777207136154,37242726.326548286,50.12988233572501,True
87000.0,1.606980171153052e-06,-1.7938284884166933e-06,1.097811420436301e-06,-0.04394269734621048,37304523.61336134,49.140261068357674,True
87300.0,1.6128148428300354e-06,-1.7711402620079753e-06,1.098136252153381e-06,-0.05622142553329468,37366363.072066344,48.169948683368894,True
87600.0,1.6154850584599857e-06,-1.7464630559516081e-06,1.0967032793018916e-06,-0.06979654729366302,37428122.048903145,47.21942559057988,True
87900.0,1.6185403816200498e-06,-1.726582240735297e-06,1.0937011296618948e-06,-0.08232232183218002,37489678.5981629,46.28916354964045,True
88200.0,1.6215884760780716e-06,-1.7098406033255742e-06,1.0895603992366887e-06,-0.0953383520245552,37550911.713502035,45.37962584957778,True
88500.0,1.6229698814512927e-06,-1.6919187260100443e-06,1.085044239346189e-06,-0.1084253266453743,37611701.539575696,44.491267422662574,True
88800.0,1.6236617792216679e-06,-1.6777959217506577e-06,1.077601979204701e-06,-0.12124878913164139,37671929.585107274,43.624534903976055,True
89100.0,1.6238504922574932e-06,-1.6643819833461748e-06,1.069847627377385e-06,-0.13478273153305054,37731478.928506166,42.779866625460436,True
89400.0,1.6233877145398686e-06,-1.6516780760866823e-06,1.061501457400027e-06,-0.147489994764328,37790234.411667354,41.95769257686232,True
89700.0,1.6233864796337276e-06,-1.6413664241099468e-06,1.0527344542765604e-06,-0.1611422896385193,37848082.83652686,41.15843430874156,True
90000.0,1.6215986635246516e-06,-1.6321356497428496e-06,1.0411027062673384e-06,-0.17512556910514832,37904913.14314181,40.38250479804104,True
90300.0,1.6198734218574648e-06,-1.6241651508153154e-06,1.0292020107272037e-06,-0.18789595365524292,37960616.58791166,39.630308261502044,True
90600.0,1.6167618779673078e-06,-1.6161625921995437e-06,1.0158935950244086e-06,-0.20115318894386292,38015086.91748619,38.90223994634659,True
90900.0,1.613276844953792e-06,-1.6091561292341794e-06,1.0017366065540045e-06,-0.21498703956604004,38068220.52661727,38.1986858698224,True
91200.0,1.6087879986369438e-06,-1.6021313342662324e-06,9.866516208489884e-07,-0.2280423268675804,38119916.6140233,37.52002253185327,True
91500.0,1.6035824356760351e-06,-1.5953711454130826e-06,9.707743942044544e-07,-0.24100109189748764,38170077.3346062,36.866616592200074,True
91800.0,1.598286297183702e-06,-1.5902845120763232e-06,9.535738243471314e-07,-0.2547399625182152,38218607.93943737,36.23882451956317,True
92100.0,1.5916178960542987e-06,-1.5849844885451603e-06,9.348269074394011e-07,-0.2679605111479759,38265416.908381715,35.636992211713086,True
92400.0,1.5845532849914995e-06,-1.5798603953953716e-06,9.157031328754783e-07,-0.28217411041259766,38310416.08332469,35.061454591271705,True
92700.0,1.5768095536784007e-06,-1.5743565029424644e-06,8.963316275867328e-07,-0.29561851918697357,38353520.78367245,34.51253518385104,True
93000.0,1.5687375997355346e-06,-1.5701569395787374e-06,8.752644831133694e-07,-0.30903274565935135,38394649.927152134,33.990545676426564,True
93300.0,1.560014106248167e-06,-1.5654279650334502e-06,8.540724607541961e-07,-0.3214804232120514,38433726.13420787,33.49578545620092,True
93600.0,1.5503602258698707e-06,-1.5608372905262513e-06,8.31366747888751e-07,-0.3357508182525635,38470675.83563187,33.02854114934765,True
93900.0,1.5404460003026295e-06,-1.5553092111986189e-06,8.097763881664832e-07,-0.34850161522626877,38505429.35870624,32.58908613995701,True
94200.0,1.5288234855461455e-06,-1.5498175969241856e-06,7.852193562030152e-07,-0.36154086887836456,38537921.028365485,32.177680103842526,True
94500.0,1.5174182119605012e-06,-1.5447178896010882e-06,7.607857277491803e-07,-0.37524066120386124,38568089.24448372,31.79456851899712,True
94800.0,1.5051996062770745e-06,-1.5387292364721361e-06,7.36287653069212e-07,-0.3885166421532631,38595876.55983067,31.439982205826862,True
95100.0,1.4924707708798489e-06,-1.5319771193844645e-06,7.121870488902005e-07,-0.4011336639523506,38621229.754562624,31.114136862667564,True
95400.0,1.4783398869066308e-06,-1.5245526583385072e-06,6.864663859573739e-07,-0.41465625166893005,38644099.903669186,30.817232622224783,True
95700.0,1.4643551770366522e-06,-1.5176237013747595e-06,6.604410849320175e-07,-0.42784979939460754,38664442.4332783,30.549453617085554,True
96000.0,1.448872308901369e-06,-1.5094631180545548e-06,6.333361177723873e-07,-0.4403582885861397,38682217.17973563,30.31096757851962,True
96300.0,1.433331706469479e-06,-1.5007684908141528e-06,6.071933214002456e-07,-0.45364949107170105,38697388.440532684,30.101925450886526,True
96600.0,1.4174783854495786e-06,-1.4919295097115537e-06,5.807306600047468e-07,-0.466482438147068,38709925.01441419,29.922461046702306,True
96900.0,1.40052359665488e-06,-1.4815340705354174e-06,5.547386443538471e-07,-0.4789557158946991,38719800.24479029,29.772690723200828,True
97200.0,1.3818845675361366e-06,-1.469901462769485e-06,5.271106715554197e-07,-0.4917111024260521,38726992.05308684,29.652713105409067,True
97500.0,1.3634974665677438e-06,-1.4578201330550655e-06,5.012064256959547e-07,-0.5042218863964081,38731482.966011904,29.56260883480739,True
97800.0,1.3448139082493632e-06,-1.4458402688433125e-06,4.7438595274229556e-07,-0.517378568649292,38733260.1419906,29.502440379121406,True
98100.0,1.3240673179667146e-06,-1.4312832661289576e-06,4.4774095897537336e-07,-0.5299105495214462,38732315.38633615,29.472251864181107,True
98400.0,1.3031126989821143e-06,-1.4164529886784294e-06,4.212179405271854e-07,-0.5421582162380219,38728645.16869022,29.472068965165057,True
98700.0,1.280975548869773e-06,-1.400152228825391e-06,3.948339326598216e-07,-0.5543425604701042,38722250.629888095,29.50189883756794,True
99000.0,1.2596951369773989e-06,-1.384938116189005e-06,3.682963942708284e-07,-0.5665399506688118,38713137.585453786,29.56173009612866,True
99300.0,1.2361601151943964e-06,-1.3668985161530145e-06,3.4201888610141395e-07,-0.5791015475988388,38701316.52445136,29.651532838777804,True
99600.0,1.2124475740495936e-06,-1.3481092366873781e-06,3.1735040906255563e-07,-0.5906258746981621,38686802.60077683,29.77125871733594,True
99900.0,1.1865435474365238e-06,-1.3268391114706901e-06,2.9224018405216157e-07,-0.6027369126677513,38669615.6261081,29.92084105779566,True
100200.0,1.1621496222113386e-06,-1.307091679336736e-06,2.6798376140391156e-07,-0.6147690340876579,38649780.04756886,30.100195013113336,True
100500.0,1.1351316234754216e-06,-1.2842730825468607e-06,2.433895289755128e-07,-0.6264427602291107,38627324.92813377,30.309217770280963,True
100800.0,1.1077280530620808e-06,-1.2604611185906833e-06,2.2071757399544367e-07,-0.6381998807191849,38602283.919377536,30.547788784998822,True
101100.0,1.0797773500624535e-06,-1.236158908568541e-06,1.9709563403580432e-07,-0.6499604284763336,38574695.22725331,30.815770067512013,True
101400.0,1.0512811713217815e-06,-1.2107686870876933e-06,1.7508238059349424e-07,-0.6610298827290535,38544601.57354302,31.113006482840987,True
101700.0,1.021981782993573e-06,-1.1842032279218984e-06,1.537262512840698e-07,-0.6724698916077614,38512050.15419684,31.439326100631742,True
102000.0,9.913430062049323e-07,-1.1557533525774488e-06,1.334160124599748e-07,-0.6835195198655128,38477092.58604517,31.794540557620586,True
102300.0,9.600983625267356e-07,-1.1264927195497876e-06,1.1273929345634315e-07,-0.6946063488721848,38439784.85430974,32.17844545055383,True
102600.0,9.282557590489208e-07,-1.0961571206280496e-06,9.330214112424073e-08,-0.7049389183521271,38400187.248785675,32.59082073947893,True
102900.0,8.954494094890465e-07,-1.0643437065027683e-06,7.484985076189332e-08,-0.7152267098426819,38358364.2991143,33.031431174796644,True
103200.0,8.6195392936944e-07,-1.0313810605566687e-06,5.72019018818537e-08,-0.7260983884334564,38314384.69958536,33.50002672720034,True
103500.0,8.255038651544875e-07,-9.945576380232524e-07,3.944053617033205e-08,-0.7363687381148338,38268321.2274822,33.99634302565629,True
103800.0,7.900784719457978e-07,-9.584680924490385e-07,2.418773448198408e-08,-0.747126005589962,38220250.660801314,34.520101791179115,True
104100.0,7.546696223127249e-07,-9.220166532486473e-07,9.012296686705668e-09,-0.7571889311075211,38170253.680752814,35.07101127998666,True
104400.0,7.175188498352581e-07,-8.829647413222119e-07,-4.979789025583159e-09,-0.7658110186457634,38118414.774775796,35.64876670167539,True
104700.0,6.789177213210025e-07,-8.416178616243997e-07,-1.751801903537853e-08,-0.7756690010428429,38064822.13296245,36.253050638355646,True
105000.0,6.403959856111497e-07,-7.997724651431781e-07,-2.976779001073737e-08,-0.7852537706494331,38009567.52686868,36.88353344392253,True
105300.0,6.006268769634582e-07,-7.557086405540758e-07,-4.1032038211596955e-08,-0.7943764477968216,37952746.19428706,37.539873619381545,True
105600.0,5.611397037065009e-07,-7.111512445590051e-07,-5.2308081421870156e-08,-0.8033686503767967,37894456.71043053,38.221718171167225,True
105900.0,5.18774357479823e-07,-6.62171061094341e-07,-6.145283037994886e-08,-0.81200110912323,37834800.85142867,38.92870293352468,True
106200.0,4.771529791363883e-07,-6.130991039299261e-07,-7.001388269145536e-08,-0.8205932229757309,37773883.4524968,39.66045287144964,True
106500.0,4.35495336856722e-07,-5.629367763049231e-07,-7.723228634404222e-08,-0.8285602629184723,37711812.25592551,40.4165823362199,True
106800.0,3.9177010793012813e-07,-5.088572834210936e-07,-8.293486075672263e-08,-0.8364759907126427,37648697.75488398,41.196695291812816,True
107100.0,3.4751672927879795e-07,-4.521594121342787e-07,-8.86558240154045e-08,-0.844497911632061,37584653.02581867,42.00038549811264,True
107400.0,3.0416396506522633e-07,-3.950119094042748e-07,-9.266646827654768e-08,-0.8511823266744614,37519793.55342853,42.82723664306158,True
107700.0,2.6093288025623664e-07,-3.350092754317302e-07,-9.684747226401669e-08,-0.8588767126202583,37454237.05438323,43.6768224379668,True
108000.0,2.173309135017401e-07,-2.715616744808358e-07,-9.888889707099224e-08,-0.8657287955284119,37388103.279827826,44.548706645397544,True
108300.0,1.763222149164621e-07,-2.0649852672249835e-07,-1.0048868404055611e-07,-0.8715208396315575,37321513.8239173,45.442443065791416,True
108600.0,1.3869767826295139e-07,-1.3773768614555593e-07,-1.0099783054329237e-07,-0.8780970647931099,37254591.919215746,46.35757544694382,True
108900.0,1.0947678459330193e-07,-6.514599704132706e-08,-1.0016426443826276e-07,-0.8837318643927574,37187462.218410745,47.29363733375944,True
109200.0,9.996386651717903e-08,8.914980753615964e-09,-9.978744230920711e-08,-0.8893787413835526,37120250.58042448,48.2501518404435,True
109500.0,1.1331539349251202e-07,8.780625648796558e-08,-9.77348477704254e-08,-0.8945519402623177,37053083.838857055,49.2266313291324,True
109800.0,1.4554316685536313e-07,1.7360235915475641e-07,-9.405226109038267e-08,-0.899428091943264,36986089.56957749,50.222577002820664,True
110100.0,1.8681258036648482e-07,2.610792648738425e-07,-9.044183002515638e-08,-0.9038875699043274,36919395.848457776,51.237478378788104,True
110400.0,2.3361743317379544e-07,3.5403363085606543e-07,-8.7421746286509e-08,-0.9078086316585541,36853131.003888614,52.27081262754359,True
110700.0,2.814342348702728e-07,4.503637001107563e-07,-8.269822160400508e-08,-0.9117320999503136,36787423.36357267,53.3220437559335,True
111000.0,3.3226165994646855e-07,5.556183850785601e-07,-7.574747939997906e-08,-0.9145352765917778,36722400.992666155,54.39062160711934,True
111300.0,3.8423748412369215e-07,6.665629257440742e-07,-7.017123238028944e-08,-0.9172264635562897,36658191.43286833,55.4759806268253,True
111600.0,4.3765863464939304e-07,7.858207027311437e-07,-6.4790427245498e-08,-0.9194231405854225,36594921.42956738,56.57753833142513,True
111900.0,4.898867762022757e-07,9.104016669425619e-07,-5.710972317274354e-08,-0.9210909381508827,36532716.66022299,57.694693428234764,True
112200.0,5.449539104137632e-07,1.0483797154847707e-06,-4.9849532501866634e-08,-0.9227158427238464,36471701.45781927,58.826823481113536,True
112500.0,5.990129315319961e-07,1.1939961552798195e-06,-4.2824048307466e-08,-0.923542931675911,36411998.5297406,59.97328197260055,True
112800.0,6.542429497796611e-07,1.3531671925193223e-06,-3.564349526641308e-08,-0.9232048913836479,36353728.678169236,61.13339461054102,True
113100.0,7.089939516826168e-07,1.5243959978761268e-06,-2.773417406842782e-08,-0.9233598858118057,36297010.51945508,62.30645462285482,True
113400.0,7.647688008454013e-07,1.712801406483777e-06,-2.138190069445045e-08,-0.9225029051303864,36241960.196505345,63.49171671036264,True
113700.0,8.200061972835509e-07,1.9175958527739567e-06,-1.5954768173287448e-08,-0.9213542863726616,36188691.102530584,64.68838917596781,True
114000.0,8.751357253075286e-07,2.142676294170087e-06,-1.0775494274639641e-08,-0.919882595539093,36137313.59818281,65.89562358156627,True
114300.0,9.30516608864185e-07,2.3924740162328817e-06,-7.2889463353931205e-09,-0.9167833104729652,36087934.73392679,67.1125009654435,True
114600.0,9.849083989032762e-07,2.668159027052752e-06,-4.48726211743633e-09,-0.9141708165407181,36040657.98145684,68.33801321492196,True
114900.0,1.040206348480115e-06,2.9801209961988206e-06,-3.991431185568217e-09,-0.9110207632184029,35995582.95878051,69.57103753165889,True
115200.0,1.0954291240559007e-06,3.3325921435789496e-06,-6.0223754871913115e-09,-0.9067172333598137,35952805.17143033,70.81030082380067,True
115500.0,1.1513027147285567e-06,3.7363910507792752e-06,-1.2179981467852485e-08,-0.9021328613162041,35912415.75835326,72.05432917993666,True
115800.0,1.2042898636030415e-06,4.190491040390043e-06,-2.2191528614712297e-08,-0.8969710767269135,35874501.24233551,73.30137473738512,True
116100.0,1.2583757740625723e-06,4.7212547542585526e-06,-3.85632716870532e-08,-0.8904471695423126,35839143.29316573,74.5493075524368,True
116400.0,1.311135059579352e-06,5.3373573223325366e-06,-6.124402318619104e-08,-0.8838755488395691,35806418.50321911,75.79545188788005,True
116700.0,1.364532090145378e-06,6.068165760098054e-06,-9.399654743447172e-08,-0.8770394772291183,35776398.168433666,77.03633193345311,True
117000.0,1.415425120076003e-06,6.927427818936849e-06,-1.3812311294714164e-07,-0.868819884955883,35749148.08622003,78.26726574716429,True
117300.0,1.4678170264133246e-06,7.964688307993129e-06,-2.0128149458287226e-07,-0.8604001477360725,35724728.36964645,79.48169783098619,True
117600.0,1.518446138974975e-06,9.199478796517724e-06,-2.852466280955923e-07,-0.8513470217585564,35703193.26917454,80.67007043657901,True
117900.0,1.5680081983005694e-06,1.0651675296458052e-05,-4.006850673476947e-07,-0.8426048904657364,35684591.01689946,81.81786956333868,True
118200.0,1.6170230451877383e-06,1.2271894121340665e-05,-5.61636738893867e-07,-0.8314252495765686,35668963.679165,82.90221541510338,True
118500.0,1.664467200308971e-06,1.3818049012570555e-05,-7.775451820180024e-07,-0.8207837790250778,35656347.04087704,83.88611851165443,True
118800.0,1.7123425196797427e-06,1.459618084709291e-05,-1.058922848073962e-06,-0.8097129911184311,35646770.488631226,84.71024384103829,True
119100.0,1.7571374399017964e-06,1.3228706137624613e-05,-1.3806881185018938e-06,-0.7973437532782555,35640256.926042505,85.28737751833978,True
119400.0,1.8026602480271666e-06,8.60967193716533e-06,-1.672460513191254e-06,-0.7852735668420792,35636822.70639161,85.51906393143561,True
119700.0,1.8462473655686117e-06,2.130332234173693e-06,-1.8381597755023904e-06,-0.7719054371118546,35636477.57662525,85.35222589540896,True
120000.0,1.8879586994235162e-06,-3.210952684185031e-06,-1.8656113240922423e-06,-0.7582233473658562,35639224.65246127,84.82494783860139,True
120300.0,1.9297608614138306e-06,-6.284933050437758e-06,-1.8157668222329448e-06,-0.7435814961791039,35645060.40335015,84.03232711950768,True
120600.0,1.9699106356341165e-06,-7.6285761281269515e-06,-1.7413366464325009e-06,-0.7284859642386436,35653974.66433222,83.06553054864963,True
120900.0,2.0081238011420133e-06,-8.020667053187935e-06,-1.6682182035765436e-06,-0.713424913585186,35665950.66379479,81.98847237786912,True
121200.0,2.0456547272207956e-06,-7.955546067250907e-06,-1.6066244512558114e-06,-0.6974241435527802,35680965.07063985,80.84131982495623,True
121500.0,2.081309065651748e-06,-7.690020424888644e-06,-1.5564815640800589e-06,-0.6812751591205597,35698988.065533265,79.64888164382553,True
121800.0,2.11466002916592e-06,-7.351347960593557e-06,-1.5154809176465278e-06,-0.6655353680253029,35719983.42595008,78.42681393683796,True
122100.0,2.1482110070945944e-06,-7.002557822488598e-06,-1.4840932891502234e-06,-0.6473764851689339,35743908.62860293,77.18536114770542,True
122400.0,2.178935240305546e-06,-6.660034955530136e-06,-1.458360756600996e-06,-0.6305084601044655,35770714.98289463,75.93150461705535,True
122700.0,2.2086984318427402e-06,-6.336792296224303e-06,-1.4393611280638652e-06,-0.611842930316925,35800347.75837842,74.67020029075857,True
123000.0,2.237049294096067e-06,-6.0425284971188375e-06,-1.4234213239205928e-06,-0.5938697978854179,35832746.35443567,73.40510735681042,True
123300.0,2.2644075606123394e-06,-5.775146178166324e-06,-1.4107052379586094e-06,-0.5756098106503487,35867844.46419216,72.1390293634337,True
123600.0,2.2879578152051932e-06,-5.5238243135136145e-06,-1.3997179308944396e-06,-0.5561645850539207,35905570.26578449,70.87418910342777,True
123900.0,2.3118504827997304e-06,-5.300999504243009e-06,-1.3908037033161236e-06,-0.536823108792305,35945846.62596604,69.61240476794865,True
124200.0,2.334320356585296e-06,-5.097168610745939e-06,-1.383576801572417e-06,-0.5177516415715218,35988591.31106043,68.35520579370962,True
124500.0,2.3546855746413328e-06,-4.909675311637329e-06,-1.3768874964625866e-06,-0.4978957921266556,36033717.21283112,67.10391089457953,True
124800.0,2.373173211793263e-06,-4.738318040153899e-06,-1.3699329599603516e-06,-0.4770347625017166,36081132.587117195,65.85968177866691,True
125100.0,2.3905027540781107e-06,-4.579351269740073e-06,-1.364890692912013e-06,-0.4573546126484871,36130741.30149063,64.62356086939424,True
125400.0,2.405049443573596e-06,-4.433306031614848e-06,-1.3575216755157271e-06,-0.43661730736494064,36182443.082888804,63.39649826523271,True
125700.0,2.4208480935193663e-06,-4.302766598129892e-06,-1.3520158645974334e-06,-0.41625697165727615,36236133.78742832,62.17937135999811,True
126000.0,2.432720263975405e-06,-4.178398540943817e-06,-1.344460876850917e-06,-0.3947564586997032,36291705.66163379,60.972999297390714,True
126300.0,2.4431374470625394e-06,-4.063116818997514e-06,-1.3364916284785977e-06,-0.3744432330131531,36349047.62211549,59.778153817193825,True
126600.0,2.4529201439336634e-06,-3.957387917807864e-06,-1.3283699189514664e-06,-0.35374806821346283,36408045.52465629,58.595567463628534,True
126900.0,2.4611588032095183e-06,-3.857765335624208e-06,-1.3204006918954292e-06,-0.33221540600061417,36468582.4489422,57.42593989313941,True
127200.0,2.4675233354323876e-06,-3.7652686728506524e-06,-1.3104596590096662e-06,-0.31067415326833725,36530538.9803256,56.269942767904375,True
127500.0,2.472681732723653e-06,-3.6787634769552824e-06,-1.3001045502392117e-06,-0.2902776226401329,36593793.491351046,55.128223603038215,True
127800.0,2.4753960774359366e-06,-3.5968624274573813e-06,-1.2876799857508558e-06,-0.26857343316078186,36658222.42026999,54.00140880246097,True
128100.0,2.476877764660323e-06,-3.5195086240946694e-06,-1.2750506783731907e-06,-0.2477816864848137,36723700.56083783,52.89010609724099,True
128400.0,2.4773839705946513e-06,-3.44782560546264e-06,-1.2610628346010344e-06,-0.2270810380578041,36790101.33435988,51.79490649739295,True
128700.0,2.4764996327858978e-06,-3.380696256272131e-06,-1.2454814921625257e-06,-0.20553704351186752,36857297.069842175,50.71638588333005,True
129000.0,2.474338565151687e-06,-3.3162226031890896e-06,-1.2301454148655466e-06,-0.184071883559227,36925159.27992415,49.655106300417856,True
129300.0,2.470950214481686e-06,-3.2560065790221415e-06,-1.2129727835485937e-06,-0.16334287077188492,36993558.92879564,48.61161701007561,True
129600.0,2.464739495868269e-06,-3.1968223481726454e-06,-1.1940752528971643e-06,-0.14251956343650818,37062366.696481206,47.58645536051056,True
129900.0,2.459441034814864e-06,-3.1429686657702405e-06,-1.1755918123412812e-06,-0.12134072184562683,37131453.24132304,46.58014749208747,True
130200.0,2.4521258936377595e-06,-3.0916462208097073e-06,-1.1544423443865526e-06,-0.10153870284557343,37200689.45625775,45.59320890208923,True
130500.0,2.443381901420621e-06,-3.0419787719893066e-06,-1.1326602802341768e-06,-0.08055023849010468,37269946.7113686,44.62614491316814,True
130800.0,2.4326162116099584e-06,-2.99346874044204e-06,-1.1093863108158075e-06,-0.059574104845523834,37339097.10439086,43.679451024729566,True
131100.0,2.4218845109490657e-06,-2.9489494579593156e-06,-1.0847892397691794e-06,-0.03965655714273453,37408013.6925202,42.75361318927466,True
131400.0,2.4093658527694023e-06,-2.904802727243805e-06,-1.0597222726005384e-06,-0.019356347620487213,37476570.71879475,41.84910800669543,True
131700.0,2.396824440719525e-06,-2.864078254560809e-06,-1.0333043078958326e-06,0.0004568621516227722,37544643.83837106,40.96640284595148,True
132000.0,2.382269401221025e-06,-2.823592808454123e-06,-1.0055711996415084e-06,0.020831666886806488,37612110.32834369,40.10595590705869,True
132300.0,2.3663093147768053e-06,-2.784235647368405e-06,-9.762704351601315e-07,0.040118277072906494,37678849.29883443,39.26821621917486,True
132600.0,2.349712924536608e-06,-2.745292732697635e-06,-9.482642653324547e-07,0.05948318541049957,37744741.886265464,38.453623587184616,True
132900.0,2.3319819515011235e-06,-2.7088482568160543e-06,-9.16379988780136e-07,0.07935409247875214,37809671.447944574,37.66260847102437,True
133200.0,2.3131381880591512e-06,-2.6726566773049854e-06,-8.843663081847808e-07,0.09866321086883545,37873523.746053964,36.89559184345907,True
133500.0,2.2931246059335916e-06,-2.636416070345149e-06,-8.525261421254982e-07,0.11691102385520935,37936187.12101044,36.15298497173617,True
133800.0,2.271718183902116e-06,-2.6012551188614452e-06,-8.177542909493241e-07,0.13582145422697067,37997552.65744166,35.43518916762124,True
134100.0,2.2504240565856946e-06,-2.56701136436277e-06,-7.842085736342597e-07,0.15384458750486374,38057514.34956255,34.74259550683386,True
134400.0,2.22889665719257e-06,-2.5342892797652894e-06,-7.493669826885707e-07,0.17278674244880676,38115969.24673239,34.07558448551511,True
134700.0,2.2045905653178915e-06,-2.500409891581512e-06,-7.114675710795382e-07,0.19085561484098434,38172817.60498396,33.43452566274556,True
135000.0,2.181204997601625e-06,-2.467565366259805e-06,-6.763569899703725e-07,0.20898813754320145,38227963.01775106,32.819777270347004,True
135300.0,2.154728075631302e-06,-2.4327697190074105e-06,-6.387487161418903e-07,0.22626321762800217,38281312.550099626,32.23168576838831,True
135600.0,2.1282941786751715e-06,-2.3992331250610732e-06,-6.000936352279496e-07,0.244655579328537,38332776.85632388,31.67058541224489,True
135900.0,2.1015700440819425e-06,-2.366143064591597e-06,-5.611578721698152e-07,0.2620399594306946,38382270.30212447,31.136797773188185,True
136200.0,2.074040544609991e-06,-2.33266834470669e-06,-5.223314474278595e-07,0.27851856499910355,38429711.06642804,30.630631249636743,True
136500.0,2.045326128552289e-06,-2.298458355198818e-06,-4.830757447393808e-07,0.2961909621953964,38475021.242865846,30.152380564801188,True
136800.0,2.0165890835537933e-06,-2.264842322574623e-06,-4.432704976409241e-07,0.3123098760843277,38518126.94110707,29.702326258000156,True
137100.0,1.9856881712365275e-06,-2.2292507253496296e-06,-4.0268844969659767e-07,0.32900021225214005,38558958.3650099,29.28073417055493,True
137400.0,1.9561188897231578e-06,-2.1952177746698e-06,-3.634363814342123e-07,0.3454960510134697,38597449.901774846,28.88785493590776,True
137700.0,1.9238871399963733e-06,-2.1587924834420846e-06,-3.2197473842643376e-07,0.3617326095700264,38633540.19340103,28.52392346546729,True
138000.0,1.8918170372399224e-06,-2.1223392820957088e-06,-2.8244008021260925e-07,0.37785857170820236,38667172.20601411,28.189158466831486,True
138300.0,1.8598785175667634e-06,-2.086425979541673e-06,-2.410767550031778e-07,0.3933816999197006,38698293.29348287,27.883761949106574,True
138600.0,1.8262178936125295e-06,-2.048284130751199e-06,-2.0151628277176314e-07,0.40887778252363205,38726855.25251879,27.607918779899936,True
138900.0,1.792366712807494e-06,-2.010011854736149e-06,-1.6083685494550082e-07,0.42487838864326477,38752814.37476128,27.361796238630962,True
139200.0,1.758001217991235e-06,-1.9709461298589304e-06,-1.207814612769198e-07,0.4396202713251114,38776131.49427673,27.14554362506193,True
139500.0,1.7227660760054443e-06,-1.9306519334350014e-06,-8.13189622306254e-08,0.45425016433000565,38796772.02198092,26.959291884510066,True
139800.0,1.6867035133450145e-06,-1.8891355750838557e-06,-4.246946261332596e-08,0.4692842960357666,38814705.98328012,26.803153279636152,True
140100.0,1.6509007603060586e-06,-1.84757081456155e-06,-3.6097951294777886e-09,0.4843052923679352,38829908.04703431,26.677221101640335,True
140400.0,1.6148229779876283e-06,-1.8052840573545836e-06,3.412675653180486e-08,0.49872560054063797,38842357.54808987,26.581569429685175,True
140700.0,1.5767952582232136e-06,-1.7603177582259377e-06,7.210052643813469e-08,0.512676976621151,38852038.50438878,26.516252931552177,True
141000.0,1.5405137948129686e-06,-1.7168500221487193e-06,1.0807742967244849e-07,0.526789054274559,38858939.62994831,26.48130672477494,True
141300.0,1.5026972215852951e-06,-1.6709394401459576e-06,1.450157967042287e-07,0.5409285351634026,38863054.343686104,26.476746274762135,True
141600.0,1.463635775521932e-06,-1.6232722543918499e-06,1.7866845780645235e-07,0.5542670413851738,38864380.771758795,26.502567367142564,True
141900.0,1.4261069004982974e-06,-1.576316918772136e-06,2.1387405269024384e-07,0.5673363730311394,38862921.74278071,26.558746105060024,True
142200.0,1.3860886855855211e-06,-1.5259100507591938e-06,2.4724544545051685e-07,0.580699123442173,38858684.78131009,26.64523899373211,True
142500.0,1.34780056000592e-06,-1.476627772944994e-06,2.7970279603550807e-07,0.5935222506523132,38851682.096319646,26.761983048268633,True
142800.0,1.3091356373311125e-06,-1.4263403613767878e-06,3.099833172370836e-07,0.6071029603481293,38841930.55959599,26.908895972492186,True
143100.0,1.2695761440470247e-06,-1.3739322355377226e-06,3.3984118630314697e-07,0.6195424571633339,38829451.687856175,27.085876376369722,True
143400.0,1.2299119070445353e-06,-1.3206341691329726e-06,3.678487559000132e-07,0.6310601606965065,38814271.609062456,27.292804052943243,True
143700.0,1.191212731728221e-06,-1.2668566000684223e-06,3.9614304014889967e-07,0.6436152532696724,38796421.02923187,27.529540287723307,True
144000.0,1.1517732129891915e-06,-1.2116114476157236e-06,4.216726843253582e-07,0.656422346830368,38775935.19810833,27.79592822584912,True
144300.0,1.1125237843520638e-06,-1.155147828058034e-06,4.463362195394893e-07,0.6680416539311409,38752853.86296127,28.09179325908178,True
144600.0,1.0736867507853516e-06,-1.0980489264511561e-06,4.691954096358586e-07,0.6788395717740059,38727221.21665181,28.41694346555236,True
144900.0,1.0348895104196628e-06,-1.0395397396223416e-06,4.906090005363239e-07,0.6901309341192245,38699085.84358258,28.77117006823315,True
145200.0,9.960980416216564e-07,-9.797173277092952e-07,5.100616604636343e-07,0.7019133046269417,38668500.66154145,29.154247925932257,True
145500.0,9.589146359066055e-07,-9.193308869726025e-07,5.292633993292384e-07,0.7128884643316269,38635522.855657585,29.565936040637055,True
145800.0,9.226264704091956e-07,-8.592195968049054e-07,5.455387821484692e-07,0.7231524363160133,38600213.80399526,30.005978091470524,True
146100.0,8.867909778638343e-07,-7.963706423197436e-07,5.61524583275741e-07,0.7340377420186996,38562639.00020394,30.474102964468333,True
146400.0,8.512027597465974e-07,-7.32244586743036e-07,5.747576174996993e-07,0.7436985746026039,38522867.97453133,30.97002530982178,True
146700.0,8.176041153033301e-07,-6.675881252249383e-07,5.868801125075152e-07,0.7542528584599495,38480974.19727935,31.493446082139084,True
147000.0,7.855782499838526e-07,-6.025354082339618e-07,5.968958234348065e-07,0.764248363673687,38437034.990827814,32.04405309467596,True
147300.0,7.55098662007221e-07,-5.345988256522105e-07,6.061638870846764e-07,0.7739405557513237,38391131.422629066,32.621521555382174,True
147600.0,7.264065145918244e-07,-4.674973865803622e-07,6.12151794143756e-07,0.7827448844909668,38343348.19970195,33.22551460346487,True
147900.0,7.009568297080934e-07,-3.990921300101036e-07,6.17656041868031e-07,0.7917735725641251,38293773.55160841,33.85568381570587,True
148200.0,6.780681327071089e-07,-3.281818692357774e-07,6.218090575771384e-07,0.8005352690815926,38242499.11273083,34.51166971241028,True
148500.0,6.587978183054244e-07,-2.573201811628678e-07,6.243352359547316e-07,0.8089384362101555,38189619.79261102,35.19310222798926,True
148800.0,6.41493901514286e-07,-1.8435730453347787e-07,6.238690914983636e-07,0.8166536167263985,38135233.642204665,35.89960116211585,True
149100.0,6.28757755855276e-07,-1.0989705856445653e-07,6.225419468819382e-07,0.8254372403025627,38079441.71036632,36.630776596285806,True
149400.0,6.195186485669412e-07,-3.553753913365654e-08,6.188748216118256e-07,0.8322653621435165,38022347.90264552,37.38622929107247,True
149700.0,6.144437748569108e-07,4.331900527176913e-08,6.134991181738769e-07,0.8400038108229637,37964058.815609515,38.16555103715645,True
150000.0,6.15149856437874e-07,1.2127591730859422e-07,6.078803380660247e-07,0.8464217409491539,37904683.58584364,38.9683249778106,True
150300.0,6.188972316509385e-07,2.0120864974160213e-07,5.992771434648603e-07,0.8542701601982117,37844333.71088315,39.794125897692226,True
150600.0,6.283460790129189e-07,2.8364038939798775e-07,5.903370876580993e-07,0.8598735257983208,37783122.88462451,40.642520457807485,True
150900.0,6.399898199213584e-07,3.6715135820486466e-07,5.779302867381375e-07,0.8660183772444725,37721166.80145135,41.51306741044577,True
151200.0,6.573879923437586e-07,4.5448348373611225e-07,5.652788033216893e-07,0.8717187494039536,37658582.976539604,42.40531774849006,True
151500.0,6.786495050008412e-07,5.430300120679021e-07,5.517941872312804e-07,0.8771343976259232,37595490.54413883,43.31881483313459,True
151800.0,7.021609590508405e-07,6.336279909646692e-07,5.357748165124576e-07,0.8816650882363319,37532010.05590966,44.253094463177916,True
152100.0,7.290505541403766e-07,7.27950464352034e-07,5.181501379070141e-07,0.8857708051800728,37468263.268904544,45.20768489577016,True
152400.0,7.583153740730607e-07,8.242793683166383e-07,4.993374815853713e-07,0.8901004791259766,37404372.92978201,46.18210682419707,True
152700.0,7.901453872656007e-07,9.245757439657609e-07,4.788965597413153e-07,0.8941366374492645,37340462.55325837,47.17587330004465,True
153000.0,8.243338956293179e-07,1.0281538038725557e-06,4.5791060898636715e-07,0.8976602330803871,37276656.19174417,48.18848959596567,True
153300.0,8.595515025106333e-07,1.13432957959958e-06,4.357659122433688e-07,0.9002630785107613,37213078.20123344,49.21945301231859,True
153600.0,8.980311752067102e-07,1.2476255335513997e-06,4.129091024651643e-07,0.9029614478349686,37149852.999731466,50.268252609411576,True
153900.0,9.356865642056103e-07,1.363295808687326e-06,3.873335714388304e-07,0.9046902507543564,37087104.82582826,51.33436886872815,True
154200.0,9.759703438242693e-07,1.4864191655306058e-06,3.614379195937545e-07,0.9066893756389618,37024957.48484061,52.4172732547109,True
154500.0,1.016622709573727e-06,1.6145757797403348e-06,3.3450601222284604e-07,0.9072138518095016,36963534.100574225,53.51642768620104,True
154800.0,1.0586415784206827e-06,1.7503348885838932e-06,3.0697739106244626e-07,0.9075087234377861,36902956.85229885,54.631283870540734,True
155100.0,1.1015019064184435e-06,1.8939310280075006e-06,2.7891137932556376e-07,0.9072981104254723,36843346.71926972,55.76128249018539,True
155400.0,1.1443384863018546e-06,2.0450238196190185e-06,2.5035595285771706e-07,0.9072670266032219,36784823.21595002,56.90585219701296,True
155700.0,1.1873222580120432e-06,2.2051400208056293e-06,2.2168523372556592e-07,0.9061870947480202,36727504.13096558,58.06440836646056,True
156000.0,1.2315516444120908e-06,2.3784224936207465e-06,1.9158925113060832e-07,0.9040892347693443,36671505.25911827,59.2363515465543,True
156300.0,1.274583628419866e-06,2.5610801799302862e-06,1.6231706467806362e-07,0.9012879878282547,36616940.137429275,60.42106550079876,True
156600.0,1.3184892284589085e-06,2.7597629355113895e-06,1.3213979599413506e-07,0.8989848122000694,36563919.78030412,61.61791473960206,True
156900.0,1.3633796113317423e-06,2.976895672190949e-06,1.0251432058794308e-07,0.895854115486145,36512552.420274585,62.82624133919466,True
157200.0,1.4058941914659384e-06,3.2079322238587338e-06,7.330436346819624e-08,0.892144650220871,36462943.2436806,64.04536083167824,True
157500.0,1.4512270838653272e-06,3.4679694635997294e-06,4.4350827010930516e-08,0.8875463455915451,36415194.13596978,65.27455680332994,True
157800.0,1.4940962346866976e-06,3.7487168356165057e-06,1.5783029994054232e-08,0.8821058422327042,36369403.42828551,66.51307371314734,True
158100.0,1.5380102181768414e-06,4.063476836790869e-06,-1.1606317684709211e-08,0.8762761205434799,36325665.65023409,67.76010720605908,True
158400.0,1.582027461865233e-06,4.416395654516236e-06,-3.5449190249892126e-08,0.870401419699192,36284071.28952053,69.01479084318215,True
158700.0,1.6248748061567013e-06,4.811570846641189e-06,-5.795165236577304e-08,0.8629159927368164,36244706.560173385,70.27617762317533,True
159000.0,1.6666383690573583e-06,5.258593915868914e-06,-7.79457991484378e-08,0.85560392588377,36207653.172011554,71.54321374205962,True
159300.0,1.7092977168738094e-06,5.776216227104669e-06,-9.496156394561694e-08,0.8470911309123039,36172988.12117564,72.81470059955342,True
159600.0,1.7515456363995724e-06,6.377533225077059e-06,-1.0598726873922715e-07,0.8386119976639748,36140783.478660166,74.08923848314767,True
159900.0,1.791655584365476e-06,7.077637434349526e-06,-1.1086476092714292e-07,0.8289327472448349,36111106.20092173,75.36514095036806,True
160200.0,1.8327221539127318e-06,7.918017445263104e-06,-1.0751625723059988e-07,0.8187609985470772,36084017.94315867,76.64030081495575,True
160500.0,1.8719127254917762e-06,8.92726487222717e-06,-9.508410414582613e-08,0.8081653267145157,36059574.89262564,77.91197343580082,True
160800.0,1.9116899026500587e-06,1.0174241339200307e-05,-6.5226885226366e-08,0.7969833686947823,36037827.61284355,79.17641301982877,True
161100.0,1.9503104539975603e-06,1.1728394127885622e-05,-1.767567425758898e-08,0.7858893498778343,36018820.90181855,80.42823629097542,True
161400.0,1.987671295518178e-06,1.3695978083205773e-05,6.096315985359979e-08,0.7733968496322632,36002593.66971529,81.65925643153275,True
161700.0,2.0250444059795743e-06,1.6217955504771453e-05,1.8194462825249502e-07,0.7600502893328667,35989178.82538313,82.85623995121202,True
162000.0,2.0611117091787223e-06,1.9385918960779236e-05,3.7020208765170537e-07,0.7468189597129822,35978603.18529599,83.99639701512831,True
162300.0,2.095648379612508e-06,2.3006688024906907e-05,6.572958426431796e-07,0.7325345352292061,35970887.400558025,85.03815820126802,True
162600.0,2.130091179477424e-06,2.570727474449086e-05,1.0795077685088472e-06,0.7182887122035027,35966045.894463755,85.90383618605541,True
162900.0,2.1643903955456726e-06,2.3451890854175872e-05,1.6088373939737721e-06,0.7025688886642456,35964086.82714814,86.46051243916943,True
163200.0,2.1965466978293418e-06,1.2940845749653818e-05,2.0542688332625403e-06,0.6871981248259544,35965012.067479186,86.55470332142662,True
163500.0,2.228201649636952e-06,7.583488468299038e-07,2.2276206266269583e-06,0.6708003059029579,35968817.19559305,86.15291261297573,True
163800.0,2.257160423952512e-06,-6.232699803376818e-06,2.2007250919386934e-06,0.6547618582844734,35975491.51112287,85.38409984635216,True
164100.0,2.2868836992758324e-06,-8.88449827129989e-06,2.1161101386724113e-06,0.6380382403731346,35985018.07069667,84.39899341899365,True
164400.0,2.315888570766028e-06,-9.472214912875643e-06,2.0346679860949735e-06,0.6206423044204712,35997373.73469237,83.2940687728819,True
164700.0,2.3423255092379435e-06,-9.262735062520733e-06,1.968362568049997e-06,0.6026520878076553,36012529.23614173,82.12155583844313,True
165000.0,2.3685600119450134e-06,-8.761136484736198e-06,1.9220045004431086e-06,0.5849285870790482,36030449.265227824,80.90964774278544,True
165300.0,2.393166622363524e-06,-8.206728296045185e-06,1.8877016714213823e-06,0.5660947635769844,36051092.57437092,79.67434855971463,True
165600.0,2.417797402694197e-06,-7.662891874815614e-06,1.8659522993402788e-06,0.5475489050149918,36074412.09159069,78.42533045204347,True
165900.0,2.4390876942878435e-06,-7.152607452098891e-06,1.8509428514335013e-06,0.5291678085923195,36100355.058870405,77.16881330547925,True
166200.0,2.460805285553936e-06,-6.698302769336806e-06,1.8428541181947367e-06,0.5095030963420868,36128863.18102871,75.90903590695363,True
166500.0,2.4802754452049514e-06,-6.2880347684313165e-06,1.8386823654736872e-06,0.4904240816831589,36159872.784387,74.64904478692154,True
166800.0,2.499167802178073e-06,-5.926536744027544e-06,1.83742554327182e-06,0.4708825573325157,36193314.99974072,73.39113775147361,True
167100.0,2.5172502530639144e-06,-5.603563806744205e-06,1.8390618379271473e-06,0.45167946070432663,36229115.94688632,72.13712434883321,True
167400.0,2.533186037671318e-06,-5.3117101970201475e-06,1.841895510779068e-06,0.43197495490312576,36267196.93905156,70.88848487454547,True
167700.0,2.547461416363105e-06,-5.047898696375341e-06,1.8458095354390025e-06,0.41228051483631134,36307474.691544615,69.64647081721407,True
168000.0,2.5626402949462286e-06,-4.817261128664541e-06,1.8508704471287274e-06,0.3920992761850357,36349861.54548358,68.41217026944886,True
168300.0,2.5756476386617286e-06,-4.607163418768323e-06,1.8555146112930743e-06,0.37221309542655945,36394265.69561744,67.18655168090105,True
168600.0,2.5867554839933693e-06,-4.412286415345079e-06,1.8609466820862508e-06,0.35233767330646515,36440591.430515945,65.9704938254874,True
168900.0,2.597174985891246e-06,-4.2387529788356915e-06,1.8653696542969556e-06,0.33180177956819534,36488739.37646989,64.76480678265042,True
169200.0,2.605457429605698e-06,-4.079173521631674e-06,1.8686508127530033e-06,0.31237009167671204,36538606.74498327,63.57024689754446,True
169500.0,2.6137476700221075e-06,-3.934784956527437e-06,1.8723483918847705e-06,0.29287584871053696,36590087.59320547,62.38752764545485,True
169800.0,2.620829489710514e-06,-3.8027415314445534e-06,1.8751723303012113e-06,0.27212779223918915,36643073.07987117,61.2173276503228,True
170100.0,2.6269554891034958e-06,-3.682378746816539e-06,1.8770369649701024e-06,0.2524518296122551,36697451.72344427,60.06029667883093,True
170400.0,2.6310499968623905e-06,-3.57005129103527e-06,1.8775671932758087e-06,0.23359738290309906,36753109.67182256,58.917060191753414,True
170700.0,2.6348715146972667e-06,-3.4683502860843873e-06,1.8773568868368784e-06,0.21379050612449646,36809930.96594249,57.78822283664883,True
171000.0,2.6371772915835915e-06,-3.3736481839241605e-06,1.8759930142664416e-06,0.19518646597862244,36867797.79919095,56.674371163208036,True
171300.0,2.6385656397823167e-06,-3.2859443308552727e-06,1.8738777001203744e-06,0.17661280930042267,36926590.78893562,55.57607575000495,True
171600.0,2.6393988056870194e-06,-3.2067088966414303e-06,1.87024185294149e-06,0.15807908028364182,36986189.23494455,54.493892891142565,True
171900.0,2.6388965845523745e-06,-3.1318037940764043e-06,1.865949045054549e-06,0.13941765576601028,37046471.38162526,53.4283659366521,True
172200.0,2.636222907705466e-06,-3.062100915940391e-06,1.858996654391376e-06,0.12145215272903442,37107314.67502966,52.38002637394233,True
172500.0,2.634166678140704e-06,-2.9995617296663113e-06,1.8517762043757102e-06,0.10414841771125793,37168596.01956328,51.34939468688723,True
172800.0,2.6310680029273557e-06,-2.9405124735149e-06,1.8439021971516922e-06,0.08592891693115234,37230192.029661216,50.33698106020751,True
173100.0,2.67459042228915e-06,-3.145576954466378e-06,1.7185160743338201e-06,-0.1406465396285057,37291979.48064734,49.343286053475616,True
173400.0,2.669973246690859e-06,-3.08199579990287e-06,1.7136550596319466e-06,-0.161215677857399,37353834.72306696,48.36880057085075,True
173700.0,2.6644756735068817e-06,-3.0237474391014985e-06,1.7066543449573146e-06,-0.18103758245706558,37415635.16044546,47.41400692761616,True
174000.0,2.6566840420813413e-06,-2.967288963873216e-06,1.6978832704239721e-06,-0.201081782579422,37477258.656376615,46.47937862968951,True
174300.0,2.648603915225877e-06,-2.9162105761315615e-06,1.68726807459052e-06,-0.2213069349527359,37538583.962831914,45.5653806881327,True
174600.0,2.6404930217494217e-06,-2.867394272243473e-06,1.6775663809198704e-06,-0.24145155400037766,37599490.93979333,44.6724697418092,True
174900.0,2.629967051841197e-06,-2.821193959334778e-06,1.6645311617935477e-06,-0.2621600329875946,37659860.768809505,43.80109413413583,True
175200.0,2.6187774896717977e-06,-2.7771733641657192e-06,1.6511081923908932e-06,-0.281255379319191,37719576.15509885,42.9516939116319,True
175500.0,2.608191418638475e-06,-2.738157974135902e-06,1.6365477790714067e-06,-0.30183015018701553,37778521.53472063,42.124700797275864,True
175800.0,2.5951874271750533e-06,-2.6993228630090016e-06,1.620244333366827e-06,-0.3218996003270149,37836583.256442204,41.320538102067154,True
176100.0,2.581651958778462e-06,-2.6639173427156493e-06,1.6020241559999704e-06,-0.34220578521490097,37893649.774807625,40.53962059581621,True
176400.0,2.5665177405366118e-06,-2.628492467238175e-06,1.583298278262646e-06,-0.36121202260255814,37949611.82339306,39.78235433519526,True
176700.0,2.5519634002809546e-06,-2.5963800567296857e-06,1.5642226145473614e-06,-0.3809598460793495,38004362.59189424,39.04913645619089,True
177000.0,2.535365017635896e-06,-2.5650460599990765e-06,1.5428758075586302e-06,-0.4005321338772774,38057797.88378657,38.340354927173735,True
177300.0,2.517122461291261e-06,-2.533955381522901e-06,1.5203460534962687e-06,-0.42029885947704315,38109816.27775363,37.65638826094185,True
177600.0,2.499389894477534e-06,-2.504761397403854e-06,1.4983764984322079e-06,-0.4391450211405754,38160319.27512151,36.9976052014229,True
177900.0,2.481015885218009e-06,-2.4778021270321915e-06,1.4745476875077657e-06,-0.45926960557699203,38209211.44794257,36.36436438252495,True
178200.0,2.4616577351536507e-06,-2.4519397356925765e-06,1.4493562403572469e-06,-0.47833117842674255,38256400.56757355,35.75701394741469,True
178500.0,2.440764375575168e-06,-2.42604198774643e-06,1.4230172027396293e-06,-0.4974707290530205,38301797.74235971,35.17589115322488,True
178800.0,2.4178805254780524e-06,-2.3995299045509455e-06,1.3953387849596766e-06,-0.516623318195343,38345317.53592775,34.62132195087814,True
179100.0,2.3957913868598425e-06,-2.375235141016674e-06,1.3677651509169664e-06,-0.5348681211471558,38386878.08393603,34.09362054417562,True
179400.0,2.3720899632415075e-06,-2.350451381971652e-06,1.3391964799325251e-06,-0.553283117711544,38426401.20685342,33.593088939991404,True
179700.0,2.3482361734120884e-06,-2.326568846910959e-06,1.310458941361503e-06,-0.572323203086853,38463812.51089467,33.12001647834397,True
180000.0,2.3228625696359963e-06,-2.3032361298191972e-06,1.2794325954246233e-06,-0.5899788439273834,38499041.483480975,32.67467936415459,True
180300.0,2.2961502923425323e-06,-2.2792394247517223e-06,1.2478792896786217e-06,-0.6086916998028755,38532021.5913147,32.25734018361928,True
180600.0,2.2695492226978184e-06,-2.2551735128217842e-06,1.2176677692821158e-06,-0.6267100349068642,38562690.356863365,31.86824743158403,True
180900.0,2.2407282382059338e-06,-2.230648249224032e-06,1.1849375596284517e-06,-0.6448704525828362,38590989.44434924,31.507635045552572,True
181200.0,2.212507846137644e-06,-2.2071928640343685e-06,1.1528192196408327e-06,-0.6623262986540794,38616864.72887247,31.17572192992233,True
181500.0,2.183747295773278e-06,-2.1838476413904573e-06,1.120407688404157e-06,-0.6800243780016899,38640266.36757214,30.872711516963708,True
181800.0,2.1527995863629743e-06,-2.158490673309643e-06,1.0874989975206972e-06,-0.6979010924696922,38661148.858894356,30.598791329197187,True
182100.0,2.121483168914768e-06,-2.1329523463009536e-06,1.0549952236260651e-06,-0.7152968198060989,38679471.09955802,30.35413256733044,True
182400.0,2.0890883644221097e-06,-2.10782587828362e-06,1.020506228854856e-06,-0.732696644961834,38695196.437411174,30.13888972814767,True
182700.0,2.0560445055664824e-06,-2.0816508197185613e-06,9.870676827006264e-07,-0.7498492449522018,38708292.71530764,29.953200238155326,True
183000.0,2.0221104063471958e-06,-2.054402870044214e-06,9.542485450708682e-07,-0.7663092613220215,38718732.312117614,29.797184137189124,True
183300.0,1.9870432458911026e-06,-2.0272580343316804e-06,9.195852470611499e-07,-0.7832155823707581,38726492.17974582,29.67094378722933,True
183600.0,1.9508871848217265e-06,-1.997747773430092e-06,8.872207608590088e-07,-0.799449197947979,38731553.869351506,29.574563612393153,True
183900.0,1.913795190805603e-06,-1.968663553952865e-06,8.527685224635206e-07,-0.8159703388810158,38733903.56061157,29.50810990355256,True
184200.0,1.8755837948197868e-06,-1.937393079742833e-06,8.202928967193657e-07,-0.8321418687701225,38733532.07786523,29.471630633739686,True
184500.0,1.8377518656993093e-06,-1.9062970579852845e-06,7.890741322569284e-07,-0.8482886776328087,38730434.90741089,29.465155348281268,True
184800.0,1.7980432224422942e-06,-1.874098842336025e-06,7.561560302349335e-07,-0.8637800514698029,38724612.20525291,29.488695084803425,True
185100.0,1.7579294518690113e-06,-1.8408966866445553e-06,7.247771307561379e-07,-0.8796537891030312,38716068.804316714,29.542242333658745,True
185400.0,1.716172549916254e-06,-1.8062146978081728e-06,6.928607092504535e-07,-0.8952072858810425,38704814.21054655,29.625771064755696,True
185700.0,1.67400445435985e-06,-1.7698390593068325e-06,6.638749638909758e-07,-0.9108869135379791,38690862.60019545,29.73923677813291,True
186000.0,1.630147025992024e-06,-1.7323470729024848e-06,6.334741478042361e-07,-0.9258227646350861,38674232.80662179,29.88257662402437,True
186300.0,1.5866601668247144e-06,-1.6946744665347069e-06,6.049537191188392e-07,-0.9403281584382057,38654948.306868374,30.05570953805444,True
186600.0,1.5415136129206465e-06,-1.6549230963391892e-06,5.76989286571461e-07,-0.955209918320179,38633037.19981623,30.25853644629591,True
186900.0,1.4944725005225776e-06,-1.6121831549753551e-06,5.508889771022041e-07,-0.9697627946734428,38608532.177721925,30.490940490723165,True
187200.0,1.44754180757829e-06,-1.5703262477018143e-06,5.236427575994185e-07,-0.9835855960845947,38581470.496201634,30.75278730612623,True
187500.0,1.399275098241519e-06,-1.5262972397067642e-06,4.979158276796625e-07,-0.9981212690472603,38551893.938479714,31.043925314311004,True
187800.0,1.3506471506825751e-06,-1.480984764157256e-06,4.7443728590224055e-07,-1.0115461125969887,38519848.7674335,31.36418606677361,True
188100.0,1.3010307495925732e-06,-1.4340103859922237e-06,4.522554810648671e-07,-1.024961493909359,38485385.68328503,31.71338460672221,True
188400.0,1.2494656928980558e-06,-1.3845135242718243e-06,4.3049023190633307e-07,-1.038876861333847,38448559.76581784,32.09131985291853,True
188700.0,1.1973604925454257e-06,-1.3337243274236243e-06,4.102660398075386e-07,-1.051727794110775,38409430.41274425,32.49777500255773,True
189000.0,1.1450243462918395e-06,-1.2819862149626715e-06,3.915807553767081e-07,-1.0639938041567802,38368061.27766241,32.932517954187965,True
189300.0,1.0915633777448813e-06,-1.2285340744710993e-06,3.7344529602023613e-07,-1.076216772198677,38324520.19577348,33.395301737987445,True
189600.0,1.0369002283391954e-06,-1.1725575745913375e-06,3.5729184588717544e-07,-1.0889795571565628,38278879.10528169,33.88586494900084,True
189900.0,9.815203746043462e-07,-1.1147827763124951e-06,3.4262029657838866e-07,-1.099658913910389,38231213.95915227,34.40393218995191,True
190200.0,9.255440326235577e-07,-1.0556246081705467e-06,3.2858533671742407e-07,-1.1116310134530067,38181604.64276273,34.94921450554604,True
190500.0,8.688678818590635e-07,-9.938674736531539e-07,3.171758606868025e-07,-1.1226411685347557,38130134.86401552,35.521409808288325,True
190800.0,8.132127246776799e-07,-9.326557801614399e-07,3.061528630610155e-07,-1.1332701817154884,38076892.05670101,36.12020330342372,True
191100.0,7.547252089538765e-07,-8.663493531457789e-07,2.9611597085477115e-07,-1.143904596567154,38021967.26537671,36.74526788451515,True
191400.0,6.964166582659554e-07,-7.979616896136577e-07,2.882900247414e-07,-1.1535145491361618,37965455.02492848,37.39626451908712,True
191700.0,6.388821834276194e-07,-7.284173761945567e-07,2.8168839349973496e-07,-1.1629622280597687,37907453.2374045,38.072842611836315,True
192000.0,5.826062269264771e-07,-6.576027828941733e-07,2.76752878392017e-07,-1.1717840731143951,37848063.034940585,38.77464033460343,True
192300.0,5.255656360806969e-07,-5.820938042688795e-07,2.729173829152387e-07,-1.1803871840238571,37787388.640602715,39.50128493207765,True
192600.0,4.700300816296843e-07,-5.030281613471743e-07,2.711796938115185e-07,-1.1887996047735214,37725537.218183845,40.25239298866692,True
192900.0,4.194628788960019e-07,-4.237408006702026e-07,2.71591304112917e-07,-1.1962608397006989,37662618.71515389,41.02757066320173,True
193200.0,3.719573694149006e-07,-3.4063086218338867e-07,2.7188952600454286e-07,-1.20327727496624,37598745.70031699,41.82641388182909,True
193500.0,3.3034048792830533e-07,-2.5371281253683264e-07,2.725818646354128e-07,-1.2100333720445633,37534033.19001702,42.64850848029913,True
193800.0,3.0038097839914685e-07,-1.6354516674255137e-07,2.75956956841128e-07,-1.2165685668587685,37468598.4682739,43.49343030451013,True
194100.0,2.8477012220322893e-07,-7.081760600158304e-08,2.8023295328694076e-07,-1.2226637601852417,37402560.8987934,44.360745264149905,True
194400.0,2.8713560846744717e-07,2.6961600951835862e-08,2.865075359181901e-07,-1.2271417751908302,37336041.728582665,45.25000931735383,True
194700.0,3.0612892524800947e-07,1.2931835158269678e-07,2.9273198265400424e-07,-1.2320667058229446,37269163.88871595,46.160768407080674,True
195000.0,3.401330755846405e-07,2.3643391955374682e-07,2.996327950199884e-07,-1.2357117980718613,37202051.77621534,47.09255831827133,True
195300.0,3.8690038970780533e-07,3.4791031566783204e-07,3.091789153586433e-07,-1.2392559573054314,37134831.042139344,48.04490446791266,True
195600.0,4.4055141968137164e-07,4.6352508320524066e-07,3.1886231965927436e-07,-1.2421627938747406,37067628.36100787,49.017321615751975,True
195900.0,5.006659635384541e-07,5.872393273875787e-07,3.2899527013796614e-07,-1.2453134059906006,37000571.20085293,50.00931346720268,True
196200.0,5.662447504034955e-07,7.189458131051651e-07,3.407408968314485e-07,-1.2462689951062202,36933787.578536645,51.02037217646105,True
196500.0,6.325402692845252e-07,8.54896853752507e-07,3.517178512879582e-07,-1.2470377683639526,36867405.8210258,52.04997772476409,True
196800.0,7.029198889136069e-07,1.0003604131725297e-06,3.6509137402163105e-07,-1.2481310814619064,36801554.30677468,53.09759713439407,True
197100.0,7.746072356613929e-07,1.1563590760488296e-06,3.7635660987689334e-07,-1.248062141239643,36736361.20678994,54.162683523793575,True
197400.0,8.472766808157262e-07,1.3199461932345002e-06,3.8945209013263593e-07,-1.2472631558775902,36671954.22483005,55.244674912462074,True
197700.0,9.215670661852962e-07,1.4962180898692168e-06,4.0206574425383224e-07,-1.245366908609867,36608460.326218195,56.342992783691955,True
198000.0,9.965294684770041e-07,1.6838915257721965e-06,4.15407313880678e-07,-1.243238903582096,36546005.46724617,57.457040281086954,True
198300.0,1.0723441416401517e-06,1.8856024439628527e-06,4.289720223482618e-07,-1.2409236803650856,36484714.316981755,58.58619998684107,True
198600.0,1.148433330756407e-06,2.1036987334355217e-06,4.4089785689038763e-07,-1.2365906536579132,36424709.97727242,59.729831138530436,True
198900.0,1.2251160324020853e-06,2.3402704698582966e-06,4.5218891386866744e-07,-1.2319719716906548,36366113.70720166,60.8872661203075,True
199200.0,1.3016711778237805e-06,2.5962991401229374e-06,4.629175975878752e-07,-1.227644369006157,36309044.63616968,62.05780601400062,True
199500.0,1.3800121424376837e-06,2.879479666262341e-06,4.7287365134707215e-07,-1.2219215407967567,36253619.48023806,63.24071488533546,True
199800.0,1.4571060250602716e-06,3.18824265832518e-06,4.798524173565966e-07,-1.2151893600821495,36199952.26449339,64.43521237616807,True
200100.0,1.5334833900806228e-06,3.525503785795081e-06,4.868955869596903e-07,-1.2077849805355072,36148154.04050116,65.64046397514568,True
200400.0,1.610450260277818e-06,3.903324568454991e-06,4.896647141094945e-07,-1.2000819593667984,36098332.60852311,66.85556811206436,True
200700.0,1.68847611423198e-06,4.327879707943794e-06,4.904377988168562e-07,-1.1912273094058037,36050592.24199289,68.0795387430637,True
201000.0,1.7639582772511568e-06,4.7992748477554414e-06,4.865147644750323e-07,-1.1820490807294846,36005033.420847416,69.31128157440071,True
201300.0,1.840763270562491e-06,5.337205266187084e-06,4.793915309164731e-07,-1.171495147049427,35961752.56417796,70.5495610068284,True
201600.0,1.916391911160356e-06,5.950111841457328e-06,4.649948976975793e-07,-1.1604526713490486,35920841.77716981,71.79295342345112,True
201900.0,1.9910876768696492e-06,6.654454523413733e-06,4.431089593026627e-07,-1.14875478297472,35882388.599265486,73.03977984121576,True
202200.0,2.0661193654006706e-06,7.475242313148556e-06,4.1354265079007746e-07,-1.1371451541781425,35846475.766450144,74.28800679145607,True
202500.0,2.138687807645097e-06,8.432379956957448e-06,3.708016009795756e-07,-1.1234663799405098,35813180.97804399,75.53509699996386,True
202800.0,2.211537201350217e-06,9.57031855364221e-06,3.1489391005834477e-07,-1.1090799272060394,35782576.68511031,76.77777866442575,True
203100.0,2.2834516576796716e-06,1.0932815172282062e-05,2.392795295236283e-07,-1.0953316912055016,35754729.8813652,78.0116791344363,True
203400.0,2.3541604761355355e-06,1.2577481129483203e-05,1.3719964897518366e-07,-1.0798899456858635,35729701.90745084,79.2307262014342,True
203700.0,2.4236609561766195e-06,1.4572372407428702e-05,-1.3890684158468503e-09,-1.0637107491493225,35707548.28031432,80.42614093355675,True
204000.0,2.4912397448355405e-06,1.6974763553889716e-05,-1.8703156001720345e-07,-1.0468931421637535,35688318.52688454,81.58469994046278,True
204300.0,2.55814533895492e-06,1.9791940189861634e-05,-4.415202567997767e-07,-1.0288069173693657,35672056.038294144,82.6856981811501,True
204600.0,2.623881507188048e-06,2.279347563671763e-05,-7.875395908740757e-07,-1.0109461396932602,35658797.94388856,83.69575406137754,True
204900.0,2.687255640814001e-06,2.5115250508633835e-05,-1.2466216077200443e-06,-0.9913165047764778,35648574.99453602,84.56092827794076,True
205200.0,2.75019699381092e-06,2.4788015764443116e-05,-1.805645396757427e-06,-0.9723602160811424,35641411.47785796,85.19950297800702,True
205500.0,2.8110428155572696e-06,1.939130169148484e-05,-2.366236174111691e-06,-0.9519297778606415,35637325.13540947,85.51155134726929,True
205800.0,2.870798247109008e-06,9.61631351970027e-06,-2.766588309555118e-06,-0.9312046244740486,35636327.116119005,85.42839944981033,True
206100.0,2.926862487435728e-06,1.1272450706201198e-07,-2.9268457950593074e-06,-0.9092143923044205,35638421.93596005,84.96913113454119,True
206400.0,2.983026711765057e-06,-6.0912167896276515e-06,-2.9193359836199306e-06,-0.8867205083370209,35643607.46680408,84.22295636090416,True
206700.0,3.035982749691261e-06,-9.259944533823727e-06,-2.836367841041465e-06,-0.8641933128237724,35651874.93927712,83.28553919778344,True
207000.0,3.0877879500920035e-06,-1.0573292826165925e-05,-2.7366702965991863e-06,-0.8409622311592102,35663208.966668956,82.22680667971582,True
207300.0,3.1377989899999125e-06,-1.0927799621640588e-05,-2.642328823299067e-06,-0.8169891759753227,35677587.59120316,81.09121084280659,True
207600.0,3.184894915862436e-06,-1.0826571127608986e-05,-2.5579570888112357e-06,-0.7924321591854095,35694982.34758172,79.90615819581294,True
207900.0,3.2298835065345416e-06,-1.0504428900048879e-05,-2.4874209714198514e-06,-0.7670099660754204,35715358.34545174,78.68882438769036,True
208200.0,3.2726876065082636e-06,-1.0105731490739345e-05,-2.4266885958468265e-06,-0.7415805235505104,35738674.3727403,77.45035133764202,True
208500.0,3.3133241089891023e-06,-9.683819797601245e-06,-2.37509836154004e-06,-0.7158621475100517,35764883.013218984,76.19826446286265,True
208800.0,3.3517093692556727e-06,-9.271028517332525e-06,-2.3301432321432003e-06,-0.6888146623969078,35793930.78415416,74.93785989519984,True
209100.0,3.3891640621868347e-06,-8.880045584191976e-06,-2.292309815743465e-06,-0.6622316464781761,35825758.29384647,73.67301626454888,True
209400.0,3.423145500867945e-06,-8.510932417493677e-06,-2.2583512162555053e-06,-0.6352827548980713,35860300.40597268,72.40668291549615,True
209700.0,3.4544356358398633e-06,-8.17169168954024e-06,-2.2262419889784724e-06,-0.6071760281920433,35897486.42700223,71.14118221587928,True
210000.0,3.484588485228645e-06,-7.860560970129882e-06,-2.197721755692328e-06,-0.5798277109861374,35937240.3076184,69.87840211553099,True
210300.0,3.511634689052149e-06,-7.570387850819316e-06,-2.1714138824791007e-06,-0.5513046309351921,35979480.84789864,68.61992208185643,True
210600.0,3.536574958158128e-06,-7.304883126835193e-06,-2.1459385095567995e-06,-0.5228197276592255,36024121.92798227,67.36709750730886,True
210900.0,3.5570267860925625e-06,-7.055679816403426e-06,-2.1200761324280393e-06,-0.49440065026283264,36071072.7382602,66.12111754782336,True
211200.0,3.5778568503926976e-06,-6.829979184885815e-06,-2.096725765454721e-06,-0.4652898982167244,36120238.024036646,64.88304557170095,True
211500.0,3.595354049975811e-06,-6.62182984001447e-06,-2.071346919763073e-06,-0.4355703443288803,36171518.34003505,63.65384795754768,True
211800.0,3.6107528903454812e-06,-6.4264378920597665e-06,-2.0477608870805852e-06,-0.40627745538949966,36224810.31088312,62.43441498110571,True
212100.0,3.6237149429318454e-06,-6.245980245012106e-06,-2.0228158206236913e-06,-0.3774329721927643,36280006.89588965,61.225576156260544,True
212400.0,3.6333679733393205e-06,-6.076608457306065e-06,-1.9964355857382543e-06,-0.347627654671669,36336997.66063189,60.02811170665738,True
212700.0,3.6416919867596574e-06,-5.917788513443156e-06,-1.971630652519707e-06,-0.31782032549381256,36395669.0569313,58.84276123443248,True
213000.0,3.64768837500794e-06,-5.770675301164374e-06,-1.9446254668764595e-06,-0.28839264810085297,36455904.69919578,57.67023034801485,True
213300.0,3.6505343139480953e-06,-5.630891621422052e-06,-1.916527324397066e-06,-0.2589312493801117,36517585.64557219,56.51119581492122,True
213600.0,3.6530323582640607e-06,-5.502140936641808e-06,-1.8884909209759826e-06,-0.2285662218928337,36580590.68074945,55.36630958160512,True
213900.0,3.6521218859935292e-06,-5.378236807018766e-06,-1.8595049624536841e-06,-0.1996709555387497,36644796.60227304,54.2362019531248,True
214200.0,3.6492867156319824e-06,-5.262670271122261e-06,-1.8283441036714976e-06,-0.17051544040441513,36710078.495066695,53.121484133356184,True
214500.0,3.644253410358446e-06,-5.152129119778692e-06,-1.7970618060303423e-06,-0.14074505865573883,36776310.01718905,52.02275026955747,True
214800.0,3.636199992691246e-06,-5.045964059036123e-06,-1.7641248959421318e-06,-0.11079243570566177,36843363.67714228,50.94057909799429,True
215100.0,3.6273820949175013e-06,-4.94673204798346e-06,-1.730621669082666e-06,-0.082024946808815,36911111.10880085,49.87553529524229,True
215400.0,3.6167455086036854e-06,-4.853189579989703e-06,-1.6950363672663116e-06,-0.05235646665096283,36979423.338012174,48.82817057176394,True
215700.0,3.6032327001789786e-06,-4.7612792002382776e-06,-1.6595490492932186e-06,-0.023983173072338104,37048171.05690907,47.79902457698225,True
216000.0,3.588358860281413e-06,-4.675791245745131e-06,-1.6207623829700424e-06,0.004437476396560669,37117224.877691746,46.78862562396057,True
216300.0,3.571512875610118e-06,-4.591862307279371e-06,-1.5832081388111874e-06,0.033301182091236115,37186455.59323781,45.79749129896249,True
216600.0,3.5530828550619444e-06,-4.512795811706383e-06,-1.5427034085746527e-06,0.06130816787481308,37255734.428048074,44.82612892362583,True
216900.0,3.5329592194173737e-06,-4.435719063167198e-06,-1.5025913953081727e-06,0.08932559937238693,37324933.2782598,43.87503594872279,True
217200.0,3.512379507032674e-06,-4.363391752804091e-06,-1.4611066347924861e-06,0.117060586810112,37393924.952186026,42.94470023009035,True
217500.0,3.487577720868686e-06,-4.290659774142114e-06,-1.4168705462225262e-06,0.14462266862392426,37462583.399010845,42.03560024336174,True
217800.0,3.4623595278084107e-06,-4.220846108182741e-06,-1.3733502726154256e-06,0.17114219814538956,37530783.93323065,41.148205225901194,True
218100.0,3.435053271778605e-06,-4.1528043936978065e-06,-1.3278934645200025e-06,0.19850563257932663,37598403.44658212,40.28297523758122,True
218400.0,3.4075738594396854e-06,-4.087849191591886e-06,-1.2825658757265046e-06,0.22507086396217346,37665320.62243794,39.44036118251499,True
218700.0,3.3779170602240787e-06,-4.024492852749972e-06,-1.2343531778924444e-06,0.2516358196735382,37731416.13028062,38.62080475336579,True
219000.0,3.347709958490353e-06,-3.962393435585909e-06,-1.1879234236289449e-06,0.2775920629501343,37796572.82224247,37.82473834490945,True
219300.0,3.315184330452225e-06,-3.901287755070371e-06,-1.1385290932253156e-06,0.3031572848558426,37860675.91577138,37.052584887528866,True
219600.0,3.2804852544493402e-06,-3.8403806001952034e-06,-1.0877891867266953e-06,0.32844802737236023,37923613.17164452,36.30475766625563,True
219900.0,3.2460600092733085e-06,-3.781604760888513e-06,-1.0382771833405968e-06,0.3536304607987404,37985275.06310311,35.58166007405864,True
220200.0,3.2091113960328883e-06,-3.7225146911623597e-06,-9.867708996580404e-07,0.378597691655159,38045554.937695004,34.883685322009335,True
220500.0,3.1717911040553326e-06,-3.664663722702244e-06,-9.359011343690327e-07,0.4020676463842392,38104349.17198773,34.21121612890788,True
220800.0,3.1340464883296454e-06,-3.608821941725182e-06,-8.829583393321627e-07,0.4262301176786423,38161557.313098736,33.56462435211333,True
221100.0,3.0934431922061283e-06,-3.5508851965460053e-06,-8.304042680151724e-07,0.4496544674038887,38217082.224422745,32.94427060728509,True
221400.0,3.052984216641596e-06,-3.4950274425682437e-06,-7.765737422005259e-07,0.4731001481413841,38270830.21101886,32.35050383889085,True
221700.0,3.0120669541051237e-06,-3.439589335130222e-06,-7.238432040423959e-07,0.4963432848453522,38322711.14666021,31.783660882352535,True
222000.0,2.9693431280238942e-06,-3.3834650139397127e-06,-6.700880454957314e-07,0.5194357261061668,38372638.58925431,31.244065987482266,True
222300.0,2.924588062648842e-06,-3.3261533189943293e-06,-6.156656624511925e-07,0.541410282254219,38420529.89175185,30.73203033950462,True
222600.0,2.880686307668905e-06,-3.2708103105960618e-06,-5.611430680119156e-07,0.5629323646426201,38466306.30218,30.24785155716288,True
222900.0,2.8347721348868387e-06,-3.2138539722836867e-06,-5.068098261062914e-07,0.5854875668883324,38509893.060349576,29.791813183426747,True
223200.0,2.789091664355243e-06,-3.157760062322268e-06,-4.530323778340062e-07,0.6063220873475075,38551219.49215938,29.36418417250559,True
223500.0,2.7413017894837904e-06,-3.1000956823845627e-06,-3.975849374171503e-07,0.6279172748327255,38590219.08285654,28.96521837408421,True
223800.0,2.692697731741997e-06,-3.041767683953367e-06,-3.431483150961867e-07,0.6481136828660965,38626829.5632755,28.59515403284939,True
224100.0,2.6450702188559662e-06,-2.984678360462567e-06,-2.904801732483975e-07,0.6683137863874435,38660992.97176164,28.25421328373394,True
224400.0,2.594685900100876e-06,-2.924749452404285e-06,-2.3770372337139634e-07,0.6886803954839706,38692655.72299357,27.942601668244347,True
224700.0,2.5445290469402363e-06,-2.86540000615787e-06,-1.832151745873034e-07,0.7082465440034866,38721768.66591409,27.660507674232463,True
225000.0,2.494298871622531e-06,-2.805783708481613e-06,-1.3140073562567522e-07,0.7282519787549973,38748287.13257435,27.408102303044988,True
225300.0,2.4414552948009176e-06,-2.743213542544254e-06,-7.904212750986517e-08,0.7472272366285324,38772170.98948271,27.185538646498525,True
225600.0,2.3903938739435605e-06,-2.6824519352430798e-06,-2.782278585300446e-08,0.7658255249261856,38793384.67356342,26.992951523425976,True
225900.0,2.3368495573469696e-06,-2.618656907316108e-06,2.178195757096546e-08,0.7849880084395409,38811897.22923623,26.830457135120227,True
226200.0,2.28401587714049e-06,-2.5553343050432886e-06,7.139995261695731e-08,0.8031885251402855,38827682.34095844,26.698152767201087,True
226500.0,2.229380740641746e-06,-2.4895554986414936e-06,1.204932473797271e-07,0.8208260461688042,38840718.35324024,26.596116541151,True
226800.0,2.175026763152321e-06,-2.4237292848283687e-06,1.668487605854807e-07,0.8386498838663101,38850988.29131683,26.52440720844558,True
227100.0,2.1193861675184925e-06,-2.355744271653748e-06,2.1407199923828557e-07,0.8560825288295746,38858479.87667163,26.483063987398204,True
227400.0,2.0634722512077688e-06,-2.287022880409495e-06,2.5837820771812403e-07,0.8739150688052177,38863185.53298445,26.472106472264464,True
227700.0,2.0079596588128387e-06,-2.2181006613664067e-06,3.014633769282682e-07,0.8902198225259781,38865102.39369817,26.491534569114567,True
228000.0,1.9516505717518182e-06,-2.1474831441992137e-06,3.43607112540667e-07,0.9074041992425919,38864232.29330786,26.54132850504476,True
228300.0,1.895739363521781e-06,-2.076527550798346e-06,3.8425556780907755e-07,0.9231655225157738,38860581.76962993,26.621448883623152,True
228600.0,1.8372980225870453e-06,-2.001826686637287e-06,4.2328283100800945e-07,0.9392157793045044,38854162.04318922,26.731836792936882,True
228900.0,1.7809179499191446e-06,-1.9286416375052795e-06,4.604010150899285e-07,0.9551069363951683,38844989.00638928,26.87241396776188,True
229200.0,1.7235060287930324e-06,-1.852982649097612e-06,4.966860949195961e-07,0.9708876609802246,38833083.19872144,27.043083000325346,True
229500.0,1.6647709188516187e-06,-1.7751858649717178e-06,5.296779796992723e-07,0.9855285435914993,38818469.78105085,27.24372760610858,True
229800.0,1.6074260735645285e-06,-1.6972738876575022e-06,5.623394194742559e-07,1.0006791353225708,38801178.49938213,27.474212921812747,True
230100.0,1.5491744120317807e-06,-1.6180834450096881e-06,5.905723590160505e-07,1.015320047736168,38781243.65249756,27.734385867738503,True
230400.0,1.4924556329584477e-06,-1.5382686058273976e-06,6.192838313268112e-07,1.0300647243857384,38758704.04465994,28.02407552112471,True
230700.0,1.4342306788166478e-06,-1.4553533844718913e-06,6.452501004616806e-07,1.0429978966712952,38733602.94143124,28.343093558371862,True
231000.0,1.3767666890978368e-06,-1.372193764836993e-06,6.682484432474212e-07,1.057140938937664,38705988.00844629,28.69123470055053,True
231300.0,1.3214102538447055e-06,-1.2894186625089787e-06,6.899161100193396e-07,1.070093922317028,38675911.26251388,29.068277198356018,True
231600.0,1.2644565579401845e-06,-1.202821692913858e-06,7.087481641576687e-07,1.0830814465880394,38643428.99773272,29.473983343528293,True
231900.0,1.2095986175231343e-06,-1.116459259264957e-06,7.25629384135118e-07,1.0960138514637947,38608601.719919175,29.908099987646672,True
232200.0,1.1545435468338888e-06,-1.027313061285895e-06,7.398456070006887e-07,1.1081390380859375,38571494.06967453,30.370359083585498,True
232500.0,1.1021827376396136e-06,-9.380532617342396e-07,7.525895355797729e-07,1.1196867749094963,38532174.738587834,30.860478227840016,True
232800.0,1.0510086595835146e-06,-8.466944620977301e-07,7.62945401078241e-07,1.1310942620038986,38490716.381880656,31.37816121400097,True
233100.0,1.001940569138059e-06,-7.546338167685462e-07,7.704817903686489e-07,1.1428748294711113,38447195.52432355,31.92309857860836,True
233400.0,9.549208290789278e-07,-6.607515956602583e-07,7.754267841164619e-07,1.152885228395462,38401692.462560035,32.494968143909645,True
233700.0,9.126489580126704e-07,-5.657580004481133e-07,7.799164905009093e-07,1.1632599979639053,38354291.15146045,33.09343554971103,True
234000.0,8.726937474554575e-07,-4.6928889219088887e-07,7.805291133422543e-07,1.1731349304318428,38305079.09827619,33.71815478000787,True
234300.0,8.365423291351544e-07,-3.710273404067266e-07,7.784674878053011e-07,1.182462878525257,38254147.23918683,34.36876865417416,True
234600.0,8.053051470692928e-07,-2.7140924885316053e-07,7.74042661078056e-07,1.1912236586213112,38201589.813838765,35.04490931246823,True
234900.0,7.807086499025092e-07,-1.698920186754549e-07,7.684356120307712e-07,1.2002214714884758,38147504.23158913,35.74619866957045,True
235200.0,7.610966822546785e-07,-6.561822374351323e-08,7.592653332721966e-07,1.2081231251358986,38091990.934717365,36.47224884660739,True
235500.0,7.495498319693482e-07,3.983979013355565e-08,7.488781790243593e-07,1.215599350631237,38035153.24766831,37.2226625600165,True
235800.0,7.444300257026003e-07,1.467980439429084e-07,7.353866138259946e-07,1.223394326865673,37977097.225441,37.99703349477433,True
236100.0,7.479494351599757e-07,2.5615966592340556e-07,7.208110730516637e-07,1.229988932609558,37917931.49541167,38.794946625444226,True
236400.0,7.581239247679588e-07,3.6848223317065276e-07,7.029781485812236e-07,1.2361539527773857,37857767.08526615,39.615978516437764,True
236700.0,7.756817320259247e-07,4.821417576295062e-07,6.834529315824511e-07,1.2410383448004723,37796717.25238826,40.45969756744914,True
237000.0,8.010270730298996e-07,5.996618597237102e-07,6.624574311331344e-07,1.2463715448975563,37734897.2981388,41.32566423149871,True
237300.0,8.331295840877295e-07,7.206167822459975e-07,6.397225504883863e-07,1.2511901929974556,37672424.38465375,42.2134311851063,True
237600.0,8.691553830512075e-07,8.426912927461672e-07,6.140961374967446e-07,1.2544780150055885,37609417.33683929,43.12254345624013,True
237900.0,9.120977418793174e-07,9.706372736673075e-07,5.876030257923048e-07,1.2580526769161224,37545996.43732653,44.05253850271919,True
238200.0,9.587685741604752e-07,1.1022166575003212e-06,5.5844324009513e-07,1.2611080259084702,37482283.223107025,45.002946254734866,True
238500.0,1.0089374569821977e-06,1.2369031026082666e-06,5.281800952161575e-07,1.2627379298210144,37418400.2676878,45.97328909401667,True
238800.0,1.0627020606957714e-06,1.376408505393556e-06,4.96935108174057e-07,1.2637276276946068,37354470.95768273,46.96308179303334,True
239100.0,1.1192761537075806e-06,1.5214353936698899e-06,4.6394382735570616e-07,1.2649933248758316,37290619.2667028,47.97183139327442,True
239400.0,1.1773370410999075e-06,1.6715056290195207e-06,4.284045971303385e-07,1.2649306803941727,37226969.52456997,48.999037022953125,True
239700.0,1.238826231693865e-06,1.8291945025339373e-06,3.934011445494434e-07,1.2646593824028969,37163646.173197545,50.04418964510465,True
240000.0,1.3007985568510474e-06,1.992511528214891e-06,3.5633549089197913e-07,1.2636205703020096,37100773.52705674,51.10677174435595,True
240300.0,1.3649396663760282e-06,2.1646301036071236e-06,3.190509119121998e-07,1.2613817974925041,37038475.52279879,52.18625690818296,True
240600.0,1.4290477788638496e-06,2.3439631320343324e-06,2.7975180216799345e-07,1.2594266682863235,36976875.46472841,53.28210932591735,True
240900.0,1.4953313122951338e-06,2.535017301852349e-06,2.4018611810561197e-07,1.255711942911148,36916095.77386856,54.393783152580816,True
241200.0,1.5616055431376516e-06,2.73552345220196e-06,2.011054576200877e-07,1.2518287748098373,36856257.72135257,55.52072173860258,True
241500.0,1.627527976156888e-06,2.946964002603636e-06,1.6076553066568522e-07,1.2472459375858307,36797481.172288336,56.66235667601366,True
241800.0,1.6948503157696198e-06,3.174088277546616e-06,1.2069335753039923e-07,1.2414620071649551,36739884.31993969,57.81810661042012,True
242100.0,1.7623251102779817e-06,3.416917365939298e-06,8.045157073865994e-08,1.2359887659549713,36683583.4190223,58.987375774354355,True
242400.0,1.8300600667007453e-06,3.6780955952053773e-06,4.042139067905737e-08,1.2285917773842812,36628692.52645478,60.16955213789613,True
242700.0,1.8975043643485242e-06,3.959375362683204e-06,6.1010752006041e-10,1.2209458351135254,36575323.22921733,61.36400507211057,True
243000.0,1.9657292011114247e-06,4.266329767688148e-06,-3.9035469967529934e-08,1.2124553248286247,36523584.38741884,62.57008235893608,True
243300.0,2.032211766555993e-06,4.597508336701139e-06,-7.693100201322522e-08,1.2037770971655846,36473581.869923525,63.78710632291538,True
243600.0,2.098611328785488e-06,4.961245593904096e-06,-1.126575881471581e-07,1.193372406065464,36425418.30013163,65.01436877286322,True
243900.0,2.165154134142355e-06,5.363845275496715e-06,-1.4675865145363787e-07,1.1825967356562614,36379192.79735483,66.25112429026007,True
244200.0,2.2306042396305247e-06,5.809196579775744e-06,-1.7908665483901132e-07,1.1719140708446503,36335000.73217177,67.49658120226513,True
244500.0,2.295521837753709e-06,6.307263845428679e-06,-2.0882423257262417e-07,1.1595842391252518,36292933.485403255,68.74988925913817,True
244800.0,2.3605967510198478e-06,6.870988727314398e-06,-2.3494547463087656e-07,1.1465877667069435,36253078.20794098,70.01012252975646,True
245100.0,2.424316702759372e-06,7.510484039130461e-06,-2.5463695862981695e-07,1.1331951022148132,36215517.59702332,71.27625522191812,True
245400.0,2.4866608986020974e-06,8.241684497534152e-06,-2.7094044696696074e-07,1.118312507867813,36180329.67882217,72.54712682105314,True
245700.0,2.5490598119895546e-06,9.093300377571722e-06,-2.795038369640679e-07,1.1032589599490166,36147587.596669085,73.82139065361861,True
246000.0,2.609505257560857e-06,1.0088812416597648e-05,-2.7850364858750254e-07,1.0875118002295494,36117359.41834592,75.09743613637293,True
246300.0,2.668993170196643e-06,1.12722080984895e-05,-2.6622541327014915e-07,1.070926733314991,36089707.94886664,76.37326782085945,True
246600.0,2.7263581635080735e-06,1.269457098374005e-05,-2.379945556185703e-07,1.0531695634126663,36064690.55890974,77.64631114909443,True
246900.0,2.783417056662723e-06,1.4440651966651785e-05,-1.9028028930279106e-07,1.0352888703346252,36042359.02482166,78.91308902993445,True
247200.0,2.8403349857830636e-06,1.662132729052246e-05,-1.1350579143254436e-07,1.016362950205803,36022759.38805513,80.16866084332852,True
247500.0,2.893413003928319e-06,1.9361868737632904e-05,3.2475071520821075e-09,0.9966613724827766,36005931.82333731,81.40560410994956,True
247800.0,2.9459126819523655e-06,2.28681361420513e-05,1.7789658102174144e-07,0.9769754782319069,35991910.52658101,82.61207361104337,True
248100.0,2.9983706105457004e-06,2.7318829467049e-05,4.41961390151846e-07,0.9552819654345512,35980723.621966355,83.76792576947105,True
248400.0,3.047350312537998e-06,3.255261094636808e-05,8.391892123427169e-07,0.9340929836034775,35972393.075350955,84.83676701421548,True
248700.0,3.0964166016831817e-06,3.710750320351508e-05,1.4236913870036005e-06,0.9124135822057724,35966934.64051141,85.75042075057686,True
249000.0,3.1426103238679895e-06,3.5827270096433494e-05,2.1864717183461835e-06,0.8897364512085915,35964357.811120406,86.38770322377046,True
249300.0,3.186620827049895e-06,2.2386746167057936e-05,2.894981335543889e-06,0.8656753227114677,35964665.795096464,86.58948069059763,True
249600.0,3.229982320063432e-06,3.5992291316233604e-06,3.2215505143540213e-06,0.8418735191226006,35967855.5048324,86.28456754959839,True
249900.0,3.271222547127558e-06,-8.417494086643273e-06,3.206185780868509e-06,0.8177059590816498,35973917.571827166,85.57766825268958,True
250200.0,3.310330098747129e-06,-1.3243665449635955e-05,3.0692325339032323e-06,0.7927543297410011,35982836.372686386,84.62667366825956,True
250500.0,3.348345438867076e-06,-1.4456111244953718e-05,2.9268260703929627e-06,0.7667357102036476,35994590.07565704,83.54028644792416,True
250800.0,3.382755981283543e-06,-1.4219922491065518e-05,2.808173519497359e-06,0.7410917356610298,36009150.703238405,82.37813524703158,True
251100.0,3.4179366875173513e-06,-1.3499284534645994e-05,2.7185330964130117e-06,0.7151510640978813,36026484.21761166,81.17215233923858,True
251400.0,3.448872061512455e-06,-1.263653658156727e-05,2.65001348509486e-06,0.6881794631481171,36046550.61713845,79.94022066258746,True
251700.0,3.478300221960763e-06,-1.1793202702392591e-05,2.598478744175736e-06,0.6613052189350128,36069304.04941868,78.69299702094614,True
252000.0,3.5063238721768863e-06,-1.1015664341584852e-05,2.5599752291327604e-06,0.6335351839661598,36094692.946090415,77.43724485464486,True
252300.0,3.53236752434913e-06,-1.0315512383840542e-05,2.530560422542294e-06,0.6059945151209831,36122660.16456185,76.17751853147458,True
252600.0,3.5550941184816955e-06,-9.680767988129446e-06,2.508550210222893e-06,0.5781663879752159,36153143.15215431,74.91705635886576,True
252900.0,3.575439677004118e-06,-9.11515829216114e-06,2.4912099121365827e-06,0.5497772097587585,36186074.118205704,73.65827751707349,True
253200.0,3.596095901746809e-06,-8.616621926194057e-06,2.4791237791532694e-06,0.5213849619030952,36221380.22021883,72.40307118652798,True
253500.0,3.6141689336515783e-06,-8.169813156655437e-06,2.469180770958701e-06,0.49271517246961594,36258983.76410714,71.15297162401251,True
253800.0,3.628781917832119e-06,-7.765797590764123e-06,2.460062120235307e-06,0.4633457511663437,36298802.41299763,69.90926796680637,True
254100.0,3.6424119241752063e-06,-7.402372375509003e-06,2.4534530354003437e-06,0.43490171432495117,36340749.40446216,68.67307528672772,True
254400.0,3.653141894794902e-06,-7.0703034111829766e-06,2.4476460680489254e-06,0.40627972036600113,36384733.783669524,67.44538185951149,True
254700.0,3.664410624921563e-06,-6.775925498914148e-06,2.4427484675015876e-06,0.37672875821590424,36430660.63663285,66.22708137653616,True
255000.0,3.670965220058451e-06,-6.502768911786916e-06,2.4360173398463303e-06,0.34788987785577774,36478431.33144538,65.01899539629946,True
255300.0,3.6756026133749083e-06,-6.2516404000234616e-06,2.4297184779698e-06,0.3188304305076599,36527943.772469394,63.82188928705277,True
255600.0,3.680376361076962e-06,-6.025653618735305e-06,2.423736923162778e-06,0.2895602807402611,36579092.65100118,62.63648377218245,True
255900.0,3.6829062337581453e-06,-5.8180735038604325e-06,2.4163419993783464e-06,0.2615266889333725,36631769.70294312,61.4634634120793,True
256200.0,3.682299402629381e-06,-5.6225200921744545e-06,2.4084668055479597e-06,0.23223935812711716,36685863.97538198,60.30348292950385,True
256500.0,3.6799528760932648e-06,-5.444028431611514e-06,2.3983283625739205e-06,0.20391300320625305,36741262.0812663,59.157172002919594,True
256800.0,3.6768541071006567e-06,-5.277483239751746e-06,2.389360219012815e-06,0.17568115144968033,36797848.47174212,58.02513892598469,True
257100.0,3.671414251280892e-06,-5.124844278725504e-06,2.3769676573692777e-06,0.14828207343816757,36855505.696397506,56.9079734622982,True
257400.0,3.6644114924973233e-06,-4.98073103472052e-06,2.3648985560953406e-06,0.11971166729927063,36914114.672113925,55.80624905351699,True
257700.0,3.6552096135622742e-06,-4.846725630613946e-06,2.350420423624655e-06,0.09233164042234421,36973554.939273454,54.72052459161027,True
258000.0,3.645015018080718e-06,-4.72154027875149e-06,2.3355607510211485e-06,0.06506911665201187,37033704.93096953,53.651345806808834,True
258300.0,3.6338753672421686e-06,-4.606093227721431e-06,2.3190621192270555e-06,0.03836163133382797,37094442.22690023,52.59924639631107,True
258600.0,3.6200399755618733e-06,-4.495715160146574e-06,2.3009793181927307e-06,0.011790886521339417,37155643.81138277,51.56474892070079,True
258900.0,3.606525408796014e-06,-4.3931368338689936e-06,2.283519947354762e-06,-0.014127291738986969,37217186.32345466,50.548365528286084,True
259200.0,3.588772152850803e-06,-4.293835701218995e-06,2.26250872970013e-06,-0.04040159285068512,37278946.306948766,49.55059854577426,True
259500.0,3.478751198966501e-06,-4.201617201715635e-06,2.09108334559005e-06,-0.43704813718795776,37340800.82081154,48.57194107897038,True
259800.0,3.4582133756484784e-06,-4.107758002191986e-06,2.0714321280479453e-06,-0.4610370695590973,37402626.19488295,47.612876783297835,True
260100.0,3.4370876975414584e-06,-4.020493406642345e-06,2.0502091544472023e-06,-0.4849932864308357,37464300.49067101,46.67388104872916,True
260400.0,3.4158600889928834e-06,-3.939015613241281e-06,2.0284783772694936e-06,-0.5089037045836449,37525702.23942457,45.755420593193456,True
260700.0,3.392038328672058e-06,-3.861233722091129e-06,2.0035965775377917e-06,-0.533382773399353,37586711.0356026,44.85795375813954,True
261000.0,3.368412634427706e-06,-3.788601304677286e-06,1.978500748123224e-06,-0.557480975985527,37647207.748515435,43.981930576784684,True
261300.0,3.3423038312337872e-06,-3.7177223077833332e-06,1.9516542977271456e-06,-0.5814831554889679,37707074.73239128,43.127792806804315,True
261600.0,3.315204539074525e-06,-3.651697170425905e-06,1.92217070349443e-06,-0.6046173274517059,37766196.024630256,42.295973896975894,True
261900.0,3.28766505151719e-06,-3.5881075461929868e-06,1.8931607428385178e-06,-0.6284160241484642,37824457.54286512,41.48689890803731,True
262200.0,3.2604243737455584e-06,-3.5295368832066742e-06,1.8628836713219243e-06,-0.6519469916820526,37881747.26695567,40.700984400984915,True
262500.0,3.2296268942071e-06,-3.470487143886203e-06,1.8302773625578084e-06,-0.6753845810890198,37937955.42232766,39.938638268713404,True
262800.0,3.1990008609869504e-06,-3.4145651000017097e-06,1.7977268100821675e-06,-0.6988994106650352,37992974.65160184,39.2002595304344,True
263100.0,3.166897444607218e-06,-3.361485710229317e-06,1.762349363332305e-06,-0.7223314642906189,38046700.179970294,38.4862380998109,True
263400.0,3.133660779414765e-06,-3.3085177051361825e-06,1.7277170201168701e-06,-0.7459991052746773,38099029.9746873,37.79695449711445,True
263700.0,3.1000349070168797e-06,-3.2592102456874272e-06,1.6907683288991393e-06,-0.7688720375299454,38149864.89493696,37.13277955295585,True
264000.0,3.064188553503946e-06,-3.2090181605326507e-06,1.6534636486653653e-06,-0.7921741679310799,38199108.84019508,36.49407405646457,True
264300.0,3.0273497670545095e-06,-3.1608271626737405e-06,1.6143340602070566e-06,-0.8151455894112587,38246668.88388084,35.88118839536135,True
264600.0,2.9902891496310314e-06,-3.1142581349286047e-06,1.5750852995211062e-06,-0.8378237560391426,38292455.40723722,35.2944621555443,True
264900.0,2.952142382251219e-06,-3.067810155243933e-06,1.5359058807007386e-06,-0.8612003400921822,38336382.22388596,34.734223709526965,True
265200.0,2.912546945244083e-06,-3.0220467124308925e-06,1.4952143416735453e-06,-0.8827950805425644,38378366.6931958,34.20078978119156,True
265500.0,2.8713569139118865e-06,-2.9757845538824768e-06,1.4542111372861655e-06,-0.905331052839756,38418329.84025248,33.69446498989482,True
265800.0,2.830167744480906e-06,-2.931057963451167e-06,1.4130518195543118e-06,-0.9277721494436264,38456196.45179976,33.215541390713874,True
266100.0,2.787645176147497e-06,-2.8862795602435654e-06,1.371214445100577e-06,-0.950057178735733,38491895.17959686,32.76429800203989,True
266400.0,2.7437433416092256e-06,-2.8405976593148807e-06,1.3297781862320335e-06,-0.9713716506958008,38525358.631146416,32.34100032674017,True
266700.0,2.699019976528882e-06,-2.795632553898031e-06,1.287338417199635e-06,-0.9938376471400261,38556523.45978516,31.945899879228786,True
267000.0,2.652250764066122e-06,-2.749189974338151e-06,1.244624577623199e-06,-1.0151021480560303,38585330.43772884,31.579233707533696,True
267300.0,2.6062440414662994e-06,-2.7041447481224168e-06,1.202942321754108e-06,-1.0368309319019318,38611724.539186135,31.24122392944752,True
267600.0,2.557917843266133e-06,-2.6579406551263673e-06,1.1596998135132708e-06,-1.0580687448382378,38635655.00260668,30.932077283717657,True
267900.0,2.5090286140976687e-06,-2.610975712968866e-06,1.1180099726004755e-06,-1.0787557065486908,38657075.39745183,30.651984683462416,True
268200.0,2.4593593936734777e-06,-2.5635623046582623e-06,1.0768307170394564e-06,-1.1000815629959106,38675943.68226331,30.40112080944363,True
268500.0,2.4079241463991935e-06,-2.5151391014333058e-06,1.0348251358038851e-06,-1.120920091867447,38692222.25335847,30.179643713969377,True
268800.0,2.356000340431079e-06,-2.4668149762874236e-06,9.92836266533459e-07,-1.1409172266721725,38705877.9948048,29.987694454302584,True
269100.0,2.302434837020512e-06,-2.415797126786856e-06,9.532966522840525e-07,-1.1617852672934532,38716882.32129702,29.82539676078869,True
269400.0,2.2492885576962747e-06,-2.365922910030349e-06,9.138927126173257e-07,-1.1807917281985283,38725211.20798773,29.692856745633478,True
269700.0,2.1933180077011112e-06,-2.3125583084038226e-06,8.756190261749452e-07,-1.2010992541909218,38730845.23198098,29.590162635117785,True
270000.0,2.1365968001409656e-06,-2.2592482196159835e-06,8.365662367282312e-07,-1.2206345796585083,38733769.58721051,29.5173845564568,True
270300.0,2.0799870320408354e-06,-2.2055313593227766e-06,7.997777373702775e-07,-1.2400642558932304,38733974.113313854,29.47457435311352,True
270600.0,2.0215966557465296e-06,-2.1496636577467143e-06,7.639859980201891e-07,-1.2593877390027046,38731453.30803604,29.461765461460768,True
270900.0,1.9631451573500085e-06,-2.0938058185038244e-06,7.290949284310955e-07,-1.2779402881860733,38726206.33796837,29.478972818166007,True
271200.0,1.9023180000004894e-06,-2.035372119735257e-06,6.944303052591749e-07,-1.2959617525339127,38718237.045780376,29.526192821033426,True
271500.0,1.840607118690063e-06,-1.975351892724575e-06,6.618358163734683e-07,-1.3145533949136734,38707553.9507584,29.60340333148684,True
271800.0,1.7789043228505285e-06,-1.914944704139998e-06,6.310667117759294e-07,-1.3317803591489792,38694170.24038894,29.710563731000338,True
272100.0,1.7152101922712204e-06,-1.8518547335588664e-06,6.016933085106757e-07,-1.3494266271591187,38678103.76746329,29.84761501652555,True
272400.0,1.6516944947485272e-06,-1.7887825833895477e-06,5.735745531865177e-07,-1.3669799789786339,38659377.02923976,30.01447994162814,True
272700.0,1.584907629925065e-06,-1.721920824593326e-06,5.455756451056004e-07,-1.3834527432918549,38638017.14921768,30.21106320195906,True
273000.0,1.5201038111817017e-06,-1.6562792666263704e-06,5.210368421160183e-07,-1.4007501751184464,38614055.855172634,30.437251654405088,True
273300.0,1.4523053231597913e-06,-1.5864910665186471e-06,4.980139038934794e-07,-1.4165453687310219,38587529.44133949,30.692914589332428,True
273600.0,1.385082019493527e-06,-1.517531813988171e-06,4.750190782942809e-07,-1.4320063143968582,38558478.740006685,30.977904022241354,True
273900.0,1.316000852647815e-06,-1.445019023549321e-06,4.5507608348316353e-07,-1.4475917294621468,38526949.0756465,31.292055018724845,True
274200.0,1.2462352598649178e-06,-1.3709943118556112e-06,4.365545152040795e-07,-1.4624837338924408,38492990.21704878,31.63518606066856,True
274500.0,1.1771285624701863e-06,-1.2973579543995584e-06,4.187252216070192e-07,-1.4773164838552475,38456656.327008225,32.00709942189897,True
274800.0,1.1056488215275484e-06,-1.2189800031592313e-06,4.041606089799643e-07,-1.491452395915985,38418005.900699854,32.40758156709793,True
275100.0,1.0344303889440493e-06,-1.1399522463761969e-06,3.9069169588401564e-07,-1.5048088058829308,38377101.702621885,32.83640357705283,True
275400.0,9.635591114030538e-07,-1.0594438322186761e-06,3.7977870448457907e-07,-1.5181106999516487,38334010.6958515,33.29332156905904,True
275700.0,8.915239077963036e-07,-9.75994794316648e-07,3.6972657824208e-07,-1.5317158624529839,38288803.96362501,33.778077139648566,True
276000.0,8.20773659035e-07,-8.920497123199311e-07,3.6123824997957854e-07,-1.5439005494117737,38241556.623991154,34.29039779773934,True
276300.0,7.506356672293717e-07,-8.050932081005158e-07,3.559728085633651e-07,-1.5554470643401146,38192347.74423696,34.829997403147345,True
276600.0,6.799538536225926e-07,-7.142463971376856e-07,3.512110424708226e-07,-1.5670948326587677,38141260.241504185,35.396576603019625,True
276900.0,6.122645541430546e-07,-6.227472226782993e-07,3.4781423607910256e-07,-1.5774326398968697,38088380.77703038,35.98982324475675,True
277200.0,5.494287686352568e-07,-5.297870586673525e-07,3.478750585372836e-07,-1.587743267416954,38033799.650383644,36.60941278488791,True
277500.0,4.899717256194916e-07,-4.3242349079264386e-07,3.4872275023190014e-07,-1.597321555018425,37977610.67707347,37.25500868322971,True
277800.0,4.380900642514731e-07,-3.325011164179159e-07,3.5090357641820447e-07,-1.6068293526768684,37919911.0669672,37.92626276084031,True
278100.0,3.9714730308798665e-07,-2.2927468990019406e-07,3.54457185380852e-07,-1.615876942873001,37860801.28957563,38.62281554371896,True
278400.0,3.728799489116349e-07,-1.2249097380845342e-07,3.606466165706479e-07,-1.6233490779995918,37800384.93460857,39.34429657149309,True
278700.0,3.683006578917472e-07,-1.3180880387153593e-08,3.681625884155437e-07,-1.630800113081932,37738768.56801973,40.09032467857825,True
279000.0,3.844475315033224e-07,9.958563396139652e-08,3.769976757439508e-07,-1.637636974453926,37676061.5721687,40.860508231192306,True
279300.0,4.193840673332655e-07,2.1581286091532093e-07,3.87145973945735e-07,-1.6435140296816826,37612375.98544944,41.65444532966646,True
279600.0,4.704429973778456e-07,3.382604063517647e-07,3.9882845470629036e-07,-1.6490547880530357,37547826.33244609,42.47172396589512,True
279900.0,5.32066644923101e-07,4.644732030101295e-07,4.1094381231232546e-07,-1.6539918631315231,37482529.44367464,43.31192213562974,True
280200.0,6.022347646760835e-07,5.946918122390343e-07,4.25162923534117e-07,-1.6584147810935974,37416604.27059334,44.17460789433589,True
280500.0,6.786509714425441e-07,7.306921361305285e-07,4.4064111648367543e-07,-1.6621410548686981,37350171.690918535,45.05933936735947,True
280800.0,7.598135797735142e-07,8.725453426450258e-07,4.5768778988986014e-07,-1.664133757352829,37283354.30622177,45.96566469117222,True
281100.0,8.437892152989004e-07,1.0206317710981239e-06,4.7489921684018555e-07,-1.666412077844143,37216276.23634194,46.8931218954325,True
281400.0,9.302005948086555e-07,1.1757357469832641e-06,4.924764809288718e-07,-1.667205847799778,37149062.89548804,47.84123870619968,True
281700.0,1.0197323266396167e-06,1.3399036049577262e-06,5.110792145046616e-07,-1.667666882276535,37081840.774510905,48.80953227241311,True
282000.0,1.1109267003029023e-06,1.5113116660359083e-06,5.314921835974928e-07,-1.667558714747429,37014737.20497405,49.79750879969586,True
282300.0,1.201690967192373e-06,1.6889596849978261e-06,5.520798112002012e-07,-1.6657909452915192,36947880.12114522,50.80466308102422,True
282600.0,1.2961042763752295e-06,1.8818336116055434e-06,5.722082363490699e-07,-1.6638719737529755,36881397.81828661,51.830477898873134,True
282900.0,1.390468330436166e-06,2.083607739677973e-06,5.931848008344787e-07,-1.6614289209246635,36815418.696747944,52.87442328515778,True
283200.0,1.4853563339437811e-06,2.2967316226640833e-06,6.149912792352552e-07,-1.6577072441577911,36750071.00618415,53.93595561204134,True
283500.0,1.5803541293968621e-06,2.5239775993668445e-06,6.349941799044245e-07,-1.6533762216567993,36685482.584688395,55.01451647010091,True
283800.0,1.6780534467892352e-06,2.7694159143720753e-06,6.566341212987936e-07,-1.647765964269638,36621780.588486925,56.10953127693563,True
284100.0,1.7744872709847318e-06,3.0295121575818484e-06,6.771516396497645e-07,-1.6413444951176643,36559091.222583614,57.22040758263581,True
284400.0,1.871667233394088e-06,3.3108482000443473e-06,6.959463831890389e-07,-1.6338016390800476,36497539.46335752,58.34653294481971,True
284700.0,1.9696017724767455e-06,3.614186624645299e-06,7.15538831741469e-07,-1.625657506287098,36437248.78172664,59.48727228657368,True
285000.0,2.0672486249222652e-06,3.942531634493207e-06,7.331189877390898e-07,-1.6170385107398033,36378340.86127274,60.641964584513815,True
285300.0,2.165080220591563e-06,4.30029976428159e-06,7.488443074521456e-07,-1.6069832667708397,36320935.31549795,61.80991864991476,True
285600.0,2.2622191642059025e-06,4.689942272761982e-06,7.623708881965285e-07,-1.5953561142086983,36265149.40715313,62.99040774112426,True
285900.0,2.35771740150892e-06,5.11357353616404e-06,7.742060574855714e-07,-1.583257682621479,36211097.7664397,64.18266258649687,True
286200.0,2.4546050418005496e-06,5.586323737816201e-06,7.819219263183186e-07,-1.5704346150159836,36158892.107548036,65.3858622579394,True
286500.0,2.551917037473881e-06,6.111739963898799e-06,7.875594718598222e-07,-1.5570682138204575,36108640.95191528,66.59912206414053,True
286800.0,2.6480046281541792e-06,6.696718941157087e-06,7.882261741087859e-07,-1.5419932752847672,36060449.35129521,67.82147730933721,True
287100.0,2.7434460474365935e-06,7.354810577453463e-06,7.824075538565012e-07,-1.5255570113658905,36014418.61992333,69.05186114107376,True
287400.0,2.836711284803067e-06,8.094143026937672e-06,7.70909963421218e-07,-1.508411355316639,35970646.068169534,70.28907388841293,True
287700.0,2.9304527496955375e-06,8.942175242054873e-06,7.505920933681409e-07,-1.4902116283774376,35929224.74276813,71.53173987984849,True
288000.0,3.023734162665821e-06,9.91864709476431e-06,7.205726006986879e-07,-1.4715473502874374,35890243.17807845,72.77824544297079,True
288300.0,3.115055776059737e-06,1.1047906099292959e-05,6.784501778156482e-07,-1.4516920819878578,35853785.15209184,74.02664805673885,True
288600.0,3.2037840136253243e-06,1.2365914585643623e-05,6.19778305122054e-07,-1.429529756307602,35819929.45566459,75.27454014837609,True
288900.0,3.2924481403965403e-06,1.393088416534738e-05,5.413044590341087e-07,-1.408240206539631,35788749.6766648,76.5188397502916,True
289200.0,3.3796258950300686e-06,1.5801373706381128e-05,4.3720469022900943e-07,-1.3847407549619675,35760313.981109545,77.7554599516366,True
289500.0,3.465970986710019e-06,1.8063030154280568e-05,2.9775169707590976e-07,-1.361511953175068,35734684.929964215,78.97877174162673,True
289800.0,3.5499258257426718e-06,2.0805564815873367e-05,1.1039956859804079e-07,-1.336185172200203,35711919.28797968,80.18070519495299,True
290100.0,3.631175912182673e-06,2.4123162717160085e-05,-1.4170529993862147e-07,-1.3096362948417664,35692067.86625494,81.34920467016518,True
290400.0,3.7114256690741454e-06,2.8062508704351785e-05,-4.847622392389894e-07,-1.2834893465042114,35675175.37030815,82.46552796138555,True
290700.0,3.7885658321395777e-06,3.2392530783909024e-05,-9.513334475741431e-07,-1.2558815479278564,35661280.263312764,83.49957396376743,True
291000.0,3.86536892447017e-06,3.618930441007251e-05,-1.5750851218854223e-06,-1.2265024334192276,35650414.65623626,84.4024804158259,True
291300.0,3.938032759516577e-06,3.693673158977617e-05,-2.3553093768668987e-06,-1.1971890851855278,35642604.21179827,85.09840849976247,True
291600.0,4.010785929605246e-06,3.0990502210670456e-05,-3.184869697747672e-06,-1.166541412472725,35637868.06125197,85.48824018807085,True
291900.0,4.078817177817784e-06,1.7898709586461337e-05,-3.8283442478359575e-06,-1.134888269007206,35636218.75075688,85.4903801973434,True
292200.0,4.145199134147155e-06,3.6378966399297497e-06,-4.133553218821362e-06,-1.103576622903347,35637662.20164722,85.10367924866986,True
292500.0,4.208408128807371e-06,-6.366810794133926e-06,-4.162431437748637e-06,-1.070072628557682,35642197.686305605,84.40830487277414,True
292800.0,4.26910246624084e-06,-1.170494064695049e-05,-4.058478111801378e-06,-1.0371640846133232,35649817.83804122,83.50322192446959,True
293100.0,4.328128763672101e-06,-1.4044961744730244e-05,-3.916672810078126e-06,-1.0029648691415787,35660508.66166816,82.46459757371484,True
293400.0,4.384028144178257e-06,-1.4793159948567336e-05,-3.776261664256708e-06,-0.9679974019527435,35674249.580941945,81.34161350450279,True
293700.0,4.4358006583898025e-06,-1.4761622622927462e-05,-3.649392581905886e-06,-0.9321843683719635,35691013.495455265,80.16458580612421,True
294000.0,4.486067749731491e-06,-1.438094477634877e-05,-3.539870377267107e-06,-0.8964403718709946,35710766.86134359,78.95239016967174,True
294300.0,4.532829274873576e-06,-1.3838775231533873e-05,-3.4466265645960448e-06,-0.8599877581000328,35733469.786479294,77.71716588791892,True
294600.0,4.577521987446648e-06,-1.3251293836447076e-05,-3.3672450143740207e-06,-0.8223457634449005,35759076.14855628,76.46703790512763,True
294900.0,4.617896104323845e-06,-1.2666478113487756e-05,-3.296434229582701e-06,-0.7857748568058014,35787533.7312056,75.2076739588444,True
295200.0,4.655291392600373e-06,-1.2107549878237478e-05,-3.233738624430771e-06,-0.7480753734707832,35818784.367310666,73.94319037689026,True
295500.0,4.689855908696859e-06,-1.1582199704207596e-05,-3.178183121121947e-06,-0.7093827053904533,35852764.1123539,72.67669319670104,True
295800.0,4.722327188389036e-06,-1.1098210165982891e-05,-3.127847136852324e-06,-0.6706925854086876,35889403.424645215,71.41061101409484,True
296100.0,4.7508929683454535e-06,-1.065063253236076e-05,-3.0802395372120372e-06,-0.6318063661456108,35928627.35917633,70.14690568204072,True
296400.0,4.77626996226549e-06,-1.023744201233967e-05,-3.0355423774608425e-06,-0.5924951136112213,35970355.777899384,68.88720933715578,True
296700.0,4.797545205013878e-06,-9.854272036591283e-06,-2.9923927229447145e-06,-0.5537954568862915,36014503.57229802,67.63291574961453,True
297000.0,4.817519030348646e-06,-9.506814109272455e-06,-2.950497233200622e-06,-0.5141647458076477,36060980.89189927,66.38524263164899,True
297300.0,4.833830567925878e-06,-9.182780786431977e-06,-2.9100958727212856e-06,-0.4751668870449066,36109693.39229315,65.14527501980885,True
297600.0,4.8469376084284845e-06,-8.883537645942852e-06,-2.8694735476619826e-06,-0.4355984851717949,36160542.480449155,63.91399605444332,True
297900.0,4.85879131247877e-06,-8.610175370904471e-06,-2.829261205761213e-06,-0.3963034376502037,36213425.57845222,62.69230920473266,True
298200.0,4.865933314487713e-06,-8.352372532272057e-06,-2.7882755873065435e-06,-0.35660383105278015,36268236.385461345,61.48105456061767,True
298500.0,4.870723606766981e-06,-8.114053770214014e-06,-2.746513864337885e-06,-0.3174176439642906,36324865.151849315,60.28102096218506,True
298800.0,4.871923159847376e-06,-7.889907152502929e-06,-2.704045684254197e-06,-0.277202770113945,36383198.95056839,59.092955144568165,True
299100.0,4.871350549352736e-06,-7.68294012232218e-06,-2.660428634726486e-06,-0.23806043714284897,36443121.96200729,57.91756872239442,True
299400.0,4.867761789389374e-06,-7.488095889129909e-06,-2.6160148607345945e-06,-0.1993434578180313,36504515.74864927,56.755543588267685,True
299700.0,4.861242019261724e-06,-7.3049963305038546e-06,-2.5700994825683665e-06,-0.16026591509580612,36567259.54003011,55.60753612665312,True
300000.0,4.852255070536786e-06,-7.132605048809637e-06,-2.523322585545884e-06,-0.12193544209003448,36631230.51746336,54.4741805424036,True
300300.0,4.840775874317303e-06,-6.970820663809718e-06,-2.4746005777842583e-06,-0.08395099639892578,36696304.09276876,53.35609150612812,True
300600.0,4.8269788805288376e-06,-6.819039896299728e-06,-2.4237073859012526e-06,-0.0452449768781662,36762354.189826965,52.253866282999645,True
300900.0,4.809970132798265e-06,-6.672417214304005e-06,-2.3730034897084806e-06,-0.007831752300262451,36829253.52682064,51.16808645359852,True
301200.0,4.791279287524274e-06,-6.535256574125015e-06,-2.320059287796994e-06,0.030015237629413605,36896873.88493745,50.09931930443475,True
301500.0,4.770634545902993e-06,-6.405340172932483e-06,-2.265811772872439e-06,0.06761990487575531,36965086.386383675,49.04811897734096,True
301800.0,4.746211173930654e-06,-6.279168815126468e-06,-2.209863218638475e-06,0.10360360145568848,37033761.760266565,48.01502739815721,True
302100.0,4.720832034289664e-06,-6.160436129221125e-06,-2.152861107163062e-06,0.14081399887800217,37102770.60038622,47.00057504175359,True
302400.0,4.6936239309758426e-06,-6.047332220759927e-06,-2.0943976934972852e-06,0.1762387454509735,37171983.63266432,46.00528155016623,True
302700.0,4.66317857715987e-06,-5.937139377465428e-06,-2.0343713558190757e-06,0.21219415217638016,37241271.95545918,45.02965623352442,True
303000.0,4.631664364828708e-06,-5.832903184455063e-06,-1.9726329725244796e-06,0.24784085154533386,37310507.29330911,44.074198465332444,True
303300.0,4.598391275832758e-06,-5.732362694743642e-06,-1.9102036219464935e-06,0.2819090411067009,37379562.23286934,43.13939798834364,True
303600.0,4.562992158845253e-06,-5.6353792103891465e-06,-1.8457653894188297e-06,0.3162824884057045,37448310.45109115,42.22573513481063,True
303900.0,4.525365384374193e-06,-5.540571009987616e-06,-1.7807261443181233e-06,0.3509761691093445,37516626.94485512,41.33368098232141,True
304200.0,4.4859968324762556e-06,-5.448496295912264e-06,-1.71480903787824e-06,0.38392213732004166,37584388.24843645,40.463697433451415,True
304500.0,4.444927188354744e-06,-5.359401512805562e-06,-1.647023772477496e-06,0.41723617166280746,37651472.63696514,39.61623723915499,True
304800.0,4.402852007005028e-06,-5.273202106081953e-06,-1.5787101617092958e-06,0.45019663125276566,37717760.335525244,38.79174396677379,True
305100.0,4.358267190804713e-06,-5.187875132151021e-06,-1.5091915201992379e-06,0.4817503094673157,37783133.710990764,37.99065190676402,True
305400.0,4.312232555185184e-06,-5.104427515334464e-06,-1.4388346869509405e-06,0.513599656522274,37847477.45549069,37.21338593608667,True
305700.0,4.2651952823008185e-06,-5.023059429731802e-06,-1.3679197934379772e-06,0.5454646944999695,37910678.76988721,36.4603613295621,True
306000.0,4.217008480928116e-06,-4.942975863286847e-06,-1.2973110656844256e-06,0.5760203450918198,37972627.533771776,35.73198352795374,True
306300.0,4.167196516167576e-06,-4.864289650186038e-06,-1.2246084537537172e-06,0.6061244010925293,38033216.46539449,35.0286478592173,True
306600.0,4.115232454001703e-06,-4.785384447814067e-06,-1.1516301228198245e-06,0.6358970180153847,38092341.28001797,34.35073923158427,True
306900.0,4.062512010826246e-06,-4.708127164576581e-06,-1.0775205296909007e-06,0.6658969670534134,38149900.83652265,33.69863177571759,True
307200.0,4.008324713434283e-06,-4.630753636547524e-06,-1.0042849893920902e-06,0.6951030492782593,38205797.27964294,33.07268846585547,True
307500.0,3.953454086928941e-06,-4.5543310704943e-06,-9.311834290315346e-07,0.724124439060688,38259936.169513084,32.4732606996944,True
307800.0,3.8969654204221795e-06,-4.477800700897205e-06,-8.572952765462105e-07,0.7521851435303688,38312226.61009129,31.900687859865727,True
308100.0,3.83895252523593e-06,-4.400733217835295e-06,-7.840366009759236e-07,0.7796858623623848,38362581.364781864,31.35529685256427,True
308400.0,3.7801016357670516e-06,-4.323977520925837e-06,-7.107715873644338e-07,0.8068407028913498,38410916.96888826,30.837401620478495,True
308700.0,3.7210887118617714e-06,-4.2482859896608716e-06,-6.368849163607138e-07,0.8345061242580414,38457153.83291507,30.34730264762153,True
309000.0,3.6597510877409393e-06,-4.170555683913335e-06,-5.643608602667882e-07,0.8602738603949547,38501216.34378568,29.8852864545431,True
309300.0,3.5976324036577736e-06,-4.092631854746287e-06,-4.926210372957485e-07,0.886398121714592,38543032.94754576,29.451625080286743,True
309600.0,3.5345901273410268e-06,-4.014340163394081e-06,-4.2091991758752556e-07,0.9126446843147278,38582536.24060488,29.046575571147482,True
309900.0,3.47050840641971e-06,-3.935411598376959e-06,-3.4907963453179036e-07,0.9375299364328384,38619663.04618711,28.670379471869982,True
310200.0,3.406313532397607e-06,-3.8565716522498406e-06,-2.7884104625286454e-07,0.9628261402249336,38654354.48125019,28.32326232648108,True
310500.0,3.3396090628924003e-06,-3.7750333490293997e-06,-2.1018084694901518e-07,0.9874290227890015,38686556.0279093,28.00543318802962,True
310800.0,3.2732269335763776e-06,-3.694007034482638e-06,-1.4216580268566759e-07,1.010528802871704,38716217.58955117,27.71708415168116,True
311100.0,3.205307006279068e-06,-3.6112460293225013e-06,-7.521080647165945e-08,1.0348314717411995,38743293.54101299,27.458389912806417,True
311400.0,3.1366055025853337e-06,-3.527501405642397e-06,-1.085816236923165e-08,1.057531252503395,38767742.785239235,27.229507350790037,True
311700.0,3.067111753871639e-06,-3.442699238576097e-06,5.4191183096463647e-08,1.0808514654636383,38789528.78470635,27.03057513967848,True
312000.0,2.9968589576261633e-06,-3.3568038020348467e-06,1.1624617712868712e-07,1.1032832339406013,38808619.60658384,26.86171341332331,True
312300.0,2.926726060742494e-06,-3.2707525008390803e-06,1.7638791760532513e-07,1.1252566054463387,38824987.947987765,26.723023447398543,True
312600.0,2.8545169502740637e-06,-3.181878753366618e-06,2.3620375699806573e-07,1.146507941186428,38838611.16414283,26.614587401297918,True
312900.0,2.783310446812432e-06,-3.0937390818053245e-06,2.9329395800914426e-07,1.1682182401418686,38849471.28644981,26.536468107058802,True
313200.0,2.7094817384053007e-06,-3.002203754931543e-06,3.4801082904323266e-07,1.188519187271595,38857555.04192271,26.488708896320894,True
313500.0,2.635586132559679e-06,-2.9100835945428116e-06,4.0047105542839745e-07,1.208837814629078,38862853.85657543,26.47133348823154,True
313800.0,2.5618303314839034e-06,-2.8173277826226695e-06,4.518530793973241e-07,1.2287095412611961,38865363.865169205,26.484345925694186,True
314100.0,2.4877911078352827e-06,-2.7236312405420904e-06,5.007067152007494e-07,1.248282179236412,38865085.908127934,26.527730570076084,True
314400.0,2.4119133210774786e-06,-2.627328399285034e-06,5.463994767751501e-07,1.2676750123500824,38862025.52647722,26.601452142517413,True
314700.0,2.3368192669995624e-06,-2.5309238935733447e-06,5.906304352265579e-07,1.2862470969557762,38856192.95176184,26.705455820596974,True
315000.0,2.259772131551159e-06,-2.4314571476224955e-06,6.32244390175174e-07,1.3042637780308723,38847603.08845108,26.839667394233643,True
315300.0,2.18391067953084e-06,-2.3326965106207354e-06,6.70691747473029e-07,1.3215067461133003,38836275.49427486,27.003993464030675,True
315600.0,2.107238185596744e-06,-2.231760817039685e-06,7.072832879373436e-07,1.3390139266848564,38822234.3522822,27.198321690928022,True
315900.0,2.0307421524703416e-06,-2.1303946198258927e-06,7.402626991392935e-07,1.3563242480158806,38805508.44221484,27.422521098650687,True
316200.0,1.953986658769578e-06,-2.027507889579283e-06,7.70802309091323e-07,1.3724956586956978,38786131.10288581,27.67644240888935,True
316500.0,1.877728395422796e-06,-1.9233718546729506e-06,7.998200182157689e-07,1.388713538646698,38764140.18769462,27.959918425935367,True
316800.0,1.8006527543125978e-06,-1.8178077141328686e-06,8.242062214947055e-07,1.4034727439284325,38739578.02223564,28.272764458428522,True
317100.0,1.7237957166299094e-06,-1.7099462183978176e-06,8.47462711561775e-07,1.418474219739437,38712491.34579025,28.61477875914492,True
317400.0,1.647775062314114e-06,-1.6022857494135678e-06,8.664439334893359e-07,1.433034896850586,38682931.25882736,28.985743016802903,True
317700.0,1.5733884501365587e-06,-1.4946481030619907e-06,8.828643487390764e-07,1.4471460059285164,38650953.1562936,29.38542284669016,True
318000.0,1.4993847508944572e-06,-1.3845345847585122e-06,8.972519296435166e-07,1.4603315889835358,38616616.659450956,29.813568317757543,True
318300.0,1.4255656436042506e-06,-1.271594584295599e-06,9.089210557533534e-07,1.4730224832892418,38579985.53945065,30.269914487851914,True
318600.0,1.354734580573819e-06,-1.1598963851611188e-06,9.174623478713784e-07,1.4854891523718834,38541127.63749897,30.754181946808675,True
318900.0,1.285094956965e-06,-1.0458333292717725e-06,9.232198401321057e-07,1.4982286021113396,38500114.77761513,31.266077365188234,True
319200.0,1.2173556478632245e-06,-9.304955312927632e-07,9.255420145848348e-07,1.5091214627027512,38457022.67655771,31.80529404520502,True
319500.0,1.15298586959514e-06,-8.141941236772254e-07,9.254702248995272e-07,1.5202079638838768,38411930.83796204,32.37151246265262,True
319800.0,1.0917054099902367e-06,-6.959562881547754e-07,9.224238510796567e-07,1.530112773180008,38364922.45454923,32.964400805907616,True
320100.0,1.0352764256173223e-06,-5.75648101630577e-07,9.175068953481968e-07,1.5396287813782692,38316084.290789075,33.58361549523755,True
320400.0,9.843040724638285e-07,-4.549907544060261e-07,9.095817929960504e-07,1.548824779689312,38265506.56754656,34.22880169235944,True
320700.0,9.399350216764466e-07,-3.3273644817199965e-07,8.994474711698786e-07,1.5564454346895218,38213282.83784299,34.89959378126585,True
321000.0,9.023333031062553e-07,-2.0899076957903162e-07,8.861861076070454e-07,1.5654980838298798,38159509.84974258,35.595615832890765,True
321300.0,8.722018336534667e-07,-8.291681297123432e-08,8.696392086449123e-07,1.5720912367105484,38104287.41921348,36.31648203657883,True
321600.0,8.531556168847656e-07,4.4706098378810566e-08,8.524094141648675e-07,1.579101137816906,38047718.27131063,37.06179710217485,True
321900.0,8.43728762397214e-07,1.7625262671572273e-07,8.321654334508821e-07,1.5848781988024712,37989907.899404675,37.83115663945537,True
322200.0,8.438832875895167e-07,3.083287083427422e-07,8.087730591910258e-07,1.5898500233888626,37930964.39955121,38.62414748814267,True
322500.0,8.551619462646846e-07,4.4400098886399064e-07,7.834056177102866e-07,1.5942715853452682,37870998.3067171,39.440348019352925,True
322800.0,8.774527668983305e-07,5.803885869681835e-07,7.575419260774652e-07,1.5985342487692833,37810122.42143936,40.27932839878393,True
323100.0,9.086616505176522e-07,7.222759563774162e-07,7.278676008581897e-07,1.601760096848011,37748451.63119893,41.14065081399551,True
323400.0,9.474982240556015e-07,8.657930266053881e-07,6.957640295013334e-07,1.6049608066678047,37686102.7202633,42.02386964556899,True
323700.0,9.953658461174047e-07,1.0137291326373088e-06,6.631807423218561e-07,1.6069485545158386,37623194.17987096,42.928531608840835,True
324000.0,1.0487624167658275e-06,1.1654383342829533e-06,6.273944777035467e-07,1.6074921786785126,37559846.00435418,43.85417585212962,True
324300.0,1.1094344817369514e-06,1.3227168835783232e-06,5.915724585747739e-07,1.6080464869737625,37496179.48299484,44.80033399277095,True
324600.0,1.173253567753309e-06,1.4836182629096584e-06,5.52635960104908e-07,1.6069776490330696,37432316.990847275,45.76653012736024,True
324900.0,1.2408442655142839e-06,1.6491367773596721e-06,5.128273841137343e-07,1.60641910135746,37368381.76158833,46.752280767184594,True
325200.0,1.3134714899190848e-06,1.8232225613701303e-06,4.720690682802342e-07,1.6047421842813492,37304497.668644644,47.75709473838417,True
325500.0,1.3858811651182538e-06,1.999994026391505e-06,4.287639185918124e-07,1.6019648760557175,37240788.987550244,48.78047301478778,True
325800.0,1.462533604410164e-06,2.1869545321351325e-06,3.850076666367386e-07,1.5988359600305557,37177380.15911734,49.82190848162917,True
326100.0,1.540168626810896e-06,2.3807377260709472e-06,3.4036031593132066e-07,1.5943925231695175,37114395.54898889,50.88088563826917,True
326400.0,1.619512754345283e-06,2.5840526234333083e-06,2.9491793895886076e-07,1.5893349051475525,37051959.196642585,51.95688020891734,True
326700.0,1.700572837813647e-06,2.7984984569684457e-06,2.4894745109804717e-07,1.5829096511006355,36990194.5666181,53.04935866044013,True
327000.0,1.7814428404602868e-06,3.022796704499342e-06,2.014642035419456e-07,1.5767421126365662,36929224.28903814,54.15777760671876,True
327300.0,1.863603511039014e-06,3.26085773849627e-06,1.5434316225082512e-07,1.569159135222435,36869169.90644472,55.28158306877267,True
327600.0,1.9453552491371874e-06,3.5120373809149896e-06,1.0536265193650252e-07,1.5604972839355469,36810151.60706746,56.420209574938184,True
327900.0,2.0282906987307947e-06,3.780967404054536e-06,5.8621019149995846e-08,1.5505688712000847,36752287.96401279,57.57307902935394,True
328200.0,2.110369787314869e-06,4.066722368634146e-06,1.1605720828811172e-08,1.5410532429814339,36695695.668316685,58.73959933112662,True
328500.0,2.192873766823839e-06,4.37449313039906e-06,-3.5314755564286315e-08,1.5290740057826042,36640489.27035684,59.91916261930371,True
328800.0,2.2755436693858705e-06,4.707108956836237e-06,-8.212204960500458e-08,1.5177557840943336,36586780.90463137,61.11114307072452,True
329100.0,2.3568311903764874e-06,5.06525728383167e-06,-1.2752282430028572e-07,1.5041533336043358,36534680.03835431,62.31489408414761,True
329400.0,2.437757430422151e-06,5.45543679209004e-06,-1.7218254555473322e-07,1.4898626878857613,36484293.199438795,63.52974465270111,True
329700.0,2.51752089405173e-06,5.881545490638018e-06,-2.1387351978319202e-07,1.4755556508898735,36435723.72354124,64.75499461881532,True
330000.0,2.5967903000554165e-06,6.351183486685841e-06,-2.545816784049748e-07,1.4593952670693398,36389071.50115284,65.98990841292276,True
330300.0,2.6759865656197708e-06,6.8742074574856815e-06,-2.9084526431688573e-07,1.4430432468652725,36344432.72199494,67.2337066393582,True
330600.0,2.753188875778325e-06,7.4547626809362555e-06,-3.250923299447095e-07,1.4248430207371712,36301899.638119884,68.48555464990415,True
330900.0,2.830162557481328e-06,8.110395611993226e-06,-3.5451860469493113e-07,1.406702145934105,36261560.320190616,69.74454671185515,True
331200.0,2.9047384194480174e-06,8.850222144474174e-06,-3.787781679420732e-07,1.3867016285657883,36223498.43591135,71.00968373927276,True
331500.0,2.9777134772447467e-06,9.696208536524864e-06,-3.963472039458793e-07,1.3660104796290398,36187793.0230297,72.27984130053377,True
331800.0,3.0508252432150725e-06,1.0679706548444301e-05,-4.0668206224836467e-07,1.345169447362423,36154518.28283166,73.55372266963474,True
332100.0,3.121488077303338e-06,1.1827237472061825e-05,-4.054860056612597e-07,1.3221834748983383,36123743.38265827,74.82978820324303,True
332400.0,3.1905517015206233e-06,1.3185711821961377e-05,-3.934052159593193e-07,1.2996547743678093,36095532.26115136,76.10614616597167,True
332700.0,3.258478693455427e-06,1.4822492573784984e-05,-3.6135381265012256e-07,1.2749771624803543,36069943.46311282,77.38037856283711,True
333000.0,3.32392250248114e-06,1.681604422287819e-05,-3.0777322024277964e-07,1.2501125931739807,36047029.96831671,78.64925338648248,True
333300.0,3.3885163695817823e-06,1.929599460481768e-05,-2.2336001848088927e-07,1.2251790836453438,36026839.05085418,79.90822970096217,True
333600.0,3.4494447943627576e-06,2.241417345771879e-05,-9.413102475264168e-08,1.1987282484769821,36009412.14688229,81.15056756688297,True
333900.0,3.5099308139675436e-06,2.6409399879412376e-05,9.999003225402703e-08,1.170499637722969,35994784.735671416,82.3656475007703,True
334200.0,3.5674833873570144e-06,3.1497799966473394e-05,3.892471198696512e-07,1.1433506980538368,35982986.23786161,83.5356401863744,True
334500.0,3.624400255388124e-06,3.7699840333971224e-05,8.257356398644333e-07,1.1139642894268036,35974039.9418544,84.62867360178748,True
334800.0,3.6776263793031673e-06,4.376764368885233e-05,1.4743878864464932e-06,1.0849680230021477,35967962.926148444,85.58512240991993,True
335100.0,3.7288478872893583e-06,4.471338226608168e-05,2.358083449394144e-06,1.0548140630126,35964766.021624625,86.2960219524004,True
335400.0,3.7773579499223806e-06,3.197633452600712e-05,3.2677277630455137e-06,1.0230807214975357,35964453.77637787,86.60281362837313,True
335700.0,3.824964578195531e-06,9.327342070264422e-06,3.7798834426894246e-06,0.9925157874822617,35967024.44193881,86.4009045922113,True
336000.0,3.8694080516530965e-06,-7.326515515160281e-06,3.8313667687361885e-06,0.9603817313909531,35972469.988389924,85.76341483142332,True
336300.0,3.911146750121018e-06,-1.4595335699141287e-05,3.6852915741292236e-06,0.9271443784236908,35980776.120299965,84.85111240308056,True
336600.0,3.949656373622399e-06,-1.6704827828561974e-05,3.511396172939385e-06,0.8942992836236954,35991922.32154945,83.78560786168623,True
336900.0,3.986150186529401e-06,-1.6690412280695455e-05,3.363299811098841e-06,0.861149325966835,36005881.91900342,82.6350193753681,True
337200.0,4.020913811004111e-06,-1.593114143361163e-05,3.246398250666971e-06,0.8275369182229042,36022622.15770272,81.43561330251563,True
337500.0,4.0531668148091965e-06,-1.4941854971084467e-05,3.1574949161949917e-06,0.7934990748763084,36042104.29618928,80.207430716519,True
337800.0,4.08182933414683e-06,-1.3937437586264423e-05,3.0888437834164506e-06,0.7589571326971054,36064283.71834978,78.96224416295028,True
338100.0,4.1070291654830955e-06,-1.29942819455664e-05,3.0354559470424647e-06,0.7237707227468491,36089110.06086246,77.70742462308448,True
338400.0,4.131904579298817e-06,-1.2145121360163103e-05,2.9955167946127403e-06,0.6894226223230362,36116527.354319245,76.44787475530148,True
338700.0,4.1539118386011555e-06,-1.1382513719127019e-05,2.9641663559232256e-06,0.6542618423700333,36146474.18536464,75.18704213786164,True
339000.0,4.171336111116002e-06,-1.069775720452526e-05,2.937394796731496e-06,0.6195636764168739,36178883.86180029,73.92747704984355,True
339300.0,4.18801035476837e-06,-1.0090781046301345e-05,2.9164759496325132e-06,0.5838371515274048,36213684.60237674,72.67115389631522,True
339600.0,4.202610892111331e-06,-9.547193400294418e-06,2.8996219469945572e-06,0.5482783988118172,36250799.72748063,71.41966419943071,True
339900.0,4.212927228562706e-06,-9.054200006630708e-06,2.88424074312843e-06,0.5140072852373123,36290147.86914715,70.17433674471812,True
340200.0,4.222764893774971e-06,-8.615608464879188e-06,2.871141759897e-06,0.4784001037478447,36331643.19212327,68.93631481530285,True
340500.0,4.2281543886870654e-06,-8.213996551376113e-06,2.8579694628660945e-06,0.4439893364906311,36375195.61152638,67.70660727829282,True
340800.0,4.2316741304811304e-06,-7.851614469700507e-06,2.8450107549815584e-06,0.40889670699834824,36420711.037134334,66.48612321945112,True
341100.0,4.234348232831338e-06,-7.522644466462225e-06,2.8337428261693276e-06,0.3747127875685692,36468091.60739099,65.27569596959056,True
341400.0,4.233824519687184e-06,-7.221408935720319e-06,2.8210651947802035e-06,0.34008558839559555,36517235.94386237,64.07610011192808,True
341700.0,4.23087515657707e-06,-6.945932653934506e-06,2.807149876105086e-06,0.30651722848415375,36568039.398652814,62.888063726661855,True
342000.0,4.224377305203203e-06,-6.689987912977813e-06,2.7917811067368348e-06,0.2727627232670784,36620394.31741018,61.712277371890984,True
342300.0,4.217530769773367e-06,-6.457215761201951e-06,2.776322780562168e-06,0.23952554911375046,36674190.29527077,60.54940075952717,True
342600.0,4.209048824966754e-06,-6.241795659889249e-06,2.7605599868252284e-06,0.20671464502811432,36729314.442552835,59.40006779539873,True
342900.0,4.1966444314905775e-06,-6.0404853741147235e-06,2.7416950914016525e-06,0.17385511845350266,36785651.648712,58.264890428305044,True
343200.0,4.182613060408624e-06,-5.8532970115265925e-06,2.7221601257565453e-06,0.14205971360206604,36843084.84529425,57.14446161655204,True
343500.0,4.1676479602985554e-06,-5.681128243395506e-06,2.7013859877911273e-06,0.11138851940631866,36901495.27324287,56.039357659698325,True
343800.0,4.150740051415449e-06,-5.519642826357085e-06,2.6796575767207287e-06,0.08045686036348343,36960762.74692703,54.95014002694848,True
344100.0,4.131009522488457e-06,-5.3689346373175795e-06,2.6547253426656425e-06,0.04980084300041199,37020765.91265622,53.87735681704389,True
344400.0,4.110578248612172e-06,-5.227709891642007e-06,2.6300044808635903e-06,0.020077325403690338,37081382.50992602,52.82154391527516,True
344700.0,4.086676594679871e-06,-5.093800751865274e-06,2.6020631622714063e-06,-0.008618161082267761,37142489.628483534,51.78322594218645,True
345000.0,4.062648618061542e-06,-4.969438379021085e-06,2.5738372286809863e-06,-0.03707951307296753,37203963.961397894,50.76291699379592,True
345300.0,4.037259390868418e-06,-4.854134829201939e-06,2.543057135540039e-06,-0.06490691006183624,37265682.05155128,49.76112125842456,True
345600.0,4.009583265373606e-06,-4.742067204688283e-06,2.512322929248967e-06,-0.09209005534648895,37327520.53714985,48.778333489690965,True
345900.0,3.9143352985659585e-06,-4.559496431966181e-06,2.4387033263906233e-06,-0.6427624076604843,37389356.91432195,47.81503943756698,True
346200.0,3.877403295173221e-06,-4.450922858723061e-06,2.403249446558675e-06,-0.6747126430273056,37451067.68005554,46.87171597129708,True
346500.0,3.8383232344720315e-06,-4.347415540451038e-06,2.3655118539522846e-06,-0.7053522542119026,37512531.68575002,45.948831541827985,True
346800.0,3.7980657345436055e-06,-4.247976619353722e-06,2.3275320018001366e-06,-0.7363451272249222,37573628.283387445,45.04684616663003,True
347100.0,3.756501775807898e-06,-4.153748676571922e-06,2.2876727143739117e-06,-0.7671178802847862,37634238.054255754,44.16621156390477,True
347400.0,3.7109820605102512e-06,-4.059875067241592e-06,2.2457628858774115e-06,-0.7972816377878189,37694243.020056516,43.307371179860475,True
347700.0,3.6665577694515704e-06,-3.97277167962784e-06,2.2037194611357336e-06,-0.8282566070556641,37753526.846523084,42.470760169062736,True
348000.0,3.6178981412535814e-06,-3.885776607148728e-06,2.1588232002045515e-06,-0.8584585711359978,37811975.03377783,41.65680533408871,True
348300.0,3.570421150413874e-06,-3.8035480827147694e-06,2.115230124388745e-06,-0.8885106071829796,37869475.10979511,40.865925001771195,True
348600.0,3.51952175431604e-06,-3.7210242567198293e-06,2.0700990930322405e-06,-0.9186173230409622,37925916.80904089,40.09852888216298,True
348900.0,3.468216472611303e-06,-3.643236766492919e-06,2.0230335948667744e-06,-0.9478440508246422,37981192.24599336,39.3550178638295,True
349200.0,3.413924721560688e-06,-3.5646673666178685e-06,1.975247634788957e-06,-0.9777836352586746,38035196.086014524,38.63578378126961,True
349500.0,3.359412729137254e-06,-3.4885611057688948e-06,1.9277991043509246e-06,-1.006812371313572,38087825.69978422,37.941209147325644,True
349800.0,3.3027791018952726e-06,-3.4141322942105035e-06,1.8780157517994667e-06,-1.0356932803988457,38138981.32208515,37.2716668537309,True
350100.0,3.2468589740152913e-06,-3.342269735640002e-06,1.8296157264785506e-06,-1.0648209005594254,38188566.19528101,36.62751982668232,True
350400.0,3.187029187248646e-06,-3.269358273882972e-06,1.7784617512006662e-06,-1.093335084617138,38236486.70777876,36.00912067804757,True
350700.0,3.1263650144950113e-06,-3.196199742205863e-06,1.7289715543711281e-06,-1.1215877085924149,38282652.529035,35.41681129992058,True
351000.0,3.064297149140483e-06,-3.1249908545305516e-06,1.677280188516761e-06,-1.1494257375597954,38326976.73365751,34.85092246936679,True
351300.0,3.00202080539113e-06,-3.0554493832823937e-06,1.6256773207601327e-06,-1.1771838888525963,38369375.92159064,34.311773401983395,True
351600.0,2.937683545467142e-06,-2.9837081285677414e-06,1.5755755171653618e-06,-1.2038993388414383,38409770.32900021,33.79967131037773,True
351900.0,2.871923416588642e-06,-2.9128200651484804e-06,1.5241082067518619e-06,-1.2312386557459831,38448083.93845534,33.314910946022465,True
352200.0,2.8048389046038124e-06,-2.8426623543964524e-06,1.4714238218971332e-06,-1.2575696483254433,38484244.57295087,32.85777412116475,True
352500.0,2.737686159833789e-06,-2.772304071640974e-06,1.4210399754688297e-06,-1.2835883796215057,38518183.99529293,32.42852923233066,True
352800.0,2.667860195408791e-06,-2.7005353899767215e-06,1.3695527556478737e-06,-1.3106488212943077,38549837.9941077,32.02743079316821,True
353100.0,2.596219897051046e-06,-2.627039435765255e-06,1.3189946308500566e-06,-1.3359651938080788,38579146.46075444,31.654718947473807,True
353400.0,2.5259933780958087e-06,-2.5564199006566923e-06,1.2689794459674886e-06,-1.3619872406125069,38606053.47455185,31.310619009462624,True
353700.0,2.4530528313543354e-06,-2.483162205635381e-06,1.219251956285916e-06,-1.3863420709967613,38630507.362816125,30.995341004882416,True
354000.0,2.3781868327135563e-06,-2.4085354937142256e-06,1.1694452055621696e-06,-1.411387488245964,38652460.774856105,30.709079230357908,True
354300.0,2.3037566974808752e-06,-2.333933593945403e-06,1.1221607927325294e-06,-1.4355168417096138,38671870.73215981,30.452011828964093,True
354600.0,2.227676290357915e-06,-2.258573374547268e-06,1.0742484910508665e-06,-1.4593534767627716,38688698.68799871,30.224300401141146,True
354900.0,2.150069038215366e-06,-2.1819321034399763e-06,1.0266713275086659e-06,-1.4839583337306976,38702910.57365376,30.026089624377732,True
355200.0,2.072410376392797e-06,-2.103993466562315e-06,9.824830051741174e-07,-1.5072499439120293,38714476.83753534,29.857506915723636,True
355500.0,1.9929162252001356e-06,-2.024793531063551e-06,9.378108352109393e-07,-1.5302353650331497,38723372.48885988,29.718662135553057,True
355800.0,1.911323504876428e-06,-1.9435886429164384e-06,8.931993882299594e-07,-1.552748441696167,38729577.12563443,29.609647308218147,True
356100.0,1.8293896928561605e-06,-1.8605956029205117e-06,8.519724907785076e-07,-1.5756672993302345,38733074.96396715,29.53053639556837,True
356400.0,1.7469950950531878e-06,-1.777458805918286e-06,8.110715263853763e-07,-1.5972976759076118,38733854.85642542,29.481385120111252,True
356700.0,1.6642072658554712e-06,-1.693119088486128e-06,7.722843164970072e-07,-1.6186459586024284,38731910.31419159,29.46223081170059,True
357000.0,1.580120693946484e-06,-1.6066724128904752e-06,7.35041336241693e-07,-1.6401853784918785,38727239.515634224,29.47309231791635,True
357300.0,1.4952370831600296e-06,-1.5186226107744005e-06,6.994387007352998e-07,-1.6600868850946426,38719845.31127144,29.513969950336918,True
357600.0,1.4100131142462623e-06,-1.4292745618149638e-06,6.657723936598359e-07,-1.6810335293412209,38709735.232238196,29.584845480785326,True
357900.0,1.3235242452987236e-06,-1.33808512714495e-06,6.327585175824879e-07,-1.7010772302746773,38696921.477699675,29.68568218524039,True
358200.0,1.236029359660619e-06,-1.2437356531336263e-06,6.02764938406608e-07,-1.7208257168531418,38681420.913470104,29.816424926453013,True
358500.0,1.1483946896839668e-06,-1.1487815356758801e-06,5.732167416283573e-07,-1.7396174743771553,38663255.054456554,29.97700029497968,True
358800.0,1.0620732788768722e-06,-1.0529025757932686e-06,5.471335775553143e-07,-1.7582832649350166,38642450.04847616,30.16731677407334,True
359100.0,9.745757484440958e-07,-9.535463618703943e-07,5.226880439579418e-07,-1.776971973478794,38619036.649865076,30.387264966487084,True
359400.0,8.888930516220249e-07,-8.532274193839839e-07,5.01182288559221e-07,-1.7945002168416977,38593050.18926793,30.636717841311896,True
359700.0,8.03447732216918e-07,-7.496396392525639e-07,4.81565692211916e-07,-1.8118163645267487,38564530.54211871,30.915531029852875,True
360000.0,7.185501061867026e-07,-6.433370458580612e-07,4.6222141136809114e-07,-1.8282366916537285,38533522.08438048,31.223543146589858,True
360300.0,6.39644149289302e-07,-5.358352552775614e-07,4.4797410581054464e-07,-1.8447808474302292,38500073.64977298,31.560576133734845,True
360600.0,5.649826517231337e-07,-4.2688645862654084e-07,4.3351651513034994e-07,-1.8607975542545319,38464238.47457115,31.92643565438608,True
360900.0,4.994557913279838e-07,-3.14501249931709e-07,4.228711176779143e-07,-1.8764249086380005,38426074.142404094,32.32091147064512,True
361200.0,4.461141635176287e-07,-1.99708921400088e-07,4.1328239319682325e-07,-1.890356533229351,38385642.51840315,32.7437778741142,True
361500.0,4.1394228132494e-07,-8.279093322016706e-08,4.081034319369792e-07,-1.904780462384224,38343009.68443745,33.194794099900726,True
361800.0,4.042999441249752e-07,3.864008135678887e-08,4.03019107864111e-07,-1.9180509820580482,38298245.85586307,33.67370477540609,True
362100.0,4.2281547398551745e-07,1.6185842355298519e-07,4.0105280874058735e-07,-1.9307265356183052,38251425.30528044,34.180240344040755,True
362400.0,4.671012363519171e-07,2.879120017951209e-07,4.0270754197990755e-07,-1.9430901110172272,38202626.27127524,34.71411751311499,True
362700.0,5.281111116962745e-07,4.165995051153004e-07,4.040152603579372e-07,-1.9548325836658478,38151930.86267955,35.275039688783885,True
363000.0,6.053876950573296e-07,5.495051880188839e-07,4.1009008810988234e-07,-1.9659265726804733,38099424.95723756,35.86269738618443,True
363300.0,6.915967438290867e-07,6.860918233542179e-07,4.17072733682744e-07,-1.976039968430996,38045198.09188202,36.476768657716526,True
363600.0,7.844726947812582e-07,8.261868913450598e-07,4.2587769399915487e-07,-1.9856375008821487,37989343.34763079,37.11691947202687,True
363900.0,8.825320172899533e-07,9.690423325992015e-07,4.385237062365377e-07,-1.9948370903730392,37931957.22503475,37.78280408902052,True
364200.0,9.84853719974584e-07,1.11741815089772e-06,4.523659882238462e-07,-2.0029603838920593,37873139.51298901,38.47406541182913,True
364500.0,1.0904841905416066e-06,1.271304228112058e-06,4.672140860861873e-07,-2.010000340640545,37812993.15201072,39.19033529713273,True
364800.0,1.197762284941773e-06,1.4275711066602526e-06,4.861097266939396e-07,-2.01662378013134,37751624.08849388,39.9312348395525,True
365100.0,1.308039885841149e-06,1.5916957067929616e-06,5.046174109679669e-07,-2.022491343319416,37689141.11962912,40.69637463183874,True
365400.0,1.4197656439165137e-06,1.760204327183601e-06,5.26301981551569e-07,-2.027906507253647,37625655.73392213,41.485354959785795,True
365700.0,1.533868571278389e-06,1.93567572637221e-06,5.503477993329398e-07,-2.0319776386022568,37561281.940436035,42.29776598249463,True
366000.0,1.6477226973131798e-06,2.1158590470804484e-06,5.751507643481091e-07,-2.034671865403652,37496136.094098836,43.13318785060994,True
366300.0,1.7651659988613804e-06,2.306474527813407e-06,6.018734595159003e-07,-2.0376486033201218,37430336.7119515,43.991190774763375,True
366600.0,1.8815149078225116e-06,2.5019783720381383e-06,6.293593202144621e-07,-2.038560040295124,37364004.275039144,44.87133504867199,True
366900.0,2.0003671478705393e-06,2.7073793944509816e-06,6.598618256248301e-07,-2.039123587310314,37297261.03629594,45.77317100272118,True
367200.0,2.119427338327994e-06,2.921713246450963e-06,6.90174275064237e-07,-2.03887926787138,37230230.8064167,46.6962389079257,True
367500.0,2.2397762808657783e-06,3.146663232200808e-06,7.221131426149441e-07,-2.0371185019612312,37163038.740318105,47.64006878969541,True
367800.0,2.359468186886693e-06,3.38114290343583e-06,7.538346977753463e-07,-2.034507170319557,37095811.11586888,48.604180181815366,True
368100.0,2.4815498012884046e-06,3.629909002711429e-06,7.877693590785384e-07,-2.0308257788419724,37028675.10151132,49.58808177474995,True
368400.0,2.6032913829857515e-06,3.891020639912313e-06,8.217059672688265e-07,-2.0260210633277893,36961758.52021372,50.59127097899239,True
368700.0,2.7243475710737742e-06,4.165455152360664e-06,8.552910273351699e-07,-2.0202159211039543,36895189.60569401,51.61323335495249,True
369000.0,2.8483210604674996e-06,4.460280536022765e-06,8.898276320223886e-07,-2.013686813414097,36829096.75226878,52.65344191063927,True
369300.0,2.9693106457591707e-06,4.768222538586997e-06,9.233744364678387e-07,-2.005549021065235,36763608.25746506,53.71135623816527,True
369600.0,3.092102384273803e-06,5.099051946899635e-06,9.57106351506809e-07,-1.9967754408717155,36698852.06347391,54.78642143801816,True
369900.0,3.215141104053653e-06,5.453335660376979e-06,9.895230164147506e-07,-1.9872311353683472,36634955.48763652,55.878066808574694,True
370200.0,3.33905118839123e-06,5.8340152691016556e-06,1.0224613617992873e-06,-1.9752622544765472,36572044.9510685,56.98570421638457,True
370500.0,3.46027104400743e-06,6.239651099804178e-06,1.0520461017904381e-06,-1.9629413783550262,36510245.70914875,58.10872609382657,True
370800.0,3.582397924426759e-06,6.679208979676332e-06,1.081077869002911e-06,-1.9495964869856834,36449681.56718325,59.246502920386305,True
371100.0,3.704822534211434e-06,7.157441984873003e-06,1.1071107337556896e-06,-1.9345259591937065,36390474.60288603,60.39838008880518,True
371400.0,3.8262579355865285e-06,7.675800588913262e-06,1.1316645469605646e-06,-1.9180431514978409,36332744.88561777,61.563673914181535,True
371700.0,3.94664191450167e-06,8.24202192006851e-06,1.1516598164007519e-06,-1.9006865918636322,36276610.19306836,62.74166655507977,True
372000.0,4.066217780201977e-06,8.863302952022423e-06,1.167774151156209e-06,-1.8828556388616562,36222185.72854593,63.93159943712649,True
372300.0,4.185305420623574e-06,9.54898712279828e-06,1.1799682226865116e-06,-1.8631266131997108,36169583.838078015,65.1326646817735,True
372600.0,4.303140253683497e-06,1.0308687052429377e-05,1.1865915325870446e-06,-1.8424197658896446,36118913.735489495,66.343993772577,True
372900.0,4.421374392821367e-06,1.1161555221406161e-05,1.1846781973190446e-06,-1.820088379085064,36070281.22256244,67.56464237463697,True
373200.0,4.535918034777102e-06,1.2111078632415229e-05,1.1755843729588378e-06,-1.7965677976608276,36023788.419982664,68.7935697052943,True
373500.0,4.650843943756441e-06,1.318988165621704e-05,1.1563452062546276e-06,-1.7721028849482536,35979533.49968546,70.02961008480241,True
373800.0,4.764297464266204e-06,1.4418055059195467e-05,1.1255939256216152e-06,-1.746207170188427,35937610.42436704,71.27143299075854,True
374100.0,4.8747121314887e-06,1.5824198641212206e-05,1.0788853899157402e-06,-1.7197207063436508,35898108.69715502,72.51748595964365,True
374400.0,4.984670859492961e-06,1.7457024938494214e-05,1.0145672888484114e-06,-1.6915722712874413,35861113.114672214,73.76591126040536,True
374700.0,5.093225669948213e-06,1.9368272717201762e-05,9.269277967405287e-07,-1.6625085324048996,35826703.53688065,75.01442157972001,True
375000.0,5.198049794843882e-06,2.161697725000522e-05,8.113078280302943e-07,-1.6315519511699677,35794954.66057731,76.26010992063817,True
375300.0,5.30147034778502e-06,2.43036166125421e-05,6.568855042132782e-07,-1.600555032491684,35765935.81299424,77.49915109065631,True
375600.0,5.403827500470871e-06,2.754440492935828e-05,4.529391617325018e-07,-1.5678177922964096,35739710.74752242,78.72631934710496,True
375900.0,5.502395640252084e-06,3.146467474834935e-05,1.8234590015708818e-07,-1.5338132232427597,35716337.4656121,79.9341857172273,True
376200.0,5.599082849551152e-06,3.6219619602206876e-05,-1.7913760075316532e-07,-1.4989182576537132,35695868.04570264,81.11174437226943,True
376500.0,5.692751036959269e-06,4.1881236626295504e-05,-6.672745342939379e-07,-1.462312988936901,35678348.48923811,82.24201332906676,True
376800.0,5.784714170504539e-06,4.823840694712089e-05,-1.329727510324119e-06,-1.4258392378687859,35663818.58838076,83.29785047581228,True
377100.0,5.873279820747537e-06,5.415101952621626e-05,-2.21573532144248e-06,-1.3876217156648636,35652311.800968416,84.23510279112799,True
377400.0,5.958557366108499e-06,5.6427910124057234e-05,-3.3410104975928334e-06,-1.3482232466340065,35643855.156141035,84.98394777626586,True
377700.0,6.0399399916074474e-06,4.9585312439148765e-05,-4.581958336302705e-06,-1.3089317083358765,35638469.170794696,85.44798767901972,True
378000.0,6.1197031904914e-06,3.128909827410098e-05,-5.614224079408814e-06,-1.2682538628578186,35636167.783397496,85.53581563499155,True
378300.0,6.195892163377606e-06,9.145477804395341e-06,-6.148959315055436e-06,-1.226363979279995,35636958.315269746,85.22580697772878,True
378600.0,6.268212858495549e-06,-7.426449144531944e-06,-6.228922941886594e-06,-1.1839604079723358,35640841.446026005,84.58580983172749,True
378900.0,6.337857349691266e-06,-1.6564972156629665e-05,-6.07299735122524e-06,-1.1413249298930168,35647811.20910748,83.71635453158066,True
379200.0,6.403830479543352e-06,-2.0640638012991985e-05,-5.842113210974276e-06,-1.0976918041706085,35657855.00753008,82.69987960362802,True
379500.0,6.466224765399415e-06,-2.2005045963169323e-05,-5.608564507042502e-06,-1.052936814725399,35670953.65176548,81.59073653430026,True
379800.0,6.525542802635406e-06,-2.2021818580242325e-05,-5.399778288506241e-06,-1.006965033710003,35687081.414926186,80.42249128774198,True
380100.0,6.5805777182797055e-06,-2.1435534904412634e-05,-5.217062508222625e-06,-0.9614157900214195,35706206.109556355,79.21592206506583,True
380400.0,6.631472469608186e-06,-2.0593312711980616e-05,-5.05935209105246e-06,-0.9150555953383446,35728289.17697581,77.98427861765815,True
380700.0,6.679922666515614e-06,-1.9673319968660508e-05,-4.924217236634831e-06,-0.8687513619661331,35753285.80454291,76.73634845693033,True
381000.0,6.722967457648042e-06,-1.8752087100892822e-05,-4.805099820259784e-06,-0.820930615067482,35781145.05112162,75.47820677238941,True
381300.0,6.7648270677056395e-06,-1.7880395631664214e-05,-4.701316839827996e-06,-0.772975854575634,35811809.99948719,74.21422853278685,True
381600.0,6.80061248361797e-06,-1.7061449341326806e-05,-4.606139327734127e-06,-0.7257871106266975,35845217.916110784,72.94768904838739,True
381900.0,6.833746528473401e-06,-1.6303090831115696e-05,-4.521418532021926e-06,-0.6771573796868324,35881300.42709928,71.68113092170314,True
382200.0,6.861982602127736e-06,-1.5605380355054876e-05,-4.441589311454663e-06,-0.628316842019558,35919983.71771267,70.41659483398965,True
382500.0,6.886946053890416e-06,-1.496515966437073e-05,-4.367386949866159e-06,-0.5791911780834198,35961188.73401512,69.15576877957943,True
382800.0,6.907991144889432e-06,-1.4381319402900772e-05,-4.294874727861497e-06,-0.5307268500328064,36004831.4039763,67.90008701166644,True
383100.0,6.925087227074396e-06,-1.3840620908922574e-05,-4.226820522035268e-06,-0.48165062069892883,36050822.864318,66.65079721892029,True
383400.0,6.9394837124183085e-06,-1.3345479942472593e-05,-4.161058470231183e-06,-0.4328605979681015,36099069.70520295,65.40900707532903,True
383700.0,6.949218794016796e-06,-1.2887521251059297e-05,-4.095730915310014e-06,-0.38357634097337723,36149474.21577654,64.17571715127,True
384000.0,6.955449910311086e-06,-1.2467200150467761e-05,-4.0295206673590656e-06,-0.3343503847718239,36201934.64453771,62.95184458131637,True
384300.0,6.957600221148675e-06,-1.2073604551687822e-05,-3.965569305819372e-06,-0.2848888635635376,36256345.461362146,61.73824036750343,True
384600.0,6.956768845245061e-06,-1.1712030243415938e-05,-3.899788843853003e-06,-0.23631896823644638,36312597.62969995,60.535702201087645,True
384900.0,6.9524153463002496e-06,-1.1374328835245251e-05,-3.834449778139515e-06,-0.18746095150709152,36370578.87740643,59.344984127950084,True
385200.0,6.943620716945831e-06,-1.1056459726432877e-05,-3.7689569509780085e-06,-0.13835186511278152,36430173.97837988,58.166803891278875,True
385500.0,6.932998432321082e-06,-1.0763674310965143e-05,-3.7017719876075716e-06,-0.08997659385204315,36491265.03291859,57.001848600236535,True
385800.0,6.916981751024385e-06,-1.0485802164339475e-05,-3.632795838370839e-06,-0.04124464839696884,36553731.74682987,55.85077914859191,True
386100.0,6.899342529044657e-06,-1.0227219490843709e-05,-3.5635358486274527e-06,0.005826987326145172,36617451.719287865,54.71423369192861,True
386400.0,6.876574873630229e-06,-9.981577278495024e-06,-3.4914755673298714e-06,0.05401343107223511,36682300.71723444,53.592830405369526,True
386700.0,6.851769114983325e-06,-9.750212797143831e-06,-3.419850550301362e-06,0.10068013519048691,36748152.96664046,52.48716970811384,True
387000.0,6.823460441910899e-06,-9.531329311585068e-06,-3.346127400050136e-06,0.14836562424898148,36814881.42092808,51.397836040069436,True
387300.0,6.792041464847585e-06,-9.323622634838102e-06,-3.2711115309780325e-06,0.19448833167552948,36882358.04745582,50.325399323385966,True
387600.0,6.757935166781914e-06,-9.125845338076033e-06,-3.1958361219608378e-06,0.24036137759685516,36950454.09118179,49.27041614423566,True
387900.0,6.721092818782868e-06,-8.938603087926822e-06,-3.1182056687839577e-06,0.2861384302377701,37019040.34823743,48.23343071831408,True
388200.0,6.680627396846459e-06,-8.759662364354881e-06,-3.0378156949950608e-06,0.3309654965996742,37087987.429551266,47.21497568758358,True
388500.0,6.637348372721092e-06,-8.587489389810798e-06,-2.9573619357847747e-06,0.3760380893945694,37157166.01629419,46.21557276650037,True
388800.0,6.592356509616089e-06,-8.42469654571687e-06,-2.87461641335085e-06,0.42031441628932953,37226447.116923615,45.23573325456057,True
389100.0,6.544070835708082e-06,-8.266808578127893e-06,-2.7912870592672334e-06,0.46359093487262726,37295702.31070294,44.275958459063574,True
389400.0,6.492793805152347e-06,-8.114068521081208e-06,-2.7068711077049556e-06,0.5067345947027206,37364803.98753847,43.33674000979151,True
389700.0,6.440252778602387e-06,-7.968249065015698e-06,-2.621750262221667e-06,0.5493159070611,37433625.58357709,42.41856010041407,True
390000.0,6.384010437298524e-06,-7.825865765198614e-06,-2.5347255956376102e-06,0.5911877974867821,37502041.80575652,41.52189165008195,True
390300.0,6.325926997315214e-06,-7.687895873687012e-06,-2.447975219865839e-06,0.6319124549627304,37569928.851189144,40.64719840473548,True
390600.0,6.2658784046094356e-06,-7.555091059430197e-06,-2.3589415718561213e-06,0.672847144305706,37637164.61639443,39.794934962895454,True
390900.0,6.204042875508397e-06,-7.426147561773178e-06,-2.2695721781929024e-06,0.7132883444428444,37703628.90484845,38.96554676067948,True
391200.0,6.139063119531987e-06,-7.2988895283288e-06,-2.179707166760636e-06,0.7522213160991669,37769203.6212081,38.15946998649194,True
391500.0,6.072109349809716e-06,-7.174534118803422e-06,-2.089440677366383e-06,0.7915892377495766,37833772.95623546,37.37713145341737,True
391800.0,6.003591271147499e-06,-7.0535728582399315e-06,-1.9980820482601303e-06,0.8299363255500793,37897223.57353926,36.61894841986482,True
392100.0,5.932435499795703e-06,-6.933980301937481e-06,-1.9061766423078552e-06,0.8677722364664078,37959444.7767856,35.88532836770219,True
392400.0,5.861063001690051e-06,-6.8181887513674155e-06,-1.8147158797887641e-06,0.9045086652040482,38020328.6775528,35.176668734750464,True
392700.0,5.787060324275749e-06,-6.703082220838041e-06,-1.7229557442988153e-06,0.9411223977804184,38079770.34972365,34.4933566058489,True
393000.0,5.710905255566404e-06,-6.589192111050579e-06,-1.6304064445193944e-06,0.9773769676685333,38137667.98165103,33.83576837095888,True
393300.0,5.633335947855805e-06,-6.476652714582087e-06,-1.5385369849241215e-06,1.0124396309256554,38193923.01734503,33.204269348917954,True
393600.0,5.553016599625104e-06,-6.363880430626523e-06,-1.4464824928950293e-06,1.046828217804432,38248440.28884651,32.59921337440116,True
393900.0,5.472582058170153e-06,-6.253737353745237e-06,-1.354699222133604e-06,1.081271879374981,38301128.144314535,32.02094236552378,True
394200.0,5.390599925632861e-06,-6.144149040210323e-06,-1.2634679116274583e-06,1.1135782301425934,38351898.57085673,31.46978586270847,True
394500.0,5.306627305487474e-06,-6.034275145339052e-06,-1.1732398803587785e-06,1.1465044915676117,38400667.29923347,30.94606054976868,True
394800.0,5.220155945655871e-06,-5.92355405615308e-06,-1.0832503285485018e-06,1.1790539920330048,38447353.91814928,30.450069757815307,True
395100.0,5.133770536511234e-06,-5.814602388909407e-06,-9.946128116666841e-07,1.2101191207766533,38491881.96934814,29.982102962591714,True
395400.0,5.045727912041718e-06,-5.7053616728808265e-06,-9.06602036110371e-07,1.2408606112003326,38534179.037263006,29.54243526851993,True
395700.0,4.9560594638870755e-06,-5.59557636847785e-06,-8.198928682645601e-07,1.2719964906573296,38574176.83718632,29.13132689795201,True
396000.0,4.865437288577558e-06,-5.486011701805182e-06,-7.338343763763078e-07,1.301813468337059,38611811.29628788,28.7490226775447,True
396300.0,4.7748333043131025e-06,-5.37734192107564e-06,-6.501689853166681e-07,1.330863580107689,38647022.62165389,28.395751539074197,True
396600.0,4.680904329817505e-06,-5.265916968255624e-06,-5.670547764680123e-07,1.3588340356945992,38679755.369992204,28.071726023473843,True
396900.0,4.586630980444114e-06,-5.154939032081529e-06,-4.849683961083429e-07,1.3866644278168678,38709958.50605755,27.77714181456196,True
397200.0,4.491914682706654e-06,-5.043966382345388e-06,-4.0568309600530483e-07,1.4140544384717941,38737585.45977627,27.512177288452,True
397500.0,4.395550513284216e-06,-4.9316226409246156e-06,-3.2883855993759425e-07,1.4407245442271233,38762594.17382344,27.27699308780907,True
397800.0,4.29882698218381e-06,-4.819406655087732e-06,-2.529223408487269e-07,1.4671997278928757,38784947.14599131,27.071731732211155,True
398100.0,4.199193169151882e-06,-4.704266558519521e-06,-1.7885020753283243e-07,1.492435745894909,38804611.46912922,26.896517266973287,True
398400.0,4.10011894917347e-06,-4.589955040046334e-06,-1.085891980778797e-07,1.517772100865841,38821558.859263,26.751454946725264,True
398700.0,4.0003487654376605e-06,-4.475115275681674e-06,-3.871699405522122e-08,1.542423240840435,38835765.68676504,26.636630957105925,True
399000.0,3.89910357879649e-06,-4.3587217248841625e-06,2.8512236127653523e-08,1.5662486180663109,38847212.99490704,26.552112200186677,True
399300.0,3.795953227071222e-06,-4.240283686840485e-06,9.178506488183302e-08,1.589918464422226,38855886.51574231,26.49794611100627,True
399600.0,3.693769904080043e-06,-4.122959524011094e-06,1.52816301834946e-07,1.6124625131487846,38861776.683383405,26.47416052949317,True
399900.0,3.5893740735745803e-06,-4.003072518798945e-06,2.1235966585209098e-07,1.6340469345450401,38864878.6368725,26.480763630846734,True
400200.0,3.484416165971538e-06,-3.88253812388939e-06,2.6818512921522597e-07,1.6559326648712158,38865192.220723845,26.51774390729773,True
400500.0,3.379289328467989e-06,-3.761705926308423e-06,3.2125942084348935e-07,1.677018791437149,38862721.983756386,26.585070195399062,True
400800.0,3.272880353456035e-06,-3.6392931974660314e-06,3.714433631785141e-07,1.6971812397241592,38857477.16601758,26.68269176734192,True
401100.0,3.166190260972244e-06,-3.516586104979069e-06,4.173512415661662e-07,1.7169519737362862,38849471.68425394,26.810538470883664,True
401400.0,3.058152922268492e-06,-3.391903646843275e-06,4.6200069903079566e-07,1.7365053370594978,38838724.11295203,26.968520914926803,True
401700.0,2.9494119761231593e-06,-3.266527357936866e-06,5.016644593069941e-07,1.755364641547203,38825257.65951664,27.15653072146457,True
402000.0,2.8394133031676125e-06,-3.1392335131386062e-06,5.39420508260946e-07,1.7735521122813225,38809100.13283346,27.3744408000097,True
402300.0,2.729904341374531e-06,-3.0122442353786028e-06,5.737837796004897e-07,1.7907376512885094,38790283.90862051,27.62210569126031,True
402600.0,2.6199218197564904e-06,-2.8845350641404366e-06,6.043369111807806e-07,1.8072421103715897,38768845.88766378,27.89936193479132,True
402900.0,2.50945134168936e-06,-2.755887379635169e-06,6.317223508744974e-07,1.823315717279911,38744827.450458035,28.206028479730044,True
403200.0,2.397488458519406e-06,-2.625037325287849e-06,6.559454597265812e-07,1.8387252911925316,38718274.40615229,28.541907130459165,True
403500.0,2.2851029093998747e-06,-2.4936086333582352e-06,6.756785460027004e-07,1.8539559245109558,38689236.93441949,28.906783020375375,True
403800.0,2.172274913349372e-06,-2.360879733487309e-06,6.927824642843916e-07,1.8680614307522774,38657769.525133915,29.30042510499203,True
404100.0,2.0607213234228037e-06,-2.228889741218154e-06,7.069920116009598e-07,1.8817851543426514,38623930.907145634,29.722586684792137,True
404400.0,1.9469798274976365e-06,-2.0936687405992416e-06,7.173746823241345e-07,1.8947657644748688,38587783.977242626,30.173005936478276,True
404700.0,1.8338471369791083e-06,-1.9588985082918953e-06,7.232285064162625e-07,1.9067668616771698,38549395.719262004,30.651406455175415,True
405000.0,1.7208017263416558e-06,-1.8222969799808197e-06,7.27560561131213e-07,1.9188316315412521,38508837.11734483,31.157497799689157,True
405300.0,1.6074099663948984e-06,-1.6842043351061875e-06,7.280460465608485e-07,1.92876997590065,38466183.068820626,31.690976051233473,True
405600.0,1.4945361807759963e-06,-1.545573951489132e-06,7.246338213917625e-07,1.9389706328511238,38421512.27862029,32.251524351900024,True
405900.0,1.381585470444971e-06,-1.4059237116725853e-06,7.165276656451169e-07,1.9483124688267708,38374907.16333369,32.83881344574405,True
406200.0,1.2705400567022398e-06,-1.2651244958306052e-06,7.071709404726789e-07,1.9567374512553215,38326453.73624189,33.452502199662874,True
406500.0,1.1601283363326068e-06,-1.1227259051338478e-06,6.938482712826044e-07,1.9649050310254097,38276241.49079776,34.09223812349613,True
406800.0,1.0511067102096542e-06,-9.78743031510021e-07,6.769326859057401e-07,1.9715668857097626,38224363.27981477,34.757657850619054,True
407100.0,9.444649143705086e-07,-8.316658579587966e-07,6.580261882049854e-07,1.9768058508634567,38170915.18212407,35.448387606359205,True
407400.0,8.417078088999379e-07,-6.847780866792164e-07,6.346946221924554e-07,1.98308577388525,38115996.364664935,36.164043653402764,True
407700.0,7.444019777044104e-07,-5.348820195649751e-07,6.092583149097663e-07,1.987293615937233,38059708.9467489,36.90423269388632,True
408000.0,6.546396445244075e-07,-3.8242029631874175e-07,5.804487912541845e-07,1.9907434582710266,38002157.83946147,37.668552256807686,True
408300.0,5.783784835636439e-07,-2.292139527071413e-07,5.498218058619386e-07,1.9928183257579803,37943450.59447257,38.456591036580164,True
408600.0,5.185018864427749e-07,-7.218167752398585e-08,5.154816449248756e-07,1.9948375299572945,37883697.23563263,39.26792920813995,True
408900.0,4.832971307839547e-07,8.694703979017504e-08,4.786994125538513e-07,1.996230810880661,37823010.09125496,40.102138691202754,True
409200.0,4.772290801423433e-07,2.483065202341095e-07,4.388452694570333e-07,1.9958522990345955,37761503.614256166,40.95878338660124,True
409500.0,5.038435826639035e-07,4.14151827499154e-07,3.9830785425465365e-07,1.9944314882159233,37699294.194184914,41.83741936149337,True
409800.0,5.555865202646641e-07,5.834831142692565e-07,3.5358284122821715e-07,1.9927297234535217,37636499.96662504,42.73759500576981,True
410100.0,6.279339442915584e-07,7.573177356334782e-07,3.067832707870366e-07,1.9894339069724083,37573240.61602507,43.658851123866405,True
410400.0,7.140773901146511e-07,9.342694227143511e-07,2.596040999947036e-07,1.985723115503788,37509637.16513334,44.60072099825116,True
410700.0,8.096023292000997e-07,1.117359062163814e-06,2.0849837056857723e-07,1.9805393815040588,37445811.76715758,45.56273040383468,True
411000.0,9.119029037662455e-07,1.3059437833362608e-06,1.5738867631398534e-07,1.9739606603980064,37381887.48343674,46.54439755451567,True
411300.0,1.0170058505996532e-06,1.4990307590778684e-06,1.0220050228326727e-07,1.9668808430433273,37317988.05864661,47.54523302441931,True
411600.0,1.1268332368448646e-06,1.7011663544508338e-06,4.855605340026159e-08,1.9585853070020676,37254237.692217454,48.564739578374876,True
411900.0,1.2379478654854563e-06,1.910106192326566e-06,-8.798707540336181e-09,1.9489782229065895,37190760.79951863,49.602411977623674,True
412200.0,1.3506374576695445e-06,2.1279462316670106e-06,-6.618737558028442e-08,1.938055358827114,37127681.770572975,50.65773667489649,True
412500.0,1.463210253102622e-06,2.3538547111456865e-06,-1.245911320779669e-07,1.9270414859056473,37065124.722285256,51.730191463052634,True
412800.0,1.5784579409993355e-06,2.5939206409475446e-06,-1.849248576490936e-07,1.9139925092458725,37003213.251836866,52.819245012824354,True
413100.0,1.6917834654796797e-06,2.8431176701815275e-06,-2.4343317761577055e-07,1.8998633176088333,36942070.17574706,53.92435630113663,True
413400.0,1.8048696562249996e-06,3.10481917153993e-06,-3.053393058394249e-07,1.8849738389253616,36881817.27521987,55.04497392553853,True
413700.0,1.9182446160034866e-06,3.383241249821367e-06,-3.6583195139883173e-07,1.8683272376656532,36822575.03592382,56.18053522366402,True
414000.0,2.03186914630597e-06,3.680774284475774e-06,-4.253206071780369e-07,1.8504484742879868,36764462.382187635,57.33046522424277,True
414300.0,2.144489483471143e-06,3.996891337010311e-06,-4.859000313217621e-07,1.8319875821471214,36707596.41406682,58.49417532221853,True
414600.0,2.255211840796376e-06,4.3340469062513876e-06,-5.4432547358374e-07,1.8123381435871124,36652092.143777736,59.67106161964143,True
414900.0,2.3654096927687013e-06,4.697328989777816e-06,-6.028213661579684e-07,1.791359007358551,36598062.22920246,60.86050285322039,True
415200.0,2.4747936124593923e-06,5.0914874520913145e-06,-6.589490411101906e-07,1.7692846283316612,36545616.71021348,62.061857731536875,True
415500.0,2.581912543936652e-06,5.516779992831289e-06,-7.148131118128731e-07,1.745745226740837,36494862.74776954,63.27446153001599,True
415800.0,2.689160242547998e-06,5.986352277886908e-06,-7.671457353808364e-07,1.7205592393875122,36445904.364028215,64.49762163483219,True
416100.0,2.7943789383908925e-06,6.501498859279309e-06,-8.169447056616264e-07,1.6953695267438889,36398842.18534126,65.73061168901185,True
416400.0,2.897361037913335e-06,7.070088230420879e-06,-8.63777501081131e-07,1.6679597795009613,36353773.19725975,66.97266374820153,True
416700.0,2.9987114079295705e-06,7.704972460942372e-06,-9.061885606342912e-07,1.6399915143847466,36310790.49178993,68.22295764729446,True
417000.0,3.0974983611172635e-06,8.417845322128414e-06,-9.423904572258834e-07,1.6112002208828926,36269983.034856334,69.48060634326508,True
417300.0,3.195636110858247e-06,9.228482355183587e-06,-9.74704732925602e-07,1.5803223550319672,36231435.43470036,70.74463535894458,True
417600.0,3.2909026546221103e-06,1.0155696941183123e-05,-9.979873141219286e-07,1.548923373222351,36195227.716042995,72.01395337025171,True
417900.0,3.3845817097601017e-06,1.1230650159177458e-05,-1.01237134231269e-06,1.516330473124981,36161435.11279715,73.2873092673331,True
418200.0,3.4755968388070737e-06,1.2487072041267311e-05,-1.016119085761602e-06,1.4822834208607674,36130127.863688275,74.56322788183985,True
418500.0,3.5639306982501975e-06,1.3977517966168307e-05,-1.0048166814158321e-06,1.4477877765893936,36101371.021245345,75.83991120819488,True
418800.0,3.648745169066466e-06,1.5768324288956137e-05,-9.743908577775073e-07,1.4121632352471352,36075224.27708148,77.11508189469112,True
419100.0,3.7320155676137705e-06,1.7966905829780444e-05,-9.188537006821207e-07,1.3755557164549828,36051741.79506681,78.38572655238694,True
419400.0,3.8121366172060904e-06,2.0704951481320677e-05,-8.299269325107161e-07,1.3374970331788063,36030972.062629454,79.64765799911711,True
419700.0,3.889914961425522e-06,2.4184951314509817e-05,-6.954676194936837e-07,1.2990954592823982,36012957.753363654,80.89473518841103,True
420000.0,3.964141611563059e-06,2.8682822915016004e-05,-4.905912760477804e-07,1.259459674358368,35997735.61104006,82.11740446172982,True
420300.0,4.035759481383486e-06,3.455473856206481e-05,-1.8259471801229665e-07,1.218506008386612,35985336.34349194,83.29983335717685,True
420600.0,4.103381481981797e-06,4.205478549579311e-05,2.836437289488458e-07,1.1778319999575615,35975784.53524091,84.41404711343364,True
420900.0,4.1695681396757235e-06,5.0581931930082646e-05,9.929458855140183e-07,1.1354805827140808,35969098.583499186,85.40795941357214,True
421200.0,4.231686862334022e-06,5.592131171283654e-05,2.0151039592519737e-06,1.0920033901929855,35965290.64051229,86.18462804306952,True
421500.0,4.28981678639353e-06,4.779560359224888e-05,3.213436968962924e-06,1.0485211685299873,35964366.581823654,86.5912220737038,True
421800.0,4.344763998658128e-06,2.3726718552552484e-05,4.095692418104591e-06,1.0047971308231354,35966325.99262896,86.49650963158447,True
422100.0,4.395491532271584e-06,1.3244483909602423e-06,4.3944893235448035e-06,0.9591108039021492,35971162.17051777,85.9362731426117,True
422400.0,4.444132586579502e-06,-1.0332268374213527e-05,4.3544522014826725e-06,0.9137662723660469,35978862.14075536,85.06804891875649,True
422700.0,4.489136542568659e-06,-1.482431855492905e-05,4.2157038393497714e-06,0.8680936172604561,35989406.70213332,84.0263363865609,True
423000.0,4.5292045003287364e-06,-1.600846326255123e-05,4.072632648899344e-06,0.8213708400726318,36002770.48075232,82.8888664177059,True
423300.0,4.566611147269436e-06,-1.5857331959523435e-05,3.950959879261973e-06,0.7743564620614052,36018922.00274096,81.69692370241205,True
423600.0,4.600710297167417e-06,-1.519835510066514e-05,3.852112399727048e-06,0.727322906255722,36037823.78762358,80.47303900710143,True
423900.0,4.630125328508773e-06,-1.4366359152973018e-05,3.7724447565778974e-06,0.6789572089910507,36059432.45748459,79.23025892440994,True
424200.0,4.657367545677741e-06,-1.3527703060844942e-05,3.708121440126888e-06,0.6307754814624786,36083698.856714614,77.97664058873879,True
424500.0,4.679106443830768e-06,-1.2726089011039221e-05,3.6530955327407355e-06,0.5829480811953545,36110568.19579547,76.71747606446422,True
424800.0,4.698759692900229e-06,-1.198419835191089e-05,3.608561968349022e-06,0.5340666398406029,36139980.20587643,75.45644482226673,True
425100.0,4.714447972815625e-06,-1.1310495153793454e-05,3.5689686797013565e-06,0.4856961891055107,36171869.30251811,74.19624130097955,True
425400.0,4.725555921923115e-06,-1.0697189054553746e-05,3.5328416601032586e-06,0.4371732026338577,36206164.77230707,72.93893299524889,True
425700.0,4.733325545178482e-06,-1.014047074932023e-05,3.50021677775203e-06,0.3884732499718666,36242790.96363264,71.68617360275961,True
426000.0,4.738601759468861e-06,-9.639570095032468e-06,3.4696407027468013e-06,0.3397839367389679,36281667.49206586,70.43933472350098,True
426300.0,4.738446187274846e-06,-9.179715220852813e-06,3.4389391885270015e-06,0.2912648990750313,36322709.455902204,69.1995899573586,True
426600.0,4.735760919560786e-06,-8.758914987083699e-06,3.410527241953787e-06,0.2424444705247879,36365827.661438905,67.96797018847742,True
426900.0,4.729746489646852e-06,-8.376539739174405e-06,3.3812565760626967e-06,0.19442954659461975,36410928.85381466,66.74540089535074,True
427200.0,4.719422104605394e-06,-8.025446305737205e-06,3.3502925305128883e-06,0.1463150680065155,36457915.961023204,65.53272789190177,True
427500.0,4.706321150561108e-06,-7.701186717667952e-06,3.3197570701304357e-06,0.09868612140417099,36506688.33720496,64.33073547219578,True
427800.0,4.688817527302381e-06,-7.400226763820683e-06,3.2872581314791205e-06,0.05083116888999939,36557142.01760407,63.14015944510022,True
428100.0,4.6690768862959534e-06,-7.123516610363367e-06,3.253901972755102e-06,0.0037801265716552734,36609169.9720965,61.96169663829341,True
428400.0,4.645361180569221e-06,-6.863636428988684e-06,3.219346901062181e-06,-0.0435667559504509,36662662.36906395,60.79601195657278,True
428700.0,4.6193426578591015e-06,-6.6227388231254736e-06,3.1837300440429317e-06,-0.0897507444024086,36717506.83321193,59.64374368469755,True
429000.0,4.589485302173205e-06,-6.396437669309307e-06,3.1459578693215917e-06,-0.13586612045764923,36773588.71478979,58.50550753100353,True
429300.0,4.557028837785583e-06,-6.185660794244541e-06,3.1062775605050774e-06,-0.18195804953575134,36830791.350834206,57.38189974145518,True
429600.0,4.520564765351799e-06,-5.9834484034126945e-06,3.065712490979422e-06,-0.22739705443382263,36888996.3303009,56.273499529563395,True
429900.0,4.481725970167071e-06,-5.796341895347723e-06,3.0219451545576703e-06,-0.27111823856830597,36948083.75819147,55.18087099254284,True
430200.0,4.440999668471046e-06,-5.617771307697694e-06,2.978881369131159e-06,-0.31524619460105896,37007932.52145987,54.104564619233436,True
430500.0,4.3960050883128116e-06,-5.447907255984319e-06,2.932216247586439e-06,-0.3580211251974106,37068420.54192609,53.04511851702777,True
430800.0,4.34887127592261e-06,-5.286181362862408e-06,2.8848520230440045e-06,-0.40088579803705215,37129425.040418014,52.003059369874826,True
431100.0,4.297848342622244e-06,-5.131426689786167e-06,2.8343542979314407e-06,-0.44328968971967697,37190822.78510867,50.978903234057995,True
431400.0,4.246002562919795e-06,-4.984879268477016e-06,2.783892099955665e-06,-0.4848875105381012,37252490.34318821,49.973156156800485,True
431700.0,4.1922442885216164e-06,-4.846150716275588e-06,2.7314870649775003e-06,-0.5248278900980949,37314304.32507763,48.98631469026781,True
432000.0,4.134509554742082e-06,-4.709489871856931e-06,2.677866504541271e-06,-0.564516544342041,37376141.6271303,48.0188662813383,True
432300.0,4.1107011936696285e-06,-4.648219743330628e-06,2.6220762308071244e-06,-0.9180002361536026,37437879.976614565,47.07128958309255,True
432600.0,4.049361004850014e-06,-4.5197883764558355e-06,2.567270797726451e-06,-0.9582242146134377,37499396.9067021,46.14405468029067,True
432900.0,3.985591747458059e-06,-4.393518480583225e-06,2.512666760878801e-06,-0.9975347369909286,37560571.8598987,45.23762325650697,True
433200.0,3.91911670644273e-06,-4.272069162425396e-06,2.455186354666239e-06,-1.0361282005906105,37621285.15301421,44.35244869176026,True
433500.0,3.851882995637755e-06,-4.15505212458811e-06,2.397849193869206e-06,-1.0753266587853432,37681418.50050129,43.48897609656251,True
433800.0,3.7825778294244977e-06,-4.041062737769607e-06,2.339464899137056e-06,-1.1135922074317932,37740855.213876255,42.64764231256535,True
434100.0,3.710421406787638e-06,-3.9287571667045995e-06,2.2797199221713527e-06,-1.1507157236337662,37799480.40251701,41.82887584926748,True
434400.0,3.635575868046034e-06,-3.817345543666306e-06,2.2193829920524877e-06,-1.188665471971035,37857181.164220326,41.03309677999352,True
434700.0,3.560343923084664e-06,-3.710024600422912e-06,2.1588344480960586e-06,-1.225714050233364,37913846.76206396,40.26071659649386,True
435000.0,3.4821630827571445e-06,-3.603038464916608e-06,2.097304545145562e-06,-1.2624537348747253,37969368.8061401,39.51213802210167,True
435300.0,3.4025506329795223e-06,-3.4975220444266597e-06,2.0359458048346823e-06,-1.2978899031877518,38023641.4183316,38.78775478252724,True
435600.0,3.3204080713955535e-06,-3.3935665726403386e-06,1.972587241994006e-06,-1.3333806321024895,38076561.39790457,38.087951348633105,True
435900.0,3.237198352062453e-06,-3.289888610424896e-06,1.9108306261728103e-06,-1.3692885041236877,38128028.372809626,37.4131026307697,True
436200.0,3.1524148178975876e-06,-3.18745176741686e-06,1.8486012223206671e-06,-1.4036783054471016,38177944.946069635,36.763573661915295,True
436500.0,3.0657590680136543e-06,-3.0861522475333913e-06,1.7852805100915248e-06,-1.4374675080180168,38226216.84172132,36.13971923299586,True
436800.0,2.9770279578607444e-06,-2.9839241904028313e-06,1.7226584319018912e-06,-1.4720437750220299,38272753.03639844,35.5418835078384,True
437100.0,2.886673452461685e-06,-2.88203250420338e-06,1.6599300494135605e-06,-1.5052788853645325,38317465.88257136,34.97039962041878,True
437400.0,2.7955701840700037e-06,-2.780582008199417e-06,1.5983240544414912e-06,-1.5375715866684914,38360271.23516918,34.42558924191992,True
437700.0,2.702648118351572e-06,-2.678982866655133e-06,1.5365092238539546e-06,-1.570337064564228,38401088.56410398,33.90776213976144,True
438000.0,2.6074732358074177e-06,-2.5752022168035182e-06,1.4760316915385374e-06,-1.6015138551592827,38439841.0573744,33.4172157128647,True
438300.0,2.512627004406366e-06,-2.4731542396239092e-06,1.4165755288786386e-06,-1.6332983449101448,38476455.73006879,32.95423452706217,True
438600.0,2.4148129951911817e-06,-2.370020553144059e-06,1.3555798403785957e-06,-1.664086252450943,38510863.51135979,32.519089839989206,True
438900.0,2.3156979092613466e-06,-2.264952144059862e-06,1.2969401623763588e-06,-1.6941564232110977,38542999.33913785,32.11203911474213,True
439200.0,2.216448363079299e-06,-2.1597408874640678e-06,1.2403821330053688e-06,-1.7236233428120613,38572802.24092178,31.733325554831637,True
439500.0,2.115022799134159e-06,-2.053436588766999e-06,1.1833087611989868e-06,-1.7527994140982628,38600215.41129641,31.38317763281969,True
439800.0,2.0125914636396675e-06,-1.946080772086134e-06,1.1276170255314355e-06,-1.7815235927700996,38625186.28254006,31.06180862435866,True
440100.0,1.9101759449492973e-06,-1.8383771589469688e-06,1.0740825651112118e-06,-1.810464546084404,38647666.59155081,30.7694161692332,True
440400.0,1.8063094307650627e-06,-1.729523887661344e-06,1.020938562135143e-06,-1.8376117125153542,38667612.43638109,30.50618184691121,True
440700.0,1.7008816586218889e-06,-1.617331037095937e-06,9.705528647430128e-07,-1.8645724728703499,38684984.33708784,30.27227076671833,True
441000.0,1.5957491393098979e-06,-1.5059139286677237e-06,9.208199784893623e-07,-1.8917276710271835,38699747.280033246,30.067831199872977,True
441300.0,1.4897731923851388e-06,-1.392557692270202e-06,8.728564608873057e-07,-1.9172349348664284,38711870.76069937,29.892994225431938,True
441600.0,1.3836136294724504e-06,-1.2770318278398918e-06,8.276955867358993e-07,-1.942408598959446,38721328.82761203,29.747873420825886,True
441900.0,1.2765063537431992e-06,-1.1593083684147132e-06,7.836039586095467e-07,-1.967285618185997,38728100.11124003,29.632564588427964,True
442200.0,1.170571771181421e-06,-1.0411661719444965e-06,7.415066640703571e-07,-1.9916855916380882,38732167.85322565,29.547145513380528,True
442500.0,1.0648039392927479e-06,-9.20148039540436e-07,7.016634100409647e-07,-2.016431801021099,38733519.93065113,29.491675771858784,True
442800.0,9.619170503852393e-07,-7.987667629549833e-07,6.645624495149605e-07,-2.0392998829483986,38732148.86993523,29.466196578697822,True
443100.0,8.595800578079833e-07,-6.738040099207865e-07,6.282965188120215e-07,-2.062575951218605,38728051.867259346,29.47073068355876,True
443400.0,7.618369379107055e-07,-5.465719254971191e-07,5.950775125995733e-07,-2.0837249234318733,38721230.78703012,29.50528230393996,True
443700.0,6.721983851256539e-07,-4.1922962168428057e-07,5.647103975547907e-07,-2.1057948023080826,38711692.17500074,29.56983711768421,True
444000.0,5.916025055512288e-07,-2.8895837544951064e-07,5.356758947527851e-07,-2.1272097676992416,38699447.24568845,29.66436229430321,True
444300.0,5.286872834010995e-07,-1.5590700286338688e-07,5.110798113605597e-07,-2.147098794579506,38684511.88020953,29.788806567333005,True
444600.0,4.878941089859402e-07,-2.097812057400006e-08,4.875553578642666e-07,-2.166791446506977,38666906.615126714,29.94310036861097,True
444900.0,4.7599756216044993e-07,1.154446067630488e-07,4.6540706222231165e-07,-2.186526447534561,38646656.62130765,30.127155984683426,True
445200.0,4.979996271807976e-07,2.5469836373304133e-07,4.468619039244004e-07,-2.2048055082559586,38623791.68016885,30.340867766516013,True
445500.0,5.512345581975538e-07,3.9730110756863724e-07,4.322905731157789e-07,-2.2230274528265,38598346.15987229,30.584112380251653,True
445800.0,6.251402184285338e-07,5.40586910346974e-07,4.188568958340966e-07,-2.2396894991397858,38570358.975683406,30.856749091764023,True
446100.0,7.173123555676143e-07,6.895965896092093e-07,4.078018562836405e-07,-2.2567820847034454,38539873.55702927,31.1586200756461,True
446400.0,8.207747221822684e-07,8.395446968734177e-07,4.0142833412915024e-07,-2.2729915603995323,38506937.79577423,31.489550764095963,True
446700.0,9.314550341701846e-07,9.923524544319662e-07,3.963037187304508e-07,-2.28815059363842,38471604.00004766,31.84935022543128,True
447000.0,1.0476039051521184e-06,1.1479948227588466e-06,3.9318098288276815e-07,-2.3037277907133102,38433928.83830143,32.237811547760046,True
447300.0,1.1696841913269335e-06,1.3083834744520573e-06,3.9330509338242337e-07,-2.3171539157629013,38393973.271274,32.65471225398299,True
447600.0,1.294090736568203e-06,1.47010280215909e-06,3.974818909568967e-07,-2.330496571958065,38351802.49224546,33.099814727468576,True
447900.0,1.4228097163199504e-06,1.6375372240418073e-06,4.0359138608891953e-07,-2.3432747572660446,38307485.84524214,33.57286664834716,True
448200.0,1.551922041386706e-06,1.8069417819788214e-06,4.102207427081339e-07,-2.355028621852398,38261096.74666868,34.07360142834505,True
448500.0,1.6845554589495099e-06,1.9811728293461783e-06,4.2238612252276653e-07,-2.3665932044386864,38212712.59917544,34.601738643785566,True
448800.0,1.8194224805303482e-06,2.1603809443604405e-06,4.36529191460977e-07,-2.3764762431383133,38162414.6940186,35.15698448521262,True
449100.0,1.954758432616329e-06,2.3430700650806102e-06,4.517716547525197e-07,-2.38606359064579,38110288.11549285,35.739032172368255,True
449400.0,2.092169384672266e-06,2.530935745426177e-06,4.7080474985250476e-07,-2.39554812759161,38056421.62918955,36.34756236696953,True
449700.0,2.23093549699757e-06,2.724214965610372e-06,4.913132372053042e-07,-2.402757950127125,38000907.56611635,36.98224357832676,True
450000.0,2.370513705397083e-06,2.9221559714187606e-06,5.151416786475238e-07,-2.410298377275467,37943841.707956634,37.64273253067659,True
450300.0,2.5123163055652008e-06,3.127626996501931e-06,5.403572629347764e-07,-2.4160758033394814,37885323.14840731,38.328674523302396,True
450600.0,2.654287598725963e-06,3.3376979615695745e-06,5.697273763871635e-07,-2.421575352549553,37825454.16484624,39.03970374627632,True
450900.0,2.7979856968236772e-06,3.556039075647277e-06,5.994307130663401e-07,-2.4262115210294724,37764340.068537675,39.7754435844895,True
451200.0,2.9425716293819584e-06,3.781590237394994e-06,6.314504830129408e-07,-2.4288304820656776,37702089.054357596,40.53550686308502,True
451500.0,3.0869986584104644e-06,4.013598100982563e-06,6.656799413917724e-07,-2.431227795779705,37638812.04482108,41.31949607488355,True
451800.0,3.2340532957089837e-06,4.256386716861016e-06,7.026893626971287e-07,-2.4325657412409782,37574622.51723295,42.12700355544778,True
452100.0,3.3804977341561324e-06,4.5072055456785165e-06,7.394418943817982e-07,-2.4336110800504684,37509636.33284042,42.957611620005196,True
452400.0,3.528067250282274e-06,4.768516816966439e-06,7.785251341374533e-07,-2.432034507393837,37443971.54921144,43.81089263795938,True
452700.0,3.6765179479410666e-06,5.041126769356197e-06,8.192786964400511e-07,-2.4305438697338104,37377748.23761956,44.68640907256977,True
453000.0,3.8248510906341836e-06,5.324710741660965e-06,8.614183855115698e-07,-2.4276696369051933,37311088.27529357,45.58371345064001,True
453300.0,3.975141821892764e-06,5.623460452852669e-06,9.049371882952073e-07,-2.422627277672291,37244115.14402873,46.502348273136654,True
453600.0,4.123953477557723e-06,5.933699640081613e-06,9.493775081637068e-07,-2.4172761887311935,37176953.71828788,47.44184585732176,True
453900.0,4.273709924054548e-06,6.260635274202286e-06,9.942073617708047e-07,-2.410718135535717,37109730.03848347,48.40172810094275,True
454200.0,4.4236984162992236e-06,6.60512552030923e-06,1.0385366309151323e-06,-2.403034947812557,37042571.086130455,49.38150616066914,True
454500.0,4.57467661937141e-06,6.969200029516287e-06,1.0850047686972175e-06,-2.394060730934143,36975604.5470007,50.38068002787238,True
454800.0,4.724179465193192e-06,7.352363638801762e-06,1.1297065398707673e-06,-2.3832685947418213,36908958.56864214,51.3987380045513,True
455100.0,4.87453448897254e-06,7.760051744298835e-06,1.1742533914116393e-06,-2.371716730296612,36842761.513541326,52.43515602362414,True
455400.0,5.0262342211377595e-06,8.19551343056446e-06,1.2193058935849876e-06,-2.3587010204792023,36777141.70096251,53.489396828851014,True
455700.0,5.175588654169995e-06,8.656577364263285e-06,1.2618592393209838e-06,-2.344201974570751,36712227.1489925,54.56090895908003,True
456000.0,5.3249634769757895e-06,9.149511669193089e-06,1.3045275366607711e-06,-2.328513018786907,36648145.308674656,55.649125485405406,True
456300.0,5.473953206756482e-06,9.678078640718013e-06,1.3458117749109988e-06,-2.31119342148304,36585022.79293031,56.753462475450455,True
456600.0,5.622179613876555e-06,1.0247355930914637e-05,1.3828068006205285e-06,-2.2928677648305893,36522985.1044014,57.87331707809354,True
456900.0,5.770624968745195e-06,1.0863279129580405e-05,1.4180015170950355e-06,-2.2718592137098312,36462156.35487229,59.00806513661309,True
457200.0,5.9169272586177645e-06,1.1528109382652474e-05,1.4493763558220962e-06,-2.2508883327245712,36402658.992230296,60.15705821605605,True
457500.0,6.062232029761276e-06,1.2250976681116299e-05,1.4770996941138037e-06,-2.2274424508213997,36344613.5093546,61.319619828337856,True
457800.0,6.206919987608829e-06,1.3041481679465505e-05,1.5002284925458298e-06,-2.203377090394497,36288138.171334475,62.495040630578806,True
458100.0,6.350583036062833e-06,1.3909511096699134e-05,1.5171564911042879e-06,-2.177909716963768,36233348.7260681,63.68257223502237,True
458400.0,6.491868366498822e-06,1.4864485279986184e-05,1.5263959340927613e-06,-2.149749591946602,36180358.12492689,64.88141914596437,True
458700.0,6.632810678767693e-06,1.592584226273175e-05,1.527289768432638e-06,-2.121308282017708,36129276.247414365,66.09072813056834,True
459000.0,6.771495775356011e-06,1.7105899587477325e-05,1.520263381848963e-06,-2.0908876433968544,36080209.61674287,67.30957402379751,True
459300.0,6.9087064350628085e-06,1.8430673833336186e-05,1.5004309403821026e-06,-2.059169389307499,36033261.1337113,68.53694050821173,True
459600.0,7.043198322701067e-06,1.9923664694943e-05,1.4664573342315634e-06,-2.025753192603588,35988529.80572007,69.77169366188038,True
459900.0,7.176454784763093e-06,2.162275239925293e-05,1.4168363122735173e-06,-1.9914264753460884,35946110.48771572,71.01254498258854,True
460200.0,7.306615955724418e-06,2.3567699457771596e-05,1.3446750699586119e-06,-1.9555566534399986,35906093.625579074,72.25799872829207,True
460500.0,7.434491328110517e-06,2.5813631168603024e-05,1.2493974281824194e-06,-1.918370559811592,35868565.01285097,73.50627538871372,True
460800.0,7.5591263832350015e-06,2.8429786482320196e-05,1.121739714449177e-06,-1.8787618055939674,35833605.552561276,74.75519806265939,True
461100.0,7.683205732480786e-06,3.1517358934252115e-05,9.546951531547165e-07,-1.8384925946593285,35801291.036140926,76.00201956749318,True
461400.0,7.801860402222614e-06,3.517419054333004e-05,7.371972117198311e-07,-1.7974058911204338,35771691.92512338,77.24315243987324,True
461700.0,7.918229585831314e-06,3.956253988235403e-05,4.527970531853498e-07,-1.7551307156682014,35744873.15217814,78.47373514490764,True
462000.0,8.031826017785374e-06,4.486162828243323e-05,7.883832608968078e-08,-1.7110685408115387,35720893.93428173,79.6869142511724,True
462300.0,8.142300925331385e-06,5.1262370703852866e-05,-4.145012439948914e-07,-1.6653606295585632,35699807.60169326,80.87262189000816,True
462600.0,8.249339394989316e-06,5.888187186542382e-05,-1.074550866064783e-06,-1.6193254217505455,35681661.4421301,82.01544485338923,True
462900.0,8.352824243029546e-06,6.749437156372551e-05,-1.961634723102179e-06,-1.571478731930256,35666496.55709376,83.09088976634806,True
463200.0,8.452837772222907e-06,7.579306696925414e-05,-3.148049700030242e-06,-1.5224142149090767,35654347.744382046,84.05911507584885,True
463500.0,8.548804576554668e-06,7.99001099949237e-05,-4.665527669089897e-06,-1.4726748690009117,35645243.391592056,84.85624372274751,True
463800.0,8.639043458778636e-06,7.240772629302228e-05,-6.38483949444435e-06,-1.422740451991558,35639205.390319034,85.39007568921599,True
464100.0,8.727929182941049e-06,4.829744460721486e-05,-7.887568770570397e-06,-1.3705221861600876,35636249.06692293,85.56266930206442,True
464400.0,8.811438476029635e-06,1.608020860999204e-05,-8.713752407629727e-06,-1.318305067718029,35636383.14218048,85.33277618173489,True
464700.0,8.89230019440566e-06,-9.516683661559e-06,-8.849606601302185e-06,-1.2649066671729088,35639609.69585897,84.75282736216117,True
465000.0,8.966529633926094e-06,-2.3980237727982967e-05,-8.599593854796694e-06,-1.2102405205368996,35645924.16355674,83.92261827747794,True
465300.0,9.03791446751294e-06,-3.042689044718827e-05,-8.225646737969328e-06,-1.1556975618004799,35655315.34926743,82.93060757032809,True
465600.0,9.103513653051229e-06,-3.248886665119244e-05,-7.848053471093408e-06,-1.1001541465520859,35667765.45340581,81.83672216121015,True
465900.0,9.166976771006463e-06,-3.245165655130222e-05,-7.510149657719012e-06,-1.043745443224907,35683250.12825144,80.67814216403782,True
466200.0,9.224280930132049e-06,-3.1454656067353426e-05,-7.217481780230628e-06,-0.9864311888813972,35701738.54754279,79.4777737787685,True
466500.0,9.27797787823514e-06,-3.0089801100530167e-05,-6.966689966247941e-06,-0.9295216128230095,35723193.49798872,78.25010497651955,True
466800.0,9.326743234515108e-06,-2.8620596538075915e-05,-6.7502929255169875e-06,-0.8721024394035339,35747571.4841313,77.00465754804755,True
467100.0,9.36994710799801e-06,-2.7173702790150855e-05,-6.560638510677563e-06,-0.8143507987260818,35774822.857949704,75.74795514169041,True
467400.0,9.4101110828373e-06,-2.5805050796634532e-05,-6.395473945985941e-06,-0.7550562620162964,35804891.95982647,74.4846554808753,True
467700.0,9.444003420925808e-06,-2.453274774438796e-05,-6.246309254720472e-06,-0.6969365775585175,35837717.28368793,73.21821777285372,True
468000.0,9.474033295549367e-06,-2.3363425441402796e-05,-6.112307488592705e-06,-0.6380113437771797,35873231.64372949,71.95130775236368,True
468300.0,9.500280374726085e-06,-2.2297015249250762e-05,-5.989196424138754e-06,-0.5789460614323616,35911362.37171823,70.68605079919746,True
468600.0,9.521303046049703e-06,-2.1323661542282935e-05,-5.873101315501117e-06,-0.520525611937046,35952031.518053584,69.42419462657223,True
468900.0,9.5381358998086e-06,-2.043421724806649e-05,-5.76403881780152e-06,-0.4605414792895317,35995156.06484415,68.16721658642359,True
469200.0,9.550477140964207e-06,-1.9619731148168285e-05,-5.660285069097881e-06,-0.40191181004047394,36040648.1617545,66.9163961354878,True
469500.0,9.557629067908956e-06,-1.887266321887182e-05,-5.55923939771219e-06,-0.3432425558567047,36088415.35473558,65.67286485258708,True
469800.0,9.560988706796186e-06,-1.818843179535179e-05,-5.460631555820328e-06,-0.2842938154935837,36138360.838989206,64.43764164631541,True
470100.0,9.558435704167556e-06,-1.7554836517774675e-05,-5.363359790067079e-06,-0.2254137173295021,36190383.714104295,63.21165797934642,True
470400.0,9.5535657673595e-06,-1.6974669620140048e-05,-5.2674518755679856e-06,-0.16697799414396286,36244379.2462783,61.99577624761242,True
470700.0,9.543480717282836e-06,-1.6435184534202563e-05,-5.172208403791956e-06,-0.10858147591352463,36300239.13625191,60.79080336911803,True
471000.0,9.529438817506891e-06,-1.5934611411694277e-05,-5.077526807895083e-06,-0.05026329308748245,36357851.7941364,59.59750097718467,True
471300.0,9.512176906879767e-06,-1.5470723042199097e-05,-4.982868432534815e-06,0.006773300468921661,36417102.617515564,58.41659316201899,True
471600.0,9.489175184349659e-06,-1.5036078593766433e-05,-4.8862953647699214e-06,0.0645543783903122,36477874.26716443,57.24877242283214,True
471900.0,9.4619235026696e-06,-1.4628983564080045e-05,-4.7891972698721474e-06,0.12107151746749878,36540046.9561418,56.09470430128175,True
472200.0,9.432499469212492e-06,-1.4250431945583841e-05,-4.691764679876087e-06,0.17717105895280838,36603498.7254734,54.95503101351719,True
472500.0,9.39760965402079e-06,-1.3893595053104946e-05,-4.591309604506932e-06,0.2329006791114807,36668105.73019498,53.830374333037334,True
472800.0,9.35929240698862e-06,-1.3556679817838813e-05,-4.4914328114487034e-06,0.287648044526577,36733742.52054282,52.72133790774696,True
473100.0,9.316798459349304e-06,-1.3238929483350148e-05,-4.389127411741356e-06,0.3425207659602165,36800282.31901823,51.628509107639104,True
473400.0,9.272523567303462e-06,-1.2941586192027899e-05,-4.285633622203022e-06,0.39708805084228516,36867597.30043507,50.552460545111245,True
473700.0,9.224394571411397e-06,-1.2658567499101991e-05,-4.181626472643529e-06,0.4505097419023514,36935558.864212155,49.49375130056256,True
474000.0,9.171801558044905e-06,-1.2388333033186427e-05,-4.075913992096503e-06,0.5026840716600418,37004037.90262253,48.45292792680525,True
474300.0,9.116287589018425e-06,-1.2132743876236418e-05,-3.967611171162844e-06,0.5549808889627457,37072905.064835094,47.43052527346635,True
474600.0,9.056333906303436e-06,-1.1886432844221417e-05,-3.858902196895997e-06,0.6062323078513145,37142031.02053585,46.42706715990727,True
474900.0,8.994194144937098e-06,-1.1652623669533568e-05,-3.748823068860929e-06,0.6571805328130722,37211286.70944491,45.44306691113047,True
475200.0,8.929913443743825e-06,-1.1430280096647039e-05,-3.637278240375963e-06,0.70740956813097,37280543.59227415,44.479027794367454,True
475500.0,8.861534920545993e-06,-1.121546210924862e-05,-3.524149406075594e-06,0.7564389184117317,37349673.89107251,43.53544335546592,True
475800.0,8.790723558384146e-06,-1.1009226170699549e-05,-3.4104631581044487e-06,0.8048661723732948,37418550.822749,42.61279767311033,True
476100.0,8.716046226669837e-06,-1.0808626996094972e-05,-3.2963356062509774e-06,0.8527022004127502,37487048.828356266,41.71156553424298,True
476400.0,8.639548372758308e-06,-1.061624882936485e-05,-3.181192923307208e-06,0.9000233560800552,37555043.79278361,40.832212543005674,True
476700.0,8.560386886870696e-06,-1.0430543483153087e-05,-3.064243188077853e-06,0.947096697986126,37622413.25752091,39.97519516664628,True
477000.0,8.47775113961811e-06,-1.0249130809825147e-05,-2.94666416778e-06,0.9923508167266846,37689036.62797989,39.14096072431746,True
477300.0,8.39374417426044e-06,-1.0073632751073092e-05,-2.8299890360017343e-06,1.0371623635292053,37754795.36629949,38.32994731700604,True
477600.0,8.308153910633825e-06,-9.904390424253506e-06,-2.7115868022065115e-06,1.0806683152914047,37819573.18635805,37.54258370274883,True
477900.0,8.217637567510142e-06,-9.735954876077813e-06,-2.592466763928769e-06,1.1242538839578629,37883256.231306896,36.779289135323204,True
478200.0,8.126448236098022e-06,-9.572879690722402e-06,-2.4741792827853715e-06,1.166624292731285,37945733.252710745,36.04047314596585,True
478500.0,8.033683045137421e-06,-9.41388674391419e-06,-2.3558181325711303e-06,1.2085741609334946,38006895.772201665,35.32653528185985,True
478800.0,7.937662453146116e-06,-9.256292173631664e-06,-2.2377135238116352e-06,1.2492978498339653,38066638.2438461,34.63786481074175,True
479100.0,7.840440709016596e-06,-9.102273224925739e-06,-2.120084388934629e-06,1.2881202325224876,38124858.203409396,33.97484038276866,True
479400.0,7.74003027331686e-06,-8.949071485631066e-06,-2.0026731490929706e-06,1.3276619911193848,38181456.408585176,33.33782965869121,True
479700.0,7.637709071275482e-06,-8.798127424824997e-06,-1.884926561501743e-06,1.366169385612011,38236336.982555896,32.72718890711576,True
480000.0,7.535570398474718e-06,-8.651018077898698e-06,-1.7689788407437845e-06,1.4039182886481285,38289407.53608387,32.14326257654923,True
480300.0,7.430773776929525e-06,-8.504274120468835e-06,-1.653899325049224e-06,1.4400839060544968,38340579.29186082,31.586382834357277,True
480600.0,7.3227542228404225e-06,-8.357189699381706e-06,-1.5388623069156893e-06,1.4766121804714203,38389767.194706865,31.056869094199467,True
480900.0,7.215074965652172e-06,-8.213121304834203e-06,-1.426468774212708e-06,1.512096531689167,38436890.0247488,30.555027527302997,True
481200.0,7.105482845635854e-06,-8.069632599472243e-06,-1.3147614659203555e-06,1.546153485774994,38481870.49322138,30.08115055046525,True
481500.0,6.9927040243831615e-06,-7.92503826119173e-06,-1.2035387868536418e-06,1.579864352941513,38524635.33546391,29.635516320925106,True
481800.0,6.880778649844959e-06,-7.783289106555458e-06,-1.0956535589912164e-06,1.6128748878836632,38565115.400660336,29.218388223487064,True
482100.0,6.766137555982799e-06,-7.64047740631213e-06,-9.8896206424115e-07,1.6452641114592552,38603245.73035124,28.830014350379162,True
482400.0,6.650265725794402e-06,-7.498154900531517e-06,-8.833282159059763e-07,1.676419422030449,38638965.63361744,28.470627003145346,True
482700.0,6.533109158014511e-06,-7.355863260727347e-06,-7.801810255614328e-07,1.706911638379097,38672218.75307534,28.140442198993888,True
483000.0,6.415211656792865e-06,-7.213924646976011e-06,-6.809409853758552e-07,1.7367250695824623,38702953.12845812,27.839659192818416,True
483300.0,6.2965158118290475e-06,-7.072660707763134e-06,-5.81356619733242e-07,1.7662905231118202,38731121.25145822,27.56846001675289,True
483600.0,6.17570437278734e-06,-6.929899598162592e-06,-4.862841045394362e-07,1.794346958398819,38756680.11792274,27.327009066476425,True
483900.0,6.054035783432306e-06,-6.787273377995007e-06,-3.9273699670161477e-07,1.8218507543206215,38779591.26829246,27.11545268658148,True
484200.0,5.931953481949161e-06,-6.645033721497384e-06,-3.023365628962438e-07,1.848457746207714,38799820.829861686,26.933918820366443,True
484500.0,5.807891493474478e-06,-6.501353198018478e-06,-2.1502043523469183e-07,1.8746639862656593,38817339.54786603,26.782516679829214,True
484800.0,5.682465330093941e-06,-6.3568709265382495e-06,-1.3023402445355714e-07,1.9000831469893456,38832122.815005146,26.66133646563852,True
485100.0,5.5575288604185205e-06,-6.2135664222751075e-06,-4.8075744274456156e-08,1.925198070704937,38844150.69213764,26.57044913268859,True
485400.0,5.43062495909152e-06,-6.068607433462603e-06,3.0896831759719134e-08,1.9488396644592285,38853407.92796065,26.50990620261847,True
485700.0,5.303362939928951e-06,-5.923765399984404e-06,1.0539779893292689e-07,1.9727256149053574,38859883.96639657,26.479739627269403,True
486000.0,5.174522100097374e-06,-5.777627592351564e-06,1.768603752339004e-07,1.9944524765014648,38863572.96033831,26.47996170054061,True
486300.0,5.0458350125349085e-06,-5.632080643636073e-06,2.450923268781935e-07,2.0163858085870743,38864473.76434334,26.51056503123351,True
486600.0,4.916036395613652e-06,-5.485680617312028e-06,3.0980614340592183e-07,2.0380413085222244,38862589.938707046,26.571522563727687,True
486900.0,4.784432595798678e-06,-5.33752032083612e-06,3.720540924234683e-07,2.058087445795536,38857929.73879886,26.66278765238711,True
487200.0,4.652897218681738e-06,-5.189855812659516e-06,4.2948600054160124e-07,2.077780656516552,38850506.097852625,26.784294195131316,True
487500.0,4.52160162580446e-06,-5.042894287043964e-06,4.822779970936608e-07,2.097604714334011,38840336.61143244,26.935956808107687,True
487800.0,4.389409378450583e-06,-4.895149771755314e-06,5.321117662049346e-07,2.115320600569248,38827443.51534961,27.11767105732244,True
488100.0,4.255492119009945e-06,-4.745705126651956e-06,5.784003960229711e-07,2.132652074098587,38811853.649777606,27.329313740753758,True
488400.0,4.120384588997117e-06,-4.595121367856336e-06,6.211280592083313e-07,2.1497431993484497,38793598.43039129,27.570743208811745,True
488700.0,3.985838249256534e-06,-4.445724414381402e-06,6.583627474299192e-07,2.165951356291771,38772713.80791945,27.84179973188038,True
489000.0,3.85102706717006e-06,-4.296089997524177e-06,6.92777494037955e-07,2.1813728362321854,38749240.22165712,28.14230589700133,True
489300.0,3.7152815539520038e-06,-4.1456077042312245e-06,7.232982035532132e-07,2.1966762766242027,38723222.54929756,28.4720670536417,True
489600.0,3.5780556771800662e-06,-3.9935942481861275e-06,7.499648191355845e-07,2.210787780582905,38694710.05346695,28.83087177622678,True
489900.0,3.4406142429099763e-06,-3.841660316084017e-06,7.72089627787409e-07,2.2240346670150757,38663756.31727391,29.21849235890293,True
490200.0,3.3040371862926398e-06,-3.6908255083289987e-06,7.906187597939152e-07,2.236929439008236,38630419.17860496,29.634685327000735,True
490500.0,3.164982398501806e-06,-3.5373000457639137e-06,8.048193222975897e-07,2.2481379210948944,38594760.65952829,30.07919197035137,True
490800.0,3.0270848879505405e-06,-3.385217468121482e-06,8.152079402634627e-07,2.2596323415637016,38556846.882706426,30.55173888176304,True
491100.0,2.888393058553364e-06,-3.2320952527697955e-06,8.220844698314522e-07,2.269201971590519,38516747.99454165,31.052038506530167,True
491400.0,2.7485998951609972e-06,-3.0777314918850607e-06,8.24712532931926e-07,2.2787254974246025,38474538.06654434,31.579789693230065,True
491700.0,2.6089722858604877e-06,-2.923477410377018e-06,8.234900050752003e-07,2.2872889786958694,38430295.00573173,32.134678238872176,True
492000.0,2.4682823565357984e-06,-2.7675432932028343e-06,8.188723157331879e-07,2.295268289744854,38384100.447829105,32.71637743020547,True
492300.0,2.32766362711472e-06,-2.6118720199974632e-06,8.09392659562036e-07,2.3026422783732414,38336039.649899,33.32454857459851,True
492600.0,2.186848040409651e-06,-2.4554132380671945e-06,7.96555795545828e-07,2.307493343949318,38286201.37633503,33.95884150871023,True
492900.0,2.0458091937694428e-06,-2.2979260165811866e-06,7.80491255625293e-07,2.3139142766594887,38234677.76889933,34.618895097306805,True
493200.0,1.9047867089545716e-06,-2.1400353773515235e-06,7.603000327094378e-07,2.3181579038500786,38181564.231869325,35.30433770481776,True
493500.0,1.7634155977649907e-06,-1.980875509843827e-06,7.364733249914934e-07,2.321051985025406,38126959.28418235,36.01478763905377,True
493800.0,1.6211816943392965e-06,-1.8192824882135028e-06,7.094450396039065e-07,2.3227979317307472,38070964.42237826,36.74985357013046,True
494100.0,1.479294077395733e-06,-1.656598385579855e-06,6.792890374640592e-07,2.3241010308265686,38013683.97032399,37.50913491696909,True
494400.0,1.3375036217025232e-06,-1.492454373419605e-06,6.456096457441163e-07,2.32463850826025,37955224.92465747,38.292222199994065,True
494700.0,1.1970921172290405e-06,-1.328082674945108e-06,6.088867507969553e-07,2.324561469256878,37895696.790216096,39.0986973566798,True
495000.0,1.0565227154467714e-06,-1.1603550262861972e-06,5.696170362057273e-07,2.3229215666651726,37835211.41153688,39.928134021751255,True
495300.0,9.157092251908526e-07,-9.893178969377914e-07,5.266144000870554e-07,2.3197411820292473,37773882.79370947,40.78009776899898,True
495600.0,7.772816513827295e-07,-8.17168967159887e-07,4.810175155967045e-07,2.3156165182590485,37711826.91871547,41.65414630661212,True
495900.0,6.402236667336617e-07,-6.429033305721532e-07,4.30778719362479e-07,2.3109976649284363,37649161.55515851,42.54982963977346,True
496200.0,5.088709906536057e-07,-4.6446510282294184e-07,3.8120252554563194e-07,2.3048866018652916,37586006.06172193,43.46669017343147,True
496500.0,3.8347504635693436e-07,-2.827458160936658e-07,3.259591068172085e-07,2.2976853996515274,37522481.17972976,44.40426279918759,True
496800.0,2.7848718730080656e-07,-9.700133318801818e-08,2.70018418291329e-07,2.2889689952135086,37458708.8241797,45.36207489294175,True
497100.0,2.2161191864725936e-07,9.488712748861872e-08,2.1170851738361307e-07,2.2791614308953285,37394811.864446916,46.339646303768674,True
497400.0,2.483671363263076e-07,2.906604379404598e-07,1.5128073016512644e-07,2.268289104104042,37330913.901703596,47.33648926366669,True
497700.0,3.394289456737385e-07,4.927095744733379e-07,8.944931551013724e-08,2.255960166454315,37267139.0391625,48.35210825085818,True
498000.0,4.552385110533909e-07,6.982238005548425e-07,2.5645171319865767e-08,2.242252714931965,37203611.645764604,49.385999791803115,True
498300.0,5.836070438224443e-07,9.142588908161997e-07,-3.892500899382867e-08,2.227588079869747,37140456.11558043,50.43765219008682,True
498600.0,7.160289632145449e-07,1.1377233306575363e-06,-1.0594470722935512e-07,2.2115669772028923,37077796.62334184,51.50654518573107,True
498900.0,8.499339465277602e-07,1.3694579763523507e-06,-1.7403709762220387e-07,2.1942882537841797,37015756.87302594,52.59214951464651,True
499200.0,9.85056596201947e-07,1.6121363728416327e-06,-2.4327514580591014e-07,2.1753010228276253,36954459.84483126,53.693926373418364,True
499500.0,1.1198805354101965e-06,1.8662172180938796e-06,-3.123257528159229e-07,2.1544490605592728,36894027.53682894,54.811326750423184,True
499800.0,1.2541984412750116e-06,2.13299642837228e-06,-3.823685048587322e-07,2.1327589824795723,36834580.70372754,55.943790609180056,True
500100.0,1.3885416279125404e-06,2.4170617223262525e-06,-4.511285993658021e-07,2.1095819398760796,36776238.597182944,57.09074586945584,True
500400.0,1.522029960149869e-06,2.7176575372322986e-06,-5.212125842035675e-07,2.0855651050806046,36719118.6987661,58.251607159482994,True
500700.0,1.6534027612708545e-06,3.035623791447506e-06,-5.912269287478011e-07,2.0588561445474625,36663336.45892293,59.42577423901796,True
501000.0,1.7852976971299248e-06,3.3802058396759094e-06,-6.602881512662861e-07,2.03175038844347,36609005.02549837,60.612630030238996,True
501300.0,1.9142277889049694e-06,3.748512483525701e-06,-7.272548359082975e-07,2.0028258562088013,36556234.987605326,61.81153810920738,True
501600.0,2.0415716673105683e-06,4.146115031744557e-06,-7.938973212162637e-07,1.973268374800682,36505134.10700061,63.02183948871756,True
501900.0,2.16673622952834e-06,4.579637760571131e-06,-8.568436840050708e-07,1.9408148229122162,36455807.064441085,64.24284842702102,True
502200.0,2.291744053916016e-06,5.058109479705308e-06,-9.184222733438219e-07,1.9081717059016228,36408355.19509369,65.47384693668435,True
502500.0,2.413399672780364e-06,5.5818366888615856e-06,-9.774286979791214e-07,1.87326779961586,36362876.24659955,66.71407744134783,True
502800.0,2.532693882304668e-06,6.164582316614542e-06,-1.0317562839645689e-06,1.8382456228137016,36319464.12386475,67.96273286002238,True
503100.0,2.6503317142826624e-06,6.81934415069918e-06,-1.0818187803351975e-06,1.8006047755479813,36278208.65815725,69.21894298521669,True
503400.0,2.7645134933179144e-06,7.557566419791328e-06,-1.1254902716473225e-06,1.7613374441862106,36239195.36666919,70.48175543665565,True
503700.0,2.8771945221767893e-06,8.402822203379401e-06,-1.1635062833192933e-06,1.7214974984526634,36202505.23210202,71.75010855008249,True
504000.0,2.986577722078744e-06,9.377125508081008e-06,-1.1928074457046023e-06,1.6806751787662506,36168214.489794426,73.02279193747486,True
504300.0,3.092279998186036e-06,1.0513156411207092e-05,-1.2113293195170627e-06,1.6376473754644394,36136394.423098706,74.29838779237122,True
504600.0,3.1954520289904087e-06,1.1861151449465979e-05,-1.21676434616802e-06,1.5938178896903992,36107111.167343184,75.57518118488076,True
504900.0,3.296150851492142e-06,1.3484360323445799e-05,-1.20632118694175e-06,1.548699326813221,36080425.534048855,76.85101885035668,True
505200.0,3.3933113841071187e-06,1.5470756522972806e-05,-1.173231368056804e-06,1.5024196803569794,36056392.8412972,78.12307929092081,True
505500.0,3.4876544974737236e-06,1.7953304080720045e-05,-1.1097396708237284e-06,1.4542446732521057,36035062.7620884,79.38748395595582,True
505800.0,3.578547450413823e-06,2.1113225727731333e-05,-1.0057743367042349e-06,1.4064743742346764,36016479.18210698,80.63861072118597,True
506100.0,3.6642313073143845e-06,2.5211674312686227e-05,-8.411735734625836e-07,1.3567562326788902,36000680.08456299,81.86782263868125,True
506400.0,3.7481081681332363e-06,3.064140940978177e-05,-5.869137567060534e-07,1.3052220046520233,35987697.43634147,83.06099340511255,True
506700.0,3.825989519475403e-06,3.777036886276619e-05,-1.910890148337785e-07,1.2535665780305862,35977557.098904684,84.19347264966326,True
507000.0,3.901873518846781e-06,4.654388462199677e-05,4.24303280510685e-07,1.2009212896227837,35970278.75957379,85.21971189421282,True
507300.0,3.973361251440704e-06,5.43108302224482e-05,1.3488763670466142e-06,1.1475430577993393,35965875.872559965,86.05407527235445,True
507600.0,4.0406415693689974e-06,5.221154799528449e-05,2.544167998053126e-06,1.093296840786934,35964355.62306636,86.55313438015465,True
507900.0,4.103828511597912e-06,3.294743390824806e-05,3.5985436284136085e-06,1.0374783277511597,35965718.90811754,86.56725522557518,True
508200.0,4.162742841759609e-06,9.827495034642197e-06,4.1085025941356434e-06,0.9809730872511864,35969960.33322603,86.09192297324898,True
508500.0,4.216637486700711e-06,-4.181589048357637e-06,4.202538278264001e-06,0.9247454106807709,35977068.23090997,85.27386524711449,True
508800.0,4.26769247186171e-06,-1.038006953990589e-05,4.13946970923007e-06,0.8676337823271751,35987024.697992936,84.25940819958034,True
509100.0,4.313230081339763e-06,-1.2623177667592245e-05,4.040867210619581e-06,0.8098913356661797,35999805.645058304,83.13695560010798,True
509400.0,4.3550522811799895e-06,-1.314029250920612e-05,3.947580623275826e-06,0.7510631233453751,36015380.86918048,81.95357765554179,True
509700.0,4.392022254094518e-06,-1.2930328324500806e-05,3.867259422918323e-06,0.6914901882410049,36033714.14026464,80.73468236291427,True
510000.0,4.424411435666401e-06,-1.2431280055125171e-05,3.799768222734201e-06,0.6325373202562332,36054763.30543061,79.49477851172703,True
510300.0,4.453201823622976e-06,-1.1829972947907663e-05,3.7443625586774942e-06,0.5725640282034874,36078480.41386993,78.24270395214218,True
510600.0,4.476405860981336e-06,-1.1213871744075732e-05,3.6958924169994134e-06,0.5125961527228355,36104811.84758862,76.98419025761397,True
510900.0,4.495481774620123e-06,-1.0622630696843771e-05,3.6533510723302243e-06,0.45320141315460205,36133698.47582994,75.7231768303359,True
511200.0,4.509907338617155e-06,-1.0065360044109184e-05,3.615217678998306e-06,0.3928682655096054,36165075.82211091,74.46251875310764,True
511500.0,4.520062258937277e-06,-9.547726278924529e-06,3.580426437110873e-06,0.33163344115018845,36198874.239302,73.20438675417465,True
511800.0,4.525327809537783e-06,-9.07579430986516e-06,3.545571715335427e-06,0.2717444598674774,36235019.10008851,71.95050320889851,True
512100.0,4.526338967881493e-06,-8.641118881769216e-06,3.5118069661166373e-06,0.21095939725637436,36273431.006295405,70.70228683696598,True
512400.0,4.523439804245957e-06,-8.239785557861978e-06,3.4791149801094434e-06,0.14969473332166672,36314025.99491398,69.4609444925405,True
512700.0,4.515720777250857e-06,-7.872321134527738e-06,3.444597496127244e-06,0.08961060643196106,36356715.76226618,68.22753115123079,True
513000.0,4.503730827444246e-06,-7.532111055752466e-06,3.40944205845517e-06,0.02952389419078827,36401407.89942348,67.00299015818875,True
513300.0,4.487473450429116e-06,-7.218927208896275e-06,3.3723118662010165e-06,-0.03111153095960617,36448006.12763962,65.78818089339671,True
513600.0,4.4672443962955415e-06,-6.9261392638964026e-06,3.334634641305456e-06,-0.09062427282333374,36496410.54226186,64.58389817547634,True
513900.0,4.44175810326556e-06,-6.65196478166763e-06,3.2942753591669316e-06,-0.15074022114276886,36546517.869419076,63.39088614947647,True
514200.0,4.4135614017733475e-06,-6.397361858034856e-06,3.253182569551427e-06,-0.20958848297595978,36598221.714699864,62.20984837993976,True
514500.0,4.379863195613508e-06,-6.1560466804166936e-06,3.2092275219497424e-06,-0.2683563232421875,36651412.829113856,61.04145532525551,True
514800.0,4.342271093267052e-06,-5.930122824793216e-06,3.1627917209675616e-06,-0.32722073793411255,36705979.367025636,59.88634993002488,True
515100.0,4.301647020966474e-06,-5.7172584604359145e-06,3.115251345775505e-06,-0.38502851128578186,36761807.14962446,58.74515188126382,True
515400.0,4.255427049936564e-06,-5.514803859796302e-06,3.0635960044378407e-06,-0.44294779747724533,36818779.93328091,57.61846088648852,True
515700.0,4.207852125661458e-06,-5.324535493400617e-06,3.0120676228762022e-06,-0.49979809671640396,36876779.66966282,56.506859207475735,True
516000.0,4.15337725571643e-06,-5.138930958992205e-06,2.9563289061229625e-06,-0.5566539317369461,36935686.77441566,55.41091367557056,True
516300.0,4.097299161897404e-06,-4.963709642424874e-06,2.9001179768783913e-06,-0.6128424927592278,36995380.385781616,54.33117725929559,True
516600.0,4.03778558474851e-06,-4.796027639031308e-06,2.841868614211762e-06,-0.6671961173415184,37055738.62632055,53.26819034193815,True
516900.0,3.9748874183588274e-06,-4.634734040109834e-06,2.7818227010811825e-06,-0.722762443125248,37116638.865286484,52.22248172851045,True
517200.0,3.907219594561153e-06,-4.476281930010373e-06,2.7197972656267666e-06,-0.7766447141766548,37177957.962732874,51.19456946368309,True
517500.0,3.836949654834891e-06,-4.324732003624376e-06,2.655909149495983e-06,-0.8300630301237106,37239572.52988905,50.18496148698541,True
517800.0,3.7628943893690653e-06,-4.178774105412231e-06,2.5888217933811575e-06,-0.8830035030841827,37301359.16967559,49.194156159642134,True
518100.0,3.6857924826999173e-06,-4.0340726172871655e-06,2.5222202069130617e-06,-0.934923492372036,37363194.71837873,48.22264267414303,True
518400.0,3.6067304937923096e-06,-3.896171904216317e-06,2.4534584781576996e-06,-0.9856453537940979,37424956.48221534,47.27090138910902,True
518700.0,3.6938734140875182e-06,-4.036649016825322e-06,2.424502483222568e-06,-1.1130691766738892,37486522.545124166,46.33940402103361,True
519000.0,3.616580998674935e-06,-3.903079203837478e-06,2.3614830269025333e-06,-1.1658334210515022,37547771.685319915,45.42861398038239,True
519300.0,3.533896095626225e-06,-3.7699112738209806e-06,2.2952029894440784e-06,-1.2178226560354233,37608584.04780691,44.538986258756815,True
519600.0,3.4506674632575565e-06,-3.6412887141068495e-06,2.2293876824619474e-06,-1.2689038217067719,37668841.05646917,43.670967614209395,True
519900.0,3.3641934474883958e-06,-3.5127274884416693e-06,2.163379392072784e-06,-1.3196898475289345,37728425.69360693,42.8249965486944,True
520200.0,3.2754289666139535e-06,-3.386528931059729e-06,2.096437178522592e-06,-1.368905521929264,37787222.695309825,42.00150325475123,True
520500.0,3.183264022187967e-06,-3.262080298327419e-06,2.0270846690095823e-06,-1.4184207990765572,37845118.747617766,41.20090952105057,True
520800.0,3.089456818928545e-06,-3.137925602914038e-06,1.959163725473445e-06,-1.466580606997013,37902002.66401931,40.4236285877563,True
521100.0,2.9928226802495982e-06,-3.0141796401039755e-06,1.8905180141359779e-06,-1.514720305800438,37957765.56912725,39.670064978122426,True
521400.0,2.8935639057307675e-06,-2.892358452299959e-06,1.8198067692765107e-06,-1.5608200505375862,38012301.06246136,38.940614273037184,True
521700.0,2.791700557726847e-06,-2.7699776978806767e-06,1.749214113999642e-06,-1.607622817158699,38065505.389663614,38.235662852928556,True
522000.0,2.687869595755078e-06,-2.647280211931502e-06,1.6793606008036477e-06,-1.6532644033432007,38117277.589216284,37.55558761294082,True
522300.0,2.5820836276347303e-06,-2.5243716379463876e-06,1.6099943707104103e-06,-1.6979677453637123,38167519.648255736,36.900755640128054,True
522600.0,2.4737990275947e-06,-2.4013662880406628e-06,1.539950943652002e-06,-1.7413991838693619,38216136.64213689,36.27152386163905,True
522900.0,2.363519036663664e-06,-2.278228805607796e-06,1.4698915435928939e-06,-1.7848734185099602,38263036.872005865,35.668238663029,True
523200.0,2.252108989309485e-06,-2.1552139628511213e-06,1.4007651216729755e-06,-1.8267245069146156,38308131.988780975,35.09123548659517,True
523500.0,2.1381534247314974e-06,-2.0296180025525246e-06,1.3329088304203651e-06,-1.8686744198203087,38351337.12146607,34.540838407872286,True
523800.0,2.0223576953744274e-06,-1.9040780330215057e-06,1.2645640410369197e-06,-1.9089998975396156,38392570.985696696,34.01735969477611,True
524100.0,1.9053012416792475e-06,-1.777953997361692e-06,1.1971258331300305e-06,-1.950190581381321,38431756.0003178,33.52109934554619,True
524400.0,1.7869391326941855e-06,-1.6502651192240592e-06,1.1313220866782103e-06,-1.9890108779072762,38468818.38001495,33.05234462495365,True
524700.0,1.6661560969572008e-06,-1.5200168661522184e-06,1.0661636764552895e-06,-2.0271978080272675,38503688.24234297,32.61136959077001,True
525000.0,1.5449075303868154e-06,-1.3888854937249562e-06,1.0027177879123883e-06,-2.0657769069075584,38536299.69224673,32.19843461242506,True
525300.0,1.4229488530035377e-06,-1.2570066871830932e-06,9.401141909393118e-07,-2.1022036150097847,38566590.903392926,31.81378589854235,True
525600.0,1.3012861243971915e-06,-1.1241860988775443e-06,8.796255883680715e-07,-2.1391761898994446,38594504.20526898,31.457655021685607,True
525900.0,1.1777652247527148e-06,-9.86608199582406e-07,8.209132182912526e-07,-2.1736974716186523,38619986.144732706,31.130258460436675,True
526200.0,1.0558879037249738e-06,-8.498424506342417e-07,7.63138444881406e-07,-2.209376186132431,38642987.56510561,30.831797150309256,True
526500.0,9.360157645914201e-07,-7.103944312802923e-07,7.084805915269499e-07,-2.2428402081131935,38663463.6537793,30.562456050106494,True
526800.0,8.174782438823568e-07,-5.674201588590222e-07,6.545001909330495e-07,-2.276529848575592,38681374.01069369,30.32240374132948,True
527100.0,7.072093086620579e-07,-4.249142477874557e-07,6.041823823466075e-07,-2.309592545032501,38696682.68949227,30.111792035692144,True
527400.0,6.059781233036675e-07,-2.7877831598743796e-07,5.557339228801084e-07,-2.3416065871715546,38709358.246158086,29.930755632356156,True
527700.0,5.220383615262506e-07,-1.2967487350579177e-07,5.097611506243993e-07,-2.372011683881283,38719373.77807606,29.779411790691725,True
528000.0,4.6658213035903613e-07,2.2023385781722027e-08,4.661894585922255e-07,-2.403039053082466,38726706.96137342,29.657860049336865,True
528300.0,4.507770931970627e-07,1.745407871567295e-07,4.2444404257935275e-07,-2.4327259212732315,38731340.073172286,29.566181980824847,True
528600.0,4.822195350189914e-07,3.312083833861834e-07,3.8657973533418044e-07,-2.460883118212223,38733260.02166359,29.504440984496075,True
528900.0,5.522722048124585e-07,4.892471281436883e-07,3.51546511012657e-07,-2.4900239184498787,38732458.366039895,29.47268213149408,True
529200.0,6.507481709138115e-07,6.511812671305961e-07,3.194881799117866e-07,-2.5171088874340057,38728931.32216134,29.470932044483977,True
529500.0,7.674563408959193e-07,8.167034764028358e-07,2.893312540663828e-07,-2.5435085967183113,38722679.78136562,29.49919882990092,True
529800.0,8.943294178712909e-07,9.823174593748263e-07,2.639869727261157e-07,-2.5691262260079384,38713709.30836215,29.55747204898029,True
530100.0,1.0311977681913512e-06,1.1535695705333637e-06,2.413016915170374e-07,-2.5949063301086426,38702030.142424114,29.645722749511037,True
530400.0,1.1726942130784243e-06,1.3265278369090083e-06,2.2178830860752896e-07,-2.6192912459373474,38687657.187416315,29.76390352685595,True
530700.0,1.3181502636381792e-06,1.5022708339529345e-06,2.0470952577511525e-07,-2.6423315703868866,38670610.00433126,29.91194864174706,True
531000.0,1.4689622877544052e-06,1.6830990432481485e-06,1.925638102306948e-07,-2.6649477556347847,38650912.793785185,30.089774173403963,True
531300.0,1.6217214718795185e-06,1.8661947649434296e-06,1.834773115660937e-07,-2.68684159219265,38628594.37191786,30.297278226603872,True
531600.0,1.7765255507617617e-06,2.0523147554740717e-06,1.767647859196586e-07,-2.7082043811678886,38603688.14477635,30.53434116513656,True
531900.0,1.934082784426823e-06,2.2424198107273696e-06,1.7518899753099504e-07,-2.728514648973942,38576232.0744004,30.800825885403476,True
532200.0,2.093866535932288e-06,2.4366170521261665e-06,1.75839083738083e-07,-2.747913770377636,38546268.64201165,31.096578135160076,True
532500.0,2.2553567874387585e-06,2.6343763011027477e-06,1.812678895873887e-07,-2.766212373971939,38513844.803264916,31.42142684235274,True
532800.0,2.41843444946001e-06,2.8361201316329243e-06,1.889124554566024e-07,-2.7837166786193848,38479011.93964697,31.77518449233281,True
533100.0,2.5837737283843926e-06,3.042708158318419e-06,2.013456068539199e-07,-2.8008839562535286,38441825.80292025,32.15764750696955,True
533400.0,2.750017532216853e-06,3.2529172528938943e-06,2.1768709501657213e-07,-2.8157264590263367,38402346.45141147,32.56859666121607,True
533700.0,2.9190402616734964e-06,3.4694982389282814e-06,2.356993320518086e-07,-2.83088718354702,38360638.18994271,33.00779750334064,True
534000.0,3.087500592969351e-06,3.6885449787860125e-06,2.578661764118806e-07,-2.844339959323406,38316769.48722573,33.475000781175105,True
534300.0,3.2581544015952707e-06,3.9136127725214465e-06,2.848398992227885e-07,-2.8565825447440147,38270812.90345182,33.96994288659384,True
534600.0,3.430708412234856e-06,4.144915806136851e-06,3.146663942743544e-07,-2.8681298568844795,38222845.00174407,34.492346295408865,True
534900.0,3.603904687709047e-06,4.381458296620622e-06,3.4616766697581625e-07,-2.878834754228592,38172946.254857264,35.041919999934855,True
535200.0,3.7789372287078293e-06,4.624681309906009e-06,3.830917165714709e-07,-2.8883854299783707,38121200.94633096,35.61835993331339,True
535500.0,3.953695628101754e-06,4.872799337363176e-06,4.2225020990827034e-07,-2.896406851708889,38067697.06438012,36.22134939817521,True
535800.0,4.130675275565905e-06,5.129476676302147e-06,4.6322139013454944e-07,-2.9035800620913506,38012526.1897966,36.85055945798451,True
536100.0,4.309226296503181e-06,5.394091800781098e-06,5.086852681301934e-07,-2.90975034981966,37955783.37369558,37.50564931805252,True
536400.0,4.4878914553367725e-06,5.665712933478062e-06,5.563037390743375e-07,-2.9140498116612434,37897567.01000166,38.18626669150636,True
536700.0,4.666890408482329e-06,5.945104163629367e-06,6.069435372069165e-07,-2.9173940643668175,37837978.70291164,38.89204812175093,True
537000.0,4.846888959193413e-06,6.233730346139055e-06,6.610174523302703e-07,-2.9202191457152367,37777123.122087374,39.622619286109696,True
537300.0,5.02789974167224e-06,6.53294603125687e-06,7.153987269248319e-07,-2.9205002933740616,37715107.85052033,40.377595264750646,True
537600.0,5.210314112694996e-06,6.84350129631639e-06,7.735808864595128e-07,-2.920362815260887,37652043.23329356,41.15658075883968,True
537900.0,5.3917797301853365e-06,7.163497002693475e-06,8.337290395843411e-07,-2.9180221557617188,37588042.20391098,41.95917028989624,True
538200.0,5.575765587340661e-06,7.4988452354318724e-06,8.950058543177875e-07,-2.9149670228362083,37523220.11806125,42.78494833650929,True
538500.0,5.757987997579983e-06,7.844673120871448e-06,9.580319257906922e-07,-2.9103710055351257,37457694.56677926,43.63348942891681,True
538800.0,5.9428134196039546e-06,8.208354870475887e-06,1.0225777842265416e-06,-2.903777614235878,37391585.19005287,44.504358194414095,True
539100.0,6.1266526825442875e-06,8.586641769170456e-06,1.087044005032567e-06,-2.896445393562317,37325013.48129486,45.39710934461492,True
539400.0,6.310190433541516e-06,8.98107933267056e-06,1.1549759690865358e-06,-2.8872112184762955,37258102.57860344,46.311287594224765,True
539700.0,6.494464723640375e-06,9.396263436656227e-06,1.2211754096824734e-06,-2.876952663064003,37190977.05699305,47.246427532703706,True
540000.0,6.678540476394178e-06,9.831892128886466e-06,1.2887703633168712e-06,-2.8647316470742226,37123762.70481731,48.20205339010434,True
540300.0,6.862270515833531e-06,1.0290199611517892e-05,1.3564944580934934e-06,-2.851097971200943,37056586.30004372,49.177678748726464,True
540600.0,7.047141381323583e-06,1.077634206581024e-05,1.423030369096523e-06,-2.8355648517608643,36989575.37361841,50.17280614229958,True
540900.0,7.2294727426413975e-06,1.12867269592698e-05,1.4897560731697013e-06,-2.8186455070972443,36922857.97058244,51.18692654684747,True
541200.0,7.413081308037711e-06,1.1831253715399725e-05,1.5544467402150985e-06,-2.7999677509069443,36856562.40077989,52.21951875209449,True
541500.0,7.595721360464426e-06,1.2409495440124374e-05,1.6178414057321788e-06,-2.779451511800289,36790816.98651757,53.270048567539924,True
541800.0,7.77719022567154e-06,1.3025606989458538e-05,1.678199005539227e-06,-2.7585764974355698,36725749.80463283,54.33796785696664,True
542100.0,7.958064587038831e-06,1.3684505347555387e-05,1.7369552338664107e-06,-2.7348120510578156,36661488.416526355,55.422713337643984,True
542400.0,8.136219673004423e-06,1.4388393850595094e-05,1.7915614733965413e-06,-2.709725357592106,36598159.607218556,56.52370511476132,True
542700.0,8.314704982034093e-06,1.5148041200063744e-05,1.843698925085846e-06,-2.6824711933732033,36535889.105732426,57.64034485228787,True
543000.0,8.492040707137142e-06,1.596860133190603e-05,1.890927492809169e-06,-2.6539105251431465,36474801.312708296,58.77201351813835,True
543300.0,8.668192316529105e-06,1.685858376276883e-05,1.9319276134410757e-06,-2.6233802139759064,36415019.01798839,59.91806854719177,True
543600.0,8.842019109969234e-06,1.7825012378125393e-05,1.9665799584345223e-06,-2.592130310833454,36356663.12296046,61.07784026984098,True
543900.0,9.016056902121634e-06,1.8884106566474657e-05,1.9951646024196634e-06,-2.558477781713009,36299852.35353645,62.250627367824855,True
544200.0,9.184569321946615e-06,2.003779982828746e-05,2.0143971326547216e-06,-2.5227686166763306,36244702.98273907,63.435691036144696,True
544500.0,9.353461097989526e-06,2.131512127334645e-05,2.0234718789424733e-06,-2.4862754568457603,36191328.54795315,64.63224738537963,True
544800.0,9.520049200004431e-06,2.2729547453081977e-05,2.0208772326668623e-06,-2.446628525853157,36139839.56641538,65.83945746228027,True
545100.0,9.684603499979773e-06,2.4305020133397193e-05,2.005420441264505e-06,-2.407190166413784,36090343.26736989,67.0564139531285,True
545400.0,9.845715688680096e-06,2.6067352564496105e-05,1.9736291534400152e-06,-2.36519131064415,36042943.30676073,68.28212323117661,True
545700.0,1.000363389153368e-05,2.805254030135984e-05,1.9227880159178312e-06,-2.3214053362607956,35997739.50831906,69.51548073865372,True
546000.0,1.0159676796542668e-05,3.030891008393155e-05,1.849314642754507e-06,-2.2760882899165154,35954827.59687954,70.75523668644811,True
546300.0,1.0311351256607363e-05,3.288593489969571e-05,1.7466511366137638e-06,-2.229527845978737,35914298.94338837,71.99994739205928,True
546600.0,1.0461349320365135e-05,3.5861410822235484e-05,1.6121657893108932e-06,-2.181369937956333,35876240.31690024,73.24790486515391,True
546900.0,1.0607091881798699e-05,3.931896034714555e-05,1.4355745889815807e-06,-2.131465218961239,35840733.64743194,74.49703273451753,True
547200.0,1.0750176353419536e-05,4.338076794851986e-05,1.2071366484178725e-06,-2.079736977815628,35807855.79829057,75.74472868635993,True
547500.0,1.0889037544973385e-05,4.819079850904018e-05,9.127398357122729e-07,-2.0271696224808693,35777678.351070635,76.98761973063176,True
547800.0,1.1024477975929659e-05,5.3943004900247615e-05,5.323093859033179e-07,-1.9735789075493813,35750267.40004759,78.22117125221246,True
548100.0,1.1155204058515537e-05,6.086343961442253e-05,3.718345453762595e-08,-1.917748637497425,35725683.3625796,79.43904381269675,True
548400.0,1.1282088290482149e-05,6.920911587826595e-05,-6.114775885635026e-07,-1.8604241386055946,35703980.80698537,80.63200339436801,True
548700.0,1.1403991837099185e-05,7.915339472219785e-05,-1.4713989315850995e-06,-1.8029587790369987,35685208.29161402,81.78602789424235,True
549000.0,1.1521932235924915e-05,9.050572941760038e-05,-2.6221499496159595e-06,-1.742769055068493,35669408.21711439,82.87897990263733,True
549300.0,1.1635319949516091e-05,0.00010186033705394948,-4.154266463274325e-06,-1.6829262599349022,35656616.71000754,83.87492162145486,True
549600.0,1.1745149739482634e-05,0.00010876518709324046,-6.132470900865883e-06,-1.621092975139618,35646863.50346238,84.71568993561037,True
549900.0,1.1848256002756295e-05,0.00010186439970993888,-8.434316427496924e-06,-1.5582683756947517,35640171.85633793,85.31431108566272,True
550200.0,1.1947413689214203e-05,7.238222673322525e-05,-1.0558184143860672e-05,-1.4942159354686737,35636558.477868624,85.56947330935341,True
550500.0,1.2041691489150504e-05,2.8185558363702512e-05,-1.1829698252086018e-05,-1.4298755154013634,35636033.4786925,85.42219339356805,True
550800.0,1.213088454183609e-05,-9.770421939947482e-06,-1.2099836439460887e-05,-1.3643972724676132,35638600.33615142,84.9069068717417,True
551100.0,1.2213644586257263e-05,-3.212045456280066e-05,-1.176199802443989e-05,-1.2976767867803574,35644255.88492252,84.11986051287928,True
551400.0,1.2292686000341038e-05,-4.2269537857464456e-05,-1.1212919915237762e-05,-1.2301081717014313,35652990.324764915,83.15491340664308,True
551700.0,1.2365099840643729e-05,-4.559309371643394e-05,-1.064930719962831e-05,-1.1624940857291222,35664787.248274595,82.07790142067664,True
552000.0,1.2433185053765047e-05,-4.562914313055444e-05,-1.01412239672527e-05,-1.0938259735703468,35679623.686201036,80.93000048421708,True
552300.0,1.2496030706079876e-05,-4.4201605533089605e-05,-9.701802454742392e-06,-1.024918057024479,35697470.17803883,79.7364942195656,True
552600.0,1.2552530613628185e-05,-4.220013400413336e-05,-9.324286253331593e-06,-0.9546400755643845,35718290.854260385,78.5132529205597,True
552900.0,1.2603934493028606e-05,-4.004571053428663e-05,-8.999851573321394e-06,-0.884962871670723,35742043.5459208,77.27061428730312,True
553200.0,1.2648212717453752e-05,-3.79201129305784e-05,-8.718029391729942e-06,-0.8145230486989021,35768679.90075944,76.01559738889776,True
553500.0,1.2688657988148641e-05,-3.5923141581406526e-05,-8.470913684277548e-06,-0.7440317869186401,35798145.528448984,74.75317049015075,True
553800.0,1.2723261327739152e-05,-3.407852594250471e-05,-8.249730939269284e-06,-0.6726472973823547,35830380.15335191,73.4869936706182,True
554100.0,1.2751504423583417e-05,-3.238373184899501e-05,-8.050540898807412e-06,-0.6015004888176918,35865317.7901366,72.21986649542727,True
554400.0,1.2775116681748751e-05,-3.0842041638834417e-05,-7.86813431830069e-06,-0.5310033187270164,35902886.927976534,70.95400598797956,True
554700.0,1.2792560145315967e-05,-2.943695784551892e-05,-7.698266770717055e-06,-0.45966771990060806,35943010.73009457,69.69122422231172,True
555000.0,1.2804541172595528e-05,-2.815857968130331e-05,-7.537767757526126e-06,-0.3887306675314903,35985607.251931176,68.43304481738527,True
555300.0,1.2811476280765149e-05,-2.698951152524387e-05,-7.387258193602975e-06,-0.3172179237008095,36030589.66151228,67.18078123013049,True
555600.0,1.281238145530799e-05,-2.5921041071796935e-05,-7.2415172240880565e-06,-0.2461668699979782,36077866.47964824,65.9355905350283,True
555900.0,1.2807519803619967e-05,-2.4940299709896863e-05,-7.100552465999499e-06,-0.17592451721429825,36127341.82277027,64.69851114053937,True
556200.0,1.2797634778130409e-05,-2.404092910524014e-05,-6.962244782471316e-06,-0.10521683096885681,36178915.65597825,63.470489700769804,True
556500.0,1.2782655656274306e-05,-2.3212030896502256e-05,-6.826789537228706e-06,-0.03498004376888275,36232484.05816544,62.25240066255433,True
556800.0,1.2762105441636375e-05,-2.2444336167382062e-05,-6.693724927231415e-06,0.03379639983177185,36287939.487350166,61.045060669745396,True
557100.0,1.2737202374175074e-05,-2.1735635584718693e-05,-6.561146300043674e-06,0.1033831238746643,36345171.04994108,59.84923933544594,True
557400.0,1.2706457881114753e-05,-2.1077340306874248e-05,-6.427546907161741e-06,0.17191941291093826,36404064.78471263,58.66566740591139,True
557700.0,1.267168130078641e-05,-2.0464394083319348e-05,-6.295822991830846e-06,0.23960230499505997,36464503.93614973,57.49504302447059,True
558000.0,1.2631174197746749e-05,-1.9891199656285607e-05,-6.1631296333075625e-06,0.30675607919692993,36526369.23784041,56.33803657736442,True
558300.0,1.2586647368208974e-05,-1.9357723004986838e-05,-6.028500472154974e-06,0.3729875907301903,36589539.19572975,55.195294508290296,True
558600.0,1.2536245096819552e-05,-1.885429330172883e-05,-5.893928872069409e-06,0.43890512734651566,36653890.368821196,54.06744233320343,True
558900.0,1.2482234941027287e-05,-1.8383975827873655e-05,-5.75715412765021e-06,0.5041641667485237,36719297.65267394,52.95508704009035,True
559200.0,1.242425454514858e-05,-1.794013275002726e-05,-5.621300303459975e-06,0.5681565478444099,36785634.558544405,51.858819036110134,True
559500.0,1.2361303665930576e-05,-1.752135275978617e-05,-5.482612834839529e-06,0.6318302527070045,36852773.488903105,50.7792137052353,True
559800.0,1.2294925037014664e-05,-1.71263689026091e-05,-5.342910867511819e-06,0.6942231953144073,36920586.015018634,49.71683269923462,True
560100.0,1.2223674054733233e-05,-1.6751773216583388e-05,-5.20036188333961e-06,0.7556217312812805,36988943.14402999,48.672224973008284,True
560400.0,1.2148989437994156e-05,-1.6395751913478307e-05,-5.05807559392224e-06,0.816783107817173,37057715.585457824,47.64592764724912,True
560700.0,1.2069622624405647e-05,-1.6055418655014364e-05,-4.914780532772056e-06,0.875874437391758,37126774.01494965,46.63846669579599,True
561000.0,1.1987324466066261e-05,-1.5732846776472798e-05,-4.76907327850995e-06,0.9340810999274254,37195989.323809884,45.65035751447629,True
561300.0,1.190233031669867e-05,-1.5425698308035862e-05,-4.622679831811638e-06,0.9920609444379807,37265232.87169875,44.68210537630885,True
561600.0,1.1813797044035688e-05,-1.5131670096479866e-05,-4.474964249823188e-06,1.0488225668668747,37334376.730535224,43.734205780286814,True
561900.0,1.1720998863957878e-05,-1.4848553661295227e-05,-4.325732078314104e-06,1.1042125225067139,37403293.918086134,42.80714472239712,True
562200.0,1.1624187343507534e-05,-1.45754636946549e-05,-4.175271705264549e-06,1.158224880695343,37471858.62774339,41.90139888687605,True
562500.0,1.1525434755077735e-05,-1.4313582113345547e-05,-4.025079832103984e-06,1.2124100774526596,37539946.44897663,41.01743576827591,True
562800.0,1.1424262822571635e-05,-1.4062422508231975e-05,-3.872701533680356e-06,1.2638464719057083,37607434.587805875,40.15571372345948,True
563100.0,1.1320002346529909e-05,-1.3819171698514765e-05,-3.7200725984121163e-06,1.3149821385741234,37674202.063836984,39.3166819775396,True
563400.0,1.1212847438713743e-05,-1.3583292968633032e-05,-3.5672223361871147e-06,1.3657423108816147,37740129.91735383,38.50078055948002,True
563700.0,1.1101684831814933e-05,-1.33531110009244e-05,-3.4128209946970856e-06,1.4146011620759964,37805101.39969336,37.708440192179886,True
564000.0,1.0990587403617861e-05,-1.3132045239672152e-05,-3.2599817956224797e-06,1.462563507258892,37869002.15291584,36.94008213844226,True
564300.0,1.0875567927918093e-05,-1.2915304466787347e-05,-3.105839304851088e-06,1.509160801768303,37931720.38965419,36.19611798414801,True
564600.0,1.0758389910793276e-05,-1.2703736160801782e-05,-2.9526630669352016e-06,1.5547842681407928,37993147.05883326,35.47694939912138,True
564900.0,1.06387793110521e-05,-1.2497101749886497e-05,-2.7985301898070247e-06,1.5999096781015396,38053176.00674384,34.78296783645292,True
565200.0,1.0516942174864754e-05,-1.2294627367737121e-05,-2.6448457433048134e-06,1.64284148812294,38111704.131902374,34.11455421040709,True
565500.0,1.039322820081106e-05,-1.2096056906329977e-05,-2.4922759820356077e-06,1.6859177500009537,38168631.523833156,33.47207852746079,True
565800.0,1.0268346270146297e-05,-1.190203229839426e-05,-2.340045476501018e-06,1.7265644744038582,38223861.60947733,32.85589948859562,True
566100.0,1.0141717331530122e-05,-1.1711324418683944e-05,-2.188339422559693e-06,1.7672671005129814,38277301.27326749,32.266364065972304,True
566400.0,1.0011924366066763e-05,-1.1521482292664587e-05,-2.0384912637894104e-06,1.8066168427467346,38328860.98882708,31.703807052282144,True
566700.0,9.882697055082378e-06,-1.1336764487168693e-05,-1.890017458094917e-06,1.8447989895939827,38378454.929053314,31.1685505856926,True
567000.0,9.749573639810243e-06,-1.1151619190741258e-05,-1.742319305719775e-06,1.8817774951457977,38426001.07646092,30.66090366228982,True
567300.0,9.616915383166172e-06,-1.0970725071501874e-05,-1.596126889324978e-06,1.9186826199293137,38471421.323416546,30.181161635394716,True
567600.0,9.482153647051972e-06,-1.079048072938349e-05,-1.4528646126166223e-06,1.9536657705903053,38514641.571138576,29.72960570443147,True
567900.0,9.344367406553707e-06,-1.0609901636371433e-05,-1.310751599703508e-06,1.988620676100254,38555591.81120323,29.30650239682362,True
568200.0,9.206849762647307e-06,-1.0432360198819879e-05,-1.1708558318446194e-06,2.0208888053894043,38594206.21557844,28.912103060931937,True
568500.0,9.067706543809868e-06,-1.0255460153985041e-05,-1.0328872939169287e-06,2.053700491786003,38630423.20157167,28.546643354700407,True
568800.0,8.92720990615279e-06,-1.0079201643975466e-05,-8.975473413386226e-07,2.085456743836403,38664185.51172087,28.21034275174821,True
569100.0,8.786431552612163e-06,-9.904565160923084e-06,-7.653032909615831e-07,2.11610047519207,38695440.27050978,27.903404059686835,True
569400.0,8.64231495034826e-06,-9.727991198360542e-06,-6.352893038297225e-07,2.1463780850172043,38724139.04223153,27.626012959203234,True
569700.0,8.499879583023807e-06,-9.554887157037228e-06,-5.08798844833791e-07,2.174927957355976,38750237.88518209,27.378337573091517,True
570000.0,8.353730748871513e-06,-9.379020212918476e-06,-3.860523669629856e-07,2.2031190544366837,38773697.39237195,27.160528058447387,True
570300.0,8.207890303288049e-06,-9.204885827784892e-06,-2.652761885713062e-07,2.2302410304546356,38794482.73625803,26.972716235350536,True
570600.0,8.061710229160944e-06,-9.031521955193966e-06,-1.4857721453154227e-07,2.2569718807935715,38812563.699665084,26.815015260507046,True
570900.0,7.913563065634503e-06,-8.857026500663778e-06,-3.60932226328714e-08,2.2825664579868317,38827914.70753977,26.68751933096464,True
571200.0,7.764741284046103e-06,-8.68276805476853e-06,7.36779846022273e-08,2.30788966268301,38840514.84749026,26.5903034390295,True
571500.0,7.6137686815206754e-06,-8.50701576382562e-06,1.788272854241768e-07,2.3309162706136703,38850347.892556965,26.52342317970081,True
571800.0,7.463623667780413e-06,-8.333058246989822e-06,2.794815792128702e-07,2.354291044175625,38857402.30667804,26.48691459768162,True
572100.0,7.311485396275852e-06,-8.157704172617741e-06,3.756393418541393e-07,2.377106599509716,38861671.26073895,26.480794093829115,True
572400.0,7.158861956441892e-06,-7.98247035049826e-06,4.6915317142293134e-07,2.3980741798877716,38863152.63206812,26.505058380484844,True
572700.0,7.005552084685768e-06,-7.807377983226615e-06,5.559426696777336e-07,2.419199414551258,38861848.99829237,26.559684500231185,True
573000.0,6.8519431020094294e-06,-7.632632815557372e-06,6.389488547142719e-07,2.4391383603215218,38857767.63639251,26.644629877613063,True
573300.0,6.6970725974080855e-06,-7.457135637878309e-06,7.178478043101677e-07,2.458612732589245,38850920.504585594,26.759832447279233,True
573600.0,6.540272704118183e-06,-7.2802086492629314e-06,7.917471904761442e-07,2.4772371724247932,38841324.227675214,26.905210821220006,True
573900.0,6.383664901888152e-06,-7.104327892193396e-06,8.601111964878783e-07,2.494635172188282,38829000.07297795,27.080664508206052,True
574200.0,6.226296768763858e-06,-6.92816922764905e-06,9.24601536667069e-07,2.51127440482378,38813973.92136907,27.286074180564505,True
574500.0,6.067603395553161e-06,-6.751469186383474e-06,9.828795235478083e-07,2.527637869119644,38796276.234795585,27.521301994577616,True
574800.0,5.9094624806354045e-06,-6.576097746346932e-06,1.0366303158093615e-06,2.542950138449669,38775942.01899224,27.786191939124485,True
575100.0,5.749834506460664e-06,-6.399716028226976e-06,1.0857957768450888e-06,2.5575195997953415,38753010.77728457,28.080570237054882,True
575400.0,5.589335917562756e-06,-6.223581607400774e-06,1.1279270282216203e-06,2.5708832889795303,38727526.46322993,28.40424577650619,True
575700.0,5.428025882109075e-06,-6.046981724239231e-06,1.1665332593224775e-06,2.583475135266781,38699537.42430356,28.757010564115184,True
576000.0,5.266784166664181e-06,-5.8713544603961054e-06,1.1998163564896913e-06,2.596014142036438,38669096.34235452,29.138640224320326,True
576300.0,5.104319180150551e-06,-5.695108058034748e-06,1.228106501827142e-06,2.6071081683039665,38636260.17024945,29.548894501850434,True
576600.0,4.939931137361057e-06,-5.517814628319684e-06,1.2499870685189762e-06,2.616677075624466,38601090.05700823,29.987517792699727,True
576900.0,4.776486536328272e-06,-5.342532119811949e-06,1.2667654480935653e-06,2.626173213124275,38563651.27035586,30.454239679162708,True
577200.0,4.612539167418318e-06,-5.166988671589934e-06,1.280095602851361e-06,2.6348413601517677,38524013.117346026,30.94877547935412,True
577500.0,4.446993626773047e-06,-4.9909700976513705e-06,1.2865306686649092e-06,2.641660526394844,38482248.85330888,31.470826802710786,True
577800.0,4.282333386342708e-06,-4.816443038180296e-06,1.2891598402120508e-06,2.648303337395191,38438435.583678775,32.020082086707966,True
578100.0,4.115155388917888e-06,-4.639837669628832e-06,1.286143564982467e-06,2.6540466025471687,38392654.167660154,32.596217150503215,True
578400.0,3.948718562249304e-06,-4.465058196956306e-06,1.2778207079122694e-06,2.6586934477090836,38344989.10756213,33.198895719553704,True
578700.0,3.7813294390256328e-06,-4.290238507564936e-06,1.2635704464969422e-06,2.6620160415768623,38295528.43518619,33.827769945966075,True
579000.0,3.6134932570462863e-06,-4.114551359180041e-06,1.246689258493916e-06,2.664446458220482,38244363.590436146,34.48248090250866,True
579300.0,3.4457536153311684e-06,-3.939779901429574e-06,1.2244756320001215e-06,2.666222020983696,38191589.29484543,35.16265906955807,True
579600.0,3.278162176577682e-06,-3.7660209386558563e-06,1.1968457442890212e-06,2.6662122532725334,38137303.41870382,35.86792477840393,True
579900.0,3.109748654292763e-06,-3.5907299036352924e-06,1.166241204941798e-06,2.665380448102951,38081606.83674755,36.5978886351909,True
580200.0,2.940183176137551e-06,-3.4148243912568432e-06,1.1296334250232576e-06,2.662830166518688,38024603.28439149,37.35215192202453,True
580500.0,2.7718932244830935e-06,-3.2399548501871323e-06,1.0900237938926693e-06,2.6600310429930687,37966399.198850386,38.130306945446954,True
580800.0,2.602113274575531e-06,-3.06335689970183e-06,1.0452161163243545e-06,2.655585877597332,37907103.56274451,38.93193737237885,True
581100.0,2.432169630360351e-06,-2.8853970093223325e-06,9.975141139761945e-07,2.6493162885308266,37846827.731387176,39.75661850797427,True
581400.0,2.2622640864027043e-06,-2.7073881767591956e-06,9.448118376553793e-07,2.6427978575229645,37785685.256618515,40.60391755321201,True
581700.0,2.0929760545578126e-06,-2.5287085350100824e-06,8.892579259622835e-07,2.634471893310547,37723791.70907625,41.473393804481674,True
582000.0,1.9242111561261337e-06,-2.349607854057467e-06,8.298720430843787e-07,2.625063084065914,37661264.4832178,42.36459882729178,True
582300.0,1.7551068932107177e-06,-2.1673822345746885e-06,7.684101248628394e-07,2.613888643682003,37598222.60457928,43.27707657331472,True
582600.0,1.585903466847035e-06,-1.9838431626340025e-06,7.021680090701921e-07,2.601738393306732,37534786.52369421,44.21036346547402,True
582900.0,1.4182011464712967e-06,-1.7995074585996917e-06,6.336001945328462e-07,2.5879789888858795,37471077.90915397,45.1639884193691,True
583200.0,1.249153517157849e-06,-1.6093166266273329e-06,5.628831019066638e-07,2.573717087507248,37407219.42814602,46.13747283268696,True
583500.0,1.081777774219584e-06,-1.4185435475155828e-06,4.88732993630947e-07,2.5573750734329224,37343334.5283263,47.13033051448189,True
583800.0,9.14624364118509e-07,-1.2232868016326393e-06,4.1257895588842075e-07,2.539125517010689,37279547.204828694,48.14206755558859,True
584100.0,7.486267649610732e-07,-1.024849041186826e-06,3.3391076215139037e-07,2.520261727273464,37215981.766627654,49.1721821475534,True
584400.0,5.837386795760577e-07,-8.209776183321082e-07,2.545925568142593e-07,2.4997051060199738,37152762.60039052,50.22016432594581,True
584700.0,4.198561416414825e-07,-6.114913730925764e-07,1.732344969695987e-07,2.4764527827501297,37090013.92339991,51.28549564851994,True
585000.0,2.579752693177084e-07,-3.9605689039490244e-07,8.98321701470195e-08,2.4529257863759995,37027859.53101797,52.3676487767887,True
585300.0,1.0216112446684794e-07,-1.7128564877566532e-07,6.309882394361921e-09,2.4277314990758896,36966422.550659746,53.4660869604387,True
585600.0,8.631786976202605e-08,5.8870995189863606e-08,-7.928834122594708e-08,2.4010811150074005,36905825.17956547,54.58026340694486,True
585900.0,2.3543001215010657e-07,2.9948591873107944e-07,-1.6419083692653658e-07,2.372933104634285,36846188.42688138,55.70962048907759,True
586200.0,3.918319994446416e-07,5.51779436364086e-07,-2.500162494811775e-07,2.34226793050766,36787631.85227417,56.85358878694643,True
586500.0,5.471274126252534e-07,8.162298286151781e-07,-3.3523448195182937e-07,2.311423569917679,36730273.29782939,58.01158588250479,True
586800.0,7.034272469674559e-07,1.0994293972999003e-06,-4.213980488998459e-07,2.2784862518310547,36674228.63096579,59.18301487255345,True
587100.0,8.553116126159564e-07,1.3945364401024563e-06,-5.06093137175867e-07,2.243887573480606,36619611.47298842,60.3672624856132,True
587400.0,1.0059009805716855e-06,1.712104534590253e-06,-5.892092929116188e-07,2.2078055292367935,36566532.93749905,61.56369670921196,True
587700.0,1.1552947551269017e-06,2.0538473961551063e-06,-6.720461414033707e-07,2.169357530772686,36515101.36853264,62.77166374090511,True
588000.0,1.3030831747167333e-06,2.4241758183052298e-06,-7.536240218541934e-07,2.1307483538985252,36465422.076150484,63.99048403473823,True
588300.0,1.4463125734903686e-06,2.82409541796369e-06,-8.310646393283605e-07,2.0902797654271126,36417597.08650873,65.21944712022754,True
588600.0,1.5888408933354523e-06,3.266577408567173e-06,-9.066650648037466e-07,2.0473826080560684,36371724.884194344,66.45780472229167,True
588900.0,1.7270455399864464e-06,3.751043010424837e-06,-9.785519097249562e-07,2.003196157515049,36327900.16427774,67.7047614663988,True
589200.0,1.8635448108214123e-06,4.292831334851144e-06,-1.0475460925363222e-06,1.958401843905449,36286213.593364455,68.95946217192039,True
589500.0,1.997683756917907e-06,4.906929945036609e-06,-1.1106617137102148e-06,1.911855973303318,36246751.57709992,70.22097414339352,True
589800.0,2.127384081346008e-06,5.599527867161669e-06,-1.1683463725375987e-06,1.8634446486830711,36209596.03170301,71.4882620694401,True
590100.0,2.2544727610509947e-06,6.402055333865064e-06,-1.2176000296904022e-06,1.8136152476072311,36174824.16806793,72.76015166651358,True
590400.0,2.3775223186885475e-06,7.3329275949163275e-06,-1.2588775319954948e-06,1.7620196714997292,36142508.28697842,74.03527584752295,True
590700.0,2.4974764841315125e-06,8.436235304998263e-06,-1.2891229204115007e-06,1.709981307387352,36112715.581679545,75.31199290317254,True
591000.0,2.613499732290677e-06,9.761986518697086e-06,-1.3051744218728345e-06,1.6559120863676071,36085507.959607616,76.58825853729904,True
591300.0,2.7265475646744223e-06,1.1389712483378389e-05,-1.303098741800568e-06,1.6009868755936623,36060941.866858914,77.86141903232733,True
591600.0,2.835325898213501e-06,1.341854823522226e-05,-1.2779759543946057e-06,1.5442666336894035,36039068.13704739,79.12786427935984,True
591900.0,2.939365903335593e-06,1.6012109142593545e-05,-1.2179379069721108e-06,1.486903890967369,36019931.84570431,80.38242073458906,True
592200.0,3.0398931401282654e-06,1.9409663053693293e-05,-1.1108814987892401e-06,1.427921287715435,36003572.18845304,81.61723850189274,True
592500.0,3.1361779273940336e-06,2.3957385053563485e-05,-9.319565776877425e-07,1.3672749176621437,35990022.36790252,82.81964645463233,True
592800.0,3.2272714119184884e-06,3.0098939618028453e-05,-6.408299242366411e-07,1.306042455136776,35979309.499997415,83.96782044789765,True
593100.0,3.3140353366750224e-06,3.81405875486962e-05,-1.695274534085911e-07,1.2434249445796013,35971454.54063331,85.02182716495183,True
593400.0,3.3979995174067246e-06,4.690791490702395e-05,5.770946671646016e-07,1.1805014833807945,35966472.22300689,85.90631870331154,True
593700.0,3.475122410758624e-06,5.011514673469719e-05,1.6308078301108253e-06,1.1157723516225815,35964371.02098334,86.48940738390327,True
594000.0,3.548117370378951e-06,3.8432338101301866e-05,2.725574745454651e-06,1.0507727786898613,35965153.12042243,86.61140227917846,True
594300.0,3.6173522612192924e-06,1.8096752057772392e-05,3.4158198047862243e-06,0.9844641461968422,35968814.419882044,86.22789219873088,True
594600.0,3.6809589597850317e-06,3.261189760905836e-06,3.6719226557124784e-06,0.9179440587759018,35975344.53918529,85.46659829416141,True
594900.0,3.739454985622034e-06,-4.257797769469107e-06,3.7169849491647255e-06,0.8494381457567215,35984726.85581669,84.48333624292174,True
595200.0,3.792231709672924e-06,-7.547570902488587e-06,3.6910006997459277e-06,0.7809649109840393,35996938.547586486,83.37807526620809,True
595500.0,3.840246097833933e-06,-8.842583270052273e-06,3.648145224133259e-06,0.7121178731322289,36011950.66585293,82.20451281853416,True
595800.0,3.884733944625161e-06,-9.218396030519216e-06,3.6066086863684177e-06,0.6427033543586731,36029728.21720436,80.99138010176185,True
596100.0,3.921263076972124e-06,-9.151630564474544e-06,3.5674738683155738e-06,0.5725663006305695,36050230.26481941,79.75486702298109,True
596400.0,3.954961022626721e-06,-8.905577601581172e-06,3.5343892932360177e-06,0.502088263630867,36073410.045486666,78.50470235672053,True
596700.0,3.9823523894350126e-06,-8.573506335096681e-06,3.5038983128288237e-06,0.43042492866516113,36099215.10460201,77.24711556523982,True
597000.0,4.0049702217925485e-06,-8.209791673152722e-06,3.476713018812916e-06,0.35893315076828003,36127587.44100632,75.98633863751404,True
597300.0,4.021683185205466e-06,-7.844564549941424e-06,3.4500788785862824e-06,0.28701552748680115,36158463.67368095,74.72540653750522,True
597600.0,4.034010807478058e-06,-7.490040673019394e-06,3.4249191998014794e-06,0.215878926217556,36191775.21399115,73.46660508504782,True
597900.0,4.039905404876636e-06,-7.152432687007604e-06,3.39798522475121e-06,0.14329219609498978,36227448.45952719,72.21173294679821,True
598200.0,4.041733289134408e-06,-6.836579103719487e-06,3.3708421227629515e-06,0.07144548743963242,36265404.986532405,70.96226103442558,True
598500.0,4.039066802350991e-06,-6.53662900162999e-06,3.343743230743712e-06,-0.000819675624370575,36305561.76870534,69.71943293976445,True
598800.0,4.030114581642598e-06,-6.256862661757623e-06,3.3130036456441303e-06,-0.07339451462030411,36347831.39339049,68.48433018191398,True
599100.0,4.015978856157276e-06,-5.991065393118333e-06,3.280855324305776e-06,-0.14557190984487534,36392122.291839,67.25791575090099,True
599400.0,3.996699022725891e-06,-5.739807562576971e-06,3.2466642636563847e-06,-0.21777278184890747,36438338.978312224,66.04106390075611,True
599700.0,3.972244591128143e-06,-5.504454719584828e-06,3.209355355693333e-06,-0.28893862664699554,36486382.291634135,64.83458095963758,True
600000.0,3.942940803467527e-06,-5.281346034280432e-06,3.1697950362286065e-06,-0.36047010868787766,36536149.64907444,63.639220155963635,True
600300.0,3.909807190933787e-06,-5.068477491931844e-06,3.129379223310025e-06,-0.4317982792854309,36587535.29666285,62.45569237229854,True
600600.0,3.870743445206218e-06,-4.867816215892162e-06,3.0842754767945735e-06,-0.5031119138002396,36640430.570489354,61.284674073922375,True
600900.0,3.825843947075714e-06,-4.671777048770309e-06,3.036855019900031e-06,-0.57320686429739,36694724.156012766,60.12681322153316,True
601200.0,3.7795758945571277e-06,-4.489378994776416e-06,2.9889056278875614e-06,-0.6430074945092201,36750302.35501295,58.982733767820974,True
601500.0,3.7252739475539796e-06,-4.309321354867279e-06,2.9359849449406283e-06,-0.7123948186635971,36807049.34694129,57.85303910823084,True
601800.0,3.668380164844107e-06,-4.137530567049907e-06,2.8822484523516323e-06,-0.7812460511922836,36864847.45473244,56.738314739695745,True
602100.0,3.606082016347172e-06,-3.971717490003357e-06,2.8246822978417185e-06,-0.8497361689805984,36923577.4093283,55.63913037242954,True
602400.0,3.5414846304482755e-06,-3.812373307710004e-06,2.7666568840345462e-06,-0.9171689972281456,36983118.61142692,54.55604157433931,True
602700.0,3.470648855553116e-06,-3.654466610214513e-06,2.705152645887665e-06,-0.9846616312861443,37043349.39507254,53.48959110504941,True
603000.0,3.395501378007164e-06,-3.5012033663406328e-06,2.6408777671349526e-06,-1.050819806754589,37104147.28156509,52.440309964637656,True
603300.0,3.317467950538113e-06,-3.3520350655180664e-06,2.575629309831129e-06,-1.1164648309350014,37165389.239140764,51.408718247674464,True
603600.0,3.2352570518722524e-06,-3.2055154406407382e-06,2.508207082030367e-06,-1.1807620897889137,37226951.930214606,50.39532583216295,True
603900.0,3.148408627624839e-06,-3.061046328411976e-06,2.4380967929005237e-06,-1.2446913719177246,37288711.96161652,49.40063292479557,True
604200.0,3.0593162309444844e-06,-2.917533294066743e-06,2.3687655144044584e-06,-1.3076362535357475,37350546.12313913,48.42513049374295,True
604500.0,2.965327550219589e-06,-2.7774524937740352e-06,2.295233954896503e-06,-1.3700036257505417,37412331.626898594,47.469300621749255,True
604800.0,2.868563290398667e-06,-2.6385660021333024e-06,2.2212387449371818e-06,-1.4311088547110558,37473946.33638136,46.5336167474647,True
