seconds_after_cutoff,line_of_sight_error_deg,azimuth_error_deg,elevation_error_deg,range_error_m,reference_range_m,reference_elevation_deg,reference_visible
248.81605744361877,5.407850927555721e-10,5.121592039358802e-10,-1.8922818867395108e-10,0.0022264420986175537,135837788.02184442,8.459038186037757,False
548.8160572052002,7.338770667038191e-10,6.637037586187944e-10,-3.3167246726861777e-10,0.0020540952682495117,135519833.54556587,9.485706978841316,False
848.8160572052002,1.0020456730491776e-09,8.680842711328296e-10,-5.25002263884744e-10,0.001719832420349121,135200588.74719694,10.513093240304295,True
1148.8160569667816,1.2178667237730395e-09,1.0383303106209496e-09,-6.694822474173634e-10,0.0015308260917663574,134880097.18385133,11.541088694618812,True
1448.8160569667816,1.474281087120376e-09,1.2415171113389079e-09,-8.397513795443956e-10,0.0012544989585876465,134558402.315219,12.569582626276578,True
1748.8160569667816,1.7577847345757738e-09,1.469317112423596e-09,-1.0247998005752379e-09,0.0009219944477081299,134235547.48283908,13.598461548101303,True
2048.816056728363,1.9907108984401135e-09,1.6669901015120558e-09,-1.1667609101095877e-09,0.0007217079401016235,133911575.88757217,14.627608862400667,True
2348.816056728363,2.294841300971158e-09,1.9228423298045527e-09,-1.3558292266679928e-09,0.00035716593265533447,133586530.56743032,15.656904505013825,True
2648.8160564899445,2.5359638906686396e-09,2.139529442501953e-09,-1.4936318848413066e-09,0.00015453994274139404,133260454.37608461,16.686224561312642,True
2948.8160564899445,2.855770188783106e-09,2.422552825009916e-09,-1.6822809811856132e-09,-0.00023154914379119873,132933389.95975833,17.715440873630207,True
3248.816056251526,3.0780583178440757e-09,2.639666263348772e-09,-1.7961347964501329e-09,-0.00036992132663726807,132605379.73538093,18.74442061079994,True
3548.816056251526,3.3968933319508695e-09,2.9392310807452304e-09,-1.971915963849824e-09,-0.0007370412349700928,132276465.86759453,19.773025825093413,True
3848.816056251526,3.733295011626894e-09,3.2626417123537976e-09,-2.152933831212067e-09,-0.0011392682790756226,131946690.24628334,20.80111296649089,True
4148.816056013107,4.002260240701326e-09,3.5424818634055555e-09,-2.281247191149305e-09,-0.0013665258884429932,131616094.46362433,21.828532373228725,True
4448.816056013107,4.347390480934479e-09,3.894342626153957e-09,-2.4539410503621184e-09,-0.0017746388912200928,131284719.79095697,22.85512772638056,True
4748.816055774689,4.6314560843343e-09,4.2073509121109964e-09,-2.578712354761592e-09,-0.0020222514867782593,130952607.15635245,23.880735456178403,True
5048.816055774689,4.9578060795484266e-09,4.567311862047063e-09,-2.7237696542670164e-09,-0.002366572618484497,130619797.12071843,24.905184117664508,True
5348.816055774689,5.312135182656297e-09,4.964306299370946e-09,-2.8785578365386755e-09,-0.0027729272842407227,130286329.85560533,25.92829370554663,True
5648.81605553627,5.612508035883122e-09,5.327962071532966e-09,-2.9906104259680433e-09,-0.003033682703971863,129952245.11933425,26.94987492474899,True
5948.81605553627,5.988143062727476e-09,5.772619715571636e-09,-3.140808502166692e-09,-0.003475591540336609,129617582.23366186,27.969728403150114,True
6248.816055297852,6.298219867296517e-09,6.173650035634637e-09,-3.2411691108791274e-09,-0.0037409067153930664,129282380.06115006,28.98764383214052,True
6548.816055297852,6.6865503089535844e-09,6.662844498350751e-09,-3.3789469000566896e-09,-0.004195705056190491,128946676.98115937,30.003399050239327,True
6848.816055059433,7.012524543856277e-09,7.111111699487083e-09,-3.4690792460878583e-09,-0.0044806599617004395,128610510.86724088,31.016759036620194,True
7148.816055059433,7.382490479481745e-09,7.619377129230998e-09,-3.574065488010092e-09,-0.004867494106292725,128273919.06307897,32.02747483452685,True
7448.816055059433,7.781680785999477e-09,8.176442634066916e-09,-3.6836098615822266e-09,-0.005319744348526001,127936938.36016724,33.035282370486215,True
7748.816054821014,8.12577331259795e-09,8.69945893100521e-09,-3.7498750771192135e-09,-0.005618050694465637,127599604.97391738,34.039901181805575,True
8048.816054821014,8.547626582385224e-09,9.323741778644035e-09,-3.845499918497808e-09,-0.006108015775680542,127261954.52043878,35.04103303500161,True
8348.816054582596,8.90153802939996e-09,9.901043540594401e-09,-3.890704647346865e-09,-0.0064097195863723755,126924021.99402983,36.03836041694036,True
8648.816054582596,9.341170929289761e-09,1.0594362720439676e-08,-3.965858752508211e-09,-0.0069255828857421875,126585841.74352755,37.03154490925951,True
8948.816054344177,9.675855585241331e-09,1.119963144446956e-08,-3.9719978417451784e-09,-0.007153436541557312,126247447.44985452,38.020225409260206,True
9248.816054344177,1.0115646878355788e-08,1.1948372957704123e-08,-4.014154342257825e-09,-0.007647529244422913,125908872.10302956,39.00401621258189,True
9548.816054344177,1.05751506657837e-08,1.2750774658343289e-08,-4.0469529949405114e-09,-0.00818239152431488,125570147.979543,39.98250491994199,True
9848.816054105759,1.096264456368466e-08,1.3500965678758803e-08,-4.026979638638295e-09,-0.00851324200630188,125231306.61978525,40.95525017692966,True
10148.816054105759,1.1434222397813975e-08,1.4383914503923734e-08,-4.024784061584796e-09,-0.009056195616722107,124892378.80555536,41.92177922646765,True
10448.81605386734,1.1835736243350735e-08,1.5216301108011976e-08,-3.970392015162361e-09,-0.009397849440574646,124553394.5382706,42.881585254563724,True
10748.81605386734,1.2326022533204522e-08,1.6195571106436546e-08,-3.930239245164557e-09,-0.009965464472770691,124214383.01649189,43.83412453900493,True
11048.816053628922,1.2709020632937184e-08,1.707513774817926e-08,-3.822748340098769e-09,-0.010228723287582397,123875372.61450258,44.77881336722554,True
11348.816053628922,1.320062809889543e-08,1.813475591916358e-08,-3.731742026502616e-09,-0.010772675275802612,123536390.86067694,45.715024742468145,True
11648.816053628922,1.371305885155312e-08,1.9265598893980496e-08,-3.6191138974572823e-09,-0.011359825730323792,123197464.41612478,46.64208485067727,True
11948.816053390503,1.4151981326145858e-08,2.0338177364465082e-08,-3.4510350133132306e-09,-0.011732429265975952,122858619.0536455,47.559269310100134,True
12248.816053390503,1.4676928085095681e-08,2.1575289110842277e-08,-3.2793963100630208e-09,-0.012327060103416443,122519879.63687572,48.465799204259994,True
12548.816053152084,1.5135604868417323e-08,2.276152599733905e-08,-3.053386876672448e-09,-0.012725338339805603,122181270.10016282,49.360836908713914,True
12848.816053152084,1.5642690111949056e-08,2.4063155024123262e-08,-2.805656151849689e-09,-0.013241976499557495,121842813.42785385,50.24348175968321,True
13148.816053152084,1.618231324104044e-08,2.5460394681431353e-08,-2.5271873482779483e-09,-0.013834625482559204,121504531.63527526,51.1127655865124,True
13448.816052913666,1.6663686668070283e-08,2.6811335374077316e-08,-2.19385754007817e-09,-0.014249250292778015,121166445.74860719,51.96764818935479,True
13748.816052913666,1.7230131541742697e-08,2.83409349322028e-08,-1.83506188022875e-09,-0.014885351061820984,120828575.78584687,52.807012840812696,True
14048.816052675247,1.7724619261377724e-08,2.9794080091960495e-08,-1.416282202626462e-09,-0.015303254127502441,120490940.7384847,53.62966191929877,True
14348.816052675247,1.831286736356671e-08,3.144151605738443e-08,-9.634462116991926e-10,-0.01596781611442566,120153558.55278991,54.4343128396911,True
14648.816052436829,1.8789340368812935e-08,3.2929534654613235e-08,-4.4443027036322746e-10,-0.016299232840538025,119816446.11211643,55.2195944482092,True
14948.816052436829,1.938038248417774e-08,3.464285214249685e-08,1.1594636362133315e-10,-0.016937240958213806,119479619.2195663,55.98404413619317,True
15248.816052436829,1.999387422033985e-08,3.641787316155387e-08,7.3462302907501e-10,-0.017621800303459167,119143092.58074199,56.726105935931706,True
15548.81605219841,2.0530776696378458e-08,3.806167114817072e-08,1.4171419593367318e-09,-0.01807074248790741,118806879.78728352,57.444129951513446,True
15848.81605219841,2.1159295609706828e-08,3.9872361412562896e-08,2.161684165002953e-09,-0.018763810396194458,118470993.3008005,58.13637350805583,True
16148.816051959991,2.171321601767738e-08,4.152252586209215e-08,2.9697844183829147e-09,-0.01922479271888733,118135444.4374726,58.801004453575054,True
16448.81605195999,2.236375195034307e-08,4.3322984311089385e-08,3.851027940982021e-09,-0.019945219159126282,117800243.3528015,59.43610710543051,True
16748.816051721573,2.2899577545454954e-08,4.484024884732207e-08,4.788972773894784e-09,-0.020314738154411316,117465399.02716972,60.03969132184428,True
17048.816051721573,2.3553598906647217e-08,4.6511104301316664e-08,5.810605330225371e-09,-0.021006569266319275,117130919.25213383,60.60970520248462,True
17348.816051721573,2.4231308562825897e-08,4.812449105884298e-08,6.909466776505724e-09,-0.021746769547462463,116796810.61665688,61.14405183838845,True
17648.816051483154,2.483108019832344e-08,4.944430997966265e-08,8.061434186856786e-09,-0.02223914861679077,116463078.49440528,61.640610454089675,True
17948.816051483154,2.5525097423574068e-08,5.0790447403414873e-08,9.30530319465106e-09,-0.022985026240348816,116129727.03153233,62.09726209813757,True
18248.816051244736,2.6149117832328646e-08,5.179541062716453e-08,1.0594185084755736e-08,-0.023504063487052917,115796759.13511205,62.51191980166751,True
18548.816051244736,2.6826876106289366e-08,5.268034897198959e-08,1.1961567736307188e-08,-0.024158447980880737,115464176.46181196,62.88256282886489,True
18848.816051244736,2.7541256743253022e-08,5.337787456483056e-08,1.3401383114342025e-08,-0.024899020791053772,115131979.40808263,63.20727426066864,True
19148.816051006317,2.8194086675161543e-08,5.366109689930454e-08,1.4865591424495506e-08,-0.025435253977775574,114800167.09975626,63.4842807783293,True
19448.816051006317,2.8940086274568573e-08,5.3813550948689226e-08,1.6416763060078665e-08,-0.02622506022453308,114468737.38311379,63.71199311725105,True
19748.8160507679,2.961073038324008e-08,5.348309173314192e-08,1.7964815413051838e-08,-0.026767507195472717,114137686.81654283,63.88904534248622,True
20048.8160507679,3.037818030595644e-08,5.2986848686487065e-08,1.9592121702771692e-08,-0.027574360370635986,113807010.6625843,64.0143308959119,True
20348.81605052948,3.1074201513864315e-08,5.200217856327072e-08,2.1193628185756097e-08,-0.028142735362052917,113476702.8808607,64.08703331858447,True
20648.81605052948,3.182614377695974e-08,5.076481102150865e-08,2.283518085732794e-08,-0.028852447867393494,113146756.12139983,64.10664972167758,True
20948.81605052948,3.261641593568974e-08,4.9245073796555516e-08,2.4499726691828982e-08,-0.02965158224105835,112817161.7193706,64.07300544492485,True
21248.81605029106,3.334398205881629e-08,4.7297078253905056e-08,2.6105801964604325e-08,-0.030234113335609436,112487909.68937214,63.9862588964156,True
21548.81605029106,3.416814000687369e-08,4.519526441981725e-08,2.7760123089137778e-08,-0.03108137845993042,112158988.72128634,63.84689623918116,True
21848.816050052643,3.4914146088376874e-08,4.2709615399871836e-08,2.9322031025458273e-08,-0.031664103269577026,111830386.17660263,63.65571630993973,True
22148.816050052643,3.576633419245933e-08,4.013077159470413e-08,3.092990397135509e-08,-0.0325421541929245,111502088.08541892,63.41380681604753,True
22448.816049814224,3.649587719893312e-08,3.720515451277606e-08,3.2388911108682805e-08,-0.03301779925823212,111174079.1438793,63.122513405611414,True
22748.816049814224,3.735511843773468e-08,3.427493311392027e-08,3.3906822238805034e-08,-0.03386075794696808,110846342.7132101,62.78340354745884,True
23048.816049814224,3.8241751191999204e-08,3.124560521428066e-08,3.539566506560732e-08,-0.034757956862449646,110518860.8180977,62.39822732018482,True
23348.816049575806,3.9045596306017295e-08,2.805614940371015e-08,3.6752076937318634e-08,-0.035370662808418274,110191614.14676827,61.96887714104723,True
23648.816049575806,3.995355361818667e-08,2.490662609488936e-08,3.81447620156905e-08,-0.03627133369445801,109864582.05165231,61.49734825964396,True
23948.816049337387,4.0787411112896504e-08,2.1685025330953067e-08,3.940797199675217e-08,-0.03691112995147705,109537742.55037765,60.98570151638351,True
24248.816049337387,4.1681586677514e-08,1.8516374211685616e-08,4.0668062695203844e-08,-0.03770327568054199,109211072.32767367,60.436029465006335,True
24548.81604909897,4.252410512862154e-08,1.5356789617726463e-08,4.181875112863054e-08,-0.03830157220363617,108884546.7383188,59.85042659310054,True
24848.81604909897,4.3488684200850906e-08,1.2307850738579873e-08,4.303046097220431e-08,-0.03924363851547241,108558139.80998105,59.23096398695478,True
25148.81604909897,4.4463031888124275e-08,9.322377536591375e-09,4.4196632131843216e-08,-0.04018263518810272,108231824.24721935,58.57966851640657,True
25448.81604886055,4.5357315103101113e-08,6.3909340042300755e-09,4.522998153788649e-08,-0.04083754122257233,107905571.43627746,57.89850635399584,True
25748.81604886055,4.6359069516383065e-08,3.572779405658366e-09,4.631862537962661e-08,-0.04179166257381439,107579351.45038837,57.18937049729412,True
26048.81604862213,4.728512955693068e-08,8.341487500729272e-10,4.728288161004457e-08,-0.042472124099731445,107253133.055504,56.45407186479206,True
26348.81604862213,4.8274413180104485e-08,-1.7991510503634345e-09,4.8263764540479315e-08,-0.04331149160861969,106926883.71695831,55.694333464508844,True
26648.81604862213,4.9307920700474385e-08,-4.335191761128954e-09,4.924491037172629e-08,-0.04425057768821716,106600569.60698959,54.911787162124924,True
26948.816048383713,5.027545423239392e-08,-6.773461791453883e-09,5.011838055679618e-08,-0.04494117200374603,106274155.61198682,54.107972560760345,True
27248.816048383713,5.135116182688484e-08,-9.122288702201331e-09,5.106074496552537e-08,-0.045930832624435425,105947605.34131935,53.28433756512176,True
27548.816048145294,5.234399358256166e-08,-1.136990590566711e-08,5.188313423332147e-08,-0.04661738872528076,105620881.13611914,52.44224025444132,True
27848.816048145294,5.34557312504117e-08,-1.3545189858632511e-08,5.278894832372316e-08,-0.04763735830783844,105293944.07917675,51.58295171483393,True
28148.816047906876,5.443574712844548e-08,-1.560908913234016e-08,5.353074072900199e-08,-0.04819783568382263,104966754.00449018,50.7076595763353,True
28448.816047906876,5.556067044786131e-08,-1.7621516690269345e-08,5.438486994080449e-08,-0.04917310178279877,104639269.50896041,49.817472001116926,True
28748.816047906876,5.671852967499458e-08,-1.9568147990867146e-08,5.5241365259917075e-08,-0.05020734667778015,104311447.9625118,48.913421963499175,True
29048.816047668457,5.7788270779093614e-08,-2.1417008611024357e-08,5.598290897523839e-08,-0.05091533064842224,103983245.52021246,47.99647165614909,True
29348.816047668457,5.89765156816139e-08,-2.323511694157787e-08,5.681336290308536e-08,-0.05195114016532898,103654617.13473827,47.06751691840204,True
29648.81604743004,6.007937909626212e-08,-2.4960428390841116e-08,5.753499721095068e-08,-0.052665695548057556,103325516.5684959,46.12739161091799,True
29948.81604743004,6.130753111015615e-08,-2.6672580588638084e-08,5.8353208487460506e-08,-0.05372864007949829,102995896.40723169,45.176871854093235,True
30248.81604719162,6.240046623709214e-08,-2.8276417651795782e-08,5.9017878584199934e-08,-0.05430915951728821,102665708.07279684,44.21668011305253,True
30548.81604719162,6.364541764335177e-08,-2.989071390402387e-08,5.980552941764472e-08,-0.055323392152786255,102334901.83818243,43.24748907310926,True
30848.81604719162,6.492584467076743e-08,-3.147525262647832e-08,6.060433577204094e-08,-0.05639812350273132,102003426.84057038,42.26992531546454,True
31148.8160469532,6.611568932265111e-08,-3.297631678833568e-08,6.12963830803892e-08,-0.05712996423244476,101671231.09640166,41.28457276239419,True
31448.8160469532,6.742888396378786e-08,-3.44952013620059e-08,6.208348679592746e-08,-0.05819962918758392,101338261.51660779,40.291975898709225,True
31748.816046714783,6.866149355706004e-08,-3.593950737013074e-08,6.277548436628422e-08,-0.058954402804374695,101004463.92124486,39.29264278128845,True
32048.816046714783,6.996799191891149e-08,-3.738705345313065e-08,6.35165307016905e-08,-0.059885174036026,100669783.05531973,38.28704782082556,True
32348.816046714783,7.132751236789202e-08,-3.8832496329632704e-08,6.428679455439124e-08,-0.06092560291290283,100334162.60464676,37.27563437081114,True
32648.816046476364,7.261748180453997e-08,-4.0215013541455846e-08,6.497502624824847e-08,-0.06168162822723389,99997545.21119569,36.25881711244775,True
32948.816046476364,7.403203385696687e-08,-4.163987910033029e-08,6.57574403817307e-08,-0.06277431547641754,99659872.48971799,35.23698425476877,True
33248.816046237946,7.535939363997076e-08,-4.299630518289632e-08,6.644350492024387e-08,-0.06352531909942627,99321085.04354675,34.2104995711106,True
33548.816046237946,7.681675108691191e-08,-4.440579459696892e-08,6.722734724462498e-08,-0.06462697684764862,98981122.48147862,33.179704260929334,True
33848.81604599953,7.819186958879816e-08,-4.5752784672004054e-08,6.792090800900041e-08,-0.06539912521839142,98639923.43363345,32.14491867658909,True
34148.81604599953,7.964616621627334e-08,-4.713052703664289e-08,6.866659774118489e-08,-0.06635461747646332,98297425.56836432,31.106443897193145,True
34448.81604599953,8.115790503123944e-08,-4.853006885241484e-08,6.94444395321625e-08,-0.06742265820503235,97953565.60890965,30.06456318820297,True
34748.81604576111,8.25984765731579e-08,-4.987794000044232e-08,7.014381964154381e-08,-0.0681903213262558,97608279.34935282,29.019543334695268,True
35048.81604576111,8.417134598922257e-08,-5.129669489178923e-08,7.093901999155605e-08,-0.06930702924728394,97261501.67168728,27.971635866190486,True
35348.81604552269,8.565300311393554e-08,-5.2654712590083363e-08,7.163985316083199e-08,-0.0700586587190628,96913166.56173205,26.92107819165309,True
35648.81604552269,8.728060798864932e-08,-5.409756909102725e-08,7.244619126822727e-08,-0.0711999386548996,96563207.12607056,25.868094629704053,True
35948.81604528427,8.875987195830866e-08,-5.544660552914138e-08,7.311232153028868e-08,-0.07179029285907745,96211555.60727489,24.81289737052644,True
36248.81604528427,9.041697190822296e-08,-5.6905349765656865e-08,7.390873690837907e-08,-0.07286606729030609,95858143.40135135,23.75568734644264,True
36548.81604528427,9.212062426421904e-08,-5.839515893057978e-08,7.472550933584898e-08,-0.07400539517402649,95502901.07204847,22.696655047268028,True
36848.81604504585,9.372745763363329e-08,-5.982650463920436e-08,7.544671376535916e-08,-0.0747523307800293,95145758.36699517,21.635981262367803,True
37148.81604504585,9.548111106341499e-08,-6.135627472758642e-08,7.626891473933028e-08,-0.07587768137454987,94786644.23336871,20.57383776458821,True
37448.816044807434,9.714856150339674e-08,-6.283659104155959e-08,7.700531767795837e-08,-0.07664349675178528,94425486.8320981,19.51038795052182,True
37748.816044807434,9.890626000886823e-08,-6.438318678192445e-08,7.779616595371408e-08,-0.07760496437549591,94062213.55297692,18.445787418198837,True
38048.816044807434,1.0073090624522806e-07,-6.598338586627506e-08,7.862183437623571e-08,-0.07868577539920807,93696751.02894609,17.380184514348176,True
38348.816044569016,1.0248183330796562e-07,-6.75456703902455e-08,7.937316226502844e-08,-0.07943926751613617,93329025.14927404,16.313720832214912,True
38648.816044569016,1.0438293469361888e-07,-6.922059014868864e-08,8.02225734730655e-08,-0.08056668937206268,92958961.07349415,15.246531672146533,True
38948.8160443306,1.0619031942943699e-07,-7.084673825374921e-08,8.09831970371988e-08,-0.08130002021789551,92586483.24363375,14.178746477974299,True
39248.8160443306,1.0815484923464106e-07,-7.259495760081336e-08,8.18449450434855e-08,-0.08242318034172058,92211515.3971286,13.110489228546902,True
39548.81604409218,1.1003047157872727e-07,-7.430003279296216e-08,8.262256656621503e-08,-0.0831669270992279,91833980.57774472,12.041878816262482,True
39848.81604409218,1.12004559898706e-07,-7.60916236686171e-08,8.345579161073147e-08,-0.08411185443401337,91453801.14712371,10.973029384972351,True
40148.81604409218,1.1405267489296244e-07,-7.795546252964414e-08,8.432519571499597e-08,-0.08517833054065704,91070898.79522194,9.904050658459289,False
40448.81604385376,1.1602536985660672e-07,-7.978914595696551e-08,8.51220320896573e-08,-0.08589881658554077,90685194.54932873,8.835048238594855,False
40748.81604385376,1.18161441866117e-07,-8.176181154340156e-08,8.601859580181781e-08,-0.08700859546661377,90296608.7836044,7.7661238838119315,False
41048.81604361534,1.2019954474700573e-07,-8.369130455321283e-08,8.682721652775172e-08,-0.08769942820072174,89905061.22655393,6.6973757794462365,False
41348.81604361534,1.2241834835757257e-07,-8.57775717122422e-08,8.774533988287203e-08,-0.08882664144039154,89510470.96897951,5.628898777911532,False
41648.81604337692,1.24471045792799e-07,-8.777431048656581e-08,8.852925503788356e-08,-0.0893252044916153,89112756.46920149,4.560784639477802,False
41948.81604337692,1.2674287647011614e-07,-8.996101996672223e-08,8.944729135151874e-08,-0.0903685986995697,88711835.56007303,3.493122244488363,False
42248.81604337692,1.2907951762446372e-07,-9.222964081345708e-08,9.03905919003023e-08,-0.0914778858423233,88307625.45165966,2.425997808226102,False
42548.816043138504,1.3131035355110636e-07,-9.445670912100468e-08,9.12434092725789e-08,-0.09213513135910034,87900042.735227,1.3594950752752082,False
42848.816043138504,1.337271638711761e-07,-9.685976465334534e-08,9.220293323286555e-08,-0.09321767091751099,87489003.38589524,0.2936955042837693,False
43148.816042900085,1.3604038872964246e-07,-9.922644039761508e-08,9.307462056629134e-08,-0.09385310113430023,87074422.76280855,-0.771321546408323,False
43448.816042900085,1.385511173020827e-07,-1.017847353068646e-07,9.405799228368039e-08,-0.09493985772132874,86656215.60986134,-1.8354786550052575,False
43748.81604266167,1.408864214464441e-07,-1.0425560503790621e-07,9.49081226941928e-08,-0.09536111354827881,86234296.05308549,-2.8987001640735777,False
44048.81604266167,1.434619958218725e-07,-1.0695768537516415e-07,9.589569716084156e-08,-0.09634760022163391,85808577.59954727,-3.9609120295810496,False
44348.81604266167,1.461123435629808e-07,-1.09769246137148e-07,9.691160496316797e-08,-0.09739963710308075,85378973.13139181,-5.022041660450779,False
44648.81604242325,1.4865358994863595e-07,-1.1255039567004133e-07,9.783916432581918e-08,-0.09797720611095428,84945394.90084614,-6.082017772091972,False
44948.81604242325,1.513998423775444e-07,-1.1554911338862439e-07,9.88768391607664e-08,-0.09899640083312988,84507754.52342209,-7.140770243336698,False
45248.81604218483,1.5405081907999597e-07,-1.185331939268508e-07,9.983605586683097e-08,-0.09957796335220337,84065962.96821485,-8.198229966642277,False
45548.81604218483,1.5683576360996132e-07,-1.216872078657616e-07,1.0085949142535355e-07,-0.10038010776042938,83619930.54787779,-9.254328714288388,False
45848.81604218483,1.5972541122153736e-07,-1.2499324952841562e-07,1.0192762900373964e-07,-0.10131120681762695,83169566.90642324,-10.30899899193875,False
46148.81604194641,1.6253525208614842e-07,-1.283056008105632e-07,1.0292874996764567e-07,-0.10183888673782349,82714781.00425692,-11.362173901603228,False
46448.81604194641,1.6555987619683117e-07,-1.3186877367843408e-07,1.040398824869726e-07,-0.10279959440231323,82255481.10268404,-12.413787004536132,False
46748.81604170799,1.6847688857720835e-07,-1.3542251053877408e-07,1.050684268477653e-07,-0.103274866938591,81791574.74505614,-13.46377217357063,False
47048.81604170799,1.7163424359022372e-07,-1.392601802763238e-07,1.0621989865455816e-07,-0.10423670709133148,81322968.73705846,-14.5120634574199,False
47348.816041469574,1.745998804367525e-07,-1.430245220035431e-07,1.0724175503185052e-07,-0.10447101294994354,80849569.12286769,-15.558594927105121,False
47648.816041469574,1.7785505838561246e-07,-1.4712719575982192e-07,1.0841323927479607e-07,-0.10531215369701385,80371281.16179587,-16.60330053374309,False
47948.816041469574,1.812065471013971e-07,-1.5141236531235336e-07,1.096211512674472e-07,-0.10621429979801178,79888009.29885484,-17.646113947093355,False
48248.816041231155,1.8443944134404995e-07,-1.5569895595035632e-07,1.1074437011870941e-07,-0.10658732056617737,79399657.1351983,-18.68696839781642,False
48548.816041231155,1.879251721140771e-07,-1.6031668792493292e-07,1.1199248461934985e-07,-0.10743291676044464,78906127.39549848,-19.72579651254497,False
48848.81604099274,1.9129872116906766e-07,-1.6495118870807346e-07,1.1316169334918413e-07,-0.1077578067779541,78407321.8910641,-20.7625301311952,False
49148.81604099274,1.9494560227420168e-07,-1.6995284113363596e-07,1.1446536163361998e-07,-0.10859054327011108,77903141.4815887,-21.79710012838714,False
49448.81604075432,1.983876077055666e-07,-1.7489810488768853e-07,1.1564204172032078e-07,-0.1086544543504715,77393486.0315842,-22.8294362084956,False
49748.81604075432,2.0215871885746653e-07,-1.8028012505055813e-07,1.1698245216962277e-07,-0.10935264825820923,76878254.36628048,-23.85946670255072,False
50048.81604075432,2.0604738092021675e-07,-1.859174290075316e-07,1.1837116531410175e-07,-0.11011077463626862,76357344.22024459,-24.887118335594128,False
50348.8160405159,2.098146618990892e-07,-1.9159421071890392e-07,1.1968229784997675e-07,-0.11030846834182739,75830652.18468472,-25.912315986118546,False
50648.8160405159,2.138707270249093e-07,-1.9770632775362174e-07,1.2113348546449743e-07,-0.11099471151828766,75298073.65033913,-26.934982425400563,False
50948.81604027748,2.1782488377806843e-07,-2.0389211385918316e-07,1.2252049685912425e-07,-0.11116378009319305,74759502.74477462,-27.955038024661988,False
51248.81604027748,2.219792982205231e-07,-2.1045229914307129e-07,1.2400216675700904e-07,-0.11156977713108063,74214832.2662545,-28.972400449780707,False
51548.81604027748,2.2629672297182883e-07,-2.1736551047979447e-07,1.2555910799960657e-07,-0.11210717260837555,73663953.61260848,-29.98698431254608,False
51848.81604003906,2.305314507913362e-07,-2.2439891722569882e-07,1.2706775365245448e-07,-0.11216099560260773,73106756.70357254,-30.99870079641834,False
52148.81604003906,2.3507772322140497e-07,-2.3196142251435958e-07,1.2872942534158938e-07,-0.11268943548202515,72543129.89917323,-32.007457243453814,False
52448.816039800644,2.395093051276605e-07,-2.3963372086655e-07,1.3033152157504446e-07,-0.1126432865858078,71972959.91093677,-33.013156687237576,False
52748.816039800644,2.4427916325282647e-07,-2.4789733288343996e-07,1.3210229354854164e-07,-0.11310328543186188,71396131.70773573,-34.01569734813336,False
53048.816039562225,2.48946731499771e-07,-2.563084251505643e-07,1.3382551600216175e-07,-0.1130111962556839,70812528.41360971,-35.01497205515781,False
53348.816039562225,2.538525898383883e-07,-2.6524210738898546e-07,1.3567219525612018e-07,-0.11315804719924927,70222031.19923455,-36.01086761481132,False
53648.816039562225,2.5895720123994336e-07,-2.746783991369739e-07,1.3762514328163888e-07,-0.11343331634998322,69624519.16570753,-37.00326408895312,False
53948.81603932381,2.639842676333592e-07,-2.8433197485355777e-07,1.3955431654721906e-07,-0.11319343745708466,69019869.21842587,-37.992033991968725,False
54248.81603932381,2.6938702681087334e-07,-2.947253960883245e-07,1.4168232098654698e-07,-0.11345730721950531,68407955.93362854,-38.97704138533381,False
54548.81603908539,2.746725303351803e-07,-3.0532572736774455e-07,1.437774486134913e-07,-0.11309990286827087,67788651.41402036,-39.95814084424592,False
54848.81603908539,2.803745565493193e-07,-3.16765124352969e-07,1.4609959464451094e-07,-0.11329440772533417,67161825.13484691,-40.935176300404436,False
55148.81603884697,2.8582089565005916e-07,-3.2828455687194946e-07,1.4833594264018757e-07,-0.11255738139152527,66527343.777028725,-41.90797971124505,False
55448.81603884697,2.9177357522355515e-07,-3.4080488831023104e-07,1.5085365134837048e-07,-0.1125258132815361,65885071.05080022,-42.876369559517656,False
55748.81603884697,2.979401047988504e-07,-3.5401430409365275e-07,1.5352175353200437e-07,-0.1125391498208046,65234867.50232245,-43.84014912460711,False
56048.81603860855,3.0397698250184125e-07,-3.675149287118984e-07,1.561883919976026e-07,-0.11187181621789932,64576590.30847906,-44.7991045141091,False
56348.81603860855,3.104783641364836e-07,-3.820709082447138e-07,1.5914147866169515e-07,-0.11173785477876663,63910093.055602975,-45.75300240505654,False
56648.81603837013,3.168776753314133e-07,-3.969986437368789e-07,1.6212786135838542e-07,-0.1109609380364418,63235225.50001806,-46.7015874374586,False
56948.81603837013,3.2361841641488437e-07,-4.128929163016437e-07,1.6536698410618555e-07,-0.11042199283838272,62551833.31076033,-47.64457922556987,False
57248.81603837013,3.306544287587831e-07,-4.297338023206976e-07,1.6885165621260967e-07,-0.10999953746795654,61859757.792352505,-48.58166889324622,False
57548.816038131714,3.3762366714486523e-07,-4.4706581547870883e-07,1.7242984284848717e-07,-0.10897153615951538,61158835.58337497,-49.51251507556003,False
57848.816038131714,3.451206155764945e-07,-4.657267425045575e-07,1.7639663241197923e-07,-0.10846104472875595,60448898.33244104,-50.436739285285704,False
58148.816037893295,3.5250222095552375e-07,-4.84860208871396e-07,1.8047314398472736e-07,-0.10722795873880386,59729772.34619522,-51.353920524661014,False
58448.816037893295,3.604645721947202e-07,-5.054737357568229e-07,1.8500819010114355e-07,-0.10654588788747787,59001278.208294235,-52.26358903484927,False
58748.81603765488,3.6833556896417516e-07,-5.266328173547663e-07,1.8971315540738942e-07,-0.10516056418418884,58263230.36481226,-53.16521900295862,False
59048.81603765488,3.7663552336778994e-07,-5.491125421031029e-07,1.9486260782741738e-07,-0.10398790240287781,57515436.67396649,-54.05822007562227,False
59348.81603765488,3.853179844116523e-07,-5.72873574355981e-07,2.0046941529017204e-07,-0.10290875285863876,56757697.916516185,-54.941927442503086,False
59648.81603741646,3.9394824822987966e-07,-5.972562178158114e-07,2.0636311859334455e-07,-0.1011505275964737,55989807.25933673,-55.81559026639401,False
59948.81603741646,4.0325065421146e-07,-6.233801741473144e-07,2.1293502072694537e-07,-0.09991373866796494,55211549.671422526,-56.67835816951337,False
60248.81603717804,4.1243699074641495e-07,-6.499842584162252e-07,2.19849532356875e-07,-0.09785857796669006,54422701.28344546,-57.529265441810814,False
60548.81603717804,4.223837174641906e-07,-6.784400454762363e-07,2.275907391435794e-07,-0.09638158977031708,53623028.68577281,-58.3672126246772,False
60848.81603693962,4.3199778701485523e-07,-7.068847480695695e-07,2.3567135798430172e-07,-0.09371691942214966,52812288.155580044,-59.19094503046821,False
61148.81603693962,4.4253724822859187e-07,-7.373160144652502e-07,2.4479073346128644e-07,-0.0918012335896492,51990224.8081737,-59.99902777563717,False
61448.81603693962,4.535354730118043e-07,-7.688325354138215e-07,2.547903719118949e-07,-0.08984846621751785,51156571.656029426,-60.78981681994926,False
61748.8160367012,4.643998525257874e-07,-8.001982791938644e-07,2.654332149631955e-07,-0.08696496486663818,50311048.57019953,-61.56142555043991,False
62048.8160367012,4.7618090001402496e-07,-8.329990350830485e-07,2.7736408725331785e-07,-0.0846378430724144,49453361.12750508,-62.311686445534534,False
62348.816036462784,4.878382066086413e-07,-8.650337406379549e-07,2.9010659829964425e-07,-0.08135423809289932,48583199.326816835,-63.03810744181617,False
62648.816036462784,5.00501532672629e-07,-8.979058350178093e-07,3.0438581433145373e-07,-0.07863359898328781,47700236.15811813,-63.73782282746823,False
62948.816036224365,5.127550818408622e-07,-9.284482018756535e-07,3.1948300716067024e-07,-0.07454221695661545,46804125.99971034,-64.4075387244771,False
63248.816036224365,5.262043690738143e-07,-9.589338105797651e-07,3.3643294727880857e-07,-0.07115039229393005,45894502.82209227,-65.04347372291234,False
63548.816036224365,5.403016555471595e-07,-9.87499731763819e-07,3.5501957995620614e-07,-0.06766321510076523,44970978.16145546,-65.6412958095655,False
63848.81603598595,5.542210725657401e-07,-1.0115689974554698e-06,3.747937853404437e-07,-0.06304986774921417,44033138.83279308,-66.19605763950786,False
64148.81603598595,5.693015472516574e-07,-1.0324677646167402e-06,3.966766399798871e-07,-0.0588672012090683,43080544.33707243,-66.70213321931557,False
64448.81603574753,5.842857130604524e-07,-1.046508430135873e-06,4.1986696430740267e-07,-0.05361682176589966,42112723.91012896,-67.15316023902831,False
64748.81603574753,6.001695949971685e-07,-1.0541028245825146e-06,4.450363491059761e-07,-0.048380300402641296,41129173.15274035,-67.54199339909717,False
65048.81603574753,6.168408788381133e-07,-1.0535367209740798e-06,4.7207532816173625e-07,-0.04296926409006119,40129350.170336075,-67.86067466075275,False
65348.81603550911,6.333556503924609e-07,-1.0417593898637278e-06,5.001633240908632e-07,-0.0363759770989418,39112671.12927279,-68.10042602386484,False
65648.81603550911,6.512086478014358e-07,-1.0201635802786768e-06,5.302711372223712e-07,-0.03007054328918457,38078505.130940996,-68.25166838525888,False
65948.81603527069,6.686413832923276e-07,-9.850832611846272e-07,5.607710136246169e-07,-0.022323958575725555,37026168.276456125,-68.30406569720819,False
66248.81603527069,6.875217233697054e-07,-9.392305742039753e-07,5.928902737650787e-07,-0.014849282801151276,35954916.77810417,-68.2465867411279,False
66548.81603503227,7.051387145313456e-07,-8.792825383352465e-07,6.239861392032253e-07,-0.005240298807621002,34863938.951328784,-68.06756763343353,False
66848.81603503227,7.24317781909446e-07,-8.104491087124188e-07,6.561264029869562e-07,0.004080712795257568,33752345.910176456,-67.7547482014641,False
67148.81603503227,7.436818156033278e-07,-7.329031745939574e-07,6.877769180846371e-07,0.01436774805188179,32619160.775924362,-67.29524655245088,False
67448.81603479385,7.614063747144127e-07,-6.477489193912334e-07,7.169122540062745e-07,0.027040477842092514,31463306.25565133,-66.67543102626976,False
67748.81603479385,7.798140940217633e-07,-5.604795774161175e-07,7.45421758097109e-07,0.04062400385737419,30283590.53680847,-65.88064835811707,False
68048.81603455544,7.957464825387125e-07,-4.719934736385767e-07,7.701357276346243e-07,0.05790848284959793,29078691.69251459,-64.89477070578039,False
68348.81603455544,8.126403588403161e-07,-3.876376410971716e-07,7.942826698581484e-07,0.07807264849543571,27847141.323868036,-63.69952921976819,False
68648.81603431702,8.282847671046871e-07,-3.0838955922263267e-07,8.157632294114592e-07,0.1057492308318615,26587309.251678515,-62.27360351917655,False
68948.81603431702,8.545286466073117e-07,-2.393676084011531e-07,8.464065786029096e-07,0.14111294597387314,25297393.270389944,-60.59143044914829,False
69248.81603431702,9.093249343113568e-07,-1.8226771203444514e-07,9.043588846679995e-07,0.18880771473050117,23975422.311618738,-58.621678225651436,False
69548.8160340786,1.0388728206289673e-06,-1.382134655614209e-07,1.0360422919575285e-06,0.2502574175596237,22619289.93042712,-56.32530147320904,False
69848.8160340786,1.3514927303638407e-06,-1.0551292461968842e-07,1.3500451956360848e-06,0.3063177727162838,21226851.669305738,-53.65304585223088,False
70148.81603384018,1.9975429038135995e-06,-7.085210995683155e-08,1.997035347756082e-06,0.28971632942557335,19796151.791063167,-50.542201131140864,False
70448.81603384018,2.9874421699705002e-06,-6.547992370542488e-09,2.9874388260964224e-06,0.018623072654008865,18325904.21557481,-46.912288138417644,False
70748.81603384018,3.3531415037010833e-06,1.0202782618762285e-07,3.352301945369618e-06,-0.7696135342121124,16816456.198936023,-42.65915244222738,False
71048.81603360176,2.825549566814597e-07,1.2104010238545015e-07,-2.658048501302801e-07,-1.9408203810453415,15271623.623119183,-37.646497722332136,False
71348.81603360176,1.1902928736819398e-05,-4.1771943415369606e-07,-1.1897620943557285e-05,-1.9366870298981667,13701975.32269524,-31.69303119284999,False
71648.81603336334,2.4820077352128967e-05,-1.924062615898947e-06,-2.475829991155365e-05,1.587880602106452,12130213.96941499,-24.552322074729208,False
71948.81603336334,1.5001243673173106e-05,-3.163281718343569e-06,-1.4689470253514969e-05,6.850011087954044,10598930.382814806,-15.884369190014349,False
72248.81603312492,2.3485809066263465e-05,-9.757434895618644e-07,2.3465700166092063e-05,7.164834957569838,9179841.887058366,-5.237113439990086,False
72548.81603312492,4.734241271186645e-05,5.175644218979869e-06,4.7063988694695524e-05,1.6406145142391324,7981114.971654022,7.870424246344714,False
72848.81603312492,3.0443512646500072e-05,9.518089711946232e-06,2.916601239988381e-05,-2.8904344188049436,7142473.674828822,23.533108293871503,True
73148.8160328865,3.949788456680985e-06,4.989499046814672e-06,-1.1181067520737997e-06,-3.304261138662696,6795390.009655938,40.60275603828277,True
73448.8160328865,1.5264899719395342e-05,-1.0609858264842842e-05,-1.4082567155071501e-05,-1.8366968119516969,6984763.566448691,56.27585949546259,True
73748.81603264809,1.5997895652233934e-05,-3.250719146308256e-05,-9.798546727779467e-06,-0.593856037594378,7631276.690936774,67.10638276269493,True
74048.81603264809,1.2228600008246308e-05,-3.6864399788782976e-05,-6.721552665567287e-07,-0.04433485493063927,8593270.506471708,70.6573456302369,True
74348.81603240967,8.922490544977767e-06,-2.243063732976225e-05,3.489835350478643e-06,0.05420723184943199,9743859.152446585,68.52515482816172,True
74648.81603240967,6.904673651906734e-06,-1.2840579245221306e-05,4.151144977981858e-06,-0.019395198673009872,10996414.070237402,64.55208485132702,True
74948.81603240967,5.779660101909775e-06,-8.454207403474356e-06,4.021160499689813e-06,-0.1235264427959919,12297993.421457335,60.59010112313889,True
75248.81603217125,5.127910911339955e-06,-6.3180609970459045e-06,3.8105590363102237e-06,-0.21213300339877605,13617439.923123594,57.103468021361685,True
75548.81603217125,4.700998020044668e-06,-5.126672931510257e-06,3.6163291028401545e-06,-0.2758645135909319,14936593.309577545,54.135178000530644,True
75848.81603193283,4.393892508926703e-06,-4.391297238726111e-06,3.446005003127084e-06,-0.3211463298648596,16244915.96770392,51.626563887349974,True
76148.81603193283,4.149638345247915e-06,-3.895224580219292e-06,3.2895298573976106e-06,-0.3515315279364586,17536369.677888893,49.50429230976363,True
76448.81603193283,3.94915353560174e-06,-3.545227627910208e-06,3.1469724746102656e-06,-0.37292802333831787,18807608.374814413,47.70244750644465,True
76748.81603169441,3.7803632568033205e-06,-3.289550249974127e-06,3.0167591589247422e-06,-0.3884742856025696,20056918.82028095,46.16655330607378,True
77048.81603169441,3.632387428524511e-06,-3.094700446126808e-06,2.895001799174679e-06,-0.3981536142528057,21283588.099475607,44.85272228505528,True
77348.816031456,3.505151592960874e-06,-2.9469421747307933e-06,2.7840221363817363e-06,-0.405519463121891,22487518.694922917,43.72577044729695,True
77648.816031456,3.391576493673808e-06,-2.830692835686932e-06,2.680125255949406e-06,-0.40929409861564636,23668990.11353922,42.75739072723005,True
77948.81603121758,3.2923099185650718e-06,-2.740946428048119e-06,2.584653877590881e-06,-0.41194531321525574,24828509.081710834,41.92464447269505,True
78248.81603121758,3.2031183588489064e-06,-2.6698546378156607e-06,2.4951189132593754e-06,-0.41245362907648087,25966714.31947991,41.20878128939117,True
78548.81603121758,3.12283762683248e-06,-2.6137322493013926e-06,2.4110330727467044e-06,-0.4113573282957077,27084315.54796092,40.594333470502164,True
78848.81603097916,3.0514609294416434e-06,-2.570791053813082e-06,2.3325709932464633e-06,-0.40986162424087524,28182054.309115227,40.06842438908236,True
79148.81603097916,2.9858139286839837e-06,-2.5367036755596928e-06,2.2576532927587323e-06,-0.4065147377550602,29260678.859836236,39.62023914411205,True
79448.81603074074,2.9271379525597553e-06,-2.51178124699436e-06,2.1871650872640203e-06,-0.4031853415071964,30320928.25077629,39.24061711883163,True
79748.81603074074,2.872569310401704e-06,-2.4925675461417995e-06,2.1192080694731885e-06,-0.3981773369014263,31363522.445788246,38.92173610325809,True
80048.81603050232,2.823924755704045e-06,-2.4803903500014712e-06,2.0549496966282277e-06,-0.39377550408244133,32389156.43615489,38.65686543406327,True
80348.81603050232,2.7781040096595805e-06,-2.4718112854316132e-06,1.9923636145335877e-06,-0.38768595084547997,33398496.99818219,38.440171495369945,True
80648.81603050232,2.7357168282116146e-06,-2.4671648759522213e-06,1.9318196038398128e-06,-0.3809189349412918,34392181.20458584,38.26656320950926,True
80948.8160302639,2.6972932499776268e-06,-2.4668088087764772e-06,1.8735845443984545e-06,-0.3744916394352913,35370816.08181781,38.13156833087347,True
81248.8160302639,2.6609408459084603e-06,-2.468647608111496e-06,1.8164682629162598e-06,-0.3668312653899193,36334979.01158598,38.03123364130237,True
81548.81603002548,2.6278306314593785e-06,-2.4737875321534375e-06,1.761111299458662e-06,-0.3595409095287323,37285218.60248488,37.962043839214715,True
81848.81603002548,2.5962359107366513e-06,-2.4803209726087516e-06,1.7064733839333712e-06,-0.35101938247680664,38222055.844518885,37.920855173891496,True
82148.81603002548,2.5670303714897637e-06,-2.4891010355077015e-06,1.6530046593743464e-06,-0.3425169289112091,39145985.42220311,37.90484078117796,True
82448.81602978706,2.540105545926943e-06,-2.4999685308557673e-06,1.6005808376462483e-06,-0.3341972753405571,40057477.09805843,37.91144538945547,True
82748.81602978706,2.5141393975234844e-06,-2.5114275956639176e-06,1.5484657041042738e-06,-0.32467547059059143,40956977.11556019,37.93834756892724,True
83048.81602954865,2.490316901720928e-06,-2.524741717024881e-06,1.4972258810530548e-06,-0.31561409682035446,41844909.5789928,37.98342809771709,True
83348.81602954865,2.467346700328159e-06,-2.5384331081568234e-06,1.446178700348355e-06,-0.3055664300918579,42721677.788628936,38.04474332710908,True
83648.81602931023,2.446177367468451e-06,-2.5535360919093364e-06,1.395740795828715e-06,-0.2959260791540146,43587665.517508075,38.12050264332693,True
83948.81602931023,2.4258939571085197e-06,-2.5689760150271468e-06,1.3454476786023406e-06,-0.2856428101658821,44443238.22097837,38.20904932331934,True
84248.81602931023,2.4065449473351377e-06,-2.5847660083400115e-06,1.2952986452319237e-06,-0.2749057859182358,45288744.1738243,38.308844202709466,True
84548.81602907181,2.3886088074343265e-06,-2.601433209292736e-06,1.2454595932354096e-06,-0.2645101323723793,46124515.53824025,38.41845169939504,True
84848.81602907181,2.3711348950738614e-06,-2.6178195469128696e-06,1.1955150895914812e-06,-0.25323542207479477,46950869.35902643,38.53652781527526,True
85148.81602883339,2.35497305870778e-06,-2.6348979815793427e-06,1.145769978450062e-06,-0.24240636080503464,47768108.49111513,38.66180980550994,True
85448.81602883339,2.3391492449101353e-06,-2.65145627054153e-06,1.0958397567151223e-06,-0.23070114105939865,48576522.46211386,38.793107270434454,True
85748.81602859497,2.324478145062739e-06,-2.6684395493248303e-06,1.0459905581683415e-06,-0.21941836923360825,49376388.273316815,38.929294454024856,True
86048.81602859497,2.310268939561539e-06,-2.6849585879062943e-06,9.959692874872417e-07,-0.20760738104581833,50167971.14315796,39.069303585253074,True
86348.81602859497,2.2965737883438284e-06,-2.70102395916183e-06,9.457867946593979e-07,-0.19541459530591965,50951525.1953326,39.21211911147232,True
86648.81602835655,2.2838069661049378e-06,-2.717104507610202e-06,8.955445380820493e-07,-0.18356329947710037,51727294.09933587,39.35677270890377,True
86948.81602835655,2.271213769789301e-06,-2.7321974869209953e-06,8.450291630879292e-07,-0.17092955857515335,52495511.66219154,39.50233897170099,True
87248.81602811813,2.2595289068605416e-06,-2.747177887840735e-06,7.944169837514892e-07,-0.1587495654821396,53256402.3779076,39.64793168531412,True
87548.81602811813,2.247926335883395e-06,-2.7609336825662467e-06,7.435144340206534e-07,-0.1457444727420807,54010181.93704297,39.79270062355277,True
87848.81602811813,2.236959773439137e-06,-2.7741137671455363e-06,6.924421924736635e-07,-0.13286860287189484,54757057.6999684,39.93582879986125,True
88148.81602787971,2.2266694190114632e-06,-2.7867139635873173e-06,6.411946813500435e-07,-0.1202552393078804,55497229.134487174,40.0765301253069,True
88448.81602787971,2.2163754420782783e-06,-2.797785640495931e-06,5.896696677609725e-07,-0.1068003848195076,56230888.22468928,40.21404742532537,True
88748.8160276413,2.2068223759922205e-06,-2.8082386052119546e-06,5.379810161798559e-07,-0.0938185453414917,56958219.849167764,40.34765077481737,True
89048.8160276413,2.197286038312237e-06,-2.8170574921659863e-06,4.860516185090091e-07,-0.08009867370128632,57679402.13279209,40.47663612070389,True
89348.81602740288,2.188392041860002e-06,-2.82500406001418e-06,4.339554564580794e-07,-0.06677674502134323,58394606.774469696,40.600324156437175,True
89648.81602740288,2.1796450594204866e-06,-2.831359722677007e-06,3.8166718496768226e-07,-0.05301538109779358,59103999.352296405,40.71805942578242,True
89948.81602740288,2.1711055469310174e-06,-2.836141163697903e-06,3.292175776437034e-07,-0.03895010054111481,59807739.60652325,40.829209626933306,True
90248.81602716446,2.1631089310513577e-06,-2.8397355436027283e-06,2.7663140400591146e-07,-0.0252239927649498,60505981.70556723,40.93316509751275,True
90548.81602716446,2.1550875463858665e-06,-2.841326846692027e-06,2.2393142273813282e-07,-0.01083509624004364,61198874.49247496,41.02933845820028,True
90848.81602692604,2.1476177394002164e-06,-2.8416297652711364e-06,1.7113372763333246e-07,0.0031317248940467834,61886561.715334505,41.117164394908215,True
91148.81602692604,2.14009728815764e-06,-2.839787100583635e-06,1.1829314416900161e-07,0.01776488870382309,62569182.24280735,41.19609956308552,True
91448.81602668762,2.1330768191556743e-06,-2.8364870274799614e-06,6.540573593838417e-08,0.032004475593566895,63246870.2654441,41.265622594608416,True
91748.81602668762,2.1261263400943045e-06,-2.8311114590451325e-06,1.2540418481421511e-08,0.0466386154294014,63919755.48443206,41.32523419248149,True
92048.81602668762,2.1192999825655456e-06,-2.823695439246876e-06,-4.0264090728214796e-08,0.06154657155275345,64587963.28698204,41.37445729588126,True
92348.8160264492,2.1128967465713707e-06,-2.8146037607257313e-06,-9.301543713036153e-08,0.07612757384777069,65251614.91284133,41.41283730135203,True
92648.8160264492,2.1064186264473345e-06,-2.8031500676206633e-06,-1.4559162764271605e-07,0.09132304787635803,65910827.60886657,41.43994232446268,True
92948.81602621078,2.1003821911957223e-06,-2.789997807894906e-06,-1.9804590323246885e-07,0.10610836744308472,66565714.77435511,41.455363488222524,True
93248.81602621078,2.0942409867195914e-06,-2.774416316242423e-06,-2.5022002603236615e-07,0.12154048681259155,67216386.0978681,41.45871522399108,True
93548.81602597237,2.0886445861129908e-06,-2.757249802698425e-06,-3.0222413727187813e-07,0.1363101750612259,67862947.6860086,41.44963557273575,True
93848.81602597237,2.0828725318290593e-06,-2.7375641025173536e-06,-3.538298827265862e-07,0.15183421969413757,68505502.18336828,41.42778647268612,True
94148.81602597237,2.077211394113694e-06,-2.715746319381651e-06,-4.0505779708155387e-07,0.167532280087471,69144148.88750091,41.392854023944565,True
94448.81602573395,2.0719469085344557e-06,-2.6921789242351224e-06,-4.5595520958841007e-07,0.182807058095932,69778983.85581161,41.34454871729099,True
94748.81602573395,2.0665732406198983e-06,-2.666247695515267e-06,-5.06310591674719e-07,0.19867226481437683,70410100.00666727,41.282605617940625,True
95048.81602549553,2.061568326646001e-06,-2.6385901037428994e-06,-5.562439469031233e-07,0.2141319364309311,71037587.21508817,41.206784497076605,True
95348.81602549553,2.0564404256121625e-06,-2.608639078971464e-06,-6.055256775994167e-07,0.23018893599510193,71661532.40310223,41.116869900220024,True
95648.81602549553,2.05154777737317e-06,-2.5768908926693257e-06,-6.542468966586057e-07,0.24609236419200897,72282019.62547469,41.012671150092736,True
95948.81602525711,2.0469267350373274e-06,-2.543443429203762e-06,-7.02387389139858e-07,0.26174740493297577,72899130.14974846,40.894022275007266,True
96248.81602525711,2.0421527164104282e-06,-2.507857573164074e-06,-7.497138980738782e-07,0.2780354619026184,73512942.53410879,40.760781860629976,True
96548.81602501869,2.037713633952164e-06,-2.470785091190919e-06,-7.96408322401021e-07,0.29391340911388397,74123532.699662,40.612832824144405,True
96848.81602501869,2.0331582454906056e-06,-2.4317808993146173e-06,-8.422132111718383e-07,0.3103327304124832,74730973.99957505,40.45008210475283,True
97148.81602478027,2.0289053069896917e-06,-2.3914113569389883e-06,-8.873007928400511e-07,0.32638949155807495,75335337.28480437,40.27246027703754,True
97448.81602478027,2.024638850282412e-06,-2.349408873669745e-06,-9.314724138675956e-07,0.34275178611278534,75936690.96713246,40.079921081252145,True
97748.81602478027,2.0204027263056896e-06,-2.305922606637978e-06,-9.747133660198415e-07,0.3593142479658127,76535101.07780632,39.87244087993027,True
98048.81602454185,2.0164296026572826e-06,-2.261300949157885e-06,-1.0171270474756966e-06,0.37556275725364685,77130631.32554902,39.65001803898655,True
98348.81602454185,2.0123483061458496e-06,-2.215251470261137e-06,-1.058467752557135e-06,0.39230090379714966,77723343.15061973,39.412672239090426,True
98648.81602430344,2.0085512607538173e-06,-2.1682874375983374e-06,-1.0989462566612929e-06,0.4086613357067108,78313295.77650136,39.160443726350316,True
98948.81602430344,2.0046372255474443e-06,-2.1201050515173847e-06,-1.1382903295498181e-06,0.42552055418491364,78900546.26005371,38.893392500688265,True
99248.81602406502,2.0009847516472897e-06,-2.0711886463686824e-06,-1.1767215752911397e-06,0.4420296549797058,79485149.53897725,38.611597458060466,True
99548.81602406502,1.9973059515120852e-06,-2.021361297011026e-06,-1.2140354854750512e-06,0.45882242918014526,80067158.47817275,38.31515548335078,True
99848.81602406502,1.9936430621799377e-06,-1.970774604842518e-06,-1.2502418798021608e-06,0.4758005738258362,80646623.91275366,38.004180511281895,True
100148.8160238266,1.9902113382209535e-06,-1.9197287599581614e-06,-1.2854803017603444e-06,0.49247536063194275,81223594.6915076,37.67880255518233,True
100448.8160238266,1.9866718581622845e-06,-1.868021058726299e-06,-1.3195016066447351e-06,0.5096056312322617,81798117.7174852,37.33916671339685,True
100748.81602358818,1.9833878850638658e-06,-1.8160698687097465e-06,-1.3525625277566178e-06,0.5263603180646896,82370237.98706119,36.98543216551756,True
101048.81602358818,1.9799782663794075e-06,-1.7636472193771624e-06,-1.3843778745581403e-06,0.5436000674962997,82939998.62840225,36.61777115566949,True
101348.81602358818,1.9767244529119117e-06,-1.7110835131006752e-06,-1.4151563902942144e-06,0.5606791824102402,83507440.93833612,36.23636798192486,True
101648.81602334976,1.9736586047832654e-06,-1.6584863544721884e-06,-1.4449285075102125e-06,0.5775164365768433,84072604.41736095,35.84141798778888,True
101948.81602334976,1.9704499893205856e-06,-1.6056869469593948e-06,-1.4734377700165169e-06,0.5948730409145355,84635526.80534476,35.43312656667795,True
102248.81602311134,1.9674853934917823e-06,-1.5530587234025006e-06,-1.5009968095114345e-06,0.6118485182523727,85196244.11453502,35.011708188808214,True
102548.81602311134,1.9644082025256717e-06,-1.5004181364020042e-06,-1.527325650840794e-06,0.6292654424905777,85754790.66247532,34.577385444534286,True
102848.81602287292,1.961551263047892e-06,-1.448071486720437e-06,-1.5527066565823588e-06,0.646342009305954,86311199.10363372,34.130388123049194,True
103148.81602287292,1.9586654082997318e-06,-1.395913983515129e-06,-1.576945180659095e-06,0.6636586487293243,86865500.46105832,33.67095231511924,True
103448.81602287292,1.9557874721207554e-06,-1.3440366899430956e-06,-1.6000829532458738e-06,0.6811271756887436,87417724.15564194,33.199319557774736,True
103748.8160226345,1.9531054003751717e-06,-1.292611727876647e-06,-1.6222962457845824e-06,0.6983015239238739,87967898.03679487,32.71573601241667,True
104048.8160226345,1.950323509256803e-06,-1.2415128480824933e-06,-1.643344873514252e-06,0.7158782482147217,88516048.411264,32.220451682195396,True
104348.81602239609,1.9477577134150707e-06,-1.1909705790458247e-06,-1.6635219211025287e-06,0.7331017851829529,89062200.07109833,31.713719676342254,True
104648.81602239609,1.945087811556008e-06,-1.1408488944653072e-06,-1.6825622104477134e-06,0.7507316321134567,89606376.32204986,31.19579550928955,True
104948.81602215767,1.9426216713458882e-06,-1.0913501569120854e-06,-1.7007590358275593e-06,0.7680281698703766,90148599.01049373,30.66693645174755,True
105248.81602215767,1.9401284313410656e-06,-1.0423875096421398e-06,-1.717924501321022e-06,0.7855444997549057,90688888.55100769,30.127400916756816,True
105548.81602215767,1.937642204150958e-06,-9.940108895989397e-07,-1.734108000306378e-06,0.8031973540782928,91227263.9517598,29.577447897242845,True
105848.81602191925,1.935337684136794e-06,-9.463232686357514e-07,-1.7494911297433191e-06,0.8205623626708984,91763742.84159139,29.017336441683465,True
106148.81602191925,1.9329400586901434e-06,-8.992246591787989e-07,-1.7638403413400283e-06,0.8383032828569412,92298341.49556825,28.447325171520834,True
106448.81602168083,1.9307451269454213e-06,-8.528558623766003e-07,-1.7774522440561213e-06,0.8556957244873047,92831074.85984187,27.867671845910902,True
106748.81602168083,1.928444011173905e-06,-8.071078241300711e-07,-1.79005817457778e-06,0.8734919279813766,93361956.57723193,27.27863295780108,True
107048.81602168083,1.926267024840751e-06,-7.620798214702518e-07,-1.8018960581400734e-06,0.8911277651786804,93890999.01180692,26.680463377744964,True
107348.81602144241,1.924242052907744e-06,-7.17783194659205e-07,-1.8130150394313205e-06,0.9085307121276855,94418213.27283603,26.073416028612478,True
107648.81602144241,1.922099760595179e-06,-6.741342417626583e-07,-1.8231783016631198e-06,0.9263663291931152,94943609.24002472,25.45774159635376,True
107948.816021204,1.9201582075900994e-06,-6.312342861747311e-07,-1.8327121473760144e-06,0.9438459128141403,95467195.58677691,24.833688280462987,True
108248.816021204,1.918124641901285e-06,-5.889961016691814e-07,-1.8413547344664494e-06,0.9616945683956146,95988979.80434969,24.201501567257086,True
108548.81602096558,1.9162836414032e-06,-5.474937267990754e-07,-1.8494024089932282e-06,0.9792004972696304,96508968.22505778,23.561424043672023,True
108848.81602096558,1.9143456483435397e-06,-5.066482344773249e-07,-1.8565932649039496e-06,0.9970848709344864,97027166.04611751,22.9136952293649,True
109148.81602096558,1.9125258002229174e-06,-4.665045025831205e-07,-1.86315683237126e-06,1.014809489250183,97543577.35266612,22.258551445324592,True
109448.81602072716,1.910850290026371e-06,-4.2705406144705194e-07,-1.8691388739000558e-06,1.032305732369423,98058205.1403414,21.596225700748487,True
109748.81602072716,1.9090675666267916e-06,-3.882382486608549e-07,-1.8743103709084608e-06,1.0502088814973831,98571051.33917953,20.92694760372995,True
110048.81602048874,1.9074749067516915e-06,-3.500978209558525e-07,-1.8789828892806781e-06,1.067766934633255,99082116.8356186,20.25094329983906,True
110348.81602048874,1.9058004411010534e-06,-3.125751675270294e-07,-1.882905316108463e-06,1.0856683850288391,99591401.4955704,19.56843542092653,True
110648.81602025032,1.9043003672740288e-06,-2.7569186045184324e-07,-1.886348876212196e-06,1.1032598465681076,100098904.18646951,18.879643063242984,True
110948.81602025032,1.9027830738713173e-06,-2.394064040345256e-07,-1.8891400870302277e-06,1.1210276931524277,100604622.80042808,18.18478177199754,True
111248.81602025032,1.9012768065373309e-06,-2.0370748643472325e-07,-1.8913229311579016e-06,1.13889941573143,101108554.2753957,17.484063551463247,True
111548.8160200119,1.8999272713574491e-06,-1.6858874118952372e-07,-1.8930583003395896e-06,1.1565017849206924,101610694.61830069,16.777696883345914,True
111848.8160200119,1.898506555981403e-06,-1.3401512433119933e-07,-1.8941337316391582e-06,1.1744204610586166,102111038.92706384,16.06588675793745,True
112148.81601977348,1.8972621704598606e-06,-9.998146310863376e-08,-1.8948107616267862e-06,1.1920180767774582,102609581.41197738,15.348834724380493,True
112448.81601977348,1.8959371097940554e-06,-6.645768735324964e-08,-1.8948463083034994e-06,1.2099585831165314,103106315.41825542,14.626738941720406,True
112748.81601977348,1.894723732730911e-06,-3.34298988491355e-08,-1.8944458162195588e-06,1.2277445644140244,103601233.44752473,13.899794250500204,True
113048.81601953506,1.8936455100478763e-06,-8.743938906263793e-10,-1.8936453187734514e-06,1.2453114837408066,104094327.17914315,13.16819224632872,True
113348.81601953506,1.8924769102661466e-06,3.1226988994603744e-08,-1.892231203726169e-06,1.2632464915513992,104585587.49278277,12.43212136231216,True
113648.81601929665,1.8914843177535014e-06,6.290093779171002e-08,-1.890481124533494e-06,1.2808537483215332,105075004.48917462,11.6917669657976,True
113948.81601929665,1.8904227932538392e-06,9.41599296311324e-08,-1.8881610106546987e-06,1.2987750619649887,105562567.51207857,10.947311451588078,True
114248.81601905823,1.889531681872739e-06,1.2503787161222135e-07,-1.885520005018293e-06,1.3163825422525406,106048265.16916513,10.19893435290517,True
114548.81601905823,1.8885683724882625e-06,1.5554027754660638e-07,-1.882325543434149e-06,1.3343152552843094,106532085.35388342,9.446812446770323,False
114848.81601905823,1.887713727823031e-06,1.8570230508885288e-07,-1.8787669340269986e-06,1.3520978838205338,107014015.26636076,8.69111987547727,False
115148.81601881981,1.8869898981826208e-06,2.1555075591095374e-07,-1.87487427449895e-06,1.3696697503328323,107494041.43418157,7.932028265557501,False
115448.81601881981,1.8861849397411065e-06,2.4508321416760737e-07,-1.8704447342088315e-06,1.3875938802957535,107972149.73437709,7.169706851737976,False
115748.81601858139,1.8855491000761368e-06,2.7435226002126e-07,-1.865733835870742e-06,1.405203863978386,108448325.4135911,6.404322611927264,False
116048.81601858139,1.8848530027276669e-06,3.0334834377754305e-07,-1.8605209382016596e-06,1.4231101721525192,108922553.10950887,5.636040395444443,False
116348.81601834297,1.8843134097538735e-06,3.3212612038369116e-07,-1.8550263209959894e-06,1.4407348930835724,109394816.87110656,4.865023066526613,False
116648.81601834297,1.8837690552913594e-06,3.606818097523501e-07,-1.8490961899431113e-06,1.458510085940361,109865100.18019284,4.091431639892161,False
116948.81601834297,1.8832439953764886e-06,3.89039655601664e-07,-1.842759424164342e-06,1.4763723015785217,110333385.97092173,3.315425430237805,False
117248.81601810455,1.882861773125535e-06,4.1724661059561186e-07,-1.836141303446226e-06,1.4939904063940048,110799656.65124631,2.537162198273737,False
117548.81601810455,1.8824295245763338e-06,4.452841722013545e-07,-1.8290569341328222e-06,1.5118844509124756,111263894.12336281,1.7567982996332105,False
117848.81601786613,1.8821556995078237e-06,4.732202114610118e-07,-1.8217127882858009e-06,1.5294922143220901,111726079.80341871,0.974488844287812,False
118148.81601786613,1.8818303641306525e-06,5.010271024730173e-07,-1.8139074205170136e-06,1.5473818331956863,112186194.64252223,0.19038784836942524,False
118448.81601786613,1.881552623736277e-06,5.287488136218599e-07,-1.8057395033688195e-06,1.5652848482131958,112644219.14630646,-0.595351599955722,False
118748.81601762772,1.8814816383112499e-06,5.564515674905124e-07,-1.7973633630319341e-06,1.5827677994966507,113100133.39544067,-1.3825771784749683,False
119048.81601762772,1.8813284261224802e-06,5.840776111654122e-07,-1.7885020549002206e-06,1.6006171703338623,113553917.06529695,-2.171137165793771,False
119348.8160173893,1.881313439521607e-06,6.117110729064734e-07,-1.7793673698918155e-06,1.618234008550644,114005549.44589064,-2.9608802650225687,False
119648.8160173893,1.881254411723751e-06,6.3931781824067e-07,-1.7697855252407635e-06,1.636116772890091,114455009.46204345,-3.751655435007068,False
119948.81601715088,1.8813495443027074e-06,6.669818901627877e-07,-1.7599439292581565e-06,1.6537241786718369,114902275.6923013,-4.543311706090966,False
120248.81601715088,1.881392908197608e-06,6.946566486476513e-07,-1.7496468629474293e-06,1.6716219335794449,115347326.38918507,-5.335698003418983,False
120548.81601715088,1.8815387565815894e-06,7.224149669582403e-07,-1.7390379927206823e-06,1.6893877536058426,115790139.49821936,-6.1286629551357805,False
120848.81601691246,1.8818062974579448e-06,7.50287313167064e-07,-1.7281320436879355e-06,1.7069678008556366,116230692.67695916,-6.922054703627654,False
121148.81601691246,1.8820143118871392e-06,7.782265925015963e-07,-1.7167579802190858e-06,1.7248631715774536,116668963.31503606,-7.715720711679113,False
121448.81601667404,1.882377019324281e-06,8.06336004188779e-07,-1.7051105274390466e-06,1.7424811869859695,117104928.55242865,-8.50950755676595,False
121748.81601667404,1.882698066849143e-06,8.345583069058193e-07,-1.6930051440766647e-06,1.7603659480810165,117538565.29896165,-9.303260730877277,False
122048.81601643562,1.8831630902209155e-06,8.629908734292258e-07,-1.6806068661168183e-06,1.7780037820339203,117969850.2525454,-10.096824423249915,False
122348.81601643562,1.883633646103236e-06,8.915964144762256e-07,-1.6677845096069177e-06,1.7957803010940552,118398759.91866244,-10.890041308737654,False
122648.81601643562,1.8841302147261054e-06,9.204029822740267e-07,-1.6545514629484614e-06,1.8136395961046219,118825270.62785904,-11.682752319482551,False
122948.8160161972,1.8847588891489067e-06,9.494807500232127e-07,-1.6409958512042522e-06,1.831287607550621,119249358.55499847,-12.474796416922706,False
123248.8160161972,1.8853536210337492e-06,9.787718795450928e-07,-1.6269632965304481e-06,1.8491883724927902,119670999.73755006,-13.266010357222163,False
123548.81601595879,1.8860937470005719e-06,1.0083838049013139e-06,-1.6126043362874043e-06,1.8668417632579803,120090170.09310012,-14.056228442380585,False
123848.81601595879,1.8867984209029626e-06,1.0382465234215488e-06,-1.597752547155551e-06,1.884754717350006,120506845.43806209,-14.84528227443947,False
124148.81601595879,1.8875529868211564e-06,1.0684218807455181e-06,-1.5824741925740682e-06,1.9026890397071838,120921001.50494832,-15.633000491233764,False
124448.81601572037,1.8884948932420596e-06,1.099005430660327e-06,-1.5668766195631179e-06,1.9202587008476257,121332613.96049042,-16.419208500978012,False
124748.81601572037,1.8893743856433256e-06,1.1298810989046615e-06,-1.5507366022404767e-06,1.9381650686264038,121741658.42293648,-17.20372820848393,False
125048.81601548195,1.890381970223806e-06,1.1611739410000155e-06,-1.5342047809951964e-06,1.9558743387460709,122148110.47949724,-17.986377725217064,False
125348.81601548195,1.8913599784969935e-06,1.1928118226478546e-06,-1.5171379708078803e-06,1.973831444978714,122551945.70398712,-18.766971080934397,False
125648.81601524353,1.8924799109793772e-06,1.22491493925736e-06,-1.4996660127053474e-06,1.9915539473295212,122953139.67324518,-19.545317914704782,False
125948.81601524353,1.8935632275860154e-06,1.2573926255754486e-06,-1.4816298907760483e-06,2.009547159075737,123351667.9847272,-20.321223167331855,False
126248.81601524353,1.8947436045453103e-06,1.2903446986456402e-06,-1.4631251232799514e-06,2.0274348855018616,123747506.27291766,-21.094486753511937,False
126548.81601500511,1.8960377499718023e-06,1.3238012002148025e-06,-1.4441494542438704e-06,2.045170024037361,124140630.22570243,-21.864903231077236,False
126848.81601500511,1.8972882059538962e-06,1.3576736819231883e-06,-1.424563855323413e-06,2.0632005631923676,124531015.60158321,-22.63226145979158,False
127148.8160147667,1.8986811703422498e-06,1.3921027175456402e-06,-1.4044985228167661e-06,2.080998793244362,124918638.2452524,-23.39634424348883,False
127448.8160147667,1.9000447210902543e-06,1.4269835446611978e-06,-1.3838043599889716e-06,2.0990534871816635,125303474.10420068,-24.156927972299375,False
127748.81601452827,1.9015467573288843e-06,1.4624484094838408e-06,-1.362592154663389e-06,2.1168882101774216,125685499.24418087,-24.91378224421813,False
128048.81601452827,1.9030161626503936e-06,1.4983844209837116e-06,-1.3407158085954052e-06,2.134989708662033,126064689.86550096,-25.66666948789882,False
128348.81601452827,1.904580281398745e-06,1.5348954889304878e-06,-1.318251829474093e-06,2.152997687458992,126441022.31830347,-26.415344566337545,False
128648.81601428986,1.9062550385425896e-06,1.57200503281274e-06,-1.2951909695857466e-06,2.170867159962654,126814473.11774853,-27.159554378950858,False
128948.81601428986,1.9078902014032198e-06,1.6096009289867652e-06,-1.2714064538954517e-06,2.189027950167656,127185018.95998079,-27.899037455712776,False
129248.81601405144,1.9096633800067155e-06,1.6478298334732244e-06,-1.247003108773015e-06,2.206974610686302,127552636.73653448,-28.633523538468033,False
129548.81601405144,1.911411636796878e-06,1.6865601253357454e-06,-1.2218469436220403e-06,2.2251734286546707,127917303.54966784,-29.362733166652138,False
129848.81601381302,1.9132891368241884e-06,1.7259206686048856e-06,-1.1960209924666287e-06,2.243185579776764,128278996.72660555,-30.086377249071067,False
130148.81601381302,1.9151806891785766e-06,1.7658096567174653e-06,-1.169425544844671e-06,2.261341154575348,128637693.83470103,-30.804156644125005,False
130448.81601381302,1.9171031071492186e-06,1.806233001389046e-06,-1.142050084723678e-06,2.2795927226543427,128993372.69489717,-31.51576173127247,False
130748.8160135746,1.9191448149413866e-06,1.8472608189767925e-06,-1.1139268494275711e-06,2.29768905043602,129346011.39657003,-32.22087199189419,False
131048.8160135746,1.92116708742578e-06,1.88875014828227e-06,-1.0849458078610041e-06,2.31602680683136,129695588.3114623,-32.919155596676106,False
131348.81601333618,1.9233196839151206e-06,1.930822804752097e-06,-1.0551741169706474e-06,2.334178775548935,130042082.10696454,-33.610268997072,False
131648.81601333618,1.925451140601126e-06,1.97330831497311e-06,-1.0244976280660012e-06,2.3525790572166443,130385471.76022439,-34.293856540178744,False
131948.81601333618,1.927632916053087e-06,2.0162446503491083e-06,-9.929351776349904e-07,2.37102472782135,130725736.5710908,-34.9695500938791,False
132248.81601309776,1.9299805818315046e-06,2.0597157970314584e-06,-9.605246731325678e-07,2.389187067747116,131062856.17562394,-35.636968702685145,False
132548.81601309776,1.932284271416192e-06,2.1034638848504983e-06,-9.271272318756019e-07,2.407666251063347,131396810.55882113,-36.295718274498924,False
132848.81601285934,1.9347039643758915e-06,2.1476062954661757e-06,-8.92804301599881e-07,2.426007241010666,131727580.06752196,-36.94539129944342,False
133148.81601285934,1.937106548571171e-06,2.1919428263572627e-06,-8.574648475700997e-07,2.444591075181961,132055145.42323145,-37.58556662294804,False
133448.81601262093,1.939636489433026e-06,2.236566501778725e-06,-8.211571724814348e-07,2.4630065262317657,132379487.73403643,-38.215809264066294,False
133748.81601262093,1.9421427246637354e-06,2.2812342308498046e-06,-7.837881241812283e-07,2.4816857874393463,132700588.50724193,-38.83567030613328,False
134048.81601262093,1.94473795473958e-06,2.325989726159605e-06,-7.453894923514781e-07,2.500308394432068,133018429.661143,-39.444686853050776,False
134348.8160123825,1.9474363425390023e-06,2.3707590628418984e-06,-7.059456876845616e-07,2.5188347697257996,133332993.53655863,-40.04238207584851,False
134648.8160123825,1.950103893954472e-06,2.4152786295417172e-06,-6.653849524695943e-07,2.5376478284597397,133644262.90900558,-40.62826535544836,False
134948.8160121441,1.952898756261384e-06,2.459624653283754e-06,-6.237542606868374e-07,2.556297928094864,133952220.99958062,-41.20183252950281,False
135248.8160121441,1.9556755316954535e-06,2.503492737560009e-06,-5.809866365780181e-07,2.575200378894806,134256851.4864048,-41.76256626858544,False
135548.81601190567,1.9585717244612794e-06,2.546917698964535e-06,-5.371200515469354e-07,2.593965083360672,134558138.51528963,-42.30993657985353,False
135848.81601190567,1.9614843713069393e-06,2.589620464732434e-06,-4.921128038404277e-07,2.6128863394260406,134856066.71092737,-42.84340146716555,False
136148.81601190567,1.964428318716254e-06,2.6314578747133055e-06,-4.459679203705491e-07,2.631922483444214,135150621.18676123,-43.36240774657814,False
136448.81601166725,1.9674827559715934e-06,2.6723628820946033e-06,-3.987068524224924e-07,2.650850921869278,135441787.5558797,-43.866392041827545,False
136748.81601166725,1.9705231658533494e-06,2.711985217729307e-06,-3.503030114870853e-07,2.670024812221527,135729551.94104806,-44.354781967360005,False
137048.81601142883,1.973683969405108e-06,2.750312631860652e-06,-3.007971542956511e-07,2.6890656650066376,136013900.9842936,-44.82699750607351,False
137348.81601142883,1.976828938421829e-06,2.7869530185853364e-06,-2.50176448446382e-07,2.7083591520786285,136294821.85691348,-45.28245260138546,False
137648.81601142883,1.980022026685966e-06,2.821779702344429e-06,-1.984760018558518e-07,2.727725327014923,136572302.2686733,-45.720556958677626,False
137948.8160111904,1.983367296315446e-06,2.8547201509354636e-06,-1.4573485884739057e-07,2.7468728721141815,136846330.4772814,-46.14071807041586,False
138248.8160111904,1.9866754488022692e-06,2.8852763023223815e-06,-9.196207884087926e-08,2.766334891319275,137116895.29711345,-46.54234346157408,False
138548.816010952,1.9900906855321177e-06,2.9134226338101143e-06,-3.721345365192974e-08,2.785707801580429,137383986.10825324,-46.92484314910516,False
138848.816010952,1.993492749484775e-06,2.9387489632881625e-06,1.847184449843553e-08,2.8053295612335205,137647592.86511064,-47.28763231600365,False
139148.81601071358,1.9970121539797177e-06,2.961212118179901e-06,7.503374632733539e-08,2.824836105108261,137907706.1045192,-47.630134176924415,False
139448.81601071358,2.0005121304763636e-06,2.9803778147652338e-06,1.3241200491620475e-07,2.844610869884491,138164316.9540903,-47.951783026667485,False
139748.81601071358,2.0040947126516588e-06,2.996171531322034e-06,1.9053705102578533e-07,2.8643701672554016,138417417.1400753,-48.2520274379773,False
140048.81601047516,2.0077727511355354e-06,3.0083964190907864e-06,2.493360895527985e-07,2.8840796053409576,138666998.99475658,-48.53033358525514,False
140348.81601047516,2.0114246166288443e-06,3.0166650617502455e-06,3.087147675273627e-07,2.9040785431861877,138913055.46435198,-48.78618865447044,False
140648.81601023674,2.0151939199157954e-06,3.0210050852019776e-06,3.6859681529222144e-07,2.923969477415085,139155580.11596006,-49.01910429534808,False
140948.81601023674,2.0189473832419616e-06,3.0210464103674894e-06,4.2886717466217306e-07,2.944122225046158,139394567.14460638,-49.22862007354506,False
141248.81600999832,2.0228151722895725e-06,3.016838576286318e-06,4.894441616443146e-07,2.9641786217689514,139630011.37994984,-49.41430686516766,False
141548.81600999832,2.026664002117201e-06,3.0080603039550624e-06,5.50193277604194e-07,2.98450630903244,139861908.29286817,-49.575770144429264,False
141848.81600999832,2.0305927709529908e-06,2.9947680673103605e-06,6.110225641009492e-07,3.004834771156311,140090254.00179,-49.71265310291932,False
142148.8160097599,2.034613889652549e-06,2.9769184095584933e-06,6.718223986013072e-07,3.0251311659812927,140315045.2784413,-49.82463954726518,False
142448.8160097599,2.0386092478132105e-06,2.9543085133809655e-06,7.324390196572494e-07,3.0457195341587067,140536279.5540607,-49.911456517985556,False
142748.81600952148,2.042718140922221e-06,2.9271499784044863e-06,7.927961789278015e-07,3.0662210285663605,140753954.92478707,-49.97287657710251,False
143048.81600952148,2.0468118480205577e-06,2.895296944416259e-06,8.527291441851048e-07,3.0869864523410797,140968070.1569653,-50.008719718888365,False
143348.81600952148,2.0509494527897324e-06,2.858913660475082e-06,9.12137885222819e-07,3.1078558564186096,141178624.69225794,-50.018854862010926,False
143648.81600928307,2.055226738325498e-06,2.818245775415562e-06,9.709481574304846e-07,3.128573477268219,141385618.65260807,-50.003200892161566,False
143948.81600928307,2.0594693576352256e-06,2.7731945806408476e-06,1.0289704377441922e-06,3.1496087312698364,141589052.8445004,-49.96172723181031,False
144248.81600904465,2.0638100661443483e-06,2.724121401342927e-06,1.0861555495011999e-06,3.170607030391693,141788928.7637206,-49.894453926179324,False
144548.81600904465,2.0681376430110826e-06,2.6710831946274993e-06,1.1423440895441672e-06,3.191865772008896,141985248.5992801,-49.80145124269819,False
144848.81600880623,2.0725725928260854e-06,2.614472521145217e-06,1.1975009002185288e-06,3.213065445423126,142178015.23727155,-49.68283879576662,False
145148.81600880623,2.0769881918250578e-06,2.5543814672346343e-06,1.2514656688722425e-06,3.2345426082611084,142367232.26445112,-49.53878421439404,False
145448.81600880623,2.0814786904627403e-06,2.49120580519957e-06,1.3042080198033545e-06,3.2560490369796753,142552903.97175378,-49.3695013858542,False
145748.8160085678,2.086055961088014e-06,2.4252464925211825e-06,1.3556630662492353e-06,3.277554929256439,142735035.35706255,-49.17524831086909,False
146048.8160085678,2.0906069111672383e-06,2.356670137260153e-06,1.4056932826633783e-06,3.299357771873474,142913632.12836546,-48.95632461678708,False
146348.8160083294,2.095264769085774e-06,2.2859393595808797e-06,1.4543276307676933e-06,3.321110248565674,143088700.70630825,-48.71306878179503,False
146648.8160083294,2.099905423504257e-06,2.2132241781491757e-06,1.5014350225328599e-06,3.343136101961136,143260248.2263423,-48.44585511954764,False
146948.81600809097,2.104649959774591e-06,2.138965044196084e-06,1.547060541895462e-06,3.3651225864887238,143428282.54098544,-48.15509058711291,False
147248.81600809097,2.1093739950565436e-06,2.0633351311971637e-06,1.5910852937395248e-06,3.3873910307884216,143592812.22144762,-47.841211464985854,False
147548.81600809097,2.1141695861064466e-06,1.9867253797656304e-06,1.6335545751644531e-06,3.409705877304077,143753846.55942,-47.50467997176589,False
147848.81600785255,2.119048344679358e-06,1.9094276524356246e-06,1.6744661266443472e-06,3.4320389330387115,143911395.56799874,-47.145980858668075,False
148148.81600785255,2.1238995330522242e-06,1.8316116552341555e-06,1.713728146057747e-06,3.454672485589981,144065469.9829519,-46.76561803421549,False
148448.81600761414,2.128853424862684e-06,1.7536504799409158e-06,1.751445523723305e-06,3.477277010679245,144216081.2635098,-46.36411126543058,False
148748.81600761414,2.133789136400195e-06,1.6756798686401453e-06,1.7875291860036668e-06,3.500158041715622,144363241.59256423,-45.94199298442964,False
149048.81600761414,2.1387618883512023e-06,1.5979697423063044e-06,1.8220379871536352e-06,3.523176372051239,144506963.8770967,-45.499805242372666,False
149348.81600737572,2.143861529566408e-06,1.5207873786948767e-06,1.8550695202179668e-06,3.54611074924469,144647261.7481061,-45.03809682742077,False
149648.81600737572,2.1489239583690063e-06,1.4441946518672921e-06,1.8865086133246223e-06,3.5693684220314026,144784149.5598618,-44.55742056946663,False
149948.8160071373,2.1540738573381277e-06,1.3684444866157719e-06,1.916492173847928e-06,3.592642605304718,144917642.3898368,-44.05833085065742,False
150248.8160071373,2.1592062863603555e-06,1.2936133941821026e-06,1.9449602959298318e-06,3.616190940141678,145047756.03738236,-43.54138131957255,False
150548.81600689888,2.1644340574338835e-06,1.2198982233257993e-06,1.9720495316732922e-06,3.639738917350769,145174507.02277735,-43.00712282697334,False
150848.81600689888,2.1696418724915724e-06,1.1473407255380152e-06,1.9976937366550374e-06,3.663566678762436,145297912.5854863,-42.45610156899585,False
151148.81600689888,2.174883266372025e-06,1.0760655584363121e-06,2.0219811176502844e-06,3.687544345855713,145417990.6826435,-41.88885744870271,False
151448.81600666046,2.180246625426819e-06,1.0061897626201244e-06,2.0450361191137745e-06,3.71146297454834,145534759.98698044,-41.305922638178124,False
151748.81600666046,2.1855705698252135e-06,9.37697024028239e-07,2.0667506106519795e-06,3.7357068955898285,145648239.88407448,-40.70782033687497,False
152048.81600642204,2.1909776589479704e-06,8.706903429356316e-07,2.087282886975572e-06,3.759986490011215,145758450.47033662,-40.095063721766024,False
152348.81600642204,2.1963644876649796e-06,8.051624433846882e-07,2.1065779236550952e-06,3.7845448553562164,145865412.5495966,-39.468155064142486,False
152648.81600618362,2.2018427092892474e-06,7.411781268729101e-07,2.1247859294248883e-06,3.8091219067573547,145969147.6302139,-38.82758501723674,False
152948.81600618362,2.207294196557111e-06,6.78709255907961e-07,2.1418359921199226e-06,3.8339918851852417,146069677.9211986,-38.17383204440762,False
153248.81600618362,2.2128064207973826e-06,6.177877480695315e-07,2.1578549720402407e-06,3.8589530289173126,146167026.32881963,-37.50736199187972,False
153548.8160059452,2.2183903323268585e-06,5.584082600762486e-07,2.1728956269839728e-06,3.8839817345142365,146261216.4520896,-36.82862777897841,False
153848.8160059452,2.223939875084759e-06,5.005321952467057e-07,2.186894498379388e-06,3.9093194901943207,146352272.57846954,-36.13806919896177,False
154148.8160057068,2.2295794635546587e-06,4.4416850641937344e-07,2.200013391018274e-06,3.9346851110458374,146440219.67941448,-35.43611282408596,False
154448.8160057068,2.235192508061499e-06,3.892689051099296e-07,2.212175502336322e-06,3.960340440273285,146525083.40485653,-34.72317198852135,False
154748.8160057068,2.240836037601887e-06,3.358154572197236e-07,2.2234740626458915e-06,3.9861573576927185,146606890.07830605,-33.999646856417925,False
155048.81600546837,2.2465616753282505e-06,2.83779542087359e-07,2.2339961205375403e-06,4.012023389339447,146685666.69102204,-33.265924549793276,False
155348.81600546837,2.25228687241383e-06,2.331126438548381e-07,2.2436937783254507e-06,4.0381205677986145,146761440.89595485,-32.522379332953506,False
155648.81600522995,2.2580786390001564e-06,1.8378042909716896e-07,2.2526665226507703e-06,4.0643031895160675,146834241.00167078,-31.769372851357094,False
155948.81600522995,2.2638321096283737e-06,1.3573333035310498e-07,2.260840865631053e-06,4.090797126293182,146904095.96555555,-31.007254401484424,False
156248.81600499153,2.269670099530168e-06,8.893297831491509e-08,2.268369211577692e-06,4.117339313030243,146971035.38731974,-30.236361244434743,False
156548.81600499153,2.27547787545052e-06,4.3329976051609265e-08,2.2751650767816045e-06,4.14417365193367,147035089.50123897,-29.457018936311744,False
156848.81600499153,2.28130741853742e-06,-1.1208953765162732e-09,2.281307207141481e-06,4.171189039945602,147096289.1691131,-28.669541690360482,False
157148.8160047531,2.2872439025333742e-06,-4.447136348062486e-08,2.286906045867454e-06,4.1982099413871765,147154665.87230378,-27.874232749383697,False
157448.8160047531,2.293131052594563e-06,-8.676474294588843e-08,2.2918292010842833e-06,4.225559890270233,147210251.70313916,-27.071384770530617,False
157748.8160045147,2.2990872286607933e-06,-1.280555466109945e-07,2.2962173744645042e-06,4.252995580434799,147263079.35718024,-26.261280226158217,False
158048.8160045147,2.305012024361467e-06,-1.6838487226777943e-07,2.299991422205494e-06,4.28072053194046,147313182.12375993,-25.444191799852216,False
158348.81600427628,2.3110135802565147e-06,-2.0781152443305473e-07,2.3032788298849027e-06,4.308517277240753,147360593.87739325,-24.62038279658821,False
158648.81600427628,2.316976871385831e-06,-2.463709165567707e-07,2.3059835569938514e-06,4.336614787578583,147405349.06778413,-23.79010754233052,False
158948.81600427628,2.322986732347555e-06,-2.841211141912936e-07,2.3082070796931475e-06,4.364844739437103,147447482.71063423,-22.95361179293221,False
159248.81600403786,2.329053695273705e-06,-3.211127079794096e-07,2.309975513981044e-06,4.393187612295151,147487030.37712988,-22.111133132894615,False
159548.81600403786,2.335074210643393e-06,-3.5737500070354145e-07,2.3112012392800807e-06,4.421843707561493,147524028.18354377,-21.26290137001948,False
159848.81600379944,2.3411693655901743e-06,-3.9297560761042405e-07,2.3120172691903917e-06,4.450579851865768,147558512.78093782,-20.409138931850613,False
160148.81600379944,2.3472252010557047e-06,-4.279379766103375e-07,2.3123238896971543e-06,4.479612410068512,147590521.34345666,-19.550061245107027,False
160448.81600379944,2.3532971512865588e-06,-4.623171889761579e-07,2.312187049824388e-06,4.508835315704346,147620091.55752066,-18.685877119346276,False
160748.81600356102,2.3594355408239513e-06,-4.961696333793952e-07,2.311665976861832e-06,4.5381560027599335,147647261.60987648,-17.816789116117256,False
161048.81600356102,2.3655593980295866e-06,-5.295198093335785e-07,2.310690902618262e-06,4.567724198102951,147672070.17539647,-16.942993910623876,False
161348.8160033226,2.371734205399343e-06,-5.624270329462888e-07,2.3093335776991353e-06,4.597419798374176,147694556.40509552,-16.06468265311117,False
161648.8160033226,2.377856916504452e-06,-5.949049466380529e-07,2.307501796749989e-06,4.627428233623505,147714759.91304368,-15.182041311649431,False
161948.81600308418,2.3840477697158482e-06,-6.270283279263822e-07,2.305317771345017e-06,4.657533913850784,147732720.76393923,-14.295251019196067,False
162248.81600308418,2.3901939242616315e-06,-6.588043106603436e-07,2.3026787285829187e-06,4.6879355907440186,147748479.459113,-13.404488401272957,False
162548.81600308418,2.396346105989826e-06,-6.902872655700776e-07,2.29963803022315e-06,4.71854242682457,147762076.92350173,-12.509925907879989,False
162848.81600284576,2.402587970527008e-06,-7.215445805286436e-07,2.2962784136382197e-06,4.74921253323555,147773554.49151763,-11.611732131071903,False
163148.81600284576,2.408765518903781e-06,-7.525636647187639e-07,2.2924569673676842e-06,4.780207127332687,147782953.8923577,-10.710072115927263,False
163448.81600260735,2.4149950626957696e-06,-7.83422336780859e-07,2.2882854064931735e-06,4.811329782009125,147790317.23623624,-9.805107673412545,False
163748.81600260735,2.42117752565685e-06,-8.141224157043325e-07,2.2836722344266036e-06,4.842743963003159,147795686.99874932,-8.89699767604891,False
164048.81600236893,2.427418673566579e-06,-8.447403843092616e-07,2.278716370263112e-06,4.874275594949722,147799106.0063396,-7.985898360900282,False
164348.81600236893,2.4336092365772436e-06,-8.752708993142733e-07,2.2733162881038993e-06,4.906101047992706,147800617.420153,-7.071963615786272,False
164648.81600236893,2.439799297673428e-06,-9.057691841007909e-07,2.2675174120578845e-06,4.938137471675873,147800264.7208337,-6.1553452731793525,False
164948.8160021305,2.4460723599508012e-06,-9.363067192680319e-07,2.2613936492277276e-06,4.970255374908447,147798091.69223702,-5.236193393129801,False
165248.8160021305,2.452274893026094e-06,-9.668550546848564e-07,2.2548025544466554e-06,5.002692669630051,147794142.4046189,-4.314656543377204,False
165548.8160018921,2.4585229641436103e-06,-9.974995123229746e-07,2.2478458281405267e-06,5.035270184278488,147788461.19876066,-3.3908820854983053,False
165848.8160018921,2.4647176279760335e-06,-1.0282314519827196e-06,2.2404304855783153e-06,5.068136245012283,147781092.66823754,-2.465016447871122,False
166148.8160018921,2.4709103695906553e-06,-1.0591088823730388e-06,2.2325979647241923e-06,5.101211726665497,147772081.64275682,-1.5372054098017907,False
166448.81600165367,2.4771515076597943e-06,-1.0901914606620267e-06,2.2243866205640117e-06,5.134423166513443,147761473.17039523,-0.6075943779871477,False
166748.81600165367,2.4833605829934203e-06,-1.1214764583655779e-06,2.2157189479843353e-06,5.167887389659882,147749312.4995876,0.32367133613859644,False
167048.81600141525,2.4896024585050575e-06,-1.1530312917784613e-06,2.2066441700552275e-06,5.201510578393936,147735645.0615278,1.2564462296318528,False
167348.81600141525,2.4957747071506755e-06,-1.1848395331526262e-06,2.1970657133607574e-06,5.235435873270035,147720516.45131966,2.1905843304008923,False
167648.81600117683,2.501996778687964e-06,-1.2169981289389398e-06,2.1870774085108735e-06,5.269495934247971,147703972.41003063,3.1259389037912424,False
167948.81600117683,2.508156453659544e-06,-1.249483972287635e-06,2.1765738482670827e-06,5.303843289613724,147686058.80513594,4.0623621675841255,False
168248.81600117683,2.5143041652470625e-06,-1.2823592498989456e-06,2.1655877100457133e-06,5.338407188653946,147666821.61207804,4.999704990045008,False
168548.81600093842,2.520523291007076e-06,-1.3157076068637252e-06,2.1541765873323016e-06,5.3730791211128235,147646306.89473745,5.937816589837378,False
168848.81600093842,2.526660398232847e-06,-1.3494797315161122e-06,2.1422005698212843e-06,5.408057302236557,147624560.78549746,6.87654422907246,False
169148.8160007,2.532831363533174e-06,-1.38377873781792e-06,2.129742148859748e-06,5.443192303180695,147601629.46625572,7.81573289026486,False
169448.8160007,2.5389373845342737e-06,-1.4185840768732305e-06,2.1167066535099366e-06,5.478606402873993,147577559.1476954,8.755224956250512,False
169748.81600046158,2.545083952778375e-06,-1.4539968162807781e-06,2.1031641246338495e-06,5.51416888833046,147552396.04977876,9.694859867288361,False
170048.81600046158,2.5511620579994656e-06,-1.4899887332830986e-06,2.0890112590876697e-06,5.550010323524475,147526186.38070711,10.634473779506623,True
170348.81600046158,2.5572215397899147e-06,-1.5266285799953039e-06,2.0742711352994547e-06,5.586068540811539,147498976.31695294,11.573899199046624,True
170648.81600022316,2.563345942512694e-06,-1.564010517540737e-06,2.058989858610971e-06,5.622247338294983,147470811.98230717,12.512964610371009,True
170948.81600022316,2.5693817866486745e-06,-1.6020746897993376e-06,2.0430292106965453e-06,5.658721417188644,147441739.42659822,13.451494089676526,True
171248.81599998474,2.575445169675512e-06,-1.6409379668402835e-06,2.0264578814988e-06,5.695358753204346,147411804.60536516,14.38930689390429,True
171548.81599998474,2.581437198993495e-06,-1.6805740870040609e-06,2.009179521422766e-06,5.732266455888748,147381053.3579166,15.326217043961103,True
171848.81599998474,2.587409570211356e-06,-1.7210589078331395e-06,1.9912105777564193e-06,5.769385784864426,147349531.38655356,16.262032876909156,True
172148.81599974632,2.5934128404493307e-06,-1.762470844823838e-06,1.9725634423650718e-06,5.806663453578949,147317284.23485804,17.196556585307167,True
172448.81599974632,2.5993666704579975e-06,-1.8047947492050298e-06,1.953153734746138e-06,5.8441828191280365,147284357.26589593,18.129583734248186,True
172748.8159995079,2.60533618115365e-06,-1.8481210304344131e-06,1.9330011866713903e-06,5.881876170635223,147250795.64099848,19.060902746819377,True
173048.8159995079,2.611218936946872e-06,-1.8924151845567394e-06,1.912005295423569e-06,5.9198431968688965,147216644.29767644,19.990294373472583,True
173348.8159992695,2.617134907802602e-06,-1.9378113336188107e-06,1.8902199983017454e-06,5.957965701818466,147181947.92776847,20.91753112973319,True
173648.8159992695,2.622971116141412e-06,-1.98426442921118e-06,1.867536276733972e-06,5.996350049972534,147146750.9553326,21.84237670718156,True
173948.8159992695,2.6287826490123974e-06,-2.031859594353591e-06,1.843959239522519e-06,6.034941494464874,147111097.51522994,22.764585346878306,True
174248.81599903107,2.6346197707079786e-06,-2.0806810994145053e-06,1.8194867799081749e-06,6.073694825172424,147075031.43080094,23.683901188674344,True
174548.81599903107,2.640402127528658e-06,-2.1307048427843256e-06,1.7940296004326228e-06,6.112680822610855,147038596.19164208,24.600057585823997,True
174848.81599879265,2.6461951616109347e-06,-2.1820272593231493e-06,1.7675912964421059e-06,6.151841342449188,147001834.93201357,25.512776376460867,True
175148.81599879265,2.6518963457084945e-06,-2.2345992931604997e-06,1.7400677734258352e-06,6.191260665655136,146964790.40830386,26.421767129293418,True
175448.81599855423,2.657626006921089e-06,-2.288564672880966e-06,1.7114915422666854e-06,6.230838418006897,146927504.97757727,27.326726338770104,True
175748.81599855423,2.663271757503041e-06,-2.3438591369995265e-06,1.6817507919597574e-06,6.270662605762482,146890020.57498783,28.22733659272336,True
176048.81599855423,2.668884581993059e-06,-2.4005615841815597e-06,1.6508310878293742e-06,6.310690253973007,146852378.692378,29.1232656881347,True
176348.8159983158,2.6745487300847206e-06,-2.458783683323418e-06,1.618731850783206e-06,6.350859671831131,146814620.35621724,30.014165713339615,True
176648.8159983158,2.680110437658428e-06,-2.5184066316796816e-06,1.5853162622647687e-06,6.391281008720398,146776786.10554,30.899672088995118,True
176948.8159980774,2.6856867698500807e-06,-2.579566313443138e-06,1.5505975490270885e-06,6.431869447231293,146738915.97084135,31.779402560729338,True
177248.8159980774,2.6911787645722857e-06,-2.642181925693876e-06,1.5144690834745234e-06,6.47269070148468,146701049.4519225,32.65295616317285,True
177548.8159980774,2.696638849555731e-06,-2.706316251988028e-06,1.476903683794717e-06,6.51370695233345,146663225.49691686,33.519912135142874,True
177848.81599783897,2.70211834146078e-06,-2.7720278126253106e-06,1.4378685762039822e-06,6.554885149002075,146625482.48079985,34.37982880720119,True
178148.81599783897,2.7075368985581152e-06,-2.8392283297762333e-06,1.3972643984061506e-06,6.596274316310883,146587858.1840931,35.23224245826243,True
178448.81599760056,2.7129606308666386e-06,-2.9079746468596568e-06,1.3550610447055078e-06,6.6378333568573,146550389.77229783,36.07666613992266,True
178748.81599760056,2.7182870009721017e-06,-2.9781275259210815e-06,1.311149830485192e-06,6.6796190440654755,146513113.77471653,36.91258849320903,True
179048.81599736214,2.7236372065289316e-06,-3.049783344977186e-06,1.2655202255018594e-06,6.7215621173381805,146476066.0643766,37.739472545403736,True
179348.81599736214,2.7288982097330016e-06,-3.1227588124238537e-06,1.2180596868915927e-06,6.763721138238907,146439281.83723304,38.55675452065158,True
179648.81599736214,2.7341259974062615e-06,-3.197046112290991e-06,1.1687266123772133e-06,6.806064009666443,146402795.59253398,39.36384265721325,True
179948.81599712372,2.7393717390068966e-06,-3.2726173913033563e-06,1.1174733245411517e-06,6.848565608263016,146366641.11283958,40.16011606581433,True
180248.81599712372,2.744555194389945e-06,-3.3492639204268926e-06,1.0642040990660462e-06,6.891262471675873,146330851.4443695,40.944923642763605,True
180548.8159968853,2.7497428959923114e-06,-3.4269319826307765e-06,1.0088765307614267e-06,6.934123307466507,146295458.87812006,41.71758305619996,True
180848.8159968853,2.7548323239639382e-06,-3.5053278111263353e-06,9.513947603068118e-07,6.977188915014267,146260494.93059853,42.477379850345116,True
181148.81599664688,2.7599452065024323e-06,-3.584414741908404e-06,8.917344089809376e-07,7.020408362150192,146225990.32564762,43.22356668153548,True
181448.81599664688,2.764969200016781e-06,-3.663819796884127e-06,8.298058702393973e-07,7.063822418451309,146191974.9758246,43.9553627446343,True
181748.81599664688,2.76995637852666e-06,-3.7433494526339928e-06,7.655705260845025e-07,7.107408434152603,146158477.9648997,44.671953414229215,True
182048.81599640846,2.7749921517033233e-06,-3.8228236292070505e-06,6.989969563164777e-07,7.151139169931412,146125527.53024727,45.37249016500187,True
182348.81599640846,2.779922629186777e-06,-3.901689581198298e-06,6.300105397372135e-07,7.195060223340988,146093151.0456233,46.05609081903173,True
182648.81599617004,2.7848662834779028e-06,-3.97973045096478e-06,5.586002558288783e-07,7.2391350865364075,146061375.00485024,46.7218401735974,True
182948.81599617004,2.7897244603152783e-06,-4.0563769800883165e-06,4.847264918339533e-07,7.283387541770935,146030225.00524673,47.368791086671685,True
183248.81599617004,2.7945499856608687e-06,-4.131230525672436e-06,4.083856950387599e-07,7.327801048755646,145999725.73213026,47.99596606971739,True
183548.81599593163,2.7993996430695684e-06,-4.20385688926217e-06,3.2958208606714834e-07,7.372362703084946,145969900.94338122,48.602359469306975,True
183848.81599593163,2.8041595842527632e-06,-4.2735192664622446e-06,2.483225429728009e-07,7.41709303855896,145940773.45450625,49.186940299010686,True
184148.8159956932,2.808971069460039e-06,-4.339823334476023e-06,1.6464553453943154e-07,7.461965769529343,145912365.12453705,49.74865578111197,True
184448.8159956932,2.813680210081918e-06,-4.401881824378506e-06,7.859942030563616e-08,7.507002890110016,145884696.84190816,50.28643566739753,True
184748.8159954548,2.8184060543122105e-06,-4.459193263528505e-06,-9.743374107529235e-09,7.552185744047165,145857788.5114048,50.79919737151237,True
185048.8159954548,2.8230500716261564e-06,-4.510887237074712e-06,-1.0028316665966486e-07,7.59752282500267,145831659.04112956,51.285851959097116,True
185348.8159954548,2.8276661373377416e-06,-4.55631300155801e-06,-1.9290180830466852e-07,7.643005430698395,145806326.33045372,51.745310994449724,True
185648.81599521637,2.8323070950107255e-06,-4.594811258584741e-06,-2.8746231350851303e-07,7.68862909078598,145781807.25824296,52.17649424137008,True
185948.81599521637,2.836893211438382e-06,-4.62551255964172e-06,-3.8378356492785315e-07,7.734396547079086,145758117.6716825,52.57833817092811,True
186248.81599497795,2.841492189917692e-06,-4.647802740009865e-06,-4.81679485631048e-07,7.780303448438644,145735272.37589195,52.949805196652775,True
186548.81599497795,2.846002003773059e-06,-4.660827130464895e-06,-5.809032757042587e-07,7.826347887516022,145713285.1238231,53.28989353112468,True
186848.81599497795,2.850490464923945e-06,-4.664058025127815e-06,-6.812174149217753e-07,7.872526168823242,145692168.6070533,53.597647501636146,True
187148.81599473953,2.8550111552755992e-06,-4.6570135054935236e-06,-7.823645802318424e-07,7.918839782476425,145671934.44699484,53.872168140994205,True
187448.81599473953,2.859455511711128e-06,-4.639037712195204e-06,-8.840151295430587e-07,7.965280145406723,145652593.18676043,54.11262382292073,True
187748.8159945011,2.8639315622645946e-06,-4.609927003684788e-06,-9.858899971959545e-07,8.011853188276291,145634154.2837751,54.31826068397304,True
188048.8159945011,2.8683599051313626e-06,-4.569297658463256e-06,-1.087630181473287e-06,8.058549493551254,145616626.1028478,54.488412558806026,True
188348.8159942627,2.872808594929966e-06,-4.5171312592628965e-06,-1.188922496453415e-06,8.105374932289124,145600015.91006792,54.62251013611937,True
188648.8159942627,2.8771759126364915e-06,-4.453287829164765e-06,-1.289373720680942e-06,8.152311652898788,145584329.8671958,54.720089056535734,True
188948.8159942627,2.8815299499317455e-06,-4.378037516516997e-06,-1.3886653889016998e-06,8.199366599321365,145569573.0268299,54.78079668386087,True
189248.81599402428,2.8859253236008676e-06,-4.291770835607167e-06,-1.4864854662732796e-06,8.246549129486084,145555749.32817098,54.804397321182556,True
189548.81599402428,2.8902493309510197e-06,-4.194778313149072e-06,-1.58244120029849e-06,8.293832749128342,145542861.59348464,54.790775686447574,True
189848.81599378586,2.8946443772049635e-06,-4.087852175871376e-06,-1.6762987584684197e-06,8.341249167919159,145530911.52520818,54.73993852355652,True
190148.81599378586,2.8989571750457816e-06,-3.971491963739027e-06,-1.7676712928960114e-06,8.388756603002548,145519899.70380193,54.65201429014149,True
190448.81599354744,2.9033078660954104e-06,-3.846679533126007e-06,-1.856363262220384e-06,8.436385244131088,145509825.58615935,54.52725093646613,True
190748.81599354744,2.907598636919966e-06,-3.7141930135931034e-06,-1.942068742266656e-06,8.484102547168732,145500687.5048314,54.36601185546778,True
191048.81599354744,2.911884357174167e-06,-3.5750744018514524e-06,-2.02461358611572e-06,8.53192189335823,145492482.6678158,54.16877015419012,True
191348.81599330902,2.916218712038137e-06,-3.4303958500458975e-06,-2.1038617390445324e-06,8.579860210418701,145485207.1590941,53.936101445711564,True
191648.81599330902,2.920522819026429e-06,-3.2810952461659326e-06,-2.1796141069785335e-06,8.627887487411499,145478855.93987015,53.668675406587994,True
191948.8159930706,2.9248652427116128e-06,-3.1282755514894234e-06,-2.251815764964249e-06,8.676026701927185,145473422.85039082,53.367246375187214,True
192248.8159930706,2.9291447175839656e-06,-2.9728395247730077e-06,-2.3203126744419933e-06,8.724233955144882,145468900.61258548,53.03264327065538,True
192548.8159930706,2.9334299254001953e-06,-2.815827031099616e-06,-2.385116864900283e-06,8.772533237934113,145465280.83319783,52.66575912417682,True
192848.81599283218,2.9377752630176363e-06,-2.658196706306626e-06,-2.446263763999923e-06,8.820948243141174,145462554.0077451,52.26754048640842,True
193148.81599283218,2.942072900258805e-06,-2.5007000772347965e-06,-2.503678736331949e-06,8.869425296783447,145460709.52516586,51.83897695916103,True
193448.81599259377,2.9464317064142405e-06,-2.3441992027528613e-06,-2.5574969200192754e-06,8.918014615774155,145459735.67289034,51.38109106945918,True
193748.81599259377,2.950772996582386e-06,-2.1893233395076095e-06,-2.6077128438828368e-06,8.966674417257309,145459619.64292005,50.89492865365743,True
194048.81599235535,2.9551655903296144e-06,-2.036730052168423e-06,-2.6544699593955556e-06,9.015438079833984,145460347.5382133,50.38154990195108,True
194348.81599235535,2.959508487955141e-06,-1.8868798861149116e-06,-2.6977734393085484e-06,9.064246267080307,145461904.38004476,49.84202115048908,True
194648.81599235535,2.963870531064386e-06,-1.74026362742552e-06,-2.737795476548399e-06,9.113133370876312,145464274.11564577,49.277407498122805,True
194948.81599211693,2.968306929954951e-06,-1.5972736093772255e-06,-2.7747081716711364e-06,9.16213145852089,145467439.62675756,48.688766268480215,True
195248.81599211693,2.9727057871054216e-06,-1.4581441405425721e-06,-2.8085329688565253e-06,9.211168110370636,145471382.7388238,48.07714132514105,True
195548.8159918785,2.977209992220276e-06,-1.3231638149591163e-06,-2.8395377000833832e-06,9.26033267378807,145476084.23039547,47.4435582263963,True
195848.8159918785,2.981667046284127e-06,-1.1924289538001176e-06,-2.867710499288023e-06,9.30952113866806,145481523.8438036,46.78902016892276,True
196148.8159916401,2.986197572684536e-06,-1.0660921248017985e-06,-2.8933029838640323e-06,9.358812481164932,145487680.2956364,46.11450468705249,True
196448.8159916401,2.990704504825685e-06,-9.441770316698239e-07,-2.9163552284217076e-06,9.408134996891022,145494531.2885709,45.420961030040814,True
196748.8159916401,2.99524254813378e-06,-8.267156488273031e-07,-2.9370531180461512e-06,9.457523494958878,145502053.52311516,44.70930817052728,True
197048.81599140167,2.999870259096099e-06,-7.136950728181546e-07,-2.955584413655288e-06,9.50702029466629,145510222.71030796,43.98043336278648,True
197348.81599140167,3.0044754043669117e-06,-6.050352681086224e-07,-2.9719640366465683e-06,9.556536465883255,145519013.5850122,43.235191189528614,True
197648.81599116325,3.0092009349270366e-06,-5.006784533634345e-07,-2.986455285736156e-06,9.606182217597961,145528399.91920143,42.47440303941651,True
197948.81599116325,3.0138945674907086e-06,-4.004984930361388e-07,-2.99902315248346e-06,9.655831187963486,145538354.536633,41.6988569378879,True
198248.81599116325,3.0186216291902794e-06,-3.043857361717528e-07,-3.009843645429555e-06,9.705532789230347,145548849.32706973,40.90930769430312,True
198548.81599092484,3.023451065821906e-06,-2.1220915868980228e-07,-3.019091337819191e-06,9.755343675613403,145559855.2616433,40.106477296909546,True
198848.81599092484,3.028272374164873e-06,-1.2381852343423816e-07,-3.026755784674151e-06,9.805164694786072,145571342.40869588,39.291055515482185,True
199148.81599068642,3.033195106157662e-06,-3.9064701695679105e-08,-3.0330408833378897e-06,9.855090349912643,145583279.94947842,38.46370067740645,True
199448.81599068642,3.0381410746255816e-06,4.2209308048768435e-08,-3.0379571427374685e-06,9.90504714846611,145595636.1951401,37.62504056329473,True
199748.815990448,3.043179200867979e-06,1.2016514006063517e-07,-3.0416566971780412e-06,9.955096781253815,145608378.6033337,36.77567341221497,True
200048.815990448,3.0482089998772263e-06,1.9495624314913584e-07,-3.0441170650874483e-06,10.005139112472534,145621473.79598892,35.91616898698221,True
200348.815990448,3.053299435022245e-06,2.6674564423956326e-07,-3.045479900265491e-06,10.055236876010895,145634887.57671395,35.04706969839863,True
200648.81599020958,3.058505914556196e-06,3.356990418978967e-07,-3.0458680129186178e-06,10.10544416308403,145648584.94917285,34.16889175117083,True
200948.81599020958,3.063716896244118e-06,4.019576067548769e-07,-3.045233398779601e-06,10.155643969774246,145662530.1358245,33.2821263025224,True
201248.81598997116,3.0690752307088557e-06,4.65694881768286e-07,-3.0437761822099674e-06,10.205983251333237,145676686.5963017,32.38724062800779,True
201548.81598997116,3.0744288510516354e-06,5.27033762409701e-07,-3.0413998537426323e-06,10.256297081708908,145691017.04729858,31.48467926474003,True
201848.81598973274,3.0798983867449945e-06,5.861395493411692e-07,-3.0382736362355445e-06,10.306713223457336,145705483.48141432,30.574865147457736,True
202148.81598973274,3.0853869535733656e-06,6.431311021515285e-07,-3.0343483565786755e-06,10.357121109962463,145720047.18761146,29.65820070589309,True
202448.81598973274,3.0909492700349195e-06,6.981533431371645e-07,-3.0297205277918238e-06,10.40757805109024,145734668.7708476,28.735068942494024,True
202748.81598949432,3.096644013686857e-06,7.513509103773686e-07,-3.024486336045129e-06,10.458149909973145,145749308.17265162,27.805834467455387,True
203048.81598949432,3.102359001747867e-06,8.028190734421514e-07,-3.018572421353838e-06,10.508703231811523,145763924.6919968,26.870844496060755,True
203348.8159892559,3.1082372093444188e-06,8.527163686267158e-07,-3.0121502874180806e-06,10.559405595064163,145778477.0055802,25.93042981479685,True
203648.8159892559,3.114126437925339e-06,9.01113793361219e-07,-3.0051028048205808e-06,10.610070556402206,145792923.18964523,24.984905695276066,True
203948.8159892559,3.1200919784396888e-06,9.481386769039091e-07,-2.9975207418431182e-06,10.66077345609665,145807220.74055713,24.034572779965476,True
204248.8159890175,3.126202741188836e-06,9.939187464169663e-07,-2.989494728211639e-06,10.711598843336105,145821326.59654313,23.079717919614087,True
204548.8159890175,3.1323481837869267e-06,1.0385180644334469e-06,-2.980941921748581e-06,10.76240411400795,145835197.15957844,22.120614971131154,True
204848.81598877907,3.1386378080126363e-06,1.082070241409383e-06,-2.971986649669134e-06,10.813327491283417,145848788.3165639,21.157525565065175,True
205148.81598877907,3.1449933155194285e-06,1.1246400788422761e-06,-2.962573137921254e-06,10.864265024662018,145862055.46183208,20.1906998235201,True
205448.81598854065,3.151483633997955e-06,1.166341206726429e-06,-2.952782487852801e-06,10.915305495262146,145874953.51863572,19.22037705498395,True
205748.81598854065,3.1580080654732064e-06,1.2072196966528281e-06,-2.942535367367327e-06,10.966310292482376,145887436.96176097,18.246786401764762,True
206048.81598854065,3.1646355247995134e-06,1.2473824995140603e-06,-2.9319091936486075e-06,11.017369121313095,145899459.8391911,17.27014746665636,True
206348.81598830223,3.171420734786869e-06,1.2869304555351846e-06,-2.920965343378157e-06,11.068557530641556,145910975.79464078,16.29067090014107,True
206648.81598830223,3.1782561897065368e-06,1.3258941748972575e-06,-2.9096147837748276e-06,11.119721233844757,145921938.0901094,15.308558957984575,True
206948.8159880638,3.185250941455931e-06,1.3643918350680906e-06,-2.8979653947658335e-06,11.171014070510864,145932299.62762967,14.32400603918773,True
207248.8159880638,3.1923264841204323e-06,1.4024591905581474e-06,-2.885952653741697e-06,11.222320795059204,145942012.9722853,13.337199185278545,True
207548.8159878254,3.1995518198762984e-06,1.4401942109998345e-06,-2.8736442647669946e-06,11.273740410804749,145951030.37404138,12.348318568185233,True
207848.8159878254,3.2068259045502837e-06,1.4776152852391533e-06,-2.8609542876978367e-06,11.325119733810425,145959303.79064515,11.357537942014464,True
208148.8159878254,3.214217666866311e-06,1.5148164322908997e-06,-2.8479477638398976e-06,11.376558721065521,145966784.9094219,10.365025085804136,True
208448.81598758698,3.221782482656831e-06,1.551885901562855e-06,-2.8346751257402047e-06,11.428141832351685,145973425.16988558,9.37094221811896,False
208748.81598758698,3.2294081102348534e-06,1.5888284110587847e-06,-2.8210387501559353e-06,11.479692727327347,145979175.7862684,8.375446393311792,False
209048.81598734856,3.237237833381605e-06,1.6257732511348877e-06,-2.8071630797654734e-06,11.531435579061508,145983987.76903436,7.378689889315086,False
209348.81598734856,3.2451185311385526e-06,1.6626996739432798e-06,-2.792914252758294e-06,11.583124488592148,145987811.947923,6.380820567244173,False
209648.81598734856,3.2531154942776213e-06,1.6996954741443915e-06,-2.778346892995387e-06,11.634861022233963,145990598.9931548,5.381982229692386,False
209948.81598711014,3.2612978553735296e-06,1.7368521980642981e-06,-2.763516140369404e-06,11.686756670475006,145992299.43773714,4.3823149576896645,False
210248.81598711014,3.2695541319899767e-06,1.774163649770344e-06,-2.7483234061875805e-06,11.738626301288605,145992863.69961533,3.3819554361820825,False
210548.81598687172,3.2779943348015204e-06,1.8117427202923864e-06,-2.732855755915864e-06,11.79065117239952,145992242.10272598,2.3810372776983497,False
210848.81598687172,3.2865393308241588e-06,1.8495981066735112e-06,-2.7170408505305943e-06,11.842697024345398,145990384.89927292,1.3796913243712419,False
211148.8159866333,3.2952583579312713e-06,1.8878209289141523e-06,-2.7009285285539697e-06,11.894880026578903,145987242.29061472,0.37804595545040887,False
211448.8159866333,3.3040496315313905e-06,1.926404081586952e-06,-2.6844275221593605e-06,11.947022706270218,145982764.44909278,-0.6237726251555548,False
211748.8159866333,3.3129823684928993e-06,1.965438457318669e-06,-2.6675855451241404e-06,11.999242156744003,145976901.53859088,-1.6256400944155236,False
212048.81598639488,3.3221115941754555e-06,2.0050092643941753e-06,-2.6504360324253184e-06,12.051635354757309,145969603.7358082,-2.627433728544008,False
212348.81598639488,3.3313284889428614e-06,2.0451022635370464e-06,-2.632881081598981e-06,12.104007095098495,145960821.2512881,-3.6290321246642137,False
212648.81598615646,3.3407429740458807e-06,2.0858369396137277e-06,-2.6149952843113056e-06,12.156553208827972,145950504.34936666,-4.630314916311446,False
212948.81598615646,3.350275458826027e-06,2.1272161347951624e-06,-2.596702901591641e-06,12.20912879705429,145938603.369238,-5.631162502628878,False
213248.81598591805,3.3599954938729544e-06,2.1693369944841834e-06,-2.5780432801880693e-06,12.261859893798828,145925068.74458992,-6.631455764259761,False
213548.81598591805,3.3698005192035037e-06,2.212186245742487e-06,-2.5589227288236316e-06,12.314554959535599,145909851.02408344,-7.631075791385989,False
213848.81598591805,3.3797600875596114e-06,2.2558625971669244e-06,-2.539378122889957e-06,12.367340594530106,145892900.89053318,-8.629903597098457,False
214148.81598567963,3.3899300844559123e-06,2.300459271964428e-06,-2.519433001779703e-06,12.420322865247726,145874169.18073356,-9.627819835752398,False
214448.81598567963,3.4001964874102373e-06,2.345954783322668e-06,-2.4989836866495807e-06,12.473282635211945,145853606.90499043,-10.624704516728498,False
214748.8159854412,3.410704482409619e-06,2.392506644355308e-06,-2.4781162615283847e-06,12.526499301195145,145831165.26543897,-11.62043670407209,False
215048.8159854412,3.421298373635549e-06,2.4400641223110142e-06,-2.4566959204719296e-06,12.579668879508972,145806795.6757791,-12.614894221735678,False
215348.8159854412,3.4320442342971905e-06,2.488732206984423e-06,-2.434748163082645e-06,12.632917910814285,145780449.77891245,-13.60795333784051,False
215648.8159852028,3.4430122571672405e-06,2.538623448344879e-06,-2.4122976842733124e-06,12.686384946107864,145752079.4655824,-14.599488447745534,False
215948.8159852028,3.4540881490562843e-06,2.5897160469412484e-06,-2.389238515476677e-06,12.739841222763062,145721636.8926814,-15.589371746002088,False
216248.81598496437,3.46538828718414e-06,2.6421610073157353e-06,-2.3656235050850682e-06,12.793519258499146,145689074.50031546,-16.577472877478773,False
216548.81598496437,3.4767970427342386e-06,2.695935819474471e-06,-2.3413446363917956e-06,12.847183674573898,145654345.02999562,-17.56365858681312,False
216848.81598472595,3.488460992392706e-06,2.751221614971655e-06,-2.3164692457555702e-06,12.901133745908737,145617401.54101807,-18.54779233891614,False
217148.81598472595,3.5002229478687046e-06,2.8079640230771474e-06,-2.2908600776361254e-06,12.955044567584991,145578197.4282938,-19.529733935302517,False
217448.81598472595,3.512149660428142e-06,2.8662857118888496e-06,-2.2645272039767406e-06,13.009051859378815,145536686.43806857,-20.5093390986871,False
217748.81598448753,3.524311906452561e-06,2.926318188656296e-06,-2.237478717859176e-06,13.063303977251053,145492822.68460396,-21.486459044732975,False
218048.81598448753,3.5365949319808863e-06,2.9880412739657913e-06,-2.209602843805669e-06,13.117558002471924,145446560.66648605,-22.460940030520966,False
218348.81598424911,3.5491117480264718e-06,3.051626833894261e-06,-2.1809289769691986e-06,13.17205286026001,145397855.28172123,-23.43262286951557,False
218648.81598424911,3.5617806873371228e-06,3.117084133918979e-06,-2.151362984648131e-06,13.22661378979683,145346661.84375754,-24.401342431030262,False
218948.81598424911,3.574615419769416e-06,3.184504635100893e-06,-2.1208677054573855e-06,13.281267583370209,145292936.09625256,-25.366927097575537,False
219248.8159840107,3.5876835537928105e-06,3.254031582855532e-06,-2.0894339627375302e-06,13.336161404848099,145236634.22785932,-26.329198197536282,False
219548.8159840107,3.6008835120030324e-06,3.325657189634512e-06,-2.0569511640644578e-06,13.391071379184723,145177712.8870791,-27.287969402598097,False
219848.81598377228,3.6143298421988676e-06,3.3995727335423e-06,-2.0234301025823243e-06,13.446249395608902,145116129.1959284,-28.243046079054757,False
220148.81598377228,3.6279098034012405e-06,3.475759910998022e-06,-1.9887500322113283e-06,13.501443833112717,145051840.76442844,-29.194224609924074,False
220448.81598353386,3.6417372842005303e-06,3.5544156276046124e-06,-1.95291249838192e-06,13.556908190250397,144984805.7035608,-30.14129166018328,False
220748.81598353386,3.6557297295404724e-06,3.6355496888518246e-06,-1.915808386598883e-06,13.612456381320953,144914982.63906246,-31.084023407175327,False
221048.81598353386,3.6699009592549133e-06,3.7192641002548044e-06,-1.8773778691638654e-06,13.66811740398407,144842330.7240834,-32.02218470853781,False
221348.81598329544,3.6843195742240733e-06,3.80571862024226e-06,-1.8375835963979625e-06,13.72404757142067,144766809.65175417,-32.95552822369788,False
221648.81598329544,3.698882578980302e-06,3.894896110523405e-06,-1.796298704448418e-06,13.780009239912033,144688379.66783002,-33.88379347775451,False
221948.81598305702,3.713706869749838e-06,3.987006721217767e-06,-1.753499951462345e-06,13.836271792650223,144607001.58221298,-34.80670585657461,False
222248.81598305702,3.7286734869440866e-06,4.082008558725647e-06,-1.7090470691982773e-06,13.892557263374329,144522636.7811864,-35.72397554888927,False
222548.8159828186,3.743934290943781e-06,4.1801498298355e-06,-1.6629203969387163e-06,13.949220448732376,144435247.23811522,-36.63529640840233,False
222848.8159828186,3.7593264788637753e-06,4.281327449007222e-06,-1.6149541508525544e-06,14.005877584218979,144344795.5253256,-37.54034475730108,False
223148.8159828186,3.7749192987101833e-06,4.38568824279173e-06,-1.5650818028234426e-06,14.062689989805222,144251244.82402864,-38.438778104869606,False
223448.81598258018,3.7907865800726735e-06,4.4933828462490055e-06,-1.5132297690456653e-06,14.119832575321198,144154558.9350649,-39.330233798096515,False
223748.81598258018,3.8068091491209637e-06,4.6043245447435766e-06,-1.45924249750351e-06,14.177019864320755,144054702.28923014,-40.21432759506977,False
224048.81598234177,3.823104867005572e-06,4.71869662987956e-06,-1.4030520674168656e-06,14.234533250331879,143951639.9565681,-41.09065215348271,False
224348.81598234177,3.839588980485878e-06,4.836422675680296e-06,-1.344508604006478e-06,14.292167752981186,143845337.65624988,-41.95877545317553,False
224648.81598234177,3.856275880104416e-06,4.957527579563248e-06,-1.2834952585194515e-06,14.349955528974533,143735761.76556137,-42.818239133315636,False
224948.81598210335,3.873236478314101e-06,5.082090183350374e-06,-1.219906643257218e-06,14.40806919336319,143622879.3285959,-43.66855676646403,False
225248.81598210335,3.890364971788429e-06,5.2099337608524365e-06,-1.15357686780726e-06,14.466247379779816,143506658.06506303,-44.509212069100194,False
225548.81598186493,3.907781337661767e-06,5.34114889205739e-06,-1.084404217976953e-06,14.52478477358818,143387066.37813547,-45.33965705163056,False
225848.81598186493,3.925367896123925e-06,5.475471397176079e-06,-1.0122148736968484e-06,14.583387941122055,143264073.36274335,-46.15931013870484,False
226148.8159816265,3.9432441985638345e-06,5.612920631392626e-06,-9.36895183656361e-07,14.642353415489197,143137648.81273493,-46.96755425673484,False
226448.8159816265,3.9613239921998425e-06,5.753181909540217e-06,-8.582767350162612e-07,14.701464623212814,143007763.2284646,-47.76373493372746,False
226748.8159816265,3.979622086323982e-06,5.896025243146141e-06,-7.762155576074292e-07,14.760755747556686,142874387.8236839,-48.54715842059029,False
227048.8159813881,3.998210846558644e-06,6.041246365384723e-06,-6.905755611796849e-07,14.820409327745438,142737494.53200415,-49.31708988762697,False
227348.8159813881,4.016982354218911e-06,6.188299721543444e-06,-6.011903508351679e-07,14.880149573087692,142597056.0135072,-50.07275173515771,False
227648.81598114967,4.036060028140734e-06,6.336910360005277e-06,-5.079331231172546e-07,14.94028913974762,142453045.6605034,-50.813322067566716,False
227948.81598114967,4.055318892724083e-06,6.486330335064849e-06,-4.10648240745104e-07,15.000506609678268,142305437.60359338,-51.53793341208907,False
228248.81598091125,4.074919528197262e-06,6.636163504936121e-06,-3.0921845706188833e-07,15.061213254928589,142154206.71664557,-52.245671741086575,False
228548.81598091125,4.0946905999289675e-06,6.785373301454456e-06,-2.0350843499272742e-07,15.121964812278748,141999328.62257183,-52.935575906784,False
228848.81598091125,4.114705538930963e-06,6.933199415470881e-06,-9.341749773739139e-08,15.182948738336563,141840779.69750056,-53.60663757285215,False
229148.81598067284,4.135042984704324e-06,7.078773819557682e-06,2.114504837891218e-08,15.24436730146408,141678537.07557222,-54.25780177212812,False
229448.81598067284,4.155576640022095e-06,7.220749495218115e-06,1.4024686123548236e-07,15.30588909983635,141512578.65331632,-54.88796821035291,False
229748.81598043442,4.176436805506491e-06,7.358083962571982e-06,2.639339342636049e-07,15.36785277724266,141342883.09328938,-55.49599344616565,False
230048.81598043442,4.197495082202491e-06,7.4891502492846485e-06,3.9220808645268335e-07,15.429918587207794,141169429.82800472,-56.08069410039096,False
230348.81598043442,4.21885235372185e-06,7.612591645056455e-06,5.250499839348777e-07,15.492350220680237,140992199.06292987,-56.64085122040004,False
230648.815980196,4.240525067237546e-06,7.726782115469177e-06,6.623960686624741e-07,15.55518901348114,140811171.77997136,-57.17521594586352,False
230948.815980196,4.262396849455023e-06,7.829743481124751e-06,8.041101651201643e-07,15.618123888969421,140626329.7399191,-57.68251658900818,False
231248.81597995758,4.28461239652983e-06,7.919884865259519e-06,9.50049624748317e-07,15.681537419557571,140437655.4848841,-58.16146721762696,False
231548.81597995758,4.3070431323696475e-06,7.995056336085327e-06,1.0999598956118462e-06,15.745083540678024,140245132.34072733,-58.61077780376933,False
231848.81597971916,4.329817781617242e-06,8.053558701703878e-06,1.2535864470919478e-06,15.80910438299179,140048744.4187361,-59.02916592658764,False
232148.81597971916,4.3528448628641985e-06,8.09330788342777e-06,1.4105541552567047e-06,15.873351961374283,139848476.61728743,-59.415369975451505,False
232448.81597971916,4.3761407219974695e-06,8.112492224654488e-06,1.570451381383009e-06,15.937866181135178,139644314.62337926,-59.76816369858356,False
232748.81597948074,4.3997835700931695e-06,8.10954364283134e-06,1.7328305403907507e-06,16.002856463193893,139436244.9133359,-60.08637187363844,False
233048.81597948074,4.423658491781422e-06,8.082730090563928e-06,1.8971090725017348e-06,16.06800737977028,139224254.75375253,-60.36888677141702,False
233348.81597924232,4.44789849079339e-06,8.031024549381982e-06,2.0627520456173443e-06,16.13367721438408,139008332.2019412,-60.61468499541029,False
233648.81597924232,4.4723702070345324e-06,7.953229584245491e-06,2.229059148817214e-06,16.199498891830444,138788466.10618284,-60.822844205332174,False
233948.8159790039,4.497246916784913e-06,7.849057823250405e-06,2.3954424506200667e-06,16.26594278216362,138564646.10545924,-60.992559159299404,False
234248.8159790039,4.522345132059706e-06,7.71800245047416e-06,2.5611052834051407e-06,16.332502096891403,138336862.62951586,-61.12315648561041,False
234548.8159790039,4.547744463215512e-06,7.560455031807578e-06,2.725376724299622e-06,16.399391561746597,138105106.89777046,-61.21410758615828,False
234848.8159787655,4.573530354050147e-06,7.377252330798001e-06,2.887603848478193e-06,16.46684294939041,137869370.91859388,-61.26503912022883,False
235148.8159787655,4.599567340499971e-06,7.169317257194052e-06,3.047013940715715e-06,16.53447875380516,137629647.48818213,-61.27574059356311,False
235448.81597852707,4.625996725688184e-06,6.938430516356675e-06,3.203047043598417e-06,16.60268595814705,137385930.1890523,-61.24616869807427,False
235748.81597852707,4.652680584464047e-06,6.68632205247377e-06,3.3550025335671307e-06,16.67107790708542,137138213.38833484,-61.17644819326056,False
236048.81597852707,4.679728706018146e-06,6.415409586679743e-06,3.502412923239717e-06,16.739955574274063,136886492.2356686,-61.066869287152976,False
236348.81597828865,4.707159817732039e-06,6.1282155172648345e-06,3.644820743886612e-06,16.809366792440414,136630762.6613134,-60.917881640794555,False
236648.81597828865,4.734848586882222e-06,5.82725684239449e-06,3.7817304345821867e-06,16.878957718610764,136371021.37314513,-60.73008527977091,False
236948.81597805023,4.762952865661913e-06,5.515498770591876e-06,3.91295183277407e-06,16.949164360761642,136107265.85409695,-60.50421883247572,False
237248.81597805023,4.791333915417059e-06,5.195563176130236e-06,4.038138293083193e-06,17.019593507051468,135839494.35906264,-60.241145608382894,False
237548.8159778118,4.820132582769212e-06,4.870328581318972e-06,4.157257201597986e-06,17.09063458442688,135567705.91163132,-59.94183810170245,False
237848.8159778118,4.849250381251629e-06,4.542294391285395e-06,4.270151102048203e-06,17.16200613975525,135291900.30024195,-59.607361511942685,False
238148.8159778118,4.878705896083198e-06,4.213913001649416e-06,4.376833665276081e-06,17.233754456043243,135012078.07482842,-59.23885687078618,False
238448.8159775734,4.9085853772949145e-06,3.887468693619667e-06,4.477447049566763e-06,17.306117713451385,134728240.54219615,-58.83752430082124,False
238748.8159775734,4.938764357193328e-06,3.5648362199935946e-06,4.571997926916538e-06,17.37873923778534,134440389.76172945,-58.404606867272314,False
239048.81597733498,4.96938820058078e-06,3.2478351386089344e-06,4.660789727495285e-06,17.452024087309837,134148528.54096983,-57.94137539972195,False
239348.81597733498,5.0003178081415625e-06,2.9378282988545834e-06,4.743899737036372e-06,17.525573253631592,133852660.4304373,-57.449114553109105,False
239648.81597733498,5.03162519968576e-06,2.6360609695075254e-06,4.821633950768955e-06,17.599584415555,133552789.71866871,-56.92911030838846,False
239948.81597709656,5.063429411499432e-06,2.343534418969284e-06,4.894369595831449e-06,17.674389585852623,133248921.42655973,-56.382639006751106,False
240248.81597709656,5.095529475164667e-06,2.0608764543794678e-06,4.962189159130048e-06,17.74941188097,132941061.30196947,-55.81095795249458,False
240548.81597685814,5.128088884143822e-06,1.788666651236781e-06,5.025537774372424e-06,17.825109511613846,132629215.81351294,-55.215297562683375,False
240848.81597685814,5.160979024961118e-06,1.527187777128347e-06,5.084578688752117e-06,17.901109382510185,132313392.14424804,-54.59685497626574,False
241148.81597661972,5.194352175263598e-06,1.276645605230442e-06,5.1397504563510665e-06,17.977838054299355,131993598.18554373,-53.956789032773095,False
241448.81597661972,5.228058450490019e-06,1.0370285679073277e-06,5.1911878813371e-06,18.054860904812813,131669842.5299883,-53.2962164756623,False
241748.81597661972,5.262220002236243e-06,8.08267856200473e-07,5.239287446556773e-06,18.132518857717514,131342134.4645193,-52.61620925923044,False
242048.8159763813,5.296858718930867e-06,5.90169321412759e-07,5.284336083377639e-06,18.21086683869362,131010483.96347068,-51.917792803055754,False
242348.8159763813,5.331837378418573e-06,3.8245329392339045e-07,5.326449482367934e-06,18.28950621187687,130674901.68040887,-51.20194506139326,False
242648.81597614288,5.367331622625673e-06,1.8479991581443755e-07,5.36604263601248e-06,18.368930354714394,130335398.94085272,-50.469596282553624,False
242948.81597614288,5.4031891661894365e-06,-3.1697027225163765e-09,5.403188772845624e-06,18.448696300387383,129991987.73391956,-49.721629321594165,False
243248.81597590446,5.439567189884973e-06,-1.8186793226959708e-07,5.438256287959575e-06,18.529245525598526,129644680.7043534,-48.95888041735226,False
243548.81597590446,5.476357863861296e-06,-3.517228606142453e-07,5.471334155515706e-06,18.610261291265488,129293491.14341259,-48.182140316248066,False
243848.81597590446,5.513583066815717e-06,-5.131790601353714e-07,5.5026270331381966e-06,18.691796973347664,128938432.98083283,-47.39215567946982,False
244148.81597566605,5.551340082123161e-06,-6.667007710348116e-07,5.532400692231931e-06,18.774122819304466,128579520.77507101,-46.58963068526961,False
244448.81597566605,5.589492131636892e-06,-8.127196622353949e-07,5.560674551929878e-06,18.856836915016174,128216769.70396645,-45.77522877164317,False
244748.81597542763,5.628202507020417e-06,-9.517092962596507e-07,5.587753662439354e-06,18.940397650003433,127850195.55559215,-44.94957447659328,False
245048.81597542763,5.667317899194107e-06,-1.0840778656984185e-06,5.613616842481406e-06,19.02435563504696,127479814.71783143,-44.113255316406025,False
245348.81597542763,5.706920112541289e-06,-1.210265622830775e-06,5.638464749324612e-06,19.108934849500656,127105644.16868016,-43.26682369014071,False
245648.8159751892,5.747143724909054e-06,-1.3307196695677703e-06,5.662538228534686e-06,19.194511234760284,126727701.46549414,-42.41079876554146,False
245948.8159751892,5.787765828108144e-06,-1.4457799295541918e-06,5.685716899961335e-06,19.28043530881405,126346004.73457257,-41.54566833245586,False
246248.8159749508,5.828970808081559e-06,-1.5558756558675668e-06,5.70827103274496e-06,19.367225110530853,125960572.66013025,-40.67189061629158,False
246548.8159749508,5.870616223448903e-06,-1.6613283264632628e-06,5.730142461857213e-06,19.454461306333542,125571424.47276351,-39.78989602003193,False
246848.81597471237,5.9128742812950105e-06,-1.762536953719973e-06,5.751571485745899e-06,19.54262636601925,125178579.93858145,-38.90008881063577,False
247148.81597471237,5.955578567989591e-06,-1.8597770292672067e-06,5.7724623303556655e-06,19.63123145699501,124782059.34685664,-38.00284871946087,False
247448.81597471237,5.998867871711457e-06,-1.953406439270111e-06,5.7930078654067074e-06,19.720662489533424,124381883.49833915,-37.09853247762153,False
247748.81597447395,6.042768917170317e-06,-2.0437327066247235e-06,5.813285497424658e-06,19.81098248064518,123978073.69324161,-36.18747526490136,False
248048.81597447395,6.087129387094406e-06,-2.130980362835544e-06,5.833196183857581e-06,19.901743084192276,123570651.71789199,-35.269992080401025,False
248348.81597423553,6.13214912942868e-06,-2.2154893031256506e-06,5.852971668218743e-06,19.993502005934715,123159639.83263674,-34.346379043484646,False
248648.81597423553,6.177657740667799e-06,-2.2974452917878807e-06,5.8724864402392996e-06,20.085758671164513,122745060.75820838,-33.41691460685919,False
248948.81597399712,6.2238416472939226e-06,-2.3771595749622065e-06,5.8919483620911706e-06,20.179031893610954,122326937.66287903,-32.48186070935986,False
249248.81597399712,6.270526613180893e-06,-2.454786340422288e-06,5.911221094834218e-06,20.272810086607933,121905294.14821729,-31.541463845036784,False
249548.81597399712,6.317859076872676e-06,-2.530598635530623e-06,5.930465746928348e-06,20.367497220635414,121480154.23552555,-30.595956077215963,False
249848.8159737587,6.36586813663634e-06,-2.6048118400012754e-06,5.949728869580895e-06,20.463160455226898,121051542.35189472,-29.645555979952658,False
250148.8159737587,6.414395015919182e-06,-2.6775481671847956e-06,5.968880248730102e-06,20.559332832694054,120619483.31487283,-28.69046951898893,False
250448.81597352028,6.463650349997108e-06,-2.749081943420606e-06,5.988128187084385e-06,20.656597763299942,120184002.31849648,-27.73089088349431,False
250748.81597352028,6.513457453116124e-06,-2.819506761397861e-06,6.007321221801476e-06,20.75443598628044,119745124.9176384,-26.767003251226036,False
251048.81597352028,6.563912682038117e-06,-2.8890300711736927e-06,6.026556398808225e-06,20.85310423374176,119302877.01320226,-25.79897951569098,False
251348.81597328186,6.615171854405014e-06,-2.9578824012332916e-06,6.0459805304446945e-06,20.953026935458183,118857284.83607529,-24.826982957397277,False
251648.81597328186,6.666984348488861e-06,-3.0260964365425025e-06,6.065369987595659e-06,21.053473964333534,118408374.9314601,-23.851167870397656,False
251948.81597304344,6.719562824054698e-06,-3.093916888019521e-06,6.084918126703087e-06,21.15503068268299,117956174.14268404,-22.87168015631104,False
252248.81597304344,6.772747984214496e-06,-3.1614050897132984e-06,6.104481531821193e-06,21.257226690649986,117500709.59421985,-21.888657866502314,False
252548.81597280502,6.826739308935471e-06,-3.22879176906099e-06,6.12423563950415e-06,21.36060719192028,117042008.67570008,-20.902231722083325,False
252848.81597280502,6.881350027467176e-06,-3.2961132205855392e-06,6.144010267661315e-06,21.46462433040142,116580099.02404593,-19.912525586595095,False
253148.81597280502,6.93674196844631e-06,-3.3635745637639047e-06,6.163942703807379e-06,21.569714814424515,116115008.50655478,-18.919656920585666,False
253448.8159725666,6.992949396095654e-06,-3.4313154628762277e-06,6.184054534230654e-06,21.675952300429344,115646765.20348746,-17.923737198348718,False
253748.8159725666,7.04980145437271e-06,-3.499366357573308e-06,6.204187272373929e-06,21.782834380865097,115175397.38917464,-16.924872298111993,False
254048.8159723282,7.107530971033996e-06,-3.5679632901519653e-06,6.22453274701229e-06,21.890991657972336,114700933.51463847,-15.923162875838399,False
254348.8159723282,7.165946421958535e-06,-3.637119959876145e-06,6.244912761133037e-06,21.999862417578697,114223402.18833594,-14.918704702776761,False
254648.8159723282,7.225163756039271e-06,-3.7070088012569613e-06,6.265414006279002e-06,22.109747648239136,113742832.15784642,-13.911588994888103,False
254948.81597208977,7.285293326033976e-06,-3.7778003161292872e-06,6.2861151501891754e-06,22.220930576324463,113259252.29043189,-12.901902713596266,False
255248.81597208977,7.346201193136694e-06,-3.8495327885357256e-06,6.3068850852943115e-06,22.333011358976364,112772691.55302837,-11.88972884823744,False
255548.81597185135,7.408027618960778e-06,-3.922392465938174e-06,6.327824513263636e-06,22.446353808045387,112283178.99367222,-10.875146690228506,False
255848.81597185135,7.470593865065347e-06,-3.996390717020404e-06,6.348763552210812e-06,22.560433819890022,111790743.71992002,-9.858232078562606,False
256148.81597161293,7.5341477734417565e-06,-4.071774867497879e-06,6.369889380408722e-06,22.67591156065464,111295414.87943268,-8.839057644843578,False
256448.81597161293,7.598490031853146e-06,-4.148544689996925e-06,6.391013401163548e-06,22.792204052209854,110797221.63849562,-7.817693030692564,False
256748.81597161293,7.663736959135924e-06,-4.22687730861071e-06,6.4122091849583285e-06,22.90960294008255,110296193.16155279,-6.794205106345795,False
257048.8159713745,7.730074576142615e-06,-4.306994014768861e-06,6.433604109901125e-06,23.028589710593224,109792358.5892967,-5.768658168991702,False
257348.8159713745,7.797218027314171e-06,-4.38884728737321e-06,6.454937559574603e-06,23.14834389090538,109285747.01719679,-4.741114130429981,False
257648.8159711361,7.865419916970243e-06,-4.47270190306881e-06,6.476387981013687e-06,23.269529193639755,108776387.47343993,-3.711632704608845,False
257948.8159711361,7.934501378132861e-06,-4.558574460133968e-06,6.49778059846895e-06,23.39161852002144,108264308.89596838,-2.6802715725575266,False
258248.81597089767,8.004699437145958e-06,-4.646730104695962e-06,6.519275351779541e-06,23.51522672176361,107749540.1106334,-1.647086553890843,False
258548.81597089767,8.075812314665987e-06,-4.737176936941978e-06,6.540677375044268e-06,23.63976387679577,107232109.80719498,-0.6121317565713854,False
258848.81597089767,8.147965228131956e-06,-4.830122406929149e-06,6.56205272042687e-06,23.76553411781788,106712046.51664697,0.4245402663077655,False
259148.81597065926,8.221358882545584e-06,-4.925828022805945e-06,6.583522904168859e-06,23.893042907118797,106189378.58691226,1.4628783746967562,False
259448.81597065926,8.295694562170894e-06,-5.0242531699495885e-06,6.604813856281311e-06,24.02143405377865,105664134.15921855,2.5028327035746014,False
259748.81597042084,8.371244006177934e-06,-5.125715148324161e-06,6.626098559170401e-06,24.151402324438095,105136341.14308396,3.544354526676905,False
260048.81597042084,8.44782068600634e-06,-5.230251844068334e-06,6.647189376707274e-06,24.28239743411541,104606027.19135052,4.5873961298993,False
260348.81597042084,8.52556163049944e-06,-5.338111321862016e-06,6.668148594179968e-06,24.414744839072227,104073219.67577675,5.631910678377504,False
260648.81597018242,8.604606286750164e-06,-5.4495540098287165e-06,6.689035850548919e-06,24.548771247267723,103537945.66104208,6.6778520961151155,False
260948.81597018242,8.68480663994831e-06,-5.564662728829717e-06,6.709688217476639e-06,24.68402886390686,103000231.87830754,7.725174947595035,False
261248.815969944,8.766337223435835e-06,-5.683739288997458e-06,6.73018628383204e-06,24.820933043956757,102460104.70025915,8.773834312385787,False
261548.815969944,8.848998007036756e-06,-5.806847525491321e-06,6.750324843096678e-06,24.958895415067673,101917590.11287715,9.823785674703863,False
261848.81596970558,8.93309161984542e-06,-5.934398046747447e-06,6.770273470735333e-06,25.098666414618492,101372713.68946761,10.874984799408915,True
262148.8159697056,9.018394411168814e-06,-6.066458411169151e-06,6.789804961826462e-06,25.23959168791771,100825500.56251037,11.927387623199103,True
262448.8159697056,9.105054837319747e-06,-6.2033607264311286e-06,6.808966386273596e-06,25.3820061981678,100275975.39645362,12.980950131712484,True
262748.81596946716,9.193304846073155e-06,-6.345513895666954e-06,6.8278595914961215e-06,25.5264603048563,99724162.35896243,14.035628245184851,True
263048.81596946716,9.28281996009298e-06,-6.492950177516832e-06,6.846176578534369e-06,25.672031238675117,99170085.0926456,15.09137770310085,True
263348.81596922874,9.373912361760526e-06,-6.646167264534597e-06,6.864069181489185e-06,25.8194749802351,98613766.68593284,16.148153937241084,True
263648.81596922874,9.466383869395786e-06,-6.8053153654545895e-06,6.881315819384781e-06,25.968200087547302,98055229.64311676,17.20591195649644,True
263948.8159689903,9.560530604384484e-06,-6.9709233798676e-06,6.898044148329063e-06,26.118907794356346,97494495.85536732,18.264606213480498,True
264248.8159689903,9.656128264172004e-06,-7.143157517930376e-06,6.914006743130585e-06,26.27093493938446,96931586.56952639,19.324190482096423,True
264548.8159689903,9.753341835669063e-06,-7.3224940706495545e-06,6.929227069463195e-06,26.424632251262665,96366522.35809694,20.384617716378752,True
264848.8159687519,9.852427479221116e-06,-7.509510197678537e-06,6.943782761226203e-06,26.580579847097397,95799323.08750565,21.445839913014034,True
265148.8159687519,9.95304593816154e-06,-7.704348490733537e-06,6.957333571477875e-06,26.737813383340836,95230007.8868724,22.507807967591177,True
265448.8159685135,1.0055539566951155e-05,-7.907709459686885e-06,6.970003045836393e-06,26.897127777338028,94658595.1157583,23.570471513489558,True
265748.8159685135,1.015970437596914e-05,-8.119893891489482e-06,6.981533704930598e-06,27.057904720306396,94085102.33114079,24.633778766442976,True
266048.8159685135,1.0265724397548337e-05,-8.341545168377706e-06,6.991924429655683e-06,27.22051940858364,93509546.25512072,25.697676344986224,True
266348.81596827507,1.0373788599982411e-05,-8.573355017915674e-06,7.001165545972299e-06,27.385348826646805,92931942.74100612,26.762109088864584,True
266648.81596827507,1.0483742191752587e-05,-8.815768609338193e-06,7.009010431602292e-06,27.55189235508442,92352306.73874944,27.827019864462677,True
266948.81596803665,1.0595818897522369e-05,-9.069602214140104e-06,7.015458820092135e-06,27.720630392432213,91770652.26173192,28.892349346336665,True
267248.81596803665,1.0709802339647951e-05,-9.335331242255052e-06,7.020207249297528e-06,27.890903875231743,91186992.35009415,29.958035795761567,True
267548.81596779823,1.0826083378710602e-05,-9.614015397119147e-06,7.023331946243161e-06,28.063575342297554,90601339.03612374,31.024014805542734,True
267848.81596779823,1.0944417293737595e-05,-9.906208219945256e-06,7.024489683260526e-06,28.237905904650688,90013703.30745919,32.090219038345154,True
268148.81596779823,1.1065024665607896e-05,-1.0212941901954764e-05,7.023619723156571e-06,28.414315968751907,89424095.07079846,33.156577926410534,True
268448.8159675598,1.1188122014535457e-05,-1.0535324861393747e-05,7.020639081645186e-06,28.593202650547028,88832523.11431392,34.223017353030414,True
268748.8159675598,1.1313557254313738e-05,-1.0874192525989201e-05,7.0152213211827075e-06,28.774045512080193,88238995.06913954,35.289459302441685,True
269048.8159673214,1.1441597596748924e-05,-1.1230864515709982e-05,7.007278277626483e-06,28.957352697849274,87643517.37209672,36.355821464705656,True
269348.8159673214,1.1572025548072735e-05,-1.160627431318062e-05,6.996410697013289e-06,29.14243584871292,87046095.22487055,37.42201681350397,True
269648.8159673214,1.1705116040725713e-05,-1.2001943304085216e-05,6.982492202212143e-06,29.32980614900589,86446732.55496958,38.487953123515766,True
269948.815967083,1.1841116644872517e-05,-1.241949166796985e-05,6.965350436871631e-06,29.519892320036888,85845431.97494194,39.55353244394148,True
270248.815967083,1.1979780006653061e-05,-1.2860139690928918e-05,6.944501627970112e-06,29.711912736296654,85242194.74068081,40.61865051103935,True
270548.81596684456,1.2121628620885861e-05,-1.3326067403340858e-05,6.919871069044348e-06,29.90694060921669,84637020.7095707,41.683196081307905,True
270848.81596684456,1.2266292698043485e-05,-1.3818631430240202e-05,6.890848901264235e-06,30.1038885563612,84029908.29774314,42.747050198696364,True
271148.81596660614,1.2414242377032875e-05,-1.4340285474645498e-05,6.857256359182884e-06,30.303679138422012,83420854.4360103,43.810085353821194,True
271448.81596660614,1.2565278305704924e-05,-1.4892905767283082e-05,6.818507685579789e-06,30.505621284246445,82809854.52503063,44.872164551677464,True
271748.81596660614,1.2719682496638912e-05,-1.5479127370099377e-05,6.774232375050815e-06,30.710159704089165,82196902.39045286,45.933140241568644,True
272048.8159663677,1.2877747470128208e-05,-1.6101845289995254e-05,6.72400791046357e-06,30.91774210333824,81581990.23618145,46.99285311294232,True
272348.8159663677,1.3039342589867062e-05,-1.6763679042242075e-05,6.667138272575812e-06,31.127811655402184,80965108.59651145,48.05113072434384,True
272648.8159661293,1.3204822633356809e-05,-1.7468139134280136e-05,6.603109802938434e-06,31.340934976935387,80346246.28900363,49.107785928750445,True
272948.8159661293,1.3373986824642495e-05,-1.8218313812212727e-05,6.531064975945355e-06,31.55637465417385,79725390.36349487,50.16261508507088,True
273248.8159658909,1.3547395650976002e-05,-1.9018658690583834e-05,6.450431961013692e-06,31.77513813972473,79102526.052363,51.21539598840115,True
273548.8159658909,1.3724821461342094e-05,-1.9872926770858612e-05,6.360175191844064e-06,31.996397629380226,78477636.71835342,52.26588550161348,True
273848.8159658909,1.3906622039536888e-05,-2.0786106603054577e-05,6.25942994503248e-06,32.22065584361553,77850703.80182281,53.313816803436765,True
274148.81596565247,1.409315611613883e-05,-2.1763689005638298e-05,6.147205134254818e-06,32.448391273617744,77221706.76625083,54.358896208958654,True
274448.81596565247,1.4284324537224335e-05,-2.281097982859137e-05,6.022180706111158e-06,32.67902821302414,76590623.04201433,55.400799472038216,True
274748.81596541405,1.4480562632891149e-05,-2.3934680342563297e-05,5.883110482329812e-06,32.913173988461494,75957427.97044298,56.43916746308715,True
275048.81596541405,1.468170039819104e-05,-2.5141119550653457e-05,5.7283346919234646e-06,33.150060683488846,75322094.74361204,57.47360112620986,True
275348.81596541405,1.488819702378626e-05,-2.643833002480278e-05,5.556245980642416e-06,33.39030051231384,74684594.34472014,58.50365554587027,True
275648.8159651756,1.5100485654248104e-05,-2.7835074433824047e-05,5.3649871034622265e-06,33.63441476225853,74044895.48594733,59.528832971904116,True
275948.8159651756,1.531837694749775e-05,-2.9339735817757173e-05,5.1522280557492195e-06,33.88153328001499,73402964.54428327,60.548574583063036,True
276248.8159649372,1.554267361286217e-05,-3.0963347711576716e-05,4.915674345795651e-06,34.13292579352856,72758765.49568269,61.562250724837995,True
276548.8159649372,1.5773047726028485e-05,-3.271555013384386e-05,4.652332044940977e-06,34.38737042248249,72112259.84768504,62.56914933411858,True
276848.8159646988,1.6010256907746695e-05,-3.460889786310872e-05,4.35914909502344e-06,34.64596472680569,71463406.56858906,63.568462148613314,True
277148.8159646988,1.625420738637302e-05,-3.6654838652339095e-05,4.032388417840593e-06,34.907943561673164,70812162.01510029,64.55926827898581,True
277448.8159646988,1.6505433254028813e-05,-3.886661522756185e-05,3.6679754344959292e-06,35.173850148916245,70158479.85788234,65.54051457865737,True
277748.8159644604,1.6764519165867083e-05,-4.125780236563514e-05,3.2612485227900834e-06,35.44427937269211,69502311.0037797,66.5109921976479,True
278048.8159644604,1.703135116520934e-05,-4.383986271250251e-05,2.8067659059161087e-06,35.71832236647606,68843603.51552618,67.4693085750137,True
278348.81596422195,1.730692642746866e-05,-4.662577961767056e-05,2.298553312130025e-06,35.997340336441994,68182302.52839662,68.41385403107893,True
278648.81596422195,1.759099083984074e-05,-4.9622762901435635e-05,1.7296640066888358e-06,36.28006021678448,67518350.16454773,69.34276208408421,True
278948.81596422195,1.7884258986529315e-05,-5.283613990059166e-05,1.0924481443908007e-06,36.56715964525938,66851685.442382805,70.2538625763248,True
279248.81596398354,1.8187510917714397e-05,-5.62644689807712e-05,3.7835866351088043e-07,36.859368950128555,66182244.18359324,71.14462688237276,True
279548.81596398354,1.8500738421573327e-05,-5.989301519093715e-05,-4.219915865633084e-07,37.155778750777245,65509958.91615751,72.0121048370002,True
279848.8159637451,1.8824979994185053e-05,-6.369415302742709e-05,-1.318662725680042e-06,37.457510992884636,64834758.77326718,72.85285384234588,True
280148.8159637451,1.916043384724142e-05,-6.761451865600066e-05,-2.322070855598213e-06,37.76394922286272,64156569.387379505,73.662862143019,True
280448.8159635067,1.9508040977423647e-05,-7.157142863434274e-05,-3.442534165287725e-06,38.07585792988539,63475312.781357326,74.43747076135996,True
280748.8159635067,1.986795849170647e-05,-7.543725362779696e-05,-4.689217504960652e-06,38.392407432198524,62790907.2522074,75.17130261934749,True
281048.8159635067,2.024122220598532e-05,-7.903460465286116e-05,-6.069107939765672e-06,38.71438217163086,62103267.25152189,75.85821312343973,True
281348.8159632683,2.0628873201934966e-05,-8.212452939915238e-05,-7.585143180222076e-06,39.0424610376358,61412303.259904355,76.4912840797346,True
281648.8159632683,2.1031141115629733e-05,-8.440078747184998e-05,-9.233562238364357e-06,39.37569451332092,60717921.655248016,77.0628911034145,True
281948.81596302986,2.144965647971749e-05,-8.550906289883642e-05,-1.1002217931377345e-05,39.715645126998425,60020024.57457808,77.5648809334316,True
282248.81596302986,2.188454029696354e-05,-8.506588736167942e-05,-1.286703572134229e-05,40.06096099317074,59318509.77051574,77.98889384265618,True
282548.81596279144,2.2337466902639415e-05,-8.272528896213771e-05,-1.4792306799904509e-05,40.41301580518484,58613270.45843204,78.3268501718576,True
282848.81596279144,2.280898445884586e-05,-7.824259327549044e-05,-1.6730161661371312e-05,40.77099512517452,57904195.157725684,78.57158295854929,True
283148.81596279144,2.3300581158402977e-05,-7.155852588880407e-05,-1.8625603075861363e-05,41.135632909834385,57191167.52484367,78.7175430996295,True
283448.815962553,2.3813901288923303e-05,-6.28454110938037e-05,-2.0422605800263227e-05,41.50774263590574,56474066.17747442,78.76144757762098,True
283748.815962553,2.4349670859996505e-05,-5.250083734154032e-05,-2.2070958010544928e-05,41.886362098157406,55752764.5101449,78.70271654714408,True
284048.8159623146,2.4910279981277465e-05,-4.1089851009701306e-05,-2.3535376215022552e-05,42.273201905190945,55027130.49982788,78.54357853520264,True
284348.8159623146,2.549642481002458e-05,-2.9232848135052336e-05,-2.479636108887462e-05,42.666867665946484,54297026.50330458,78.28881186245052,True
284648.8159623146,2.6110302571690477e-05,-1.7505061805422883e-05,-2.5853092438410386e-05,43.06827964633703,53562309.04158983,77.94519527711047,True
284948.8159620762,2.6754337300922417e-05,-6.3573311877007654e-06,-2.6719046445577987e-05,43.47843338549137,52822828.57547708,77.52081058241868,True
285248.8159620762,2.742993475618709e-05,3.914476224053942e-06,-2.7415848990131053e-05,43.89638785272837,52078429.26959076,77.02434839726898,True
285548.81596183777,2.8140200307252107e-05,1.3161003323602927e-05,-2.797110329311181e-05,44.32361898571253,51328948.744440645,76.46452647859677,True
285848.81596183777,2.8887162124623866e-05,2.134964660172045e-05,-2.8411743784317878e-05,44.75954215973616,50574217.81667017,75.84967033198377,True
286148.81596159935,2.9674156182515133e-05,2.852856695767514e-05,-2.8763861337210983e-05,45.20522402226925,49814060.22872132,75.18745600334843,True
286448.81596159935,3.0503553503586405e-05,3.4792175711118034e-05,-2.904912790313574e-05,45.65984142571688,49048292.364362866,74.48478632743895,True
286748.81596159935,3.137930281513806e-05,4.025825342068856e-05,-2.9286798451266804e-05,46.12449039518833,48276722.95437228,73.74776275255216,True
287048.81596136093,3.230565800787954e-05,4.505014848632527e-05,-2.9492498441641146e-05,46.60014317184687,47499152.771186695,72.9817175996987,True
287348.81596136093,3.328597952823041e-05,4.928467905074285e-05,-2.9677493060376037e-05,47.08590664714575,46715374.31337051,72.19127945616559,True
287648.8159611225,3.4325880197183397e-05,5.3071358877332386e-05,-2.9851978268879975e-05,47.583447478711605,45925171.48197958,71.38045284041115,True
287948.8159611225,3.5429924066307355e-05,5.650558011893736e-05,-3.0022523375805577e-05,48.09221678227186,45128319.25106023,70.5527002782871,True
288248.8159611225,3.6604052304053935e-05,5.967205777324125e-05,-3.0194597897548192e-05,48.61275926232338,44324583.337085485,69.71102010855286,True
288548.8159608841,3.7855430560992786e-05,6.264558237489837e-05,-3.037264512784077e-05,49.14630704373121,43513719.86821907,68.85801667824805,True
288848.8159608841,3.9190463434004445e-05,6.548897476932325e-05,-3.055868262435979e-05,49.69205351173878,42695475.06456014,67.99596170105865,True
289148.8159606457,4.061850317766049e-05,6.826068513987593e-05,-3.075538340624462e-05,50.25180061161518,41869584.93489901,67.12684673403653,True
289448.8159606457,4.214778885583204e-05,7.100932623416156e-05,-3.096292748239193e-05,50.824603758752346,41035775.002720945,66.2524272797173,True
289748.81596040726,4.379043490836354e-05,7.378332745133775e-05,-3.1182741608404285e-05,51.412726409733295,40193760.07576181,65.37425931807604,True
290048.81596040726,4.5556821494338736e-05,7.662245138817525e-05,-3.141326646982634e-05,52.01461128145456,39343244.08291414,64.49372902737132,True
290348.81596040726,4.746140029986314e-05,7.956852380175405e-05,-3.16539843083774e-05,52.631519094109535,38483919.99959037,63.61207643459174,True
290648.81596016884,4.952076972028e-05,8.26628268271179e-05,-3.190367702643471e-05,53.26473793387413,37615469.904171325,62.730413506373445,True
290948.81596016884,5.1751762679380527e-05,8.594342389756093e-05,-3.215890105678909e-05,53.913201846182346,36737565.210229106,61.8497370324969,True
291248.8159599304,5.4176685214596446e-05,8.945434797169582e-05,-3.2416908936738764e-05,54.57861215621233,35849867.13839117,60.97093641438141,True
291548.8159599304,5.681884000515286e-05,9.323834450469803e-05,-3.26722444796701e-05,55.26012320816517,34952027.513611265,60.09479615357976,True
291848.815959692,5.970758554627928e-05,9.734540631711752e-05,-3.291908572577995e-05,55.95877581089735,34043690.00336428,59.22199256378434,True
292148.815959692,6.287463313742901e-05,0.00010182663493196742,-3.31481874269457e-05,56.673060309141874,33124491.946024813,58.35308374669219,True
292448.815959692,6.636013926770976e-05,0.00010674405646682317,-3.3349094515244815e-05,57.403615076094866,32194066.980345715,57.48849139925655,True
292748.8159594536,7.021145612301177e-05,0.0001121681369795624,-3.350780288258193e-05,58.15060045570135,31252048.755248826,56.62847224026124,True
293048.8159594536,7.448207086308188e-05,0.00011817552967841038,-3.360443268718427e-05,58.91144211217761,30298076.102303132,55.77307589565336,True
293348.81595921516,7.924022954030062e-05,0.0001248619769569359,-3.3614808877757696e-05,59.68605685979128,29331800.197755985,54.922084701013304,True
293648.81595921516,8.456449878359662e-05,0.00013233383106125984,-3.350507508770306e-05,60.47087862342596,28352894.442029424,54.074928882933214,True
293948.81595921516,9.055243145722372e-05,0.00014071979768459641,-3.3231178207415724e-05,61.26265359297395,27361068.073534954,53.23056783011523,True
294248.81595897675,9.732465753212143e-05,0.00015017429933550375,-3.273447327245549e-05,62.057451136410236,26356084.939045135,52.38732403267471,True
294548.81595897675,0.00010502588912009563,0.00016087467599845695,-3.1934448244896885e-05,62.84687661379576,25337789.44869397,51.54265035104029,True
294848.8159587383,0.00011384189917675302,0.00017304083871749754,-3.0723879717697855e-05,63.623101357370615,24306142.605635624,50.692802539900725,True
295148.8159587383,0.00012399872639766736,0.00018692403372710942,-2.895415846637661e-05,64.3709110468626,23261272.28947619,49.83237603501025,True
295448.8159584999,0.00013579065594894766,0.00020283420099076466,-2.6423139637188342e-05,65.07406230270863,22203543.87873001,48.95364711583929,True
295748.8159584999,0.00014958164029360598,0.00022111859135520717,-2.2848234834782488e-05,65.70398480072618,21133660.167679794,48.04563076521545,True
296048.8159584999,0.0001658468812130375,0.00024218779748252928,-1.7837603593306994e-05,66.22525078058243,20052803.83063225,47.09272777718868,True
296348.8159582615,0.00018519937934692053,0.0002664984473028653,-1.0842143247202785e-05,66.5874525681138,18962842.209720794,46.07277836584056,True
296648.8159582615,0.00020842220894668853,0.00029451449725570455,-1.0909509029488618e-06,66.7156259343028,17866623.944874395,44.954268647036926,True
296948.8159580231,0.000236535096219071,0.0003266744325287618,1.2492981525724645e-05,66.50726281106472,16768411.323117562,43.69236070138067,True
297248.8159580231,0.0002708180002697664,0.00036324220957340003,3.1397094446106166e-05,65.81079278327525,15674512.392824586,42.223380197207014,True
297548.8159580231,0.0003128508149290195,0.0004041323102796923,5.7619548179843605e-05,64.41261047311127,14594202.259693637,40.457524751611174,True
297848.81595778465,0.00036441292350216227,0.0004485590261822381,9.369094560440772e-05,62.00481002032757,13541045.912265396,38.27016573263271,True
298148.81595778465,0.00042712789163107227,0.0004945877354884942,0.00014242731354130456,58.150280714035034,12534726.568152914,35.493877954437274,True
298448.81595754623,0.0005015927989654885,0.0005387758319557179,0.0002060462495023785,52.25356439873576,11603362.040066013,31.917371093360504,True
298748.81595754623,0.000585530326839574,0.0005762114751064473,0.0002840639639067888,43.546386724337935,10785871.842707919,27.30467909306691,True
299048.8159573078,0.0006714380243236414,0.0006019853084069382,0.00037003723538120425,31.189330268651247,10132960.638563396,21.45526110338926,True
299348.8159573078,0.0007459911177019289,0.0006142503041246528,0.00044974996019675473,14.636687144637108,9703735.378850384,14.317844884607682,True
299648.8159573078,0.0007954458612066351,0.0006163980542055469,0.0005070574846151032,-5.467866996303201,9554449.856273819,6.1206616331300685,False
299948.8159570694,0.0008125462260490779,0.000611691064648312,0.000535568694791877,-26.029156049713492,9720051.39685238,-2.5976594300912925,False
300248.8159570694,0.0007898511835709197,0.0005929998059173158,0.0005341966638390261,-41.89024125598371,10198235.128657192,-11.150266260251898,False
300548.815956831,0.000715717931173792,0.0005505536862813187,0.0004910551046748424,-50.983944492414594,10948584.772725713,-18.958560403744883,False
300848.815956831,0.0006052224680150909,0.0004963205763317546,0.000407766776305607,-58.42460114881396,11907827.355467219,-25.69662614522051,False
301148.81595659256,0.0005061648503553908,0.0004563349487511914,0.0003225986590216223,-68.26248192973435,13009763.091323735,-31.270463582396086,False
301448.81595659256,0.0004406791865256284,0.0004355478309605587,0.0002630380965840118,-76.55283332429826,14198992.857739693,-35.73054268969416,False
301748.81595659256,0.0003923801660511363,0.00041853173070194316,0.00022081914313787365,-79.65445056371391,15435552.245860618,-39.19830532621206,False
302048.81595635414,0.0003470921007179373,0.00039535014064995266,0.00018349245988247276,-79.2323050070554,16693331.737629963,-41.821786673398826,False
302348.81595635414,0.00030448053038454936,0.00036721394599226187,0.00014948606465736702,-77.9342691861093,17956275.80874393,-43.750790507998765,False
302648.8159561157,0.05572226012390779,0.06938805015499838,0.02662882585908477,-14792.7264874205,19229541.241012752,-45.14986375485721,False
302948.8159561157,0.049820410445561125,0.06438392739974574,0.022064436139942245,-14703.917134772986,20478006.082968846,-46.081246541474485,False
303248.8159561157,0.0448144121361366,0.05952828453746406,0.018427885687103185,-14581.523338526487,21713194.285212427,-46.67656297362916,False
303548.8159558773,0.040549160137107944,0.054918885666779715,0.015550577004674437,-14437.985287781805,22933274.452618506,-47.01600716075284,False
303848.8159558773,0.036894000618916005,0.050617872828070176,0.013281957397886401,-14282.863741893321,24137256.948164865,-47.16277399127301,False
304148.8159556389,0.03374317789241227,0.04665664460208063,0.011496601123177186,-14121.553438059986,25324665.49637654,-47.16584558213112,False
304448.8159556389,0.03101066224687653,0.0430415271374045,0.010092061761667992,-13957.67197239399,26495344.549404636,-47.062733232069064,False
304748.81595540047,0.028626846368637413,0.039761980632135874,0.008986496738152994,-13793.579617083073,27649340.873278815,-46.881913913658536,False
305048.81595540047,0.026535315037212175,0.03679726790483073,0.008115329483281641,-13630.818407718092,28786829.679664973,-46.644864793147576,False
305348.81595540047,0.02469020028050618,0.03412146790876136,0.0074279859025523365,-13470.395568784326,29908067.351802234,-46.36769776721018,False
305648.81595516205,0.023054042118810153,0.031706867603645605,0.006885007999983372,-13312.959543772042,31013360.546933427,-46.06244017578142,False
305948.81595516205,0.021596086593948963,0.02952608015345959,0.006455646155671957,-13158.91162051633,32103045.641339872,-45.738022253605564,False
306248.81595492363,0.020290956417527577,0.02755327458208967,0.0061159230699558975,-13008.488574065268,33177474.875746224,-45.40103086522907,False
306548.81595492363,0.01911758615967514,0.025764769965718415,0.00584710339361294,-12861.807224206626,34237006.93673519,-45.056281464147574,False
306848.81595492363,0.01805839967685035,0.024139272592549332,0.005634507189640203,-12718.906120173633,35282000.53431763,-44.7072508472198,False
307148.8159546852,0.017098650049516998,0.022657868112332835,0.005466591822276712,-12579.768236584961,36312810.03683705,-44.356404268446866,False
307448.8159546852,0.016225893777779894,0.021303885289967184,0.005334245541050109,-12444.33414837718,37329782.53508156,-44.00544281224575,False
307748.8159544468,0.015429584952895401,0.020062716907034428,0.005230248324970432,-12312.522388026118,38333255.91754852,-43.65549072407472,False
308048.8159544468,0.014700734505679892,0.0189215936596554,0.005148854005753378,-12184.230837263167,39323557.65626669,-43.307237531966685,False
308348.8159542084,0.014031649901921617,0.017869378817891857,0.0050854721761908195,-12059.349594712257,40301004.10207679,-42.96104612127187,False
308648.8159542084,0.013415712394658958,0.016896356682934766,0.005036419712503459,-11937.759010106325,41265900.14208278,-42.61703509619097,False
308948.8159542084,0.012847207817455348,0.015994056327770068,0.004998731588202077,-11819.339464969933,42218539.11639396,-42.27514169848179,False
309248.81595396996,0.01232117912669034,0.015155081502939538,0.004970011489277226,-11703.969604104757,43159202.91455337,-41.93516996091225,False
309548.81595396996,0.011833308602336426,0.014372965779273272,0.00494831608884283,-11591.527594469488,44088162.20298805,-41.596827627174235,False
309848.81595373154,0.011379824780728383,0.01364205158759546,0.004932065777246919,-11481.89705786854,45005676.73752545,-41.25975449731947,False
310148.81595373154,0.010957416720101055,0.012957374337474903,0.004919971772025633,-11374.961471021175,45911995.733705655,-40.923544194956634,False
310448.8159534931,0.010563172178634004,0.01231457485869214,0.004910981595784847,-11270.61097639054,46807358.274261415,-40.58776089288695,False
310748.8159534931,0.010194517358086718,0.011709813134132219,0.004904233012076986,-11168.737199679017,47691993.736792445,-40.251952139913925,False
311048.8159534931,0.009849172949197998,0.011139702602406487,0.004899019575667296,-11069.237310275435,48566122.22888944,-39.91565868676511,False
311348.8159532547,0.00952511395025018,0.010601249724004447,0.004894762070378533,-10972.01337877661,49429955.026280925,-39.57842197775734,False
311648.8159532547,0.009220534301465173,0.010091800508888582,0.0048909849267815275,-10876.969631820917,50283695.003235385,-39.23978983183017,False
311948.8159530163,0.00893382185054632,0.009609000512057264,0.004887299252239075,-10784.017335541546,51127537.05402968,-38.899320719641246,False
312248.8159530163,0.008663530343051649,0.009150752451517974,0.004883386349426644,-10693.069094635546,51961668.501362845,-38.55658693507438,False
312548.8159530163,0.00840836191037843,0.008715187278028225,0.004878987025044523,-10604.043594516814,52786269.490447074,-38.21117691592914,False
312848.81595277786,0.008167148131006507,0.008300634551318353,0.00487389126390525,-10516.8638208583,53601513.36752028,-37.862696889395295,False
313148.81595277786,0.007938832716042728,0.007905595808495036,0.004867929136999294,-10431.453532457352,54407567.04001529,-37.51077199227632,False
313448.81595253944,0.007722462128235966,0.007528727672251989,0.004860966059460736,-10347.743496008217,55204591.323365964,-37.155046986404145,False
313748.81595253944,0.0075171704559637755,0.007168819410651395,0.004852895466306961,-10265.66518239677,55992741.26828126,-36.79518664508123,False
314048.815952301,0.007322172492310492,0.006824780229948146,0.0048436358550674186,-10185.155859917402,56772166.47285804,-36.43087589667662,False
314348.815952301,0.0071367521186911035,0.006495622202805862,0.004833125413298944,-10106.153235420585,57543011.3783846,-36.0618197650365,False
314648.815952301,0.006960257513053328,0.006180451018735766,0.004821320408723295,-10028.600337795913,58305415.550610945,-35.687743165521425,False
314948.8159520626,0.00679209267696957,0.005878453417864193,0.004808191520474736,-9952.442078568041,59059513.94412574,-35.3083905782869,False
315248.8159520626,0.006631711468530544,0.005588887783432028,0.004793721482087676,-9877.62472436577,59805437.15534781,-34.923525632391126,False
315548.8159518242,0.0064786144521588145,0.00531107789311136,0.004777904426468638,-9804.099682226777,60543311.660362944,-34.532930626001416,False
315848.8159518242,0.006332341641547517,0.005044403093450001,0.004760742584153377,-9731.817994736135,61273260.03953573,-34.13640598806147,False
316148.8159518242,0.00619247085355897,0.004788294246310443,0.004742246410472717,-9660.73491615057,61995401.19113515,-33.73376971048068,False
316448.81595158577,0.00605861311890938,0.004542227158708556,0.004722432772680918,-9590.80777232349,62709850.53259271,-33.32485674884419,False
316748.81595158577,0.005930408875823524,0.004305717132012887,0.004701323478869313,-9521.994421318173,63416720.19131198,-32.90951840575648,False
317048.81595134735,0.005807526637572307,0.004078315952455114,0.004678945425027337,-9454.256282389164,64116119.18407345,-32.48762170858421,False
317348.81595134735,0.005689658863842209,0.0038596066783327387,0.004655328702817485,-9387.554731346667,64808153.58849613,-32.05904877546108,False
317648.81595110893,0.005576521678823029,0.0036492019203251402,0.004630507355507518,-9321.855327256024,65492926.70417118,-31.62369618913264,False
317948.81595110893,0.005467850614790023,0.003446739018158951,0.004604517161833854,-9257.122688017786,66170539.204593964,-31.181474366046007,False
318248.81595110893,0.0053634007444575095,0.003251878988919543,0.004577396561117553,-9193.324754215777,66841089.28205346,-30.732306940398374,False
318548.8159508705,0.0052629444057366,0.0030643036462265627,0.004549185745872819,-9130.4312684685,67504672.78447644,-30.276130152099444,False
318848.8159508705,0.005166268560403114,0.00288371270562493,0.004519925327468144,-9068.410850971937,68161383.34346245,-29.81289224541291,False
319148.8159506321,0.0050731757566226925,0.0027098236441247536,0.004489657787928536,-9007.236306875944,68811312.49842183,-29.34255288690531,False
319448.8159506321,0.00498348078392135,0.0025423685463294987,0.004458425462061655,-8946.879417181015,69454549.81154576,-28.865082588641346,False
319748.8159503937,0.004897011430559228,0.0023810939633506223,0.004426271753327882,-8887.315291061997,70091182.97788636,-28.380462155859405,False
320048.8159503937,0.004813605719228042,0.002225758468711092,0.00439323942040204,-8828.517886459827,70721297.92902693,-27.888682141886665,False
320348.8159503937,0.004733112759683963,0.0020761326854312756,0.004359371814775415,-8770.46426331997,71344978.93235762,-27.38974232863353,False
320648.81595015526,0.004655390827985893,0.001931997586837042,0.004324711761956479,-8713.131743997335,71962308.68317303,-26.883651218381733,False
320948.81595015526,0.004580306522145562,0.0017931436082960772,0.004289301279921887,-8656.497485414147,72573368.39418869,-26.370425544204018,False
321248.81594991684,0.004507735388864686,0.0016593706131686758,0.004253182569399883,-8600.541802048683,73178237.87929974,-25.850089803924973,False
321548.81594991684,0.004437559578402578,0.0015304862540403974,0.004216396358184937,-8545.243566185236,73776995.6323339,-25.322675803769823,False
321848.81594991684,0.004369668809400798,0.0014063062054674447,0.00417898313604681,-8490.584152981639,74369718.90292597,-24.78822222960446,False
322148.8159496784,0.004303959203823232,0.0012866532673569964,0.0041409824812568274,-8436.545666009188,74956483.76757032,-24.246774230779778,False
322448.8159496784,0.00424033239436439,0.0011713567174638229,0.004102432577450799,-8383.10969927907,75537365.19738324,-23.698383022662288,False
322748.81594944,0.004178696081790611,0.0010602523548755016,0.004063371045461395,-8330.25998467207,76112437.12156858,-23.143105513339705,False
323048.81594944,0.004118962555143128,0.0009531816508854263,0.0040238338745339775,-8277.979341238737,76681772.48875907,-22.581003940303354,False
323348.8159492016,0.004061049671433737,0.0008499919785833754,0.003983856625271898,-8226.25336202979,77245443.32453835,-22.01214553462991,False
323648.8159492016,0.004004878992276063,0.0007505357065440421,0.003943472945518778,-8175.066072270274,77803520.78516129,-21.436602193362077,False
323948.8159492016,0.003950376805525234,0.0006546704530023817,0.0039027157904101273,-8124.403632730246,78356075.20964876,-20.854450179049003,False
324248.81594896317,0.0038974733970379032,0.000562258655804726,0.0038616169793250776,-8074.253063425422,78903176.16864811,-20.265769830580115,False
324548.81594896317,0.0038461019525475567,0.0004731671140802973,0.0038202063597623237,-8024.599758520722,79444892.50936924,-19.670645290649258,False
324848.81594872475,0.0037961999286223727,0.0003872672953946221,0.003778513353736912,-7975.432112440467,79981292.40079871,-19.06916425709148,False
325148.81594872475,0.003747707308846013,0.0003044347047307383,0.0037365654714029972,-7926.737064212561,80512443.37390879,-18.46141774052601,False
325448.81594872475,0.003700567536869957,0.00022454904370761142,0.003694389418768651,-7878.5033987909555,81038412.36088906,-17.8474998477381,False
325748.8159484863,0.0036547268516182504,0.00014749391993973404,0.0036520106375093064,-7830.720338478684,81559265.73176762,-17.227507574384745,False
326048.8159484863,0.003610133741173566,7.315664583984471e-05,0.00360945294067605,-7783.376379862428,82075069.32910402,-16.601540612935956,False
326348.8159482479,0.0035667395981081908,1.4282801146237034e-06,0.003566739333777491,-7736.461731418967,82585888.50016198,-15.969701181589167,False
326648.8159482479,0.003524497659252398,-6.779666045986232e-05,0.003523891122670264,-7689.965535402298,83091788.12810823,-15.33209385843481,False
326948.8159480095,0.0034833639832905433,-0.000134620132598684,0.0034809290461677023,-7643.879259288311,83592832.66100594,-14.688825439643207,False
327248.8159480095,0.003443296031096337,-0.00019914086288963517,0.003437872003058118,-7598.192727357149,84089086.13814086,-14.040004800758647,False
327548.8159480095,0.0034042536770307955,-0.00026145429418988897,0.0033947382078594046,-7552.897570982575,84580612.2160501,-13.385742781223463,False
327848.8159477711,0.0033661986048260195,-0.0003216527578615569,0.0033515447206831084,-7507.985709324479,85067474.1919548,-12.72615207497486,False
328148.8159477711,0.003329093871127567,-0.0003798255775961934,0.0033083071349828685,-7463.448286518455,85549735.02600859,-12.06134713351221,False
328448.81594753265,0.0032929045523623275,-0.00043605910849464635,0.0032650403539040695,-7419.277988418937,86027457.3615688,-11.391444087335227,False
328748.81594753265,0.0032575968197161693,-0.000490436862662591,0.003221757773728129,-7375.4664052426815,86500703.54482251,-10.716560669528988,False
329048.81594729424,0.003223138880796197,-0.0005430395671908173,0.003178472348453809,-7332.007260799408,86969535.64277074,-10.036816161005932,False
329348.81594729424,0.003189499717154081,-0.0005939452582310878,0.0031351954204623667,-7288.892645999789,87434015.45891017,-9.352331335920706,False
329648.81594729424,0.0031566500337847957,-0.0006432293579337056,0.0030919377833988904,-7246.116259709001,87894204.54899025,-8.663228428014612,False
329948.8159470558,0.003124561845162437,-0.0006909647649706585,0.0030487093606872406,-7203.672310128808,88350164.23492078,-7.969631100531591,False
330248.8159470558,0.0030932077415918038,-0.0007372218759087446,0.00300551855844855,-7161.553352847695,88801955.61633779,-7.271664425794194,False
330548.8159468174,0.003062562093174133,-0.0007820687393689241,0.002962373569755705,-7119.754343122244,89249639.58360727,-6.56945488205033,False
330848.8159468174,0.0030325997906363654,-0.0008255710365006053,0.0029192811895342174,-7078.268754541874,89693276.82716016,-5.86313034907243,False
331148.8159468174,0.003003297090566491,-0.0008677922300535101,0.002876247746935512,-7037.091467186809,90132927.84712568,-5.152820123524774,False
331448.815946579,0.002974631201888176,-0.0009087936051628276,0.002833278764871494,-6996.217592060566,90568652.96141787,-4.438654936620927,False
331748.815946579,0.002946579833495589,-0.0009486342619311472,0.0027903785820644345,-6955.641136214137,91000512.3125769,-3.7207669806259256,False
332048.81594634056,0.002919122147255191,-0.0009873713372314796,0.0027475513746315627,-6915.358250066638,91428565.87475434,-2.999289951234361,False
332348.81594634056,0.0028922374359421394,-0.001025059844948828,0.002704799904781119,-6875.363036587834,91852873.45745811,-2.2743590877827895,False
332648.81594610214,0.0028659063977883566,-0.0010617529761702826,0.0026621268515811813,-6835.651839137077,92273494.71137288,-1.5461112337253649,False
332948.81594610214,0.0028401099749517326,-0.0010975019322359003,0.0026195337191257106,-6796.219546630979,92690489.13071214,-0.8146848939404278,False
333248.81594610214,0.00281483016100805,-0.0011323561571430218,0.002577021692260692,-6757.062353476882,93103916.05610119,-0.0802203110143174,False
333548.8159458637,0.0027900496157281136,-0.0011663633195553302,0.0025345913085124128,-6718.176598444581,93513834.67605175,0.6571404570950835,False
333848.8159458637,0.0027657513476419746,-0.0011995692759114718,0.002492242202093653,-6679.557806566358,93920304.02776343,1.3972534510526249,False
334148.8159456253,0.0027419193026239725,-0.0012320182848100103,0.0024499737262098087,-6641.202729657292,94323382.99688585,2.1399727090774294,False
334448.8159456253,0.002718537642669128,-0.001263752848871036,0.002407784300909377,-6603.107038855553,94723130.31701681,2.885150167624654,False
334748.8159456253,0.002695591458129719,-0.0012948139794559665,0.0023656721444695883,-6565.2677665650845,95119604.56836393,3.6326355434781434,False
335048.8159453869,0.0026730663420870817,-0.0013252411189910163,0.002323634902521299,-6527.681969299912,95512864.1751218,4.382276214393439,False
335348.8159453869,0.002650948045446562,-0.0013550720503303637,0.0022816693645300035,-6490.345655322075,95902967.40236193,5.133917091162508,False
335648.81594514847,0.0026292233482558955,-0.0013843432510896037,0.0022397723250593415,-6453.256746351719,96289972.35316539,5.887400473935909,False
335948.81594514847,0.002607878880117876,-0.00141308948801111,0.00219793951045677,-6416.411223009229,96673936.96294,6.642565910683577,False
336248.81594491005,0.0025869022916725935,-0.0014413442991383363,0.0021561667099385673,-6379.807078182697,97054918.99596417,7.399250034991845,False
336548.81594491005,0.0025662812135015057,-0.001469139605461578,0.0021144488399418293,-6343.440915212035,97432976.03885692,8.157286406477754,False
336848.81594491005,0.002546004004379856,-0.001496506041974044,0.002072780667905505,-6307.310484901071,97808165.49482185,8.91650533131877,False
337148.81594467163,0.0025260594260420014,-0.001523472847082985,0.00203115653918573,-6271.413656741381,98180544.57678968,9.676733680394555,False
337448.81594467163,0.0025064362769842956,-0.0015500676960300552,0.001989570080633385,-6235.747249677777,98550170.29982008,10.437794697877054,True
337748.8159444332,0.0024871242369642037,-0.0015763171126650377,0.001948014985043045,-6200.3098869770765,98917099.4740445,11.199507792905392,True
338048.8159444332,0.0024681127471322976,-0.0016022459250564225,0.0019064840419975582,-6165.0983168929815,99281388.69497089,11.961688332089448,True
338348.8159444332,0.0024493920234893722,-0.0016278777657987575,0.001864970063111926,-6130.1108226925135,99643094.33597974,12.724147410841518,True
338648.8159441948,0.0024309526124322712,-0.0016532348512043882,0.0018234655100428654,-6095.34578499198,100002272.53842156,13.486691621654881,True
338948.8159441948,0.002412785022955862,-0.001678337754867698,0.001781962209909338,-6060.800495296717,100358979.20146532,14.249122811692859,True
339248.8159439564,0.0023948804978995136,-0.0017032058159429653,0.001740452040282392,-6026.4737508147955,100713269.97244386,15.0112378225622,True
339548.8159439564,0.002377230206502237,-0.0017278566539289386,0.0016989262694444562,-5992.363208323717,101065200.23579402,15.772828229565691,True
339848.81594371796,0.0023598258843563038,-0.0017523065050113473,0.0016573761209954796,-5958.4675409942865,101414825.10187234,16.533680058945038,True
340148.81594371796,0.0023426592136583007,-0.0017765698028995303,0.0016157922888950793,-5924.784412607551,101762199.39569017,17.293573504658816,True
340448.81594371796,0.0023257224632497984,-0.0018006595246333745,0.0015741654887584389,-5891.312627270818,102107377.64526753,18.052282623785114,True
340748.81594347954,0.0023090081254019765,-0.0018245869117379243,0.0015324861858196925,-5858.050951004028,102450414.06909867,18.80957502752475,True
341048.81594347954,0.0022925086315757413,-0.0018483612005582017,0.001490744407796285,-5824.997204765677,102791362.56352465,19.565211560885892,True
341348.8159432411,0.0022762170561624216,-0.001871990021442116,0.0014489303272142706,-5792.150604754686,103130276.69032562,20.31894596450476,True
341648.8159432411,0.0022601263517550534,-0.0018954787855989252,0.0014070337017457746,-5759.509266376495,103467209.6632523,21.070524535768772,True
341948.8159430027,0.0022442299658019266,-0.0019188310195659142,0.0013650443834585246,-5727.072257652879,103802214.33450757,21.8196857687664,True
342248.8159430027,0.0022285212467116505,-0.0019420478241443107,0.0013229519132984535,-5694.837668225169,104135343.18128195,22.566159994682188,True
342548.8159430027,0.002212994062272797,-0.001965128214123979,0.001280746020789536,-5662.80465914309,104466648.29202008,23.30966900293103,True
342848.8159427643,0.0021976424537455685,-0.001988068737489357,0.0012384164098229178,-5630.972344219685,104796181.35196944,24.049925660368945,True
343148.8159427643,0.002182460353160888,-0.002010863097893889,0.001195952617862872,-5599.338891878724,105123993.62872113,24.786633522796585,True
343448.81594252586,0.0021674423416523886,-0.0020335026142959123,0.0011533445969753586,-5567.904009506106,105450135.9583389,25.51948643352672,True
343748.81594252586,0.00215258265051402,-0.0020559752376811957,0.0011105820897192586,-5536.665714636445,105774658.72952403,26.248168127111178,True
344048.81594252586,0.0021378760806899863,-0.0020782661374880718,0.0010676553191721894,-5505.62333163619,106097611.86995561,26.972351819966093,True
344348.81594228745,0.002123317609126141,-0.0021003571989695047,0.0010245547868592553,-5474.776229888201,106419044.83084504,27.691699806863603,True
344648.81594228745,0.00210890206102134,-0.0021222265272058394,0.0009812711515344574,-5444.122781589627,106739006.57157722,28.405863058949418,True
344948.815942049,0.0020946248132039987,-0.0021438488748231066,0.0009377957552061389,-5413.662644281983,107057545.54503909,29.114480820047884,True
345248.815942049,0.0020804810681327424,-0.002165194772317136,0.0008941202687360317,-5383.394435659051,107374709.6820871,29.817180220442612,True
345548.8159418106,0.0020664664395720483,-0.002186230854135829,0.0008502371473291248,-5353.3176292032,107690546.37612136,30.51357589281792,True
345848.8159418106,0.002052576393963968,-0.0022069191066407257,0.0008061394179001979,-5323.430775821209,108005102.4680182,31.203269614093372,True
346148.8159418106,0.00203880683736145,-0.0022272172187456363,0.000761821131963103,-5293.733393192291,108318424.2308387,31.88584996096245,True
346448.8159415722,0.0020251537897181923,-0.0022470780571381965,0.0007172773053554238,-5264.2249306589365,108630557.35425991,32.56089199762179,True
346748.8159415722,0.0020116131294074724,-0.002266449183906616,0.0006725039363502106,-5234.903973639011,108941546.92918701,33.22795699794523,True
347048.81594133377,0.0019981812391667436,-0.002285273331551707,0.0006274984843770426,-5205.770299896598,109251437.43277626,33.88659220317867,True
347348.81594133377,0.0019848543105286482,-0.0023034874959648732,0.0005822596840445726,-5176.822689130902,109560272.71298708,34.53633063748733,True
347648.81594133377,0.0019716288182380854,-0.0023210232833150712,0.000536787951219253,-5148.06043317914,109868095.97320561,35.17669097313436,True
347948.81594109535,0.001958501446191218,-0.002337806720191793,0.0004910855188597907,-5119.483103483915,110174949.75768597,35.80717746902681,True
348248.81594109535,0.0019454687240334277,-0.0023537577593799597,0.00044515647773124556,-5091.089428350329,110480875.93619667,36.427279987500086,True
348548.81594085693,0.0019325276466468269,-0.0023687909548471,0.0003990072319339788,-5062.879233524203,110785915.68942541,37.03647409526327,True
348848.81594085693,0.0019196749497255724,-0.0023828146552205,0.00035264641807941643,-5034.851194396615,111090109.49399067,37.63422127380424,True
349148.8159406185,0.0019069079033394575,-0.0023957320386784886,0.00030608541472787465,-5007.0053074508905,111393497.1084507,38.219969235492414,True
349448.8159406185,0.001894223395136915,-0.002407440201011468,0.0002593382348123896,-4979.340059474111,111696117.55806391,38.79315237517373,True
349748.8159406185,0.0018816187786524715,-0.0024178314586151828,0.00021242203345650523,-4951.855055272579,111998009.12158065,39.35319235472374,True
350048.8159403801,0.0018690915138003356,-0.002426793312110931,0.00016535718867061178,-4924.54991222918,112299209.3169312,39.89949884697202,True
350348.8159403801,0.0018566388661101685,-0.0024342085656314794,0.00011816743884907055,-4897.423348367214,112599754.88732645,40.43147044702439,True
350648.8159401417,0.0018442585579265991,-0.002439956798724552,7.088024906209967e-05,-4870.475182339549,112899681.78812654,40.94849575968326,True
350948.8159401417,0.0018319480999591322,-0.0024439142923142754,2.352682736272982e-05,-4843.704296991229,113199025.17352149,41.44995468629331,True
351248.8159401417,0.0018197052450652986,-0.0024459555508542508,-2.3857606706201295e-05,-4817.110031783581,113497819.38333644,41.93521990854219,True
351548.81593990326,0.001807527918451904,-0.0024459543136288175,-7.123371749173657e-05,-4790.691969320178,113796097.93091165,42.403658589122394,True
351848.81593990326,0.0017954138721834319,-0.0024437843398743553,-0.00011855800076432388,-4764.448903441429,114093893.490464,42.85463429140473,True
352148.81593966484,0.001783361275258892,-0.0024393216245641725,-0.0001657826466683332,-4738.380619600415,114391237.88521521,43.287509118363126,True
352448.81593966484,0.0017713680329417125,-0.002432445033548447,-0.00021285560668360404,-4712.4858565330505,114688162.07559083,43.70164608037924,True
352748.8159394264,0.0017594324758958425,-0.0024230389641957117,-0.00025972057672873916,-4686.76437407732,114984696.14809097,44.096411676762656,True
353048.8159394264,0.001747552716754435,-0.0024109942805807805,-0.0003063171450961022,-4661.215037420392,115280869.30432075,44.47117869372691,True
353348.8159394264,0.0017357270910754307,-0.0023962108574835383,-0.0003525809397402213,-4635.837139412761,115576709.85009682,44.82532919472579,True
353648.815939188,0.0017239540899172936,-0.0023785994836202917,-0.0003984438893667175,-4610.630197167397,115872245.18577664,45.158257692083765,True
353948.815939188,0.0017122320234221593,-0.002358083396757138,-0.0004438345244324182,-4585.592970654368,116167501.79620674,45.46937447110954,True
354248.8159389496,0.0017005595971797325,-0.0023346011072931105,-0.0004886784106759023,-4560.72516001761,116462505.24141538,45.75810903333016,True
354548.8159389496,0.0016889352401710453,-0.0023081073566686428,-0.0005328985712083067,-4536.025441750884,116757280.14758989,46.023913627848195,True
354848.81593871117,0.0016773578431473288,-0.002278575976220054,-0.0005764161245522814,-4511.493627995253,117051850.19885918,46.26626682064597,True
355148.81593871117,0.0016658259069402964,-0.002246000265387238,-0.0006191507880544123,-4487.128195315599,117346238.12864009,46.484677060937734,True
355448.81593871117,0.0016543383320646353,-0.002210395492255657,-0.0006610216923874646,-4462.928579866886,117640465.7126925,46.67868618629042,True
355748.81593847275,0.0016428940854920518,-0.0021717994673622343,-0.000701948086927473,-4438.894212886691,117934553.76172,46.84787281597121,True
356048.81593847275,0.0016314919202441375,-0.0021302728449370534,-0.0007418500449318799,-4415.023720949888,118228522.1146057,46.99185557315648,True
356348.81593823433,0.0016201309907221252,-0.0020859003060422765,-0.0007806494445290468,-4391.31669716537,118522389.63236283,47.110296078099616,True
356648.81593823433,0.001608810165736632,-0.002038789452456058,-0.0008182706016697239,-4367.771740019321,118816174.19234629,47.202901658769456,True
356948.81593823433,0.001597528671909055,-0.0019890711387802185,-0.000854641294623093,-4344.388291716576,119109892.68325298,47.269427723618556,True
357248.8159379959,0.0015862856773679191,-0.0019368978470026832,-0.0008896934343312068,-4321.165456935763,119403560.99994127,47.309679750792554,True
357548.8159379959,0.0015750802324041363,-0.0018824421352405807,-0.000923363778987607,-4298.1018439382315,119697194.0397772,47.323514851756855,True
357848.8159377575,0.0015639117736837508,-0.0018258954261511917,-0.0009555948456139163,-4275.196988016367,119990805.6987418,47.31084287691667,True
358148.8159377575,0.0015527794377394413,-0.0017674648062211418,-0.0009863352320280683,-4252.44942638278,120284408.86820705,47.271627039523565,True
358448.8159375191,0.001541682735317985,-0.0017073713374315957,-0.0010155404520872935,-4229.858590379357,120578015.43231548,47.20588404566982,True
358748.8159375191,0.0015306209456361368,-0.0016458464208710666,-0.0010431730676074835,-4207.42311860621,120871636.26603861,47.113683726609906,True
359048.8159375191,0.0015195935290073651,-0.0015831293261499013,-0.0010692032018795317,-4185.142011925578,121165281.23310271,46.995148184059246,True
359348.81593728065,0.001508600064389293,-0.0015194639960895984,-0.0010936087135888783,-4163.014455571771,121458959.18544489,46.85045046602088,True
359648.81593728065,0.0014976399359474509,-0.0014550955608569893,-0.001116375083121568,-4141.038967296481,121752677.96252523,46.67981280218305,True
359948.81593704224,0.0014867128707084544,-0.0013902679442310273,-0.0011374956923617674,-4119.2148727327585,122046444.39116381,46.483504438893306,True
360248.81593704224,0.0014758183125834002,-0.0013252202380726885,-0.0011569712834074153,-4097.540599301457,122340264.28622915,46.26183911416026,True
360548.81593704224,0.0014649560316223626,-0.0012601847252824427,-0.0011748100889832358,-4076.015339449048,122634142.45172672,46.01517222876868,True
360848.8159368038,0.0014541257269816495,-0.0011953840122771453,-0.0011910272292112722,-4054.6379736810923,122928082.68201198,45.74389776296644,True
361148.8159368038,0.0014433269701712922,-0.0011310288897732335,-0.0012056442278094437,-4033.406925365329,123222087.76446642,45.448444997146055,True
361448.8159365654,0.0014325596877644467,-0.0010673170611141813,-0.0012186888664658113,-4012.3214624524117,123516159.48181215,45.12927509628012,True
361748.8159365654,0.0014218235037873122,-0.0010044310701289305,-0.001230194158615916,-3991.3799357563257,123810298.61539273,44.78687760683329,True
362048.815936327,0.0014111183928892867,-0.0009425378873970658,-0.0012401982542300516,-3970.5815291404724,124104504.94875106,44.42176692834334,True
362348.815936327,0.001400444040446758,-0.0008817876054649787,-0.0012487433442913698,-3949.9245591163635,124398777.27201433,44.03447879887606,True
362648.815936327,0.001389800442656489,-0.0008223136107119444,-0.0012558755176002023,-3929.4080694019794,124693113.38658416,43.62556684918553,True
362948.81593608856,0.0013791875187256298,-0.0007642321626235571,-0.0012616438474424285,-3909.030807375908,124987510.11005652,43.19559925605876,True
363248.81593608856,0.00136860505571974,-0.0007076425758896221,-0.001266099741556559,-3888.7910870164633,125281963.28253554,42.74515553170963,True
363548.81593585014,0.0013580531790368118,-0.0006526280214416147,-0.0012692967707366165,-3868.688023135066,125576467.77247961,42.27482348071279,True
363848.81593585014,0.0013475317126630452,-0.0005992556846763364,-0.0012712895852189376,-3848.7198633253574,125871017.4836497,41.78519633580352,True
364148.81593585014,0.0013370407322116726,-0.0005475779766186406,-0.001272133887532334,-3828.8854327350855,126165605.3621489,41.27687010114692,True
364448.8159356117,0.0013265803799571117,-0.0004976333122215237,-0.0012718858179638914,-3809.1836502552032,126460223.40435527,40.750441102976424,True
364748.8159356117,0.0013161504908236234,-0.000449446911375162,-0.001270601195450638,-3789.612575650215,126754862.66486168,40.20650375722418,True
365048.8159353733,0.0013057512931321585,-0.00040303230437643833,-0.0012683357797200756,-3770.171209514141,127049513.26529309,39.645648561410106,True
365348.8159353733,0.0012953827376077345,-0.00035839204352328125,-0.0012651443334732448,-3750.857779979706,127344164.40358265,39.06846029572888,True
365648.8159351349,0.001285045074509533,-0.00031551913431826506,-0.0012610808728510392,-3731.6712147146463,127638804.36313707,38.47551644393315,True
365948.8159351349,0.0012747382706799844,-0.0002743978350281395,-0.0012561978828316,-3712.6096660643816,127933420.52324484,37.867385809788196,True
366248.8159351349,0.0012644625775527364,-0.0002350049992401182,-0.0012505466527130693,-3693.6719491630793,128227999.36931707,37.24462733569409,True
366548.81593489647,0.001254218161551064,-0.00019731091563812697,-0.0012441767661641734,-3674.856611505151,128522526.50352646,36.607789098753905,True
366848.81593489647,0.0012440050513038408,-0.00016128026905448678,-0.0012371359189344844,-3656.161808460951,128816986.65666577,35.95740747766369,True
367148.81593465805,0.0012338235878497747,-0.0001268732046924015,-0.0012294702609381147,-3637.586427912116,129111363.6993193,35.29400648313397,True
367448.81593465805,0.0012236738122455384,-9.404594072748296e-05,-0.0012212237332249742,-3619.128569185734,129405640.65429372,34.61809722435606,True
367748.81593465805,0.0012135560018834523,-6.27517138696021e-05,-0.001212438549579531,-3600.7868765592575,129699799.70877758,33.93017751604472,True
368048.81593441963,0.0012034704372034025,-3.294138454634776e-05,-0.0012031549495077343,-3582.5599614977837,129993822.22730304,33.23073159830795,True
368348.81593441963,0.0011934172356463158,-4.564023925013316e-06,-0.0011934110306128787,-3564.4460007697344,130287688.76524429,32.52022996272518,True
368648.8159341812,0.0011833967161875986,2.243244358623997e-05,-0.0011832431261957765,-3546.4436316788197,130581379.08162887,31.799129278992773,True
368948.8159341812,0.0011734089855255049,4.810084328710218e-05,-0.0011726854208262694,-3528.5509458333254,130874872.15389165,31.06787239554625,True
369248.8159339428,0.001163454449183519,7.249422614563628e-05,-0.0011617705026338854,-3510.7667304724455,131168146.19146997,30.32688842287161,True
369548.8159339428,0.00115353321595263,9.566560231633048e-05,-0.001150528814278573,-3493.089032277465,131461178.65077238,29.57659286940617,True
369848.8159339428,0.0011436456133987472,0.00011766754118980316,-0.001138989227719378,-3475.516401439905,131753946.2496358,28.81738784128365,True
370148.8159337044,0.0011337920156883788,0.00013855193864742432,-0.0011271789336220195,-3458.0474749207497,132046424.98274831,28.049662281365602,True
370448.8159337044,0.0011239724960043966,0.0001583698145282142,-0.0011151231548574003,-3440.6801589280367,132338590.13695079,27.273792246383383,True
370748.81593346596,0.0011141874789053613,0.00017717107454018333,-0.0011028458758239879,-3423.4131749272346,132630416.30684967,26.490141223018,True
371048.81593346596,0.001104437116308272,0.00019500440316733147,-0.001090369280863257,-3406.2445889264345,132921877.41115658,25.69906045929533,True
371348.81593322754,0.001094721824205733,0.00021191712141899188,-0.001077714369646543,-3389.1730738282204,133212946.70829545,24.900889327630225,True
371648.81593322754,0.0010850417470770805,0.00022795510662376728,-0.0010649004851366328,-3372.1966590434313,133503596.81344081,24.09595569268312,True
371948.81593322754,0.0010753972333843466,0.0002431627211194609,-0.001051945866674231,-3355.3138424903154,133793799.71466869,23.284576301531253,True
372248.8159329891,0.0010657886736334464,0.00025758277450904643,-0.001038867554811418,-3338.5232091397047,134083526.79014224,22.46705717518345,True
372548.8159329891,0.0010562161608986419,0.00027125647233106065,-0.0010256811152657974,-3321.8226583600044,134372748.82509884,21.643694005060233,True
372848.8159327507,0.0010466801267010651,0.00028422343902434477,-0.0010124013490013795,-3305.2108630239964,134661436.02895784,20.81477255961443,True
373148.8159327507,0.0010371807330068945,0.0002965216791039893,-0.0009990417403145102,-3288.68588116765,134949558.05320635,19.980569080297375,True
373448.8159327507,0.0010277183286769114,0.00030818762539297495,-0.0009856149797400349,-3272.2461972534657,135237084.00843415,19.141350686973034,True
373748.8159325123,0.0010182932586474483,0.0003192561475486855,-0.0009721328294709508,-3255.89028775692,135523982.48234314,18.297375773105244,True
374048.8159325123,0.001008905704261626,0.0003297605552177174,-0.0009586060191040247,-3239.6162662804127,135810221.55797008,17.44889439663771,True
374348.81593227386,0.0009995560237845357,0.0003397326792651256,-0.0009450446416643388,-3223.422649741173,136095768.83088356,16.596148672824263,True
374648.81593227386,0.0009902443674240035,0.00034920285230555237,-0.000931457818074577,-3207.307499527931,136380591.42829043,15.739373150163203,True
374948.81593203545,0.0009809711535493516,0.0003582000335882185,-0.0009178542218126751,-3191.2694812715054,136664656.02653286,14.87879519134309,True
375248.81593203545,0.0009717365144075199,0.00036675175405775917,-0.0009042415708879759,-3175.3066388368607,136947928.8700233,14.014635335204673,True
375548.81593203545,0.0009625407763926267,0.00037488425539322634,-0.0008906271498236862,-3159.4174569249153,137230375.78916198,13.147107662600124,True
375848.815931797,0.0009533843003014327,0.00038262251402443326,-0.0008770176896799597,-3143.600504308939,137511962.21917155,12.276420147293543,True
376148.815931797,0.0009442671575350957,0.00038999020949859187,-0.0008634190876790626,-3127.853738307953,137792653.21864754,11.402774999121478,True
376448.8159315586,0.0009351897384509069,0.00039700992107327693,-0.0008498370428551283,-3112.175821006298,138072413.487941,10.526369007547409,True
376748.8159315586,0.0009261521711260418,0.0004037030332426639,-0.0008362765177878373,-3096.56486839056,138351207.38836783,9.64739386633177,False
377048.8159315586,0.0009171547571070131,0.0004100898977412726,-0.0008227421976076954,-3081.0193859636784,138628998.9602971,8.766036502539682,False
377348.8159313202,0.0009081977958553081,0.0004161898391430441,-0.0008092383464317621,-3065.537891447544,138905751.94217893,7.882479391205022,False
377648.8159313202,0.0008992813818805966,0.00042202113596090385,-0.0007957686399713282,-3050.1184899508953,139181429.78952613,6.996900863485238,False
377948.8159310818,0.0008904059003812464,0.00042760122104823495,-0.000782336669566952,-3034.7599197626114,139455995.69317803,6.109475416460049,False
378248.8159310818,0.0008815713878689988,0.00043294652087411123,-0.0007689453514005962,-3019.4602105915546,139729412.59846357,5.220374005657764,False
378548.81593084335,0.0008727781900287083,0.00043807271512719126,-0.0007555975795217051,-3004.2180604040623,140001643.22357142,4.329764344925339,False
378848.81593084335,0.0008640263949907332,0.00044299458488694654,-0.0007422957058951241,-2989.031656950712,140272650.078828,3.4378111891590377,False
379148.81593084335,0.0008553162592426937,0.00044772620134381214,-0.0007290419648176005,-2973.8995603621006,140542395.48475084,2.544676624427738,False
379448.81593060493,0.0008466480300677175,0.0004522809030049757,-0.0007158383213694552,-2958.8203348219395,140810841.5909829,1.6505203468368286,False
379748.81593060493,0.0008380217966977485,0.0004566712696032482,-0.0007026863508807768,-2943.7922488749027,141077950.39523125,0.7554999383561952,False
380048.8159303665,0.0008294378084211111,0.00046090928191233616,-0.0006895875511273297,-2928.813923150301,141343683.76097175,-0.1402288522738875,False
380348.8159303665,0.0008208961153930882,0.00046500620646838797,-0.0006765430245265769,-2913.8836046755314,141608003.43690735,-1.0365118418058519,False
380648.8159303665,0.0008123969516827383,0.00046897278639335127,-0.0006635538447441469,-2898.999938249588,141870871.07467377,-1.9331961346445692,False
380948.8159301281,0.0008039405275440322,0.0004728191851199881,-0.0006506208766441368,-2884.1615466177464,142132248.24739707,-2.8301298532981596,False
381248.8159301281,0.0007955268588330661,0.00047655493051479425,-0.0006377446362089145,-2869.3666984140873,142392096.46823364,-3.727161868779607,False
381548.8159298897,0.0007871562375326391,0.00048018915731518064,-0.0006249257249946183,-2854.614234060049,142650377.20800784,-4.624141522624934,False
381848.8159298897,0.000778828619516347,0.0004837303410738514,-0.0006121642921641524,-2839.902367979288,142907051.91373128,-5.520918359233987,False
382148.81592965126,0.0007705442554071146,0.00048718662179680905,-0.0005994606062325047,-2825.229918062687,143162082.02615082,-6.4173418436595195,False
382448.81592965126,0.0007623031473470173,0.0004905655565039524,-0.0005868145829870386,-2810.5952532589436,143415428.99817815,-7.313261089109904,False
382748.81592965126,0.0007541054567712197,0.0004938743406341928,-0.0005742261527252879,-2795.997080385685,143667054.3119877,-8.208524569471725,False
383048.81592941284,0.0007459513405044213,0.0004971197436702823,-0.0005616951225668743,-2781.4341264665127,143916919.49692404,-9.102979835282122,False
383348.81592941284,0.000737840760820481,0.0005003080153187511,-0.0005492210234585571,-2766.9047835469246,144164986.14721924,-9.996473224776274,False
383648.8159291744,0.0007297739499134018,0.0005034451539813745,-0.0005368035124995174,-2752.4079824984074,144411215.9388295,-10.888849561585124,False
383948.8159291744,0.0007217508111351488,0.0005065365799623578,-0.0005244418731713552,-2737.9420731961727,144655570.64710256,-11.779951857515577,False
384248.8159291744,0.0007137714760171805,0.0005095874595326677,-0.0005121354909789488,-2723.5058635771275,144898012.16351026,-12.669620996447902,False
384548.815928936,0.0007058360710253322,0.0005126025824040426,-0.0004998836606837642,-2709.098182141781,145138502.51272285,-13.557695417927498,False
384848.815928936,0.0006979445215690149,0.0005155862416472701,-0.0004876854348463411,-2694.7175229787827,145377003.8695851,-14.444010791798975,False
385148.8159286976,0.0006900969812765682,0.0005185425006288824,-0.0004755399782379044,-2680.3628292381763,145613478.57517305,-15.328399675558547,False
385448.8159286976,0.0006822933944924189,0.0005214749195374679,-0.0004634462201131839,-2666.0326979756355,145847889.1539598,-16.21069117240321,False
385748.81592845917,0.0006745338547583826,0.0005243867819331172,-0.0004514031464069035,-2651.7260285019875,146080198.32923943,-17.090710565955366,False
386048.81592845917,0.0006668182674636644,0.0005272808679137597,-0.0004394095400925835,-2637.4414184987545,146310369.04012188,-17.96827895448394,False
386348.81592845917,0.0006591467100681488,0.0005301596894753402,-0.0004274642672434936,-2623.1778054237366,146538364.45681265,-18.843212860925302,False
386648.81592822075,0.0006515192363208791,0.000533025353092853,-0.000415566128165068,-2608.9341147243977,146764147.99657983,-19.715323836349253,False
386948.81592822075,0.0006439357217200838,0.000535879433101627,-0.0004037137505292776,-2594.7089972496033,146987683.3395984,-20.584418048506997,False
387248.81592798233,0.000636396261162762,0.0005387232445741574,-0.0003919058922470242,-2580.5015163123608,147208934.44377834,-21.45029584739631,False
387548.81592798233,0.0006289007456198676,0.0005415575180904852,-0.00038014113398077143,-2566.310418307781,147427865.56066063,-22.312751325362022,False
387848.8159277439,0.0006214492120832211,0.0005443826401005936,-0.0003684181425001043,-2552.1347322762012,147644441.24962536,-23.17157184841035,False
388148.8159277439,0.0006140415136564333,0.0005471983775180433,-0.0003567354416631474,-2537.973211377859,147858626.39354584,-24.02653758112789,False
388448.8159277439,0.0006066776720972986,0.0005500041272910039,-0.00034509166978580197,-2523.8249255418777,148070386.21279776,-24.877420982373145,False
388748.8159275055,0.0005993576870292868,0.0005527987424898129,-0.0003334854508594276,-2509.688937485218,148279686.27988714,-25.723986289216512,False
389048.8159275055,0.0005920813784398255,0.0005555803638799262,-0.00032191530202396734,-2495.564049780369,148486492.533914,-26.565988981423143,False
389348.8159272671,0.0005848488211038612,0.0005583467499832295,-0.0003103799328378898,-2481.4495123922825,148690771.29414335,-27.403175219248325,False
389648.8159272671,0.0005776597795394369,0.0005610947560512614,-0.0002988778854629004,-2467.3441075980663,148892489.2742229,-28.23528127232078,False
389948.8159272671,0.0005705142344054223,0.0005638207448157573,-0.00028740789048598003,-2453.2469986379147,149091613.59549987,-29.062032918353474,False
390248.81592702866,0.00056341216231689,0.0005665203556191045,-0.0002759687336499894,-2439.157371878624,149288111.80056047,-29.883144830062324,False
390548.81592702866,0.0005563533503574925,0.0005691882784049085,-0.00026455916210466057,-2425.074148774147,149481951.86659014,-30.698319943800186,False
390848.81592679024,0.0005493378023900717,0.0005718185778675888,-0.00025317814665726246,-2410.9966212809086,149673102.2178978,-31.507248804357925,False
391148.81592679024,0.0005423653250409384,0.0005744042477147104,-0.00024182465362088124,-2396.9238074719906,149861531.73926482,-32.309608904661054,False
391448.8159265518,0.0005354358671824914,0.0005769374756994239,-0.00023049786357631774,-2382.854976326227,150047209.7877997,-33.105064001537244,False
391748.8159265518,0.000528549200283613,0.0005794092652138261,-0.0002191970145233313,-2368.789158910513,150230106.20597488,-33.89326343175408,False
392048.8159265518,0.0005217052602247531,0.0005818097131395916,-0.0002079216147023999,-2354.7256667017937,150410191.33321422,-34.67384141131555,False
392348.8159263134,0.0005149039614916861,0.0005841277605327377,-0.000196671364612655,-2340.663806259632,150587436.017948,-35.44641633892812,False
392648.8159263134,0.0005081450505123214,0.0005863509615267049,-0.00018544611834414582,-2326.602669388056,150761811.62948132,-36.21059010211627,False
392948.815926075,0.0005014284836180868,0.000588465821635964,-0.00017424610326344236,-2312.541684269905,150933290.0690073,-36.96594738613024,False
393248.815926075,0.0004947540243448395,0.0005904572932990959,-0.00016307175977914312,-2298.480030208826,151101843.78134918,-37.71205500905327,False
393548.815926075,0.00048812152202759693,0.0005923090161843447,-0.00015192391384744042,-2284.4170413315296,151267445.7653972,-38.448461273057056,False
393848.81592583656,0.00048153087115359987,0.0005940032190778766,-0.00014080379396830267,-2270.3521420657635,151430069.58523092,-39.17469535775899,False
394148.81592583656,0.00047498179997814175,0.000595520416339923,-0.00012971298998820657,-2256.28455594182,151589689.38074487,-39.89026676134177,False
394448.81592559814,0.0004684742363499774,0.0005968397984474905,-0.0001186536487551848,-2242.213809430599,151746279.8775661,-40.594664797251205,False
394748.81592559814,0.00046200788339944155,0.0005979386897649874,-0.00010762835939459592,-2228.139152467251,151899816.39757204,-41.28735817684451,False
395048.8159253597,0.0004555826894276388,0.0005987931111803846,-9.664037862222585e-05,-2214.0601913630962,152050274.86838177,-41.967794677254425,False
395348.8159253597,0.00044919830762944,0.0005993771081023169,-8.569349886045075e-05,-2199.9761690199375,152197631.83323544,-42.635400932586094,False
395648.8159253597,0.000442854599814517,0.000599663415670193,-7.479227478057737e-05,-2185.886632114649,152341864.46021003,-43.289582352200796,False
395948.8159251213,0.0004365514258361665,0.0005996232569600579,-6.394200444503895e-05,-2171.7911480665207,152482950.55146685,-43.929723203937286,False
396248.8159251213,0.0004302884657094704,0.0005992261911842434,-5.3148745763564875e-05,-2157.6890816688538,152620868.55228075,-44.55518688174947,False
396548.8159248829,0.00042406560930633016,0.0005984407705739159,-4.241947334548968e-05,-2143.5800899863243,152755597.55945128,-45.165316379933486,False
396848.8159248829,0.0004178825591591021,0.0005972341781728119,-3.176203595245397e-05,-2129.4636204242706,152887117.33013844,-45.75943501522623,False
397148.8159248829,0.00041173910301847927,0.0005955728283026929,-2.11852712013183e-05,-2115.3392541110516,153015408.28967705,-46.336847410805085,False
397448.81592464447,0.00040563507417311915,0.0005934226017245692,-1.0699034035610566e-05,-2101.2066489458084,153140451.53984433,-46.89684078429981,False
397748.81592464447,0.0003995701449435993,0.0005907488887260115,-3.1420607626841957e-07,-2087.065296590328,153262228.8666601,-47.438686563547385,False
398048.81592440605,0.00039354418371986426,0.0005875175151572876,9.957231064561256e-06,-2072.9149436056614,153380722.7476392,-47.961642353322134,False
398348.81592440605,0.0003875568454817235,0.00058369461254415,2.0102227189511268e-05,-2058.7551117539406,153495916.35937062,-48.46495428881674,False
398648.81592416763,0.0003816079899914233,0.0005792477761019654,3.01066295662622e-05,-2044.585581600666,153607793.58429435,-48.947859783076716,False
398948.81592416763,0.0003756972933725453,0.0005741460799413289,3.995522676092378e-05,-2030.4059471189976,153716339.01779848,-49.40959069690294,False
399248.81592416763,0.000369824517065166,0.0005683611370272956,4.9631775056013794e-05,-2016.2159229815006,153821537.97446936,-49.84937692654988,False
399548.8159239292,0.0003639894687432992,0.0005618677456311616,5.911907216926693e-05,-2002.0152927041054,153923376.49465144,-50.26645041811135,False
399848.8159239292,0.0003581917978613974,0.0005546443046853256,6.839903303301753e-05,-1987.8036924004555,154021841.35055646,-50.66004959260329,False
400148.8159236908,0.0003524313498875703,0.0005466741203292713,7.745283094351407e-05,-1973.5809862613678,154116920.05193383,-51.02942415506597,False
400448.8159236908,0.00034670775531629445,0.0005379455096203856,8.6261004632604e-05,-1959.346834719181,154208600.85187936,-51.37384025813879,False
400748.8159236908,0.0003410208327351743,0.0005284531566758233,9.480367916125942e-05,-1945.1011117100716,154296872.75209135,-51.69258595895263,False
401048.8159234524,0.00033537032803637506,0.0005181983663078427,0.00010306073711774388,-1930.8436342775822,154381725.50797212,-51.98497690994304,False
401348.8159234524,0.0003297558768122029,0.0005071895846242569,0.00011101202512975306,-1916.574131399393,154463149.63367808,-52.2503621985048,False
401648.81592321396,0.0003241773269387083,0.0004954433762804911,0.000118637681126188,-1902.2925565242767,154541136.4066171,-52.488130238175344,False
401948.81592321396,0.0003186343020797534,0.00048298405633318,0.00012591829428032497,-1887.9986658096313,154615677.87195027,-52.69771460881671,False
402248.81592297554,0.000313126633839045,0.00046984452512788266,0.00013283530383034758,-1873.6924279928207,154686766.84666917,-52.87859972263986,False
402548.81592297554,0.00030765397519547436,0.0004560656225862658,0.00013937116771245428,-1859.3736621141434,154754396.9236271,-53.03032619858431,False
402848.81592297554,0.0003022160660553325,0.0004416963020332787,0.00014550972872484635,-1845.0422851741314,154818562.47505847,-53.15249581547778,False
403148.8159227371,0.00029681269523522055,0.00042679311042093104,0.00015123648321235805,-1830.6982686519623,154879258.65614676,-53.24477592595688,False
403448.8159227371,0.000291443498704074,0.00041141922025644817,0.00015653874446996952,-1816.3414683938026,154936481.4081704,-53.30690321552217,False
403748.8159224987,0.0002861083088826774,0.0003956440927197491,0.00016140602263448045,-1801.9719198346138,154990227.46140358,-53.338686706480296,False
404048.8159224987,0.0002808067543687471,0.00037954184958266524,0.00016583002772563304,-1787.5895027816296,155040494.33783478,-53.34000992505108,False
404348.8159224987,0.0002755386176417033,0.0003631906213286129,0.00016980499086116652,-1773.1942369639874,155087280.3535974,-53.310832170210766,False
404648.8159222603,0.0002703037153619477,0.0003466710811608209,0.0001733277158848523,-1758.7861751914024,155130584.62119675,-53.251188849024814,False
404948.8159222603,0.0002651016410628621,0.0003300647614707941,0.0001763974740427443,-1744.365212470293,155170407.05135256,-53.161190868757764,False
405248.81592202187,0.00025993224902332496,0.00031345335781907124,0.00017901628798000502,-1729.9314512312412,155206748.3548232,-53.04102310560639,False
405548.81592202187,0.00025479519278833693,0.0002969167935873429,0.00018118860351989952,-1715.4848560988903,155239610.04375497,-52.89094199190262,False
405848.81592178345,0.00024969032634960137,0.0002805324951964394,0.00018292144589793224,-1701.025543153286,155268994.43292975,-52.71127229358619,False
406148.81592178345,0.00024461730027376986,0.00026437376425292314,0.00018422401007711642,-1686.5534954667091,155294904.64062577,-52.50240316278264,False
406448.81592178345,0.00023957595929225434,0.0002485092794870525,0.0001851077535661716,-1672.0688355863094,155317344.58940235,-52.26478357533007,False
406748.815921545,0.00023456608612083612,0.00023300197716480398,0.00018558601144746945,-1657.5716488659382,155336319.0064334,-51.99891726564793,False
407048.815921545,0.0002295873649661132,0.00021790840440871762,0.00018567372728739429,-1643.0619655251503,155351833.42369416,-51.705357283216905,False
407348.8159213066,0.00022463970112632535,0.0002032786116785701,0.00018538745217000496,-1628.5399574041367,155363894.17797455,-51.38470029764049,False
407648.8159213066,0.0002197227900627002,0.00018915546041853304,0.0001847447544633951,-1614.0056737065315,155372508.41037068,-51.03758076662788,False
407948.8159213066,0.00021483649938397996,0.00017557492489572724,0.0001837642645554638,-1599.4592680335045,155377684.06583652,-50.66466508876599,False
408248.8159210682,0.000209980706452163,0.00016256600227393392,0.00018246529931076338,-1584.9008978307247,155379429.89226344,-50.26664583726971,False
408548.8159210682,0.00020515518088688706,0.00015015084233027665,0.00018086751936152723,-1570.3306626975536,155377755.43928722,-49.84423616771612,False
408848.8159208298,0.00020035984885930947,0.00013834529664791262,0.00017899093042927916,-1555.7487454116344,155372671.0570422,-49.39816448007177,False
409148.8159208298,0.0001955944978171927,0.0001271591121394522,0.00017685542260892362,-1541.1552571952343,155364187.89434806,-48.92916938744378,False
409448.81592059135,0.00019085914950548122,0.00011659668825814151,0.0001744809160086902,-1526.5504203140736,155352317.8970125,-48.437995049798836,False
409748.81592059135,0.00018615363130358644,0.00010665731545600465,0.00017188681642466008,-1511.9343611896038,155337073.80539295,-47.925386892623834,False
410048.81592059135,0.0001814779546859948,9.73359834972598e-05,0.00016909221660199591,-1497.3072853684425,155318469.15218595,-47.39208774304484,False
410348.81592035294,0.00017683219569358967,8.862385220709257e-05,0.00016611567495772306,-1482.6694139242172,155296518.2596349,-46.8388343808111,False
410648.81592035294,0.00017221624247815278,8.050868601117145e-05,0.0001629748809079956,-1468.0208856463432,155271236.23638618,-46.266354506023426,False
410948.8159201145,0.00016763028186103656,7.297563396946316e-05,0.00015968703556268338,-1453.3619461655617,155242638.9745547,-45.675364119050066,False
411248.8159201145,0.00016307434412540556,6.600751189012044e-05,0.0001562683647762242,-1438.6927716434002,155210743.14586273,-45.066565283015684,False
411548.8159198761,0.00015854870905393417,5.958544559803158e-05,0.00015273446425112525,-1424.0136114656925,155175566.19816726,-44.4406442629233,False
411848.8159198761,0.00015405350926563059,5.368914116843371e-05,0.00014909989029376902,-1409.324651747942,155137126.35104966,-43.79826999947275,False
412148.8159198761,0.00014958913491160808,4.829741317280423e-05,0.00014537853503782117,-1394.626142770052,155095442.59178472,-43.14009290643221,False
412448.8159196377,0.00014515598684717757,4.338843368145717e-05,0.00014158338125724867,-1379.9183159172535,155050534.6705618,-42.46674394914999,False
412748.8159196377,0.00014075445024281424,3.894003523896572e-05,0.0001377264753017471,-1365.2013803124428,155002423.0954606,-41.77883398061339,False
413048.81591939926,0.00013638522673609576,3.493003870858047e-05,0.0001338192618831613,-1350.475602388382,154951129.12760472,-41.07695331221837,False
413348.81591939926,0.00013204891746976385,3.13363785267029e-05,0.00012987218203619477,-1335.7411996126175,154896674.77528766,-40.361671476934546,False
413648.81591939926,0.00012774642247213175,2.813735991935573e-05,0.00012589508099125624,-1320.998429208994,154839082.78859526,-39.63353717659451,False
413948.81591916084,0.00012347879799984548,2.5311771821634466e-05,0.00012189707932463989,-1306.2475458681583,154778376.6532247,-38.89307837371287,False
414248.81591916084,0.00011924716302701546,2.2839000820340516e-05,0.00011788648900790122,-1291.4887862801552,154714580.58400002,-38.140802511122715,False
414548.8159189224,0.00011505299179146777,2.0699149501979264e-05,0.0001138711134203163,-1276.7224115133286,154647719.51865947,-37.3771968452811,False
414848.8159189224,0.00011089785267040575,1.8873087611837036e-05,0.00010985798700602345,-1261.9486633241177,154577819.1105207,-36.60272885879266,False
415148.815918684,0.00010678382118145896,1.7342516002827324e-05,0.0001058537855698205,-1247.1678088605404,154504905.72177562,-35.8178467552817,False
415448.815918684,0.00010271310094167768,1.608999275504175e-05,0.00010186443004300827,-1232.3800948262215,154429006.4155363,-35.022980000958846,False
415748.815918684,9.868845992021136e-05,1.5098954548875554e-05,9.789550090744115e-05,-1217.585782468319,154350148.94851476,-34.21853992057259,False
416048.8159184456,9.471318136830988e-05,1.435371692082299e-05,9.39521499105922e-05,-1202.785128891468,154268361.76279438,-33.404920319679555,False
416348.8159184456,9.079089929936386e-05,1.3839495579759387e-05,9.003887585379289e-05,-1187.9783873260021,154183673.9772843,-32.58249812987391,False
416648.81591820717,8.692618413512809e-05,1.3542358828999568e-05,8.616004278039213e-05,-1173.1658141314983,154096115.37955365,-31.751634076166436,False
416948.81591820717,8.31242170944494e-05,1.3449250786834455e-05,8.231944726944107e-05,-1158.3476660251617,154005716.4163612,-30.9126733414202,False
417248.81591820717,7.939128991346071e-05,1.3547932439905708e-05,7.852069807512407e-05,-1143.5241962075233,153912508.18490764,-30.06594624326164,False
417548.81591796875,7.573484910413878e-05,1.3826968370267423e-05,7.476709871667708e-05,-1128.695652127266,153816522.42311278,-29.211768900813652,False
417848.81591796875,7.216360032862662e-05,1.4275722094225785e-05,7.106155016955995e-05,-1113.8622889518738,153717791.4995702,-28.35044389415581,False
418148.81591773033,6.868802455947251e-05,1.4884280204796596e-05,6.740683912909162e-05,-1099.0243480205536,153616348.40394646,-27.48226092053033,False
418448.81591773033,6.53203953336896e-05,1.5643476672266843e-05,6.380536312633467e-05,-1084.182086199522,153512226.7359652,-26.607497426681597,False
418748.8159174919,6.207546698509048e-05,1.654478271007065e-05,6.025952223254194e-05,-1069.3357297480106,153405460.6952886,-25.72641923777641,False
419048.8159174919,5.8970431030967625e-05,1.758036950150199e-05,5.677130763359628e-05,-1054.4855338335037,153296085.06989634,-24.839281157844972,False
419348.8159174919,5.602562402923682e-05,1.874298834536603e-05,5.33426996760511e-05,-1039.6317254006863,153184135.2252988,-23.946327563828977,False
419648.8159172535,5.3264665747784073e-05,2.0025974379223044e-05,4.997552122176785e-05,-1024.7745239138603,153069647.09269217,-23.047792973736357,False
419948.8159172535,5.071450841045815e-05,2.1423251951091515e-05,4.667133621083508e-05,-1009.9141714572906,152952657.15678474,-22.143902595999904,False
420248.8159170151,4.84055261489183e-05,2.2929230937052125e-05,4.343172362908376e-05,-995.0508742034435,152833202.44415727,-21.234872867480124,False
420548.8159170151,4.6370694458360865e-05,2.453886574471653e-05,4.0257998279003004e-05,-980.1848745644093,152711320.51006657,-20.320911961349285,False
420848.8159170151,4.4644622086409676e-05,2.624753054192297e-05,3.715153663463866e-05,-965.3163674771786,152587049.4261955,-19.402220287821677,False
421148.81591677666,4.326142370876191e-05,2.805104296044192e-05,3.411361912597499e-05,-950.4455415010452,152460427.7672899,-18.47899096906633,False
421448.81591677666,4.225192517850493e-05,2.9945693313493393e-05,3.114530156977935e-05,-935.5726306736469,152331494.59747228,-17.551410296482075,False
421748.81591653824,4.164070476183399e-05,3.1928081540399944e-05,2.824781059374004e-05,-920.6977808475494,152200289.45708838,-16.619658178885683,False
422048.81591653824,4.144279098454226e-05,3.399528165459742e-05,2.542205217004323e-05,-905.8212317824364,152066852.3480408,-15.6839085625092,False
422348.8159162998,4.1661751421988935e-05,3.614462383438877e-05,2.2669136967579107e-05,-890.9431194365025,151931223.72009924,-14.744329848343709,False
422648.8159162998,4.228890938718635e-05,3.837385037286367e-05,1.998994404850407e-05,-876.0636542737484,151793444.4556048,-13.80108528197323,False
422948.8159162998,4.330456099380895e-05,4.0680962229089346e-05,1.738546306206956e-05,-861.1829803287983,151653555.85515845,-12.85433334153061,False
423248.8159160614,4.468042706664395e-05,4.306425688582749e-05,1.4856662250650743e-05,-846.3012303113937,151511599.62214267,-11.90422810479165,False
423548.8159160614,4.638286710668155e-05,4.55223684525663e-05,1.2404378933794646e-05,-831.4185869991779,151367617.84692737,-10.950919604199992,False
423848.815915823,4.8375995513642716e-05,4.805413982467144e-05,1.0029575319592254e-05,-816.5351589620113,151221652.9917364,-9.994554178691384,False
424148.815915823,5.062427523902243e-05,5.065874168508344e-05,7.733063737802581e-06,-801.6511270403862,151073747.8737867,-9.035274803435977,False
424448.815915823,5.3094218156868964e-05,5.3335516071228994e-05,5.515812203427117e-06,-786.7665813565254,150923945.64955318,-8.073221422255473,False
424748.81591558456,5.575542458216266e-05,5.6084041432313825e-05,3.3787868689572065e-06,-771.8816047608852,150772289.7978456,-7.108531263651915,False
425048.81591558456,5.858108021778808e-05,5.8904192968611824e-05,1.322829660921343e-06,-756.996359616518,150618824.1025787,-6.141339149431073,False
425348.81591534615,6.154782597371245e-05,6.179595922617409e-05,-6.51007061591713e-07,-742.1108786761761,150463592.63618293,-5.17177780500801,False
425648.81591534615,6.463570726752454e-05,6.475962126728518e-05,-2.5418058875459337e-06,-727.2252905368805,150306639.741349,-4.199978151990878,False
425948.8159151077,6.782768438417548e-05,6.77955865455715e-05,-4.3484902194634856e-06,-712.3396270871162,150148010.01404476,-3.226069609169329,False
426248.8159151077,7.110941638211451e-05,7.090453678415543e-05,-6.070091114640519e-06,-697.4540149271488,149987748.28466088,-2.2501803769882067,False
426548.8159151077,7.44687067237477e-05,7.408725269897332e-05,-7.705452826911596e-06,-682.5684638023376,149825899.600366,-1.2724377315506932,False
426848.8159148693,7.789525634165542e-05,7.734469750175776e-05,-9.25338531487796e-06,-667.6829758584499,149662509.20626754,-0.2929683087878889,False
427148.8159148693,8.138046591675617e-05,8.067809591238984e-05,-1.0712787014810488e-05,-652.7976579368114,149497622.5262981,0.6881016120186421,False
427448.8159146309,8.491691094236218e-05,8.408870365883558e-05,-1.2082286952264099e-05,-637.9124263525009,149331285.1447478,1.6706458160834474,False
427748.8159146309,8.849847709153374e-05,8.757810161341695e-05,-1.3360698350339817e-05,-623.0273986458778,149163542.78627667,2.6545378720689343,False
428048.8159146309,9.211984136854113e-05,9.114791100728326e-05,-1.4546587231212271e-05,-608.1425225734711,148994441.29689392,3.6396508359881308,False
428348.8159143925,9.577645529742987e-05,9.479990373506553e-05,-1.563844681751192e-05,-593.2577264904976,148824026.6239079,4.625856959962572,False
428648.8159143925,9.946455183543712e-05,9.85361094194559e-05,-1.663483992775383e-05,-578.3730676174164,148652344.79562435,5.613027396278025,False
428948.81591415405,0.00010318075604946328,0.00010235857632778789,-1.753406933069357e-05,-563.4884152412415,148479441.90171835,6.601031887261167,False
429248.81591415405,0.00010692229072789466,0.00010626961110915545,-1.833450233235112e-05,-548.6037782132626,148305364.07199195,7.5897384604927005,False
429548.81591391563,0.00011068666004373507,0.0001102715724528025,-1.9034295892339514e-05,-533.7190299332142,148130157.45650932,8.579013102509169,False
429848.81591391563,0.00011447182497398303,0.00011436706492418125,-1.963164283580454e-05,-518.8341780304909,147953868.2038692,9.568719435896146,False
430148.81591391563,0.00011827589798052792,0.0001185587208283323,-2.0124497890350312e-05,-503.9490686058998,147776542.4407962,10.558718372981373,True
430448.8159136772,0.00012209723757158818,0.00012284930969030938,-2.0510718144350903e-05,-489.06354209780693,147598226.2506109,11.548867765232124,True
430748.8159136772,0.0001259345310417742,0.00012724183665113742,-2.078816882544743e-05,-474.17757815122604,147418965.6514957,12.539022038490549,True
431048.8159134388,0.00012978646884667582,0.0001317392814712548,-2.095442583360807e-05,-459.2909377813339,147238806.57551244,13.5290318041628,True
431348.8159134388,0.00013365203695184718,0.00013634486816727076,-2.100707779995048e-05,-444.40354830026627,147057794.84606856,14.518743465291074,True
431648.8159134388,0.0001375302752903496,0.00014106186600315596,-2.094350595349681e-05,-429.5152353942394,146875976.1567206,15.507998790928506,True
431948.8159132004,0.00014142029002481665,0.00014589360526429118,-2.076090946800946e-05,-414.62575486302376,146693396.04870993,16.496634477292293,True
432248.8159132004,0.0001453214125953075,0.00015084362672723728,-2.0456454755901632e-05,-399.73501801490784,146510099.888437,17.484481686694753,True
432548.81591296196,0.00014923288498165546,0.000155915394685735,-2.0026996377708883e-05,-384.8427019417286,146326132.84607682,18.47136554855597,True
432848.81591296196,0.0001531542010848875,0.00016111260907791802,-1.9469381403069974e-05,-369.9487096965313,146141539.87220576,19.4571046499567,True
433148.81591272354,0.0001570847032526171,0.00016643882062794546,-1.878009852518403e-05,-355.0526485145092,145956365.67593756,20.441510480101122,True
433448.81591272354,0.00016102403070771112,0.000171897846257707,-1.795565964712864e-05,-340.154442936182,145770654.70178807,21.42438685466307,True
433748.81591272354,0.0001649716852561333,0.0001774933390379374,-1.6992228857759528e-05,-325.2537575662136,145584451.10744426,22.40552929197637,True
434048.8159124851,0.00016892720202842673,0.0001832289281935573,-1.588576702715727e-05,-310.3502337038517,145397798.74081856,23.38472435858981,True
434348.8159124851,0.00017289030047961795,0.00018910834955931932,-1.4632144097248556e-05,-295.4437121152878,145210741.1170344,24.361748972636764,True
434648.8159122467,0.00017686054038917567,0.00019513506771318134,-1.322686085458713e-05,-280.5337538123131,145023321.39616206,25.3363696535931,True
434948.8159122467,0.00018083766496124334,0.00020131258858668843,-1.1665312513287063e-05,-265.62013378739357,144835582.35967726,26.308341735299525,True
435248.8159122467,0.00018482135854371872,0.00020764416734664337,-9.942593738543337e-06,-250.70250180363655,144647566.38831222,27.277408514317482,True
435548.8159120083,0.0001888112766760652,0.00021413278230397736,-8.053519898965078e-06,-235.78042256832123,144459315.43880516,28.24330034992794,True
435848.8159120083,0.00019280722919980573,0.00022078127446434337,-5.992751901828797e-06,-220.85365864634514,144270871.02091056,29.205733703971003,True
436148.81591176987,0.00019680885681874302,0.0002275919205203536,-3.754559507740396e-06,-205.92168402671814,144082274.1751748,30.16441010847824,True
436448.81591176987,0.00020081599876404623,0.0002345667583085742,-1.3330747705708745e-06,-190.98425003886223,143893565.44957015,31.11901507710584,True
436748.81591153145,0.0002048283115407053,0.000241707058449947,1.2779740288237917e-06,-176.04079830646515,143704784.87744078,32.06921693169182,True
437048.81591153145,0.00020884562124800837,0.00024901361717866166,4.0850272498005324e-06,-161.09101375937462,143515971.954273,33.0146655654827,True
437348.81591153145,0.0002128676767583133,0.0002564863423515362,7.094859441281187e-06,-146.1344411969185,143327165.61587858,33.95499111496408,True
437648.81591129303,0.0002168941829112455,0.0002641241384537807,1.0314550969781067e-05,-131.170532643795,143138404.2156238,34.889802556547004,True
437948.81591129303,0.00022092498993336084,0.0002719249746405694,1.3751369877468278e-05,-116.198963701725,142949725.50206017,35.81868621758071,True
438248.8159110546,0.00022495976259179944,0.00027988527898514803,1.741296044599494e-05,-101.21908888220787,142761166.5973424,36.741204191926066,True
438548.8159110546,0.00022899836352652716,0.00028800020768926515,2.1307107083146093e-05,-86.23058095574379,142572763.97474706,37.65689267825687,True
438848.8159110546,0.00023304047460843754,0.0002962629106662007,2.5441930056047113e-05,-71.2327971458435,142384553.43734944,38.56526021831886,True
439148.8159108162,0.00023708584109137428,0.00030466456939848285,2.9825721256315774e-05,-56.225190341472626,142196570.0964457,39.46578585628422,True
439448.8159108162,0.0002411343084186756,0.00031319414821950886,3.446689987640639e-05,-41.20738172531128,142008848.34985745,40.35791721529705,True
439748.8159105778,0.0002451855141133403,0.000321837619139842,3.93741199076203e-05,-26.178621381521225,141821421.86135072,41.24106849091578,True
440048.8159105778,0.0002492393052139105,0.00033057816582982014,4.455601493447148e-05,-11.138523638248444,141634323.53934485,42.11461838981484,True
440348.81591033936,0.00025329531834909986,0.0003393951636212478,5.002132551368277e-05,3.913677901029587,141447585.51679567,42.97790800522107,True
440648.81591033936,0.0002573533916079529,0.00034826432380441474,5.577863694128382e-05,18.978389352560043,141261239.13047126,43.83023867141578,True
440948.81591033936,0.0002614131740881052,0.0003571566194011666,6.183644455148851e-05,34.05636394023895,141075314.9013144,44.67086980010738,True
441248.81591010094,0.00026547437626753056,0.00036603813018132314,6.820293046416737e-05,49.14824643731117,140889842.51480538,45.49901674868961,True
441548.81591010094,0.0002695368081752959,0.00037486956142629424,7.488582118497789e-05,64.25449451804161,140704850.80129445,46.313848753290905,True
441848.8159098625,0.00027360006513639415,0.0003836051648988814,8.18923253120829e-05,79.37597167491913,140520367.71749365,47.114486970171946,True
442148.8159098625,0.0002776639533526214,0.0003921928497732097,8.922880999051586e-05,94.51313921809196,140336420.3275385,47.90000270285781,True
442448.8159098625,0.0002817281191725658,0.00040057300935814055,9.690069516210542e-05,109.66676399111748,140153034.7851315,48.66941586805921,True
442748.8159096241,0.00028579217004949775,0.00040867817804723927,0.00010491216102792578,124.83769252896309,139970236.31556153,49.42169380318033,True
443048.8159096241,0.00028985593078437427,0.00041643301992166926,0.00011326582455950529,140.026338160038,139788049.19844583,50.15575050914622,True
443348.8159093857,0.0002939189634219622,0.00042375312023068545,0.00012196252646390349,155.23363387584686,139606496.75090185,50.870446438079185,True
443648.8159093857,0.0002979810271307801,0.00043054558034327783,0.00013100091099715883,170.46011447906494,139425601.31087777,51.564588970797246,True
443948.81590914726,0.00030204167802387843,0.00043670826954667064,0.00014037711999037583,185.7067233324051,139245384.22154897,52.23693370932758,True
444248.81590914726,0.000306100674939802,0.0004421308083237818,0.00015008436839991646,200.97398528456688,139065865.8155395,52.886186757678566,True
444548.81590914726,0.00031015758097539136,0.00044669437545508117,0.00016011258163928233,216.26282539963722,138887065.40016195,53.51100813593163,True
444848.81590890884,0.0003142120216453215,0.0004502731327420406,0.000170447980970323,231.57403656840324,138709001.2430981,54.11001650570182,True
445148.81590890884,0.0003182637245087714,0.0004527357052666048,0.00018107272120460038,246.90819093585014,138531690.5581886,54.68179535939123,True
445448.8159086704,0.00032231219539899223,0.0004539464417803174,0.00019196452360148442,262.2663260400295,138355149.49241352,55.224900811364954,True
445748.8159086704,0.0003263571582700685,0.00045376873794111816,0.00020309641874405315,277.6490084528923,138179393.11295086,55.73787111635883,True
446048.8159086704,0.0003303981676680933,0.00045206728290736464,0.00021443649866625947,293.05716371536255,138004435.3951634,56.21923797262382,True
446348.815908432,0.0003344347756001062,0.00044871196172380223,0.00022594782218732234,308.491721868515,137830289.2109602,56.66753963313218,True
446648.815908432,0.00033846665460177935,0.0004435821728634437,0.00023758848119115328,323.9533414840698,137656966.31770203,57.08133575723928,True
446948.8159081936,0.0003424933287517737,0.0004365707232523164,0.0002493117246729071,339.44300478696823,137484477.34823787,57.45922384736411,True
447248.8159081936,0.0003465144799004273,0.00042758911357054785,0.00026106641299605826,354.9613339602947,137312831.80078602,57.79985702436559,True
447548.81590795517,0.0003505295656887182,0.00041657141022710675,0.0002727974529648236,370.509453445673,137142038.03011358,58.10196276895399,True
447848.81590795517,0.00035453826584721653,0.0004034795355494225,0.00028444671769989327,386.08797603845596,136972103.2390609,58.36436216778312,True
448148.81590795517,0.0003585400940477078,0.00038830628511732357,0.0002959538461908551,401.6978891193867,136803033.47087514,58.585989088851264,True
448448.81590771675,0.0003625345250234502,0.00037107852554640886,0.0003072573931461875,417.34027019143105,136634833.60202807,58.76590864873662,True
448748.81590771675,0.00036652126334839335,0.00035185948448202,0.0003182962249397292,433.01565089821815,136467507.33608252,58.90333428059749,True
449048.81590747833,0.0003704997407556198,0.00033074815326017415,0.00032901057257817,448.72520115971565,136301057.19776183,58.9976427112008,True
449348.81590747833,0.0003744695978831072,0.0003078790685719923,0.0003393436414853568,464.4695887565613,136135484.52804604,59.04838620030606,True
449648.81590747833,0.00037843032051259766,0.0002834189170641821,0.00034924268771874267,480.24984642863274,135970789.47995758,59.05530148261526,True
449948.8159072399,0.00038238139062666,0.0002575626550083143,0.00035866027851483295,496.067015260458,135806971.01495412,59.01831499202358,True
450248.8159072399,0.00038632241717546163,0.00023052828822756055,0.000367555395435204,511.9218222796917,135644026.9000164,58.93754411573969,True
450548.8159070015,0.00039025285881642407,0.0002025500242268663,0.00037589400404414164,527.8153568804264,135481953.70575425,58.81329442111823,True
450848.8159070015,0.00039417233932158795,0.00017387185152983875,0.00038364980879634913,543.7482964992523,135320746.80474135,58.6460529919253,True
451148.8159067631,0.0003980802542917728,0.00014473986064444944,0.0003908041690436903,559.7218822836876,135160400.37089342,58.43647820121014,True
451448.8159067631,0.00040197623130443363,0.0001153961303828055,0.000397346443591573,575.7367705702782,135000907.3796421,58.18538639787321,True
451748.8159067631,0.00040585972486043345,8.607197068499772e-05,0.0004032733539816036,591.7940492928028,134842259.60859194,57.89373611159901,True
452048.81590652466,0.00040973019083757396,5.6982936143867846e-05,0.0004085886180504872,607.8948034346104,134684447.63907817,57.562610441727735,True
452348.81590652466,0.00041358721547570296,2.832480834058515e-05,0.000413302394228765,624.0397800505161,134527460.85836458,57.1931983248623,True
452648.81590628624,0.0004174302339147506,2.703058612496534e-07,0.0004174302076549452,640.2301124334335,134371287.4627593,56.78677535698873,True
452948.81590628624,0.00042125885088814676,-2.7032346821442843e-05,0.000420992381755525,656.4664901196957,134215914.46113327,56.34468477549347,True
453248.81590628624,0.00042507249715364494,-5.346044210341461e-05,0.00042401279315384954,672.7500533908606,134061327.67930472,55.8683191388821,True
453548.8159060478,0.0004288706149934916,-7.891629741152428e-05,0.0004265181622784553,689.0819159597158,133907511.76526612,55.35910312111129,True
453848.8159060478,0.0004326528156710664,-0.00010332607948271288,0.0004285373817864979,705.4627382308245,133754450.19508375,54.81847774087011,True
454148.8159058094,0.0004364184487857927,-0.00012663844287885695,0.000430100296512137,721.8938803523779,133602125.27914298,54.24788624244336,True
454448.8159058094,0.0004401671653485021,-0.00014882204715149783,0.00043123761984276143,738.375889390707,133450518.16993028,53.64876173030188,True
454748.815905571,0.0004438983351892252,-0.00016986358150461456,0.00043197972988906486,754.9100721925497,133299608.8693656,53.02251660387675,True
455048.815905571,0.000447611551721659,-0.00018976502627765512,0.0004323567287514152,771.497127071023,133149376.23782697,52.37053373853871,True
455348.815905571,0.00045130625055503544,-0.00020854141581594376,0.00043239764163161,788.1381824016571,132999798.0032497,51.69415934059323,True
455648.81590533257,0.00045498186764089226,-0.00022621841668524212,0.00043213028886412985,804.8343695551157,132850850.7711541,50.994697337165796,True
455948.81590533257,0.0004586379766795238,-0.00024283013465264958,0.00043158122124964393,821.5864378809929,132702510.03529684,50.27340515752343,True
456248.81590509415,0.00046227399811784946,-0.00025841724118436105,0.0004307752493630801,838.3955634385347,132554750.18895441,49.53149075220715,True
456548.81590509415,0.0004658895298427438,-0.00027302516176064273,0.00042973572213611533,855.2624250501394,132407544.53680174,48.770110671930176,True
456848.81590509415,0.00046948399302826994,-0.00028670264381958077,0.0004284840925095068,872.1881998181343,132260865.30725928,47.99036906653565,True
457148.8159048557,0.0004730568236393013,-0.0002995004347781105,0.00042704013065986146,889.1740285009146,132114683.66580132,47.19331743895149,True
457448.8159048557,0.0004766076293055919,-0.0003114702272455361,0.0004254221303057193,906.2205616980791,131968969.72878617,46.37995502331913,True
457748.8159046173,0.00048013579027149855,-0.00032266380634382585,0.00042364651703508116,923.329104244709,131823692.57742716,45.5512296715305,True
458048.8159046173,0.0004836408859379361,-0.00033313234982301765,0.00042172839546594787,940.5003901720047,131678820.27296124,44.70803912211032,True
458348.8159043789,0.00048712234085692704,-0.0003429258818528069,0.0004196812366430436,957.7356041520834,131534319.87197135,43.851232579322335,True
458648.8159043789,0.0004905797613702399,-0.0003520928881357577,0.0004175173421216982,975.0354027748108,131390157.4423997,42.981612499584266,True
458948.8159043789,0.00049401257485143,-0.0003606799815543127,0.0004152475356633545,992.4009684324265,131246298.07977222,42.0999365400159,True
459248.8159041405,0.0004974202239822761,-0.00036873171026741147,0.00041288147365037275,1009.8334462791681,131102705.92439322,41.20691959495233,True
459548.8159041405,0.0005008023325720497,-0.0003762904702284686,0.0004104279190144666,1027.3334447741508,130959344.17896438,40.303235881966735,True
459848.81590390205,0.000504158252297782,-0.00038339634366479913,0.0004078943321701445,1044.9023883789778,130816175.12595971,39.389521048605324,True
460148.81590390205,0.0005074876550344293,-0.0003900872136455291,0.0004052876059859045,1062.540744408965,130673160.1468653,38.466374251049544,True
460448.81590390205,0.0005107899798805746,-0.00039639865246954287,0.0004026135412615872,1080.2496826648712,130530259.74012683,37.53436020608799,True
460748.81590366364,0.000514064663209601,-0.00040236401866877713,0.0003998771755675534,1098.030388057232,130387433.54071774,36.59401117922243,True
461048.81590366364,0.0005173113388211491,-0.0004080145967293447,0.00039708306807284544,1115.8834476172924,130244640.34002903,35.64582890437675,True
461348.8159034252,0.000520529402655165,-0.00041337954391451603,0.00039423489594980765,1133.8101790249348,130101838.10532756,34.69028643473884,True
461648.8159034252,0.0005237184579734603,-0.0004184861337819257,0.0003913359919565096,1151.8112678229809,129958984.00055802,33.727829898602124,True
461948.8159031868,0.0005268779487422956,-0.0004233597319682758,0.00038838900756843486,1169.8878937214613,129816034.40680963,32.75888018210582,True
462248.8159031868,0.0005300075078943878,-0.00042802403294217584,0.0003853963315023634,1188.0406549572945,129672944.94348384,31.783834511629532,True
462548.8159031868,0.0005331065836866049,-0.00043250102228853393,0.00038235974120937044,1206.270726263523,129529670.48923026,30.803067961211028,True
462848.8159029484,0.0005361746413926495,-0.0004368111582380152,0.0003792806578530872,1224.5792370587587,129386165.20380321,29.816934865805855,True
463148.8159029484,0.0005392113287696577,-0.0004409735529122827,0.00037616035229959266,1242.9667454957962,129242382.55007882,28.82577015082213,True
463448.81590270996,0.0005422160547117716,-0.0004450058879115204,0.0003729995435506339,1261.4345665574074,129098275.31559643,27.829890589307936,True
463748.81590270996,0.0005451884392183542,-0.0004489247118044659,0.00036979889161870005,1279.983351022005,128953795.63535418,26.829595968906794,True
464048.81590270996,0.0005481280017573233,-0.00045274539220940824,0.0003665587042860352,1298.614069968462,128808895.01411228,25.825170197499567,True
464348.81590247154,0.0005510342049569594,-0.00045648221859551086,0.0003632790084928672,1317.3278815299273,128663524.34884973,24.816882330420913,True
464648.81590247154,0.0005539066968659831,-0.00046014860703280647,0.0003599598128047887,1336.125351190567,128517633.95201944,23.804987531110527,True
464948.8159022331,0.0005567448919806378,-0.00046375696700806657,0.0003566007094306656,1355.007798910141,128371173.57397376,22.789727978008077,True
465248.8159022331,0.0005595484591185871,-0.0004673190234427693,0.0003532013743026141,1373.9757249355316,128224092.42669345,21.771333699849155,True
465548.8159019947,0.0005623167782676175,-0.000470845600972325,0.000349761048418884,1393.030569627881,128076339.20614164,20.75002336995033,True
465848.8159019947,0.0005650495685096036,-0.0004743470215657908,0.000346279163576213,1412.1726703196764,127927862.11663617,19.72600503508812,True
466148.8159019947,0.0005677463013805976,-0.0004778328485315342,0.00034275478395429104,1431.4031729251146,127778608.89308424,18.699476809858734,True
466448.8159017563,0.00057040644452016,-0.0004813120691835593,0.00033918685553402383,1450.7232405394316,127628526.82479496,17.670627517562806,True
466748.8159017563,0.0005730296742372373,-0.00048479326952133306,0.0003355744143256345,1470.1333499401808,127477562.77921681,16.639637289690477,True
467048.81590151787,0.0005756154126688716,-0.0004882844168605516,0.00033191615700900456,1489.6348169445992,127325663.22465158,15.606678135791661,True
467348.81590151787,0.0005781633010190803,-0.0004917931763941397,0.0003282108929845151,1509.2282335311174,127172774.25424832,14.571914464571604,True
467648.81590151787,0.000580672874243794,-0.0004953267630298797,0.00032445724532692566,1528.9145412296057,127018841.6091363,13.535503585059812,True
467948.81590127945,0.0005831436064377166,-0.0004988920023265564,0.00032065370118772307,1548.6948863714933,126863810.70152833,12.497596168761664,True
468248.81590127945,0.0005855751631709554,-0.0005024955207204584,0.00031679884443569506,1568.569773554802,126707626.6384488,11.458336683469321,True
468548.81590104103,0.0005879669654087962,-0.0005061435090851774,0.0003128909650094158,1588.5405246317387,126550234.24431458,10.417863810021256,True
468848.81590104103,0.0005903186915454748,-0.0005098420648437241,0.0003089285131192554,1608.6075952202082,126391578.08470523,9.376310821964916,False
469148.8159008026,0.0005926297621381341,-0.0005135968951321956,0.0003049096424732056,1628.7723058313131,126231602.48860107,8.333805957410002,False
469448.8159008026,0.0005948998205644849,-0.0005174136485379677,0.00030083263756264245,1649.0352229177952,126070251.5718346,7.290472756644241,False
469748.8159008026,0.0005971283996593606,-0.0005212977254132056,0.00029669562121714677,1669.3972803652287,125907469.25955613,6.246430394458186,False
470048.8159005642,0.0005993149684281991,-0.0005252543273286392,0.00029249659936603223,1689.859628930688,125743199.3085501,5.201793987038736,False
470348.8159005642,0.0006014591909247252,-0.0005292886514780548,0.0002882336818919029,1710.4227477163076,125577385.33009888,4.156674883351013,False
470648.8159003258,0.0006035604776085591,-0.0005334056079107086,0.000283904701561255,1731.0879780650139,125409970.81155181,3.1111809515345996,False
470948.8159003258,0.0006056185079414182,-0.0005376101918841414,0.0002795076549961806,1751.8557335734367,125240899.13904843,2.0654168394561485,False
471248.8159003258,0.0006076327157877909,-0.0005419071476637782,0.0002750402711209077,1772.727264329791,125070113.61845855,1.0194842373056874,False
471548.81590008736,0.0006096026224429673,-0.000546301211699074,0.0002705002895850052,1793.7035133987665,124897557.49768427,-0.026517878913140454,False
471848.81590008736,0.0006115278883547814,-0.0005507971679890034,0.0002658854973747182,1814.7849362492561,124723173.98773761,-1.0724930125869045,False
472148.81589984894,0.0006134078923433695,-0.0005553995586637939,0.0002611933885887652,1835.972951889038,124546906.28331907,-2.1183469108450583,False
472448.81589984894,0.0006152423018063592,-0.0005601131068715404,0.0002564216211262682,1857.2679721266031,124368697.58448555,-3.1639873489574994,False
472748.8158996105,0.000617030505741029,-0.0005649423150089206,0.00025156756320843243,1878.6713645160198,124188491.11634277,-4.209323906273966,False
473048.8158996105,0.0006187721246756424,-0.0005698918499774663,0.00024662869370217777,1900.1836832761765,124006230.1499348,-5.254267761081353,False
473348.8158996105,0.0006204666598710297,-0.0005749662930156774,0.0002416023239835141,1921.805884808302,123821858.02198736,-6.2987314761011195,False
473648.8158993721,0.0006221135420547137,-0.0005801701808820781,0.00023648563659151023,1943.5391635745764,123635318.15430947,-7.342628795449616,False
473948.8158993721,0.0006237124038736532,-0.0005855082245034282,0.00023127588738880434,1965.3839952349663,123446554.07364595,-8.385874443636276,False
474248.8158991337,0.0006252626085690037,-0.0005909849491843033,0.00022597004796409692,1987.3417865633965,123255509.43009701,-9.428383916647721,False
474548.8158991337,0.0006267637928713895,-0.0005966051258781135,0.00022056520718471972,2009.412972778082,123062128.01651983,-10.47007328621334,False
474848.8158991337,0.0006282153811254148,-0.000602373391529909,0.0002150582074946783,2031.5987205952406,122866353.78624494,-11.51085898989874,False
475148.81589889526,0.0006296167461364638,-0.0006082943752119263,0.00020944576377956992,2053.9003669321537,122668130.87120761,-12.55065762801269,False
475448.81589889526,0.0006309675673413573,-0.0006143729986547442,0.00020372471201746123,2076.318151459098,122467403.60039839,-13.58938575766735,False
475748.81589865685,0.0006322671615723411,-0.0006206139237576735,0.0001978915287708105,2098.853579699993,122264116.51591195,-14.626959673841368,False
476048.81589865685,0.00063351512431945,-0.0006270220858937137,0.00019194277981249286,2121.5071564763784,122058214.39087564,-15.663295198664,False
476348.8158984184,0.0006347107699890854,-0.0006336022178174971,0.0001858747256129334,2144.2803663909435,121849642.24532735,-16.698307450431933,False
476648.8158984184,0.0006358537005650849,-0.0006403593340564839,0.00017968370658039134,2167.17365950346,121638345.36310685,-17.731910619153943,False
476948.8158984184,0.0006369432454369393,-0.0006472982382774717,0.0001733657569680247,2190.188437283039,121424269.3068271,-18.76401772028222,False
477248.81589818,0.0006379788239707588,-0.0006544238294736715,0.00016691684595926404,2213.325766041875,121207359.93408494,-19.794540347245732,False
477548.81589818,0.0006389600024073128,-0.0006617411498552883,0.0001603329036861112,2236.5861742198467,120987563.41215403,-20.823388412248278,False
477848.8158979416,0.0006398860345848333,-0.0006692549486047028,0.00015360951925558197,2259.971284866333,120764826.23218118,-21.850469865493288,False
478148.8158979416,0.0006407564847397369,-0.00067697023916935,0.0001467423344010399,2283.4816003888845,120539095.2242164,-22.875690412634643,False
478448.8158979416,0.0006415706843117604,-0.0006848917728063952,0.00013972669088602174,2307.118435651064,120310317.57031608,-23.89895320265334,False
478748.81589770317,0.0006423279080717821,-0.0006930241700615625,0.00013255774008413823,2330.8832936137915,120078440.8180383,-24.92015850583148,False
479048.81589770317,0.0006430277540408819,-0.0007013722669455547,0.00012523066300218488,2354.776507034898,119843412.89421086,-25.93920337110093,False
479348.81589746475,0.0006436694330637595,-0.0007099403799486481,0.00011774023483823726,2378.799777030945,119605182.11624311,-26.955981251584774,False
479648.81589746475,0.0006442524501712459,-0.0007187329381110885,0.00011008122547195853,2402.9537391513586,119363697.2051961,-27.97038161749131,False
479948.81589722633,0.0006447760111267316,-0.00072775383108592,0.00010224804463376813,2427.2400870770216,119118907.29687743,-28.98228952685244,False
480248.81589722633,0.0006452396190425194,-0.0007370069633907406,9.42350786345969e-05,2451.6594385653734,118870761.95371503,-29.991585178306728,False
480548.81589722633,0.000645642540806264,-0.0007464956285048174,8.60363795993635e-05,2476.213245883584,118619211.17504463,-30.998143416173395,False
480848.8158969879,0.0006459839838675955,-0.0007562226013533291,7.76457647901907e-05,2500.9031658917665,118364205.40757681,-32.001833205262685,False
481148.8158969879,0.0006462634919583112,-0.0007661904840006173,6.905701926029906e-05,2525.729641839862,118105695.55616681,-33.00251706287281,False
481448.8158967495,0.0006464802076988626,-0.0007764007777097959,6.026349745269499e-05,2550.694549769163,117843632.99212666,-34.000050434788214,False
481748.8158967495,0.0006466335805262351,-0.0007868545428948437,5.125849268949878e-05,2575.7986610531807,117577969.5632108,-34.99428103150749,False
482048.8158967495,0.0006467228309827829,-0.0007975516389819859,4.20349565999345e-05,2601.0435674786568,117308657.60179092,-35.98504809387202,False
482348.8158965111,0.0006467471721701754,-0.000808490793360761,3.258561547170302e-05,2626.4308888614178,117035649.93324159,-36.9721816028707,False
482648.8158965111,0.0006467060065040551,-0.0008196696411459925,2.290306251495622e-05,2651.961572766304,116758899.88373505,-37.95550141845143,False
482948.81589627266,0.0006465985125233979,-0.0008310839858438612,1.297956347912077e-05,2677.637378320098,116478361.28759408,-38.934816331836494,False
483248.81589627266,0.0006464241169407625,-0.0008427281100011896,2.8072835505099647e-06,2703.4591889977455,116193988.49408162,-39.90992304342194,False
483548.81589603424,0.0006461819052074126,-0.0008545937081407828,-7.6219686349077165e-06,2729.429130554199,115905736.37347741,-40.88060503210848,False
483848.81589603424,0.0006458713132631286,-0.0008666704110282808,-1.8316418582742244e-05,2755.5480946451426,115613560.32370545,-41.84663133213731,False
484148.81589603424,0.000645491526594242,-0.0008789445776358207,-2.9284566949172586e-05,2781.817900940776,115317416.27527376,-42.80775518141946,False
484448.8158957958,0.0006450416770604628,-0.0008913990469636701,-4.053506816603658e-05,2808.2405985742807,115017260.69635127,-43.76371254980606,False
484748.8158957958,0.0006445212668020231,-0.0009040131794222361,-5.2076531687816896e-05,2834.8169495910406,114713050.59815118,-44.714220526355206,False
485048.8158955574,0.0006439293810073125,-0.0009167610959934791,-6.391777904468654e-05,2861.549266114831,114404743.53790982,-45.65897554365984,False
485348.8158955574,0.0006432654473291853,-0.0009296120154544951,-7.606749311861449e-05,2888.4386908859015,114092297.62335368,-46.59765144429226,False
485648.8158955574,0.0006425286657259573,-0.0009425285654742765,-8.853435038247426e-05,2915.48725771904,113775671.51556735,-47.52989734969322,False
485948.815895319,0.0006417182386944218,-0.0009554661240258611,-0.00010132683475916338,2942.697074368596,113454824.43185218,-48.455335334378404,False
486248.815895319,0.0006408336530441133,-0.0009683721551709823,-0.00011445303530877027,2970.0693236142397,113129716.1482449,-49.373557880059145,False
486548.81589508057,0.0006398740072623651,-0.000981183851735068,-0.00012792070495493135,2997.6066935807467,112800307.0007173,-50.28412508435266,False
486848.81589508057,0.0006388388923920725,-0.0009938281179415753,-0.00014173682223628248,3025.310228049755,112466557.887631,-51.1865616253735,False
487148.81589484215,0.0006377274872967835,-0.0010062184263688323,-0.00015590762762940358,3053.1825957745314,112128430.26946938,-52.0803534416417,False
487448.81589484215,0.0006365393520009933,-0.0010182543169037217,-0.00017043814887784947,3081.2252573668957,111785886.1699875,-52.96494413605833,False
487748.81589484215,0.0006352738355868821,-0.0010298183107977366,-0.0001853320324158858,3109.4406164586544,111438888.1759039,-53.83973106839007,False
488048.81589460373,0.0006339303288081146,-0.0010407740528819431,-0.00020059109458969715,3137.831135094166,111087399.43649454,-54.70406114676064,False
488348.81589460373,0.0006325084891535438,-0.0010509642523288676,-0.000216214834935613,3166.398553520441,110731383.66254702,-55.55722630933423,False
488648.8158943653,0.0006310077872763433,-0.001060207112942635,-0.00023219998028167765,3195.145545974374,110370805.12522216,-56.39845869773445,False
488948.8158943653,0.0006294280404332616,-0.0010682945022324475,-0.0002485397713840598,3224.0738392472267,110005628.65374885,-57.22692556092566,False
489248.8158943653,0.0006277688574072209,-0.0010749878488525155,-0.00026522329847722403,3253.1862410902977,109635819.63299154,-58.04172390809407,False
489548.8158941269,0.000626029951886866,-0.0010800157402570676,-0.00028223459129606,3282.485556051135,109261344.00080869,-58.84187499024749,False
489848.8158941269,0.0006242114162722613,-0.0010830716535394913,-0.00029955162852957073,3311.9736411720514,108882168.24472305,-59.62631869623686,False
490148.8158938885,0.000622313019878055,-0.0010838098251610973,-0.0003171452423629262,3341.6539858728647,108498259.39758267,-60.39390798832776,False
490448.8158938885,0.0006203351587613964,-0.0010818453894785307,-0.0003349778340933085,3371.528339713812,108109585.03418292,-61.143403572045756,False
490748.81589365005,0.0006182779021129767,-0.0010767511265328267,-0.00035300197864529537,3401.6002182364464,107716113.26536974,-61.87346901793902,False
491048.81589365005,0.0006161418503095133,-0.0010680598010708309,-0.0003711589332411336,3431.871866926551,107317812.73327836,-62.582666660522335,False
491348.81589365005,0.0006139275193766956,-0.0010552649585520157,-0.00038937700905705697,3462.3465625196695,106914652.60538621,-63.26945464063801,False
491648.81589341164,0.0006116356160203072,-0.001037826451380397,-0.000407569948329467,3493.0277024507523,106506602.56817625,-63.932185577534746,False
491948.81589341164,0.0006092673689881025,-0.0010151795753188253,-0.0004256354210809832,3523.9176899939775,106093632.82042862,-64.56910742650533,False
492248.8158931732,0.0006068238107041583,-0.0009867455513017376,-0.000443453468392363,3555.0206500589848,105675714.06544206,-65.17836716618967,False
492548.8158931732,0.000604306773272719,-0.0009519514798057571,-0.00046088562265822475,3586.338912665844,105252817.50406761,-65.75801804742115,False
492848.8158931732,0.0006017180207379987,-0.0009102507213185618,-0.0004777740835208988,3617.8763057887554,104824914.82535435,-66.30603114826113,False
493148.8158929348,0.0005990596611366205,-0.0008611524413311145,-0.0004939418937084383,3649.6367934942245,104391978.19803315,-66.82031199314726,False
493448.8158929348,0.0005963345141672895,-0.0008042565416985781,-0.0005091941415571455,3681.6232761889696,103953980.26123662,-67.29872288786368,False
493748.8158926964,0.0005935454466291798,-0.0007392899048852541,-0.0005233198935883365,3713.8402065187693,103510894.11433806,-67.73911143414588,False
494048.8158926964,0.0005906961487734861,-0.0006661491032957656,-0.0005360961172726775,3746.29091770947,103062693.30633415,-68.13934538733753,False
494348.81589245796,0.0005877905928764976,-0.000584938393643597,-0.0005472924800216106,3778.97983571887,102609351.82539944,-68.49735355814933,False
494648.81589245796,0.0005848336607896489,-0.0004960061577889974,-0.0005566782483015231,3811.910378560424,102150844.08653376,-68.81117191495267,False
494948.81589245796,0.0005818306058329053,-0.00039996803477038156,-0.0005640297897713253,3845.0872263759375,101687144.91964132,-69.078993374724,False
495248.81589221954,0.0005787874558230656,-0.00029771807439260556,-0.0005691395498388374,3878.51511131227,101218229.55694939,-69.29921911950271,False
495548.81589221954,0.0005757113700964674,-0.00019042072892716533,-0.0005718254338233919,3912.197761774063,100744073.61962448,-69.47050867979941,False
495848.8158919811,0.0005726099772004504,-7.947846583533646e-05,-0.0005719389019702703,3946.1407901495695,100264653.10361916,-69.59182563828132,False
496148.8158919811,0.0005694924550918344,3.351703477960655e-05,-0.0005693733086218344,3980.3479229807854,99779944.36595389,-69.66247571879462,False
496448.8158919811,0.0005663687259409997,0.0001468572561691417,-0.0005640685424026515,4014.824537009001,99289924.10876605,-69.68213430949567,False
496748.8158917427,0.0005632499583958206,0.0002587977833172772,-0.0005560141645872818,4049.576199144125,98794569.3639683,-69.65086114420737,False
497048.8158917427,0.0005601490166232488,0.00036764379120768353,-0.0005452496409503738,4084.6073814481497,98293857.47704126,-69.569100864585,False
497348.8158915043,0.0005570798986860834,0.0004718332866104902,-0.0005318604246440373,4119.924271151423,97787766.09007208,-69.43766938132725,False
497648.8158915043,0.0005540585992250723,0.000570004205371788,-0.0005159730475696733,4155.531901836395,97276273.1238891,-69.25772715370644,False
497948.81589126587,0.000551102688352265,0.0006610457042768303,-0.0004977466843172351,4191.436532109976,96759356.76070552,-69.03074155815592,False
498248.81589126587,0.0005482320231901617,0.0007441252471380722,-0.0004773649592095808,4227.643389180303,96236995.4242751,-68.75844123805673,False
498548.81589126587,0.0005454683522369094,0.000818696007172548,-0.00045502589833290585,4264.15910987556,95709167.76080249,-68.44276568819785,False
498848.81589102745,0.0005428358194590761,0.0008844833386092432,-0.0004309334898380257,4300.990438193083,95175852.6188447,-68.08581327651382,False
499148.81589102745,0.0005403613878010556,0.0009414568276326918,-0.0004052902183957485,4338.14313583076,94637029.02823527,-67.68979055764977,False
499448.81589078903,0.0005380744262433877,0.0009897936577658584,-0.0003782895798138952,4375.624766618013,94092676.1787071,-67.2569651643159,False
499748.81589078903,0.0005360075446897119,0.001029835714376759,-0.000350112163147287,4413.441734194756,93542773.39715014,-66.789623875719,False
500048.81589078903,0.0005341963408321772,0.0010620475645737315,-0.0003209214614088296,4451.601344421506,92987300.12556893,-66.29003681942133,False
500348.8158905506,0.0005326796534035262,0.0010869765490610916,-0.0002908618987760292,4490.111535087228,92426235.89634697,-65.760428149489,False
500648.8158905506,0.0005315000185384875,0.0011052177352439685,-0.0002600585599026317,4528.979258716106,91859560.30803777,-65.20295308828683,False
500948.8158903122,0.000530703289335786,0.0011173851232229026,-0.00022861616726288503,4568.213296964765,91287253.0004615,-64.61968088778964,False
501248.8158903122,0.000530339308405916,0.0011240885397967304,-0.00019662106056728135,4607.820995092392,90709293.62838422,-64.01258303548593,False
501548.8158900738,0.0005304613583869858,0.0011259165991646114,-0.00016414097353134594,4647.811927333474,90125661.83473456,-63.383525961455874,False
501848.8158900738,0.0005311268193782068,0.0011234247284335197,-0.00013122815325772308,4688.193663150072,89536337.22362378,-62.73426744337425,False
502148.8158900738,0.0005323965132160285,0.0011171273838215257,-9.791940296111079e-05,4728.97574788332,88941299.33126967,-62.066455983909535,False
502448.81588983536,0.0005343348488595241,0.0011074937725084055,-6.423833165314363e-05,4770.168067216873,88340527.5971309,-61.3816324671858,False
502748.81588983536,0.0005370097553409009,0.0010949464242457907,-3.0197493060768466e-05,4811.779402405024,87734001.33396257,-60.68123351400958,False
503048.81588959694,0.0005404920768838637,0.0010798611640723266,4.201440283679858e-06,4853.820599362254,87121699.69725102,-59.96659605008338,False
503348.81588959694,0.000544855541124277,0.0010625691459438258,3.896507690370754e-05,4896.301342353225,86503601.65302004,-59.2389626662966,False
503648.81588959694,0.0005501761466762977,0.001043359103448438,7.410805538654586e-05,4939.2323878109455,85879685.94660917,-58.49948747257771,False
503948.8158893585,0.0005565317733235846,0.001022480387689484,0.00010965193708045717,4982.625276327133,85249931.06832345,-57.749242180460946,False
504248.8158893585,0.0005640017412668218,0.0010001465790026032,0.00014562365318226966,5026.490590661764,84614315.2196409,-56.989222233731795,False
504548.8158891201,0.0005726662482900331,0.0009765382260695787,0.0001820560513010605,5070.840992406011,83972816.27887191,-56.22035285979764,False
504848.8158891201,0.000582605939069007,0.0009518067752480874,0.00021898590019731046,5115.687745332718,83325411.76498117,-55.44349492654514,False
505148.8158891201,0.0005939014889191434,0.0009260769655838885,0.0002564547361885161,5161.043853163719,82672078.80161425,-54.65945056462294,False
505448.8158888817,0.0006066333213000367,0.0008994498330423539,0.0002945081084959611,5206.923043727875,82012794.07945554,-53.86896849672177,False
505748.8158888817,0.0006208811892543134,0.0008720058608844283,0.0003331943631579293,5253.337451159954,81347533.81907439,-53.07274906091229,False
506048.81588864326,0.0006367243665446178,0.0008438061954620935,0.0003725663084495068,5300.301969155669,80676273.73168018,-52.27144893171307,False
506348.81588864326,0.0006542413540721599,0.0008148957182925187,0.0004126793902088366,5347.8300998955965,79998988.97982538,-51.465685520784,False
506648.81588840485,0.0006735104410310708,0.0007853038553378155,0.0004535932241722662,5395.93761408329,79315654.13820313,-50.656041094940925,False
506948.81588840485,0.0006946095604332218,0.0007550471151489546,0.0004953700729899424,5444.638853594661,78626243.15270573,-49.843066600831435,False
507248.81588840485,0.0007176172760258838,0.0007241293706101715,0.0005380765232061435,5493.950402662158,77930729.29976901,-49.02728524166687,False
507548.8158881664,0.0007426130337993262,0.0006925436162532606,0.0005817826419516337,5543.8887298852205,77229085.1460081,-48.2091958054663,False
507848.8158881664,0.0007696777047218724,0.0006602730193208117,0.0006265620193559585,5594.469829440117,76521282.505545,-47.38927577681475,False
508148.815887928,0.0007988950445708683,0.0006272907272659722,0.0006724933619679518,5645.712250351906,75807292.39947705,-46.567984261920344,False
508448.815887928,0.0008303516269313775,0.0005935617137424742,0.0007196590142584114,5697.6330139786005,75087085.0141295,-45.745764728566336,False
508748.815887928,0.000864138614630873,0.00055904209750679,0.0007681469062461588,5750.251199573278,74360629.6603857,-44.92304760915484,False
509048.8158876896,0.000900352510193972,0.0005236797921668312,0.0008180504759494056,5803.586801439524,73627894.73262708,-44.10025276676693,False
509348.8158876896,0.0009390953666596259,0.00048741554093112427,0.000869468003656948,5857.6582199037075,72888847.6697469,-43.27779185332302,False
509648.8158874512,0.00098047728228456,0.00045018140343699997,0.0009225052900276864,5912.4869947731495,72143454.91590123,-42.45607059095422,False
509948.8158874512,0.0010246160616071485,0.00041190224405340814,0.0009772741978437693,5968.093273147941,71391681.88324107,-41.635490972939955,False
510248.81588721275,0.0010716396814656353,0.0003724942229723638,0.0010338951407931063,6024.499767526984,70633492.91754225,-40.81645343242372,False
510548.81588721275,0.001121686053977232,0.0003318659449291772,0.0010924959871658757,6081.7277799248695,69868851.26472574,-39.99935897017915,False
510848.81588721275,0.0011749055919464675,0.0002899168343333258,0.0011532145705785979,6139.800771817565,69097719.04190537,-39.18461128854628,False
511148.81588697433,0.001231462157748088,0.0002465370746733697,0.001216199093214243,6198.743192061782,68320057.21099767,-38.37261892946339,False
511448.81588697433,0.0012915333080915174,0.00020160806249691632,0.0012816078632411632,6258.577792793512,67535825.5584032,-37.5637974449749,False
511748.8158867359,0.001355313959880045,0.0001549998572727418,0.0013496128700367649,6319.330581091344,66744982.6789089,-36.75857163223291,False
512048.8158867359,0.0014230159766026606,0.00010657219706899923,0.0014203987591443479,6381.026023596525,65947485.9668109,-35.95737783055724,False
512348.8158867359,0.0014948716457656435,5.617217368580896e-05,0.0014941660799721035,6443.690649040043,65143291.61616758,-35.16066633214205,False
512648.8158864975,0.0015711350606417477,3.633729591001611e-06,0.0015711321976468184,6507.351507455111,64332354.62969769,-34.368903908850804,False
512948.8158864975,0.0016520836569371108,-5.122300234461363e-05,0.0016515324278785215,6572.034778222442,63514628.83905359,-33.582576491349116,False
513248.8158862591,0.0017380221679810458,-0.00010859424665454753,0.0017356235591137192,6637.768508993089,62690066.94126283,-32.80219203867383,False
513548.8158862591,0.0018292837411953149,-0.00016869283138021274,0.0018236845035701776,6704.57933306694,61858620.54787224,-32.028283610147135,False
513848.81588602066,0.0019262353291737595,-0.00023175171705247521,0.0019160210887392282,6772.496380753815,61020240.25678719,-31.261412702468274,False
514148.81588602066,0.0020292785822472723,-0.0002980239874545987,0.0020129664713586237,6841.54640365392,60174875.74540997,-30.50217286449718,False
514448.81588602066,0.002138856246890912,-0.00036778698171247015,0.0021148867646196834,6911.757720142603,59322475.89217312,-29.751193664423322,False
514748.81588578224,0.0022554560560229353,-0.0004413444005706424,0.0022221841991516555,6983.158699527383,58462988.92920452,-29.009145038452306,False
515048.81588578224,0.0023796140364287397,-0.0005190279406974696,0.0023352997896246563,7055.774589389563,57596362.634782195,-28.27674208862033,False
515348.8158855438,0.0025119239201006447,-0.0006012032924900268,0.0024547214837475906,7129.632648073137,56722544.56963243,-27.55475040934252,False
515648.8158855438,0.0026530404821283604,-0.0006882715669860318,0.002580986772827032,7204.75647585839,55841482.36737933,-26.843991995028333,False
515948.8158855438,0.0028036899626174843,-0.0007806757379285045,0.00271469161727822,7281.169553935528,54953124.089769445,-26.145351847904816,False
516248.8158853054,0.002964677974986872,-0.0008789050934865372,0.002856497064588126,7358.893119230866,54057418.65618627,-25.459785366815492,False
516548.8158853054,0.0031368982311856444,-0.000983500143178162,0.0030071366088826323,7437.943510681391,53154316.36334647,-24.788326646477437,False
516848.815885067,0.003321347906190538,-0.001095062006356784,0.0031674292459342723,7518.336065791547,52243769.51241854,-24.132097837510212,False
517148.815885067,0.0035191365544709613,-0.0012142570845981027,0.0033382869740776755,7600.077952392399,51325733.163764656,-23.492319705988788,False
517448.81588482857,0.003731506963835258,-0.0013418298431133735,0.003520732490084555,7683.173354491591,50400166.04282401,-22.870323615917993,False
517748.81588482857,0.003959849018284635,-0.0014786105075472733,0.003715910941373579,7767.61638519913,49467031.62838126,-22.26756512587133,False
518048.81588482857,0.0042057246137082735,-0.0016255301506760134,0.003925111037734297,7853.393515944481,48526299.460061476,-21.6856394941813,False
518348.81588459015,0.004470891304378559,-0.0017836346467845487,0.004149785104541337,7940.479657359421,47577946.70635539,-21.126299379630645,False
518648.81588459015,0.004757330004539659,-0.0019541011942578734,0.004391572614604655,8028.833856426179,46621960.047348484,-20.59147511081015,False
518948.81588435173,0.005067282372136832,-0.0021382612006561885,0.004652331809722909,8118.399226248264,45658337.94139329,-20.08329797648023,False
519248.81588435173,0.005403287727237627,-0.002337622737258016,0.004934171049370661,8209.095306910574,44687093.34574051,-19.604127008542278,False
519548.81588435173,0.00576823472823944,-0.0025539029123251566,0.005239492407902446,8300.817038096488,43708256.99906656,-19.156579906055235,False
519848.8158841133,0.006165415759010855,-0.002789062257562591,0.005571037622026154,8393.426508039236,42721881.380110465,-18.74356879357762,False
520148.8158841133,0.006598591578138221,-0.0030453465440416494,0.005931942592198425,8486.743525020778,41728045.49176897,-18.368341675413877,False
520448.8158838749,0.007072076842324972,-0.0033253434922073666,0.006325808958020929,8580.541534639895,40726860.65537628,-18.034530606985555,False
520748.8158838749,0.007590826679105012,-0.0036320421236268885,0.006756776605659098,8674.529223881662,39718477.5424136,-17.746207753068983,False
521048.8158836365,0.008160558278720387,-0.003968918330400584,0.007229624425526993,8768.343345962465,38703094.72531123,-17.50795077610945,False
521348.8158836365,0.008787877911241188,-0.004340029175864402,0.007749875111610294,8861.52474437654,37680969.10227339,-17.32491917118446,False
521648.8158836365,0.009480447849851935,-0.0047501414258874775,0.008323931322319567,8953.500686861575,36652428.63778485,-17.20294349931836,False
521948.81588339806,0.010247176252022249,-0.005204887787357393,0.008959228703634636,9043.555246412754,35617887.966905735,-17.14862969958108,False
522248.81588339806,0.011098442063780248,-0.005710965758396469,0.00966441413766006,9130.792114138603,34577867.55445401,-17.16948096725115,False
522548.81588315964,0.012046375347266809,-0.006276403004164877,0.010449563352910474,9214.096410874277,33533017.269665778,-17.274039910803612,False
522848.81588315964,0.013105165400787568,-0.006910888246352442,0.01132641211340868,9292.072625178844,32484145.44850509,-17.47205375254929,False
523148.81588315964,0.01429144555595067,-0.007626225070680448,0.012308634379635919,9362.982386220247,31432254.770943105,-17.77466521412112,False
523448.8158829212,0.015624718227854056,-0.008436925968226205,0.01341212877059661,9424.655676312745,30378586.58880055,-18.19463095966152,False
523748.8158829212,0.017127829865736025,-0.00936101680417778,0.014655305794835982,9474.381151597947,29324675.681960247,-18.74656788057663,False
524048.8158826828,0.018827498894178618,-0.010421154865667859,0.01605935358286459,9508.779105793685,28272417.78812015,-19.447224265138342,False
524348.8158826828,0.020754818899619328,-0.011646172227926854,0.017648379394685776,9523.634893406183,27224152.578436624,-20.31576690597054,False
524648.8158824444,0.022945711257960265,-0.013073286734481826,0.01944934036835022,9513.711487244815,26182764.940928373,-21.374064769388003,False
524948.8158824444,0.02544114851501298,-0.014751284553426558,0.021491511784503814,9472.524877015501,25151807.233550124,-22.646931957308478,False
525248.8158824444,0.02828696828727574,-0.016745238745670576,0.02380516933263621,9392.111177876592,24135644.229690563,-24.16226305428123,False
525548.815882206,0.031532859149459504,-0.019143607227448456,0.026418851319977676,9262.798115927726,23139620.04778258,-25.95094568486719,False
525848.815882206,0.03522995836720103,-0.022069176251619638,0.02935425047713025,9073.048174042255,22170241.34933726,-28.046358519120155,False
526148.8158819675,0.03942625265891566,-0.025696339171815907,0.03261723451965892,8809.489115156233,21235361.778469816,-30.483144261887123,False
526448.8158819675,0.04415858513177081,-0.030278891834029764,0.0361825616376521,8457.296491723508,20344336.771748144,-33.29476819260366,False
526748.8158819675,0.049440134880685604,-0.03619569147031143,0.039968775758453035,8001.228180948645,19508093.39465803,-36.5091101896545,False
527048.8158817291,0.05524231396499053,-0.044026163741705204,0.04379769981373016,7427.630213215947,18739027.011606283,-40.14095837573658,False
527348.8158817291,0.061471426016341334,-0.05467326062750999,0.04733002028923039,6727.709100782871,18050603.2172003,-44.17971667140964,False
527648.8158814907,0.06794321875279281,-0.06954740396457737,0.04996344979944212,5902.005698479712,17456534.672925323,-48.56978757699757,False
527948.8158814907,0.07436233232955666,-0.09075696262468114,0.050674092113709435,4965.176013424993,16969471.225200325,-53.17981016854965,False
528248.8158814907,0.08031664883815816,-0.12089927948639456,0.04779771252583487,3948.6484529860318,16599360.856656358,-57.75592171605387,False
528548.8158812523,0.08529745240641981,-0.16083275006712938,0.03891877398572774,2895.7872454654425,16352024.03718252,-61.8600576337721,False
528848.8158812523,0.08876999434834303,-0.20232508901878532,0.02174073406369814,1843.7974148206413,16228799.299198994,-64.83566505482725,False
529148.8158810139,0.09032707249736362,-0.22163007397927004,-0.0025905762271349886,803.1000155042857,16227775.350094011,-65.95769620868695,False
529448.8158810139,0.08985643364474044,-0.20208042378746427,-0.027017810352816696,-236.27486550435424,16345854.423752476,-64.89398831383276,False
529748.8158807755,0.08755826673748858,-0.16072970941428366,-0.044558577591161,-1276.8001986518502,16579904.636964545,-62.01231039412478,False
530048.8158807755,0.08382636367476659,-0.12105688425720018,-0.05409791408933984,-2303.70933970809,16926156.623212006,-58.03820134003663,False
530348.8158807755,0.07912871790178738,-0.09108426495208732,-0.05782897776461482,-3292.706873331219,17378843.207400754,-53.60260095921762,False
530648.815880537,0.07391349709733845,-0.0699564496017615,-0.05804117965059419,-4217.078601580113,17929528.683443315,-49.112604077189765,False
530948.815880537,0.06854334216660998,-0.05512140729490511,-0.05630028482591598,-5054.430586244911,18567546.003568433,-44.79678678041283,False
531248.8158802986,0.06327491910946337,-0.04449664728852554,-0.05356322362699473,-5791.850840702653,19281054.66315234,-40.77022648866138,False
531548.8158802986,0.058270388618571124,-0.03668106503528179,-0.05039491650467909,-6426.42759552598,20058121.9465183,-37.08082701051204,False
531848.8158802986,0.05361929624240828,-0.030773927514673005,-0.047122006886290535,-6962.644008524716,20887515.2260584,-33.73816295342588,False
532148.8158800602,0.049359942832293835,-0.026195771549168967,-0.043927294398041994,-7409.240400556475,21759151.5816578,-30.73088448236954,False
532448.8158800602,0.0454970079951033,-0.022567242007994537,-0.040906832647106484,-7776.770086571574,22664273.477169693,-28.03709894253244,False
532748.8158798218,0.04201482622742963,-0.019634166371133688,-0.03810481868305615,-8076.032975077629,23595445.78972566,-25.63046829983491,False
533048.8158798218,0.03888665431540721,-0.017222038630166026,-0.03553502827115196,-8317.192149728537,24546454.293971755,-23.483692910731175,False
533348.8158795834,0.03608082650825349,-0.015208201202511873,-0.033194037254656195,-8509.365780502558,25512160.66735804,-21.57040968446238,False
533648.8158795834,0.0335645417971356,-0.013504513760352665,-0.031069254012489722,-8660.489777710289,26488347.28019464,-19.866140977851884,False
533948.8158795834,0.03130608888654032,-0.01204634941299787,-0.02914377058669615,-8777.344334091991,27471569.616089836,-18.34868722360964,False
534248.8158793449,0.02927600914197531,-0.010785438778981415,-0.027399200789698597,-8865.652485229075,28459024.490831908,-16.998204071763343,False
534548.8158793449,0.027447602811769098,-0.009685117396685428,-0.02581728330895139,-8930.206408418715,29448436.649819404,-15.797109685382573,False
534848.8158791065,0.025797065542037,-0.008717111847118986,-0.024380752706962383,-8975.005013491958,30437963.39402538,-14.729908751770783,False
535148.8158791065,0.024303379288498406,-0.007859310715758738,-0.023073735645562365,-9003.373059887439,31426115.52162825,-13.782983486204868,False
535448.8158791065,0.02294811703583459,-0.007094205173928003,-0.02188190773940235,-9018.076456852257,32411692.37996484,-12.94437978548225,False
535748.8158788681,0.02171518301419257,-0.006407768854273854,-0.020792485687106677,-9021.415692720562,33393728.799664784,-12.203603482709987,False
536048.8158788681,0.020590540538332983,-0.005788643720876507,-0.01979413780652095,-9015.302615620196,34371451.86169783,-11.551433831417325,False
536348.8158786297,0.019561969227031642,-0.005227546176428177,-0.018876874842524316,-9001.333726018667,35344245.7219791,-10.97975684616881,False
536648.8158786297,0.018618817852500535,-0.004716816846269012,-0.018031903673282557,-8980.839390523732,36311622.99083795,-10.481418685243442,False
536948.8158783913,0.017751803077186303,-0.004250086325782831,-0.017251501435612937,-8954.934661760926,37273201.427179284,-10.050097910189294,False
537248.8158783913,0.01695281485891918,-0.0038220148887546657,-0.016528879367148974,-8924.551447965205,38228684.93730136,-9.68019491065064,False
537548.8158783913,0.016214763347394606,-0.003428096001442782,-0.015858074303633174,-8890.474426113069,39177848.05434648,-9.366736537679927,False
537848.8158781528,0.01553143379508944,-0.0030644996783451006,-0.015233838948740086,-8853.3629354164,40120523.235837005,-9.105294048822111,False
538148.8158781528,0.014897366206783646,-0.002727950496108633,-0.014651549251672336,-8813.771257847548,41056590.44924381,-8.891912562489983,False
538448.8158779144,0.014307757939176576,-0.002415632106931298,-0.014107128956318604,-8772.169776901603,41985968.61048611,-8.723050410733912,False
538748.8158779144,0.013758368082336523,-0.0021251080447655113,-0.013596971929784374,-8728.953544944525,42908608.53428318,-8.59552698470804,False
539048.8158779144,0.013245448466037592,-0.001854260821716025,-0.013117887371812742,-8684.458780489862,43824487.11561746,-8.50647781870434,False
539348.815877676,0.012765676716454805,-0.0016012407186281052,-0.012667044650397585,-8638.970827959478,44733602.51932768,-8.45331586995363,False
539648.815877676,0.012316097475528436,-0.001364423843710938,-0.012241924176736418,-8592.729092851281,45635970.193866424,-8.433698081638578,False
539948.8158774376,0.011894081865587507,-0.001142379454421416,-0.011840284700742387,-8545.939613610506,46531619.565358326,-8.445496444768489,False
540248.8158774376,0.011497280259504942,-0.0009338407219843248,-0.011460122771232761,-8498.774961918592,47420591.28987481,-8.486772925248617,False
540548.8158771992,0.011123592695106585,-0.0007376823093068197,-0.011099648599385503,-8451.383848443627,48302934.96658047,-8.555757674516348,False
540848.8158771992,0.010771133526431767,-0.0005529001153945501,-0.010757255390693388,-8403.890190012753,49178707.234681346,-8.6508300737612,False
541148.8158771992,0.010438209748888448,-0.00037859555993691174,-0.01043150154673178,-8356.400619633496,50047970.18607281,-8.770502189996265,False
541448.8158769608,0.010123296880672088,-0.0002139615379235238,-0.01012108988481053,-8309.00586105138,50910790.04325051,-8.913404319988048,False
541748.8158769608,0.00982501664895872,-5.82705114595683e-05,-0.009824848157737875,-8261.780088245869,51767236.055454776,-9.078272328075066,False
542048.8158767223,0.009542125267180047,8.913490043482852e-05,-0.009541719745049804,-8214.788523711264,52617379.580263466,-9.263936520884943,False
542348.8158767223,0.009273493665893232,0.00022885084337076478,-0.009270745978071204,-8168.083786457777,53461293.31816949,-9.469311870564942,False
542648.8158767223,0.009018098219895233,0.00036141919818533097,-0.009011058667566019,-8121.711347967386,54299050.67517831,-9.69338938470616,False
542948.8158764839,0.008775007886134787,0.00048733396502598225,-0.008761868806004713,-8075.709085918963,55130725.23469878,-9.935228487013859,False
543248.8158764839,0.008543373198188943,0.0006070466605478941,-0.0085224569179001,-8030.10694116354,55956390.32061155,-10.193950270751566,False
543548.8158762455,0.008322420010397633,0.0007209709050641777,-0.008292167999305988,-7984.930779516697,56776118.63473368,-10.468731506926439,False
543848.8158762455,0.008111439178611545,0.0008294865215532354,-0.008070402232995377,-7940.199866116047,57589981.96248217,-10.758799324054943,False
544148.8158762455,0.007909782597341267,0.000932943048553625,-0.007856611952549386,-7895.93105314672,58398050.93005154,-11.063426459278842,False
544448.8158760071,0.007716855651464103,0.0010316628533928451,-0.007650294898180476,-7852.137402758002,59200394.80871181,-11.38192702383391,False
544748.8158760071,0.007532110862529151,0.0011259437605417588,-0.007450988576872319,-7808.827171117067,59997081.358381785,-11.713652713721945,False
545048.8158757687,0.0073550463444134375,0.0012160615587504253,-0.007258269365205905,-7766.008502393961,60788176.703543134,-12.057989404996162,False
545348.8158757687,0.007185197599245783,0.0013022718818547219,-0.00707174486203499,-7723.684255219996,61573745.23669602,-12.41435410465113,False
545648.8158755302,0.007022137884388969,0.001384812305190053,-0.006891054772941274,-7681.857998982072,62353849.5464785,-12.782192192740613,False
545948.8158755302,0.006865471460390721,0.0014639037257779819,-0.006715864607295785,-7640.529418207705,63128550.365164265,-13.1609749445099,False
546248.8158755302,0.006714833172590081,0.0015397520259625708,-0.006545865671725437,-7599.698217563331,63897906.5321704,-13.550197279191073,False
546548.8158752918,0.006569884729203594,0.0016125492815604048,-0.006380771714390221,-7559.362803094089,64661974.972801,-13.94937572499413,False
546848.8158752918,0.006430311534778004,0.0016824747800967543,-0.006220316096255729,-7519.51920504868,65420810.68915335,-14.358046569819544,False
547148.8158750534,0.006295822303870553,0.0017496962813083883,-0.006064251700543366,-7480.163941025734,66174466.75901971,-14.775764171135416,False
547448.8158750534,0.006166145209373778,0.0018143706364526224,-0.005912347366418658,-7441.291109807789,66922994.34656418,-15.202099420833138,False
547748.8158750534,0.006041028183369783,0.0018766449392444429,-0.005764388425173905,-7402.895746007562,67666442.71733242,-15.636638331503885,False
548048.815874815,0.005920236228789245,0.0019366570886063528,-0.005620174245535736,-7364.9721598774195,68404859.26018684,-16.078980745043925,False
548348.815874815,0.0058035492274783945,0.0019945362550402024,-0.005479516266124307,-7327.512678027153,69138289.51448841,-16.528739144281158,False
548648.8158745766,0.005690762757801428,0.002050403920776489,-0.005342238972552593,-7290.511236920953,69866777.20035063,-16.9855375502561,False
548948.8158745766,0.005581684732554078,0.0021043739206447754,-0.00520817674841112,-7253.959717079997,70590364.25372301,-17.449010511161152,False
549248.8158743382,0.0054761361391379515,0.002156553339432321,-0.0050771747435405246,-7217.8510879427195,71309090.86169216,-17.918802154859833,False
549548.8158743382,0.00537394844002185,0.0022070425159483875,-0.00494908646449943,-7182.176562383771,72022995.50319271,-18.3945653160257,False
549848.8158743382,0.005274964433040055,0.002255935897011341,-0.00482377472756923,-7146.928718239069,72732114.98878808,-18.875960712862316,False
550148.8158740997,0.005179036507880665,0.0023033221401647097,-0.004701110066612557,-7112.099867686629,73436484.50276078,-19.36265618231713,False
550448.8158740997,0.005086025222456872,0.002349284175750199,-0.004580969463351181,-7077.680757433176,74136137.64645593,-19.854325961727287,False
550748.8158738613,0.004995800639138476,0.0023939001382586866,-0.004463237714503521,-7043.664324983954,74831106.48181814,-20.35065000562703,False
551048.8158738613,0.004908239160704684,0.002437242748698054,-0.004347804486474871,-7010.0408925414085,75521421.575193,-20.851313349961952,False
551348.8158738613,0.004823225344232013,0.002479380353349825,-0.004234566119645677,-6976.802678883076,76207112.04238655,-21.356005498939997,False
551648.8158736229,0.004740650382545756,0.00252037678754391,-0.0041234242449732506,-6943.941935122013,76888205.59299077,-21.864419848705552,False
551948.8158736229,0.004660410872399462,0.002560291220277122,-0.004014284696133075,-6911.449402153492,77564728.57491097,-22.37625313730016,False
552248.8158733845,0.004582410108626719,0.00259917900336859,-0.003907058776928096,-6879.317749425769,78236706.01831107,-22.891204911895976,False
552548.8158733845,0.004506555956661883,0.002637091081851395,-0.0038016613329894255,-6847.5381076186895,78904161.68045543,-23.408977026465987,False
552848.815873146,0.004432761892941548,0.002674074708806984,-0.003698011767472309,-6816.102927997708,79567118.0879381,-23.929273148882576,False
553148.815873146,0.0043609453821760276,0.0027101729506284755,-0.0035960326002388854,-6785.003325864673,80225596.581477,-24.451798293944307,False
553448.815873146,0.004291028928821893,0.0027454254038161707,-0.0034956504729777294,-6754.231923282146,80879617.35777085,-24.97625836291999,False
553748.8158729076,0.004222939044892674,0.0027798679168142826,-0.0033967952487650166,-6723.781306490302,81529199.51172243,-25.502359702733965,False
554048.8158729076,0.004156605448617043,0.002813532331430224,-0.0032993993480978645,-6693.6428413540125,82174361.0783747,-26.029808677225173,False
554348.8158726692,0.0040919622477655114,0.0028464472715938882,-0.003203398841964855,-6663.809772878885,82815119.0733807,-26.558311243609605,False
554648.8158726692,0.0040289462055351855,0.0028786373455602643,-0.0031087319609781616,-6634.273937046528,83451489.53415713,-27.087572548023143,False
554948.8158726692,0.003967497571255553,0.002910123717413171,-0.003015339872387557,-6605.02803607285,84083487.55827181,-27.61729652196509,False
555248.8158724308,0.00390755972095954,0.0029409240269160364,-0.0029231664009365943,-6576.0652939379215,84711127.34366074,-28.147185492875725,False
555548.8158724308,0.0038490782376419627,0.0029710519057744023,-0.002832157292946391,-6547.377769932151,85334422.22676471,-28.676939803671488,False
555848.8158721924,0.0037920020257575975,0.003000517747835829,-0.0027422612052170336,-6518.9592892974615,85953384.71963713,-29.20625743461679,False
556148.8158721924,0.00373628168626877,0.0030293277254145323,-0.0026534283895323085,-6490.802055686712,86568026.547496,-29.734833642062636,False
556448.815871954,0.003681870976017565,0.003057484799995791,-0.0025656119516845877,-6462.90038600564,87178358.68481603,-30.262360596281958,False
556748.815871954,0.0036287248581085008,0.0030849874234490926,-0.0024787663088865486,-6435.246433019638,87784391.39057024,-30.788527037576003,False
557048.815871954,0.0035768010580995006,0.003111830633486079,-0.002392848512251078,-6407.834163159132,88386134.24373756,-31.313017932518022,False
557348.8158717155,0.003526059232593758,0.0031380055018246367,-0.0023078176225332925,-6380.657687962055,88983596.17736675,-31.835514146384202,False
557648.8158717155,0.0034764603037301996,0.003163498614043192,-0.0022236342643964235,-6353.7098796367645,89576785.5121979,-32.35569212639892,False
557948.8158714771,0.003427967595283422,0.0031882929354196676,-0.0021402615717747153,-6326.985406920314,90165709.98932245,-32.87322359164375,False
558248.8158714771,0.003380545485493438,0.003212366752222806,-0.0020576642261289635,-6300.477642148733,90750376.80315244,-33.38777524470622,False
558548.8158714771,0.0033341601733516356,0.0032356942584215176,-0.0019758091176598214,-6274.180778741837,91330792.63190432,-33.89900849080944,False
558848.8158712387,0.00328877945952011,0.0032582453839893333,-0.0018946652499423067,-6248.089509546757,91906963.66971736,-34.40657917903545,False
559148.8158712387,0.0032443720538688587,0.003279985178522793,-0.001814203333367459,-6222.197453781962,92478895.65684016,-34.910137363212954,False
559448.8158710003,0.0032009085650283897,0.003300874670514986,-0.0017343965761611457,-6196.499879702926,93046593.90894732,-35.40932707943931,False
559748.8158710003,0.003158360210831496,0.0033208697171289714,-0.0016552198802060047,-6170.9905502945185,93610063.34681267,-35.903786155795096,False
560048.8158710003,0.003116699938932869,0.0033399220360479376,-0.0015766507103904814,-6145.664797216654,94169308.5248187,-36.39314604199459,False
560348.8158707619,0.0030759015988045106,0.0033579784779362853,-0.0014986686323723575,-6120.517527624965,94724333.65835543,-36.87703167524891,False
560648.8158707619,0.0030359397927957254,0.003374980902350444,-0.0014212553447450205,-6095.542947694659,95275142.652307,-37.35506138002589,False
560948.8158705235,0.002996790723746243,0.0033908670978064492,-0.0013443953212970428,-6070.736985266209,95821739.1272916,-37.82684680169273,False
561248.8158705235,0.002958430925295482,0.003405569607821235,-0.0012680751403024715,-6046.09400574863,96364126.44622792,-38.291992889600955,False
561548.815870285,0.0029208384203700945,0.0034190170538579423,-0.0011922843057590171,-6021.610077157617,96902307.73993544,-38.75009791940238,False
561848.815870285,0.0028839915138391455,0.003431133045523893,-0.0011170146603305398,-5997.279789999127,97436285.93268478,-39.2007535740278,False
562148.815870285,0.0028478698367961856,0.0034418375183236094,-0.0010422611050131536,-5973.099240154028,97966063.76694109,-39.64354507387276,False
562448.8158700466,0.0028124536082268377,0.003451046217747944,-0.0009680212997338344,-5949.06410984695,98491643.82699692,-40.07805137255738,False
562748.8158700466,0.0027777235129941456,0.0034586708687243117,-0.0008942957400179807,-5925.169402554631,99013028.56369781,-40.5038454179821,False
563048.8158698082,0.002743661487777074,0.003464620482105829,-0.0008210882627892602,-5901.411768779159,99530220.3171136,-40.920494480239746,False
563348.8158698082,0.002710249577557549,0.0034688004894007918,-0.0007484055937041489,-5877.786356776953,100043221.33948177,-41.327560561088816,False
563648.8158698082,0.002677470863193502,0.0034711143703702874,-0.0006762578955274989,-5854.289538130164,100552033.81735016,-41.724600877513176,False
563948.8158695698,0.0026453091082848383,0.00347146386909003,-0.00060465867464643,-5830.917995706201,101056659.89374831,-42.11116843373398,False
564248.8158695698,0.0026137481095393246,0.0034697488690369482,-0.0005336246053104787,-5807.666906952858,101557101.68893476,-42.48681268150225,False
564548.8158693314,0.0025827728470090698,0.0034658696154110658,-0.0004631760554119069,-5784.533366069198,102053361.32194437,-42.851080268351886,False
564848.8158693314,0.002552368340449039,0.003459726137037933,-0.0003933366800126237,-5761.513118118048,102545440.93098314,-43.20351588558758,False
565148.8158690929,0.0025225205810606127,0.003451220395220389,-0.00032413377913087515,-5738.603369638324,103033342.69312418,-43.54366320684987,False
565448.8158690929,0.002493215555484219,0.0034402560349633404,-0.0002555979617113735,-5715.799961477518,103517068.84421842,-43.871065928677005,False
565748.8158690929,0.002464440150408994,0.0034267406871322237,-0.00018776339727111235,-5693.10012473166,103996621.69811219,-44.18526890259335,False
566048.8158688545,0.0024361815327340807,0.0034105863165336814,-0.00012066755058981471,-5670.500692173839,104472003.66480121,-44.48581936491283,False
566348.8158688545,0.00240842705503203,0.0033917103020257855,-5.435107838280828e-05,-5647.997850194573,104943217.26965246,-44.77226825725806,False
566648.8158686161,0.002381164949378258,0.0033700376704643986,1.1142160758481623e-05,-5625.58931286633,105410265.17088489,-45.04417163071749,False
566948.8158686161,0.002354383345664606,0.0033455010198508717,7.576549616317152e-05,-5603.271374478936,105873150.1771589,-45.301092133161156,False
567248.8158686161,0.0023280710987731174,0.0033180429790036214,0.0001394695035585869,-5581.041492760181,106331875.26469529,-45.5426005635482,False
567548.8158683777,0.002302217405402532,0.0032876169552480405,0.00020220235479229132,-5558.897168293595,106786443.59403352,-45.768277488952435,False
567848.8158683777,0.002276811539140617,0.00325418798789201,0.00026391014158377857,-5536.835155367851,107236858.52667284,-45.977714909129524,False
568148.8158681393,0.002251843395835019,0.003217734712507081,0.00032453716929836673,-5514.853207603097,107683123.64027461,-46.17051795290798,False
568448.8158681393,0.002227302852679933,0.003178249509375064,0.0003840263937178179,-5492.948104694486,108125242.74515064,-46.34630659487719,False
568748.8158679008,0.0022031805265934593,0.0031357405735832344,0.000442319817629766,-5471.118088245392,108563219.89908265,-46.504717369568866,False
569048.8158679008,0.0021794668689194487,0.003090231394935472,0.0004993589689163969,-5449.36003293097,108997059.42215365,-46.645405069314336,False
569348.8158679008,0.0021561529260579774,0.0030417625121685887,0.0005550853854430216,-5427.6718958467245,109426765.91123223,-46.76804440146795,False
569648.8158676624,0.002133230068453932,0.002990391549872129,0.000609441143616607,-5406.051897823811,109852344.25432718,-46.87233158789173,False
569948.8158676624,0.0021106894740499107,0.0029361926694093654,0.000662369322867562,-5384.4968905597925,110273799.64370598,-46.95798588417183,False
570248.815867424,0.0020885230745156663,0.002879257948677605,0.000713814635446397,-5363.005431637168,110691137.59000202,-47.024750997701304,False
570548.815867424,0.0020667226358134544,0.0028196957580632898,0.0007637238546038816,-5341.574849873781,111104363.93499437,-47.07239638609178,False
570848.815867424,0.002045280430197679,0.0027576312340045206,0.0008120464348877476,-5320.20344632864,111513484.86415853,-47.10071841541422,False
571148.8158671856,0.0020241889419472282,0.002693205074507432,0.0008587349863944382,-5298.889575019479,111918506.91908452,-47.109541362268025,False
571448.8158671856,0.002003440628227721,0.0026265721845675216,0.0009037456873670635,-5277.630878791213,112319437.00964163,-47.09871824365384,False
571748.8158669472,0.001983028408903293,0.002557901148975361,0.0009470388501924276,-5256.425924822688,112716282.42499794,-47.06813146245039,False
572048.8158669472,0.001962945100526766,0.002487371974382313,0.00098857916865569,-5235.2723608464,113109050.8456092,-47.01769325801003,False
572348.8158669472,0.0019431840017513004,0.002415175301450745,0.0010283362453051836,-5214.168877288699,113497750.35390349,-46.94734595590977,False
572648.8158667088,0.0019237385630678128,0.0023415101547357153,0.0010662847982985113,-5193.114138633013,113882389.44476928,-46.857062012378655,False
572948.8158667088,0.0019046021232620122,0.0022665817028268975,0.0011024047805321402,-5172.105921655893,114262977.0358502,-46.746843853311944,False
573248.8158664703,0.0018857686179427377,0.002190600268477283,0.001136681832491604,-5151.143500640988,114639522.47771223,-46.616723512602576,False
573548.8158664703,0.0018672316466215946,0.0021137780705942077,0.0011691069977004531,-5130.224545955658,115012035.5627368,-46.46676207310418,False
573848.8158662319,0.001848985418510872,0.002036328501958451,0.0011996771728775002,-5109.348313614726,115380526.53515264,-46.29704892399125,False
574148.8158662319,0.0018310239306685168,0.0019584630977647066,0.0012283947033893128,-5088.512902632356,115745006.09956095,-46.10770084192094,False
574448.8158662319,0.0018133415727677109,0.001880390456733494,0.0012552675823300774,-5067.717308968306,116105485.42949376,-45.89886091582517,False
574748.8158659935,0.0017959328754116682,0.0018023141510923324,0.0012803091857662707,-5046.960596561432,116461976.17570475,-45.67069732791497,False
575048.8158659935,0.0017787922274887342,0.0017244307805128756,0.0013035378972787726,-5026.240950003266,116814490.47394887,-45.423402010526466,False
575348.8158657551,0.0017619145534743532,0.0016469293304908206,0.0013249772471866095,-5005.557992756367,117163040.95288198,-45.15718920105364,False
575648.8158657551,0.0017452944323173229,0.0015699888643325721,0.0013446550919127276,-4984.909802541137,117507640.740539,-44.87229390873233,False
575948.8158657551,0.0017289269071420154,0.001493778386361555,0.0013626037744813857,-4964.2956819832325,117848303.4720454,-44.568970321327534,False
576248.8158655167,0.0017128071383558574,0.0014184555456608905,0.001378859563921253,-4943.714994430542,118185043.29585129,-44.24749016494391,False
576548.8158655167,0.0016969301194807733,0.0013441656674046953,0.0013934620735085446,-4923.166197776794,118517874.87977245,-43.90814103871281,False
576848.8158652782,0.001681291290058499,0.0012710419131565232,0.0014064542885776632,-4902.648962423205,118846813.41712813,-43.55122474622519,False
577148.8158652782,0.0016658859047441832,0.0011992043339148495,0.0014178817269083765,-4882.162013575435,119171874.63224897,-43.177055632639465,False
577448.8158650398,0.0016507095416136543,0.001128760263213735,0.0014277924018557542,-4861.704894185066,119493074.78536415,-42.78595895310155,False
577748.8158650398,0.0016357576197378032,0.0010598039018816507,0.001436236068897756,-4841.276309847832,119810430.67789388,-42.37826927578591,False
578048.8158650398,0.0016210259055580275,0.0009924169804662597,0.0014432642253652261,-4820.875889763236,120123959.65696014,-41.95432894234352,False
578348.8158648014,0.0016065102325716917,0.0009266688116156274,0.0014489295322661633,-4800.503227889538,120433679.61941731,-41.51448658723417,False
578648.8158648014,0.0015922062750605129,0.000862616551728479,0.0014532852712676458,-4780.157110244036,120739609.01567659,-41.05909572787878,False
578948.815864563,0.0015781101646076489,0.0008003062253010285,0.0014563855184874797,-4759.837654680014,121041766.85366654,-40.58851343691303,False
579248.815864563,0.0015642176834746132,0.000739772691588314,0.0014582841683505876,-4739.543529257178,121340172.70119514,-40.103099090822084,False
579548.815864563,0.001550525009370386,0.0006810408761452891,0.00145903527302238,-4719.2745380699635,121634846.68970723,-39.60321321180043,False
579848.8158643246,0.0015370283984606184,0.0006241262136654768,0.0014586925250981153,-4699.030535519123,121925809.51645389,-39.08921639361446,False
580148.8158643246,0.001523723924288127,0.000569035211725577,0.0014573087911244897,-4678.810523793101,122213082.44645211,-38.56146831660564,False
580448.8158640862,0.0015106080444744821,0.0005157665574131443,0.001454936407846219,-4658.614629328251,122496687.3146907,-38.020326856553275,False
580748.8158640862,0.0014976770193228372,0.0004643114859277375,0.0014516264843678073,-4638.442090794444,122776646.52744451,-37.46614727387578,False
581048.8158640862,0.0014849273059067726,0.0004146547546497459,0.001447429100075226,-4618.292635649443,123052983.06322339,-36.89928149542978,False
581348.8158638477,0.0014723554967867633,0.00036677530229667354,0.0014423931222182773,-4598.166270643473,123325720.4740663,-36.320077474169956,False
581648.8158638477,0.0014599580219143292,0.00032064678777032896,0.0014365658169097628,-4578.0622572898865,123594882.88562407,-35.728878627427996,False
581948.8158636093,0.0014477316576574513,0.00027623849538827017,0.0014299932381334202,-4557.980880588293,123860494.9975429,-35.12602335576629,False
582248.8158636093,0.0014356729406888263,0.00023351567892859748,0.0014227196047400525,-4537.921422153711,124122582.08292824,-34.51184462474453,False
582548.8158633709,0.0014237787601618461,0.0001924404059536755,0.001414787812912266,-4517.884219408035,124381169.98814715,-33.88666962193162,False
582848.8158633709,0.0014120458056638408,0.000152971868971008,0.0014062388709348284,-4497.868757396936,124636285.13167107,-33.25081946711351,False
583148.8158633709,0.0014004709455871954,0.00011506704163366521,0.001397112241740217,-4477.874985784292,124887954.50268221,-32.60460898821451,False
583448.8158631325,0.0013890511689003439,7.868110503750358e-05,0.0013874457807894203,-4457.903117865324,125136205.65988727,-31.94834654483671,False
583748.8158631325,0.00137778329839566,4.376778349524102e-05,0.0013772754551943933,-4437.952648922801,125381066.72914994,-31.28233389992461,False
584048.8158628941,0.0013666644824502003,1.027986934332148e-05,0.0013666358420998392,-4418.024054542184,125622566.40149796,-30.606866141670505,False
584348.8158628941,0.0013556916226174474,-2.183059174853952e-05,0.0013555595818495192,-4398.116822868586,125860733.93004301,-29.92223163652801,False
584648.8158628941,0.0013448619300825148,-5.261185401650437e-05,0.0013440779602120756,-4378.2313740849495,126095599.1275264,-29.228712027442057,False
584948.8158626556,0.0013341725629702407,-8.21122926595308e-05,0.0013322205812329457,-4358.367815941572,126327192.36228542,-28.52658225824479,False
585248.8158626556,0.0013236205754804926,-0.00011038016060638256,0.0013200153531442993,-4338.5257730335,126555544.55489065,-27.816110627133167,False
585548.8158624172,0.0013132033569080426,-0.00013746331177344473,0.0013074889751756302,-4318.705895006657,126780687.17428367,-27.097558871904035,False
585848.8158624172,0.0013029180342874391,-0.0001634091116500258,0.0012946663802217984,-4298.907814905047,127002652.23274326,-26.371182268320943,False
586148.8158621788,0.0012927620592812245,-0.00018826420597406468,0.0012815713779019688,-4279.132157802582,127221472.28166047,-25.637229758582066,False
586448.8158621788,0.0012827326818738237,-0.00021207444879678405,0.00126822617115252,-4259.37874725461,127437180.40599713,-24.895944086746525,False
586748.8158621788,0.0012728273091922775,-0.00023488475639510398,0.0012546517721077066,-4239.64783282578,127649810.21877277,-24.147561958686516,False
587048.8158619404,0.0012630434512515202,-0.00025673903104461715,0.0012408679996376293,-4219.939902409911,127859395.85553317,-23.392314208651904,False
587348.8158619404,0.0012533784497723677,-0.00027768009266537774,0.0012268932550725253,-4200.254771485925,128065971.96769407,-22.630425976443174,False
587648.815861702,0.0012438299439812698,-0.00029774961538464595,0.0012127450492052105,-4180.5931559205055,128269573.71635985,-21.862116900595808,False
587948.815861702,0.0012343953351762577,-0.0003169880851032758,0.0011984395078421528,-4160.954870685935,128470236.7648834,-21.08760130918501,False
588248.815861702,0.0012250722616973784,-0.00033543477428565893,0.0011839919068563631,-4141.340429723263,128667997.27201524,-20.307088427121634,False
588548.8158614635,0.0012158584370031134,-0.0003531277280046652,0.0011694165562836645,-4121.750498190522,128862891.8841809,-19.520782581895826,False
588848.8158614635,0.001206751310349813,-0.0003701037226733206,0.0011547265035609655,-4102.184767097235,129054957.72677997,-18.72888341319517,False
589148.8158612251,0.0011977487022151814,-0.0003863983136227489,0.0011399342269591273,-4082.644070148468,129244232.39683668,-17.931586093041567,False
589448.8158612251,0.0011888481961904876,-0.000402045787041061,0.0011250510627114352,-4063.1283646672964,129430753.95345654,-17.12908153772361,False
589748.8158609867,0.0011800476629715256,-0.00041707922832756594,0.0011100877805354514,-4043.638467475772,129614560.90925562,-16.321556632818904,False
590048.8158609867,0.0011713447315611014,-0.00043153047005262124,0.0010950540902001649,-4024.174311250448,129795692.22034396,-15.509194448276329,False
590348.8158609867,0.001162737305279686,-0.0004454301862040211,0.0010799592036310202,-4004.7366441637278,129974187.27718256,-14.692174465003294,False
590648.8158607483,0.0011542232266601516,-0.0004588078682274954,0.0010648115346469922,-3985.3259281665087,130150085.89376155,-13.870672794718818,False
590948.8158607483,0.0011458002295852226,-0.00047169183409323523,0.0010496186893007575,-3965.942188769579,130323428.2973378,-13.044862400280563,False
591248.8158605099,0.0011374663491926812,-0.0004841093426648513,0.0010343879111971432,-3946.586348205805,130494255.11792271,-12.214913323097717,False
591548.8158605099,0.001129219365835185,-0.0004960865070131604,0.0010191255590754622,-3927.25842140615,130662607.37635767,-11.380992899694256,False
591848.8158605099,0.0011210572869288162,-0.0005076484323751629,0.0010038376195637966,-3907.959077373147,130828526.47335097,-10.543265989069303,False
592148.8158602715,0.0011129781870797895,-0.0005188192196214914,0.0009885295762721569,-3888.68911626935,130992054.17745574,-9.701895192746303,False
592448.8158602715,0.0011049798819165373,-0.0005296219054002904,0.0009732061181129126,-3869.4484331160784,131153232.6121564,-8.857041074565139,False
592748.815860033,0.0010970605404337227,-0.0005400786642439925,0.0009578717691578476,-3850.237971022725,131312104.24431843,-8.008862388182749,False
593048.815860033,0.0010892180994447297,-0.0005502106763515258,0.0009425303389996031,-3831.0578591525555,131468711.8704147,-7.1575162935549885,False
593348.815860033,0.0010814507037021654,-0.0005600382908994561,0.0009271853775292271,-3811.9088077545166,131623098.60376155,-6.303158584931931,False
593648.8158597946,0.0010737565226468493,-0.0005695810074257679,0.0009118400171317376,-3792.7915252000093,131775307.86071992,-5.4459439121702164,False
593948.8158597946,0.0010661335955172528,-0.0005788574505913857,0.0008964968463240908,-3773.7062371224165,131925383.34664,-4.5860260029613364,False
594248.8158595562,0.0010585801613465075,-0.0005878855160403873,0.0008811582467522783,-3754.653717547655,132073369.04179603,-3.723557893589184,False
594548.8158595562,0.001051094285932068,-0.0005966822655523174,0.0008658260556324571,-3735.634128585458,132219309.18660708,-2.8586921503422404,False
594848.8158593178,0.0010436743242905758,-0.0006052641306837359,0.0008505020223066317,-3716.6484510600567,132363248.26723742,-1.991581104614099,False
595148.8158593178,0.0010363183815758135,-0.0006136467315229766,0.0008351873151282163,-3697.6968233138323,132505230.99966446,-1.1223770784209788,False
595448.8158593178,0.001029024786765595,-0.0006218450901087635,0.0008198829832454235,-3678.7799959778786,132645302.31482354,-0.25123262396337964,False
595748.8158590794,0.0010217918879083005,-0.0006298735771110842,0.0008045897768631516,-3659.898700147867,132783507.34252052,0.6216992410941757,False
596048.8158590794,0.0010146179050426736,-0.0006377458662711888,0.0007893080268752684,-3641.053206846118,132919891.39521371,1.4962647945920948,False
596348.815858841,0.0010075012539842352,-0.0006454751003843739,0.0007740379553839993,-3622.2443039417267,133054499.9518362,2.372309359227321,False
596648.815858841,0.0010004401794440107,-0.0006530737425407551,0.0007587793525565267,-3603.4721949398518,133187378.64089,3.249677058173481,False
596948.815858841,0.0009934331468495093,-0.0006605537788573201,0.0007435319432760323,-3584.7376695126295,133318573.22391568,4.128210554232,False
597248.8158586025,0.000986478630323063,-0.0006679266382434434,0.0007282952032472423,-3566.0414645671844,133448129.57796301,5.00775079053292,False
597548.8158586025,0.0009795749366651534,-0.0006752031118253399,0.0007130682153437817,-3547.3837552070618,133576093.67790464,5.888136724637186,False
597848.8158583641,0.0009727206896185864,-0.0006823936166995281,0.000697850105684239,-3528.7655694186687,133702511.57939862,6.769205047831049,False
598148.8158583641,0.0009659141991589549,-0.0006895078730053683,0.0006826394992192064,-3510.18695127964,133827429.39988418,7.6507899079764465,False
598448.8158581257,0.0009591541121805711,-0.000696555262095444,0.0006674350946731522,-3491.648846939206,133950893.301443,8.532722611426543,False
598748.8158581257,0.0009524388514667424,-0.0007035445236169835,0.0006522351870437149,-3473.1514859050512,134072949.47152527,9.414831327835957,False
599048.8158581257,0.0009457670380872532,-0.000710483995959521,0.0006370380374001172,-3454.695592686534,134193644.10479924,10.296940773502111,True
599348.8158578873,0.0009391373160273272,-0.0007173815209853274,0.0006218417276286914,-3436.281880646944,134313023.38406068,11.178871891318984,True
599648.8158578873,0.000932548203120655,-0.0007242443473387539,0.0006066440459164824,-3417.910634726286,134431133.46100926,12.060441518986934,True
599948.8158576488,0.0009259984087338756,-0.0007310793199337695,0.0005914427560664848,-3399.5826060175896,134548020.43720207,12.94146203728503,True
600248.8158576488,0.0009194864747942746,-0.0007378926465264612,0.0005762353104952211,-3381.298006594181,134663730.3443382,13.821741016012073,True
600548.8158576488,0.0009130111592931644,-0.0007446901314835941,0.0005610191677156706,-3363.057576417923,134778309.1250396,14.701080834556262,True
600848.8158574104,0.0009065712290729525,-0.0007514770319403397,0.0005457916285536157,-3344.8620014488697,134891802.61275727,15.57927829481399,True
601148.8158574104,0.0009001652871331425,-0.0007582579155211988,0.0005305497116445679,-3326.7114503085613,135004256.51163077,16.456124218038433,True
601448.815857172,0.00089379224740798,-0.0007650369668397161,0.0005152905288632326,-3308.606860458851,135115716.37706253,17.331403017320472,True
601748.815857172,0.0008874507164435334,-0.0007718175257878102,0.000500010817436447,-3290.548270493746,135226227.594557,18.204892263606116,True
602048.815857172,0.0008811395696888232,-0.0007786024652602919,0.0004847073887255249,-3272.536367803812,135335835.36032373,19.076362221744294,True
602348.8158569336,0.000874857710641288,-0.000785393988536498,0.0004693769496704192,-3254.57183688879,135444584.66047052,19.94557537470995,True
602648.8158569336,0.0008686038656613608,-0.0007921934266050812,0.0004540159663868337,-3236.654824346304,135552520.25021264,20.812285927577467,True
602948.8158566952,0.0008623770372034444,-0.0007990015398604555,0.00043862100298497353,-3218.7861261069775,135659686.6338678,21.676239283262337,True
603248.8158566952,0.0008561759995785326,-0.0008058180714840546,0.00042318837263266573,-3200.965873390436,135766128.04357937,22.53717150781943,True
603548.8158564568,0.000849999835996394,-0.0008126421187171218,0.00040771452773569195,-3183.1949192285538,135871888.41932273,23.394808762062556,True
603848.8158564568,0.0008438473253898265,-0.000819471566046559,0.00039219565182335714,-3165.473267197609,135977011.38727888,24.24886672266906,True
604148.8158564568,0.0008377175132386469,-0.0008263034841320405,0.00037662806692750905,-3147.801527619362,136081540.23994857,25.0990499698029,True
604448.8158562183,0.0008316094731539648,-0.0008331338592881821,0.0003610080852034514,-3130.1803049743176,136185517.91503596,25.945051359796018,True
604748.8158562183,0.0008255221041188846,-0.0008399573217729994,0.00034533190397567637,-3112.609695762396,136288986.97444454,26.78655137575481,True
