seconds_after_cutoff,line_of_sight_error_deg,azimuth_error_deg,elevation_error_deg,range_error_m,reference_range_m,reference_elevation_deg,reference_visible
300.0,6.620088172920669e-07,-2.4181041453630314e-06,4.5048739139019744e-07,-0.20081962645053864,32909997.511142332,-78.42739809378675,False
600.0,7.069557619203636e-07,-2.304515135165275e-06,4.80176680639488e-07,-0.20051367953419685,32866521.378612656,-76.98831443244202,False
900.0,7.513886134911413e-07,-2.2171857949615514e-06,5.082829659386334e-07,-0.1990312859416008,32817942.07813,-75.54685280085288,False
1200.0,7.941592238237626e-07,-2.145689592225608e-06,5.341702689065642e-07,-0.19740844145417213,32764343.88366246,-74.10460210403065,False
1500.0,8.375415014005085e-07,-2.092158297273272e-06,5.59258651833261e-07,-0.19579436630010605,32705810.6250346,-72.6625012153864,False
1800.0,8.801181168320757e-07,-2.045188807642262e-06,5.840731489570317e-07,-0.19496026635169983,32642425.438227255,-71.22108439170144,False
2100.0,9.220874329084051e-07,-2.008641160955449e-06,6.068830202821118e-07,-0.19227709248661995,32574270.531786323,-69.7806219744311,False
2400.0,9.638774716774249e-07,-1.976907014977769e-06,6.298366912460551e-07,-0.19030775874853134,32501426.988387387,-68.34120486130146,False
2700.0,1.0033145600954565e-06,-1.946572410815861e-06,6.50781586841731e-07,-0.1879313699901104,32423974.572338693,-66.90279723808956,False
3000.0,1.0443343469755507e-06,-1.92462582049302e-06,6.722561920469161e-07,-0.18537793308496475,32341991.57522517,-65.46527066039083,False
3300.0,1.082698709842991e-06,-1.9026198287974694e-06,6.913795971286163e-07,-0.1835872232913971,32255554.680884134,-64.02842672668143,False
3600.0,1.1223807935210228e-06,-1.8849315210900386e-06,7.119500509134014e-07,-0.18003066256642342,32164738.852576,-62.5920126022186,False
3900.0,1.1591244096656681e-06,-1.8667256540538801e-06,7.297609556644602e-07,-0.1770324558019638,32069617.259052705,-61.15573187534445,False
4200.0,1.1950205894779828e-06,-1.8492368667466508e-06,7.473972942761975e-07,-0.17431941628456116,31970261.21185665,-59.71925236737547,False
4500.0,1.2315144502535306e-06,-1.836033590052466e-06,7.647774040719924e-07,-0.1704953908920288,31866740.139081243,-58.28221183655755,False
4800.0,1.2667430895433896e-06,-1.82318814268001e-06,7.812578175503404e-07,-0.16770028322935104,31759121.590315916,-56.84422225892878,False
5100.0,1.3019749220059085e-06,-1.8109442976310675e-06,7.987050878455193e-07,-0.16438155248761177,31647471.258088995,-55.40487310574904,False
5400.0,1.3344640067723951e-06,-1.79891725338166e-06,8.12895748936171e-07,-0.1613021306693554,31531853.041238308,-53.963733896565635,False
5700.0,1.367733404525003e-06,-1.7877420646073006e-06,8.29081493236572e-07,-0.15681343898177147,31412329.126459192,-52.52035626501315,False
6000.0,1.3984104724068396e-06,-1.775661388592198e-06,8.431085873894517e-07,-0.15247438475489616,31288960.1092461,-51.07427561980701,False
6300.0,1.4288985705123824e-06,-1.7655040664976696e-06,8.566020994749124e-07,-0.14833909645676613,31161805.133596215,-49.62501256975658,False
6600.0,1.4582073327482918e-06,-1.754675025722463e-06,8.700775779857395e-07,-0.14401007071137428,31030922.066526778,-48.17207412894983,False
6900.0,1.4876598453866408e-06,-1.7454639760217106e-06,8.837115146320684e-07,-0.13968593999743462,30896367.701498177,-46.714954784595065,False
7200.0,1.515045136528209e-06,-1.7351230781059712e-06,8.962906221654521e-07,-0.13383545726537704,30758197.987143796,-45.25313745702189,False
7500.0,1.5403499464346683e-06,-1.723606828818447e-06,9.07934328608917e-07,-0.12902073934674263,30616468.292505346,-43.78609438662545,False
7800.0,1.5660395752753954e-06,-1.715214125397324e-06,9.185576104187021e-07,-0.12291529402136803,30471233.68540095,-42.31328796191575,False
8100.0,1.5901247465736747e-06,-1.705074851088284e-06,9.296342611264663e-07,-0.11690060049295425,30322549.255797323,-40.83417151342877,False
8400.0,1.613036055089325e-06,-1.6959960760232207e-06,9.390339954506999e-07,-0.11111517623066902,30170470.452453963,-39.34819007693178,False
8700.0,1.6334307151858954e-06,-1.684747701347078e-06,9.479451819061069e-07,-0.10408015549182892,30015053.45026374,-37.85478115613926,False
9000.0,1.65234426149898e-06,-1.6735407939449942e-06,9.558216333971359e-07,-0.09621024131774902,29856355.54680571,-36.35337547045925,False
9300.0,1.671572124564371e-06,-1.6653074226269382e-06,9.62371963453279e-07,-0.08867022022604942,29694435.578684293,-34.84339771539265,False
9600.0,1.6869368841499283e-06,-1.6542645653316868e-06,9.670101235315087e-07,-0.08056342601776123,29529354.359661177,-33.32426733415993,False
9900.0,1.6992938054454312e-06,-1.6406469285357161e-06,9.711475144058568e-07,-0.07180139049887657,29361175.146854497,-31.795399314080534,False
10200.0,1.7125295197204237e-06,-1.6304579162351729e-06,9.743119449012738e-07,-0.06275900825858116,29189964.12493892,-30.256205007210873,False
10500.0,1.721218032237104e-06,-1.6172821801774262e-06,9.748949132415419e-07,-0.05423601716756821,29015790.910597242,-28.706092995282035,False
10800.0,1.729605459909294e-06,-1.6065684462773788e-06,9.735109287589694e-07,-0.044458333402872086,28838729.072584376,-27.14447000720925,False
11100.0,1.7328289307304777e-06,-1.5907092745237605e-06,9.714659796600245e-07,-0.03406798839569092,28658856.676870875,-25.570741893323678,False
11400.0,1.7359682126892113e-06,-1.5773050563439028e-06,9.678697487913723e-07,-0.023549512028694153,28476256.8397176,-23.984314673200124,False
11700.0,1.7349329029997026e-06,-1.5628357914465596e-06,9.60080281942055e-07,-0.013497564941644669,28291018.297364734,-22.384595677127557,False
12000.0,1.7337537893254544e-06,-1.5493818636969081e-06,9.524849495790022e-07,-0.0027942396700382233,28103235.985546593,-20.770994803953286,False
12300.0,1.7285563092931018e-06,-1.533049896806915e-06,9.436094998704903e-07,0.00869753584265709,27913011.6334313,-19.14292588577143,False
12600.0,1.7192241477305363e-06,-1.516531312972802e-06,9.294208744847765e-07,0.02000937983393669,27720454.36272638,-17.49980822096813,False
12900.0,1.7074007532041784e-06,-1.4985555196744826e-06,9.148110127199516e-07,0.03190135955810547,27525681.28919954,-15.841068294892866,False
13200.0,1.6934935777061329e-06,-1.4802607211095165e-06,8.988819804045534e-07,0.04274004325270653,27328818.133957416,-14.16614168521673,False
13500.0,1.6750764562884704e-06,-1.4603301963234117e-06,8.79100705120095e-07,0.0542675144970417,27129999.82482697,-12.474475233243574,False
13800.0,1.6549558134766972e-06,-1.4401384191842226e-06,8.586286401879306e-07,0.0660092793405056,26929371.106014106,-10.765529507117625,False
14100.0,1.630955236672885e-06,-1.4179782681367215e-06,8.360493275461067e-07,0.07760264724493027,26727087.13337821,-9.038781584025061,False
14400.0,1.603944753599553e-06,-1.39486058969851e-06,8.113952194577223e-07,0.09019236639142036,26523314.060453866,-7.293728240326542,False
14700.0,1.5739001458633738e-06,-1.371418250073475e-06,7.834788515737046e-07,0.10171910747885704,26318229.616288844,-5.52988958791441,False
15000.0,1.5406183833850063e-06,-1.3457876661959745e-06,7.550461629257654e-07,0.11314842104911804,26112023.653515648,-3.746813246145485,False
15300.0,1.5027123338992328e-06,-1.3182622637941677e-06,7.227232186046706e-07,0.1249932125210762,25904898.68229034,-1.9440791102440926,False
15600.0,1.4620203715235062e-06,-1.288961584577919e-06,6.899920739211751e-07,0.13599485531449318,25697070.37269195,-0.12130485128741342,False
15900.0,1.4179423203570403e-06,-1.258944735127443e-06,6.534902980970259e-07,0.147547896951437,25488768.015875,1.7218477898445208,False
16200.0,1.3704569091841586e-06,-1.2261609185770794e-06,6.168971800057932e-07,0.15802642703056335,25280234.953064635,3.5856657302243806,False
16500.0,1.3188516469498298e-06,-1.1907741281902418e-06,5.781980432217892e-07,0.16871968656778336,25071728.94325379,5.47037619709346,False
16800.0,1.2645978295832288e-06,-1.1546932796591136e-06,5.365323287875867e-07,0.1796618141233921,24863522.483163275,7.376137081257389,False
17100.0,1.2053617902480344e-06,-1.1144693985443155e-06,4.932675281565935e-07,0.1901700608432293,24655903.055738576,9.30302580903573,False
17400.0,1.1443810769982044e-06,-1.0735502371517214e-06,4.4829750933672585e-07,0.1989630125463009,24449173.30262083,11.251026486223804,True
17700.0,1.077807233077894e-06,-1.027122152663651e-06,4.0232262144002107e-07,0.2087608240544796,24243651.1052143,13.220015011808073,True
18000.0,1.0071943762545334e-06,-9.770804183517612e-07,3.5420994137780326e-07,0.21714435517787933,24039669.581328794,15.209741824222856,True
18300.0,9.35363855083263e-07,-9.253061534764129e-07,3.0618557289585624e-07,0.22505808249115944,23837576.95404437,17.219811849118702,True
18600.0,8.587015507338736e-07,-8.678713925291959e-07,2.569721608836062e-07,0.23353536054491997,23637736.30960767,19.249661162828996,True
18900.0,7.770215405787724e-07,-8.040366878958594e-07,2.0634815101061577e-07,0.24009820073843002,23440525.219773144,21.29852973296255,True
19200.0,6.962655011296977e-07,-7.392970928776776e-07,1.5553837684478822e-07,0.24626413360238075,23246335.203671277,23.36542949932052,True
19500.0,6.087549773172843e-07,-6.639829166488198e-07,1.054351024265543e-07,0.25097666680812836,23055571.040778432,25.449106868214177,True
19800.0,5.219872958810443e-07,-5.853897846463951e-07,5.5574272295189076e-08,0.25569530576467514,22868649.89581208,27.5479984757156,True
20100.0,4.315813923993165e-07,-4.965772859577555e-07,7.651376421335954e-09,0.25862060859799385,22686000.265164148,29.660178803558768,True
20400.0,3.411607005281994e-07,-3.9849459199103876e-07,-4.057869062989994e-08,0.26120489835739136,22508060.709771596,31.783297913004127,True
20700.0,2.575591754719576e-07,-2.927500872829114e-07,-8.552514429993607e-08,0.263141930103302,22335278.38774635,33.91450711031167,True
21000.0,1.9155700270344816e-07,-1.7622900827518606e-07,-1.2803596405319695e-07,0.262626051902771,22168107.361529633,36.0503699250845,True
21300.0,1.6714191930501468e-07,-4.7612871867386275e-08,-1.6289839521732574e-07,0.26183146238327026,22007006.67384889,38.18675513528163,True
21600.0,2.0853390338500853e-07,9.578477033755917e-08,-1.9532728856574977e-07,0.25962112843990326,21852438.208048142,40.31870804241744,True
21900.0,2.8879066220811674e-07,2.5257253355448483e-07,-2.2058429749449715e-07,0.25660838931798935,21704864.30930221,42.44029549781446,True
22200.0,3.870553417892343e-07,4.2743144490486884e-07,-2.387684645555055e-07,0.25190507248044014,21564745.193761893,44.5444199177227,True
22500.0,4.93326183585209e-07,6.214455083863868e-07,-2.4739544812746317e-07,0.24656670168042183,21432536.142399497,46.62259751030087,True
22800.0,6.019635995951308e-07,8.333751679856505e-07,-2.4372908313807784e-07,0.23941732943058014,21308684.51161544,48.66469724377733,True
23100.0,7.122179710103527e-07,1.0653681101757684e-06,-2.2609291505659712e-07,0.23152272403240204,21193626.5684725,50.658640379781,True
23400.0,8.267884425961295e-07,1.3228678596988175e-06,-1.9418934016357525e-07,0.2216617502272129,21087784.198976994,52.590067516262465,True
23700.0,9.377411008871289e-07,1.5938784940772166e-06,-1.4228820788275698e-07,0.21228720620274544,20991561.507323105,54.44199341873241,True
24000.0,1.0509068503738967e-06,1.8846116631721088e-06,-7.031701443338534e-08,0.20002831891179085,20905341.37581619,56.19449269402739,True
24300.0,1.1600313521277551e-06,2.1779667918053747e-06,2.322561698520076e-08,0.18791073933243752,20829481.997832794,57.8244944265549,True
24600.0,1.2705130070748902e-06,2.472944970577373e-06,1.4397634373608525e-07,0.17541897296905518,20764313.482061017,59.30581152508926,True
24900.0,1.377765686257448e-06,2.744754226569057e-06,2.894853494694871e-07,0.16103772446513176,20710134.551321723,60.60958196371567,True
25200.0,1.4827044410379396e-06,2.975956590489659e-06,4.5668088688444186e-07,0.14601514860987663,20667209.4071574,61.70532881016477,True
25500.0,1.5847966409325942e-06,3.137369731120998e-06,6.49422517540188e-07,0.1303831748664379,20635764.82924129,62.5628061834866,True
25800.0,1.6836506330104192e-06,3.20609467507893e-06,8.593556515279488e-07,0.11460571363568306,20615987.554463875,63.15463191397253,True
26100.0,1.7775761024330287e-06,3.1648256424432475e-06,1.0770193981102238e-06,0.09814957901835442,20608021.99866971,63.459397961189886,True
26400.0,1.8656536985756662e-06,3.0041008471926034e-06,1.2959449620097985e-06,0.08070527017116547,20611968.363554724,63.46459312583772,True
26700.0,1.9514713985968445e-06,2.742050810411456e-06,1.5087748863606976e-06,0.06299886479973793,20627881.172075216,63.168492487588495,True
27000.0,2.0332135033978194e-06,2.4102191673591733e-06,1.7035391053354942e-06,0.04522303491830826,20655768.265047595,62.58037564855172,True
27300.0,2.1091130166738715e-06,2.0270048821657838e-06,1.8777684545057127e-06,0.026870213449001312,20695590.275020644,61.719002835048414,True
27600.0,2.179013010580028e-06,1.6263510360658984e-06,2.027578482000081e-06,0.00838594138622284,20747260.5852347,60.60988595618382,True
27900.0,2.2441007109218455e-06,1.23746329450114e-06,2.1532362595166887e-06,-0.009952731430530548,20810645.774593372,59.2821874695267,True
28200.0,2.3007222303119997e-06,8.739995394080324e-07,2.252999266261213e-06,-0.028062108904123306,20885566.52947132,57.76596991627332,True
28500.0,2.354735319601873e-06,5.492937305007217e-07,2.334709940043922e-06,-0.046555254608392715,20971798.997774653,56.09018133610587,True
28800.0,2.3988924629438166e-06,2.649911721164244e-07,2.393898917318893e-06,-0.06560279056429863,21069076.547358774,54.281432859156375,True
29100.0,2.439819202480541e-06,1.752610501171148e-08,2.4397957290034356e-06,-0.0837881751358509,21177091.886658985,52.36342855628974,True
29400.0,2.476308039992841e-06,-1.9053592836826283e-07,2.473322474827455e-06,-0.10250934585928917,21295499.503165837,50.35684574058719,True
29700.0,2.5023942340935133e-06,-3.6245108958610217e-07,2.490741749738845e-06,-0.12064643204212189,21423918.350416433,48.27948247791166,True
30000.0,2.5249290588933914e-06,-5.104524234411656e-07,2.5000397272378905e-06,-0.1389659158885479,21561934.746828713,46.14653761097265,True
30300.0,2.542110990842909e-06,-6.299626988948148e-07,2.5013547642060985e-06,-0.15621666982769966,21709105.412039246,43.970937129730736,True
30600.0,2.550199021020842e-06,-7.29270567489948e-07,2.4915096830113725e-06,-0.1737489514052868,21864960.602892637,41.76365784650405,True
30900.0,2.554657296628241e-06,-8.077419124674634e-07,2.4775359577233758e-06,-0.18988119065761566,22029007.27874682,39.534024167150186,True
31200.0,2.554373763654503e-06,-8.743199373384414e-07,2.4578401891517387e-06,-0.2069690003991127,22200732.27182343,37.28996863521774,True
31500.0,2.546740042713084e-06,-9.274671697312442e-07,2.4308897437208543e-06,-0.22206462919712067,22379605.391494773,35.038254950694814,True
31800.0,2.53432466000971e-06,-9.674729710695829e-07,2.4002578484783044e-06,-0.2370792031288147,22565082.462226924,32.784666223431245,True
32100.0,2.5170555625530413e-06,-1.0004919204220641e-06,2.364943028965172e-06,-0.2518206313252449,22756608.228440024,30.53416278675608,True
32400.0,2.4957358531335746e-06,-1.0257491851461964e-06,2.326560064602745e-06,-0.26628634333610535,22953619.128647503,28.29101417334261,True
32700.0,2.4682209848639137e-06,-1.0437290427489643e-06,2.2831932362521457e-06,-0.27889131382107735,23155545.907422673,26.058909625550285,True
33000.0,2.4367273901567895e-06,-1.0562714010120544e-06,2.237009994132677e-06,-0.29126957803964615,23361816.063202932,23.84105091639552,True
33300.0,2.4013279461931927e-06,-1.063725136418725e-06,2.1883204901484987e-06,-0.302812147885561,23571856.10746166,21.640230715457594,True
33600.0,2.364169931150982e-06,-1.068567286210964e-06,2.1387332154176875e-06,-0.31315817311406136,23785093.65023883,19.458899120969427,True
33900.0,2.3204600751572235e-06,-1.0677234740796848e-06,2.0845402417535297e-06,-0.3236038386821747,24000959.303544555,17.299220527769197,True
34200.0,2.2756112725557753e-06,-1.0651517357018747e-06,2.03014328548079e-06,-0.33252086117863655,24218888.401416495,15.163122538113214,True
34500.0,2.2261334315289335e-06,-1.0591730017495138e-06,1.9725723028329867e-06,-0.33981844037771225,24438322.55787487,13.052338362096268,True
34800.0,2.1759533949662525e-06,-1.0514816892737144e-06,1.9155116515179316e-06,-0.3472021855413914,24658711.0576812,10.968443773509641,True
35100.0,2.1212542142602014e-06,-1.0402025907296775e-06,1.8557130605501015e-06,-0.353860579431057,24879512.08910164,8.912889583471678,False
35400.0,2.0627073855678528e-06,-1.0273070927269146e-06,1.7929241105107963e-06,-0.3592293784022331,25100193.84084941,6.88703031094395,False
35700.0,2.0052310917515936e-06,-1.015842400420297e-06,1.7310462059327847e-06,-0.3636089600622654,25320235.465060137,4.892149672530688,False
36000.0,1.9443304102971283e-06,-1.0003753061482712e-06,1.6680179490968783e-06,-0.36733732745051384,25539127.918302108,2.929483371148111,False
36300.0,1.881244668064772e-06,-9.844708870332397e-07,1.6031824361384395e-06,-0.37082425132393837,25756374.694173995,1.000239539608343,False
36600.0,1.817455696649066e-06,-9.67173576782443e-07,1.5388139482652718e-06,-0.372544527053833,25971492.455567613,-0.8943828293913566,False
36900.0,1.7509235970385078e-06,-9.466025971960335e-07,1.4736839495377296e-06,-0.3748360313475132,26184011.586989067,-2.753177221660873,False
37200.0,1.6836943108987216e-06,-9.280702784053574e-07,1.4067664393380142e-06,-0.3750586174428463,26393476.654491145,-4.5749145400400115,False
37500.0,1.6161807846922038e-06,-9.093141954963357e-07,1.339898938468309e-06,-0.3755488470196724,26599446.816016622,-6.358329496469086,False
37800.0,1.5479514434902061e-06,-8.898237808807608e-07,1.2728294862540679e-06,-0.37464873120188713,26801496.15311473,-8.102108362783234,False
38100.0,1.478189990973604e-06,-8.686201908858493e-07,1.205165979456524e-06,-0.3734113872051239,26999213.96661347,-9.804878051333489,False
38400.0,1.4076990538265717e-06,-8.481652002956253e-07,1.1360702885099272e-06,-0.3712765574455261,27192205.016814973,-11.46519651647757,False
38700.0,1.3372163261276214e-06,-8.27906120548505e-07,1.0666923362379066e-06,-0.3691854327917099,27380089.73326523,-13.081544525198838,False
39000.0,1.267761726557544e-06,-8.079812516825768e-07,9.980770290241026e-07,-0.3661760315299034,27562504.386054836,-14.652318875612767,False
39300.0,1.1971655912503528e-06,-7.881667727360764e-07,9.274753587362738e-07,-0.36271850019693375,27739101.237193417,-16.17582719457725,False
39600.0,1.1281057384329962e-06,-7.689979781844158e-07,8.576891019629329e-07,-0.358432050794363,27909548.664390065,-17.65028449835145,False
39900.0,1.058854915313639e-06,-7.502838741402229e-07,7.863600579582908e-07,-0.3542344532907009,28073531.271431915,-19.07381169101211,False
40200.0,9.935709083592718e-07,-7.349320583216468e-07,7.162112467540283e-07,-0.3484629653394222,28230749.978336364,-20.444436283374642,False
40500.0,9.279093700365914e-07,-7.187978496858705e-07,6.444793250182101e-07,-0.3431953676044941,28380922.110681113,-21.76009555908283,False
40800.0,8.67927988274033e-07,-7.070374010709202e-07,5.743122670764933e-07,-0.33662010356783867,28523781.466720372,-23.018642515025146,False
41100.0,8.088093105784816e-07,-6.952302271656663e-07,5.02155248938152e-07,-0.3301999941468239,28659078.393415287,-24.21785481556861,False
41400.0,7.56678879593858e-07,-6.874790869915159e-07,4.319806876651455e-07,-0.322662353515625,28786579.84545893,-25.355447078482847,False
41700.0,7.090181476680453e-07,-6.805985606206377e-07,3.622946742609656e-07,-0.31493010371923447,28906069.453158244,-26.429086662667938,False
42000.0,6.702782231363167e-07,-6.792058684368385e-07,2.930736791029176e-07,-0.3071919046342373,29017347.581852708,-27.436413157285276,False
42300.0,6.390173172128822e-07,-6.800296716846788e-07,2.2438111813016803e-07,-0.2984328493475914,29120231.394436598,-28.375061592370827,False
42600.0,6.168441713674039e-07,-6.841844140126341e-07,1.5523752594504003e-07,-0.2892967388033867,29214554.918892838,-29.24268928978726,False
42900.0,6.045319604534627e-07,-6.906105625148484e-07,8.954643249126093e-08,-0.2804718241095543,29300169.11388241,-30.037006100989338,False
43200.0,6.050211231215624e-07,-7.035616533812572e-07,2.2329192717052138e-08,-0.2703171782195568,29376941.936795063,-30.755807546602774,False
43500.0,6.142950589429983e-07,-7.18066615945645e-07,-4.099171491134257e-08,-0.25957221537828445,29444758.422646843,-31.397010236911417,False
43800.0,6.333005665452611e-07,-7.366519128026994e-07,-1.0221365798201987e-07,-0.24862555414438248,29503520.759714015,-31.95868861149804,False
44100.0,6.622700925481194e-07,-7.606093390677415e-07,-1.6289109794342949e-07,-0.23687846586108208,29553148.371734105,-32.43911196635484,False
44400.0,6.962943240791145e-07,-7.860218147470732e-07,-2.205849440883867e-07,-0.22523582726716995,29593578.007895686,-32.83678048242498,False
44700.0,7.384656352769055e-07,-8.176555468253355e-07,-2.769347560160895e-07,-0.21226873248815536,29624763.831249792,-33.15045888755537,False
45000.0,7.83335115947113e-07,-8.502640298502229e-07,-3.3090536533109116e-07,-0.20051555335521698,29646677.522004075,-33.37920639692036,False
45300.0,8.333499238040447e-07,-8.886344176062266e-07,-3.8163624793696727e-07,-0.18813597038388252,29659308.370816916,-33.52240159931249,False
45600.0,8.856855791750346e-07,-9.292515414927038e-07,-4.302233165276448e-07,-0.17518849298357964,29662663.39117321,-33.57976116528178,False
45900.0,9.400707117511616e-07,-9.728224199534452e-07,-4.758482390343488e-07,-0.16305212303996086,29656767.42908084,-33.551351514344354,False
46200.0,9.973974033976195e-07,-1.019442692040684e-06,-5.206650257605361e-07,-0.14966509491205215,29641663.272381496,-33.43759290276534,False
46500.0,1.0540895992901084e-06,-1.0666596494957048e-06,-5.61415092192874e-07,-0.13740824908018112,29617411.77602019,-33.239255821121795,False
46800.0,1.1124730346106897e-06,-1.1163322994889313e-06,-6.001791703624804e-07,-0.12388619035482407,29584091.972930398,-32.957449941058215,False
47100.0,1.1689216124884083e-06,-1.165392546909061e-06,-6.342972511674816e-07,-0.11179310083389282,29541801.20600063,-32.59360630455608,False
47400.0,1.2283217710982531e-06,-1.217706568468202e-06,-6.677126052068161e-07,-0.09884849563241005,29490655.24124786,-32.149453691970926,False
47700.0,1.2867008902801948e-06,-1.2689026220868982e-06,-6.987398037949788e-07,-0.08608602732419968,29430788.39946502,-31.626990435589537,False
48000.0,1.3445285779821821e-06,-1.3197213775129057e-06,-7.272260553747856e-07,-0.0727250874042511,29362353.67338072,-31.02845300398122,False
48300.0,1.4030539630896586e-06,-1.3720289473440062e-06,-7.529185879207034e-07,-0.05986524000763893,29285522.85118106,-30.356282800218175,False
48600.0,1.45990678602688e-06,-1.4216117847354326e-06,-7.77058744461101e-07,-0.04635925590991974,29200486.628134783,-29.613092531351164,False
48900.0,1.5162576552808073e-06,-1.4702753787787515e-06,-7.99427027686761e-07,-0.033688295632600784,29107454.7212774,-28.801633404797993,False
49200.0,1.572573554521e-06,-1.5186133452971262e-06,-8.201124579443331e-07,-0.02036360651254654,29006655.96552532,-27.92476421382456,False
49500.0,1.62682715872691e-06,-1.5650590512450435e-06,-8.375525446524534e-07,-0.007528647780418396,28898338.410419792,-26.98542318344992,False
49800.0,1.6821690823827243e-06,-1.6117444374685874e-06,-8.548076131376092e-07,0.006050221621990204,28782769.392855737,-25.98660320837275,False
50100.0,1.733555797293597e-06,-1.6530680682080856e-06,-8.707127889806543e-07,0.019272156059741974,28660235.602895048,-24.931330937724347,False
50400.0,1.7840840718286666e-06,-1.6937436839725706e-06,-8.844215528824861e-07,0.033025652170181274,28531043.120231703,-23.82264991797496,False
50700.0,1.834097411809974e-06,-1.7329917056940758e-06,-8.980821775139702e-07,0.04695482924580574,28395517.43373752,-22.663607886398687,False
51000.0,1.8818953392621786e-06,-1.7694499092613114e-06,-9.107934104690685e-07,0.060794439166784286,28254003.42726347,-21.457248169200383,False
51300.0,1.9281612959371313e-06,-1.8039034443972923e-06,-9.23020433418742e-07,0.07404208928346634,28106865.332649197,-20.206605015452524,False
51600.0,1.971689934004874e-06,-1.8346100887356442e-06,-9.356516805780757e-07,0.0884760208427906,27954486.639529623,-18.914702666502407,False
51900.0,2.013917189370755e-06,-1.8648477180249756e-06,-9.463715038293685e-07,0.10260281711816788,27797269.966286067,-17.584557901644253,False
52200.0,2.0533399700199923e-06,-1.8914338966169453e-06,-9.580110642559703e-07,0.11729181557893753,27635636.865617506,-16.219185769378505,False
52500.0,2.08803922121753e-06,-1.91318969200438e-06,-9.69091757951901e-07,0.13185903802514076,27470027.577475775,-14.821608253897482,False
52800.0,2.12283678346774e-06,-1.9348396165241866e-06,-9.817018611357753e-07,0.14639084413647652,27300900.70484149,-13.394865567366773,False
53100.0,2.151458697668966e-06,-1.9512331164150964e-06,-9.922097490289161e-07,0.16066529601812363,27128732.812512297,-11.94202983907793,False
53400.0,2.178713938533622e-06,-1.965547539839463e-06,-1.005437335166448e-06,0.1758105345070362,26954017.932580337,-10.466220908866605,False
53700.0,2.2035776127645832e-06,-1.978012448944355e-06,-1.0189939718685537e-06,0.19079873710870743,26777266.973651487,-8.970624034181641,False
54000.0,2.221875870412865e-06,-1.984281084332906e-06,-1.0323304966419755e-06,0.2059331052005291,26599007.01021783,-7.458509213570731,False
54300.0,2.2372473972566982e-06,-1.9881237562913157e-06,-1.0463627511114737e-06,0.21992628648877144,26419780.4536908,-5.93325190935834,False
54600.0,2.249760725681245e-06,-1.98959452291092e-06,-1.0612343501748e-06,0.23431213945150375,26240144.079160336,-4.39835488911815,False
54900.0,2.2576514906486917e-06,-1.9869309539899405e-06,-1.0765253546374254e-06,0.24893878400325775,26060667.911856934,-2.857470871988336,False
55200.0,2.2603662785215998e-06,-1.9785028655405767e-06,-1.0940026922146018e-06,0.2634686790406704,25881933.94630467,-1.314425615491515,False
55500.0,2.2574004562358904e-06,-1.965540150195011e-06,-1.1102113705030447e-06,0.27779901400208473,25704534.693688996,0.22675898321392476,False
55800.0,2.2517179949101524e-06,-1.9495097944854933e-06,-1.1283785130711266e-06,0.2906586565077305,25529071.547541108,1.7618423361268785,False
56100.0,2.2424688778185826e-06,-1.9304845295664563e-06,-1.1463609284056986e-06,0.3043716810643673,25356152.950490583,3.2863437739579133,False
56400.0,2.22436918731408e-06,-1.9027217206257774e-06,-1.1630867637890674e-06,0.3171929195523262,25186392.373330694,4.795523154538417,False
56700.0,2.204008814458437e-06,-1.8725030201949266e-06,-1.180423638835748e-06,0.3293723054230213,25020406.075376563,6.284364405130808,False
57000.0,2.179004843373632e-06,-1.837097016732514e-06,-1.1976938445457108e-06,0.3405531756579876,24858810.666756406,7.7475631327609795,False
57300.0,2.1490003282353884e-06,-1.7955605926545104e-06,-1.2149954606854863e-06,0.35113392770290375,24702220.462004296,9.179519642545378,False
57600.0,2.111890573481226e-06,-1.7470677846631588e-06,-1.2290746003174036e-06,0.3620452582836151,24551244.636897616,10.574338853518288,True
57900.0,2.0712031875009404e-06,-1.6950277768046362e-06,-1.2407466911668052e-06,0.3710874877870083,24406484.201797605,11.925838794484909,True
58200.0,2.025684239232677e-06,-1.63616189752247e-06,-1.2516130674100623e-06,0.38011742010712624,24268528.794157356,13.227569428437802,True
58500.0,1.9744197483191164e-06,-1.571612386896959e-06,-1.2580315082999505e-06,0.38799407333135605,24137953.338220857,14.4728436072937,True
58800.0,1.9189350595756603e-06,-1.500186613156984e-06,-1.2631801080686955e-06,0.3956841267645359,24015314.57469732,15.65478187002454,True
59100.0,1.8572340173592148e-06,-1.4233208389669016e-06,-1.2617671210080061e-06,0.4019786901772022,23901147.517464317,16.76637246074561,True
59400.0,1.7924138966338485e-06,-1.3411807913144003e-06,-1.2578098491644596e-06,0.40648143365979195,23795961.862287343,17.800547567819912,True
59700.0,1.7241663945267374e-06,-1.256223242762644e-06,-1.2480832154437849e-06,0.4106576256453991,23700238.404096015,18.750275932144657,True
60000.0,1.6488863389735775e-06,-1.166064123481192e-06,-1.2297379043957335e-06,0.41439683362841606,23614425.51761136,19.608671118525322,True
60300.0,1.5718346042138859e-06,-1.0727176231739577e-06,-1.2080362239430542e-06,0.41683485731482506,23538935.748664223,20.369113448690026,True
60600.0,1.4886388742123982e-06,-9.753578069648938e-07,-1.1777865225326423e-06,0.4176630564033985,23474142.578520983,21.02538221463827,True
60900.0,1.403392196322522e-06,-8.802173283584125e-07,-1.1399391652844315e-06,0.4171745888888836,23420377.422324907,21.571793456689964,True
61200.0,1.3160476071078612e-06,-7.847968106489134e-07,-1.096599447691915e-06,0.41627103090286255,23377926.91874653,22.003337174286273,True
61500.0,1.2235548985058668e-06,-6.901281608406862e-07,-1.0437814097485898e-06,0.4131634719669819,23347030.569403097,22.315806940554943,True
61800.0,1.1279150769576329e-06,-5.977648243060685e-07,-9.834756937721068e-07,0.4101789779961109,23327878.76489458,22.50591444748181,True
62100.0,1.032032656171568e-06,-5.135951255397231e-07,-9.166099452784238e-07,0.4055618867278099,23320611.26585647,22.57138168927077,True
62400.0,9.352634460507742e-07,-4.354635905201576e-07,-8.443254095880093e-07,0.3989456854760647,23325316.144934557,22.51100456087482,True
62700.0,8.331192166777845e-07,-3.630499350038008e-07,-7.62430655498747e-07,0.3924473226070404,23342029.232162517,22.324683331011673,True
63000.0,7.342695635317e-07,-3.016432117419754e-07,-6.789303483856202e-07,0.38395364955067635,23370734.080413878,22.01341777283949,True
63300.0,6.314870652953253e-07,-2.4587188818259165e-07,-5.886427452139742e-07,0.37419286742806435,23411362.430803485,21.579267200602214,True
63600.0,5.324217425520086e-07,-2.0327468064351706e-07,-4.974648035727114e-07,0.36430834606289864,23463795.19094091,21.02527833543989,True
63900.0,4.3200862444962176e-07,-1.6830335880513303e-07,-4.021600652492907e-07,0.352206215262413,23527863.895966966,20.355385891049707,True
64200.0,3.3650904042798515e-07,-1.4747774912393652e-07,-3.064798939078628e-07,0.339675210416317,23603352.60807331,19.574292490462117,True
64500.0,2.433057132029525e-07,-1.3375870366871823e-07,-2.0770887942944682e-07,0.3269737809896469,23690000.23633473,18.687335182429937,True
64800.0,1.6885374560980177e-07,-1.327401264461514e-07,-1.1189469617534087e-07,0.3123684599995613,23787503.210383568,17.700346005034962,True
65100.0,1.3583346818837838e-07,-1.4037544815437286e-07,-1.8906249010797183e-08,0.29813287034630775,23895518.451809455,16.619513334980716,True
65400.0,1.6555828136340132e-07,-1.544068481962313e-07,7.252799072432481e-08,0.2831212319433689,24013666.604946073,15.451249805803117,True
65700.0,2.357762463372708e-07,-1.7755127146301675e-07,1.6113203038514712e-07,0.26619671657681465,24141535.44292915,14.202071173698265,True
66000.0,3.18780498371035e-07,-2.0774621134478366e-07,2.4618390348507546e-07,0.25029390677809715,24278683.399706636,12.87848911647844,True
66300.0,4.066990964720179e-07,-2.456671950312739e-07,3.2778844172298705e-07,0.23359693959355354,24424643.183994632,11.486919636189278,True
66600.0,4.907424416636607e-07,-2.8506295279839833e-07,4.0253435251713654e-07,0.21688775718212128,24578925.392083723,10.033607581905814,True
66900.0,5.788503006528826e-07,-3.3368365848218673e-07,4.755728006955451e-07,0.20012838393449783,24741022.097049456,8.524566878581686,False
67200.0,6.609982212118947e-07,-3.823568022198742e-07,5.411765195972862e-07,0.18268395587801933,24910410.3561002,6.965535459847255,False
67500.0,7.433045045995038e-07,-4.3720450548789813e-07,6.025138681309272e-07,0.1669134683907032,25086555.59854969,5.36194336043096,False
67800.0,8.213372157667494e-07,-4.919829734717496e-07,6.584571865531075e-07,0.14952310174703598,25268914.878568996,3.7188923415542483,False
68100.0,8.970125077078817e-07,-5.495713537584379e-07,7.092150062781855e-07,0.13340426236391068,25456939.934883907,2.0411452292665144,False
68400.0,9.69551901591351e-07,-6.087277029109828e-07,7.546482554965372e-07,0.11809204146265984,25650080.080291864,0.3331232676043775,False
68700.0,1.038628775766579e-06,-6.677281305655924e-07,7.957106473721609e-07,0.10156586393713951,25847784.87502165,-1.4010901285937747,False
69000.0,1.1045386623421349e-06,-7.28380086911784e-07,8.313109844948485e-07,0.08707667142152786,26049506.58221627,-3.15774065427565,False
69300.0,1.168307534424098e-06,-7.897175180460181e-07,8.636556199093093e-07,0.07167651876807213,26254702.42545146,-4.9333906974208634,False
69600.0,1.2262411714692761e-06,-8.505613777742838e-07,8.888945162155437e-07,0.05733753368258476,26462836.607973862,-6.724904269918783,False
69900.0,1.2815885962591968e-06,-9.112940517752577e-07,9.111975138864636e-07,0.04339776560664177,26673382.13882484,-8.529430212238388,False
70200.0,1.3346809912365954e-06,-9.718888236420753e-07,9.312687385687468e-07,0.029216069728136063,26885822.443569716,-10.344384345663435,False
70500.0,1.382808634587453e-06,-1.031568359621815e-06,9.462024710416017e-07,0.016258779913187027,27099652.779113535,-12.167431184916271,False
70800.0,1.4273491208468178e-06,-1.0912561378972896e-06,9.571553878373606e-07,0.004291918128728867,27314381.468190268,-13.996465656365261,False
71100.0,1.4671125115406883e-06,-1.1481931210255425e-06,9.654877075604418e-07,-0.00836079940199852,27529530.954897147,-15.829595143302939,False
71400.0,1.5034868786194751e-06,-1.2061866527801612e-06,9.69307972553679e-07,-0.020751915872097015,27744638.693514813,-17.6651221212105,False
71700.0,1.5375471759054016e-06,-1.2645942604194715e-06,9.711196575779013e-07,-0.03135426715016365,27959257.8928096,-19.501527571072952,False
72000.0,1.5658793827419925e-06,-1.3199936006458302e-06,9.696786555934978e-07,-0.04317282512784004,28172958.125056427,-21.3374552618365,False
72300.0,1.5907307931391642e-06,-1.37535994326754e-06,9.652426129491687e-07,-0.05365457385778427,28385325.793561026,-23.17169700199564,False
72600.0,1.611416465632548e-06,-1.4282507549978618e-06,9.597855594734028e-07,-0.06386187672615051,28595964.50478292,-25.00317887580361,False
72900.0,1.627643713367592e-06,-1.4821295053479844e-06,9.487052068379853e-07,-0.07390253618359566,28804495.323141243,-26.830948466202905,False
73200.0,1.6404360577926467e-06,-1.5342146468810824e-06,9.372589246936514e-07,-0.08399910479784012,29010556.93833406,-28.65416308191487,False
73500.0,1.6494620770971505e-06,-1.586459234204085e-06,9.225665422718521e-07,-0.09324875473976135,29213805.746970773,-30.47207889799513,False
73800.0,1.6568076803139283e-06,-1.6399545188505726e-06,9.070885624851144e-07,-0.1025974489748478,29413915.86405883,-32.28404103297241,False
74100.0,1.656740185086797e-06,-1.689222557388348e-06,8.87536444338366e-07,-0.1119779497385025,29610579.062571976,-34.08947445596978,False
74400.0,1.6550746626387135e-06,-1.7413406112609664e-06,8.654406826735794e-07,-0.12140551954507828,29803504.658442352,-35.88787571437307,False
74700.0,1.6491746371776677e-06,-1.7904723392803135e-06,8.436190270799671e-07,-0.12995022535324097,29992419.34173675,-37.67880538748812,False
75000.0,1.6402927492335616e-06,-1.8410116524592013e-06,8.187358488953578e-07,-0.13834840059280396,30177066.965948056,-39.46188121580336,False
75300.0,1.6284952536014245e-06,-1.8926664324681042e-06,7.913906188150577e-07,-0.14630179852247238,30357208.291984852,-41.23677186579313,False
75600.0,1.6115979758050448e-06,-1.9419720445057465e-06,7.617710267027178e-07,-0.15456389635801315,30532620.701904442,-43.003191236243225,False
75900.0,1.5917039657973077e-06,-1.9916709277367772e-06,7.304732037027861e-07,-0.16183138266205788,30703097.876810987,-44.76089326302027,False
76200.0,1.5693792495730654e-06,-2.042399160018249e-06,6.979354054692521e-07,-0.16927007213234901,30868449.455656257,-46.50966715188237,False
76500.0,1.5432679255529254e-06,-2.091493456646276e-06,6.648667394415497e-07,-0.17658332735300064,31028500.662312403,-48.24933297562625,False
76800.0,1.513918365797551e-06,-2.1413617048438027e-06,6.2909658282706e-07,-0.18419209867715836,31183091.91854497,-49.9797375609525,False
77100.0,1.481927139035286e-06,-2.192349882079725e-06,5.915290515190463e-07,-0.19117670133709908,31332078.435236916,-51.70075060115095,False
77400.0,1.4485059932725058e-06,-2.2463153186436102e-06,5.526793458443535e-07,-0.19743739813566208,31475329.79270483,-53.41226088917627,False
77700.0,1.4100097104550862e-06,-2.2965801633745286e-06,5.126511126718469e-07,-0.2041288986802101,31612729.50626764,-55.11417258120503,False
78000.0,1.3723636591685153e-06,-2.3536249784683605e-06,4.7228239452579146e-07,-0.21103152260184288,31744174.577593263,-56.80640136160629,False
78300.0,1.3297423375810808e-06,-2.407475534482728e-06,4.2999148774924834e-07,-0.21606500819325447,31869575.038681522,-58.48887034082458,False
78600.0,1.2862225631226106e-06,-2.4651660055496905e-06,3.8719294082056877e-07,-0.22251616790890694,31988853.495526742,-60.16150548121386,False
78900.0,1.2414896226411766e-06,-2.5268420529300784e-06,3.4316590813432413e-07,-0.22815167903900146,32101944.64695024,-61.82423023029595,False
79200.0,1.1935091958717213e-06,-2.587640608453512e-06,2.9868521522757874e-07,-0.23392781615257263,32208794.817504555,-63.47695895021267,False
79500.0,1.1455143905767322e-06,-2.655092004033577e-06,2.537086629672558e-07,-0.23936694860458374,32309361.4726023,-65.11958849519337,False
79800.0,1.096214776695798e-06,-2.7266842437256855e-06,2.0823560475946579e-07,-0.24576694518327713,32403612.738031503,-66.7519869871724,False
80100.0,1.0477961553190403e-06,-2.8092563866266573e-06,1.6106788791603321e-07,-0.25036435946822166,32491526.90790379,-68.37397829052603,False
80400.0,9.972083680846078e-07,-2.893963483074913e-06,1.155552951104255e-07,-0.25584881380200386,32573091.96630347,-69.98531979816849,False
80700.0,9.48442944235508e-07,-2.9945373967166233e-06,6.894794069012278e-08,-0.26172352582216263,32648305.08996184,-71.58566953524412,False
81000.0,9.003698109666063e-07,-3.1095268582248536e-06,2.3037102891976247e-08,-0.2672773189842701,32717172.16252216,-73.1745358064827,False
81300.0,8.52917784597907e-07,-3.2417011652796646e-06,-2.316146208158898e-08,-0.2718254551291466,32779707.28683282,-74.75119719336422,False
81600.0,8.098336548455621e-07,-3.4105632948921993e-06,-6.876543068301544e-08,-0.2765684984624386,32835932.30038837,-76.31457024984998,False
81900.0,7.70004359074286e-07,-3.6241549707938248e-06,-1.1087746543125832e-07,-0.2820401005446911,32885876.288656346,-77.86298031694885,False
82200.0,7.342914563356738e-07,-3.901334821421187e-06,-1.5346920179126755e-07,-0.2874101772904396,32929575.103326913,-79.39374248392764,False
82500.0,7.051956752858583e-07,-4.292250650905771e-06,-1.9155561403749743e-07,-0.2920222021639347,32967070.886643507,-80.9023446769712,False
82800.0,6.844216086179653e-07,-4.879568081150865e-06,-2.2326801740746305e-07,-0.29646219685673714,32998411.59990419,-82.38072741057636,False
83100.0,6.71337267950714e-07,-5.810258443261773e-06,-2.4210490323639533e-07,-0.30111419409513474,33023650.55489699,-83.8133121934026,False
83400.0,6.691390819523998e-07,-7.430982861933444e-06,-2.3611633537257148e-07,-0.30626144260168076,33042845.953155868,-85.16682543037943,False
83700.0,6.771342319462832e-07,-1.03163757216862e-05,-1.7313591627043934e-07,-0.3102252222597599,33056060.430376694,-86.36185182849805,False
84000.0,6.94441090497357e-07,-1.4215420350183194e-05,1.5070142467266123e-08,-0.31430310010910034,33063360.615624316,-87.200574882345,False
84300.0,7.211458159531906e-07,-1.386383911494704e-05,3.2382739334479993e-07,-0.31830669939517975,33064816.69002108,-87.33610253519586,False
84600.0,7.574391016333066e-07,-8.907888712883505e-06,5.561199571957332e-07,-0.32165467739105225,33060501.960784398,-86.69054353642946,False
84900.0,7.999563105189404e-07,-5.63590396041036e-06,6.731362844902833e-07,-0.3255438320338726,33050492.44706784,-85.60160147895597,False
85200.0,8.504881344795398e-07,-4.128850832785247e-06,7.460283910631915e-07,-0.3284916803240776,33034866.47084924,-84.32370159673621,False
85500.0,9.055326424883067e-07,-3.4101185519830324e-06,8.033936609308512e-07,-0.3313610181212425,33013704.269942384,-82.9627490647613,False
85800.0,9.654310618813984e-07,-3.0529178047800087e-06,8.551943864176792e-07,-0.33383089676499367,32987087.61607634,-81.56175786502563,False
86100.0,1.027327435788265e-06,-2.8549442845360318e-06,9.035480559305142e-07,-0.33603910356760025,32955099.452757165,-80.14011335354117,False
86400.0,1.0921364656171661e-06,-2.747380619894102e-06,9.504381637270853e-07,-0.3382500186562538,32917823.546762045,-78.707491330214,False
86700.0,1.227932702925014e-06,-2.6497679073145264e-06,1.080203205106045e-06,-0.29991789534687996,32875344.115583915,-77.26911588611937,False
87000.0,1.2914914857487794e-06,-2.6165846804815374e-06,1.1214027892947342e-06,-0.3005090393126011,32827745.674422964,-75.82796509035822,False
87300.0,1.3572218764513577e-06,-2.6001439721312636e-06,1.1628668659113828e-06,-0.3003891445696354,32775112.50157949,-74.38579108357096,False
87600.0,1.4243467799476366e-06,-2.5974782147386577e-06,1.203459135012963e-06,-0.30119533464312553,32717528.52304844,-72.94363097181812,False
87900.0,1.4919225136820003e-06,-2.6018171581654315e-06,1.2427457676267295e-06,-0.30096636712551117,32655077.012372594,-71.50208120974142,False
88200.0,1.5602514275547763e-06,-2.6089072662216495e-06,1.281746378367643e-06,-0.3008393235504627,32587840.363523815,-70.06145330506071,False
88500.0,1.6296246823620498e-06,-2.61986434679784e-06,1.3204763860130697e-06,-0.30029574781656265,32515899.87470628,-68.62186650379381,False
88800.0,1.6988662343336472e-06,-2.6311565761716338e-06,1.3583415210405292e-06,-0.30016734823584557,32439335.563165177,-67.18330524789464,False
89100.0,1.7674462365803205e-06,-2.6392617655801587e-06,1.395860451225417e-06,-0.2999020926654339,32358225.998335328,-65.74565606451004,False
89400.0,1.8355143812147684e-06,-2.6495117140257207e-06,1.4317062522195556e-06,-0.29847198352217674,32272648.16349818,-64.30873198373311,False
89700.0,1.9036768786352902e-06,-2.6606519440974807e-06,1.4670211783140985e-06,-0.2979416698217392,32182677.345702384,-62.872289159421726,False
90000.0,1.9715203146660956e-06,-2.66876639898328e-06,1.5028663753469118e-06,-0.29610466957092285,32088387.041033596,-61.43603845830071,False
90300.0,2.036966052873641e-06,-2.6762951961245562e-06,1.5357584999264873e-06,-0.2937471605837345,31989848.90140993,-59.99965373140347,False
90600.0,2.102667211506293e-06,-2.6854269208342885e-06,1.568268814367002e-06,-0.2924404926598072,31887132.699353773,-58.562777865210215,False
90900.0,2.167520170014161e-06,-2.692839501605704e-06,1.6004982512640709e-06,-0.289518766105175,31780306.31787374,-57.12502727824801,False
91200.0,2.229640056904263e-06,-2.697049239941407e-06,1.630850185563304e-06,-0.2864901088178158,31669435.782106955,-55.685995355156074,False
91500.0,2.291791048821297e-06,-2.7026154896248045e-06,1.660868605313226e-06,-0.2826515771448612,31554585.30481288,-54.245255126149125,False
91800.0,2.3506283282606514e-06,-2.7035946459363913e-06,1.6893359813252573e-06,-0.27871615812182426,31435817.370765567,-52.80236139243522,False
92100.0,2.4076412247600343e-06,-2.706149388131962e-06,1.7149233357827143e-06,-0.2739628069102764,31313192.843706883,-51.35685246738648,False
92400.0,2.464800025861247e-06,-2.707013123881552e-06,1.7424005562816092e-06,-0.2689351476728916,31186771.10794959,-49.90825163520582,False
92700.0,2.5176145138019723e-06,-2.7061747118750645e-06,1.7656063704407643e-06,-0.263576865196228,31056610.234490804,-48.45606837701236,False
93000.0,2.5690484521650057e-06,-2.7048337472024286e-06,1.7880422618077318e-06,-0.25682593882083893,30922767.177538212,-46.999799481062524,False
93300.0,2.6170373177936756e-06,-2.6999069291377964e-06,1.809059746449293e-06,-0.2500525861978531,30785298.00362103,-45.538930006248464,False
93600.0,2.6630253675714978e-06,-2.6971311513079854e-06,1.8266806378619549e-06,-0.24280065298080444,30644258.14143866,-44.07293418066036,False
93900.0,2.705245243985688e-06,-2.689545766543233e-06,1.8436473894212213e-06,-0.23422206938266754,30499702.665435985,-42.60127624511659,False
94200.0,2.7447645949707977e-06,-2.6814128659680136e-06,1.8584294778634103e-06,-0.22587476670742035,30351686.6082806,-41.1234112413718,False
94500.0,2.7829823287626927e-06,-2.6752234703053546e-06,1.8710458391524298e-06,-0.2166202925145626,30200265.29238929,-39.63878578907776,False
94800.0,2.8161070838371675e-06,-2.663409304659581e-06,1.882330742830618e-06,-0.20707903429865837,30045494.69727951,-38.14683884170469,False
95100.0,2.8468957215344234e-06,-2.652870989550138e-06,1.8906131629137235e-06,-0.19657115638256073,29887431.84489773,-36.64700243521355,False
95400.0,2.874437231230832e-06,-2.6397094075036875e-06,1.8980547835667494e-06,-0.185724139213562,29726135.21523663,-35.13870245045983,False
95700.0,2.8984280163985087e-06,-2.6266657187079545e-06,1.9017788090991417e-06,-0.17456572502851486,29561665.181096897,-33.62135937265793,False
96000.0,2.91790626773285e-06,-2.611381432870985e-06,1.9026115012366063e-06,-0.16184984892606735,29394084.466684245,-32.09438908883977,False
96300.0,2.9358493806585888e-06,-2.595952906858656e-06,1.9031695792648406e-06,-0.15035995841026306,29223458.633632675,-30.557203703457073,False
96600.0,2.948854176944189e-06,-2.5777935945825448e-06,1.9009142810944013e-06,-0.13789353892207146,29049856.57290622,-29.009212386825794,False
96900.0,2.957303351569785e-06,-2.558395124196977e-06,1.8950245390669807e-06,-0.12334249913692474,28873351.030640222,-27.449822285327418,False
97200.0,2.9626530059094556e-06,-2.5379922590218484e-06,1.8875901695025732e-06,-0.10986465588212013,28694019.148456547,-25.878439485239184,False
97500.0,2.965580409518863e-06,-2.5187475785060087e-06,1.8773524850246304e-06,-0.09613248333334923,28511943.007664014,-24.294470041415053,False
97800.0,2.9626064353398304e-06,-2.494486750492797e-06,1.865753624485933e-06,-0.08065887913107872,28327210.200646825,-22.69732110553046,False
98100.0,2.9568502186618725e-06,-2.4708815828944353e-06,1.8514754707155134e-06,-0.06619364768266678,28139914.414603535,-21.08640214732173,False
98400.0,2.9453895789106564e-06,-2.4454702725051902e-06,1.832706566062825e-06,-0.049949970096349716,27950156.01141794,-19.461126307987893,False
98700.0,2.931568477419115e-06,-2.419645312556895e-06,1.8132216403898838e-06,-0.0342235192656517,27758042.63608344,-17.820911904855258,False
99000.0,2.9120548978765074e-06,-2.3905974728677393e-06,1.7911108081136717e-06,-0.018393542617559433,27563689.812345847,-16.165184092698702,False
99300.0,2.8892438514907736e-06,-2.361360486702324e-06,1.7666227272172819e-06,-0.0010778233408927917,27367221.55180711,-14.493376748796498,False
99600.0,2.8604147536057207e-06,-2.3300696625483397e-06,1.7376526137979909e-06,0.015489120036363602,27168770.965797562,-12.80493458549966,False
99900.0,2.8295384119493493e-06,-2.2988874093243794e-06,1.7079997096658417e-06,0.03229837119579315,26968480.863549486,-11.099315555994927,False
100200.0,2.7905018385302573e-06,-2.2630498506259755e-06,1.6737473824690596e-06,0.05010855197906494,26766504.354873154,-9.375993565243222,False
100500.0,2.7486822725498443e-06,-2.2271140096563613e-06,1.6379136003052963e-06,0.06727778539061546,26563005.442091454,-7.6344615898477075,False
100800.0,2.702024677631125e-06,-2.1888009200665692e-06,1.600084367225918e-06,0.08529260382056236,26358159.590797324,-5.874235215200161,False
101100.0,2.648714735767704e-06,-2.148170779037173e-06,1.5571070699493816e-06,0.10308513045310974,26152154.29389276,-4.094856696900603,False
101400.0,2.592192843644186e-06,-2.106586265426813e-06,1.5129044301787076e-06,0.1209782063961029,25945189.603151925,-2.2958996262063174,False
101700.0,2.5282141174264236e-06,-2.0606470911843644e-06,1.4648871778932815e-06,0.13857026770710945,25737478.638559062,-0.47697426125422465,False
102000.0,2.4601459134720917e-06,-2.014118706483714e-06,1.4134838342005906e-06,0.1554173342883587,25529248.060556468,1.3622663204127192,False
102300.0,2.3865874198815114e-06,-1.9632240082501085e-06,1.361516606124269e-06,0.1723155565559864,25320738.500769794,3.2221191548638606,False
102600.0,2.3059776735762757e-06,-1.9096154630915407e-06,1.3037446420227639e-06,0.18955732136964798,25112204.947538253,5.102823262918,False
102900.0,2.2198461449282304e-06,-1.853092925330202e-06,1.242912342824809e-06,0.20568496361374855,24903917.074711125,7.004550251217776,False
103200.0,2.128366936984608e-06,-1.7924742508057534e-06,1.1808282867065145e-06,0.22091368958353996,24696159.50077353,8.927393493063754,False
103500.0,2.0313623333306933e-06,-1.7272071488605434e-06,1.1177241834303686e-06,0.235964085906744,24489231.97801885,10.87135561793699,True
103800.0,1.928419940947701e-06,-1.6576999541939585e-06,1.0518882795906848e-06,0.25019630044698715,24283449.497548364,12.836334035699535,True
104100.0,1.8190988732187693e-06,-1.5839290199437528e-06,9.820771751378743e-07,0.2631548158824444,24079142.294887565,14.822104156578414,True
104400.0,1.7044041768144155e-06,-1.5038532410471817e-06,9.126709237250452e-07,0.2757265977561474,23876655.74818035,16.82829990327003,True
104700.0,1.5836925729371633e-06,-1.4187613999183668e-06,8.398892816785519e-07,0.2871069386601448,23676350.16026791,18.854391049368218,True
105000.0,1.4584819809183857e-06,-1.3276556387609162e-06,7.673422075527014e-07,0.29768335074186325,23478600.401493784,20.899656743611853,True
105300.0,1.328591295495926e-06,-1.2284947388252476e-06,6.968992316558342e-07,0.3066146485507488,23283795.4110216,22.96315455033397,True
105600.0,1.1925438505748013e-06,-1.1216561404125969e-06,6.240916015087805e-07,0.31429896131157875,23092337.53286391,25.043684088172,True
105900.0,1.051730764765413e-06,-1.0053181824787316e-06,5.529702917783652e-07,0.32096612453460693,22904641.681885734,27.139744156061333,True
106200.0,9.062471132795342e-07,-8.79184511859421e-07,4.825541388697729e-07,0.32639186829328537,22721134.32173936,29.249482038761013,True
106500.0,7.587161757626257e-07,-7.431582389472169e-07,4.159717192919743e-07,0.3302587568759918,22542252.24303167,31.37063326245818,True
106800.0,6.097008903679281e-07,-5.960195608167851e-07,3.531523233846201e-07,0.3331872299313545,22368441.1308916,33.50044976475033,True
107100.0,4.577754068414758e-07,-4.3307767327860347e-07,2.9269283174926386e-07,0.3339058980345726,22200153.91758464,35.63561390105022,True
107400.0,3.140973237509182e-07,-2.561095016062609e-07,2.401544421104518e-07,0.33286847174167633,22037848.903531812,37.77213518146029,True
107700.0,1.9840021365063476e-07,-6.00231260250439e-08,1.9298337150530642e-07,0.331909142434597,21881987.65402623,39.90522604688344,True
108000.0,1.9180497020631945e-07,1.5182092738541542e-07,1.5514942930394682e-07,0.3283286914229393,21733032.674058493,42.02915230654477,True
108300.0,3.022872981597136e-07,3.826929457773076e-07,1.2627437939727315e-07,0.3236401304602623,21591444.8464442,44.13705351565894,True
108600.0,4.5475465832963534e-07,6.370551659529156e-07,1.1192064164333715e-07,0.31757571920752525,21457680.67335408,46.22072845479613,True
108900.0,6.198015882755527e-07,9.157378713098296e-07,1.1237078467729589e-07,0.3100952133536339,21332189.31507486,48.27038190996695,True
109200.0,7.886632096182312e-07,1.2179438044768176e-06,1.268005220822488e-07,0.3011475168168545,21215409.45914139,50.27433170515447,True
109500.0,9.592938633098423e-07,1.5423780155288114e-06,1.6534465885342797e-07,0.2912891022861004,21107766.04623493,52.21868121297485,True
109800.0,1.1314208945179366e-06,1.890675605409342e-06,2.2418465306373037e-07,0.27948300167918205,21009666.89268171,54.08697452830288,True
110100.0,1.3022423271862313e-06,2.255181811960938e-06,3.06535582694778e-07,0.26571784913539886,20921499.24450887,55.85987203982837,True
110400.0,1.4741333451621108e-06,2.6302260494048824e-06,4.213219000348545e-07,0.2516388073563576,20843626.318369176,57.51491686123564,True
110700.0,1.6405549278897313e-06,2.9917795814071724e-06,5.663599225158578e-07,0.23535454645752907,20776383.886713278,59.026507920616844,True
111000.0,1.8046530054873177e-06,3.324477603428022e-06,7.447751571021399e-07,0.21904081106185913,20720076.94596891,60.36624738155301,True
111300.0,1.9664729780362345e-06,3.6032257639817544e-06,9.548410915272143e-07,0.2006799317896366,20674976.556083787,61.503866945371975,True
111600.0,2.1237366058764595e-06,3.7898324194429733e-06,1.1954950238646234e-06,0.18108954653143883,20641316.8805005,62.4089154091354,True
111900.0,2.276411676081418e-06,3.857607168811228e-06,1.4581223055643022e-06,0.16044263169169426,20619292.511118084,63.053251352703924,True
112200.0,2.422625183589742e-06,3.7841346625100414e-06,1.7323418362025222e-06,0.1387055329978466,20609056.119012035,63.414099906206694,True
112500.0,2.5638191440795642e-06,3.5624214547169686e-06,2.0105868401287808e-06,0.11568890139460564,20610716.484771628,63.47707154199591,True
112800.0,2.6979242315225015e-06,3.204389201982849e-06,2.2796728984531e-06,0.0924842357635498,20624336.948637202,63.238307782273566,True
113100.0,2.8237260630769847e-06,2.7409917606746603e-06,2.528543127766625e-06,0.06709706410765648,20649934.320280794,62.705044310901165,True
113400.0,2.944662346415887e-06,2.220593160018325e-06,2.7525760657454157e-06,0.04259255900979042,20687478.25193021,61.894396859381125,True
113700.0,3.0551567405780506e-06,1.6743200035307382e-06,2.9441551703257574e-06,0.016772083938121796,20736891.11631056,60.8308053063742,True
114000.0,3.158513990546235e-06,1.1513806157381623e-06,3.104124886021964e-06,-0.009939312934875488,20798048.351321027,59.542943804610914,True
114300.0,3.252998651854746e-06,6.623133117500402e-07,3.234074384295127e-06,-0.03613481670618057,20870779.286055196,58.060864968528755,True
114600.0,3.3374312897077476e-06,2.20289706476251e-07,3.3352057258184686e-06,-0.06288929656147957,20954868.41628162,56.41383308843008,True
114900.0,3.413940276889558e-06,-1.6677788039487496e-07,3.412574940853119e-06,-0.09010481089353561,21050057.08638417,54.628957313622486,True
115200.0,3.482814524184829e-06,-4.969080293903971e-07,3.469791089116825e-06,-0.11714886128902435,21156045.546772048,52.73051144861904,True
115500.0,3.540888214533754e-06,-7.73459703395929e-07,3.50689312256236e-06,-0.14331121370196342,21272495.33337249,50.73974268605692,True
115800.0,3.59228541229267e-06,-1.0070255882510537e-06,3.5302026830663635e-06,-0.17032276466488838,21399031.918019474,48.67497920427677,True
116100.0,3.633810529526743e-06,-1.2039767511851096e-06,3.538225840316045e-06,-0.19602255523204803,21535247.562914062,46.55189221224026,True
116400.0,3.6657071079868514e-06,-1.3613834255465918e-06,3.5342320217068846e-06,-0.22175631672143936,21680704.34531833,44.38381764948272,True
116700.0,3.689743865258954e-06,-1.4928136522485147e-06,3.5200196961682195e-06,-0.24622369185090065,21834937.270072296,42.182082480212806,True
117000.0,3.7055448686516505e-06,-1.5997238165255112e-06,3.496768528066241e-06,-0.27047956734895706,21997457.442368835,39.956307432163925,True
117300.0,3.7139239889203156e-06,-1.6883434739156655e-06,3.4654615745921546e-06,-0.29365187510848045,22167755.232207034,37.714674563126124,True
117600.0,3.7132244295102872e-06,-1.7561534946253232e-06,3.4266800383875307e-06,-0.316328976303339,22345303.40442044,35.46415722549954,True
117900.0,3.7055429636002144e-06,-1.810556909731531e-06,3.3817683373627005e-06,-0.3378561995923519,22529560.163182136,33.21071460499148,True
118200.0,3.6905326836744302e-06,-1.8512190251840366e-06,3.3316576839581558e-06,-0.35785145685076714,22719972.09000985,30.95945495825486,True
118500.0,3.6704870397943373e-06,-1.8828123415914888e-06,3.2780768286500006e-06,-0.37784476205706596,22915976.94600179,28.714772169531315,True
118800.0,3.6415907402308375e-06,-1.9035203706607717e-06,3.218415219663484e-06,-0.3964448794722557,23117006.31247291,26.480460053181332,True
119100.0,3.6068354961441213e-06,-1.9196202174498467e-06,3.1537923028679415e-06,-0.4132681265473366,23322488.07158311,24.25980829278102,True
119400.0,3.5663476622280305e-06,-1.9256775374287827e-06,3.0876341341468105e-06,-0.4300186149775982,23531848.706803914,22.05568335678635,True
119700.0,3.519748482078202e-06,-1.9288012538254407e-06,3.0163153574847e-06,-0.4450177997350693,23744515.415502556,19.87059713410717,True
120000.0,3.469947032827558e-06,-1.9285651546852023e-06,2.943675735167517e-06,-0.4591304808855057,23959918.051471002,17.706765495620914,True
120300.0,3.4126370747017733e-06,-1.9202934424811247e-06,2.8677712382574327e-06,-0.4720527343451977,24177490.879505407,15.56615864250323,True
120600.0,3.3527677330106257e-06,-1.9110134701350034e-06,2.7904606874074034e-06,-0.4838320054113865,24396674.162683573,13.450544647602358,True
120900.0,3.2865518177092982e-06,-1.8970517601246684e-06,2.709664622457808e-06,-0.49506042897701263,24616915.583608005,11.36152740180753,True
121200.0,3.2180808478982423e-06,-1.881412345028366e-06,2.6284569347723163e-06,-0.5045778565108776,24837671.507791247,9.30057987453907,False
121500.0,3.1438063181944793e-06,-1.8620610262587434e-06,2.543964774837093e-06,-0.5128266736865044,25058408.10770317,7.269073486101634,False
121800.0,3.0679392284179403e-06,-1.8414300768654357e-06,2.4596695560319404e-06,-0.5208781510591507,25278602.3485034,5.268304162917147,False
122100.0,2.9877477019154587e-06,-1.8202379123977153e-06,2.3715703627580353e-06,-0.5269410870969296,25497742.848552253,3.2995156221254187,False
122400.0,2.9058136198452162e-06,-1.798328355562262e-06,2.2828929311380364e-06,-0.5327447094023228,25715330.63837022,1.3639202320087214,False
122700.0,2.821164345066686e-06,-1.7745671812008368e-06,2.1932069066421533e-06,-0.5369016453623772,25930879.806198653,-0.5372821757666613,False
123000.0,2.7337988217021296e-06,-1.7480337248798605e-06,2.1031893040479588e-06,-0.5397905372083187,26143918.065344192,-2.4028873284926484,False
123300.0,2.644643212318893e-06,-1.7221253187926777e-06,2.011111685185085e-06,-0.5427748039364815,26353987.23623482,-4.231671148711794,False
123600.0,2.556108843325806e-06,-1.6971605418802937e-06,1.9196468903359687e-06,-0.5439584627747536,26560643.65487996,-6.022375878246945,False
123900.0,2.46521329968219e-06,-1.6709240924228652e-06,1.8265732837363657e-06,-0.5437783785164356,26763458.52985238,-7.773697566490245,False
124200.0,2.3733906978967894e-06,-1.6450161410830333e-06,1.7321602410191872e-06,-0.5429730452597141,26962018.238448214,-9.484274903875214,False
124500.0,2.281088403616579e-06,-1.6193621945603809e-06,1.6368077169204298e-06,-0.5405015051364899,27155924.577008482,-11.15267936603967,False
124800.0,2.190325395033789e-06,-1.5951155205584655e-06,1.5419426038221218e-06,-0.5385874174535275,27344794.979290415,-12.77740671675946,False
125100.0,2.1004653079429883e-06,-1.5711394212303276e-06,1.4474973841771543e-06,-0.5337761230766773,27528262.687817816,-14.356869940882829,False
125400.0,2.0090457137488375e-06,-1.5466160903088166e-06,1.3503851317153703e-06,-0.5293781645596027,27705976.918985695,-15.889393731979993,False
125700.0,1.9223764235850128e-06,-1.525093011878198e-06,1.255785601728121e-06,-0.523551169782877,27877602.980972473,-17.373210708167708,False
126000.0,1.836074124662312e-06,-1.5028299458208494e-06,1.1607680185932168e-06,-0.5166270025074482,28042822.392309934,-18.80645951637255,False
126300.0,1.7540525386642232e-06,-1.4850322997972398e-06,1.0648953292502483e-06,-0.508506041020155,28201332.975662794,-20.18718511539646,False
126600.0,1.6732340107323056e-06,-1.4667531331724604e-06,9.683320989495314e-07,-0.5004854127764702,28352848.944445465,-21.51334146231806,False
126900.0,1.5996736849036274e-06,-1.4535457637521176e-06,8.734886627337346e-07,-0.4912385456264019,28497100.97482933,-22.782796900549034,False
127200.0,1.529761391039012e-06,-1.4415697648928472e-06,7.78242103649518e-07,-0.4809839203953743,28633836.279630795,-23.993342524104012,False
127500.0,1.466695583772375e-06,-1.4325358108635555e-06,6.851926315221135e-07,-0.46989888325333595,28762818.67224529,-25.14270381466189,False
127800.0,1.4086962781742705e-06,-1.4259403258165548e-06,5.901436814781391e-07,-0.45934654399752617,28883828.630997732,-26.228555748856298,False
128100.0,1.3613867264120158e-06,-1.4251913853513543e-06,4.979890455558689e-07,-0.44695715606212616,28996663.35648117,-27.24854159225844,False
128400.0,1.3200279372001137e-06,-1.4259039176067745e-06,4.0410775881127847e-07,-0.43447788432240486,29101136.842085995,-28.200295388629247,False
128700.0,1.2915140056165544e-06,-1.433351371815661e-06,3.144541302901871e-07,-0.42139339447021484,29197079.931797072,-29.081468156477317,False
129000.0,1.2716059087569627e-06,-1.443598023342929e-06,2.2479190420199302e-07,-0.40796301513910294,29284340.389790397,-29.889757487513474,False
129300.0,1.2635233464465467e-06,-1.4599005453419522e-06,1.34912244931229e-07,-0.3950391635298729,29362782.96991213,-30.622940203644255,False
129600.0,1.2673020596004647e-06,-1.481721113805179e-06,4.903672135014858e-08,-0.38037291914224625,29432289.48531584,-31.27890739148296,False
129900.0,1.2806816069276475e-06,-1.5071113068643172e-06,-3.825219252462375e-08,-0.3654111996293068,29492758.8926992,-31.855700962578233,False
130200.0,1.306194920527092e-06,-1.5391548799925658e-06,-1.2449637409872594e-07,-0.35107066854834557,29544107.369942483,-32.35155072776703,False
130500.0,1.3423401011940888e-06,-1.577137993535871e-06,-2.0745451223547207e-07,-0.33558961376547813,29586268.400458653,-32.76491069831541,False
130800.0,1.386616802548133e-06,-1.6188087386126426e-06,-2.888793488864394e-07,-0.3199814632534981,29619192.86988582,-33.0944932978455,False
131100.0,1.440973529018072e-06,-1.6679920236128964e-06,-3.6685964488469835e-07,-0.30403053015470505,29642849.15807473,-33.33930010799817,False
131400.0,1.503440787515543e-06,-1.7227359876414994e-06,-4.4334006332746867e-07,-0.28887082263827324,29657223.242332216,-33.49864779181977,False
131700.0,1.5715315601871617e-06,-1.7819934043927788e-06,-5.150365396389134e-07,-0.2729716934263706,29662318.798572786,-33.57218805194712,False
132000.0,1.6473063953490005e-06,-1.8473575664756936e-06,-5.863533871774962e-07,-0.2560666911303997,29658157.31465108,-33.55992066086108,False
132300.0,1.7262414043126138e-06,-1.9155193626829714e-06,-6.528678113681963e-07,-0.2407551258802414,29644778.205244277,-33.46219902125473,False
132600.0,1.8095228002850447e-06,-1.988071346659126e-06,-7.155603256592258e-07,-0.22307449951767921,29622238.919119615,-33.27972798756569,False
132900.0,1.8959221962899571e-06,-2.063581462152797e-06,-7.747515198275323e-07,-0.20731836557388306,29590615.073487557,-33.01355419576687,False
133200.0,1.9846669290309112e-06,-2.140899681535302e-06,-8.31044083327015e-07,-0.1901957355439663,29550000.55984027,-32.665049458680606,False
133500.0,2.0757675798525627e-06,-2.220233540128902e-06,-8.842557122079597e-07,-0.1723487749695778,29500507.678459544,-32.23588815835829,False
133800.0,2.169919573386729e-06,-2.3025664859233075e-06,-9.343426938812627e-07,-0.1548960618674755,29442267.258276686,-31.72801981419209,False
134100.0,2.2615819906722847e-06,-2.381391794870069e-06,-9.80110396398004e-07,-0.13754525035619736,29375428.777471192,-31.143638178949075,False
134400.0,2.3567625690435787e-06,-2.463790934825738e-06,-1.0229170968045764e-06,-0.11965510994195938,29300160.484837517,-30.485148268719236,False
134700.0,2.451484354039238e-06,-2.5443896731758286e-06,-1.0632191305148808e-06,-0.10180291160941124,29216649.517905917,-29.755132723043722,False
135000.0,2.5457962441261357e-06,-2.6236987764605146e-06,-1.1003656226193925e-06,-0.0833262987434864,29125102.011468694,-28.95631876029823,False
135300.0,2.6386997579073257e-06,-2.7000091620266176e-06,-1.1353883913045593e-06,-0.06387830898165703,29025743.202453963,-28.091546836325058,False
135600.0,2.729287787252574e-06,-2.7731279317322333e-06,-1.166878394798232e-06,-0.045141030102968216,28918817.524881534,-27.163741919803716,False
135900.0,2.8204693838464798e-06,-2.8456369136620197e-06,-1.197143657094557e-06,-0.02541321888566017,28804588.684854463,-26.175888052019758,False
136200.0,2.9094352135825547e-06,-2.9144475774955936e-06,-1.225886130384879e-06,-0.006315823644399643,28683339.731675982,-25.13100668405821,False
136500.0,2.9951907665105926e-06,-2.9781828061459237e-06,-1.2540451379550177e-06,0.014072868973016739,28555373.095814977,-24.03213904281463,False
136800.0,3.0794056880016212e-06,-3.0399514230339264e-06,-1.2801122544203736e-06,0.03427162393927574,28421010.617032237,-22.88233264901145,False
137100.0,3.1610736462851265e-06,-3.0982746181962284e-06,-1.3052429430615575e-06,0.054531875997781754,28280593.53218207,-21.684631940204792,False
137400.0,3.240318633422536e-06,-3.1531996569356124e-06,-1.3303497112815421e-06,0.07501804083585739,28134482.43656012,-20.44207288189987,False
137700.0,3.314652021526088e-06,-3.2023858693719376e-06,-1.3550217232705108e-06,0.0959116667509079,27983057.204137277,-19.157681351291497,False
138000.0,3.3857647186897834e-06,-3.2483884524481255e-06,-1.378824631359521e-06,0.11735627055168152,27826716.86232329,-17.834475042514356,False
138300.0,3.4551311801304297e-06,-3.2916965437834733e-06,-1.4050494847595019e-06,0.13843202218413353,27665879.414938707,-16.475468619763696,False
138600.0,3.51861663192927e-06,-3.329972031451689e-06,-1.4292901742152253e-06,0.1596042476594448,27500981.601096764,-15.08368185571771,False
138900.0,3.578993039958175e-06,-3.365039162872563e-06,-1.4551375127069832e-06,0.18169353902339935,27332478.588355232,-13.66215043714314,False
139200.0,3.6352151239286372e-06,-3.3953959359678265e-06,-1.4839427411317274e-06,0.20325147360563278,27160843.58892315,-12.21393922517642,False
139500.0,3.6861136103765694e-06,-3.421380398549445e-06,-1.5127006456339132e-06,0.22472313791513443,26986567.380489632,-10.742157682311264,False
139800.0,3.7326845674671237e-06,-3.4438351406151924e-06,-1.542521587793999e-06,0.24635959044098854,26810157.733984713,-9.249977218690365,False
140100.0,3.772886488171218e-06,-3.4608781902534247e-06,-1.5729856697177524e-06,0.2671748958528042,26632138.729649175,-7.740650240241333,False
140400.0,3.808716064281718e-06,-3.4736926011191827e-06,-1.606646869767303e-06,0.2888989597558975,26453049.945645776,-6.217530625624821,False
140700.0,3.839155075567221e-06,-3.4820561154447205e-06,-1.641722478851193e-06,0.3106180317699909,26273445.521369796,-4.684095386351322,False
141000.0,3.863886988079643e-06,-3.4858649371471984e-06,-1.677772063946037e-06,0.3313932567834854,26093893.065891165,-3.1439671839257515,False
141300.0,3.882956676746734e-06,-3.4853673582802003e-06,-1.7143653994189378e-06,0.35269178450107574,25914972.40754954,-1.60093737161519,False
141600.0,3.8957403736431916e-06,-3.4781480451329116e-06,-1.7547911782545e-06,0.3738654553890228,25737274.179778434,-0.0589891257535198,False
141900.0,3.899379527512664e-06,-3.463441885287466e-06,-1.7937970699932748e-06,0.394137192517519,25561398.218850136,1.4776798274824277,False
142200.0,3.898662054600273e-06,-3.4438435250194743e-06,-1.8363259846054802e-06,0.4144999012351036,25387951.770580083,3.0046355665384397,False
142500.0,3.891916868157184e-06,-3.4185363517735823e-06,-1.8796582397229145e-06,0.4344704933464527,25217547.50329577,4.517188109839776,False
142800.0,3.876657970357559e-06,-3.3847940130726784e-06,-1.9228254464209726e-06,0.45417676493525505,25050801.31121452,6.010374321988192,False
143100.0,3.851511248718222e-06,-3.3417972815641406e-06,-1.9636019503721514e-06,0.4723885916173458,24888329.915228873,7.478944653461503,False
143400.0,3.821971330580093e-06,-3.2926949415923445e-06,-2.006522457520532e-06,0.49036362394690514,24730748.252469514,8.917355025933015,False
143700.0,3.7832341536471427e-06,-3.2330418093806657e-06,-2.0483510176916297e-06,0.5078486874699593,24578666.67382155,10.319765302569133,True
144000.0,3.737496490374799e-06,-3.1651340748339862e-06,-2.0883945381910962e-06,0.5241936780512333,24432687.946850594,11.680046027895314,True
144300.0,3.6843739081465723e-06,-3.0875658580953314e-06,-2.126817145509108e-06,0.540446512401104,24293404.08413802,12.991795156897938,True
144600.0,3.622371794262068e-06,-3.0004471511801967e-06,-2.1596891794928297e-06,0.5545568913221359,24161393.02667444,14.248366580593979,True
144900.0,3.55122019944798e-06,-2.901438250546562e-06,-2.1885418650668953e-06,0.5679548308253288,24037215.19203633,15.442912189761769,True
145200.0,3.4749048971614583e-06,-2.7948968863711343e-06,-2.2133040644689572e-06,0.5803028494119644,23921409.944861934,16.568438934754735,True
145500.0,3.3887915562129406e-06,-2.677415608332012e-06,-2.229808824694146e-06,0.5907432548701763,23814492.011816286,17.617881953086233,True
145800.0,3.295915578679106e-06,-2.5491590349702165e-06,-2.2416199776387202e-06,0.5998978056013584,23716947.89309055,18.584194147578007,True
146100.0,3.195909222979192e-06,-2.4157701261628972e-06,-2.241793811919024e-06,0.6069048568606377,23629232.3275384,19.460451610970654,True
146400.0,3.0871879825790017e-06,-2.2717279080097796e-06,-2.2333019451536984e-06,0.613094050437212,23551764.855302352,20.239973233012982,True
146700.0,2.9727895373104263e-06,-2.1223150952209835e-06,-2.2152504719485933e-06,0.6168931871652603,23484926.55152906,20.916451329858457,True
147000.0,2.8524910132182767e-06,-1.971184417470795e-06,-2.1845647211193864e-06,0.6191607974469662,23429056.971315593,21.484088832002143,True
147300.0,2.7271396025379002e-06,-1.8164762991546013e-06,-2.1443524751418863e-06,0.6200355961918831,23384451.383452587,21.93773717138733,True
147600.0,2.5954946130980557e-06,-1.6601623258338805e-06,-2.0919825161058725e-06,0.6179568134248257,23351358.338324092,22.273027938904004,True
147900.0,2.458999637362457e-06,-1.5078996398187883e-06,-2.0262091418032924e-06,0.6150807961821556,23329977.617094833,22.48649088916454,True
148200.0,2.320199966201312e-06,-1.361615090900159e-06,-1.950019687058102e-06,0.609028983861208,23320458.626991056,22.575650908607443,True
148500.0,2.1755519101608293e-06,-1.2209129067741742e-06,-1.8604878313510653e-06,0.6026331968605518,23322899.24735055,22.539097436649328,True
148800.0,2.0315591183164734e-06,-1.0900276663505792e-06,-1.763878525906648e-06,0.5936687588691711,23337345.190890074,22.376521475073396,True
149100.0,1.8842710425504498e-06,-9.740531936586194e-07,-1.6540442011603318e-06,0.5830154195427895,23363789.857160892,22.088717414167938,True
149400.0,1.7385535869304038e-06,-8.691315542819211e-07,-1.5395606389745353e-06,0.5712068565189838,23402174.711942986,21.677549584848137,True
149700.0,1.5911134485035602e-06,-7.755477611226524e-07,-1.4171948414798408e-06,0.5571090988814831,23452390.17067594,21.14588580983457,True
150000.0,1.4452618160355446e-06,-7.005297391060594e-07,-1.287716163034247e-06,0.5418836586177349,23514276.96307403,20.49750267088673,True
150300.0,1.3033765690641404e-06,-6.394803904186119e-07,-1.1560672739108213e-06,0.5255124233663082,23587627.96124174,19.736968730444186,True
150600.0,1.1652809893602015e-06,-5.92627600326523e-07,-1.0214731673841015e-06,0.507911641150713,23672190.41940315,18.869512958215857,True
150900.0,1.0352902557918117e-06,-5.628307917504571e-07,-8.859885731737904e-07,0.48987406864762306,23767668.58230243,17.900885827485098,True
151200.0,9.161797224645052e-07,-5.460411784952157e-07,-7.524890541787954e-07,0.4697503037750721,23873726.612670712,16.837220006241015,True
151500.0,8.097660045514062e-07,-5.438169807803206e-07,-6.177367470883155e-07,0.4495110735297203,23989991.766426027,15.68489661173052,True
151800.0,7.224050264678851e-07,-5.517607064575714e-07,-4.861964697511212e-07,0.42865585908293724,24116057.777464364,14.450421718395631,True
152100.0,6.63588286556922e-07,-5.73192522779209e-07,-3.5885904736687735e-07,0.407243013381958,24251488.371038053,13.140316328953253,True
152400.0,6.374622355458899e-07,-6.043230200702965e-07,-2.373287095736032e-07,0.3853616416454315,24395820.860380255,11.76102174914909,True
152700.0,6.434580664046432e-07,-6.428459471408132e-07,-1.185195781516768e-07,0.36357101425528526,24548569.76725652,10.31882105481517,True
153000.0,6.813742146529565e-07,-6.894824764458463e-07,-7.788990785684291e-09,0.34049469977617264,24709230.419923414,8.819776437154873,False
153300.0,7.452269958990661e-07,-7.445173650921788e-07,9.966386382842529e-08,0.318012747913599,24877282.47310061,7.269681430332461,False
153600.0,8.236700925659926e-07,-8.029289801925188e-07,2.0009845247415114e-07,0.29575996473431587,25052193.329290837,5.674026679344832,False
153900.0,9.134174324664742e-07,-8.674775244799093e-07,2.924818147675978e-07,0.27261777222156525,25233421.41110918,4.03797751041425,False
154200.0,1.008443343323365e-06,-9.354714336495817e-07,3.786067153122019e-07,0.25006262958049774,25420419.26346295,2.366361579096826,False
154500.0,1.1072210038441653e-06,-1.0071686915580358e-06,4.600930940679149e-07,0.22758236899971962,25612636.475251645,0.6636648480128937,False
154800.0,1.2064290464083532e-06,-1.0819647400239774e-06,5.34067865709531e-07,0.20532187074422836,25809522.3911253,-1.0659657396587774,False
155100.0,1.3048259768363567e-06,-1.159172057896285e-06,6.01781001030588e-07,0.18344565108418465,26010528.61483737,-2.818714379484947,False
155400.0,1.4011195156214069e-06,-1.2392478652145655e-06,6.612413363527025e-07,0.16194095462560654,26215111.29623238,-4.591084580975282,False
155700.0,1.493427471533057e-06,-1.3191819903113355e-06,7.152429155610207e-07,0.14034399390220642,26422733.202254683,-6.379884533538106,False
156000.0,1.5823542709438778e-06,-1.3995821177559264e-06,7.646514994519293e-07,0.11902013421058655,26632865.573670853,-8.182210554221744,False
156300.0,1.6687465046094664e-06,-1.483700458493331e-06,8.060192993042392e-07,0.09808510541915894,26844989.77755736,-9.995429388979014,False
156600.0,1.7481437656902995e-06,-1.5658816039376688e-06,8.407462903647911e-07,0.07749338448047638,27058598.760377023,-11.817159976825872,False
156900.0,1.8246949582860587e-06,-1.6498257195962651e-06,8.712469288241209e-07,0.057427894324064255,27273198.312515143,-13.645255123558869,False
157200.0,1.8985141653523872e-06,-1.7364123152674438e-06,8.966358890916126e-07,0.03789642080664635,27488308.1565322,-15.47778345727743,False
157500.0,1.9651249885763628e-06,-1.821534425516802e-06,9.151897053527591e-07,0.019452903419733047,27703462.869103566,-17.313011939560152,False
157800.0,2.0272995273947048e-06,-1.9073934538482717e-06,9.291272355937963e-07,0.0003805235028266907,27918212.653554585,-19.149389117896643,False
158100.0,2.0837652842220308e-06,-1.9923859611026273e-06,9.389417812144529e-07,-0.017442826181650162,28132123.963069145,-20.98552923475227,False
158400.0,2.13635368884853e-06,-2.0799380990865757e-06,9.426579978821792e-07,-0.03562907129526138,28344780.008310854,-22.820197287456708,False
158700.0,2.1834439058660006e-06,-2.1670202272616734e-06,9.425826767994749e-07,-0.05264068767428398,28555781.134507436,-24.65229508161902,False
159000.0,2.224750377447243e-06,-2.2545342517332756e-06,9.365922757353928e-07,-0.06884618476033211,28764745.104616243,-26.480848265413076,False
159300.0,2.2617819422638847e-06,-2.3432685338775627e-06,9.269757406116241e-07,-0.08554583042860031,28971307.281420134,-28.304994365484212,False
159600.0,2.293115730963522e-06,-2.431198709018645e-06,9.145621362449674e-07,-0.10043144598603249,29175120.720900234,-30.12397176324152,False
159900.0,2.3203509058035454e-06,-2.521682660017177e-06,8.96962077945318e-07,-0.11575253680348396,29375856.20231376,-31.937109589381727,False
160200.0,2.341687116114219e-06,-2.611626030102343e-06,8.760479062175364e-07,-0.13014638051390648,29573202.17435107,-33.74381849243601,False
160500.0,2.359021251119046e-06,-2.70324443363279e-06,8.525980632612118e-07,-0.1445818394422531,29766864.655505836,-35.54358220438844,False
160800.0,2.3696636671810926e-06,-2.7938896494106302e-06,8.250316980706884e-07,-0.15775366127490997,29956567.07096722,-37.3359498619623,False
161100.0,2.3778368376318227e-06,-2.8890013936688774e-06,7.940247641613496e-07,-0.17082221433520317,30142050.052221213,-39.12052902505339,False
161400.0,2.3797658245226237e-06,-2.982931079031914e-06,7.611403987084486e-07,-0.18334979191422462,30323071.186862964,-40.89697931909052,False
161700.0,2.377470434072337e-06,-3.0793340215495846e-06,7.247132103316289e-07,-0.19603083282709122,30499404.73927057,-42.665006642634204,False
162000.0,2.3691577751112277e-06,-3.175666705601543e-06,6.849560278965328e-07,-0.20756934210658073,30670841.33399562,-44.42435788968949,False
162300.0,2.3585099103474327e-06,-3.2765973969617335e-06,6.43893791618666e-07,-0.21937387436628342,30837187.61953932,-46.17481610883589,False
162600.0,2.3429857355539975e-06,-3.379480148169023e-06,5.995223801846805e-07,-0.23177043348550797,30998265.89975641,-47.91619603310445,False
162900.0,2.323217209621021e-06,-3.4851436510052736e-06,5.525540842654664e-07,-0.24274110794067383,31153913.74702631,-49.64833992995272,False
163200.0,2.298889331738852e-06,-3.592800339902169e-06,5.043172777163818e-07,-0.2533057853579521,31303983.604074325,-51.371113674967624,False
163500.0,2.2713872995782043e-06,-3.705466724568396e-06,4.535529072313693e-07,-0.26412897929549217,31448342.361465335,-53.08440297266745,False
163800.0,2.240296458684878e-06,-3.8223891181132785e-06,4.0165465975405823e-07,-0.2745782434940338,31586870.924152106,-54.78810963501722,False
164100.0,2.2054007095399026e-06,-3.944320781101851e-06,3.463071536202733e-07,-0.28562628850340843,31719463.770375974,-56.482147776576895,False
164400.0,2.169014993758462e-06,-4.075045296758617e-06,2.9106466570283374e-07,-0.2954418323934078,31846028.493454978,-58.16643979943931,False
164700.0,2.128123397455436e-06,-4.210413180771866e-06,2.3306271401679624e-07,-0.3062663562595844,31966485.346560616,-59.840911925377924,False
165000.0,2.0870535844151068e-06,-4.359373832585334e-06,1.7449249867240724e-07,-0.3158779665827751,32080766.76513043,-61.50548903936321,False
165300.0,2.0420999119433424e-06,-4.51573842497055e-06,1.151235977658871e-07,-0.3264826498925686,32188816.900969658,-63.16008840208416,False
165600.0,1.996621750331036e-06,-4.688486200166153e-06,5.297408733895281e-08,-0.3360356204211712,32290591.134145956,-64.80461167386409,False
165900.0,1.950735744632108e-06,-4.8801363732309255e-06,-8.184443345271575e-09,-0.34569843485951424,32386055.59739407,-66.43893436834041,False
166200.0,1.903338498203587e-06,-5.091229951403875e-06,-7.06815512785397e-08,-0.35573793947696686,32475186.68627367,-68.06289134609776,False
166500.0,1.8571401394445095e-06,-5.333245809424625e-06,-1.3308043378401635e-07,-0.3657585605978966,32557970.5718518,-69.67625621409478,False
166800.0,1.8113914176018392e-06,-5.610839849623517e-06,-1.9483388769003795e-07,-0.374618798494339,32634402.71209687,-71.27871101412248,False
167100.0,1.7668213212057317e-06,-5.934641734484103e-06,-2.5711148055052035e-07,-0.3839392066001892,32704487.366695866,-72.86980011891261,False
167400.0,1.726548975783488e-06,-6.329909950864021e-06,-3.1785337739620445e-07,-0.3926196061074734,32768237.10349563,-74.44885753938887,False
167700.0,1.6863212662462646e-06,-6.802813857120782e-06,-3.7527355800648365e-07,-0.4015437364578247,32825672.31651769,-76.0148876599047,False
168000.0,1.652303305945592e-06,-7.410402503182922e-06,-4.2942839684201317e-07,-0.40964411199092865,32876820.737485964,-77.56636058555749,False
168300.0,1.6208502897442745e-06,-8.194085296509002e-06,-4.761123335583761e-07,-0.41861091926693916,32921716.958920438,-79.10084208861392,False
168600.0,1.5977367877674577e-06,-9.276138200675632e-06,-5.141412913189924e-07,-0.42605140805244446,32960401.949379884,-80.61428158993797,False
168900.0,1.579234452133234e-06,-1.0815326589863616e-05,-5.329342087634359e-07,-0.43424009531736374,32992922.588782903,-82.099536359581,False
169200.0,1.5661134516413851e-06,-1.3132712268770774e-05,-5.211317386510927e-07,-0.4414908289909363,33019331.19164281,-83.54302706017947,False
169500.0,1.562653815388126e-06,-1.6888219420252426e-05,-4.4996072290359734e-07,-0.44824065268039703,33039685.05112938,-84.9163369032203,False
169800.0,1.5665513908770705e-06,-2.3040306075472472e-05,-2.5389324775915156e-07,-0.45504434034228325,33054045.98199914,-86.15297220392303,False
170100.0,1.5772711108731024e-06,-3.079090004121099e-05,1.9337699086463545e-07,-0.4612540788948536,33062479.87203302,-87.08589597408675,False
170400.0,1.5975081249366763e-06,-2.898215632285428e-05,8.940179725414055e-07,-0.4671762250363827,33065056.245658997,-87.38178834638595,False
170700.0,1.626329437359794e-06,-1.5518694567617786e-05,1.38738361954438e-06,-0.47262678295373917,33061847.83358845,-86.86538159797486,False
171000.0,1.6619142632231742e-06,-7.108182558113185e-06,1.5797076997614568e-06,-0.4778199829161167,33052930.155327953,-85.83532728527257,False
171300.0,1.7050719841954645e-06,-3.785570697800722e-06,1.667186538156784e-06,-0.48333316296339035,33038381.112255584,-84.58204604762008,False
171600.0,1.7552526970729583e-06,-2.5348590497742407e-06,1.7296473657779643e-06,-0.48779909312725067,33018280.590875883,-83.23232479415955,False
171900.0,1.812292618373781e-06,-2.072957499876793e-06,1.7882302785210413e-06,-0.4925316795706749,32992710.086435784,-81.83692012535076,False
172200.0,1.876011027647719e-06,-1.944971927514416e-06,1.847864311343983e-06,-0.4972803182899952,32961752.332084607,-80.41820440883299,False
172500.0,1.9434961988539393e-06,-1.946204406522156e-06,1.907604655571049e-06,-0.500044971704483,32925490.94750476,-78.98713995290416,False
172800.0,2.0159833155939984e-06,-2.008722333357582e-06,1.9689181698367975e-06,-0.5047267563641071,32884010.11178609,-77.54956560773805,False
173100.0,2.154303464029583e-06,-2.3130192801090743e-06,2.0815034105226005e-06,-0.5215835757553577,32837394.24645731,-76.1087802884417,False
173400.0,2.2370847548429038e-06,-2.391423947756266e-06,2.1458456416212357e-06,-0.5223299637436867,32785727.671754643,-74.66671565811357,False
173700.0,2.322668131317452e-06,-2.468762318130757e-06,2.2106729034021555e-06,-0.5226051472127438,32729094.40936337,-73.22451586921022,False
174000.0,2.4103261811325315e-06,-2.5479288581209403e-06,2.2749086241447003e-06,-0.5224208980798721,32667577.86363778,-71.78284445645791,False
174300.0,2.498109016784307e-06,-2.619468261855218e-06,2.3375276327897154e-06,-0.5213018245995045,32601260.59876513,-70.34205692778517,False
174600.0,2.5871636184515214e-06,-2.6941401074509486e-06,2.398528835101388e-06,-0.5207372605800629,32530224.125433486,-68.9023025884168,False
174900.0,2.6790470518912906e-06,-2.762526207789051e-06,2.4609442448308982e-06,-0.519415594637394,32454548.703358352,-67.46358719588139,False
175200.0,2.7702607655704405e-06,-2.8315528197708772e-06,2.5200443332096256e-06,-0.5181206911802292,32374313.177389745,-66.02581291372988,False
175500.0,2.8600395996279986e-06,-2.887343413249255e-06,2.577736140096931e-06,-0.5162492357194424,32289594.829955895,-64.58880463363627,False
175800.0,2.9516651296219264e-06,-2.9457317509695713e-06,2.6348608557213993e-06,-0.5145040340721607,32200469.26514544,-63.152327777067995,False
176100.0,3.0412806234949977e-06,-2.9942939363536425e-06,2.69004490860425e-06,-0.5126091651618481,32107010.313964963,-61.71610066008344,False
176400.0,3.1326816473158443e-06,-3.0458630817520316e-06,2.7447218613474433e-06,-0.5095715075731277,32009289.96892609,-60.27980328859896,False
176700.0,3.2224230357556047e-06,-3.0881572854468686e-06,2.798422080729779e-06,-0.5070712305605412,31907378.349108327,-58.84308374283144,False
177000.0,3.3091029334759306e-06,-3.129166941562289e-06,2.8475873250499717e-06,-0.5034336484968662,31801343.683642432,-57.405562921691846,False
177300.0,3.3969656306135537e-06,-3.1670359703639406e-06,2.897862479755986e-06,-0.5004523508250713,31691252.33630148,-55.96683815673353,False
177600.0,3.48245706152163e-06,-3.202679351943516e-06,2.9450150336174374e-06,-0.49580463767051697,31577168.844278548,-54.52648598709343,False
177900.0,3.5664581390981783e-06,-3.2313438396158745e-06,2.9920891151391515e-06,-0.4908168949186802,31459156.001163892,-53.08406439352424,False
178200.0,3.647657070446252e-06,-3.259744971728651e-06,3.0352455482329788e-06,-0.4861285127699375,31337274.9568394,-51.63911458456366,False
178500.0,3.7281516015860327e-06,-3.285805206587611e-06,3.0779387714119366e-06,-0.47999121248722076,31211585.349108532,-50.19116250806815,False
178800.0,3.8059200712504222e-06,-3.3074521752496366e-06,3.118876421126515e-06,-0.4741666354238987,31082145.472014822,-48.73972011498723,False
179100.0,3.880924542569248e-06,-3.327148448306616e-06,3.1571328875656945e-06,-0.4663541428744793,30949012.45967978,-47.28428647788751,False
179400.0,3.953694765164044e-06,-3.3442785536408337e-06,3.1938212288196155e-06,-0.45884207263588905,30812242.515158918,-45.8243487871176,False
179700.0,4.021664584377759e-06,-3.356770861273617e-06,3.2270506338250016e-06,-0.4500165469944477,30671891.150661442,-44.35938325373084,False
180000.0,4.087541239494333e-06,-3.368194256836432e-06,3.258526071192591e-06,-0.4413127526640892,30528013.471336275,-42.888855962001884,False
180300.0,4.150855417261169e-06,-3.3763866440494894e-06,3.289015261032091e-06,-0.4310263842344284,30380664.473565158,-41.41222366758058,False
180600.0,4.209172103412667e-06,-3.383498977882482e-06,3.314385082830995e-06,-0.4205525703728199,30229899.38275942,-39.928934567785205,False
180900.0,4.264968496170099e-06,-3.387269714494323e-06,3.3392586615832442e-06,-0.40881628915667534,30075774.005759906,-38.43842907306772,False
181200.0,4.315728043615128e-06,-3.3890399322444864e-06,3.359799421787102e-06,-0.3964060992002487,29918345.1185936,-36.94014054123589,False
181500.0,4.364130885841361e-06,-3.3888542532167776e-06,3.3795570999473057e-06,-0.38351577147841454,29757670.87284012,-35.43349604725074,False
181800.0,4.407344818703097e-06,-3.38629635621146e-06,3.3953138753872736e-06,-0.3697325401008129,29593811.22770178,-33.91791713378908,False
182100.0,4.444618587731625e-06,-3.3796757179516135e-06,3.407427968227239e-06,-0.35522839799523354,29426828.406294003,-32.39282060515604,False
182400.0,4.477744933902526e-06,-3.372963419678854e-06,3.4155918378075967e-06,-0.33963468298316,29256787.371301383,-30.857619333792936,False
182700.0,4.50653960075575e-06,-3.3632802285410435e-06,3.421740395026518e-06,-0.3237656466662884,29083756.32393206,-29.311723110037807,False
183000.0,4.530902488031285e-06,-3.350579163452494e-06,3.425970476200746e-06,-0.30703434720635414,28907807.217679404,-27.754539530850284,False
183300.0,4.550516042862414e-06,-3.33768721816341e-06,3.4258319878688326e-06,-0.288944024592638,28729016.29383368,-26.185474948959847,False
183600.0,4.565577504433203e-06,-3.322423253848683e-06,3.4233657579818555e-06,-0.2709975056350231,28547464.633533537,-24.603935499474225,False
183900.0,4.57453383040413e-06,-3.304776328150183e-06,3.416649498433344e-06,-0.2519656717777252,28363238.71762447,-23.009328195267166,False
184200.0,4.5761005467772054e-06,-3.282887462319195e-06,3.4056313609198696e-06,-0.23285268992185593,28176431.008856993,-21.401062137712188,False
184500.0,4.57575845171785e-06,-3.2617952001601225e-06,3.393598323242486e-06,-0.21220790967345238,27987140.53512544,-19.778549843505534,False
184800.0,4.5681855769261195e-06,-3.2363104480737093e-06,3.377867340503826e-06,-0.191631980240345,27795473.49148535,-18.14120870356492,False
185100.0,4.556403847204904e-06,-3.2111304903992277e-06,3.358584397261666e-06,-0.170343779027462,27601543.837528277,-16.488462628741825,False
185400.0,4.535989165062192e-06,-3.181706972554821e-06,3.3338012332961853e-06,-0.14794310927391052,27405473.906759836,-14.819743880322502,False
185700.0,4.513718260235394e-06,-3.1525385111308424e-06,3.308828649295492e-06,-0.1252579651772976,27207395.01515429,-13.134495147643813,False
186000.0,4.483471598856875e-06,-3.1204772881210374e-06,3.27821363299563e-06,-0.10176021233201027,27007448.064397957,-11.432171870666803,False
186300.0,4.4476481904883315e-06,-3.0862422590871574e-06,3.244650770284352e-06,-0.0775856003165245,26805784.14459676,-9.712244917239227,False
186600.0,4.405393521248003e-06,-3.0491800657728163e-06,3.2076355127586e-06,-0.05358629673719406,26602565.126288977,-7.974203600063406,False
186900.0,4.356032532147055e-06,-3.0102465871095774e-06,3.1653949266186032e-06,-0.028897643089294434,26397964.23729057,-6.2175591369364955,False
187200.0,4.301016347418125e-06,-2.9676575081794e-06,3.121630268054787e-06,-0.004427917301654816,26192166.6284161,-4.441848614855437,False
187500.0,4.239679129275417e-06,-2.9243447556837054e-06,3.0726732989094785e-06,0.02138688415288925,25985369.909591597,-2.6466395131157,False
187800.0,4.1707064835686815e-06,-2.8768326671979594e-06,3.019994949782223e-06,0.04614754021167755,25777784.669441044,-0.8315349220778452,False
188100.0,4.09575604073501e-06,-2.827144641059931e-06,2.9639372163270394e-06,0.07117509469389915,25569634.947651338,1.003820480495655,False
188400.0,4.014078337759786e-06,-2.7754302038829337e-06,2.903271571152999e-06,0.09706182032823563,25361158.67986055,2.859733548033269,False
188700.0,3.923558886533911e-06,-2.7187766704628302e-06,2.8377749092811655e-06,0.12200920283794403,25152608.092981197,4.736454738588566,False
189000.0,3.826565111213152e-06,-2.6589304980007e-06,2.7689441788325553e-06,0.1467743217945099,24944250.039262038,6.634168981195824,False
189300.0,3.724224203008643e-06,-2.596482943317824e-06,2.6976362494934847e-06,0.17093199491500854,24736366.275760412,8.552985140809534,False
189600.0,3.6129894683325162e-06,-2.5290364078500716e-06,2.621029475236014e-06,0.1949397288262844,24529253.66534496,10.492923849040404,True
189900.0,3.495470495373233e-06,-2.4570804839640914e-06,2.5420152915955896e-06,0.2175452969968319,24323224.299510017,12.453903414675306,True
190200.0,3.3686118649651763e-06,-2.3787257816820784e-06,2.457816171030913e-06,0.23986558988690376,24118605.520716492,14.435723522040853,True
190500.0,3.2368474595723787e-06,-2.2973666204961773e-06,2.3710598462400867e-06,0.2606028728187084,23915739.848091394,16.43804628425476,True
190800.0,3.0981326760604625e-06,-2.209072647474386e-06,2.2820439333770537e-06,0.28077711910009384,23714984.775726326,18.460374222591174,True
191100.0,2.9549697632977856e-06,-2.11453965448527e-06,2.192955292912302e-06,0.2996710576117039,23516712.448922623,20.50202457083055,True
191400.0,2.8047857692207658e-06,-2.0136325815656164e-06,2.099766017948923e-06,0.31723837554454803,23321309.189753685,22.56209923272659,True
191700.0,2.648812492867939e-06,-1.9018515047264373e-06,2.006950555966114e-06,0.33255212381482124,23129174.868770704,24.639449503309493,True
192000.0,2.4892808738503504e-06,-1.7844203625827504e-06,1.9122398988713485e-06,0.3467313274741173,22940722.10086601,26.732634554229215,True
192300.0,2.328224979785201e-06,-1.6568249066040153e-06,1.820513716666028e-06,0.35876070335507393,22756375.26371334,28.839872322838403,True
192600.0,2.16370899918535e-06,-1.5189335158538597e-06,1.7277229460432864e-06,0.36882617324590683,22576569.311784178,30.958981253323774,True
192900.0,2.0001877662493815e-06,-1.3676172159193811e-06,1.6394489463777973e-06,0.3770340792834759,22401748.38695883,33.087310833121045,True
193200.0,1.8393770075509965e-06,-1.2057204230586649e-06,1.5534192527866253e-06,0.3829610235989094,22232364.210984826,35.221658541849955,True
193500.0,1.685113949156369e-06,-1.0273858208620368e-06,1.4740188376549668e-06,0.38753773272037506,22068874.25140465,37.35817014980794,True
193800.0,1.5431359879639746e-06,-8.3772829384543e-07,1.4011877098596415e-06,0.3894934467971325,21911739.66494049,39.49221982482602,True
194100.0,1.41622534246601e-06,-6.296966432728368e-07,1.33569688642865e-06,0.3893662802875042,21761423.005330175,41.61826579495082,True
194400.0,1.3155885037837361e-06,-4.0410799329038127e-07,1.2827712225771393e-06,0.387196347117424,21618385.713983163,43.72967687940036,True
194700.0,1.2472422695877886e-06,-1.6040928585425718e-07,1.242221891573081e-06,0.38313939049839973,21483085.39386467,45.818525066992635,True
195000.0,1.2164380724814795e-06,1.0130455052603793e-07,1.2145387771056448e-06,0.37785179913043976,21355972.88516512,47.87533999159698,True
195300.0,1.2309943226758538e-06,3.8283945968942135e-07,1.2060303831162855e-06,0.3693489469587803,21237489.16771177,49.888823581968325,True
195600.0,1.2873334685189157e-06,6.779416139579553e-07,1.217298724043303e-06,0.3592783473432064,21128062.105408303,51.84552859600278,True
195900.0,1.380480450760837e-06,9.891693366625987e-07,1.2503112927220172e-06,0.34679408371448517,21028103.08941452,53.72951531832381,True
196200.0,1.5036655907615148e-06,1.3031311425493186e-06,1.3102768576800372e-06,0.3332406058907509,20938003.59826112,55.522019499566326,True
196500.0,1.6501346369710254e-06,1.615664444898357e-06,1.3989232172662014e-06,0.31786955520510674,20858131.742114473,57.20119468458978,True
196800.0,1.809441838935909e-06,1.9071054566666135e-06,1.5148621699268006e-06,0.3003513775765896,20788828.82810059,58.74203513186369,True
197100.0,1.9824856560709404e-06,2.1561894527621916e-06,1.6661776172099962e-06,0.2821876145899296,20730406.0113469,60.11663718851253,True
197400.0,2.159823633573971e-06,2.3378539140139765e-06,1.8449926955099727e-06,0.26152661442756653,20683141.09663341,61.294999228591074,True
197700.0,2.3405880682182935e-06,2.4188612997022574e-06,2.0517328849223304e-06,0.23927711695432663,20647275.533039335,62.246553519897674,True
198000.0,2.5220835995512404e-06,2.3801134432233084e-06,2.2778757866603883e-06,0.21593639999628067,20623011.681375682,62.94251132995726,True
198300.0,2.7012151427692424e-06,2.195103945723531e-06,2.515500298727602e-06,0.1921670138835907,20610510.39742088,63.358844511676075,True
198600.0,2.8772412298703523e-06,1.8748214927200024e-06,2.7527631161206045e-06,0.1659483090043068,20609888.9889316,63.4793690484701,True
198900.0,3.0468060593060307e-06,1.4269199368754926e-06,2.9785751891608925e-06,0.13921380415558815,20621219.577073503,63.298119283013015,True
199200.0,3.209631475352473e-06,9.042228725775203e-07,3.182944702473378e-06,0.11105941981077194,20644527.919740237,62.8202471884252,True
199500.0,3.3672348790587685e-06,3.3007955835273606e-07,3.3636815430782008e-06,0.08263228461146355,20679792.695787083,62.06113342969871,True
199800.0,3.5168729062829297e-06,-2.385525590398174e-07,3.5149760506669736e-06,0.05325507000088692,20726945.283365343,61.04403446128404,True
200100.0,3.656985184231338e-06,-7.703367543854256e-07,3.6363940552064378e-06,0.022775467485189438,20785870.01824158,59.797032601238904,True
200400.0,3.7870848644706952e-06,-1.2519980145953014e-06,3.7296672843467604e-06,-0.008332595229148865,20856404.92964418,58.350091823381575,True
200700.0,3.907969640127359e-06,-1.6726893363738782e-06,3.798728336334989e-06,-0.03881337121129036,20938342.929188054,56.73274288960361,True
201000.0,4.019803303255939e-06,-2.025909253688951e-06,3.847946963730919e-06,-0.07076502963900566,21031433.42493605,54.972568026133736,True
201300.0,4.122328457384835e-06,-2.3231711736571015e-06,3.879097633330275e-06,-0.10246957838535309,21135384.304049473,53.09440345501038,True
201600.0,4.21165851545483e-06,-2.5625272712659353e-06,3.892413090511582e-06,-0.13386637717485428,21249864.260149237,51.12006970931539,True
201900.0,4.29174810153424e-06,-2.7570037275381765e-06,3.893133481369659e-06,-0.1651877537369728,21374505.393171072,49.068434130480284,True
202200.0,4.362711881409208e-06,-2.9113887762832746e-06,3.8838450109324185e-06,-0.19621244072914124,21508906.033568084,46.95565149794493,True
202500.0,4.419002306135884e-06,-3.0295745716557576e-06,3.860784651976701e-06,-0.22746512293815613,21652633.735709447,44.79547913214545,True
202800.0,4.4695805663552e-06,-3.1248937943928468e-06,3.8322379367627946e-06,-0.2580231539905071,21805228.379622895,42.59960476329865,True
203100.0,4.507046545422257e-06,-3.1945267267019517e-06,3.7935865435656524e-06,-0.28725407645106316,21966205.33547144,40.37795483168746,True
203400.0,4.536866383630577e-06,-3.2486105965290335e-06,3.7489618875952146e-06,-0.31623801589012146,22135058.63749664,38.138968983620536,True
203700.0,4.555036244753659e-06,-3.282276566096698e-06,3.698300361065776e-06,-0.3443831726908684,22311264.11884288,35.8898370594309,True
204000.0,4.564673714752172e-06,-3.307753985382078e-06,3.6403490000225247e-06,-0.3712954744696617,22494282.478853162,33.63670005529168,True
204300.0,4.56565952511002e-06,-3.322879933875811e-06,3.5774780826614005e-06,-0.39806387200951576,22683562.24453905,31.384818949410356,True
204600.0,4.5568620763094385e-06,-3.32819212189861e-06,3.5091902610417947e-06,-0.4233212433755398,22878542.59524571,29.138715996280435,True
204900.0,4.540612275410044e-06,-3.328194310370236e-06,3.436283726898637e-06,-0.4467008486390114,23078656.04278452,26.902292950500684,True
205200.0,4.516339087958306e-06,-3.3215035557532246e-06,3.359799201518854e-06,-0.4703636094927788,23283330.94302977,24.67893025015921,True
205500.0,4.487315445002023e-06,-3.3124507297088712e-06,3.2812623977918065e-06,-0.4917534925043583,23491993.8226618,22.471570581554886,True
205800.0,4.448698918214314e-06,-3.2974244277284015e-06,3.1975791152660804e-06,-0.5124419890344143,23704071.541082587,20.282789680082413,True
206100.0,4.4034326977588615e-06,-3.2791467390325124e-06,3.1107752427317337e-06,-0.5319131799042225,23918993.25554065,18.11485667471838,True
206400.0,4.351504690570696e-06,-3.257541408174802e-06,3.0211386778944416e-06,-0.5505158640444279,24136192.2162597,15.96978589189964,True
206700.0,4.2937087071185164e-06,-3.23550355574298e-06,2.9269909997964305e-06,-0.5671839080750942,24355107.38249414,13.849381613803693,True
207000.0,4.230915217783214e-06,-3.2101987983423896e-06,2.832491716731056e-06,-0.5823348611593246,24575184.87740164,11.755277010953648,True
207300.0,4.16527119530445e-06,-3.1858265288065013e-06,2.7363251451362203e-06,-0.5980404429137707,24795879.28291798,9.688968259282918,False
207600.0,4.093122644986019e-06,-3.15873745648787e-06,2.636841261782763e-06,-0.6106333248317242,25016654.78001418,7.651844598568479,False
207900.0,4.016564792795501e-06,-3.1306895209581853e-06,2.5350375931765257e-06,-0.6230667158961296,25236986.172566872,5.645214990957222,False
208200.0,3.938584774467735e-06,-3.104599414882614e-06,2.4317506417403933e-06,-0.6341287344694138,25456359.763199184,3.6703319008031032,False
208500.0,3.856384584673553e-06,-3.0768484009513486e-06,2.326653911088883e-06,-0.6442448608577251,25674274.132125303,1.7284126062776342,False
208800.0,3.771646571861496e-06,-3.0489065636629675e-06,2.2202652429081926e-06,-0.6530365385115147,25890240.805274617,-0.1793416224746138,False
209100.0,3.6856834052025573e-06,-3.023017313807941e-06,2.1112417947222184e-06,-0.6603907458484173,26103784.83418323,-2.05172820401714,False
209400.0,3.5981537174864576e-06,-2.9959101937038213e-06,2.0031197882630636e-06,-0.6669791378080845,26314445.293813627,-3.887527592010724,False
209700.0,3.510299622260799e-06,-2.97168676866022e-06,1.891547410259875e-06,-0.6716249138116837,26521775.70531738,-5.685489103994186,False
210000.0,3.42420369418815e-06,-2.9491852444607503e-06,1.7814266417559566e-06,-0.6761123314499855,26725344.40328681,-7.444318176028219,False
210300.0,3.3363760617296526e-06,-2.9266838339481183e-06,1.6682683536828335e-06,-0.6784608401358128,26924734.836770028,-9.162664917155036,False
210600.0,3.250264677696355e-06,-2.905030044075829e-06,1.5567467475108288e-06,-0.680373553186655,27119545.837304562,-10.839114020308992,False
210900.0,3.167973567478207e-06,-2.8887947109978995e-06,1.4422717811157781e-06,-0.6808391138911247,27309391.832794286,-12.472175982383003,False
211200.0,3.0875839526553025e-06,-2.8721322280489403e-06,1.330753407913221e-06,-0.6803296394646168,27493903.03784058,-14.060279778398463,False
211500.0,3.012258320442816e-06,-2.860739272136925e-06,1.2173080197186437e-06,-0.6781624518334866,27672725.608617365,-15.601767022815963,False
211800.0,2.939133153393739e-06,-2.850022980283029e-06,1.1035151246119312e-06,-0.6752573065459728,27845521.77943503,-17.094887851500108,False
212100.0,2.8725179965163908e-06,-2.843738030833265e-06,9.909232332461215e-07,-0.671021606773138,28011969.97407284,-18.53779865558246,False
212400.0,2.8125056664238466e-06,-2.8414685004918283e-06,8.799180015728325e-07,-0.6646387726068497,28171764.90598012,-19.9285619258108,False
212700.0,2.7590099594715267e-06,-2.843558036147442e-06,7.680642859497766e-07,-0.6581609472632408,28324617.668094724,-21.265148460755032,False
213000.0,2.71278217338093e-06,-2.849175956498584e-06,6.593667194465525e-07,-0.6503818407654762,28470255.804168586,-22.545442230024058,False
213300.0,2.6747302475583897e-06,-2.859824292045232e-06,5.513717376004479e-07,-0.6409584060311317,28608423.383591983,-23.76724814634032,False
213600.0,2.64276808138342e-06,-2.8727559708841e-06,4.445017225407355e-07,-0.6307387799024582,28738881.06784596,-24.928303067269905,False
213900.0,2.6235548264947934e-06,-2.894975409617473e-06,3.402011543585104e-07,-0.6197385974228382,28861406.171883576,-26.02629023652138,False
214200.0,2.611488725482013e-06,-2.9204038582975045e-06,2.3674441607113295e-07,-0.6080208234488964,28975792.727274977,-27.058857356656876,False
214500.0,2.608015042141173e-06,-2.950349681896114e-06,1.3665292186715305e-07,-0.5952130891382694,29081851.54418286,-28.023638398585963,False
214800.0,2.6146645932963746e-06,-2.9867667308280943e-06,4.070824388691108e-08,-0.5806422419846058,29179410.275261734,-28.918279089061524,False
215100.0,2.6305975262221013e-06,-3.029017790368016e-06,-5.417038551058795e-08,-0.5662095174193382,29268313.484524447,-29.74046590102019,False
215400.0,2.655279527931846e-06,-3.076762254750065e-06,-1.4428961137014085e-07,-0.5513601303100586,29348422.711278517,-30.487958174788925,False
215700.0,2.6895743057639177e-06,-3.1312084445289656e-06,-2.326352941395271e-07,-0.5349059589207172,29419616.544487722,-31.158622742255407,False
216000.0,2.732177675947777e-06,-3.191535967062009e-06,-3.153653693743763e-07,-0.5182424075901508,29481790.70256084,-31.750470294957406,False
216300.0,2.7801509731897443e-06,-3.253415542303628e-06,-4.0051802585594487e-07,-0.5012139678001404,29534858.110161416,-32.26169241644041,False
216600.0,2.8375332117341923e-06,-3.3227838400762266e-06,-4.811060776432896e-07,-0.48239410668611526,29578748.984032243,-32.69069815562355,False
216900.0,2.9011227146187284e-06,-3.3963221994781634e-06,-5.566026786141265e-07,-0.4636499099433422,29613410.927830808,-33.03614871793867,False
217200.0,2.9711681950553417e-06,-3.4739690306651028e-06,-6.297190680015774e-07,-0.44479141756892204,29638809.021805618,-33.29698896386105,False
217500.0,3.0499442196790953e-06,-3.5591727396422357e-06,-6.984764482353967e-07,-0.42510930821299553,29654925.924053688,-33.47247434774203,False
217800.0,3.132954656764289e-06,-3.6465185644374287e-06,-7.631207523672856e-07,-0.405863668769598,29661761.977268256,-33.56219206607968,False
218100.0,3.220688812299424e-06,-3.7367251479736296e-06,-8.235272588308362e-07,-0.38525671884417534,29659335.312263027,-33.56607546156581,False
218400.0,3.3136152186856764e-06,-3.830415295169587e-06,-8.79722463764665e-07,-0.36531975865364075,29647681.9673614,-33.4844110095398,False
218700.0,3.412320131849631e-06,-3.927549528270902e-06,-9.340144515590509e-07,-0.34505412355065346,29626855.997547515,-33.317837604401774,False
219000.0,3.513709942224516e-06,-4.025796215501032e-06,-9.818619091106484e-07,-0.3245575837790966,29596929.597557902,-33.06733827860725,False
219300.0,3.6182597766217335e-06,-4.124049780784844e-06,-1.0281745588258673e-06,-0.3042750023305416,29557993.22238025,-32.73422483157833,False
219600.0,3.727324914872402e-06,-4.22493977225713e-06,-1.0701796853140877e-06,-0.28369148448109627,29510155.70867166,-32.3201162912174,False
219900.0,3.837836511364527e-06,-4.32441996167654e-06,-1.1086391644710147e-06,-0.26253367215394974,29453544.399207167,-31.82691228648426,False
220200.0,3.949927264069335e-06,-4.422514649604636e-06,-1.1441454645932936e-06,-0.24139093980193138,29388305.266147647,-31.2567626985141,False
220500.0,4.065256336976404e-06,-4.521262241041768e-06,-1.1769482419765609e-06,-0.2191442772746086,29314603.02920229,-30.612034980000796,False
220800.0,4.1809769181907355e-06,-4.616539570179157e-06,-1.2093558794390447e-06,-0.19742313027381897,29232621.2773795,-29.89528053981816,False
221100.0,4.297959223614594e-06,-4.711056561745863e-06,-1.2372605304733497e-06,-0.17486948892474174,29142562.575337,-29.109201507325064,False
221400.0,4.414317484337168e-06,-4.8019842608937324e-06,-1.2630606072150385e-06,-0.15263763815164566,29044648.57371779,-28.25661898682073,False
221700.0,4.533435292352094e-06,-4.892876489748232e-06,-1.289043012775437e-06,-0.12946604564785957,28939120.09946024,-27.34044378685713,False
222000.0,4.649792546036876e-06,-4.978466620286781e-06,-1.312613292725473e-06,-0.10621882975101471,28826237.243286934,-26.363650329312232,False
222300.0,4.766230854829087e-06,-5.061728245436825e-06,-1.3361431854264083e-06,-0.08267447724938393,28706279.42407346,-25.329254235182056,False
222600.0,4.8810100047797106e-06,-5.141002077380108e-06,-1.3599496639926656e-06,-0.058014802634716034,28579545.438046932,-24.240293927788507,False
222900.0,4.9938819980072445e-06,-5.216567075194689e-06,-1.383839130397746e-06,-0.03332623839378357,28446353.487152,-23.099816362945763,False
223200.0,5.105010739231308e-06,-5.289204409564263e-06,-1.407515028972739e-06,-0.009152684360742569,28307041.17513297,-21.91086688832524,False
223500.0,5.2149274438406865e-06,-5.359528444159878e-06,-1.4325162993600316e-06,0.016808971762657166,28161965.471368987,-20.676483112714635,False
223800.0,5.321755329002179e-06,-5.426132418051566e-06,-1.458264218712202e-06,0.04305054619908333,28011502.645621188,-19.399692598423247,False
224100.0,5.4238825256260386e-06,-5.486954279376732e-06,-1.4874848623946946e-06,0.06927387416362762,27856048.14673762,-18.08351411774238,False
224400.0,5.522305976449814e-06,-5.545204032841866e-06,-1.5148880834203737e-06,0.0960383415222168,27696016.43537059,-16.730962229025106,False
224700.0,5.617454939646142e-06,-5.599849316695327e-06,-1.5470954366492151e-06,0.1230420395731926,27531840.758983105,-15.345054844544997,False
225000.0,5.709138382256234e-06,-5.6517113762311055e-06,-1.5821723273745647e-06,0.15140141919255257,27363972.855327524,-13.928823584614978,False
225300.0,5.795220664194244e-06,-5.699505834400043e-06,-1.6181681559146455e-06,0.1791875846683979,27192882.58594674,-12.485326580917553,False
225600.0,5.873388566261029e-06,-5.740452706959331e-06,-1.6575441090793674e-06,0.20702467486262321,27019057.47297446,-11.017663506221556,False
225900.0,5.949376413558433e-06,-5.780616618267231e-06,-1.701566153755607e-06,0.23640388995409012,26843002.1459778,-9.528992590233102,False
226200.0,6.017415792181225e-06,-5.815188131919058e-06,-1.7468682198540364e-06,0.26537221670150757,26665237.68296153,-8.0225493673928,False
226500.0,6.0802548139548115e-06,-5.845745533861191e-06,-1.7985839155798544e-06,0.29426150396466255,26486300.821134042,-6.50166689563165,False
226800.0,6.134450039372021e-06,-5.8700676390799345e-06,-1.8526693388309923e-06,0.32309214770793915,26306743.04370053,-4.969797230554328,False
227100.0,6.184260311230451e-06,-5.892139000707175e-06,-1.91104251223706e-06,0.3523825444281101,26127129.518681616,-3.430533797784704,False
227400.0,6.225876458615986e-06,-5.908035859647498e-06,-1.9734543479366096e-06,0.38246459513902664,25948037.882465556,-1.887634378294603,False
227700.0,6.258671008671213e-06,-5.917613066230842e-06,-2.0381580598805016e-06,0.41170361638069153,25770056.85589498,-0.3450442666002216,False
228000.0,6.2821661322357624e-06,-5.919297336731688e-06,-2.1077762641930065e-06,0.4416235312819481,25593784.67384868,1.1930808905279908,False
228300.0,6.299211007814521e-06,-5.915841398973498e-06,-2.182161636277158e-06,0.47039246931672096,25419827.337026894,2.722353162963614,False
228600.0,6.305717645883285e-06,-5.903514818328404e-06,-2.258523590370487e-06,0.499323807656765,25248796.65315141,4.238132073610767,False
228900.0,6.304686638189905e-06,-5.884166313308015e-06,-2.3391138865846983e-06,0.5284963920712471,25081308.085606407,5.735506897259015,False
229200.0,6.290344938403483e-06,-5.8518186847322795e-06,-2.4215601888144533e-06,0.5577377900481224,24917978.390275043,7.2092825651959975,False
229500.0,6.268689168259788e-06,-5.812711776798096e-06,-2.5047563614322144e-06,0.5854029916226864,24759423.0486462,8.653970461973728,False
229800.0,6.238405278575677e-06,-5.762933085406985e-06,-2.5923797970506257e-06,0.6135415248572826,24606253.493261237,10.063785535844426,True
230100.0,6.195576141894484e-06,-5.699005726000905e-06,-2.68003168102382e-06,0.6397307738661766,24459074.15466841,11.432651318195692,True
230400.0,6.141912628652669e-06,-5.621844366032747e-06,-2.7673741840317234e-06,0.6655986830592155,24318479.314662986,12.754214632920974,True
230700.0,6.076832331614463e-06,-5.5314018254648545e-06,-2.850905753248867e-06,0.691124401986599,24185049.817359373,14.021871750513391,True
231000.0,6.000822052167381e-06,-5.425097981515137e-06,-2.9340925316034827e-06,0.7148219905793667,24059349.644794073,15.228807773610942,True
231300.0,5.916649973403859e-06,-5.306987333142388e-06,-3.0131847239545095e-06,0.7374388910830021,23941922.392552417,16.368050761269036,True
231600.0,5.817520628740842e-06,-5.169341591226839e-06,-3.0854101673583045e-06,0.7589370682835579,23833287.695015844,17.43254179062023,True
231900.0,5.709752306135482e-06,-5.018121214561688e-06,-3.1516162088962574e-06,0.7784348800778389,23733937.635805886,18.41522144951898,True
232200.0,5.592683550874047e-06,-4.852402554433866e-06,-3.2104172618119264e-06,0.7963509373366833,23644333.194680132,19.30913239390234,True
232500.0,5.463562103427408e-06,-4.67220812083724e-06,-3.2559094016448853e-06,0.8126762807369232,23564900.791730724,20.107536487470224,True
232800.0,5.325456100721837e-06,-4.478202583868551e-06,-3.2918064754028364e-06,0.8263833448290825,23496028.981667,20.80404371424731,True
233100.0,5.179574003580511e-06,-4.274688564009921e-06,-3.3145475057949625e-06,0.8385796770453453,23438065.35482522,21.39274856990523,True
233400.0,5.023160207254016e-06,-4.060178184772667e-06,-3.3217756865155934e-06,0.8472433649003506,23391313.71599747,21.86836837234646,True
233700.0,4.858346430522537e-06,-3.839200502397944e-06,-3.312563727320139e-06,0.8543329872190952,23356031.576950677,22.226376719903616,True
234000.0,4.6883728554584585e-06,-3.6155576026430936e-06,-3.2889246668332817e-06,0.8591758608818054,23332428.04111513,22.463124699895978,True
234300.0,4.512116281431378e-06,-3.3920140083409933e-06,-3.247954943219611e-06,0.8609314411878586,23320662.103773966,22.575942396297627,True
234600.0,4.330707612535332e-06,-3.171151831793395e-06,-3.1905133077714254e-06,0.8595284074544907,23320841.416401494,22.563213995689306,True
234900.0,4.147278706580694e-06,-2.959593643936387e-06,-3.1169409737685783e-06,0.8565521650016308,23333021.54207435,22.424421202159362,True
235200.0,3.960109533479591e-06,-2.755611006932668e-06,-3.028108881864e-06,0.8504311069846153,23357205.72515908,22.160151818706446,True
235500.0,3.772960456068349e-06,-2.5679833584035805e-06,-2.923688779077338e-06,0.8421434499323368,23393345.164997082,21.772072820475696,True
235800.0,3.5851198437505558e-06,-2.3920333376281633e-06,-2.807802619742006e-06,0.8307185508310795,23441339.80837607,21.262869839011312,True
236100.0,3.399880241902622e-06,-2.235379383819236e-06,-2.680097914264934e-06,0.8175306208431721,23501039.624217063,20.636157272236154,True
236400.0,3.21798677924609e-06,-2.0963077531632734e-06,-2.5435986223953932e-06,0.8018566854298115,23572246.349531144,19.89636508790146,True
236700.0,3.041558583365287e-06,-1.9782948470492556e-06,-2.3988122848095372e-06,0.7845109775662422,23654715.65164224,19.04860941886427,True
237000.0,2.8720481506688818e-06,-1.88056088745725e-06,-2.247986195413887e-06,0.7643520757555962,23748159.675518,18.098554433853828,True
237300.0,2.71066265649634e-06,-1.802218406510292e-06,-2.0926065857906906e-06,0.7433173730969429,23852249.90784031,17.052272560281903,True
237600.0,2.5626748912131204e-06,-1.7434252868042677e-06,-1.9381303761889512e-06,0.7198577038943768,23966620.320850756,15.916109255712733,True
237900.0,2.427427742425419e-06,-1.702760386024238e-06,-1.7831510934485095e-06,0.6955609768629074,24090870.71172973,14.696557230479783,True
238200.0,2.3080191240251748e-06,-1.679318046399203e-06,-1.6304313010806482e-06,0.6707503609359264,24224570.201865867,13.400143681349697,True
238500.0,2.204132025720853e-06,-1.672359474014229e-06,-1.4774883574375508e-06,0.6438292451202869,24367260.82277874,12.033332639870633,True
238800.0,2.1226830449937737e-06,-1.6825599118419632e-06,-1.3306445740823847e-06,0.6170942187309265,24518461.130471412,10.602443399545603,True
239100.0,2.0587419678675953e-06,-1.7029744299179583e-06,-1.187878371666784e-06,0.588349636644125,24677669.817628205,9.113584885379243,False
239400.0,2.018202647813445e-06,-1.7373313596635853e-06,-1.052254559930077e-06,0.560595478862524,24844369.245368388,7.572605194474612,False
239700.0,1.9970035326844596e-06,-1.782297971431035e-06,-9.197679053940533e-07,0.5317372828722,25018028.892490022,5.985054910109195,False
240000.0,1.9961029866493823e-06,-1.8358209388225077e-06,-7.960104628779163e-07,0.5031029768288136,25198108.64957124,4.356162607109963,False
240300.0,2.0143811528966e-06,-1.8977125080255064e-06,-6.814365804963529e-07,0.47368768602609634,25384061.963523988,2.6908207288471044,False
240600.0,2.047281305926516e-06,-1.966118219343116e-06,-5.717536711857818e-07,0.44462382048368454,25575338.786845062,0.9935801291757678,False
240900.0,2.095376959981298e-06,-2.042324069861934e-06,-4.692510136017347e-07,0.41517214849591255,25771388.33490797,-0.7313483826769492,False
241200.0,2.1535538183487925e-06,-2.1227365891718364e-06,-3.744608063627197e-07,0.3869125507771969,25971661.62468166,-2.4800870320159336,False
241500.0,2.2209061971481487e-06,-2.2082876682816277e-06,-2.8750752978368155e-07,0.3577401451766491,26175613.808190204,-4.249079901736261,False
241800.0,2.2949056006648627e-06,-2.2980412950346363e-06,-2.0969823033567536e-07,0.32995132356882095,26382706.27557513,-6.035078737128263,False
242100.0,2.3734642055109653e-06,-2.391903421994357e-06,-1.3584107616537722e-07,0.3013283684849739,26592408.561574407,-7.835126696771511,False
242400.0,2.4535704899486075e-06,-2.4877218152141722e-06,-7.089496278922525e-08,0.27406948059797287,26804200.026227955,-9.646540799164141,False
242700.0,2.536823192267536e-06,-2.588455345176044e-06,-1.315233788545811e-08,0.24605123326182365,27017571.353300136,-11.466893751984955,False
243000.0,2.6188750411753015e-06,-2.690715831477064e-06,3.707029883059931e-08,0.21965621039271355,27232025.840919487,-13.293995599401873,False
243300.0,2.6997631177412935e-06,-2.795393896803944e-06,8.101987880593242e-08,0.19297827780246735,27447080.53060302,-15.125875604493256,False
243600.0,2.7771191042627995e-06,-2.9007040325268463e-06,1.197251258133747e-07,0.16674308106303215,27662267.153108824,-16.960764631918646,False
243900.0,2.853236186627831e-06,-3.009712600032799e-06,1.5186711266323982e-07,0.14119862392544746,27877132.929065317,-18.797078239119,False
244200.0,2.9255727377589806e-06,-3.1204220363179047e-06,1.7622649295390147e-07,0.11632930114865303,28091241.223332234,-20.633400619709494,False
244500.0,2.9942920675154793e-06,-3.2333298349840334e-06,1.9573421994323326e-07,0.09124822914600372,28304172.069397658,-22.468469483285627,False
244800.0,3.0597184759196655e-06,-3.349433058019713e-06,2.0776555587076473e-07,0.06658434867858887,28515522.571802203,-24.3011619029273,False
245100.0,3.119406548907252e-06,-3.466161075493801e-06,2.1632639146673682e-07,0.04324883595108986,28724907.204512887,-26.130481181327752,False
245400.0,3.1761164257043627e-06,-3.5872803607617243e-06,2.1712357423098183e-07,0.02008512243628502,28931958.013439246,-27.955544677995633,False
245700.0,3.2262977312471027e-06,-3.7087289683768176e-06,2.1550220807853293e-07,-0.002376805990934372,29136324.72588705,-29.775572631269167,False
246000.0,3.2712445857294203e-06,-3.832676156889647e-06,2.060583739194044e-07,-0.025317303836345673,29337674.78949885,-31.589877864895413,False
246300.0,3.31252407517236e-06,-3.960903796951243e-06,1.9407985973884934e-07,-0.046623408794403076,29535693.333685055,-33.3978564113077,False
246600.0,3.3479962761846413e-06,-4.091522384896962e-06,1.752071554506074e-07,-0.0679544061422348,29730083.081835654,-35.198978913967885,False
246900.0,3.3789856240004787e-06,-4.226239809668186e-06,1.5243379181129058e-07,-0.08939598500728607,29920564.196935706,-36.992782830077125,False
247200.0,3.4051093951470615e-06,-4.364901315057068e-06,1.2695333140300136e-07,-0.10957783833146095,30106874.08487654,-38.778865310141434,False
247500.0,3.4256749709244337e-06,-4.5071224690218514e-06,9.579197524089977e-08,-0.13043881207704544,30288767.160414796,-40.556876726137446,False
247800.0,3.441358466530951e-06,-4.6540482685486495e-06,6.036847821633273e-08,-0.14986295625567436,30466014.56416444,-42.32651479061296,False
248100.0,3.451656339055239e-06,-4.805367325388943e-06,2.1555294438257988e-08,-0.16935116425156593,30638403.862388674,-44.0875191799697,False
248400.0,3.458284821154313e-06,-4.963925107404066e-06,-2.262530784946648e-08,-0.18776138871908188,30805738.70471407,-45.83966661486866,False
248700.0,3.4581564709316846e-06,-5.125806694650237e-06,-6.829382925843674e-08,-0.20706574246287346,30967838.4693395,-47.58276634122148,False
249000.0,3.4567836671395345e-06,-5.299781264511694e-06,-1.1677373379370692e-07,-0.22514956444501877,31124537.8739704,-49.31665591291906,False
249300.0,3.449271461582896e-06,-5.479078083681088e-06,-1.7094174609155743e-07,-0.24380815401673317,31275686.583465047,-51.041197237346786,False
249600.0,3.4365175130333417e-06,-5.666015880478881e-06,-2.254921085409478e-07,-0.26231537386775017,31421148.787066035,-52.756272793029055,False
249900.0,3.422496975874332e-06,-5.86786836720421e-06,-2.8423033882063464e-07,-0.2799483761191368,31560802.770807378,-54.461781890901634,False
250200.0,3.4049232575121006e-06,-6.082445480615206e-06,-3.4525398007190233e-07,-0.2981146164238453,31694540.477693867,-56.157636922649544,False
250500.0,3.3827967698918178e-06,-6.309534740012168e-06,-4.078310169575161e-07,-0.31559156626462936,31822267.0508913,-57.84375939591007,False
250800.0,3.3589254480957458e-06,-6.555638435656874e-06,-4.743789432382073e-07,-0.33299345523118973,31943900.377579223,-59.52007559021915,False
251100.0,3.3322637673564478e-06,-6.821784268140618e-06,-5.423804765314344e-07,-0.35082435235381126,32059370.619199276,-61.18651157575045,False
251400.0,3.3056589614076868e-06,-7.116912229321315e-06,-6.127284493118168e-07,-0.3685816787183285,32168619.736799646,-62.84298719705147,False
251700.0,3.275194475895826e-06,-7.437493962925146e-06,-6.831074870206066e-07,-0.38650287315249443,32271601.014189456,-64.48940851302208,False
252000.0,3.2454858560986387e-06,-7.798387542834462e-06,-7.557871128938132e-07,-0.40353791788220406,32368278.573512692,-66.12565785499855,False
252300.0,3.214485508197177e-06,-8.20365033860071e-06,-8.277157945713043e-07,-0.42198896035552025,32458626.894632883,-67.75158028919755,False
252600.0,3.1851366101718946e-06,-8.669435572983275e-06,-9.01329300972975e-07,-0.4387737698853016,32542630.319174986,-69.3669644691721,False
252900.0,3.157352452386032e-06,-9.211675859432944e-06,-9.7401998289115e-07,-0.45600197464227676,32620282.572757147,-70.97151468808461,False
253200.0,3.129338334145442e-06,-9.845487284110277e-06,-1.0442331870308408e-06,-0.47389034926891327,32691586.269247882,-72.56480862412721,False
253500.0,3.1060177674634263e-06,-1.0613622379196386e-05,-1.1137614990275324e-06,-0.4906546100974083,32756552.42247277,-74.14623119268927,False
253800.0,3.0834371541142617e-06,-1.155282302534033e-05,-1.1753673305747725e-06,-0.5076783373951912,32815199.96444404,-75.71486690653497,False
254100.0,3.066118478691277e-06,-1.2741270410288053e-05,-1.2318595992155679e-06,-0.5239394381642342,32867555.254860263,-77.26931680470139,False
254400.0,3.052408925650965e-06,-1.4288890582747626e-05,-1.2745190645091498e-06,-0.5402961745858192,32913651.603246443,-78.80737099038129,False
254700.0,3.044016672518055e-06,-1.638284769001075e-05,-1.2984744159894035e-06,-0.5560557208955288,32953528.786931865,-80.32538648491453,False
255000.0,3.0406023925143603e-06,-1.9341964247132637e-05,-1.2907547528584473e-06,-0.5708808489143848,32987232.578707654,-81.81701723906534,False
255300.0,3.042618035731896e-06,-2.376260147229914e-05,-1.226190832426255e-06,-0.5861730687320232,33014814.27910306,-83.27038768544661,False
255600.0,3.0526470825448994e-06,-3.077533867212878e-05,-1.0577775668707545e-06,-0.6001743003726006,33036330.24834155,-84.66113326253435,False
255900.0,3.067256075078919e-06,-4.221620611133403e-05,-6.673017907132817e-07,-0.6144586503505707,33051841.456486855,-85.9334208154101,False
256200.0,3.090162318475722e-06,-5.793460547920404e-05,1.724628191368538e-07,-0.6270855851471424,33061413.027909726,-86.94723103500527,False
256500.0,3.1203365483864834e-06,-5.935254813493884e-05,1.5689079333469635e-06,-0.6398238874971867,33065113.808365863,-87.39534584959748,False
256800.0,3.1567404047943634e-06,-3.23209074508668e-05,2.67312100277195e-06,-0.6529163047671318,33063015.929057322,-87.02206363687523,False
257100.0,3.200330266930977e-06,-1.2391474200512675e-05,3.0850884087385566e-06,-0.6634185798466206,33055194.3846338,-86.0616548827002,False
257400.0,3.24972470052838e-06,-4.489249022299191e-06,3.2245187497892402e-06,-0.6740951389074326,33041726.63305779,-84.83723038260416,False
257700.0,3.3057907520923076e-06,-1.6429066533873993e-06,3.300555604823785e-06,-0.6845886334776878,33022692.190009978,-83.50040124801215,False
258000.0,3.36980750155018e-06,-6.62987389432601e-07,3.368578731510752e-06,-0.6936647221446037,32998172.247609265,-82.11130771402247,False
258300.0,3.4371733839598565e-06,-4.1705962416926923e-07,3.4365119461199356e-06,-0.702683798968792,32968249.308584094,-80.69587109061465,False
258600.0,3.5118619022374516e-06,-4.5982335450389655e-07,3.5108175922005103e-06,-0.7112767398357391,32933006.82786506,-79.26654777432984,False
258900.0,3.590410304079262e-06,-6.341052767311339e-07,3.587920872405448e-06,-0.7193820513784885,32892528.87675282,-77.82987670952708,False
259200.0,3.674214570362783e-06,-8.537692508525652e-07,3.6687175395400118e-06,-0.7267216593027115,32846899.821735185,-76.38951594047325,False
259500.0,3.795635388525433e-06,-1.3646483125739906e-06,3.7790536993043133e-06,-0.7283478267490864,32796204.017541327,-74.94759585129479,False
259800.0,3.891205366553538e-06,-1.5805048008132871e-06,3.8652434284358606e-06,-0.7366356290876865,32740525.54595979,-73.50537737935527,False
260100.0,3.990221132978008e-06,-1.78671967887567e-06,3.9521007551002185e-06,-0.7431854456663132,32679947.91453067,-72.06359663480607,False
260400.0,4.091896458661247e-06,-1.9797685411049315e-06,4.038829857222481e-06,-0.749172393232584,32614553.84489007,-70.62265629074273,False
260700.0,4.196017740310281e-06,-2.166395631775231e-06,4.12477875499917e-06,-0.755505234003067,32544425.042918622,-69.18273760827415,False
261000.0,4.3028134751080284e-06,-2.335668852992967e-06,4.210894800849019e-06,-0.7609773576259613,32469641.999782182,-67.74386882696652,False
261300.0,4.413774107534721e-06,-2.4968057914520614e-06,4.298220062537439e-06,-0.765583947300911,32390283.8218906,-66.3059684985562,False
261600.0,4.525199039917732e-06,-2.6442698981554713e-06,4.383640103355901e-06,-0.7702037803828716,32306428.081778932,-64.86887384365124,False
261900.0,4.6365939519150814e-06,-2.779925353024737e-06,4.466780374912105e-06,-0.773614663630724,32218150.691636935,-63.432359858366446,False
262200.0,4.750795575349949e-06,-2.905778615058807e-06,4.550670276159963e-06,-0.7772682830691338,32125525.810614455,-61.99615251421891,False
262500.0,4.863121072892785e-06,-3.023479962394049e-06,4.63049838117513e-06,-0.7795099951326847,32028625.76823048,-60.559938088184936,False
262800.0,4.9778147683814175e-06,-3.133920131404011e-06,4.710839597521499e-06,-0.7807674333453178,31927521.025986157,-59.123369941132914,False
263100.0,5.0909813535024045e-06,-3.2338174946744402e-06,4.788508881858888e-06,-0.7820184119045734,31822280.159999076,-57.68607350203209,False
263400.0,5.2041187630838345e-06,-3.3297502000095847e-06,4.86418176137704e-06,-0.7830482609570026,31712969.871601485,-56.24765005983276,False
263700.0,5.3174221708574284e-06,-3.4166220643783163e-06,4.939404149695292e-06,-0.7832325622439384,31599655.028992068,-54.80767968088056,False
264000.0,5.42825869037822e-06,-3.498447881611355e-06,5.010804571270455e-06,-0.7818086631596088,31482398.737176795,-53.36572351043158,False
264300.0,5.538908223867909e-06,-3.5730635659092513e-06,5.08167087076572e-06,-0.7796726040542126,31361262.438421898,-51.92132564982436,False
264600.0,5.6464649778408695e-06,-3.64042494993555e-06,5.149241232516033e-06,-0.7775831297039986,31236306.03819981,-50.47401468853517,False
264900.0,5.752347404223838e-06,-3.705423466726643e-06,5.213960420746844e-06,-0.7745340578258038,31107588.060398154,-49.023305023805236,False
265200.0,5.856726657557066e-06,-3.7645601196345524e-06,5.277290746619201e-06,-0.7694034911692142,30975165.834817227,-47.56869799704763,False
265500.0,5.957966827794477e-06,-3.816738797013386e-06,5.338135224519647e-06,-0.764399778097868,30839095.715300627,-46.10968290302987,False
265800.0,6.0557600381601695e-06,-3.867521684242092e-06,5.394523626023329e-06,-0.7580029480159283,30699433.31592795,-44.64573791260597,False
266100.0,6.151332369320264e-06,-3.910755140168476e-06,5.4502680271184545e-06,-0.7507889084517956,30556233.788293265,-43.17633093441934,False
266400.0,6.243706167613696e-06,-3.953662485400855e-06,5.501824688280976e-06,-0.7428927831351757,30409552.11816818,-41.70092041051476,False
266700.0,6.3325040392763274e-06,-3.9908732105686795e-06,5.55105390276367e-06,-0.7336075715720654,30259443.45149341,-40.21895610696328,False
267000.0,6.4171724980386985e-06,-4.021656479835656e-06,5.597979999549807e-06,-0.7231841571629047,30105963.44911915,-38.72987986601482,False
267300.0,6.497714974379555e-06,-4.050796519550204e-06,5.6407992090612424e-06,-0.7122352123260498,29949168.664957203,-37.23312635737843,False
267600.0,6.5742198806474235e-06,-4.076613038250798e-06,5.680524225226691e-06,-0.6992623582482338,29789116.947231352,-35.72812383506627,False
267900.0,6.646568827043857e-06,-4.0984633074003796e-06,5.717543579919493e-06,-0.6852957345545292,29625867.87088852,-34.21429489539748,False
268200.0,6.71281697666589e-06,-4.115913526447912e-06,5.750050583230859e-06,-0.6713738739490509,29459483.185877573,-32.69105725419227,False
268500.0,6.775439836502275e-06,-4.130835918658704e-06,5.780203963468011e-06,-0.655056532472372,29290027.286372628,-31.15782455726846,False
268800.0,6.832489873988036e-06,-4.1432562341015e-06,5.805878558362565e-06,-0.638369232416153,29117567.7121255,-29.61400721087287,False
269100.0,6.884717852297756e-06,-4.152853023242642e-06,5.828293801357631e-06,-0.6196951977908611,28942175.653148614,-28.05901327198471,False
269400.0,6.931838351911261e-06,-4.159068055287207e-06,5.847609607201321e-06,-0.6007714383304119,28763926.48746598,-26.4922493814181,False
269700.0,6.972582359215668e-06,-4.161286540238507e-06,5.8628755503775665e-06,-0.5799247436225414,28582900.32153669,-24.913121768446857,False
270000.0,7.006131638601059e-06,-4.160434514233202e-06,5.872769257564414e-06,-0.5588917322456837,28399182.55904571,-23.321037337563634,False
270300.0,7.034425601961033e-06,-4.158328295034153e-06,5.878659507629891e-06,-0.5358525924384594,28212864.4689123,-21.715404855247858,False
270600.0,7.056794641200801e-06,-4.152013104885555e-06,5.8816898196312195e-06,-0.5125682577490807,28024043.778485335,-20.095636247309987,False
270900.0,7.071727318455568e-06,-4.1430252792906685e-06,5.879272595876728e-06,-0.4875360280275345,27832825.26176292,-18.461148034005237,False
271200.0,7.080494934748055e-06,-4.131474213409092e-06,5.873001192924221e-06,-0.46127181872725487,27639321.34649195,-16.811362940084233,False
271500.0,7.081655108431427e-06,-4.1170536633217125e-06,5.8614673257295635e-06,-0.43521056324243546,27443652.719190508,-15.145711682291655,False
271800.0,7.0769991477385345e-06,-4.100597891465441e-06,5.846411861298861e-06,-0.4080280512571335,27245948.929225545,-13.463634996161879,False
272100.0,7.065105068690013e-06,-4.080270059603208e-06,5.8274534247004794e-06,-0.37985600158572197,27046348.99949736,-11.764585915824801,False
272400.0,7.0450130107768e-06,-4.057447085870081e-06,5.802626889206408e-06,-0.3502681329846382,26845002.02640591,-10.04803236829235,False
272700.0,7.018589301319351e-06,-4.033362301925081e-06,5.773446234869084e-06,-0.3203933499753475,26642067.775932617,-8.313460131789995,False
273000.0,6.9835655233849e-06,-4.0058003492049465e-06,5.738746080119483e-06,-0.2904842607676983,26437717.263284966,-6.560376200853896,False
273300.0,6.94045137179407e-06,-3.975130397293469e-06,5.698974418599789e-06,-0.2600776217877865,26232133.318956677,-4.788312647114514,False
273600.0,6.890514959736425e-06,-3.941564415299581e-06,5.655592814957089e-06,-0.22898641973733902,26025511.13470852,-2.996831037841491,False
273900.0,6.831863577482454e-06,-3.905120706804155e-06,5.606328596696741e-06,-0.19729825854301453,25818058.782411374,-1.185527502270815,False
274200.0,6.765336330171988e-06,-3.867040618388273e-06,5.551366788592027e-06,-0.16590173169970512,25609997.701488573,0.6459614360569624,False
274500.0,6.691266752949521e-06,-3.824572672783688e-06,5.493039231030394e-06,-0.1333858221769333,25401563.14441595,2.49795215891593,False
274800.0,6.607830472763853e-06,-3.778355790018395e-06,5.428661335571405e-06,-0.10189400613307953,25193004.58582272,4.370706246488653,False
275100.0,6.519213284097826e-06,-3.731391728933886e-06,5.361215885457682e-06,-0.07066921517252922,24984586.06619142,6.264421577319238,False
275400.0,6.419718288213749e-06,-3.680495751723356e-06,5.285916790498391e-06,-0.03858190402388573,24776586.482973363,8.17922208742605,False
275700.0,6.313530759898143e-06,-3.6250039840979298e-06,5.2081991448460485e-06,-0.00803455337882042,24569299.81226794,10.115145909802795,True
276000.0,6.199381201019686e-06,-3.5669933708959434e-06,5.1249799053465495e-06,0.022117089480161667,24363035.238676906,12.072131698324528,True
276300.0,6.0800246087036215e-06,-3.5062779488725937e-06,5.039571426834755e-06,0.05204329639673233,24158117.205106057,14.050002751342374,True
276600.0,5.951237213489538e-06,-3.438591221538445e-06,4.949439684764911e-06,0.08077068626880646,23954885.354999118,16.048448619460764,True
276900.0,5.817287969024246e-06,-3.3707750048961316e-06,4.855051447094638e-06,0.10887211933732033,23753694.35623659,18.06700369593307,True
277200.0,5.674751889437123e-06,-3.2959853228931024e-06,4.756354499590998e-06,0.13594018295407295,23554913.60191811,20.10502227371209,True
277500.0,5.529572675361239e-06,-3.2176401418837486e-06,4.657916157668751e-06,0.16156155988574028,23358926.76599718,22.16164937829937,True
277800.0,5.377541131173331e-06,-3.13441915977819e-06,4.555090473701284e-06,0.18587618321180344,23166131.204109315,24.235786582990244,True
278100.0,5.220328676768135e-06,-3.047261941446777e-06,4.448853495375715e-06,0.20850267261266708,22976937.18722919,26.326051747909897,True
278400.0,5.062798000873036e-06,-2.9543462858327985e-06,4.345359744917232e-06,0.23027686029672623,22791766.95044053,28.43073147771361,True
278700.0,4.89856378169723e-06,-2.8559347242662625e-06,4.236336739182889e-06,0.2504098415374756,22611053.551646564,30.547724755848215,True
279000.0,4.736006560229353e-06,-2.751023373548378e-06,4.131270408436194e-06,0.26796531304717064,22435239.519923795,32.67447577181865,True
279300.0,4.573837976302814e-06,-2.6436327971168794e-06,4.025971954035867e-06,0.2841341011226177,22264775.28734675,34.80789369902099,True
279600.0,4.4155843279610615e-06,-2.5296552905729186e-06,3.925544682203963e-06,0.29795289039611816,22100117.404245812,36.94425642110843,True
279900.0,4.257239251387397e-06,-2.4090069246085477e-06,3.824523389539536e-06,0.3108482360839844,21941726.518086214,39.079094826292746,True
280200.0,4.1087524366083715e-06,-2.2829064789675613e-06,3.732561317804084e-06,0.32104701921343803,21790065.134146485,41.20705348759519,True
280500.0,3.965648934203758e-06,-2.1540635657402163e-06,3.642875562093195e-06,0.32858550921082497,21645595.1408375,43.32172320824068,True
280800.0,3.836137854274711e-06,-2.021552973019425e-06,3.564021071156276e-06,0.3345024883747101,21508775.124685753,45.41544046522058,True
281100.0,3.7164572051686858e-06,-1.8891254853770079e-06,3.490254606219878e-06,0.3379358686506748,21380057.48552576,47.479049533321685,True
281400.0,3.614828824673574e-06,-1.7559717093718064e-06,3.430238095347704e-06,0.3398279622197151,21259885.36362989,49.50162480687954,True
281700.0,3.5319901736414014e-06,-1.6290444762034895e-06,3.383075615204234e-06,0.33821413293480873,21148689.420758795,51.470155782412554,True
282000.0,3.4697596631019096e-06,-1.51826736782823e-06,3.3494188826921345e-06,0.3349874019622803,21046884.488869026,53.36920639341221,True
282300.0,3.427835522624441e-06,-1.4255719520406274e-06,3.329786274264279e-06,0.3289160989224911,20954866.151890293,55.18057745371272,True
282600.0,3.410302739807884e-06,-1.3648719061620795e-06,3.3277769588835326e-06,0.3218979761004448,20873007.27992937,56.88302858534406,True
282900.0,3.418201821639582e-06,-1.3503953937288316e-06,3.3443839129176922e-06,0.31154968217015266,20801654.594555654,58.452156655617394,True
283200.0,3.446967162982118e-06,-1.3965851906050375e-06,3.37488580015588e-06,0.2987522967159748,20741125.292639412,59.860578506051006,True
283500.0,3.4980009344364867e-06,-1.5215448456729064e-06,3.41973102990778e-06,0.2846311144530773,20691703.81329003,61.07861195346505,True
283800.0,3.567901205744239e-06,-1.73689551274947e-06,3.4739464354061056e-06,0.26872531697154045,20653638.796403524,62.075655783561785,True
284100.0,3.6586537051768354e-06,-2.0537372051876446e-06,3.536356580013944e-06,0.2501050643622875,20627140.29064084,62.82238173097477,True
284400.0,3.761829865608447e-06,-2.4582519984051032e-06,3.5959445128241896e-06,0.22952479124069214,20612377.269573886,63.29362188324266,True
284700.0,3.874884115328769e-06,-2.9393389979759377e-06,3.645708424926397e-06,0.2070663757622242,20609475.513515092,63.471486815419546,True
285000.0,4.001375024260548e-06,-3.4641527690837393e-06,3.6873209694476827e-06,0.18393966928124428,20618515.893455084,63.34793905060312,True
285300.0,4.129898157845328e-06,-3.986391391208599e-06,3.7100034049331043e-06,0.15876536816358566,20639533.103185922,62.92601588851156,True
285600.0,4.263640291776586e-06,-4.478418247799709e-06,3.717745912013015e-06,0.13167652115225792,20672514.852495957,62.21927730332875,True
285900.0,4.40023507481206e-06,-4.913322413813148e-06,3.7117372002626325e-06,0.10389265045523643,20717401.548758574,61.24968473348969,True
286200.0,4.5359893380000436e-06,-5.276439026147273e-06,3.692393072185496e-06,0.07529560476541519,20774086.46754147,60.0446211321365,True
286500.0,4.669193863696782e-06,-5.562323281083081e-06,3.663208268278595e-06,0.04519122093915939,20842416.3983487,58.63387772362149,True
286800.0,4.798164499722561e-06,-5.773801916575394e-06,3.6274941308533926e-06,0.015109039843082428,20922192.74657062,57.0471971248481,True
287100.0,4.921857846776902e-06,-5.9237946743451175e-06,3.5860198863701953e-06,-0.017133492976427078,21013173.071960274,55.31260628158509,True
287400.0,5.040138499206154e-06,-6.024981388463857e-06,3.540117319289493e-06,-0.04930568113923073,21115073.001411106,53.455494629444416,True
287700.0,5.149609379472375e-06,-6.078768251427391e-06,3.4925352991876935e-06,-0.08146877214312553,21227568.49826034,51.498258799594765,True
288000.0,5.253533198519878e-06,-6.1060973735038715e-06,3.4421177304011508e-06,-0.11355261504650116,21350298.412198815,49.460314412516766,True
288300.0,5.347352630121819e-06,-6.105953133328512e-06,3.389053318869628e-06,-0.1471424587070942,21482867.267907523,47.35831153933408,True
288600.0,5.4310000548965324e-06,-6.086624182444211e-06,3.3325287205343557e-06,-0.17929300665855408,21624848.223770697,45.206440975241215,True
288900.0,5.507745665248822e-06,-6.056421767652864e-06,3.2751342118331195e-06,-0.2121344543993473,21775786.168592483,43.0167625673723,True
289200.0,5.573940084942969e-06,-6.013797758441797e-06,3.2162127752144443e-06,-0.24364978447556496,21935200.86815065,40.79951853537027,True
289500.0,5.631777672167073e-06,-5.967663469164108e-06,3.153290535351516e-06,-0.2762207090854645,22102590.14832054,38.56341481224708,True
289800.0,5.680878808481756e-06,-5.91610375977325e-06,3.0900219698537512e-06,-0.30785880982875824,22277433.034580708,36.315865085452856,True
290100.0,5.718986097044538e-06,-5.861554114972023e-06,3.0212109507488094e-06,-0.3383750095963478,22459192.8405637,34.063198347403166,True
290400.0,5.748845282243195e-06,-5.80584062959133e-06,2.950797487244472e-06,-0.36849818006157875,22647320.15003426,31.810833473038496,True
290700.0,5.772344443349025e-06,-5.752684586468604e-06,2.877936381651125e-06,-0.3980454280972481,22841255.670888156,29.563425416414876,True
291000.0,5.7854587578670925e-06,-5.6969590502831124e-06,2.8026807257219843e-06,-0.42565277218818665,23040432.94220512,27.324987510837484,True
291300.0,5.791689905177863e-06,-5.644697779416674e-06,2.7228941164025855e-06,-0.45318321883678436,23244280.881740537,25.098994014943337,True
291600.0,5.7889325533533106e-06,-5.591718206687801e-06,2.6408963087476423e-06,-0.4800860770046711,23452226.148700263,22.888466425864895,True
291900.0,5.780067724211223e-06,-5.541676785014715e-06,2.556299662614947e-06,-0.5059415400028229,23663695.334356844,20.696046536745662,True
292200.0,5.763381040973842e-06,-5.491489673659089e-06,2.470616802696668e-06,-0.5298825427889824,23878116.967665017,18.524058633323737,True
292500.0,5.741536758085456e-06,-5.445908357160079e-06,2.3800064283818756e-06,-0.5528430119156837,24094923.343796678,16.37456281552495,True
292800.0,5.713718184492363e-06,-5.401538317073573e-06,2.288595045030206e-06,-0.5749071314930916,24313552.172713384,14.24940099381882,True
293100.0,5.6819984989074e-06,-5.36118443505984e-06,2.194560133617074e-06,-0.5956945456564426,24533448.062823657,12.15023688116904,True
293400.0,5.64489643150494e-06,-5.322118937556297e-06,2.0993679807901344e-06,-0.6155177019536495,24754063.846285846,10.078590954618006,True
293700.0,5.6051071478875174e-06,-5.286721773245517e-06,2.0034943322144727e-06,-0.633205883204937,24974861.751887463,8.035871248820307,False
294000.0,5.561265499238604e-06,-5.254308234725613e-06,1.903658494839533e-06,-0.6504528820514679,25195314.44617004,6.0234006332001355,False
294300.0,5.5139863323174316e-06,-5.224241789392181e-06,1.8019370520150346e-06,-0.6658303439617157,25414905.937157687,4.042441101432983,False
294600.0,5.464446065317622e-06,-5.196384847749869e-06,1.7011213326867392e-06,-0.6805984377861023,25633132.374133386,2.0942155345055427,False
294900.0,5.413531996104378e-06,-5.171983559648652e-06,1.599118009232292e-06,-0.6933170519769192,25849502.731628142,0.1799272751266976,False
295200.0,5.363337671403645e-06,-5.15263471356775e-06,1.4963592895878008e-06,-0.7047178894281387,26063539.409900613,-1.6992222211738843,False
295500.0,5.311505079158313e-06,-5.1360879922413005e-06,1.390457433192438e-06,-0.7151229865849018,26274778.744522445,-3.542017414383997,False
295800.0,5.258839472333342e-06,-5.1216776455476065e-06,1.2851540587277555e-06,-0.7237923853099346,26482771.444191124,-5.347214250747683,False
296100.0,5.208261788087424e-06,-5.112122238415395e-06,1.1802400656790724e-06,-0.7317686788737774,26687082.967420522,-7.113527127639121,False
296400.0,5.159292099343396e-06,-5.106580431402108e-06,1.0756032118308667e-06,-0.738703291863203,26887293.836982407,-8.839617216823491,False
296700.0,5.110432692502284e-06,-5.103262367356365e-06,9.70594904003974e-07,-0.7428224012255669,27082999.908937983,-10.524082102628666,False
297000.0,5.066009398341117e-06,-5.105904108404502e-06,8.671552667038895e-07,-0.7470369040966034,27273812.6062429,-12.165446762146248,False
297300.0,5.0241448092992645e-06,-5.112539497531543e-06,7.636697976209916e-07,-0.749941997230053,27459359.101967663,-13.762155936063685,False
297600.0,4.98555716921868e-06,-5.1236013121069846e-06,6.597521089446445e-07,-0.751585103571415,27639282.487655282,-15.312568014563535,False
297900.0,4.95047142095323e-06,-5.138620082334455e-06,5.580835953367114e-07,-0.7518169246613979,27813241.909658384,-16.814950570518338,False
298200.0,4.922223831805811e-06,-5.161109129403485e-06,4.5652178570776414e-07,-0.7504827864468098,27980912.687165316,-18.267477719416906,False
298500.0,4.897829571619749e-06,-5.187302463127708e-06,3.5891235228291407e-07,-0.7487644925713539,28141986.41514746,-19.66822955747752,False
298800.0,4.877953520371663e-06,-5.218008681140418e-06,2.6158267374398747e-07,-0.7456928379833698,28296171.04968346,-21.01519388911048,False
299100.0,4.867303378362511e-06,-5.257865950625273e-06,1.67793203331712e-07,-0.7415995225310326,28443190.990423355,-22.306270572680877,False
299400.0,4.860062023751754e-06,-5.3005722122634324e-06,7.436526772153229e-08,-0.7367306128144264,28582787.15100923,-23.539278715506047,False
299700.0,4.8594498179049406e-06,-5.349310754354519e-06,-1.5351606208469093e-08,-0.7295429855585098,28714717.02421046,-24.71196705216067,False
300000.0,4.868500671928011e-06,-5.4073306614554895e-06,-1.0275633144374297e-07,-0.7236692644655704,28838754.75267499,-25.822027706974254,False
300300.0,4.882841789382658e-06,-5.469720264272837e-06,-1.8587542527370715e-07,-0.7156691923737526,28954691.179045472,-26.867113580977723,False
300600.0,4.902957392995787e-06,-5.536848021847618e-06,-2.654352933006976e-07,-0.7060426138341427,29062333.919292934,-27.844859440900127,False
300900.0,4.932826541187759e-06,-5.612969943058488e-06,-3.4275684868134704e-07,-0.6967954114079475,29161507.423713055,-28.752906725025056,False
301200.0,4.96948072573656e-06,-5.69483000845139e-06,-4.144393059846152e-07,-0.6860258802771568,29252053.0370079,-29.588931900894508,False
301500.0,5.013553748237378e-06,-5.782831806300237e-06,-4.824312824780463e-07,-0.6752466075122356,29333829.073947877,-30.350678012940445,False
301800.0,5.06738881438833e-06,-5.8795680217826884e-06,-5.461609120516187e-07,-0.6633925810456276,29406710.885189112,-31.035988903163574,False
302100.0,5.1244571729699034e-06,-5.977223565878376e-06,-6.0499602838604e-07,-0.6507962495088577,29470590.937012613,-31.64284530783328,False
302400.0,5.191208617168585e-06,-6.083213577312563e-06,-6.582655345255262e-07,-0.6376897059381008,29525378.889906663,-32.16940186070985,False
302700.0,5.263764318361238e-06,-6.192247099079395e-06,-7.085577777843355e-07,-0.6234743744134903,29571001.68248115,-32.61402382687908,False
303000.0,5.344095847587051e-06,-6.306254590526805e-06,-7.560215280477678e-07,-0.60972049087286,29607403.623820942,-32.975322269532626,False
303300.0,5.4288488951268386e-06,-6.421414184387686e-06,-7.971462423483899e-07,-0.5945268049836159,29634546.48195581,-33.25218625661757,False
303600.0,5.522291295077108e-06,-6.5422039767781826e-06,-8.337466397279059e-07,-0.5796513631939888,29652409.58981217,-33.443810740358444,False
303900.0,5.622826471129838e-06,-6.666515162123687e-06,-8.648461289340048e-07,-0.563670676201582,29660989.941766657,-33.54971889247488,False
304200.0,5.726287970463893e-06,-6.788867096929607e-06,-8.908208641855708e-07,-0.547730665653944,29660302.307136104,-33.56977783679045,False
304500.0,5.8378673560794875e-06,-6.9151743105067e-06,-9.120304511611721e-07,-0.5304555557668209,29650379.336846117,-33.504207071005936,False
304800.0,5.953630622520421e-06,-7.039840909328632e-06,-9.313379578657077e-07,-0.5132794827222824,29631271.68411936,-33.35357921002934,False
305100.0,6.0735816705517195e-06,-7.163390250752855e-06,-9.449547064832586e-07,-0.49513112381100655,29603048.117582545,-33.118813109529704,False
305400.0,6.201224947046481e-06,-7.289408870292391e-06,-9.55603724150933e-07,-0.4764479100704193,29565795.64611909,-32.801159777614075,False
305700.0,6.33020627443962e-06,-7.410366436033655e-06,-9.62349410826846e-07,-0.45712270587682724,29519619.63929087,-32.402181922781715,False
306000.0,6.462980245233988e-06,-7.528893803510073e-06,-9.673924488140528e-07,-0.43722672387957573,29464643.951246932,-31.92372819239534,False
306300.0,6.599758479777546e-06,-7.645512397402854e-06,-9.701535397255157e-07,-0.41707170754671097,29401011.043592382,-31.367903428223634,False
306600.0,6.741469741867864e-06,-7.761762788049964e-06,-9.694074378785444e-07,-0.3963860906660557,29328882.105716933,-30.737036318057356,False
306900.0,6.8830769056976085e-06,-7.871463679975932e-06,-9.686658231089496e-07,-0.37468522414565086,29248437.173178997,-30.03364585320139,False
307200.0,7.0275023552874815e-06,-7.978473661296448e-06,-9.682634427576886e-07,-0.35268718004226685,29159875.242275953,-29.260407932685492,False
307500.0,7.17393265798594e-06,-8.08276388397644e-06,-9.656769783816799e-07,-0.329655759036541,29063414.37369433,-28.42012326899586,False
307800.0,7.32361977207072e-06,-8.185917920400243e-06,-9.635085476134009e-07,-0.3060416541993618,28959291.792323083,-27.515687579236385,False
308100.0,7.47147845585631e-06,-8.282436056106235e-06,-9.64179470486215e-07,-0.2814682424068451,28847763.9706518,-26.550064850469,False
308400.0,7.621337257102736e-06,-8.377848189411452e-06,-9.644419698418005e-07,-0.256274975836277,28729106.700965308,-25.526264215912082,False
308700.0,7.771483421257252e-06,-8.470492048218148e-06,-9.673279919297784e-07,-0.22999630123376846,28603615.14629379,-24.447320769717066,False
309000.0,7.920787819760668e-06,-8.55993260984178e-06,-9.723667311334339e-07,-0.20311620458960533,28471603.872576628,-23.316280525092218,False
309300.0,8.071148375782743e-06,-8.648914985087686e-06,-9.801727500757806e-07,-0.17594579607248306,28333406.851497333,-22.136189496618655,False
309600.0,8.218663835182589e-06,-8.733895157320148e-06,-9.910229721299402e-07,-0.14700157567858696,28189377.43142371,-20.91008682869514,False
309900.0,8.364387204859787e-06,-8.816586785087566e-06,-1.0064742426152407e-06,-0.11695598810911179,28039888.27698124,-19.641001779334445,False
310200.0,8.507746108088349e-06,-8.89715835228344e-06,-1.026200060039173e-06,-0.08715839684009552,27885331.260072436,-18.331954330856746,False
310500.0,8.649168730324171e-06,-8.976588674158847e-06,-1.0516371844460082e-06,-0.054918233305215836,27726117.29766739,-16.985959148958123,False
310800.0,8.78848107856345e-06,-9.055454682993513e-06,-1.0820213240947396e-06,-0.022336363792419434,27562676.14557313,-15.606032625486208,False
311100.0,8.921721509584176e-06,-9.130383546107623e-06,-1.1164114397388403e-06,0.011309552937746048,27395456.10987597,-14.195202713063274,False
311400.0,9.051049734452053e-06,-9.203712465932767e-06,-1.1589861017569092e-06,0.04574629291892052,27224923.69488342,-12.756521284606443,False
311700.0,9.177667853689691e-06,-9.277482604375109e-06,-1.207734323216414e-06,0.08108403906226158,27051563.161152586,-11.293078779587159,False
312000.0,9.296727461049236e-06,-9.346983574687329e-06,-1.2642197084744566e-06,0.11728806048631668,26875875.9902318,-9.80802085173455,False
312300.0,9.409888922959539e-06,-9.414747580649419e-06,-1.325763044235373e-06,0.15534625947475433,26698380.241400816,-8.304566814728263,False
312600.0,9.517543561507401e-06,-9.481009726641787e-06,-1.3961190603595242e-06,0.1932382956147194,26519609.795657437,-6.786029604993745,False
312900.0,9.616543767604638e-06,-9.542915790916595e-06,-1.4747299239559197e-06,0.23229793459177017,26340113.4593141,-5.255837042799986,False
313200.0,9.708607409243706e-06,-9.602241703987602e-06,-1.5625719718137532e-06,0.27176153287291527,26160453.93715608,-3.7175540671220726,False
313500.0,9.792512465107796e-06,-9.658290537117864e-06,-1.6568257019677901e-06,0.3126618452370167,25981206.641774874,-2.1749056412631824,False
313800.0,9.866895347779585e-06,-9.708937795949169e-06,-1.7617072015641e-06,0.3533218167722225,25802958.344920445,-0.631799908100226,False
314100.0,9.930626156372217e-06,-9.753148077606966e-06,-1.8754486570404794e-06,0.39550867676734924,25626305.640599452,0.9076488426260074,False
314400.0,9.985634750913152e-06,-9.792709931844001e-06,-1.997352207627756e-06,0.43696849793195724,25451853.234099235,2.4390980225928307,False
314700.0,1.0029137232019614e-05,-9.82414675831933e-06,-2.1282767534991365e-06,0.47918757796287537,25280212.01959656,3.9579560948136185,False
315000.0,1.0059312510731417e-05,-9.84484094601612e-06,-2.268515243208924e-06,0.5216782428324223,25111996.96871126,5.4593642930654855,False
315300.0,1.0080960044509279e-05,-9.859366144837622e-06,-2.416014146966461e-06,0.5641657672822475,24947824.80503794,6.938181748206307,False
315600.0,1.0086590074465821e-05,-9.859058764050133e-06,-2.5704379957858237e-06,0.6059558391571045,24788311.475173876,8.388975245176004,False
315900.0,1.008212461900799e-05,-9.847429566889332e-06,-2.7368195372190485e-06,0.6485253721475601,24634069.414030083,9.806015009804291,False
316200.0,1.0062149381682266e-05,-9.819765864449437e-06,-2.9062451467609662e-06,0.6897040568292141,24485704.624557223,11.183278082930705,True
316500.0,1.0030423096818262e-05,-9.778247658687178e-06,-3.0797098755641628e-06,0.7299142144620419,24343813.565171786,12.51446106809932,True
316800.0,9.983462302017007e-06,-9.716138663407037e-06,-3.2607070092893764e-06,0.7698077261447906,24208979.885048375,13.793003974394072,True
317100.0,9.923195405378994e-06,-9.635373004357461e-06,-3.4435954621159226e-06,0.8089117556810379,24081771.023291927,15.012126952264529,True
317400.0,9.848115938238881e-06,-9.533738534628355e-06,-3.6246488477331695e-06,0.8459705412387848,23962734.703235265,16.164881551295572,True
317700.0,9.759046259110765e-06,-9.409132076143578e-06,-3.8062272231798033e-06,0.881988313049078,23852395.359065406,17.244217715733313,True
318000.0,9.656456381089833e-06,-9.260672072741727e-06,-3.986420960444548e-06,0.9169161468744278,23751250.548021812,18.243067171374975,True
318300.0,9.538803435488828e-06,-9.08751187012058e-06,-4.158937279896691e-06,0.9492483623325825,23659767.388475053,19.154443053273596,True
318600.0,9.410097454137577e-06,-8.891388574738812e-06,-4.326177901248229e-06,0.9792702496051788,23578379.077204563,19.97155451440904,True
318900.0,9.265691435340947e-06,-8.669600219946005e-06,-4.480142266061193e-06,1.0070055164396763,23507481.552160833,20.687933709702328,True
319200.0,9.112542848617756e-06,-8.428417856976012e-06,-4.622960872779913e-06,1.0333445854485035,23447430.351338733,21.297571249661747,True
319500.0,8.94505826379152e-06,-8.163136214989208e-06,-4.750100814021607e-06,1.0559959784150124,23398537.735255923,21.795054674640085,True
319800.0,8.76713093782356e-06,-7.879481444206249e-06,-4.860205706336274e-06,1.076701395213604,23361070.113839913,22.17570345580204,True
320100.0,8.580913794029933e-06,-7.5831387960079155e-06,-4.950127767244794e-06,1.094325464218855,23335245.856457338,22.435693152803484,True
320400.0,8.386455508306146e-06,-7.2756506597215775e-06,-5.019652192572721e-06,1.1086076758801937,23321233.507750325,22.572161258449157,True
320700.0,8.182187699821744e-06,-6.958778101306962e-06,-5.06607007721982e-06,1.1202220991253853,23319150.46333187,22.583287784753054,True
321000.0,7.973626416272038e-06,-6.639571012101442e-06,-5.09249834124148e-06,1.1298571825027466,23329062.13294889,22.468345019217583,True
321300.0,7.759769172670194e-06,-6.322003883951766e-06,-5.095660444709438e-06,1.1349664106965065,23350981.612128522,22.22771281792888,True
321600.0,7.542269836459542e-06,-6.012917765474413e-06,-5.073888715401154e-06,1.1375999562442303,23384869.857060995,21.862858320861825,True
321900.0,7.324454580429264e-06,-5.714662449918251e-06,-5.032785146852348e-06,1.1373556777834892,23430636.384975452,21.376281499302298,True
322200.0,7.103917718685713e-06,-5.42879877230007e-06,-4.969956545863852e-06,1.1335647478699684,23488140.460467137,20.771430349351103,True
322500.0,6.885796950446365e-06,-5.161581555057637e-06,-4.889225312609824e-06,1.1275823675096035,23557192.750403743,20.052591532625925,True
322800.0,6.671593407897324e-06,-4.915424369755783e-06,-4.7925343373833584e-06,1.118654977530241,23637557.41746541,19.22476339803573,True
323100.0,6.460748958959744e-06,-4.690890079928067e-06,-4.680255276667822e-06,1.1059579961001873,23728954.594765797,18.293518874246967,True
323400.0,6.255340478683515e-06,-4.490125377287768e-06,-4.5545513245315306e-06,1.091606229543686,23831063.195083015,17.264865441778653,True
323700.0,6.058860664644868e-06,-4.312919429594331e-06,-4.421180072711195e-06,1.0745695121586323,23943524.00834264,16.145108571138643,True
324000.0,5.870450882454944e-06,-4.15939024378531e-06,-4.279211191615673e-06,1.0555570162832737,24065943.008125678,14.940723798693547,True
324300.0,5.692290197863334e-06,-4.030410707400733e-06,-4.13082213412963e-06,1.034589696675539,24197894.825554483,13.658241263814906,True
324600.0,5.525059669019705e-06,-3.923566680441581e-06,-3.978818805094875e-06,1.0115466378629208,24338926.3214143,12.30414507274538,True
324900.0,5.3703336988004725e-06,-3.840061737037104e-06,-3.823641382183496e-06,0.9859351441264153,24488560.204091053,10.884788636644661,True
325200.0,5.22916190379604e-06,-3.7763352906949876e-06,-3.6693791187758507e-06,0.9593672417104244,24646298.637706243,9.406326080895631,False
325500.0,5.103243204936045e-06,-3.731919861138522e-06,-3.5181372872727934e-06,0.9315320029854774,24811626.80259548,7.87465899332157,False
325800.0,4.990207781059627e-06,-3.7061163595808466e-06,-3.366308041208299e-06,0.9015676416456699,24984016.354962215,6.295397260641604,False
326100.0,4.894811890533158e-06,-3.697139845826314e-06,-3.221970693800813e-06,0.8709347769618034,25162928.75456248,4.673832415694152,False
326400.0,4.811766902139844e-06,-3.7021140997239854e-06,-3.0798321821734476e-06,0.8390206433832645,25347818.44051444,3.014921683190902,False
326700.0,4.7461176965827815e-06,-3.724024679740978e-06,-2.943581078218571e-06,0.8068125285208225,25538135.8174854,1.3232810504902386,False
327000.0,4.693005406692608e-06,-3.755971135888103e-06,-2.813833203718641e-06,0.7733884304761887,25733330.051071584,-0.39681440026734416,False
327300.0,4.654189649020999e-06,-3.8013345999843295e-06,-2.6891471285317436e-06,0.7397821396589279,25932851.64689994,-2.1414243903297865,False
327600.0,4.629105526553464e-06,-3.856605815144576e-06,-2.5737637265876856e-06,0.7051425315439701,26136154.822586548,-3.906932942443473,False
327900.0,4.616432941836962e-06,-3.922787101373615e-06,-2.464642404831352e-06,0.6708232201635838,26342699.655317605,-5.690034681426507,False
328200.0,4.613318304385323e-06,-3.996015237817119e-06,-2.3634156498530956e-06,0.6363084241747856,26551954.023248095,-7.487718880662167,False
328500.0,4.620771050924628e-06,-4.07844720484718e-06,-2.269789060704852e-06,0.601113248616457,26763395.331734233,-9.297252112524157,False
328800.0,4.635549410122579e-06,-4.167198596860544e-06,-2.183638033059765e-06,0.5659104809165001,26976512.0387346,-11.116160132289,False
329100.0,4.657832460082658e-06,-4.263240413138192e-06,-2.1052042615821165e-06,0.5309740416705608,27190804.99073474,-12.94220952445054,False
329400.0,4.6871369701039196e-06,-4.367178320308085e-06,-2.0339978767935918e-06,0.49536504969000816,27405788.576551553,-14.773389510351524,False
329700.0,4.719574775414953e-06,-4.4753325880719785e-06,-1.9702758997652836e-06,0.46039851009845734,27620991.707142167,-16.607894212862025,False
330000.0,4.757149625259306e-06,-4.590897077605405e-06,-1.9141033824610076e-06,0.4257645383477211,27835958.64519413,-18.444105600101253,False
330300.0,4.7971009455831954e-06,-4.71150531211606e-06,-1.865712224713434e-06,0.3910532146692276,28050249.684058744,-20.28057725428691,False
330600.0,4.838898986187551e-06,-4.83833409248291e-06,-1.8230519351902785e-06,0.3566567376255989,28263441.69425835,-22.116019065776513,False
330900.0,4.881882623863968e-06,-4.9706414415595646e-06,-1.7879325184821937e-06,0.3223814181983471,28475128.551122352,-23.94928289438088,False
331200.0,4.924249026172765e-06,-5.106945934585383e-06,-1.7607867803803856e-06,0.28838906437158585,28684921.450343475,-25.77934923843854,False
331500.0,4.966777853852198e-06,-5.250513908094945e-06,-1.7379149319651788e-06,0.2546844035387039,28892449.12605594,-27.605314893180655,False
331800.0,5.0080211937820124e-06,-5.39845279945439e-06,-1.7238344298675656e-06,0.22156678140163422,29097357.979165424,-29.426381562404398,False
332100.0,5.048565653863362e-06,-5.554066177637651e-06,-1.7141662240760525e-06,0.18793680518865585,29299312.128471825,-31.241845431027418,False
332400.0,5.08625402875942e-06,-5.714272418799737e-06,-1.711597697351408e-06,0.1554364375770092,29497993.385300923,-33.05108758937293,False
332700.0,5.123315362584548e-06,-5.882800394374499e-06,-1.7156486364910961e-06,0.12324396520853043,29693101.174780704,-34.853565315356036,False
333000.0,5.156664023214242e-06,-6.0567285231627466e-06,-1.7256041786595233e-06,0.09065850079059601,29884352.393864617,-36.64880411795687,False
333300.0,5.1885761211560055e-06,-6.240587111960849e-06,-1.739652311982809e-06,0.05920782685279846,30071481.22091087,-38.43639049924032,False
333600.0,5.2161454959978195e-06,-6.4296459356683044e-06,-1.7613122338389076e-06,0.02665659785270691,30254238.89032773,-40.215965362817585,False
333900.0,5.2414000780071345e-06,-6.629683667824793e-06,-1.7857818974675865e-06,-0.00408659502863884,30432393.4145586,-41.98721803442961,False
334200.0,5.263431704663531e-06,-6.8385024860617705e-06,-1.8169000668422086e-06,-0.03565673530101776,30605729.292603713,-43.74988078177957,False
334500.0,5.2830428765731814e-06,-7.059392487462901e-06,-1.8523338667364442e-06,-0.06685353443026543,30774047.169599816,-45.50372383308018,False
334800.0,5.300163179403411e-06,-7.292732533414892e-06,-1.89335622735598e-06,-0.09748049452900887,30937163.485449843,-47.248550773533616,False
335100.0,5.313521107161204e-06,-7.538734138279324e-06,-1.938170228754643e-06,-0.1270952820777893,31094910.09547698,-48.98419429357182,False
335400.0,5.325238546373083e-06,-7.80169938252584e-06,-1.9877658630207407e-06,-0.15748346969485283,31247133.875812877,-50.710512187824214,False
335700.0,5.335204434654326e-06,-8.084212595349527e-06,-2.0407400285193944e-06,-0.18801326677203178,31393696.30523607,-52.42738354850067,False
336000.0,5.341590123796275e-06,-8.384528882743325e-06,-2.0979730095405102e-06,-0.21755169332027435,31534473.03939946,-54.13470504019059,False
336300.0,5.346530367340054e-06,-8.709023575192987e-06,-2.1592324372932126e-06,-0.24777213856577873,31669353.474272635,-55.832387163228276,False
336600.0,5.350123565685761e-06,-9.060606600996834e-06,-2.2249239322036374e-06,-0.27661290019750595,31798240.28932644,-57.52035035341139,False
336900.0,5.351705769132305e-06,-9.444686384085799e-06,-2.291510234897487e-06,-0.30592820793390274,31921048.996072162,-59.198520747961474,False
337200.0,5.35371895724568e-06,-9.868195434137306e-06,-2.362529400556923e-06,-0.33465734496712685,32037707.46468391,-60.86682534958756,False
337500.0,5.352739292547723e-06,-1.0332012095659593e-05,-2.4351157108526422e-06,-0.36358024552464485,32148155.456032965,-62.52518628347698,False
337800.0,5.352807724752113e-06,-1.0852991039200788e-05,-2.5095523454865543e-06,-0.3920104056596756,32252344.140626673,-64.1735136002965,False
338100.0,5.353860219840087e-06,-1.1441909691711771e-05,-2.585510856079054e-06,-0.4199681170284748,32350235.61903785,-65.8116959179529,False
338400.0,5.354322178605296e-06,-1.2108395196719357e-05,-2.6623921485224855e-06,-0.44832000881433487,32441802.43727465,-67.4395877455257,False
338700.0,5.356354072921068e-06,-1.2879843666269153e-05,-2.7378682290191136e-06,-0.47622518613934517,32527027.09733093,-69.05699169886164,False
339000.0,5.359974176191182e-06,-1.377938073687801e-05,-2.812930603113273e-06,-0.5032431036233902,32605901.571124338,-70.6636326789112,False
339300.0,5.365041979959149e-06,-1.4848014387780495e-05,-2.8833445071541064e-06,-0.5305458977818489,32678426.813079674,-72.25911912465278,False
339600.0,5.3727357637387886e-06,-1.6136217823259358e-05,-2.950226473785733e-06,-0.5573468096554279,32744612.268259846,-73.84288275043818,False
339900.0,5.381286707239725e-06,-1.7723350993037457e-05,-3.0061965219374542e-06,-0.5844432488083839,32804475.388717808,-75.41408125929365,False
340200.0,5.394537030809213e-06,-1.9733518627162994e-05,-3.0513021300748733e-06,-0.6103727519512177,32858041.144335423,-76.97143433917482,False
340500.0,5.412037824463711e-06,-2.235794141824954e-05,-3.076573548810302e-06,-0.6362482644617558,32905341.544983387,-78.51293332600481,False
340800.0,5.431870433323946e-06,-2.589916147144322e-05,-3.069238530883922e-06,-0.661204632371664,32946415.156707156,-80.03529634669188,False
341100.0,5.457234871196165e-06,-3.0910102566394926e-05,-3.0112149431715807e-06,-0.6868505068123341,32981306.631116807,-81.5328723451682,False
341400.0,5.486263591287984e-06,-3.8373499421595625e-05,-2.8634541990868456e-06,-0.7109432816505432,33010066.228996526,-82.9952444276688,False
341700.0,5.520838229796505e-06,-5.0206662422169757e-05,-2.5473033673506507e-06,-0.7350400425493717,33032749.363701813,-84.40144472666611,False
342000.0,5.559187846410142e-06,-6.982528563526103e-05,-1.8845507980813636e-06,-0.7589919343590736,33049416.138046615,-85.70444079854101,False
342300.0,5.603380006175083e-06,-9.960655279428465e-05,-4.873715653275212e-07,-0.7821570746600628,33060130.895410713,-86.78734997278775,False
342600.0,5.653581024920065e-06,-0.00011521413702553218,2.0353878085188626e-06,-0.8052366487681866,33064961.779848885,-87.37609301556878,False
342900.0,5.709524017586999e-06,-7.232668866663516e-05,4.442420532768665e-06,-0.8276483304798603,33063980.301013816,-87.15761747487589,False
343200.0,5.770658156170049e-06,-2.9030746418357012e-05,5.45450846800577e-06,-0.8494978696107864,33057260.913872268,-86.27940709526732,False
343500.0,5.8377194112964465e-06,-1.0205829426013224e-05,5.771967707346448e-06,-0.8713005967438221,33044880.60730405,-85.08900199649618,False
343800.0,5.909460371556919e-06,-3.0296746729163715e-06,5.900298617689259e-06,-0.8918885216116905,33026918.502974663,-83.76705687311521,False
344100.0,5.986408062049025e-06,-3.045033167836664e-07,5.986272071822896e-06,-0.9117399081587791,33003455.472688552,-82.38512484244305,False
344400.0,6.07046385445261e-06,6.678851036667766e-07,6.069559390198265e-06,-0.9316502064466476,32974573.765124,-80.97337043426873,False
344700.0,6.157486459011309e-06,8.981834014321066e-07,6.155329373314089e-06,-0.9500159099698067,32940356.64621192,-79.54599567993002,False
345000.0,6.252373729190522e-06,7.974099389684852e-07,6.250214923397834e-06,-0.9688131883740425,32900888.064235702,-78.11034103955735,False
345300.0,6.350319725567327e-06,5.534174079002696e-07,6.349037803943247e-06,-0.9866519197821617,32856252.319028758,-76.67046888698619,False
345600.0,6.45236400181321e-06,2.4192826231228537e-07,6.452069158058293e-06,-1.003429502248764,32806533.760785777,-75.22873005662109,False
345900.0,6.580568707559744e-06,-3.2150086326510063e-07,6.579956405516896e-06,-1.0140068866312504,32751816.49688469,-73.7865138085092,False
346200.0,6.692130758715454e-06,-6.303845054844714e-07,6.6893991288452526e-06,-1.0302992686629295,32692184.147119254,-72.3446349871732,False
346500.0,6.80703218871114e-06,-9.316627824773605e-07,6.800204616297378e-06,-1.044692162424326,32627719.561128374,-70.9035470612816,False
346800.0,6.924446751487592e-06,-1.2171067851340922e-06,6.911270673981562e-06,-1.059824861586094,32558504.624055527,-69.46346541722833,False
347100.0,7.046155213172337e-06,-1.4897961477799981e-06,7.024065709515526e-06,-1.0734767131507397,32484620.040036555,-68.02444212660939,False
347400.0,7.171481365659311e-06,-1.7437830592825776e-06,7.137927411804412e-06,-1.0865583196282387,32406145.162378006,-66.58641298178767,False
347700.0,7.297270266751237e-06,-1.9804174087312276e-06,7.249652284713193e-06,-1.0990169532597065,32323157.836049534,-65.14922809790922,False
348000.0,7.426507498778185e-06,-2.2031068169781065e-06,7.362134880395388e-06,-1.1101703718304634,32235734.26976993,-63.712672421521724,False
348300.0,7.558617728413531e-06,-2.412793776329636e-06,7.474812314001156e-06,-1.121313888579607,32143948.93624348,-62.27647981976544,False
348600.0,7.690211938263244e-06,-2.6036296958409366e-06,7.5848533143130226e-06,-1.131708025932312,32047874.49230702,-60.84034301499563,False
348900.0,7.824789679247686e-06,-2.7876082242528355e-06,7.695077343328194e-06,-1.1414988823235035,31947581.73312846,-59.40392075210737,False
349200.0,7.958070365699139e-06,-2.95781910608639e-06,7.801895428372063e-06,-1.1496820785105228,31843139.56908721,-57.9668430606471,False
349500.0,8.093478974127721e-06,-3.1203044272842817e-06,7.908405642353955e-06,-1.1575602069497108,31734615.036233198,-56.52871523812661,False
349800.0,8.228002472617861e-06,-3.26609304579506e-06,8.012874118890068e-06,-1.1644485667347908,31622073.327447645,-55.08912089302033,False
350100.0,8.362706467695512e-06,-3.4067429339756927e-06,8.115238856021278e-06,-1.1701867245137691,31505577.859150805,-53.64762435436575,False
350400.0,8.496799595664311e-06,-3.538446833317721e-06,8.215410630896258e-06,-1.1755312085151672,31385190.364835236,-52.203772604739406,False
350700.0,8.630140796115459e-06,-3.6618457102122193e-06,8.31342729412654e-06,-1.1790855675935745,31260971.01419639,-50.75709687534513,False
351000.0,8.762873886971967e-06,-3.775948670181606e-06,8.409924824093196e-06,-1.1814328469336033,31132978.568552367,-49.307113993462075,False
351300.0,8.893751009652093e-06,-3.8834052134006924e-06,8.503421184968829e-06,-1.1837362721562386,31001270.55975362,-47.85332754507271,False
351600.0,9.02354574761775e-06,-3.983443775723572e-06,8.595156451463026e-06,-1.183330811560154,30865903.494947884,-46.39522891194349,False
351900.0,9.151115425250052e-06,-4.079982943494542e-06,8.683323805769305e-06,-1.1823905147612095,30726933.103034534,-44.93229820096241,False
352200.0,9.274554011402686e-06,-4.166668276184282e-06,8.767644587237555e-06,-1.1805238835513592,30584414.593315683,-43.4640051137034,False
352500.0,9.396726793432686e-06,-4.246960827458679e-06,8.850665039972228e-06,-1.177415657788515,30438402.95202357,-41.989809763224315,False
352800.0,9.515770388317612e-06,-4.322228789988003e-06,8.930329052247998e-06,-1.1719004921615124,30288953.262576535,-40.50916344872353,False
353100.0,9.630279369732652e-06,-4.393310348405066e-06,9.005126827332788e-06,-1.1655930429697037,30136121.05706145,-39.021509422214265,False
353400.0,9.741628630600523e-06,-4.457783319367081e-06,9.077478331676048e-06,-1.157787036150694,29979962.68493442,-37.5262836435285,False
353700.0,9.85011849423126e-06,-4.518866347780204e-06,9.14699061382862e-06,-1.1484646946191788,29820535.71496737,-36.02291552451083,False
354000.0,9.953553118600271e-06,-4.574087370201596e-06,9.212319788787227e-06,-1.137460932135582,29657899.357577343,-34.510828689529745,False
354300.0,1.0052678558859595e-05,-4.624473660896911e-06,9.274194354702558e-06,-1.125272922217846,29492114.91202771,-32.989441752941985,False
354600.0,1.0145043976926425e-05,-4.669326585826639e-06,9.330452495959207e-06,-1.111980713903904,29323246.233870134,-31.458169112533845,False
354900.0,1.0234437245605097e-05,-4.712547820417967e-06,9.384007277901674e-06,-1.0965680666267872,29151360.223722845,-29.91642178849624,False
355200.0,1.0319244749281152e-05,-4.750073287596024e-06,9.434820476883488e-06,-1.0792382955551147,28976527.33868633,-28.363608288469397,False
355500.0,1.0395980478587498e-05,-4.782728581176343e-06,9.479019269065247e-06,-1.060971450060606,28798822.119244702,-26.79913553236984,False
355800.0,1.046864634747425e-05,-4.813118323454546e-06,9.520145390240486e-06,-1.0406319051980972,28618323.73045396,-25.222409854019713,False
356100.0,1.053389672040679e-05,-4.838175016175228e-06,9.555977140252025e-06,-1.0193950906395912,28435116.525560334,-23.63283805681749,False
356400.0,1.0593775599249476e-05,-4.859695764025673e-06,9.588227605661359e-06,-0.9962301962077618,28249290.614033274,-22.02982858665655,False
356700.0,1.0648153693551618e-05,-4.878116243389741e-06,9.616751281527058e-06,-0.9707390628755093,28060942.44842103,-20.41279280208447,False
357000.0,1.0694065148875662e-05,-4.895047737818459e-06,9.63769952377902e-06,-0.9446354508399963,27870175.419268016,-18.78114638236155,False
357300.0,1.0732464752891973e-05,-4.90579270717717e-06,9.65442453804144e-06,-0.9173280633985996,27677100.45134017,-17.13431090670788,False
357600.0,1.0764698555715362e-05,-4.914399539757142e-06,9.666751001446983e-06,-0.8881731256842613,27481836.61131505,-15.471715598608197,False
357900.0,1.0789710687500692e-05,-4.91992383899742e-06,9.67409191687807e-06,-0.8583801165223122,27284511.717294756,-13.792799303196867,False
358200.0,1.0807109703958964e-05,-4.9217014748137444e-06,9.676482818576915e-06,-0.8265356980264187,27085262.941236798,-12.097012719257254,False
358500.0,1.0816720978978397e-05,-4.921901449961297e-06,9.67281440189538e-06,-0.7939807958900928,26884237.4173919,-10.383820928198265,False
358800.0,1.0819628703259183e-05,-4.919329285257845e-06,9.665003553038787e-06,-0.7595824114978313,26681592.832832314,-8.652706278276952,False
359100.0,1.0812927729228989e-05,-4.913144948659465e-06,9.650343306688569e-06,-0.7244435362517834,26477498.016805254,-6.903171663245335,False
359400.0,1.0798498661561671e-05,-4.905363169882548e-06,9.630042836050734e-06,-0.6880214177072048,26272133.506177995,-5.134744288913581,False
359700.0,1.0777268701416522e-05,-4.894842277280986e-06,9.605816267743705e-06,-0.6519315466284752,26065692.098608032,-3.346979974861835,False
360000.0,1.0745827050849123e-05,-4.883180025672118e-06,9.573116659611358e-06,-0.614130113273859,25858379.370996572,-1.539468086773532,False
360300.0,1.0707331952095866e-05,-4.8679788733352325e-06,9.5367887015807e-06,-0.5755723863840103,25650414.179648146,0.28816277449887506,False
360600.0,1.0659328774026118e-05,-4.84938897216125e-06,9.49407142858405e-06,-0.5362567380070686,25442029.11277791,2.136238266052649,False
360900.0,1.0604098163986045e-05,-4.8305817585969635e-06,9.44596254370822e-06,-0.49740317836403847,25233470.905205417,4.005030782338295,False
361200.0,1.0541939044990412e-05,-4.8099017249114695e-06,9.393686419834069e-06,-0.45763276144862175,25025000.795500442,5.894750806907478,False
361500.0,1.0468512593510607e-05,-4.786870533735055e-06,9.332645480419899e-06,-0.41708745062351227,24816894.83118754,7.805536940159491,False
361800.0,1.0389546873312883e-05,-4.763068488955469e-06,9.268486728331027e-06,-0.37722866982221603,24609444.100651763,9.737444362133523,False
362100.0,1.030161901324702e-05,-4.7356345191928995e-06,9.198796707465817e-06,-0.3373062126338482,24402954.882857967,11.69043153114824,True
362400.0,1.020709432689742e-05,-4.709765562438406e-06,9.123638117003452e-06,-0.2971036918461323,24197748.713826653,13.664344751152294,True
362700.0,1.0104820272338335e-05,-4.682295468683151e-06,9.043267487740536e-06,-0.25814129784703255,23994162.350623418,15.658900286015,True
363000.0,9.996191433709639e-06,-4.65627019252679e-06,8.957751742144637e-06,-0.21935102716088295,23792547.61674409,17.673663568782914,True
363300.0,9.880283329081468e-06,-4.6281961090244295e-06,8.867680143964662e-06,-0.18080433830618858,23593271.129721995,19.70802497738376,True
363600.0,9.755236295294989e-06,-4.60100164900723e-06,8.769553392795615e-06,-0.1435421146452427,23396713.885767147,21.761171538592436,True
363900.0,9.628171091512143e-06,-4.576252308652329e-06,8.670561925328002e-06,-0.10630219429731369,23203270.688688055,23.832053746251763,True
364200.0,9.496297218013124e-06,-4.552486473130557e-06,8.568214422410847e-06,-0.07049171254038811,23013349.420838468,25.919346577215485,True
364500.0,9.358735549529663e-06,-4.530493811216729e-06,8.461133589321435e-06,-0.03671300783753395,22827370.12603881,28.021403439631484,True
364800.0,9.217642259452527e-06,-4.513464972433212e-06,8.350353351005424e-06,-0.003686610609292984,22645763.902580112,30.13620161051822,True
365100.0,9.070795593771398e-06,-4.501606213125342e-06,8.233387397638126e-06,0.027898725122213364,22468971.59717867,32.26127732439701,True
365400.0,8.927023814726152e-06,-4.4974340198677965e-06,8.119047620880337e-06,0.057866983115673065,22297442.278556157,34.39364821966875,True
365700.0,8.780385665448339e-06,-4.502082703083943e-06,8.000490687720685e-06,0.08670679479837418,22131631.491422553,36.52972042937745,True
366000.0,8.634420068977326e-06,-4.5197638769423065e-06,7.880280413985474e-06,0.11303223669528961,21971999.286171924,38.66517686437323,True
366300.0,8.489941607282283e-06,-4.550879651787909e-06,7.759464303092045e-06,0.1368519775569439,21819008.014255535,40.79484280233098,True
366600.0,8.347548845229932e-06,-4.603506255307366e-06,7.636361466722974e-06,0.1604415364563465,21673119.900121965,42.91252420484403,True
366900.0,8.212363334180571e-06,-4.6836491662816115e-06,7.5152357581487195e-06,0.17996279522776604,21534794.40417276,45.010813926032654,True
367200.0,8.078592429910357e-06,-4.7943868821676006e-06,7.389496509802029e-06,0.19845116883516312,21404485.35924975,47.080861333771004,True
367500.0,7.955677064119645e-06,-4.94506994641597e-06,7.267389960929904e-06,0.21468805521726608,21282637.945354514,49.11210238288577,True
367800.0,7.837630004244951e-06,-5.144990637973024e-06,7.140471183220143e-06,0.22826936468482018,21169685.487979114,51.09195141408279,True
368100.0,7.731330395458218e-06,-5.414916472545883e-06,7.0111714194354136e-06,0.23949739709496498,21066046.133772306,53.00546407177713,True
368400.0,7.634718099694783e-06,-5.755174640853511e-06,6.8776724759800345e-06,0.2485315427184105,20972119.438061897,54.8349961939252,True
368700.0,7.548712762323094e-06,-6.181950482186949e-06,6.736302196941324e-06,0.25501399114727974,20888282.908227846,56.55990873987953,True
369000.0,7.478281789566672e-06,-6.71231441629061e-06,6.58657403818097e-06,0.25940849259495735,20814888.552480128,58.15640698837049,True
369300.0,7.417462385107186e-06,-7.346382034256749e-06,6.418479941316946e-06,0.2612120322883129,20752259.494244236,59.597651665654226,True
369600.0,7.372080559593648e-06,-8.090183882814017e-06,6.230777337634663e-06,0.26076246425509453,20700686.704021614,60.8543285597013,True
369900.0,7.341192672246824e-06,-8.931468585160474e-06,6.015891258925876e-06,0.2578439973294735,20660425.91569762,61.895881221670685,True
370200.0,7.320890622125865e-06,-9.82655285497458e-06,5.768245657122861e-06,0.2526993080973625,20631694.78156028,62.69254620816709,True
370500.0,7.316057382553652e-06,-1.0727014682743174e-05,5.491956869718706e-06,0.24503958970308304,20614670.327959914,63.218129586186464,True
370800.0,7.321889753260359e-06,-1.1572902280931885e-05,5.182437078588009e-06,0.2347862385213375,20609486.7609411,63.453130891775025,True
371100.0,7.341549277792248e-06,-1.230277075592312e-05,4.850396628341969e-06,0.22370440885424614,20616233.66924951,63.3874852232167,True
371400.0,7.37028229573448e-06,-1.2860140770953876e-05,4.503991910098648e-06,0.20884808897972107,20634954.671991806,63.022093243214094,True
371700.0,7.4085792397084095e-06,-1.3225834607055731e-05,4.154800436140249e-06,0.19276538863778114,20665646.51427348,62.368613718668634,True
372000.0,7.454671164767044e-06,-1.339960198265544e-05,3.815029970155592e-06,0.17593129351735115,20708258.66254091,61.447601083676666,True
372300.0,7.508453600613181e-06,-1.3408333273901007e-05,3.4935586654682993e-06,0.15572883933782578,20762693.380749054,60.28562671049058,True
372600.0,7.5652198987173064e-06,-1.3278340787792331e-05,3.1974944434409736e-06,0.13462267816066742,20828806.27825819,58.9122185628732,True
372900.0,7.625400527293452e-06,-1.305088824210543e-05,2.93091758862829e-06,0.11139803752303123,20906407.337630555,57.357270576687924,True
373200.0,7.687075057640456e-06,-1.2761187491605597e-05,2.6911825798947575e-06,0.08748482912778854,20995262.361742903,55.649221746615936,True
373500.0,7.7521403911038e-06,-1.2439915025197479e-05,2.480339460930736e-06,0.06264759972691536,21095094.828097608,53.81400297809841,True
373800.0,7.817316715520463e-06,-1.2103581980227318e-05,2.295903428262136e-06,0.035367365926504135,21205588.08957783,51.874588662211956,True
374100.0,7.879919169531507e-06,-1.1765724195811345e-05,2.1310667506213576e-06,0.007974538952112198,21326387.870481465,49.85095166927277,True
374400.0,7.939688718108216e-06,-1.1436101061690351e-05,1.9842650900159242e-06,-0.0194459967315197,21457105.019057732,47.760249496027015,True
374700.0,7.997789537978827e-06,-1.1122792187734376e-05,1.8544013542509674e-06,-0.04872193560004234,21597318.442507934,45.617119207544505,True
375000.0,8.050375626709112e-06,-1.0825039197470687e-05,1.7368449007904019e-06,-0.0780230201780796,21746578.169542257,43.43400488254502,True
375300.0,8.098774230247897e-06,-1.0547107365255215e-05,1.6292764399850057e-06,-0.1083516925573349,21904408.503686037,41.22147536150624,True
375600.0,8.145140152974019e-06,-1.0291960876429584e-05,1.5325926838727355e-06,-0.13838133588433266,22070311.192955364,38.98851223730165,True
375900.0,8.184103280293124e-06,-1.0053931958964313e-05,1.4395046861181982e-06,-0.16901355609297752,22243768.591184847,36.742761034153894,True
376200.0,8.218188877778408e-06,-9.835249841216864e-06,1.3509718996829179e-06,-0.19956978037953377,22424246.752229575,34.4907454412373,True
376500.0,8.245658796319302e-06,-9.6326591574325e-06,1.2673599840695715e-06,-0.22973944246768951,22611198.43636959,32.238047857709354,True
376800.0,8.267902670205768e-06,-9.447165439269156e-06,1.18629599654696e-06,-0.25951776653528214,22804065.99246603,29.989460646789183,True
377100.0,8.286144930911444e-06,-9.278954735236766e-06,1.1072910659493118e-06,-0.2894211821258068,23002284.095540237,27.7491126720436,True
377400.0,8.296888852987532e-06,-9.12334809299864e-06,1.0261427441093929e-06,-0.31901921704411507,23205282.321011037,25.52057534156448,True
377700.0,8.305106466225231e-06,-8.983778968740808e-06,9.491786627791043e-07,-0.34783557057380676,23412487.548236433,23.3069517808095,True
378000.0,8.308235541114964e-06,-8.857172161924609e-06,8.684637435862896e-07,-0.37581565603613853,23623326.1840152,21.110952254400782,True
378300.0,8.304302168847991e-06,-8.739410475300247e-06,7.914668884723142e-07,-0.40336471050977707,23837226.20377387,18.93495825927565,True
378600.0,8.298392047042289e-06,-8.63565136910438e-06,7.10717198870725e-07,-0.4298243932425976,24053619.01065598,16.78107744691697,True
378900.0,8.288069356735181e-06,-8.541742658962903e-06,6.312437914601787e-07,-0.4559606723487377,24271941.12242666,14.65119090572146,True
379200.0,8.275542300536172e-06,-8.459336953592356e-06,5.489926291346592e-07,-0.4809805266559124,24491635.683433466,12.546994237319376,True
379500.0,8.258884310265442e-06,-8.385318807313524e-06,4.664080002214632e-07,-0.5054520219564438,24712153.821534958,10.470033408434666,True
379800.0,8.238661023812306e-06,-8.319387546862345e-06,3.8461850948579013e-07,-0.5290789529681206,24932955.84878854,8.42173629916154,False
380100.0,8.218785374398098e-06,-8.264797486390307e-06,3.0199315936840776e-07,-0.5511569567024708,25153512.324419323,6.403440612381223,False
380400.0,8.19448356266066e-06,-8.216037713282276e-06,2.1578049924642073e-07,-0.5724931098520756,25373304.99001675,4.4164187090742155,False
380700.0,8.171670658576783e-06,-8.17814495235325e-06,1.3248687746880705e-07,-0.5926734060049057,25591827.58215895,2.4618998177497833,False
381000.0,8.147183083885346e-06,-8.147408692593672e-06,4.737028280743516e-08,-0.6116033643484116,25808586.542597637,0.5410900233164126,False
381300.0,8.122615709251656e-06,-8.124769493633721e-06,-3.696636818872889e-08,-0.62955417111516,26023101.63113245,-1.3448097424932555,False
381600.0,8.100405695410868e-06,-8.112097560797338e-06,-1.2168645291410485e-07,-0.6463747397065163,26234906.452267822,-3.1945874111230315,False
381900.0,8.076898404356802e-06,-8.105223173515697e-06,-2.0509746878616397e-07,-0.6625344753265381,26443548.908175893,-5.007005061052655,False
382200.0,8.054608259534687e-06,-8.106152421305524e-06,-2.881840632795729e-07,-0.6766073256731033,26648591.58178867,-6.780785621561476,False
382500.0,8.036773002317735e-06,-8.117641328908576e-06,-3.7176110900816184e-07,-0.6899981051683426,26849612.06934381,-8.514600939392476,False
382800.0,8.0197147411814e-06,-8.135621300198181e-06,-4.538012827737248e-07,-0.7031389810144901,27046203.254429307,-10.20706116673187,False
383100.0,8.005497323719023e-06,-8.161852491639365e-06,-5.332819998926652e-07,-0.7140811868011951,27237973.54156485,-11.856705474605693,False
383400.0,7.99381684339521e-06,-8.195546257638853e-06,-6.118089572737517e-07,-0.724144920706749,27424547.060408395,-13.461994153896885,False
383700.0,7.986890936793216e-06,-8.23872514388313e-06,-6.879903420298206e-07,-0.7331451438367367,27605563.82887201,-15.021302205168928,False
384000.0,7.984036427817975e-06,-8.290392798926405e-06,-7.615010808592615e-07,-0.7416018694639206,27780679.8976978,-16.53291453857784,False
384300.0,7.985529259143836e-06,-8.350564939973992e-06,-8.318597295442487e-07,-0.7486284524202347,27949567.469747588,-17.995022977631077,False
384600.0,7.991861857731524e-06,-8.419252878866246e-06,-9.00644064216749e-07,-0.7548277229070663,28111915.007356413,-19.405725274429887,False
384900.0,8.002783619942505e-06,-8.496278979919225e-06,-9.642113205643454e-07,-0.7588815167546272,28267427.319961313,-20.76302639813323,False
385200.0,8.020160904844978e-06,-8.582953967106732e-06,-1.0254635611772756e-06,-0.763031542301178,28415825.650279135,-22.06484234130479,False
385500.0,8.041982127205732e-06,-8.677167755877235e-06,-1.0811731208093533e-06,-0.7664453312754631,28556847.74069537,-23.309006773546773,False
385800.0,8.07088443254895e-06,-8.78144936677927e-06,-1.1312848720024249e-06,-0.7688508778810501,28690247.904550258,-24.493280778661216,False
386100.0,8.10544213017659e-06,-8.893503462559238e-06,-1.1777513790889316e-06,-0.769208274781704,28815797.08906529,-25.615365966464804,False
386400.0,8.146583003578415e-06,-9.014088249159613e-06,-1.219154899700925e-06,-0.7701460681855679,28933282.942321155,-26.672921162176404,False
386700.0,8.194460884824327e-06,-9.143069405581628e-06,-1.2541775014085488e-06,-0.7696606069803238,29042509.867209483,-27.663582790117292,False
387000.0,8.249244389778649e-06,-9.280113289378278e-06,-1.282469664687369e-06,-0.7685247547924519,29143299.09199947,-28.58498898064849,False
387300.0,8.31077374051766e-06,-9.423954935527945e-06,-1.3063057906492759e-06,-0.7655305527150631,29235488.73063573,-29.434807268226233,False
387600.0,8.379046518986295e-06,-9.57465417172898e-06,-1.3212059890577166e-06,-0.7623644880950451,29318933.85537804,-30.210765585816112,False
387900.0,8.452914401862244e-06,-9.729526880164485e-06,-1.3299537613420398e-06,-0.7597106397151947,29393506.564031146,-30.91068601148422,False
388200.0,8.53579982235953e-06,-9.891826778130053e-06,-1.331981497543211e-06,-0.7548305206000805,29459096.052524626,-31.532520587979622,False
388500.0,8.623609619497957e-06,-1.005591153102614e-05,-1.3265362497349997e-06,-0.7488642148673534,29515608.70147141,-32.07438823376191,False
388800.0,8.718277927011436e-06,-1.0222957286032397e-05,-1.3143443311491865e-06,-0.7435097396373749,29562968.15663134,-32.534611623178215,False
389100.0,8.819877180777355e-06,-1.039189936591356e-05,-1.2963559896661536e-06,-0.735699724406004,29601115.412062433,-32.911752749047196,False
389400.0,8.927396294608413e-06,-1.0560549924321094e-05,-1.2726269389418121e-06,-0.7276849672198296,29630008.91343494,-33.20464579199127,False
389700.0,9.042492815615884e-06,-1.0730135443282052e-05,-1.2423031137132057e-06,-0.717357411980629,29649624.646312147,-33.41242592357114,False
390000.0,9.160930009941112e-06,-1.089469066073434e-05,-1.2052499727133181e-06,-0.7075819596648216,29659956.248047464,-33.53455276850299,False
390300.0,9.287147078038946e-06,-1.1058700579269498e-05,-1.1621968312169884e-06,-0.6973049454391003,29661015.10585373,-33.570827452267864,False
390600.0,9.421231408893385e-06,-1.122119036267577e-05,-1.1161859418962194e-06,-0.6855796463787556,29652830.47187947,-33.52140244230291,False
390900.0,9.558244820079246e-06,-1.137618605184798e-05,-1.0640934036132421e-06,-0.6740634553134441,29635449.580441914,-33.38678376266267,False
391200.0,9.701873796955576e-06,-1.1527276001288556e-05,-1.0100211227381806e-06,-0.6612760871648788,29608937.76019528,-33.16782551662558,False
391500.0,9.851209895382417e-06,-1.1673658946165233e-05,-9.507033453814984e-07,-0.6471346877515316,29573378.559123788,-32.865717135423246,False
391800.0,1.0006013477795418e-05,-1.1814439289992151e-05,-8.917781997297425e-07,-0.6328446678817272,29528873.86668335,-32.481964032907165,False
392100.0,1.0165411158515314e-05,-1.1949178173153996e-05,-8.302701033358062e-07,-0.617725308984518,29475544.03377397,-32.01836277639942,False
392400.0,1.0328671273408724e-05,-1.2077318899628153e-05,-7.671469148817778e-07,-0.6021503880620003,29413527.998664707,-31.476971975846904,False
392700.0,1.0494901799815658e-05,-1.2198071971170066e-05,-7.064288709557331e-07,-0.585179653018713,29342983.406208336,-30.86008032267981,False
393000.0,1.066871257344993e-05,-1.231771770449086e-05,-6.463235813214396e-07,-0.5668892525136471,29264086.728910435,-30.170173183858303,False
393300.0,1.0843462417795367e-05,-1.242929570821616e-05,-5.877871274151403e-07,-0.5484162010252476,29177033.38119296,-29.409899070960865,False
393600.0,1.102223412769566e-05,-1.2537352546360125e-05,-5.304413193130131e-07,-0.528387364000082,29082037.823587786,-28.582037222776346,False
393900.0,1.1204201041793161e-05,-1.2641756143239036e-05,-4.777586219972818e-07,-0.5070606879889965,28979333.665958706,-27.689467301670263,False
394200.0,1.1389599068065112e-05,-1.2743904534318062e-05,-4.2877116612771715e-07,-0.48471875861287117,28869173.753733028,-26.735142035750368,False
394500.0,1.1576569097352748e-05,-1.2842774367527454e-05,-3.8445963568278785e-07,-0.4609985686838627,28751830.240899533,-25.722063369078644,False
394800.0,1.1765170648318206e-05,-1.2939522719079832e-05,-3.464388633744875e-07,-0.4357897825539112,28627594.64706761,-24.653262524709874,False
395100.0,1.1954362714436248e-05,-1.3034182416049589e-05,-3.1380590570506683e-07,-0.40933937951922417,28496777.89243398,-23.53178417206601,False
395400.0,1.2143590456360177e-05,-1.312727556523896e-05,-2.868912893916331e-07,-0.3812817335128784,28359710.306085475,-22.360674732482398,False
395700.0,1.2334681948412154e-05,-1.3221811798302952e-05,-2.6835265387603613e-07,-0.3522712476551533,28216741.60647906,-21.142974753381147,False
396000.0,1.2524851230107319e-05,-1.3315865572849361e-05,-2.5788341062593645e-07,-0.3213474452495575,28068240.841801792,-19.881715186559834,False
396300.0,1.2713977690434547e-05,-1.3410327198926097e-05,-2.568514183565185e-07,-0.2878576070070267,27914596.292974737,-18.579917326392604,False
396600.0,1.2900633807834231e-05,-1.3504754519999551e-05,-2.622971315702216e-07,-0.2543066702783108,27756215.328935057,-17.240596165864357,False
396900.0,1.3085646983938303e-05,-1.3600860768292478e-05,-2.791734097229437e-07,-0.21795538812875748,27593524.194575265,-15.866766863676432,False
397200.0,1.326938247791276e-05,-1.3699901842301188e-05,-3.069275660294579e-07,-0.18039144948124886,27426967.75239207,-14.46145408722906,False
397500.0,1.3448569609220787e-05,-1.3799352871046722e-05,-3.4382386893128114e-07,-0.14127754792571068,27257009.135135822,-13.027703916501387,False
397800.0,1.3623118009224303e-05,-1.3899807470352243e-05,-3.9338219792739437e-07,-0.10052136331796646,27084129.324059434,-11.56859806426633,False
398100.0,1.3794242041111023e-05,-1.400317935917883e-05,-4.554878199058976e-07,-0.057841815054416656,26908826.631390158,-10.08727018085569,False
398400.0,1.3958102641132582e-05,-1.4106177502526407e-05,-5.295439962083037e-07,-0.01332717016339302,26731616.07962217,-8.586923973580976,False
398700.0,1.411738197564962e-05,-1.421201756102164e-05,-6.161265240223202e-07,0.03263576328754425,26553028.664453615,-7.070852910915644,False
399000.0,1.4268559494167641e-05,-1.431736171753073e-05,-7.191203135192836e-07,0.0805501863360405,26373610.488897715,-5.542461254465801,False
399300.0,1.4412884390505018e-05,-1.4423972572785715e-05,-8.338427273102411e-07,0.13050612434744835,26193921.759944383,-4.005286153250448,False
399600.0,1.454610516135043e-05,-1.452760054121427e-05,-9.632084658761642e-07,0.18064649403095245,26014535.633257806,-2.4630204373144315,False
399900.0,1.467100409145523e-05,-1.4630836744800035e-05,-1.1100032758504241e-06,0.2334221974015236,25836036.88590164,-0.9195357823681704,False
400200.0,1.4785227959936689e-05,-1.473117293926407e-05,-1.2731882783612036e-06,0.2870219275355339,25659020.42833155,0.621094242450261,False
400500.0,1.4889331981278406e-05,-1.4828847440639947e-05,-1.4519965900738896e-06,0.34117522090673447,25484089.616111953,2.1545718092489823,False
400800.0,1.498091153903466e-05,-1.4921031208814384e-05,-1.6449606188295718e-06,0.39709845185279846,25311854.37274816,3.6763538221642804,False
401100.0,1.5060464560933714e-05,-1.5006715898380207e-05,-1.8582050609339262e-06,0.4541916660964489,25142929.11423261,5.181633112329421,False
401400.0,1.512519923812275e-05,-1.5082558547874214e-05,-2.086329797812425e-06,0.5113120190799236,24977930.463323314,6.665322801387421,False
401700.0,1.5175503586229106e-05,-1.5147348648270054e-05,-2.3309977610352917e-06,0.5693301595747471,24817474.755955566,8.122045081798303,False
402000.0,1.5210435613703495e-05,-1.5198960909401649e-05,-2.5889108989929355e-06,0.6275811120867729,24662175.35019593,9.546125716394458,False
402300.0,1.5232428535970736e-05,-1.5237067657380976e-05,-2.8649462500141e-06,0.6857003644108772,24512639.733819675,10.931595862427706,True
402600.0,1.523493328029013e-05,-1.5253601901576985e-05,-3.153252698950837e-06,0.744246419519186,24369466.449830856,12.272202861271355,True
402900.0,1.5222569395243379e-05,-1.5249954003593302e-05,-3.4572793161657955e-06,0.8024769388139248,24233241.859947138,13.561431853981686,True
403200.0,1.51920018416521e-05,-1.5221246030705515e-05,-3.7701205020113093e-06,0.8595728166401386,24104536.76420621,14.792539930657679,True
403500.0,1.5144351766099206e-05,-1.5165364175118157e-05,-4.092522726040215e-06,0.9166056551039219,23983902.910139516,15.958604539537452,True
403800.0,1.508008297810856e-05,-1.5080073239914782e-05,-4.422253592650804e-06,0.972285334020853,23871869.43551849,17.05258742045649,True
404100.0,1.4999306499933188e-05,-1.496260190947396e-05,-4.757457734427817e-06,1.0263606533408165,23768939.273898166,18.067414897679846,True
404400.0,1.4898009861995235e-05,-1.4807400589234021e-05,-5.091426032777235e-06,1.0788947530090809,23675585.583358537,18.996074513800853,True
404700.0,1.4780971476628738e-05,-1.4615745556056936e-05,-5.4262350985823105e-06,1.1297678761184216,23592248.247393508,19.83172699423631,True
405000.0,1.4646966153491663e-05,-1.4387484469580158e-05,-5.751731801950655e-06,1.1778848730027676,23519330.505298283,20.567831187093482,True
405300.0,1.4496992530059078e-05,-1.4120876471679367e-05,-6.069224379956495e-06,1.2240358106791973,23457195.76701279,21.198278351091837,True
405600.0,1.4330564191933547e-05,-1.3816953185141756e-05,-6.371544682082231e-06,1.2681307829916477,23406164.680979177,21.717530583277792,True
405900.0,1.4150074492718556e-05,-1.3477715697263193e-05,-6.658310837792669e-06,1.3087027370929718,23366512.504878163,22.12075710316927,True
406200.0,1.395462010904969e-05,-1.3105306379657122e-05,-6.923236458789006e-06,1.346405602991581,23338466.831756614,22.40396110186964,True
406500.0,1.3746722366508429e-05,-1.27061328214495e-05,-7.162233426782905e-06,1.3802145905792713,23322205.73155493,22.56408968320986,True
406800.0,1.3526514015324337e-05,-1.2282703153232433e-05,-7.374298828466408e-06,1.4110814221203327,23317856.334577486,22.599119770823744,True
407100.0,1.3298080785634386e-05,-1.1842863216315891e-05,-7.559048906813359e-06,1.4380722120404243,23325493.904078815,22.5081140773028,True
407400.0,1.3059473606043509e-05,-1.139145285833365e-05,-7.710721195763881e-06,1.4618959836661816,23345141.404812336,22.291243112094993,True
407700.0,1.2812170503864686e-05,-1.0932862409163135e-05,-7.831015739867553e-06,1.4821886345744133,23376769.591551136,21.94977160951699,True
408000.0,1.2562828644501284e-05,-1.048055867158837e-05,-7.919507563514117e-06,1.4980363100767136,23420297.606631275,21.486010282787543,True
408300.0,1.2306660008374114e-05,-1.0033705109435687e-05,-7.97461976986824e-06,1.5110838636755943,23475594.073916685,20.903236346512656,True
408600.0,1.2049898971025695e-05,-9.600215008731539e-06,-8.001910181576477e-06,1.519162941724062,23542478.676760443,20.20558824374987,True
408900.0,1.1792195315981306e-05,-9.185296022451439e-06,-7.999555922566515e-06,1.5241933576762676,23620724.16150525,19.39794136217422,True
409200.0,1.1534648515693383e-05,-8.793831852926814e-06,-7.968123288293327e-06,1.5252577476203442,23710058.752127886,18.48577221897853,True
409500.0,1.1280359963725931e-05,-8.427675794564493e-06,-7.913625942990166e-06,1.5229967683553696,23810168.89932327,17.475018398692743,True
409800.0,1.103088905881535e-05,-8.088775217629518e-06,-7.839043881574526e-06,1.517188336700201,23920702.32647354,16.371940825921886,True
410100.0,1.0786387972620652e-05,-7.779811198815878e-06,-7.744180191338046e-06,1.507700800895691,24041271.303503565,15.18299382689065,True
410400.0,1.054959473972867e-05,-7.502756176336334e-06,-7.632685358416325e-06,1.4949999190866947,24171456.09250623,13.91470704017726,True
410700.0,1.0321694689431681e-05,-7.25773716681033e-06,-7.507256853500621e-06,1.4798981174826622,24310808.50625266,12.573581813177984,True
411000.0,1.0103061075971511e-05,-7.039532675889859e-06,-7.373953778255782e-06,1.4614294543862343,24458855.523910526,11.166003464979864,True
411300.0,9.894058540174695e-06,-6.853094049574793e-06,-7.2291263748525125e-06,1.440176360309124,24615102.903654132,9.698169655582108,False
411600.0,9.697748566476677e-06,-6.693182712069756e-06,-7.081926922225534e-06,1.4162638299167156,24779038.75486173,8.176034333327824,False
411900.0,9.513397772390665e-06,-6.563113998936387e-06,-6.92821860237558e-06,1.3897546492516994,24950137.01976528,6.605265997323894,False
412200.0,9.341347606165934e-06,-6.456530655896131e-06,-6.774181577462457e-06,1.361364234238863,25127860.830398604,4.991218822765289,False
412500.0,9.183041045771032e-06,-6.375465176233774e-06,-6.619634822069287e-06,1.331116583198309,25311665.713346303,3.338914826102385,False
412800.0,9.039241948102142e-06,-6.317034603853244e-06,-6.468089000621902e-06,1.298871360719204,25501002.614791412,1.6530353667285025,False
413100.0,8.907068614463845e-06,-6.2787954959731e-06,-6.3176455119759445e-06,1.264731377363205,25695320.730321877,-0.062079764604036636,False
413400.0,8.787603574766572e-06,-6.259661518015491e-06,-6.170687027573507e-06,1.2299876920878887,25894070.126926187,-1.8024272029051132,False
413700.0,8.681245943760716e-06,-6.259026065436046e-06,-6.028269836200195e-06,1.1928080581128597,26096704.1561391,-3.5643302443276714,False
414000.0,8.588680285615773e-06,-6.27699415645111e-06,-5.89123042882278e-06,1.1549291498959064,26302681.639711924,-5.344425649116744,False
414300.0,8.50646605281159e-06,-6.30765649134446e-06,-5.7609060828411884e-06,1.1154809705913067,26511468.853135753,-7.139648043125335,False
414600.0,8.43717295186262e-06,-6.355186400242019e-06,-5.63687876464769e-06,1.0752642750740051,26722541.28832733,-8.947212767053772,False
414900.0,8.38037998050067e-06,-6.41734928308324e-06,-5.5213250540475656e-06,1.0346932038664818,26935385.219442587,-10.764597849137703,False
415200.0,8.330295896774181e-06,-6.488897440704022e-06,-5.4118786607659786e-06,0.9923444017767906,27149499.074015904,-12.5895256624127,False
415500.0,8.292022131037843e-06,-6.5761582845880184e-06,-5.3097686230074714e-06,0.9505499228835106,27364394.61355779,-14.41994466029224,False
415800.0,8.260996730760182e-06,-6.673872576357098e-06,-5.214679884346651e-06,0.9069192782044411,27579597.956257056,-16.25401153609516,False
416100.0,8.237440968464219e-06,-6.781809048561627e-06,-5.1280626749417024e-06,0.8638569563627243,27794650.42180902,-18.090074016124863,False
416400.0,8.220730579382226e-06,-6.900024203559951e-06,-5.049783521116069e-06,0.8200275339186192,28009109.246722806,-19.92665446276937,False
416700.0,8.211288178479757e-06,-7.031783184174856e-06,-4.977573166087268e-06,0.7749461755156517,28222548.151173685,-21.762434383309465,False
417000.0,8.205395229973278e-06,-7.170607489115355e-06,-4.914224899010833e-06,0.7313007786870003,28434557.784756713,-23.59623990014534,False
417300.0,8.206417309021915e-06,-7.323125203129166e-06,-4.85834667074414e-06,0.6861018501222134,28644746.07155733,-25.42702823267814,False
417600.0,8.209344291179239e-06,-7.482986887907828e-06,-4.810469267368944e-06,0.6411429308354855,28852738.434994344,-27.25387515859705,False
417900.0,8.21581668300499e-06,-7.653734229506881e-06,-4.770167585377294e-06,0.595313299447298,29058177.950172823,-29.07596345862565,False
418200.0,8.226216975210714e-06,-7.83641939960944e-06,-4.738074711241325e-06,0.5507250092923641,29260725.40135457,-30.892572296046804,False
418500.0,8.23849023677888e-06,-8.031032280086947e-06,-4.711962745318488e-06,0.5051231719553471,29460059.280911453,-32.70306749674109,False
418800.0,8.25171480534661e-06,-8.235909206177894e-06,-4.693530975430349e-06,0.45936625450849533,29655875.70907023,-34.5068926609935,False
419100.0,8.266162068261355e-06,-8.45361643087017e-06,-4.6815158754043296e-06,0.41333112120628357,29847888.308465175,-36.3035610748248,False
419400.0,8.281948418942088e-06,-8.684255163871057e-06,-4.677443492084876e-06,0.36852843686938286,30035828.021883897,-38.09264833517685,False
419700.0,8.298710057002086e-06,-8.929469998975037e-06,-4.680278692603679e-06,0.3226691447198391,30219442.893972706,-39.873785651868296,False
420000.0,8.314243597339933e-06,-9.18875943511921e-06,-4.68824645594168e-06,0.2772589512169361,30398497.80120942,-41.64665374647222,False
420300.0,8.331660433089668e-06,-9.465175025979988e-06,-4.705148938910497e-06,0.23140794038772583,30572774.16176292,-43.410977288745514,False
420600.0,8.348581846489882e-06,-9.761096976035333e-06,-4.726121588305432e-06,0.18583949655294418,30742069.605531834,-45.16651983297679,False
420900.0,8.36586160510023e-06,-1.0077837430344516e-05,-4.7534045961583615e-06,0.14048748835921288,30906197.62476701,-46.91307913970244,False
421200.0,8.382570529678528e-06,-1.041582396510421e-05,-4.787095839731137e-06,0.09553375095129013,31064987.198782712,-48.65048287137615,False
421500.0,8.399412411249098e-06,-1.0779409166161713e-05,-4.82660195899598e-06,0.050522319972515106,31218282.40108695,-50.37858455548872,False
421800.0,8.415366152363786e-06,-1.1170417479888783e-05,-4.871139921647227e-06,0.005430575460195541,31365941.987669427,-52.09725974888415,False
422100.0,8.431221729806868e-06,-1.1594536545089795e-05,-4.920108985118077e-06,-0.03945941478013992,31507838.971915636,-53.80640231336694,False
422400.0,8.448009129961604e-06,-1.2056921548264654e-05,-4.974542015645511e-06,-0.08467713370919228,31643860.187977448,-55.50592069517006,False
422700.0,8.463795079397516e-06,-1.2561195291027616e-05,-5.0322836528948756e-06,-0.12953289970755577,31773905.840273406,-57.19573408347061,False
423000.0,8.48127345119109e-06,-1.3118132187628362e-05,-5.094514769155012e-06,-0.173516433686018,31897889.047301117,-58.87576825902147,False
423300.0,8.498866054777275e-06,-1.3733075547861517e-05,-5.1603341617578735e-06,-0.2182304710149765,32015735.378299538,-60.54595092555144,False
423600.0,8.516406013569542e-06,-1.4415527402888983e-05,-5.229360013458972e-06,-0.26261383667588234,32127382.376801345,-62.206206182602266,False
423900.0,8.535069526576415e-06,-1.5183652521955082e-05,-5.2998137860527095e-06,-0.30582818761467934,32232779.08661178,-63.856447690258,False
424200.0,8.555513720843607e-06,-1.6055519438396004e-05,-5.371654793862035e-06,-0.3499990217387676,32331885.573465213,-65.49656983197542,False
424500.0,8.576054306654787e-06,-1.704844677874462e-05,-5.443840819907564e-06,-0.3940352238714695,32424672.434560884,-67.12643584400591,False
424800.0,8.600321144068751e-06,-1.820241021732727e-05,-5.5159506189284e-06,-0.4369356222450733,32511120.315297768,-68.74586126663263,False
425100.0,8.624896979378691e-06,-1.954987919816631e-05,-5.5847441018386235e-06,-0.4801812767982483,32591219.42366715,-70.3545900852436,False
425400.0,8.653222723349725e-06,-2.1160188026669857e-05,-5.648191887530629e-06,-0.5229930393397808,32664969.036904007,-71.95225913898507,False
425700.0,8.683500614317956e-06,-2.3103982840666504e-05,-5.70431512869618e-06,-0.5656626261770725,32732377.01640008,-73.53834317802473,False
426000.0,8.71676139705951e-06,-2.550650361854423e-05,-5.747636393493849e-06,-0.6078176461160183,32793459.318516847,-75.11206681294397,False
426300.0,8.752912970992941e-06,-2.854415060937754e-05,-5.772069698650739e-06,-0.6496734768152237,32848239.510119785,-76.67225738699142,False
426600.0,8.791630201890889e-06,-3.249763966550745e-05,-5.766651625549457e-06,-0.6910689882934093,32896748.28439885,-78.21708709331595,False
426900.0,8.836790112991159e-06,-3.784096026038242e-05,-5.7176961121285785e-06,-0.7315425612032413,32939022.98100357,-79.74359477683491,False
427200.0,8.883407943544389e-06,-4.5359089767771366e-05,-5.591714639763268e-06,-0.7722120843827724,32975107.112038177,-81.24673768097975,False
427500.0,8.934853345237812e-06,-5.6515458226158444e-05,-5.339175075391722e-06,-0.812852818518877,33005049.888106283,-82.71735286947798,False
427800.0,8.991253286506739e-06,-7.413084205154519e-05,-4.848375226629287e-06,-0.852374255657196,33028905.753418095,-84.13733234013586,False
428100.0,9.052134862502463e-06,-0.0001035120511119203,-3.874514803214879e-06,-0.8915689364075661,33046733.929664593,-85.46692237972368,False
428400.0,9.11904589218086e-06,-0.00015093650776520917,-1.854281293844906e-06,-0.9303550906479359,33058597.961731978,-86.60873288400192,False
428700.0,9.18878884860173e-06,-0.00019199452256657423,2.0255443189398648e-06,-0.9683491662144661,33064565.2749654,-87.32432654762295,False
429000.0,9.264800402329652e-06,-0.000139974853482272,6.430170785165501e-06,-1.0057855434715748,33064706.741893437,-87.26872760168965,False
429300.0,9.346226927455322e-06,-6.0395758794129506e-05,8.582345358831844e-06,-1.043430883437395,33059096.257975508,-86.48703625287152,False
429600.0,9.433943001129644e-06,-2.1991946681509944e-05,9.262985003033464e-06,-1.0798871405422688,33047810.325700596,-85.33697341644614,False
429900.0,9.526093438509098e-06,-6.851278982367148e-06,9.499424791670208e-06,-1.1160714514553547,33030927.657777455,-84.03232837681863,False
430200.0,9.622356712025027e-06,-7.98818518887856e-07,9.621815294735825e-06,-1.15071414783597,33008528.78422471,-82.6585692017842,False
430500.0,9.724579142096142e-06,1.6188670883821032e-06,9.721461054823521e-06,-1.1860033422708511,32980695.68346928,-81.25096807020635,False
430800.0,9.833462244990496e-06,2.4853871138930117e-06,9.823657066476699e-06,-1.220024161040783,32947511.41508971,-79.82578044380259,False
431100.0,9.945288641648367e-06,2.637220774204252e-06,9.931119976158698e-06,-1.2524472512304783,32909059.78165381,-78.39127009230606,False
431400.0,1.0064171934375014e-05,2.4552398940613784e-06,1.0048895063619057e-05,-1.2853288352489471,32865425.002507802,-76.95195717987765,False
431700.0,1.0187271688462747e-05,2.1183843728067586e-06,1.0173474095154234e-05,-1.3175415359437466,32816691.39902879,-75.51043861996587,False
432000.0,1.0314143135805544e-05,1.7098461739806226e-06,1.030345907793162e-05,-1.3482662476599216,32762943.107754458,-74.06824510375951,False
432300.0,1.0498511563425215e-05,1.0406839692223002e-06,1.0493911503317577e-05,-1.3476584441959858,32704263.78050548,-72.62627761355036,False
432600.0,1.0631707219995474e-05,6.331716235763452e-07,1.0629745929691126e-05,-1.3749586567282677,32640736.45257242,-71.18504443230752,False
432900.0,1.0769640640490162e-05,2.400695109372464e-07,1.0769319928272125e-05,-1.402461476624012,32572443.138591845,-69.74479764740241,False
433200.0,1.0911400607611699e-05,-1.3976784885016968e-07,1.091127828090066e-05,-1.4288293272256851,32499464.740233265,-68.30561473267757,False
433500.0,1.1054334893283462e-05,-5.010513746128709e-07,1.1052582181036996e-05,-1.454637810587883,32421880.839561924,-66.86744973669066,False
433800.0,1.1202466171485424e-05,-8.394508199671691e-07,1.1197027092180178e-05,-1.4787238202989101,32339769.537453003,-65.43016635086344,False
434100.0,1.1351942090848604e-05,-1.1643184052445577e-06,1.1340456651964814e-05,-1.5023269169032574,32253207.324819,-63.99355992039526,False
434400.0,1.1504365010633345e-05,-1.4659820521956135e-06,1.1484509627734951e-05,-1.5254203081130981,32162268.97176797,-62.5573725316891,False
434700.0,1.1659130988587347e-05,-1.7509282201899623e-06,1.1628424537946103e-05,-1.5468891263008118,32067027.447013143,-61.12130357638245,False
435000.0,1.1814204266006398e-05,-2.0204256827582867e-06,1.1770106041808504e-05,-1.5668571218848228,31967553.866434783,-59.68501733964546,False
435300.0,1.1970584098804011e-05,-2.2725823214386764e-06,1.1910694439620784e-05,-1.5864040032029152,31863917.46656839,-58.2481485709998,False
435600.0,1.2131014894221832e-05,-2.5085151662551652e-06,1.2053043704440825e-05,-1.6048037447035313,31756185.603608638,-56.81030665576208,False
435900.0,1.2289653463831822e-05,-2.733454579129102e-06,1.2191095422053877e-05,-1.6219168417155743,31644423.78594475,-55.371078801715456,False
436200.0,1.245056769319455e-05,-2.945494998130016e-06,1.2329196685811894e-05,-1.6383867375552654,31528695.73317905,-53.93003256330671,False
436500.0,1.2610092327750144e-05,-3.145585480979207e-06,1.2463760548087066e-05,-1.6525415629148483,31409063.460748814,-52.48671783127709,False
436800.0,1.2772210728683823e-05,-3.3337867080263095e-06,1.2599023506254525e-05,-1.6661273315548897,31285587.40240826,-51.04066849655226,False
437100.0,1.2931316684867615e-05,-3.509644500354625e-06,1.2729611150064102e-05,-1.6783826537430286,31158326.550124716,-49.59140381861671,False
437400.0,1.3091625294677879e-05,-3.679121704180943e-06,1.2859340742465974e-05,-1.6884956248104572,31027338.631380327,-48.13842963807289,False
437700.0,1.3250574717824145e-05,-3.837548348428754e-06,1.2986386018098983e-05,-1.697796519845724,30892680.31509381,-46.68123941482185,False
438000.0,1.340660194374327e-05,-3.984640954968199e-06,1.310950290189794e-05,-1.7055685706436634,30754407.439810567,-45.21931518447776,False
438300.0,1.35628973666631e-05,-4.128097884859017e-06,1.3231045173256462e-05,-1.711738184094429,30612575.27709575,-43.75212843715866,False
438600.0,1.3716497630670073e-05,-4.2591087208165845e-06,1.3349612892454843e-05,-1.7156728990375996,30467238.818937752,-42.27914093310863,False
438900.0,1.3868726701095167e-05,-4.3874294988199836e-06,1.346516727096514e-05,-1.717928346246481,30318453.095488098,-40.799805494749684,False
439200.0,1.4018464688041022e-05,-4.505172313429284e-06,1.3578213753362434e-05,-1.7191701643168926,30166273.516755812,-39.31356677011061,False
439500.0,1.4163678543772205e-05,-4.615915941030835e-06,1.368627868458816e-05,-1.7179434821009636,30010756.239226058,-37.819861981823806,False
439800.0,1.4306340176770336e-05,-4.72161315201447e-06,1.3791226486148389e-05,-1.7149463705718517,29851958.56426501,-36.318121684657825,False
440100.0,1.4447389575487642e-05,-4.821403734922569e-06,1.3894445281437129e-05,-1.7099882066249847,29689939.35360241,-34.80777051709789,False
440400.0,1.4580836234695496e-05,-4.914962914881471e-06,1.3990027689203544e-05,-1.7033022046089172,29524759.472579446,-33.28822796519138,False
440700.0,1.4712746754273774e-05,-5.002631695560922e-06,1.4084455607132895e-05,-1.694694872945547,29356482.25356708,-31.758909175274155,False
441000.0,1.484060769275974e-05,-5.085444996666411e-06,1.4175090988999273e-05,-1.6831430569291115,29185173.980992276,-30.219225756397865,False
441300.0,1.4962287033680388e-05,-5.161549694321366e-06,1.4260437410484883e-05,-1.670964103192091,29010904.400824253,-28.668586654682983,False
441600.0,1.5079657458582546e-05,-5.232426701695658e-06,1.434230914654222e-05,-1.6557890996336937,28833747.23637539,-27.106399070075444,False
441900.0,1.5190986843037666e-05,-5.301250212141895e-06,1.4418172771257787e-05,-1.6387217305600643,28653780.737313814,-25.532069425490967,False
442200.0,1.529744429406886e-05,-5.364056278267526e-06,1.4490626689678265e-05,-1.6197956055402756,28471088.231400095,-23.945004428746184,False
442500.0,1.5398196664379013e-05,-5.422821573120018e-06,1.455842636488569e-05,-1.5981529504060745,28285758.69464566,-22.344612207162672,False
442800.0,1.5491683391509202e-05,-5.477240847540088e-06,1.4620223616645944e-05,-1.574677214026451,28097887.33576196,-20.730303563867974,False
443100.0,1.5578558846760195e-05,-5.526802340227732e-06,1.4677091009218657e-05,-1.5500832349061966,27907576.185891893,-19.101493362514457,False
443400.0,1.5659481806612538e-05,-5.5719626743666595e-06,1.4729793246459622e-05,-1.5218166671693325,27714934.694793288,-17.457602060203463,False
443700.0,1.5733130692483897e-05,-5.615500128897111e-06,1.4776156705309518e-05,-1.4923789985477924,27520080.3437223,-15.798057421468865,False
444000.0,1.5799099592590602e-05,-5.654255289755383e-06,1.481702490302439e-05,-1.4616029597818851,27323139.24496038,-14.122296453485722,False
444300.0,1.5858968583102947e-05,-5.6931445442387485e-06,1.4852495157313683e-05,-1.4284351542592049,27124246.750722528,-12.429767580680407,False
444600.0,1.5909730545016845e-05,-5.724935874695802e-06,1.4882157675089047e-05,-1.3933338485658169,26923548.059465226,-10.719933114414186,False
444900.0,1.5954848817716374e-05,-5.756329755968181e-06,1.4907426548305125e-05,-1.3569734059274197,26721198.811891712,-8.992272064067135,False
445200.0,1.5990948753073176e-05,-5.78591735234113e-06,1.4925354797412638e-05,-1.3182424157857895,26517365.67590364,-7.246283334357774,False
445500.0,1.6019716916320204e-05,-5.81400644250607e-06,1.4937774380108237e-05,-1.278101235628128,26312226.922942147,-5.481489396504207,False
445800.0,1.604025406767709e-05,-5.83848392921027e-06,1.4944685194251406e-05,-1.236495018005371,26105972.978358462,-3.697440475520207,False
446100.0,1.6051020352964417e-05,-5.861868800138836e-06,1.494360302789488e-05,-1.1938658393919468,25898806.952322073,-1.8937193599057456,False
446400.0,1.6055101300448093e-05,-5.8840003589466505e-06,1.4938034310407744e-05,-1.1491850093007088,25690945.137621433,-0.06994693450604947,False
446700.0,1.6053055323174194e-05,-5.906568702584991e-06,1.4928043205797437e-05,-1.1029263138771057,25482617.47662715,1.7742114775715694,False
447000.0,1.60400624573223e-05,-5.928589899895087e-06,1.4908957731041284e-05,-1.0563989654183388,25274067.98205461,3.6390388068683213,False
447300.0,1.6020447335311052e-05,-5.9515229509088385e-06,1.4884973076334518e-05,-1.0080648437142372,25065555.10468497,5.524757803938842,False
447600.0,1.599224102539701e-05,-5.9731410146923736e-06,1.4854973225730816e-05,-0.9594804160296917,24857352.052496593,7.431521344380034,False
447900.0,1.595697833228593e-05,-5.9982971549743525e-06,1.481881100495741e-05,-0.9096590094268322,24649747.031054128,9.359401214650633,False
448200.0,1.5912624754863155e-05,-6.025827559597019e-06,1.4774884514068276e-05,-0.8585019074380398,24443043.41607631,11.308375160307419,True
448500.0,1.5859028834035225e-05,-6.054251173281955e-06,1.4723738173572087e-05,-0.8079072721302509,24237559.836277235,13.278311888033917,True
448800.0,1.5801046111703692e-05,-6.088763115030815e-06,1.4668713841814451e-05,-0.7568373195827007,24033630.151480995,15.268953679411831,True
449100.0,1.5732944581103803e-05,-6.126444475285098e-06,1.4604926956707232e-05,-0.7042705379426479,23831603.32793311,17.279896203346574,True
449400.0,1.5659674323595186e-05,-6.172211556076945e-06,1.4535997053144456e-05,-0.6529421731829643,23631843.19106932,19.310564977690593,True
449700.0,1.5577310244092935e-05,-6.2245486276424344e-06,1.4458479615342412e-05,-0.6007302179932594,23434728.029438652,21.36018791974485,True
450000.0,1.549137947765891e-05,-6.287967096341163e-06,1.437687572902746e-05,-0.5492918640375137,23240650.065882683,23.427763163917774,True
450300.0,1.539619477839909e-05,-6.362516103308735e-06,1.4285330312446831e-05,-0.49740415066480637,23050014.74980958,25.512021277647232,True
450600.0,1.5297524252388076e-05,-6.453188433397372e-06,1.4188584490426592e-05,-0.44624583423137665,22863239.884365443,27.61138065199783,True
450900.0,1.5191748035397231e-05,-6.5583354569298535e-06,1.408372784084122e-05,-0.3957931362092495,22680754.55478801,29.723894721558807,True
451200.0,1.5082589596840169e-05,-6.685294863473246e-06,1.3972646030424585e-05,-0.3465930297970772,22502997.86029879,31.847189181697605,True
451500.0,1.4968506457787132e-05,-6.839139643943781e-06,1.385250971708274e-05,-0.29858342930674553,22330417.430786036,33.97838708006949,True
451800.0,1.4850921359608644e-05,-7.023544014828076e-06,1.3724295172323764e-05,-0.2509660832583904,22163467.72393246,36.11401907200286,True
452100.0,1.4730849873336834e-05,-7.246971250651768e-06,1.3587069652487571e-05,-0.20398294553160667,22002608.097990286,38.2499156320096,True
452400.0,1.4607345578009828e-05,-7.5132616643713845e-06,1.3439457731578841e-05,-0.15961645916104317,21848300.65495763,40.381077346184625,True
452700.0,1.448356365781218e-05,-7.838833255391364e-06,1.3280581676156089e-05,-0.1169377751648426,21701007.851699203,42.50151886089388,True
453000.0,1.4358810900549815e-05,-8.225355372815102e-06,1.3110290844053907e-05,-0.07551959156990051,21561189.899025664,44.604081682665814,True
453300.0,1.4234013267206376e-05,-8.697033734961224e-06,1.2923033139600193e-05,-0.03599400073289871,21429301.94983786,46.68021119331096,True
453600.0,1.4111933147295882e-05,-9.26204955931098e-06,1.2720358775197838e-05,0.000802941620349884,21305791.095791895,48.71969451752564,True
453900.0,1.3990994486149187e-05,-9.942715138322455e-06,1.249426387062158e-05,0.03604186326265335,21191093.19696686,50.710359436052535,True
454200.0,1.3873780838868732e-05,-1.0760599366221868e-05,1.2240900993276682e-05,0.06939221918582916,21085629.582677554,52.637741769280574,True
454500.0,1.3759961979490877e-05,-1.1729485635214587e-05,1.1954391467838832e-05,0.09983668103814125,20989803.651095115,54.484742439717856,True
454800.0,1.3649916476729314e-05,-1.2872641349304104e-05,1.1624290259248937e-05,0.12769993394613266,20903997.414834823,56.2313185162651,True
455100.0,1.3545074905843516e-05,-1.4197303244145587e-05,1.1243036006192142e-05,0.15361939370632172,20828568.04657078,57.85428809654939,True
455400.0,1.344655948583796e-05,-1.570743006595876e-05,1.0798333690331674e-05,0.1769779957830906,20763844.476736173,59.327376581341866,True
455700.0,1.3354120552369027e-05,-1.7368669915640567e-05,1.0282588327470421e-05,0.19746241346001625,20710124.097734448,60.621682481087525,True
456000.0,1.3267629540877763e-05,-1.9141881921314052e-05,9.680475514528553e-06,0.2152392826974392,20667669.639178973,61.70676820093412,True
456300.0,1.3188127352683478e-05,-2.0925189801346278e-05,8.99431666567807e-06,0.23054008930921555,20636706.273455683,62.552536641676454,True
456600.0,1.3117995569587307e-05,-2.261275398041107e-05,8.224487267227687e-06,0.2427774928510189,20617419.009622112,63.13188249845005,True
456900.0,1.3054760442442334e-05,-2.4068717834779818e-05,7.380781092081179e-06,0.2531694546341896,20609950.42575004,63.42379463735865,True
457200.0,1.2998574448300961e-05,-2.5164364160445984e-05,6.492181434225586e-06,0.25989025458693504,20614398.798656672,63.41623523827609,True
457500.0,1.2948035553074035e-05,-2.5831072832716018e-05,5.580626904588826e-06,0.2640267200767994,20630816.652683154,63.10795689128169,True
457800.0,1.2905173378854016e-05,-2.6050797941934434e-05,4.6832106619376646e-06,0.2668638303875923,20659209.777279906,62.50864319328428,True
458100.0,1.287054401588616e-05,-2.5866095995752403e-05,3.829229072493945e-06,0.26585328206419945,20699536.72543592,61.637330079913546,True
458400.0,1.2837877340556212e-05,-2.5347027161615188e-05,3.0352697635294135e-06,0.2626219168305397,20751708.787322927,60.519660490366974,True
458700.0,1.2814399831673205e-05,-2.4601336974683363e-05,2.3205035617479552e-06,0.25721272081136703,20815590.460781313,59.184801511469054,True
459000.0,1.2792791075546648e-05,-2.3707526224825415e-05,1.6859906395438884e-06,0.24877526983618736,20891000.38263021,57.66273087928954,True
459300.0,1.2775815405916852e-05,-2.2746648227212063e-05,1.131600434689517e-06,0.23936672136187553,20977712.697524257,55.98226153859386,True
459600.0,1.2762997513991967e-05,-2.1774011059960685e-05,6.55256940262916e-07,0.2272382453083992,21075458.84180583,54.16985063424602,True
459900.0,1.2750191459192662e-05,-2.0822003961029623e-05,2.436337354083662e-07,0.21272587776184082,21183929.675121937,52.249050143828995,True
460200.0,1.2740647845030488e-05,-1.9920041836485325e-05,-1.0465196709219526e-07,0.19709866866469383,21302777.92928201,50.240398493688886,True
460500.0,1.273138263577554e-05,-1.9077012751722577e-05,-4.0360251318816154e-07,0.1789032630622387,21431620.915605783,48.16157282405163,True
460800.0,1.27244276445844e-05,-1.8302237918987885e-05,-6.572234525492604e-07,0.15909359231591225,21570043.42324954,46.027669725963094,True
461100.0,1.2717217645823617e-05,-1.7593200936971698e-05,-8.744781467839857e-07,0.1381949596107006,21717600.76896885,43.85153024996794,True
461400.0,1.2709277617216826e-05,-1.694783287575774e-05,-1.0611483176603542e-06,0.11532296240329742,21873821.933888394,41.64406136357161,True
461700.0,1.2701840829786996e-05,-1.6364674081614794e-05,-1.2222421545970974e-06,0.09150197356939316,22038212.733408738,39.414530350234934,True
462000.0,1.2694906473603176e-05,-1.583945379479701e-05,-1.3634678452945082e-06,0.06639380753040314,22210258.984098136,37.17082311015686,True
462300.0,1.2683815049555234e-05,-1.5362252241857277e-05,-1.4868803503986783e-06,0.041397448629140854,22389429.612829663,34.91966525411104,True
462600.0,1.2671417560693571e-05,-1.4932648923604575e-05,-1.5948104774565763e-06,0.01404476910829544,22575179.68728671,32.66680876132833,True
462900.0,1.266037752779883e-05,-1.4549225653581743e-05,-1.692795759566934e-06,-0.01267264038324356,22766953.314339425,30.41718848417353,True
463200.0,1.2645989711228874e-05,-1.4202870090684883e-05,-1.7809175005822908e-06,-0.04065411537885666,22964186.417132154,28.175053080796985,True
463500.0,1.2630465732332822e-05,-1.3892168510665215e-05,-1.864184532962554e-06,-0.06924096494913101,23166309.33551167,25.944074702818032,True
463800.0,1.2614720102504073e-05,-1.3615663590371696e-05,-1.9394933374883294e-06,-0.09782328456640244,23372749.265246242,23.72744115664802,True
464100.0,1.2596339676512774e-05,-1.3367158032906445e-05,-2.011785802835675e-06,-0.12756025418639183,23582932.517661404,21.527933762001965,True
464400.0,1.2576807044912975e-05,-1.3145738620323755e-05,-2.0817792432126225e-06,-0.15633229166269302,23796286.590761542,19.347993464343375,True
464700.0,1.2557895833115744e-05,-1.2951585915743635e-05,-2.1466971027450654e-06,-0.1848677359521389,24012242.070480783,17.189777369951532,True
465000.0,1.2536791411572142e-05,-1.2779102945614795e-05,-2.2099469827452367e-06,-0.21354500204324722,24230234.345378228,15.05520741789091,True
465300.0,1.2517050498666833e-05,-1.2630194646590098e-05,-2.271838191347797e-06,-0.24273303896188736,24449705.1539504,12.94601254440735,True
465600.0,1.2496310266402697e-05,-1.2500664382741888e-05,-2.332842857555306e-06,-0.2708963304758072,24670103.96701671,10.863765484386294,True
465900.0,1.2474105673770323e-05,-1.2388907038030084e-05,-2.39135831137105e-06,-0.2983567416667938,24890889.22269699,8.809915088437593,False
466200.0,1.2454222503403744e-05,-1.2297197798716297e-05,-2.4490472751992343e-06,-0.3260544277727604,25111529.41388473,6.7858148922400465,False
466500.0,1.2436875406713432e-05,-1.2224251662473762e-05,-2.5073314438017746e-06,-0.35291312262415886,25331504.04292241,4.79274850658235,False
466800.0,1.2416791335626265e-05,-1.2164182209062346e-05,-2.5633124476343028e-06,-0.379746176302433,25550304.462723285,2.831952309280071,False
467100.0,1.2400426437089706e-05,-1.2122474714715281e-05,-2.6177878210686956e-06,-0.40506862848997116,25767434.600950353,0.9046358330383674,False
467400.0,1.2387736108084376e-05,-1.2098098778778876e-05,-2.6712410824414334e-06,-0.43031106144189835,25982411.595717292,-0.9879998695353495,False
467700.0,1.2376265527428093e-05,-1.208766590821142e-05,-2.7239990574301487e-06,-0.45437075197696686,26194766.333278324,-2.844745626943194,False
468000.0,1.2365364133629019e-05,-1.209030202176109e-05,-2.7737063144073204e-06,-0.4784185215830803,26404043.918600786,-4.66436913853857,False
468300.0,1.2360172513566075e-05,-1.2109978200669502e-05,-2.823196072476719e-06,-0.5009483769536018,26609804.068148274,-6.445601406578093,False
468600.0,1.2356384325285653e-05,-1.2142795355885028e-05,-2.867565802588956e-06,-0.5227342583239079,26811621.45319624,-8.187124555504235,False
468900.0,1.235532853877449e-05,-1.2188977109417465e-05,-2.9092556754761745e-06,-0.5444402433931828,27009085.98437971,-9.88756094820983,False
469200.0,1.2361594627691164e-05,-1.2252402910917226e-05,-2.9497859941329807e-06,-0.5647412911057472,27201803.052577503,-11.545463652804482,False
469500.0,1.236917895897053e-05,-1.2327413969615009e-05,-2.9845641744685736e-06,-0.5845799222588539,27389393.738313876,-13.159308278734361,False
469800.0,1.2381888638468104e-05,-1.2416749598287424e-05,-3.0165685043215262e-06,-0.6038108877837658,27571494.981820118,-14.727486254488955,False
470100.0,1.2399556877476242e-05,-1.2520681536898337e-05,-3.0421391237211992e-06,-0.622410960495472,27747759.731192503,-16.248299723939116,False
470400.0,1.2421989132893829e-05,-1.263812683305332e-05,-3.062664507780255e-06,-0.6389661319553852,27917857.066027645,-17.719958178737546,False
470700.0,1.2450663937289888e-05,-1.2770357812996735e-05,-3.0773253101301634e-06,-0.6555130444467068,28081472.309732683,-19.140577081130946,False
471000.0,1.248510441695666e-05,-1.2916404728002817e-05,-3.0856573509652208e-06,-0.6721818335354328,28238307.117575396,-20.50817869155149,False
471300.0,1.2524009032233267e-05,-1.3074011832259202e-05,-3.0882416837130222e-06,-0.6876356899738312,28388079.55962831,-21.82069538199024,False
471600.0,1.2569675742291378e-05,-1.3245973320863413e-05,-3.081476688038265e-06,-0.7010080404579639,28530524.197051752,-23.075975723750325,False
471900.0,1.2622916764065145e-05,-1.343169390111143e-05,-3.0679748377338e-06,-0.7142045460641384,28665392.15295276,-24.27179361271329,False
472200.0,1.2679861738739235e-05,-1.362661353709882e-05,-3.0450395449577172e-06,-0.7273876816034317,28792451.17267332,-25.405860734662888,False
472500.0,1.2745700915965626e-05,-1.383523365916517e-05,-3.0139343323298817e-06,-0.7386838123202324,28911485.686284617,-26.47584254864426,False
472800.0,1.2817021891514544e-05,-1.405262031539678e-05,-2.974213931139502e-06,-0.7505978606641293,29022296.877244517,-27.47937797135541,False
473100.0,1.2893413003186506e-05,-1.4278040453064023e-05,-2.921830027702299e-06,-0.7608775794506073,29124702.73619722,-28.414102785200157,False
473400.0,1.2978837988227418e-05,-1.451332866508892e-05,-2.8618135239355524e-06,-0.7709516175091267,29218538.134068694,-29.27767666070443,False
473700.0,1.30709547578754e-05,-1.4755735975313655e-05,-2.788258019137402e-06,-0.7793375104665756,29303654.882699,-30.06781356988118,False
474000.0,1.3169111725236942e-05,-1.5001435485828551e-05,-2.7064585736980007e-06,-0.7872873395681381,29379921.810962033,-30.78231504594435,False
474300.0,1.3275165741624322e-05,-1.5251440913743863e-05,-2.614161644487467e-06,-0.793767623603344,29447224.834006432,-31.419105686854397,False
474600.0,1.3387305059692682e-05,-1.5501987888910662e-05,-2.5103478868970797e-06,-0.8002651184797287,29505467.03651746,-31.9762699310991,False
474900.0,1.3505746976087252e-05,-1.5751311025269388e-05,-2.395569865143443e-06,-0.805464968085289,29554568.750336844,-32.452089038336204,False
475200.0,1.3630869500469516e-05,-1.5997701495962247e-05,-2.271263042530336e-06,-0.8100718148052692,29594467.646895006,-32.84507700349589,False
475500.0,1.3762385017337822e-05,-1.6238446676197782e-05,-2.1406437440418813e-06,-0.8138810284435749,29625118.82664673,-33.15401403917413,False
475800.0,1.3900182848053634e-05,-1.6472377552645412e-05,-2.0009202827964145e-06,-0.815164927393198,29646494.91556458,-33.37797625735917,False
476100.0,1.4045109174721264e-05,-1.6698707810292035e-05,-1.854158817593543e-06,-0.8167634345591068,29658586.172977135,-33.516360222789494,False
476400.0,1.4194741123439311e-05,-1.691326062314147e-05,-1.700689445272019e-06,-0.8166269809007645,29661400.588305436,-33.56890129251396,False
476700.0,1.4353127200006761e-05,-1.7119878435778446e-05,-1.5412594009944769e-06,-0.8155802898108959,29654963.999179162,-33.53568486579435,False
477000.0,1.4517105313818105e-05,-1.7313759656190086e-05,-1.3785666439503075e-06,-0.8142173960804939,29639320.20245666,-33.41715005052763,False
477300.0,1.468595571025802e-05,-1.7493903385457088e-05,-1.211272874002134e-06,-0.8118123598396778,29614531.07054384,-33.21408564254784,False
477600.0,1.4861384595936338e-05,-1.7662218681380182e-05,-1.040384645989434e-06,-0.8079461865127087,29580676.67310766,-32.927618691378214,False
477900.0,1.5044059818187494e-05,-1.78193961062334e-05,-8.709739987011744e-07,-0.8031300492584705,29537855.399735317,-32.559196341896126,False
478200.0,1.52315565509301e-05,-1.796340021087417e-05,-7.007150344406909e-07,-0.7968286797404289,29486184.081072945,-32.11056195386802,False
478500.0,1.5422733424339452e-05,-1.809361111781982e-05,-5.333637034254934e-07,-0.7892965860664845,29425798.11383039,-31.583726692731254,False
478800.0,1.562073979246321e-05,-1.8214941690075648e-05,-3.693473189514407e-07,-0.7804590836167336,29356851.581679907,-30.980938011879914,False
479100.0,1.5824999832901818e-05,-1.8328079050888846e-05,-2.080674796900439e-07,-0.7702200077474117,29279517.375027735,-30.304646405609063,False
479400.0,1.6032226044986665e-05,-1.8430673947023024e-05,-5.536895386626384e-08,-0.7585427984595299,29193987.306375355,-29.55747180298518,False
479700.0,1.624445791729296e-05,-1.8526839340893275e-05,9.272908485513653e-08,-0.7448623664677143,29100472.218943533,-28.742170870311632,False
480000.0,1.645984585457285e-05,-1.8616202680732385e-05,2.332094233281623e-07,-0.7302298620343208,28999202.08978984,-27.86160622552912,False
480300.0,1.6680936947855553e-05,-1.8703490354710084e-05,3.6417949189626597e-07,-0.7135644368827343,28890426.11629876,-26.9187184732507,False
480600.0,1.6905231484669017e-05,-1.8787664771480195e-05,4.866384450963324e-07,-0.6947489865124226,28774412.795926683,-25.91650166063712,False
480900.0,1.713226463228472e-05,-1.8870072267418436e-05,5.984847781803637e-07,-0.674385316669941,28651449.98575903,-24.85798257307473,False
481200.0,1.7361750758701855e-05,-1.8952199525301694e-05,6.990584147104073e-07,-0.6521889567375183,28521844.94015751,-23.746204118262906,False
481500.0,1.7594131605644623e-05,-1.9036304991004727e-05,7.868851703562996e-07,-0.6270914152264595,28385924.32537077,-22.58421285081387,False
481800.0,1.7827105530687776e-05,-1.912148528049329e-05,8.629593573061811e-07,-0.6000431291759014,28244034.207372457,-21.375050591154483,False
482100.0,1.8061171172316923e-05,-1.921005463145775e-05,9.235208793256788e-07,-0.5711798891425133,28096539.99927594,-20.121749968997065,False
482400.0,1.8296070536919346e-05,-1.9303114157764867e-05,9.705696939477093e-07,-0.5388297401368618,27943826.36986424,-18.82733370103475,False
482700.0,1.853034919091098e-05,-1.9400520727685944e-05,1.003944529287537e-06,-0.5041111893951893,27786297.110379525,-17.494817309009,False
483000.0,1.8765449230409058e-05,-1.950520348259488e-05,1.0215786474532251e-06,-0.4679739698767662,27624374.939116966,-16.12721502859329,False
483300.0,1.899865196922834e-05,-1.961572360187347e-05,1.019812188474134e-06,-0.42886969819664955,27458501.24397597,-14.727548621343054,False
483600.0,1.922895811640032e-05,-1.9731957848989623e-05,1.0023615164556077e-06,-0.38624098151922226,27289135.759383872,-13.29885882494074,False
483900.0,1.9456388180802926e-05,-1.9855002676649747e-05,9.68358936148661e-07,-0.3416951708495617,27116756.159948885,-11.844219149791197,False
484200.0,1.9679465613723456e-05,-1.998452134444051e-05,9.125764606210396e-07,-0.29363807663321495,26941857.556395173,-10.3667518040693,False
484500.0,1.9898400807614005e-05,-2.0121291527175345e-05,8.397142376992406e-07,-0.24430261179804802,26764951.901833583,-8.869645505893361,False
484800.0,2.011169158651457e-05,-2.0264675981707114e-05,7.450811541076519e-07,-0.19083328917622566,26586567.268568728,-7.356174892511841,False
485100.0,2.0316784991673138e-05,-2.0412661456248316e-05,6.27562658728209e-07,-0.1352970041334629,26407247.0183998,-5.829721340660469,False
485400.0,2.0516638973659904e-05,-2.0568525371800206e-05,4.896707404000722e-07,-0.07674575969576836,26227548.817337304,-4.293794878904766,False
485700.0,2.0705868139829554e-05,-2.0727165690459515e-05,3.286153460457797e-07,-0.016087550669908524,26048043.5132225,-2.7520568842144444,False
486000.0,2.0887763670455884e-05,-2.0891931256983298e-05,1.4135420500771545e-07,0.04797447845339775,25869313.842443623,-1.2083432183518759,False
486300.0,2.1057454329136736e-05,-2.105769584659356e-05,-6.95335043987555e-08,0.11306660249829292,25691952.973096915,0.33331265217341105,False
486600.0,2.12152578024351e-05,-2.122433633644505e-05,-3.0610938428488055e-07,0.1810210384428501,25516562.85032763,1.868657110212164,False
486900.0,2.136009902697182e-05,-2.1389989825593148e-05,-5.700779217576724e-07,0.2515958733856678,25343752.362596113,3.39319504580873,False
487200.0,2.149198189937767e-05,-2.1553573503751977e-05,-8.609179857899107e-07,0.32353443279862404,25174135.300147835,4.902170540341636,False
487500.0,2.1607819157095703e-05,-2.1710602027269488e-05,-1.1777422814773786e-06,0.39754387736320496,25008328.106404003,6.390550545622518,False
487800.0,2.1708527731067277e-05,-2.1859978261318247e-05,-1.5239296562441496e-06,0.4729883559048176,24846947.42891895,7.853012705025054,False
488100.0,2.179245325739651e-05,-2.1997955940378233e-05,-1.89615828638523e-06,0.5506874360144138,24690607.459743522,9.283938633978961,False
488400.0,2.1856690303109337e-05,-2.2118770914403285e-05,-2.295584858202915e-06,0.628665242344141,24539917.085013878,10.677414215248337,True
488700.0,2.190578163255505e-05,-2.2223991010150712e-05,-2.720899145103317e-06,0.7070395313203335,24395476.839281052,12.027238543114013,True
489000.0,2.1933819252123072e-05,-2.2303976265902747e-05,-3.1713266963606657e-06,0.7866017892956734,24257875.69731555,13.326943323558037,True
489300.0,2.1940068743908976e-05,-2.2353943819553024e-05,-3.6455283485281598e-06,0.8657057136297226,24127687.722053308,14.569824513822974,True
489600.0,2.1927538104648024e-05,-2.2372872706455382e-05,-4.140894933613026e-06,0.9455818794667721,24005468.588114075,15.748987894599082,True
489900.0,2.1893701411013433e-05,-2.2353850056333613e-05,-4.654160697725729e-06,1.0248800478875637,23891752.035955336,16.857409984525816,True
490200.0,2.184000333705611e-05,-2.2293806694051455e-05,-5.182959146310395e-06,1.102962039411068,23787046.279130705,17.88801521153932,True
490500.0,2.1762593271638047e-05,-2.2184106313716256e-05,-5.7239597488489835e-06,1.1798065528273582,23691830.424430028,18.833769512013856,True
490800.0,2.1665136999177417e-05,-2.202536160211821e-05,-6.2706729764272495e-06,1.2557586953043938,23606550.954174053,19.687789540526374,True
491100.0,2.154518905778448e-05,-2.1811426734075212e-05,-6.818814416220675e-06,1.3300362639129162,23531618.328024127,20.443465450892457,True
491400.0,2.1404822531450273e-05,-2.1541166631777742e-05,-7.36554867586392e-06,1.4017745219171047,23467403.7591715,21.094593799770937,True
491700.0,2.124290404856187e-05,-2.121308625646634e-05,-7.901795921583243e-06,1.4711754620075226,23414236.22669899,21.635515711536776,True
492000.0,2.1062068348729318e-05,-2.083006111774921e-05,-8.421987335083259e-06,1.537497889250517,23372399.785585232,22.06125417688266,True
492300.0,2.0862043155974014e-05,-2.0391258601648588e-05,-8.92394361429183e-06,1.6013278923928738,23342131.221981023,22.367643351164197,True
492600.0,2.064587635376532e-05,-1.990486009617598e-05,-9.398039495067678e-06,1.6609111651778221,23323618.113893434,22.551442328634394,True
492900.0,2.0410929345172117e-05,-1.937030816634433e-05,-9.84162380390785e-06,1.717959351837635,23316997.324707773,22.61042618538647,True
493200.0,2.015994561946095e-05,-1.879847445707128e-05,-1.0246075518693942e-05,1.7703385949134827,23322353.986176945,22.543448042025073,True
493500.0,1.989730324650083e-05,-1.8197084187931978e-05,-1.0613798977487932e-05,1.818256936967373,23339720.968079846,22.350467772386843,True
493800.0,1.9622017990253157e-05,-1.7571810673189248e-05,-1.0941044902068597e-05,1.8622546270489693,23369078.868818786,22.032545172803374,True
494100.0,1.9336331205180546e-05,-1.6934767245402327e-05,-1.1222445930769709e-05,1.9019708968698978,23410356.5187652,21.59179810273465,True
494400.0,1.9040562274152108e-05,-1.6292744646762003e-05,-1.1457670055392555e-05,1.936931487172842,23463431.984049022,21.03132854568822,True
494700.0,1.873994967687381e-05,-1.565661901281601e-05,-1.1649656649126428e-05,1.9670716114342213,23528134.050638612,20.3551216825488,True
495000.0,1.843560349519134e-05,-1.5034807432812158e-05,-1.1797562766702185e-05,1.991972740739584,23604244.156851873,19.567924595716704,True
495300.0,1.812694315779192e-05,-1.4430560469236298e-05,-1.190360159242232e-05,2.0122504495084286,23691498.728892762,18.675112002651655,True
495600.0,1.7817924211676325e-05,-1.3853662863994032e-05,-1.1969180771842503e-05,2.028224613517523,23789591.874904614,17.682546388767967,True
495900.0,1.750851868388748e-05,-1.3304494785870702e-05,-1.1999156335207317e-05,2.0393951013684273,23898178.379130416,16.596439326866967,True
496200.0,1.720224868712971e-05,-1.2792487950719078e-05,-1.1993499590801093e-05,2.045025583356619,24016876.937491544,15.42321964166472,True
496500.0,1.690099669306098e-05,-1.2316333140915958e-05,-1.1959988283294365e-05,2.046957090497017,24145273.573579296,14.169412785010504,True
496800.0,1.6604115418163077e-05,-1.1878260067987867e-05,-1.1898454312486706e-05,2.04419619217515,24282925.186033312,12.84153429092632,True
497100.0,1.631769485062192e-05,-1.1482076018864973e-05,-1.18161283921836e-05,2.0367256179451942,24429363.152485583,11.44599896222745,True
497400.0,1.6035486517274616e-05,-1.1123038689220266e-05,-1.171056883642052e-05,2.0251744277775288,24584096.94962276,9.989046180235182,False
497700.0,1.5764978068327006e-05,-1.0803888216059931e-05,-1.1590806717975966e-05,2.0098953023552895,24746617.736727618,8.476680967256875,False
498000.0,1.5505332107704962e-05,-1.0521887702452659e-05,-1.1459049439110913e-05,1.991183988749981,24916401.857438486,6.914629638786721,False
498300.0,1.5257291379810567e-05,-1.02774477852563e-05,-1.1316495030833096e-05,1.9689280092716217,25092914.224012643,5.30830861181348,False
498600.0,1.5022804961411822e-05,-1.006852176033135e-05,-1.1167957370883386e-05,1.942380465567112,25275611.552316114,3.662804631610838,False
498900.0,1.4798393054475551e-05,-9.892318530546618e-06,-1.1011431614527112e-05,1.9132707305252552,25463945.419579174,1.982864629442686,False
499200.0,1.458712269701976e-05,-9.746313594405365e-06,-1.0853371578634086e-05,1.8808255940675735,25657365.137701154,0.272893528209671,False
499500.0,1.4391831285874043e-05,-9.631227385398233e-06,-1.0696949896749075e-05,1.8458871021866798,25855320.41198528,-1.4630416568248377,False
499800.0,1.4205618027069873e-05,-9.54255878582444e-06,-1.0536919509362974e-05,1.8085699565708637,26057263.793115575,-3.221202822230179,False
500100.0,1.4036125371847055e-05,-9.481655382614917e-06,-1.0382361693039854e-05,1.7681118063628674,26262652.910565987,-4.998168111982793,False
500400.0,1.3878679591273208e-05,-9.445146503139767e-06,-1.0230067799987808e-05,1.7258149161934853,26470952.487331945,-6.7908167209283326,False
500700.0,1.3732834322415742e-05,-9.431401309711873e-06,-1.008100898403086e-05,1.6822141893208027,26681636.148933508,-8.596311953000958,False
501000.0,1.3600425459560419e-05,-9.439449684123247e-06,-9.938745508364377e-06,1.6358197964727879,26894188.02608844,-10.412083309964702,False
501300.0,1.3480294266888718e-05,-9.468528446632263e-06,-9.802664139968442e-06,1.587718091905117,27108104.155587167,-12.235808166354822,False
501600.0,1.3370130118629515e-05,-9.517170781236928e-06,-9.671276083977887e-06,1.5384424403309822,27322893.703299455,-14.06539345763121,False
501900.0,1.3270399985967934e-05,-9.582899423321578e-06,-9.5479318300562e-06,1.4868220575153828,27538080.010991428,-15.898957724453933,False
502200.0,1.3182880232680334e-05,-9.669386344057784e-06,-9.43221829174945e-06,1.4345821402966976,27753201.47519385,-17.73481377608634,False
502500.0,1.3105031657014142e-05,-9.772689054443617e-06,-9.32487881044608e-06,1.3812867887318134,27967812.285820566,-19.571452118538694,False
502800.0,1.3033322562197906e-05,-9.891085142044176e-06,-9.223217823262075e-06,1.3263900130987167,28181483.02004867,-21.40752528526729,False
503100.0,1.2971569232189158e-05,-1.002739182354162e-05,-9.130738536811123e-06,1.2705733813345432,28393801.11131405,-23.241833114899677,False
503400.0,1.2918645895964933e-05,-1.0179889585515411e-05,-9.048311138570853e-06,1.2139710523188114,28604371.20743168,-25.073309040556467,False
503700.0,1.287240958576576e-05,-1.0350234305178674e-05,-8.97227786822441e-06,1.156171478331089,28812815.42400679,-26.901007369324258,False
504000.0,1.2831995179919557e-05,-1.0535211771411923e-05,-8.905325433516964e-06,1.0973462797701359,29018773.504196733,-28.724091529024445,False
504300.0,1.2796516968320161e-05,-1.0737340403466078e-05,-8.844901515203674e-06,1.0383636727929115,29221902.89667357,-30.541823285047204,False
504600.0,1.277005261996588e-05,-1.0958812850958566e-05,-8.796095762875211e-06,0.9792769216001034,29421878.761371516,-32.35355283687636,False
504900.0,1.274699023550445e-05,-1.1198241736565251e-05,-8.753281498741217e-06,0.9182260893285275,29618393.909216147,-34.15870979898955,False
505200.0,1.2727614395758873e-05,-1.1454874339733578e-05,-8.718791498552037e-06,0.8571720346808434,29811158.676922888,-35.95679494191247,False
505500.0,1.2713214330173452e-05,-1.1730958931366331e-05,-8.693902955769772e-06,0.7959920018911362,29999900.76213615,-37.74737269919388,False
505800.0,1.2702125010802606e-05,-1.2030045070332562e-05,-8.674700062272223e-06,0.7344373911619186,30184365.00553848,-39.53006434711747,False
506100.0,1.2697125066653386e-05,-1.2353091335626232e-05,-8.666171488869168e-06,0.6722044311463833,30364313.1351772,-41.30454178233708,False
506400.0,1.2693920100075307e-05,-1.2700394989906272e-05,-8.6635910605537e-06,0.6093577668070793,30539523.475680985,-43.070521886460774,False
506700.0,1.2692547158035068e-05,-1.3072629997168406e-05,-8.6683454654235e-06,0.5465045161545277,30709790.627341382,-44.82776134793377,False
507000.0,1.2694953089940665e-05,-1.3476962607228415e-05,-8.679929536015152e-06,0.4836828261613846,30874925.119975537,-46.57605193591084,False
507300.0,1.2700760369886004e-05,-1.391404055084422e-05,-8.699775001730359e-06,0.41996191442012787,31034753.043009546,-48.3152161246969,False
507600.0,1.2710021818902025e-05,-1.4390139142506087e-05,-8.726186031537964e-06,0.35647858306765556,31189115.65209343,-50.0451030198393,False
507900.0,1.2720066536797604e-05,-1.4903875069194328e-05,-8.759177546835417e-06,0.29304078593850136,31337868.964798395,-51.76558449098758,False
508200.0,1.273486394342982e-05,-1.546830043253067e-05,-8.799238962353684e-06,0.2294883094727993,31480883.336572476,-53.47655144119321,False
508500.0,1.2749988065261929e-05,-1.6084144050410032e-05,-8.843450245876738e-06,0.1655985675752163,31618043.025256883,-55.17791010720434,False
508800.0,1.2768418984097544e-05,-1.676373312875512e-05,-8.893105118090716e-06,0.10234225168824196,31749245.74320745,-56.869578250739615,False
509100.0,1.279051734332705e-05,-1.7515746009166833e-05,-8.949001852442962e-06,0.03877582028508186,31874402.20437595,-58.551481102744255,False
509400.0,1.2815069844805492e-05,-1.835377682368744e-05,-9.00812992910005e-06,-0.02500956505537033,31993435.657394048,-60.22354683059724,False
509700.0,1.2840969404333617e-05,-1.9289043450498866e-05,-9.07024939067469e-06,-0.08846283704042435,32106281.41555136,-61.88570122035547,False
510000.0,1.2870281185734733e-05,-2.0345705308955075e-05,-9.135022139616922e-06,-0.15186405554413795,32212886.382044032,-63.53786116542095,False
510300.0,1.2901374549126803e-05,-2.154570788093224e-05,-9.200388333852061e-06,-0.2150099165737629,32313208.56824987,-65.17992632082809,False
510600.0,1.2936588689734937e-05,-2.2924164767346156e-05,-9.267057365036635e-06,-0.2772112861275673,32407216.609939635,-66.81176796359098,False
510900.0,1.2975825967328628e-05,-2.4526394497570436e-05,-9.332309488740975e-06,-0.34059470891952515,32494889.28433875,-68.43321358740278,False
511200.0,1.3017723343564641e-05,-2.6408759794094294e-05,-9.392675664798844e-06,-0.40263720601797104,32576215.014837734,-70.0440248210748,False
511500.0,1.3062387467906621e-05,-2.8648724480717647e-05,-9.446015781122696e-06,-0.4650725796818733,32651191.391317304,-71.64386471438002,False
511800.0,1.3110768454620973e-05,-3.136398112246752e-05,-9.487928679163815e-06,-0.5271375924348831,32719824.6748561,-73.23224758260507,False
512100.0,1.3164175806206002e-05,-3.472236372203952e-05,-9.513461165511217e-06,-0.5887135900557041,32782129.31315657,-74.80845921947316,False
512400.0,1.3221312435874624e-05,-3.89690014799271e-05,-9.512697900504463e-06,-0.6498402990400791,32838127.45393645,-76.37142471610377,False
512700.0,1.3281244516022022e-05,-4.44860976642758e-05,-9.471504824887234e-06,-0.7104390673339367,32887848.460890345,-77.91947901951642,False
513000.0,1.3347114755185556e-05,-5.191304549612141e-05,-9.370204310243935e-06,-0.7701855301856995,32931328.432933096,-79.44994637910024,False
513300.0,1.3416436203243398e-05,-6.232800299699193e-05,-9.168328290343197e-06,-0.8303446210920811,32968609.72931768,-80.95831785288048,False
513600.0,1.3490796926153804e-05,-7.770072068069567e-05,-8.797917672609401e-06,-0.8897744975984097,32999740.493627366,-82.4365121917085,False
513900.0,1.3569589104480919e-05,-0.00010181995415337042,-8.11610946982455e-06,-0.9488303810358047,33024774.191182397,-83.86883873284225,False
514200.0,1.3654950704916183e-05,-0.00014206894874746467,-6.811577534904245e-06,-1.0073288455605507,33043769.14684975,-85.22157754757303,False
514500.0,1.374445427768924e-05,-0.0002094908599019618,-4.145269983268918e-06,-1.065119095146656,33056788.09265066,-86.41358592190093,False
514800.0,1.3838001120984353e-05,-0.00028644421260537456,1.1930184911079778e-06,-1.1222805753350258,33063897.723054603,-87.24130530346913,False
515100.0,1.3939116811117128e-05,-0.00024263369886057262,8.284638738587091e-06,-1.1789139732718468,33065168.25881741,-87.3519239862607,False
515400.0,1.4044320030996066e-05,-0.00011438316514045255,1.238661437241717e-05,-1.2349416948854923,33060673.020691127,-86.68248896682927,False
515700.0,1.4154381018803082e-05,-4.370465933334344e-05,1.3747885972748008e-05,-1.290379174053669,33050488.014397893,-85.58050819180968,False
516000.0,1.4270561687976999e-05,-1.4935240756130952e-05,1.4193152011898746e-05,-1.3449894040822983,33034691.52672954,-84.29611387638191,False
516300.0,1.4391766918358919e-05,-3.144712025004992e-06,1.4386563705670596e-05,-1.398463100194931,33013363.734880082,-82.93174070162394,False
516600.0,1.452056773302821e-05,1.8465523794475303e-06,1.451801961138699e-05,-1.4513125158846378,32986586.330176983,-81.52884931871289,False
516900.0,1.4652464170035009e-05,3.915370911045102e-06,1.4637011588547466e-05,-1.5030947029590607,32954442.15381449,-80.10612744045476,False
517200.0,1.4790555546780896e-05,4.617176216470398e-06,1.4762728056894048e-05,-1.5546211078763008,32917014.852239512,-78.67290929860413,False
517500.0,1.4932977024293848e-05,4.676464243402734e-06,1.4897181387141245e-05,-1.6052367314696312,32874388.54426889,-77.23423638868393,False
517800.0,1.5081157674878938e-05,4.404464647222994e-06,1.504236743699039e-05,-1.6542937457561493,32826647.51005563,-75.79298180752664,False
518100.0,1.5233257762383679e-05,3.9740932038512256e-06,1.5195491570807462e-05,-1.7033360376954079,32773875.8994063,-74.35083308681844,False
518400.0,1.539096350046523e-05,3.476038529015568e-06,1.5357021808881655e-05,-1.7500267662107944,32716157.45145458,-72.90878558328741,False
518700.0,1.5515701819486755e-05,2.7971593965503416e-06,1.5490208966184582e-05,-1.751301795244217,32653575.20419151,-71.46740744069963,False
519000.0,1.5674990334607156e-05,2.2756378825761203e-06,1.565570555328577e-05,-1.7968556843698025,32586211.435593408,-70.02699030215395,False
519300.0,1.5840382774403435e-05,1.7634918663134158e-06,1.582729392168858e-05,-1.8408117406070232,32514147.185665034,-68.58763885115445,False
519600.0,1.600802224767624e-05,1.2726166573884257e-06,1.600039207971804e-05,-1.8849321752786636,32437462.253098283,-67.14932658426724,False
519900.0,1.618187951868857e-05,8.043685681968782e-07,1.617849679291794e-05,-1.9265550076961517,32356234.98079427,-65.71193156257168,False
520200.0,1.635937258141336e-05,3.5895885730496957e-07,1.6358630617219205e-05,-1.968136090785265,32270542.12787505,-64.27526009243502,False
520500.0,1.6538309981954554e-05,-6.50088907150348e-08,1.653828335435037e-05,-2.008063182234764,32180458.74857862,-62.839062867329375,False
520800.0,1.6722486629670198e-05,-4.6204320369724883e-07,1.672102418126542e-05,-2.0457427613437176,32086058.111710437,-61.40304623772132,False
521100.0,1.6908115871980706e-05,-8.385847536374058e-07,1.69029057701664e-05,-2.083542563021183,31987411.643845208,-59.96688024629137,False
521400.0,1.7097652098248818e-05,-1.1935344446101226e-06,1.7086294931800694e-05,-2.1194281950592995,31884588.8906609,-58.53020452198628,False
521700.0,1.728831070698907e-05,-1.5323909394737711e-06,1.7268253991176152e-05,-2.1537324711680412,31777657.520314787,-57.09263265861807,False
522000.0,1.7482732662260166e-05,-1.8502275906939758e-06,1.7451539925161796e-05,-2.186517044901848,31666683.345717203,-55.65375557572755,False
522300.0,1.7677673405392233e-05,-2.1531458855861274e-06,1.7632776504683534e-05,-2.2177370078861713,31551730.37822912,-54.21314412013857,False
522600.0,1.787383638114781e-05,-2.4396506432822207e-06,1.7812787618254333e-05,-2.2472022213041782,31432860.91001009,-52.77035116224303,False
522900.0,1.8072089359221912e-05,-2.7136159133078763e-06,1.7992355417106864e-05,-2.275186501443386,31310135.626014277,-51.32491329641701,False
523200.0,1.827238181899528e-05,-2.9698531989197363e-06,1.817187278874144e-05,-2.301146075129509,31183613.743153986,-49.87635226769965,False
523500.0,1.8470486987890736e-05,-3.213843683624873e-06,1.8346942653124643e-05,-2.3249663077294827,31053353.181017574,-48.424176191323326,False
523800.0,1.866890465533234e-05,-3.4472626850856614e-06,1.8520097810892366e-05,-2.3479358702898026,30919410.76121678,-46.96788063953312,False
524100.0,1.8869426569169146e-05,-3.6675583601208928e-06,1.8693548938131244e-05,-2.367942538112402,30781842.42964048,-45.50694960061715,False
524400.0,1.906630633819449e-05,-3.879404800954944e-06,1.8861263335168132e-05,-2.386251423507929,30640703.51866576,-44.040856358347696,False
524700.0,1.9265523912117922e-05,-4.08015071684531e-06,1.9029742993836862e-05,-2.402961514890194,30496049.02601732,-42.5690643438612,False
525000.0,1.9461618964093246e-05,-4.2691581825238245e-06,1.9193805499639893e-05,-2.4166400618851185,30347933.925277423,-41.09102790380173,False
525300.0,1.965585019768933e-05,-4.451309052910801e-06,1.935435533795271e-05,-2.4283394254744053,30196413.507659208,-39.60619308556691,False
525600.0,1.984915992700819e-05,-4.624860252988583e-06,1.9512778372643425e-05,-2.4372583590447903,30041543.741620485,-38.11399838560971,False
525900.0,2.0040004910436584e-05,-4.789560932749737e-06,1.966779056061796e-05,-2.444279320538044,29883381.665772337,-36.613875496257464,False
526200.0,2.0227247032210092e-05,-4.946729632138158e-06,1.9818276413730018e-05,-2.44893342256546,29721985.79976234,-35.105250063176996,False
526500.0,2.0413508708077062e-05,-5.09544560145514e-06,1.9967315878943737e-05,-2.4511209912598133,29557416.583497155,-33.58754245680052,False
526800.0,2.059489967726113e-05,-5.237900609245116e-06,2.011080573538493e-05,-2.4505688063800335,29389736.83662611,-32.060168549167074,False
527100.0,2.0772593869364164e-05,-5.375920920869248e-06,2.0249807612060522e-05,-2.4473906457424164,29219012.240498394,-30.522540543714275,False
527400.0,2.0945705381807865e-05,-5.503221416347515e-06,2.038489159161827e-05,-2.441644188016653,29045311.839234434,-28.974067825374135,False
527700.0,2.1115265454139234e-05,-5.627055145396298e-06,2.0515919331387522e-05,-2.4323672838509083,28868708.559038825,-27.41415786450887,False
528000.0,2.1280138148548078e-05,-5.744822090036905e-06,2.064248020872128e-05,-2.4222373329102993,28689279.75043693,-25.842217181332455,False
528300.0,2.1440292422040827e-05,-5.8568634244693385e-06,2.0764711990750584e-05,-2.4078556448221207,28507107.7318604,-24.257652383622702,False
528600.0,2.1594526889794693e-05,-5.965648824712844e-06,2.0881018127028028e-05,-2.3914761543273926,28322280.368701253,-22.65987128928562,False
528900.0,2.1741934363438052e-05,-6.066986770747462e-06,2.0991697336825155e-05,-2.371963731944561,28134891.643786844,-21.048284160170024,False
529200.0,2.188447258978248e-05,-6.164573647993166e-06,2.1098109826311884e-05,-2.3499664440751076,27945042.25227809,-19.422305056826396,False
529500.0,2.2022261838280604e-05,-6.258751909626881e-06,2.1200500583518078e-05,-2.325928833335638,27752840.197473053,-17.781353340524912,False
529800.0,2.2151616270188084e-05,-6.349054331167281e-06,2.1295373858976063e-05,-2.298902992159128,27558401.39314309,-16.12485535017827,False
530100.0,2.2274497540294877e-05,-6.434259091747663e-06,2.138532665441062e-05,-2.2694767229259014,27361850.273184553,-14.452246297918897,False
530400.0,2.2391632233243382e-05,-6.517737460853823e-06,2.1470388071875846e-05,-2.2363264188170433,27163320.395325176,-12.7629723878931,False
530700.0,2.2501806655412202e-05,-6.598798393042671e-06,2.154967842571409e-05,-2.2015112787485123,26962955.0509676,-11.056493227927,False
531000.0,2.2604764833015757e-05,-6.679038079937527e-06,2.1622647510710635e-05,-2.164066683501005,26760907.85739824,-9.332284570301992,False
531300.0,2.2699819082330015e-05,-6.754291888455555e-06,2.1690025071130492e-05,-2.1243443116545677,26557343.35114199,-7.589841435756967,False
531600.0,2.2787443448340203e-05,-6.830397239809827e-06,2.175073354138135e-05,-2.082357682287693,26352437.561677527,-5.8286816790484455,False
531900.0,2.2869314614925892e-05,-6.906216555080391e-06,2.180705033083541e-05,-2.0367395617067814,26146378.567653026,-4.048350079782971,False
532200.0,2.294079299298333e-05,-6.9808491502953984e-06,2.185458155468112e-05,-1.9905277341604233,25939367.036880605,-2.248423017360337,False
532500.0,2.3005860137831193e-05,-7.057531263399142e-06,2.1896658164988203e-05,-1.9405884519219398,25731616.72145984,-0.4285138645835521,False
532800.0,2.3065209273513033e-05,-7.134210193271429e-06,2.1934853929206355e-05,-1.8894068114459515,25523354.94072727,1.4117208385653512,False
533100.0,2.3114641246139375e-05,-7.213698722807749e-06,2.1964033628751878e-05,-1.8360989354550838,25314823.00223067,3.2725742752298923,False
533400.0,2.3157118547245803e-05,-7.296065462014667e-06,2.1987478303842067e-05,-1.7802086174488068,25106276.58696223,5.154281142324509,False
533700.0,2.3193150510766187e-05,-7.382490025520383e-06,2.200553803533012e-05,-1.7223202362656593,24897986.074836005,7.057008214943342,False
534000.0,2.322095037391296e-05,-7.475219774732977e-06,2.2015796957930434e-05,-1.6635785102844238,24690236.80370221,8.980843443355706,False
534300.0,2.3239692995060474e-05,-7.5740274212421355e-06,2.2017681033048575e-05,-1.601773202419281,24483329.24998003,10.925783349999747,True
534600.0,2.325163649506264e-05,-7.681322159669435e-06,2.2013016952371345e-05,-1.539477102458477,24277579.136034843,12.891718450732567,True
534900.0,2.325362483785071e-05,-7.798657662760888e-06,2.199822321102829e-05,-1.4747847020626068,24073317.423712477,14.8784163655724,True
535200.0,2.3249953001116048e-05,-7.928505340260017e-06,2.197731872755071e-05,-1.4092324115335941,23870890.216742657,16.885502182783387,True
535500.0,2.324126255032325e-05,-8.073422918641882e-06,2.1950482285149064e-05,-1.3425259552896023,23670658.529109925,18.912435630094233,True
535800.0,2.322188723458961e-05,-8.236196947564167e-06,2.191118732852715e-05,-1.274412877857685,23472997.92665854,20.958484422908565,True
536100.0,2.319519979569382e-05,-8.417136314164964e-06,2.1863342894334892e-05,-1.2048658914864063,23278298.019644592,23.022693048472046,True
536400.0,2.3163370491810938e-05,-8.626800621414077e-06,2.1806322809680978e-05,-1.1354453787207603,23086961.795489773,25.10384614210209,True
536700.0,2.3123017658011804e-05,-8.86475265815534e-06,2.173729015098047e-05,-1.0655183158814907,22899404.771919932,27.20042530119239,True
537000.0,2.307688555851545e-05,-9.137159736383182e-06,2.165786241192791e-05,-0.9941436164081097,22716053.968274474,29.310557983757864,True
537300.0,2.3023773028364857e-05,-9.453088466671034e-06,2.1564663327922062e-05,-0.9230809509754181,22537346.678311534,31.43195682119721,True
537600.0,2.29619092186426e-05,-9.817674168743906e-06,2.145509490958375e-05,-0.8526514172554016,22363729.02549075,33.56184722496414,True
537900.0,2.2896738569963575e-05,-1.0243831042089369e-05,2.1331948701686088e-05,-0.7807570211589336,22195654.302245088,35.69688073597552,True
538200.0,2.2825766675843355e-05,-1.0741126516222721e-05,2.1190759255773628e-05,-0.7104797251522541,22033581.092442583,37.83303100944588,True
538500.0,2.2747031534661707e-05,-1.1322721746864772e-05,2.102660625524777e-05,-0.6407414227724075,21877971.14854816,39.96546866651231,True
538800.0,2.2666283287293637e-05,-1.2006874328562844e-05,2.08414132387702e-05,-0.5713517777621746,21729287.055791575,42.08841070615701,True
539100.0,2.2577630039001382e-05,-1.2811838445259127e-05,2.062454220208565e-05,-0.5029666759073734,21587989.66948927,44.19493974915141,True
539400.0,2.2486296566888036e-05,-1.376298277477872e-05,2.037506763485908e-05,-0.43501532077789307,21454535.339512832,46.276788316570084,True
539700.0,2.239016296694514e-05,-1.4884050699492946e-05,2.008421654409176e-05,-0.37021222338080406,21329372.94734288,48.32408451831775,True
540000.0,2.229291365161049e-05,-1.620660592038803e-05,1.974633368462264e-05,-0.30581184476614,21212940.75903145,50.325058336482826,True
540300.0,2.2191313549859977e-05,-1.7759536149242194e-05,1.9347420909809898e-05,-0.24225420504808426,21105663.154501036,52.265714240192594,True
540600.0,2.2087932443282712e-05,-1.9577566291673065e-05,1.8875371900151094e-05,-0.18205015361309052,21007947.242467027,54.129487995970585,True
540900.0,2.1981300559773252e-05,-2.168249878309325e-05,1.8313507943901186e-05,-0.12400392815470695,20920179.408945244,55.89692669357524,True
541200.0,2.1874467085180288e-05,-2.409211293752378e-05,1.7644966405327978e-05,-0.0677572526037693,20842721.863071423,57.545463930305964,True
541500.0,2.1765366819367842e-05,-2.6787760532442917e-05,1.685016344055157e-05,-0.014703478664159775,20775909.220023368,59.049407744301966,True
541800.0,2.1657255002280864e-05,-2.973025681285435e-05,1.590993614541958e-05,0.03671381622552872,20720045.176583506,60.3803102332707,True
542100.0,2.1548952201242436e-05,-3.281935954646542e-05,1.4806935837441415e-05,0.08534063398838043,20675399.355090603,61.507922548181504,True
542400.0,2.1440949592419584e-05,-3.58930459185558e-05,1.3535974225931113e-05,0.13114731758832932,20642204.356143184,62.40191273523636,True
542700.0,2.1331752809265767e-05,-3.8736474607503624e-05,1.2103917036654366e-05,0.17363738641142845,20620653.09364408,63.03437983167353,True
543000.0,2.1226491293268193e-05,-4.112888146323712e-05,1.0536466085397933e-05,0.21265755593776703,20610896.45938134,63.382909105816495,True
543300.0,2.111892356605656e-05,-4.284742118443319e-05,8.87654437775609e-06,0.24867983907461166,20613041.36936682,63.43355594279515,True
543600.0,2.1014717339281643e-05,-4.377650452624948e-05,7.181661068500489e-06,0.2818581834435463,20627149.234244835,63.182926225051744,True
543900.0,2.0913819213084102e-05,-4.389651371639047e-05,5.510246396056573e-06,0.3118358291685581,20653234.884043273,62.63866367256077,True
544200.0,2.0812825588261143e-05,-4.328249175955534e-05,3.916162739869833e-06,0.3377864509820938,20691265.969343927,61.818176919644486,True
544500.0,2.071248829609211e-05,-4.208880750411481e-05,2.442160571547447e-06,0.3608389385044575,20741162.846730344,60.746060119750254,True
544800.0,2.0615330338739264e-05,-4.049984173093435e-05,1.116946904744509e-06,0.38115426152944565,20802798.95434976,59.4510148653089,True
545100.0,2.0520685512775017e-05,-3.86840967507851e-05,-5.446333517511448e-08,0.3970637694001198,20876001.656569943,57.96302752120708,True
545400.0,2.042643206396978e-05,-3.677473534935416e-05,-1.072535980028988e-06,0.4110445864498615,20960553.52833803,56.31124049062165,True
545700.0,2.0335307880735833e-05,-3.4877114018172506e-05,-1.9454619817338425e-06,0.4202967770397663,21056194.067027174,54.5226174301136,True
546000.0,2.0245809143587934e-05,-3.3054111980845846e-05,-2.688462522826285e-06,0.4269716963171959,21162621.75400107,52.62128501061773,True
546300.0,2.0157776025357696e-05,-3.134404479965269e-05,-3.316760839311428e-06,0.4307571165263653,21279496.45403666,50.62835419849463,True
546600.0,2.0069301507595082e-05,-2.9763696744566914e-05,-3.843244506640531e-06,0.4316440559923649,21406442.07119101,48.562033507883015,True
546900.0,1.998348790717228e-05,-2.832368866734214e-05,-4.283503258761812e-06,0.42877525463700294,21543049.419226922,46.43789237553414,True
547200.0,1.9899963338976844e-05,-2.702025912526551e-05,-4.652938024207742e-06,0.42392662540078163,21688879.241627526,44.26918189469058,True
547500.0,1.981887314834631e-05,-2.5846803168860788e-05,-4.962101947114661e-06,0.41559532657265663,21843465.340172466,42.06715910272967,True
547800.0,1.9736924231045495e-05,-2.4790377011640885e-05,-5.21835910660684e-06,0.4055117070674896,22006317.738121442,39.84138745127757,True
548100.0,1.9658397088693602e-05,-2.3845446690984318e-05,-5.433782988006897e-06,0.3932461701333523,22176925.85437326,37.60000221252672,True
548400.0,1.9580632964682935e-05,-2.2999601668516334e-05,-5.611751994649694e-06,0.3782387003302574,22354761.626431163,35.34993852551256,True
548700.0,1.950295421898461e-05,-2.2241564408886916e-05,-5.7606029955081794e-06,0.3609173037111759,22539282.5534068,33.09712435248513,True
549000.0,1.9427335819357574e-05,-2.156566165467666e-05,-5.883412072194005e-06,0.3425581604242325,22729934.628369845,30.84664240196659,True
549300.0,1.9354135300928577e-05,-2.0962998092954876e-05,-5.987592366807348e-06,0.32180028408765793,22926155.137200743,28.602865649893573,True
549600.0,1.928153244345941e-05,-2.0424868552026965e-05,-6.074664355537607e-06,0.2994130402803421,23127375.293350063,26.369570794209448,True
549900.0,1.921012727049452e-05,-1.9945852869796e-05,-6.146867882250717e-06,0.27606501057744026,23333022.71033156,24.150033548826897,True
550200.0,1.9142025811102947e-05,-1.9521963452007185e-05,-6.208600431989453e-06,0.25149310752749443,23542523.695204277,21.94710903669596,True
550500.0,1.9075132994749043e-05,-1.9146299649719367e-05,-6.260435970517619e-06,0.2245069146156311,23755305.35976394,19.76329999526436,True
550800.0,1.900952116151023e-05,-1.8815322704313076e-05,-6.302005036928904e-06,0.1972174122929573,23970797.546082404,17.600815024900935,True
551100.0,1.8947250141018657e-05,-1.8525692581761177e-05,-6.339471454452905e-06,0.16954559460282326,24188434.583602007,15.461618666707329,True
551400.0,1.8886857868506475e-05,-1.827400444653904e-05,-6.36955880040091e-06,0.14057309925556183,24407656.86709781,13.347474724042929,True
551700.0,1.882964546293072e-05,-1.8057241675251134e-05,-6.3971390957817675e-06,0.11102929338812828,24627912.269114383,11.259984045358244,True
552000.0,1.8776292023766674e-05,-1.7875022649604944e-05,-6.418821280718134e-06,0.08113300055265427,24848657.40205314,9.200617635384296,False
552300.0,1.8724356264013728e-05,-1.7722248969676002e-05,-6.435625346412621e-06,0.050422899425029755,25069358.733689513,7.1707459117315775,False
552600.0,1.8675347046270268e-05,-1.7598105955585197e-05,-6.4491535152200186e-06,0.019918646663427353,25289493.56680137,5.171664670632168,False
552900.0,1.863032089705049e-05,-1.7502105919220412e-05,-6.4592890183234886e-06,-0.011097278445959091,25508550.901908655,3.204618272597031,False
553200.0,1.858928196829712e-05,-1.7433051397119925e-05,-6.465261602084382e-06,-0.042188774794340134,25726032.18291045,1.2708204475587748,False
553500.0,1.855385517010338e-05,-1.739013680435164e-05,-6.470322656215721e-06,-0.07354050502181053,25941451.94742874,-0.628526961244202,False
553800.0,1.8520307041714437e-05,-1.7370117177506472e-05,-6.4692585417525095e-06,-0.10533922538161278,26154338.385426167,-2.4922170830218664,False
554100.0,1.8492216007273536e-05,-1.737513360922094e-05,-6.46366827172784e-06,-0.13686806708574295,26364233.818292003,-4.319022695370193,False
554400.0,1.8469019441491737e-05,-1.740213133416546e-05,-6.45745409677545e-06,-0.16822482645511627,26570695.110774375,-6.10768239516144,False
554700.0,1.8449078511740555e-05,-1.745168609090797e-05,-6.441924690570033e-06,-0.19943806156516075,26773294.019323386,-7.85688815987301,False
555000.0,1.8435898188361217e-05,-1.7523891671089586e-05,-6.424570477392422e-06,-0.2307957112789154,26971617.488748435,-9.565274195353785,False
555300.0,1.8429390157819636e-05,-1.761952449896853e-05,-6.400935266270835e-06,-0.26233670487999916,27165267.90252249,-11.231407164464896,False
555600.0,1.842741543623819e-05,-1.7736262833523142e-05,-6.368906705134236e-06,-0.29349347576498985,27353863.294407476,-12.853777734302916,False
555900.0,1.8431743600126756e-05,-1.7873476338081673e-05,-6.333121277179998e-06,-0.3249400742352009,27537037.529471144,-14.430793574187536,False
556200.0,1.8442110894632023e-05,-1.803215121753965e-05,-6.288034180457203e-06,-0.355286680161953,27714440.452513844,-15.960773938126861,False
556500.0,1.8459478078312433e-05,-1.821175408167619e-05,-6.235592834968884e-06,-0.3860252574086189,27885738.02208869,-17.44194593936328,False
556800.0,1.8482421457891353e-05,-1.841045346395731e-05,-6.173993568836522e-06,-0.41626429557800293,28050612.41587575,-18.87244278299654,False
557100.0,1.851249934962608e-05,-1.862906214000759e-05,-6.102989058121011e-06,-0.44684623554348946,28208762.130714823,-20.250304148389134,False
557400.0,1.855074101861609e-05,-1.8867474636863335e-05,-6.0230187486354225e-06,-0.4767415039241314,28359902.063434634,-21.573479009097788,False
557700.0,1.8596701832220666e-05,-1.9125645081885523e-05,-5.929499060641774e-06,-0.50609041005373,28503763.589670185,-22.83983117163412,False
558000.0,1.8650594291944567e-05,-1.9400860367113637e-05,-5.826677238474076e-06,-0.5358400270342827,28640094.633054335,-24.047147794633624,False
558300.0,1.8710673548828178e-05,-1.9691177641334434e-05,-5.7100082244687655e-06,-0.5642931312322617,28768659.727197886,-25.19315120991807,False
558600.0,1.878114194617309e-05,-1.9998864274839434e-05,-5.581837474011309e-06,-0.5933314487338066,28889240.085012328,-26.275514211846822,False
558900.0,1.8856633563752196e-05,-2.0316814328680266e-05,-5.438997206397289e-06,-0.6207109875977039,29001633.65329402,-27.29187903994498,False
559200.0,1.894302236764946e-05,-2.0649939642680692e-05,-5.280797658713254e-06,-0.6483759582042694,29105655.18379663,-28.239880070359703,False
559500.0,1.9035236121927606e-05,-2.0989077228250608e-05,-5.1096830375740865e-06,-0.6750881709158421,29201136.290156525,-29.11717017450299,False
559800.0,1.9138103031934108e-05,-2.1337922362363315e-05,-4.92408974039904e-06,-0.7018258944153786,29287925.52000438,-29.92145050964624,False
560100.0,1.924825774933844e-05,-2.1690332630441844e-05,-4.7221078389725335e-06,-0.7269572280347347,29365888.41998105,-30.65050329259675,False
560400.0,1.936750033468343e-05,-2.20447658705325e-05,-4.506547206517553e-06,-0.7515808530151844,29434907.614614952,-31.302226921965698,False
560700.0,1.9495174504048997e-05,-2.2398040584903356e-05,-4.275650681506704e-06,-0.775726892054081,29494882.88018611,-31.874672602276117,False
561000.0,1.9631112038226013e-05,-2.274628911891341e-05,-4.032235409567875e-06,-0.7994131334125996,29545731.227885038,-32.3660813695092,False
561300.0,1.977468908609085e-05,-2.3086842816155695e-05,-3.7725261705645607e-06,-0.8215010203421116,29587386.989415042,-32.77492031931136,False
561600.0,1.9926861763318703e-05,-2.3416809284526607e-05,-3.5020292301624067e-06,-0.8425397202372551,29619801.91132933,-33.09991664099723,False
561900.0,2.0087663805887485e-05,-2.3734506640948894e-05,-3.2172440782574085e-06,-0.8627454750239849,29642945.249258034,-33.34008813551694,False
562200.0,2.0255973173903928e-05,-2.4035397700572503e-05,-2.922838937990946e-06,-0.8813850469887257,29656803.868209444,-33.49476882478836,False
562500.0,2.043176599612251e-05,-2.4317486037261915e-05,-2.619979568407871e-06,-0.8989079408347607,29661382.350114044,-33.56362855372001,False
562800.0,2.0614615909970136e-05,-2.457874523997816e-05,-2.3097832411167474e-06,-0.9149845875799656,29656703.101499464,-33.54668563323465,False
563100.0,2.080584027804433e-05,-2.4819369855322293e-05,-1.9965318358572404e-06,-0.9302309416234493,29642806.468710884,-33.44431196614345,False
563400.0,2.1003679503554188e-05,-2.503726716440724e-05,-1.6774596787172413e-06,-0.9436023756861687,29619750.852190007,-33.25723048191865,False
563700.0,2.1211556470697725e-05,-2.5236049083332546e-05,-1.3591368315246655e-06,-0.9565790556371212,29587612.830353998,-32.98650505786383,False
564000.0,2.142457187823611e-05,-2.5410728170527364e-05,-1.0400037737667844e-06,-0.9670712202787399,29546487.275297973,-32.6335235910448,False
564300.0,2.164660633394175e-05,-2.556680888687879e-05,-7.249142157661481e-07,-0.9761949591338634,29496487.48262973,-32.19997509326326,False
564600.0,2.18750496366023e-05,-2.57028357850686e-05,-4.1417515106445535e-07,-0.9830990619957447,29437745.289622493,-31.687822059985564,False
564900.0,2.2110172111264737e-05,-2.582107615012319e-05,-1.0814045481311041e-07,-0.9882852025330067,29370411.200958885,-31.09926942548681,False
565200.0,2.2351604957187863e-05,-2.5923339734390538e-05,1.8726658623791081e-07,-0.992559976875782,29294654.507841174,-30.43673153208271,False
565500.0,2.259993608468137e-05,-2.6012861809476817e-05,4.7413168147159013e-07,-0.9933163486421108,29210663.40058037,-29.7027985129983,False
565800.0,2.285379317454984e-05,-2.609081988680373e-05,7.481930417441163e-07,-0.9929995313286781,29118645.08768492,-28.900203309116684,False
566100.0,2.3113116775867974e-05,-2.6159824443539037e-05,1.0123374920567585e-06,-0.9891832657158375,29018825.888760183,-28.031790472536844,False
566400.0,2.3377390698674375e-05,-2.622242288907728e-05,1.2595370542101136e-06,-0.9833403863012791,28911451.335870884,-27.100487590337348,False
566700.0,2.3648766103521816e-05,-2.6283714191777108e-05,1.4924262607962646e-06,-0.9747748114168644,28796786.24704964,-26.10928006876026,False
567000.0,2.3924104130878352e-05,-2.6343122755179138e-05,1.7077620171335184e-06,-0.9641045592725277,28675114.793162048,-25.061189665271595,False
567300.0,2.4201731141706166e-05,-2.640138714582463e-05,1.906806478046974e-06,-0.9499653354287148,28546740.538181216,-23.95925709391965,False
567600.0,2.448638518031633e-05,-2.646640817260959e-05,2.0875454964652818e-06,-0.9324049986898899,28411986.462244924,-22.806528757484752,False
567900.0,2.4770519055939653e-05,-2.6532603101259156e-05,2.2473653125132387e-06,-0.9121341295540333,28271194.952033304,-21.60604759827282,False
568200.0,2.5060242188403654e-05,-2.6608700011365727e-05,2.3881923816304607e-06,-0.8880121409893036,28124727.755647168,-20.360847921570784,False
568500.0,2.535019319632008e-05,-2.66911678750148e-05,2.5086711517019467e-06,-0.8608989045023918,27972965.90429818,-19.07395396799005,False
568800.0,2.5642126548336195e-05,-2.6784371414123598e-05,2.604098536806987e-06,-0.8301125355064869,27816309.58057311,-17.7483820034722,False
569100.0,2.59330679921289e-05,-2.688658730676252e-05,2.6784130788826133e-06,-0.795926533639431,27655177.939532723,-16.387145657333342,False
569400.0,2.6226441746227562e-05,-2.700349094197918e-05,2.7278617746873124e-06,-0.7582581862807274,27490008.864899714,-14.99326418814952,False
569700.0,2.6516171642518583e-05,-2.7130293574373354e-05,2.7522546854896746e-06,-0.7153917253017426,27321258.655545812,-13.569773458397945,False
570000.0,2.6805108395164215e-05,-2.7271346681345676e-05,2.7517057041848147e-06,-0.6700747720897198,27149401.64024243,-12.119739311213912,False
570300.0,2.7090452789085427e-05,-2.7425437451711332e-05,2.7220613851852704e-06,-0.6196902580559254,26974929.68728553,-10.646273109542562,False
570600.0,2.737318301557537e-05,-2.7594443224643328e-05,2.665249184019558e-06,-0.5661086104810238,26798351.633835524,-9.152549209755493,False
570900.0,2.7649288679894743e-05,-2.77755274851188e-05,2.5779488170840636e-06,-0.5084857009351254,26620192.586877212,-7.641824091333828,False
571200.0,2.791924998357913e-05,-2.7969935388227896e-05,2.460008391658164e-06,-0.4469323568046093,26440993.111884158,-6.1174569350816865,False
571500.0,2.818400059041649e-05,-2.817908261931734e-05,2.3123001078317884e-06,-0.3804817609488964,26261308.28044941,-4.582931351051522,False
571800.0,2.843761768679729e-05,-2.8397901331800313e-05,2.12796211496169e-06,-0.31135112792253494,26081706.576598734,-3.041877957016463,False
572100.0,2.868294540936965e-05,-2.862909343548381e-05,1.9096008290198085e-06,-0.23786833882331848,25902768.632027708,-1.4980974848894586,False
572400.0,2.8918336000763288e-05,-2.8870790572455007e-05,1.65774226282972e-06,-0.1599433347582817,25725085.802486494,0.044416066588804974,False
572700.0,2.9139647656385912e-05,-2.911868330102152e-05,1.3664386298017916e-06,-0.07934008166193962,25549258.556777395,1.5814527172599329,False
573000.0,2.9348139305696953e-05,-2.9373043730629433e-05,1.0366939413586351e-06,0.005761109292507172,25375894.66838231,3.1085648547315268,False
573300.0,2.9542233231631297e-05,-2.9631040831645805e-05,6.661964766507822e-07,0.0931614600121975,25205607.22083115,4.621047464123829,False
573600.0,2.9720075156729164e-05,-2.988897642808297e-05,2.5620735222275925e-07,0.18391238152980804,25039012.393671587,6.113921133049463,False
573900.0,2.9881592863810756e-05,-3.0144498794015817e-05,-1.9565271447419263e-07,0.2782323881983757,24876727.053056214,7.581918976148373,False
574200.0,3.0024545042286182e-05,-3.0392444045901357e-05,-6.887342909323024e-07,0.3741687685251236,24719366.13431196,9.019478751458177,False
574500.0,3.0146915168126525e-05,-3.062717070179133e-05,-1.2252066934337336e-06,0.47345055639743805,24567539.81782087,10.420741679817374,True
574800.0,3.0247242164292142e-05,-3.084309577161548e-05,-1.8014603941907126e-06,0.5733547694981098,24421850.530096125,11.779559588702474,True
575100.0,3.032720936031995e-05,-3.103709434526536e-05,-2.4178791324658278e-06,0.6761406734585762,24282889.754690412,13.08951217887747,True
575400.0,3.0384909917517516e-05,-3.1201465134245154e-05,-3.0761789791000638e-06,0.7809591256082058,24151234.7101548,14.343936186630781,True
575700.0,3.0416835893762117e-05,-3.1326880275628355e-05,-3.7701723965000156e-06,0.8858028501272202,24027444.895834718,15.535968170182036,True
576000.0,3.0425912587849145e-05,-3.140997702644199e-05,-4.497327626751257e-06,0.991377204656601,23912058.548304755,16.658602426555117,True
576300.0,3.040744678800074e-05,-3.1438958160379116e-05,-5.255179971186408e-06,1.0968650095164776,23805589.059332673,17.704765031789705,True
576600.0,3.036521072328332e-05,-3.141109354487526e-05,-6.0390087277539806e-06,1.2024524882435799,23708521.38713416,18.66740435841283,True
576900.0,3.0295478525673375e-05,-3.131596221805921e-05,-6.843149229496248e-06,1.3074435330927372,23621308.523758415,19.539597462259163,True
577200.0,3.0198786877221237e-05,-3.114823022087876e-05,-7.661273905057442e-06,1.4112167656421661,23544368.0670183,20.31467053626467,True
577500.0,3.0078126023657268e-05,-3.090611113520936e-05,-8.486808361851672e-06,1.514357779175043,23478078.957962662,20.98633026876185,True
577800.0,2.9931992071233152e-05,-3.0584162743707566e-05,-9.312443769005085e-06,1.614234708249569,23422778.44899577,21.548801510304486,True
578100.0,2.975933225520707e-05,-3.01801283342229e-05,-1.012731116745158e-05,1.7119994796812534,23378759.34425098,21.9969653193529,True
578400.0,2.9561415771107532e-05,-2.9694454269701964e-05,-1.0925431841002364e-05,1.8072268664836884,23346267.59183746,22.326490436013945,True
578700.0,2.9341090039075414e-05,-2.9131339090326946e-05,-1.1700430697203501e-05,1.898917280137539,23325500.260291513,22.53395066039919,True
579000.0,2.9097304921812825e-05,-2.8495681874574075e-05,-1.2439392985896802e-05,1.9871273152530193,23316603.94930198,22.61692078820819,True
579300.0,2.8832941213147962e-05,-2.7794427211347283e-05,-1.3139617074386933e-05,2.070578496903181,23319673.675193507,22.574044667743195,True
579600.0,2.8550275774859325e-05,-2.7038328482831275e-05,-1.3793288438535e-05,2.150224704295397,23334752.24703887,22.405070503014656,True
579900.0,2.8248872642155003e-05,-2.6234986961526374e-05,-1.4395718331172702e-05,2.2247786074876785,23361830.162165567,22.110850864510528,True
580200.0,2.792999216715827e-05,-2.5397831052487163e-05,-1.4938851993662183e-05,2.294950056821108,23400846.007338934,21.693307327462012,True
580500.0,2.759895685452736e-05,-2.4540727906696702e-05,-1.5423884573095847e-05,2.3586803264915943,23451687.37449905,21.155362282882912,True
580800.0,2.7255077517185215e-05,-2.3672175814226648e-05,-1.5849278518942356e-05,2.4174331724643707,23514192.250642333,20.500842619040675,True
581100.0,2.690298722503942e-05,-2.280692518752403e-05,-1.6214807025960454e-05,2.4705651253461838,23588150.873822115,19.73436170126389,True
581400.0,2.6542447383798584e-05,-2.195366505475249e-05,-1.6519895009281527e-05,2.517269544303417,23673307.995395143,18.861186926764088,True
581700.0,2.6175452953805522e-05,-2.112276143861891e-05,-1.676524482618902e-05,2.5579168424010277,23769365.5085634,17.88710031414526,True
582000.0,2.580507693860077e-05,-2.032260925943774e-05,-1.6954906513433343e-05,2.5933316722512245,23875985.390661657,16.818259058551615,True
582300.0,2.5436257379574107e-05,-1.9560005796392943e-05,-1.7096470289246213e-05,2.6216532476246357,23992792.901650324,15.661061966402519,True
582600.0,2.5065176688005438e-05,-1.883866627849784e-05,-1.7186697601090373e-05,2.6452438309788704,24119379.96658419,14.42202635834613,True
582900.0,2.4697219344060196e-05,-1.816237011098565e-05,-1.7235029289963677e-05,2.6614323556423187,24255308.708559837,13.10767867901657,True
583200.0,2.433461060380546e-05,-1.7535205955709898e-05,-1.7244898891988214e-05,2.6723646372556686,24400115.03896505,11.724460566233201,True
583500.0,2.397665226508622e-05,-1.6957939919848286e-05,-1.721813532107319e-05,2.6777519918978214,24553312.286643203,10.278651098223055,True
583800.0,2.3627954054515097e-05,-1.643073827040098e-05,-1.7163795135388682e-05,2.677144803106785,24714394.78927635,8.77630490918291,False
584100.0,2.3287444333270246e-05,-1.5952540763919387e-05,-1.708346286743989e-05,2.671635590493679,24882841.412444115,7.223205162347313,False
584400.0,2.295708019560092e-05,-1.5523438349873686e-05,-1.698132504568406e-05,2.660867191851139,25058118.961867485,5.624829992258235,False
584700.0,2.2637451290807106e-05,-1.5141115312644615e-05,-1.6861457923678103e-05,2.6444447599351406,25239685.447444733,3.986330692747822,False
585000.0,2.2329644805180698e-05,-1.4803834062604437e-05,-1.6727711803721235e-05,2.6237027682363987,25426993.177189518,2.3125198929414257,False
585300.0,2.2035855776016862e-05,-1.451215860015509e-05,-1.6583120815871766e-05,2.5982915349304676,25619491.666832797,0.6078679771682337,False
585600.0,2.175274698534568e-05,-1.4260403673915789e-05,-1.6428666135048786e-05,2.568602576851845,25816630.340092506,-1.123493880042976,False
585900.0,2.148495027443975e-05,-1.4047858314825135e-05,-1.627139161275437e-05,2.534253902733326,26017861.02070899,-2.877765521970864,False
586200.0,2.1229969248641585e-05,-1.3874125045276742e-05,-1.6108573162476603e-05,2.49656655266881,26222640.20434055,-4.651465778241686,False
586500.0,2.0987726245269147e-05,-1.3734688849353915e-05,-1.5944190865369023e-05,2.4553803466260433,26430431.120067306,-6.441417632743641,False
586800.0,2.0761606944857227e-05,-1.3630734486014262e-05,-1.578189278106379e-05,2.409332051873207,26640705.575893264,-8.24473155949104,False
587100.0,2.054728765223231e-05,-1.3556791913060806e-05,-1.5620849955766403e-05,2.3620746731758118,26852945.592062645,-10.05878774477014,False
587400.0,2.034728200150318e-05,-1.3513081938754112e-05,-1.5464433376521924e-05,2.3103562965989113,27066644.85474357,-11.881217780541101,False
587700.0,2.0159928507794852e-05,-1.3500831443025163e-05,-1.5309762895654444e-05,2.2559969425201416,27281309.958136696,-13.709886325826165,False
588000.0,1.998422163584295e-05,-1.3512714417629468e-05,-1.516200154938474e-05,2.1990824826061726,27496461.488917496,-15.54287304637546,False
588300.0,1.9821439501830216e-05,-1.3553078133554664e-05,-1.501966507078123e-05,2.1389894746243954,27711634.93832678,-17.378455148193957,False
588600.0,1.9672839380651157e-05,-1.361971607138912e-05,-1.4886785638879019e-05,2.077346336096525,27926381.46007026,-19.215090635189462,False
588900.0,1.953244348608293e-05,-1.3710398178545802e-05,-1.4757895499428741e-05,2.0131710581481457,28140268.496089578,-21.0514024698556,False
589200.0,1.9405590702511785e-05,-1.3827995076098887e-05,-1.4638424641333359e-05,1.9472553990781307,28352880.265231743,-22.886163650565802,False
589500.0,1.9287035086480935e-05,-1.3966303356482968e-05,-1.4527180095313952e-05,1.878682665526867,28563818.14363439,-24.71828331682657,False
589800.0,1.917946535695314e-05,-1.4131441332665418e-05,-1.4423692643816821e-05,1.8089320696890354,28772700.932544935,-26.54679382833786,False
590100.0,1.9081552776229754e-05,-1.4320578998194833e-05,-1.4329411090585609e-05,1.7371929250657558,28979165.04049024,-28.370838835326516,False
590400.0,1.8993123180411454e-05,-1.4533969221020016e-05,-1.4244938356000603e-05,1.6646764799952507,29182864.57185447,-30.189662308021028,False
590700.0,1.8912372111082024e-05,-1.4773019756830763e-05,-1.416792716213422e-05,1.590326901525259,29383471.348579224,-32.002598478952656,False
591000.0,1.883951432659563e-05,-1.5035299668397784e-05,-1.4101696308443934e-05,1.5145603567361832,29580674.8567336,-33.80906263819088,False
591300.0,1.877585939432787e-05,-1.532889083932787e-05,-1.4043378151029628e-05,1.4372474327683449,29774182.1393819,-35.608542757496416,False
591600.0,1.8717807656330694e-05,-1.5648242680299518e-05,-1.3993721431404538e-05,1.3589825667440891,29963717.633638803,-37.40059184275421,False
591900.0,1.866726875521595e-05,-1.599838898869166e-05,-1.3953261948529416e-05,1.2797226943075657,30149022.964083333,-39.184820989591145,False
592200.0,1.8623802503616427e-05,-1.6380181762087886e-05,-1.3922598483873116e-05,1.2004565633833408,30329856.692485567,-40.96089306311464,False
592500.0,1.8587022078961492e-05,-1.6799312703597025e-05,-1.3899361150038203e-05,1.11978804692626,30505994.036982108,-42.72851694736703,False
592800.0,1.855549202061822e-05,-1.7253805879136053e-05,-1.3885115706102624e-05,1.0376582816243172,30677226.552946415,-44.48744228893943,False
593100.0,1.852992385796079e-05,-1.7749312917203497e-05,-1.3879518434123383e-05,0.9564562253654003,30843361.789274685,-46.23745469418469,False
593400.0,1.8510458305947765e-05,-1.8292370498329547e-05,-1.3881435414475618e-05,0.8735348582267761,31004222.929585736,-47.97837129517111,False
593700.0,1.8494996175420812e-05,-1.888460843701978e-05,-1.3890128876425933e-05,0.7904652059078217,31159648.39611134,-49.71003662266919,False
594000.0,1.8486622265823686e-05,-1.9534310297331103e-05,-1.3908297546549875e-05,0.7064023688435555,31309491.45164727,-51.43231870995007,False
594300.0,1.848217699834557e-05,-2.024686003210263e-05,-1.3932596033328082e-05,0.6223664842545986,31453619.775184494,-53.14510535801928,False
594600.0,1.8481767787352198e-05,-2.1032564603729043e-05,-1.3962064976169586e-05,0.5378947481513023,31591915.031903617,-54.84830043370237,False
594900.0,1.848755579693883e-05,-2.1902261352124697e-05,-1.3999145750176467e-05,0.45401232317090034,31724272.425476607,-56.54182010586147,False
595200.0,1.8497669129230342e-05,-2.2870022405641066e-05,-1.4040462076536642e-05,0.3691744916141033,31850600.24770136,-58.22558886944493,False
595500.0,1.8512450988371073e-05,-2.3950265699568263e-05,-1.4086701760618325e-05,0.2841815948486328,31970819.41096157,-59.89953512492337,False
595800.0,1.853225823925316e-05,-2.516513930572728e-05,-1.4136732325198409e-05,0.19977518171072006,32084862.981140867,-61.563586068689965,False
596100.0,1.8556083019065238e-05,-2.6539200604247526e-05,-1.4188711332963067e-05,0.11459025368094444,32192675.70452229,-63.21766147492685,False
596400.0,1.8585584405267525e-05,-2.8108990676400936e-05,-1.4242198929537153e-05,0.030476566404104233,32294213.522756275,-64.86166579410921,False
596700.0,1.8619391817527942e-05,-2.9917764720721607e-05,-1.4293805534748572e-05,-0.0549623966217041,32389443.09705487,-66.49547770049236,False
597000.0,1.865698691943166e-05,-3.201344068770595e-05,-1.4343609819889025e-05,-0.1397952027618885,32478341.313729122,-68.1189357145844,False
597300.0,1.8701363546187487e-05,-3.448689295737495e-05,-1.4388043908297732e-05,-0.22461754456162453,32560894.803411644,-69.7318177583836,False
597600.0,1.8748766392107492e-05,-3.743364277397632e-05,-1.4421411620446634e-05,-0.30909669771790504,32637099.449059363,-71.33381105085421,False
597900.0,1.8802942033362707e-05,-4.100509363524907e-05,-1.4442270426684445e-05,-0.3932134211063385,32706959.898548312,-72.92446625665602,False
598200.0,1.886092623407368e-05,-4.541641689570497e-05,-1.4439030834978439e-05,-0.4783240184187889,32770489.077766366,-74.50312511395795,False
598500.0,1.8924120661550955e-05,-5.098948079762522e-05,-1.4402118608813907e-05,-0.5622397437691689,32827707.69917308,-76.06880148461603,False
598800.0,1.8991919889364315e-05,-5.821961471497161e-05,-1.4314095466261278e-05,-0.6464195176959038,32878643.784690272,-77.61997688148945,False
599100.0,1.9066939190335044e-05,-6.79198193722641e-05,-1.4149733061685765e-05,-0.7295060865581036,32923332.177924044,-79.15422985191769,False
599400.0,1.914686113349257e-05,-8.146360326577451e-05,-1.3859577563835046e-05,-0.8131451681256294,32961814.07243619,-80.66752081977754,False
599700.0,1.923098712991809e-05,-0.00010132621341085724,-1.3358156337517357e-05,-0.896211177110672,32994136.532979272,-82.1527041074677,False
600000.0,1.9323948970891866e-05,-0.00013229389384150636,-1.2477583837267048e-05,-0.9789747446775436,33020352.032037057,-83.59613893769743,False
600300.0,1.9420503888414867e-05,-0.00018377781580625197,-1.0836612247544508e-05,-1.0613748170435429,33040517.986657992,-84.96911847765668,False
600600.0,1.9523705737271956e-05,-0.00027193138066650135,-7.553698836204603e-06,-1.1433939151465893,33054696.30442487,-86.20394736300072,False
600900.0,1.9633220852222642e-05,-0.00039166542077850863,-8.105363775712249e-07,-1.2242553606629372,33062952.936145615,-87.12915107069986,False
601200.0,1.974786976636823e-05,-0.00038280990787598057,9.451928747239435e-06,-1.3057749457657337,33065357.441484656,-87.4039668750105,False
601500.0,1.9870057890910298e-05,-0.00020073217066851612,1.655782129716954e-05,-1.3858553245663643,33061982.554431558,-86.86311129910365,False
601800.0,1.9999762916042918e-05,-8.091164826851127e-05,1.9109812370743384e-05,-1.46511996909976,33052903.772531506,-85.81861022339123,False
602100.0,2.0134353362149343e-05,-3.0335664064295997e-05,1.9927754337345505e-05,-1.5439346879720688,33038198.948072445,-84.55807524032046,False
602400.0,2.027457069546788e-05,-9.259374678549648e-06,2.0244945957870186e-05,-1.6227340064942837,33017947.895108607,-83.20454663841842,False
602700.0,2.0423648746004888e-05,-4.963095534549211e-08,2.0423647526968125e-05,-1.6997818276286125,32992232.00742607,-81.80702451274907,False
603000.0,2.057767811287656e-05,4.0521481707855855e-06,2.0566549324030348e-05,-1.7763183489441872,32961133.898388714,-80.38709605717614,False
603300.0,2.0738464474907287e-05,5.786878489288938e-06,2.0708811604208677e-05,-1.8514976985752583,32924737.04606243,-78.95534386610909,False
603600.0,2.09044123459764e-05,6.3448771925322944e-06,2.0859379475268724e-05,-1.9268023557960987,32883125.46429921,-77.51740630357202,False
603900.0,2.1078155561412456e-05,6.302771112132177e-06,2.102352296162735e-05,-1.999758254736662,32836383.380599286,-76.076467926938,False
604200.0,2.1257642219328193e-05,5.957013968327374e-06,2.1198956787316092e-05,-2.0719573348760605,32784594.94674557,-74.63439096430392,False
604500.0,2.144346248998363e-05,5.4527465351839055e-06,2.13854163320093e-05,-2.1436015106737614,32727843.955400273,-73.19227486323354,False
604800.0,2.163382859670852e-05,4.875248748703598e-06,2.157989233353419e-05,-2.213813655078411,32666213.582868353,-71.75075311353815,False
