seconds_after_cutoff,line_of_sight_error_deg,azimuth_error_deg,elevation_error_deg,range_error_m,reference_range_m,reference_elevation_deg,reference_visible
248.81605744361877,5.116299702870689e-10,-2.611102445371216e-10,-4.427214150837244e-10,0.0022544264793395996,137995425.9355022,-10.837129876876826,False
548.8160572052002,7.077022732497863e-10,-4.0668624023965094e-10,-5.842313299808666e-10,0.002082228660583496,137791444.095156,-10.854578235484208,False
848.8160572052002,9.75942418574637e-10,-6.016023235133616e-10,-7.767759768739779e-10,0.0017483830451965332,137584409.7837002,-10.859274726723974,False
1148.8160569667816,1.188859697987135e-09,-7.477183316950686e-10,-9.349570007088914e-10,0.0015613734722137451,137374319.45561796,-10.851228690247767,False
1448.8160569667816,1.4411716137148425e-09,-9.183054316963535e-10,-1.1240341990514935e-09,0.001287907361984253,137161170.07980382,-10.830455875258744,False
1748.8160569667816,1.7194303190267324e-09,-1.102449687095941e-09,-1.3355396788483631e-09,0.0009593963623046875,136944959.13860676,-10.796978419903487,False
2048.816056728363,1.9468752204883145e-09,-1.243847691512201e-09,-1.5156000898741695e-09,0.0007643997669219971,136725684.62593234,-10.750824815939131,False
2348.816056728363,2.2443230123705163e-09,-1.4301804185379297e-09,-1.74985004264272e-09,0.0004063844680786133,136503345.04563284,-10.692029858808414,False
2648.8160564899445,2.4790688572623623e-09,-1.566121454743552e-09,-1.9432917497397284e-09,0.00021147727966308594,136277939.40970498,-10.620634584710077,False
2948.8160564899445,2.791197806389196e-09,-1.7504930838185828e-09,-2.1974972952421012e-09,-0.0001652538776397705,136049467.23604733,-10.536686192755207,False
3248.816056251526,3.0067468123448124e-09,-1.8622472452989314e-09,-2.3846222774182024e-09,-0.0002936422824859619,135817928.54612333,-10.440237955653055,False
3548.816056251526,3.3173326794840553e-09,-2.0330617189756595e-09,-2.6465549751719664e-09,-0.0006486177444458008,135583323.8626633,-10.33134911591444,False
3848.816056251526,3.6450189210532036e-09,-2.208423666161252e-09,-2.926146436266208e-09,-0.001037001609802246,135345654.20664713,-10.210084772094657,False
4148.816056013107,3.905951299802328e-09,-2.3331097054324346e-09,-3.1590641214052084e-09,-0.001249760389328003,135104921.09448865,-10.076515752361122,False
4448.816056013107,4.241839676413878e-09,-2.5000588266266277e-09,-3.4538096826963738e-09,-0.0016407668590545654,134861126.53490245,-9.930718477288913,False
4748.816055774689,4.5173096128923935e-09,-2.621504791022744e-09,-3.705647344531826e-09,-0.0018708407878875732,134614273.02566683,-9.772774814503213,False
5048.816055774689,4.834349546038636e-09,-2.7625901566352695e-09,-3.993914532429699e-09,-0.0021953284740448,134364363.54983535,-9.602771921793495,False
5348.816055774689,5.178901311955479e-09,-2.913509433710715e-09,-4.30813074103753e-09,-0.0025795847177505493,134111401.57249427,-9.420802084461746,False
5648.81605553627,5.470031775837302e-09,-3.0248372695496073e-09,-4.5833168371700594e-09,-0.002817973494529724,133855391.03638102,-9.226962543813887,False
5948.81605553627,5.8354241070820244e-09,-3.1735112315800507e-09,-4.9222670384097e-09,-0.003233864903450012,133596336.35784052,-9.021355318812521,False
6248.816055297852,6.135940359637703e-09,-3.2767104585218476e-09,-5.211955311779093e-09,-0.003473445773124695,133334242.42273019,-8.804087024353734,False
6548.816055297852,6.513750722087558e-09,-3.417284233364626e-09,-5.5687294775452756e-09,-0.0038982778787612915,133069114.58164863,-8.57526868161578,False
6848.816055059433,6.829823895819464e-09,-3.51536755260895e-09,-5.877778264107292e-09,-0.004153743386268616,132800958.64545664,-8.335015528207787,False
7148.816055059433,7.189394742733811e-09,-3.630532319220947e-09,-6.22633145042073e-09,-0.00450780987739563,132529780.88001995,-8.083446821686692,False
7448.816055059433,7.577913525918774e-09,-3.753655164473457e-09,-6.602712154801793e-09,-0.004924297332763672,132255588.00166216,-7.820685644551609,False
7748.816054821014,7.91179553064384e-09,-3.8399150525947334e-09,-6.93583857014346e-09,-0.0051873475313186646,131978387.17135845,-7.54685870588617,False
8048.816054821014,8.322864325862785e-09,-3.959144123655278e-09,-7.3379649023763704e-09,-0.005636885762214661,131698185.9893022,-7.262096142309558,False
8348.816054582596,8.66648756590769e-09,-4.0359111608267995e-09,-7.684990421807925e-09,-0.0058994293212890625,131414992.4894916,-6.966531322308492,False
8648.816054582596,9.09537908991658e-09,-4.148091647948604e-09,-8.108688831498512e-09,-0.006370171904563904,131128815.13354419,-6.660300647561126,False
8948.816054344177,9.419928800310674e-09,-4.2010981360363076e-09,-8.444011712072097e-09,-0.006556496024131775,130839662.80476049,-6.343543360995434,False
9248.816054344177,9.849185082488857e-09,-4.29767510468082e-09,-8.873524137698041e-09,-0.007001593708992004,130547544.8019544,-6.01640135253064,False
9548.816054344177,1.0298266915884685e-08,-4.395275254864828e-09,-9.323362526458823e-09,-0.0074842870235443115,130252470.83278918,-5.67901897312447,False
9848.816054105759,1.0675634580097848e-08,-4.45172076979361e-09,-9.711975224035996e-09,-0.007765293121337891,129954451.00718577,-5.331542849499304,False
10148.816054105759,1.113714066433518e-08,-4.538833309197798e-09,-1.0177911846653842e-08,-0.008251368999481201,129653495.83041477,-4.974121703312274,False
10448.81605386734,1.1528774427348688e-08,-4.587093371810624e-09,-1.0583330656288581e-08,-0.00853864848613739,129349616.19626085,-4.606906178971398,False
10748.81605386734,1.2009449657465178e-08,-4.6665320496686036e-09,-1.1071080940894262e-08,-0.009044110774993896,129042823.37950744,-4.230048671766103,False
11048.816053628922,1.238279616348e-08,-4.692822130891727e-09,-1.1463414661960769e-08,-0.009250640869140625,128733129.02868964,-3.8437031677994793,False
11348.816053628922,1.2865293040629316e-08,-4.757481519845896e-09,-1.1956759582432142e-08,-0.009728297591209412,128420545.15855122,-3.4480250843325875,False
11648.816053628922,1.336906907628872e-08,-4.822595656150952e-09,-1.2471568666683197e-08,-0.010245516896247864,128105084.14206925,-3.04317112279392,False
11948.816053390503,1.3799207849396583e-08,-4.850875257034204e-09,-1.2920392311599471e-08,-0.010551780462265015,127786758.70251684,-2.629299124961444,False
12248.816053390503,1.4316307258010593e-08,-4.905587047687732e-09,-1.3450931923841836e-08,-0.011071369051933289,127465581.90520717,-2.2065679364219264,False
12548.816053152084,1.4766946149839545e-08,-4.927642294205725e-09,-1.3921366059932438e-08,-0.011397972702980042,127141567.1493962,-1.7751372817563191,False
12848.816053152084,1.5266803497879363e-08,-4.960924115948728e-09,-1.4438762185875476e-08,-0.011837050318717957,126814728.15922835,-1.3351676414720672,False
13148.816053152084,1.5800029509376625e-08,-4.998810254619457e-09,-1.4988624008616114e-08,-0.012347295880317688,126485078.97573268,-0.8868201428950735,False
13448.816052913666,1.6274675042764464e-08,-5.00889996146725e-09,-1.5484743931537537e-08,-0.012682676315307617,126152633.94727515,-0.4302564553714436,False
13748.816052913666,1.6836067313613394e-08,-5.041897566115949e-09,-1.6063388508236187e-08,-0.013229891657829285,125817407.72048056,0.03436130668195742,False
14048.816052675247,1.7324831829176577e-08,-5.0434607601346215e-09,-1.657453663206354e-08,-0.013563588261604309,125479415.23134533,0.5068706679633807,False
14348.816052675247,1.7909510943867437e-08,-5.0696939979388844e-09,-1.717720365945752e-08,-0.014133214950561523,125138671.69531198,0.987108874750453,False
14648.816052436829,1.8380750576874188e-08,-5.053067297922098e-09,-1.767301371913277e-08,-0.014378607273101807,124795192.59786908,1.474912961784905,False
14948.816052436829,1.8969450298305834e-08,-5.066937092124135e-09,-1.8281042679646475e-08,-0.014917418360710144,124448993.68472594,1.970119818287244,False
15248.816052436829,1.9581832376178243e-08,-5.080920573163894e-09,-1.8912436505758023e-08,-0.015498459339141846,124100090.95164238,2.4725662383635894,False
15548.81605219841,2.0116394411427056e-08,-5.0654023198148934e-09,-1.9469989620546357e-08,-0.015849977731704712,123748500.63425863,2.9820889679418423,False
15848.81605219841,2.0745653586922392e-08,-5.071058239991544e-09,-2.0118706256511132e-08,-0.016434043645858765,123394239.1976125,3.498524743489065,False
16148.816051959991,2.1298938249473012e-08,-5.049145102020702e-09,-2.0694840507928802e-08,-0.01679225265979767,123037323.32587719,4.021710317532363,False
16448.81605195999,2.1952466546717333e-08,-5.048832463216968e-09,-2.136775023586779e-08,-0.017397508025169373,122677769.91121365,4.551482483371713,False
16748.816051721573,2.2488340957072918e-08,-5.011372650187695e-09,-2.192735770734089e-08,-0.017662987112998962,122315596.0431242,5.087678083678249,False
17048.816051721573,2.3147105589815848e-08,-5.000771352570155e-09,-2.260578657597989e-08,-0.018235594034194946,121950818.99735795,5.630134019250685,False
17348.816051721573,2.3831355408481544e-08,-4.99056795888464e-09,-2.3309145724681457e-08,-0.018852025270462036,121583456.22449982,6.178687241838044,False
17648.816051483154,2.4435587447667946e-08,-4.955268195772078e-09,-2.3934933146563253e-08,-0.01922816038131714,121213525.33855346,6.73317474433096,False
17948.816051483154,2.513867898036359e-08,-4.938669917464722e-09,-2.4656758412788804e-08,-0.01984483003616333,120841044.10520972,7.293433543122518,False
18248.816051244736,2.576978072710933e-08,-4.900186922895955e-09,-2.5308469098206388e-08,-0.020241647958755493,120466030.43040514,7.859300647297797,False
18548.816051244736,2.6457855488487214e-08,-4.87028728457517e-09,-2.601554172088072e-08,-0.02076561748981476,120088502.34773195,8.430613027945064,False
18848.816051244736,2.718533124821831e-08,-4.8443666855746415e-09,-2.676097388132348e-08,-0.021369606256484985,119708478.00717658,9.00720757195896,False
19148.816051006317,2.7849314393682455e-08,-4.800341457666946e-09,-2.7444135852761065e-08,-0.021775707602500916,119325975.66208753,9.58892103309002,False
19448.816051006317,2.8612268101458034e-08,-4.77322714687034e-09,-2.822391387269363e-08,-0.02242186665534973,118941013.65672173,10.175589975658086,True
19748.8160507679,2.929700961814369e-08,-4.726132374344161e-09,-2.8926770312409644e-08,-0.022829294204711914,118553610.41409872,10.767050704990213,True
20048.8160507679,3.008502574137174e-08,-4.696232736023376e-09,-2.9730632178370797e-08,-0.023486852645874023,118163784.42262559,11.363139198413384,True
20348.81605052948,3.079870709224567e-08,-4.648427420761436e-09,-3.0461142941362596e-08,-0.023914411664009094,117771554.22364575,11.963691019652812,True
20648.81605052948,3.1572753759326495e-08,-4.6093191485852e-09,-3.12505843425015e-08,-0.024474546313285828,117376938.39763215,12.568541234387489,True
20948.81605052948,3.2388832326903564e-08,-4.575156253849855e-09,-3.2081025835850596e-08,-0.02511751651763916,116979955.55180706,13.177524309760031,True
21248.81605029106,3.313940316372148e-08,-4.526725660980446e-09,-3.284650951229651e-08,-0.025551795959472656,116580624.30592176,13.79047401127593,True
21548.81605029106,3.399431262276014e-08,-4.494722816161811e-09,-3.37144072659612e-08,-0.02623605728149414,116178963.27866596,14.407223292093624,True
21848.816050052643,3.4767038714138436e-08,-4.446917500899872e-09,-3.450074537170167e-08,-0.026666194200515747,115774991.07439966,15.02760416836009,True
22148.816050052643,3.565496896553481e-08,-4.41724523625453e-09,-3.5400352871306495e-08,-0.027375295758247375,115368726.26866227,15.651447595039107,True
22448.816049814224,3.641252550707456e-08,-4.365347194834612e-09,-3.6170611394936714e-08,-0.027699515223503113,114960187.39441453,16.278583323982907,True
22748.816049814224,3.7311060770995264e-08,-4.3359591472835746e-09,-3.7079715298204974e-08,-0.02837108075618744,114549392.92780253,16.908839763167585,True
23048.816049814224,3.824085548921664e-08,-4.311289103497984e-09,-3.8019262404986875e-08,-0.029092073440551758,114136361.27360198,17.542043817950486,True
23348.816049575806,3.908265962994816e-08,-4.273658760212129e-09,-3.8871171170740126e-08,-0.02954074740409851,113721110.75071026,18.178020729650886,True
23648.816049575806,4.0038856126387274e-08,-4.254445684637176e-09,-3.983582175237643e-08,-0.03026100993156433,113303659.57734127,18.816593905013832,True
23948.816049337387,4.091611998555519e-08,-4.22517132392386e-09,-4.072170867175373e-08,-0.030731648206710815,112884025.85656473,19.4575847302042,True
24248.816049337387,4.186058351958947e-08,-4.208231985103339e-09,-4.1673626327565216e-08,-0.031345054507255554,112462227.56064165,20.10081238422127,True
24548.81604909897,4.2750166304349555e-08,-4.18651779909851e-09,-4.257051955391944e-08,-0.03177277743816376,112038282.51692507,20.7460936329538,True
24848.81604909897,4.377499766538046e-08,-4.187597824056866e-09,-4.360100192002392e-08,-0.032524868845939636,111612208.39146236,21.393242622389604,True
25148.81604909897,4.4812565433784024e-08,-4.194731673123897e-09,-4.464357061806368e-08,-0.03327229619026184,111184022.67425705,22.042070652465213,True
25448.81604886055,4.576389562751999e-08,-4.195442215859657e-09,-4.5599918507832626e-08,-0.03374885022640228,110753742.66361386,22.692385946180597,True
25748.81604886055,4.6835496364852336e-08,-4.2186059090454364e-09,-4.6675065590306986e-08,-0.034507498145103455,110321385.45017153,23.343993407554727,True
26048.81604862213,4.782532670780241e-08,-4.2379610931675415e-09,-4.7668351044194424e-08,-0.0350053608417511,109886967.90156114,23.996694361956372,True
26348.81604862213,4.888689746873693e-08,-4.27513668910251e-09,-4.873224312973434e-08,-0.035652339458465576,109450506.64574775,24.650286293875617,True
26648.81604862213,4.999957429298322e-08,-4.328228442318505e-09,-4.984622847814535e-08,-0.03639228641986847,109012018.05593565,25.30456256352331,True
26948.816048383713,5.104066245351723e-08,-4.382513907330576e-09,-5.0888335323406864e-08,-0.03689567744731903,108571518.23351437,25.959312116776967,True
27248.816048383713,5.220436661423029e-08,-4.464538960746722e-09,-5.205154707255133e-08,-0.03768087923526764,108129022.99177702,26.6143191827462,True
27548.816048145294,5.3277350386653196e-08,-4.547871412796667e-09,-5.3123770271668036e-08,-0.03817804157733917,107684547.8399677,27.269362951982423,True
27848.816048145294,5.448568194257422e-08,-4.66349092675955e-09,-5.4329653664808575e-08,-0.03898966312408447,107238107.96613427,27.924217250799167,True
28148.816047906876,5.554793081382643e-08,-4.776211426360533e-09,-5.538935354820751e-08,-0.03936563432216644,106789718.22071272,28.57865019202326,True
28448.816047906876,5.677536912612545e-08,-4.9284381020697765e-09,-5.6612243781728466e-08,-0.0401330441236496,106339393.09978198,29.2324238225041,True
28748.816047906876,5.804232851234195e-08,-5.105732725496637e-09,-5.7873272396591346e-08,-0.040955349802970886,105887146.72785874,29.885293747023226,True
29048.816047668457,5.9211623267992155e-08,-5.29166754859034e-09,-5.903595479139767e-08,-0.04146835207939148,105432992.84090021,30.537008745189755,True
29348.816047668457,6.051747262905201e-08,-5.519893875316484e-09,-6.03329546322584e-08,-0.04229055345058441,104976944.76903868,31.187310374732743,True
29648.81604743004,6.172829648731698e-08,-5.761137344961753e-09,-6.153395659680427e-08,-0.04280830919742584,104519015.41959767,31.835932555104467,True
29948.81604743004,6.308411255839102e-08,-6.051095624570735e-09,-6.287726961318185e-08,-0.043654873967170715,104059217.25926104,32.48260114769727,True
30248.81604719162,6.42874511748517e-08,-6.350376224872889e-09,-6.406709474049421e-08,-0.044044896960258484,103597562.29679847,33.127033513537945,True
30548.81604719162,6.566705076369806e-08,-6.708887667628005e-09,-6.542978780998965e-08,-0.04484452307224274,103134062.06558333,33.768938069828444,True
30848.81604719162,6.70898601688565e-08,-7.111054856068222e-09,-6.683284681230361e-08,-0.0457010418176651,102668727.60555106,34.40801382603222,True
31148.8160469532,6.841071208662413e-08,-7.537778401456308e-09,-6.813178998754665e-08,-0.046233296394348145,102201569.44545405,35.04394991742091,True
31448.8160469532,6.98760716969668e-08,-8.030610842979513e-09,-6.957090192827309e-08,-0.047084659337997437,101732597.5848486,35.67642513096821,True
31748.816046714783,7.125052143220911e-08,-8.55590087667224e-09,-7.091612275189618e-08,-0.047638311982154846,101261821.4763635,36.30510741938448,True
32048.816046714783,7.2712674684572e-08,-9.146503998636035e-09,-7.234413601509004e-08,-0.04835823178291321,100789250.0069081,36.929653421339026,True
32348.816046714783,7.423879980245874e-08,-9.803613920666976e-09,-7.383079037026619e-08,-0.049181848764419556,100314891.48042777,37.54970797245119,True
32648.816046476364,7.568619535534017e-08,-1.0506084890948841e-08,-7.523408385168295e-08,-0.04973679780960083,99838753.59865133,38.164903625244555,True
32948.816046476364,7.728127200080722e-08,-1.1300130609015469e-08,-7.677749636059161e-08,-0.05061021447181702,99360843.4427654,38.774860176738805,True
33248.816046237946,7.877678265403603e-08,-1.2143999583713594e-08,-7.821552117093233e-08,-0.05116109549999237,98881167.45532604,39.37918420188728,True
33548.816046237946,8.042695215372525e-08,-1.3093199413560797e-08,-7.979867433505206e-08,-0.052043840289115906,98399731.42109121,39.97746861358314,True
33848.81604599953,8.198291176475699e-08,-1.4102624845691025e-08,-8.127999251428264e-08,-0.05261559784412384,97916540.44872597,40.56929223673222,True
34148.81604599953,8.363419461064025e-08,-1.521794956715894e-08,-8.284556685111966e-08,-0.0533611923456192,97431598.95131455,41.15421942276234,True
34448.81604599953,8.535564070826043e-08,-1.644144731471897e-08,-8.446916410775884e-08,-0.05421382188796997,96944910.62841395,41.73179969438102,True
34748.81604576111,8.699519242716406e-08,-1.7743275293469196e-08,-8.599969447686817e-08,-0.05478307604789734,96456478.4460829,42.301567443786624,True
35048.81604576111,8.879379355041163e-08,-1.9189457134416443e-08,-8.767268155907004e-08,-0.0556831955909729,95966304.61788441,42.86304168925755,True
35348.81604552269,9.048649214998782e-08,-2.071928406621737e-08,-8.922610561512556e-08,-0.056238964200019836,95474390.58605443,43.41572589506064,True
35648.81604552269,9.235518226729047e-08,-2.2415918010665337e-08,-9.093468378296166e-08,-0.05716434121131897,94980737.00170021,43.95910788141335,True
35948.81604528427,9.404928150981068e-08,-2.4187301050915266e-08,-9.245309229299892e-08,-0.05756950378417969,94485343.70546536,44.49265981985627,True
36248.81604528427,9.5957873566154e-08,-2.61552770552953e-08,-9.415972357373903e-08,-0.05843500792980194,93988209.70828521,45.01583834704289,True
36548.81604528427,9.79245956587058e-08,-2.8284233621889143e-08,-9.589890481720431e-08,-0.0593617707490921,93489333.17119771,45.52808479362267,True
36848.81604504585,9.977751319050878e-08,-3.052372221645783e-08,-9.750093710181318e-08,-0.05991838872432709,92988711.38570876,46.02882555928946,True
37148.81604504585,1.0180898678383764e-07,-3.298123374406714e-08,-9.924709587494362e-08,-0.06083442270755768,92486340.75385953,46.517472644233656,True
37448.816044807434,1.0373911229225208e-07,-3.556505134838517e-08,-1.0086297663747246e-07,-0.0614115446805954,91982216.76837653,46.99342434865655,True
37748.816044807434,1.0578018783870791e-07,-3.836106543531059e-08,-1.0255079274656964e-07,-0.06217533349990845,91476333.99195266,47.45606617044806,True
38048.816044807434,1.0790449696964713e-07,-4.136958864364715e-08,-1.042798061234862e-07,-0.06305374205112457,90968686.03791618,47.90477190196495,True
38348.816044569016,1.0994177099404865e-07,-4.452536472854263e-08,-1.0588299659275435e-07,-0.06362354755401611,90459265.5488326,48.3389049535139,True
38648.816044569016,1.1216320268979472e-07,-4.795361974174739e-08,-1.0761596058728173e-07,-0.06454917788505554,89948064.17612824,48.75781991303203,True
38948.8160443306,1.1427295114501072e-07,-5.152588755663601e-08,-1.0919237070083909e-07,-0.06510291993618011,89435072.55970192,49.16086434851765,True
39248.8160443306,1.1657591709914511e-07,-5.5393456932506524e-08,-1.1089741747127846e-07,-0.06602784991264343,88920280.30663066,49.54738087401652,True
39548.81604409218,1.187728620582529e-07,-5.941171821177704e-08,-1.1244345898830943e-07,-0.06659489870071411,88403675.9704138,49.91670946964708,True
39848.81604409218,1.2109197626319053e-07,-6.370137839439849e-08,-1.1404095801026415e-07,-0.0673544704914093,87885247.02919893,50.26819007093605,True
40148.81604409218,1.2350379332490676e-07,-6.825382570241345e-08,-1.1565644797428831e-07,-0.06823118031024933,87364979.86530693,50.60116540910404,True
40448.81604385376,1.2582526079826343e-07,-7.296233661691076e-08,-1.1711501457511986e-07,-0.06878143548965454,86842859.74262524,50.91498410164819,True
40748.81604385376,1.283489576181328e-07,-7.80027278324269e-08,-1.1868212368426612e-07,-0.06970293819904327,86318870.78501762,51.20900397186328,True
41048.81604361534,1.3075433667324305e-07,-8.317266519952682e-08,-1.200577983695439e-07,-0.07022859156131744,85792995.95455383,51.482595568062145,True
41348.81604361534,1.333839564129878e-07,-8.869236012287729e-08,-1.2154961126498165e-07,-0.07117056846618652,85265217.02891357,51.7351458594661,True
41648.81604337692,1.3581095194793414e-07,-9.426389624422882e-08,-1.22765982268902e-07,-0.07151743769645691,84735514.57876715,51.96606205635824,True
41948.81604337692,1.3851000940243236e-07,-1.0021400953519333e-07,-1.2412932903771434e-07,-0.07238377630710602,84203867.94554214,52.17477551856331,True
42248.81604337692,1.4129110627205108e-07,-1.0640491154845222e-07,-1.2546214378517107e-07,-0.07331472635269165,83670255.21755944,52.36074568499127,True
42548.816043138504,1.4394320182839938e-07,-1.1265873922639003e-07,-1.265746334411233e-07,-0.07381787896156311,83134653.20689557,52.523463972677504,True
42848.816043138504,1.4682731747224697e-07,-1.1924731779799913e-07,-1.277787475828518e-07,-0.07472723722457886,82597037.42572732,52.662457574736735,True
43148.816042900085,1.4958487441041337e-07,-1.2586289699356712e-07,-1.2875904076281586e-07,-0.07521340250968933,82057382.06224757,52.77729308542813,True
43448.816042900085,1.5258947610809874e-07,-1.3280504163049045e-07,-1.298325145171475e-07,-0.07613086700439453,81515659.9561528,52.86757988869151,True
43748.81604266167,1.5537765529403324e-07,-1.3964842082714313e-07,-1.3060296311095954e-07,-0.07641687989234924,80971842.57364273,52.93297323228579,True
44048.81604266167,1.584663800555984e-07,-1.468371237933752e-07,-1.3150225441904695e-07,-0.0772426575422287,80425899.9828853,52.973176929846005,True
44348.81604266167,1.6164997459377418e-07,-1.541713743336004e-07,-1.323528877605895e-07,-0.07813261449337006,79877800.82747507,52.98794562246934,True
44648.81604242325,1.6469913352234927e-07,-1.614054383480834e-07,-1.3296745038360314e-07,-0.07857248187065125,79327512.30060403,52.977086554416985,True
44948.81604242325,1.6800599389512097e-07,-1.6889995890778664e-07,-1.3366186379926148e-07,-0.07943476736545563,78775000.11852185,52.94046081794527,True
45248.81604218483,1.7119536652023495e-07,-1.7625819737077109e-07,-1.3413556132491067e-07,-0.07988178730010986,78220228.49333157,52.8779840364125,True
45548.81604218483,1.7455378475458965e-07,-1.837483978306409e-07,-1.3461512082812988e-07,-0.08054044842720032,77663160.10491703,52.789626472255186,True
45848.81604218483,1.7804494238417947e-07,-1.9131604744870856e-07,-1.3506984686273427e-07,-0.08132350444793701,77103756.0735162,52.67541255362886,True
46148.81604194641,1.8143734009068663e-07,-1.9869028733410232e-07,-1.353254432956419e-07,-0.0817231833934784,76541975.92973788,52.53541983268004,True
46448.81604194641,1.8510094591814022e-07,-2.0625259367079707e-07,-1.356611463165791e-07,-0.08253724873065948,75977777.58530736,52.36977739941876,True
46748.81604170799,1.886307731791226e-07,-2.1353713464122848e-07,-1.3577908930528793e-07,-0.08288933336734772,75411117.30287282,52.178663787380685,True
47048.81604170799,1.9246433945216006e-07,-2.210161369475827e-07,-1.3599994730384424e-07,-0.0837068110704422,74841949.66479899,51.96230441915129,True
47348.816041469574,1.9605758327307828e-07,-2.280541480104148e-07,-1.359382153509614e-07,-0.08383044600486755,74270227.54098566,51.720968647206654,True
47648.816041469574,2.0001699856932735e-07,-2.353323225179338e-07,-1.3602489445929677e-07,-0.08453425765037537,73695902.05703205,51.45496645308898,True
47948.816041469574,2.040994432169916e-07,-2.425611285161722e-07,-1.3608911331175477e-07,-0.08529707789421082,73118922.55955641,51.1646448709663,True
48248.816041231155,2.0803347577345514e-07,-2.4940797516137536e-07,-1.3595325754067744e-07,-0.08555474877357483,72539236.58202755,50.85038420436915,True
48548.816041231155,2.1228825627735912e-07,-2.564178771535808e-07,-1.3593483316753918e-07,-0.08626426756381989,71956789.80937941,50.512594103175,True
48848.81604099274,2.1640220528142737e-07,-2.6303402478333737e-07,-1.3573459511917463e-07,-0.08647586405277252,71371526.04121244,50.15170956747461,True
49148.81604099274,2.208635065136231e-07,-2.6983497036781046e-07,-1.356711507582986e-07,-0.08717289566993713,70783387.15423143,49.76818693659289,True
49448.81604075432,2.2506629942774003e-07,-2.7608717800831073e-07,-1.353664345060679e-07,-0.08713410794734955,70192313.06297879,49.36249992196238,True
49748.81604075432,2.2968766015205996e-07,-2.8260518547540414e-07,-1.352464735759895e-07,-0.08770135045051575,69598241.68080401,48.935135728585294,True
50048.81604075432,2.3445943610280255e-07,-2.8906467264278035e-07,-1.351451857090069e-07,-0.08832491934299469,69001108.87736881,48.48659130997249,True
50348.8160405159,2.390780988934896e-07,-2.9509715204767417e-07,-1.3488779870840517e-07,-0.08841080963611603,68400848.43645304,48.017369787290825,True
50648.8160405159,2.4406525152575866e-07,-3.013364278103836e-07,-1.3478580740411417e-07,-0.08896276354789734,67797392.01213524,47.52797705945253,True
50948.81604027748,2.4892389758077903e-07,-3.0718197763235366e-07,-1.345546039033252e-07,-0.08901764452457428,67190669.08312368,47.01891862545977,True
51248.81604027748,2.540385102527448e-07,-3.131032144665369e-07,-1.3441798074609324e-07,-0.08929692208766937,66580606.905637756,46.49069662493444,True
51548.81604027748,2.5936221854781587e-07,-3.1904644970381923e-07,-1.343498965411527e-07,-0.08969935029745102,65967130.46580358,45.94380710994185,True
51848.81604003906,2.645815398484487e-07,-3.246383073474135e-07,-1.3418276978427457e-07,-0.08963547646999359,65350162.428510666,45.37873754091841,True
52148.81604003906,2.7019997280143216e-07,-3.304895983546885e-07,-1.3419165156847157e-07,-0.09002268314361572,64729623.08626349,44.795964505086786,True
52448.816039800644,2.7567281950289864e-07,-3.359523930157593e-07,-1.3408895682687216e-07,-0.08985521644353867,64105430.3058816,44.19595165118957,True
52748.816039800644,2.815795859251649e-07,-3.417246148273989e-07,-1.3418095079487102e-07,-0.09016814827919006,63477499.47353819,43.57914782052294,True
53048.816039562225,2.8735671777708465e-07,-3.471414800060302e-07,-1.341785420549968e-07,-0.0899469405412674,62845743.43797851,42.945985369217766,True
53348.816039562225,2.9344025088631777e-07,-3.527261185354291e-07,-1.3430678080794678e-07,-0.08994892984628677,62210072.45201432,42.29687865418783,True
53648.816039562225,2.997800699908518e-07,-3.5842282386511215e-07,-1.3453949776476293e-07,-0.09006764739751816,61570394.113411635,41.63222267524497,True
53948.81603932381,3.060215676270732e-07,-3.63824142368685e-07,-1.3470429394146777e-07,-0.0896856039762497,60926613.30216834,40.95239184426477,True
54248.81603932381,3.1274729849946524e-07,-3.696128203500848e-07,-1.3508659435501613e-07,-0.08977869153022766,60278632.117964216,40.25773886557506,True
54548.81603908539,3.193234160316271e-07,-3.75061972590629e-07,-1.3538146959035657e-07,-0.08926774561405182,59626349.81559035,39.54859371056426,True
54848.81603908539,3.264372541599057e-07,-3.809658721820597e-07,-1.359171832859829e-07,-0.08927644044160843,58969662.73932572,38.82526265597842,True
55148.81603884697,3.3322280573837855e-07,-3.863441691009939e-07,-1.3628748973815163e-07,-0.08838224411010742,58308464.255537204,38.08802737740604,True
55448.81603884697,3.406628983382937e-07,-3.923155134089029e-07,-1.3695118639134307e-07,-0.08815295994281769,57642644.68648159,37.33714406470828,True
55748.81603884697,3.4838084838683e-07,-3.984548868629645e-07,-1.3773087204072e-07,-0.08795443177223206,56972091.24081822,36.5728425503454,True
56048.81603860855,3.5593276093566927e-07,-4.0427522662866977e-07,-1.3842566204402829e-07,-0.08709066361188889,56296687.946271,35.7953254205554,True
56348.81603860855,3.640873505540509e-07,-4.106324809072248e-07,-1.393833741758499e-07,-0.08672334998846054,55616315.58261508,35.00476709186355,True
56648.81603837013,3.7211114765145504e-07,-4.1672433326311875e-07,-1.4027375527803088e-07,-0.08572470396757126,54930851.61531159,34.20131283633101,True
56948.81603837013,3.805791762746828e-07,-4.23184218334427e-07,-1.4135311232621461e-07,-0.0849369689822197,54240170.13165467,33.38507772239734,True
57248.81603837013,3.8943248705348434e-07,-4.299479030578368e-07,-1.4259280334272262e-07,-0.08424228429794312,53544141.781141244,32.55614546294572,True
57548.816038131714,3.9820003121235583e-07,-4.3651604642036546e-07,-1.437847529928149e-07,-0.082948237657547,52842633.7183583,31.714567134239353,True
57848.816038131714,4.0765630751219313e-07,-4.4371691387823375e-07,-1.45266319862003e-07,-0.08212755620479584,52135509.5540078,30.860359746378645,True
58148.816037893295,4.1696292987944835e-07,-4.506677555582428e-07,-1.466699615093603e-07,-0.08059263229370117,51422629.313444465,29.99350464264359,True
58448.816037893295,4.2702908114136025e-07,-4.583261272728123e-07,-1.4838789752502635e-07,-0.07955888658761978,50703849.406228654,29.11394568620523,True
58748.81603765488,4.369760722377173e-07,-4.657801468965772e-07,-1.5003716313799487e-07,-0.07782606780529022,49979022.60897738,28.221587217394852,True
59048.81603765488,4.4748478813120507e-07,-4.73739788731109e-07,-1.5190816782251204e-07,-0.07626655697822571,49247998.06585893,27.31629172979879,True
59348.81603765488,4.5849557823184306e-07,-4.821431502932683e-07,-1.5397124641935989e-07,-0.07476393133401871,48510621.31208141,26.397877241517172,True
59648.81603741646,4.694359545411106e-07,-4.904146919670893e-07,-1.55975943272324e-07,-0.07257923483848572,47766734.32256057,25.466114302673464,True
59948.81603741646,4.812598252745662e-07,-4.995220592718397e-07,-1.5832661048875707e-07,-0.07085336744785309,47016175.59687959,24.520722594820164,True
60248.81603717804,4.929266151974229e-07,-5.084266376798041e-07,-1.6057095564292467e-07,-0.068308025598526,46258780.285942994,23.56136706881198,True
60548.81603717804,5.055945366892543e-07,-5.182872655495885e-07,-1.6319887308213765e-07,-0.06626792252063751,45494380.371772,22.58765354188436,True
60848.81603693962,5.178133392086592e-07,-5.27678594153258e-07,-1.6557986981524664e-07,-0.06305250525474548,44722804.91154549,21.599123694072517,True
61148.81603693962,5.312519109664717e-07,-5.382480594562367e-07,-1.684216606179234e-07,-0.06049589067697525,43943880.3648413,20.59524936048227,True
61448.81603693962,5.452902346201725e-07,-5.493902222042379e-07,-1.7144756725429033e-07,-0.05784684419631958,43157431.01724138,19.57542603326775,True
61748.8160367012,5.591334169700825e-07,-5.603487522876094e-07,-1.7430254217742913e-07,-0.05425650626420975,42363279.52992378,18.538965445620093,True
62048.8160367012,5.741832366693113e-07,-5.724851348531956e-07,-1.775774727263979e-07,-0.05112487077713013,41561247.64184444,17.485087108058867,True
62348.816036462784,5.8903980901554e-07,-5.844716781666648e-07,-1.8064951490259773e-07,-0.04701967537403107,40751157.06021832,16.412908647675653,True
62648.816036462784,6.052175955690468e-07,-5.977645400889742e-07,-1.8415749991618213e-07,-0.04336541146039963,39932830.5872234,15.321434759501399,True
62948.816036224365,6.207969726251947e-07,-6.10567383318994e-07,-1.8724044892337588e-07,-0.03834003955125809,39106093.53728074,14.209544582415855,True
63248.816036224365,6.379412592200923e-07,-6.249382522582891e-07,-1.9081860180847343e-07,-0.033878132700920105,38270775.52100639,13.075977251525396,True
63548.816036224365,6.559002286644343e-07,-6.401907910458249e-07,-1.9453349153764066e-07,-0.029224485158920288,37426712.679982305,11.919315379510929,True
63848.81603598595,6.735300851402063e-07,-6.552921263391909e-07,-1.9784233629138726e-07,-0.023412786424160004,36573750.493067436,10.737966163892843,True
64148.81603598595,6.92641711588957e-07,-6.7195711039858e-07,-2.0150313062572422e-07,-0.01788151264190674,35711747.29758308,9.530139806562994,False
64448.81603574753,7.114846168500765e-07,-6.886078836032539e-07,-2.046858043058819e-07,-0.011233650147914886,34840578.71029624,8.293824914649603,False
64748.81603574753,7.313962148046847e-07,-7.06525554505788e-07,-2.0792407084968545e-07,-0.00445893406867981,33960143.18775303,7.026760533443013,False
65048.81603574753,7.521869043218654e-07,-7.25588392924692e-07,-2.1106412262383856e-07,0.0026292987167835236,33070369.033940043,5.726404527852772,False
65348.81603550911,7.724860010890298e-07,-7.446111567332991e-07,-2.133946628291028e-07,0.010960157960653305,32171223.247215636,4.389898087659188,False
65648.81603550911,7.943154041060888e-07,-7.655180525034666e-07,-2.1572950315018602e-07,0.019206829369068146,31262722.726207666,3.0140263534206384,False
65948.81603527069,8.151183818353024e-07,-7.860699042794295e-07,-2.1677381112361616e-07,0.02894168719649315,30344948.501626074,1.5951755214333154,False
66248.81603527069,8.37416452428697e-07,-8.086723539690865e-07,-2.17528481699647e-07,0.0386347733438015,29418063.87220539,0.12928742019380401,False
66548.81603503227,8.572104014358882e-07,-8.298047760035843e-07,-2.1595799815088412e-07,0.050431638956069946,28482337.59423772,-1.3881862998226555,False
66848.81603503227,8.783257889483622e-07,-8.530989248356491e-07,-2.135934198399525e-07,0.06219017878174782,27538173.643674113,-2.96232636208897,False
67148.81603503227,8.985344441743952e-07,-8.766895973622013e-07,-2.090940540711017e-07,0.07502447813749313,26586149.54012743,-4.598777265750795,False
67448.81603479385,9.148241656178283e-07,-8.979788788110454e-07,-2.0064568406752414e-07,0.09014137089252472,25627065.872598525,-6.303755508702803,False
67748.81603479385,9.299910712498971e-07,-9.197347878853179e-07,-1.8894322018070397e-07,0.10627604648470879,24662010.483962853,-8.084013628899541,False
68048.81603455544,9.385792052707714e-07,-9.370519649110065e-07,-1.7047855216389962e-07,0.12578443437814713,23692441.837286115,-9.9467249319122,False
68348.81603455544,9.441235741874316e-07,-9.533801801353547e-07,-1.4518496627147215e-07,0.14807365462183952,22720297.408072803,-11.899230730372125,False
68648.81603431702,9.407845902917067e-07,-9.630796569126687e-07,-1.0699182517726058e-07,0.17717411741614342,21748134.48596793,-13.948554589496663,False
68948.81603431702,9.409189967340484e-07,-9.776711920039816e-07,-5.476988462760346e-08,0.2140522077679634,20779312.387396574,-16.10052865718407,False
69248.81603431702,9.611708841486499e-07,-1.0125358187451639e-06,1.7942785035529596e-08,0.2643910422921181,19818226.30127996,-18.358285082834925,False
69548.8160340786,1.0498664880831082e-06,-1.1156858192862273e-06,1.152112787394799e-07,0.3335728645324707,18870602.85338599,-20.71973038687827,False
69848.8160340786,1.325482491406336e-06,-1.4220326818303874e-06,2.187932608421761e-07,0.4149824157357216,17943863.893860985,-23.173442984430352,False
70148.81603384018,1.9693430343523653e-06,-2.1668340082214854e-06,2.561662917344165e-07,0.4657556973397732,17047554.31293627,-25.69225904881535,False
70448.81603384018,3.1668621251941406e-06,-3.5941772011938156e-06,-6.905988669814178e-09,0.335009278729558,16193805.898140006,-28.223813569990824,False
70748.81603384018,4.526435845173182e-06,-5.120642157407929e-06,-1.045654837383836e-06,-0.28484356217086315,15397764.663465677,-30.677955232084948,False
71048.81603360176,4.287936041700801e-06,-3.349892523374365e-06,-3.2369488423000803e-06,-1.6018183194100857,14677838.033716876,-32.91323767015099,False
71348.81603360176,8.477585930884437e-06,8.041010346460098e-06,-5.310125438029445e-06,-2.7437866535037756,14055526.910989733,-34.729862993940856,False
71648.81603336334,2.262667755206752e-05,2.771407753243693e-05,-2.7889970368732975e-06,-1.216842694208026,13554527.441766137,-35.88386556721439,False
71948.81603336334,2.7708631141251125e-05,3.309400278794783e-05,7.312433822903586e-06,3.725647918879986,13198779.980285352,-36.13904447091052,False
72248.81603312492,1.75597217134733e-05,6.733987731877278e-06,1.6678699132910424e-05,7.042555717751384,13009309.435540954,-35.35311866004297,False
72548.81603312492,2.3421012774713573e-05,-2.3281911495587337e-05,1.3118125728794894e-05,4.2356490436941385,13000227.868340129,-33.55309297887289,False
72848.81603312492,2.0425301404529012e-05,-2.3766598076235823e-05,1.284751800056938e-06,-0.8349885679781437,13175197.495731119,-30.939541541452133,False
73148.8160328865,7.665197484295647e-06,-6.158374901588104e-06,-5.393083821303435e-06,-2.804111059755087,13526180.428851623,-27.811425235306682,False
73448.8160328865,7.277516602966767e-06,5.970749384687224e-06,-4.840227720848134e-06,-1.9126715268939734,14035329.033842642,-24.46736358790752,False
73748.81603264809,8.28451981923218e-06,8.514858564012684e-06,-2.358174612027142e-06,-0.6228879895061255,14679004.948967593,-21.140363592775472,False
74048.81603264809,6.810204237054744e-06,7.105131999196601e-06,-8.403261091416425e-07,0.035132305696606636,15432002.621195609,-17.979673899206617,False
74348.81603240967,5.305183263866028e-06,5.484065468408517e-06,-3.1803345557079865e-07,0.18896156549453735,16270619.577387271,-15.06278185176516,False
74648.81603240967,4.396117769624386e-06,4.495929687209355e-06,-2.169856720968255e-07,0.14160800352692604,17174261.595875453,-12.41722391079558,False
74948.81603240967,3.937190170680904e-06,3.992445385847532e-06,-2.1528796523284655e-07,0.05298469215631485,18125916.78570135,-10.040533434309031,False
75248.81603217125,3.7078069317305762e-06,3.737493614153209e-06,-2.0935282840639502e-07,-0.025780487805604935,19111975.070854206,-7.9145861971222855,False
75548.81603217125,3.5687859987895426e-06,3.5839802876580507e-06,-1.7985129119324483e-07,-0.08465133607387543,20121762.108279854,-6.0146022181916585,False
75848.81603193283,3.468168739766846e-06,3.4754075670662132e-06,-1.3449824454170312e-07,-0.1288372501730919,21147005.879038364,-4.31425910839898,False
76148.81603193283,3.3784121261087585e-06,3.3814838218404475e-06,-7.933950341154627e-08,-0.16131200641393661,22181340.997730896,-2.788327603480001,False
76448.81603193283,3.2963673625524454e-06,3.2973052839224692e-06,-2.0849703297187716e-08,-0.1868690811097622,23219889.258599937,-1.4138549597449679,False
76748.81603169441,3.2201933343769854e-06,3.219984421320987e-06,3.791192884627925e-08,-0.20795849710702896,24258921.76219944,-0.17055181079422913,False
77048.81603169441,3.1457902952859957e-06,3.1447610524537595e-06,9.61571463564681e-08,-0.2243013195693493,25295594.081083953,0.9592284810426586,False
77348.816031456,3.0776686012988634e-06,3.0757639137846127e-06,1.5210522619213407e-07,-0.2388172298669815,26327741.742814016,1.9906987838872043,False
77648.816031456,3.012111239706908e-06,3.009001403597722e-06,2.0613898321641955e-07,-0.2502160705626011,27353723.472337164,2.936917470219224,False
77948.81603121758,2.9522460251452846e-06,2.9474969949205843e-06,2.5760221600279465e-07,-0.26060736179351807,28372301.3900823,3.809077698011857,False
78248.81603121758,2.8956584563929773e-06,2.8887229177598783e-06,3.0688971364156714e-07,-0.26899464055895805,29382549.449906476,4.616778266824934,False
78548.81603121758,2.842587695359881e-06,2.8328840357971785e-06,3.5400105335980925e-07,-0.275813240557909,30383783.330187608,5.368264591325173,False
78848.81603097916,2.7941249616101863e-06,2.781093257908651e-06,3.9894505388105017e-07,-0.2821483053267002,31375506.594898544,6.0706370745707,False
79148.81603097916,2.7478883454177994e-06,2.730918708948593e-06,4.4203942994869294e-07,-0.2866291105747223,32357369.194193397,6.730028326549284,False
79448.81603074074,2.705811857689885e-06,2.6843711395940772e-06,4.832775237773035e-07,-0.29099347069859505,33329135.35111192,7.3517524446565385,False
79748.81603074074,2.665507624162957e-06,2.6390196694592305e-06,5.228886372776742e-07,-0.293638177216053,34290658.60869398,7.940430113423697,False
80048.81603050232,2.6292400110196128e-06,2.5972332196033676e-06,5.609471944723055e-07,-0.29672790318727493,35241862.36335031,8.500093175421,False
80348.81603050232,2.5942006417795297e-06,2.5561446932442777e-06,5.975839396654692e-07,-0.29808134585618973,36182724.61518906,9.034272007611262,False
80648.81603050232,2.5612810759658996e-06,2.516707638733351e-06,6.328846389180853e-07,-0.29865917563438416,37113265.983711414,9.546068573448595,False
80948.8160302639,2.531230483702376e-06,2.4797303979084973e-06,6.669986962748453e-07,-0.29944702982902527,38033540.252328455,10.038217607145624,True
81248.8160302639,2.5023257619759682e-06,2.4434615113477776e-06,6.999286590314568e-07,-0.29893195629119873,38943626.887758024,10.513137969181166,True
81548.81603002548,2.4758829272318747e-06,2.409291568028493e-06,7.318629986485803e-07,-0.2986711636185646,39843625.10678998,10.97297586130045,True
81848.81603002548,2.4503014042808063e-06,2.3755941356284893e-06,7.627322364811562e-07,-0.2971123829483986,40733649.1586785,11.419641306711446,True
82148.81603002548,2.426548115246138e-06,2.343394157833245e-06,7.927139229479963e-07,-0.29547739773988724,41613824.56951417,11.854839028898123,True
82448.81602978706,2.4045921118233267e-06,2.3126825112740335e-06,8.218973857054834e-07,-0.2939349040389061,42484285.14571486,12.280094681673921,True
82748.81602978706,2.383202822881981e-06,2.2822150356205384e-06,8.501552279938096e-07,-0.2911277636885643,43345170.58664662,12.696777198888642,True
83048.81602954865,2.3635967208807056e-06,2.2532632613092574e-06,8.777546458560437e-07,-0.28869593888521194,44196624.57899907,13.106117896042631,True
83348.81602954865,2.3445620709507557e-06,2.2246036905926303e-06,9.045266633478377e-07,-0.28521502763032913,45038793.27803973,13.509226858154166,True
83648.81602931023,2.3270581638405545e-06,2.1972357160393585e-06,9.307238464373313e-07,-0.28206735849380493,45871824.10069611,13.90710703290448,True
83948.81602931023,2.3102330285876527e-06,2.1703058052935376e-06,9.562110410143987e-07,-0.27821481227874756,46695864.76837151,14.300666400666481,True
84248.81602931023,2.2941637185637346e-06,2.143910080576461e-06,9.810427847867231e-07,-0.2738460525870323,47511062.550247855,14.690728505265467,True
84548.81602907181,2.279329568237385e-06,2.1185473997320514e-06,1.0053951307043008e-06,-0.2697571665048599,48317563.67182974,15.078041602462442,True
84848.81602907181,2.264844940614409e-06,2.0933370308284793e-06,1.0290620906516779e-06,-0.2647307962179184,49115512.853050336,15.463286628780297,True
85148.81602883339,2.2515323292505094e-06,2.069119148018217e-06,1.0523245936866488e-06,-0.2600948140025139,49905052.95379373,15.847084158283566,True
85448.81602883339,2.2384859184484635e-06,2.0449978137548896e-06,1.0749367476137195e-06,-0.25452496111392975,50686324.70553247,16.23000050293686,True
85748.81602859497,2.226483666063599e-06,2.0217605083416856e-06,1.0971867432374438e-06,-0.2493273764848709,51459466.513261326,16.612553064881663,True
86048.81602859497,2.214887595649502e-06,1.9987827215572906e-06,1.1188909532222624e-06,-0.24354688823223114,52224614.313827045,16.99521505735398,True
86348.81602859497,2.203756638957486e-06,1.976134882397673e-06,1.1400926460680694e-06,-0.2373306155204773,52981901.47896714,17.37841966805456,True
86648.81602835655,2.193481377094943e-06,1.9542088693924597e-06,1.1609715073745974e-06,-0.23141086846590042,53731458.75769175,17.762563747630306,True
86948.81602835655,2.183369837473905e-06,1.932336914478583e-06,1.1812814726397391e-06,-0.22465058416128159,54473414.24579814,18.14801108900586,True
87248.81602811813,2.174103925861272e-06,1.911190679493302e-06,1.2013253822829029e-06,-0.2183031663298607,55207893.38061585,18.53509533500093,True
87548.81602811813,2.1649295041166696e-06,1.8900487646078545e-06,1.2208073911779138e-06,-0.21107053011655807,55935018.95407915,18.924122580650835,True
87848.81602811813,2.1563574816880275e-06,1.8694117898121476e-06,1.2399688138486908e-06,-0.20392214506864548,56654911.1417095,19.3153736934607,True
88148.81602787971,2.1484250958295994e-06,1.8493192044388707e-06,1.2588556153048103e-06,-0.19699519872665405,57367687.541349314,19.709106396654917,True
88448.81602787971,2.140518102269011e-06,1.8291957246674428e-06,1.2771978710190979e-06,-0.18916336447000504,58073463.22355333,20.10555713954781,True
88748.8160276413,2.1333121153914677e-06,1.8096861538197118e-06,1.2953380377211943e-06,-0.18176816403865814,58772350.78743031,20.504942776700467,True
89048.8160276413,2.126155415277129e-06,1.7901854789670324e-06,1.3129721132543182e-06,-0.1735713630914688,59464460.421271846,20.90746208886013,True
89348.81602740288,2.119611367732177e-06,1.7712250723889156e-06,1.330402294996702e-06,-0.1657349243760109,60149899.96794269,21.313297150222745,True
89648.81602740288,2.1132364074933187e-06,1.7523993847134989e-06,1.3474157256609942e-06,-0.15740064531564713,60828774.99218716,21.722614573613594,True
89948.81602740288,2.1070860545767906e-06,1.733767561518107e-06,1.3640526645986029e-06,-0.14870605617761612,61501188.84864269,22.135566633846732,True
90248.81602716446,2.101458623479131e-06,1.715605776553275e-06,1.3804938348016549e-06,-0.14031143486499786,62167242.75255612,22.55229229266061,True
90548.81602716446,2.0958499795519636e-06,1.6974637446764973e-06,1.3964697842538953e-06,-0.13118544220924377,62827035.848732986,22.972918132718984,True
90848.81602692604,2.0907706848827895e-06,1.6798051092337118e-06,1.4122864655519152e-06,-0.12244416773319244,63480665.28083449,23.39755920488569,True
91148.81602692604,2.0856883311683795e-06,1.6621607983324793e-06,1.4276449356032117e-06,-0.11296489834785461,64128226.25947661,23.826319809446115,True
91448.81602668762,2.0810876073324845e-06,1.6449646977889643e-06,1.4428462478122128e-06,-0.1038399413228035,64769812.129630506,24.259294203805396,True
91748.81602668762,2.076589790591621e-06,1.6278884800158266e-06,1.4576733455839985e-06,-0.0942547619342804,65405514.436277084,24.696567258788075,True
92048.81602668762,2.072242412971143e-06,1.6109806608710642e-06,1.4721633156966618e-06,-0.0843324363231659,66035422.987687245,25.13821505461447,True
92348.8160264492,2.068305928021874e-06,1.5944694098379841e-06,1.486493459879057e-06,-0.07469378411769867,66659625.91875832,25.584305433045955,True
92648.8160264492,2.0643446237381177e-06,1.5779874615873268e-06,1.50039327451168e-06,-0.06436236202716827,67278209.75071104,26.03489850651402,True
92948.81602621078,2.0608079327639015e-06,1.5619205555594817e-06,1.5141665485884914e-06,-0.0543992817401886,67891259.44960928,26.4900471225837,True
93248.81602621078,2.0572197587459924e-06,1.5458733741979813e-06,1.5275063418584978e-06,-0.04370659589767456,68498858.48241444,26.949797300109353,True
93548.81602597237,2.0541426521141615e-06,1.5303184000003967e-06,1.5408026605712166e-06,-0.03364276885986328,69101088.87196405,27.414188624483014,True
93848.81602597237,2.050950961755961e-06,1.514743416919373e-06,1.5536364372792377e-06,-0.02273404598236084,69698031.247741,27.88325462172578,True
94148.81602597237,2.0478925207938633e-06,1.4993593708823028e-06,1.5661837799996192e-06,-0.011581912636756897,70289764.89755227,28.35702309693623,True
94448.81602573395,2.0452126855264467e-06,1.4843679423393041e-06,1.5786285239016706e-06,-0.000807449221611023,70876367.8150138,28.83551645344521,True
94748.81602573395,2.0424738304153444e-06,1.4694223295919073e-06,1.5906662795828197e-06,0.01064695417881012,71457916.74529815,29.31875198903128,True
95048.81602549553,2.0400863866354595e-06,1.4548542139891651e-06,1.6026013724967925e-06,0.021744370460510254,72034487.22973302,29.806742165623284,True
95348.81602549553,2.037626146991111e-06,1.4403341310753603e-06,1.614130692217941e-06,0.03353244066238403,72606153.64745007,30.299494867599183,True
95648.81602549553,2.0354001390356933e-06,1.426108127589032e-06,1.6254875525589796e-06,0.045228809118270874,73172989.25630796,30.79701363394295,True
95948.81602525711,2.033437867379575e-06,1.4122015272732824e-06,1.6367040167608593e-06,0.05673530697822571,73735066.23013787,31.29929787943751,True
96248.81602525711,2.0313739845930423e-06,1.3983408848616818e-06,1.6475088173706354e-06,0.0689750611782074,74292455.69628851,31.80634309975639,True
96548.81602501869,2.0296252697735246e-06,1.3848481614786579e-06,1.6582274540155595e-06,0.08085839450359344,74845227.77034445,32.31814105704661,True
96848.81602501869,2.027804213293211e-06,1.3714376336793066e-06,1.6685665968907415e-06,0.09338259696960449,75393451.58866689,32.83467996009333,True
97148.81602478027,2.0262679148680862e-06,1.3583807572103979e-06,1.67881160706429e-06,0.10560223460197449,75937195.34035206,33.35594462286293,True
97448.81602478027,2.0247448170071398e-06,1.3454827012537862e-06,1.6887550771116366e-06,0.11821867525577545,76476526.29697119,33.88191661985549,True
97748.81602478027,2.0232709168282865e-06,1.3327776002824976e-06,1.69843000463743e-06,0.1311233937740326,77011510.84028907,34.41257442213254,True
98048.81602454185,2.0220437167421534e-06,1.3204135882460832e-06,1.7080019460991025e-06,0.14377807080745697,77542214.48999672,34.94789352752768,True
98348.81602454185,2.020744984081009e-06,1.3081699137273972e-06,1.7172184172409288e-06,0.15702755749225616,78068701.92850424,35.487846581092,True
98648.81602430344,2.0197085728816856e-06,1.296290150776258e-06,1.726357851339344e-06,0.16996216773986816,78591037.02509758,36.032403479917576,True
98948.81602430344,2.0185905538963607e-06,1.284540672941148e-06,1.7351422627598367e-06,0.18350431323051453,79109282.85831782,36.581531476940526,True
99248.81602406502,2.0177125564094625e-06,1.273152946623668e-06,1.7438437325267842e-06,0.19676300883293152,79623501.73760858,37.1351952664892,True
99548.81602406502,2.0168275582927275e-06,1.2619648259715177e-06,1.7522613831033595e-06,0.21040599048137665,80133755.22331342,37.693357069994676,True
99848.81602406502,2.0159702838974184e-06,1.251010303349176e-06,1.7604281907779296e-06,0.2243313491344452,80640104.14500733,38.25597670468441,True
100148.8160238266,2.0153233827172284e-06,1.2404212554883998e-06,1.7685046742599297e-06,0.23802553117275238,81142608.62009294,38.823011648874,True
100448.8160238266,2.01459605116727e-06,1.230013765507465e-06,1.7762471244964217e-06,0.25228892266750336,81641328.06985907,39.39441709924184,True
100748.81602358818,2.0140971908240823e-06,1.220003071011888e-06,1.7839255690432765e-06,0.26624733209609985,82136321.2352093,39.970146013642164,True
101048.81602358818,2.0134996013982825e-06,1.2101866673219774e-06,1.7912615248860675e-06,0.2808090150356293,82627646.19087307,40.550149154184616,True
101348.81602358818,2.013042667647336e-06,1.2007330951746553e-06,1.7984669113957352e-06,0.29529447853565216,83115360.35952069,41.134375112787055,True
101648.81602334976,2.012752795011799e-06,1.1916714015569596e-06,1.8055702923902572e-06,0.3096187561750412,83599520.52332762,41.72277033424546,True
101948.81602334976,2.012345569319004e-06,1.182835489998979e-06,1.812325251648872e-06,0.32458600401878357,84080182.83645937,42.315279129822784,True
102248.81602311134,2.01215104212126e-06,1.1744497214749572e-06,1.8190272825790998e-06,0.33924712240695953,84557402.83578648,42.91184367598751,True
102548.81602311134,2.011861997205423e-06,1.166338961411384e-06,1.8254073452794728e-06,0.35447144508361816,85031235.45028415,43.51240401252751,True
102848.81602287292,2.011762716983061e-06,1.1586982964217896e-06,1.831722798328883e-06,0.3694346100091934,85501735.01061535,44.116898020874444,True
103148.81602287292,2.011638074089835e-06,1.1514149491631542e-06,1.8377846799921826e-06,0.3847503662109375,85968955.25733985,44.725261401547165,True
103448.81602287292,2.0115183346123006e-06,1.1445302448009897e-06,1.8436229893836753e-06,0.4003264755010605,86432949.34801741,45.337427631607035,True
103748.8160226345,2.0115642395558534e-06,1.1381647766484093e-06,1.8493867415259047e-06,0.41569244861602783,86893769.8648823,45.95332791575864,True
104048.8160226345,2.011519694315738e-06,1.1321909312300704e-06,1.854846445326075e-06,0.4315851032733917,87351468.82052977,46.57289112514895,True
104348.81602239609,2.011655952872759e-06,1.1267989066254813e-06,1.8602522828814472e-06,0.4472067803144455,87806097.6636302,47.19604371615906,True
104648.81602239609,2.011695070559082e-06,1.1218553197522851e-06,1.865352714958135e-06,0.46336112916469574,88257707.28360662,47.822709643536925,True
104948.81602215767,2.011902167982861e-06,1.117550425533409e-06,1.870393617764421e-06,0.4792669415473938,88706348.01523395,48.45281024746787,True
105248.81602215767,2.012076308294891e-06,1.1138038757962931e-06,1.875192509714907e-06,0.49550944566726685,89152069.6422901,49.086264132831424,True
105548.81602215767,2.0122456273922834e-06,1.1106738497801416e-06,1.879777030922014e-06,0.5120012760162354,89594921.40027755,49.72298701999792,True
105848.81602191925,2.0125610165770764e-06,1.1082925084338058e-06,1.88428914071892e-06,0.5282940715551376,90034951.97985397,50.36289157995141,True
106148.81602191925,2.0127820676593557e-06,1.1065717728797608e-06,1.8885068868712551e-06,0.5450904369354248,90472209.52852419,51.00588724616618,True
106448.81602168083,2.0131653430505376e-06,1.1057136362069286e-06,1.8926706317756725e-06,0.5616247802972794,90906741.65250866,51.65187999378632,True
106748.81602168083,2.0134400197238223e-06,1.1056245625695738e-06,1.8965282322369603e-06,0.5786931812763214,91338595.41773495,52.30077209894371,True
107048.81602168083,2.0138062828760695e-06,1.1064859677389904e-06,1.9002674562784705e-06,0.5956992357969284,91767817.35118255,52.952461855763325,True
107348.81602144241,2.0142878461568346e-06,1.1083859305927035e-06,1.9039111194274483e-06,0.6125666052103043,92194453.44042312,53.606843263296,True
107648.81602144241,2.0146472135270377e-06,1.1112726383544214e-06,1.9072352088755906e-06,0.6299993097782135,92618549.1343907,54.263805670657725,True
107948.816021204,2.015162940765862e-06,1.115396173645422e-06,1.910501339352777e-06,0.6471635103225708,93040149.34299117,54.923233369539005,True
108248.816021204,2.0155760720141953e-06,1.1207121701772849e-06,1.9134633646444854e-06,0.6648262292146683,93459298.43597536,55.585005143549765,True
108548.81602096558,2.0161367057708734e-06,1.1274771054559096e-06,1.9163556004286875e-06,0.6822349429130554,93876040.24237116,56.248993747427924,True
108848.81602096558,2.016587630115871e-06,1.1356718800925591e-06,1.918931218369835e-06,0.7001523673534393,94290418.04880191,56.91506532860748,True
109148.81602096558,2.017118382901472e-06,1.1455475146249228e-06,1.9213659214756262e-06,0.7180093973875046,94702474.5984127,57.5830787615113,True
109448.81602072716,2.0177517219742824e-06,1.1572772962153977e-06,1.9236764998709077e-06,0.7357335686683655,95112252.08817981,58.252884899997866,True
109748.81602072716,2.0182627382384774e-06,1.1709097407219815e-06,1.925642592937038e-06,0.7539961487054825,95519792.16751888,58.92432572782123,True
110048.81602048874,2.018915594763073e-06,1.1868005458381958e-06,1.9275080163083658e-06,0.7720022350549698,95925135.93587558,59.59723338638719,True
110348.81602048874,2.0194663981825705e-06,1.2050319924128416e-06,1.9290308799213562e-06,0.7904791682958603,96328323.9397696,60.27142907793152,True
110648.81602025032,2.020143701165791e-06,1.2259960442406737e-06,1.930417916184979e-06,0.808736577630043,96729396.1704019,60.94672180337515,True
110948.81602025032,2.0207747114537755e-06,1.2498766750468349e-06,1.931490722029139e-06,0.8272879868745804,97128392.0606601,61.62290693136806,True
111248.81602025032,2.0213836260811503e-06,1.2770133253070526e-06,1.932256203929228e-06,0.8460564166307449,97525350.48157606,62.29976455023452,True
111548.8160200119,2.022101398708572e-06,1.3078583265269117e-06,1.9328203606505667e-06,0.8646475374698639,97920309.73976617,62.977057584725365,True
111848.8160200119,2.022721070168324e-06,1.3426974874164443e-06,1.9329626681496848e-06,0.8836789578199387,98313307.57365237,63.65452963234649,True
112148.81601977348,2.023466295789593e-06,1.3821539255332027e-06,1.9328699067955313e-06,0.9024776816368103,98704381.15006906,64.33190246569244,True
112448.81601977348,2.024102786685638e-06,1.426611447641335e-06,1.932286366468361e-06,0.9217435121536255,99093567.0604917,65.00887316186744,True
112748.81601977348,2.024804827651477e-06,1.4768062612802169e-06,1.9313408188281755e-06,0.9409512579441071,99480901.31775942,65.68511077447371,True
113048.81601953506,2.025593540660138e-06,1.5334635463659652e-06,1.9300085369877706e-06,0.9600325673818588,99866419.3515608,66.36025248776862,True
113348.81601953506,2.026261571298076e-06,1.5972335916103475e-06,1.9280389551568078e-06,0.9796055108308792,100250156.0052832,67.03389915501772,True
113648.81601929665,2.027052698331143e-06,1.6692249573679874e-06,1.925601623042894e-06,0.998936340212822,100632145.53202839,67.70561010853689,True
113948.81601929665,2.027740943006926e-06,1.7503123785900243e-06,1.9224071223788997e-06,1.0187001079320908,101012421.59037475,68.37489713148827,True
114248.81601905823,2.0285465354159085e-06,1.8418893432681216e-06,1.918576288062468e-06,1.038235068321228,101391017.24075505,69.0412174247222,True
114548.81601905823,2.0292444945333604e-06,1.945142145132195e-06,1.9137909390565255e-06,1.058212772011757,101767964.94125442,69.70396541859458,True
114848.81601905823,2.0300018060217764e-06,2.06180493478314e-06,1.908084328761106e-06,1.0781322419643402,102143296.54405989,70.3624632135754,True
115148.81601881981,2.030838981302952e-06,2.193719922161108e-06,1.9013264278555653e-06,1.0979290008544922,102517043.29082662,71.0159494430266,True
115448.81601881981,2.031557792926602e-06,2.3427408848419873e-06,1.893154191634494e-06,1.118193656206131,102889235.80943742,71.66356630313194,True
115748.81601858139,2.0323915002578236e-06,2.511470597710286e-06,1.883574526573284e-06,1.138225257396698,103259904.11000298,72.30434447720131,True
116048.81601858139,2.0331247039833654e-06,2.7023028223993606e-06,1.872135300118316e-06,1.1586636751890182,103629077.58077367,72.93718569449396,True
116348.81601834297,2.0339606347149653e-06,2.9184641334722983e-06,1.8587247438972554e-06,1.1789013296365738,103996784.98460776,73.56084264517648,True
116648.81601834297,2.03474717119191e-06,3.1630416401640105e-06,1.8428462738029339e-06,1.1993903666734695,104363054.4553169,74.17389606641386,True
116948.81601834297,2.0355063273220936e-06,3.4396391015434347e-06,1.8240984047679376e-06,1.2200628519058228,104727913.49358255,74.77472889640558,True
117248.81601810455,2.0363550077676287e-06,3.752276597879245e-06,1.8020872829538348e-06,1.2405706346035004,105091388.96407159,75.36149764628493,True
117548.81601810455,2.0371096920233497e-06,4.104561469375767e-06,1.7760648347575625e-06,1.2614570707082748,105453507.09169914,75.93210149185336,True
117848.81601786613,2.0379685837196505e-06,4.500712691424269e-06,1.7455263332522009e-06,1.2821324616670609,105814293.4583137,76.48415017584516,True
118148.81601786613,2.03873095647835e-06,4.9437224163284554e-06,1.7095199069672162e-06,1.3031896501779556,106173772.99948171,77.01493271424859,True
118448.81601786613,2.0394909784975745e-06,5.436281497850359e-06,1.6672529454808682e-06,1.3243464529514313,106531970.00145778,77.52139012440225,True
118748.81601762772,2.0404017643768018e-06,5.979764523544873e-06,1.6178879604922258e-06,1.345149040222168,106888908.09840229,78.0000970885374,True
119048.81601762772,2.0411850314907087e-06,6.5718988366825215e-06,1.56018494124055e-06,1.3664170950651169,107244610.26898143,78.44725947199225,True
119348.8160173893,2.0420532045048917e-06,7.208339553699261e-06,1.4932948317891714e-06,1.387524038553238,107599098.83445105,78.85873674797664,True
119648.8160173893,2.0428297070649924e-06,7.87895001508332e-06,1.4161498569364994e-06,1.408988118171692,107952395.455832,79.23010006103591,True
119948.81601715088,2.0437067513993862e-06,8.569425290261279e-06,1.3281445916391021e-06,1.4302436262369156,108304521.13155411,79.55673682925907,True
120248.81601715088,2.0444838903257306e-06,9.258050965854636e-06,1.228736422831389e-06,1.451878160238266,108655496.19530503,79.8340101467973,True
120548.81601715088,2.045311309054483e-06,9.919161243487906e-06,1.1180999308635364e-06,1.473450392484665,109005340.31426868,80.05747431272367,True
120848.81601691246,2.0462081686751907e-06,1.0522983870941971e-05,9.96929856000861e-07,1.4949031174182892,109354072.48675688,80.22313614569404,True
121148.81601691246,2.0469965494075577e-06,1.1038154354992002e-05,8.665219155545856e-07,1.516755223274231,109701711.0412357,80.32773677880597,True
121448.81601667404,2.0478869962802995e-06,1.143877264553339e-05,7.290288976946613e-07,1.5383895635604858,110048273.63468629,80.3690147317199,True
121748.81601667404,2.0486859640361135e-06,1.1704256763778176e-05,5.869702164318369e-07,1.5603690594434738,110393777.25128582,80.3459045207437,True
122048.81601643562,2.0495769583505538e-06,1.182652565034914e-05,4.433094602518395e-07,1.582159236073494,110738238.20147438,80.25863124566709,True
122348.81601643562,2.0504230426962897e-06,1.1807084149495495e-05,3.009357385508338e-07,1.6041580885648727,111081672.1213252,80.10868108924511,True
122648.81601643562,2.0512443310363707e-06,1.1658569007977349e-05,1.6253721923931153e-07,1.6263056248426437,111424093.97143477,79.8986545127898,True
122948.8160161972,2.0521468344723975e-06,1.140151977097048e-05,3.033635209703789e-08,1.648295819759369,111765518.03717329,79.63203318142156,True
123248.8160161972,2.052964816785584e-06,1.105884166463511e-05,-9.40328845899785e-08,1.6706066727638245,112105957.92832524,79.31290480851219,True
123548.81601595879,2.0538779816670346e-06,1.0655936449666115e-05,-2.0952472823410062e-07,1.692719578742981,112445426.57905936,78.94568951298389,True
123848.81601595879,2.0547049996228115e-06,1.0214369467576034e-05,-3.156127945658227e-07,1.715155929327011,112783936.24837323,78.53490032870556,True
124148.81601595879,2.0555315575470288e-06,9.753762242326047e-06,-4.1222541824481596e-07,1.7376678586006165,113121498.52056135,78.08495551409462,True
124448.81601572037,2.056496982981544e-06,9.28996706761609e-06,-4.996464468831618e-07,1.759856030344963,113458124.30619484,77.60004673297118,True
124748.81601572037,2.0573490155563204e-06,8.833173751554568e-06,-5.78289501618201e-07,1.782440885901451,113793823.84267202,77.08405792046706,True
125048.81601548195,2.05828084235575e-06,8.392207234919624e-06,-6.488028247986222e-07,1.8048709481954575,114128606.69600159,76.54052502148865,True
125348.81601548195,2.059132526807149e-06,7.971568436460075e-06,-7.118004816675239e-07,1.8276016414165497,114462481.76216239,75.97262569894387,True
125648.81601524353,2.060079018861099e-06,7.574948966748707e-06,-7.680179265889819e-07,1.85013547539711,114795457.26868258,75.38318916969435,True
125948.81601524353,2.060938364403952e-06,7.203055304216832e-06,-8.180477948371845e-07,1.872988983988762,115127540.77678719,74.77471824491704,True
126248.81601524353,2.0618475122383456e-06,6.85664241473205e-06,-8.625628282743492e-07,1.8957741856575012,115458739.18370019,74.14941776622976,True
126548.81601500511,2.0628242790480306e-06,6.5352220985914755e-06,-9.021466382819199e-07,1.9184412211179733,115789058.72468294,73.50922543272291,True
126848.81601500511,2.063707058696786e-06,6.237262311969971e-06,-9.372483447123159e-07,1.9414464384317398,116118504.9763812,72.85584246972984,True
127148.8160147667,2.0646879901059098e-06,5.962044951957068e-06,-9.68422028790883e-07,1.9642480313777924,116447082.8594709,72.19076263896295,True
127448.8160147667,2.0655899991842644e-06,5.707582573677428e-06,-9.96001901398813e-07,1.9873433709144592,116774796.64194027,71.51529879014494,True
127748.81601452827,2.0665871814719013e-06,5.4728468512621475e-06,-1.0204418430248552e-06,2.0102440416812897,117101649.94249657,70.83060665428884,True
128048.81601452827,2.06750256957334e-06,5.255854887309397e-06,-1.0419812497275416e-06,2.0334444791078568,117427645.73439813,70.13770583219232,True
128348.81601452827,2.0684687104785876e-06,5.055503436324216e-06,-1.060975108657658e-06,2.056575119495392,117752786.34944329,69.43749813389107,True
128648.81601428986,2.06950299006446e-06,4.870445764026954e-06,-1.0776881111951297e-06,2.0795885622501373,118077073.48177312,68.7307834776568,True
128948.81601428986,2.0704490328759812e-06,4.699031137533893e-06,-1.0922616411335184e-06,2.102919727563858,118400508.19293049,68.0182736125831,True
129248.81601405144,2.0714929343040065e-06,4.540501663541363e-06,-1.1049923500650038e-06,2.1260527670383453,118723090.91618139,67.30060393308702,True
129548.81601405144,2.0724645763565487e-06,4.393390383938822e-06,-1.1159624904166776e-06,2.149459108710289,119044821.46156356,66.57834361996278,True
129848.81601381302,2.0735262076156418e-06,4.257049454281514e-06,-1.1254144709482716e-06,2.1726914197206497,119365699.02090959,65.85200435531382,True
130148.81601381302,2.074557361520014e-06,4.130319496198354e-06,-1.1334179674804545e-06,2.1960822492837906,119685722.17359701,65.12204779524421,True
130448.81601381302,2.0755760842727253e-06,4.012419793752997e-06,-1.1401029667013063e-06,2.2195812463760376,120004888.89156123,64.38889199772822,True
130748.8160135746,2.076676378451248e-06,3.902782680142991e-06,-1.145628964138723e-06,2.2429323196411133,120323196.5457535,63.65291694490715,True
131048.8160135746,2.0777120919831142e-06,3.8004567954885715e-06,-1.1500083516580162e-06,2.2665342539548874,120640641.91213126,62.914469298296915,True
131348.81601333618,2.0788424081521157e-06,3.7051214576422353e-06,-1.1534155177628236e-06,2.2899534851312637,120957221.17769669,62.17386650674589,True
131648.81601333618,2.0799072522857553e-06,3.615936208234416e-06,-1.1558346528772745e-06,2.3136259615421295,121272929.9473544,61.43140034774514,True
131948.81601333618,2.080982935865011e-06,3.53253696516731e-06,-1.1573760616556683e-06,2.3373446613550186,121587763.25042199,60.687340002854235,True
132248.81601309776,2.082193317711209e-06,3.4546716847216885e-06,-1.1581705692265132e-06,2.3607769459486008,121901715.54784563,59.94193472084469,True
132548.81601309776,2.0833153671124275e-06,3.381557093007359e-06,-1.1581443075669995e-06,2.3845245242118835,122214780.7390728,59.19541613349331,True
132848.81601285934,2.084520388755181e-06,3.313098318358243e-06,-1.157443435317873e-06,2.4081279188394547,122526952.16969745,58.448000280556606,True
133148.81601285934,2.085666684384213e-06,3.248730934046762e-06,-1.1560301160784547e-06,2.4319675117731094,122838222.63914776,57.69988936984527,True
133448.81601262093,2.086909569369405e-06,3.1883863300663506e-06,-1.1540320556946426e-06,2.4556287229061127,123148584.40813448,56.951273328200934,True
133748.81601262093,2.0880876991951245e-06,3.131537596345879e-06,-1.151392133635909e-06,2.47954261302948,123458029.20698315,56.20233115335566,True
134048.81601262093,2.0893226687940562e-06,3.078111092236213e-06,-1.1482113606575695e-06,2.5033861845731735,123766548.24369031,55.45323211238834,True
134348.8160123825,2.0906305164707094e-06,3.0278923759397003e-06,-1.1445272818377816e-06,2.527117997407913,124074132.21200277,54.70413679271508,True
134648.8160123825,2.091867623625959e-06,2.9804619998685666e-06,-1.140284233258626e-06,2.551118642091751,124380771.30056171,53.955198031146445,True
134948.8160121441,2.0932050785265827e-06,2.935866518782859e-06,-1.1356024174347112e-06,2.5749370604753494,124686455.20117842,53.20656174317187,True
135248.8160121441,2.0944866856929495e-06,2.8937089098235447e-06,-1.130414887029474e-06,2.5989855378866196,124991173.11799395,52.45836765045169,True
135548.81601190567,2.0958616730904935e-06,2.854029190757501e-06,-1.1248247133721634e-06,2.622873306274414,125294913.7762746,51.71074993814857,True
135848.81601190567,2.0972194164185746e-06,2.8165259209345095e-06,-1.1187872388518372e-06,2.6468914300203323,125597665.43210033,50.963837831845915,True
136148.81601190567,2.0985765867496226e-06,2.7810840492747957e-06,-1.1123277587898883e-06,2.670996218919754,125899415.88108398,50.217756122458894,True
136448.81601166725,2.1000197975647803e-06,2.7476880575250107e-06,-1.105508466991978e-06,2.6949647068977356,126200152.46849069,49.47262563105682,True
136748.81601166725,2.1014146324126622e-06,2.7160461968378513e-06,-1.0982682923099674e-06,2.719145581126213,126499862.09889574,48.72856362622002,True
137048.81601142883,2.1029078016702327e-06,2.686236996396474e-06,-1.0906994489801036e-06,2.743161380290985,126798531.24564976,47.9856842060697,True
137348.81601142883,2.104351942944979e-06,2.657973652731016e-06,-1.0827324103956926e-06,2.767392337322235,127096145.96127568,47.24409863407021,True
137648.81601142883,2.1058172417622233e-06,2.6312522436455765e-06,-1.0744152660890904e-06,2.791658118367195,127392691.88723177,46.5039156518098,True
137948.8160111904,2.1074178815042513e-06,2.606125178772345e-06,-1.06581773451353e-06,2.815669074654579,127688154.264411,45.76524175673765,True
138248.8160111904,2.108948326772585e-06,2.5822611746662005e-06,-1.056837916735276e-06,2.839950054883957,127982517.943275,45.0281814543211,True
138548.816010952,2.11056652405663e-06,2.5597773287699965e-06,-1.047567032230745e-06,2.8641007989645004,128275767.39442465,44.292837493962196,True
138848.816010952,2.1121419559936983e-06,2.538448455879916e-06,-1.0379430221973962e-06,2.8884525299072266,128567886.71939878,43.55931107523796,True
139148.81601071358,2.1138178913594704e-06,2.518379915272817e-06,-1.02804655455202e-06,2.912644848227501,128858859.66092238,42.8277020461538,True
139448.81601071358,2.11544563629623e-06,2.4993369720505143e-06,-1.0178059994814248e-06,2.9370532780885696,129148669.61412533,42.098109075391285,True
139748.81601071358,2.117137456424428e-06,2.48139485847787e-06,-1.0072840339603317e-06,2.9613967835903168,129437299.63719736,41.37062981948486,True
140048.81601047516,2.1189082047101235e-06,2.4645170810799755e-06,-9.96491948512812e-07,2.985640227794647,129724732.46215683,40.64536107078996,True
140348.81601047516,2.120625527301663e-06,2.448503494179022e-06,-9.853670732695718e-07,3.010114759206772,130010950.50646791,39.92239889404307,True
140648.81601023674,2.122447376009965e-06,2.4334877082310413e-06,-9.739917317119762e-07,3.034428685903549,130295935.8836675,39.20183875846284,True
140948.81601023674,2.124228559173927e-06,2.419262642661124e-06,-9.622972356737591e-07,3.05894273519516,130579670.41491792,38.48377565127712,True
141248.81600999832,2.1261124394082125e-06,2.405948521300161e-06,-9.503562665713616e-07,3.0833044350147247,130862135.63993531,37.7683041924788,True
141548.81600999832,2.127953722521538e-06,2.393345369000599e-06,-9.38100995995228e-07,3.1078717708587646,131143312.82870714,37.05551873212017,True
141848.81600999832,2.1298615512888743e-06,2.3815384793124394e-06,-9.255858373080628e-07,3.1323785483837128,131423182.99264696,36.34551344966057,True
142148.8160097599,2.1318503457142415e-06,2.3705089802206203e-06,-9.128187059559423e-07,3.1567911207675934,131701726.89586079,35.63838244076149,True
142448.8160097599,2.1337913437531366e-06,2.3600842382620613e-06,-8.997412379585512e-07,3.181424096226692,131978925.06718256,34.93421979839697,True
142748.81600952148,2.1358380602404044e-06,2.3504012176545075e-06,-8.864254184004494e-07,3.2059063613414764,132254757.81119318,34.23311969439443,True
143048.81600952148,2.137850125214328e-06,2.3412790710608533e-06,-8.728083926712316e-07,3.230578124523163,132529205.22015378,33.53517644714556,True
143348.81600952148,2.1398931126665633e-06,2.332761738443878e-06,-8.589210622744758e-07,3.2552818208932877,132802247.18527615,32.84048459360623,True
143648.81600928307,2.1420728092938583e-06,2.3249362754995673e-06,-8.448096764368529e-07,3.279767483472824,133073863.40860367,32.14913895114014,True
143948.81600928307,2.1441988342102157e-06,2.3175743990577757e-06,-8.303917482521683e-07,3.3044896721839905,133344033.41450109,31.461234675374765,True
144248.81600904465,2.146417530442095e-06,2.3108086395495775e-06,-8.157304129952081e-07,3.3291026055812836,133612736.56131059,30.776867320231847,True
144548.81600904465,2.1486077520892047e-06,2.3044881061196065e-06,-8.007748029115191e-07,3.3538931906223297,133879952.05330604,30.09613288571316,True
144848.81600880623,2.15090236708211e-06,2.2987317152001197e-06,-7.855798784817125e-07,3.378550171852112,134145658.95189084,29.419127871577608,True
145148.81600880623,2.153163297412343e-06,2.2933734840080433e-06,-7.700891480055816e-07,3.403398334980011,134409836.18773836,28.745949318754526,True
145448.81600880623,2.155494609079966e-06,2.2885030830366304e-06,-7.543444375812669e-07,3.4281955659389496,134672462.572185,28.076694856271573,True
145748.8160085678,2.1579100720561043e-06,2.284115481643312e-06,-7.383498648039222e-07,3.4529119729995728,134933516.8087532,27.41146273953661,True
146048.8160085678,2.1602866657388754e-06,2.2800642227593926e-06,-7.220576208055718e-07,3.47783362865448,135192977.5053132,26.750351885992394,True
146348.8160083294,2.162771006963232e-06,2.27648416739612e-06,-7.055227975172329e-07,3.502623677253723,135450823.18520415,26.093461913474318,True
146648.8160083294,2.1652281108288994e-06,2.2732180582352157e-06,-6.886945378425935e-07,3.52759325504303,135707032.2992211,25.4408931676362,True
146948.81600809097,2.1677912011109795e-06,2.2703873128193663e-06,-6.71620508541082e-07,3.5524393022060394,135961583.23681858,24.792746755536637,True
147248.81600809097,2.1703251378559817e-06,2.267836151759184e-06,-6.542517674290593e-07,3.577470451593399,136214454.33806428,24.149124567896116,True
147548.81600809097,2.172931314399799e-06,2.265653506583476e-06,-6.366232412347017e-07,3.6024582386016846,136465623.90488142,23.51012930690111,True
147848.81600785255,2.1756231584226694e-06,2.263837757254805e-06,-6.187376122568367e-07,3.627374529838562,136715070.21239913,22.875864505945014,True
148148.81600785255,2.1782806928818797e-06,2.2622506890002114e-06,-6.005544683773678e-07,3.6524896323680878,136962771.5208723,22.246434546937554,True
148448.81600761414,2.1810467501270087e-06,2.261024206973161e-06,-5.821192452515334e-07,3.6774854958057404,137208706.086566,21.621944680145972,True
148748.81600761414,2.1837904671662116e-06,2.2600098645852995e-06,-5.633896122958504e-07,3.702654480934143,137452852.1734609,21.002501033557706,True
149048.81600761414,2.1865728701479733e-06,2.259256120851205e-06,-5.443841892827095e-07,3.727861702442169,137695188.06419227,20.388210627355306,True
149348.81600737572,2.189492455266212e-06,2.258849463032675e-06,-5.251302361841681e-07,3.752893805503845,137935692.0715073,19.779181380454396,True
149648.81600737572,2.1923715799870952e-06,2.258594889781307e-06,-5.055751906013484e-07,3.778140366077423,138174342.54929993,19.17552211427721,True
149948.8160071373,2.195346583713749e-06,2.258617826100817e-06,-4.857568072225149e-07,3.8033061921596527,138411117.90364632,18.577342558730606,True
150248.8160071373,2.198304399089928e-06,2.258789635334324e-06,-4.6564360545175987e-07,3.8286371529102325,138645996.60410684,17.984753347703908,True
150548.81600689888,2.201368235070288e-06,2.259222355860402e-06,-4.4526705877956374e-07,3.85386922955513,138878957.19420752,17.397866019486933,True
150848.81600689888,2.2044139379688114e-06,2.259776522350876e-06,-4.245949654091419e-07,3.8792696595191956,139109978.30275062,16.81679300626763,True
151148.81600689888,2.207500470721797e-06,2.26049883167434e-06,-4.036418808084363e-07,3.9047130942344666,139339038.6542145,16.24164762773177,True
151448.81600666046,2.210724131028609e-06,2.2614738099946408e-06,-3.824284355857799e-07,3.9299989342689514,139566117.0796901,15.672544076549629,True
151748.81600666046,2.213911344495862e-06,2.262512168726971e-06,-3.6091496902201925e-07,3.9554937183856964,139791192.5273766,15.1095974005626,True
152048.81600642204,2.217195352731957e-06,2.2637359506916255e-06,-3.391300307242773e-07,3.980919748544693,140014244.07304516,14.552923486203374,True
152348.81600642204,2.220465483926464e-06,2.265019759306597e-06,-3.1705080694166554e-07,4.006508439779282,140235250.930734,14.002639031387364,True
152648.81600618362,2.223842907228539e-06,2.266473273948577e-06,-2.94700559066996e-07,4.032010525465012,140454192.4626404,13.458861522096326,True
152948.81600618362,2.2272013692667347e-06,2.2679553808302444e-06,-2.720559262314737e-07,4.057687073945999,140671048.18975383,12.92170919799573,True
153248.81600618362,2.23063580143304e-06,2.269548986078007e-06,-2.491340769239514e-07,4.083344787359238,140885797.8017152,12.391301020935073,True
153548.8160059452,2.234158782984745e-06,2.2712535212576768e-06,-2.2593605741860756e-07,4.108960509300232,141098421.16673213,11.867756635020072,True
153848.8160059452,2.2376574145788616e-06,2.2729413728939107e-06,-2.0244543463832088e-07,4.13476374745369,141308898.34189653,11.351196322821506,True
154148.8160057068,2.241265935198685e-06,2.2747349248675164e-06,-1.7868195634207495e-07,4.160485804080963,141517209.582547,10.841740961660367,True
154448.8160057068,2.244860423599364e-06,2.2764953655496356e-06,-1.5462992131176634e-07,4.186375617980957,141723335.35226607,10.339511969404255,True
154748.8160057068,2.2485028697108193e-06,2.2782718929192924e-06,-1.302987335805028e-07,4.212310403585434,141927256.332165,9.844631252271846,False
155048.81600546837,2.25224918122196e-06,2.28010725322747e-06,-1.0569470099142109e-07,4.2381826639175415,142128953.4304412,9.35722114413548,False
155348.81600546837,2.256012154178879e-06,2.281899696754408e-06,-8.081005198334879e-08,4.264165133237839,142328407.79190305,8.877404341563334,False
155648.81600522995,2.259864089726095e-06,2.2837084827642684e-06,-5.565247995775735e-08,4.29011869430542,142525600.80663854,8.405303838301975,False
155948.81600522995,2.263694357278603e-06,2.2854080157230783e-06,-3.021573391492893e-08,4.316257685422897,142720514.1196848,7.9410428494807705,False
156248.81600499153,2.2676343889790476e-06,2.2871170983762568e-06,-4.510519069356178e-09,4.3423314690589905,142913129.63953167,7.484744737429428,False
156548.81600499153,2.2715633550258406e-06,2.288699846531017e-06,2.1467400301844464e-08,4.368571728467941,143103429.54722133,7.036532926965687,False
156848.81600499153,2.2755373926219595e-06,2.290198892751505e-06,4.771214179299932e-08,4.394872218370438,143291396.30476668,6.596530821731742,False
157148.8160047531,2.2796473656591372e-06,2.291691686195918e-06,7.421954606456893e-08,4.421065956354141,143477012.6638823,6.164861712323026,False
157448.8160047531,2.2837290315382223e-06,2.292998715347494e-06,1.0098983072026613e-07,4.447460114955902,143660261.6742856,5.741648680076295,False
157748.8160045147,2.287908326877073e-06,2.294232643862415e-06,1.280183292706738e-07,4.473823219537735,143841126.69194612,5.32701449983603,False
158048.8160045147,2.2920803432738068e-06,2.2952739016091073e-06,1.5530063723900867e-07,4.500348478555679,144019591.38740948,4.92108153328125,False
158348.81600427628,2.2963598343024555e-06,2.296223726716562e-06,1.8283494451765137e-07,4.526829034090042,144195639.75345242,4.523971623320038,False
158648.81600427628,2.3006268961251324e-06,2.296947684499173e-06,2.1061327792892826e-07,4.553482413291931,144369256.11322805,4.135805979125267,False
158948.81600427628,2.304971542602963e-06,2.2975220872467617e-06,2.386343007643177e-07,4.580148458480835,144540425.12777278,3.7567050619347526,False
159248.81600403786,2.309405609147634e-06,2.2979448317528295e-06,2.6689498389131927e-07,4.606808602809906,144709131.8034562,3.3867884637967753,False
159548.81600403786,2.3138217599911743e-06,2.298094699426656e-06,2.9538244161742e-07,4.6336531937122345,144875361.49969813,3.0261747827538827,False
159848.81600379944,2.318347491665785e-06,2.2980854339493817e-06,3.2410107264624344e-07,4.660460650920868,145039099.93589562,2.674981497387852,False
160148.81600379944,2.3228648272280897e-06,2.2977857554451475e-06,3.5303426226818146e-07,4.687436640262604,145200333.19872662,2.3333248338324704,False
160448.81600379944,2.327432637099824e-06,2.2972410818056233e-06,3.8218085451902084e-07,4.714480549097061,145359047.74889982,2.0013196339581585,False
160748.81600356102,2.3321041058712954e-06,2.2964910613154643e-06,4.115414957706065e-07,4.741504341363907,145515230.428011,1.6790792180197849,False
161048.81600356102,2.3367960090341478e-06,2.2954399980790186e-06,4.4109899133282227e-07,4.768650680780411,145668868.46530595,1.366715245003968,False
161348.8160033226,2.3415772419045936e-06,2.294143484959932e-06,4.7085618715136945e-07,4.7958055436611176,145819949.4837637,1.0643375733043896,False
161648.8160033226,2.346342037272454e-06,2.2924846803107357e-06,5.007885534036305e-07,4.823145687580109,145968461.5068243,0.7720541159493871,False
161948.81600308418,2.3512157913841183e-06,2.290575224606073e-06,5.309091747340844e-07,4.850466042757034,146114392.96423772,0.4899706982208782,False
162248.81600308418,2.356082875116029e-06,2.288289635998808e-06,5.611889322687524e-07,4.8779564797878265,146257732.69820523,0.21819091062592574,False
162548.81600308418,2.360996727516655e-06,2.285669296497872e-06,5.916286054744035e-07,4.905530720949173,146398469.9690427,-0.04318403543442984,False
162848.81600284576,2.366044295931785e-06,2.2827881593912025e-06,6.222387853860312e-07,4.933054029941559,146536594.46095395,-0.294055454369175,False
163148.81600284576,2.3710681152851775e-06,2.2794820040417108e-06,6.529760213647151e-07,4.9607758820056915,146672096.28739467,-0.5343273326229883,False
163448.81600260735,2.3761886780245106e-06,2.275858292932753e-06,6.838583905821594e-07,4.98850953578949,146804965.99643824,-0.7639064723940103,False
163748.81600260735,2.3813053317980833e-06,2.271810018328324e-06,7.148513376797894e-07,5.016411513090134,146935194.575997,-0.9827026367896874,False
164048.81600236893,2.386527357047341e-06,2.2674339277273248e-06,7.459731750092402e-07,5.04431626200676,147062773.4586117,-1.1906286904905516,False
164348.81600236893,2.3917439596540164e-06,2.262615055315109e-06,7.771835535130833e-07,5.07239294052124,147187694.52641964,-1.387600740819077,False
164648.81600236893,2.397007342158736e-06,2.25739617576437e-06,8.084857552326241e-07,5.100563228130341,147309950.1156465,-1.5735382737181383,False
164948.8160021305,2.402403465155427e-06,2.2518518960623624e-06,8.398962143552069e-07,5.128703832626343,147429533.02116814,-1.7483642880640116,False
165248.8160021305,2.407776886484069e-06,2.2458279147485882e-06,8.713559684903061e-07,5.1570433378219604,147546436.50066525,-1.9120054260054102,False
165548.8160018921,2.4132466166203256e-06,2.2394314385110192e-06,9.028919065734442e-07,5.185410976409912,147660654.27881464,-2.0643920979583408,False
165848.8160018921,2.4187131380635133e-06,2.232563730331094e-06,9.344591704874006e-07,5.213949918746948,147772180.5512425,-2.205458604504281,False
166148.8160018921,2.424229685067565e-06,2.2252709186432185e-06,9.660639199715604e-07,5.242585390806198,147881009.98816052,-2.3351432513974415,False
166448.81600165367,2.4298480366101083e-06,2.2175975402660697e-06,9.977143626827e-07,5.271247625350952,147987137.73799184,-2.453388459934626,False
166748.81600165367,2.4354876612751216e-06,2.209465890246065e-06,1.02936912727003e-06,5.3000500202178955,148090559.4308228,-2.560140870956527,False
167048.81600141525,2.441214983466488e-06,2.200935369955914e-06,1.0610424148183029e-06,5.328903466463089,148191271.1814099,-2.655351441484079,False
167348.81600141525,2.446927600530198e-06,2.1919110508861195e-06,1.092680923076017e-06,5.357946962118149,148289269.5924314,-2.738975535375475,False
167648.81600117683,2.4527467617558786e-06,2.182503351377818e-06,1.1243227668877864e-06,5.387020409107208,148384551.75721613,-2.810973005523373,False
167948.81600117683,2.4585604226936605e-06,2.1726112322539848e-06,1.1559084200918335e-06,5.41627237200737,148477115.26241797,-2.871308269020081,False
168248.81600117683,2.4644202328985006e-06,2.1622830104206514e-06,1.187447616679549e-06,5.445636004209518,148566958.19047907,-2.9199503735717576,False
168548.81600093842,2.4704105632344295e-06,2.151595623445246e-06,1.21896802696142e-06,5.475007355213165,148654079.12197807,-2.9568730558845018,False
168848.81600093842,2.476378454731086e-06,2.1404160861493438e-06,1.2503872692803952e-06,5.504580020904541,148738477.13759804,-2.9820547911014317,False
169148.8160007,2.482440775526854e-06,2.128851463112369e-06,1.2817487027305674e-06,5.534210562705994,148820151.82019868,-2.9954788334522124,False
169448.8160007,2.4884995638526223e-06,2.1168206671973167e-06,1.3129929148369968e-06,5.564019292593002,148899103.25648257,-2.997133247680788,False
169748.81600046158,2.494660936823896e-06,2.104421184867533e-06,1.3441614861164908e-06,5.593880623579025,148975332.0385279,-2.9870109314270183,False
170048.81600046158,2.5008169584879047e-06,2.0915661309572897e-06,1.3751880185708387e-06,5.623923569917679,149048839.2651429,-2.96510962796935,False
170348.81600046158,2.5070181436066545e-06,2.0783062382179196e-06,1.4060867417065026e-06,5.654089272022247,149119626.54304266,-2.931431930021073,False
170648.81600022316,2.5133482377545515e-06,2.0647190126510395e-06,1.436893012574103e-06,5.684285134077072,149187695.98786038,-2.8859852738985157,False
170948.81600022316,2.5196553893174638e-06,2.0506853388724267e-06,1.4675132744557118e-06,5.7146841287612915,149253050.22478294,-2.828781924111875,False
171248.81599998474,2.5260556108753103e-06,2.0363108887977432e-06,1.4980014189092117e-06,5.7451587319374084,149315692.38933524,-2.7598389495823934,False
171548.81599998474,2.532451523182356e-06,2.021525176587602e-06,1.5282917105174931e-06,5.775816112756729,149375626.12765905,-2.6791781895858606,False
171848.81599998474,2.538895075499786e-06,2.006381464525475e-06,1.5584035981675015e-06,5.806600749492645,149432855.59676287,-2.586826211980238,False
172148.81599974632,2.5454368978721137e-06,1.9909307980015e-06,1.5883582862308288e-06,5.837461560964584,149487385.46452662,-2.482814261972027,False
172448.81599974632,2.5519980939365826e-06,1.9751211937091284e-06,1.618099392697303e-06,5.8684834241867065,149539220.9095089,-2.3671782022899905,False
172748.8159995079,2.5586436200726625e-06,1.959015833108424e-06,1.6476579585145146e-06,5.899600982666016,149588367.62055933,-2.239958446363785,False
173048.8159995079,2.5652729317326767e-06,1.9425487209900894e-06,1.6769622499523962e-06,5.930915951728821,149634831.79630765,-2.101199882441273,False
173348.8159992695,2.5720049116211392e-06,1.925824676618504e-06,1.7060794506029708e-06,5.962312638759613,149678620.14434737,-1.95095179073545,False
173648.8159992695,2.5787287625208375e-06,1.9087721341293218e-06,1.7349302534608313e-06,5.993899792432785,149719739.8802131,-1.7892677531864138,False
173948.8159992695,2.5854992436459774e-06,1.8914467432296078e-06,1.7635423075201828e-06,6.025625079870224,149758198.72635823,-1.6162055580763084,False
174248.81599903107,2.5923662111394922e-06,1.8738989240318915e-06,1.7919424919465854e-06,6.057445287704468,149794004.910729,-1.431827096866738,False
174548.81599903107,2.5992510605202614e-06,1.8560844807780086e-06,1.8200713967075899e-06,6.089434206485748,149827167.1651781,-1.2361982553211006,False
174848.81599879265,2.6062184668600946e-06,1.8380648043603287e-06,1.8479672330151686e-06,6.12153548002243,149857694.72376603,-1.0293888012162151,False
175148.81599879265,2.613168222812142e-06,1.8197825966126402e-06,1.8755542237069989e-06,6.153837442398071,149885597.3207467,-0.8114722646565036,False
175448.81599855423,2.6202186354757063e-06,1.8013367650837608e-06,1.9029101187006958e-06,6.186240524053574,149910885.18855703,-0.5825258172243187,False
175748.81599855423,2.627259888805312e-06,1.7826650378083286e-06,1.929951689905174e-06,6.21883749961853,149933569.05526605,-0.3426301441626409,False
176048.81599855423,2.634342213436141e-06,1.7638178633205825e-06,1.9567098432649033e-06,6.251587212085724,149953660.142208,-0.09186931661861776,False
176348.8159983158,2.6415481989392263e-06,1.744865528507944e-06,1.9832417638698807e-06,6.28442844748497,149971170.1611916,0.16966934088079344,False
176648.8159983158,2.648727651017854e-06,1.7257216313737445e-06,2.0094328024300445e-06,6.317478239536285,149986111.31138682,0.44189538534743006,False
176948.8159980774,2.6559951751380656e-06,1.7064775192920933e-06,2.035365011532342e-06,6.350651353597641,149998496.27646714,0.7247153891620572,False
177248.8159980774,2.6632542192607024e-06,1.6870849322003778e-06,2.060962392302912e-06,6.384019613265991,150008338.22099844,1.018033078947179,False
177548.8159980774,2.6705560708487897e-06,1.6675923859565955e-06,2.0862610183858266e-06,6.417546629905701,150015650.7870829,1.321749471151741,False
177848.81599783897,2.67795078236959e-06,1.648045667934639e-06,2.1112979680104615e-06,6.451200067996979,150020448.0905383,1.6357630103458218,False
178148.81599783897,2.685360002259289e-06,1.6284097625884897e-06,2.1360107165246944e-06,6.485035270452499,150022744.7168686,1.9599697073276112,False
178448.81599760056,2.6928481020890796e-06,1.6087385574792279e-06,2.1604486977189197e-06,6.519011318683624,150022555.71727815,2.294263273590534,False
178748.81599760056,2.7003150708050612e-06,1.5889857536421914e-06,2.184531178617277e-06,6.553192973136902,150019896.6041356,2.638535258866864,False
179048.81599736214,2.7078788648053563e-06,1.5692358488195168e-06,2.2083520767601783e-06,6.587508201599121,150014783.3466684,2.992675182324285,False
179348.81599736214,2.7154292058314736e-06,1.5494375418256823e-06,2.231821909504106e-06,6.62202462553978,150007232.36592042,3.3565706667326016,False
179648.81599736214,2.7230203872625645e-06,1.5296363926609047e-06,2.25498457151474e-06,6.656710654497147,149997260.53006512,3.730107565444995,False
179948.81599712372,2.7307019253043348e-06,1.50987301594796e-06,2.2778816806123814e-06,6.691541254520416,149984885.14914688,4.113170089872357,False
180248.81599712372,2.7383953979604494e-06,1.4901160625413468e-06,2.300449176040331e-06,6.726561009883881,149970123.96963128,4.505640934022868,False
180548.8159968853,2.746165181861862e-06,1.4704133377563267e-06,2.322741977422993e-06,6.761737793684006,149952995.16907755,4.907401392273646,False
180848.8159968853,2.75391112035799e-06,1.4507232322102936e-06,2.3446769024104697e-06,6.797122567892075,149933517.3501374,5.318331478650246,False
181148.81599664688,2.761751181585816e-06,1.4311206086858874e-06,2.3663554920005936e-06,6.832659661769867,149911709.5349092,5.738310036603576,False
181448.81599664688,2.7695755398362155e-06,1.4115596513875062e-06,2.387685934301942e-06,6.868401050567627,149887591.15845674,6.167214850548667,False
181748.81599664688,2.777434293090452e-06,1.3920782180321112e-06,2.4087129402161622e-06,6.90432408452034,149861182.06276757,6.604922747447746,False
182048.81599640846,2.7854099217090804e-06,1.372728121395994e-06,2.4295108147498468e-06,6.9403983652591705,149832502.49010575,7.0513096976125595,False
182348.81599640846,2.793352053743695e-06,1.3534452705243893e-06,2.4499514612585926e-06,6.976684808731079,149801573.07610264,7.506250911081618,False
182648.81599617004,2.80137522847747e-06,1.33429637116933e-06,2.470137732579758e-06,7.01314115524292,149768414.8431876,7.969620924910165,False
182948.81599617004,2.80938268147451e-06,1.315245413024968e-06,2.4899874784267695e-06,7.049802839756012,149733049.19308758,8.441293691742647,False
183248.81599617004,2.817425003721798e-06,1.2963267579380044e-06,2.509548322038313e-06,7.086652725934982,149695497.8998214,8.921142657127247,False
183548.81599593163,2.8255565753285287e-06,1.2775745688031748e-06,2.5288724128103013e-06,7.123676300048828,149655783.10206458,9.409040835733167,False
183848.81599593163,2.833665675848511e-06,1.2589476057200955e-06,2.5478634437803294e-06,7.1609079241752625,149613927.29530045,9.904860882452494,False
184148.8159956932,2.841888871705438e-06,1.2405155871419993e-06,2.5666480052422003e-06,7.198311895132065,149569953.32427436,10.40847515372239,True
184448.8159956932,2.8500752578316957e-06,1.2222215843848971e-06,2.5850937515059513e-06,7.235928267240524,149523884.37450173,10.919755770188416,True
184748.8159954548,2.8583397470313285e-06,1.204123833531412e-06,2.603308796977899e-06,7.273730754852295,149475743.96442342,11.438574666587556,True
185048.8159954548,2.8665851429780727e-06,1.1861902464715968e-06,2.621208663455832e-06,7.3117411732673645,149425555.93654442,11.964803643526325,True
185348.8159954548,2.874862778787998e-06,1.1684511207477044e-06,2.638844250668626e-06,7.349949270486832,149373344.44914013,12.498314406851378,True
185648.81599521637,2.883223003651446e-06,1.1509345654303615e-06,2.6562664299234484e-06,7.388348549604416,149319133.9672915,13.038978606008945,True
185948.81599521637,2.8915867259959998e-06,1.1336172747178352e-06,2.673406799047484e-06,7.426953822374344,149262949.253728,13.586667866909124,True
186248.81599497795,2.900018718645606e-06,1.1165324167450308e-06,2.69032987532114e-06,7.465757042169571,149204815.3599954,14.141253814472062,True
186548.81599497795,2.9084179241090904e-06,1.099650063451918e-06,2.706946194308557e-06,7.504771292209625,149144757.61669415,14.702608096582347,True
186848.81599497795,2.9168491183927635e-06,1.0830031271780172e-06,2.7233204846766057e-06,7.54398912191391,149082801.6243045,15.270602395234508,True
187148.81599473953,2.925363252437344e-06,1.0666179832696798e-06,2.7395053159295912e-06,7.583409339189529,149018973.2433185,15.8451084368327,True
187448.81599473953,2.9338525714228308e-06,1.0504640499675588e-06,2.7554043278144036e-06,7.623039662837982,148953298.58419755,16.425997996831835,True
187748.8159945011,2.94242124694949e-06,1.034586489367939e-06,2.771120239941638e-06,7.66287687420845,148885803.99770072,17.01314289352686,True
188048.8159945011,2.950989894336178e-06,1.0189661452386645e-06,2.7865830105611167e-06,7.7029246389865875,148816516.06423295,17.606414983650566,True
188348.8159942627,2.9596235421602566e-06,1.0036335993390821e-06,2.801858983048078e-06,7.743183970451355,148745461.58390263,18.205686143993894,True
188648.8159942627,2.968220623452055e-06,9.885643805773725e-07,2.8168564689678988e-06,7.783653527498245,148672667.56553924,18.810828255191534,True
188948.8159942627,2.9768461750580645e-06,9.737894117733958e-07,2.831641882750091e-06,7.824335277080536,148598161.21637863,19.421713171778986,True
189248.81599402428,2.985552103715869e-06,9.593342156222207e-07,2.8462697230224876e-06,7.865234792232513,148521969.9310432,20.03821269134063,True
189548.81599402428,2.9942256903683927e-06,9.451735820675822e-07,2.8606369646411167e-06,7.906343966722488,148444121.2803629,20.660198517474207,True
189848.81599378586,3.0030052561048626e-06,9.313599775850889e-07,2.874880941305946e-06,7.947679042816162,148364643.0006062,21.28754221090191,True
190148.81599378586,3.0117378031391297e-06,9.178583297853038e-07,2.8888594592046957e-06,7.989222139120102,148283562.9817398,21.920115142356938,True
190448.81599354744,3.020539820226292e-06,9.047146249940852e-07,2.902689168138295e-06,8.03099063038826,148200909.25641754,22.55778842974929,True
190748.81599354744,3.0293126687608687e-06,8.919126059936389e-07,2.9162795840420586e-06,8.072968810796738,148116709.98794833,23.2004328774151,True
191048.81599354744,3.03810846279578e-06,8.794801829026255e-07,2.9296854613392043e-06,8.11516585946083,148030993.4589735,23.847918899818758,True
191348.81599330902,3.0469782378447874e-06,8.674449532009021e-07,2.9429607302233762e-06,8.157594323158264,147943788.05944502,24.50011644335306,True
191648.81599330902,3.0558418034570583e-06,8.557992714486318e-07,2.956032204792791e-06,8.20023861527443,147855122.27446392,25.15689490043876,True
191948.8159930706,3.064764934677692e-06,8.445762773590104e-07,2.968968043859377e-06,8.243115037679672,147765024.67260537,25.81812300992556,True
192248.8159930706,3.07364492929318e-06,8.337659664903185e-07,2.9816726119236137e-06,8.286197543144226,147673523.893208,26.483668757394543,True
192548.8159930706,3.0825476260126893e-06,8.23403524918831e-07,2.994213982532301e-06,8.329503387212753,147580648.6344501,27.15339925806543,True
192848.81599283218,3.091524970896613e-06,8.135208418025286e-07,3.0066468994505158e-06,8.37305098772049,147486427.640736,27.827180636035134,True
193148.81599283218,3.1004673139200672e-06,8.041114369916613e-07,3.0188682700327263e-06,8.41680583357811,147390889.6899688,28.50487789359989,True
193448.81599259377,3.1094807922182366e-06,7.952234284402948e-07,3.030985521235152e-06,8.460804760456085,147294063.5813013,29.18635476414135,True
193748.81599259377,3.1184846291607337e-06,7.868612783568096e-07,3.042923289342525e-06,8.505020648241043,147195978.1219171,29.87147356262909,True
194048.81599235535,3.1275451776339737e-06,7.790665677021025e-07,3.0547499569877345e-06,8.54947915673256,147096662.1146912,30.56009501481299,True
194348.81599235535,3.13655899690759e-06,7.718434176240407e-07,3.066367366244549e-06,8.59413930773735,146996144.3447642,31.252078082976627,True
194648.81599235535,3.1455924625566675e-06,7.652375870748074e-07,3.077843565790772e-06,8.639027625322342,146894453.56695616,31.947279769202687,True
194948.81599211693,3.154698642883056e-06,7.592935844513704e-07,3.0892335232124424e-06,8.684170097112656,146791618.4925256,32.64555490994559,True
195248.81599211693,3.1637627243620502e-06,7.540213857737399e-07,3.100426994251393e-06,8.729514330625534,146687667.77585465,33.346755954868506,True
195548.8159918785,3.172925902900566e-06,7.49490340012926e-07,3.1115650855895183e-06,8.775129586458206,146582630.00161603,34.050732722584,True
195848.8159918785,3.1820322488883125e-06,7.45708518934407e-07,3.1224963521481186e-06,8.820938497781754,146476533.67111808,34.75733214741545,True
196148.8159916401,3.19120078701544e-06,7.427467778597929e-07,3.133339539829194e-06,8.867003113031387,146369407.18937296,35.46639799637176,True
196448.8159916401,3.2003310326111914e-06,7.406329700643255e-07,3.143996934795723e-06,8.91326954960823,146261278.8513204,36.17777057479188,True
196748.8159916401,3.2094756704705403e-06,7.394317833586683e-07,3.15452120247528e-06,8.959766000509262,146152176.8288288,36.89128639959357,True
197048.81599140167,3.218691550163802e-06,7.392128509309259e-07,3.1649688239099305e-06,9.006527334451675,146042129.15709284,37.60677785362346,True
197348.81599140167,3.2278624271124625e-06,7.40015309474984e-07,3.175224897233875e-06,9.053484916687012,145931163.72102764,38.32407281291333,True
197648.81599116325,3.237130878617055e-06,7.419369012495736e-07,3.185429427787767e-06,9.100727528333664,145819308.24215364,39.04299423817357,True
197948.81599116325,3.2463397070701685e-06,7.450201167102932e-07,3.1954257906363637e-06,9.148155510425568,145706590.26475903,39.76335974380712,True
198248.81599116325,3.2555527050752297e-06,7.49359060137067e-07,3.2052748082378457e-06,9.19580939412117,145593037.14270923,40.48498112253584,True
198548.81599092484,3.264837694298818e-06,7.550559075752972e-07,3.215040557336124e-06,9.24373608827591,145478676.02583802,41.20766383867174,True
198848.81599092484,3.274079452334657e-06,7.621830775406124e-07,3.224605357843302e-06,9.291856229305267,145363533.84633717,41.93120648029726,True
199148.81599068642,3.2833874327610035e-06,7.70867700339295e-07,3.234072501356877e-06,9.340247839689255,145247637.30566058,42.65540016044073,True
199448.81599068642,3.292679176470983e-06,7.812065803136647e-07,3.2433545058552227e-06,9.388851642608643,145131012.86066294,43.380027879129294,True
199748.815990448,3.3020228871737095e-06,7.933381311886478e-07,3.252511504570066e-06,9.437719225883484,145013686.71069747,44.104863822708516,True
200048.815990448,3.311312967609124e-06,8.073749597770075e-07,3.261430464363002e-06,9.486768364906311,144895684.78376916,44.8296726156912,True
200348.815990448,3.3206177195792045e-06,8.234783877014706e-07,3.2701685768188327e-06,9.53605142235756,144777032.72361663,45.55420850104548,True
200648.81599020958,3.3299918410426297e-06,8.418209063165705e-07,3.2787678847512325e-06,9.58561435341835,144657755.8763307,46.2782144592371,True
200948.81599020958,3.3393180394746432e-06,8.62550763258696e-07,3.2870983588395575e-06,9.635359555482864,144537879.2770246,47.00142125406414,True
201248.81598997116,3.3487413678616515e-06,8.858910973685852e-07,3.295287029914107e-06,9.685411274433136,144417427.6370254,47.72354639298296,True
201548.81598997116,3.358102409627921e-06,9.120116146732471e-07,3.303157541267865e-06,9.73563039302826,144296425.3305696,48.444293011546705,True
201848.81598973274,3.367523579566921e-06,9.411662347247329e-07,3.3108091628264447e-06,9.786125421524048,144174896.38211945,49.16334865539425,True
202148.81598973274,3.3769022363760664e-06,9.735743731198454e-07,3.3181156737782658e-06,9.836802273988724,144052864.4532014,49.88038397350541,True
202448.81598973274,3.3862927615748986e-06,1.0095149605149345e-06,3.32510242628814e-06,9.887709736824036,143930352.82999915,50.59505129600032,True
202748.81598949432,3.3957539938305285e-06,1.049292734478513e-06,3.331795021210837e-06,9.938904464244843,143807384.4105767,51.306983105170794,True
203048.81598949432,3.4051670685901562e-06,1.0931888425602665e-06,3.3380394413029535e-06,9.99027156829834,143683981.69226053,52.015790386601196,True
203348.8159892559,3.4146788016978376e-06,1.141584505148785e-06,3.3439383955169433e-06,10.04195550084114,143560166.75952148,52.72106084762627,True
203648.8159892559,3.4241283287652797e-06,1.1947997791139642e-06,3.3492861959416587e-06,10.093794703483582,143435961.27152133,53.42235701303306,True
203948.8159892559,3.43358161843186e-06,1.2532499340522918e-06,3.3540941402065982e-06,10.145853787660599,143311386.45018086,54.119214174295784,True
204248.8159890175,3.443108783757184e-06,1.3173860509141377e-06,3.358370456396642e-06,10.198206186294556,143186463.0681703,54.81113820511587,True
204548.8159890175,3.4525920769404406e-06,1.3876278615043702e-06,3.3619312986843397e-06,10.250726789236069,143061211.43704766,55.497603235920174,True
204848.81598877907,3.462144367221762e-06,1.4645078465491679e-06,3.364810382322503e-06,10.303536087274551,142935651.39591154,56.17804918353169,True
205148.81598877907,3.471681558406744e-06,1.5485206859011669e-06,3.3668390670982262e-06,10.356542110443115,142809802.29964426,56.85187915738194,True
205448.81598854065,3.481274257003766e-06,1.6402535720771994e-06,3.367989435787422e-06,10.409822434186935,142683683.00809652,57.51845673538419,True
205748.81598854065,3.4908146307565283e-06,1.740250354487216e-06,3.368048297147652e-06,10.46325346827507,142557311.8746229,58.177103146621604,True
206048.81598854065,3.5003733721205857e-06,1.8491602702397358e-06,3.366963824191771e-06,10.51691347360611,142430706.7355489,58.82709436996963,True
206348.81598830223,3.5100066448837754e-06,1.9676586475725344e-06,3.364655761117774e-06,10.5708689391613,142303884.89946517,59.467658201039136,True
206648.81598830223,3.5195991589259974e-06,2.0963538531759696e-06,3.36086370822386e-06,10.624981254339218,142176863.1367186,60.0979713324283,True
206948.8159880638,3.529264630979899e-06,2.2359871536536957e-06,3.3555323355471955e-06,10.679386526346207,142049657.6694669,60.71715650885643,True
207248.8159880638,3.538918435473554e-06,2.387193944741739e-06,3.3483989270166603e-06,10.733980625867844,141922284.16145054,61.32427985703462,True
207548.8159878254,3.5486321636302295e-06,2.550691533542704e-06,3.339333005669687e-06,10.788850963115692,141794757.70867628,61.91834848127394,True
207848.8159878254,3.5582970689081886e-06,2.7270517932720395e-06,3.328014805958901e-06,10.843858242034912,141667092.82958433,62.49830847518751,True
208148.8159878254,3.567984856013623e-06,2.916917168249711e-06,3.314278025356998e-06,10.89909079670906,141539303.45611912,63.06304349433177,True
208448.81598758698,3.5777531726101554e-06,3.120858536931337e-06,3.2979240955910427e-06,10.954623848199844,141411402.92474753,63.61137409402498,True
208748.81598758698,3.58748117515651e-06,3.3391973488505755e-06,3.2785714978444958e-06,11.010295748710632,141283403.96773165,64.14205804837681,True
209048.81598734856,3.597320379549711e-06,3.5723459745895525e-06,3.256076510638195e-06,11.066308796405792,141155318.70487267,64.6537918966824,True
209348.81598734856,3.607106186604382e-06,3.820254278252833e-06,3.2299922594347663e-06,11.12243714928627,141027158.63540825,65.14521400483777,True
209648.81598734856,3.6169070931840033e-06,4.082858964693514e-06,3.200078410259266e-06,11.178771406412125,140898934.63019288,65.61490941895805,True
209948.81598711014,3.626795960294125e-06,4.359851004664961e-06,3.166092881201621e-06,11.235411882400513,140770656.92420992,66.06141681824576,True
210248.81598711014,3.636652468426615e-06,4.650388461868715e-06,3.127625845422699e-06,11.292186826467514,140642335.10936406,66.48323784049703,True
210548.81598687172,3.6465934597152004e-06,4.953544760155637e-06,3.0844885401393185e-06,11.349260866641998,140513978.1277142,66.87884901354202,True
210848.81598687172,3.6565331938506554e-06,5.267748633741576e-06,3.036336678974294e-06,11.40650823712349,140385594.26472846,67.24671646606987,True
211148.8159866333,3.666545113189176e-06,5.591210623379084e-06,2.982994914191295e-06,11.464034229516983,140257191.14334643,67.58531346003068,True
211448.8159866333,3.676519045801869e-06,5.9214383441030805e-06,2.924179057117726e-06,11.521672189235687,140128775.71776065,67.89314066194657,True
211748.8159866333,3.6865285559384423e-06,6.255774280816695e-06,2.8598142307600938e-06,11.579528123140335,140000354.26801428,68.16874886493119,True
212048.81598639488,3.6966321979435063e-06,6.591159376512223e-06,2.789877470377178e-06,11.637690216302872,139871932.39475107,68.41076368016616,True
212348.81598639488,3.7067121819096016e-06,6.923889799281824e-06,2.7142893799236845e-06,11.69597414135933,139743515.0142714,68.61791148035604,True
212648.81598615646,3.7168863217070952e-06,7.250417240811657e-06,2.6332402853768144e-06,11.754560321569443,139615106.35406426,68.78904566498665,True
212948.81598615646,3.727068282488053e-06,7.566682086235232e-06,2.5468630298064454e-06,11.813310891389847,139486709.94847852,68.92317214579856,True
213248.81598591805,3.737332637186818e-06,7.868920590681228e-06,2.4555055517794244e-06,11.872341364622116,139358328.63512704,69.01947282609967,True
213548.81598591805,3.7475682241472514e-06,8.153130352184235e-06,2.3594854923203457e-06,11.931469410657883,139229964.5511384,69.07732583752703,True
213848.81598591805,3.7578497116564936e-06,8.415975202069603e-06,2.2593383732782968e-06,11.990810990333557,139101619.1301531,69.09632137531479,True
214148.81598567963,3.768237221618937e-06,8.654533331764469e-06,2.1556631963903783e-06,12.050463765859604,138973293.09957525,69.07627218128121,True
214448.81598567963,3.7786071740437307e-06,8.866015633657298e-06,2.0490156487085187e-06,12.110218107700348,138844986.47816387,69.01721801964656,True
214748.8159854412,3.789116443523645e-06,9.048908538034084e-06,1.9401618516212693e-06,12.170335531234741,138716698.57394475,68.91942386691301,True
215048.8159854412,3.7995963402755956e-06,9.201632508393232e-06,1.8297158845825834e-06,12.230525463819504,138588427.9827644,68.78337194146395,True
215348.8159854412,3.8101182417846678e-06,9.323871069000234e-06,1.7184322445018552e-06,12.290904611349106,138460172.58676383,68.60974808879622,True
215648.8159852028,3.820758093709797e-06,9.416007287654793e-06,1.6070469825990585e-06,12.351602107286453,138331929.5535598,68.39942336952168,True
215948.8159852028,3.831392065380543e-06,9.478557814190935e-06,1.4961765799625937e-06,12.412397146224976,138203695.3357677,68.15343193677704,True
216248.81598496437,3.842146284693086e-06,9.51318634179188e-06,1.3865016654790452e-06,12.473508656024933,138075465.67076764,67.87294642175462,True
216548.81598496437,3.852895463574082e-06,9.521376227894507e-06,1.278544374372359e-06,12.534708768129349,137947235.5809923,67.55925205744732,True
216848.81598472595,3.863798690524237e-06,9.505636853646138e-06,1.172867214904727e-06,12.596280872821808,137818999.37437677,67.21372069887141,True
217148.81598472595,3.874685612553968e-06,9.467888986591788e-06,1.0698495458427715e-06,12.657910764217377,137690750.64561933,66.83778573018692,True
217448.81598472595,3.885628801913643e-06,9.410769564510701e-06,9.698829188664604e-07,12.719725221395493,137562482.277198,66.43291865913056,True
217748.81598448753,3.896705322442971e-06,9.33695247340438e-06,8.732821470402996e-07,12.78186383843422,137434186.4412084,66.00060796494124,True
218048.81598448753,3.907790942180794e-06,9.248584831311746e-06,7.802449601967965e-07,12.84408986568451,137305854.60153386,65.54234055694373,True
218348.81598424911,3.919008581428763e-06,9.148302382300244e-06,6.909670133836698e-07,12.906630367040634,137177477.5161767,65.059586009134,True
218648.81598424911,3.930270031577342e-06,9.038096749236502e-06,6.055415155969968e-07,12.969313740730286,137049045.2401309,64.55378356300352,True
218948.81598424911,3.941590480835083e-06,8.920032257719868e-06,5.240360110292386e-07,13.032162338495255,136920547.12869567,64.02633178692264,True
219248.8159840107,3.953043756513071e-06,8.796112268782963e-06,4.4648181329876024e-07,13.09531569480896,136791971.84080237,63.47858067492631,True
219548.8159840107,3.964520075733291e-06,8.66773228835882e-06,3.728491364540787e-07,13.158553540706635,136663307.34310123,62.91182592729635,True
219848.81598377228,3.976144270444982e-06,8.536613080423194e-06,3.031081234894373e-07,13.222117066383362,136534540.91412908,62.32730513148314,True
220148.81598377228,3.987794520371652e-06,8.403749234275892e-06,2.3717837649428475e-07,13.285758584737778,136405659.14906988,61.7261955423967,True
220448.81598353386,3.999594959974519e-06,8.270486148376222e-06,1.7498307869345808e-07,13.349721521139145,136276647.96457115,61.109613197256245,True
220748.81598353386,4.011456649724996e-06,8.137554686982185e-06,1.1641458286248962e-07,13.413821369409561,136147492.6041672,60.478613093241336,True
221048.81598353386,4.023395205260357e-06,8.00575975290485e-06,6.136323804639687e-08,13.478082925081253,136018177.64402494,59.83419021264995,True
221348.81598329544,4.035485652719219e-06,7.875887121144842e-06,9.712429971386882e-09,13.54265582561493,135888686.99872333,59.177281183415104,True
221648.81598329544,4.04761705997831e-06,7.748238033400412e-06,-3.866303188715392e-08,13.60730430483818,135759003.92778796,58.50876640913972,True
221948.81598305702,4.0599168047702505e-06,7.623474914453254e-06,-8.388688854665816e-08,13.672288835048676,135629111.04219094,57.8294725319778,True
222248.81598305702,4.072256752452663e-06,7.501681750454736e-06,-1.2608380473011493e-07,13.737333625555038,135498990.31153977,57.14017509887555,True
222548.8159828186,4.084802072896758e-06,7.383414470041316e-06,-1.6538017177936126e-07,13.802783757448196,135368623.07104295,56.44160135427085,True
222848.8159828186,4.09737737308818e-06,7.268536364790634e-06,-2.018934068814815e-07,13.86825880408287,135237990.02963483,55.73443306845793,True
223148.8159828186,4.110058406897185e-06,7.157316588290996e-06,-2.3574272489668147e-07,13.933913856744766,135107071.27734756,55.01930936190305,True
223448.81598258018,4.122925791167836e-06,7.0499758635378384e-06,-2.670462038167898e-07,13.999918073415756,134975846.29372784,54.29682946907761,True
223748.81598258018,4.135851605073009e-06,6.94633610009987e-06,-2.9590741235097084e-07,14.065986633300781,134844293.95648578,53.56755541607581,True
224048.81598234177,4.1489639983859654e-06,6.84662541061698e-06,-3.22438403088654e-07,14.132394164800644,134712392.54998884,52.8320145961587,True
224348.81598234177,4.162172327642598e-06,6.750675879629853e-06,-3.4673382032224254e-07,14.198934674263,134580119.77451867,52.09070221430567,True
224648.81598234177,4.175493068540215e-06,6.658479719590105e-06,-3.688895091613631e-07,14.265636652708054,134447452.75560936,51.34408360971105,True
224948.81598210335,4.189003575794921e-06,6.570105796299686e-06,-3.890016131435914e-07,14.332667708396912,134314368.05341122,50.592596437601586,True
225248.81598210335,4.202590755130856e-06,6.485307750381253e-06,-4.0714624560678203e-07,14.399765625596046,134180841.67277525,49.83665271551098,True
225548.81598186493,4.216384772425243e-06,6.404210182608949e-06,-4.23414746819617e-07,14.46721938252449,134046849.07309228,49.07664074211414,True
225848.81598186493,4.230259901940694e-06,6.326534474965229e-06,-4.3787167669506744e-07,14.534734323620796,133912365.17889483,48.312926877282976,True
226148.8159816265,4.244345685824387e-06,6.252384537219768e-06,-4.50599983992106e-07,14.602601870894432,133777364.39008416,47.54585720724788,True
226448.8159816265,4.2585503998545135e-06,6.181527567150624e-06,-4.616578479499367e-07,14.670603439211845,133641820.5929361,46.77575908129849,True
226748.8159816265,4.272890972715702e-06,6.11389202731516e-06,-4.7110921741477796e-07,14.738769546151161,133505707.17106907,46.00294254544186,True
227048.8159813881,4.287446004051362e-06,6.049490878012875e-06,-4.790205281324234e-07,14.807279169559479,133368997.01640491,45.22770166441954,True
227348.8159813881,4.302100800283157e-06,5.9880617016006e-06,-4.854349384686429e-07,14.875853583216667,133231662.54082203,44.45031574491055,True
227648.81598114967,4.31698858576069e-06,5.929692179051926e-06,-4.904170651798267e-07,14.944802060723305,133093675.68743227,43.67105047291674,True
227948.81598114967,4.331976609912949e-06,5.874100708069818e-06,-4.940008935250262e-07,15.013799905776978,132955007.9426673,42.89015895624073,True
228248.81598091125,4.347237568281886e-06,5.821426213969971e-06,-4.962486741533212e-07,15.083255529403687,132815630.34769501,42.107882697674505,True
228548.81598091125,4.362589419425672e-06,5.771328488890504e-06,-4.971827678446061e-07,15.152720764279366,132675513.51119196,41.324452484805626,True
228848.81598091125,4.37811171106406e-06,5.723823960579466e-06,-4.96849828834911e-07,15.222380071878433,132534627.62084343,40.54008922155796,True
229148.81598067284,4.393889255696988e-06,5.678933405306452e-06,-4.952941665692379e-07,15.292433306574821,132392942.45598675,39.75500469100709,True
229448.81598067284,4.409788545162473e-06,5.636396309682823e-06,-4.925349870177342e-07,15.362544536590576,132250427.40030967,38.96940226070196,True
229748.81598043442,4.425949293299291e-06,5.596308426447649e-06,-4.886170756890351e-07,15.433050811290741,132107051.45404175,38.18347754141462,True
230048.81598043442,4.4422360362429946e-06,5.558416205531103e-06,-4.835548423898217e-07,15.503607407212257,131962783.24712692,37.397418987798886,True
230348.81598043442,4.458757024609871e-06,5.522778394606576e-06,-4.773851784989347e-07,15.57447612285614,131817591.05155894,36.61140846384023,True
230648.815980196,4.475530653645081e-06,5.4893409924261505e-06,-4.701334646028954e-07,15.64569590985775,131671442.79479602,35.82562176093406,True
230948.815980196,4.4924346532403505e-06,5.457880945414217e-06,-4.618098259356884e-07,15.716949954628944,131524306.07255097,35.040229078304385,True
231248.81597995758,4.509623319467725e-06,5.428517113159614e-06,-4.524489085611094e-07,15.788620844483376,131376148.16163743,34.25539547510033,True
231548.81597995758,4.526961694436448e-06,5.401018825068604e-06,-4.420564252427539e-07,15.860356271266937,131226936.03362301,33.47128128125831,True
231848.81597971916,4.544586855620352e-06,5.375485926606416e-06,-4.3066118848855695e-07,15.932498425245285,131076636.36755446,32.68804248926619,True
232148.81597971916,4.5624032630428855e-06,5.351742288439709e-06,-4.182696571319866e-07,16.004793852567673,130925215.56356204,31.905831109051178,True
232448.81597971916,4.580429290029392e-06,5.329750734972549e-06,-4.0489710428914805e-07,16.077279537916183,130772639.75611071,31.12479550765556,True
232748.81597948074,4.598748310048223e-06,5.309550886067882e-06,-3.9056200051845735e-07,16.150164291262627,130618874.8271002,30.345080720009108,True
233048.81597948074,4.6172405267016155e-06,5.290948791980554e-06,-3.7526569585111247e-07,16.223125755786896,130463886.41955578,29.56682873888244,True
233348.81597924232,4.636046739397376e-06,5.27405353523136e-06,-3.5902787232089395e-07,16.296523615717888,130307639.95064603,28.79017879193266,True
233648.81597924232,4.655028082435498e-06,5.258655477291541e-06,-3.418468317306633e-07,16.36998289823532,130150100.62549308,28.01526759175214,True
233948.8159790039,4.674367181899957e-06,5.2449124723352725e-06,-3.2374133240864467e-07,16.44397723674774,129991233.44995864,27.2422295796343,True
234248.8159790039,4.693873007466456e-06,5.232561875345709e-06,-3.0470514644775903e-07,16.517989739775658,129831003.24484663,26.471197144400378,True
234548.8159790039,4.713630068715502e-06,5.221653935905124e-06,-2.847484132928457e-07,16.592234909534454,129669374.65840772,25.702300836707582,True
234848.8159787655,4.733728570594996e-06,5.2122443889857095e-06,-2.6387920826209665e-07,16.666945040225983,129506312.17999679,24.9356695643564,True
235148.8159787655,4.754028277512737e-06,5.204135845815472e-06,-2.420932077029647e-07,16.74173380434513,129341780.1535971,24.17143077580378,True
235448.81597852707,4.774677492896383e-06,5.197450235527867e-06,-2.1939857219877013e-07,16.816991090774536,129175742.79057352,23.40971063882915,True
235748.81597852707,4.795533817101988e-06,5.191992414665947e-06,-1.9579050203333281e-07,16.89232088625431,129008164.18337436,22.650634199852966,True
236048.81597852707,4.816712516767474e-06,5.187849524190824e-06,-1.712730828273834e-07,16.96802607178688,128839008.3180938,21.894325542944266,True
236348.81597828865,4.838233978475688e-06,5.185005505836671e-06,-1.4584527008310033e-07,17.044152319431305,128668239.08809707,21.14090793390629,True
236648.81597828865,4.859969463331416e-06,5.183286020837841e-06,-1.1950250211612e-07,17.120336532592773,128495820.30674392,20.39050395618917,True
236948.81597805023,4.882083539286223e-06,5.182831785077724e-06,-9.224526564821645e-08,17.19701924920082,128321715.72003227,19.643235645074306,True
237248.81597805023,4.904433872991809e-06,5.183456892154936e-06,-6.40684376662648e-08,17.27379722893238,128145889.01996279,18.899224605655153,True
237548.8159778118,4.927167098512094e-06,5.185282901720711e-06,-3.496901257449281e-08,17.351063787937164,127968303.85672301,18.15859213354813,True
237848.8159778118,4.950182708077418e-06,5.188170661085678e-06,-4.941860254348285e-09,17.428529292345047,127788923.85166284,17.421459319682853,True
238148.8159778118,4.973501136848479e-06,5.1921095405305095e-06,2.601785453748562e-08,17.506237760186195,127607712.60976702,16.687947157859472,True
238448.8159775734,4.997212231314749e-06,5.1971614709600544e-06,5.79176653303648e-08,17.58442874252796,127424633.73176366,15.958176640596067,True
238748.8159775734,5.021189319380443e-06,5.203162970701669e-06,9.076178031364179e-08,17.662735626101494,127239650.82674816,15.23226884949427,True
239048.81597733498,5.045582790443493e-06,5.2102390384334285e-06,1.2456120757065037e-07,17.74156828224659,127052727.523958,14.510345046048272,True
239348.81597733498,5.070251287419018e-06,5.218212720592419e-06,1.5931929020496227e-07,17.82051658630371,126863827.48519312,13.79252674868212,True
239648.81597733498,5.095269947958695e-06,5.227131225638004e-06,1.9504640391687644e-07,17.899779096245766,126672914.41628213,13.078935813426375,True
239948.81597709656,5.120761484931193e-06,5.23708956734481e-06,2.3175802077446406e-07,17.97969153523445,126479952.07882634,12.369694504011305,True
240248.81597709656,5.146522039628961e-06,5.247848434919433e-06,2.694530412128415e-07,18.059661835432053,126284904.30235606,11.6649255573029,True
240548.81597685814,5.172719655428854e-06,5.25954919794458e-06,3.081508275215583e-07,18.140154719352722,126087734.99482338,10.964752249631422,True
240848.81597685814,5.19922473815584e-06,5.272029369507436e-06,3.478529428946331e-07,18.220786064863205,125888408.15450354,10.269298450170702,True
241148.81597661972,5.226193522772503e-06,5.285416762035311e-06,3.885816077797699e-07,18.301988169550896,125686887.88065019,9.578688678591831,False
241448.81597661972,5.2534751569610544e-06,5.299527714441865e-06,4.3033560004346327e-07,18.383314102888107,125483138.38481605,8.893048149354032,False
241748.81597661972,5.281195085021615e-06,5.3144577805142035e-06,4.7313696605044697e-07,18.46510873734951,125277124.00101241,8.212502819589549,False
242048.8159763813,5.309376755462532e-06,5.330198490582916e-06,5.170008297028517e-07,18.547425091266632,125068809.19684957,7.5371794269276045,False
242348.8159763813,5.337882872384644e-06,5.346579968090737e-06,5.619245770915882e-07,18.6298525929451,124858158.58354485,6.867205522694369,False
242648.81597614288,5.366892472459772e-06,5.363748925901746e-06,6.079405743264488e-07,18.712892070412636,124645136.92585912,6.202709505641728,False
242948.81597614288,5.3962534188433345e-06,5.381519997627038e-06,6.550432658514183e-07,18.796087697148323,124429709.15257579,5.543820642957784,False
243248.81597590446,5.426125760905258e-06,5.400018949330843e-06,7.03265985002588e-07,18.87988716363907,124211840.3657442,4.890669094671001,False
243548.81597590446,5.456402500352337e-06,5.419104439852163e-06,7.526077094865968e-07,18.963963583111763,123991495.85053083,4.2433859247300285,False
243848.81597590446,5.487107452138771e-06,5.438764929976969e-06,8.030843523521014e-07,19.04836815595627,123768641.08460785,3.6021031145950033,False
244148.81597566605,5.5183400009831744e-06,5.4590623790318205e-06,8.547250316404131e-07,19.13337369263172,123543241.74691898,2.9669535663196256,False
244448.81597566605,5.549964693959845e-06,5.479825659904236e-06,9.075212727971405e-07,19.218566119670868,123315263.72694492,2.338071100261814,False
244748.81597542763,5.582147029922985e-06,5.501179799694e-06,9.615148846009447e-07,19.304410472512245,123084673.13307925,1.7155904519991505,False
245048.81597542763,5.614735427266267e-06,5.522936248780752e-06,1.0166923740673184e-06,19.390444114804268,122851436.30144362,1.099647256065461,False
245348.81597542763,5.64781377448748e-06,5.545137327089833e-06,1.0730819618443022e-06,19.476892486214638,122615519.80378136,0.490378030920965,False
245648.8159751892,5.681518243789122e-06,5.567874609369028e-06,1.1307257036102802e-06,19.564136266708374,122376890.45545083,-0.11207984717124032,False
245948.8159751892,5.715628547340646e-06,5.590889713857905e-06,1.1895919262983057e-06,19.651508316397667,122135515.323817,-0.7075881765459042,False
246248.8159749508,5.750330546151261e-06,5.614320286895236e-06,1.2497335100114526e-06,19.73953442275524,121891361.73487484,-1.2960079646679197,False
246548.8159749508,5.7854847111505805e-06,5.637984969553145e-06,1.3111322088033006e-06,19.827782660722733,121644397.28115639,-1.8771994763139177,False
246848.81597471237,5.8212644662823315e-06,5.662005804651926e-06,1.3738416653197305e-06,19.91674229502678,121394589.82845376,-2.451022281571673,False
247148.81597471237,5.857506938498122e-06,5.686176564267953e-06,1.4378350550181551e-06,20.00591044127941,121141907.52296703,-3.017335318224837,False
247448.81597471237,5.894352244420178e-06,5.710583707241312e-06,1.503159457794112e-06,20.095677599310875,120886318.79736038,-3.575996954987446,False
247748.81597447395,5.931829223824483e-06,5.735203785661724e-06,1.5698360611438034e-06,20.186104401946068,120627792.37770788,-4.126865066720108,False
248048.81597447395,5.969789718281572e-06,5.7598416276505304e-06,1.637835724821457e-06,20.276729494333267,120366297.28911474,-4.669797117426344,False
248348.81597423553,6.008434054209826e-06,5.784636186945136e-06,1.7072258939876406e-06,20.36811850965023,120101802.86141421,-5.204650247070867,False
248648.81597423553,6.047596605725924e-06,5.809372964904469e-06,1.777969250937872e-06,20.45975674688816,119834278.73515706,-5.731281372684996,False
248948.81597399712,6.087464197406016e-06,5.834173975927115e-06,1.8501322847086499e-06,20.552169889211655,119563694.86645919,-6.249547291306084,False
249248.81597399712,6.1278679842258e-06,5.858819491777467e-06,1.923672028780743e-06,20.644832104444504,119290021.5324186,-6.759304797630467,False
249548.81597399712,6.168955299890018e-06,5.883390201688599e-06,1.998644067136013e-06,20.738151773810387,119013229.3353918,-7.260410804321454,False
249848.8159737587,6.210757759391188e-06,5.9078543586110754e-06,2.0750687284021296e-06,20.832193344831467,118733289.20813711,-7.752722474686314,False
250148.8159737587,6.253122539889305e-06,5.9320043988009274e-06,2.152900762553145e-06,20.92647685110569,118450172.41756858,-8.236097363911318,False
250448.81597352028,6.296259937985451e-06,5.955974842208889e-06,2.2322206625347008e-06,21.021593004465103,118163850.56866893,-8.710393565235556,False
250748.81597352028,6.339999988652202e-06,5.979539878353535e-06,2.3129728532467198e-06,21.11700874567032,117874295.60857797,-9.175469870006637,False
251048.81597352028,6.384440882711299e-06,6.0027252288819e-06,2.3951973329161547e-06,21.212981685996056,117581479.82968768,-9.631185930969005,False
251348.81597328186,6.4297388450989206e-06,6.025608371373892e-06,2.478959906682121e-06,21.30993987619877,117285375.87274033,-10.077402437418034,False
251648.81597328186,6.475652351691396e-06,6.04789440217246e-06,2.5641689074262786e-06,21.40713582932949,116985956.730332,-10.51398129828986,False
251948.81597304344,6.522393419089915e-06,6.069710252631921e-06,2.65091119544536e-06,21.50516127049923,116683195.74864899,-10.94078583024315,False
252248.81597304344,6.569810440848689e-06,6.090844010486762e-06,2.7391246426589078e-06,21.603533402085304,116377066.63029838,-11.35768095801861,False
252548.81597280502,6.6181025130721955e-06,6.111407003572822e-06,2.828893581607872e-06,21.70280261337757,116067543.43616557,-11.764533417313196,False
252848.81597280502,6.667091716523662e-06,6.131162564315673e-06,2.920139056783455e-06,21.80240747332573,115754600.5873723,-12.161211969419863,False
253148.81597280502,6.716940480698819e-06,6.150185924980178e-06,3.012929910894968e-06,21.902787759900093,115438212.86635564,-12.547587618125963,False
253448.8159725666,6.767686783536208e-06,6.168436641473818e-06,3.107281331793388e-06,22.004013746976852,115118355.41870585,-12.923533835470673,False
253748.8159725666,6.819169103759561e-06,6.185693848692608e-06,3.2031120671405233e-06,22.10557083785534,114795003.75351427,-13.28892679304393,False
254048.8159723282,6.871619145468946e-06,6.202091782370189e-06,3.3005260249296953e-06,22.2080949395895,114468133.74404451,-13.643645595598258,False
254348.8159723282,6.924855747604907e-06,6.217392922280851e-06,3.3994270758341827e-06,22.31101143360138,114137721.62836958,-13.98757252263816,False
254648.8159723282,6.978997127172852e-06,6.231628759678642e-06,3.499863527878233e-06,22.41462130844593,113803744.00913908,-14.320593269944052,False
254948.81597208977,7.0341559542695035e-06,6.244824078294187e-06,3.6018837583640106e-06,22.519207149744034,113466177.85345733,-14.642597196228577,False
255248.81597208977,7.090207877632333e-06,6.2567948191372125e-06,3.7054121015955843e-06,22.624358877539635,113125000.49219778,-14.953477571560683,False
255548.81597185135,7.147294957085825e-06,6.267592084441276e-06,3.810511097768199e-06,22.730440467596054,112780189.61958462,-15.25313182469775,False
255848.81597185135,7.2052500012193185e-06,6.2769980786470114e-06,3.917075293458083e-06,22.83691629767418,112431723.29156457,-15.541461793681895,False
256148.81597161293,7.264319659208129e-06,6.285155222940375e-06,4.025224622949963e-06,22.944450199604034,112079579.92447037,-15.818373972370175,False
256448.81597161293,7.324317342286938e-06,6.291832960414467e-06,4.134837443103834e-06,23.052447244524956,111723738.2935334,-16.083779757949326,False
256748.81597161293,7.385362603872907e-06,6.297065851867956e-06,4.24596220938156e-06,23.16119785606861,111364177.53066221,-16.337595693004637,False
257048.8159713745,7.447642523822974e-06,6.300943994119734e-06,4.358690684824751e-06,23.27118356525898,111000877.12197782,-16.579743705327868,False
257348.8159713745,7.5108886269189964e-06,6.3031767183474585e-06,4.4728435497631835e-06,23.381570249795914,110633816.9058044,-16.810151342312665,False
257648.8159711361,7.575352868682744e-06,6.303911533223072e-06,4.588550201134467e-06,23.493023246526718,110262977.06894091,-17.028751998247724,False
257948.8159711361,7.640869977505168e-06,6.3029514763002226e-06,4.705686382777685e-06,23.605005517601967,109888338.14377901,-17.23548513604402,False
258248.81597089767,7.707677235551576e-06,6.300432573880244e-06,4.824376297563049e-06,23.718132078647614,109509881.00474706,-17.43029649889863,False
258548.81597089767,7.775587806828154e-06,6.296147745388225e-06,4.944477023371974e-06,23.831802919507027,109127586.8644247,-17.61313831433019,False
258848.81597089767,7.84473135263136e-06,6.290149826781999e-06,5.066044682422444e-06,23.946319460868835,108741437.26933987,-17.78396948645162,False
259148.81597065926,7.915310722799732e-06,6.282548412173128e-06,5.18918781367006e-06,24.062185123562813,108351414.09528013,-17.942755777954886,False
259448.81597065926,7.987046341506841e-06,6.273076451179804e-06,5.313694501296595e-06,24.178532510995865,107957499.54309861,-18.089469979433645,False
259748.81597042084,8.060210314688158e-06,6.261902939286301e-06,5.439719402033916e-06,24.29605519771576,107559676.13284494,-18.22409206577403,False
260048.81597042084,8.134632148247416e-06,6.2488564935847535e-06,5.567118073201982e-06,24.414194360375404,107157926.6985925,-18.34660933872264,False
260348.81597042084,8.210454363754253e-06,6.234010157868397e-06,5.6959591780980645e-06,24.533271625638008,106752234.38273221,-18.457016554627252,False
260648.81597018242,8.28782216834896e-06,6.2174382549073925e-06,5.826317241997003e-06,24.653609037399292,106342582.62981108,-18.555316037407515,False
260948.81597018242,8.366603300950652e-06,6.199011835406054e-06,5.958070310896346e-06,24.774751245975494,105928955.17988005,-18.64151777563775,False
261248.815969944,8.446977596333407e-06,6.178836059689274e-06,6.091318976331195e-06,24.897108808159828,105511336.0623669,-18.715639503417126,False
261548.815969944,8.528763219399837e-06,6.1567570810439065e-06,6.225901341139206e-06,25.020086139440536,105089709.58821292,-18.77770676496826,False
261848.81596970558,8.61226463366858e-06,6.132973226158356e-06,6.362012719307586e-06,25.1444288790226,104664060.34273815,-18.82775296267549,False
262148.8159697056,8.697277883475428e-06,6.1073247650256235e-06,6.499472714693866e-06,25.269475683569908,104234373.17792621,-18.86581938789671,False
262448.8159697056,8.783959187909594e-06,6.079909610434697e-06,6.638369370648434e-06,25.39555574953556,103800633.2042608,-18.891955235738592,False
262748.81596946716,8.872546106207944e-06,6.050878425867268e-06,6.778858296030421e-06,25.52321234345436,103362825.78202978,-18.906217602872953,False
263048.81596946716,8.96273826192732e-06,6.020022340180731e-06,6.9206813613220675e-06,25.65151695907116,102920936.51313126,-18.90867146858002,False
263348.81596922874,9.054851764477197e-06,5.987549286601279e-06,7.064057498951115e-06,25.781217768788338,102474951.23119497,-18.899389661165685,False
263648.81596922874,9.148709236137325e-06,5.9533437308800785e-06,7.208821472204363e-06,25.911718010902405,102024855.99226442,-18.878452807229188,False
263948.8159689903,9.24461242443424e-06,5.917602493354934e-06,7.355188198943097e-06,26.043709829449654,101570637.06510901,-18.8459492677228,False
264248.8159689903,9.342359451138574e-06,5.880203730157518e-06,7.50297203211403e-06,26.17652541399002,101112280.9207592,-18.80197505809055,False
264548.8159689903,9.442126111824868e-06,5.841267125106242e-06,7.652290889836877e-06,26.31050716340542,100649774.2220361,-18.74663375679119,False
264848.8159687519,9.544177495176994e-06,5.800961758950507e-06,7.803341592449442e-06,26.446224197745323,100183103.81227718,-18.68003640018651,False
265148.8159687519,9.648201442231168e-06,5.759112781333897e-06,7.9558469039398e-06,26.58271025121212,99712256.7046081,-18.602301365392716,False
265448.8159685135,9.754547953001451e-06,5.715941654216294e-06,8.110077530432136e-06,26.720747411251068,99237220.06952114,-18.5135542447908,False
265748.8159685135,9.86303701729998e-06,5.671360952419491e-06,8.265864710921278e-06,26.85971410572529,98757981.22291055,-18.41392770823743,False
266048.8159685135,9.973866211207159e-06,5.625502552675243e-06,8.423357193976244e-06,26.99997478723526,98274527.6138072,-18.30356135974274,False
266348.81596827507,1.0087238953716807e-05,5.578496256930521e-06,8.582713899585315e-06,27.14189423620701,97786846.81134677,-18.18260158540388,False
266648.81596827507,1.0203024680470782e-05,5.530290025035356e-06,8.743809832623128e-06,27.28496804833412,97294926.49116717,-18.051201395408892,False
266948.81596803665,1.0321471931413656e-05,5.481036737364775e-06,8.906847167367005e-06,27.42966265976429,96798754.42259704,-17.90952026345193,False
267248.81596803665,1.0442391065021831e-05,5.430659882676991e-06,9.07164984909059e-06,27.575317785143852,96298318.45352994,-17.757723960083286,False
267548.81596779823,1.05661857404155e-05,5.379387857828988e-06,9.238561066382545e-06,27.722776144742966,95793606.49644631,-17.595984387482492,False
267848.81596779823,1.0692639847003848e-05,5.327134402932643e-06,9.407382989934376e-06,27.871299013495445,95284606.51340257,-17.42447940980341,False
268148.81596779823,1.082199251314383e-05,5.274040944414082e-06,9.578319573932959e-06,28.02129152417183,94771306.5007758,-17.243392688062922,False
268448.8159675598,1.095448035812047e-05,5.220239842174124e-06,9.751577668026812e-06,28.173134297132492,94253694.47349524,-17.052913514446857,False
268748.8159675598,1.108997983093623e-05,5.165693607978028e-06,9.927043777224753e-06,28.326304361224174,93731758.4485006,-16.853236649817028,False
269048.8159673214,1.1228779252494676e-05,5.1105539284890256e-06,1.010497561182433e-05,28.481290474534035,93205486.42911525,-16.644562168312977,False
269348.8159673214,1.1370692086795616e-05,5.054758702272011e-06,1.0285203462245818e-05,28.637405395507812,92674866.38688625,-16.42709530385446,False
269648.8159673214,1.1516016330478527e-05,4.99845930335141e-06,1.0467997988428124e-05,28.79513992369175,92139886.24468535,-16.201046307648188,False
269948.815967083,1.1665024856866375e-05,4.941786926337954e-06,1.065361177765567e-05,28.954901948571205,91600533.85883017,-15.966630310845174,False
270248.815967083,1.1817503913598461e-05,4.884669834837041e-06,1.0841852356335835e-05,29.115913078188896,91056797.00054523,-15.724067196309631,False
270548.81596684456,1.1974000127652686e-05,4.827343161650788e-06,1.1033228844326004e-05,29.279210790991783,90508663.3371863,-15.47358148416183,False
270848.81596684456,1.2134180416337705e-05,4.769689184058734e-06,1.1227439470573586e-05,29.44371797144413,89956120.41348718,-15.215402223133243,False
271148.81596660614,1.229854291779928e-05,4.7119126520556165e-06,1.1424954147187805e-05,29.610322400927544,89399155.63129391,-14.949762900494651,False
271448.81596660614,1.2466924565919956e-05,4.653964026601898e-06,1.1625629312561614e-05,29.778334945440292,88837756.22947712,-14.67690135910262,False
271748.81596660614,1.2639640295686425e-05,4.595969585352577e-06,1.182976880897968e-05,29.948174625635147,88271909.26377471,-14.397059734256576,False
272048.8159663677,1.2817017898193266e-05,4.5380508026937605e-06,1.2037692298960678e-05,30.12026111781597,87701601.58558336,-14.110484402167506,False
272348.8159663677,1.2998965781666398e-05,4.48018110432713e-06,1.2249325681779055e-05,30.29403568804264,87126819.8201165,-13.817425944411033,False
272648.8159661293,1.3185877053705713e-05,4.4224962323369255e-06,1.2465053773169643e-05,30.470031768083572,86547550.34563366,-13.518139132890209,False
272948.8159661293,1.3377592186746521e-05,4.364948267721047e-06,1.2684738628365722e-05,30.647515386343002,85963779.26983269,-13.212882927279345,False
273248.8159658909,1.3574713795072908e-05,4.307729540187211e-06,1.2908968193059422e-05,30.827445089817047,85375492.40783675,-12.901920497093268,False
273548.8159658909,1.3777057873732255e-05,4.250783064208008e-06,1.3137582360656097e-05,31.00899848341942,84782675.25880541,-12.585519256665517,False
273848.8159658909,1.398502828395589e-05,4.194230285747835e-06,1.3370982983929025e-05,31.192642137408257,84185312.98257585,-12.263950926894218,False
274148.81596565247,1.4199033162574157e-05,4.138184010571422e-06,1.3609579092133117e-05,31.37881626188755,83583390.37565069,-11.937491613866367,False
274448.81596565247,1.4419021942315995e-05,4.082624428747295e-06,1.3853339877911708e-05,31.566941246390343,82976891.84642941,-11.606421909592562,False
274748.81596541405,1.464548440429223e-05,4.027679210594215e-06,1.4102755542921841e-05,31.757578819990158,82365801.3917446,-11.27102701976109,False
275048.81596541405,1.487830111809843e-05,3.9733111520945386e-06,1.4357729066105662e-05,31.94996340572834,81750102.57049103,-10.93159690944928,False
275348.81596541405,1.5117990596844662e-05,3.919648662531472e-06,1.4618780667774445e-05,32.14465829730034,81129778.47908223,-10.58842648007519,False
275648.8159651756,1.536504933526955e-05,3.866804547669744e-06,1.4886411907610864e-05,32.34213577210903,80504811.7258941,-10.24181576791205,False
275948.8159651756,1.561934350184603e-05,3.814737596030682e-06,1.516051266037266e-05,32.54152974486351,79875184.40525264,-9.892070169797057,False
276248.8159649372,1.5881751641654166e-05,3.763643064758071e-06,1.5441958302275793e-05,32.74402678012848,79240878.071607,-9.539500702253699,False
276548.8159649372,1.6152002159635877e-05,3.713449245879019e-06,1.573050469971804e-05,32.94842165708542,78601873.71393669,-9.184424282561283,False
276848.8159646988,1.6430934809903243e-05,3.6643322687268665e-06,1.6026992147644137e-05,33.15572993457317,77958151.72909024,-8.82716404987412,False
277148.8159646988,1.6718521198092868e-05,3.6162769276870677e-06,1.633141374135505e-05,33.36518231034279,77309691.89567538,-8.46804971060001,False
277448.8159646988,1.7015379473812926e-05,3.569404270820087e-06,1.664439526827266e-05,33.577258467674255,76656473.34865992,-8.107417926091422,False
277748.8159644604,1.7322185026575605e-05,3.5238389273217763e-06,1.6966620374425645e-05,33.79248261451721,75998474.55333868,-7.745612732060473,False
278048.8159644604,1.7638895642675445e-05,3.4795661463249417e-06,1.7298068737403582e-05,34.009943440556526,75335673.27984157,-7.382985996541999,False
278348.81596422195,1.7966621077793216e-05,3.4367874945928634e-06,1.7639852155859614e-05,34.230887949466705,74668046.5782913,-7.019897924464323,False
278648.81596422195,1.8305179327375965e-05,3.3954660523249913e-06,1.799181269390715e-05,34.4540549069643,73995570.75495917,-6.656717597415702,False
278948.81596422195,1.8655395562457904e-05,3.3557486176505336e-06,1.835478332612439e-05,34.6800344735384,73318221.34811275,-6.293823569056324,False
279248.81596398354,1.9018169597719247e-05,3.317787786727422e-06,1.8729672031980726e-05,34.90945987403393,72635973.1057561,-5.931604504351554,False
279548.81596398354,1.9393583042101238e-05,3.2816013231240504e-06,1.9116579877298534e-05,35.141408175230026,71948799.96432827,-5.570459872305715,False
279848.8159637451,1.9782815632140737e-05,3.2473854503223265e-06,1.951669194788508e-05,35.37687391042709,71256675.02928519,-5.210800701786922,False
280148.8159637451,2.018617223128224e-05,3.2151984328265826e-06,1.993032954672458e-05,35.61520393192768,70559570.55636083,-4.8530503910672875,False
280448.8159635067,2.060474160666453e-05,3.1852197537318716e-06,2.0358588877833483e-05,35.857042759656906,69857457.9372582,-4.4976455923238285,False
280748.8159635067,2.1038791637547227e-05,3.157511059725948e-06,2.0801753918497923e-05,36.10152880847454,69150307.68483391,-4.145037160630581,False
281048.8159635067,2.14895213722333e-05,3.1322708764491836e-06,2.1261030143548965e-05,36.34931367635727,68438089.42383376,-3.7956911889304874,False
281348.8159632683,2.195814375554631e-05,3.1096971611077606e-06,2.1737637438512536e-05,36.60094018280506,67720771.88430193,-3.4500901227626644,False
281648.8159632683,2.244501405583519e-05,3.089878845230487e-06,2.2231945107975548e-05,36.855418018996716,66998322.89892231,-3.1087339679542727,False
281948.81596302986,2.2951983619599366e-05,3.073102732287225e-06,2.274580580596819e-05,37.11410120129585,66270709.40570179,-2.772141605670166,False
282248.81596302986,2.347929878764813e-05,3.05945837908439e-06,2.3279479440585504e-05,37.3756103888154,65537897.456748396,-2.4408522089732156,False
282548.81596279144,2.4028870237701187e-05,3.0492470273202343e-06,2.383487709600729e-05,37.64110265672207,64799852.23259995,-2.1154267917681975,False
282848.81596279144,2.4601406541697693e-05,3.042632613414753e-06,2.441271571052006e-05,37.90968478471041,64056538.06489008,-1.796449881233831,False
283148.81596279144,2.519862975915196e-05,3.039906431467898e-06,2.501471792459853e-05,38.18189527839422,63307918.4687231,-1.4845313466251508,False
283448.815962553,2.5822437315859572e-05,3.041384672997083e-06,2.564278013306165e-05,38.458330661058426,62553956.18454236,-1.1803083851084495,False
283748.815962553,2.6473735852663466e-05,3.0472868672859477e-06,2.6297812557252165e-05,38.737929344177246,61794613.232416704,-0.8844476873057695,False
284048.8159623146,2.7155238389067824e-05,3.0580374925648357e-06,2.698252019606162e-05,39.02208889275789,61029850.98060891,-0.5976478085783294,False
284348.8159623146,2.786781877302834e-05,3.073881998716388e-06,2.7697777320090378e-05,39.309322126209736,60259630.23091706,-0.32064175182415416,False
284648.8159623146,2.8613981897015527e-05,3.0952513441206975e-06,2.8446078601036817e-05,39.60026276111603,59483911.32169447,-0.054199807306990797,False
284948.8159620762,2.939648303733323e-05,3.1226147712004604e-06,2.9230166126520407e-05,39.895589642226696,58702654.2538954,0.20086733983138072,False
285248.8159620762,3.0216957392159424e-05,3.1563518518851197e-06,3.0051664756558516e-05,40.19418313354254,57915818.84233229,0.44370519479376497,False
285548.81596183777,3.107889710775984e-05,3.197043611180561e-06,3.091404485844329e-05,40.49711601436138,57123364.8969758,0.6734116881887687,False
285848.81596183777,3.198460050654553e-05,3.2451814604428364e-06,3.18195852001546e-05,40.803549252450466,56325252.43742953,0.8890330342041541,False
286148.81596159935,3.293779103916481e-05,3.3014180758073053e-06,3.277197977524793e-05,41.11412274837494,55521441.95000301,1.0895591463559118,False
286448.81596159935,3.394110346843975e-05,3.366336954968574e-06,3.377383427372038e-05,41.42772540450096,54711894.68791731,1.2739185724496238,False
286748.81596159935,3.499889034236009e-05,3.440713982172383e-06,3.482946021704514e-05,41.744956627488136,53896573.028685614,1.4409728699839361,False
287048.81596136093,3.611581020708024e-05,3.5253902979093255e-06,3.594346857682673e-05,42.06625836342573,53075440.89385542,1.5895103632355134,False
287348.81596136093,3.729547555548497e-05,3.621157475208747e-06,3.7119422204856534e-05,42.390345223248005,52248464.242417924,1.7182391924039753,False
287648.8159611225,3.8543948507112344e-05,3.7290761270014627e-06,3.836331677464777e-05,42.718191772699356,51415611.65183706,1.8257795529746166,False
287948.8159611225,3.986603864330415e-05,3.8501510744026746e-06,3.9679892296362596e-05,43.04872407019138,50576854.999011286,1.9106550287519677,False
288248.8159611225,4.1267991198472275e-05,3.985578473475471e-06,4.107530959229777e-05,43.38179212063551,49732170.26289504,1.971282873240746,False
288548.8159608841,4.275729931769464e-05,4.136737913995603e-06,4.255696196864278e-05,43.717788606882095,48881538.463816896,2.005963101763777,False
288848.8159608841,4.4340429643870515e-05,4.304999208670779e-06,4.413120831259221e-05,44.05521387606859,48024946.76950168,2.0128662188599535,False
289148.8159606457,4.602696130287548e-05,4.492105034614724e-06,4.5807493847416225e-05,44.394801281392574,47162389.79561764,1.9900193711142358,False
289448.8159606457,4.782494755905997e-05,4.699768055616005e-06,4.759372836815601e-05,44.73475483804941,46293871.13459827,1.9352907061020677,False
289748.81596040726,4.974648756941876e-05,4.930193028940266e-06,4.950183285434839e-05,45.07600041478872,45419405.157177515,1.846371644793481,False
290048.81596040726,5.180128485699402e-05,5.185508655358717e-06,5.154132186957483e-05,45.41598213464022,44539019.13678812,1.7207567695595822,False
290348.81596040726,5.400311500225752e-05,5.468385268159182e-06,5.37257408896874e-05,45.754485711455345,43652755.75553928,1.5557209313468505,False
290648.81596016884,5.636749916714411e-05,5.781857566944382e-06,5.6070345057834814e-05,46.091152891516685,42760676.06803087,1.3482931608236655,False
290948.81596016884,5.89093465217624e-05,6.129131634224905e-06,5.858974806649542e-05,46.42341212928295,41862863.00942131,1.0952268661245212,False
291248.8159599304,6.164865941070871e-05,6.514181166039634e-06,6.130359515521544e-05,46.7508888989687,40959425.55559244,0.7929657182249497,False
291548.8159599304,6.460513938402581e-05,6.941280844330322e-06,6.423118764264935e-05,47.07079664617777,40050503.66223262,0.43760454711157776,False
291848.815959692,6.78035178798822e-05,7.415607626626297e-06,6.739677893483412e-05,47.381717793643475,39136274.14402459,0.02484443056672103,False
292148.815959692,7.12688282321538e-05,7.94285233496339e-06,7.082486051002146e-05,47.67979848384857,38216957.676696815,-0.4500589403137586,False
292448.815959692,7.503260289810139e-05,8.52997985134607e-06,7.454631288006386e-05,47.96270481497049,37292827.15918853,-0.9923546989631526,False
292748.8159594536,7.913051874924054e-05,9.185153317048389e-06,7.859604554294464e-05,48.22735305130482,36364217.71105586,-1.6078652494073273,False
293048.8159594536,8.359997821916183e-05,9.917660008795792e-06,8.301057287907199e-05,48.468030013144016,35431538.64393395,-2.303065095744342,False
293348.81595921516,8.848816057637401e-05,1.0739079186805611e-05,8.783598803274728e-05,48.68071124702692,34495287.81746542,-3.0851715693973403,False
293648.81595921516,9.384482728223083e-05,1.1662837579251573e-05,9.312077788869999e-05,48.85812724381685,33556068.86846827,-3.9622490599706857,False
293948.81595921516,9.972902492087189e-05,1.2705471135632251e-05,9.892243453446525e-05,48.992913376539946,32614611.906091124,-4.943328415468039,False
294248.81595897675,0.00010620953671862384,1.3887389286537655e-05,0.00010530783614282058,49.07684117183089,31671798.361867003,-6.038543058966855,False
294548.81595897675,0.00011336051428138259,1.5233278020332364e-05,0.00011234882516308886,49.09794698283076,30728690.810301173,-7.259283033626617,False
294848.8159587383,0.00012127248230943076,1.6774850593037627e-05,0.00012013300214519518,49.04476712271571,29786568.679458704,-8.618367464613028,False
295148.8159587383,0.00013004118916109855,1.855134647144041e-05,0.0001287524950264185,48.90053788945079,28846970.85791667,-10.130234524727449,False
295448.8159584999,0.00013978335806425418,2.061448927292986e-05,0.00013831931917529516,48.64883213862777,27911746.232174322,-11.811145624391495,False
295748.8159584999,0.00015061898255767524,2.3030246268263e-05,0.0001489474691300785,48.26611553877592,26983113.082554523,-13.679396525069427,False
296048.8159584999,0.00016268851845370946,2.588759826949172e-05,0.00016076939216702613,47.72780239582062,26063727.914336238,-15.755521747226855,False
296348.8159582615,0.0001761446720579798,2.930724087946146e-05,0.00017392699803053802,47.00510613620281,25156763.53391546,-18.062468615283123,False
296648.8159582615,0.00019114021151045722,3.3455002181881355e-05,0.00018855828321662216,46.062896843999624,24265994.679786336,-20.62570212340451,False
296948.8159580231,0.00020783804508046265,3.856832896076412e-05,0.0002048051324265998,44.86484353989363,23395886.869114175,-23.473179144117125,False
297248.8159580231,0.00022637702422003493,4.499160212390052e-05,0.00022277598639774965,43.369553338736296,22551679.685323548,-26.635097424485657,False
297548.8159580231,0.00024687004494964497,5.3246202128320874e-05,0.0002425378199468753,41.53813875094056,21739448.73570727,-30.143277352385542,False
297848.81595778465,0.0002693511408779494,6.414614125560547e-05,0.00026405294605069685,39.335053108632565,20966120.17331276,-34.02996611204355,False
298148.81595778465,0.0002937058334164955,7.901796004716743e-05,0.00028708955802869696,36.73108921945095,20239397.81873668,-38.3257513020242,False
298448.81595754623,0.00031959985485365363,0.00010015320066258937,0.0003111087495284437,33.699047051370144,19567547.364385124,-43.056097599114786,False
298748.81595754623,0.00034636765632264704,0.00013179498336057804,0.0003350587869448418,30.16786526888609,18958971.650684427,-48.23566304363223,False
299048.8159573078,0.00037324052839433046,0.00018266725828652852,0.0003573540393446706,25.937634963542223,18421522.57319484,-53.85864284443757,False
299348.8159573078,0.00040031393525662455,0.00027316274321265155,0.000376114052386356,20.688534300774336,17961562.116360813,-59.880639027226145,False
299648.8159573078,0.00042996241194139743,0.0004576282843231638,0.0003882048936816318,14.655024606734514,17582954.37019159,-66.17788192725436,False
299948.8159570694,0.0004637648641541171,0.0008926649666420872,0.0003774415466324399,10.060929398983717,17286459.19775767,-72.4299460379689,False
300248.8159570694,0.0004912397763339006,0.0019239886784134796,0.00027091584725269513,9.975706156343222,17070255.244883705,-77.70276440269639,False
300548.815956831,0.0004922684633111472,0.002681367573444504,-4.362558190962318e-05,11.877008557319641,16932061.609073497,-79.46322407818323,False
300848.815956831,0.000470207762927073,0.001516480880098925,-0.0002937337725370526,7.9196260422468185,16872090.73939575,-75.98806228555385,False
301148.81595659256,0.0004532783561047154,0.0007514761882703169,-0.0003721847111535226,-2.1681617870926857,16894672.35390153,-69.8612272834651,False
301448.81595659256,0.0004478129608811529,0.0004458909020570445,-0.0003995379356993567,-10.878118481487036,17006926.408448465,-63.025496272776316,False
301748.81595659256,0.00043743750622502457,0.0003043106177074151,-0.00040330380067388205,-15.614856582134962,17215382.245665967,-56.17327463227069,False
302048.81595635414,0.0004154037278349271,0.00022524273111912407,-0.0003888909552927089,-19.079464968293905,17522970.718549985,-49.58531434486987,False
302348.81595635414,0.0003867913966244945,0.00017614272184118818,-0.0003650007999382865,-23.058378972113132,17927881.388322294,-43.39444428685029,False
302648.8159561157,0.07275906085753266,0.030717656086579836,-0.06857140590366129,-4557.294006276876,18428647.511492502,-37.59458884391477,False
302948.8159561157,0.06764054064832918,0.026486532606156743,-0.06383497357570889,-5442.504086319357,19008269.02698799,-32.348134679015025,False
303248.8159561157,0.0626570600893324,0.023429790051864074,-0.05911716094485442,-6226.098762523383,19660073.367247235,-27.57769215383652,False
303548.8159558773,0.05792085144287673,0.021133463556907373,-0.054571258960528723,-6904.0680324956775,20373565.854134727,-23.262738327990903,False
303848.8159558773,0.0534988411260504,0.01935172942521035,-0.050288659551448234,-7481.990950934589,21138738.558651794,-19.373605405265923,False
304148.8159556389,0.049422522750226704,0.017931643314739176,-0.046316012683222496,-7968.235011529177,21946481.35461033,-15.876181972127238,False
304448.8159556389,0.045698213220183866,0.016773686049248226,-0.04266951946311792,-8373.06564771384,22788759.881820835,-12.735094536583698,False
304748.81595540047,0.042315816100839045,0.01581081517116445,-0.03934575227768278,-8706.995050907135,23658639.755601127,-9.915740470301664,False
305048.81595540047,0.03925541241662363,0.014996459910605608,-0.036329435299602864,-8979.986933298409,24550224.493329156,-7.385484660657213,False
305348.81595540047,0.036492003540138845,0.014297409790486881,-0.03359889029302021,-9201.069531593472,25458551.3781362,-5.114276360603677,False
305648.81595516205,0.03399868384103858,0.013689432945170665,-0.03112964216073033,-9378.19276676327,26379472.850503027,-3.074884499968651,False
305948.81595516205,0.031748641286982515,0.013154488180873614,-0.028896695077804457,-9518.225930918008,27309539.119406413,-1.2428959092086278,False
306248.81595492363,0.029716353948309425,0.012678908291661628,-0.02687590792760941,-9627.036990188062,28245889.998953138,0.4034235629179271,False
306548.81595492363,0.027878199134445825,0.012252171779522314,-0.025044725285312985,-9709.594796549529,29186159.320190817,1.8833388458473845,False
306848.81595492363,0.02621273209136255,0.011866068730824963,-0.023382538125495067,-9770.090254109353,30128392.62506012,3.2138844284001418,False
307148.8159546852,0.024700725408284923,0.011514111399009153,-0.02187078170726231,-9812.047317288816,31070977.47584553,4.410106780557887,False
307448.8159546852,0.023325077602690408,0.011191111937137066,-0.020492886373074448,-9838.42187173292,32012585.080030274,5.485296039388845,False
307748.8159544468,0.022070674386219766,0.010892884049155782,-0.0192341678061263,-9851.698106653988,32952121.73360565,6.45119959551699,False
308048.8159544468,0.020924192832495435,0.010616013740389008,-0.01808165463509237,-9853.959684833884,33888688.597656235,7.318214496608537,False
308348.8159542084,0.01987392114833075,0.010357696660236115,-0.01702392389870333,-9846.960555627942,34821548.45490028,8.095558179812093,False
308648.8159542084,0.01890956389280785,0.010115607318226694,-0.016050919930435725,-9832.174395047128,35750098.26227155,8.791418440196155,False
308948.8159542084,0.018022079277245327,0.009887806765760843,-0.015153800372040394,-9810.845895551145,36673846.48758042,9.413084295849886,False
309248.81595396996,0.01720351699967312,0.00967266517511689,-0.014324782187392415,-9784.02538689971,37592394.38171782,9.967059681424699,False
309548.81595396996,0.016446878821036928,0.009468803394696579,-0.013557008217270905,-9752.600057438016,38505420.488446474,10.45916197814719,True
309848.81595373154,0.015746001558233257,0.00927504999623352,-0.012844434103339353,-9717.324313476682,39412667.807659484,10.894607286809162,True
310148.81595373154,0.015095441885777279,0.009090400915084729,-0.012181717838092965,-9678.835976965725,40313933.14193203,11.278084190571185,True
310448.8159534931,0.014490390221028954,0.008913994129216007,-0.011564135657875951,-9637.679830923676,41209058.23690717,11.613817590172435,True
310748.8159534931,0.013926583376143147,0.008745082882086308,-0.010987498019456865,-9594.317811392248,42097922.40052994,11.905623979465537,True
311048.8159534931,0.013400238692531381,0.008583018949877896,-0.010448085106293803,-9549.144926458597,42980436.338781,12.156959374771175,True
311348.8159532547,0.012907992453959911,0.00842723666977463,-0.009942586986774415,-9502.499077476561,43856537.00210804,12.37096093009863,True
311648.8159532547,0.012446844762905796,0.008277238633240813,-0.009468050312944953,-9454.667346596718,44726183.264542624,12.550483129794587,True
311948.8159530163,0.012014119029455551,0.008132587982458972,-0.00902183810574897,-9405.89772219956,45589352.29559196,12.698129329016481,True
312248.8159530163,0.01160741739731594,0.00799289654511881,-0.008601587074748451,-9356.400240428746,46446036.509587735,12.816279283702347,True
312548.8159530163,0.011224591338446992,0.007857820294901785,-0.008205178179368389,-9306.3565210253,47296240.99480441,12.907113239158681,True
312848.81595277786,0.010863710575338503,0.007727052346268692,-0.007830706494397432,-9255.922679752111,48139981.3454822,12.972633042581373,True
313148.81595277786,0.010523034728700595,0.007600316064099388,-0.007476454025468371,-9205.229969576001,48977281.82876971,13.014680687528353,True
313448.81595253944,0.010200996480790536,0.007477364197370662,-0.007140872231092388,-9154.393695987761,49808173.83643111,13.03495464390708,True
313748.81595253944,0.009896177088329317,0.00735797196679755,-0.006822559038807796,-9103.510322101414,50632694.57297904,13.035024255668816,True
314048.815952301,0.009607293721441033,0.007241936749665001,-0.006520245597560148,-9052.664505213499,51450885.943975374,13.016342474136197,True
314348.815952301,0.00933318061017195,0.0071290727409518695,-0.006232778674473138,-9001.92630328983,52262793.61468802,12.980257130857309,True
314648.815952301,0.009072779975010978,0.007019211316503515,-0.005959110927367561,-8951.35742007941,53068466.21157097,12.928020948764596,True
314948.8159520626,0.008825128139424722,0.006912197402584752,-0.005698287851210182,-8901.009628012776,53867954.64420782,12.860800440810419,True
315248.8159520626,0.00858934537233519,0.006807887664365353,-0.0054494378969369706,-8850.925626039505,54661311.53300621,12.779683840623562,True
315548.8159518242,0.0083646298240283,0.006706151027970009,-0.0052117658378332266,-8801.143687956035,55448590.72233024,12.685688185390067,True
315848.8159518242,0.008150246030732203,0.006606864781986133,-0.004984542447893148,-8751.693635314703,56229846.86938497,12.579765645619952,True
316148.8159518242,0.00794552129065067,0.006509915841689917,-0.004767100107496702,-8702.601934336126,57005135.096732244,12.4628092026476,True
316448.81595158577,0.007749838168927356,0.006415198813471079,-0.004558825809048983,-8653.890517503023,57774510.69944743,12.335657741168648,True
316748.81595158577,0.007562628229168495,0.006322614516648173,-0.004359155276588922,-8605.576048113406,58538028.89935439,12.19910062843975,True
317048.81595134735,0.007383369246362166,0.0062320707899061745,-0.004167569643934499,-8557.673320777714,59295744.63731547,12.053881841519145,True
317348.81595134735,0.007211578744395007,0.006143480208777419,-0.003983589773490337,-8510.19246454537,60047712.402726255,11.90070368620908,True
317648.81595110893,0.007046812832394396,0.006056761586364701,-0.0038067742843672647,-8463.143325790763,60793986.089916006,11.740230161941525,True
317948.81595110893,0.00688865977071182,0.005971837145210657,-0.0036367142057027735,-8416.531138785183,61534618.8806632,11.573090001091744,True
318248.81595110893,0.006736739525610402,0.0058886341329298375,-0.003473031692225348,-8370.360847078264,62269663.14807818,11.399879428336254,True
318548.8159508705,0.006590700149456655,0.005807083774641342,-0.0033153767398310663,-8324.6360257864,62999170.37965195,11.221164661181708,True
318848.8159508705,0.006450213753343047,0.005727119659923119,-0.0031634238120545888,-8279.356451533735,63723191.11485179,11.037484181397843,True
319148.8159506321,0.006314977331915191,0.005648679913804244,-0.003016871550046929,-8234.523299500346,64441774.89830115,10.84935080558641,True
319448.8159506321,0.006184707907315634,0.005571704601635474,-0.0028754390571279487,-8190.134529180825,65154970.243584245,10.657253565554065,True
319748.8159503937,0.006059143161027936,0.00549613750135336,-0.0027388655939635242,-8146.1891469582915,65862824.60686817,10.461659428257553,True
320048.8159503937,0.005938037447094593,0.005421923928054184,-0.0026069075896320015,-8102.68321454525,66565384.370048046,10.263014860775236,True
320348.8159503937,0.005821162613675153,0.0053490124724930865,-0.0024793385283885527,-8059.613986745477,67262694.83096674,10.061747265076818,True
320648.81595015526,0.005708305201012043,0.005277353601002233,-0.002355946786753549,-8016.9774116277695,67954800.19900768,9.858266286721578,False
320948.81595015526,0.005599265091015712,0.0052068993693694665,-0.0022365343907857493,-7974.767860874534,68641743.59826839,9.65296501344927,False
321248.81594991684,0.0054938560969971205,0.005137604753571168,-0.0021209168436193693,-7932.98136562109,69323567.07339005,9.446221075732531,False
321548.81594991684,0.005391902703008815,0.005069425564499852,-0.0020089209315088397,-7891.611416742206,70000311.60008602,9.238397651299012,False
321848.81594991684,0.0052932411322357785,0.005002320066495258,-0.0019003848739433948,-7850.652763172984,70672017.09882005,9.029844391081069,False
322148.8159496784,0.005197717660476436,0.004936248136942822,-0.0017951570434959763,-7810.099839091301,71338722.45136134,8.820898266088427,False
322448.8159496784,0.005105187312309865,0.004871170682378079,-0.0016930949632421033,-7769.945680692792,72000465.52010511,8.611884345143372,False
322748.81594944,0.005015514435989224,0.0048070506943531655,-0.00159406524174166,-7730.184490174055,72657283.16772369,8.403116511750568,False
323048.81594944,0.004928570673582731,0.004743851918220798,-0.0014979422817535948,-7690.80883218348,73309211.28097183,8.19489811913605,False
323348.8159492016,0.004844236092150027,0.004681540344336099,-0.001404608495876758,-7651.813168182969,73956284.79376419,7.987522596156084,False
323648.8159492016,0.004762396697301959,0.004620082364453992,-0.0013139528929189126,-7613.189820215106,74598537.71206664,7.781273999998017,False
323948.8159492016,0.004682945633179628,0.0045594462654037216,-0.001225871347918961,-7574.932514280081,75236003.13945228,7.576427528055598,False
324248.81594896317,0.0046057821596428555,0.004499601661251518,-0.0011402658842447622,-7537.035225838423,75868713.30377758,7.373249985751372,False
324548.81594896317,0.0045308101865499445,0.0044405184585514235,-0.0010570438493298084,-7499.489871323109,76496699.58311728,7.172000216105994,False
324848.81594872475,0.0044579399172508145,0.0043821687115439545,-0.000976118347982613,-7462.290721103549,77119992.53375576,6.972929496955075,False
325148.81594872475,0.004387085586901717,0.004324524790547457,-0.0008974071363683223,-7425.430221274495,77738621.91730398,6.776281901694627,False
325448.81594872475,0.00431816656236222,0.004267560691374683,-0.0008208328445551416,-7388.902151286602,78352616.72778709,6.582294633668455,False
325748.8159484863,0.0042511064464726455,0.004211251443877018,-0.000746322439159286,-7352.700322091579,78962005.21926533,6.39119833036785,False
326048.8159484863,0.004185832345200343,0.004155572641565186,-0.00067380679921758,-7316.817498937249,79566814.93354607,6.203217342000392,False
326348.8159482479,0.004122275623588635,0.004100501387028999,-0.0006032207994017824,-7281.247740387917,80167072.72635905,6.018569988174182,False
326648.8159482479,0.0040603705487440795,0.00404601518712866,-0.0005345027052454654,-7245.983783483505,80762804.7956112,5.837468789479003,False
326948.8159480095,0.0040000554419762045,0.003992093260848151,-0.0004675943733376542,-7211.020289823413,81354036.70759611,5.660120681673778,False
327248.8159480095,0.003941270897890754,0.003938714984002445,-0.00040244057001448397,-7176.350091427565,81940793.42352189,5.486727207577669,False
327548.8159480095,0.0038839609779322917,0.003885861217867159,-0.0003389891802152434,-7141.967491969466,82523099.32568692,5.317484694269234,False
327848.8159477711,0.003828072433220954,0.0038335137060983016,-0.0002771908427048331,-7107.866839826107,83100978.24329889,5.152584411821554,False
328148.8159477711,0.003773554144720004,0.0037816546630722314,-0.00021699869256597282,-7074.041528582573,83674453.47828105,4.992212716923059,False
328448.81594753265,0.003720357869376317,0.003730267644698415,-0.00015836842115746208,-7040.486222684383,84243547.82933757,4.836551183919657,False
328748.81594753265,0.0036684370981477045,0.003679336541011935,-0.00010125789724302336,-7007.194352939725,84808283.61772645,4.685776720336156,False
329048.81594729424,0.0036177481514249573,0.0036288467819929338,-4.5627288107752406e-05,-6974.161215573549,85368682.71094279,4.540061672711676,False
329348.81594729424,0.0035682486467970543,0.003578783917845385,8.561357987879603e-06,-6941.380382314324,85924766.54648294,4.399573918660759,False
329648.81594729424,0.0035198986023467567,0.003529134820581703,6.134399713531025e-05,-6908.846811965108,86476556.15514491,4.264476950806697,False
329948.8159470558,0.003472659916829478,0.003479887259743464,0.00011275479958872126,-6876.555811837316,87024072.18420263,4.13492994956859,False
330248.8159470558,0.0034264954887569623,0.003431029100397609,0.00016282636266673478,-6844.500972002745,87567334.91903281,4.011087847148299,False
330548.8159468174,0.0033813706059013953,0.003382549782543265,0.00021158960089273648,-6812.678062021732,88106364.30591506,3.8931013846843756,False
330848.8159468174,0.0033372514518811096,0.003334438889623925,0.00025907403479585867,-6781.081314355135,88641179.9732473,3.7811171600437734,False
331148.8159468174,0.0032941060721747885,0.0032866871921442,0.00030530775355330775,-6749.706205591559,89171801.25233452,3.675277670576719,False
331448.815946579,0.003251903872320655,0.0032392862043764126,0.0003503175613017717,-6718.54833625257,89698247.19812016,3.575721348522638,False
331748.815946579,0.0032106150830580587,0.003192227698775696,0.000394129083532313,-6687.602150991559,90220536.60923712,3.4825825909432786,False
332048.81594634056,0.003170211837400602,0.0031455048520001583,0.0004367667695373001,-6656.864072993398,90738688.04785287,3.3959917854829684,False
332348.81594634056,0.003130666642443273,0.003099110741629829,0.0004782540481351738,-6626.328471437097,91252719.85813263,3.316075330355304,False
332648.81594610214,0.0030919538186039743,0.0030530398523467284,0.0005186133301489093,-6595.991801962256,91762650.1858071,3.242955651656409,False
332948.81594610214,0.0030540481649699164,0.0030072867590433816,0.0005578661173926136,-6565.849046558142,92268496.99615341,3.1767512160471347,False
333248.81594610214,0.0030169258612929863,0.0029618470799164243,0.0005960330457108753,-6535.896384015679,92770278.09164742,3.1175765414394556,False
333548.8159458637,0.002980564017610417,0.0029167170501978035,0.0006331339586544971,-6506.130074173212,93268011.12946473,3.065542204503743,False
333848.8159458637,0.002944940309604036,0.0028718931799573966,0.000669187946626959,-6476.545533940196,93761713.6386782,3.0207548462214495,False
334148.8159456253,0.0029100336247764817,0.002827372935854555,0.0007042134225567764,-6447.139317408204,94251403.03599466,2.9833171761068695,False
334448.8159456253,0.0028758232494471205,0.002783153936917415,0.0007382281362131593,-6417.906883537769,94737096.64275251,2.953327974666283,False
334748.8159456253,0.002842289647968665,0.0027392347644479287,0.0007712492716960284,-6388.8449684381485,95218811.70022938,2.930882095400272,False
335048.8159453869,0.002809413979335049,0.0026956144861003395,0.0008032934732713493,-6359.950293272734,95696565.3847826,2.916070466025388,False
335348.8159453869,0.002777177713223642,0.002652292281197788,0.0008343768410341568,-6331.218523144722,96170374.82277143,2.908980089668938,False
335648.81594514847,0.0027455635730384183,0.0026092684042566816,0.0008645150817900848,-6302.647151738405,96640257.10522152,2.9096940461492466,False
335948.81594514847,0.002714554242286373,0.002566542886484058,0.0008937233926662458,-6274.231752499938,97106229.3011165,2.9182914938901026,False
336248.81594491005,0.002684133629185709,0.002524116816772448,0.0009220166702248456,-6245.969832107425,97568308.47189319,2.9348476723213417,False
336548.81594491005,0.0026542857318256454,0.0024819912022167046,0.0009494093832382866,-6217.857517793775,98026511.68432765,2.9594339057238863,False
336848.81594491005,0.002624995438283332,0.0024401677738978833,0.0009759157358470993,-6189.892034068704,98480856.02328087,2.9921176079576006,False
337148.81594467163,0.002596248167312111,0.002398648623909594,0.001001549650284872,-6162.070703327656,98931358.60427819,3.032962289000338,False
337448.81594467163,0.0025680294740470424,0.0023574358118878536,0.0010263247093105221,-6134.389802977443,99378036.58550997,3.0820275634048935,False
337748.8159444332,0.002540325940767313,0.0023165322470788396,0.0010502543805301912,-6106.847361519933,99820907.17983729,3.13936916006698,False
338048.8159444332,0.0025131239843617513,0.0022759404996861576,0.0010733517753220845,-6079.439558297396,100259987.66536883,3.205038935158314,False
338348.8159444332,0.0024864109224083403,0.0022356638508824744,0.0010956299251470014,-6052.164065629244,100695295.39730167,3.279084886232134,False
338648.8159441948,0.00246017449558264,0.0021957058098962534,0.0011171017032531871,-6025.018644183874,101126847.8181933,3.36155116954109,False
338948.8159441948,0.0024344024805616465,0.0021560697286417962,0.0011377797319944705,-5997.999977976084,101554662.46806033,3.4524781200595456,False
339248.8159439564,0.0024090834891316863,0.002116759573254967,0.0011576766342424882,-5971.1062257140875,101978756.99442936,3.5519022731345595,False
339548.8159439564,0.002384206123197417,0.0020777790899444426,0.001176804806262588,-5944.334421440959,102399149.16199937,3.6598563904288475,False
339848.81594371796,0.002359759633833205,0.0020391324343336237,0.001195176639241069,-5917.682598173618,102815856.86126249,3.7763694870301876,False
340148.81594371796,0.0023357332777150697,0.0020008235394755047,0.001212804326693906,-5891.147793933749,103228898.11803193,3.9014668631668634,False
340448.81594371796,0.002312116970877318,0.0019628567324900814,0.001229700103248632,-5864.728172659874,103638291.10174562,4.035170137077046,False
340748.81594347954,0.0022889009098803854,0.0019252363566977237,0.0012458761365152782,-5838.421865180135,104044054.1334837,4.177497282017205,False
341048.81594347954,0.002266075281055353,0.0018879664879420943,0.001261344422267996,-5812.2260722965,104446205.69386125,4.3284626662993,False
341348.8159432411,0.002243630971357069,0.0018510515932632643,0.001276117071959959,-5786.139380663633,104844764.4305979,4.488077094642893,False
341648.8159432411,0.0022215587895740205,0.0018144957864478783,0.0012902060184423192,-5760.159294843674,105239749.16578138,4.656347854726373,False
341948.8159430027,0.0021998500862095895,0.0017783033967475603,0.001303623276823096,-5734.284271299839,105631178.9022165,4.833278764002636,False
342248.8159430027,0.0021784961530662006,0.0017424784009278937,0.001316380699005748,-5708.511805921793,106019072.8305493,5.018870221831964,False
342548.8159430027,0.0021574888401869564,0.0017070249813855298,0.001328490250362968,-5682.84046843648,106403450.3353221,5.213119261700948,False
342848.8159427643,0.002136820204859293,0.00167194719000463,0.001339963868541183,-5657.26879504323,106784331.00069843,5.416019607765429,False
343148.8159427643,0.002116482230088989,0.0016372486873876824,0.0013508133286128654,-5631.794394493103,107161734.6160363,5.627561733954224,False
343448.81594252586,0.0020964675732269176,0.001602933407468754,0.0013610506087013974,-5606.416421711445,107535681.18150757,5.847732923235624,False
343748.81594252586,0.0020767685757939573,0.00156900466231491,0.0013706874091328203,-5581.132363349199,107906190.9122306,6.076517332416839,False
344048.81594252586,0.0020573781687886414,0.0015354659423394423,0.0013797356044236153,-5555.941024586558,108273284.24380796,6.313896055517191,False
344348.81594228745,0.002038289480337238,0.0015023205563409192,0.0013882070567934335,-5530.841274023056,108636981.83630747,6.559847191393319,False
344648.81594228745,0.0020194955147712595,0.001469571349304033,0.0013961134399629316,-5505.831001996994,108997304.57810296,6.814345913238261,False
344948.815942049,0.002000989836978725,0.0014372212907858284,0.0014034666103315274,-5480.909403011203,109354273.58986557,7.07736453713041,False
345248.815942049,0.0019827658630666325,0.0014052728579088125,0.0014102782194962415,-5456.074651226401,109707910.22795507,7.348872595781669,False
345548.8159418106,0.001964817427467719,0.0013737285178763159,0.0014165600305524606,-5431.32579870522,110058236.08717544,7.6288369095593405,False
345848.8159418106,0.0019471382406612155,0.0013425902664607747,0.00142232360591521,-5406.6609939187765,110405273.00407873,7.91722166257042,False
346148.8159418106,0.0019297224540091415,0.0013118601006567587,0.0014275806366921273,-5382.0793775469065,110749043.05942366,8.213988475976256,False
346448.8159415722,0.0019125643427242408,0.001281539748731575,0.0014323427598466054,-5357.580046072602,111089568.58024187,8.5190964844768,False
346748.8159415722,0.001895658061116948,0.0012516304743996898,0.001436621399520277,-5333.161250755191,111426872.1417891,8.832502413571616,False
347048.81594133377,0.0018789982590247138,0.001222133579005913,0.0014404281490580928,-5308.822467461228,111760976.56938781,9.154160654222402,False
347348.81594133377,0.0018625794157491264,0.00119304986387192,0.0014437743507826895,-5284.5621923059225,112091904.93974292,9.48402334222563,False
347648.81594133377,0.0018463962917206122,0.0011643799975047386,0.001446671378658948,-5260.379462972283,112419680.58168827,9.822040433162742,False
347948.81594109535,0.0018304438553614908,0.0011361244563659056,0.0014491305942971877,-5236.273626953363,112744327.07756837,10.168159780065302,True
348248.81594109535,0.0018147169386497504,0.0011082832622264505,0.001451163111960696,-5212.243206575513,113065868.26338984,10.522327211093385,True
348548.81594085693,0.001799210821271656,0.0010808564392732478,0.001452780189721281,-5188.287862032652,113384328.22922765,10.884486603337455,True
348848.81594085693,0.0017839205463857785,0.0010538434945601693,0.00145399275996283,-5164.406117290258,113699731.31896001,11.254579961056484,True
349148.8159406185,0.0017688416663620794,0.0010272439900234076,0.001454811943016665,-5140.597864046693,114012102.13043429,11.632547487607075,True
349448.8159406185,0.0017539693810813143,0.0010010569027656402,0.0014552484391128218,-5116.861492261291,114321465.51401515,12.018327662226325,True
349748.8159406185,0.0017392993328985715,0.0009752812264025579,0.001455313087351584,-5093.196555688977,114627846.57264422,12.411857310139567,True
350048.8159403801,0.001724827267771732,0.0009499157227139676,0.0014550166270375087,-5069.60265250504,114931270.66034263,12.813071675216232,True
350348.8159403801,0.0017105487552630766,0.0009249587325825814,0.0014543694847706234,-5046.0784965753555,115231763.38059112,13.22190449136763,True
350648.8159401417,0.0016964597942314805,0.0009004086189179361,0.0014533822200757385,-5022.623953267932,115529350.58501121,13.638288048582442,True
350948.8159401417,0.0016825561903783526,0.000876263333367433,0.0014520650594942452,-4999.237966105342,115824058.3712643,14.062153263122074,True
351248.8159401417,0.0016688339776206077,0.0008525207248908373,0.001450428209350818,-4975.919975802302,116115913.08060539,14.493429740325618,True
351548.81593990326,0.0016552893519421186,0.0008291784997425111,0.001448481807660329,-4952.669703856111,116404941.29592079,14.932045839215128,True
351848.81593990326,0.0016419183521047985,0.0008062340171761662,0.0014462356724092018,-4929.486098334193,116691169.83862565,15.377928735480953,True
352148.81593966484,0.001628717403928449,0.0007836846672546471,0.001443699725413694,-4906.369154036045,116974625.7658959,15.831004478230856,True
352448.81593966484,0.0016156826923717238,0.0007615274627710278,0.001440883496165668,-4883.31782746315,117255336.36716081,16.291198050819645,True
352748.8159394264,0.0016028107957747452,0.0007397594694964482,0.0014377966245788798,-4860.33215457201,117533329.16092075,16.758433422746823,True
353048.8159394264,0.0015900980938939237,0.0007183774313830327,0.001434448385595033,-4837.411287501454,117808631.89081939,17.232633606032305,True
353348.8159394264,0.0015775411729740901,0.0006973780459418322,0.0014308480138147672,-4814.554850414395,118081272.52144682,17.713720702894243,True
353648.815939188,0.0015651367631735864,0.0006767579322968231,0.0014270046552873339,-4791.76273226738,118351279.23455676,18.20161595500862,True
353948.815939188,0.00155288143071687,0.0006565134541176576,0.0014229271106316332,-4769.034077018499,118618680.4241967,18.696239790537486,True
354248.8159389496,0.0015407721049903826,0.0006366410563316549,0.0014186242736897725,-4746.369030460715,118883504.69222026,19.197511863931894,True
354548.8159389496,0.001528805464359193,0.0006171369036849228,0.001414104616834777,-4723.766717687249,119145780.84298672,19.705351099881096,True
354848.81593871117,0.0015169786101760308,0.0005979972980867387,0.0014093767605238838,-4701.227469101548,119405537.8786868,20.21967572709548,True
355148.81593871117,0.0015052882899906914,0.0005792182314507954,0.0014044488124795862,-4678.750270769,119662804.99300796,20.740403316919544,True
355448.81593871117,0.0014937316176331244,0.0005607958222810794,0.0013993289831510936,-4656.33513328433,119917611.5663685,21.267450811709,True
355748.81593847275,0.0014823057690660749,0.000542726147131134,0.0013940253287536564,-4633.982097148895,120169987.15963578,21.80073455518293,True
356048.81593847275,0.0014710077279921124,0.0005250051136727052,0.001388545527898799,-4611.690403863788,120419961.5077479,22.340170319815087,True
356348.81593823433,0.0014598348453007729,0.0005076287869201224,0.001382897372284475,-4589.460329800844,120667564.51378176,22.88567332615226,True
356648.81593823433,0.0014487842150245759,0.0004905930572363104,0.0013770882195629497,-4567.291154012084,120912826.24192348,23.437158266416386,True
356948.81593823433,0.0014378532589957131,0.0004738939738899717,0.0013711255111878984,-4545.183064222336,121155776.91118595,23.99453931735499,True
357248.8159379959,0.0014270393488574815,0.0004575275521858657,0.0013650164401539655,-4523.135931715369,121396446.88776378,24.557730154924812,True
357548.8159379959,0.0014163397528773442,0.00044148976411406693,0.001358767902111424,-4501.149144485593,121634866.67820075,25.126643965369595,True
357848.8159377575,0.0014057520933917662,0.0004257767895126108,0.001352386910241421,-4479.223087713122,121871066.92209771,25.701193447826675,True
358148.8159377575,0.0013952737245332852,0.0004103847098519964,0.0013458800350072408,-4457.35714033246,122105078.38398334,26.28129082106493,True
358448.8159375191,0.0013849023440731091,0.00039530983505642325,0.0013392539616106092,-4435.551645085216,122336931.94594017,26.866847818118817,True
358748.8159375191,0.0013746354446100336,0.00038054844316093295,0.0013325149920788704,-4413.806150436401,122566658.59929661,27.45777568547705,True
359048.8159375191,0.0013644706878718931,0.0003660969837255834,0.0013256693893985982,-4392.120614036918,122794289.43630546,28.05398517051521,True
359348.81593728065,0.0013544058487045812,0.00035195206379512456,0.0013187233304243762,-4370.4952179938555,123019855.6421016,28.655386509812622,True
359648.81593728065,0.0013444385311882096,0.00033811033193842377,0.0013116826443990703,-4348.929477289319,123243388.48573841,29.261889413458718,True
359948.81593704224,0.0013345666565175664,0.00032456872611419385,0.0013045532692395057,-4327.423782706261,123464919.31169845,29.873403039344787,True
360248.81593704224,0.0013247878958541697,0.00031132422867585774,0.0012973407252729885,-4305.977614656091,123684479.53057228,30.48983597095225,True
360548.81593704224,0.0013151002233300804,0.0002983741417494912,0.00129005063515919,-4284.59128433466,123902100.61043675,31.111096181918022,True
360848.8159368038,0.0013055015563518204,0.0002857159426525868,0.0012826883901624342,-4263.26480551064,124117814.06696974,31.737091001093535,True
361148.8159368038,0.0012959897045280867,0.00027334728798678043,0.0012752591027478388,-4241.997740507126,124331651.45435065,32.36772707190993,True
361448.8159365654,0.0012865628082576988,0.000261266229301782,0.0012677680251158563,-4220.790566265583,124543644.35582241,33.00291030047108,True
361748.8159365654,0.0012772187422334738,0.00024947097966787624,0.0012602199859443886,-4199.642823562026,124753824.37344117,33.64254580596594,True
362048.815936327,0.001267955709170802,0.000237960197580378,0.001252619957753609,-4178.554955855012,124962223.11866385,34.28653785533959,True
362348.815936327,0.0012587716587225237,0.00022673277064200192,0.001244972504984787,-4157.526520207524,125168872.2018514,34.934789800170705,True
362648.815936327,0.0012496648337664083,0.00021578807758260155,0.0012372823089421559,-4136.557864591479,125373803.22260606,35.587203997318674,True
362948.81593608856,0.0012406334181018573,0.00020512587684606842,0.0012295538330064915,-4115.649050205946,125577047.75888994,36.24368172744758,True
363248.81593608856,0.0012316754865559511,0.00019474632841820494,0.0012217912753058613,-4094.799704954028,125778637.35692799,36.90412310462249,True
363548.81593585014,0.0012227894342288343,0.00018465020704638846,0.0012139989854702549,-4074.0103250592947,125978603.52083664,37.56842697080092,True
363848.81593585014,0.0012139733937643693,0.00017483871846479815,0.0012061809029404458,-4053.2805142253637,126176977.70148781,38.236490788983446,True
364148.81593585014,0.0012052257403173741,0.0001653137492780843,0.0011983410471572142,-4032.610507681966,126373791.2861565,38.908210516368804,True
364448.8159356117,0.001196544923710176,0.0001560778562179621,0.0011904833570426376,-4012.00066152215,126569075.58763255,39.58348047139133,True
364748.8159356117,0.0011879291263539639,0.0001471342008017018,0.0011826113574571195,-3991.4504436403513,126762861.8327207,40.26219318785792,True
365048.8159353733,0.001179376905240352,0.00013848686023720802,0.0011747287857488686,-3970.960336536169,126955181.15202339,40.9442392483901,True
365348.8159353733,0.0011708865778234218,0.00013014067445737965,0.001166838991991881,-3950.530023947358,127146064.56824404,41.62950711144982,True
365648.8159351349,0.0011624567518328545,0.0001221015265002734,0.0011589454565097412,-3930.159948512912,127335542.98533478,42.317882911336056,True
365948.8159351349,0.0011540857905132918,0.0001143762419246741,0.0011510512643013726,-3909.8497482836246,127523647.17689508,43.00925024892822,True
366248.8159351349,0.0011457723351081708,0.00010697288337269129,0.001143159615502043,-3889.5997800678015,127710407.7753275,43.703489952285665,True
366548.81593489647,0.0011375149656274136,9.990074488541723e-05,0.0011352734893748107,-3869.41013251245,127895855.25994681,44.40047982043482,True
366848.81593489647,0.001129312152167768,9.31704670392719e-05,0.001127395591389302,-3849.280492320657,128080019.94587886,45.100094341348864,True
367148.81593465805,0.0011211626708841512,8.679432974645351e-05,0.0011195287582097535,-3829.2113373428583,128262931.9727834,45.802204375585035,True
367448.81593465805,0.00111306503893307,8.078621721097079e-05,0.001111675393360656,-3809.202320575714,128444621.29293928,46.50667681777141,True
367748.81593465805,0.0011050180106215936,7.516197530321733e-05,0.0011038379486265626,-3789.253685668111,128625117.66014832,47.21337421373838,True
368048.81593441963,0.0010970203624612724,6.993954229983501e-05,0.0010960187017019507,-3769.365652412176,128804450.618056,47.92215434498591,True
368348.81593441963,0.001089070739090122,6.513912688888013e-05,0.0010882195907626624,-3749.5379880666733,128982649.4886343,48.63286976970233,True
368648.8159341812,0.0010811679922538276,6.078358529748584e-05,0.0010804425352404223,-3729.770958542824,129159743.36062731,49.34536730915546,True
368948.8159341812,0.0010733107962962618,5.689858119239943e-05,0.0010726890365475583,-3710.0642570853233,129335761.07811195,50.05948748901638,True
369248.8159339428,0.0010654981247993133,5.351307953560536e-05,0.0010649606295913827,-3690.4183243215084,129510731.22920816,50.77506391002302,True
369548.8159339428,0.001057728695440969,5.065952564109466e-05,0.0010572583060408647,-3670.8328182399273,129684682.13420936,51.491922560584825,True
369848.8159339428,0.0010500014515727892,4.837443066207925e-05,0.0010495829623948794,-3651.307938337326,129857641.83450498,52.20988104330344,True
370148.8159337044,0.0010423154025029147,4.669878987328957e-05,0.0010419352056771913,-3631.843980640173,130029638.08117151,52.92874772174744,True
370448.8159337044,0.0010346692970307975,4.567849862269213e-05,0.0010343149864837642,-3612.440465539694,130200698.3231706,53.64832077052687,True
370748.81593346596,0.0010270622363194838,4.536517263886708e-05,0.0010267221588051711,-3593.0977845042944,130370849.6967624,54.368387109525784,True
371048.81593346596,0.001019493087809136,4.58166173018526e-05,0.0010191558384562427,-3573.8156312555075,130540119.01381032,55.088721224735465,True
371348.81593322754,0.001011960990843044,4.7097778661964185e-05,0.0010116148371963618,-3554.594347074628,130708532.7509043,55.80908383978053,True
371648.81593322754,0.001004464851723159,4.928142197968555e-05,0.001004097079359667,-3535.4335860460997,130876117.03804338,56.529220440471626,True
371948.81593322754,0.000997003793023678,5.2449274392074585e-05,0.0009965999535168635,-3516.333500236273,131042897.64791256,57.24885961217289,True
372248.8159329891,0.0009895770014578104,5.6693069893754e-05,0.000989120049105452,-3497.294332295656,131208899.98500842,57.96771118256474,True
372548.8159329891,0.0009821834052866766,6.211564959812677e-05,0.0009816527042119105,-3478.3155892044306,131374149.07443944,58.685464137277854,True
372848.8159327507,0.0009748222785983474,6.883259015921794e-05,0.0009741924518351652,-3459.3975992053747,131538669.5519088,59.40178427181065,True
373148.8159327507,0.0009674926634069237,7.697350883972831e-05,0.0009667322642386011,-3440.540028512478,131702485.6527515,60.11631156252816,True
373448.8159327507,0.000960193804412879,8.668396557709457e-05,0.0009592637721240749,-3421.7429923564196,131865621.20172837,60.828657199785326,True
373748.8159325123,0.0009529249678701196,9.812728941938076e-05,0.0009517768351869904,-3403.0065899938345,132028099.60269277,61.53840025701814,True
374048.8159325123,0.0009456852883589221,0.0001114865840463608,0.0009442590987802646,-3384.3305249512196,132189943.82847951,62.24508394285348,True
374348.81593227386,0.00093847409512089,0.00012696715080551257,0.0009366959760441773,-3365.7149222791195,132351176.41085568,62.948211379105366,True
374648.81593227386,0.0009312905426526706,0.0001447987256142369,0.0009290698849397927,-3347.159410774708,132511819.4308304,63.64724086453241,True
374948.81593203545,0.0009241340690771807,0.0001652382776740069,0.0009213602381805686,-3328.664253041148,132671894.50912681,64.34158054658263,True
375248.81593203545,0.0009170038620541149,0.00018857232521440892,0.0009135423812978161,-3310.2290365099907,132831422.79643826,65.03058245972352,True
375548.81593203545,0.0009098993221078639,0.00021511977556087913,0.0009055874313474988,-3291.853806346655,132990424.9643977,65.71353585018157,True
375848.815931797,0.0009028199093285613,0.00024523423178379744,0.0008974614181056495,-3273.538683876395,133148921.1964989,66.38965974519837,True
376148.815931797,0.0008957648284619517,0.0002793057187204795,0.000889124175060374,-3255.283123791218,133306931.17884845,67.05809471242253,True
376448.8159315586,0.0008887336197419117,0.00031776231614344397,0.00088052901435276,-3237.0873176306486,133464474.09201255,67.71789377180203,True
376748.8159315586,0.0008817255938435437,0.0003610697536657881,0.0008716211809058905,-3218.9508584290743,133621568.60222365,68.36801247217176,True
377048.8159315586,0.0008747402561988851,0.00040972994565890986,0.0008623371847988892,-3200.873737990856,133778232.85325786,69.00729815523805,True
377348.8159313202,0.0008677771363272235,0.00046427644684854386,0.0008526034986715558,-3182.8559437841177,133934484.45839243,69.63447852753865,True
377648.8159313202,0.000860835588538005,0.0005252661281360815,0.0008423352241635484,-3164.8970051407814,134090340.49254057,70.24814973335158,True
377948.8159310818,0.0008539152780190645,0.0005932665882255606,0.0008314354731595586,-3146.9971072673798,134245817.48495308,70.84676425126199,True
378248.8159310818,0.0008470155528044743,0.000668835788189881,0.0008197938757916745,-3129.155661225319,134400931.41148236,71.42861913003512,True
378548.81593084335,0.000840136090691598,0.0007524947958472694,0.0008072866305894877,-3111.3727690577507,134555697.6880131,71.99184527361413,True
378848.81593084335,0.0008332763409117325,0.0008446888804485297,0.0007937759976783809,-3093.6479690372944,134710131.163406,72.53439880150631,True
379148.81593084335,0.0008264359442074572,0.0009457380799062776,0.0007791115582875818,-3075.981174170971,134864246.11305043,73.0540558117976,True
379448.81593060493,0.0008196145578112366,0.0010557742900516587,0.0007631321435042082,-3058.372279345989,135018056.23258606,73.5484122753492,True
379748.81593060493,0.0008128117072068801,0.0011746660684366361,0.0007456694309126988,-3040.820842385292,135171574.6319685,74.0148911435468,True
380048.8159303665,0.0008060271017426152,0.0013019349566718574,0.0007265539926066822,-3023.3267717957497,135324813.8296001,74.45075905978801,True
380348.8159303665,0.0007992602771829391,0.0014366673956374143,0.0007056231634550159,-3005.889555811882,135477785.74711686,74.85315521671194,True
380648.8159303665,0.0007925109771765611,0.0015774355495352665,0.0006827320963225247,-2988.5090801417828,135630501.70422444,75.21913470917315,True
380948.8159301281,0.0007857789465223666,0.0017222393463782737,0.0006577667045775115,-2971.185182183981,135782972.41378215,75.54572812001517,True
381248.8159301281,0.0007790637593972775,0.0018684893587419538,0.000630658365906811,-2953.9172981977463,135935207.97727415,75.83001781609941,True
381548.8159298897,0.0007723652910803118,0.002013051653449338,0.0006013994898097508,-2936.70544475317,136087217.8807052,76.06922951750522,True
381848.8159298897,0.0007656831029069775,0.0021523645248748835,0.0005700567502628928,-2919.5489487946033,136239010.9903656,76.26083522047993,True
382148.81592965126,0.0007590170763586334,0.0022826382511880183,0.0005367812775176617,-2902.447749555111,136390595.54954177,76.40266080020933,True
382448.81592965126,0.0007523668658663355,0.002400118653270056,0.0005018117462611826,-2885.4012838602066,136541979.17505324,76.4929892181233,True
382748.81592965126,0.0007457323096749384,0.002501391198137526,0.00046546998159158193,-2868.4093186557293,136693168.85424155,76.53064886037262,True
383048.81592941284,0.0007391132646504728,0.002583675899586524,0.0004281475015233127,-2851.4716137349606,136844170.9423126,76.51507683504458,True
383348.81592941284,0.000732509412943392,0.002645065116638534,0.00039028439188371067,-2834.5875470638275,136994991.15995795,76.44634930845717,True
383648.8159291744,0.0007259207331207886,0.002684665920810403,0.0003523432910981228,-2817.7570367753506,137145634.5913945,76.3251749377347,True
383948.8159291744,0.0007193468914007856,0.0027026189376329057,0.0003147812904700231,-2800.9793595075607,137296105.68242252,76.15285233095781,True
384248.8159291744,0.0007127878078853396,0.002700006687575751,0.0002780243934665805,-2784.2542455792427,137446408.23928782,75.93119711970496,True
384548.815928936,0.0007062434194320119,0.0026786699712886275,0.0002424468007689029,-2767.581417322159,137596545.42751074,75.66244761206474,True
384848.815928936,0.0006997134785209112,0.002640975000844037,0.00020835722106937737,-2750.9602160453796,137746519.77112848,75.34915950049623,True
385148.8159286976,0.0006931979920273656,0.002589574474427536,0.000175992638844491,-2734.390424877405,137896333.15226877,74.99409970032247,True
385448.8159286976,0.0006866967730108031,0.0025271892962166476,0.00014551846709309757,-2717.8714340031147,138045986.81118178,74.60014753471164,True
385748.81592845917,0.0006802098078428798,0.0024564379796743196,0.00011703385374062236,-2701.402920395136,138195481.34620962,74.17020889185541,True
386048.81592845917,0.0006737369092810226,0.002379715215425904,9.058016087237775e-05,-2684.9842151403427,138344816.71467474,73.70714628113559,True
386348.81592845917,0.0006672780867651118,0.002299122726242331,6.615106387641845e-05,-2668.6149747669697,138493992.23361698,73.21372544911961,True
386648.81592822075,0.0006608333448872343,0.002216439210343424,4.3702882294383016e-05,-2652.2948122918606,138643006.5810064,72.69257754548286,True
386948.81592822075,0.0006544025229185159,0.0021331211842436915,2.3164292358046623e-05,-2636.0230240523815,138791857.79737553,72.1461748435528,True
387248.81592798233,0.0006479857056076533,0.0020503259758868353,4.444790135949006e-06,-2619.799306124449,138940543.28758353,71.57681758171539,True
387548.81592798233,0.0006415827847714994,0.0019689433128746714,-1.2558181637700727e-05,-2603.6229939758778,139089059.82320145,70.98662943748955,True
387848.8159277439,0.0006351938215750146,0.0018896344118957131,-2.7953630834076648e-05,-2587.4936866760254,139237403.54471293,70.37755938086666,True
388148.8159277439,0.0006288187035669782,0.0018128691465904012,-4.185263020417551e-05,-2571.4106664955616,139385569.96471918,69.75138796032772,True
388448.8159277439,0.0006224575108257647,0.0017389629157378295,-5.4365198721484376e-05,-2555.3735143840313,139533553.97088832,69.10973647677051,True
388748.8159275055,0.0006161103174955109,0.0016681078531064486,-6.559802434935591e-05,-2539.3817729353905,139681349.8294473,68.4540778300073,True
389048.8159275055,0.0006097770267635615,0.0016003997311031526,-7.565292196431983e-05,-2523.4346857070923,139828951.1890598,67.78574815112914,True
389348.8159272671,0.0006034578239544031,0.0015358619797325446,-8.46260330433779e-05,-2507.5319286584854,139976351.08483288,67.10595859253763,True
389648.8159272671,0.0005971525858075308,0.0014744627836762447,-9.260718377390731e-05,-2491.672664910555,140123541.9427136,66.41580683121289,True
389948.8159272671,0.0005908614304380563,0.0014161314437615147,-9.96798664942844e-05,-2475.8564212322235,140270515.5842512,65.7162880254674,True
390248.81592702866,0.0005845844871027599,0.0013607695710220469,-0.00010592123136632381,-2460.0827180445194,140417263.23158562,65.00830504889369,True
390548.81592702866,0.0005783217007645746,0.0013082598483151742,-0.00011140222208894102,-2444.350774049759,140563775.51280236,64.29267792583073,True
390848.81592679024,0.0005720732583935433,0.0012584740585452892,-0.00011618800966317622,-2428.6601596474648,140710042.46736357,63.57015244950938,True
391148.81592679024,0.0005658391535998353,0.0012112774450088182,-0.00012033820437551412,-2413.0101349949837,140856053.5522577,62.84140798078022,True
391448.8159265518,0.0005596195433019924,0.001166533469472597,-0.00012390735680867238,-2397.4001886844635,141001797.6477717,62.10706448184154,True
391748.8159265518,0.0005534144107060016,0.0011241060147710868,-0.00012694523073975006,-2381.829537779093,141147263.06436098,61.36768881618168,True
392048.8159265518,0.0005472239252242165,0.0010838622013693566,-0.00012949731469547032,-2366.297657728195,141292437.54908276,60.62380039023268,True
392348.8159263134,0.0005410482465185619,0.0010456734167405557,-0.00013160512374099653,-2350.8039905130863,141437308.29263586,59.87587618122781,True
392648.8159263134,0.0005348873687904097,0.0010094159919731283,-0.000133306489523477,-2335.347732126713,141581861.9367394,59.124355215990875,True
392948.815926075,0.0005287415200860908,0.0009749725377901086,-0.00013463603606567176,-2319.9283934533596,141726084.58139187,58.36964256309804,True
393248.815926075,0.0005226107360005018,0.0009422314676612586,-0.00013562532257083149,-2304.5452056229115,141869961.79295295,57.61211287553318,True
393548.815926075,0.0005164951541156918,0.000911087651275011,-0.00013630323208246864,-2289.197530567646,142013478.61175326,56.85211355065219,True
393848.81592583656,0.0005103949708869879,0.0008814422892271523,-0.00013669621030487633,-2273.8847947120667,142156619.56061816,56.08996753604033,True
394148.81592583656,0.0005043102168992673,0.0008532024002647631,-0.00013682840928908035,-2258.606196552515,142299368.65339342,55.325975826832895,True
394448.81592559814,0.0004982411449142368,0.0008262812625048355,-0.0001367220481114373,-2243.3612139821053,142441709.40336564,54.560419696329866,True
394748.81592559814,0.0004921877788824476,0.0008005974158891149,-0.00013639742709159464,-2228.1490218639374,142583624.83251718,53.79356267571022,True
395048.8159253597,0.000486150413041264,0.0007760751842056379,-0.00013587329447517504,-2212.969128280878,142725097.4804047,53.025652330337316,True
395348.8159253597,0.00048012903701024343,0.0007526434689850703,-0.00013516677616820516,-2197.820652961731,142866109.41369686,52.256921837154664,True
395648.8159253597,0.0004741238713608341,0.0007302362863015333,-0.00013429372556572616,-2182.7029962837696,143006642.2356155,51.48759140476247,True
395948.8159251213,0.0004681351434571055,0.0007087921090942473,-0.00013326876153030298,-2167.61555531621,143146677.09574872,50.7178695394623,True
396248.8159251213,0.00046216289745821545,0.0006882533012344538,-0.0001321053075358236,-2152.5575026869774,143286194.70010948,49.94795418063945,True
396548.8159248829,0.00045620740936968884,0.0006685664462793284,-0.0001308158565294093,-2137.5282793343067,143425175.3209818,49.178033726771304,True
396848.8159248829,0.000450268763336664,0.0006496814611693935,-0.00012941189751103366,-2122.527096182108,143563598.80761766,48.40828794934476,True
397148.8159248829,0.00044434714200541133,0.0006315517624670974,-0.0001279041121335922,-2107.5532755851746,143701444.59628287,47.63888882521509,True
397448.81592464447,0.00043844278405292733,0.0006141339590044481,-0.00012630243310951528,-2092.606194227934,143838691.72117472,46.87000128188453,True
397748.81592464447,0.00043255576340342386,0.0005973873268771968,-0.00012461602653246473,-2077.6850450634956,143975318.82530695,46.101783870854824,True
398048.81592440605,0.00042668637027096386,0.0005812741187583015,-0.0001228535001374098,-2062.7892513871193,144111304.17110872,45.334389383367466,True
398348.81592440605,0.00042083467356182164,0.0005657587787482043,-0.00012102279067960353,-2047.9179970622063,144246625.65191284,44.56796539967863,True
398648.81592416763,0.00041500096741865154,0.000550808355569643,-0.00011913138441599358,-2033.0706999599934,144381260.80278954,43.80265479760012,True
398948.81592416763,0.0004091853559532971,0.0005363917872500679,-0.00011718620505263289,-2018.2465776503086,144515186.81232554,43.03859620555407,True
399248.81592416763,0.00040338804048526826,0.0005224801222993847,-0.00011519376335655807,-2003.4449477493763,144648380.5336488,42.275924424420644,True
399548.8159239292,0.00039760927760566957,0.000509046316324202,-0.00011316017783968846,-1988.6651768386364,144780818.49628982,41.51477080680892,True
399848.8159239292,0.00039184916035365483,0.000496064825256326,-0.000111091128701446,-1973.906472593546,144912476.91798335,40.75526360368597,True
400148.8159236908,0.00038610799687472254,0.000483511956304028,-0.00010899202661107665,-1959.1682464182377,145043331.71609256,39.99752828799447,True
400448.8159236908,0.00038038587069443475,0.0004713652084546993,-0.00010686788182567852,-1944.4496982991695,145173358.51992074,39.2416878425996,True
400748.8159236908,0.000374683071660568,0.00045960369880049257,-0.00010472348404277909,-1929.7502179145813,145302532.6823601,38.48786303390682,True
401048.8159234524,0.00036899981689950443,0.0004482077221155123,-0.00010256332558356007,-1915.0691257417202,145430829.2920041,37.73617265782951,True
401348.8159234524,0.00036333621050092183,0.00043715861829696223,-0.00010039161043096101,-1900.4056445658207,145558223.18555072,36.98673376658795,True
401648.81592321396,0.00035769258829247144,0.00042643909966955107,-9.821239159180095e-05,-1885.7591974139214,145684688.95958436,36.23966188415251,True
401948.81592321396,0.0003520690511037735,0.0004160326214446286,-9.602942947850579e-05,-1871.129007279873,145810200.98323944,35.495071196665144,True
402248.81592297554,0.0003464659266229545,0.0004059238553963951,-9.384636373255262e-05,-1856.514485836029,145934733.41009232,34.75307473834635,True
402548.81592297554,0.00034088335615164983,0.00039609814231766904,-9.166659035741986e-05,-1841.9148919582367,146058260.19097114,34.01378455458559,True
402848.81592297554,0.00033532157842432154,0.00038654176248087424,-8.949336922370321e-05,-1827.3295657336712,146180755.08588684,33.27731186224833,True
403148.8159227371,0.0003297808887710355,0.00037724183079035356,-8.73298214187912e-05,-1812.757887005806,146302191.67671832,32.54376719311789,True
403448.8159227371,0.0003242614237934045,0.00036818600182186856,-8.517887384940082e-05,-1798.1991184353828,146422543.37979263,31.813260527399695,True
403748.8159224987,0.0003187635341981848,0.0003593628446196817,-8.304338487263863e-05,-1783.652679592371,146541783.4579575,31.085901424118372,True
404048.8159224987,0.00031328735768184127,0.00035076131752020956,-8.092602364584423e-05,-1769.117837548256,146659885.03352296,30.361799134177662,True
404348.8159224987,0.0003078332006032515,0.0003423711563357301,-7.882939373615727e-05,-1754.5939799845219,146776821.10036173,29.641062714637744,True
404648.8159222603,0.0003024014101636081,0.0003341826909206702,-7.675600071621602e-05,-1740.08051648736,146892564.53659424,28.923801129894322,True
404948.8159222603,0.00029699210060267126,0.0003261865105059769,-7.470818406218882e-05,-1725.576705724001,147007088.11717758,28.210123346235235,True
405248.81592202187,0.0002916056685960613,0.0003183739984251588,-7.268826772843795e-05,-1711.0819885134697,147120364.52607733,27.50013842611477,True
405548.81592202187,0.0002862423021202746,0.0003107367627990243,-7.069843093177042e-05,-1696.595674932003,147232366.36914614,26.793955607847884,True
405848.81592178345,0.00028090240740703815,0.00030326707442895895,-6.874082796670677e-05,-1682.117205351591,147343066.18610692,26.09168438916978,True
406148.81592178345,0.0002755861798402538,0.0002959573749876654,-6.681748151393663e-05,-1667.6458966434002,147452436.46342474,25.39343459644182,True
406448.81592178345,0.0002702940265547176,0.000288800709483894,-6.493039511923371e-05,-1653.1811850965023,147560449.6463129,24.69931645762091,True
406748.815921545,0.00026502629460678034,0.00028179040975828684,-6.308148790878931e-05,-1638.7224698662758,147667078.15118763,24.009440664818484,True
407048.815921545,0.00025978323293402914,0.0002749200342577751,-6.127259234034454e-05,-1624.2690987586975,147772294.37820226,23.3239184325462,True
407348.8159213066,0.0002545653311489791,0.0002681837085276584,-5.950553504519007e-05,-1609.8205402195454,147876070.7230785,22.642861557239243,True
407648.8159213066,0.00024937286376656824,0.00026157562163575676,-5.778203647821556e-05,-1595.3761541843414,147978379.58974183,21.966382464276542,True
407948.8159213066,0.00024420629485527476,0.0002550904379745589,-5.61038037254491e-05,-1580.935388892889,148079193.40207484,21.29459425933412,True
408248.8159210682,0.00023906610646937638,0.00024872309762713485,-5.447249337109383e-05,-1566.4976940453053,148178484.61615595,20.627610770234707,True
408548.8159210682,0.00023395267568087033,0.00024246867209853917,-5.288969106231889e-05,-1552.0624693632126,148276225.73244277,19.965546585015918,True
408848.8159208298,0.0002288665536195675,0.00023632264179695994,-5.135696770963705e-05,-1537.6291849017143,148372389.3072737,19.308517091526138,True
409148.8159208298,0.0002238081555121437,0.00023028055667850822,-4.987582309468053e-05,-1523.1972511708736,148466947.96521205,18.656638505201258,True
409448.81592059135,0.00021877815347282756,0.00022433843238900408,-4.844775666157375e-05,-1508.76617115736,148559874.41035658,18.010027901566144,True
409748.81592059135,0.00021377702709552844,0.0002184922676633505,-4.707419148530789e-05,-1494.3353707194328,148651141.4384564,17.36880323647121,True
410048.81592059135,0.0002088054616365362,0.00021273844555480537,-4.575654151750541e-05,-1479.9043416976929,148740721.948126,16.733083370405616,True
410348.81592035294,0.00020386422311795767,0.00020707358936533637,-4.449618844759584e-05,-1465.472589313984,148828588.95251784,16.102988083692793,True
410648.81592035294,0.00019895389591167555,0.00020149427791693597,-4.3294447911179645e-05,-1451.0395576655865,148914715.590849,15.478638087851271,True
410948.8159201145,0.00019407539205909769,0.00019599755944454955,-4.215263892959342e-05,-1436.6047765612602,148999075.1393587,14.860155038065658,True
411248.8159201145,0.00018922947748962145,0.00019058044730968504,-4.107202136083288e-05,-1422.1677268147469,149081641.02290875,14.247661534027216,True
411548.8159198761,0.00018441719604627273,0.0001852403443649564,-4.0053846527499104e-05,-1407.727947384119,149162386.82563293,13.641281124667367,True
411848.8159198761,0.000179639458521735,0.0001799746034976124,-3.9099311345935917e-05,-1393.2849359810352,149241286.30232668,13.041138300761794,True
412148.8159198761,0.00017489746391792865,0.00017478094704870273,-3.820960080602731e-05,-1378.8382409512997,149318313.3889326,12.447358490597038,True
412448.8159196377,0.00017019244453084033,0.00016965718697292687,-3.738586052293158e-05,-1364.3874018192291,149393442.21340635,11.860068046304873,True
412748.8159196377,0.00016552564075847427,0.0001646011812681536,-3.662919776381557e-05,-1349.9319500625134,149466647.10649186,11.279394225800152,True
413048.81591939926,0.00016089864401771573,0.00015961116824314558,-3.594070265577898e-05,-1335.4714599251747,149537902.61183223,10.705465174742333,True
413348.81591939926,0.00015631296863460862,0.00015468530375528644,-3.532141977302672e-05,-1321.0054821670055,149607183.49671373,10.138409896759129,True
413648.81591939926,0.00015177046230817115,0.00014982206130298437,-3.4772370133495656e-05,-1306.533598035574,149674464.7619307,9.57835822575792,False
413948.81591916084,0.00014727315882469134,0.0001450200546457836,-3.429453929371107e-05,-1292.0553930103779,149739721.65201142,9.02544078862887,False
414248.81591916084,0.00014282318227528047,0.0001402779093382378,-3.388887549427011e-05,-1277.5704519450665,149802929.66529852,8.479788962965216,False
414548.8159189224,0.00013842304216116398,0.00013559453606148963,-3.355629492141077e-05,-1263.078378379345,149864064.56340396,7.94153483394095,False
414848.8159189224,0.00013407536461035948,0.00013096881528440463,-3.329767712756393e-05,-1248.5787782371044,149923102.3812459,7.410811139333858,False
415148.815918684,0.00012978330256396405,0.0001263999830314333,-3.311386355964174e-05,-1234.0712710916996,149980019.43617558,6.887751216023705,False
415448.815918684,0.000125550144362875,0.00012188717630579049,-3.300566005037808e-05,-1219.5554840564728,150034792.3377024,6.372488934182688,False
415748.815918684,0.00012137973745306765,0.00011742982343321273,-3.2973830065508025e-05,-1205.031052917242,150087397.99637863,5.86515863215264,False
416048.8159184456,0.00011727641679302694,0.00011302751201469619,-3.301909189978858e-05,-1190.4976153075695,150137813.632987,5.365895041444252,False
416348.8159184456,0.00011324481513888147,0.00010867971980133007,-3.3142133093910786e-05,-1175.9548340141773,150186016.78757247,4.874833206114661,False
416648.81591820717,0.00010929040255778475,0.00010438631346687544,-3.334358265849602e-05,-1161.4023614525795,150231985.32786807,4.392108400230969,False
416948.81591820717,0.00010541911237668295,0.000100147067286116,-3.3624037475643576e-05,-1146.8398782908916,150275697.45821893,3.91785603366248,False
417248.81591820717,0.00010163775921619752,9.596202141892718e-05,-3.398403593113386e-05,-1132.267058700323,150317131.72770408,3.452211557788026,False
417548.81591796875,9.795398533367093e-05,9.183132942780503e-05,-3.442406465703485e-05,-1117.6835818588734,150356267.0385199,2.995310361494266,False
417848.81591796875,9.437623927167735e-05,8.775512861802781e-05,-3.494457248409688e-05,-1103.0891559123993,150393082.65417776,2.5472876614671143,False
418148.81591773033,9.091411160701609e-05,8.373380828174959e-05,-3.554593914367743e-05,-1088.4834742546082,150427558.20716965,2.1082783902232602,False
418448.81591773033,8.757815073463844e-05,7.976770052664506e-05,-3.622851032147878e-05,-1073.8662704825401,150459673.70701104,1.6784170731104093,False
418748.8159174919,8.438026698072475e-05,7.58574577730542e-05,-3.6992544562908236e-05,-1059.2372412979603,150489409.54752877,1.2578377052244742,False
419048.8159174919,8.133340202691586e-05,7.200360576575804e-05,-3.783827477044088e-05,-1044.5961425304413,150516746.51457444,0.8466736174015327,False
419348.8159174919,7.845186826247965e-05,6.820693030817893e-05,-3.876584787254611e-05,-1029.9427005648613,150541665.79300547,0.4450573418214831,False
419648.8159172535,7.575115161497717e-05,6.446830514050816e-05,-3.9775346309077475e-05,-1015.2766471803188,150564148.97386655,0.05312046911238524,False
419948.8159172535,7.324769135057465e-05,6.0788566742076e-05,-4.086681171339146e-05,-1000.5977592766285,150584178.0613647,-0.32900649937182275,False
420248.8159170151,7.095884231644555e-05,5.716877720374214e-05,-4.2040191686520956e-05,-985.9057796597481,150601735.4793849,-0.7011943010144368,False
420548.8159170151,6.890228715227345e-05,5.3609917642916116e-05,-4.329540023007006e-05,-971.2005129158497,150616804.0782499,-1.0633150703171004,False
420848.8159170151,6.709574423665151e-05,5.011320621406412e-05,-4.463224634365659e-05,-956.4817168414593,150629367.14086747,-1.4152424970244135,False
421148.81591677666,6.555617583272569e-05,4.667991848350539e-05,-4.6050467373603965e-05,-941.7491575479507,150639408.3890145,-1.7568519909391918,False
421448.81591677666,6.429893912381387e-05,4.331123801648573e-05,-4.754976852350268e-05,-927.0026723146439,150646911.98941258,-2.0880208499830983,False
421748.81591653824,6.333714405410063e-05,4.000864828412887e-05,-4.91297167828364e-05,-912.2420062124729,150651862.55932942,-2.4086284287263378,False
422048.81591653824,6.268056690269051e-05,3.6773409817669744e-05,-5.078988040452259e-05,-897.4670326709747,150654245.17247987,-2.7185563131849904,False
422348.8159162998,6.233516792703323e-05,3.360708745958618e-05,-5.2529677572188405e-05,-882.6775170266628,150654045.36420825,-3.017688493808787,False
422648.8159162998,6.23024157068542e-05,3.0511084730733273e-05,-5.434851006258512e-05,-867.873328268528,150651249.13697925,-3.30591154371821,False
422948.8159162998,6.25792072466867e-05,2.7486982872915178e-05,-5.624565728323816e-05,-853.0542732179165,150645842.96528918,-3.5831147945045974,False
423248.8159160614,6.315795054455656e-05,2.4536390469620528e-05,-5.8220317533219657e-05,-838.2201628983021,150637813.80063382,-3.849190514722774,False
423548.8159160614,6.402702451817617e-05,2.166081563359512e-05,-6.027165282418423e-05,-823.3708813488483,150627149.07625726,-4.104034088021894,False
423848.815915823,6.517150330750161e-05,1.886191719790986e-05,-6.239869728030811e-05,-808.5062446296215,150613836.71158054,-4.347544188535311,False
424148.815915823,6.657400109138075e-05,1.6141206458542e-05,-6.460046490364135e-05,-793.6261660456657,150597865.11663094,-4.579622957674276,False
424448.815915823,6.821554059584638e-05,1.3500350263484506e-05,-6.68758312851736e-05,-778.7304738759995,150579223.19607243,-4.800176176015852,False
424748.81591558456,7.007637964375713e-05,1.0940994428665363e-05,-6.922359600114447e-05,-763.8190056979656,150557900.35323218,-5.009113434195762,False
425048.81591558456,7.213677293716717e-05,8.4646239599806e-06,-7.164254423130956e-05,-748.8917026817799,150533886.49389946,-5.206348300138202,False
425348.81591534615,7.437744321969548e-05,6.072896752584711e-06,-7.413129989863876e-05,-733.9483809769154,150507172.02979577,-5.391798480707393,False
425648.81591534615,7.678009457726293e-05,3.7672729149562656e-06,-7.668848717301557e-05,-718.9889777302742,150477747.88205257,-5.5653859805639145,False
425948.8159151077,7.932757601509953e-05,1.5493070293359779e-06,-7.931259589177841e-05,-704.0133420526981,150445605.4843649,-5.7270372533142035,False
426248.8159151077,8.200414526095742e-05,-5.79640840214779e-07,-8.200211813669256e-05,-689.0214414000511,150410736.78601262,-5.876683348427387,False
426548.8159151077,8.479538644249716e-05,-2.618112176833165e-06,-8.475540277963489e-05,-674.0131349265575,150373134.25461718,-6.014260049497857,False
426848.8159148693,8.768826597998515e-05,-4.5647201432075235e-06,-8.757073526322046e-05,-658.9882906973362,150332790.8788091,-6.139708006083436,False
427148.8159148693,9.067116379424287e-05,-6.418288251097692e-06,-9.044641632272032e-05,-643.9469048380852,150289700.17066643,-6.252972857200889,False
427448.8159146309,9.373356863461705e-05,-8.177491594096864e-06,-9.338056317886867e-05,-628.8887885510921,150243856.167864,-6.354005345410917,False
427748.8159146309,9.686627574762463e-05,-9.841337202942668e-06,-9.637138040030635e-05,-613.8139818608761,150195253.43585148,-6.442761422513996,False
428048.8159146309,0.00010006099862587167,-1.1408728823880665e-05,-9.9416910982697e-05,-598.7223628759384,150143887.06955802,-6.519202344632321,False
428348.8159143925,0.00010331037749860102,-1.2878658026238554e-05,-0.0001025151421529813,-583.613806784153,150089752.69510326,-6.583294757510522,False
428648.8159143925,0.00010660800058708615,-1.4250361346057616e-05,-0.00010566411001722287,-568.488339304924,150032846.47126952,-6.63501077092139,False
428948.81591415405,0.00010994805841006448,-1.552298999740742e-05,-0.00010886168938206708,-553.3458078503609,149973165.09074256,-6.674328021854974,False
429248.81591415405,0.00011332552106237767,-1.6695954343504127e-05,-0.00011210581925524821,-538.1862207055092,149910705.78115833,-6.701229726527416,False
429548.81591391563,0.00011673584140468269,-1.77686497124796e-05,-0.00011539432210749823,-523.0094631314278,149845466.30607224,-6.715704720555165,False
429848.81591391563,0.00012017510207558496,-1.874071890028972e-05,-0.00011872508874333221,-507.8155742287636,149777444.9655185,-6.7177474873265,False
430148.81591391563,0.00012363971995104964,-1.96117785833394e-05,-0.00012209588664191529,-492.6044438779354,149706640.59654868,-6.707358174481681,False
430448.8159136772,0.00012712651731849875,-2.038157228412274e-05,-0.00012550446862835685,-477.3759731054306,149633052.57353574,-6.684542598215718,False
430748.8159136772,0.000130632786670796,-2.1050086559171177e-05,-0.0001289486719722177,-462.13022005558014,149556680.80822837,-6.64931223534705,False
431048.8159134388,0.0001341559710402504,-2.1617252997430114e-05,-0.00013242618911224469,-446.86703738570213,149477525.74970174,-6.6016842039584445,False
431348.8159134388,0.00013769392672946943,-2.2083265520222994e-05,-0.0001359348245069114,-431.58646163344383,149395588.3839645,-6.541681231293427,False
431648.8159134388,0.0001412446834547919,-2.244836107934134e-05,-0.0001394723238599127,-416.2884421944618,149310870.2336297,-6.469331610849039,False
431948.8159132004,0.0001448064442572962,-2.2712852342010592e-05,-0.00014303640141566376,-400.97287398576736,149223373.35708034,-6.384669147513951,False
432248.8159132004,0.00014837772851228247,-2.287728693772806e-05,-0.00014662488878514068,-385.6398233771324,149133100.34758225,-6.287733091173314,False
432548.81591296196,0.00015195706107427347,-2.2942167163364502e-05,-0.00015023549018078342,-370.28913739323616,149040054.33233017,-6.178568060987348,False
432848.81591296196,0.00015554329285689668,-2.2908267794718995e-05,-0.00015386608072898156,-354.9209035933018,148944238.97104338,-6.057223957304167,False
433148.81591272354,0.00015913520422717985,-2.2776281667802323e-05,-0.00015751437966748938,-339.5349298119545,148845658.4545633,-5.923755865731674,False
433448.81591272354,0.00016273193284944968,-2.2547216303792084e-05,-0.00016117834254369967,-324.1313539147377,148744317.50318977,-5.7782239496868355,False
433748.81591272354,0.00016633254692350217,-2.2222018344564276e-05,-0.00016485580139935507,-308.7100700736046,148640221.36478674,-5.620693336335264,False
434048.8159124851,0.0001699362050930298,-2.1801726290959778e-05,-0.0001685446179804373,-293.2709638476372,148533375.8127334,-5.451233992788582,False
434348.8159124851,0.00017354229997236327,-2.1287590897145492e-05,-0.00017224282672767544,-277.8141320347786,148423787.14362442,-5.2699205945255985,False
434648.8159122467,0.00017715011765147043,-2.0680792886196286e-05,-0.0001759483398044992,-262.339409083128,148311462.17494625,-5.076832388697586,False
434948.8159122467,0.0001807591699593315,-1.998271849856792e-05,-0.0001796592577987255,-246.8468538224697,148196408.2422205,-4.872053048412342,False
435248.8159122467,0.00018436895370501892,-1.91947619612165e-05,-0.00018337366121734533,-231.33641496300697,148078633.1964477,-4.655670524130931,False
435548.8159120083,0.00018797897683282358,-1.8318349873425177e-05,-0.00018708964132763128,-215.80797120928764,147958145.40085205,-4.427776888442122,False
435848.8159120083,0.00019158893632671437,-1.7355073936187182e-05,-0.0001908054735588749,-200.26160749793053,147834953.72762865,-4.188468176319429,False
436148.81591176987,0.00019519839676586454,-1.630644527494951e-05,-0.00019451932559499951,-184.697139441967,147709067.55471572,-3.937844224217394,False
436448.81591176987,0.00019880715130368828,-1.5174160893138833e-05,-0.00019822960122839461,-169.11466544866562,147580496.76194128,-3.6760085029196836,False
436748.81591153145,0.00020241484254212953,-1.395982243934668e-05,-0.0002019345897679159,-153.51399394869804,147449251.72743386,-3.403067952092503,False
437048.81591153145,0.00020602130966577197,-1.2665182964610722e-05,-0.0002056327992412399,-137.8951819241047,147315343.32333118,-3.1191328094765933,False
437348.81591153145,0.00020962634235550647,-1.129196670035526e-05,-0.00020932272809570662,-122.2581615447998,147178782.91192594,-2.824316443051196,False
437648.81591129303,0.00021322971164691723,-9.841890687312116e-06,-0.00021300289716252863,-106.60278597474098,147039582.34100777,-2.5187351807281173,False
437948.81591129303,0.0002168313575061672,-8.316784260387067e-06,-0.00021667203527186985,-90.92913565039635,146897753.93923438,-2.2025081402653814,False
438248.8159110546,0.000220431057792052,-6.71836656351843e-06,-0.00022032876152433545,-75.23699101805687,146753310.51159602,-1.8757570633050498,False
438548.8159110546,0.00022402880951505165,-5.048489725822947e-06,-0.00022397195945500492,-59.526449739933014,146606265.33415088,-1.5386061466955656,False
438848.8159110546,0.00022762444967186615,-3.3088924453750224e-06,-0.0002276004087247152,-43.797314792871475,146456632.14903775,-1.1911818806230094,False
439148.8159108162,0.00023121789805383277,-1.501351192700895e-06,-0.0002312130247245081,-28.049491345882416,146304425.15917182,-0.833612886368917,False
439448.8159108162,0.00023480919364447713,3.723069141869928e-07,-0.0002348088985040797,-12.283054769039154,146149659.0223836,-0.4660297573828286,False
439748.8159105778,0.00023839818473835728,2.3103903004084714e-06,-0.0002383869891499496,3.502267211675644,145992348.84600255,-0.08856490731493784,False
440048.8159105778,0.00024198494687213963,4.311101918119675e-06,-0.00024194654247849945,19.306388914585114,145832510.18063933,0.29864758288686527,False
440348.81591033936,0.0002455693603947228,6.372785236408163e-06,-0.0002454866683841983,35.129581689834595,145670159.01433995,0.6954721077814127,False
440648.81591033936,0.0002491515237827547,8.493695247580035e-06,-0.0002490067581644162,50.97176444530487,145505311.7659584,1.1017716810625324,False
440948.81591033936,0.0002527313601315232,1.0672218650142895e-05,-0.0002525060870492979,66.83318102359772,145337985.27886757,1.5174080685258355,False
441248.81591010094,0.0002563088683581098,1.2906737737239382e-05,-0.00025598406873239554,82.7139642238617,145168196.81431848,1.9422419193009577,False
441548.81591010094,0.0002598841614484972,1.519561769214306e-05,-0.0002594402964741782,98.614062666893,144995964.04421353,2.3761328912607436,False
441848.8159098625,0.00026345714852426877,1.7537369842557382e-05,-0.0002628742162733566,114.53380525112152,144821305.04441774,2.8189397666627176,False
442148.8159098625,0.0002670279641138474,1.9930437019866076e-05,-0.00026628556861396646,130.47313278913498,144644238.28717175,3.270520567525932,False
442448.8159098625,0.0002705965929111354,2.237338227928376e-05,-0.0002696740013554688,146.4322712123394,144464782.63394022,3.730732658634715,False
442748.8159096241,0.0002741629911957593,2.486482659946887e-05,-0.00027303919365539997,162.41151735186577,144282957.32758793,4.199432848032538,False
443048.8159096241,0.0002777273462531371,2.7403332069297903e-05,-0.0002763811272403771,178.4107524752617,144098781.98460987,4.6764774811775345,False
443348.8159093857,0.0002812895890742902,2.9987627442551457e-05,-0.00027969957707263404,194.43034672737122,143912276.58724624,5.161722523832585,False
443648.8159093857,0.00028484986031791527,3.261639645302239e-05,-0.000282994598399533,210.47028973698616,143723461.4750029,5.65502364481854,False
443948.81590914726,0.00028840810337173737,3.5288457809201645e-05,-0.00028626609885051835,226.5309544801712,143532357.33671373,6.156236284880188,False
444248.81590914726,0.00029196447644417917,3.800258761543773e-05,-0.00028951427221812764,242.6123154759407,143338985.2015838,6.6652157257378635,False
444548.81590914726,0.00029551894651076005,4.0757690896953136e-05,-0.00029273916895800056,258.71472349762917,143143366.43075696,7.1818171454357165,False
444848.81590890884,0.0002990715516350376,4.355268961830916e-05,-0.00029594097274721065,274.8384021818638,142945522.7084775,7.7058956713876245,False
445148.81590890884,0.0003026224411319748,4.638650997890181e-05,-0.0002991200438700048,290.9833659529686,142745476.03262448,8.237306426337435,False
445448.8159086704,0.000306171544561294,4.925820888956878e-05,-0.000302276565259163,307.15006697177887,142543248.70592618,8.775904562756017,False
445748.8159086704,0.0003097190203869945,5.216679997488427e-05,-0.0003054110212339367,323.338513225317,142338863.32615507,9.321545297419132,False
446048.8159086704,0.00031326485954944594,5.511140247449475e-05,-0.00030852377288859145,339.54905077815056,142132342.77688003,9.874083931773438,False
446348.815908432,0.00031680905530646056,5.809117300259459e-05,-0.0003116152389193161,355.7820299565792,141923710.21756974,10.433375870209149,True
446648.815908432,0.0003203517290351837,6.110526089742052e-05,-0.00031468603126505457,372.03754687309265,141712989.07342327,10.999276631453089,True
446948.8159081936,0.0003238928540649931,6.41529022686882e-05,-0.0003177366568749562,388.3160029947758,141500203.02588663,11.571641848122264,True
447248.8159081936,0.0003274325693478058,6.723330972135955e-05,-0.00032076785629797655,404.6174636185169,141285376.0017022,12.150327266714005,True
447548.81590795517,0.00033097078664866877,7.034579971332278e-05,-0.0003237801778084304,420.9424675107002,141068532.1630375,12.73518873267147,True
447848.81590795517,0.0003345076486643389,7.348963910658313e-05,-0.00032677447408602234,437.2910759449005,140849695.89649707,13.326082176751036,True
448148.81590795517,0.0003380431295233745,7.666417036489293e-05,-0.0003297514681719349,453.66370490193367,140628891.80276126,13.922863586583546,True
448448.81590771675,0.00034157716474520204,7.98687630663153e-05,-0.0003327118938649676,470.06085777282715,140406144.68545705,14.52538897643379,True
448748.81590771675,0.0003451099279248917,8.310272832545706e-05,-0.0003356567981711578,486.482530862093,140181479.54017615,15.133514350171591,True
449048.81590747833,0.00034864131206827125,8.636546826323865e-05,-0.0003385869746299619,502.929322630167,139954921.5434187,15.747095651452748,True
449348.81590747833,0.00035217142600536534,8.96563244623394e-05,-0.000341503506092522,519.4013661146164,139726496.04089624,16.36598871506571,True
449648.81590747833,0.0003557002183442789,9.297468039903833e-05,-0.0003444073530367575,535.8991413414478,139496228.5364938,16.990049202777357,True
449948.8159072399,0.0003592276327577028,9.631990948832936e-05,-0.00034729952342260617,552.4231416583061,139264144.68044612,17.619132537216498,True
450248.8159072399,0.0003627537431597169,9.969133350296033e-05,-0.0003501812218296152,568.973572909832,139030270.25731543,18.253093828275897,True
450548.8159070015,0.00036627846604576865,0.00010308829126870478,-0.00035305353321746225,585.5509862303734,138794631.17475364,18.891787786317078,True
450848.8159070015,0.00036980188694349527,0.00010651004612327597,-0.00035591778262400453,602.1555546820164,138557253.4507065,19.535068635697947,True
451148.8159067631,0.0003733238517708151,0.00010995588007745027,-0.0003587750848730309,618.7879855632782,138318163.20183715,20.182790011280446,True
451448.8159067631,0.0003768444442233698,0.00011342496594579643,-0.00036162687170104846,635.4484475255013,138077386.63080084,20.83480485569497,True
451748.8159067631,0.0003803635644594711,0.00011691646039935222,-0.00036447442677811637,652.1375207006931,137834950.01420987,21.49096529926655,True
452048.81590652466,0.00038388110970136006,0.0001204294474064227,-0.00036731908540943436,668.8557908535004,137590879.68994418,22.151122536751295,True
452348.81590652466,0.00038739710834885565,0.00012396289702110153,-0.0003701623836427359,685.6035374999046,137345202.04422864,22.815126694732506,True
452648.81590628624,0.00039091142620089405,0.00012751571873081957,-0.00037300573314524854,702.3814099133015,137097943.49955952,23.482826683532675,True
452948.81590628624,0.0003944241004593851,0.00013108667289429832,-0.00037585079193291904,719.1896529197693,136849130.50105035,24.154070047526183,True
453248.81590628624,0.00039793498070834474,0.00013467443358194942,-0.0003786990662781875,736.0289425253868,136598789.503999,24.82870279607093,True
453548.8159060478,0.000401443921800253,0.00013827752871975463,-0.00038155212481427725,752.899940341711,136346946.96067956,25.50656922911416,True
453848.8159060478,0.00040495094854212793,0.0001418942885038632,-0.00038441178222115013,769.8028957545757,136093629.30696955,26.187511750995107,True
454148.8159058094,0.0004084558042651275,0.00014552291793279437,-0.00038727959707784976,786.7387227714062,135838862.94942248,26.87137066568774,True
454448.8159058094,0.0004119585403383607,0.00014916135532416774,-0.00039015752797411096,803.7075877189636,135582674.25172788,27.557983968127946,True
454748.815905571,0.00041545890502661225,0.0001528073703411792,-0.00039304725296318566,820.7103787064552,135325089.52144006,28.247187111583415,True
455048.815905571,0.00041895687245885007,0.0001564584336790631,-0.00039595075839216065,837.7474276125431,135066134.9961283,28.938812770216764,True
455348.815905571,0.0004224522419602448,0.0001601117658935891,-0.00039886989203807843,854.8194807469845,134805836.83026662,29.63269057673728,True
455648.81590533257,0.00042594480349202746,0.0001637642737364331,-0.00040180654655230796,871.9273001253605,134544221.08138737,30.328646849476034,True
455948.81590533257,0.0004294344819480956,0.0001674124896453577,-0.0004047628195387176,889.0713044703007,134281313.69611436,31.026504301758308,True
456248.81590509415,0.0004329210305737841,0.0001710525910425531,-0.0004077406700702113,906.2523245215416,134017140.49711399,31.72608172637589,True
456548.81590509415,0.0004364043788212683,0.00017468029517431205,-0.00041074230526305655,923.4707404822111,133751727.16848336,32.42719366904789,True
456848.81590509415,0.0004398842587734099,0.00017829088301368756,-0.00041376976065521376,940.7274122536182,133485099.24244124,33.1296500713888,True
457148.8159048557,0.0004433604063243465,0.00018187911285849623,-0.00041682512215146517,958.0231804251671,133217282.0853166,33.833255897334126,True
457448.8159048557,0.00044683272692076537,0.00018543913765256548,-0.0004199107077127451,975.3584421128035,132948300.8834127,34.537810735340216,True
457748.8159046173,0.00045030087346121497,0.00018896452232297634,-0.000423028591526986,992.7342211008072,132678180.6294853,35.24310836856652,True
458048.8159046173,0.00045376469677602257,0.0001924480990282973,-0.0004261811023127393,1010.1510227769613,132406946.10821368,35.94893632702991,True
458348.8159043789,0.00045722387097463625,0.00019588196522590806,-0.0004293703984927788,1027.609789505601,132134621.88298506,36.655075400750064,True
458648.8159043789,0.00046067824948466926,0.00019925734312664645,-0.0004325988591418195,1045.110985264182,131861232.28109959,37.36129913176906,True
458948.8159043789,0.00046412748256644676,0.00020256456696188252,-0.0004358686477274887,1062.6555822342634,131586801.38031067,38.06737326414176,True
459248.8159041405,0.00046757122257920226,0.0002057929566774419,-0.0004391819317177692,1080.2445336729288,131311352.99472548,38.77305516549974,True
459548.8159041405,0.00047100930022117435,0.0002089306865400431,-0.0004425410682458164,1097.878307044506,131034910.66064349,39.47809321191062,True
459848.81590390205,0.0004744412425114024,0.00021196477138119008,-0.00044594805138586935,1115.5581504553556,130757497.62287517,40.18222612775825,True
460148.81590390205,0.00047786690231074855,0.00021488083183385243,-0.00044940520069047807,1133.2844320982695,130479136.82072265,40.88518229465741,True
460448.81590390205,0.00048128586994837893,0.00021766308503856635,-0.00045291448515172306,1151.0581952184439,130199850.87407675,41.58667900807848,True
460748.81590366364,0.0004846977174251888,0.00022029416709301586,-0.0004564777756144167,1168.880514651537,129919662.06955358,42.28642169613665,True
461048.81590366364,0.0004881022118418398,0.00022275494546875052,-0.0004600970596371212,1186.7519215792418,129638592.34659791,42.9841030922772,True
461348.8159034252,0.0004914988509147126,0.00022502446597627568,-0.000463773895106101,1204.6736499369144,129356663.2840512,43.67940235413655,True
461648.8159034252,0.0004948873377649542,0.00022707969060320465,-0.00046750990999555597,1222.6463580727577,129073896.08596028,44.37198414309085,True
461948.8159031868,0.0004982671893399791,0.00022889541469339747,-0.00047130632972169906,1240.6711857765913,128790311.56869952,45.06149764455186,True
462248.8159031868,0.0005016381083444376,0.00023044400319349734,-0.00047516435267880297,1258.748744264245,128505930.14664793,45.74757554827305,True
462548.8159031868,0.0005049995836268155,0.00023169530112454595,-0.0004790846592399589,1276.8802040964365,128220771.8192273,46.42983297036317,True
462848.8159029484,0.0005083511054577182,0.00023261639472593743,-0.00048306760184857467,1295.066711679101,127934856.15745538,47.10786633362136,True
463148.8159029484,0.0005116923429137234,0.0002331713672560909,-0.0004871133456987309,1313.3088934868574,127648202.29050101,47.78125220233645,True
463448.81590270996,0.0005150226921964653,0.000233321228904515,-0.0004912213026102563,1331.60810649395,127360828.89287834,48.44954606931756,True
463748.81590270996,0.0005183417589203728,0.00023302359261379024,-0.0004953905975710882,1349.9651001691818,127072754.17093077,49.112281115689846,True
464048.81590270996,0.0005216490237557076,0.00023223258858706686,-0.0004996196190560909,1368.380943581462,126783995.85059442,49.76896693278265,True
464348.81590247154,0.0005249438890248093,0.00023089869108616767,-0.0005039059858660266,1386.8569003790617,126494571.1640655,50.419088230483595,True
464648.81590247154,0.0005282259390341975,0.00022896848821574167,-0.0005082467416670511,1405.3936933726072,126204496.8372082,51.062103538899414,True
464948.8159022331,0.0005314944895678866,0.00022638472972857926,-0.0005126377548023697,1423.9927750974894,125913789.07740858,51.69744391297613,True
465248.8159022331,0.0005347491125648533,0.0002230860757777009,-0.0005170741886928454,1442.6548424214125,125622463.56088439,52.32451167427657,True
465548.8159019947,0.0005379890514134845,0.00021900731758250913,-0.0005215497394743807,1461.3814982771873,125330535.42070392,52.942679195640785,True
465848.8159019947,0.0005412138972848938,0.0002140791767430983,-0.0005260572569056876,1480.173320889473,125038019.23486842,53.551287776279196,True
466148.8159019947,0.0005444229569273582,0.0002082287347775491,-0.0005305879194992258,1499.031670793891,124744929.01431078,54.14964662327944,True
466448.8159017563,0.0005476155150714731,0.0002013796171240756,-0.0005351313911248212,1517.957943201065,124451278.1913195,54.73703199471951,True
466748.8159017563,0.0005507910639465425,0.00019345229333112002,-0.0005396759362668035,1536.9529008865356,124157079.60806845,55.31268654512525,True
467048.81590151787,0.0005539488036478035,0.00018436492217688283,-0.0005442077437862736,1556.0181193351746,123862345.50557333,55.87581892184502,True
467348.81590151787,0.0005570881531029819,0.00017403386348746608,-0.0005487113568420909,1575.1545054763556,123567087.51228009,56.425603686550375,True
467648.81590151787,0.0005602083987848174,0.00016237486809700385,-0.0005531691772802105,1594.3633149564266,123271316.63388045,56.96118161384013,True
467948.81590127945,0.0005633087434092767,0.0001493043099571878,-0.000557561424308517,1613.6460154950619,122975043.24216744,57.481660453774936,True
468248.81590127945,0.0005663885792150842,0.00013474051206685544,-0.0005618663547863889,1633.0034822374582,122678277.0647835,57.986116232832195,True
468548.81590104103,0.0005694470158270886,0.00011860586457146383,-0.0005660597234395937,1652.4373843967915,122381027.1753738,58.47359517151371,True
468848.81590104103,0.0005724834239598232,0.00010082851784432023,-0.0005701153654911195,1671.9485840201378,122083301.9834383,58.94311631497329,True
469148.8159008026,0.000575496877175169,8.134517173630229e-05,-0.0005740046679889588,1691.5387830585241,121785109.22496484,59.393674944410094,True
469448.8159008026,0.0005784866728368366,6.0103286159574054e-05,-0.0005776972392652624,1711.2089820951223,121486455.95272864,59.82424686000858,True
469748.8159008026,0.000581451970807114,3.706421327365206e-05,-0.0005811607285934883,1730.9605477899313,121187348.52779992,60.23379358647289,True
470048.8159005642,0.000584391843803362,1.2206162523398234e-05,-0.0005843611632201373,1750.7950703501701,120887792.61016746,60.621268558959784,True
470348.8159005642,0.0005873055587128482,-1.4473049759544665e-05,-0.0005872636035917367,1770.7135147154331,120587793.15034172,60.985624308237654,True
470648.8159003258,0.0005901920892431253,-4.29525360630123e-05,-0.0005898321192177036,1790.7176851332188,120287354.3813127,61.32582063308934,True
470948.8159003258,0.0005930506837791167,-7.318620347973592e-05,-0.0005920309177298577,1810.8085146844387,119986479.8103993,61.64083372251421,True
471248.8159003258,0.0005958803060182919,-0.00010509978275763388,-0.0005938244447207808,1830.987751737237,119685172.21157715,61.929666125617295,True
471548.81590008736,0.0005986799970145378,-0.00013858946283562545,-0.0005951784755922063,1851.2568662017584,119383433.61850293,62.191357437748366,True
471848.81590008736,0.0006014489316199425,-0.00017352099678191735,-0.0005960609565747177,1871.6168755441904,119081265.31692095,62.42499550622834,True
472148.81589984894,0.0006041859604439091,-0.0002097290218046055,-0.0005964424116768896,1892.0697352439165,118778667.83821756,62.62972791096858,True
472448.81589984894,0.0006068902306055579,-0.0002470189252505861,-0.0005962973618522938,1912.6164491474628,118475640.95297241,62.80477343731798,True
472748.8158996105,0.0006095605682003895,-0.00028516816203705275,-0.0005956045753450212,1933.2589524239302,118172183.66490373,62.949433207525686,True
473048.8158996105,0.0006121960338027703,-0.0003239304626561079,-0.0005943483155164131,1953.99841286242,117868294.20487039,63.06310112902122,True
473348.8158996105,0.0006147955402094875,-0.00036303980303387107,-0.0005925186417670147,1974.836398050189,117563970.02595152,63.14527329790327,True
473648.8158993721,0.0006173579052314902,-0.00040221600971790394,-0.0005901119637954366,1995.7747178971767,117259207.79777426,63.19555602076445,True
473948.8158993721,0.0006198821490142445,-0.0004411716154208989,-0.0005871316073751132,2016.814503312111,116954003.40193635,63.2136721465638,True
474248.8158991337,0.0006223669795427319,-0.0004796178218100522,-0.000583587524211282,2037.9577945172787,116648351.92768139,63.19946545717463,True
474548.8158991337,0.0006248113851242346,-0.0005172725634565722,-0.0005794966785188649,2059.205707460642,116342247.66770273,63.15290294111734,True
474848.8158991337,0.0006272141037426794,-0.0005538663961601742,-0.0005748823392295321,2080.5600752979517,116035684.11445506,63.07407485674977,True
475148.81589889526,0.000629573798318107,-0.0005891491008469529,-0.0005697737364229738,2102.0229077488184,115728653.95656832,62.963192587780476,True
475448.81589889526,0.0006318894482693695,-0.0006228959235272669,-0.00056420566371429,2123.595165491104,115421149.07628778,62.82058438393643,True
475748.81589865685,0.0006341596174846204,-0.0006549105533792954,-0.0005582171629612276,2145.279043480754,115113160.54619607,62.64668916661204,True
476048.81589865685,0.0006363831553995875,-0.0006850296426534896,-0.0005518510997575277,2167.0757792145014,114804678.62709706,62.442048650009546,True
476348.8158984184,0.0006385585841850829,-0.0007131234358439542,-0.0005451528019548846,2188.9875689446926,114495692.76605457,62.207298085258905,True
476648.8158984184,0.0006406847209748179,-0.0007390975719374637,-0.0005381694759876154,2211.015616416931,114186191.5947302,61.94315596447618,True
476948.8158984184,0.0006427600640548386,-0.0007628911974109087,-0.000530948887430327,2233.1620570123196,113876162.92787498,61.65041304072045,True
477248.81589818,0.0006447831894437479,-0.0007844760873467749,-0.000523538716947769,2255.428710639477,113565593.76288931,61.32992100666366,True
477548.81589818,0.000646752813023969,-0.0008038542534336557,-0.0005159857817744751,2277.8168831318617,113254470.27867584,60.982581154299595,True
477848.8158979416,0.000648667286417075,-0.0008210537560557896,-0.0005083350884049764,2300.328952163458,112942777.83552626,60.60933330371908,True
478148.8158979416,0.0006505252793575652,-0.0008361265598182399,-0.000500629608986003,2322.9662138074636,112630500.97538601,60.2111452343733,True
478448.8158979416,0.000652325183323192,-0.0008491435563939831,-0.0004929095381527304,2345.7307617664337,112317623.42214088,59.78900281493527,True
478748.81589770317,0.000654065303736807,-0.0008601911994503553,-0.00048521207072838024,2368.624881029129,112004128.08225653,59.34390096393918,True
479048.81589770317,0.0006557442766198632,-0.0008693687174741171,-0.0004775713541462778,2391.649722442031,111689997.04646605,58.876835533093576,True
479348.81589746475,0.0006573602875027258,-0.0008767831314457908,-0.00047001804742308195,2414.8077773302794,111375211.59048724,58.38879616274139,True
479648.81589746475,0.0006589118189248747,-0.000882547702303782,-0.00046257959886020217,2438.100503280759,111059752.17717735,57.880760109945165,True
479948.81589722633,0.0006603969971953601,-0.0008867779163210798,-0.00045528004266515154,2461.5303967148066,110743598.45856604,57.353687037434334,True
480248.81589722633,0.0006618142473215713,-0.0008895904798009724,-0.0004481403409215545,2485.098907753825,110426729.27836141,56.808514706295036,True
480548.81589722633,0.0006631617049044496,-0.0008911002286993153,-0.00044117832831602755,2508.808306902647,110109122.6745847,56.24615552110815,True
480848.8158969879,0.0006644374090757205,-0.0008914189694735342,-0.0004344089711310062,2532.66107006371,109790755.88248995,55.66749384409525,True
481148.8158969879,0.0006656397370167011,-0.0008906550939684621,-0.0004278446936254454,2556.658488199115,109471605.33855486,55.07338400182423,True
481448.8158967495,0.0006667665901696893,-0.000888911119830027,-0.0004214953578483005,2580.8032593876123,109151646.68332371,54.464648906942884,True
481748.8158967495,0.000667816172550063,-0.0008862845341468528,-0.00041536870573111173,2605.0970016419888,108830854.7658211,53.842079203169085,True
482048.8158967495,0.0006687863983313007,-0.0008828662735993476,-0.0004094704183756903,2629.5421404391527,108509203.64768536,53.206432869512845,True
482348.8158965111,0.0006696751338425095,-0.0008787409702222249,-0.0004038043982461659,2654.141131415963,108186666.6077083,52.558435200264476,True
482648.8158965111,0.0006704804126503216,-0.0008739872715750607,-0.00039837301684286786,2678.8957715183496,107863216.14654575,51.89877909903811,True
482948.81589627266,0.000671199977093303,-0.0008686770797226018,-0.0003931772030867364,2703.8086567372084,107538823.99211326,51.22812563281197,True
483248.81589627266,0.0006718317971218544,-0.0008628766291849388,-0.0003882167307622808,2728.8815223127604,107213461.10450245,50.54710478073804,True
483548.81589603424,0.0006723734157388622,-0.0008566455740321999,-0.00038349025079753574,2754.1173269450665,106887097.68151844,49.85631634768407,True
483848.81589603424,0.0006728227113167768,-0.0008500385847867165,-0.00037899558574849834,2779.5178138762712,106559703.16484694,49.156330986449575,True
484148.81589603424,0.0006731772290866189,-0.0008431045137342608,-0.0003747297375653602,2805.0856403261423,106231246.24576299,48.447691311197936,True
484448.8158957958,0.0006734343950048992,-0.0008358871060067941,-0.00037068905102444205,2830.823689997196,105901694.87128665,47.730913060656086,True
484748.8158957958,0.0006735919826032135,-0.0008284260969446677,-0.000366869390106217,2856.733574450016,105571016.25134297,47.00648629273714,True
485048.8158955574,0.000673647234953921,-0.0008207561165249899,-0.0003632660924068887,2882.818434327841,105239176.86444354,46.274876596932565,True
485348.8158955574,0.0006735977034186157,-0.0008129083865355824,-0.0003598741796650984,2909.080252736807,104906142.46510525,45.53652629499444,True
485648.8158955574,0.0006734406089239164,-0.0008049100181892754,-0.00035668833354662866,2935.521891012788,104571878.09066725,44.79185563426402,True
485948.815895319,0.0006731730921656428,-0.0007967847292604802,-0.00035370299529091653,2962.1462814956903,104236348.06848475,44.041263949855605,True
486248.815895319,0.0006727925222967828,-0.0007885536020069139,-0.000350912455168384,2988.9554371237755,103899516.02344005,43.2851307938394,True
486548.81589508057,0.0006722957399303291,-0.0007802342019829211,-0.000348310800823981,3015.9528584331274,103561344.88486916,42.523817031886445,True
486848.81589508057,0.0006716800340039954,-0.0007718423115079531,-0.00034589207533031185,3043.1404116898775,103221796.89513408,41.757665888850326,True
487148.81589484215,0.0006709421227423298,-0.0007633906379851396,-0.0003436501847104978,3070.521569997072,102880833.61623845,40.987003958874,True
487448.81589484215,0.0006700790333120559,-0.0007548903381859873,-0.00034157902711484667,3098.09860278666,102538415.93828693,40.21214215963875,True
487748.81589484215,0.0006690874293434072,-0.0007463502292353041,-0.0003396724357997982,3125.8747098892927,102194504.0871414,39.433376648549554,True
488048.81589460373,0.0006679638837400769,-0.0007377773773100671,-0.00033792422706824254,3153.8531442284584,101849057.63246125,38.65098968592894,True
488348.81589460373,0.0006667051220704795,-0.0007291776011868478,-0.0003363282373669563,3182.0364346802235,101502035.49568346,37.86525045172588,True
488648.8158943653,0.0006653074997954662,-0.0007205548856745736,-0.0003348782766323666,3210.4280321747065,101153395.95837896,37.076415822930024,True
488948.8158943653,0.0006637675919784353,-0.0007119123404777383,-0.0003335681959626413,3239.030437782407,100803096.67002863,36.284731097596875,True
489248.8158943653,0.0006620815515909467,-0.0007032514355955755,-0.0003323918247133406,3267.847220927477,100451094.65606906,35.49043068547156,True
489548.8158941269,0.0006602454480225016,-0.0006945725857008256,-0.00033134300669246386,3296.8819409757853,100097346.32627608,34.69373875148762,True
489848.8158941269,0.0006582555633585379,-0.0006858756385099696,-0.0003304156288095328,3326.137203991413,99741807.48297672,33.89486982000468,True
490148.8158938885,0.0006561075743207168,-0.0006771588714116206,-0.00032960353579625234,3355.6172357052565,99384433.32853709,33.09402934789561,True
490448.8158938885,0.0006537976171725752,-0.0006684204828957263,-0.0003289006332991562,3385.3245165348053,99025178.47451346,32.29141425275039,True
490748.81589365005,0.0006513211749961802,-0.0006596571959960329,-0.0003283007702670204,3415.2632804065943,98663996.94841197,31.48721341731323,True
491048.81589365005,0.000648674038155108,-0.0006508655762900162,-0.0003277978291791328,3445.4364828765392,98300842.20234787,30.68160815200343,True
491348.81589365005,0.0006458515707555438,-0.000642041133744442,-0.00032738564356193933,3475.848099783063,97935667.12057085,29.874772636667267,True
491648.81589341164,0.0006428489971814734,-0.0006331787454314508,-0.000327058017671078,3506.502217695117,97568424.0272312,29.06687432756131,True
491948.81589341164,0.0006396617582205405,-0.0006242731404881852,-0.000326808754817165,3537.4019175469875,97199064.6941983,28.25807433745846,True
492248.8158931732,0.0006362846392621795,-0.0006153178390491121,-0.00032663155373313657,3568.551992163062,96827540.347832,27.448527796733728,True
492548.8158931732,0.0006327128976426087,-0.0006063065909529541,-0.0003265201187190314,3599.9554255902767,96453801.67743757,26.638384181163612,True
492848.8158931732,0.0006289412052302536,-0.0005972320819580546,-0.000326468032092464,3631.616689994931,96077798.84113492,25.827787626668957,True
493148.8158929348,0.0006249640838037618,-0.0005880864992491297,-0.00032646878738518126,3663.540382683277,95699481.4732538,25.016877216614443,True
493448.8158929348,0.0006207762960124241,-0.000578862017590609,-0.0003265158218184183,3695.730021253228,95318798.69132297,24.205787249161382,True
493748.8158926964,0.0006163719987480818,-0.0005695497783904102,-0.00032660240261250806,3728.190668001771,94935699.10201918,23.394647492110305,True
494048.8158926964,0.0006117456131442191,-0.0005601409491760023,-0.00032672171457193144,3760.926248550415,94550130.80764022,22.583583410542285,True
494348.81589245796,0.0006068911085804319,-0.0005506258596881253,-0.00032686675682924715,3793.941772326827,94162041.4122637,21.77271638782305,True
494648.81589245796,0.0006018026947026369,-0.000540994824802965,-0.0003270304126381518,3827.2412224411964,93771378.02705914,20.962163920631312,True
494948.81589245796,0.000596474086714528,-0.0005312372594801218,-0.00032720533631547255,3860.8298361748457,93378087.27550773,20.15203980846654,True
495248.81589221954,0.0005908989106116184,-0.0005213421480618763,-0.0003273839841568815,3894.7128896415234,92982115.298719,19.342454322633778,True
495548.81589221954,0.0005850710639356693,-0.000511298443512942,-0.0003275586467346159,3928.894634872675,92583407.76020913,18.533514361717096,True
495848.8158919811,0.00057898378193381,-0.0005010939445639906,-0.00032772129341296363,3963.3812049031258,92181909.84950413,17.725323600421564,True
496148.8158919811,0.0005726309001977086,-0.0004907167376870802,-0.0003278637324477529,3998.1768200695515,91777566.28730844,16.917982616802135,True
496448.8158919811,0.0005660057148838328,-0.000480153822934426,-0.00032797741734214014,4033.2873467803,91370321.32767329,16.111589017012182,True
496748.8158917427,0.0005591014943796088,-0.00046939166037418545,-0.0003280534918435052,4068.7188289910555,90960118.76158383,15.306237542579742,True
497048.8158917427,0.0005519119492956903,-0.00045841664865520215,-0.00032808283887675316,4104.476191774011,90546901.91987894,14.50202016682473,True
497348.8158915043,0.0005444303465430183,-0.0004472140235520783,-0.0003280559015994555,4140.5660744309425,90130613.67483896,13.699026186943687,True
497648.8158915043,0.0005366505254612159,-0.0004357689402354481,-0.00032796281705671504,4176.9939376711845,89711196.4420847,12.897342296626764,True
497948.81589126587,0.0005285661793190172,-0.00042406553342289044,-0.0003277932516905224,4213.766462892294,89288592.18193386,12.097052658680537,True
498248.81589126587,0.0005201717025039247,-0.00041208776087842125,-0.00032753650869743467,4250.889275625348,88862742.39957239,11.298238958026678,True
498548.81589126587,0.0005114614879909005,-0.0003998184342890454,-0.00032718134610121297,4288.369409054518,88433588.14492375,10.500980454451133,True
498848.81589102745,0.0005024305051406825,-0.00038723969112197665,-0.0003267160217710341,4326.213990479708,88001070.01235777,9.705354019834411,False
499148.81589102745,0.0004930748392848695,-0.0003743333828936102,-0.00032612833861023205,4364.429140210152,87565128.13951652,8.911434166112219,False
499448.81589078903,0.0004833909755670126,-0.0003610799624311767,-0.00032540541565495573,4403.022785112262,87125702.20503104,8.11929307004511,False
499748.81589078903,0.00047337706004399536,-0.0003474595927741575,-0.00032453385862840634,4442.001665696502,86682731.42618379,7.329000579680807,False
500048.81589078903,0.0004630325426657755,-0.00033345130526640787,-0.00032349957294464105,4481.373420968652,86236154.55599721,6.540624220657312,False
500348.8158905506,0.0004523586894195254,-0.00031903306046388025,-0.0003222877352300202,4521.146316319704,85785909.8784745,5.754229187009824,False
500648.8158905506,0.00044135964335723034,-0.00030418233276918727,-0.0003208828797509611,4561.327607959509,85331935.20438944,4.969878322665314,False
500948.8158903122,0.00043004214963793643,-0.00028887495841445343,-0.00031926862134046274,4601.9263915121555,84874167.86539786,4.1876320991853255,False
501248.8158903122,0.0004184174662645441,-0.0002730863624265112,-0.0003174278777118289,4642.950297832489,84412544.70807965,3.4075485748269476,False
501548.8158900738,0.00040650120864840094,-0.0002567900551184721,-0.00031534249814102466,4684.409204959869,83947002.08590624,2.6296833528913837,False
501848.8158900738,0.0003943160635377783,-0.00023995924425435078,-0.0003129935849142118,4726.310951754451,83477475.8524721,1.8540895204628534,False
502148.8158900738,0.00038189218336511654,-0.0002225651917342475,-0.0003103610716794769,4768.665371105075,83003901.35100116,1.0808175849825645,False
502448.81588983536,0.0003692698739197496,-0.0002045777844443819,-0.00030742380058951246,4811.482635304332,82526213.40490647,0.3099153940250027,False
502748.81588983536,0.0003565027604122664,-0.00018596604411413864,-0.00030415960507457207,4854.771792545915,82044346.30710717,-0.45857195642874066,False
503048.81588959694,0.0003436602396753601,-0.00016669676224978502,-0.00030054491343967094,4898.543982207775,81558233.80745496,-1.2246022201248543,False
503348.81588959694,0.0003308327719658189,-0.00014673571735102087,-0.0002965550045386234,4942.80916531384,81067809.09984706,-1.988136119770104,False
503648.81588959694,0.00031813649890960634,-0.00012604667094251454,-0.0002921636899069213,4987.578392222524,80573004.8084527,-2.7491374708861542,False
503948.8158893585,0.0003057197201337646,-0.0001045913763846329,-0.0002873432462568992,5032.863514363766,80073752.97150694,-3.507573325378714,False
504248.8158893585,0.0002937706467743388,-8.233018786540924e-05,-0.00028206452655776815,5078.675418674946,79569985.02532746,-4.263414129498238,False
504548.8158891201,0.0002825243752116464,-5.92206739042922e-05,-0.0002762964951168456,5125.027113884687,79061631.78623658,-5.016633891773311,False
504848.8158891201,0.0002722707857068249,-3.5218938393200006e-05,-0.0002700065416538777,5171.930204868317,78548623.43182601,-5.767210375481664,False
505148.8158891201,0.00026335802999521844,-1.0278158526944026e-05,-0.0002631599732767498,5219.39808319509,78030889.48020092,-6.515125300199709,False
505448.8158888817,0.0002561908783147459,1.5651152722284678e-05,-0.0002557200032171636,5267.444901064038,77508358.76805322,-7.260364567170359,False
505748.8158888817,0.00025121859666520763,4.2620314474106635e-05,-0.0002476479408155541,5316.083221688867,76980959.42856847,-8.002918503888003,False
506048.81588864326,0.00024890810692673287,7.068454263503554e-05,-0.0002389024427902342,5365.328449189663,76448618.8652595,-8.742782124420827,False
506348.81588864326,0.0002497042763076442,9.99013554121575e-05,-0.00022943993911717087,5415.194617316127,75911263.72664787,-9.479955419482929,False
506648.81588840485,0.0002539824689676969,0.00013033239801529817,-0.0002192139283003769,5465.698117867112,75368819.87816599,-10.21444366175307,False
506948.81588840485,0.0002620072539954664,0.0001620420507322251,-0.00020817535274808563,5516.853950724006,74821212.37310725,-10.946257744655389,False
507248.81588840485,0.000273911579503643,0.00019509933576955518,-0.00019627183172410412,5568.679467186332,74268365.42082085,-11.675414540403,False
507548.8158881664,0.0002897027196431344,0.0002295771648448408,-0.00018344781059198567,5621.191984295845,73710202.3550136,-12.401937291784888,False
507848.8158881664,0.00030929057855757266,0.0002655524779413554,-0.00016964440971278805,5674.4084315001965,73146645.59814785,-13.125856035095374,False
508148.815887928,0.0003325273074245915,0.00030310801130895015,-0.00015479864413769917,5728.348448589444,72577616.62500024,-13.847208051080345,False
508448.815887928,0.0003592431241784071,0.00034233079546197587,-0.0001388438687754956,5783.030247569084,72003035.92484884,-14.566038358909468,False
508748.815887928,0.0003892752044251405,0.0003833142768030484,-0.0001217088418545842,5838.47428098321,71422822.9606264,-15.282400241216667,False
509048.8158876896,0.00042248477267641617,0.0004261582856770474,-0.0001033175918987439,5894.702100738883,70836896.12637216,-15.996355815331054,False
509348.8158876896,0.0004587646649077441,0.00047096835155002736,-8.358957563103786e-05,5951.733826518059,70245172.70392126,-16.7079766486495,False
509648.8158874512,0.0004980439509876358,0.0005178586170302424,-6.243835658992225e-05,6009.592994183302,69647568.81477787,-17.417344417813226,False
509948.8158874512,0.000540285453990218,0.0005669502986336283,-3.9772104429403043e-05,6068.301971137524,69043999.37221837,-18.12455162639954,False
510248.81588721275,0.0005854852723778862,0.0006183744144721004,-1.5492312378739825e-05,6127.8860239088535,68434378.03008936,-18.829702371430905,False
510548.81588721275,0.0006336682915761482,0.000672270630246885,1.0505836709029381e-05,6188.36930719018,67818617.12979743,-19.532913177955948,False
510848.81588721275,0.0006848873064186211,0.0007287900404548964,3.83348011787632e-05,6249.778548553586,67196627.64453939,-20.234313892718202,False
511148.81588697433,0.00073922036948038,0.0007880956736130429,6.811503817161224e-05,6312.141907148063,66568319.12124848,-20.934048653888517,False
511448.81588697433,0.000796767740941776,0.000850362267442506,9.997498537472893e-05,6375.4862959086895,65933599.62167989,-21.63227693799714,False
511748.8158867359,0.0008576533438708056,0.0009157802983281726,0.0001340529916511457,6439.842500805855,65292375.65842504,-22.329174687668772,False
512048.8158867359,0.0009220216403276363,0.0009845549694205147,0.00017049690936232764,6505.240368701518,64644552.13103692,-23.024935537268263,False
512348.8158867359,0.0009900394049056223,0.0010569099559063488,0.00020946588199777239,6571.712573073804,63990032.25893527,-23.719772132630183,False
512648.8158864975,0.0010618951955954903,0.001133088617393696,0.00025113092053175023,6639.293147273362,63328717.512327395,-24.413917564494426,False
512948.8158864975,0.0011377991951769173,0.0012133555019033793,0.0002956755468517258,6708.0161831229925,62660507.540813886,-25.107626921496937,False
513248.8158862591,0.0012179858407761347,0.0012980005942324624,0.0003432977415727123,6777.918766438961,61985300.1011412,-25.801178969667756,False
513548.8158862591,0.001302713289807177,0.0013873404377591214,0.0003942102621792287,6849.037785090506,61302990.98142224,-26.49487798168743,False
513848.81588602066,0.0013922675787975357,0.0014817240204081372,0.0004486432707508925,6921.414111323655,60613473.92505324,-27.18905571648877,False
514148.81588602066,0.0014869617849364992,0.0015815338680340574,0.0005068443863045502,6995.087835691869,59916640.553792275,-27.884073577159594,False
514448.81588602066,0.0015871410502923343,0.0016871931913726712,0.0005690816927916842,7070.102550834417,59212380.289188705,-28.58032495241073,False
514748.81588578224,0.001693184693016099,0.0017991704719975132,0.0006356452352811459,7146.5040965005755,58500580.27384894,-29.278237769527795,False
515048.81588578224,0.0018055075733039488,0.0019179837422598212,0.000706848035203933,7224.337655976415,57781125.294591926,-29.978277274886764,False
515348.8158855438,0.0019245675702121328,0.002044211445422661,0.0007830303209956924,7303.6534085050225,57053897.70384572,-30.680949062805407,False
515648.8158855438,0.0020508664224638787,0.002178497422590908,0.0008645601401582326,7384.501199476421,56318777.34549588,-31.386802384688924,False
515948.8158855438,0.0021849575356417666,0.0023215636449549493,0.000951837642290343,7466.934717468917,55575641.48296876,-32.096433756345625,False
516248.8158853054,0.002327450741621933,0.002474221011652844,0.0010452976048114238,7551.009974211454,54824364.731774695,-32.81049090169674,False
516548.8158853054,0.002479017441821659,0.002637381863138444,0.0011454119651830297,7636.7833567634225,54064818.9985088,-33.52967706133378,False
516848.815885067,0.002640401785238872,0.002812080178046017,0.0012526955467890843,7724.316542491317,53296873.42713829,-34.25475569788499,False
517148.815885067,0.0028124247393029713,0.0029994868205278635,0.0013677074500506592,7813.670237213373,52520394.357977815,-34.986555641486206,False
517448.81588482857,0.0029959991587446846,0.003200938414522625,0.0014910583311973369,7904.91080121696,51735245.29691601,-35.725976705823385,False
517748.81588482857,0.0031921370099184444,0.0034179617753409275,0.0016234126237222313,7998.104530490935,50941286.904076695,-36.473995820668286,False
518048.81588482857,0.0034019662721350733,0.003652312322714124,0.001765495656229632,8093.32202436775,50138377.00277311,-37.23167370999713,False
518348.81588459015,0.0036267452359213122,0.0039060153993091262,0.0019180982951354508,8190.636412136257,49326370.614531405,-38.0001621562406,False
518648.81588459015,0.0038678791944201157,0.004181417024796019,0.0020820816492417293,8290.121642649174,48505120.0261264,-38.78071187364767,False
518948.81588435173,0.004126944507917694,0.004481251250211926,0.0022583844352368487,8391.855714410543,47674474.89735762,-39.574680996197785,False
519248.81588435173,0.004405710055344893,0.004808716674659763,0.0024480263672828073,8495.916808113456,46834282.41448429,-40.38354418304987,False
519548.81588435173,0.0047061700111973295,0.0051675800316957066,0.002652115190365123,8602.387129284441,45984387.504061006,-41.208902279722594,False
519848.8158841133,0.005030576091838931,0.005562299606935994,0.0028718489902175293,8711.350386992097,45124633.117398694,-42.05249244134158,False
520148.8158841133,0.00538147586316522,0.005998181786424084,0.003108516140066797,8822.889404587448,44254860.60038784,-42.91619852774165,False
520448.8158838749,0.005761766062801872,0.00648158931747389,0.0033634962876334384,8937.091006107628,43374910.1661768,-43.8020614515552,False
520748.8158838749,0.006174742086508182,0.007020193725111312,0.0036382473817084815,9054.038183003664,42484621.494426385,-44.71228897305075,False
521048.8158836365,0.006624173721028385,0.007623321058275678,0.003934293085819718,9173.816663570702,41583834.47626662,-45.649264135562184,False
521348.8158836365,0.007114379435044941,0.00830238525335858,0.004253186613006221,9296.507406800985,40672390.140266456,-46.615551102446595,False
521648.8158836365,0.007650329434147257,0.00907147541582276,0.0045964605667094816,9422.190051287413,39750131.790488586,-47.61389648166991,False
521948.81588339806,0.008237761553460695,0.009948127371814053,0.004965538742830233,9550.939406596124,38816906.396486245,-48.647223222155134,False
522248.81588339806,0.008883320655739843,0.010954358515078866,0.005361595871050895,9682.820997186005,37872566.28170812,-49.71861260631738,False
522548.81588315964,0.009594739770249433,0.012118084073165392,0.005785345600273217,9817.894580572844,36916971.16040144,-50.831267471614495,False
522848.81588315964,0.010381041290604971,0.01347502736857109,0.006236695183829966,9956.20372864604,35949990.58288097,-51.98844606961636,False
523148.81588315964,0.011252805323141013,0.015071377020746013,0.006714222905415568,10097.779678359628,34971506.843823716,-53.19335010365444,False
523448.8158829212,0.012222483480708124,0.016967442439636216,0.00721434874040483,10242.634938508272,33981418.420236975,-54.448941171236896,False
523748.8158829212,0.013304784318226943,0.019242715351794004,0.007730031644982205,10390.756739750504,32979643.99260676,-55.75764488398768,False
524048.8158826828,0.014517163045468358,0.02200285907485977,0.00824872015540734,10542.109035208821,31966127.091755785,-57.120877728939426,False
524348.8158826828,0.01588040213388079,0.025389109259720044,0.008749076452197357,10696.623095162213,30940841.389751595,-58.53829233685079,False
524648.8158824444,0.01741934526970278,0.029590390043694015,0.009195756529585708,10854.200089856982,29903796.615106076,-60.00657274112731,False
524948.8158824444,0.019163772285330623,0.03485709715448593,0.009531058468546405,11014.705596096814,28855045.014419712,-61.517508576335345,False
525248.8158824444,0.021149476318297448,0.04151172522750812,0.009661745045953296,11177.9765926674,27794688.24870133,-63.05491962307315,False
525548.815882206,0.023419517358513584,0.04994090875220536,0.009438917243429046,11343.822265133262,26722884.629512478,-64.58978637960098,False
525848.815882206,0.02602564685117223,0.060528761032912826,0.008629835927465024,11512.023568239063,25639856.86030561,-66.07273739117063,False
526148.8158819675,0.02902983717930787,0.07344484199626322,0.006886659602599821,11682.326304078102,24545901.352707632,-67.42317144986673,False
526448.8158819675,0.0325056176090764,0.0881580369442645,0.0037361444779975272,11854.364806428552,23441402.69302728,-68.51572292192868,False
526748.8158819675,0.036538805461605595,0.10268399695300445,-0.0013484565080972288,12027.452790077776,22326863.044798926,-69.16940894735221,False
527048.8158817291,0.04122660081488767,0.11324989835210886,-0.008718298794107682,12199.98949059099,21202970.650915064,-69.1532075073261,False
527348.8158817291,0.046673492759949926,0.11586418679280541,-0.018232368240845176,12368.041251365095,20070762.468377747,-68.22452428279725,False
527648.8158814907,0.052981770784986865,0.10957537262640926,-0.0292053801273795,12522.340517118573,18931996.422624353,-66.19297116208722,False
527948.8158814907,0.06023366955480787,0.09750709009807679,-0.04082044997873879,12642.713444981724,17789949.66152816,-62.963249979556366,False
528248.8158814907,0.06846135605800206,0.08407288731450535,-0.05256231133452616,12689.042638789862,16650976.577621777,-58.52381253880542,False
528548.8158812523,0.07760330424194534,0.07223981062455209,-0.06424047928607024,12588.156648425385,15527151.715315368,-52.90668836865582,False
528848.8158812523,0.08746514262270239,0.0631312901903982,-0.07576697557237821,12221.49264588207,14439842.829491846,-46.15942682971217,False
529148.8158810139,0.0977054681893344,0.05678497224465673,-0.0869775240723385,11436.414824090898,13422815.099558737,-38.34116167736267,False
529448.8158810139,0.10776376861868638,0.052824398301765996,-0.09748259312351237,10102.223712217063,12522148.151212849,-29.53787500263672,False
529748.8158807755,0.11665364183489227,0.05078470096762544,-0.10643859099399577,8177.406065132469,11790728.866845591,-19.894560211179506,False
530048.8158807755,0.12289898869999417,0.05023586408677261,-0.11248271118175346,5741.493206875399,11277894.848335143,-9.657230351847867,False
530348.8158807755,0.12499124411995713,0.05082979367264784,-0.11419100368461144,2989.770946348086,11017720.76157101,0.8059135221667971,False
530648.815880537,0.12221335720651286,0.0523056854436561,-0.11090379935404648,187.1212392617017,11020672.250442678,11.045583174993501,True
530948.815880537,0.11513259654925809,0.054469146447132744,-0.10322462586690406,-2414.9529760479927,11272472.961167049,20.634510299874922,True
531248.8158802986,0.10527645015779069,0.057166858122997155,-0.0927042496333712,-4650.8882100097835,11740493.454915361,29.270566352462076,True
531548.8158802986,0.09434082561274325,0.060267295955441114,-0.08105516322068951,-6460.73146818392,12383727.600013342,36.81706464341659,True
531848.8158802986,0.08360479088641556,0.06364775774187592,-0.06957019142154763,-7863.635009821504,13161457.013177698,43.276607391207726,True
532148.8158800602,0.07378619377048908,0.06718615404014372,-0.058980364024805,-8918.393846049905,14038232.150935726,48.73690500553686,True
532448.8158800602,0.0651643312149829,0.07075709631155291,-0.04957879120284048,-9693.72941279225,14985520.560596425,53.32228192110758,True
532748.8158798218,0.05775796170849716,0.07423210362577493,-0.04139912671154633,-10252.784636748955,15981399.82156519,57.162736763714584,True
533048.8158798218,0.05146154876668475,0.07748344426471476,-0.034351700595181,-10647.6399750188,17009466.758617036,60.3785044224459,True
533348.8158795834,0.04612626986556061,0.08039094968060567,-0.028303959744405915,-10918.969382457435,18057622.158834003,63.074381657112205,True
533648.8158795834,0.04160073899069277,0.08285033283758025,-0.023120335081827648,-11097.658812630922,19117005.45483309,65.33907617763005,True
533948.8158795834,0.0377483323614667,0.08478144082289418,-0.01867855853055289,-11206.859606742859,20181150.26534458,67.24668735256625,True
534248.8158793449,0.03445250732111003,0.08613458204831659,-0.01487401789570697,-11263.846766859293,21245346.998498444,68.8588251309894,True
534548.8158793449,0.03161664970641879,0.08689356595525055,-0.01161885042407107,-11281.513353671879,22306173.203095492,70.22669792925149,True
534848.8158791065,0.029161812952022397,0.0870749252226517,-0.008839244687720793,-11269.517918538302,23361151.20673292,71.39292564048009,True
535148.8158791065,0.027023869867640934,0.08672349841154414,-0.0064725491589427975,-11235.12578516081,24408499.310452964,72.39303124630976,True
535448.8158791065,0.025150811878425293,0.08590557478407845,-0.004464861608838078,-11183.836591962725,25446950.73006136,73.25664373922193,True
535748.8158788681,0.023500389711215635,0.08470088018080446,-0.0027692336982454435,-11119.836408004165,26475621.325452153,74.00846762279745,True
536048.8158788681,0.022038160886602987,0.08319478533692859,-0.0013444326226306202,-11046.32556244731,27493912.457705494,74.66907221575055,True
536348.8158786297,0.02073593465789488,0.08147180564836276,-0.00015411663711972778,-10965.769634950906,28501439.22359706,75.25554344640673,True
536648.8158786297,0.01957051124213918,0.07961073502801241,0.000833730582314729,-10880.071661405265,29497977.105555646,75.78202931698708,True
536948.8158783913,0.018522704247783493,0.07768166599234405,0.0016472140880807729,-10790.711353443563,30483422.071461394,76.26020072787249,True
537248.8158783913,0.01757655181444731,0.07574452058128145,0.002310871762333022,-10698.838289309293,31457760.560029928,76.69964263944534,True
537548.8158783913,0.01671870910074907,0.0738488723508226,0.002845989095561663,-10605.352575633675,32421046.7807302,77.1081862042752,True
537848.8158781528,0.015937954679541892,0.07203453471086618,0.003270904009895048,-10510.957451291382,33373385.45975678,77.4921899364521,True
538148.8158781528,0.015224802321075698,0.07033264590680233,0.0036013053148735708,-10416.201810412109,34314918.67357196,77.85677647075248,True
538448.8158779144,0.014571196723274202,0.06876698535467085,0.003850523146894602,-10321.517835572362,35245815.76109726,78.20603055867824,True
538748.8158779144,0.01397025773184586,0.0673552434080591,0.004029802959308881,-10227.240152038634,36166265.574008115,78.5431633378391,True
539048.8158779144,0.01341608646966759,0.06611024596921311,0.004148561971618392,-10133.631082646549,37076470.51120409,78.87064737245196,True
539348.815877676,0.012903600844830882,0.06504095843612845,0.0042146211521583155,-10040.894114375114,37976641.920915,79.19032650343655,True
539648.815877676,0.012428400207665447,0.0641532648634211,0.0042344119184463125,-9949.182526119053,38866996.55469413,79.50350406187012,True
539948.8158774376,0.011986664101328625,0.06345056290211915,0.004213160866584076,-9858.615529380739,39747753.83937477,79.81101254662713,True
540248.8158774376,0.011575057225119215,0.06293404412070913,0.004155048493444724,-9769.279443353415,40619133.77947614,80.11326747087027,True
540548.8158771992,0.011190661447518955,0.06260277750769205,0.004063350995608062,-9681.239203825593,41481355.353110455,80.41030770247332,True
540848.8158771992,0.01083091003786093,0.062453463987367286,0.003940563394763785,-9594.537747904658,42334635.29306874,80.70182438087835,True
541148.8158771992,0.010493541261571855,0.062479949945384305,0.0037885142371578695,-9509.204528048635,43179187.16892573,80.98718030604314,True
541448.8158769608,0.010176554479550605,0.06267239577383066,0.003608473675399182,-9425.257019989192,44015220.70597647,81.26542169569396,True
541748.8158769608,0.009878171866185205,0.06301610978187,0.003401263258623999,-9342.699919395149,44842941.287642285,81.53528434078923,True
542048.8158767223,0.00959681342779089,0.0634901192985069,0.0031673777998548758,-9261.533316873014,45662549.60615087,81.79519653704796,True
542348.8158767223,0.009331066741610088,0.0640654341208915,0.002907123164206382,-9181.748448193073,46474241.425110735,82.04328175499734,True
542648.8158767223,0.009079668811345353,0.06470327842620804,0.00262078301308577,-9103.33341627568,47278207.431811765,82.27736477006593,True
542948.8158764839,0.008841486073055144,0.06535350167573029,0.00230881698806229,-9026.272419787943,48074633.15955466,82.49498590901067,True
543248.8158764839,0.008615497498553023,0.06595367611760139,0.001972092469600284,-8950.54511475563,48863698.96441271,82.69342891707285,True
543548.8158762455,0.008400783346286326,0.06642955646935889,0.0016121410249070323,-8876.130543887615,49645580.04233971,82.86976841166911,True
543848.8158762455,0.008196510857577891,0.06669758520163782,0.001231414574405676,-8803.004135906696,50420446.48103925,83.02094243123915,True
544148.8158762455,0.00800192680999791,0.06667015649856012,0.0008335017823810631,-8731.141992166638,51188463.33419723,83.14385356688997,True
544448.8158760071,0.0078163471889247,0.06626374242944166,0.00042324744919142177,-8660.519153490663,51949790.71420316,83.23549812923542,True
544748.8158760071,0.007639148488639571,0.06540925078414261,6.715688229519401e-06,-8591.10829244554,52704583.898523286,83.29311674483984,True
545048.8158757687,0.0074697640898688635,0.06406291619919102,-0.0004090477529388181,-8522.884556554258,53452993.445619725,83.31435271366723,True
545348.8158757687,0.007307674484550059,0.062215052772302215,-0.0008164567942259282,-8455.819815531373,54195165.31560167,83.29739845543543,True
545648.8158755302,0.007152406126774134,0.05989414914424174,-0.0012079781523652855,-8389.888917565346,54931240.997179225,83.2411080742784,True
545948.8158755302,0.007003523565541024,0.057164556697614444,-0.0015767693134165484,-8325.064598478377,55661357.634670764,83.14505743888645,True
546248.8158755302,0.006860627955256695,0.05411812082499523,-0.001917236108653242,-8261.321505509317,56385648.15570885,83.00954213486638,True
546548.8158752918,0.006723352498962551,0.05086178887893311,-0.002225401155769191,-8198.634641930461,57104241.398486495,82.83551560998103,True
546848.8158752918,0.006591358558749076,0.047504350896986125,-0.00249903210493585,-8136.978094890714,57817262.23753623,82.62448080841042,True
547148.8158750534,0.006464334616033207,0.044145222600946,-0.0027375444862940412,-8076.3279581815,58524831.70567126,82.37835512800191,True
547448.8158750534,0.006341991912714956,0.0408669701012343,-0.0029417385574532773,-8016.659137152135,59227067.11546601,82.09932933166266,True
547748.8158750534,0.006224064271242918,0.03773198178259918,-0.003113454767586177,-7957.948802061379,59924082.17566841,81.78973719205895,True
548048.815874815,0.006110305029842528,0.034782544450649766,-0.0032552176737681293,-7900.174530394375,60615987.10446082,81.451946440692,True
548348.815874815,0.006000484513468926,0.032043178833731645,-0.003369920285209105,-7843.312896177173,61302888.73943099,81.08827539641044,True
548648.8158745766,0.00589439055466404,0.029524084625222713,-0.0034605758584547175,-7787.343178987503,61984890.64343182,80.70093487341158,True
548948.8158745766,0.005791824888451584,0.027224773731717278,-0.00353013763596266,-7732.243427693844,62662093.20720184,80.29199205961129,True
549248.8158743382,0.00569260367568502,0.025137392072281273,-0.0035813845422865143,-7677.993700712919,63334593.74665963,79.86335185055262,True
549548.8158743382,0.005596554713991489,0.02324944125876982,-0.0036168551392563586,-7624.5730161219835,64002486.59879028,79.41675101464057,True
549848.8158743382,0.005503518146164754,0.0215458751749793,-0.0036388209045412623,-7571.962566807866,64665863.21204424,78.9537611527078,True
550148.8158740997,0.005413344575730535,0.02001060063287241,-0.0036492825090874703,-7520.143954329193,65324812.23351401,78.47579719674462,True
550448.8158740997,0.005325893510003102,0.018627497811849025,-0.003649981619602727,-7469.097785823047,65979419.59289806,77.98412903224968,True
550748.8158738613,0.005241034620183099,0.01738107808495215,-0.0036424233384764193,-7418.807547777891,66629768.58312895,77.47989454571601,True
551048.8158738613,0.005158644447072046,0.016256855919039026,-0.0036278989046252264,-7369.254553541541,67275939.93661307,76.964112946496,True
551348.8158738613,0.005078608176169461,0.015241547266612088,-0.003607513081490765,-7320.422604709864,67918011.90023632,76.43769767151409,True
551648.8158736229,0.005000818036354083,0.01432313098234772,-0.003582207898190859,-7272.296009004116,68556060.30588585,75.90146844725909,True
551948.8158736229,0.004925171986207152,0.01349083140081575,-0.0035527845877396658,-7224.857950359583,69190158.6383592,75.35616231148438,True
552248.8158733845,0.004851575001819033,0.012735059255703618,-0.003519925214476416,-7178.0940228402615,69820378.10060993,74.80244353031223,True
552548.8158733845,0.0047799368564948215,0.012047317896588083,-0.003484208967748259,-7131.988609582186,70446787.6767577,74.24091240708972,True
552848.815873146,0.004710173163717951,0.011420105970614713,-0.0034461286885942854,-7086.527814462781,71069454.19108075,73.67211306194359,True
553148.815873146,0.004642203676932943,0.01084681166014434,-0.0034061029511036622,-7041.696693509817,71688442.36688723,73.09654024800834,True
553448.815873146,0.004575953360349138,0.010321616338728745,-0.0033644884408374764,-6997.48216432333,72303814.88131495,72.51464531768976,True
553748.8158729076,0.004511351306238889,0.009839400130942977,-0.0033215888425530693,-6953.871391505003,72915632.41839454,71.92684141978908,True
554048.8158729076,0.004448329883904309,0.00939565630216066,-0.0032776624217945027,-6910.8505514115095,73523953.72036768,71.33350802563645,True
554348.8158726692,0.0043868259678122665,0.008986418024079512,-0.003232930057976091,-6868.40799844265,74128835.6365956,70.73499487530808,True
554648.8158726692,0.0043267791165164,0.008608187930036593,-0.003187579671958929,-6826.530870735645,74730333.17130508,70.13162540435418,True
554948.8158726692,0.004268132437766939,0.0082578805772755,-0.0031417719657724774,-6785.207409635186,75328499.52803706,69.52369973780573,True
555248.8158724308,0.004210832211073783,0.00793276992334313,-0.003095644362872463,-6744.426588386297,75923386.15455239,68.91149729599472,True
555548.8158724308,0.004154826913532024,0.007630442542165383,-0.0030493138037854806,-6704.1763751506805,76515042.78473417,68.29527906931769,True
555848.8158721924,0.004100068399228393,0.00734876017344277,-0.0030028807850186467,-6664.446713387966,77103517.4789914,67.67528961419843,True
556148.8158721924,0.004046510177430332,0.007085822826866206,-0.002956430531568799,-6625.226052582264,77688856.66385257,67.0517587926805,True
556448.815871954,0.003994108965862181,0.006839941501141311,-0.002910036500495039,-6586.505143389106,78271105.16997027,66.42490330942096,True
556748.815871954,0.0039428226156639195,0.0066096093451903926,-0.002863760552855865,-6548.272672474384,78850306.26815228,65.79492805336264,True
557048.815871954,0.0038926117747110547,0.006393481801012513,-0.002817655948163633,-6510.5192999094725,79426501.70561993,65.16202729023438,True
557348.8158717155,0.003843439005794303,0.006190355909382106,-0.0027717679990217903,-6473.235949754715,79999731.74002203,64.52638570948984,True
557648.8158717155,0.0037952680730785936,0.0059991525304781135,-0.0027261346751856763,-6436.4124002456665,80570035.17262484,63.888179351069915,True
557948.8158714771,0.0037480651691119632,0.005818903410158782,-0.0026807886378037438,-6400.040352106094,81137449.38042015,63.247576434219454,True
558248.8158714771,0.003701797467941612,0.0056487364952317876,-0.002635756934509459,-6364.110288515687,81702010.3478688,62.60473808535975,True
558548.8158714771,0.003656433956106624,0.005487865978750506,-0.0025910624462781584,-6328.61361156404,82263752.69622046,61.95981899589552,True
558848.8158712387,0.0036119452029855057,0.005335582310863174,-0.0025467243599237577,-6293.542307764292,82822709.71402493,61.3129680045225,True
559148.8158712387,0.003568302612217735,0.005191242812941255,-0.002502758135193517,-6258.88735614717,83378913.38553205,60.66432861815633,True
559448.8158710003,0.003525479504226301,0.005054265658912982,-0.0024591768846207174,-6224.641466885805,83932394.41822508,60.01403948604313,True
559748.8158710003,0.0034834497151615225,0.004924121659030334,-0.0024159906753880023,-6190.795898735523,84483182.27034678,59.36223481712624,True
560048.8158710003,0.003442188826166316,0.004800330099357097,-0.002373207904625474,-6157.343547493219,85031305.1773885,58.70904476587922,True
560348.8158707619,0.0034016732638829446,0.004682452646136426,-0.002330834907091628,-6124.276935398579,85576790.17724487,58.05459577472918,True
560648.8158707619,0.0033618801391961787,0.004570088781065351,-0.0022888761237567223,-6091.58793233335,86119663.1364495,57.39901088476631,True
560948.8158705235,0.0033227881860230873,0.004462873029837056,-0.002247335107568915,-6059.2701801508665,86659948.77421373,56.74241002393444,True
561248.8158705235,0.003284376367227854,0.004360469910352549,-0.002206213641720467,-6027.3157973736525,87197670.68667996,56.084910260180166,True
561548.815870285,0.003246625158341857,0.004262572395816733,-0.002165512958349325,-5995.718644991517,87732851.37033223,55.42662604251139,True
561848.815870285,0.003209515216873383,0.004168897708950681,-0.002125232866049487,-5964.471141979098,88265512.24532208,54.76766941155908,True
562148.815870285,0.0031730285441126443,0.004079186263822976,-0.0020853728206375877,-5933.567243337631,88795673.67809387,54.108150202026806,True
562448.8158700466,0.003137147671533741,0.003993198628052141,-0.0020459314255987238,-5903.000519290566,89323355.00294235,53.448176222359535,True
562748.8158700466,0.00310185552715352,0.003910713504950536,-0.0020069064568204453,-5872.763890877366,89848574.54477821,52.78785342062406,True
563048.8158698082,0.003067136317383485,0.003831527021418424,-0.0019682956538389362,-5842.851943418384,90371349.63990138,52.12728604357293,True
563348.8158698082,0.0030329742543882265,0.003755449836319258,-0.0019300958377499455,-5813.257788747549,90891696.65722431,51.46657677465477,True
563648.8158698082,0.0029993545970129947,0.0036823069352465154,-0.0018923037994724723,-5783.975775435567,91409631.0187413,50.805826871303296,True
563948.8158695698,0.0029662632613806344,0.003611935999686011,-0.0018549160761835992,-5755.000576809049,91925167.22021353,50.14513628653514,True
564248.8158695698,0.002933686093525077,0.003544185562105895,-0.0018179284761004055,-5726.325388520956,92438318.85061544,49.484603781874696,True
564548.8158693314,0.0029016101666321324,0.003478915415882966,-0.0017813371193895478,-5697.945321276784,92949098.61239682,48.824327039428184,True
564848.8158693314,0.002870022497803912,0.0034159943872680287,-0.0017451375313939366,-5669.854161098599,93457518.34095643,48.16440275724924,True
565148.8158690929,0.0028389111021656114,0.0033553006584270406,-0.0017093254800712998,-5642.047151371837,93963589.0233607,47.50492674858937,True
565448.8158690929,0.0028082638941174876,0.0032967199141467063,-0.0016738962085156572,-5614.5181940943,94467320.8177084,46.845994025475505,True
565748.8158690929,0.002778069713614204,0.003240145769098035,-0.0016388452330744485,-5587.262573942542,94968723.07172552,46.187698886547565,True
566048.8158688545,0.0027483176284673447,0.003185478465752567,-0.0016041678669012072,-5560.2751878499985,95467804.3406715,45.53013499366488,True
566348.8158688545,0.0027189968288145547,0.0031326242481668487,-0.00156985918303576,-5533.5503019839525,95964572.40652189,44.873395444659536,True
566648.8158686161,0.002690097419096384,0.003081495694431169,-0.001535914613533862,-5507.083693549037,96459034.29537544,44.21757284800604,True
566948.8158686161,0.002661609304673092,0.0030320101520828757,-0.001502329179913886,-5480.869744673371,96951196.29554605,43.562759384677584,True
567248.8158686161,0.0026335231360465564,0.002984090305517384,-0.001469098192522722,-5454.903986826539,97441063.97500196,42.90904687597823,True
567548.8158683777,0.0026058298760440633,0.0029376633786455386,-0.0014362169627659682,-5429.181995272636,97928642.19891825,42.25652684210723,True
567848.8158683777,0.002578520499268333,0.0028926605104970804,-0.0014036806178339134,-5403.698613509536,98413935.14735328,41.60529055801913,True
568148.8158681393,0.002551586617926395,0.0028490170859640784,-0.0013714845547880827,-5378.449668288231,98896946.33138783,40.955429112483806,True
568448.8158681393,0.0025250197512037354,0.002806671734902011,-0.00133962395435816,-5353.430031269789,99377678.61124633,40.30703345600803,True
568748.8158679008,0.0024988121962946108,0.0027655669518367176,-0.0013080943916250476,-5328.636008232832,99856134.21243575,39.66019445586441,True
569048.8158679008,0.002472955993394378,0.002725647840776446,-0.001276891148222603,-5304.062564864755,100332314.74270214,39.01500293944827,True
569348.8158679008,0.00244744379996772,0.0026868627749365714,-0.0012460098164552846,-5279.70572707057,100806221.20829672,38.37154974467103,True
569648.8158676624,0.002422268582799389,0.002649162899416524,-0.0012154460997138017,-5255.561777189374,101277854.03071655,37.729925762524736,True
569948.8158676624,0.0023974230259879966,0.0026125013742728243,-0.0011851954392980701,-5231.625657349825,101747213.06248692,37.0902219777369,True
570248.815867424,0.0023729006207648057,0.0025768342866854255,-0.0011552537372381266,-5207.89397674799,102214297.60368311,36.452529513931694,True
570548.815867424,0.0023486946101875118,0.0025421194648629353,-0.0011256166795803324,-5184.362142279744,102679106.41805485,35.81693966815886,True
570848.815867424,0.0023247987642481655,0.0025083171030360063,-0.00109628024518571,-5161.026508882642,103141637.74846075,35.18354395269538,True
571148.8158671856,0.002301207043359436,0.0024753893052036346,-0.0010672404946490133,-5137.883480876684,103601889.33286028,34.552434129570216,True
571448.8158671856,0.0022779133241457093,0.002443299701496926,-0.0010384934099505472,-5114.928767204285,104059858.42031121,33.92370224374421,True
571748.8158669472,0.002254911966041539,0.002412013895053633,-0.0010100352536781543,-5092.158976227045,104515541.78554733,33.297440660423106,True
572048.8158669472,0.002232197159966357,0.0023814987272032795,-0.0009818621748323153,-5069.569819003344,104968935.74552132,32.67374209275372,True
572348.8158669472,0.0022097636056399817,0.0023517228466687357,-0.000953970627691092,-5047.158020332456,105420036.174094,32.05269963648451,True
572648.8158667088,0.002187606132014904,0.0023226562545630713,-0.0009263571430899731,-5024.92027746141,105868838.5172979,31.4344067976661,True
572948.8158667088,0.0021657193943391945,0.002294269931269355,-0.0008990181597319236,-5002.852422609925,106315337.80866504,30.818957519140053,True
573248.8158664703,0.0021440986939220523,0.0022665365620468947,-0.0008719505078325085,-4980.951742678881,106759528.68405204,30.20644621127063,True
573548.8158664703,0.0021227389019470274,0.0022394294220475786,-0.0008451507902229594,-4959.213964283466,107201405.39635809,29.596967772914837,True
573848.8158662319,0.0021016355533555004,0.002212923378351661,-0.0008186160144134647,-4937.636353239417,107640961.83059001,28.990617620130806,True
574148.8158662319,0.0020807838987959622,0.0021869939095893187,-0.0007923430580589752,-4916.215050980449,108078191.5186953,28.38749170461464,True
574448.8158662319,0.002060179604560985,0.0021616177331509334,-0.0007663290657760058,-4894.947068616748,108513087.6536908,27.787686538968792,True
574748.8158659935,0.0020398184630173095,0.0021367724733920568,-0.0007405712874515302,-4873.829482093453,108945643.10439643,27.191299215196445,True
575048.8158659935,0.0020196960672326106,0.0021124362983186984,-0.0007150669112192531,-4852.858514532447,109375850.42992136,26.598427421824162,True
575348.8158657551,0.0019998085945568326,0.0020885886397081777,-0.0006898134821646806,-4832.031783342361,109803701.89378792,26.009169464893013,True
575648.8158657551,0.001980151789979388,0.002065209162310566,-0.000664808371372061,-4811.34540848434,110229189.47795153,25.423624279433103,True
575948.8158657551,0.00196072190233869,0.0020422786391236514,-0.0006400492667353319,-4790.796696767211,110652304.89717467,24.841891447492543,True
576248.8158655167,0.001941515284470031,0.0020197785271989233,-0.0006155339634972279,-4770.383014023304,111073039.61289977,24.26407120918787,True
576548.8158655167,0.001922528066554713,0.0019976906162924024,-0.0005912602089139796,-4750.100850582123,111491384.84717809,23.690264472240393,True
576848.8158652782,0.0019037568640906757,0.0019759976906073007,-0.00056722605254933,-4729.947871148586,111907331.59615014,23.120572824913616,True
577148.8158652782,0.0018851980510934568,0.0019546827907674924,-0.0005434294945025897,-4709.920827656984,112320870.64427978,22.5550985396561,True
577448.8158650398,0.0018668483469806915,0.001933729762100711,-0.0005198687686771564,-4690.017264455557,112731992.57697223,21.99394458285607,True
577748.8158650398,0.0018487042617192485,0.0019131226873696505,-0.0004965420858376035,-4670.233918741345,113140687.79505621,21.437214614977165,True
578048.8158650398,0.0018307626796274928,0.001892846437215212,-0.0004734479031185401,-4650.568422660232,113546946.52753952,20.88501299601923,True
578348.8158648014,0.0018130205371268964,0.0018728863341266333,-0.0004505847745797098,-4631.018376767635,113950758.84491092,20.337444784081285,True
578648.8158648014,0.0017954745638417639,0.001853227878598318,-0.00042795124592842626,-4611.580604657531,114352114.67247966,19.79461573196389,True
578948.815864563,0.0017781219913458374,0.0018338574293181864,-0.0004055461575411812,-4592.253219053149,114751003.80322267,19.256632286364702,True
579248.815864563,0.0017609596278653204,0.001814761275966248,-0.0003833682575873354,-4573.032937169075,115147415.91056399,18.7236015776817,True
579548.815864563,0.0017439847136095522,0.0017959264675937447,-0.00036141655805721484,-4553.917576685548,115541340.5614487,18.19563141471637,True
579848.8158643246,0.001727194557293087,0.0017773404419472172,-0.0003396901810504005,-4534.905008137226,115932767.22894448,17.67283027219546,True
580148.8158643246,0.001710586238177458,0.0017589907174055952,-0.00031818824950846647,-4515.992284879088,116321685.30487303,17.155307275958098,True
580448.8158640862,0.0016941572550862208,0.0017408655253632332,-0.00029691013450161563,-4497.177549824119,116708084.11200626,16.64317219009734,True
580748.8158640862,0.0016779048620330114,0.0017229531416376176,-0.00027585520696504773,-4478.458095237613,117091952.91694549,16.136535394812768,True
581048.8158640862,0.0016618265193071916,0.0017052423251584514,-0.0002550230055238245,-4459.83169080317,117473280.94152513,15.635507868141094,True
581348.8158638477,0.001645919823230456,0.0016877222411153525,-0.0002344132058027526,-4441.296381503344,117852057.3756534,15.14020116062768,True
581648.8158638477,0.0016301821674990905,0.0016703821162309396,-0.00021402550983928847,-4422.849500775337,118228271.38921216,14.650727367158545,True
581948.8158636093,0.0016146113228303037,0.0016532118113445904,-0.00019385983543784846,-4404.489375516772,118601912.14353262,14.167199100085956,True
582248.8158636093,0.0015992047708782318,0.0016362011509158947,-0.0001739161033036396,-4386.2133729457855,118972968.80358458,13.68972945311521,True
582548.8158633709,0.001583960377152317,0.001619340591787477,-0.00015419444475739397,-4368.0198854357,119341430.54921392,13.218431968745241,True
582848.8158633709,0.0015688757651459429,0.0016026205932746507,-0.00013469501293172925,-4349.906492158771,119707286.58716625,12.753420596092889,True
583148.8158633709,0.0015539487456632177,0.0015860320442584452,-0.00011541810954440734,-4331.8712285757065,120070526.16167928,12.294809651524854,True
583448.8158631325,0.0015391772504686548,0.0015695661955419382,-9.636415914471286e-05,-4313.912392750382,120431138.56642771,11.84271377213216,True
583748.8158631325,0.0015245590093334674,0.0015532143330290182,-7.753362726781177e-05,-4296.027600258589,120789113.15555029,11.39724786596281,True
584048.8158628941,0.0015100921046165845,0.0015369683359836017,-5.892715740252186e-05,-4278.215420901775,121144439.3542784,10.958527062711893,True
584348.8158628941,0.0014957743270404866,0.0015208200269114514,-4.054541399689526e-05,-4260.473482832313,121497106.67017753,10.52666665543148,True
584648.8158628941,0.0014816038015783505,0.0015047618042558497,-2.238922580310998e-05,-4242.800322592258,121847104.703744,10.101782044447013,True
584948.8158626556,0.0014675785799247551,0.0014887862317607414,-4.459489057140331e-06,-4225.194186389446,122194423.15865807,9.683988674111136,False
585248.8158626556,0.0014536965845806642,0.0014728859825652307,1.3242838564408999e-05,-4207.6528656333685,122539051.85289825,9.273401966343169,False
585548.8158624172,0.0014399560997210264,0.0014570543391130286,3.071664944265251e-05,-4190.175151214004,122880980.72859201,8.870137254136685,False
585848.8158624172,0.0014263551040331049,0.0014412845186484446,4.796081090496784e-05,-4172.758865579963,123220199.86242472,8.474309706545775,False
586148.8158621788,0.0014128919254110233,0.001425570340586546,6.497405592220673e-05,-4155.402799680829,123556699.47544912,8.08603425570888,False
586448.8158621788,0.0013995646550057782,0.0014099056342047334,8.175508097441053e-05,-4138.104984134436,123890469.94341917,7.7054255152564854,False
586748.8158621788,0.0013863715465191975,0.0013942846477732473,9.830248718678547e-05,-4120.863872885704,124221501.80586056,7.332597700286832,False
587048.8158619404,0.0013733109554076768,0.001378701990688569,0.00011461479913155159,-4103.678162947297,124549785.7763234,6.967664540916241,False
587348.8158619404,0.0013603810391047899,0.0013631523312938043,0.00013069050035952046,-4086.5459160357714,124875312.75175329,6.6107391927872685,False
587648.815861702,0.0013475802717727923,0.0013476309258066976,0.0001465279843300138,-4069.4660764038563,125198073.82151867,6.261934147471798,False
587948.815861702,0.0013349068536235677,0.0013321330196163217,0.0001621256155051043,-4052.4367328882217,125518060.27692652,5.921361135542783,False
588248.815861702,0.0013223592343197344,0.0013166543851923507,0.00017748168862130598,-4035.456663221121,125835263.62000044,5.589131031161117,False
588548.8158614635,0.0013099359336923065,0.0013011911433409296,0.00019259445548236442,-4018.5248063504696,126149675.57261789,5.265353751104164,False
588848.8158614635,0.001297635170880988,0.0012857393882086399,0.0002074621426180201,-4001.63917504251,126461288.0848967,4.950138151408029,False
589148.8158612251,0.0012854555597274987,0.0012702959009232018,0.00022208292839209776,-3984.798901423812,126770093.34407912,4.643591924235634,False
589448.8158612251,0.0012733954439172375,0.0012548574745494534,0.0002364549721729503,-3968.0022862404585,127076083.78299102,4.345821488753635,False
589748.8158609867,0.001261453468414128,0.001239421500457638,0.00025057641045389545,-3951.2484772652388,127379252.08803023,4.056931884052037,False
590048.8158609867,0.0012496280039412488,0.0012239853841720105,0.0002644453654210288,-3934.5357834398746,127679591.20754398,3.777026656490279,False
590348.8158609867,0.001237917707548534,0.0012085471197167408,0.0002780599561127417,-3917.8633190244436,127977094.35974076,3.506207749079754,False
590648.8158607483,0.001226321158431892,0.0011931049203610655,0.00029141830299428406,-3901.229938611388,128271755.04016013,3.244575387304805,False
590948.8158607483,0.0012148368072441974,0.001177657169222357,0.0003045185250951654,-3884.634091064334,128563567.02986103,2.9922279641280936,False
591248.8158605099,0.00120346341787838,0.001162202869778639,0.0003173587745308737,-3868.0751112401485,128852524.40256031,2.749261926324229,False
591548.8158605099,0.001192199468251454,0.001146741037416632,0.00032993720588470055,-3851.5514727681875,129138621.53205942,2.5157716574711286,False
591848.8158605099,0.001181043668768216,0.0011312712261997149,0.00034225202080273576,-3835.062300980091,129421853.09929933,2.2918493637890727,False
592148.8158602715,0.0011699947892403685,0.0011157933519143626,0.0003543014691538282,-3818.6068672686815,129702214.09954429,2.0775849583127206,False
592448.8158602715,0.0011590513109961164,0.001100307339441997,0.0003660838113124232,-3802.183583214879,129979699.84885885,1.8730659458452255,False
592748.815860033,0.0011482120806559919,0.001084813781574212,0.00037759740541098985,-3785.7918962985277,130254305.99110694,1.6783773103904394,False
593048.815860033,0.0011374756853149465,0.0010693133053223391,0.0003888406349585871,-3769.4304830282927,130526028.5043985,1.4936014015744525,False
593348.815860033,0.0011268409211564582,0.001053807040761967,0.0003998119826411628,-3753.0986035466194,130794863.70723069,1.318817824985843,False
593648.8158597946,0.0011163065975898787,0.0010382964186419485,0.0004105100137294926,-3736.795536234975,131060808.26473667,1.1541033330264818,False
593948.8158597946,0.0011058713739492652,0.0010227830024973628,0.00042093334942938654,-3720.52010974288,131323859.19481951,0.9995317183017212,False
594248.8158595562,0.0010955341080152164,0.00100726883073321,0.0004310807411946893,-3704.2717065662146,131584013.87348643,0.8551737109146414,False
594548.8158595562,0.001085293462470496,0.0009917560176972984,0.00044095099776353397,-3688.0491337180138,131841270.04102336,0.7210968771412443,False
594848.8158593178,0.0010751483912002748,0.0009762472285501644,0.00045054310005498976,-3671.852016374469,132095625.80719003,0.5973655232894894,False
595148.8158593178,0.0010650975727965904,0.0009607451094950648,0.00045985607783860516,-3655.6791795939207,132347079.65651707,0.4840406018507046,False
595448.8158593178,0.0010551399073880914,0.000945252769383842,0.0004688891349769464,-3639.530066534877,132595630.45340616,0.38117962313014253,False
595748.8158590794,0.0010452743011392235,0.0009297735555549025,0.00047764160762830965,-3623.4041228741407,132841277.447055,0.2888365705046367,False
596048.8158590794,0.0010354995134347295,0.0009143108944158485,0.000486112923359705,-3607.3003668934107,133084020.27634732,0.20706182064986509,False
596348.815858841,0.0010258144938073512,0.0008988686082034292,0.0004943027039361059,-3591.21834333241,133323858.9740103,0.13590206942642707,False
596648.815858841,0.0010162180005665426,0.0008834505318588981,0.0005022106561010237,-3575.1570475697517,133560793.97146426,0.07540026238150534,False
596948.815858841,0.0010067090069146795,0.0008680608927704725,0.0005098367037161891,-3559.116070598364,133794826.1028275,0.025595531631274177,False
597248.8158586025,0.000997286480353409,0.0008527040818933074,0.0005171809270827117,-3543.0949749797583,134025956.60889064,-0.013476861753816847,False
597548.8158586025,0.0009879492018288341,0.0008373844686104803,0.000524243498224268,-3527.09279486537,134254187.14098868,-0.04178557904568504,False
597848.8158583641,0.000978696264024996,0.0008221068592035863,0.0005310248646381369,-3511.1094240546227,134479519.76475462,-0.05930324878948115,False
598148.8158583641,0.0009695264227628761,0.0008068758669139697,0.0005375255127744588,-3495.1438135504723,134701956.96322724,-0.06600650515055781,False
598448.8158581257,0.0009604387647565211,0.0007916965258800701,0.0005437462242230962,-3479.1958236694336,134921501.64054105,-0.06187601977377639,False
598748.8158581257,0.0009514321323893961,0.0007765737347824597,0.0005496878534975644,-3463.264633655548,135138157.12483323,-0.04689652650850816,False
599048.8158581257,0.0009425055557254822,0.0007615126439191044,0.0005553515030987805,-3447.3499333560467,135351927.17110035,-0.021056839587230265,False
599348.8158578873,0.0009336580724419886,0.0007465184689863236,0.0005607384548922366,-3431.451425909996,135562815.9639369,0.015650135376069338,False
599648.8158578873,0.0009248885767427186,0.0007315963377436674,0.0005658500999652094,-3415.5684162676334,135770828.12012643,0.06322739754103901,False
599948.8158576488,0.000916196141770936,0.0007167515675234881,0.0005706880832072325,-3399.7006930708885,135975968.69067398,0.12167385342695225,False
600248.8158576488,0.0009075796555349125,0.0007019893185145065,0.0005752541348341966,-3383.847537100315,136178243.16326085,0.1909843273094161,False
600548.8158576488,0.0008990382089228522,0.000687314926807403,0.0005795502523461837,-3368.0087751448154,136377657.46408162,0.27114957756993824,False
600848.8158574104,0.0008905708852102524,0.0006727336966321218,0.0005835786025683576,-3352.1842058598995,136574217.95950347,0.3621563205501952,False
601148.8158574104,0.0008821765869134916,0.0006582507344035093,0.0005873414268046107,-3336.3731403052807,136767931.45760393,0.46398726126057366,False
601448.815857172,0.0008738545127737127,0.000643871351087455,0.0005908412842731137,-3320.5756764113903,136958805.20969817,0.5766211295225344,False
601748.815857172,0.0008656035368444882,0.0006296005058743503,0.0005940807234845469,-3304.791045665741,137146846.91106132,0.7000327242398288,False
602048.815857172,0.0008574227864133588,0.0006154432931566589,0.0005970625844929911,-3289.0191484689713,137332064.70234057,0.8341929619684744,False
602348.8158569336,0.0008493113997725811,0.0006014047161500002,0.0005997898698774096,-3273.2599084079266,137514467.17012006,0.9790689327107552,False
602648.8158569336,0.0008412683218981219,0.0005874895033457506,0.0006022656201547516,-3257.5127391815186,137694063.3473577,1.1346239615683673,False
602948.8158566952,0.000833292756081887,0.0005737024753216247,0.0006044931675612819,-3241.7777269482613,137870862.71390194,1.3008176742496749,False
603248.8158566952,0.0008253836618474857,0.0005600481138685609,0.0006064758386137292,-3226.0543205440044,138044875.1964665,1.4776060700969318,False
603548.8158564568,0.000817540288405242,0.0005465309907890514,0.0006082172654697793,-3210.342715471983,138216111.16882962,1.664941597310401,False
603848.8158564568,0.0008097615663173006,0.0005331552609106893,0.0006097210110764806,-3194.642284333706,138384581.45110783,1.8627732355669209,False
604148.8158564568,0.0008020466732081531,0.0005199251123428894,0.0006109909083580334,-3178.953032016754,138550297.30978566,2.0710465799759796,False
604448.8158562183,0.0007943947967932742,0.0005068445629206053,0.0006120309118120559,-3163.274984538555,138713270.45685104,2.2897039308054086,False
604748.8158562183,0.000786804935500321,0.0004939172982290074,0.000612844958341352,-3147.607684582472,138873513.04879296,2.518684386844222,False
