#cP2025  1  5  0  0  0.00000000      96 ORBIT IGS20 HLM  IGS
## 2348      0.00000000   900.00000000 60680 0.0000000000000
+   32   G01G02G03G04G05G06G07G08G09G10G11G12G13G14G15G16G17
+        G18G19G20G21G22G23G24G25G26G27G28G29G30G31G32  0  0
+          0  0  0  0  0  0  0  0  0  0  0  0  0  0  0  0  0
+          0  0  0  0  0  0  0  0  0  0  0  0  0  0  0  0  0
+          0  0  0  0  0  0  0  0  0  0  0  0  0  0  0  0  0
++         4  2  2  2  2  1  1  2  2  1  2  2  2  2  2  2  2
++         2  2  2  1  2  2  2  2  2  2  1  2  1  1  2  0  0
++         0  0  0  0  0  0  0  0  0  0  0  0  0  0  0  0  0
++         0  0  0  0  0  0  0  0  0  0  0  0  0  0  0  0  0
++         0  0  0  0  0  0  0  0  0  0  0  0  0  0  0  0  0
%c G  cc GPS ccc cccc cccc cccc cccc ccccc ccccc ccccc ccccc
%c cc cc ccc ccc cccc cccc cccc cccc ccccc ccccc ccccc ccccc
%f  1.2500000  1.025000000  0.00000000000  0.000000000000000
%f  0.0000000  0.000000000  0.00000000000  0.000000000000000
%i    0    0    0    0      0      0      0      0         0
%i    0    0    0    0      0      0      0      0         0
/* FINAL ORBIT COMBINATION FROM WEIGHTED AVERAGE OF:        
/* cod emr esa gfz grg jgx jpl mit ngs sio                  
/* REFERENCED TO IGS TIME (IGST) AND TO WEIGHTED MEAN POLE: 
/* PCV:IGS20      OL/AL:FES2014b NONE     Y  ORB:CMB CLK:CMB
*  2025  1  5  0  0  0.00000000
PG01  16603.848550   4592.943037  20224.070816 999999.999999 10  4 11           
PG02  18172.352300   5692.979841  19140.075335   -275.579435  5  7  6  79       
PG03  19036.199236  -6807.220204  16999.617236    639.649618  4  5  7  85       
PG04  26106.374023    108.486903  -5299.792536    506.958377  8  6  7  55       
PG05 -12658.601558  -8047.120459 -22094.683281   -198.073139  7  7  5  87       
PG06  -4640.098415 -24828.000302   8083.952850    -95.498210  6  5  5  73       
PG07  11141.779585 -11354.553152 -20664.465680    -13.881237  6  7  7  81       
PG08  25284.915208   6342.875212  -6359.860310    454.117103  6  7  6  62       
PG09  21961.971583  -7381.522260 -13143.096814    515.866935  8  8  6  86       
PG10  -8236.121004  22855.504765  10555.043123   -263.198380  9  1  7  83       
PG11 -12169.186911 -23241.027850  -4304.775195   -752.366811  7  7  5  78       
PG12 -18875.773273   2638.410467  18191.197223   -562.559361  6  6  6  49       
PG13 -19394.453979 -13704.168147 -12373.670739    692.424473  8  6  9 113       
PG14  11448.590464 -22887.426141   6673.721468    573.848025  8  4  9  78       
PG15 -25743.566632  -3432.573632  -6430.952679    247.852493  7  7  7  94       
PG16   8193.008386  13586.295863 -21599.094641    -85.845364  7  6  5  52       
PG17   7797.509943 -13886.447209  21693.318062    488.852741  6  5  4  69       
PG18  -9413.043621  13755.384724 -20592.431907   -658.891147  4  5  6  48       
PG19  -4329.426313 -15740.005829  20895.812839    582.336501  8  4  5  74       
PG20  -4937.045722 -18873.170037 -17996.989904    367.331079  8  8  2  71       
PG21  18956.575857  12763.994425  14792.885484    100.007822  5  7  6  74       
PG22   6146.064862 -22003.774947  14187.850353    -90.536037  6  6  8  54       
PG23 -16845.520593  20040.963482  -3613.728568    397.500010  4  4  6  76       
PG24 -18773.155900  -8038.850692  16718.557659   -467.215557  8 10  7  44       
PG25 -19112.948276  15377.568588   9478.850043    497.220317  7  5  7  82       
PG26    833.727665  21306.313231 -15777.122847    -35.441578  3  6  6  56       
PG27  17771.608721  12788.376095 -15644.522549    -33.451048  5  5  8  78       
PG28   4047.753021  24349.995707   9790.854638   -527.081065  4  5  3  65       
PG29 -22354.159649   5272.632777 -13490.952177   -549.972940  8  8  7  66       
PG30   2643.445936 -21469.337482 -15080.978617   -246.242182  7  6  8  81       
PG31   9977.582594  24395.384446    154.658173   -218.566990  5  6  8  39       
PG32  -1949.791921  15130.122991  21970.007490   -547.363802  6  7  5  65       
*  2025  1  5  0 15  0.00000000
PG01  17307.914381   6725.486863  18999.914805 999999.999999 10  1 12           
PG02  19100.437188   7468.065514  17553.397934   -275.571270  4  7  6  73       
PG03  17949.577977  -5040.250247  18705.668969    639.656719  4  5  6  86       
PG04  26524.040679    379.453209  -2486.557123    506.963679  9  6  7  83       
PG05 -11346.973554 -10149.074135 -21934.198890   -198.073917  7  7  4  87       
PG06  -4046.288414 -23926.306840  10726.313205    -95.522858  6  4  5  55       
PG07  12292.900147  -9117.791196 -21143.063858    -13.880587  6  7  6  71       
PG08  24424.023313   6542.418328  -8985.796508    454.124428  6  7  7  68       
PG09  23302.110244  -7106.539994 -10759.616035    515.880702  8  7  6  94       
PG10  -8971.951344  23601.830596   7893.891647   -263.212809  9  1  7  85       
PG11 -12083.480811 -23640.309415  -1467.522365   -752.366317  7  6  5  69       
PG12 -17604.308038    817.314028  19569.178609   -562.561400  6  6  5  70       
PG13 -17896.958007 -13526.347347 -14638.885615    692.425639  8  6  8 111       
PG14  12054.739536 -23199.987518   3925.686464    573.854525  7  4  9  23       
PG15 -24946.577629  -3779.306428  -9045.257648    247.856554  7  7  7  97       
PG16   6634.162021  15365.901187 -20878.635657    -85.836866  7  6  5  85       
PG17  10119.407371 -13520.357802  20956.783686    488.837140  7  5  3  77       
PG18 -10479.725281  11592.361583 -21411.144935   -658.890211  4  5  6  67       
PG19  -1914.782323 -15338.061806  21503.385918    582.340781  7  4  4  72       
PG20  -3989.045751 -20609.544719 -16263.528891    367.331232  8  7  2  66       
PG21  19612.049044  14089.314420  12606.418840    100.009145  4  6  6  65       
PG22   7192.082121 -22990.947880  11910.341241    -90.538001  5  6  8  41       
PG23 -16702.131799  19439.207161  -6448.547382    397.506783  4  4  6  77       
PG24 -19573.531817  -9751.221520  14873.917090   -467.212210  7 10  7  45       
PG25 -18641.117243  14151.258370  11942.878119    497.219797  7  5  7  87       
PG26   -224.174367  22641.962925 -13751.087233    -35.455053  3  5  6  52       
PG27  15937.418957  12805.357497 -17493.603710    -33.450727  4  5  7  96       
PG28   3271.427698  23329.655365  12252.656506   -527.090048  4  5  4  68       
PG29 -23707.040232   4879.940181 -11123.489300   -549.969838  8  8  7  77       
PG30   3669.885912 -19884.702799 -16932.473266   -246.234738  7  6  8  81       
PG31   9614.400004  24329.343749   3010.689709   -218.565962  5  5  7  61       
PG32  -4393.569758  14940.701021  21725.054364   -547.357880  6  7  4  67       
*  2025  1  5  0 30  0.00000000
PG01  18056.800030   8675.686626  17449.054272 999999.999999 10  6 12           
PG02  20016.630896   9031.493241  15678.976214   -275.563348  4  7  5  76       
PG03  16871.629961  -3064.377788  20084.331581    639.663752  4  5  6  83       
PG04  26635.986918    610.770152    369.083544    506.969018  9  6  7  74       
PG05 -10170.326299 -12286.098474 -21402.167457   -198.074831  7  7  4  91       
PG06  -3266.910533 -22804.148563  13183.467678    -95.547530  5  3  4  64       
PG07  13565.650083  -6914.042310 -21238.395610    -13.880174  5  7  5  75       
PG08  23289.586073   6791.922945 -11461.755174    454.131717  6  7  7  59       
PG09  24375.883237  -6899.311046  -8192.448818    515.894517  7  7  6  73       
PG10  -9506.683739  24121.617056   5095.280376   -263.227266  8  2  7  57       
PG11 -11875.973787 -23754.544543   1394.907765   -752.365802  7  6  5  69       
PG12 -16348.468872  -1180.804350  20601.731729   -562.563544  6  6  5  79       
PG13 -16155.350730 -13392.408909 -16658.515433    692.426863  8  6  8  99       
PG14  12476.673225 -23274.571442   1109.152149    573.861095  7  4  9  74       
PG15 -23889.088759  -4200.841934 -11508.113004    247.860304  7  7  7  88       
PG16   5226.186534  17147.689765 -19806.850756    -85.828326  6  5  6  80       
PG17  12356.600295 -13288.201853  19873.659488    488.822107  7  5  3  82       
PG18 -11694.278479   9428.224114 -21859.248404   -658.889216  5  5  6  89       
PG19    569.718762 -15057.526432  21737.691576    582.344818  7  4  3  65       
PG20  -3207.616270 -22192.949673 -14250.019158    367.330823  8  7  2  72       
PG21  20196.659255  15168.694227  10218.806299    100.010130  5  5  6  56       
PG22   8030.103417 -23818.340713   9434.927052    -90.540031  4  5  8  41       
PG23 -16436.159057  18554.139933  -9170.705997    397.513521  5  3  6  85       
PG24 -20326.469489 -11233.328348  12769.975361   -467.208834  7  9  7  48       
PG25 -18095.859828  12667.150014  14194.605016    497.219323  7  6  7  77       
PG26  -1114.576328  23809.884063 -11486.581716    -35.468518  3  5  6  68       
PG27  13916.232630  12918.599135 -19053.112766    -33.450357  4  5  7  80       
PG28   2306.327036  22121.847506  14503.435750   -527.099017  4  5  4  63       
PG29 -24802.095614   4585.768538  -8566.248300   -549.966909  8  8  7  85       
PG30   4863.618447 -18181.625164 -18486.384319   -246.227242  7  6  7  84       
PG31   9096.326480  23995.695389   5813.531373   -218.565416  5  5  7  65       
PG32  -6798.296268  14881.696900  21113.358672   -547.351936  6  7  3  67       
*  2025  1  5  0 45  0.00000000
PG01  18814.960029  10414.794038  15598.140546 999999.999999  9  8 12           
PG02  20880.578594  10368.333213  13547.185569   -275.555114  4  7  5  52       
PG03  15842.069491   -909.468371  21111.436176    639.670804  3  5  5  80       
PG04  26438.162201    839.937900   3218.435081    506.974335  9  6  7  63       
PG05  -9144.979435 -14412.134939 -20507.269733   -198.075714  7  7  4  64       
PG06  -2285.846243 -21502.075423  15413.291721    -95.572155  5  2  4  66       
PG07  14935.963089  -4788.667019 -20950.095591    -13.879657  5  7  4  91       
PG08  21904.181159   7122.725845 -13746.345508    454.139000  5  7  7  94       
PG09  25162.543153  -6726.016484  -5485.312875    515.908320  7  6  6  67       
PG10  -9864.658960  24381.692410   2207.633687   -263.241691  8  3  7  81       
PG11 -11513.083934 -23600.681700   4233.423873   -752.365268  7  5  5  80       
PG12 -15145.998003  -3324.678151  21270.302505   -562.565693  7  5  5  66       
PG13 -14199.443658 -13334.301901 -18398.859313    692.427997  8  6  8  89       
PG14  12741.505750 -23087.441956  -1726.747667    573.867665  7  4  9  87       
PG15 -22597.884409  -4724.748630 -13779.207438    247.864411  6  7  7  86       
PG16   3983.663725  18887.070003 -18400.113418    -85.819650  6  5  6  62       
PG17  14464.725317 -13178.695159  18461.739854    488.807077  7  5  2  69       
PG18 -13038.316651   7309.685548 -21929.656109   -658.888239  6  5  6  63       
PG19   3075.022892 -14907.055708  21593.267661    582.349159  7  5  3  58       
PG20  -2580.147214 -23582.392122 -11991.489626    367.330836  8  6  2  86       
PG21  20671.439698  16001.568647   7668.261898    100.012095  5  5  5  67       
PG22   8672.897884 -24448.120333   6802.303233    -90.542180  3  4  8  67       
PG23 -16088.518838  17384.073103 -11732.679576    397.520339  6  3  6  69       
PG24 -20993.412387 -12475.685484  10444.804128   -467.205479  7  9  8  38       
PG25 -17516.929388  10937.759380  16193.486544    497.218821  7  5  7  60       
PG26  -1850.319259  24772.124814  -9022.147917    -35.481994  3  5  5  78       
PG27  11746.656811  13148.568444 -20296.963136    -33.450010  4  4  6  74       
PG28   1142.992459  20767.606627  16504.407430   -527.107973  4  5  4  81       
PG29 -25614.440760   4358.346843  -5862.849982   -549.964049  9  8  7  54       
PG30   6221.483015 -16404.808694 -19715.690015   -246.219756  7  6  7  85       
PG31   8396.424641  23420.048497   8513.449963   -218.564656  6  5  7  65       
PG32  -9116.801342  14945.062150  20144.458065   -547.345985  6  6  3  67       
*  2025  1  5  1  0  0.00000000
PG01  19543.445265  11921.677353  13478.984336 999999.999999  9  9 11           
PG02  21650.808162  11471.583513  11192.543441   -275.546973  5  7  5  75       
PG03  14895.652063   1387.337601  21769.069573    639.677809  3  5  5  77       
PG04  25935.328746   1104.437161   6012.928744    506.979671  9  6  8  69       
PG05  -8279.169331 -16479.520808 -19264.271351   -198.077091  6  6  3  57       
PG06  -1095.136958 -20064.509558  17377.698281    -95.596808  5  2  4  68       
PG07  16373.181685  -2782.143519 -20285.029789    -13.878985  5  7  4  87       
PG08  20297.155655   7561.678589 -15801.230442    454.146268  5  7  6  72       
PG09  25649.561666  -6550.207577  -2684.377587    515.922138  6  6  5  74       
PG10 -10076.433522  24355.982244   -718.703099   -263.256137  7  3  7  49       
PG11 -10965.934632 -23203.199446   6999.388853   -752.364736  7  5  5  84       
PG12 -14029.540300  -5576.424205  21562.911243   -562.567513  7  5  5  72       
PG13 -12065.423723 -13378.590457 -19830.805355    692.429266  8  6  7  87       
PG14  12881.103031 -22622.297306  -4532.471324    573.874193  7  5  9  72       
PG15 -21105.523636  -5373.459223 -15821.681995    247.868412  6  7  7  81       
PG16   2913.340254  20538.178327 -16680.563729    -85.811040  6  4  6  78       
PG17  16402.777321 -13173.296437  16744.072991    488.791344  7  5  3  69       
PG18 -14485.959947   5279.833066 -21621.845722   -658.887227  7  5  6  56       
PG19   5550.890353 -14887.146138  21071.313785    582.353062  7  5  2  71       
PG20  -2086.924458 -24741.576058  -9527.070971    367.330365  7  6  3  66       
PG21  20998.736945  16594.990371   4995.394214    100.013299  5  4  5  62       
PG22   9140.194170 -24846.743743   4055.963681    -90.543759  3  3  8  83       
PG23 -15700.889680  15936.577277 -14089.812766    397.527128  7  3  7  76       
PG24 -21536.407807 -13477.270972   7939.830123   -467.202115  7  9  8  70       
PG25 -16942.549545   8984.282476  17903.498985    497.218330  6  6  7  75       
PG26  -2450.851983  25495.497916  -6400.137588    -35.495587  3  4  5  70       
PG27   9471.292642  13508.817355 -21204.044355    -33.449633  3  4  5  83       
PG28   -219.899882  19310.581414  18221.088456   -527.116928  4  5  5  82       
PG29 -26127.153871   4162.293414  -3059.400841   -549.961203  8  8  6  64       
PG30   7732.335685 -14599.042918 -20599.231664   -246.212251  7  6  6  92       
PG31   7494.121336  22634.624593  11062.382972   -218.563823  6  4  7  73       
PG32 -11304.342993  15115.084603  18833.890492   -547.340022  6  6  4  71       
*  2025  1  5  1 15  0.00000000
PG01  20201.448374  13183.440337  11128.011548 999999.999999  9 10 10           
PG02  22286.268705  12342.279419   8653.254820   -275.538817  5  7  5  76       
PG03  14060.825671   3782.890426  22045.898376    639.684825  3  5  4  81       
PG04  25140.889880   1440.101755   8704.926664    506.985017  9  6  7  52       
PG05  -7572.849727 -18440.649105 -17693.811573   -198.077907  6  6  3  63       
PG06    304.532689 -18538.043138  19043.273096    -95.621441  5  2  3  69       
PG07  17841.266177   -928.647708 -19257.033451    -13.878830  5  6  3  92       
PG08  18503.643174   8129.977532 -17591.721260    454.153577  4  7  6  63       
PG09  25833.048090  -6334.382870    162.502890    515.935948  6  6  5  62       
PG10 -10177.411270  24026.659414  -3632.373710   -263.270562  7  4  7  52       
PG11 -10211.644050 -22593.079906   9645.443110   -752.364223  7  5  5  78       
PG12 -13025.393949  -7892.851468  21474.392291   -562.569443  7  4  5  56       
PG13  -9794.661847 -13545.363454 -20930.275616    692.430540  8  6  7  77       
PG14  12930.645558 -21871.023704  -7258.974396    573.880783  6  5  8  69       
PG15 -19449.167968  -6163.315698 -17602.617464    247.872707  5  7  6  80       
PG16   2013.962810  22055.518218 -14675.868214    -85.802501  6  4  6  61       
PG17  18134.459692 -13246.966338  14748.645749    488.775963  8  5  3  61       
PG18 -16004.752623   3376.640899 -20941.820168   -658.886243  7  5  5  74       
PG19   7947.664735 -14990.080205  20179.762064    582.357334  7  5  2  72       
PG20  -1702.098208 -25640.213719  -6899.304730    367.330206  7  5  3  37       
PG21  21143.604479  16963.242353   2242.711812    100.015150  5  4  5  32       
PG22   9457.806252 -24986.271258   1241.572666    -90.545465  4  3  7  74       
PG23 -15313.946134  14228.341064 -16201.127637    397.533894  7  3  7  79       
PG24 -21919.620496 -14245.258787   5299.032781   -467.198775  6  9  8  63       
PG25 -16407.788333   6835.967918  19293.875607    497.217827  6  6  6  84       
PG26  -2941.298281  25952.903448  -3665.990693    -35.509193  4  4  5  46       
PG27   7135.342910  14005.369736 -21758.563730    -33.449237  3  4  5  78       
PG28  -1775.287363  17795.382846  19623.894103   -527.125889  4  4  5  81       
PG29 -26331.865410   3960.155160   -203.727136   -549.958124  8  7  6  50       
PG30   9377.327033 -12807.535327 -21122.076513   -246.204755  7  6  6  93       
PG31   6376.271422  21676.939571  13414.879606   -218.563120  6  4  6  76       
PG32 -13320.127134  15369.001119  17203.002940   -547.334058  6  6  4  76       
*  2025  1  5  1 30  0.00000000
PG01  20747.934273  14195.726814   8585.639491 999999.999999  9 11 10           
PG02  22747.879113  12989.324073   5970.704681   -275.530598  5  7  4  70       
PG03  13358.649938   6229.538084  21937.364372    639.691816  3  5  4  85       
PG04  24076.404164   1879.555005  11248.511855    506.990376  9  6  7  83       
PG05  -7017.811783 -20249.642724 -15822.099059   -198.079015  6  6  4  39       
PG06   1903.689896 -16969.673433  20381.822179    -95.646045  5  2  2  88       
PG07  19300.224524    745.070848 -17886.496124    -13.877852  4  6  3  88       
PG08  16563.378552   8842.200870 -19087.328717    454.160816  4  7  6  87       
PG09  25717.851550  -6041.615367   3006.590430    515.949732  5  6  5  78       
PG10 -10206.268076  23384.984600  -6481.963579   -263.284990  7  4  7  71       
PG11  -9234.388089 -21806.546854  12126.303736   -752.363682  7  5  4  81       
PG12 -12152.533832 -10226.993083  21006.491954   -562.571595  7  4  5  20       
PG13  -7432.339335 -13847.390624 -21678.602208    692.431690  8  6  7  96       
PG14  12927.063609 -20834.133897  -9858.607770    573.887352  6  6  8  85       
PG15 -17669.273143  -7103.848460 -19093.455559    247.876422  5  7  6  83       
PG16   1276.420550  23395.627455 -12418.877661    -85.794253  6  3  6  51       
PG17  19629.379860 -13369.170897  12508.004492    488.760627  8  5  3  65       
PG18 -17556.840670   1631.697405 -19901.956193   -658.885265  7  5  5  84       
PG19  10218.040569 -15200.215745  18933.216753    582.361501  8  5  2  86       
PG20  -1394.886248 -26255.112902  -4153.402518    367.329641  7  5  4  28       
PG21  21075.122468  17127.217971   -545.891090    100.016717  4  4  5  72       
PG22   9656.528812 -24845.503876  -1593.713176    -90.547570  4  3  7  83       
PG23 -14965.647449  12284.674033 -18030.057206    397.540707  7  4  6  78       
PG24 -22110.745753 -14794.448303   2568.136428   -467.195416  6  8  8  67       
PG25 -15943.071962   4529.153290  20339.732057    497.217328  6  5  6  78       
PG26  -3351.283771  26124.435973   -867.433405    -35.522629  4  3  5  56       
PG27   4785.124690  14636.384211 -21950.327110    -33.448833  3  4  4  82       
PG28  -3507.796740  16265.907924  20688.649578   -527.134841  4  4  5  89       
PG29 -26229.035357   3714.030567   2655.420704   -549.955274  8  7  5  61       
PG30  11130.496114 -11070.327363 -21275.754055   -246.197241  7  5  6  91       
PG31   5037.921729  20588.272914  15528.996202   -218.562400  6  4  6  73       
PG32 -15128.696476  15677.893181  15278.665774   -547.328075  6  6  5  77       
*  2025  1  5  1 45  0.00000000
PG01  21143.292683  14962.699623   5895.583915 999999.999999  8 11  9           
PG02  23000.035756  13429.042039   3188.897088   -275.522345  6  7  4  50       
PG03  12802.026457   8676.813193  21445.747977    639.698805  3  4  4  92       
PG04  22770.803359   2450.769117  13600.251264    506.995734  8  5  7  87       
PG05  -6598.121089 -21863.981614 -13680.516491   -198.079718  6  6  4  56       
PG06   3684.270811 -15405.043410  21370.824134    -95.670654  5  3  2  68       
PG07  20707.694080   2220.476504 -16199.815123    -13.877586  4  6  3  76       
PG08  14519.349535   9705.588320 -20262.264301    454.168063  4  6  6  72       
PG09  25317.341288  -5637.167495   5799.085379    515.963541  5  5  4  79       
PG10 -10203.233337  22431.796436  -9216.973997   -263.299457  6  4  7  75       
PG11  -8026.196040 -20883.617196  14399.526787   -752.363116  6  4  5  76       
PG12 -11421.948790 -12529.797408  20167.822347   -562.573651  7  3  5  48       
PG13  -5025.939271 -14289.555197 -22062.830584    692.433021  7  6  7  77       
PG14  12907.409553 -19520.871651 -12285.989267    573.893900  6  6  8  74       
PG15 -15808.190451  -8197.309026 -20270.355525    247.880984  5  7  5  71       
PG16    684.198311  24518.711511  -9947.179399    -85.785569  6  3  6  38       
PG17  20864.049033 -13505.097750  10058.812269    488.745352  8  5  3  83       
PG18 -19100.361992     69.192196 -18520.745972   -658.884299  7  5  5  76       
PG19  12318.757113 -15494.613316  17352.757974    582.365585  8  6  2  71       
PG20  -1130.963609 -26571.000592  -1336.468614    367.329301  6  4  4  83       
PG21  20767.604992  17113.584730  -3325.671766    100.017567  4  4  5  35       
PG22   9770.836890 -24410.900619  -4401.968247    -90.549451  3  4  6  90       
PG23 -14689.650844  10138.674886 -19545.090002    397.547499  7  3  6  73       
PG24 -22082.271757 -15146.424071   -206.186953   -467.192072  6  8  8  84       
PG25 -15572.904733   2106.005571  21022.562651    497.216828  6  5  6  76       
PG26  -3713.567832  25998.225996   1946.389134    -35.536108  4  2  4  25       
PG27   2466.535726  15392.107397 -21774.953816    -33.448390  3  3  4  58       
PG28  -5394.145510  14763.703852  21397.007788   -527.143771  4  4  5  88       
PG29 -25827.907839   3387.214818   5469.181406   -549.952351  7  7  4  54       
PG30  12959.654106  -9422.857704 -21058.363499   -246.189623  7  5  5  86       
PG31   3482.739018  19411.989273  17367.122118   -218.561877  6  4  5  68       
PG32 -16701.135784  16007.836396  13092.892130   -547.322002  6  6  5  75       
*  2025  1  5  2  0  0.00000000
PG01  21350.948514  15496.695371   3104.108636 999999.999999  7 11  8           
PG02  23012.027885  13684.465578    353.841283   -275.514112  6  7  4  69       
PG03  12395.270260  11073.231224  20580.099835    639.705767  4  4  4  83       
PG04  21259.343034   3175.802315  15719.920495    507.001076  8  4  7  83       
PG05  -6290.857750 -23246.022657 -11305.137046   -198.081014  6  6  4  57       
PG06   5620.150291 -13886.754976  21993.781918    -95.695260  5  3  2  73       
PG07  22020.602200   3487.676225 -14228.741822    -13.876988  4  5  4  41       
PG08  12416.330667  10719.591677 -21095.884787    454.175346  3  6  6  82       
PG09  24652.871735  -5090.031288   8491.957470    515.977325  5  5  4  88       
PG10 -10208.300017  21177.624788 -11788.794580   -263.313893  6  5  7  82       
PG11  -6587.448486 -19866.521512  16426.220666   -752.362564  6  5  5  74       
PG12 -10836.319678 -14751.906682  18973.673207   -562.575938  7  3  5  58       
PG13  -2623.654642 -14868.584311 -22075.946138    692.434013  7  6  6  75       
PG14  12907.234724 -17948.977474 -14498.830043    573.900418  5  6  7  83       
PG15 -13908.724469  -9438.467602 -21114.488083    247.884759  5  7  5  74       
PG16    214.132181  25390.178862  -7302.542987    -85.776974  6  3  6  34       
PG17  21822.650360 -13617.046389   7441.342766    488.730364  8  5  4  43       
PG18 -20590.994052  -1294.801398 -16822.439184   -658.883288  7  5  4  72       
PG19  14212.146921 -15843.980532  15465.608425    582.369777  8  6  2  83       
PG20   -873.983707 -26581.053791   1503.300748    367.328682  6  4  4  48       
PG21  20201.657521  16953.752688  -6051.601849    100.018787  4  4  4  56       
PG22   9837.432679 -23677.237273  -7135.260479    -90.551725  3  4  6  88       
PG23 -14513.913383   7830.099636 -20720.313664    397.554308  7  4  6  81       
PG24 -21812.549230 -15328.487032  -2977.091260   -467.188736  6  8  8  63       
PG25 -15314.851986   -386.979943  21330.593989    497.216343  6  5  6  79       
PG26  -4062.535737  25570.975897   4725.827336    -35.549589  5  2  4  52       
PG27    223.525765  16255.123969 -21234.020075    -33.447969  3  3  5  33       
PG28  -7403.854063  13326.435857  21736.766114   -527.152724  4  4  6  93       
PG29 -25146.144087   2945.804332   8189.401496   -549.949492  7  7  4  75       
PG30  14827.519348  -7894.729330 -20474.553497   -246.182113  7  5  5  78       
PG31   1723.081130  18191.784877  18896.714141   -218.560827  6  5  4  66       
PG32 -18016.045954  16321.264768  10682.363297   -547.315999  6  6  5  63       
*  2025  1  5  2 15  0.00000000
PG01  21338.867468  15817.568851    259.230537 999999.999999  7 11  7           
PG02  22759.310061  13784.372180  -2487.113792   -275.505859  6  7  4  49       
PG03  12134.037642  13368.127135  19356.043840    639.712763  4  4  4  80       
PG04  19582.324461   4069.762051  17571.179229    507.006441  7  4  7  69       
PG05  -6067.134305 -24364.354660  -8736.157193   -198.082281  5  5  5  70       
PG06   7677.982408 -12452.818269  22240.470565    -95.719849  6  3  2  69       
PG07  23196.832840   4545.484744 -12009.646635    -13.876171  4  5  4  49       
PG08  10299.349228  11875.716171 -21573.072807    454.182640  3  6  6  70       
PG09  23752.950959  -4374.333482  11038.771457    515.991107  5  4  4  89       
PG10 -10259.439745  19642.417326 -14151.649723   -263.328280  6  5  6  76       
PG11  -4927.058185 -18798.053967  18171.699489   -752.362051  6  5  5  70       
PG12 -10390.049603 -16845.448470  17445.687880   -562.578081  6  3  5  63       
PG13   -272.768016 -15573.088786 -21717.020201    692.435455  7  6  6  80       
PG14  12959.037944 -16144.125232 -16458.698264    573.906974  5  7  7  85       
PG15 -12012.693933 -10814.679022 -21612.268486    247.889025  5  7  5  61       
PG16   -162.553665  25982.014237  -4530.261506    -85.768475  6  3  6  35       
PG17  22497.545677 -13665.947111   4698.911881    488.714841  8  5  4           
PG18 -21983.598778  -2452.724999 -14836.594213   -658.882325  7  4  4  64       
PG19  15867.472361 -16213.897616  13304.666162    582.373740  8  6  3  68       
PG20   -587.171819 -26287.119633   4317.428257    367.329097  5  4  4  56       
PG21  19365.049602  16682.674206  -8678.958202    100.020439  4  4  4  41       
PG22   9893.689558 -22647.975279  -9746.444464    -90.553422  2  5  5  94       
PG23 -14459.537922   5403.976617 -21535.848312    397.561090  7  3  6  82       
PG24 -21286.635747 -15372.404029  -5698.295946   -467.185367  5  8  7  73       
PG25 -15178.830333  -2900.656396  21258.987364    497.215866  6  5  5  79       
PG26  -4432.613805  24848.163069   7421.668387    -35.563055  5  2  4  59       
PG27  -1903.374697  17200.900696 -20335.124717    -33.447549  4  3  5  63       
PG28  -9500.241848  11986.517689  21702.076807   -527.161704  4  4  6  90       
PG29 -24209.146652   2360.199255  10769.446572   -549.946348  6  6  3  63       
PG30  16693.055597  -6508.727220 -19535.378432   -246.174585  7  5  4  86       
PG31   -220.292938  16969.935049  20090.920290   -218.560054  6  5  4  66       
PG32 -19060.246524  16578.501350   8087.862892   -547.309990  5  6  5  28       
*  2025  1  5  2 30  0.00000000
PG01  21080.898178  15951.753010  -2590.106367 999999.999999  7 11  6           
PG02  22224.583128  13762.100704  -5285.993535   -275.497633  5  7  3  59       
PG03  12005.610471  15513.456645  17795.457944    639.719737  4  4  3  68       
PG04  17783.634909   5140.034526  19122.186861    507.011810  6  4  7  80       
PG05  -5893.355488 -25194.935848  -6017.251850   -198.083078  4  5  5  67       
PG06   9818.318416 -11135.294405  22107.079169    -95.744423  6  3  3  69       
PG07  24196.830102   5401.138179  -9582.728348    -13.875588  4  5  4  60       
PG08   8212.136513  13157.663220 -21684.545700    454.189938  3  5  7  66       
PG09  22652.142706  -3470.549639  13395.493248    516.004842  5  4  3  85       
PG10 -10390.900501  17854.887035 -16263.494577   -263.342668  6  5  6  68       
PG11  -3062.326591 -17719.914369  19606.066322   -752.361488  5  5  6  61       
PG12 -10069.641913 -18765.765215  15611.413560   -562.579992  6  3  5  42       
PG13   1981.940802 -16383.913785 -20991.271528    692.436681  7  5  6  67       
PG14  13090.849487 -14139.053194 -18131.704403    573.913521  4  7  7  76       
PG15 -10159.541498 -12306.212917 -21755.529987    247.893203  5  7  5  68       
PG16   -478.962841  26273.928974  -1678.394452    -85.759837  7  3  6  27       
PG17  22889.498698 -13612.957761   1877.248758    488.699306  7  4  5  71       
PG18 -23233.901793  -3405.603860 -12597.548128   -658.881276  7  4  4  52       
PG19  17261.991265 -16566.274814  10907.910891    582.377832  8  6  3  26       
PG20   -234.929679 -25699.618598   7057.963785    367.328555  5  4  4  41       
PG21  18253.370572  16337.507278 -11163.942912    100.022218  4  4  4  60       
PG22   9976.049544 -21335.318578 -12189.974449    -90.555322  1  5  4  74       
PG23 -14539.907799   2909.024940 -21978.163376    397.567860  6  3  6  77       
PG24 -20496.891423 -15313.026071  -8324.784363   -467.182044  5  8  7  83       
PG25 -15166.734440  -5385.004205  20809.886803    497.215389  6  5  5  68       
PG26  -4856.675185  23843.897461   9986.081620    -35.576491  5  2  4  76       
PG27  -3878.415900  18198.611830 -19091.870536    -33.447139  5  3  5  56       
PG28 -11641.669725  10769.957476  21293.547419   -527.170627  4  4  6  80       
PG29 -23049.099290   1606.445803  13164.992319   -549.943216  5  6  3  70       
PG30  18512.957839  -5280.122146 -18258.038314   -246.167049  7  4  4  51       
PG31  -2318.861496  15785.618765  20929.077745   -218.559280  6  5  3  85       
PG32 -19829.175288  16739.398984   5353.624801   -547.303986  4  5  5  75       
*  2025  1  5  2 45  0.00000000
PG01  20557.898406  15931.071390  -5394.873489 999999.999999  7 11  3           
PG02  21398.639107  13654.182332  -7994.955180   -275.489482  5  7  3  58       
PG03  11989.522205  17465.490754  15926.041734    639.726727  5  4  3  67       
PG04  15909.160258   6385.811090  20346.148517    507.017166  5  4  6  75       
PG05  -5732.673985 -25721.968343  -3194.859703   -198.084081  3  4  5  64       
PG06  11996.958936  -9959.181178  21596.247004    -95.769041  5  3  4  80       
PG07  24985.076502   6069.682506  -6991.192069    -13.875030  3  4  4  63       
PG08   6195.619557  14541.775214 -21427.084630    454.197144  4  5  7  91       
PG09  21389.742776  -2366.478222  15521.262157    516.018587  5  3  3  96       
PG10 -10631.661611  15851.505811 -18086.837067   -263.356996  7  5  6  63       
PG11  -1018.480767 -16671.105299  20704.717263   -752.360940  5  4  6  69       
PG12  -9854.406141 -20473.010913  13503.739145   -562.582299  5  3  5  57       
PG13   4099.702796 -17274.791423 -19910.039500    692.437859  7  5  5  75       
PG14  13325.007994 -11972.425688 -19489.094766    573.920088  4  7  6  84       
PG15  -8385.036225 -13886.836758 -21541.638250    247.897042  5  7  4  72       
PG16   -771.041806  26254.233912   1203.077456    -85.751357  7  3  5  61       
PG17  23007.600978 -13421.082876   -976.190552    488.683666  7  5  5  80       
PG18 -24300.142642  -4162.786788 -10143.815773   -658.880303  6  4  3  73       
PG19  18381.704271 -16860.980923   8317.695691    582.382133  7  6  3  44       
PG20    215.609756 -24837.136321   9678.277820    367.327762  4  4  4  43       
PG21  16870.439803  15956.180238 -13464.331769    100.023021  4  4  3  19       
PG22  10118.434806 -19759.946775 -14422.723944    -90.557270  1  5  4  84       
PG23 -14760.142508    395.940219 -22040.274406    397.574713  5  3  6  59       
PG24 -19443.312100 -15186.827472 -10813.455733   -467.178709  5  8  7  89       
PG25 -15272.413461  -7790.934513  19992.314896    497.214957  6  5  4  77       
PG26  -5364.505418  22580.436179  12373.544484    -35.589987  5  2  4  78       
PG27  -5671.829894  19212.223217 -17523.754746    -33.446693  5  4  5  60       
PG28 -13782.981168   9695.463166  20518.229627   -527.179550  4  4  6  87       
PG29 -21703.757775    667.366005  15334.782381   -549.940238  4  6  3  56       
PG30  20243.225147  -4216.283490 -16665.511651   -246.159545  7  4  4  58       
PG31  -4537.298583  14673.392154  21397.073939   -218.558451  5  5  3  72       
PG32 -20326.964457  16765.028668   2526.602368   -547.298009  4  5  5  56       
*  2025  1  5  3  0  0.00000000
PG01  19758.601100  15791.349572  -8106.802243 999999.999999  6 11  1           
PG02  20280.931058  13498.830966 -10567.081153   -275.481139  5  6  3  51       
PG03  12058.496980  19186.337411  13780.782100    639.733749  5  3  2  42       
PG04  14005.128878   7797.931381  21221.782289    507.022513  4  5  6  79       
PG05  -5546.587932 -25938.473086   -317.408393   -198.085359  2  4  4  71       
PG06  14166.488912  -8941.581616  20716.995155    -95.793663  5  4  4  75       
PG07  25531.392797   6573.075190  -4280.417555    -13.874371  3  5  4  53       
PG08   4286.508664  15997.772356 -20803.675888    454.204535  4  5  7  75       
PG09  20008.279703  -1057.934315  17379.115005    516.032303  5  4  3  92       
PG10 -11004.114044  13675.185847 -19589.464487   -263.371327  7  4  5  76       
PG11   1172.092612 -15686.445046  21448.758531   -752.360400  5  5  6  73       
PG12  -9717.458096 -21933.550952  11160.236747   -562.584144  5  4  5  46       
PG13   6045.128796 -18213.275947 -18490.665588    692.438887  7  5  5  77       
PG14  13677.179304  -9687.472399 -20507.742493    573.926689  3  7  6  88       
PG15  -6720.109902 -15524.633497 -20973.546367    247.901325  5  7  4  77       
PG16  -1075.951787  25920.389673   4063.170782    -85.742893  7  3  5  51       
PG17  22868.896533 -13056.756702  -3812.961926    488.668715  6  5  5  50       
PG18 -25144.634626  -4741.370681  -7517.428818   -658.879363  6  4  3  71       
PG19  19221.750167 -17057.573343   5579.940143    582.386115  7  5  4  45       
PG20    793.135971 -23725.720795  12133.828425    367.327264  4  4  5  33       
PG21  15228.447856  15575.901165 -15540.148202    100.024342  5  4  3  51       
PG22  10350.736326 -17950.424928 -16404.796332    -90.558944  1  6  3  76       
PG23 -15116.893047  -2084.384282 -21721.819183    397.581511  5  3  5  88       
PG24 -18133.595113 -15030.417940 -13123.727704   -467.175338  5  8  7  78       
PG25 -15481.993614 -10072.040098  18821.923586    497.214500  6  4  4  37       
PG26  -5981.395090  21087.373590  14541.725462    -35.603478  5  2  4  79       
PG27  -7260.824022  20201.802442 -15655.962411    -33.446284  5  5  5  48       
PG28 -15877.087234   8773.841641  19389.496672   -527.188505  4  5  5  91       
PG29 -20215.036437   -466.570039  17241.340376   -549.937064  3  6  3  56       
PG30  21840.757908  -3316.611016 -14786.092456   -246.152032  7  4  4  55       
PG31  -6834.709492  13661.875027  21487.564597   -218.557488  5  5  2  80       
PG32 -20566.184996  16619.349184   -344.331060   -547.291973  3  5  5  62       
*  2025  1  5  3 15  0.00000000
PG01  18680.186209  15570.879962 -10679.215868 999999.999999  7 11  1           
PG02  18879.836611  13334.345402 -12957.197840   -275.473083  5  6  3  31       
PG03  12179.660719  20645.232312  11397.330086    639.740772  5  3  2  62       
PG04  12116.448597   9359.051363  21733.699406    507.027830  4  5  6  86       
PG05  -5296.619220 -25846.539448   2565.508888   -198.086422  2  4  4  44       
PG06  16277.937618  -8091.184504  19484.556288    -95.818295  5  4  4  75       
PG07  25812.016637   6939.047133  -1497.136558    -13.873958  3  4  4  45       
PG08   2516.034454  17489.760777 -19823.556576    454.211912  5  5  7  70       
PG09  18551.897039    450.866796  18936.648203    516.046029  5  4  4  98       
PG10 -11523.023754  11373.704990 -20745.056192   -263.385682  7  4  4  69       
PG11   3470.888200 -14795.252745  21825.329925   -752.359821  5  4  6  78       
PG12  -9626.968227 -23121.110887   8622.424765   -562.586395  4  4  4  68       
PG13   7789.388510 -19161.931725 -16756.280201    692.440010  7  5  5  62       
PG14  14155.655439  -7330.461023 -21170.528051    573.933285  3  7  5  60       
PG15  -5189.864778 -17183.029011 -20059.789128    247.905378  5  7  5  41       
PG16  -1430.364474  25279.201685   6850.871983    -85.734285  7  4  4  40       
PG17  22497.711604 -12491.330360  -6584.417350    488.653177  5  5  5  79       
PG18 -25735.176890  -5165.334310  -4763.225852   -658.878511  6  4  3  70       
PG19  19786.431433 -17117.054717   2743.244374    582.390105  7  5  4  33       
PG20   1520.877125 -22397.912357  14382.890873    367.327335  4  4  5  55       
PG21  13347.811032  15231.660333 -17354.356755    100.027150  5  4  3  15       
PG22  10697.442796 -15942.303190 -18100.308657    -90.561078  1  6  3  75       
PG23 -15598.481748  -4482.631467 -21029.015008    397.588354  4  4  5  80       
PG24 -16582.941147 -14879.078199 -15218.087961   -467.171987  5  7  7  82       
PG25 -15774.527606 -12186.220757  17320.611470    497.214041  6  4  4  62       
PG26  -6726.921474  19400.540373  16452.301324    -35.616947  5  3  5  69       
PG27  -8630.324974  21125.012579 -13519.057797    -33.445863  6  5  5  61       
PG28 -17876.634628   8007.714185  17926.811570   -527.197420  5  4  5  87       
PG29 -18627.443311  -1796.664867  18851.623724   -549.933907  4  6  3  61       
PG30  23264.917234  -2572.782601 -12652.843830   -246.144509  6  4  4  56       
PG31  -9166.088612  12772.703781  21200.047236   -218.556781  5  6  2  74       
PG32 -20567.263931  16270.790278  -3209.237389   -547.285931  2  5  5  60       
*  2025  1  5  3 30  0.00000000
PG01  17328.535438  15308.799969 -13067.834032 999999.999999  6 11  1           
PG02  17212.593489  13197.482093 -15122.706290   -275.464838  5  6  3           
PG03  12315.972904  21819.550993   8817.303409    639.747800  6  3  2  64       
PG04  10285.099296  11044.132449  21872.689997    507.033217  4  5  5  77       
PG05  -4946.007204 -25457.235916   5403.991968   -198.087823  2  4  4  66       
PG06  18282.501910  -7408.074327  17920.106403    -95.842979  5  3  4  76       
PG07  25810.428501   7199.778126   1311.365654    -13.873238  2  4  4  42       
PG08    908.884490  18977.480359 -18502.157550    454.219256  5  6  7  78       
PG09  17064.679793   2147.254045  20166.604711    516.059776  5  4  3  96       
PG10 -12194.822676   8997.943862 -21533.667708   -263.400109  6  3  3  73       
PG11   5834.559588 -14020.255657  21827.829325   -752.359296  5  5  6  66       
PG12  -9547.602853 -24017.631873   5934.971545   -562.588391  4  4  4  71       
PG13   9311.153787 -20079.734555 -14735.492972    692.441177  6  5  5  61       
PG14  14760.959961  -4949.065002 -21466.604156    573.939903  3  7  4  81       
PG15  -3812.785897 -18821.998430 -18814.414218    247.909266  4  6  4  87       
PG16  -1868.754793  24346.642405   9516.141037    -85.725939  7  4  3  61       
PG17  21924.706815 -11702.403887  -9242.525024    488.638082  4  5  5  71       
PG18 -26046.267381  -5464.416261  -1928.104810   -658.877548  5  4  3  64       
PG19  20088.869393 -17003.579785   -142.053510    582.394174  7  5  5  15       
PG20   2415.526783 -20891.543248  16387.239781    367.326857  4  4  5  68       
PG21  11256.729458  14954.778438 -18873.566706    100.028350  5  5  3  42       
PG22  11176.470060 -13776.932940 -19478.129077    -90.562743  2  6  3  79       
PG23 -16185.377590  -6752.760990 -19974.501322    397.595180  4  4  4  72       
PG24 -14813.603394 -14765.367075 -17062.594451   -467.168559  5  8  7  72       
PG25 -16122.937322 -14097.117842  15516.022701    497.213561  5  4  3  33       
PG26  -7613.972630  17560.658432  18071.688054    -35.630384  5  3  5  70       
PG27  -9773.438850  21938.738095 -11148.570212    -33.445425  6  6  5  67       
PG28 -19735.692916   7391.558662  16155.390099   -527.206405  5  5  5  81       
PG29 -16986.422906  -3315.732012  20137.607498   -549.931048  4  6  3  67       
PG30  24478.987324  -1969.302668 -10302.981369   -246.137008  6  4  4  38       
PG31 -11483.936014  12019.790891  20540.793159   -218.556067  4  6  2  64       
PG32 -20357.593058  15693.683182  -6018.009391   -547.279922  1  5  5  31       
*  2025  1  5  3 45  0.00000000
PG01  15718.159466  15043.446965 -15231.536178 999999.999999  6 10  2           
PG02  15304.896846  13121.862019 -17024.408302   -275.456699  5  6  3  43       
PG03  12427.819741  22695.506387   6085.529913    639.754839  5  3  2  81       
PG04   8548.642122  12821.235728  21635.908279    507.038601  4  5  5  84       
PG05  -4461.350436 -24790.181409   8148.712356   -198.089111  3  5  4  46       
PG06  20133.268897  -6883.875952  16050.403440    -95.867656  5  3  4  62       
PG07  25517.904517   7390.442255   4098.012956    -13.872718  2  4  3  63       
PG08   -517.616092  20417.750378 -16860.937682    454.226628  5  7  7  93       
PG09  15588.990315   4010.378066  21047.373865    516.073522  5  4  3 100       
PG10 -13017.256627   6600.010701 -21942.075899   -263.414455  6  3  3  63       
PG11   8216.386389 -13376.760272  21456.034254   -752.358733  5  4  6  73       
PG12  -9442.096195 -24613.803771   3144.858921   -562.590558  3  5  4  62       
PG13  10597.267577 -20923.637798 -12461.985826    692.442308  6  5  5  69       
PG14  15485.772965  -2590.691390 -21391.542830    573.946547  3  7  4  62       
PG15  -2600.186095 -20399.414739 -17256.847196    247.913508  4  6  4  63       
PG16  -2421.766921  23147.300174  12010.919765    -85.717414  7  4  3  48       
PG17  21185.680432 -10674.946886 -11740.713228    488.622608  4  6  5  77       
PG18 -26060.072980  -5672.780738    939.751044   -658.876576  5  4  3  70       
PG19  20150.305164 -16686.038210  -3024.852504    582.398001  6  5  5  49       
PG20   3486.421183 -19248.351677  18112.774416    367.326459  3  4  5  74       
PG21   8990.448055  14771.556441 -20068.732643    100.029434  5  5  3  64       
PG22  11798.245742 -11500.039303 -20512.547373    -90.564784  2  6  3  85       
PG23 -16850.985060  -8853.572457 -18577.073787    397.602008  4  5  4  86       
PG24 -12854.202144 -14717.844376 -18627.324349   -467.165228  5  7  6  60       
PG25 -16495.204157 -15775.303103  13440.945197    497.213084  6  3  3  45       
PG26  -8648.056152  15611.809680  19371.667692    -35.643857  5  3  5  58       
PG27 -10691.601964  22600.783689  -8584.473289    -33.445021  6  6  5  84       
PG28 -21411.396173   6912.076050  14105.764388   -527.215377  6  5  4  77       
PG29 -15336.669646  -5008.164750  21076.787381   -549.928099  4  6  3  85       
PG30  25451.486712  -1484.324887  -7777.199956   -246.129513  6  3  3  88       
PG31 -13739.963709  11408.916629  19522.645049   -218.555176  4  6  2  57       
PG32 -19970.360970  14869.476845  -8721.288885   -547.273916  1  5  5  87       
*  2025  1  5  4  0  0.00000000
PG01  13871.799783  14810.754277 -17133.070367 999999.999999  6  9  4           
PG02  13190.161432  13136.477631 -18627.308544   -275.448431  6  7  3  49       
PG03  12474.704143  23268.508965   3249.247632    639.761844  5  4  3  73       
PG04   6938.902468  14652.593636  21026.952245    507.043954  4  5  5  78       
PG05  -3814.129751 -23872.790370  10751.795545   -198.090209  3  5  4  72       
PG06  21786.874566  -6502.227198  13907.338629    -95.892344  5  3  4  60       
PG07  24933.786542   7547.680556   6816.656949    -13.871906  2  3  3  77       
PG08  -1754.043366  21766.061735 -14927.105281    454.234040  5  7  7  90       
PG09  14163.879118   6011.813564  21563.393426    516.087234  5  4  4  93       
PG10 -13979.402784   4231.334027 -21963.979463   -263.428813  6  2  3  68       
PG11  10567.876336 -12872.119112  20716.117919   -752.358234  6  5  6  77       
PG12  -9272.887467 -24909.261021    300.524585   -562.592752  3  5  4  80       
PG13  11643.108979 -21650.247166  -9974.009887    692.443437  6  5  5  67       
PG14  16315.175854   -300.834412 -20947.365000    573.953150  3  7  4  62       
PG15  -1555.905616 -21872.497894 -15411.686416    247.917291  4  6  4  76       
PG16  -3114.728583  21713.472178  14290.116591    -85.708968  7  4  3  54       
PG17  20320.162456  -9402.156984 -14034.723130    488.607195  3  6  5  65       
PG18 -25767.122111  -5827.522168   3791.662360   -658.875620  5  4  3  71       
PG19  19999.079159 -16139.445591  -5854.271211    582.402240  6  5  5  46       
PG20   4734.997945 -17512.461739  19530.078618    367.326365  4  4  5  76       
PG21   6590.230554  14702.084322 -20915.834799    100.030748  5  6  4  74       
PG22  12565.094897  -9160.102371 -21183.857661    -90.566684  2  6  3  65       
PG23 -17562.712781 -10750.073480 -16861.317604    397.608810  5  6  4  72       
PG24 -10738.829157 -14759.949494 -19886.772059   -467.161882  5  8  6  68       
PG25 -16855.752208 -17199.179535  11132.627436    497.212626  6  3  3  70       
PG26  -9826.921484  13599.784738  20329.896910    -35.657296  5  3  5  72       
PG27 -11394.408152  23071.580826  -5870.559613    -33.444604  6  6  5  92       
PG28 -22865.476040   6548.866398  11813.254661   -527.224353  6  5  3  74       
PG29 -13720.476682  -6850.335376  21652.591777   -549.924714  4  5  3  64       
PG30  26157.281279  -1090.713004  -5118.957464   -246.122006  6  3  3  29       
PG31 -15886.820535  10937.663411  18164.690692   -218.554604  3  6  2  40       
PG32 -19443.152910  13787.685784 -11271.387818   -547.267890  2  5  5  74       
*  2025  1  5  4 15  0.00000000
PG01  11819.719892  14642.750857 -18739.695352 999999.999999  6  9  5           
PG02  10908.465919  13264.365487 -19901.370990   -275.440402  6  7  4  55       
PG03  12416.965441  23543.180199    357.277061    639.768900  5  4  4  72       
PG04   5480.877825  16495.920525  20055.834474    507.049338  4  5  5  81       
PG05  -2982.049616 -22739.218288  13167.689430   -198.090834  3  5  4  77       
PG06  23205.037303  -6239.560551  11527.407364    -95.917052  5  2  4  52       
PG07  24065.469799   7708.057030   9422.746128    -13.871474  2  2  3  81       
PG08  -2799.105925  22978.256568 -12733.224775    454.241395  5  7  6  92       
PG09  12823.633612   8116.465321  21705.444972    516.100987  5  3  3  98       
PG10 -15062.052559   1940.803411 -21600.053703   -263.443193  6  3  4  83       
PG11  12840.442654 -12505.514051  19620.558630   -752.357661  6  5  6  75       
PG12  -9003.756567 -24912.440376  -2548.998843   -562.594856  3  5  3  87       
PG13  12452.635277 -22217.541946  -7313.789371    692.444314  5  5  5  44       
PG14  17227.203225   1878.481929 -20142.455451    573.959735  3  7  3  25       
PG15   -676.281385 -23199.318240 -13308.423794    247.921012  4  5  3  69       
PG16  -3966.383367  20083.936771  16312.538757    -85.700339  7  4  2  18       
PG17  19369.849636  -7886.013256 -16083.453171    488.592014  3  6  5  25       
PG18 -25166.695234  -5967.064908   6579.247146   -658.874634  5  4  3  71       
PG19  19669.335861 -15346.084032  -8580.613232    582.406369  6  6  5  67       
PG20   6154.556962 -15728.785263  20614.907536    367.326033  4  4  5  75       
PG21   4102.068949  14759.265178 -21396.518082    100.031953  5  6  4  71       
PG22  13470.961003  -6806.610178 -21478.833223    -90.568588  3  6  3  64       
PG23 -18283.278045 -12414.603312 -14857.149143    397.615598  5  6  3  71       
PG24  -8505.971532 -14909.070641 -20820.196333   -467.158524  4  7  6  82       
PG25 -17166.963293 -18355.565705   8632.033735    497.212150  5  3  3  69       
PG26 -11140.510223  11570.382283  20930.287201    -35.670746  5  3  5  55       
PG27 -11899.111006  23315.833055  -3053.716163    -33.444224  5  6  5  91       
PG28 -24065.627334   6275.387204   9317.358295   -527.233294  6  5  2  76       
PG29 -12176.183948  -8811.312378  21854.694432   -549.921766  4  5  3  53       
PG30  26578.460410   -757.295709  -2373.728522   -246.114521  6  3  3  70       
PG31 -17879.765966  10595.688186  16491.826042   -218.553825  3  6  2  43       
PG32 -18816.374019  12446.525815 -13623.191271   -547.261859  3  5  4  66       
*  2025  1  5  4 30  0.00000000
PG01   9598.712588  14566.223176 -20023.744820 999999.999999  5  8  6           
PG02   8505.211686  13521.506629 -20822.206400   -275.432100  6  7  5  69       
PG03  12217.461885  23533.023487  -2540.819211    639.775992  5  4  4  53       
PG04   4191.913586  18305.913872  18738.842288    507.054651  3  4  6  83       
PG05  -1950.141015 -21429.047062  15354.000803   -198.092453  3  6  4  53       
PG06  24355.909855  -6066.164132   8951.107308    -95.941675  5  2  3  71       
PG07  22928.117317   7906.551312  11873.942840    -13.871163  2  2  2  84       
PG08  -3659.553384  24012.230128 -10316.709688    454.248794  4  8  6  65       
PG09  11596.522628  10283.744197  21470.835690    516.114733  5  3  3  99       
PG10 -16238.439472   -226.965156 -20857.862904   -263.457578  6  3  4  75       
PG11  14987.093752 -12268.065098  18187.943055   -752.357123  6  5  5  59       
PG12  -8601.394070 -24640.112973  -5354.931644   -562.597161  3  5  3  74       
PG13  13038.093759 -22586.576447  -4526.838113    692.445602  5  5  5  48       
PG14  18193.677274   3910.113452 -18991.368065    573.966334  2  7  2  79       
PG15     49.606872 -24340.304367 -10981.087385    247.925191  4  5  3  70       
PG16  -4987.901358  18302.456937  18041.743950    -85.691896  7  4  1           
PG17  18376.940448  -6137.492364 -17849.775493    488.576534  4  6  4  76       
PG18 -24266.899470  -6129.517803   9255.207555   -658.873683  5  4  3  78       
PG19  19199.512478 -14296.345973 -11156.292254    582.410082  6  6  5  55       
PG20   7730.333315 -13941.404380  21348.594252    367.325744  3  4  5  71       
PG21   1575.164014  14948.107392 -21498.665369    100.032938  5  6  4  79       
PG22  14501.482486  -4488.254763 -21391.075200    -90.570432  3  6  3  70       
PG23 -18972.195134 -13827.672769 -12599.275952    397.622357  5  6  3  62       
PG24  -6197.289475 -15175.834086 -21411.916013   -467.155070  4  7  6  80       
PG25 -17390.759753 -19239.949223   5983.057620    497.211667  5  3  3  69       
PG26 -12571.233857   9567.730817  21163.250853    -35.684224  4  3  5  42       
PG27 -12229.813122  23304.030362   -183.110033    -33.443823  5  6  5  65       
PG28 -24986.653778   6060.156261   6661.066865   -527.242261  7  5  2  66       
PG29 -10736.786071 -10853.870332  21679.220422   -549.918939  4  5  3  53       
PG30  26704.947184   -450.265380    411.759133   -246.107055  6  3  3  48       
PG31 -19678.227542  10365.314264  14534.222708   -218.553102  3  6  2  63       
PG32 -18131.560356  10853.206762 -15735.020922   -547.255894  3  5  4  61       
*  2025  1  5  4 45  0.00000000
PG01   7250.861019  14601.591561 -20963.104149 999999.999999  6  8  6           
PG02   6029.543032  13916.009782 -21371.667021   -275.423961  6  7  5  86       
PG03  11843.151702  23259.769605  -5395.575109    639.783005  5  4  5  60       
PG04   3081.179943  20035.889921  17098.287391    507.060010  3  4  6  90       
PG05   -711.578138 -19985.761011  17272.281832   -198.093605  3  6  4  68       
PG06  25215.199762  -5947.481870   6222.272263    -95.966403  5  2  3  54       
PG07  21544.118178   8175.137256  14130.687168    -13.870260  2  1  2  89       
PG08  -4349.759626  24829.586257  -7719.206250    454.256148  4  8  5  87       
PG09  10503.787035  12468.968295  20863.461892    516.128482  4  3  4 103       
PG10 -17475.276944  -2233.170047 -19751.637647   -263.471997  5  4  5  73       
PG11  16964.071466 -12143.261247  16442.665389   -752.356575  5  4  5  73       
PG12  -8036.845773 -24116.615384  -8069.567189   -562.598964  4  5  3  72       
PG13  13419.408903 -22723.093943  -1661.197064    692.446330  4  5  5  68       
PG14  19181.289544   5763.005729 -17514.528112    573.972889  2  7  2  29       
PG15    639.415190 -25259.703058  -8467.802383    247.929227  4  5  4  68       
PG16  -6182.215403  16416.080611  19446.785643    -85.683510  7  4  2  36       
PG17  17382.436043  -4176.428030 -19301.303239    488.561763  4  6  4  80       
PG18 -23084.424796  -6351.044726  11774.099378   -658.872739  5  4  3  71       
PG19  18630.678535 -12989.249130 -13536.695975    582.414436  5  6  5  30       
PG20   9439.880897 -12191.994394  21718.370069    367.325434  3  4  4  77       
PG21   -939.773856  15265.330564 -21216.878202    100.034294  4  6  4  69       
PG22  15634.429102  -2251.147772 -20921.219871    -90.572199  3  6  3  74       
PG23 -19587.389277 -14978.492365 -10126.585936    397.629118  5  6  3  87       
PG24  -3856.286292 -15563.636651 -21651.553118   -467.151686  5  7  6  99       
PG25 -17490.190804 -19856.408893   3231.711869    497.211184  5  4  3  73       
PG26 -14094.563890   7632.702220  21025.811159    -35.697682  4  3  5  86       
PG27 -12416.368676  23013.765206   2690.701925    -33.443443  5  6  6  81       
PG28 -25611.349957   5868.151493   3890.123062   -527.251260  7  5  1  69       
PG29  -9428.754966 -12935.755643  21128.840080   -549.915967  3  5  3  70       
PG30  26534.823633   -134.666506   3190.293961   -246.099571  5  2  3  60       
PG31 -21247.183612  10222.411472  12326.716055   -218.552221  3  6  2  61       
PG32 -17429.648038   9023.865816 -17569.437721   -547.249881  4  5  4  81       
*  2025  1  5  5  0  0.00000000
PG01   4822.100608  14762.044822 -21541.591544 999999.999999  6  7  7           
PG02   3532.589340  14447.622023 -21538.325403   -275.415621  5  6  5  91       
PG03  11266.513562  22752.425544  -8158.444496    639.790079  5  4  5  63       
PG04   2149.471726  21639.491504  15162.147108    507.065341  3  5  5  76       
PG05    731.827506 -18455.073741  18888.748989   -198.094368  2  6  4  69       
PG06  25767.016593  -5845.604062   3387.351220    -95.991113  5  2  3  54       
PG07  19942.313292   8541.491732  16156.708272    -13.869712  2  2  2  81       
PG08  -4890.992166  25397.177302  -4985.875674    454.263521  3  7  4  78       
PG09   9558.917011  14624.935100  19893.751958    516.142260  3  4  4  97       
PG10 -18734.058405  -4046.111925 -18301.927716   -263.486409  5  4  4  83       
PG11  18732.375571 -12107.697663  14414.526194   -752.356080  5  4  4  75       
PG12  -7286.778724 -23372.814892 -10647.051998   -562.601135  4  6  3  84       
PG13  13623.263889 -22598.986610   1233.395947    692.447538  4  5  5  61       
PG14  20152.885850   7413.161053 -15737.839785    573.979477  2  7  1  26       
PG15   1116.749566 -25926.937784  -5810.268369    247.933090  4  5  4  79       
PG16  -7543.714436  14473.314036  20502.830305    -85.674684  6  4  2  45       
PG17  16424.477570  -2031.009193 -20411.086753    488.545952  4  6  4  67       
PG18 -21643.990517  -6664.311638  14093.073828   -658.871833  5  4  3  69       
PG19  18004.798398 -11432.605562 -15680.971061    582.418621  5  6  4  65       
PG20  11253.754160 -10518.345247  21717.593198    367.325568  3  4  4  84       
PG21  -3392.341093  15699.320273 -20552.837004    100.036292  3  5  4  74       
PG22  16840.485504   -137.133437 -20076.993273    -90.573895  3  7  3  56       
PG23 -20086.874292 -15865.172513  -7481.476921    397.635895  5  6  3  82       
PG24  -1526.912111 -16068.438264 -21534.220984   -467.148332  5  7  6  88       
PG25 -17430.960827 -20217.218056    425.312220    497.210705  5  4  3  85       
PG26 -15679.905949   5801.480757  20521.579306    -35.711136  4  4  5  92       
PG27 -12493.039579  22430.788844   5516.721743    -33.443003  5  6  6  85       
PG28 -25931.085764   5662.352675   1052.230555   -527.260265  7  5  1  59       
PG29  -8271.123981 -15011.160748  20212.747382   -549.912903  4  5  3  49       
PG30  26074.362642    224.082467   5914.944717   -246.092030  5  2  3  59       
PG31 -22558.322075  10137.523129   9908.130429   -218.551360  3  6  3  70       
PG32 -16749.273601   6983.141000 -19093.963758   -547.243860  5  5  3  85       
*  2025  1  5  5 15  0.00000000
PG01   2360.636655  15052.966983 -21749.237075 999999.999999  5  6  8           
PG02   1065.601016  15107.597894 -21317.816341   -275.407628  5  5  5  82       
PG03  10466.754279  22046.065988 -10782.597136    639.797157  5  4  5  56       
PG04   1389.340503  23072.402158  12963.601482    507.070676  2  6  5  63       
PG05   2369.478828 -16883.173057  20174.918030   -198.095673  2  6  4  77       
PG06  26004.414033  -5720.892403    494.642776    -96.015787  5  1  3  47       
PG07  18157.017919   9027.872380  17919.484534    -13.869135  2  3  2  71       
PG08  -5310.393007  25688.461858  -2164.586971    454.270847  3  7  3  49       
PG09   8767.245059  16703.603077  18578.488947    516.156060  3  4  5  73       
PG10 -19972.562335  -5642.182259 -16535.143895   -263.500832  5  4  4  82       
PG11  20259.116114 -12132.091604  12138.236407   -752.355524  5  3  4  57       
PG12  -6334.524021 -22444.852887 -13044.115259   -562.603100  4  6  4  86       
PG13  13681.908569 -22193.539094   4106.390025    692.448850  3  6  5  45       
PG14  21068.903309   8844.329163 -13692.208343    573.986117  2  7  1  69       
PG15   1510.136787 -26317.812739  -3053.152471    247.936951  4  4  4  29       
PG16  -9058.307639  12522.250485  21191.629558    -85.666423  6  4  2  67       
PG17  15536.791467    263.071752 -21158.216834    488.531291  4  7  3  86       
PG18 -19977.501659  -7097.068003  16172.581474   -658.870884  5  4  4  15       
PG19  17362.990064  -9642.843327 -17552.714860    582.423039  5  6  4  32       
PG20  13136.464532  -8953.036569  21345.881385    367.324929  3  4  3  88       
PG21  -5734.300822  16230.452495 -19515.513778    100.038073  3  5  4  82       
PG22  18084.352381   1817.725974 -18873.106790    -90.575884  3  7  2  72       
PG23 -20430.430494 -16494.591832  -4709.138077    397.642691  5  5  3  74       
PG24    747.854711 -16678.824310 -21060.654101   -467.144922  5  7  6 100       
PG25 -17182.842774 -20342.153160  -2388.330287    497.210229  5  4  2  88       
PG26 -17291.717988   4104.342869  19660.604016    -35.724587  4  4  5  66       
PG27 -12496.958250  21549.755948   8244.495733    -33.442660  5  6  6  86       
PG28 -25946.071180   5405.364411  -1803.769381   -527.269267  7  5  2  60       
PG29  -7274.870472 -17032.350681  18946.521440   -549.910160  4  5  4  68       
PG30  25337.768388    658.690219   8539.809365   -246.084528  5  1  3  54       
PG31 -23590.936361  10077.190186   7320.557788   -218.550791  3  6  3  56       
PG32 -16125.177899   4763.400241 -20281.705222   -547.237903  5  5  3 100       
*  2025  1  5  5 30  0.00000000
PG01    -84.722118  15471.678564 -21582.454879 999999.999999  7  5  7           
PG02  -1321.940739  15878.941705 -20713.024489   -275.399600  4  4  5  63       
PG03   9430.760354  21180.415319 -13223.676146    639.804213  5  5  6  48       
PG04    785.555254  24293.999496  10540.472775    507.076013  1  7  4  58       
PG05   4182.199527 -15314.955125  21108.140355   -198.096030  2  6  4  78       
PG06  25929.605896  -5533.678373  -2406.504067    -96.040501  4  2  3  60       
PG07  16226.874789   9650.197106  19390.654190    -13.868434  3  3  2  81       
PG08  -5639.709938  25684.619806    694.964059    454.278133  3  6  3  67       
PG09   8125.871014  18657.816507  16940.515708    516.169851  3  4  5  71       
PG10 -21146.498067  -7006.519735 -14483.003819   -263.515218  4  4  4  51       
PG11  21518.641335 -12182.538503   9652.833801   -752.355016  5  3  3  78       
PG12  -5170.861117 -21372.716957 -15220.739488   -562.605192  4  6  4  89       
PG13  13631.738559 -21494.400578   6907.341693    692.449667  3  5  5  70       
PG14  21888.903437  10048.399359 -11412.987041    573.992667  1  7  1  76       
PG15   1851.783078 -26415.511876   -243.400646    247.940974  4  4  5  11       
PG16 -10703.854883  10608.738219  21501.836159    -85.657723  6  5  3  52       
PG17  14747.312047   2663.792807 -21528.314429    488.515874  4  7  2  75       
PG18 -18122.945269  -7670.915812  17977.028413   -658.869928  5  4  4  49       
PG19  16743.851400  -7644.493856 -19120.563347    582.427205  5  7  3  76       
PG20  15047.677863  -7522.316131  20609.145069    367.324333  3  4  3  85       
PG21  -7921.403574  16831.791102 -18121.213322    100.038824  3  5  4  74       
PG22  19326.119554   3584.423967 -17330.992914    -90.577723  3  7  2  64       
PG23 -20581.220207 -16881.941659  -1856.794764    397.649427  5  5  3  83       
PG24   2927.402985 -17376.340094 -20237.275206   -467.141539  5  7  6  90       
PG25 -16720.926530 -20257.541408  -5161.695554    497.209725  4  5  2  75       
PG26 -18890.823442   2564.692477  18459.102957    -35.738058  4  4  5  62       
PG27 -12466.460900  20374.618274  10825.111993    -33.442303  5  5  6  76       
PG28 -25665.291602   5061.056679  -4628.739998   -527.278255  6  6  3  68       
PG29  -6442.622044 -18951.379271  17351.872012   -549.906944  4  5  4  61       
PG30  24346.637309   1198.571177  11020.739734   -246.077068  4  2  3  68       
PG31 -24332.531200  10005.417156   4608.605162   -218.550036  4  6  3  67       
PG32 -15586.781573   2403.656995 -21111.861132   -547.231791  5  5  4  96       
*  2025  1  5  5 45  0.00000000
PG01  -2466.250575  16007.502691 -21044.105595 999999.999999  6  3  8           
PG02  -3584.156136  16737.019689 -19734.105143   -275.391409  4  4  5  68       
PG03   8153.759868  20198.274790 -15440.507137    639.811298  6  5  6  68       
PG04    315.874690  25268.882439   7934.576093    507.081326  1  8  4  53       
PG05   6142.788922 -13792.320027  21672.028297   -198.097578  2  6  3  87       
PG06  25553.846901  -5245.970764  -5266.511022    -96.065175  3  2  3  40       
PG07  14193.575215  10417.351835  20546.377985    -13.867995  3  3  2  47       
PG08  -5913.829457  25375.373294   3542.190606    454.285484  2  6  3  71       
PG09   7623.921776  20443.005382  15008.327884    516.183644  3  4  5  72       
PG10 -22211.224470  -8133.316552 -12181.898081   -263.529624  4  4  3  22       
PG11  22493.397111 -12221.960014   7001.020853   -752.354507  5  2  2  59       
PG12  -3794.518662 -20198.696745 -17140.765817   -562.607141  4  6  4  95       
PG13  13511.701131 -20498.240212   9586.852778    692.450769  3  5  4  77       
PG14  22573.142660  11025.483118  -8939.359594    573.999269  2  7  2  52       
PG15   2176.161886 -26211.347132   2570.527604    247.944819  4  5  5  41       
PG16 -12450.941170   8774.668362  21429.158758    -85.649336  5  5  3  36       
PG17  14077.044694   5124.254494 -21513.888553    488.500482  5  7  2  70       
PG18 -16123.065973  -8400.313044  19475.375091   -658.868932  5  5  4  51       
PG19  16181.919816  -5469.371652 -20358.668519    582.431713  5  6  3  73       
PG20  16943.610033  -6245.224414  19519.518774    367.324552  2  4  2  80       
PG21  -9915.081814  17470.142028 -16393.424399    100.040431  3  5  4  78       
PG22  20522.851560   5141.985408 -15478.386221    -90.579716  3  8  2  41       
PG23 -20507.281206 -17049.966420   1027.071762    397.656182  5  5  3  57       
PG24   4974.814720 -18136.091850 -19076.194182   -467.138161  5  6  5  89       
PG25 -16026.660112 -19995.089253  -7848.308734    497.209233  4  5  2  87       
PG26 -20435.863574   1198.384587  16939.087353    -35.751503  4  4  4  50       
PG27 -12439.363180  18918.643550  13212.183346    -33.441948  5  5  6  45       
PG28 -25106.116710   4596.158570  -7374.095255   -527.287263  6  6  3  72       
PG29  -5768.698917 -20721.828074  15456.272349   -549.904167  4  6  4  65       
PG30  23129.160926   1868.552854  13316.033608   -246.069552  4  2  3  47       
PG31 -24779.122514   9885.221288   1818.625242   -218.549200  4  6  4  73       
PG32 -15156.992492    -51.782609 -21570.105850   -547.225792  5  5  3  81       
*  2025  1  5  6  0  0.00000000
PG01  -4738.950423  16642.153682 -20143.447929 999999.999999  7  1  8           
PG02  -5680.457220  17650.519938 -18398.331633   -275.382805  4  4  5  75       
PG03   6639.672089  19143.854119 -17395.750413    639.818368  6  5  6  69       
PG04    -47.898422  25968.211158   5190.992105    507.086617  1  9  4  53       
PG05   8216.904171 -12352.598510  21856.759581   -198.098191  2  5  3  69       
PG06  24896.981365  -4823.107360  -8036.401204    -96.089850  1  1  3  42       
PG07  12100.488464  11330.746654  21367.654827    -13.867203  3  3  2  80       
PG08  -6169.172668  24759.474579   6326.583473    454.292778  2  5  3  62       
PG09   7243.134779  22018.792975  12815.562664    516.197509  3  4  5  79       
PG10 -23123.473025  -9025.771057  -9672.193235   -263.544058  4  3  3  68       
PG11  23174.483974 -12211.687941   4228.434718   -752.353996  5  1  1  66       
PG12  -2212.377446 -18965.781114 -18772.429109   -562.609198  4  6  4  90       
PG13  13361.592517 -19211.053418  12097.504643    692.451795  3  5  4  65       
PG14  23084.121015  11783.687790  -6313.669230    574.005879  2  7  2  56       
PG15   2518.481463 -25705.217112   5339.492138    247.948781  3  5  5  43       
PG16 -14263.956716   7056.455915  20976.356546    -85.640874  5  5  3  38       
PG17  13539.223418   7594.352028 -21114.547738    488.485452  5  7  1  72       
PG18 -14023.868280  -9291.850327  20641.668523   -658.867938  5  5  4  66       
PG19  15706.323552  -3155.484401 -21247.061952    582.435674  4  6  3  73       
PG20  18778.570080  -5132.999398  18095.189662    367.324092  2  3  2  66       
PG21 -11683.931893  18107.426877 -14362.470022    100.041636  3  5  5  87       
PG22  21630.315462   6478.100477 -13348.760363    -90.581638  3  8  2  74       
PG23 -20182.843309 -17027.930156   3893.518436    397.662914  5  6  3  84       
PG24   6858.076029 -18927.600376 -17595.132622   -467.134798  6  6  5  86       
PG25 -15088.650472 -19590.539357 -10403.454251    497.208750  4  5  2  55       
PG26 -21884.829343     13.357142  15127.892832    -35.764923  4  5  5  53       
PG27 -12451.254518  17204.053160  15362.788132    -33.441579  5  4  6  50       
PG28 -24293.598488   3981.742832  -9992.635281   -527.296262  6  6  4  74       
PG29  -5239.491366 -22300.499673  13292.485067   -549.901169  5  6  4  63       
PG30  21719.100363   2687.758118  15387.086695   -246.062004  4  2  3  69       
PG31 -24935.227305   9680.205441  -1002.057069   -218.548459  4  5  4  80       
PG32 -14851.295029  -2554.884279 -21648.837182   -547.219855  4  5  2  95       
*  2025  1  5  6 15  0.00000000
PG01  -6862.087140  17350.433268 -18895.980100 999999.999999  7  1  8           
PG02  -7577.018032  18582.719877 -16729.769645   -275.374831  3  4  5  69       
PG03   4901.133512  18061.069322 -19056.488778    639.825330  6  5  6  51       
PG04   -338.622272  26370.805588   2357.274826    507.091981  2  9  5  70       
PG05  10364.234816 -11027.174241  21659.254200   -198.099852  2  5  2  76       
PG06  23986.675292  -4235.287265 -10668.626481    -96.114540  1  1  3  27       
PG07   9991.241647  12384.133882  21840.590572    -13.866766  3  3  2  83       
PG08  -6442.022890  23844.836197   8998.688624    454.300069  2  4  4  75       
PG09   6958.740965  23350.447505  10400.393441    516.211318  4  5  5  78       
PG10 -23843.008931  -9695.697110  -6997.488050   -263.558476  4  3  3  47       
PG11  23561.889272 -12113.122242   1382.861515   -752.353454  5  1  1  45       
PG12   -439.371590 -17716.054679 -20088.819399   -562.611192  4  6  5  94       
PG13  13220.317411 -17648.101183  14394.766599    692.453141  3  5  3  73       
PG14  23388.051483  12338.593214  -3580.705545    574.012410  3  7  2  65       
PG15   2913.091033 -24905.747089   8014.559775    247.952638  3  6  5  65       
PG16 -16102.430850   5483.775980  20153.080499    -85.632218  4  5  3  59       
PG17  13138.803634  10022.597329 -20337.054801    488.470031  5  7  2  78       
PG18 -11872.999753 -10343.830058  21455.499037   -658.866944  5  6  5  65       
PG19  15339.672953   -745.720855 -21771.904394    582.439870  4  6  3  71       
PG20  20506.593989  -4188.785573  16360.123639    367.323848  2  2  1  75       
PG21 -13204.903633  18702.318366 -12064.955615    100.042849  4  5  5  73       
PG22  22604.773548   7589.390134 -10980.637227    -90.583648  2  7  2  76       
PG23 -19589.420093 -16850.348962   6693.937204    397.669681  5  6  4  80       
PG24   8551.128850 -19715.884836 -15817.267452   -467.131397  6  5  4  91       
PG25 -13903.200101 -19082.207636 -12784.843108    497.208214  4  5  2 102       
PG26 -23196.611865   -990.421861  13057.630577    -35.778358  4  5  5  34       
PG27 -12533.887900  15261.290486  17238.341784    -33.441238  5  4  5  40       
PG28 -23259.485996   3194.543080 -12439.356675   -527.305204  5  6  4  50       
PG29  -4834.157600 -23648.998291  10897.989161   -549.898153  5  7  5  64       
PG30  20154.569844   3668.702307  17198.997425   -246.054462  3  3  3  63       
PG31 -24813.550474   9356.096391  -3805.910838   -218.547768  5  5  4  86       
PG32 -14677.158160  -5055.595933 -21347.285893   -547.213864  4  5  1  85       
*  2025  1  5  6 30  0.00000000
PG01  -8800.562042  18101.207630 -17323.173790 999999.999999  7  1  9           
PG02  -9247.956151  19493.004755 -14758.785813   -275.366693  3  4  5  86       
PG03   2959.200449  16991.869065 -20394.744444    639.832422  6  5  6  65       
PG04   -592.331884  26463.957641   -517.390757    507.097292  4 10  6  69       
PG05  12539.922106  -9840.357481  21083.220163   -198.100372  2  5  2  89       
PG06  22857.359287  -3458.924277 -13117.878250    -96.139186  1  1  3  62       
PG07   7908.293708  13563.694910  21956.618908    -13.865791  3  3  3  79       
PG08  -6766.857780  22648.295171  11511.068670    454.307325  2  3  4  71       
PG09   6740.610797  24410.120635   7804.842553    516.225164  4  5  6  74       
PG10 -24334.168518 -10162.813221  -4203.838633   -263.572860  4  3  3  59       
PG11  23664.384606 -11889.397886  -1486.591508   -752.352938  4  1  1  58       
PG12   1501.905663 -16489.150387 -21068.267273   -562.612805  4  6  5 100       
PG13  13124.184463 -15833.480448  16437.856135    692.454125  3  5  3  81       
PG14  23456.195915  12712.453598   -786.960316    574.018961  3  7  3  49       
PG15   3391.890402 -23830.093256  10547.929700    247.956499  3  6  6  80       
PG16 -17922.557774   4078.603395  18975.572823    -85.623789  3  5  3  28       
PG17  12872.315630  12358.012198 -19195.220035    488.454992  4  6  3  76       
PG18  -9718.074013 -11546.166554  21902.373252   -658.865947  6  6  5  77       
PG19  15097.228978   1713.629301 -21925.623856    582.444443  4  6  3  49       
PG20  22083.108075  -3407.660020  14343.690964    367.323801  2  2  1  71       
PG21 -14464.130489  19212.062148  -9543.024623    100.044361  4  5  5  77       
PG22  23404.760871   8481.294256  -8416.788914    -90.585509  2  7  1  60       
PG23 -18716.635955 -16555.537142   9380.843745    397.676462  5  7  4  70       
PG24  10034.722446 -20462.745521 -13770.987107   -467.128015  6  4  4  84       
PG25 -12474.565183 -18509.454092 -14953.228763    497.207712  4  5  3  95       
PG26 -24332.511821  -1820.697469  10764.573197    -35.791793  4  5  5  45       
PG27 -12713.738157  13127.949797  18805.374047    -33.440878  4  4  4  53       
PG28 -22040.995358   2218.052178 -14672.223715   -527.314147  5  6  5  83       
PG29  -4525.614330 -24735.134902   8314.318546   -549.895239  5  7  5  60       
PG30  18476.672643   4816.637693  18721.118068   -246.046958  2  3  3  52       
PG31 -24434.385723   8882.193363  -6545.948297   -218.546758  5  5  4  89       
PG32 -14633.784911  -7503.632347 -20671.486533   -547.207900  3  5  1 101       
*  2025  1  5  6 45  0.00000000
PG01 -10526.067282  18858.627544 -15452.104996 999999.999999  8  3  8           
PG02 -10676.171439  20338.567356 -12521.404856   -275.358720  3  4  5  65       
PG03    842.739598  15974.650188 -21387.919477    639.839447  6  5  5  78       
PG04   -846.625463  26243.923651  -3383.064985    507.102616  5 10  6  12       
PG05  14696.165294  -8808.555239  20139.067929   -198.101262  2  5  1  89       
PG06  21548.920844  -2477.767812 -15341.868133    -96.163836  1  1  4  62       
PG07   5891.547670  14848.395727  21712.672043    -13.865552  3  3  2  75       
PG08  -7174.759137  21195.019876  13819.223418    454.314600  3  3  4  57       
PG09   6554.616215  25177.824401   5074.026023    516.239037  4  5  6  86       
PG10 -24567.217959 -10453.745554  -1338.966903   -263.587307  4  2  3  52       
PG11  23499.091838 -11506.994602  -4330.351215   -752.352472  3  1  2  56       
PG12   3581.875529 -15320.811910 -21694.651546   -562.614893  4  6  5  99       
PG13  13105.310962 -13799.340171  18190.529248    692.455389  2  5  3  83       
PG14  23266.018942  12933.156600   2020.136676    574.025507  3  7  3  45       
PG15   3982.811381 -22503.407633  12893.875756    247.960600  3  6  6  76       
PG16 -19678.845682   2854.588321  17466.240072    -85.615556  1  5  3  49       
PG17  12728.086923  14552.009470 -17709.633637    488.439225  4  6  3  82       
PG18  -7604.995478 -12880.614283  21973.995588   -658.864968  6  6  5  74       
PG19  14986.374260   4174.465070 -21706.946769    582.448224  3  6  4  78       
PG20  23466.558851  -2776.976531  12080.195108    367.323691  2  2  1  66       
PG21 -15457.351477  19594.395816  -6843.442179    100.046068  4  5  5  78       
PG22  23992.769187   9167.591864  -5703.356582    -90.587437  2  6  1  59       
PG23 -17562.758207 -16184.021220  11908.647570    397.683216  5  7  5  79       
PG24  11297.028351 -21128.205777 -11489.554377   -467.124641  6  4  4  80       
PG25 -10814.930492 -17911.141510 -16872.968126    497.207273  5  5  3  97       
PG26 -25257.651712  -2492.378171   8288.489613    -35.805245  4  5  5  51       
PG27 -13010.793979  10847.412251  20036.189853    -33.440502  4  4  3  40       
PG28 -20679.382763   1043.358821 -16652.887394   -527.323149  5  6  5  89       
PG29  -4281.780231 -25534.100846   5586.324603   -549.892206  5  7  6  54       
PG30  16728.037804   6129.169400  19927.545905   -246.039444  2  3  3  68       
PG31 -23824.756751   8232.676283  -9176.448767   -218.546144  5  5  3  97       
PG32 -14712.210399  -9850.260203 -19634.113329   -547.201912  3  5  1  87       
*  2025  1  5  7  0  0.00000000
PG01 -12017.979933  19583.544369 -13314.988024 999999.999999  8  3  8           
PG02 -11853.805371  21076.209974 -10058.535679   -275.350440  3  4  5  83       
PG03  -1412.471324  15042.819579 -22019.154964    639.846526  6  5  5  45       
PG04  -1138.986473  25716.076457  -6189.946481    507.107932  6 10  7  69       
PG05  16783.949405  -7939.770112  18843.696545   -198.102473  2  4  2  86       
PG06  20105.194425  -1283.746153 -17302.065109    -96.188485  2  1  4  71       
PG07   3977.045133  16210.604022  21111.297481    -13.865145  3  4  3  70       
PG08  -7691.970143  19517.584783  15882.445793    454.321910  3  2  4  41       
PG09   6364.152865  25642.108905   2255.345511    516.252897  5  5  6  63       
PG10 -24519.486545 -10600.788109   1548.534487   -263.601696  3  2  3  36       
PG11  23090.734030 -10937.225358  -7099.245711   -752.351994  2  1  3  63       
PG12   5764.901710 -14241.615115 -21957.628078   -562.616824  5  6  5  94       
PG13  13190.205797 -11584.773724  19621.780772    692.456315  2  5  3  83       
PG14  22802.118118  13032.979814   4792.991004    574.032086  4  7  3  54       
PG15   4708.439735 -20957.975717  15009.681573    247.964715  4  6  6  75       
PG16 -21325.818010   1816.784081  15653.118139    -85.607088  1  5  2  46       
PG17  12686.823896  16560.179044 -15907.244106    488.423820  3  6  3  84       
PG18  -5576.348456 -14321.319137  21668.451510   -658.864003  6  7  5  69       
PG19  15006.399916   6588.512826 -21120.828302    582.452550  3  5  4  39       
PG20  24619.946517  -2277.016459   9608.310450    367.323108  2  3  1  62       
PG21 -16189.898765  19809.468001  -4016.537713    100.047075  4  4  6  90       
PG22  24336.764633   9669.580196  -2888.912333    -90.589354  2  6  1  64       
PG23 -16134.914413 -15776.880450  14234.393266    397.690004  5  8  5  78       
PG24  12333.988746 -21672.065206  -9010.671415   -467.121273  6  3  3  77       
PG25  -8944.105250 -17324.135030 -18512.525226    497.206765  5  5  3  91       
PG26 -25942.240247  -3026.720940   5671.942669    -35.818711  4  5  5  27       
PG27 -13437.637550   8467.249650  20909.396231    -33.440100  4  5  3  61       
PG28 -19218.375707   -330.310467 -18347.340189   -527.332090  4  5  5  80       
PG29  -4067.022050 -26029.362979   2761.376917   -549.889382  5  8  6  75       
PG30  14951.309344   7596.157841  20797.548479   -246.031898  1  3  4  51       
PG31 -23017.332859   7387.729294 -11653.650389   -218.545578  5  4  3  95       
PG32 -14895.740454 -12050.010882 -18254.188453   -547.195898  3  5  1  98       
*  2025  1  5  7 15  0.00000000
PG01 -13263.961322  20235.067004 -10948.620500 999999.999999  9  5  8           
PG02 -12782.303873  21664.165161  -7415.091858   -275.342152  3  4  6  63       
PG03  -3764.900811  14223.554253 -22277.604770    639.853514  6  5  5  71       
PG04  -1505.109549  24894.710479  -8889.263889    507.113248  6 10  7  88       
PG05  18754.824286  -7233.445915  17220.157644   -198.103114  2  3  2  74       
PG06  18572.305950    122.503133 -18964.375840    -96.213077  3  2  3  64       
PG07   2195.785960  17616.953375  20160.715824    -13.864418  3  4  4  88       
PG08  -8338.662860  17654.753624  17664.591722    454.329144  3  3  4  28       
PG09   6131.760677  25800.415437   -602.356355    516.266784  5  5  6  82       
PG10 -24176.237313 -10640.470555   4409.989175   -263.616055  3  2  4  56       
PG11  22470.600328 -10157.543963  -9745.367340   -752.351470  2  3  3  59       
PG12   8010.439978 -13275.892176 -21852.778926   -562.619085  5  7  5  95       
PG13  13398.592143  -9234.433093  20706.437076    692.457540  2  5  3  83       
PG14  22056.896814  13047.191744   7484.615549    574.038663  4  7  3  62       
PG15   5584.843040 -19232.054669  16856.541988    247.968797  4  5  6  86       
PG16 -22819.696395    961.727478  13569.248896    -85.598392  1  5  3  25       
PG17  12722.525598  18343.900206 -13820.794898    488.408666  2  7  4  84       
PG18  -3669.911787 -15835.675535  20990.286727   -658.863037  6  7  5  79       
PG19  15148.609421   8908.953899 -20178.288912    582.456747  2  5  5  74       
PG20  25512.201993  -1881.922945   6970.436458    367.323318  2  3  1  63       
PG21 -16676.250103  19821.659255  -1115.045689    100.048634  4  4  6  86       
PG22  24411.476031  10014.954853    -23.491034    -90.591295  3  5  1  60       
PG23 -14448.986174 -15374.075085  16318.462930    397.696794  5  8  5  83       
PG24  13149.376376 -22055.509038  -6375.944450   -467.117917  5  3  2  71       
PG25  -6888.952764 -16781.893064 -19844.915712    497.206257  5  5  3  95       
PG26 -26362.645178  -3450.287037   2959.562291    -35.832162  4  5  5  41       
PG27 -13998.851426   6037.467360  21410.282687    -33.439699  4  5  4  65       
PG28 -17702.522997  -1895.365314 -19726.495716   -527.341088  4  5  5  89       
PG29  -3843.744752 -26213.245007   -111.482008   -549.886558  6  8  7  88       
PG30  13187.641476   9199.913112  21315.917122   -246.024361  1  4  4  70       
PG31 -22049.159578   6334.442073 -13936.403800   -218.544911  5  4  3  91       
PG32 -15160.708352 -14062.252761 -16556.673031   -547.189921  4  6  2  88       
*  2025  1  5  7 30  0.00000000
PG01 -14260.239174  20772.199283  -8393.748890 999999.999999  9  7  7           
PG02 -13472.086795  22063.852168  -4639.035375   -275.333977  4  4  6  87       
PG03  -6168.637757  13536.804597 -22158.620344    639.860528  5  5  5  66       
PG04  -1977.298375  23802.507331 -11434.148501    507.118564  6 10  7  77       
PG05  20562.663237  -6680.663472  15297.206244   -198.103920  1  2  2  87       
PG06  16996.934502   1731.439149 -20299.755401    -96.237718  3  3  3  77       
PG07    572.714112  19029.432625  18874.813260    -13.863602  3  5  4  55       
PG08  -9127.968629  15650.024624  19134.745761    454.336507  3  4  3  52       
PG09   5820.777401  25659.092906  -3449.660661    516.280580  5  4  6  69       
PG10 -23531.248022 -10611.989273   7197.406014   -263.630432  3  3  4  45       
PG11  21675.265224  -9152.619081 -12222.915422   -752.350912  2  3  4  59       
PG12  10274.369481 -12440.895016 -21381.681073   -562.620877  5  6  5  92       
PG13  13742.520622  -6796.922952  21425.626694    692.458845  2  5  3  83       
PG14  21030.955610  13012.549507  10049.390778    574.045216  4  6  3  38       
PG15   6620.662707 -17368.455707  18400.403094    247.972663  4  5  5  83       
PG16 -24119.998899    277.856992  11251.988714    -85.590155  1  5  3  42       
PG17  12803.686731  19871.710548 -11488.136650    488.393561  2  7  4  76       
PG18  -1917.356444 -17385.460209  19950.477901   -658.862057  6  7  4  72       
PG19  15396.729667  11091.983289 -18896.164765    582.461055  2  5  5  82       
PG20  26119.352539  -1560.883622   4211.977964    367.322418  2  3  1  37       
PG21 -16939.170941  19601.212223   1807.110746    100.049374  4  4  6  64       
PG22  24199.402987  10236.445829   2842.381666    -90.593394  3  5  1  62       
PG23 -12529.182017 -15012.824129  18125.230141    397.703598  6  8  6  66       
PG24  13754.554029 -22242.712818  -3630.248668   -467.114582  5  2  2  76       
PG25  -4682.574501 -16313.196408 -20848.090571    497.205794  5  4  3  81       
PG26 -26502.238960  -3793.711645    197.305954    -35.845614  4  5  5  45       
PG27 -14690.776136   3608.664471  21531.048108    -33.439278  3  5  5  68       
PG28 -16175.526938  -3635.950668 -20766.683764   -527.350039  4  5  5  79       
PG29  -3574.061210 -26087.172108  -2982.411409   -549.883660  6  8  7  89       
PG30  11475.253588  10915.676917  21473.243074   -246.016828  1  4  4  74       
PG31 -20960.250022   5067.459415 -15986.782774   -218.544100  6  5  3  89       
PG32 -15477.514199 -15852.562222 -14571.953716   -547.183894  5  6  3  87       
*  2025  1  5  7 45  0.00000000
PG01 -15011.562374  21155.494143  -5694.365479 999999.999999  9  8  7           
PG02 -13941.846573  22241.491090  -1780.374201   -275.325670  4  4  6  86       
PG03  -8574.934078  12994.577354 -21663.843630    639.867562  5  5  6  69       
PG04  -2583.000629  22469.683514 -13780.470278    507.123909  6  9  7  83       
PG05  22165.331082  -6264.675274  13108.749717   -198.104869  1  2  3  81       
PG06  15424.557917   3524.770733 -21284.736399    -96.262317  4  3  3  70       
PG07   -874.092525  20406.670846  17273.061450    -13.863253  3  5  4  60       
PG08 -10065.311377  13550.001619  20267.768061    454.343789  3  4  2  32       
PG09   5396.958838  25233.079025  -6237.440257    516.294407  5  4  6  89       
PG10 -22587.086062 -10555.560215   9864.221265   -263.644826  3  3  4  60       
PG11  20745.112608  -7915.131126 -14489.002878   -752.350419  2  3  4  37       
PG12  12510.460162 -11746.226963 -20551.894058   -562.623110  5  6  4  89       
PG13  14225.810482  -4323.042471  21767.118220    692.459976  2  5  3  78       
PG14  19733.187882  12965.748944  12443.803343    574.051801  4  6  3  54       
PG15   7816.517666 -15412.928157  19612.713350    247.976965  4  4  5  89       
PG16 -25190.993646   -253.758861   8742.268628    -85.581814  1  4  3  67       
PG17  12894.733464  21120.374235  -8951.436259    488.377674  3  8  4  77       
PG18   -343.177469 -18928.202401  18566.292008   -658.861049  5  7  4  56       
PG19  15727.608994  13098.245769 -17296.779795    582.465218  2  6  5  65       
PG20  26425.428558  -1279.516585   1380.563166    367.322402  3  4  2  54       
PG21 -17008.494884  19125.590902   4696.046214    100.051154  4  4  5  57       
PG22  23691.507408  10370.273460   5658.640623    -90.595150  3  4  1  63       
PG23 -10407.303361 -14726.092857  19623.656125    397.710377  5  8  6  74       
PG24  14167.932917 -22202.377799   -820.997285   -467.111241  5  2  2  72       
PG25  -2363.276483 -15941.057629 -21505.257491    497.205305  6  4  3  80       
PG26 -26351.990581  -4090.335609  -2568.282992    -35.859092  4  5  5  55       
PG27 -15501.624963   1230.191708  21270.872827    -33.438853  3  5  6  65       
PG28 -14678.621639  -5528.367914 -21450.052676   -527.358997  4  5  5  91       
PG29  -3221.473880 -25661.570075  -5801.658870   -549.880750  6  8  7  67       
PG30   9848.097305  12712.377696  21266.110772   -246.009298  1  4  4  67       
PG31 -19792.086417   3589.357902 -17770.647401   -218.543590  5  5  3  87       
PG32 -15811.900543 -17393.842292 -12335.239452   -547.177902  5  6  3  76       
*  2025  1  5  8  0  0.00000000
PG01 -15530.830831  21348.660097  -2896.949002 999999.999999 10  8  6           
PG02 -14217.516101  22169.506018   1109.855699   -275.317474  4  4  5  56       
PG03 -10933.861151  12600.525389 -20801.205709    639.874524  5  5  6  62       
PG04  -3343.539378  20932.854685 -15887.620747    507.129277  6  8  7  87       
PG05  23526.196188  -5961.753893  10693.208273   -198.105967  1  2  3  69       
PG06  13897.750266   5475.954063 -21901.865536    -96.286926  4  4  3  63       
PG07  -2133.994852  21705.380752  15380.356869    -13.862459  3  5  5  25       
PG08 -11148.069510  11402.661677  21044.712637    454.351121  3  5  3  51       
PG09   4830.001530  24545.261049  -8917.714928    516.308222  5  3  6  83       
PG10 -21355.071491 -10510.753302  12366.006742   -263.659275  3  4  4  62       
PG11  19722.722832  -6446.259463 -16504.411524   -752.349844  3  4  5  50       
PG12  14671.926183 -11193.562888 -19376.865826   -562.625177  5  5  4  86       
PG13  14843.841391  -1863.949122  21725.518937    692.460764  2  5  3  76       
PG14  18180.575698  12941.884381  14627.153264    574.058379  4  6  3  71       
PG15   9164.753169 -13412.414482  20471.060053    247.980827  4  3  5  85       
PG16 -26002.956664   -658.421633   6083.824635    -85.573609  1  4  3  71       
PG17  12957.625640  22075.607644  -6256.307027    488.362512  3  8  4  91       
PG18   1036.096529 -20418.740187  16861.033338   -658.860053  5  7  4  73       
PG19  16112.172876  14894.101177 -15407.547103    582.469514  3  6  5  70       
PG20  26423.073811  -1001.405573  -1474.787179    367.321875  3  4  2  11       
PG21 -16919.610973  18380.506364   7499.103932    100.053472  3  5  5  41       
PG22  22887.567312  10454.493930   8376.590136    -90.597240  3  5  2  52       
PG23  -8121.728499 -14541.246782  20787.819102    397.717192  5  7  6  89       
PG24  14414.142032 -21909.131193   2002.676940   -467.107912  5  2  1  69       
PG25     26.647773 -15681.847179 -21805.137965    497.204858  6  4  3  83       
PG26 -25910.786203  -4374.750933  -5290.809756    -35.872562  4  5  5  61       
PG27 -16411.945556  -1051.614317  20635.839869    -33.438391  3  5  6  77       
PG28 -13249.059435  -7541.802364 -21764.872641   -527.367943  3  5  5  64       
PG29  -2752.500586 -24955.423934  -8520.441532   -549.877735  6  8  7  63       
PG30   8334.684769  14553.634893  20697.203133   -246.001774  1  4  4  62       
PG31 -18586.083494   1910.737300 -19258.155754   -218.542584  5  5  3  77       
PG32 -16126.409257 -18667.149477  -9885.884268   -547.171901  5  6  3  74       
*  2025  1  5  8 15  0.00000000
PG01 -15838.415572  21320.057354    -49.662187 999999.999999 10  9  5           
PG02 -14330.960142  21827.661044   3980.595022   -275.309502  3  5  5  79       
PG03 -13196.021002  12349.860715 -19584.829523    639.881524  4  6  6  61       
PG04  -4273.092030  19233.662462 -17719.227638    507.134602  5  7  7  66       
PG05  24615.428215  -5742.316525   8092.801801   -198.106773  1  1  3  56       
PG06  12454.597901   7551.018562 -22140.037974    -96.311492  4  4  2  72       
PG07  -3204.100151  22881.916007  13226.771626    -13.861894  3  5  5  33       
PG08 -12365.576801   9255.592849  21453.111276    454.358412  4  5  4  51       
PG09   4094.908121  23625.543331 -11444.478215    516.322046  5  3  6  64       
PG10 -19854.932744 -10514.867305  14661.137679   -263.673776  3  5  5  71       
PG11  18651.186555  -4755.839675 -18234.281841   -752.349281  3  4  5  33       
PG12  16713.012053 -10776.668840 -17875.756179   -562.626847  5  5  3  72       
PG13  15583.702548    530.678563  21302.331880    692.462277  3  5  4  61       
PG14  16397.692613  12972.974990  16562.220251    574.064966  4  6  3  63       
PG15  10649.551609 -11413.253734  20959.668811    247.984831  4  2  5  75       
PG16 -26533.192678   -966.578521   3322.414767    -85.565377  2  4  3  32       
PG17  12953.552717  22732.437430  -3450.885562    488.347240  3  7  4  82       
PG18   2212.383253 -21810.904404  14863.679291   -658.859025  5  7  4  74       
PG19  16516.600057  16452.677452 -13260.507036    582.473693  5  7  5  63       
PG20  26113.832691   -689.723641  -4304.524278    367.321829  4  4  3  37       
PG21 -16711.740615  17360.567332  10165.969676    100.054221  3  5  5  73       
PG22  21796.187295  10527.305788  10949.752265    -90.599347  4  4  3  47       
PG23  -5716.149830 -14478.923273  21597.368188    397.723951  5  7  5  65       
PG24  14522.933764 -21344.727321   4790.814901   -467.104470  5  2  1  66       
PG25   2442.277984 -15544.666154 -21742.157846    497.204399  6  4  2  82       
PG26 -25185.470776  -4681.313322  -7924.747049    -35.886035  3  5  5  65       
PG27 -17395.402426  -3195.047716  19638.714141    -33.437958  3  5  7  91       
PG28 -11918.763137  -9639.329898 -21705.735034   -527.376902  3  6  5  76       
PG29  -2138.179175 -23995.514884 -11091.804859   -549.874828  7  7  7  70       
PG30   6957.122500  16398.979093  19775.314151   -245.994269  1  4  4  70       
PG31 -17382.066377     50.023244 -20424.220012   -218.541643  5  5  4  88       
PG32 -16381.958918 -19662.202085  -7266.652429   -547.165926  6  6  4  87       
*  2025  1  5  8 30  0.00000000
PG01 -15961.196162  21044.025168   2798.479710 999999.999999 10  9  2           
PG02 -14318.455197  21203.887740   6781.726569   -275.301200  3  5  5  76       
PG03 -15314.250589  12229.595991 -18034.835754    639.888500  3  6  6  69       
PG04  -5377.957561  17417.219155 -19243.787905    507.139895  5  6  6  75       
PG05  25411.032944  -5572.277473   5352.778849   -198.107777  2  1  3  47       
PG06  11127.296745   9709.691780 -21994.721524    -96.336105  4  5  3  42       
PG07  -4089.284239  23893.891071  10847.208389    -13.861203  3  5  5  71       
PG08 -13699.457567   7154.275194  21487.121818    454.365750  4  5  5  31       
PG09   3173.142530  22509.660180 -13774.481543    516.335844  4  3  6  70       
PG10 -18114.169388 -10601.401803  16711.414935   -263.688195  2  5  5  58       
PG11  17572.412019  -2862.183796 -19648.724386   -752.348704  4  5  5  40       
PG12  18590.556480 -10481.722470 -16073.177407   -562.629016  5  4  2  75       
PG13  16424.689910   2814.403313  20505.873222    692.463413  4  4  4  72       
PG14  14415.930288  13086.612464  18215.879970    574.071573  4  6  3  82       
PG15  12247.404212  -9459.414869  21069.748425    247.989035  4  2  5  87       
PG16 -26766.788369  -1212.426398    505.037421    -85.556608  3  5  3  56       
PG17  12844.648458  23095.183638   -584.881417    488.331605  3  7  4  84       
PG18   3186.194596 -23059.265395  12608.408451   -658.857999  5  7  4  72       
PG19  16903.675506  17754.677618 -10891.808923    582.477757  6  7  5  52       
PG20  25508.100989   -308.880224  -7059.453144    367.321647  4  4  4  59       
PG21 -16426.094915  16069.536623  12649.674689    100.055003  2  5  5  32       
PG22  20434.474548  10625.387374  13334.640155    -90.601126  4  5  3  59       
PG23  -3238.108802 -14552.164678  22037.893740    397.730754  4  6  5  56       
PG24  14527.864425 -20498.990939   7493.581519   -467.101162  4  2  1  57       
PG25   4837.527182 -15530.988376 -21316.568516    497.203852  6  4  3  89       
PG26 -24190.612115  -5042.674946 -10426.131254    -35.899483  3  6  5  25       
PG27 -18419.840770  -5164.437135  18298.592255    -33.437526  3  5  7  75       
PG28 -10713.195378 -11779.164840 -21273.644655   -527.385846  3  6  4  77       
PG29  -1355.391105 -22815.367239 -13471.442757   -549.871563  7  7  7  76       
PG30   5730.388701  18205.246323  18515.264820   -245.986742  2  4  4  67       
PG31 -16216.815069  -1967.013165 -21248.902958   -218.541185  5  5  4  61       
PG32 -16539.478740 -20377.556606  -4522.942269   -547.159890  6  6  4  78       
*  2025  1  5  8 45  0.00000000
PG01 -15931.353576  20501.988538   5598.454782 999999.999999 10 10  1           
PG02 -14219.029299  20294.778605   9464.979607   -275.293094  2  6  4  44       
PG03 -17245.256942  12219.108036 -16177.051965    639.895552  2  6  6  51       
PG04  -6656.140754  15530.432725 -20435.207846    507.145295  5  5  6  29       
PG05  25899.586863  -5414.572086   2520.604007   -198.108400  3  1  3   3       
PG06   9940.986876  11906.781655 -21468.064568    -96.360617  5  5  3  64       
PG07  -4801.916789  24701.806353   8280.953445    -13.860969  3  4  6  64       
PG08 -15124.277059   5140.474181  21147.543486    454.373070  4  5  6  65       
PG09   2053.530842  21237.781910 -15867.962665    516.349635  4  3  6  42       
PG10 -16167.145459 -10798.678859  18482.636752   -263.702578  2  5  5  43       
PG11  16525.492550   -791.569892 -20723.341596   -752.348168  5  5  5  57       
PG12  20265.478795 -10287.925505 -13998.852091   -562.630991  5  3  2  56       
PG13  17339.127213   4945.645151  19351.055726    692.464650  4  4  4  57       
PG14  12272.475659  13304.780761  19559.661327    574.078122  4  6  3  79       
PG15  13927.924136  -7590.840590  20799.669464    247.993411  4  2  4  81       
PG16 -26697.078556  -1432.400740  -2320.836965    -85.548378  3  5  3  56       
PG17  12595.651058  23177.077669   2291.375592    488.316103  3  6  4  79       
PG18   3966.444190 -24120.874083  10134.026968   -658.857032  5  6  4  59       
PG19  17234.271481  18788.915359  -8341.143016    582.482035  6  7  4  59       
PG20  24624.740182    173.875101  -9691.614453    367.321403  5  4  4  31       
PG21 -16104.004589  14520.196469  14907.462067    100.056496  2  5  4  33       
PG22  18827.402507  10782.330493  15491.445879    -90.603230  4  4  3  67       
PG23   -737.380893 -14765.847792  22101.206616    397.737610  4  6  5  79       
PG24  14464.800786 -19370.452857  10062.251295   -467.097844  4  2  1  67       
PG25   7166.653158 -15634.586471 -20534.495300    497.203373  6  4  3  90       
PG26 -22947.997924  -5488.389088 -12753.229383    -35.912962  3  6  5  28       
PG27 -19448.581117  -6931.284856  16640.438632    -33.437098  3  6  7  42       
PG28  -9650.487964 -13916.102019 -20476.003344   -527.394805  2  6  4  91       
PG29   -387.951762 -21453.948417 -15618.464051   -549.868720  7  7  7  76       
PG30   4661.883872  19928.097439  16937.719388   -245.979255  2  4  4  30       
PG31 -15122.725832  -4108.004415 -21717.750448   -218.540378  4  5  4  51       
PG32 -16561.534810 -20820.451948  -1701.984499   -547.153896  6  6  5  84       
*  2025  1  5  9  0  0.00000000
PG01 -15784.966091  19683.300972   8302.079897 999999.999999 10 10  3           
PG02 -14072.735586  19105.736905  11984.755926   -275.284861  2  6  4  58       
PG03 -18951.122331  12291.005131 -14042.626250    639.902521  2  5  6  58       
PG04  -8097.269134  13620.278614 -21273.241316    507.150656  5  5  5  74       
PG05  26076.646721  -5230.789924   -354.880058   -198.109592  4  1  4  50       
PG06   8912.871506  14093.763821 -20568.883785    -96.385184  5  5  3  74       
PG07  -5361.288875  25270.617063   5571.124247    -13.860208  3  4  6  68       
PG08 -16608.475175   3250.808652  20441.705467    454.380404  4  5  6  52       
PG09    732.874237  19852.969352 -17689.306994    516.363446  5  4  6  76       
PG10 -14053.945227 -11128.661824  19945.115614   -263.717013  2  5  5  50       
PG11  15545.198553   1422.579542 -21439.650641   -752.347626  6  6  5  50       
PG12  21704.134282 -10168.389487 -11687.188683   -562.633159  5  3  1  56       
PG13  18293.472931   6889.087490  17859.047417    692.465656  4  4  4  64       
PG14  10009.074407  13642.892849  20570.236191    574.084701  3  5  3  80       
PG15  15654.964146  -5841.977056  20154.971452    247.997392  4  2  5  78       
PG16 -26325.816558  -1663.607183  -5108.011096    -85.540069  4  5  3  44       
PG17  12175.440469  22999.540599   5127.867492    488.300776  3  6  4  86       
PG18   4569.919934 -24956.927876   7483.301895   -658.856055  5  6  4  54       
PG19  17468.904494  19552.562707  -5651.128844    582.485956  6  6  3  80       
PG20  23490.369069    786.957679 -12155.148661    367.321041  5  4  4  29       
PG21 -15785.110105  12733.845659  16901.500603    100.057522  2  5  5   7       
PG22  17006.895389  11027.228636  17384.636043    -90.604975  5  4  4  69       
PG23   1735.730793 -15116.434069  21785.519635    397.744426  4  5  5  86       
PG24  14370.314412 -17966.640196  12450.203285   -467.094489  4  2  2  69       
PG25   9385.770875 -15841.748088 -19407.909299    497.202891  6  4  3  88       
PG26 -21485.884709  -6043.635264 -14867.170955    -35.926424  3  6  5  65       
PG27 -20441.886378  -8475.102662  14694.525480    -33.436659  3  6  7  58       
PG28  -8740.864199 -16003.098449 -19326.485228   -527.403746  2  6  4  79       
PG29    772.574893 -19954.174428 -17496.091854   -549.865844  7  6  7  90       
PG30   3751.275205  21523.607636  15068.900230   -245.971739  3  4  4  56       
PG31 -14126.636513  -6334.981163 -21822.055100   -218.539787  4  5  5  77       
PG32 -16413.886398 -21006.333877   1147.970136   -547.147919  5  6  5  77       
*  2025  1  5  9 15  0.00000000
PG01 -15560.463390  18585.790267  10862.840870 999999.999999 10 11  6           
PG02 -13918.932228  17650.788350  14298.865197   -275.276684  2  6  4  45       
PG03 -20400.622363  12412.268435 -11667.548055    639.909502  1  6  6  58       
PG04  -9682.844781  11732.086482 -21743.819413    507.156027  5  5  5  46       
PG05  25946.822357  -4982.851849  -3224.300140   -198.110461  4  1  4  26       
PG06   8051.656354  16220.512811 -19312.530114    -96.409751  5  5  3  82       
PG07  -5792.753565  25571.181756   2764.011047    -13.859707  3  3  6  55       
PG08 -18115.540842   1515.546183  19383.237740    454.387758  5  5  7  52       
PG09   -783.748301  18399.537148 -19207.632077    516.377233  5  4  6  81       
PG10 -11819.030561 -11606.012172  21074.135918   -263.731455  2  5  5  59       
PG11  14660.653079   3740.798502 -21785.399958   -752.347002  6  6  5  42       
PG12  22879.488000 -10091.266077  -9176.776479   -562.634820  4  3  1  66       
PG13  19249.663919   8616.820069  16056.817429    692.466855  5  4  4  69       
PG14   7670.624451  14109.082088  21229.833299    574.091334  3  5  4  65       
PG15  17387.986818  -4240.554964  19148.200414    248.001581  5  2  4  76       
PG16 -25663.050183  -1942.252727  -7810.275272    -85.531487  4  5  3  65       
PG17  11558.392753  22591.160882   7875.779637    488.285792  3  5  4  83       
PG18   5020.440665 -25534.293871   4702.212690   -658.855124  5  6  4  45       
PG19  17569.313824  20051.102606  -2866.665917    582.489896  7  6  3  73       
PG20  22138.359973   1553.123169 -14407.124703    367.320696  5  4  4  43       
PG21 -15505.690315  10739.467901  18599.439246    100.059255  2  5  4  48       
PG22  15010.675844  11383.469246  18983.451805    -90.606922  5  4  4  69       
PG23   4132.130475 -15592.053395  21095.525522    397.751197  4  4  5  83       
PG24  14280.033674 -16303.998900  14613.896936   -467.091150  4  2  2  65       
PG25  11454.314170 -16131.779269 -17954.518566    497.202399  6  4  3  85       
PG26 -19838.025282  -6728.109114 -16732.539336    -35.939898  3  6  5  71       
PG27 -21358.538032  -9783.920291  12495.795146    -33.436263  4  6  6  69       
PG28  -7986.375884 -17992.934731 -17844.805466   -527.412674  2  6  4  72       
PG29   2126.368434 -18361.280460 -19072.284187   -549.862440  8  6  7  91       
PG30   2990.644631  22949.866905  12940.201325   -245.964229  3  4  4  42       
PG31 -13248.858331  -8605.581093 -21559.046074   -218.538938  4  5  5  68       
PG32 -16066.914553 -20958.083606   3978.460164   -547.141982  5  6  5  84       
*  2025  1  5  9 30  0.00000000
PG01 -15296.999469  17215.985842  13236.692907 999999.999999 11 11  7           
PG02 -13794.636774  15952.073524  16369.161901   -275.268710  3  6  3  64       
PG03 -21570.305585  12545.627020  -9092.080433    639.916482  1  6  6  59       
PG04 -11386.819811   9907.908589 -21839.267448    507.161454  5  5  5  82       
PG05  25523.514334  -4634.665315  -6038.594564   -198.111726  5  1  4  66       
PG06   7357.332717  18237.109644 -17720.633917    -96.434358  5  4  3  86       
PG07  -6126.603084  25581.526778    -91.683683    -13.859060  3  2  6  68       
PG08 -19605.376061    -42.332441  17991.735324    454.395055  5  5  7  63       
PG09  -2482.997657  16921.388845 -20397.287185    516.391005  5  5  6  75       
PG10  -9509.745344 -12237.417803  21850.348020   -263.745988  2  5  5  63       
PG11  13894.242535   6118.914961 -21754.774259   -752.346463  7  6  5  60       
PG12  23772.061657 -10021.083834  -6509.802826   -562.636924  4  3  1  49       
PG13  20166.637744  10109.177809  13976.583166    692.468098  5  4  4  67       
PG14   5303.649768  14703.777056  21526.568631    574.097912  3  5  4  81       
PG15  19083.623243  -2806.674152  17798.585167    248.005813  5  3  5  67       
PG16 -24726.714214  -2302.131218 -10383.085443    -85.522995  4  6  3  66       
PG17  10725.501572  21986.421295  10488.334908    488.270376  3  4  4  66       
PG18   5347.729486 -25826.826704   1839.134558   -658.854164  5  5  4  54       
PG19  17500.006690  20297.988500    -34.252691    582.494423  7  6  3  75       
PG20  20607.579057   2488.367982 -16408.316176    367.320744  6  4  4  55       
PG21 -15297.194931   8572.623150  19974.803589    100.060617  3  5  5  67       
PG22  12880.924566  11867.769488  20262.312746    -90.608723  4  4  4  73       
PG23   6405.628189 -16172.921847  20042.366853    397.757999  4  3  4  78       
PG24  14227.027875 -14407.443525  16513.798893   -467.087783  4  2  2  68       
PG25  13336.395217 -16477.782513 -16197.574546    497.201925  6  4  4  81       
PG26 -18042.508440  -7555.115913 -18317.917286    -35.953353  3  7  5  91       
PG27 -22157.456515 -10854.456597  10083.163403    -33.435854  5  7  6  46       
PG28  -7380.964728 -19839.893078 -16056.386139   -527.421655  1  6  4  74       
PG29   3665.169496 -16721.120781 -20320.266118   -549.859174  8  6  6  87       
PG30   2364.938975  24168.530161  10587.702335   -245.956783  3  3  4  25       
PG31 -12502.450728 -10874.433150 -20931.999512   -218.538030  3  5  5  89       
PG32 -15496.871405 -20704.984515   6741.607351   -547.135910  5  6  6  70       
*  2025  1  5  9 45  0.00000000
PG01 -15032.808007  15589.018488  15382.817491 999999.999999 10 12  8           
PG02 -13733.015928  14039.051340  18162.080318   -275.260509  4  6  3  77       
PG03 -22445.291121  12651.116395  -6360.109880    639.923487  2  6  6  70       
PG04 -13176.471643   8185.032488 -21558.407318    507.166774  5  5  5  55       
PG05  24828.330541  -4153.694305  -8749.835894   -198.113117  5  1  4  12       
PG06   6821.313712  20095.654555 -15820.732925    -96.458954  5  4  3  71       
PG07  -6396.719176  25287.866092  -2945.699446    -13.858627  3  2  6  77       
PG08 -21035.792790  -1407.770104  16292.328533    454.402383  6  6  7  27       
PG09  -4343.610644  15460.387019 -21238.261669    516.404723  5  5  6  26       
PG10  -7174.717414 -13021.217725  22260.094109   -263.760412  3  5  5  43       
PG11  13260.804565   8509.572874 -21348.484995   -752.345868  7  7  4  76       
PG12  24370.614885  -9920.244813  -3731.397060   -562.638971  4  3  2  43       
PG13  21001.969837  11355.248340  11655.174350    692.469280  5  5  4  68       
PG14   2954.709852  15419.578679  21454.685089    574.104447  3  5  4  79       
PG15  20697.348052  -1552.227785  16131.566658    248.010013  5  3  4  63       
PG16 -23541.958717  -2773.213982 -12784.200762    -85.514248  4  6  3  47       
PG17   9665.228664  21224.232774  12921.557629    488.255358  4  3  4  46       
PG18   5586.048460 -25816.426208  -1056.030550   -658.853232  5  4  4  82       
PG19  17229.716064  20314.022381   2798.720224    582.498352  7  5  2  80       
PG20  18940.921006   3601.100408 -18123.908999    367.320059  6  4  5  66       
PG21 -15185.031315   6274.121661  21007.242486    100.061337  3  5  5  60       
PG22  10662.805053  12489.484341  21201.126331    -90.610671  4  4  4  84       
PG23   8514.537068 -16832.081109  18643.495067    397.764817  4  3  3  74       
PG24  14240.298498 -12309.547962  18115.231077   -467.084444  3  2  2  48       
PG25  15002.011856 -16847.687422 -14165.590090    497.201437  6  5  4  72       
PG26 -16140.450415  -8530.900048 -19596.381436    -35.966799  3  7  5  70       
PG27 -22799.301947 -11691.957270   7498.781466    -33.435340  5  7  6  78       
PG28  -6910.845426 -21501.388106 -13991.924527   -527.430609  1  6  4  91       
PG29   5372.428483 -15078.464122 -21218.965731   -549.856333  7  5  5  96       
PG30   1852.708761  25146.255950   8051.587590   -245.949249  4  4  4  65       
PG31 -11892.768697 -13094.671504 -19950.264047   -218.537640  4  4  5  89       
PG32 -14686.906439 -20281.469525   9390.884463   -547.129937  5  6  6  87       
*  2025  1  5 10  0  0.00000000
PG01 -14803.604390  13728.196081  17264.322711 999999.999999 10 12  9           
PG02 -13762.062898  11947.452886  19649.067663   -275.252135  4  7  4  50       
PG03 -23019.750611  12687.762249  -3518.421850    639.930510  2  6  6  75       
PG04 -15013.542613   6594.694322 -20906.545683    507.172111  4  5  5  69       
PG05  23890.207709  -3512.384766 -11312.021596   -198.113659  6  1  4  53       
PG06   6426.918697  21752.012946 -13645.789191    -96.483585  5  4  4  53       
PG07  -6639.045966  24685.322731  -5747.151591    -13.858130  3  1  6  83       
PG08 -22364.082736  -2573.954713  14315.172634    454.409727  6  6  7  29       
PG09  -6337.040542  14054.819587 -21716.497434    516.418504  5  5  6  54       
PG10  -4862.212261 -13947.338854  22295.660993   -263.774918  3  4  5  58       
PG11  12767.123948  10863.879639 -20573.745411   -752.345337  7  7  4  83       
PG12  24672.530788  -9750.626941   -888.907538   -562.641139  4  3  1  54       
PG13  21713.558707  12353.035092   9133.330306    692.470308  5  5  4  63       
PG14    668.803319  16241.447629  21014.695199    574.111052  3  5  4  60       
PG15  22185.194757   -480.684679  14178.199500    248.013792  6  4  4  64       
PG16 -22140.239949  -3380.391558 -14974.277744    -85.505919  4  6  3  42       
PG17   8374.057616  20346.337622  15134.957758    488.239899  4  3  4  53       
PG18   5772.649857 -25493.790329  -3932.757673   -658.852264  5  4  4  76       
PG19  16732.719478  20126.471887   5584.696280    582.502225  7  4  2  82       
PG20  17183.696862   4891.616837 -19524.126124    367.320112  6  5  5  68       
PG21 -15187.640409   3888.544511  21682.637899    100.062875  3  5  5  51       
PG22   8402.908903  13250.205014  21785.506284    -90.612606  4  4  4  89       
PG23  10423.107335 -17536.434492  16922.417388    397.771601  3  2  3  80       
PG24  14343.448770 -10049.409308  19389.112309   -467.081120  3  2  3  80       
PG25  16428.056254 -17205.502151 -11891.966186    497.200967  6  4  4  79       
PG26 -14174.582548  -9654.235419 -20545.940260    -35.980254  3  7  5  69       
PG27 -23247.995135 -12309.715648   4787.273316    -33.434790  6  7  5 103       
PG28  -6555.195310 -22939.488144 -11686.870725   -527.439574  1  6  3  93       
PG29   7223.778318 -13475.350088 -21753.348297   -549.853134  7  5  5  87       
PG30   1427.110285  25855.975266   5375.476914   -245.941771  4  4  4  61       
PG31 -11417.303507 -15219.527861 -18629.195905   -218.536709  3  4  5  96       
PG32 -13627.834950 -19725.698232  11881.847401   -547.123955  5  6  6  17       
*  2025  1  5 10 15  0.00000000
PG01 -14641.096627  11664.271279  18848.875174 999999.999999 10 13  9           
PG02 -13903.504484   9718.031673  20806.918207   -275.243939  5  6  3  53       
PG03 -23297.052214  12615.324963   -615.912164    639.937538  3  6  6  63       
PG04 -16855.598613   5161.040463 -19895.350379    507.177448  4  5  5  57       
PG05  22744.274137  -2689.392939 -13681.821378   -198.114958  6  1  4  52       
PG06   6150.186615  23167.424920 -11233.603854    -96.508213  5  4  4  71       
PG07  -6889.946115  23778.308457  -8445.525439    -13.857219  3  1  5  78       
PG08 -23548.599366  -3542.320735  12094.870488    454.417014  6  6  7  62       
PG09  -8428.377087  12738.019216 -21824.102363    516.432312  5  5  6  60       
PG10  -2618.495069 -14997.550724  21955.454660   -263.789373  4  4  5  73       
PG11  12411.755073  13133.115231 -19444.131529   -752.344804  8  6  4  83       
PG12  24683.885722  -9475.232353   1968.879686   -562.643007  4  3  1  67       
PG13  22261.292480  13109.276906   6454.947023    692.471186  5  5  3  51       
PG14  -1512.174665  17147.198470  20213.421516    574.117626  3  4  4  66       
PG15  23505.435884    412.769526  11974.448372    248.017819  6  4  4  57       
PG16 -20558.206989  -4142.406716 -16917.418962    -85.497236  5  6  3  79       
PG17   6856.737832  19395.646399  17092.129351    488.224646  4  2  3  45       
PG18   5946.107270 -24858.831277  -6740.818474   -658.851348  5  3  4  71       
PG19  15989.971109  19767.955696   8276.691747    582.506340  6  3  3  85       
PG20  15381.939801   6351.904870 -20584.756820    367.319712  7  5  4  44       
PG21 -15315.881557   1462.674676  21993.094186    100.064233  3  5  4  64       
PG22   6147.677261  14143.655173  22006.904236    -90.614689  3  4  4  77       
PG23  12102.740096 -18248.042391  14908.332613    397.778399  3  2  2  78       
PG24  14553.594685  -7671.234204  20312.569347   -467.077779  3  2  3  84       
PG25  17599.083448 -17512.744643  -9414.525898    497.200489  5  4  3  66       
PG26 -12187.783396 -10916.293549 -21149.909878    -35.993591  3  7  5  96       
PG27 -23472.104064 -12728.303784   1994.962995    -33.434228  7  7  5  75       
PG28  -6287.123689 -24122.268859  -9180.823029   -527.448526  1  6  3  62       
PG29   9187.811743 -11949.568970 -21914.644949   -549.850163  7  4  4  78       
PG30   1057.134168  26277.937334   2605.677909   -245.934258  4  4  4  81       
PG31 -11065.828186 -17203.946293 -16989.998608   -218.536002  3  3  5  97       
PG32 -12318.623642 -19078.017646  14172.823628   -547.118026  4  6  6  60       
*  2025  1  5 10 30  0.00000000
PG01 -14571.663050   9434.429075  20109.252880 999999.999999 10 13  9           
PG02 -14171.969508   7395.160739  21618.013299   -275.236075  5  6  3  69       
PG03 -23289.557185  12396.036637   2297.253379    639.944610  3  6  5  62       
PG04 -18657.553441   3900.375071 -18542.619373    507.182714  4  5  5  56       
PG05  21430.498712  -1670.572103 -15819.271346   -198.115597  7  1  4  90       
PG06   5960.985328  24309.914068  -8626.140921    -96.532841  5  4  4  80       
PG07  -7184.510239  22580.532042 -10991.706070    -13.856722  3  1  5  74       
PG08 -24550.293162  -4322.238534   9669.841484    454.424283  6  5  7  37       
PG09 -10577.510787  11537.186456 -21559.463038    516.446078  5  5  5  84       
PG10   -486.258444 -16146.033577  21244.091263   -263.803930  4  4  4  55       
PG11  12185.176581  15270.437073 -17979.332406   -752.344230  8  6  3  59       
PG12  24419.194681  -9059.818051   4792.569697   -562.645078  4  3  2  24       
PG13  22608.632705  13638.938429   3666.290123    692.472454  5  5  4  56       
PG14  -3550.862463  18108.285321  19063.930761    574.124263  3  4  4  50       
PG15  24620.156808   1140.748472   9560.404030    248.022074  6  4  4  41       
PG16 -18836.422488  -5071.012482 -18581.674610    -85.488814  5  6  3  22       
PG17   5126.217596  18414.572116  18761.260224    488.209236  5  3  3  35       
PG18   6144.595366 -23920.736908  -9431.197204   -658.850380  6  3  4  95       
PG19  14990.004680  19275.134582  10829.039425    582.510460  6  3  3  71       
PG20  13580.696829   7965.781533 -21287.580374    367.319281  7  5  4  75       
PG21 -15572.732047   -956.099661  21936.824544    100.065562  3  5  4  67       
PG22   3941.852642  15155.882418  21862.659534    -90.616663  3  4  4  61       
PG23  13532.931664 -18925.628965  12635.659017    397.785244  3  2  2  57       
PG24  14880.568716  -5222.711508  20869.398245   -467.074404  3  2  3  67       
PG25  18507.805302 -17730.004135  -6774.955886    497.199991  5  4  3  72       
PG26 -10221.605916 -12300.797351 -21397.221697    -36.007060  3  7  5  56       
PG27 -23446.048609 -12974.550398   -830.895291    -33.433730  7  7  5  72       
PG28  -6074.883061 -25024.947201  -6516.851092   -527.457528  1  6  2  86       
PG29  11227.132267 -10533.321854 -21700.474093   -549.846883  6  4  4  88       
PG30    709.013298  26400.486908   -209.627858   -245.926740  4  4  4  80       
PG31 -10820.848527 -19006.161947 -15059.463145   -218.535483  3  3  5  75       
PG32 -10766.578502 -18379.363249  16225.550016   -547.112102  4  6  6  70       
*  2025  1  5 10 45  0.00000000
PG01 -14615.248099   7081.032726  21023.809918 999999.999999 10 13  9           
PG02 -14574.439646   5025.329393  22070.473399   -275.227698  5  6  3  54       
PG03 -23018.073183  11996.261179   5170.516890    639.951643  3  5  5  72       
PG04 -20373.299778   2820.719711 -16871.948203    507.188051  4  5  5  66       
PG05  19992.178220   -449.682805 -17688.406490   -198.116707  7  2  4  71       
PG06   5824.371777  25155.439238  -5868.773442    -96.557501  5  4  4  75       
PG07  -7554.895618  21114.623320 -13339.014780    -13.856364  4  1  5  68       
PG08 -25334.144684  -4930.410118   7081.649423    454.431656  6  5  6  46       
PG09 -12740.497779  10472.459363 -20927.256379    516.459835  4  5  4  54       
PG10   1496.827697 -17360.244616  20172.399171   -263.818467  4  4  4  65       
PG11  12070.270710  17232.515169 -16204.794978   -752.343729  7  6  3  82       
PG12  23900.836139  -8474.443780   7533.021880   -562.647136  4  3  2  37       
PG13  22724.056466  13964.397648    815.189052    692.473600  5  5  4  49       
PG14  -5415.694022  19090.852322  17585.359245    574.130861  3  4  4  56       
PG15  25496.660034   1722.869700   6979.444281    248.026185  6  4  4  54       
PG16 -17017.960229  -6170.381851 -19939.495320    -85.480426  5  6  3  26       
PG17   3203.276331  17443.422335  20115.552234    488.194197  5  3  2  68       
PG18   6404.189316 -22697.674303 -11956.983443   -658.849471  6  3  5 100       
PG19  13729.571550  18687.252673  13198.128785    582.514712  6  2  3  63       
PG20  11822.374607   9709.360952 -21620.676571    367.319139  7  5  4  77       
PG21 -15953.295131  -3321.352504  21517.952382    100.066633  4  5  4  44       
PG22   1827.012498  16265.733197  21355.972097    -90.618215  3  4  4  72       
PG23  14701.908957 -19526.242399  10143.460162    397.792045  3  2  2  63       
PG24  15326.452521  -2753.245955  21050.363085   -467.071014  3  2  4  63       
PG25  19155.284215 -17818.576061  -4018.158337    497.199503  5  4  3  70       
PG26  -8314.851407 -13784.459226 -21282.655633    -36.020522  3  7  5  62       
PG27 -23151.084323 -13080.309396  -3642.873505    -33.433371  7  7  5  64       
PG28  -5883.275042 -25630.752003  -3740.758101   -527.466485  1  6  2  79       
PG29  13299.637828  -9252.110461 -21114.855528   -549.843950  6  4  3  82       
PG30    347.754384  26220.537792  -3021.249801   -245.919260  4  4  4  82       
PG31 -10658.349103 -20589.184021 -12869.605917   -218.534677  2  2  4  83       
PG32  -8987.230396 -17669.658013  18005.754237   -547.106169  3  6  6  28       
*  2025  1  5 11  0  0.00000000
PG01 -14784.518975   4650.175829  21576.845341 999999.999999  9 13  9           
PG02 -15109.993477   2655.592881  22158.228786   -275.219678  4  6  2  47       
PG03 -22510.982392  11388.009670   7953.827714    639.958716  3  5  5  47       
PG04 -21957.384219   1921.699003 -14912.303301    507.193401  4  5  5  62       
PG05  18474.319830    971.197985 -19257.824324   -198.117890  7  2  3  67       
PG06   5702.147413  25688.743572  -3009.467260    -96.582146  5  5  4  72       
PG07  -8028.772289  19411.379076 -15444.220165    -13.855800  4  2  5  31       
PG08 -25870.445591  -5389.999718   4374.301217    454.439042  6  4  6  23       
PG09 -14871.074367   9556.263008 -19938.361087    516.473617  4  4  4   1       
PG10   3299.390245 -18602.056576  18757.326990   -263.832927  3  4  4  67       
PG11  12043.107205  18981.035023 -14151.270617   -752.343123  7  6  2  84       
PG12  23158.173119  -7694.873137  10142.231959   -562.648936  4  3  2  54       
PG13  22582.304885  14114.367424  -2049.773334    692.474692  5  4  5  73       
PG14  -7081.942882  20057.011318  15802.629031    574.137441  3  3  4  39       
PG15  26108.647132   2184.691400   4277.364573    248.030213  6  4  3  48       
PG16 -15146.925317  -7436.788449 -20968.134377    -85.471667  5  6  3  74       
PG17   1115.876077  16518.904986  21133.553475    488.178933  6  3  2  67       
PG18   6757.254195 -21216.147626 -14274.222629   -658.848506  6  3  5  95       
PG19  12213.986441  18044.579664  15343.132997    582.519082  6  2  3  75       
PG20  10145.204949  11551.832364 -21578.617961    367.318726  7  5  3  56       
PG21 -16445.100234  -5589.107011  20746.244342    100.067887  4  5  3  77       
PG22   -159.768143  17445.590922  20495.802939    -90.620185  3  4  3  65       
PG23  15606.928323 -20007.003802   7474.776999    397.798840  3  3  2           
PG24  15885.457967   -312.133815  20853.325860   -467.067634  4  2  4  61       
PG25  19550.811443 -17742.107925  -1191.518988    497.198997  5  4  3  45       
PG26  -6502.241445 -15337.692499 -20806.992517    -36.034019  3  7  5  71       
PG27 -22576.035526 -13081.068015  -6394.103675    -33.432972  7  6  5  76       
PG28  -5675.196116 -25931.497568   -900.294499   -527.475468  1  6  2  83       
PG29  15359.987872  -8123.896958 -20168.118831   -549.840940  6  4  2  77       
PG30    -61.269128  25743.719359  -5779.887001   -245.911801  3  4  4  88       
PG31 -10548.812124 -21922.124575 -10457.203619   -218.534057  2  2  4  74       
PG32  -7003.923954 -16986.266232  19483.674660   -547.100174  3  6  6  37       
*  2025  1  5 11 15  0.00000000
PG01 -15084.315815   2190.095563  21758.870253 999999.999999  9 14  8           
PG02 -15769.844947    332.027279  21881.015603   -275.211379  4  6  1  56       
PG03 -21803.076158  10550.247831  10598.545671    639.965803  4  5  6  45       
PG04 -23366.662767   1194.753760 -12697.509755    507.198753  5  6  5  65       
PG05  16921.978548   2581.582330 -20501.173670   -198.119022  8  3  3  54       
PG06   5554.545381  25903.867539    -97.918927    -96.606793  5  5  4  62       
PG07  -8627.952102  17508.656559 -17268.490368    -13.855402  5  2  5  64       
PG08 -26135.884174  -5729.535682   1593.527052    454.446432  6  4  6  49       
PG09 -16922.265215   8792.961913 -18609.670911    516.487411  4  5  4  50       
PG10   4897.401746 -19829.132291  17021.753044   -263.847426  2  3  4  54       
PG11  12073.999903  20484.011282 -11854.272120   -752.342522  6  5  2  86       
PG12  22226.400257  -6703.767872  12574.215477   -562.651081  5  3  2  37       
PG13  22165.394689  14122.596481  -4880.062983    692.475803  4  4  5  67       
PG14  -8532.505623  20966.299437  13746.056393    574.144021  3  3  3  27       
PG15  26437.137735   2556.434363   1501.501047    248.034364  6  4  3  29       
PG16 -13266.945073  -8858.569653 -21649.996909    -85.463240  6  6  4  59       
PG17  -1101.739233  15672.797484  21799.405037    488.163248  6  3  1  50       
PG18   7230.990596 -19510.036854 -16342.706604   -658.847507  6  3  5  74       
PG19  10457.162599  17386.809469  17226.712227    582.523279  6  3  2  49       
PG20   8581.890135  13456.516764 -21162.541642    367.318215  7  4  3  70       
PG21 -17028.671007  -7719.197691  19636.789886    100.069258  5  5  2  61       
PG22  -1987.082629  18662.349593  19296.706427    -90.622254  4  4  3  67       
PG23  16254.223431 -20326.875017   4675.877266    397.805625  3  4  3  43       
PG24  16544.158060   2053.236845  20283.208172   -467.064255  4  3  4  49       
PG25  19711.466876 -17468.190200   1655.899711    497.198469  5  3  3  46       
PG26  -4813.236955 -16925.575558 -19977.079282    -36.047457  3  7  5  69       
PG27 -21717.756856 -13014.446891  -9038.982414    -33.432603  7  6  5  80       
PG28  -5413.262783 -25927.837965   1955.663318   -527.484415  1  6  2  26       
PG29  17361.198158  -7158.563492 -18876.709062   -549.837955  7  3  2  75       
PG30   -550.728850  24984.186416  -8437.041482   -245.904300  3  4  4  68       
PG31 -10458.475360 -22981.318323  -7863.226742   -218.533170  2  1  4  69       
PG32  -4847.125053 -16362.556568  20634.514292   -547.094266  2  6  5  68       
*  2025  1  5 11 30  0.00000000
PG01 -15511.416653   -250.492560  21566.768822 999999.999999  8 14  8           
PG02 -16537.668530  -1901.760383  21244.303366   -275.203280  3  6  2  65       
PG03 -20934.140509   9469.939885  13058.329727    639.972925  4  5  5  59       
PG04 -24561.874482    623.670807 -10265.663113    507.204082  6  5  5  52       
PG05  15378.610274   4362.793744 -21397.563646   -198.119688  8  3  3  67       
PG06   5341.980721  25804.306582   2815.334719    -96.631449  4  4  4  72       
PG07  -9367.269150  15449.959774 -18778.253617    -13.854488  5  2  5  52       
PG08 -26114.399778  -5981.626968  -1213.948327    454.453806  6  3  6  51       
PG09 -18848.025846   8178.827365 -16963.812838    516.501179  4  5  3  45       
PG10   6274.961142 -20996.489198  14994.192889   -263.861906  1  3  3  71       
PG11  12128.793626  21716.862621  -9353.451307   -752.341971  6  5  1  84       
PG12  21145.158948  -5491.622131  14785.873728   -562.652704  5  3  2  47       
PG13  21463.359284  14026.401897  -7627.977319    692.476860  4  3  6  79       
PG14  -9758.391798  21777.261084  11450.856500    574.150570  3  3  3  58       
PG15  26471.098060   2871.548306  -1300.133742    248.038362  6  4  4  69       
PG16 -11419.679787 -10416.375550 -21972.932884    -85.454861  6  6  4  68       
PG17  -3410.161022  14930.821412  22103.005738    488.148199  6  3  2  73       
PG18   7846.195814 -17619.357258 -18126.688185   -658.846485  5  3  5  86       
PG19   8481.328656  16751.474006  18815.681507    582.527524  6  3  2  62       
PG20   7158.480323  15382.159441 -20380.100912    367.318045  7  4  2  74       
PG21 -17678.330792  -9676.470570  18209.640025    100.070893  5  5  2  62       
PG22  -3630.150790  19878.588711  17778.597665    -90.624054  4  4  3  64       
PG23  16658.602135 -20448.373738   1795.435679    397.812429  3  4  3  55       
PG24  17282.052013   4299.081879  19351.791903   -467.060842  4  3  4  44       
PG25  19661.370175 -16969.825592   4474.227808    497.197975  5  3  3  61       
PG26  -3271.049820 -18509.038450 -18805.800905    -36.060932  3  7  5  63       
PG27 -20581.312096 -12918.646069 -11533.840573    -33.432240  7  6  5  79       
PG28  -5061.452452 -25629.192047   4777.955096   -527.493346  1  6  1  45       
PG29  19256.303219  -6357.689807 -17262.894139   -549.834709  8  2  2  72       
PG30  -1149.824946  23964.097191 -10945.925614   -245.896832  3  4  4  63       
PG31 -10350.784359 -23751.184540  -5132.176235   -218.532243  2  1  4  84       
PG32  -2553.471352 -15826.624650  21438.824739   -547.088356  2  6  5  60       
*  2025  1  5 11 45  0.00000000
PG01 -16054.626340  -2624.075272  21003.850660 999999.999999  8 14  6           
PG02 -17390.195352  -4006.020045  20259.159274   -275.195233  3  6  3  77       
PG03 -19947.348001   8142.783218  15289.993126    639.980031  4  5  5  48       
PG04 -25509.074559    185.406893  -7658.475626    507.209400  7  5  5  62       
PG05  13884.499937   6288.497885 -21931.888803   -198.120908  8  4  2  70       
PG06   5026.792590  25402.808628   5679.817393    -96.656069  4  4  4  76       
PG07 -10253.768257  13282.780946 -19945.936824    -13.854302  5  2  5  79       
PG08 -25797.779247  -6181.542626  -4001.134542    454.461145  6  3  6  76       
PG09 -20604.858969   7702.320075 -15028.774369    516.514968  5  5  3  57       
PG10   7424.771939 -22058.198910  12708.402918   -263.876340  1  2  3  63       
PG11  12170.330357  22663.207815  -6691.908619   -752.341442  6  5  1  74       
PG12  19956.973672  -4057.392887  16737.822090   -562.655106  5  3  2  73       
PG13  20474.696144  13865.089628 -10247.398505    692.477926  4  3  6  87       
PG14 -10758.898581  22449.092742   8956.550779    574.157162  2  3  3  68       
PG15  26207.764611   3165.184800  -4079.685392    248.042155  6  4  5  60       
PG16  -9643.402569 -12083.698911 -21930.469891    -85.446092  6  6  4  74       
PG17  -5766.108509  14311.757105  22040.098579    488.132818  6  4  2  86       
PG18   8616.290502 -15588.790835 -19595.505944   -658.845470  5  3  5  94       
PG19   6316.430635  16172.432113  20081.630515    582.531366  5  3  2  84       
PG20   5893.525427  17284.406483 -19245.299660    367.317849  7  4  2  63       
PG21 -18363.210623 -11431.791154  16489.415246    100.071869  4  5  3  45       
PG22  -5071.539178  21053.909746  15966.457659    -90.626026  4  4  3  72       
PG23  16842.706836 -20339.165542  -1116.339352    397.819173  3  4  3  64       
PG24  18072.432863   6386.740768  18077.371715   -467.057448  5  3  4  69       
PG25  19430.646730 -16226.712131   7213.703410    497.197491  5  3  4  62       
PG26  -1891.886875 -20046.232735 -17311.953744    -36.074422  3  6  5  49       
PG27 -19179.868171 -12830.891041 -13837.573790    -33.431890  7  5  5  82       
PG28  -4586.695683 -25053.341962   7517.984945   -527.502328  1  6  2  27       
PG29  21000.024327  -5714.655391 -15354.379445   -549.831739  8  2  3  71       
PG30  -1882.906037  22712.778726 -13262.342693   -245.889387  3  4  4  72       
PG31 -10187.984320 -24224.790812  -2311.331204   -218.531760  2  1  4  65       
PG32   -164.598618 -15400.220191  21882.816403   -547.082444  3  6  5  52       
*  2025  1  5 12  0  0.00000000
PG01 -16695.186066  -4885.973702  20079.793776 999999.999999  8 14  5           
PG02 -18298.057273  -5946.102027  18942.053607   -275.187111  4  6  4  64       
PG03 -18887.520202   6573.600608  17254.306174    639.987104  3  5  5  35       
PG04 -26180.873757   -148.826594  -4920.567949    507.214762  8  5  5  37       
PG05  12475.321157   8325.522168 -22095.067140   -198.121829  8  4  2  72       
PG06   4574.908312  24720.821387   8446.006818    -96.680732  4  3  4  61       
PG07 -11286.242718  11056.773512 -20750.556649    -13.853724  5  2  5  62       
PG08 -25185.977388  -6365.706029  -6721.497013    454.468407  6  3  6  27       
PG09 -22153.344998   7344.677191 -12837.445070    516.528760  5  5  3  62       
PG10   8348.293544 -22969.159743  10202.880162   -263.890821  1  1  3  62       
PG11  12160.036967  23315.353853  -3915.447082   -752.340899  5  5  1  73       
PG12  18705.571688  -2408.794786  18395.160457   -562.656870  5  3  2  71       
PG13  19206.508086  13678.322045 -12694.508834    692.478971  5  3  7  83       
PG14 -11541.460777  22943.285220   6306.286001    574.163706  3  3  2  66       
PG15  25652.661291   3472.639082  -6790.248904    248.046257  7  3  6  62       
PG16  -7971.696467 -13827.672882 -21521.980758    -85.437485  6  6  5  68       
PG17  -8123.850868  13826.823988  21612.282583    488.117467  6  4  2  81       
PG18   9546.649154 -13466.049827 -20724.107954   -658.844516  5  2  5  91       
PG19   3999.234378  15678.492792  21001.481892    582.535570  5  3  2  68       
PG20   4797.532361  19117.406466 -17778.214682    367.317734  7  4  2  53       
PG21 -19048.421812 -12962.836823  14504.890088    100.073296  4  5  4  55       
PG22  -6301.620639  22146.389888  13889.978291    -90.627904  5  4  3  62       
PG23  16835.967122 -19973.466748  -4008.614908    397.825959  4  4  2  72       
PG24  18883.512755   8283.959308  16484.276779   -467.054066  5  3  4  72       
PG25  19054.145326 -15226.281052   9825.615292    497.196978  5  2  4  47       
PG26   -684.458952 -21494.037129 -15520.016032    -36.087894  3  6  5  74       
PG27 -17534.311041 -12785.931517 -15912.230579    -33.431546  6  4  5  72       
PG28  -3960.357134 -24225.720590  10128.560771   -527.511320  2  6  2  47       
PG29  22550.380896  -5215.060593 -13183.836294   -549.828471  9  1  4  87       
PG30  -2768.284867  21265.612911 -15345.519991   -245.881908  3  4  4  83       
PG31  -9932.788963 -24404.089208    550.080979   -218.530976  3  1  4  47       
PG32   2274.217025 -15097.916846  21958.591292   -547.076463  2  5  4  85       
*  2025  1  5 12 15  0.00000000
PG01 -17407.487835  -6995.865224  18810.479064 999999.999999  6 14  1           
PG02 -19226.849569  -7693.518184  17314.609381   -275.179005  4  5  4  46       
PG03 -17799.331267   4776.370929  18916.728633    639.994148  3  5  5  58       
PG04 -26557.438610   -412.260785  -2098.717809    507.220087  8  5  6  58       
PG05  11180.879096  10434.935061 -21884.188411   -198.123136  8  4  2  72       
PG06   3957.362792  23787.613462  11066.203552    -96.705246  3  2  4  49       
PG07 -12455.144205   8821.842379 -21178.143691    -13.853048  4  2  4  79       
PG08 -24287.152514  -6570.157371  -9329.664029    454.475707  5  2  6  63       
PG09 -23459.530079   7080.781591 -10427.078649    516.542559  6  5  3  56       
PG10   9055.553282 -23686.874703   7520.260916   -263.905308  1  1  3  48       
PG11  12059.572418  23674.458888  -1071.783786   -752.340413  5  5  1  65       
PG12  17434.154771   -562.241554  19728.165893   -562.658772  6  3  2  74       
PG13  17674.336683  13504.491877 -14928.461008    692.479982  5  2  7  72       
PG14 -12121.180070  23225.196966   3546.076717    574.170251  3  3  2  69       
PG15  24819.319633   3827.820663  -9386.606384    248.050424  7  3  6  74       
PG16  -6432.314677 -15610.114597 -20752.780187    -85.428775  6  5  5  48       
PG17 -10436.710696  13479.343905  20826.953310    488.102240  5  4  3  63       
PG18  10634.259798 -11300.138643 -21493.465974   -658.843441  6  2  5  85       
PG19   1572.155549  15292.228920  21557.974274    582.539967  5  3  2  75       
PG20   3872.746020  20835.474202 -16004.613150    367.317542  6  4  2  29       
PG21 -19696.353288 -14254.656822  12288.559372    100.074695  3  5  4  63       
PG22  -7318.757906  23114.105310  11583.148572    -90.629884  5  4  3  64       
PG23  16673.286717 -19333.199456  -6830.859686    397.832719  5  4  3  58       
PG24  19679.750736   9965.887849  14602.282426   -467.050676  5  3  4  56       
PG25  18569.956835 -13964.439062  12263.250508    497.196477  5  2  4  45       
PG26    350.221324 -22809.644575 -13459.812952    -36.101339  3  6  5  68       
PG27 -15672.598456 -12814.642994 -17723.555152    -33.431217  6  4  5  72       
PG28  -3159.546848 -23178.415438  12564.710158   -527.520326  3  6  3  23       
PG29  23870.185552  -4837.449430 -10788.351903   -549.825743  9  2  4  86       
PG30  -3817.300865  19662.688800 -17158.874622   -245.874422  3  4  5  63       
PG31  -9550.058057 -24299.808446   3401.777243   -218.530441  2  1  5  11       
PG32   4715.554549 -14926.555206  21664.294881   -547.070480  2  4  4  78       
*  2025  1  5 12 30  0.00000000
PG01 -18160.066465  -8919.137370  17217.719016 999999.999999  4 14  6           
PG02 -20138.377220  -9226.788523  15403.298311   -275.170471  4  5  4  45       
PG03 -16725.526200   2773.894350  20248.055067    640.001201  3  5  5  65       
PG04 -26627.215903   -641.098829    758.922537    507.225402  9  5  6  44       
PG05  10024.081738  12573.346831 -21302.570757   -198.123770  8  4  1  60       
PG06   3151.613314  22639.106169  13495.359035    -96.729810  3  1  3  41       
PG07 -13742.868049   6626.241227 -21221.987874    -13.852644  3  2  4  63       
PG08 -23117.417435  -6829.038369 -11782.113130    454.483027  5  2  6  28       
PG09 -24496.119914   6880.280943  -7838.682833    516.556355  6  5  3  36       
PG10   9564.619699 -24173.164577   4706.623762   -263.919773  1  1  2  38       
PG11  11832.470334  23750.365288   1790.267501   -752.339875  5  4  1  60       
PG12  16183.695125   1457.568630  20712.888958   -562.660659  6  3  2  72       
PG13  15901.696381  13379.160569 -16911.997191    692.481116  6  2  7  80       
PG14 -12520.050736  23265.493850    723.985030    574.176823  3  3  2  70       
PG15  23728.721960   4261.808167 -11825.904137    248.054348  7  4  7  71       
PG16  -5046.246051 -17388.784510 -19634.143944    -85.420229  6  5  5  32       
PG17 -12658.598892  13264.695936  19697.174774    488.086820  4  4  3  67       
PG18  11867.724477  -9139.583729 -21890.874365   -658.842485  7  2  5  90       
PG19   -918.144080  15029.032098  21740.056273    582.544120  5  3  2  69       
PG20   3113.259355  22394.751600 -13955.474279    367.317034  6  4  2  44       
PG21 -20268.052772 -15299.989122   9876.188847    100.075589  3  5  4  14       
PG22  -8129.204030  23916.673721   9083.783384    -90.631666  4  4  2  32       
PG23  16393.518258 -18408.850130  -9533.767358    397.839507  6  3  3  39       
PG24  20423.321198  11415.762721  12465.934197   -467.047282  5  3  4  33       
PG25  18017.794037 -12445.976344  14482.822933    497.196016  5  1  5  54       
PG26   1218.739582 -23952.171093 -11166.075791    -36.114820  3  6  5  37       
PG27 -13628.872190 -12942.777468 -19241.482370    -33.430793  5  3  4  62       
PG28  -2168.210022 -21948.927590  14784.458293   -527.529287  3  6  4  39       
PG29  24928.367504  -4554.305813  -8208.809407   -549.822676 10  2  4  73       
PG30  -5033.669966  17947.277304 -18670.694412   -245.867026  3  4  5  57       
PG31  -9008.412558 -23931.000058   6193.355841   -218.529792  2  1  5  61       
PG32   7111.429847 -14884.980520  21004.183589   -547.064557  3  3  3  71       
*  2025  1  5 12 45  0.00000000
PG01 -18916.830974 -10628.022547  15328.885106 999999.999999  1 14  9           
PG02 -20992.045004 -10532.046940  13239.084151   -275.162391  4  5  4  24       
PG03 -15705.227138    597.103693  21224.958477    640.008275  2  5  5  70       
PG04 -26387.355162   -872.934049   3603.628028    507.230711  9  5  7  51       
PG05   9020.176988  14694.385776 -20359.724307   -198.124735  8  4  1  57       
PG06   2142.598571  21316.464094  15691.848072    -96.754451  2  1  3  80       
PG07 -15124.397438   4514.765240 -20882.701109    -13.852138  2  2  3  85       
PG08 -21700.315285  -7173.151849 -14037.830846    454.490254  5  3  6  74       
PG09 -25243.434412   6708.914729  -5116.345452    516.570082  6  5  3  42       
PG10   9900.751644 -24395.745617   1810.705850   -263.934252  1  1  3  38       
PG11  11445.713392  23561.110685   4621.628684   -752.339276  5  4  1  80       
PG12  14991.327706   3618.410562  21331.637282   -562.662745  6  2  3  77       
PG13  13919.327697  13333.615968 -18612.011518    692.482573  6  3  7  85       
PG14 -12765.912010  23041.395591  -2110.746175    574.183439  3  3  2  60       
PG15  22408.495712   4801.537870 -14068.264920    248.058251  7  4  7  80       
PG16  -3827.023071 -19118.823081 -18183.243720    -85.411721  5  4  5  61       
PG17 -14745.530625  13170.562505  18241.484827    488.070752  4  4  3  67       
PG18  13227.598093  -7030.701132 -21910.130811   -658.841571  7  2  5  91       
PG19  -3422.344608  14896.451444  21543.178195    582.548113  5  3  2  68       
PG20   2505.444905  23754.801624 -11666.425674    367.317052  5  4  2  76       
PG21 -20724.650499 -16099.329198   7306.351072    100.076817  3  5  4  58       
PG22  -8746.720778  24516.764630   6432.995866    -90.633886  4  4  1  41       
PG23  16037.788640 -17199.995534 -12070.157300    397.846337  7  3  4  60       
PG24  21075.657867  12625.254034  10113.807326   -467.043931  5  3  4  46       
PG25  17437.300804 -10684.615937  16444.357657    497.195557  5  1  5  85       
PG26   1934.875809 -24884.223547  -8677.897323    -36.128349  3  5  5  67       
PG27 -11442.359300 -13189.904820 -20440.582148    -33.430424  5  2  3  65       
PG28   -977.952017 -20578.733794  16749.554218   -527.538223  3  5  4  48       
PG29  25701.075186  -4333.284912  -5489.207298   -549.819783 10  3  4  64       
PG30  -6413.149401  16164.192014 -19854.718403   -245.859536  4  3  5  82       
PG31  -8281.716891 -23324.251959   8875.256748   -218.528829  2  1  4  55       
PG32   9414.909034 -14964.087074  19988.604594   -547.058577  4  1  3  82       
*  2025  1  5 13  0  0.00000000
PG01 -19638.487951 -12102.470664  13176.439938 999999.999999  1 14 10           
PG02 -21746.347510 -11603.386264  10857.013664   -275.154275  4  5  4  57       
PG03 -14772.397501  -1715.951350  21830.420032    640.015299  2  4  4  73       
PG04 -25843.814066  -1145.116936   6386.909614    507.236130  9  4  7  62       
PG05   8176.283929  16750.297590 -19071.221054   -198.125545  7  4  1  62       
PG06    923.501528  19864.501378  17618.172697    -96.779040  2  1  2  77       
PG07 -16568.271879   2527.120791 -20168.101205    -13.851517  1  2  3  69       
PG08 -20066.038185  -7628.646340 -16058.940004    454.497497  4  2  6  80       
PG09 -25690.086707   6529.999450  -2306.506149    516.583829  7  5  4  36       
PG10  10095.251717 -24329.604340  -1116.955286   -263.948717  2  1  3  49       
PG11  10871.178805  23132.137039   7373.790743   -752.338706  5  4  1  71       
PG12  13888.907701   5881.603457  21573.332864   -562.664966  7  2  3  86       
PG13  11764.196776  13393.599575 -20000.051406    692.483638  6  3  7  80       
PG14 -12891.169094  22537.676421  -4908.588754    574.189922  4  3  2  58       
PG15  20891.893939   5468.668309 -16077.333363    248.062135  6  4  7  81       
PG16  -2780.302839 -20754.318755 -16422.990802    -85.403137  5  4  5  62       
PG17 -16657.072868  13177.458100  16483.635387    488.055540  4  4  4  69       
PG18  14687.049655  -5015.968867 -21551.598548   -658.840618  8  2  5  95       
PG19  -5890.181539  14893.849034  20969.469480    582.552127  4  3  3  64       
PG20   2028.687775  24880.074614  -9177.106011    367.316564  5  3  2  47       
PG21 -21028.784289 -16660.751324   4619.945796    100.078369  3  5  4  79       
PG22  -9191.924835  24881.525707   3674.614943    -90.635616  5  4  1  70       
PG23  15647.744053 -15715.473857 -14395.833365    397.853134  8  3  4  68       
PG24  21599.008368  13594.478166   7587.724018   -467.040582  5  3  4  53       
PG25  16866.363916  -8702.696343  18112.506269    497.195043  5  1  5  81       
PG26   2518.907031 -25573.362762  -6038.088552    -36.141825  3  5  5  64       
PG27  -9156.098193 -13568.580764 -21300.450249    -33.430050  5  2  2  80       
PG28    411.434351 -19111.707446  18426.132664   -527.547151  3  5  5  52       
PG29  26172.517215  -4138.632781  -2675.928452   -549.816909  9  4  4  67       
PG30  -7943.531238  14358.104632 -20690.604664   -245.852073  4  3  5  87       
PG31  -7350.362058 -22512.598174  11399.722195   -218.528198  2  1  4  63       
PG32  11581.696335 -15147.170898  18633.885034   -547.052611  4  2  3  85       
*  2025  1  5 13 15  0.00000000
PG01 -20284.101986 -13330.726742  10797.381875 999999.999999  1 14 12           
PG02 -22360.411907 -12442.929768   8295.754943   -275.146202  4  5  4  47       
PG03 -13954.527129  -4121.406350  22054.035601    640.022324  2  5  4  72       
PG04 -25011.143262  -1493.132850   9061.318126    507.241492  9  5  7  70       
PG05   7491.236436  18693.610771 -17458.471015   -198.126430  7  4  1  77       
PG06   -503.812100  18329.967123  19241.586262    -96.803617  1  2  1  66       
PG07 -18037.829730    696.542289 -19092.928227    -13.851020  1  2  3  64       
PG08 -18250.414874  -8215.871878 -17811.288767    454.504755  4  3  6  62       
PG09 -25833.359947   6306.016006    542.815761    516.597599  7  4  4  47       
PG10  10184.066313 -23958.108261  -4024.938673   -263.963182  3  1  3  72       
PG11  10086.899403  22495.229109   9999.634486   -752.338144  5  3  2  65       
PG12  12901.795107   8203.353196  21433.733066   -562.666844  7  1  3  81       
PG13   9478.276651  13578.247688 -21052.753452    692.484690  6  4  7  86       
PG14 -12931.334992  21747.377590  -7620.634654    574.196442  4  3  3  53       
PG15  19216.602099   6278.655576 -17820.754369    248.066374  6  4  7  58       
PG16  -1903.743599 -22249.954384 -14381.782270    -85.394610  5  3  5  70       
PG17 -18357.675914  13259.523534  14452.268348    488.039836  5  4  4  53       
PG18  16212.817407  -3132.565908 -20822.152209   -658.839610  8  3  5  92       
PG19  -8272.218830  15012.392519  20027.791724    582.556423  4  4  3  58       
PG20   1656.388664  25741.191921  -6530.466563    367.316542  4  3  3  77       
PG21 -21145.985268 -16999.488292   1859.702866    100.080510  4  5  4  80       
PG22  -9491.380401  24983.874760    854.550182    -90.637543  5  4  1  53       
PG23  15263.787135 -13973.193910 -16470.382536    397.859971  8  4  4  83       
PG24  21957.937420  14331.687126   4931.949230   -467.037215  4  3  4  53       
PG25  16339.502081  -6530.496406  19457.269413    497.194555  5  1  6  70       
PG26   2996.639748 -25993.400404  -3292.445275    -36.155324  3  4  5  64       
PG27  -6815.530597 -14083.770670 -21806.041869    -33.429662  4  2  2  68       
PG28   1991.760624 -17592.459657  19785.299853   -527.556093  3  5  5  78       
PG29  26335.510212  -3932.740414    183.030415   -549.814177  9  4  4  13       
PG30  -9604.964032  12571.884819 -21164.276440   -245.844563  4  3  5  69       
PG31  -6202.290892 -21534.168059  13721.732888   -218.527506  1  1  5  64       
PG32  13571.639379 -15410.581840  16962.128222   -547.046644  5  3  4  84       
*  2025  1  5 13 30  0.00000000
PG01 -20812.732869 -14309.591905   8232.611391 999999.999999  6 14 13           
PG02 -22795.543901 -13060.623806   5597.082641   -275.137871  5  5  4  58       
PG03 -13271.591966  -6571.117782  21892.192969    640.029321  2  5  4  83       
PG04 -23911.958775  -1949.051794  11581.231269    507.246821  9  5  7  70       
PG05   6955.746521  20478.807983 -15548.405625   -198.127635  6  4  1  58       
PG06  -2128.695013  16759.777192  20534.628601    -96.828227  1  2  1  70       
PG07 -19492.662728   -951.288546 -17678.410582    -13.850578  1  2  2  65       
PG08 -16293.700933  -8948.448053 -19264.995345    454.512006  4  2  5  73       
PG09 -25679.266249   6000.238881   3382.825764    516.611378  7  4  4  48       
PG10  10206.186852 -23273.800880  -6861.896772   -263.977607  3  1  3  80       
PG11   9078.091956  21687.223759  12454.225385   -752.337626  5  3  2  65       
PG12  12047.918311  10536.309729  20915.509313   -562.668834  7  1  3  85       
PG13   7107.152401  13899.283547 -21752.209891    692.486014  6  4  7  66       
PG14 -12923.453222  20672.201268 -10199.491581    574.203024  4  3  3  66       
PG15  17423.414865   7240.065827 -19270.585497    248.070372  6  5  6  59       
PG16  -1187.189650 -23562.673586 -12093.144567    -85.386097  5  2  5  65       
PG17 -19817.844269  13385.560738  12180.527576    488.024334  6  4  4  44       
PG18  17766.418258  -1411.131974 -19735.011534   -658.838672  8  3  5  76       
PG19 -10521.610677  15235.391713  18733.659730    582.560402  4  4  3  46       
PG20   1357.195608  26315.999396  -3772.024598    367.316152  3  3  3  62       
PG21 -21045.984420 -17137.280789   -930.335037    100.081852  4  5  4  67       
PG22  -9676.465587  24803.609571  -1979.892759    -90.639510  5  5  1  59       
PG23  14923.378679 -11999.590568 -18257.897016    397.866811  8  4  5  89       
PG24  22120.722207  14852.659103   2192.383372   -467.033860  4  4  4  60       
PG25  15886.404068  -4205.228631  20454.605558    497.194101  5  1  6  71       
PG26   3398.207556 -26125.472956   -488.936365    -36.168781  3  4  4  52       
PG27  -4467.005067 -14732.551276 -21947.943725    -33.429257  5  3  3  69       
PG28   3746.562579 -16064.664629  20803.633094   -527.565035  3  4  5  60       
PG29  26191.712747  -3677.773310   3038.857367   -549.811009  8  4  4  35       
PG30 -11370.587728  10845.032440 -21268.141235   -245.837054  4  2  5  71       
PG31  -4833.717670 -20430.631142  15799.895247   -218.526869  2  1  4  44       
PG32  15350.096298 -15724.655214  15000.915311   -547.040636  5  4  4  70       
*  2025  1  5 13 45  0.00000000
PG01 -21185.086146 -15044.358258   5526.229784 999999.999999  7 14 13           
PG02 -23016.725822 -13473.754182   2805.309878   -275.129756  5  4  4  68       
PG03 -12735.329921  -9014.369518  21348.116926    640.036387  2  5  4  40       
PG04 -22576.121566  -2540.108962  13903.612085    507.252158  8  4  7  64       
PG05   6552.883444  22063.942242 -13373.070282   -198.128421  6  4  1  59       
PG06  -3931.961035  15199.260686  21475.565171    -96.852820  1  2  1  79       
PG07 -20890.212707  -2398.982879 -15951.702648    -13.850134  1  3  3  58       
PG08 -14239.211813  -9832.578950 -20394.941948    454.519282  4  2  5  78       
PG09 -25242.283977   5578.344664   6164.778525    516.625162  7  4  5  34       
PG10  10201.917184 -22278.841718  -9577.530801   -263.991987  4  1  3  54       
PG11   7837.913401  20748.539978  14695.569807   -752.337113  4  2  2  82       
PG12  11337.156048  12831.274189  20028.181766   -562.671030  6  2  3  86       
PG13   4698.498103  14360.489434 -22086.261738    692.487041  6  4  7  56       
PG14 -12904.466701  19322.568872 -12600.149608    574.209556  4  3  3  72       
PG15  15554.828828   8354.143325 -20403.645031    248.074327  6  5  6  64       
PG16   -613.166633 -24653.304567  -9595.271224    -85.377491  5  2  5  54       
PG17 -21015.106469  13520.275389   9705.607258    488.009054  7  4  4  45       
PG18  19305.562669    125.207174 -18309.469047   -658.837676  8  3  5  80       
PG19 -12595.779489  15538.971175  17109.026243    582.564575  4  4  4  65       
PG20   1096.414972  26590.352593   -949.081956    367.315751  3  3  3  74       
PG21 -20703.901372 -17101.512920  -3705.352881    100.082668  4  4  4  67       
PG22  -9782.048468  24328.292061  -4780.741324    -90.641295  5  5  1  61       
PG23  14659.473122  -9828.749434 -19727.605548    397.873617  8  4  5  75       
PG24  22060.590735  15179.824511   -584.232450   -467.030510  4  4  3  72       
PG25  15530.681393  -1769.743226  21086.908556    497.193639  4  2  6  72       
PG26   3756.680738 -25958.843976   2323.170949    -36.182264  3  4  4  57       
PG27  -2156.241087 -15504.104205 -21722.579573    -33.428851  5  3  3  70       
PG28   5651.544369 -14569.434109  21463.585521   -527.574011  3  4  6  57       
PG29  25751.536105  -3337.314716   5842.739945   -549.808019  7  4  4  20       
PG30 -13207.453726   9212.265213 -21001.180979   -245.829564  5  3  4  76       
PG31  -3249.507915 -19245.503904  17597.255981   -218.525971  3  2  4  38       
PG32  16889.112443 -16054.892643  12782.912054   -547.034626  5  5  4  80       
*  2025  1  5 14  0  0.00000000
PG01 -21365.112949 -15548.420720   2724.782113 999999.999999  9 14 14           
PG02 -22994.015459 -13706.197288    -33.332736   -275.121565  5  4  4  78       
PG03 -12348.860857 -11399.680732  20431.782770    640.043304  2  5  4  32       
PG04 -21039.654477  -3287.470039  15988.727551    507.257499  7  4  6  59       
PG05   6258.853128  23412.137795 -10969.129277   -198.129551  5  4  1  81       
PG06  -5886.458234  13690.487872  22048.725042    -96.877431  1  3  1  88       
PG07 -22187.437271  -3637.824394 -13945.218663    -13.849660  1  3  3  65       
PG08 -12131.844594 -10866.642172 -21181.211094    454.526501  4  2  5  94       
PG09 -24544.781574   5009.937505   8840.808923    516.638919  7  4  5  64       
PG10  10211.079731 -20985.067160 -12123.561109   -264.006358  5  1  4  62       
PG11   6367.915952  19721.586023  16685.320750   -752.336565  4  2  3  84       
PG12  10771.062594  15038.983697  18787.912544   -562.673026  6  1  3  60       
PG13   2300.477809  14957.478701 -22048.714700    692.488459  6  4  6  71       
PG14 -12909.600423  17717.341078 -14780.800079    574.216120  5  3  3  76       
PG15  13653.597939   9614.644306 -21201.797649    248.078596  6  5  6  85       
PG16   -157.677029 -25488.077041  -6930.454082    -85.369076  5  1  5  61       
PG17 -21934.748829  13625.687699   7068.237134    487.993539  7  4  4  24       
PG18  20785.719107   1461.515186 -16570.519290   -658.836716  8  3  5  77       
PG19 -14457.939064  15893.055697  15181.929843    582.568931  4  4  4  53       
PG20    837.546073  26558.606016   1890.077868    367.315246  2  3  3  67       
PG21 -20101.278487 -16924.155788  -6420.329836    100.083837  5  4  3  67       
PG22  -9845.016713  23553.869085  -7500.123315    -90.643276  5  5  1  22       
PG23  14499.150807  -7501.237258 -20854.402309    397.880399  8  4  5  64       
PG24  21756.762517  15341.169559  -3351.085921   -467.027141  3  4  4  79       
PG25  15288.890868    729.001003  21343.341058    497.193177  4  3  5  71       
PG26   4106.544162 -25491.396340   5094.230460    -36.195789  3  4  4  70       
PG27     73.194784 -16380.006456 -21132.343443    -33.428408  5  4  4  87       
PG28   7675.330571 -13143.803680  21753.789020   -527.582972  3  3  6  67       
PG29  25033.734484  -2877.959842   8546.683509   -549.805110  6  4  3  57       
PG30 -15077.690375   7702.317076 -20368.914869   -245.822038  5  3  4  62       
PG31  -1463.199790 -18022.391750  19082.022317   -218.525380  3  3  4  56       
PG32  18168.360043 -16363.351672  10345.381813   -547.028623  5  5  4  74       
*  2025  1  5 14 15  0.00000000
PG01 -21321.496883 -15842.581354   -123.542689 999999.999999 10 13 14           
PG02 -22703.795165 -13787.425700  -2871.369341   -275.113369  5  4  4  84       
PG03 -12106.663847 -13676.642021  19159.701966    640.050293  2  5  4  68       
PG04 -19343.436441  -4205.228583  17800.816406    507.262910  6  4  6  58       
PG05   6044.051168  24492.918651  -8377.287739   -198.130367  5  4  2  75       
PG06  -7957.948945  12270.742286  22244.734505    -96.902016  1  3  2  61       
PG07 -23342.471854  -4667.786078 -11695.888753    -13.849138  2  4  3  53       
PG08 -10016.538873 -12041.070618 -21609.456924    454.533772  4  2  5  87       
PG09 -23616.148205   4269.931641  11364.755914    516.652670  7  4  5  74       
PG10  10271.237271 -19413.664588 -14454.668186   -264.020744  5  2  4  47       
PG11   4678.183461  18649.104477  18389.422100   -752.336022  3  1  4  82       
PG12  10342.945467  17111.898818  17217.164263   -562.675111  5  2  3  79       
PG13    -39.874306  15677.777974 -21639.473936    692.489292  5  4  6  77       
PG14 -12970.824746  15883.211136 -16703.589532    574.222691  5  3  3  67       
PG15  11761.298349  11007.939081 -21652.179411    248.082704  6  5  5  77       
PG16    208.726939 -26039.968521  -4144.410695    -85.360616  5  1  5  69       
PG17 -22570.284252  13662.665182   4312.105537    487.978330  7  4  3  53       
PG18  22161.767328   2591.399478 -14548.398455   -658.835749  7  3  5  76       
PG19 -16078.397067  16262.630970  12986.009669    582.572679  4  4  4   5       
PG20    543.879835  26223.790096   4697.001052    367.315014  2  3  3  79       
PG21 -19226.925561 -16640.546517  -9030.634067    100.085621  5  3  3  65       
PG22  -9902.711810  22484.999779 -10091.063428    -90.645275  5  5  2  44       
PG23  14462.501136  -5062.686432 -21619.264550    397.887207  8  4  5  78       
PG24  21195.260166  15368.964819  -6062.027963   -467.023795  3  5  4  87       
PG25  15169.869338   3241.631775  21220.016001    497.192713  4  3  5  84       
PG26   4482.107131 -24729.789094   7775.160115    -36.209306  3  4  4  51       
PG27   2181.348170 -17334.813706 -20185.654236    -33.427986  6  4  4  95       
PG28   9780.497780 -11819.389216  21669.250179   -527.591875  3  3  6  76       
PG29  24064.689086  -2270.799930  11104.320482   -549.801980  5  4  3  82       
PG30 -16939.864543   6336.992677 -19383.239550   -245.814527  5  3  3  50       
PG31    503.334860 -16803.242611  20228.169304   -218.524649  3  3  4  72       
PG32  19175.801525 -16610.194596   7729.607895   -547.022627  5  5  4  65       
*  2025  1  5 14 30  0.00000000
PG01 -21028.969957 -15954.073611  -2969.740763 999999.999999 11 13 14           
PG02 -22129.823184 -13751.296824  -5660.799059   -275.105223  5  3  4  89       
PG03 -11994.909757 -15797.706130  17554.586673    640.057245  2  4  4  58       
PG04 -17531.722081  -5299.674464  19308.695821    507.268286  5  4  5  64       
PG05   5874.352024  25283.313016  -5641.636866   -198.131233  5  4  2  67       
PG06 -10106.261964  10971.193460  22060.644828    -96.926604  1  4  3  59       
PG07 -24316.219895  -5497.198208  -9244.362697    -13.848554  2  4  3  52       
PG08  -7936.730369 -13338.536351 -21671.203741    454.541089  4  3  6  87       
PG09 -22491.662868   3339.735931  13692.964957    516.666393  6  4  5  74       
PG10  10416.007725 -17594.469835 -16529.379921   -264.035187  5  2  4  69       
PG11   2787.143340  17572.518160  19778.681428   -752.335415  3  1  4  79       
PG12  10038.289089  19005.919276  15344.234415   -562.677404  4  2  3  81       
PG13  -2278.238143  16501.219643 -20864.593789    692.490376  5  4  6  67       
PG14 -13115.462357  13853.796816 -18335.293266    574.229260  5  4  3  52       
PG15   9916.948208  12513.377241 -21747.363277    248.086646  6  5  5  76       
PG16    519.628759 -26289.819834  -1285.514484    -85.351906  5  1  5  55       
PG17 -22923.635065  13592.525831   1483.222268    487.962922  6  4  4  37       
PG18  23389.677377   3517.035011 -12278.044153   -658.834777  7  3  5  91       
PG19 -17435.579351  16609.228377  10559.895037    582.577092  4  4  3  61       
PG20    180.100207  25597.471309   7423.870470    367.314825  2  4  2  62       
PG21 -18077.543398 -16288.035704 -11492.646680    100.087120  5  3  3  57       
PG22  -9991.324748  21135.068607 -12508.297993    -90.647121  5  5  2  39       
PG23  14561.799654  -2562.191343 -22009.553035    397.894037  7  4  5  81       
PG24  20369.469927  15298.369602  -8672.265019   -467.020420  3  5  4  80       
PG25  15174.407737   5718.150118  20720.023700    497.192234  5  4  5  65       
PG26   4915.913185 -23689.268130  10318.386171    -36.222843  3  3  5  42       
PG27   4133.219351 -18336.922457 -18896.925115    -33.427572  6  4  4  82       
PG28  11924.846580 -10621.265158  21211.435957   -527.600804  3  3  6  66       
PG29  22877.412089  -1492.738722  13471.697631   -549.798919  4  3  3  75       
PG30 -18750.482813   5130.511802 -18062.154051   -245.807017  5  3  3  42       
PG31   2620.574990 -15626.687816  21015.919446   -218.524420  3  3  4  79       
PG32  19908.046535 -16755.339287   4980.230526   -547.016621  5  5  4  52       
*  2025  1  5 14 45  0.00000000
PG01 -20469.406108 -15915.344799  -5764.836983 999999.999999 12 13 14           
PG02 -21264.043226 -13634.661949  -8353.858812   -275.096803  5  3  4  77       
PG03 -11992.132388 -17719.862439  15644.902498    640.064224  2  3  3  53       
PG04 -15650.541450  -6568.862550  20486.297151    507.273636  5  5  5  65       
PG05   5712.587340  25768.689173  -2808.930528   -198.132915  4  4  2  69       
PG06 -12286.672470   9815.818577  21499.954240    -96.951240  1  4  4  45       
PG07 -25073.809989  -6142.095735  -6634.185367    -13.848003  1  3  3  20       
PG08  -5932.852514 -14734.435729 -21364.063737    454.548406  4  3  6  82       
PG09 -21211.144077   2208.192365  15785.054640    516.680097  6  4  5  74       
PG10  10673.545999 -15564.915486 -18310.881834   -264.049526  5  2  4  80       
PG11    721.060480  16530.339656  20829.262462   -752.334858  2  1  4  68       
PG12   9835.502628  20681.957727  13202.679374   -562.679508  3  2  3  73       
PG13  -4374.499955  17400.634293 -19736.238713    692.491543  5  4  5  69       
PG14 -13364.995454  11668.468762 -19647.895518    574.235854  5  4  3  79       
PG15   8155.725920  14103.903675 -21485.465577    248.090952  5  5  5  63       
PG16    811.239504 -26227.166360   1596.061440    -85.343453  5  2  4  58       
PG17 -23005.017478  13378.655765  -1370.775352    487.947196  6  3  4  41       
PG18  24428.151092   4248.860442  -9798.485762   -658.833827  7  3  5  78       
PG19 -18516.730471  16892.571762   7946.482480    582.581383  5  4  3  34       
PG20   -286.172462  24699.302502  10024.296232    367.314566  2  4  2  67       
PG21 -16658.098372 -15904.541907 -13764.413857    100.087942  6  2  3  68       
PG22 -10144.314316  19525.874037 -14709.094315    -90.648970  5  6  3  18       
PG23  14801.009501    -50.581141 -22019.192220    397.900871  7  4  5  79       
PG24  19280.438512  15165.964344 -11139.004439   -467.017086  2  5  4  74       
PG25  15295.275265   8109.731159  19853.307440    497.191755  5  5  4  67       
PG26   5437.218982 -22393.135510  12678.764739    -36.236370  3  4  5  43       
PG27   5899.938661 -19349.687029 -17286.441107    -33.427173  6  5  4  86       
PG28  14062.865395  -9567.107556  20388.247646   -527.609728  3  3  6  58       
PG29  21510.307060   -527.589759  15608.028490   -549.795835  3  3  3  81       
PG30 -20465.571324   4089.164941 -16429.379098   -245.799511  5  3  2  38       
PG31   4852.349747 -14526.541241  21432.084356   -218.523204  3  3  4  81       
PG32  20370.383655 -16760.148892   2144.506263   -547.010603  5  6  5  39       
*  2025  1  5 15  0  0.00000000
PG01 -19632.649377 -15762.644474  -8460.728639 999999.999999 13 12 14           
PG02 -20107.114278 -13475.841446 -10903.820758   -275.088859  5  3  4  75       
PG03 -12070.207730 -19406.130072  13464.321054    640.071189  2  3  3  66       
PG04 -13746.039337  -8002.499912  21313.121748    507.279000  5  5  5  28       
PG05   5520.158098  25943.287660     72.196861   -198.133862  4  4  2  91       
PG06 -14451.457243   8820.611545  20572.525724    -96.975841  1  4  4  54       
PG07 -25585.868204  -6625.284704  -3910.965236    -13.847314  1  4  3  79       
PG08  -4040.941251 -16197.664407 -20691.865843    454.555704  4  4  6  88       
PG09 -19817.431183    872.229574  17604.633252    516.693822  6  5  5  67       
PG10  11065.259648 -13368.673812 -19767.729161   -264.063941  6  2  5  96       
PG11  -1486.768541  15556.704735  21523.089548   -752.334270  3  2  5  62       
PG12   9706.956477  22107.308748  10830.644325   -562.681419  2  3  3  82       
PG13  -6294.098481  18342.822252 -18272.552027    692.492702  5  4  5  85       
PG14 -13734.120690   9370.963629 -20619.065837    574.242413  4  4  3  53       
PG15   6507.827550  15746.906192 -20870.192958    248.094898  5  5  5  39       
PG16   1120.755229 -25850.741409   4449.271390    -85.334851  5  2  4  55       
PG17 -22832.524962  12988.082561  -4201.368042    487.931663  5  3  3  60       
PG18  25240.165174   4804.961578  -7152.176207   -658.832841  6  4  5  80       
PG19 -19318.258749  17072.315630   5192.116678    582.585584  4  4  2  20       
PG20   -882.954165  23556.281729  12454.078239    367.314341  2  5  2  54       
PG21 -14981.925106 -15527.057163 -15806.323847    100.089144  6  2  2  93       
PG22 -10390.911221  17686.994879 -16654.058684    -90.650789  5  6  3  58       
PG23  15175.624027   2421.362526 -21648.729863    397.907772  6  4  5  91       
PG24  17936.902523  15008.262959 -13422.050150   -467.013668  2  5  5  73       
PG25  15517.588007  10370.462113  18636.395359    497.191270  5  5  4  86       
PG26   6070.609013 -20871.897947  14814.457152    -36.249853  4  4  5  65       
PG27   7459.728261 -20332.757346 -15380.138940    -33.426783  6  5  4  86       
PG28  16147.330244  -8666.634530  19213.883633   -527.618679  4  3  6  71       
PG29  20005.731825    633.089156  17476.398271   -549.792913  3  3  3  73       
PG30 -22042.271500   3211.288153 -14513.882178   -245.792006  5  3  2  67       
PG31   7157.108062 -13530.519527  21470.262860   -218.522283  4  3  4  77       
PG32  20576.480193 -16589.093717   -728.499653   -547.004573  4  6  5  43       
*  2025  1  5 15 15  0.00000000
PG01 -18517.044075 -15534.473971 -11011.014453 999999.999999 13 12 14           
PG02 -18668.630545 -13313.019406 -13265.813495   -275.080746  5  2  3  76       
PG03 -12195.598733 -20826.812902  11051.085655    640.078153  1  2  3  43       
PG04 -11862.816207  -9582.158131  21774.608638    507.284407  5  6  5  51       
PG05   5258.718950  25810.425535   2952.059340   -198.134994  4  4  2  75       
PG06 -16551.566811   7993.107092  19294.403400    -97.000426  1  4  4  58       
PG07 -25829.564298  -6975.175856  -1121.554144    -13.846780  1  4  3  76       
PG08  -2291.396367 -17691.659944 -19664.687964    454.563039  4  5  6  89       
PG09 -18354.755466   -662.796899  19119.951544    516.707514  6  5  5  64       
PG10  11604.814496 -11054.052280 -20874.442825   -264.078381  6  2  5  88       
PG11  -3797.091492  14680.085275  21848.157667   -752.333696  3  3  5  76       
PG12   9620.260027  23256.760346   8270.117262   -562.683590  1  3  3  65       
PG13  -8009.174461  19289.773148 -16497.429713    692.493985  5  4  5  73       
PG14 -14230.088614   7007.838672 -21232.524106    574.249009  4  4  3  55       
PG15   4997.500399  17405.269122 -19910.828314    248.099063  5  5  4  85       
PG16   1484.647838 -25168.620999   7223.175391    -85.326326  5  3  4  64       
PG17 -22431.418499  12392.944477  -6959.944319    487.916238  5  3  3  35       
PG18  25794.359147   5210.168232  -4384.276344   -658.831819  6  4  5  81       
PG19 -19845.710445  17109.799422   2345.695280    582.589359  5  4  2  41       
PG20  -1632.639529  22201.748345  14671.929938    367.313764  3  5  2  67       
PG21 -13070.540728 -15190.152573 -17581.802389    100.091836  7  2  2  94       
PG22 -10754.770897  15654.849317 -18307.914993    -90.652486  5  6  3  72       
PG23  15672.853454   4804.673262 -20905.278256    397.914571  6  5  5  88       
PG24  16355.055042  14860.255432 -15484.347277   -467.010297  2  6  5  76       
PG25  15819.500622  12458.945324  17092.000697    497.190814  5  5  3  82       
PG26   6834.807114 -19162.129839  16687.736748    -36.263346  4  3  6  61       
PG27   8798.609302 -21243.593815 -13209.284209    -33.426342  6  5  4  66       
PG28  18130.979170  -7921.365206  17708.593342   -527.627631  4  3  5  50       
PG29  18408.417604   1989.458488  19044.408966   -549.789922  3  4  3  78       
PG30 -23440.389757   2487.552529 -12349.320922   -245.784536  5  4  2  74       
PG31   9489.402295 -12659.235027  21130.894714   -218.521802  4  3  3  73       
PG32  20547.756638 -16211.317608  -3588.774843   -546.998508  3  6  5  63       
*  2025  1  5 15 30  0.00000000
PG01 -17129.645747 -15269.957725 -13371.794458 999999.999999 13 12 14           
PG02 -16967.011278 -13182.617271 -15397.653122   -275.072440  6  3  4  65       
PG03 -12330.812992 -21960.470179   8447.304728    640.085115  2  2  3  37       
PG04 -10042.333220 -11281.805195  21862.406918    507.289752  5  6  5  53       
PG05   4891.868885  25382.360866   5780.781637   -198.136064  4  5  2  73       
PG06 -18538.352293   7332.235701  17687.531506    -97.025001  1  3  4  51       
PG07 -25789.401815  -7224.439209   1686.747001    -13.846381  1  4  3  55       
PG08   -707.948800 -19175.679010 -18298.785587    454.570405  5  6  7  88       
PG09 -16867.064058  -2383.093764  20304.478704    516.721213  6  5  5  58       
PG10  12297.472837  -8672.210806 -21611.975132   -264.092765  6  3  5  94       
PG11  -6166.007180  13922.230604  21798.742845   -752.333154  4  4  5  82       
PG12   9539.724296  24113.407394   5566.126113   -562.685750  1  3  3  57       
PG13  -9499.478674  20200.092689 -14440.197471    692.494909  5  5  5  45       
PG14 -14852.352045   4626.830152 -21478.289495    574.255632  4  4  4  63       
PG15   3642.285319  19038.601166 -18622.153270    248.102940  5  5  4  68       
PG16   1936.963358 -24197.994713   9867.945031    -85.317898  6  3  4  50       
PG17 -21833.142507  11571.796572  -9598.624641    487.901321  4  3  4  45       
PG18  26066.217809   5494.900683  -1541.903168   -658.830862  5  4  5  54       
PG19 -20113.374765  16969.741561   -542.279646    582.593870  5  3  2  53       
PG20  -2550.960559  20674.154352  16640.153262    367.313683  4  5  2  79       
PG21 -10953.162004 -14924.537157 -19058.016710    100.093125  7  2  2  77       
PG22 -11252.834747  13471.475129 -19640.234241    -90.654649  5  6  3  51       
PG23  16272.144770   7053.885340 -19802.341533    397.921422  5  5  5  80       
PG24  14558.061610  14754.028165 -17292.475356   -467.006917  1  5  5  55       
PG25  16173.185718  14339.702321  15248.505918    497.190333  5  5  3  79       
PG26   7741.736837 -17305.099425  18265.706758    -36.276955  4  3  6  59       
PG27   9910.821105 -22039.106711 -10810.042769    -33.425917  6  6  4  66       
PG28  19968.197125  -7324.705778  15898.326623   -527.636579  5  3  5  45       
PG29  16763.804111   3533.179579  20284.752977   -549.786563  4  4  3  78       
PG30 -24623.842515   1901.551413  -9973.418129   -245.777030  5  4  2  53       
PG31  11801.521372 -11925.499772  20421.173551   -218.520875  4  4  3  69       
PG32  20312.456071 -15602.043085  -6386.259425   -546.992467  2  6  5  65       
*  2025  1  5 15 45  0.00000000
PG01 -15486.104140 -15007.200033 -15502.426801 999999.999999 14 11 14           
PG02 -15029.052053 -13117.710460 -17260.667235   -275.064237  6  3  4  78       
PG03 -12436.013183 -22794.568678   5698.188336    640.092120  2  2  4  57       
PG04  -8321.441932 -13068.639401  21574.546808    507.295157  5  5  5  69       
PG05   4386.780796  24679.818799   8509.179360   -198.136819  4  5  2  76       
PG06 -20365.283072   6828.513054  15779.380992    -97.049643  2  3  4  46       
PG07 -25457.733128  -7408.536310   4466.945409    -13.846046  1  4  3  61       
PG08    693.122633 -20606.265996 -16616.411062    454.577768  6  6  7  79       
PG09 -15396.362173  -4266.751864  21137.389680    516.734937  6  5  4  84       
PG10  13139.791240  -6275.277457 -21968.035501   -264.107086  5  3  5  94       
PG11  -8546.454481  13297.377679  21375.509184   -752.332564  4  5  5  84       
PG12   9427.946632  24669.139891   2765.898340   -562.687870  1  3  4  56       
PG13 -10753.001071  21030.587049 -12135.190582    692.495835  5  5  5  52       
PG14 -15592.534895   2275.180829 -21352.811456    574.262253  4  4  4  45       
PG15   2452.495026  20604.600149 -17024.303933    248.106845  5  5  4  72       
PG16   2507.703847 -22964.564521  12335.870245    -85.309495  6  3  4  33       
PG17 -21074.096709  10510.698064 -12071.107413    487.885844  4  3  4  52       
PG18  26039.005595   5693.810521   1326.646877   -658.829832  5  4  5  51       
PG19 -20143.538240  16621.799662  -3420.679230    582.597696  5  3  2           
PG20  -3646.200732  19015.656921  18325.255491    367.313292  4  5  2  68       
PG21  -8665.926087 -14755.726155 -20206.574342    100.094149  8  3  3  50       
PG22 -11894.453396  11183.072735 -20626.094248    -90.656888  5  6  2  77       
PG23  16946.011196   9128.573392 -18359.535431    397.928285  5  6  4  75       
PG24  12575.344615  14717.505823 -18817.090332   -467.003575  1  5  6  77       
PG25  16546.053909  15984.325644  13139.348682    497.189835  6  5  3  83       
PG26   8795.871198 -15345.217330  19520.911979    -36.290436  4  3  6  58       
PG27  10798.928459 -22677.359916  -8222.945631    -33.425485  6  6  4  90       
PG28  21616.646695  -6862.358677  13814.284638   -527.645526  5  3  5  64       
PG29  15116.354010   5247.528407  21175.704425   -549.783647  4  5  2  83       
PG30 -25561.943293   1430.657553  -7427.281994   -245.769557  5  4  2  61       
PG31  14045.203884 -11333.964007  19354.826675   -218.520105  4  4  3  72       
PG32  19904.442187 -14743.754426  -9071.765705   -546.986408  2  6  5  80       
*  2025  1  5 16  0  0.00000000
PG01 -13610.222050 -14781.691436 -17366.228353 999999.999999 14 11 14           
PG02 -12889.142369 -13146.554084 -18820.492118   -275.056227  7  4  4  54       
PG03 -12470.715176 -23325.795352   2851.243471    640.099076  2  3  4  72       
PG04  -6731.095108 -14904.196068  20915.504686    507.300552  5  5  5  54       
PG05   3715.703574  23731.194225  11089.640501   -198.138420  4  6  1  54       
PG06 -21989.592004   6464.555519  13602.489726    -97.074297  3  3  4  71       
PG07 -24834.991223  -7564.187392   7173.068628    -13.845540  1  4  3  55       
PG08   1903.489671 -21938.860605 -14645.519620    454.585128  6  7  6  91       
PG09 -13981.138933  -6284.390836  21603.953465    516.748630  6  5  4  88       
PG10  14119.688371  -3914.442988 -21937.271111   -264.121531  5  3  6  92       
PG11 -10889.828417  12811.760497  20585.510130   -752.332052  5  6  5  79       
PG12   9247.451502  24924.793032    -81.998200   -562.690084  1  3  4  76       
PG13 -11766.292745  21737.947756  -9621.237896    692.496763  5  5  6  50       
PG14 -16434.719791     -1.998038 -20858.983507    574.268746  3  3  4  46       
PG15   1430.949504  22060.512284 -15142.556058    248.110794  5  5  3  67       
PG16   3221.367518 -21501.591490  14582.338569    -85.300714  6  4  4  39       
PG17 -20194.205157   9204.031059 -14333.521677    487.870598  4  2  4  46       
PG18  25704.419485   5844.267641   4172.688335   -658.828894  4  4  4  24       
PG19 -19965.423316  16041.930242  -6238.729386    582.601651  5  3  2  84       
PG20  -4918.693993  17270.584190  19698.499589    367.312977  5  6  2  48       
PG21  -6250.826664 -14702.876073 -21004.199040    100.095387  8  4  3  62       
PG22 -12680.816413   8838.364981 -21246.648758    -90.658508  5  5  2  46       
PG23  17661.135981  10994.689676 -16602.207459    397.935112  4  6  4  77       
PG24  10441.661198  14773.353973 -20033.315623   -467.000187  1  5  6  78       
PG25  16902.158696  17372.337955  10802.329077    497.189355  6  5  3  84       
PG26   9993.898814 -13328.374402  20431.830581    -36.303925  4  3  6  66       
PG27  11473.604471 -23119.273126  -5492.249754    -33.425084  6  6  4  88       
PG28  23038.782027  -6513.038211  11492.380032   -527.654471  5  4  4  59       
PG29  13507.911486   7107.838952  21701.518384   -549.780503  4  5  3  75       
PG30 -26230.485833   1047.112848  -4754.685041   -245.762029  5  4  2  35       
PG31  16173.360064 -10881.097608  17951.772656   -218.519566  4  4  3  70       
PG32  19361.772023 -13627.105860 -11597.898032   -546.980390  2  6  5  69       
*  2025  1  5 16 15  0.00000000
PG01 -11533.206435 -14624.826947 -18931.106973 999999.999999 14 11 13           
PG02 -10588.168941 -13291.283063 -20047.821179   -275.047972  7  5  4  68       
PG03 -12395.506587 -23560.023072    -44.556320    640.106105  3  3  5  67       
PG04  -5295.288805 -16745.687090  19896.158877    507.305966  5  4  6  49       
PG05   2857.274351  22571.459470  13476.990642   -198.139415  4  6  1  78       
PG06 -23373.787647   6215.901385  11193.923234    -97.098969  4  3  3  59       
PG07 -23929.639773  -7727.829284   9760.826842    -13.844630  1  3  2  53       
PG08   2922.962820 -23129.484308 -12419.360639    454.592447  6  7  6  90       
PG09 -12654.939242  -8400.103571  21695.813679    516.762343  6  4  4  72       
PG10  15216.876356  -1638.114199 -21521.302039   -264.135940  5  4  6  81       
PG11 -13147.662953  12463.437989  19442.083119   -752.331419  5  6  5  86       
PG12   8962.321042  24889.960046  -2928.515384   -562.692052  2  3  4  74       
PG13 -12544.463172  22280.474178  -6941.053426    692.497903  5  6  6  42       
PG14 -17356.040131  -2163.267296 -20006.042909    574.275392  3  4  4  73       
PG15    572.982524  23364.639166 -13007.035475    248.114599  5  5  3  86       
PG16   4095.715751 -19848.628005  16566.757937    -85.292295  6  4  5  49       
PG17 -19235.333822   7655.009137 -16345.268787    487.855061  4  3  4  39       
PG18  25062.937297   5984.750286   6947.939899   -658.827976  4  3  4  48       
PG19 -19613.859656  15213.490833  -8946.971975    582.605980  4  4  3  52       
PG20  -6360.627929  15483.830906  20736.380374    367.312712  6  6  2  84       
PG21  -3754.389639 -14777.842596 -21433.362228    100.096367  8  4  3  63       
PG22 -13604.720982   6486.838001 -21489.586038    -90.660319  5  5  2  62       
PG23  18379.705393  12625.650908 -14560.966718    397.941887  4  6  4  60       
PG24   8196.005102  14938.076702 -20921.082258   -466.996807  1  6  6  74       
PG25  17203.724570  18491.731825   8278.858030    497.188923  6  5  3  80       
PG26  11324.718828 -11300.239916  20983.236505    -36.317418  4  3  6  72       
PG27  11953.089172 -23330.253345  -2665.200697    -33.424676  5  6  4  73       
PG28  24203.187871  -6249.464162   8972.615751   -527.663425  6  3  4  51       
PG29  11976.168507   9082.261748  21852.729539   -549.777849  4  5  3  78       
PG30 -26612.585866    719.305683  -2001.314838   -245.754552  5  4  2  57       
PG31  18141.733387 -10555.507814  16237.670232   -218.518930  4  4  3  90       
PG32  18725.100292 -12251.512714 -13919.951753   -546.974338  3  6  5  74       
*  2025  1  5 16 30  0.00000000
PG01  -9292.640087 -14562.593981 -20170.114589 999999.999999 14 10 13           
PG02  -8172.138996 -13566.847963 -20919.081203   -275.039813  7  6  5  53       
PG03 -12173.719049 -23511.935437  -2939.611911    640.113104  3  3  5  63       
PG04  -4030.277514 -18547.523900  18533.634725    507.311348  4  4  6  61       
PG05   1797.585216  21240.818068  15629.323776   -198.140641  4  6  1  78       
PG06 -24486.977796   6052.106505   8594.663769    -97.123635  4  3  2  47       
PG07 -22757.851860  -7934.116864  12188.222730    -13.844237  2  4  2  51       
PG08   3759.355662 -24136.439910  -9975.955589    454.599777  6  8  6  81       
PG09 -11445.138681 -10572.665258  21411.154810    516.776091  5  3  4  60       
PG10  16403.633194    509.798196 -20728.614799   -264.150358  5  4  6  84       
PG11 -15273.317325  12242.447624  17964.638252   -752.330793  5  6  5  83       
PG12   8539.751516  24582.481988  -5724.969791   -562.694166  2  3  4  75       
PG13 -13100.847220  22619.767055  -4140.541527    692.499092  5  6  6  50       
PG14 -18327.550479  -4172.245218 -18809.361467    574.281960  3  4  4  79       
PG15   -133.274669  24477.842234 -10652.349824    248.118600  5  5  3  70       
PG16   5140.825719 -18049.989367  18253.395206    -85.283927  6  4  5  31       
PG17 -18239.616885   5875.845186 -18069.833279    487.839928  4  3  4  39       
PG18  24123.849096   6153.198177   9605.309487   -658.826992  3  3  3  56       
PG19 -19127.748147  14128.040053 -11498.182618    582.610001  4  4  3  64       
PG20  -7956.159465  13699.242950  21421.019623    367.312549  6  6  2  89       
PG21  -1226.125847 -14984.513307 -21482.845148    100.097755  7  5  3  90       
PG22 -14650.697686   4176.935383 -21349.459065    -90.662380  5  5  3   4       
PG23  19060.917846  14003.136859 -12271.133536    397.948679  3  5  3  70       
PG24   5880.367427  15221.337755 -21465.417533   -466.993394  1  6  6  72       
PG25  17412.734080  19339.177787   5613.166396    497.188443  6  5  3  85       
PG26  12769.762069  -9304.591777  21166.427199    -36.330890  4  2  6  78       
PG27  12262.337912 -23281.686026    208.792828    -33.424301  5  6  4  55       
PG28  25085.692301  -6039.593996   6298.393350   -527.672452  6  4  3  72       
PG29  10553.298738  11132.810861  21626.343373   -549.774761  4  5  4  70       
PG30 -26699.253732    413.185012    785.991081   -245.747061  5  4  3  48       
PG31  19910.437297 -10338.572815  14243.373812   -218.517935  4  4  3  71       
PG32  18035.980656 -10625.396476 -15996.769763   -546.968313  4  5  5  83       
*  2025  1  5 16 45  0.00000000
PG01  -6931.212895 -14614.481138 -21061.911587 999999.999999 14 11 12           
PG02  -5690.572489 -13980.240405 -21417.012630   -275.031609  7  6  5  73       
PG03 -11772.990559 -23204.329401  -5784.535882    640.120170  4  4  5  79       
PG04  -2944.094072 -20262.966690  16851.039292    507.316751  4  3  5  63       
PG05    530.958103  19783.156824  17508.780690   -198.141399  4  7  2  84       
PG06 -25305.955407   5938.073063   5848.936368    -97.148307  5  2  2  73       
PG07 -21342.935353  -8214.516719  14416.108259    -13.843491  2  4  2  46       
PG08   4428.024648 -24921.955336  -7357.467473    454.607093  5  7  5  61       
PG09 -10371.970550 -12756.960824  20754.749740    516.789856  5  2  3  69       
PG10  17645.879308   2491.389177 -19574.322081   -264.164796  5  4  6  49       
PG11 -17223.602202  12131.279639  16178.343333   -752.330247  5  6  5  51       
PG12   7951.476748  24027.640676  -8423.858233   -562.696262  3  3  4  72       
PG13 -13456.349321  22722.325325  -1268.024425    692.500071  5  6  6  43       
PG14 -19315.338751  -5998.786694 -17290.134404    574.288500  2  4  5  85       
PG15   -706.335261  25364.992108  -8117.138341    248.122661  4  4  3  75       
PG16   6358.473911 -16153.032129  19612.105171    -85.274893  6  4  5  64       
PG17 -17247.758518   3887.561028 -19475.541615    487.824970  5  3  4  71       
PG18  22904.970700   6385.389918  12099.660603   -658.825961  2  3  3  54       
PG19 -18548.385543  12785.805529 -13848.224681    582.614264  4  4  3  71       
PG20  -9681.840197  11958.050254  21740.474106    367.312165  6  6  1  65       
PG21   1283.188090 -15318.459684 -21148.204629    100.099242  7  5  4  70       
PG22 -15795.495404   1954.282515 -20827.872513    -90.664001  5  6  3  67       
PG23  19662.610343  15117.574232  -9772.119777    397.955445  3  5  3  51       
PG24   3538.395099  15625.527630 -21656.680737   -466.989997  1  6  7  53       
PG25  17492.509850  19919.902022   2851.493144    497.187877  6  5  3  75       
PG26  14303.621510  -7381.747513  20979.315698    -36.344271  4  2  6  79       
PG27  12431.887776 -22952.219159   3079.058296    -33.423929  5  6  5  87       
PG28  25670.210508  -5848.045084   3515.762876   -527.681393  6  4  3  35       
PG29   9264.813005  13216.660872  21025.914661   -549.771591  4  5  5  79       
PG30 -26489.680320     93.756612   3560.014443   -245.739582  5  3  3  60       
PG31  21445.309867 -10205.358549  12004.311856   -218.517196  4  4  3  77       
PG32  17335.134855  -8766.069511 -17791.535551   -546.962295  5  5  5  91       
*  2025  1  5 17  0  0.00000000
PG01  -4495.260964 -14792.650474 -21591.134624 999999.999999 14 10 12           
PG02  -3194.725418 -14530.051016 -21531.130946   -275.023487  7  6  5  69       
PG03 -11166.659558 -22667.126092  -8530.972858    640.127223  5  4  6  69       
PG04  -2036.394513 -21845.836981  14877.088107    507.322084  4  4  5  55       
PG05   -939.606879  18244.357480  19082.257480   -198.143027  4  7  2  72       
PG06 -25816.006440   5835.561578   3003.481403    -97.173013  5  3  2  53       
PG07 -19714.529435  -8596.036562  16408.689054    -13.843137  2  5  1  52       
PG08   4951.097642 -25453.702603  -4609.470323    454.614402  5  7  5  41       
PG09  -9447.844156 -14905.575432  19737.886577    516.803642  4  3  3  84       
PG10  18904.509117   4276.009066 -18079.799765   -264.179184  4  4  6  71       
PG11 -18960.283777  12105.654480  14113.709258   -752.329663  5  6  5  58       
PG12   7175.006482  23257.091287 -10979.631620   -562.698391  3  3  4  69       
PG13 -13638.485555  22560.980134   1626.596245    692.501220  5  6  7  57       
PG14 -20281.835019  -7619.914316 -15474.975698    574.295093  2  5  5  76       
PG15  -1170.536667  25996.309205  -5443.537702    248.126883  5  4  3  72       
PG16   7741.879663 -14206.316447  20618.928839    -85.266456  6  3  5  68       
PG17 -16297.380889   1719.436354 -20536.246778    487.809702  5  3  3  47       
PG18  21432.049477   6713.404942  14388.549623   -658.824970  2  2  2  60       
PG19 -17917.722165  11195.804858 -15956.822098    582.618057  4  5  4  61       
PG20 -11507.337274  10297.406068  21688.951314    367.311794  6  6  1  56       
PG21   3723.336697 -15766.941681 -20432.114582    100.100349  7  5  4  84       
PG22 -17008.910351   -139.981185 -19933.515915    -90.666232  4  6  4  71       
PG23  20142.939956  15968.291336  -7106.751105    397.962201  2  4  3  49       
PG24   1213.988943  16145.592458 -21490.743563   -466.986613  1  6  6  62       
PG25  17409.230444  20247.247852     41.269355    497.187404  6  5  3  74       
PG26  15894.961967  -5567.158741  20426.390012    -36.357784  4  2  6  70       
PG27  12496.484091 -22328.779946   5894.614287    -33.423588  4  6  5  48       
PG28  25949.287417  -5637.650938    672.627478   -527.690360  6  4  3  51       
PG29   8128.681947  15287.645189  20061.510118   -549.768772  4  5  5  85       
PG30 -25991.229295   -273.394884   6273.918859   -245.732103  4  3  3  77       
PG31  22719.038480 -10125.775921   9559.804657   -218.516605  4  4  2  53       
PG32  16660.762882  -6699.261042 -19272.482891   -546.956279  5  4  4  85       
*  2025  1  5 17 15  0.00000000
PG01  -2033.169254 -15101.405590 -21748.661593 999999.999999 14 10 11           
PG02   -735.717420 -15206.388834 -21258.048611   -275.015414  6  6  5  53       
PG03 -10334.939744 -21936.130410 -11132.390771    640.134289  5  4  6  69       
PG04  -1298.635466 -23252.227366  12645.628552    507.327439  3  5  4  70       
PG05  -2602.331010  16670.535907  20322.028026   -198.144112  4  7  2  77       
PG06 -26011.409112   5704.829423    106.783913    -97.197716  5  3  1  65       
PG07 -17907.602210  -9100.128405  18133.977804    -13.842336  2  5  2  69       
PG08   5356.418486 -25706.126054  -1780.131133    454.621715  5  7  5  41       
PG09  -8676.981788 -16970.485785  18378.175399    516.817450  4  4  4  70       
PG10  20136.919155   5841.208479 -16272.214792   -264.193603  4  4  6  77       
PG11 -20451.408117  12135.574294  11806.081496   -752.329180  5  5  4  37       
PG12   6194.636169  22307.579555 -13349.417062   -562.700380  3  3  4  53       
PG13 -13680.157576  22116.104488   4492.729314    692.502198  5  6  7   5       
PG14 -21187.265001  -9020.469507 -13395.429385    574.301657  2  5  5  62       
PG15  -1554.980572  26348.542876  -2676.563954    248.130668  5  3  3  53       
PG16   9275.819969 -12257.735270  21256.544791    -85.257947  5  3  5  84       
PG17 -15421.489915   -591.889396 -21231.916968    487.794836  5  3  3  71       
PG18  19737.883538   7164.227355  16432.923874   -658.824036  2  1  2  59       
PG19 -17276.625872   9375.620098 -17788.237264    582.622607  4  5  3  66       
PG20 -13396.424932   8749.087001  21266.928642    367.311239  6  6  1  50       
PG21   6046.525102 -16309.283514 -19344.556483    100.102287  6  5  4  78       
PG22 -18254.927350  -2070.687759 -18682.037351    -90.668041  4  6  4  81       
PG23  20462.056879  16563.341261  -4320.542685    397.968982  2  4  2  51       
PG24  -1050.114429  16769.133438 -20969.111656   -466.983207  2  6  6  67       
PG25  17133.324076  20341.946527  -2769.687255    497.186922  6  5  3  74       
PG26  17507.667721  -3890.223099  19518.546313    -36.371292  5  2  5  77       
PG27  12493.521682 -21407.273654   8605.158969    -33.423267  4  6  5  58       
PG28  25924.318590  -5371.090297  -2182.083302   -527.699311  6  4  3  74       
PG29   7154.761213  17297.898575  18749.554101   -549.765477  3  4  6  86       
PG30 -25219.138895   -720.614396   8881.996007   -245.724659  4  3  3  83       
PG31  23712.017247 -10065.927854   6952.337704   -218.515553  4  5  3  56       
PG32  16046.966151  -4458.302005 -20413.504435   -546.950263  6  4  5  79       
*  2025  1  5 17 30  0.00000000
PG01    406.301415 -15536.976386 -21531.769268 999999.999999 14 10 11           
PG02   1637.355520 -15991.174528 -20601.640646   -275.007310  6  5  5  61       
PG03  -9265.833467 -21051.588300 -13544.832171    640.141339  5  5  6  72       
PG04   -714.578563 -24442.141432  10195.066684    507.332821  3  7  3  56       
PG05  -4436.911225  15106.280329  21206.266010   -198.144862  4  7  2  68       
PG06 -25895.605158   5506.334200  -2791.729162    -97.222380  4  3  1  72       
PG07 -15961.283751  -9741.797397  19564.198371    -13.841720  3  5  2  51       
PG08   5676.248250 -25661.520316   1080.679655    454.628993  4  7  5  19       
PG09  -8055.388830 -18904.785560  16699.238069    516.831243  3  4  4  63       
PG10  21298.667873   7173.347868 -14183.959219   -264.208090  3  3  5  80       
PG11 -21672.394490  12186.608477   9295.045165   -752.328651  5  5  4           
PG12   5002.194284  21219.494857 -15493.680118   -562.702620  3  4  4  76       
PG13 -13618.204624  21376.544590   7280.018135    692.502949  5  6  7  32       
PG14 -21991.191760 -10193.462891 -11087.407061    574.308198  2  6  5  84       
PG15  -1892.265818  26405.938997    136.586928    248.134509  5  2  3  48       
PG16  10937.108561 -10352.694055  21514.563337    -85.249476  5  3  5  84       
PG17 -14647.127442  -3003.632114 -21549.108077    487.779114  5  4  3  66       
PG18  17861.185627   7758.544130  18197.770636   -658.823058  2  1  3  66       
PG19 -16663.222956   7350.840908 -19311.844001    582.626256  4  5  4  48       
PG20 -15308.211704   7338.402729  20481.172711    367.311058  6  6  1  38       
PG21   8209.187585 -16917.621472 -17902.835460    100.103194  6  5  4  72       
PG22 -19493.125710  -3809.876904 -17095.757679    -90.669893  4  6  4  93       
PG23  20583.706689  16919.003286  -1460.939859    397.975785  2  3  2  55       
PG24  -3213.731254  17476.778104 -20098.982744   -466.979819  3  5  6  72       
PG25  16640.691029  20231.132352  -5533.954839    497.186438  5  5  3  71       
PG26  19102.177920  -2373.356863  18272.805310    -36.384779  5  2  5  68       
PG27  12461.366015 -20192.927342  11162.067195    -33.422887  3  5  5  37       
PG28  25605.441336  -5012.525124  -4999.257055   -527.708253  5  4  3  84       
PG29   6344.542813  19199.580411  17112.558631   -549.762660  3  5  6  70       
PG30 -24195.946612  -1276.769488  11340.386372   -245.717157  4  3  3  58       
PG31  24412.911370  -9989.590221   4226.805941   -218.514938  4  5  3  11       
PG32  15522.350860  -2083.001701 -21194.644283   -546.944290  6  3  5  70       
*  2025  1  5 17 45  0.00000000
PG01   2775.699224 -16087.629065 -20944.180901 999999.999999 13 10 10           
PG02   3879.238815 -16858.801560 -19573.042129   -274.999121  6  5  5  64       
PG03  -7955.751712 -20056.597138 -15727.615950    640.148403  6  5  6  73       
PG04   -261.103195 -25380.998899   7567.706573    507.338146  3  8  2  66       
PG05  -6415.120828  13592.960624  21719.454374   -198.145924  4  6  2  79       
PG06 -25481.035558   5202.437538  -5642.512086    -97.247049  4  4  1  59       
PG07 -13917.572444 -10528.942023  20676.142091    -13.841233  2  5  3  45       
PG08   5945.775891 -25310.808192   3922.329629    454.636340  4  6  5  65       
PG09  -7571.157909 -20664.376727  14730.286839    516.845040  4  5  3  65       
PG10  22345.198986   8267.855603 -11852.006791   -264.222522  2  3  5  63       
PG11 -22606.854955  12221.363880   6623.752917   -752.328065  5  4  4  54       
PG12   3597.503594  20035.314726 -17376.820936   -562.704313  4  4  4  52       
PG13 -13491.790666  20340.229333   9939.279251    692.504080  5  6  7           
PG14 -22654.086719 -11140.114539  -8590.562419    574.314776  2  6  5  71       
PG15  -2217.056758  26160.951050   2947.314049    248.138515  5  3  2  73       
PG16  12695.414638  -8532.420921  21389.659262    -85.241173  5  3  5  84       
PG17 -13994.272090  -5468.349155 -21481.302125    487.763987  5  4  3  83       
PG18  15845.232247   8509.783516  19652.707519   -658.822056  3  3  3  85       
PG19 -16111.380989   5154.204632 -20502.589317    582.630854  4  5  3  55       
PG20 -17198.559296   6083.357057  19344.656726    367.310949  6  5  1  70       
PG21  10173.657928 -17558.004524 -16131.404371    100.104794  5  5  4  73       
PG22 -20680.288564  -5337.727115 -15203.231103    -90.671829  3  7  5  92       
PG23  20476.702683  17058.983667   1423.464728    397.982531  2  4  2  48       
PG24  -5240.543593  18242.816706 -18893.235799   -466.976430  3  5  6  75       
PG25  15913.713834  19947.144841  -8205.256710    497.185910  5  5  3  72       
PG26  20636.953271  -1031.359306  16711.923480    -36.398261  5  2  4  72       
PG27  12437.626916 -18700.256897  13519.369322    -33.422532  3  4  6  71       
PG28  25011.100725  -4529.183277  -7730.444094   -527.717261  5  4  3  63       
PG29   5691.243240  20946.611451  15178.741365   -549.759804  3  5  6  68       
PG30 -22950.659264  -1965.978737  13607.766393   -245.709662  4  3  3  60       
PG31  24818.914354  -9859.767824   1429.743026   -218.514278  4  5  3   5       
PG32  15108.870680    381.737035 -21602.463012   -546.938334  6  3  4  82       
*  2025  1  5 18  0  0.00000000
PG01   5030.513892 -16734.097346 -19996.002958 999999.999999 13 11 10           
PG02   5950.184157 -17777.140707 -18190.471954   -274.991190  5  5  5  84       
PG03  -6409.819563 -18995.428947 -17643.981020    640.155477  6  5  6  69       
PG04     90.703710 -26040.945642   4809.013372    507.343456  4  9  3  55       
PG05  -8501.733658  12167.177909  21852.672857   -198.146682  5  6  2  50       
PG06 -24788.645569   4759.044361  -8396.731302    -97.271694  3  4  2  59       
PG07 -11819.955180 -11461.944907  21451.477158    -13.840570  2  5  3  49       
PG08   6201.500821 -24653.981206   6694.395622    454.643637  4  6  5  38       
PG09  -7205.094272 -22209.559750  12505.599949    516.858818  4  5  3  65       
PG10  23233.559998   9129.133020  -9317.208637   -264.236949  2  2  4  76       
PG11 -23247.107731  12201.082703   3838.186517   -752.327531  5  4  3  59       
PG12   1988.543402  18797.998523 -18967.699669   -562.706633  4  4  4  71       
PG13 -13340.692298  19014.427321  12423.434431    692.505179  5  6  7  65       
PG14 -23138.870890 -11869.586284  -5947.613901    574.321299  3  6  5  83       
PG15  -2564.538938  25614.657096   5706.452694    248.142535  5  4  2  63       
PG16  14514.380913  -6832.479122  20885.545066    -85.232644  5  3  5  78       
PG17 -13475.040890  -7935.636477 -21029.097524    487.748239  5  5  2  81       
PG18  13736.346517   9423.431189  20772.504984   -658.821053  2  4  4  85       
PG19 -15649.390572   2824.472818 -21341.341132    582.634966  4  5  3  50       
PG20 -19021.641542   4994.093078  17876.374977    367.310705  6  5  2  59       
PG21  11909.615746 -18191.807623 -14061.486230    100.105855  5  5  4  83       
PG22 -21772.144194  -6643.140537 -13038.663683    -90.673875  3  6  5  86       
PG23  20116.214346  17013.347498   4283.726284    397.989293  3  5  3  73       
PG24  -7099.291066  19036.088678 -17370.344975   -466.973021  4  5  6  72       
PG25  14942.023225  19526.166186 -10739.169346    497.185434  5  4  3  75       
PG26  22070.014039    128.912984  14863.912378    -36.411763  5  2  4  73       
PG27  12457.461478 -16952.653410  15634.684172    -33.422174  3  4  5  77       
PG28  24167.307797  -3892.823863 -10328.690399   -527.726220  5  3  4  77       
PG29   5180.225493  22496.355715  12981.537545   -549.756799  3  6  6  54       
PG30 -21517.699400  -2806.520808  15645.994479   -245.702140  4  3  3  60       
PG31  24935.695526  -9640.265943  -1391.451790   -218.513479  4  5  3  63       
PG32  14820.957044   2887.505978 -21630.267501   -546.932351  6  3  4  44       
*  2025  1  5 18 15  0.00000000
PG01   7130.694690 -17450.318374 -18703.551971 999999.999999 12 10 10           
PG02   7817.384164 -18708.845328 -16478.884075   -274.982877  5  4  5  72       
PG03  -4641.857436 -17911.828463 -19261.664629    640.162538  5  5  6  86       
PG04    374.223722 -26401.915563   1966.813389    507.348769  5  9  4           
PG05 -10655.734808  10859.417772  21603.757275   -198.147654  5  5  1  55       
PG06 -23847.076134   4147.114539 -11007.091356    -97.296316  3  5  2  21       
PG07  -9711.983885 -12533.526840  21877.011063    -13.839923  2  5  3  80       
PG08   6479.556883 -23700.180410   9347.640519    454.650908  4  5  5  38       
PG09  -6931.636433 -23506.459754  10063.904629    516.872645  5  5  3  66       
PG10  23924.050038   9770.118599  -6623.544377   -264.251413  2  2  4  52       
PG11 -23594.363613  12087.305628    986.364519   -752.326989  4  4  3  46       
PG12    191.310287  17549.388227 -20240.087845   -562.708673  4  5  4  33       
PG13 -13203.558788  17415.635675  14688.413841    692.506311  5  6  7  46       
PG14 -23412.369121 -12398.419379  -3203.626666    574.328035  3  7  5  66       
PG15  -2968.821848  24776.855034   8365.168084    248.146405  5  5  3  59       
PG16  16352.987539  -5281.542179  20012.792114    -85.224209  4  2  5  74       
PG17 -13093.230603 -10353.965205 -20200.241677    487.733620  5  5  2  73       
PG18  11582.269634  10496.652025  21537.532249   -658.820062  3  5  5  79       
PG19 -15298.892889    405.092647 -21815.122226    582.639147  4  5  3  74       
PG20 -20731.585877   4072.644987  16101.055085    367.309887  6  5  2  68       
PG21  13395.230390 -18777.397496 -11730.495186    100.106906  4  4  4  63       
PG22 -22725.161401  -7723.957037 -10641.206586    -90.675787  2  6  5  88       
PG23  19484.824947  16817.222590   7071.344240    397.996029  3  6  3  62       
PG24  -8764.797589  19821.095519 -15554.211733   -466.969622  4  5  6  79       
PG25  13722.997400  19006.746055 -13093.782957    497.184940  5  4  3  59       
PG26  23360.488453   1108.556545  12761.480156    -36.425240  5  2  3  47       
PG27  12551.982658 -14981.603240  17470.079251    -33.421838  2  2  5  73       
PG28  23106.619070  -3081.027958 -12749.343492   -527.735202  4  3  4  64       
PG29   4789.738522  23811.180838  10559.014355   -549.753923  3  6  6  72       
PG30 -19935.666215  -3809.963234  17420.708988   -245.694619  3  4  3  81       
PG31  24777.046270  -9297.219491  -4189.278063   -218.512606  4  5  3  27       
PG32  14664.972160   5384.116175 -21278.201914   -546.926366  5  3  3  36       
*  2025  1  5 18 30  0.00000000
PG01   9041.996137 -18204.444986 -17089.074371 999999.999999 12 10 10           
PG02   9456.110113 -19612.898853 -14469.454584   -274.974685  5  4  5  82       
PG03  -2674.039795 -16847.348202 -20553.408966    640.169596  6  5  6  72       
PG04    625.801499 -26452.400909   -909.553876    507.354110  6 10  5  24       
PG05 -12831.768851   9692.961715  20977.327482   -198.148479  5  5  1  55       
PG06 -22691.570681   3343.987979 -13428.642454    -97.320930  2  5  3  64       
PG07  -7635.852100 -13728.869985  21944.904918    -13.839310  2  4  3  76       
PG08   6814.050791 -22467.411420  11834.970651    454.658157  4  4  5  41       
PG09  -6720.034121 -24528.232483   7447.679966    516.886478  5  5  4  68       
PG10  24381.736089  10211.535925  -3817.344129   -264.265904  3  1  3  57       
PG11 -23658.577341  11843.534732  -1882.490216   -752.326412  4  5  2  62       
PG12  -1770.614931  16328.672742 -21173.043401   -562.710723  4  5  5  39       
PG13 -13116.218203  15569.100955  16694.007985    692.507145  5  6  6  57       
PG14 -23446.623953 -12749.701235   -405.265034    574.334504  4  7  5  44       
PG15  -3461.354220  23665.820798  10875.884326    248.150537  5  6  3  70       
PG16  18167.098860  -3900.477783  18788.511905    -85.215677  4  2  5  77       
PG17 -12844.221887 -12672.578045 -19009.501753    487.717856  5  6  2  60       
PG18   9430.480451  11718.234548  21934.118304   -658.819035  2  6  5  90       
PG19 -15074.088685  -2057.301792 -21917.233200    582.643243  4  5  3  70       
PG20 -22284.135875   3313.007818  14048.770176    367.310031  5  5  3  65       
PG21  14617.937548 -19271.973268  -9181.267130    100.108121  4  4  5  67       
PG22 -23498.318810  -8586.791175  -8054.145250    -90.677641  2  6  4  76       
PG23  18573.319738  16509.324139   9739.049066    398.002797  4  6  4  24       
PG24 -10218.792663  20559.307714 -13473.908677   -466.966237  4  4  6  54       
PG25  12261.981611  18428.267545 -15230.310050    497.184435  4  4  3  72       
PG26  24470.112226   1916.323336  10441.409743    -36.438701  6  3  2  43       
PG27  12746.845789 -12825.574009  18992.833426    -33.421456  2  1  4  73       
PG28  21866.877173  -2078.264181 -14950.817448   -527.744121  4  2  4  76       
PG29   4491.944644  24859.834895   7953.198384   -549.750929  3  7  6  37       
PG30 -18245.955178  -4980.542285  18901.871633   -245.687139  3  4  3  74       
PG31  24364.243418  -8800.525132  -6916.880331   -218.512003  4  4  3  68       
PG32  14639.005252   7821.387029 -20553.200242   -546.920368  4  4  3  90       
*  2025  1  5 18 45  0.00000000
PG01  10737.100190 -18960.095218 -15180.363964 999999.999999 11 10 10           
PG02  10850.500827 -20446.333198 -12198.919754   -274.966606  5  4  5  71       
PG03   -536.244262 -15839.780848 -21497.390594    640.176665  5  5  5  65       
PG04    883.118475 -26189.899238  -3770.115314    507.359451  7 10  6  73       
PG05 -14981.766560   8683.100223  19984.684228   -198.149630  5  4  1  37       
PG06 -21362.637240   2334.470679 -15619.556142    -97.345502  3  5  3  44       
PG07  -5631.015767 -15026.009219  21652.837170    -13.839022  2  4  4  61       
PG08   7235.487957 -20981.904581  14112.348980    454.665413  4  4  5  42       
PG09  -6535.735130 -25256.002960   4702.393712    516.900276  6  5  4  72       
PG10  24577.783615  10480.860909   -946.495722   -264.280296  3  1  3  54       
PG11 -23457.969021  11436.830290  -4718.808326   -752.325735  4  5  2  35       
PG12  -3866.776749  15170.968959 -21751.207828   -562.712329  4  6  5  19       
PG13 -13110.102451  13507.988995  18404.646915    692.508514  4  5  6  24       
PG14 -23220.021330 -12951.994375   2399.973570    574.341052  4  7  5  64       
PG15  -4069.420520  22307.727926  13193.227173    248.154616  4  6  3  57       
PG16  19911.123904  -2701.770851  17235.913343    -85.207200  3  2  5  58       
PG17 -12715.252081 -14843.362145 -17478.375306    487.703055  5  6  2  68       
PG18   7326.525270  13068.863486  21954.820497   -658.818054  3  6  5  87       
PG19 -14981.252335  -4514.489451 -21647.269274    582.647633  4  6  3  50       
PG20 -23638.271610   2701.524372  11754.454955    367.309936  5  5  3  56       
PG21  15574.802636 -19633.491314  -6461.122037    100.109704  4  4  5  52       
PG22 -24054.770235  -9246.503925  -5324.008897    -90.679861  3  5  4  67       
PG23  17381.175815  16130.355063  12241.569030    398.009557  4  7  5  21       
PG24 -11450.491601  21210.624767 -11163.329372   -466.962874  5  4  6  75       
PG25  10572.224545  17829.408362 -17113.638743    497.183919  4  4  3  41       
PG26  25364.623691   2568.033455   7943.887895    -36.452166  6  2  2  28       
PG27  13061.076882 -10528.615185  20176.080600    -33.421064  2  1  3  68       
PG28  20489.761510   -876.687448 -16895.304057   -527.753066  4  3  4  72       
PG29   4254.193608  25618.584739   5209.328921   -549.747892  3  7  5  67       
PG30 -16491.285272  -6314.816885  20064.250157   -245.679623  2  4  3  66       
PG31  23725.157218  -8125.126617  -9528.767977   -218.511204  3  4  4  61       
PG32  14733.017206  10150.925893 -19468.804684   -546.914382  4  4  3  65       
*  2025  1  5 19  0  0.00000000
PG01  12196.472326 -19677.790678 -13010.283501 999999.999999 11 10 10           
PG02  11993.968645 -21166.038262  -9708.786240   -274.958117  5  4  5  66       
PG03   1734.885331 -14921.745468 -22077.568006    640.183739  5  5  5  76       
PG04   1183.511442 -25621.018300  -6565.158017    507.364788  7 10  7  73       
PG05 -17056.683786   7836.677827  18643.578405   -198.150611  5  4  1  68       
PG06 -19904.515517   1111.637754 -17541.855644    -97.370005  3  6  3  51       
PG07  -3732.902141 -16396.483512  21004.112796    -13.838077  2  4  3  71       
PG08   7769.354742 -19277.147637  16139.640644    454.672650  4  3  5  64       
PG09  -6341.924436 -25679.500789   1875.688439    516.914237  6  5  5  93       
PG10  24490.556103  10611.052658   1940.349974   -264.294716  2  1  2  57       
PG11 -23018.233735  10839.277801  -7473.541479   -752.325240  3  5  2  59       
PG12  -6060.804988  14106.068132 -21965.024354   -562.714323  4  7  5  53       
PG13 -13210.859498  11272.236470  19790.086865    692.509673  4  6  6  66       
PG14 -22718.187472 -13038.068842   5164.532388    574.347594  4  7  5  64       
PG15  -4814.787062  20735.742733  15274.956159    248.158177  4  6  3  90       
PG16  21539.719271  -1689.299772  15383.754496    -85.198921  3  2  5  67       
PG17 -12686.044519 -16822.615621 -15634.648233    487.687276  4  7  2  72       
PG18   5312.420447  14521.713729  21598.593999   -658.817060  3  6  6  85       
PG19 -15018.562516  -6918.302962 -21011.037150    582.651921  4  6  3  68       
PG20 -24757.725254   2217.576403   9257.331575    367.309537  5  6  3  55       
PG21  16272.448221 -19822.576647  -3620.790165    100.111346  4  3  5  57       
PG22 -24363.334540  -9725.338154  -2499.626728    -90.681499  3  5  4  82       
PG23  15916.735336  15721.341132  14536.366709    398.016305  4  8  5  65       
PG24 -12456.905714  21734.939398  -8660.739851   -466.959509  5  3  6  90       
PG25   8674.536929  17246.649914 -18712.828461    497.183408  3  3  3  54       
PG26  26015.004719   3085.726895   5311.798759    -36.465635  6  2  1  69       
PG27  13506.194834  -8138.735565  20999.317409    -33.420665  3  2  2  70       
PG28  19019.205017    523.360399 -18549.418216   -527.762003  4  3  4  93       
PG29   4040.491786  26072.070390   2375.051505   -549.745119  4  8  5  90       
PG30 -14714.185850  -7801.610338  20887.834292   -245.672114  1  4  3  79       
PG31  22893.138933  -7252.109781 -11981.502024   -218.510747  3  3  4  84       
PG32  14929.323609  12327.825897 -18044.857578   -546.908388  3  4  4  61       
*  2025  1  5 19 15  0.00000000
PG01  13408.919152 -20316.527987 -10616.198457 999999.999999 10 10 11           
PG02  12889.208138 -21730.578767  -7044.439410   -274.950074  6  4  5  45       
PG03   4097.128640 -14119.478584 -22283.943265    640.190772  6  5  5  90       
PG04   1562.304322 -24761.234098  -9246.119456    507.370130  7 10  7  80       
PG05 -19008.281954   7151.986271  16977.859215   -198.151340  4  5  1  47       
PG06 -18363.506506   -322.680248 -19162.087653    -97.394588  4  6  3  74       
PG07  -1971.749549 -17806.231900  20007.712763    -13.837833  2  4  3  44       
PG08   8434.918722 -17392.633367  17881.369825    454.679951  4  3  4  66       
PG09  -6101.153022 -25797.368471   -983.466746    516.928074  6  5  5  93       
PG10  24106.447658  10639.099290   4794.564233   -264.309276  2  2  2  70       
PG11 -22371.469995  10029.266408 -10099.023550   -752.324688  3  6  2  64       
PG12  -8311.591356  13157.390279 -21810.876322   -562.716280  4  7  5  73       
PG13 -13437.212896   8907.131468  20825.987085    692.510693  4  6  6  64       
PG14 -21934.624634 -13043.485940   7841.566277    574.354136  5  7  5  44       
PG15  -5712.562439  18988.825037  17082.859353    248.162448  4  6  4  59       
PG16  23009.464376   -858.464010  13265.708747    -85.190502  2  3  5  54       
PG17 -12729.764982 -18572.630184 -13511.813123    487.672266  4  8  3  91       
PG18   3425.188588  16043.346847  20870.856541   -658.816036  3  7  6  87       
PG19 -15176.249239  -9222.250041 -20020.379158    582.655803  4  6  4  82       
PG20 -25612.332356   1834.555062   6600.253158    367.309339  4  6  3  66       
PG21  16726.548200 -19804.322940   -713.242266    100.112212  5  4  5  38       
PG22 -24399.748394 -10051.761981    368.842298    -90.683507  3  6  3  77       
PG23  14197.054866  15321.962327  16584.335332    398.023097  5  8  6  68       
PG24 -13242.861813  22093.749951  -6008.229719   -466.956140  5  3  6  73       
PG25   6596.686268  16712.884391 -20001.546226    497.182904  3  3  3  72       
PG26  26398.524748   3496.591506   2589.994621    -36.479128  6  2  1  61       
PG27  14085.665061  -5706.130215  21448.763110    -33.420267  2  2  3  82       
PG28  17499.738059   2113.167902 -19884.766853   -527.770932  4  3  4  71       
PG29   3813.106957  26213.841743   -500.432323   -549.742222  4  8  5  89       
PG30 -12955.496800  -9422.244000  21358.179216   -245.664584  2  5  3  67       
PG31  21905.729486  -6169.570802 -14234.343137   -218.509825  3  3  4  74       
PG32  15203.391869  14312.214626 -16307.077640   -546.902394  3  4  4  65       
*  2025  1  5 19 30  0.00000000
PG01  14371.826734 -20835.422222  -8039.332702 999999.999999 10 11 11           
PG02  13547.813418 -22101.935783  -4254.179012   -274.942050  6  4  5  43       
PG03   6504.089184 -13451.873949 -22112.734267    640.197832  5  5  5  89       
PG04   2051.221007 -23634.311637 -11766.456101    507.375478  8  9  7  72       
PG05 -20790.878477   6619.007166  15017.010547   -198.152210  4  5  1  44       
PG06 -16786.228085  -1957.749598 -20451.922857    -97.419164  4  6  3  65       
PG07   -371.618608 -19216.711070  18678.277237    -13.837298  2  4  3  36       
PG08   9244.298051 -15372.377381  19307.370195    454.687215  4  3  3  75       
PG09  -5776.990744 -25617.132449  -3825.642261    516.941892  6  5  5  81       
PG10  23420.423055  10604.434796   7568.306278   -264.323695  2  2  2  63       
PG11 -21554.868959   8992.527147 -12549.809338   -752.324155  3  6  2  48       
PG12 -10574.641896  12341.182279 -21291.145082   -562.718101  4  7  4  59       
PG13 -13800.117735   6461.682687  21494.362932    692.511832  4  6  6  60       
PG14 -20871.062808 -13005.086129  10385.699590    574.360714  5  7  5  63       
PG15  -6770.329231  17110.280115  18583.582965    248.166379  3  5  4  51       
PG16  24280.443335   -196.646518  10919.665544    -85.181994  2  3  5  66       
PG17 -12814.260289 -20063.021674 -11148.365895    487.656981  4  8  3  74       
PG18   1695.585084  17594.879451  19783.444194   -658.815063  4  7  6  87       
PG19 -15437.045839 -11383.058334 -18692.912323    582.660012  4  7  4  78       
PG20 -26179.164764   1521.074235   3828.974902    367.309286  4  6  3  79       
PG21  16960.916996 -19549.889994   2207.530921    100.113803  4  4  5  49       
PG22 -24147.632975 -10259.076279   3230.880018    -90.685451  4  6  3  71       
PG23  12247.435062  14968.942102  18350.445346    398.029934  5  8  6  85       
PG24 -13820.720472  22251.759501  -3251.063734   -466.952767  5  3  6  84       
PG25   4372.549433  16256.166089 -20958.441964    497.182415  3  3  4  72       
PG26  26499.553494   3831.711039   -175.444554    -36.492597  5  2  2  68       
PG27  14794.705735  -3281.335560  21517.565445    -33.419819  3  2  4  79       
PG28  15974.823103   3875.796781 -20878.432072   -527.779864  4  4  4  74       
PG29   3534.243566  26046.556525  -3367.242317   -549.739576  4  8  5  71       
PG30 -11252.935654 -11151.057121  21466.670883   -245.657088  1  5  3  61       
PG31  20803.235454  -4873.229298 -16249.855935   -218.509120  3  3  5  80       
PG32  15524.915334  16070.593983 -14286.533587   -546.896334  4  4  4  74       
*  2025  1  5 19 45  0.00000000
PG01  15091.071108 -21195.358430  -5324.057200 999999.999999  9 11 11           
PG02  13989.529123 -22247.096001  -1388.212876   -274.933958  6  4  5  40       
PG03   8906.755982 -12929.806389 -21566.454761    640.204821  5  6  5  68       
PG04   2676.943739 -22271.411717 -14082.473139    507.380800  8  9  7  78       
PG05 -22362.997423   6219.990893  12795.587231   -198.153193  3  6  1  65       
PG06 -15217.863627  -3774.133211 -21388.673348    -97.443729  5  6  4  69       
PG07   1050.387781 -20586.203987  17036.015160    -13.836546  3  5  3  40       
PG08  10201.838091 -13263.271028  20393.315111    454.694486  4  4  2  62       
PG09  -5335.637117 -25154.840133  -6601.815285    516.955713  6  5  5  80       
PG10  22436.250303  10547.285823  10215.261299   -264.338129  2  3  2  58       
PG11 -20609.216010   7722.888909 -14783.475034   -752.323559  3  6  3  51       
PG12 -12803.559009  11665.987452 -20414.186683   -562.720240  4  7  4  36       
PG13 -14302.248581   3986.846191  21783.905086    692.513019  4  6  5  81       
PG14 -19537.514497 -12959.437077  12753.761028    574.367275  5  6  4  56       
PG15  -7987.592790  15146.121075  19749.368442    248.170691  3  5  3  56       
PG16  25317.674740    316.018349   8386.985404    -85.173624  1  3  5  68       
PG17 -12903.521070 -21271.753214  -8587.002523    487.641542  4  8  3  87       
PG18    147.065349  19133.381691  18354.455567   -658.814071  4  7  6  68       
PG19 -15776.924412 -13362.090644 -17051.690178    582.664303  5  7  4  88       
PG20 -26443.398980   1242.380237    991.364627    367.308954  4  6  3  75       
PG21  17006.245416 -19037.820592   5087.742894    100.115006  4  4  5  41       
PG22 -23599.140288 -10383.851375   6036.555796    -90.687179  4  6  3  52       
PG23  10100.646210  14694.554433  19804.331910    398.036720  5  8  6  86       
PG24 -14209.794114  22178.396722   -436.938447   -466.949401  5  3  6  64       
PG25   2041.051867  15898.648329 -21567.461206    497.181903  2  3  3  55       
PG26  26310.116899   4124.682132  -2937.952369    -36.506076  5  2  2  78       
PG27  15620.450791   -913.393087  21205.851902    -33.419378  3  2  5  73       
PG28  14485.243989   5786.545295 -21513.360707   -527.788802  4  4  4  73       
PG29   3167.720722  25581.832680  -6175.706391   -549.736589  4  7  5  70       
PG30  -9639.783616 -12956.197208  21210.707796   -245.649536  1  5  3  62       
PG31  19627.222244  -3366.766287 -17994.465282   -218.508252  2  3  5  59       
PG32  15859.116696  17576.921659 -12019.030004   -546.890322  5  4  5  72       
*  2025  1  5 20  0  0.00000000
PG01  15580.605237 -21360.586828  -2517.124074 999999.999999  9 11 12           
PG02  14241.177213 -22139.421588   1502.360924   -274.925685  6  4  5  54       
PG03  11255.171094 -12555.765326 -20653.899859    640.211833  5  6  5  82       
PG04   3459.875452 -20709.919939 -16154.098919    507.386130  7  8  7  85       
PG05 -23688.855786   5930.344868  10352.564744   -198.154199  3  6  1  62       
PG06 -13700.471588  -5744.233609 -21955.716070    -97.468244  5  6  4  93       
PG07   2284.662870 -21871.281375  15106.532206    -13.836239  3  5  3  42       
PG08  11303.818914 -11113.340632  21121.118080    454.701778  4  4  2  75       
PG09  -4747.426196 -24434.379443  -9264.222001    516.969533  6  5  5  67       
PG10  21166.421334  10507.008086  12691.343504   -264.352569  2  3  2  66       
PG11 -19577.263842   6222.721146 -16761.365316   -752.323035  3  5  4  89       
PG12 -14951.602447  11132.405654 -19194.226700   -562.722457  5  7  4  97       
PG13 -14937.839890   1533.684555  21690.158940    692.514369  4  6  5  81       
PG14 -17952.030077 -12941.299182  14905.485764    574.373814  5  6  4  64       
PG15  -9355.578434  13143.312301  20558.671674    248.174766  3  4  4  81       
PG16  26092.339371    705.611345   5711.727412    -85.165231  1  3  5  59       
PG17 -12959.301218 -22185.811305  -5873.740299    487.625848  4  8  4  85       
PG18  -1204.965271  20613.454396  16607.983693   -658.813029  4  7  5  83       
PG19 -16166.084199 -15126.583224 -15124.794931    582.668415  5  8  4  94       
PG20 -26398.883608    961.902792  -1863.433529    367.309002  4  6  3  80       
PG21  16898.553959 -18255.016804   7874.994016    100.116846  4  4  5  59       
PG22 -22755.260100 -10464.263010   8737.428175    -90.689438  4  6  2  59       
PG23   7795.876031  14525.304719  20920.814332    398.043548  5  7  6  97       
PG24 -14435.478697  21849.192757   2384.847261   -466.946098  5  3  6  86       
PG25   -355.071525  15655.741595 -21818.093252    497.181437  2  3  3  70       
PG26  25830.180275   4410.152186  -5651.208838    -36.519578  5  2  3  80       
PG27  16542.457115   1351.900261  20520.631043    -33.418923  4  2  5  86       
PG28  13067.611342   7813.714983 -21778.654026   -527.797680  4  5  4  62       
PG29   2680.585253  24839.761983  -8877.239746   -549.733516  5  7  5  81       
PG30  -8143.739131 -14800.655554  20593.794115   -245.642025  1  5  3  43       
PG31  18418.976353  -1661.875852 -19438.960483   -218.507571  3  3  5  51       
PG32  16168.224771  18813.396407  -9544.421391   -546.884285  5  3  4   8       
*  2025  1  5 20 15  0.00000000
PG01  15861.739134 -21300.199489    333.140567 999999.999999  9 12 12           
PG02  14335.315604 -21759.746344   4366.554866   -274.917492  6  4  5  57       
PG03  13500.143567 -12323.812959 -19390.035435    640.218831  5  6  5  64       
PG04   4413.155840 -18992.045300 -17945.589221    507.391530  7  7  6  87       
PG05 -24739.628292   5719.791979   7730.617336   -198.154956  3  5  2  53       
PG06 -12271.422379  -7833.161002 -22142.812916    -97.492829  5  6  4  92       
PG07   3329.366196 -23028.370555  12920.569179    -13.835812  3  5  4  21       
PG08  12538.502080  -8969.986866  21479.198445    454.709054  4  4  4  84       
PG09  -3988.166608 -23486.509731 -11767.179503    516.983352  6  4  6 103       
PG10  19631.766734  10520.471169  14955.358105   -264.366969  2  4  2  88       
PG11 -18502.041383   4503.044860 -18449.273075   -752.322456  4  5  4  48       
PG12 -16973.275660  10733.153616 -17651.172598   -562.724262  5  7  3  60       
PG13 -15692.883391   -848.464539  21215.562443    692.515286  5  6  5  71       
PG14 -16140.161793 -12982.165302  16804.175448    574.380389  4  6  4  69       
PG15 -10857.391567  11147.972212  20996.642542    248.178619  3  4  4  74       
PG16  26582.766047   1003.177254   2939.865618    -85.156744  1  3  5  35       
PG17 -12942.820784 -22801.512284  -3056.989475    487.610885  4  8  4  83       
PG18  -2353.587356  21988.925352  14573.737060   -658.812044  3  6  5  55       
PG19 -16570.154759 -16650.666678 -12944.867340    582.672518  5  8  4  90       
PG20 -26048.381245    642.885818  -4685.866975    367.308398  4  6  4  78       
PG21  16677.447882 -17197.337199  10519.372161    100.117810  4  5  4  36       
PG22 -21625.783913 -10538.399024  11287.383722    -90.691275  5  6  2  67       
PG23   5377.436302  14480.834835  21680.338925    398.050339  5  7  6  93       
PG24 -14528.126170  21246.950604   5164.294267   -466.942764  5  3  6  61       
PG25  -2770.653378  15535.521845 -21705.552433    497.180929  3  3  4  42       
PG26  25067.652064   4722.331525  -8269.856682    -36.533046  4  2  3  29       
PG27  17533.527993   3473.583288  19475.553257    -33.418488  4  2  5  90       
PG28  11753.041109   9919.652067 -21669.752972   -527.806644  4  5  3  70       
PG29   2044.595137  23848.105582 -11425.199319   -549.730529  5  6  5  89       
PG30  -6785.982542 -16643.513497  19625.539509   -245.634475  1  5  3  45       
PG31  17217.989349    221.971642 -20558.943394   -218.506903  3  3  5  78       
PG32  16413.063283  19770.922181  -6905.870754   -546.878288  5  4  4  81       
*  2025  1  5 20 30  0.00000000
PG01  15962.141863 -20989.430825   3177.670892 999999.999999  9 12 12           
PG02  14308.694687 -21097.158923   7154.450354   -274.909269  6  4  4  62       
PG03  15594.947906 -12219.870717 -17795.790657    640.225788  5  6  5  74       
PG04   5541.970370 -17163.244828 -19426.148240    507.396920  7  5  6  61       
PG05 -25494.443560   5553.749764   4975.340483   -198.155860  3  5  2  60       
PG06 -10962.024451  -9999.895445 -21946.319713    -97.517340  6  6  5  77       
PG07   4190.406186 -24015.379423  10513.643614    -13.835251  3  5  4  38       
PG08  13886.509925  -6878.277025  21462.611563    454.716378  4  4  5  76       
PG09  -3040.264918 -22347.643928 -14067.863205    516.997178  7  5  6  96       
PG10  17860.780194  10620.547818  16969.616943   -264.381457  2  4  2  85       
PG11 -17425.165383   2583.306628 -19818.039096   -752.321869  4  5  5  70       
PG12 -18825.882399  10453.425489 -15810.343252   -562.726408  5  7  2  47       
PG13 -16545.671145  -3113.734739  20369.344839    692.516437  6  6  6  73       
PG14 -14134.154664 -13108.929003  18417.306913    574.386984  4  5  4  77       
PG15 -12468.537107   9203.616927  21055.447942    248.182790  4  4  4  65       
PG16  26775.146594   1243.309801    118.508472    -85.148306  1  3  5  61       
PG17 -12816.477372 -23124.434222   -186.601170    487.595236  4  8  4  83       
PG18  -3300.469395  23214.599287  12286.553601   -658.811084  3  6  5  69       
PG19 -16951.569492 -17916.136824 -10548.581162    582.676549  6  8  4  73       
PG20 -25403.473042    250.032535  -7426.857544    367.308065  4  6  4  82       
PG21  16384.265342 -15869.799035  12974.438289    100.119057  4  5  4  62       
PG22 -20228.936759 -10642.606193  13643.399208    -90.693036  5  6  2  54       
PG23   2893.273956  14573.095035  22069.337217    398.057188  4  6  6  87       
PG24 -14521.698078  20362.649310   7851.659733   -466.939448  5  3  5  74       
PG25  -5159.563834  15538.410641 -21230.889555    497.180445  3  4  4  45       
PG26  24038.110955   5093.532900 -10750.193935    -36.546498  4  3  4  71       
PG27  18560.811588   5416.901127  18090.544099    -33.418029  4  3  6  85       
PG28  10566.056472  12062.024281 -21188.515997   -527.815650  4  5  3  62       
PG29   1237.514281  22641.204750 -13775.697462   -549.727491  5  6  5  50       
PG30  -5580.488726 -18441.356604  18321.561864   -245.626942  1  5  3  43       
PG31  16060.515520   2258.047971 -21335.216312   -218.506181  3  2  6  72       
PG32  16554.687512  20449.239521  -4149.069042   -546.872258  5  4  4  50       
*  2025  1  5 20 45  0.00000000
PG01  15914.604878 -20410.731049   5967.508055 999999.999999  9 13 12           
PG02  14200.583741 -20149.449779   9818.092417   -274.901187  5  5  4  27       
PG03  17496.944908 -12222.325933 -15897.753867    640.232771  5  6  5  78       
PG04   6843.179203 -15270.537365 -20570.455339    507.402252  7  4  6  90       
PG05 -25941.075898   5394.872900   2134.433921   -198.157126  4  5  3  53       
PG06  -9796.394584 -12198.699929 -21369.278269    -97.541883  6  6  5  81       
PG07   4881.125167 -24793.317665   7925.588883    -13.834636  4  5  4  82       
PG08  15321.516487  -4879.358553  21073.046654    454.723671  4  3  6  73       
PG09  -1893.589580 -21058.430929 -16127.026951    517.010996  7  5  6 102       
PG10  15888.677397  10834.759768  18700.503034   -264.395985  3  4  2  92       
PG11 -16385.221294    490.823874 -20844.060741   -752.321343  5  5  5  45       
PG12 -20470.998532  10271.543493 -13702.115681   -562.728436  5  7  2  53       
PG13 -17467.657976  -5221.321975  19167.292515    692.517919  6  5  6  77       
PG14 -11971.892317 -13342.731340  19717.080743    574.393607  3  5  4  83       
PG15 -14157.776305   7349.525076  20734.427423    248.187145  4  4  4  37       
PG16  26663.961930   1462.629316  -2704.866915    -85.140027  2  4  5  53       
PG17 -12545.493195 -23168.986313   2687.083749    487.579717  4  7  4  74       
PG18  -4055.629352  24247.992797   9785.814025   -658.810125  3  5  5  56       
PG19 -17271.060262 -18912.951342  -7976.068722    582.681057  6  8  4  81       
PG20 -24484.127848   -248.901791 -10038.681985    367.307812  5  6  4  20       
PG21  16060.210500 -14286.391325  15198.072744    100.120466  4  4  4  64       
PG22 -18590.700573 -10809.941737  15766.217163    -90.695436  5  6  3  77       
PG23    393.339920  14805.816201  22080.492105    398.063997  4  6  6  69       
PG24 -14452.252994  19196.034541  10398.445553   -466.936019  5  4  5  68       
PG25  -7476.225135  15657.140630 -20401.030096    497.179980  4  4  4  50       
PG26  22764.268042   5552.789649 -13050.836507    -36.559993  4  3  3  69       
PG27  19587.122699   7154.405020  16391.326178    -33.417633  5  3  6  86       
PG28   9523.754792  14195.284954 -20343.188214   -527.824579  5  6  3  59       
PG29    244.167699  21258.651316 -15888.360079   -549.724465  5  6  5  85       
PG30  -4533.616387 -20149.806850  16703.289989   -245.619418  1  4  3  67       
PG31  14978.253096   4413.151434 -21754.105185   -218.505432  4  2  5  70       
PG32  16556.004670  20856.725710  -1321.431118   -546.866271  6  4  5  64       
*  2025  1  5 21  0  0.00000000
PG01  15755.615432 -19554.570584   8654.644453 999999.999999  9 13 11           
PG02  14051.041150 -18923.214360  12312.304133   -274.893120  5  5  3  66       
PG03  19169.064425 -12302.938887 -13727.773246    640.239758  4  6  5  81       
PG04   8305.279923 -13360.773426 -21359.088843    507.407598  7  2  5 111       
PG05 -26076.309708   5204.696205   -743.138518   -198.158108  5  4  4  83       
PG06  -8790.618091 -14380.730756 -20421.387883    -97.566471  6  6  6  99       
PG07   5421.687347 -25327.853142   5199.987528    -13.834034  4  4  4  60       
PG08  16811.216559  -3009.054886  20318.698937    454.730991  4  3  6  91       
PG09   -546.043248 -19662.194302 -17909.654628    517.024840  7  5  6  75       
PG10  13756.222258  11184.126675  20118.979619   -264.410405  2  5  2  94       
PG11 -15416.277135  -1740.077377 -21509.700493   -752.320792  5  5  6  77       
PG12 -21875.805754  10159.878519 -11361.489713   -562.730526  5  7  2  51       
PG13 -18424.603750  -7136.857584  17631.391561    692.519034  6  4  6  69       
PG14  -9695.634644 -13698.030234  20680.901131    574.400223  3  5  4  76       
PG15 -15888.281935   5619.297974  20040.077286    248.191082  4  4  4  59       
PG16  26252.111900   1698.210889  -5483.156191    -85.131316  2  4  5  53       
PG17 -12099.430533 -22957.643252   5514.162248    487.564355  4  6  5  85       
PG18  -4636.863015  25050.984785   7114.763471   -658.809196  4  5  5  68       
PG19 -17489.220508 -19639.437007  -5270.303720    582.684769  6  8  4  83       
PG20 -23317.951634   -881.634639 -12475.832293    367.307485  5  6  4  65       
PG21  15744.558235 -12469.524217  17153.167536    100.121622  4  4  4  71       
PG22 -16743.863729 -11068.786681  17620.928553    -90.697297  5  6  3  50       
PG23  -2072.125002  15174.305306  21712.905366    398.070807  4  5  6  88       
PG24 -14356.330852  17755.859786  12758.392469   -466.932722  5  4  5  47       
PG25  -9677.120172  15877.011297 -19228.735293    497.179481  5  4  4  50       
PG26  21275.184039   6124.600613 -15133.344903    -36.573471  4  3  4  81       
PG27  20572.428486   8666.744699  14408.847386    -33.417132  5  4  6  85       
PG28   8635.271113  16272.268943 -19148.262316   -527.833549  5  6  3  33       
PG29   -942.783900  19743.771308 -17727.015984   -549.721615  5  6  5  80       
PG30  -3643.993083 -21725.117130  14797.664861   -245.611907  1  4  3  76       
PG31  13997.195585   6648.632937 -21807.713377   -218.504650  4  1  5  57       
PG32  16383.316265  21009.877707   1528.716993   -546.860305  6  5  4  26       
*  2025  1  5 21 15  0.00000000
PG01  15523.796084 -18419.943914  11192.850796 999999.999999  9 13 11           
PG02  13899.200562 -17433.619948  14595.409056   -274.884795  4  4  3  72       
PG03  20581.093582 -12428.019015 -11322.465123    640.246734  4  5  5  72       
PG04   9908.704402 -11478.929215 -21778.840625    507.412980  7  1  4  96       
PG05 -25905.966604   4945.312635  -3607.996568   -198.158657  5  4  4  77       
PG06  -7952.233325 -16495.783061 -19118.855066    -97.591046  6  6  6  75       
PG07   5838.182266 -25590.739314   2383.498904    -13.833536  4  4  4  36       
PG08  18318.528963  -1296.695012  19214.025374    454.738312  5  3  7  97       
PG09    996.177185 -18203.288136 -19385.533768    517.038634  7  5  7 100       
PG10  11508.360616  11682.258114  21201.039404   -264.424878  2  5  2  86       
PG11 -14546.588529  -4069.198797 -21803.587349   -752.320243  5  5  6  78       
PG12 -23014.237320  10086.010705  -8827.572336   -562.732467  5  7  3  72       
PG13 -19377.944887  -8833.511927  15789.359316    692.520347  6  4  6  75       
PG14  -7350.591986 -14181.928939  21291.778870    574.406850  3  5  4  84       
PG15 -17619.037972   4039.679073  18985.865793    248.195267  4  4  5  61       
PG16  25550.751696   1986.019812  -8170.337569    -85.122718  3  5  5  70       
PG17 -11453.516712 -22519.885303   8246.053580    487.549165  4  6  5  83       
PG18  -5068.860152  25591.315385   4319.753029   -658.808219  4  5  4  61       
PG19 -17568.082360 -20102.201562  -2476.447227    582.688862  6  8  4  83       
PG20 -21939.146171  -1670.059255 -14695.838237    367.307552  6  6  4  75       
PG21  15473.007127 -10449.156001  18808.158953    100.123027  4  3  4  88       
PG22 -14726.840036 -11441.669262  19177.459634    -90.699385  4  6  3  68       
PG23  -4454.323957  15665.575244  20972.160968    398.077581  3  5  5  83       
PG24 -14269.304894  16059.758068  14888.451063   -466.929367  4  4  5  63       
PG25 -11722.243259  16176.430742 -17732.482004    497.178994  5  5  4  55       
PG26  19605.269242   6827.845416 -16962.809695    -36.586949  4  4  4  65       
PG27  21475.434532   9943.131144  12178.634032    -33.416711  6  5  6  93       
PG28   7901.558363  18245.859970 -17624.233399   -527.842481  5  6  2  52       
PG29  -2322.379525  18141.982194 -19260.306076   -549.718320  5  6  5  63       
PG30  -2902.704402 -23125.768533  12636.739597   -245.604378  2  4  3  87       
PG31  13136.694965   8921.631427 -21494.100782   -218.504001  5  1  5  62       
PG32  16007.725379  20932.503235   4352.946078   -546.854345  5  5  4  84       
*  2025  1  5 21 30  0.00000000
PG01  15258.271483 -17014.552992  13538.471541 999999.999999 10 14 10           
PG02  13781.640219 -15703.856710  16629.854492   -274.876744  4  4  3  79       
PG03  21710.720013 -12559.828404  -8722.634443    640.253745  4  5  5  58       
PG04  11626.436805  -9666.491085 -21822.917563    507.418357  7  1  4 101       
PG05 -25444.598490   4581.020710  -6411.183798   -198.159874  6  4  4  84       
PG06  -7280.061987 -18494.103284 -17484.122785    -97.615586  6  6  6  76       
PG07   6161.468995 -25561.050167   -474.914509    -13.833203  4  3  4  69       
PG08  19802.982056    235.783089  17779.395441    454.745678  5  3  7  92       
PG09   2718.641382 -16725.433208 -20529.743328    517.052416  7  5  7  99       
PG10   9192.707578  12334.720952  21928.089578   -264.439340  2  5  2  95       
PG11 -13797.545295  -6451.835954 -21720.806103   -752.319657  5  6  6  74       
PG12 -23867.891195  10014.090668  -6142.984794   -562.734395  5  7  3  94       
PG13 -20286.336134 -10292.789420  13674.079286    692.521514  6  4  6  78       
PG14  -4983.386907 -14793.791108  21538.649818    574.413431  2  5  4  79       
PG15 -19306.418384   2629.682795  17591.888735    248.199289  5  4  5  59       
PG16  24578.846920   2359.408498 -10722.144577    -85.114276  3  5  5  35       
PG17 -10589.730276 -21890.895153  10836.324466    487.533903  4  5  5  93       
PG18  -5382.042686  25843.871634   1449.415111   -658.807242  5  4  4  59       
PG19 -17472.652878 -20315.753640    358.837229    582.692851  6  7  4  73       
PG20 -20387.218087  -2629.179559 -16660.035114    367.306854  6  6  4  76       
PG21  15276.244121  -8261.650875  20137.402918    100.124662  4  3  4  95       
PG22 -12582.306757 -11944.336397  20410.962791    -90.700950  4  7  3  58       
PG23  -6707.592449  16258.807716  19870.279898    398.084384  3  4  5  68       
PG24 -14223.775980  14133.741668  16749.699630   -466.926033  4  4  4  56       
PG25 -13576.441729  16527.729708 -15936.257311    497.178521  6  5  4  69       
PG26  17793.100722   7674.908147 -18508.390480    -36.600406  5  4  4  68       
PG27  22255.206250  10981.461760   9740.087396    -33.416270  6  5  6  85       
PG28   7315.492316  20070.665996 -15797.251531   -527.851416  5  6  2  28       
PG29  -3885.220279  16499.088340 -20462.202879   -549.715333  6  6  5  63       
PG30  -2293.784117 -24314.008976  10257.180472   -245.596895  2  4  3  88       
PG31  12408.772456  11186.478797 -20817.382829   -218.503330  5  1  5  55       
PG32  15406.358277  20654.655279   7103.514800   -546.848372  6  6  3  87       
*  2025  1  5 21 45  0.00000000
PG01  14997.026290 -15354.662783  15651.174975 999999.999999  9 14  9           
PG02  13730.895384 -13764.304637  18382.732638   -274.868488  4  3  3  83       
PG03  22544.287866 -12658.161201  -5972.613798    640.260723  4  5  5  63       
PG04  13424.927222  -7959.992411 -21491.028342    507.423690  7  2  4  86       
PG05 -24714.862458   4079.878253  -9104.986733   -198.160775  7  4  4           
PG06  -6764.392767 -20328.197094 -15545.483180    -97.640180  6  6  6  68       
PG07   6425.799443 -25226.162825  -3324.852888    -13.832748  4  3  4  51       
PG08  21222.224099   1574.427321  16040.649656    454.752988  6  3  7  87       
PG09   4599.063545 -15270.096560 -21323.049552    517.066169  7  5  7  88       
PG10   6857.939601  13138.705819  22287.267987   -264.453789  3  5  3  95       
PG11 -13182.900149  -8840.321273 -21262.971828   -752.319059  6  6  6  85       
PG12 -24426.673010   9906.353661  -3353.197131   -562.736266  5  7  4  79       
PG13 -21107.298182 -11504.989607  11322.955136    692.522558  6  4  5  88       
PG14  -2640.459429 -15525.159912  21416.601788    574.419993  2  5  4  78       
PG15 -20905.872106   1400.066486  15884.380360    248.203195  5  3  5  71       
PG16  23362.467723   2847.725142 -13096.697829    -85.106057  4  6  4  81       
PG17  -9497.611853 -21110.070053  13241.442460    487.518409  3  4  5  93       
PG18  -5611.171159  25791.706257  -1446.211251   -658.806266  5  3  4  61       
PG19 -17172.355653 -20301.843492   3188.093489    582.697013  6  6  4  99       
PG20 -18705.489850  -3766.321123 -18334.260895    367.307024  6  6  5  84       
PG21  15178.769223  -5948.428022  21121.401984    100.124685  4  3  4  88       
PG22 -10355.715242 -12585.100567  21302.113338    -90.703168  3  7  2  80       
PG23  -8790.976822  16926.135080  18425.563788    398.091199  3  4  5  65       
PG24 -14248.084047  12011.346086  18308.179414   -466.922680  3  4  4  48       
PG25 -15210.598827  16898.224421 -13869.264253    497.178087  6  5  4  66       
PG26  15880.097023   8671.040837 -19743.803050    -36.613903  5  4  4  61       
PG27  22872.762146  11788.113646   7135.741346    -33.415787  6  6  6  94       
PG28   6862.296904  21704.638885 -13698.677540   -527.860378  5  6  2  52       
PG29  -5613.662676  14859.580933 -21312.433044   -549.712456  6  6  5  64       
PG30  -1794.990266 -25257.272318   7699.673616   -245.589367  2  4  3  94       
PG31  11817.705154  13396.227771 -19787.743805   -218.502713  6  2  5  50       
PG32  14563.357735  20211.353514   9734.133204   -546.842396  5  6  3  90       
*  2025  1  5 22  0  0.00000000
PG01  14775.318311 -13464.634200  17494.645076 999999.999999  9 14  7           
PG02  13774.164685 -11651.456761  19826.200078   -274.860431  4  3  3  63       
PG03  23077.234322 -12682.039700  -3119.529407    640.267716  3  4  5  52       
PG04  15265.264034  -6389.758102 -20789.356255    507.429047  6  2  4  77       
PG05 -23746.604907   3415.104088 -11643.720321   -198.161920  7  4  5  65       
PG06  -6387.511425 -21954.560987 -13336.580318    -97.664730  7  6  6  51       
PG07   6667.271734 -24582.435274  -6115.422238    -13.831874  3  3  4  39       
PG08  22533.598269   2713.549490  14028.579315    454.760256  7  3  7  88       
PG09   6607.982161 -13874.975193 -21752.205438    517.079934  7  5  6  98       
PG10   4552.145947  14083.007071  22271.685548   -264.468287  3  5  4  90       
PG11 -12708.308753 -11185.683883 -20438.189006   -752.318460  6  6  6  89       
PG12 -24689.139967   9724.731756   -505.796852   -562.738344  5  7  4  82       
PG13 -21798.904180 -12469.323126   8777.200192    692.523826  7  4  5  88       
PG14   -366.474485 -16359.987609  20927.003681    574.426628  2  5  4  86       
PG15 -22373.637980    353.161623  13895.099388    248.207675  5  4  5  83       
PG16  21933.849705   3475.079333 -15255.093083    -85.097236  5  6  4  64       
PG17  -8174.775820 -20219.412122  15421.448600    487.503600  3  5  4  97       
PG18  -5793.775879  25426.746633  -4316.587385   -658.805289  5  3  4  56       
PG19 -16642.326590 -20088.546278   5963.801075    582.701196  6  6  5  69       
PG20 -16939.472463  -5080.651002 -19689.468597    367.306384  6  6  5  78       
PG21  15198.012953  -3554.465971  21746.897597    100.126151  4  3  4  88       
PG22  -8093.729725 -13364.478668  21837.315793    -90.705057  3  7  3  75       
PG23 -10669.641278  17633.714417  16662.326489    398.098029  4  4  5  69       
PG24 -14365.007019   9732.452862  19535.619859   -466.919302  3  5  4  62       
PG25 -16602.611942  17251.495181 -11565.535981    497.177571  6  5  4  32       
PG26  13909.095434   9813.990613 -20647.749323    -36.627420  6  5  4  67       
PG27  23292.579530  12377.423036   4410.497412    -33.415250  7  6  6  83       
PG28   6520.273184  23110.576491 -11364.549183   -527.869364  5  6  2  58       
PG29  -7482.334063  13265.007615 -21796.797426   -549.709201  6  6  4  63       
PG30  -1378.840183 -25929.420061   5008.244679   -245.581886  3  4  3  97       
PG31  11359.908232  15504.250671 -18421.359050   -218.501991  6  2  4  45       
PG32  13470.614612  19641.142514  12200.689423   -546.836417  5  6  3  51       
*  2025  1  5 22 15  0.00000000
PG01  14624.208644 -11376.152107  19037.203442 999999.999999  9 14  3           
PG02  13932.251149  -9406.645432  20937.798824   -274.852184  5  3  4  81       
PG03  23314.186071 -12591.461980   -212.504560    640.274764  3  4  5  54       
PG04  17104.558468  -4978.903213 -19730.420704    507.434397  6  3  4  76       
PG05 -22575.692489   2566.276087 -13984.468666   -198.162776  8  4  5  69       
PG06  -6124.556113 -23335.268433 -10895.812128    -97.689323  7  7  6  77       
PG07   6922.175809 -23635.537447  -8796.234830    -13.831530  3  3  4  73       
PG08  23695.721755   3655.683829  11778.341031    454.767552  7  3  7  93       
PG09   8709.715048 -12572.640037 -21810.150876    517.093718  7  5  6  95       
PG10   2321.196283  15148.320672  21880.589713   -264.482783  3  5  4  90       
PG11 -12371.197882 -13439.362107 -19260.896910   -752.317807  6  7  6  83       
PG12 -24662.527114   9432.503557   2350.299456   -562.740306  5  7  4  85       
PG13 -22321.438648 -13193.685385   6081.078946    692.524784  7  4  5  88       
PG14   1797.208726 -17275.170483  20077.531727    574.433165  3  5  4  95       
PG15 -23668.414546   -516.937339  11660.613121    248.211528  5  4  5  79       
PG16  20330.255500   4259.303956 -17161.943578    -85.088669  5  7  4  65       
PG17  -6627.111292 -19261.861198  17340.543738    487.488230  3  5  4  90       
PG18  -5968.476999  24750.163715  -7111.595254   -658.804300  6  3  4  60       
PG19 -15864.516776 -19709.118376   8639.115055    582.705426  5  5  5  84       
PG20 -15135.165257  -6563.026376 -20702.241707    367.306292  7  6  5  82       
PG21  15343.764281  -1126.726200  22006.844140    100.127851  4  3  4  85       
PG22  -5842.649772 -14275.128875  22008.824090    -90.706950  3  7  3  76       
PG23 -12316.047448  18343.055051  14610.514800    398.104839  4  4  4  60       
PG24 -14590.708938   7341.842777  20410.030342   -466.915954  2  5  4  54       
PG25 -17738.125577  17548.838469  -9063.457045    497.177088  6  5  3  73       
PG26  11922.880432  11093.906169 -21204.284301    -36.640891  6  5  4  72       
PG27  23483.958800  12770.879514   1610.851701    -33.414697  7  6  6  80       
PG28   6261.803496  24257.449683  -8834.966340   -527.878400  5  6  2  75       
PG29  -9458.949034  11752.473587 -21907.385324   -549.706268  7  6  4  61       
PG30  -1013.866232 -26311.753375   2229.501479   -245.574420  4  4  3  94       
PG31  11024.122629  17465.852776 -16740.221133   -218.501516  6  2  4  52       
PG32  12128.213950  18984.541099  14461.931678   -546.830447  5  7  3  76       
*  2025  1  5 22 30  0.00000000
PG01  14569.265970  -9127.177745  20252.350849 999999.999999  9 15  1           
PG02  14218.768071  -7074.622534  21700.683981   -274.843943  4  2  4  78       
PG03  23268.708097 -12349.132515   2698.186895    640.281767  3  3  4  46       
PG04  18897.487123  -3742.621726 -18332.831933    507.439691  6  3  4  69       
PG05 -21242.636030   1520.282323 -16087.771334   -198.163733  8  4  5  54       
PG06  -5944.663319 -24439.347214  -8265.643017    -97.713961  7  7  6  66       
PG07   7225.302261 -22400.408166 -11318.441651    -13.831100  4  3  4  68       
PG08  24670.010297   4411.235220   9328.819321    454.774850  7  3  6  76       
PG09  10863.553342 -11389.389888 -21496.111946    517.107447  6  5  5  87       
PG10    207.181764  16307.854005  21119.443644   -264.497268  3  5  4  82       
PG11 -12160.965514 -15554.902589 -17751.604890   -752.317163  6  7  7  75       
PG12 -24362.449007   8995.917507   5165.680378   -562.742451  5  7  4  77       
PG13 -22638.965286 -13694.103934   3281.116615    692.525897  7  4  5  67       
PG14   3813.947121 -18241.372337  18882.089024    574.439772  3  5  3  84       
PG15 -24752.914435  -1223.844820   9221.504584    248.215664  5  4  5  80       
PG16  18592.676092   5211.146168 -18785.875022    -85.080201  6  7  4  69       
PG17  -4868.672988 -18279.633528  18967.585868    487.472946  3  5  3  73       
PG18  -6173.262766  23772.384880  -9782.451449   -658.803361  6  3  4  68       
PG19 -14828.560847 -19200.665063  11168.609744    582.709254  5  5  5  64       
PG20 -13337.350963  -8196.178358 -21355.202822    367.305955  7  6  5  78       
PG21  15617.913137   1287.442885  21900.282567    100.128940  4  4  3  75       
PG22  -3646.870316 -15302.081698  21814.780616    -90.709008  4  7  3  65       
PG23 -13710.858467  19012.549907  12305.221979    398.111619  4  4  4  61       
PG24 -14933.986676   4887.544971  20916.140094   -466.912573  2  5  5  78       
PG25 -18610.985674  17750.841969  -6405.192491    497.176594  6  5  3  63       
PG26   9962.714164  12493.530262 -21403.114059    -36.654367  6  5  4  82       
PG27  23422.200050  12996.072656  -1215.873773    -33.414249  8  5  6  70       
PG28   6054.591713  25121.503325  -6153.405391   -527.887368  5  6  2  65       
PG29 -11505.394479  10353.330186 -21642.681350   -549.703022  7  6  4  49       
PG30   -666.043861 -26393.751247   -588.187617   -245.566910  4  4  3  91       
PG31  10791.907491  19239.841367 -14771.866043   -218.500770  6  2  4  46       
PG32  10544.582144  18282.439766  16480.098844   -546.824498  5  7  3  82       
*  2025  1  5 22 45  0.00000000
PG01  14629.495238  -6760.665512  21119.219496 999999.999999  9 15  5           
PG02  14639.629374  -4702.046607  22103.764299   -274.835550  4  2  3  84       
PG03  22962.710838 -11922.106342   5562.002448    640.288784  4  3  4  38       
PG04  20597.932729  -2687.790051 -16620.945171    507.444993  6  3  5  70       
PG05 -19791.060182    271.991731 -17918.246945   -198.165400  9  4  5  33       
PG06  -5812.357718 -25243.892936  -5491.840816    -97.738557  7  7  6  64       
PG07   7608.290945 -20900.827542 -13635.767399    -13.830746  4  3  4  57       
PG08  25422.093401   4997.837111   6721.949799    454.782162  7  3  6  74       
PG09  13025.149572 -10344.356879 -20815.599179    517.121266  6  5  4  80       
PG10  -1753.014195  17528.230963  19999.915752   -264.511808  4  4  5  68       
PG11 -12059.503598 -17489.580828 -15936.523138   -752.316629  6  6  7  72       
PG12 -23812.282323   8385.723643   7891.306307   -562.744486  5  7  4  81       
PG13 -22720.745568 -13993.887434    425.291935    692.527182  8  4  6  33       
PG14   5653.048945 -19224.108303  17360.616178    574.446364  3  5  4  83       
PG15 -25595.241417  -1788.049700   6621.528001    248.219793  5  4  5  88       
PG16  16764.415019   6333.713140 -20099.971598    -85.071504  6  7  3  31       
PG17  -2921.273478 -17312.626381  20276.498164    487.457526  4  5  3  70       
PG18  -6443.797078  22512.749738 -12282.595352   -658.802390  6  4  5  62       
PG19 -13532.376267 -18602.665083  13509.017573    582.713454  5  4  5  71       
PG20 -11587.954083  -9955.223416 -21637.308241    367.305498  8  6  5  83       
PG21  16014.499730   3641.865245  21432.131322    100.130410  3  4  3  79       
PG22  -1547.430142 -16423.252174  21259.178970    -90.710583  4  7  2  67       
PG23 -14843.529588  19599.151947   9786.100152    398.118386  4  4  4  63       
PG24 -15395.849286   2419.057805  21045.674213   -466.909188  2  5  5  76       
PG25 -19223.390974  17819.024776  -3636.027949    497.176086  6  4  3  50       
PG26   8066.920681  13988.675608 -21239.818453    -36.667849  7  5  4  56       
PG27  23089.554195  13085.435698  -4022.284847    -33.413837  8  5  6  55       
PG28   5863.091230  25687.088783  -3365.974246   -527.896372  5  6  2  55       
PG29 -13579.041105   9092.099214 -21007.565119   -549.700106  8  6  4  55       
PG30   -300.335209 -26173.500966  -3395.564212   -245.559428  5  4  4  88       
PG31  10638.425269  20789.990887 -12548.996917   -218.500136  6  2  4  69       
PG32   8736.332013  17574.503825  18221.493847   -546.818469  5  7  3  81       
*  2025  1  5 23  0  0.00000000
PG01  14816.532261  -4323.092904  21622.928506 999999.999999  8 15  8           
PG02  15192.833903  -2335.930122  22141.762286   -274.827692  3  2  3  70       
PG03  22425.535700 -11283.279470   8329.031911    640.295837  4  3  4  65       
PG04  22160.660315  -1812.897492 -14624.421704    507.450301  6  3  4  72       
PG05 -18266.076233  -1175.378773 -19445.147022   -198.165922  9  4  5  87       
PG06  -5689.129168 -25734.874583  -2622.653436    -97.763175  7  7  6  59       
PG07   8098.097394 -19168.613520 -15705.515663    -13.830340  4  4  4  85       
PG08  25923.071194   5439.448779   4002.014695    454.789534  7  3  6  72       
PG09  15148.048194  -9448.895553 -19780.305819    517.135035  5  5  4  79       
PG10  -3528.962131  18770.664994  18539.774550   -264.526260  4  4  5  63       
PG11 -12042.021667 -19205.881259 -13847.096279   -752.316087  6  6  7  88       
PG12 -23042.247969   7578.550207  10479.392709   -562.746377  5  7  4  79       
PG13 -22542.457306 -14122.514355  -2437.772830    692.528061  8  4  6  69       
PG14   7290.784670 -20185.049980  15538.792750    574.452920  4  5  3  90       
PG15 -26170.038860  -2235.819756   3906.737097    248.223824  5  4  6  98       
PG16  14889.601696   7622.190801 -21082.171071    -85.063130  7  7  3  91       
PG17   -813.798094 -16396.943577  21246.589228    487.442363  4  5  3  88       
PG18  -6811.826262  20998.822958 -14568.532631   -658.801414  7  5  5  48       
PG19 -11982.467154 -17955.403534  15619.953471    582.717577  5  4  4  80       
PG20  -9924.527522 -11808.481531 -21544.023890    367.305505  8  6  5  91       
PG21  16520.053148   5893.009553  20612.911067    100.131855  4  4  3  52       
PG22    419.304475 -17610.211924  20351.754966    -90.712390  4  7  3  80       
PG23 -15712.559457  20060.129904   7096.680359    398.125141  5  5  4  50       
PG24 -15969.446973    -14.477041  20797.460510   -466.905757  2  5  6  80       
PG25 -19585.727818  17717.479717   -803.626846    497.175572  6  4  3  57       
PG26   6269.574975  15548.971899 -20715.992158    -36.681298  7  5  4  69       
PG27  22475.919983  13074.835814  -6761.645462    -33.413427  8  5  5  83       
PG28   5650.064953  25947.195754   -520.620629   -527.905378  4  6  2  76       
PG29 -15634.231154   7985.671883 -20013.205551   -549.697062  8  6  4  60       
PG30    117.714683 -25657.799500  -6143.381692   -245.551969  5  5  4  82       
PG31  10533.495682  22086.346140 -10109.004804   -218.499331  5  2  5  84       
PG32   6727.812671  16897.638871  19656.994931   -546.812499  5  7  4  79       
*  2025  1  5 23 15  0.00000000
PG01  15134.135382  -1862.859547  21754.836959 999999.999999  8 15 10           
PG02  15868.543604    -22.098983  21815.200519   -274.819554  3  2  4  75       
PG03  21692.752454 -10412.663195  10950.899828    640.302929  4  3  4  69       
PG04  23542.965192  -1108.303471 -12377.705651    507.455580  6  4  4  48       
PG05 -16712.618102  -2810.212772 -20642.834271   -198.166844  9  4  4  79       
PG06  -5535.132465 -25907.600628    292.058036    -97.787788  7  7  6  53       
PG07   8715.651938 -17242.471025 -17489.510799    -13.829635  5  5  4  92       
PG08  26150.570485   5765.229411   1214.921254    454.796892  7  3  5  71       
PG09  17185.301933  -8706.277136 -18407.908223    517.148783  5  5  4  75       
PG10  -5097.701225  19992.362447  16762.684464   -264.540766  4  4  5  61       
PG11 -12078.137869 -20672.780750 -11519.448735   -752.315518  6  6  7  90       
PG12 -22088.224168   6558.065813  12884.292364   -562.748164  5  8  4  85       
PG13 -22087.171127 -14114.307876  -5259.612040    692.529351  8  4  6  69       
PG14   8711.132262 -21083.503370  13447.631381    574.459476  4  5  4  85       
PG15 -26459.370742  -2597.898998   1124.608736    248.227732  5  4  6  81       
PG16  13011.682083   9063.845963 -21715.606488    -85.054548  7  7  4  76       
PG17   1418.727836 -15563.590567  21862.788343    487.426979  4  5  4  85       
PG18  -7303.750575  19265.392623 -16600.616490   -658.800437  7  5  5  60       
PG19 -10193.915876 -17298.369141  17464.613964    582.721722  5  3  4  79       
PG20  -8378.926684 -13718.567777 -21077.380668    367.305073  8  7  5  77       
PG21  17114.193969   8001.331204  19458.417848    100.132721  4  4  4  64       
PG22   2222.779394 -18829.192405  19107.809885    -90.714564  5  6  4  59       
PG23 -16325.389565  20354.833163   4283.611598    398.131924  5  5  4  65       
PG24 -16640.348818  -2366.064763  20177.368757   -466.902335  2  5  6  74       
PG25 -19716.086965  17414.451608   2042.785761    497.175157  6  3  3  53       
PG26   4599.345551  17138.861964 -19839.297654    -36.694791  7  5  4  44       
PG27  21579.267407  13002.063629  -9388.577696    -33.413057  8  5  5  53       
PG28   5378.216296  25903.662751   2333.692788   -527.914357  4  6  2  66       
PG29 -17623.885885   7042.810668 -18676.852992   -549.693877  8  6  4  46       
PG30    620.395432 -24861.917994  -8783.318928   -245.544465  6  5  4  98       
PG31  10442.883222  23106.309328  -7493.388495   -218.498595  5  2  5  72       
PG32   4550.380801  16284.572513  20762.500411   -546.806611  5  7  4  77       
*  2025  1  5 23 30  0.00000000
PG01  15577.993901    571.383865  21512.690381 999999.999999  8 15 11           
PG02  16649.446720   2196.286153  21130.320177   -274.811418  3  2  4  77       
PG03  20804.714519  -9298.387873  13381.650685    640.309983  5  3  4  77       
PG04  24706.230817   -556.809038  -9919.426134    507.460913  7  4  3  30       
PG05 -15173.802098  -4612.759249 -21491.180457   -198.168005  9  5  4  92       
PG06  -5310.940647 -25766.828271   3201.712202    -97.812427  7  7  6  89       
PG07   9474.778597 -15166.541318 -18954.943837    -13.829203  5  5  5  90       
PG08  26089.565507   6008.233083  -1592.527529    454.804251  8  3  5  22       
PG09  19091.114361  -8111.699429 -16721.771670    517.162531  4  5  4  80       
PG10  -6444.480664  21148.108872  14697.899313   -264.555248  4  3  5  68       
PG11 -12133.193771 -21866.787219  -8993.752218   -752.314891  7  7  8  63       
PG12 -20990.334184   5315.875048  15063.357391   -562.750112  5  8  4  79       
PG13 -21346.052685 -14006.949768  -7992.695858    692.530462  9  5  6  86       
PG14   9906.225296 -21878.003184  11122.968846    574.466063  4  5  4 101       
PG15 -26453.309484  -2908.057705  -1676.818266    248.231818  5  4  6  73       
PG16  11171.935981  10638.314127 -21988.891183    -85.045973  8  6  4  51       
PG17   3736.282909 -14837.380305  22115.799193    487.411159  5  5  5  90       
PG18  -7939.418626  17353.195622 -18343.750946   -658.799405  7  6  6  65       
PG19  -8190.056125 -16668.674871  19010.439169    582.725773  6  3  3  66       
PG20  -6976.222059 -15643.713191 -20245.909917    367.305086  9  7  6  96       
PG21  17770.469710   9932.447701  17989.356931    100.133933  4  4  4  73       
PG22   3839.179895 -20042.284344  17547.969226    -90.716084  5  6  5  73       
PG23 -16697.953799  20446.394168   1395.832684    398.138623  5  6  4  70       
PG24 -17387.151232  -4592.533276  19198.090316   -466.898946  2  5  6  64       
PG25 -19639.474149  16883.784854   4853.299747    497.174626  6  3  3  64       
PG26   3078.535267  18718.815620 -18623.424211    -36.708277  8  5  4  64       
PG27  20405.777583  12905.276097 -11859.726282    -33.412675  8  5  5  71       
PG28   5011.827278  25567.057939   5147.832130   -527.923262  3  7  3  78       
PG29 -19501.172374   6263.970787 -17021.533719   -549.690961  9  7  5  48       
PG30   1236.329495 -23809.036142 -11268.885327   -245.536990  7  5  4  96       
PG31  10329.771989  23835.463134  -4747.078411   -218.497895  4  2  6  80       
PG32   2241.418921  15762.602078  21519.302931   -546.800662  6  7  4  86       
*  2025  1  5 23 45  0.00000000
PG01  16135.860721   2932.413304  20900.658407 999999.999999  8 14 12           
PG02  17511.389205   4280.100502  20098.937034   -274.803222  3  3  5  68       
PG03  19804.928939  -7937.392109  15578.597961    640.317065  5  4  5  91       
PG04  25617.338440   -134.518547  -7291.735352    507.466178  8  4  1  77       
PG05 -13689.369637  -6555.703749 -21975.879950   -198.168842 10  5  4  88       
PG06  -4979.280761 -25326.513005   6055.908264    -97.837030  7  7  5  97       
PG07  10381.428572 -12988.716082 -20075.092733    -13.828641  5  5  5  98       
PG08  25732.937754   6203.973613  -4373.361249    454.811568  8  4  5  59       
PG09  20822.448177  -7652.611236 -14750.565852    517.176312  5  5  5  61       
PG10  -7563.194503  22191.982332  12379.851770   -264.569708  4  3  5  79       
PG11 -12169.740832 -22772.694765  -6313.526875   -752.314341  7  7  8  65       
PG12 -19791.363152   3852.105244  16977.760973   -562.752292  5  8  5 107       
PG13 -20318.768881 -13839.890255 -10591.178794    692.531629  9  5  7 106       
PG14  10876.483740 -22527.961224   8604.860845    574.472600  4  6  5 112       
PG15 -26150.217992  -3201.557531  -4449.772600    248.235647  6  5  7  68       
PG16   9408.070096  12318.166993 -21896.342956    -85.037475  8  6  4  59       
PG17   6095.162743 -14236.083067  22002.175820    487.396232  5  4  6 102       
PG18  -8731.193186  15307.422639 -19768.002645   -658.798346  7  6  6  68       
PG19  -6001.832542 -16099.561920  20229.724908    582.730172  6  2  2  64       
PG20  -5733.891207 -17539.261963 -19064.462226    367.304631  9  7  7 104       
PG21  18457.387756  11658.118217  16230.947037    100.135048  5  4  5  80       
PG22   5252.116563 -21208.792943  15697.879566    -90.718647  5  6  6  99       
PG23 -16853.894595  20303.298335  -1516.307077    398.145385  6  6  5  82       
PG24 -18182.383602  -6656.024019  17878.771720   -466.895534  2  5  7  78       
PG25 -19386.739716  16106.176441   7578.240384    497.174157  6  2  4  73       
PG26   1722.359459  20246.720800 -17087.947620    -36.721746  8  5  4  49       
PG27  18969.698229  12821.446721 -14134.383507    -33.412354  8  5  5  51       
PG28   4518.339420  24956.234817   7873.340202   -527.932219  3  7  3  75       
PG29 -21221.167341   5641.446161 -15075.652498   -549.687825  9  7  5  57       
PG30   1989.115156 -22529.367669 -13556.296229   -245.529496  7  5  4 103       
PG31  10156.371999  24268.090903  -1917.672892   -218.497434  4  2  6  89       
PG32   -156.865523  15352.552381  21914.389477   -546.794703  6  6  4  94       
EOF
