#cP2025  1  6  0  0  0.00000000      96 ORBIT IGS20 HLM  IGS
## 2348  86400.00000000   900.00000000 60681 0.0000000000000
+   32   G01G02G03G04G05G06G07G08G09G10G11G12G13G14G15G16G17
+        G18G19G20G21G22G23G24G25G26G27G28G29G30G31G32  0  0
+          0  0  0  0  0  0  0  0  0  0  0  0  0  0  0  0  0
+          0  0  0  0  0  0  0  0  0  0  0  0  0  0  0  0  0
+          0  0  0  0  0  0  0  0  0  0  0  0  0  0  0  0  0
++         4  2  2  2  2  1  1  2  2  1  2  2  2  2  2  2  2
++         2  2  2  2  2  2  2  1  1  2  2  2  1  1  1  0  0
++         0  0  0  0  0  0  0  0  0  0  0  0  0  0  0  0  0
++         0  0  0  0  0  0  0  0  0  0  0  0  0  0  0  0  0
++         0  0  0  0  0  0  0  0  0  0  0  0  0  0  0  0  0
%c G  cc GPS ccc cccc cccc cccc cccc ccccc ccccc ccccc ccccc
%c cc cc ccc ccc cccc cccc cccc cccc ccccc ccccc ccccc ccccc
%f  1.2500000  1.025000000  0.00000000000  0.000000000000000
%f  0.0000000  0.000000000  0.00000000000  0.000000000000000
%i    0    0    0    0      0      0      0      0         0
%i    0    0    0    0      0      0      0      0         0
/* FINAL ORBIT COMBINATION FROM WEIGHTED AVERAGE OF:        
/* cod emr esa gfz grg jgx jpl mit ngs sio                  
/* REFERENCED TO IGS TIME (IGST) AND TO WEIGHTED MEAN POLE: 
/* PCV:IGS20      OL/AL:FES2014b NONE     Y  ORB:CMB CLK:CMB
*  2025  1  6  0  0  0.00000000
PG01  16788.004319   5176.052213  19929.262999 999999.999999 15 15 13           
PG02  18424.250457   6195.475796  18738.239022   -274.795655  5  7  4  82       
PG03  18738.306379  -6335.766011  17503.118250    640.324158  5  3  7  81       
PG04  26249.876399    188.043166  -4539.593667    507.471593  8  4  4  59       
PG05 -12294.268809  -8605.025039 -22088.675772   -198.169966  7  8  4  90       
PG06  -4506.682231 -24609.210390   8805.317219    -97.861696  6  6  4  58       
PG07  11433.267206 -10758.794112 -20829.892096    -13.828140  8  6  8 106       
PG08  25081.758070   6388.911340  -7081.161922    454.818924  7  3  6  68       
PG09  22340.539811  -7309.338853 -12527.795410    517.190044 11  5  1  87       
PG10  -8456.487258  23079.130751   9847.639232   -264.584210  6  2  3  74       
PG11 -12149.140084 -23384.027723  -3524.888593   -752.313946  6  7  8  90       
PG12 -18535.067220   2175.654406  18593.258435   -562.754622  5  6  5  80       
PG13 -19013.587124 -13652.712952 -13011.609301    692.532454  8  7 10  89       
PG14  11630.419856 -22995.303184   5936.889945    574.479158  6  2  7  21       
PG15 -25556.725769  -3513.593803  -7147.535014    248.239994  8  7  6  61       
PG16   7752.934770  14069.745200 -21438.142316    -85.028899  7  8  6  51       
PG17   8449.416256 -13769.844945  21524.324412    487.380386  7  6  4  90       
PG18  -9683.325046  13176.063903 -20849.110317   -658.797371  7  6  7  90       
PG19  -3666.863791 -15619.045997  21100.171472    582.734229  7  5  7  92       
PG20  -4661.319374 -19359.285389 -17553.915005    367.304049  8  9  3  91       
PG21  19139.607473  13157.004878  14212.502054    100.136859  6  6  4  89       
PG22   6453.047947 -22286.704027  13587.845423    -90.720433  7  3  7  50       
PG23 -16823.476354  19900.756249  -4401.960566    398.152086  5  4  7  78       
PG24 -18993.664592  -8525.238422  16244.520119   -466.892166  5  7  6  85       
PG25 -18993.265970  15070.176246  10169.112997    497.173778  5  3  6  82       
PG26    538.492838  21679.403505 -15258.086643    -36.735260  4  5  3  92       
PG27  17292.922628  12784.875513 -16175.071240    -33.411958  6  6  7  91       
PG28   3869.815234  24097.579837  10463.273633   -527.941153  5  5  3  66       
PG29 -22742.456150   5159.832664 -12872.510009   -549.684667  8  5  5  94       
PG30   2896.172728 -21059.011900 -15605.298075   -245.521957  7  3  6  93       
PG31   9885.593366  24407.366205    945.401248   -218.496600  5  6  6  91       
PG32  -2598.819223  15067.980812  21940.663519   -546.788751  7  5  5  77       
*  2025  1  6  0 15  0.00000000
PG01  17507.962040   7262.673797  18615.198630 999999.999999 15 14 13           
PG02  19353.033191   7914.834034  17070.528429   -274.787312  5  7  4  71       
PG03  17649.362274  -4508.731403  19121.372621    640.331201  5  3  7  76       
PG04  26585.104622    444.601889  -1710.013267    507.476920  8  5  5  67       
PG05 -11017.425600 -10721.106876 -21827.495672   -198.170885  7  8  3  87       
PG06  -3864.972168 -23645.155863  11402.546170    -97.886287  6  5  3  65       
PG07  12619.634655  -8526.567259 -21206.333949    -13.827725  7  6  7 108       
PG08  24145.283339   6598.915523  -9670.768679    454.826174  6  3  6  58       
PG09  23612.264350  -7055.991004 -10091.251852    517.203818 10  6  2  86       
PG10  -9135.519511  23767.545285   7144.409078   -264.598640  6  2  3  83       
PG11 -12033.212553 -23703.158251   -675.755667   -752.313391  6  6  8  89       
PG12 -17264.444302    304.084540  19880.868052   -562.756272  6  6  5  82       
PG13 -17447.167299 -13483.514320 -15213.593477    692.533705  8  7  9  79       
PG14  12184.124857 -23246.027589   3165.398567    574.485691  6  3  7  52       
PG15 -24687.410289  -3877.774432  -9725.168213    248.243478  8  6  6  52       
PG16   6233.409864  15854.233356 -20620.418962    -85.020173  6  8  6  33       
PG17  10752.356461 -13440.890915  20690.434225    487.365264  7  6  4  87       
PG18 -10791.658504  11008.162587 -21568.883709   -658.796343  7  6  7  85       
PG19  -1228.237906 -15248.761337  21605.355197    582.738328  7  5  6  93       
PG20  -3759.625282 -21058.249193 -15740.776428    367.304017  7  9  3  96       
PG21  19779.251517  14415.199842  11966.994967    100.137781  6  5  4  80       
PG22   7441.425776 -23234.212983  11252.407561    -90.722480  7  3  7  37       
PG23 -16642.239883  19221.820722  -7210.709851    398.158847  5  4  7  27       
PG24 -19785.052907 -10176.394614  14325.801614   -466.888778  5  7  6  87       
PG25 -18497.463126  13772.885717  12579.549412    497.173282  5  3  6  72       
PG26   -473.092361  22974.221425 -13164.353857    -36.748733  4  5  3  82       
PG27  15404.308118  12825.808297 -17948.077384    -33.411574  6  6  7  82       
PG28   3044.222671  23023.981022  12873.014530   -527.950114  5  6  3  60       
PG29 -24028.607629   4796.789756 -10449.742869   -549.681711  8  4  5  74       
PG30   3967.843755 -19438.578616 -17379.923864   -245.514444  7  3  6  87       
PG31   9482.719501  24265.197196   3791.788538   -218.495789  6  6  6  78       
PG32  -5036.853140  14914.658959  21597.085768   -546.782774  7  5  4  86       
*  2025  1  6  0 30  0.00000000
PG01  18263.567512   9158.528317  16981.046915 999999.999999 15 13 12           
PG02  20259.131715   9417.702495  15122.910588   -274.779256  5  6  4  68       
PG03  16580.442784  -2480.257265  20404.938667    640.338236  4  3  6  80       
PG04  26612.639191    671.644968   1148.727739    507.482234  9  5  5  70       
PG05  -9880.749241 -12860.065220 -21196.496260   -198.172055  7  8  2  96       
PG06  -3032.558455 -22471.061098  13802.959880    -97.910868  5  5  3  76       
PG07  13921.880984  -6339.925474 -21198.688773    -13.827387  7  6  6 113       
PG08  22940.669421   6867.756197 -12098.960716    454.833444  6  3  6  60       
PG09  24611.299548  -6861.608541  -7482.394389    517.217619  9  6  2  71       
PG10  -9619.395891  24219.759122   4316.649319   -264.613076  6  2  4  67       
PG11 -11785.876159 -23741.094189   2184.971500   -752.312839  6  5  8  93       
PG12 -16020.038898  -1736.840358  20817.453067   -562.758606  6  6  5  77       
PG13 -15644.056416 -13367.355053 -17160.406575    692.534610  8  7  9  79       
PG14  12560.455417 -23251.622673    338.661469    574.492215  6  3  7  55       
PG15 -23564.204621  -4324.690076 -12140.185366    248.247642  8  6  6  82       
PG16   4869.501282  17628.946029 -19455.259800    -85.011545  6  7  6  37       
PG17  12958.095778 -13243.520086  19514.340102    487.349539  7  6  3  90       
PG18 -12043.678103   8852.045699 -21915.486686   -658.795306  7  6  7  88       
PG19   1266.920019 -15003.052409  21735.109127    582.742530  6  5  6  93       
PG20  -3021.815864 -22592.668889 -13656.694786    367.303585  7  8  4  72       
PG21  20337.295259  15426.508153   9530.606369    100.138976  6  5  3  88       
PG22   8224.556645 -24011.265988   8729.863953    -90.724551  7  3  7  42       
PG23 -16349.452717  18258.201580  -9893.487607    398.165645  6  4  7  28       
PG24 -20518.529876 -11593.864043  12157.755129   -466.885395  5  7  7  69       
PG25 -17939.135367  12220.318052  14766.231986    497.172845  5  3  6  65       
PG26  -1319.985224  24090.670912 -10842.100677    -36.762263  4  5  3  87       
PG27  13338.757690  12969.211181 -19423.944007    -33.411244  6  6  6  81       
PG28   2026.491731  21773.557604  15061.042300   -527.959062  4  6  3  69       
PG29 -25049.470245   4524.071097  -7848.694945   -549.679101  8  4  5  80       
PG30   5206.782030 -17711.643527 -18849.161396   -245.506952  7  2  6  84       
PG31   8917.008084  23861.726007   6571.146347   -218.495017  5  5  6  76       
PG32  -7423.031712  14890.351206  20888.730080   -546.776808  7  5  4  74       
*  2025  1  6  0 45  0.00000000
PG01  19018.210401  10836.844576  15054.890930 999999.999999 15 12 12           
PG02  21101.738279  10691.285021  12926.930065   -274.770896  6  6  4  55       
PG03  15570.048747   -282.324057  21331.339069    640.345253  4  3  6  81       
PG04  26330.832174    906.828828   3987.888743    507.487540  8  5  6  42       
PG05  -8898.407622 -14975.244396 -20206.014056   -198.172653  7  7  1  98       
PG06  -1995.451112 -21128.676284  15965.444820    -97.935465  5  5  3  86       
PG07  15314.056428  -4243.068782 -20808.543817    -13.827063  7  6  5 111       
PG08  21492.410858   7225.677889 -14325.113027    454.840695  6  3  6  50       
PG09  25319.045434  -6691.515758  -4745.668112    517.231366  8  6  2  79       
PG10  -9934.271943  24404.401466   1413.393971   -264.627514  6  3  4  52       
PG11 -11374.705890 -23516.947132   5008.243721   -752.312261  5  4  7  89       
PG12 -14838.352776  -3913.955949  21386.189110   -562.760317  6  5  4  69       
PG13 -13635.905536 -13334.838086 -18819.547523    692.535999  8  6  8  85       
PG14  12787.951827 -22990.282307  -2493.986082    574.498744  6  4  7  40       
PG15 -22215.560644  -4880.624227 -14353.153437    248.251722  7  6  6  21       
PG16   3673.684597  19348.785234 -17960.631774    -85.002989  6  7  7  39       
PG17  15023.055485 -13164.391363  18015.318771    487.334570  8  6  3  84       
PG18 -13418.892392   6753.601918 -21883.601910   -658.794283  7  5  6  91       
PG19   3769.056714 -14888.354570  21485.799646    582.747039  6  5  6  86       
PG20  -2433.260310 -23922.689978 -11337.884150    367.303126  7  8  4  78       
PG21  20774.993112  16192.482359   6942.258292    100.140217  6  5  3  58       
PG22   8817.182500 -24581.061890   6061.734522    -90.726360  6  4  7  58       
PG23 -15986.419223  17010.743944 -12403.473266    398.172450  6  3  7  56       
PG24 -21155.548722 -12770.473410   9779.444815   -466.881986  5  6  7  77       
PG25 -17357.785937  10427.397679  16689.770004    497.172335  4  3  6  73       
PG26  -2016.891678  24991.944357  -8330.959139    -36.775769  4  4  3  77       
PG27  11136.095185  13233.740874 -20577.904640    -33.410861  6  6  5  92       
PG28    809.301255  20388.199830  16989.652082   -527.967980  4  5  4  55       
PG29 -25782.241416   4308.784191  -5113.729406   -549.675957  8  4  5  55       
PG30   6607.662247 -15923.098887 -19987.519309   -245.499432  7  2  5  88       
PG31   8163.149794  23224.498492   9234.106702   -218.494408  6  5  6  71       
PG32  -9710.686014  14984.900721  19826.751321   -546.770793  7  5  3  73       
*  2025  1  6  1  0  0.00000000
PG01  19732.281689  12278.664407  12869.835125 999999.999999 14 11 12           
PG02  21839.343047  11730.770315  10518.154466   -274.762612  6  6  4  76       
PG03  14651.326637   2046.134239  21884.454734    640.352227  3  4  5  86       
PG04  25746.833212   1187.343789   6759.075493    507.492849  8  5  6  56       
PG05  -8076.399995 -17018.828800 -18872.422741   -198.173272  6  7  2  87       
PG06   -747.982886 -19663.176312  17853.103032    -97.960065  4  5  2  81       
PG07  16763.920055  -2274.906416 -20044.663782    -13.826347  6  6  4 109       
PG08  19831.526537   7698.104867 -16311.818813    454.847947  6  3  6  65       
PG09  25725.263976  -6508.822736  -1927.769179    517.245143  8  7  2  55       
PG10 -10112.170303  24297.539854  -1514.644113   -264.641994  6  2  4  59       
PG11 -10772.357063 -23057.102112   7745.695520   -752.311676  5  4  7  89       
PG12 -13750.429674  -6187.808274  21576.903726   -562.762438  7  5  4  79       
PG13 -11460.437437 -13410.862495 -20163.231572    692.537001  8  6  8  85       
PG14  12899.531360 -22447.869743  -5283.046339    574.505313  6  4  7  53       
PG15 -20675.403575  -5566.444488 -16328.229536    248.255648  6  6  5  66       
PG16   2650.525273  20967.822375 -16160.212568    -84.994725  6  6  7  69       
PG17  16907.400069 -13183.089950  16217.820077    487.318997  8  5  4  84       
PG18 -14889.536915   4754.673016 -21474.477163   -658.793239  7  5  6  90       
PG19   6227.916544 -14902.895019  20860.487303    582.750777  6  5  6  68       
PG20  -1972.461995 -25013.532488  -8824.477972    367.303229  6  7  5  61       
PG21  21055.300546  16722.210114   4243.132297    100.141798  6  5  3  30       
PG22   9240.790918 -24911.463165   3292.171299    -90.728468  6  4  7  52       
PG23 -15594.720170  15489.549768 -14696.944587    398.179300  7  3  7  72       
PG24 -21658.585696 -13707.472124   7233.073188   -466.878574  6  6  7  75       
PG25 -16790.935106   8417.593166  18315.503651    497.171864  4  3  6  91       
PG26  -2584.899012  25646.374357  -5674.185969    -36.789269  4  4  3  81       
PG27   8839.770589  13630.945990 -21390.267463    -33.410468  7  6  5  91       
PG28   -606.435555  18911.975610  18625.607124   -527.976956  4  5  4  77       
PG29 -26212.270351   4114.831478  -2291.491805   -549.673124  8  3  5  57       
PG30   8157.218193 -14117.468124 -20775.479008   -245.491924  7  2  5  94       
PG31   7202.519257  22387.335303  11733.234921   -218.493771  6  4  5  53       
PG32 -11855.993754  15180.623229  18428.262263   -546.764760  7  4  3  88       
*  2025  1  6  1 15  0.00000000
PG01  20364.748040  13473.378556  10463.438922 999999.999999 14 11 12           
PG02  22431.280207  12539.365561   7935.705574   -274.754470  6  6  5  73       
PG03  13850.788533   4460.567835  22054.813697    640.359175  3  4  4  82       
PG04  24876.330947   1548.298018   9415.042338    507.498183  8  5  6  42       
PG05  -7412.443684 -18943.512687 -17217.896793   -198.174233  6  6  3  81       
PG06    706.797379 -18121.434972  19433.864849    -97.984606  4  4  2  73       
PG07  18234.214748   -467.711477 -18922.685935    -13.826109  6  5  3 104       
PG08  17994.518473   8304.523491 -18025.472857    454.855196  5  3  6  58       
PG09  25828.413780  -6276.021920    923.132362    517.258955  8  7  3  59       
PG10 -10189.550194  23883.750746  -4415.996804   -264.656447  6  2  5  56       
PG11  -9957.797022 -22394.121827  10350.463099   -752.311168  5  3  7  92       
PG12 -12780.674710  -8514.028456  21386.278606   -562.764676  7  5  4  78       
PG13  -9160.201345 -13613.596789 -21168.816989    692.538200  8  6  7  75       
PG14  12931.010183 -21618.588297  -7979.764299    574.511846  6  5  6  78       
PG15 -18981.918554  -6396.708604 -18033.630331    248.259781  6  6  5  51       
PG16   1796.596756  22440.950943 -14083.123054    -84.986105  6  6  7  42       
PG17  18576.349187 -13272.956407  14151.133959    487.303424  9  5  4  81       
PG18 -16421.566345   2891.619724 -20695.855723   -658.792197  7  5  6  79       
PG19   8594.317306 -15036.732698  19868.961998    582.755029  6  5  6  82       
PG20  -1612.095363 -25836.745896  -6159.823249    367.302413  6  7  5  73       
PG21  21144.251230  17031.861460   1476.169799    100.143723  5  4  3  52       
PG22   9522.675015 -24976.265789    467.316267    -90.730425  6  4  7  68       
PG23 -15214.454440  13713.737667 -16734.066728    398.186105  7  3  7  61       
PG24 -21992.631783 -14414.179269   4563.175423   -466.875195  5  6  7  71       
PG25 -16272.525369   6222.194980  19614.212215    497.171336  3  3  6  62       
PG26  -3050.474236  26028.703679  -2917.917869    -36.802815  4  3  3  91       
PG27   6495.437236  14164.727662 -21846.740753    -33.410080  7  5  4  70       
PG28  -2211.406668  17389.465712  19940.713709   -527.985925  4  5  4  74       
PG29 -26333.564311   3904.478084    569.864891   -549.670031  8  3  4  64       
PG30   9834.607856 -12337.254260 -21199.824004   -245.484360  6  2  5  90       
PG31   6024.160868  21388.949461  14023.960542   -218.493142  6  4  5  57       
PG32 -13819.469074  15452.998080  16716.117243   -546.758678  7  4  3  79       
*  2025  1  6  1 30  0.00000000
PG01  20874.794493  14418.943934   7877.073388 999999.999999 13 11 12           
PG02  22839.270351  13128.051068   5221.737345   -274.746298  6  5  5  73       
PG03  13187.313140   6912.374236  21839.750109    640.366160  2  4  3  91       
PG04  23742.984063   2021.181790  11910.475998    507.503513  8  5  6  45       
PG05  -6896.180640 -20704.167667 -15270.082540   -198.175649  6  6  3  88       
PG06   2357.072047 -16550.254727  20681.011616    -98.009057  4  4  1  81       
PG07  19684.145146   1153.915804 -17464.667617    -13.825701  6  5  2 101       
PG08  16022.138273   9057.581895 -19436.809723    454.862452  5  3  5  18       
PG09  25635.665728  -5956.618199   3758.200466    517.272744  8  7  4  53       
PG10 -10205.686411  23156.868215  -7239.401404   -264.670835  6  2  5  74       
PG11  -8917.298109 -21565.428116  12777.974605   -752.310543  5  3  7  96       
PG12 -11945.958881 -10844.914250  20817.909046   -562.766412  7  4  4  79       
PG13  -6781.157762 -13953.707638 -21819.161820    692.539289  8  6  6  78       
PG14  12919.514798 -20505.330288 -10537.020596    574.518399  6  5  6  88       
PG15 -17176.213358  -7379.010667 -19442.035652    248.263887  5  5  5  79       
PG16   1100.707914  23725.550824 -11763.556553    -84.977648  5  5  7  50       
PG17  20001.323150 -13402.152172  11848.993559    487.287980  9  5  4  85       
PG18 -17975.894789   1194.115075 -19561.795332   -658.791230  7  5  6  88       
PG19  10821.904805 -15272.141960  18527.645348    582.758975  6  5  6  66       
PG20  -1320.265230 -26371.228122  -3389.728362    367.302325  5  6  5  66       
PG21  21012.249615  17144.007726  -1314.448185    100.144643  5  4  3  60       
PG22   9694.771533 -24756.280729  -2365.389636    -90.732274  6  4  7  62       
PG23 -14882.555048  11710.851284 -18479.602645    398.192927  8  3  6  85       
PG24 -22126.569405 -14907.335889   1815.812877   -466.871838  5  5  7  69       
PG25 -15831.485166   3879.266558  20562.705895    497.170840  3  3  6  67       
PG26  -3444.233319  26121.125192   -110.350375    -36.816297  4  3  3  74       
PG27   4149.447040  14831.080414 -21938.696186    -33.409673  7  5  4  89       
PG28  -3988.065044  15864.091978  20912.308628   -527.994890  4  4  5  90       
PG29 -26148.979065   3639.986853   3421.481765   -549.666969  7  2  4  39       
PG30  11612.088750 -10621.389572 -21253.841721   -245.476843  6  3  5  78       
PG31   4625.463424  20271.368098  16065.455942   -218.492397  6  4  4  71       
PG32 -15567.306884  15771.635403  14718.601169   -546.752663  7  4  3  60       
*  2025  1  6  1 45  0.00000000
PG01  21223.471865  15121.774475   5155.211818 999999.999999 13 11 12           
PG02  23028.907997  13515.059669   2420.860620   -274.738008  6  5  5  52       
PG03  12671.467688   9350.622963  21243.430985    640.373093  2  5  2  87       
PG04  22377.563001   2632.470202  14202.749216    507.508849  7  4  6  60       
PG05  -6509.698348 -22259.446794 -13061.678726   -198.175939  5  5  4  70       
PG06   4182.542794 -14994.620281  21573.601556    -98.033610  4  4  1  76       
PG07  21070.988017   2573.740495 -15698.508481    -13.825237  6  6  2  96       
PG08  13958.002357   9962.440694 -20521.390300    454.869640  5  3  4  46       
PG09  25162.597347  -5516.729842   6528.759144    517.286524  8  7  4  62       
PG10 -10200.923951  22120.373457  -9934.776725   -264.685227  6  1  5  83       
PG11  -7645.153875 -20611.811573  14986.700092   -752.309958  5  3  6  80       
PG12 -11255.046147 -13131.151934  19882.219475   -562.768476  6  4  4  72       
PG13  -4371.141966 -14433.871808 -22102.906800    692.540657  8  6  6  63       
PG14  12901.848767 -19119.689178 -12910.192734    574.524976  6  5  6  69       
PG15 -15300.903325  -8513.584703 -20530.928041    248.267865  4  5  4  89       
PG16    544.440179  24783.101322  -9240.301992    -84.969003  5  4  7  50       
PG17  21160.882138 -13534.927848   9349.114725    487.272661  9  5  4  63       
PG18 -19509.834346   -315.791501 -18092.382057   -658.790283  7  4  6  79       
PG19  12868.813667 -15584.329945  16859.356431    582.763337  6  5  6  63       
PG20  -1061.938074 -26603.971793   -561.677883    367.302250  5  6  5  38       
PG21  20635.240579  17086.729289  -4083.844904    100.145804  4  4  3   9       
PG22   9792.314126 -24240.184210  -5157.941364    -90.734359  6  4  7  31       
PG23 -14631.248029   9515.941097 -19903.530955    398.199739  7  2  6  68       
PG24 -22034.386052 -15210.198077   -962.218929   -466.868452  6  5  7  61       
PG25 -15490.515350   1432.312980  21144.284357    497.170356  3  3  6  70       
PG26  -3799.529490  25914.044225   2699.143991    -36.829797  4  2  3  79       
PG27   1847.313246  15618.126062 -21663.364837    -33.409274  7  5  4  86       
PG28  -5911.115274  14376.503181  21523.650765   -528.003812  4  4  5  81       
PG29 -25670.085842   3285.258542   6214.609825   -549.663971  7  2  4  65       
PG30  13455.973693  -9003.848626 -20937.396417   -245.469324  6  4  5  91       
PG31   3012.491417  19078.225870  17821.439154   -218.491358  6  4  4  69       
PG32 -17072.530187  16101.487572  12469.023684   -546.746628  7  4  3  64       
*  2025  1  6  2  0  0.00000000
PG01  21375.284887  15596.310330   2344.666216 999999.999999 12 11 12           
PG02  22971.042900  13725.093067   -420.484894   -274.729718  6  5  5  32       
PG03  12305.176672  11723.871742  20276.751700    640.380000  1  5  2  80       
PG04  20816.833975   3402.417536  16252.633036    507.514205  7  4  6  58       
PG05  -6228.348085 -23573.265417 -10629.929985   -198.177336  5  5  4  57       
PG06   6155.046676 -13496.042351  22096.793941    -98.058169  4  3  2  80       
PG07  22351.761667   3784.223503 -13657.272401    -13.824766  5  6  2 106       
PG08  11847.102484  11016.400811 -21260.029751    454.876920  6  4  4  18       
PG09  24432.575776  -4926.598140   9187.123347    517.300254  7  7  5  49       
PG10 -10214.881693  20787.403067 -12454.190926   -264.699617  6  2  5  78       
PG11  -6144.091059 -19575.826431  16938.849407   -752.309402  5  3  6  91       
PG12 -10708.365924 -15323.605893  18596.238224   -562.770522  6  3  5  69       
PG13  -1978.258891 -15048.590016 -22014.680524    692.541998  8  6  5  47       
PG14  12912.882441 -17481.634117 -15057.966167    574.531532  6  6  6  89       
PG15 -13398.665365  -9793.174867 -21282.870163    248.272022  4  5  3  90       
PG16    102.982565  25580.678500  -6556.160716    -84.960569  5  3  7  70       
PG17  22041.424975 -13633.053650   6692.672514    487.257256  9  5  5  56       
PG18 -20978.675226  -1624.307141 -16313.346860   -658.789322  7  4  6  82       
PG19  14699.163893 -15942.462515  14892.940904    582.767437  6  5  6  67       
PG20   -800.489017 -26530.511629   2275.972328    367.302083  4  5  5  60       
PG21  19995.719464  16892.534840  -6787.018154    100.146847  3  4  3  44       
PG22   9852.346796 -23425.100019  -7862.541599    -90.736141  6  4  7  51       
PG23 -14486.716105   7170.357990 -20981.559970    398.206541  7  2  6  86       
PG24 -21696.185389 -15351.413787  -3724.155560   -466.865103  5  4  7  63       
PG25 -15265.152122  -1071.274902  21349.049798    497.169918  4  2  6  33       
PG26  -4150.918069  25406.526705   5460.939566    -36.843333  4  2  3  61       
PG27   -367.807649  16506.444554 -21023.960052    -33.408828  7  5  3  90       
PG28  -7948.304988  12963.080844  21764.210077   -528.012714  3  3  5  91       
PG29 -24916.718996   2807.414604   8901.427833   -549.661265  7  3  4  57       
PG30  15327.825860  -7512.478789 -20256.875213   -245.461787  6  4  4  82       
PG31   1199.956653  17853.003958  19260.879603   -218.490955  5  4  3  73       
PG32 -18315.894614  16404.263269  10005.219879   -546.740562  7  4  3  76       
*  2025  1  6  2 15  0.00000000
PG01  21299.659283  15864.282605   -506.217229 999999.999999 12 12 12           
PG02  22643.004929  13788.296039  -3254.709560   -274.721580  5  4  5  10       
PG03  12081.748502  13982.000722  18957.104404    640.386934  1  4  1  77       
PG04  19102.226369   4344.089543  18024.956848    507.519561  6  4  5  62       
PG05  -6021.832315 -24616.102341  -8016.038069   -198.178425  4  4  4  79       
PG06   8239.475032 -12091.053607  22242.068571    -98.082695  4  3  3  78       
PG07  23484.882229   4786.490223 -11378.435003    -13.824256  5  6  2  92       
PG08   9734.262538  12208.825882 -21639.159430    454.884196  6  4  4  51       
PG09  23475.851154  -4161.946373  11687.420784    517.314009  7  7  5  48       
PG10 -10284.682287  19180.370905 -14752.796655   -264.713975  6  2  4  69       
PG11  -4425.361289 -18500.131967  18601.007134   -752.308770  4  3  6  94       
PG12 -10298.138108 -17375.100740  16983.238791   -562.772693  6  3  5  70       
PG13    350.735212 -15784.311564 -21555.222935    692.542944  7  5  5  85       
PG14  12984.032162 -15618.860447 -16943.078169    574.538077  6  6  5  93       
PG15 -11510.807631 -11203.173603 -21685.721747    248.275975  3  5  2  71       
PG16   -253.760062  26092.273393  -3757.260143    -84.952168  5  3  7  52       
PG17  22637.619561 -13657.365004   3923.715718    487.241954  8  5  5  44       
PG18 -22337.346226  -2726.205394 -14255.593838   -658.788301  7  3  6  90       
PG19  16284.328208 -16310.959087  12662.767792    582.771496  6  5  6  62       
PG20   -499.304540 -26155.058216   5074.806686    367.301767  3  4  5  22       
PG21  19083.548196  16597.120295  -9379.439000    100.148252  3  3  3  43       
PG22   9912.149350 -22316.884935 -10432.400488    -90.738039  6  5  7  84       
PG23 -14468.019853   4720.308301 -21695.529494    398.213342  7  1  6  85       
PG24 -21098.965715 -15363.731421  -6423.992743   -466.861713  6  4  7  74       
PG25 -15163.146778  -3581.932578  21174.067427    497.169433  4  2  5  56       
PG26  -4532.562265  24606.409537   8126.102173    -36.856872  3  2  4  66       
PG27  -2456.562214  17469.696298 -20029.720818    -33.408411  7  5  3  84       
PG28 -10061.491173  11654.622590  21629.849046   -528.021679  3  3  5  93       
PG29 -23916.220452   2178.261768  11435.849304   -549.658388  6  3  4  77       
PG30  17185.842664  -6168.092131 -19225.012315   -245.454279  6  5  4  58       
PG31   -789.169441  16637.291205  20358.588625   -218.490174  5  4  3  63       
PG32 -19286.512017  16639.993475   7368.960925   -546.734539  6  3  3  64       
*  2025  1  6  2 30  0.00000000
PG01  20972.230556  15953.702587  -3348.389857 999999.999999 11 12 12           
PG02  22029.624918  13739.018279  -6033.800129   -274.713413  5  4  5  58       
PG03  11986.256024  16077.991304  17308.026471    640.393861  1  4  2  91       
PG04  17278.332658   5462.671369  19489.205920    507.524961  5  4  5  76       
PG05  -5855.522456 -25366.070397  -5264.497312   -198.179085  4  4  4  69       
PG06  10394.959116 -10809.912282  22007.339304    -98.107258  4  3  4  80       
PG07  24431.739322   5589.953408  -8903.082268    -13.823728  5  6  3  89       
PG08   7662.595459  13521.367214 -21651.114966    454.891497  6  5  4  53       
PG09  22328.393567  -3205.133867  13986.390381    517.327730  6  7  6  60       
PG10 -10443.285430  17330.216022 -16789.709163   -264.728389  6  2  4  86       
PG11  -2508.508533 -17425.843465  19944.694779   -752.308176  4  3  6  85       
PG12 -10008.842003 -19242.121932  15072.258617   -562.774621  5  3  5  68       
PG13   2572.007754 -16619.868490 -20731.423241    692.544100  7  5  4  88       
PG14  13141.891291 -13565.843279 -18532.979438    574.544621  5  5  5  88       
PG15  -9675.900155 -12722.021667 -21732.797173    248.280338  3  4  1  75       
PG16   -559.822899  26299.871668   -892.271395    -84.943498  5  2  6  52       
PG17  22952.545104 -13569.371084   1088.521620    487.226439  8  6  5  60       
PG18 -23542.092322  -3624.805173 -11954.649989   -658.787302  6  3  6  84       
PG19  17603.914172 -16651.003615  10208.102641    582.775776  6  5  5  55       
PG20   -123.379577 -25490.315161   7787.155439    367.301424  3  4  5  30       
PG21  17896.546205  16238.001136 -11817.679645    100.149874  3  3  3           
PG22  10007.632492 -20930.097798 -12822.551846    -90.740194  6  5  7  84       
PG23 -14586.317761   2215.229268 -22033.694817    398.220120  6  1  6  69       
PG24 -20237.145091 -15282.591284  -9017.172489   -466.858341  6  4  7  63       
PG25 -15184.187226  -6049.715164  20623.371665    497.168959  4  2  5  35       
PG26  -4976.648269  23530.064548  10647.331628    -36.870345  3  1  4  50       
PG27  -4384.722608  18475.520632 -18695.869013    -33.407992  7  5  3  86       
PG28 -12207.940874  10475.253602  21122.893531   -528.030605  3  3  5  80       
PG29 -22702.408384   1375.581673  13774.305817   -549.655291  5  4  3  72       
PG30  18986.371229  -4983.850887 -17860.599152   -245.446772  6  5  4  56       
PG31  -2924.385748  15469.142652  21095.680617   -218.489590  5  4  3  76       
PG32 -19982.164559  16768.691261   4605.280219   -546.728546  6  4  3  45       
*  2025  1  6  2 45  0.00000000
PG01  20375.904045  15897.615122  -6132.945000 999999.999999 10 13 12           
PG02  21124.008226  13614.402416  -8710.087733   -274.705062  5  4  4  63       
PG03  11996.252210  17969.579355  15358.738652    640.400815  2  4  3  79       
PG04  15391.296351   6755.078879  20620.046724    507.530335  4  4  5  82       
PG05  -5691.958738 -25809.713128  -2422.362676   -198.180015  3  3  4  57       
PG06  12576.276796  -9675.560470  21396.961965    -98.131813  5  3  4  76       
PG07  25158.131128   6211.620158  -6275.083829    -13.823059  4  6  3  82       
PG08   5672.015681  14928.489087 -21294.342434    454.898789  6  5  5  39       
PG09  21030.516978  -2046.058230  16044.143022    517.341443  6  7  6  75       
PG10 -10717.997783  15275.306466 -18528.804384   -264.742837  6  2  4  58       
PG11   -420.820354 -16390.955309  20946.851476   -752.307553  4  3  6  89       
PG12  -9818.005414 -20886.365496  12897.509518   -562.776791  5  3  5  68       
PG13   4646.125353 -17527.207450 -19556.268550    692.545342  7  5  4  84       
PG14  13407.068492 -11362.633467 -19800.400702    574.551193  5  5  5  91       
PG15  -7928.509643 -14321.856743 -21422.964012    248.284191  2  4  2  69       
PG16   -851.651023  26194.242424   1988.457553    -84.935085  5  2  6  65       
PG17  22997.534975 -13332.869815  -1765.105448    487.210425  8  6  5  71       
PG18 -24552.106323  -4331.623404  -9450.047010   -658.786368  6  3  5  92       
PG19  18646.417246 -16922.208263   7572.370139    582.779838  5  4  5  87       
PG20    359.151567 -24556.988277  10366.882144    367.301105  3  4  4  33       
PG21  16440.828885  15853.057502 -14060.069191    100.150519  4  3  2  37       
PG22  10171.764064 -19287.643753 -14990.671915    -90.741898  7  5  6  81       
PG23 -14844.413779   -293.949877 -21990.890254    398.226931  6  1  6  63       
PG24 -19112.821750 -15144.652205 -11461.221834   -466.854983  6  4  7  75       
PG25 -15319.969807  -8426.094105  19707.821616    497.168496  4  2  5  50       
PG26  -5511.878666  22201.822920  12979.878446    -36.883851  3  1  4  82       
PG27  -6124.335434  19486.685065 -17043.474024    -33.407545  7  5  4  95       
PG28 -14341.816662   9441.607865  20252.091890   -528.039530  3  3  5  78       
PG29 -21314.308053    384.194932  15876.493752   -549.652361  5  4  3  64       
PG30  20685.494077  -3964.965931 -16188.090325   -245.439239  6  5  3  67       
PG31  -5168.700942  14381.605519  21459.895150   -218.488874  4  4  3  69       
PG32 -20409.291890  16752.041643   1761.723229   -546.722524  5  4  3  36       
*  2025  1  6  3  0  0.00000000
PG01  19501.644625  15732.664964  -8811.960527 999999.999999 10 14 12           
PG02  19928.023947  13452.845014 -11237.049188   -274.696918  5  3  4  70       
PG03  12082.788760  19620.718692  13143.584792    640.407768  2  3  4  73       
PG04  13487.147870   8209.890093  21397.771159    507.535681  4  5  4  84       
PG05  -5492.475900 -25942.493799    461.539467   -198.181100  2  3  4  46       
PG06  14735.427007  -8702.874246  20421.638332    -98.156433  5  3  5  87       
PG07  25635.508413   6675.123990  -3540.262005    -13.822390  4  6  3  89       
PG08   3797.862155  16398.281521 -20573.514584    454.906076  6  5  5  65       
PG09  19625.342226   -682.768129  17824.870356    517.355130  5  6  5  73       
PG10 -11129.225055  13060.044817 -19939.416206   -264.757250  6  2  3  58       
PG11   1803.517114 -15428.895950  21590.225716   -752.306942  4  3  6  84       
PG12  -9697.276620 -22276.075237  10497.696375   -562.778897  5  3  5  66       
PG13   6539.376110 -18472.397078 -18048.699875    692.546192  7  5  3  85       
PG14  13793.279475  -9053.445658 -20723.814351    574.557762  5  5  4  93       
PG15  -6298.078647 -15969.390591 -20760.681902    248.288510  3  5  2  75       
PG16  -1166.443527  25775.394095   4833.837212    -84.926624  4  3  6  77       
PG17  22791.718980 -12915.510363  -4588.586252    487.195249  7  6  5  91       
PG18 -25331.054125  -4865.717890  -6784.646042   -658.785320  6  4  5  64       
PG19  19409.515253 -17084.358303   4802.323211    582.784026  5  4  4  45       
PG20    975.608038 -23383.006588  12770.141603    367.300981  3  4  4  33       
PG21  14730.871513  15479.036777 -16067.373554    100.151788  5  3  1  31       
PG22  10433.089777 -17420.097432 -16897.884431    -90.743656  6  5  6  74       
PG23 -15236.647252  -2756.592296 -21568.572278    398.233722  6  2  5  87       
PG24 -17735.767240 -14986.305078 -13716.341584   -466.851608  6  4  7  63       
PG25 -15554.613554 -10665.680885  18444.814256    497.168006  4  2  4  58       
PG26  -6162.110325  20653.082730  15082.411270    -36.897339  3  1  5  87       
PG27  -7654.651017  20462.449905 -15099.218872    -33.407121  7  5  4  92       
PG28 -16415.790059   8562.310351  19032.463081   -528.048470  4  3  5  74       
PG29 -19794.691986   -803.242866  17706.071842   -549.649121  4  4  3  73       
PG30  22240.622246  -3108.714654 -14237.116933   -245.431754  6  5  3  50       
PG31  -7479.936095  13401.474096  21445.775124   -218.488268  4  4  2  75       
PG32 -20582.646508  16555.054520  -1112.468134   -546.716463  5  4  3  50       
*  2025  1  6  3 15  0.00000000
PG01  18348.964849  15497.532188 -11339.324770 999999.999999 10 14 11           
PG02  18452.480891  13292.384792 -13570.130380   -274.688753  6  4  4  45       
PG03  12211.693523  21002.799412  10701.386637    640.414750  3  1  5  82       
PG04  11610.150599   9807.601679  21808.651615    507.541072  3  5  4  89       
PG05  -5218.892342 -25768.954130   3337.445710   -198.182557  1  3  3  75       
PG06  16823.312900  -7898.231616  19098.219222    -98.181047  5  3  5  81       
PG07  25841.987741   7009.531070   -745.574247    -13.821947  3  6  3  84       
PG08   2069.684880  17893.536776 -19499.549463    454.913387  6  6  5  64       
PG09  18157.158073    878.240061  19297.488019    517.368811  4  6  5  82       
PG10 -11689.520702  10733.235153 -20996.915458   -264.771668  6  2  3  66       
PG11   4124.529548 -14567.269568  21863.671801   -752.306375  5  4  6  85       
PG12  -9613.730561 -23387.116249   7915.262376   -562.781192  5  3  5  35       
PG13   8224.888785 -19416.878376 -16233.372867    692.547346  7  6  3  91       
PG14  14306.727297  -6685.096002 -21287.783876    574.564364  4  5  4  98       
PG15  -4807.985591 -17626.988209 -19755.980124    248.292410  3  4  3  92       
PG16  -1540.440953  25052.668718   7593.020080    -84.917965  5  3  5  82       
PG17  22361.274434 -12290.243273  -7333.361766    487.180055  6  6  5  63       
PG18 -25848.437628  -5252.747922  -4003.916523   -658.784331  5  5  4  68       
PG19  19899.991180 -17099.162552   1947.139024    582.787961  4  4  4  58       
PG20   1747.531634 -22002.485232  14956.097590    367.300596  3  4  4  60       
PG21  12789.283052  15150.063312 -17803.492691    100.153940  6  4  1  38       
PG22  10814.411051 -15364.721933 -18509.533677    -90.745834  6  5  6  91       
PG23 -15749.126218  -5124.113940 -20774.744772    398.240495  6  4  5  86       
PG24 -16123.157977 -14842.223335 -15745.943918   -466.848245  6  4  7  77       
PG25 -15865.393465 -12727.806533  16857.867907    497.167546  5  2  4  38       
PG26  -6945.196718  18921.136863  16917.812832    -36.910856  3  1  5  73       
PG27  -8962.793056  21360.103304 -12895.063130    -33.406671  7  6  4  91       
PG28 -18382.721138   7837.779566  17485.036422   -528.057421  4  4  5  75       
PG29 -18188.484190  -2185.745910  19231.297330   -549.646083  4  4  3  67       
PG30  23612.034199  -2404.771863 -12041.919978   -245.424267  6  6  2  68       
PG31  -9812.232874  12548.323453  21054.700761   -218.487463  4  4  2  85       
PG32 -20524.625736  16147.613093  -3967.223070   -546.710435  4  4  3  24       
*  2025  1  6  3 30  0.00000000
PG01  16926.091986  15231.297825 -13671.531438 999999.999999 10 15 11           
PG02  16716.971601  13169.078328 -15667.577401   -274.680623  6  5  3  55       
PG03  12345.052948  22095.576417   8074.728458    640.421748  3  1  5  81       
PG04   9801.219456  11521.203325  21845.199844    507.546498  3  5  4  88       
PG05  -4835.196530 -25302.532612   6155.521266   -198.183781  1  4  3  55       
PG06  18791.471146  -7259.412511  17449.410775    -98.205636  5  3  5  62       
PG07  25763.105352   7247.974950   2061.676751    -13.821519  3  5  3  73       
PG08    510.243677  19373.055178 -18089.524563    454.920730  6  6  5  51       
PG09  16669.743790   2622.056244  20436.200407    517.382474  4  6  5  85       
PG10 -12402.971821   8346.281809 -21683.157042   -264.786090  6  3  2  72       
PG11   6497.789286 -13826.832263  21762.346115   -752.305811  5  3  6  87       
PG12  -9531.351697 -24203.745873   5195.579978   -562.783282  5  3  5  54       
PG13   9683.504927 -20318.916068 -14140.321623    692.548363  7  6  3  81       
PG14  14945.793955  -4305.352448 -21483.196849    574.570963  4  5  4 100       
PG15  -3474.817554 -19253.916529 -18424.371336    248.296252  4  4  3  92       
PG16  -2007.230473  24044.461502  10216.408216    -84.909507  5  3  4  84       
PG17  21738.406436 -11436.599598  -9951.721100    487.164351  5  6  6  40       
PG18 -26080.745888  -5523.790095  -1155.180392   -658.783345  5  5  4  74       
PG19  20133.288360 -16931.933175   -942.535077    582.792262  4  4  3  55       
PG20   2689.678301 -20454.469459  16887.590402    367.300157  3  3  4  63       
PG21  10646.282360  14896.208984 -19236.164738    100.155367  6  5  1  54       
PG22  11331.679025 -13164.213921 -19795.905640    -90.747401  6  5  5  83       
PG23 -16360.291428  -7351.652599 -19623.771134    398.247289  6  5  5  92       
PG24 -14299.058392 -14743.997362 -17517.138577   -466.844865  7  3  7  83       
PG25 -16223.755708 -14577.894208  14976.091914    497.167083  5  2  4  68       
PG26  -7872.085295  17047.771492  18453.884502    -36.924377  3  1  5  56       
PG27 -10044.136444  22136.613009 -10467.799837    -33.406277  7  6  4  95       
PG28 -20197.339894   7260.357443  15636.487490   -528.066393  5  4  5  83       
PG29 -16541.088733  -3753.825231  20425.589131   -549.642907  4  3  3  82       
PG30  24764.302501  -1835.835308  -9640.717221   -245.416786  6  6  2  69       
PG31 -12117.701912  11833.858319  20294.783642   -218.486648  4  4  2  81       
PG32 -20264.302428  15505.852531  -6752.545263   -546.704388  4  4  3  64       
*  2025  1  6  3 45  0.00000000
PG01  15249.806837  14971.803618 -15768.429664 999999.999999 10 15 10           
PG02  14749.377668  13115.427684 -17491.258095   -274.672354  7  6  3           
PG03  12442.838543  22887.775759   5309.186936    640.428746  4  1  6  62       
PG04   8096.472126  13317.050813  21506.323793    507.551860  3  5  4  95       
PG05  -4309.163183 -24565.045627   8866.741403   -198.184732  1  4  3  63       
PG06  20593.783455  -6775.832862  15503.389126    -98.230256  5  3  5  58       
PG07  25392.294282   7426.176700   4834.594604    -13.820788  3  5  2  71       
PG08   -865.238313  20793.135725 -16366.480998    454.928050  6  7  6  34       
PG09  15204.718903   4525.722733  21220.975335    517.396256  4  6  5  76       
PG10 -13264.947089   5951.297427 -21986.786118   -264.800507  6  3  3  85       
PG11   8875.925263 -13220.741897  21287.799574   -752.305201  6  3  6  82       
PG12  -9412.630200 -24719.056895   2386.106866   -562.785432  5  3  5  54       
PG13  10904.367665 -21135.200192 -11804.525356    692.549540  7  7  4  68       
PG14  15701.052980  -1961.263096 -21307.379879    574.577483  3  5  4  85       
PG15  -2307.882277 -20807.724562 -16786.698071    248.300342  5  4  3  68       
PG16  -2596.145089  22777.570001  12656.657947    -84.900920  5  3  4  75       
PG17  20960.089140 -10341.744002 -12397.649331    487.149216  5  6  6  83       
PG18 -26012.353108  -5713.955152   1713.167086   -658.782377  5  6  4  76       
PG19  20132.718923 -16553.121987  -3815.561226    582.795952  3  4  3  43       
PG20   3809.269592 -18781.506568  18531.745131    367.299953  3  3  4  62       
PG21   8338.878947  14742.181035 -20337.662782    100.155906  7  6  1  12       
PG22  11993.157247 -10865.218234 -20732.876523    -90.749142  6  4  5  88       
PG23 -17041.785759  -9399.583012 -18136.079859    398.254090  6  5  4  86       
PG24 -12293.675582 -14718.896058 -19001.167875   -466.841482  7  3  6  54       
PG25 -16596.566333 -16188.573243  12833.560735    497.166595  5  2  4  44       
PG26  -8946.208724  15077.695613  19663.942563    -36.937891  3  1  5  56       
PG27 -10902.370828  22750.333790  -7858.506054    -33.405816  6  6  5  82       
PG28 -21817.864886   6814.760814  13518.676467   -528.075356  6  4  5  61       
PG29 -14896.706434  -5489.647469  21268.007324   -549.640144  4  4  2  80       
PG30  25667.555880  -1378.516593  -7075.017086   -245.409293  6  6  1  79       
PG31 -14348.141364  11261.598579  19180.628908   -218.486194  4  5  3  72       
PG32 -19836.189794  14613.308951  -9419.433749   -546.698336  4  4  3  73       
*  2025  1  6  4  0  0.00000000
PG01  13344.959892  14754.069934 -17593.916176 999999.999999  9 16  9           
PG02  12585.043144  13158.926104 -19007.453970   -274.664337  7  7  4  61       
PG03  12464.611827  23377.359666   2452.521995    640.435744  4  2  6  62       
PG04   6525.968675  15156.007029  20797.377874    507.557242  3  5  4  88       
PG05  -3613.833244 -23585.848192  11423.771863   -198.185725  1  5  2  64       
PG06  22188.107292  -6429.102631  13293.329565    -98.254858  5  3  5  51       
PG07  24731.077860   7580.907601   7527.394982    -13.820725  2  5  2  47       
PG08  -2049.532245  22109.197951 -14359.114079    454.935364  6  7  6  79       
PG09  13799.985157   6558.920810  21637.918385    517.409979  4  6  4  77       
PG10 -14262.214792   3599.200836 -21903.398883   -264.814888  6  4  3  56       
PG11  11210.251918 -12754.110507  20447.964122   -752.304624  6  3  5  82       
PG12  -9220.205256 -24935.081845   -464.474356   -562.787506  5  3  4  59       
PG13  11885.200263 -21822.539934  -9265.379513    692.550559  6  7  4  75       
PG14  16555.599607    302.472195 -20764.096655    574.584126  3  5  3  92       
PG15  -1308.979615 -22245.711954 -14868.908076    248.304386  5  4  4  93       
PG16  -3330.830857  21286.195310  14869.653080    -84.892843  6  3  3  58       
PG17  20066.610694  -9001.252968 -14627.679708    487.134068  4  6  6  85       
PG18 -25636.131414  -5860.858432   4552.448768   -658.781443  5  6  3  78       
PG19  19928.362381 -15939.647755  -6621.291219    582.800198  3  5  3  43       
PG20   5105.532300 -17028.098649  19860.512287    367.299307  2  3  3  63       
PG21   5909.771682  14706.184477 -21085.465981    100.157207  7  7  2  28       
PG22  12798.896030  -8516.667467 -21302.467865    -90.751294  6  4  4  88       
PG23 -17759.592313 -11234.822424 -16337.771742    398.260860  6  6  4  77       
PG24 -10142.411341 -14788.794158 -20173.790807   -466.838094  7  3  6  88       
PG25 -16947.536708 -17540.496025  10468.611989    497.166111  5  3  4  65       
PG26 -10163.195058  13056.869302  20527.293081    -36.951381  4  1  5  67       
PG27 -11549.238970  23162.704051  -5111.889914    -33.405390  6  6  5  94       
PG28 -23207.496983   6478.836226  11168.096924   -528.084298  6  4  4  63       
PG29 -13296.704363  -7367.522014  21743.639324   -549.636747  4  4  2  84       
PG30  26298.531750  -1004.459045  -4388.893058   -245.401801  6  5  1  40       
PG31 -16456.754648  10826.907643  17732.976981   -218.485322  4  5  3  55       
PG32 -19278.788016  13461.787178 -11920.801202   -546.692266  4  4  2  69       
*  2025  1  6  4 15  0.00000000
PG01  11243.682911  14608.833633 -19116.557614 999999.999999  9 16  9           
PG02  10265.637437  13320.786768 -20187.600229   -274.656269  7  7  4  25       
PG03  12371.240446  23571.444690   -446.155927    640.442743  4  4  6  77       
PG04   5112.688643  16994.809599  19730.103714    507.562652  3  4  5  83       
PG05  -2728.795994 -22400.704565  13781.830547   -198.187038  2  5  3  77       
PG06  23537.765774  -6193.886002  10856.857245    -98.279499  5  4  4  51       
PG07  23788.982416   7748.449909  10096.060971    -13.819843  2  4  2  72       
PG08  -3043.548399  23277.474012 -12101.349165    454.942698  6  7  6  77       
PG09  12488.322552   8684.953027  21679.538556    517.423695  4  6  4  77       
PG10 -15373.422261   1337.884388 -21435.558145   -264.829324  6  4  4  76       
PG11  13452.456220 -12423.876907  19257.032596   -752.304033  6  3  5  83       
PG12  -8918.489303 -24862.561196  -3307.115231   -562.789604  5  3  4  67       
PG13  12632.258450 -22339.586146  -6566.075152    692.551562  6  8  5  61       
PG14  17485.682509   2445.024568 -19863.432474    574.590730  3  5  3  86       
PG15   -472.445394 -23526.438666 -12701.754360    248.308261  5  5  4  79       
PG16  -4228.049671  19610.635211  16815.417778    -84.884148  6  4  3  65       
PG17  19099.974573  -7419.577977 -16601.732243    487.118470  4  6  6  83       
PG18 -24953.756711  -6003.001355   7314.498330   -658.780498  5  6  3  70       
PG19  19555.704608 -15075.958983  -9310.522985    582.804358  3  6  3  63       
PG20   6569.544061 -15239.093136  20851.133248    367.299459  2  3  3  77       
PG21   3405.991400  14799.014794 -21462.882975    100.159072  6  7  3  60       
PG22  13740.549131  -6168.012077 -21493.288586    -90.753326  6  4  4  89       
PG23 -18475.394864 -12831.879890 -14260.138077    398.267649  5  6  4  82       
PG24  -7884.742652 -14969.298765 -21015.616198   -466.834715  7  2  6  85       
PG25 -17238.763503 -18622.833018   7923.088362    497.165658  5  3  3  53       
PG26 -11510.907234  11030.802056  21029.576416    -36.964910  4  2  5  44       
PG27 -12003.951987  23339.862205  -2275.540667    -33.404988  6  6  5  97       
PG28 -24335.730891   6224.588026   8625.244620   -528.093261  6  4  4  59       
PG29 -11778.101420  -9354.700476  21843.884464   -549.633886  3  4  2  81       
PG30  26641.383032   -681.636579  -1628.231577   -245.394293  5  5  1  29       
PG31 -18399.798596  10517.355110  15978.238605   -218.484506  4  5  3  68       
PG32 -18632.970809  12051.906766 -14212.368455   -546.686219  5  4  2  72       
*  2025  1  6  4 30  0.00000000
PG01   8984.325676  14561.262934 -20310.132291 999999.999999  8 16  9           
PG02   7837.744012  13614.915082 -21008.950395   -274.647934  7  8  4  78       
PG03  12126.559011  23485.880770  -3337.227160    640.449739  4  5  6  72       
PG04   3871.786158  18787.614550  18322.460105    507.568022  2  4  5  80       
PG05  -1641.218761 -21050.411373  15899.512346   -198.188247  2  6  3  78       
PG06  24612.841895  -6039.030964   8235.427344    -98.304169  5  4  4  37       
PG07  22583.180632   7963.108002  12498.945820    -13.819370  3  4  2  71       
PG08  -3856.156269  24256.704676  -9631.804635    454.950033  5  7  6  83       
PG09  11296.195514  10861.984481  21344.898861    517.437437  4  6  4  74       
PG10 -16569.912147   -789.474407 -20592.668127   -264.843768  6  5  4  80       
PG11  15556.279435 -12219.005040  17735.232868   -752.303428  6  3  5  66       
PG12  -8475.209917 -24520.391360  -6093.243304   -562.791785  5  4  4  75       
PG13  13159.952743 -22648.515687  -3752.892924    692.552511  6  8  5  39       
PG14  18461.609473   4430.796277 -18621.570747    574.597323  2  5  3  79       
PG15    214.527391 -24611.225097 -10320.416034    248.312325  6  5  4  37       
PG16  -5296.774719  17795.725169  18458.941527    -84.875714  6  3  3  70       
PG17  18102.218465  -5610.164703 -18283.918610    487.103253  4  6  6  81       
PG18 -23975.696850  -6178.124266   9952.443435   -658.779505  5  6  3  79       
PG19  19054.078485 -13954.789645 -11836.410700    582.808434  3  6  3  62       
PG20   8184.391769 -13458.070387  21486.523771    367.298985  2  3  3  68       
PG21    877.326739  15023.432062 -21459.602394    100.159980  6  7  4  53       
PG22  14801.548777  -3867.414113 -21300.846408    -90.755055  6  3  4  78       
PG23 -19148.106673 -14173.613043 -11939.100136    398.274400  5  6  4  88       
PG24  -5562.966178 -15269.102831 -21512.384229   -466.831293  7  2  5  71       
PG25 -17432.318836 -19433.435419   5241.542775    497.165168  5  3  3  69       
PG26 -12969.807331   9042.892691  21162.976688    -36.978522  4  2  5  66       
PG27 -12292.297397  23254.113394    600.907689    -33.404614  6  5  6  81       
PG28 -25179.434105   6019.439059   5933.917329   -528.102220  6  5  3  60       
PG29 -10372.229254 -11412.460016  21566.630280   -549.631011  3  4  3  76       
PG30  26688.212859   -375.782132   1160.034234   -245.386810  5  5  1  38       
PG31 -20138.098364  10313.391499  13947.938693   -218.483919  4  5  3  38       
PG32 -17940.278215  10393.299127 -16253.513780   -546.680203  5  4  2  87       
*  2025  1  6  4 45  0.00000000
PG01   6610.158335  14629.899451 -21154.082114 999999.999999  7 17  9           
PG02   5351.225725  14047.177114 -21455.141760   -274.639713  7  8  5  52       
PG03  11698.911601  23144.511624  -6171.398512    640.456725  4  6  6  86       
PG04   2810.153263  20487.657927  16598.342810    507.573375  2  4  5  75       
PG05   -346.579360 -19579.226833  17739.559109   -198.189398  2  6  3  77       
PG06  25391.229158  -5928.925759   5473.643443    -98.328831  5  4  4  56       
PG07  21137.884489   8255.817895  14697.322638    -13.818785  3  4  1  68       
PG08  -4503.681120  25009.770137  -6993.147320    454.957369  5  7  6  87       
PG09  10242.817079  13044.495530  20639.647803    517.451163  4  5  4  92       
PG10 -17816.836797  -2745.890237 -19390.716833   -264.858146  5  5  4  73       
PG11  17479.130013 -12121.001261  15908.498807   -752.302858  6  4  4  85       
PG12  -7862.811175 -23934.780156  -8775.572784   -562.793986  5  4  4  74       
PG13  13490.149956 -22716.609893   -874.420831    692.553658  5  8  5  45       
PG14  19448.889196   6230.568382 -17060.468633    574.603884  2  5  3  71       
PG15    771.294054 -25465.589844  -7764.036834    248.316185  5  5  4  23       
PG16  -6537.621794  15889.096122  19770.891438    -84.867031  6  3  3  52       
PG17  17113.718227  -3595.212759 -19643.291912    487.088022  4  5  5  76       
PG18 -22720.882616  -6421.591811  12421.468790   -658.778526  5  5  3  75       
PG19  18464.975006 -12577.579827 -14155.308489    582.812582  3  6  3  58       
PG20   9925.638340 -11725.787744  21755.569657    367.298898  2  3  3  74       
PG21  -1625.413810  15373.859635 -21072.143153    100.161034  6  7  4  45       
PG22  15957.638788  -1659.981760 -20727.714383    -90.757366  6  4  3  85       
PG23 -19735.508248 -15251.667444  -9414.580853    398.281126  5  6  3  88       
PG24  -3220.846009 -15689.587141 -21655.194782   -466.827839  7  3  5  82       
PG25 -17491.826821 -19978.668661   2470.425018    497.164681  5  4  3  82       
PG26 -14513.626814   7132.878894  20926.295773    -36.992047  4  2  5  66       
PG27 -12445.470142  22885.180487   3466.684416    -33.404258  6  6  6  79       
PG28 -25723.651978   5827.674240   3140.457940   -528.111207  6  5  3  74       
PG29  -9103.621445 -13497.430675  20916.315545   -549.627952  3  4  2  75       
PG30  26439.321051    -51.890701   3928.693494   -245.379414  5  5  2  67       
PG31 -21638.373101  10189.300854  11678.085328   -218.483253  4  5  3  58       
PG32 -17241.187026   8504.443604 -18008.055932   -546.674178  6  4  2  87       
*  2025  1  6  5  0  0.00000000
PG01   4167.888713  14825.868685 -21633.866968 999999.999999  5 17 10           
PG02   2857.430633  14615.005359 -21516.638983   -274.631801  6  8  5  65       
PG03  11062.518530  22578.148376  -8900.520277    640.463752  5  6  6  90       
PG04   1926.309968  22048.971877  14587.196918    507.578678  1  5  5  74       
PG05   1150.931738 -18033.168472  19269.557465   -198.190488  2  6  3  82       
PG06  25859.399444  -5825.031297   2618.523739    -98.353561  5  4  4  66       
PG07  19483.513115   8652.898003  16655.881839    -13.818426  3  4  1  74       
PG08  -5009.092203  25505.186850  -4231.349433    454.964699  4  7  6  96       
PG09   9339.508723  15184.889548  19575.930105    517.464897  3  5  5  83       
PG10 -19074.520198  -4501.780507 -17851.897406   -264.872599  5  5  4  76       
PG11  19183.566182 -12104.731494  13808.042296   -752.302289  6  4  3  69       
PG12  -7059.663572 -23138.147538 -11308.872044   -562.795634  5  5  4  51       
PG13  13651.176476 -22517.661499   2019.292187    692.554648  5  8  5  53       
PG14  20409.562980   7822.395396 -15207.440371    574.610432  2  6  2  78       
PG15   1222.904021 -26060.571520  -5075.179580    248.320254  5  5  4  46       
PG16  -7942.643224  13939.327371  20728.191291    -84.858243  6  3  3  56       
PG17  16171.547944  -1405.075665 -20654.519253    487.072669  4  5  5  71       
PG18 -21216.073239  -6764.870849  14679.548736   -658.777555  4  5  4  84       
PG19  17830.297544 -10954.548574 -16227.530835    582.816546  3  7  3  64       
PG20  11762.082257 -10078.737632  21653.329486    367.298401  2  4  2  80       
PG21  -4052.237923  15836.438899 -20304.176700    100.162815  5  7  4  67       
PG22  17177.748463    413.877813 -19783.542521    -90.758805  5  4  3  83       
PG23 -20195.931461 -16066.585690  -6729.820005    398.287885  5  6  3  87       
PG24   -902.206931 -16224.685689 -21440.680058   -466.824436  7  3  4  75       
PG25 -17383.965976 -20272.932532   -342.733676    497.164205  5  4  2  73       
PG26 -16110.311037   5335.458124  20324.895278    -37.005540  4  2  5  67       
PG27 -12498.670446  22221.180171   6270.842830    -33.403869  6  5  6  78       
PG28 -25962.108162   5612.010210    292.954087   -528.120151  6  5  3  32       
PG29  -7989.175292 -15563.116773  19903.877147   -549.625173  3  4  2  77       
PG30  25903.156707    324.259472   6631.018513   -245.371934  5  5  2  54       
PG31 -22874.325851  10114.387247   9208.480426   -218.482491  4  5  4  31       
PG32 -16573.432071   6412.146256 -19444.951352   -546.668182  6  3  2  83       
*  2025  1  6  5 15  0.00000000
PG01   1706.051067  15152.389842 -21741.215547 999999.999999  4 17 11           
PG02    407.312695  15307.368674 -21191.035668   -274.623699  6  8  5  55       
PG03  10198.617457  21823.298205 -11478.372588    640.470803  5  7  6  84       
PG04   1210.626855  23428.088750  12323.526632    507.584034  1  6  5  56       
PG05   2838.358929 -16458.247886  20462.548523   -198.191540  2  6  3  73       
PG06  26012.859044  -5687.532031   -281.274511    -98.378215  4  4  4  60       
PG07  17655.666100   9174.978299  18343.177840    -13.817663  3  4  1  74       
PG08  -5400.911737  25718.405116  -1394.859905    454.971980  3  7  6  87       
PG09   8589.381569  17235.192714  18172.177624    517.478627  3  5  5  72       
PG10 -20300.007947  -6035.866155 -16004.122347   -264.887047  4  5  4  69       
PG11  20638.591300 -12139.507525  11469.832300   -752.301679  6  4  2  81       
PG12  -6051.040173 -22167.817494 -13650.678144   -562.797947  5  5  4  65       
PG13  13676.558984 -22033.149338   4877.631873    692.555686  4  8  5  44       
PG14  21303.673647   9192.216468 -13094.657917    574.616999  2  6  2  86       
PG15   1599.010681 -26373.882070  -2299.196880    248.324112  5  5  4  20       
PG16  -9495.493200  11994.077775  21314.451922    -84.849816  6  3  3  37       
PG17  15307.967427    922.683046 -21298.455515    487.057823  4  5  5  74       
PG18 -19494.938951  -7234.157679  16688.139280   -658.776538  4  5  4  93       
PG19  17190.632363  -9104.421528 -18018.016456    582.820877  3  7  3  61       
PG20  13656.783556  -8547.873474  21181.140282    367.298355  2  4  2  86       
PG21  -6355.826928  16389.456447 -19166.694799    100.164242  5  7  4  59       
PG22  18425.173092   2319.913641 -18484.909622    -90.760859  5  5  2  70       
PG23 -20489.926581 -16627.585660  -3930.644409    398.294648  5  6  4  79       
PG24   1350.482337 -16861.022241 -20871.117789   -466.821005  7  3  4  86       
PG25 -17079.842326 -20337.894835  -3150.123706    497.163695  5  5  2  73       
PG26 -17723.195378   3679.132481  19370.513438    -37.019050  4  3  4  75       
PG27 -12489.524739  21259.275331   8963.251442    -33.403494  6  5  6  63       
PG28 -25897.381510   5335.229369  -2559.591636   -528.129125  6  6  4  42       
PG29  -7037.620073 -17561.554226  18546.580048   -549.622135  3  4  2  73       
PG30  25095.981621    784.623637   9221.508042   -245.364462  5  4  3  75       
PG31 -23827.461942  10054.343665   6581.988165   -218.481730  4  5  4  73       
PG32 -15970.449883   4150.681056 -20538.888113   -546.662161  6  3  3  91       
*  2025  1  6  5 30  0.00000000
PG01   -726.672299  15604.604213 -21474.268353 999999.999999  6 17 11           
PG02  -1950.451024  16105.116305 -20483.197677   -274.615367  5  7  5  76       
PG03   9096.338069  20920.697993 -13861.410414    640.477841  5  7  6  83       
PG04    645.872920  24585.666363   9846.309602    507.589350  1  7  4  68       
PG05   4694.283463 -14898.714375  21297.535327   -198.192493  2  5  3  86       
PG06  25856.274979  -5477.043136  -3176.261119    -98.402882  4  4  3  67       
PG07  15693.937168   9836.138984  19732.026680    -13.817084  4  4  1  71       
PG08  -5711.887087  25632.849069   1466.293272    454.979289  3  6  6  79       
PG09   7987.351662  19148.778794  16452.783957    517.492396  3  5  5  69       
PG10 -21448.739778  -7335.734001 -13880.446101   -264.901472  3  4  3  66       
PG11  21820.711768 -12190.401076   8933.988700   -752.301130  6  4  1  73       
PG12  -4829.826518 -21064.553127 -15761.950540   -562.799967  5  5  3  84       
PG13  13603.550433 -21253.128126   7650.345891    692.556918  3  8  5  65       
PG14  22090.814741  10334.163835 -10758.579240    574.623558  3  6  1  69       
PG15   1932.579280 -26390.842130    516.478939    248.327743  5  6  4  32       
PG16 -11171.955015  10098.278698  21520.243454    -84.841437  6  4  4  47       
PG17  14549.105186   3344.545268 -21562.598255    487.042191  4  4  4  66       
PG18 -17596.893218  -7849.206276  18412.819747   -658.775526  4  6  5  90       
PG19  16583.605395  -7053.830379 -19496.886173    582.825095  2  7  3  71       
PG20  15568.319976  -7157.551460  20346.623001    367.298022  2  5  2  88       
PG21  -8493.330529  17004.141831 -17678.000121    100.165219  4  7  4  64       
PG22  19659.011470   4031.228536 -16855.016097    -90.762590  5  5  2  84       
PG23 -20581.850177 -16952.019218  -1064.704661    398.301408  5  6  4  83       
PG24   3497.490150 -17578.318273 -19954.480327   -466.817594  7  3  3  95       
PG25 -16556.185120 -20201.474789  -5904.435667    497.163178  5  5  2  85       
PG26 -19312.361816   2185.319189  18080.966641    -37.032514  5  2  4  73       
PG27 -12456.396004  20005.968395  11495.590147    -33.403155  6  5  6  73       
PG28 -25540.753072   4961.814175  -5368.106318   -528.138071  6  6  4  57       
PG29  -6249.313686 -19445.039667  16867.731882   -549.619379  3  5  2  63       
PG30  24041.259080   1357.499033  11656.603953   -245.356981  5  4  3  65       
PG31 -24487.611685   9972.746828   3843.776334   -218.481039  4  5  4  36       
PG32 -15460.011025   1760.628414 -21270.762106   -546.656058  6  3  3  95       
*  2025  1  6  5 45  0.00000000
PG01  -3083.132608  16169.728996 -20837.610443 999999.999999  7 17 12           
PG02  -4171.262109  16981.687615 -19405.237205   -274.607170  5  7  5  72       
PG03   7753.279776  19913.709071 -16009.457734    640.484879  5  7  6  86       
PG04    208.068192  25487.969904   7198.325181    507.594713  1  8  4  82       
PG05   6689.469638 -13395.379241  21759.876324   -198.193754  2  5  2  78       
PG06  25403.265769  -5156.309372  -6016.937805    -98.427546  3  4  3  57       
PG07  13640.606483  10643.283496  20799.855994    -13.816556  4  4  1  86       
PG08  -5977.480287  25240.650761   4301.449824    454.986542  2  6  6  89       
PG09   7520.488320  20882.050675  14447.668806    517.506142  4  4  5  61       
PG10 -22476.276282  -8398.046596 -11518.412405   -264.915967  2  4  3  79       
PG11  22714.716106 -12219.735082   6244.100370   -752.300535  5  4  1  63       
PG12  -3396.942084 -19870.990860 -17607.657971   -562.802083  5  6  4  70       
PG13  13471.499656 -20176.791423  10288.482881    692.557758  2  7  4  67       
PG14  22731.700953  11250.560787  -8239.315136    574.630098  3  6  2  72       
PG15   2258.436788 -26105.054264   3323.120415    248.332077  4  6  5  45       
PG16 -12940.803330   8292.467768  21343.206059    -84.832805  6  5  4  35       
PG17  13913.897891   5812.557330 -21441.406393    487.026779  4  4  4  88       
PG18 -15565.716347  -8622.402331  19823.874524   -658.774520  4  6  5  94       
PG19  16042.389356  -4836.414075 -20639.888968    582.829134  2  7  3  89       
PG20  17452.228145  -5924.728674  19163.585837    367.297789  2  5  2  84       
PG21 -10428.011349  17645.813854 -15863.503017    100.166468  4  7  5  74       
PG22  20835.797652   5529.165061 -14923.224375    -90.764286  5  5  2  65       
PG23 -20441.315340 -17064.534039   1819.310131    398.308180  5  6  4  94       
PG24   5503.121013 -18350.064463 -18704.413967   -466.814208  6  4  3  96       
PG25 -15796.325383 -19896.619743  -8559.604477    497.162672  4  5  2  62       
PG26 -20836.118859    867.756056  16479.747520    -37.046024  5  2  4  74       
PG27 -12436.656972  18477.016421  13822.324419    -33.402787  6  5  6  62       
PG28 -24911.729605   4459.517620  -8084.291502   -528.147039  6  5  5  75       
PG29  -5616.376477 -21167.863786  14896.286156   -549.616309  3  5  2  64       
PG30  22768.791790   2066.275128  13895.373273   -245.349484  5  4  3  67       
PG31 -24853.144878   9832.618844   1040.544509   -218.480200  4  5  4  56       
PG32 -15063.098930   -712.540616 -21628.024447   -546.650043  6  3  3  75       
*  2025  1  6  6  0  0.00000000
PG01  -5319.335285  16827.530830 -19842.193306 999999.999999  9 16 12           
PG02  -6216.238691  17904.160389 -17976.312864   -274.598872  4  7  5  79       
PG03   6175.772866  18846.633262 -17886.342580    640.491935  5  7  6  93       
PG04   -132.391818  26108.151022   4425.408117    507.600025  1  9  4  66       
PG05   8787.830200 -11984.089388  21841.555867   -198.194614  2  6  2  79       
PG06  24675.863078  -4691.830778  -8754.629215    -98.452170  1  4  3  76       
PG07  11539.252434  11595.764190  21529.008124    -13.815704  4  4  2  68       
PG08  -6234.238546  24543.042989   7060.290546    454.993787  3  5  6  86       
PG09   7168.680965  22396.012035  12191.740597    517.519902  4  4  5  56       
PG10 -23340.011660  -9228.399897  -8959.343000   -264.930337  2  4  2  89       
PG11  23314.144242 -12188.694332   3446.478580   -752.300018  5  4  1  59       
PG12  -1761.461782 -18630.031657 -19157.294091   -562.804178  5  6  3  69       
PG13  13320.131194 -18812.679080  12745.321867    692.559064  1  6  4  82       
PG14  23189.700825  11951.612849  -5579.945681    574.636597  3  6  2  67       
PG15   2611.716766 -25518.777736   6071.554046    248.335948  3  6  5  51       
PG16 -14764.959156   6611.333925  20788.001909    -84.824610  5  5  4  31       
PG17  13413.336828   8276.050744 -20936.469116    487.011608  4  3  4  99       
PG18 -13448.019916  -9558.119409  20896.805734   -658.773546  5  6  5  89       
PG19  15594.416841  -2491.662691 -21428.733882    582.833358  2  7  4  74       
PG20  19262.577287  -4858.449046  17651.824704    367.297708  2  5  2  63       
PG21 -12130.654133  18275.332433 -13755.316070    100.168023  3  6  5  85       
PG22  21911.254349   6803.840850 -12724.459260    -90.766429  4  6  2  62       
PG23 -20044.451138 -16995.971583   4672.468368    398.314967  5  6  4  84       
PG24   7336.887327 -19144.439558 -17140.142158   -466.810786  6  4  2  93       
PG25 -14790.926620 -19459.924113 -11071.511253    497.162201  4  5  2  74       
PG26 -22252.544544   -267.781657  14595.532981    -37.059505  5  3  4  70       
PG27 -12465.003017  16696.966387  15901.629938    -33.402435  6  4  5  64       
PG28 -24037.262478   3800.808392 -10661.453339   -528.156035  6  5  5  72       
PG29  -5123.157527 -22687.980598  12666.340419   -549.613445  3  6  3  69       
PG30  21313.640864   2928.370231  15900.148149   -245.342000  4  4  4  86       
PG31 -24930.876155   9597.996344  -1780.248510   -218.479429  4  5  4  74       
PG32 -14793.081855  -3220.074902 -21604.892949   -546.644026  6  3  3  82       
*  2025  1  6  6 15  0.00000000
PG01  -7395.938002  17551.100872 -18505.147147 999999.999999  9 16 12           
PG02  -8053.613314  18834.592803 -16222.257988   -274.590800  3  7  5  59       
PG03   4378.814987  17763.012346 -19460.465790    640.498963  5  7  5  90       
PG04   -409.384143  26427.272232   1575.641180    507.605354  1  9  5  57       
PG05  10947.672355 -10694.412529  21541.325868   -198.195731  2  6  1  84       
PG06  23703.662997  -4055.352547 -11342.307152    -98.476787  1  4  3  65       
PG07   9433.325605  12685.272472  21906.996197    -13.815245  4  4  2  81       
PG08  -6518.115934  23550.390615   9693.812920    455.001040  3  5  6  70       
PG09   6905.596789  23657.666979   9724.268057    517.533652  4  4  5  55       
PG10 -24000.807163  -9840.842739  -6247.583884   -264.944865  1  4  2  90       
PG11  23621.427989 -12058.992460    589.358325   -752.299412  4  4  1  75       
PG12     59.563591 -17383.247097 -20385.318688   -562.806002  5  6  4  88       
PG13  13187.807266 -17178.515550  14977.269746    692.560338  1  6  4  90       
PG14  23432.274919  12454.806938  -2825.797535    574.643141  4  6  1  64       
PG15   3026.259874 -24642.978727   8713.059903    248.339977  3  6  5  65       
PG16 -16602.882627   5082.532302  19866.116456    -84.815850  5  5  4  53       
PG17  13050.058198  10683.491810 -20056.516217    486.996708  4  3  4  94       
PG18 -11291.607651 -10652.383688  21612.768130   -658.772499  5  7  5  88       
PG19  15260.344825    -63.553440 -21851.308369    582.837582  2  7  4  90       
PG20  20953.617252  -3959.638167  15836.821662    367.297395  1  5  2  78       
PG21 -13580.662720  18850.793259 -11391.648091    100.168559  3  6  5  66       
PG22  22842.089485   7854.311204 -10298.485655    -90.768218  4  5  2  54       
PG23 -19374.925376 -16782.043332   7446.391705    398.321767  5  7  4  74       
PG24   8974.510412 -19925.451744 -15286.286011   -466.807357  6  4  1  90       
PG25 -13538.446464 -18930.142915 -13398.637018    497.161717  4  5  2  72       
PG26 -23521.031685  -1223.449356  12461.616365    -37.073002  5  3  3  77       
PG27 -12571.880911  14698.327532  17696.240968    -33.402054  5  4  4  78       
PG28 -22950.692648   2964.134168 -13055.303826   -528.164974  5  5  5  71       
PG29  -4747.015131 -23968.546422  10216.538156   -549.610493  3  6  4  69       
PG30  19714.864978   3954.392505  17637.116869   -245.334490  4  5  4  62       
PG31 -24735.670988   9235.449448  -4571.147147   -218.478818  4  5  4  71       
PG32 -14655.211204  -5711.680886 -21202.424563   -546.638010  6  3  3  79       
*  2025  1  6  6 30  0.00000000
PG01  -9279.569060  18307.901567 -16849.486664 999999.999999 10 16 12           
PG02  -9659.825887  19731.598589 -14175.046447   -274.582661  3  7  5  66       
PG03   2385.686237  16703.973001 -20705.297232    640.505963  5  7  5  86       
PG04   -659.532791  26435.034726  -1301.498064    507.610658  2  9  5  70       
PG05  13123.173807  -9548.587190  20864.715975   -198.196991  3  6  2  84       
PG06  22522.697460  -3225.160885 -13735.394654    -98.501421  1  4  3  60       
PG07   7364.728735  13895.998340  21926.711832    -13.814970  4  4  2  75       
PG08  -6862.819471  22281.856616  12155.283949    455.008307  3  4  6  81       
PG09   6699.889756  24641.192579   7088.173450    517.547445  4  3  5  66       
PG10 -24424.485125 -10257.084289  -3429.724487   -264.959310  1  4  2  86       
PG11  23647.696411 -11794.529626  -2277.938516   -752.298883  4  5  1  72       
PG12   2041.578891 -16169.356390 -21271.522334   -562.808141  5  6  4  90       
PG13  13109.845885 -15300.681646  16944.704556    692.561226  1  5  4  86       
PG14  23432.266737  12784.043584    -23.693232    574.649691  4  6  2  70       
PG15   3533.036131 -23497.042421  11200.303755    248.343851  3  6  5  70       
PG16 -18410.139434   3725.812963  18595.521797    -84.807588  4  5  4  62       
PG17  12818.298093  12984.379716 -18817.266487    486.981196  4  4  4  72       
PG18  -9143.792732 -11892.862811  21958.918038   -658.771517  5  7  5  88       
PG19  15053.304561   2400.965519 -21901.786222    582.841737  2  7  5  73       
PG20  22481.439027  -3221.216643  13749.343718    367.297367  1  5  3  69       
PG21 -14766.782203  19329.385530  -8816.010144    100.170128  3  6  5  57       
PG22  23587.755825   8688.355139  -7689.085392    -90.770159  4  5  2  55       
PG23 -18424.693366 -16461.835012  10094.039769    398.328513  4  7  5  92       
PG24  10398.710902 -20654.268968 -13172.595690   -466.803943  6  4  1  57       
PG25 -12045.317644 -18346.653867 -15502.663895    497.161215  4  5  2  79       
PG26 -24603.776469  -2008.994964  10115.278207    -37.086476  5  3  3  71       
PG27 -12782.104748  12520.415341  19174.198061    -33.401629  5  4  3  69       
PG28 -21690.462809   1934.953641 -15224.719388   -528.173877  5  4  5  80       
PG29  -4459.380303 -24979.267403   7589.385382   -549.607553  3  6  4  66       
PG30  18014.124598   5147.555694  19076.859485   -245.326972  4  5  4  61       
PG31 -24289.772119   8715.496542  -7285.442058   -218.477991  5  4  3  63       
PG32 -14646.464669  -8137.314769 -20428.449724   -546.632001  5  3  3  85       
*  2025  1  6  6 45  0.00000000
PG01 -10943.915972  19061.044635 -14903.715252 999999.999999 10 15 12           
PG02 -11020.262046  20552.082670 -11872.111974   -274.574605  2  6  5  78       
PG03    227.257270  15706.677090 -21599.794166    640.512989  5  7  4  83       
PG04   -920.571003  26130.179494  -4156.019778    507.615994  4  9  6  67       
PG05  15266.028681  -8560.779245  19823.912940   -198.197628  2  6  2  80       
PG06  21174.067126  -2187.133378 -15892.536414    -98.526009  1  4  3  62       
PG07   5372.446860  15205.057402  21586.581796    -13.813826  5  4  2  62       
PG08  -7298.252265  20764.716023  14401.145545    455.015605  3  4  6  57       
PG09   6516.611337  25328.838601   4329.261748    517.561242  4  3  5  58       
PG10 -24583.130682 -10505.426324   -553.803852   -264.973764  1  4  2  91       
PG11  23412.252984 -11362.975133  -5105.863228   -752.298328  3  5  2  55       
PG12   4153.269664 -15022.826986 -21801.312979   -562.810057  5  6  4  97       
PG13  13116.967544 -13213.338787  18612.743178    692.562593  1  5  4  93       
PG14  23168.999495  12968.536539   2778.816539    574.656246  4  6  2  56       
PG15   4158.657698 -22108.147489  13488.279872    248.347861  3  6  5  81       
PG16 -20141.071330   2552.491682  17000.218450    -84.799241  3  6  5  45       
PG17  12704.215473  15131.109525 -17241.116645    486.965475  3  5  5  79       
PG18  -7049.733819 -13259.182624  21928.668901   -658.770531  5  7  5  85       
PG19  14978.458869   4853.584208 -21580.630116    582.845775  2  7  6  71       
PG20  23805.584446  -2628.529588  11424.946230    367.297134  1  5  3  73       
PG21 -15687.403352  19669.320804  -6076.257161    100.172018  3  6  6  79       
PG22  24112.096443   9321.899164  -4943.157894    -90.772387  4  5  2  47       
PG23 -17194.445206 -16076.194369  12570.473395    398.335277  4  7  5  87       
PG24  11599.753736 -21290.696157 -10833.587099   -466.800551  5  4  1  78       
PG25 -10325.845946 -17747.922004 -17349.020651    497.160714  5  5  2  84       
PG26 -25467.155564  -2641.134482   7597.109734    -37.099976  5  4  3  64       
PG27 -13113.721526  10207.917834  20309.474194    -33.401220  4  4  1  75       
PG28 -20298.646728    706.496891 -17132.443955   -528.182820  5  4  5  78       
PG29  -4227.060510 -25697.501771   4830.494947   -549.604499  4  7  5  59       
PG30  16254.200674   6503.371282  20194.821873   -245.319428  4  5  4  61       
PG31 -23621.874949   8013.865867  -9877.885814   -218.477115  5  5  3  64       
PG32 -14755.737319 -10448.955323 -19297.373335   -546.625983  5  4  3  94       
*  2025  1  6  7  0  0.00000000
PG01 -12370.542937  19770.750802 -12701.334289 999999.999999 10 15 13           
PG02 -12129.605481  21253.056614  -9355.542944   -274.566166  2  6  5  56       
PG03  -2058.984622  14802.933185 -22128.737133    640.519980  4  6  4  84       
PG04  -1229.657623  25520.544882  -6938.316203    507.621340  4  9  6  79       
PG05  17327.196244  -7736.673493  18437.513095   -198.198672  2  6  2  88       
PG06  19702.386521   -935.501178 -17776.322093    -98.550595  2  3  4  62       
PG07   3491.271426  16583.176270  20890.669524    -13.813515  5  5  3  53       
PG08  -7849.121894  19033.347296  16391.849298    455.022866  4  4  5  48       
PG09   6318.765368  25711.519951   1495.401275    517.575042  4  4  5  79       
PG10 -24456.156921 -10619.465752   2331.483433   -264.988166  1  4  2  84       
PG11  22941.744457 -10737.211845  -7845.507850   -752.297646  1  5  3  52       
PG12   6357.553496 -13972.646653 -21965.923460   -562.812067  5  6  4  82       
PG13  13233.937805 -10957.240589  19951.913964    692.563813  1  5  4  93       
PG14  22629.139158  13041.521996   5534.226914    574.662823  5  6  2  69       
PG15   4924.050365 -20510.319295  15535.239703    248.351930  3  6  5  80       
PG16 -21750.499336   1565.274562  15109.674261    -84.790659  2  6  4  29       
PG17  12686.568621  17080.717744 -15356.679101    486.950232  2  6  4  81       
PG18  -5050.852281 -14723.563482  21521.846876   -658.769515  5  7  5  85       
PG19  15032.876680   7246.272296 -20894.495167    582.850021  2  7  6  65       
PG20  24890.542783  -2160.077666   8903.387055    367.297000  1  5  3  67       
PG21 -16350.429909  19831.734845  -3223.498490    100.172945  3  5  6  38       
PG22  24384.805627   9778.109999  -2109.771198    -90.774026  4  5  2  58       
PG23 -15693.734734 -15666.062074  14833.586216    398.342057  5  8  6  78       
PG24  12575.719755 -21794.749381  -8308.079837   -466.797165  5  4  1  77       
PG25  -8401.831828 -17170.019236 -18907.370360    497.160228  5  5  2  77       
PG26 -26082.942787  -3142.671154   4950.302622    -37.113470  4  4  3  66       
PG27 -13577.176631   7809.248115  21082.462988    -33.400836  4  4  2  82       
PG28 -18819.352606   -719.775724 -18745.724780   -528.191752  5  4  5  80       
PG29  -4013.730875 -26109.072851   1987.773169   -549.601769  4  7  6  55       
PG30  14477.480151   8009.629613  20971.722309   -245.311891  4  5  4  49       
PG31 -22765.987927   7112.561321 -12305.374670   -218.476577  5  5  3  45       
PG32 -14964.368640 -12602.285536 -17829.850572   -546.619973  5  4  3  87       
*  2025  1  6  7 15  0.00000000
PG01 -13549.406354  20395.934616 -10280.265854 999999.999999 10 14 12           
PG02 -12991.792629  21793.450033  -6671.179083   -274.557956  2  5  5  61       
PG03  -4430.156871  14018.019414 -22282.979407    640.526959  4  6  4  67       
PG04  -1621.716012  24622.777827  -9600.049897    507.626641  4  9  6  81       
PG05  19258.681530  -7073.414380  16730.154857   -198.199685  2  5  2  82       
PG06  18154.099938    526.709166 -19353.949347    -98.575160  2  4  4  83       
PG07   1750.660875  17995.619872  19848.716091    -13.812625  5  5  3  66       
PG08  -8533.774393  17127.945419  18092.599992    455.030140  4  3  4  50       
PG09   6068.943931  25789.079987  -1364.327879    517.588860  4  5  5  83       
PG10 -24031.098960 -10636.619464   5177.570390   -265.002663  1  4  3  76       
PG11  22269.053693  -9896.584425 -10449.464194   -752.297093  1  5  3  68       
PG12   8612.782803 -13041.308810 -21762.539136   -562.814003  5  6  4  92       
PG13  13478.464610  -8578.280936  20938.717460    692.564886  1  4  4  98       
PG14  21807.292668  13038.826082   8195.848596    574.669299  5  6  3  65       
PG15   5843.347581 -18743.193983  17303.579432    248.355846  3  5  5  74       
PG16 -23195.390027    758.432595  12958.180456    -84.782257  1  6  4  44       
PG17  12737.713387  18796.433962 -13198.182309    486.934910  2  7  4  82       
PG18  -3183.391002 -16251.755618  20744.741049   -658.768527  5  7  5  79       
PG19  15205.722988   9532.893238 -19856.040803    582.854186  2  7  6  59       
PG20  25707.075271  -1788.523067   6227.959597    367.296782  1  5  4  60       
PG21 -16772.715056  19782.465065   -310.918419    100.174018  3  4  6  31       
PG22  24382.645201  10086.202202    760.809814    -90.776127  4  5  3  62       
PG23 -13940.784498 -15270.807345  16844.794730    398.348860  5  8  6  89       
PG24  13332.484570 -22128.270118  -5638.634692   -466.793796  5  4  1  80       
PG25  -6301.930690 -16645.248461 -20152.038430    497.159734  5  4  2  91       
PG26 -26429.323717  -3541.396406   2219.917568    -37.126959  4  5  3  51       
PG27 -14174.814630   5374.756799  21480.317942    -33.400340  3  4  3  79       
PG28 -17297.062028  -2334.034336 -20036.870462   -528.200641  5  4  5  75       
PG29  -3781.552407 -26208.760750   -889.435093   -549.598811  4  7  6  65       
PG30  12724.462056   9646.672737  21393.884765   -245.304332  4  5  4  57       
PG31 -21760.120082   6000.697116 -14527.590791   -218.475651  5  5  3  57       
PG32 -15246.979367 -14558.216551 -16052.348574   -546.613953  4  4  3  83       
*  2025  1  6  7 30  0.00000000
PG01 -14479.049150  20895.852775  -7682.198753 999999.999999 10 14 12           
PG02 -13619.578276  22135.835774  -3867.639638   -274.549952  3  4  5  93       
PG03  -6839.407286  13369.760437 -22059.606658    640.533945  4  6  5  72       
PG04  -2127.863061  23461.710162 -12095.018037    507.631934  4  9  6  91       
PG05  21015.276278  -6559.895257  14732.040890   -198.200485  2  5  3  68       
PG06  16575.732168   2187.574435 -20597.813979    -98.599699  3  4  3  76       
PG07    173.777936  19403.336708  18476.114018    -13.812137  5  5  3  54       
PG08  -9363.303304  15093.013448  19473.990597    455.037419  4  4  3  56       
PG09   5730.978349  25570.216215  -4200.500985    517.602702  5  5  5  90       
PG10 -23304.112805 -10596.528125   7936.780213   -265.017147  2  4  3  87       
PG11  21431.959842  -8827.901012 -12872.658214   -752.296525  1  5  4  58       
PG12  10874.117565 -12244.045800 -21194.344932   -562.815974  5  6  4  84       
PG13  13860.397681  -6125.839587  21556.061770    692.565943  1  4  3  89       
PG14  20706.319762  12997.343994  10718.563151    574.675851  5  6  3  68       
PG15   6923.062709 -16850.541054  18760.658668    248.359920  3  5  5  92       
PG16 -24436.419986    118.307738  10584.145023    -84.774122  1  6  4  76       
PG17  12824.876287  20248.971940 -10804.752239    486.919735  2  7  4  69       
PG18  -1477.170763 -17804.241309  19610.044248   -658.767525  5  7  5  78       
PG19  15478.751387  11670.734252 -18483.658641    582.858223  3  6  7  79       
PG20  26233.314469  -1481.932596   3444.754935    367.296605  1  5  4  62       
PG21 -16979.098656  19493.613831   2607.447638    100.175302  3  3  6  65       
PG22  24090.369223  10280.018377   3618.092082    -90.778124  5  5  3  37       
PG23 -11961.972538 -14926.629840  18569.677277    398.355656  5  8  6  87       
PG24  13883.395641 -22256.517549  -2870.892000   -466.790441  5  4  1  72       
PG25  -4060.774522 -16200.917862 -21062.379439    497.159207  5  4  2  89       
PG26 -26491.674993  -3868.817211   -547.856874    -37.140439  4  5  4  68       
PG27 -14900.734249   2954.883513  21497.137231    -33.399897  2  4  4  84       
PG28 -15774.968284  -4118.265897 -20983.722074   -528.209579  5  4  5  79       
PG29  -3492.851610 -26000.453537  -3751.226065   -549.595897  4  7  6  46       
PG30  11032.337678  11387.951903  21453.493334   -245.296781  4  5  4  32       
PG31 -20644.842593   4675.074005 -16507.600176   -218.475024  5  5  3  72       
PG32 -15572.579493 -16284.195496 -13996.607404   -546.607909  5  5  3  89       
*  2025  1  6  7 45  0.00000000
PG01 -15166.467149  21231.751814  -4951.869158 999999.999999 10 13 12           
PG02 -14033.739630  22247.993080   -995.313741   -274.541809  3  3  5  64       
PG03  -9237.493635  12867.892598 -21462.004020    640.540919  4  6  5  59       
PG04  -2773.992129  22069.425196 -14379.975529    507.637253  3  8  6  90       
PG05  22556.191027  -6177.381039  12478.361871   -198.200880  2  4  3  69       
PG06  15012.141352   4026.521244 -21486.015429    -98.624237  3  4  3  79       
PG07  -1223.259576  20764.290420  16793.806385    -13.811608  4  5  4  50       
PG08 -10340.970047  12975.698494  20512.515495    455.044661  4  4  2  79       
PG09   5271.539338  25072.073456  -6964.214796    517.616468  5  6  5  93       
PG10 -22280.165480 -10539.397977  10563.059978   -265.031569  3  4  4  91       
PG11  20471.618606  -7526.147652 -15073.144005   -752.295968  2  5  4  79       
PG12  13095.021036 -11588.336723 -20270.491105   -562.817974  5  6  4  78       
PG13  14381.263611  -3650.995265  21793.563001    692.567184  2  4  3  82       
PG14  19337.346919  12953.487041  13059.553943    574.682421  5  6  3  76       
PG15   8161.583483 -14878.605353  19879.523043    248.363961  4  4  5  87       
PG16 -25439.380776   -375.880373   8029.342909    -84.765599  1  6  4  72       
PG17  12911.642961  21417.506897  -8219.597169    486.904100  3  8  4  94       
PG18     45.406451 -19337.660743  18136.682055   -658.766545  5  7  5  86       
PG19  15827.076333  13621.899784 -16801.124172    582.862347  4  6  7  72       
PG20  26455.593463  -1205.210071    601.865162    367.296156  2  5  4  59       
PG21 -17001.099835  18944.821764   5477.934290    100.176860  3  3  5  21       
PG22  23501.324785  10396.447915   6412.296125    -90.779790  5  5  3  60       
PG23  -9791.017998 -14665.087312  19978.552671    398.362461  4  8  6  87       
PG24  14248.650278 -22149.673660    -52.816008   -466.787071  4  4  1  63       
PG25  -1717.884619 -15858.306039 -21623.081137    497.158714  6  4  2  60       
PG26 -26263.084119  -4158.759274  -3306.444959    -37.153956  4  5  4  82       
PG27 -15740.999368    598.327881  21133.994201    -33.399477  1  4  5  91       
PG28 -14293.377719  -6046.779458 -21570.029765   -528.218476  5  4  5  87       
PG29  -3111.793589 -25496.952971  -6548.023885   -549.592921  5  7  6  57       
PG30   9433.696484  13200.852691  21148.762390   -245.289248  4  5  4  73       
PG31 -19461.774593   3140.478317 -18212.401960   -218.474450  5  5  4  63       
PG32 -15905.898459 -17755.249080 -11699.015313   -546.601857  5  5  4  86       
*  2025  1  6  8  0  0.00000000
PG01 -15626.653396  21368.450922  -2136.288350 999999.999999 10 12 12           
PG02 -14261.963086  22104.243124   1894.656751   -274.533405  3  1  4  79       
PG03 -11574.461178  12513.741474 -20499.828404    640.547902  3  6  5  67       
PG04  -3579.567256  20484.052352 -16415.400725    507.642547  3  7  6  88       
PG05  23846.514579  -5900.435586  10008.635656   -198.202090  2  4  4  65       
PG06  13504.841885   6014.914040 -22002.766972    -98.648784  3  4  3  85       
PG07  -2431.882430  22034.938503  14828.103266    -13.810884  4  5  4  55       
PG08 -11461.957229  10824.043942  21190.953025    455.051943  3  4  3  54       
PG09   4661.623012  24319.522719  -9607.936563    517.630276  5  6  6  87       
PG10 -20972.913470 -10504.340390  13012.678492   -265.046061  3  4  4  90       
PG11  19430.922607  -5994.886167 -17012.842434   -752.295383  3  5  4  46       
PG12  15228.827339 -11073.707661 -19005.977059   -562.819841  4  5  3  60       
PG13  15034.154987  -1204.681586  21647.705395    692.568452  3  5  3  74       
PG14  17719.482379  12941.654968  15179.003058    574.688963  5  5  3  60       
PG15   9549.017870 -12874.340359  20639.505759    248.368405  4  4  5  94       
PG16 -26176.375803   -750.968258   5338.141074    -84.757420  1  6  4  53       
PG17  12959.593474  22290.301596  -5489.120578    486.888864  4  8  3  80       
PG18   1370.066559 -20806.408881  16349.529600   -658.765551  4  7  5  91       
PG19  16220.193512  15354.522038 -14837.179848    582.866490  5  7  7  84       
PG20  26368.970101   -921.661941  -2251.458139    367.296127  3  4  5  44       
PG21 -16875.337900  18124.193888   8248.419878    100.178400  3  3  5  33       
PG22  22617.712049  10473.754747   9095.250092    -90.781842  5  5  3  68       
PG23  -7467.893450 -14511.804393  21046.989574    398.369239  4  7  6  88       
PG24  14454.390179 -21784.195496   2766.145308   -466.783709  4  4  1  74       
PG25    683.588808 -15631.852700 -21824.403622    497.158245  6  4  2  69       
PG26 -25744.595002  -4445.898287  -6009.614830    -37.167426  4  6  3  71       
PG27 -16674.191277  -1649.682606  20398.818940    -33.399009  1  5  6  82       
PG28 -12888.235187  -8087.011646 -21785.728820   -528.227390  5  4  4  94       
PG29  -2605.981199 -24719.443474  -9231.457370   -549.589947  5  7  7  47       
PG30   7955.405761  15047.761188  20484.017438   -245.281706  4  5  4  68       
PG31 -18252.045295   1409.693859 -19613.425078   -218.473722  5  5  4  77       
PG32 -16208.880735 -18954.726850  -9199.914331   -546.595844  5  6  4  60       
*  2025  1  6  8 15  0.00000000
PG01 -15881.838858  21275.798140    716.068939 999999.999999  9 12 12           
PG02 -14337.471298  21686.504594   4751.373742   -274.525418  3  1  4  43       
PG03 -13801.358166  12300.225257 -19188.884557    640.554856  3  6  6  88       
PG04  -4556.677120  18748.338595 -18166.189085    507.647889  3  7  5  84       
PG05  24858.445016  -5698.113130   7365.976974   -198.202693  3  4  4  56       
PG06  12090.463228   8116.964809 -22138.701394    -98.673305  3  4  3  92       
PG07  -3451.302279  23171.811711  12610.407579    -13.810510  4  5  4  53       
PG08 -12713.461163   8685.231769  21498.612910    455.059262  3  5  4  29       
PG09   3877.864629  23344.156224 -12086.320783    517.644044  5  5  6  62       
PG10 -19404.276767 -10527.767606  15244.882287   -265.060507  3  5  4  84       
PG11  18352.806678  -4246.318777 -18658.210573   -752.294841  4  4  5  69       
PG12  17230.327045 -10691.832724 -17421.452630   -562.821916  4  4  3  52       
PG13  15803.975858   1164.137119  21121.860008    692.569703  4  5  3  73       
PG14  15879.241692  12992.790059  17040.744825    574.695515  5  5  3  77       
PG15  11067.403443 -10883.611741  21026.686907    248.372499  4  4  5  90       
PG16 -26626.770698  -1038.571873   2556.714487    -84.749119  2  6  4  82       
PG17  12930.010745  22864.961102  -2661.988012    486.873327  3  7  3  72       
PG18   2491.054882 -22164.342879  14279.017872   -658.764578  4  7  4  95       
PG19  16623.209201  16843.749124 -12625.056849    582.870592  6  7  7  86       
PG20  25977.423269   -594.633948  -5065.674787    367.295346  3  3  5  62       
PG21 -16641.767240  17028.843142  10869.413189    100.179357  2  4  5           
PG22  21450.501966  10549.885482  11621.218885    -90.783491  6  5  3  69       
PG23  -5037.501802 -14485.411890  21756.238141    398.376041  4  7  6  83       
PG24  14531.541470 -21143.951696   5535.970855   -466.780364  4  3  2  70       
PG25   3098.259021 -15528.602938 -21662.351271    497.157746  6  4  1  81       
PG26 -24945.173927  -4764.272676  -8612.192038    -37.180916  4  6  3  61       
PG27 -17672.272313  -3748.957200  19306.140824    -33.398503  2  6  6  83       
PG28 -11589.829787 -10200.602107 -21627.110761   -528.236305  4  5  4  97       
PG29  -1947.916166 -23696.646839 -11755.209833   -549.587027  5  6  7  72       
PG30   6617.706776  16887.335565  19469.682125   -245.274157  4  5  4  68       
PG31 -17054.785066   -496.774224 -20686.968275   -218.472912  5  5  4  83       
PG32 -16442.284850 -19874.720942  -6542.852604   -546.589814  5  6  4  74       
*  2025  1  6  8 30  0.00000000
PG01 -15960.459708  20929.943061   3556.101342 999999.999999  9 11 12           
PG02 -14297.457663  20985.032206   7525.133827   -274.517195  3  3  4  51       
PG03 -15871.927310  12212.186010 -17550.904243    640.561818  3  6  5  65       
PG04  -5709.386336  16908.054187 -19602.261951    507.653249  3  6  5  89       
PG05  25572.246505  -5535.363086   4596.313608   -198.204194  4  3  4  67       
PG06  10799.405774  10290.931738 -21891.064654    -98.697834  3  4  3  76       
PG07  -4288.454510  24133.141103  10176.843286    -13.809859  4  5  4  62       
PG08 -14075.114912   6603.887335  21431.448362    455.066572  4  5  5  49       
PG09   2903.629376  22183.039741 -14356.979655    517.657838  5  5  5  73       
PG10 -17603.725475 -10641.900354  17222.504579   -265.074938  4  5  4  89       
PG11  17278.565063  -2301.016085 -19980.829459   -752.294195  5  4  5  45       
PG12  19057.315535 -10426.934514 -15542.936497   -562.823738  4  3  3  65       
PG13  16668.030134   3410.195032  20226.164922    692.570854  5  5  3  64       
PG14  13849.703443  13133.066840  18612.866851    574.702076  5  5  3  80       
PG15  12691.274145  -8949.452862  21034.194436    248.376430  4  3  5  85       
PG16 -26777.869707  -1273.653467   -267.733098    -84.740456  3  6  3  80       
PG17  12785.587248  23148.313665    211.826259    486.857728  3  7  3  67       
PG18   3411.192106 -23366.534059  11960.633722   -658.763629  4  7  4  77       
PG19  16998.233437  18072.479334 -10201.942382    582.874844  7  7  6  92       
PG20  25293.711288   -189.153045  -7791.839585    367.295191  4  3  5  59       
PG21 -16341.817986  15665.038392  13295.021238    100.179998  2  5  4  36       
PG22  20019.024333  10660.826837  13947.655030    -90.785550  6  5  3  74       
PG23  -2548.164563 -14596.758101  22093.575960    398.382800  3  6  6  79       
PG24  14514.442365 -20221.086620   8207.028677   -466.777001  4  3  2  70       
PG25   5479.981701 -15547.925649 -21138.774418    497.157283  6  4  2  83       
PG26 -23881.399947  -5145.830788 -11070.748468    -37.194417  4  6  3  47       
PG27 -18701.718032  -5665.678294  17876.705661    -33.398091  2  6  6  92       
PG28 -10421.730106 -12344.698416 -21096.886778   -528.245236  4  5  4  92       
PG29  -1116.264151 -22463.697584 -14075.826074   -549.583788  6  6  6  70       
PG30   5433.563284  18675.939232  18122.167667   -245.266643  4  5  3  51       
PG31 -15905.697182  -2551.255576 -21414.579298   -218.472134  4  4  5  82       
PG32 -16567.321604 -20516.152493  -3773.799701   -546.583782  4  6  3  64       
*  2025  1  6  8 45  0.00000000
PG01 -15895.892019  20314.376282   6334.928132 999999.999999  9 11 12           
PG02 -14181.400720  19998.816982  10168.313021   -274.509043  3  4  3  74       
PG03 -17744.211154  12227.039094 -15613.228889    640.568761  2  5  5  85       
PG04  -7033.409356  15010.296507 -20699.079775    507.658601  4  5  4  66       
PG05  25976.897879  -5374.589932   1747.565369   -198.205037  5  3  4  71       
PG06   9654.747675  12490.562161 -21263.791987    -98.722356  4  4  3  82       
PG07  -4957.642941  24880.474180   7567.780485    -13.809307  3  4  5  78       
PG08 -15519.719112   4620.514168  20992.036548    455.073900  4  5  6  51       
PG09   1729.838777  20877.272355 -16381.194670    517.671573  5  4  5  88       
PG10 -15607.304872 -10873.438691  18912.522502   -265.089346  4  5  5  81       
PG11  16246.246881   -187.318448 -20957.899469   -752.293684  5  4  5  68       
PG12  20672.049258 -10256.472575 -13401.451854   -562.825841  4  3  2  59       
PG13  17596.924715   5493.489570  18977.273685    692.572073  5  4  4  58       
PG14  11669.424430  13382.766712  19868.249717    574.708692  4  5  3  79       
PG15  14388.560137  -7110.451902  20662.336790    248.380734  4  3  5  85       
PG16 -26625.301548  -1492.989071  -3087.732093    -84.732150  4  6  3  70       
PG17  12492.057731  23155.932035   3081.988329    486.842384  3  7  3  88       
PG18   4141.589998 -24370.995384   9434.320279   -658.762616  4  7  4  83       
PG19  17305.887194  19031.818571  -7608.398966    582.879073  7  7  6  95       
PG20  24338.896229    326.492108 -10382.481114    367.295132  4  3  5  31       
PG21 -16016.533939  14047.965692  15483.775193    100.181977  2  5  4  66       
PG22  18350.251538  10839.076030  16035.861859    -90.787344  6  5  4  67       
PG23    -49.975685 -14848.424275  22052.560991    398.389617  3  6  6  89       
PG24  14439.312698 -19016.565200  10731.066760   -466.773640  4  3  2  67       
PG25   7783.371733 -15681.518497 -20261.397306    497.156785  6  4  2  92       
PG26 -22576.892538  -5619.063448 -13344.260387    -37.207942  4  6  3  83       
PG27 -19724.864958  -7373.461182  16136.983697    -33.397621  3  6  6  75       
PG28  -9399.989333 -14473.441175 -20204.142440   -528.254180  4  5  4  97       
PG29    -96.874017 -21060.784754 -16153.461917   -549.580807  6  6  6  73       
PG30   4408.289860  20369.184774  16463.662000   -245.259111  4  5  3  65       
PG31 -14835.759802  -4719.733885 -21783.368784   -218.471332  4  4  5  88       
PG32 -16547.267483 -20888.527976   -940.340498   -546.577790  4  6  4  93       
*  2025  1  6  9  0  0.00000000
PG01 -15725.003693  19420.694891   9004.732089 999999.999999 10 12 12           
PG02 -14029.332346  18735.642910  12636.169354   -274.500854  3  5  3  67       
PG03 -19382.011353  12315.719355 -13408.397344    640.575684  1  5  5  75       
PG04  -8516.119008  13101.759236 -21438.051392    507.664004  4  4  3  77       
PG05  26070.411697  -5177.304832  -1131.197987   -198.205915  5  2  4  63       
PG06   8671.446888  14666.724895 -20267.463136    -98.746942  4  4  3  83       
PG07  -5479.888465  25380.217624   4827.254541    -13.808975  3  3  5  88       
PG08 -17014.245577   2770.118631  20189.434431    455.081202  4  5  6   4       
PG09    355.502020  19470.410480 -18124.558358    517.685339  5  4  5  91       
PG10 -13456.432889 -11242.441809  20286.558256   -265.103780  4  5  5  73       
PG11  15289.192980   2059.566263 -21572.634457   -752.293137  6  3  5  86       
PG12  22042.556898 -10152.098310 -11032.580189   -562.827719  4  3  2  63       
PG13  18555.746160   7380.620575  17397.981984    692.573191  5  4  4  65       
PG14   9381.152332  13755.380608  20785.036850    574.715266  4  4  4  88       
PG15  16121.779529  -5399.343689  19918.563967    248.384956  4  2  5  70       
PG16 -26173.108820  -1733.594315  -5856.284613    -84.723785  4  6  3  44       
PG17  12019.691677  22911.324683   5898.727319    486.827156  3  6  3  76       
PG18   4701.035981 -25140.315185   6743.787109   -658.761596  4  6  4  88       
PG19  17506.870609  19721.246998  -4887.741816    582.883014  7  7  5  89       
PG20  23141.551685    979.296782 -12792.457944    367.294599  4  2  5  56       
PG21 -15704.793298  12201.130631  17399.300957    100.183654  3  5  4  65       
PG22  16477.813927  11112.280153  17851.563240    -90.789256  6  5  4  84       
PG23   2406.919076 -15234.565532  21633.185033    398.396434  4  5  6  88       
PG24  14342.629587 -17540.364716  13062.205750   -466.770271  4  2  2  72       
PG25   9965.306925 -15913.703121 -19043.768365    497.156317  6  4  2  86       
PG26 -21061.497636  -6207.769459 -15394.729903    -37.221480  4  5  2  80       
PG27 -20701.413813  -8854.102525  14118.586457    -33.397206  4  6  6  93       
PG28  -8532.650300 -16539.573118 -18964.184360   -528.263094  4  5  4  82       
PG29   1116.488174 -19531.614806 -17952.563311   -549.577857  6  6  6  80       
PG30   3539.477749  21923.532356  14521.817376   -245.251585  4  5  3  75       
PG31 -13870.104099  -6962.903853 -21786.253996   -218.470861  4  3  5  89       
PG32 -16348.992035 -21009.381080   1909.137767   -546.571822  4  6  3  71       
*  2025  1  6  9 15  0.00000000
PG01 -15486.580484  18249.063991  11519.583205 999999.999999 10 12 12           
PG02 -13880.131378  17211.809295  14887.552214   -274.492613  3  5  3  47       
PG03 -20756.146063  12443.891330 -10973.641777    640.582633  1  5  5  78       
PG04 -10136.888178  11227.034860 -21806.833423    507.669358  5  4  3  77       
PG05  25859.815684  -4905.803338  -3990.604273   -198.206790  6  2  5  56       
PG06   7855.871216  16769.168837 -18919.135831    -98.771465  5  4  3  80       
PG07  -5881.995821  25605.042438   2002.279843    -13.808137  3  3  5  85       
PG08 -18521.068474   1081.074454  19038.919636    455.088513  5  5  7  52       
PG09  -1212.066858  18006.817412 -19557.536893    517.699069  6  4  5  81       
PG10 -11196.511005 -11761.455786  21321.319838   -265.118297  4  5  5  83       
PG11  14434.771403   4398.733497 -21814.547887   -752.292496  7  4  5  83       
PG12  23143.756223 -10080.845098  -8475.935073   -562.829976  4  3  2  62       
PG13  19505.458980   9045.853899  15516.745156    692.574319  6  4  4  64       
PG14   7030.381494  14256.975022  21347.026472    574.721802  4  4  4  87       
PG15  17849.466353  -3841.868437  18817.260573    248.388733  5  2  5  72       
PG16 -25433.545090  -2031.165115  -8527.569527    -84.714902  4  5  3  62       
PG17  11344.588009  22444.839200   8613.712471    486.811525  3  6  4  74       
PG18   5115.069383 -25643.130671   3935.742005   -658.760573  4  6  3  81       
PG19  17563.537643  20148.490265  -2085.380251    582.887092  7  6  4  98       
PG20  21736.684722   1790.271834 -14979.774688    367.294458  5  2  5  51       
PG21 -15441.687182  10155.444971  19010.829946    100.184969  4  5  5   7       
PG22  14440.791057  11502.091398  19365.377286    -90.791468  6  5  4  73       
PG23   4774.053616 -15741.086717  20841.922337    398.403287  4  5  5  87       
PG24  14259.480726 -15811.295669  15157.904512   -466.766909  4  3  2  58       
PG25  11986.366907 -16222.005045 -17505.128722    497.155830  6  4  3  91       
PG26 -19370.260713  -6929.996969 -17187.764442    -37.234950  4  5  2  71       
PG27 -21590.024233 -10097.997255  11857.611025    -33.396790  5  6  6  94       
PG28  -7819.569026 -18496.111226 -17398.281175   -528.272018  3  5  3  91       
PG29   2521.718202 -17921.756656 -19442.463873   -549.574583  6  6  5  85       
PG30   2817.225112  23297.882662  12329.336890   -245.244055  4  5  2  81       
PG31 -13027.109561  -9237.432437 -21422.127179   -218.469999  4  3  5  93       
PG32 -15944.342918 -20903.426923   4726.251943   -546.565804  4  6  4  77       
*  2025  1  6  9 30  0.00000000
PG01 -15219.687809  16808.356029  13836.228873 999999.999999 11 12 12           
PG02 -13769.909051  15451.540993  16885.511897   -274.484535  4  5  3  32       
PG03 -21845.456040  12573.380221  -8350.296506    640.589604  1  5  4  79       
PG04 -11867.749890   9427.016380 -21799.516198    507.674739  4  3  3  66       
PG05  25360.801565  -4524.803770  -6781.817078   -198.207979  6  2  5  47       
PG06   7205.675994  18748.339017 -17242.059153    -98.796012  5  3  2  91       
PG07  -6195.365514  25535.088256   -857.936843    -13.807723  3  3  5  78       
PG08 -19999.370247   -425.734350  17561.627975    455.095821  5  5  7  62       
PG09  -2957.352815  16530.001721 -20655.945988    517.712835  6  5  5  54       
PG10  -8875.395499 -12434.920464  21998.976930   -265.132820  4  6  5  72       
PG11  13703.360626   6784.975928 -21679.626351   -752.291861  7  4  5  74       
PG12  23958.332801 -10006.513108  -5774.559217   -562.832130  4  3  1  48       
PG13  20404.465671  10471.872116  13367.101137    692.575521  6  5  4  71       
PG14   4663.803686  14885.847640  21543.978021    574.728416  4  4  4  78       
PG15  19527.768139  -2455.945426  17379.380927    248.393054  5  1  5  56       
PG16 -24426.592935  -2418.586964 -11057.609825    -84.706774  5  5  3  45       
PG17  10449.725239  21792.330185  11180.869031    486.796121  4  5  4  70       
PG18   5414.785332 -25855.380389   1059.058672   -658.759580  4  6  3  79       
PG19  17441.422359  20329.100008    751.870980    582.890733  7  5  4 102       
PG20  20164.414653   2773.413894 -16906.341048    367.294096  5  2  5  56       
PG21 -15257.117427   7948.051981  20293.553449    100.186271  4  5  5           
PG22  12282.329087  12023.274718  20553.194224    -90.793093  6  5  4  71       
PG23   7006.318616 -16346.150139  19691.669270    398.410092  4  4  5  74       
PG24  14221.970315 -13856.451771  16979.868523   -466.763549  4  2  1  48       
PG25  13812.155956 -16578.003228 -15670.194912    497.155340  6  4  3  71       
PG26 -17542.222212  -7797.197880 -18693.109011    -37.248459  4  5  2  65       
PG27 -22349.936012 -11104.217875   9393.930207    -33.396379  5  7  5  71       
PG28  -7252.563149 -20298.018325 -15533.302903   -528.280931  3  5  3  76       
PG29   4108.280981 -16276.933909 -20597.891666   -549.571821  6  6  5  68       
PG30   2224.666927  24455.102909   9923.462516   -245.236541  4  5  2  69       
PG31 -12317.751213 -11497.383553 -20695.943051   -218.469591  4  2  5  73       
PG32 -15311.339020 -20601.465100   7463.410968   -546.559809  4  6  4  67       
*  2025  1  6  9 45  0.00000000
PG01 -14962.032373  15115.962207  15914.836940 999999.999999 11 13 12           
PG02 -13730.545020  13486.119553  18597.806893   -274.476516  5  5  4  48       
PG03 -22637.518427  12663.771068  -5583.126388    640.596597  1  5  4  50       
PG04 -13674.348619   7737.459394 -21416.694972    507.680112  4  3  3  84       
PG05  24597.058750  -4002.983690  -9457.351058   -198.208941  7  2  4  70       
PG06   6710.035019  20557.178417 -15265.271110    -98.820517  5  3  2  66       
PG07  -6454.591018  25158.907772  -3702.873456    -13.807378  3  3  5  82       
PG08 -21406.664334  -1737.466062  15784.100490    455.103125  6  5  7  46       
PG09  -4857.059458  15081.007370 -21401.334182    517.726549  6  5  5  56       
PG10  -6541.780714 -13258.877962  22307.467304   -265.147334  4  6  5  76       
PG11  13107.619635   9170.346224 -21170.388055   -752.291323  8  4  5  74       
PG12  24477.344113  -9891.200005  -2974.249768   -562.834024  4  3  1  31       
PG13  21210.263550  11650.188951  10987.014706    692.576589  7  5  4  64       
PG14   2327.710164  15632.488534  21371.826133    574.735006  4  4  4  82       
PG15  21112.139441  -1251.193016  15631.941934    248.397081  6  1  5  57       
PG16 -23179.224432  -2924.562455 -13404.898564    -84.698117  5  5  3  54       
PG17   9325.732314  20993.650891  13557.120896    486.780767  4  4  4  73       
PG18   5635.414008 -25761.283361  -1836.103350   -658.758627  4  5  2  55       
PG19  17110.663344  20285.757641   3576.504396    582.894928  6  4  3  97       
PG20  18468.461465   3934.956799 -18538.658215    367.293852  5  2  5  49       
PG21 -15174.659810   5620.951723  21228.830225    100.186558  5  5  5           
PG22  10048.138310  12683.093800  21396.460617    -90.794846  6  5  4  94       
PG23   9063.520050 -17020.999356  18201.572557    398.416904  4  3  4  80       
PG24  14257.752039 -11710.307801  18494.871752   -466.760147  4  2  1  67       
PG25  15414.460612 -16948.424467 -13568.852296    497.154862  5  4  3  80       
PG26 -15619.076366  -8813.625741 -19885.125947    -37.261939  4  5  2  90       
PG27 -22942.553814 -11880.263594   6770.446092    -33.395874  6  7  5  83       
PG28  -6815.879177 -21903.810497 -13401.264386   -528.289878  3  5  3  68       
PG29   5857.448343 -14641.330510 -21399.378109   -549.568559  6  6  5  84       
PG30   1738.787851  25363.425285   7345.369662   -245.229004  5  5  2  77       
PG31 -11745.225955 -13695.758876 -19618.719839   -218.468546  4  3  5  58       
PG32 -14435.130231 -20139.076040  10074.574976   -546.553858  4  5  4  70       
*  2025  1  6 10  0  0.00000000
PG01 -14748.387545  13197.282932  17719.678875 999999.999999 12 13 12           
PG02 -13788.423476  11352.776663  19997.309776   -274.468233  5  5  4  24       
PG03 -23129.037497  12674.115958  -2719.583473    640.603561  1  5  4  56       
PG04 -15517.144527   6187.758695 -20665.427388    507.685491  4  3  3  67       
PG05  23599.321774  -3314.356913 -11971.851997   -198.209925  7  2  4  37       
PG06   6350.215903  22152.843919 -13023.087325    -98.845055  6  3  3  62       
PG07  -6695.893797  24474.099965  -6481.644758    -13.806929  3  2  4  73       
PG08 -22700.374290  -2849.555882  13737.753555    455.110411  7  6  7  28       
PG09  -6880.827523  13696.915801 -21781.269262    517.740297  6  5  5  50       
PG10  -4243.549332 -14220.995873  22240.728769   -265.161836  4  6  5  57       
PG11  12652.072436  11505.828058 -20295.826033   -752.290712  8  4  5  66       
PG12  24700.521460  -9696.921818   -122.818783   -562.835948  4  3  1  22       
PG13  21881.131336  12581.218151   8418.159481    692.577805  7  5  4  61       
PG14     66.404078  16479.851803  20832.796108    574.741642  4  3  4  79       
PG15  22559.055040   -228.808731  13607.393973    248.401449  6  1  5  30       
PG16 -21724.432691  -3572.401498 -15530.980777    -84.689643  5  4  3  53       
PG17   7971.357938  20091.031862  15703.051598    486.765472  5  3  4  47       
PG18   5814.732888 -25354.003524  -4699.208555   -658.757656  4  5  2  51       
PG19  16547.275562  20047.324444   6341.050046    582.898912  6  4  3  96       
PG20  16694.504584   5272.935393 -19848.418711    367.293674  5  3  5  67       
PG21 -15210.723381   3219.490475  21804.261457    100.188331  5  5  5  42       
PG22   7784.926437  13480.990428  21882.373623    -90.797065  6  5  4  97       
PG23  10911.758202 -17731.070537  16396.745505    398.423721  4  3  4  83       
PG24  14388.758507  -9413.502376  19675.465112   -466.756797  3  2  2  73       
PG25  16772.196739 -17296.448327 -11235.756611    497.154310  5  4  3  54       
PG26 -13643.738972  -9975.999927 -20743.216674    -37.275455  4  5  3  91       
PG27 -23332.936587 -12441.498957   4032.323142    -33.395309  6  6  5  61       
PG28  -6486.960225 -23277.038926 -11038.780163   -528.298791  4  5  3  51       
PG29   7742.856741 -13055.974736 -21833.563885   -549.565788  6  6  4  77       
PG30   1331.489509  25997.660551   4639.475873   -245.221545  5  5  1  79       
PG31 -11304.876405 -15786.102004 -18207.448496   -218.467792  4  2  4  67       
PG32 -13308.691656 -19555.161260  12515.976442   -546.547876  4  4  4  50       
*  2025  1  6 10 15  0.00000000
PG01 -14609.143782  11084.916621  19219.741519 999999.999999 13 13 12           
PG02 -13963.408694   9093.397378  21062.315226   -274.460303  5  5  4  53       
PG03 -23325.893497  12564.683514    190.997309    640.610604  2  4  4  52       
PG04 -17352.822929   4799.984540 -19559.080139    507.690823  3  3  4  78       
PG05  22404.170341  -2439.440486 -14282.830755   -198.211023  7  3  5  79       
PG06   6100.476772  23498.267920 -10554.490329    -98.869636  6  3  3  89       
PG07  -6955.459673  23487.592105  -9144.008615    -13.806188  3  2  4  76       
PG08 -23839.408866  -3765.631609  11458.285563    455.117672  7  6  7  62       
PG09  -8992.224330  12409.515367 -21789.525073    517.754035  5  5  4  79       
PG10  -2026.146616 -15300.908185  21798.851471   -265.176374  4  6  4  78       
PG11  12333.021993  13743.050710 -19071.237993   -752.290108  8  4  5  49       
PG12  24636.252617  -9387.262876   2730.701974   -562.838214  5  3  1  56       
PG13  22377.779257  13274.001516   5705.154159    692.578777  8  5  4  72       
PG14  -2079.317189  17403.930986  19935.415899    574.748211  4  3  3  43       
PG15  23827.668095    618.194567  11342.893151    248.405381  7  1  5  53       
PG16 -20100.069129  -4379.012702 -17400.989407    -84.681032  5  4  3  51       
PG17   6393.628633  19127.410940  17583.478451    486.750405  6  2  3  72       
PG18   5991.377057 -24635.971125  -7480.266037   -658.756591  4  4  2  80       
PG19  15734.223231  19647.669487   8998.816311    582.903015  6  3  3 102       
PG20  14888.477940   6777.079832 -20813.007786    367.293808  5  3  5  68       
PG21 -15374.021622    790.778014  22013.649867    100.189725  5  5  5  54       
PG22   5538.823037  14408.561934  22003.989846    -90.798807  6  5  4  69       
PG23  12524.572129 -18437.351108  14307.873747    398.430499  3  3  3  70       
PG24  14630.187426  -7011.359246  20500.548582   -466.753369  3  2  2  73       
PG25  17872.106305 -17583.179163  -8709.842628    497.153819  5  4  3  63       
PG26 -11658.873139 -11273.450555 -21252.179722    -37.288946  4  4  3 106       
PG27 -23491.138790 -12810.311894   1226.214994    -33.394792  7  6  6  45       
PG28  -6237.484319 -24387.589411  -8486.439647   -528.307754  4  6  2  86       
PG29   9731.362187 -11557.262633 -21893.398721   -549.562672  6  6  4  94       
PG30    970.872513  26340.175477   1852.674060   -245.214075  5  5  1  94       
PG31 -10984.420797 -17724.109214 -16484.905280   -218.467040  4  2  4  76       
PG32 -11933.229949 -18890.382340  14746.795640   -546.541910  4  4  4  45       
*  2025  1  6 10 30  0.00000000
PG01 -14569.040432   8817.577734  20389.257139 999999.999999 13 13 12           
PG02 -14268.088735   6753.084429  21776.755432   -274.451923  5  5  4  58       
PG03 -23242.843786  12298.681775   3098.250526    640.617626  3  4  4  11       
PG04 -19135.853849   3588.213137 -18117.069595    507.696151  4  4  4  62       
PG05  21052.629119  -1366.169627 -16351.341580   -198.212108  7  3  5  60       
PG06   5929.247957  24563.503166  -7902.431250    -98.894294  6  4  3  89       
PG07  -7267.748488  22215.545160 -11641.400582    -13.805725  3  3  4  66       
PG08 -24785.674847  -4497.121116   8985.033435    455.124974  7  5  6  66       
PG09 -11149.966631  11244.186819 -21426.167384    517.767780  5  4  4  62       
PG10     68.964119 -16470.866496  20988.145164   -265.190915  4  6  4  55       
PG11  12138.795587  15835.981200 -17517.946726   -752.289521  8  3  5  85       
PG12  24301.239886  -8928.990563   5536.900436   -562.839963  4  3  1  52       
PG13  22664.899757  13745.613758   2894.768935    692.580126  8  5  4  73       
PG14  -4073.551688  18374.619842  18694.421009    574.754769  4  3  3  75       
PG15  24881.343967   1304.416856   8879.499997    248.409349  7  1  5  49       
PG16 -18347.526161  -5354.127766 -18984.133671    -84.672736  4  4  3  63       
PG17   4607.697621  18144.777608  19167.937545    486.734721  6  2  3  52       
PG18   6203.117259 -23618.847020 -10130.741127   -658.755595  4  4  3  75       
PG19  14662.253011  19124.314839  11504.633390    582.906838  6  2  3 114       
PG20  13094.869661   8429.044829 -21415.896884    367.292828  6  3  4  47       
PG21 -15665.357786  -1617.906658  21856.860852    100.190864  5  4  5  37       
PG22   3353.848697  15449.831562  21760.253697    -90.800647  6  5  4  91       
PG23  13883.802756 -19097.934677  11970.714448    398.437315  3  3  3  72       
PG24  14989.791943  -4552.214308  20955.789465   -466.749966  3  2  2  72       
PG25  18709.171632 -17769.233569  -6033.740887    497.153345  5  4  2  62       
PG26  -9705.424041 -12687.749626 -21402.498946    -37.302440  4  5  3  81       
PG27 -23393.358227 -13015.029887  -1600.502792    -33.394313  7  6  6  43       
PG28  -6034.632783 -25212.749625  -5788.112938   -528.316694  4  6  2  88       
PG29  11784.158652 -10175.675958 -21578.233719   -549.559625  6  6  4  54       
PG30    622.683584  26381.591201   -966.496602   -245.206553  5  5  1  82       
PG31 -10764.486627 -19469.187723 -14479.363929   -218.466512  4  2  4  70       
PG32 -10318.289698 -18185.555754  16729.783822   -546.535964  4  3  4  67       
*  2025  1  6 10 45  0.00000000
PG01 -14646.128094   6438.785252  21208.143066 999999.999999 14 13 12           
PG02 -14707.305519   4378.636714  22130.329253   -274.443878  5  5  4  36       
PG03 -22902.884223  11843.885189   5951.665870    640.624639  4  4  4  61       
PG04 -20820.141392   2558.174252 -16364.502771    507.701447  4  4  5  32       
PG05  19588.620817    -90.528427 -18142.596694   -198.213245  8  3  5  69       
PG06   5800.550512  25326.797182  -5113.057794    -98.918908  6  4  4  89       
PG07  -7663.854064  20682.874719 -13927.966850    -13.805199  4  3  4  27       
PG08 -25505.473504  -5062.572990   6360.291345    455.132287  7  5  6  69       
PG09 -13309.330979  10219.045202 -20697.538777    517.781598  4  4  4  37       
PG10   2005.708860 -17696.683409  19821.116162   -265.205420  4  6  4  57       
PG11  12050.310590  17742.529039 -15662.916899   -752.288889  8  3  4  86       
PG12  23719.840844  -8293.569814   8246.854011   -562.842025  5  3  1  58       
PG13  22712.561629  14020.273600     35.117146    692.581265  8  5  5  64       
PG14  -5886.500360  19356.828769  17130.550345    574.761370  4  2  3  87       
PG15  25689.009079   1851.198339   6261.329863    248.413414  7  1  4  45       
PG16 -16510.308938  -6499.783578 -20254.138205    -84.664165  5  4  3  49       
PG17   2636.397471  17182.591131  20431.079560    486.719998  6  2  3  65       
PG18   6485.176864 -22323.130953 -12604.438647   -658.754593  4  4  3  71       
PG19  13330.453976  18516.944399  13815.590721    582.910991  7  1  3 102       
PG20  11355.094175  10202.964462 -21646.922268    367.292510  6  4  4  56       
PG21 -16077.715202  -3960.665543  21339.603244    100.191946  5  3  5   5       
PG22   1270.479289  16581.797556  21155.950106    -90.802600  6  5  4  97       
PG23  14980.138254 -19669.712374   9425.495457    398.444099  3  3  3  65       
PG24  15467.506982  -2085.625183  21033.875627   -466.746580  3  2  3  63       
PG25  19286.724157 -17816.384688  -3253.106069    497.152853  5  3  2  59       
PG26  -7821.214412 -14193.824457 -21190.555642    -37.315917  4  5  3  80       
PG27 -23022.853963 -13088.639714  -4400.483749    -33.393887  7  5  6  63       
PG28  -5842.539291 -25738.002957  -2990.198883   -528.325657  4  6  2  63       
PG29  13858.116542  -8934.741705 -20893.806669   -549.556329  7  6  4  81       
PG30    251.870033  26121.170287  -3768.726452   -245.199075  5  5  1  59       
PG31 -10619.434377 -20985.901926 -12224.205173   -218.465971  4  2  3  62       
PG32  -8481.558061 -17480.061148  18431.828516   -546.530020  4  3  4  74       
*  2025  1  6 11  0  0.00000000
PG01 -14851.001732   3995.371510  21662.343700 999999.999999 14 13 12           
PG02 -15277.979393   2016.995163  22118.551846   -274.435374  4  4  4  70       
PG03 -22336.292718  11174.098889   8701.490519    640.631676  4  4  5  61       
PG04 -22360.699842   1707.226517 -14331.726345    507.706739  5  4  5  57       
PG05  18057.330428   1383.125299 -19626.510271   -198.214401  8  3  5  76       
PG06   5675.593599  25775.353735  -2234.884121    -98.943482  5  5  4  77       
PG07  -8169.992331  18922.398715 -15961.562935    -13.804759  4  3  4  49       
PG08 -25970.732523  -5486.721163   3628.603305    455.139674  8  4  5  41       
PG09 -15423.699190   9344.368895 -19616.143739    517.795340  4  3  4  30       
PG10   3754.620327 -18938.939358  18316.348962   -265.219991  4  6  3  67       
PG11  12041.937138  19426.002406 -13538.275841   -752.288334  7  2  4  69       
PG12  22923.112094  -7458.514159  10813.013750   -562.843989  5  3  1  51       
PG13  22497.397834  14128.200487  -2825.154056    692.582431  8  4  5  61       
PG14  -7495.444057  20311.816493  15270.232988    574.767926  4  2  2  87       
PG15  26226.265168   2285.492521   3534.679313    248.417582  8  2  4  37       
PG16 -14632.542700  -7810.079194 -21189.631009    -84.655174  5  3  3  73       
PG17    509.519017  16276.326714  21352.978134    486.704175  6  2  2  67       
PG18   6868.657231 -20777.429891 -14858.339023   -658.753574  4  4  4  61       
PG19  11746.519261  17865.828549  15891.758486    582.915202  7  1  3 110       
PG20   9706.001049  12066.309860 -21502.444542    367.292574  7  4  4  35       
PG21 -16596.633809  -6194.438541  20473.146014    100.193252  5  3  5   5       
PG22   -675.648633  17775.238605  20201.586079    -90.804275  7  5  4  87       
PG23  15813.317504 -20110.134091   6716.223498    398.450913  3  3  2  45       
PG24  16055.426134    339.454683  20734.599349   -466.743142  4  2  3  62       
PG25  19616.235689 -17689.199742   -415.863602    497.152303  4  3  2  57       
PG26  -6039.651581 -15760.539835 -20618.758130    -37.329454  3  5  3  83       
PG27 -22370.606915 -13067.360822  -7127.136991    -33.393482  7  5  6  49       
PG28  -5623.862998 -25957.518216   -140.828164   -528.334596  4  6  2  57       
PG29  15907.290038  -7850.270736 -19852.122319   -549.553574  7  5  3  75       
PG30   -175.821973  25566.872796  -6504.839900   -245.191570  5  5  1  75       
PG31 -10518.445922 -22245.249951  -9757.423425   -218.465191  4  2  3  72       
PG32  -6448.375915 -16810.319444  19824.456071   -546.524085  4  4  4  69       
*  2025  1  6 11 15  0.00000000
PG01 -15186.334226   1535.868112  21744.069376 999999.999999 15 12 12           
PG02 -15969.226874   -286.292240  21742.731317   -274.427210  3  4  3  72       
PG03 -21579.390245  10270.398833  11299.630373    640.638703  5  4  5  53       
PG04 -23715.292981   1024.658501 -12053.792626    507.712079  6  5  5  58       
PG05  16503.540867   3042.051515 -20778.166137   -198.215246  8  3  5  79       
PG06   5514.485549  25905.751687    682.080531    -98.968038  5  5  4  91       
PG07  -8806.191759  16973.643085 -17704.684603    -13.804130  5  4  5  71       
PG08 -26160.031986  -5799.332010    836.039969    455.147071  8  4  5  37       
PG09 -17446.181774   8622.335903 -18200.436268    517.809091  4  3  5  50       
PG10   5293.817755 -20154.413843  16498.288317   -265.234540  4  5  2  74       
PG11  12082.622789  20856.360552 -11180.747465   -752.287718  7  2  4  81       
PG12  21947.589213  -6408.514824  13190.084983   -562.846031  5  2  1   3       
PG13  22003.546289  14104.264380  -5637.661588    692.583450  8  4  5  65       
PG14  -8885.450056  21198.687321  13145.168085    574.774503  4  2  2  77       
PG15  26476.231817   2638.540038    747.150710    248.421693  8  2  4  59       
PG16 -12757.464182  -9271.216988 -21774.477584    -84.646555  5  3  3  87       
PG17  -1737.152769  15456.197330  21919.353662    486.688916  6  3  2  67       
PG18   7379.136154 -19017.416747 -16853.369952   -658.752587  4  4  4  62       
PG19   9926.693964  17210.221149  17696.882298    582.919386  7  2  3 108       
PG20   8178.578786  13981.014902 -20985.387556    367.292082  7  4  4  57       
PG21 -17200.846731  -8280.324555  19273.985225    100.194080  5  3  4  45       
PG22  -2454.850459  18995.746079  18913.204980    -90.806655  7  5  4  92       
PG23  16391.981162 -20378.969059   3889.913112    398.457673  3  4  2  55       
PG24  16738.125844   2676.455204  20064.774289   -466.739729  4  2  3  52       
PG25  19716.792501 -17356.604386   2428.615568    497.151788  4  2  3  32       
PG26  -4388.594359 -17351.725600 -19695.582481    -37.342953  3  5  3  72       
PG27 -21435.704930 -12989.125296  -9735.322660    -33.393121  7  5  7  65       
PG28  -5341.424233 -25874.316150   2710.964916   -528.343528  4  6  1  61       
PG29  17884.536187  -6929.902242 -18471.231015   -549.550497  8  5  3  61       
PG30   -692.271974  24735.075557  -9126.709180   -245.184070  5  5  1  81       
PG31 -10426.840733 -23225.717057  -7121.033032   -218.464429  4  2  2  75       
PG32  -4250.973357 -16208.394171  20884.267142   -546.518122  4  4  4  69       
*  2025  1  6 11 30  0.00000000
PG01 -15646.728400   -891.169777  21451.928277 999999.999999 15 12 12           
PG02 -16762.761568  -2488.537037  21009.878368   -274.419019  3  4  3  66       
PG03 -20673.066938   9122.094640  13700.531475    640.645794  5  4  5  90       
PG04 -24845.975079    492.301463  -9569.852303    507.717403  6  5  5  56       
PG05  14970.000508   4865.435166 -21578.204476   -198.216223  8  3  5  81       
PG06   5277.988956  25724.005745   3587.226809    -98.992616  5  5  5  85       
PG07  -9585.251746  14881.355382 -19125.298642    -13.803564  5  4  5  43       
PG08 -26059.390971  -6033.878710  -1970.531010    455.154343  8  3  4  41       
PG09 -19331.259455   8047.076319 -16474.513365    517.822826  4  4  5  65       
PG10   6609.708283 -21297.692478  14396.918643   -265.249070  3  4  1  72       
PG11  12137.234222  22011.215409  -8631.009853   -752.287103  7  2  3  77       
PG12  20833.848083  -5136.296955  15335.885102   -562.847815  5  2  1  63       
PG13  21223.312802  13986.482098  -8355.061939    692.584484  8  3  5  75       
PG14 -10049.777970  21975.996594  10791.802417    574.781209  4  2  1  85       
PG15  26430.093327   2944.403519  -2053.205608    248.425618  8  2  4  48       
PG16 -10925.946377 -10861.829163 -21998.057887    -84.638080  5  3  3 105       
PG17  -4063.008573  14746.091377  22121.716080    486.673389  6  3  1  77       
PG18   8035.496408 -17084.522647 -18555.098111   -658.751619  4  4  5  80       
PG19   7895.404550  16586.788126  19199.039075    582.923467  6  2  3  91       
PG20   6796.903352  15904.824451 -20105.157712    367.292156  8  5  4  33       
PG21 -17863.145054 -10184.731544  17763.473172    100.195937  5  2  4  61       
PG22  -4044.289447  20204.947223  17312.136712    -90.808271  7  5  4  88       
PG23  16733.174209 -20439.994192    995.750488    398.464420  3  4  2  60       
PG24  17493.316644   4882.844311  19037.994348   -466.736324  4  2  3  75       
PG25  19614.265799 -16793.307464   5230.398551    497.151272  4  2  3  50       
PG26  -2889.423835 -18927.416969 -18435.518493    -37.356420  3  5  4  62       
PG27 -20225.443697 -12892.018593 -12182.011229    -33.392753  6  4  7  75       
PG28  -4959.838628 -25500.106175   5516.087588   -528.352455  3  6  2  85       
PG29  19743.184918  -6172.969207 -16774.910414   -549.547178  8  4  3  69       
PG30  -1325.499293  23649.963338 -11588.156638   -245.176578  5  5  2  84       
PG31 -10307.572279 -23914.059148  -4360.379536   -218.463751  4  1  2  73       
PG32  -1927.456325 -15700.765079  21593.301169   -546.512184  3  5  4  67       
*  2025  1  6 11 45  0.00000000
PG01 -16218.893324  -3238.837153  20790.949327 999999.999999 15 11 11           
PG02 -17633.560452  -4551.262849  19932.554017   -274.410699  4  4  3  55       
PG03 -19661.131413   7727.372707  15862.022627    640.652882  5  4  6  86       
PG04 -25720.476162     85.428150  -6922.484557    507.722741  7  5  6  59       
PG05  13495.881482   6824.997427 -22013.123736   -198.217304  8  3  4  91       
PG06   4929.248720  25245.268305   6430.245864    -99.017219  4  4  5  68       
PG07 -10512.021842  12693.792898 -20197.544329    -13.803494  4  5  5  50       
PG08 -25662.790499  -6226.092427  -4744.172575    455.161592  8  3  4  53       
PG09 -21036.382332   7605.038303 -14467.718859    517.836606  4  4  5  27       
PG10   7697.378108 -22322.892870  12047.339347   -265.263596  2  4  1  75       
PG11  12168.062896  22876.545217  -5932.988199   -752.286504  7  2  3  96       
PG12  19624.903390  -3643.162214  17212.158309   -562.850080  5  2  1  74       
PG13  20157.535930  13814.417599 -10931.794845    692.585886  7  3  6  87       
PG14 -10989.966550  22603.401447   8250.712818    574.787741  5  3  1  74       
PG15  26087.339081   3238.426025  -4818.715422    248.429635  8  3  4  56       
PG16  -9175.105716 -12553.582480 -21855.481822    -84.629540  6  3  3  74       
PG17  -6423.947605  14162.758198  21957.430383    486.657571  6  3  2  69       
PG18   8849.031384 -15024.416610 -19934.327802   -658.750633  5  4  5  84       
PG19   5684.576432  16028.127632  20371.241236    582.927609  6  3  2  82       
PG20   5577.370789  17792.811122 -18877.447238    367.291436  8  5  4  48       
PG21 -18551.434951 -11880.327226  15967.419048    100.196770  5  2  3  42       
PG22  -5428.627840  21361.878259  15424.686291    -90.810251  7  5  4  67       
PG23  16861.518470 -20262.540654  -1915.791541    398.471170  4  4  2  64       
PG24  18292.785930   6921.588742  17674.248661   -466.732914  4  2  2  61       
PG25  19340.205776 -15981.022826   7939.915472    497.150761  4  1  3  69       
PG26  -1556.356153 -20445.266048 -16858.915808    -37.369909  3  5  4  39       
PG27 -18755.143842 -12812.734899 -14426.902684    -33.392403  6  4  7  74       
PG28  -4447.085550 -24854.799514   8226.235933   -528.361367  3  6  2  75       
PG29  21438.697625  -5570.688041 -14792.256117   -549.544309  8  3  3  66       
PG30  -2098.330194  22342.615074 -13845.824597   -245.169103  5  5  2  59       
PG31 -10122.847559 -24305.778871  -1523.364768   -218.462858  4  1  2  45       
PG32    479.420811 -15307.317258  21939.326125   -546.506249  3  4  3  79       
*  2025  1  6 12  0  0.00000000
PG01 -16882.138199  -5463.487444  19772.495750 999999.999999 15  9 11           
PG02 -18550.770696  -6441.402576  18528.659392   -274.402531  4  4  4  11       
PG03 -18588.549622   6093.590143  17746.100518    640.659814  4  5  6  80       
PG04 -26313.380349   -226.098358  -4156.975750    507.728077  8  5  6  47       
PG05  12115.384038   8885.888906 -22075.494664   -198.217883  8  3  4  74       
PG06   4435.423554  24493.186172   9162.017927    -99.041801  4  4  5  65       
PG07 -11583.038302  10460.864644 -20902.281494    -13.802813  4  5  4  78       
PG08 -24972.417110  -6412.442624  -7438.596444    455.168843  7  2  5  43       
PG09 -22523.467596   7275.653595 -12214.163038    517.850397  5  5  5  21       
PG10   8560.652176 -23185.445526   9489.236793   -265.278118  3  3  1  55       
PG11  12136.435484  23447.094247  -3133.095704   -752.285882  7  3  2  91       
PG12  18364.508488  -1939.189558  18785.327064   -562.851879  6  3  1  66       
PG13  18815.644211  13627.545477 -13324.787001    692.587029  7  3  5  93       
PG14 -11715.595580  23043.290967   5565.903183    574.794308  4  3  1  69       
PG15  25455.698846   3555.674917  -7502.858310    248.433571  8  3  5  70       
PG16  -7537.039297 -14312.045584 -21347.738065    -84.620826  6  2  3  60       
PG17  -8773.827098  13715.264980  21429.708448    486.642363  6  3  2  72       
PG18   9822.862753 -12885.334748 -20967.595936   -658.749676  6  4  5  72       
PG19   3332.658241  15561.440382  21191.975658    582.931619  6  3  3  86       
PG20   4528.241502  19599.000348 -17323.927163    367.291409  8  5  4  58       
PG21 -19229.948583 -13346.768954  13915.667897    100.198205  6  2  4  64       
PG22  -6600.412339  22424.462039  13281.762645    -90.812174  7  5  4  86       
PG23  16808.087667 -19822.834306  -4793.869325    398.477971  5  4  2  57       
PG24  19103.584268   8762.363460  15999.411154   -466.729511  5  2  2  52       
PG25  18930.499617 -14909.431187  10508.905735    497.150234  4  1  3  52       
PG26   -396.027676 -21862.075080 -14991.726316    -37.383382  2  5  4  62       
PG27 -17047.693241 -12785.099192 -16433.002443    -33.392029  6  3  6  94       
PG28  -3775.949070 -23965.717501  10794.729486   -528.370344  2  6  2  85       
PG29  22930.252658  -5106.663617 -12557.188155   -549.541258  9  2  3  59       
PG30  -3027.275539  20849.821866 -15859.992282   -245.161584  5  5  2  67       
PG31  -9835.805303 -24405.268276   1340.401899   -218.462285  4  1  2  33       
PG32   2923.654786 -15040.582006  21916.049946   -546.500244  3  4  3  85       
*  2025  1  6 12 15  0.00000000
PG01 -17609.164858  -7526.214411  18414.070732 999999.999999 15  9 10           
PG02 -19478.826033  -8132.303945  16821.170457   -274.394512  5  3  4  54       
PG03 -17499.644902   4237.204485  19319.639653    640.666799  4  5  5  94       
PG04 -26607.054019   -476.470747  -1320.558276    507.733388  8  5  6  52       
PG05  10856.537049  11007.832998 -21764.084047   -198.219117  8  3  4  59       
PG06   3769.155994  23498.939800  11735.471859    -99.066367  4  3  5  61       
PG07 -12786.535651   8232.214586 -21227.467720    -13.802107  3  5  4  67       
PG08 -23998.620759  -6628.600347 -10008.865121    455.176048  7  2  5  35       
PG09 -23760.240277   7032.277556  -9752.164599    517.864172  5  5  5  44       
PG10   9211.813387 -23843.861266   6766.256297   -265.292661  3  2  1  61       
PG11  12004.366234  23726.444800   -279.435717   -752.285369  6  3  2  82       
PG12  17095.426540    -43.080355  20027.160640   -562.853962  6  2  1  83       
PG13  17215.406901  13463.636864 -15494.108933    692.588033  7  3  5  85       
PG14 -12243.730333  23262.329541   2784.028359    574.800871  5  3  1  86       
PG15  24550.785634   3929.430036 -10060.989577    248.437603  8  3  5  57       
PG16  -6037.737149 -16097.794846 -20481.770232    -84.612536  6  2  4  65       
PG17 -11065.979497  13404.739855  20547.530321    486.626966  6  3  2  80       
PG18  10951.691898 -10716.326482 -21637.555630   -658.748670  6  4  5  80       
PG19    883.383191  15207.405016  21645.663536    582.935930  5  3  3  94       
PG20   3649.511030  21278.039862 -15471.837758    367.291260  8  5  5  66       
PG21 -19860.568556 -14571.197613  11641.662248    100.199658  6  3  3  41       
PG22  -7560.180824  23351.041713  10918.449027    -90.814202  7  5  3  83       
PG23  16609.030363 -19105.073855  -7588.195800    398.484803  6  4  2  67       
PG24  19889.397894  10382.466218  14044.625983   -466.726130  5  2  2  33       
PG25  18423.845962 -13576.834559  12891.362873    497.149739  4  1  4  55       
PG26    592.626409 -23135.395469 -12865.140789    -37.396884  2  5  4  75       
PG27 -15132.831663 -12838.705166 -18167.151288    -33.391669  5  2  6  92       
PG28  -2925.274652 -22866.525647  13177.318415   -528.379280  2  6  3  80       
PG29  24182.198967  -4757.689360 -10107.881220   -549.538285  9  1  3  63       
PG30  -4121.667387  19212.685483 -17595.320582   -245.154051  5  5  2  59       
PG31  -9412.183449 -24225.605444   4180.510260   -218.461772  4  1  2  63       
PG32   5357.517255 -14905.257520  21523.250094   -546.494259  2  3  3  85       
*  2025  1  6 12 30  0.00000000
PG01 -18367.128509  -9394.151522  16739.018395 999999.999999 15  9  9           
PG02 -20378.736316  -9604.512715  14837.819495   -274.386252  5  4  4  63       
PG03 -16436.333070   2183.339576  20555.010911    640.673786  3  5  5  95       
PG04 -26592.289991   -702.430773   1538.378500    507.738729  8  5  7  60       
PG05   9740.237900  13146.478967 -21083.886381   -198.220147  8  3  3  76       
PG06   2909.823052  22300.005111  14106.399816    -99.090938  3  3  5  54       
PG07 -14102.831120   6055.336067 -21168.354895    -13.801629  2  6  3  71       
PG08 -22759.589850  -6907.938179 -12412.071572    455.183285  7  2  5  70       
PG09 -24721.366921   6843.368632  -7123.622536    517.878011  5  5  5  41       
PG10   9670.985638 -24261.414453   3925.280587   -265.307227  3  2  1  56       
PG11  11736.187040  23726.760262   2579.021164   -752.284755  6  3  2  71       
PG12  15857.745456   2018.350512  20915.342733   -562.855717  6  2  2  64       
PG13  15382.389505  13357.225056 -17403.579136    692.589029  7  3  5  74       
PG14 -12598.069442  23232.849815    -46.440463    574.807433  5  4  2  79       
PG15  23395.468374   4389.770162 -12451.000170    248.441470  7  3  5  77       
PG16  -4696.210498 -17867.726243 -19270.473741    -84.603974  6  2  4  80       
PG17 -13254.747189  13224.407311  19325.497500    486.611253  5  3  3  87       
PG18  12221.892859  -8565.487678 -21933.243425   -658.747644  7  4  5  74       
PG19  -1615.690717  14979.307265  21723.027469    582.940068  5  3  3  86       
PG20   2933.109124  22786.848668 -13353.485892    367.291028  7  4  5  63       
PG21 -20404.224863 -15548.486477   9181.988601    100.200737  6  3  3  73       
PG22  -8316.285345  24101.919678   8373.516191    -90.816294  7  5  3  72       
PG23  16303.997115 -18102.201297 -10249.959669    398.491515  7  4  3  40       
PG24  20612.044293  11767.409168  11845.611639   -466.722734  5  2  2  65       
PG25  17860.108390 -11990.468263  15044.453550    497.149192  4  1  4  53       
PG26   1418.189681 -24225.131818 -10515.119882    -37.410267  2  5  3  88       
PG27 -13046.202328 -12997.714133 -19600.506726    -33.391308  4  1  5  92       
PG28  -1880.991809 -21595.934798  15332.949019   -528.388178  1  6  4  92       
PG29  25165.324067  -4494.811285  -7486.127408   -549.535170  9  1  3  79       
PG30  -5383.091652  17475.055782 -19021.507418   -245.146536  5  5  3  69       
PG31  -8821.904658 -23788.007267   6946.694913   -218.461014  3  1  2  65       
PG32   7733.150461 -14898.028485  20766.817863   -546.488265  2  2  2  87       
*  2025  1  6 12 45  0.00000000
PG01 -19118.925871 -11041.539669  14776.124931 999999.999999 14  9  9           
PG02 -21209.509239 -10846.308933  12610.724121   -274.378132  6  4  4  69       
PG03 -15436.465309    -34.996551  21430.594723    640.680765  3  5  4  99       
PG04 -26268.644449   -941.667359   4371.093168    507.744042  8  5  7  67       
PG05   8779.566821  15254.916897 -20046.062267   -198.220663  8  3  2  64       
PG06   1844.519098  20938.688560  16234.212703    -99.115523  3  2  4  78       
PG07 -15505.060390   3973.804484 -20727.503302    -13.801138  1  6  2  54       
PG08 -21280.755200  -7280.118995 -14607.990670    455.190370  6  1  5  93       
PG09 -25389.339368   6673.863127  -4373.326620    517.891772  5  5  5  39       
PG10   9965.199022 -24407.672011   1015.624493   -265.321732  4  1  1  51       
PG11  11300.092220  23468.210480   5393.271110   -752.284219  6  3  3  71       
PG12  14687.308218   4211.020079  21433.922407   -562.857915  6  2  2  74       
PG13  13349.134964  13338.204643 -19021.310387    692.590313  7  4  5  81       
PG14 -12807.829696  22934.037164  -2876.092240    574.813955  5  4  2  78       
PG15  22019.004630   4962.305359 -14633.911003    248.445472  7  4  5  68       
PG16  -3523.871549 -19576.532747 -17732.606470    -84.595575  6  1  4  58       
PG17 -15296.984554  13159.913360  17783.620110    486.596119  6  3  3  82       
PG18  13611.940655  -6478.250031 -21850.227947   -658.746602  8  4  5  72       
PG19  -4114.809468  14882.463151  21421.352790    582.944396  4  3  4  58       
PG20   2363.416017  24086.182112 -11005.660131    367.290345  7  3  5  55       
PG21 -20822.323004 -16281.241620   6575.909133    100.202037  5  3  3  36       
PG22  -8884.434892  24640.850118   5688.879567    -90.818255  6  5  3  87       
PG23  15934.436621 -16816.332131 -12732.716547    398.498278  7  4  3  50       
PG24  21233.025479  12911.174889   9441.906673   -466.719353  5  2  2  67       
PG25  17278.617910 -10166.450427  16929.385551    497.148697  4  1  5  65       
PG26   2096.279742 -25095.087704  -7981.822419    -37.423781  1  5  3  67       
PG27 -10828.201700 -13279.854972 -20708.973020    -33.390922  4  1  4  89       
PG28   -636.862107 -20196.219695  17224.474090   -528.397070  1  6  4  84       
PG29  25857.889331  -4284.615242  -4736.641083   -549.532366  9  1  3  70       
PG30  -6805.140881  15681.872402 -20113.839120   -245.139020  5  4  3  56       
PG31  -8040.510200 -23120.956012   9589.798048   -218.460147  3  1  2  81       
PG32  10004.179178 -15007.693775  19658.714220   -546.482324  2  1  3  81       
*  2025  1  6 13  0  0.00000000
PG01 -19824.661122 -12450.522880  12559.126481 999999.999999 14  9  8           
PG02 -21929.659403 -11853.978302  10175.963946   -274.369758  6  4  4  59       
PG03 -14532.347119  -2378.011011  21931.177443    640.687736  2  4  4  99       
PG04 -25644.454656  -1231.180350   7129.300967    507.749386  8  5  7  60       
PG05   7979.401321  17285.300729 -18667.783041   -198.221890  8  3  2  77       
PG06    568.733722  19460.494423  18082.623821    -99.140066  2  2  4  85       
PG07 -16960.225489   2025.707111 -19914.619273    -13.800872  2  6  1  69       
PG08 -19593.943174  -7769.822694 -16559.696639    455.197619  6  1  5  84       
PG09 -25755.074681   6486.693635  -1548.216215    517.905515  6  6  5  49       
PG10  10127.169564 -24259.802171  -1911.840896   -265.336220  4  2  2  65       
PG11  10669.538497  22978.102719   8115.108329   -752.283658  6  3  3  81       
PG12  13614.325869   6494.726462  21573.635747   -562.860063  7  2  3  83       
PG13  11154.100094  13430.612891 -20320.193706    692.591515  7  4  5  78       
PG14 -12906.412727  22352.855761  -5655.476282    574.820508  5  4  2  87       
PG15  20455.969935   5667.095560 -16574.400253    248.449517  7  4  5  82       
PG16  -2524.193287 -21178.299236 -15892.606438    -84.586958  6  1  4  80       
PG17 -17153.478216  13189.929448  15947.039179    486.580281  6  3  3  90       
PG18  15093.155480  -4495.792645 -21390.640373   -658.745635  8  4  5  93       
PG19  -6563.759827  14913.965777  20744.631591    582.948014  4  3  4  97       
PG20   1918.072680  25142.053671  -8468.975497    367.290291  7  3  5  61       
PG21 -21078.162185 -16779.555957   3864.877504    100.203333  5  4  4  36       
PG22  -9286.970134  24936.433641   2909.002078    -90.820080  6  4  2  91       
PG23  15541.831226 -15258.827274 -14993.233000    398.505059  8  5  3  71       
PG24  21715.074545  13816.139075   6876.079057   -466.716011  5  3  2  64       
PG25  16716.498437  -8129.365462  18512.200044    497.148176  4  1  5  40       
PG26   2648.775062 -25714.389859  -5308.936971    -37.437318  1  4  3  58       
PG27  -8522.664812 -13695.659302 -21473.576708    -33.390523  4  1  4  91       
PG28    805.077474 -18711.612393  18819.295631   -528.405974  1  6  5  75       
PG29  26246.394116  -4090.688419  -1906.316208   -549.529189  8  2  2  56       
PG30  -8373.497046  13877.479895 -20853.626347   -245.131463  5  4  3  46       
PG31  -7050.377633 -22259.032570  12062.725746   -218.459613  3  1  2  88       
PG32  12127.281797 -15215.601091  18216.834353   -546.476353  3  1  3  81       
*  2025  1  6 13 15  0.00000000
PG01 -20443.233064 -13611.642063  10126.131874 999999.999999 14 10  8           
PG02 -22498.756808 -12631.807822   7573.104523   -274.361454  6  4  4  16       
PG03 -13749.494109  -4800.498326  22048.222496    640.694659  2  4  3  98       
PG04 -24736.537148  -1605.671879   9765.974220    507.754775  8  5  7  77       
PG05   7336.346095  19190.521311 -16971.981852   -198.222923  7  2  2  72       
PG06   -913.300233  17912.389024  19620.250070    -99.164618  2  2  3  81       
PG07 -18430.501060    242.336571 -18746.229344    -13.800221  2  6  1  47       
PG08 -17736.306258  -8395.655820 -18234.140627    455.204799  5  1  5  72       
PG09 -25818.207502   6244.393746   1303.401759    517.919239  7  6  5  46       
PG10  10193.839240 -23803.603988  -4805.618042   -265.350704  4  2  2  66       
PG11   9824.446446  22289.752501  10697.939976   -752.283033  6  3  3  76       
PG12  12662.232659   8824.554966  21332.089218   -562.862011  7  2  3  76       
PG13   8840.384553  13651.635856 -21278.315817    692.592665  6  4  5  75       
PG14 -12929.908155  21484.676920  -8336.007005    574.827092  5  4  2  76       
PG15  18745.024963   6517.787809 -18241.263828    248.453911  6  5  5  84       
PG16  -1692.669330 -22628.160365 -13780.310453    -84.578552  6  1  4  61       
PG17 -18790.238623  13287.015801  13845.684717    486.564612  6  3  3  65       
PG18  16630.731091  -2653.635756 -20563.089447   -658.744613  8  5  4  92       
PG19  -8913.646534  15062.772593  19703.579922    582.952654  3  3  4  92       
PG20   1569.050769  25926.960270  -5787.160532    367.289562  6  2  5  72       
PG21 -21138.303125 -17060.524314   1092.036545    100.205019  5  4  4  54       
PG22  -9551.891166  24963.364163     80.245054    -90.822113  6  5  2  75       
PG23  15165.944539 -13450.003736 -16992.265739    398.511828  8  5  4  77       
PG24  22023.634828  14492.675586   4192.919331   -466.712690  5  3  3  65       
PG25  16207.089517  -5911.495274  19764.465081    497.147683  4  2  5  67       
PG26   3102.779967 -26058.730199  -2542.926089    -37.450891  1  4  3  59       
PG27  -6175.428569 -14247.959267 -21880.783826    -33.390125  4  2  4  87       
PG28   2434.393925 -17186.632772  20089.928716   -528.414871  1  5  5  84       
PG29  26326.040078  -3875.199731    956.552820   -549.526443  8  3  2  27       
PG30 -10066.339818  12103.985938 -21228.516536   -245.123935  5  4  3  43       
PG31  -5841.666299 -21241.503438  14321.373144   -218.459122  3  1  2  81       
PG32  14063.663628 -15496.376666  16464.778733   -546.470411  3  1  3  77       
*  2025  1  6 13 30  0.00000000
PG01 -20933.982156 -14524.008382   7518.969837 999999.999999 13 11  8           
PG02 -22878.964715 -13191.802499   4844.668137   -274.353339  6  4  4  57       
PG03 -13105.675099  -7253.429762  21780.011085    640.701580  3  5  2  95       
PG04 -23569.577778  -2096.026182  12236.122662    507.760110  7  5  6  54       
PG05   6838.982690  20925.868894 -14987.012406   -198.223593  7  2  2  53       
PG06  -2588.600113  16341.029716  20821.122099    -99.189132  1  2  2  76       
PG07 -19874.734403  -1352.801233 -17245.209592    -13.800119  3  6  1  25       
PG08 -15749.066522  -9169.283488 -19602.682262    455.212049  5  1  4  87       
PG09 -25587.062352   5910.727876   4132.663947    517.933013  8  6  5  64       
PG10  10204.733931 -23034.209079  -7614.547088   -265.365089  4  3  3  68       
PG11   8752.157390  21441.138234  13097.571583   -752.282441  5  3  3  77       
PG12  11846.832119  11152.482584  20713.799870   -562.863993  7  2  3  81       
PG13   6454.296219  14010.874211 -21879.306135    692.594039  6  5  5  66       
PG14 -12915.494963  20333.582797 -10870.853692    574.833644  5  4  2  68       
PG15  16927.564988   7520.996480 -19607.810220    248.457723  6  5  4  73       
PG16  -1017.083854 -23883.961662 -11430.569050    -84.569698  5  1  4  76       
PG17 -20179.619380  13418.717045  11513.869970    486.549522  7  3  3  69       
PG18  18185.005091   -980.468413 -19382.465808   -658.743624  8  5  4  85       
PG19 -11118.638297  15310.135937  18315.521432    582.956558  3  3  5  88       
PG20   1283.938545  26420.866068  -3006.299830    367.289464  6  2  5  85       
PG21 -20973.845951 -17147.532181  -1698.305032    100.205714  5  3  4  20       
PG22  -9711.667986  24703.481251  -2749.829123    -90.823952  6  5  2  71       
PG23  14843.153052 -11418.496391 -18695.260081    398.518653  8  5  4  80       
PG24  22128.217027  14958.471120   1438.635220   -466.709353  5  4  3  65       
PG25  15778.536795  -3551.728921  20663.850171    497.147073  4  2  5  69       
PG26   3489.366404 -26111.370893    267.803979    -37.464434  2  4  3  67       
PG27  -3832.819654 -14931.667805 -21922.754346    -33.389720  4  3  4  85       
PG28   4232.465900 -15664.420758  21014.476680   -528.423804  1  5  6  78       
PG29  26100.877970  -3600.539152   3803.075231   -549.523364  8  3  2  39       
PG30 -11855.061780  10399.729546 -21232.678413   -245.116435  5  3  3  48       
PG31  -4412.946318 -20110.720647  16325.493981   -218.458216  3  2  3  85       
PG32  15780.377532 -15818.927365  14431.529432   -546.464397  3  1  3  79       
*  2025  1  6 13 45  0.00000000
PG01 -21258.333585 -15195.150155   4782.471669 999999.999999 12 11  8           
PG02 -23036.515632 -13553.127998   2035.551347   -274.345245  6  3  5  23       
PG03 -12610.280555  -9685.694943  21131.650607    640.708498  3  4  2  97       
PG04 -22175.236139  -2727.935489  14497.542084    507.765427  7  4  6  55       
PG05   6468.431913  22450.624017 -12746.217591   -198.224741  6  2  2  71       
PG06  -4435.766725  14791.026757  21665.096835    -99.213687  1  2  1  78       
PG07 -21250.068135  -2744.631455 -15440.192914    -13.799864  3  6  2  58       
PG08 -13676.113877 -10094.816319 -20641.568657    455.219312  5  2  4  94       
PG09 -25078.305247   5452.283521   6890.978095    517.946750  8  6  6  47       
PG10  10200.206659 -21956.420226 -10288.782257   -265.379486  4  4  3  79       
PG11   7448.109096  20473.391525  15272.950518   -752.281848  5  3  4  76       
PG12  11175.769685  13429.113337  19730.091793   -562.866298  7  2  4  90       
PG13   4043.802182  14509.895386 -22112.609394    692.595230  6  4  5  71       
PG14 -12899.807338  18912.332324 -13215.796014    574.840186  5  4  3  17       
PG15  15046.297883   8675.942605 -20652.191591    248.461875  7  5  4  85       
PG16   -478.090343 -24907.860594  -8882.755093    -84.561305  6  1  4  72       
PG17 -21301.225223  13548.855381   8989.822119    486.533492  7  3  3  57       
PG18  19712.920132    502.748041 -17869.642200   -658.742659  8  5  4  81       
PG19 -13137.610114  15630.364730  16604.134110    582.960577  4  3  5  95       
PG20   1027.391414  26611.909284   -174.045352    367.289493  6  2  5  86       
PG21 -20561.579995 -17069.336129  -4461.219927    100.207508  5  3  4  19       
PG22  -9801.871863  24146.585815  -5533.197394    -90.825970  6  5  1  31       
PG23  14604.929575  -9200.297693 -20072.954133    398.525465  8  5  4  89       
PG24  22003.587349  15237.586155  -1339.937418   -466.705984  5  4  3  72       
PG25  15452.613265  -1094.197023  21194.565664    497.146556  5  3  5  55       
PG26   3842.142008 -25863.866199   3073.791946    -37.477961  2  4  3  66       
PG27  -1540.116896 -15733.852995 -21597.528565    -33.389314  5  3  4  66       
PG28   6173.012514 -14185.134744  21577.009429   -528.432716  1  5  6  84       
PG29  25583.630848  -3230.953742   6584.580681   -549.520569  7  4  2  51       
PG30 -13705.259154   8797.920497 -20866.857688   -245.108840  5  3  3  80       
PG31  -2771.481056 -18910.403203  18039.491246   -218.457609  3  2  3  81       
PG32  17251.441034 -16147.682023  12151.031682   -546.458364  4  1  3  81       
*  2025  1  6 14  0  0.00000000
PG01 -21381.372576 -15640.539734   1963.701532 999999.999999 12 11  9           
PG02 -22943.074170 -13741.292590   -807.610033   -274.337026  6  3  5  55       
PG03 -12264.040284 -12045.924929  20114.952218    640.715385  4  4  2  95       
PG04 -20590.997391  -3520.724312  16511.520067    507.770781  6  4  6  55       
PG05   6199.210402  23729.517271 -10287.411577   -198.225495  6  2  3  78       
PG06  -6425.642888  13303.304031  22138.167774    -99.238256  1  2  1  87       
PG07 -22513.612017  -3926.791718 -13364.879426    -13.799456  3  6  3  87       
PG08 -11562.506339 -11168.477386 -21332.353840    455.226552  5  3  3  88       
PG09 -24316.286154   4839.963991   9530.853563    517.960503  8  6  6  53       
PG10  10219.640213 -20584.667010 -12780.756712   -265.393933  5  4  3  53       
PG11   5916.204328  19429.181007  17186.855810   -752.281211  5  3  4  84       
PG12  10648.352600  15605.471271  18398.852543   -562.868254  6  2  4  90       
PG13   1656.918515  15142.089404 -21973.679974    692.596376  5  4  5  79       
PG14 -12917.332679  17241.990552 -15330.026970    574.846769  5  5  3  20       
PG15  13143.797540   9974.360418 -21357.672954    248.465650  7  5  3  63       
PG16    -50.085619 -25667.803172  -6180.166263    -84.552778  5  1  4  64       
PG17 -22142.575323  13638.979816   6315.150093    486.518283  7  3  2  56       
PG18  21169.618586   1783.370085 -16051.077525   -658.741580  8  5  4  73       
PG19 -14935.611969  15991.890107  14599.060754    582.964671  4  3  5  74       
PG20    762.690141  26496.807443   2661.190196    367.288833  5  2  5  67       
PG21 -19884.969142 -16858.959286  -7151.736299    100.208262  5  3  4  56       
PG22  -9859.673533  23290.983387  -8222.152261    -90.827746  6  5  1  66       
PG23  14476.539277  -6837.515325 -21101.877834    398.532313  8  5  4  87       
PG24  21630.748464  15359.305902  -4096.095419   -466.702701  5  4  4  89       
PG25  15243.823309   1413.309610  21347.655356    497.146050  5  4  4  57       
PG26   4195.703069 -25316.466086   5825.449422    -37.491524  2  4  3  66       
PG27    659.960057 -16634.109158 -20909.139537    -33.388884  5  4  5  81       
PG28   8222.923587 -12784.478001  21767.838384   -528.441614  2  4  6  79       
PG29  24795.199494  -2734.117858   9253.436306   -549.517506  7  4  3  77       
PG30 -15577.955490   7325.502784 -20138.306363   -245.101322  5  3  3  73       
PG31   -933.148943 -17683.874581  19433.108055   -218.456877  3  2  3  79       
PG32  18458.705000 -16444.029051   9661.682326   -546.452367  4  1  3  63       
*  2025  1  6 14 15  0.00000000
PG01 -21273.290624 -15882.819169   -888.852470 999999.999999 11 12  9           
PG02 -22576.936800 -13787.090517  -3637.126476   -274.328859  6  3  5  95       
PG03 -12059.099381 -14284.323134  18748.182141    640.722271  4  4  2  96       
PG04 -18858.813747  -4486.417354  18243.488053    507.776127  6  4  6  68       
PG05   6000.351702  24734.002130  -7652.280433   -198.226861  5  2  3  91       
PG06  -8522.270571  11913.619837  22232.670309    -99.262822  1  2  1  83       
PG07 -23624.092196  -4901.552923 -11057.275970    -13.798658  4  6  4  88       
PG08  -9452.923709 -12378.565363 -21662.251152    455.233750  5  4  3 101       
PG09 -23332.095743   4050.322858  12006.720887    517.974287  8  5  6  73       
PG10  10299.686577 -18942.575666 -15046.111375   -265.408349  5  5  4  94       
PG11   4168.857846  18351.051282  18806.523611   -752.280499  5  3  4  83       
PG12  10255.722107  17634.775892  16744.157345   -562.870041  6  3  4  89       
PG13   -659.905518  15892.835948 -21464.094018    692.597607  5  5  5  73       
PG14 -12998.907889  15351.236853 -17176.886439    574.853338  5  5  2  46       
PG15  11261.079181  11400.671490 -21712.841090    248.469763  7  5  3  64       
PG16    297.647225 -26138.813018  -3369.325100    -84.544324  5  1  4  48       
PG17 -22699.494987  13649.923624   3534.250647    486.503314  7  3  2  72       
PG18  22510.109076   2857.337212 -13958.333853   -658.740591  7  5  4  72       
PG19 -16485.100001  16358.593412  12335.388014    582.969057  4  4  5  71       
PG20    453.346464  26080.947882   5451.044890    367.288617  5  3  5  65       
PG21 -18934.938753 -16552.430784  -9725.440430    100.209710  5  3  4  65       
PG22  -9922.261006  22143.727255 -10770.104503    -90.829678  6  4  1  39       
PG23  14475.999625  -4376.898929 -21764.738793    398.539132  8  5  4  93       
PG24  20997.684439  15356.829875  -6783.991882   -466.699385  5  5  4  80       
PG25  15158.827899   3921.067690  21121.135972    497.145543  4  4  4  69       
PG26   4584.037518 -24478.180027   8474.006643    -37.505040  3  4  3  73       
PG27   2728.683143 -17605.217920 -19867.645118    -33.388492  6  5  5  89       
PG28  10343.359950 -11492.409852  21583.683383   -528.450541  2  4  6  89       
PG29  23763.867718  -2082.577221  11763.851224   -549.514439  6  4  3  52       
PG30 -17431.006785   6002.284533 -19060.591111   -245.093802  5  3  2  78       
PG31   1077.992641 -16472.332857  20482.001092   -218.455979  2  3  3  80       
PG32  19392.436974 -16667.898526   7005.728799   -546.446328  4  2  3  61       
*  2025  1  6 14 30  0.00000000
PG01 -20910.646201 -15950.755137  -3726.112485 999999.999999 11 12  9           
PG02 -21924.021423 -13725.337750  -6404.987050   -274.320488  5  3  5  98       
PG03 -11979.446335 -16354.430929  17055.694213    640.729144  4  3  3  92       
PG04 -17023.585744  -5629.087441  19663.609520    507.781471  5  4  5  77       
PG05   5836.751712  25443.290844  -4885.708000   -198.227769  5  3  3  81       
PG06 -10684.109123  10651.302213  21947.381040    -99.287388  1  2  2  74       
PG07 -24543.411251  -5679.397537  -8558.889961    -13.798341  4  6  4 100       
PG08  -7390.128862 -13705.720526 -21624.410731    455.240967  6  4  3 105       
PG09 -22162.370869   3066.686661  14275.726007    517.987976  7  5  6  76       
PG10  10472.620019 -17062.168054 -17044.563492   -265.422767  5  5  4  86       
PG11   2226.719527  17279.780147  20104.198608   -752.279907  5  4  4  89       
PG12   9981.367201  19474.126422  14795.772514   -562.872555  5  3  4  93       
PG13  -2863.352200  16739.979966 -20591.575451    692.598700  5  4  4  77       
PG14 -13170.375490  13275.380861 -18724.510571    574.859905  5  5  3  58       
PG15   9436.241617  12932.419333 -21711.754191    248.473807  7  5  2  72       
PG16    599.566169 -26304.034260   -499.184327    -84.535807  5  2  3  55       
PG17 -22976.217096  13543.417189    693.655079    486.487926  7  3  2  56       
PG18  23690.941495   3729.106135 -11627.516360   -658.739604  7  5  4  73       
PG19 -17766.875596  16691.342194   9853.003355    582.972842  4  4  5  84       
PG20     64.694731  25378.162118   8148.011435    367.288318  4  3  5  82       
PG21 -17710.433414 -16187.403709 -12139.108487    100.211375  5  3  4  91       
PG22 -10025.235194  20720.543410 -13132.400582    -90.831347  5  5  1  43       
PG23  14613.343928  -1868.195867 -22050.689798    398.545950  7  5  4  94       
PG24  20099.850257  15265.851421  -9359.316051   -466.696022  5  5  4  67       
PG25  15196.213701   6379.219797  20519.982549    497.145024  4  4  4  81       
PG26   5038.946568 -23366.494357  10972.452931    -37.518603  3  3  4  63       
PG27   4632.617554 -18614.082541 -18489.072990    -33.388062  6  5  5  75       
PG28  12491.081986 -10332.091099  21027.728716   -528.459404  3  4  6  79       
PG29  22524.236447  -1255.010778  14072.655622   -549.511365  6  4  3  76       
PG30 -19220.630093   4840.364865 -17653.288794   -245.086283  5  3  2  66       
PG31   3230.482126 -15313.228251  21168.183090   -218.455245  2  3  3  83       
PG32  20051.591985 -16779.429775   4228.584584   -546.440302  4  2  4  51       
*  2025  1  6 14 45  0.00000000
PG01 -20277.390585 -15877.964122  -6499.255921 999999.999999 10 12 10           
PG02 -20978.604219 -13593.439842  -9063.632408   -274.312581  5  3  5  81       
PG03 -12001.672633 -18214.758368  15067.453669    640.736037  4  2  3  87       
PG04 -15131.539503  -6944.509806  20747.294711    507.786800  5  5  5  82       
PG05   5670.689044  25845.111286  -2035.035576   -198.229233  5  3  3  66       
PG06 -12865.467798   9538.244566  21287.511608    -99.311929  1  2  2  80       
PG07 -25238.060260  -6278.286935  -5913.900948    -13.797945  3  6  5  86       
PG08  -5413.492054 -15123.489975 -21218.114025    455.248248  6  5  3  85       
PG09 -20847.893659   1880.020170  16298.484861    518.001710  7  5  6  74       
PG10  10764.876271 -14982.721812 -18740.692172   -265.437201  6  5  4  87       
PG11    118.083363  16252.816366  21057.602839   -752.279324  4  4  5  86       
PG12   9801.954278  21086.026345  12588.552619   -562.874617  4  3  4  83       
PG13  -4914.693168  17654.602597 -19369.932206    692.599842  6  5  3  80       
PG14 -13451.453886  11055.127014 -19946.384670    574.866451  4  5  3  70       
PG15   7703.219303  14540.950277 -21354.032436    248.477765  6  5  2  86       
PG16    892.319141 -26155.477127   2379.750400    -84.527339  6  2  3  60       
PG17 -22985.183355  13283.699282  -2158.679615    486.472051  7  3  2  42       
PG18  24671.827702   4411.260225  -9098.646765   -658.738612  7  5  4  80       
PG19 -18770.690457  16949.669435   7195.843616    582.976901  4  4  4  72       
PG20   -434.590719  24410.194285  10706.221329    367.287910  3  3  4  73       
PG21 -16218.718854 -15801.691648 -14351.365817    100.211805  5  3  4           
PG22 -10201.045306  19045.430440 -15267.140509    -90.833420  5  4  1  44       
PG23  14890.215243    637.598064 -21955.475719    398.552789  7  5  4  91       
PG24  18940.395757  15123.079541 -11779.925350   -466.692670  4  5  5  74       
PG25  15346.612391   8739.565584  19555.963972    497.144528  4  5  3  75       
PG26   5588.553850 -22006.752263  13276.448157    -37.532158  3  3  4  75       
PG27   6344.743210 -19622.908771 -16795.272213    -33.387624  6  5  5  87       
PG28  14619.955684  -9319.104041  20109.567405   -528.468268  4  4  6  80       
PG29  21115.925883   -237.260742  16140.041575   -549.508563  5  4  3  68       
PG30 -20902.993892   3843.875395 -15941.579245   -245.078777  5  4  1  69       
PG31   5486.532453 -14238.817159  21480.325295   -218.454536  1  3  3  88       
PG32  20443.755056 -16740.660150   1378.069658   -546.434314  3  3  4  51       
*  2025  1  6 15  0  0.00000000
PG01 -19365.618500 -15701.457748  -9160.556574 999999.999999 10 13 10           
PG02 -19743.767703 -13429.839743 -11566.759753   -274.304346  5  3  5  67       
PG03 -12096.029871 -19830.216999  12818.464281    640.742956  4  2  4  86       
PG04 -13228.560342  -8420.137855  21475.633101    507.792170  4  5  5  84       
PG05   5463.463104  25936.152372    850.734143   -198.230109  5  4  3  81       
PG06 -15018.098339   8588.197284  20264.598943    -99.336495  2  3  3  61       
PG07 -25680.333778  -6722.660025  -3168.330462    -13.797214  3  6  5  87       
PG08  -3557.633148 -16599.177713 -20448.877291    455.255541  6  6  3  64       
PG09 -19432.037250    489.497937  18039.784186    518.015470  7  5  6  85       
PG10  11195.842022 -12749.339621 -20104.620524   -265.451656  6  5  4  78       
PG11  -2121.996221  15302.857229  21650.314562   -752.278735  5  5  5  90       
PG12   9688.433732  22439.687905  10161.748255   -562.876859  3  3  4  95       
PG13  -6781.086902  18602.063758 -17818.899415    692.600785  6  5  2  80       
PG14 -13854.866545   8735.138587 -20821.789931    574.873024  4  5  3  68       
PG15   6090.683949  16192.319646 -20644.888740    248.482073  6  5  2  49       
PG16   1213.076193 -25694.425906   5216.363698    -84.518658  5  2  3  68       
PG17 -22746.545650  12839.067599  -4974.129324    486.456728  6  3  2  58       
PG18  25417.147910   4923.812283  -6414.981222   -658.737617  6  5  4  80       
PG19 -19495.490257  17093.523759   4411.052675    582.981133  4  4  4  80       
PG20  -1071.109446  23205.884890  13082.197983    367.287293  2  4  4  70       
PG21 -14475.406796 -15431.769270 -16323.369654    100.213486  5  4  4  53       
PG22 -10477.527378  17149.939881 -17135.979618    -90.835260  5  4  1  77       
PG23  15299.803632   3090.023839 -21481.460213    398.559585  6  5  3  88       
PG24  17530.122627  14964.754587 -14006.427206   -466.689319  5  5  5  78       
PG25  15593.160082  10957.269904  18247.337699    497.144036  4  5  3  79       
PG26   6255.967565 -20431.221068  15345.181846    -37.545778  3  3  5  64       
PG27   7845.350826 -20590.595494 -14813.665553    -33.387184  7  6  5  64       
PG28  16682.578623  -8460.976751  18845.034712   -528.477173  4  4  5  73       
PG29  19582.093979    976.910446  17930.253028   -549.505396  5  4  4  73       
PG30 -22435.807429   3009.041019 -13955.747098   -245.071258  5  4  1  22       
PG31   7803.365580 -13274.952677  21413.915669   -218.453830  1  3  2  85       
PG32  20584.752260 -16517.167760  -1496.412869   -546.428271  3  3  4  47       
*  2025  1  6 15 15  0.00000000
PG01 -18176.013873 -15460.065168 -11664.207203 999999.999999 10 13 10           
PG02 -18231.532391 -13272.400714 -13870.148127   -274.295950  5  3  4  76       
PG03 -12227.738801 -21173.300686  10348.112570    640.749918  4  2  5  78       
PG04 -11358.545120 -10035.403707  21835.735695    507.797483  4  5  5  81       
PG05   5177.086836  25722.177073   3721.776523   -198.231507  4  4  3  77       
PG06 -17092.888000   7806.379808  18896.295102    -99.361059  2  3  3  68       
PG07 -25849.309521  -7042.213113   -369.227406    -13.796721  2  6  5  95       
PG08  -1851.234224 -18094.954425 -19328.456520    455.262834  7  6  3  94       
PG09 -17959.117899  -1097.242956  19469.214939    518.029163  7  5  5  73       
PG10  11776.947411 -10411.288903 -21112.577415   -265.465990  6  5  4  81       
PG11  -4452.848313  14456.619844  21872.051085   -752.278148  5  5  5  74       
PG12   9607.373464  23512.066898   7558.242884   -562.878742  3  3  4  78       
PG13  -8436.666729  19543.282593 -15963.887014    692.601862  6  6  1  70       
PG14 -14385.763594   6362.459702 -21336.137248    574.879627  4  5  3  83       
PG15   4621.131577  17848.395918 -19595.097905    248.485993  6  4  3  63       
PG16   1597.814873 -24931.482477   7959.918745    -84.510181  6  3  3  52       
PG17 -22287.378328  12183.308730  -7704.203127    486.441178  5  3  3  73       
PG18  25897.287642   5293.229577  -3622.283850   -658.736570  5  6  3  82       
PG19 -19949.286155  17085.014612   1548.069075    582.985026  3  3  4  67       
PG20  -1865.531883  21800.101283  15235.568200    367.287482  2  4  3  67       
PG21 -12504.188161 -15111.287201 -18019.507919    100.216304  6  4  4  52       
PG22 -10876.608251  15072.155739 -18704.895688    -90.837263  5  4  1  73       
PG23  15827.125839   5440.910994 -20637.535090    398.566362  6  6  3  81       
PG24  15887.181176  14825.207490 -16002.709640   -466.685966  5  5  5  54       
PG25  15912.271495  12992.417628  16618.416766    497.143502  4  5  2  99       
PG26   7058.154512 -18677.885970  17142.157987    -37.559310  3  3  5  73       
PG27   9122.673466 -21474.288955 -12576.898119    -33.386737  6  6  5  54       
PG28  18631.963579  -7757.029374  17255.933777   -528.486038  5  4  5  75       
PG29  17967.826846   2385.367516  19412.212789   -549.502175  5  4  4  87       
PG30 -23779.847764   2324.551914 -11730.605448   -245.063707  5  4  1  45       
PG31  10134.744004 -12440.159806  20971.273238   -218.453222  2  4  2  76       
PG32  20497.940602 -16079.600732  -4344.750017   -546.422214  2  4  4  34       
*  2025  1  6 15 30  0.00000000
PG01 -16717.972783 -15192.794195 -13967.109206 999999.999999 10 14 10           
PG02 -16462.654859 -13156.785302 -15932.489273   -274.287863  6  4  4  60       
PG03 -12358.495384 -22224.971430   7699.443936    640.756864  4  3  5  76       
PG04  -9561.835490 -11762.334709  21820.980279    507.802894  4  6  5  77       
PG05   4775.967628  25217.794646   6528.313749   -198.232248  4  5  2  46       
PG06 -19041.590130   7189.425730  17206.060958    -99.385619  2  3  3  56       
PG07 -25731.565686  -7270.515836   2436.117262    -13.796040  2  6  5  87       
PG08   -316.070585 -19569.191092 -17874.747067    455.270151  7  7  3  80       
PG09 -16472.717426  -2864.181746  20561.725641    518.042819  7  5  5  81       
PG10  12511.100066  -8020.183543 -21747.325861   -265.480401  6  5  5  96       
PG11  -6829.547595  13733.852913  21718.850804   -752.277493  5  6  5  74       
PG12   9522.460826  24288.590695   4823.737971   -562.880749  2  3  4  80       
PG13  -9863.376347  20436.212477 -13835.630290    692.602945  5  6  2  66       
PG14 -15041.456795   3984.858745 -21481.184179    574.886186  3  5  3  69       
PG15   3310.186277  19468.129558 -18220.901514    248.490183  6  4  3  68       
PG16   2079.633731 -23886.234692  10561.066112    -84.501917  6  3  3  75       
PG17 -21640.623409  11296.949261 -10301.374766    486.425823  5  4  3  33       
PG18  26089.756806   5551.219841   -768.067163   -658.735589  5  6  3  68       
PG19 -20148.660571  16890.076487  -1342.333095    582.989286  3  2  4  70       
PG20  -2831.624275  20232.455193  17129.722189    367.287014  2  4  3  55       
PG21 -10336.268376 -14869.655352 -19408.103216    100.216985  7  5  4  84       
PG22 -11413.233339  12855.405298 -19944.901374    -90.839107  5  4  1  62       
PG23  16449.632961   7646.029155 -19438.917337    398.573190  5  6  3  91       
PG24  14036.521035  14735.509069 -17736.420464   -466.682572  5  5  5  60       
PG25  16274.690064  14811.353806  14699.025345    497.143021  4  5  1  85       
PG26   8005.075157 -16789.021960  18635.885963    -37.572852  3  3  5  71       
PG27  10173.222606 -22231.045761 -10122.379765    -33.386335  6  6  5  65       
PG28  20423.215226  -7198.547743  15369.658135   -528.494949  5  5  5  63       
PG29  16318.462003   3977.474063  20560.075061   -549.499206  5  4  3  87       
PG30 -24900.367136   1772.226821  -9304.854803   -245.056218  5  4  1  20       
PG31  12432.633010 -11745.029662  20161.423377   -218.452478  2  4  1  80       
PG32  20213.200650 -15405.028274  -7117.025699   -546.416139  2  4  4  74       
*  2025  1  6 15 45  0.00000000
PG01 -15009.398215 -14937.195207 -16029.615657 999999.999999 10 15 10           
PG02 -14466.087217 -13114.895193 -17716.206349   -274.279567  6  4  5  66       
PG03 -12448.112044 -22975.219568   4918.386226    640.763838  4  4  6  59       
PG04  -7873.791706 -13566.465085  21431.153940    507.808285  4  6  5  81       
PG05   4228.508890  24445.897109   9221.497165   -198.233508  3  5  2  69       
PG06 -20818.528377   6725.661288  15222.769058    -99.410193  3  4  3  72       
PG07 -25321.620001  -7443.520237   5200.916306    -13.795808  2  6  5  89       
PG08   1033.698374 -20977.970643 -16111.572687    455.277451  7  7  3  86       
PG09 -15014.041645  -4787.324175  21298.084158    518.056528  7  5  5  85       
PG10  13392.483283  -5628.085759 -21998.449593   -265.494843  6  6  5  91       
PG11  -9204.444114  13146.626771  21193.151037   -752.276888  5  6  5  73       
PG12   9396.109070  24763.556167   2005.905671   -562.882963  2  3  4  83       
PG13 -11051.517753  21237.458749 -11469.743378    692.603861  5  7  3  67       
PG14 -15811.475835   1649.158786 -21255.133895    574.892747  3  5  3  84       
PG15   2166.146298  21008.947769 -16543.845074    248.493987  6  4  2  24       
PG16   2687.170172 -22586.556347  12972.845880    -84.493478  6  3  3  54       
PG17 -20843.802040  10168.273703 -12719.932029    486.410736  3  4  4  68       
PG18  25980.050702   5733.325082   2099.189392   -658.734654  4  6  2  76       
PG19 -20117.930403  16479.980098  -4209.025455    582.992986  3  2  5  50       
PG20  -3975.538028  18545.855097  18732.413077    367.286497  2  4  2  70       
PG21  -8009.508399 -14730.751383 -20462.107179    100.217925  7  6  4  81       
PG22 -12094.569561  10546.746345 -20832.681134    -90.840704  5  4  1  78       
PG23  17138.119102   9666.577536 -17906.840675    398.579972  4  6  3  89       
PG24  12009.116562  14722.252028 -19179.395342   -466.679179  5  5  5  64       
PG25  16646.764251  16387.759235  12523.861315    497.142556  4  5  1  84       
PG26   9099.116793 -14809.605584  19800.461204    -37.586375  3  3  5  76       
PG27  11001.807751 -22819.542769  -7491.721356    -33.385922  6  6  5  72       
PG28  22015.135554  -6769.276853  13218.717636   -528.503933  6  5  4  62       
PG29  14677.908455   5734.296251  21353.692918   -549.496432  5  4  3  89       
PG30 -25768.329173   1327.937025  -6720.390895   -245.048692  5  4  1   6       
PG31  14648.923343 -11191.952088  18999.842635   -218.451905  3  4  1  77       
PG32  19765.669034 -14478.054610  -9764.442386   -546.410091  2  4  4  46       
*  2025  1  6 16  0  0.00000000
PG01 -13076.173867 -14727.791726 -17816.214794 999999.999999 10 15 10           
PG02 -12278.106736 -13173.438112 -19188.240105   -274.271243  7  5  5  68       
PG03 -12456.228200 -23423.281085   2052.936384    640.770868  4  5  6  56       
PG04  -6323.561955 -15408.010505  20672.488529    507.813709  3  5  6  86       
PG05   3508.566787  23436.778677  11754.286263   -198.234874  3  6  2  73       
PG06 -22382.211803   6395.705568  12980.221891    -99.434803  3  4  3  55       
PG07 -24622.084969  -7598.020016   7879.585424    -13.795190  2  5  5  74       
PG08   2191.945541 -22276.722985 -14068.360674    455.284745  7  7  4  76       
PG09 -13620.379593  -6835.430496  21665.237957    518.070202  7  6  4  85       
PG10  14406.724099  -3285.608788 -21862.493985   -265.509306  6  6  5  99       
PG11 -11528.803860  12698.929128  20303.759724   -752.276285  5  6  4  75       
PG12   9191.101923  24940.188266   -846.472347   -562.885155  3  3  4  73       
PG13 -11999.986065  21903.980320  -8906.177568    692.605043  5  7  3  40       
PG14 -16677.940728   -600.380022 -20662.617541    574.899347  2  5  4  80       
PG15   1189.791787  22428.231478 -14590.543447    248.498191  6  5  2  47       
PG16   3443.196009 -21067.563604  15151.654313    -84.484932  6  3  3  44       
PG17 -19937.536332   8794.061433 -14916.828141    486.395511  3  4  4  59       
PG18  25562.222268   5877.376523   4930.831647   -658.733669  4  6  2  69       
PG19 -19888.006559  15832.626245  -7001.503675    582.996642  3  3  5  53       
PG20  -5295.390301  16784.946972  20016.287684    367.286121  2  4  2  69       
PG21  -5567.286497 -14711.811526 -21159.766364    100.219548  7  6  4  83       
PG22 -12919.524906   8195.287787 -21351.132008    -90.842563  5  4  1  70       
PG23  17857.892910  11470.457920 -16068.149950    398.586764  4  6  3  90       
PG24   9840.993569  14806.503589 -20308.034978   -466.675763  5  5  5  74       
PG25  16991.892356  17703.424650  10131.785472    497.142089  4  5  1  94       
PG26  10334.847919 -12785.634933  20616.023004    -37.599930  3  2  6  84       
PG27  11621.230362 -23201.766810  -4730.068182    -33.385510  5  6  5  42       
PG28  23371.696393  -6446.214294  10840.175989   -528.512846  6  5  3  65       
PG29  13087.028301   7629.133482  21778.991295   -549.493385  5  5  3  77       
PG30 -26361.430142    962.751480  -4021.574769   -245.041178  5  4  1  51       
PG31  16737.143405 -10775.190816  17508.084826   -218.451117  3  5  1  79       
PG32  19194.260006 -13291.645564 -12240.237413   -546.404063  2  4  5  68       
*  2025  1  6 16 15  0.00000000
PG01 -10951.336713 -14594.638961 -19296.142165 999999.999999 10 15 10           
PG02  -9941.139022 -13352.686326 -20320.780058   -274.263288  7  6  5  68       
PG03 -12344.022698 -23577.508338   -847.674321    640.777916  4  5  6  83       
PG04  -4933.095224 -17243.262865  19557.586338    507.819104  3  5  6  76       
PG05   2596.701224  22226.970088  14082.306499   -198.235937  4  6  3  72       
PG06 -23696.801463   6173.369036  10516.592730    -99.459432  4  4  3  64       
PG07 -23643.543386  -7770.115126  10428.391629    -13.794531  2  5  5  78       
PG08   3160.677350 -23421.921527 -11779.702335    455.292071  7  8  4  79       
PG09 -12323.724755  -8971.034969  21656.564692    518.083897  7  5  4  85       
PG10  15531.420346  -1040.099579 -21342.962135   -265.523725  6  6  6  96       
PG11 -13754.498824  12386.582481  19065.720531   -752.275635  5  6  4  60       
PG12   8872.210368  24830.363885  -3684.362576   -562.887224  3  3  4  68       
PG13 -12716.176861  22394.811006  -6188.588580    692.605915  5  8  4  71       
PG14 -17616.232693  -2723.564302 -19714.563733    574.905906  2  5  4  86       
PG15    374.466110  23684.826754 -12392.370418    248.501898  6  5  2  53       
PG16   4363.457081 -19370.270115  17058.146302    -84.476380  6  3  3  28       
PG17 -18963.935561   7180.003893 -16852.516876    486.379962  2  5  4  68       
PG18  24839.145300   6021.868642   7678.822730   -658.732673  4  6  1  79       
PG19 -19495.001736  14933.568481  -9670.838849    583.001235  3  4  5  65       
PG20  -6781.152165  14994.500860  20959.341128    367.285953  3  4  2  74       
PG21  -3057.108528 -14822.559048 -21485.237147    100.220090  7  6  4  79       
PG22 -13878.613396   5850.410394 -21489.788792    -90.844699  5  4  2  70       
PG23  18570.164461  13033.285774 -13954.807913    398.593507  3  5  3  92       
PG24   7572.089108  15002.961456 -21103.631274   -466.672343  5  5  5  74       
PG25  17272.073170  18748.700783   7565.057295    497.141606  4  5  1  88       
PG26  11699.102193 -10762.429436  21069.081077    -37.613434  3  3  5  81       
PG27  12051.655999 -23344.614657  -1885.337577    -33.385118  5  6  5  53       
PG28  24463.322483  -6200.672102   8275.009705   -528.521798  6  5  3  85       
PG29  11582.142702   9628.358231  21828.237357   -549.490194  5  5  3  79       
PG30 -26664.870348    644.256262  -1254.478069   -245.033684  5  4  1  32       
PG31  18654.092717 -10481.290653  15713.302505   -218.450582  3  5  1  73       
PG32  18540.035455 -11847.628947 -14500.572682   -546.397981  3  4  5  77       
*  2025  1  6 16 30  0.00000000
PG01  -8673.979608 -14562.066559 -20443.910871 999999.999999 10 16 10           
PG02  -7502.313101 -13665.486390 -21091.917024   -274.255149  7  6  6  75       
PG03 -12075.862033 -23454.903766  -3733.821649    640.784904  4  6  6  59       
PG04  -3716.436945 -19026.153581  18105.234947    507.824479  4  4  6  67       
PG05   1481.167745  20857.832102  16164.667802   -198.237241  4  7  3  86       
PG06 -24733.374433   6026.816287   7873.797060    -99.484072  4  4  3  47       
PG07 -22404.156656  -7993.733492  12806.048868    -13.794050  2  4  4  78       
PG08   3949.809685 -24372.774363  -9284.801099    455.299382  7  8  4  63       
PG09 -11149.613379 -11151.718515  21272.007071    518.097636  6  5  4  88       
PG10  16737.000053   1066.024602 -20450.171117   -265.538071  6  6  6  98       
PG11 -15835.682962  12197.487068  17500.072502   -752.275048  5  6  4  48       
PG12   8407.718851  24454.018583  -6459.318159   -562.889335  4  2  4  56       
PG13 -13215.563961  22672.733439  -3363.619508    692.606972  4  8  5  62       
PG14 -18595.934377  -4685.601409 -18427.960894    574.912480  2  5  4  49       
PG15   -293.565505  24740.539622  -9985.068581    248.505943  6  5  2  50       
PG16   5455.812310 -17539.998703  18658.046343    -84.467808  6  3  3  23       
PG17 -17964.908916   5340.774851 -18491.751084    486.364622  3  5  4  60       
PG18  23822.459404   6204.312842  10296.524126   -658.731647  3  6  1  81       
PG19 -18978.648996  13776.723963 -12170.579560    583.005247  3  5  6  45       
PG20  -8414.849635  13217.802630  21545.288628    367.285698  3  4  2  59       
PG21   -529.007934 -15064.620595 -21429.124079    100.221459  7  7  4  84       
PG22 -14954.179345   3559.961535 -21245.116422    -90.846447  5  4  2  64       
PG23  19233.592648  14339.104724 -11603.324732    398.600194  2  5  2  84       
PG24   5244.980403  15319.340048 -21552.641726   -466.668933  5  4  5  72       
PG25  17449.498003  19522.615715   4868.536511    497.141114  4  5  1  87       
PG26  13171.385447  -8782.980663  21152.706777    -37.626965  3  2  5  78       
PG27  12319.682590 -23221.334074    992.628099    -33.384727  5  6  4  60       
PG28  25267.935891  -5999.565031   5567.399640   -528.530756  7  6  2  72       
PG29  10193.720783  11692.535030  21500.201788   -549.487286  5  5  3  81       
PG30 -26671.850624    337.996328   1533.884242   -245.026169  5  4  1  65       
PG31  20361.333956 -10289.792706  13647.679433   -218.449687  3  5  1  80       
PG32  17844.490517 -10156.843533 -16505.376282   -546.391896  3  4  5  99       
*  2025  1  6 16 45  0.00000000
PG01  -6287.925632 -14647.654629 -21239.750868 999999.999999  9 16 11           
PG02  -5011.801090 -14116.571354 -21486.193324   -274.247069  7  7  6  68       
PG03 -11620.821965 -23080.338665  -6556.322277    640.791915  5  7  6  54       
PG04  -2679.336078 -20709.926424  16340.112174    507.829851  4  3  6  69       
PG05    158.606930  19373.963058  17964.725819   -198.238363  4  6  3  79       
PG06 -25470.938460   5919.949254   5096.803490    -99.508731  4  4  3  70       
PG07 -20929.025759  -8299.257206  14974.260622    -13.793327  3  4  4  86       
PG08   4576.621495 -25092.840866  -6626.814080    455.306704  6  8  4   7       
PG09 -10116.226496 -13331.585696  20518.088259    518.111407  6  5  5  72       
PG10  17987.872733   2996.720260 -19200.977173   -265.552510  6  6  6  78       
PG11 -17730.390657  12112.180841  15633.507036   -752.274476  5  6  4  65       
PG12   7770.803671  23838.265309  -9124.284432   -562.891346  4  3  4  44       
PG13 -13520.958682  22705.837966   -480.109002    692.608225  3  8  5  11       
PG14 -19582.000380  -6458.214881 -16825.519829    574.919089  2  6  4  73       
PG15   -834.485247  25561.561260  -7408.276568    248.509866  6  5  2  52       
PG16   6719.713282 -15624.620070  19922.843765    -84.459534  6  3  4  30       
PG17 -16980.472964   3299.740262 -19804.323052    486.349682  3  5  4  41       
PG18  22532.198685   6459.631913  12739.455215   -658.730708  2  6  1  77       
PG19 -18380.600667  12364.746558 -14457.584977    583.009543  3  5  6 114       
PG20 -10171.071569  11495.110232  21763.848699    367.285349  3  4  2  30       
PG21   1966.209764 -15431.272178 -20988.914204    100.222824  7  7  5  74       
PG22 -16120.978349   1368.501382 -20620.655868    -90.848218  5  5  2  31       
PG23  19805.933069  15380.781135  -9054.121243    398.606971  2  4  2  69       
PG24   2903.522648  15756.007644 -21646.910341   -466.665489  5  4  5  53       
PG25  17488.120611  20032.664464   2088.868487    497.140624  4  5  2  94       
PG26  14724.585119  -6886.421576  20866.589097    -37.640479  4  2  5  76       
PG27  12457.136853 -22812.740616   3852.977782    -33.384335  4  6  4  32       
PG28  25771.721752  -5806.874448   2763.967519   -528.539663  6  6  2  67       
PG29   8945.303345  13777.777233  20800.206310   -549.484191  5  5  4  81       
PG30 -26383.779211      8.984307   4296.322338   -245.018605  5  4  1  65       
PG31  21826.488717 -10174.221970  11347.790492   -218.448697  3  6  1  82       
PG32  17147.826634  -8238.926562 -18219.115169   -546.385870  4  4  5  79       
*  2025  1  6 17  0  0.00000000
PG01  -3840.224645 -14861.483043 -21669.949816 999999.999999  9 16 11           
PG02  -2521.007906 -14702.214868 -21495.028218   -274.238880  7  7  6  64       
PG03 -10954.026010 -22485.490381  -9267.247257    640.798942  5  7  6  82       
PG04  -1819.180470 -22248.855901  14292.384114    507.835191  4  4  6  62       
PG05  -1365.599926  17821.483899  19450.768766   -198.239268  4  6  3  81       
PG06 -25897.159360   5813.958982   2232.893834    -99.533354  4  5  3  51       
PG07 -19249.330970  -8712.295314  16898.210444    -13.793002  3  4  4  91       
PG08   5064.903217 -25551.505208  -3852.096666    455.314001  6  7  4  64       
PG09  -9233.791757 -15462.888593  19407.806505    518.125121  5  5  5  80       
PG10  19243.820598   4723.488295 -17618.381667   -265.566935  5  5  6  62       
PG11 -19401.996707  12104.695747  13497.926667   -752.273881  5  6  3  47       
PG12   6940.713656  23016.264128 -11634.359885   -562.893470  5  3  4  50       
PG13 -13661.474942  22468.901369   2411.762837    692.609097  4  8  6  33       
PG14 -20536.110831  -8020.502074 -14935.245250    574.925618  3  6  4  68       
PG15  -1274.034954  26119.770022  -4704.972112    248.513710  5  5  3  64       
PG16   8146.048716 -13672.697775  20830.352275    -84.450787  6  2  4  67       
PG17 -16047.125110   1088.309559 -20765.724640    486.334176  3  4  4  59       
PG18  20996.117408   6818.654930  14966.020990   -658.729650  1  5  2  81       
PG19 -17742.680547  10709.051615 -16492.772611    583.013306  3  6  5 102       
PG20 -12017.767367   9862.231629  21610.932796    367.284658  3  4  2  58       
PG21   4378.810610 -15907.544428 -20169.279591    100.224244  6  7  5  42       
PG22 -17347.095348   -684.322220 -19627.014138    -90.850003  5  5  1  58       
PG23  20245.723586  16160.067643  -6350.837282    398.613706  2  4  2  64       
PG24    591.438275  16305.888421 -21383.832382   -466.662072  5  4  5  61       
PG25  17355.145105  20294.288256   -726.330352    497.140196  3  5  2  60       
PG26  16325.948783  -5106.674789  20216.959387    -37.654014  4  3  5  74       
PG27  12499.644553 -22108.152230   6644.817952    -33.383936  4  5  5  25       
PG28  25969.586152  -5585.230273    -87.029159   -528.548562  6  6  2  48       
PG29   7852.704423  15837.290420  19740.054778   -549.481463  5  5  4  84       
PG30 -25810.184807   -376.780216   6986.230643   -245.011095  5  4  2  14       
PG31  23024.291924 -10103.302117   8853.905517   -218.448242  3  6  1  68       
PG32  16487.285258  -6121.745666 -19611.479568   -546.379832  5  4  5  80       
*  2025  1  6 17 15  0.00000000
PG01  -1379.529317 -15205.683339 -21727.089692 999999.999999  9 16 12           
PG02    -80.686633 -15410.251821 -21116.998867   -274.230650  6  7  6  82       
PG03 -10057.752106 -21707.540964 -11820.703271    640.805938  5  7  7  92       
PG04  -1125.264541 -23599.944482  11997.201441    507.840501  5  5  6  61       
PG05  -3077.326371  16246.269846  20596.614100   -198.240280  4  6  3  80       
PG06 -26008.773506   5668.987736   -669.117125    -99.558002  4  5  4  45       
PG07 -17401.281531  -9252.639558  18547.001951    -13.792367  4  4  3  94       
PG08   5443.830970 -25725.242259  -1009.363549    455.321382  5  7  4  40       
PG09  -8504.309119 -17497.733887  17960.410287    518.138902  5  5  5  79       
PG10  20461.569188   6226.230161 -15731.031932   -265.581390  4  5  6  67       
PG11 -20820.481732  12143.678038  11129.911880   -752.273367  5  5  3  51       
PG12   5903.712122  22025.889824 -13947.502961   -562.895508  5  3  4  41       
PG13 -13671.237641  21944.525626   5261.375523    692.610068  3  8  6  48       
PG14 -21418.154654  -9359.505045 -12789.925967    574.932284  3  6  4  75       
PG15  -1642.396382  26393.858045  -1920.831603    248.517782  5  5  3  48       
PG16   9717.360114 -11731.622986  21365.119210    -84.442471  5  2  4  42       
PG17 -15196.354142  -1255.053404 -21357.705742    486.319563  3  4  4  58       
PG18  19248.736519   7306.768830  16938.197885   -658.728640  1  5  3  84       
PG19 -17105.162263   8829.497047 -18241.767985    583.017590  3  6  5 111       
PG20 -13917.306714   8349.277486  21088.737414    367.284651  3  5  2  65       
PG21   6661.986146 -16470.701133 -18982.222009    100.225680  6  7  5  60       
PG22 -18595.163410  -2565.197424 -18281.694295    -90.851969  4  6  2  47       
PG23  20513.944168  16687.336677  -3539.596594    398.620497  3  4  2  40       
PG24  -1649.097633  16954.636142 -20766.459138   -466.658631  5  4  5  66       
PG25  17022.377543  20330.071749  -3529.272954    497.139715  3  5  2  37       
PG26  17938.287858  -3471.331120  19216.392135    -37.667547  5  3  4  85       
PG27  12485.032333 -21105.994480   9318.205937    -33.383589  3  5  5  53       
PG28  25865.288886  -5297.548773  -2936.529715   -528.557509  6  6  2  67       
PG29   6923.523026  17823.043334  18337.847425   -549.478376  5  5  5  82       
PG30 -24968.341829   -850.836762   9558.328001   -245.003565  5  4  2  67       
PG31  23937.370702 -10042.345139   6209.253055   -218.447471  3  6  1  68       
PG32  15895.613209  -3840.497063 -20657.962000   -546.373795  5  4  5  79       
*  2025  1  6 17 30  0.00000000
PG01   1045.587469 -15674.310858 -21410.175147 999999.999999  8 17 12           
PG02   2260.938213 -16220.473040 -20357.961214   -274.222445  6  6  6  79       
PG03  -8922.267996 -20787.688209 -14173.571132    640.812985  5  8  6  83       
PG04   -579.380173 -24724.531991   9494.101415    507.845843  5  6  6  52       
PG05  -4954.050306  14692.200732  21382.101213   -198.241477  4  6  3  84       
PG06 -25811.669152   5445.838832  -3559.690902    -99.582640  4  5  4  25       
PG07 -15424.910672  -9933.433346  19894.049971    -13.791668  4  4  3  95       
PG08   5746.610634 -25598.618698   1851.216749    455.328649  4  6  5  30       
PG09  -7921.611257 -19389.805769  16201.057806    518.152681  5  5  6  62       
PG10  21596.471361   7493.762781 -13572.632669   -265.595786  4  4  5  67       
PG11 -21963.453894  12193.729900   8570.103923   -752.272781  5  5  2  41       
PG12   4653.748958  20908.250032 -16025.177132   -562.897439  5  3  3  29       
PG13 -13587.883669  21123.985353   8018.598288    692.611373  3  8  6  62       
PG14 -22187.785157 -10470.476982 -10426.554198    574.938839  3  7  5  69       
PG15  -1972.874907  26370.233533    896.490505    248.521504  5  5  3  62       
PG16  11408.416644  -9845.822137  21518.675822    -84.433751  5  1  4  70       
PG17 -14453.355136  -3686.125243 -21568.711300    486.303531  3  4  4  87       
PG18  17330.144994   7942.777499  18622.167904   -658.727643  1  5  4  91       
PG19 -16505.143143   6753.739639 -19675.447285    583.021708  3  6  5 108       
PG20 -15827.763804   6979.635736  20205.735662    367.284642  3  4  2  58       
PG21   8773.632674 -17091.086554 -17447.037745    100.227012  6  6  5  60       
PG22 -19823.831672  -4248.306310 -16608.766998    -90.853635  4  6  2  72       
PG23  20575.589324  16980.996884   -668.239880    398.627283  3  4  2  48       
PG24  -3778.829854  17681.078630 -19803.537845   -466.655177  5  4  5  47       
PG25  16467.394198  20168.695531  -6272.776075    497.139220  3  5  2  33       
PG26  19521.354333  -2000.798459  17883.491875    -37.681164  5  3  4  83       
PG27  12451.628615 -19814.043176  11825.144681    -33.383209  3  4  5  68       
PG28  25471.246444  -4908.661987  -5735.515794   -528.566394  6  6  3  60       
PG29   6156.985240  19687.501618  16617.680107   -549.475492  4  5  5  77       
PG30 -23882.623763  -1440.888791  11969.370153   -244.996032  5  4  2  24       
PG31  24556.725120  -9954.758903   3459.259051   -218.446470  3  6  1  34       
PG32  15399.725022  -1436.506802 -21340.316890   -546.367791  5  4  5  80       
*  2025  1  6 17 45  0.00000000
PG01   3388.309708 -16253.542295 -20724.651395 999999.999999  8 16 12           
PG02   4459.954898 -17105.383084 -19231.000571   -274.214066  6  6  6  63       
PG03  -7546.366264 -19769.525895 -16286.192231    640.819993  5  8  6  93       
PG04   -156.708596 -25589.753187   6826.325256    507.851153  6  7  6  78       
PG05  -6965.545167  13199.501551  21793.468741   -198.242529  4  5  3  79       
PG06 -25320.632348   5107.669382  -6389.391665    -99.607261  3  5  4  76       
PG07 -13362.754639 -10760.577900  20917.424188    -13.791370  4  4  3  92       
PG08   6008.947403 -25164.982658   4678.973553    455.335896  4  6  5           
PG09  -7471.755868 -21096.036488  14160.367254    518.166451  5  4  6  58       
PG10  22604.236132   8523.980168 -11181.284367   -265.610192  3  3  5  71       
PG11 -22816.886877  12216.920714   5862.513303   -752.272290  5  4  2  49       
PG12   3192.842109  19706.110219 -17832.928468   -562.899439  5  4  4  70       
PG13 -13450.915191  20007.743662  10634.729128    692.612411  3  7  6  48       
PG14 -22805.988781 -11356.837967  -7885.684891    574.945381  4  7  5  74       
PG15  -2300.431868  26043.655491   3698.155660    248.525394  5  5  3  65       
PG16  13187.120140  -8055.115575  21289.626122    -84.425492  5  1  4  81       
PG17 -13836.008518  -6156.473743 -21394.179983    486.288349  4  4  4  85       
PG18  15284.598820   8738.012120  19988.891595   -658.726671  1  5  5  91       
PG19 -15975.076653   4516.298157 -20770.367675    583.026262  3  6  5 104       
PG20 -17704.379829   5769.207362  18976.566532    367.284187  4  4  2  61       
PG21  10677.968397 -17733.316594 -15590.086895    100.228483  6  6  5  59       
PG22 -20989.418119  -5716.164973 -14638.391035    -90.855332  4  6  2  88       
PG23  20401.095216  17066.616617   2214.462635    398.634070  3  5  2  73       
PG24  -5762.707364  18457.924082 -18509.481012   -466.651716  5  4  4  75       
PG25  15674.487927  19843.688335  -8910.999078    497.138720  3  5  3  48       
PG26  21033.332837   -707.748586  16242.478369    -37.694663  5  3  3  89       
PG27  12436.537714 -18249.287477  14120.551784    -33.382857  3  4  5  74       
PG28  24808.013323  -4386.874870  -8435.855005   -528.575287  6  6  4  34       
PG29   5544.123677  21385.356474  14609.232859   -549.472672  4  5  5  69       
PG30 -22583.609490  -2169.576653  14178.826514   -244.988512  4  4  3  48       
PG31  24881.899957  -9803.613331    650.774191   -218.445933  3  6  2  55       
PG32  15019.618778   1044.214899 -21646.890199   -546.361766  5  4  5  61       
*  2025  1  6 18  0  0.00000000
PG01   5605.185969 -16922.191223 -19682.311313 999999.999999  8 16 12           
PG02   6478.373984 -18031.291514 -17756.208123   -274.205955  5  6  6  82       
PG03  -5937.581022 -18697.353785 -18122.994806    640.827052  5  7  6  81       
PG04    173.021314 -26169.784942   4040.062687    507.856469  6  8  7  71       
PG05  -9074.885863  11803.241201  21823.607930   -198.243452  4  5  2  80       
PG06 -24558.765572   4621.601302  -9109.717085    -99.631828  3  5  4  75       
PG07 -11258.456888 -11732.393064  21600.145971    -13.790986  4  4  3 101       
PG08   6267.405521 -24426.808459   7423.709098    455.343196  3  5  5  18       
PG09  -7133.733470 -22578.158368  11873.866627    518.180208  5  4  6  59       
PG10  23442.634450   9323.663990  -8598.765308   -265.624612  2  3  4  71       
PG11 -23375.544767  12174.409257   3053.765277   -752.271718  5  4  1  66       
PG12   1531.158318  18462.283535 -19340.891456   -562.901434  5  4  3  66       
PG13 -13299.972715  18605.609734  13063.421200    692.613733  4  7  6  57       
PG14 -23236.608217 -12029.825335  -5210.746202    574.951933  4  7  5  77       
PG15  -2660.119722  25417.565804   6434.998028    248.529185  5  5  3  63       
PG16  15015.696004  -6393.296274  20683.577719    -84.416788  4  1  5  63       
PG17 -13354.172029  -8615.200845 -20836.691583    486.273019  4  4  4  78       
PG18  13158.968001   9695.727829  21014.610726   -658.725638  1  5  5  79       
PG19 -15541.517708   2157.365484 -21509.083366    583.030242  3  6  5 118       
PG20 -19501.150328   4725.933519  17421.821363    367.284228  3  4  3  53       
PG21  12346.904067 -18357.768062 -13444.360075    100.229699  5  6  5  67       
PG22 -22047.673576  -6960.108916 -12406.195864    -90.857172  3  6  2  84       
PG23  19967.569249  16975.788819   5059.607847    398.640824  3  5  2  84       
PG24  -7571.034277  19252.711872 -16904.258766   -466.648274  5  4  4  40       
PG25  14635.363231  19392.028452 -11400.139571    497.138198  3  4  3  63       
PG26  22432.387529    403.123337  14322.683589    -37.708120  5  3  2  73       
PG27  12473.964133 -16437.414433  16163.175290    -33.382480  2  3  5  74       
PG28  23903.462221  -3705.389210 -10991.128033   -528.584158  5  5  4  66       
PG29   5068.287723  22875.180101  12347.254468   -549.469837  4  5  4  75       
PG30 -21106.975584  -3053.442447  16149.513952   -244.980993  4  4  3  67       
PG31  24920.848012  -9553.205984  -2168.697896   -218.445393  3  5  2  27       
PG32  14767.590333   3552.605422 -21572.812481   -546.355783  5  3  5  73       
*  2025  1  6 18 15  0.00000000
PG01   7657.606438 -17652.521805 -18301.093212 999999.999999  9 16 12           
PG02   8285.488238 -18959.690458 -15960.286466   -274.197834  5  6  6  84       
PG03  -4112.079705 -17614.479679 -19653.052970    640.834086  4  7  6 101       
PG04    444.154033 -26446.832410   1183.637403    507.861776  6  9  7  67       
PG05 -11239.729113  10532.050618  21472.186604   -198.244507  4  5  2  85       
PG06 -23556.599424   3960.188361 -11673.920635    -99.656298  2  5  5  65       
PG07  -9155.340318 -12839.543601  21930.438073    -13.790339  4  4  3 100       
PG08   6557.728993 -23395.678361  10036.672506    455.350382  3  5  6  53       
PG09  -6880.461369 -23804.075935   9381.354097    518.194052  5  4  6  53       
PG10  24073.117110   9907.958795  -5869.773269   -265.639051  2  2  4  63       
PG11 -23643.076484  12028.113319    192.295107   -752.271112  4  4  1  64       
PG12   -313.206517  17218.043211 -20524.220066   -562.903632  6  5  3  70       
PG13 -13173.100344  16936.526636  15261.574218    692.614835  4  6  6  85       
PG14 -23447.763540 -12507.854829  -2447.312338    574.958470  4  7  5  59       
PG15  -3085.481531  24504.094162   9058.429645    248.533222  5  5  3  85       
PG16  16852.113625  -4886.985250  19712.923480    -84.408508  4  1  5  60       
PG17 -13009.320404 -11010.803773 -19905.955044    486.257724  4  4  4  89       
PG18  11001.087942  10810.811723  21681.272037   -658.724615  1  6  5  85       
PG19 -15224.124770   -278.579735 -21880.348439    583.034429  3  6  5 115       
PG20 -21172.478584   3849.633526  15567.728509    367.283945  3  3  3  47       
PG21  13761.091830 -18922.300701 -11048.845635    100.230756  5  6  5  74       
PG22 -22955.577928  -7980.404131  -9952.544280    -90.859154  3  6  3  94       
PG23  19259.777307  16744.780568   7818.954656    398.647630  4  6  3  82       
PG24  -9180.444380  20028.981788 -15013.207600   -466.644833  5  4  3  64       
PG25  13349.560114  18852.647039 -13699.080180    497.137701  3  4  3  51       
PG26  23678.203128   1335.024759  12157.974769    -37.721615  6  3  1  77       
PG27  12593.662805 -14411.934277  17916.429759    -33.382101  2  2  4  76       
PG28  22791.695230  -2843.538605 -13357.424974   -528.593131  5  5  5  68       
PG29   4705.964470  24120.942163   9870.952081   -549.466706  3  5  4  73       
PG30 -19492.214527  -4102.123848  17848.180711   -244.973457  4  4  3  40       
PG31  24689.496249  -9170.569792  -4951.760923   -218.444644  3  5  2  69       
PG32  14647.777281   6038.299081 -21120.052794   -546.349726  4  3  4  62       
*  2025  1  6 18 30  0.00000000
PG01   9513.093086 -18411.329337 -16604.772679 999999.999999  9 16 12           
PG02   9858.919890 -19848.856108 -13875.994450   -274.189700  5  6  6  77       
PG03  -2094.234809 -16561.575325 -20850.572448    640.841115  4  7  6  85       
PG04    693.562807 -26411.813765  -1693.351137    507.867097  7  9  8  69       
PG05 -13413.816191   9407.112087  20745.641564   -198.245541  4  5  1  76       
PG06 -22350.929394   3102.681870 -14037.811959    -99.680871  2  5  5  64       
PG07  -7094.991459 -14065.235060  21901.925673    -13.789662  4  3  3  96       
PG08   6913.196669 -22091.899855  12471.507617    455.357632  3  4  6  46       
PG09  -6680.022854 -24749.004213   6726.181868    518.207827  6  4  7  69       
PG10  24462.285624  10299.539650  -3041.142107   -265.653490  2  2  4  62       
PG11 -23631.775295  11742.360913  -2672.492851   -752.270547  4  5  2  53       
PG12  -2314.737033  16011.613227 -21363.442000   -562.905491  6  5  4  66       
PG13 -13105.077230  15027.994217  17190.168640    692.615877  4  6  6  63       
PG14 -23413.119333 -12815.618980    357.650102    574.965006  5  8  5  83       
PG15  -3606.981428  23323.724046  11521.375309    248.537279  5  5  3  87       
PG16  18651.671214  -3554.805651  18396.487312    -84.400022  3  2  5  62       
PG17 -12794.551220 -13293.073216 -18618.634541    486.242041  4  5  4  77       
PG18   8858.075594  12069.816187  21976.863967   -658.723581  1  6  6  86       
PG19 -15034.951100  -2744.305646 -21879.209825    583.038486  3  6  5 103       
PG20 -22674.832914   3132.161771  13445.738880    367.283631  3  3  3  51       
PG21  14910.592141 -19384.130283  -8447.711517    100.231888  5  6  5  65       
PG22 -23673.088643  -8785.982530  -7321.697381    -90.861355  3  6  3  84       
PG23  18270.852610  16413.017914  10445.706382    398.654410  4  6  4  77       
PG24 -10574.659987  20747.626978 -12866.749184   -466.641398  5  4  3  40       
PG25  11824.596396  18264.887391 -15769.982312    497.137214  3  4  3  77       
PG26  24733.461578   2098.687503   9786.117962    -37.735143  6  3  1  43       
PG27  12819.585587 -12212.983348  19349.128630    -33.381713  2  2  3  79       
PG28  21511.728441  -1787.786186 -15494.097249   -528.602038  5  5  5  75       
PG29   4427.877539  25093.327029   7223.297207   -549.463993  2  6  4  67       
PG30 -17781.224445  -5317.806077  19246.034113   -244.965920  4  5  3  55       
PG31  24211.035805  -8626.869520  -7651.865611   -218.443875  3  5  2  66       
PG32  14656.049067   8451.421058 -20297.334910   -546.343727  3  3  4  62       
*  2025  1  6 18 45  0.00000000
PG01  11146.353897 -19161.245821 -14622.553609 999999.999999  9 16 12           
PG02  11185.307909 -20655.600088 -11541.448194   -274.181354  4  6  6  80       
PG03     84.108533 -15575.145687 -21695.297752    640.848121  4  7  5  93       
PG04    959.001675 -26064.715140  -4540.912862    507.872423  7  9  8  58       
PG05 -15548.636798   8441.459759  19657.040535   -198.246676  4  4  1  73       
PG06 -20983.420428   2036.044604 -16160.521793    -99.705429  2  5  5  66       
PG07  -5115.900777 -15385.676288  21513.785915    -13.789107  4  4  3  95       
PG08   7363.083916 -20543.773928  14685.150158    455.364892  2  3  6  60       
PG09  -6497.100775 -25396.328885   3954.477968    518.221608  6  5  7  75       
PG10  24583.164192  10527.510295   -161.047180   -265.667922  2  2  4  64       
PG11 -23362.012104  11285.457536  -5491.087159   -752.269970  3  5  3  63       
PG12  -4441.278404  14876.789354 -21844.734735   -562.907536  6  6  4  76       
PG13 -13125.887152  12915.148348  18815.021480    692.617150  4  5  5  66       
PG14 -23112.951817 -12982.958168   3156.551332    574.971557  5  7  5  73       
PG15  -4250.534953  21904.622415  13779.214983    248.541406  5  5  3  86       
PG16  20368.675008  -2406.901438  16759.050776    -84.391717  2  2  5  55       
PG17 -12694.957795 -15414.944903 -16998.016903    486.227198  3  6  5  69       
PG18   6774.672852  13451.319694  21895.659034   -658.722590  1  6  6  91       
PG19 -14978.045455  -5191.444332 -21506.995720    583.042630  3  6  5 106       
PG20 -23968.344553   2557.879485  11092.016818    367.283382  3  4  3  56       
PG21  15795.118804 -19701.759585  -5689.326745    100.233228  4  5  5  52       
PG22 -24164.765057  -9393.818405  -4560.906900    -90.863028  3  6  3  72       
PG23  17002.700124  16021.462217  12895.270269    398.661180  4  7  5  67       
PG24 -11745.001133  21368.387440 -10500.013848   -466.637975  5  4  3  57       
PG25  10075.827425  17666.973992 -17578.823925    497.136703  3  3  4  58       
PG26  25565.200230   2711.706737   7248.096203    -37.748650  6  3  1  65       
PG27  13168.785048  -9885.857316  20436.092510    -33.381314  1  2  1  89       
PG28  20106.000991   -532.446067 -17364.452408   -528.610967  4  4  5  72       
PG29   4200.319511  25770.799120   4450.261273   -549.460879  2  6  3  76       
PG30 -16016.820247  -6694.952569  20319.205895   -244.958376  4  5  3  50       
PG31  23514.965512  -7898.638790 -10224.021050   -218.443159  3  4  3  65       
PG32  14780.244306  10744.352149 -19119.921061   -546.337674  2  3  4  80       
*  2025  1  6 19  0  0.00000000
PG01  12540.061199 -19862.220019 -12388.565362 999999.999999  9 15 12           
PG02  12260.606466 -21337.089302  -8999.300891   -274.173270  4  6  6  77       
PG03   2384.642775 -14686.166697 -22172.836315    640.855123  4  6  5  89       
PG04   1277.420907 -25414.600825  -7309.561639    507.877718  7  9  8  52       
PG05 -17595.186301   7639.617963  18225.818007   -198.246805  4  4  1  75       
PG06 -19499.031177    755.671561 -18005.218000    -99.729943  2  5  5  76       
PG07  -3252.202779 -16770.798530  20770.841658    -13.788398  3  4  2  96       
PG08   7931.298247 -18786.545936  16638.651350    455.372121  2  3  5  71       
PG09  -6294.547029 -25738.155508   1114.321665    518.235392  6  6  7  77       
PG10  24416.229829  10626.078289   2721.787894   -265.682347  2  1  3  73       
PG11 -22861.364180  10631.106877  -8214.736643   -752.269355  3  5  3  67       
PG12  -6655.058372  13841.737658 -21960.122364   -562.909210  6  6  4  66       
PG13 -13259.392594  10639.533409  20107.444581    692.618296  4  5  5  70       
PG14 -22534.977474 -13043.547582   5901.952387    574.978100  5  7  5  60       
PG15  -5036.207082  20281.651534  15790.708506    248.545165  5  5  3  84       
PG16  21958.141511  -1444.810299  14830.779501    -84.383514  2  2  5  82       
PG17 -12688.352169 -17334.222774 -15073.529457    486.211800  3  7  5  85       
PG18   4791.679510  14926.605094  21438.355444   -658.721565  2  6  6  88       
PG19 -15049.370474  -7572.132984 -20771.205983    583.047287  2  6  6 112       
PG20 -25018.284137   2104.425116   8546.842724    367.283121  3  5  3  61       
PG21  16423.846246 -19836.868824  -2825.157091    100.234729  4  4  5  49       
PG22 -24401.199225  -9827.979294  -1719.461561    -90.865155  3  6  3  81       
PG23  15466.081172  15610.938004  15125.983976    398.667981  5  7  5  79       
PG24 -12690.618213  21851.433074  -7952.364938   -466.634573  5  4  2  61       
PG25   8126.030994  17094.543476 -19095.879136    497.136200  3  3  4  48       
PG26  26146.003477   3197.628246   4587.395661    -37.762152  6  4  1  84       
PG27  13650.623882  -7479.340177  21158.617739    -33.380857  1  3  1  83       
PG28  18618.766184    919.899830 -18936.380198   -528.619839  4  4  5  91       
PG29   3986.664029  26140.373956   1599.995660   -549.458108  3  6  3  73       
PG30 -14241.218787  -8220.325509  21049.149261   -244.950840  4  5  3  80       
PG31  22635.925887  -6968.815990 -12625.471297   -218.442108  4  4  3  75       
PG32  15000.741353  12873.393002 -17609.271782   -546.331621  2  4  4  60       
*  2025  1  6 19 15  0.00000000
PG01  13685.324704 -20473.114514  -9941.274580 999999.999999  9 15 11           
PG02  13089.985756 -21852.650348  -6295.828439   -274.164970  5  5  6  73       
PG03   4763.850167 -13918.940724 -22274.895702    640.862110  4  6  5  92       
PG04   1683.314288 -24479.277840  -9951.201273    507.883065  7  9  8  75       
PG05 -19505.745158   6997.589467  16477.392252   -198.248427  3  4  1  75       
PG06 -17944.317347   -734.213062 -19539.759610    -99.754456  2  5  5  68       
PG07  -1532.558173 -18185.213655  19683.593865    -13.788126  3  5  2  87       
PG08   8635.247923 -16861.085213  18297.907751    455.379327  2  3  5  48       
PG09  -6035.024330 -25775.527649  -1745.111139    518.249181  7  6  8  87       
PG10  23950.167496  10633.059940   5558.872161   -265.696757  2  3  3  72       
PG11 -22163.473194   9759.627934 -10796.306971   -752.268738  3  6  4  65       
PG12  -8913.915498  12928.011393 -21707.592464   -562.911258  6  7  4  72       
PG13 -13522.270727   8247.618955  21044.788935    692.619404  5  5  5  51       
PG14 -21674.913358 -13033.449471   8547.333495    574.984550  5  7  4  83       
PG15  -5977.140890  18495.097275  17518.875471    248.549643  5  5  3  68       
PG16  23377.453618   -661.684802  12646.569495    -84.374970  2  3  5  31       
PG17 -12746.304269 -19015.098372 -12880.122769    486.196263  3  7  5  92       
PG18   2944.535707  16460.633248  20612.112699   -658.720509  2  6  6  80       
PG19 -15237.035333  -9840.619694 -19685.311873    583.051010  2  6  6 106       
PG20 -25796.358500   1743.755113   5853.935864    367.282873  3  5  3  59       
PG21  16814.788822 -19756.068788     91.423219    100.235895  4  4  5  54       
PG22 -24360.194964 -10118.398977   1152.285776    -90.867031  3  7  3  73       
PG23  13680.374176  15220.473995  17099.799196    398.674743  5  7  6  86       
PG24 -13418.430030  22158.978674  -5266.822708   -466.631194  5  4  2  57       
PG25   6004.733593  16579.286614 -20296.137992    497.135659  3  3  4  37       
PG26  26454.987330   3584.823161   1849.272229    -37.775664  6  4  1  65       
PG27  14266.323197  -5043.903651  21504.794898    -33.380445  2  3  2  83       
PG28  17094.426645   2558.306124 -20182.899550   -528.628740  4  4  4  87       
PG29   3748.996266  26198.064452  -1278.027595   -549.455370  4  7  2  88       
PG30 -12494.551885  -9873.297739  21422.961925   -244.943283  3  5  3  83       
PG31  21612.366483  -5827.544810 -14816.331741   -218.441440  4  3  3  69       
PG32  15291.334166  14800.262275 -15792.593298   -546.325566  2  4  5  64       
*  2025  1  6 19 30  0.00000000
PG01  14581.841726 -20953.357744  -7322.821754 999999.999999 10 14 11           
PG02  13687.346398 -22165.476949  -3479.950657   -274.156859  5  5  6  56       
PG03   7174.452719 -13290.211376 -21999.430613    640.869085  4  6  5  99       
PG04   2207.165488 -23284.628247 -12419.985166    507.888430  7  8  8  61       
PG05 -21235.609098   6503.191041  14442.673524   -198.249241  3  5  2  72       
PG06 -16365.678784  -2420.501198 -20737.276366    -99.778997  2  5  5  77       
PG07     20.782088 -19589.386485  18268.185854    -13.787462  3  5  2  91       
PG08   9484.991343 -14812.351585  19634.280558    455.386568  1  3  3  51       
PG09  -5682.654152 -25518.307318  -4574.415826    518.262955  7  7  8  83       
PG10  23182.327528  10588.272112   8302.706472   -265.711155  2  3  3  76       
PG11 -21306.677336   8658.919339 -13191.110381   -752.268143  3  6  4  51       
PG12 -11172.691290  12149.819901 -21091.132287   -562.913390  6  7  4  48       
PG13 -13923.256915   5789.123010  21610.862103    692.620622  5  6  5  74       
PG14 -20536.748831 -12989.584562  11047.846622    574.991106  5  7  4  85       
PG15  -7078.771159  16589.163423  18931.802487    248.553110  5  5  3  68       
PG16  24587.906570    -42.841549  10245.333480    -84.366720  1  3  4  71       
PG17 -12835.448383 -20429.401511 -10457.537364    486.180702  4  8  5  76       
PG18   1262.109069  18013.278226  19430.477373   -658.719421  3  6  6  89       
PG19 -15521.828379 -11954.777564 -18268.472903    583.055355  3  7  6  95       
PG20 -26281.775667   1443.415867   3059.707783    367.282607  3  5  3  72       
PG21  16993.787118 -19432.428493   3006.357695    100.237059  4  3  5  42       
PG22 -24027.649975 -10299.431655   4003.884470    -90.868951  4  7  3  71       
PG23  11673.018858  14885.718756  18782.912882    398.681566  5  7  6  94       
PG24 -13942.759720  22256.868197  -2489.389536   -466.627815  5  3  3  52       
PG25   3747.301681  16147.746348 -21159.664824    497.135157  4  4  4  54       
PG26  26478.544845   3905.195568   -919.990185    -37.789160  6  4  2  61       
PG27  15008.866253  -2629.856611  21469.672564    -33.380017  3  3  4  88       
PG28  15575.877440   4363.693718 -21082.617561   -528.637642  4  5  4  97       
PG29   3449.795624  25948.985225  -4133.897423   -549.452338  4  7  3  57       
PG30 -10813.460560 -11626.447573  21433.629529   -244.935709  3  5  3  73       
PG31  20485.094019  -4472.713247 -16760.180546   -218.440859  4  3  3  76       
PG32  15620.373311  16493.371543 -13702.286075   -546.319524  3  4  5  70       
*  2025  1  6 19 45  0.00000000
PG01  15237.719492 -21264.586663  -4578.294028 999999.999999  9 14 11           
PG02  14074.477400 -22244.165746   -602.218878   -274.148708  5  4  6  55       
PG03   9567.008696 -12808.570438 -21350.696977    640.876036  4  6  5  97       
PG04   2874.056610 -21863.636183 -14673.132506    507.893752  7  7  8  85       
PG05 -22744.701467   6136.719321  12157.475617   -198.249902  3  5  2  74       
PG06 -14807.617818  -4281.493960 -21576.662105    -99.803486  2  6  5  63       
PG07   1392.694636 -20940.988602  16546.291812    -13.786946  3  5  2  85       
PG08  10482.701561 -12687.715764  20625.091695    455.393854  1  4  2  48       
PG09  -5204.605122 -24984.724575  -7324.823797    518.276724  8  7  8  82       
PG10  22118.873301  10531.870180  10907.512745   -265.725614  2  3  3  75       
PG11 -20332.471392   7325.131699 -15357.692929   -752.267563  4  6  4  63       
PG12 -13384.738646  11513.575003 -20120.683585   -562.915420  6  7  3  65       
PG13 -14462.727334   3315.212873  21796.209728    692.621866  5  6  4  78       
PG14 -19132.718664 -12948.179169  13361.042326    574.997673  5  7  4  79       
PG15  -8338.365061  14610.294568  20003.350824    248.557258  5  5  4  47       
PG16  25556.087217    433.394086   7669.246601    -84.357990  2  3  4  61       
PG17 -12918.996026 -21557.531007  -7849.477091    486.165423  4  8  4  91       
PG18   -234.265138  19540.779567  17913.196932   -658.718403  3  6  5  84       
PG19 -15878.025633 -13877.475532 -16545.178537    583.059550  4  8  6 106       
PG20 -26462.034308   1167.997738    212.458727    367.282529  3  5  4  78       
PG21  16993.158631 -18846.703839   5866.124779    100.239073  4  3  4  40       
PG22 -23398.110826 -10408.254064   6785.722535    -90.871124  4  7  3  47       
PG23   9478.662475  14637.489968  20146.336870    398.688378  5  7  6  91       
PG24 -14284.672957  22116.062864    331.717827   -466.624390  4  3  3  77       
PG25   1393.828587  15820.311756 -21671.893521    497.134690  4  4  4  21       
PG26  26210.829493   4192.772853  -3673.819557    -37.802667  6  4  2  62       
PG27  15863.257167   -285.524766  21055.267182    -33.379568  3  3  4  82       
PG28  14102.920616   6309.396683 -21620.093066   -528.646566  4  5  4  92       
PG29   3053.602698  25407.111823  -6918.150184   -549.449408  5  6  3  71       
PG30  -9229.821703 -13446.418213  21080.184105   -244.928163  3  4  3  65       
PG31  19295.751826  -2910.213519 -18424.600903   -218.440172  4  3  3  82       
PG32  15952.121929  17928.830362 -11375.309752   -546.313450  4  4  5  50       
*  2025  1  6 20  0  0.00000000
PG01  15668.977158 -21372.216025  -1754.946853 999999.999999  9 13 10           
PG02  14279.903950 -22064.016519   2286.199995   -274.140540  5  3  5  51       
PG03  11891.599001 -12474.179702 -20339.211052    640.882997  4  6  5  97       
PG04   3702.495186 -20255.148990 -16671.684975    507.899113  7  7  8  81       
PG05 -23999.004881   5871.916540   9661.844816   -198.251226  3  5  3  59       
PG06 -13311.076684  -6287.534320 -22042.971536    -99.827967  1  6  5  77       
PG07   2575.652114 -22196.393431  14544.921551    -13.786356  3  5  2  85       
PG08  11622.465478 -10535.205908  21253.988379    455.401147  2  4  2  76       
PG09  -4572.559113 -24200.616253  -9949.048010    518.290520  8  7  8  74       
PG10  20774.617591  10502.691768  13329.926486   -265.740080  3  4  3  89       
PG11 -19283.855606   5763.020304 -17258.564389   -752.266947  3  6  5  75       
PG12 -15503.495041  11017.731483 -18812.015417   -562.917296  6  7  3  69       
PG13 -15132.636871    876.659267  21598.256346    692.623006  5  6  4  83       
PG14 -17482.977896 -12943.245369  15447.561305    575.004222  5  7  4  81       
PG15  -9744.916926  12605.400672  20713.739902    248.561168  5  5  4  69       
PG16  26255.039303    794.590034   4962.969292    -84.349780  2  3  4  67       
PG17 -12958.385697 -22389.030404  -5102.714104    486.149657  4  7  4  76       
PG18  -1531.451571  20997.357754  16085.921447   -658.717398  4  6  5  68       
PG19 -16274.442405 -15577.760380 -14544.822348    583.063544  5  8  6 100       
PG20 -26333.404375    880.714156  -2638.468799    367.282070  3  5  4  62       
PG21  16850.087913 -17988.212913   8618.901819    100.240334  3  3  4  74       
PG22 -22474.986088 -10483.186357   9449.912788    -90.872927  4  7  3  72       
PG23   7138.037370  14500.512018  21166.397039    398.695166  5  7  6  95       
PG24 -14471.035856  21713.967638   3146.918929   -466.621019  4  3  4  81       
PG25  -1012.146388  15610.441806 -21823.857690    497.134238  4  4  4  81       
PG26  25653.962990   4482.231312  -6366.084924    -37.816154  6  4  3  68       
PG27  16807.117678   1944.462672  20270.425084    -33.379103  4  3  5  95       
PG28  12710.811693   8362.005928 -21786.098958   -528.655489  4  6  4  78       
PG29   2528.603326  24594.705480  -9582.643744   -549.446550  5  6  4  63       
PG30  -7769.654623 -15295.013905  20367.772584   -244.920712  2  4  3  53       
PG31  18085.282862  -1153.914196 -19781.670094   -218.439279  4  3  4  90       
PG32  16248.268975  19091.147070  -8852.480573   -546.307387  4  5  5  54       
*  2025  1  6 20 15  0.00000000
PG01  15898.747630 -21246.873033   1098.611865 999999.999999 10 13 10           
PG02  14337.484169 -21608.046493   5134.515187   -274.132256  5  3  5  33       
PG03  14099.543086 -12278.819602 -18981.612136    640.889915  4  5  6  92       
PG04   4703.506715 -18502.422537 -18381.189541    507.904463  7  6  8  91       
PG05 -24971.757624   5677.194011   6999.321471   -198.252315  4  5  3  60       
PG06 -11911.919394  -8401.957833 -22127.711386    -99.852484  1  6  6  93       
PG07   3569.917310 -23312.265237  12296.133675    -13.785909  3  5  3  83       
PG08  12890.421963  -8401.754224  21511.172289    455.408453  2  5  3  74       
PG09  -3763.997779 -23198.385776 -12402.094318    518.304317  8  7  8  89       
PG10  19172.556267  10536.664489  15529.646725   -265.754509  3  4  3  82       
PG11 -18203.638617   3985.963310 -18860.857146   -752.266356  4  5  5  54       
PG12 -17484.066298  10652.928769 -17186.514354   -562.919364  6  6  2  64       
PG13 -15916.812452  -1477.979195  21021.304918    692.624117  6  5  4  86       
PG14 -15614.989317 -13005.150459  17271.781281    575.010790  5  6  4  86       
PG15 -11279.406766  10620.062900  21049.986060    248.565535  5  5  4  41       
PG16  26665.177849   1072.906179   2172.863114    -84.341339  2  4  4  78       
PG17 -12914.995445 -22922.790997  -2266.151437    486.134597  4  7  3  64       
PG18  -2624.861584  22336.931572  13979.795273   -658.716405  4  6  5  67       
PG19 -16675.687990 -17031.811542 -12301.215827    583.067874  6  9  5  98       
PG20 -25901.077622    545.042944  -5443.563633    367.281709  3  5  4  15       
PG21  16604.843065 -16855.325563  11215.637212    100.241334  3  3  4  63       
PG22 -21270.418035 -10562.002980  11951.112033    -90.874861  5  7  3  47       
PG23   4696.609030  14492.390291  21825.153602    398.701981  5  6  6  92       
PG24 -14533.323370  21035.533826   5906.188432   -466.617636  4  3  4  77       
PG25  -3425.044896  15524.145951 -21612.353186    497.133785  4  4  4  68       
PG26  24817.963564   4807.410489  -8951.806990    -37.829680  6  4  3  71       
PG27  17811.590161   4020.709908  19130.547118    -33.378676  5  3  5  86       
PG28  11428.993496  10482.477985 -21577.779103   -528.664380  4  6  4  54       
PG29   1848.066344  23541.427658 -12081.402385   -549.443592  5  6  4  75       
PG30  -6452.249346 -17130.496035  19307.630914   -244.913160  2  4  2  51       
PG31  16892.428867    774.655139 -20808.391339   -218.438604  4  3  4  90       
PG32  16469.537338  19973.603958  -6177.717749   -546.301347  5  5  4  84       
*  2025  1  6 20 30  0.00000000
PG01  15956.210872 -20865.641331   3933.260850 999999.999999 10 13 10           
PG02  14284.822916 -20867.683728   7893.255118   -274.124372  5  3  4  48       
PG03  16145.082256 -12206.265087 -17300.428387    640.896868  4  5  5  86       
PG04   5880.028731 -16651.509231 -19772.294798    507.909810  7  5  7  91       
PG05 -25644.370528   5517.061481   4216.150258   -198.252972  4  4  3  61       
PG06 -10639.618391 -10582.326974 -21829.018655    -99.876939  1  6  6  85       
PG07   4383.446113 -24247.188164   9836.650249    -13.785454  3  5  3  69       
PG08  14265.228205  -6331.515523  21393.493696    455.415798  3  4  4  79       
PG09  -2763.260004 -22015.726565 -14642.024737    518.318072  8  7  8  84       
PG10  17343.117552  10665.332815  17470.038209   -265.768942  3  4  3  84       
PG11 -17132.761516   2015.643866 -20136.901820   -752.265750  4  5  5  64       
PG12 -19284.765712  10402.431094 -15270.891819   -562.921341  5  6  2  54       
PG13 -16791.586278  -3704.066720  20076.398587    692.625189  6  5  4  90       
PG14 -13562.644571 -13159.329052  18802.410190    575.017309  5  6  4  87       
PG15 -12915.413945   8696.802407  21006.181256    248.569773  5  5  4  55       
PG16  26774.926636   1303.644238   -653.786917    -84.333017  3  4  4  60       
PG17 -12751.843527 -23166.881992    610.131154    486.119057  4  7  3  77       
PG18  -3518.463060  23514.870778  11630.943187   -658.715432  5  6  5  84       
PG19 -17043.577550 -18223.638359  -9852.048654    583.072062  6  9  5 106       
PG20 -25178.979956    126.363802  -8154.029934    367.281372  3  5  5  66       
PG21  16298.910682 -15455.557417  13610.999922    100.242261  3  4  3  52       
PG22 -19804.827448 -10680.301887  14247.260460    -90.876724  5  7  3  59       
PG23   2203.042538  14622.862485  22110.734642    398.708810  5  6  6  85       
PG24 -14506.222011  20074.082245   8560.023681   -466.614258  4  3  5  69       
PG25  -5798.736555  15559.741048 -21040.029968    497.133277  4  5  4  74       
PG26  23720.399864   5199.868976 -11387.843238    -37.843172  6  4  3  72       
PG27  18842.502522   5910.355893  17657.189908    -33.378210  5  4  5  84       
PG28  10280.065443  12627.467107 -20998.697322   -528.673276  4  6  4  70       
PG29    991.577994  22283.180849 -14371.416823   -549.440736  6  6  4  68       
PG30  -5289.551519 -18909.034323  17916.960155   -244.905635  2  5  2  38       
PG31  15752.317172   2846.897412 -21487.064219   -218.438070  4  3  4  87       
PG32  16577.322453  20578.298747  -3397.254931   -546.295234  5  5  4  80       
*  2025  1  6 20 45  0.00000000
PG01  15875.300874 -20213.065681   6700.213008 999999.999999 10 13 10           
PG02  14161.575559 -19843.120637  10515.141846   -274.115922  5  4  3  67       
PG03  17986.968462 -12232.977416 -15323.746276    640.903766  4  5  5  80       
PG04   7226.629905 -14749.553136 -20821.250467    507.915149  7  4  6  94       
PG05 -26007.031989   5353.703240   1360.455398   -198.253946  4  4  4  71       
PG06  -9516.198695 -12781.902953 -21151.720736    -99.901450  1  6  6  90       
PG07   5031.491932 -24963.276130   7207.367829    -13.784739  3  5  3  85       
PG08  15718.829807  -4364.324356  20904.414694    455.423084  4  4  5  71       
PG09  -1562.330209 -20694.160147 -16630.660309    518.331820  8  6  8  98       
PG10  15323.153891  10914.554765  19118.681277   -265.783409  3  5  3  87       
PG11 -16108.709120   -118.591976 -21064.709171   -752.265067  5  5  5  76       
PG12 -20868.553774  10242.853315 -13096.808743   -562.923377  5  6  1  66       
PG13 -17726.738902  -5762.427664  18781.051887    692.626189  6  5  4  90       
PG14 -11365.149404 -13425.186330  20013.016865    575.023853  5  5  4  93       
PG15 -14620.059310   6873.491121  20583.602612    248.573974  6  6  5  56       
PG16  26581.063715   1523.706158  -3469.532339    -84.324497  4  4  4  46       
PG17 -12435.205533 -23138.024307   3475.823877    486.103532  4  6  2  73       
PG18  -4224.450436  24489.714849   9079.858067   -658.714456  5  5  5  89       
PG19 -17338.650844 -19145.498028  -7238.301818    583.075947  6  9  5  92       
PG20 -24189.251269   -406.474627 -10722.663956    367.281485  4  5  5  68       
PG21  15973.140240 -13805.279894  15764.184760    100.243414  4  4  2  62       
PG22 -18106.158416 -10869.994848  16300.232363    -90.878520  5  7  3  73       
PG23   -292.457470  14893.357668  22017.575697    398.715595  5  6  6  87       
PG24 -14426.082657  18831.801681  11060.437410   -466.610914  4  4  5  82       
PG25  -8088.056953  15707.895838 -20115.409703    497.132781  4  5  4  58       
PG26  22385.784527   5687.532251 -13633.541361    -37.856688  6  4  3  60       
PG27  19861.740823   7588.093452  15877.560335    -33.377781  6  5  5  94       
PG28   9279.027381  14750.830394 -20058.777649   -528.682134  4  6  4  71       
PG29    -53.975434  20860.722800 -16413.384927   -549.437525  6  6  5  77       
PG30  -4285.830090 -20586.261474  16218.702042   -244.898104  1  4  2  66       
PG31  14695.184297   5028.001708 -21805.589150   -218.437189  4  3  4  74       
PG32  16535.297625  20915.857375   -558.832284   -546.289193  5  5  4  86       
*  2025  1  6 21  0  0.00000000
PG01  15693.237141 -19281.877987   9351.856590 999999.999999 10 13 10           
PG02  14007.715485 -18543.324301  12955.881591   -274.107849  5  4  3  81       
PG03  19589.899026 -12329.088865 -13084.785452    640.910708  3  4  5  81       
PG04   8729.564378 -12843.059727 -21510.302037    507.920506  7  5  6  93       
PG05 -26058.981585   5148.637179  -1518.603045   -198.254771  5  4  4  70       
PG06  -8555.482409 -14951.298855 -20107.274395    -99.925904  2  6  6  75       
PG07   5535.915272 -25427.700739   4452.762381    -13.784247  3  4  4  91       
PG08  17217.498093  -2534.349420  20053.848953    455.430430  5  3  6  86       
PG09   -161.328321 -19277.446562 -18334.212783    518.345533  8  7  8  94       
PG10  13154.711424  11303.413303  20447.865030   -265.797914  3  5  3  84       
PG11 -15164.070902  -2380.676833 -21628.349681   -752.264480  5  6  6  94       
PG12 -22204.325932  10145.149555 -10700.418520   -562.925522  5  6  2  59       
PG13 -18686.709319  -7620.650807  17158.861727    692.627342  7  5  4  88       
PG14  -9065.712204 -13815.234636  20882.490776    575.030425  4  5  4  86       
PG15 -16355.232439   5181.976364  19790.650474    248.577856  6  6  5  72       
PG16  26088.770452   1770.018656  -6227.494743    -84.316211  4  4  4  65       
PG17 -11936.082779 -22860.739413   6281.304309    486.087948  3  6  2  66       
PG18  -4762.585889  25224.788780   6370.699784   -658.713437  6  5  4  83       
PG19 -17521.744550 -19798.021594  -4503.619689    583.079895  6  8  5  91       
PG20 -22961.412153  -1079.722337 -13104.705831    367.281002  4  5  5  78       
PG21  15665.982278 -11929.076365  17639.561183    100.244900  5  3  2  70       
PG22 -16208.860366 -11157.973699  18076.392869    -90.880359  5  7  3  76       
PG23  -2739.872767  15296.882806  21546.559089    398.722383  5  5  6  81       
PG24 -14329.288874  17319.890858  13361.948514   -466.607555  4  4  5  86       
PG25 -10250.305572  15951.965477 -18852.825175    497.132332  4  5  4  62       
PG26  20844.729583   6293.479559 -15651.355361    -37.870179  6  3  3  73       
PG27  20828.768843   9036.873481  13823.921326    -33.377324  6  5  5  95       
PG28   8432.826516  16805.248960 -18774.136744   -528.691062  4  6  4  57       
PG29  -1293.714707  19318.109756 -18172.380390   -549.434125  6  6  5  69       
PG30  -3437.644110 -22118.874379  14241.212943   -244.890552  2  4  3  81       
PG31  13745.281659   7278.030486 -21757.700990   -218.436342  4  3  4  62       
PG32  16310.925404  21004.835294   2289.116392   -546.283173  6  6  3  95       
*  2025  1  6 21 15  0.00000000
PG01  15448.938386 -18073.416174  11842.575247 999999.999999 11 13 10           
PG02  13861.836443 -16985.714750  15174.860869   -274.099577  5  4  2  58       
PG03  20925.742266 -12459.646115 -10621.382327    640.917593  3  4  5  80       
PG04  10367.158003 -10976.208131 -21827.974886    507.925828  7  5  5  85       
PG05 -25808.445986   4864.391002  -4371.676264   -198.256204  6  4  5  77       
PG06  -7762.664634 -17040.250063 -18713.583050    -99.950412  3  6  6  72       
PG07   5924.214306 -25614.072971   1620.189242    -13.783682  4  4  4  79       
PG08  18723.088242   -868.993747  18857.887937    455.437721  6  3  6  79       
PG09   1431.316022 -17809.928741 -19723.836060    518.359253  8  7  8  87       
PG10  10883.618946  11843.380405  21435.019482   -265.812394  3  5  3  86       
PG11 -14325.307840  -4729.026487 -21818.224364   -752.263855  6  6  6  81       
PG12 -23267.999775  10075.832100  -8121.830317   -562.927565  5  6  2  74       
PG13 -19632.018939  -9254.112179  15239.011151    692.628606  7  5  5  77       
PG14  -6710.082382 -14334.497552  21395.422799    575.036970  4  4  4  88       
PG15 -18079.046685   3646.979777  18642.619455    248.582184  6  5  5  75       
PG16  25311.389539   2077.980174  -8882.065966    -84.307769  5  4  4  72       
PG17 -11231.465833 -22366.217040   8978.506876    486.072990  3  5  2  80       
PG18  -5159.236343  25689.650030   3550.517521   -658.712409  6  5  4  66       
PG19 -17555.563437 -20190.044620  -1693.646936    583.084226  6  8  5  84       
PG20 -21531.249915  -1913.489214 -15258.648852    367.281066  4  6  5  83       
PG21  15411.893654  -9858.789482  19207.162316    100.246329  5  3  2  71       
PG22 -14152.652512 -11564.998065  19547.058533    -90.882480  5  7  3  83       
PG23  -5091.099410  15818.244569  20705.047737    398.729184  5  5  5  64       
PG24 -14250.612957  15558.328428  15422.541629   -466.604178  4  4  5  83       
PG25 -12246.671837  16268.609267 -17272.277360    497.131836  5  6  4  56       
PG26  19132.893317   7034.912042 -17407.418945    -37.883728  6  3  3  69       
PG27  21702.230238  10248.275908  11532.927619    -33.376899  6  6  5  92       
PG28   7740.224427  18743.903693 -17166.811068   -528.699982  4  6  3  78       
PG29  -2724.390596  17701.030541 -19618.438482   -549.431288  6  6  5  70       
PG30  -2734.113953 -23466.221604  12017.836968   -244.883005  2  4  3  66       
PG31  12920.003636   9553.205881 -21343.126531   -218.435769  5  3  4  60       
PG32  15876.819498  20870.835474   5098.268343   -546.277134  6  6  2  85       
*  2025  1  6 21 30  0.00000000
PG01  15181.380547 -16597.719347  14129.532722 999999.999999 11 14 10           
PG02  13759.555194 -15195.535031  17135.742275   -274.091335  5  4  2  58       
PG03  21974.505648 -12586.067706  -7975.387365    640.924566  3  3  4  85       
PG04  12110.509994  -9189.271214 -21769.244640    507.931123  7  6  4  92       
PG05 -25272.243881   4466.130442  -7150.062625   -198.256733  6  5  5  59       
PG06  -7134.238621 -18999.432613 -16994.694370    -99.974894  4  6  6  82       
PG07   6228.305279 -25503.615775  -1240.916306    -13.783179  4  4  4  81       
PG08  20194.464562    611.922439  17338.425422    455.445063  6  3  6  74       
PG09   3199.010297 -16334.874245 -20776.090055    518.372951  8  7  7  90       
PG10   8557.944005  12537.763859  22063.082242   -265.826887  4  5  3  81       
PG11 -13611.773048  -7117.960463 -21631.222469   -752.263261  6  6  5  89       
PG12 -24043.358728   9998.378889  -5404.496204   -562.929475  5  7  2  54       
PG13 -20520.848664 -10646.681000  13055.680611    692.629673  7  5  5  82       
PG14  -4344.991161 -14980.206361  21542.399493    575.043557  4  4  3  88       
PG15 -19747.454165   2285.316429  17161.313354    248.586236  6  5  6  77       
PG16  24269.906431   2479.983470 -11389.569992    -84.299194  6  5  3  54       
PG17 -10305.347986 -21690.955192  11521.729226    486.057607  3  5  2  84       
PG18  -5446.143939  25861.306816    668.410080   -658.711384  6  4  4  53       
PG19 -17406.195681 -20338.148527   1144.663809    583.088090  5  7  5  95       
PG20 -19939.468060  -2920.751265 -17146.989518    367.280634  4  6  5  72       
PG21  15239.969331  -7632.315254  20443.018521    100.247386  6  3  3  73       
PG22 -11981.121669 -12104.839673  20688.862263    -90.884056  4  7  3  83       
PG23  -7301.612364  16434.601610  19506.809621    398.735993  5  5  5  74       
PG24 -14221.634859  13575.273515  17204.565471   -466.600874  3  5  5  93       
PG25 -14043.538248  16628.675236 -15399.206209    497.131370  5  6  4  53       
PG26  17289.754737   7922.338440 -18872.071007    -37.897252  6  3  3  49       
PG27  22441.568482  11222.543267   9044.909848    -33.376436  7  6  4  84       
PG28   7191.988875  20522.141898 -15264.383095   -528.708865  4  6  3  88       
PG29  -4334.336138  16055.096766 -20727.049969   -549.428328  6  7  5  81       
PG30  -2157.490655 -24591.815637   9586.381112   -244.875472  3  3  4  67       
PG31  12229.271766  11807.353300 -20567.660348   -218.435042  5  3  4  58       
PG32  15211.908666  20545.380807   7821.196593   -546.271085  6  6  1 100       
*  2025  1  6 21 45  0.00000000
PG01  14927.963311 -14873.295224  16173.408629 999999.999999 12 14 10           
PG02  13732.072056 -13204.947335  18806.957921   -274.083239  6  4  2  78       
PG03  22725.006735 -12667.761825  -5191.983014    640.931531  3  3  4  79       
PG04  13924.481228  -7517.203894 -21335.592834    507.936440  6  6  4  92       
PG05 -24475.079024   3923.177437  -9806.518918   -198.257830  6  5  5  60       
PG06  -6658.273833 -20782.257601 -14980.382843    -99.999391  5  6  6  70       
PG07   6483.094553 -25086.069387  -4079.927147    -13.782889  4  4  4  70       
PG08  21589.034475   1896.671770  15522.693329    455.452363  7  3  6  82       
PG09   5117.460121 -14892.877026 -21473.311317    518.386712  7  7  7 103       
PG10   6226.368350  13381.458043  22320.795046   -265.841444  4  5  4  87       
PG11 -13035.023768  -9499.283453 -21070.763986   -752.262617  6  6  5  85       
PG12 -24522.616853   9874.779758  -2594.527325   -562.931357  5  7  2  64       
PG13 -21310.703689 -11791.087241  10647.382779    692.630800  8  6  5  94       
PG14  -2016.551581 -15741.803403  21320.204075    575.050121  3  4  3  96       
PG15 -21315.946443   1105.463178  15374.520346    248.590507  6  5  6  81       
PG16  22992.176738   3004.062847 -13708.883017    -84.290877  6  5  3  44       
PG17  -9149.455617 -20875.232465  13868.364005    486.042031  2  4  2  91       
PG18  -5658.979145  25725.156806  -2225.359246   -658.710414  6  3  4  55       
PG19 -17044.519141 -20265.927898   3963.767429    583.092175  4  7  5  71       
PG20 -18230.153272  -4106.643073 -18736.902946    367.280549  4  6  5  78       
PG21  15172.844748  -5292.205778  21329.345884    100.247902  7  3  3  77       
PG22  -9740.207704 -12783.707685  21484.025053    -90.886117  4  7  3  85       
PG23  -9332.002911  17116.329710  17971.830632    398.742773  5  5  5  67       
PG24 -14269.298021  11406.118111  18675.540835   -466.597505  3  5  5  94       
PG25 -15613.611877  16998.325439 -13264.171707    497.130903  5  6  4  43       
PG26  15357.257344   8959.007813 -20020.327870    -37.910730  6  2  3  73       
PG27  23008.601909  11968.286078   6403.124320    -33.375939  7  6  4  91       
PG28   6771.402673  22099.071339 -13099.512496   -528.717778  4  6  3  82       
PG29  -6103.748678  14424.155400 -21479.556351   -549.425111  6  7  4  74       
PG30  -1684.005031 -25464.709621   6988.497796   -244.867920  3  3  4  82       
PG31  11675.201134  13993.454151 -19443.153433   -218.434217  5  3  4  59       
PG32  14302.362352  20064.586326  10412.124469   -546.265094  6  5  1  82       
*  2025  1  6 22  0  0.00000000
PG01  14722.948862 -12926.568487  17939.072732 999999.999999 13 14 11           
PG02  13804.937528 -11051.897577  20162.101817   -274.074949  6  3  3  75       
PG03  23175.217778 -12663.843381  -2318.931240    640.938494  4  3  4 102       
PG04  15768.929493  -5988.452685 -20534.949080    507.941806  6  6  3  96       
PG05 -23448.551701   3210.361549 -12296.034846   -198.258715  7  5  6 101       
PG06  -6315.036138 -22346.570280 -12705.624588   -100.023908  5  5  6  73       
PG07   6724.896446 -24360.279321  -6845.985003    -13.782194  5  4  5 107       
PG08  22864.330640   2981.810969  13442.722400    455.459643  7  3  6  65       
PG09   7155.425972 -13520.378905 -21803.886330    518.400414  7  8  6  91       
PG10   3936.538072  14361.010408  22202.925137   -265.855960  4  5  4  84       
PG11 -12598.450630 -11823.966256 -20146.726989   -752.261988  7  6  5 102       
PG12 -24706.678517   9667.164890    260.053677   -562.933549  5  7  2  87       
PG13 -21960.098930 -12688.943481   8056.237381    692.632291  8  6  4  71       
PG14    231.323053 -16601.255653  20731.918146    575.056648  3  4  3  57       
PG15 -22741.264590    107.487561  13315.369168    248.594358  7  5  6  79       
PG16  21511.929071   3672.709690 -15802.009165    -84.282435  6  5  3  58       
PG17  -7763.674988 -19961.476216  15979.548074    486.026685  2  4  2  65       
PG18  -5835.735291  25275.606505  -5080.275069   -658.709442  6  2  5 102       
PG19 -16447.448399 -20003.007919   6716.258425    583.096056  4  6  5  93       
PG20 -16449.121488  -5468.065882 -20000.829945    367.280295  5  6  5  73       
PG21  15225.897300  -2884.144933  21854.604217    100.249319  7  3  3  64       
PG22  -7476.632368 -13599.968652  21920.538320    -90.887834  4  7  3  90       
PG23 -11149.328614  17828.169688  16126.015495    398.749534  5  4  4  77       
PG24 -14414.670474   9092.230772  19808.851785   -466.594095  2  5  5  36       
PG25 -16936.839533  17340.366406 -10902.442851    497.130407  5  6  3  32       
PG26  13378.368328  10140.610996 -20832.296787    -37.924247  6  2  3 104       
PG27  23368.995885  12501.881231   3652.984385    -33.375375  7  6  4  98       
PG28   6455.069690  23439.020779 -10709.379859   -528.726685  5  6  3 108       
PG29  -8005.289450  12848.688238 -21863.441563   -549.422147  6  7  4 106       
PG30  -1284.966486 -26060.681895   4268.982782   -244.860380  4  3  5  64       
PG31  11252.066044  16065.254319 -17987.409307   -218.433507  5  2  4  72       
PG32  13142.247162  19467.682503  12827.641040   -546.259081  5  5  1  96       
*  2025  1  6 22 15  0.00000000
PG01  14596.033614 -10791.030983  19396.186338 999999.999999 14 15 11           
PG02  13997.062892  -8778.796555  21180.224975   -274.066890  7  3  3  76       
PG03  23332.266784 -12534.884004    594.238243    640.945494  4  3  4  80       
PG04  17600.142853  -4624.030259 -19381.522986    507.947120  5  6  4 103       
PG05 -22229.928726   2309.155131 -14576.560021   -198.259321  7  6  6  59       
PG06  -6077.925206 -23656.186001 -10209.974222   -100.048440  6  6  6  99       
PG07   6989.761674 -23334.428824  -9489.012099    -13.781541  5  4  5  81       
PG08  23979.580986   3872.053893  11134.741295    455.466919  8  4  6  76       
PG09   9275.746391 -12248.365372 -21762.424976    518.414140  6  8  6 110       
PG10   1733.445536  15455.005291  21710.406281   -265.870453  4  5  5  95       
PG11 -12297.237395 -14043.861231 -18875.262044   -752.261365  7  6  5  90       
PG12 -24605.077373   9339.453808   3110.114506   -562.935498  5  7  2  62       
PG13 -22430.199135 -13350.427605   5327.202472    692.633295  8  6  4  85       
PG14   2358.422761 -17533.670250  19786.919373    575.063220  2  4  4  91       
PG15 -23983.044424   -716.669061  11021.590007    248.598476  7  5  6  67       
PG16  19867.578775   4501.893917 -17634.609995    -84.273884  7  5  3  71       
PG17  -6156.167389 -18992.590906  17820.724415    486.011256  2  4  2  86       
PG18  -6015.030400  24516.344838  -7846.490398   -658.708493  6  2  5  58       
PG19 -15598.976857 -19583.844681   9355.612507    583.100420  4  5  5  91       
PG20 -14642.209507  -6993.627616 -20916.964225    367.279793  5  6  5  94       
PG21  15406.760773   -455.360489  22013.441600    100.250774  7  3  4  43       
PG22  -5236.326727 -14544.164427  21992.261508    -90.889772  4  7  3  81       
PG23 -12728.221784  18530.616187  14000.778630    398.756285  5  4  4  70       
PG24 -14671.969975   6679.447233  20584.297773   -466.590686  1  5  4  89       
PG25 -18001.067785  17615.740110  -8353.493709    497.129893  5  5  3  17       
PG26  11395.602545  11455.264058 -21293.524908    -37.937876  6  2  3  58       
PG27  23493.580123  12846.594578    841.287321    -33.374866  8  6  3  60       
PG28   6213.986549  24512.811050  -8135.052006   -528.735619  5  6  3  85       
PG29 -10004.976420  11364.358672 -21872.517264   -549.419083  7  7  4  63       
PG30   -928.070420 -26363.178065   1474.999228   -244.852900  4  3  5  69       
PG31  10946.572078  17978.871208 -16223.982913   -218.432844  6  2  4  63       
PG32  11733.893221  18795.444891  15027.369909   -546.253088  5  5  1  88       
*  2025  1  6 22 30  0.00000000
PG01  14571.108433  -8506.126125  20519.720724 999999.999999 14 15 11           
PG02  14320.002082  -6431.069336  21846.038706   -274.058767  7  3  3  87       
PG03  23212.091139 -12244.625881   3497.085900    640.952506  4  3  4  69       
PG04  19372.415147  -3436.888079 -17895.530792    507.952455  5  6  4  92       
PG05 -20860.720095   1208.551480 -16609.674160   -198.260644  7  6  6  63       
PG06  -5914.691092 -24682.201617  -7536.855860   -100.072969  6  6  6  98       
PG07   7311.789254 -22025.892625 -11960.747343    -13.781290  6  5  5  70       
PG08  24897.208841   4579.838662   8638.527196    455.474153  8  4  5  38       
PG09  11436.588875 -11101.283364 -21349.832952    518.427880  6  7  6 108       
PG10   -342.099713  16634.756188  20850.394040   -265.884966  4  5  5  89       
PG11 -12118.651383 -16113.386199 -17278.497852   -752.260692  7  6  5  77       
PG12 -24235.590966   8858.960419   5906.257550   -562.937374  6  7  2  70       
PG13 -22686.351452 -13793.645687   2507.278027    692.634457  9  6  5  86       
PG14   4329.608864 -18508.192017  18500.771715    575.069787  2  4  3  80       
PG15 -25005.328655  -1382.576643   8534.705228    248.602276  7  4  5  41       
PG16  18100.892827   5500.322256 -19176.486229    -84.265290  7  5  3  81       
PG17  -4343.176265 -18010.309213  19362.114772    485.995829  3  4  2  84       
PG18  -6234.386378  23460.258906 -10475.735558   -658.707487  6  2  5  65       
PG19 -14490.974086 -19046.348757  11836.929742    583.104312  4  5  5  99       
PG20 -12853.580571  -8663.917379 -21469.630564    367.279690  5  7  5  95       
PG21  15715.153341   1946.967364  21806.543374    100.251839  7  4  4  65       
PG22  -3062.910385 -15599.321569  21698.939857    -90.891660  4  6  3  68       
PG23 -14051.710953  19181.495030  11632.529219    398.763044  5  4  4  62       
PG24 -15047.898604   4216.376733  20988.489996   -466.587288  1  5  4 104       
PG25 -18802.416750  17785.122754  -5660.407877    497.129367  5  5  3  23       
PG26   9449.562492  12883.778006 -21395.277625    -37.951406  6  2  4  60       
PG27  23359.467060  13031.467481  -1984.551313    -33.374401  8  6  3  57       
PG28   6014.838284  25298.787798  -5420.779427   -528.744540  5  6  3  77       
PG29 -12063.335230  10000.759847 -21507.000640   -549.416203  7  7  4  79       
PG30   -578.863349 -26363.968973  -1344.758633   -244.845375  4  3  5  29       
PG31  10738.430706  19694.340061 -14181.878691   -218.432107  6  2  4  63       
PG32  10087.959751  18088.587395  16974.584922   -546.247090  5  5  1  79       
*  2025  1  6 22 45  0.00000000
PG01  14665.255403  -6115.910006  21290.384065 999999.999999 15 15 11           
PG02  14777.521623  -4055.626121  22150.032540   -274.050627  6  3  3  82       
PG03  22838.753666 -11761.590293   6339.151370    640.959498  5  3  4  80       
PG04  21039.702822  -2431.608328 -16102.823299    507.957772  5  6  4 107       
PG05 -19385.116520    -94.344803 -18361.192527   -198.261736  7  5  6  85       
PG06  -5788.880354 -25404.030064  -4732.782419   -100.097482  6  6  6  67       
PG07   7721.499222 -20460.706559 -14215.776640    -13.780652  6  6  5 108       
PG08  25584.209758   5124.611583   5996.720282    455.481432  8  4  5  48       
PG09  13592.881600 -10096.220166 -20573.283318    518.441563  5  7  5 100       
PG10  -2254.855470  17865.286908  19636.230023   -265.899512  4  5  5  96       
PG11 -12042.651796 -17991.112257 -15384.144247   -752.260095  7  6  5  84       
PG12 -23623.540001   8197.889110   8599.692576   -562.939272  6  7  2  64       
PG13 -22699.454159 -14043.705937   -355.303298    692.635484  9  5  5  60       
PG14   6115.992798 -19489.151728  16895.006474    575.076382  2  4  3  65       
PG15 -25777.886649  -1912.406475   5899.175170    248.606510  7  4  5  81       
PG16  16255.549994   6668.956994 -20402.010007    -84.256645  8  5  3  69       
PG17  -2348.540683 -17053.624746  20579.103265    485.980537  3  5  2  67       
PG18  -6528.556676  22128.995040 -12922.196172   -658.706537  6  2  5  98       
PG19 -13123.705998 -18430.379283  14117.670308    583.108720  4  5  4  99       
PG20 -11124.111396 -10452.103188 -21649.547395    367.279519  6  7  5  88       
PG21  16143.008492   4277.246265  21240.403085    100.252782  6  4  3  80       
PG22   -996.272371 -16741.536898  21046.147188    -90.893509  4  6  3  87       
PG23 -15111.720546  19737.668235   9062.057306    398.769865  5  4  3  92       
PG24 -15541.316384   1752.601872  21015.081714   -466.583845  1  5  4  83       
PG25 -19345.346070  17810.572018  -2869.195283    497.128842  5  5  2  70       
PG26   7577.545971  14400.209501 -21134.739960    -37.964906  7  2  4 100       
PG27  22950.936071  13090.013548  -4777.245799    -33.373987  8  6  4  90       
PG28   5821.467423  25783.576060  -2613.237621   -528.753440  5  6  3 100       
PG29 -14136.763683   8780.410076 -20773.485360   -549.413237  7  6  4 107       
PG30   -202.307102 -26063.493960  -4140.946205   -244.837843  5  4  5  69       
PG31  10601.221161  21177.040169 -11895.145855   -218.431574  6  2  4  93       
PG32   8223.199437  17386.176724  18636.767280   -546.241076  4  6  1  88       
*  2025  1  6 23  0  0.00000000
PG01  14888.020005  -3667.540167  21694.949873 999999.999999 15 15 11           
PG02  15365.465444  -1699.307652  22088.513498   -274.042275  6  4  3  80       
PG03  22243.444888 -11060.514588   9070.856810    640.966513  5  3  5  79       
PG04  22557.299789  -1604.424025 -14034.422983    507.963072  5  6  3  60       
PG05 -17848.346206  -1594.035399 -19801.699951   -198.262450  7  5  6  93       
PG06  -5661.452652 -25810.117219  -1846.518987   -100.122037  6  6  6  75       
PG07   8244.343833 -18672.667046 -16212.524472    -13.780277  6  6  5  87       
PG08  26013.357757   5531.859871   3254.113529    455.488773  8  4  4  32       
PG09  15697.872827  -9242.372788 -19446.088471    518.455285  4  7  5 101       
PG10  -3976.334611  19106.571440  18087.310217   -265.914004  4  5  5  92       
PG11 -12042.790788 -19641.194995 -13225.000354   -752.259454  7  6  5  87       
PG12 -22800.794351   7334.659173  11143.121503   -562.941219  6  7  2  66       
PG13 -22447.113000 -14131.544316  -3211.884589    692.636410  9  5  5  72       
PG14   7695.878551 -20437.423427  14996.794437    575.082922  2  4  4  89       
PG15 -26277.293805  -2333.773923   3161.523063    248.610611  7  4  5  93       
PG16  14375.643131   8000.811365 -21290.505625    -84.248052  8  5  3  59       
PG17   -202.938839 -16157.359739  21452.532903    485.965164  3  5  2  83       
PG18  -6927.971461  20552.183186 -15143.341586   -658.705504  6  3  5  55       
PG19 -11506.053989 -17776.161432  16158.372930    583.112813  4  5  4 108       
PG20  -9489.924300 -12324.828534 -21453.969939    367.279156  6  7  5  94       
PG21  16674.889003   6492.912317  20327.031427    100.254207  6  4  4  70       
PG22    928.700940 -17940.815774  20045.158072    -90.895399  5  6  4 107       
PG23 -15909.226391  20156.799442   6333.830389    398.776649  5  5  3 100       
PG24 -16143.266062   -663.145754  20664.829114   -466.580414  1  6  4  77       
PG25 -19642.402688  17657.158596    -28.028336    497.128288  5  5  3  69       
PG26   5812.272013  15972.677692 -20515.134566    -37.978389  7  3  4   8       
PG27  22260.057296  13058.776099  -7490.362871    -33.373591  8  6  4  97       
PG28   5596.459139  25962.527465    239.274773   -528.762308  5  6  3 108       
PG29 -16179.057640   7718.031629 -19684.807884   -549.410083  8  6  4 108       
PG30    235.622067 -25470.871532  -6864.475486   -244.830375  5  4  6  37       
PG31  10503.512582  22398.943738  -9402.371012   -218.430991  6  2  4 104       
PG32   6165.931169  16724.124064  19986.099306   -546.235117  4  6  2  90       
*  2025  1  6 23 15  0.00000000
PG01  15240.986860  -1209.649510  21726.481665 999999.999999 15 14 11           
PG02  16071.911995    592.643310  21663.573233   -274.034160  6  4  4  75       
PG03  21463.208595 -10123.557144  11644.406573    640.973534  6  3  5  80       
PG04  23883.466947   -943.563707 -11725.979322    507.968347  6  6  3  56       
PG05 -16295.011219  -3276.662776 -20907.007849   -198.263825  7  5  5  89       
PG06  -5492.501862 -25898.313223   1071.792730   -100.146579  6  6  6  32       
PG07   8899.430485 -16702.094164 -17914.173288    -13.779759  7  7  5  99       
PG08  26164.200588   5831.932565    456.928077    455.496103  8  4  4  24       
PG09  17704.760331  -8540.826474 -17987.474997    518.469005  4  7  5 108       
PG10  -5485.749210  20314.992154  16228.853271   -265.928502  4  5  6  98       
PG11 -12087.370892 -21034.594928 -10838.377272   -752.258869  7  6  5  80       
PG12 -21804.520671   6254.999936  13491.617122   -562.943207  6  7  3  81       
PG13 -21914.545692 -14092.550203  -6014.180082    692.637667  9  5  5  78       
PG14   9055.429855 -21311.939914  12838.511571    575.089498  3  4  4  78       
PG15 -26487.735184  -2678.389835    369.460920    248.614655  7  4  5  79       
PG16  12504.172228   9481.029738 -21826.576070    -84.239749  9  5  4  76       
PG17   2057.106714 -15350.914393  21968.918008    485.950152  4  5  3  86       
PG18  -7457.364068  18766.356822 -17100.686652   -658.704472  6  3  5  77       
PG19  -9655.419045 -17122.684259  17923.344888    583.117054  4  5  3 108       
PG20  -7981.121629 -14243.371332 -20886.712695    367.279197  6  7  6  76       
PG21  17288.656877   8555.729640  19083.617241    100.255330  6  4  4  79       
PG22   2683.210839 -19162.132638  18712.753203    -90.897363  5  6  4  57       
PG23 -16454.058492  20399.108876   3495.212553    398.783483  5  5  4  69       
PG24 -16837.343396  -2984.752234  19945.486114   -466.576982  2  6  4 107       
PG25 -19713.652493  17294.515430   2813.592122    497.127785  5  5  3  61       
PG26   4180.772875  17564.422616 -19545.750074    -37.991824  7  3  4  66       
PG27  21287.038245  12975.799578 -10079.012485    -33.373291  8  6  4  53       
PG28   5302.780454  25839.842630   3087.667248   -528.771270  5  6  3  87       
PG29 -18143.040591   6820.138094 -18259.812698   -549.406952  8  6  5  86       
PG30    766.366272 -24603.573539  -9467.428500   -244.822849  5  5  6  66       
PG31  10410.208029  23339.634718  -6746.070930   -218.430104  5  2  5  77       
PG32   3949.240255  16133.806898  20999.890590   -546.229148  4  6  3  87       
*  2025  1  6 23 30  0.00000000
PG01  15717.675479   1209.332888  21384.450282 999999.999999 15 14 11           
PG02  16877.612568   2778.035655  20882.988898   -274.026108  6  4  4  69       
PG03  20539.439904  -8941.218488  14014.664457    640.980493  6  4  5 107       
PG04  24980.955221   -429.904972  -9217.152298    507.973667  7  6  2  82       
PG05 -14767.463894  -5120.359458 -21658.529701   -198.264315  8  5  5  83       
PG06  -5243.011676 -25675.884731   3971.531177   -100.171144  6  6  6  75       
PG07   9698.520578 -14594.310721 -19289.478607    -13.779178  7  7  6 103       
PG08  26023.811763   6058.695191  -2347.916636    455.503379  8  4  3  29       
PG09  19568.330821  -7984.649689 -16222.264929    518.482745  4  7  6 109       
PG10  -6770.671369  21444.966549  14091.565843   -265.943059  4  4  6  82       
PG11 -12140.812615 -22150.041394  -8265.445994   -752.258258  7  6  6  79       
PG12 -20675.718332   4952.766866  15603.476288   -562.945642  6  7  3  97       
PG13 -21095.205216 -13965.046250  -8715.046819    692.638934  9  4  6  58       
PG14  10189.033586 -22071.308173  10457.203225    575.096051  3  4  4  64       
PG15 -26401.511257  -2980.581393  -2428.964607    248.618624  8  4  5  64       
PG16  10681.577567  11087.252685 -22000.371833    -84.230997  9  5  4  73       
PG17   4390.423940 -14657.236951  22120.576123    485.934383  4  5  3  74       
PG18  -8134.634577  16813.613092 -18760.471659   -658.703444  6  4  5  39       
PG19  -7597.307595 -16506.138407  19381.311528    583.121166  4  5  3 106       
PG20  -6620.770926 -16165.018515 -19958.052699    367.278768  7  7  6  73       
PG21  17956.366773  10432.914550  17532.152128    100.256517  6  4  4  84       
PG22   4245.410338 -20366.677206  17070.961043    -90.898932  5  6  5  53       
PG23 -16764.356947  20429.046360    595.620591    398.790293  6  5  4  73       
PG24 -17600.390506  -5170.353470  18871.542690   -466.573520  3  6  4  84       
PG25 -19585.811242  16698.238475   5605.727125    497.127319  5  4  3  49       
PG26   2703.495476  19135.071207 -18241.873951    -38.005328  7  3  5  51       
PG27  20040.285760  12879.069155 -12500.501841    -33.372968  8  6  5  43       
PG28   4905.409240  25428.363882   5882.903703   -528.780158  5  7  3  87       
PG29 -19982.235729   6084.943859 -16523.021356   -549.404205  8  6  5  70       
PG30   1417.317118 -23486.773563 -11903.956460   -244.815327  5  6  6  77       
PG31  10284.061336  23987.051993  -3971.991336   -218.429536  5  1  5 101       
PG32   1611.934013  15640.869290  21660.932628   -546.223169  4  5  3  91       
*  2025  1  6 23 45  0.00000000
PG01  16303.760092   3542.850345  20674.742036 999999.999999 15 14 11           
PG02  17756.691983   4819.063620  19760.062681   -274.017870  6  4  5  65       
PG03  19516.215217  -7512.937798  16139.989524    640.987514  6  4  6  63       
PG04  25818.365486    -37.909746  -6550.934768    507.978973  8  6  2  90       
PG05 -13304.281714  -7095.898950 -22043.571268   -198.265540  8  5  5  97       
PG06  -4876.574661 -25159.169272   6802.494982   -100.195699  6  6  6 106       
PG07  10645.355128 -12397.905865 -20313.451257    -13.778669  7  8  6  88       
PG08  25587.276297   6248.068216  -5113.529615    455.510622  8  5  3  43       
PG09  21246.548895  -7559.301428 -14180.467983    518.496502  4  7  6 109       
PG10  -7827.380263  22450.684498  11711.203821   -265.957555  4  4  6  86       
PG11 -12165.178144 -22974.704208  -5550.522378   -752.257644  7  5  6  84       
PG12 -19457.600744   3430.439490  17441.027349   -562.947407  6  7  4  85       
PG13 -19991.103097 -13788.680182 -11269.223284    692.640083  9  4  6  95       
PG14  11099.342476 -22675.461267   7893.954328    575.102576  4  5  4  66       
PG15 -26019.236610  -3275.744988  -5186.190729    248.622758  8  4  6  88       
PG16   8944.361885  12790.258623 -21807.797614    -84.222495 10  5  5  49       
PG17   6752.543065 -14092.045378  21905.683168    485.919034  5  5  4  76       
PG18  -8969.995914  14740.068336 -20094.247597   -658.702504  6  4  6  87       
PG19  -5364.607390 -15958.453560  20506.012253    583.125698  4  5  3 109       
PG20  -5424.178689 -18044.601249 -18684.517395    367.278588  7  7  7  81       
PG21  18645.346601  12098.057025  15699.027674    100.257723  7  5  5  92       
PG22   5601.020137 -21513.244615  15146.738130    -90.900923  5  6  5  82       
PG23 -16865.701478  20216.813356  -2314.366362    398.797038  6  5  4  86       
PG24 -18403.474904  -7183.764849  17463.821613   -466.570048  3  6  5 106       
PG25 -19291.103787  15851.076303   8298.928722    497.126819  6  4  4  64       
PG26   1393.649397  20642.068263 -16624.624904    -38.018828  7  3  5  85       
PG27  18536.184911  12804.972185 -14714.948799    -33.372600  8  7  5  68       
PG28   4372.889032  24749.046186   8576.848892   -528.789097  5  7  3  75       
PG29 -21652.518142   5502.597273 -14504.211322   -549.401065  8  6  6  97       
PG30   2210.508087 -22152.394532 -14131.143711   -244.807832  5  6  6  64       
PG31  10087.308640  24337.920862  -1128.321045   -218.428995  5  1  5  92       
PG32   -802.711400  15264.243011  21957.778247   -546.217169  4  5  3  82       
EOF
