#cP2025  1  7  0  0  0.00000000      96 ORBIT IGS20 HLM  IGS
## 2348 172800.00000000   900.00000000 60682 0.0000000000000
+   32   G01G02G03G04G05G06G07G08G09G10G11G12G13G14G15G16G17
+        G18G19G20G21G22G23G24G25G26G27G28G29G30G31G32  0  0
+          0  0  0  0  0  0  0  0  0  0  0  0  0  0  0  0  0
+          0  0  0  0  0  0  0  0  0  0  0  0  0  0  0  0  0
+          0  0  0  0  0  0  0  0  0  0  0  0  0  0  0  0  0
++         3  2  2  2  2  1  1  2  2  1  2  2  2  1  2  2  2
++         2  2  1  2  2  2  2  1  1  2  2  2  1  1  1  0  0
++         0  0  0  0  0  0  0  0  0  0  0  0  0  0  0  0  0
++         0  0  0  0  0  0  0  0  0  0  0  0  0  0  0  0  0
++         0  0  0  0  0  0  0  0  0  0  0  0  0  0  0  0  0
%c G  cc GPS ccc cccc cccc cccc cccc ccccc ccccc ccccc ccccc
%c cc cc ccc ccc cccc cccc cccc cccc ccccc ccccc ccccc ccccc
%f  1.2500000  1.025000000  0.00000000000  0.000000000000000
%f  0.0000000  0.000000000  0.00000000000  0.000000000000000
%i    0    0    0    0      0      0      0      0         0
%i    0    0    0    0      0      0      0      0         0
/* FINAL ORBIT COMBINATION FROM WEIGHTED AVERAGE OF:        
/* cod emr esa gfz grg jgx jpl mit ngs sio                  
/* REFERENCED TO IGS TIME (IGST) AND TO WEIGHTED MEAN POLE: 
/* PCV:IGS20      OL/AL:FES2014b NONE     Y  ORB:CMB CLK:CMB
*  2025  1  7  0  0  0.00000000
PG01  16977.605218   5747.813216  19609.557571 999999.999999 14  2 12           
PG02  18677.585916   6683.479853  18313.403875   -274.009671  6  8  3  87       
PG03  18438.521310  -5847.337260  17983.011891    640.994576  3  3  7 102       
PG04  26371.295112    263.196045  -3772.924964    507.984366  9  6  5  59       
PG05 -11938.895413  -9167.624833 -22055.532555   -198.266637  7  7  5  91       
PG06  -4361.005705 -24372.887409   9515.788651   -100.220236  4  5  7  57       
PG07  11735.341260 -10162.863937 -20967.883461    -13.778160  8  6  5  92       
PG08  24857.895659   6436.501900  -7793.764653    455.517801  7  6  6  71       
PG09  22702.036856  -7243.335320 -11896.790391    518.510162  7  8  4  96       
PG10  -8660.875767  23287.891457   9128.030497   -265.972111  8  4  6  87       
PG11 -12121.791359 -23504.548755  -2740.301888   -752.256998  5  4  8  91       
PG12 -18193.887217   1699.274751  18971.371561   -562.949284  5  6  5  77       
PG13 -18612.824638 -13602.787911 -13634.027067    692.640976  7  7  9 108       
PG14  11796.993147 -23087.280578   5193.175689    575.109160  4  5  3  70       
PG15 -25349.734688  -3598.792750  -7855.909173    248.626559  7  5  8  98       
PG16   7323.848887  14554.865289 -21250.651581    -84.214266  7  8  5  78       
PG17   9097.158371 -13663.322986  21328.255338    485.903391  5  5  5  86       
PG18  -9965.435759  12594.171997 -21079.356585   -658.701352  6  7  6  84       
PG19  -2996.573558 -15505.993915  21276.729392    583.129765  7  5  6  78       
PG20  -4398.478596 -19836.129890 -17088.563149    367.277954  7  8  3 121       
PG21  19319.426430  13531.818864  13614.611719    100.259111  7  8  5  94       
PG22   6743.676694 -22559.723662  12971.589808    -90.902917  5  5  6  88       
PG23 -16789.948981  19739.670632  -5183.925424    398.803776  5  3  5  77       
PG24 -19213.104708  -8995.652719  15748.952512   -466.566618  5  8  6  95       
PG25 -18865.893749  14743.852641  10845.187449    497.126173  5  3  6  87       
PG26    256.830659  22042.221935 -14720.681212    -38.032281  6  5  2  92       
PG27  16798.604979  12786.833292 -16685.851655    -33.372330  6  6  7  89       
PG28   3678.748441  23830.126701  11123.100188   -528.798052  6  4  7  82       
PG29 -23113.685737   5055.727096 -12237.911698   -549.398033  8  7  7  77       
PG30   3161.524555 -20637.894030 -16109.816072   -244.800419  7  3  7  93       
PG31   9783.349238  24397.848546   1735.165742   -218.428101  6  6  7  78       
PG32  -3248.370130  15015.424682  21884.942231   -546.211220  8  5  5 101       
*  2025  1  7  0 15  0.00000000
PG01  17711.096319   7786.059374  18207.203377 999999.999999 13  5 12           
PG02  19604.183141   8345.572349  16566.656211   -274.001469  6  8  3  93       
PG03  17350.455735  -3962.101314  19511.331020    641.001533  3  2  7  92       
PG04  26623.229169    508.044428   -930.560735    507.989638  9  6  6  58       
PG05 -10698.419412 -11294.625134 -21694.019305   -198.267636  7  7  5  80       
PG06  -3669.785802 -23349.142107  12064.677041   -100.244802  3  5  7  80       
PG07  12955.614548  -7938.646681 -21241.702257    -13.777654  8  6  5  93       
PG08  23847.106948   6659.441414 -10343.919702    455.525005  6  7  6  70       
PG09  23903.390458  -7009.374137  -9410.066962    518.523883  7  7  4  79       
PG10  -9284.551388  23915.648629   6386.175448   -265.986584  8  4  7  76       
PG11 -11972.890917 -23744.362536    116.942587   -752.256405  4  4  8  72       
PG12 -16927.075695   -220.895955  20167.039201   -562.951185  6  6  4  77       
PG13 -16979.238554 -13444.787057 -15770.004937    692.642338  7  7  9 104       
PG14  12300.008740 -23274.122435   2401.819016    575.115704  4  5  3  70       
PG15 -24409.642536  -3982.650969 -10393.780013    248.630706  7  4  8  95       
PG16   5845.122800  16341.065703 -20336.691161    -84.205528  6  8  6  57       
PG17  11377.650798 -13371.101562  20398.060894    485.887985  5  5  4  86       
PG18 -11114.514068  10424.946943 -21699.299979   -658.700340  6  7  6  94       
PG19   -537.556817 -15168.465710  21678.736114    583.133821  7  5  6  87       
PG20  -3542.547130 -21494.464638 -15198.152484    367.278055  7  8  4 108       
PG21  19940.275384  14722.394273  11312.807777    100.260105  7  7  5  79       
PG22   7675.000360 -23464.634273  10581.132750    -90.904790  4  5  6  96       
PG23 -16573.826013  18982.976727  -7962.917475    398.810484  5  3  4  85       
PG24 -19992.621723 -10584.406344  13758.744804   -466.563213  5  8  6  81       
PG25 -18349.137513  13376.075918  13198.875198    497.125641  5  3  6  91       
PG26   -709.058929  23293.307048 -12561.903148    -38.045850  6  4  2  77       
PG27  14858.150778  12853.571675 -18380.612581    -33.371978  5  6  6  80       
PG28   2802.729180  22706.025020  13477.790049   -528.807022  6  4  7  65       
PG29 -24330.890716   4720.280364  -9762.823785   -549.394956  8  7  7  81       
PG30   4278.678380 -18984.837500 -17805.274556   -244.792955  7  3  7  86       
PG31   9338.406038  24181.073016   4568.022694   -218.427185  6  5  6  85       
PG32  -5677.203206  14898.035808  21443.019659   -546.205203  7  4  4  94       
*  2025  1  7  0 30  0.00000000
PG01  18470.733901   9625.624804  16491.778740 999999.999999 12  9 11           
PG02  20497.135536   9786.915160  14548.172093   -273.993703  6  7  3  83       
PG03  16293.472415  -1883.493305  20698.120424    641.008496  4  2  7  94       
PG04  26566.143738    733.602245   1927.672362    507.994923  9  6  6  86       
PG05  -9602.727092 -13432.110128 -20964.862050   -198.268113  7  7  4  81       
PG06  -2783.279191 -22126.146908  14405.392959   -100.269345  3  4  6  81       
PG07  14285.472535  -5772.318569 -21131.141610    -13.777461  7  5  4  90       
PG08  22574.120229   6949.835889 -12721.412960    455.532182  6  7  6  69       
PG09  24826.281285  -6825.318290  -6762.624236    518.537605  6  7  4  78       
PG10  -9719.532671  24297.999347   3532.900990   -266.001017  8  3  7  87       
PG11 -11683.252296 -23707.453421   2972.185940   -752.255816  4  3  8  92       
PG12 -15696.769256  -2302.222366  21006.542277   -562.953115  6  6  4  79       
PG13 -15116.913820 -13348.657645 -17641.529238    692.643557  8  6  8 105       
PG14  12632.908819 -23209.185947   -431.464420    575.122215  3  5  3  68       
PG15 -23222.749072  -4456.863709 -12758.082937    248.634561  6  3  7  81       
PG16   4526.188827  18105.365250 -19079.618499    -84.197015  6  8  6  37       
PG17  13548.621214 -13207.537095  19130.464136    485.872489  6  5  4  68       
PG18 -12402.502130   8280.226126 -21943.989754   -658.699262  7  7  5  80       
PG19   1964.482862 -14958.084817  21703.649648    583.138004  7  5  6  63       
PG20  -2847.246999 -22976.956624 -13046.239519    367.277642  6  7  4  94       
PG21  20468.805220  15665.724615   8830.599409    100.260992  7  7  5  70       
PG22   8404.379748 -24188.663158   8014.600347    -90.906805  4  4  6  76       
PG23 -16257.334014  17940.913373 -10602.803704    398.817272  6  3  4  73       
PG24 -20703.708730 -11936.684099  11529.482541   -466.559799  5  8  7  90       
PG25 -17780.726609  11756.202705  15317.658716    497.125136  5  4  6  86       
PG26  -1513.588288  24355.664973 -10184.850005    -38.059377  5  4  2  80       
PG27  12751.184658  13028.525290 -19771.012113    -33.371605  5  6  5  78       
PG28   1731.774003  21416.016831  15600.344870   -528.815890  5  4  7  71       
PG29 -25275.878512   4466.619270  -7121.175494   -549.392153  8  7  7  74       
PG30   5562.482784 -17237.318779 -19187.937609   -244.785440  7  2  6  94       
PG31   8723.094165  23709.869611   7320.080607   -218.426651  6  5  6  69       
PG32  -8041.459652  14907.683641  20638.718500   -546.199200  7  4  3  87       
*  2025  1  7  0 45  0.00000000
PG01  19218.948620  11241.776817  14492.764107 999999.999999 11 11 11           
PG02  21315.294413  10996.869458  12290.634455   -273.985157  6  7  4  85       
PG03  15304.744768    354.472492  21522.625351    641.015443  4  1  6  99       
PG04  26200.799716    977.560868   4753.047296    508.000206  9  6  6  91       
PG05  -8663.804357 -15532.945269 -19880.041979   -198.269338  7  6  4  93       
PG06  -1689.677204 -20746.734841  16497.883749   -100.293849  3  4  6  86       
PG07  15697.155186  -3706.801652 -20639.732342    -13.776900  7  5  4  94       
PG08  21065.287142   7336.743085 -14886.430060    455.539370  6  7  6  88       
PG09  25454.304168  -6655.743094  -3999.583393    518.551366  5  7  4  66       
PG10  -9993.701376  24405.471940    617.786460   -266.015454  7  3  7  84       
PG11 -11221.716039 -23415.032899   5776.485340   -752.255189  3  2  8  90       
PG12 -14538.127193  -4509.723883  21474.808906   -562.955228  6  6  3  81       
PG13 -13059.265619 -13343.563363 -19217.336052    692.644602  8  6  8 109       
PG14  12825.561620 -22872.665140  -3257.204621    575.128789  4  5  4  43       
PG15 -21819.097964  -5046.348160 -14910.302542    248.638549  6  3  7  81       
PG16   3377.389729  19802.278012 -17498.978868    -84.188589  6  7  6  55       
PG17  15567.384089 -13157.274131  17546.203543    485.857297  6  4  5  60       
PG18 -13806.855095   6204.954747 -21809.881098   -658.698290  7  7  5  79       
PG19   4459.623701 -14879.042938  21349.677133    583.142007  7  5  6  60       
PG20  -2295.985030 -24244.996999 -10670.174815    367.277298  6  6  5  95       
PG21  20866.599513  16365.464672   6207.579839    100.262414  7  7  5  81       
PG22   8948.477023 -24696.146044   5314.292334    -90.908807  4  4  5  76       
PG23 -15882.032793  16616.867373 -13057.531429    398.824031  6  3  4  72       
PG24 -21307.945592 -13047.623697   9101.163850   -466.556380  5  7  7  93       
PG25 -17199.788828   9901.537173  17163.358766    497.124660  5  3  6  87       
PG26  -2173.272228  25193.736673  -7630.195028    -38.072898  5  4  2  81       
PG27  10518.651636  13328.480982 -20833.631938    -33.371205  4  6  4  75       
PG28    460.735369  20002.732264  17454.187080   -528.824784  5  4  7  80       
PG29 -25927.988377   4260.834983  -4358.019163   -549.389306  8  6  7  53       
PG30   7005.449348 -15440.294152 -20233.877587   -244.777898  7  2  6  98       
PG31   7913.828828  23013.634978   9942.410723   -218.425996  6  5  6  84       
PG32 -10295.086187  15032.130472  19484.803403   -546.193179  7  4  2  84       
*  2025  1  7  1  0  0.00000000
PG01  19915.586981  12617.770435  12244.516985 999999.999999  9 11 10           
PG02  22017.227749  11972.817725   9830.626253   -273.977071  6  7  4  68       
PG03  14415.713799   2711.170736  21970.542229    641.022420  5  1  5  95       
PG04  25536.716640   1276.700064   7497.403828    508.005510  9  6  6  71       
PG05  -7885.406104 -17549.284447 -18457.522923   -198.270356  6  6  4 103       
PG06   -385.632908 -19256.707977  18306.484544   -100.318354  4  4  5  81       
PG07  17156.931076  -1779.337283 -19778.116992    -13.776335  6  5  3  70       
PG08  19353.222061   7844.078428 -16802.536429    455.546555  6  7  6  65       
PG09  25779.536887  -6463.432275  -1168.112928    518.565097  5  7  3  46       
PG10 -10140.439624  24216.353825  -2308.156008   -266.029897  7  3  7  55       
PG11 -10562.563439 -22895.308925   8481.810039   -752.254628  3  1  8  77       
PG12 -13480.507388  -6802.476325  21563.486881   -562.957422  6  6  2  93       
PG13 -10845.461240 -13452.661204 -20471.000329    692.645655  7  6  7 110       
PG14  12911.825112 -22252.636614  -6026.014865    575.135358  4  5  4  54       
PG15 -20233.892493  -5770.341106 -16815.646571    248.642482  6  4  7  83       
PG16   2401.105559  21385.933605 -15619.965191    -84.180156  6  7  7  38       
PG17  17395.372788 -13198.086746  15671.105084    485.841459  7  4  5  70       
PG18 -15297.996794   4239.623097 -21299.987079   -658.697294  8  7  5  77       
PG19   6897.728624 -14927.300587  20621.742666    583.146040  7  5  6  74       
PG20  -1865.560122 -25265.414938  -8111.041510    367.277189  6  6  5  84       
PG21  21097.327257  16832.703263   3485.465404    100.263596  6  6  5  81       
PG22   9330.467505 -24956.445049   2524.970312    -90.910838  4  3  6  83       
PG23 -15489.273326  15023.452811 -15284.370295    398.830791  7  3  4  80       
PG24 -21768.350072 -13920.720362   6516.706926   -466.552962  6  7  7  26       
PG25 -16643.022612   7837.765379  18702.730244    497.124154  5  4  6  89       
PG26  -2710.761144  25777.465749  -4942.044674    -38.086428  5  4  2  78       
PG27   8204.745510  13762.944041 -21550.222679    -33.370793  4  5  3  70       
PG28  -1007.223674  18510.537223  19007.367996   -528.833679  5  4  7  78       
PG29 -26274.878290   4066.228593  -1520.483338   -549.386284  7  6  7  41       
PG30   8592.215354 -13637.899248 -20925.240522   -244.770368  7  2  6 101       
PG31   6894.008646  22127.683420  12388.278168   -218.425271  5  5  5  87       
PG32 -12395.288367  15251.768953  17999.947844   -546.187128  6  3  2  85       
*  2025  1  7  1 15  0.00000000
PG01  20519.510200  13745.299669   9785.683975 999999.999999  7 12  8           
PG02  22562.770143  12720.121348   7208.147202   -273.968824  6  7  4  74       
PG03  13650.880653   5140.770743  22034.271975    641.029314  5  1  4 104       
PG04  24591.827873   1665.287879  10113.946906    508.010805  8  6  7  82       
PG05  -7263.029380 -19434.245200 -16720.989948   -198.271480  6  5  5 109       
PG06   1123.436419 -17703.092902  19800.507786   -100.342885  4  4  5  86       
PG07  18626.433791    -20.219315 -18563.703363    -13.776026  6  5  3  75       
PG08  17475.705088   8489.552627 -18437.248967    455.553739  5  7  6  73       
PG09  25802.789938  -6210.989698   1683.358018    518.578806  4  6  3  73       
PG10 -10197.141503  23717.679084  -5193.417175   -266.044314  6  3  7  77       
PG11  -9686.686848 -22182.324170  11041.852985   -752.253902  3  1  7  83       
PG12 -12546.358073  -9135.048386  21271.108081   -562.959459  6  5  2 100       
PG13  -8519.124116 -13692.141051 -21381.344012    692.646946  7  5  7 112       
PG14  12928.032527 -21345.645040  -8689.495599    575.141885  4  5  4  63       
PG15 -18506.244126  -6641.567824 -18443.497425    248.646574  6  4  6  98       
PG16   1591.755446  22811.739110 -13473.122804    -84.171432  6  6  7  38       
PG17  18999.409944 -13301.775689  13535.731388    485.825998  8  4  5  73       
PG18 -16840.383592   2418.889112 -20423.778369   -658.696262  8  7  5  78       
PG19   9230.222492 -15090.721783  19531.486403    583.150320  7  5  5  72       
PG20  -1527.265443 -26011.672541  -5412.935524    367.276764  5  5  5  93       
PG21  21128.100580  17085.446331    707.590547    100.265444  6  6  5  73       
PG22   9579.035814 -24945.171683   -306.798208    -90.912526  4  4  5  85       
PG23 -15118.452618  13182.172815 -17244.681300    398.837562  7  3  4  74       
PG24 -22050.843415 -14567.390474   3821.142379   -466.549540  6  7  7  43       
PG25 -16143.138578   5598.140476  19908.140598    497.123651  5  4  6  99       
PG26  -3153.773363  26083.511568  -2167.172053    -38.099958  5  4  2  82       
PG27   5855.459088  14333.673528 -21908.012827    -33.370376  4  5  2  87       
PG28  -2660.552848  16983.860391  20233.120424   -528.842611  5  3  7  89       
PG29 -26312.947022   3844.903020   1343.010423   -549.383501  7  6  7  66       
PG30  10299.994897 -11871.818276 -21250.541583   -244.762815  6  2  6 105       
PG31   5654.919955  21091.804446  14614.060882   -218.424435  5  5  4  87       
PG32 -14303.986395  15540.390026  16208.492590   -546.181097  6  4  2  91       
*  2025  1  7  1 30  0.00000000
PG01  20990.244389  14624.626906   7158.538702 999999.999999  2 12  6           
PG02  22914.555187  13251.799494   4466.077340   -273.960793  6  6  5  88       
PG03  13026.892518   7593.850838  21713.042406    641.036258  5  1  3 104       
PG04  23391.830051   2173.577102  12558.023332    508.016125  8  6  6  63       
PG05  -6784.206031 -21143.565100 -14699.495827   -198.272630  5  5  5 102       
PG06   2823.388843 -16132.370153  20954.740700   -100.367353  4  4  4  80       
PG07  20064.182801   1548.152705 -17020.176071    -13.775341  5  5  3  88       
PG08  15474.403307   9283.836429 -19762.560868    455.560962  5  7  5  63       
PG09  25533.535456  -5862.467823   4505.953760    518.592533  4  6  4  54       
PG10 -10203.551251  22905.882612  -7986.957869   -266.058810  6  3  7  74       
PG11  -8582.509776 -21314.584786  13412.811191   -752.253264  3  1  7  83       
PG12 -11750.406118 -11459.127846  20603.109407   -562.961397  6  5  2  89       
PG13  -6126.880674 -14070.529113 -21932.773176    692.648369  7  5  6 111       
PG14  12911.384927 -20156.961411 -11201.120705    575.148476  4  5  4  72       
PG15 -16677.809566  -7665.656620 -19767.798301    248.650699  6  5  6 100       
PG16    936.109972  24038.035742 -11093.950015    -84.163002  6  5  7  44       
PG17  20352.799895 -13435.293434  11174.967122    485.810719  8  3  5  76       
PG18 -18393.803696    770.441172 -19196.973058   -658.695220  8  6  5  92       
PG19  11411.828148 -15349.551256  18097.129401    583.154164  7  5  5  73       
PG20  -1248.200012 -26464.812767  -2622.203024    367.276618  5  4  5  69       
PG21  20930.737202  17147.875884  -2081.618557    100.266806  5  5  5  52       
PG22   9727.159469 -24645.209255  -3133.343396    -90.914618  4  4  5  75       
PG23 -14805.362200  11122.735239 -18904.603067    398.844360  7  3  5  84       
PG24 -22125.587009 -15006.249308   1060.809259   -466.546109  6  6  7  77       
PG25 -15727.477921   3222.351819  20758.126856    497.123162  5  4  6 101       
PG26  -3533.810341  26096.218608    645.822190    -38.113526  5  3  2  84       
PG27   3517.065668  15034.502144 -21899.954208    -33.369958  4  5  1  74       
PG28  -4479.566068  15465.530644  21110.321421   -528.851508  4  3  7  87       
PG29 -26047.437176   3559.405531   4183.554009   -549.380529  6  5  7  53       
PG30  12099.333426 -10179.771932 -21204.832291   -244.755278  6  2  5  98       
PG31   4196.319610  19948.642198  16580.109615   -218.423605  5  5  4  75       
PG32 -15989.111138  15866.219367  14140.109330   -546.175041  6  4  3  86       
*  2025  1  7  1 45  0.00000000
PG01  21289.618126  15264.385958   4408.256782 999999.999999  1 12  1           
PG02  23039.478958  13587.935237   1649.587394   -273.952414  6  6  5  63       
PG03  12551.958025  10019.155505  21012.898355    641.043271  5  1  3 105       
PG04  21969.250852   2826.455280  14787.865187    508.021420  7  5  6  83       
PG05  -6429.106235 -22637.178362 -12427.017815   -198.273349  5  4  6  97       
PG06   4691.735961 -14588.745610  21749.844392   -100.391879  4  4  3  85       
PG07  21427.217093   2911.869472 -15176.889289    -13.775066  5  5  3  67       
PG08  13393.452920  10229.984247 -20755.412968    455.568134  5  7  5  85       
PG09  24989.516277  -5384.950142   7251.180796    518.606301  4  5  4  63       
PG10 -10199.996465  21787.087458 -10639.185263   -266.073247  6  3  7  74       
PG11  -7246.621579 -20333.532503  15554.122459   -752.252693  3  2  7  87       
PG12 -11099.175544 -13725.269036  19571.710220   -562.963514  5  4  2  84       
PG13  -3716.799830 -14588.280584 -22115.540274    692.649472  7  5  6 113       
PG14  12898.317415 -18700.502810 -13517.086945    575.155020  4  5  4  80       
PG15 -14791.362673  -8840.814022 -20767.375817    248.654762  6  5  5  76       
PG16    413.911263  25027.686753  -8522.392182    -84.154346  6  5  7           
PG17  21436.204776 -13562.061459   8627.540869    485.794925  8  3  5  66       
PG18 -19914.859923   -685.858452 -17641.223351   -658.694187  8  6  5  83       
PG19  13402.188927 -15677.219945  16343.201394    583.158386  7  5  5  72       
PG20   -992.737410 -26614.126386    213.351525    367.276155  4  3  5  44       
PG21  20482.889714  17049.403516  -4837.194775    100.267519  4  5  5  46       
PG22   9810.719200 -24047.493321  -5906.638863    -90.916504  4  4  5  95       
PG23 -14580.697239   8882.051025 -20235.642186    398.851145  7  3  5  91       
PG24 -21968.144322 -15262.140650  -1717.430801   -466.542716  6  6  7  82       
PG25 -15416.869385    755.126208  21237.815590    497.122662  5  5  5 103       
PG26  -3884.705605  25808.297166   3447.404968    -38.127075  5  3  3  74       
PG27   1234.581952  15851.451085 -21524.898644    -33.369558  4  4  2  84       
PG28  -6437.012062  13995.189152  21623.857203   -528.860389  4  3  7  85       
PG29 -25492.214733   3174.358435   6952.570297   -549.377610  5  5  7  70       
PG30  13955.132662  -8594.184171 -20789.739031   -244.747763  6  3  5  98       
PG31   2526.668342  18741.966383  18251.526023   -218.422920  5  5  3  78       
PG32 -17425.690196  16193.187841  11829.369694   -546.168927  6  5  2  87       
*  2025  1  7  2  0  0.00000000
PG01  21383.323806  15681.066959   1582.140140 999999.999999  1 12  5           
PG02  22910.043463  13754.823525  -1194.503188   -273.944217  6  6  5  50       
PG03  12225.614052  12365.423945  19946.561405    641.050104  5  1  2 103       
PG04  20362.269408   3642.299792  16765.288839    508.026730  7  5  6  82       
PG05  -6171.432846 -23880.653515  -9941.928475   -198.274516  5  4  6  98       
PG06   6698.343448 -13112.529282  22172.650231   -100.416379  5  3  2  91       
PG07  22672.768099   4065.744269 -13068.166092    -13.774644  4  5  3  60       
PG08  11277.950175  11323.140514 -21398.104554    455.575366  4  7  5  85       
PG09  24196.048329  -4750.025958   9871.757699    518.620101  4  5  4  57       
PG10 -10225.591116  20377.007773 -13102.914320   -266.087661  6  4  7  73       
PG11  -5684.102280 -19281.918546  17429.146945   -752.252074  4  2  6  98       
PG12 -10590.854928 -15884.687889  18195.650573   -562.965508  5  4  3  93       
PG13  -1336.778699 -15237.677625 -21925.927587    692.650807  7  4  6  88       
PG14  12922.906670 -16998.416861 -15597.108450    575.161566  4  6  3  85       
PG15 -12889.348167 -10157.767696 -21426.200989    248.658816  6  5  5  98       
PG16     -1.214470  25749.532111  -5802.229944    -84.146146  6  4  7  60       
PG17  22238.271823 -13643.437343   5935.484258    485.779791  8  3  5  46       
PG18 -21358.577776  -1938.520507 -15783.707270   -658.693144  8  6  5 104       
PG19  15167.308298 -16041.449538  14300.132659    583.162265  7  5  5  49       
PG20   -724.094119 -26457.514848   3045.273462    367.275853  4  3  5  72       
PG21  19769.005566  16823.542644  -7514.207857    100.268900  4  4  5           
PG22   9866.982920 -23151.515420  -8579.082111    -90.918118  3  4  5  96       
PG23 -14468.785921   6502.956886 -21215.157095    398.857939  6  3  5  90       
PG24 -21560.431162 -15364.962808  -4466.949804   -466.539321  5  6  7  89       
PG25 -15224.775127  -1755.377708  21339.194938    497.122162  5  5  5 109       
PG26  -4241.067046  25221.182093   6188.042386    -38.140629  5  3  3  78       
PG27   -949.735564  16763.141269 -20787.699802    -33.369119  5  4  2  67       
PG28  -8498.942873  12607.837420  21764.883961   -528.869278  4  3  6  74       
PG29 -24669.232550   2658.015629   9602.629217   -549.374349  5  5  7  76       
PG30  15827.902004  -7141.079397 -20013.375732   -244.740232  6  3  5  93       
PG31    663.002840  17514.909708  19598.838321   -218.422223  5  4  2  87       
PG32 -18596.680096  16482.391716   9315.221526   -546.162836  6  5  3  92       
*  2025  1  7  2 15  0.00000000
PG01  21242.341971  15898.203510  -1271.196045 999999.999999  2 12  8           
PG02  22505.530401  13783.884272  -4018.418336   -273.935920  5  5  5  27       
PG03  12038.850856  14583.216309  18533.164243    641.056976  4  2  2 106       
PG04  18613.332808   4632.082045  18456.338855    508.032051  6  4  6  80       
PG05  -5979.575400 -24846.437013  -7286.385824   -198.275313  4  3  6  89       
PG06   8806.425765 -11738.681952  22216.351008   -100.440875  5  3  3  89       
PG07  23759.900684   5013.186221 -10732.530339    -13.773963  3  6  3  73       
PG08   9172.402909  12550.543708 -21678.636097    455.582619  4  7  5  95       
PG09  23185.041385  -3935.099357  12322.432155    518.633859  4  4  4  78       
PG10 -10316.485928  18700.466958 -15334.289870   -266.102053  5  4  7  80       
PG11  -3908.524811 -18202.141347  19005.782938   -752.251445  4  3  6  95       
PG12 -10215.516544 -17891.029354  16499.798537   -562.967412  4  3  3  94       
PG13    967.069578 -16003.038819 -21366.347908    692.651941  7  4  6  90       
PG14  13015.385457 -15080.348196 -17405.139656    575.168117  4  6  3  96       
PG15 -11012.463411 -11599.976406 -21733.590131    248.662738  6  5  4  98       
PG16   -340.580086  26179.647338  -2980.365821    -84.137649  5  4  6  67       
PG17  22755.985967 -13640.283080   3143.529615    485.764227  7  3  5  67       
PG18 -22680.076830  -2984.649195 -13656.634636   -658.692117  7  6  5  94       
PG19  16680.743817 -16405.612616  12003.715480    583.166433  7  4  5  53       
PG20   -405.936889 -26001.537509   5825.269213    367.275497  3  2  4  70       
PG21  18781.084237  16506.629148 -10068.371042    100.270014  4  4  5           
PG22   9933.016960 -21965.523599 -11104.299987    -90.920159  3  4  4 100       
PG23 -14486.588911   4032.714835 -21826.727892    398.864716  6  3  4  80       
PG24 -20891.426725 -15348.340114  -7142.071323   -466.535896  5  6  7  70       
PG25 -15156.761787  -4259.311318  21061.233046    497.121681  5  5  4 109       
PG26  -4636.678358  24345.049916   8819.146152    -38.154122  5  3  3  56       
PG27  -2997.808147  17741.492829 -19699.233764    -33.368697  5  3  3  83       
PG28 -10625.847400  11332.577186  21530.980142   -528.878152  4  3  6  85       
PG29 -23607.697015   1983.685111  12088.249538   -549.371298  4  5  7  83       
PG30  17675.183857  -5839.250958 -18890.136559   -244.732726  6  4  5  85       
PG31  -1369.548426  16308.248455  20598.557404   -218.421417  5  4  2  89       
PG32 -19493.508870  16693.689812   6640.376342   -546.156765  5  5  2  95       
*  2025  1  7  2 30  0.00000000
PG01  20844.173023  15945.294058  -4102.659760 999999.999999  1 12 10           
PG02  21812.958645  13710.372779  -6774.163519   -273.927725  5  5  5  56       
PG03  11974.587341  16626.664742  16797.867507    641.063837  4  2  2  84       
PG04  16767.619738   5798.755923  19831.866668    508.037387  5  4  6  77       
PG05  -5817.982331 -25514.853708  -4505.649760   -198.276748  3  2  6  86       
PG06  10973.796143 -10495.583055  21880.586057   -100.465343  5  3  3  82       
PG07  24651.056492   5765.734563  -8211.896188    -13.773683  4  6  3  52       
PG08   7119.197184  13891.833331 -21590.975994    455.589866  4  7  4  87       
PG09  21993.773880  -2924.479719  14560.770681    518.647667  4  3  4  69       
PG10 -10504.242634  16790.548258 -17293.645216   -266.116464  5  5  6  63       
PG11  -1941.633998 -17134.611199  20257.007334   -752.250798  4  3  6  92       
PG12  -9955.674464 -19702.034046  14514.638524   -562.969640  4  3  3  90       
PG13   3151.969288 -16861.235995 -20445.358618    692.652869  7  3  5 112       
PG14  13200.824834 -12982.417553 -18910.012265    575.174672  4  6  3  90       
PG15  -9198.313096 -13144.098931 -21684.346577    248.667107  5  5  3  79       
PG16   -639.037250  26302.348671   -106.017474    -84.129022  6  3  6  34       
PG17  22994.730259 -13514.581118    298.448707    485.748447  7  2  5  67       
PG18 -23836.242025  -3829.831728 -11296.677377   -658.691102  7  6  5  67       
PG19  17924.502398 -16730.292410   9494.445150    583.170451  7  4  5  69       
PG20     -3.967800 -25261.143407   8506.008222    367.275009  3  2  4  54       
PG21  17519.201300  16136.425706 -12456.676687    100.271683  4  3  5  10       
PG22  10044.083412 -20506.403119 -13437.967014    -90.922141  4  5  4  97       
PG23 -14643.006877   1521.349490 -22060.407312    398.871516  5  4  4  75       
PG24 -19957.627293 -15248.191525  -9698.744060   -466.532543  5  6  7  81       
PG25 -15210.317300  -6706.938022  20409.842690    497.121214  5  5  4 103       
PG26  -5102.928494  23198.489805  11294.011560    -38.167671  5  3  3  78       
PG27  -4877.014716  18752.694811 -18276.331686    -33.368236  5  3  3  71       
PG28 -12774.006836  10191.590544  20926.187637   -528.887052  4  3  6  69       
PG29 -22342.968251   1130.962159  14366.673504   -549.368304  4  5  7  82       
PG30  19453.094274  -4699.729743 -17440.376958   -244.725200  5  4  5  92       
PG31  -3538.584126  15158.800348  21233.600469   -218.420739  5  4  1  77       
PG32 -20116.303330  16787.377754   3850.614257   -546.150696  5  5  2  86       
*  2025  1  7  2 45  0.00000000
PG01  20173.828088  15856.499788  -6863.527443 999999.999999  1 12 11           
PG02  20827.783708  13571.928308  -9414.303575   -273.919492  5  5  5  35       
PG03  12008.473932  18455.080434  14771.369445    641.070735  4  1  2  74       
PG04  14871.408172   7136.955330  20868.034543    508.042727  4  4  5  81       
PG05  -5648.700794 -25874.823295  -1647.333581   -198.277974  2  2  5  83       
PG06  13154.323956  -9404.064288  21171.421057   -100.489785  5  3  4  75       
PG07  25313.442066   6342.287074  -5550.738264    -13.773196  3  6  3  34       
PG08   5157.134443  15319.654794 -21135.243245    455.597161  4  7  5  71       
PG09  20663.468130  -1710.209367  16547.906848    518.661372  4  3  4  82       
PG10 -10814.403611  14687.412181 -18946.274787   -266.130894  5  5  6  74       
PG11    187.286325 -16116.203862  21161.332412   -752.250157  4  3  6  85       
PG12  -9787.154042 -21281.036537  12275.655473   -562.971805  4  2  4  67       
PG13   5179.921239 -17782.503768 -19177.585479    692.654010  7  3  5 114       
PG14  13498.037207 -10745.955847 -20085.974198    575.181197  4  6  3  90       
PG15  -7480.179298 -14760.706807 -21278.843289    248.671439  5  5  3  79       
PG16   -933.405544  26110.894745   2770.169597    -84.120631  6  3  6  71       
PG17  22968.045502 -13231.040776  -2551.663379    485.733230  6  2  5  65       
PG18 -24787.332277  -4487.704916  -8744.334814   -658.690105  7  6  5  54       
PG19  18889.596857 -16974.976221   6816.754769    583.174663  7  4  5  54       
PG20    512.572954 -24259.099343  11041.903595    367.275381  3  2  4  54       
PG21  15991.773436  15750.650658 -14638.059028    100.271744  5  3  4  49       
PG22  10232.085853 -18799.232124 -15538.622029    -90.923874  4  5  4  99       
PG23 -14938.521001   -980.110300 -21912.851005    398.878325  4  4  4  91       
PG24 -18763.233681 -15101.248597 -12095.167125   -466.529158  5  6  6  82       
PG25 -15375.017503  -9050.417515  19397.697026    497.120730  5  5  3  98       
PG26  -5667.337724  21807.839599  13568.723298    -38.181192  5  3  4  82       
PG27  -6561.285101  19758.416958 -16541.618152    -33.367789  5  3  4  81       
PG28 -14897.020267   9199.399300  19960.941225   -528.895918  5  3  6  68       
PG29 -20915.234436     86.724585  16398.601493   -549.365164  4  4  6  95       
PG30  21117.916869  -3725.568809 -15689.993489   -244.717657  5  4  5  85       
PG31  -5805.547079  14098.007775  21493.573747   -218.419725  5  4  1  76       
PG32 -20473.786862  16725.874476    994.015235   -546.144579  4  5  3  80       
*  2025  1  7  3  0  0.00000000
PG01  19224.540050  15669.169986  -9506.283412 999999.999999  1 11 12           
PG02  19554.304143  13407.009749 -11892.771117   -273.911163  5  5  5           
PG03  12109.987304  20034.354721  12489.320745    641.077726  4  1  3  77       
PG04  12970.407849   8633.014352  21546.736152    508.048065  4  5  5  87       
PG05  -5433.025968 -25924.261781   1239.398709   -198.278768  2  1  5  90       
PG06  15299.544386  -8476.743182  20101.224607   -100.514307  5  3  4  84       
PG07  25720.214077   6768.066146  -2795.262629    -13.772742  3  6  3  47       
PG08   3320.093885  16800.546363 -20317.798080    455.604446  5  6  5  68       
PG09  19237.719888   -292.593436  18249.233832    518.675062  4  4  4  92       
PG10 -11265.319757  12436.830614 -20263.100849   -266.145325  5  5  5  80       
PG11   2442.335019 -15178.861754  21703.171741   -752.249504  5  3  6  79       
PG12  -9680.232219 -22598.236231   9822.632036   -562.973885  4  2  4  62       
PG13   7018.974540 -18731.516751 -17583.552983    692.655192  7  3  4 116       
PG14  13918.743551  -8416.045313 -20913.121328    575.187784  4  6  3  90       
PG15  -5885.946185 -16415.219036 -20523.045472    248.675412  4  5  3  82       
PG16  -1260.793989  25607.846104   5597.072731    -84.112143  6  3  5  76       
PG17  22697.090884 -12758.635660  -5358.153098    485.717370  6  1  5  86       
PG18 -25498.467006  -4979.218372  -6043.244907   -658.689061  6  6  5  73       
PG19  19576.238524 -17099.809457   4018.161854    583.179098  6  4  5  59       
PG20   1169.542983 -23025.136963  13389.860217    367.274901  3  3  3  71       
PG21  14215.543936  15385.477546 -16574.079553    100.273972  5  2  3  79       
PG22  10524.126834 -16876.519538 -17368.466312    -90.925955  4  5  3  94       
PG23 -15365.177534  -3421.416190 -21387.327861    398.885127  4  5  3  95       
PG24 -17320.072188 -14943.574270 -14292.364900   -466.525765  6  6  6  90       
PG25 -15633.030266 -11245.497021  18043.906082    497.120226  5  5  3 100       
PG26  -6352.245119  20206.213585  15603.005854    -38.194745  5  3  4  82       
PG27  -8031.962160  20717.225523 -14523.249618    -33.367330  5  4  4  89       
PG28 -16947.442052   8362.431646  18651.887531   -528.904789  5  4  6  72       
PG29 -19368.009600  -1154.149931  18148.874179   -549.362063  4  4  6  93       
PG30  22627.687277  -2911.946946 -13669.914331   -244.710137  5  4  5  77       
PG31  -8127.089536  13150.764877  21374.910739   -218.419118  4  4  1  78       
PG32 -20582.846376  16475.353572  -1879.871765   -546.138507  4  5  3  80       
*  2025  1  7  3 15  0.00000000
PG01  17998.166592  15422.252563 -11985.438831 999999.999999  1 11 12           
PG02  18005.748589  13253.274373 -14165.693455   -273.903124  5  4  4  35       
PG03  12243.770009  21338.101609   9991.658441    641.084697  5  1  3  74       
PG04  11108.120056  10265.311728  21855.925969    508.053407  4  5  4  88       
PG05  -5133.196194 -25670.148647   4104.676717   -198.280350  2  3  5  83       
PG06  17360.360179  -7717.679520  18688.444888   -100.538822  5  2  4  79       
PG07  25851.424926   7073.373259      7.404616    -13.772298  3  5  3  44       
PG08   1635.872022  18296.081554 -19151.233033    455.611701  5  6  5  75       
PG09  17760.842685   1319.591526  19635.027833    518.688727  4  4  4  91       
PG10 -11867.287494  10088.500581 -21221.217822   -266.159726  5  5  5  90       
PG11   4782.170370 -14348.395777  21873.109289   -752.248863  5  3  6  77       
PG12  -9600.997287 -23631.692776   7198.877351   -562.975853  5  2  4  53       
PG13   8644.282661 -19668.699277 -15689.418810    692.656385  7  2  4 108       
PG14  14467.036660  -6039.927009 -21377.715581    575.194372  3  6  3  99       
PG15  -4437.214693 -18069.030611 -19428.471282    248.679488  4  5  3  81       
PG16  -1656.885763  24805.057853   8324.084701    -84.103630  6  3  5  77       
PG17  22209.817882 -12072.012340  -8072.613710    485.702672  5  1  5  85       
PG18 -25940.936220  -5331.624710  -3239.452671   -658.688019  5  7  5  85       
PG19  19993.657576 -17067.334110   1148.348026    583.183231  6  4  6  67       
PG20   1986.723281 -21594.851564  15509.979818    367.274465  3  3  3  59       
PG21  12215.275208  15074.056172 -18229.627207    100.276219  6  2  2  75       
PG22  10941.239074 -14777.145741 -18894.124374    -90.927822  4  5  3 102       
PG23 -15906.913588  -5754.842267 -20493.613567    398.891927  4  6  3  81       
PG24 -15647.256841 -14809.131724 -16254.710599   -466.522379  6  6  6  80       
PG25 -15959.929818 -13253.040275  16373.567574    497.119758  5  5  3 100       
PG26  -7173.715179  18432.263006  17360.996834    -38.208299  4  3  5  82       
PG27  -9278.394651  21586.155665 -12254.548692    -33.366907  5  4  5  85       
PG28 -18878.468254   7678.912328  17021.596631   -528.913673  5  4  5  70       
PG29 -17746.511339  -2588.374242  19587.090138   -549.359087  4  4  5  92       
PG30  23943.707281  -2246.581435 -11415.513438   -244.702619  5  5  4  78       
PG31 -10456.626742  12334.534893  20880.867006   -218.418368  5  4  1  78       
PG32 -20467.780520  16007.252241  -4720.907507   -546.132410  3  5  3  62       
*  2025  1  7  3 30  0.00000000
PG01  16505.269003  15154.651839 -14258.315912 999999.999999  1 11 13           
PG02  16204.027796  13145.961300 -16192.222878   -273.894941  6  5  4  37       
PG03  12371.158935  22348.500287   7321.873862    641.091625  5  2  3  69       
PG04   9324.286641  12004.929112  21789.850786    508.058806  4  5  4  90       
PG05  -4714.067132 -25128.253076   6898.795247   -198.281455  2  3  5  91       
PG06  19288.772370  -7122.365551  16957.290846   -100.563336  5  3  5  68       
PG07  25694.703218   7292.187140   2809.997871    -13.771836  3  5  3  64       
PG08    125.246674  19764.229710 -17654.257918    455.618979  5  5  5  93       
PG09  16276.191288   3109.221278  20680.989806    518.702402  4  5  4  96       
PG10 -12622.031373   7694.210353 -21804.301782   -266.174111  5  5  4  93       
PG11   7161.398430 -13643.533415  21668.067175   -752.248184  5  3  6  85       
PG12  -9512.868752 -24368.010747   4450.406707   -562.978304  5  2  4  56       
PG13  10038.901703 -20551.723091 -13526.611115    692.657355  7  3  4 110       
PG14  15139.159635  -3665.338598 -21472.385871    575.200955  3  6  4 103       
PG15  -3148.637702 -19680.800791 -18012.087845    248.683561  4  5  2  79       
PG16  -2154.261451  23723.297006  10902.123293    -84.094907  6  3  4  76       
PG17  21539.881042 -11152.712389 -10647.720026    485.687242  4  2  5  85       
PG18 -26093.286781  -5577.236601   -380.647009   -658.687060  5  7  4  86       
PG19  20159.559824 -16844.135980  -1741.804698    583.187101  5  4  6  81       
PG20   2976.877282 -20008.394044  17366.213269    367.273937  3  4  3  79       
PG21  10023.143264  14845.109775 -19573.621983    100.277411  6  4  1  78       
PG22  11497.347918 -12545.039961 -20087.347254    -90.929856  4  4  3 104       
PG23 -16540.207928  -7936.817886 -19247.772683    398.898676  4  6  2  87       
PG24 -13770.608040 -14728.449376 -17950.398469   -466.518924  6  6  6  91       
PG25 -16325.780831 -15040.334317  14417.208686    497.119315  5  6  4  97       
PG26  -8140.711265  16528.722557  18811.923999    -38.221832  4  3  5  82       
PG27 -10298.231156  22322.384569  -9773.532051    -33.366522  5  5  5  92       
PG28 -20645.607466   7139.079843  15098.171315   -528.922628  6  4  5  84       
PG29 -16095.979894  -4204.168200  20688.147517   -549.356149  4  4  5  94       
PG30  25031.931888  -1710.428554  -8965.961784   -244.695105  5  4  4  85       
PG31 -12746.011721  11658.790079  20021.376848   -218.417457  4  5  1  87       
PG32 -20159.254891  15299.593718  -7479.272320   -546.126317  3  5  3  97       
*  2025  1  7  3 45  0.00000000
PG01  14764.862990  14903.597801 -16285.783718 999999.999999  1 10 13           
PG02  14179.148436  13116.344816 -17935.352175   -273.886804  6  5  4  44       
PG03  12451.840091  23056.808885   4526.230175    641.098550  5  3  4  81       
PG04   7653.487437  13816.600748  21349.177808    508.064170  4  4  4  91       
PG05  -4144.697563 -24322.526163   9573.097272   -198.282395  3  4  4  89       
PG06  21039.576052  -6678.048718  14937.323325   -100.587885  5  2  5  56       
PG07  25245.654593   7460.662823   5565.851903    -13.771300  3  5  3  49       
PG08  -1198.694174  21160.887696 -15851.473658    455.626276  5  5  5  68       
PG09  14824.529991   5051.277883  21368.694193    518.716093  4  5  4  85       
PG10 -13522.552600   5305.936622 -22002.877352   -266.188485  5  5  3  81       
PG11   9532.121560 -13075.249513  21091.368863   -752.247547  6  4  6  84       
PG12  -9378.212840 -24802.692126   1625.091269   -562.980333  6  2  4  55       
PG13  11194.296992 -21337.140157 -11131.368883    692.658356  7  3  4 105       
PG14  15923.605732  -1338.848054 -21196.211089    575.207516  3  6  4 105       
PG15  -2027.500566 -21207.861656 -16296.139003    248.687457  4  5  1  80       
PG16  -2780.836909  22391.493757  13284.630303    -84.086632  7  4  3  71       
PG17  20725.320486  -9990.154226 -13038.079001    485.671590  4  3  5  86       
PG18 -25942.145870  -5751.998528   2484.622828   -658.686065  4  7  4  94       
PG19  20099.245432 -16402.329499  -4601.196248    583.191066  4  5  6  72       
PG20   4145.078601 -18309.004712  18926.951187    367.274120  3  4  3  75       
PG21   7677.839283  14721.665197 -20579.706539    100.277850  6  5  1  22       
PG22  12198.515273 -10227.641219 -20925.637472    -90.931716  5  5  3 107       
PG23 -17235.028157  -9929.390530 -17671.836308    398.905473  4  7  2  93       
PG24 -11721.849208 -14727.424030 -19351.864892   -466.515496  6  5  6  91       
PG25 -16696.441248 -16582.125895  12210.137475    497.118869  5  6  4  83       
PG26  -9254.571098  14540.805617  19930.670089    -38.235353  4  3  5  89       
PG27 -11097.395562  22884.942552  -7122.332450    -33.366099  5  5  5  79       
PG28 -22208.271884   6725.721547  12914.760746   -528.931466  6  4  4  89       
PG29 -14460.002837  -5981.507202  21432.699327   -549.352958  4  5  4  92       
PG30  25864.178864  -1278.639918  -6363.529319   -244.687620  5  4  3  81       
PG31 -14947.260690  11124.791513  18812.780968   -218.416880  4  5  2  84       
PG32 -19693.003074  14338.065252 -10106.388232   -546.120234  3  6  3  87       
*  2025  1  7  4  0  0.00000000
PG01  12803.850520  14703.090466 -18032.932793 999999.999999  1 10 13           
PG02  11968.299381  13190.323677 -19362.694709   -273.878507  6  6  3  63       
PG03  12445.563415  23463.534000   1652.945184    641.105532  5  4  4  79       
PG04   6123.940191  15659.920800  20541.015258    508.069540  4  4  5  78       
PG05  -3399.781745 -23284.179590  12080.851186   -198.283558  3  5  4  91       
PG06  22571.958807  -6364.373601  12662.962538   -100.612448  5  2  5  55       
PG07  24507.978804   7615.588458   8229.594405    -13.770891  3  5  3  72       
PG08  -2330.927099  22441.526954 -13773.031941    455.633594  5  5  5  92       
PG09  13442.510199   7113.618730  21685.934942    518.729765  4  4  3  87       
PG10 -14553.346958   2973.953451 -21814.438782   -266.202909  4  5  3  80       
PG11  11845.589523 -12646.405662  20152.696053   -752.246920  6  4  5  69       
PG12  -9159.987161 -24940.149262  -1228.203646   -562.982114  6  3  4  62       
PG13  12110.533907 -21982.090856  -8544.187498    692.659468  7  3  4 104       
PG14  16801.532660    895.752004 -20554.686880    575.214112  2  6  4  93       
PG15  -1073.565344 -22607.702655 -14307.900785    248.691205  4  5  1  65       
PG16  -3558.488388  20845.653951  15428.531136    -84.077904  7  4  3  78       
PG17  19807.061683  -8582.328052 -15201.079965    485.656712  4  4  5  87       
PG18 -25482.752315  -5893.927311   5307.740047   -658.685063  4  7  4  79       
PG19  19844.430372 -15720.817112  -7379.484528    583.195070  4  5  6  62       
PG20   5488.332876 -16541.443124  20165.544725    367.273510  3  4  3  84       
PG21   5223.394974  14719.973175 -21226.906454    100.279296  6  6  1  57       
PG22  13042.504873  -7874.201245 -21392.775103    -90.933618  5  5  4  97       
PG23 -17956.034780 -11701.465347 -15793.383863    398.912242  4  7  1  82       
PG24  -9537.608817 -14826.299432 -20436.158618   -466.512069  6  5  6  98       
PG25 -17035.025300 -17861.352533   9791.723627    497.118393  5  6  4  87       
PG26 -10508.805488  12514.517271  20698.213423    -38.248892  4  4  5  82       
PG27 -11689.736619  23236.394639  -4346.518637    -33.365685  4  5  5  88       
PG28 -23531.227552   6415.005140  10508.986973   -528.940394  6  5  4  77       
PG29 -12878.909938  -7892.696029  21807.513067   -549.350008  4  5  4  92       
PG30  26419.118027   -921.734029  -3652.850979   -244.680164  5  4  3  20       
PG31 -17014.258378  10725.710845  17277.437225   -218.416077  5  5  2  65       
PG32 -19108.324188  13116.802795 -12555.832948   -546.114192  3  6  4  81       
*  2025  1  7  4 15  0.00000000
PG01  10656.153942  14582.480143 -19469.676957 999999.999999  1  9 13           
PG02   9614.635874  13387.210486 -20447.206323   -273.870463  6  6  3  86       
PG03  12313.850263  23578.254197  -1248.645218    641.112508  5  5  5  57       
PG04   4756.549967  17490.764332  19378.822925    508.074895  4  4  5  75       
PG05  -2460.868316 -22050.484495  14378.104434   -198.285170  4  5  4 100       
PG06  23850.942983  -6154.318193  10172.919145   -100.637042  5  3  4           
PG07  23493.308259   7792.854688  10757.787361    -13.770319  3  5  3  69       
PG08  -3274.550733  23562.893257 -11454.180345    455.640897  5  5  6  86       
PG09  12161.317825   9258.032535  21626.960917    518.743466  4  4  2  82       
PG10 -15690.978963    745.031669 -21243.426617   -266.217376  4  5  3  86       
PG11  14053.891359 -12351.712508  18867.939049   -752.246313  6  4  5  70       
PG12  -8823.348874 -24793.384723  -4060.474587   -562.984525  6  3  4  77       
PG13  12796.140170 -22446.022875  -5809.174014    692.660527  6  4  4 104       
PG14  17747.472022   2998.928236 -19559.580212    575.220663  2  6  4  91       
PG15   -279.189635 -23839.482851 -12079.360450    248.695029  4  5  1  86       
PG16  -4501.929991  19127.477283  17295.126346    -84.069406  7  4  3  69       
PG17  18827.287723  -6936.166577 -17097.725848    485.641168  4  4  5  92       
PG18 -24719.177002  -6041.479805   8040.811471   -658.684070  4  6  4  83       
PG19  19431.824215 -14786.271038 -10028.031233    583.199185  4  6  6  68       
PG20   6995.508578 -14750.371780  21060.749212    367.273472  3  4  3  87       
PG21   2707.761272  14848.673512 -21500.236159    100.280507  6  6  2  46       
PG22  14018.695765  -5533.997269 -21479.225753    -90.935428  5  5  4 101       
PG23 -18663.993487 -13229.777425 -13645.038628    398.919053  5  7  1  65       
PG24  -7258.260150 -15038.852189 -21185.259942   -466.508636  6  5  5  93       
PG25 -17303.463623 -18869.547478   7204.628435    497.117915  5  6  5  86       
PG26 -11889.226625  10494.956828  21101.936435    -38.262404  4  4  5  72       
PG27 -12096.357333  23344.422843  -1494.320737    -33.365293  4  6  5  94       
PG28 -24585.848106   6177.573509   7922.294256   -528.949295  6  5  3  66       
PG29 -11388.300616  -9903.248510  21805.726779   -549.346843  4  6  4  88       
PG30  26683.006715   -606.935367   -880.169592   -244.672673  5  4  2  53       
PG31 -18904.375598  10447.081556  15443.228828   -218.415522  4  6  2  66       
PG32 -18446.437530  11638.845291 -14784.224357   -546.108107  4  6  4  81       
*  2025  1  7  4 30  0.00000000
PG01   8361.585193  14565.238951 -20571.271920 999999.999999  1  8 13           
PG02   7165.801942  13718.779844 -21167.825380   -273.862197  6  7  3  64       
PG03  12021.627826  23419.108806  -4128.928166    641.119497  4  5  5  65       
PG04   3564.245859  19262.869132  17882.211926    508.080294  3  4  6  81       
PG05  -1317.313571 -20663.336329  16424.495384   -198.286082  4  5  4  90       
PG06  24848.618649  -6015.389024   7509.557082   -100.661629  5  2  4  52       
PG07  22220.781658   8025.987824  13109.515507    -13.769642  2  5  2  71       
PG08  -4040.517516  24484.691796  -8934.695685    455.648208  4  5  6 110       
PG09  11005.544601  11441.542516  21192.594966    518.757140  3  4  2  84       
PG10 -16904.983651  -1339.198325 -20301.065538   -266.231786  4  5  4  84       
PG11  16111.624373 -12178.017168  17258.941961   -752.245729  6  5  4  51       
PG12  -8337.164210 -24383.357267  -6823.414848   -562.986229  6  4  4  91       
PG13  13267.639291 -22692.353431  -2973.319235    692.661599  6  4  4  83       
PG14  18730.303364   4936.713491 -18228.677729    575.227232  2  6  3  96       
PG15    370.277431 -24865.519468  -9646.815378    248.699329  4  5  1  33       
PG16  -5617.897085  17282.740997  18850.888185    -84.060943  7  4  2  82       
PG17  17827.747228  -5067.566105 -18693.424925    485.625652  5  4  4  82       
PG18 -23664.224615  -6231.908552  10637.446289   -658.683055  4  6  4  97       
PG19  18901.527968 -13593.798772 -12500.795471    583.203196  3  6  6  74       
PG20   8647.580525 -12978.753181  21597.084146    367.273226  3  5  3  83       
PG21    181.183497  15108.254441 -21391.224614    100.281217  6  7  3  73       
PG22  15108.355713  -3254.529230 -21182.413698    -90.937600  5  5  4 104       
PG23 -19317.339977 -14499.563526 -11263.887518    398.925777  5  7  1  99       
PG24  -4926.635441 -15371.811128 -21586.347919   -466.505175  6  4  5  90       
PG25 -17464.095982 -19606.911819   4494.003109    497.117436  5  6  5  88       
PG26 -13374.397461   8524.680770  21135.798640    -38.275932  4  4  5  83       
PG27 -12344.644018  23183.240359   1384.227149    -33.364883  4  6  5  99       
PG28 -25351.123920   5979.859649   5199.232573   -528.958191  6  6  1  76       
PG29 -10017.761776 -11973.041366  21426.995258   -549.343902  4  6  3  82       
PG30  26650.147762   -299.628480   1907.432186   -244.665172  5  4  2  64       
PG31 -20579.937331  10267.553982  13342.985784   -218.414777  4  6  2  74       
PG32 -17748.762283   9916.235279 -16752.054119   -546.102070  4  6  4  83       
*  2025  1  7  4 45  0.00000000
PG01   5964.493060  14667.971585 -21318.741842 999999.999999  2  5 13           
PG02   4672.245599  14188.625078 -21510.007315   -273.854002  5  7  4  65       
PG03  11538.728775  23011.975748  -6938.845635    641.126465  4  6  5  57       
PG04   2551.632181  20929.518591  16076.634847    508.085631  3  5  6  88       
PG05     33.072740 -19167.641913  18184.005546   -198.287023  4  6  4  87       
PG06  25545.121557  -5911.030187   4718.197132   -100.686229  5  2  4  14       
PG07  20716.373467   8344.793485  15246.921864    -13.769460  2  5  2  81       
PG08  -4647.044685  25171.188313  -6258.211873    455.655499  4  5  5 105       
PG09   9992.328582  13617.906603  20390.233208    518.770840  3  4  2  91       
PG10 -18159.053790  -3243.656379 -19005.072590   -266.246273  4  5  4  86       
PG11  17977.476997 -12104.905512  15353.145757   -752.245134  6  5  4  75       
PG12  -7675.362956 -23738.064520  -9470.214698   -562.988749  6  4  3  79       
PG13  13548.767995 -22690.007378    -85.696560    692.662804  5  4  4 104       
PG14  19714.452519   6681.789314 -16585.435424    575.233795  1  6  3  84       
PG15    895.828573 -25652.699570  -7050.388977    248.703578  4  4  1  79       
PG16  -6904.674590  15359.520979  20068.138402    -84.052596  7  5  2  79       
PG17  16848.066692  -3001.046551 -19958.721353    485.610229  5  4  4  84       
PG18 -22339.020285  -6499.666408  13053.511901   -658.682055  4  6  4  80       
PG19  18295.322175 -12147.268452 -14755.155936    583.207506  3  6  6  67       
PG20  10418.178602 -11266.319360  21765.103840    367.273219  2  5  3  87       
PG21  -2305.570468  15490.846475 -20898.333114    100.282605  5  7  3  64       
PG22  16285.269661  -1079.779084 -20506.846972    -90.938976  5  5  3  87       
PG23 -19873.836796 -15504.911693  -8690.836126    398.932519  5  6  1  91       
PG24  -2586.654521 -15824.529885 -21632.013823   -466.501727  6  4  5  89       
PG25 -17481.233468 -20082.060512   1706.673230    497.116970  5  6  5  93       
PG26 -14936.379705   6642.192769  20800.374682    -38.289477  5  4  5  70       
PG27 -12467.028973  22734.773096   4238.211243    -33.364493  4  6  5  98       
PG28 -25814.388023   5785.569842   2386.687848   -528.967117  6  6  1  86       
PG29  -8789.826847 -14057.699480  20677.522018   -549.340794  4  6  4  78       
PG30  26323.056684     35.128533   4662.799638   -244.657661  4  4  1  57       
PG31 -22009.487729  10159.917028  11013.836061   -218.414164  4  6  3  53       
PG32 -17055.194516   7969.757897 -18424.449645   -546.096021  5  6  5  87       
*  2025  1  7  5  0  0.00000000
PG01   3512.239988  14899.703943 -21699.206546 999999.999999  3  4 13           
PG02   2185.393821  14791.861138 -21466.131549   -273.845840  5  7  4  18       
PG03  10841.200578  22389.373149  -9630.704119    641.133500  4  6  5  68       
PG04   1714.969230  22445.261125  13992.969562    508.090973  3  6  6  92       
PG05   1583.718556 -17609.593037  19625.635144   -198.287995  4  6  3  80       
PG06  25929.319502  -5802.193420   1846.371044   -100.710827  5  2  4  56       
PG07  19012.006075   8774.152090  17135.691376    -13.769093  2  4  2  66       
PG08  -5118.723453  25592.658113  -3471.452409    455.662790  3  5  6  96       
PG09   9130.798444  15739.256305  19233.723572    518.784547  2  4  3  80       
PG10 -19412.459233  -4940.942556 -17379.247981   -266.260761  3  5  4  69       
PG11  19615.665114 -12105.596953  13183.133895   -752.244538  6  4  3  46       
PG12  -6818.089166 -22891.382550 -11956.315617   -562.990777  6  5  4  71       
PG13  13669.403851 -22414.766596   2803.399529    692.663690  4  5  4  96       
PG14  20661.266075   8214.306057 -14658.538550    575.240344  2  6  3  85       
PG15   1323.877471 -26173.761362  -4333.462381    248.707130  3  3  2  62       
PG16  -8351.992100  13406.330369  20925.588038    -84.043730  6  5  2  96       
PG17  15924.138681   -769.054428 -20869.942472    485.595434  5  5  4  98       
PG18 -20772.295803  -6874.919497  15247.856574   -658.681011  4  6  4  86       
PG19  17654.918456 -10459.285659 -16752.645749    583.211530  3  6  5  92       
PG20  12274.423071  -9648.170633  21561.573923    367.273009  2  5  3  80       
PG21  -4703.059997  15980.378422 -20027.237580    100.284084  4  7  3  69       
PG22  17516.701262    951.390959 -19464.085733    -90.941074  5  6  3  90       
PG23 -20292.259142 -16248.779235  -5969.910423    398.939289  5  6  1  96       
PG24   -281.910934 -16388.925737 -21320.417973   -466.498274  6  4  4 102       
PG25 -17322.630895 -20311.461322  -1109.674714    497.116428  5  6  5  95       
PG26 -16541.745582   4880.620259  20102.761907    -38.303001  5  4  5  71       
PG27 -12499.534186  21989.551895   7016.809396    -33.364100  4  6  5  85       
PG28 -25971.731137   5557.276744   -466.927609   -528.976043  6  6  1  93       
PG29  -7719.217692 -16110.160217  19569.974610   -549.337658  4  5  4  71       
PG30  25712.335263    431.087641   7339.463059   -244.650169  4  3  1  48       
PG31 -23168.808378  10092.340231   8496.502930   -218.413187  4  6  3  75       
PG32 -16402.454579   5828.326331 -19771.845364   -546.089944  5  6  5  79       
*  2025  1  7  5 15  0.00000000
PG01   1053.566496  15261.477443 -21706.103850 999999.999999  5  1 13           
PG02   -244.235928  15515.196103 -21035.761528   -273.837711  4  7  4  94       
PG03   9912.376980  21589.128999 -12158.950586    641.140525  4  6  6  79       
PG04   1042.485908  23767.599282  11667.002196    508.096295  3  7  6  83       
PG05   3319.333128 -16034.896372  20723.986533   -198.289388  3  6  3  85       
PG06  25999.180951  -5649.010301  -1056.963187   -100.735408  4  2  4  71       
PG07  17144.476464   9333.001748  18745.484245    -13.768442  2  4  2  87       
PG08  -5485.359212  25726.619227   -623.381406    455.670047  3  5  6  86       
PG09   8421.843855  17757.809860  17743.125229    518.798282  2  4  4  86       
PG10 -20621.636960  -6412.148121 -15452.962841   -266.275338  3  6  4  54       
PG11  20997.166563 -12148.097980  10786.087004   -752.243951  5  4  2  52       
PG12  -5752.608341 -21881.710104 -14240.109220   -562.992715  6  5  4  89       
PG13  13664.242214 -21850.371851   5643.359643    692.664679  3  4  4  95       
PG14  21530.507920   9522.413169 -12481.381568    575.246905  2  6  2  91       
PG15   1685.110118 -26408.393209  -1542.022887    248.710920  3  3  3  70       
PG16  -9941.289615  11470.259408  21408.725380    -84.035326  6  5  2  84       
PG17  15086.656697   1589.070712 -21409.741580    485.580149  5  5  3  95       
PG18 -18999.400750  -7382.224063  17182.988851   -658.679971  5  6  4 103       
PG19  17020.247029  -8550.828329 -18459.587762    583.215414  3  6  5  87       
PG20  14178.017369  -8153.555946  20989.549819    367.272867  2  5  3  93       
PG21  -6965.020501  16553.107216 -18790.949688    100.285217  3  7  4  65       
PG22  18764.648968   2806.629408 -18072.550494    -90.942945  4  6  2 104       
PG23 -20534.046359 -16742.681778  -3147.516612    398.946059  5  6  1  93       
PG24   1945.739604 -17049.690413 -20655.385985   -466.494801  6  4  4  99       
PG25 -16960.816006 -20318.596305  -3907.290904    497.115960  5  6  5  84       
PG26 -18152.808128   3266.627389  19056.365192    -38.316551  5  5  4  59       
PG27 -12480.155306  20947.269989   9670.286102    -33.363734  4  5  5  88       
PG28 -25828.090237   5258.059800  -3312.510244   -528.984989  6  6  1  70       
PG29  -6812.400194 -18082.356814  18123.283188   -549.334591  4  5  5  85       
PG30  24836.258954    919.347278   9892.374670   -244.642690  4  4  1  57       
PG31 -24041.657230  10029.783087   5834.564377   -218.412463  4  6  3  74       
PG32 -15822.575340   3528.037628 -20770.546583   -546.083953  5  6  5  85       
*  2025  1  7  5 30  0.00000000
PG01  -1363.094473  15746.265017 -21339.303213 999999.999999  6  5 13           
PG02  -2568.904806  16337.376344 -20225.742933   -273.829297  3  7  4  86       
PG03   8743.673578  20652.870713 -14480.904316    641.147563  4  6  6  68       
PG04    515.013270  24858.582079   9138.816988    508.101619  2  8  6  80       
PG05   5216.303828 -14487.031811  21459.741915   -198.290434  3  6  3  80       
PG06  25761.811237  -5412.503520  -3942.233510   -100.759975  3  3  3  75       
PG07  15154.233278  10033.537976  20050.320626    -13.767971  2  4  2  85       
PG08  -5780.588530  25558.793800   2235.709324    455.677161  2  5  5  87       
PG09   7858.220997  19627.592031  15944.353099    518.812005  2  5  4  90       
PG10 -21741.885241  -7647.322798 -13260.559752   -266.289841  2  6  3  80       
PG11  22100.705883 -12196.570352   8203.154814   -752.243332  5  4  1  60       
PG12  -4473.941334 -20750.470806 -16283.573582   -562.994929  6  5  4  87       
PG13  13571.273368 -20989.327129   8384.192043    692.665690  3  4  4  86       
PG14  22281.920116  10602.483497 -10091.478671    575.253462  2  6  2  65       
PG15   2013.145142 -26344.102078   1276.067036    248.714889  2  3  4  84       
PG16 -11646.339513   9595.199227  21510.044244    -84.027011  6  5  3  84       
PG17  14359.863150   4028.429660 -21567.516741    485.564578  5  5  3 100       
PG18 -17061.073748  -8039.417227  18825.703996   -658.678966  5  7  5  90       
PG19  16427.848884  -6450.560520 -19847.621885    583.219724  3  6  4  79       
PG20  16086.559537  -6804.880961  20058.354420    367.272737  2  5  3  92       
PG21  -9050.125570  17178.514311 -17209.755560    100.286491  3  7  4  79       
PG22  19987.343177   4461.212829 -16357.172585    -90.944693  4  6  2  78       
PG23 -20564.857815 -17006.067886   -271.670669    398.952829  5  6  1  96       
PG24   4057.542376 -17784.770949 -19646.439442   -466.491346  6  4  3  82       
PG25 -16374.229575 -20132.884247  -6639.132308    497.115470  5  6  5  90       
PG26 -19729.017000   1819.602778  17680.569441    -38.330075  5  5  4  58       
PG27 -12447.154468  19616.974559  12150.985361    -33.363378  5  5  5  86       
PG28 -25397.007684   4853.128634  -6101.111347   -528.993901  6  6  2  79       
PG29  -6067.471919 -19926.955473  16362.324494   -549.331632  4  4  5  67       
PG30  23720.095236   1526.994420  12278.616719   -244.635196  4  4  2  65       
PG31 -24620.207226   9935.514202   3073.689416   -218.411551  4  6  3  52       
PG32 -15341.595592   1110.937553 -21403.172293   -546.077934  5  5  4  84       
*  2025  1  7  5 45  0.00000000
PG01  -3691.289019  16339.212242 -20605.108751 999999.999999  4  8 13           
PG02  -4745.417752  17229.991836 -19050.130693   -273.821264  3  7  4  88       
PG03   7335.079876  19624.392024 -16557.435509    641.154550  4  6  6  83       
PG04    106.915044  25686.237146   6452.103010    508.106938  2  8  6  89       
PG05   7243.431809 -13005.610547  21820.024344   -198.291559  3  5  3  81       
PG06  25233.153757  -5056.272333  -6760.081454   -100.784563  2  2  3  80       
PG07  13084.043321  10880.653327  21028.917956    -13.767299  2  4  2  97       
PG08  -6040.329911  25083.752669   5055.156440    455.684386  2  4  6  93       
PG09   7424.988544  21306.092484  13868.714154    518.825710  2  5  5  80       
PG10 -22729.093342  -8645.588205 -10840.682549   -266.304284  2  5  4  83       
PG11  22913.450597 -12212.861219   5478.755267   -752.242775  5  4  2  41       
PG12  -2985.205647 -19540.529971 -18052.841384   -562.996812  6  6  4  95       
PG13  13430.120746 -19833.367910  10977.461281    692.667178  2  3  3 100       
PG14  22876.788871  11459.026980  -7529.815826    575.259999  2  7  2  61       
PG15   2343.049617 -25976.809150   4071.872931    248.718802  2  4  4  77       
PG16 -13434.193453   7820.226669  21229.110956    -84.018460  6  6  3  71       
PG17  13760.568909   6500.144736 -21339.689220    485.549391  5  5  3  92       
PG18 -15002.017752  -8856.764289  20147.648002   -658.677917  5  7  5 104       
PG19  15909.434554  -4193.858240 -20894.119624    583.224201  3  7  4  96       
PG20  17955.025017  -5616.982055  18783.453296    367.272325  1  5  2  88       
PG21 -10923.575105  17820.540882 -15310.957437    100.287682  2  7  4  89       
PG22  21140.918669   5898.839407 -14348.895042    -90.946795  4  7  1  85       
PG23 -20355.975931 -17065.404859   2608.791028    398.959590  5  6  2  88       
PG24   6019.112424 -18566.110525 -18308.755132   -466.487903  6  4  2  85       
PG25 -15548.139036 -19788.409288  -9259.596014    497.114974  4  6  5  69       
PG26 -21228.461546    551.147984  16000.312091    -38.343622  5  5  4  47       
PG27 -12437.336732  18016.877851  14414.294056    -33.362954  4  5  5  70       
PG28 -24700.070740   4311.365777  -8784.779326   -529.002791  5  6  3  82       
PG29  -5474.387087 -21599.078132  14317.495892   -549.328726  5  4  6  86       
PG30  22395.178953   2275.901062  14458.072875   -244.627674  3  4  2  80       
PG31 -24905.175333   9772.680889    260.864849   -218.410703  4  6  3  81       
PG32 -14978.513699  -1376.453854 -21658.966909   -546.071911  5  5  4  85       
*  2025  1  7  6  0  0.00000000
PG01  -5888.135878  17018.194492 -19516.151528 999999.999999  5  8 12           
PG02  -6736.703214  18158.609524 -17529.941908   -273.812904  2  7  5  94       
PG03   5695.331415  18547.958162 -18353.582663    641.161570  5  6  6  77       
PG04   -212.721045  26225.785056   3653.389820    508.112229  3  9  6  81       
PG05   9362.977732 -11624.900064  21798.633868   -198.293083  3  5  3  89       
PG06  24437.365933  -4548.087716  -9462.192539   -100.809145  1  2  3  43       
PG07  10977.588934  11871.633530  21664.981497    -13.766830  3  4  3  93       
PG08  -6301.134049  24305.211670   7784.901397    455.691610  2  4  6  82       
PG09   7100.255905  22755.797022  11552.344641    518.839427  3  5  5  80       
PG10 -23541.439093  -9414.901603  -8235.551939   -266.318754  3  5  4  88       
PG11  23431.391305 -12158.135646   2659.812311   -752.242239  4  3  2  48       
PG12  -1297.655458 -18294.584126 -19518.695833   -562.998519  5  6  4  77       
PG13  13280.308581 -18393.568647  13377.211151    692.667890  1  3  4  98       
PG14  23279.457029  12104.300495  -4840.155495    575.266524  2  7  2  53       
PG15   2709.765624 -25311.138748   6796.252653    248.722823  2  4  5  75       
PG16 -15266.408131   6178.217690  20572.474219    -84.009806  5  6  3  47       
PG17  13297.491447   8953.123609 -20729.829223    485.534151  5  5  3  80       
PG18 -12869.330708  -9836.396346  21125.810120   -658.676823  5  7  5  89       
PG19  15490.662469  -1821.590815 -21582.484340    583.228142  3  6  3  75       
PG20  19737.366546  -4596.694956  17186.227181    367.272569  1  5  2  84       
PG21 -12558.425955  18439.113250 -13128.412578    100.288689  2  6  4  86       
PG22  22181.187709   7112.064071 -12084.037704    -90.948469  4  7  1  62       
PG23 -19885.505057 -16953.011353   5445.008787    398.966325  5  7  2  88       
PG24   7801.563881 -19360.630729 -16663.046401   -466.484445  6  4  1  78       
PG25 -14475.297516 -19322.505790 -11725.208502    497.114484  4  6  5  90       
PG26 -22609.420470   -535.120373  14045.569311    -38.357158  5  5  3  52       
PG27 -12484.387187  16173.791284  16419.548408    -33.362576  5  5  5  72       
PG28 -23766.053627   3606.728340 -11317.383541   -529.011718  5  6  3  99       
PG29  -5015.510363 -23057.942861  12024.186486   -549.325825  5  4  6  67       
PG30  20897.778661   3181.718023  16394.055673   -244.620202  3  4  3  79       
PG31 -24905.644078   9505.870114  -2556.375559   -218.410043  4  6  2  86       
PG32 -14744.544680  -3884.794024 -21533.974844   -546.065867  5  5  3  85       
*  2025  1  7  6 15  0.00000000
PG01  -7915.781418  17754.668724 -18091.172876 999999.999999  5 10 12           
PG02  -8513.133904  19084.185327 -15692.738792   -273.804713  2  7  5  94       
PG03   3841.756991  17466.611645 -19839.101826    641.168581  5  6  6  85       
PG04   -478.678284  26460.586481    791.226060    508.117519  3  9  6  73       
PG05  11531.975472 -10372.576158  21396.153792   -198.293285  2  5  2  82       
PG06  23405.891904  -3861.335535 -12002.116394   -100.833681  1  2  3  36       
PG07   8878.039293  12996.120052  21947.447605    -13.766108  3  3  2  90       
PG08  -6598.504917  23235.963786  10376.462333    455.698842  3  4  6  59       
PG09   6856.212784  23945.531223   9035.559472    518.853210  3  5  5  78       
PG10 -24140.990200  -9971.487411  -5490.202921   -266.333326  3  5  4  89       
PG11  23659.389948 -11994.547583   -205.054654   -752.241628  4  2  3  66       
PG12    569.577934 -17053.580752 -20656.991506   -563.000691  5  6  4  67       
PG13  13159.531831 -16690.080190  15540.849580    692.668976  1  2  4  99       
PG14  23458.727215  12557.631524  -2068.305236    575.273094  2  7  2  36       
PG15   3146.509928 -24360.377777   9400.766737    248.726782  2  5  5  85       
PG16 -17100.492111   4694.744100  19553.427386    -84.001572  4  6  3  52       
PG17  12970.944227  11335.930397 -19748.621561    485.518824  4  5  3  89       
PG18 -10710.848553 -10972.061821  21742.935314   -658.675783  6  6  5  93       
PG19  15190.179259    621.290758 -21902.338606    583.232645  2  6  3  68       
PG20  21388.171775  -3742.736049  15293.642935    367.271957  1  4  2  70       
PG21 -13936.591501  18991.890734 -10701.873955    100.289569  2  6  4  92       
PG22  23065.434449   8102.358069  -9603.545229    -90.950562  3  7  1  55       
PG23 -19139.322492 -16705.681194   8188.893445    398.973055  5  7  3  95       
PG24   9382.457312 -20131.428041 -14735.360016   -466.481007  6  4  1  71       
PG25 -13156.329714 -18774.252426 -13995.265396    497.113993  4  6  5  83       
PG26 -23831.897535  -1443.454646  11850.770215    -38.370687  5  5  4  43       
PG27 -12617.343972  14122.204338  18130.857281    -33.362191  5  5  4  65       
PG28 -22629.795689   2719.453799 -13655.405496   -529.020619  5  6  4  91       
PG29  -4666.477662 -24268.356738   9522.154677   -549.322681  5  5  7  66       
PG30  19267.794739   4253.102124  18053.883247   -244.612705  3  4  3  74       
PG31 -24638.588244   9102.603992  -5330.709034   -218.409248  4  6  2  81       
PG32 -14642.710136  -6363.677535 -21031.075905   -546.059799  4  5  3  80       
*  2025  1  7  6 30  0.00000000
PG01  -9742.660693  18514.787011 -16354.702358 999999.999999  4 11 11           
PG02 -10053.527466  19964.690586 -13572.052841   -273.796341  3  6  5  89       
PG03   1799.807352  16420.540310 -20988.941764    641.175569  5  6  6  88       
PG04   -728.048503  26382.783309  -2084.683410    508.122823  4  9  6  79       
PG05  13703.760439  -9268.752290  20619.925329   -198.294512  2  5  2  80       
PG06  22176.265456  -2976.251137 -14336.063153   -100.858133  1  2  4  68       
PG07   6826.639624  14236.342239  21870.678061    -13.765621  3  3  2  87       
PG08  -6965.265158  21897.447955  12783.876447    455.706085  3  3  6  80       
PG09   6660.397636  24851.563672   6362.126953    518.866971  4  6  5  52       
PG10 -24495.150978 -10338.965744  -2651.699056   -266.347849  3  5  4  96       
PG11  23610.893601 -11686.883328  -3066.375456   -752.240975  3  3  4  48       
PG12   2590.033561 -15855.223577 -21448.998166   -563.002423  5  6  4  76       
PG13  13102.002296 -14751.504229  17429.973327    692.670178  1  2  4  93       
PG14  23389.104313  12844.483359    738.638693    575.279630  3  7  2  21       
PG15   3683.213896 -23146.095633  11838.615683    248.730751  3  5  6  84       
PG16 -18891.507737   3387.293463  18191.636953    -83.992942  4  6  3  51       
PG17  12772.893431  13598.682382 -18413.669485    485.503397  4  5  4  68       
PG18  -8573.461390 -12249.204308  21987.848655   -658.674694  6  6  5  91       
PG19  15018.952721   3087.301586 -21849.602352    583.236906  1  6  3  69       
PG20  22864.316156  -3045.902745  13137.825892    367.272137  1  4  2  69       
PG21 -15049.452539  19436.152367  -8076.148417    100.291047  2  6  4  85       
PG22  23754.150935   8879.794126  -6952.140674    -90.952470  3  6  1  64       
PG23 -18111.746942 -16363.149878  10793.906275    398.979829  5  7  4  95       
PG24  10746.526381 -20839.148611 -12556.782300   -466.477584  6  4  1  82       
PG25 -11599.835531 -18182.929624 -16032.417718    497.113410  4  6  5  84       
PG26 -24859.085305  -2185.558243   9454.153493    -38.384238  5  5  4  26       
PG27 -12859.276491  11903.047377  19517.818792    -33.361809  4  5  3  79       
PG28 -21330.859369   1637.022734 -15758.683884   -529.029466  5  5  4  88       
PG29  -4397.329463 -25202.001851   6854.823769   -549.319775  6  5  7  54       
PG30  17547.335563   5491.204823  19409.398996   -244.605169  2  4  3  63       
PG31 -24128.129029   8534.717037  -8015.759984   -218.408507  4  5  2  90       
PG32 -14667.775359  -8763.430471 -20159.883458   -546.053747  3  5  2  62       
*  2025  1  7  6 45  0.00000000
PG01 -11344.516571  19260.728787 -14336.635758 999999.999999  1 11 11           
PG02 -11345.782103  20756.877652 -11206.667931   -273.788167  3  6  5  73       
PG03   -397.717246  15445.566555 -21783.639907    641.182571  5  6  5  98       
PG04   -998.575138  25993.607130  -4924.364965    508.128125  4  9  7  78       
PG05  15829.650159  -8325.324555  19483.892225   -198.295469  2  4  2  76       
PG06  20790.687211  -1880.896055 -16423.662626   -100.882665  2  2  4  46       
PG07   4861.362483  15567.615162  21434.602388    -13.765255  4  2  2  91       
PG08  -7430.037540  20318.972226  14964.588524    455.713316  4  3  6  86       
PG09   6477.153049  25458.425965   3578.483490    518.880718  4  6  5  68       
PG10 -24577.903796 -10547.217322    231.662651   -266.362302  3  4  4  93       
PG11  23307.324278 -11204.112193  -5874.692799   -752.240331  2  3  4  46       
PG12   4730.735217 -14732.614901 -21881.666221   -563.004453  5  6  4  77       
PG13  13136.942336 -12613.928219  19011.111575    692.671349  1  2  4  95       
PG14  23051.832259  12995.298434   3533.061796    575.286189  3  7  2  42       
PG15   4345.072628 -21697.429430  14065.581508    248.735086  4  5  6  87       
PG16 -20593.757679   2264.835876  16512.654362    -83.984815  3  6  3  81       
PG17  12687.380460  15694.888612 -16749.140768    485.487662  3  6  4  76       
PG18  -6501.465396 -13645.367245  21855.684432   -658.673654  6  6  5  93       
PG19  14979.916085   5528.046910 -21426.467269    583.240829  1  6  3  62       
PG20  24126.547852  -2489.587216  10755.538322    367.271924  1  4  2  54       
PG21 -15898.042645  19730.728152  -5300.098695    100.292005  2  5  4  80       
PG22  24212.638904   9462.376225  -4177.410014    -90.954148  3  6  1  44       
PG23 -16805.899746 -15966.460623  13215.814590    398.986679  4  7  5  87       
PG24  11886.150743 -21443.497067 -10163.049297   -466.474147  5  4  1  82       
PG25  -9822.211670 -17586.494029 -17803.201800    497.112903  4  6  5  97       
PG26 -25658.703500  -2779.888583   6897.080502    -38.397750  5  5  4  36       
PG27 -13226.228301   9562.192992  20556.110431    -33.361424  4  5  3  76       
PG28 -19912.020003    354.840823 -17591.100903   -529.038346  5  5  4  85       
PG29  -4173.870960 -25838.462987   4068.509071   -549.316751  6  6  7  89       
PG30  15779.222038   6889.441583  20437.428080   -244.597642  3  4  3  83       
PG31 -23404.546403   7779.567827 -10566.806924   -218.407742  4  5  2  88       
PG32 -14806.532653 -11036.865780 -18936.511070   -546.047709  3  5  1  76       
*  2025  1  7  7  0  0.00000000
PG01 -12705.138358  19952.200156 -12071.720245 999999.999999  1 11 10           
PG02 -12387.121000  21418.102575  -8639.785663   -273.780095  3  6  5  59       
PG03  -2711.712899  14571.812264 -22209.634673    641.189548  5  5  5  86       
PG04  -1326.968997  25303.342014  -7678.470626    508.133467  5  9  7  93       
PG05  17860.708732  -7545.656954  18008.320089   -198.296625  2  4  3  77       
PG06  19294.429105   -571.836789 -18228.672830   -100.907196  3  3  4  63       
PG07   3015.664643  16959.092107  20644.803722    -13.764639  4  3  2 104       
PG08  -8015.908908  18536.624957  16880.263015    455.720553  4  3  5  85       
PG09   6269.208709  25759.418289    732.904063    518.894462  5  6  5  65       
PG10 -24370.803561 -10631.032226   3111.143975   -266.376798  3  4  4  88       
PG11  22777.168164 -10520.782401  -8581.429031   -752.239709  1  3  4  69       
PG12   6953.243501 -13713.081296 -21947.812890   -563.006388  6  7  4  88       
PG13  13287.291491 -10319.659726  20256.369550    692.672681  1  3  3  94       
PG14  22435.687737  13044.163958   6267.605181    575.292697  3  6  2  40       
PG15   5151.270657 -20050.055064  16040.948013    248.738682  4  4  6  86       
PG16 -22162.484899   1327.745044  14547.330306    -83.976232  3  6  4  60       
PG17  12691.290794  17583.149263 -14785.265900    485.472577  2  7  4  79       
PG18  -4535.012628 -15130.913778  21348.013704   -658.672621  6  6  5  93       
PG19  15067.930167   7895.861848 -20641.274186    583.244912  1  5  3  75       
PG20  25140.943025  -2050.585568   8187.570673    367.271347  2  4  2  58       
PG21 -16492.795607  19837.876260  -2425.524968    100.293234  2  5  4  70       
PG22  24412.409525   9875.049524  -1328.844319    -90.956253  2  6  2  34       
PG23 -15233.745064 -15556.290320  15413.412929    398.993443  5  7  5  92       
PG24  12801.549387 -21904.827396  -7594.057490   -466.470729  5  4  2  68       
PG25  -7847.200183 -17020.121783 -19278.510797    497.112408  4  6  5  89       
PG26 -26204.164874  -3250.713207   4223.318070    -38.411277  5  5  4  19       
PG27 -13726.471086   7148.762816  21227.937744    -33.360968  4  5  3  82       
PG28 -18417.645797  -1123.386688 -19121.198394   -529.047246  5  4  4  98       
PG29  -3959.203940 -26165.956151   1211.591598   -549.314101  6  6  8  80       
PG30  14005.473418   8433.551900  21120.164872   -244.590124  3  4  3  85       
PG31 -22503.087513   6821.044388 -12941.453814   -218.407035  4  4  2  86       
PG32 -15038.414921 -13140.928914 -17383.216620   -546.041684  3  5  1  92       
*  2025  1  7  7 15  0.00000000
PG01 -13816.792048  20548.042100  -9598.955472 999999.999999  1 12  9           
PG02 -13183.939468  21908.121022  -5918.100444   -273.771829  3  5  5 103       
PG03  -5098.054283  13822.587626 -22259.490369    641.196520  5  5  6  98       
PG04  -1747.265184  24330.942688 -10299.161477    508.138758  5  9  7  95       
PG05  19749.523762  -6924.617122  16219.398125   -198.297290  2  3  3  80       
PG06  17734.126369    945.503416 -19719.624830   -100.931701  4  3  4  74       
PG07   1317.391565  18374.753251  19512.542476    -13.764392  4  3  3  98       
PG08  -8739.334293  16591.921999  18497.499881    455.727769  4  3  5  83       
PG09   5999.327837  25756.782262  -2125.355083    518.908231  5  7  5  51       
PG10 -23863.693480 -10628.595988   5938.344002   -266.391258  2  4  3  85       
PG11  22054.799718  -9618.206114 -11139.739940   -752.239074  2  4  5  66       
PG12   9214.908724 -12817.222671 -21646.228302   -563.008674  6  7  4  90       
PG13  13568.681992  -7915.712851  21143.956214    692.673767  1  3  3 102       
PG14  21537.502235  13027.349929   8895.932357    575.299340  3  6  2  27       
PG15   6113.946249 -18244.880622  17728.372485    248.742742  4  4  6  94       
PG16 -23555.517406    568.065645  12331.151680    -83.967822  2  6  4  67       
PG17  12755.433139  19228.641567 -12557.703559    485.456992  3  7  4  63       
PG18  -2708.718105 -16670.038048  20472.865238   -658.671537  6  7  5  91       
PG19  15270.058440  10145.407787 -19508.300841    583.249048  1  5  3  82       
PG20  25880.173932  -1700.172694   5478.054309    367.271404  2  4  2  65       
PG21 -16852.868218  19725.010196    494.031414    100.294355  3  4  4  96       
PG22  24332.324342  10148.439852   1543.133667    -90.958316  2  6  2  24       
PG23 -13415.806524 -15171.297156  17349.200043    399.000257  5  7  5  99       
PG24  13500.677696 -22185.757471  -4893.274092   -466.467332  5  4  3  78       
PG25  -5705.181148 -16514.869237 -20434.006124    497.111913  4  6  5  93       
PG26 -26475.529164  -3626.959149   1478.303325    -38.424844  5  5  4  65       
PG27 -14360.100763   4713.315385  21522.331982    -33.360539  4  5  3  93       
PG28 -16892.030339  -2785.602988 -20322.713629   -529.056127  5  4  4 101       
PG29  -3715.368294 -26181.729182  -1666.345287   -549.310884  6  6  8  73       
PG30  12265.828231  10101.950120  21445.485612   -244.582570  3  4  3  87       
PG31 -21462.614733   5650.330103 -15100.260496   -218.406268  4  3  3  92       
PG32 -15336.409845 -15038.169148 -15527.935625   -546.035640  4  5  2  84       
*  2025  1  7  7 30  0.00000000
PG01 -14680.326338  21007.885017  -6960.920906 999999.999999  2 12  9           
PG02 -13751.268692  22190.776567  -3090.814321   -273.763721  3  4  5  90       
PG03  -7509.067962  13213.544384 -21932.031484    641.203471  5  5  6  94       
PG04  -2289.288018  23103.323355 -12740.962360    508.144082  5  8  7  91       
PG05  21451.924528  -6448.957888  14148.733558   -198.298002  2  2  3  71       
PG06  16156.022207   2656.836608 -20870.391469   -100.956183  4  3  3  63       
PG07   -212.131112  19774.604477  18054.710902    -13.763721  4  3  3  89       
PG08  -9609.327270  14530.249384  19788.437962    455.735045  4  4  4 101       
PG09   5631.950902  25461.536218  -4946.924854    518.921963  5  6  5  89       
PG10 -23055.120830 -10579.870523   8665.954705   -266.405758  2  4  4  85       
PG11  21179.086782  -8485.385654 -13505.339514   -752.238495  3  4  5  51       
PG12  11470.281571 -12058.217262 -20981.700845   -563.010620  6  6  3  76       
PG13  13988.726955  -5452.110520  21658.583590    692.674995  1  3  3 100       
PG14  20362.393551  12981.773886  11373.478850    575.305874  3  6  2  44       
PG15   7237.447120 -16326.513553  19096.681041    248.746821  5  3  6  92       
PG16 -24734.794643    -29.895047   9903.521266    -83.959479  2  6  4  27       
PG17  12845.878142  20604.329080 -10106.793016    485.441454  3  8  4  69       
PG18  -1050.478608 -18222.032612  19244.636222   -658.670478  6  7  5  92       
PG19  15566.139326  12235.169665 -18047.467831    583.253485  2  5  3  82       
PG20  26324.538718  -1405.402125   2673.706434    367.270834  2  3  2  47       
PG21 -17005.076720  19366.189435   3404.515637    100.295619  2  3  4  69       
PG22  23959.434285  10317.383096   4388.133140    -90.960131  2  5  3  41       
PG23 -11380.569201 -14846.551117  18990.002190    399.007064  5  7  6  97       
PG24  13998.822273 -22252.744052  -2107.049219   -466.463931  4  4  3  67       
PG25  -3432.234181 -16096.495471 -21250.467288    497.111401  4  6  5  95       
PG26 -26460.214243  -3940.901703  -1291.598352    -38.438397  4  5  4  74       
PG27 -15118.989976   2305.994975  21435.292793    -33.360104  4  5  4  90       
PG28 -15377.741680  -4611.672715 -21175.026024   -529.065025  5  4  4  95       
PG29  -3405.026580 -25892.119127  -4515.399203   -549.307862  6  7  8  73       
PG30  10596.353506  11866.357261  21407.180725   -244.575029  3  4  3  81       
PG31 -20324.141308   4266.405162 -17007.327563   -218.405545  4  3  3  86       
PG32 -15668.232990 -16697.980706 -13403.717669   -546.029575  4  5  1  65       
*  2025  1  7  7 45  0.00000000
PG01 -15304.950996  21293.785221  -4203.040997 999999.999999  2 12  7           
PG02 -14111.888434  22235.507935   -208.622342   -273.755379  3  3  5  91       
PG03  -9895.144721  12752.124951 -21232.383753    641.210402  5  5  6 100       
PG04  -2977.286250  21654.345906 -14961.570851    508.149450  5  8  7 109       
PG05  22928.573434  -6098.025758  11832.751240   -198.298970  2  1  3  72       
PG06  14604.232863   4539.349586 -21660.668479   -100.980668  4  4  3  74       
PG07  -1558.783438  21116.052665  16293.710854    -13.763494  4  3  4  76       
PG08 -10626.968986  12399.169442  20731.233752    455.742227  4  5  4  92       
PG09   5134.771107  24892.981613  -7683.186339    518.935732  5  6  5  78       
PG10 -21952.442128 -10524.929328  11248.485634   -266.420238  3  3  3  85       
PG11  20191.831649  -7119.643225 -15637.280134   -752.237865  3  5  4  40       
PG12  13672.633326 -11441.406885 -19964.961064   -563.012336  6  6  3  87       
PG13  14546.650824  -2980.074429  21791.729284    692.676342  2  4  3  97       
PG14  18923.698098  12943.449156  13658.174820    575.312454  3  6  2  51       
PG15   8517.917845 -14341.565803  20120.560880    248.750795  5  3  5  84       
PG16 -25667.720165   -488.685215   7306.999301    -83.951213  1  6  4  60       
PG17  12925.494322  21691.845200  -7476.716519    485.425801  4  8  4  88       
PG18    419.449630 -19742.766121  17683.890878   -658.669493  6  7  5  88       
PG19  15929.630304  14128.803298 -16283.970485    583.257515  3  6  3  74       
PG20  26462.710501  -1130.580634   -176.980160    367.270751  3  4  3  51       
PG21 -16982.506977  18743.302373   6252.571861    100.297172  2  3  4  86       
PG22  23289.488617  10419.312026   7156.725951    -90.962039  2  6  4  12       
PG23  -9163.587032 -14612.105939  20307.533563    399.013870  4  7  5  85       
PG24  14317.899655 -22077.552638    716.163808   -466.460529  4  4  3  90       
PG25  -1069.000225 -15784.485728 -21714.078392    497.110863  5  6  5  89       
PG26 -26153.442831  -4226.742912  -4039.832291    -38.451895  4  5  4  82       
PG27 -15987.094202    -25.278555  20969.777559    -33.359651  3  5  5  88       
PG28 -13914.051148  -6573.970076 -21663.507571   -529.073884  5  4  4  96       
PG29  -2993.123627 -25312.265161  -7286.234552   -549.305022  6  7  8  79       
PG30   9028.193107  13692.694208  21005.101474   -244.567462  4  4  3  87       
PG31 -19129.305426   2676.267191 -18630.831500   -218.404528  4  2  4  86       
PG32 -15997.708484 -18097.568665 -11048.081313   -546.023473  5  5  1  85       
*  2025  1  7  8  0  0.00000000
PG01 -15707.696966  21371.779570  -1372.801005 999999.999999  3 12  6           
PG02 -14295.136943  22018.612971   2677.301688   -273.747425  3  3  4  78       
PG03 -12206.433650  12437.328730 -20171.919986    641.217305  4  5  7  89       
PG04  -3828.793737  20023.548501 -16922.604694    508.154770  4  7  7 102       
PG05  24146.368853  -5844.764234   9312.012619   -198.299485  2  1  3  82       
PG06  13119.100744   6562.380873 -22076.357672   -101.005145  4  4  2  84       
PG07  -2716.083846  22355.416285  14257.246733    -13.762771  4  3  4  83       
PG08 -11785.253330  10246.663059  21310.407887    455.749484  4  5  4  88       
PG09   4480.179515  24077.902184 -10287.112615    518.949418  5  6  5  94       
PG10 -20571.617554 -10502.306535  13642.951012   -266.434721  3  4  4  90       
PG11  19136.109700  -5526.928170 -17498.673484   -752.237230  4  5  5  66       
PG12  15775.533671 -10964.177790 -18612.543455   -563.014499  6  6  3  70       
PG13  15233.276054   -550.178824  21541.757975    692.677338  3  4  3 100       
PG14  17242.605837  12945.973892  15711.131067    575.318984  3  6  3  75       
PG15   9943.243700 -12336.871108  20781.125349    248.755116  5  3  5  90       
PG16 -26328.294659   -836.579756   4586.524483    -83.942803  1  5  4  77       
PG17  12955.610887  22482.018183  -4714.596871    485.410376  5  8  4  82       
PG18   1689.076414 -21186.316281  15817.047130   -658.668471  6  7  4  90       
PG19  16328.690018  15796.288153 -14247.844212    583.261796  5  6  3  86       
PG20  26292.173988   -838.859624  -3024.588142    367.270682  3  4  4  61       
PG21 -16822.875470  17846.890159   8986.696767    100.298604  2  4  4  73       
PG22  22327.101211  10492.571635   9801.324558    -90.964018  2  5  4  29       
PG23  -6806.326356 -14491.766410  21278.885076    399.020655  4  7  5  92       
PG24  14485.478149 -21638.556974   3526.669330   -466.457134  4  4  3  72       
PG25   1340.619037 -15591.308742 -21816.649224    497.110406  5  5  5  84       
PG26 -25558.412561  -4519.132534  -6720.381652    -38.465417  4  5  4  62       
PG27 -16941.092425  -2236.503008  20135.544031    -33.359168  3  5  6  86       
PG28 -12535.501899  -8638.260141 -21779.771371   -529.082689  5  5  4  81       
PG29  -2448.454342 -24465.489552  -9930.953603   -549.301924  6  6  8  74       
PG30   7586.501942  15542.207186  20245.216035   -244.559894  4  4  3  58       
PG31 -17918.835114    894.863608 -19943.506069   -218.404014  4  2  4  76       
PG32 -16286.298813 -19222.606925  -8502.303683   -546.017402  5  5  1 104       
*  2025  1  7  8 15  0.00000000
PG01 -15912.579864  21213.297562   1481.072830 999999.999999  3 11  3           
PG02 -14335.478641  21524.220996   5516.291670   -273.739054  2  4  4  85       
PG03 -14394.557280  12259.805990 -18768.109419    641.224237  4  5  7  66       
PG04  -4853.761243  18254.665859 -18590.273508    508.160144  4  6  6  86       
PG05  25079.606086  -5656.968371   6630.469481   -198.300853  3  2  4  60       
PG06  11735.700447   8688.411850 -22109.843418   -101.029590  5  4  2  88       
PG07  -3685.344806  23449.522979  11978.025857    -13.762323  4  3  4  85       
PG08 -13069.270448   8119.381887  21517.056038    455.756712  4  5  5  84       
PG09   3646.523483  23049.489350 -12714.074405    518.963142  5  6  5 101       
PG10 -18936.704641 -10547.417644  15809.513483   -266.449181  4  4  4  93       
PG11  18054.571275  -3721.788700 -19057.338651   -752.236641  5  5  4  85       
PG12  17734.431658 -10616.142936 -16946.565606   -563.016497  5  5  2  86       
PG13  16031.364008   1789.455012  20913.901878    692.678747  4  4  3 103       
PG14  15347.510110  13019.116888  17497.279158    575.325616  3  5  3  81       
PG15  11493.358178 -10357.694602  21066.331889    248.759169  4  2  5  85       
PG16 -26697.993877  -1106.255328   1788.629930    -83.934276  2  5  4  58       
PG17  12897.733024  22975.022425  -1869.556197    485.394567  5  7  4  71       
PG18   2754.979353 -22506.695937  13675.953694   -658.667421  6  7  4  72       
PG19  16727.457447  17214.848252 -11973.470469    583.265839  6  6  3  78       
PG20  25819.330111   -493.879869  -5819.651654    367.270174  4  4  5  56       
PG21 -16566.729092  16676.582105  11558.296543    100.299271  1  5  4  79       
PG22  21085.576550  10574.734010  12276.991035    -90.966089  2  5  5  68       
PG23  -4354.786054 -14502.098431  21886.933147    399.027526  4  7  5  93       
PG24  14533.555370 -20921.806641   6274.456001   -466.453675  4  4  3   3       
PG25   3750.881754 -15521.934013 -21555.768361    497.109963  5  5  4  98       
PG26 -24686.186642  -4851.684924  -9288.474990    -38.478921  4  5  4  66       
PG27 -17951.328712  -4289.101937  18948.857281    -33.358738  3  5  6  97       
PG28 -11270.671711 -10764.840206 -21521.814321   -529.091565  5  5  4 102       
PG29  -1745.077055 -23382.372665 -12403.936223   -549.298989  6  6  8  84       
PG30   6289.607086  17372.787543  19139.570635   -244.552339  4  4  3  71       
PG31 -16731.056449  -1055.262743 -20923.065916   -218.403349  5  2  5  70       
PG32 -16494.720868 -20067.568644  -5810.661146   -546.011356  5  4  1 106       
*  2025  1  7  8 30  0.00000000
PG01 -15949.500084  20796.375727   4309.454385 999999.999999  2 11  1           
PG02 -14270.898588  20744.940717   8259.124075   -273.731032  2  4  4  72       
PG03 -16414.285528  12202.278125 -17044.270182    641.231132  3  6  7  65       
PG04  -6053.993735  16394.000744 -19935.962499    508.165435  4  5  6  87       
PG05  25710.853711  -5498.737592   3834.668553   -198.301665  4  3  4  45       
PG06  10482.557140  10874.335941 -21760.155391   -101.054074  5  4  2  93       
PG07  -4475.535718  24357.339511   9493.359528    -13.761759  4  3  4  76       
PG08 -14456.715960   6060.981877  21348.925108    455.764004  4  5  6  92       
PG09   2619.130040  21846.037613 -14922.595965    518.976830  5  5  5  58       
PG10 -17079.070689 -10691.106617  17712.079464   -266.463616  4  4  4  90       
PG11  16987.773872  -1727.008390 -20286.365442   -752.236003  5  5  4  75       
PG12  19508.184595 -10379.621589 -14994.424468   -563.018434  5  5  2  79       
PG13  16916.292491   3994.849691  19920.104213    692.679777  5  3  4 103       
PG14  13273.094691  13187.552915  18985.956631    575.332154  3  5  4  91       
PG15  13140.903093  -8446.016324  20971.238330    248.763286  4  2  5  93       
PG16 -26766.366945  -1333.324351  -1039.332717    -83.925713  2  5  4  53       
PG17  12715.235140  23180.158199   1008.238550    485.379254  4  7  4  57       
PG18   3622.267519 -23659.605161  11297.362467   -658.666385  5  7  4  70       
PG19  17087.481535  18369.611986  -9499.030115    583.270136  6  6  2  78       
PG20  25059.262435    -61.403328  -8513.540328    367.269768  4  5  5  60       
PG21 -16255.576069  15241.135887  13922.617746    100.300493  2  5  4  82       
PG22  19586.411820  10700.980498  14542.164873    -90.967946  3  5  5  76       
PG23  -1857.943244 -14651.720910  22120.660701    399.034339  4  6  5  94       
PG24  14497.137079 -19921.808400   8910.169216   -466.450263  4  3  3  68       
PG25   6115.700052 -15573.627425 -20934.885151    497.109465  5  5  4 103       
PG26 -23555.311562  -5255.544391 -11701.267431    -38.492553  4  5  4  85       
PG27 -18983.008799  -6151.190032  17432.075401    -33.358240  3  6  6  87       
PG28 -10141.177047 -12909.898191 -20894.051665   -529.100479  5  5  3 105       
PG29   -863.516412 -22099.560071 -14662.632651   -549.295904  6  6  7  95       
PG30   5148.429567  19140.440026  17706.152269   -244.544766  4  4  3  77       
PG31 -15600.496368  -3144.604171 -21552.568151   -218.402285  5  2  5  65       
PG32 -16584.583799 -20635.722899  -3019.637234   -546.005281  5  4  1  87       
*  2025  1  7  8 45  0.00000000
PG01 -15852.922945  20106.626812   7063.665231 999999.999999  1 11  1           
PG02 -14141.196972  19682.166883  10858.881820   -273.722583  2  5  4  73       
PG03 -18225.106778  12240.271358 -15029.225587    641.238069  2  6  7  69       
PG04  -7422.914891  14488.711627 -20936.718116    508.170773  4  5  6  68       
PG05  26031.514661  -5332.066847    972.923259   -198.302886  5  4  4  44       
PG06   9380.628830  13072.958287 -21033.012627   -101.078521  5  4  2  86       
PG07  -5102.847120  25041.574269   6844.659961    -13.761281  3  3  4  73       
PG08 -15918.699640   4110.603864  20810.359348    455.771318  4  5  6  78       
PG09   1391.055561  20509.462090 -16875.049031    518.990568  5  5  4  70       
PG10 -15036.352112 -10958.369248  19318.841554   -266.478105  4  5  4  87       
PG11  15972.610421    427.078892 -21164.582632   -752.235395  6  5  4  82       
PG12  21060.480290 -10230.402089 -12788.410009   -563.020361  5  5  3  82       
PG13  17857.037973   6027.680556  18578.733354    692.680962  5  3  4 104       
PG14  11059.189831  13469.795381  20151.428529    575.338730  3  4  4  77       
PG15  14852.212193  -6638.966974  20498.089306    248.767574  4  2  5  99       
PG16 -26531.341479  -1554.785377  -3849.950189    -83.917238  3  5  4  67       
PG17  12374.961168  23115.278543   3868.519427    485.363490  4  6  4  55       
PG18   4304.205973 -24604.140008   8722.303610   -658.665364  5  6  4  59       
PG19  17369.250478  19253.990346  -6865.910485    583.273931  7  6  2  87       
PG20  24035.172898    489.134440 -11059.333715    367.269644  5  5  5  67       
PG21 -15930.038399  13558.096829  16039.531663    100.301767  2  5  4  90       
PG22  17858.503478  10902.612921  16559.301165    -90.969475  3  5  5  78       
PG23    633.919489 -14940.908775  21975.383306    399.041115  4  6  5  87       
PG24  14412.674489 -18641.977648  11386.105165   -466.446853  4  3  3  69       
PG25   8390.158301 -15736.035294 -19963.316934    497.108980  5  5  3  99       
PG26 -22191.176978  -5758.049181 -13918.489385    -38.506079  4  4  4  87       
PG27 -19997.596471  -7798.550983  15613.130787    -33.357799  3  6  6  90       
PG28  -9160.956117 -15027.036763 -19907.242819   -529.109464  5  5  3  82       
PG29    208.291317 -20658.350151 -16668.295152   -549.292711  7  6  7  81       
PG30   4166.191737  20800.847091  15968.650647   -244.537216  4  5  2  70       
PG31 -14556.628747  -5337.575677 -21820.707312   -218.401641  5  1  5  91       
PG32 -16519.985172 -20938.804235   -177.113149   -545.999218  5  4  1  72       
*  2025  1  7  9  0  0.00000000
PG01 -15660.390796  19137.925799   9696.313857 999999.999999  1 11  1           
PG02 -13986.257256  18346.044427  13271.732532   -273.714516  2  5  4  81       
PG03 -19792.637010  12343.139314 -12756.866190    641.244982  2  5  7  47       
PG04  -8945.667187  12585.084278 -21575.627930    508.176162  5  4  6  57       
PG05  26042.054270  -5118.511873  -1905.531320   -198.303882  6  4  4  68       
PG06   8442.593873  15234.668529 -19940.746217   -101.102953  5  4  2  93       
PG07  -5589.961461  25470.189168   4076.831031    -13.760781  3  3  4  79       
PG08 -17420.815571   2301.558616  19912.124174    455.778662  4  5  6  76       
PG09    -36.465945  19083.696421 -18538.274293    519.004289  6  5  4  84       
PG10 -12851.196704 -11367.296854  20602.763636   -266.492518  4  5  4  91       
PG11  15040.895373   2703.569193 -21676.922887   -752.234715  7  5  4  83       
PG12  22361.100518 -10138.763609 -10365.237387   -563.022418  5  5  3  93       
PG13  18817.418147   7856.544162  16914.178399    692.681905  5  3  4  98       
PG14   8749.437512  13877.367455  20973.336894    575.345267  3  4  4  84       
PG15  16588.572903  -4967.486421  19656.231409    248.771508  4  1  5  87       
PG16 -25999.232385  -1807.447426  -6596.476918    -83.908961  3  4  4  91       
PG17  11848.667833  22805.896557   6661.829291    485.348576  3  5  4  63       
PG18   4821.514016 -25304.389142   5995.373371   -658.664388  5  6  4  55       
PG19  17533.767082  19869.762188  -4118.072259    583.278260  7  6  2  72       
PG20  22777.508095   1183.214880 -13412.668309    367.269287  5  5  6  61       
PG21 -15628.108850  11653.108697  17874.161249    100.302802  2  5  5  92       
PG22  15937.096789  11205.747536  18295.414334    -90.971368  3  4  5  66       
PG23   3070.944144 -15361.525269  21452.874254    399.047901  4  5  4  94       
PG24  14316.426608 -17094.730279  13657.199112   -466.443565  4  2  3  79       
PG25  10532.004266 -15991.558064 -18656.177527    497.108510  5  5  3  89       
PG26 -20625.141051  -6381.540504 -15903.057156    -38.519644  4  4  4  89       
PG27 -20954.348222  -9215.297057  13524.925249    -33.357453  4  6  6  82       
PG28  -8335.858012 -17068.905474 -18578.309607   -529.118331  5  5  3  64       
PG29   1474.346913 -19103.118834 -18386.636037   -549.289423  7  6  7  82       
PG30   3338.425130  22310.971778  13956.118533   -244.529697  4  5  2  79       
PG31 -13622.808467  -7593.631778 -21722.038769   -218.400939  5  1  5  77       
PG32 -16269.005337 -20996.373898   2668.444831   -545.993198  5  5  2  62       
*  2025  1  7  9 15  0.00000000
PG01 -15410.925480  17892.785822  12162.111830 999999.999999  2 10  1           
PG02 -13844.358447  16755.103100  15457.611351   -273.706602  3  6  4  75       
PG03 -21089.812759  12475.338740 -10265.621166    641.251961  2  6  6  53       
PG04 -10599.542393  10726.854944 -21842.089425    508.181520  5  4  5  71       
PG05  25751.890766  -4820.862715  -4751.384869   -198.304599  7  5  5  71       
PG06   7672.473110  17309.221813 -18502.100395   -101.127415  5  4  3  99       
PG07  -5965.048016  25617.756732   1237.554534    -13.760303  3  3  4  83       
PG08 -18924.426228    660.263369  18671.117952    455.785944  4  5  6  86       
PG09  -1653.891711  17613.033127 -19884.121573    519.017990  6  5  4  80       
PG10 -10569.831574 -11928.277219  21542.004361   -266.507053  4  5  4  93       
PG11  14218.163834   5060.225739 -21814.678158   -752.234088  7  5  4  93       
PG12  23386.977757 -10070.723063  -7765.499836   -563.024403  5  4  3  80       
PG13  19757.540444   9457.939697  14956.339420    692.683302  6  3  5  99       
PG14   6389.813386  14414.244632  21437.070217    575.351877  3  3  4  94       
PG15  18307.707209  -3455.263643  18461.862435    248.775498  4  1  5  94       
PG16 -25184.461088  -2126.384194  -9233.530270    -83.900443  4  4  4  53       
PG17  11114.256154  22284.018440   9340.383334    485.332857  4  4  4  62       
PG18   5201.363645 -25730.853113   3163.947188   -658.663455  5  6  4  64       
PG19  17544.115421  20226.864446  -1301.382002    583.282314  7  5  2  81       
PG20  21322.810226   2040.028255 -15532.539754    367.268970  5  5  6  69       
PG21 -15383.584095   9558.922741  19397.348423    100.304109  2  5  5  71       
PG22  13862.524430  11630.235877  19722.525641    -90.973443  3  4  5  85       
PG23   5405.420379 -15897.289595  20561.383545    399.054702  4  5  4  85       
PG24  14242.820449 -15301.201840  15681.978404   -466.440179  4  2  3  85       
PG25  12503.061368 -16316.005568 -17034.222817    497.108053  5  5  3  95       
PG26 -18893.451761  -7142.358089 -17621.640164    -38.533185  4  4  3  92       
PG27 -21811.921679 -10394.194030  11204.657619    -33.357020  4  6  6  74       
PG28  -7663.553277 -18988.879013 -16930.049710   -529.127193  5  5  3  67       
PG29   2930.255311 -17479.643872 -19788.401440   -549.286334  7  6  6  91       
PG30   2653.282574  23630.638585  11702.531489   -244.522156  4  5  2  83       
PG31 -12815.432886  -9868.577074 -21257.125249   -218.400034  5  1  5  71       
PG32 -15805.045330 -20834.902311   5468.788076   -545.987126  5  5  2  74       
*  2025  1  7  9 30  0.00000000
PG01 -15143.383729  16382.409055  14418.652742 999999.999999  4 10  1           
PG02 -13750.596027  14935.587958  17380.802881   -273.698379  3  6  4  70       
PG03 -22097.820581  12597.912404  -7597.844209    641.258870  3  5  6  73       
PG04 -12354.724274   8953.649961 -21731.964755    508.186864  5  3  5  89       
PG05  25178.956660  -4404.760626  -7516.085183   -198.305626  7  5  5  53       
PG06   7065.602566  19247.558121 -16741.914420   -101.151888  5  4  3  99       
PG07  -6260.512517  25466.599917  -1623.521802    -13.759964  4  3  4  93       
PG08 -20388.106016   -794.534913  17109.983756    455.793152  4  6  6  80       
PG09  -3443.559909  16140.469829 -20889.901564    519.031675  6  5  4  99       
PG10  -8240.505096 -12643.481700  22120.274538   -266.521573  4  5  4  83       
PG11  13522.730311   7450.925133 -21575.641534   -752.233464  7  5  4  84       
PG12  24123.003188  -9989.464347  -5033.045977   -563.026546  5  4  3  78       
PG13  20635.394971  10816.929750  12740.027359    692.684220  5  3  5 101       
PG14   4027.058613  15076.592292  21534.045451    575.358483  3  3  4  93       
PG15  19965.402729  -2118.001799  16937.626419    248.779873  4  1  5  83       
PG16 -24109.000800  -2543.470861 -11717.746927    -83.892012  4  3  4  74       
PG17  10156.747623  21586.756782  11858.865723    485.317205  4  3  4  71       
PG18   5476.117496 -25861.627528    277.332908   -658.662449  4  5  4  69       
PG19  17366.964169  20342.894610   1537.083695    583.286262  7  4  2  69       
PG20  19712.338306   3071.516674 -17382.043640    367.268824  6  4  6  71       
PG21 -15224.731331   7314.161662  20585.967005    100.305176  3  5  5  64       
PG22  11678.785689  12188.846170  20818.015257    -90.975215  3  3  6  94       
PG23   7593.436414 -16524.373395  19315.547096    399.061511  4  4  4  93       
PG24  14222.884367 -13290.599040  17423.450208   -466.436768  4  2  2  91       
PG25  14270.511232 -16679.516112 -15123.609555    497.107569  4  4  2  97       
PG26 -17036.001193  -8050.057710 -19045.179519    -38.546708  4  4  3  98       
PG27 -22529.993046 -11336.649216   8693.102118    -33.356593  5  6  6  77       
PG28  -7133.768960 -20742.717774 -14990.749849   -529.136092  4  6  3  91       
PG29   4563.222825 -15833.394239 -20849.852227   -549.283156  7  6  6  87       
PG30   2092.146638  24724.030853   9246.250247   -244.514616  4  5  2  78       
PG31 -12143.363516 -12116.027829 -20432.600948   -218.399395  5  2  4  69       
PG32 -15107.960787 -20486.611633   8176.666903   -545.981062  5  5  3  87       
*  2025  1  7  9 45  0.00000000
PG01 -14894.829735  14626.410296  16427.140482 999999.999999  6 10  5           
PG02 -13735.467925  12920.521253  19010.420789   -273.690332  3  6  4  55       
PG03 -22806.724664  12670.124362  -4799.121176    641.265820  4  5  6  53       
PG04 -14175.313132   7299.601272 -21247.620840    508.192205  4  3  5  76       
PG05  24348.951707  -3840.196900 -10152.645168   -198.306841  7  5  5  54       
PG06   6608.958453  21003.587975 -14690.690245   -101.176367  6  4  3  87       
PG07  -6511.545038  25007.657379  -4455.683177    -13.759499  4  3  4  81       
PG08 -21769.185383  -2052.226836  15256.634227    455.800408  5  6  6  76       
PG09  -5380.191722  14706.123720 -21538.743715    519.045391  6  5  4  92       
PG10  -5911.855590 -13506.658470  22327.123706   -266.536006  4  5  4  89       
PG11  12965.043119   9827.256266 -20964.133747   -752.233004  8  5  4  81       
PG12  24562.551717  -9856.899079  -2214.287011   -563.028316  5  4  3  49       
PG13  21408.526038  11927.460878  10304.289701    692.685319  6  4  5  91       
PG14   1707.078897  15852.811254  21261.895857    575.365010  3  2  4  82       
PG15  21517.219174   -963.035112  15112.071489    248.783814  5  1  5  66       
PG16 -22801.571372  -3086.051836 -14008.397007    -83.883562  4  3  4  64       
PG17   8968.973731  20754.784773  14175.150352    485.301995  5  2  4  54       
PG18   5681.856886 -25683.300556  -2614.119058   -658.661416  3  4  4  51       
PG19  16973.953784  20242.341973   4349.756322    583.290586  6  3  3  66       
PG20  17990.514880   4281.708106 -18929.039682    367.268773  6  4  6  73       
PG21 -15173.230340   4961.901001  21423.092334    100.305746  3  5  5  70       
PG22   9432.020868  12886.728242  21564.881572    -90.977058  3  3  5  81       
PG23   9596.394215 -17212.306696  17736.184206    399.068300  4  3  3  82       
PG24  14282.828026 -11099.207443  18849.895128   -466.433376  4  2  2  73       
PG25  15807.998237 -17047.712016 -12955.564042    497.107065  4  4  2 104       
PG26 -15094.955130  -9106.879109 -20149.352643    -38.560262  4  4  3  98       
PG27 -23070.821426 -12052.373486   6033.854654    -33.356055  6  6  6  86       
PG28  -6728.838745 -22290.147435 -12793.704849   -529.145004  4  5  3  52       
PG29   6352.383230 -14207.850806 -21553.145456   -549.280325  7  5  6  48       
PG30   1630.514455  25561.044697   6629.391373   -244.507073  4  5  2  70       
PG31 -11607.632792 -14288.975630 -19261.147677   -218.398606  5  2  4  49       
PG32 -14164.952898 -19988.124781  10746.580401   -545.975061  4  4  3  89       
*  2025  1  7 10  0  0.00000000
PG01 -14698.988374  12652.223572  18153.054415 999999.999999  7 10  4           
PG02 -13823.672367  10748.539016  20320.786709   -273.682239  4  6  4  65       
PG03 -23215.764955  12651.185640  -1917.508716    641.272785  4  5  6  50       
PG04 -16020.591147   5792.189748 -20397.856306    508.197541  4  2  5  59       
PG05  23294.319176  -3102.837795 -12616.411535   -198.307888  8  5  5  45       
PG06   6281.821761  22535.873416 -12384.053601   -101.200821  6  4  3  83       
PG07  -6754.521844  24241.025533  -7208.116549    -13.758930  4  3  4  56       
PG08 -23025.334840  -3110.488419  13143.703119    455.807639  5  6  6  62       
PG09  -7431.685787  13345.773422 -21819.856375    519.059109  6  5  4  81       
PG10  -3631.262411 -14503.242303  22158.150869   -266.550517  5  5  4  92       
PG11  12547.358632  12140.209948 -19990.914696   -752.232327  8  5  4  74       
PG12  24707.699114  -9635.301491    642.558697   -563.030360  5  3  3  45       
PG13  22035.715198  12792.338568   7691.678417    692.686531  6  4  5  98       
PG14   -526.629944  16723.893135  20624.558894    575.371566  3  2  4  66       
PG15  22920.193928     10.693539  13018.991785    248.788002  5  1  5  73       
PG16 -21296.614127  -3775.782309 -16067.953546    -83.874954  5  3  4  84       
PG17   7551.960089  19830.695123  16250.938192    485.286751  6  2  4  50       
PG18   5856.759851 -25191.526756  -5459.930314   -658.660402  4  4  4  65       
PG19  16342.917869  19955.573077   7089.309243    583.294290  6  2  3  66       
PG20  16203.260643   5666.369049 -20146.725862    367.268385  6  4  6  71       
PG21 -15243.417425   2548.132309  21898.042599    100.307348  4  4  5  71       
PG22   7168.936657  13721.174129  21951.911708    -90.979089  3  3  5  87       
PG23  11382.329399 -17925.161541  15849.983206    399.075081  4  3  3  72       
PG24  14442.836293  -8769.097130  19935.540721   -466.429943  3  2  3  84       
PG25  17096.512073 -17383.054720 -10565.958496    497.106531  4  4  2  72       
PG26 -13113.304610 -10307.484949 -20914.978398    -38.573796  4  4  3  93       
PG27 -23400.702777 -12558.739999   3272.562763    -33.355524  6  6  6  87       
PG28  -6424.546656 -23596.297194 -10376.650352   -529.153933  4  5  2  62       
PG29   8269.438771 -12642.922394 -21886.611822   -549.276878  7  5  6  77       
PG30   1239.127320  26118.443572   3897.114607   -244.499609  4  5  2  53       
PG31 -11201.451722 -16341.399092 -17761.377783   -218.397916  5  2  3  35       
PG32 -12971.186748 -19378.972756  13135.486027   -545.969029  3  4  3  88       
*  2025  1  7 10 15  0.00000000
PG01 -14584.839276  10494.214295  19566.740215 999999.999999  7 11  5           
PG02 -14033.154061   8462.551087  21291.712513   -273.674033  4  6  4  84       
PG03 -23333.310420  12502.003456    997.284740    641.279785  5  4  5  68       
PG04 -17846.478581   4451.358679 -19197.718724    508.202834  3  2  5  61       
PG05  22052.986711  -2175.127138 -14865.784689   -198.308799  8  5  5  72       
PG06   6056.755688  23809.137146  -9862.118632   -101.225333  6  4  4  77       
PG07  -7025.327247  23176.141034  -9830.927205    -13.758383  5  3  4  81       
PG08 -24116.128860  -3975.111741  10807.937047    455.814891  6  6  5  75       
PG09  -9560.174449  12089.582004 -21728.686850    519.072847  6  5  4  82       
PG10  -1443.236643 -15610.781102  21615.134147   -266.565004  5  5  4  88       
PG11  12263.746848  14341.893956 -18672.982461   -752.231718  8  5  4  91       
PG12  24569.117260  -9288.955303   3488.273866   -563.032558  5  3  3  48       
PG13  22478.610230  13422.864946   4947.476566    692.687837  5  4  4  98       
PG14  -2634.470436  17664.075603  19632.259515    575.378101  3  2  4  83       
PG15  24134.473146    812.302916  10696.677388    248.791888  5  1  5  51       
PG16 -19633.082806  -4627.680343 -17862.615536    -83.866769  5  2  4  73       
PG17   5914.998740  18857.327937  18052.306927    485.271359  6  2  4  45       
PG18   6039.395783 -24391.252619  -8210.414518   -658.659414  4  3  4  74       
PG19  15458.893746  19517.605150   9709.399911    583.298273  6  1  4  63       
PG20  14396.283849   7212.990304 -21014.111299    367.268213  6  4  5  75       
PG21 -15441.843134    120.171215  22006.309123    100.308557  4  4  5  65       
PG22   4935.237507  14681.676320  21973.767953    -90.980977  4  4  5  84       
PG23  12926.982861 -18622.969931  13689.077507    399.081899  3  3  3  67       
PG24  14716.134189  -6346.583946  20661.093319   -466.426535  4  2  3  82       
PG25  18125.010437 -17646.353693  -7994.794558    497.106052  4  4  2  61       
PG26 -11133.389095 -11638.982872 -21328.356896    -38.587321  4  3  4  72       
PG27 -23491.262520 -12879.872085    456.152810    -33.354994  7  5  6  84       
PG28  -6191.231412 -24632.941522  -7781.118459   -529.162820  5  5  2  70       
PG29  10279.590264 -11173.516873 -21844.926429   -549.273829  7  5  6  89       
PG30    885.302521  26380.764176   1096.838010   -244.492074  4  5  2  71       
PG31 -10910.524034 -18229.866064 -15957.619290   -218.397224  5  3  3  59       
PG32 -11530.117468 -18700.015950  15303.461623   -545.963007  3  4  3  92       
*  2025  1  7 10 30  0.00000000
PG01 -14575.406340   8192.530796  20643.916490 999999.999999  7 11  5           
PG02 -14374.424556   6108.276577  21908.691581   -273.665810  4  5  4  93       
PG03 -23176.465361  12186.884712   3894.762193    641.286780  5  3  5  70       
PG04 -19607.124065   3288.928951 -17668.217382    508.208169  3  3  5  46       
PG05  20666.920853  -1047.127147 -16862.880661   -198.309301  8  4  5  66       
PG06   5900.856194  24795.539506  -7168.768461   -101.249837  6  4  4  69       
PG07  -7357.669174  21831.582753 -12276.175995    -13.757740  5  3  4  63       
PG08 -25004.532329  -4659.532136   8289.540471    455.822101  6  5  5  45       
PG09 -11723.301844  10961.047757 -21266.980384    519.086556  6  5  3  87       
PG10    612.091534 -16799.668840  20706.073960   -266.579559  5  5  4  75       
PG11  12100.426637  16387.207477 -17033.264304   -752.231041  8  4  4  94       
PG12  24165.645497  -8785.747865   6273.491282   -563.034798  5  3  3  71       
PG13  22703.238500  13838.160250   2118.899308    692.688898  5  4  4  92       
PG14  -4582.088742  18641.776050  18301.385682    575.384622  4  2  4  75       
PG15  25124.801127   1458.316196   8187.097521    248.796145  6  1  5  53       
PG16 -17853.091518  -5649.419449 -19362.782964    -83.858040  5  2  4  79       
PG17   4075.413829  17876.129696  19550.171250    485.255953  6  3  3  86       
PG18   6267.007056 -23296.583832 -10817.583244   -658.658379  4  3  4  69       
PG19  14314.883376  18966.708953  12165.412465    583.302784  6  1  4  41       
PG20  12613.393020   8901.106523 -21516.379013    367.267775  6  3  5  66       
PG21 -15767.142745  -2274.930184  21749.393535    100.309603  5  3  5  68       
PG22   2774.115834  15750.275921  21630.995024    -90.982719  4  4  5  85       
PG23  14214.579971 -19263.322449  11290.516629    399.088701  3  2  3  64       
PG24  15108.366312  -3880.516604  21014.112301   -466.423086  4  2  3  88       
PG25  18890.751950 -17798.375438  -5285.595555    497.105569  3  4  2  67       
PG26  -9195.442650 -13081.233623 -21381.537864    -38.600818  4  4  3  62       
PG27 -23320.543822 -13045.501041  -2367.933850    -33.354558  7  5  6  67       
PG28  -5995.108440 -25379.497685  -5051.726979   -529.171733  5  6  3  87       
PG29  12342.719780  -9828.320377 -21429.172096   -549.270642  7  5  6  83       
PG30    534.415385  26340.933464  -1722.605276   -244.484565  4  5  3  55       
PG31 -10713.661477 -19915.066884 -13879.599844   -218.396543  5  3  2  84       
PG32  -9853.514985 -17991.836915  17214.313546   -545.956980  3  4  3  82       
*  2025  1  7 10 45  0.00000000
PG01 -14686.789642   5791.738984  21366.088846 999999.999999  6 11  5           
PG02 -14850.172202   3732.708086  22163.005578   -273.657613  4  5  4  78       
PG03 -22770.340591  11675.124828   6724.530153    641.293763  5  3  5  63       
PG04 -21256.567682   2308.335479 -15835.938332    508.213514  4  3  5  72       
PG05  19180.550139    282.931909 -18574.127320   -198.310605  8  4  5  74       
PG06   5777.224660  25475.672443  -4350.866082   -101.274391  5  5  4  80       
PG07  -7781.466087  20234.490376 -14498.906421    -13.757238  5  3  4  52       
PG08 -25658.256876  -5184.076012   5631.486133    455.829337  7  5  4  30       
PG09 -13875.676011   9976.220626 -20442.738357    519.100244  5  5  3  74       
PG10   2500.333550 -18034.163898  19445.144521   -266.594020  5  5  3  79       
PG11  12036.416142  18235.410824 -15100.205985   -752.230450  7  3  4  87       
PG12  23523.548859  -8098.646725   8949.569079   -563.036583  5  2  3  21       
PG13  22681.349391  14064.200377   -745.715972    692.689821  5  4  4  96       
PG14  -6341.523963  19620.770933  16654.254633    575.391205  4  2  3  72       
PG15  25861.810110   1971.714484   5535.042147    248.799992  6  2  4  42       
PG16 -16000.464209  -6840.884284 -20543.482120    -83.849562  5  2  4  68       
PG17   2058.036336  16925.601546  20720.654317    485.240687  6  4  2  84       
PG18   6573.848658 -21930.299416 -13236.018324   -658.657319  5  4  4  92       
PG19  12912.333286  18342.889128  14415.191649    583.306908  6  1  4  43       
PG20  10894.900062  10702.936422 -21645.132412    367.267482  7  3  5  84       
PG21 -16210.207452  -4591.912667  21134.569160    100.310790  5  3  5  79       
PG22    724.850364  16902.184215  20929.952972    -90.984594  5  4  5  60       
PG23  15238.284126 -19803.085654   8695.639419    399.095465  3  2  3  49       
PG24  15617.317980  -1420.468359  20989.217441   -466.419658  4  2  4  84       
PG25  19399.319168 -17801.492455  -2484.711862    497.105048  3  3  2  60       
PG26  -7336.214727 -14607.438741 -21072.511212    -38.614352  4  4  3  86       
PG27 -22873.857627 -13089.640813  -5152.485959    -33.354134  7  5  6  46       
PG28  -5799.757972 -25823.740531  -2235.414245   -529.180652  5  6  2  81       
PG29  14414.780198  -8628.829278 -20646.796014   -549.267567  7  5  6  75       
PG30    151.472004  26000.567771  -4511.852328   -244.477027  4  5  3  66       
PG31 -10583.683337 -21363.219484 -11562.027749   -218.395872  5  3  2  84       
PG32  -7961.188284 -17293.161993  18836.125520   -545.951013  3  5  3  81       
*  2025  1  7 11  0  0.00000000
PG01 -14927.477194   3339.292093  21720.864644 999999.999999  6 11  6           
PG02 -15455.167172   1382.557623  22051.753475   -273.649346  4  5  4  85       
PG03 -22147.015111  10942.416273   9437.202657    641.300757  5  3  4  50       
PG04 -22750.413407   1504.692066 -13732.569781    508.218841  5  3  5  67       
PG05  17639.115509   1808.411885 -19970.788339   -198.311476  8  4  5  83       
PG06   5646.602500  25839.231213  -1457.411553   -101.298934  5  5  4  74       
PG07  -8321.382610  18419.616249 -16458.128527    -13.756846  6  3  3  64       
PG08 -26050.940713  -5574.962387   2878.802305    455.836656  7  4  4  26       
PG09 -15970.441164   9143.212280 -19270.077170    519.113968  5  4  3  77       
PG10   4193.999670 -19273.661216  17852.548792   -266.608549  5  4  3  78       
PG11  12044.471558  19851.530649 -12907.267460   -752.229825  7  3  4  79       
PG12  22675.487006  -7206.996404  11469.475778   -563.038422  5  2  3  50       
PG13  22391.538412  14132.612277  -3597.716959    692.690810  5  4  3 105       
PG14  -7892.115247  20561.577756  14718.770414    575.397768  4  2  3  88       
PG15  26323.064104   2380.750236   2787.245776    248.804125  6  3  4  55       
PG16 -14119.232835  -8194.004560 -21384.739080    -83.840968  6  1  4  78       
PG17   -105.587225  16039.889394  21545.372468    485.225048  6  4  2  88       
PG18   6989.654326 -20323.032755 -15423.692272   -658.656264  5  4  5  93       
PG19  11261.310964  17686.295567  16419.757937    583.310957  6  2  4  84       
PG20   9276.176721  12584.317544 -21398.521990    367.267041  7  2  4  90       
PG21 -16754.635276  -6788.733460  20174.582487    100.311798  5  3  5  77       
PG22  -1178.442695  18106.653224  19882.680027    -90.986409  5  5  5  69       
PG23  16000.304148 -20200.170336   5949.359260    399.102281  4  3  3  67       
PG24  16232.987795    985.084267  20588.126865   -466.416240  4  2  4  84       
PG25  19664.322923 -17621.307519    359.453155    497.104529  3  3  2  76       
PG26  -5587.715858 -16184.991601 -20405.313387    -38.627909  4  4  3  80       
PG27 -22144.369421 -13049.130522  -7851.240966    -33.353718  7  4  6  62       
PG28  -5567.721092 -25962.206863    619.367482   -529.189502  5  6  2  66       
PG29  16449.338627  -7588.669590 -19511.462162   -549.264773  7  4  5  86       
PG30   -297.292069  25369.937998  -7221.919426   -244.469494  4  5  3  68       
PG31 -10488.571614 -22547.289565  -9044.070567   -218.395237  6  3  2  76       
PG32  -5880.420077 -16639.367524  20141.743525   -545.945000  4  5  3  88       
*  2025  1  7 11 15  0.00000000
PG01 -15297.963217    883.893713  21702.163374 999999.999999  3 11  5           
PG02 -16176.457770   -897.264552  21577.809264   -273.641306  4  5  4  84       
PG03 -21344.227158   9972.017370  11985.299060    641.307770  5  4  4  58       
PG04 -24047.447665    865.179403 -11394.346988    508.224186  6  4  4  56       
PG05  16087.008535   3514.344223 -21029.409491   -198.312752  8  3  5  90       
PG06   5469.101028  25885.337909   1461.337403   -101.323575  4  5  4  60       
PG07  -8995.586155  16428.046822 -18117.726188    -13.756468  6  3  4  60       
PG08 -26163.112596  -5863.098478     77.846897    455.843916  7  3  3   9       
PG09 -17960.912026   8462.016950 -17768.990417    519.127586  5  4  3  77       
PG10   5673.406714 -20474.176524  15954.272933   -266.623097  4  4  3  72       
PG11  12092.276437  21207.547525 -10492.334523   -752.229108  7  2  4  87       
PG12  21659.230397  -6097.578672  13788.666745   -563.040350  5  3  2  51       
PG13  21820.114876  14079.276500  -6388.929148    692.692064  4  4  3 107       
PG14  -9221.129163  21422.987714  12527.975519    575.404335  5  2  3  75       
PG15  26493.823201   2717.577349     -8.485003    248.808104  6  4  3  59       
PG16 -12252.133009  -9692.874245 -21871.898558    -83.832173  6  1  4  81       
PG17  -2378.219502  15247.561499  22011.636328    485.209689  5  4  2  94       
PG18   7538.292049 -18512.153494 -17342.719877   -658.655207  4  4  5  90       
PG19   9380.365130  17035.623243  18143.992662    583.315187  6  2  4  88       
PG20   7786.420510  14505.897604 -20781.251415    367.266601  7  2  3  76       
PG21 -17377.433770  -8827.843581  18887.308402    100.312862  6  3  4  79       
PG22  -2907.866402  19328.063859  18506.689107    -90.988532  5  5  5  80       
PG23  16511.648870 -20415.279485   3099.373667    399.109050  4  3  3  55       
PG24  16938.003626   3290.514232  19819.529885   -466.412791  4  2  4  79       
PG25  19706.791815 -17228.186553   3197.285737    497.104056  2  2  2  52       
PG26  -3976.135568 -17776.565960 -19390.043264    -38.641425  4  5  3  62       
PG27 -21133.407219 -12962.098347 -10419.571027    -33.353337  7  4  6  69       
PG28  -5262.141305 -25800.273622   3463.486134   -529.198441  5  6  2  88       
PG29  18399.215365  -6713.227475 -18042.803229   -549.261692  7  4  5  87       
PG30   -842.854065  24467.598917  -9805.114773   -244.461987  4  5  4  54       
PG31 -10392.841904 -23447.973999  -6368.734500   -218.394671  5  2  2  83       
PG32  -3645.132234 -16061.123033  21109.192542   -545.938995  4  5  3  90       
*  2025  1  7 11 30  0.00000000
PG01 -15790.687684  -1526.183711  21310.319335 999999.999999  1 11  5           
PG02 -16993.845813  -3065.089820  20749.714108   -273.632870  4  4  3  78       
PG03 -20403.845316   8755.630904  14324.116759    641.314822  4  4  4  61       
PG04 -25111.143394    369.738885  -8861.426743    508.229521  7  4  4  46       
PG05  14566.157729   5377.821039 -21732.182840   -198.313608  8  3  5  91       
PG06   5205.956276  25622.505214   4354.763601   -101.348142  4  5  4  68       
PG07  -9814.787187  14305.648440 -19447.256053    -13.755979  6  3  4  85       
PG08 -25982.908903  -6082.715594  -2724.422464    455.851105  7  3  3  16       
PG09 -19802.210020   7924.648883 -15965.017992    519.141295  5  4  3  73       
PG10   6927.297786 -21589.991689  13781.737556   -266.637605  4  3  2  73       
PG11  12143.834143  22283.321421  -7897.057262   -752.228425  6  2  4  90       
PG12  20516.171911  -4765.387856  15865.932434   -563.042617  5  3  2  61       
PG13  20961.685195  13942.791627  -9072.423473    692.693073  4  3  3 115       
PG14 -10324.080245  22163.689921  10119.501867    575.410860  5  2  3  83       
PG15  26367.507996   3016.759125  -2804.121713    248.811943  6  4  3  50       
PG16 -10439.146467 -11314.154992 -21995.884515    -83.823807  6  1  4  85       
PG17  -4718.151423  14570.611527  22112.571916    485.194323  5  4  3  89       
PG18   8236.663481 -16540.396575 -18960.026100   -658.654150  4  4  5  89       
PG19   7296.068201  16426.560142  19557.280893    583.319242  6  3  4  79       
PG20   6447.677225  16424.534415 -19804.464766    367.266107  7  2  3  89       
PG21 -18049.941407 -10677.285599  17295.370449    100.314053  6  3  4  75       
PG22  -4442.574766  20527.194334  16824.700967    -90.990541  6  5  5  94       
PG23  16791.536825 -20413.564653    195.313010    399.115816  4  3  3  54       
PG24  17708.357387   5454.652293  18698.805079   -466.409368  5  3  4  78       
PG25  19554.264164 -16598.634245   5978.858406    497.103611  2  1  3  60       
PG26  -2520.975106 -19341.406860 -18042.781846    -38.654932  3  5  3  79       
PG27 -19850.484612 -12866.400967 -12815.131666    -33.352967  7  3  6  81       
PG28  -4848.387245 -25351.906704   6247.976975   -529.207359  5  6  2  77       
PG29  20218.156906  -5999.602789 -16266.077097   -549.258637  7  3  5  79       
PG30  -1511.953351  23319.695234 -12215.934148   -244.454542  4  5  4  70       
PG31 -10259.079639 -24054.403008  -3582.150883   -218.393809  6  2  3  78       
PG32  -1294.810987 -15583.218973  21722.021278   -545.933057  4  5  3  84       
*  2025  1  7 11 45  0.00000000
PG01 -16390.299551  -3844.761130  20552.075000 999999.999999  1 11  3           
PG02 -17880.621244  -5083.805282  19581.507767   -273.624821  5  4  3  80       
PG03 -19370.180373   7293.953499  16412.559864    641.321832  4  5  4  81       
PG04 -25910.993683     -7.956350  -6177.202202    508.234846  7  3  4  54       
PG05  13114.521001   7368.685296 -22067.225211   -198.314759  8  2  4  89       
PG06   4821.237799  25068.243558   7172.789510   -101.372753  4  5  4  80       
PG07 -10781.611896  12101.307897 -20422.610154    -13.755568  6  3  4  88       
PG08 -25506.521921  -6269.895831  -5481.174183    455.858336  7  3  4  43       
PG09 -21452.840964   7515.590684 -13888.826856    519.154994  5  4  3  52       
PG10   7953.144879 -22575.402130  11371.344858   -266.652191  4  2  2  73       
PG11  12161.008469  23067.220900  -5166.127304   -752.227767  6  2  4  72       
PG12  19289.692202  -3214.083620  17664.198164   -563.044672  5  4  2  80       
PG13  19819.434446  13762.858700 -11603.249775    692.694229  4  3  3 115       
PG14 -11204.729560  22743.923222   7534.928989    575.417387  5  3  2  82       
PG15  25945.856684   3313.716730  -5552.226683    248.816071  7  5  4  51       
PG16  -8716.139129 -13027.754348 -21753.397998    -83.815280  6  1  3  89       
PG17  -7080.571950  14023.716793  21847.165492    485.178657  4  5  3  89       
PG18   9093.891140 -14454.294759 -20247.917762   -658.653127  4  4  6  91       
PG19   5042.250855  15890.343119  20634.098984    583.323303  6  3  4  88       
PG20   5274.156308  18294.848433 -18485.519081    367.266473  7  2  3  87       
PG21 -18738.930921 -12311.585453  15425.734745    100.315351  6  3  2  60       
PG22  -5769.353186  21662.626495  14864.316273    -90.992096  5  6  5  86       
PG23  16866.483447 -20166.122257  -2712.154828    399.122571  5  3  4  64       
PG24  18514.419392   7442.184523  17247.599127   -466.405931  5  3  4  64       
PG25  19239.613227 -15716.450399   8654.862869    497.103092  2  1  3  71       
PG26  -1234.431186 -20836.780103 -16385.410950    -38.668455  3  5  3  81       
PG27 -18313.041648 -12798.092079 -14998.469372    -33.352649  7  3  6  71       
PG28  -4295.592765 -24639.090034   8924.887968   -529.216230  5  6  2  86       
PG29  21862.480654  -5436.885565 -14211.734001   -549.255322  7  3  4  77       
PG30  -2325.810085  21958.971339 -14411.918566   -244.447047  4  5  4  78       
PG31 -10049.582357 -24364.526567   -732.779567   -218.393262  6  1  3  82       
PG32   1126.771213 -15223.620488  21969.571205   -545.927042  4  5  3  78       
*  2025  1  7 12  0  0.00000000
PG01 -17074.233618  -6029.332842  19440.465279 999999.999999  1 11  1           
PG02 -18804.529400  -6922.002020  18092.502974   -273.616649  5  4  4  82       
PG03 -18288.206005   5596.870124  18213.905323    641.328785  3  5  4  90       
PG04 -26423.625792   -299.291765  -3387.569411    508.240167  8  3  5  58       
PG05  11764.738347   9450.495236 -22028.768081   -198.315720  8  1  4  82       
PG06   4283.442919  24248.329262   9866.759710   -101.397320  4  5  4  45       
PG07 -11890.338906   9865.049780 -21026.519719    -13.755593  5  4  4  71       
PG08 -24738.366109  -6461.042441  -8146.417115    455.865511  7  3  4  72       
PG09 -22876.155988   7212.535543 -11575.709199    519.168706  5  4  3  49       
PG10   8757.116319 -23386.501024   8763.923056   -266.666758  3  2  2  62       
PG11  12105.151986  23556.433363  -2346.506653   -752.227146  5  3  4  91       
PG12  18023.444813  -1456.096730  19151.255235   -563.046940  5  4  1  63       
PG13  18405.099628  13578.645061 -13939.128333    692.695385  4  3  2  82       
PG14 -11874.759058  23127.089323   4819.059859    575.423936  5  3  1  82       
PG15  25238.779475   3643.179413  -8206.716482    248.820137  7  5  5  67       
PG16  -7113.641793 -14797.760830 -21147.046784    -83.806723  6  1  4  74       
PG17  -9419.041213  13613.772837  21220.235605    485.163005  4  5  4  88       
PG18  10110.824907 -12302.478510 -21184.549217   -658.652081  5  4  6  95       
PG19   2658.950473  15452.479469  21354.533103    583.327520  6  4  4  85       
PG20   4271.863219  20070.866444 -16847.648548    367.266128  7  3  2 102       
PG21 -19407.855476 -13712.418624  13309.283655    100.316807  6  3  1  75       
PG22  -6882.928875  22692.243747  12657.628307    -90.993847  5  6  5  87       
PG23  16769.102000 -19651.267437  -5572.245444    399.129389  6  3  3  74       
PG24  19322.181396   9224.785093  15493.285766   -466.402510  5  3  3  74       
PG25  18799.649535 -14573.612336  11177.558272    497.102570  3  1  4  57       
PG26   -121.058737 -22219.528939 -14445.327451    -38.682014  3  5  3  81       
PG27 -16545.914842 -12789.971379 -16933.585151    -33.352295  7  2  6  96       
PG28  -3578.053765 -23690.956894  11448.108456   -529.225176  4  6  2  88       
PG29  23292.630214  -5006.743499 -11914.901607   -549.252354  7  3  4  76       
PG30  -3299.068444  20423.524867 -16354.453702   -244.439563  4  5  4  84       
PG31  -9728.041933 -24385.162514   2129.457477   -218.392543  6  1  3  80       
PG32   3572.993573 -14992.781324  21847.166340   -545.921071  4  4  2  87       
*  2025  1  7 12 15  0.00000000
PG01 -17813.578885  -8042.504312  17994.594583 999999.999999  6 12  1           
PG02 -19728.938383  -8554.922733  16307.005392   -273.608343  5  4  4  54       
PG03 -17201.760912   3683.282913  19696.489164    641.335716  3  5  4  71       
PG04 -26633.654748   -539.310328   -540.157232    508.245473  8  4  5  53       
PG05  10542.993124  11581.728836 -21617.256634   -198.316461  8  1  3  80       
PG06   3566.913106  23195.764806  12390.289990   -101.421885  3  4  5  73       
PG07 -13127.012401   7646.119217 -21248.884703    -13.754885  5  4  3  71       
PG08 -23690.958575  -6691.347808 -10675.697080    455.872697  7  2  5  61       
PG09 -24041.641364   6987.395539  -9065.004833    519.182420  5  4  4  31       
PG10   9353.703546 -23982.930913   6004.072281   -266.681393  3  2  1  49       
PG11  11938.758653  23756.946000    513.378451   -752.226497  5  3  4  59       
PG12  16759.631983    487.621941  20300.404150   -563.048424  6  4  1  69       
PG13  16738.638524  13427.186467 -16041.092885    692.696554  5  3  2  76       
PG14 -12353.132835  23281.261456   2019.127342    575.430461  5  3  1  59       
PG15  24263.925684   4037.694212 -10723.567618    248.824038  7  5  5  30       
PG16  -5655.817481 -16583.609469 -20185.400618    -83.798065  6  1  3  87       
PG17 -11687.017613  13339.716762  20242.335353    485.147567  3  5  4  83       
PG18  11279.885765 -10133.911679 -21754.274984   -658.651011  5  4  5 104       
PG19    191.107044  15131.687657  21704.714878    583.331631  5  4  4  93       
PG20   3438.560119  21707.691959 -14919.528587    367.265883  6  3  2  77       
PG21 -20018.197130 -14869.037233  10980.372981    100.317759  6  4  1  49       
PG22  -7786.000343  23574.771310  10240.777599    -90.996074  5  6  5  64       
PG23  16536.666808 -18855.531987  -8334.985124    399.136178  7  3  3  68       
PG24  20094.669049  10781.945011  13468.326718   -466.399129  5  3  3  44       
PG25  18273.555814 -13170.838965  13501.711535    497.102014  3  1  4  49       
PG26    822.269020 -23447.680548 -12255.051554    -38.695573  2  5  3  80       
PG27 -14580.555550 -12870.262159 -18588.451393    -33.351901  7  1  5  76       
PG28  -2676.426623 -22542.657142  13774.166596   -529.234030  4  6  3  78       
PG29  24474.583692  -4684.297044  -9414.796112   -549.249434  7  2  4  91       
PG30  -4439.010011  18755.355672 -18009.492311   -244.432068  4  4  4  59       
PG31  -9261.196526 -24131.697733   4954.095576   -218.392059  6  1  4  63       
PG32   5995.935367 -14893.243621  21356.220261   -545.915070  3  3  1  82       
*  2025  1  7 12 30  0.00000000
PG01 -18574.205045  -9853.233415  16239.310360 999999.999999  8 12  1           
PG02 -20614.168820  -9965.179670  14253.980629   -273.600352  5  5  3  81       
PG03 -16151.806278   1580.578933  20834.297201    641.342657  3  5  4  86       
PG04 -26534.245484   -765.173876   2316.467350    508.250785  8  4  6  63       
PG05   9468.123074  13717.185706 -20839.356370   -198.318037  8  1  2  70       
PG06   2653.016975  21949.474329  14700.067599   -101.446470  3  4  4  60       
PG07 -14469.924203   5491.119773 -21086.921344    -13.754447  4  4  3  90       
PG08 -22384.519053  -6993.312468 -13026.769401    455.879863  6  3  5  80       
PG09 -24925.988936   6807.538347  -6399.455689    519.196127  5  3  4  44       
PG10   9765.015309 -24329.531907   3139.419222   -266.695942  3  2  1  57       
PG11  11627.076578  23683.199673   3364.464864   -752.225835  4  3  4  59       
PG12  15537.343753   2588.203276  21090.992435   -563.050487  6  4  1  80       
PG13  14847.608147  13341.883973 -17874.079477    692.697629  5  3  2  97       
PG14 -12665.169680  23180.526182   -816.053571    575.436990  4  3  1  73       
PG15  23045.988108   4526.247497 -13061.458999    248.828062  7  5  5  75       
PG16  -4359.655064 -18341.443122 -18882.965306    -83.789483  6  1  4  85       
PG17 -13839.388613  13192.643044  18929.587201    485.132567  3  5  4  79       
PG18  12585.250790  -7996.133043 -21947.885119   -658.649906  6  4  5  96       
PG19  -2312.948733  14939.103842  21677.160593    583.335978  5  4  4  97       
PG20   2764.053090  23163.137558 -12734.749675    367.265658  6  2  3  62       
PG21 -20530.876407 -15778.450615   8476.374335    100.319018  6  4  1  56       
PG22  -8488.983232  24271.307702   7653.449622    -90.998183  4  5  4  47       
PG23  16209.497688 -17774.344266 -10952.124351    399.142930  7  3  3  78       
PG24  20793.459697  12101.472884  11209.557573   -466.395738  5  4  3  71       
PG25  17701.219378 -11517.805391  15585.505014    497.101501  3  1  4  76       
PG26   1606.095907 -24482.040629  -9851.729931    -38.709135  1  4  3  60       
PG27 -12454.023177 -13061.461338 -19935.479448    -33.351558  7  1  4  86       
PG28  -1578.680739 -21234.004195  15862.981442   -529.242975  4  5  3  90       
PG29  25381.062809  -4439.248302  -6754.068402   -549.246386  7  2  3  69       
PG30  -5745.071077  16998.770773 -19348.183069   -244.424551  4  4  4  75       
PG31  -8620.381124 -23627.448823   7691.079915   -218.391156  5  1  4  74       
PG32   8347.981443 -14919.540059  20504.257000   -545.909060  3  3  1  82       
*  2025  1  7 12 45  0.00000000
PG01 -19318.103769 -11437.828193  14204.778444 999999.999999  9 13  5           
PG02 -21418.943879 -11143.220033  11966.668939   -273.592031  5  5  3  85       
PG03 -15174.810423   -676.243016  21607.446899    641.349583  3  5  4  91       
PG04 -26127.363286  -1014.545669   5133.606465    508.256105  8  4  6  37       
PG05   8551.013717  15809.536822 -19707.866250   -198.318763  8  1  1  87       
PG06   1531.054305  20552.787497  16756.588742   -101.471007  3  4  4  80       
PG07 -15890.438262   3442.291822 -20545.128100    -13.753782  3  5  2  74       
PG08 -20846.303496  -7395.366618 -15160.241636    455.887033  6  2  5  80       
PG09 -25513.906562   6637.206054  -3624.501391    519.209813  4  3  4  38       
PG10  10019.761451 -24397.817208    219.791257   -266.710478  3  2  2  52       
PG11  11139.618634  23357.430385   6157.887138   -752.225164  4  3  4  64       
PG12  14391.031162   4809.790939  21508.832088   -563.052686  6  4  2  82       
PG13  12766.276091  13351.148125 -19407.456233    692.698911  5  4  2  92       
PG14 -12841.363679  22806.102212  -3636.970608    575.443571  4  3  1  73       
PG15  21615.776790   5133.044093 -15182.348239    248.832060  6  5  5  79       
PG16  -3234.422903 -20025.626920 -17260.068733    -83.780975  5  1  4  89       
PG17 -15833.955154  13156.206923  17303.452043    485.116782  4  5  5  66       
PG18  14003.369522  -5933.572403 -21762.721849   -658.648866  7  4  5 102       
PG19  -4803.160375  14877.791719  21271.001283    583.340478  4  4  4  86       
PG20   2230.791408  24399.256656 -10331.212070    367.265331  5  2  4  80       
PG21 -20907.681681 -16445.357489   5837.202588    100.320291  6  4  2  55       
PG22  -9009.478370  24746.795669   4938.316874    -90.999959  4  5  4  56       
PG23  15829.232218 -16412.362429 -13378.017957    399.149716  8  4  3  73       
PG24  21380.240087  13179.659292   8757.421416   -466.392359  5  4  3  58       
PG25  17121.533428  -9632.992345  17391.386327    497.100970  4  1  5  68       
PG26   2247.818318 -25287.712562  -7276.537423    -38.722663  1  4  3  68       
PG27 -10207.786272 -13379.400491 -20951.935064    -33.351196  7  1  2  95       
PG28   -280.767293 -19807.954245  17678.556472   -529.251868  3  5  4  86       
PG29  25992.498037  -4237.220570  -3978.095060   -549.243443  7  2  2  65       
PG30  -7208.684170  15198.711997 -20347.392009   -244.417029  4  3  4  86       
PG31  -7782.908045 -22902.704123  10291.728909   -218.390242  5  1  4  91       
PG32  10583.428688 -15058.404814  19304.842692   -545.903054  3  2  2  93       
*  2025  1  7 13  0  0.00000000
PG01 -20004.893089 -12780.663424  11925.967224 999999.999999 10 13  6           
PG02 -22101.913800 -12087.522835   9482.147547   -273.583922  5  5  4  73       
PG03 -14301.327165  -3045.751917  22002.549743    641.356448  3  5  3  86       
PG04 -25423.703756  -1323.955503   7863.239035    508.261432  8  4  6  71       
PG05   7794.297067  17810.966986 -18241.538071   -198.319590  7  1  1  78       
PG06    198.847088  19051.772514  18524.821244   -101.495540  2  3  4  80       
PG07 -17354.114112   1536.007383 -19635.077927    -13.753402  2  5  2  83       
PG08 -19109.693790  -7920.642250 -17040.180740    455.894193  5  2  5  87       
PG09 -25798.637227   6439.062694   -787.525951    519.223524  4  2  4  42       
PG10  10151.962374 -24167.211475  -2703.675819   -266.725008  4  2  2  79       
PG11  10451.512835  22808.724742   8845.805581   -752.224410  4  3  4  68       
PG12  13349.178994   7110.764837  21546.484968   -563.054654  7  4  2  74       
PG13  10534.496566  13477.237649 -20615.489649    692.699959  5  4  3  96       
PG14 -12916.000682  22147.188977  -6394.317660    575.450094  4  3  1  71       
PG15  20009.100177   5876.482212 -17051.980836    248.836493  6  5  5  75       
PG16  -2281.408879 -21590.365974 -15342.652173    -83.772337  5  1  4  90       
PG17 -17632.821090  13207.302029  15390.433596    485.101480  5  4  5  77       
PG18  15503.788792  -3986.005796 -21202.678489   -658.647860  7  3  5  97       
PG19  -7229.500545  14942.581932  20492.092639    583.344624  4  4  4  81       
PG20   1814.752494  25383.716783  -7750.453560    367.265149  5  2  4  68       
PG21 -21112.677433 -16881.833299   3104.826940    100.321860  6  5  1  51       
PG22  -9371.476661  24971.381369   2140.427168    -91.001775  4  5  4  90       
PG23  15437.057174 -14783.446966 -15570.453142    399.156481  8  4  3  91       
PG24  21818.340320  14021.110807   6155.171809   -466.388976  5  4  3  63       
PG25  16570.741708  -7543.171617  18886.835952    497.100469  4  1  5  79       
PG26   2770.838273 -25835.478259  -4573.984178    -38.736253  1  4  3  75       
PG27  -7886.370263 -13832.550242 -21620.298370    -33.350818  6  2  1  94       
PG28   1213.022685 -18308.976634  19189.602372   -529.260738  3  5  4  87       
PG29  26297.713782  -4041.257693  -1134.224792   -549.240405  7  2  1  54       
PG30  -8813.449803  13399.075921 -20990.105992   -244.409536  4  2  4  81       
PG31  -6733.214859 -21993.484039  12709.684338   -218.389656  5  1  4  83       
PG32  12660.036207 -15289.289306  17777.425294   -545.897072  3  2  2  79       
*  2025  1  7 13 15  0.00000000
PG01 -20593.426801 -13874.589123   9442.049148 999999.999999 10 13  8           
PG02 -22623.206360 -12804.518398   6840.840183   -273.575860  4  5  4  22       
PG03 -13554.826063  -5481.522627  22012.946612    641.363306  4  5  3  94       
PG04 -24442.305213  -1727.209243  10458.816921    508.266778  8  5  6  72       
PG05   7192.368088  19674.851068 -16464.802552   -198.320463  6  1  1  85       
PG06  -1337.003722  17493.484104  19974.782254   -101.520061  2  3  3  95       
PG07 -18822.072196   -198.456052 -18375.051538    -13.752657  2  5  2  63       
PG08 -17213.073869  -8585.939446 -18634.678739    455.901325  5  2  4  92       
PG09 -25782.166060   6175.811897   2062.933344    519.237175  4  2  5  37       
PG10  10199.433352 -23625.995624  -5579.478987   -266.739473  4  2  2  78       
PG11   9544.640647  22071.826500  11382.214301   -752.223771  4  3  4  75       
PG12  12433.234996   9445.206837  21203.408193   -563.056499  7  4  2  86       
PG13   8196.390299  13735.333139 -21477.743328    692.701260  5  5  3 113       
PG14 -12925.627381  21201.508827  -9039.897474    575.456636  4  3  2  60       
PG15  18265.495901   6768.354428 -18640.332769    248.840050  6  5  5  88       
PG16  -1493.964236 -22991.370227 -13161.961124    -83.763882  5  1  4  79       
PG17 -19203.641551  13316.990771  13221.718692    485.085795  6  4  5  50       
PG18  17050.251259  -2187.207802 -20278.083980   -658.646773  8  4  5  84       
PG19  -9543.746960  15120.254191  19352.995897    583.348578  3  4  4  91       
PG20   1486.575520  26090.963220  -5036.923066    367.264873  4  2  4  59       
PG21 -21113.551125 -17106.781559    322.763190    100.323625  5  5  2  36       
PG22  -9604.324209  24921.612648   -693.459108    -91.003702  4  4  4  84       
PG23  15071.972016 -12910.273857 -17491.408040    399.163234  8  4  3  90       
PG24  22074.184836  14638.272742   3448.064647   -466.385573  5  4  3  69       
PG25  16080.900131  -5282.545919  20045.030249    497.099928  4  1  5  74       
PG26   3203.463896 -26102.981418  -1791.138537    -38.749832  1  4  3  64       
PG27  -5535.895524 -14421.593458 -21928.564431    -33.350422  6  3  1  93       
PG28   2890.025714 -16781.378521  20370.078198   -529.269622  2  4  5  86       
PG29  26294.307868  -3813.426392   1729.008562   -549.237248  6  2  1  34       
PG30 -10535.630073  11641.095349 -21265.711140   -244.402083  4  2  4  80       
PG31  -5463.726678 -20940.070276  14901.823558   -218.388849  5  1  4  89       
PG32  14540.462653 -15585.167920  15947.080400   -545.890964  3  3  3  85       
*  2025  1  7 13 30  0.00000000
PG01 -21043.446646 -14721.015825   6795.729586 999999.999999 10 13  9           
PG02 -22945.952798 -13308.229478   4085.973429   -273.567469  4  5  4  60       
PG03 -12950.821804  -7933.773974  21638.811850    641.370179  4  5  2  97       
PG04 -23209.857992  -2253.902983  12876.037727    508.272132  7  5  6  83       
PG05   6731.720166  21357.403169 -14407.403557   -198.321331  5  1  2  82       
PG06  -3061.203818  15924.194632  21082.022921   -101.544553  1  3  3  93       
PG07 -20252.534253  -1739.816462 -16789.531560    -13.752551  1  5  2  84       
PG08 -15198.529521  -9400.924537 -19916.370661    455.908511  4  2  4 102       
PG09 -25475.105899   5811.822838   4878.002813    519.250908  4  2  5  68       
PG10  10202.104216 -22771.912789  -8356.717794   -266.754102  4  3  3  83       
PG11   8408.519660  21185.740483  13723.716242   -752.223175  4  4  4  71       
PG12  11656.840979  11764.547445  20485.955791   -563.058675  7  4  2  84       
PG13   5798.873759  14132.878575 -21979.405190    692.702558  5  5  4 110       
PG14 -12907.436318  19975.519615 -11527.504058    575.463190  4  3  2  88       
PG15  16426.856262   7813.296814 -19921.987959    248.844323  6  5  5  87       
PG16   -857.858307 -24187.505551 -10754.131485    -83.755444  5  1  4  67       
PG17 -20520.687767  13451.658141  10832.753819    485.070313  7  3  5  82       
PG18  18602.022802   -563.850211 -19005.478322   -658.645741  8  3  5  87       
PG19 -11701.207113  15390.060857  17872.823847    583.352463  3  4  4  84       
PG20   1212.897671  26503.130433  -2237.213302    367.264320  4  1  5  64       
PG21 -20882.859526 -17145.163345  -2464.455788    100.324615  4  4  2  57       
PG22  -9741.479775  24581.430723  -3515.578729    -91.005672  4  4  4  73       
PG23  14769.155480 -10823.604739 -19107.725584    399.170027  8  4  4 100       
PG24  22118.607742  15050.670681    682.555857   -466.382183  4  4  4  52       
PG25  15678.524246  -2891.578362  20845.380699    497.099419  5  2  5  77       
PG26   3577.599002 -26075.660380   1023.220613    -38.763436  1  3  3  64       
PG27  -3202.553381 -15139.284917 -21870.479670    -33.349979  6  3  1  77       
PG28   4729.500895 -15267.648682  21199.641549   -529.278445  2  4  5  95       
PG29  25988.710731  -3516.460822   4562.694649   -549.234591  6  3  1  34       
PG30 -12344.941925   9961.848003 -21170.142719   -244.394568  4  1  4  99       
PG31  -3975.392183 -19785.366088  16829.109520   -218.388245  4  1  4  84       
PG32  16193.536736 -15913.608198  13844.162180   -545.884980  4  3  3  73       
*  2025  1  7 13 45  0.00000000
PG01 -21317.213216 -15329.673944   4032.514324 999999.999999 10 13  9           
PG02 -23037.737856 -13619.641160   1262.979957   -273.559428  4  5  4  44       
PG03 -12496.336979 -10351.140080  20887.125121    641.377033  4  5  2  97       
PG04 -21759.736162  -2928.098160  15073.582800    508.277449  7  5  6  64       
PG05   6391.589407  22819.237834 -12103.943072   -198.322725  5  2  2  76       
PG06  -4950.188334  14387.676190  21828.014003   -101.569023  1  3  2  91       
PG07 -21602.466556  -3075.334596 -14908.581207    -13.751661  1  5  2  87       
PG08 -13110.415331 -10367.590840 -20862.898106    455.915700  4  2  3  89       
PG09 -24896.264035   5314.701759   7609.302108    519.264634  4  2  5  64       
PG10  10200.243938 -21612.404110 -10986.070062   -266.768689  4  4  4  82       
PG11   7040.896786  20192.187605  15830.252970   -752.222571  4  4  4  68       
PG12  11025.397550  14019.324058  19407.237214   -563.060533  6  4  2  88       
PG13   3390.088098  14669.214816 -22111.539275    692.703987  5  5  4 113       
PG14 -12897.633731  18484.288361 -13813.765733    575.469765  4  3  2  80       
PG15  14535.994927   9008.500139 -20876.452478    248.848413  5  5  5  67       
PG16   -351.939634 -25142.367290  -8159.669142    -83.746708  4  1  4  72       
PG17 -21565.690687  13574.352305   8262.758223    485.055315  7  3  4  69       
PG18  20115.395803    865.314043 -17407.285901   -658.644713  7  3  5  92       
PG19 -13662.319660  15724.575677  16076.949673    583.357068  4  3  4  92       
PG20    957.839967  26610.668697    600.734172    367.264376  4  2  5  77       
PG21 -20399.136756 -17027.024361  -5211.834346    100.325530  4  4  2  42       
PG22  -9819.104926  23942.914748  -6277.916620    -91.007775  4  4  4  58       
PG23  14558.501492  -8561.244716 -20391.689793    399.176806  8  4  4  91       
PG24  21927.987835  15283.909586  -2094.481037   -466.378781  4  5  4  63       
PG25  15383.482857   -415.561663  21273.934286    497.098865  5  2  4  74       
PG26   3927.274012 -25747.387113   3819.505048    -38.777027  1  3  3  71       
PG27   -931.070551 -15970.606665 -21445.708708    -33.349572  6  3  1  95       
PG28   6703.241956 -13806.884408  21663.999952   -529.287290  2  4  5  96       
PG29  25395.921442  -3115.386799   7318.364624   -549.231455  5  4  2  43       
PG30 -14205.615473   8392.951595 -20705.906516   -244.387031  4  1  4  89       
PG31  -2277.867611 -18573.158100  18457.355861   -218.387043  4  1  3  86       
PG32  17595.311456 -16238.069601  11503.859846   -545.878984  4  4  2  74       
*  2025  1  7 14  0  0.00000000
PG01 -21381.052222 -15718.057027   1199.928160 999999.999999 10 13 10           
PG02 -22871.922895 -13765.815254  -1581.150358   -273.551252  4  5  4  53       
PG03 -12189.718126 -12682.503003  19771.513404    641.383920  4  4  2  92       
PG04 -20130.787324  -3767.208218  17013.809308    508.282790  6  5  5  83       
PG05   6144.886174  24026.784612  -9593.340837   -198.323514  4  2  3  84       
PG06  -6972.863896  12923.598553  22200.428284   -101.593495  1  3  2  86       
PG07 -22829.252636  -4200.997282 -12767.133015    -13.751587  2  5  3  88       
PG08 -10993.837214 -11480.004662 -21457.311282    455.922918  4  3  2  86       
PG09 -24071.905011   4656.747757  10209.773271    519.278399  4  3  5  68       
PG10  10232.665455 -20164.459032 -13420.749483   -266.783102  4  4  4  93       
PG11   5448.029157  19133.970077  17665.777748   -752.221921  4  4  4  71       
PG12  10535.979057  16160.976696  17986.837502   -563.062720  6  4  1  88       
PG13   1017.781829  15335.519835 -21871.258199    692.704980  5  5  4 107       
PG14 -12929.857835  16751.031149 -15858.930852    575.476301  4  3  3  76       
PG15  12635.201734  10343.689154 -21488.407349    248.852527  5  6  4  78       
PG16     50.913551 -25825.711894  -5422.824047    -83.738400  4  1  4  72       
PG17 -22328.431818  13646.268645   5554.174404    485.039518  7  3  4  59       
PG18  21545.309503   2089.954281 -15511.395008   -658.643656  7  3  4  89       
PG19 -15394.063816  16090.836408  13996.580363    583.360802  4  3  5  70       
PG20    684.584571  26412.664366   3428.438265    367.263972  3  3  5  82       
PG21 -19647.828300 -16786.344496  -7874.495716    100.326779  3  3  2  47       
PG22  -9874.534782  23006.745508  -8932.990338    -91.009442  4  4  4  32       
PG23  14463.382801  -6166.731090 -21321.494385    399.183596  8  4  4  93       
PG24  21485.167653  15368.475790  -4836.506361   -466.375394  3  5  4  59       
PG25  15208.186359   2097.010339  21323.624861    497.098360  5  3  4  87       
PG26   4287.078788 -25120.780744   6548.252147    -38.790636  1  3  3  87       
PG27   1236.785778 -16893.219223 -20659.925559    -33.349170  6  4  2  88       
PG28   8776.483437 -12433.362221  21755.157462   -529.296185  2  3  5  97       
PG29  24538.929626  -2579.063582   9948.805975   -549.228400  4  4  3  66       
PG30 -16077.672151   6959.495506 -19881.974985   -244.379505  4  2  3  86       
PG31   -389.339172 -17346.355180  19757.887009   -218.386486  4  2  3  91       
PG32  18729.859138 -16519.385389   8965.661787   -545.872895  4  5  3  75       
*  2025  1  7 14 15  0.00000000
PG01 -21206.755915 -15910.570977  -1653.302034 999999.999999  9 13 11           
PG02 -22428.792782 -13778.773727  -4398.568994   -273.543097  3  4  4  55       
PG03 -12020.809859 -14878.812883  18311.968539    641.390781  5  4  3  88       
PG04 -18365.925070  -4781.139757  18663.385793    508.288138  6  5  5  69       
PG05   5959.381268  24953.501519  -6918.214147   -198.324357  3  2  3  83       
PG06  -9091.640172  11566.102630  22193.317559   -101.617945  1  3  2  86       
PG07 -23892.324795  -5121.343504 -10404.213575    -13.751386  2  5  4  65       
PG08  -8893.102859 -12724.350280 -21688.401937    455.930146  4  4  1  94       
PG09 -23034.735918   3816.235294  12634.494980    519.292178  4  4  5  79       
PG10  10334.988418 -18454.082072 -15617.420496   -266.797534  5  4  4 108       
PG11   3644.641594  18053.309082  19198.861473   -752.221289  4  5  4  79       
PG12  10177.599448  18143.606059  16250.407949   -563.065231  5  4  2  85       
PG13  -1272.296709  16115.060503 -21261.812313    692.705963  5  5  4 100       
PG14 -13033.712700  14806.338428 -17627.579870    575.482814  4  3  3  66       
PG15  10764.831758  11801.368243 -21747.901441    248.856463  5  5  4  69       
PG16    382.583353 -26214.684483  -2590.863530    -83.729864  4  2  3  51       
PG17 -22807.056412  13628.327931   2752.057406    485.023797  7  3  4  33       
PG18  22847.025099   3108.337666 -13350.652957   -658.642599  7  4  4  97       
PG19 -16871.115115  16451.736043  11668.200821    583.364725  5  4  5  80       
PG20    356.982767  25916.843822   6197.689127    367.263823  3  3  4  80       
PG21 -18622.017820 -16459.740318 -10408.292569    100.328244  3  3  2  69       
PG22  -9944.683804  21782.363020 -11434.658038    -91.011537  4  4  4  62       
PG23  14499.690643  -3687.806841 -21881.596467    399.190400  7  4  4 100       
PG24  20780.130284  15338.391417  -7498.026475   -466.371987  3  5  5  74       
PG25  15157.104039   4596.197353  20994.370568    497.097860  5  3  3  83       
PG26   4690.563790 -24207.177946   9161.071591    -38.804269  2  3  4  82       
PG27   3263.609694 -17878.199168 -19524.822638    -33.348740  6  4  3 101       
PG28  10909.066686 -11175.307401  21471.552285   -529.305052  2  3  6  92       
PG29  23447.844042  -1881.583823  12408.861350   -549.225351  3  4  3  57       
PG30 -17918.369171   5679.248400 -18713.564369   -244.371984  5  2  3  89       
PG31   1664.008796 -16145.280868  20708.076702   -218.385821  4  2  3  87       
PG32  19589.772785 -16717.373738   6272.731587   -545.866995  4  5  3  62       
*  2025  1  7 14 30  0.00000000
PG01 -20772.784920 -15937.422638  -4478.085694 999999.999999  8 13 11           
PG02 -21696.480505 -13694.184527  -7141.312682   -273.535215  3  4  4  66       
PG03 -11971.476884 -16894.823127  16534.448575    641.397679  5  3  3  80       
PG04 -16510.576054  -5971.721961  19993.861141    508.293462  6  5  5  85       
PG05   5799.103978  25580.839318  -4124.184998   -198.326041  3  3  3  74       
PG06 -11263.710764  10342.601695  21807.183561   -101.642431  1  3  3  78       
PG07 -24754.689685  -5848.955225  -7862.129112    -13.750813  2  5  4  65       
PG08  -6850.194740 -14079.277777 -21550.959246    455.937369  5  4  1  94       
PG09 -21822.651426   2778.471743  14841.467543    519.305875  5  4  5  71       
PG10  10538.035907 -16515.395724 -17537.046542   -266.811984  5  4  4 101       
PG11   1653.561681  16990.218053  20403.222060   -752.220590  4  5  5  97       
PG12   9931.814203  19925.621337  14229.139595   -563.067182  4  5  2  81       
PG13  -3437.940494  16983.750366 -20292.591728    692.707290  5  5  3  99       
PG14 -13233.477546  12687.118066 -19089.249647    575.489415  4  3  3  68       
PG15   8961.973182  13357.324389 -21650.485236    248.860850  4  6  4  60       
PG16    678.285352 -26294.785406    286.746262    -83.721262  5  2  3  81       
PG17 -23008.092752  13482.794505    -96.594315    485.008428  7  3  4  39       
PG18  23977.792149   3927.174260 -10962.286944   -658.641526  6  4  4  78       
PG19 -18076.696104  16767.605096   9132.899208    583.368987  5  4  5  83       
PG20    -58.867686  25139.262889   8861.347903    367.263483  2  4  4  64       
PG21 -17322.917053 -16085.056546 -12770.446460    100.329603  4  2  2  75       
PG22 -10064.446024  20287.802922 -13738.937434    -91.013289  4  4  4  41       
PG23  14675.186693  -1174.740730 -22062.950963    399.197199  6  4  4  97       
PG24  19810.417099  15229.773017 -10035.260926   -466.368571  2  6  5  65       
PG25  15226.628654   7032.416785  20293.017822    497.097317  6  4  3  86       
PG26   5168.678594 -23026.257753  11611.580453    -38.817873  2  3  4  77       
PG27   5117.613797 -18891.043676 -18058.030970    -33.348297  7  4  3  99       
PG28  13056.821273 -10053.909537  20818.083105   -529.313949  2  4  6  88       
PG29  22158.759653  -1003.477169  14656.198491   -549.222349  3  5  3  75       
PG30 -19683.751041   4562.168851 -17221.801476   -244.364455  5  2  2  72       
PG31   3848.856241 -15006.092907  21291.752563   -218.384736  4  3  2  88       
PG32  20176.349527 -16792.517466   3471.202554   -545.860950  4  5  4  47       
*  2025  1  7 14 45  0.00000000
PG01 -20065.223402 -15833.291319  -7225.813840 999999.999999  6 13 11           
PG02 -20671.628593 -13549.891801  -9762.085896   -273.526820  3  4  4  58       
PG03 -12016.449421 -18690.672608  14470.373545    641.404577  5  2  3  77       
PG04 -14611.039237  -7332.447631  20982.157613    508.298819  6  6  5  76       
PG05   5625.900278  25898.916971  -1259.123659   -198.326605  3  3  4  86       
PG06 -13442.534416   9272.853605  21048.943771   -101.666820  2  3  4  69       
PG07 -25384.291600  -6403.647716  -5185.634619    -13.750172  3  5  5  17       
PG08  -4903.321134 -15516.547277 -21045.940547    455.944645  5  5  2  84       
PG09 -20477.286068   1536.586775  16792.354490    519.319578  5  5  5  70       
PG10  10866.435665 -14389.416057 -19145.649463   -266.826504  5  4  4 104       
PG11   -494.954544  15980.973214  21258.169056   -752.219916  4  5  5  92       
PG12   9773.628923  21471.211152  11959.134734   -563.069162  3  4  1  70       
PG13  -5441.903202  17910.997347 -18979.037587    692.708354  5  6  3  98       
PG14 -13547.043393  10435.299935 -20218.958321    575.496099  3  3  4  82       
PG15   7259.236068  14981.371388 -21197.285444    248.864702  4  6  4  79       
PG16    974.979130 -26060.527318   3159.237437    -83.713007  5  2  3  69       
PG17 -22946.170220  13174.876717  -2943.562190    484.993117  6  2  4  48       
PG18  24898.444016   4561.141096  -8387.261359   -658.640506  6  5  4  79       
PG19 -19003.083941  16997.917842   6435.588359    583.373291  5  4  5  57       
PG20   -593.135427  24103.695001  11374.123647    367.262925  2  5  4  68       
PG21 -15760.093486 -15699.888108 -14920.213959    100.330523  4  2  2  33       
PG22 -10265.152303  18549.208054 -15804.820911    -91.015173  4  4  4  54       
PG23  14989.190367   1321.438862 -21863.124285    399.204012  6  4  4  87       
PG24  18581.278703  15079.346688 -12406.760948   -466.365111  2  6  5  67       
PG25  15405.290079   9358.219722  19233.137446    497.096838  6  4  2  85       
PG26   5748.316047 -21605.334126  13856.302956    -38.831472  2  3  4  76       
PG27   6773.693428 -19892.912545 -16282.945273    -33.347855  7  4  4  91       
PG28  15173.109063  -9082.621739  19806.023720   -529.322843  3  4  6  89       
PG29  20712.405031     67.329996  16652.038517   -549.219403  3  5  3  85       
PG30 -21330.245863   3610.233175 -15433.290737   -244.356933  5  3  2  79       
PG31   6125.901743 -13959.396805  21499.459016   -218.384133  4  3  2  92       
PG32  20499.443646 -16707.647036    609.399966   -545.854895  4  5  4  63       
*  2025  1  7 15  0  0.00000000
PG01 -19078.449962 -15635.835245  -9849.196556 999999.999999  4 13 12           
PG02 -19359.753354 -13384.340441 -12215.072470   -273.518612  3  3  3  74       
PG03 -12124.454673 -20233.254070  12156.028253    641.411425  5  1  4  92       
PG04 -12712.818411  -8848.537795  21610.979372    508.304196  6  6  4  66       
PG05   5401.092186  25906.878794   1627.660399   -198.327965  4  4  4  71       
PG06 -15579.460658   8368.336733  19931.794362   -101.691315  2  3  4  89       
PG07 -25755.167266  -6811.403985  -2421.106262    -13.749762  2  5  5  48       
PG08  -3085.599592 -17001.952253 -20180.548990    455.951885  6  5  1  91       
PG09 -19042.428677     92.020112  18453.166620    519.333290  5  5  5  87       
PG10  11337.487264 -12122.552871 -20414.960497   -266.840954  5  4  5 111       
PG11  -2764.181692  15056.739396  21748.956470   -752.219260  4  5  5 100       
PG12   9672.672378  22751.579934   9480.693842   -563.071325  3  4  2  74       
PG13  -7253.144374  18860.814924 -17342.459493    692.709451  5  6  2 102       
PG14 -13985.118931   8096.355268 -20997.621915    575.502647  3  3  4  69       
PG15   5683.700806  16638.312582 -20395.019409    248.868653  3  5  3  92       
PG16   1309.680466 -25515.745842   5975.498104    -83.704220  5  2  3  67       
PG17 -22643.439444  12674.250139  -5740.178522    484.977631  6  2  4  55       
PG18  25574.863500   5032.106372  -5669.582592   -658.639465  6  5  4  99       
PG19 -19651.751818  17103.048784   3624.141758    583.377160  5  4  5  65       
PG20  -1270.914393  22840.742252  13693.316203    367.262814  1  5  4  99       
PG21 -13951.416268 -15340.079589 -16819.574524    100.331864  4  2  1  77       
PG22 -10573.147951  16600.024311 -17595.069634    -91.017101  5  4  3  36       
PG23  15432.610601   3750.726906 -21286.288350    399.210857  5  4  3 102       
PG24  17105.560005  14922.970866 -14573.977357   -466.361692  2  6  5  79       
PG25  15674.303614  11529.963993  17834.683190    497.096325  6  4  1  89       
PG26   6451.026126 -19978.344993  15855.511812    -38.844936  3  3  5  94       
PG27   8214.254166 -20842.068299 -14228.448449    -33.347417  6  5  4  86       
PG28  17210.471872  -8266.770038  18452.827495   -529.331733  4  4  6  88       
PG29  19152.620508   1334.837393  18361.830052   -549.216335  4  5  3  88       
PG30 -22816.243777   2817.581598 -13379.593653   -244.349402  5  3  1  67       
PG31   8451.257447 -13029.110400  21328.575576   -218.383301  4  4  2  96       
PG32  20576.989627 -16429.559272  -2262.997022   -545.848837  4  5  5  61       
*  2025  1  7 15 15  0.00000000
PG01 -17815.497665 -15384.091315 -12303.078069 999999.999999  1 13 11           
PG02 -17775.286990 -13234.951821 -14456.763855   -273.510416  4  2  3  78       
PG03 -12259.585945 -21497.317557   9631.886179    641.418328  5  1  4  81       
PG04 -10858.990559 -10497.329879  21869.128866    508.309568  6  6  4  80       
PG05   5087.174053  25612.915645   4486.267373   -198.329338  4  5  3  70       
PG06 -17625.439160   7631.950935  18474.973772   -101.715812  2  3  4  85       
PG07 -25848.356890  -7103.104878    384.266605    -13.749043  2  5  5  63       
PG08  -1423.924301 -18496.493847 -18968.210696    455.959158  6  5  2  89       
PG09 -17562.360104  -1545.314210  19794.875188    519.346959  5  6  5  81       
PG10  11960.344273  -9764.898862 -21322.946914   -266.855386  4  4  4 107       
PG11  -5112.133694  14242.403265  21867.038085   -752.218572  5  6  5  92       
PG12   9594.581447  23745.903302   6837.536643   -563.073207  2  4  2  84       
PG13  -8847.852721  19793.160303 -15409.756787    692.710656  5  6  2  99       
PG14 -14550.735771   5717.690860 -21412.356669    575.509244  3  3  4  75       
PG15   4256.060970  18289.093133 -19255.947298    248.872804  3  5  3  83       
PG16   1717.746797 -24673.541201   8685.068859    -83.695963  5  3  3  93       
PG17 -22128.708285  11956.443860  -8438.136516    484.962158  5  2  4  28       
PG18  25979.265185   5368.085516  -2855.562532   -658.638442  5  6  4  84       
PG19 -20033.138333  17046.003010    748.465740    583.381529  5  4  6  57       
PG20  -2111.078821  21386.703318  15779.514670    367.262694  1  5  4  91       
PG21 -11922.707891 -15038.253498 -18433.931863    100.334650  5  2  1  80       
PG22 -11008.552222  14479.903132 -19076.967647    -91.018589  5  4  3  76       
PG23  15988.317437   6065.872564 -20343.098433    399.217706  3  5  3  95       
PG24  15403.328234  14794.215680 -16501.777116   -466.358246  2  6  5  86       
PG25  16008.423710  13509.316201  16123.526670    497.095817  6  4  1  88       
PG26   7291.956024 -18184.580522  17573.989720    -38.858525  3  3  5  87       
PG27   9429.765502 -21695.465730 -11928.531492    -33.346895  6  5  4  87       
PG28  19122.319554  -7603.487487  16781.825028   -529.340600  4  4  5  93       
PG29  17524.724324   2794.604587  19755.857244   -549.213250  4  5  3  89       
PG30 -24103.597115   2170.971389 -11096.633662   -244.341909  5  3  1  66       
PG31  10778.023384 -12231.623997  20783.292169   -218.382379  4  4  2  95       
PG32  20434.209143 -15930.504817  -5095.839236   -545.842730  4  5  5  74       
*  2025  1  7 15 30  0.00000000
PG01 -16288.088575 -15116.830737 -14545.215214 999999.999999  1 13 12           
PG02 -15941.283512 -13136.512964 -16446.788457   -273.502206  5  3  3  73       
PG03 -12382.852327 -22466.269121   6941.869550    641.425303  5  2  5  74       
PG04  -9088.671756 -12248.977326  21751.724489    508.314949  6  5  5  86       
PG05   4649.478728  25033.945302   7267.081226   -198.329759  4  6  3  84       
PG06 -19532.749405   7058.052857  16703.431469   -101.740311  3  3  4  56       
PG07 -25652.547477  -7313.110516   3183.257031    -13.748646  2  5  5  53       
PG08     61.936220 -19957.767550 -17428.445040    455.966429  6  5  2  94       
PG09 -16080.178883  -3357.196403  20793.941788    519.360617  5  6  5  84       
PG10  12735.545770  -7368.381577 -21854.202520   -266.869818  4  4  4 108       
PG11  -7492.977450  13555.658414  21610.220865   -752.217970  5  6  5  99       
PG12   9502.537695  24441.968988   4075.976635   -563.075469  2  4  2  69       
PG13 -10210.206502  20665.453834 -13213.042580    692.711359  4  6  2  92       
PG14 -15239.070551   3346.982443 -21456.663947    575.515828  3  2  5  72       
PG15   2989.990387  19892.107010 -17797.759149    248.876861  4  5  3  78       
PG16   2231.211621 -23555.844741  11239.152619    -83.687223  5  3  3  63       
PG17 -21436.318836  11004.032466 -10990.328056    484.946884  4  2  4  66       
PG18  26091.248149   5601.970178      6.947970   -658.637415  5  6  3  72       
PG19 -20166.055771  16794.045128  -2140.468352    583.385430  4  4  6  65       
PG20  -3125.377090  19782.240765  17597.241814    367.262316  1  6  3  97       
PG21  -9707.097959 -14822.422370 -19732.816815    100.335245  5  3  2  83       
PG22 -11584.256417  12233.346376 -20223.015650    -91.020759  5  4  3  62       
PG23  16631.835387   8223.992211 -19050.460423    399.224535  3  5  3  91       
PG24  13501.259932  14723.044426 -18158.908560   -466.354789  3  6  5  80       
PG25  16377.061061  15264.524285  14130.885699    497.095340  6  5  1  75       
PG26   8279.062572 -16267.205348  18981.692234    -38.872112  3  3  5  82       
PG27  10419.012262 -22410.433982  -9421.806893    -33.346443  6  5  4  68       
PG28  20864.593789  -7081.974803  14821.820253   -529.349485  5  4  5  73       
PG29  15873.828712   4433.712347  20809.770395   -549.210340  5  5  3  89       
PG30 -25158.986270   1650.514004  -8624.039937   -244.334343  5  4  2  63       
PG31  13057.973435 -11575.286360  19874.447383   -218.381671  4  5  1  83       
PG32  20102.529555 -15189.480854  -7839.420053   -545.836681  4  5  6  45       
*  2025  1  7 15 45  0.00000000
PG01 -14516.340803 -14870.934773 -16537.005737 999999.999999  1 13 11           
PG02 -13888.787078 -13119.644556 -18148.723567   -273.493787  5  3  3  75       
PG03 -12453.845759 -23132.637834   4132.561166    641.432236  5  3  5  60       
PG04  -7435.639191 -14067.436650  21260.314212    508.320327  5  5  5  76       
PG05   4057.746379  24194.960788   9921.652938   -198.331581  4  6  3  61       
PG06 -21256.686892   6632.822653  14647.407495   -101.764829  4  4  3  56       
PG07 -25164.435369  -7477.750371   5929.334305    -13.748236  2  5  5  59       
PG08   1359.971733 -21341.513927 -15586.623241    455.973718  7  6  2  84       
PG09 -14636.180531  -5317.598465  21432.753867    519.374268  5  5  5  90       
PG10  13654.915262  -4984.857385 -22000.194802   -266.884300  4  5  5  98       
PG11  -9858.599035  13006.377364  20982.713466   -752.217324  5  6  5  86       
PG12   9358.890707  24836.483751   1244.068213   -563.077313  2  4  3  60       
PG13 -11332.838312  21434.225783 -10789.170991    692.712474  4  6  2  96       
PG14 -16037.588211   1030.512889 -21130.497285    575.522398  3  2  5  89       
PG15   1891.758448  21404.618526 -16043.393130    248.880596  4  4  2  61       
PG16   2877.243716 -22192.622022  13591.609990    -83.679223  5  3  3  63       
PG17 -20604.801814   9807.580929 -13351.695226    484.931466  4  3  5  69       
PG18  25898.581329   5770.078910   2869.344506   -658.636397  4  5  3  62       
PG19 -20076.765118  16320.156564  -4991.607151    583.389320  4  5  6  67       
PG20  -4317.798302  18070.897321  19115.535617    367.261862  1  5  3  97       
PG21  -7344.085606 -14714.741722 -20690.575833    100.336294  6  3  2  82       
PG22 -12305.209565   9908.142092 -21011.543607    -91.022546  6  3  3  91       
PG23  17332.328408  10188.004671 -17431.194765    399.231341  2  6  2  92       
PG24  11431.809360  14734.638565 -19518.415584   -466.351307  3  6  5  90       
PG25  16745.610843  16771.414088  11892.664882    497.094887  6  5  1  77       
PG26   9412.630442 -14271.638561  20054.296579    -38.885708  3  3  5  87       
PG27  11189.025850 -22946.387644  -6750.916482    -33.346022  6  6  4  51       
PG28  22397.343694  -6684.076720  12606.591982   -529.358379  5  5  5  70       
PG29  14243.170374   6231.055904  21505.028898   -549.207243  4  6  2  86       
PG30 -25955.101759   1230.663054  -6004.443719   -244.326814  5  4  2  56       
PG31  15243.282138 -11060.231767  18619.239197   -218.380967  4  5  1  85       
PG32  19618.254408 -14193.272234 -10445.397617   -545.830592  5  5  6  68       
*  2025  1  7 16  0  0.00000000
PG01 -12528.158743 -14679.854016 -18244.153829 999999.999999  1 13 11           
PG02 -11655.875394 -13209.413847 -19530.868862   -273.485865  6  4  3  74       
PG03 -12432.458848 -23498.197536   1252.383641    641.439198  5  4  6  73       
PG04  -5927.162581 -15911.706726  20402.881262    508.325709  5  4  5  80       
PG05   3287.531387  23128.068960  12403.575665   -198.332426  4  7  2  74       
PG06 -22757.143811   6334.947213  12341.929279   -101.789351  4  4  3  74       
PG07 -24388.805194  -7633.778662   8577.349820    -13.747818  3  5  5  59       
PG08   2466.263004 -22603.276579 -13473.612568    455.981001  6  6  2  83       
PG09 -13266.354581  -7393.493702  21699.956345    519.387968  5  5  4  95       
PG10  14701.828185  -2664.228120 -21759.366210   -266.898749  4  5  5 106       
PG11 -12160.264139  12596.294854  19995.068317   -752.216678  5  6  5  79       
PG12   9126.801615  24935.040826  -1609.255280   -563.079223  2  4  3  83       
PG13 -12216.981668  22056.829922  -8179.170075    692.713466  4  6  3  96       
PG14 -16926.497800  -1188.420375 -20440.213654    575.528960  2  2  5  93       
PG15    960.111054  22784.253562 -14020.780953    248.884524  4  4  1  96       
PG16   3676.803018 -20620.742183  15699.911295    -83.670786  5  4  3  69       
PG17 -19675.355303   8366.296831 -15480.079002    484.916235  4  3  5  72       
PG18  25397.693589   5910.584336   5683.062288   -658.635400  4  5  2  50       
PG19 -19797.760445  15604.259496  -7754.788543    583.393529  4  5  6  35       
PG20  -5684.235663  16297.515884  20308.459937    367.261807  2  5  3  93       
PG21  -4878.329012 -14730.460844 -21287.025173    100.337745  6  4  3  98       
PG22 -13168.029892   7553.651030 -21427.221749    -91.024424  6  2  3  61       
PG23  18053.835569  11927.836522 -15513.605786    399.238093  2  6  2  94       
PG24   9232.186411  14848.402803 -20558.000953   -466.347872  3  5  5  83       
PG25  17076.932748  18014.076939   9448.728282    497.094383  6  5  1  74       
PG26  10685.115324 -12243.861053  20773.624914    -38.899310  3  3  6  90       
PG27  11754.689544 -23266.498867  -3961.837954    -33.345587  5  6  5  88       
PG28  23686.152778  -6385.150937  10174.309527   -529.367272  5  5  5  37       
PG29  12672.519732   8157.961623  21829.247361   -549.203974  4  6  2  92       
PG30 -26471.600944    881.411388  -3282.740456   -244.319276  5  4  3  54       
PG31  17288.221829 -10678.548135  17040.820645   -218.380123  4  5  1  78       
PG32  19021.038065 -12937.193596 -12867.706093   -545.824515  5  5  6  64       
*  2025  1  7 16 15  0.00000000
PG01 -10358.329363 -14572.211372 -19637.261353 999999.999999  4 14 11           
PG02  -9286.405643 -13424.156000 -20566.958585   -273.477338  6  5  4  88       
PG03 -12280.586180 -23573.743337  -1649.238628    641.446170  5  5  6  52       
PG04  -4583.090780 -17737.274990  19193.739556    508.331050  4  3  6  82       
PG05   2321.388207  21871.254782  14669.333852   -198.333645  4  7  2  86       
PG06 -24000.026038   6136.593539   9826.233126   -101.813896  5  4  3  20       
PG07 -23338.331668  -7816.849454  11084.171364    -13.747016  2  5  5  76       
PG08   3384.995401 -23700.103901 -11125.306181    455.988303  7  6  2  97       
PG09 -12001.059138  -9545.948525  21590.671753    519.401603  5  4  4  90       
PG10  15851.832637   -452.658530 -21137.091534   -266.913203  3  5  5  97       
PG11 -14350.310554  12319.015096  18664.017270   -752.216006  5  6  5  75       
PG12   8771.841505  24751.756123  -4435.035625   -563.081404  2  4  3  81       
PG13 -12872.288238  22493.158757  -5427.585223    692.714404  5  6  4 103       
PG14 -17879.499896  -3270.968298 -19398.413234    575.535535  2  3  5  83       
PG15    186.427020  23990.511675 -11762.516324    248.888533  4  4  1  94       
PG16   4643.556907 -18882.560338  17526.016726    -83.662213  5  4  4  78       
PG17 -18690.204265   6688.354134 -17337.046227    484.900798  5  4  5  82       
PG18  24593.851169   6061.875642   8400.366219   -658.634373  4  5  1  60       
PG19 -19366.317901  14634.156998 -10381.681556    583.397354  4  5  6  35       
PG20  -7212.459998  14506.621475  21155.537069    367.261464  3  5  3  89       
PG21  -2358.193363 -14877.125632 -21508.047348    100.338667  6  5  3 101       
PG22 -14160.967029   5219.012880 -21461.451066    -91.026326  6  3  3  72       
PG23  18756.707689  13421.354895 -13330.966190    399.244869  2  6  2  89       
PG24   6943.177014  15077.181440 -21260.338491   -466.344425  4  5  5  80       
PG25  17332.919350  18985.229354   6842.123944    497.093985  6  5  1  79       
PG26  12081.316392 -10228.722084  21127.934811    -38.912883  3  3  6  84       
PG27  12138.025505 -23339.260699  -1103.098239    -33.345157  5  6  4  41       
PG28  24703.362451  -6155.195177   7566.872589   -529.376177  6  5  4  47       
PG29  11196.730933  10179.105909  21776.437220   -549.201230  4  6  3  95       
PG30 -26695.807136    569.648878   -505.330541   -244.311779  5  4  3  51       
PG31  19150.763142 -10414.771870  15167.795044   -218.379306  4  6  1  75       
PG32  18352.226233 -11425.497123 -15063.434580   -545.818486  5  5  6  96       
*  2025  1  7 16 30  0.00000000
PG01  -8047.358803 -14570.603254 -20692.334635 999999.999999  5 13 10           
PG02  -6828.505272 -13774.561574 -21236.788633   -273.469153  6  6  4  80       
PG03 -11963.743789 -23378.535970  -4522.720105    641.453172  5  5  6  73       
PG04  -3415.230076 -19497.716708  17653.318385    508.336383  4  3  6  73       
PG05   1149.785271  20466.918615  16679.108126   -198.334555  4  7  2  90       
PG06 -24958.454215   6004.635434   7143.118631   -101.838444  5  4  3  46       
PG07 -22033.118908  -8060.062153  13409.264434    -13.746626  3  5  5  59       
PG08   4128.146635 -24592.226846  -8582.041825    455.995606  7  6  3  84       
PG09 -10863.925987 -11731.455234  21106.603437    519.415307  5  4  4  80       
PG10  17073.592760   1609.033586 -20145.497509   -266.927654  3  5  5  91       
PG11 -16383.808969  12160.343434  17012.202419   -752.215373  5  6  4  91       
PG12   8263.483192  24308.594036  -7185.120716   -563.083607  2  4  3  54       
PG13 -13316.317178  22707.292816  -2581.740565    692.715609  5  6  5 108       
PG14 -18864.793689  -5184.009203 -18023.673899    575.542162  3  4  5  92       
PG15   -444.848693  24986.247401  -9305.442777    248.892613  4  4  1  82       
PG16   5783.108676 -17024.274632  19037.158042    -83.653748  5  4  4  78       
PG17 -17690.904919   4790.864882 -18888.674142    484.885769  5  4  4  80       
PG18  23501.016312   6260.917303  10975.127135   -658.633325  3  5  1  41       
PG19 -18822.874114  13406.152727 -12826.671175    583.401506  4  5  6  43       
PG20  -8882.405610  12740.824679  21642.095814    367.261257  3  5  3  95       
PG21    165.897752 -15154.081735 -21346.103626    100.339919  6  5  4  87       
PG22 -15264.224462   2951.347430 -21112.616937    -91.028368  6  2  2  94       
PG23  19399.188456  14654.996090 -10920.927275    399.251641  2  5  1  74       
PG24   4607.843188  15426.711240 -21613.333107   -466.340969  4  5  5  57       
PG25  17476.088323  19686.240049   4118.279286    497.093503  6  5  1  59       
PG26  13578.867618  -8268.315565  21112.074001    -38.926448  3  3  5  95       
PG27  12367.185254 -23139.873206   1775.093997    -33.344732  5  6  4  76       
PG28  25429.045178  -5960.187817   4829.186931   -529.385082  6  5  4  41       
PG29   9844.489547  12253.703138  21347.137793   -549.197947  4  6  3  87       
PG30 -26623.128795    260.627790   2280.649365   -244.304279  5  4  3  64       
PG31  20794.018100 -10246.682002  13033.626697   -218.378340  4  6  1  61       
PG32  17653.131080  -9671.424644 -16993.652293   -545.812347  6  5  6  94       
*  2025  1  7 16 45  0.00000000
PG01  -5640.093511 -14690.645786 -21391.198128 999999.999999  7 13 10           
PG02  -4332.863996 -14263.078475 -21526.735051   -273.461061  7  6  4  86       
PG03 -11452.545777 -22939.439320  -7319.143601    641.460104  5  5  7  59       
PG04  -2427.039743 -21146.386708  15807.837805    508.341770  3  3  6  94       
PG05   -228.293330  18960.243969  18397.518181   -198.335844  5  7  1  85       
PG06 -25613.704352   5902.087382   4338.245108   -101.863026  5  4  3  66       
PG07 -20499.998879  -8392.623378  15515.220690    -13.746424  3  5  5  70       
PG08   4714.855471 -25244.643376  -5887.916176    456.002874  6  6  3  84       
PG09  -9871.040218 -13903.454430  20256.018705    519.428991  4  4  3  74       
PG10  18330.110900   3486.751976 -18803.154303   -266.942092  3  5  5  88       
PG11 -18220.129088  12098.930515  15067.805326   -752.214736  5  6  4  69       
PG12   7576.430920  23634.414847  -9812.959269   -563.085511  2  3  3  79       
PG13 -13573.711212  22669.016795    309.071302    692.716567  4  6  5 101       
PG14 -19846.302235  -6901.197615 -16340.188196    575.548737  3  4  5  80       
PG15   -955.502747  25739.067410  -6690.158255    248.896326  4  4  2  95       
PG16   7092.574917 -15094.131228  20206.498611    -83.645104  5  4  4  79       
PG17 -16716.663285   2699.489451 -20106.270672    484.870194  5  4  4  84       
PG18  22141.392123   6541.664987  13363.573761   -658.632315  3  5  1  73       
PG19 -18209.304852  11925.328396 -15047.669307    583.405457  5  5  5  56       
PG20 -10666.759441  11039.305517  21759.529479    367.260928  3  5  3  93       
PG21   2643.249145 -15552.316803 -20800.634834    100.340879  6  5  4  88       
PG22 -16450.635010    794.028422 -20386.193268    -91.030192  6  3  3  80       
PG23  19939.079020  15624.070025  -8324.865986    399.258422  3  5  2  78       
PG24   2270.143326  15895.329711 -21610.326730   -466.337536  4  5  5  81       
PG25  17471.135786  20126.832761   1324.184905    497.093008  5  5  2  59       
PG26  15149.023703  -6400.491937  20727.500584    -38.939933  4  3  5  89       
PG27  12475.179470 -22651.388690   4621.780254    -33.344316  4  6  4  51       
PG28  25851.690028  -5763.589279   2008.388529   -529.393977  6  5  4  38       
PG29   8637.307694  14336.918460  20548.432629   -549.194932  4  6  4  92       
PG30 -26257.186945    -80.520052   5028.093237   -244.296764  5  4  4  80       
PG31  22187.473492 -10146.355134  10675.983606   -218.377733  4  6  1  70       
PG32  16963.313497  -7696.898276 -18624.159490   -545.806284  6  5  6 100       
*  2025  1  7 17  0  0.00000000
PG01  -3184.178411 -14940.303286 -21721.807901 999999.999999  8 13  9           
PG02  -1850.895512 -14883.664079 -21430.142084   -273.453037  6  6  5 102       
PG03 -10723.983585 -22289.787297  -9991.065972    641.467087  5  6  7  92       
PG04  -1613.658248 -22638.138614  13688.878315    508.347130  3  5  5  83       
PG05  -1805.086084  17397.460978  19794.286820   -198.337210  5  7  2  89       
PG06 -25955.852716   5789.691873   1459.379958   -101.887560  5  4  3  71       
PG07 -18771.616575  -8838.665823  17368.234706    -13.745554  4  6  5  82       
PG08   5170.492291 -25628.541823  -3090.005468    456.010132  6  6  3  77       
PG09  -9030.427366 -16013.987706  19053.611315    519.442700  3  4  3  71       
PG10  19580.173974   5154.210542 -17134.651420   -266.956573  2  5  5  76       
PG11 -19824.351230  12107.204952  12864.079647   -752.214122  6  5  3  72       
PG12   6691.740371  22763.785046 -12274.348142   -563.087766  3  4  3  77       
PG13 -13675.087500  22355.138526   3194.457965    692.717616  4  6  6 108       
PG14 -20785.066782  -8403.746350 -14377.311823    575.555287  3  5  5  83       
PG15  -1372.599901  26222.590142  -3960.435451    248.900204  4  3  2  69       
PG16   8560.531340 -13140.558107  21013.653217    -83.636605  5  4  5  84       
PG17 -15802.739478    447.691625 -20967.008491    484.854876  5  4  3  82       
PG18  20544.669835   6933.597563  15525.010111   -658.631284  3  4  2  80       
PG19 -17567.177254  10205.472721 -17006.836481    583.409687  5  5  5  54       
PG20 -12531.833460   9436.433990  21505.459141    367.261031  4  5  3  92       
PG21   5024.748541 -16054.667515 -19878.322948    100.342497  6  6  4 110       
PG22 -17686.665090  -1214.893485 -19294.689144    -91.032002  6  4  2  84       
PG23  20335.422852  16332.732718  -5587.180186    399.265145  3  5  2  74       
PG24    -26.484047  16473.950838 -21250.247141   -466.334051  4  4  5  69       
PG25  17286.392174  20324.485422  -1492.417503    497.092534  5  5  2  67       
PG26  16757.704215  -4657.563935  19982.173601    -38.953431  4  3  5  90       
PG27  12498.396255 -21865.560685   7386.228122    -33.343926  3  6  5  63       
PG28  25968.574556  -5527.945129   -846.970196   -529.402832  6  6  3  37       
PG29   7588.806892  16381.451935  19393.849063   -549.191865  4  5  4  86       
PG30 -25609.649418   -487.270851   7690.680578   -244.289284  5  4  4  91       
PG31  23307.972354 -10081.433772   8136.028609   -218.376919  3  6  1  44       
PG32  16318.945470  -5531.859828 -19926.145302   -545.800232  6  5  6 109       
*  2025  1  7 17 15  0.00000000
PG01   -728.410858 -15319.525305 -21678.459622 999999.999999  9 12  8           
PG02    567.153264 -15621.907692 -20947.561040   -273.444531  6  6  5 108       
PG03  -9762.461574 -21468.025470 -12493.288575    641.474083  6  6  7  70       
PG04   -962.260597 -23931.004623  11332.850620    508.352456  3  6  5  87       
PG05  -3564.145745  15824.075866  20844.809854   -198.338468  5  7  2  90       
PG06 -25984.100336   5627.600552  -1444.390329   -101.912095  5  4  3  78       
PG07 -16885.334340  -9416.258849  18938.530658    -13.745159  4  6  5  76       
PG08   5525.466151 -25722.500316   -237.506806    456.017347  6  6  3  73       
PG09  -8341.868646 -18015.415665  17520.245266    519.456409  3  5  3  83       
PG10  20779.961703   6593.698731 -15170.072654   -266.971060  1  4  5  87       
PG11 -21168.469033  12152.559228  10438.793851   -752.213546  5  5  3  36       
PG12   5597.690541  21735.599240 -14528.123278   -563.089895  3  4  3  91       
PG13 -13655.684068  21750.553023   6023.838153    692.718778  4  6  6 108       
PG14 -21640.755489  -9680.915911 -12169.033562    575.561840  3  6  5  53       
PG15  -1727.306108  26417.516327  -1162.559226    248.904247  4  3  3  83       
PG16  10167.328303 -11210.311546  21445.054590    -83.628130  5  4  5  75       
PG17 -14979.008142  -1924.338754 -21454.451737    484.839402  5  4  3  82       
PG18  18747.005188   7460.420156  17422.488333   -658.630201  3  4  3  70       
PG19 -16936.047805   8268.670533 -18671.202622    583.413516  5  5  4  80       
PG20 -14438.689749   7960.578941  20883.798468    367.260660  4  5  3  86       
PG21   7264.708590 -16636.400572 -18593.188302    100.344058  6  6  4 104       
PG22 -18933.707044  -3044.047799 -17857.435352    -91.033854  6  4  3  41       
PG23  20550.147726  16793.631140  -2754.543681    399.271912  3  5  2  73       
PG24  -2240.527925  17146.313000 -20537.695578   -466.330575  4  4  5  96       
PG25  16895.128193  20303.556636  -4283.829634    497.092056  5  5  2  79       
PG26  18366.749528  -3065.254632  18890.322127    -38.966981  5  3  4  90       
PG27  12474.968509 -20783.353070  10018.927517    -33.343547  2  6  5  69       
PG28  25785.809068  -5216.527923  -3687.757795   -529.411699  6  5  3  76       
PG29   6704.317816  18339.233157  17903.141137   -549.188936  4  5  4  84       
PG30 -24699.780680   -990.256524  10223.609919   -244.281773  4  4  4  77       
PG31  24140.412520 -10016.554222   5457.674707   -218.376481  3  5  1  67       
PG32  15751.322355  -3213.284928 -20876.736165   -545.794181  6  5  6 101       
*  2025  1  7 17 30  0.00000000
PG01   1678.946868 -15820.206536 -21261.887484 999999.999999 10 11  8           
PG02   2874.062094 -16455.525944 -20086.825714   -273.436341  6  6  5  97       
PG03  -8560.552251 -20516.180201 -14783.582276    641.481101  6  6  7  93       
PG04   -452.734098 -24987.769602   8780.373513    508.357807  3  7  4  88       
PG05  -5480.783153  14283.138625  21530.618662   -198.339350  5  7  2  91       
PG06 -25706.764059   5377.085768  -4323.475081   -101.936655  5  3  4  78       
PG07 -14881.991712 -10136.639394  20200.740564    -13.744343  4  6  5  76       
PG08   5813.815737 -25513.407638   2619.181821    456.024596  5  5  4  79       
PG09  -7797.051478 -19862.133401  15682.584412    519.470109  2  5  3  79       
PG10  21884.749700   7796.500958 -12944.386022   -266.985549  1  4  5  47       
PG11 -22232.336484  12198.743476   7833.592492   -752.212958  5  4  3  55       
PG12   4290.379119  20591.567476 -16536.787172   -563.091700  4  4  3  75       
PG13 -13553.814208  20849.002981   8747.376414    692.720053  4  6  6 111       
PG14 -22373.228478 -10730.196602  -9753.377242    575.568380  4  6  5  69       
PG15  -2053.526321  26312.462826   1655.414639    248.908223  4  4  3  68       
PG16  11885.759286  -9346.717472  21494.159701    -83.619629  5  4  5  89       
PG17 -14268.740590  -4371.056673 -21558.956320    484.824116  6  3  2  77       
PG18  16789.760387   8138.987358  19023.427295   -658.629215  3  5  3  88       
PG19 -16351.873968   6144.574638 -20013.178956    583.418015  5  5  4  55       
PG20 -16344.478251   6633.150366  19904.717418    367.260402  4  5  3  78       
PG21   9322.610259 -17266.157687 -16966.501906    100.345184  6  6  4 101       
PG22 -20149.604243  -4669.820021 -16100.213925    -91.035649  6  5  3  62       
PG23  20549.603965  17027.236508    124.867498    399.278691  4  5  3  90       
PG24  -4333.757808  17889.496033 -19482.968031   -466.327090  5  4  5  82       
PG25  16276.666055  20094.178913  -7003.162193    497.091584  5  5  3  80       
PG26  19935.334640  -1641.924532  17472.103557    -38.980522  5  3  4  79       
PG27  12443.060079 -19415.080305  12472.581118    -33.343117  1  5  5  67       
PG28  25318.052072  -4794.953391  -6465.110195   -529.420599  6  6  3  78       
PG29   5980.813653  20163.160467  16101.958412   -549.186170  3  5  5  66       
PG30 -23553.725633  -1615.924957  12584.302403   -244.274266  4  4  4  64       
PG31  24678.142896  -9914.876199   2686.819271   -218.375525  3  5  1  32       
PG32  15285.588332   -783.912440 -21459.421639   -545.788154  5  5  5  95       
*  2025  1  7 17 45  0.00000000
PG01   3991.832230 -16426.471390 -20479.252381 999999.999999 10 10  7           
PG02   5027.382007 -17355.215042 -18862.955804   -273.428126  7  6  5 100       
PG03  -7119.445056 -19478.213344 -16823.358039    641.488136  6  6  7  95       
PG04    -58.646857 -25777.376750   6075.570139    508.363147  4  8  2  88       
PG05  -7522.846841  12813.619808  21839.724743   -198.340093  5  6  1  94       
PG06 -25140.933196   5002.217582  -7128.608123   -101.961199  4  4  4  72       
PG07 -12804.560183 -11003.685400  21134.235305    -13.744124  4  5  5  78       
PG08   6071.642541 -24997.062173   5429.421810    456.031828  5  5  4  81       
PG09  -7380.048817 -21512.215511  13572.614978    519.483814  3  5  3  93       
PG10  22850.638774   8762.961929 -10496.765242   -267.000028  1  3  4  65       
PG11 -23004.322010  12207.413323   5093.286160   -752.212366  5  3  2  34       
PG12   2774.023476  19374.624990 -18267.067552   -563.093720  4  5  4  91       
PG13 -13409.190867  19653.498982  11316.920965    692.720908  4  6  6 115       
PG14 -22944.099935 -11557.180289  -7171.746725    575.574936  4  6  5  74       
PG15  -2386.404773  25904.518493   4444.471629    248.912071  4  4  3  84       
PG16  13682.048820  -7588.083706  21161.494957    -83.611199  5  4  5  98       
PG17 -13687.665749  -6843.172367 -21277.927897    484.809220  6  3  2  96       
PG18  14718.056645   8978.488100  20300.167488   -658.628154  3  5  4  87       
PG19 -15845.600303   3869.395177 -21010.956746    583.422296  5  6  3  82       
PG20 -18203.938814   5467.912161  18584.503406    367.260094  4  5  3  92       
PG21  11164.660397 -17907.233908 -15026.499385    100.346342  5  6  3  92       
PG22 -21290.341738  -6077.098013 -14054.739683    -91.037530  5  6  3  73       
PG23  20305.942418  17060.893061   3002.166183    399.285451  4  5  3  85       
PG24  -6272.476030  18674.696245 -18102.004225   -466.323616  5  4  4  92       
PG25  15417.259848  19730.964677  -9605.062608    497.091095  5  5  3  88       
PG26  21421.482152   -398.101907  15753.163680    -38.994078  5  3  3  80       
PG27  12439.145946 -17780.166632  14703.061574    -33.342719  1  5  5  70       
PG28  24587.908389  -4232.707638  -9131.271328   -529.429490  5  6  3  74       
PG29   5407.180411  21808.816557  14021.405632   -549.183009  3  5  4  80       
PG30 -22203.554583  -2385.360798  14733.067651   -244.266736  4  5  4  87       
PG31  24923.049794  -9739.654675   -129.429567   -218.374655  3  5  2  52       
PG32  14939.728648   1709.257659 -21664.348126   -545.782116  5  5  5  88       
*  2025  1  7 18  0  0.00000000
PG01   6167.960809 -17115.272392 -19344.019452 999999.999999 11  9  6           
PG02   6990.983901 -18285.825328 -17297.886354   -273.420052  6  7  5  89       
PG03  -5449.073828 -18398.323760 -18578.275277    641.495157  6  5  7 101       
PG04    251.528762 -26276.108157   3265.295020    508.368477  5  9  3  82       
PG05  -9651.807753  11448.962876  21766.838543   -198.341271  5  6  1  82       
PG06 -24311.803223   4471.441947  -9811.677553   -101.985852  3  4  4  77       
PG07 -10696.734562 -12013.647466  21723.408848    -13.743649  5  5  5  90       
PG08   6335.452926 -24178.419498   8143.311109    456.039067  5  5  4  91       
PG09  -7068.107291 -22928.925500  11227.070361    519.497552  3  5  2  80       
PG10  23636.243121   9502.203907  -7869.859235   -267.014487  1  3  4  77       
PG11 -23481.643500  12139.771551   2265.081845   -752.211797  5  3  3  66       
PG12   1060.960007  18127.322469 -19690.403376   -563.095750  4  5  4  91       
PG13 -13261.190230  18176.376682  13686.922795    692.722099  4  5  6 112       
PG14 -23318.238940 -12175.130113  -4468.225092    575.581458  4  7  4  84       
PG15  -2760.744088  25199.489550   7155.509994    248.916049  4  5  3  79       
PG16  15517.112030  -5966.349046  20454.545309    -83.602621  4  4  5  88       
PG17 -13243.355083  -9289.434537 -20615.925820    484.793676  6  3  2  98       
PG18  12579.189511   9979.924679  21230.453256   -658.627098  4  5  5 102       
PG19 -15441.970658   1484.651192 -21648.791768    583.426433  5  6  3  84       
PG20 -19971.012510   4470.592607  16945.319829    367.260268  4  4  4  77       
PG21  12765.080988 -18519.137944 -12807.892134    100.347441  5  6  3  78       
PG22 -22311.826974  -7259.656583 -11758.008271    -91.039307  5  6  3  82       
PG23  19798.281802  16927.619271   5828.551362    399.292253  4  6  4  90       
PG24  -8028.624702  19468.239665 -16416.257834   -466.320163  5  4  4  71       
PG25  14310.718224  19251.575606 -12046.397846    497.090600  4  4  3  72       
PG26  22783.613596    663.672456  13764.112343    -39.007644  5  3  2  69       
PG27  12496.363540 -15906.530188  16670.308119    -33.342333  1  4  5  76       
PG28  23625.033682  -3504.525565 -11640.413412   -529.438363  5  6  3  73       
PG29   4964.813889  23236.092640  11697.500566   -549.180274  2  5  4  76       
PG30 -20686.104349  -3313.308896  16633.724738   -244.259190  4  5  4  68       
PG31  24885.336894  -9455.795091  -2943.522532   -218.374057  3  5  2  67       
PG32  14723.870094   4216.634718 -21488.474919   -545.776080  4  5  4  92       
*  2025  1  7 18 15  0.00000000
PG01   8170.258267 -17857.279441 -17875.727039 999999.999999 11  5  5           
PG02   8736.339023 -19207.806539 -15420.028339   -273.412012  6  6  5  61       
PG03  -3567.919579 -17319.258005 -20018.781182    641.502172  6  5  6  95       
PG04    512.986159 -26468.492238    398.306039    508.373793  5  9  3  21       
PG05 -11824.105328  10215.871014  21313.457962   -198.342492  5  5  1  72       
PG06 -23251.710063   3758.998996 -12326.543430   -102.010346  3  4  4  71       
PG07  -8601.504169 -13155.147746  21957.915078    -13.743129  5  4  4  77       
PG08   6640.480932 -23071.474944  10712.653560    456.046282  4  5  5  82       
PG09  -6832.711589 -24082.029965   8686.769779    519.511298  4  5  2  67       
PG10  24204.273942  10031.515035  -5109.025542   -267.028944  1  3  4  62       
PG11 -23670.370370  11958.239179   -602.233145   -752.211166  5  3  3  11       
PG12   -828.655084  16890.254163 -20783.355448   -563.097858  5  6  4  81       
PG13 -13147.127659  16438.983940  15815.313650    692.723462  3  5  6 114       
PG14 -23465.153670 -12604.267202  -1688.839206    575.587998  4  7  4  66       
PG15  -3209.406379  24211.813359   9740.255970    248.920165  4  5  2  74       
PG16  17348.026647  -4506.022058  19387.497401    -83.594474  4  4  5  78       
PG17 -12934.961989 -11658.509883 -19584.606449    484.778272  6  4  2  75       
PG18  10420.964596  11135.908048  21797.833821   -658.626079  3  5  5 102       
PG19 -15158.607264   -964.263240 -21917.176274    583.430434  5  6  3  83       
PG20 -21600.502267   3638.809090  15014.863399    367.259975  4  4  4  76       
PG21  14107.058380 -19059.364287 -10351.181766    100.348765  5  6  4  75       
PG22 -23171.680883  -8220.165593  -9251.529979    -91.041312  5  6  4  91       
PG23  19013.622894  16664.706889   8556.100740    399.299037  4  6  4  80       
PG24  -9580.705098  20232.805097 -14452.481328   -466.316710  5  4  4  38       
PG25  12958.752139  18695.208544 -14286.887062    497.090113  4  4  3  78       
PG26  23982.078762   1548.687563  11539.929047    -39.021207  6  3  1  68       
PG27  12643.009820 -13829.616236  18339.136703    -33.341925  1  3  4  73       
PG28  22464.980415  -2591.566602 -13949.422753   -529.447264  5  6  3  76       
PG29   4628.519704  24410.656635   9170.539724   -549.177038  2  5  4  64       
PG30 -19041.657144  -4407.435369  18254.171586   -244.251615  4  5  4  72       
PG31  24583.012907  -9031.335583  -5708.224645   -218.373368  4  4  2  66       
PG32  14639.917147   6687.806125 -20935.591092   -545.769979  3  4  3  93       
*  2025  1  7 18 30  0.00000000
PG01   9968.091410 -18618.025573 -16099.650873 999999.999999 10  1  3           
PG02  10243.472231 -20078.857829 -13263.672462   -273.403727  6  6  5  62       
PG03  -1502.496482 -16280.691578 -21120.575221    641.509180  6  5  6 104       
PG04    763.005321 -26347.900739  -2475.602773    508.379173  6  9  4  52       
PG05 -13992.700230   9133.377200  20487.825300   -198.343284  5  5  1  71       
PG06 -21998.899953   2846.125628 -14629.829969   -102.034842  2  4  4  64       
PG07  -6559.747915 -14409.448298  21832.855338    -13.742654  5  3  4  80       
PG08   7019.065281 -21698.784248  13091.895399    456.053489  4  4  5  75       
PG09  -6640.881256 -24948.866018   5995.884112    519.525055  4  5  2  77       
PG10  24522.961092  10375.439495  -2261.542547   -267.043413  2  2  4  50       
PG11 -23585.091840  11628.089955  -3459.139371   -752.210601  5  4  3  57       
PG12  -2867.430609  15700.578726 -21527.939790   -563.100069  5  7  5  67       
PG13 -13100.619806  14471.007188  17664.320857    692.724489  3  5  6  96       
PG14 -23360.208421 -12870.803411   1119.199217    575.594547  5  7  4  58       
PG15  -3761.763880  22964.132368  12152.203040    248.924316  4  6  2  86       
PG16  19129.650700  -3223.447214  17980.851086    -83.585843  3  3  5  85       
PG17 -12753.329375 -13900.876750 -18202.504839    484.763090  6  5  2  88       
PG18   8290.014889  12430.780199  21991.975213   -658.624997  4  5  5  96       
PG19 -15005.385776  -3429.640865 -21812.902400    583.434856  5  6  2  99       
PG20 -23049.720164   2962.311818  12825.923410    367.259301  3  4  5  54       
PG21  15183.297429 -19485.291735  -7701.795037    100.349530  5  5  4  55       
PG22 -23830.959937  -8969.825235  -6580.472445    -91.043283  4  6  4 100       
PG23  17947.476133  16312.170205  11138.547942    399.305808  4  6  5  60       
PG24 -10914.471507  20928.819931 -12242.419294   -466.313277  5  4  3  83       
PG25  11371.039836  18101.052135 -16289.680311    497.089617  4  4  3  73       
PG26  24980.605520   2269.605039   9119.312889    -39.034759  6  3  1  65       
PG27  12901.252307 -11591.120919  19679.940469    -33.341510  1  3  4  92       
PG28  21147.830147  -1482.341759 -16018.637706   -529.456135  5  5  2  79       
PG29   4367.680265  25305.206981   6484.383844   -549.174008  2  5  4  74       
PG30 -17312.504085  -5667.853257  19566.896460   -244.244086  3  5  4  95       
PG31  24041.110478  -8438.804090  -8377.347770   -218.372680  4  4  3  59       
PG32  14681.536066   9073.330744 -20016.195717   -545.763948  3  4  2  80       
*  2025  1  7 18 45  0.00000000
PG01  11538.251530 -19359.264929 -14046.369152 999999.999999 10  4  1           
PG02  11501.545497 -20855.706058 -10868.254767   -273.395669  6  6  5  89       
PG03    713.460054 -15317.739196 -21864.993748    641.516143  6  5  6 106       
PG04   1039.288142 -25916.810514  -5306.490688    508.384494  6  9  5  66       
PG05 -16108.770362   8212.234066  19304.754632   -198.344292  5  4  1  84       
PG06 -20596.080203   1721.994283 -16681.678719   -102.059336  3  4  4  81       
PG07  -4608.897373 -15750.984048  21348.913471    -13.742015  5  2  4  79       
PG08   7499.151813 -20090.642209  15239.004731    456.060732  4  3  4  62       
PG09  -6456.646824 -25515.120572   3201.143789    519.538777  5  5  2  64       
PG10  24567.263228  10564.610049    624.185955   -267.057871  2  2  4  54       
PG11 -23248.263705  11118.983271  -6256.250238   -752.209885  4  4  3  79       
PG12  -5021.588695  14590.683679 -21911.882521   -563.101737  5  7  5  88       
PG13 -13150.103666  12309.462733  19201.198319    692.725863  3  5  6 119       
PG14 -22985.629376 -13005.757781   3908.265160    575.601091  5  7  4  16       
PG15  -4442.268094  21486.535250  14347.552176    248.928231  4  6  2  91       
PG16  20816.315088  -2126.419873  16260.916769    -83.577446  3  3  6  69       
PG17 -12681.461361 -15970.649243 -16494.659695    484.747596  5  6  2  81       
PG18   6230.162328  13841.062519  21808.875984   -658.623953  4  5  5  90       
PG19 -14984.123228  -5863.091022 -21339.022710    583.438705  5  6  3  90       
PG20 -24280.058194   2423.539166  10415.847949    367.259213  3  4  5  39       
PG21  15996.146933 -19756.113058  -4909.067026    100.351386  5  5  4  75       
PG22 -24255.734241  -9527.649857  -3792.737854    -91.045107  4  6  4  81       
PG23  16604.179437  15911.102949  13532.034000    399.312515  4  7  5  78       
PG24 -12023.367333  21515.983306  -9822.405223   -466.309819  5  4  3  78       
PG25   9565.010539  17506.767697 -18021.880603    497.089123  4  4  4  92       
PG26  25747.617489   2845.726669   6543.990783    -39.048323  6  3  1  52       
PG27  13286.111918  -9237.461996  20669.261463    -33.341115  1  3  2  72       
PG28  19716.665155   -173.355691 -17812.526308   -529.464896  4  5  3  98       
PG29   4147.641610  25900.461916   3685.676808   -549.170965  3  5  4  83       
PG30 -15541.444140  -7086.930797  20549.425505   -244.236541  3  5  4  81       
PG31  23290.668106  -7656.403878 -10906.452956   -218.372166  4  4  3  66       
PG32  14834.483918  11326.483595 -18747.247563   -545.757910  2  3  2  81       
*  2025  1  7 19  0  0.00000000
PG01  12865.652813 -20040.490284 -11751.235858 999999.999999  9  7  1           
PG02  12509.048180 -21495.929757  -8277.508002   -273.387342  6  6  5  56       
PG03   3040.074174 -14459.647777 -22239.310443    641.523133  6  5  5 100       
PG04   1378.275774 -25186.718904  -8045.164229    508.389840  7  9  6  68       
PG05 -18123.481211   7454.646300  17785.334781   -198.345012  4  4  1  65       
PG06 -19088.804973    384.349203 -18446.449336   -102.083779  3  5  4  88       
PG07  -2781.711216 -17148.148345  20512.433712    -13.741667  4  2  4  69       
PG08   8102.986818 -18283.955100  17116.271723    456.067960  4  2  4  78       
PG09  -6242.645120 -25775.291971    351.004608    519.552524  5  6  2  62       
PG10  24319.826056  10634.371387   3499.421726   -267.072390  2  2  4  76       
PG11 -22689.258739  10406.334196  -8945.177919   -752.209273  4  5  4  56       
PG12  -7252.046155  13587.039013 -21928.795334   -563.103832  6  7  5  83       
PG13 -13317.576801   9997.393895  20398.855165    692.726860  3  5  6 117       
PG14 -22331.262859 -13043.601782   6631.093788    575.607629  5  7  4  68       
PG15  -5269.204317  19815.487886  16286.127174    248.932097  4  6  2  91       
PG16  22363.520004  -1214.155360  14259.217953    -83.569177  2  3  5  75       
PG17 -12695.337349 -17827.251382 -14492.092242    484.732242  5  7  3  88       
PG18   4280.885519  15336.216806  21250.980600   -658.622926  4  5  6  81       
PG19 -15088.583859  -8217.176847 -20504.714687    583.443153  5  6  3  99       
PG20 -25258.421291   1998.465065   7825.923959    367.259000  3  5  5  40       
PG21  16557.287419 -19834.697109  -2025.109384    100.352298  4  4  5  63       
PG22 -24418.455109  -9919.437884   -938.001460    -91.046973  4  5  4  93       
PG23  14996.893959  15502.003514  15695.823066    399.319318  5  7  5  76       
PG24 -12908.678782  21954.863746  -7232.858537   -466.306349  5  3  2  93       
PG25   7565.356953  16947.045725 -19455.007286    497.088614  4  4  4  83       
PG26  26257.373410   3302.020073   3857.997123    -39.061869  6  3  1  60       
PG27  13804.762067  -6818.064896  21290.219261    -33.340643  1  3  2  94       
PG28  18215.938402   1330.561471 -19300.292326   -529.473770  4  5  3  95       
PG29   3931.263938  26185.844945    823.013326   -549.168249  3  5  4  87       
PG30 -13770.271587  -8649.390939  21184.700456   -244.228982  3  5  4  90       
PG31  22367.513818  -6668.987751 -13253.516414   -218.371090  4  3  3  76       
PG32  15077.264662  13404.881731 -17151.793665   -545.751826  3  3  2  78       
*  2025  1  7 19 15  0.00000000
PG01  13943.719514 -20620.551214  -9253.771317 999999.999999  8  8  1           
PG02  13273.590741 -21959.745041  -5538.526687   -273.379088  6  6  5  72       
PG03   5432.640954 -13728.719404 -22236.948856    641.530072  6  5  5  97       
PG04   1813.516415 -24177.715775 -10644.057689    508.395174  7  9  6  66       
PG05 -19989.758951   6854.353737  15956.515962   -198.345840  4  5  2  56       
PG06 -17523.757079  -1160.187292 -19893.354990   -102.108246  3  4  4  64       
PG07  -1105.202745 -18564.311614  19335.435506    -13.741222  4  2  4  56       
PG08   8846.057472 -16320.856511  18691.010160    456.075185  3  1  3  60       
PG09  -5961.769209 -25732.817444  -2505.212012    519.566267  5  6  2  52       
PG10  23771.658344  10623.248440   6315.868036   -267.086840  2  2  4  69       
PG11 -21943.157716   9472.465499 -11479.384054   -752.208625  4  5  4  71       
PG12  -9515.691239  12709.279000 -21578.270818   -563.105543  6  8  4  64       
PG13 -13617.613189   7582.328340  21236.366551    692.727940  3  5  6 114       
PG14 -21395.058789 -13020.784124   9241.545513    575.614218  5  7  4  71       
PG15  -6253.692517  17992.492812  17932.237671    248.936231  4  6  2  95       
PG16  23729.567141   -477.602123  12011.819177    -83.560740  1  3  5  17       
PG17 -12765.030180 -19436.868393 -12231.154828    484.716471  5  7  4  65       
PG18   2475.952473  16879.693581  20327.185627   -658.621833  5  6  6  90       
PG19 -15304.796306 -10447.001202 -19325.056691    583.447276  5  6  3  60       
PG20 -25958.465786   1657.707147   5100.680152    367.258943  3  5  5  38       
PG21  16886.998136 -19689.288357    896.393028    100.353138  4  4  5  50       
PG22 -24299.057139 -10176.478971   1933.261971    -91.048929  4  6  4  73       
PG23  13147.276820  15123.130311  17592.972589    399.326117  5  7  5  73       
PG24 -13579.390823  22208.512052  -4517.681323   -466.302935  5  3  2  77       
PG25   5403.294859  16452.286163 -20565.399174    497.088122  5  4  4  68       
PG26  26490.889876   3667.943580   1106.937036    -39.075410  6  3  1  70       
PG27  14456.172837  -4383.540531  21532.787724    -33.340207  1  3  3  69       
PG28  16689.804577   3016.245837 -20456.399714   -529.482673  4  5  3  91       
PG29   3680.572901  26159.839476  -2053.928170   -549.165356  3  6  4  84       
PG30 -12038.305860 -10332.700897  21461.380815   -244.221474  3  4  4  75       
PG31  21310.894862  -5468.788858 -15379.553910   -218.370294  4  3  4  89       
PG32  15382.080879  15271.927696 -15258.488830   -545.745731  4  2  3  88       
*  2025  1  7 19 30  0.00000000
PG01  14774.447683 -21059.309989  -6596.980469 999999.999999  7  9  1           
PG02  13811.318422 -22211.673365  -2700.776119   -273.371077  6  5  5  76       
PG03   7843.122073 -13139.503597 -21857.603948    641.537003  6  5  6 102       
PG04   2374.149922 -22917.729333 -13058.082556    508.400497  7  8  6  68       
PG05 -21663.995351   6397.058534  13850.590698   -198.346776  4  6  3  66       
PG06 -15946.991472  -2896.153608 -20997.020067   -102.132679  3  4  3  90       
PG07    400.240537 -19959.046034  17835.558239    -13.740671  4  2  3  77       
PG08   9736.323757 -14247.127473  19936.144657    456.082317  3  1  2  65       
PG09  -5578.806699 -25399.863386  -5318.187662    519.580011  5  6  2  71       
PG10  22922.505860  10571.317529   9026.421498   -267.101195  2  2  4  78       
PG11 -21049.328525   8307.495050 -13814.999272   -752.207987  4  5  4  75       
PG12 -11766.811921  11969.543696 -20865.896947   -563.107766  6  8  4  69       
PG13 -14056.696680   5114.560686  21699.354694    692.729058  3  5  5 113       
PG14 -20183.261801 -12974.189902  11695.352515    575.620659  5  6  4  61       
PG15  -7398.985915  16062.530430  19255.462097    248.940442  4  6  2  79       
PG16  24877.065488     99.924826   9558.599370    -83.552398  1  3  5  56       
PG17 -12856.075898 -20773.613688  -9752.769459    484.701004  5  8  4  71       
PG18    842.271931  18430.230887  19052.735333   -658.620811  5  6  6  89       
PG19 -15611.665060 -12511.686162 -17820.723174    583.451427  5  7  3  95       
PG20 -26361.593246   1367.853560   2287.123707    367.258805  3  5  5  71       
PG21  17013.044746 -19294.959110   3801.410450    100.354924  4  3  5  64       
PG22 -23885.753607 -10334.059902   4770.738607    -91.050813  4  6  4  94       
PG23  11084.841265  14808.948239  19190.948521    399.332901  5  7  5  89       
PG24 -14051.741003  22244.025820  -1723.557541   -466.299515  5  3  2  84       
PG25   3115.595452  16047.446125 -21334.555835    497.087626  5  4  4  85       
PG26  26436.617810   3976.117085  -1662.755828    -39.088937  5  3  2  72       
PG27  15231.112162  -1983.835041  21393.916687    -33.339751  1  3  3  75       
PG28  15180.476257   4862.515877 -21261.006941   -529.491531  4  5  3  94       
PG29   3358.444786  25829.999252  -4895.270217   -549.162341  3  5  4  68       
PG30 -10381.016723 -12107.740621  21374.064953   -244.213927  3  4  3  85       
PG31  20162.001852  -4055.884280 -17249.199008   -218.369545  4  3  4  86       
PG32  15716.038046  16898.016052 -13101.020228   -545.739648  4  2  3  57       
*  2025  1  7 19 45  0.00000000
PG01  15368.139771 -21319.270697  -3826.610650 999999.999999  6 10  1           
PG02  14145.979577 -22222.019036    184.923939   -273.363126  6  4  5  37       
PG03  10221.772903 -12698.289032 -21107.270099    641.543951  6  4  6 113       
PG04   3083.570709 -21441.476263 -15245.428963    508.405834  6  8  6  68       
PG05 -23107.617185   6061.175684  11504.581756   -198.347671  3  6  3  66       
PG06 -14402.208287  -4799.634566 -21737.948808   -102.157110  4  4  3  84       
PG07   1721.510256 -21289.521568  16035.928105    -13.740084  4  3  4  74       
PG08  10773.772296 -12110.489634  20830.671996    456.089541  3  2  2  75       
PG09  -5062.001228 -24796.788927  -8039.468028    519.593711  5  6  3  81       
PG10  21780.914055  10518.539941  11585.892058   -267.115645  3  2  4  82       
PG11 -20049.849394   6909.922412 -15911.596044   -752.207341  5  5  4  70       
PG12 -13958.626926  11372.103313 -19803.190033   -563.109594  6  8  4  77       
PG13 -14632.899539   2645.332980  21780.232287    692.730511  4  6  5  84       
PG14 -18710.302803 -12939.591045  13950.836941    575.627190  5  6  4  79       
PG15  -8700.105566  14072.347723  20231.324098    248.944553  4  6  2  88       
PG16  25774.256543    541.825559   6942.489579    -83.543968  1  3  5  60       
PG17 -12931.031439 -21820.364576  -7101.579699    484.686092  5  8  5  77       
PG18   -600.990687  19943.356386  17449.005092   -658.619767  5  6  6  98       
PG19 -15981.849552 -14375.696006 -16017.606876    583.455813  5  7  4  87       
PG20 -26457.658627   1092.957038   -566.076344    367.258722  3  5  5  69       
PG21  16969.250434 -18634.745771   6636.775040    100.356462  4  2  5  40       
PG22 -23175.499168 -10429.837459   7525.200211    -91.052776  5  6  4  75       
PG23   8846.025844  14588.724296  20462.176398    399.339670  5  7  5  98       
PG24 -14348.479011  22033.999835   1100.838437   -466.296107  5  3  3  84       
PG25    743.422727  15751.093410 -21749.415291    497.087151  5  5  4  91       
PG26  26090.852268   4260.889647  -4404.557160    -39.102473  5  3  2  60       
PG27  16112.498965    333.568812  20877.500899    -33.339279  1  3  4  82       
PG28  13726.668084   6840.801396 -21700.304190   -529.500424  4  5  3  92       
PG29   2930.257512  25212.615204  -7651.821128   -549.159164  3  5  4  90       
PG30  -8828.795135 -13939.729237  20923.424875   -244.206326  2  4  3  66       
PG31  18962.438476  -2438.376228 -18831.231026   -218.368739  4  3  5  77       
PG32  16042.548878  18261.459523 -10717.452557   -545.733530  5  2  3  64       
*  2025  1  7 20  0  0.00000000
PG01  15742.823178 -21367.118101   -990.361823 999999.999999  2 11  1           
PG02  14307.698806 -21968.096005   3067.411285   -273.354524  6  2  5  38       
PG03  12518.843170 -12402.914542 -19998.173665    641.550875  6  4  6 106       
PG04   3958.322946 -19789.158662 -17168.303580    508.411159  6  7  6  79       
PG05 -24288.459304   5818.873083   8959.551465   -198.348413  3  6  4  67       
PG06 -12929.122852  -6838.982241 -22102.894766   -102.181496  4  4  2  86       
PG07   2853.173708 -22512.031169  13964.939090    -13.739898  3  4  3  59       
PG08  11950.307534  -9958.844577  21359.989483    456.096782  3  2  3  75       
PG09  -4384.475615 -23951.306101 -10622.300689    519.607457  5  5  3  69       
PG10  20363.980771  10503.117327  13951.684551   -267.130081  3  3  4  85       
PG11 -18987.838523   5286.890399 -17732.900321   -752.206696  5  4  4  71       
PG12 -16044.867119  10913.279525 -18407.445514   -563.111949  6  7  3  86       
PG13 -15335.917892    224.989542  21478.304626    692.731351  5  6  5 114       
PG14 -16998.394218 -12950.145275  15969.591219    575.633729  5  6  4  78       
PG15 -10143.833412  12068.669726  20841.838800    248.948869  4  6  2  72       
PG16  26396.114403    877.056626   4208.692376    -83.535586  1  4  5  67       
PG17 -12951.149110 -22569.236333  -4325.041326    484.670213  6  8  5  83       
PG18  -1842.996178  21373.036680  15543.173038   -658.618653  5  5  5  89       
PG19 -16382.875965 -16009.960055 -13946.375510    583.459706  5  7  4  80       
PG20 -26245.362570    796.137400  -3409.444481    367.258304  4  5  5  80       
PG21  16793.829428 -17700.420636   9351.323230    100.357711  3  3  5  64       
PG22 -22174.109322 -10502.149552  10149.373624    -91.054529  5  6  4  85       
PG23   6473.004702  14485.325486  21384.519606    399.346489  5  7  5  89       
PG24 -14497.853016  21557.797441   3905.712645   -466.292717  4  2  3  87       
PG25  -1668.986005  15574.697862 -21802.566009    497.086657  5  5  4  76       
PG26  25457.864686   4556.856805  -7072.576912    -39.116026  5  4  3  79       
PG27  17076.087108   2525.323525  19994.203523    -33.338805  2  3  4  81       
PG28  12362.188344   8916.061882 -21766.748032   -529.509276  4  5  3  81       
PG29   2365.441034  24332.053120 -10275.942792   -549.156569  4  5  5  67       
PG30  -7405.915898 -15789.379129  20116.249779   -244.198758  2  4  3  73       
PG31  17752.689286   -632.284654 -20099.048686   -218.368033  4  3  5  86       
PG32  16322.878517  19349.103755  -8149.510073   -545.727479  5  2  3  67       
*  2025  1  7 20 15  0.00000000
PG01  15923.376033 -21175.106140   1862.936944 999999.999999  1 11  1           
PG02  14331.516859 -21435.157652   5896.162043   -273.346479  6  2  5  26       
PG03  14686.290152 -12242.908216 -18548.608954    641.557807  5  4  7  99       
PG04   5007.272263 -18004.960378 -18793.589970    508.416529  6  6  6  91       
PG05 -25181.889401   5637.356186   6259.847957   -198.349304  4  5  4  69       
PG06 -11561.996963  -8975.846827 -22085.122501   -102.205911  4  4  2  86       
PG07   3797.590736 -23583.595964  11655.940405    -13.738930  3  4  4  54       
PG08  13249.980404  -7838.532943  21516.087600    456.104038  2  2  4  93       
PG09  -3525.461324 -22897.371575 -13022.434880    519.621193  5  5  3  85       
PG10  18696.810299  10559.926473  16084.436171   -267.144576  4  3  4  90       
PG11 -17905.756160   3454.110335 -19247.428626   -752.206050  6  4  4  69       
PG12 -17981.352645  10581.668222 -16701.506044   -563.113779  6  7  3  68       
PG13 -16147.459882  -2098.817153  20799.731046    692.732626  5  6  5  86       
PG14 -15076.842593 -13034.999239  17717.111253    575.640266  4  5  4  87       
PG15 -11709.068597  10096.414380  21075.909666    248.952912  4  6  3  76       
PG16  26725.186752   1138.783542   1403.898166    -83.527237  1  4  5  71       
PG17 -12878.093195 -23021.681805  -1472.477753    484.654817  5  8  5 101       
PG18  -2881.488040  22673.410863  13367.782671   -658.617610  4  5  5  52       
PG19 -16778.440003 -17392.759117 -11641.970043    583.464208  5  7  4  77       
PG20 -25732.310060    441.228484  -6193.576782    367.258272  4  5  5  74       
PG21  16527.571864 -16492.873012  11896.936959    100.358455  3  3  5  49       
PG22 -20896.041049 -10588.335370  12598.739386    -91.056718  5  6  4  94       
PG23   4012.280711  14514.265351  21941.676516    399.353329  5  6  5  92       
PG24 -14532.357204  20802.582099   6641.085662   -466.289332  4  2  3  77       
PG25  -4075.753474  15522.185649 -21492.390499    497.086109  5  5  4  66       
PG26  24549.756072   4897.380991  -9622.263677    -39.129581  5  4  3  77       
PG27  18091.444666   4553.695081  18761.145696    -33.338385  2  3  4  80       
PG28  11114.731574  11047.959695 -21459.189828   -529.518149  4  5  3  69       
PG29   1638.865258  23219.789851 -12722.384909   -549.152801  3  5  5  81       
PG30  -6129.732227 -17614.238579  18965.394159   -244.191194  2  4  3  86       
PG31  16570.637943   1338.845946 -21031.085412   -218.367105  4  3  5  90       
PG32  16517.767340  20156.612918  -5441.811907   -545.721398  5  3  3  59       
*  2025  1  7 20 30  0.00000000
PG01  15940.394890 -20722.241829   4684.170290 999999.999999  1 11  1           
PG02  14255.767123 -20616.998881   8622.216936   -273.338483  5  2  5  68       
PG03  16679.442126 -12199.951806 -16782.677353    641.564715  5  4  7  85       
PG04   6231.086682 -16135.403152 -20093.419466    508.421878  6  4  6  91       
PG05 -25771.643307   5480.343167   3452.304443   -198.350092  4  5  4  65       
PG06 -10328.389944 -11166.479818 -21684.554746   -102.230319  4  4  3  70       
PG07   4564.736458 -24463.594991   9146.823849    -13.738910  3  4  4  76       
PG08  14649.539909  -5792.684162  21297.608377    456.111318  2  3  5  94       
PG09  -2471.287070 -21673.854945 -15198.869755    519.634904  5  5  4  91       
PG10  16811.689486  10719.087510  17948.604916   -267.159036  4  3  3  62       
PG11 -16843.746200   1435.453174 -20429.038828   -752.205436  6  4  4  76       
PG12 -19727.510569  10358.658266 -14713.446710   -563.115786  6  7  3  66       
PG13 -17041.966918  -4282.796356  19757.350214    692.733877  6  5  5  84       
PG14 -12981.102207 -13218.047992  19163.373481    575.646807  4  5  4 103       
PG15 -13367.533460   8196.992184  20929.562193    248.956901  4  6  3  79       
PG16  26752.153737   1362.899967  -1424.488739    -83.518973  2  4  5  61       
PG17 -12675.624478 -23188.221105   1405.874381    484.639104  5  7  5 100       
PG18  -3722.709898  23800.540779  10960.201620   -658.616573  4  5  4  70       
PG19 -17129.853321 -18510.347496  -9143.051249    583.467757  6  7  4  42       
PG20 -24934.731087     -5.596968  -8870.024678    367.257647  4  5  5  15       
PG21  16211.972411 -15022.095889  14229.455452    100.359636  3  3  5  64       
PG22 -19363.852706 -10723.131625  14832.247798    -91.058422  6  6  4  97       
PG23   1513.111458  14683.036989  22123.488814    399.360080  4  6  5  91       
PG24 -14487.287749  19764.056053   9257.769468   -466.285955  4  2  4  75       
PG25  -6430.862787  15589.773747 -20823.137344    497.085635  6  5  3  76       
PG26  23386.038786   5313.167369 -12011.081822    -39.143094  5  3  3  81       
PG27  19123.181187   6387.791571  17201.476986    -33.337896  3  4  4  81       
PG28  10004.918067  13192.243859 -20782.895802   -529.527002  4  5  3  79       
PG29    732.010531  21913.187627 -14949.070287   -549.149873  4  5  5  84       
PG30  -5010.134882 -19370.176159  17489.627098   -244.183650  2  4  2  81       
PG31  15450.186946   3444.613812 -21611.161986   -218.366698  4  3  5  87       
PG32  16589.066894  20688.421636  -2641.076711   -545.715315  6  3  3  65       
*  2025  1  7 20 45  0.00000000
PG01  15828.849005 -19995.218260   7424.783879 999999.999999  5 11  1           
PG02  14120.362217 -19516.215904  11199.034304   -273.329882  5  3  5  76       
PG03  18458.550617 -12248.655881 -14729.930460    641.571625  5  5  6 100       
PG04   7622.046684 -14227.628078 -21045.642794    508.427239  6  3  5  92       
PG05 -26050.341848   5309.669942    585.407816   -198.351226  5  5  5  62       
PG06  -9248.179787 -13363.260482 -20907.800393   -102.254772  4  4  3  89       
PG07   5171.725358 -25115.359156   6479.506586    -13.738356  3  4  4  50       
PG08  16119.279701  -3859.721525  20709.774548    456.118477  3  2  6  81       
PG09  -1216.089343 -20323.036685 -17114.539215    519.648609  5  5  4  69       
PG10  14747.015233  11004.714788  19513.004455   -267.173518  4  3  3  76       
PG11 -15838.082636   -737.778054 -21257.384590   -752.204762  7  4  4  38       
PG12 -21247.778692  10219.230734 -12476.177760   -563.117624  6  7  2  45       
PG13 -17987.634230  -6289.498284  18370.377395    692.734919  6  5  5  87       
PG14 -10751.602685 -13516.897805  20283.347120    575.653398  4  4  4  88       
PG15 -15084.797810   6406.768204  20406.007171    248.961202  4  6  4  76       
PG16  26476.092604   1586.471163  -4229.103735    -83.510680  2  4  5  75       
PG17 -12311.182521 -23087.822223   4259.805841    484.623946  4  6  5  84       
PG18  -4380.984757  24714.108503   8361.984327   -658.615525  4  5  3  87       
PG19 -17397.582342 -19357.291303  -6491.400863    583.471953  6  7  4  48       
PG20 -23876.872699   -574.290678 -11392.166700    367.257380  5  5  5  54       
PG21  15887.392355 -13306.795137  16309.438461    100.361043  3  4  5  57       
PG22 -17607.373108 -10937.205691  16812.944491    -91.060226  6  6  3  90       
PG23   -974.175100  14990.760348  21926.154057    399.366879  4  5  5  96       
PG24 -14399.165856  18446.864175  11708.362380   -466.282598  4  3  4  84       
PG25  -8689.674988  15766.093542 -19804.917962    497.085166  6  5  3  75       
PG26  21992.963216   5830.944820 -14199.155361    -39.156652  5  3  3  78       
PG27  20132.366669   8004.499256  15343.843835    -33.337459  4  4  4  83       
PG28   9045.616673  15302.292153 -19749.458436   -529.535862  4  5  3  85       
PG29   -366.125025  20454.056130 -16917.817210   -549.147106  5  6  5  69       
PG30  -4049.299504 -21012.953647  15713.380578   -244.176097  2  4  3  91       
PG31  14420.027043   5648.680838 -21828.771922   -218.365826  5  3  5  81       
PG32  16501.325794  20957.361656    204.688116   -545.709283  6  4  3  64       
*  2025  1  7 21  0  0.00000000
PG01  15626.574130 -18989.060114  10037.621374 999999.999999  6 10  3           
PG02  13965.064091 -18144.124454  13583.255899   -273.321919  5  3  5  70       
PG03  19990.172916 -12357.619596 -12424.919403    641.578520  4  5  6  91       
PG04   9164.190961 -12327.670281 -21634.195082    508.432592  6  3  5  88       
PG05 -26019.673292   5086.960443  -2291.547432   -198.352082  6  4  5  70       
PG06  -8332.894212 -15516.387122 -19768.060908   -102.279110  4  4  4  77       
PG07   5642.043585 -25507.665936   3699.307750    -13.737618  3  4  4  60       
PG08  17624.140191  -2072.078725  19764.197658    456.125807  3  2  6  79       
PG09    237.781272 -18888.994662 -18736.922991    519.662325  6  4  5  82       
PG10  12546.010337  11433.893537  20751.281098   -267.187976  4  2  3  87       
PG11 -14919.781870  -3027.866363 -21718.265505   -752.204082  7  5  4  81       
PG12 -22512.843869  10133.013144 -10026.966040   -563.119855  6  7  2  51       
PG13 -18947.684882  -8088.545919  16663.984842    692.736004  6  4  5  81       
PG14  -8432.391870 -13942.072438  21057.433255    575.659957  4  3  5  93       
PG15 -16821.574071   4755.755539  19515.532991    248.965285  4  6  4  73       
PG16  25904.446388   1846.159164  -6963.346948    -83.501999  3  4  4  86       
PG17 -11757.302769 -22746.967629   7040.040663    484.608175  3  6  5  89       
PG18  -4877.970789  25378.992596   5618.149035   -658.614491  4  5  2  78       
PG19 -17542.825657 -19936.512963  -3731.283343    583.476059  6  7  4  58       
PG20 -22590.085520  -1289.543564 -13716.050449    367.257386  5  5  4  81       
PG21  15591.336800 -11373.655845  18102.771283    100.362100  4  3  4  84       
PG22 -15662.619441 -11255.878087  18508.501128    -91.062163  6  6  3  94       
PG23  -3399.913591  15428.160368  21352.336422    399.373654  4  5  5  92       
PG24 -14304.095467  16864.635432  13948.234275   -466.279230  4  3  4  79       
PG25 -10810.412464  16032.603530 -18453.624074    497.084701  6  5  2  62       
PG26  20402.613613   6472.297890 -16149.873009    -39.170195  5  3  3  76       
PG27  21078.080149   9389.097238  13221.774335    -33.337016  4  5  4  87       
PG28   8241.576428  17330.753110 -18376.600525   -529.544796  4  5  3  62       
PG29  -1658.416216  18887.059884 -18594.986640   -549.143696  5  6  4  63       
PG30  -3241.735595 -22499.829465  13666.396212   -244.168582  3  4  3  91       
PG31  13502.600398   7909.918345 -21679.294553   -218.365257  5  4  5  80       
PG32  16223.266094  20983.983546   3046.998471   -545.703231  6  4  3  63       
*  2025  1  7 21 15  0.00000000
PG01  15372.664921 -17707.456355  12477.736430 999999.999999  7 10  5           
PG02  13827.807433 -16520.351261  15735.376248   -273.313801  5  3  4  75       
PG03  21248.331444 -12490.737858  -9906.654070    641.585434  4  5  6  96       
PG04  10833.790840 -10478.794249 -21849.349233    508.437906  6  3  5 102       
PG05 -25690.238627   4775.296262  -5129.304693   -198.353181  6  5  5  74       
PG06  -7585.379299 -17575.667381 -18284.915317   -102.303572  4  4  4  92       
PG07   6004.508759 -25616.070705    854.221108    -13.737322  3  4  4  46       
PG08  19125.017601   -455.173368  18478.575632    456.133087  4  2  6  74       
PG09   1879.672138 -17415.941589 -20038.575384    519.676044  6  5  5  87       
PG10  10255.271292  12015.918210  21642.328542   -267.202470  4  2  2  81       
PG11 -14113.435042  -5391.949925 -21803.866999   -752.203393  7  6  4  85       
PG12 -23500.667564  10065.553582  -7406.877564   -563.121487  6  7  2  68       
PG13 -19881.841703  -9657.574373  14668.778812    692.737533  6  3  5  84       
PG14  -6069.642315 -14496.494621  21471.822869    575.666508  4  3  5  92       
PG15 -18535.222733   3266.597080  18275.233299    248.969313  4  6  5  77       
PG16  25052.704643   2176.685245  -9582.073421    -83.493528  3  4  4  71       
PG17 -10992.815217 -22198.453649   9699.089506    484.592778  2  5  4  96       
PG18  -5241.621933  25766.658628   2776.381938   -658.613411  4  4  1  70       
PG19 -17529.075115 -20259.041134   -908.774139    583.479713  6  6  4  59       
PG20 -21111.640464  -2169.608997 -15801.187419    367.256977  5  5  4  68       
PG21  15356.916761  -9256.314162  19581.110447    100.363143  4  3  4  84       
PG22 -13570.511000 -11698.077050  19891.649845    -91.064226  6  6  3  97       
PG23  -5716.818244  15977.880341  20411.170763    399.380430  3  4  4  68       
PG24 -14236.129041  15039.651231  15936.472463   -466.275838  4  3  4  88       
PG25 -12755.556451  16364.281724 -16790.761753    497.084208  6  5  2  57       
PG26  18651.804585   7252.690428 -17830.449126    -39.183756  5  2  3  66       
PG27  21919.023170  10535.536355  10872.998007    -33.336623  5  5  4  81       
PG28   7589.380757  19231.225624 -16687.874944   -529.553664  4  5  3  71       
PG29  -3139.322229  17258.033941 -19952.043885   -549.140745  5  6  4  75       
PG30  -2574.639381 -23791.131805  11383.271682   -244.161044  3  4  3  83       
PG31  12713.296095  10183.741118 -21164.130470   -218.364559  5  3  5  74       
PG32  15729.096317  20795.604361   5837.694087   -545.697136  6  5  4  82       
*  2025  1  7 21 30  0.00000000
PG01  15105.828888 -16162.766827  14703.165627 999999.999999  8 10  6           
PG02  13743.139944 -14672.125646  17620.310744   -273.305540  5  3  5  61       
PG03  22215.403798 -12608.708652  -7217.977753    641.592333  3  5  6 101       
PG04  12600.133473  -8719.954074 -21687.855067    508.443245  6  3  4  97       
PG05 -25081.069818   4340.821135  -7879.475806   -198.353967  7  5  5  74       
PG06  -6999.819763 -19492.337279 -16483.986473   -102.328010  3  4  4  96       
PG07   6291.989634 -25424.012731  -2005.909293    -13.736845  3  4  4  55       
PG08  20580.224688    973.328957  16876.292019    456.140393  4  3  6  69       
PG09   3690.860991 -15946.576844 -20997.564763    519.689736  6  5  5  85       
PG10   7923.197051  12751.820251  22170.635869   -267.217038  4  2  1  80       
PG11 -13436.305586  -7783.492817 -21512.886309   -752.202742  7  6  4  84       
PG12 -24197.257594   9979.770751  -4660.145106   -563.123630  6  7  2  80       
PG13 -20747.934842 -10982.846097  12420.188401    692.738480  6  3  6 119       
PG14  -3710.075272 -15175.264928  21518.766469    575.673100  4  2  5  92       
PG15 -20181.398121   1953.877027  16708.582439    248.973471  4  6  5  80       
PG16  23943.813007   2609.381860 -12042.243875    -83.484874  4  4  4  97       
PG17 -10003.782685 -21479.978163  12192.036386    484.577576  3  4  4  97       
PG18  -5504.894240  25856.306293   -113.816382   -658.612374  5  3  2  68       
PG19 -17323.606204 -20343.474624   1928.939597    583.483860  6  5  4  54       
PG20 -19483.322728  -3225.383363 -17611.284261    367.256490  5  5  4  72       
PG21  15211.551432  -6994.092375  20722.176251    100.364115  5  3  4  84       
PG22 -11375.430808 -12275.557472  20940.522522    -91.065655  6  6  3  93       
PG23  -7881.618891  16615.122198  19118.156548    399.387200  3  4  3  69       
PG24 -14225.716680  13002.148281  17636.758265   -466.272454  5  4  5  73       
PG25 -14493.108079  16730.578727 -14843.198180    497.083719  6  5  2  75       
PG26  16780.815976   8180.715438 -19212.435314    -39.197305  6  2  3  83       
PG27  22615.133593  11446.381875   8338.718751    -33.336190  5  6  4  90       
PG28   7077.725614  20959.912267 -14712.264875   -529.562543  4  5  3  71       
PG29  -4794.928799  15612.273699 -20966.026408   -549.137647  6  6  4  91       
PG30  -2028.540992 -24851.740046   8902.910411   -244.153535  4  4  3  75       
PG31  12059.909778  12423.586065 -20290.753780   -218.363816  5  4  5  66       
PG32  14999.614702  20425.121214   8529.716185   -545.691006  5  6  4  67       
*  2025  1  7 21 45  0.00000000
PG01  14862.766193 -14375.702204  16675.649023 999999.999999  8  9  7           
PG02  13740.834618 -12633.307994  19207.861442   -273.297341  5  3  5  79       
PG03  22882.706443 -12670.684575  -4404.864679    641.599257  3  5  5  94       
PG04  14426.581871  -7084.437165 -21152.963884    508.448590  6  3  4  87       
PG05 -24218.843294   3754.219429 -10495.343586   -198.355259  7  5  5  41       
PG06  -6562.110661 -21220.836912 -14396.493986   -102.352469  3  5  4  68       
PG07   6539.930842 -24923.639500  -4830.298416    -13.736294  4  4  4  62       
PG08  21947.043882   2203.939078  14985.930144    456.147643  5  3  6  73       
PG09   5645.098703 -14520.514720 -21597.818610    519.703405  5  5  5  94       
PG10   5598.351959  13634.204010  22326.564069   -267.231634  3  2  1  93       
PG11 -12897.726513 -10153.900235 -20850.543014   -752.202127  7  7  5  90       
PG12 -24597.152963   9837.528158  -1833.466554   -563.125827  6  7  3  37       
PG13 -21503.578790 -12059.524342   9957.782385    692.739512  6  3  6  86       
PG14  -1399.359839 -15965.749569  21196.748720    575.679642  4  2  5 100       
PG15 -21715.759226    823.786480  14844.876376    248.977736  4  5  5  83       
PG16  22607.336109   3170.881707 -14303.532853    -83.476372  4  4  4  82       
PG17  -8784.149140 -20632.577875  14477.248251    484.562143  3  4  4 110       
PG18  -5704.249943  25635.725009  -3002.025176   -658.611240  5  2  2  67       
PG19 -16898.845189 -20215.178082   4734.279664    583.487817  5  5  4 102       
PG20 -17749.859388  -4459.782129 -19114.895489    367.256001  4  5  4  89       
PG21  15175.950441  -4630.560171  21509.903810    100.364711  5  3  4  74       
PG22  -9123.690032 -12992.405603  21638.897763    -91.067896  5  6  3  91       
PG23  -9856.552793  17308.592627  17494.939929    399.393959  3  4  3  70       
PG24 -14298.311503  10789.282312  19018.145727   -466.269049  4  4  5  88       
PG25 -15997.665172  17096.602790 -12642.817931    497.083202  6  5  1  67       
PG26  14832.009168   9257.598602 -20272.177337    -39.210846  6  2  3  83       
PG27  23129.138135  12132.432596   5662.857953    -33.335685  6  5  4  85       
PG28   6688.010528  22477.183314 -12483.690844   -529.571405  4  5  3  73       
PG29  -6603.318068  13992.864844 -21619.911443   -549.134454  6  6  4  93       
PG30  -1578.224424 -25652.414867   6267.880518   -244.146027  4  3  4  78       
PG31  11542.391109  14582.485779 -19072.675630   -218.362860  6  4  4  67       
PG32  14023.064992  19909.638073  11077.852433   -545.684905  5  5  4  60       
*  2025  1  7 22  0  0.00000000
PG01  14676.638468 -12374.689286  18361.286016 999999.999999  9  8  7           
PG02  13844.719493 -10443.199272  20473.082574   -273.289308  5  2  5  64       
PG03  23250.746063 -12636.005849  -1515.649971    641.606217  4  6  5  96       
PG04  16271.869430  -5598.742120 -20254.340228    508.453853  6  4  5  97       
PG05 -23136.821776   2992.013698 -12932.624572   -198.356339  7  5  5  93       
PG06  -6250.565897 -22720.472136 -12058.701771   -102.376928  3  5  4  78       
PG07   6784.739945 -24116.302187  -7568.196842    -13.735819  4  4  4  82       
PG08  23183.312119   3235.448740  12840.715746    456.154905  5  3  6  75       
PG09   7709.440911 -13172.847646 -21829.370446    519.717196  5  5  5 102       
PG10   3327.818845  14647.399812  22106.546020   -267.246226  3  2  1  81       
PG11 -12498.819893 -12454.215574 -19828.474788   -752.201447  8  7  5  84       
PG12 -24703.598269   9601.274324   1024.758202   -563.127611  6  7  2  62       
PG13 -22107.851827 -12891.601365   7324.530601    692.740643  6  3  7  94       
PG14    819.453224 -16847.977316  20510.562421    575.686218  4  3  5  93       
PG15 -23095.669445   -125.850428  12718.560791    248.981953  4  5  6  77       
PG16  21078.405085   3881.985993 -16328.891922    -83.467970  5  4  4  79       
PG17  -7336.081008 -19698.979195  16517.000401    484.547126  4  4  3 106       
PG18  -5878.020216  25101.821708  -5837.819939   -658.610177  5  2  3  89       
PG19 -16233.563952 -19905.236069   7460.012163    583.492216  5  4  5  86       
PG20 -15957.243813  -5867.437333 -20285.984480    367.256437  4  5  4 100       
PG21  15263.400454  -2211.986487  21934.468077    100.366380  5  3  4  78       
PG22  -6861.950923 -13844.840333  21976.359677    -91.069708  5  6  3  94       
PG23 -11610.653476  18021.721612  15568.984198    399.400708  4  4  2  80       
PG24 -14473.197424   8443.796738  20055.717002   -466.265628  4  4  5  82       
PG25 -17251.271495  17424.498717 -10226.086761    497.082705  6  5  1  74       
PG26  12848.371888  10476.974943 -20991.211785    -39.224388  6  3  3  80       
PG27  23427.987167  12612.040532   2891.283228    -33.335141  6  5  4  85       
PG28   6395.219410  23748.991641 -10040.432578   -529.580248  4  5  3  77       
PG29  -8535.250532  12439.117074 -21902.879144   -549.131388  6  6  4  79       
PG30  -1193.887133 -26170.921912   3523.691776   -244.138466  4  3  4  79       
PG31  11152.893511  16614.682402 -17529.313828   -218.362368  6  4  4  71       
PG32  12795.716278  19288.958113  13439.440570   -545.678817  5  5  4  86       
*  2025  1  7 22 15  0.00000000
PG01  14575.686214 -10194.945759  19731.115471 999999.999999 10  7  7           
PG02  14071.759900  -8145.180910  21396.550109   -273.281022  6  2  5  88       
PG03  23329.124950 -12465.947439   1399.796303    641.613147  4  6  5  99       
PG04  18091.577926  -4281.731751 -19007.864556    508.459149  5  4  5 100       
PG05 -21873.566903   2037.634030 -15150.181646   -198.356784  8  5  5  89       
PG06  -6036.934946 -23956.895820  -9511.270681   -102.401423  3  5  4  91       
PG07   7062.104064 -23012.687765 -10169.911745    -13.735509  4  4  5  84       
PG08  24248.977553   4074.719120  10477.901605    456.162232  6  3  6  80       
PG09   9845.336603 -11932.897273 -21688.506464    519.730880  5  5  4 109       
PG10   1155.599531  15767.932998  21513.204652   -267.260756  3  3  3  94       
PG11 -12232.548210 -14636.833801 -18464.521140   -752.200768  8  7  5  92       
PG12 -24528.395229   9235.686365   3865.241726   -563.129723  6  7  2  76       
PG13 -22522.912725 -13491.491533   4566.026189    692.741875  6  3  7  85       
PG14   2907.403781 -17795.334098  19471.277372    575.692820  4  3  5  85       
PG15 -24281.812303   -905.200730  10368.470538    248.985891  4  5  6  81       
PG16  19396.486542   4756.747724 -18085.066236    -83.459199  5  4  4  90       
PG17  -5669.996740 -18721.926787  18278.013811    484.531417  4  4  3  89       
PG18  -6064.693927  24260.798137  -8571.691636   -658.609140  6  3  4  86       
PG19 -15313.858285 -19449.200392  10059.990216    583.496111  5  4  5  82       
PG20 -14151.024172  -7434.729109 -21104.381840    367.256068  3  5  4  97       
PG21  15479.366187    214.255328  21992.200228    100.367423  5  3  4  79       
PG22  -4635.663140 -14821.311610  21948.373249    -91.071621  5  6  3  86       
PG23 -13120.784701  18714.108492  13373.131135    399.407461  4  4  1  88       
PG24 -14762.594761   6012.455825  20731.093529   -466.262193  4  4  5  96       
PG25 -18244.001593  17674.973703  -7633.522596    497.082217  6  5  1  77       
PG26  10872.041531  11824.949523 -21356.596612    -39.237970  6  3  3  77       
PG27  23484.121809  12910.164857     71.036143    -33.334589  7  5  3  86       
PG28   6169.056830  24748.084255  -7424.475122   -529.589160  4  5  3  78       
PG29 -10555.131732  10985.160487 -21810.468842   -549.128121  7  6  4  66       
PG30   -842.495349 -26392.900800    718.002081   -244.130974  5  3  4  70       
PG31  10876.130336  18477.223857 -15685.764127   -218.361578  6  4  4  60       
PG32  11322.148816  18603.997748  15575.023522   -545.672775  5  5  4  78       
*  2025  1  7 22 30  0.00000000
PG01  14582.048483  -7877.299682  20761.610406 999999.999999 10  6  7           
PG02  14431.417603  -5785.237340  21964.541140   -273.272589  6  1  5  77       
PG03  23136.100222 -12125.410870   4290.937298    641.620136  4  6  4  76       
PG04  19839.741480  -3144.091179 -17435.332266    508.464441  5  5  5  93       
PG05 -20471.472624    882.221026 -17110.677569   -198.358109  8  5  5  71       
PG06  -5887.686467 -24903.349510  -6798.528886   -102.425900  4  6  4  77       
PG07   7405.310514 -21632.569158 -12587.844638    -13.735131  5  5  5  88       
PG08  25107.571385   4736.168552   7938.107103    456.169433  6  4  6  72       
PG09  12009.932539 -10823.198949 -21177.811068    519.744504  5  5  3 105       
PG10   -878.880309  16965.297138  20555.383953   -267.275253  3  3  4  81       
PG11 -12084.094155 -16657.165231 -16782.399893   -752.200080  8  7  5 100       
PG12 -24091.430997   8709.252073   6638.662445   -563.131813  6  7  2  75       
PG13 -22715.493896 -13879.311984   1729.684306    692.742854  7  3  7 115       
PG14   4830.943965 -18775.532198  18096.101153    575.699369  5  3  5  91       
PG15 -25239.657013  -1531.723709   7837.005806    248.989957  5  4  6  72       
PG16  17604.014401   5801.798989 -19543.062846    -83.450695  6  4  4  84       
PG17  -3804.291303 -17742.551535  19731.903077    484.515968  5  5  2  91       
PG18  -6301.203016  23127.969700 -11155.949132   -658.608095  6  3  4  80       
PG19 -14133.871765 -18885.673134  12489.895858    583.500226  6  4  4  87       
PG20 -12374.624515  -9140.150008 -21556.132673    367.255389  3  6  4  90       
PG21  15821.403132   2601.270259  21685.413354    100.368755  6  3  4  84       
PG22  -2487.565845 -15902.887031  21556.281201    -91.073488  5  6  4  95       
PG23 -14372.376757  19343.140685  10945.058174    399.414226  4  4  1  85       
PG24 -15171.085026   3544.314043  21032.787986   -466.258746  4  5  5 103       
PG25 -18974.252504  17808.915451  -4909.075704    497.081713  6  5  1  80       
PG26   8942.858461  13280.443877 -21361.169414    -39.251534  6  3  4  82       
PG27  23276.531501  13057.201824  -2750.429633    -33.334153  7  5  3  89       
PG28   5975.295443  25454.963859  -4680.790114   -529.598050  4  5  3  79       
PG29 -12622.225814   9658.756668 -21344.627852   -549.125101  7  6  4  94       
PG30   -489.281965 -26312.440647  -2100.232406   -244.123457  5  3  4  65       
PG31  10690.030530  20131.482909 -13572.469974   -218.360864  6  3  4  61       
PG32   9615.237992  17895.179936  17448.949887   -545.666723  5  5  4  85       
*  2025  1  7 22 45  0.00000000
PG01  14710.830591  -5466.798647  21435.079108 999999.999999 11  3  7           
PG02  14925.300873  -3410.414556  22169.129666   -273.264754  6  1  5  80       
PG03  22697.810611 -11584.492101   7107.464180    641.626986  4  6  4  86       
PG04  21470.514729  -2188.108902 -15564.056002    508.469818  5  5  5  92       
PG05 -18975.174919   -474.865585 -18781.161852   -198.359266  8  6  5  83       
PG06  -5765.506412 -25541.616079  -3967.674638   -102.450395  4  6  5  59       
PG07   7843.649333 -20004.173100 -14777.514632    -13.734607  5  5  5  84       
PG08  25727.542837   5240.984844   5264.624827    456.176716  7  4  5  91       
PG09  14157.544800  -9858.756210 -20306.111751    519.758195  5  6  2 106       
PG10  -2742.107092  18203.008951  19248.087593   -267.289775  3  3  4  82       
PG11 -12031.552597 -18475.186003 -14811.282998   -752.199355  7  7  6  97       
PG12 -23419.895800   7995.725826   9296.542266   -563.133588  7  7  2  80       
PG13 -22658.216653 -14081.884537  -1136.068120    692.744106  7  3  8 113       
PG14   6563.057114 -19751.819858  16408.130585    575.705971  5  3  5  94       
PG15 -25940.717450  -2029.188836   5169.269968    248.994045  5  4  6  57       
PG16  15744.929584   7015.943891 -20678.569054    -83.442369  6  4  4  81       
PG17  -1764.772656 -16798.835388  20855.535732    484.500892  5  5  2  96       
PG18  -6621.275379  21727.233046 -13545.585562   -658.607070  6  4  4 100       
PG19 -12696.235000 -18254.774259  14707.971916    583.504277  6  4  4  84       
PG20 -10667.765157 -10954.987190 -21633.726918    367.254880  3  6  5  82       
PG21  16279.368609   4904.159158  21022.154637    100.369510  6  2  4  69       
PG22   -456.304321 -17063.908972  20807.227100    -91.075431  6  6  4  98       
PG23 -15359.833548  19865.722196   8326.638968    399.421038  5  5  1  87       
PG24 -15695.379801   1088.901101  20956.388564   -466.255270  4  5  5  99       
PG25 -19448.723686  17789.041658  -2099.422766    497.081221  6  4  1  77       
PG26   7097.000835  14815.820365 -21003.727040    -39.265123  7  3  4  64       
PG27  22791.569386  13087.638331  -5525.990246    -33.333746  7  5  4  80       
PG28   5777.282050  25858.563299  -1856.564315   -529.606936  3  6  3  46       
PG29 -14692.069173   8480.367832 -20513.653882   -549.122210  7  6  4  94       
PG30    -99.326601 -25932.334750  -4881.646830   -244.115985  5  3  4  54       
PG31  10566.675285  21544.540063 -11224.789272   -218.360111  6  4  4  66       
PG32   7695.838685  17200.863979  19029.914447   -545.660711  5  6  4  85       
*  2025  1  7 23  0  0.00000000
PG01  14969.455960  -3011.161582  21739.966141 999999.999999 12  1  7           
PG02  15547.109651  -1067.267501  22008.205510   -273.256466  5  1  5  80       
PG03  22047.198325 -10819.860490   9800.200419    641.633928  4  6  4  58       
PG04  22939.841669  -1407.786316 -13426.379485    508.475117  6  6  5  82       
PG05 -17429.896954  -2025.849809 -20133.584570   -198.360213  8  6  5  94       
PG06  -5630.949437 -25862.645833  -1067.927561   -102.474919  4  6  5  76       
PG07   8400.974653 -18163.184999 -16698.534037    -13.734486  6  6  5  85       
PG08  26083.411863   5616.096380   2502.705407    456.184019  7  3  5  86       
PG09  16241.242887  -9046.591851 -19088.324946    519.771876  5  6  2 101       
PG10  -4407.605149  19439.911940  17612.320445   -267.304355  3  2  5  71       
PG11 -12046.906350 -20056.816288 -12585.279966   -752.198703  7  6  6  90       
PG12 -22547.215476   7075.396701  11792.131589   -563.135545  7  8  2  71       
PG13 -22330.682383 -14131.501780  -3982.598342    692.745020  8  3  8 101       
PG14   8084.128891 -20684.386968  14435.994717    575.712523  5  3  4  94       
PG15 -26363.559869  -2426.460898   2412.192705    248.997984  5  4  6  85       
PG16  13863.174965   8390.031101 -21472.318588    -83.433673  7  4  4  80       
PG17    416.163749 -15924.224743  21631.305233    484.485342  5  5  2 102       
PG18  -7053.923147  20090.204359 -15699.090421   -658.606070  7  4  5  88       
PG19 -11012.199014 -17596.547960  16675.733619    583.508708  6  4  4  84       
PG20  -9065.044499 -12844.294655 -21336.209630    367.254988  4  6  5  93       
PG21  16835.909096   7081.424504  20015.899588    100.370499  6  3  4  86       
PG22   1424.794873 -18272.896812  19714.008957    -91.076988  6  6  4  93       
PG23 -16086.591764  20240.043371   5563.217478    399.427845  5  5  2  80       
PG24 -16324.440971  -1305.594691  20504.574051   -466.251801  4  5  5  98       
PG25 -19682.078017  17581.515808    746.817221    497.080699  6  4  1  92       
PG26   5365.750928  16397.766942 -20289.120166    -39.278689  7  3  5  76       
PG27  22023.501747  13038.580534  -8209.566140    -33.333333  7  5  4  79       
PG28   5537.543420  25956.606786    999.611465   -529.615832  3  6  3  87       
PG29 -16718.030300   7462.517272 -19332.033621   -549.119116  7  6  4  93       
PG30    360.847320 -25264.000250  -7577.378297   -244.108438  5  4  4  62       
PG31  10473.485483  22690.374030  -8682.459003   -218.359533  5  4  5  66       
PG32   5592.182249  16555.867210  20291.434137   -545.654664  4  6  5  85       
*  2025  1  7 23 15  0.00000000
PG01  15357.327176   -559.132034  21671.048411 999999.999999 12  1  6           
PG02  16282.870819   1199.652839  21485.422726   -273.248312  6  1  5  88       
PG03  21222.666556  -9815.890489  12321.997307    641.640915  4  6  4  78       
PG04  24207.062136   -789.268719 -11059.112163    508.480467  7  6  5  82       
PG05 -15879.790256  -3754.659728 -21145.231854   -198.361222  8  6  5  94       
PG06  -5444.176271 -25866.832023   1850.354296   -102.499448  5  7  5  84       
PG07   9094.496160 -16151.429731 -18315.502970    -13.733967  6  6  5 101       
PG08  26156.701238   5892.943227   -301.169466    456.191294  7  3  5  87       
PG09  18214.487901  -8385.611226 -17545.205566    519.785556  5  6  3 100       
PG10  -5856.807345  20631.685701  15674.829175   -267.318932  3  2  5  83       
PG11 -12097.246463 -21375.074173 -10142.838676   -752.198036  7  6  7  82       
PG12 -21511.737066   5936.113015  14081.283165   -563.137563  7  8  2  75       
PG13 -21720.302890 -14064.507497  -6761.857663    692.746217  8  3  8 105       
PG14   9382.534321 -21531.913754  12213.392459    575.719096  5  4  4  88       
PG15 -26494.527537  -2756.109890   -386.340482    249.002036  6  4  6  66       
PG16  12001.194541   9907.112041 -21910.402716    -83.425167  7  4  4  79       
PG17   2700.588839 -15146.436998  22047.320795    484.469861  5  5  3  96       
PG18  -7622.128264  18255.064111 -17579.190720   -658.605035  7  5  5  93       
PG19  -9101.451628 -16949.365602  18358.648580    583.512795  6  4  4  85       
PG20  -7594.737337 -14768.116083 -20669.170737    367.254613  5  6  6 104       
PG21  17467.195061   9096.224906  18685.201766    100.372082  6  3  4  84       
PG22   3128.751798 -19493.662009  18294.866917    -91.079069  6  6  4  96       
PG23 -16564.827473  20427.320569   2702.808328    399.434585  5  5  2  79       
PG24 -17039.941958  -3594.063775  19686.964848   -466.248307  4  5  5 106       
PG25 -19696.289517  17157.462504   3579.933833    497.080184  5  4  2  78       
PG26   3774.439724  17988.415193 -19228.256605    -39.292263  7  3  5  57       
PG27  20974.777273  12948.211184 -10756.803222    -33.332976  8  5  4  86       
PG28   5219.429037  25755.643766   3838.579032   -529.624726  3  6  3  75       
PG29 -18652.956978   6609.463223 -17820.181461   -549.116118  7  5  4  88       
PG30    921.725484 -24327.062772 -10139.977521   -244.100936  5  4  4  70       
PG31  10374.618506  23550.808815  -5988.961314   -218.358748  5  4  5  50       
PG32   3339.007675  15990.130378  21212.255320   -545.648679  4  6  5  81       
*  2025  1  7 23 30  0.00000000
PG01  15865.809371   1841.204490  21229.523182 999999.999999 12  5  5           
PG02  17111.450270   3349.224719  20610.083154   -273.239947  6  1  5  75       
PG03  20266.524850  -8565.497022  14628.601766    641.647917  4  7  5  70       
PG04  25236.395833   -311.578890  -8502.894854    508.485766  7  6  4  81       
PG05 -14366.331990  -5637.360123 -21799.078727   -198.362097  9  7  5 100       
PG06  -5166.706460 -25563.926172   4736.573816   -102.523933  5  7  5  77       
PG07   9933.861662 -14015.285423 -19598.791616    -13.733422  6  6  5  98       
PG08  25936.618281   6106.095187  -3100.016874    456.198505  7  3  4  89       
PG09  20032.764408  -7866.782074 -15703.004052    519.799263  6  6  4  98       
PG10  -7079.633157  21732.508755  13467.739403   -267.333494  3  2  6  89       
PG11 -12146.188490 -22410.962090  -7526.074613   -752.197342  7  6  7  77       
PG12 -20355.217170   4574.016158  16123.295059   -563.139769  7  8  2  88       
PG13 -20822.843349 -13919.746752  -9427.144882    692.747516  9  3  8  90       
PG14  10454.915232 -22253.202592   9778.530457    575.725614  6  4  3  98       
PG15 -26328.163723  -3052.907249  -3178.334226    249.006286  7  4  6  80       
PG16  10198.486115  11542.882484 -21984.522561    -83.416614  8  4  4  41       
PG17   5046.282456 -14486.497170  22097.517774    484.454302  5  5  3 104       
PG18  -8341.778572  16265.156023 -19153.506601   -658.604012  7  5  5  98       
PG19  -6991.616731 -16348.385024  19726.772796    583.516927  6  4  3  68       
PG20  -6277.855368 -16682.909048 -19644.616362    367.254372  5  6  7  85       
PG21  18143.869633  10917.445970  17053.308843    100.372941  6  3  5  81       
PG22   4635.731964 -20686.597931  16573.207933    -91.081068  6  6  4  98       
PG23 -16814.820021  20393.434608   -204.761536    399.441298  6  6  2  90       
PG24 -17817.043198  -5736.058585  18519.821064   -466.244840  4  5  5 114       
PG25 -19519.696896  16494.316775   6350.027969    497.079669  5  4  3  52       
PG26   2341.611627  19546.655307 -17838.007733    -39.305813  7  4  6  45       
PG27  19656.011272  12854.229919 -13125.716087    -33.332613  8  5  5  82       
PG28   4788.726346  25270.754002   6611.460552   -529.633614  3  6  3  82       
PG29 -20450.849087   5917.196439 -16004.083532   -549.112992  7  5  5  91       
PG30   1609.371393 -23148.620645 -12524.300591   -244.093376  5  4  4  86       
PG31  10232.522714  24116.174188  -3190.797886   -218.357994  4  4  5  69       
PG32    976.457079  15527.573576  21776.688546   -545.642632  5  6  6  87       
*  2025  1  7 23 45  0.00000000
PG01  16478.536664   4144.075313  20422.986713 999999.999999 12  8  2           
PG02  18005.320971   5345.049367  19396.959801   -273.231826  6  2  6  80       
PG03  19223.284186  -7070.637260  16679.477525    641.654882  4  7  5  76       
PG04  25998.248759     52.376807  -5801.507269    508.491086  8  7  5  66       
PG05 -12926.835993  -7642.881417 -22084.055813   -198.363024  9  7  6  96       
PG06  -4763.115680 -24972.598323   7540.792717   -102.548438  6  6  6  98       
PG07  10920.577392 -11803.902439 -20525.182796    -13.733101  6  7  6 107       
PG08  25420.465431   6291.767716  -5847.077304    456.205685  7  4  4  97       
PG09  21655.145841  -7473.623609 -13593.035741    519.812951  6  6  5  96       
PG10  -8074.746511  22696.814920  11028.088813   -267.348060  3  3  6  84       
PG11 -12155.428870 -23154.053132  -4780.040622   -752.196618  6  6  7  73       
PG12 -19121.172516   2993.947801  17881.702406   -563.141679  7  8  2  87       
PG13 -19642.662031 -13736.944022 -11933.834432    692.748606 10  3  8  91       
PG14  11306.134631 -22808.828487   7173.469439    575.732100  6  4  3 103       
PG15 -25867.327295  -3352.270991  -5916.489974    249.010227  7  4  6  88       
PG16   8490.256118  13266.396995 -21692.177963    -83.408079  8  4  5  65       
PG17   7408.120207 -13958.033111  21781.692266    484.438925  5  4  4 103       
PG18  -9220.896715  14167.397782 -20395.109294   -658.602957  7  5  5  96       
PG19  -4717.447942 -15824.125896  20755.329457    583.520998  6  4  3  88       
PG20  -5127.504594 -18543.113743 -18280.726195    367.254037  5  6  8  99       
PG21  18832.173941  12520.562096  15147.753322    100.374209  7  3  5  86       
PG22   5933.590910 -21810.101503  14577.269623    -91.083012  6  6  4  87       
PG23 -16863.997611  20110.400199  -3108.752827    399.448048  7  6  3  80       
PG24 -18625.440885  -7697.157836  17025.603795   -466.241371  5  5  5 112       
PG25 -19185.795596  15576.946199   9007.948180    497.079152  5  4  3  68       
PG26   1078.444442  21029.603090 -16141.013375    -39.319292  8  4  6  60       
PG27  18085.688761  12792.329794 -15277.289756    -33.332263  8  5  5  82       
PG28   4215.185008  24524.935164   9270.502503   -529.642437  3  6  3  78       
PG29 -22068.494687   5373.759792 -13914.853344   -549.109951  7  5  5  88       
PG30   2444.172308 -21762.217479 -14688.359978   -244.085852  5  4  4  96       
PG31  10009.589209  24385.646524   -336.682831   -218.357338  4  4  5  78       
PG32  -1451.226644  15185.183245  21974.867149   -545.636626  5  5  6  89       
EOF
