#cP2025  1  8  0  0  0.00000000      96 ORBIT IGS20 HLM  IGS
## 2348 259200.00000000   900.00000000 60683 0.0000000000000
+   32   G01G02G03G04G05G06G07G08G09G10G11G12G13G14G15G16G17
+        G18G19G20G21G22G23G24G25G26G27G28G29G30G31G32  0  0
+          0  0  0  0  0  0  0  0  0  0  0  0  0  0  0  0  0
+          0  0  0  0  0  0  0  0  0  0  0  0  0  0  0  0  0
+          0  0  0  0  0  0  0  0  0  0  0  0  0  0  0  0  0
++         4  1  2  2  2  1  1  2  2  1  2  2  2  2  2  2  1
++         2  2  1  1  2  2  2  2  1  2  2  2  2  2  2  0  0
++         0  0  0  0  0  0  0  0  0  0  0  0  0  0  0  0  0
++         0  0  0  0  0  0  0  0  0  0  0  0  0  0  0  0  0
++         0  0  0  0  0  0  0  0  0  0  0  0  0  0  0  0  0
%c G  cc GPS ccc cccc cccc cccc cccc ccccc ccccc ccccc ccccc
%c cc cc ccc ccc cccc cccc cccc cccc ccccc ccccc ccccc ccccc
%f  1.2500000  1.025000000  0.00000000000  0.000000000000000
%f  0.0000000  0.000000000  0.00000000000  0.000000000000000
%i    0    0    0    0      0      0      0      0         0
%i    0    0    0    0      0      0      0      0         0
/* FINAL ORBIT COMBINATION FROM WEIGHTED AVERAGE OF:        
/* cod emr esa gfz grg jgx jpl mit ngs sio                  
/* REFERENCED TO IGS TIME (IGST) AND TO WEIGHTED MEAN POLE: 
/* PCV:IGS20      OL/AL:FES2014b NONE     Y  ORB:CMB CLK:CMB
*  2025  1  8  0  0  0.00000000
PG01  17172.030016   6307.584738  19265.303924 999999.999999 14 10 13           
PG02  18931.559560   7156.573780  17866.063601   -273.223311  6  6  4  90       
PG03  18137.870670  -5342.455106  18438.561237    641.661853  7  5  7  87       
PG04  26470.293906    334.569686  -3001.128810    508.496340  9  6  9  63       
PG05 -11593.130944  -9734.018780 -21995.227075   -198.364359  7  7  5 112       
PG06  -4202.609594 -24119.661719  10214.610507   -102.572895  6  6  4  77       
PG07  12047.795178  -9567.310797 -21078.353219    -13.732500  7  8  7  97       
PG08  24613.767760   6486.288796  -8496.526981    456.212851  7  7  7  68       
PG09  23045.735496  -7182.986368 -11251.168510    519.826572  9  8  8  82       
PG10  -8849.476941  23481.077233   8397.257964   -267.362595  5  3  5  84       
PG11 -12086.380417 -23602.756249  -1951.950073   -752.195953  5  5  6  88       
PG12 -17853.159644   1209.507882  19324.997848   -563.143739  5  7  6  83       
PG13 -18192.641627 -13555.068828 -14240.061616    692.749447  9  9 11 103       
PG14  11948.907595 -23162.741826   4443.389831    575.738654  6  5  7  59       
PG15 -25123.007095  -3688.720687  -8554.962061    249.014093  8  5  8 106       
PG16   6906.223251  15041.037126 -21036.787351    -83.399526  7  6  2  54       
PG17   9739.557031 -13566.849305  21105.463359    484.423567  6  5  2  96       
PG18 -10259.191579  12010.568159 -21282.971920   -658.601910  7  4  6  78       
PG19  -2319.740073 -15401.218466  21425.216864    583.525162  5  5  4  81       
PG20  -4148.562052 -20302.804192 -16601.503509    367.253864  7  7  3  94       
PG21  19495.209767  13888.270408  12999.923677    100.375561  5  7  5  91       
PG22   7018.146807 -22822.079867  12339.724958    -91.084834  6  6  8  61       
PG23 -16745.702551  19557.605004  -5958.436959    399.454843  7  4  7  94       
PG24 -19430.636702  -9450.059834  15232.419389   -466.237913  6  7  6  78       
PG25 -18731.813867  14398.492318  11506.239298    497.078689  7  3  6  57       
PG26    -11.548598  22394.166784 -14165.381918    -39.332822  5  6  2  65       
PG27  16289.598878  12794.761069 -17176.036979    -33.331802  6  6  7  87       
PG28   3473.890131  23548.196568  11769.900991   -529.651248  6  5  7  72       
PG29 -23467.008656   4959.876325 -11588.206383   -549.106601  8  5  5  97       
PG30   3439.816538 -20206.564903 -16594.114691   -244.078315  8  7  8  86       
PG31   9669.834034  24367.249345   2523.332057   -218.356827  6  6  6  97       
PG32  -3897.155545  14972.363305  21802.926107   -545.630568  5  4  5  87       
*  2025  1  8  0 15  0.00000000
PG01  17916.602306   8295.128363  17776.371247 999999.999999 14 11 12           
PG02  19853.038170   8760.008659  16042.356000   -273.215477  6  6  4  86       
PG03  17053.830810  -3401.059721  19874.936484    641.668820  6  5  7  90       
PG04  26638.286747    570.425452   -149.564329    508.501673  9  6  9  76       
PG05 -10390.453123 -11868.665985 -21533.876582   -198.364885  7  7  4 117       
PG06  -3460.411976 -23038.994711  12712.007923   -102.597353  6  6  4  94       
PG07  13300.476184  -7354.505178 -21249.178949    -13.732048  7  8  6  90       
PG08  23530.114910   6724.570714 -11004.171533    456.220066  7  7  7  92       
PG09  24174.929657  -6966.093663  -8717.235535    519.840337  8  8  8  78       
PG10  -9419.400406  24045.549691   5620.303355   -267.377110  5  3  5  75       
PG11 -11901.823244 -23764.251702    909.632982   -752.195286  5  5  6  54       
PG12 -16593.054965   -757.244267  20427.261696   -563.145864  5  7  5  88       
PG13 -16493.817566 -13410.747582 -16307.358635    692.750512  9  8 10  95       
PG14  12403.121567 -23283.757976   1635.789835    575.745162  6  5  7  72       
PG15 -24113.851803  -4094.399366 -11050.055168    249.018227  7  5  8 103       
PG16   5469.614543  16825.705762 -20027.732365    -83.391026  7  6  2  63       
PG17  11994.157778 -13310.790369  20080.165991    484.408091  6  4  2  87       
PG18 -11447.948306   9843.539362 -21802.306531   -658.600825  7  4  6  96       
PG19    156.006362 -15097.378218  21723.431585    583.529552  4  5  5  79       
PG20  -3337.681382 -21917.357302 -14636.326409    367.253517  6  7  3  95       
PG21  20094.298867  15010.884243  10644.619384    100.376702  5  6  5  76       
PG22   7893.171197 -23681.492530   9897.228970    -91.086676  6  5  8  76       
PG23 -16497.726265  18722.766315  -8704.022612    399.461598  7  3  7  83       
PG24 -20195.368515 -10975.367572  13173.368757   -466.234456  6  7  6  71       
PG25 -18197.129632  12960.888700  13800.079863    497.078211  7  3  6  44       
PG26   -932.517746  23598.655570 -11944.284473    -39.346375  5  5  3  89       
PG27  14300.020864  12889.029795 -18790.508533    -33.331437  6  6  6  95       
PG28   2546.430240  22376.394112  14066.593930   -529.660118  6  4  6  65       
PG29 -24613.216877   4649.860920  -9063.861908   -549.103389  8  5  5  89       
PG30   4602.546163 -18524.068403 -18208.181090   -244.070797  7  7  8  99       
PG31   9180.540388  24077.506853   5338.782480   -218.356076  6  6  6  89       
PG32  -6313.355919  14890.574921  21263.097679   -545.624513  5  4  4  80       
*  2025  1  8  0 30  0.00000000
PG01  18677.516998  10076.603952  15981.776591 999999.999999 13 11 12           
PG02  20729.773139  10139.012941  13955.408777   -273.207260  5  5  4  76       
PG03  16011.602245  -1274.944768  20963.410125    641.675778  6  5  6  90       
PG04  26496.585684    797.271337   2704.552946    508.506973  9  6  9  77       
PG05  -9336.593932 -14001.240322 -20707.502454   -198.366112  7  7  3 102       
PG06  -2518.912492 -21770.204546  14990.139620   -102.621848  5  5  4  86       
PG07  14655.921157  -5211.596823 -21035.858477    -13.731657  6  8  6  82       
PG08  22190.723902   7038.640070 -13328.114701    456.227246  7  7  7  67       
PG09  25020.455164  -6789.805648  -6034.381425    519.854041  7  8  8  46       
PG10  -9807.589670  24355.896031   2745.200486   -267.391611  5  2  5  87       
PG11 -11567.507050 -23654.100781   3755.623041   -752.194669  5  4  6  57       
PG12 -15379.407950  -2876.437716  21168.684347   -563.147693  6  7  4  93       
PG13 -14574.718487 -13336.777466 -18101.235463    692.751771  9  8 10  87       
PG14  12694.872326 -23146.871864  -1200.368343    575.751672  6  5  7  77       
PG15 -22865.441040  -4597.713854 -13360.857953    249.022037  7  5  8  93       
PG16   4196.392499  18576.212017 -18680.320324    -83.382209  7  6  3  59       
PG17  14127.124681 -13179.897042  18722.676503    484.392538  6  4  2  82       
PG18 -12770.259113   7713.524708 -21944.783508   -658.599773  7  4  6  75       
PG19   2661.121625 -14922.652285  21643.393327    583.533712  4  5  5  70       
PG20  -2683.623731 -23345.075149 -12419.410086    367.253310  6  7  4  86       
PG21  20590.397651  15886.479495   8119.591210    100.377790  5  6  5  79       
PG22   8570.096461 -24349.877594   7289.908800    -91.088752  5  4  8  84       
PG23 -16160.674288  17602.564852 -11297.565831    399.468378  7  3  7  79       
PG24 -20881.137349 -12262.043766  10885.824820   -466.231005  6  7  6  83       
PG25 -17621.594459  11275.026337  15848.183427    497.077712  7  4  6  59       
PG26  -1695.971194  24604.367656  -9515.444135    -39.359955  5  5  3  85       
PG27  12154.689016  13096.774573 -20093.753811    -33.331073  5  6  6  98       
PG28   1421.813711  21049.851627  16121.006015   -529.669030  6  5  6  79       
PG29 -25480.834735   4412.780461  -6384.881064   -549.100678  8  5  5  68       
PG30   5930.717274 -16759.217871 -19502.448052   -244.063295  7  7  7 106       
PG31   8513.789584  23540.759192   8059.747026   -218.355463  6  5  6  70       
PG32  -8652.377184  14933.280140  20363.720532   -545.618494  5  3  4  82       
*  2025  1  8  0 45  0.00000000
PG01  19416.354297  11629.373158  13912.361977 999999.999999 13 12 12           
PG02  21520.387896  11285.123401  11639.011564   -273.199084  4  5  5  66       
PG03  15046.921172    999.929324  21684.978242    641.682671  6  4  6  93       
PG04  26048.359061   1052.712518   5512.569504    508.512250  9  5  9  76       
PG05  -8441.333410 -16084.248240 -19529.717461   -198.367096  7  6  3  64       
PG06  -1368.530421 -20357.087262  17010.062336   -102.646308  5  5  4  86       
PG07  16084.638134  -3180.116893 -20443.854758    -13.731437  6  8  5  91       
PG08  20623.738204   7456.276949 -15429.396631    456.234406  7  7  7  78       
PG09  25568.142390  -6618.058737  -3248.350578    519.867711  6  8  8  55       
PG10 -10043.558400  24384.636722   -177.991897   -267.406111  5  2  5  76       
PG11 -11053.643011 -23295.546029   6537.247608   -752.194010  5  3  6  76       
PG12 -14245.937488  -5111.362733  21535.966754   -563.149853  6  6  3  88       
PG13 -12470.443565 -13360.794548 -19591.701335    692.752782 10  8  9  66       
PG14  12855.253800 -22734.342681  -4015.547040    575.758219  6  5  7  90       
PG15 -21409.330674  -5222.138334 -15449.810332    249.025999  6  5  8 101       
PG16   3094.746463  20246.802737 -17015.657781    -83.373703  7  5  3  69       
PG17  16096.771530 -13156.848239  17055.172743    484.376943  7  4  2  76       
PG18 -14201.583042   5664.409869 -21708.632203   -658.598648  8  4  6  93       
PG19   5145.447904 -14878.973299  21185.159115    583.537740  4  5  5  70       
PG20  -2167.897779 -24548.698480  -9989.191749    367.253244  5  6  5  79       
PG21  20945.526055  16520.792768   5465.066504    100.379026  5  5  5  62       
PG22   9067.446902 -24792.810451   4560.798231    -91.090398  5  4  8  84       
PG23 -15776.228579  16202.929141 -13693.844191    399.475168  7  3  7  86       
PG24 -21449.765559 -13307.529535   8410.660702   -466.227573  5  7  6  82       
PG25 -17043.836242   9360.553111  17613.638642    497.077214  6  4  6  69       
PG26  -2320.171157  25377.094403  -6920.524633    -39.373501  6  5  3 102       
PG27   9895.570499  13432.858943 -21063.728915    -33.330679  5  6  5  87       
PG28     97.097126  19611.821988  17897.733505   -529.677897  6  4  6  79       
PG29 -26051.396180   4213.818125  -3596.951257   -549.097759  8  5  4  74       
PG30   7414.686054 -14956.910109 -20454.583158   -244.055760  6  7  7 106       
PG31   7647.813106  22788.163175  10637.810100   -218.354804  6  5  5  64       
PG32 -10868.894088  15086.194356  19119.159203   -545.612442  5  2  4  79       
*  2025  1  8  1  0  0.00000000
PG01  20092.533242  12938.937788  11603.696048 999999.999999 13 12 12           
PG02  22183.643877  12197.913961   9130.726981   -273.190969  4  5  5  80       
PG03  14189.432068   3381.353599  22027.171311    641.689565  5  4  5  87       
PG04  25305.471324   1372.999634   8226.618371    508.517513  8  5  8  78       
PG05  -7706.181431 -18069.935892 -18020.055773   -198.368072  7  6  3  80       
PG06     -8.261679 -18845.945344  18737.386788   -102.670765  4  5  4  94       
PG07  17551.502162  -1295.545526 -19485.665181    -13.730965  5  8  5  74       
PG08  18863.286570   7999.810963 -17272.595723    456.241571  6  7  7  76       
PG09  25812.403351  -6413.426111   -406.728131    519.881408  5  7  8  43       
PG10 -10161.936868  24112.350594  -3098.031788   -267.420583  5  1  5  92       
PG11 -10336.227841 -22718.529997   9206.873288   -752.193375  6  2  6  78       
PG12 -13220.236080  -7419.730054  21522.587446   -563.151935  6  6  2  87       
PG13 -10221.509399 -13504.142231 -20753.722036    692.753995 10  8  8  85       
PG14  12918.951016 -22036.502667  -6760.537643    575.764743  6  5  6  82       
PG15 -19781.911028  -5985.218285 -17283.203596    249.030142  5  5  8  87       
PG16   2164.873233  21791.790031 -15060.428484    -83.365317  7  5  3  26       
PG17  17865.896403 -13217.674968  15104.829506    484.361205  7  4  3  84       
PG18 -15710.610173   3735.231530 -21098.624168   -658.597496  8  4  6  95       
PG19   7559.101356 -14960.045516  20355.515889    583.542151  4  5  5  91       
PG20  -1765.681002 -25496.754308  -7387.650210    367.252802  5  6  5  84       
PG21  21124.169663  16926.875593   2723.257831    100.380343  5  5  5  67       
PG22   9410.009352 -24981.243846   1755.218812    -91.092506  5  3  8  88       
PG23 -15385.378992  14538.958408 -15851.176313    399.481904  7  3  7  80       
PG24 -21864.922795 -14117.534592   5791.450092   -466.224103  5  7  6  93       
PG25 -16499.615517   7245.310679  19064.663920    497.076683  6  4  6  46       
PG26  -2829.250884  25888.477883  -4204.425539    -39.387103  6  4  4  87       
PG27   7567.495504  13904.711105 -21683.648772    -33.330306  5  6  5  69       
PG28  -1422.299724  18106.847694  19366.156721   -529.686757  7  4  5  77       
PG29 -26314.898747   4015.790099   -747.627393   -549.094895  7  5  4  75       
PG30   9037.024825 -13160.773080 -21048.419744   -244.048242  6  7  6  86       
PG31   6568.104085  21856.417570  13027.008259   -218.353839  7  5  5  78       
PG32 -12921.244907  15327.842214  17549.631361   -545.606387  5  2  4  91       
*  2025  1  8  1 15  0.00000000
PG01  20664.930535  13999.305229   9095.465227 999999.999999 12 12 11           
PG02  22679.990560  12884.877072   6471.392948   -273.182966  4  5  5  79       
PG03  13461.556526   5822.339922  21984.271557    641.696494  5  4  4  87       
PG04  24288.052913   1791.449094  10800.412765    508.522823  8  5  8  67       
PG05  -7124.437471 -19911.965322 -16203.686583   -198.369208  6  5  3  44       
PG06   1554.110319 -17283.829447  20142.843399   -102.695201  3  4  3  80       
PG07  19017.148369    413.872859 -18180.434885    -13.730815  5  7  4  70       
PG08  16948.332961   8685.116910 -18826.388192    456.248767  6  6  7  70       
PG09  25756.395772  -6138.740162   2441.855345    519.895095  5  7  8  68       
PG10 -10200.930092  23528.576030  -5963.440250   -267.435015  6  1  5  78       
PG11  -9398.149281 -21958.470941  11718.810008   -752.192748  6  1  6  79       
PG12 -12322.737325  -9755.164734  21128.928836   -563.154061  7  6  2  93       
PG13  -7872.506641 -13780.979672 -21567.609140    692.755311  9  8  8  74       
PG14  12922.693934 -21052.255601  -9387.361682    575.771266  6  5  6  92       
PG15 -18023.120697  -6897.803938 -18831.614114    249.034093  5  6  7  85       
PG16   1399.063069  23167.217887 -12846.570210    -83.356679  7  4  4  63       
PG17  19403.007210 -13332.723389  12903.449950    484.345470  7  4  4  67       
PG18 -17260.394003   1958.860383 -20125.942595   -658.596452  8  4  6 102       
PG19   9854.245324 -15151.574348  19167.943081    583.545887  5  5  5  85       
PG20  -1446.983836 -26164.687520  -4659.573112    367.252733  4  5  6  79       
PG21  21094.615001  17124.514306    -62.147558    100.381677  5  5  5  41       
PG22   9627.767900 -24892.680544  -1079.889593    -91.093954  5  3  8  94       
PG23 -15026.696683  12634.487429 -17732.169715    399.488679  7  2  7  83       
PG24 -22093.561392 -14705.519661   3073.658972   -466.220782  5  6  6  98       
PG25 -16020.308471   4964.429641  20175.254684    497.076172  5  4  6  62       
PG26  -3252.084030  26117.163293  -1414.494862    -39.400682  6  4  4  89       
PG27   5216.683999  14511.935308 -21942.279230    -33.329911  5  6  5  71       
PG28  -3122.605364  16579.084392  20500.969595   -529.695548  7  4  5  88       
PG29 -26270.140226   3780.757235   2114.458714   -549.091898  7  5  4  80       
PG30  10773.057734 -11411.560839 -21274.218211   -244.040698  5  7  6  67       
PG31   5268.236767  20786.265232  15184.735218   -218.353159  7  5  4  77       
PG32 -14772.849327  15630.400680  15680.940968   -545.600316  5  1  4  84       
*  2025  1  8  1 30  0.00000000
PG01  21093.533529  14813.029592   6430.793674 999999.999999 12 13 11           
PG02  22973.083980  13361.027226   3704.571796   -273.174695  4  5  5  62       
PG03  12877.666754   8272.781545  21557.398689    641.703370  4  4  3  90       
PG04  23023.769899   2336.975964  13190.014836    508.528151  8  5  8  83       
PG05  -6681.568685 -21567.055282 -14111.036160   -198.369672  6  4  4  80       
PG06   3302.146230 -15716.772444  21202.754079   -102.719649  3  4  3  87       
PG07  20439.530564   1927.984125 -16553.433938    -13.730397  5  7  4  81       
PG08  14921.355720   9520.846887 -20064.059035    456.255942  5  6  6  66       
PG09  25411.865357  -5758.714815   5248.543238    519.908849  5  6  8  73       
PG10 -10200.620336  22632.368184  -8723.473399   -267.449511  6  2  5  63       
PG11  -8230.030654 -21054.842905  14030.080514   -752.192161  6  1  6  83       
PG12 -11565.990397 -12068.872037  20362.259615   -563.156110  7  5  1  80       
PG13  -5470.612536 -14197.661828 -22019.337214    692.756645  9  7  7  88       
PG14  12903.636146 -19789.243547 -11850.149027    575.777797  6  5  6  97       
PG15 -16175.061299  -7963.534256 -20070.272126    249.038363  5  6  7  82       
PG16    782.096697  24332.506473 -10410.846519    -83.348149  7  4  4  79       
PG17  20683.358194 -13467.836695  10487.033263    484.330006  7  5  4  64       
PG18 -18809.705932    360.936376 -18807.943489   -658.595388  8  5  6  98       
PG19  11986.802374 -15431.836013  17642.439752    583.549873  5  5  5  74       
PG20  -1178.009620 -26535.735209  -1851.785015    367.252297  3  4  6  70       
PG21  20830.178989  17139.430440  -2846.520438    100.382897  4  5  5  55       
PG22   9754.635982 -24512.133538  -3896.684561    -91.096108  5  3  7  93       
PG23 -14734.720085  10521.311767 -19304.382025    399.495476  7  3  7  49       
PG24 -22107.209537 -15091.902506    303.845255   -466.217364  5  6  6  92       
PG25 -15631.584579   2559.120294  20925.704510    497.075644  5  5  6  68       
PG26  -3620.949616  26049.694524   1400.326808    -39.414286  6  4  4  77       
PG27   2889.217167  15246.211453 -21834.164334    -33.329486  5  6  5  75       
PG28  -4982.035060  15070.652200  21282.617101   -529.704421  6  4  5  94       
PG29 -25924.733959   3471.670491   4940.408944   -549.088943  7  5  4  87       
PG30  12591.692144  -9745.684091 -21128.798599   -244.033166  5  7  6  92       
PG31   3750.355291  19620.835518  17072.581425   -218.352491  7  5  4  63       
PG32 -16393.452562  15960.802307  13544.116553   -545.594219  5  1  4  92       
*  2025  1  8  1 45  0.00000000
PG01  21341.063307  15390.927531   3655.503525 999999.999999 11 13 11           
PG02  23031.222361  13648.234889    875.946377   -273.166572  4  5  6  48       
PG03  12443.596095  10681.237228  20754.463552    641.710196  3  4  3  87       
PG04  21546.820337   3032.795108  15354.568034    508.533499  8  4  7  80       
PG05  -6355.894567 -22996.526009 -11777.321088   -198.371006  6  3  4  57       
PG06   5211.217870 -14188.083390  21899.404257   -102.744096  2  3  2  90       
PG07  21775.572780   3235.222873 -14635.422360    -13.729775  4  7  4  69       
PG08  12826.900181  10507.928538 -20963.957693    456.263134  5  6  6  77       
PG09  24798.670490  -5241.505018   7965.083358    519.922622  4  5  7  60       
PG10 -10201.184449  21432.482948 -11329.097133   -267.463950  6  3  5  78       
PG11  -6830.782156 -20049.614767  16101.142972   -752.191552  5  1  6  87       
PG12 -10954.271298 -14311.405129  19236.574393   -563.158094  6  5  1  88       
PG13  -3064.010351 -14752.414058 -22100.785096    692.757620  9  7  6  96       
PG14  12897.725622 -18263.674559 -14105.974188    575.784303  6  5  6  82       
PG15 -14280.559821  -9178.584241 -20979.367554    249.042213  5  6  6  92       
PG16    291.947111  25252.010119  -7794.311880    -83.339664  7  3  4  83       
PG17  21689.760459 -13585.718166   7895.278997    484.314345  7  4  4  64       
PG18 -20314.557964  -1040.906323 -17167.815782   -658.594351  8  5  6  99       
PG19  13918.033256 -15772.568921  15805.214521    583.553996  6  4  5  85       
PG20   -922.656444 -26601.512587    987.650313    367.251924  2  3  5  75       
PG21  20310.295085  17002.281817  -5584.847488    100.384093  4  5  6  56       
PG22   9827.027263 -23832.834093  -6647.177169    -91.098188  5  3  7 105       
PG23 -14538.518683   8238.105842 -20540.883056    399.502252  6  3  7  74       
PG24 -21883.078712 -15303.027395  -2471.119998   -466.213927  5  6  6  90       
PG25 -15352.337784     75.210982  21302.985733    497.075135  4  5  6  75       
PG26  -3970.046030  25681.110867   4190.413235    -39.427891  6  3  4  96       
PG27    629.504329  16091.490974 -21359.783229    -33.329068  6  5  5  74       
PG28  -6971.443907  13620.078532  21697.632993   -529.713287  6  4  5  97       
PG29 -25294.801506   3053.987565   7681.877178   -549.086121  6  5  4  90       
PG30  14456.509542  -8193.934492 -20615.544874   -244.025572  5  7  6  77       
PG31   2025.308109  18403.898457  18657.085781   -218.351581  7  4  3  74       
PG32 -17760.146981  16282.061514  11174.955190   -545.588194  5  2  4  89       
*  2025  1  8  2  0  0.00000000
PG01  21374.504757  15751.480271    817.327981 999999.999999 11 13 11           
PG02  22828.647966  13774.307783  -1967.335687   -273.158487  4  5  6  63       
PG03  12156.504387  12996.766549  19589.992489    641.717081  3  4  2  88       
PG04  19896.694282   3895.340241  17256.982087    508.538804  7  4  7  81       
PG05  -6119.555075 -24167.689693  -9241.996829   -198.371970  6  3  5  37       
PG06   7249.291219 -12736.765746  22221.311314   -102.768594  2  3  2  95       
PG07  22982.840493   4332.746833 -12461.928692    -13.729297  4  7  4  68       
PG08  10710.053775  11639.350971 -21509.891201    456.270307  4  6  6  86       
PG09  23944.005938  -4560.142520  10544.655870    519.936437  4  4  7  78       
PG10 -10241.101961  19947.174651 -13733.940401   -267.478446  6  3  5  76       
PG11  -5207.837574 -18985.607923  17896.555368   -752.190863  5  1  6  87       
PG12 -10483.545330 -16434.460126  17772.295965   -563.160334  6  5  1  80       
PG13   -700.270065 -15435.314719 -21809.897292    692.758590  9  6  6 100       
PG14  12938.134972 -16499.818377 -16115.632959    575.790832  5  5  5  96       
PG15 -12381.725373 -10531.680545 -21544.294643    249.046554  5  6  5  72       
PG16    -99.232565  25896.424726  -5041.671704    -83.331368  7  3  4  69       
PG17  22413.135865 -13647.431224   5171.028928    484.299127  7  4  5  71       
PG18 -21729.834168  -2237.498935 -15234.148847   -658.593298  8  5  6 100       
PG19  15615.914911 -16140.153518  13688.240625    583.557930  6  4  4  77       
PG20   -644.102301 -26362.290486   3810.240207    367.251463  1  2  5  90       
PG21  19521.420685  16747.490002  -8232.316784    100.385099  4  5  6  64       
PG22   9882.314208 -22856.654945  -9284.020308    -91.100165  5  3  6  98       
PG23 -14460.491826   5829.078717 -21420.708020    399.509021  6  3  7  91       
PG24 -21404.951038 -15369.943985  -5204.799089   -466.210520  5  6  5  97       
PG25 -15193.917932  -2438.501966  21300.980031    497.074603  4  5  5  74       
PG26  -4333.915640  25015.215032   6906.390382    -39.441508  6  3  4  94       
PG27  -1521.202337  17024.487818 -20525.630547    -33.328641  6  5  5  78       
PG28  -9055.270072  12260.892478  21738.872107   -529.722109  6  4  5  95       
PG29 -24404.353351   2497.198824  10291.882687   -549.082914  5  5  4  85       
PG30  16327.069499  -6780.451552 -19744.284653   -244.018028  4  6  6  86       
PG31    112.420865  17178.106522  19910.379846   -218.351201  6  4  3  66       
PG32 -18858.129397  16554.777162   8613.474595   -545.582132  4  2  4  89       
*  2025  1  8  2 15  0.00000000
PG01  21166.484065  15919.945485  -2034.909254 999999.999999 10 14 11           
PG02  22346.666245  13771.845263  -4777.366951   -273.150488  5  5  6  37       
PG03  12005.100889  15170.742584  18084.828257    641.723944  3  4  2  81       
PG04  18116.743157   4933.442652  18864.560014    508.544150  6  5  7  87       
PG05  -5939.728187 -25055.032930  -6548.127304   -198.373162  6  3  5  38       
PG06   9377.994111 -11396.118591  22163.387386   -102.793016  2  3  2  86       
PG07  24021.161493   5226.216116 -10072.467990    -13.728971  4  7  4  99       
PG08   8614.896342  12900.250733 -21691.447189    456.277531  4  6  6  99       
PG09  22881.353375  -3693.790979  12942.684487    519.950223  4  4  7  71       
PG10 -10355.431605  18203.611842 -15895.202485   -267.492883  6  4  5  93       
PG11  -3377.067006 -17904.835124  19385.571395   -752.190243  5  1  5  65       
PG12 -10141.779393 -18392.623477  15995.849524   -563.162129  6  4  2  87       
PG13   1575.253453 -16228.589170 -21150.761567    692.759851  9  6  5 116       
PG14  13053.815776 -14529.191213 -17844.343359    575.797356  5  5  5 105       
PG15 -10518.546369 -12004.382634 -21755.836860    249.050536  4  6  5  93       
PG16   -423.866798  26243.982989  -2200.542550    -83.322751  7  2  4  67       
PG17  22852.790477 -13613.986408   2359.648033    484.283724  7  4  5 103       
PG18 -23010.968309  -3228.268748 -13040.416951   -658.592267  7  5  6  94       
PG19  17056.257048 -16497.033505  11328.682852    583.561750  6  3  4  86       
PG20   -306.412537 -25826.956058   6567.873141    367.250971  2  1  5  85       
PG21  18457.733033  16411.925335 -10744.932304    100.386351  4  4  6  30       
PG22   9957.229530 -21594.224713 -11761.318897    -91.101653  4  4  6  72       
PG23 -14515.449263   3342.422683 -21929.195031    399.515781  5  3  6  89       
PG24 -20663.821525 -15327.045633  -7851.894011   -466.207116  5  6  5 116       
PG25 -15159.694657  -4932.020245  20920.554819    497.074106  4  5  5  69       
PG26  -4745.846942  24064.496785   9500.082962    -39.455102  6  3  4  75       
PG27  -3526.192799  18015.453754 -19344.213724    -33.328234  6  5  5  95       
PG28 -11192.732435  11020.424818  21405.633251   -529.730960  6  4  5  54       
PG29 -23284.379968   1776.203689  12725.605774   -549.079793  5  6  4  81       
PG30  18160.372195  -5521.969865 -18531.050910   -244.010478  4  6  5 106       
PG31  -1961.082668  15983.300326  20810.708509   -218.350426  6  4  3  86       
PG32 -19681.160775  16738.756574   5903.277840   -545.576071  4  4  5  88       
*  2025  1  8  2 30  0.00000000
PG01  20696.439789  15927.213887  -4852.134052 999999.999999 10 14 10           
PG02  21574.536815  13676.900339  -7506.229646   -273.142238  4  5  6  72       
PG03  11970.212550  17158.569939  16265.716086    641.730795  3  3  2  83       
PG04  16252.611316   6147.802032  20149.557259    508.549467  6  5  6  93       
PG05  -5780.052836 -25641.144124  -3741.682922   -198.374421  6  3  5  69       
PG06  11553.927138 -10192.572013  21726.996139   -102.817505  2  2  2  99       
PG07  24854.132633   5929.241216  -7509.723871    -13.728500  3  7  3  69       
PG08   6582.980509  14268.300405 -21504.238748    456.284794  4  6  6  91       
PG09  21649.197518  -2628.769785  15117.616499    519.964030  4  4  6  94       
PG10 -10574.231803  16236.933176 -17774.490503   -267.507384  6  4  5  90       
PG11  -1362.368256 -16846.883557  20542.658591   -752.189581  4  2  5  93       
PG12  -9909.587212 -20144.999725  13939.121569   -563.164224  6  4  2  77       
PG13   3720.948242 -17107.208211 -20133.598875    692.761195  8  5  5 100       
PG14  13268.235936 -12389.463582 -19262.357046    575.803893  5  5  5  90       
PG15  -8727.572366 -13571.619498 -21610.292727    249.054593  4  6  5  85       
PG16   -717.505204  26281.381456    679.377986    -83.314472  7  3  4  57       
PG17  23016.392544 -13447.960579   -491.652449    484.268182  6  3  5  77       
PG18 -24115.604209  -4021.039854 -10624.390869   -658.591206  7  5  6  87       
PG19  18223.507549 -16803.319350   8768.207478    583.565927  6  3  4  94       
PG20    123.891611 -25012.660077   9213.616118    367.250504  3  1  4 102       
PG21  17121.584466  16033.486343 -13080.157148    100.387623  4  4  6  82       
PG22  10086.270496 -20064.719908 -14035.449207    -91.103527  4  4  5 103       
PG23 -14710.007972    828.617422 -22058.202967    399.522567  4  4  6  92       
PG24 -19658.279691 -15210.619043 -10368.907117   -466.203702  6  6  5 105       
PG25 -15244.969744  -7355.948459  20169.486661    497.073609  4  5  5  51       
PG26  -5236.323393  22849.711878  11925.446215    -39.468699  6  3  4  93       
PG27  -5354.532845  19029.217216 -17833.960616    -33.327796  7  5  5  64       
PG28 -13339.237016   9918.859700  20703.670652   -529.739831  6  4  5  95       
PG29 -21971.686506    872.483793  14941.152787   -549.076777  4  6  4  89       
PG30  19912.419713  -4427.372055 -16997.734640   -244.002962  4  6  5  61       
PG31  -4160.985756  14854.951099  21342.815367   -218.349505  6  3  2  61       
PG32 -20231.705656  16794.699590   3090.837655   -545.569995  4  4  5  76       
*  2025  1  8  2 45  0.00000000
PG01  19951.541640  15808.455343  -7585.866873 999999.999999 10 14 10           
PG02  20510.096197  13527.492457 -10106.782657   -273.133933  5  4  6  68       
PG03  12025.671277  18921.240931  14164.785814    641.737728  3  2  2  68       
PG04  14350.587955   7530.771245  21089.663636    508.554842  5  5  5  85       
PG05  -5602.204411 -25917.347415   -870.776391   -198.375534  5  3  5  83       
PG06  13730.167702  -9144.798524  20919.904633   -102.841954  3  2  3  82       
PG07  25450.457443   6462.536001  -4818.716944    -13.728129  3  6  3  65       
PG08   4651.897552  15714.391849 -20950.063070    456.292085  4  5  6  93       
PG09  20289.556477  -1359.304587  17031.657477    519.977759  5  4  6  82       
PG10 -10921.194644  14088.982193 -19338.565223   -267.521831  6  4  4  56       
PG11    805.048431 -15847.403444  21347.930648   -752.188905  4  3  6  80       
PG12  -9761.176231 -21656.654055  11638.819051   -563.166338  5  4  3  56       
PG13   5700.343946 -18039.773466 -18774.662077    692.762170  8  4  4  79       
PG14  13598.350686 -10123.136431 -20345.469945    575.810438  4  5  5  98       
PG15  -7040.722265 -15202.464908 -21109.542423    249.058423  4  6  4  86       
PG16  -1017.215719  26004.392328   3547.217741    -83.305735  7  3  3  81       
PG17  22919.649064 -13115.090243  -3334.545343    484.252689  6  3  5  79       
PG18 -25005.176927  -4631.515095  -8027.487438   -658.590153  6  6  6  84       
PG19  19111.210650 -17018.505951   6052.190637    583.570116  6  2  4  81       
PG20    676.362583 -23944.165640  11702.487635    367.250289  4  1  4  82       
PG21  15523.692418  15649.615881 -15197.582959    100.388201  5  3  6  66       
PG22  10300.168895 -18295.332637 -16065.872090    -91.105825  4  4  4 106       
PG23 -15042.326397  -1661.342655 -21806.208559    399.529356  4  5  5  92       
PG24 -18394.624016 -15057.357480 -12714.752795   -466.200309  6  6  5 115       
PG25 -15437.237556  -9663.260399  19062.237976    497.073068  4  6  4  52       
PG26  -5831.586845  21399.131708  14139.459205    -39.482265  6  3  4 105       
PG27  -6982.098483  20026.454810 -16019.031204    -33.327360  7  5  5  75       
PG28 -15447.938446   8968.574191  19645.093796   -529.748687  6  4  5  90       
PG29 -20507.514169   -224.973502  16900.277778   -549.073645  4  6  3  88       
PG30  21539.813583  -3497.559838 -15171.639351   -243.995409  4  6  6  53       
PG31  -6447.269426  13822.805664  21498.185749   -218.348683  6  3  2  67       
PG32 -20520.740453  16685.876883    224.709883   -545.563919  3  5  5  48       
*  2025  1  8  3  0  0.00000000
PG01  18927.320759  15601.607464 -10189.058014 999999.999999 10 15 10           
PG02  19160.079444  13362.021988 -12533.476113   -273.125764  5  4  6  66       
PG03  12139.481190  20426.670332  11818.942927    641.744620  3  2  2  63       
PG04  12455.940817   9066.465378  21668.399681    508.560125  4  5  5  89       
PG05  -5367.562993 -25884.015233   2015.152518   -198.376421  5  4  5  47       
PG06  15857.910556  -8263.131751  19756.132711   -102.866438  3  2  3  78       
PG07  25785.069794   6852.821425  -2045.978951    -13.727740  3  6  3  71       
PG08   2853.982881  17203.595373 -20036.965976    456.299356  4  5  6  78       
PG09  18846.382189    112.027450  18651.446624    519.991442  5  5  6  88       
PG10 -11412.553252  11806.774688 -20559.976070   -267.536240  5  5  3  53       
PG11   3087.656201 -14936.759493  21787.487065   -752.188214  4  3  6  97       
PG12  -9665.552462 -22899.813323   9135.746375   -563.168360  6  4  3  44       
PG13   7483.329496 -18989.661863 -17096.040431    692.763269  8  3  4  96       
PG14  14053.847639  -7776.039837 -21075.423624    575.816989  4  4  5  99       
PG15  -5484.257140 -16861.127629 -20261.053983    249.062489  3  6  4  88       
PG16  -1359.888803  25418.124870   6351.894389    -83.297291  7  3  3  79       
PG17  22585.685700 -12585.779378  -6120.364468    484.237130  6  1  5  87       
PG18 -25646.356529  -5082.461842  -5294.068124   -658.589160  6  6  6  80       
PG19  19722.097084 -17103.230039   3228.844055    583.574019  6  3  5  83       
PG20   1375.309302 -22652.923810  13992.195152    367.250075  4  1  4  89       
PG21  13683.045498  15295.801465 -17059.620156    100.390345  5  2  5  85       
PG22  10624.489931 -16320.424835 -17815.922714    -91.107599  4  4  4 112       
PG23 -15502.183382  -4077.728315 -21178.284157    399.536126  4  6  4 100       
PG24 -16886.711287 -14902.888480 -14851.318378   -466.196905  6  6  5 109       
PG25 -15716.776968 -11810.952649  17619.597812    497.072563  5  5  4  68       
PG26  -6552.378811  19747.494413  16102.956701    -39.495846  6  3  4  94       
PG27  -8392.368131  20965.154820 -13929.028057    -33.326903  7  4  5  66       
PG28 -17471.396725   8173.790682  18248.157439   -529.757517  5  5  5  94       
PG29 -18935.999774  -1519.038651  18569.048374   -549.070652  4  6  4  94       
PG30  23001.326126  -2725.642619 -13084.949649   -243.987882  4  5  5  63       
PG31  -8775.535872  12909.789355  21275.145061   -218.348050  6  3  2  75       
PG32 -20567.232851  16379.734882  -2645.311619   -545.557823  2  5  5  66       
*  2025  1  8  3 15  0.00000000
PG01  17627.986449  15345.765777 -12616.898549 999999.999999  9 15 10           
PG02  17540.117069  13217.644128 -14743.180699   -273.117508  5  3  6  77       
PG03  12275.216139  21650.758954   9269.182743    641.751485  3  2  2  72       
PG04  10611.294263  10731.193418  21875.419885    508.565470  4  5  4  90       
PG05  -5038.909571 -25550.543419   4866.190148   -198.378215  5  4  5  83       
PG06  17888.183614  -7549.312138  18255.703560   -102.890916  3  2  3  56       
PG07  25840.009928   7131.532236    761.251558    -13.727184  3  6  3  71       
PG08   1215.212047  18696.365256 -18779.205013    456.306650  4  5  6  71       
PG09  17363.892677   1774.177897  19948.659510    520.005083  5  5  5  83       
PG10 -12056.309746   9440.764665 -21417.569911   -267.550703  5  5  3  72       
PG11   5442.851366 -14138.896386  21853.654578   -752.187511  4  4  5  79       
PG12  -9587.929490 -23854.780798   6474.019087   -563.170713  6  4  4  52       
PG13   9047.142910 -19916.391410 -15125.367684    692.764445  7  3  4  98       
PG14  14636.694355  -5395.715137 -21440.191798    575.823550  3  4  5  94       
PG15  -4077.951821 -18508.126801 -19077.826934    249.066765  3  6  4  87       
PG16  -1780.525069  24536.915951   9043.115323    -83.288915  7  3  2  72       
PG17  22044.145327 -11836.462262  -8800.919191    484.221509  5  1  5  75       
PG18 -26012.301826  -5402.634708  -2470.697809   -658.588092  5  6  5  68       
PG19  20067.802649 -17020.990975    348.280220    583.578304  6  2  5  91       
PG20   2238.682408 -21175.911445  16043.826778    367.249966  4  2  4  78       
PG21  11626.514308  15004.111806 -18632.200255    100.391801  6  2  5  83       
PG22  11078.421072 -14180.393267 -19253.557572    -91.109591  4  4  4 110       
PG23 -16071.395185  -6373.794031 -20185.959984    399.542922  4  7  3  80       
PG24 -15155.550668 -14780.364550 -16743.973690   -466.193455  6  6  4 106       
PG25 -16057.543697 -13761.518585  15868.201213    497.072086  5  5  4  64       
PG26  -7412.914851  17934.701930  17781.378545    -39.509449  6  3  4  86       
PG27  -9576.936556  21802.222847 -11598.601816    -33.326455  7  4  4  79       
PG28 -19363.265774   7530.554954  16536.945420   -529.766411  5  5  5  88       
PG29 -17302.531449  -3004.117300  19918.443970   -549.067514  4  6  3  93       
PG30  24259.385586  -2097.430608 -10774.127024   -243.980380  4  5  5  51       
PG31 -11098.602230  12131.209514  20678.814739   -218.347425  5  4  3  70       
PG32 -20397.308076  15849.360613  -5469.083697   -545.551761  2  6  5  72       
*  2025  1  8  3 30  0.00000000
PG01  16066.416434  15079.538369 -14827.592816 999999.999999  9 15  9           
PG02  15674.394842  13128.664979 -16696.015731   -273.109327  5  3  6  77       
PG03  12393.589396  22578.148031   6559.842914    641.758381  3  3  2  89       
PG04   8855.113119  12494.198781  21706.716415    508.570798  3  5  4  89       
PG05  -4582.082997 -24934.985932   7632.825299   -198.378867  5  4  5  88       
PG06  19773.575457  -6996.567290  16444.300148   -102.915458  4  2  4  69       
PG07  25605.030358   7333.382732   3555.799674    -13.726400  3  6  3  59       
PG08   -245.667137  20149.951647 -17197.104941    456.313922  4  5  5  72       
PG09  15884.901086   3607.840388  20900.525952    520.018745  5  6  5  85       
PG10 -12851.816002   7042.983587 -21896.862419   -267.565183  5  5  2  85       
PG11   7824.391357 -13470.461545  21545.126180   -752.186801  4  4  5  86       
PG12  -9491.280591 -24510.532987   3700.233619   -563.172770  6  3  4  67       
PG13  10377.093171 -20777.161344 -12895.432858    692.765565  7  3  5  92       
PG14  15341.004116  -3029.745112 -21434.149205    575.830164  3  4  5  98       
PG15  -2834.494284 -20101.616893 -17578.270339    249.070613  2  6  4  85       
PG16  -2310.582263  23383.845994  11572.387211    -83.280590  7  3  2  80       
PG17  21330.031968 -10850.764387 -11329.334932    484.206448  5  1  4  88       
PG18 -26083.678851  -5625.477358    394.624936   -658.587030  5  6  5  83       
PG19  20168.228533 -16739.760023  -2538.459109    583.582016  5  2  5  70       
PG20   3277.203491 -19554.274797  17822.487634    367.249232  4  1  3  86       
PG21   9388.164602  14801.824898 -19885.477775    100.393109  6  3  4  77       
PG22  11673.806695 -11920.282816 -20352.038339    -91.111123  3  4  3 111       
PG23 -16724.550859  -8507.370053 -18846.976699    399.549721  4  7  2 105       
PG24 -13228.659452 -14719.161895 -18362.029295   -466.190022  6  5  4 110       
PG25 -16428.319423 -15484.185796  13839.944448    497.071591  5  5  4  55       
PG26  -8420.136597  16004.319120  19145.418086    -39.522884  5  4  5 101       
PG27 -10535.723481  22495.171681  -9066.950133    -33.326017  6  4  4  86       
PG28 -21079.948998   7027.040078  14540.953754   -529.775290  5  5  4  93       
PG29 -15652.062928  -4666.156607  20924.875116   -549.064339  4  6  3  91       
PG30  25281.419870  -1592.208022  -8279.246438   -243.972837  4  4  5  62       
PG31 -13368.196362  11494.287861  19720.932240   -218.346642  5  4  3  83       
PG32 -20043.131389  15074.743713  -8197.028903   -545.545672  1  6  5  83       
*  2025  1  8  3 45  0.00000000
PG01  14263.820343  14839.429308 -16783.079026 999999.999999  9 15  9           
PG02  13594.976897  13125.025497 -18356.157119   -273.100796  6  4  5  78       
PG03  12454.131701  23202.639247   3737.809855    641.765245  3  3  2  93       
PG04   7220.350284  14318.683113  21164.718172    508.576171  3  5  4  89       
PG05  -3967.530643 -24063.359690  10266.832468   -198.380001  5  4  5  93       
PG06  21469.910839  -6590.022429  14352.833268   -102.939956  4  3  4  63       
PG07  25077.920045   7494.848882   6291.281818    -13.726190  3  6  3  48       
PG08  -1517.728135  21519.969271 -15316.801015    456.321176  4  4  5  78       
PG09  14449.207145   5585.991412  21490.252141    520.032386  5  6  4  82       
PG10 -13789.722983   4665.132618 -21990.265463   -267.579651  5  6  2  73       
PG11  10183.977508 -12940.218850  20866.994931   -752.186151  4  4  5  85       
PG12  -9337.968673 -24864.980883    862.612125   -563.174750  6  3  4  77       
PG13  11466.982815 -21528.511746 -10443.694432    692.766730  7  4  5  88       
PG14  16153.222447   -724.097909 -21058.122773    575.836723  2  4  5 101       
PG15  -1759.136045 -21598.821413 -15786.011521    249.074519  2  5  4  85       
PG16  -2976.457162  21989.894472  13894.007219    -83.272029  7  4  1  72       
PG17  20482.337990  -9620.409519 -13660.905272    484.190614  5  2  4  86       
PG18 -25849.407600  -5787.653155   3253.254930   -658.585988  5  6  5  58       
PG19  20050.573416 -16233.408937  -5380.386022    583.586358  5  3  6  60       
PG20   4493.770983 -17831.829260  19297.872187    367.249024  4  1  3  93       
PG21   7008.280912  14710.204858 -20794.515240    100.393401  6  4  4  86       
PG22  12414.476189  -9588.198228 -21090.531738    -91.113159  3  4  3 116       
PG23 -17430.034218 -10442.269042 -17184.935778    399.556542  5  7  1 107       
PG24 -11139.203745 -14743.727945 -19679.143740   -466.186593  6  5  4 104       
PG25 -16794.064331 -16955.872216  11571.315163    497.071124  6  5  4  76       
PG26  -9573.273007  14001.939769  20171.554768    -39.536475  5  4  5  94       
PG27 -11276.860474  23003.831136  -6377.211406    -33.325591  6  4  4  76       
PG28 -22582.158335   6644.163590  12294.580232   -529.784147  5  6  4  88       
PG29 -14027.450983  -6482.983057  21570.613914   -549.061518  4  7  3  90       
PG30  26041.010335  -1183.751934  -5643.287239   -243.965345  4  4  5  41       
PG31 -15536.683681  10998.034796  18419.545068   -218.346040  5  5  3  46       
PG32 -19541.548954  14043.779854 -10781.057448   -545.539608  2  7  5  81       
*  2025  1  8  4  0  0.00000000
PG01  12249.088755  14658.313935 -18449.685495 999999.999999  8 16  9           
PG02  11340.806775  13230.939179 -19692.603916   -273.092657  6  5  5  86       
PG03  12416.910802  23527.268712    851.694721    641.772154  3  4  2  91       
PG04   5733.310474  16163.076698  20258.281506    508.581462  3  4  5  91       
PG05  -3171.688748 -22968.643710  12722.144607   -198.381424  5  5  4  90       
PG06  22937.812562  -6307.424434  12016.927799   -102.964455  4  2  4  52       
PG07  24264.545317   7652.623287   8922.784798    -13.725636  3  5  3  89       
PG08  -2598.156050  22762.065133 -13169.867736    456.328476  4  4  5  54       
PG09  13092.114710   7674.739801  21707.337747    520.046046  5  6  3  91       
PG10 -14852.297524   2356.708415 -21697.168604   -267.594148  5  6  2  79       
PG11  12472.923659 -12548.776081  19830.681231   -752.185510  4  4  5  89       
PG12  -9091.387496 -24924.892057  -1989.859393   -563.176869  6  3  4  87       
PG13  12319.210058 -22128.041322  -7811.700701    692.767850  7  5  6  87       
PG14  17052.624014   1478.451346 -20319.327462    575.843265  2  4  5  97       
PG15   -849.609992 -22957.529907 -13729.631380    249.078638  2  5  4  79       
PG16  -3798.173402  20392.767083  15966.006935    -83.263394  7  4  1  85       
PG17  19542.502904  -8145.828556 -15753.938742    484.175269  5  2  4  84       
PG18 -25307.110506  -5927.460062   6056.693753   -658.584917  5  6  5  81       
PG19  19748.081865 -15482.897483  -8127.536522    583.590225  5  4  6  86       
PG20   5883.165311 -16053.470659  20444.764656    367.248866  3  1  3  83       
PG21   4532.120776  14743.484239 -21339.930882    100.394738  6  5  4  55       
PG22  13295.902082  -7233.575531 -21454.605135    -91.115046  3  4  3 104       
PG23 -18151.290180 -12149.456325 -15228.856569    399.563301  5  7  1  99       
PG24  -8924.952885 -14872.613548 -20673.679946   -466.183130  6  4  4 112       
PG25 -17117.412967 -18161.829844   9102.657319    497.070625  6  5  4  59       
PG26 -10863.728067  11973.489589  20842.459935    -39.550049  5  4  5  94       
PG27 -11816.252145  23292.009446  -3575.758077    -33.325183  6  5  4  96       
PG28 -23836.316909   6356.493290   9836.529370   -529.793049  5  6  4  85       
PG29 -12467.880232  -8424.961551  21844.126496   -549.058623  4  7  3  83       
PG30  26518.815313   -841.554043  -2911.391682   -243.957834  4  4  5  72       
PG31 -17558.754824  10633.463640  16798.591653   -218.345116  5  6  3  63       
PG32 -18932.540651  12752.969652 -13175.475381   -545.533544  2  7  5  46       
*  2025  1  8  4 15  0.00000000
PG01  10057.852287  14564.065574 -19798.711164 999999.999999  8 16 10           
PG02   8956.415874  13463.746462 -20679.880362   -273.084258  6  5  5  58       
PG03  12244.225335  23564.036731  -2049.005805    641.779040  2  4  2  81       
PG04   4412.774729  17982.508903  19002.570505    508.586830  3  4  5  90       
PG05  -2178.134305 -21689.509651  14955.697387   -198.382578  4  5  4  91       
PG06  24144.092240  -6120.151676   9476.334711   -102.988994  4  2  4  57       
PG07  23178.615205   7842.096938  11407.493016    -13.725017  3  5  3  75       
PG08  -3492.217208  23833.621037 -10792.833459    456.335716  4  4  5  82       
PG09  11843.134417   9834.453590  21547.780684    520.059688  5  5  2  79       
PG10 -16014.089078    163.239926 -21023.877301   -267.608619  5  6  3  76       
PG11  14643.848064 -12288.637135  18453.753783   -752.184879  4  4  5  84       
PG12  -8717.549196 -24705.483595  -4808.282943   -563.179039  6  3  4  98       
PG13  12944.540998 -22536.117697  -5044.421458    692.768873  7  6  6  92       
PG14  18012.097429   3539.761497 -19231.191369    575.849826  1  4  5  80       
PG15    -96.324355 -24137.609010 -11442.322194    249.082741  2  5  4  76       
PG16  -4788.337535  18635.443507  17751.020663    -83.255097  7  4  1  67       
PG17  18552.761366  -6436.435913 -17570.581130    484.160068  5  3  3  76       
PG18 -24463.246811  -6083.189040   8757.378543   -658.583884  5  6  4  71       
PG19  19298.565763 -14477.171271 -10731.904029    583.594811  4  5  6  85       
PG20   7432.065141 -14263.556566  21243.460377    367.248968  3  2  2  87       
PG21   2008.432786  14908.105428 -21508.485146    100.396024  6  5  4  71       
PG22  14305.211115  -4905.383152 -21436.599244    -91.116711  3  4  4 101       
PG23 -18848.284676 -13607.942635 -13012.649941    399.570057  5  7  1 100       
PG24  -6627.081187 -15117.720233 -21329.010367   -466.179696  6  4  4 107       
PG25 -17360.249645 -19095.959110   6477.390634    497.070211  6  5  4  84       
PG26 -12275.297238   9963.538089  21147.269187    -39.563620  5  5  5  92       
PG27 -12176.821165  23329.036402   -711.398195    -33.324776  6  5  4  88       
PG28 -24815.751465   6133.405690   7209.143105   -529.801985  5  7  4  85       
PG29 -11007.436726 -10455.952933  21740.300079   -549.055499  4  7  4  77       
PG30  26703.232395   -532.196172   -130.103709   -243.950326  5  3  5  59       
PG31 -19393.007889  10384.128542  14887.383908   -218.344194  5  6  3  68       
PG32 -18257.547685  11207.779484 -15337.857538   -545.527491  3  7  5  68       
*  2025  1  8  4 30  0.00000000
PG01   7731.286388  14578.387243 -20806.920424 999999.999999  7 16 10           
PG02   6490.383644  13833.042442 -21298.649607   -273.076132  6  5  5  76       
PG03  11902.208162  23333.308225  -4914.749393    641.785958  2  5  3  83       
PG04   3269.420770  19730.423743  17418.826625    508.592120  3  3  5  77       
PG05   -978.458862 -20268.832577  16928.226805   -198.383491  5  4  4  94       
PG06  25062.918665  -5994.471422   6774.277185   -103.013540  4  2  4  67       
PG07  21841.186808   8095.917877  13705.262601    -13.724397  4  4  3  75       
PG08  -4212.902994  24695.422764  -8226.584558    456.342991  4  5  4  97       
PG09  10724.923377  12021.121504  21014.164387    520.073376  5  5  1  79       
PG10 -17242.913857  -1875.292955 -19983.414432   -267.623176  5  7  4  88       
PG11  16652.324806 -12144.577737  16759.646072   -752.184288  4  4  5  77       
PG12  -8186.557312 -24229.708311  -7544.675420   -563.181208  6  4  3 105       
PG13  13361.555104 -22717.512527  -2189.498910    692.769896  7  7  6  87       
PG14  18999.184574   5427.575583 -17813.076513    575.856323  1  4  5  81       
PG15    517.166971 -25102.475532  -8961.464377    249.086177  2  5  4  70       
PG16  -5951.413236  16764.509195  19217.051860    -83.246686  7  5  1  60       
PG17  17554.445340  -4510.551689 -19077.592390    484.144415  6  4  3  70       
PG18 -23332.928128  -6291.486994  11309.455551   -658.582859  5  6  4  80       
PG19  18742.764652 -13213.735235 -13148.315027    583.598768  4  5  6  59       
PG20   9119.375418 -12504.317254  21680.101848    367.248469  3  3  2  90       
PG21   -512.214703  15202.268322 -21293.579483    100.396931  5  5  4  71       
PG22  15421.555561  -2650.328482 -21035.862031    -91.118371  3  4  3  85       
PG23 -19479.100918 -14805.369224 -10574.519168    399.576815  5  7  1  87       
PG24  -4288.854692 -15483.786945 -21633.769802   -466.176259  6  3  4 107       
PG25 -17485.298994 -19760.790946   3741.203385    497.069791  6  5  3  78       
PG26 -13784.700257   8013.689405  21081.718913    -39.577203  5  5  5 103       
PG27 -12387.460836  23091.120249   2165.501890    -33.324382  6  5  4  98       
PG28 -25501.628867   5940.451407   4457.668891   -529.810897  5  7  4  73       
PG29  -9673.886441 -12534.535189  21260.558794   -549.052406  3  7  4  83       
PG30  26590.778599   -220.825931   2653.400105   -243.942827  5  3  5  70       
PG31 -21003.365530  10226.957003  12720.007553   -218.343708  5  6  4  88       
PG32 -17557.744394   9422.644957 -17229.863956   -545.521369  4  7  4  69       
*  2025  1  8  4 45  0.00000000
PG01   5314.707277  14715.894002 -21456.943784 999999.999999  7 16 10           
PG02   3993.607625  14340.124725 -21536.215754   -273.067947  5  5  4  73       
PG03  11362.278958  22862.910678  -7696.774984    641.792887  2  5  3  73       
PG04   2305.563186  21360.279277  15534.029396    508.597424  4  3  5  98       
PG05    427.174441 -18752.040605  18605.002427   -198.384482  4  4  4  95       
PG06  25676.720385  -5892.997616   3956.740044   -103.038075  4  2  4  56       
PG07  20279.933224   8442.672044  15779.142814    -13.723926  4  4  2  71       
PG08  -4780.256683  25313.226595  -5515.666450    456.350248  4  5  4  82       
PG09   9752.504510  14187.896493  20115.624815    520.087040  5  5  2  79       
PG10 -18501.110921  -3725.797843 -18595.195271   -267.637701  4  7  4  92       
PG11  18458.432037 -12094.331040  14777.271846   -752.183650  4  4  4  65       
PG12  -7473.910832 -23527.267613 -10152.757583   -563.182875  6  4  3  86       
PG13  13595.780479 -22642.894471    703.571456    692.771016  7  8  6  95       
PG14  19977.331841   7116.535348 -16089.903279    575.862876  1  4  4  78       
PG15   1013.426928 -25820.478153  -6328.119722    249.090128  2  4  4  63       
PG16  -7283.348138  14828.345754  20338.115090    -83.238197  7  5  1  58       
PG17  16586.310223  -2394.962286 -20247.056267    484.128975  6  4  3  87       
PG18 -21939.421823  -6585.785038  13669.528011   -658.581803  5  6  4  86       
PG19  18122.616369 -11698.883107 -15335.228511    583.602593  4  6  5  88       
PG20  10916.856582 -10814.354955  21746.924017    367.248117  3  3  2  83       
PG21  -2979.234068  15615.821457 -20695.639601    100.398679  4  5  4  62       
PG22  16616.835268   -511.147718 -20258.831785    -91.120233  3  4  3  99       
PG23 -20001.610554 -15738.267017  -7956.299199    399.583559  6  7  1  87       
PG24  -1954.243887 -15968.134251 -21582.053766   -466.172793  6  3  4 104       
PG25 -17457.669354 -20167.146777    941.235871    497.069293  6  5  3  83       
PG26 -15362.404317   6161.117092  20648.148723    -39.590795  5  5  5 107       
PG27 -12481.732928  22562.455574   5003.956687    -33.323983  6  5  4  89       
PG28 -25883.600841   5740.873701   1629.478048   -529.819767  5  7  4  78       
PG29  -8487.707221 -14615.442786  20412.864401   -549.049597  3  6  4  66       
PG30  26186.177968    127.323501   5392.076393   -243.935312  4  3  5  56       
PG31 -22360.275898  10133.337144  10334.656727   -218.342947  5  7  4  67       
PG32 -16872.327088   7420.613350 -18817.979400   -545.515282  5  7  4  82       
*  2025  1  8  5  0  0.00000000
PG01   2856.012518  14983.481763 -21737.577531 999999.999999  7 17 11           
PG02   1517.453316  14977.795143 -21386.892688   -273.059828  4  5  4  78       
PG03  10602.392546  22186.967181 -10347.904270    641.799870  3  6  4  66       
PG04   1515.225106  22827.265411  13380.452081    508.602724  4  4  5  84       
PG05   2029.816434 -17185.369544  19956.479607   -198.385759  4  4  4  94       
PG06  25976.788620  -5776.294363   1071.712538   -103.062610  4  2  4  70       
PG07  18528.202324   8905.726158  17595.845944    -13.723518  4  4  2  83       
PG08  -5220.406009  25659.155887  -2707.492619    456.357614  3  6  4  96       
PG09   8932.796914  16286.761091  18867.696908    520.100698  5  5  3  88       
PG10 -19747.014383  -5363.116407 -16884.588762   -267.652258  4  7  4  83       
PG11  20028.137825 -12109.557510  12540.544817   -752.183038  4  4  4  75       
PG12  -6561.592795 -22633.393464 -12588.694311   -563.185211  6  4  3  98       
PG13  13678.548719 -22290.116677   3584.316342    692.772263  6  8  6  76       
PG14  20907.303293   8588.924832 -14091.687663    575.869444  1  5  4  82       
PG15   1420.149656 -26266.134452  -3586.440417    249.094343  2  4  5  83       
PG16  -8771.570360  12875.261488  21094.735603    -83.229463  6  5  1  72       
PG17  15682.956553   -124.128043 -21057.000717    484.113734  6  4  2  84       
PG18 -20313.359796  -6994.850584  15797.368087   -658.580794  4  6  4  74       
PG19  17479.511342  -9947.578701 -17255.444325    583.606803  4  7  5  42       
PG20  12790.033442  -9227.287175  21442.404262    367.247970  2  4  2  81       
PG21  -5343.876108  16130.520224 -19722.355867    100.399980  4  5  4  92       
PG22  17856.743847   1474.945150 -19118.962034    -91.122181  4  5  3  88       
PG23 -20375.156395 -16411.983687  -5202.745729    399.590309  6  7  1  94       
PG24    333.494032 -16560.677082 -21173.559253   -466.169310  6  3  4 110       
PG25 -17246.291146 -20333.498520  -1874.730037    497.068786  6  5  3  83       
PG26 -16973.699740   4437.299976  19855.375153    -39.604384  5  5  5 106       
PG27 -12496.361597  21736.028277   7753.341691    -33.323588  6  5  4  90       
PG28 -25960.132461   5497.220454  -1226.751948   -529.828676  5  7  4  75       
PG29  -7461.413087 -16651.169515  19211.600071   -549.046391  3  6  4  66       
PG30  25502.156608    545.425920   8039.767501   -243.927829  4  4  4  49       
PG31 -23441.656752  10070.411289   7772.919253   -218.342306  5  7  4  45       
PG32 -16236.892635   5232.637413 -20074.157461   -545.509213  5  7  3  42       
*  2025  1  8  5 15  0.00000000
PG01    404.025648  15380.007312 -21643.977301 999999.999999  7 17 11           
PG02   -888.137358  15730.533243 -20852.221490   -273.051601  4  5  4  18       
PG03   9608.037914  21344.511079 -12823.306462    641.806819  4  6  4  57       
PG04    884.540055  24089.973107  10995.118384    508.608032  4  6  5 103       
PG05   3811.871639 -15614.093256  20958.855645   -198.386906  4  4  4  82       
PG06  25963.557380  -5604.564857  -1831.604736   -103.087159  4  2  4  85       
PG07  16623.899399   9502.266546  19126.167373    -13.723394  4  3  2  80       
PG08  -5564.337952  25712.865771    148.523442    456.364858  3  6  3  84       
PG09   8264.476073  18270.249074  17292.042814    520.114383  5  5  4  89       
PG10 -20936.578577  -6770.743744 -14882.379945   -267.666795  3  7  4  76       
PG11  21334.470144 -12157.062349  10087.809557   -752.182419  4  4  3  61       
PG12  -5438.906347 -21587.448897 -14811.777399   -563.187168  6  4  3 104       
PG13  13645.611810 -21645.242098   6402.200017    692.773546  5  8  6  69       
PG14  21748.700479   9835.118628 -11853.001374    575.875930  1  5  3  94       
PG15   1768.956039 -26421.172114   -782.995520    249.098110  2  3  5  94       
PG16 -10395.353526  10951.646030  21474.294325    -83.221285  6  5  1  58       
PG17  14873.417245   2260.937161 -21491.908224    484.098454  6  4  2  69       
PG18 -18491.680787  -7541.517510  17656.582967   -658.579762  4  6  4  83       
PG19  16852.602316  -7982.999683 -18876.709250    583.610885  4  7  5  67       
PG20  14699.351822  -7770.584903  20771.313498    367.247770  2  4  2  86       
PG21  -7561.063682  16720.658846 -18388.756170    100.400809  4  5  4  40       
PG22  19102.096227   3277.580398 -17636.486441    -91.124087  4  5  3  92       
PG23 -20562.183741 -16840.284617  -2360.785606    399.597020  5  7  2  94       
PG24   2533.218068 -17244.209709 -20413.663648   -466.165844  6  3  3 105       
PG25 -16825.198742 -20285.060785  -4659.062081    497.068293  6  5  3  80       
PG26 -18579.980531   2867.005953  18718.445179    -39.617957  5  5  5 101       
PG27 -12469.585465  20614.075794  10364.390394    -33.323202  6  5  4 101       
PG28 -25738.502141   5172.986285  -4061.876907   -529.837528  5  7  4  67       
PG29  -6599.198471 -18593.673139  17677.337731   -549.043416  3  6  5  65       
PG30  24558.955267   1063.622062  10551.931403   -243.920325  4  4  4  69       
PG31 -24233.553273  10002.521325   5079.028201   -218.341639  5  7  5  68       
PG32 -15681.975934   2896.548524 -20976.353296   -545.503144  5  6  3  68       
*  2025  1  8  5 30  0.00000000
PG01  -1993.192040  15896.292182 -21177.742229 999999.999999  8 17 11           
PG02  -3176.495170  16575.041608 -19941.022870   -273.043373  3  5  4  63       
PG03   8372.952639  20377.935831 -15081.216313    641.813781  4  6  5  82       
PG04    392.469459  25111.949088   8419.168544    508.613378  4  7  5  88       
PG05   5747.588799 -14080.801964  21594.516989   -198.387753  4  4  4  72       
PG06  25646.549300  -5339.362032  -4703.617231   -103.111688  3  2  4  83       
PG07  14608.230474  10242.561665  20345.357389    -13.722577  4  4  2  91       
PG08  -5846.464714  25462.422689   3001.894935    456.371942  3  6  3  81       
PG09   7738.169303  20093.155398  15416.066750    520.128085  5  4  5  81       
PG10 -22025.088783  -7941.199811 -12624.149619   -267.681355  2  7  4  91       
PG11  22358.425461 -12200.213824   7461.192247   -752.181805  4  4  3  58       
PG12  -4103.031264 -20431.401522 -16785.044075   -563.188948  6  4  3 103       
PG13  13535.574932 -20703.259496   9107.560719    692.774488  5  7  5  72       
PG14  22461.530547  10853.721768  -9412.365446    575.882494  1  5  3  60       
PG15   2094.009864 -26275.327414   2033.980418    249.102108  2  4  5  89       
PG16 -12126.531090   9100.230655  21471.212113    -83.212794  6  5  2  62       
PG17  14179.974978   4714.073241 -21543.097302    484.083110  6  4  2  96       
PG18 -16516.343878  -8241.642583  19215.225393   -658.578719  5  6  5  80       
PG19  16277.236594  -5835.768206 -20172.213425    583.615128  4  7  5  65       
PG20  16601.541698  -6464.649850  19744.665922    367.247344  2  4  2  77       
PG21  -9591.114685  17354.063381 -16717.091577    100.402065  3  5  4  57       
PG22  20310.380430   4874.266017 -15838.027608    -91.125702  4  5  3  78       
PG23 -20529.759931 -17044.645384    521.259949    399.603787  5  7  3  91       
PG24   4607.245368 -17994.958823 -19313.436526   -466.162363  6  3  3 100       
PG25 -16174.612147 -20052.655769  -7365.038566    497.067780  6  6  3  79       
PG26 -20140.175122   1467.558886  17258.280524    -39.631542  5  5  5  92       
PG27 -12439.438450  19208.175768  12790.181808    -33.322818  6  5  4  88       
PG28 -25234.473617   4734.220409  -6827.132376   -529.846445  5  7  5  84       
PG29  -5896.917294 -20396.115476  15836.491804   -549.040386  3  5  5  64       
PG30  23383.579084   1707.698912  12886.340608   -243.912831  4  4  4  77       
PG31 -24730.491885   9892.747643   2299.094256   -218.340850  5  7  5  49       
PG32 -15231.808382    455.751600 -21508.932289   -545.497081  5  7  2  51       
*  2025  1  8  5 45  0.00000000
PG01  -4289.998205  16515.450454 -20346.888248 999999.999999  8 17 12           
PG02  -5305.946122  17481.144415 -18669.276909   -273.035197  3  5  4  87       
PG03   6899.528132  19331.338696 -17083.596580    641.820789  5  6  5  90       
PG04     11.808427  25863.073955   5697.145400    508.618664  4  8  4  80       
PG05   7803.883859 -12623.799008  21852.367212   -198.388595  4  4  3  83       
PG06  25043.987940  -4945.255912  -7495.165946   -103.136205  2  1  4  73       
PG07  12524.346079  11129.469623  21233.445895    -13.722125  5  3  2  86       
PG08  -6103.040525  24904.857188   5802.025689    456.379158  3  6  3  98       
PG09   7336.978067  21714.166682  13272.423882    520.141739  5  4  5  68       
PG10 -22968.888874  -8876.046760 -10149.587796   -267.695938  2  6  3  89       
PG11  23089.580096 -12200.507698   4705.881676   -752.181201  4  4  3  48       
PG12  -2559.284498 -19208.227242 -18475.826100   -563.191079  6  4  2  92       
PG13  13388.208326 -19468.455163  11652.547284    692.775728  4  6  5  71       
PG14  23007.763391  11651.399725  -6811.588380    575.889027  2  5  2  59       
PG15   2430.503610 -25826.860770   4815.408343    249.106025  2  4  6  95       
PG16 -13930.524404   7358.529156  21086.973263    -83.204106  5  5  3  59       
PG17  13617.265358   7185.612294 -21208.959794    484.067692  6  4  3  80       
PG18 -14432.859267  -9103.328518  20446.339287   -658.577720  5  7  5  71       
PG19  15783.570460  -3542.904660 -21120.973244    583.619165  4  7  5  48       
PG20  18451.137484  -5322.166431  18379.566128    367.247281  1  3  2  77       
PG21 -11401.267469  17993.412208 -14736.522446    100.403598  3  5  5  73       
PG22  21437.465040   6251.086319 -13756.059563    -91.127788  4  5  3  84       
PG23 -20250.926321 -17053.264227   3394.467947    399.610549  5  7  4  79       
PG24   6522.586307 -18783.392396 -17889.578296   -466.158894  6  3  3 108       
PG25 -15281.783614 -19671.397585  -9947.570325    497.067304  5  5  3  72       
PG26 -21612.268118    248.411004  15501.225545    -39.645097  5  5  5  90       
PG27 -12442.035141  17538.953421  14987.090998    -33.322451  6  5  4  81       
PG28 -24471.653090   4151.037235  -9474.972389   -529.855310  5  7  5  75       
PG29  -5342.398421 -22014.569613  13720.864608   -549.037611  4  5  5  59       
PG30  22008.812816   2497.935614  15003.742366   -243.905291  4  4  4  68       
PG31 -24935.523968   9704.482141   -519.667998   -218.339855  5  7  5  52       
PG32 -14903.349485  -2042.303554 -21662.945622   -545.491012  5  6  2  64       
*  2025  1  8  6  0  0.00000000
PG01  -6444.731515  17213.528002 -19165.710916 999999.999999  9 16 12           
PG02  -7241.327552  18413.002230 -17059.829105   -273.026977  3  5  4  91       
PG03   5198.892429  18248.819790 -18796.737243    641.827739  5  6  5  75       
PG04   -289.559525  26320.708089   2876.213024    508.624006  4  8  5  58       
PG05   9941.462856 -11275.681632  21728.028443   -198.389843  4  5  3  76       
PG06  24182.089626  -4391.393722 -10158.356290   -103.160710  2  2  4  80       
PG07  10415.927376  12158.205546  21775.520312    -13.721651  5  4  1  83       
PG08  -6370.496841  24046.362544   8499.187725    456.386391  4  6  3  86       
PG09   7037.305437  23097.347685  10898.432929    520.155451  5  4  5  81       
PG10 -23727.058956  -9585.560073  -7501.757392   -267.710462  2  6  3  59       
PG11  23526.379855 -12119.216766   1869.352400   -752.180634  4  3  2  62       
PG12   -821.078902 -17960.302310 -19856.225779   -563.193197  6  4  2  84       
PG13  13242.708155 -17954.419721  13992.033990    692.776841  4  5  3  71       
PG14  23352.819783  12242.408345  -4095.059997    575.895522  2  5  2  64       
PG15   2813.071256 -25082.758197   7512.243124    249.109811  2  5  6  84       
PG16 -15767.634913   5757.523599  20329.994011    -83.195734  5  6  3  41       
PG17  13191.709183   9624.179754 -20495.042927    484.052126  6  3  4  81       
PG18 -12288.689341 -10126.444811  21328.431524   -658.576667  5  7  5  87       
PG19  15395.415982  -1146.550451 -21708.100103    583.623254  4  7  5  46       
PG20  20202.099647  -4347.754401  16698.953705    367.246897  1  3  2  66       
PG21 -12966.927350  18597.829932 -12482.601934    100.404548  3  5  5  90       
PG22  22439.386026   7403.035725 -11428.239085    -91.129462  4  5  3  87       
PG23 -19705.833296 -16899.832685   6210.110936    399.617276  5  7  4  72       
PG24   8252.028249 -19575.263385 -16164.279156   -466.155392  6  3  2  96       
PG25 -14141.583647 -19179.247062 -12363.876952    497.066767  5  5  3  85       
PG26 -22954.852151   -788.969733  13478.512613    -39.658659  5  5  6  71       
PG27 -12509.937679  15635.416077  16915.675406    -33.322068  6  5  4  97       
PG28 -23480.556860   3398.970573 -11959.885960   -529.864144  5  6  5  72       
PG29  -4916.085354 -23409.626673  11367.091126   -549.034458  4  5  6  66       
PG30  20472.037494   3448.157182  16868.473043   -243.897776  3  4  4  75       
PG31 -24859.964540   9402.976637  -3329.708314   -218.339360  5  7  5  74       
PG32 -14705.631228  -4547.810137 -21436.267754   -545.484974  5  6  1  68       
*  2025  1  8  6 15  0.00000000
PG01  -8421.119575  17960.428585 -17654.540034 999999.999999  9 16 12           
PG02  -8955.227229  19330.589300 -15141.928772   -273.018745  3  5  4 101       
PG03   3290.668678  17172.798841 -20191.784861    641.834780  5  6  5  92       
PG04   -547.208599  26470.558653      5.322416    508.629329  4  9  5  93       
PG05  12116.199381 -10062.163482  21223.912133   -198.390891  4  5  2  90       
PG06  23094.059961  -3652.892227 -12647.373092   -103.185184  2  1  4  70       
PG07   8325.758058  13316.376859  21961.955899    -13.721258  5  4  1  75       
PG08  -6683.768207  22902.127808  11045.487616    456.393598  4  6  3  75       
PG09   6809.954512  24213.425129   8335.404291    520.169120  5  4  5  74       
PG10 -24262.980216 -10088.074297  -4726.323915   -267.724959  2  6  3  90       
PG11  23676.095851 -11919.060775   -999.456608   -752.180010  3  3  3  65       
PG12   1090.415405 -16727.840818 -20903.516276   -563.195160  6  5  2  86       
PG13  13135.979842 -16183.685138  16084.491215    692.778033  3  4  2  84       
PG14  23466.935708  12647.844163  -1309.012199    575.902038  2  5  2  61       
PG15   3274.192020 -24058.599266  10076.393295    249.113933  3  5  6  91       
PG16 -17594.540102   4320.645851  19215.346806    -83.187291  4  6  3  51       
PG17  12901.302091  11978.580800 -19413.970248    484.037152  5  3  4  91       
PG18 -10131.578281 -11302.466981  21845.861382   -658.575552  5  7  5  90       
PG19  15129.359419   1307.486976 -21924.957041    583.627437  3  7  5  73       
PG20  21809.477206  -3537.937070  14731.246997    367.246624  1  2  1  77       
PG21 -14272.564420  19124.682164  -9996.564522    100.404972  4  5  5  84       
PG22  23274.133052   8333.975502  -8896.625771    -91.131792  4  5  3  75       
PG23 -18882.616975 -16622.110887   8920.448099    399.624061  4  7  5  93       
PG24   9775.026293 -20332.858712 -14164.991783   -466.151980  6  3  2  99       
PG25 -12756.810447 -18615.490489 -14574.112285    497.066278  5  5  3  81       
PG26 -24128.649757  -1650.900475  11225.659385    -39.672228  5  5  6  78       
PG27 -12670.678168  13533.941482  18541.471323    -33.321698  6  5  3  67       
PG28 -22297.425865   2460.118492 -14239.177279   -529.872979  5  6  5  62       
PG29  -4591.974811 -24547.838249   8815.993086   -549.031757  5  5  6  83       
PG30  18813.890904   4565.029983  18449.020070   -243.890278  3  4  4  78       
PG31 -24522.841358   8956.810847  -6083.893540   -218.338573  5  7  5  89       
PG32 -14639.440668  -7010.380750 -20833.594849   -545.478895  4  6  2  66       
*  2025  1  8  6 30  0.00000000
PG01 -10189.479110  18721.091033 -15839.390160 999999.999999  9 15 11           
PG02 -10428.888396  20191.365733 -12950.612826   -273.010577  3  4  4 103       
PG03   1202.418798  16142.410764 -21245.196328    641.841776  5  6  5 101       
PG04   -798.575988  26307.232028  -2865.659763    508.634659  4  9  6  80       
PG05  14280.710543  -9001.186073  20349.158326   -198.391918  4  5  2  87       
PG06  21818.831465  -2712.007454 -14919.268335   -103.209674  3  1  3  85       
PG07   6294.326090  14584.287768  21788.596457    -13.720904  5  4  1  83       
PG08  -7074.682167  21495.810651  13395.796672    456.400787  4  6  3  76       
PG09   6621.452615  25040.818545   5627.897283    520.182809  5  3  6  76       
PG10 -24545.730585 -10409.035572  -1870.765873   -267.739461  3  6  3  89       
PG11  23554.447452 -11565.830679  -3850.993324   -752.179403  2  3  3  74       
PG12   3146.892806 -15547.432034 -21600.464519   -563.197136  5  5  2  93       
PG13  13101.017480 -14187.003545  17892.790026    692.778979  3  4  2  90       
PG14  23326.353107  12894.645393   1499.242289    575.908527  2  5  2  53       
PG15   3842.652965 -22778.085218  12461.661892    249.117735  4  5  6  86       
PG16 -19365.925605   3063.090354  17764.355168    -83.178671  4  6  3  50       
PG17  12735.772885  14199.689356 -17985.201265    484.021518  4  3  5  75       
PG18  -8007.871698 -12614.643477  21989.139893   -658.574522  5  7  5  88       
PG19  14994.178643   3771.308952 -21769.207534    583.631668  3  7  6  83       
PG20  23231.048246  -2881.428214  12509.889374    367.246272  1  1  1  61       
PG21 -15312.210315  19531.484093  -7324.438223    100.406919  4  5  6  98       
PG22  23903.356181   9056.219583  -6206.814334    -91.133613  4  5  3  65       
PG23 -17777.985513 -16260.360634  11479.499557    399.630818  4  7  5  90       
PG24  11078.363706 -21016.415259 -11924.111756   -466.148548  5  4  1 104       
PG25 -11138.216282 -18019.196442 -16541.935487    497.065751  5  5  3  73       
PG26 -25097.948304  -2350.987499   8781.812325    -39.685791  5  5  6  70       
PG27 -12945.503590  11276.963501  19835.677899    -33.321304  5  5  2  90       
PG28 -20962.833237   1324.034027 -16273.696366   -529.881843  5  5  5  71       
PG29  -4338.816486 -25402.937138   6111.854565   -549.028512  6  6  7  75       
PG30  17076.819389   5847.624757  19718.525159   -243.882732  3  4  4  92       
PG31 -23950.079161   8339.228492  -8736.236404   -218.337854  5  6  5  80       
PG32 -14697.350969  -9380.838561 -19866.307141   -545.472818  3  6  3  81       
*  2025  1  8  6 45  0.00000000
PG01 -11727.662840  19456.871986 -13751.512892 999999.999999  9 15 11           
PG02 -11652.740694  20952.066949 -10525.954330   -273.002614  3  3  4  81       
PG03  -1031.207381  15192.037946 -21939.112108    641.848694  5  6  5  87       
PG04  -1081.290721  25834.448660  -5686.842288    508.639919  4  9  6  81       
PG05  16386.067167  -8102.353944  19119.445897   -198.392685  3  4  2  74       
PG06  20399.588908  -1559.034805 -16934.708091   -103.234132  4  1  3  89       
PG07   4358.499367  15935.507154  21256.881981    -13.720336  5  4  1  93       
PG08  -7570.483899  19858.672168  15508.620967    456.407988  4  5  3  77       
PG09   6435.547073  25566.378307   2822.921483    520.196506  5  3  6  89       
PG10 -24551.262830 -10579.802721   1016.420741   -267.753859  2  5  3  82       
PG11  23184.906485 -11029.902599  -6635.958681   -752.178801  1  3  3  77       
PG12   5313.793788 -14450.727829 -21935.575473   -563.199027  5  5  3 105       
PG13  13165.449416 -12002.295678  19384.920245    692.780396  3  4  2  92       
PG14  22914.293971  13014.382357   4282.082328    575.915057  3  5  2  51       
PG15   4542.139373 -21272.236448  14624.684921    249.121516  4  4  6  98       
PG16 -21036.182467   1991.477406  16004.076921    -83.170408  3  6  3  68       
PG17  12677.104026  16242.256207 -16234.635491    484.005972  4  4  5  93       
PG18  -5960.889003 -14038.487464  21755.132068   -658.573432  6  7  5  85       
PG19  14990.574860   6196.559935 -21244.762298    583.635645  3  6  6  88       
PG20  24428.875401  -2359.728657  10072.803297    367.245821  1  2  1  64       
PG21 -16089.523539  19777.826685  -4516.009615    100.407407  4  5  6  78       
PG22  24293.919014   9589.773137  -3407.005000    -91.135392  4  5  3  69       
PG23 -16397.493270 -15855.694310  13843.793551    399.637573  4  7  5  96       
PG24  12156.550754 -21585.656427  -9478.560857   -466.145065  5  4  1 102       
PG25  -9304.253444 -17427.704021 -18235.025172    497.065248  5  5  4  91       
PG26 -25831.896116  -2909.358944   6189.050325    -39.699369  4  5  6  64       
PG27 -13348.399427   8911.413494  20775.710110    -33.320908  5  5  2  91       
PG28 -19520.138796    -11.673139 -18028.507827   -529.890687  5  5  5  68       
PG29  -4121.525552 -25956.787502   3301.633007   -549.025484  6  6  7  66       
PG30  15303.572155   7287.263979  20655.222766   -243.875227  2  4  4  93       
PG31 -23173.451894   7529.295926 -11242.593170   -218.337094  5  6  5  87       
PG32 -14864.095817 -11612.950049 -18552.201859   -545.466733  3  6  4  90       
*  2025  1  8  7  0  0.00000000
PG01 -13021.717172  20127.080550 -11426.858500 999999.999999  9 14 11           
PG02 -12626.536206  21570.527385  -7912.200396   -272.994334  4  3  5  76       
PG03  -3369.587102  14350.032183 -22261.644734    641.855613  5  5  5  94       
PG04  -1431.493874  25064.911094  -8409.202529    508.645256  4  9  6  87       
PG05  18383.568712  -7366.714336  17556.679326   -198.394035  3  4  2  72       
PG06  18882.137517   -192.902303 -18658.665316   -103.258584  5  2  3  82       
PG07   2550.318494  17337.686833  20373.918442    -13.719977  5  4  1  77       
PG08  -8192.559935  18028.411410  17346.889294    456.415177  3  5  3  68       
PG09   6214.811703  25785.803004    -30.901808    520.210188  5  3  6  73       
PG10 -24263.326010 -10636.246203   3886.511993   -267.768375  3  6  4  50       
PG11  22597.709499 -10287.580912  -9306.171279   -752.178113  1  3  3  31       
PG12   7551.414927 -13463.324921 -21903.256913   -563.200981  5  6  3 103       
PG13  13350.313068  -9673.311848  20534.603870    692.781425  2  4  2  87       
PG14  22221.682673  13041.883297   6992.351300    575.921594  2  5  3  66       
PG15   5390.019185 -19578.284091  16525.841282    249.125718  4  4  6  92       
PG16 -22561.098716   1103.870058  13966.695365    -83.162074  3  6  3  48       
PG17  12700.390149  18066.556578 -14194.072276    483.990376  2  5  5  93       
PG18  -4029.410132 -15542.578527  21147.156061   -658.572355  5  7  5  86       
PG19  15111.221970   8536.061066 -20361.631061    583.639869  2  6  6  85       
PG20  25370.715550  -1948.011284   7461.759353    367.245504  1  2  1  36       
PG21 -16617.417933  19827.221953  -1623.679575    100.408593  4  4  6  98       
PG22  24419.233092   9961.263471   -547.038874    -91.137334  4  5  3  61       
PG23 -14755.492100 -15448.400536  15973.076485    399.644337  4  7  5 101       
PG24  13011.938451 -22001.395406  -6869.270392   -466.141607  5  4  1  93       
PG25  -7280.551070 -16875.193488 -19625.534626    497.064752  5  5  4  85       
PG26 -26305.614638  -3351.660836   3491.661474    -39.712927  4  5  6  22       
PG27 -13885.434421   6486.987020  21345.607151    -33.320473  5  5  3  94       
PG28 -18013.850130  -1541.047736 -19473.486632   -529.899529  5  5  5  35       
PG29  -3902.750683 -26200.026812    434.121171   -549.022444  6  6  8  66       
PG30  13535.691375   8867.660861  21242.807964   -243.867726  3  4  4  88       
PG31 -22229.342472   6512.844577 -13561.324170   -218.336543  5  5  5  72       
PG32 -15117.267427 -13665.029923 -16915.106470   -545.460674  3  6  4  81       
*  2025  1  8  7 15  0.00000000
PG01 -14066.226033  20690.605301  -8905.456140 999999.999999  9 13 11           
PG02 -13359.090044  22007.454917  -5156.827794   -272.986281  4  2  5  73       
PG03  -5767.464345  13637.672489 -22207.078938    641.862507  5  5  5 105       
PG04  -1882.218471  24019.830185 -10985.463739    508.650593  4  9  6  93       
PG05  20226.511254  -6786.887510  15688.560432   -198.394483  3  3  2  70       
PG06  17313.175789   1378.568918 -20061.045602   -103.283056  5  2  3  94       
PG07    895.948089  18753.609693  19152.483635    -13.719644  5  4  1  87       
PG08  -8955.415753  16047.750980  18878.640142    456.422369  3  5  2  81       
PG09   5922.299056  25703.721452  -2884.201449    520.223896  5  4  6  73       
PG10 -23674.101360 -10617.199728   6691.329215   -267.782919  2  5  4  83       
PG11  21828.616618  -9322.216374 -11815.414680   -752.177491  1  4  4  61       
PG12   9816.208679 -12603.880005 -21503.903977   -563.202926  5  6  3 102       
PG13  13669.111886  -7248.061395  21321.788786    692.782733  2  4  2  99       
PG14  21247.590529  13013.747000   9584.120230    575.928117  3  5  3  64       
PG15   6396.381403 -17738.296501  18130.106603    249.130032  5  3  5  99       
PG16 -23899.477855    390.132604  11688.838594    -83.153604  3  6  3  75       
PG17  12774.994248  19639.805644 -11900.542928    483.975198  1  6  5  94       
PG18  -2246.334915 -17089.647338  20174.974557   -658.571263  5  7  5  97       
PG19  15341.125551  10745.384609 -19135.686854    583.644023  3  5  6  95       
PG20  26031.227690  -1616.261681   4721.669524    367.245786  1  2  1  44       
PG21 -16917.274642  19648.773255   1298.746321    100.409393  4  4  6  89       
PG22  24260.320350  10202.616009   2322.575255    -91.139392  4  5  3  60       
PG23 -12874.760362 -15076.308429  17830.976113    399.651116  5  7  5 105       
PG24  13654.533297 -22227.145249  -4140.564378   -466.138146  5  4  1  96       
PG25  -5099.142142 -16391.386920 -20690.486547    497.064240  5  5  4  93       
PG26 -26501.089431  -3707.858325    735.404955    -39.726496  4  5  7  46       
PG27 -14554.453038   4054.313080  21536.288188    -33.320046  5  4  4  86       
PG28 -16487.953313  -3249.824350 -20583.831079   -529.908386  5  5  4  77       
PG29  -3644.533928 -26132.374273  -2440.923414   -549.019556  6  6  8  84       
PG30  11812.051918  10565.347470  21470.728017   -243.860179  3  4  4  87       
PG31 -21157.355021   5283.166202 -15653.912082   -218.335507  5  5  5  66       
PG32 -15428.305048 -15501.355727 -14984.384653   -545.454593  4  6  4  92       
*  2025  1  8  7 30  0.00000000
PG01 -14864.328271  21107.570351  -6230.723273 999999.999999  9 13 10           
PG02 -13867.644589  22228.076750  -2309.546686   -272.977941  4  2  5  76       
PG03  -8176.466859  13068.396952 -21775.980392    641.869416  5  5  5 107       
PG04  -2461.894932  22728.128503 -13370.938882    508.655926  4  9  6  97       
PG05  21871.877904  -6347.539156  13548.055999   -198.395601  2  3  2  69       
PG06  15738.539038   3138.750231 -21117.233657   -103.307473  5  2  2 100       
PG07   -585.174880  20142.439613  17610.961926    -13.719310  5  4  1  75       
PG08  -9865.949810  13962.835831  20077.592529    456.429593  3  5  2  81       
PG09   5523.172140  25333.438156  -5687.724988    520.237592  4  4  6  94       
PG10 -22784.534214 -10562.822751   9383.986973   -267.797385  2  5  4  96       
PG11  20917.465763  -8125.053987 -14120.251345   -752.176853  1  4  4  80       
PG12  12062.228389 -11883.488202 -20743.902791   -563.204839  5  6  3 105       
PG13  14127.194566  -4777.076953  21733.011405    692.784112  2  5  2  96       
PG14  19999.386443  12966.797416  12013.431043    575.934657  3  5  3  68       
PG15   7563.378205 -15797.595695  19407.823334    249.134069  5  2  5  97       
PG16 -25014.623037   -167.394820   9210.846896    -83.145250  3  6  3  80       
PG17  12865.947265  20937.282336  -9395.535821    483.959208  2  7  5 101       
PG18   -637.567766 -18637.904980  18854.675240   -658.570173  5  7  5  88       
PG19  15658.272962  12784.314703 -17588.350637    583.648121  3  5  6  90       
PG20  26392.930039  -1330.630941   1899.815897    367.244935  1  2  2  42       
PG21 -17017.782211  19218.587807   4197.285883    100.411311  3  4  6  73       
PG22  23806.564443  10349.537966   5151.617763    -91.141255  4  5  3  48       
PG23 -10785.821676 -14773.251131  19385.608451    399.657902  5  7  6 107       
PG24  14101.510219 -22230.671651  -1339.445909   -466.134831  5  4  1  73       
PG25  -2797.467286 -16000.421861 -21412.105753    497.063734  5  5  4  91       
PG26 -26407.811595  -4010.889569  -2033.231127    -39.740050  3  5  7  46       
PG27 -15345.125251   1663.106265  21345.653045    -33.319610  5  4  5 100       
PG28 -14984.277283  -5115.786442 -21340.484615   -529.917221  5  5  4  72       
PG29  -3309.995266 -25762.594335  -5273.664202   -549.016790  6  6  8  88       
PG30  10167.503398  12350.379465  21334.392165   -243.852570  3  4  4  89       
PG31 -19998.828466   3841.438304 -17485.533474   -218.334909  5  5  5  84       
PG32 -15763.729450 -17093.338975 -12794.349330   -545.448507  4  6  5  66       
*  2025  1  8  7 45  0.00000000
PG01 -15427.408699  21340.955958  -3448.716287 999999.999999  8 12 10           
PG02 -14176.894380  22203.586083    578.716839   -272.969899  4  2  5  66       
PG03 -10546.746916  12647.337390 -20975.210600    641.876271  5  5  6  92       
PG04  -3193.042679  21225.353174 -15524.324297    508.661259  4  8  6  86       
PG05  23281.885066  -6026.172294  11172.774282   -198.396194  2  3  2  57       
PG06  14201.481625   5062.637227 -21808.549305   -103.331863  5  2  2  96       
PG07  -1880.961332  21461.137451  15773.200083    -13.718719  5  4  1  77       
PG08 -10923.052479  11821.514839  20923.589751    456.436777  2  5  3  83       
PG09   4986.250782  24696.354482  -8393.197529    520.251281  4  4  5  89       
PG10 -21604.354222 -10512.933511  11919.608228   -267.811822  3  6  4  96       
PG11  19906.579221  -6695.776006 -16180.787870   -752.176211  3  4  4  64       
PG12  14242.669170 -11305.346797 -19635.552498   -563.206838  5  6  3  88       
PG13  14721.481890  -2311.586878  21761.620919    692.784964  3  5  2  96       
PG14  18492.587803  12936.537350  14239.010173    575.941146  3  5  4  78       
PG15   8884.907098 -13803.031026  20335.360916    249.138133  5  2  5  96       
PG16 -25875.633984   -592.942340   6576.006994    -83.137023  3  6  4  42       
PG17  12935.526184  21943.116677  -6724.138288    483.943658  3  7  5  79       
PG18    778.827461 -20142.568449  17208.438996   -658.569132  5  7  5  87       
PG19  16034.546732  14618.145213 -15746.203963    583.652380  3  5  6  89       
PG20  26446.866680  -1054.948107   -954.972060    367.244944  2  3  3  43       
PG21 -16953.470123  18520.865319   7018.980722    100.412308  2  5  6  40       
PG22  23056.127032  10439.878607   7891.076429    -91.143080  5  5  3  82       
PG23  -8525.976480 -14567.686105  20610.119355    399.664659  5  7  6 105       
PG24  14376.433336 -21985.422648   1485.205866   -466.131403  5  3  1  80       
PG25   -417.188482 -15719.935512 -21778.088043    497.063230  5  5  4  78       
PG26 -26023.150502  -4295.223452  -4767.766349    -39.753589  3  5  6  79       
PG27 -16239.346316   -639.618886  20778.530867    -33.319144  4  4  6 104       
PG28 -13540.954458  -7109.435767 -21730.459714   -529.926056  5  6  4  86       
PG29  -2864.973796 -25108.117742  -8015.069154   -549.013662  6  6  8  93       
PG30   8631.664437  14187.295251  20835.294388   -243.845022  3  4  4  92       
PG31 -18795.302878   2196.865789 -19025.579491   -218.334201  5  5  5  66       
PG32 -16086.569853 -18420.410969 -10383.598412   -545.442398  4  6  5  74       
*  2025  1  8  8  0  0.00000000
PG01 -15774.475514  21358.120516   -607.335363 999999.999999  8 11 10           
PG02 -14317.723608  21912.330866   3456.830090   -272.961874  3  3  5  72       
PG03 -12828.687380  12371.175192 -19817.846153    641.883156  5  5  6  85       
PG04  -4091.200688  19552.342160 -17408.427775    508.666570  4  8  6  82       
PG05  24425.324776  -5794.203268   8604.264938   -198.396876  2  3  2  60       
PG06  12741.065031   7117.613974 -22122.603041   -103.356246  5  3  2  93       
PG07  -2987.030015  22665.999960  13668.276163    -13.718427  4  4  1  67       
PG08 -12117.543233   9671.578511  21402.909537    456.444019  3  5  4  60       
PG09   4285.411804  23821.090473 -10954.155251    520.264958  4  4  5  81       
PG10 -20151.786538 -10505.371879  14256.000235   -267.826205  3  6  5  93       
PG11  18839.085565  -5042.717575 -17961.377089   -752.175541  4  5  4  70       
PG12  16311.451889 -10864.717078 -18196.905021   -563.208751  5  6  2  76       
PG13  15440.550858     98.327442  21407.862114    692.786276  4  5  2  84       
PG14  16750.416325  12955.658380  16222.943050    575.947644  2  5  4  87       
PG15  10346.653267 -11801.186312  20895.642922    249.142103  5  2  4  95       
PG16 -26458.473524   -916.122840   3829.770168    -83.128576  3  6  4  73       
PG17  12944.938751  22650.712668  -3934.120850    483.928232  4  7  5  92       
PG18   1993.167316 -21557.525178  15264.196586   -658.568090  5  7  4  92       
PG19  16436.865298  16218.771955 -13640.537132    583.656537  4  5  6  87       
PG20  26192.955189   -752.332558  -3793.176865    367.244350  2  3  4  55       
PG21 -16763.016480  17548.617217   9713.026750    100.413463  2  5  6  72       
PG22  22016.020573  10511.937488  10494.007149    -91.144917  5  6  3  71       
PG23  -6138.079887 -14481.524522  21483.152088    399.671457  4  7  6  97       
PG24  14508.207437 -21471.770687   4283.516205   -466.128025  4  3  1  85       
PG25   1997.148475 -15560.390606 -21781.803026    497.062754  5  5  4  87       
PG26 -25352.448208  -4595.374214  -7422.450539    -39.767140  3  5  6  72       
PG27 -17211.963332  -2811.197153  19846.484652    -33.318709  4  5  6  98       
PG28 -12191.036323  -9194.947152 -21747.058625   -529.934854  5  6  4  79       
PG29  -2279.559629 -24194.336398 -10617.774941   -549.010662  6  5  8  99       
PG30   7227.914506  16036.297959  19981.044357   -243.837463  4  5  4  94       
PG31 -17586.991124    366.533869 -20248.121705   -218.333350  5  5  6  80       
PG32 -16357.923374 -19470.594043  -7794.289597   -545.436330  4  6  5  62       
*  2025  1  8  8 15  0.00000000
PG01 -15931.248994  21132.164475   2244.502487 999999.999999  8 11 10           
PG02 -14325.719521  21340.700415   6274.428445   -272.953318  3  4  5  20       
PG03 -14974.611773  12228.325556 -18323.001312    641.890059  5  5  6  78       
PG04  -5164.139717  17753.697783 -18990.817376    508.671917  4  7  6  89       
PG05  25278.652505  -5618.275488   5887.258025   -198.398173  3  2  2  47       
PG06  11390.715432   9264.522959 -22053.542818   -103.380634  5  3  3  99       
PG07  -3906.785310  23714.271556  11330.173907    -13.717790  4  4  1  73       
PG08 -13432.444200   7559.026324  21508.438453    456.451294  3  6  5  70       
PG09   3400.788661  22742.343743 -13326.739030    520.278665  4  4  5  93       
PG10 -18452.966633 -10574.449159  16354.285650   -267.840726  4  6  5  95       
PG11  17757.223233  -3182.745561 -19431.243924   -752.174885  4  5  4  72       
PG12  18224.795476 -10549.187467 -16451.522106   -563.210887  4  5  2  95       
PG13  16265.069732   2405.512964  20678.817889    692.787358  4  5  3  79       
PG14  14803.073881  13052.662260  17931.300203    575.954208  3  5  4  93       
PG15  11926.494418  -9836.601422  21078.522588    249.146179  5  2  4  87       
PG16 -26746.771225  -1170.562938   1018.969172    -83.120205  4  6  4  57       
PG17  12856.039995  23062.796308  -1074.989798    483.912931  4  6  5  92       
PG18   3004.359730 -22837.072845  13055.176834   -658.567047  4  7  4  88       
PG19  16828.508463  17565.544169 -11306.839894    583.660961  5  6  5  97       
PG20  25639.999248   -386.841883  -6565.472857    367.244846  3  4  5  52       
PG21 -16487.419653  16303.993363  12231.799145    100.414563  2  6  5  53       
PG22  20701.843952  10602.791131  12916.321983    -91.146808  5  6  4  67       
PG23  -3669.108767 -14529.215002  21989.232672    399.678216  4  6  5  93       
PG24  14529.796370 -20678.007128   7005.556000   -466.124595  4  3  1  51       
PG25   4399.559218 -15524.667014 -21422.428183    497.062256  5  4  4  86       
PG26 -24408.835320  -4944.426367  -9952.964853    -39.780682  3  6  6  71       
PG27 -18231.791325  -4814.759925  18567.483695    -33.318246  4  5  6  92       
PG28 -10961.316679 -11331.372722 -21389.987471   -529.943673  5  6  3  81       
PG29  -1529.455357 -23053.601482 -13036.915431   -549.007971  6  5  8  74       
PG30   5972.622559  17854.620076  18785.302429   -243.829943  4  5  4  85       
PG31 -16411.308124  -1625.023752 -21132.319025   -218.332719  5  5  6  86       
PG32 -16538.583423 -20240.742254  -5071.370602   -545.430243  4  6  5  88       
*  2025  1  8  8 30  0.00000000
PG01 -15928.997571  20643.082920   5057.707726 999999.999999  8 11 10           
PG02 -14239.532277  20483.681413   8982.832698   -272.945270  2  5  5  59       
PG03 -16940.436054  12199.445755 -16515.553807    641.896915  5  4  6  82       
PG04  -6411.387250  15876.128736 -20244.379282    508.677207  4  6  5  70       
PG05  25826.780850  -5461.755812   3068.858235   -198.399031  3  3  3  58       
PG06  10177.008355  11459.001368 -21602.185537   -103.405057  5  3  3 107       
PG07  -4651.199709  24565.772747   8797.356334    -13.717515  3  3  1  80       
PG08 -14843.573597   5526.433834  21239.712507    456.458558  3  6  5  79       
PG09   2319.724609  21499.531640 -15470.434890    520.292329  4  4  4  83       
PG10 -16541.080650 -10749.538355  18179.483943   -267.855279  4  5  5  93       
PG11  16700.692771  -1140.804595 -20565.023428   -752.174271  5  5  5  81       
PG12  19942.722336 -10339.231142 -14428.149511   -563.213040  4  5  2  82       
PG13  17168.562369   4567.392616  19588.216530    692.788775  5  4  3  81       
PG14  12686.763300  13250.645400  19334.706053    575.960764  2  5  4  90       
PG15  13595.252089  -7950.089484  20880.993819    249.150384  5  2  4  89       
PG16 -26732.342635  -1392.408450  -1808.953505    -83.111440  4  6  4  75       
PG17  12633.006698  23191.095652   1802.966680    483.897121  4  6  4  97       
PG18   3819.775235 -23937.666506  10619.351883   -658.565982  5  6  4  87       
PG19  17170.579646  18645.848362  -8784.241333    583.664858  6  6  5  90       
PG20  24805.363723     74.911385  -9223.609349    367.244253  4  5  5  67       
PG21 -16168.126295  14798.215474  14531.744674    100.415649  2  6  5  37       
PG22  19137.200784  10746.704474  15117.493342    -91.148599  5  5  4  73       
PG23  -1168.569133 -14717.118267  22119.065420    399.685020  4  6  6  89       
PG24  14476.757251 -19601.037424   9602.322588   -466.121178  4  3  1  72       
PG25   6744.126396 -15607.935260 -20705.010903    497.061747  5  4  3  90       
PG26 -23212.777184  -5372.621938 -12317.094749    -39.794249  2  6  6  92       
PG27 -19262.870119  -6620.426241  16965.459117    -33.317814  4  5  6 104       
PG28  -9871.407271 -13474.050143 -20665.361859   -529.952507  5  6  3  81       
PG29   -597.113341 -21723.965858 -15230.899225   -549.004643  6  5  8  87       
PG30   4874.643980  19598.022976  17267.615463   -243.822380  5  5  4  80       
PG31 -15301.508415  -3746.528479 -21662.761340   -218.331911  5  5  6  76       
PG32 -16590.672595 -20736.448770  -2261.780828   -545.424164  4  6  5  56       
*  2025  1  8  8 45  0.00000000
PG01 -15803.167209  19878.661684   7783.865090 999999.999999  9 11 10           
PG02 -14099.154997  19345.070781  11535.890974   -272.937245  2  5  5  49       
PG03 -18687.200923  12258.251228 -14425.774871    641.903817  4  4  6  62       
PG04  -7824.083273  13966.726594 -21147.775274    508.682534  4  6  5  77       
PG05  26063.551861  -5286.352241    197.710637   -198.400107  4  3  3  23       
PG06   9118.729412  13653.033323 -20776.028882   -103.429453  5  3  3  95       
PG07  -5238.297880  25184.484368   6112.234348    -13.716978  3  3  2  58       
PG08 -16320.429460   3611.483279  20602.829483    456.465851  3  6  6  90       
PG09   1037.443602  20135.270703 -17348.749543    520.306048  5  4  4  92       
PG10 -14455.261752 -11053.853347  19701.038643   -267.869750  4  5  5  88       
PG11  15705.122643   1050.852425 -21343.201282   -752.173675  6  6  5  86       
PG12  21430.442786 -10209.041281 -12160.308783   -563.215046  4  5  1  71       
PG13  18118.466272   6547.413916  18156.112323    692.789886  6  5  4  64       
PG14  10442.488290  13566.292559  20408.841733    575.967426  2  5  5  87       
PG15  15317.755719  -6177.226390  20307.231284    249.154422  5  3  4  84       
PG16 -26415.413436  -1618.761999  -4606.695809    -83.102986  4  6  4  74       
PG17  12243.900463  23055.675815   4649.615501    483.881592  4  6  4 100       
PG18   4454.781208 -24819.603547   7998.787639   -658.564970  5  6  4  84       
PG19  17423.553229  19455.406511  -6114.905195    583.668902  6  7  4  97       
PG20  23714.323510    662.240135 -11721.279348    367.243800  4  6  6  63       
PG21 -15845.204580  13051.136828  16574.123599    100.416649  2  6  5  51       
PG22  17352.831761  10973.686890  17061.166893    -91.150459  6  5  4  66       
PG23   1313.198602 -15043.199031  21869.731816    399.691792  5  6  5  87       
PG24  14385.650501 -18246.736834  12026.735010   -466.117750  4  2  1  73       
PG25   8986.515565 -15797.819672 -19640.454726    497.061245  5  5  3  82       
PG26 -21791.367777  -5906.059287 -14475.368919    -39.807821  3  6  5  82       
PG27 -20265.904743  -8206.196498  15069.759810    -33.317386  4  6  6 104       
PG28  -8933.100777 -15576.161649 -19585.603872   -529.961357  5  6  3  89       
PG29    527.395587 -20247.721646 -17162.122518   -549.001571  6  6  8  88       
PG30   3935.108154  21222.377362  15453.151486   -243.814834  5  5  3  67       
PG31 -14285.479734  -5960.910594 -21829.745215   -218.331191  5  5  6  82       
PG32 -16479.217236 -20971.630028    586.360451   -545.418146  5  6  5  78       
*  2025  1  8  9  0  0.00000000
PG01 -15591.857946  18835.081895  10376.068069 999999.999999  9 11 10           
PG02 -13944.197094  17937.348225  13890.731883   -272.929112  3  5  5  36       
PG03 -20182.426710  12372.611823 -12088.865887    641.910687  4  4  6  53       
PG04  -9385.171551  12071.244837 -21685.792761    508.687919  5  6  4  87       
PG05  25991.873826  -5053.787960  -2676.846184   -198.401108  5  4  4  56       
PG06   8226.249427  15796.658422 -19589.141449   -103.453911  5  3  4  95       
PG07  -5692.350841  25540.023929   3320.529240    -13.716398  2  3  2  64       
PG08 -17827.322819   1845.712459  19610.241483    456.473127  4  7  6  76       
PG09   -442.585606  18693.752908 -18929.810947    520.319713  5  5  4  88       
PG10 -12239.280386 -11503.459192  20893.286081   -267.884266  4  5  5  94       
PG11  14800.708793   3353.719616 -21752.449020   -752.172968  6  6  5  81       
PG12  22659.567356 -10127.617108  -9685.808029   -563.216801  4  5  1  80       
PG13  19077.437032   8316.243276  16408.451010    692.791120  6  5  5  57       
PG14   8114.674827  14009.118829  21134.873645    575.973978  2  4  5  91       
PG15  17054.170092  -4547.080255  19368.460038    249.158701  5  3  4  83       
PG16 -25804.548187  -1886.110074  -7327.816722    -83.094598  5  6  4  50       
PG17  11662.057675  22683.965792   7415.878264    483.866275  4  5  4  94       
PG18   4931.955708 -25448.578377   5238.910133   -658.563975  5  6  3  87       
PG19  17548.852924  19998.279802  -3343.386673    583.673291  6  6  3  93       
PG20  22399.110961   1399.022578 -14014.956146    367.243974  5  6  6  65       
PG21 -15555.642937  11090.465028  18325.592722    100.418488  3  6  5  57       
PG22  15385.501821  11308.243969  18715.679241    -91.152327  6  5  4  63       
PG23   3726.754246 -15497.050077  21244.786836    399.698580  5  5  5  99       
PG24  14292.394296 -16629.941278  14234.615611   -466.114329  4  2  1  85       
PG25  11085.449875 -16074.849908 -18245.425743    497.060745  5  5  3  91       
PG26 -20177.396649  -6565.548733 -16391.658677    -39.821411  3  6  5  71       
PG27 -21199.826731  -9558.521946  12914.527244    -33.316937  4  6  5 108       
PG28  -8150.045193 -17590.384786 -18169.232019   -529.970179  5  6  3  82       
PG29   1845.815240 -18669.791400 -18797.605250   -548.998278  6  6  8  79       
PG30   3147.508638  22685.266130  13372.332840   -243.807309  5  5  4  73       
PG31 -13384.736022  -8226.483285 -21629.476567   -218.330317  5  5  5  68       
PG32 -16173.604844 -20967.808485   3424.565377   -545.412091  5  5  5  76       
*  2025  1  8  9 15  0.00000000
PG01 -15334.207368  17517.209160  12789.726492 999999.999999 10 11 10           
PG02 -13812.220007  16281.224994  16008.420338   -272.921072  3  6  5  28       
PG03 -21401.238310  12505.889519  -9544.405596    641.917581  4  5  5  74       
PG04 -11069.917632  10232.447526 -21849.582683    508.693278  5  5  4  84       
PG05  25623.521507  -4727.465930  -5505.624384   -198.401551  5  4  4  76       
PG06   7501.239831  17839.770087 -18061.931638   -103.478330  5  3  4 108       
PG07  -6042.801244  25608.950042    470.531901    -13.715962  2  2  3  45       
PG08 -19324.710667    253.525858  18280.438516    456.480411  4  7  6  84       
PG09  -2108.604718  17219.081365 -20186.885506    520.333335  6  5  4  92       
PG10  -9940.072878 -12106.548386  21735.861300   -267.898844  4  4  5  87       
PG11  14011.081032   5724.338132 -21785.848381   -752.172266  7  6  5 105       
PG12  23609.100400 -10060.064422  -7046.174227   -563.218909  4  5  1  57       
PG13  20004.842533   9852.662742  14376.533849    692.792122  6  5  5  68       
PG14   5749.663174  14580.990432  21499.799926    575.980533  2  4  5  75       
PG15  18761.524102  -3081.235717  18082.661807    249.162616  5  3  4  78       
PG16 -24916.292907  -2228.794728  -9927.421307    -83.086190  5  6  4  49       
PG17  10867.254539  22109.525244  10054.576160    483.851051  4  5  4  90       
PG18   5280.010974 -25797.043107   2387.700971   -658.562960  5  5  3  90       
PG19  17510.406300  20286.578411   -515.956519    583.677017  6  6  2  90       
PG20  20897.699296   2302.557868 -16064.680466    367.243657  5  6  6  85       
PG21 -15331.842142   8950.697716  19758.629539    100.419605  4  6  5  89       
PG22  13276.689974  11768.366424  20054.479351    -91.154266  6  4  4  79       
PG23   6025.267561 -16060.251158  20254.248051    399.705382  5  4  5  96       
PG24  14230.637343 -14774.065021  16185.628208   -466.110885  4  2  1  82       
PG25  13004.091891 -16413.190149 -16542.175036    497.060286  5  5  4  84       
PG26 -18408.221279  -7365.664882 -18033.732514    -39.834983  3  6  4  82       
PG27 -22023.411427 -10672.537522  10538.007787    -33.316510  5  6  5 105       
PG28  -7517.741694 -19470.572226 -16440.547420   -529.979039  5  6  3  86       
PG29   3351.460066 -17036.036408 -20109.540510   -548.995473  7  6  7  87       
PG30   2498.096619  23947.548618  11060.369385   -243.799745  5  6  4  61       
PG31 -12613.647582 -10498.299346 -21064.194933   -218.329890  5  5  5  72       
PG32 -15648.871407 -20753.126191   6204.775670   -545.406000  6  5  4  94       
*  2025  1  8  9 30  0.00000000
PG01 -15068.744289  15938.555847  14983.333212 999999.999999 11 11 10           
PG02 -13737.197831  14404.897247  17854.511748   -272.912753  4  5  5  73       
PG03 -22327.215103  12618.469100  -6835.713635    641.924434  5  4  5  90       
PG04 -12846.731918   8488.591259 -21636.783015    508.698568  4  5  4  90       
PG05  24978.611687  -4274.059807  -8240.414388   -198.402813  6  3  4  22       
PG06   6936.740521  19733.932965 -16220.798379   -103.502770  5  3  4 107       
PG07  -6322.953873  25375.833556  -2387.733693    -13.715479  1  2  3  84       
PG08 -20770.672767  -1148.500097  16637.535468    456.487698  4  7  5  80       
PG09  -3940.840871  15753.628853 -21098.805253    520.346974  6  5  4  89       
PG10  -7606.158032 -12863.009638  22214.036586   -267.913342  4  4  5  89       
PG11  13352.440066   8115.790371 -21443.001361   -752.171558  7  6  5 100       
PG12  24266.174962  -9969.065497  -4286.011217   -563.221051  4  5  1  61       
PG13  20858.383921  11144.139349  12096.395671    692.793461  6  5  5  63       
PG14   3394.125065  15275.945119  21496.707576    575.987068  2  4  5  84       
PG15  20395.369856  -1793.152337  16474.131173    249.166741  5  4  4  66       
PG16 -23774.549386  -2677.581542 -12362.805804    -83.077817  5  6  4  76       
PG17   9846.606938  21370.607771  12521.206567    483.835002  4  4  4  81       
PG18   5532.469112 -25845.317723   -505.162696   -658.561968  5  4  3  99       
PG19  17276.121187  20339.887212   2320.101541    583.680951  6  6  2  94       
PG20  19252.370436   3382.684902 -17834.781942    367.242904  5  6  6  90       
PG21 -15200.354012   6671.829920  20851.804537    100.420322  4  6  5  76       
PG22  11071.134359  12364.786907  21056.455089    -91.155938  6  4  3  79       
PG23   8166.138173 -16707.052691  18914.474244    399.712137  5  4  4  94       
PG24  14230.225166 -12710.355387  17844.142958   -466.107456  4  2  1  83       
PG25  14711.282263 -16781.625614 -14558.273350    497.059818  5  5  4  92       
PG26 -16524.483373  -8314.029319 -19373.760619    -39.848569  3  6  4  69       
PG27 -22696.887020 -11551.959461   7981.820568    -33.316084  6  6  5  95       
PG28  -7023.865685 -21173.396731 -14429.221180   -529.987876  5  6  3  82       
PG29   5029.302182 -15391.548124 -21075.749092   -548.992370  7  6  7 102       
PG30   1966.566454  24974.824931   8556.695599   -243.792215  6  5  3  80       
PG31 -11978.939132 -12729.645978 -20142.213760   -218.329178  4  5  5  64       
PG32 -14886.773303 -20361.130237   8880.136498   -545.399873  6  5  4  85       
*  2025  1  8  9 45  0.00000000
PG01 -14831.776917  14120.917579  16919.176691 999999.999999 11 11 10           
PG02 -13748.156763  12343.041895  19399.504011   -272.904476  4  5  5  88       
PG03 -22952.930295  12669.424788  -4009.138138    641.931362  5  4  5  73       
PG04 -14678.264404   6872.098022 -21051.527806    508.703921  4  5  4  88       
PG05  24084.777809  -3664.971074 -10834.782722   -198.403945  6  3  4  60       
PG06   6517.578028  21434.147357 -14097.669442   -103.527193  5  3  3 112       
PG07  -6568.478302  24834.040074  -5203.429882    -13.714811  1  1  3  88       
PG08 -22122.472687  -2351.998351  14710.775791    456.494925  5  7  5  91       
PG09  -5912.089703  14336.480897 -21650.299984    520.360608  6  5  4  97       
PG10  -5285.995388 -13764.306598  22318.987855   -267.927963  4  4  5  96       
PG11  12832.998084  10479.330303 -20730.024784   -752.170889  7  6  5 109       
PG12  24626.496977  -9816.465639  -1452.289370   -563.222931  4  4  1  72       
PG13  21595.776881  12187.051407   9608.113177    692.794548  6  6  4  80       
PG14   1093.464059  16080.322180  21124.933758    575.993589  3  4  5  92       
PG15  21911.496505   -687.878984  14572.899949    249.170872  5  4  4  64       
PG16 -22409.706754  -3258.370794 -14594.059731    -83.069348  6  6  4  72       
PG17   8595.177237  20508.582482  14774.641351    483.820153  5  4  3  86       
PG18   5726.143308 -25582.403090  -3389.206451   -658.560861  5  4  3  92       
PG19  16819.231866  20184.426412   5117.213851    583.685146  6  5  3  93       
PG20  17508.124699   4641.200903 -19294.520132    367.242979  5  5  5  96       
PG21 -15180.904324   4297.896420  21589.913941    100.421078  4  5  5  90       
PG22   8815.287671  13100.524721  21706.167948    -91.157821  5  4  3  87       
PG23  10112.462926 -17405.361413  17247.932107    399.718942  5  3  4  89       
PG24  14315.832145 -10476.813334  19179.999692   -466.104024  4  2  1  91       
PG25  16182.587952 -17144.776412 -12326.254936    497.059328  5  5  4  86       
PG26 -14568.712741  -9410.850062 -20388.763972    -39.862147  4  6  3  75       
PG27 -23183.474230 -12208.661929   5290.197716    -33.315589  6  6  5  92       
PG28  -6648.898326 -22659.898535 -12169.789562   -529.996751  6  6  3  87       
PG29   6856.384707 -13778.988556 -21680.033196   -548.988983  7  6  7  99       
PG30   1527.010167  25738.741209   5904.317984   -243.784711  6  5  3  84       
PG31 -11479.478245 -14873.627234 -18877.871227   -218.328458  4  5  4  81       
PG32 -13876.607377 -19829.378254  11405.736415   -545.393735  6  5  4  85       
*  2025  1  8 10  0  0.00000000
PG01 -14655.878346  12093.697628  18563.987347 999999.999999 12 12 10           
PG02 -13868.037425  10135.599951  20619.189699   -272.896042  5  5  5  81       
PG03 -23280.155255  12618.259317  -1113.277225    641.938306  5  4  5  57       
PG04 -16522.727406   5408.468396 -20104.343820    508.709254  3  5  4  80       
PG05  22976.078174  -2877.598364 -13244.828614   -198.404593  6  4  4  58       
PG06   6221.117417  22900.490359 -11729.435611   -103.551615  5  4  3  98       
PG07  -6815.782383  23986.178183  -7925.889282    -13.714619  1  1  3  83       
PG08 -23338.142315  -3356.872473  12533.965516    456.502142  6  7  5  65       
PG09  -7988.583602  13002.021295 -21832.230924    520.374256  6  5  5  81       
PG10  -3026.341390 -14793.674187  22047.983788   -267.942572  4  4  5  92       
PG11  12452.743666  12766.086746 -19659.430321   -752.170203  8  6  5 110       
PG12  24694.476719  -9564.917556   1406.424990   -563.224824  4  4  1  80       
PG13  22176.426293  12986.570151   6955.060045    692.795514  6  6  3  54       
PG14  -1109.741313  16973.200724  20390.125768    576.000095  3  3  5  69       
PG15  23267.622843    237.871704  12414.051863    249.174922  5  4  4  12       
PG16 -20857.562373  -3991.093092 -16584.622788    -83.061070  6  6  4  75       
PG17   7116.272730  19566.278037  16777.740267    483.804435  5  4  3  77       
PG18   5899.486551 -25006.462283  -6214.076494   -658.559872  5  3  3  87       
PG19  16119.466549  19851.974914   7828.253592    583.688867  6  4  3  86       
PG20  15710.996250   6071.603972 -20418.632202    367.242575  5  5  5  83       
PG21 -15285.722311   1875.413456  21963.988702    100.422509  4  5  5  91       
PG22   6555.738682  13970.727762  21994.000200    -91.159864  5  5  3  81       
PG23  11834.292701 -18117.992959  15282.851533    399.725709  4  3  4  83       
PG24  14505.824219  -8116.826245  20169.144780   -466.100579  4  2  2  87       
PG25  17401.117501 -17464.499353  -9883.168737    497.058827  5  5  3  79       
PG26 -12583.866316 -10648.736110 -21061.002431    -39.875718  3  6  3  67       
PG27 -23450.801061 -12661.958314   2509.212174    -33.315014  7  6  5  85       
PG28  -6367.043860 -23896.875951  -9701.065126   -530.005567  6  6  4  67       
PG29   8802.544144 -12237.042734 -21912.425219   -548.986149  7  6  6  75       
PG30   1149.106238  26218.081497   3149.081864   -243.777149  6  5  3  75       
PG31 -11106.367270 -16884.778945 -17291.386478   -218.327900  4  5  4  86       
PG32 -12615.751962 -19197.916800  13739.304894   -545.387606  7  5  4  82       
*  2025  1  8 10 15  0.00000000
PG01 -14568.528280   9892.944913  19889.506761 999999.999999 12 12 10           
PG02 -14112.813636   7826.397231  21494.912975   -272.887853  5  5  5  79       
PG03 -23319.717046  12426.647640   1801.853650    641.945215  5  4  5  68       
PG04 -18335.394269   4115.474680 -18811.938731    508.714579  3  5  5  78       
PG05  21691.681275  -1896.372859 -15429.889175   -198.405961  6  4  4  66       
PG06   6018.317582  24099.568139  -9157.291527   -103.576077  5  4  2  92       
PG07  -7100.325003  22844.180852 -10505.639696    -13.714181  1  1  3  83       
PG08 -24378.030344  -4171.043311  10144.851017    456.509325  7  7  4  85       
PG09 -10131.111877  11778.712085 -21641.723910    520.387925  6  5  5  86       
PG10   -870.660786 -15926.629909  21404.492440   -267.957177  4  4  5  85       
PG11  12203.538859  14928.773821 -18249.893037   -752.169592  8  6  5  96       
PG12  24483.036609  -9179.520462   4240.790005   -563.226831  4  4  1  65       
PG13  22563.029538  13556.208657   4183.125066    692.796726  7  6  2  66       
PG14  -3177.192618  17927.133172  19304.195398    576.006671  3  3  5  58       
PG15  24424.996446    995.301902  10036.951985    249.178944  5  4  4  21       
PG16 -19158.069597  -4888.824395 -18301.794873    -83.052334  6  5  4  73       
PG17   5421.432598  18586.313049  18497.875967    483.789095  5  3  3  87       
PG18   6090.875771 -24124.949475  -8930.457704   -658.558866  5  3  3  86       
PG19  15163.992705  19378.592377  10407.283817    583.692821  6  4  4  99       
PG20  13906.341972   7659.170332 -21187.776669    367.242357  5  5  5  94       
PG21 -15519.184922   -548.217884  21971.197307    100.423238  4  5  5  92       
PG22   4337.654454  14962.810947  21916.219266    -91.161609  5  5  3  79       
PG23  13309.627906 -18804.144994  13052.772330    399.732467  4  3  3  91       
PG24  14811.405950  -5677.574370  20794.121400   -466.097118  4  2  3  83       
PG25  18358.067465 -17701.429686  -7270.036919    497.058340  5  4  3  75       
PG26 -10611.852578 -12012.796800 -21378.295908    -39.889289  3  5  3  82       
PG27 -23472.143595 -12937.622007   -313.993827    -33.314552  7  6  5  89       
PG28  -6147.396997 -24858.065851  -7065.473525   -530.014403  6  6  4  83       
PG29  10831.412956 -10799.041356 -21769.329509   -548.982971  7  5  6  80       
PG30    799.497430  26399.599122    338.869447   -243.769638  6  5  3  81       
PG31 -10843.341404 -18720.657857 -15408.616996   -218.327007  4  5  4  57       
PG32 -11109.912222 -18507.689162  15841.860462   -545.381516  7  4  4  87       
*  2025  1  8 10 30  0.00000000
PG01 -14590.963715   7560.142222  20872.970260 999999.999999 12 12 11           
PG02 -14490.890627   5461.654955  22013.737184   -272.879759  4  5  4  83       
PG03 -23091.010826  12060.115781   4685.694556    641.952155  6  4  5  43       
PG04 -20070.215814   3002.662234 -17196.886532    508.719897  3  4  5  68       
PG05  20274.379113   -713.522904 -17353.184430   -198.406539  7  4  4  69       
PG06   5875.046959  25005.721351  -6425.996132   -103.600564  5  5  2  88       
PG07  -7454.943227  21429.003743 -12895.441786    -13.713405  1  1  3  70       
PG08 -25206.258516  -4809.897728   7584.453409    456.516494  7  7  4  71       
PG09 -12296.350628  10688.112381 -21082.201474    520.401583  6  4  5  73       
PG10   1142.350007 -17131.786905  20398.199972   -267.971711  4  4  5  91       
PG11  12069.543220  16923.342828 -16525.913457   -752.168934  8  6  5 109       
PG12  24013.096746  -8629.388906   7001.545811   -563.229212  4  3  1  55       
PG13  22723.048425  13917.062308   1339.908822    692.798068  7  6  2  79       
PG14  -5076.168531  18909.149333  17885.164946    576.013209  4  2  5  60       
PG15  25349.834397   1602.788747   7484.416262    249.183047  5  4  4  47       
PG16 -17353.954374  -5957.148407 -19717.197646    -83.043865  6  6  4  78       
PG17   3530.111559  17609.474091  19907.369612    483.774069  6  3  3  84       
PG18   6336.902288 -22954.380485 -11490.972266   -658.557771  5  3  4  90       
PG19  13948.103333  18803.183352  12810.298461    583.697105  6  3  4  83       
PG20  12137.172153   9381.363153 -21588.865068    367.241945  5  5  4 100       
PG21 -15877.771560  -2926.288535  21614.660291    100.424547  3  5  5  95       
PG22   2203.295222  16056.880905  21474.964255    -91.163255  5  5  3  80       
PG23  14525.111293 -19421.034836  10595.987673    399.739269  5  3  3  78       
PG24  15236.091145  -3208.283911  21044.399012   -466.093673  5  2  3  80       
PG25  19052.972572 -17816.607147  -4531.223027    497.057842  5  4  3  49       
PG26  -8692.092972 -13481.026368 -21334.272440    -39.902836  3  5  3  66       
PG27 -23227.452271 -13066.689359  -3131.968450    -33.314108  7  6  5  88       
PG28  -5955.314839 -25525.068601  -4308.326994   -530.023276  6  6  4  80       
PG29  12901.663152  -9491.804523 -21253.556709   -548.979783  7  5  6  73       
PG30    443.303401  26278.550204  -2477.256341   -243.762139  6  5  3  87       
PG31 -10667.464391 -20343.345396 -13260.714121   -218.326359  4  5  4  79       
PG32  -9373.063367 -17798.930219  17678.303421   -545.375463  6  4  4  80       
*  2025  1  8 10 45  0.00000000
PG01 -14737.283147   5140.790854  21497.494942 999999.999999 13 12 11           
PG02 -15002.795313   3088.443638  22168.529753   -272.871751  4  5  4  96       
PG03 -22621.182773  11489.586531   7488.038288    641.959087  6  4  5  60       
PG04 -21681.492400   2071.175297 -15287.217279    508.725187  4  4  5  64       
PG05  18768.984654    670.458691 -18982.394736   -198.407971  7  4  4  94       
PG06   5753.605975  25601.935753  -3583.067599   -103.625043  4  5  1  98       
PG07  -7908.271865  19769.942677 -15051.307936    -13.713102  2  1  3  75       
PG08 -25792.034429  -5295.466062   4896.371543    456.523733  8  6  4  69       
PG09 -14438.352723   9744.171388 -20163.314413    520.415268  6  4  5  73       
PG10   2980.073134 -18371.944823  19044.936341   -267.986330  4  4  5  91       
PG11  12027.946820  18710.512366 -14517.380020   -752.168217  7  5  5 106       
PG12  23312.752456  -7889.086911   9640.394155   -563.231052  4  3  1  48       
PG13  22629.996423  14096.775853  -1526.086704    692.799236  7  5  3  85       
PG14  -6780.612589  19881.995449  16156.903906    576.019763  4  2  4  66       
PG15  26014.550633   2084.867598   4801.846028    249.187104  6  4  3  54       
PG16 -15489.246035  -7193.786973 -20807.185852    -83.035278  6  6  4  67       
PG17   1469.078587  16673.198076  20983.838114    483.758725  5  3  2  87       
PG18   6670.739176 -21519.754187 -13851.039740   -658.556727  5  4  4  93       
PG19  12475.615149  18165.953178  14995.951984    583.700989  6  3  4  98       
PG20  10442.589258  11208.556200 -21615.276094    367.241818  6  4  4 103       
PG21 -16350.314605  -5214.286272  20903.193471    100.425302  3  5  5  94       
PG22    190.650118  17226.428183  20678.159337    -91.165239  5  5  3  84       
PG23  15476.388209 -19925.637745   7954.892163    399.746016  4  4  3  64       
PG24  15775.519618   -758.406974  20916.534562   -466.090194  5  2  3  79       
PG25  19493.642420 -17773.124743  -1713.714933    497.057327  5  3  2  59       
PG26  -6860.171689 -15024.964628 -20928.536769    -39.916433  3  5  3  71       
PG27 -22704.132199 -13084.093094  -5897.688834    -33.313698  8  6  5  90       
PG28  -5753.939848 -25887.981710  -1477.046795   -530.032137  6  6  4 102       
PG29  14968.443033  -8334.748670 -20374.251979   -548.976931  8  5  5  81       
PG30     45.706895  25858.903643  -5249.945341   -243.754653  6  5  3  79       
PG31 -10550.101745 -21720.807282 -10883.675560   -218.325639  4  5  5  78       
PG32  -7427.095331 -17109.605424  19217.947957   -545.369395  6  4  4  88       
*  2025  1  8 11  0  0.00000000
PG01 -15013.838961   2682.845521  21752.366817 999999.999999 13 12 10           
PG02 -15641.161526    753.132895  21957.971079   -272.863412  3  5  3  91       
PG03 -21944.012878  10692.727735  10159.934629    641.966091  6  4  5  82       
PG04 -23125.537974   1313.911036 -13115.919551    508.730489  5  4  5  80       
PG05  17220.672833   2246.660331 -20290.164378   -198.408733  7  4  4  88       
PG06   5614.394035  25880.422246   -677.929038   -103.649511  4  5  1  93       
PG07  -8483.331897  17903.592222 -16933.468965    -13.712699  3  1  3  68       
PG08 -26110.776405  -5655.363559   2126.064651    456.530971  7  6  4  89       
PG09 -16510.142649   8952.820761 -18900.774643    520.428914  6  4  5  66       
PG10   4617.062919 -19605.424133  17366.503322   -268.000950  4  3  5  84       
PG11  12049.982249  20257.118526 -12259.040416   -752.167549  7  5  4 100       
PG12  22416.171162  -6939.866428  12110.883031   -563.233099  4  3  1  58       
PG13  22264.496223  14128.281114  -4366.262526    692.800261  7  5  3  82       
PG14  -8271.967615  20805.562583  14148.757455    576.026292  5  1  4  76       
PG15  26398.726943   2470.989930   2036.350789    249.191225  6  4  3  66       
PG16 -13607.769992  -8588.511364 -21553.206140    -83.026726  6  5  4  76       
PG17   -728.442149  15810.209733  21710.455432    483.743152  6  3  2  94       
PG18   7120.652828 -19853.648714 -15969.680496   -658.555661  5  4  5  90       
PG19  10758.958768  17506.810409  16926.267247    583.705398  6  4  4  93       
PG20   8856.396131  13105.042820 -21266.949440    367.241993  6  4  3  93       
PG21 -16918.522616  -7371.282901  19850.995224    100.426265  4  4  4  95       
PG22  -1667.762992  18439.260545  19539.358142    -91.166968  6  5  3  79       
PG23  16168.117465 -20276.456816   5175.245048    399.752770  5  4  3  57       
PG24  16417.624905   1624.188914  20414.164788   -466.086691  5  3  4  78       
PG25  19695.779253 -17537.734801   1133.669054    497.056786  5  3  2  37       
PG26  -5146.623495 -16610.614926 -20166.753043    -39.930010  3  5  3  75       
PG27 -21897.554992 -13027.177992  -8565.271368    -33.313323  8  5  6  95       
PG28  -5505.814314 -25945.717630   1379.652099   -530.041012  6  6  4  93       
PG29  16984.952420  -7339.288455 -19146.719851   -548.973882  8  5  5  87       
PG30   -426.452034  25153.215247  -7930.472117   -243.747126  5  5  3  86       
PG31 -10458.139693 -22828.053336  -8317.796080   -218.324962  5  4  5  83       
PG32  -5301.172459 -16473.948898  20434.989095   -545.363368  5  4  4  82       
*  2025  1  8 11 15  0.00000000
PG01 -15418.941526    235.059044  21633.222480 999999.999999 13 12 10           
PG02 -16391.004018  -1500.112300  21386.493730   -272.855327  2  5  3  92       
PG03 -21098.539892   9655.045937  12654.583237    641.973085  6  4  5  60       
PG04 -24362.273360    715.993195 -10720.365069    508.735803  6  4  5  73       
PG05  15673.325789   3997.914733 -21254.526201   -198.409762  7  5  4  80       
PG06   5417.653090  25842.844179   2238.977644   -103.673991  4  6  1  77       
PG07  -9196.357919  15872.486879 -18507.255502    -13.712515  4  1  3  79       
PG08 -26145.013191  -5921.537879   -679.875557    456.538171  7  6  4  45       
PG09 -18465.357405   8311.880443 -17316.092192    520.442595  6  4  5  64       
PG10   6035.878693 -20787.599519  15390.401180   -268.015543  3  3  5  88       
PG11  12102.174967  21537.234248  -9789.891764   -752.166839  6  5  3 101       
PG12  21362.248355  -5770.655295  14369.277596   -563.234935  4  2  1  67       
PG13  21615.072246  14048.356315  -7132.709467    692.801329  7  4  3  83       
PG14  -9539.721964  21638.450244  11895.070207    576.032817  5  1  4  84       
PG15  26489.797582   2794.114147   -764.119965    249.195234  6  4  3  57       
PG16 -11751.651348 -10123.339379 -21942.100364    -83.018417  6  5  4  87       
PG17  -3023.853576  15047.357817  22076.131222    483.727539  6  4  2  92       
PG18   7708.719580 -17995.029919 -17810.246130   -658.554608  5  4  5  93       
PG19   8818.951223  16863.773983  18567.310128    583.709518  6  4  4  92       
PG20   7405.927505  15030.289360 -20550.359229    367.241157  6  3  3 101       
PG21 -17557.746677  -9361.165290  18477.290863    100.427569  4  4  4  94       
PG22  -3345.895936  19658.644241  18077.522675    -91.169006  6  5  3  97       
PG23  16613.630115 -20435.252963   2305.361613    399.759524  5  5  3  65       
PG24  17143.140254   3894.941366  19547.835642   -466.083247  5  3  3  85       
PG25  19682.284268 -17082.345498   3961.139064    497.056318  5  3  2  27       
PG26  -3575.905765 -18199.591000 -19060.635490    -39.943554  3  5  3  78       
PG27 -20811.289252 -12934.152708 -11090.647901    -33.312958  8  5  6  98       
PG28  -5174.523131 -25705.993276   4212.600013   -530.049897  5  6  4  88       
PG29  18904.096982  -6508.554153 -17592.149843   -548.970801  8  4  4 103       
PG30  -1003.140832  24182.167980 -10471.646138   -243.739610  5  5  3  79       
PG31 -10355.406953 -23648.047429  -5607.020427   -218.324315  5  3  5  80       
PG32  -3030.830958 -15921.151865  21308.900446   -545.357332  4  5  4  89       
*  2025  1  8 11 30  0.00000000
PG01 -15942.886454  -2154.700310  21142.122435 999999.999999 13 11 10           
PG02 -17230.266841  -3630.741473  20464.157464   -272.847184  2  4  3  97       
PG03 -20127.482105   8370.677819  14928.196202    641.980065  6  5  6  69       
PG04 -25356.689220    255.544852  -8141.665736    508.741119  7  4  5  74       
PG05  14167.942159   5899.272792 -21859.243051   -198.411201  7  5  4  99       
PG06   5125.217017  25500.184311   5117.091924   -103.698499  4  5  1  70       
PG07 -10055.923889  13723.484149 -19743.863097    -13.711883  4  1  3  82       
PG08 -25885.029990  -6128.870272  -3474.454463    456.545363  7  6  5  77       
PG09 -20259.872957   7811.280720 -15436.220261    520.456307  6  4  5  56       
PG10   7227.620743 -21872.579083  13149.451723   -268.030121  3  2  4  79       
PG11  12147.782326  22533.016049  -7152.500845   -752.166206  6  4  3  97       
PG12  20193.073790  -4378.748977  16375.397490   -563.237028  4  1  1  72       
PG13  20678.652982  13896.062884  -9778.967254    692.802360  5  4  3  98       
PG14 -10581.643595  22339.604593   9434.611162    576.039354  5  1  3  51       
PG15  26283.430707   3089.191217  -3551.618225    249.199216  7  4  4  69       
PG16  -9959.878743 -11773.014886 -21966.349534    -83.009757  6  5  4  75       
PG17  -5374.450832  14404.685794  22075.610539    483.712166  6  4  3  77       
PG18   8449.799245 -15987.821315 -19341.062571   -658.553538  6  4  6  66       
PG19   6684.252255  16271.445030  19889.818387    583.713579  6  4  4  94       
PG20   6111.149146  16940.382613 -19478.369484    367.241430  6  3  3  94       
PG21 -18237.955637 -11153.678837  16805.944679    100.429100  4  4  4  88       
PG22  -4824.935734  20844.614457  16316.739559    -91.170681  6  5  2  64       
PG23  16834.248034 -20368.664157   -604.751879    399.766298  5  5  4  51       
PG24  17926.414052   6014.150082  18334.680702   -466.079764  6  3  3  69       
PG25  19482.273402 -16385.342738   6718.842113    497.055794  5  3  1  35       
PG26  -2165.595799 -19750.455166 -17627.841525    -39.957105  3  5  3  51       
PG27 -19457.046005 -12842.531895 -13432.203475    -33.312618  8  5  6  91       
PG28  -4726.300434 -25184.991545   6973.020657   -530.058782  5  6  4  90       
PG29  20680.159701  -5837.433241 -15737.248164   -548.967619  8  4  3  97       
PG30  -1709.723650  22973.794884 -12828.699278   -243.732115  5  5  3  60       
PG31 -10204.246319 -24172.325616  -2798.205724   -218.323440  5  3  6  78       
PG32   -656.845354 -15474.247508  21824.758945   -545.351314  4  5  4  88       
*  2025  1  8 11 45  0.00000000
PG01 -16568.304061  -4441.094994  20287.514971 999999.999999 13 10 10           
PG02 -18130.624353  -5603.091269  19206.464626   -272.838754  3  4  3  95       
PG03 -19075.516938   6842.843905  16940.811351    641.987062  6  5  6  65       
PG04 -26080.124416    -95.271161  -5423.974069    508.746460  7  4  6  62       
PG05  12741.167636   7918.770817 -22094.062660   -198.411912  8  5  4  92       
PG06   4702.196190  24872.258519   7906.630980   -103.722987  4  5  1  65       
PG07 -11062.411626  11505.963470 -20620.974358    -13.711326  4  1  3  82       
PG08 -25329.241122  -6313.681676  -6210.997921    456.552516  7  6  5  84       
PG09 -21853.356263   7433.591710 -13293.113360    520.469997  6  4  5  51       
PG10   8192.143078 -22814.968417  10681.317418   -268.044726  2  1  4  53       
PG11  12148.364531  23235.247035  -4392.266613   -752.165544  5  4  2  88       
PG12  18952.268533  -2770.171805  18093.400240   -563.238921  4  1  1  79       
PG13  19460.768773  13711.118404 -12260.747215    692.803558  3  3  3  90       
PG14 -11403.690260  22869.966362   6809.908434    576.045854  5  1  3  58       
PG15  25783.602575   3391.607607  -6278.997921    249.203337  7  4  5  73       
PG16  -8266.976813 -13505.758095 -21624.253623    -83.001098  7  5  4  76       
PG17  -7734.824321  13894.764403  21709.498262    483.696872  5  4  3  84       
PG18   9350.806267 -13879.294168 -20535.974085   -658.552481  6  4  6  76       
PG19   4390.517527  15759.602782  20869.771498    583.717779  6  4  4  87       
PG20   4984.057705  18789.613577 -18069.976412    367.240787  6  3  3  90       
PG21 -18924.882717 -12725.258888  14865.047574    100.429875  4  3  4  93       
PG22  -6093.812972  21955.411392  14285.875708    -91.172636  6  6  2  77       
PG23  16858.288611 -20049.646812  -3504.302442    399.773090  5  4  4  55       
PG24  18736.491979   7948.306941  16797.965278   -466.076300  6  3  3  52       
PG25  19129.837077 -15432.677040   9357.801422    497.055297  5  2  2  55       
PG26   -925.847516 -21220.201923 -15891.762806    -39.970674  2  5  3  66       
PG27 -17854.344247 -12787.621676 -15551.372128    -33.312244  8  4  6  94       
PG28  -4131.536925 -24406.707825   9613.373442   -530.067671  5  6  4  87       
PG29  22270.427253  -5312.932845 -13613.781957   -548.964377  8  4  3  76       
PG30  -2565.735583  21562.415264 -14960.129822   -243.724597  4  5  4  75       
PG31  -9967.174652 -24401.291020     59.695871   -218.323055  6  2  6  66       
PG32   1776.097246 -15149.231805  21973.492935   -545.345305  4  4  4  90       
*  2025  1  8 12  0  0.00000000
PG01 -17270.817618  -6582.865453  19084.091252 999999.999999 13  9  9           
PG02 -19058.506526  -7387.482178  17634.119318   -272.830910  2  4  5  89       
PG03 -17987.489002   5083.942866  18657.038051    641.994000  6  5  6  81       
PG04 -26511.312689   -368.985315  -2613.738473    508.751706  8  4  6  89       
PG05  11423.999468  10018.463673 -21954.883242   -198.412671  8  4  3  76       
PG06   4118.529848  23986.897597  10559.464826   -103.747444  4  4  2  94       
PG07 -12207.848635   9269.925340 -21123.217388    -13.711196  4  1  2  82       
PG08 -24484.278762  -6512.197095  -8843.862434    456.559651  7  5  6  92       
PG09 -23210.685441   7154.840314 -10923.204529    520.483720  5  4  5  42       
PG10   8937.928279 -23571.652933   8027.918646   -268.059227  2  1  3  47       
PG11  12065.426061  23643.556858  -1556.637991   -752.164853  5  4  1  93       
PG12  17683.260487   -959.687079  19492.490751   -563.240798  4  1  1  71       
PG13  17975.441336  13532.265142 -14536.611145    692.804840  1  3  3  80       
PG14 -12019.597161  23194.062049   4066.504866    576.052393  5  2  2  37       
PG15  25002.372185   3735.646053  -8900.663505    249.207290  8  3  5  88       
PG16  -6701.833639 -15284.266303 -20920.041597    -82.992385  6  5  4  89       
PG17 -10058.352724  13522.304825  20984.211604    483.681302  5  4  3  75       
PG18  10410.306377 -11718.343118 -21374.779091   -658.551411  6  3  6  93       
PG19   1979.273808  15351.981437  21488.887685    583.722120  5  4  4  90       
PG20   4028.401985  20532.134973 -16349.944399    367.239899  6  3  2  91       
PG21 -19581.303884 -14059.632169  12686.485748    100.431065  4  3  4  91       
PG22  -7149.436377  22948.994744  12018.175011    -91.174511  6  6  2  48       
PG23  16719.795269 -19458.679073  -6342.635059    399.779893  6  4  4  68       
PG24  19538.412351   9671.149147  14966.516385   -466.072831  6  3  3  66       
PG25  18662.591060 -14218.663230  11830.864969    497.054793  5  2  2  34       
PG26    140.866916 -22565.833829 -13881.211244    -39.984251  2  5  3  96       
PG27 -16029.910132 -12801.099100 -17413.187892    -33.311879  7  4  5  89       
PG28  -3366.128517 -23402.006719  12088.175197   -530.076534  4  6  3  84       
PG29  23636.710942  -4914.847924 -11258.043557   -548.961487  8  4  2  88       
PG30  -3583.894836  19987.327592 -16828.483042   -243.717095  4  5  4  62       
PG31  -9608.563766 -24344.166625   2916.519978   -218.322249  6  1  6  54       
PG32   4220.869837 -14954.452319  21752.050067   -545.339246  3  4  4  83       
*  2025  1  8 12 15  0.00000000
PG01 -18019.985154  -8544.219901  17552.534039 999999.999999 13  8  8           
PG02 -19976.314527  -8961.106069  15772.732658   -272.822495  2  4  5  93       
PG03 -16906.619948   3115.279816  20046.718561    642.000948  5  5  5  90       
PG04 -26637.159400   -601.377082    241.074843    508.757036  8  4  7  93       
PG05  10240.711471  12155.687194 -21443.827769   -198.413572  8  4  3  93       
PG06   3350.344812  22878.831668  13029.953823   -103.771920  4  3  2  82       
PG07 -13476.122345   7064.080115 -21242.447070    -13.710547  3  2  2  81       
PG08 -23364.796436  -6759.022202 -11329.125709    456.566811  7  5  6  95       
PG09 -24303.185191   6945.584060  -8366.808749    520.497438  5  4  5  48       
PG10   9481.622516 -24103.528413   5234.754080   -268.073694  2  1  3  68       
PG11  11862.063638  23766.311761   1305.699487   -752.164211  4  4  1  89       
PG12  16427.570128   1029.549578  20547.537984   -563.242989  5  1  1  70       
PG13  16244.771760  13395.692543 -16568.600050    692.805853  3  3  3  84       
PG14 -12450.156858  23281.473237   1252.148161    576.058914  5  2  2  62       
PG15  23959.374402   4153.020593 -11373.259030    249.211268  7  3  6  87       
PG16  -5286.726104 -17066.936458 -19863.905264    -82.984114  6  4  4  79       
PG17 -12298.736213  13284.062530  19911.863513    483.665812  4  4  3  63       
PG18  11618.453001  -9553.716526 -21843.551506   -658.550334  7  3  6  88       
PG19   -503.447163  15065.279756  21735.034301    583.725797  5  5  4  91       
PG20   3239.733355  22123.627736 -14348.344427    367.239987  5  2  2  95       
PG21 -20168.407211 -15148.176509  10305.493585    100.432323  5  3  4  89       
PG22  -7996.644845  23784.586718   9550.797244    -91.176541  6  6  2  59       
PG23  16457.045479 -18584.675428  -9070.158156    399.786686  6  4  4  87       
PG24  20294.653730  11164.400244  12874.060895   -466.069370  5  4  2  68       
PG25  18120.076726 -12746.451902  14093.639515    497.054287  5  2  3  51       
PG26   1039.715066 -23745.970875 -11629.999025    -39.997791  1  5  3  90       
PG27 -14016.831074 -12909.732622 -18986.788403    -33.311518  7  4  5  77       
PG28  -2412.612996 -22207.425534  14354.786800   -530.085418  4  6  3  81       
PG29  24746.705852  -4616.708899  -8710.243123   -548.958346  8  3  1  83       
PG30  -4769.395417  18291.313356 -18401.050093   -243.709551  4  4  3  71       
PG31  -9096.271401 -24018.601404   5721.820601   -218.321758  6  1  6  51       
PG32   6629.474675 -14890.288259  21163.481534   -545.333210  3  3  3  75       
*  2025  1  8 12 30  0.00000000
PG01 -18780.488556 -10296.013997  15719.164150 999999.999999 13  7  7           
PG02 -20843.787555 -10308.677126  13652.475395   -272.814517  2  4  5  83       
PG03 -15872.793768    966.437538  21085.489887    642.007866  5  5  5  87       
PG04 -26453.220148   -829.908745   3091.781281    508.762331  8  3  7  83       
PG05   9208.038527  14284.505269 -20569.225447   -198.414723  8  4  2  91       
PG06   2381.067486  21588.323220  15275.733479   -103.796379  4  3  2  83       
PG07 -14843.557961   4934.015577 -20977.843620    -13.710324  3  2  1  75       
PG08 -21992.995012  -7085.685179 -13625.251635    456.573981  7  6  6  95       
PG09 -25109.631055   6772.201719  -5667.460734    520.511075  4  4  5  53       
PG10   9847.242623 -24377.109061   2350.132386   -268.088288  2  1  2  41       
PG11  11504.556899  23620.180380   4145.654371   -752.163571  4  3  1  86       
PG12  15223.178907   3166.683430  21239.581965   -563.244844  6  1  2  73       
PG13  14298.243554  13333.569246 -18322.807328    692.807123  5  3  3  80       
PG14 -12722.219262  23108.123066  -1584.068741    576.065457  5  2  2  46       
PG15  22681.058370   4671.536528 -13656.292974    249.215279  7  3  6  80       
PG16  -4036.581344 -18809.272632 -18471.950134    -82.975424  6  4  3  93       
PG17 -14411.519489  13169.033094  18510.079156    483.650515  3  5  3  58       
PG18  12957.263575  -7432.271512 -21934.844158   -658.549301  7  2  6  91       
PG19  -3008.668489  14908.447786  21602.538181    583.729936  5  5  4  88       
PG20   2605.780011  23522.912084 -12100.005167    367.239823  5  2  3  68       
PG21 -20647.211939 -15990.032961   7760.191890    100.433051  5  4  4  91       
PG22  -8647.876585  24424.192134   6924.300375    -91.178538  6  5  2  44       
PG23  16110.897533 -17425.574023 -11639.249984    399.793432  7  4  4  69       
PG24  20966.670028  12418.179352  10558.494914   -466.065907  5  4  2  62       
PG25  17542.077713 -11028.145521  16105.385122    497.053878  4  1  3  58       
PG26   1783.157745 -24722.430953  -9176.414199    -40.011346  2  5  3  90       
PG27 -11853.493104 -13134.286095 -20245.868500    -33.311125  7  4  4  88       
PG28  -1261.049639 -20863.770863  16374.150872   -530.094234  3  6  3  86       
PG29  25575.137888  -4386.972217  -6013.838902   -548.955401  8  4  1  71       
PG30  -6119.510620  16519.014427 -19650.469338   -243.702028  4  3  3  60       
PG31  -8403.151509 -23449.940432   8425.827918   -218.321024  6  1  5  74       
PG32   8954.654592 -14949.135634  20216.939336   -545.327161  3  3  3  65       
*  2025  1  8 12 45  0.00000000
PG01 -19513.524247 -11816.675860  13615.490512 999999.999999 12  6  5           
PG02 -21619.477755 -11422.825192  11307.678267   -272.806097  2  5  5  93       
PG03 -14920.988279  -1325.685135  21755.233517    642.014751  5  5  4  91       
PG04 -25963.864111  -1092.096952   5889.786487    508.767626  8  4  7  78       
PG05   8334.650665  16357.290317 -19345.499583   -198.415758  7  3  2  93       
PG06   1202.246546  20159.604191  17258.433109   -103.820820  3  3  2  76       
PG07 -16279.828604   2920.526562 -20335.830889    -13.709715  4  2  1  42       
PG08 -20397.887644  -7519.294482 -15693.723877    456.581125  7  6  6  90       
PG09 -25616.984270   6598.352306  -2871.196346    520.524770  3  3  5  46       
PG10  10065.081212 -24365.944784   -575.673141   -268.102775  2  1  2  65       
PG11  10963.840424  23229.393300   6914.563406   -752.162890  4  3  1  89       
PG12  14103.050020   5414.174557  21556.216940   -563.246707  6  1  2  73       
PG13  12171.766473  13372.735856 -19769.891671    692.808244  6  3  4  94       
PG14 -12867.451651  22657.325895  -4392.599486    576.071955  5  2  2  56       
PG15  21199.705087   5313.919096 -15712.696440    249.219319  7  4  6  93       
PG16  -2958.506176 -20465.433731 -16766.056359    -82.966862  6  3  3  83       
PG17 -16355.554903  13158.932776  16801.746977    483.634869  3  5  3  64       
PG18  14401.222313  -5397.321549 -21647.773465   -658.548240  8  2  6  91       
PG19  -5486.164395  14882.285307  21092.383660    583.734043  5  5  4  75       
PG20   2107.127261  24693.441658  -9643.888190    367.239488  4  2  3  84       
PG21 -20979.996030 -16591.969990   5091.110992    100.434559  5  4  4  89       
PG22  -9122.563568  24834.043885   4182.067695    -91.180174  6  5  2  50       
PG23  15723.044333 -15988.571927 -14005.126376    399.800190  7  3  4  68       
PG24  21516.447845  13431.074265   8061.106958   -466.062456  5  3  3  85       
PG25  16966.925586  -9084.547939  17829.845052    497.053364  4  1  4  70       
PG26   2390.306155 -25461.717799  -6562.596332    -40.024895  1  4  3  83       
PG27  -9582.336162 -13488.643219 -21169.080849    -33.310705  6  4  3  73       
PG28     90.393289 -19414.562699  18111.467543   -530.103090  3  5  4  66       
PG29  26104.656145  -4190.408490  -3214.815144   -548.952479  8  3  1  69       
PG30  -7623.523795  14715.251721 -20555.217091   -243.694490  4  3  3  59       
PG31  -7508.376528 -22670.185116  10980.410361   -218.319995  5  1  5  78       
PG32  11151.489889 -15115.701169  18927.583551   -545.321132  3  3  3  66       
*  2025  1  8 13  0  0.00000000
PG01 -20178.341775 -13092.841526  11277.671186 999999.999999 12  7  3           
PG02 -22262.286587 -12304.217421   8776.379951   -272.797940  2  5  5  76       
PG03 -14079.917290  -3718.129332  22044.403236    642.021623  4  6  4  85       
PG04 -25182.116511  -1423.883773   8587.392135    508.772925  8  4  7  84       
PG05   7620.936921  18326.380855 -17792.961737   -198.416506  7  3  2  81       
PG06   -185.944384  18639.179489  18944.316767   -103.845251  3  2  2  84       
PG07 -17749.150229   1058.179384 -19329.824273    -13.709634  4  3  1  47       
PG08 -18614.328324  -8081.359535 -17499.642333    456.588270  6  6  6  82       
PG09 -25820.828597   6386.547507    -25.787976    520.538427  4  2  5  43       
PG10  10170.349577 -24051.785078  -3491.331925   -268.117319  3  1  2  63       
PG11  10216.800537  22624.725832   9565.015337   -752.162154  4  2  2  74       
PG12  13093.865030   7729.091966  21491.839945   -563.248834  7  1  2  76       
PG13   9906.495011  13533.603918 -20885.525363    692.809442  6  3  4  96       
PG14 -12920.909169  21920.555692  -7124.349525    576.078493  4  3  2  47       
PG15  19552.263453   6096.846945 -17509.314264    249.223263  6  4  6  84       
PG16  -2051.608563 -21989.869753 -14773.643298    -82.958388  6  3  3  98       
PG17 -18094.357589  13228.948238  14814.705249    483.619156  4  5  4  44       
PG18  15918.183115  -3487.139619 -20987.987061   -658.547165  8  2  6  91       
PG19  -7886.228036  14979.374842  20212.287711    583.738082  5  5  4  77       
PG20   1718.174400  25604.624474  -7022.399649    367.239161  5  2  3  81       
PG21 -21131.691411 -16968.004748   2340.696901    100.435937  5  4  4  77       
PG22  -9446.268326  24985.922974   1369.681804    -91.182117  6  5  2  68       
PG23  15334.246261 -14289.998494 -16126.651464    399.806929  7  3  5  89       
PG24  21908.023365  14209.888198   5425.776050   -466.058906  5  4  3  70       
PG25  16429.869144  -6944.553183  19235.987121    497.052858  4  1  4  64       
PG26   2886.003433 -25936.354201  -3833.820007    -40.038490  1  4  2  74       
PG27  -7248.467509 -13979.182996 -21740.380118    -33.310271  6  4  3  86       
PG28   1635.166892 -17904.386352  19536.796468   -530.111952  3  5  4  76       
PG29  26326.437291  -3989.635526   -360.918390   -548.949561  8  3  1  57       
PG30  -9262.988510  12923.355014 -21099.978138   -243.686961  4  2  3  58       
PG31  -6398.511434 -21716.684376  13340.016667   -218.319572  5  1  5  74       
PG32  13178.923537 -15367.598082  17316.397082   -545.315065  3  3  3  65       
*  2025  1  8 13 15  0.00000000
PG01 -20733.870917 -14119.677059   8745.894353 999999.999999 12  8  3           
PG02 -22733.013502 -12961.401536   6099.822147   -272.789793  3  5  5  78       
PG03 -13370.938887  -6163.375592  21948.224403    642.028476  3  6  3  89       
PG04 -24129.186301  -1858.068872  11138.586906    508.778227  8  4  7  88       
PG05   7059.108409  20145.756488 -15937.512879   -198.417325  6  3  2  86       
PG06  -1774.541851  17074.063698  20304.836869   -103.869663  2  2  2  91       
PG07 -19211.701187   -625.830561 -17979.824422    -13.709430  5  3  1  79       
PG08 -16681.836326  -8786.816421 -19012.276442    456.595409  6  6  6  83       
PG09 -25725.491340   6099.777799   2820.054768    520.552109  4  1  5  65       
PG10  10201.610841 -23425.435817  -6345.407179   -268.131738  3  1  2  84       
PG11   9247.347150  21842.243787  12051.651047   -752.161548  4  2  2  83       
PG12  12215.030392  10064.634450  21047.757973   -563.251151  7  1  2  82       
PG13   7547.462579  13829.299642 -21650.773954    692.810372  6  3  5 105       
PG14 -12919.474601  20897.900410  -9731.575281    576.085022  5  3  3  79       
PG15  17779.047945   7030.218460 -19017.329849    249.227141  6  4  6  85       
PG16  -1307.125895 -23338.989026 -12527.332304    -82.949783  6  2  3  87       
PG17 -19597.307402  13348.731706  12581.364636    483.603542  5  5  3  38       
PG18  17470.534972  -1733.672768 -19967.518236   -658.546155  8  2  6 102       
PG19 -10161.440637  15184.358508  18976.644108    583.741967  5  5  4  66       
PG20   1408.328537  26232.921706  -4280.651372    367.238838  5  1  3  68       
PG21 -21071.206942 -17138.791762   -447.202056    100.437574  5  4  4  59       
PG22  -9649.588898  24858.304737  -1465.751460    -91.184027  5  5  2  52       
PG23  14982.615860 -12354.832304 -17967.074535    399.813684  7  4  5  92       
PG24  22108.901197  14769.082453   2698.163607   -466.055434  4  4  4  84       
PG25  15961.580074  -4644.196655  20298.634870    497.052380  4  1  4  90       
PG26   3299.663728 -26126.002654  -1037.697379    -40.052086  1  4  2  65       
PG27  -4898.178106 -14604.429587 -21949.306543    -33.309856  5  4  4  81       
PG28   3358.397291 -16377.215997  20625.574582   -530.120759  3  5  4  90       
PG29  26240.479184  -3746.738178   2499.136502   -548.946825  7  3  2  63       
PG30 -11012.305903  11183.572505 -21275.889877   -243.679430  5  1  3  74       
PG31  -5068.289622 -20630.610838  15462.573221   -218.318543  5  1  5  80       
PG32  15001.158687 -15676.225999  15409.906148   -545.309020  4  4  3  68       
*  2025  1  8 13 30  0.00000000
PG01 -21140.374312 -14900.875507   6063.689587 999999.999999 11  9  5           
PG02 -22995.866085 -13410.371866   3321.891490   -272.781659  3  5  5  89       
PG03 -12807.273670  -8611.025605  21468.761326    642.035366  3  6  3  96       
PG04 -22833.696641  -2422.862163  13499.810940    508.783539  8  4  6  81       
PG05   6633.618794  21772.669275 -13810.253286   -198.418521  6  3  2  83       
PG06  -3545.969986  15510.019277  21317.092965   -103.894114  2  2  1  97       
PG07 -20625.197710  -2112.486468 -16311.877867    -13.708835  5  4  1  81       
PG08 -14643.255572  -9643.294471 -20205.569048    456.602585  5  6  5  90       
PG09 -25343.842396   5703.130019   5617.506767    520.565816  4  1  5  51       
PG10  10199.066585 -22487.267219  -9087.329645   -268.146228  3  1  2  72       
PG11   8047.219633  20921.860778  14331.927259   -752.160911  4  2  3  98       
PG12  11477.995848  12371.814407  20232.151121   -563.252880  7  1  3  90       
PG13   5142.078270  14265.082916 -22052.403382    692.811732  5  3  5 101       
PG14 -12900.232021  19598.182776 -12168.757772    576.091528  5  2  3  53       
PG15  15922.343482   8116.670817 -20212.625345    249.231274  5  4  6  89       
PG16   -708.864095 -24472.794546 -10064.504061    -82.941386  6  2  3  82       
PG17 -20840.656413  13483.610193  10138.267044    483.588411  5  5  3  40       
PG18  19016.582569   -161.514642 -18604.533005   -658.545052  8  3  6  90       
PG19 -12268.369475  15474.553368  17406.331667    583.746080  5  4  4  68       
PG20   1143.387228  26562.684317  -1465.684648    367.238552  4  1  3  56       
PG21 -20772.640298 -17130.794604  -3227.871207    100.438308  4  4  4  70       
PG22  -9766.866329  24437.286840  -4276.324677    -91.186045  4  5  3  38       
PG23  14702.024381 -10215.882098 -19494.678368    399.820490  7  4  5  96       
PG24  22091.324536  15129.947690    -75.084716   -466.051975  4  4  4  78       
PG25  15586.861863  -2225.408144  20998.970387    497.051871  4  1  5  85       
PG26   3663.913521 -26018.322889   1776.685592    -40.065692  1  3  3  78       
PG27  -2577.410444 -15354.992007 -21791.203970    -33.309420  5  4  4  82       
PG28   5237.267264 -14874.774701  21359.040631   -530.129586  2  5  5  91       
PG29  25855.572243  -3424.913543   5316.478687   -548.943378  7  3  3  47       
PG30 -12839.593546   9531.624307 -21080.657570   -243.671872  5  1  3  81       
PG31  -3521.053923 -19455.286761  17310.312738   -218.317858  4  2  4  87       
PG32  16588.875501 -16007.906650  13239.805869   -545.302964  4  4  3  59       
*  2025  1  8 13 45  0.00000000
PG01 -21361.061554 -15448.329391   3277.181068 999999.999999 11 10  6           
PG02 -23019.880324 -13673.867637    488.508550   -272.773570  4  4  5  76       
PG03 -12393.563349 -11009.597744  20614.852760    642.042225  3  5  3  93       
PG04 -21330.646559  -3140.611902  15630.682383    508.788906  7  4  6  76       
PG05   6321.888888  23169.170972 -11447.004118   -198.419370  5  4  2  82       
PG06  -5474.551519  13989.863579  21964.190135   -103.918518  1  3  2  84       
PG07 -21946.552395  -3391.399573 -14357.428850    -13.708713  5  4  2  80       
PG08 -12543.293840 -10650.652387 -21058.584013    456.609799  4  6  5  86       
PG09 -24696.777243   5165.333738   8318.458371    520.579547  4  1  5  41       
PG10  10202.768361 -21247.345788 -11668.370884   -268.160726  4  1  2  72       
PG11   6616.495770  19905.762452  16366.831726   -752.160186  3  2  4  84       
PG12  10885.912444  14601.233615  19059.893454   -563.254980  6  1  3  85       
PG13   2738.537759  14838.063259 -22083.110637    692.812924  5  3  5 101       
PG14 -12898.841711  18038.742147 -14393.431848    576.098059  5  3  4  65       
PG15  14024.964254   9351.363501 -21076.079103    249.235390  6  4  5  88       
PG16   -233.939729 -25356.425204  -7426.749294    -82.932829  6  2  3  64       
PG17 -21808.305789  13595.970185   7525.581213    483.572709  6  5  3  30       
PG18  20512.087325   1212.828076 -16922.977148   -658.543974  8  3  6  91       
PG19 -14169.123141  15820.884822  15528.385338    583.750341  5  4  4  63       
PG20    887.055239  26586.697869   1374.329983    367.238006  4  1  3  73       
PG21 -20216.341533 -16975.261487  -5956.291017    100.439273  4  4  4  83       
PG22  -9834.737222  23717.260185  -7014.089832    -91.187852  4  5  3  59       
PG23  14520.694511  -7912.665992 -20683.326928    399.827298  7  4  5  72       
PG24  21833.354387  15319.544592  -2847.113962   -466.048554  4  4  5  76       
PG25  15323.619378    265.479476  21324.894986    497.051382  5  2  4  85       
PG26   4013.089867 -25609.525775   4559.681443    -40.079313  1  3  3  58       
PG27   -330.228935 -16213.800458 -21267.366747    -33.309032  5  4  5  85       
PG28   7241.709932 -13434.994274  21724.559168   -530.138415  2  4  5  92       
PG29  25188.948960  -2990.078859   8042.899682   -548.940517  6  3  3  62       
PG30 -14707.808105   7997.456881 -20518.541603   -243.664336  5  1  2  84       
PG31  -1768.841304 -18234.431994  18850.512200   -218.317001  4  3  4  88       
PG32  17920.219448 -16325.236796  10842.491782   -545.296896  5  5  3  71       
*  2025  1  8 14  0  0.00000000
PG01 -21363.601999 -15781.491927    434.295421 999999.999999 10 10  7           
PG02 -22780.200298 -13780.421613  -2353.034724   -272.765387  4  5  5  83       
PG03 -12125.785462 -13308.363634  19401.918744    642.049045  3  5  3  94       
PG04 -19660.142024  -4026.756885  17494.675052    508.794234  6  5  6  65       
PG05   6095.310728  24303.478405  -8887.744983   -198.420505  4  3  2  79       
PG06  -7527.331179  12551.908384  22235.493401   -103.942952  1  3  2  88       
PG07 -23133.542646  -4460.894751 -12152.588204    -13.708337  5  4  3  90       
PG08 -10426.991433 -11800.804266 -21555.890346    456.616922  3  6  5  91       
PG09 -23812.402014   4460.175995  10876.341995    520.593349  4  3  5  79       
PG10  10250.830496 -19725.179525 -14042.591788   -268.175209  5  2  3  95       
PG11   4963.784161  18836.757843  18121.538760   -752.159498  2  2  4  95       
PG12  10433.642517  16704.876223  17552.237535   -563.257099  6  1  3  93       
PG13    384.203018  15537.224848 -21741.674002    692.814066  5  2  5  88       
PG14 -12947.983588  16244.886427 -16366.953475    576.104612  5  3  4  73       
PG15  12128.813258  10722.030191 -21593.802179    249.239460  6  4  5  81       
PG16    146.195370 -25961.537865  -4659.214860    -82.924262  6  2  2  51       
PG17 -22492.322321  13646.772769   4786.536012    483.557368  6  4  2  30       
PG18  21911.908844   2381.351216 -14952.131897   -658.542907  8  3  5  86       
PG19 -15832.696995  16189.102770  13375.533086    583.754324  6  3  4  65       
PG20    602.536408  26306.417082   4190.903772    367.238255  2  2  3  71       
PG21 -19389.793237 -16707.031199  -8587.726454    100.440305  4  4  4  86       
PG22  -9890.581166  22701.291167  -9631.850255    -91.189720  3  5  4  71       
PG23  14460.035201  -5490.035367 -21512.903061    399.834140  6  4  5  95       
PG24  21319.724724  15369.460594  -5571.601303   -466.045085  4  5  5  82       
PG25  15182.134010   2779.400538  21271.238965    497.050865  5  2  4  81       
PG26   4381.658003 -24904.595553   7262.021576    -40.092953  2  3  3  74       
PG27   1802.654750 -17156.636888 -20385.109228    -33.308584  5  3  5  88       
PG28   9335.388427 -12090.634313  21715.838458   -530.147213  2  4  5  89       
PG29  24265.623819  -2412.380519  10631.665068   -548.937466  5  3  4  62       
PG30 -16576.074095   6604.245851 -19600.220878   -243.656803  5  1  2  74       
PG31    167.893640 -17010.410105  20056.120838   -218.316051  3  3  4  85       
PG32  18981.520216 -16588.610531   8258.499929   -545.290874  5  5  3  60       
*  2025  1  8 14 15  0.00000000
PG01 -21121.477328 -15926.452179  -2416.062225 999999.999999 10 11  7           
PG02 -22259.168723 -13763.186057  -5154.786245   -272.757315  4  4  5  98       
PG03 -11991.524856 -15459.151996  17851.645053    642.055863  3  5  3  93       
PG04 -17865.943223  -5089.043344  19059.736736    508.799559  6  5  5  76       
PG05   5920.495708  25151.124036  -6175.973434   -198.421812  3  3  2  70       
PG06  -9665.178764  11228.589816  22126.776333   -103.967374  1  3  3  83       
PG07 -24146.419700  -5327.743381  -9737.345044    -13.707618  5  4  3  90       
PG08  -8338.172386 -13077.846593 -21687.875138    456.624133  3  6  5  91       
PG09 -22724.949964   3567.728109  13246.940005    520.607228  4  4  5  75       
PG10  10377.721775 -17949.083162 -16167.741808   -268.189635  5  3  3  88       
PG11   3106.092250  17756.620586  19565.994904   -752.158856  2  3  5  98       
PG12  10108.118110  18637.844144  15736.372401   -563.259396  5  1  3  85       
PG13  -1875.992749  16343.762616 -21033.018959    692.815177  5  3  5  90       
PG14 -13075.933127  14249.036950 -18055.189282    576.111158  5  3  4  44       
PG15  10273.488373  12209.295271 -21757.315236    249.243493  6  4  5  74       
PG16    464.480368 -26267.469239  -1809.851038    -82.915911  5  2  2  71       
PG17 -22893.171900  13597.148388   1966.793178    483.541777  6  4  2  15       
PG18  23171.683902   3344.638871 -12726.087884   -658.541810  8  3  5  70       
PG19 -17236.049650  16541.231689  10985.605881    583.758419  6  2  3  52       
PG20    254.139399  25731.883357   6936.038806    367.237281  1  3  3  80       
PG21 -18288.274983 -16363.201352 -11078.345416    100.441615  4  4  3  85       
PG22  -9970.918985  21401.192646 -12083.972852    -91.191403  3  5  4  57       
PG23  14533.763713  -2996.599760 -21969.629757    399.840905  6  4  5  83       
PG24  20542.449905  15314.433041  -8203.456391   -466.041637  4  5  5  73       
PG25  15164.674395   5266.332492  20839.817014    497.050346  5  3  4  85       
PG26   4802.615762 -23917.166736   9835.762252    -40.106581  2  3  3  55       
PG27   3785.249000 -18152.947622 -19157.751311    -33.308132  5  3  5  96       
PG28  11476.924365 -10868.113565  21333.038617   -530.156077  2  4  5  86       
PG29  23117.447472  -1667.545907  13038.306703   -548.934369  4  4  4  76       
PG30 -18401.163378   5367.683335 -18342.539248   -243.649264  6  1  1  92       
PG31   2260.904510 -15822.548756  20906.262693   -218.315402  3  4  3  92       
PG32  19767.709368 -16757.855070   5531.860379   -545.284823  5  6  3  50       
*  2025  1  8 14 30  0.00000000
PG01 -20615.121037 -15914.760472  -5224.849745 999999.999999 10 12  7           
PG02 -21447.183551 -13658.571743  -7868.888759   -272.748953  4  4  5  88       
PG03 -11970.587696 -17418.048243  15991.554179    642.062683  4  4  3  94       
PG04 -15993.881681  -6327.037578  20298.838292    508.804918  5  5  5  78       
PG05   5760.721414  25695.845730  -3357.994066   -198.422282  2  3  2  82       
PG06 -11844.129150  10045.338629  21640.263690   -103.991763  2  4  4  82       
PG07 -24949.395563  -6006.569163  -7154.745681    -13.707426  5  5  4  93       
PG08  -6317.933253 -14458.487401 -21450.977293    456.631387  3  6  5  92       
PG09 -21473.469549   2475.335017  15389.159546    520.620946  5  5  5  52       
PG10  10612.710970 -15955.187788 -18006.085323   -268.204081  5  3  3  89       
PG11   1068.374330  16704.482958  20675.425669   -752.158315  3  4  5  94       
PG12   9889.028914  20359.963553  13644.868166   -563.261249  4  1  3  96       
PG13  -4001.058544  17231.721032 -19968.195931    692.816254  5  3  4  90       
PG14 -13305.327694  12089.601956 -19429.114908    576.117720  4  3  4  71       
PG15   8494.978921  13787.243973 -21563.666415    249.247816  6  4  5  88       
PG16    756.768467 -26262.122594   1071.429892    -82.907164  5  2  1 101       
PG17 -23019.656090  13410.015992   -886.237346    483.526248  5  4  1  27       
PG18  24249.479643   4111.620010 -10283.147700   -658.540774  7  4  5  69       
PG19 -18364.862429  16837.194108   8400.832579    583.763073  6  2  3  52       
PG20   -191.163673  24881.330245   9563.022776    367.237175  2  3  3  82       
PG21 -16915.283439 -15981.696535 -13385.865687    100.442830  4  3  3  96       
PG22 -10109.822304  19837.271567 -14327.207493    -91.193243  3  6  4  74       
PG23  14747.347679   -483.016361 -22046.271436    399.847727  5  4  5 103       
PG24  19501.170045  15190.890839 -10699.475503   -466.038216  4  5  6  76       
PG25  15265.456566   7677.100100  20039.331189    497.049820  5  3  3  91       
PG26   5305.953966 -22669.057443  12235.212634    -40.120200  3  4  3  79       
PG27   5587.491517 -19166.915917 -17604.513397    -33.307690  5  3  5  88       
PG28  13621.328316  -9786.598408  20582.768169   -530.164910  3  3  6  97       
PG29  21781.909835   -738.025277  15221.382594   -548.931048  3  4  4  73       
PG30 -20139.065066   4295.573454 -16768.144264   -243.641739  6  1  1  78       
PG31   4475.100251 -14705.606402  21386.602644   -218.314914  3  4  3  87       
PG32  20282.415522 -16793.917940   2709.371443   -545.278779  5  6  3  67       
*  2025  1  8 14 45  0.00000000
PG01 -19832.800142 -15782.050042  -7943.732497 999999.999999 10 12  8           
PG02 -20343.281400 -13504.744244 -10448.371113   -272.740779  4  4  4  91       
PG03 -12035.929826 -19146.923511  13854.474073    642.069524  4  3  3  96       
PG04 -14090.205999  -7731.954626  21190.444357    508.810250  5  6  4  71       
PG05   5577.523325  25930.178661   -482.146775   -198.423535  2  4  2  86       
PG06 -14016.908156   9019.731386  20784.569370   -104.016156  2  4  4  78       
PG07 -25511.954087  -6518.964608  -4450.061717    -13.706808  4  4  5  87       
PG08  -4403.224808 -15912.768167 -20847.833976    456.638610  3  6  5  89       
PG09 -20100.333844   1178.326368  17265.760114    520.634614  5  5  5  88       
PG10  10978.534641 -13786.135799 -19525.133517   -268.218522  5  3  3  74       
PG11  -1117.224177  15715.343619  21430.755421   -752.157640  3  5  5 100       
PG12   9749.806681  21837.198004  11315.023128   -563.263377  3  1  3  89       
PG13  -5955.322615  18168.916639 -18564.266353    692.817584  5  3  3  97       
PG14 -13652.172691   9809.625261 -20465.311226    576.124248  4  3  5  77       
PG15   6824.493984  15424.228255 -21015.489883    249.251890  5  4  5  74       
PG16   1060.203938 -25942.533666   3933.669190    -82.898656  6  2  1  66       
PG17 -22888.547325  13051.668134  -3724.134628    483.510164  5  4  1  45       
PG18  25107.359419   4699.008703  -7665.167879   -658.539670  7  4  5  86       
PG19 -19213.947787  17036.538287   5667.035627    583.766865  6  2  3  51       
PG20   -762.284549  23780.493178  12027.197767    367.236842  2  4  3  82       
PG21 -15282.684326 -15599.779412 -15470.227512    100.443545  4  3  3  88       
PG22 -10337.397431  18037.752975 -16321.498050    -91.195338  4  6  5  76       
PG23  15097.786419   1999.787844 -21742.214488    399.854534  5  4  5  97       
PG24  18203.229034  15035.466715 -13018.946358   -466.034777  4  5  6  69       
PG25  15470.950820   9965.130620  18885.128384    497.049307  6  3  3  82       
PG26   5917.240288 -21189.476732  14417.821217    -40.133806  3  4  4  77       
PG27   7186.253124 -20158.762217 -15750.314642    -33.307225  5  3  5  80       
PG28  15721.577605  -8857.383216  19477.969124   -530.173705  3  3  6  65       
PG29  20300.736414    386.121648  17143.191716   -548.928125  3  4  4  86       
PG30 -21746.583161   3387.746628 -14905.029319   -243.634153  6  1  1  74       
PG31   6769.771259 -13688.449785  21489.569470   -218.313864  3  4  2  95       
PG32  20537.727936 -16660.539356   -160.195447   -545.272763  4  6  3  22       
*  2025  1  8 15  0  0.00000000
PG01 -18771.204357 -15566.508841 -10525.916083 999999.999999 10 13  8           
PG02 -18955.416105 -13340.029437 -12847.965576   -272.732465  5  3  4  98       
PG03 -12154.858852 -20614.734800  11477.917712    642.076383  4  2  3  72       
PG04 -12199.917902  -9286.811716  21718.897385    508.815611  4  6  3  67       
PG05   5332.370715  25855.722928   2402.014360   -198.424562  2  4  2  82       
PG06 -16134.586869   8160.952272  19574.532312   -104.040558  2  5  5  83       
PG07 -25809.942903  -6892.364980  -1669.966173    -13.706315  3  4  5  72       
PG08  -2625.580476 -17405.058261 -19887.331923    456.645882  3  5  5  88       
PG09 -18649.628073   -319.581075  18844.019950    520.648272  5  6  5  68       
PG10  11490.345551 -11489.516744 -20698.263130   -268.233005  5  2  3  86       
PG11  -3412.398583  14818.745662  21818.933753   -752.156885  4  5  5  94       
PG12   9658.860868  23042.813282   8788.131163   -563.265501  2  1  3  76       
PG13  -7709.621761  19118.115135 -16844.094172    692.818562  5  4  3  81       
PG14 -14125.126316   7455.265445 -21146.350391    576.130813  4  2  5  74       
PG15   5287.460243  17083.883954 -20121.003749    249.256184  6  4  5  73       
PG16   1411.519707 -25315.082459   6725.832318    -82.890273  5  3  1  63       
PG17 -22523.928893  12493.262323  -6498.249468    483.494829  4  4  1  34       
PG18  25712.803702   5130.452077  -4916.851420   -658.538580  6  4  4  63       
PG19 -19787.288119  17100.195150   2832.747004    583.771253  6  2  4  37       
PG20  -1482.726467  22461.650385  14286.692114    367.236320  2  4  3  87       
PG21 -13410.578432 -15252.552928 -17294.286011    100.445245  4  3  3  85       
PG22 -10678.406684  16037.893125 -18030.767401    -91.197108  4  6  5  70       
PG23  15573.736851   4402.391643 -21063.428881    399.861358  4  5  5  91       
PG24  16663.488342  14883.530754 -15124.202047   -466.031409  4  5  6  67       
PG25  15760.516691  12088.086733  17398.823650    497.048822  6  4  3  89       
PG26   6656.388936 -19513.938584  16344.997898    -40.147428  3  4  4  61       
PG27   8566.094001 -21086.230126 -13625.469347    -33.306761  5  3  4  79       
PG28  17730.281032  -8083.586010  18037.692610   -530.182533  3  3  6  74       
PG29  18718.330311   1706.630391  18770.431410   -548.925101  4  4  4  92       
PG30 -23182.899675   2636.290373 -12785.991592   -243.626619  6  1  2  66       
PG31   9100.040065 -12792.996033  21214.434296   -218.313009  3  5  1  84       
PG32  20553.632542 -16325.842127  -3026.947575   -545.266700  4  6  3  73       
*  2025  1  8 15 15  0.00000000
PG01 -17435.719278 -15307.261241 -12926.952868 999999.999999 10 14  8           
PG02 -17300.410215 -13201.286713 -15024.937892   -272.724354  5  3  3  84       
PG03 -12290.458947 -21798.548002   8903.387871    642.083274  5  2  3  73       
PG04 -10365.161166 -10966.903177  21874.707622    508.821009  4  6  3  74       
PG05   4988.361566  25483.072579   5244.578269   -198.425930  2  4  2  75       
PG06 -18148.302744   7469.583656  18030.954123   -104.065013  2  5  5  73       
PG07 -25826.414000  -7158.732647   1138.266948    -13.706041  2  4  5  74       
PG08  -1010.041796 -18895.290930 -18584.556434    456.653150  4  5  4  87       
PG09 -17165.477564  -2006.208327  20096.328112    520.661910  5  6  5  75       
PG10  12154.986994  -9116.111441 -21505.207180   -268.247461  5  2  3  89       
PG11  -5773.954941  14037.675164  21833.162963   -752.156135  4  6  5  91       
PG12   9581.010578  23958.250917   6108.688412   -563.267575  2  1  3  82       
PG13  -9242.256860  20038.423881 -14836.040718    692.819624  5  5  2  72       
PG14 -14725.089737   5074.167103 -21461.066473    576.137322  4  2  5  76       
PG15   3902.722810  18726.328609 -18893.945057    249.259884  6  4  5  80       
PG16   1845.328552 -24395.332661   9397.811760    -82.881699  6  3  1  59       
PG17 -21956.256551  11712.159318  -9160.523266    483.479618  4  3  1  61       
PG18  26039.934381   5435.420421  -2085.002069   -658.537544  6  5  4  78       
PG19 -20097.703840  16992.188132    -51.733198    583.774991  5  1  4  25       
PG20  -2369.500388  20962.431465  16303.105108    367.235825  2  4  3  74       
PG21 -11326.871513 -14971.506136 -18824.514195    100.447295  5  3  4  85       
PG22 -11151.087643  13878.807701 -19423.656975    -91.199251  4  6  5  70       
PG23  16155.975580   6678.584591 -20022.314934    399.868145  4  5  5  89       
PG24  14903.887471  14767.793291 -16981.123593   -466.027964  3  5  6  83       
PG25  16107.333060  14009.311434  15607.804288    497.048278  6  4  3  81       
PG26   7536.670139 -17682.928773  17982.850873    -40.161003  3  5  5  72       
PG27   9719.737438 -21906.207081 -11265.278000    -33.306330  5  4  4  81       
PG28  19601.366717  -7460.170527  16286.768915   -530.191402  4  3  6  71       
PG29  17080.118637   3216.753031  20074.785587   -548.921864  4  4  4  87       
PG30 -24411.043740   2026.081959 -10448.019034   -243.619109  6  2  2  82       
PG31  11418.473269 -12033.460107  20567.247291   -218.312374  3  5  1  83       
PG32  20357.138011 -15763.772737  -5840.764196   -545.260628  3  6  4  35       
*  2025  1  8 15 30  0.00000000
PG01 -15840.372328 -15042.722881 -15105.508237 999999.999999 10 14  8           
PG02 -15403.568664 -13122.313198 -16939.913707   -272.716079  5  3  3  80       
PG03 -12403.179340 -22684.247492   6175.622357    642.090110  5  2  4  58       
PG04  -8623.724483 -12740.581393  21654.742796    508.826333  4  6  3  75       
PG05   4511.869058  24831.404833   7996.155135   -198.427325  2  5  2  21       
PG06 -20010.983777   6937.731396  16180.243310   -104.089471  3  5  4  82       
PG07 -25552.191982  -7353.108191   3927.527840    -13.705425  2  4  5  92       
PG08    425.674367 -20340.399503 -16960.632015    456.660422  4  5  4  67       
PG09 -15690.381345  -3861.172170  21000.690135    520.675581  6  6  5  94       
PG10  12970.623058  -6718.020011 -21932.407097   -268.261960  5  3  3  93       
PG11  -8155.271302  13387.722273  21473.022624   -752.155468  5  6  5  95       
PG12   9479.051013  24573.680569   3323.558571   -563.269894  2  1  3  73       
PG13 -10539.675667  20886.851759 -12573.562267    692.820616  5  6  2  54       
PG14 -15445.116583   2713.789080 -21404.708296    576.143846  3  3  5  88       
PG15   2681.977382  20309.503640 -17353.438740    249.264182  6  4  4  76       
PG16   2392.484061 -23207.497283  11901.435822    -82.873255  6  3  1  76       
PG17 -21221.170117  10693.052007 -11664.331001    483.464152  3  3  2  36       
PG18  26070.498300   5647.882740    782.248374   -658.536509  5  5  4  79       
PG19 -20166.166338  16681.221525  -2935.311431    583.778957  5  2  5  14       
PG20  -3432.290248  19324.438224  18042.135148    367.235923  2  4  3  90       
PG21  -9066.546991 -14783.159375 -20031.703553    100.448264  6  4  4  88       
PG22 -11766.225241  11606.054479 -20474.200314    -91.200983  4  6  4  86       
PG23  16818.175670   8786.937067 -18637.441330    399.874958  3  6  5  95       
PG24  12952.768897  14717.021649 -18559.591253   -466.024516  3  5  6  80       
PG25  16479.578300  15699.029502  13544.632328    497.047778  6  4  2  62       
PG26   8564.002347 -15740.382095  19302.820381    -40.174602  3  5  5  68       
PG27  10648.235337 -22576.420833  -8709.511775    -33.305871  5  4  4  83       
PG28  21291.728308  -6974.293149  14255.377694   -530.200256  5  3  6  70       
PG29  15430.866172   4901.309521  21033.432674   -548.918770  4  4  3  81       
PG30 -25399.212316   1535.597047  -7931.619955   -243.611563  6  2  3  73       
PG31  13676.785786 -11415.933813  19560.639588   -218.311805  3  5  1  80       
PG32  19981.123013 -14955.331623  -8552.213601   -545.254556  3  6  4  66       
*  2025  1  8 15 45  0.00000000
PG01 -14007.452872 -14808.992888 -17024.073243 999999.999999 10 15  8           
PG02 -13297.956903 -13132.344857 -18557.682150   -272.707958  6  4  3  63       
PG03 -12452.522078 -23266.908972   3341.795349    642.097014  5  3  4  50       
PG04  -7007.715624 -14570.316665  21062.312562    508.831689  4  5  4  72       
PG05   3874.072892  23927.741918  10608.759271   -198.428317  2  5  2  87       
PG06 -21679.012201   6549.478724  14053.971945   -104.113955  3  5  4  58       
PG07 -24986.159808  -7512.085609   6651.592322    -13.704958  1  4  6  59       
PG08   1671.729783 -21695.903027 -15042.450372    456.667706  4  5  3  73       
PG09 -14263.616906  -5856.468838  21541.136604    520.689223  6  6  4  89       
PG10  13926.738333  -4346.753886 -21973.220328   -268.276478  5  3  3  95       
PG11 -10507.895943  12876.537037  20744.488671   -752.154812  5  6  5  90       
PG12   9315.388788  24888.215544    481.115798   -563.271917  1  1  3  88       
PG13 -11596.852778  21619.980489 -10094.711229    692.821610  4  6  3  33       
PG14 -16270.642510    419.755297 -20978.974759    576.150411  3  3  5  90       
PG15   1629.456029  21790.619375 -15523.796715    249.267902  6  4  4  50       
PG16   3078.586535 -21783.547197  14191.455175    -82.864780  6  4  2  71       
PG17 -20358.094361   9428.833819 -13965.333610    483.448819  3  3  2  56       
PG18  25794.574888   5804.818364   3636.228594   -658.535534  5  5  4  69       
PG19 -20020.788022  16142.079236  -5767.083527    583.783001  4  2  5           
PG20  -4672.898572  17591.728962  19474.142719    367.235566  3  3  3  99       
PG21  -6670.651175 -14707.866045 -20891.645168    100.449557  6  4  4  77       
PG22 -12526.522988   9268.022198 -21162.409836    -91.202925  4  6  3  71       
PG23  17527.964815  10692.177360 -16933.182083    399.881736  3  6  5  91       
PG24  10843.991554  14754.910870 -19833.884856   -466.021074  3  5  6  91       
PG25  16841.805981  17135.262608  11246.364602    497.047314  7  4  3  93       
PG26   9736.556841 -13732.035686  20282.194897    -40.188246  3  5  5  73       
PG27  11360.810716 -23057.146763  -6001.792245    -33.305409  4  4  3  90       
PG28  22762.766360  -6605.960485  11978.525747   -530.209119  5  4  6  55       
PG29  13813.020932   6737.069875  21629.463325   -548.915791  4  5  3  83       
PG30 -26121.894971   1137.958644  -5280.108779   -243.604062  6  2  3  87       
PG31  15827.566352 -10938.307345  18213.500847   -218.310951  3  5  1  83       
PG32  19462.948442 -13889.538069 -11113.474438   -545.248482  3  6  4  63       
*  2025  1  8 16  0  0.00000000
PG01 -11966.820518 -14638.346281 -18649.611307 999999.999999 10 15  8           
PG02 -11023.360135 -13254.720140 -19847.954961   -272.699519  6  4  3  51       
PG03 -12398.762023 -23550.825718    450.690411    642.103892  5  4  4  78       
PG04  -5542.458316 -16413.997877  20107.144217    508.837041  3  5  4  85       
PG05   3052.312027  22805.911473  13036.679132   -198.429276  3  6  2  36       
PG06 -23113.766503   6281.650611  11688.351532   -104.138445  4  5  4  77       
PG07 -24135.261822  -7672.267842   9265.794060    -13.704652  1  4  6  70       
PG08   2726.412598 -22917.582550 -12862.283724    456.674939  4  5  3  79       
PG09 -12919.779312  -7957.362908  21708.025617    520.702813  6  6  4  90       
PG10  15004.503643  -2051.372144 -21627.982130   -268.291006  5  4  3  92       
PG11 -12783.222957  12503.601225  19659.845868   -752.154124  5  7  5  76       
PG12   9053.679624  24909.789713  -2369.616773   -563.274120  2  1  3  91       
PG13 -12417.347129  22195.685404  -7441.544047    692.822621  4  7  4  42       
PG14 -17180.022771  -1765.708312 -20191.935340    576.156981  3  3  5  88       
PG15    741.882072  23127.656917 -13434.243003    249.271980  6  5  4  81       
PG16   3922.703903 -20161.997017  16226.478178    -82.856379  6  4  2  87       
PG17 -19408.678946   7921.163569 -16022.322510    483.433574  3  3  2  52       
PG18  25210.982737   5944.620658   6428.521100   -658.534491  5  5  3  58       
PG19 -19695.535794  15356.775002  -8497.301110    583.786815  4  3  5  44       
PG20  -6084.993605  15809.222134  20574.640403    367.235159  3  3  3  81       
PG21  -4185.012855 -14758.827469 -21385.770475    100.450538  6  5  4  84       
PG22 -13426.308168   6914.188209 -21474.756678    -91.204934  4  6  3  73       
PG23  18248.221387  12366.326125 -14939.261513    399.888510  3  6  4  78       
PG24   8615.862373  14899.143587 -20783.033278   -466.017604  4  4  6  98       
PG25  17156.455346  18304.428858   8753.810306    497.046833  6  4  3  77       
PG26  11044.689994 -11703.728988  20904.499366    -40.201841  3  5  5  70       
PG27  11874.374973 -23312.857264  -3188.871605    -33.305006  4  4  3  83       
PG28  23981.765711  -6328.971359   9495.441470   -530.217950  5  4  6  61       
PG29  12265.155646   8693.455270  21852.199109   -548.912895  4  5  3  89       
PG30 -26560.763641    802.182647  -2538.861143   -243.596555  6  3  3  68       
PG31  17825.954456 -10590.529353  16550.545611   -218.309997  3  5  1  76       
PG32  18842.889550 -12564.085292 -13479.240401   -545.242396  3  6  4  76       
*  2025  1  8 16 15  0.00000000
PG01  -9754.927647 -14557.885396 -19954.127801 999999.999999 10 16  8           
PG02  -8624.955137 -13505.768488 -20786.057925   -272.691466  6  5  3  80       
PG03 -12204.632080 -23549.191924  -2448.139641    642.110819  5  5  4  69       
PG04  -4245.655286 -18226.426160  18805.247856    508.842357  3  4  5  66       
PG05   2031.201688  21505.244290  15237.316384   -198.430642  3  6  2  88       
PG06 -24282.985041   6104.859342   9123.635706   -104.162929  4  5  3  79       
PG07 -23014.232852  -7868.756111  11727.644634    -13.704317  2  4  6  73       
PG08   3596.062833 -23963.183186 -10457.284281    456.682205  4  5  3  61       
PG09 -11687.512887 -10123.548445  21498.232085    520.716450  5  5  3  86       
PG10  16177.488178    123.261019 -20903.924729   -268.305541  5  4  4  87       
PG11 -14934.182361  12260.325463  18237.494131   -752.153374  5  7  4  71       
PG12   8660.403863  24654.707603  -5179.816380   -563.276213  3  2  3  70       
PG13 -13013.029227  22574.839560  -4659.441324    692.823895  5  8  5  60       
PG14 -18145.353744  -3805.191762 -19057.840641    576.163574  3  4  4  78       
PG15      8.701652  24280.877162 -11118.560831    249.275948  5  5  4  52       
PG16   4936.368475 -18386.419418  17969.826841    -82.847846  6  4  2  71       
PG17 -18415.136136   6180.694054 -17798.036837    483.418147  3  3  2  48       
PG18  24327.370803   6105.452464   9111.749542   -658.533437  4  4  2  69       
PG19 -19228.726163  14315.407274 -11078.298345    583.791108  4  4  5  34       
PG20  -7654.168322  14021.078153  21324.702927    367.235214  4  2  2  82       
PG21  -1658.732339 -14941.373759 -21501.727308    100.451270  6  5  4  90       
PG22 -14451.591919   4593.315900 -21404.525310    -91.206585  5  6  3  82       
PG23  18938.556558  13789.548518 -12690.217222    399.895239  2  5  4  89       
PG24   6309.920039  15160.668645 -21391.112580   -466.014172  3  4  6  77       
PG25  17385.432538  19201.611765   6110.745710    497.046353  6  4  3  80       
PG26  12471.203447  -9699.722228  21159.749418    -40.215463  3  5  5  75       
PG27  12212.731395 -23313.743433   -319.822668    -33.304618  4  4  2  85       
PG28  24923.055995  -6112.105851   6848.896522   -530.226789  6  4  6  72       
PG29  10820.565953  10733.533555  21697.404898   -548.909667  4  5  3  92       
PG30 -26705.297708    494.570093    245.449081   -243.589038  5  3  4  76       
PG31  19631.203176 -10355.187372  14601.783504   -218.309543  4  5  1  51       
PG32  18162.451907 -10985.653993 -15607.586840   -545.236302  3  6  5  85       
*  2025  1  8 16 30  0.00000000
PG01  -7413.593236 -14588.402968 -20915.152740 999999.999999 10 16  8           
PG02  -6151.740953 -13893.979157 -21353.530794   -272.683300  6  5  4  88       
PG03 -11836.909280 -23283.459699  -5305.211592    642.117712  5  5  5  74       
PG04  -3126.851099 -19960.945654  17178.670977    508.847756  3  3  5  73       
PG05    803.466361  20069.059654  17171.975888   -198.431648  4  6  2  96       
PG06 -25161.900919   5984.791796   6403.458243   -104.187487  5  5  3  80       
PG07 -21645.070033  -8133.722585  13997.400517    -13.703684  2  4  5  82       
PG08   4294.672535 -24794.073462  -7868.874017    456.689411  5  5  3  69       
PG09 -10588.486255 -12310.538233  20915.219040    520.730105  5  4  3  86       
PG10  17412.683575   2138.028049 -19814.960971   -268.320060  5  4  4  90       
PG11 -16916.880945  12130.468733  16501.650732   -752.152703  4  7  4  78       
PG12   8106.319745  24146.891656  -7901.683145   -563.278253  3  2  3  71       
PG13 -13403.483111  22722.933453  -1796.348441    692.824995  5  8  5  51       
PG14 -19133.543701  -5667.321618 -17596.829625    576.170110  2  5  4  80       
PG15   -587.409044  25214.284683  -8614.658260    249.279782  5  5  4  60       
PG16   6122.897516 -16503.753062  19390.287599    -82.839256  6  4  3  62       
PG17 -17418.542050   4226.944547 -19259.932301    483.402694  4  3  2  56       
PG18  23159.991056   6323.614371  11640.349375   -658.532375  4  4  2  52       
PG19 -18661.368848  13016.686110 -13465.358086    583.795027  3  5  5  52       
PG20  -9358.310411  12269.118943  21711.291086    367.234697  4  2  2  90       
PG21    857.511371 -15252.556722 -21233.864480    100.452608  5  5  4  74       
PG22 -15580.489230   2351.668130 -20952.027501    -91.208534  5  6  2  69       
PG23  19556.924544  14950.695463 -10224.791838    399.902026  2  5  4  81       
PG24   3969.609159  15543.222057 -21647.491566   -466.010701  3  4  6  91       
PG25  17491.698295  19830.497572   3363.104685    497.045878  6  5  2  84       
PG26  13991.917931  -7761.102971  21044.569738    -40.229046  3  5  5  81       
PG27  12405.490522 -23037.041574   2554.847940    -33.304235  3  4  2  75       
PG28  25568.910801  -5920.514469   4084.466565   -530.235653  6  5  6  52       
PG29   9506.080563  12815.272878  21167.389391   -548.906812  4  5  3  88       
PG30 -26553.124928    180.192059   3025.619038   -243.581504  5  4  4  87       
PG31  21208.069278 -10208.377981  12401.909459   -218.308586  4  5  1  69       
PG32  17462.641231  -9169.867117 -17460.778037   -545.230247  3  6  5  81       
*  2025  1  8 16 45  0.00000000
PG01  -4988.574614 -14743.501271 -21516.128299 999999.999999  9 16  8           
PG02  -3654.788321 -14419.495598 -21538.612468   -272.675096  6  5  4  80       
PG03 -11267.842327 -22782.398154  -8071.935951    642.124647  5  5  5  70       
PG04  -2187.217175 -21571.149349  15255.144568    508.853047  3  3  5  81       
PG05   -629.548257  18542.998130  18806.589012   -198.433026  4  6  2  94       
PG06 -25734.105942   5883.690146   3574.115700   -104.212030  5  4  2  57       
PG07 -20056.270709  -8495.110944  16038.577418    -13.703119  3  5  5  90       
PG08   4843.171157 -25376.792718  -5142.032574    456.696655  4  5  3  63       
PG09  -9636.651932 -14471.227370  19968.988495    520.743747  4  4  3  91       
PG10  18671.792899   3960.859454 -18381.343021   -268.334609  5  5  4  87       
PG11 -18692.131507  12090.864917  14481.952147   -752.152035  4  6  4  57       
PG12   7367.740931  23416.861378 -10489.223113   -563.280073  4  3  3  81       
PG13 -13615.101345  22611.543666   1098.052171    692.825867  5  9  6  27       
PG14 -20107.589073  -7327.740514 -15834.541694    576.176666  3  5  4  87       
PG15  -1069.771337  25896.992964  -5964.050092    249.283915  5  5  4  82       
PG16   7477.069827 -14562.479898  20462.734856    -82.830873  5  5  3  82       
PG17 -16457.171726   2087.811982 -20380.879735    483.387319  4  4  2  60       
PG18  21733.160686   6631.986413  13971.311437   -658.531347  4  3  2  83       
PG19 -18035.430765  11468.114582 -15617.499531    583.799778  3  5  5  37       
PG20 -11168.271156  10591.343632  21727.484217    367.234695  4  3  2  86       
PG21   3313.273382 -15681.090348 -20583.597011    100.453585  5  5  4 101       
PG22 -16783.987017    231.314478 -20124.664166    -91.210287  5  6  2  83       
PG23  20061.299131  15847.517399  -7585.264705    399.908755  2  5  3  86       
PG24   1638.886210  16043.107346 -21547.022518   -466.007195  3  4  5  81       
PG25  17440.800292  20202.992835    558.162119    497.045383  6  5  3  81       
PG26  15576.532995  -5924.344880  20562.178837    -40.242644  4  4  5  84       
PG27  12486.736961 -22468.102779   5384.145803    -33.303844  3  4  2  37       
PG28  25910.151123  -5717.252752   1249.744032   -530.244496  6  5  5  47       
PG29   8341.130753  14893.006558  20270.990141   -548.903553  4  5  4  94       
PG30 -26110.069201   -175.588947   5754.681513   -243.574057  5  4  4  67       
PG31  22527.980935 -10120.825478   9989.630520   -218.307718  4  5  1  39       
PG32  16782.260107  -7140.884339 -19005.994994   -545.224198  4  6  5  92       
*  2025  1  8 17  0  0.00000000
PG01  -2527.991552 -15029.001733 -21746.694564 999999.999999  8 16  8           
PG02  -1185.379176 -15073.967121 -21336.590302   -272.666941  6  5  4  92       
PG03 -10476.368153 -22080.893481 -10701.414010    642.131545  5  5  5  68       
PG04  -1419.668883 -23012.594237  13067.624853    508.858353  3  4  5  78       
PG05  -2257.708352  16973.268674  20112.353760   -198.433830  4  6  2  94       
PG06 -25992.111174   5761.970399    683.804814   -104.236545  5  3  2  69       
PG07 -18281.865414  -8975.503920  17818.413342    -13.702602  3  5  5  84       
PG08   5268.420838 -25684.419798  -2324.494944    456.703907  4  6  3  55       
PG09  -8837.820242 -16557.570106  18675.911919    520.757416  3  4  3  78       
PG10  19912.727533   5567.737667 -16629.209263   -268.349135  4  5  4  71       
PG11 -20226.811927  12112.429207  12212.961001   -752.151337  4  6  3  50       
PG12   6427.593040  22500.487865 -12898.981282   -563.282082  4  3  3  68       
PG13 -13679.904650  22219.587838   3973.223039    692.826891  5  9  6  63       
PG14 -21028.005397  -8769.811796 -13801.642905    576.183260  3  6  4  77       
PG15  -1466.686861  26304.437892  -3211.255610    249.287813  5  5  4  82       
PG16   8985.172953 -12610.754023  21168.610141    -82.822332  5  5  3  85       
PG17 -15564.939562   -201.268390 -21139.771475    483.372156  4  4  2  72       
PG18  20078.432950   7058.601235  16064.888294   -658.530249  4  3  2  84       
PG19 -17392.093731   9685.822594 -17498.172987    583.803422  3  6  5  46       
PG20 -13048.810187   9020.595575  21372.616817    367.234222  4  4  1  87       
PG21   5660.202258 -16207.660341 -19559.624896    100.455032  4  5  4 102       
PG22 -18027.031427  -1731.392403 -18936.828518    -91.212268  4  7  1  69       
PG23  20411.353076  16486.546051  -4816.734967    399.915500  3  5  3  83       
PG24   -639.198880  16649.245369 -21090.173803   -466.003746  3  3  5  73       
PG25  17202.293043  20338.545844  -2256.274650    497.044910  6  4  2  75       
PG26  17189.733329  -4220.074486  19722.246061    -40.256257  4  4  5  76       
PG27  12493.500132 -21601.153101   8117.572598    -33.303473  3  5  3  64       
PG28  25946.430208  -5464.900975  -1606.483279   -530.253349  6  5  5  76       
PG29   7337.116632  16919.053487  19023.441590   -548.900407  4  5  4  87       
PG30 -25389.906555   -605.617528   8386.654894   -243.566543  5  5  5  68       
PG31  23569.943868 -10059.199672   7406.945524   -218.307274  4  5  1  30       
PG32  16156.304045  -4930.650762 -20215.965513   -545.218135  4  6  5  90       
*  2025  1  8 17 15  0.00000000
PG01    -80.662733 -15442.668186 -21602.868632 999999.999999  7 17  9           
PG02   1206.884058 -15840.773399 -20749.995845   -272.658715  5  5  5  90       
PG03  -9449.073704 -21218.537616 -13149.196729    642.138492  5  6  6  79       
PG04   -809.311625 -24244.458750  10653.737075    508.863661  3  5  4  76       
PG05  -4062.279679  15404.881212  21066.276957   -198.434943  5  6  2  94       
PG06 -25937.582465   5579.917981  -2218.174454   -104.261071  5  2  2  60       
PG07 -16360.279497  -9591.190892  19308.282034    -13.702114  3  5  4  68       
PG08   5601.959812 -25697.702072    534.125653    456.711113  4  6  3  45       
PG09  -8189.564598 -18522.303949  17058.442981    520.771094  3  4  3  84       
PG10  21091.248050   6943.370043 -14590.034500   -268.363622  4  5  3  61       
PG11 -21495.001603  12161.406160   9733.585309   -752.150687  4  5  2  49       
PG12   5276.213390  21437.573989 -15090.716146   -563.284114  5  4  3  50       
PG13 -13634.130275  21534.310393   6778.691119    692.828132  4  9  6  63       
PG14 -21854.357120  -9985.026398 -11533.276455    576.189698  3  6  4  80       
PG15  -1810.206268  26419.388770   -403.114214    249.291693  5  4  4  77       
PG16  10625.417305 -10694.565982  21496.245448    -82.813626  5  5  4  87       
PG17 -14770.014587  -2598.485626 -21522.014916    483.356452  4  5  1 104       
PG18  18233.506082   7625.402258  17885.253386   -658.529226  4  3  3  84       
PG19 -16770.077203   7694.065768 -19075.851137    583.807910  3  6  5  54       
PG20 -14959.782886   7583.430743  20652.315890    367.234088  4  4  1  73       
PG21   7853.863644 -16805.606874 -18177.981287    100.456426  4  5  4  97       
PG22 -19269.889489  -3507.102725 -17409.649408    -91.213758  4  7  1  85       
PG23  20570.077632  16882.651834  -1966.367576    399.922253  3  5  3  73       
PG24  -2823.900055  17343.496292 -20283.099950   -466.000230  3  4  5  72       
PG25  16750.994850  20263.205332  -5032.653493    497.044429  6  4  2  83       
PG26  18792.492956  -2672.091394  18540.629734    -40.269893  4  4  4  74       
PG27  12464.092352 -20439.704421  10706.123388    -33.303073  3  5  3  66       
PG28  25686.189239  -5127.205356  -4435.073386   -530.262213  6  6  5  78       
PG29   6497.096136  18845.431565  17446.126881   -548.897631  4  5  4  85       
PG30 -24413.840806  -1139.518595  10877.269361   -243.559050  4  5  5  61       
PG31  24321.158061  -9987.577594   4698.393155   -218.306487  4  5  1  69       
PG32  15614.525251  -2577.829876 -21069.481017   -545.212032  4  6  4  82       
*  2025  1  8 17 30  0.00000000
PG01   2305.581968 -15974.254711 -21087.113995 999999.999999  7 17  9           
PG02   3475.915261 -16695.619400 -19788.634181   -272.650651  5  6  5  91       
PG03  -8180.869086 -20238.059918 -15373.995599    642.145338  5  6  6  79       
PG04   -334.199574 -25231.076932   8055.130004    508.868970  3  7  2  62       
PG05  -6016.464436  13879.936881  21651.605920   -198.435500  5  6  2  82       
PG06 -25581.241112   5299.396309  -5082.238586   -104.285565  5  3  2  59       
PG07 -14333.060665 -10351.462406  20484.058377    -13.701372  3  5  4  75       
PG08   5878.544522 -25405.892927   3383.270801    456.718341  4  6  3  60       
PG09  -7681.461692 -20320.652844  15144.717785    520.784763  2  4  3  72       
PG10  22162.681309   8081.512199 -12299.999606   -268.378202  3  4  3  51       
PG11 -22478.850920  12200.811557   7086.418938   -752.150016  4  5  2  56       
PG12   3911.868382  20270.315149 -17028.009172   -563.286042  5  4  3  79       
PG13 -13516.644352  20551.953394   9464.985552    692.829232  4  8  6  64       
PG14 -22546.827662 -10973.100476  -9068.448161    576.196256  4  7  4  82       
PG15  -2134.724653  26232.710735   2411.975916    249.295625  5  4  4  85       
PG16  12368.695687  -8856.023442  21441.025490    -82.805085  5  5  4  82       
PG17 -14093.674126  -5057.095806 -21519.894940    483.341288  4  5  2  70       
PG18  16240.909185   8347.234057  19401.103359   -658.528175  4  4  4  75       
PG19 -16204.092242   5524.415540 -20324.509891    583.812059  3  6  4  22       
PG20 -16857.527979   6299.230544  19578.436687    367.234142  4  4  1  84       
PG21   9855.441215 -17441.964989 -16461.891283    100.457368  4  5  4  90       
PG22 -20469.726266  -5074.459738 -15570.579596    -91.215760  4  7  1  92       
PG23  20505.282355  17058.296052    917.386315    399.928972  3  5  3  57       
PG24  -4878.105182  18101.248476 -19137.643830   -465.996775  3  4  5  78       
PG25  16068.039297  20008.457922  -7724.433596    497.043987  6  4  2  74       
PG26  20343.521803  -1296.675362  17039.007707    -40.283517  5  4  3  53       
PG27  12436.385768 -18996.591383  13103.270715    -33.302691  3  5  4  63       
PG28  25146.286073  -4670.676436  -7187.376364   -530.271068  6  6  5  80       
PG29   5815.809868  20625.597408  15566.216622   -548.894772  4  5  4  88       
PG30 -23209.719746  -1802.396607  13184.660984   -243.551515  4  5  5  18       
PG31  24777.328968  -9868.990621   1910.282730   -218.305716  4  5  2  56       
PG32  15180.225062   -126.464952 -21551.787861   -545.205951  4  6  4  75       
*  2025  1  8 17 45  0.00000000
PG01   4585.549073 -16605.876462 -20208.299002 999999.999999  8 17 10           
PG02   5580.843602 -17607.479568 -18469.440034   -272.642348  5  6  5  92       
PG03  -6675.349042 -19183.661002 -17338.336804    642.152309  5  6  6  86       
PG04     33.621993 -25943.287992   5316.751996    508.874299  3  8  1  93       
PG05  -8086.267012  12436.045933  21858.139721   -198.436891  5  5  3  76       
PG06 -24942.432040   4885.503354  -7859.350611   -104.310063  4  3  2  30       
PG07 -12243.512535 -11258.152099  21326.436778    -13.700828  4  5  4  86       
PG08   6134.551285 -24807.257916   6172.404095    456.725545  4  6  4  85       
PG09  -7295.656399 -21911.941983  12968.050288    520.798414  2  3  3  80       
PG10  23083.645219   8984.937515  -9799.297244   -268.392784  3  4  2  63       
PG11 -23169.149428  12192.012255   4317.013888   -752.149326  5  5  2  41       
PG12   2340.973513  19041.698057 -18678.804302   -563.287939  5  4  3  92       
PG13 -13367.242528  19278.079401  11984.572698    692.830265  4  7  6  85       
PG14 -23067.770516 -11741.763857  -6449.357970    576.202795  4  7  4  69       
PG15  -2475.453902  25743.839418   5184.887363    249.299367  5  4  4  92       
PG16  14179.650550  -7131.821882  21005.389632    -82.796727  4  5  4  83       
PG17 -13549.450009  -7527.087075 -21132.790349    483.325824  4  5  2  95       
PG18  14146.512198   9231.104182  20586.194265   -658.527117  5  4  5  93       
PG19 -15723.485205   3214.678177 -21223.995450    583.816342  3  6  4  77       
PG20 -18696.405003   5179.593527  18168.895780    367.233603  4  5  1  78       
PG21  11633.228445 -18078.826252 -14441.430141    100.458703  3  5  4  86       
PG22 -21582.327672  -6420.750033 -13452.839473    -91.217589  4  7  2  90       
PG23  20190.920143  17042.507775   3785.583237    399.935724  4  6  3  75       
PG24  -6769.553059  18892.260791 -17671.264793   -465.993302  3  4  5  82       
PG25  15141.687630  19609.891759 -10286.801552    497.043485  6  4  2  77       
PG26  21800.795113   -102.200936  15244.413308    -40.297100  5  4  3  64       
PG27  12446.104333 -17293.627129  15265.907969    -33.302317  2  5  4  30       
PG28  24351.311870  -4066.081981  -9816.070937   -530.279878  5  6  5  86       
PG29   5280.041468  22216.143896  13416.200196   -548.891771  4  5  4  70       
PG30 -21811.021268  -2613.707376  15270.026103   -243.543948  4  5  5  68       
PG31  24942.668668  -9666.997494   -910.079410   -218.304908  4  5  2  38       
PG32  14869.325608   2375.574967 -21654.844672   -545.199859  4  6  4  82       
*  2025  1  8 18  0  0.00000000
PG01   6718.226168 -17312.689309 -18981.545027 999999.999999  8 17 10           
PG02   7487.495864 -18539.851877 -16816.160544   -272.634475  5  6  5  94       
PG03  -4944.831007 -18099.310496 -19009.151182    642.159270  5  6  6  89       
PG04    326.831636 -26359.546704   2486.061508    508.879601  3  9  2  90       
PG05 -10231.654215  11104.938006  21682.413153   -198.437714  5  5  2  91       
PG06 -24048.374232   4308.112578 -10501.847840   -104.334558  4  4  3  50       
PG07 -10135.276351 -12305.439911  21821.202722    -13.700334  4  5  4  87       
PG08   6406.305934 -23909.224240   8851.988671    456.732729  4  6  4  77       
PG09  -7007.727939 -23261.060330  10566.332903    520.812197  2  3  2  78       
PG10  23813.714654   9665.062517  -7131.390019   -268.407365  3  4  2  69       
PG11 -23565.569897  12096.382413   1473.096511   -752.148688  5  5  1  59       
PG12    578.011585  17793.895652 -20015.873939   -563.289926  5  4  3  67       
PG13 -13224.909453  17727.527764  14292.766308    692.831219  4  6  6  98       
PG14 -23383.183677 -12306.250589  -3720.688712    576.209333  4  7  4  68       
PG15  -2866.830365  24960.938164   7866.648526    249.303464  6  4  3  92       
PG16  16017.997735  -5551.967963  20198.680016    -82.788164  4  5  4  74       
PG17 -13142.608699  -9956.997247 -20367.233934    483.310451  4  5  3  97       
PG18  11997.913773  10275.746181  21419.802718   -658.526019  5  5  5  91       
PG19 -15351.119879    807.589775 -21760.277355    583.820390  3  6  4  52       
PG20 -20430.425044   4228.030445  16447.401777    367.233469  4  5  1  70       
PG21  13163.831050 -18674.964884 -12152.979278    100.459827  3  5  5  78       
PG22 -22563.891903  -7542.186308 -11094.732085    -91.219370  3  7  2  86       
PG23  19608.189156  16869.624800   6589.584492    399.942478  4  6  4  75       
PG24  -8471.893208  19681.736258 -15906.886215   -465.989815  3  3  4  59       
PG25  13967.877803  19105.737804 -12677.340920    497.042953  6  4  3  80       
PG26  23123.104726    910.932650  13188.690680    -40.310681  5  3  2  43       
PG27  12525.207629 -15360.888757  17155.224940    -33.301950  2  4  4  64       
PG28  23332.622481  -3289.776014 -12275.976911   -530.288690  5  6  4 100       
PG29   4869.299572  23578.388376  11033.317629   -548.888633  4  6  4  89       
PG30 -20255.646321  -3586.342689  17098.228992   -243.536419  4  5  5  73       
PG31  24829.593550  -9347.224846  -3715.156541   -218.303921  4  5  3  73       
PG32  14689.758546   4878.299126 -21377.441218   -545.193801  4  6  3  88       
*  2025  1  8 18 15  0.00000000
PG01   8668.164802 -18063.852138 -17427.966853 999999.999999  9 16 10           
PG02   9169.593120 -19452.265920 -14858.871741   -272.626060  4  6  5  98       
PG03  -3010.069515 -17027.071026 -20358.293459    642.166198  5  6  6  99       
PG04    581.355028 -26466.749329   -387.813229    508.884963  4  9  4  87       
PG05 -12407.963051   9911.321164  21127.749717   -198.439104  5  5  3  82       
PG06 -22933.120119   3543.238358 -12964.253962   -104.358975  3  5  3  70       
PG07  -8050.904403 -13479.923788  21959.456563    -13.699980  3  5  3  83       
PG08   6728.414074 -22728.164369  11374.450148    456.739933  4  6  5  85       
PG09  -6787.821521 -24339.713176   7981.354340    520.825831  2  3  2  59       
PG10  24316.966487  10141.250596  -4342.236701   -268.421965  3  4  2  75       
PG11 -23676.577905  11876.971006  -1396.258838   -752.148028  5  5  2  53       
PG12  -1354.845080  16566.714957 -21017.208981   -563.291986  5  5  3  49       
PG13 -13126.110864  15924.001722  16348.590476    692.832330  4  5  6  88       
PG14 -23464.053171 -12688.513458   -928.863242    576.215888  4  7  5  82       
PG15  -3340.922490  23900.720060  10409.367493    249.307314  6  4  2  94       
PG16  17840.045083  -4138.804433  19036.847222    -82.779803  3  4  4  79       
PG17 -12869.991379 -12295.805522 -19236.811075    483.295020  4  5  3  97       
PG18   9842.765862  11471.502982  21887.103646   -658.524902  5  6  5  96       
PG19 -15102.535728  -1650.658736 -21925.589893    583.824696  3  6  4  75       
PG20 -22014.913916   3439.976006  14443.085569    367.233231  3  4  1  76       
PG21  14433.012402 -19187.653569  -9638.489188    100.461000  3  4  5  82       
PG22 -23372.809456  -8443.812885  -8538.849905    -91.221371  3  7  3  99       
PG23  18746.371445  16577.846169   9281.845560    399.949230  4  6  4  72       
PG24  -9965.547260  20431.596240 -13872.655916   -465.986346  4  3  4  69       
PG25  12550.495536  18535.342440 -14856.650475    497.042435  5  4  3  65       
PG26  24271.572460   1750.061118  10907.883963    -40.324218  6  3  2  64       
PG27  12700.439838 -13235.661551  18737.490251    -33.301554  1  4  3  65       
PG28  22127.122428  -2324.811968 -14524.829543   -530.297543  4  6  4  97       
PG29   4556.794243  24679.788281   8458.902282   -548.885591  4  6  3  85       
PG30 -18584.561862  -4725.960696  18638.356202   -243.528871  4  5  5  78       
PG31  24458.135296  -8878.819941  -6457.931452   -218.303508  4  5  3  77       
PG32  14641.194270   7331.377805 -20725.178422   -545.187727  3  6  3  94       
*  2025  1  8 18 30  0.00000000
PG01  10406.648997 -18823.734637 -15574.309627 999999.999999  9 16  9           
PG02  10609.606825 -20301.975812 -12633.342673   -272.617690  4  5  5  84       
PG03   -899.657913 -16005.509201 -21362.985161    642.173119  5  6  6 105       
PG04    834.755881 -26260.741055  -3254.949217    508.890255  4  9  5  84       
PG05 -14567.498736   8872.035376  20204.183279   -198.439972  5  5  3  85       
PG06 -21636.261802   2574.171974 -15204.062080   -104.383443  3  6  4  40       
PG07  -6030.469258 -14760.960205  21737.787318    -13.699439  3  4  3  68       
PG08   7132.165188 -21288.821504  13695.100081    456.747093  4  6  5  40       
PG09  -6601.998963 -25127.415732   5258.048495    520.839509  2  3  2  80       
PG10  24563.348357  10439.827686  -1479.501068   -268.436322  4  4  2  58       
PG11 -23519.009750  11500.114631  -4241.484071   -752.147342  4  5  3  13       
PG12  -3428.392916  15396.151832 -21666.331236   -563.294046  5  5  3  31       
PG13 -13103.191583  13899.300151  18115.573594    692.833503  4  5  6  82       
PG14 -23287.516734 -12916.193955   1878.718940    576.222351  5  7  5  79       
PG15  -3925.906652  22587.930424  12767.174025    249.311535  6  4  2  86       
PG16  19600.337660  -2906.369879  17542.028806    -82.771234  3  4  5  82       
PG17 -12720.222891 -14494.815250 -17761.897475    483.279489  4  5  3  86       
PG18   7727.096808  12800.538281  21979.456920   -658.523793  6  6  5  90       
PG19 -14985.407978  -4112.008207 -21718.466399    583.828765  3  6  3  84       
PG20 -23408.144685   2803.118810  12190.033750    367.232995  3  4  2  81       
PG21  15436.132334 -19574.580231  -6944.569454    100.461902  3  4  6  73       
PG22 -23971.353124  -9139.042527  -5831.197220    -91.223060  3  7  3 104       
PG23  17603.377573  16207.650203  11816.687293    399.955985  5  6  5  57       
PG24 -11238.335376  21101.915775 -11601.613557   -465.982902  4  3  4  76       
PG25  10901.362136  17937.625522 -16788.907648    497.041910  5  4  3  84       
PG26  25211.069183   2429.720829   8441.574619    -40.337802  6  2  1  74       
PG27  12992.109574 -10961.087745  19984.718545    -33.301208  2  4  2  81       
PG28  20775.848699  -1161.796422 -16524.002649   -530.306419  4  6  4  84       
PG29   4310.668615  25495.127877   5737.646841   -548.882620  4  6  3  83       
PG30 -16840.341893  -6030.586607  19864.211372   -243.521314  4  5  5  68       
PG31  23855.091101  -8235.764878  -9092.631304   -218.302679  4  5  3  72       
PG32  14715.119799   9685.929895 -19710.312982   -545.181667  3  6  3  71       
*  2025  1  8 18 45  0.00000000
PG01  11912.604987 -19553.323826 -13452.488471 999999.999999  9 16  9           
PG02  11799.236791 -21045.759281 -10180.267324   -272.609458  4  5  5  92       
PG03   1350.860839 -15068.250938 -22006.176391    642.180089  5  6  5 104       
PG04   1124.559546 -25746.483754  -6065.521132    508.895552  5  9  6  79       
PG05 -16661.257767   7995.533347  18928.251262   -198.440727  5  5  3  60       
PG06 -20201.431947   1392.342396 -17182.475158   -104.407857  3  6  4  71       
PG07  -4110.252812 -16121.266738  21158.392847    -13.698762  3  4  2  75       
PG08   7644.080617 -19623.401233  15772.996159    456.754393  4  6  4  64       
PG09  -6413.753050 -25612.189413   2443.689524    520.853177  3  3  2  73       
PG10  24529.823982  10592.852795   1408.243457   -268.450822  4  4  3  60       
PG11 -23117.334580  10936.931390  -7013.384113   -752.146648  4  6  3  61       
PG12  -5607.311430  14313.102177 -21952.527090   -563.295642  5  6  4  68       
PG13 -13182.948791  11692.223921  19562.453156    692.834809  4  4  6  60       
PG14 -22837.805584 -13021.387561   4654.454785    576.228839  5  7  5  84       
PG15  -4644.679969  21054.501100  14897.155784    249.315542  6  4  2  79       
PG16  21253.358381  -1860.110357  15742.018773    -82.762878  1  3  5  85       
PG17 -12674.280533 -16509.444553 -15969.242542    483.264644  3  5  3 102       
PG18   5693.695640  14237.371498  21694.595981   -658.522741  6  6  6  96       
PG19 -14999.323161  -6528.169062 -21143.672464    583.833130  3  6  3  89       
PG20 -24572.876741   2298.038742   9726.730692    367.233133  2  4  3  72       
PG21  16178.152219 -19795.768915  -4121.436330    100.463307  3  3  6  78       
PG22 -24327.204963  -9648.850546  -3020.254244    -91.224906  3  6  4  92       
PG23  16185.976963  15800.136556  14151.038595    399.962743  5  7  5  81       
PG24 -12285.837343  21652.472536  -9131.260407   -465.979449  4  2  4  84       
PG25   9039.942963  17349.576931 -18442.374711    497.041414  5  4  3  62       
PG26  25911.488553   2970.847357   5832.180675    -40.351385  6  2  2  87       
PG27  13413.155051  -8584.579832  20875.204510    -33.300829  2  3  1  97       
PG28  19322.409211    200.550054 -18239.168319   -530.315244  4  5  4  93       
PG29   4095.436013  26007.428624   2916.806722   -548.879562  4  6  3  92       
PG30 -15065.658118  -7490.499298  20754.744501   -243.513781  4  4  5  62       
PG31  23052.946962  -7398.007591 -11575.420480   -218.301722  4  5  3  71       
PG32  14895.258207  11896.242428 -18351.473682   -545.175597  4  6  4  45       
*  2025  1  8 19  0  0.00000000
PG01  13173.217765 -20211.774769 -11099.038606 999999.999999  9 15  9           
PG02  12739.492990 -21641.739545  -7544.389556   -272.601310  4  5  5  89       
PG03   3700.142592 -14242.733207 -22276.822312    642.187019  5  6  5 100       
PG04   1486.577332 -24937.876756  -8770.693376    508.900872  5  9  6  89       
PG05 -18640.706083   7281.707552  17322.665377   -198.441328  4  5  3  60       
PG06 -18674.655511     -2.133968 -18865.090589   -104.432277  3  6  4  82       
PG07  -2321.558173 -17527.772673  20229.141443    -13.698623  3  4  1  77       
PG08   8284.668664 -17770.369112  17571.717582    456.761583  3  5  4  66       
PG09  -6185.624044 -25790.934713   -412.950777    520.866845  3  4  2  92       
PG10  24201.257283  10636.693576   4272.301712   -268.465267  4  5  3  74       
PG11 -22502.629233  10164.636012  -9664.000122   -752.145941  4  6  4  53       
PG12  -7851.301085  13342.273486 -21871.001569   -563.297888  5  6  4  60       
PG13 -13385.442424   9347.201690  20663.773644    692.835939  4  4  5  67       
PG14 -22106.930343 -13039.251097   7351.309896    576.235402  5  7  5  73       
PG15  -5513.675745  19338.403414  16760.262339    249.319550  6  3  2  81       
PG16  22755.213498   -996.943862  13669.647722    -82.754618  1  3  5  73       
PG17 -12706.396257 -18300.845997 -13891.410542    483.248669  3  6  3 100       
PG18   3780.618873  15749.719696  21036.712667   -658.521691  6  7  6  87       
PG19 -15135.871846  -8852.250106 -20212.045125    583.836865  3  6  3  83       
PG20 -25477.741108   1899.128990   7095.416773    367.232628  2  5  3  52       
PG21  16673.204478 -19815.406382  -1221.756774    100.464316  3  3  6  86       
PG22 -24414.756544 -10000.667696   -156.009803    -91.227087  3  6  4  83       
PG23  14509.704747  15395.353483  16245.140615    399.969503  5  7  5  80       
PG24 -13111.466107  22044.354647  -6503.028931   -465.976019  4  2  4  95       
PG25   6992.788934  16804.842255 -19789.845832    497.040895  5  4  3  64       
PG26  26348.831274   3399.742628   3124.230793    -40.364967  6  2  2  82       
PG27  13968.534985  -6156.069368  21393.910897    -33.300415  3  3  2  92       
PG28  17811.336135   1755.147058 -19640.882254   -530.324072  4  5  4  93       
PG29   3873.564257  26208.547117     45.356608   -548.876691  5  6  4  97       
PG30 -13301.773690  -9088.409756  21294.409848   -243.506188  4  4  5  78       
PG31  22088.614400  -6352.371910 -13865.055553   -218.301180  5  4  4  81       
PG32  15158.307959  13921.353422 -16673.259544   -545.169510  5  6  4  64       
*  2025  1  8 19 15  0.00000000
PG01  14184.231319 -20758.045252  -8554.485373 999999.999999  9 14  8           
PG02  13440.383356 -22051.146761  -4773.549807   -272.593178  4  4  5  71       
PG03   6102.409050 -13549.197432 -22170.070829    642.193950  5  5  5 100       
PG04   1953.299721 -23857.237569 -11323.493816    508.906166  6  9  6  93       
PG05 -20459.540614   6722.067614  15415.868672   -198.442060  4  5  3  80       
PG06 -17102.614770  -1600.238809 -20222.516060   -104.456668  3  7  4  88       
PG07   -689.685447 -18942.696117  18963.568560    -13.698082  4  5  1  80       
PG08   9067.440106 -15773.007167  19060.037202    456.768775  4  5  4  75       
PG09  -5880.853055 -25669.467751  -3262.466711    520.880555  4  4  3  70       
PG10  23571.007808  10610.462323   7064.627072   -268.479746  4  5  3  77       
PG11 -21711.305831   9167.623211 -12147.453081   -752.145286  4  7  4  48       
PG12 -10116.405295  12501.333846 -21422.952096   -563.299759  5  7  3  76       
PG13 -13723.093985   6912.692698  21400.362918    692.837419  4  4  5  80       
PG14 -21095.086409 -13006.504202   9923.579543    576.241923  5  7  5  80       
PG15  -6541.940290  17482.242685  18322.149333    249.323386  6  3  2  85       
PG16  24065.236221   -305.663674  11362.093898    -82.746072  1  2  4  59       
PG17 -12785.249822 -19837.285216 -11566.096653    483.233457  2  7  3  94       
PG18   2019.877478  17299.617900  20016.433745   -658.520585  6  7  6 100       
PG19 -15379.049051 -11040.320428 -18940.245667    583.841215  3  6  3  98       
PG20 -26098.416846   1575.768349   4341.372244    367.232595  2  5  4  75       
PG21  16943.750328 -19603.481580   1700.566479    100.465212  3  3  6  76       
PG22 -24216.131069 -10227.026164   2711.011043    -91.228708  3  6  4  79       
PG23  12598.447321  15030.672131  18063.202768    399.976315  5  7  5  87       
PG24 -13726.241225  22241.566742  -3761.652482   -465.972677  5  2  4 101       
PG25   4792.731442  16332.444614 -20809.033439    497.040394  5  4  3  64       
PG26  26506.063812   3746.853392    363.624992    -40.378562  6  2  2  82       
PG27  14654.969511  -3726.169143  21532.703254    -33.299966  3  3  3  93       
PG28  16286.417446   3486.633532 -20705.085108   -530.332925  4  5  4  90       
PG29   3607.142892  26099.437107  -2826.883209   -548.873881  5  6  4 103       
PG30 -11587.093812 -10799.927525  21473.446806   -243.498601  4  4  5  83       
PG31  21002.026200  -5093.216828 -15923.497372   -218.300474  5  4  4  85       
PG32  15474.967375  15726.436666 -14705.732503   -545.163427  5  6  4  71       
*  2025  1  8 19 30  0.00000000
PG01  14949.921717 -21152.550814  -5862.645021 999999.999999  9 14  8           
PG02  13920.229269 -22239.940727  -1917.684107   -272.584994  5  4  5  71       
PG03   8508.985153 -12999.961472 -21687.358489    642.200885  5  5  5 105       
PG04   2552.423761 -22534.463436 -13679.651721    508.911481  6  8  6  96       
PG05 -22075.363969   6300.257517  13241.490133   -198.442985  3  5  4  68       
PG06 -15530.894161  -3384.184345 -21230.904595   -104.481079  3  7  4  95       
PG07    766.890536 -20324.818502  17380.801447    -13.697597  4  5  1  76       
PG08   9998.224840 -13677.792642  20212.475790    456.775973  4  4  3  77       
PG09  -5465.006039 -25262.221142  -6055.686860    520.894262  4  4  3  87       
PG10  22641.220514  10554.370902   9738.565393   -268.494240  4  5  3  76       
PG11 -20783.642147   7938.275360 -14420.751880   -752.144624  4  7  4  41       
PG12 -12356.471232  11800.327710 -20615.561242   -563.301650  5  7  3  70       
PG13 -14200.111994   4439.434034  21759.676291    692.838433  3  4  5  90       
PG14 -19810.764010 -12959.880487  12327.628471    576.248419  5  7  5  80       
PG15  -7730.519240  15531.651142  19553.935247    249.327434  6  2  2  75       
PG16  25147.448276    232.346588   8860.144945    -82.737494  1  1  4  83       
PG17 -12875.396993 -21095.220742  -9035.339131    483.217473  2  7  3  96       
PG18    436.355766  18844.778078  18650.686206   -658.519510  6  7  6 103       
PG19 -15705.942461 -13052.850504 -17350.433812    583.845576  3  6  2  92       
PG20 -26418.550694   1293.699019   1512.138228    367.232647  2  5  4  81       
PG21  17019.373512 -19137.157176   4591.621886    100.467021  3  3  6  56       
PG22 -23721.890194 -10364.022347   5530.699858    -91.230756  4  6  4 101       
PG23  10483.720124  14739.268210  19574.001206    399.983098  5  7  6  81       
PG24 -14148.261079  22212.569802   -954.438948   -465.969230  4  2  5  94       
PG25   2477.858225  15955.684935 -21482.892322    497.039916  5  4  3  60       
PG26  26373.724404   4045.409097  -2403.107307    -40.392116  5  2  2  82       
PG27  15461.038405  -1344.329198  21290.429704    -33.299507  3  2  3  90       
PG28  14789.070648   5371.769469 -21413.511687   -530.341774  4  5  4  98       
PG29   3259.565831  25690.066146  -5650.133307   -548.870958  6  6  5  99       
PG30  -9955.825603 -12594.301320  21288.078265   -243.490993  4  4  5  77       
PG31  19834.640446  -3622.823495 -17716.475821   -218.299531  5  4  4  80       
PG32  15811.198350  17283.936695 -12483.819162   -545.157334  6  6  4  46       
*  2025  1  8 19 45  0.00000000
PG01  15482.744792 -21358.775685  -3069.868392 999999.999999  9 14  8           
PG02  14204.647943 -22180.225574    972.193992   -272.576813  5  4  5  72       
PG03  10869.952394 -12598.997569 -20836.412251    642.207765  5  5  5 104       
PG04   3305.574351 -21005.907676 -15798.383329    508.916790  5  8  6 108       
PG05 -23451.206443   5992.888219  10837.710055   -198.444439  3  5  4  65       
PG06 -14002.272925  -5327.890808 -21872.397722   -104.505463  4  7  4  83       
PG07   2037.106834 -21630.919762  15505.403784    -13.697288  4  5  1  78       
PG08  11074.816148 -11532.669313  21009.728091    456.783183  4  4  4  88       
PG09  -4907.503954 -24591.623185  -8744.530448    520.907942  5  4  2  94       
PG10  21422.803583  10508.064368  12249.565210   -268.508641  4  5  4  77       
PG11 -19762.172710   6477.461469 -16444.550637   -752.143836  4  7  4  42       
PG12 -14524.699570  11241.379214 -19461.907794   -563.303778  5  7  3  56       
PG13 -14812.267316   1978.606420  21736.001542    692.839690  3  5  5  86       
PG14 -18270.558534 -12934.585555  14522.599764    576.254943  5  7  5  89       
PG15  -9072.187639  13533.547936  20432.844905    249.331665  6  3  3  89       
PG16  25971.827721    642.124366   6207.428953    -82.729245  1  1  4  64       
PG17 -12938.866672 -22060.042496  -6344.651683    483.201908  3  7  3  98       
PG18   -952.994161  20340.136989  16962.450276   -658.518442  6  7  5  91       
PG19 -16087.679435 -14855.984087 -15469.871010    583.849585  4  6  2  84       
PG20 -26430.381717   1016.556294  -1343.311808    367.231832  2  5  5  69       
PG21  16935.277767 -18401.809681   7398.682269    100.468549  2  3  5  73       
PG22 -22931.403748 -10449.665838   8254.276323    -91.232554  4  6  4  80       
PG23   8203.662220  14548.767947  20751.410737    399.989876  5  7  6  93       
PG24 -14401.885262  21931.688961   1869.543648   -465.965815  5  2  5  99       
PG25     90.304133  15691.257392 -21799.879625    497.039418  4  4  3  76       
PG26  25950.258525   4329.970685  -5129.542468    -40.405696  5  3  2  71       
PG27  16367.627055    942.934484  20672.849485    -33.299036  4  2  4  90       
PG28  13356.820873   7380.145337 -21754.001411   -530.350640  4  6  4  98       
PG29   2797.161529  24998.991145  -8375.537040   -548.867796  6  6  5  85       
PG30  -8436.796593 -14435.410308  20740.621299   -243.483439  4  4  4  78       
PG31  18627.904492  -1951.497224 -19214.003197   -218.298824  5  4  4  86       
PG32  16129.674784  18574.413752 -10046.637419   -545.151215  6  6  4  65       
*  2025  1  8 20  0  0.00000000
PG01  15802.672878 -21344.776794   -224.240686 999999.999999  9 13  9           
PG02  14325.255457 -21851.399644   3844.999540   -272.568768  4  4  5  76       
PG03  13135.859160 -12341.833161 -19631.155428    642.214625  5  5  5  90       
PG04   4227.270920 -19313.016274 -17643.109860    508.922119  5  7  6  99       
PG05 -24556.836710   5770.648703   8246.550910   -198.445390  2  5  4  60       
PG06 -12555.132410  -7397.793635 -22135.466991   -104.529848  4  7  4  77       
PG07   3117.635334 -22817.330047  13367.132326    -13.696821  4  5  1  86       
PG08  12286.953845  -9385.284935  21438.954743    456.790375  4  4  5  88       
PG09  -4182.999004 -23687.181969 -11282.836358    520.921570  6  5  2  83       
PG10  19935.098353  10508.992302  14555.847879   -268.523101  4  5  4  66       
PG11 -18690.004238   4794.706699 -18183.841016   -752.143186  5  7  5  65       
PG12 -16575.230036  10818.694592 -17980.795510   -563.305581  5  7  3  64       
PG13 -15547.025857   -420.004586  21330.522407    692.841018  3  5  5  94       
PG14 -16498.687251 -12962.818902  16471.083307    576.261518  5  6  5  83       
PG15 -10551.541605  11534.343393  20942.717147    249.336020  6  3  3  64       
PG16  26515.341291    953.912755   3449.631556    -82.720857  1  1  4  87       
PG17 -12936.854465 -22726.443328  -3542.101762    483.186647  3  7  3  71       
PG18  -2139.648783  21739.534755  14980.401168   -658.517357  6  7  5  70       
PG19 -16490.595845 -16422.599177 -13330.460218    583.853748  4  7  3  76       
PG20 -26135.044011    707.489645  -4175.435115    367.232128  3  6  5  76       
PG21  16730.570384 -17391.695657  10071.322743    100.469446  2  4  5  67       
PG22 -21852.875966 -10522.186110  10835.139906    -91.234392  4  6  4  83       
PG23   5801.782521  14480.109791  21574.861547    399.996680  5  7  6  78       
PG24 -14516.651843  21380.325143   4660.356966   -465.962408  5  3  5  97       
PG25  -2325.103668  15548.610228 -21754.148464    497.038985  4  4  3  78       
PG26  25242.075464   4634.943543  -7770.082718    -40.419297  5  3  3  98       
PG27  17348.694931   3093.665428  19692.418775    -33.298555  4  3  4  87       
PG28  12021.941416   9475.172666 -21720.705058   -530.359486  5  6  4  96       
PG29   2190.705216  24052.611022 -10956.020844   -548.864731  6  5  5  85       
PG30  -7052.476488 -16282.973255  19839.505430   -243.475863  4  4  4  67       
PG31  17421.731494    -97.380760 -20390.832172   -218.297708  5  4  4  62       
PG32  16391.355120  19587.071223  -7436.764320   -545.145116  7  6  4  73       
*  2025  1  8 20 15  0.00000000
PG01  15936.247067 -21084.522111   2625.248677 999999.999999  8 13  9           
PG02  14318.154961 -21240.998403   6650.544323   -272.560605  4  4  5  52       
PG03  15259.426509 -12215.780194 -18091.516879    642.221437  5  5  5  80       
PG04   5324.180760 -17500.779691 -19182.094525    508.927449  5  6  6 107       
PG05 -25369.811957   5599.647784   5513.109440   -198.445829  2  5  5  70       
PG06 -11222.041011  -9553.951751 -22015.145746   -104.554199  4  7  4  68       
PG07   4012.921255 -23841.547036  11000.598128    -13.696478  4  5  1  87       
PG08  13616.642391  -7281.268085  21493.938501    456.797635  4  4  5  85       
PG09  -3272.543624 -22584.312210 -13627.150380    520.935247  6  4  2  91       
PG10  18205.255294  10590.874647  16619.032220   -268.537571  5  5  4  82       
PG11 -17609.121997   2908.024847 -19608.566594   -752.142499  5  7  5  74       
PG12 -18464.707860  10518.865532 -16196.499120   -563.307881  5  7  3  69       
PG13 -16384.030111  -2709.775894  20551.242235    692.842060  4  5  5  99       
PG14 -14526.228848 -13072.414559  18139.734651    576.268046  5  6  5  88       
PG15 -12145.451425   9578.168792  21074.358785    249.340178  6  4  3  54       
PG16  26762.710262   1201.771014    633.713677    -82.712584  2  1  4  80       
PG17 -12831.437740 -23098.415636   -677.360750    483.171073  3  7  3  86       
PG18  -3123.678381  22997.459681  12738.442959   -658.516314  6  7  5  80       
PG19 -16877.583321 -17733.124023 -10968.229165    583.858085  5  7  3  83       
PG20 -25542.533244    330.810278  -6935.000931    367.231573  4  6  5  92       
PG21  16446.422409 -16110.224028  12562.428866    100.470182  1  4  5  66       
PG22 -20503.036495 -10618.366950  13229.647139    -91.235998  4  6  4  84       
PG23   3325.501783  14546.666032  22029.712622    400.003454  5  6  6  88       
PG24 -14525.967492  20547.911539   7368.140304   -465.958998  5  3  5  95       
PG25  -4722.301943  15529.574967 -21345.672387    497.038495  4  4  3  67       
PG26  24263.327045   4993.107887 -10280.653794    -40.432890  5  3  2  93       
PG27  18372.327558   5071.882034  18367.946305    -33.298041  4  3  4  94       
PG28  10810.308440  11615.318519 -21314.184510   -530.368301  5  6  4  90       
PG29   1416.752948  22884.127506 -13347.116684   -548.861569  6  5  5  81       
PG30  -5818.240466 -18093.934282  18599.194456   -243.468395  4  4  4  73       
PG31  16253.041625   1914.015918 -21226.854245   -218.296980  5  5  4  48       
PG32  16557.115153  20319.951361  -4699.461529   -545.139000  7  5  4  73       
*  2025  1  8 20 30  0.00000000
PG01  15915.382512 -20559.011053   5429.551544 999999.999999  8 13 10           
PG02  14222.281279 -20345.204083   9340.444933   -272.552353  4  4  5  75       
PG03  17197.187135 -12200.486934 -16243.143481    642.228298  4  5  5  84       
PG04   6594.688310 -15616.061956 -20388.987176    508.932759  5  5  5 108       
PG05 -25876.229517   5442.930580   2684.746173   -198.447478  3  5  5  85       
PG06 -10028.573324 -11751.416044 -21513.144879   -104.578556  4  7  4  76       
PG07   4734.925299 -24663.861953   8444.826274    -13.695882  5  5  1  84       
PG08  15038.785637  -5262.613805  21175.107194    456.804872  5  5  6  80       
PG09  -2164.507558 -21322.952230 -15737.457622    520.948913  7  4  2  94       
PG10  16267.339199  10782.314910  18404.708848   -268.551966  5  5  4  64       
PG11 -16558.753924    843.419618 -20694.147979   -752.141799  6  7  5  78       
PG12 -20153.775952  10321.465334 -14138.427492   -563.309612  5  7  3  60       
PG13 -17295.905906  -4848.871026  19412.773400    692.843362  4  5  5  96       
PG14 -12390.112067 -13285.651433  19499.835367    576.274584  5  6  5  96       
PG15 -13823.857537   7705.212526  20825.732795    249.344220  6  5  4  82       
PG16  26706.889828   1422.067393  -2192.857840    -82.703921  2  1  4  77       
PG17 -12587.238741 -23188.882242   2199.248958    483.154916  2  6  3  91       
PG18  -3913.572100  24070.790983  10275.140490   -658.515261  6  6  4  88       
PG19 -17209.566351 -18776.082484  -8422.763691    583.862144  5  8  4  79       
PG20 -24671.336409   -146.401502  -9573.972691    367.231577  4  6  5  61       
PG21  16124.197732 -14569.836628  14829.069149    100.470863  1  4  4  75       
PG22 -18906.517689 -10771.974250  15397.803795    -91.238239  5  6  4  99       
PG23    824.542451  14753.659574  22107.534357    400.010291  4  6  5  76       
PG24 -14465.621033  19432.564510   9944.094921   -465.955613  5  4  5  95       
PG25  -7055.501284  15628.279089 -20580.297315    497.037995  4  4  3  76       
PG26  23035.418541   5434.218310 -12619.373646    -40.446506  5  3  3  96       
PG27  19402.021941   6848.730305  16724.134295    -33.297571  4  4  4  81       
PG28   9740.513351  13755.537244 -20541.403858   -530.377150  5  6  4  95       
PG29    458.744864  21532.256619 -15507.731601   -548.858466  7  5  5  85       
PG30  -4741.904335 -19823.976539  17040.008752   -243.460830  4  4  3  89       
PG31  15154.418378   4050.555121 -21707.434298   -218.296406  5  4  5  76       
PG32  16589.376733  20779.798315  -1881.874286   -545.132887  7  5  3  96       
*  2025  1  8 20 45  0.00000000
PG01  15775.973877 -19757.133074   8140.407027 999999.999999  8 13 10           
PG02  14077.675778 -19169.011729  11868.953305   -272.543998  3  4  5  83       
PG03  18910.996648 -12268.794484 -14117.017095    642.235152  4  5  4  85       
PG04   8028.796723 -13705.873492 -21243.267463    508.938137  6  4  5 102       
PG05 -26071.154443   5262.107672   -189.751396   -198.448363  4  6  6  78       
PG06  -8992.411167 -13941.806269 -20637.848516   -104.602920  4  7  5  86       
PG07   5302.567864 -25248.932915   5742.710281    -13.695404  5  5  1  78       
PG08  16522.106945  -3366.240734  20489.429395    456.812154  5  5  6  82       
PG09   -855.208699 -19946.025944 -17577.848568    520.962571  7  4  3  85       
PG10  14161.195073  11105.608427  19882.959708   -268.566525  5  5  4  84       
PG11 -15573.856940  -1365.926257 -21421.909193   -752.141076  6  7  5  58       
PG12 -21608.439040  10199.919643 -11840.704540   -563.311705  5  7  3  62       
PG13 -18249.357087  -6801.657074  17936.001450    692.844421  4  4  5 101       
PG14 -10131.888755 -13618.278610  20527.786285    576.281238  5  5  5  88       
PG15 -15550.873490   5950.238328  20201.975241    249.348551  5  5  4  85       
PG16  26349.252762   1651.911988  -4982.856786    -82.695436  3  1  4  36       
PG17 -12172.967314 -23018.986513   5037.686987    483.139994  2  6  4  96       
PG18  -4525.727456  24920.469971   7633.057774   -658.514217  6  6  4  98       
PG19 -17447.057133 -19548.351981  -5736.597375    583.866637  6  8  4  99       
PG20 -23547.737918   -752.794800 -12046.373423    367.230728  5  7  5  72       
PG21  15803.639036 -12791.519144  16833.215461    100.472181  1  3  4  76       
PG22 -17094.950991 -11012.335858  17303.865059    -91.240137  5  6  4  94       
PG23  -1650.775311  15097.900698  21806.293631    400.017111  4  5  5  86       
PG24 -14372.181716  18041.390653  12341.479119   -465.952247  6  5  5 109       
PG25  -9280.699362  15831.348694 -19469.717176    497.037509  5  5  3  65       
PG26  21586.270288   5983.721294 -14747.186337    -40.460110  5  3  3  93       
PG27  20398.147231   8403.334715  14791.022246    -33.297133  4  5  3  89       
PG28   8823.266436  15848.845383 -19415.611991   -530.385943  6  6  4  95       
PG29   -692.165329  20039.742855 -17400.850844   -548.855423  7  6  5  78       
PG30  -3823.552568 -21429.109117  15187.846285   -243.453238  4  4  3  72       
PG31  14152.927146   6274.457516 -21823.676508   -218.295239  5  4  4  82       
PG32  16453.669925  20981.600184    967.781147   -545.126839  7  5  2  99       
*  2025  1  8 21  0  0.00000000
PG01  15556.355736 -18676.230792  10711.173197 999999.999999  8 14 10           
PG02  13923.764231 -17726.056363  14193.697060   -272.536278  3  4  4  73       
PG03  20369.359834 -12387.868768 -11748.978586    642.242007  3  5  4  92       
PG04   9608.364518 -11815.655714 -21730.579774    508.943504  6  4  4  91       
PG05 -25958.710657   5019.031735  -3061.016142   -198.449243  5  6  6  75       
PG06  -8122.763252 -16075.035669 -19404.187887   -104.627254  4  6  5  77       
PG07   5740.885454 -25567.241731   2940.360545    -13.695259  5  5  1  67       
PG08  18030.312518  -1622.773113  19450.191631    456.819423  5  5  6  92       
PG09    650.765275 -18497.809941 -19117.108932    520.976262  7  4  3  79       
PG10  11931.113639  11575.786943  21028.818529   -268.581084  4  4  4  90       
PG11 -14683.784802  -3680.742678 -21779.397888   -752.140334  7  7  6  90       
PG12 -22801.249109  10122.623635  -9341.669379   -563.313653  5  7  3  72       
PG13 -19206.499325  -8539.860702  16147.635875    692.845600  5  5  5  99       
PG14  -7796.334693 -14078.793619  21205.525381    576.287790  5  5  5  87       
PG15 -17286.144535   4341.351708  19215.242318    249.352588  5  6  4  76       
PG16  25699.478381   1927.586728  -7690.013663    -82.686913  4  1  4  67       
PG17 -11562.782741 -22617.080294   7789.088000    483.124018  2  5  4 102       
PG18  -4983.622771  25513.032001   4858.013959   -658.513158  6  6  3  77       
PG19 -17551.733899 -20055.126500  -2954.563443    583.870272  6  8  5  93       
PG20 -22204.828665  -1511.414241 -14309.116626    367.230854  6  7  5  89       
PG21  15521.189347 -10803.981266  18542.304094    100.474289  2  3  4  87       
PG22 -15105.824270 -11363.123434  18916.840160    -91.241745  5  5  4  89       
PG23  -4051.268675  15567.857088  21130.435623    400.023908  4  5  5  88       
PG24 -14281.351793  16390.426832  14516.585674   -465.948876  6  5  5 105       
PG25 -11357.145920  16118.398623 -18031.369162    497.037033  5  5  3  48       
PG26  19949.356343   6661.635221 -16628.455672    -40.473673  5  3  3  99       
PG27  21319.517533   9723.322322  12603.352118    -33.296689  5  5  3  92       
PG28   8061.114235  17847.980037 -17956.118459   -530.394838  6  6  4 103       
PG29  -2036.586267  18451.735336 -18994.162840   -548.852268  7  6  5  64       
PG30  -3055.669683 -22867.268223  13073.802190   -243.445767  4  4  2  83       
PG31  13269.138779   8543.503725 -21572.616497   -218.294825  6  4  4  82       
PG32  16120.070502  20947.833407   3801.027764   -545.120818  7  5  1  95       
*  2025  1  8 21 15  0.00000000
PG01  15295.678294 -17322.345481  13097.629983 999999.999999  9 14 11           
PG02  13797.706042 -16038.119593  16276.321694   -272.527837  3  4  4  89       
PG03  21548.520273 -12520.567886  -9179.163102    642.248886  2  5  3  94       
PG04  11307.666739  -9987.644239 -21842.955622    508.948837  6  4  4  94       
PG05 -25551.836402   4677.455889  -5879.944109   -198.450271  6  6  6  68       
PG06  -7420.127557 -18101.116086 -17833.394212   -104.651610  5  6  5  83       
PG07   6079.922062 -25596.370316     86.350214    -13.694613  5  5  2  74       
PG08  19523.447263    -55.590080  18076.668207    456.826701  5  5  6  85       
PG09   2340.555381 -17022.268560 -20329.225174    520.989877  7  4  3  91       
PG10   9624.341643  12199.933276  21822.667814   -268.595645  4  4  4  81       
PG11 -13911.189384  -6057.002153 -21760.594065   -752.139602  7  7  6  70       
PG12 -23712.266384  10054.268102  -6683.298465   -563.315812  6  7  3  81       
PG13 -20126.375437 -10043.421694  14079.661512    692.846925  5  5  6 107       
PG14  -5429.928191 -14668.002928  21520.862564    576.294347  5  4  5  82       
PG15 -18986.398380   2899.067518  17884.395512    249.356802  5  6  5  78       
PG16  24775.157316   2283.027281 -10269.695475    -82.678743  4  1  5  71       
PG17 -10737.424405 -22017.459167  10406.597931    483.108724  3  5  4 104       
PG18  -5316.704329  25821.936274   1998.270382   -658.512108  6  5  3  97       
PG19 -17487.987843 -20309.586446   -123.114821    583.874466  6  7  5 105       
PG20 -20681.257027  -2438.588823 -16322.785454    367.230488  6  6  5  78       
PG21  15308.515161  -8642.557396  19929.638535    100.475401  3  3  4  96       
PG22 -12981.148739 -11841.376254  20210.900807    -91.243749  5  6  4  87       
PG23  -6330.593392  16144.058088  20090.857859    400.030742  4  4  5  73       
PG24 -14226.347671  14504.207331  16429.671725   -465.945455  6  5  4 102       
PG25 -13248.707956  16462.798041 -16288.244472    497.036557  5  5  3  56       
PG26  18162.553431   7481.632041 -18231.513311    -40.487151  5  3  3  99       
PG27  22125.011856  10805.009605  10199.873509    -33.296273  5  6  3 100       
PG28   7448.481076  19707.077735 -16187.966118   -530.403721  6  6  4  93       
PG29  -3566.689591  16814.089952 -20260.596185   -548.849049  7  6  5  79       
PG30  -2423.574085 -24099.871425  10733.688798   -243.438186  4  4  2  70       
PG31  12516.394980  10812.412846 -20957.334303   -218.294135  6  4  4  67       
PG32  15564.460761  20707.443013   6569.923375   -545.114691  7  5  1  95       
*  2025  1  8 21 30  0.00000000
PG01  15032.261975 -15710.135064  15258.739352 999999.999999 10 14 11           
PG02  13732.876249 -14134.345457  18083.030851   -272.519433  4  4  4  91       
PG03  22433.269454 -12626.995049  -6451.352632    642.255746  1  5  3  97       
PG04  13094.257316  -8259.373633 -21578.921492    508.954171  6  4  3  98       
PG05 -24871.717545   4204.609983  -8598.518766   -198.451278  6  6  6  84       
PG06  -6876.406732 -19971.972436 -15952.634021   -104.675995  5  6  5  85       
PG07   6353.391370 -25322.035939  -2769.133248    -13.694517  5  5  2  86       
PG08  20959.386597   1319.827530  16393.696153    456.833982  5  5  6  80       
PG09   4193.348641 -15561.420232 -21193.799233    521.003536  7  4  3  94       
PG10   7289.487264  12976.791422  22250.567822   -268.610161  4  4  4  85       
PG11 -13271.197819  -8447.436350 -21366.004206   -752.138935  7  7  6  93       
PG12 -24329.756765   9957.328244  -3910.554110   -563.317881  6  7  4  87       
PG13 -20966.588526 -11301.016143  11768.706121    692.848061  5  5  6 104       
PG14  -3079.261550 -15378.884038  21467.724189    576.300867  5  4  5  95       
PG15 -20607.116236   1635.715623  16234.538854    249.360698  5  6  5  80       
PG16  23601.131084   2748.407931 -12679.545102    -82.669852  5  2  5  83       
PG17  -9685.072689 -21258.902441  12846.140297    483.092753  3  5  4  94       
PG18  -5559.032374  25828.638182   -896.335647   -658.511074  6  5  3  88       
PG19 -17224.384596 -20332.286505   2710.381653    583.878278  5  7  5  85       
PG20 -19019.771622  -3543.089613 -18052.344123    367.229934  5  6  5  92       
PG21  15191.282263  -6347.887492  20974.641776    100.476294  4  4  4  97       
PG22 -10765.988494 -12456.796289  21165.695052    -91.245584  5  6  4  84       
PG23  -8446.846406  16799.821343  18704.773521    400.037475  5  4  5  65       
PG24 -14236.384716  12414.970899  18045.811383   -465.942027  6  6  4  95       
PG25 -14925.085114  16832.689824 -14268.610856    497.036063  6  5  2  64       
PG26  16266.839468   8450.353278 -19529.156116    -40.500715  5  3  3 107       
PG27  22775.177237  11653.255255   7622.606741    -33.295850  6  6  3 107       
PG28   6972.032829  21383.309894 -14141.505750   -530.412535  6  6  5  90       
PG29  -5266.341741  15171.663625 -21178.760887   -548.845946  7  6  4  64       
PG30  -1906.141546 -25093.263800   8207.460274   -243.430646  4  4  2  80       
PG31  11900.345208  13034.352469 -19986.982587   -218.293398  6  4  4  76       
PG32  14769.569473  20294.600865   9227.830489   -545.108454  7  5  1 104       
*  2025  1  8 21 45  0.00000000
PG01  14801.995127 -13862.467428  17157.349711 999999.999999 11 14 11           
PG02  13757.532961 -12050.204501  19585.024580   -272.511430  4  4  4  88       
PG03  23017.441235 -12666.179096  -3612.253869    642.262613  1  5  3 102       
PG04  14930.097684  -6662.380326 -20943.492405    508.959500  6  5  4 105       
PG05 -23946.924009   3572.635395 -11170.603964   -198.451822  7  6  6  38       
PG06  -6475.372412 -21643.194608 -13794.532997   -104.700356  5  6  5  85       
PG07   6597.158371 -24738.831107  -5575.217253    -13.694202  5  5  2  75       
PG08  22295.404262   2496.235334  14431.168701    456.841226  5  5  6  85       
PG09   6181.001070 -14153.796436 -21696.367684    521.017213  7  5  3  96       
PG10   4974.874730  13896.688237  22304.512698   -268.624673  4  4  4  89       
PG11 -12770.896813 -10803.180338 -20602.639903   -752.138203  7  7  6  89       
PG12 -24650.595045   9793.661516  -1070.665588   -563.319855  6  7  4  90       
PG13 -21684.986288 -12310.235549   9255.340476    692.849283  5  5  6 103       
PG14   -789.443754 -16196.757695  21046.300939    576.307377  5  4  5  97       
PG15 -22104.248240    555.204157  14296.427166    249.364862  5  7  5  95       
PG16  22208.592927   3348.875629 -14880.077323    -82.661536  5  3  5  71       
PG17  -8401.913981 -20383.080214  15067.103100    483.077655  4  4  4  98       
PG18  -5747.740603  25523.359077  -3775.292834   -658.509999  7  5  4  89       
PG19 -16734.988549 -20150.281762   5498.370572    583.882644  5  7  5  76       
PG20 -17265.614280  -4825.591288 -19467.766998    367.230142  5  6  5  78       
PG21  15188.219748  -3964.441759  21662.971065    100.476790  4  4  3  90       
PG22  -8506.908021 -13211.333076  21766.569856    -91.247548  5  6  4  86       
PG23 -10364.007643  17502.277325  16995.462766    400.044218  5  4  5  41       
PG24 -14335.337181  10161.538994  19335.643183   -465.938576  5  6  4 106       
PG25 -16362.828553  17192.232448 -12005.643986    497.035532  6  6  2  30       
PG26  14304.885892   9566.985744 -20499.087348    -40.514319  6  4  3 102       
PG27  23233.754548  12280.994837   4916.080487    -33.295380  6  6  2 101       
PG28   6611.348497  22838.412473 -11851.879463   -530.421355  7  6  5 101       
PG29  -7111.560442  13566.666290 -21733.288076   -548.842875  7  6  4  74       
PG30  -1476.793616 -25819.997373   5538.548620   -243.423096  4  3  2  72       
PG31  11418.776364  15162.528959 -18676.724615   -218.292679  6  4  5  69       
PG32  13725.755752  19747.290794  11730.151076   -545.102298  7  5  1  68       
*  2025  1  8 22  0  0.00000000
PG01  14636.837273 -11809.704426  18760.832539 999999.999999 11 15 11           
PG02  13893.712864  -9826.251906  20758.838270   -272.503164  5  4  4  87       
PG03  23304.068927 -12597.818321   -710.711484    642.269529  2  5  4  86       
PG04  16772.906778  -5221.151887 -19948.053504    508.964750  6  5  4 107       
PG05 -22812.285141   2759.825297 -13552.694201   -198.452852  7  6  6  72       
PG06  -6193.459974 -23075.656892 -11396.596996   -104.724764  5  6  5  71       
PG07   6847.600537 -23850.623935  -8281.334986    -13.693659  5  5  2  75       
PG08  23489.755451   3474.643506  12223.460887    456.848454  6  5  6  63       
PG09   8268.941920 -12833.050476 -21828.622086    521.030910  7  4  2  93       
PG10   2726.904626  14941.772972  21982.608668   -268.639263  4  4  4  91       
PG11 -12409.143109 -13075.480803 -19483.882226   -752.137310  7  7  6  80       
PG12 -24680.353243   9526.155017   1787.648741   -563.321875  6  7  4  93       
PG13 -22241.329681 -13077.422111   6583.327500    692.850639  5  6  6 100       
PG14   1397.445974 -17099.767265  20263.093720    576.313926  5  4  5  95       
PG15 -23435.897584   -346.857944  12105.767802    249.369032  5  7  5  79       
PG16  20633.982817   4103.473652 -16835.229378    -82.652999  6  3  5  59       
PG17  -6892.396171 -19432.891766  17032.940162    483.062352  5  5  4  87       
PG18  -5921.372092  24905.520720  -6588.334893   -658.508916  7  5  4  89       
PG19 -16000.502145 -19796.021027   8193.846014    583.886707  5  6  5  93       
PG20 -15464.827823  -6278.459919 -20544.572760    367.229477  5  5  5  71       
PG21  15310.492558  -1538.953404  21986.511226    100.478092  4  4  3  87       
PG22  -6250.393324 -14099.066306  22004.706699    -91.249173  5  6  4  90       
PG23 -12053.163843  18213.655052  14991.912935    400.051024  5  5  4  78       
PG24 -14540.636859   7787.913817  20275.988013   -465.935115  5  6  4 110       
PG25 -17546.121578  17503.023810  -9536.966077    497.035020  6  6  1  55       
PG26  12319.591805  10823.114178 -21124.296094    -40.527900  6  4  4 100       
PG27  23469.072281  12708.484352   2126.558899    -33.294852  6  5  2  89       
PG28   6339.873438  24040.051294  -9358.421290   -530.430212  7  6  4  90       
PG29  -9071.276967  12037.133169 -21915.064433   -548.839609  7  6  4  80       
PG30  -1104.714777 -26259.890314   2773.120529   -243.415571  4  3  3  82       
PG31  11061.746962  17151.802353 -17047.576998   -218.292059  6  4  5  54       
PG32  12431.511012  19105.774095  14035.017874   -545.096163  6  5  2  86       
*  2025  1  8 22 15  0.00000000
PG01  14563.486118  -9588.703784  20041.640527 999999.999999 12 15 11           
PG02  14156.386969  -7506.729993  21586.587061   -272.494886  5  4  4  90       
PG03  23305.194964 -12384.019423   2203.130934    642.276452  3  5  4  92       
PG04  18577.679374  -3952.360764 -18610.133890    508.970074  5  5  5 109       
PG05 -21507.548693   1751.625434 -15704.612239   -198.453882  7  6  5  82       
PG06  -6000.861604 -24236.940253  -8800.541326   -104.749174  5  6  5  77       
PG07   7139.918069 -22670.588539 -10838.253739    -13.693420  4  5  2  82       
PG08  24503.216034   4264.021902   9808.800691    456.855664  7  5  6  87       
PG09  10417.324696 -11626.767145 -21588.528700    521.044549  7  5  2 101       
PG10    588.477227  16086.570606  21289.168973   -268.653829  4  4  5  86       
PG11 -12176.706218 -15217.402331 -18029.235177   -752.136604  7  6  5  98       
PG12 -24433.064737   9120.358931   4615.007618   -563.323674  6  7  4 102       
PG13 -22598.881738 -13617.173920   3798.836604    692.851666  6  6  6  98       
PG14   3443.794965 -18059.650660  19130.853482    576.320434  5  4  5  95       
PG15 -24563.901891  -1082.694428   9702.440534    249.373209  5  7  5  87       
PG16  18917.714817   5024.288881 -18512.864442    -82.644671  6  4  5  75       
PG17  -5169.173159 -18450.798948  18711.683789    483.046619  5  5  3  87       
PG18  -6118.160145  23983.825640  -9286.357088   -658.507820  7  5  4  73       
PG19 -15009.177537 -19306.044436  10751.094780    583.890754  5  6  5  89       
PG20 -13662.546571  -7885.875861 -21264.253376    367.229609  5  5  5  93       
PG21  15561.388904    881.178656  21943.264249    100.480007  4  3  2  81       
PG22  -4041.301020 -15106.384058  21877.175070    -91.251328  5  6  5  86       
PG23 -13493.464803  18892.781237  12728.350782    400.057817  6  5  4  78       
PG24 -14862.462349   5341.659353  20850.318137   -465.931658  5  6  4 113       
PG25 -18467.287169  17725.657820  -6904.091994    497.034539  6  6  1  69       
PG26  10352.610438  12202.859248 -21393.368951    -40.541488  6  4  4  94       
PG27  23455.260287  12962.288653   -698.728979    -33.294382  7  5  2  97       
PG28   6126.117043  24962.970614  -6703.984821   -530.439114  7  6  4  97       
PG29 -11108.373857  10615.574584 -21721.359415   -548.836538  8  6  4  72       
PG30   -756.251807 -26400.820007    -40.732716   -243.408045  4  3  3  77       
PG31  10812.026954  18960.267266 -15126.153064   -218.291153  6  4  5  57       
PG32  10893.663745  18410.992142  16103.935448   -545.090036  6  5  3  80       
*  2025  1  8 22 30  0.00000000
PG01  14602.260067  -7241.576946  20977.777935 999999.999999 12 15 11           
PG02  14552.898100  -5138.067892  22056.121784   -272.486443  4  3  4  83       
PG03  23041.336788 -11990.962095   5078.708073    642.283353  3  5  4  76       
PG04  20298.313882  -2864.409193 -16953.078540    508.975377  6  6  5 105       
PG05 -20075.875078    541.359927 -17590.145476   -198.454821  8  6  5  68       
PG06  -5862.873156 -25102.500650  -6051.541526   -104.773610  5  6  5  77       
PG07   7506.468967 -21220.851527 -13199.111955    -13.693053  4  5  3  94       
PG08  25300.522275   4880.710302   7228.598448    456.862863  7  5  6  75       
PG09  12582.381588 -10555.516555 -20980.347120    521.058194  6  5  3  98       
PG10  -1402.464599  17298.834281  20234.720226   -268.668374  4  4  5  75       
PG11 -12056.736357 -17185.466189 -16263.973503   -752.135909  7  6  5  99       
PG12 -23930.667299   8546.040942   7362.228297   -563.325882  6  7  3  95       
PG13 -22725.857299 -13951.545872    949.638609    692.852947  7  6  7  92       
PG14   5317.728559 -19042.778635  17668.412438    576.326973  5  4  5  98       
PG15 -25455.248111  -1671.581718   7129.660937    249.377288  5  6  5  72       
PG16  17102.779307   6115.849683 -19885.226413    -82.636051  7  4  5  78       
PG17  -3252.748002 -17477.215314  20076.368065    483.031647  5  5  3  87       
PG18  -6374.325105  22775.979526 -11822.310708   -658.506763  7  6  4  43       
PG19 -13757.464698 -18719.529611  13126.436343    583.894996  5  6  5  68       
PG20 -11901.337888  -9624.286738 -21614.590085    367.229368  6  5  5  90       
PG21  15936.316739   3249.459791  21537.152963    100.480971  3  3  2  62       
PG22  -1921.386909 -16212.445228  21386.908769    -91.253013  6  7  5  90       
PG23 -14672.772152  19496.735596  10243.672370    400.064611  6  5  4  61       
PG24 -15303.255982   2872.139689  21049.064020   -465.928169  5  6  4 115       
PG25 -19126.996295  17821.357258  -4151.785505    497.034014  7  5  1  67       
PG26   8442.919601  13683.300099 -21300.727782    -40.555086  6  4  4  93       
PG27  23173.244201  13074.058337  -3512.346536    -33.293927  7  5  2  92       
PG28   5935.048206  25589.880745  -3934.209132   -530.447966  7  6  5  87       
PG29 -13180.957639   9327.853109 -21155.845181   -548.833480  8  6  4  61       
PG30   -396.439989 -26239.214079  -2853.857417   -243.400549  4  3  3  89       
PG31  10645.833111  20550.740226 -12944.304090   -218.290619  6  4  5  85       
PG32   9127.282082  17702.963843  17902.365079   -545.084000  5  5  3  74       
*  2025  1  8 22 45  0.00000000
PG01  14766.239533  -4814.250174  21553.175432 999999.999999 13 15 11           
PG02  15082.691444  -2767.331748  22161.103113   -272.478330  4  3  3  89       
PG03  22540.626455 -11390.421298   7865.932136    642.290293  4  5  5  86       
PG04  21889.287131  -1957.299835 -15005.625630    508.980686  6  6  5 103       
PG05 -18562.223637   -869.343032 -19177.613811   -198.455768  8  5  5  63       
PG06  -5741.439809 -25656.536996  -3197.420721   -104.798087  5  6  5  79       
PG07   7975.207010 -19531.759442 -15320.433081    -13.692677  4  5  3  97       
PG08  25851.660665   5347.561666   4526.746435    456.870015  7  5  5  93       
PG09  14717.930884  -9632.186157 -20014.548586    521.071827  6  5  4  96       
PG10  -3214.218989  18540.671484  18835.915075   -268.682895  4  4  5  89       
PG11 -12025.537926 -18941.158973 -14218.691968   -752.135203  7  6  5  99       
PG12 -23202.141056   7778.597506   9981.207902   -563.327742  6  7  3 102       
PG13 -22596.681393 -14108.982700  -1915.704555    692.854203  8  6  7 101       
PG14   6994.165849 -20011.422413  15900.405979    576.333493  5  4  5  98       
PG15 -26083.267479  -2138.798448   4433.112019    249.381465  5  6  5  89       
PG16  15233.265781   7374.794010 -20929.344189    -82.627533  7  4  5  79       
PG17  -1170.834385 -16549.006977  21105.364054    483.015684  6  5  3  94       
PG18  -6722.457470  21308.066901 -14152.056487   -658.505612  7  6  5  77       
PG19 -12250.368150 -18076.736884  15278.950071    583.899412  5  6  5  75       
PG20 -10219.660494 -11463.171985 -21589.851317    367.228986  6  5  5  95       
PG21  16423.093314   5521.790912  20777.755640    100.482008  3  4  1  85       
PG22     72.038404 -17389.906317  20542.609638    -91.254619  6  6  5  96       
PG23 -15587.972482  19982.597634   7580.778887    400.071400  6  6  4  69       
PG24 -15857.588569    428.695436  20869.752374   -465.924689  5  6  4 111       
PG25 -19534.161310  17753.620635  -1327.331250    497.033502  7  5  1  61       
PG26   6625.487330  15235.170996 -20846.787122    -40.568659  7  5  4  90       
PG27  22611.490248  13079.143990  -6267.384731    -33.293529  7  5  3 101       
PG28   5729.634123  25912.050418  -1096.735394   -530.456855  7  6  5  97       
PG29 -15243.817645   8192.328846 -20228.510666   -548.830295  8  6  5  66       
PG30      9.405733 -25780.215441  -5616.934535   -243.393003  5  3  4  91       
PG31  10533.838215  21892.094936 -10538.657547   -218.289866  6  3  5  76       
PG32   7155.279056  17019.234779  19400.248394   -545.077933  4  5  4  85       
*  2025  1  8 23  0  0.00000000
PG01  15060.700314  -2354.883666  21757.963328 999999.999999 13 16 11           
PG02  15737.339721   -440.677880  21901.000577   -272.470256  3  3  3  94       
PG03  21837.655202 -10561.083788  10516.096674    642.297190  5  6  5  95       
PG04  23307.312464  -1222.834190 -12801.397810    508.986015  7  6  5 107       
PG05 -17011.690629  -2470.439727 -20440.362928   -198.456715  8  6  5  80       
PG06  -5596.837410 -25892.524737   -287.790049   -104.822526  5  6  6  69       
PG07   8568.298526 -17640.791814 -17163.082788    -13.692072  4  5  3 111       
PG08  26132.964232   5692.854680   1748.899470    456.877177  7  5  4  82       
PG09  16776.981536  -8861.614640 -18707.635879    521.085456  6  6  5  99       
PG10  -4822.385639  19769.908180  17115.346666   -268.697514  4  4  5  84       
PG11 -12053.616982 -20452.253836 -11928.764792   -752.134503  7  6  5 110       
PG12 -22282.370405   6800.261625  12425.807373   -563.330016  6  7  3 104       
PG13 -22193.012556 -14123.029231  -4748.642469    692.855222  8  5  7 108       
PG14   8455.616798 -20925.203759  13856.886723    576.339981  5  4  5  96       
PG15 -26428.569279  -2514.357186   1660.067053    249.385288  6  6  5  97       
PG16  13352.854183   8789.819519 -21627.383075    -82.618962  8  4  5  71       
PG17   1042.535340 -15698.155019  21782.629463    483.000537  6  5  3  99       
PG18  -7190.053881  19613.605917 -16235.159081   -658.504541  7  6  5  72       
PG19 -10501.493756 -17417.408893  17171.179145    583.903072  5  6  5  70       
PG20  -8650.500048 -13366.087805 -21190.870119    367.228722  7  5  6  96       
PG21  17002.503692   7657.836373  19679.986557    100.482967  3  4  2  93       
PG22   1907.284283 -18605.885168  19358.582816    -91.256269  6  6  6 102       
PG23 -16244.939880  20309.215340   4785.829247    400.078166  7  6  4  65       
PG24 -16512.374388  -1941.159086  20316.975764   -465.921146  5  6  4 120       
PG25 -19705.510677  17489.817276   1520.268742    497.032989  7  5  2  53       
PG26   4930.082046  16823.811968 -20038.024875    -40.582302  7  5  4  87       
PG27  21766.479279  13015.099953  -8918.168026    -33.293144  7  5  4  96       
PG28   5472.462259  25929.580904   1759.612431   -530.465704  6  6  4  95       
PG29 -17250.015503   7219.303112 -18955.472792   -548.827251  8  6  5  72       
PG30    494.100623 -25037.510912  -8281.392593   -243.385489  5  3  4  87       
PG31  10442.420717  22960.390430  -7950.053922   -218.289288  6  3  5  80       
PG32   5007.735415  16393.432610  20572.465263   -545.071808  4  5  5  87       
*  2025  1  8 23 15  0.00000000
PG01  15482.860926     87.791207  21588.638832 999999.999999 13 16 11           
PG02  16500.855645   1798.140914  21281.022667   -272.462157  3  3  3  91       
PG03  20972.066885  -9489.602814  12982.766451    642.304149  5  6  6  85       
PG04  24512.918717   -645.128518 -10378.316960    508.991344  7  7  5 106       
PG05 -15467.859596  -4243.676638 -21357.177985   -198.458350  9  6  5  95       
PG06  -5389.420968 -25813.394818   2626.840410   -104.846984  5  6  6  86       
PG07   9300.986887 -15591.163787 -18693.136543    -13.691702  4  5  4 115       
PG08  26127.979370   5949.018545  -1058.253736    456.884328  8  5  3  90       
PG09  18713.375688  -8240.540368 -17081.867827    521.099137  6  6  6 113       
PG10  -6210.660183  20941.645307  15101.261373   -268.712110  5  4  5  74       
PG11 -12106.960710 -21693.894530  -9433.725427   -752.133832  6  6  5 105       
PG12 -21210.771282   5601.053418  14652.719095   -563.331753  6  7  3  99       
PG13 -21504.497026 -14030.869645  -7501.419803    692.856254  8  5  7 109       
PG14   9692.687232 -21742.672401  11572.834460    576.346508  5  5  5  99       
PG15 -26479.685167  -2831.577319  -1141.475974    249.389582  6  6  5  69       
PG16  11503.323896  10341.919509 -21966.940213    -82.610315  8  4  5  72       
PG17   3348.120106 -14950.622029  22097.876174    482.984486  6  4  3 100       
PG18  -7798.265760  17732.321429 -18035.606491   -658.503419  7  7  5  69       
PG19  -8532.777379 -16779.183113  18769.799554    583.907658  6  6  5  73       
PG20  -7220.234685 -15291.950218 -20425.001353    367.228447  7  5  6  97       
PG21  17649.097964   9622.230934  18263.735263    100.483566  3  4  2  82       
PG22   3559.248452 -19823.127713  17854.506933    -91.258468  6  6  6  98       
PG23 -16658.147144  20438.924188   1907.422850    400.084902  7  7  4  50       
PG24 -17247.421420  -4193.438206  19402.200616   -465.917634  4  6  4 117       
PG25 -19664.854257  17002.663854   4341.161656    497.032457  7  4  3  61       
PG26   3380.272800  18410.343770 -18886.960207    -40.595865  7  5  5  94       
PG27  20642.898410  12920.131623 -11420.925573    -33.292758  7  5  4  89       
PG28   5127.381983  25651.351166   4585.668634   -530.474579  6  6  4  96       
PG29 -19152.545429   6410.779507 -17358.689083   -548.823972  8  6  5  83       
PG30   1087.068036 -24032.827353 -10800.316029   -243.377981  5  4  4  88       
PG31  10335.110462  23739.743051  -5222.886578   -218.288626  6  3  6  85       
PG32   2720.963933  15853.979388  21399.221968   -545.065735  4  4  5  83       
*  2025  1  8 23 30  0.00000000
PG01  16021.953724   2466.153392  21048.124684 999999.999999 13 15 10           
PG02  17350.276227   3909.168990  20311.983429   -272.453774  3  3  4  86       
PG03  19986.955397  -8171.344961  15222.634366    642.311171  6  6  6  84       
PG04  25471.891113   -201.425214  -7777.952848    508.996622  8  7  5  99       
PG05 -13971.223747  -6163.105210 -21912.613619   -198.458704  9  6  5  69       
PG06  -5081.369392 -25431.352404   5495.962323   -104.871437  5  6  6  88       
PG07  10180.762250 -13430.179811 -19882.627058    -13.691182  5  6  4 101       
PG08  25828.075772   6151.218211  -3847.719764    456.891469  8  6  3  83       
PG09  20483.408634  -7757.865513 -15164.892482    521.112784  6  6  7 104       
PG10  -7371.327499  22009.953191  12827.167775   -268.726636  5  4  5  83       
PG11 -12148.498118 -22649.401856  -6776.578017   -752.133124  6  6  6  92       
PG12 -20029.736298   4179.429119  16622.298225   -563.333877  6  7  3 109       
PG13 -20529.230207 -13871.752075 -10127.830911    692.857473  8  5  7  79       
PG14  10704.269350 -22422.949398   9087.568325    576.353058  5  5  5  99       
PG15 -26233.409009  -3125.561211  -3923.631084    249.393579  7  6  5  83       
PG16   9723.129624  12004.900197 -21941.280064    -82.601950  8  4  5  83       
PG17   5702.756967 -14325.457394  22046.659336    482.969557  5  4  4 101       
PG18  -8560.911083  15708.687009 -19522.440447   -658.502360  7  7  6  86       
PG19  -6373.898454 -16196.077291  20046.241570    583.911642  6  6  4  80       
PG20  -5947.773387 -17196.504666 -19305.961426    367.228295  7  5  7  94       
PG21  18332.192348  11385.595391  16553.474739    100.485424  4  4  4  88       
PG22   5010.148724 -21001.338204  16055.141944    -91.260303  6  6  7 101       
PG23 -16849.939564  20339.145922  -1004.271890    400.091654  7  7  4  78       
PG24 -18036.285932  -6289.214335  18143.426241   -465.914127  4  6  5 117       
PG25 -19442.061995  16271.517717   7085.557739    497.031922  6  4  4  69       
PG26   1992.659814  19953.028455 -17412.033226    -40.609457  7  5  5  91       
PG27  19253.547811  12831.540405 -13734.423402    -33.292366  7  5  5  94       
PG28   4661.101435  25094.636034   7332.773917   -530.483451  6  6  4  93       
PG29 -20906.003215   5760.549428 -15465.577182   -548.820956  8  5  5  81       
PG30   1812.950231 -22795.113807 -13129.328057   -243.370430  5  4  4  92       
PG31  10174.176220  24222.901601  -2404.352401   -218.287796  5  4  6  90       
PG32    336.347535  15423.005997  21866.365853   -545.059691  5  4  5  67       
*  2025  1  8 23 45  0.00000000
PG01  16659.617116   4735.328578  20145.718316 999999.999999 13 15 11           
PG02  18256.496188   5857.498670  19010.109948   -272.445423  4  3  5  81       
PG03  18927.130128  -6610.795393  17196.326548    642.318151  6  6  6  85       
PG04  26156.520648    136.833234  -5044.816689    509.001912  8  7  5  97       
PG05 -12557.736999  -8195.886857 -22097.236967   -198.459686  9  6  5  83       
PG06  -4638.356105 -24767.344407   8269.963588   -104.895908  5  6  6  90       
PG07  11206.878739 -11207.414048 -20710.145608    -13.690711  5  6  4 101       
PG08  25232.781004   6335.851653  -6572.922478    456.898597  9  6  2  94       
PG09  22047.366449  -7395.225597 -12989.294098    521.126450  6  7  7 108       
PG10  -8305.429147  22929.642085  10331.341829   -268.741198  5  4  4  78       
PG11 -12139.684433 -23310.773015  -4003.052909   -752.132357  6  6  6 103       
PG12 -18782.959468   2542.595985  18299.337383   -563.335724  7  7  4 105       
PG13 -19273.912421 -13685.357453 -12583.936927    692.858506  9  5  7  84       
PG14  11497.407731 -22927.371247   6444.070074    576.359565  5  6  5  97       
PG15 -25694.829854  -3431.636050  -6639.418352    249.397585  7  6  6  87       
PG16   8046.092364  13746.166436 -21549.505049    -82.593419  9  4  5  74       
PG17   8060.779439 -13834.167548  21630.391677    482.953888  5  4  5  92       
PG18  -9483.788301  13590.295616 -20670.286304   -658.501268  8  7  6  86       
PG19  -4061.393231 -15697.107007  20977.250323    583.915947  6  6  5  78       
PG20  -4843.998662 -19033.923641 -17853.555656    367.227930  7  5  7 105       
PG21  19017.036326  12925.337270  14577.846059    100.486348  5  4  5  75       
PG22   6249.994875 -22098.628846  13989.976628    -91.262127  6  6  7 101       
PG23 -16849.499476  19983.800789  -3898.425717    400.098392  8  8  4  84       
PG24 -18847.387049  -8195.912890  16564.712123   -465.910625  4  6  5 118       
PG25 -19071.792234  15283.427581   9704.672232    497.031438  6  4  4  76       
PG26    776.368369  21408.768567 -15637.382122    -40.623063  7  6  5  99       
PG27  17618.968990  12784.219075 -15820.554244    -33.292015  7  6  5  83       
PG28   4044.676851  24284.412075   9953.615768   -530.492312  6  6  4  92       
PG29 -22468.201792   5254.597055 -13308.547862   -548.817821  8  5  6  91       
PG30   2690.411864 -21359.442068 -15227.427296   -243.362929  6  4  5  92       
PG31   9922.292613  24411.495872    456.375509   -218.287181  5  4  6  96       
PG32  -2101.009016  15115.507395  21965.622854   -545.053672  5  3  6  79       
EOF
