#cP2025  1  4  0  0  0.00000000      96 ORBIT IGS20 HLM  IGS
## 2347 518400.00000000   900.00000000 60679 0.0000000000000
+   32   G01G02G03G04G05G06G07G08G09G10G11G12G13G14G15G16G17
+        G18G19G20G21G22G23G24G25G26G27G28G29G30G31G32  0  0
+          0  0  0  0  0  0  0  0  0  0  0  0  0  0  0  0  0
+          0  0  0  0  0  0  0  0  0  0  0  0  0  0  0  0  0
+          0  0  0  0  0  0  0  0  0  0  0  0  0  0  0  0  0
++         4  2  2  2  2  2  1  2  2  2  2  2  2  2  2  2  2
++         2  2  2  2  2  2  1  1  1  2  2  2  2  1  2  0  0
++         0  0  0  0  0  0  0  0  0  0  0  0  0  0  0  0  0
++         0  0  0  0  0  0  0  0  0  0  0  0  0  0  0  0  0
++         0  0  0  0  0  0  0  0  0  0  0  0  0  0  0  0  0
%c G  cc GPS ccc cccc cccc cccc cccc ccccc ccccc ccccc ccccc
%c cc cc ccc ccc cccc cccc cccc cccc ccccc ccccc ccccc ccccc
%f  1.2500000  1.025000000  0.00000000000  0.000000000000000
%f  0.0000000  0.000000000  0.00000000000  0.000000000000000
%i    0    0    0    0      0      0      0      0         0
%i    0    0    0    0      0      0      0      0         0
/* FINAL ORBIT COMBINATION FROM WEIGHTED AVERAGE OF:        
/* cod emr esa gfz grg jgx jpl mit ngs sio                  
/* REFERENCED TO IGS TIME (IGST) AND TO WEIGHTED MEAN POLE: 
/* PCV:IGS20      OL/AL:FES2014b NONE     Y  ORB:CMB CLK:CMB
*  2025  1  4  0  0  0.00000000
PG01  16425.686857   3999.130418  20493.697289 999999.999999  8  1 14           
PG02  17922.625986   5176.415085  19518.493702   -276.361822  4  9  5  76       
PG03  19331.146574  -7261.158057  16473.346877    638.970305  7  7  8  89       
PG04  25941.188495     23.785287  -6052.355794    506.443929  7  5  4 102       
PG05 -13031.208367  -7494.834612 -22073.612723   -197.973928  8  9  6  73       
PG06  -4761.762270 -25028.653090   7352.449332    -93.128607  7  6  8  80       
PG07  10860.924382 -11949.605711 -20471.757684    -13.940616  8  7  7  94       
PG08  25466.993456   6297.835481  -5631.036790    453.411566  7  6  8  83       
PG09  21567.035496  -7460.509843 -13741.744336    514.540225  8  7  6  76       
PG10  -7999.659923  22617.814163  11249.123661   -261.815334  8  4  6  70       
PG11 -12182.693292 -23075.424937  -5079.055127   -752.415971  7  7  4  71       
PG12 -19215.017608   3087.157338  17765.880758   -562.363420  6  5  4  81       
PG13 -19755.118180 -13756.412202 -11720.954954    692.314081  8  7  9 124       
PG14  11251.043133 -22764.264345   7402.712611    573.215835  6  4  8 100       
PG15 -25909.943087  -3355.065074  -5707.148049    247.464428  7  6  7  92       
PG16   8643.334269  13105.303519 -21733.298612    -86.661592  7  7  6  50       
PG17   7142.660372 -14013.144898  21834.894569    490.322197  8  3  5  70       
PG18  -9154.691012  14331.257823 -20309.556080   -658.982079  7  6  7  82       
PG19  -4983.071778 -15868.511185  20663.931080    581.938400  7  3  3  75       
PG20  -5225.573393 -18378.734175 -18417.206519    367.356966  6  7  5  78       
PG21  18771.117707  12352.978398  15355.123703     99.876083  6  8  6  87       
PG22   5822.694997 -21711.731823  14770.862687    -90.350534  7  6  8 105       
PG23 -16855.354726  20160.459602  -2820.523970    396.847385  8  5  6  95       
PG24 -18552.301756  -7536.510736  17170.582301   -467.536163  6  8  5  51       
PG25 -19224.027638  15666.014930   8775.482951    497.267066  6  4  4 107       
PG26   1142.538786  20923.670723 -16277.134118    -34.151503  4  4  4  49       
PG27  18233.766422  12796.890475 -15095.064358    -33.489821  6  5  9  72       
PG28   4213.374798  24586.795974   9106.189848   -526.218249  5  7  8  68       
PG29 -21949.666431   5394.561367 -14092.271192   -550.261499  8  6  5  54       
PG30   2402.898173 -21868.289622 -14537.300344   -246.961938  4  7  6  93       
PG31  10060.398421  24361.454326   -636.543565   -218.634987  5  4  5  69       
PG32  -1302.355078  15201.969386  21972.932011   -547.936535  6  9  7  73       
*  2025  1  4  0 15  0.00000000
PG01  17111.603593   6175.023493  19360.975583 999999.999999  9  7 14           
PG02  18847.188968   7005.549156  18014.767483   -276.353630  4  9  5  72       
PG03  18250.095936  -5555.924236  18264.920603    638.977485  6  7  7  81       
PG04  26440.250197    311.829405  -3259.004052    506.449304  8  5  4  84       
PG05 -11686.528261  -9579.521910 -22014.041425   -197.975008  8  9  4  73       
PG06  -4214.111589 -24191.885813  10036.680829    -93.153291  7  5  7  93       
PG07  11975.614377  -9711.850932 -21051.958388    -13.940045  8  7  6  90       
PG08  24682.768864   6489.453022  -8290.117634    453.418946  7  6  8  63       
PG09  22973.482906  -7161.722653 -11414.130239    514.554140  7  7  6  94       
PG10  -8793.556249  23419.188065   8633.424042   -261.829708  7  3  6 115       
PG11 -12124.403301 -23555.524874  -2257.439712   -752.415489  6  6  4 107       
PG12 -17945.736480   1318.254405  19232.531074   -562.365578  6  5  4  87       
PG13 -18328.142171 -13572.638497 -14046.540956    692.315415  8  6  9  38       
PG14  11911.241260 -23136.504004   4681.683746    573.222383  5  4  8  82       
PG15 -25186.675247  -3686.666660  -8354.967996    247.468379  6  6  6 122       
PG16   7046.799219  14876.934325 -21110.985674    -86.653237  7  6  6  69       
PG17   9479.989244 -13609.680330  21196.619434    490.306714  8  3  5 100       
PG18 -10178.974518  12176.691817 -21226.212484   -658.981144  7  6  6 109       
PG19  -2595.918122 -15436.164348  21372.939701    581.942473  7  2  3  80       
PG20  -4230.898414 -20149.240621 -16765.715320    367.356944  6  6  5  83       
PG21  19439.464746  13744.779068  13230.388100     99.877748  6  7  6  66       
PG22   6926.756684 -22735.593149  12554.106004    -90.352650  6  5  8  27       
PG23 -16752.690451  19635.105059  -5677.687291    396.854191  8  5  6  50       
PG24 -19358.832295  -9308.770693  15402.552264   -467.532795  6  7  6 106       
PG25 -18779.154866  14511.002697  11289.872418    497.266587  6  4  4  36       
PG26     37.863920  22297.207612 -14321.347425    -34.164850  4  4  4 105       
PG27  16456.452154  12791.896458 -17017.926381    -33.489446  6  4  8 115       
PG28   3485.026970  23622.418630  11617.031847   -526.227202  5  7  8 106       
PG29 -23366.900435   4970.275063 -11783.016061   -550.258223  8  5  5 103       
PG30   3384.505961 -20322.614784 -16463.301826   -246.954400  4  7  6  92       
PG31   9734.454494  24372.943697   2225.244282   -218.634436  5  4  5 104       
PG32  -3748.406687  14976.448220  21826.746512   -547.930594  6  9  6 112       
*  2025  1  4  0 30  0.00000000
PG01  17851.158233   8177.486638  17895.339082 999999.999999 10  9 13           
PG02  19770.458229   8628.420702  16215.800175   -276.345307  3  9  5  80       
PG03  17166.110305  -3634.948243  19736.848670    638.984600  6  7  7  85       
PG04  26636.206683    550.216612   -410.069133    506.454604  8  5  5  80       
PG05 -10471.087714 -11711.243988 -21581.644967   -197.976223  8  8  4  66       
PG06  -3486.564774 -23124.623063  12547.556067    -93.177993  6  3  7  96       
PG07  13217.126923  -7494.298316 -21250.243740    -13.939366  7  7  5  94       
PG08  23620.143317   6721.929834 -10810.830765    453.426280  7  5  8  77       
PG09  24120.420817  -6939.174323  -8891.695193    514.567994  6  7  7  75       
PG10  -9380.952113  24004.106902   5867.534886   -261.844035  8  3  6 115       
PG11 -11954.168520 -23747.359492    602.908356   -752.415018  6  6  3 102       
PG12 -16681.220187   -634.787311  20359.797650   -562.367390  6  5  4  95       
PG13 -16650.185292 -13423.292536 -16136.420807    692.316607  9  6  9  87       
PG14  12380.825136 -23278.396051   1878.985637    573.229006  6  4  8  90       
PG15 -24196.797329  -4084.851704 -10862.705893    247.472617  6  6  6 124       
PG16   5595.835048  16662.507559 -20133.892307    -86.644567  7  6  6  28       
PG17  11745.250792 -13341.913880  20207.790742    490.291901  8  4  5  93       
PG18 -11354.714481  10007.965268 -21775.295361   -658.980221  7  6  6 114       
PG19   -125.804596 -15121.473711  21711.336474    581.946867  6  2  4  92       
PG20  -3404.900723 -21778.595262 -14825.418060    367.356746  6  6  5  82       
PG21  20047.676262  14892.175674  10894.463199     99.878643  6  7  6  80       
PG22   7820.637189 -23610.568616  10128.888127    -90.354566  6  4  8  38       
PG23 -16516.594958  18828.491703  -8435.656332    396.860977  8  5  6 121       
PG24 -20128.322025 -10854.820415  13365.558425   -467.529447  6  7  6  97       
PG25 -18249.960508  13096.333195  13603.696906    497.266025  6  4  4  35       
PG26   -897.036819  23513.905298 -12117.449164    -34.178269  4  3  4 110       
PG27  14482.472480  12876.508009 -18659.118181    -33.489094  6  4  8 113       
PG28   2571.818064  22460.230945  13927.803941   -526.236201  5  7  8  94       
PG29 -24534.287739   4652.335875  -9272.726579   -550.255247  8  5  5 107       
PG30   4532.844182 -18646.684138 -18099.916208   -246.946874  4  7  6 106       
PG31   9261.953022  24111.106830   5047.740970   -218.633465  5  4  4 107       
PG32  -6168.259781  14882.168427  21312.291747   -547.924645  6  8  6 111       
*  2025  1  4  0 45  0.00000000
PG01  18609.973002   9975.861214  16121.974374 999999.999999 10 11 13           
PG02  20652.642464  10027.995121  14150.767964   -276.337201  2  8  4  66       
PG03  16119.999555  -1525.906654  20863.304505    638.991695  6  7  7  76       
PG04  26522.618258    776.169645   2445.860432    506.459968  8  6  5  68       
PG05  -9403.321432 -13844.655747 -20783.439342   -197.976812  7  8  3  65       
PG06  -2560.933393 -21866.099940  14841.990586    -93.202687  6  2  7  67       
PG07  14563.347057  -5343.347204 -21064.289116    -13.938870  7  7  4  90       
PG08  22299.723381   7027.597027 -13151.065523    453.433594  7  5  8  66       
PG09  24985.008004  -6760.008013  -6217.379706    514.581854  5  7  7  83       
PG10  -9784.291119  24337.701316   2999.208316   -261.858395  7  3  6 108       
PG11 -11637.362022 -23665.656658   3452.919966   -752.414550  6  6  3  82       
PG12 -15460.345357  -2742.674750  21127.422412   -562.369557  6  5  4  75       
PG13 -14749.148772 -13341.572071 -17955.732319    692.317769  9  6  8 122       
PG14  12685.389375 -23164.350262   -956.515531    573.235554  6  5  8  85       
PG15 -22965.354448  -4578.387964 -13189.213014    247.476536  6  5  6 108       
PG16   4307.097017  18418.053808 -18816.785958    -86.635974  7  6  6  39       
PG17  13893.407597 -13200.654591  18884.701804    490.276663  8  5  5  73       
PG18 -12665.674800   7872.494584 -21947.955290   -658.979295  7  6  5 102       
PG19   2378.842485 -14935.285557  21671.845971    581.950916  6  2  4  92       
PG20  -2737.043227 -23224.777631 -12630.111244    367.356390  6  5  5  88       
PG21  20556.672668  15792.474558   8384.818457     99.880206  6  6  7  83       
PG22   8515.086041 -24297.899954   7535.036550    -90.356534  5  3  8  66       
PG23 -16187.465614  17736.412955 -11046.266901    396.867788  8  5  6 113       
PG24 -20822.321952 -12162.866503  11096.622077   -467.526120  6  7  6  84       
PG25 -17676.322201  11432.092556  15675.318859    497.265568  5  5  5  67       
PG26  -1673.089648  24534.774673  -9702.843437    -34.191713  4  3  4  92       
PG27  12349.125552  13072.938662 -19991.262919    -33.488714  6  4  7  96       
PG28   1462.193591  21140.297463  15998.688658   -526.245151  5  7  8  74       
PG29 -25424.926359   4410.196091  -6604.228879   -550.252548  8  5  5  94       
PG30   5846.912866 -16884.889462 -19418.626478   -246.939390  4  7  5  87       
PG31   8614.429097  23599.535084   7780.921911   -218.633201  5  4  4  97       
PG32  -8514.359235  14913.211024  20437.482791   -547.918666  6  8  5  85       
*  2025  1  4  1  0  0.00000000
PG01  19349.872137  11546.887287  14071.358957 999999.999999 11 11 12           
PG02  21452.422323  11195.088360  11853.104099   -276.329285  3  8  4  78       
PG03  15148.026464    735.949892  21624.605423    638.998763  5  7  6  73       
PG04  26101.849354   1027.338208   5260.101127    506.465271  8  6  6  87       
PG05  -8493.688910 -15932.368977 -19632.566299   -197.977674  7  7  3  68       
PG06  -1427.002784 -20459.861808  16880.753672    -93.227360  6  1  6  91       
PG07  15985.289434  -3300.940558 -20499.042889    -13.937972  7  7  2  75       
PG08  20749.112879   7434.647529 -15271.597814    453.440926  6  5  7  43       
PG09  25552.458091  -6588.329795  -3436.773096    514.595723  4  6  7  90       
PG10 -10032.562163  24391.839277     78.355131   -261.872807  7  2  6  99       
PG11 -11143.673568 -23332.909933   6243.749853   -752.414056  6  5  3 109       
PG12 -14317.268020  -4969.191169  21521.634398   -562.371189  7  5  4  77       
PG13 -12659.596232 -13355.624110 -19474.070195    692.319110  9  6  8 119       
PG14  12855.641372 -22775.954313  -3775.301097    573.242135  6  5  8  90       
PG15 -21523.454400  -5191.202525 -15296.650373    247.480662  5  5  5 106       
PG16   3189.502104  20097.896354 -17180.249449    -86.627565  6  6  6  26       
PG17  15882.387424 -13169.291406  17248.975527    490.261151  9  5  5  79       
PG18 -14087.927839   5814.502725 -21741.896978   -658.978354  7  6  5  96       
PG19   4867.933167 -14880.360662  21253.812774    581.954913  5  2  4  95       
PG20  -2209.466950 -24450.073045 -10217.870812    367.356237  6  4  5  46       
PG21  20928.297501  16450.664265   5741.451540     99.881992  6  5  7  81       
PG22   9028.007133 -24762.735833   4815.339664    -90.358563  4  3  8  86       
PG23 -15806.946311  16363.896893 -13463.991065    396.874595  8  5  6 103       
PG24 -21402.564564 -13229.595873   8636.334392   -467.522808  6  6  6  85       
PG25 -17097.046339   9537.156410  17467.404012    497.265107  5  5  5  77       
PG26  -2308.035089  25325.203618  -7118.923643    -34.205142  4  2  4  79       
PG27  10098.061050  13396.697604 -20991.857212    -33.488354  6  3  6 101       
PG28    152.611069  19705.727083  17793.998728   -526.254162  5  7  8  79       
PG29 -26019.667885   4209.302320  -3823.034939   -550.249328  8  5  5  92       
PG30   7317.710439 -15082.163291 -20396.660231   -246.931890  5  7  5  83       
PG31   7769.443105  22868.749359  10376.168866   -218.632204  5  4  3  90       
PG32 -10741.154381  15055.879053  19216.270679   -547.912746  6  7  5  86       
*  2025  1  4  1 15  0.00000000
PG01  20030.393935  12875.403972  11778.739930 999999.999999 11 12 11           
PG02  22128.477644  12128.551398   9360.058740   -276.321005  4  8  4  70       
PG03  14280.493523   3108.986204  22007.571351    639.005800  5  7  5  64       
PG04  25384.984178   1340.164755   7984.681812    506.470622  8  6  6  88       
PG05  -7744.389682 -17926.598038 -18148.107248   -197.978913  7  6  4  60       
PG06    -83.104011 -18952.090660  18629.125555    -93.252022  6  1  6  85       
PG07  17448.236835  -1403.074578 -19566.508371    -13.937620  6  7  1  79       
PG08  19001.990691   7965.916816 -17136.695538    453.448218  6  5  7  59       
PG09  25816.540674  -6386.761932   -597.357667    514.609564  3  6  7  97       
PG10 -10159.997038  24146.351498  -2843.850280   -261.887093  7  1  6 105       
PG11 -10448.453162 -22778.424363   8927.604185   -752.413509  6  5  3 106       
PG12 -13280.109384  -7272.435045  21535.426395   -562.373585  7  4  4  80       
PG13 -10421.619171 -13487.393853 -20665.949022    692.320285  9  6  7 120       
PG14  12926.009528 -22102.808274  -6528.103428    573.248706  6  6  8 100       
PG15 -19907.139850  -5941.367911 -17150.994148    247.484541  5  6  5 102       
PG16   2243.982256  21656.272248 -15250.467843    -86.618896  6  5  6  66       
PG17  17674.468299 -13224.480349  15327.267106    490.245439  9  6  5  76       
PG18 -15590.694271   3873.483600 -21161.371936   -658.977437  8  5  4  92       
PG19   7291.470706 -14951.226047  20463.307176    581.959288  5  3  4  86       
PG20  -1797.887914 -25422.437026  -7630.377182    367.356024  6  3  5  67       
PG21  21126.724320  16879.093806   3006.398717     99.883867  6  5  7  10       
PG22   9383.652429 -24975.484784   2014.932990    -90.360445  4  3  8  73       
PG23 -15416.159091  14725.164325 -15646.762721    396.881420  8  5  6 101       
PG24 -21832.495038 -14059.994858   6028.058772   -467.519466  6  6  6  93       
PG25 -16548.216526   7438.658863  18947.684652    497.264644  5  5  5  52       
PG26  -2825.566496  25856.328465  -4410.374213    -34.218582  4  2  4  94       
PG27   7773.921450  13855.905692 -21643.628691    -33.487963  6  3  6  98       
PG28  -1352.121727  18201.038738  19282.794461   -526.263167  5  6  8  91       
PG29 -26307.787577   4012.601998   -976.586516   -550.246286  8  5  5  82       
PG30   8928.423507 -13282.300646 -21017.385637   -246.924398  4  7  5  85       
PG31   6711.718692  21954.950696  12787.219172   -218.631497  4  4  3  86       
PG32 -12806.644686  15289.230670  17668.476096   -547.906784  6  7  5  90       
*  2025  1  4  1 30  0.00000000
PG01  20610.404467  13954.740438   9283.530489 999999.999999 11 13  9           
PG02  22641.038351  12835.177053   6712.205830   -276.312749  5  8  5  68       
PG03  13540.583440   5546.628737  22005.756367    639.012877  4  7  5  69       
PG04  24391.425184   1748.297434  10573.139087    506.475964  8  6  6  87       
PG05  -7149.396661 -19780.836103 -16354.803901   -197.979729  7  6  5  92       
PG06   1463.649224 -17389.850464  20057.469159    -93.276675  6  1  6  88       
PG07  18913.116890    321.409652 -18285.367896    -13.937021  6  7  1  41       
PG08  17096.976565   8637.859947 -18714.682180    453.455527  6  5  7  57       
PG09  25779.769530  -6118.062686   2252.284196    514.623422  3  6  7  81       
PG10 -10204.545567  23589.960871  -5715.912991   -261.901470  7  1  6  99       
PG11  -9533.840852 -22037.114894  11458.547648   -752.413024  6  5  3 102       
PG12 -12369.901061  -9606.297956  21168.691153   -562.375229  7  4  4  71       
PG13  -8079.508394 -13751.710445 -21511.198431    692.321339  9  6  7 113       
PG14  12933.107072 -21143.051436  -9166.807731    573.255298  6  6  8  74       
PG15 -18156.112425  -6840.315635 -18722.474552    247.488464  4  6  4  95       
PG16   1463.542017  23048.997883 -13058.914614    -86.610432  6  5  6  57       
PG17  19237.520988 -13337.083531  13150.902670    490.230121  9  6  5  73       
PG18 -17137.454526   2082.866266 -20217.057076   -658.976519  8  5  4  89       
PG19   9601.326777 -15134.369649  19313.101731    581.963196  5  4  5  86       
PG20  -1472.740737 -26116.647988  -4912.186858    367.355878  6  3  6  49       
PG21  21119.800723  17096.915265    223.226232     99.885529  6  4  7  56       
PG22   9611.577227 -24913.005168   -819.365489    -90.362540  3  4  8  66       
PG23 -15053.970723  12843.227904 -17556.733170    396.888219  8  5  6  94       
PG24 -22078.716940 -14666.858306   3317.122895   -467.516142  6  5  6  83       
PG25 -16061.662313   5171.117157  20089.617288    497.264171  5  5  6  75       
PG26  -3254.217958  26106.204778  -1624.388841    -34.232008  4  2  4  95       
PG27   5422.875655  14450.881345 -21934.833875    -33.487575  6  3  6  99       
PG28  -3038.834470  16670.485371  20439.418808   -526.272161  5  6  8  99       
PG29 -26287.347578   3782.149824   1886.533722   -550.243737  8  5  5  87       
PG30  10654.937539 -11526.346064 -21270.582112   -246.916890  5  7  5  98       
PG31   5433.993313  20898.541984  14971.076134   -218.630882  5  4  2  92       
PG32 -14673.809337  15585.901124  15819.528987   -547.900769  6  7  5 102       
*  2025  1  4  1 45  0.00000000
PG01  21049.750512  14786.783059   6628.634299 999999.999999 11 13  6           
PG02  22953.408467  13329.328422   3952.896644   -276.304606  6  8  5  54       
PG03  12943.500172   7999.009557  21619.548863    639.019940  4  7  5  90       
PG04  23148.189333   2281.110254  12981.288893    506.481392  7  5  6  80       
PG05  -6694.808225 -21451.501021 -14282.687154   -197.980628  7  5  5  87       
PG06   3197.466011 -15819.319665  21141.708499    -93.301336  6  2  5  86       
PG07  20338.049841   1851.707256 -16680.469264    -13.936760  6  6  1  58       
PG08  15076.322575   9459.762283 -19978.452278    453.462852  6  5  7  65       
PG09  25453.269257  -5746.750768   5063.287949    514.637248  4  6  7  78       
PG10 -10206.189264  22720.871281  -8486.988088   -261.915873  7  1  6  78       
PG11  -8389.639533 -21148.104003  13793.277119   -752.412521  5  5  4  88       
PG12 -11599.834426 -11922.119552  20428.213723   -562.377635  6  3  4  69       
PG13  -5680.277118 -14155.641935 -21995.286489    692.322636  9  6  6 102       
PG14  12914.114949 -19903.558855 -11645.332677    573.261873  5  7  8  48       
PG15 -16312.353921  -7892.298834 -19985.949628    247.492551  4  6  4  87       
PG16    833.627129  24235.118006 -10641.933004    -86.601700  6  5  6  53       
PG17  20546.066540 -13473.330394  10755.454142    490.214999  9  6  5  66       
PG18 -18687.286526    468.927666 -18925.824597   -658.975580  8  4  4  83       
PG19  11752.962867 -15408.776122  17822.512869    581.967615  6  5  5  83       
PG20  -1200.522546 -26515.206081  -2109.963811    367.354842  6  2  6  87       
PG21  20880.290329  17129.305066  -2563.500319     99.886347  6  4  7  51       
PG22   9745.389390 -24559.586729  -3639.766797    -90.364173  3  4  7  79       
PG23 -14755.365142  10749.149275 -19160.941509    396.895031  8  5  6  69       
PG24 -22112.300060 -15070.019112    550.017266   -467.512935  6  5  6  76       
PG25 -15663.616735   2775.247919  20872.915690    497.263705  5  5  6 100       
PG26  -3626.043919  26060.725089   1190.180834    -34.245452  4  1  3  65       
PG27   3091.092799  15174.013628 -21859.491606    -33.487153  6  3  6  77       
PG28  -4886.309289  15156.401037  21243.940817   -526.281075  5  6  7  71       
PG29 -25965.239223   3480.753191   4717.412046   -550.240711  8  5  5  80       
PG30  12466.645573  -9851.111294 -21152.582405   -246.909356  5  7  5  88       
PG31   3937.541295  19742.483248  16888.856340   -218.630215  4  5  2  82       
PG32 -16311.866926  15913.187495  13700.113240   -547.894786  7  7  5  54       
*  2025  1  4  2  0  0.00000000
PG01  21310.887565  15381.716743   3859.709186 999999.999999 11 13  1           
PG02  23033.411809  13632.296484   1127.660123   -276.296328  6  8  5  55       
PG03  12495.944259  10414.741065  20856.139469    639.026960  4  6  4  96       
PG04  21688.928092   2962.386637  15167.962843    506.486734  7  5  6  93       
PG05  -6359.508264 -22899.489988 -11966.616933   -197.982000  7  5  5  52       
PG06   5094.320114 -14284.078527  21863.707796    -93.326011  6  2  5  81       
PG07  21679.994970   3175.576042 -14782.198274    -13.936143  5  6  1  74       
PG08  12984.473992  10433.214256 -20905.932075    453.470189  7  5  6  80       
PG09  24856.323686  -5240.671709   7787.336876    514.651050  4  6  7  72       
PG10 -10205.163399  21546.985211 -11107.855999   -261.930260  6  2  5  82       
PG11  -7013.897313 -20153.172508  15891.849698   -752.412016  5  6  4  82       
PG12 -10974.845028 -14170.449855  19327.520779   -562.379629  6  3  4  49       
PG13  -3272.086390 -14698.143147 -22109.567470    692.323724  9  6  6  93       
PG14  12905.150815 -18399.798996 -13920.470818    573.268407  5  7  7  81       
PG15 -14418.691176  -9094.117519 -20921.215862    247.496831  3  6  3  88       
PG16    332.799029  25178.474283  -8040.210786    -86.593219  5  5  6  45       
PG17  21582.111546 -13596.164354   8180.250696    490.199501  9  6  5  49       
PG18 -20196.376424   -950.007735 -17310.410173   -658.974580  8  4  4  78       
PG19  13707.025797 -15746.786910  16017.105424    581.971726  6  5  4  96       
PG20   -945.283862 -26608.946137    728.316037    367.355094  5  2  6  57       
PG21  20386.975031  17006.483579  -5308.771588     99.888014  6  4  7  67       
PG22   9821.333266 -23907.683438  -6398.263463    -90.366208  3  5  7 103       
PG23 -14549.987677   8480.985383 -20431.887081    396.901859  8  5  6  87       
PG24 -21909.906153 -15295.337339  -2226.385833   -467.509632  5  4  6  88       
PG25 -15373.622540    296.525799  21283.944450    497.263246  5  5  6  94       
PG26  -3975.143226  25714.240738   3983.728964    -34.258885  4  1  3  32       
PG27    823.206861  16009.931366 -21417.546594    -33.486780  7  4  6 102       
PG28  -6865.911723  13697.635008  21682.499861   -526.290056  5  6  7  90       
PG29 -25356.902202   3073.593973   7467.622204   -550.237852  7  5  5  97       
PG30  14327.519702  -8287.882378 -20666.286349   -246.901861  5  7  4  83       
PG31   2232.344205  18530.551345  18506.551295   -218.629396  4  5  1  83       
PG32 -17697.316100  16234.359689  11345.716918   -547.888793  7  7  4  88       
*  2025  1  4  2 15  0.00000000
PG01  21360.419673  15757.450926   1024.382703 999999.999999 10 13  5           
PG02  22854.708342  13771.403005  -1716.448894   -276.288420  6  8  4  39       
PG03  12195.941822  12742.749432  19729.359178    639.033988  4  6  4  85       
PG04  20052.707277   3809.216626  17095.698199    506.492128  6  4  5  81       
PG05  -6116.111978 -24091.584512  -9445.737022   -197.982546  6  4  5  53       
PG06   7122.709654 -12823.515930  22211.547343    -93.350651  6  2  5  72       
PG07  22896.422422   4289.499041 -12625.762972    -13.935299  5  6  1  63       
PG08  10866.548286  11551.872452 -21480.478181    453.477524  6  5  6  61       
PG09  24015.621496  -4572.444985  10377.490541    514.664864  4  5  7  63       
PG10 -10240.163003  20085.735595 -13531.878493   -261.944572  6  2  5  88       
PG11  -5413.177023 -19095.122784  17718.353731   -752.411475  4  6  4  80       
PG12 -10491.547674 -16302.844611  17886.592075   -562.381871  5  3  4  70       
PG13   -902.626950 -15370.010752 -21851.450080    692.324920  8  6  6 100       
PG14  12939.691614 -16655.358277 -15952.670906    573.274976  5  7  7  84       
PG15 -12517.351511 -10435.112010 -21513.257451    247.500778  2  6  3  64       
PG16    -66.302323  25849.129106  -5298.149656    -86.584610  5  4  5  37       
PG17  22335.729520 -13666.731265   5467.827515    490.184512  9  6  5  51       
PG18 -21619.643294  -2164.054645 -15398.987812   -658.973593  8  3  3  67       
PG19  15430.748961 -16115.252812  13928.261943    581.975889  6  5  4  88       
PG20   -670.208255 -26397.343707   3554.174029    367.354658  5  3  6  44       
PG21  19625.581829  16762.558175  -7967.717557     99.889137  6  4  7  59       
PG22   9876.756492 -22958.364227  -9047.415220    -90.368050  4  5  7  79       
PG23 -14460.919104   6082.467656 -21347.993967    396.908652  8  5  6  88       
PG24 -21454.697317 -15373.494439  -4965.582031   -467.506319  5  4  6  67       
PG25 -15203.735023  -2216.452469  21315.963098    497.262776  5  5  6  98       
PG26  -4336.088597  25069.856937   6706.831693    -34.272322  5  2  3  70       
PG27  -1339.175653  16935.967992 -20614.956934    -33.486395  7  4  6  80       
PG28  -8942.513958  12328.133259  21747.544726   -526.299034  5  6  7  82       
PG29 -24485.730275   2529.764630  10090.039993   -550.234549  7  5  5  91       
PG30  16197.399604  -6861.365768 -19821.049713   -246.894388  5  7  4  93       
PG31    336.899660  17305.579636  19795.683386   -218.628633  4  5  2  70       
PG32 -18814.714659  16510.151690   8796.090326   -547.882790  7  7  4  82       
*  2025  1  4  2 30  0.00000000
PG01  21170.491076  15938.753002  -1828.566976 999999.999999  9 14  9           
PG02  22397.931950  13778.873695  -4531.551019   -276.280224  6  8  4  36       
PG03  12033.031507  14934.092913  18259.393203    639.041007  4  6  4  82       
PG04  18282.591663   4831.150341  18731.370856    506.497571  5  4  5  78       
PG05  -5932.164249 -25001.651517  -6762.850496   -197.984146  6  3  5  73       
PG06   9244.704281 -11471.414873  22179.693925    -93.375288  6  3  6  66       
PG07  23946.940034   5198.490763 -10250.415472    -13.934761  4  6  2  74       
PG08   8766.784771  12801.520240 -21691.206618    453.484889  7  5  7  84       
PG09  22964.226188  -3720.734611  12788.997563    514.678632  4  4  7  57       
PG10 -10346.610479  18363.534762 -15715.910816   -261.958899  6  3  5  63       
PG11  -3602.502175 -18016.116726  19241.512423   -752.410962  4  6  5  92       
PG12 -10138.522010 -18273.618624  16131.443117   -562.383837  5  3  4  52       
PG13   1382.486334 -16154.149832 -21224.482236    692.326219  8  6  5  88       
PG14  13047.114703 -14701.152323 -17706.745895    573.281550  4  8  6  84       
PG15 -10648.554830 -11897.422443 -21752.435691    247.504836  2  6  2  81       
PG16   -395.737784  26224.582647  -2463.134167    -86.576008  5  4  5  50       
PG17  22805.363958 -13645.960183   2663.313318    490.169339  9  6  4  59       
PG18 -22912.415323  -3171.925424 -13224.660771   -658.972648  8  4  3  69       
PG19  16899.097902 -16476.933276  11592.622995    581.980214  6  6  4  83       
PG20   -339.219900 -25888.504781   6319.438818    367.354614  5  3  6  49       
PG21  18589.501182  16434.220406 -10496.219618     99.890940  7  4  7  70       
PG22   9948.514335 -21721.456765 -11541.157759    -90.370141  5  6  6  66       
PG23 -14503.727381   3601.468271 -21893.960360    396.915419  7  4  6  83       
PG24 -20737.001185 -15338.642238  -7622.145018   -467.502937  5  4  6  72       
PG25 -15158.055025  -4713.726669  20969.216166    497.262305  5  5  5  88       
PG26  -4742.328125  24139.384190   9311.193730    -34.285757  5  2  3  76       
PG27  -3358.872405  17922.912218 -19463.699096    -33.485992  7  4  6  72       
PG28 -11075.675414  11075.721926  21437.963525   -526.308029  5  6  7  81       
PG29 -23382.184930   1823.659406  12539.641020   -550.231455  6  5  5  89       
PG30  18033.444246  -5588.912145 -18632.454530   -246.886938  5  7  4  79       
PG31  -1722.323453  16107.754099  20733.839777   -218.628030  4  5  2  91       
PG32 -19657.163152  16700.378726   6094.616274   -547.876771  7  7  4  89       
*  2025  1  4  2 45  0.00000000
PG01  20719.975294  15956.123250  -4650.050631 999999.999999  6 14 11           
PG02  21651.603769  13690.515442  -7269.688734   -276.272006  6  8  4  66       
PG03  11988.798655  16943.692651  16472.378848    639.048033  5  5  3  88       
PG04  16424.086649   6029.641038  20046.761307    506.502944  5  3  5  74       
PG05  -5771.547315 -25611.592959  -3963.723072   -197.985161  5  3  5  73       
PG06  11417.239104 -10254.768458  21769.065263    -93.399970  5  3  6  79       
PG07  24794.810849   5915.569968  -7698.636110    -13.934037  4  6  2  52       
PG08   6727.019664  14160.431322 -21533.244305    453.492226  7  5  7  59       
PG09  21740.308461  -2671.292073  14980.078360    514.692443  5  3  7  79       
PG10 -10555.060687  16414.860921 -17621.146101   -261.973271  6  3  4  73       
PG11  -1604.980805 -16956.051548  20435.210724   -752.410436  4  6  5  99       
PG12  -9896.932830 -20041.484753  14093.591618   -562.385952  4  2  4  60       
PG13   3541.250924 -17026.145857 -20238.348580    692.327515  8  6  5  94       
PG14  13251.417025 -12574.356829 -19152.492594    573.288106  4  8  6  91       
PG15  -8849.186829 -13456.504922 -21634.619247    247.509288  2  6  3  83       
PG16   -690.833639  26290.726551    415.290697    -86.567610  5  4  5  54       
PG17  22997.837064 -13496.182210   -186.240498    490.153587  8  6  4  61       
PG18 -24032.094076  -3980.758275 -10824.878735   -658.971724  7  4  3  75       
PG19  18095.609360 -16792.084528   9051.409174    581.984689  6  6  3 100       
PG20     81.442193 -25098.841503   8977.044881    367.354084  5  3  6  65       
PG21  17280.267267  16059.333636 -12851.551514     99.892313  7  5  7  53       
PG22  10071.371205 -20215.369599 -13835.622005    -90.371983  6  7  6  89       
PG23 -14685.832822   1088.315598 -22060.988578    396.922267  7  4  6  81       
PG24 -19754.716504 -15226.958530 -10152.391503   -467.499629  5  3  6  54       
PG25 -15232.609648  -7145.777583  20250.869911    497.261830  6  5  5  91       
PG26  -5224.627903  22942.944497  11750.581915    -34.299223  5  2  3  69       
PG27  -5204.375020  18936.024641 -17981.683739    -33.485560  7  5  6  87       
PG28 -13221.035675   9961.139397  20759.102250   -526.317013  5  6  7  75       
PG29 -22082.649416    936.166420  14774.268745   -550.228592  5  6  5  89       
PG30  19791.687284  -4480.044325 -17121.969686   -246.879422  6  7  3  84       
PG31  -3911.759075  14973.039216  21305.072037   -218.627104  4  6  2  82       
PG32 -20226.469364  16765.619327   3287.599324   -547.870751  7  7  4  64       
*  2025  1  4  3  0  0.00000000
PG01  19995.415087  15844.455367  -7391.513503 999999.999999  2 14 12           
PG02  20612.780388  13544.240029  -9883.610995   -276.263867  6  8  4  51       
PG03  12037.731735  18731.908154  14399.898137    639.055095  5  5  3  76       
PG04  14523.494728   7397.800627  21019.044230    506.508368  4  3  4  82       
PG05  -5596.045589 -25912.004806  -1096.323548   -197.985757  4  2  5  52       
PG06  13593.605949  -9192.869007  20986.989451    -93.424709  5  3  6  76       
PG07  25408.305562   6460.934302  -5015.302419    -13.933537  4  6  2  59       
PG08   4785.242052  15600.029161 -21007.894870    453.499614  6  6  7  60       
PG09  20385.688639  -1417.728737  16912.663509    514.706241  5  2  6  84       
PG10 -10889.813695  14281.019520 -19213.869932   -261.987509  6  3  4  13       
PG11    548.879367 -15951.034998  21278.937282   -752.409894  4  6  5  92       
PG12  -9741.454903 -21571.012458  11809.423124   -562.387941  4  3  4  41       
PG13   5536.688678 -17955.125531 -18908.777166    692.328351  8  6  4  87       
PG14  13570.163802 -10317.102303 -20265.211465    573.294699  4  8  5  80       
PG15  -7151.595237 -15081.887866 -21161.255231    247.512908  3  6  3  82       
PG16   -988.586302  26042.486235   3286.319764    -86.559114  5  4  4  61       
PG17  22928.057168 -13182.729516  -3032.584842    490.138067  8  6  4  77       
PG18 -24939.744666  -4605.625256  -8240.791950   -658.970773  7  5  2  71       
PG19  19012.886095 -17020.169123   6349.639703    581.988379  7  5  3 100       
PG20    621.742711 -24052.447669  11481.807697    367.353559  4  4  6  48       
PG21  15707.775056  15675.452921 -14993.046869     99.893107  7  5  6  51       
PG22  10276.461939 -18466.589592 -15889.948900    -90.373935  6  7  6  92       
PG23 -15006.209218  -1405.973886 -21846.894277    396.929074  6  5  6  94       
PG24 -18513.451789 -15075.161519 -12514.997432   -467.496312  5  3  6  94       
PG25 -15415.581692  -9465.299676  19174.801585    497.261409  6  5  5  96       
PG26  -5809.623903  21508.246532  13981.722058    -34.312653  5  2  3  76       
PG27  -6850.903667  19936.290297 -16192.576060    -33.485200  6  5  6  74       
PG28 -15331.866604   8997.354013  19722.671701   -526.326026  5  6  7  89       
PG29 -20628.065525   -144.386439  16755.360036   -550.225551  5  6  4  87       
PG30  21428.633798  -3536.302713 -15316.512490   -246.871922  6  7  3  66       
PG31  -6191.908236  13931.800220  21500.153980   -218.626420  3  6  2  87       
PG32 -20532.981933  16668.896735    423.483424   -547.864784  7  7  4  60       
*  2025  1  4  3 15  0.00000000
PG01  18991.676269  15641.535053 -10005.771959 999999.999999  1 14 13           
PG02  19287.403350  13378.484664 -12327.586396   -276.255813  6  8  3  54       
PG03  12148.363237  20265.896934  12078.377848    639.062163  6  4  3  83       
PG04  12626.248039   8920.479066  21631.193161    506.513775  4  4  4  79       
PG05  -5367.008318 -25902.516568   1789.987626   -197.987402  4  2  5  41       
PG06  15725.085739  -8296.702427  19847.061692    -93.449415  5  3  6  88       
PG07  25761.844264   6860.881849  -2246.862476    -13.933136  3  6  2  74       
PG08   2974.285111  17085.824431 -20122.710885    453.507025  7  6  7  55       
PG09  18944.244694     38.015007  18553.073719    514.720040  5  2  6  87       
PG10 -11367.796051  12008.631977 -20466.105672   -262.001849  6  3  3  71       
PG11   2822.139525 -15032.017774  21758.134501   -752.409354  4  6  6  95       
PG12  -9641.459472 -22833.848810   9319.473302   -562.390135  3  3  4  47       
PG13   7338.081329 -18904.879538 -17257.352250    692.329525  8  6  4  82       
PG14  14013.708116  -7974.986285 -21026.117809    573.301303  3  8  5  88       
PG15  -5582.547688 -16738.145494 -20339.379985    247.517122  3  5  3  72       
PG16  -1325.971733  25484.115431   6098.847710    -86.550677  6  4  4  73       
PG17  22618.428446 -12675.455021  -5827.045460    490.122912  7  6  4  75       
PG18 -25601.553197  -5068.741796  -5516.553413   -658.969862  7  5  3  77       
PG19  19652.725096 -17121.613009   3535.266208    581.992525  6  5  4  95       
PG20   1306.516878 -22780.198557  13791.164527    367.353653  4  4  6  59       
PG21  13890.214892  15318.324198 -16882.788208     99.895147  8  6  6  79       
PG22  10589.876238 -16508.864266 -17667.082448    -90.375890  7  7  6  90       
PG23 -15455.429496  -3831.477728 -21256.096065    396.935912  6  5  5  89       
PG24 -17026.398337 -14919.034206 -14671.563566   -467.493005  5  3  6  77       
PG25 -15687.872691 -11628.867516  17761.251679    497.260951  6  5  5  92       
PG26  -6518.546811  19869.559300  15965.136032    -34.326169  5  2  4  63       
PG27  -8281.222926  20881.867351 -14125.515276    -33.484801  6  6  6  43       
PG28 -17360.724224   8189.193195  18346.544426   -526.334992  6  6  7  89       
PG29 -19062.403991  -1421.570013  18448.615775   -550.222408  4  6  4  87       
PG30  22902.835819  -2751.408756 -13247.923390   -246.864451  6  7  3  83       
PG31  -8518.741688  13007.678247  21316.694915   -218.625861  3  6  2  75       
PG32 -20595.094266  16377.292000  -2447.989955   -547.858776  7  7  4  62       
*  2025  1  4  3 30  0.00000000
PG01  17712.289456  15386.435379 -12447.826766 999999.999999  6 15 14           
PG02  17690.325451  13230.586543 -14558.232195   -276.247616  6  8  3  41       
PG03  12284.646278  21520.707489   9548.411100    639.069227  6  4  3  90       
PG04  10775.279563  10574.667107  21872.292646    506.519133  4  4  3  78       
PG05  -5047.045665 -25591.794376   4645.308732   -197.988756  4  3  4  78       
PG06  17762.661019  -7568.668482  18368.901833    -93.474121  4  3  6  86       
PG07  25836.892884   7146.531450    559.471302    -13.932465  3  5  2  73       
PG08   1320.703849  18578.601805 -18891.465156    453.514419  7  7  7  46       
PG09  17460.247236   1685.525065  19872.628085    514.733808  5  2  5  86       
PG10 -11997.759029   9647.916758 -21356.134783   -262.016220  6  4  3  65       
PG11   5172.646538 -14223.635067  21864.450994   -752.408773  4  5  6  94       
PG12  -9562.409322 -23809.656303   6667.645689   -562.392103  3  4  4  21       
PG13   8921.982010 -19835.210276 -15311.230953    692.330701  7  6  4  80       
PG14  14584.710935  -5595.463375 -21422.638498    573.307927  3  8  4  84       
PG15  -4162.385702 -18386.059137 -19181.567546    247.521193  4  5  3  74       
PG16  -1738.231466  24629.121082   8802.466775    -86.542245  6  4  3  69       
PG17  22097.977097 -11950.113065  -8521.334278    490.107307  7  7  4  38       
PG18 -25990.098303  -5398.409980  -2698.580316   -658.968920  6  6  3  89       
PG19  20025.873842 -17059.533793    658.243435    581.996400  6  5  4  78       
PG20   2154.335379 -21318.609448  15865.870450    367.353087  4  4  5  59       
PG21  11853.712414  15020.414396 -18486.309089     99.896891  8  7  6  61       
PG22  11031.427601 -14382.092004 -19134.521909    -90.377582  7  8  5  92       
PG23 -16016.050682  -6141.094789 -20299.489066    396.942742  6  6  5  84       
PG24 -15313.946762 -14792.007504 -16587.129745   -467.489680  5  3  5  75       
PG25 -16023.969649 -13598.428209  16036.353381    497.260501  6  4  5  90       
PG26  -7366.175880  18066.427751  17665.897869    -34.339601  5  3  4  68       
PG27  -9486.182193  21729.682780 -11814.729300    -33.484371  6  6  5  62       
PG28 -19261.137075   7533.297728  16654.445195   -526.343982  6  6  6  71       
PG29 -17431.026079  -2890.504484  19824.604589   -550.219142  4  7  4  93       
PG30  24176.386375  -2111.734348 -10952.366897   -246.856956  5  6  2  58       
PG31 -10845.279448  12216.762403  20759.110143   -218.625259  3  6  2  82       
PG32 -20438.433540  15863.421878  -5276.668398   -547.852711  6  6  4  63       
*  2025  1  4  3 45  0.00000000
PG01  16169.465875  15117.871678 -14675.638781 999999.999999  8 15 14           
PG02  15845.000360  13135.173893 -16535.343539   -276.239494  7  8  3  36       
PG03  12407.509555  22480.066355   6854.015593    639.076389  6  5  4  88       
PG04   9009.494624  12330.209692  21737.751353    506.524506  4  4  3  81       
PG05  -4601.691106 -24997.203504   7420.071480   -197.989742  4  4  4  80       
PG06  19658.745166  -7002.635597  16577.817331    -93.498846  4  3  6  77       
PG07  25622.590974   7352.397607   3356.495325    -13.931711  3  5  1  80       
PG08   -156.114460  20035.816921 -17334.014775    453.521749  7  7  7  68       
PG09  15976.686275   3506.101969  20848.168250    514.747624  5  3  5  96       
PG10 -12779.827427   7250.836898 -21868.880529   -262.030575  6  4  3  74       
PG11   7554.453047 -13543.301361  21595.892044   -752.408249  5  5  6  88       
PG12  -9467.401849 -24486.734837   3900.384190   -562.394599  3  4  4  28       
PG13  10272.962142 -20703.458427 -13102.762750    692.331924  7  6  5  61       
PG14  15277.978467  -3226.177512 -21448.591189    573.314598  3  8  3  84       
PG15  -2904.404278 -19983.931267 -17705.812810    247.525135  4  5  3  74       
PG16  -2257.210996  23499.813236  11348.476644    -86.533863  6  4  3  83       
PG17  21401.219571 -10989.543736 -11068.388167    490.092167  6  7  4  77       
PG18 -26085.390841  -5627.737064    165.213950   -658.967988  6  6  4  94       
PG19  20151.426199 -16801.364941  -2230.439346    582.000526  5  5  5  67       
PG20   3176.609730 -19708.495658  17670.640077    367.352847  4  4  5  70       
PG21   9631.670512  14809.527631 -19773.297202     99.898076  8  7  5  41       
PG22  11613.663256 -12130.956448 -20265.012742    -90.379724  7  8  5 101       
PG23 -16663.319638  -8292.152174 -18994.208083    396.949565  6  6  4  93       
PG24 -13403.063373 -14723.847444 -18230.637827   -467.486349  5  3  5  81       
PG25 -16393.072897 -15342.561904  14031.556337    497.260050  6  4  5  92       
PG26  -8360.067233  16142.185643  19054.290195    -34.353046  5  3  5  73       
PG27 -10464.952640  22437.117810  -9299.042828    -33.484053  6  6  5  81       
PG28 -20989.266286   7018.402268  14675.540348   -526.353014  6  5  6  82       
PG29 -15778.998547  -4537.838133  20859.288532   -550.215827  4  7  3  83       
PG30  25216.276401  -1597.053649  -8469.672242   -246.849469  5  6  2  48       
PG31 -13123.279344  11567.088476  19838.454745   -218.624558  3  6  3  93       
PG32 -20094.763108  15106.718338  -8012.902640   -547.846678  6  6  3  62       
*  2025  1  4  4  0  0.00000000
PG01  14383.785976  14872.580195 -16650.853601 999999.999999  8 15 14           
PG02  13782.834857  13122.639055 -18222.704206   -276.231435  7  8  3  39       
PG03  12476.527291  23136.832709   4041.844120    639.083468  6  5  4  87       
PG04   7362.401098  14150.805473  21229.410886    506.529856  4  4  3  86       
PG05  -4000.963025 -24144.139805  10065.923918   -197.991265  4  4  4  77       
PG06  21368.864454  -6584.326579  14504.377255    -93.523573  4  4  6  67       
PG07  25116.098367   7514.877224   6097.745832    -13.931162  2  5  2  76       
PG08  -1444.568236  21413.154683 -15476.053201    453.529143  7  8  7  68       
PG09  14533.655487   5473.277611  21462.487475    514.761424  5  3  4  91       
PG10 -13705.416172   4869.193367 -21996.148091   -262.044939  6  4  4  64       
PG11   9919.388210 -13000.593203  20956.865101   -752.407688  5  6  6  97       
PG12  -9318.795099 -24862.309128   1065.819415   -562.396558  3  5  4  26       
PG13  11384.061504 -21466.154146 -10669.012322    692.332952  7  5  5  88       
PG14  16080.620525   -913.302166 -21104.245741    573.321228  3  8  3  89       
PG15  -1814.480813 -21489.011823 -15935.345746    247.529083  5  4  3  73       
PG16  -2909.826317  22126.492451  13690.878613    -86.525212  6  4  3  60       
PG17  20566.809584  -9784.608291 -13423.221002    490.076914  6  7  4  60       
PG18 -25875.644511  -5793.178381   3026.206020   -658.967030  5  6  4  76       
PG19  20055.886305 -16320.306015  -5079.741313    582.004621  5  6  5  82       
PG20   4376.971584 -17993.483842  19174.726184    367.352332  4  3  5  69       
PG21   7263.820337  14707.564574 -20718.282368     99.899276  8  7  5  72       
PG22  12341.163629  -9803.354130 -21037.155428    -90.381436  7  8  5  92       
PG23 -17366.168924 -10247.832095 -17363.287705    396.956401  6  7  4  88       
PG24 -11326.449134 -14739.487693 -19575.343610   -467.483014  5  3  5  94       
PG25 -16760.432463 -16837.464528  11782.963677    497.259532  6  4  4 100       
PG26  -9500.089330  14142.329843  20106.345827    -34.366476  5  3  5  81       
PG27 -11224.943302  22963.719269  -6621.279917    -33.483652  5  6  5  81       
PG28 -22505.473653   6625.930471  12443.933136   -526.362028  6  5  6  77       
PG29 -14149.426454  -6342.057841  21534.460499   -550.213052  3  6  3  78       
PG30  25995.565372  -1181.543645  -5842.627343   -246.842010  5  6  2  59       
PG31 -15304.963725  11058.478912  18572.130303   -218.623661  3  6  3  73       
PG32 -19600.639603  14094.453284 -10608.468932   -547.840702  5  6  3  55       
*  2025  1  4  4 15  0.00000000
PG01  12383.572253  14683.783863 -18339.462607 999999.999999  9 15 14           
PG02  11542.217014  13217.759620 -19588.857757   -276.223194  7  9  4  51       
PG03  12451.637488  23493.107487   1160.362999    639.090519  6  6  5  84       
PG04   5860.951314  15995.256744  20355.546472    506.535265  4  4  4  81       
PG05  -3220.761161 -23065.053071  12536.604299   -197.992483  4  5  4  86       
PG06  22853.231063  -6292.019699  12183.903877    -93.548302  4  4  5  71       
PG07  24322.658422   7670.704812   8738.181637    -13.930454  2  4  2  85       
PG08  -2541.158239  22666.191659 -13348.747842    453.536498  7  8  7  92       
PG09  13166.857872   7553.642584  21704.655206    514.775197  5  3  4 100       
PG10 -14757.515124   2552.744912 -21736.718752   -262.059269  6  4  4  60       
PG11  12218.720608 -12596.943929  19958.118776   -752.407163  5  5  5  93       
PG12  -9079.850234 -24942.476922  -1787.092934   -562.398515  3  5  4  53       
PG13  12256.919361 -22080.732092  -8051.188316    692.334072  6  5  5  75       
PG14  16972.520668   1300.047311 -20396.269986    573.327848  3  8  2  80       
PG15   -890.970342 -22858.991756 -13898.372569    247.533104  5  4  3  72       
PG16  -3716.730206  20546.305177  15787.325094    -86.516579  6  5  2  38       
PG17  19636.011279  -8334.830363 -15543.772349    490.061441  6  7  4  64       
PG18 -25357.749972  -5932.959677   5835.855935   -658.966131  5  6  4  87       
PG19  19771.943544 -15596.537485  -7839.542627    582.008415  5  7  5  50       
PG20   5750.949594 -16218.429529  20352.427250    367.352312  4  3  5  66       
PG21   4795.000291  14729.481940 -21301.289356     99.900769  8  8  4  42       
PG22  13210.169076  -7448.675688 -21435.911742    -90.383573  7  8  5  79       
PG23 -18088.461471 -11978.366846 -15435.228129    396.963220  6  7  3  93       
PG24  -9121.509502 -14858.043718 -20599.177893   -467.479675  5  3  5  87       
PG25 -17088.833355 -18067.620378   9330.602126    497.259068  6  4  4 100       
PG26 -10778.283984  12112.825900  20804.263264    -34.379927  5  3  5  86       
PG27 -11781.391151  23272.868663  -3827.565485    -33.483230  5  6  4  84       
PG28 -23775.737502   6330.880904   9998.073788   -526.371039  7  5  5  93       
PG29 -12581.868174  -8274.122146  21838.084371   -550.209944  3  6  3  79       
PG30  26494.324613   -834.991304  -3116.239351   -246.834527  5  6  1  63       
PG31 -17344.713946  10682.723509  16983.477112   -218.622993  3  6  3  91       
PG32 -18995.877513  12822.461713 -13017.479002   -547.834709  4  5  3  75       
*  2025  1  4  4 30  0.00000000
PG01  10203.969827  14579.805026 -19712.389034 999999.999999 10 15 14           
PG02   9167.248569  13438.530990 -20607.816149   -276.215196  7  9  4  76       
PG03  12294.841236  23559.997508  -1740.986276    639.097647  6  6  5  87       
PG04   4524.641085  17818.924042  19130.757302    506.540640  4  4  4  79       
PG05  -2244.039193 -21798.198397  14788.787936   -197.993187  3  6  4  94       
PG06  24078.149122  -6097.538106   9655.889333    -93.573034  4  4  5  84       
PG07  23255.384782   7855.430331  11234.815231    -13.929697  2  4  2  77       
PG08  -3450.484289  23752.098832 -10988.263305    453.543879  6  9  6  73       
PG09  11906.292339   9707.953719  21570.229676    514.789011  4  3  3  93       
PG10 -15911.325944    347.432287 -21096.300347   -262.073658  6  4  5  82       
PG11  14404.851014 -12325.662620  18616.575360   -752.406664  5  5  5  88       
PG12  -8716.325293 -24741.826964  -4609.424809   -562.400361  3  6  4  46       
PG13  12901.576107 -22507.244974  -5293.982936    692.335269  5  5  5  68       
PG14  17927.096682   3375.268979 -19337.564275    573.334462  3  8  2  83       
PG15   -124.876499 -24053.514815 -11627.739796    247.537126  5  4  3  51       
PG16  -4691.241523  18801.814615  17599.996019    -86.508170  6  5  3  74       
PG17  18651.055277  -6648.707551 -17391.733777    490.046144  6  7  3  79       
PG18 -24537.435741  -6085.437882   8546.496747   -658.965240  4  6  5  79       
PG19  19337.014250 -14618.150170 -10461.582893    582.013245  5  7  5  42       
PG20   7285.956722 -14427.799124  21183.516703    367.352228  4  2  4  59       
PG21   2273.694922  14882.506174 -21508.431975     99.902448  7  8  4  70       
PG22  14208.558157  -5116.010002 -21452.989621    -90.385484  7  8  5  87       
PG23 -18790.434023 -13461.959775 -13243.476533    396.970050  6  7  3  85       
PG24  -6829.168365 -15092.039522 -21285.056365   -467.476289  5  3  5  90       
PG25 -17340.166202 -19026.146398   6717.644958    497.258620  6  4  4 102       
PG26 -12179.056429  10098.416717  21136.689094    -34.393381  5  3  5  79       
PG27 -12156.633446  23333.339126   -966.534094    -33.482842  5  6  4  77       
PG28 -24772.861993   6102.968580   7380.094589   -526.380034  7  5  4  75       
PG29 -11110.894325 -10298.395032  21764.530324   -550.207156  3  6  3  72       
PG30  26700.321536   -524.158630   -336.974495   -246.827050  5  6  1  80       
PG31 -19200.665866  10424.085957  15101.266525   -218.621867  3  6  3  84       
PG32 -18321.883519  11295.528754 -15197.256157   -547.828785  4  5  3  68       
*  2025  1  4  4 45  0.00000000
PG01   7885.769659  14582.879290 -20745.989000 999999.999999 10 15 14           
PG02   6706.224522  13795.267682 -21259.682021   -276.207101  7  9  4  77       
PG03  11971.817882  23357.048199  -4612.627511    639.104757  6  7  5  92       
PG04   3364.901904  19575.331182  17575.746128    506.546049  4  4  5  74       
PG05  -1061.703050 -20386.163389  16782.888947   -197.994649  4  6  5  97       
PG06  25017.201898  -5967.490168   6963.345668    -93.597812  4  5  4  55       
PG07  21934.786690   8101.970106  13547.290872    -13.929190  2  3  2  77       
PG08  -4184.916003  24631.316695  -8435.173727    453.551245  5  9  6  78       
PG09  10775.173758  11892.479837  21061.353240    514.802832  4  3  3  85       
PG10 -17135.219772  -1706.221601 -20087.340281   -262.088019  6  5  5  76       
PG11  16432.971222 -12172.277306  16955.058456   -752.406197  5  5  5  95       
PG12  -8197.959058 -24282.748243  -7353.104638   -562.402701  4  6  4  62       
PG13  13335.947450 -22710.008014  -2444.829960    692.336254  5  5  5  77       
PG14  18912.318920   5279.543290 -17946.991069    573.341023  3  8  1  78       
PG15    499.700887 -25035.655786  -9160.517528    247.540759  5  4  3  72       
PG16  -5838.588713  16939.349250  19096.375623    -86.499403  6  5  3  47       
PG17  17653.441974  -4743.670233 -18933.332012    490.031378  6  7  3  72       
PG18 -23429.110239  -6287.461292  11112.109680   -658.964344  4  6  5  89       
PG19  18791.615218 -13381.753133 -12900.343921    582.016583  5  8  5  17       
PG20   8961.589720 -12664.075940  21653.587476    367.351831  3  2  4  70       
PG21   -249.620756  15165.649287 -21332.422065     99.903189  7  8  4  56       
PG22  15316.186244  -2852.346689 -21087.090422    -90.387341  7  8  5  77       
PG23 -19430.282618 -14685.400987 -10825.834617    396.976856  6  7  3  97       
PG24  -4492.563388 -15446.871936 -21621.137277   -467.472933  5  4  5  92       
PG25 -17477.018833 -19714.803960   3989.606726    497.258144  5  4  3 104       
PG26 -13679.683204   8141.004714  21098.864612    -34.406813  5  3  5  82       
PG27 -12379.084808  23120.671908   1911.541452    -33.482440  4  6  4  89       
PG28 -25477.433481   5907.977040   4635.081573   -526.389039  7  4  3  89       
PG29  -9764.847240 -12373.846621  21314.699405   -550.204067  2  5  3  83       
PG30  26609.423055   -214.252307   2448.010798   -246.819584  5  6  1  68       
PG31 -20836.145865  10260.108367  12959.109380   -218.621261  3  6  3  85       
PG32 -17619.929648   9527.420209 -17109.156163   -547.822817  4  5  4  79       
*  2025  1  4  5  0  0.00000000
PG01   5474.019122  14708.216747 -21422.458953 999999.999999 10 15 14           
PG02   4209.916976  14290.021187 -21531.161203   -276.198932  7  8  4  80       
PG03  11453.395268  22911.370653  -7405.678729    639.111864  6  7  6  86       
PG04   2384.811326  21217.859903  15716.989665    506.551464  4  4  5  54       
PG05    326.804723 -18874.229134  18483.799102   -197.996146  4  7  5  92       
PG06  25652.176034  -5864.714099   4152.097464    -93.622564  4  5  4  41       
PG07  20388.054842   8439.276528  15638.409906    -13.928428  2  4  2  79       
PG08  -4763.945124  25269.133349  -5733.771221    453.558654  5  9  5  73       
PG09   9789.129862  14060.533824  20186.727493    514.816596  3  3  3  83       
PG10 -18391.971238  -3574.473565 -18728.710949   -262.102431  5  5  5  87       
PG11  18262.625987 -12115.190085  15001.919055   -752.405723  5  5  4  85       
PG12  -7499.789984 -23594.463025  -9971.709175   -562.404977  4  6  4  61       
PG13  13584.986435 -22659.107213    446.908360    692.337278  4  5  5  74       
PG14  19891.944660   6986.869976 -16249.007416    573.347638  3  8  1  59       
PG15   1004.849893 -25773.311806  -6537.499419    247.544757  5  4  4  45       
PG16  -7155.503498  15007.202810  20249.906586    -86.490787  6  5  3  62       
PG17  16682.261552  -2645.678765 -20140.047083    490.015582  6  7  2  58       
PG18 -22055.390688  -6572.790037  13489.074365   -658.963423  4  5  5  67       
PG19  18177.640029 -11892.738820 -15113.858114    582.020891  5  8  5  96       
PG20  10750.231291 -10966.249116  21754.306295    367.351283  3  2  4  79       
PG21  -2724.272594  15569.565224 -20772.965636     99.905310  6  8  4  55       
PG22  16505.576494   -700.854803 -20344.006122    -90.389213  7  8  5  73       
PG23 -19965.828984 -15644.358348  -8223.803448    396.983674  6  7  3  96       
PG24  -2155.663497 -15920.531070 -21601.024884   -467.469559  5  4  5  84       
PG25 -17464.226209 -20143.687243   1193.527213    497.257701  5  4  3 104       
PG26 -15251.112932   6278.172942  20692.638084    -34.420246  5  3  5  92       
PG27 -12481.955551  22618.309001   4755.685018    -33.482082  4  5  3  91       
PG28 -25878.487344   5709.267723   1810.295586   -526.398050  7  4  2  80       
PG29  -8564.850199 -14455.476107  20496.033328   -550.200923  2  5  3  78       
PG30  26225.706904    129.557961   5191.636408   -246.812096  5  5  1  73       
PG31 -22220.895458  10162.674939  10594.797021   -218.620540  3  6  3  84       
PG32 -16929.437965   7540.551782 -18719.312456   -547.816850  5  5  5  87       
*  2025  1  4  5 15  0.00000000
PG01   3016.472826  14963.347245 -21730.142615 999999.999999 10 15 14           
PG02   1729.732251  14916.349387 -21415.943758   -276.190894  6  8  4  68       
PG03  10716.820773  22256.499569 -10072.756912    639.119083  6  7  6  86       
PG04   1579.134379  22701.468971  13586.303484    506.556813  4  5  5  68       
PG05   1913.261517 -17308.630454  19861.547047   -197.996689  4  6  5  98       
PG06  25973.688192  -5749.872679   1270.027047    -93.647331  4  5  3  34       
PG07  18648.135642   8891.166844  17474.604481    -13.927814  2  4  3  81       
PG08  -5213.241079  25637.097954  -2931.281267    453.565995  4  8  4  80       
PG09   8955.707324  16164.131261  18961.467744    514.830403  4  3  4  92       
PG10 -19640.213811  -5231.433914 -17045.280226   -262.116844  5  5  5  94       
PG11  19859.118361 -12126.619709  12790.565046   -752.405215  5  5  4  90       
PG12  -6603.263079 -22711.825472 -12421.207430   -562.406766  4  7  3  91       
PG13  13679.561899 -22331.707624   3330.812098    692.338443  3  5  4  67       
PG14  20826.919030   8478.836718 -14273.209413    573.354176  3  8  1  56       
PG15   1417.880535 -26240.453411  -3802.618405    247.548845  5  4  4  61       
PG16  -8630.183475  13053.766759  21040.503173    -86.482420  6  5  3  73       
PG17  15772.602337   -388.465942 -20989.243486    490.000530  6  7  1  80       
PG18 -20446.335559  -6970.635621  15636.883954   -658.962510  4  5  5  75       
PG19  17536.611523 -10165.199667 -17064.427175    582.025184  4  8  4 101       
PG20  12617.934394  -9368.441510  21483.573025    367.351328  3  3  4  91       
PG21  -5101.243329  16076.771818 -19837.018669     99.906372  5  8  4  77       
PG22  17742.938126   1300.686001 -19236.558681    -90.391339  7  8  5  80       
PG23 -20356.204589 -16343.336478  -5481.877022    396.990431  5  7  3  93       
PG24    138.148137 -16503.588643 -21223.915588   -467.466202  5  4  5  95       
PG25 -17270.320395 -20330.609275  -1622.839841    497.257184  5  5  2  96       
PG26 -16859.022953   4541.903007  19926.347778    -34.433645  5  3  5  90       
PG27 -12501.761018  21818.427035   7515.194940    -33.481713  3  5  4  96       
PG28 -25973.859910   5469.387246  -1045.643620   -526.406983  7  4  1  50       
PG29  -7524.106180 -16495.902998  19322.407583   -550.198153  2  5  3  80       
PG30  25561.279985    540.628925   7847.652428   -246.804651  5  5  1  61       
PG31 -23332.042722  10099.287087   8049.591284   -218.619970  3  5  3  57       
PG32 -16286.349656   5365.308194 -19999.287002   -547.810915  5  4  5  80       
*  2025  1  4  5 30  0.00000000
PG01    561.942717  15347.775334 -21663.732184 999999.999999 10 14 14           
PG02   -684.180549  15659.456897 -20914.934986   -276.182513  6  8  4  57       
PG03   9746.787214  21431.027765 -12568.747183    639.126172  6  7  6  69       
PG04    934.695873  23984.370768  11220.307299    506.562174  4  7  4  67       
PG05   3680.774930 -15734.785890  20891.862670   -197.997981  4  6  5  93       
PG06  25981.490066  -5583.138155  -1633.716928    -93.672212  4  5  3  50       
PG07  16752.626523   9475.345413  19026.361311    -13.927225  3  4  3  83       
PG08  -5563.445114  25714.207017    -76.999710    453.573329  3  8  3  77       
PG09   8274.206782  18155.710377  17406.838979    514.844241  4  3  4  73       
PG10 -20836.053825  -6659.815595 -15067.381758   -262.131232  4  5  5  71       
PG11  21194.704213 -12173.796009  10358.900962   -752.404754  5  5  3  84       
PG12  -5497.086850 -21673.934765 -14660.647791   -562.408843  4  7  3  75       
PG13  13655.094728 -21713.104239   6156.315997    692.339588  2  5  4  76       
PG14  21676.887672   9745.094198 -12053.798597    573.360790  3  8  1  67       
PG15   1770.137154 -26418.183894  -1002.279672    247.552670  5  5  5  65       
PG16 -10242.624052  11125.679249  21454.910599    -86.473934  6  6  4  62       
PG17  14954.117814   1987.551953 -21464.693269    489.985584  6  7  1  64       
PG18 -18638.407852  -7504.374182  17518.815125   -658.961585  4  5  6  77       
PG19  16907.982511  -8221.505399 -18719.239585    582.029561  4  8  4  96       
PG20  14525.557728  -7898.727988  20845.581355    367.351109  2  3  4  88       
PG21  -7335.012741  16662.246811 -18538.877500     99.907821  5  8  5  92       
PG22  18989.470602   3121.231283 -17784.379222    -90.392989  6  8  5  86       
PG23 -20563.489294 -16795.308578  -2646.796099    396.997178  5  7  3  75       
PG24   2347.480430 -17179.458576 -20494.682625   -467.462851  5  4  5  89       
PG25 -16868.828454 -20300.216976  -4411.819876    497.256681  5  5  2 112       
PG26 -18465.084968   2957.537549  18814.584103    -34.447053  5  3  5  86       
PG27 -12476.683120  20722.429420  10140.640861    -33.481349  3  4  4  80       
PG28 -25770.212326   5151.709494  -3883.595941   -526.416006  7  5  1  49       
PG29  -6647.514654 -18447.065519  17813.908100   -550.195044  2  6  3  84       
PG30  24635.813082   1049.396327  10371.371166   -246.797152  5  4  1  67       
PG31 -24154.789930  10034.496021   5367.479166   -218.619149  3  5  3  55       
PG32 -15721.648042   3039.039131 -20926.610696   -547.804951  5  5  5  60       
*  2025  1  4  5 45  0.00000000
PG01  -1841.389671  15852.958478 -21224.360386 999999.999999  9 14 14           
PG02  -2984.785998  16496.708020 -20036.322409   -276.174213  5  7  4  66       
PG03   8536.177243  20477.070259 -14851.526273    639.133350  6  7  6  87       
PG04    431.070268  25029.599231   8659.798776    506.567548  4  7  4  64       
PG05   5604.244669 -14195.569601  21556.633512   -197.998782  4  6  5  99       
PG06  25684.439422  -5325.903709  -4509.535974    -93.696935  3  5  2  34       
PG07  14742.528876  10202.647712  20268.597085    -13.926548  3  4  3  72       
PG08  -5848.751084  25487.809356   2778.630449    453.580652  3  7  2  77       
PG09   7735.853237  19989.845380  15549.878031    514.858085  5  4  5  79       
PG10 -21934.776044  -7851.336647 -12830.201091   -262.145666  4  5  4  94       
PG11  22249.529445 -12220.360397   7748.686482   -752.404282  5  4  2  60       
PG12  -4177.812502 -20522.616818 -16652.781381   -562.410929  4  7  3  70       
PG13  13550.004771 -20797.467365   8873.644650    692.340483  2  5  4  77       
PG14  22401.762920  10783.523480  -9628.980913    573.367348  3  8  1  53       
PG15   2095.627782 -26295.559637   1815.384749    247.556480  5  6  5  66       
PG16 -11965.302155   9266.072544  21486.903906    -86.465570  5  6  4  75       
PG17  14249.817658   4436.656002 -21556.972089    489.970559  6  8  1  70       
PG18 -16673.206104  -8190.482249  19102.543339   -658.960690  4  5  6  84       
PG19  16327.552443  -6091.564066 -20050.879036    582.033507  4  8  3 105       
PG20  16430.111954  -6578.188957  19850.778192    367.350769  2  3  4  87       
PG21  -9385.295642  17294.387121 -16900.083532     99.909633  4  7  5 106       
PG22  20202.897770   4737.533851 -16013.530445    -90.394623  6  8  5  93       
PG23 -20554.243898 -17021.037658    233.226222    397.003968  5  7  4  83       
PG24   4434.283934 -17924.926461 -19423.894107   -467.459474  5  4  5  80       
PG25 -16239.373826 -20082.875007  -7126.581366    497.256216  5  5  1 102       
PG26 -20028.385427   1543.023417  17377.841662    -34.460470  5  3  5  72       
PG27 -12444.854092  19341.068509  12584.853323    -33.481022  4  3  5  84       
PG28 -25282.725924   4722.048087  -6654.747442   -526.425042  7  5  2  68       
PG29  -5931.622436 -20261.960153  15996.494137   -550.192059  2  6  3  81       
PG30  23475.810789   1682.042767  12720.368743   -246.789661  4  4  1  90       
PG31 -24682.798464   9931.434851   2594.406812   -218.618644  3  5  3  68       
PG32 -15260.098288    604.773403 -21485.200368   -547.799000  5  5  5  87       
*  2025  1  4  6  0  0.00000000
PG01  -4147.634522  16462.609611 -20419.581784 999999.999999  9 14 14           
PG02  -5129.899480  17398.495346 -18795.470490   -276.165966  5  7  4  65       
PG03   7086.500584  19438.616081 -16882.631339    639.140491  6  7  6  76       
PG04     41.562854  25806.406578   5949.046241    506.572925  4  8  5  52       
PG05   7651.158985 -12729.695949  21844.242703   -197.999903  4  6  5  96       
PG06  25100.136978  -4942.456483  -7308.211161    -93.721671  2  5  2   6       
PG07  12660.898122  11076.527922  21180.986691    -13.925689  3  4  3  87       
PG08  -6105.331750  24954.187098   5584.981218    453.587967  3  6  2  63       
PG09   7324.294474  21624.885318  13422.909184    514.871906  5  4  5  84       
PG10 -22892.572125  -8806.768568 -10373.094190   -262.160107  4  5  3 102       
PG11  23012.273000 -12227.918370   5004.823926   -752.403791  5  4  2  77       
PG12  -2650.118107 -19300.831645 -18364.616393   -562.412690  5  7  3  71       
PG13  13404.030844 -19588.246321  11434.749898    692.341820  2  5  4  95       
PG14  22963.284275  11600.093182  -7040.309220    573.373891  3  8  1  47       
PG15   2429.518718 -25870.130533   4601.331802    247.560636  4  6  5  69       
PG16 -13764.177504   7512.994582  21137.325827    -86.456945  4  6  4  68       
PG17  13675.139500   6909.442919 -21263.712416    489.955187  6  7  1  56       
PG18 -14596.008562  -9037.736078  20360.693951   -658.959693  5  5  6  86       
PG19  15826.060578  -3811.801965 -21037.719627    582.037979  4  7  3  99       
PG20  18286.267958  -5420.235743  18515.720352    367.350844  2  3  4  78       
PG21 -11218.590528  17936.299852 -14949.129090     99.910904  4  7  5  88       
PG22  21339.164287   6134.874427 -13955.981550    -90.396879  5  8  5  84       
PG23 -20300.880282 -17048.114632   3109.295807    397.010722  4  7  4  86       
PG24   6365.097612 -18710.936309 -18027.758424   -467.456091  6  4  5  81       
PG25 -15368.545490 -19713.364637  -9721.861486    497.255707  5  5  1 112       
PG26 -21506.941791    308.458954  15642.073944    -34.473870  5  3  5  91       
PG27 -12442.637973  17694.186512  14803.878662    -33.480682  4  3  5  97       
PG28 -24534.481370   4150.176057  -9311.450075   -526.434057  6  5  3  44       
PG29  -5364.911238 -21896.354068  13901.552440   -550.189200  3  7  4  84       
PG30  22113.644333   2459.328573  14855.148532   -246.782173  4  4  1  86       
PG31 -24918.263761   9753.390744   -222.493936   -218.617975  4  5  3  60       
PG32 -14919.256710  -1890.294782 -21665.643195   -547.793034  5  5  4 100       
*  2025  1  4  6 15  0.00000000
PG01  -6314.765281  17153.312540 -19263.243566 999999.999999  9 13 13           
PG02  -7083.724586  18329.428555 -17214.641460   -276.157934  5  6  4  54       
PG03   5408.009639  18359.829170 -18627.866333    639.147564  7  7  6  86       
PG04   -265.556062  26291.432511   3135.012720    506.578268  4  9  5  84       
PG05   9782.694231 -11370.282873  21749.780794   -198.000971  4  5  5  95       
PG06  24254.241325  -4401.548033  -9981.732646    -93.746429  2  6  3  14       
PG07  10551.432756  12092.805449  21748.244641    -13.925134  4  4  3  90       
PG08  -6369.677656  24118.784030   8292.217254    453.595293  3  6  3  94       
PG09   7016.406768  23024.453556  11062.962755    514.885762  6  4  5  85       
PG10 -23668.224807  -9535.637295  -7738.854870   -262.174504  4  6  3  92       
PG11  23480.469937 -12157.683519   2174.586545   -752.403331  4  3  1  54       
PG12   -926.791044 -18051.064460 -19767.899599   -562.414833  5  7  3  80       
PG13  13256.493240 -18098.209432  13794.228503    692.342594  1  5  4  93       
PG14  23326.514917  12208.415281  -4331.980547    573.380458  3  8  2  26       
PG15   2806.551066 -25148.168459   7306.481833    247.564567  4  6  5  75       
PG16 -15599.962998   5898.070104  20413.968867    -86.448374  4  7  4  69       
PG17  13237.346155   9354.613527 -20589.702384    489.940150  5  7  2  87       
PG18 -12454.182977 -10046.706523  21271.320243   -658.958772  5  6  6  90       
PG19  15428.006896  -1423.907503 -21664.206843    582.042044  4  7  4 104       
PG20  20047.971821  -4430.234702  16862.828516    367.350369  2  3  4  84       
PG21 -12809.456694  18547.372834 -12720.960422     99.911872  4  7  5  91       
PG22  22354.218506   7307.429433 -11648.950431    -90.398585  4  8  5  79       
PG23 -19782.819124 -16909.750590   5932.634553    397.017493  4  7  4  67       
PG24   8112.148163 -19503.614452 -16327.990490   -467.452717  6  3  5  73       
PG25 -14250.508493 -19229.448324 -12154.646668    497.255222  5  5  1 115       
PG26 -22859.253831   -744.044071  13638.164482    -34.487286  5  3  5  76       
PG27 -12502.986862  15810.082011  16757.871882    -33.480316  4  3  5  93       
PG28 -23555.546048   3411.193230 -11808.040033   -526.443059  6  5  4  78       
PG29  -4928.410950 -23310.402765  11565.350108   -550.186082  3  7  4  89       
PG30  20586.382636   3395.627432  16739.759278   -246.774657  3  4  1  89       
PG31 -24871.684251   9465.358315  -3035.674695   -218.616882  4  5  3  65       
PG32 -14708.790354  -4396.483740 -21465.343262   -547.787098  5  5  2 101       
*  2025  1  4  6 30  0.00000000
PG01  -8306.040613  17895.426515 -17775.247944 999999.999999  9 13 13           
PG02  -8818.119214  19249.791053 -15322.547708   -276.149753  5  6  4  71       
PG03   3519.490461  17283.360694 -20057.839194    639.154668  7  6  6  89       
PG04   -525.612892  26469.598287    266.525628    506.583662  4  9  6  67       
PG05  11955.073217 -10143.652501  21275.127088   -198.001642  4  5  4  95       
PG06  23179.486170  -3677.801329 -12484.116150    -93.771124  2  6  3  52       
PG07   8457.045613  13239.679038  21960.358993    -13.924490  4  4  3  97       
PG08  -6676.920637  22996.068545  10852.264172    453.602595  3  5  4  47       
PG09   6783.374539  24158.748687   8511.108338    514.899636  6  3  6  88       
PG10 -24224.684633 -10055.596547  -4972.946983   -262.188904  4  6  3  82       
PG11  23660.501198 -11972.148537   -693.199142   -752.402812  4  4  1  48       
PG12    971.587656 -16813.757748 -20839.522355   -562.416918  5  7  4  83       
PG13  13144.572052 -16349.114004  15910.197675    692.344170  2  5  4  86       
PG14  23461.219093  12629.019084  -1550.099244    573.387050  3  8  3  49       
PG15   3259.442707 -24144.563319   9882.635771    247.568704  4  7  5  82       
PG16 -17429.604657   4445.453540  19331.312010    -86.440002  3  7  4  56       
PG17  12935.278206  11720.854718 -19546.823829    489.924684  5  7  3  72       
PG18 -10295.519877 -11209.571041  21818.299874   -658.957842  5  6  6  92       
PG19  15150.741170   1026.608443 -21921.026143    582.046112  4  7  5  98       
PG20  21670.106353  -3605.446074  14920.039969    367.350415  1  3  4  72       
PG21 -14141.448649  19085.053782 -10256.284377     99.913609  3  6  5  87       
PG22  23205.802117   8258.262020  -9134.132651    -90.400953  4  7  4  80       
PG23 -18987.392984 -16643.368992   8655.372309    397.024289  4  8  5  86       
PG24   9654.259909 -20265.501767 -14351.592249   -467.449367  5  3  5  75       
PG25 -12887.338986 -18670.353320 -14384.802881    497.254736  5  5  2 114       
PG26 -24045.829744  -1620.186111  11401.328875    -34.500707  5  3  5  75       
PG27 -12653.946421  13724.527218  18411.901685    -33.479967  4  3  5  93       
PG28 -22381.805382   2486.687849 -14101.620650   -526.452077  6  5  4  77       
PG29  -4596.614390 -24470.108679   9028.395953   -550.183161  4  7  4  86       
PG30  18934.463571   4498.201371  18342.361245   -246.767174  3  4  2  91       
PG31 -24561.338715   9035.518042  -5797.925242   -218.616307  4  5  3  58       
PG32 -14630.133325  -6863.396079 -20888.529107   -547.781156  5  5  1  80       
*  2025  1  4  6 45  0.00000000
PG01 -10091.222622  18654.245056 -15981.210102 999999.999999  9 12 12           
PG02 -10313.531962  20117.197892 -13153.748173   -276.141786  4  5  4  68       
PG03   1447.737434  16248.734118 -21148.424009    639.161798  7  6  6 118       
PG04   -775.946061  26334.688881  -2606.592012    506.589005  4  9  6 106       
PG05  14121.127056  -9068.417242  20428.899351   -198.002484  4  5  4  97       
PG06  21914.435588  -2752.898957 -14772.192968    -93.795845  3  6  4 100       
PG07   6418.461482  14498.010298  21812.775807    -13.923880  4  4  3  79       
PG08  -7059.215416  21609.035223  13219.742489    453.609926  4  4  4 103       
PG09   6591.999556  25005.595874   5811.716187    514.913481  6  2  6  59       
PG10 -24530.482194 -10391.504795  -2122.716169   -262.203333  3  6  3  96       
PG11  23567.249704 -11636.717168  -3549.002566   -752.402326  3  4  2  86       
PG12   3017.243556 -15625.839000 -21561.849282   -562.418801  4  7  4 109       
PG13  13101.675031 -14371.016362  17745.106473    692.344871  2  5  4  72       
PG14  23343.070120  12888.372816   1258.082854    573.393612  4  8  3  96       
PG15   3817.343405 -22882.379211  12283.415206    247.572540  4  7  5  89       
PG16 -19207.904034   3171.110596  17910.126549    -86.431716  2  7  4  33       
PG17  12759.475059  13958.732484 -18153.828749    489.909530  5  7  4  97       
PG18  -8166.550609 -12510.253052  21991.641867   -658.956860  5  7  5  79       
PG19  15003.848840   3491.978074 -21805.163196    582.050552  4  6  5 102       
PG20  23110.136426  -2935.281808  12720.363356    367.349631  1  3  4  79       
PG21 -15207.653533  19506.752096  -7600.696432     99.915636  3  5  5 102       
PG22  23855.167177   8998.940829  -6456.840452    -90.402700  3  7  4 114       
PG23 -17910.461786 -16289.050330  11231.323080    397.031063  4  8  5  72       
PG24  10977.537430 -20956.956727 -12130.541324   -467.446008  5  3  4 111       
PG25 -11289.076406 -18075.228430 -16375.651887    497.254235  5  6  2  67       
PG26 -25030.629836  -2333.007098   8970.462052    -34.514107  4  3  5  77       
PG27 -12917.378358  11479.478174  19736.644748    -33.479600  4  4  4  47       
PG28 -21053.583550   1365.646974 -16152.796527   -526.461079  5  5  5 106       
PG29  -4338.656843 -25348.562682   6334.722310   -550.180028  4  8  5  78       
PG30  17200.252545   5766.741547  19635.734080   -246.759660  3  4  2  80       
PG31 -24012.495911   8436.587769  -8463.105130   -218.615627  4  5  3  88       
PG32 -14676.491250  -9241.710722 -19946.125017   -547.775168  5  5  1 116       
*  2025  1  4  7  0  0.00000000
PG01 -11647.545063  19391.364217 -13912.017415 999999.999999  9 11 12           
PG02 -11559.567175  20888.378059 -10747.907609   -276.133618  4  4  4  38       
PG03   -773.269108  15290.861322 -21881.143149    639.168917  7  5  5  86       
PG04  -1054.238849  25889.599044  -5434.411786    506.594327  4  9  7  60       
PG05  16231.996816  -8154.887182  19226.274079   -198.003309  4  4  4  96       
PG06  20502.023183  -1616.504891 -16806.359984    -93.820558  4  6  4  48       
PG07   4472.885135  15841.871425  21306.530830    -13.923071  4  4  3  90       
PG08  -7544.250327  19988.365892  15352.843093    453.617252  4  4  4  61       
PG09   6406.186058  25551.207892   3011.661639    514.927353  6  1  6  81       
PG10 -24560.926797 -10574.246861    763.405333   -262.217705  3  6  3  68       
PG11  23223.435607 -11121.232214  -6343.454526   -752.401851  2  4  3  74       
PG12   5176.071075 -14519.394737 -21922.968374   -562.420779  5  7  4  86       
PG13  13155.965558 -12201.248343  19266.462463    692.345892  2  4  3  95       
PG14  22954.645226  13017.690908   4044.938386    573.400103  3  8  3  63       
PG15   4504.412020 -21392.078433  14465.202048    247.576623  4  7  5  94       
PG16 -20889.212253   2082.449252  16176.968647    -86.423186  1  7  4  65       
PG17  12692.659718  16022.512453 -16435.959256    489.894478  4  7  5  85       
PG18  -6110.912806 -13924.886938  21787.697082   -658.955917  5  7  5  91       
PG19  14988.850222   5923.807990 -21319.861472    582.054780  4  6  6 101       
PG20  24329.674904  -2401.874454  10301.340561    367.349626  2  3  4  66       
PG21 -16010.798867  19771.767743  -4803.658281     99.916316  3  5  5 102       
PG22  24268.645947   9548.808658  -3665.077522    -90.404757  3  6  5  60       
PG23 -16556.717900 -15887.886876  13616.735177    397.037813  4  8  5  90       
PG24  12075.789047 -21537.683517  -9701.382866   -467.442646  5  3  4  52       
PG25  -9473.494606 -17481.627344 -18094.490781    497.253740  5  6  3 106       
PG26 -25782.375437  -2902.140050   6387.444654    -34.527513  4  4  5  63       
PG27 -13307.957173   9121.535043  20708.950343    -33.479186  4  4  4  92       
PG28 -19614.107025     45.080039 -17926.346506   -526.470051  5  5  5  60       
PG29  -4119.712801 -25926.918741   3531.100988   -550.177331  4  8  5  79       
PG30  15426.539363   7193.192408  20597.720341   -246.752175  3  4  3  86       
PG31 -23256.388520   7647.001047 -10986.844901   -218.614978  5  5  3  44       
PG32 -14833.189921 -11484.921894 -18655.492494   -547.769196  5  5  2  84       
*  2025  1  4  7 15  0.00000000
PG01 -12960.394852  20066.207230 -11603.297416 999999.999999  9 10 10           
PG02 -12555.156118  21520.998380  -8148.942927   -276.125557  4  3  5  38       
PG03  -3103.452905  14438.743293 -22243.465042    639.175977  7  4  5  84       
PG04  -1396.837415  25146.232713  -8167.793799    506.599670  4  9  7  46       
PG05  18238.905735  -7404.820829  17688.682656   -198.004407  4  4  4  84       
PG06  18987.929763   -266.881802 -18551.276391    -93.845276  4  6  4  55       
PG07   2652.783136  17239.344671  20448.323660    -13.922267  4  5  3  92       
PG08  -8153.952199  18171.286772  17214.122131    453.624559  4  4  4  56       
PG09   6188.541330  25790.627126    159.488547    514.941214  6  1  6  91       
PG10 -24299.051666 -10639.348873   3636.688821   -262.232060  3  6  3  83       
PG11  22658.656305 -10401.338473  -9028.212899   -752.401349  1  5  3  61       
PG12   7408.726914 -13520.536027 -21916.861628   -562.422874  5  7  5  63       
PG13  13329.114556  -9883.101864  20447.455232    692.347168  2  4  3  97       
PG14  22286.171391  13051.572347   6763.237902    573.406758  4  7  4  47       
PG15   5338.582520 -19710.436885  16388.051777    247.580726  4  7  5  95       
PG16 -22429.124699   1178.304718  14163.578083    -86.414968  1  7  4  50       
PG17  12710.564912  17871.827638 -14424.421856    489.878940  3  7  6  66       
PG18  -4167.825094 -15422.594755  21209.266053   -658.954959  5  7  5  94       
PG19  15099.217586   8274.715837 -20474.484067    582.059170  3  6  6 100       
PG20  25295.908117  -1980.936970   7704.422758    367.349443  2  3  4  72       
PG21 -16562.922777  19843.148537  -1917.362181     99.917703  3  4  5  90       
PG22  24419.007466   9933.939291   -808.576350    -90.406617  3  5  5  77       
PG23 -14939.668973 -15480.308231  15771.005300    397.044593  4  8  5  82       
PG24  12950.666890 -21968.331941  -7104.721510   -467.439304  5  2  4  49       
PG25  -7465.602448 -16924.069862 -19513.052829    497.253232  6  6  3 113       
PG26 -26275.677350  -3352.824928   3696.421648    -34.540933  4  4  5  87       
PG27 -13832.484895   6700.221336  21312.261344    -33.478743  4  5  5 102       
PG28 -18107.870257  -1469.668995 -19391.824282   -526.479011  5  5  6  62       
PG29  -3902.553335 -26195.063200    666.208821   -550.174408  5  8  6  73       
PG30  13655.026553   8761.867304  21211.598844   -246.744663  3  5  3  91       
PG31 -22328.990382   6651.872860 -13327.210805   -218.614432  5  5  3  72       
PG32 -15078.349409 -13550.955351 -17040.051462   -547.763313  6  5  4  87       
*  2025  1  4  7 30  0.00000000
PG01 -14023.681260  20637.646325  -9094.803578 999999.999999 10  8  9           
PG02 -13308.331946  21975.445371  -5404.084734   -276.117361  4  3  5  57       
PG03  -5497.960836  13714.402381 -22229.013888    639.183035  7  4  6  93       
PG04  -1837.122395  24125.059490 -10759.266294    506.605024  4  9  7  66       
PG05  20094.930396  -6811.526555  15843.391632   -198.005546  4  3  4  95       
PG06  17418.860882   1288.822869 -19976.494158    -93.869968  5  5  4  72       
PG07    984.820991  18653.553648  19250.528411    -13.921900  4  5  4  90       
PG08  -8903.441057  16200.172063  18771.196150    453.631860  5  4  4  71       
PG09   5902.026959  25727.832772  -2695.451757    514.955053  6  2  6  83       
PG10 -23736.275844 -10625.440922   6448.883768   -262.246473  3  6  4  55       
PG11  21908.168683  -9459.625772 -11556.812513   -752.400848  1  5  4  67       
PG12   9671.916565 -12648.494159 -21543.495455   -562.424761  5  7  5  50       
PG13  13635.330300  -7464.276469  21267.461403    692.348166  2  5  3 105       
PG14  21335.995310  13026.521084   9366.914405    573.413388  4  7  4  54       
PG15   6330.579311 -17879.190421  18016.552827    247.584544  4  7  4  91       
PG16 -23786.108542    449.267620  11906.203394    -86.406425  2  7  4  74       
PG17  12783.061724  19473.120836 -12155.732014    489.863513  3  7  6  70       
PG18  -2370.729700 -16966.548682  20265.599368   -658.953944  5  7  5  94       
PG19  15320.703236  10499.913682 -19284.287235    582.063011  3  6  7  99       
PG20  25982.824255  -1642.881647   4974.269745    367.349417  2  3  5   7       
PG21 -16884.624605  19689.381065   1004.474375     99.919281  3  3  5  88       
PG22  24286.546448  10185.834155   2062.175260    -90.408828  4  5  5  67       
PG23 -13081.298022 -15104.439472  17657.346821    397.051341  4  9  6  82       
PG24  13611.508679 -22212.109647  -4384.613043   -467.435989  4  2  4  50       
PG25  -5296.892452 -16432.728926 -20607.907974    497.252706  6  6  3 112       
PG26 -26491.945936  -3714.724090    943.065189    -34.554357  4  5  5  84       
PG27 -14489.551802   4266.158744  21536.883121    -33.478326  4  5  5  84       
PG28 -16578.966395  -3164.933419 -20524.076802   -526.487991  5  5  6  65       
PG29  -3649.200911 -26151.952125  -2210.240775   -550.171604  5  8  6  58       
PG30  11924.863019  10449.853797  21466.382109   -246.737116  3  5  4  79       
PG31 -21269.641450   5443.720940 -15445.327804   -218.613552  5  5  3  70       
PG32 -15383.851513 -15403.598838 -15128.793475   -547.757345  6  5  4  58       
*  2025  1  4  7 45  0.00000000
PG01 -14839.879222  21065.658652  -6429.729502 999999.999999 10  7  7           
PG02 -13835.625902  22216.485226  -2562.884385   -276.109245  4  2  5  66       
PG03  -7908.664457  13132.085155 -21837.688200    639.190102  7  4  6  79       
PG04  -2404.000316  22854.345963 -13163.873354    506.610361  3  8  7  61       
PG05  21756.699996  -6360.307389  13722.977886   -198.006469  4  3  4  88       
PG06  15840.790124   3034.636368 -21057.010031    -93.894624  5  5  4  69       
PG07   -511.005525  20043.898961  17731.133781    -13.921624  4  5  4  86       
PG08  -9800.278271  14120.955404  19997.322056    453.639191  5  4  4  34       
PG09   5511.594511  25375.511060  -5503.869281    514.968901  6  2  6  78       
PG10 -22872.763496 -10572.625426   9152.967947   -262.260856  4  6  4  84       
PG11  21011.461407  -8286.505855 -13885.483223   -752.400350  2  6  4  71       
PG12  11919.829776 -11914.977546 -20808.830159   -562.426686  5  7  5  71       
PG13  14080.707460  -4995.155373  21712.419408    692.349374  2  5  3 104       
PG14  20110.760415  12979.403448  11811.808923    573.419957  4  7  4  50       
PG15   7483.232671 -15943.465971  19320.604296    247.589070  5  6  4  93       
PG16 -24923.001258   -121.668917   9444.873393    -86.398223  2  6  4  76       
PG17  12875.537740  20800.800691  -9670.949351    489.848667  4  8  6  75       
PG18   -746.156214 -18515.281857  18972.287268   -658.952962  5  7  5  95       
PG19  15631.961119  12558.683078 -17770.113435    582.067366  2  7  7  92       
PG20  26372.195024  -1354.155581   2157.983645    367.348712  3  3  5  28       
PG21 -17003.938381  19285.831118   3907.836908     99.920747  3  3  5  96       
PG22  23859.864020  10339.920706   4896.893445    -90.410546  4  4  5  55       
PG23 -11011.411635 -14794.552784  19243.402811    397.058141  4  8  6  94       
PG24  14074.877389 -22236.342862  -1587.858795   -467.432661  4  3  4  52       
PG25  -3004.363474 -16032.286960 -21360.801417    497.252205  6  6  3 111       
PG26 -26420.053715  -4020.586415  -1826.167363    -34.567764  4  5  5  89       
PG27 -15269.554236   1869.217828  21380.097474    -33.477882  4  5  6  98       
PG28 -15069.447059  -5019.059590 -21303.671996   -526.496980  5  4  6  76       
PG29  -3322.614665 -25805.604180  -5048.382929   -550.168846  5  8  6  66       
PG30  10271.275878  12227.697013  21357.032404   -246.729600  3  5  4  85       
PG31 -20119.569015   4022.919139 -17305.956315   -218.612736  5  5  3  75       
PG32 -15716.556842 -17013.692876 -12955.701099   -547.751388  7  5  4  61       
*  2025  1  4  8  0  0.00000000
PG01 -15419.745840  21312.951814  -3653.963387 999999.999999 10  4  3           
PG02 -14161.120295  22214.730364    323.802701   -276.101326  4  1  5  69       
PG03 -10285.790879  12697.765621 -21075.685653    639.197157  7  3  7  87       
PG04  -3120.576021  21369.092994 -15339.973831    506.615776  2  7  6  96       
PG05  23185.956666  -6029.227667  11364.711539   -198.007259  3  3  4  95       
PG06  14297.236004   4946.166612 -21773.727797    -93.919249  5  5  4  91       
PG07  -1822.010095  21367.463049  15913.604713    -13.920802  4  5  4  87       
PG08 -10844.037804  11981.418297  20871.850648    453.646551  4  4  4  71       
PG09   4985.740532  24754.499769  -8217.395579    514.982641  6  3  6 106       
PG10 -21717.471911 -10520.810739  11703.865418   -262.275222  4  6  4  68       
PG11  20010.673578  -6880.787398 -15973.920770   -752.399816  3  6  4  60       
PG12  14105.675888 -11323.812519 -19724.747822   -562.428618  5  6  4  67       
PG13  14662.922162  -2526.982881  21775.066364    692.350718  3  5  2  87       
PG14  18625.284187  12945.899554  14056.387299    573.426522  4  6  4  85       
PG15   8791.131809 -13950.063940  20276.085648    247.592519  5  6  4 100       
PG16 -25808.326389   -558.179182   6822.633955    -86.389609  3  6  4  62       
PG17  12950.460689  21838.064986  -7014.826968    489.833035  4  8  6  65       
PG18    687.147861 -20024.199850  17351.036920   -658.952029  5  7  4  90       
PG19  16005.435026  14415.691973 -15958.011578    582.071348  2  7  7 103       
PG20  26454.269952  -1078.740884   -695.710050    367.348518  4  3  5  46       
PG21 -16954.892713  18615.865787   6739.618736     99.923094  2  3  5  58       
PG22  23136.314990  10433.921014   7646.420788    -90.412584  4  4  5  34       
PG23  -8766.698294 -14579.670428  20501.794718    397.064956  4  8  5  90       
PG24  14363.807278 -22013.919817   1236.790210   -467.429365  4  2  4  59       
PG25   -629.350011 -15740.999589 -21758.928508    497.251723  6  6  2 112       
PG26 -26056.730564  -4304.810977  -4564.770621    -34.581170  4  5  5  87       
PG27 -16155.063660   -443.275916  20846.124236    -33.477417  4  5  6 104       
PG28 -13617.773929  -7003.054462 -21717.228976   -526.506001  5  4  6  63       
PG29  -2888.338042 -25172.750215  -7799.085734   -550.165671  5  8  6  85       
PG30   8724.350649  14060.339556  20884.591134   -246.722106  4  5  4  86       
PG31 -18920.356428   2397.868052 -18878.018568   -218.612363  5  4  3  89       
PG32 -16039.718650 -18360.039193 -10559.089041   -547.745437  7  6  4  87       
*  2025  1  4  8 15  0.00000000
PG01 -15781.721812  21346.495615   -815.295799 999999.999999 11  1  1           
PG02 -14315.209038  21947.852727   3204.827936   -276.092975  4  1  4  79       
PG03 -12579.624972  12408.968279 -19955.432353    639.204187  6  4  7  63       
PG04  -4003.059688  19709.721991 -17249.975959    506.621183  1  6  6  82       
PG05  24350.916431  -5790.167120   8809.861109   -198.008660  4  3  4  84       
PG06  12827.639813   6991.342176 -22113.820786    -93.943899  6  5  4  88       
PG07  -2943.197258  22580.541622  13826.657649    -13.920150  4  5  5  89       
PG08 -12026.215134   9829.428697  21380.546908    453.653882  4  5  5  70       
PG09   4297.919691  23892.931058 -10789.419622    514.996501  6  3  6 107       
PG10 -20287.889974 -10508.069374  14059.125871   -262.289662  4  6  5  64       
PG11  18948.922239  -5249.925381 -17785.995927   -752.399354  4  6  5  36       
PG12  16183.266531 -10870.881592 -18308.897935   -562.430784  5  6  4  44       
PG13  15371.284148   -110.019780  21455.033579    692.351697  4  5  2  87       
PG14  16902.139512  12959.005934  16062.418661    573.433058  4  6  4  68       
PG15  10240.637129 -11945.667517  20865.395000    247.597050  5  6  3  95       
PG16 -26417.382519   -889.436757   4084.767263    -86.381339  3  6  4  61       
PG17  12969.056201  22577.361432  -4234.900339    489.817895  4  8  6  83       
PG18   1918.783754 -21447.236309  15429.337914   -658.951065  5  7  4  90       
PG19  16408.478221  16042.110045 -13878.791951    582.075584  3  8  7  95       
PG20  26228.153729   -779.760502  -3537.319401    367.348519  4  3  5  60       
PG21 -16775.836608  17671.609639   9448.759541     99.923460  2  3  5  21       
PG22  22122.111791  10506.161846  10263.592826    -90.414518  5  4  5  48       
PG23  -6389.529288 -14482.371964  21410.597927    397.071791  5  8  5  81       
PG24  14506.777979 -21524.552088   4039.507732   -467.426080  4  3  4  55       
PG25   1783.803541 -15569.998528 -21795.143743    497.251234  6  5  2 117       
PG26 -25406.681119  -4601.963273  -7226.914978    -34.594601  3  5  4  78       
PG27 -17121.525090  -2628.205931  19945.938059    -33.476979  4  6  6 102       
PG28 -12257.421229  -9081.520668 -21757.645414   -526.514983  4  5  6  84       
PG29  -2316.042568 -24278.154710 -10414.816768   -550.162608  5  8  6  70       
PG30   7308.005613  15908.287146  20056.216734   -246.714596  4  5  4  81       
PG31 -17712.411803    584.876984 -20135.070546   -218.611592  5  4  3  65       
PG32 -16314.533924 -19429.996594  -7980.883261   -547.739484  7  6  4  88       
*  2025  1  4  8 30  0.00000000
PG01 -15951.041762  21138.900256   2037.405372 999999.999999 11  1  6           
PG02 -14333.128214  21401.498289   6029.727865   -276.084844  3  1  4  54       
PG03 -14742.221754  12254.919374 -18495.415435    639.211214  6  4  7  77       
PG04  -5059.952180  17920.563225 -18860.993751    506.626526  2  5  6  72       
PG05  25227.379362  -5610.116879   6102.936495   -198.009297  4  3  4  80       
PG06  11465.908366   9131.460373 -22070.986184    -93.968555  6  4  4  87       
PG07  -3877.363021  23640.252084  11503.941727    -13.919558  4  5  5  88       
PG08 -13330.473175   7711.203363  21515.774643    453.661235  4  5  6  54       
PG09   3427.761096  22825.108255 -13175.884656    515.010389  6  3  5 101       
PG10 -18609.478846 -10569.078191  16179.559737   -262.304050  4  6  5  74       
PG11  17868.604836  -3409.934101 -19290.388695   -752.398829  4  6  5  68       
PG12  18108.590950 -10544.363138 -16584.460291   -562.432747  5  5  4  59       
PG13  16187.141091   2208.246704  20758.801489    692.353049  4  5  2  89       
PG14  14970.954213  13047.644910  17795.606305    573.439664  4  5  4  84       
PG15  11810.255491  -9975.059709  21077.836987    247.601020  5  6  3 102       
PG16 -26733.071964  -1148.759939   1278.008582    -86.373008  4  5  4  78       
PG17  12893.024960  23020.473721  -1380.541805    489.802486  3  7  6  85       
PG18   2946.940604 -22738.589415  13240.018820   -658.950124  5  6  3  90       
PG19  16804.662493  17416.486463 -11567.522888    582.079891  5  8  7  89       
PG20  25701.849430   -421.125478  -6317.464848    367.347860  5  3  6  68       
PG21 -16507.620458  16454.309785  11987.281411     99.925080  2  4  4  34       
PG22  20832.090167  10593.896924  12704.033112    -90.416561  5  4  5  52       
PG23  -3926.544281 -14517.851762  21953.735947    397.078559  4  7  5  79       
PG24  14536.451702 -20755.793346   6770.329174   -467.422794  4  3  3  58       
PG25   4189.180463 -15522.858349 -21468.101207    497.250750  6  5  2 113       
PG26 -24482.423339  -4945.297392  -9768.149543    -34.608038  3  5  4  84       
PG27 -18138.248824  -4648.131964  18696.952109    -33.476552  4  6  6  95       
PG28 -11015.682291 -11213.843970 -21424.218483   -526.523945  4  5  5  96       
PG29  -1580.906110 -23153.637414 -12850.475245   -550.159895  6  7  6  65       
PG30   6039.200112  17728.960440  18885.126866   -246.707114  4  5  4  88       
PG31 -16533.489099  -1392.239625 -21055.715465   -218.610779  5  4  3  71       
PG32 -16501.768419 -20219.747239  -5265.854438   -547.733513  7  7  4  72       
*  2025  1  4  8 45  0.00000000
PG01 -15958.588762  20669.587116   4855.038296 999999.999999 11  2  8           
PG02 -14253.326742  20569.872921   8749.646849   -276.076847  4  3  3  23       
PG03 -16729.066658  12217.023106 -16719.918780    639.218249  5  4  7  73       
PG04  -6291.540843  16048.206889 -20145.413343    506.631930  3  4  5  72       
PG05  25799.548411  -5452.662899   3290.885973   -198.010494  4  3  4  82       
PG06  10239.179782  11322.505032 -21645.584497    -93.993194  6  4  4  90       
PG07  -4634.900732  24506.163181   8983.619537    -13.919121  4  4  5  84       
PG08 -14733.209890   5669.664460  21276.547152    453.668593  4  5  6  63       
PG09   2362.041197  21590.162163 -15336.032672    515.024243  6  3  6 103       
PG10 -16714.835961 -10733.694416  18029.824138   -262.318442  4  6  5  90       
PG11  16809.743669  -1384.966438 -20461.135854   -752.398337  5  6  5  64       
PG12  19841.328719 -10325.266482 -14579.824999   -562.434882  5  5  4  49       
PG13  17084.614756   4384.765418  19699.518745    692.354266  4  4  2  75       
PG14  12867.452883  13235.432724  19226.161969    573.446256  3  5  4  82       
PG15  13471.363931  -8079.429463  20909.846834    247.605066  5  5  3  91       
PG16 -26746.446680  -1372.126456  -1550.226680    -86.364590  4  5  4  62       
PG17  12686.225052  23178.238037   1497.993974    489.787120  3  7  6  89       
PG18   3778.295190 -23854.471406  10820.700158   -658.949180  5  6  3  85       
PG19  17155.229168  18525.362334  -9062.975833    582.083948  5  8  6  89       
PG20  24891.963881     30.842877  -8987.762831    367.347766  5  4  6  36       
PG21 -16191.724585  14974.306980  14311.194441     99.926469  2  5  4  24       
PG22  19289.155247  10731.708173  14926.865262    -90.418353  5  4  5  58       
PG23  -1427.071852 -14693.264277  22121.285490    397.085417  4  6  5  83       
PG24  14488.221399 -19703.762895   9380.129966   -467.419452  4  3  3  61       
PG25   6540.794057 -15595.444080 -20782.323207    497.250288  6  5  2 114       
PG26 -23303.856350  -5365.336307 -12146.077547    -34.621506  3  5  4  72       
PG27 -19169.647685  -6472.505640  17122.583597    -33.476152  4  7  7  97       
PG28  -9912.725548 -13355.588315 -20722.657419   -526.532927  4  6  5  78       
PG29   -664.771118 -21836.835320 -15064.174422   -550.156540  6  7  6  65       
PG30   4927.408971  19478.185844  17390.441629   -246.699587  5  5  4  79       
PG31 -15417.312514  -3502.839265 -21623.954477   -218.610260  4  4  4  69       
PG32 -16563.391187 -20734.229599  -2460.821740   -547.727578  7  7  5  66       
*  2025  1  4  9  0  0.00000000
PG01 -15839.538226  19925.706343   7589.114097 999999.999999 11  4  9           
PG02 -14115.750739  19455.985780  11318.185627   -276.068567  4  3  2  10       
PG03 -18500.622281  12269.647806 -14658.662775    639.225271  4  4  7  71       
PG04  -7689.725050  14139.782631 -21081.359621    506.637271  4  3  5  84       
PG05  26060.528649  -5279.595872    422.263493   -198.011196  5  4  4  85       
PG06   9166.861970  13516.684345 -20844.659665    -94.017797  6  4  4  73       
PG07  -5233.308319  25141.885252   6307.843053    -13.918564  4  4  5  64       
PG08 -16204.418996   3742.954714  20668.449204    453.675980  4  6  7  58       
PG09   1095.376652  20230.540400 -17233.084619    515.038103  6  3  6  97       
PG10 -14642.612001 -11025.716440  19578.955176   -262.332913  4  6  5  79       
PG11  15808.437541    793.424645 -21278.081985   -752.397802  5  6  5  74       
PG12  21346.245618 -10188.246310 -12328.190027   -562.437078  5  5  4  55       
PG13  18031.634621   6382.390260  18296.693738    692.355515  5  3  2  75       
PG14  10632.274432  13539.653115  20329.314824    573.452921  3  5  4  72       
PG15  15189.249503  -6294.844094  20365.043723    247.609166  5  5  4  96       
PG16 -26456.959730  -1596.615019  -4352.595238    -86.356152  4  5  4  63       
PG17  12316.249581  23069.911397   4350.510045    489.771601  2  6  6  93       
PG18   4427.573819 -24754.801646   8213.151714   -658.948260  5  5  3  83       
PG19  17420.630681  19363.598844  -6407.025107    582.088279  6  8  6  78       
PG20  23823.085247    605.882032 -11501.696527    367.347656  5  4  6  50       
PG21 -15868.424771  13250.630547  16381.253268     99.927897  2  5  4  85       
PG22  17523.438423  10950.046432  16895.334264    -90.420311  6  4  6  25       
PG23   1058.557959 -15007.384484  21909.685501    397.092247  4  5  4  89       
PG24  14398.629028 -18373.532698  11821.620654   -467.416215  4  3  4  70       
PG25   8794.104885 -15776.048139 -19748.193410    497.249811  6  5  2 113       
PG26 -21897.574249  -5888.559858 -14320.998223    -34.634977  3  5  4  65       
PG27 -20176.663183  -8078.591954  15251.718280    -33.475733  4  7  6 100       
PG28  -8960.935700 -15460.045758 -19664.987455   -526.541921  4  6  5  80       
PG29    442.962411 -20369.755114 -17017.960375   -550.153789  6  7  5  93       
PG30   3974.386163  21111.771748  15596.925697   -246.692076  5  5  4  73       
PG31 -14392.352264  -5710.381173 -21829.469938   -218.609631  4  4  4  77       
PG32 -16464.155622 -20986.747160    386.157952   -547.721652  7  7  5  26       
*  2025  1  4  9 15  0.00000000
PG01 -15631.844512  18902.765333  10192.592432 999999.999999 11  5 10           
PG02 -13960.114832  18071.551709  13692.162077   -276.060603  3  4  2  53       
PG03 -20023.703257  12381.195479 -12346.350377    639.232305  3  4  7  69       
PG04  -9238.177366  12241.235500 -21653.055879    506.642618  5  2  5  68       
PG05  26012.491666  -5052.582907  -2453.617767   -198.012180  5  5  5  78       
PG06   8259.983025  15664.129800 -19681.837572    -94.042436  6  4  4  78       
PG07  -5696.404430  25516.557491   3522.123393    -13.917790  4  3  5  67       
PG08 -17708.803808   1963.166671  19703.438677    453.683347  5  6  7  31       
PG09   -369.388224  18790.388985 -18834.846163    515.051871  6  4  6 100       
PG10 -12436.218124 -11461.872202  20800.842195   -262.347272  3  6  5  87       
PG11  14895.481353   3087.313858 -21727.226029   -752.397276  6  5  5  62       
PG12  22594.421183 -10102.670351  -9867.077592   -562.438937  4  4  4  62       
PG13  18991.222581   8171.099305  16575.769825    692.356584  5  3  3  80       
PG14   8309.607005  13970.476123  21085.746812    573.459539  3  4  4  81       
PG15  16924.417063  -4650.956594  19454.113392    247.613538  4  4  4  89       
PG16 -25872.421033  -1858.831128  -7082.549350    -86.347625  5  4  4  53       
PG17  11755.836884  22722.227401   7127.771757    489.757071  3  5  6  88       
PG18   4916.791787 -25404.774861   5462.564757   -658.947309  5  4  2  74       
PG19  17562.108784  19934.411315  -3644.008359    582.092372  6  8  6  72       
PG20  22526.856481   1328.411367 -13815.455977    367.347164  6  4  6  55       
PG21 -15575.075955  11310.252366  18163.555297     99.929215  3  5  4  34       
PG22  15571.205041  11273.963628  18577.332788    -90.422422  6  4  6  33       
PG23   3480.747189 -15450.599551  21321.844101    397.099068  4  4  4  80       
PG24  14303.721865 -16779.151122  14050.330784   -467.412906  4  3  4  80       
PG25  10907.501450 -16045.816159 -18381.870435    497.249345  5  5  3 110       
PG26 -20295.950560  -6536.245993 -16256.509612    -34.648414  3  5  4  74       
PG27 -21118.318393  -9452.068533  13118.092283    -33.475335  4  7  6  93       
PG28  -8164.564892 -17479.882564 -18269.346593   -526.550920  4  6  4  63       
PG29   1744.743501 -18797.173984 -18678.454968   -550.150640  6  6  5  89       
PG30   3174.230550  22587.111988  13534.628877   -246.684597  5  5  4  76       
PG31 -13480.795657  -7973.579811 -21667.836217   -218.608709  4  4  4  45       
PG32 -16173.067834 -20998.273760   3226.601351   -547.715717  7  7  5  66       
*  2025  1  4  9 30  0.00000000
PG01 -15374.629602  17604.943396  12620.691179 999999.999999 11  6 11           
PG02 -13824.229978  16436.568092  15832.275234   -276.052292  4  5  2  18       
PG03 -21272.626077  12515.417111  -9822.123311    639.239424  2  5  7  56       
PG04 -10912.832710  10395.665682 -21851.071664    506.648021  5  1  5  66       
PG05  25666.503093  -4734.835100  -5287.530353   -198.013337  6  5  5  89       
PG06   7520.880364  17714.690119 -18177.103245    -94.067103  7  3  4  79       
PG07  -6053.273524  25606.168069    674.596943    -13.917277  4  3  5  60       
PG08 -19207.095243    355.330907  18399.538469    453.690714  5  7  7  71       
PG09  -2021.112868  17313.888692 -20114.230498    515.065664  6  4  6 103       
PG10 -10142.367279 -12051.070718  21674.639678   -262.361711  3  6  5  78       
PG11  14095.207490   5453.680669 -21800.957579   -752.396739  7  6  5  78       
PG12  23564.260976 -10033.904717  -7237.771866   -562.441088  4  4  4  77       
PG13  19922.972825   9728.919694  14567.597848    692.357584  5  3  3  82       
PG14   5945.688967  14530.453455  21481.946451    573.466155  3  4  4  86       
PG15  18634.103824  -3170.003886  18194.526596    247.617603  4  3  4  74       
PG16 -25008.665773  -2193.372542  -9695.025240    -86.338995  5  4  4  52       
PG17  10984.060446  22168.186551   9782.358286    489.741036  4  5  6  66       
PG18   5274.199442 -25776.240310   2616.752205   -658.946391  4  3  2  88       
PG19  17543.254505  20249.108700   -820.053627    582.096543  6  8  5  61       
PG20  21040.780951   2216.366242 -15888.730261    367.347025  6  4  6  62       
PG21 -15344.583277   9187.048726  19629.979908     99.930335  3  6  4  68       
PG22  13473.560186  11722.078752  19945.831254    -90.424068  6  4  6  44       
PG23   5792.344949 -16005.235665  20367.138605    397.105894  4  4  3  80       
PG24  14237.420481 -14943.293526  16025.551899   -467.409599  3  4  4  70       
PG25  12843.692596 -16379.451877 -16705.117795    497.248869  5  5  3 102       
PG26 -18536.025121  -7323.505718 -17920.067000    -34.661846  2  5  3  49       
PG27 -21953.332747 -10587.288954  10759.609831    -33.474905  5  7  6  88       
PG28  -7519.706904 -19368.819033 -16559.678369   -526.559940  4  7  4  68       
PG29   3234.598418 -17164.952042 -20017.412762   -550.147402  6  6  5  83       
PG30   2513.755316  23864.755582  11238.426505   -246.677085  6  5  4  68       
PG31 -12697.751823 -10247.745144 -21140.652667   -218.608172  4  4  4  53       
PG32 -15664.688928 -20796.487031   6012.397917   -547.709763  7  6  5  81       
*  2025  1  4  9 45  0.00000000
PG01 -15106.536927  16045.080100  14831.656203 999999.999999 11  5 12           
PG02 -13742.450903  14578.593557  17703.667982   -276.044237  4  5  2  45       
PG03 -22230.088021  12632.926110  -7128.933977    639.246444  2  5  7  92       
PG04 -12682.684984   8641.796022 -21672.456330    506.653324  5  1  5  99       
PG05  25042.024073  -4292.706619  -8031.161742   -198.014494  6  5  5  64       
PG06   6943.241894  19619.749698 -16356.459597    -94.091752  7  3  4 109       
PG07  -6336.973011  25394.645414  -2184.804934    -13.916724  4  3  5  85       
PG08 -20657.518496  -1063.303913  16780.430962    453.698067  6  7  7  84       
PG09  -3840.611983  15843.609606 -21049.691440    515.079590  5  4  6  70       
PG10  -7809.498854 -12793.944078  22185.112224   -262.376216  3  6  5  98       
PG11  13424.593839   7845.886055 -21498.179257   -752.396196  7  6  5 101       
PG12  24242.252921  -9944.772422  -4484.682021   -562.443113  4  3  4  85       
PG13  20784.664337  11042.527204  12307.821203    692.358952  6  3  3  88       
PG14   3587.230078  15214.312092  21510.473795    573.472771  2  4  4  79       
PG15  20273.930291  -1866.136603  16610.106273    247.621823  4  2  5  78       
PG16 -23888.952591  -2631.386430 -12147.092027    -86.330583  5  4  4  74       
PG17   9987.257032  21445.637010  12269.447058    489.725620  4  4  5  89       
PG18   5532.976379 -25848.834634   -274.707993   -658.945472  4  2  2  82       
PG19  17331.495404  20326.547431   2017.621067    582.100444  6  7  5  87       
PG20  19406.807765   3280.291312 -17685.435397    367.346333  6  4  6  71       
PG21 -15204.115072   6920.527988  20758.475083     99.931530  4  6  3  66       
PG22  11275.004784  12305.809356  20979.212794    -90.426067  6  4  6  99       
PG23   7950.278815 -16646.211154  19061.305229    397.112673  5  2  3  92       
PG24  14229.973620 -12896.548250  17711.209739   -467.406277  3  4  4  98       
PG25  14570.961138 -16746.181580 -14745.046358    497.248392  5  5  3  75       
PG26 -16658.231493  -8258.545940 -19283.491714    -34.675323  2  5  3 108       
PG27 -22641.734346 -11487.210279   8217.614949    -33.474438  6  7  6  85       
PG28  -7014.594963 -21083.279129 -14565.325453   -526.568948  4  7  3  96       
PG29   4898.189820 -15518.322245 -21012.183637   -550.144422  6  6  4  99       
PG30   1973.150845  24909.881363   8747.463364   -246.669562  6  5  4  88       
PG31 -12050.721628 -12486.265847 -20255.593185   -218.607632  4  4  4  97       
PG32 -14920.225207 -20414.570299   8696.585610   -547.703851  7  6  4  76       
*  2025  1  4 10  0  0.00000000
PG01 -14864.114596  14244.337418  16787.477997 999999.999999 11  6 12           
PG02 -13744.297861  12531.765638  19276.387601   -276.036010  4  6  2  60       
PG03 -22887.738619  12692.853704  -4312.840644    639.253515  2  5  7  64       
PG04 -14510.858732   7012.625602 -21120.758093    506.658661  5  2  5  71       
PG05  24166.109549  -3697.164757 -10637.914808   -198.015261  7  6  5  60       
PG06   6512.498112  21333.999494 -14251.473243    -94.116421  7  3  4  68       
PG07  -6583.048426  24874.664697  -5005.270113    -13.916123  3  2  5  69       
PG08 -22017.349044  -2283.678818  14874.968252    453.705435  6  7  7  21       
PG09  -5801.216372  14418.945800 -21625.561693    515.093376  5  5  6  68       
PG10  -5486.139993 -13682.698231  22322.907799   -262.390692  3  6  4  84       
PG11  12892.672491  10215.291560 -20824.313735   -752.395740  7  5  5  73       
PG12  24623.435107  -9797.132940  -1654.636449   -562.445068  4  3  4  55       
PG13  21533.939749  12107.503550   9836.189670    692.359925  6  4  2  82       
PG14   1279.810708  16009.057129  21170.129975    573.479386  2  4  4  75       
PG15  21799.612205   -745.103771  14730.461355    247.626097  4  2  5  67       
PG16 -22543.116386  -3199.265601 -14398.557978    -86.322019  5  3  4  61       
PG17   8759.663914  20595.707215  14547.520673    489.710598  5  4  5  38       
PG18   5729.726361 -25610.820861  -3161.369063   -658.944536  4  1  2  83       
PG19  16899.457718  20192.317714   4821.429334    582.104428  6  7  4  63       
PG20  17669.753483   4522.730754 -19174.363041    367.346119  7  4  5  81       
PG21 -15174.096962   4554.387050  21533.203364     99.932775  4  6  3  60       
PG22   9021.897013  13028.889526  21661.516085    -90.427731  6  4  6  79       
PG23   9917.039532 -17341.994327  17426.216808    397.119483  5  2  2  77       
PG24  14306.572652 -10676.365249  19076.637229   -467.402948  3  4  4  78       
PG25  16064.231087 -17110.948987 -12533.766194    497.247923  5  5  4 106       
PG26 -14705.008119  -9342.187256 -20323.424908    -34.688710  2  5  3  71       
PG27 -23146.408487 -12162.998051   5536.134106    -33.473919  6  6  6 101       
PG28  -6630.211368 -22583.947024 -12320.530564   -526.577959  4  7  3  69       
PG29   6713.203150 -13900.223821 -21646.074917   -550.141246  6  5  4  89       
PG30   1526.918882  25693.618082   6104.507310   -246.662087  6  5  4  73       
PG31 -11539.356147 -14642.185489 -19026.366831   -218.606965  4  4  4  77       
PG32 -13928.369001 -19889.830449  11234.093429   -547.697910  6  6  4  92       
*  2025  1  4 10 15  0.00000000
PG01 -14680.291059  12231.548361  18454.542998 999999.999999 11  6 12           
PG02 -13853.297645  10335.601801  20525.746375   -276.028007  5  6  2  62       
PG03 -23246.418103  12654.583304  -1422.235540    639.260596  2  5  6  91       
PG04 -16355.913042   5534.319594 -20205.930495    506.664016  4  3  5  95       
PG05  23072.337000  -2925.076383 -13063.667875   -198.016684  7  6  5  85       
PG06   6206.549693  22817.089809 -11898.715516    -94.141104  7  3  4 108       
PG07  -6827.914512  24048.122993  -7736.085898    -13.915560  3  2  5  85       
PG08 -23244.497287  -3305.012469  12716.611716    453.712795  7  7  7  83       
PG09  -7869.620974  13074.688392 -21832.292773    515.107172  4  4  6  81       
PG10  -3219.259678 -14701.281112  22084.754176   -262.405078  4  6  4  94       
PG11  12500.261167  12512.957946 -19791.196097   -752.395221  8  5  5 105       
PG12  24711.552134  -9553.524307   1203.883905   -562.447179  4  3  4  89       
PG13  22129.983519  12928.248583   7195.818509    692.361068  6  4  2  92       
PG14   -933.681348  16894.383487  20466.025764    573.485973  2  4  4  72       
PG15  23168.657419    195.702120  12590.309100    247.629870  4  2  5  78       
PG16 -21006.507204  -3917.525645 -16412.531823    -86.313568  5  3  4  74       
PG17   7303.748624  19661.154483  16578.989405    489.695203  5  4  5  80       
PG18   5902.834336 -25059.597972  -5992.832634   -658.943589  4  1  3  83       
PG19  16226.154389  19877.689208   7544.152554    582.108801  7  6  4  62       
PG20  15875.623645   5937.940764 -20329.736948    367.346013  7  5  5  81       
PG21 -15267.510795   2134.960911  21944.562666     99.934339  5  6  3  75       
PG22   6760.874766  13887.184665  21982.590185    -90.430085  6  4  6  93       
PG23  11661.960465 -18055.832099  15489.548887    397.126283  5  2  2  85       
PG24  14486.191323  -8325.712253  20097.222997   -467.399612  4  4  4  91       
PG25  17305.905457 -17435.801984 -10107.945871    497.247433  4  5  3  74       
PG26 -12719.340557 -10567.655758 -21021.720725    -34.702150  2  4  3 109       
PG27 -23434.525953 -12633.333117   2761.104947    -33.473385  6  6  5  78       
PG28  -6341.185108 -23837.171022  -9863.852777   -526.586912  4  7  2  80       
PG29   8650.044068 -12349.742635 -21908.608818   -550.138316  6  4  3  93       
PG30   1145.044148  26194.155157   3355.221527   -246.654605  6  5  5  86       
PG31 -11155.517794 -16669.816950 -17472.584326   -218.606263  4  4  3 103       
PG32 -12685.862384 -19262.184532  13582.442314   -547.691996  5  7  4  85       
*  2025  1  4 10 30  0.00000000
PG01 -14583.002481  10042.276852  19804.208635 999999.999999 11  4 13           
PG02 -14086.078349   8033.633290  21432.586663   -276.019681  5  6  2  60       
PG03 -23316.049773  12479.496417   1492.982433    639.267670  3  5  6  78       
PG04 -18173.326326   4225.375879 -18944.130107    506.669348  4  4  5  79       
PG05  21799.508514  -1960.263991 -15267.484129   -198.017750  8  6  4  93       
PG06   5996.801181  24035.098906  -9339.109284    -94.165823  7  3  4 101       
PG07  -7107.169978  22926.249479 -10327.661886    -13.914752  3  2  5  88       
PG08 -24299.062174  -4134.573742  10342.814318    453.720111  7  7  7  94       
PG09 -10006.987521  11839.789458 -21666.594531    515.120973  4  4  5  71       
PG10  -1052.672880 -15825.866435  21473.573241   -262.419567  4  6  4  93       
PG11  12240.026554  14691.357815 -18416.854343   -752.394667  8  5  5 103       
PG12  24518.888199  -9178.804987   4041.562882   -562.449206  4  2  4  92       
PG13  22535.134413  13517.558121   4432.409150    692.362016  6  4  2  87       
PG14  -3014.517251  17843.384433  19409.544767    573.492591  1  3  4  79       
PG15  24341.975058    966.851394  10228.710280    247.634107  5  2  5  76       
PG16 -19318.752300  -4799.898526 -18155.937393    -86.305150  5  3  4  51       
PG17   5630.226967  18684.693630  18330.725462    489.679921  6  4  5  83       
PG18   6090.753128 -24201.859132  -8719.667582   -658.942666  4  2  3  82       
PG19  15297.954962  19418.351276  10139.683123    582.112657  7  6  4  56       
PG20  14069.901506   7511.936288 -21131.666371    367.346054  7  4  5  85       
PG21 -15489.507947   -290.372124  21989.099370     99.935427  5  6  4  51       
PG22   4537.293926  14868.803162  21938.166143    -90.431955  6  4  6  82       
PG23  13162.240201 -18747.204066  13284.336794    397.133091  4  2  2  89       
PG24  14780.705607  -5891.498696  20754.914851   -467.396256  4  4  4  90       
PG25  18286.438102 -17681.423927  -7508.279024    497.246932  4  5  4  77       
PG26 -10743.284906 -11920.659254 -21365.772927    -34.715587  2  4  4 101       
PG27 -23478.801659 -12923.454567    -60.395466    -33.472880  7  6  5  91       
PG28  -6116.942489 -24816.160999  -7237.508785   -526.595923  4  7  2  84       
PG29  10672.818979 -10900.717122 -21795.672928   -550.135313  6  4  3 106       
PG30    794.358987  26397.596287    547.367069   -246.647150  6  5  5  96       
PG31 -10883.647873 -18526.337021 -15619.526020   -218.605776  4  4  3  92       
PG32 -11197.766154 -18572.571206  15702.397216   -547.686068  5  7  4  86       
*  2025  1  4 10 45  0.00000000
PG01 -14594.025092   7717.624620  20813.292542 999999.999999 11  2 13           
PG02 -14451.741796   5671.924086  21983.456292   -276.011901  5  6  2  62       
PG03 -23115.186618  12132.660702   4382.276613    639.274858  4  5  6  85       
PG04 -19917.104266   3096.097767 -17357.410982    506.674684  3  4  5  83       
PG05  20390.176487   -794.293679 -17212.261517   -198.018638  8  6  4  92       
PG06   5849.458762  24961.758801  -6617.194386    -94.190486  7  4  4 106       
PG07  -7453.920715  21529.333090 -12732.567634    -13.914230  3  2  5  89       
PG08 -25144.797218  -4787.154661   7794.358508    453.727457  7  6  6  87       
PG09 -12170.260247  10736.361835 -21131.473600    515.134774  4  4  5  93       
PG10    974.448317 -17025.640867  20498.507795   -262.434066  4  5  4  93       
PG11  12096.875689  16706.036371 -16725.182822   -752.394158  8  5  4 103       
PG12  24065.777299  -8641.730509   6809.104552   -562.451195  4  2  4  79       
PG13  22716.371703  13895.890644   1593.447013    692.363388  6  5  2  93       
PG14  -4929.440123  18823.533292  18018.198403    573.499204  1  3  4  67       
PG15  25285.331320   1586.162184   7688.242522    247.637963  5  3  5  80       
PG16 -17522.382955  -5852.671290 -19599.979975    -86.296524  5  3  4  55       
PG17   3757.776398  17707.367273  19774.507796    489.664637  6  4  4  75       
PG18   6330.290550 -23053.391461 -11294.310843   -658.941749  5  2  3  99       
PG19  14109.299684  18852.990522  12563.766562    582.117325  8  6  4  30       
PG20  12295.872410   9222.870127 -21566.488038    367.345379  8  4  5  87       
PG21 -15837.333856  -2674.771103  21669.331572     99.936642  6  6  4  63       
PG22   2393.734733  15954.495595  21529.850342    -90.433881  6  4  5  89       
PG23  14403.665938 -19373.446798  10848.428771    397.139902  4  3  2  85       
PG24  15194.334256  -3422.839514  21038.563536   -467.392903  4  4  4  86       
PG25  19004.611326 -17808.754515  -4778.860269    497.246419  4  4  4  75       
PG26  -8816.523976 -13379.749116 -21348.768810    -34.729040  2  5  4 107       
PG27 -23258.542144 -13063.980661  -2880.911651    -33.472429  7  5  5 101       
PG28  -5923.065939 -25501.933281  -4486.650096   -526.604935  4  7  2  87       
PG29  12740.560279  -9580.561415 -21309.563236   -550.132374  6  4  3  98       
PG30    440.047409  26298.517705  -2270.049952   -246.639655  6  5  5  89       
PG31 -10701.433194 -20173.301631 -13497.808167   -218.604843  4  4  3 115       
PG32  -9477.426721 -17861.344609  17558.564209   -547.680121  4  7  5  67       
*  2025  1  4 11  0  0.00000000
PG01 -14728.057789   5302.830499  21464.467877 999999.999999 11  1 13           
PG02 -14951.527191   3297.528289  22170.700853   -276.003592  4  6  3  65       
PG03 -22670.226438  11584.391651   7195.367519    639.281929  4  5  6  68       
PG04 -21541.449080   2148.390151 -15473.322877    506.679990  4  5  6  84       
PG05  18889.048719    573.032339 -18865.315628   -198.019981  9  5  4  96       
PG06   5727.039115  25579.389420  -3780.326456    -94.215163  6  5  4  93       
PG07  -7897.189392  19886.068455 -14906.553721    -13.913448  4  2  5  63       
PG08 -25750.437449  -5284.269595   5114.661810    453.734895  7  6  6  88       
PG09 -14313.645491   9778.950806 -20236.171315    515.148604  4  3  5  79       
PG10   2828.901908 -18263.871599  19174.855640   -262.448531  4  5  4  92       
PG11  12048.658667  18517.156732 -14745.515199   -752.393696  8  4  4 104       
PG12  23379.803835  -7916.400324   9458.111906   -562.453093  5  2  3  77       
PG13  22646.621082  14090.356993  -1272.609016    692.364497  6  4  3  86       
PG14  -6651.772916  19797.903578  16315.371566    573.505747  1  3  3  91       
PG15  25970.596082   2077.704714   5014.136778    247.642080  5  3  4  85       
PG16 -15661.371141  -7074.291220 -20720.562626    -86.288061  5  4  4  48       
PG17   1712.462216  16767.015078  20887.378312    489.649513  6  4  4  89       
PG18   6654.967730 -21638.525390 -13671.931026   -658.940798  5  3  3  83       
PG19  12663.127908  18221.754761  14774.733231    582.121102  8  5  3  75       
PG20  10593.050383  11041.728900 -21626.990999    367.345348  8  4  4  76       
PG21 -16300.550067  -4973.446107  20993.499568     99.938026  6  6  5  74       
PG22    368.624775  17118.323447  20765.044284    -90.435819  6  4  6  83       
PG23  15381.006625 -19891.485152   8223.842839    397.146692  4  3  2  98       
PG24  15723.424121   -969.238572  20944.098663   -467.389564  5  3  4  88       
PG25  19467.501116 -17780.639095  -1966.475368    497.245901  4  4  3  56       
PG26  -6975.007718 -14916.959413 -20969.863991    -34.742454  2  5  4 114       
PG27 -22760.449588 -13089.555612  -5653.350512    -33.472017  7  5  5  92       
PG28  -5722.807974 -25883.966468  -1658.588326   -526.613993  4  7  2 102       
PG29  14808.649137  -8409.348545 -20458.920856   -550.129157  6  4  3 101       
PG30     47.227778  25900.204415  -5047.669794   -246.632137  6  5  5  86       
PG31 -10580.752791 -21578.022716 -11142.946154   -218.604198  4  4  2 106       
PG32  -7546.143781 -17166.707884  19119.927389   -547.674188  3  7  5  68       
*  2025  1  4 11 15  0.00000000
PG01 -14992.090499   2845.715438  21746.558335 999999.999999 10  1 13           
PG02 -15578.769744    956.938610  21992.479572   -275.995513  4  6  4  62       
PG03 -22014.323494  10811.623174   9883.136699    639.289053  5  5  6  57       
PG04 -23002.426560   1375.883972 -13324.421505    506.685326  5  5  6  96       
PG05  17341.332102   2133.495291 -20198.889245   -198.020821  9  5  4 103       
PG06   5590.027722  25879.504383   -877.825383    -94.239871  6  5  5  98       
PG07  -8460.488196  18032.540603 -16809.522956    -13.912950  4  2  5 101       
PG08 -26090.841887  -5653.115126   2349.061053    453.742364  8  5  5  93       
PG09 -16390.200384   8974.103599 -18996.002844    515.162471  5  4  5  94       
PG10   4484.570731 -19499.220824  17523.906256   -262.463008  4  4  4  90       
PG11  12067.153906  20090.871039 -12512.105285   -752.393180  8  4  4 108       
PG12  22494.719895  -6983.513482  11941.971846   -562.455272  5  2  3  85       
PG13  22305.834498  14133.476420  -4117.132261    692.365696  6  4  3  98       
PG14  -8162.276397  20726.582774  14329.959959    573.512305  1  3  3  70       
PG15  26376.736291   2470.575684   2253.400336    247.646030  5  4  4  88       
PG16 -13779.623583  -8455.251084 -21498.650181    -86.279367  5  4  4  49       
PG17   -473.097058  15896.893377  21651.911829    489.634374  6  4  4  77       
PG18   7093.516293 -19989.256359 -15811.236675   -658.939836  5  3  3  96       
PG19  10970.999935  17564.657772  16734.209327    582.125427  8  5  2  81       
PG20   8995.768805  12933.317462 -21312.521311    367.344889  9  4  3  79       
PG21 -16861.531483  -7145.058697  19975.259009     99.939356  6  5  5  63       
PG22  -1504.977612  18328.571551  19656.795075    -90.437784  6  3  5  79       
PG23  16098.057723 -20259.601939   5456.037692    397.153425  4  4  2  91       
PG24  16356.586678   1421.225675  20474.535666   -467.386197  5  3  4  89       
PG25  19690.123431 -17563.441205    880.186299    497.245419  4  4  3  67       
PG26  -5249.727796 -16498.705277 -20234.271695    -34.755847  3  5  3 109       
PG27 -21979.159011 -13037.373740  -8331.694522    -33.471640  7  4  6  97       
PG28  -5478.701168 -25960.542747   1198.018162   -526.623008  4  7  2  95       
PG29  16830.381603  -7399.186426 -19258.565100   -550.126157  7  3  2 102       
PG30   -417.451167  25214.550995  -7736.690371   -246.624684  5  5  5  88       
PG31 -10488.874137 -22714.750642  -8594.815569   -218.603692  4  4  2 111       
PG32  -5432.551510 -16523.241601  20360.320957   -547.668293  3  7  5  51       
*  2025  1  4 11 30  0.00000000
PG01 -15385.082774    395.032302  21654.728061 999999.999999 10  1 13           
PG02 -16319.148938  -1305.423289  21452.711080   -275.987337  4  6  5  44       
PG03 -21186.037672   9799.029052  12398.521197    639.296180  6  5  6  66       
PG04 -24259.568011    764.381478 -10947.700140    506.690718  6  5  6  87       
PG05  15791.075517   3870.596829 -21190.583325   -198.021969  9  5  4 108       
PG06   5398.619018  25863.065187   2039.909263    -94.264621  6  5  5  90       
PG07  -9160.625464  16010.888496 -18406.418502    -13.912191  4  3  5 101       
PG08 -26147.913823  -5925.332202   -455.914804    453.749772  8  4  5  98       
PG09 -18353.471980   8320.251648 -17432.100358    515.176286  5  4  6  89       
PG10   5923.280035 -20687.263598  15572.676294   -262.477475  3  4  3  90       
PG11  12119.296349  21400.465547 -10063.525496   -752.392690  7  4  3 113       
PG12  21449.118095  -5831.377766  14216.727856   -562.457428  5  3  3  74       
PG13  21681.807590  14061.749422  -6892.117338    692.366844  6  5  4 100       
PG14  -9449.721531  21568.226294  12095.902366    573.518939  1  3  2  79       
PG15  26490.525050   2797.500606   -546.052660    247.650275  6  4  4  96       
PG16 -11919.482175  -9978.260114 -21920.578027    -86.270652  5  4  4  66       
PG17  -2760.791235  15124.489492  22056.403040    489.619149  6  4  4  58       
PG18   7668.575878 -18144.075313 -17675.212661   -658.938848  5  3  3  99       
PG19   9052.901567  16919.982840  18407.795743    582.129566  8  5  2  63       
PG20   7531.989820  14857.491870 -20628.966221    367.344589  9  4  3  95       
PG21 -17496.209883  -9152.969896  18633.329993     99.940725  6  5  6  72       
PG22  -3200.401396  19548.871746  18223.580180    -90.439811  6  3  5  81       
PG23  16567.333526 -20439.174561   2593.110462    397.160163  3  4  2 103       
PG24  17075.174577   3703.631537  19639.819207   -467.382840  5  3  4  85       
PG25  19694.767813 -17128.551576   3711.385400    497.244909  4  3  3  54       
PG26  -3665.672874 -18086.912836 -19153.260330    -34.769272  3  5  4 105       
PG27 -20917.494840 -12945.634747 -10871.681433    -33.471276  7  4  6  95       
PG28  -5154.201110 -25738.761390   4034.002255   -526.632038  4  7  3  81       
PG29  18758.618992  -6553.908138 -17729.226919   -550.122996  7  3  2  96       
PG30   -984.268002  24261.627810 -10289.778238   -246.617222  5  5  5  82       
PG31 -10389.856988 -23565.611415  -5897.014874   -218.602883  4  3  2  95       
PG32  -3171.735334 -15960.578642  21258.832363   -547.662354  2  7  5  85       
*  2025  1  4 11 45  0.00000000
PG01 -15897.965082  -2001.216894  21190.563462 999999.999999  9  1 13           
PG02 -17151.212781  -3448.626908  20560.954618   -275.979293  4  5  6  76       
PG03 -20227.773750   8539.846636  14697.379784    639.303385  5  6  6 105       
PG04 -25277.347172    292.602833  -8383.952767    506.696073  7  5  6 118       
PG05  14279.571901   5760.007728 -21823.705133   -198.022857  9  5  4  89       
PG06   5114.467685  25540.375102   4922.298002    -94.289472  5  5  5 115       
PG07 -10006.806486  13867.705433 -19667.997797    -13.911585  5  3  5  81       
PG08 -25911.269448  -6135.617724  -3253.274357    453.757124  8  3  5  82       
PG09 -20159.126457   7807.909180 -15571.064099    515.190112  6  4  6 121       
PG10   7135.360914 -21782.156515  13353.541506   -262.491957  3  3  3 117       
PG11  12168.599743  22427.236904  -7441.994054   -752.392185  7  4  3  76       
PG12  20284.910257  -4456.625702  16241.920501   -562.459273  5  3  3 110       
PG13  20770.708663  13914.102900  -9550.942374    692.368111  6  5  5  85       
PG14 -10511.151314  22281.691464   9651.613637    573.525494  1  3  2 109       
PG15  26306.948497   3093.325778  -3336.245239    247.654314  6  4  5  68       
PG16 -10120.280113 -11618.698163 -21978.301834    -86.262120  5  4  4  64       
PG17  -5108.267057  14470.567356  22094.974185    489.603581  6  3  4 107       
PG18   8395.644655 -16146.556339 -19231.770310   -658.937878  5  3  3 124       
PG19   6936.731713  16322.744919  19765.702420    582.133841  8  5  2  60       
PG20   6222.377742  16770.591243 -19588.620048    367.344565  9  4  2  48       
PG21 -18175.029914 -10966.303603  16991.112807     99.941972  5  5  6  65       
PG22  -4698.150573  20739.499407  16489.029330    -90.441711  6  3  6 112       
PG23  16809.417560 -20396.307562   -315.063517    397.166986  4  4  2  75       
PG24  17854.070768   5837.788100  18456.514450   -467.379487  6  3  3 121       
PG25  19510.038070 -16453.728183   6477.237384    497.244408  4  3  3  55       
PG26  -2241.006175 -19640.343857 -17744.053811    -34.782700  3  5  3  69       
PG27 -19586.442296 -12851.984332 -13231.445939    -33.470934  7  3  6  86       
PG28  -4715.297884 -25234.223735   6800.536124   -526.641051  4  7  3 117       
PG29  20547.460692  -5869.086209 -15897.187944   -550.120207  8  2  2  51       
PG30  -1679.005647  23068.928046 -12661.958376   -246.609732  5  5  5 118       
PG31 -10246.112801 -24121.255809  -3096.136584   -218.602077  4  3  2 119       
PG32   -804.114865 -15502.272124  21800.132656   -547.656434  2  7  5 113       
*  2025  1  4 12  0  0.00000000
PG01 -16513.962847  -4297.432477  20362.045609 999999.999999  9  3 13           
PG02 -18047.156974  -5436.519686  19332.231269   -275.971137  4  5  7  49       
PG03 -19184.072847   7036.365961  16739.312039    639.310549  5  6  6 107       
PG04 -26026.477324    -66.796417  -5677.079621    506.701396  7  5  7 116       
PG05  12843.876964   7770.311773 -22087.530056   -198.023982  9  5  4  78       
PG06   4702.380402  24930.618780   7719.478497    -94.314225  5  4  5 120       
PG07 -11000.074147  11652.249328 -20571.465243    -13.910660  4  4  4  99       
PG08 -25378.634542  -6320.236578  -5996.287963    453.764471  8  3  5  84       
PG09 -21766.508338   7420.180216 -13444.526285    515.203962  6  5  6 119       
PG10   8119.892401 -22738.396841  10903.764597   -262.506390  2  1  3 115       
PG11  12176.716920  23161.067337  -4692.643028   -752.391717  7  4  3  79       
PG12  19045.671928  -2864.602222  17981.375452   -562.461356  5  3  3 106       
PG13  19577.303852  13730.266154 -12049.095510    692.369196  6  5  5  90       
PG14 -11351.819240  22827.686944   7039.326717    573.532058  1  3  2 114       
PG15  25829.305394   3393.462438  -6069.941664    247.658138  6  4  5 123       
PG16  -8417.002280 -13345.342042 -21669.583562    -86.253627  5  4  4  73       
PG17  -7470.319331  13948.472616  21767.607162    489.588326  6  4  4 108       
PG18   9282.324500 -14043.759417 -20454.299277   -658.936885  5  2  3  59       
PG19   4657.485030  15803.271054  20783.324953    582.137908  7  5  2  72       
PG20   5079.670608  18627.011388 -18209.936340    367.344176  8  4  1  74       
PG21 -18864.080352 -12560.800226  15076.278513     99.943684  5  4  6  42       
PG22  -5986.436689  21858.799728  14481.585761    -90.443525  6  3  6 112       
PG23  16851.996022 -20103.293554  -3217.731818    397.173762  5  4  2 123       
PG24  18662.748620   7789.587610  16947.362494   -467.376133  6  3  3 120       
PG25  19169.633304 -15524.206448   9128.649841    497.243909  5  3  4  46       
PG26   -986.500051 -21116.069753 -16029.630035    -34.796127  3  5  4  96       
PG27 -18004.837965 -12791.993361 -15372.119737    -33.470610  7  2  6 124       
PG28  -4132.032730 -24470.401756   9449.974427   -526.650067  4  7  4 117       
PG29  22153.877092  -5332.368575 -13793.831472   -550.117075  8  1  2  61       
PG30  -2521.708840  21670.325122 -14811.461929   -246.602262  5  5  5 122       
PG31 -10020.059026 -24381.187782   -240.957373   -218.601531  4  3  3 121       
PG32   1625.868722 -15164.896500  21974.730392   -547.650504  2  7  4 117       
*  2025  1  4 12 15  0.00000000
PG01 -17209.230887  -6451.974710  19183.413710 999999.999999  9  2 13           
PG02 -18973.831291  -7238.841338  17786.788667   -275.963075  4  4  6  87       
PG03 -18099.825118   5300.061121  18488.411939    639.317642  5  6  6 104       
PG04 -26484.980779   -345.977270  -2873.346517    506.706734  8  5  7 118       
PG05  11515.497664   9864.018180 -21977.474312   -198.025054  9  5  3  89       
PG06   4131.880313  24061.067929  10383.182503    -94.338941  4  4  5 115       
PG07 -12133.117437   9414.546552 -21100.942520    -13.910072  4  4  4  86       
PG08 -24555.957685  -6515.487313  -8639.199400    453.771829  8  3  5  76       
PG09 -23140.072065   7133.554807 -11088.633777    515.217841  6  5  6  47       
PG10   8884.606382 -23512.605899   8264.920926   -262.520820  2  1  3 113       
PG11  12105.076943  23600.678164  -1862.740210   -752.391242  6  4  3  93       
PG12  17774.919924  -1069.402220  19403.918936   -562.463359  6  3  4 109       
PG13  18114.873811  13549.137185 -14344.858155    692.370374  6  5  5  58       
PG14 -11984.804650  23170.371216   4304.354656    573.538566  2  3  2 108       
PG15  25069.006156   3732.343864  -8701.400370    247.662266  6  4  6  66       
PG16  -6839.096520 -15121.344587 -20998.108143    -86.245128  5  4  4  76       
PG17  -9800.376924  13563.716840  21080.103497    489.573014  5  4  5 106       
PG18  10327.889820 -11884.513198 -21322.111924   -658.935907  6  2  3  74       
PG19   2256.153503  15385.956287  21441.749756    582.142044  7  5  3  76       
PG20   4108.371748  20380.857944 -16517.173035    367.343349  8  4  1  81       
PG21 -19526.361204 -13919.441923  12920.339981     99.945234  5  4  6  77       
PG22  -7061.438812  22864.696833  12234.108395    -90.445515  6  3  6 110       
PG23  16728.612776 -19539.841522  -6064.188291    397.180565  6  4  3 125       
PG24  19466.550379   9532.084905  15140.719870   -467.372771  6  3  2 122       
PG25  18710.915348 -14333.526554  11618.271122    497.243422  4  3  4  75       
PG26     94.746117 -22471.042318 -14038.414432    -34.809537  3  5  3  69       
PG27 -16198.792329 -12797.726518 -17258.387043    -33.470265  6  1  6 121       
PG28  -3379.860142 -23477.714599  11936.677854   -526.658948  4  6  4 111       
PG29  23539.242017  -4924.122072 -11455.112790   -550.114062  9  1  2  76       
PG30  -3525.675638  20104.782985 -16700.511896   -246.594752  4  5  5  73       
PG31  -9675.801247 -24353.752003   2618.438941   -218.600859  4  3  2 122       
PG32   4071.216076 -14957.414472  21779.145520   -547.644590  1  6  4 113       
*  2025  1  4 12 30  0.00000000
PG01 -17953.773880  -8428.568452  17674.921884 999999.999999 10  7 12           
PG02 -19893.939631  -8832.131883  15949.811536   -275.954950  4  4  6  81       
PG03 -17018.476724   3351.355730  19913.938888    639.324706  5  6  5  99       
PG04 -26638.991647   -580.487111    -20.609692    506.712099  8  5  7 109       
PG05  10319.297578  11998.806642 -21495.176445   -198.026327  9  5  3  73       
PG06   3378.582242  22965.986633  12867.576205    -94.363676  4  3  4 117       
PG07 -13390.456410   7203.478587 -21247.762553    -13.909708  3  3  3  90       
PG08 -23457.237895  -6756.175428 -11137.918537    453.779151  8  3  6  75       
PG09 -24250.632692   6918.964732  -8543.456532    515.231667  6  5  6 116       
PG10   9445.452285 -24065.266829   5482.226778   -262.535277  2  1  4 123       
PG11  11916.535333  23753.553447    999.121675   -752.390746  6  4  3  79       
PG12  16514.394459    906.448809  20484.001633   -562.465375  6  3  4 109       
PG13  16404.827778  13407.197888 -16399.938540    692.371641  7  5  5  83       
PG14 -12430.318566  23278.834771   1494.285970    573.545124  3  3  3 110       
PG15  24045.088537   4141.952243 -11187.067935    247.666024  6  5  6  80       
PG16  -5409.479114 -16905.438533 -19973.524531    -86.236645  5  3  4  64       
PG17 -12052.033982  13313.851742  20043.975055    489.557503  5  5  5 107       
PG18  11523.195387  -9717.646758 -21820.773741   -658.934931  6  1  3  71       
PG19   -221.617441  15088.247441  21728.173952    582.145996  6  4  4  56       
PG20   3304.770271  21987.614379 -14539.939197    367.343873  7  4  2  80       
PG21 -20123.145981 -15032.837072  10558.206765     99.946506  4  4  5  23       
PG22  -7927.281491  23716.236071   9783.416222    -90.447700  6  3  5 106       
PG23  16477.196493 -18694.020896  -8804.699121    397.187369  7  4  4  19       
PG24  20228.123568  11046.267354  13069.904246   -467.369438  6  3  2 122       
PG25  18173.320003 -12884.035684  13901.426605    497.242921  4  3  5  81       
PG26   1007.288398 -23663.702780 -11803.867509    -34.822969  3  5  4 123       
PG27 -14200.864835 -12896.447882 -18858.992950    -33.469881  6  1  5  87       
PG28  -2440.801583 -22292.348825  14217.802475   -526.667933  4  6  4 110       
PG29  24670.707897  -4618.358074  -8920.957112   -550.111109  9  1  2  56       
PG30  -4696.726462  18414.872762 -18296.028392   -246.587229  4  4  4 124       
PG31  -9180.772534 -24055.774445   5431.588189   -218.600169  4  3  2 121       
PG32   6483.933672 -14880.833764  21215.999760   -547.638671  2  5  4 110       
*  2025  1  4 12 45  0.00000000
PG01 -18712.617528 -10197.501742  15862.493198 999999.999999 11  9 12           
PG02 -20767.395188 -10200.405358  13851.079360   -275.946794  4  4  6  64       
PG03 -15980.304805   1219.029763  20990.890881    639.331783  4  6  5 100       
PG04 -26483.262701   -807.702377   2832.481848    506.717436  8  5  7  89       
PG05   9272.658833  14128.961004 -20648.486053   -198.027171  8  5  3  62       
PG06   2425.324934  21685.281569  15130.048797    -94.388384  3  3  4  66       
PG07 -14748.992330   5064.940766 -21010.581018    -13.908921  2  3  3  86       
PG08 -22104.073628  -7074.147453 -13450.688945    453.786445  7  3  6  53       
PG09 -25076.388749   6743.059225  -5852.329913    515.245413  6  5  6  81       
PG10   9825.832197 -24362.345972   2603.778145   -262.549646  3  1  4  78       
PG11  11576.973432  23635.538228   3843.854558   -752.390248  6  4  3  78       
PG12  15302.418411   3032.662071  21202.213937   -562.467315  6  3  4  92       
PG13  14476.030757  13337.034029 -18180.050093    692.372614  7  6  5  91       
PG14 -12714.726782  23128.404619  -1341.871083    573.551661  3  3  3  72       
PG15  22783.476104   4650.466513 -13486.209089    247.670178  6  5  6  92       
PG16  -4143.773160 -18653.328997 -18611.404311    -86.227950  5  2  4  86       
PG17 -14180.576080  13188.635588  18676.267753    489.542465  4  5  5  92       
PG18  12850.924538  -7590.240287 -21942.316123   -658.933949  7  1  3  72       
PG19  -2727.071679  14919.900004  21636.226575    582.150320  6  5  4  63       
PG20   2657.286358  23405.760283 -12312.653473    367.343170  7  3  2  88       
PG21 -20615.397880 -15899.357445   8027.725122     99.947355  4  4  5  60       
PG22  -8595.729547  24375.108171   7169.776001    -90.449307  6  3  5  88       
PG23  16138.420393 -17562.881589 -11391.411712    397.194112  7  4  4  61       
PG24  20908.950794  12321.494265  10772.469329   -467.366098  6  3  1  50       
PG25  17596.678369 -11187.036745  15937.017694    497.242437  4  2  5  72       
PG26   1763.016132 -24655.566935  -9363.967762    -34.836399  3  5  3  80       
PG27 -12049.019274 -13109.506421 -20147.201980    -33.469514  6  1  5  69       
PG28  -1304.345103 -20954.868094  16254.040987   -526.676909  4  6  5  89       
PG29  25522.372727  -4383.904566  -6234.594312   -550.108147  9  2  3  50       
PG30  -6032.781935  16645.157775 -19570.237405   -246.579724  4  4  4  76       
PG31  -8507.259038 -23511.865134   8148.602054   -218.599569  4  3  2  85       
PG32   8816.644339 -14928.168349  20294.020161   -547.632731  3  4  4  88       
*  2025  1  4 13  0  0.00000000
PG01 -19447.185318 -11736.572889  13777.276635 999999.999999 11 10 11           
PG02 -21552.787877 -11335.567561  11524.571635   -275.938403  4  4  5  71       
PG03 -15020.831592  -1060.709531  21700.466881    639.338844  4  5  4  45       
PG04 -26021.358152  -1065.203376   5637.294398    506.722804  8  5  8  72       
PG05   8384.931483  16206.940763 -19451.358902   -198.027645  8  5  3 104       
PG06   1263.016879  20262.951894  17131.935764    -94.413044  3  3  4  65       
PG07 -16178.893051   3040.156963 -20395.307307    -13.908160  1  3  2 102       
PG08 -20524.948872  -7496.936775 -15538.724644    453.793725  7  4  6 109       
PG09 -25603.678383   6569.652957  -3061.140005    515.259252  6  5  7  80       
PG10  10055.531181 -24376.729269   -320.288617   -262.564030  3  1  4  98       
PG11  11056.785171  23270.128093   6622.709491   -752.389770  6  4  3 105       
PG12  14172.403764   5272.176030  21545.678192   -562.469421  6  3  4  67       
PG13  12363.868824  13366.011685 -19655.429804    692.374009  7  6  5 111       
PG14 -12869.329101  22701.716431  -4154.577946    573.558204  4  2  3  72       
PG15  21316.012815   5281.075559 -15561.470236    247.674194  6  5  6 110       
PG16  -3049.812360 -20319.230566 -16933.110963    -86.219336  5  2  4  79       
PG17 -16144.451455  13170.485451  16999.319814    489.526882  4  5  5  64       
PG18  14286.165372  -5545.962826 -21685.330521   -658.933005  8  1  3 107       
PG19  -5210.027662  14882.543790  21166.178678    582.154219  4  5  5  61       
PG20   2147.124627  24598.278122  -9873.925645    367.343241  6  3  3  86       
PG21 -20965.198617 -16525.027186   5369.202821     99.949103  4  4  4  77       
PG22  -9085.607132  24807.103531   4436.334678    -90.451298  6  3  5  79       
PG23  15753.962252 -16152.723841 -13779.226856    397.200894  8  4  5  94       
PG24  21470.907639  13355.600039   8289.431593   -467.362782  6  3  1 103       
PG25  17019.520526  -9262.570832  17688.358423    497.241940  4  2  5  66       
PG26   2380.532236 -25412.722758  -6760.594255    -34.849827  3  5  3  92       
PG27  -9785.393600 -13451.438875 -21101.203897    -33.469111  5  2  4 110       
PG28     31.945015 -19508.666186  18010.302806   -526.685890  4  6  5  75       
PG29  26076.195516  -4185.779962  -3441.840404   -550.104998  9  3  3  64       
PG30  -7523.767155  14840.514410 -20501.169862   -246.572255  4  4  4 105       
PG31  -7633.744025 -22753.407687  10721.130968   -218.598739  4  3  2  74       
PG32  11024.187786 -15084.708640  19027.952761   -547.626779  3  3  4  75       
*  2025  1  4 13 15  0.00000000
PG01 -20116.827790 -13031.750351  11455.114276 999999.999999 12 11 10           
PG02 -22208.917656 -12237.563004   9008.020551   -275.930266  4  4  5  62       
PG03 -14169.442934  -3445.455641  22030.408279    639.345901  3  5  4  75       
PG04 -25265.525604  -1389.142896   8346.015975    506.728145  8  5  7  87       
PG05   7657.191362  18185.034416 -17923.658227   -198.028996  7  5  3  87       
PG06   -108.835892  18745.400750  18839.165218    -94.437683  3  3  3  69       
PG07 -17644.767288   1164.223874 -19414.864308    -13.907667  1  3  2 100       
PG08 -18754.280308  -8046.568622 -17366.810179    453.801015  7  4  6 113       
PG09 -25827.439391   6361.291746   -217.562154    515.273016  6  4  7  78       
PG10  10169.381410 -24089.410445  -3238.699496   -262.578395  3  1  4 103       
PG11  10332.194083  22687.478448   9288.102200   -752.389291  5  4  3  95       
PG12  13151.569339   7582.430737  21508.306913   -562.471381  6  3  5  70       
PG13  10109.085769  13515.156194 -20801.292264    692.374956  6  6  5 101       
PG14 -12928.944342  21989.508977  -6894.670238    573.564745  4  2  4  70       
PG15  19679.312629   6050.993530 -17379.375860    247.678376  6  6  6 109       
PG16  -2127.435087 -21857.497896 -14965.573274    -86.210747  4  2  4  70       
PG17 -17906.639081  13235.200512  15040.455532    489.511343  5  5  5  83       
PG18  15797.289717  -3623.560490 -21054.945443   -658.932034  8  2  3 108       
PG19  -7620.641981  14969.581439  20325.031633    582.158413  3  5  5  50       
PG20   1749.207138  25533.991630  -7265.873587    367.342756  6  3  3  78       
PG21 -21137.149031 -16923.168029   2624.917095     99.950973  4  4  4  63       
PG22  -9421.957264  24983.445738   1628.498429    -90.453257  6  3  4  50       
PG23  15364.736513 -14479.006589 -15926.615638    397.207686  8  4  5 100       
PG24  21877.785627  14154.669638   5664.470090   -467.359432  5  3  1 101       
PG25  16477.436167  -7138.837755  19123.925552    497.241461  3  2  6  69       
PG26   2884.255748 -25907.178048  -4038.816422    -34.863260  3  4  3  93       
PG27  -7454.923946 -13929.321263 -21704.463346    -33.468709  5  3  4 104       
PG28   1562.133152 -17998.323311  19456.321102   -526.694868  4  5  5  87       
PG29  26322.626055  -3986.716525   -590.336462   -550.102237  9  3  3  93       
PG30  -9151.845648  13044.458611 -21073.041108   -246.564786  4  3  4  97       
PG31  -6546.009230 -21817.275072  13103.309482   -218.598396  4  4  2  76       
PG32  13065.153847 -15328.594537  17438.383818   -547.620788  3  3  4  87       
*  2025  1  4 13 30  0.00000000
PG01 -20680.445239 -14077.520625   8935.927554 999999.999999 12 12  9           
PG02 -22696.344743 -12914.243652   6342.410654   -275.921949  4  3  5  84       
PG03 -13448.267689  -5888.079948  21975.212390    639.352922  3  5  4  56       
PG04 -24236.252218  -1812.670313  10912.449119    506.733517  8  5  7  76       
PG05   7082.316795  20017.035204 -16090.862913   -198.029696  7  4  3  98       
PG06  -1681.938831  17179.674853  20222.817579    -94.462363  3  3  3  68       
PG07 -19107.068529   -535.055561 -18088.792784    -13.907132  1  3  2  96       
PG08 -16831.257211  -8738.566765 -18903.858022    453.808313  7  4  5 110       
PG09 -25751.354491   6080.876611   2629.736011    515.286825  6  5  7  75       
PG10  10205.711496 -23490.376388  -6099.990853   -262.592779  4  1  4  99       
PG11   9386.350076  21923.172310  11794.416335   -752.388766  5  4  3  95       
PG12  12259.924700   9916.873372  21090.919878   -562.473488  6  3  5  82       
PG13   7756.431571  13798.272786 -21598.215326    692.376149  6  6  6  98       
PG14 -12930.359260  20991.107009  -9514.257889    573.571255  4  2  4  91       
PG15  17913.467000   6970.705989 -18910.758541    247.682329  6  6  6 109       
PG16  -1368.584365 -23224.292691 -12740.957374    -86.202360  4  2  4  70       
PG17 -19435.868079  13352.933571  12831.615041    489.495962  6  6  5  58       
PG18  17347.098092  -1855.551666 -20062.689984   -658.931105  8  2  3 102       
PG19  -9911.181467  15166.430470  19126.475271    582.162405  3  5  5  57       
PG20   1433.347258  26188.686188  -4533.388547    367.342522  5  3  4  73       
PG21 -21099.701359 -17113.810536   -161.396814     99.952497  4  4  3  74       
PG22  -9634.966819  24881.955651  -1206.738712    -90.455220  5  3  4  71       
PG23  15009.171261 -12565.898326 -17796.364123    397.214514  8  4  5 103       
PG24  22096.722100  14732.507560   2943.118409   -467.356106  5  4  1 102       
PG25  16001.565225  -4851.276205  20218.000294    497.240968  3  2  6  59       
PG26   3303.278825 -26117.999861  -1246.102047    -34.876706  3  4  3  87       
PG27  -5103.867333 -14542.393080 -21946.009221    -33.468293  5  4  4  97       
PG28   3271.944142 -16467.929369  20567.176184   -526.703856  4  5  5  73       
PG29  26260.925265  -3748.775639   2271.243718   -550.099155  8  4  4  85       
PG30 -10891.971918  11297.546799 -21276.504422   -246.557256  4  2  4  96       
PG31  -5237.942464 -20744.324452  15252.659389   -218.597580  3  4  2  70       
PG32  14903.292213 -15631.674467  15551.466789   -547.614790  3  3  4  81       
*  2025  1  4 13 45  0.00000000
PG01 -21098.141034 -14876.911306   6263.032865 999999.999999 12 12  6           
PG02 -22978.905947 -13380.959836   3571.425171   -275.914005  5  3  4  60       
PG03 -12871.363115  -8338.397831  21536.214260    639.359941  3  5  4  67       
PG04 -22961.521565  -2364.470844  13292.778328    506.738869  7  4  7  84       
PG05   6645.383263  21659.878185 -13983.684206   -198.031047  6  4  4  97       
PG06  -3439.360211  15611.700424  21259.590987    -94.487009  2  3  2  79       
PG07 -20523.660446  -2038.006723 -16442.721104    -13.906292  1  3  3  95       
PG08 -14798.512626  -9581.198443 -20123.416985    453.815588  6  4  5 115       
PG09 -25387.674771   5693.284050   5431.914881    515.300631  6  5  6  74       
PG10  10204.643432 -22579.146895  -8853.481988   -262.607159  4  3  4 100       
PG11   8210.163977  21016.794361  14098.771554   -752.388234  4  4  3  90       
PG12  11509.563213  12226.631893  20301.217201   -562.475463  6  2  5  86       
PG13   5353.169160  14221.340172 -22032.453487    692.377456  6  6  6 104       
PG14 -12910.705519  19714.571828 -11967.601442    573.577804  4  3  4  76       
PG15  16060.655729   8043.467470 -20131.124149    247.686412  6  6  6 105       
PG16   -757.718839 -24379.225511 -10296.233575    -86.193755  4  1  4  68       
PG17 -20707.646711  13489.380132  10408.920344    489.480774  7  6  5  76       
PG18  18894.184184   -267.176604 -18726.249521   -658.930156  8  3  3 101       
PG19 -12037.731456  15451.105025  17590.710572    582.166615  3  5  6  61       
PG20   1165.616958  26545.970324  -1723.362016    367.342186  5  3  4  62       
PG21 -20826.384187 -17122.886399  -2945.079518     99.953687  4  4  3  46       
PG22  -9758.690586  24488.001221  -4021.512353    -90.457157  4  3  4  67       
PG23  14721.600472 -10445.489461 -19356.230952    397.221321  8  4  5 107       
PG24  22099.485711  15109.832129    171.965199   -467.352763  5  4  2 101       
PG25  15617.286055  -2441.341609  20951.183118    497.240502  3  2  6  73       
PG26   3670.022015 -26032.194478   1568.542184    -34.890186  3  4  3  83       
PG27  -2778.271302 -15281.970382 -21820.658906    -33.467864  5  4  4  99       
PG28   5139.121581 -14959.439018  21323.726175   -526.712830  4  5  6  67       
PG29  25899.163672  -3434.993659   5094.005297   -550.096196  8  4  4  79       
PG30 -12712.737962   9635.915822 -21108.775787   -246.549745  5  2  4  96       
PG31  -3712.013327 -19577.734915  17130.926549   -218.596591  3  4  3  59       
PG32  16508.745350 -15960.622840  13398.554343   -547.608794  4  4  4  90       
*  2025  1  4 14  0  0.00000000
PG01 -21332.841391 -15441.189003   3482.398115 999999.999999 12 12  1           
PG02 -23025.145697 -13659.882036    740.839218   -275.905813  5  2  4  54       
PG03 -12444.238105 -10744.955820  20721.536400    639.366982  3  5  4  94       
PG04 -21475.798592  -3067.475426  15446.300692    506.744216  7  4  6 118       
PG05   6324.363694  23075.178030 -11637.593827   -198.031784  6  4  4  49       
PG06  -5356.017128  14084.582898  21932.166770    -94.511637  2  3  2 115       
PG07 -21851.471078  -3333.560954 -14507.724437    -13.905920  1  2  3 121       
PG08 -12700.670295 -10574.986824 -21004.124887    453.822927  6  5  5  95       
PG09 -24756.726283   5166.919870   8140.793459    515.314459  6  5  6 118       
PG10  10206.307933 -21364.940225 -11450.249246   -262.621545  4  3  4 123       
PG11   6802.847875  20010.366051  16161.744336   -752.387742  4  4  3 122       
PG12  10904.293156  14462.286189  19153.609847   -562.477397  6  2  5 116       
PG13   2947.490671  14782.199560 -22096.175096    692.378824  5  6  5  46       
PG14 -12905.831996  18176.512888 -14211.945626    573.584420  3  2  4 123       
PG15  14163.707825   9265.062851 -21020.954111    247.690513  6  6  6 124       
PG16   -272.527987 -25286.908314  -7672.636582    -86.185228  4  2  4  53       
PG17 -21705.064392  13607.147277   7812.178024    489.465226  7  6  4 114       
PG18  20394.464595   1124.361764 -17069.120763   -658.929193  8  3  3 124       
PG19 -13961.768476  15795.118395  15744.135280    582.170572  4  5  6  28       
PG20    909.853378  26597.847778   1116.112500    367.341954  5  3  4  60       
PG21 -20296.882659 -16981.222194  -5681.106687     99.954635  4  4  2  53       
PG22  -9829.616164  23795.193577  -6767.845322    -90.459265  4  3  4 110       
PG23  14530.836522  -8156.699149 -20579.505454    397.228110  8  4  5  66       
PG24  21863.574444  15313.235230  -2602.123228   -467.349432  5  4  2  68       
PG25  15343.159601     44.965696  21310.767434    497.240001  4  3  6  73       
PG26   4018.741777 -25645.286550   4355.480001    -34.903643  2  4  3 117       
PG27   -522.441414 -16131.655381 -21329.171837    -33.467434  5  5  5  73       
PG28   7134.099611 -13511.122103  21712.937555   -526.721785  4  5  6 112       
PG29  25253.897379  -3010.995644   7829.651085   -550.093156  7  4  4 115       
PG30 -14577.476956   8090.019584 -20573.630587   -246.542207  5  2  4  69       
PG31  -1979.394019 -18361.259797  18704.829075   -218.595946  3  4  2 105       
PG32  17859.056237 -16278.278106  11015.736141   -547.602797  5  5  4 117       
*  2025  1  4 14 15  0.00000000
PG01 -21351.818649 -15789.244335    641.852879 999999.999999 11 13  4           
PG02 -22809.610894 -13779.070844  -2102.138854   -275.897607  5  2  3  65       
PG03 -12163.731589 -13056.867338  19545.909300    639.373979  3  4  4  85       
PG04 -19818.780066  -3937.790535  17336.108683    506.749603  6  4  6 114       
PG05   6091.110636  24230.609478  -9092.267720   -198.032962  5  4  4  55       
PG06  -7399.475886  12637.034434  22229.471252    -94.536273  1  3  3 118       
PG07 -23048.162679  -4419.369318 -12319.599133    -13.905296  1  3  3 124       
PG08 -10582.816664 -11712.512108 -21530.098232    453.830252  6  5  5  91       
PG09 -23886.116828   4475.145815  10709.676534    515.328260  6  5  6 117       
PG10  10249.054272 -19866.452271 -13844.077470   -262.635941  5  4  4 122       
PG11   5172.140406  18946.701569  17948.030276   -752.387228  3  5  3 119       
PG12  10439.620409  16575.662166  17668.913271   -562.479527  5  2  5 121       
PG13    586.897690  15470.552047 -21787.619491    692.379921  5  6  5  73       
PG14 -12948.739746  16401.568157 -16208.292507    573.590992  3  3  4 123       
PG15  12264.659240  10623.837060 -21565.946560    247.694755  6  6  5 123       
PG16    115.067755 -25918.353557  -4915.020781    -86.176547  4  2  4  67       
PG17 -22419.335992  13667.257844   5084.319409    489.449908  7  6  4 112       
PG18  21802.814223   2310.340636 -15120.174688   -658.928233  8  4  3  60       
PG19 -15651.529688  16164.672510  13618.894891    582.174860  5  5  6  65       
PG20    629.245949  26344.980638   3936.549638    367.341359  4  4  4  81       
PG21 -19497.938542 -16723.360483  -8324.676027     99.956371  5  4  2  78       
PG22  -9885.118862  22805.797053  -9398.437179    -90.460783  2  3  4 107       
PG23  14458.979751  -5743.921874 -21445.456642    397.234955  8  4  5  73       
PG24  21373.092193  15373.953702  -5332.747649   -467.346090  5  5  3  77       
PG25  15190.175627   2558.757483  21290.962914    497.239504  4  3  5  68       
PG26   4383.952180 -24961.568326   7065.384465    -34.917126  2  4  3 114       
PG27   1622.541018 -17067.840988 -20478.326184    -33.467013  5  5  5  95       
PG28   9220.962957 -12156.169166  21728.109938   -526.730785  4  4  6 107       
PG29  24349.532823  -2446.515193  10431.294576   -550.090182  6  4  4 114       
PG30 -16445.577149   6683.610613 -19681.276112   -246.534730  5  2  4  41       
PG31    -59.718673 -17137.469550  19946.697360   -218.595157  3  4  2 112       
PG32  18939.909472 -16545.154211   8443.284894   -547.596765  6  5  4 117       
*  2025  1  4 14 30  0.00000000
PG01 -21128.058645 -15946.688293  -2209.734245 999999.999999 11 13  8           
PG02 -22313.960700 -13771.321292  -4909.575200   -275.889165  5  2  3  59       
PG03 -12018.248269 -15225.623169  18030.368672    639.380929  4  3  4  56       
PG04 -18033.956540  -4983.889357  18929.714561    506.754965  5  4  6 100       
PG05   5912.585737  25101.077050  -6390.951274   -198.034326  5  4  5  90       
PG06  -9531.034947  11301.987570  22146.831954    -94.560914  1  4  3  88       
PG07 -24073.747486  -5301.562312  -9918.078095    -13.904521  1  3  3  87       
PG08  -8488.950846 -12978.513192 -21691.251236    453.837600  6  6  5 111       
PG09 -22809.671600   3597.522382  13094.164277    515.342036  6  5  5  91       
PG10  10367.732232 -18111.254577 -15992.364267   -262.650304  5  4  4 107       
PG11   3334.207968  17867.747260  19427.037599   -752.386760  3  5  4  88       
PG12  10103.080403  18521.573831  15873.913748   -562.481949  4  2  5  83       
PG13  -1683.398238  16268.267287 -21111.170151    692.381200  5  5  5 104       
PG14 -13068.144006  14421.574948 -17922.098262    573.597580  3  3  4  91       
PG15  10403.353379  12100.990028 -21757.197748    247.698536  6  6  5  98       
PG16    437.664175 -26252.158434  -2071.116056    -86.168075  4  2  4  68       
PG17 -22850.065123  13630.739716   2270.779835    489.434783  7  6  3  62       
PG18  23074.744574   3290.630916 -12913.136900   -658.927246  7  5  4 109       
PG19 -17083.118982  16522.086858  11252.305876    582.178918  5  6  5  27       
PG20    287.943043  25796.635768   6689.881435    367.341261  4  4  4  70       
PG21 -18424.037524 -16386.239720 -10831.823311     99.957663  5  5  2  82       
PG22  -9961.862034  21530.829619 -11867.475218    -90.462859  2  3  4   2       
PG23  14520.511354  -3255.469223 -21939.666353    397.241745  7  4  5 104       
PG24  20619.379346  15326.502482  -7974.680233   -467.342745  4  5  3  98       
PG25  15161.332473   5050.027079  20892.964530    497.239011  4  4  5  71       
PG26   4798.827909 -23994.004121   9650.184159    -34.930606  2  4  3  60       
PG27   3620.198494 -18060.499030 -19280.912106    -33.466577  5  6  5 107       
PG28  11358.658816 -10921.505701  21368.991262   -526.739732  5  4  6  72       
PG29  23217.403260  -1716.761711  12854.254452   -550.087164  5  4  4  91       
PG30 -18273.951164   5433.003633 -18448.106586   -246.527206  5  2  4  91       
PG31   2019.508522 -15946.061389  20834.990085   -218.594629  2  4  3  68       
PG32  19745.573066 -16721.070089   5725.015393   -547.590750  6  6  4  73       
*  2025  1  4 14 45  0.00000000
PG01 -20641.418777 -15944.695504  -5023.296850 999999.999999 10 13 10           
PG02 -21527.846026 -13672.816535  -7633.562507   -275.881132  5  2  3  82       
PG03 -11988.338977 -17206.804760  16201.838075    639.387964  4  3  4  74       
PG04 -16167.038956  -6206.096313  20199.606447    506.760322  5  5  5  74       
PG05   5752.291950  25669.627426  -3579.753579   -198.035559  4  4  5  95       
PG06 -11707.048445  10105.445695  21686.027860    -94.585545  1  3  4  89       
PG07 -24892.086122  -5994.180157  -7346.011622    -13.903929  1  3  3 102       
PG08  -6460.467520 -14350.291897 -21483.536207    453.844958  5  6  5 111       
PG09 -21566.137128   2520.817713  15252.929863    515.355818  6  5  5  82       
PG10  10592.121499 -16134.834023 -17856.953419   -262.664615  6  4  4 107       
PG11   1313.224965  16812.967487  20573.402726   -752.386216  2  5  4  92       
PG12   9874.901547  20259.441714  13800.820389   -562.483936  4  2  5  93       
PG13  -3821.998351  17149.995952 -20077.340068    692.382171  5  5  4 109       
PG14 -13287.221785  12274.465736 -19323.879881    573.604195  3  3  4  99       
PG15   8616.128561  13671.126436 -21591.324382    247.702639  6  6  5 100       
PG16    730.912600 -26275.418595    809.306155    -86.159716  4  2  4  75       
PG17 -23005.211554  13460.245374   -581.179998    489.418990  6  5  3  72       
PG18  24168.061578   4073.481166 -10485.995654   -658.926328  7  5  4  98       
PG19 -18241.300519  16827.407463   8686.162418    582.183191  6  6  4  24       
PG20   -147.382982  24970.318430   9329.253393    367.340807  3  5  4  81       
PG21 -17077.854686 -16007.769998 -13160.067118     99.959206  5  5  1  42       
PG22 -10094.203012  19989.840538 -14131.454059    -90.465078  2  4  4  43       
PG23  14721.703604   -741.869843 -22054.242674    397.248560  7  5  5 106       
PG24  19601.382233  15207.221480 -10484.523047   -467.339415  4  5  3  97       
PG25  15251.565635   7469.454050  20124.868777    497.238515  5  4  5  79       
PG26   5293.657747 -22763.790561  12063.993163    -34.944073  2  4  4  71       
PG27   5439.883207 -19074.230897 -17755.634958    -33.466166  5  6  5 109       
PG28  13502.414418  -9826.860604  20641.781478   -526.748677  5  4  5  80       
PG29  21894.590792   -803.581753  15056.817656   -550.084043  5  4  3  78       
PG30 -20018.600690   4346.645826 -16896.349800   -246.519684  5  3  3  99       
PG31   4223.829982 -14822.308369  21354.674642   -218.593810  2  4  2  77       
PG32  20279.018858 -16766.835465   2907.563634   -547.584770  7  6  5  72       
*  2025  1  4 15  0  0.00000000
PG01 -19879.531328 -15818.639729  -7750.415879 999999.999999  8 14 11           
PG02 -20449.518853 -13521.634418 -10227.009071   -275.873154  4  3  3  60       
PG03 -12047.598806 -18961.633361  14092.607930    639.394993  4  3  4 108       
PG04 -14264.308254  -7596.386274  21123.726817    506.765701  4  5  4  89       
PG05   5571.855233  25928.066628   -706.880137   -198.036186  4  4  5  80       
PG06 -13880.439806   9065.611592  20855.234926    -94.610187  1  4  4  82       
PG07 -25472.214136  -6518.310513  -4648.535900    -13.903313  1  4  4  56       
PG08  -4534.728189 -15798.411278 -20909.097191    453.852312  5  7  5  89       
PG09 -20197.702309   1239.740950  17148.450830    515.369561  6  6  4  75       
PG10  10945.577630 -13979.313696 -19404.875628   -262.678948  6  4  4  93       
PG11   -859.351867  15817.838169  21367.419857   -752.385675  2  6  4  84       
PG12   9728.968091  21754.722560  11486.618543   -562.486091  4  2  5  84       
PG13  -5792.707711  18084.067991 -18702.665842    692.383327  5  5  4  70       
PG14 -13622.595268  10002.934670 -20389.720636    573.610824  2  3  4  52       
PG15   6934.633947  15303.042932 -21070.526667    247.706987  6  6  4  57       
PG16   1031.907591 -25984.324768   3675.342418    -86.151083  4  2  4  70       
PG17 -22900.757198  13121.643500  -3423.206003    489.403817  5  5  2  53       
PG18  25044.441124   4674.983655  -7880.348346   -658.925382  7  5  4  80       
PG19 -19119.944024  17040.127407   5965.942109    582.187357  6  5  4  54       
PG20   -706.071378  23891.108387  11809.795655    367.340879  3  5  4  66       
PG21 -15470.433785 -15625.347245 -15269.079606     99.959794  6  6  2  33       
PG22 -10312.667496  18210.363868 -16149.988509    -90.466885  4  4  4  97       
PG23  15060.368019   1745.904682 -21787.912596    397.255388  6  5  5  70       
PG24  18325.755325  15052.788374 -12821.317458   -467.336099  4  5  4  82       
PG25  15448.023937   9770.166696  19001.443613    497.238022  5  5  4  85       
PG26   5894.416261 -21299.588926  14264.001145    -34.957550  2  4  4  80       
PG27   7057.801487 -20069.549272 -15926.922245    -33.465719  5  6  6  88       
PG28  15605.306123  -8884.124367  19559.024723   -526.757686  5  4  5  86       
PG29  20422.537564    303.631555  17000.958299   -550.081144  4  4  3  71       
PG30 -21636.214037   3425.005448 -15053.616293   -246.512161  5  3  3  59       
PG31   6513.035125 -13795.713264  21497.465083   -218.593022  2  4  2  86       
PG32  20551.711459 -16645.926980     39.595796   -547.578759  7  6  5  74       
*  2025  1  4 15 15  0.00000000
PG01 -18838.416497 -15606.574994 -10344.154019 999999.999999  6 14 12           
PG02 -19086.138956 -13356.158290 -12644.454879   -275.865044  4  4  3  44       
PG03 -12163.843588 -20458.295698  11739.723828    639.402031  3  3  5 109       
PG04 -12370.949549  -9138.508289  21685.864994    506.771067  4  5  4  83       
PG05   5332.695626  25877.254724   2178.184666   -198.037763  4  4  4  67       
PG06 -16002.348500   8192.324718  19668.869297    -94.634850  1  4  4  83       
PG07 -25789.452518  -6900.979754  -1872.248189    -13.902515  2  4  4  70       
PG08  -2743.774848 -17287.668666 -19976.329014    453.859681  5  7  6  90       
PG09 -18748.393010   -242.631219  18747.680221    515.383335  6  6  4  89       
PG10  11443.953926 -11691.909328 -20608.977668   -262.693348  6  4  4  75       
PG11  -3145.788578  14912.505061  21795.377787   -752.385167  3  6  5  79       
PG12   9634.038053  22980.094612   8972.342314   -562.488115  3  2  5  90       
PG13  -7565.742884  19033.648340 -17009.507509    692.384186  4  5  3  44       
PG14 -14083.590852   7652.929433 -21101.665978    573.617452  2  3  4  51       
PG15   5384.812032  16960.728872 -20202.590839    247.710809  6  5  4  59       
PG16   1377.488823 -25384.407721   6475.923851    -86.142457  4  3  4  81       
PG17 -22560.075714  12585.522979  -6206.629157    489.388393  5  4  2  69       
PG18  25670.864310   5118.245700  -5140.697548   -658.924493  6  5  4  83       
PG19 -19722.101716  17120.944407   3139.929670    582.191528  6  5  4  13       
PG20  -1412.164085  22590.724488  14089.358286    367.340424  3  5  4  63       
PG21 -13621.081909 -15274.353539 -17121.377835     99.962186  6  6  2  68       
PG22 -10642.555656  16227.059220 -17886.602168    -90.468793  4  4  4  81       
PG23  15525.948171   4158.218453 -21145.995435    397.262254  6  5  5  62       
PG24  16806.698573  14898.748155 -14947.102754   -467.332740  4  6  4  74       
PG25  15730.676059  11909.388569  17543.763087    497.237512  5  5  4  92       
PG26   6621.516547 -19636.461087  16211.300715    -34.971038  1  4  5  91       
PG27   8457.794101 -21004.349807 -13824.629079    -33.465287  4  6  6  75       
PG28  17619.919968  -8097.021270  18139.391860   -526.766653  6  4  5  81       
PG29  18845.498002   1607.317882  18652.999996   -550.078012  4  4  3  65       
PG30 -23085.734150   2660.777549 -12952.363393   -246.504664  5  4  3  49       
PG31   8842.591210 -12888.922202  21261.915471   -218.592204  2  4  2  86       
PG32  20583.068710 -16326.086915  -2829.040451   -547.572754  7  6  5  69       
*  2025  1  4 15 30  0.00000000
PG01 -17522.780748 -15347.621782 -12759.864752 999999.999999  3 14 13           
PG02 -17453.754907 -13213.450068 -14842.901617   -275.856789  4  4  3  44       
PG03 -12300.514638 -21672.996884   9184.298435    639.409082  3  3  5  59       
PG04 -10529.433465 -10808.431628  21875.956181    506.776408  3  5  4  86       
PG05   4997.722758  25527.062716   5025.532144   -198.038591  4  5  4  77       
PG06 -18023.848499   7486.826243  18147.331910    -94.659565  1  3  4  80       
PG07 -25826.269095  -7173.850341    935.595626    -13.902115  2  4  4  90       
PG08  -1113.236755 -18778.313341 -18699.834472    453.867024  6  7  6 112       
PG09 -17262.402186  -1914.754347  20022.644298    515.397077  6  6  3  80       
PG10  12094.845752  -9323.187706 -21448.424693   -262.707662  7  4  4 102       
PG11  -5503.321629  14120.657746  21849.798417   -752.384597  3  6  5  80       
PG12   9555.161924  23916.354505   6302.285083   -562.490508  2  2  5  90       
PG13  -9118.709691  19958.111876 -15025.752026    692.385541  4  5  3 102       
PG14 -14671.801708   5272.029519 -21448.004378    573.624041  2  3  4 101       
PG15   3986.081537  18604.550466 -19000.829006    247.715030  5  5  3 103       
PG16   1802.529770 -24490.411838   9160.817041    -86.134204  5  4  4  62       
PG17 -22013.021427  11828.549801  -8883.281352    489.373087  4  3  3  95       
PG18  26020.860094   5432.299873  -2313.707838   -658.923522  6  6  3  99       
PG19 -20059.713900  17033.479116    258.280795    582.195308  6  5  4  46       
PG20  -2283.301180  21106.353303  16129.200451    367.339982  2  5  4  81       
PG21 -11556.968492 -14986.695751 -18683.026740     99.963995  6  6  3  66       
PG22 -11102.740823  14080.564562 -19309.472452    -90.470809  5  4  4  48       
PG23  16099.950014   6448.485807 -20140.260874    397.269036  5  6  5 109       
PG24  15065.540099  14778.107806 -16827.423392   -467.329415  4  6  3 105       
PG25  16073.215659  13849.902490  15778.721361    497.237036  5  5  4  85       
PG26   7488.798806 -17814.554254  17871.631092    -34.984514  1  4  5  85       
PG27   9631.836742 -21835.522465 -11483.638454    -33.464851  4  7  6 102       
PG28  19500.040050  -7461.107625  16407.357156   -526.775634  6  4  5  66       
PG29  17208.890425   3101.444037  19984.209770   -550.075073  4  4  3  75       
PG30 -24329.837328   2039.393116 -10629.287260   -246.497188  5  4  3  82       
PG31  11165.242050 -12116.940191  20653.371066   -218.591562  2  4  2  70       
PG32  20399.610269 -15780.777961  -5648.207181   -547.566752  6  6  5  61       
*  2025  1  4 15 45  0.00000000
PG01 -15945.988305 -15080.321356 -14955.961988 999999.999999  1 15 13           
PG02 -15576.947536 -13127.648581 -16782.640486   -275.848706  5  4  3  67       
PG03 -12418.253424 -22590.702942   6470.762190    639.416162  4  4  5  65       
PG04  -8778.005948 -12575.099829  21690.280665    506.781747  3  6  4  74       
PG05   4532.988514  24895.989363   7785.706136   -198.039670  4  5  4  78       
PG06 -19897.674793   6941.858836  16316.659240    -94.684255  2  3  4  61       
PG07 -25572.868932  -7371.780449   3727.849049    -13.901253  2  4  4  83       
PG08    338.524396 -20227.468294 -17100.273553    453.874418  6  8  6 116       
PG09 -15782.420615  -3756.849186  20950.954631    515.410850  6  6  2  86       
PG10  12897.188739  -6925.202123 -21909.064735   -262.722048  7  4  4 107       
PG11  -7885.601997  13458.662266  21529.572793   -752.384074  3  6  5  76       
PG12   9455.240807  24552.994950   3523.167369   -562.492403  2  2  5  93       
PG13 -10437.311426  20814.590264 -12784.419552    692.386496  4  5  3 104       
PG14 -15380.968951   2907.775695 -21423.430462    573.630652  2  3  4 101       
PG15   2750.749495  20192.582462 -17483.953238    247.718723  5  4  3  93       
PG16   2338.289212 -23325.794356  11681.633417    -86.125608  5  4  4  79       
PG17 -21294.764695  10834.620057 -11406.336860    489.357548  4  3  3  94       
PG18  26075.510545   5650.795703    552.565294   -658.922581  5  6  3 103       
PG19 -20152.957121  16745.879305  -2627.949929    582.199334  6  5  5  36       
PG20  -3329.861897  19479.285698  17894.624006    367.339682  3  5  4  73       
PG21  -9312.426693 -14789.438022 -19924.341115     99.964844  6  7  3  78       
PG22 -11704.716327  11816.099200 -20392.111519    -90.472510  5  4  4  60       
PG23  16756.689486   8574.756944 -18788.677518    397.275788  5  6  5 110       
PG24  13130.081462  14720.040963 -18431.784965   -467.326061  4  5  3  98       
PG25  16444.220977  15561.275631  13738.443512    497.236562  5  6  3  72       
PG26   8502.798594 -15877.591202  19216.019884    -34.997990  1  4  5  80       
PG27  10580.234076 -22520.644248  -8943.354929    -33.464443  4  7  6 102       
PG28  21202.299967  -6964.095423  14392.774681   -526.784615  6  4  4  80       
PG29  15557.610645   4771.527703  20971.312467   -550.072007  4  5  2  79       
PG30 -25336.267751   1539.806651  -8124.656498   -246.489694  4  5  2  91       
PG31  13432.706097 -11486.676226  19683.783919   -218.590772  2  4  1  80       
PG32  20033.824448 -14990.431587  -8368.392516   -547.560744  6  6  5  78       
*  2025  1  4 16  0  0.00000000
PG01 -14129.706246 -14841.022509 -16894.636908 999999.999999  1 15 14           
PG02 -13488.136971 -13128.458968 -18428.058811   -275.840612  5  5  4  50       
PG03 -12476.582171 -23205.548298   3646.068439    639.423233  4  4  6  93       
PG04  -7149.344359 -14401.466630  21131.558115    506.787152  3  5  5  81       
PG05   3909.229961  24010.449216  10410.585745   -198.041171  4  6  3  79       
PG06 -21579.894294   6542.095972  14208.085917    -94.708939  2  3  3  90       
PG07 -25027.502708  -7531.303158   6458.199818    -13.900605  2  4  3  76       
PG08   1600.993115 -21590.706020 -15204.100219    453.881784  6  8  6  80       
PG09 -14348.033860  -5741.461396  21516.223742    515.424587  6  6  2  96       
PG10  13841.225844  -4549.584652 -21983.649033   -262.736430  7  5  5  77       
PG11 -10244.282158  12934.985690  20839.991883   -752.383551  4  6  5  76       
PG12   9296.658578  24888.446398    683.281015   -562.494866  2  3  5  83       
PG13 -11515.756601  21559.635517 -10323.173306    692.387927  4  5  3  63       
PG14 -16197.183318    606.016284 -21029.090482    573.637225  2  4  4  72       
PG15   1683.675381  21682.046277 -15675.880164    247.722816  5  3  1  62       
PG16   3010.900986 -21921.865224  13992.818983    -86.117002  5  4  4  71       
PG17 -20444.412001   9595.757301 -13731.164941    489.342679  4  3  4  70       
PG18  25824.182689   5810.522905   3409.463281   -658.921631  5  6  2  77       
PG19 -20029.265432  16232.241074  -5467.792011    582.203391  6  5  5  18       
PG20  -4554.383433  17753.411934  19355.542839    367.339468  4  5  4  89       
PG21  -6927.965723 -14703.585289 -20820.569949     99.966232  6  7  4  76       
PG22 -12451.937742   9481.867620 -21113.962226    -90.474537  6  5  3 101       
PG23  17464.325156  10501.115869 -17115.059520    397.282609  4  6  4  84       
PG24  11033.729042  14748.743141 -19734.059173   -467.322749  4  5  3  76       
PG25  16808.515167  17020.801593  11459.612258    497.236098  6  6  3  95       
PG26   9662.325561 -13871.231137  20221.308261    -35.011451  1  4  6  85       
PG27  11311.491478 -23019.688774  -6247.093177    -33.464048  4  7  6  75       
PG28  22687.733927  -6586.488110  12130.361761   -526.793627  6  4  4  82       
PG29  13934.372179   6594.992430  21596.915606   -550.069063  4  5  2  61       
PG30 -26078.979682   1135.527257  -5481.600863   -246.482216  4  5  2  63       
PG31  15597.402906 -10996.830477  18371.402970   -218.590361  2  4  1  90       
PG32  19522.796209 -13943.434737 -10941.632522   -547.554733  5  5  5  63       
*  2025  1  4 16 15  0.00000000
PG01 -12103.236274 -14662.363735 -18542.509603 999999.999999  1 15 14           
PG02 -11226.568623 -13239.798979 -19748.404031   -275.832605  6  6  4  68       
PG03 -12435.623485 -23520.897033    758.868637    639.430287  4  5  6  87       
PG04  -5669.431934 -16245.776645  20208.933363    506.792442  2  5  5  88       
PG05   3103.238771  22903.756718  12854.256633   -198.042603  4  6  2  72       
PG06 -23031.459618   6264.883581  11857.525916    -94.733651  3  3  3  69       
PG07 -24196.492081  -7689.081559   9081.845901    -13.900178  2  4  3  68       
PG08   2671.774266 -22823.720122 -13043.184548    453.889196  6  8  7  89       
PG09 -12994.248939  -7834.328495  21708.375152    515.438464  5  6  1  82       
PG10  14908.841345  -2245.675736 -21671.906496   -262.750812  7  5  5  35       
PG11 -12530.686816  12549.935025  19792.670783   -752.382995  4  6  5  84       
PG12   9042.921550  24929.979905  -2168.372222   -562.496754  1  3  5  92       
PG13 -12356.845622  22150.938730  -7683.735863    692.388954  4  5  3  52       
PG14 -17099.396404  -1590.665896 -20272.512625    573.643873  2  4  4  52       
PG15    782.203292  23030.808917 -13605.461972    247.726665  5  3  1  31       
PG16   3840.072714 -20316.600493  16052.595453    -86.108506  5  4  5  84       
PG17 -19503.459482   8112.710185 -15816.176568    489.327213  4  3  4  71       
PG18  25264.960958   5949.821854   6208.517982   -658.920671  5  5  2  72       
PG19 -19722.069737  15473.787017  -8211.328256    582.207802  6  6  5  70       
PG20  -5951.279717  15973.630807  20486.980084    367.339304  4  5  4  70       
PG21  -4449.014757 -14743.074576 -21352.542569     99.967058  5  7  4  78       
PG22 -13339.496550   7127.325921 -21460.888856    -90.476407  6  5  3  92       
PG23  18186.133315  12198.840089 -15148.620208    397.289371  4  6  4  70       
PG24   8814.440570  14882.473141 -20712.837926   -467.319378  4  5  3  72       
PG25  17128.667054  18214.129010   8982.730458    497.235625  6  6  2 100       
PG26  10958.369105 -11841.371501  20870.548862    -35.024919  2  4  6  88       
PG27  11841.861097 -23296.684121  -3441.366386    -33.463679  4  6  6  85       
PG28  23923.167962  -6302.503064   9659.098435   -526.802611  7  4  3  82       
PG29  12378.137225   8541.842968  21849.835828   -550.065982  4  5  3  78       
PG30 -26539.047498    795.850107  -2745.368302   -246.474742  4  5  2  82       
PG31  17614.137914 -10638.121007  16740.351546   -218.589637  2  5  1  88       
PG32  18906.650519 -12636.809588 -13322.417877   -547.548715  5  5  5  62       
*  2025  1  4 16 30  0.00000000
PG01  -9902.558319 -14571.910065 -19871.204301 999999.999999  1 15 14           
PG02  -8837.008338 -13478.664918 -20718.481943   -275.824496  6  6  4  86       
PG03 -12257.791874 -23549.060273  -2141.327154    639.437357  4  5  6  90       
PG04  -4356.694856 -18063.043793  18937.851661    506.797854  2  5  6  74       
PG05   2098.999406  21614.844134  15073.852858   -198.043630  4  7  2  84       
PG06 -24219.588565   6081.265595   9304.979868    -94.758334  3  3  3  68       
PG07 -23093.980127  -7880.393558  11556.119543    -13.899441  2  4  3  84       
PG08   3556.545728 -23884.028251 -10654.320824    453.896554  6  9  6  58       
PG09 -11750.209398  -9995.522009  21523.840638    515.452128  5  5  1  84       
PG10  16074.243533    -58.768333 -20980.475061   -262.765231  7  5  5  78       
PG11 -14697.504745  12295.721106  18405.366590   -752.382480  4  6  5  80       
PG12   8660.240883  24693.281946  -4982.931083   -562.498694  2  3  5  83       
PG13 -12971.727491  22549.038208  -4911.217151    692.390253  3  6  3  49       
PG14 -18060.218421  -3644.386466 -19167.426841    573.650464  2  5  4  78       
PG15     36.370495  24198.893270 -11306.139750    247.730680  5  2  1  48       
PG16   4838.055314 -18553.178869  17823.824494    -86.100046  6  4  5  65       
PG17 -18514.137812   6395.216530 -17623.645998    489.312008  4  4  4  62       
PG18  24404.764992   6106.940681   8902.239967   -658.919721  4  5  1  66       
PG19 -19269.312333  14459.753186 -10810.626758    582.211708  6  6  6  52       
PG20  -7506.871532  14184.231379  21269.486101    367.339033  4  5  3  73       
PG21  -1924.432204 -14914.027477 -21507.252574     99.968418  5  8  5  82       
PG22 -14354.147492   4801.381199 -21425.544033    -90.478431  6  5  3 102       
PG23  18881.974396  13647.281348 -12923.442670    397.296130  4  6  3  60       
PG24   6513.520614  15132.810814 -21351.736177   -467.316043  4  5  3  79       
PG25  17366.568439  19135.560442   6351.339098    497.235167  5  6  2 102       
PG26  12374.332397  -9832.462568  21153.270010    -35.038357  2  4  6  91       
PG27  12194.572442 -23321.249109   -575.083391    -33.463291  4  6  5  52       
PG28  24882.397861  -6081.244215   7021.553401   -526.811607  7  5  3  76       
PG29  10922.699560  10575.637428  21725.319596   -550.063102  4  6  3  82       
PG30 -26705.313088    487.238832     37.437067   -246.467257  4  5  2  90       
PG31  19441.679476 -10393.833233  14820.107116   -218.588789  2  5  1  82       
PG32  18226.874403 -11076.553593 -15468.563834   -547.542726  5  4  5  66       
*  2025  1  4 16 45  0.00000000
PG01  -7569.122254 -14590.997739 -20857.838318 999999.999999  1 15 14           
PG02  -6368.191783 -13854.273472 -21319.265396   -275.816471  6  6  5  85       
PG03 -11909.392441 -23310.685003  -5004.989943    639.444427  5  6  6  87       
PG04  -3221.436569 -19806.672205  17339.823287    506.803208  3  4  6  88       
PG05    888.546967  20186.762617  17030.351135   -198.044865  4  7  2 101       
PG06 -25118.918319   5957.254639   6593.876956    -94.783120  4  4  3  65       
PG07 -21741.422903  -8137.696215  13841.058244    -13.898845  2  5  3  58       
PG08   4268.685315 -24732.638041  -8078.625441    453.903914  6  9  6  67       
PG09 -10638.150260 -12180.821412  20965.639684    515.465908  4  5  2  80       
PG10  17304.962866   1971.462977 -19922.696777   -262.779672  6  5  5  70       
PG11 -16700.437921  12156.845746  16701.691774   -752.381942  4  6  5  56       
PG12   8118.997283  24201.724261  -7712.499421   -562.500803  2  3  4  72       
PG13 -13379.330350  22718.949306  -2053.362113    692.391363  3  6  3  54       
PG14 -19046.968641  -5523.199336 -17733.480695    573.657062  3  6  4  82       
PG15   -570.607971  25149.947673  -8815.515659    247.734706  4  2  1  76       
PG16   6008.932572 -16678.305442  19274.769011    -86.091718  6  4  5  67       
PG17 -17517.713660   4461.912531 -19120.486213    489.296493  4  5  3  72       
PG18  23259.148704   6318.400077  11444.890935   -658.918819  4  5  1  61       
PG19 -18711.802775  13187.950699 -13220.614430    582.216153  6  7  6  33       
PG20  -9199.728172  12427.306882  21689.470955    367.338505  5  5  2  80       
PG21    595.172263 -15214.310696 -21278.352953     99.969833  4  8  5  85       
PG22 -15474.696170   2550.599874 -21007.596093    -90.480062  6  6  4 103       
PG23  19509.893276  14834.437712 -10477.877995    397.302945  4  5  3  63       
PG24   4174.302849  15504.155282 -21639.642315   -467.312650  5  5  3  66       
PG25  17485.023647  19788.019233   3611.209514    497.234702  5  6  3 101       
PG26  13886.581634  -7885.904707  21065.604113    -35.051814  3  4  5  87       
PG27  12398.771858 -23069.940140   2301.332361    -33.462923  4  6  5  50       
PG28  25547.108623  -5888.078495   4263.148190   -526.820631  7  5  2  72       
PG29   9595.475129  12654.720920  21225.152471   -550.060147  4  6  4  81       
PG30 -26574.750303    174.805072   2819.624168   -246.459753  4  5  2  78       
PG31  21044.168720 -10240.662661  12644.899390   -218.588024  2  5  1  81       
PG32  17524.587443  -9277.621474 -17342.022192   -547.536749  5  4  5  76       
*  2025  1  4 17  0  0.00000000
PG01  -5148.433670 -14733.831824 -21485.416398 999999.999999  2 15 14           
PG02  -3871.086798 -14367.525658 -21538.390150   -275.808233  6  6  5  79       
PG03 -11362.066725 -22833.841647  -7783.398105    639.451524  6  6  6  92       
PG04  -2265.592761 -21430.158075  15442.079328    506.808591  3  4  6  85       
PG05   -527.493335  18665.025534  18689.299881   -198.045438  4  7  3 100       
PG06 -25712.391511   5855.300123   3770.360669    -94.807842  4  4  3  73       
PG07 -20166.844998  -8489.314629  15899.923079    -13.898271  2  5  3  86       
PG08   4828.581422 -25335.606730  -5360.832170    453.911274  5  9  6  54       
PG09  -9672.634820 -14343.266772  20043.338525    515.479702  4  5  3  94       
PG10  18563.119563   3812.287346 -18518.286854   -262.794086  6  5  6  66       
PG11 -18499.745307  12110.798136  14710.726596   -752.381444  4  6  5  80       
PG12   7395.033886  23485.362627 -10310.932246   -562.503234  2  4  4  51       
PG13 -13605.482976  22631.649119    840.271080    692.392331  2  6  4  76       
PG14 -20022.935504  -7202.098944 -15995.859293    573.663661  3  6  4  67       
PG15  -1061.588265  25852.621292  -6174.841544    247.738693  4  3  1  76       
PG16   7348.264502 -14740.397587  20379.728977    -86.082957  6  4  5  67       
PG17 -16552.817668   2339.880351 -20278.956302    489.281377  4  5  3  65       
PG18  21851.787791   6617.426508  13793.229826   -658.917891  3  4  2  76       
PG19 -18091.486598  11664.982879 -15399.873828    582.219964  6  7  5  79       
PG20 -11001.309601  10741.259384  21739.445932    367.338260  5  5  1  78       
PG21   3059.242272 -15633.441393 -20666.534526     99.970916  4  8  5  96       
PG22 -16672.736574    417.502824 -20213.805042    -90.482255  6  6  4 101       
PG23  20027.791893  15757.199218  -7853.882360    397.309713  3  5  2  48       
PG24   1840.760237  15993.481344 -21570.913983   -467.309266  5  5  3  78       
PG25  17449.289164  20182.695163    809.527075    497.234233  5  6  3 100       
PG26  15465.283838  -6038.592935  20610.282199    -35.065264  3  4  5  91       
PG27  12488.209296 -22527.346172   5136.884768    -33.462572  5  6  6  68       
PG28  25907.500308  -5686.161922   1431.372504   -526.829596  7  5  2  59       
PG29   8416.548383  14733.674622  20357.653221   -550.056965  4  5  4  78       
PG30 -26152.536543   -176.170905   5554.180365   -246.452318  4  5  2  76       
PG31  22392.311612 -10149.810670  10253.043276   -218.587520  2  5  1  57       
PG32  16838.833640  -7263.546462 -18909.614988   -547.530780  5  3  5  81       
*  2025  1  4 17 15  0.00000000
PG01  -2688.487554 -15006.871995 -21743.123744 999999.999999  3 15 14           
PG02  -1397.039220 -15010.825938 -21370.516535   -275.800072  6  6  5  69       
PG03 -10594.032507 -22152.848317 -10429.437845    639.458598  6  6  7  85       
PG04  -1482.818127 -22888.806908  13277.122620    506.813951  4  5  5  91       
PG05  -2139.710223  17095.860398  20021.466448   -198.046650  4  7  3  97       
PG06 -25991.840801   5735.898686    882.528524    -94.832574  4  4  3  64       
PG07 -18403.887609  -8958.294904  17699.665601    -13.897579  2  5  3  75       
PG08   5262.650896 -25665.427339  -2548.496122    453.918627  5  8  6  68       
PG09  -8860.104011 -16434.829463  18772.888670    515.493531  3  4  4  84       
PG10  19806.904392   5438.949141 -16792.889666   -262.808527  6  5  5  79       
PG11 -20061.622205  12129.034456  12466.535818   -752.380902  4  5  4  52       
PG12   6470.731432  22579.707427 -12734.572529   -562.504932  2  4  4  74       
PG13 -13681.757608  22265.352952   3719.188498    692.393409  1  6  4  41       
PG14 -20948.796106  -8663.750159 -13984.818483    573.670249  3  6  4  90       
PG15  -1464.499904  26281.792121  -3428.423381    247.742591  3  3  3  74       
PG16   8843.100747 -12787.714785  21119.534205    -86.074181  6  4  5  65       
PG17 -15653.870617     63.843227 -21077.278861    489.266245  4  6  3  76       
PG18  20213.673905   7032.512192  15907.222426   -658.917006  3  4  3  67       
PG19 -17449.700255   9906.114273 -17311.348473    582.224320  5  7  5  35       
PG20 -12876.887124   9159.450797  21418.169553    367.338196  5  5  1  55       
PG21   5419.133456 -16152.860321 -19679.760449     99.972531  4  8  5  87       
PG22 -17913.711201  -1560.976940 -19057.940039    -90.484078  6  6  4 107       
PG23  20395.110809  16421.261462  -5096.304417    397.316492  3  5  3  75       
PG24   -443.913209  16590.364779 -21145.516097   -467.305899  5  5  3  60       
PG25  17228.505793  20338.391435  -2005.918399    497.233700  5  5  3  99       
PG26  17075.494723  -4321.665350  19796.500184    -35.078728  4  3  5  89       
PG27  12499.723800 -21686.878375   7880.986892    -33.462160  5  5  6  45       
PG28  25962.596476  -5438.055309  -1425.035557   -526.838565  7  5  3  15       
PG29   7398.012696  16764.925244  19137.551105   -550.053897  4  5  5  84       
PG30 -25451.832061   -598.734981   8195.022977   -246.444891  4  5  2  71       
PG31  23464.312925 -10088.284667   7686.223028   -218.586752  2  5  1  78       
PG32  16204.967288  -5065.714139 -20143.671559   -547.524770  6  3  6  62       
*  2025  1  4 17 30  0.00000000
PG01   -238.109546 -15408.530546 -21626.512755 999999.999999  5 14 14           
PG02   1004.118721 -15768.273540 -20817.538903   -275.791770  6  6  5  98       
PG03  -9591.072849 -21306.878552 -12898.366602    639.465701  6  7  6  91       
PG04   -858.902977 -24141.399116  10882.180050    506.819339  4  6  4  90       
PG05  -3930.064718  15524.440280  21003.387606   -198.047783  4  7  3  88       
PG06 -25958.249506   5559.286412  -2020.363345    -94.857316  3  4  3  58       
PG07 -16490.682421  -9561.454779  19211.345021    -13.897031  2  5  4  75       
PG08   5602.101309 -25702.179821    308.878432    453.925917  5  8  6  71       
PG09  -8198.756368 -18408.135188  17176.347401    515.507359  2  4  5  92       
PG10  20992.209227   6835.370910 -14777.536668   -262.822959  5  5  5  73       
PG11 -21359.361915  12178.203574  10007.596728   -752.380404  4  5  4  80       
PG12   5335.829129  21524.315776 -14942.930155   -562.506799  3  4  4  56       
PG13 -13644.077117  21606.526236   6532.877038    692.394336  1  6  5  74       
PG14 -21784.139617  -9898.921974 -11735.141427    573.676825  3  7  4  92       
PG15  -1811.130926  26419.596607   -622.943364    247.746633  3  4  3  68       
PG16  10472.361961 -10866.516330  21481.882073    -86.065863  6  4  5  78       
PG17 -14849.677608  -2324.966327 -21500.146567    489.251008  4  6  3  84       
PG18  18382.044079   7586.155803  17750.704558   -658.916041  3  4  4  73       
PG19 -16825.483955   7934.802755 -18922.945637    582.228385  5  7  4  27       
PG20 -14786.710239   7709.050833  20730.694513    367.337643  5  5  1  89       
PG21   7629.944710 -16746.578705 -18333.332215     99.974217  4  8  5  77       
PG22 -19158.250224  -3354.804629 -17560.536808    -90.485844  6  6  4 106       
PG23  20574.456861  16840.713592  -2252.134519    397.323299  3  5  3  74       
PG24  -2638.703737  17277.279920 -20369.096767   -467.302548  5  5  3  48       
PG25  16796.972186  20280.605659  -4787.522430    497.233204  5  5  3  95       
PG26  18678.448605  -2759.501705  18639.665547    -35.092158  4  3  4  90       
PG27  12471.590265 -20551.213283  10484.458373    -33.461815  4  5  6  60       
PG28  25720.223760  -5107.366152  -4256.929971   -526.847576  7  5  3  48       
PG29   6543.631752  18700.452926  17585.746944   -550.051025  4  4  5  90       
PG30 -24493.277599  -1122.824287  10697.727684   -246.437435  4  5  3  83       
PG31  24246.523095 -10020.347901   4988.743168   -218.585918  2  5  1  47       
PG32  15653.201645  -2722.317845 -21022.553213   -547.518781  6  3  5  75       
*  2025  1  4 17 45  0.00000000
PG01   2154.732004 -15929.194556 -21137.580294 999999.999999  6 14 14           
PG02   3285.913507 -16616.225199 -19888.629594   -275.783663  6  6  5  93       
PG03  -8347.239454 -20338.406372 -15148.529430    639.472828  6  7  6  76       
PG04   -372.504588 -25151.738189   8298.564679    506.824696  5  7  4  89       
PG05  -5872.398671  13993.166892  21617.810485   -198.049034  4  7  2  93       
PG06 -25621.677497   5287.148944  -4888.719122    -94.882064  3  4  4  69       
PG07 -14468.588267 -10308.659311  20410.497218    -13.896352  1  5  4  93       
PG08   5881.487265 -25434.394428   3160.767745    453.933250  4  7  5  71       
PG09  -7678.763156 -20218.171208  15281.485296    515.521228  2  4  5  82       
PG10  22074.339806   7994.507815 -12508.022347   -262.837379  4  4  4  80       
PG11 -22374.254414  12221.571853   7376.147248   -752.379880  5  4  3  69       
PG12   3987.964817  20361.259797 -16899.296304   -562.509083  3  5  4  52       
PG13 -13531.140828  20650.585270   9231.741164    692.395565  1  6  5  78       
PG14 -22489.036174 -10906.612498  -9285.529205    573.683406  4  7  4  79       
PG15  -2135.736012  26256.214289   2193.295491    247.750536  2  4  3  78       
PG16  12207.569228  -9019.328282  21461.514353    -86.057269  5  4  6  81       
PG17 -14162.254659  -4780.223539 -21539.099314    489.235812  4  7  3  75       
PG18  16399.083587   8293.831702  19291.989211   -658.915082  3  4  5  72       
PG19 -16254.019269   5781.919544 -20208.029295    582.232588  5  8  4  68       
PG20 -16687.378015   6410.125737  19688.313074    367.337860  5  4  1  69       
PG21   9652.235276 -17382.185303 -16649.767724     99.975309  4  8  5  71       
PG22 -20363.732003  -4941.862889 -15748.499239    -90.487722  5  7  4 103       
PG23  20533.116670  17037.318825    630.272742    397.330079  2  5  4  67       
PG24  -4706.116065  18030.165010 -19252.995813   -467.299152  5  5  3  80       
PG25  16135.216449  20040.385571  -7488.625037    497.232698  4  5  3  87       
PG26  20232.995322  -1369.006604  17161.035550    -35.105597  5  3  4  85       
PG27  12441.798436 -19132.363427  12900.511944    -33.461492  4  4  6  46       
PG28  25196.663854  -4660.352308  -7015.603269   -526.856582  6  5  4  60       
PG29   5848.836148  20493.531098  15728.960936   -550.048136  4  4  5  69       
PG30 -23304.230496  -1773.954375  13020.225447   -246.429973  4  5  2  67       
PG31  24733.780667  -9909.060658   2206.760637   -218.585233  2  5  1  41       
PG32  15207.382034   -277.038837 -21531.053077   -547.512801  6  3  5  81       
*  2025  1  4 18  0  0.00000000
PG01   4444.578897 -16551.571592 -20284.734135 999999.999999  6 14 14           
PG02   5406.944844 -17524.209776 -18600.110028   -275.775229  6  6  5  89       
PG03  -6865.246211 -19291.547387 -17142.019568    639.479989  6  7  6  90       
PG04      3.834683 -25890.019560   5570.958325    506.830057  5  8  4  86       
PG05  -7933.274406  12540.075657  21854.013832   -198.050044  4  6  2  92       
PG06 -25000.853869   4884.284416  -7673.433458    -94.906766  2  4  4  38       
PG07 -12380.830471 -11202.342612  21277.456678    -13.895743  1  5  4  91       
PG08   6137.120878 -24859.586374   5956.594216    453.940530  4  7  5  69       
PG09  -7282.809512 -21823.910152  13121.288313    515.535054  2  3  5  84       
PG10  23009.742130   8918.348053 -10024.214833   -262.851798  4  4  4  89       
PG11 -23096.186619  12220.591962   4617.464556   -752.379352  4  4  3  54       
PG12   2432.918574  19133.528366 -18571.288220   -562.510919  3  5  4  77       
PG13 -13382.732516  19402.252414  11768.038936    692.396640  1  6  5  82       
PG14 -23025.592002 -11693.864297  -6677.936510    573.689974  4  7  4  68       
PG15  -2473.517045  25790.367633   4971.193814    247.754725  2  5  4  80       
PG16  14013.885213  -7283.394172  21060.233409    -86.048893  5  4  6  83       
PG17 -13605.942953  -7252.157246 -21192.756642    489.221183  5  7  3  74       
PG18  14310.448671   9163.227657  20504.408284   -658.914183  3  5  5  82       
PG19 -15765.250877   3484.693777 -21145.799513    582.236957  5  7  3  54       
PG20 -18533.365305   5275.003132  18308.399680    367.337652  4  4  1  69       
PG21  11453.540821 -18022.179221 -14658.479393     99.976505  4  7  5  75       
PG22 -21485.995894  -6308.634376 -13654.555193    -90.489845  5  7  4  94       
PG23  20244.400467  17039.516390   3501.991323    397.336893  2  5  5  78       
PG24  -6613.402641  18819.242591 -17814.179801   -467.295775  5  4  3  71       
PG25  15230.831361  19653.006490 -10064.230643    497.232220  4  5  3  89       
PG26  21697.124864   -159.198988  15387.259875    -35.119026  5  2  3  87       
PG27  12446.340108 -17451.366558  15085.701531    -33.461134  4  3  6  51       
PG28  24415.991854  -4067.424622  -9653.624250   -526.865587  6  5  4  72       
PG29   5301.056007  22100.429948  13599.272615   -550.045060  3  5  5  70       
PG30 -21917.768010  -2572.075413  15123.460272   -246.422487  4  5  2  85       
PG31  24929.444646  -9717.853334   -612.488762   -218.584395  3  5  1  40       
PG32  14884.034776   2222.493405 -21660.662387   -547.506816  6  4  4  83       
*  2025  1  4 18 15  0.00000000
PG01   6590.037858 -17251.345748 -19082.649073 999999.999999  7 13 14           
PG02   7332.390104 -18456.156907 -16975.148234   -275.767214  6  6  4  90       
PG03  -5156.540016 -18210.357572 -18845.275572    639.487088  6  7  6  92       
PG04    302.422353 -26333.964906   2746.627334    506.835418  5  9  5  77       
PG05 -10073.112185  11197.427990  21708.002402   -198.050796  4  5  2  93       
PG06 -24122.450203   4320.155403 -10326.720051    -94.931467  1  5  5  47       
PG07 -10271.084917 -12237.290071  21797.631596    -13.895103  1  5  4  91       
PG08   6405.404352 -23984.435208   8646.704215    453.947818  4  6  5  49       
PG09  -6986.939083 -23189.786123  10733.364307    515.548916  2  3  5  88       
PG10  23757.675686   9617.567829  -7369.317573   -262.866243  3  4  3  71       
PG11 -23523.920128  12136.554507   1779.086253   -752.378882  4  5  2  73       
PG12    684.554474  17883.420413 -19931.320722   -562.513167  3  6  4  64       
PG13 -13237.980727  17875.545773  14096.795266    692.397964  1  5  6  74       
PG14 -23359.432834 -12275.280404  -3956.863581    573.696544  5  7  4  71       
PG15  -2859.033878  25029.506457   7661.737022    247.758712  3  5  4  81       
PG16  15851.416883  -5689.373203  20286.763776    -86.040162  5  4  6  76       
PG17 -13186.853581  -9689.355881 -20466.894607    489.205442  5  7  4  88       
PG18  12163.662485  10193.781655  21366.780064   -658.913154  2  5  6  77       
PG19 -15382.742292   1085.427874 -21721.557715    582.240887  4  7  3  83       
PG20 -20278.647684   4307.938454  16614.150973    367.337199  4  3  1  64       
PG21  13009.607453 -18625.573612 -12395.249658     99.977823  4  7  5  82       
PG22 -22481.130792  -7450.518468 -11316.582000    -90.491865  4  7  4 103       
PG23  19688.767201  16881.183446   6314.320767    397.343643  2  6  5  75       
PG24  -8333.639552  19610.073639 -16075.097021   -467.292386  5  4  2  84       
PG25  14079.048083  19156.521634 -12471.682062    497.231736  4  5  3  83       
PG26  23029.518810    868.883305  13349.841638    -35.132444  5  2  3  86       
PG27  12517.581460 -15537.602851  17000.804724    -33.460797  4  3  6  65       
PG28  23409.127002  -3304.489705 -12125.652423   -526.874610  6  5  4  72       
PG29   4880.376796  23482.016140  11233.560700   -550.042091  3  5  5  83       
PG30 -20371.494198  -3530.638255  16972.000726   -246.414952  4  5  2  72       
PG31  24845.122223  -9412.072806  -3421.458125   -218.583988  3  4  1  58       
PG32  14691.730792   4726.395975 -21409.698543   -547.500847  6  4  3  80       
*  2025  1  4 18 30  0.00000000
PG01   8555.178035 -17998.118787 -17552.015081 999999.999999  6 13 14           
PG02   9035.228673 -19371.885201 -15043.289233   -275.759120  6  6  4  90       
PG03  -3241.047466 -17137.152023 -20229.608400    639.494217  6  6  6  95       
PG04    558.954065 -26469.675624   -125.413908    506.840749  5  9  5  59       
PG05 -12247.579570   9990.548022  21182.570493   -198.051493  4  4  1  87       
PG06 -23020.060298   3570.269606 -12802.925399    -94.956146  1  5  5  66       
PG07  -8182.050284 -13400.688817  21961.731303    -13.894481  1  5  4  93       
PG08   6721.157119 -22824.598344  11183.333210    453.955111  4  5  6  29       
PG09  -6761.667281 -24286.964872   8159.265896    515.562774  2  2  5  77       
PG10  24281.771038  10110.862277  -4589.097854   -262.880673  3  4  3  77       
PG11 -23665.034825  11932.257616  -1090.012537   -752.378357  4  5  2  63       
PG12  -1235.534471  16650.986764 -20957.001919   -562.514917  3  6  5  69       
PG13 -13133.644992  16093.399274  16176.670009    692.399051  1  5  6  62       
PG14 -23461.061036 -12672.261957  -1168.615591    573.703110  5  8  4  85       
PG15  -3324.609508  23989.658142  10216.916789    247.762664  3  6  4  84       
PG16  17676.718999  -4260.336193  19156.470082    -86.031685  4  5  6  84       
PG17 -12902.670457 -12040.655814 -19374.361403    489.190205  5  7  4  83       
PG18  10006.442653  11376.537896  21863.793993   -658.912239  2  6  6  69       
PG19 -15122.804398  -1369.962901 -21926.859987    582.245018  4  7  4  76       
PG20 -21878.364489   3505.097400  14634.224935    367.337253  4  2  1  83       
PG21  14305.274506 -19149.696982  -9901.511941     99.978889  5  6  5  64       
PG22 -23307.259450  -8371.770778  -8776.821714    -90.493450  4  7  4 107       
PG23  18854.689908  16600.203750   9019.576613    397.350424  3  6  6  83       
PG24  -9846.607552  20364.815417 -14063.445888   -467.288959  6  4  2  95       
PG25  12683.032818  18590.238839 -14671.283611    497.231228  4  4  4  81       
PG26  24191.068616   1721.967768  11084.531202    -35.145906  5  1  3  81       
PG27  12682.794323 -13427.767570  18611.614118    -33.460439  4  3  5  69       
PG28  22212.632929  -2354.080329 -14389.215186   -526.883623  6  4  5  89       
PG29   4560.492326  24605.185176   8672.852948   -550.039144  2  6  5  87       
PG30 -18706.193076  -4655.903920  18534.598610   -246.407440  4  6  2  79       
PG31  24500.107652  -8960.446386  -6173.041475   -218.582903  4  4  2  57       
PG32  14630.788398   7184.311401 -20783.294261   -547.494872  5  4  3  74       
*  2025  1  4 18 45  0.00000000
PG01  10310.718030 -18756.600047 -15719.181658 999999.999999  5 12 13           
PG02  10497.129904 -20228.781782 -12839.831630   -275.750853  6  5  4  82       
PG03  -1146.607278 -16110.904708 -21271.652756    639.501310  6  6  5  93       
PG04    810.913808 -26292.170364  -2995.275694    506.846076  6  9  6  68       
PG05 -14409.176081   8936.950400  20287.233994   -198.052626  5  3  1  85       
PG06 -21732.923495   2617.334838 -15059.314271    -94.980821  2  5  5  82       
PG07  -6154.052572 -14672.447309  21765.943872    -13.894121  2  5  4  94       
PG08   7116.010893 -21404.165072  13521.533240    453.962548  4  5  5  70       
PG09  -6573.317345 -25094.358300   5443.743384    515.576617  3  1  5  84       
PG10  24551.415740  10423.985058  -1731.096790   -262.895044  2  4  3  65       
PG11 -23535.539795  11573.628413  -3940.271548   -752.377821  4  6  2  64       
PG12  -3298.663454  15472.574740 -21631.451408   -562.517052  3  7  5  52       
PG13 -13102.501447  14086.925444  17970.759020    692.400667  1  5  6  45       
PG14 -23307.036937 -12911.998174   1639.459474    573.709665  5  8  4  81       
PG15  -3898.797707  22694.938095  12590.672432    247.766627  2  6  4  79       
PG16  19444.430558  -3011.093991  17690.946368    -86.023404  4  5  6  69       
PG17 -12742.822096 -14257.029240 -17934.831752    489.174887  5  7  4  90       
PG18   7885.022069  12694.330634  21986.304995   -658.911211  2  6  6  90       
PG19 -14993.923770  -3833.528603 -21759.562715    582.249569  4  7  5  79       
PG20 -23290.456998   2854.856997  12402.282654    367.336889  4  2  1  80       
PG21  15334.954487 -19552.104510  -7223.456213     99.980600  5  5  5  60       
PG22 -23926.239632  -9085.072419  -6081.009798    -90.495510  4  6  3  97       
PG23  17739.229711  16236.896446  11571.863641    397.357178  3  7  6  73       
PG24 -11139.441147  21043.644402 -11811.850733   -467.285627  6  4  2  84       
PG25  11053.900321  17993.177802 -16626.869774    497.230724  3  4  4  92       
PG26  25146.304048   2414.035805   8630.667107    -35.159313  5  1  3  79       
PG27  12962.912907 -11164.543643  19889.615080    -33.460077  4  3  5  79       
PG28  20867.314016  -1206.229229 -16405.434508   -526.892592  6  4  5  88       
PG29   4309.916702  25444.069412   5961.598209   -550.036407  2  6  4  79       
PG30 -16964.375797  -5946.521810  19784.688527   -246.399983  4  6  2  93       
PG31  23920.557353  -8336.412131  -8821.301587   -218.582416  4  4  2  62       
PG32  14693.324602   9547.196855 -19793.251109   -547.488913  4  5  3  69       
*  2025  1  4 19  0  0.00000000
PG01  11834.957373 -19487.999072 -13615.704372 999999.999999  4 11 13           
PG02  11708.965490 -20983.595197 -10405.070065   -275.742927  6  4  3  75       
PG03   1091.890859 -15165.786978 -21953.737769    639.508407  6  6  5  80       
PG04   1095.900737 -25805.584183  -5813.084748    506.851390  6  9  6  69       
PG05 -16508.948535   8045.793234  19038.033527   -198.053560  4  3  1  90       
PG06 -20304.438779   1452.141871 -17056.813407    -95.005420  3  5  5  88       
PG07  -4223.725975 -16025.777864  21212.060392    -13.893438  2  5  4  65       
PG08   7616.943056 -19754.774125  15620.038816    453.969857  4  4  5  74       
PG09  -6385.524582 -25599.344085   2633.942805    515.590501  3  1  5  67       
PG10  24542.920660  10588.538775   1156.165916   -262.909475  1  5  3  78       
PG11 -23159.166166  11031.231850  -6722.411814   -752.377362  3  6  2  76       
PG12  -5469.951316  14379.525503 -21943.539745   -562.518907  4  7  5  89       
PG13 -13171.897700  11894.349453  19447.307812    692.401399  1  5  6  57       
PG14 -22880.941647 -13026.247807   4419.743571    573.716210  6  8  4  80       
PG15  -4604.981998  21176.730354  14739.828550    247.770890  2  5  4  88       
PG16  21108.973105  -1947.876871  15917.494666    -86.015029  3  5  6  65       
PG17 -12689.015041 -16293.388210 -16174.405986    489.159686  5  8  4  88       
PG18   5842.525610  14122.292452  21731.530366   -658.910225  3  6  6  82       
PG19 -14996.505650  -6256.920171 -21223.766481    582.253786  5  7  5  99       
PG20 -24477.218708   2338.415670   9956.438045    367.336625  4  3  1  71       
PG21  16102.680797 -19792.502956  -4410.988734     99.981474  5  5  4  77       
PG22 -24305.208485  -9610.753493  -3277.443203    -90.497519  4  6  3  97       
PG23  16348.297127  15832.363130  13927.821659    397.364037  4  7  7  68       
PG24 -12207.014730  21606.297457  -9357.440253   -467.282242  6  3  2  94       
PG25   9210.447291  17402.561062 -18306.316843    497.230224  3  4  4  73       
PG26  25864.680249   2965.541734   6030.477936    -35.172774  5  2  3  81       
PG27  13371.571600  -8795.033043  20812.531649    -33.459716  4  3  4  61       
PG28  19416.662250    140.947915 -18139.690909   -526.901539  6  3  5  54       
PG29   4093.406260  25980.973288   3146.874641   -550.033260  2  7  4  87       
PG30 -15188.773197  -7393.392935  20700.822312   -246.392459  4  6  2  91       
PG31  23138.434310  -7519.270128 -11322.166523   -218.581567  4  3  3  69       
PG32  14863.648911  11769.050662 -18457.764282   -547.482914  4  5  4  67       
*  2025  1  4 19 15  0.00000000
PG01  13114.417169 -20151.566945 -11277.801265 999999.999999  1 10 12           
PG02  12670.926479 -21594.258520  -7783.428370   -275.734645  6  4  3  68       
PG03   3433.630291 -14329.897522 -22264.172790    639.515490  6  5  4  97       
PG04   1449.950490 -25023.020746  -8529.877223    506.856768  6  9  7  91       
PG05 -18498.267337   7317.676230  17457.214455   -198.054614  4  3  1  89       
PG06 -18780.525282     74.138516 -18760.700138    -95.030111  4  5  5  81       
PG07  -2422.813249 -17428.028678  20307.541016    -13.892548  2  5  4  84       
PG08   8245.012349 -17914.433355  17442.049486    453.977172  4  4  4  58       
PG09  -6160.847530 -25798.163380   -221.434857    515.604335  3  2  5  90       
PG10  24240.428161  10640.565856   4023.980638   -262.923868  1  5  3  74       
PG11 -22566.369172  10281.606499  -9388.300195   -752.376861  3  6  3  77       
PG12  -7709.442398  13397.068528 -21888.048337   -562.520893  4  7  5  74       
PG13 -13362.539645   9559.657966  20580.319804    692.402622  2  5  6  55       
PG14 -22174.086640 -13049.958326   7125.121403    573.722743  6  8  4  76       
PG15  -5460.172037  19472.564024  16625.002603    247.774945  2  5  5  85       
PG16  22626.240189  -1068.367296  13868.512489    -86.006689  2  5  6  68       
PG17 -12716.104221 -18110.225346 -14125.065361    489.144205  5  8  4  97       
PG18   3917.464274  15628.671422  21103.143333   -658.909218  3  6  6  78       
PG19 -15122.934508  -8593.022109 -20329.665173    582.257881  5  7  6  99       
PG20 -25406.697094   1930.690585   7338.622901    367.336339  4  3  2  98       
PG21  16621.718845 -19834.590626  -1516.584177     99.982873  5  4  4  42       
PG22 -24417.905450  -9975.711087   -416.014704    -90.499405  4  6  3  96       
PG23  14696.590380  15426.814165  16047.333853    397.370829  4  7  7  71       
PG24 -13052.042708  22013.677039  -6741.325855   -467.278916  6  3  2 112       
PG25   7178.617288  16852.389630 -19681.995607    497.229758  2  4  4  86       
PG26  26321.678699   3402.397221   3328.358085    -35.186206  5  2  3  89       
PG27  13914.465520  -6369.017141  21364.727322    -33.459307  4  4  4  81       
PG28  17905.214498   1680.983294 -19562.213685   -526.910562  6  3  5  75       
PG29   3873.533912  26206.998872    277.549699   -550.030534  2  7  4  91       
PG30 -13420.827076  -8979.824942  21267.032513   -246.384909  4  7  3  90       
PG31  22190.261577  -6495.116312 -13634.088863   -218.580840  4  2  3  67       
PG32  15118.979060  13808.507140 -16801.028608   -547.476906  3  5  4  85       
*  2025  1  4 19 30  0.00000000
PG01  14144.165881 -20706.226483  -8745.728409 999999.999999  1  8 11           
PG02  13392.245309 -22021.659221  -5022.511917   -275.726513  6  4  4  81       
PG03   5833.214467 -13624.229769 -22197.444691    639.522540  6  5  4 104       
PG04   1905.919313 -23966.063182 -11098.474995    506.862115  6  9  7  85       
PG05 -20330.592017   6744.789394  15572.792320   -198.055532  4  4  1  88       
PG06 -17207.891305  -1508.330194 -20141.223087    -95.054746  4  5  5  88       
PG07   -777.126848 -18841.744430  19065.516603    -13.891783  3  5  3  61       
PG08   9014.351029 -15926.093575  18955.910359    453.984471  4  4  3  68       
PG09  -5862.420970 -25695.982642  -3072.996681    515.618193  3  2  5  90       
PG10  23636.533705  10618.994857   6824.219685   -262.938279  2  5  3  88       
PG11 -21793.078433   9308.373505 -11891.795847   -752.376354  2  6  3  61       
PG12  -9973.415870  12543.450881 -21465.749006   -562.522843  4  7  5  94       
PG13 -13687.562565   7131.019334  21350.044241    692.403643  2  6  6  73       
PG14 -21185.944568 -13019.774466   9709.742924    573.729333  6  7  4  91       
PG15  -6474.056832  17624.727144  18211.454888    247.778982  2  5  5  85       
PG16  23955.210809   -362.073358  11580.809469    -85.998241  2  5  6  76       
PG17 -12793.259265 -19675.020069 -11824.000263    489.128645  5  9  4  79       
PG18   2142.404801  17175.929592  20111.258629   -658.908279  3  6  6  77       
PG19 -15357.943780 -10797.524036 -19093.307894    582.262201  5  7  6 107       
PG20 -26053.891081   1601.468864   4593.876594    367.336132  4  3  3  87       
PG21  16913.761990 -19647.718688   1405.925643     99.984239  5  4  3  43       
PG22 -24245.721113 -10212.075023   2452.760071    -90.501517  4  6  2  90       
PG23  12807.211774  15057.936068  17894.188011    397.377677  5  7  7  91       
PG24 -13684.880142  22229.460267  -4007.979896   -467.275611  5  3  3 109       
PG25   4990.716843  16372.150662 -20731.163497    497.229269  2  4  4  73       
PG26  26499.685342   3754.763381    570.129321    -35.199611  5  3  3  97       
PG27  14589.059589  -3937.123462  21537.452985    -33.458904  3  4  5  83       
PG28  16376.883368   3399.112461 -20648.587691   -526.919513  5  3  5  80       
PG29   3612.351998  26122.336946  -2596.591566   -550.027506  3  7  4  94       
PG30 -11699.234042 -10681.975854  21473.119227   -246.377381  4  7  3  88       
PG31  21115.729971  -5257.528125 -15718.662578   -218.580148  4  2  3  76       
PG32  15430.444819  15630.237804 -14852.738294   -547.471001  3  5  4  84       
*  2025  1  4 19 45  0.00000000
PG01  14927.818349 -21112.227863  -6063.085377 999999.999999  2  6 11           
PG02  13890.542899 -22231.276888  -2172.109661   -275.718140  6  4  4  75       
PG03   8242.189531 -13061.914548 -21754.323617    639.529615  6  5  5 103       
PG04   2491.996656 -22663.963288 -13474.327681    506.867490  6  8  7  85       
PG05 -21963.155497   6311.402973  13418.014797   -198.056299  4  4  1  75       
PG06 -15632.278128  -3278.128283 -21174.142824    -95.079375  4  5  4  87       
PG07    694.290816 -20225.926913  17504.718766    -13.891345  3  4  3  80       
PG08   9931.455339 -13836.039216  20135.675683    453.991805  4  4  2  89       
PG09  -5455.584475 -25306.619224  -5871.526400    515.632042  4  3  5  92       
PG10  22732.603027  10564.000518   9510.083520   -262.952644  3  5  4  85       
PG11 -20879.245551   8103.073802 -14189.562728   -752.375822  3  6  4  61       
PG12 -12215.837607  11829.331308 -20683.402549   -562.525021  4  7  4  87       
PG13 -14151.926009   4659.041825  21743.332594    692.404940  3  6  5  46       
PG14 -19924.285594 -12972.491458  12129.765512    573.735919  6  7  4  95       
PG15  -7648.363971  15678.673663  19469.853191    247.783011  3  5  5  79       
PG16  25059.425976    188.983149   9094.873003    -85.990098  1  5  5  75       
PG17 -12885.372109 -20963.351189  -9312.832131    489.113658  5  9  4  81       
PG18    542.867123  18722.083944  18772.306970   -658.907358  3  6  6  75       
PG19 -15679.275955 -12830.376738 -17536.281442    582.266257  6  7  7  92       
PG20 -26401.695639   1316.768805   1769.571816    367.336191  4  3  3  91       
PG21  17007.757877 -19208.291637   4302.579542     99.985659  5  5  3  53       
PG22 -23778.433537 -10355.684392   5278.698124    -90.503346  4  6  2  91       
PG23  10710.974553  14759.360539  19436.681207    397.384480  5  7  7  86       
PG24 -14123.021686  22221.647609  -1204.517340   -467.272279  5  2  3  96       
PG25   2684.409670  15985.699975 -21436.294578    497.228758  1  4  4  74       
PG26  26388.617953   4055.698239  -2197.701142    -35.213018  5  3  3  81       
PG27  15384.654894  -1548.979240  21328.939907    -33.458478  3  4  5  88       
PG28  14873.325686   5272.652932 -21380.168473   -526.928482  5  4  5  82       
PG29   3273.076382  25736.212995  -5425.732522   -550.024517  3  7  4  87       
PG30 -10058.594497 -12469.573509  21314.854810   -246.369830  5  7  4  99       
PG31  19956.208965  -3807.979672 -17541.193040   -218.579343  4  2  4  64       
PG32  15764.334830  17206.106462 -12647.494869   -547.464997  3  6  4  73       
*  2025  1  4 20  0  0.00000000
PG01  15477.208864 -21332.765189  -3276.062674 999999.999999  6  2  9           
PG02  14190.838576 -22194.618612    716.823471   -275.709976  6  4  3  79       
PG03  10610.688535 -12647.766416 -20941.874767    639.536666  6  5  5  94       
PG04   3230.406593 -21152.541881 -15616.303696    506.872853  6  8  7  83       
PG05 -23358.500811   5994.675315  11030.733279   -198.057050  3  4  2  79       
PG06 -14096.746604  -5209.780751 -21841.181349    -95.104033  5  5  4  89       
PG07   1979.773854 -21537.459566  15649.330450    -13.890740  4  5  3  78       
PG08  10994.801951 -11692.165671  20961.544806    453.999161  5  5  3  76       
PG09  -4909.421809 -24651.943764  -8568.842239    515.645934  4  3  5  92       
PG10  21538.777630  10515.337211  12036.813881   -262.967044  3  5  4  90       
PG11 -19867.246366   6665.699429 -16241.832806   -752.375306  3  6  4  61       
PG12 -14389.905053  11257.460590 -19553.675594   -562.526810  5  7  4  53       
PG13 -14752.157134   2194.943525  21753.856326    692.406231  4  6  5  59       
PG14 -18405.013941 -12943.510094  14344.066037    573.742524  6  7  4  94       
PG15  -8976.560369  13681.291445  20376.926089    247.787110  3  5  4  80       
PG16  25908.275908    609.301300   6454.101620    -85.981815  1  5  5  74       
PG17 -12954.640601 -21959.671646  -6636.752951    489.097967  5  9  4  93       
PG18   -863.505930  20222.240827  17108.797201   -658.906408  4  6  6  79       
PG19 -16058.604859 -14657.083669 -15685.321068    582.270532  6  8  7  93       
PG20 -26441.554311   1040.358140  -1085.410436    367.335744  4  3  4  92       
PG21  16938.431263 -18500.841622   7120.485154     99.987263  5  5  2  43       
PG22 -23014.608858 -10444.443934   8012.864986    -90.505157  5  6  2 103       
PG23   8445.423730  14559.292437  20648.158901    397.391288  5  7  7  95       
PG24 -14390.309054  21963.985333   1620.111531   -467.268986  5  2  3 102       
PG25    301.522418  15710.356681 -21785.345563    497.228266  1  4  4  77       
PG26  25986.284134   4339.710824  -4928.676529    -35.226440  5  3  3  84       
PG27  16282.804244    748.569114  20744.341090    -33.458020  3  5  6  81       
PG28  13432.410961   7271.691935 -21744.399042   -526.937431  5  4  5  86       
PG29   2821.723761  25066.491171  -8160.907917   -550.021476  3  7  5  85       
PG30  -8528.216468 -14306.887946  20794.101254   -246.362293  5  7  4  87       
PG31  18753.212244  -2155.972772 -19071.216062   -218.578560  4  2  4  77       
PG32  16083.532506  18516.037110 -10224.138990   -547.459009  4  6  5  75       
*  2025  1  4 20 15  0.00000000
PG01  15811.751680 -21335.490971   -432.644275 999999.999999  8  1  7           
PG02  14324.275469 -21890.394042   3593.174590   -275.701851  6  4  3  68       
PG03  12889.138728 -12378.151641 -19773.374402    639.543682  6  5  5 102       
PG04   4136.350397 -19472.844826 -17487.414990    506.878195  6  7  6  87       
PG05 -24485.810915   5765.742617   8452.698739   -198.058470  3  4  2  80       
PG06 -12640.073532  -7270.256762 -22130.370611    -95.128626  5  5  4  82       
PG07   3075.377607 -22732.652303  13528.749023    -13.890051  4  5  3  80       
PG08  12194.802892  -9542.216799  21420.164310    454.006539  5  5  4  83       
PG09  -4198.150677 -23760.985039 -11118.628391    515.659777  5  2  5  78       
PG10  20073.671760  10510.704972  14362.367442   -262.981488  4  6  5  93       
PG11 -18800.200975   5004.896920 -18013.105652   -752.374811  3  6  5  58       
PG12 -16449.632117  10822.660466 -18094.975143   -562.528856  5  7  4  57       
PG13 -15476.451391   -211.289303  21382.183161    692.407218  5  6  5  78       
PG14 -16651.709811 -12965.350715  16314.913340    573.749084  6  6  4  89       
PG15 -10443.913781  11679.107911  20915.981997    247.791391  4  5  5  78       
PG16  26478.055195    928.704268   3704.022991    -85.973608  1  5  5  71       
PG17 -12962.256064 -22657.718045  -3843.607902    489.082936  5  9  4  96       
PG18  -2067.472092  21630.266331  15148.966913   -658.905462  3  6  6  74       
PG19 -16462.683941 -16249.785470 -13571.856920    582.274536  6  8  7 105       
PG20 -26173.791666    735.369379  -3921.541738    367.335211  4  3  4  81       
PG21  16744.584551 -17518.732052   9808.945521     99.988223  5  5  2  36       
PG22 -21961.658411 -10516.631689  10608.432265    -90.507155  5  6  2  97       
PG23   6053.604754  14479.348775  21507.479751    397.398078  4  6  7  91       
PG24 -14515.870530  21437.197320   4416.005123   -467.265697  5  2  4 104       
PG25  -2113.298997  15556.240785 -21771.955619    497.227787  1  4  4  83       
PG26  25298.460807   4641.275065  -7577.111937    -35.239859  4  3  4  84       
PG27  17258.052972   2913.096867  19795.529159    -33.457581  4  5  6  81       
PG28  12086.848272   9360.057606 -21735.023261   -526.946385  5  5  5  76       
PG29   2228.636430  24138.953228 -10754.866672   -550.018680  3  7  5  71       
PG30  -7131.119352 -16153.924664  19918.835481   -246.354761  5  7  5  58       
PG31  17546.870495   -318.879243 -20282.961984   -218.577747  4  3  5  88       
PG32  16349.080825  19548.566166  -7625.022438   -547.453018  4  7  5  88       
*  2025  1  4 20 30  0.00000000
PG01  15957.514569 -21093.869359   2418.220756 999999.999999  9  3  4           
PG02  14326.625074 -21305.386642   6406.644915   -275.693650  6  5  2  56       
PG03  15029.970492 -12241.184628 -18268.129088    639.550715  5  5  5  98       
PG04   5217.232542 -17669.608977 -19055.461869    506.883604  6  6  6  81       
PG05 -25321.981540   5591.043678   5728.797580   -198.059349  3  4  3  98       
PG06 -11295.321165  -9420.056494 -22036.291810    -95.153256  5  6  4  90       
PG07   3984.940144 -23768.856171  11177.254397    -13.889826  5  4  4  74       
PG08  13514.096250  -7432.055967  21504.794461    454.013905  5  6  6  73       
PG09  -3302.308887 -22668.774349 -13477.225637    515.673626  5  3  5  84       
PG10  18363.773918  10584.205062  16448.044512   -262.995911  3  6  5  84       
PG11 -17720.277960   3137.833883 -19472.771333   -752.374304  4  5  5  70       
PG12 -18351.419251  10512.103751 -16331.200341   -562.530933  5  6  3  63       
PG13 -16305.123506  -2512.679076  20635.713194    692.408866  5  6  5  87       
PG14 -14694.892223 -13066.281271  18008.591872    573.755734  6  6  4  97       
PG15 -12027.916433   9716.514459  21077.275662    247.795257  4  5  4  64       
PG16  26752.753953   1180.963530    891.511354    -85.964914  1  4  5  90       
PG17 -12870.119925 -23060.545177   -982.947178    489.067573  5  8  3  94       
PG18  -3068.383279  22900.528518  12926.324716   -658.904545  4  5  5  69       
PG19 -16854.677728 -17588.102601 -11231.503177    582.278867  6  9  7  87       
PG20 -25607.610316    365.947603  -6689.526725    367.335398  4  3  4  86       
PG21  16467.266086 -16264.468360  12320.478814     99.989683  5  5  2  37       
PG22 -20635.559377 -10609.228230  13021.461941    -90.509051  5  6  3  95       
PG23   3582.623262  14533.653692  21999.397946    397.404875  4  5  7  78       
PG24 -14532.829356  20629.966585   7133.254353   -467.262387  5  2  4 103       
PG25  -4514.038656  15525.877462 -21395.577184    497.227320  1  4  4  81       
PG26  24338.695446   4993.356780 -10098.793959    -35.253296  4  4  4  90       
PG27  18278.967172   4908.037069  18500.762986    -33.457143  4  6  6  73       
PG28  10863.023819  11496.537083 -21352.192437   -526.955384  4  5  4  78       
PG29   1469.833697  22986.282451 -13162.898153   -550.015793  4  6  5  83       
PG30  -5883.276432 -17967.798129  18703.078432   -246.347247  5  7  6  74       
PG31  16374.463713   1678.501220 -21155.760704   -218.576918  4  3  5  81       
PG32  16521.812401  20301.063821  -4895.236626   -547.447038  5  7  5  81       
*  2025  1  4 20 45  0.00000000
PG01  15946.042082 -20588.315306   5227.463015 999999.999999  9  6  1           
PG02  14236.641797 -20434.993467   9108.663457   -275.685572  6  5  2  26       
PG03  16989.265627 -12217.247942 -16451.198113    639.557714  5  5  5  99       
PG04   6472.200542 -15789.599573 -20293.586288    506.888994  6  4  5 103       
PG05 -25852.398158   5433.824144   2906.243692   -198.060374  3  3  3  87       
PG06 -10088.636959 -11614.561605 -21560.199140    -95.177785  5  6  4  92       
PG07   4719.847888 -24606.091314   8633.575964    -13.888914  5  4  4  58       
PG08  14928.155445  -5404.040466  21215.342168    454.021293  5  6  6  95       
PG09  -2209.691570 -21414.976195 -15604.367892    515.687445  5  3  5  83       
PG10  16442.575236  10764.938379  18259.067943   -263.010371  4  6  5  90       
PG11 -16667.049744   1089.733248 -20595.645190   -752.373715  4  5  6  70       
PG12 -20055.553506  10305.888281 -14291.411373   -562.532813  5  6  3  75       
PG13 -17211.386393  -4666.896764  19528.480075    692.409920  5  6  5  83       
PG14 -12571.028190 -13269.110840  19395.967553    573.762373  5  6  4 104       
PG15 -13699.053732   7834.090741  20858.209534    247.799448  4  5  5  68       
PG16  26724.563949   1402.300139  -1935.983214    -85.956402  1  4  5  75       
PG17 -12642.515613 -23180.193049   1894.927864    489.052011  5  7  4  97       
PG18  -3874.039196  23989.643367  10479.089852   -658.903612  4  5  5  78       
PG19 -17195.628366 -18659.709516  -8703.496512    582.283119  7  9  7  86       
PG20 -24760.750622   -101.135956  -9341.186005    367.334844  4  4  5  77       
PG21  16147.898554 -14749.616038  14611.704492     99.991030  5  5  2  53       
PG22 -19060.259342 -10756.333579  15211.606359    -90.511066  6  6  3 107       
PG23   1082.047297  14728.225581  22114.855442    397.411696  3  5  7  81       
PG24 -14476.830520  19539.615215   9722.924877   -467.259070  4  2  4  98       
PG25  -6854.818006  15614.083834 -20661.534513    497.226832  1  4  4  86       
PG26  23127.838340   5426.005707 -12451.651916    -35.266777  4  4  4  93       
PG27  19309.400177   6703.858266  16884.238343    -33.456747  4  6  6  75       
PG28   9780.093290  13636.295550 -20602.463399   -526.964394  3  6  4  54       
PG29    528.136567  21646.794195 -15343.606744   -550.012574  4  6  5  57       
PG30  -4793.127194 -19704.237372  17166.724820   -246.339729  5  7  6  62       
PG31  15269.063625   3804.654310 -21674.383303   -218.576299  4  3  5  84       
PG32  16563.980426  20779.622546  -2081.813515   -547.441087  6  7  5  46       
*  2025  1  4 21  0  0.00000000
PG01  15812.974966 -19807.075042   7946.739047 999999.999999 10  7  4           
PG02  14094.341255 -19283.421749  11653.224446   -275.677312  6  5  2  25       
PG03  18728.283870 -12279.819327 -14353.020161    639.564756  4  5  5  95       
PG04   7892.016150 -13879.885272 -21180.724339    506.894345  7  3  5  87       
PG05 -26071.390507   5255.758647     33.742968   -198.061004  4  3  4  94       
PG06  -9038.331967 -13805.598358 -20710.023741    -95.202395  5  6  4 102       
PG07   5298.502926 -25208.627097   5940.354335    -13.888400  6  4  4  70       
PG08  16406.186819  -3495.562569  20558.266193    454.028681  5  6  7  96       
PG09   -916.004296 -20042.359652 -17463.853065    515.701253  6  3  6  90       
PG10  14349.455488  11075.794862  19765.107744   -263.024761  3  6  5  92       
PG11 -15675.963843  -1106.907078 -21362.404831   -752.373165  4  5  6  69       
PG12 -21527.584597  10177.887230 -12009.416024   -562.535033  5  6  3  78       
PG13 -18162.421889  -6637.699944  18080.825992    692.411264  6  5  5  83       
PG14 -10321.322842 -13590.194444  20452.987190    573.768976  5  5  4  91       
PG15 -15421.883482   6067.105112  20263.364042    247.803820  4  5  5  77       
PG16  26394.089497   1629.820754  -4731.183596    -85.947900  1  4  5  64       
PG17 -12247.666610 -23037.009860   4739.900980    489.036425  5  7  4  91       
PG18  -4500.204374  24858.154896   7849.537427   -658.902698  5  4  5  87       
PG19 -17446.005398 -19460.622681  -6030.090082    582.287102  7  9  6 101       
PG20 -23658.825066   -694.970397 -11830.323748    367.334918  4  4  5  79       
PG21  15826.456067 -12994.346336  16644.078579     99.992530  5  5  2  50       
PG22 -17266.796618 -10987.731205  17142.716720    -90.513069  6  6  3 101       
PG23  -1397.790219  15060.682273  21851.177253    397.418493  3  4  6  86       
PG24 -14384.446393  18172.443242  12138.052384   -467.255769  4  3  4 109       
PG25  -9091.411167  15808.145560 -19581.006188    497.226329  1  5  5  90       
PG26  21693.323723   5965.061640 -14596.394788    -35.280201  3  4  3  95       
PG27  20309.939748   8278.943444  14975.539972    -33.456338  5  6  6  83       
PG28   8849.363382  15732.442581 -19498.688054   -526.973288  3  6  4  77       
PG29   -605.978143  20162.964321 -17259.621047   -550.009422  4  6  5  60       
PG30  -3861.381237 -21319.169405  15335.271636   -246.332174  5  7  7  68       
PG31  14258.333823   6022.313610 -21829.315573   -218.575466  4  3  5  96       
PG32  16440.827880  20998.623458    767.086054   -547.435111  6  7  5  90       
*  2025  1  4 21 15  0.00000000
PG01  15596.519964 -18746.813437  10529.264338 999999.999999 10  7  7           
PG02  13939.275258 -17863.545803  13997.635467   -275.669301  6  5  1  46       
PG03  20214.809868 -12396.577544 -12008.946702    639.571792  4  5  4  89       
PG04   9459.261922 -11986.118884 -21701.950959    506.899711  7  2  4  85       
PG05 -25982.351228   5018.625801  -2839.353816   -198.062036  4  3  4  84       
PG06  -8154.275489 -15943.153295 -19500.255946    -95.226997  5  6  4  88       
PG07   5745.501179 -25546.450606   3143.497010    -13.887659  6  4  4  71       
PG08  17912.274210  -1737.811429  19546.363291    454.036044  5  6  7  89       
PG09    574.791735 -18595.170229 -19024.138231    515.715062  6  4  6  81       
PG10  12128.364966  11532.475786  20940.747095   -263.039251  3  6  5  89       
PG11 -14776.989942  -3413.378943 -21759.921734   -752.372639  5  5  6  80       
PG12 -22739.526004  10096.848444  -9523.275347   -562.536807  5  6  3  76       
PG13 -19120.695449  -8396.114228  16318.962085    692.412261  6  4  5  89       
PG14  -7990.333183 -14038.687871  21161.103174    573.775573  5  5  5 100       
PG15 -17156.375438   4444.258322  19304.357588    247.807793  5  5  5  80       
PG16  25770.263225   1899.945626  -7447.704625    -85.939673  1  3  5  79       
PG17 -11659.119230 -22658.668266   7502.939261    489.021016  5  6  5  90       
PG18  -4969.805960  25472.081465   5083.260155   -658.901708  5  3  4  64       
PG19 -17567.284649 -19995.193874  -3255.909055    582.291154  7  8  6 106       
PG20 -22334.352711  -1439.153883 -14113.562261    367.334452  4  5  5  53       
PG21  15539.769695 -11026.646976  18384.470014     99.993519  5  5  3  78       
PG22 -15292.177470 -11327.649885  18783.356240    -90.514928  6  6  4 100       
PG23  -3807.526337  15520.278747  21212.163935    397.425358  3  4  6  80       
PG24 -14291.530191  16543.701820  14334.622746   -467.252481  4  3  4 104       
PG25 -11182.716595  16088.281542 -18170.927528    497.225865  2  5  5  89       
PG26  20068.225440   6631.019640 -16497.108347    -35.293637  3  4  4  89       
PG27  21239.473207   9620.143999  12809.013491    -33.455925  5  7  6  74       
PG28   8073.985809  17737.686462 -18059.796108   -526.982257  2  6  3  70       
PG29  -1933.826959  18579.814334 -18878.225777   -550.006449  5  6  4  44       
PG30  -3081.125169 -22770.321747  13239.445152   -246.324668  6  7  7  59       
PG31  13363.530838   8289.642118 -21616.958355   -218.574726  4  3  5  86       
PG32  16122.036492  20980.003007   3602.982767   -547.429177  6  7  5  91       
*  2025  1  4 21 30  0.00000000
PG01  15335.830042 -17412.885104  12930.618500 999999.999999 11  8  8           
PG02  13808.872314 -16196.441401  16103.167977   -275.661164  6  5  1  68       
PG03  21424.268306 -12530.748020  -9458.686150    639.578819  4  5  4  81       
PG04  11148.873740 -10150.890823 -21848.712355    506.905056  7  2  3  84       
PG05 -25597.518319   4685.970222  -5663.894648   -198.063039  5  4  4  88       
PG06  -7437.631086 -17977.174639 -17951.706443    -95.251622  5  6  4 101       
PG07   6090.543212 -25596.559487    291.431080    -13.887065  6  3  4  56       
PG08  19406.720495   -154.799134  18198.446178    454.043409  6  7  7  98       
PG09   2250.454231 -17117.465021 -20258.850881    515.728878  6  5  6  92       
PG10   9826.346871  12142.783432  21765.885364   -263.053709  3  5  5  89       
PG11 -13993.495543  -5786.071721 -21781.481926   -752.372074  5  5  6  93       
PG12 -23670.834918  10027.705908  -6874.731075   -562.539221  5  5  3  93       
PG13 -20045.457836  -9921.315406  14274.428144    692.413323  6  3  5  85       
PG14  -5624.454991 -14616.082586  21507.615634    573.782183  4  5  5  93       
PG15 -18859.448578   2986.724583  17999.543809    247.812048  5  4  5  80       
PG16  24869.976347   2246.883604 -10040.736364    -85.930927  1  3  5  85       
PG17 -10856.898696 -22078.923471  10136.936137    489.005857  5  6  5  96       
PG18  -5311.843002  25804.264818   2228.359970   -658.900758  5  3  3  64       
PG19 -17523.501321 -20275.809640   -427.273551    582.295092  7  8  6 115       
PG20 -20825.531708  -2350.660464 -16151.126301    367.334153  4  5  5  95       
PG21  15320.028723  -8881.248195  19805.578440     99.995026  5  5  3  92       
PG22 -13178.058330 -11793.764293  20107.217092    -90.516989  6  6  4 108       
PG23  -6100.475439  16088.279519  20208.076591    397.432177  3  4  5  76       
PG24 -14231.591316  14677.193293  16272.507195   -467.249187  3  3  4 102       
PG25 -13092.133468  16428.385594 -16453.808805    497.225345  3  5  5  87       
PG26  18290.119878   7438.093970 -18121.807203    -35.307087  3  4  4  75       
PG27  22056.805629  10722.996966  10423.075727    -33.455511  5  7  6  73       
PG28   7448.975106  19606.013693 -16310.474329   -526.991243  2  6  3  60       
PG29  -3448.292538  16943.216933 -20171.906377   -550.003285  5  6  4  74       
PG30  -2438.232500 -24018.782930  10914.728126   -246.317122  6  7  8  55       
PG31  12598.743638  10561.594940 -21039.749289   -218.574161  4  3  5  78       
PG32  15583.002950  20752.252684   6377.875473   -547.423211  6  7  5  94       
*  2025  1  4 21 45  0.00000000
PG01  15069.358405 -15819.278436  15109.508719 999999.999999 11  8  9           
PG02  13736.905737 -14310.626521  17935.606156   -275.652898  6  4  1  61       
PG03  22340.562507 -12642.639364  -6745.664659    639.585838  4  5  4  93       
PG04  12928.977071  -8412.218693 -21618.943970    506.910398  6  2  3  98       
PG05 -24937.433964   4224.687588  -8391.752364   -198.064164  5  4  5  82       
PG06  -6880.945289 -19859.388539 -16091.149587    -95.276242  5  6  5  86       
PG07   6367.112547 -25344.018001  -2565.739144    -13.886692  6  3  4  90       
PG08  20847.529926   1237.317887  16538.925770    454.050784  6  7  8  88       
PG09   4090.753703 -15651.474489 -21147.209679    515.742697  6  5  6 106       
PG10   7491.950092  12906.204284  22226.073569   -263.068173  2  5  5  80       
PG11 -13341.393604  -8177.972243 -21426.892418   -752.371546  6  5  6  95       
PG12 -24309.131342   9933.057795  -4108.559061   -562.540932  5  5  4  56       
PG13 -20894.370563 -11201.183141  11983.467019    692.414561  6  3  5  90       
PG14  -3270.337605 -15316.041026  21485.924815    573.788773  4  5  5  87       
PG15 -20486.634772   1707.528363  16373.559659    247.816091  5  4  5  82       
PG16  23717.441666   2701.205597 -12467.687363    -85.922665  1  3  5  87       
PG17  -9828.398695 -21336.169926  12597.485652    488.990537  5  6  5  58       
PG18  -5560.050403  25835.465755   -665.414943   -658.899801  5  2  3 100       
PG19 -17282.723016 -20322.307064   2408.505022    582.299362  7  7  6 107       
PG20 -19174.798757  -3438.971966 -17907.560990    367.333888  4  5  5  80       
PG21  15193.530188  -6598.323011  20886.200735     99.995931  6  5  3  93       
PG22 -10969.285729 -12396.464622  21093.442591    -90.518686  6  7  4  79       
PG23  -8234.244159  16738.655127  18855.511244    397.439009  4  4  5  88       
PG24 -14234.267739  12604.509262  17916.322715   -467.245876  3  4  4  44       
PG25 -14788.792597  16797.024274 -14457.465510    497.224908  4  5  5  54       
PG26  16399.794987   8393.514020 -19442.936496    -35.320513  3  4  4 106       
PG27  22722.266922  11591.607518   7859.481415    -33.455032  6  7  6 108       
PG28   6961.549205  21294.329765 -14280.747425   -527.000220  2  6  3  91       
PG29  -5133.927648  15298.188070 -21118.798382   -550.000133  6  6  4 101       
PG30  -1912.064702 -25030.459704   8400.791186   -246.309620  6  6  8  95       
PG31  11970.402032  12791.418366 -20106.200396   -218.573488  4  3  4 101       
PG32  14805.897477  20349.193243   9045.013025   -547.417293  5  7  4  86       
*  2025  1  4 22  0  0.00000000
PG01  14833.250546 -13988.234428  17028.478341 999999.999999 11  9 10           
PG02  13752.142794 -12241.046682  19465.693737   -275.644672  6  4  2  80       
PG03  22956.601341 -12691.313534  -3916.311375    639.592878  4  5  4  99       
PG04  14761.993015  -6802.230258 -21017.074089    506.915757  6  2  4  86       
PG05 -24030.104094   3606.472884 -10976.620315   -198.065317  6  5  5  79       
PG06  -6468.586033 -21545.058135 -13950.854725    -95.300883  5  6  5  95       
PG07   6610.969138 -24782.721415  -5377.156338    -13.885843  6  3  5  64       
PG08  22191.971585   2430.603495  14597.310994    454.058101  7  6  8  96       
PG09   6068.074359 -14236.052434 -21674.349855    515.756498  6  5  6 104       
PG10   5173.586191  13813.802744  22312.777445   -263.082640  2  5  5  83       
PG11 -12828.594652 -10540.298661 -20702.472243   -752.371036  6  6  6  76       
PG12 -24650.624964   9774.757973  -1271.854819   -562.543027  6  5  4  97       
PG13 -21625.188555 -12232.511181   9486.330034    692.415718  6  3  5  83       
PG14   -973.284795 -16124.541741  21095.687263    573.795372  4  5  5  82       
PG15 -21993.793114    611.277843  14456.742891    247.820276  5  4  5  90       
PG16  22343.315129   3288.563179 -14688.784894    -85.914065  1  2  5  72       
PG17  -8568.977017 -20471.858625  14843.578093    488.975188  5  6  4  93       
PG18  -5751.371424  25555.160410  -3547.570299   -658.898829  5  2  3  74       
PG19 -16818.390676 -20161.125199   5203.847970    582.303620  7  7  5 122       
PG20 -17427.233279  -4705.510991 -19352.368614    367.333796  4  5  4  89       
PG21  15179.713671  -4222.025111  21611.358768     99.997177  6  5  3  95       
PG22  -8712.349145 -13138.414706  21726.857752    -90.520822  5  7  4  94       
PG23 -10172.191265  17439.079400  17177.161150    397.445799  4  4  4  64       
PG24 -14323.967405  10363.936371  19236.189566   -467.242527  3  4  4 101       
PG25 -16248.594756  17158.660422 -12214.657654    497.224404  4  5  5  71       
PG26  14439.849241   9497.078259 -20437.817837    -35.333961  3  4  4  76       
PG27  23199.247103  12238.211623   5162.563028    -33.454484  6  7  6  87       
PG28   6591.779314  22763.998609 -12005.467217   -527.009203  2  6  3  86       
PG29  -6967.384897  13687.231284 -21703.035614   -549.997001  6  5  4  77       
PG30  -1476.439646 -25777.372018   5740.834972   -246.302162  6  6  8  84       
PG31  11477.076157  14932.234644 -18830.845972   -218.572538  4  3  4  76       
PG32  13780.468734  19808.571718  11559.631676   -547.411284  5  7  4  91       
*  2025  1  4 22 15  0.00000000
PG01  14659.837015 -11949.554612  18654.548596 999999.999999 11  9 11           
PG02  13877.218434 -10027.850130  20669.481339   -275.636733  6  4  2  72       
PG03  23274.490545 -12636.325912  -1019.278082    639.599956  5  5  4 103       
PG04  16605.970062  -5346.088822 -20053.915243    506.921120  5  3  4  86       
PG05 -22909.893718   2809.078205 -13374.766165   -198.065932  6  5  5  90       
PG06  -6177.513387 -22994.615319 -11568.013997    -95.325529  5  6  5  94       
PG07   6858.517350 -23915.823698  -8092.197545    -13.885419  6  3  4  76       
PG08  23398.163261   3425.386527  12407.639761    454.065427  7  6  8  86       
PG09   8148.298409 -12905.271765 -21831.549896    515.770281  6  5  6  89       
PG10   2917.886927  14848.432602  22023.562982   -263.097057  2  5  5  82       
PG11 -12454.783664 -12824.204957 -19620.929097   -752.370473  7  6  6  87       
PG12 -24700.228324   9515.561798   1586.740576   -562.545173  6  5  4  75       
PG13 -22197.433110 -13020.873148   6826.529924    692.417027  6  3  5  79       
PG14   1224.298663 -17020.332449  20342.870339    573.801993  3  4  5  92       
PG15 -23338.799082   -305.741828  12284.441212    247.824262  5  3  5  86       
PG16  20783.608236   4028.593354 -16667.629977    -85.905482  2  2  5  75       
PG17  -7082.242431 -19528.839244  16838.210504    488.959789  4  6  4  83       
PG18  -5924.301125  24962.003286  -6367.784315   -658.897876  5  2  3  33       
PG19 -16110.479052 -19824.220260   7911.646839    582.307795  6  6  5 128       
PG20 -15628.870450  -6143.398632 -20460.551594    367.333374  5  5  5  91       
PG21  15290.503107  -1798.928581  21972.304305     99.998521  6  5  4  85       
PG22  -6453.802461 -14014.407534  21998.112497    -90.522676  5  7  4  86       
PG23 -11884.674757  18152.191941  15201.467719    397.452584  4  4  3  69       
PG24 -14518.743119   7999.076971  20208.361231   -467.239156  3  4  4 105       
PG25 -17455.014183  17475.062602  -9762.636389    497.223891  5  5  4  64       
PG26  12453.228346  10740.984112 -21089.033846    -35.347383  4  4  5  79       
PG27  23455.604138  12682.444668   2378.458667    -33.453941  7  7  7  64       
PG28   6313.523722  23982.221847  -9523.718402   -527.018189  2  6  3  55       
PG29  -8918.154362  12148.797247 -21914.993259   -549.993946  7  5  4  82       
PG30  -1100.832112 -26238.731707   2980.852297   -246.294680  6  6  8  75       
PG31  11109.579762  16938.657164 -17234.095720   -218.571992  4  3  4  73       
PG32  12504.568643  19170.534607  13879.649813   -547.405334  4  7  3  83       
*  2025  1  4 22 30  0.00000000
PG01  14576.285458  -9739.624439  19959.782652 999999.999999 11  9 11           
PG02  14127.766672  -7715.002826  21528.578970   -275.628811  6  3  2  73       
PG03  23305.377152 -12439.467423   1895.394752    639.607024  5  5  4  97       
PG04  18416.089208  -4061.200052 -18746.447488    506.926482  5  3  5  77       
PG05 -21616.201986   1817.334491 -15545.733748   -198.067273  7  5  5  99       
PG06  -5978.351468 -24175.099971  -8984.077522    -95.350176  5  7  5  92       
PG07   7145.117356 -22755.796903 -10661.500756    -13.884882  6  3  4  77       
PG08  24426.616409   4229.991600  10007.854462    454.072768  7  6  7  74       
PG09  10291.939946 -11687.217632 -21616.357675    515.784083  6  4  5  87       
PG10    768.119662  15985.263096  21362.199112   -263.111599  3  5  5  80       
PG11 -12211.529110 -14982.490322 -18201.124685   -752.369948  7  6  6  77       
PG12 -24471.346028   9120.762974   4417.863714   -562.547286  6  5  4  88       
PG13 -22573.990603 -13580.156431   4050.057518    692.418146  6  3  5  87       
PG14   3284.355735 -17975.677374  19239.700925    573.808556  3  4  5  90       
PG15 -24483.136626  -1055.129477   9896.237662    247.828114  5  3  5  77       
PG16  19078.429053   4934.044114 -18371.705490    -85.896872  3  2  5  79       
PG17  -5380.030138 -18549.690964  18548.908654    488.944337  4  6  4  86       
PG18  -6117.168928  24063.937110  -9076.825302   -658.896948  5  3  3  81       
PG19 -15146.433442 -19347.780852  10486.006992    582.311435  6  6  5 125       
PG20 -13824.990785  -7737.546968 -21213.051096    367.332780  5  4  5  85       
PG21  15529.963230    623.568389  21966.418618     99.999596  6  5  4  89       
PG22  -4238.708540 -15011.516923  21903.742318    -90.524705  5  7  5  91       
PG23 -13350.035705  18837.079034  12962.162964    397.459379  4  4  2  52       
PG24 -14829.453971   5557.246721  20815.706944   -467.235808  3  4  4 109       
PG25 -18399.631723  17706.852032  -7142.598034    497.223388  5  5  4  82       
PG26  10481.750046  12109.942978 -21384.745339    -35.360827  5  5  5  74       
PG27  23464.895992  12950.351511   -445.658875    -33.453448  7  7  7  67       
PG28   6095.609149  24923.204875  -6878.150657   -527.027174  3  7  3  73       
PG29 -10949.579684  10715.916325 -21751.423826   -549.990982  7  5  4  85       
PG30   -751.760585 -26401.758306    168.822366   -246.287153  7  6  8  74       
PG31  10851.379577  18768.377687 -15341.988839   -218.571390  5  3  3  82       
PG32  10984.380884  18476.033596  15966.312970   -547.399399  3  7  3  80       
*  2025  1  4 22 45  0.00000000
PG01  14603.464292  -7400.189279  20921.762646 999999.999999 11  9 11           
PG02  14511.832096  -5348.795800  22030.319693   -275.620272  6  3  3  82       
PG03  23068.949303 -12066.439244   4777.151507    639.614075  5  5  5 103       
PG04  20146.284004  -2956.727994 -17117.499289    506.931784  4  4  5  76       
PG05 -20191.968171    623.900862 -17452.984323   -198.067782  7  5  5  87       
PG06  -5836.717901 -25061.349192  -6244.009073    -95.374833  4  7  6  98       
PG07   7503.415373 -21324.106983 -13038.002264    -13.884132  5  4  4  83       
PG08  25241.686154   4860.173204   7439.134732    454.080154  7  5  7  86       
PG09  12455.485672 -10603.021816 -21032.615495    515.797922  5  4  4  81       
PG10  -1237.282624  17192.605867  20338.672180   -263.126113  3  5  5  65       
PG11 -12082.718500 -16971.247700 -16467.733806   -752.369454  7  6  6  87       
PG12 -23985.342130   8559.756391   7172.288299   -562.549465  6  5  4  82       
PG13 -22722.577152 -13931.788970   1204.577621    692.419082  7  2  5  81       
PG14   5174.465130 -18957.373673  17804.505617    573.815152  2  3  5  85       
PG15 -25393.328724  -1655.612317   7335.117563    247.832207  5  3  5  66       
PG16  17270.593971   6010.148468 -19772.835796    -85.888367  4  2  5  78       
PG17  -3482.074409 -17575.103136  19948.159572    488.929693  4  6  3  80       
PG18  -6366.431251  22877.944408 -11627.448618   -658.895986  5  4  3  62       
PG19 -13921.846051 -18770.786900  12882.988829    582.315666  6  6  5 123       
PG20 -12058.454636  -9465.082619 -21597.073311    367.332712  6  4  5  86       
PG21  15894.265995   2998.818027  21597.024642    100.000906  6  5  4  73       
PG22  -2109.158756 -16109.534760  21446.151344    -90.526398  5  7  5  90       
PG23 -14555.277921  19450.916530  10497.708903    397.466183  4  5  2  75       
PG24 -15259.251766   3087.722565  21048.032981   -467.232452  4  4  4 109       
PG25 -19082.370652  17815.131052  -4399.047937    497.222831  5  5  3  61       
PG26   8564.668713  13581.580305 -21318.934940    -35.374220  6  5  5  51       
PG27  23207.396554  13073.180748  -3262.340865    -33.452988  7  6  7  63       
PG28   5903.213599  25569.064915  -4114.248222   -527.036185  3  6  3  87       
PG29 -13020.112956   9415.054665 -21215.485694   -549.988236  8  5  4  58       
PG30   -394.305628 -26262.195163  -2646.148257   -246.279681  7  6  8  83       
PG31  10679.301827  20383.665993 -13185.846131   -218.570613  5  3  4  62       
PG32   9234.347124  17765.221487  17784.783132   -547.393463  3  8  3  82       
*  2025  1  4 23  0  0.00000000
PG01  14755.062007  -4976.929617  21523.971860 999999.999999 11  9 12           
PG02  15029.573681  -2976.298193  22167.841080   -275.612148  6  3  3  83       
PG03  22592.607584 -11488.391924   7575.818694    639.621154  5  5  5 100       
PG04  21750.913296  -2033.435932 -15195.333210    506.937077  4  4  6  86       
PG05 -18682.064906   -770.284412 -19064.469884   -198.068893  8  5  5  79       
PG06  -5714.756529 -25636.889229  -3395.477212    -95.399525  4  7  6 108       
PG07   7961.770800 -19650.509492 -15177.953031    -13.883857  5  4  4  89       
PG08  25812.875676   5338.280266   4745.199486    454.087610  7  5  7  86       
PG09  14592.892478  -9666.173109 -20090.384755    515.811715  5  4  4  80       
PG10  -3066.022447  18433.018346  18969.107025   -263.140568  3  5  5  78       
PG11 -12045.301981 -18751.388457 -14450.804042   -752.368908  7  5  6  85       
PG12 -23270.700703   7807.462655   9801.805686   -562.551298  6  5  4  87       
PG13 -22617.016242 -14103.694472  -1661.381576    692.420126  7  2  5  88       
PG14   6868.917642 -19928.000773  16061.441628    573.821802  2  3  5  83       
PG15 -26042.152047  -2132.016012   4646.601850    247.836286  5  3  5  85       
PG16  15404.155690   7254.267249 -20847.596022    -85.879546  5  2  5  70       
PG17  -1415.397156 -16642.362344  21013.755727    488.914072  4  6  3  85       
PG18  -6705.044747  21429.450888 -13975.253904   -658.895032  6  5  3  58       
PG19 -12440.843233 -18133.462208  15061.337260    582.319848  5  6  5 123       
PG20 -10368.147686 -11296.083999 -21606.298045    367.332770  6  4  5  90       
PG21  16371.951916   5282.423738  20873.128596    100.002658  6  5  4  78       
PG22   -102.915409 -17281.674666  20633.522460    -90.528420  6  6  5  95       
PG23 -15496.414094  19950.710617   7850.641959    397.472975  4  5  2  63       
PG24 -15803.414159    639.921502  20902.235550   -467.229082  4  5  4 106       
PG25 -19511.418498  17763.131334  -1579.079493    497.222334  6  5  3  68       
PG26   6737.331056  15127.111072 -20891.570725    -35.387674  6  5  5  83       
PG27  22670.864396  13086.011703  -6024.600046    -33.452592  7  6  8  77       
PG28   5699.396759  25910.445923  -1279.549295   -527.045162  3  6  4  73       
PG29 -15084.760142   8265.235404 -20316.665646   -549.985184  8  5  4  69       
PG30      6.301702 -25824.500932  -5414.720889   -246.272205  7  6  8  75       
PG31  10564.515333  21752.723260 -10801.819035   -218.569970  5  3  4  65       
PG32   7276.795175  17075.895379  19304.667185   -547.387525  3  8  3  73       
*  2025  1  4 23 15  0.00000000
PG01  15036.996217  -2517.889642  21756.075813 999999.999999 11  9 12           
PG02  15673.263393   -643.808461  21940.091122   -275.603953  5  3  4  87       
PG03  21910.337770 -10683.264955  10242.508645    639.628229  6  6  5  99       
PG04  23186.423083  -1283.855286 -13013.144831    506.942428  5  5  6  84       
PG05 -17131.638210  -2355.866377 -20353.132365   -198.070045  8  5  5  78       
PG06  -5572.810785 -25894.495087   -487.998308    -95.424203  3  7  6  99       
PG07   8542.856469 -17771.988292 -17041.880713    -13.883232  5  5  3  79       
PG08  26115.950551   5692.186636   1971.589019    454.095050  8  4  7  80       
PG09  16657.186421  -8882.128157 -18805.772131    515.825540  4  3  4  80       
PG10  -4693.020024  19664.648699  17275.590107   -263.155065  3  4  4  83       
PG11 -12070.313648 -20289.985252 -12185.224581   -752.368368  7  5  6  97       
PG12 -22361.907630   6845.553569  12260.109298   -562.553155  6  5  4  81       
PG13 -22238.284763 -14129.020447  -4499.232553    692.421403  7  3  5  85       
PG14   8349.537185 -20847.356558  14040.119640    573.828389  2  3  5  81       
PG15 -26409.593441  -2514.012303   1877.869918    247.840407  5  4  5  78       
PG16  13522.895223   8655.813262 -21577.668690    -85.871392  6  3  5  90       
PG17    786.560064 -15783.996357  21729.053350    488.898901  4  6  2  80       
PG18  -7160.987162  19751.405299 -16079.484639   -658.894057  6  5  3  73       
PG19 -10716.164077 -17475.675610  16983.188967    582.324019  5  6  4 129       
PG20  -8787.598450 -13194.602233 -21240.966967    367.331852  6  4  5 101       
PG21  16944.462994   7433.621799  19809.106237    100.003760  5  5  5  73       
PG22   1747.779901 -18495.515342  19479.658654    -90.530474  6  6  5  96       
PG23 -16178.462143  20295.067237   5066.832986    397.479709  5  5  2  80       
PG24 -16449.528511  -1738.407197  20382.285048   -467.225726  5  5  4 112       
PG25 -19702.829995  17517.816231   1268.423170    497.221797  6  5  2  93       
PG26   5029.972531  16712.271313 -20108.683487    -35.401124  7  5  6  81       
PG27  21851.042273  13026.266047  -8686.619541    -33.452221  7  6  8  75       
PG28   5446.718136  25946.816497   1577.171416   -527.054060  3  6  4  93       
PG29 -17096.662070   7277.456246 -19070.598215   -549.981787  8  4  5  81       
PG30    483.087120 -25101.704882  -8088.237204   -246.264751  7  6  8  72       
PG31  10473.758995  22850.833625  -8230.336870   -218.569098  5  3  4  87       
PG32   5141.283137  16442.041923  20500.479975   -547.381609  3  7  4  85       
*  2025  1  4 23 30  0.00000000
PG01  15447.135344    -71.818939  21614.097779 999999.999999 10  8 12           
PG02  16427.573032   1604.645827  21351.764833   -275.595926  5  3  4  83       
PG03  21061.327674  -9636.869873  12730.511258    639.635386  6  6  6 106       
PG04  24412.934859   -692.773327 -10608.484354    506.947753  6  5  6  56       
PG05 -15584.454908  -4115.253168 -21297.323657   -198.071385  8  5  5 101       
PG06  -5371.169517 -25836.396523   2427.951139    -95.448878  3  6  6 109       
PG07   9262.501623 -15731.379912 -18595.464257    -13.882390  5  5  3  82       
PG08  26133.826351   5954.029975   -835.063027    454.102422  8  4  7  73       
PG09  18602.104093  -8248.236221 -17200.660219    515.839333  4  3  3  91       
PG10  -6101.232741  20842.777505  15285.891021   -263.169497  3  4  4  68       
PG11 -12124.129579 -21561.382421  -9710.114145   -752.367833  7  5  6  97       
PG12 -21298.094109   5663.424217  14503.664098   -562.555383  6  5  4  95       
PG13 -21575.292494 -14044.690348  -7261.114434    692.422253  7  4  5  84       
PG14   9606.212172 -21674.025904  11775.122208    573.834998  2  3  4  81       
PG15 -26483.518892  -2834.702772   -923.107405    247.844498  6  4  5  92       
PG16  11668.827021  10196.461309 -21950.144641    -85.862806  6  3  5 100       
PG17   3085.025839 -15026.618312  22083.148249    488.883464  5  6  3  87       
PG18  -7755.986209  17883.073967 -17903.753760   -658.893094  6  6  4  76       
PG19  -8768.921082 -16835.349068  18614.745881    582.328193  4  6  4 129       
PG20  -7343.821285 -15119.924370 -20507.851520    367.331884  6  4  6  96       
PG21  17586.917540   9416.505739  18424.346675    100.005116  5  4  5  80       
PG22   3417.194643 -19714.150221  18003.759053    -90.532265  6  6  5  95       
PG23 -16615.089689  20445.918643   2194.676102    397.486455  5  5  2  74       
PG24 -17178.012974  -4002.896204  19499.047976   -467.222359  5  5  4 116       
PG25 -19679.819260  17051.370516   4093.646786    497.221305  6  4  2  82       
PG26   3466.700419  18298.476753 -18982.351526    -35.414673  7  5  6  77       
PG27  20751.874851  12932.157934 -11204.427581    -33.451831  7  6  8  80       
PG28   5108.879562  25686.439115   4406.742857   -527.063060  4  6  4  89       
PG29 -19008.751410   6454.423326 -17498.786046   -549.978756  9  4  5  93       
PG30   1065.803094 -24114.928818 -10619.628622   -246.257286  8  6  8  75       
PG31  10370.770333  23661.264140  -5515.456421   -218.568556  5  3  5  74       
PG32   2863.682762  15892.535643  21352.037902   -547.375669  3  7  4  72       
*  2025  1  4 23 45  0.00000000
PG01  15975.343714   2313.509769  21100.485894 999999.999999 10  8 12           
PG02  17270.134623   3728.712421  20413.176974   -275.587763  5  3  5  68       
PG03  20088.382116  -8343.669775  14996.154847    639.642522  6  7  6 107       
PG04  25395.701115   -238.018741  -8022.611198    506.953082  7  5  5  78       
PG05 -14081.317235  -6023.105858 -21881.142273   -198.072202  8  5  4  91       
PG06  -5071.814395 -25474.123671   5301.834980    -95.473562  2  6  6 109       
PG07  10128.836164 -13575.743795 -19810.290388    -13.881747  4  5  2  71       
PG08  25857.201352   6158.806820  -3627.759042    454.109790  7  4  7  75       
PG09  20383.715929  -7753.979889 -15302.346659    515.853148  5  3  3  84       
PG10  -7282.176192  21921.502447  13033.080277   -263.183938  4  3  4  65       
PG11 -12169.912604 -22548.032457  -7068.139270   -752.367318  6  5  6 102       
PG12 -20121.493594   4258.866482  16492.541197   -562.557429  6  6  4  97       
PG13 -20625.370419 -13889.835871  -9900.650810    692.423400  8  4  5 100       
PG14  10637.113838 -22367.020672   9305.423844    573.841511  2  4  4  95       
PG15 -26260.038875  -3129.100728  -3708.407296    247.848367  6  4  5  77       
PG16   9880.766508  11850.640378 -21957.764324    -85.853893  7  4  6  94       
PG17   5437.169845 -14390.006554  22070.972836    488.868153  6  6  4  79       
PG18  -8504.507796  15868.599781 -19416.681222   -658.892149  7  6  4  64       
PG19  -6628.044840 -16246.932647  19926.902374    582.332392  5  6  4 126       
PG20  -6056.428728 -17028.028112 -19420.103037    367.331501  6  4  6  77       
PG21  18269.092519  11201.062261  16742.864137    100.006638  5  4  5  82       
PG22   4886.859558 -20897.504371  16230.132443    -90.534262  6  6  5 110       
PG23 -16827.919187  20370.136327   -715.778239    397.493240  6  6  3  79       
PG24 -17962.945271  -6114.107565  18269.958660   -467.218977  6  5  5 108       
PG25 -19471.762771  16342.512508   6846.759295    497.220814  6  5  2  91       
PG26   2064.704307  19844.170475 -17530.587488    -35.428110  7  5  6  83       
PG27  19385.441363  12841.136846 -13536.533641    -33.451456  7  6  8  86       
PG28   4652.327629  25146.011762   7160.445870   -527.072023  4  6  4  83       
PG29 -20775.423615   5790.609452 -15628.226673   -549.975551  9  4  6  82       
PG30   1779.526747 -22892.593008 -12964.301679   -246.249784  8  6  7  70       
PG31  10217.861719  24175.871487  -2704.121283   -218.567618  6  2  5  85       
PG32    485.033736  15450.036082  21844.779231   -547.369759  4  7  4  88       
EOF
