#cP2025  1  3  0  0  0.00000000      96 ORBIT IGS20 HLM  IGS
## 2347 432000.00000000   900.00000000 60678 0.0000000000000
+   32   G01G02G03G04G05G06G07G08G09G10G11G12G13G14G15G16G17
+        G18G19G20G21G22G23G24G25G26G27G28G29G30G31G32  0  0
+          0  0  0  0  0  0  0  0  0  0  0  0  0  0  0  0  0
+          0  0  0  0  0  0  0  0  0  0  0  0  0  0  0  0  0
+          0  0  0  0  0  0  0  0  0  0  0  0  0  0  0  0  0
++         5  2  2  2  2  1  1  2  1  2  2  2  2  2  2  2  2
++         2  2  2  2  2  2  2  2  2  2  2  2  1  2  4  0  0
++         0  0  0  0  0  0  0  0  0  0  0  0  0  0  0  0  0
++         0  0  0  0  0  0  0  0  0  0  0  0  0  0  0  0  0
++         0  0  0  0  0  0  0  0  0  0  0  0  0  0  0  0  0
%c G  cc GPS ccc cccc cccc cccc cccc ccccc ccccc ccccc ccccc
%c cc cc ccc ccc cccc cccc cccc cccc ccccc ccccc ccccc ccccc
%f  1.2500000  1.025000000  0.00000000000  0.000000000000000
%f  0.0000000  0.000000000  0.00000000000  0.000000000000000
%i    0    0    0    0      0      0      0      0         0
%i    0    0    0    0      0      0      0      0         0
/* FINAL ORBIT COMBINATION FROM WEIGHTED AVERAGE OF:        
/* cod emr esa gfz grg jgx jpl mit ngs sio                  
/* REFERENCED TO IGS TIME (IGST) AND TO WEIGHTED MEAN POLE: 
/* PCV:IGS20      OL/AL:FES2014b NONE     Y  ORB:CMB CLK:CMB
*  2025  1  3  0  0  0.00000000
PG01  16253.997906   3395.285399  20737.899901 999999.999999  7  5  1           
PG02  17675.739081   4646.227052  19873.127712   -277.144197  7 10  6  98       
PG03  19622.107466  -7697.060462  15925.217759    638.287928  6  7  8  82       
PG04  25754.755498    -66.923992  -6796.361413    505.928544  7  6  1  90       
PG05 -13411.404629  -6949.079421 -22025.534069   -197.877719  8  5  5  93       
PG06  -4872.232038 -25210.582840   6611.583685    -90.754059  6  7  6  60       
PG07  10590.636210 -12543.317998 -20251.984530    -13.999954  6  6  7  79       
PG08  25627.721451   6253.273847  -4895.820157    452.702377  8  6  5  88       
PG09  21156.375582  -7547.014639 -14322.986664    513.210151  6  7  3 103       
PG10  -7747.012351  22366.953258  11928.758285   -260.435689 12  7  8  99       
PG11 -12190.425891 -22887.137160  -5846.824803   -752.461698  8  9  6  75       
PG12 -19551.794307   3521.379447  17318.104831   -562.168362  5  6  7  95       
PG13 -20095.402176 -13808.644602 -11054.110010    692.201317  4  5  7  91       
PG14  11037.486770 -22626.442759   8122.754650    572.581883  8  4  6  35       
PG15 -26055.615590  -3280.303945  -4976.968646    247.076187  8  7  8 103       
PG16   9103.001221  12627.717954 -21840.539144    -87.479175  8 10  5  70       
PG17   6486.068416 -14149.940701  21948.755371    491.788067  8  6  5  89       
PG18  -8908.296719  14902.765602 -20000.776342   -659.070703  8  5  6  68       
PG19  -5626.666457 -16004.202345  20404.819228    581.540136  7  3  7  60       
PG20  -5526.798363 -17876.964065 -18813.970725    367.383247  8  9  4  78       
PG21  18583.980736  11924.181220  15898.626399     99.737238  7  9  7 104       
PG22   5483.079718 -21411.425737  15336.037132    -90.163294  7  3  5  48       
PG23 -16852.276120  20259.512572  -2023.671244    396.193226  8  5  9 101       
PG24 -18331.723520  -7018.327631  17600.161992   -467.854083  6  9  7 107       
PG25 -19325.689163  15935.410737   8060.281287    497.312833  6  4  7 106       
PG26   1464.680311  20532.339593 -16757.326860    -32.865402  4  7  5  53       
PG27  18678.617129  12810.003437 -14527.525725    -33.528386  7  5  7  86       
PG28   4367.499429  24807.358410   8409.691851   -525.352655  8  7  8  94       
PG29 -21529.826002   5526.059584 -14675.619151   -550.551978  7  7  7  79       
PG30   2174.017483 -22255.229631 -13974.768306   -247.680204  8  4  7  92       
PG31  10135.054012  24305.143052  -1427.605376   -218.702987  6  7  5  63       
PG32   -657.320055  15283.612609  21949.416497 999999.999999 16 14 15           
*  2025  1  3  0 15  0.00000000
PG01  16919.617660   5611.840678  19698.041291 999999.999999  7 10  5           
PG02  18594.025367   6527.593991  18454.191406   -277.136033  7 10  6  96       
PG03  18549.915772  -6055.033230  17799.897840    638.295199  5  7  7  88       
PG04  26334.006256    240.830088  -4026.412625    505.933886  8  6  2  99       
PG05 -12035.552188  -9013.444844 -22066.942606   -197.878901  8  5  4  94       
PG06  -4368.878888 -24441.193169   9334.380476    -90.778840  5  6  5  31       
PG07  11667.869058 -10308.168068 -20933.142628    -13.999425  6  7  6  51       
PG08  24921.068958   6439.554521  -7584.803741    452.709794  8  5  5  86       
PG09  22626.899109  -7222.339715 -12053.978433    513.224061  6  7  3  85       
PG10  -8600.063463  23220.401023   9361.798805   -260.450086 11  7  8  96       
PG11 -12156.706085 -23448.550825  -3044.585818   -752.461259  7  8  6  93       
PG12 -18287.764158   1806.228548  18871.571901   -562.170176  6  6  7  97       
PG13 -18740.392490 -13621.675259 -13437.140133    692.202514  4  5  6  75       
PG14  11753.178166 -23056.077665   5432.231012    572.588489  7  4  6  54       
PG15 -25407.320693  -3599.173989  -7655.091393    247.080126  7  7  8  99       
PG16   7470.559877  14388.363973 -21317.086786    -87.470533  7  9  6  45       
PG17   8835.279558 -13709.020364  21409.504293    491.772612  8  6  4  81       
PG18  -9889.597903  12760.251158 -21014.274222   -659.069693  8  5  6  76       
PG19  -3270.420603 -15542.862410  21214.157528    581.544047  7  2  6  52       
PG20  -4485.255199 -19678.269885 -17246.618478    367.382655  8  9  4  85       
PG21  19262.268900  13381.668889  13838.256648     99.738314  7  8  7 100       
PG22   6645.406398 -22468.952197  13182.757339    -90.165439  8  3  6  37       
PG23 -16793.121412  19809.583395  -4899.419607    396.200013  8  5  9  99       
PG24 -19141.640715  -8849.011327  15911.213484   -467.850752  5  9  7 108       
PG25 -18910.708598  14851.824990  10621.719460    497.312369  5  4  7  92       
PG26    312.947644  21940.769114 -14874.218131    -32.878754  5  6  5  69       
PG27  16960.496472  12785.122627 -16521.761142    -33.528043  7  5  7  77       
PG28   3685.722106  23901.582631  10966.524388   -525.361689  8  7  8  88       
PG29 -23008.894376   5068.342587 -12427.398987   -550.548817  7  6  7  88       
PG30   3111.330063 -20751.645844 -15972.853109   -247.672727  7  3  7  79       
PG31   9843.837880  24395.428907   1436.054697   -218.702143  6  7  5  75       
PG32  -3102.176196  15022.160326  21902.031458 999999.999999 16 14 13           
*  2025  1  3  0 30  0.00000000
PG01  17647.315946   7664.351489  18319.470949 999999.999999  8 13  8           
PG02  19521.392930   8208.647518  16732.863321   -277.127755  6 10  6 102       
PG03  17462.962149  -4191.065244  19363.105365    638.302347  5  7  7  97       
PG04  26613.402465    489.079289  -1187.784931    505.939236  8  6  3  91       
PG05 -10782.658382 -11136.546824 -21734.698761   -197.879436  8  5  4  97       
PG06  -3691.818803 -23431.698461  11895.898534    -90.803629  5  6  5  29       
PG07  12876.549655  -8080.201558 -21234.267929    -13.998651  6  7  6  63       
PG08  23931.724576   6657.393661 -10147.185719    452.717198  8  5  6  86       
PG09  23845.284545  -6982.058412  -9579.265543    513.237917  5  7  3  87       
PG10  -9241.770433  23867.867083   6632.141130   -260.464490 11  6  8 100       
PG11 -12021.114586 -23719.124567   -190.102077   -752.460813  7  8  6  84       
PG12 -17017.403683    -99.610315  20092.137966   -562.172305  6  6  6  85       
PG13 -17128.099322 -13459.408572 -15594.626867    692.203605  4  5  6  90       
PG14  12272.321691 -23263.445856   2646.972677    572.595097  7  4  7  62       
PG15 -24486.823008  -3976.147031 -10204.689082    247.084025  7  7  7  89       
PG16   5977.852286  16174.477857 -20435.837489    -87.461959  7  9  6  54       
PG17  11125.167423 -13404.969132  20516.163493    491.756723  8  6  3  80       
PG18 -11025.332581  10590.415005 -21663.706440   -659.068798  8  5  7  49       
PG19   -818.370920 -15194.852049  21656.026255    581.548221  7  3  6  74       
PG20  -3613.906734 -21350.451670 -15382.064344    367.382534  7  8  3  89       
PG21  19891.111148  14596.878208  11556.882939     99.739826  6  8  7  96       
PG22   7595.939225 -23388.672214  10810.717287    -90.167240  7  3  6  70       
PG23 -16589.911957  19081.117448  -7689.571148    396.206860  8  5  8  86       
PG24 -19924.809844 -10458.164215  13943.958678   -467.847438  5  9  7 105       
PG25 -18400.556057  13507.386129  12994.590595    497.311881  5  4  7 101       
PG26   -667.277606  23203.463858 -12733.678460    -32.892138  5  6  5  59       
PG27  15036.459901  12842.767993 -18242.552641    -33.527671  7  5  6  58       
PG28   2823.532745  22787.978276  13334.494755   -525.370713  7  6  8  74       
PG29 -24246.588471   4724.401371  -9967.145053   -550.545865  8  6  7  87       
PG30   4214.230372 -19106.151699 -17690.132120   -247.665248  7  3  7  83       
PG31   9414.754346  24207.273085   4274.369129   -218.701551  6  7  5  69       
PG32  -5533.704312  14892.188032  21485.290097 999999.999999 17 13 10           
*  2025  1  3  0 45  0.00000000
PG01  18403.982072   9520.320668  16625.879180 999999.999999  8 14 10           
PG02  20418.722873   9670.282120  14737.091146   -277.119547  6  9  7 101       
PG03  16403.030441  -2130.577444  20587.393006    638.309450  5  7  6  90       
PG04  26584.135337    714.648209   1671.098532    505.944572  8  6  4 106       
PG05  -9673.229838 -13273.867678 -21034.146948   -197.880034  8  5  4 101       
PG06  -2820.857770 -22219.907496  14252.145804    -90.828397  4  5  4  52       
PG07  14196.576564  -5906.731243 -21151.072356    -13.998297  5  7  5  70       
PG08  22678.274956   6940.015670 -12540.182589    452.724634  7  5  6  82       
PG09  24786.656166  -6794.378671  -6940.962559    513.251771  5  7  3  88       
PG10  -9692.603720  24272.892708   3786.804239   -260.478848 10  6  9  90       
PG11 -11748.094182 -23711.314158   2667.643885   -752.460320  7  7  6  93       
PG12 -15780.614029  -2168.886829  20957.869923   -562.174381  6  6  6  88       
PG13 -15284.447589 -13356.189660 -17490.586291    692.204972  5  5  5  89       
PG14  12618.903823 -23221.183649   -184.487237    572.601723  6  4  7  82       
PG15 -23317.360587  -4441.100336 -12583.817761    247.088106  7  7  7  93       
PG16   4643.568160  17942.825185 -19209.942998    -87.453434  7  9  7  44       
PG17  13310.133090 -13230.719622  19283.508275    491.742184  8  6  3  72       
PG18 -12301.454581   8441.253276 -21938.468054   -659.067837  8  5  7  67       
PG19   1681.810037 -14973.170461  21721.354805    581.552400  7  3  6  55       
PG20  -2904.334696 -22850.574758 -13252.826758    367.382635  7  8  3 102       
PG21  20431.423650  15564.981136   9091.193778     99.741438  6  7  7  99       
PG22   8343.367361 -24131.010916   8258.834371    -90.169642  7  3  6  33       
PG23 -16282.396367  18067.414276 -10345.388476    396.213684  8  5  8  77       
PG24 -20643.006533 -11831.695930  11734.311359   -467.844125  5  9  7 102       
PG25 -17835.107532  11909.737424  15136.226224    497.311392  5  4  7  90       
PG26  -1484.963393  24280.506906 -10371.929894    -32.905535  5  5  5  74       
PG27  12942.407876  13006.829364 -19661.264643    -33.527320  6  4  5  55       
PG28   1767.327559  21505.527909  15472.800898   -525.379735  7  6  8  56       
PG29 -25214.060491   4465.009877  -7336.837391   -550.542859  8  6  7  81       
PG30   5483.868867 -17362.702963 -19096.630058   -247.657755  7  3  6  80       
PG31   8817.915164  23762.173514   7037.095634   -218.700705  6  7  4  70       
PG32  -7904.081567  14889.921318  20705.481145 999999.999999 17 13  7           
*  2025  1  3  1  0  0.00000000
PG01  19152.324682  11154.411114  14646.372102 999999.999999  9 15 12           
PG02  21244.962852  10901.145297  12499.190702   -277.111644  6  9  7  93       
PG03  15407.783849     93.159088  21451.336426    638.316560  5  7  6  86       
PG04  26246.167722    955.233359   4501.499377    505.949929  8  6  5  97       
PG05  -8719.928443 -15378.414209 -19976.791345   -197.881322  7  5  4  89       
PG06  -1743.566444 -20848.366776  16362.794743    -90.853151  4  5  4  57       
PG07  15600.720517  -3831.055771 -20686.569974    -13.997369  5  6  4  84       
PG08  21186.513937   7316.864840 -14723.727735    452.731926  7  5  6  66       
PG09  25434.007978  -6624.073501  -4184.026333    513.265650  4  7  3  68       
PG10  -9979.888515  24405.378823    875.198696   -260.493239 10  5  8  99       
PG11 -11306.003303 -23445.554915   5479.662401   -752.459841  6  6  6  89       
PG12 -14612.967270  -4367.140957  21453.224845   -562.176091  6  6  6  90       
PG13 -13242.294083 -13341.661540 -19093.354597    692.205738  4  5  5  75       
PG14  12822.370137 -22908.828767  -3012.719642    572.608296  6  4  7  82       
PG15 -21928.507989  -5019.379944 -14753.695765    247.092354  7  7  6  93       
PG16   3478.777135  19648.036261 -17658.412242    -87.445090  7  8  7  53       
PG17  15347.142613 -13171.642130  17731.714354    491.726440  9  6  4  77       
PG18 -13696.050570   6358.011812 -21834.489990   -659.066919  8  5  6  90       
PG19   4180.314926 -14882.830316  21407.641761    581.556766  7  4  5  31       
PG20  -2340.602238 -24139.607202 -10895.876343    367.381634  7  7  3  86       
PG21  20844.653687  16288.877537   6480.538273     99.743173  6  6  7  91       
PG22   8903.709742 -24659.908648   5569.145407    -90.171185  7  3  6  62       
PG23 -15912.051386  16770.956396 -12820.533309    396.220574  8  5  8  60       
PG24 -21257.763593 -12963.988362   9321.967780   -467.840821  5  8  7 102       
PG25 -17253.629816  10075.393988  17008.037739    497.310900  5  4  7  99       
PG26  -2156.078084  25135.960222  -7829.356366    -32.918924  5  4  5  73       
PG27  10718.938406  13294.721418 -20754.028316    -33.526892  6  4  5  31       
PG28    511.369354  20096.681251  17344.594023   -525.388754  7  6  8  73       
PG29 -25889.985969   4256.553101  -4581.338657   -550.540079  8  6  7  88       
PG30   6913.400587 -15566.251294 -20167.989077   -247.650263  7  3  6  86       
PG31   8029.100339  23088.853569   9675.132480   -218.700066  6  6  4  71       
PG32 -10167.061878  15003.715780  19574.958253 999999.999999 16 12  8           
*  2025  1  3  1 15  0.00000000
PG01  19852.346142  12549.225582  12414.973872 999999.999999 10 16 13           
PG02  21958.639339  11897.896601  10055.420110   -277.103574  6  9  7  83       
PG03  14509.291613   2440.132954  21939.927065    638.323661  5  6  6  81       
PG04  25608.237203   1247.766758   7255.172564    505.955319  8  6  5  90       
PG05  -7927.202057 -17402.344806 -18580.135012   -197.881717  7  5  3  99       
PG06   -455.939287 -19362.720226  18191.860724    -90.877912  3  5  4  57       
PG07  17055.688211  -1890.903360 -19850.904025    -13.996836  4  6  2  74       
PG08  19488.583273   7812.340021 -16661.087235    452.739259  6  5  6  66       
PG09  25778.785842  -6434.006250  -1355.511971    513.279509  4  7  3  75       
PG10 -10136.572043  24242.882786  -2051.752252   -260.507611  9  5  8  99       
PG11 -10668.509693 -22949.382694   8197.787485   -752.459392  6  6  6  83       
PG12 -13544.331391  -6653.868239  21569.363061   -562.178280  6  6  5  82       
PG13 -11040.352806 -13439.556347 -20376.068808    692.207238  4  5  5  85       
PG14  12916.283144 -22313.732979  -5788.299978    572.614888  6  4  7  70       
PG15 -20355.095948  -5730.730060 -16679.227198    247.096158  6  7  6  96       
PG16   2486.601323  21244.205051 -15805.924816    -87.436490  7  7  7  56       
PG17  17197.143477 -13206.158377  15886.078450    491.711203  9  6  4  88       
PG18 -15180.099749   4381.606081 -21354.263261   -659.065998  8  4  6  73       
PG19   6626.941137 -14920.616776  20719.094892    581.560748  7  4  5  61       
PG20  -1900.076536 -25183.833349  -8351.977860    367.381319  7  6  3  91       
PG21  21094.196838  16778.940016   3766.441325     99.745253  6  6  8  83       
PG22   9299.578462 -24944.209986   2786.207390    -90.173318  7  3  6  52       
PG23 -15520.316662  15203.466860 -15071.908390    396.227371  8  5  8  85       
PG24 -21731.915386 -13857.803134   6749.615135   -467.837517  5  8  7 113       
PG25 -16693.108718   8029.309710  18576.304727    497.310415  5  4  7  95       
PG26  -2702.802615  25739.280546  -5149.829850    -32.932286  5  3  5  90       
PG27   8410.025243  13716.630162 -21502.114725    -33.526502  6  3  4  42       
PG28   -941.788679  18605.743062  18917.616129   -525.397782  7  6  8  88       
PG29 -26261.313038   4062.496669  -1747.648739   -550.537069  8  5  7  96       
PG30   8488.086117 -13761.060249 -20885.897350   -247.642797  7  3  6 101       
PG31   7030.966327  22222.085257  12141.474055   -218.699478  6  6  3  65       
PG32 -12279.543329  15214.509406  18111.998474 999999.999999 16 12 11           
*  2025  1  3  1 30  0.00000000
PG01  20462.934847  13695.783078   9970.044208 999999.999999 10 17 14           
PG02  22519.407082  12665.190534   7445.501117   -277.095318  6  9  7  78       
PG03  13732.794443   4864.973411  22044.839472    638.330766  5  6  5  74       
PG04  24687.539922   1626.809940   9885.166249    505.960637  8  6  6  90       
PG05  -7291.231191 -19298.643335 -16867.425504   -197.883174  7  5  3  98       
PG06   1037.277071 -17809.969791  19708.297500    -90.902618  3  5  3  56       
PG07  18523.440948   -117.142439 -18661.011546    -13.996133  4  6  1  83       
PG08  17621.892280   8444.714394 -18319.435435    452.746612  6  5  6  72       
PG09  25821.161007  -6186.738566   1496.211358    513.293339  3  7  3  89       
PG10 -10199.753627  23771.633398  -4942.544634   -260.521944  9  5  8  92       
PG11  -9815.783796 -22256.296223  10775.490845   -752.458949  6  5  6  78       
PG12 -12597.740594  -8983.938966  21304.322427   -562.180263  7  5  5  70       
PG13  -8721.914819 -13666.713161 -21317.080737    692.208582  4  5  5  77       
PG14  12936.819402 -21431.675544  -8462.712341    572.621438  5  4  7  86       
PG15 -18635.971165  -6588.442632 -18329.458599    247.100437  6  7  5  98       
PG16   1662.188611  22686.548585 -13682.545190    -87.427972  7  7  7  74       
PG17  18826.350789 -13306.613864  13776.674707    491.695751  9  6  5  85       
PG18 -16718.515781   2547.226057 -20506.747977   -659.065058  8  4  6  60       
PG19   8972.868154 -15075.187384  19666.644148    581.565059  7  4  4  67       
PG20  -1554.509243 -25956.068768  -5664.975215    367.380912  6  6  3  94       
PG21  21146.762266  17052.520085    992.100495     99.746717  6  5  8  69       
PG22   9559.196340 -24958.902940    -43.553521    -90.175091  6  3  6  68       
PG23 -15146.844526  13385.605792 -17060.433978    396.234225  8  5  8  55       
PG24 -22031.072164 -14523.872573   4062.124703   -467.834223  5  8  7 104       
PG25 -16186.677855   5804.092908  19812.863501    497.309954  5  5  7  93       
PG26  -3152.482528  26066.550039  -2379.949839    -32.945657  5  2  5  95       
PG27   6061.576049  14275.023228 -21892.249441    -33.526117  6  3  4  47       
PG28  -2581.202571  17077.202071  20164.757953   -525.406795  7  6  8  89       
PG29 -26323.710514   3844.972249   1115.876521   -550.534298  7  5  7  97       
PG30  10185.717286 -11989.068191 -21238.393859   -247.635299  6  3  6  79       
PG31   5813.980170  21201.268239  14392.134416   -218.698617  6  6  2  74       
PG32 -14203.034491  15496.569086  16340.567077 999999.999999 16 12 12           
*  2025  1  3  1 45  0.00000000
PG01  20943.513841  14593.674087   7353.620960 999999.999999 11 17 15           
PG02  22889.585573  13215.380454   4712.087126   -277.087225  7  9  7  69       
PG03  13095.758810   7318.546276  21764.568080    638.337826  5  6  5  89       
PG04  23509.106970   2123.039132  12346.601058    505.966032  7  6  6  82       
PG05  -6800.195392 -21022.779190 -14867.308258   -197.884265  7  5  3  75       
PG06   2722.597155 -16236.704774  20886.501269    -90.927347  2  5  3  55       
PG07  19962.703070   1467.190948 -17140.144515    -13.995496  4  6  1  41       
PG08  15627.852268   9225.279487 -19670.384146    452.753970  6  4  5  49       
PG09  25569.983203  -5846.159805   4322.272932    513.307189  3  6  3  77       
PG10 -10209.035667  22987.216154  -7746.059046   -260.536213  8  4  8  98       
PG11  -8735.446152 -21404.405006  13168.666010   -752.458487  5  5  5  80       
PG12 -11788.558989 -11309.212007  20663.049232   -562.182284  7  6  5  56       
PG13  -6333.406820 -14032.357070 -21900.300245    692.209950  4  4  5  65       
PG14  12921.167954 -20267.151197 -10989.237703    572.628039  5  4  7  85       
PG15 -16812.640778  -7598.750945 -19677.970076    247.104454  5  7  4  91       
PG16    992.996249  23933.066855 -11323.333021    -87.419416  7  6  7  84       
PG17  20207.359772 -13440.381380  11437.947247    491.681044  9  5  5  84       
PG18 -18271.428155    883.177384 -19307.172000   -659.064089  8  4  6  72       
PG19  11172.401103 -15327.515072  18267.820984    581.569126  7  5  4  52       
PG20  -1271.330677 -26436.631932  -2881.032645    367.380706  6  5  3  73       
PG21  20973.646595  17133.228496  -1798.138289     99.747728  6  5  8  61       
PG22   9715.198774 -24686.161723  -2872.541113    -90.176915  6  3  6  53       
PG23 -14827.836545  11346.318816 -18751.743088    396.241055  8  5  7  74       
PG24 -22124.970082 -14980.201903   1305.747200   -467.830928  4  8  7 112       
PG25 -15762.218267   3438.902205  20695.675771    497.309459  5  5  7  89       
PG26  -3536.359169  26101.467217    431.790831    -32.959047  5  2  5  91       
PG27   3719.917364  14964.443509 -21916.864086    -33.525736  5  2  5  59       
PG28  -4387.765369  15554.065621  21064.527640   -525.415820  7  6  8  89       
PG29 -26081.697682   3566.418694   3960.330797   -550.531339  7  5  6  84       
PG30  11977.348323 -10288.364731 -21220.045148   -247.627813  6  3  5  70       
PG31   4377.035802  20068.824283  16387.014353   -218.697844  6  6  2  69       
PG32 -15904.964910  15818.507960  14289.987536 999999.999999 16 12 13           
*  2025  1  3  2  0  0.00000000
PG01  21255.681822  15250.889249   4610.698814 999999.999999 12 17 16           
PG02  23035.631223  13567.948730   1900.177895   -277.078994  7  9  7  71       
PG03  12607.257628   9749.699693  21104.431634    638.344905  5  6  4  83       
PG04  22104.896390   2761.879035  14597.417174    505.971438  7  5  6  81       
PG05  -6434.851617 -22534.292487 -12613.390103   -197.884844  7  5  3  66       
PG06   4578.149266 -14687.367965  21706.716877    -90.952048  2  4  4  50       
PG07  21330.588819   2847.516740 -15317.270494    -13.994630  4  5  1  67       
PG08  13550.467965  10157.745817 -20690.458856    452.761339  6  4  5  66       
PG09  25042.413408  -5379.075124   7074.128600    513.321044  2  6  3  69       
PG10 -10204.763296  21894.894073 -10412.537093   -260.550576  7  4  8  75       
PG11  -7423.232541 -20434.914944  15336.370148   -752.458025  4  5  5  90       
PG12 -11123.972484 -13580.275328  19657.285442   -562.184547  6  5  5  58       
PG13  -3922.837856 -14537.665606 -22115.463908    692.211226  5  4  5  74       
PG14  12905.896425 -18833.320197 -13323.807041    572.634640  4  5  7  84       
PG15 -14927.847843  -8760.482988 -20703.202721    247.108620  5  7  3  93       
PG16    459.382959  24946.139876  -8767.847065    -87.410803  7  5  7  57       
PG17  21320.045691 -13571.160769   8908.239159    491.665187  9  5  6  63       
PG18 -19795.651669   -589.999865 -17776.725843   -659.063105  8  4  6  79       
PG19  13184.608057 -15651.661629  16546.500796    581.573371  7  4  3  45       
PG20  -1015.106110 -26614.037752    -47.845396    367.380844  6  4  3  73       
PG21  20551.878246  17050.007960  -4559.329243     99.749459  6  4  8  62       
PG22   9803.258363 -24116.151239  -5652.731035    -90.179069  5  3  6  47       
PG23 -14594.534448   9121.864747 -20116.782041    396.247885  7  5  7  74       
PG24 -21988.650336 -15251.119669  -1472.674968   -467.827654  4  8  6 114       
PG25 -15441.191457    978.069580  21209.261402    497.308981  5  5  6  89       
PG26  -3888.130102  25836.052498   3235.897492    -32.972458  5  2  5  70       
PG27   1430.256379  15771.597336 -21574.279500    -33.525356  5  2  5  28       
PG28  -6334.755127  14076.264421  21601.422050   -525.424849  7  6  8  87       
PG29 -25548.450320   3191.216511   6737.074763   -550.528349  6  5  6  65       
PG30  13828.300396  -8691.841486 -20831.993338   -247.620311  6  4  5  70       
PG31   2727.723031  18868.476011  18090.688794   -218.697093  6  6  2  75       
PG32 -17359.789188  16144.539824  11994.516770 999999.999999 15 13 14           
*  2025  1  3  2 15  0.00000000
PG01  21364.782800  15683.328643   1788.456413 999999.999999 13 18 16           
PG02  22929.493977  13748.676912   -943.518300   -277.070869  7  9  7  56       
PG03  12267.700751  12107.088782  20076.446813    638.351965  5  5  4  77       
PG04  20512.634234   3562.337282  16599.078041    505.976814  6  4  5  72       
PG05  -6169.405466 -23798.245038 -10143.716561   -197.885951  6  4  3  95       
PG06   6574.352141 -13202.624269  22155.341665    -90.976764  2  4  4  65       
PG07  22584.274191   4017.971343 -13226.378025    -13.994374  3  5  1  73       
PG08  11434.833418  11237.924714 -21361.514929    452.768699  5  4  5  63       
PG09  24263.248481  -4756.690451   9704.391039    513.334951  2  5  2  73       
PG10 -10226.227030  20509.545027 -12894.545142   -260.564890  6  4  7  54       
PG11  -5883.351305 -19390.509630  17241.511957   -752.457615  3  5  5  71       
PG12 -10602.828677 -15748.239799  18305.316309   -562.186790  6  5  4  62       
PG13  -1538.187509 -15175.639475 -21958.325208    692.212555  5  4  5  78       
PG14  12925.352443 -17151.622270 -15425.801105    572.641222  3  5  6  68       
PG15 -13024.124733 -10064.982242 -21388.724214    247.112570  5  7  2  87       
PG16     35.495469  25693.997470  -6059.543034    -87.402410  7  5  7  72       
PG17  22152.217975 -13660.433161   6229.258533    491.649979  9  5  6  40       
PG18 -21246.286289  -1860.104832 -15942.161841   -659.062174  7  4  5  58       
PG19  14974.781320 -16015.853865  14532.509180    581.577316  7  4  3  36       
PG20   -749.097045 -26485.388855   2786.166870    367.380054  5  4  4  87       
PG21  19865.195927  16836.021833  -7246.502122     99.750754  6  4  8  57       
PG22   9860.578552 -23247.557818  -8336.448295    -90.180848  5  4  6  74       
PG23 -14471.925894   6754.563005 -21132.305503    396.254735  7  4  7  85       
PG24 -21603.429641 -15366.120373  -4226.466773   -467.824383  4  8  6 105       
PG25 -15237.757316  -1530.489356  21344.983911    497.308506  5  5  6  98       
PG26  -4242.397765  25271.033997   5982.803243    -32.985722  5  2  5  83       
PG27   -764.828534  16675.739456 -20868.814611    -33.524950  6  2  5  53       
PG28  -8388.682685  12679.188937  21766.194320   -525.433909  6  6  7  98       
PG29 -24745.289449   2687.253224   9398.553018   -550.524968  6  5  6  82       
PG30  15699.396438  -7226.069462 -20081.878038   -247.612800  6  4  5  73       
PG31    882.235752  17643.484588  19473.093745   -218.696351  6  6  3  86       
PG32 -18549.840142  16435.927034   9492.827417 999999.999999 15 13 14           
*  2025  1  3  2 30  0.00000000
PG01  21241.343278  15914.011191  -1064.554847 999999.999999 13 18 17           
PG02  22549.808485  13788.578456  -3771.272962   -277.062770  7  8  7  81       
PG03  12068.923762  14341.005482  18699.075755    638.359022  4  5  4  79       
PG04  18774.447374   4536.084401  18317.219902    505.982201  5  4  5  79       
PG05  -5972.645003 -24786.481589  -7500.168119   -197.886882  6  4  3  80       
PG06   8674.888351 -11817.892706  22225.124293    -91.001472  3  4  5  71       
PG07  23682.642299   4981.308236 -10905.712754    -13.993534  3  5  2  68       
PG08   9325.584028  12453.707098 -21671.086261    452.776068  5  3  5  46       
PG09  23263.961727  -3955.935776  12167.648150    513.348763  2  4  2  68       
PG10 -10309.905905  18855.213607 -15147.900874   -260.579229  6  4  7  53       
PG11  -4128.518874 -18313.689031  18851.474970   -752.457147  2  5  5  85       
PG12 -10215.828861 -17766.511050  16631.586424   -562.188729  6  5  4  76       
PG13    774.208703 -15931.284623 -21430.762344    692.213661  5  3  5  81       
PG14  13010.166310 -15251.070548 -17258.780106    572.647828  3  5  6  61       
PG15 -11142.370849 -11496.295871 -21723.434204    247.116913  5  7  1  79       
PG16   -309.577481  26151.998827  -3245.069224    -87.393895  7  4  6  64       
PG17  22700.001873 -13669.021665   3445.482693    491.634426  9  5  6  75       
PG18 -22578.385637  -2923.524015 -13835.306745   -659.061223  7  5  5  79       
PG19  16515.659043 -16383.820429  12261.097013    581.581456  7  4  3  63       
PG20   -436.867172 -26056.452005   5572.670984    367.380126  5  4  4  71       
PG21  18904.827401  16527.387947  -9815.266354     99.752054  6  4  7  60       
PG22   9924.309304 -22087.818843 -10877.170842    -90.182727  4  4  6  61       
PG23 -14477.715926   4291.312330 -21781.258071    396.261552  6  4  6  90       
PG24 -20957.633672 -15358.548064  -6909.842085   -467.821106  4  8  6 102       
PG25 -15158.214615  -4037.008009  21101.182609    497.308058  5  5  5  94       
PG26  -4633.071732  24415.892765   8623.815055    -32.999121  6  3  5  75       
PG27  -2826.815915  17649.347560 -19810.814524    -33.524572  6  3  5  57       
PG28 -10510.407191  11392.413795  21556.013135   -525.442888  6  6  7  93       
PG29 -23700.871117   2027.359421  11899.097628   -550.521844  5  5  5  80       
PG30  17548.374328  -5910.444836 -18983.637747   -247.605314  5  4  4  65       
PG31  -1135.077264  16434.922938  20510.095301   -218.695874  5  6  3  69       
PG32 -19465.894607  16652.569667   6827.400888 999999.999999 15 13 14           
*  2025  1  3  2 45  0.00000000
PG01  20862.320865  15972.015335  -3899.246344 999999.999999 14 18 17           
PG02  21882.872865  13722.625438  -6535.072177   -277.054649  7  8  7  69       
PG03  11994.628410  16405.140510  16996.855042    638.366124  4  5  3  70       
PG04  16935.338475   5686.815316  19722.236963    505.987583  5  3  5  79       
PG05  -5809.296509 -25478.651725  -4727.782285   -197.888412  5  4  3  83       
PG06  10837.936364 -10562.095790  21915.257576    -91.026193  3  4  5  76       
PG07  24587.836029   5748.457631  -8396.969423    -13.993062  3  4  2  76       
PG08   7265.359024  13785.345326 -21612.658538    452.783472  5  3  6  43       
PG09  22081.494644  -2960.573753  14421.255232    513.362575  3  2  3  69       
PG10 -10487.827836  16964.293212 -17132.538457   -260.593489  6  4  6  65       
PG11  -2179.671569 -17245.128670  20138.666609   -752.456640  1  5  5  77       
PG12  -9946.060476 -19592.466022  14666.195916   -562.190612  5  5  4  62       
PG13   2971.220125 -16782.102417 -20540.799794    692.214877  6  3  5  88       
PG14  13185.916206 -13167.254934 -18791.128657    572.654413  3  5  6  69       
PG15  -9320.499642 -13031.622798 -21701.710458    247.121067  5  7  2  73       
PG16   -610.423391  26303.663441   -373.467852    -87.385303  7  4  6  37       
PG17  22967.929358 -13558.705518    603.503112    491.619440  8  5  6  78       
PG18 -23748.630684  -3785.148455 -11492.497736   -659.060277  7  5  4  81       
PG19  17788.353059 -16716.334477   9772.293814    581.585682  7  4  3  26       
PG20    -43.871629 -25341.418794   8264.222988    367.379757  5  4  4  77       
PG21  17670.037889  16161.792315 -12222.444289     99.753759  7  4  7  59       
PG22  10029.943244 -20653.033661 -13230.347375    -90.184624  4  4  5  60       
PG23 -14621.603356   1781.940998 -22053.037341    396.268425  5  5  6  81       
PG24 -20047.074463 -15264.172307  -9478.581319   -467.817792  4  8  6  97       
PG25 -15200.786053  -6491.668508  20483.150687    497.307590  5  5  5  91       
PG26  -5091.793354  23288.561652  11112.053237    -33.012505  5  3  5  90       
PG27  -4722.536127  18659.069194 -18416.591214    -33.524164  6  4  6  82       
PG28 -12656.476931  10238.659166  20974.511031   -525.451895  6  6  7  99       
PG29 -22450.106740   1190.559728  14195.705393   -550.518822  4  5  5  72       
PG30  19331.420209  -4756.632934 -17557.198961   -247.597826  5  4  4  66       
PG31  -3292.499125  15280.059085  21183.927310   -218.694964  5  6  3  81       
PG32 -20107.425353  16754.676507   4043.837354 999999.999999 15 13 14           
*  2025  1  3  3  0  0.00000000
PG01  20212.115426  15891.192534  -6666.837580 999999.999999 15 18 17           
PG02  20923.372792  13588.309355  -9187.391756   -277.046558  7  8  7  55       
PG03  12021.153536  18258.208036  14999.916262    638.373190  4  4  3  82       
PG04  15041.559640   7009.918193  20789.792648    505.992994  4  4  4  73       
PG05  -5641.552285 -25862.950836  -1874.010101   -197.889350  4  4  3  88       
PG06  13017.614009  -9456.671522  21231.365885    -91.050937  4  4  5  67       
PG07  25266.659736   6337.777449  -5744.462935    -13.992372  3  5  2  82       
PG08   5293.329846  15206.033930 -21185.858975    452.790860  5  3  6  53       
PG09  20756.845065  -1762.048339  16426.086577    513.376359  3  2  2  78       
PG10 -10786.119326  14876.371224 -18813.289643   -260.607734  5  4  6  71       
PG11    -65.363822 -16222.121509  21080.984498   -752.456159  1  5  5  89       
PG12  -9769.843543 -21188.966092  12444.291482   -562.192944  6  5  5  76       
PG13   5014.372185 -17698.874220 -19302.539980    692.216116  6  3  5  88       
PG14  13472.009785 -10941.096285 -19996.603732    572.661034  2  5  6  60       
PG15  -7592.197611 -14642.007100 -21323.495923    247.124902  5  6  3  94       
PG16   -903.748290  26141.402720   2504.705594    -87.376824  7  4  5  90       
PG17  22968.729549 -13293.830579  -2248.685212    491.603819  8  5  6  72       
PG18 -24716.945928  -4457.966818  -8953.952477   -659.059343  6  6  4  86       
PG19  18782.941433 -16972.897134   7110.153185    581.589971  7  4  3  48       
PG20    461.030536 -24362.361269  10815.050717    367.379276  5  4  4  65       
PG21  16168.421642  15777.023081 -14426.731933     99.754944  7  5  6  79       
PG22  10209.754292 -18967.549396 -15354.215001    -90.186393  4  4  5  72       
PG23 -14904.888299   -722.545281 -21943.636287    396.275244  5  5  5  80       
PG24 -18875.262043 -15119.708828 -11890.661135   -467.814464  4  7  5 110       
PG25 -15355.753402  -8846.390625  19502.963767    497.307178  5  5  5  87       
PG26  -5646.451503  21914.787745  13403.360543    -33.025894  5  4  5  97       
PG27  -6425.283779  19666.913815 -16708.270376    -33.523744  6  4  6  70       
PG28 -14780.644283   9233.028872  20031.720934   -525.460883  6  6  7  95       
PG29 -21032.853841    163.089505  16248.776012   -550.515735  4  5  4  93       
PG30  21004.760118  -3768.327391 -15828.063210   -247.590365  5  4  3  70       
PG31  -5552.033856  14210.918368  21483.488858   -218.694367  5  7  3  86       
PG32 -20482.524012  16704.453282   1190.091330 999999.999999 16 13 14           
*  2025  1  3  3 15  0.00000000
PG01  19283.303079  15708.703965  -9319.696639 999999.999999 15 18 18           
PG02  19674.815185  13424.084305 -11682.003831   -277.038297  7  8  6  37       
PG03  12118.542070  19865.370319  12743.410305    638.380301  5  4  3  69       
PG04  13138.945230   8492.465235  21501.248156    505.998370  5  5  3  76       
PG05  -5430.712947 -25936.548352   1012.082382   -197.890609  4  4  3  74       
PG06  15165.578754  -8514.883097  20185.389081    -91.075667  4  3  5  84       
PG07  25691.781520   6774.038309  -2994.298876    -13.991667  3  4  3  64       
PG08   3443.849322  16682.774341 -20396.554553    452.798267  4  4  7  65       
PG09  19333.505319   -360.037860  18147.232336    513.390173  4  2  3  83       
PG10 -11223.808265  12636.785890 -20160.560562   -260.621989  5  5  5  65       
PG11   2179.125335 -15277.161615  21662.192683   -752.455659  2  5  5  76       
PG12  -9657.851420 -22525.647039  10005.369276   -562.194969  6  5  5  71       
PG13   6871.134801 -18646.716222 -17736.001810    692.217118  6  2  5  74       
PG14  13880.826487  -8617.402667 -20854.776140    572.667666  2  5  5  47       
PG15  -5985.834862 -16293.255424 -20594.325912    247.128833  5  6  4  81       
PG16  -1226.705215  25666.912432   5338.328176    -87.368475  7  4  5  96       
PG17  22722.819415 -12842.856982  -5062.443962    491.588621  7  5  6  74       
PG18 -25447.998264  -4962.353024  -6263.084195   -659.058417  6  6  3  83       
PG19  19498.698821 -17113.489181   4321.907919    581.594042  7  5  3  57       
PG20   1104.197504 -23148.404211  13181.804972    367.378874  5  4  4  61       
PG21  14415.915635  15409.470347 -16389.382906     99.757484  7  6  6  68       
PG22  10491.342181 -17063.227724 -17210.600110    -90.188356  4  3  4  65       
PG23 -15320.423288  -3171.748616 -21455.665437    396.282082  5  6  4  82       
PG24 -17453.349288 -14961.336345 -14106.833915   -467.811191  4  7  5 111       
PG25 -15605.931891 -11056.534194  18179.168182    497.306722  5  4  4  61       
PG26  -6319.854668  20327.183827  15457.157600    -33.039245  6  4  5  89       
PG27  -7915.702648  20631.652794 -14713.538709    -33.523324  6  5  5  67       
PG28 -16835.496851   8382.554132  18743.902095   -525.469921  6  6  7  99       
PG29 -19492.425924  -1060.863509  18022.798600   -550.512537  4  5  4  83       
PG30  22526.247153  -2941.328406 -13826.803867   -247.582843  5  4  3  64       
PG31  -7870.749143  13253.084161  21404.497463   -218.693711  5  7  4  88       
PG32 -20607.492637  16467.740807  -1684.355728 999999.999999 16 13 14           
*  2025  1  3  3 30  0.00000000
PG01  18077.063941  15463.437698 -11812.161111 999999.999999 15 18 18           
PG02  18149.644329  13267.748015 -13974.803094   -277.030151  7  8  6  48       
PG03  12251.858117  21199.408592  10266.849187    638.387428  5  4  3  60       
PG04  11271.266302  10113.528176  21844.000454    506.003797  4  5  3  71       
PG05  -5138.880966 -25705.682940   3880.655233   -197.891849  4  5  3  81       
PG06  17232.724886  -7741.450115  18795.366180    -91.100408  4  3  5  78       
PG07  25842.698472   7087.192829   -193.560514    -13.991157  2  4  2  81       
PG08   1745.273928  18177.497814 -19256.851197    452.805706  5  4  7  71       
PG09  17855.810462   1237.311927  19554.627113    513.403950  4  3  3  68       
PG10 -11811.931920  10294.956796 -21150.887351   -260.636249  5  5  4  37       
PG11   4512.944797 -14436.723318  21872.201694   -752.455161  2  5  5  81       
PG12  -9576.455295 -23579.936917   7392.508147   -562.197203  6  5  5  64       
PG13   8515.999116 -19586.370246 -15866.863599    692.218357  6  2  4  70       
PG14  14417.153465  -6243.286462 -21351.358853    572.674237  2  5  5  74       
PG15  -4523.562906 -17947.050744 -19525.293613    247.132807  5  6  5  68       
PG16  -1615.179122  24891.199873   8076.699425    -87.359852  7  5  4  90       
PG17  22257.505861 -12179.784049  -7789.293219    491.573399  6  5  6  82       
PG18 -25912.523691  -5325.077919  -3465.773006   -659.057497  5  6  3  66       
PG19  19943.954670 -17100.315026   1457.055793    581.598153  6  5  4  55       
PG20   1906.010968 -21734.645799  15324.268743    367.378758  5  4  4  42       
PG21  12436.521116  15092.642352 -18074.908178     99.759279  8  6  6  57       
PG22  10896.345072 -14978.411882 -18765.683781    -90.190498  4  3  4  80       
PG23 -15852.906477  -5517.627986 -20598.257798    396.288892  5  6  3  89       
PG24 -15799.817069 -14823.259128 -16091.156025   -467.807879  5  7  5  96       
PG25 -15927.457814 -13082.445145  16536.342289    497.306281  5  4  5  66       
PG26  -7128.617835  18564.008747  17237.222819    -33.052650  5  5  5  87       
PG27  -9182.404305  21510.380666 -12465.287254    -33.522914  6  6  6  86       
PG28 -18774.142287   7686.059992  17133.258405   -525.478942  6  6  6  96       
PG29 -17873.977440  -2478.723256  19486.974475   -550.509632  5  4  3  82       
PG30  23856.883085  -2263.931372 -11588.485600   -247.575393  5  4  3  51       
PG31 -10202.313683  12424.784717  20949.498570   -218.693008  5  7  4  73       
PG32 -20506.115012  16015.535619  -4529.371740 999999.999999 16 13 14           
*  2025  1  3  3 45  0.00000000
PG01  16603.286499  15194.368220 -14101.325177 999999.999999 16 18 18           
PG02  16369.023775  13154.821939 -16024.637770   -277.021847  7  8  6  63       
PG03  12382.698931  22241.597611   7613.380287    638.394536  5  4  3  87       
PG04   9478.668815  11844.809093  21811.722885    506.009202  4  6  2  87       
PG05  -4730.638826 -25185.416961   6681.964222   -197.892715  4  5  2  85       
PG06  19170.914570  -7132.513220  17085.123064    -91.125111  4  2  5  73       
PG07  25706.438512   7310.984251   2610.474195    -13.990454  2  4  2  74       
PG08    219.006900  19648.410164 -17784.987234    452.813138  4  5  7  82       
PG09  16367.260697   3013.486774  20623.597637    513.417748  5  3  3  67       
PG10 -12552.987918   7902.560924 -21767.357861   -260.650594  5  5  4  78       
PG11   6891.040451 -13720.282340  21707.247685   -752.454660  3  5  4  84       
PG12  -9489.233566 -24337.765585   4651.552473   -562.199221  6  4  5  88       
PG13   9931.299908 -20475.686783 -13726.108947    692.219353  6  2  4  83       
PG14  15077.935519  -3866.505911 -21478.418391    572.680880  1  5  5  79       
PG15  -3220.630615 -19562.228911 -18132.951180    247.137060  5  5  5  71       
PG16  -2102.103292  23834.235726  10670.550691    -87.351683  7  5  4  90       
PG17  21605.921665 -11285.394273 -10381.744023    491.557603  6  5  5  80       
PG18 -26088.433834  -5578.084127   -609.604761   -659.056593  5  6  3  52       
PG19  20135.586089 -16899.462919  -1433.600673    581.602038  6  6  4  74       
PG20   2879.912071 -20160.867340  17206.014697    367.378099  5  5  4  68       
PG21  10261.727082  14855.752325 -19451.780519     99.760424  8  7  5  68       
PG22  11439.378384 -12756.626610 -19990.711609    -90.192422  4  2  3  69       
PG23 -16479.501970  -7716.145398 -19386.861636    396.295759  5  7  3  89       
PG24 -13939.914149 -14736.361656 -17811.464735   -467.804578  5  7  5  99       
PG25 -16290.849950 -14890.784300  14604.547231    497.305825  5  4  5  53       
PG26  -8082.312717  16667.729056  18712.377352    -33.066049  5  5  5  88       
PG27 -10222.289888  22260.182430 -10001.148353    -33.522528  6  6  6  81       
PG28 -20551.882194   7134.358946  15227.554001   -525.488018  7  6  6  82       
PG29 -16222.825002  -4079.414439  20615.764825   -550.506384  5  5  3  84       
PG30  24962.217300  -1717.605311  -9152.019901   -247.567911  5  4  2  24       
PG31 -12498.662641  11736.299959  20127.736285   -218.691998  4  7  4  89       
PG32 -20208.632420  15325.328631  -7295.082613 999999.999999 16 13 14           
*  2025  1  3  4  0  0.00000000
PG01  14880.343873  14938.922385 -16147.779184 999999.999999 16 18 17           
PG02  14362.279674  13116.995391 -17794.127473   -277.013646  7  8  5  60       
PG03  12470.839771  22982.253727   4829.008508    638.401630  5  4  4  87       
PG04   7796.255088  13651.565142  21404.502770    506.014615  4  6  3  62       
PG05  -4174.644431 -24399.055944   9367.243110   -197.894037  4  6  2  69       
PG06  20934.678836  -6675.931837  15083.869610    -91.149874  4  2  5  68       
PG07  25277.983470   7481.451454   5371.075568    -13.989898  2  4  2  66       
PG08  -1121.196690  21051.511971 -16005.115942    452.820560  5  6  7  67       
PG09  14908.883742   4944.033836  21335.318102    513.431597  5  4  2  64       
PG10 -13440.750031   5511.632678 -21999.891165   -260.664876  5  5  4  72       
PG11   9265.690095 -13139.616359  21169.967256   -752.454171  4  5  4  79       
PG12  -9358.582002 -24793.943368   1830.263787   -562.201238  6  4  5  94       
PG13  11107.748971 -21271.248114 -11349.575662    692.220584  5  3  5  89       
PG14  15852.346331  -1533.796700 -21234.468235    572.687509  1  5  4  76       
PG15  -2084.943711 -21096.178922 -16439.142926    247.141166  5  5  5  71       
PG16  -2715.883427  22524.238183  13073.046548    -87.343047  7  5  3  81       
PG17  20805.728983 -10148.262218 -12794.148398    491.543176  5  5  5  76       
PG18 -25961.662536  -5757.071312   2256.911331   -659.055712  5  7  3  76       
PG19  20098.169335 -16482.409706  -4298.935753    581.606108  5  6  5  67       
PG20   4031.703057 -18470.080058  18795.001925    367.378195  5  5  4  59       
PG21   7929.639730  14722.432771 -20493.128666     99.761438  8  7  4  71       
PG22  12127.250845 -10445.056721 -20862.627122    -90.194289  4  2  2  55       
PG23 -17170.759790  -9728.747616 -17842.928044    396.302576  5  7  2  87       
PG24 -11904.872869 -14726.997788 -19239.804059   -467.801278  5  7  5  94       
PG25 -16662.294687 -16455.589613  12418.685694    497.305361  5  4  5  59       
PG26  -9182.917666  14683.424017  19857.058904    -33.079469  5  5  6  89       
PG27 -11040.554534  22839.844651  -7362.926452    -33.522100  6  6  5  89       
PG28 -22127.810864   6710.763483  13059.632789   -525.497124  7  6  5  80       
PG29 -14582.768918  -5843.583604  21389.352779   -550.503511  6  5  3  83       
PG30  25813.572023  -1277.930019  -6559.470302   -247.560442  5  4  2  46       
PG31 -14711.720854  11189.706989  18954.894041   -218.691562  4  7  4  90       
PG32 -19750.461803  14382.203281  -9932.794421 999999.999999 16 13 14           
*  2025  1  3  4 15  0.00000000
PG01  12934.550004  14731.415652 -17916.288883 999999.999999 16 18 17           
PG02  12166.014953  13180.699895 -19250.447424   -277.005574  7  9  5  35       
PG03  12475.945612  23420.939709   1961.782043    638.408772  5  5  4  91       
PG04   6252.863219  15493.794498  20628.871776    506.020035  4  5  3  80       
PG05  -3445.078357 -23377.252455  11889.581666   -197.895038  3  6  2  82       
PG06  22482.825842  -6351.902607  12825.712554    -91.174699  5  1  5  43       
PG07  24560.408473   7635.387336   8042.758286    -13.989091  2  4  2  77       
PG08  -2269.630526  22342.239117 -13946.973998    452.828010  5  6  7 103       
PG09  13517.701788   6997.308218  21677.163323    513.445424  5  4  2  74       
PG10 -14460.453716   3172.668568 -21845.371286   -260.679219  5  6  5  83       
PG11  11588.147120 -12698.412058  20269.366017   -752.453707  4  5  4  90       
PG12  -9147.358255 -24952.200433  -1022.540326   -562.203462  6  4  5  85       
PG13  12044.654483 -21930.072340  -8777.409667    692.221699  5  3  4  88       
PG14  16722.175252    710.741522 -20624.445784    572.694129  1  5  4  84       
PG15  -1116.886698 -22506.323045 -14470.766595    247.144974  5  4  5  82       
PG16  -3479.002608  20996.614929  15240.749466    -87.334223  7  5  3  96       
PG17  19897.634940  -8765.480778 -14983.550865    491.527703  5  5  5  80       
PG18 -25526.722386  -5899.945500   5085.135193   -659.054770  5  6  3  83       
PG19  19862.829130 -15827.306028  -7088.478389    581.610249  5  7  5  79       
PG20   5359.141064 -16706.962650  20064.103738    367.377741  5  5  4  62       
PG21   5483.833381  14709.634441 -21177.402182     99.763093  7  7  4  38       
PG22  12958.498748  -8092.861720 -21364.608107    -90.196241  4  2  2  81       
PG23 -17891.796935 -11523.629314 -15993.501711    396.309376  5  7  3 100       
PG24  -9730.927490 -14815.952192 -20352.799726   -467.797977  5  7  4  98       
PG25 -17005.096809 -17759.035729  10017.788339    497.304884  5  3  5  87       
PG26 -10424.589619  12657.102637  20651.772042    -33.092913  5  5  5  78       
PG27 -11650.365856  23211.543089  -4595.926258    -33.521694  6  6  5 106       
PG28 -23466.277468   6391.896961  10666.850218   -525.506174  7  6  5  74       
PG29 -12994.479700  -7744.146541  21794.010535   -550.500238  6  5  3  74       
PG30  26389.050437   -915.751906  -3855.320655   -247.552991  5  3  2  35       
PG31 -16795.112950  10778.967934  17452.717062   -218.690632  4  6  4  85       
PG32 -19170.706173  13179.643560 -12395.908760 999999.999999 16 13 13           
*  2025  1  3  4 30  0.00000000
PG01  10799.316114  14601.619598 -19376.402631 999999.999999 15 17 17           
PG02   9822.918483  13365.878179 -20366.056470   -276.997329  7  9  5  43       
PG03  12359.282350  23566.323112   -939.042817    638.415871  5  6  4  87       
PG04   4870.092120  17327.640311  19497.726373    506.025444  4  5  4  90       
PG05  -2522.882455 -22156.826945  14204.781612   -197.896386  3  6  2  83       
PG06  23779.897214  -6133.874523  10349.091311    -91.199507  5  1  5  56       
PG07  23564.742172   7808.805547  10581.926514    -13.988808  3  4  1  71       
PG08  -3228.721494  23477.161423 -11645.435217    452.835454  4  7  6 107       
PG09  12225.364026   9135.509069  21642.951710    513.459408  5  4  2  70       
PG10 -15589.339687    932.815605 -21307.636150   -260.693550  5  6  5  69       
PG11  13810.331461 -12392.194233  19020.680479   -752.453228  4  5  4  77       
PG12  -8820.494971 -24824.892259  -3857.842809   -562.205622  6  4  5  92       
PG13  12749.812547 -22411.333991  -6053.428141    692.222722  5  3  4  82       
PG14  17662.511408   2827.142154 -19659.576689    572.700725  1  6  3  70       
PG15   -309.418774 -23751.628783 -12259.458576    247.149167  5  4  5  79       
PG16  -4406.873057  19292.606034  17134.518982    -87.325813  7  5  3  97       
PG17  18923.773640  -7143.066406 -16910.523035    491.512275  5  5  5  97       
PG18 -24786.951466  -6045.190569   7827.087522   -659.053881  5  6  3  72       
PG19  19465.838317 -14919.988556  -9753.362325    581.614538  4  7  5  63       
PG20   6851.839905 -14916.247165  20991.559077    367.377553  4  5  4  73       
PG21   2971.951175  14826.765142 -21488.984360     99.763922  7  8  4  39       
PG22  13923.266587  -5749.393665 -21486.486476    -90.198213  4  2  2  74       
PG23 -18603.691660 -13076.732713 -13870.724477    396.316174  5  7  3  85       
PG24  -7458.167122 -15017.606459 -21131.983143   -467.794649  5  7  4  98       
PG25 -17281.233202 -18791.868794   7444.247771    497.304423  5  4  5  87       
PG26 -11793.765633  10634.004398  21083.406842    -33.106287  5  5  6  93       
PG27 -12072.221004  23342.437147  -1748.185494    -33.521292  6  5  5  95       
PG28 -24538.155562   6148.770561   8090.427201   -525.515204  7  6  4  66       
PG29 -11494.012183  -9747.143518  21822.363564   -550.497401  6  5  3  64       
PG30  26674.293383   -598.511407  -1085.719364   -247.545553  5  3  2  47       
PG31 -18705.792307  10490.349051  15648.530743   -218.690099  4  6  5  90       
PG32 -18510.517295  11720.013859 -14640.809967 999999.999999 16 14 13           
*  2025  1  3  4 45  0.00000000
PG01   8514.039361  14573.516629 -20502.976123 999999.999999 15 17 17           
PG02   7380.308298  13685.007126 -21119.345267   -276.989266  7  9  4  23       
PG03  12085.361477  23435.698219  -3823.842996    638.423022  4  6  5  94       
PG04   3661.610959  19106.960609  18030.137471    506.030824  3  4  4  78       
PG05  -1396.736893 -20779.350415  16272.172332   -197.897207  3  6  3  73       
PG06  24797.418761  -5989.726004   7696.144889    -91.224316  5  1  4  71       
PG07  22309.560758   8035.467095  12947.466237    -13.988020  3  4  1  75       
PG08  -4008.788421  24415.672281  -9139.952087    452.842877  4  7  6  97       
PG09  11056.999354  11315.966188  21233.072154    513.473260  5  4  2  70       
PG10 -16797.528175  -1165.782993 -20397.327009   -260.707886  4  6  6  71       
PG11  15886.504195 -12208.580405  17445.134415   -752.452732  4  5  4  64       
PG12  -8346.518996 -24432.389445  -6627.263664   -562.207725  6  5  5  98       
PG13  13239.069402 -22678.034012  -3224.398743    692.223787  4  3  4  87       
PG14  18642.695535   4780.896326 -18357.132349    572.707340  1  6  3  76       
PG15    351.552975 -24794.101511  -9841.199251    247.152876  5  3  6  80       
PG16  -5506.989530  17457.686206  18720.318202    -87.317343  7  5  3  76       
PG17  17926.017080  -5296.016571 -18539.960928    491.497315  5  5  4  93       
PG18 -23754.441709  -6230.222556  10436.229843   -659.052984  5  6  4  59       
PG19  18947.030638 -13754.679167 -12247.226261    581.618653  4  7  5  82       
PG20   8491.484700 -13141.112578  21561.340898    367.377374  4  5  4  77       
PG21    444.097306  15075.118399 -21418.727433     99.765507  7  8  4  56       
PG22  15003.547272  -3462.392347 -21225.034614    -90.199900  4  3  2  77       
PG23 -19265.035885 -14372.449398 -11511.262114    396.322990  5  7  3  87       
PG24  -5129.259520 -15339.336589 -21564.063502   -467.791312  5  6  4  88       
PG25 -17452.944997 -19553.508591   4743.019252    497.303978  4  4  5  68       
PG26 -13269.586678   8656.954774  21145.422048    -33.119760  5  4  5  84       
PG27 -12333.000895  23206.102047   1130.376332    -33.520897  6  5  4 106       
PG28 -25321.871196   5948.083741   5374.737452   -525.524254  7  7  3  85       
PG29 -10111.505498 -11812.871715  21473.545535   -550.494421  6  5  3  72       
PG30  26662.960119   -291.689699   1702.288244   -247.538084  5  3  2  69       
PG31 -20405.526418  10303.146661  13574.670637   -218.689337  4  6  5  86       
PG32 -17811.378138  10014.686293 -16627.702726 999999.999999 15 14 13           
*  2025  1  3  5  0  0.00000000
PG01   6122.765903  14664.290461 -21276.605693 999999.999999 15 17 16           
PG02   4888.462231  14142.425427 -21495.180920   -276.981250  7  9  4  43       
PG03  11623.456011  23054.194095  -6643.462081    638.430142  5  6  5 103       
PG04   2632.781135  20785.004883  16251.050246    506.036212  3  4  4  73       
PG05    -63.732805 -19289.544259  18055.368466   -197.898210  3  6  3  78       
PG06  25514.899228  -5883.159621   4912.018831    -91.249136  5  1  4  58       
PG07  20820.336001   8345.513918  15101.284645    -13.987435  3  4  1  68       
PG08  -4627.478931  25121.599956  -6473.891128    452.850281  4  7  5  87       
PG09  10030.335352  13492.627737  20454.491248    513.487121  5  4  2  82       
PG10 -18049.182772  -3087.419887 -19131.607292   -260.722235  4  6  6  85       
PG11  17774.862350 -12127.851970  15569.592545   -752.452273  4  5  4  72       
PG12  -7698.919802 -23802.181572  -9283.862824   -562.209501  6  5  4  57       
PG13  13535.566002 -22698.551557   -339.244587    692.224985  3  3  4  92       
PG14  19627.500069   6544.057063 -16740.088048    572.713938  1  6  2  76       
PG15    886.528854 -25600.204716  -7255.835542    247.156853  5  3  6  70       
PG16  -6778.424752  15539.797418  19969.903492    -87.308760  7  5  3  82       
PG17  16944.283307  -3248.006465 -19841.823366    491.481942  5  6  4  91       
PG18 -22449.651447  -6489.787884  12868.222451   -659.052090  5  6  4  53       
PG19  18348.096436 -12334.345639 -14527.044436    581.622705  4  8  5  82       
PG20  10252.352883 -11421.645331  21763.435725    367.377330  3  5  4  69       
PG21  -2048.923860  15447.633314 -20964.382560     99.767423  6  8  4  40       
PG22  16173.778585  -1276.235375 -20584.104615    -90.201982  4  4  2  72       
PG23 -19833.585574 -15404.001573  -8955.665333    396.329760  5  7  4  87       
PG24  -2788.085609 -15781.162214 -21641.146306   -467.787989  5  6  4  97       
PG25 -17484.304832 -20051.823566   1960.806068    497.303490  4  5  5  76       
PG26 -14824.622323   6764.842679  20837.893090    -33.133159  5  4  5  79       
PG27 -12464.754381  22783.733631   3988.877564    -33.520531  6  5  4  99       
PG28 -25804.150267   5753.696928   2566.540717   -525.533342  7  7  3  84       
PG29  -8870.120334 -13897.252979  20753.239401   -550.491514  6  5  3  71       
PG30  26356.919018     39.680638   4461.528068   -247.530622  4  3  2  67       
PG31 -21862.184198  10190.683848  11267.840465   -218.688553  4  7  5  74       
PG32 -17113.377188   8083.806462 -18321.379289 999999.999999 15 14 13           
*  2025  1  3  5 15  0.00000000
PG01   3672.679252  14883.591794 -21683.962797 999999.999999 14 17 16           
PG02   2398.801980  14734.004734 -21485.325765   -276.973130  6  9  5  75       
PG03  10948.931404  22453.702442  -9350.022979    638.437314  5  7  6  80       
PG04   1780.607059  22316.133165  14190.877245    506.041587  2  4  4  90       
PG05   1470.290005 -17733.561013  19522.952253   -197.899319  3  6  3  64       
PG06  25920.539740  -5775.262134   2044.122019    -91.273976  5  1  4  31       
PG07  19128.563659   8764.251198  17008.797565    -13.986756  3  4  1  53       
PG08  -5108.902235  25564.672120  -3693.771901    452.857645  4  8  5  99       
PG09   9155.118941  15617.691169  19320.639730    513.500935  5  4  3  88       
PG10 -19303.911429  -4803.979919 -17533.762871   -260.736598  3  6  6  90       
PG11  19438.993073 -12123.820723  13426.116077   -752.451815  5  4  4  67       
PG12  -6857.317739 -22967.734585 -11782.897857   -562.211941  6  5  4  98       
PG13  13668.689931 -22448.012628   2551.812418    692.225913  2  4  4  93       
PG14  20578.489937   8096.084076 -14836.690460    572.720554  1  6  2  79       
PG15   1321.515827 -26142.154277  -4546.519263    247.160715  4  3  6  78       
PG16  -8211.690441  13587.491432  20861.377634    -87.300088  6  5  3  81       
PG17  16014.913202  -1030.727436 -20791.789422    491.466949  6  6  3  95       
PG18 -20900.715953  -6854.465051  15081.649989   -659.051201  5  6  4  69       
PG19  17710.834275 -10670.713862 -16553.871411    581.627185  4  8  4  80       
PG20  12102.124052  -9793.423885  21594.029434    367.376843  3  5  4  79       
PG21  -4457.453903  15929.014715 -20130.896798     99.769169  6  8  4  82       
PG22  17401.775499    769.679707 -19574.611303    -90.203568  4  4  3  79       
PG23 -20267.946202 -16173.492121  -6247.676396    396.336527  5  6  4  92       
PG24   -478.327458 -16335.661220 -21360.895525   -467.784654  6  6  5  83       
PG25 -17342.699528 -20302.596712   -854.754377    497.303022  5  5  5  87       
PG26 -16425.862366   4991.279979  20167.429147    -33.146552  5  4  5  83       
PG27 -12503.258661  22065.068278   6776.442841    -33.520173  6  5  4  89       
PG28 -25980.456630   5528.218521   -285.824655   -525.542389  7  7  3  63       
PG29  -7785.256000 -15953.385317  19673.602097   -550.488601  6  5  3  38       
PG30  25766.144560    429.497570   7145.455444   -247.523177  4  3  2  61       
PG31 -23050.780514  10121.532467   8768.414627   -218.688027  4  7  5  61       
PG32 -16453.547798   5955.704526 -19691.897079 999999.999999 15 14 12           
*  2025  1  3  5 30  0.00000000
PG01   1212.471504  15233.107884 -21718.023998 999999.999999 14 16 16           
PG02    -37.993346  15447.188161 -21088.710735   -276.964665  6  9  5  80       
PG03  10044.343054  21671.568634 -11897.708064    638.444558  5  7  6  77       
PG04   1094.019177  23657.510852  11884.990051    506.046923  2  5  3  88       
PG05   3190.757082 -16157.215422  20649.064962   -197.900698  3  5  3  76       
PG06  26011.626965  -5626.171257   -858.656099    -91.298813  4  2  4  35       
PG07  17270.703738   9311.114465  18639.366490    -13.985976  3  4  1  68       
PG08  -5482.489602  25721.769372   -848.423306    452.865039  3  8  4  89       
PG09   8432.861983  17643.313357  17851.179608    513.514832  4  4  4  82       
PG10 -20518.343736  -6295.780309 -15632.698004   -260.750984  3  6  6  88       
PG11  20849.131206 -12164.958097  11051.426412   -752.451331  4  3  4  67       
PG12  -5808.391622 -21967.148897 -14082.527074   -562.213691  6  5  4  81       
PG13  13672.772681 -21909.416098   5398.154410    692.227121  2  4  4  90       
PG14  21455.510450   9424.400744 -12679.944329    572.727184  1  6  2  85       
PG15   1686.896407 -26399.034644  -1759.062011    247.164764  4  4  6  75       
PG16  -9788.969389  11648.065877  21379.592083    -87.291556  6  5  4  61       
PG17  15169.186918   1317.114102 -21371.813450    491.451497  6  6  3 100       
PG18 -19142.480426  -7349.325741  17038.704599   -659.050314  5  6  3  83       
PG19  17075.431308  -8783.936753 -18293.488415    581.631404  3  7  4  69       
PG20  14002.950460  -8286.280189  21055.595269    367.376534  3  4  4  68       
PG21  -6734.833441  16496.226888 -18930.551111     99.770865  5  7  4  80       
PG22  18649.961260   2642.348761 -18214.355117    -90.205898  4  5  3  88       
PG23 -20529.229986 -16691.625013  -3433.492820    396.343347  5  6  4  73       
PG24   1757.945503 -16988.156194 -20726.635506   -467.781313  6  6  5  83       
PG25 -17000.174231 -20328.710994  -3655.889754    497.302555  4  5  5  87       
PG26 -18035.930959   3363.493765  19146.966796    -33.159941  5  5  5  66       
PG27 -12486.414246  21048.971363   9443.197272    -33.519799  6  5  4  98       
PG28 -25855.104458   5234.643833  -3133.275634   -525.551429  7  7  4  69       
PG29  -6864.078982 -17933.218699  18253.072541   -550.485511  6  5  3  73       
PG30  24908.327205    909.119915   9708.893872   -247.515722  4  3  2  63       
PG31 -23954.244216  10060.907939   6119.701168   -218.687138  4  7  5  62       
PG32 -15864.343339   3665.974430 -20715.149828 999999.999999 14 13 12           
*  2025  1  3  5 45  0.00000000
PG01  -1209.340502  15706.452918 -21378.192534 999999.999999 14 16 16           
PG02  -2373.861717  16261.402796 -20311.547940   -276.956686  5  8  5  59       
PG03   8900.261270  20749.097081 -14243.496306    638.451702  5  7  6  73       
PG04    554.479493  24770.712632   9373.117050    506.052272  2  6  2  82       
PG05   5074.727030 -14604.237853  21413.893659   -197.901604  3  5  3  66       
PG06  25794.594436  -5396.786329  -3746.756482    -91.323635  4  2  3  59       
PG07  15286.968145   9998.851416  19966.686855    -13.985435  3  4  2  69       
PG08  -5781.627304  25577.911008   2011.925503    452.872412  4  7  4  96       
PG09   7856.921892  19523.332425  16071.655985    513.528712  4  4  4  58       
PG10 -21647.818253  -7552.068717 -13462.342705   -260.765343  2  6  6  75       
PG11  21983.171443 -12215.743984   8486.285086   -752.450862  4  2  4  62       
PG12  -4546.535071 -20841.671100 -16144.450585   -562.215666  6  6  4  80       
PG13  13585.582169 -21074.466220   8149.698544    692.228220  1  4  4  79       
PG14  22218.244802  10524.646122 -10307.028739    572.733780  2  7  2  85       
PG15   2016.103094 -26357.688234   1058.789841    247.168546  3  4  6  68       
PG16 -11484.705845   9765.776866  21516.389932    -87.282831  6  5  4  61       
PG17  14432.047087   3751.102122 -21570.558040    491.436813  6  6  3  87       
PG18 -17215.289815  -7992.805909  18705.816931   -659.049408  5  6  3  69       
PG19  16478.841567  -6701.939268 -19716.942463    581.635730  3  7  3  76       
PG20  15912.750184  -6923.284873  20156.881143    367.376337  3  4  4  38       
PG21  -8839.176995  17119.355582 -17382.917575     99.771972  5  7  5  80       
PG22  19876.845032   4316.306011 -16527.686715    -90.207660  3  5  3  80       
PG23 -20582.623318 -16977.109473   -560.999703    396.350159  5  6  4  77       
PG24   3881.646088 -17717.171466 -19747.387726   -467.778002  6  6  5  63       
PG25 -16434.591354 -20159.092022  -6395.465558    497.302047  4  6  5  85       
PG26 -19614.470717   1901.490756  17795.450472    -33.173236  5  5  5  60       
PG27 -12452.542428  19743.661808  11941.260621    -33.519434  5  4  4  90       
PG28 -25441.041006   4837.981687  -5926.830306   -525.560509  6  7  4  75       
PG29  -6105.382532 -19789.290225  16516.064907   -550.482439  6  5  3  45       
PG30  23808.212533   1505.999234  12108.745562   -247.508249  3  3  2  60       
PG31 -24563.887510   9972.179742   3367.180156   -218.686290  5  7  5  60       
PG32 -15372.313032   1256.258953 -21373.318430 999999.999999 14 13 12           
*  2025  1  3  6  0  0.00000000
PG01  -3546.089932  16289.383711 -20670.309362 999999.999999 13 15 15           
PG02  -4565.136071  17148.834332 -19167.272546   -276.948387  5  8  5  29       
PG03   7515.795035  19729.927899 -16347.848106    638.458896  5  7  6  94       
PG04    136.886773  25623.171733   6698.657043    506.057643  3  7  2  87       
PG05   7091.599852 -13114.621542  21804.042045   -197.902735  3  5  2  71       
PG06  25284.748555  -5050.458022  -6570.777666    -91.348420  2  3  3  23       
PG07  13219.994579  10832.942046  20969.128905    -13.984655  3  4  2  72       
PG08  -6042.118216  25126.926999   4836.599118    452.879735  4  7  4  88       
PG09   7412.913579  21214.933128  14013.040178    513.542611  4  5  5  74       
PG10 -22648.111388  -8571.167823 -11060.988046   -260.779760  2  6  6  88       
PG11  22827.395377 -12238.183166   5774.799716   -752.450437  4  1  4  59       
PG12  -3074.221444 -19634.115730 -17934.483599   -562.217916  6  6  4  94       
PG13  13446.670577 -19944.071945  10757.835932    692.229300  1  4  4  87       
PG14  22827.782012  11400.616289  -7758.653922    572.740392  3  7  2  69       
PG15   2344.144057 -26013.335145   3858.153096    247.172613  3  5  6  79       
PG16 -13266.524322   7980.205982  21270.687397    -87.274517  5  6  4  65       
PG17  13821.088235   6222.670280 -21383.688113    491.421322  6  6  3  99       
PG18 -15163.578719  -8795.830140  20054.225528   -659.048474  6  6  3  54       
PG19  15953.324957  -4459.471532 -20800.973056    581.639976  3  7  3  74       
PG20  17786.676380  -5719.995197  18912.794486    367.376218  3  3  3  73       
PG21 -10734.982134  17762.812476 -15514.620464     99.773601  5  7  5  78       
PG22  21038.681290   5774.449164 -14545.020956    -90.209432  2  6  4  84       
PG23 -20398.806714 -17055.772481   2321.017954    396.356962  4  6  4  95       
PG24   5857.948632 -18495.151430 -18437.836567   -467.774660  6  6  4  88       
PG25 -15630.566162 -19827.452602  -9027.721914    497.301532  5  6  5  77       
PG26 -21119.638918    617.520775  16137.412010    -33.186582  5  5  5  65       
PG27 -12438.659638  18166.556669  14225.714244    -33.519099  5  3  5  65       
PG28 -24759.308655   4306.804893  -8618.450792   -525.569603  6  7  5  73       
PG29  -5499.783576 -21476.450744  14492.551548   -550.479452  5  5  4  57       
PG30  22496.694996   2242.462370  14304.665837   -247.500761  3  3  2  80       
PG31 -24879.566236   9818.438346    557.731116   -218.685711  5  7  5  65       
PG32 -14997.034308  -1227.208648 -21655.191270 999999.999999 13 12 12           
*  2025  1  3  6 15  0.00000000
PG01  -5754.561780  16960.332542 -19606.553426 999999.999999 12 15 15           
PG02  -6574.143650  18075.533312 -17676.310489   -276.940329  5  8  5  68       
PG03   5898.796939  18658.345561 -18175.329737    638.466060  6  7  6  77       
PG04   -189.253666  26189.416200   3907.920616    506.062988  3  8  2  95       
PG05   9204.138283 -11723.131341  21812.776926   -197.903623  3  5  2  70       
PG06  24505.668158  -4554.592506  -9282.306502    -91.373215  1  3  3  63       
PG07  11113.447890  11811.274233  21630.031735    -13.984143  3  4  2  83       
PG08  -6300.537236  24371.783528   7575.451795    452.887089  4  7  5  82       
PG09   7079.435531  22680.189812  11711.173046    513.556460  3  4  5  79       
PG10 -23477.139980  -9360.269382  -8470.565962   -260.794118  2  6  6  77       
PG11  23376.884483 -12193.430405   2963.667350   -752.449982  4  1  4  67       
PG12  -1402.067822 -18387.255089 -19423.057819   -562.220039  6  6  4  71       
PG13  13295.645304 -18528.487021  13176.356874    692.230735  1  4  4  79       
PG14  23248.136562  12063.900813  -5078.369721    572.746914  3  7  2  77       
PG15   2706.034681 -25369.888545   6589.867879    247.176802  3  5  6  64       
PG16 -15096.431990   6324.850189  20648.397565    -87.265910  4  6  4  50       
PG17  13345.860758   8680.851035 -20814.013340    491.406367  6  6  3  88       
PG18 -13034.312083  -9761.223886  21060.475522   -659.047562  6  6  3  75       
PG19  15525.200926  -2096.912653 -21528.324659    581.644050  3  7  3  74       
PG20  19578.708931  -4683.995446  17344.184176    367.376047  2  2  4  57       
PG21 -12394.488701  18386.835456 -13358.894526     99.774302  4  7  5  74       
PG22  22091.236995   7008.508500 -12302.213617    -90.211605  2  6  4  89       
PG23 -19955.175376 -16959.414335   5163.671732    396.363767  4  6  4  84       
PG24   7657.432779 -19289.422358 -16818.217718   -467.771327  6  5  5  87       
PG25 -14580.150006 -19370.888832 -11508.966990    497.301023  5  6  4  99       
PG26 -22509.655234   -484.146734  14202.462884    -33.199955  5  5  5  75       
PG27 -12478.805714  16343.737687  16255.513288    -33.518731  5  3  5  78       
PG28 -23838.207522   3614.663920 -11161.868625   -525.578631  6  7  5  93       
PG29  -5030.249682 -22953.514815  12217.542402   -550.476618  5  6  5  61       
PG30  21009.699692   3134.688117  16259.694116   -247.493254  3  4  2  77       
PG31 -24909.532000   9564.059393  -2261.138304   -218.685074  5  7  5  60       
PG32 -14750.345822  -3735.245045 -21556.347756 999999.999999 13 11 11           
*  2025  1  3  6 30  0.00000000
PG01  -7796.460767  17691.236702 -18205.232786 999999.999999 12 14 14           
PG02  -8370.552322  19002.804970 -15865.675526   -276.931881  5  8  5  74       
PG03   4065.743149  17577.581819 -19695.170354    638.473238  6  7  6  70       
PG04   -458.441842  26452.042003   1049.313086    506.068330  4  8  3  83       
PG05  11369.761101 -10458.034798  21440.145031   -197.904492  3  4  2  64       
PG06  23488.298743  -3882.108066 -11834.739392    -91.397993  1  3  3  45       
PG07   9010.591887  12924.085226  21937.950141    -13.983366  3  4  2  74       
PG08  -6592.551564  23324.544915  10179.840719    452.894469  4  6  5  55       
PG09   6829.079949  23887.425970   9206.119700    513.570305  3  4  5  80       
PG10 -24096.573105  -9934.894097  -5735.889619   -260.808510  2  6  6  81       
PG11  23635.602205 -12043.460534    101.368096   -752.449527  4  1  4  55       
PG12    451.401075 -17142.234758 -20585.647959   -562.221906  6  6  4  71       
PG13  13170.435633 -16847.080165  15362.340020    692.231713  2  4  4  63       
PG14  23447.663558  12533.231028  -2311.836904    572.753548  4  6  2  81       
PG15   3135.196854 -24439.941814   9205.405190    247.180936  3  5  6  40       
PG16 -16932.247769   4825.990704  19662.205456    -87.257488  3  6  3  53       
PG17  13007.523678  11074.140142 -19871.470970    491.390768  6  6  4  90       
PG18 -10875.333245 -10883.438073  21706.837992   -659.046616  6  6  3  59       
PG19  15213.860333    341.124045 -21887.946070    581.648435  3  7  3  84       
PG20  21243.309449  -3814.748815  15477.520683    367.375333  2  1  4  61       
PG21 -13798.713354  18949.218602 -10954.944039     99.776407  4  7  6  80       
PG22  22991.587434   8019.141201  -9839.819112    -90.213396  2  5  4  86       
PG23 -19236.815865 -16724.450830   7918.764137    396.370559  3  6  4  77       
PG24   9257.048907 -20063.371246 -14914.122575   -467.767994  6  5  4  62       
PG25 -13283.241729 -18828.380510 -13798.221420    497.300515  4  6  4  95       
PG26 -23744.340378  -1407.131951  12024.713433    -33.213326  5  6  5  61       
PG27 -12602.501683  14309.059992  17994.317818    -33.518384  5  2  5  83       
PG28 -22712.191439   2741.308433 -13513.378375   -525.587663  5  7  5  89       
PG29  -4672.935355 -24184.768496   9730.469981   -550.473516  5  6  6  56       
PG30  19386.892415   4191.914639  17940.834670   -247.485766  2  4  2  54       
PG31 -24669.987803   9176.208000  -5042.051885   -218.684236  5  7  5  52       
PG32 -14635.911544  -6217.470418 -21079.202769 999999.999999 13 10 11           
*  2025  1  3  6 45  0.00000000
PG01  -9639.689435  18448.632744 -16490.470015 999999.999999 11 14 14           
PG02  -9932.401520  19888.819648 -13768.406235   -276.924063  4  7  5  66       
PG03   2041.293635  16528.174697 -20881.745494    638.480413  6  6  6  70       
PG04   -707.632120  26402.383056  -1827.525485    506.073657  5  8  4  63       
PG05  13542.055862  -9340.106783  20692.958151   -197.905509  3  4  1  57       
PG06  22269.774060  -3012.687151 -14184.080646    -91.422763  1  3  3  32       
PG07   6952.875522  14154.172755  21886.852646    -13.982669  3  4  2  63       
PG08  -6951.279322  22005.971391  12603.571558    452.901796  5  5  5  60       
PG09   6629.685330  24812.336977   6541.448586    513.584183  3  4  5  66       
PG10 -24473.294235 -10318.045602  -2903.869474   -260.822845  2  6  6  95       
PG11  23616.141158 -11752.717677  -2762.676852   -752.449032  3  3  4  57       
PG12   2460.278144 -15937.070332 -21403.121360   -562.223595  6  7  4  70       
PG13  13105.629060 -14927.740937  17276.983252    692.233000  2  4  4  75       
PG14  23400.317606  12833.566971    493.927541    572.760121  4  6  2  61       
PG15   3661.892829 -23244.416443  11657.803094    247.184645  4  6  5  38       
PG16 -18729.192735   3501.882081  18331.207940    -87.249073  2  6  3  33       
PG17  12798.864054  13352.395227 -18572.946681    491.376150  5  6  4  66       
PG18  -8733.679905 -12148.599476  21981.641918   -659.045679  6  7  2  56       
PG19  15031.067441   2807.327929 -21875.080135    581.652551  3  6  4  60       
PG20  22737.077358  -3103.768350  13344.477136    367.375498  1  2  4  29       
PG21 -14938.099948  19407.189538  -8347.117301     99.778300  5  7  6  85       
PG22  23699.860844   8815.650341  -7202.251588    -90.215469  2  5  4  73       
PG23 -18237.203249 -16390.392935  10539.570124    396.377321  3  7  4  71       
PG24  10640.866074 -20777.806533 -12756.212349   -467.764663  6  5  4  57       
PG25 -11747.717312 -18239.249911 -15857.809623    497.300056  5  6  4  69       
PG26 -24786.587393  -2162.550662   9642.133518    -33.226730  5  6  5  73       
PG27 -12833.406998  12102.940756  19411.219049    -33.518038  5  3  5  81       
PG28 -21420.540282   1673.668951 -15632.585968   -525.596690  5  7  6  87       
PG29  -4398.294209 -25141.275071   7074.491403   -550.470350  5  7  6  64       
PG30  17670.263887   5415.906389  19319.580770   -247.478319  2  4  3  66       
PG31 -24184.368533   8626.229960  -7738.503530   -218.683476  5  7  5  84       
PG32 -14649.131433  -8624.102154 -20232.913806 999999.999999 13 10 11           
*  2025  1  3  7  0  0.00000000
PG01 -11259.387784  19194.973130 -14491.787177 999999.999999 11 13 13           
PG02 -11246.771304  20690.369223 -11422.860193   -276.915855  4  7  5  73       
PG03   -142.451016  15546.442908 -21714.981826    638.487553  6  6  5  28       
PG04   -974.581876  26040.850387  -4672.606437    506.079021  5  9  5  73       
PG05  15672.449345  -8381.947059  19584.647919   -197.906469  3  4  1  61       
PG06  20892.008364  -1933.773940 -16289.704456    -91.447513  1  3  3  35       
PG07   4978.577637  15477.372456  21476.267764    -13.982101  3  4  2  86       
PG08  -7405.758545  20444.769131  14803.791827    452.909144  5  4  6  79       
PG09   6445.780128  25438.832329   3763.449536    513.598064  3  3  6  88       
PG10 -24580.662346 -10539.097109    -22.718873   -260.837214  2  6  6  68       
PG11  23339.144672 -11289.678115  -5578.967686   -752.448550  2  4  4  45       
PG12   4592.068131 -14805.277249 -21862.009346   -562.225767  6  7  4  87       
PG13  13130.949092 -12805.943326  18886.355229    692.234130  2  4  4  74       
PG14  23086.709745  12994.958840   3291.320196    572.766746  4  6  2  62       
PG15   4311.762648 -21811.874016  13902.609016    247.188492  4  6  5  55       
PG16 -20441.571645   2362.286678  16680.435352    -87.240567  1  6  3  55       
PG17  12704.683248  15468.684729 -16941.936918    491.360538  5  6  5  83       
PG18  -6653.930516 -13534.888418  21879.511416   -659.044773  6  7  3  59       
PG19  14980.571914   5253.310405 -21491.249141    581.656587  3  6  4  65       
PG20  24020.343737  -2535.102321  10981.415925    367.375388  1  3  4  77       
PG21 -15812.746811  19719.340604  -5583.922007     99.779466  5  6  6  78       
PG22  24180.855528   9415.346036  -4436.874565    -90.217565  2  5  4  93       
PG23 -16958.593073 -15998.220325  12981.595425    396.384100  3  7  4  67       
PG24  11800.568804 -21392.457114 -10379.836551   -467.761347  6  5  4  55       
PG25  -9989.277090 -17641.632699 -17653.895068    497.299587  5  5  4  95       
PG26 -25603.711778  -2768.338935   7095.868643    -33.240092  5  6  5  59       
PG27 -13188.236681   9770.881123  20481.340633    -33.517677  4  3  5  76       
PG28 -20005.860152    406.560168 -17483.099041   -525.605677  5  7  6  69       
PG29  -4172.422243 -25801.926322   4295.720646   -550.467529  5  7  7  80       
PG30  15902.638194   6800.700568  20372.376114   -247.470817  2  4  3  56       
PG31 -23482.376244   7890.881895 -10305.567481   -218.683020  5  7  5  62       
PG32 -14777.398798 -10907.714981 -19033.156298 999999.999999 12 11 11           
*  2025  1  3  7 15  0.00000000
PG01 -12638.695095  19890.114246 -12243.597375 999999.999999 11 13 13           
PG02 -12310.061672  21364.687943  -8871.888226   -276.907749  4  6  5  84       
PG03  -2446.969519  14663.130699 -22180.678645    638.494692  6  6  5  35       
PG04  -1296.166738  25376.926117  -7436.487222    506.084383  6  8  5  95       
PG05  17711.967689  -7587.636643  18134.994730   -197.907376  3  3  2  84       
PG06  19400.111756   -641.276623 -18115.067110    -91.472258  2  3  3  80       
PG07   3121.553903  16863.291126  20711.374131    -13.981483  3  5  2  86       
PG08  -7979.593563  18676.525039  16741.809332    452.916548  5  3  6  62       
PG09   6240.158626  25759.565299    920.306481    513.611953  4  3  6  65       
PG10 -24399.529514 -10632.457516   2858.838421   -260.851558  2  6  5  83       
PG11  22832.424852 -10628.264393  -8298.793147   -752.448115  2  4  4  42       
PG12   6808.722109 -13774.680492 -21954.699300   -562.227633  6  7  4  90       
PG13  13269.940494 -10523.504716  20162.048503    692.235213  2  4  4  87       
PG14  22494.924262  13051.226494   6032.925369    572.773348  5  6  2  58       
PG15   5104.532793 -20177.511609  15898.802803    247.192465  5  5  5  75       
PG16 -22024.474308   1408.363390  14740.273891    -87.232238  1  6  3  44       
PG17  12702.532464  17381.005549 -15008.061972    491.345230  5  7  5  73       
PG18  -4676.643380 -15013.233169  21401.501853   -659.043808  6  6  3  53       
PG19  15058.038628   7631.246174 -20744.142459    581.660756  3  6  4  57       
PG20  25058.641038  -2086.117232   8428.787348    367.375028  1  3  4  57       
PG21 -16432.196064  19847.515343  -2716.916509     99.780769  5  6  6  84       
PG22  24405.460698   9842.582821  -1593.045799    -90.219378  3  4  4  72       
PG23 -15412.093214 -15588.708857  15203.301562    396.390915  3  7  4  45       
PG24  12735.676196 -21867.558305  -7824.552183   -467.758048  6  5  4  75       
PG25  -8031.018725 -17071.012988 -19156.957353    497.299111  5  5  4  89       
PG26 -26168.632800  -3248.328091   4429.524887    -33.253442  4  6  5  78       
PG27 -13675.986031   7361.787439  21186.299638    -33.517253  4  3  5  85       
PG28 -18512.469345  -1056.921647 -19033.147823   -525.614678  5  7  6  90       
PG29  -3958.577819 -26154.197713   1442.406098   -550.464633  5  8  7  70       
PG30  14126.158191   8332.643790  21081.007620   -247.463393  1  5  3  73       
PG31 -22598.807401   6953.358934 -12700.573634   -218.682178  5  7  5  93       
PG32 -15000.689529 -13024.896560 -17501.775873 999999.999999 12 13 12           
*  2025  1  3  7 30  0.00000000
PG01 -13769.205158  20492.918020  -9784.611546 999999.999999 11 12 12           
PG02 -13127.874290  21871.253717  -6161.915974   -276.899802  5  5  5  87       
PG03  -4828.580329  13902.272078 -22270.742236    638.501789  5  6  6  85       
PG04  -1706.730889  24428.812070 -10071.156700    506.089780  6  8  5  74       
PG05  19613.014920  -6952.744369  16369.738293   -197.907779  2  2  2  80       
PG06  17840.688373    860.055502 -19628.356360    -91.497012  3  2  3  74       
PG07   1410.128128  18276.277943  19603.028827    -13.980694  3  5  2  81       
PG08  -8689.837233  16742.373205  18383.815682    452.923907  5  3  5  71       
PG09   5975.525117  25776.130689  -1938.758731    513.625857  4  2  6  75       
PG10 -23918.982336 -10636.069996   5692.347895   -260.865887  3  6  5  83       
PG11  22129.811471  -9749.053877 -10875.086315   -752.447637  2  4  4  24       
PG12   9067.876002 -12866.444720 -21679.546725   -562.229402  6  7  4  75       
PG13  13538.918916  -8127.091743  21081.717961    692.236522  2  4  4  86       
PG14  21621.065997  13038.506647   8672.283172    572.779947  5  5  2  64       
PG15   6052.958638 -18381.875967  17609.673379    247.196556  5  5  5  65       
PG16 -23435.427832    632.903980  12545.808908    -87.223606  1  6  3  52       
PG17  12763.763017  19053.794294 -12806.444440    491.329849  4  7  5  57       
PG18  -2836.948200 -16548.298308  20555.129639   -659.042871  6  6  3  60       
PG19  15251.291484   9895.477049 -19647.413801    581.665114  3  6  5  58       
PG20  25823.990598  -1728.549759   5730.448852    367.374658  1  4  4  37       
PG21 -16814.795917  19758.553770    200.480920     99.782311  5  6  6  72       
PG22  24351.823196  10127.521568   1278.855878    -90.221517  3  3  3  48       
PG23 -13617.411988 -15200.773670  17166.787735    396.397669  3  7  5  47       
PG24  13453.465763 -22165.466822  -5133.542459   -467.754761  6  4  4  53       
PG25  -5902.752383 -16558.871511 -20342.209375    497.298642  5  5  4  75       
PG26 -26460.845914  -3631.109455   1688.434977    -33.266791  4  6  5  71       
PG27 -14297.495332   4926.166718  21514.517223    -33.516843  4  4  6  79       
PG28 -16984.732279  -2705.323028 -20256.126286   -525.623715  5  7  6  73       
PG29  -3718.816715 -26194.577490  -1435.930420   -550.461812  5  8  8  69       
PG30  12380.801701   9990.719905  21432.923847   -247.455897  2  5  4  68       
PG31 -21572.215171   5804.085964 -14883.742529   -218.681466  5  6  5  49       
PG32 -15292.454499 -14937.733459 -15666.329163 999999.999999 12 14 12           
*  2025  1  3  7 45  0.00000000
PG01 -14651.098052  20962.904886  -7157.170705 999999.999999 10 11 11           
PG02 -13714.508832  22173.488593  -3341.962686   -276.891480  5  5  5  89       
PG03  -7239.898067  13280.315797 -21983.329836    638.508918  5  6  6  78       
PG04  -2236.539543  23222.747012 -12530.893244    506.095149  6  8  5  75       
PG05  21331.098504  -6464.680216  14320.079932   -197.909032  2  3  3  79       
PG06  16260.082281   2556.597908 -20803.065537    -91.521702  3  3  3  53       
PG07   -133.832406  19676.608185  18167.727071    -13.980180  2  5  2  91       
PG08  -9546.156129  14687.451755  19701.498380    452.931262  5  4  5  68       
PG09   5616.140272  25498.924848  -4764.354744    513.639770  4  2  6  91       
PG10 -23136.784996 -10589.800265   8430.381799   -260.880203  3  5  5  58       
PG11  21269.776844  -8640.232944 -13263.252952   -752.447163  2  4  4  64       
PG12  11324.250500 -12094.358034 -21040.906556   -562.231454  6  6  4  75       
PG13  13946.229897  -5666.535991  21629.491839    692.237637  1  4  4  93       
PG14  20469.518322  12993.721778  11164.641349    572.786556  5  5  2  59       
PG15   7162.054473 -16469.346523  19003.621078    247.200428  5  5  4  83       
PG16 -24635.936042     20.896146  10136.109216    -87.215320  1  6  3  46       
PG17  12854.841994  20459.167572 -10376.972287    491.314741  5  7  5  67       
PG18  -1163.345032 -18099.732655  19354.291931   -659.041922  6  6  3  71       
PG19  15540.856577  12004.022180 -18220.395818    581.669398  3  6  5  60       
PG20  26295.956168  -1429.787855   2932.915408    367.374451  2  4  4  48       
PG21 -16986.671937  19425.808822   3114.218593     99.783877  5  6  6  45       
PG22  24006.215626  10304.675408   4128.396124    -90.223341  4  3  3  81       
PG23 -11602.290253 -14869.889262  18838.420042    396.404486  3  7  5  76       
PG24  13968.595017 -22252.241910  -2352.937043   -467.751472  5  4  4  57       
PG25  -3640.082168 -16131.491710 -21189.953033    497.298083  5  4  4  71       
PG26 -26467.154698  -3948.734600  -1081.083321    -33.280138  3  6  5  81       
PG27 -15045.370302   2514.276034  21461.374650    -33.516429  4  3  6  89       
PG28 -15465.405320  -4519.082901 -21131.044754   -525.632726  4  7  6  81       
PG29  -3415.676000 -25928.653270  -4289.376053   -550.458929  6  8  8  93       
PG30  10702.981798  11747.159976  21421.473449   -247.448414  2  5  4  69       
PG31 -20443.454303   4441.246575 -16818.775311   -218.680759  5  6  5  75       
PG32 -15620.774341 -16615.070962 -13559.526873 999999.999999 12 14 13           
*  2025  1  3  8  0  0.00000000
PG01 -15292.944114  21261.893725  -4406.515202 999999.999999 10 10 10           
PG02 -14092.104812  22240.284223   -462.628050   -276.883438  5  4  5  65       
PG03  -9631.434453  12805.543508 -21322.900518    638.515998  5  5  6  74       
PG04  -2910.396428  21792.020132 -14773.078538    506.100487  5  7  5  92       
PG05  22826.433560  -6103.377658  12022.088994   -197.909178  1  3  3  59       
PG06  14702.638698   4426.164297 -21618.480831    -91.546410  4  3  2  73       
PG07  -1495.621545  21021.846373  16427.485625    -13.979452  2  5  3  68       
PG08 -10550.312253  12559.217482  20672.529102    452.938620  5  4  5  28       
PG09   5129.404010  24946.675647  -7507.784790    513.653676  4  1  5  97       
PG10 -22059.512390 -10533.773821  11027.266499   -260.894586  4  5  4  46       
PG11  20293.890861  -7298.258020 -15421.956834   -752.446695  2  4  4  71       
PG12  13531.164540 -11464.394378 -20049.083047   -562.233355  6  6  4  85       
PG13  14491.848124  -3193.030759  21796.246499    692.238898  2  5  4  79       
PG14  19052.902179  12953.027422  13467.680977    572.793174  4  5  2  65       
PG15   8428.652506 -14486.450671  20054.858804    247.204835  5  4  4  83       
PG16 -25592.849933   -449.619580   7553.471659    -87.206945  2  6  3  71       
PG17  12938.871910  21577.840656  -7763.469279    491.299493  5  7  5  94       
PG18    323.241445 -19623.631729  17819.074199   -659.040957  6  6  3  57       
PG19  15900.780266  13919.943260 -16487.739777    581.673244  4  6  5  63       
PG20  26462.420158  -1154.331573     84.553518    367.374289  2  4  4  50       
PG21 -16980.365561  18830.361193   5970.826864     99.786306  5  6  6  29       
PG22  23363.576366  10411.306683   6906.019763    -90.225549  4  2  3  71       
PG23  -9401.636509 -14626.645424  20189.398829    396.411359  4  7  5  66       
PG24  14302.425844 -22099.127108    468.960255   -467.748198  5  4  4  56       
PG25  -1283.284649 -15808.963395 -21685.871749    497.297611  5  4  4  89       
PG26 -26182.139889  -4235.301089  -3832.466486    -33.293516  3  6  5  67       
PG27 -15904.257012    174.305939  21029.215790    -33.515970  3  3  7  92       
PG28 -13994.057843  -6471.098377 -21642.886638   -525.641724  5  7  6 100       
PG29  -3013.838651 -25370.853639  -7068.513268   -550.455839  6  7  8  80       
PG30   9124.282253  13568.315577  21046.058343   -247.440912  2  5  4  74       
PG31 -19254.159201   2871.032482 -18473.394448   -218.680036  5  6  5  60       
PG32 -15949.725953 -18033.500852 -11218.594364 999999.999999 12 15 13           
*  2025  1  3  8 15  0.00000000
PG01 -15711.188454  21355.564882  -1580.003733 999999.999999 10  9  9           
PG02 -14289.475881  22047.289028   2424.922943   -276.875254  4  4  5  86       
PG03 -11953.286893  12477.803495 -20300.170926    638.523099  4  5  7  61       
PG04  -3746.482188  20175.720718 -16758.951102    506.105845  5  6  5  84       
PG05  24065.363275  -5842.273966   9516.027475   -197.910687  1  3  3  58       
PG06  13209.048233   6438.658754 -22060.071365    -91.571103  4  3  3  96       
PG07  -2668.147844  22268.348197  14409.641903    -13.978814  2  5  3  75       
PG08 -11695.979963  10405.690676  21280.920198    452.946103  5  5  5  61       
PG09   4487.312387  24145.663130 -10121.890550    513.667585  5  1  5  77       
PG10 -20702.372243 -10506.721738  13439.772893   -260.908985  4  5  5  44       
PG11  19245.167217  -5728.196297 -17313.847274   -752.446197  3  3  4  77       
PG12  15642.110586 -10974.570695 -18720.197573   -562.235191  6  5  4  81       
PG13  15167.332349   -757.284830  21579.740383    692.240204  3  5  4  70       
PG14  17391.737056  12950.295154  15542.206404    572.799779  4  5  3  82       
PG15   9841.316944 -12480.084852  20743.987662    247.208683  5  4  4  78       
PG16 -26279.522365   -806.441895   4842.643665    -87.198645  3  6  3  70       
PG17  12977.244640  22399.690020  -5012.797834    491.284296  5  7  4  79       
PG18   1610.113519 -21074.160404  15975.445623   -659.040084  6  6  3  66       
PG19  16299.689126  15612.519396 -14478.987870    581.677431  4  6  4  64       
PG20  26320.049830   -865.376257  -2765.266917    367.374265  3  4  4  22       
PG21 -16833.215564  17961.879191   8718.578506     99.786939  4  6  5  72       
PG22  22427.707405  10485.745858   9563.934357    -90.227414  4  2  3  66       
PG23  -7056.394648 -14495.493506  21196.255290    396.418180  4  7  5  58       
PG24  14482.069712 -21683.867256   3282.526028   -467.744896  5  3  4  63       
PG25   1123.978652 -15604.417544 -21821.257745    497.297157  6  4  4  86       
PG26 -25608.352533  -4525.476317  -6519.633371    -33.306881  2  6  5  81       
PG27 -16851.453613  -2049.325721  20227.202391    -33.515549  3  4  7  83       
PG28 -12605.628826  -8527.585688 -21782.863620   -525.650705  5  7  6  74       
PG29  -2481.711888 -24543.856092  -9725.292922   -550.453012  6  7  8  82       
PG30   7670.375285  15415.767012  20312.196607   -247.433381  2  5  4  65       
PG31 -18045.207499   1107.605012 -19819.831160   -218.679424  5  6  5  87       
PG32 -16240.902747 -19178.043527  -8684.565843 999999.999999 12 15 13           
*  2025  1  3  8 30  0.00000000
PG01 -15929.336764  21214.885240   1273.704224 999999.999999 10  8  7           
PG02 -14340.696287  21577.907481   5269.949417   -276.867160  4  4  4  71       
PG03 -14156.854237  12288.571436 -18931.974564    638.530159  4  5  7  76       
PG04  -4755.460287  18417.274583 -18454.285202    506.111251  5  6  5  94       
PG05  25021.541438  -5649.545725   6845.608190   -197.911480  1  3  3  46       
PG06  11814.839319   8557.044241 -22119.773166    -91.595825  5  4  3  88       
PG07  -3652.112623  23372.853449  12146.560980    -13.978067  2  5  4  75       
PG08 -12968.901548   8273.703990  21517.245813    452.953504  5  5  6  49       
PG09   3667.731652  23128.663498 -12561.860778    513.681490  5  2  5  80       
PG10 -19088.725289 -10544.393068  15627.764074   -260.923321  4  6  5  61       
PG11  18166.366179  -3943.731725 -18906.215246   -752.445757  3  3  4  80       
PG12  17612.337456 -10615.105397 -17075.973790   -562.237493  5  4  4  81       
PG13  15956.135368   1592.289785  20984.606791    692.241235  3  5  4  70       
PG14  15513.815245  13015.687492  17352.790076    572.806405  4  4  3  65       
PG15  11380.621850 -10495.721307  21058.426752    247.212725  5  4  4  78       
PG16 -26676.710572  -1081.899719   2050.039424    -87.190116  4  6  3  56       
PG17  12931.355383  22923.942685  -2173.920291    491.268827  5  7  4  87       
PG18   2693.130023 -22405.274058  13854.844515   -659.039165  5  5  3  67       
PG19  16702.051503  17058.193505 -12228.085322    581.681568  5  7  4  77       
PG20  25874.432744   -526.455057  -5567.047142    367.373651  3  4  5  24       
PG21 -16585.569706  16819.092205  11308.555749     99.788121  4  6  5  76       
PG22  21211.131100  10565.703540  12056.926171    -90.229352  4  2  3  60       
PG23  -4612.183921 -14493.731113  21841.268908    396.424942  4  6  5  44       
PG24  14539.185166 -20991.798760   6037.739039   -467.741633  5  3  4  42       
PG25   3536.072838 -15523.518997 -21593.171535    497.296665  6  3  4  84       
PG26 -24756.227674  -4853.012883  -9097.694408    -33.320265  2  6  5  72       
PG27 -17857.826466  -4117.500619  19071.032757    -33.515100  3  4  8  88       
PG28 -11329.173931 -10649.203925 -21548.565176   -525.659739  4  7  5  95       
PG29  -1792.856068 -23477.686267 -12213.877292   -550.450096  7  7  8  77       
PG30   6360.163205  17247.629214  19231.490727   -247.425942  3  5  4  73       
PG31 -16855.221651   -827.230672 -20835.255545   -218.678673  5  6  5  72       
PG32 -16455.026109 -20042.503826  -6001.528552 999999.999999 12 15 14           
*  2025  1  3  8 45  0.00000000
PG01 -15976.874787  20817.339746   4105.488208 999999.999999 11  5  3           
PG02 -14283.507892  20823.977348   8023.074215   -276.859006  4  4  3  62       
PG03 -16196.517520  12221.338199 -17241.024159    638.537218  3  5  7  48       
PG04  -5939.885856  16562.826111 -19829.982678    506.116615  5  5  4  93       
PG05  25676.833481  -5489.547285   4057.202588   -197.912679  2  2  4  30       
PG06  10549.078739  10738.592294 -21796.159870    -91.620538  5  4  4  57       
PG07  -4455.896128  24294.115717   9675.243694    -13.977441  2  5  4  66       
PG08 -14347.369991   6207.226986  21378.728266    452.960899  4  5  6  63       
PG09   2655.440460  21933.659525 -14785.990933    513.695360  5  3  4  79       
PG10 -17249.322128 -10678.088813  17554.795167   -260.937671  4  6  5  43       
PG11  17098.320955  -1966.835244 -20171.565957   -752.445286  4  3  4  75       
PG12  19400.385425 -10368.874880 -15143.439899   -562.239556  5  3  4  73       
PG13  16834.252813   3811.281850  20022.209180    692.242610  4  4  4  51       
PG14  13453.310839  13174.377837  18868.363180    572.813049  4  4  3  81       
PG15  13019.783179  -8575.682182  20992.682152    247.217222  5  4  4  76       
PG16 -26773.200972  -1311.396987   -777.036898    -87.181527  4  6  3  36       
PG17  12764.301934  23158.992852    703.055709    491.253292  5  7  4  91       
PG18   3576.698371 -23572.471397  11493.658461   -659.038198  5  5  3  59       
PG19  17069.594574  18241.260164  -9772.839062    581.685557  6  7  3  43       
PG20  25139.874009   -103.074609  -8272.043642    367.373053  4  4  5  30       
PG21 -16278.918715  15409.868933  13695.593642     99.789576  4  6  5  50       
PG22  19734.620948  10686.643786  14343.095870    -90.231416  4  3  3  56       
PG23  -2117.759313 -14630.765230  22112.797832    396.431778  4  5  5  52       
PG24  14508.572089 -20016.657976   8685.149587   -467.738359  5  3  4  31       
PG25   5906.879160 -15564.236144 -21004.530548    497.296172  6  3  4  86       
PG26 -23643.724273  -5249.308159 -11523.635035    -33.333651  1  6  4  72       
PG27 -18888.985793  -5997.688844  17582.537966    -33.514693  4  5  8  91       
PG28 -10186.850722 -12792.399237 -20944.000077   -525.668795  5  7  5  90       
PG29   -927.207477 -22208.545534 -14491.437382   -550.446634  7  7  8  96       
PG30   5205.178311  19020.010037  17821.497604   -247.418401  3  5  4  70       
PG31 -15719.160043  -2904.629047 -21502.145155   -218.677865  5  6  5  80       
PG32 -16553.583653 -20629.493292  -3215.833047 999999.999999 12 15 14           
*  2025  1  3  9  0  0.00000000
PG01 -15887.964113  20147.921197   6866.614055 999999.999999 11  3  1           
PG02 -14157.620792  19786.106712  10637.153928   -276.850960  4  5  2  62       
PG03 -18031.223854  12252.312873 -15255.577725    638.544273  3  5  6  52       
PG04  -7293.940335  14659.530558 -20862.567456    506.121985  5  4  4  82       
PG05  26021.904320  -5324.392689   1199.014469   -197.913355  3  3  4  53       
PG06   9433.332453  12936.367135 -21094.495054    -91.645264  6  4  4  49       
PG07  -5095.145012  24994.509376   7036.830851    -13.977058  2  5  4  71       
PG08 -15803.013764   4245.832566  20869.194068    452.968332  4  5  7  74       
PG09   1442.900793  20602.368998 -16756.381544    513.709237  5  4  4  63       
PG10 -15221.284172 -10933.367880  19188.660705   -260.952090  4  6  5  51       
PG11  16078.353617    172.888454 -21088.097461   -752.444840  5  3  5  65       
PG12  20969.518937 -10212.154709 -12954.548257   -562.241548  5  2  4  18       
PG13  17771.180033   5860.808465  18710.366349    692.243779  4  4  4  48       
PG14  11249.654445  13445.463803  20062.743272    572.819698  4  4  4  71       
PG15  14725.617325  -6757.559788  20548.446387    247.221272  5  4  4  83       
PG16 -26566.141692  -1531.868498  -3591.149897    -87.173292  5  6  3  46       
PG17  12442.497814  23121.862917   3567.823567    491.237993  5  6  4  71       
PG18   4273.426934 -24534.509610   8932.606398   -659.037259  5  4  3  73       
PG19  17362.826431  19154.273436  -7154.329367    581.689392  6  7  2  57       
PG20  24138.861613    435.722649 -10833.144223    367.373003  4  5  5  23       
PG21 -15954.043356  13750.912740  15839.078571     99.791320  4  6  4  14       
PG22  18026.433793  10880.281130  16384.505231    -90.233490  4  3  3  56       
PG23    376.652301 -14907.684062  22005.515006    396.438586  4  4  4  41       
PG24  14426.618987 -18761.063045  11176.872645   -467.735087  5  3  4  44       
PG25   8191.313284 -15716.898517 -20064.123292    497.295735  6  3  4  68       
PG26 -22295.705758  -5742.058441 -13756.967157    -33.347021  1  6  4  61       
PG27 -19906.666389  -7664.953900  15789.172264    -33.514262  5  5  8  91       
PG28  -9193.180462 -14910.918697 -19979.529146   -525.677780  5  7  4  76       
PG29    127.952952 -20777.414613 -16518.890170   -550.443733  7  7  7  85       
PG30   4209.266753  20688.568969  16105.497900   -247.410896  3  5  4  59       
PG31 -14667.046588  -5089.567003 -21808.587471   -218.677325  4  5  5  87       
PG32 -16500.430686 -20950.124547   -375.284953 999999.999999 12 15 14           
*  2025  1  3  9 15  0.00000000
PG01 -15699.965643  19199.839614   9509.573817 999999.999999 11  1  4           
PG02 -14002.981204  18473.668235  13068.064373   -276.842988  4  5  2  50       
PG03 -19625.914040  12351.417609 -13009.010185    638.551351  2  5  6  75       
PG04  -8803.501470  12753.824246 -21534.574814    506.127384  5  4  4  69       
PG05  26056.474202  -5115.617124  -1679.764260   -197.914643  4  3  4  40       
PG06   8480.928930  15100.887538 -20026.663311    -91.669942  6  4  4  74       
PG07  -5592.065499  25441.550858   4276.001288    -13.976179  2  5  5  74       
PG08 -17301.846564   2423.363441  19998.907135    452.975771  4  6  7  80       
PG09     30.729131  19178.649114 -18439.564635    513.723121  5  4  4  59       
PG10 -13046.863971 -11328.969629  20501.885198   -260.966439  4  6  5  38       
PG11  15138.842806   2439.152447 -21640.076821   -752.444439  6  3  5  78       
PG12  22289.004510 -10115.622087 -10545.713356   -562.243420  5  2  4  46       
PG13  18731.133706   7708.806995  17072.958026    692.244935  4  3  4  59       
PG14   8946.213161  13841.115718  20915.090480    572.826300  4  4  4  84       
PG15  16459.782022  -5072.854336  19734.526488    247.225315  5  3  5  73       
PG16 -26061.078746  -1780.204422  -6345.464869    -87.164469  5  6  3  52       
PG17  11937.134309  22837.340797   6370.794072    491.222931  5  6  4  76       
PG18   4803.449451 -25255.012890   6216.032523   -659.036349  4  4  3  59       
PG19  17542.609807  19798.162344  -4416.280517    581.693669  6  7  2  49       
PG20  22901.219850   1115.933565 -13205.718292    367.372846  5  5  6  33       
PG21 -15649.258488  11867.104996  17703.590183     99.792846  3  6  5  29       
PG22  16121.281069  11173.255802  18147.729664    -90.235471  4  4  4  49       
PG23   2821.079445 -15317.156912  21520.543755    396.445480  4  3  4  27       
PG24  14329.669154 -17236.638171  13467.577601   -467.731796  5  3  4  20       
PG25  10346.821115 -15964.544303 -18786.545087    497.295271  6  3  4  68       
PG26 -20743.083796  -6354.054488 -15760.343039    -33.360423  2  6  4  66       
PG27 -20870.252385  -9102.641760  13723.415712    -33.513856  6  5  8  86       
PG28  -8354.614400 -16957.436552 -18671.690290   -525.686795  5  7  4  60       
PG29   1377.322353 -19228.489240 -18261.563146   -550.440729  7  6  7  79       
PG30   3368.572078  22210.119118  14112.163754   -247.403377  4  5  4  73       
PG31 -13722.884028  -7341.939091 -21748.511333   -218.676416  4  5  5  80       
PG32 -16263.294438 -21023.395594   2471.667454 999999.999999 12 15 13           
*  2025  1  3  9 30  0.00000000
PG01 -15451.848660  17974.923327  11988.903674 999999.999999 11  2  7           
PG02 -13858.077481  16904.462474  15275.391336   -276.834913  4  5  2  46       
PG03 -20952.739131  12483.539583 -10539.293942    638.558392  2  5  6  58       
PG04 -10446.544676  10889.740420 -21834.829937    506.132758  5  4  4  77       
PG05  25789.236943  -4825.852069  -4529.800385   -197.915755  4  2  5  65       
PG06   7696.555296  17181.902022 -18610.979664    -91.694623  6  4  4  74       
PG07  -5974.438834  25609.269944   1440.265209    -13.975535  3  4  5  76       
PG08 -18805.535239    766.846501  18784.289277    452.983235  5  6  7  60       
PG09  -1572.148835  17706.838695 -19807.049285    513.737000  5  5  4  81       
PG10 -10772.027084 -11875.990625  21472.152527   -260.980830  4  6  6  58       
PG11  14305.999198   4790.200496 -21818.107431   -752.443927  7  4  5  50       
PG12  23335.185499 -10045.586509  -7957.270315   -562.245567  4  1  4  63       
PG13  19674.484613   9331.043569  15139.423884    692.246151  4  3  4  73       
PG14   6588.822746  14365.994103  21410.284211    572.832905  3  4  4  69       
PG15  18180.241594  -3545.888900  18566.605524    247.229538  5  3  5  78       
PG16 -25271.701689  -2091.699632  -8994.446275    -87.156033  5  6  3  60       
PG17  11225.435648  22336.837854   9063.963148    491.207581  5  5  4  73       
PG18   5193.446880 -25703.908672   3391.124413   -659.035455  4  4  4  74       
PG19  17571.732667  20182.050922  -1604.396409    581.697650  6  6  2  72       
PG20  21462.983801   1957.365518 -15348.423871    367.372470  5  5  6  39       
PG21 -15398.826812   9790.541833  19259.383798     99.793908  4  6  5  36       
PG22  14059.084646  11586.032221  19604.314554    -90.237387  3  4  4  74       
PG23   5167.532657 -15843.669365  20665.487613    396.452348  4  2  4  50       
PG24  14252.378124 -15463.765677  15515.445240   -467.728512  5  3  4  43       
PG25  12334.800423 -16283.550570 -17192.051267    497.294825  6  4  5  74       
PG26 -19021.755219  -7102.160360 -17500.126242    -33.373820  2  5  3  93       
PG27 -21738.381702 -10302.736316  11422.107694    -33.513450  6  5  8  71       
PG28  -7669.420754 -18885.231173 -17042.918513   -525.695768  5  7  4  79       
PG29   2817.215576 -17607.509943 -19689.775369   -550.437316  7  6  6  87       
PG30   2671.823171  23544.212043  11875.125746   -247.395895  4  5  4  65       
PG31 -12903.790951  -9617.850459 -21321.842034   -218.675830  5  5  5  95       
PG32 -15815.125924 -20875.292820   5276.736803 999999.999999 12 15 13           
*  2025  1  3  9 45  0.00000000
PG01 -15182.547816  16483.695927  14261.965636 999999.999999 12  5  9           
PG02 -13758.349320  15104.074589  17223.020892   -276.826669  4  6  3  36       
PG03 -21992.017893  12609.995127  -7888.393467    638.565462  2  5  6  62       
PG04 -12193.858679   9107.335976 -21758.612620    506.138146  5  4  4  88       
PG05  25237.447959  -4420.449122  -7302.454167   -197.916477  5  3  5  44       
PG06   7076.203329  19130.207769 -16871.879475    -91.719344  7  4  5  77       
PG07  -6274.388578  25479.368382  -1420.841304    -13.974968  3  4  5  71       
PG08 -20272.831911   -704.308681  17247.539829    452.990630  5  6  8  78       
PG09  -3348.664430  16230.101661 -20835.779084    513.750826  5  5  4  79       
PG10  -8444.903360 -12577.345302  22082.669676   -260.995204  4  6  6  36       
PG11  13598.896221   7180.234169 -21619.283214   -752.443431  7  5  5  64       
PG12  24092.311150  -9965.406451  -5232.857448   -562.247557  4  1  4  64       
PG13  20559.340534  10711.803353  12944.170840    692.247442  4  3  4  77       
PG14   4224.224797  15016.960536  21539.212907    572.839516  3  4  4  82       
PG15  19842.888282  -2193.046611  17066.848846    247.233678  5  3  5  71       
PG16 -24219.313575  -2498.580876 -11494.517811    -87.147280  5  6  2  66       
PG17  10291.662563  21657.021183  11601.715973    491.192823  5  4  4  76       
PG18   5475.405010 -25858.632177    507.070087   -659.034584  4  3  4  64       
PG19  17416.420926  20322.789212   1234.332964    581.701327  6  6  2  87       
PG20  19865.039513   2972.654713 -17223.954643    367.372121  5  6  6  52       
PG21 -15231.601080   7559.320194  20482.717948     99.795036  4  6  5  49       
PG22  11883.568352  12132.055436  20731.135963    -90.239390  3  4  5  80       
PG23   7371.665249 -16464.088499  19454.350599    396.459209  5  2  4  48       
PG24  14226.137642 -13470.969330  17283.062002   -467.725218  5  3  4  48       
PG25  14121.897264 -16644.529341 -15306.323871    497.294358  5  4  5  75       
PG26 -17171.368591  -7996.511565 -18946.914359    -33.387313  2  5  3  86       
PG27 -22470.565375 -11265.877678   8925.729540    -33.513006  7  5  8 102       
PG28  -7127.896374 -20649.848945 -15121.165305   -525.704784  5  7  3  87       
PG29   4435.534558 -15960.051367 -20779.326235   -550.434211  6  6  6  80       
PG30   2100.919587  24654.643954   9432.442153   -247.388379  4  5  3  57       
PG31 -12219.396061 -11871.065431 -20534.574536   -218.675205  5  4  5  83       
PG32 -15135.251293 -20537.650807   7992.579666 999999.999999 13 15 13           
*  2025  1  3 10  0  0.00000000
PG01 -14929.332204  14745.125777  16289.679615 999999.999999 12  7 10           
PG02 -13734.757303  13104.959133  18879.627532   -276.818705  4  6  3  59       
PG03 -22732.895854  12690.152000  -5101.580921    638.572583  3  5  6  61       
PG04 -14010.046088   7441.289074 -21307.707346    506.143536  4  4  4  79       
PG05  24426.201808  -3868.990685  -9950.588776   -197.917405  5  3  5  64       
PG06   6607.468106  20899.441322 -14839.493694    -91.744050  7  4  5  67       
PG07  -6526.942336  25042.107999  -4256.649549    -13.974447  3  3  5  79       
PG08 -21661.111777  -1978.803473  15416.167452    452.998008  6  6  8  64       
PG09  -5274.085586  14788.834308 -21508.495961    513.764699  5  5  4  90       
PG10  -6114.160022 -13427.531341  22322.460077   -261.009635  4  5  6  29       
PG11  13028.793226   9560.998735 -21047.227649   -752.443004  7  5  5  93       
PG12  24553.085024  -9837.041841  -2418.728222   -562.249622  4  1  3  59       
PG13  21343.213718  11844.241774  10525.904656    692.248400  4  4  4  84       
PG14   1898.465989  15783.095857  21298.970054    572.846167  4  4  4  87       
PG15  21403.245162  -1022.358199  15263.371755    247.237735  6  3  5  70       
PG16 -22932.048016  -3028.660589 -13804.680594    -87.138759  5  5  3  69       
PG17   9127.831668  20838.280504  13941.556062    491.177651  5  4  4  79       
PG18   5685.157588 -25705.048879  -2385.829279   -659.033710  4  3  4  82       
PG19  17047.740171  20244.210777   4052.348005    581.705820  6  6  2  79       
PG20  18151.584294   4166.572277 -18799.711713    367.371945  6  6  6  58       
PG21 -15169.938158   5216.135122  21356.037629     99.796477  4  6  5  64       
PG22   9640.739651  12817.189403  21510.668228    -90.241441  2  4  5  73       
PG23   9394.304339 -17148.539985  17907.345766    396.466040  5  1  4  41       
PG24  14277.639924 -11293.951122  18738.222485   -467.721902  4  3  4  47       
PG25  15681.128619 -17013.463013 -13160.148490    497.293897  5  4  4  94       
PG26 -15233.962345  -9039.961585 -20076.008212    -33.400683  2  4  3  84       
PG27 -23028.759455 -12001.053149   6277.653591    -33.512462  7  5  8  99       
PG28  -6712.894568 -22210.691698 -12939.423463   -525.713834  5  7  3  90       
PG29   6212.067233 -14329.837386 -21511.885248   -550.431251  6  6  6  98       
PG30   1631.795295  25510.823052   6825.976008   -247.380931  4  5  4  82       
PG31 -11671.515447 -14054.563352 -19398.759226   -218.674404  4  4  5  73       
PG32 -14210.282936 -20046.814713  10573.548892 999999.999999 13 15 13           
*  2025  1  3 10 15  0.00000000
PG01 -14726.250116  12786.057400  18037.193372 999999.999999 12  8 11           
PG02 -13812.560426  10945.295549  20219.061565   -276.810366  5  6  4  31       
PG03 -23173.677236  12683.148518  -2226.681829    638.579678  4  5  5  64       
PG04 -15854.768781   5919.720258 -20490.340085    506.148911  4  4  5  72       
PG05  23387.430087  -3146.631147 -12429.342335   -197.918618  6  2  5  13       
PG06   6270.187689  22447.769807 -12549.116862    -91.768773  7  4  5  82       
PG07  -6768.442747  24296.878902  -7016.322754    -13.973801  3  3  5  77       
PG08 -22927.956008  -3053.624845  13322.447586    453.005410  7  6  8  79       
PG09  -7316.790600  13419.195831 -21814.006452    513.778579  4  5  4  56       
PG10  -3827.352025 -14412.711080  22186.581532   -261.024042  4  5  6  17       
PG11  12598.776529  11883.466336 -20112.017728   -752.442503  8  5  5  72       
PG12  24718.907081  -9622.685409    437.000032   -562.251586  4  1  3  10       
PG13  21984.705827  12730.390034   7926.902322    692.249854  4  4  4  78       
PG14   -344.681333  16646.028518  20692.950585    572.852752  4  4  4  65       
PG15  22818.174399    -33.450168  13189.589532    247.241712  6  3  5  53       
PG16 -21443.863135  -3704.160763 -15887.086983    -87.130410  5  5  3  64       
PG17   7734.130681  19923.093319  16044.751491    491.162498  5  3  4  73       
PG18   5860.774242 -25238.055888  -5237.072754   -659.032755  5  3  4  58       
PG19  16442.836296  19976.141303   6802.252437    581.709663  6  5  3  79       
PG20  16368.468978   5535.647013 -20048.386455    367.371628  6  6  6  61       
PG21 -15228.912825   2806.752547  21868.027952     99.797944  4  6  5  55       
PG22   7377.317185  13639.450289  21931.162321    -90.243250  2  4  5  74       
PG23  11202.792081 -17861.566464  16050.591807    396.472860  5  1  3  33       
PG24  14427.650236  -8974.321768  19854.613969   -467.718589  4  3  4  56       
PG25  16992.786798 -17353.043085 -10788.998926    497.293413  5  4  4  69       
PG26 -13252.520837 -10227.798068 -20867.821964    -33.414094  2  4  2  80       
PG27 -23378.831388 -12524.982291   3523.374361    -33.511923  7  5  7  62       
PG28  -6400.648441 -23532.467015 -10535.165008   -525.722842  5  7  2  44       
PG29   8119.103071 -12757.146368 -21875.278036   -550.427991  6  5  5  80       
PG30   1235.530101  26088.941720   4100.688137   -247.373452  4  5  3  67       
PG31 -11254.129628 -16122.148122 -17932.394907   -218.673982  4  3  4  95       
PG32 -13034.759966 -19442.156777  12976.406444 999999.999999 14 15 13           
*  2025  1  3 10 30  0.00000000
PG01 -14602.709997  10640.346290  19474.479047 999999.999999 13  8 11           
PG02 -14010.339003   8667.662652  21220.639673   -276.802200  5  6  4  41       
PG03 -23321.813145  12549.643105    686.738051    638.586809  4  5  5  80       
PG04 -17684.188878   4563.280359 -19321.005123    506.154282  4  4  5  70       
PG05  22158.660227  -2235.219474 -14696.851961   -197.919411  6  3  5  40       
PG06   6037.398121  23739.415126 -10040.577865    -91.793503  7  4  5  89       
PG07  -7034.873079  23252.410310  -9649.870013    -13.973294  3  2  5  77       
PG08 -24032.719606  -3933.902317  11002.819064    453.012790  7  6  7  72       
PG09  -9439.306192  12151.816304 -21747.347995    513.792442  3  5  3  64       
PG10  -1629.306838 -15511.110091  21676.263442   -261.038487  4  5  6  37       
PG11  12303.731139  14099.551371 -18829.995061   -752.441998  8  5  5  92       
PG12  24599.794501  -9286.411044   3285.151070   -562.253620  4  1  3  45       
PG13  22445.144524  13380.822070   5192.241635    692.250945  4  5  4  61       
PG14  -2465.217680  17580.564188  19730.842960    572.859413  4  4  4  87       
PG15  24047.516865    782.153580  10883.473635    247.245683  6  4  4  66       
PG16 -19793.348036  -4540.744207 -17707.568172    -87.121994  5  5  3  69       
PG17   6119.021889  18954.352648  17876.893628    491.147281  5  3  3  55       
PG18   6040.859345 -24461.836525  -7996.879885   -659.031841  5  4  4  78       
PG19  15585.969504  19553.191296   9437.555439    581.713755  7  5  3  72       
PG20  14561.488748   7068.120501 -20948.443001    367.371311  7  6  6  73       
PG21 -15415.844613    378.420836  22013.555250     99.799369  5  6  5  49       
PG22   5139.159382  14589.037622  21986.739658    -90.245383  1  5  5  64       
PG23  12772.083382 -18563.524873  13915.699683    396.479652  5  2  3  48       
PG24  14690.045917  -6558.081284  20612.360967   -467.715275  3  3  5  44       
PG25  18045.087096 -17624.167175  -8232.528958    497.292939  5  4  4  80       
PG26 -11269.497796 -11547.741524 -21308.228318    -33.427477  2  4  2  69       
PG27 -23491.869519 -12861.227930    709.735715    -33.511402  7  5  7  80       
PG28  -6161.857629 -24586.445815  -7949.701374   -525.731920  5  7  2  72       
PG29  10122.340412 -11277.366762 -21863.665854   -550.425118  6  5  5  82       
PG30    879.667051  26372.903618   1303.857110   -247.365933  4  5  3  81       
PG31 -10953.667044 -18030.054114 -16159.224337   -218.673390  4  3  4  80       
PG32 -11611.497671 -18764.502319  15160.989228 999999.999999 14 14 13           
*  2025  1  3 10 45  0.00000000
PG01 -14582.252679   8347.730071  20576.846316 999999.999999 13  8 12           
PG02 -14339.289725   6317.583792  21869.344159   -276.794083  5  6  5  78       
PG03 -23193.542586  12253.525130   3588.231480    638.593965  5  5  5  62       
PG04 -19452.549095   3384.537653 -17820.187030    506.159611  4  5  5  72       
PG05  20781.583657  -1124.162975 -16714.920553   -197.920776  7  3  5  39       
PG06   5876.564947  24745.950192  -7357.525692    -91.818238  7  5  5  90       
PG07  -7360.170665  21926.601889 -12109.182863    -13.972491  4  2  4  53       
PG08 -24938.026593  -4632.459947   8497.232889    453.020198  7  5  7  69       
PG09 -11599.570551  11010.729299 -21309.854210    513.806273  3  4  3  78       
PG10    439.399174 -16693.723549  20798.957984   -261.052874  4  5  6  50       
PG11  12130.642888  16163.792031 -17223.468371   -752.441582  8  5  4  98       
PG12  24213.978233  -8795.774520   6076.336410   -562.255707  4  2  3  31       
PG13  22690.109693  13814.002900   2369.003758    692.252155  4  5  4  34       
PG14  -4428.276547  18555.596083  18428.513643    572.866006  4  3  4  64       
PG15  25055.595302   1440.400050   8386.739251    247.249884  6  4  4  52       
PG16 -18022.382263  -5546.783793 -19236.113966    -87.113424  5  5  3  58       
PG17   4299.037956  17973.719879  19408.366514    491.131798  5  3  3  57       
PG18   6262.832039 -23389.756923 -10617.098194   -659.030927  6  4  4  86       
PG19  14469.302137  19013.373596  11913.414994    581.717926  6  4  2  77       
PG20  12774.690999   8744.236483 -21484.491289    367.371017  7  6  5  58       
PG21 -15730.137824  -2021.719129  21793.513494     99.800584  5  6  5  58       
PG22   2969.747219  15648.656428  21677.406265    -90.247108  2  5  5  82       
PG23  14085.554962 -19212.170009  11539.253669    396.486467  5  3  3  46       
PG24  15071.166579  -4093.918876  20998.413422   -467.711933  3  3  5  60       
PG25  18834.528008 -17787.541319  -5533.972635    497.292470  4  4  4  52       
PG26  -9325.358496 -12980.230251 -21388.832676    -33.440890  2  3  2  79       
PG27 -23345.291853 -13039.073018  -2115.834090    -33.510941  7  5  7  60       
PG28  -5962.996101 -25351.478873  -5227.476497   -525.740948  4  7  1  74       
PG29  12182.049873  -9919.756703 -21477.617584   -550.421881  7  5  5  71       
PG30    529.684481  26354.964688  -1515.760246   -247.358451  4  5  3  76       
PG31 -10749.589786 -19738.489123 -14108.428796   -218.672587  3  2  3  94       
PG32  -9951.635830 -18054.522621  17090.821508 999999.999999 14 14 12           
*  2025  1  3 11  0  0.00000000
PG01 -14681.562545   5952.478951  21325.363706 999999.999999 13  8 12           
PG02 -14802.809206   3941.995893  22155.937300   -276.785944  5  6  5  63       
PG03 -22813.196731  11763.518022   6427.359010    638.601093  5  5  6  68       
PG04 -21113.831549   2387.684953 -16013.984359    506.164976  5  5  5  51       
PG05  19300.487829    188.998065 -18449.618474   -197.921782  7  4  4  74       
PG06   5751.041012  25447.315535  -4546.644498    -91.843010  6  5  6 100       
PG07  -7774.605662  20345.971260 -14349.063915    -13.971981  5  2  4  56       
PG08 -25611.139556  -5169.086668   5848.465501    453.027686  7  5  7  87       
PG09 -13752.374092  10012.567676 -20509.119418    513.820163  2  4  3  64       
PG10   2343.817256 -17925.310332  19568.299923   -261.067336  4  5  5  42       
PG11  12059.217728  18034.933544 -15320.313510   -752.441098  8  5  4  94       
PG12  23587.185040  -8123.301663   8761.829467   -562.257887  4  2  3  26       
PG13  22690.793308  14055.349711   -494.536398    692.253376  4  4  4  41       
PG14  -6205.292870  19535.264234  16807.782368    572.872610  5  3  4  88       
PG15  25812.522295   1963.782651   5743.989366    247.253945  6  4  4  68       
PG16 -16174.692478  -6722.893068 -20447.303040    -87.104918  5  5  2  69       
PG17   2298.284821  17020.061360  20614.727257    491.116621  5  4  3  70       
PG18   6561.258490 -22043.908584 -13052.078534   -659.030028  6  4  4  85       
PG19  13093.408165  18396.593228  14187.373483    581.722145  6  3  2  77       
PG20  11048.767584  10536.852653 -21647.544250    367.370642  7  6  5  58       
PG21 -16163.423739  -4348.170825  21214.593402     99.802018  5  5  5  65       
PG22    908.770820  16794.114600  21008.992159    -90.249082  1  5  5  88       
PG23  15135.491466 -19764.363127   8962.193777    396.493298  5  4  3  63       
PG24  15569.504206  -1631.410296  21006.768649   -467.708598  3  3  5  46       
PG25  19365.942922 -17805.327899  -2739.457153    497.291991  4  4  3  63       
PG26  -7457.192319 -14498.985777 -21107.169909    -33.454239  3  3  2  95       
PG27 -22923.719248 -13092.209836  -4906.069574    -33.510532  8  5  7  86       
PG28  -5767.790015 -25814.733037  -2415.304662   -525.749962  4  7  1  83       
PG29  14254.448852  -8706.453061 -20724.074977   -550.418914  7  5  5  70       
PG30    150.563674  26036.058105  -4308.811637   -247.350960  3  5  4  74       
PG31 -10615.265794 -21213.055004 -11814.219735   -218.671839  3  3  3  93       
PG32  -8074.386025 -17351.152187  18733.668437 999999.999999 14 14 12           
*  2025  1  3 11 15  0.00000000
PG01 -14909.755886   3501.876797  21707.181164 999999.999999 13  8 12           
PG02 -15396.372399   1587.695336  22076.997526   -276.777871  6  6  6  66       
PG03 -22212.190677  11054.608579   9154.592045    638.608212  5  4  6  83       
PG04 -22623.431675   1568.574891 -13933.643027    506.170330  6  5  5  45       
PG05  17760.610552   1698.324407 -19871.813486   -197.922992  7  4  4  79       
PG06   5621.690978  25832.516132  -1656.813875    -91.867766  6  5  6  94       
PG07  -8303.302657  18544.732840 -16328.214619    -13.971218  5  2  4  94       
PG08 -26025.156297  -5569.557134   3101.407786    453.035166  8  4  6  85       
PG09 -15850.924443   9166.051270 -19358.863830    513.834038  3  4  3  85       
PG10   4055.803650 -19165.644171  18003.970210   -261.081727  4  4  5  51       
PG11  12062.792657  19677.352780 -13153.478847   -752.440613  8  5  3  71       
PG12  22751.627833  -7247.801396  11294.450719   -562.259642  4  2  3  52       
PG13  22425.144778  14136.046702  -3349.718410    692.254251  4  5  5  60       
PG14  -7774.932937  20480.321482  14896.088619    572.879201  5  3  4  81       
PG15  26295.265732   2380.172245   3001.839289    247.257879  7  4  3  63       
PG16 -14294.353329  -8061.734005 -21320.681571    -87.095885  5  5  3  78       
PG17    147.675724  16128.021892  21476.999433    491.101327  5  4  3  85       
PG18   6966.305173 -20454.315769 -15259.499867   -659.029096  6  4  4  86       
PG19  11467.480871  17743.062666  16220.075495    581.726240  6  3  2  78       
PG20   9419.594890  12412.349881 -21435.155355    367.370489  7  6  4  72       
PG21 -16699.984859  -6558.517791  20288.990171     99.803408  5  5  5  65       
PG22  -1009.134968  17995.171731  19993.020320    -90.250945  2  5  5  85       
PG23  15923.226801 -20177.838104   6229.109124    396.500100  4  4  3  65       
PG24  16175.744433    780.805071  20638.523951   -467.705252  3  3  5  64       
PG25  19652.233418 -17642.774874    102.764499    497.291474  4  4  3  63       
PG26  -5697.446198 -16071.843373 -20466.817320    -33.467614  3  4  2  90       
PG27 -22219.587187 -13057.292200  -7614.589458    -33.510154  8  5  7  86       
PG28  -5538.807911 -25972.118636    438.433909   -525.758999  3  7  1  80       
PG29  16293.234655  -7651.765494 -19616.213380   -550.416202  8  5  5  72       
PG30   -291.612253  25425.786074  -7026.257123   -247.343477  3  5  4  74       
PG31 -10519.100119 -22425.988847  -9315.327766   -218.671255  3  2  3  85       
PG32  -6006.488081 -16690.086322  20062.025948 999999.999999 14 13 12           
*  2025  1  3 11 30  0.00000000
PG01 -15267.974025   1044.590582  21715.748670 999999.999999 13  7 12           
PG02 -16107.702934   -700.187906  21634.883833   -276.769608  6  5  6  72       
PG03 -21427.740244  10109.242337  11722.211702    638.615468  5  5  6  82       
PG04 -23939.784001    915.079247 -11615.008439    506.175690  7  5  6  59       
PG05  16206.477093   3389.529001 -20957.623414   -197.924081  7  5  4  60       
PG06   5448.616279  25899.971503   1261.768583    -91.892524  5  5  6  80       
PG07  -8964.977948  16563.542898 -18010.148730    -13.970952  5  2  4  84       
PG08 -26159.993762  -5864.442977    302.340078    453.042645  8  4  6  64       
PG09 -17848.477877   8471.784411 -17878.701933    513.847894  4  5  4  59       
PG10   5554.951269 -20370.980991  16131.459300   -261.096125  3  4  5  45       
PG11  12109.501478  21062.270290 -10760.405440   -752.440118  7  5  3  93       
PG12  21744.739843  -6155.446399  13629.445698   -562.261843  5  3  3  12       
PG13  21878.762767  14091.662408  -6148.291048    692.255381  5  4  5  80       
PG14  -9123.747417  21349.654950  12726.051949    572.885810  5  3  4  93       
PG15  26488.437062   2721.460000    208.043304    247.262066  7  4  3  61       
PG16 -12424.281213  -9548.109767 -21841.087513    -87.087443  6  5  2  87       
PG17  -2116.071649  15326.781502  21981.882551    491.086122  6  4  3  79       
PG18   7502.376590 -18657.840607 -17201.126451   -659.028189  6  4  4  82       
PG19   9609.225132  17091.699661  17975.956744    581.730584  5  2  2  89       
PG20   7916.978606  14331.801904 -20851.435469    367.370303  7  6  3  77       
PG21 -17317.433922  -8614.716985  19034.063731     99.804691  5  5  5  69       
PG22  -2755.466247  19216.608653  18646.509059    -90.252786  3  5  5  94       
PG23  16458.932725 -20412.954276   3387.454409    396.506926  4  5  3  67       
PG24  16873.152544   3096.785672  19901.763611   -467.701944  4  3  5  66       
PG25  19713.786854 -17269.759702   2943.150557    497.290990  4  4  3  59       
PG26  -4072.826602 -17661.822573 -19477.417513    -33.481038  3  4  2  91       
PG27 -21233.479719 -12972.404012 -10196.586086    -33.509750  7  5  7  88       
PG28  -5239.101020 -25828.391420   3284.625883   -525.768037  4  7  2  86       
PG29  18251.218241  -6761.780162 -18173.201602   -550.412876  8  4  5  83       
PG30   -828.095079  24542.075393  -9620.282150   -247.336039  3  5  4  79       
PG31 -10425.886385 -23357.172234  -6654.391901   -218.670521  3  2  3  95       
PG32  -3781.395243 -16102.411739  21053.542755 999999.999999 13 12 11           
*  2025  1  3 11 45  0.00000000
PG01 -15749.296991  -1371.009895  21350.927354 999999.999999 13  6 12           
PG02 -16917.223947  -2879.639279  20837.634229   -276.761350  6  5  6  59       
PG03 -20501.353343   8918.233517  14085.184710    638.622636  5  5  6  71       
PG04 -25025.878815    407.756052  -9097.906281    506.181040  8  5  6  33       
PG05  14680.280372   5240.342479 -21688.787027   -197.925115  8  5  4  75       
PG06   5192.910341  25657.506418   4158.484664    -91.917295  4  5  5  76       
PG07  -9770.956017  14447.964269 -19363.999588    -13.970089  5  2  4  93       
PG08 -26003.127361  -6087.760216  -2501.797712    453.050083  8  4  6  70       
PG09 -19699.977081   7922.369949 -16093.817683    513.861786  4  5  5  53       
PG10   6829.236401 -21495.692213  13981.727370   -261.110531  3  3  4  71       
PG11  12163.648920  22168.704319  -8182.372764   -752.439612  7  5  2  93       
PG12  20607.700020  -4840.572154  15725.336186   -562.263896  5  3  3  50       
PG13  21045.504588  13960.623857  -8843.182764    692.256556  5  4  5  99       
PG14 -10246.519475  22101.904428  10334.931209    572.892405  4  2  4  83       
PG15  26384.780935   3022.073014  -2589.357741    247.266033  7  3  4  58       
PG16 -10604.770261 -11159.342174 -21998.916972    -87.078718  6  5  2  71       
PG17  -4451.636556  14639.034241  22121.881241    491.070654  6  4  3  82       
PG18   8186.992728 -16696.831239 -18843.482445   -659.027313  6  4  4  95       
PG19   7544.431507  16478.567186  19423.891969    581.734577  5  2  2  91       
PG20   6563.651178  16252.358292 -19906.950540    367.369774  7  6  2  18       
PG21 -17987.615062 -10484.215720  17471.962940     99.806462  5  5  6  67       
PG22  -4308.703412  20419.480815  16991.710829    -90.254843  4  5  5  80       
PG23  16761.061182 -20434.364466    486.704026    396.513731  5  5  3  58       
PG24  17638.280977   5274.911313  18811.290144   -467.698602  4  3  5  74       
PG25  19577.594263 -16662.181835   5731.763032    497.290487  4  4  3  42       
PG26  -2603.413128 -19228.403254 -18154.605419    -33.494371  4  4  2  88       
PG27 -19974.178520 -12875.498381 -12609.477928    -33.509387  7  4  7  86       
PG28  -4833.829383 -25396.924951   6074.271590   -525.777086  4  7  2  83       
PG29  20081.997309  -6034.286017 -16419.865841   -550.409750  9  4  4  73       
PG30  -1486.010142  23410.508303 -12045.195005   -247.328553  3  5  4  72       
PG31 -10298.329072 -23994.863276  -3877.255055   -218.669841  3  2  4  75       
PG32  -1438.216480 -15613.418262  21691.370555 999999.999999 12 12 11           
*  2025  1  3 12  0  0.00000000
PG01 -16338.981172  -3698.518248  20618.991376 999999.999999 12  6 12           
PG02 -17798.770256  -4913.086861  19698.803042   -276.753175  6  5  7  26       
PG03 -19477.155622   7481.349259  16201.997391    638.629858  4  5  6  83       
PG04 -25850.613346     20.796874  -6425.462707    506.186394  8  5  6  80       
PG05  13220.362594   7221.179360 -22052.949422   -197.925647  8  6  4  75       
PG06   4818.373113  25121.984320   6983.194941    -91.942058  4  5  5  77       
PG07 -10724.515136  12246.720061 -20365.192928    -13.969377  5  2  4  88       
PG08 -25550.062995  -6275.502982  -5264.132563    453.057461  7  4  5  91       
PG09 -21363.634911   7502.834906 -14034.551124    513.875663  5  5  6  82       
PG10   7875.350404 -22494.005628  11590.760392   -261.124948  3  2  4  67       
PG11  12187.238788  22984.131480  -5463.781837   -752.439044  7  5  2  56       
PG12  19383.807236  -3306.155871  17544.724387   -562.265921  5  3  4  35       
PG13  19927.794871  13782.605458 -11389.238743    692.257812  6  4  5  90       
PG14 -11146.291760  22697.114071   7763.990349    572.899018  4  2  4  66       
PG15  25985.357718   3317.425279  -5342.852458    247.270148  7  3  5  50       
PG16  -8872.119452 -12865.925213 -21790.328205    -87.070268  6  5  2  58       
PG17  -6814.451735  14080.219570  21895.357903    491.055816  6  5  3  82       
PG18   9029.951045 -14617.568597 -20158.431282   -659.026390  6  4  4  72       
PG19   5306.240893  15935.415382  20537.788811    581.738935  4  3  2  79       
PG20   5374.559304  18128.785350 -18618.504085    367.369778  7  6  2  21       
PG21 -18677.690736 -12140.865106  15629.222579     99.807669  5  5  6  59       
PG22  -5654.915383  21562.513599  15055.789859    -90.256819  4  6  5  72       
PG23  16855.461428 -20212.529416  -2422.539577    396.520519  5  5  2  71       
PG24  18441.960361   7279.301398  17388.214872   -467.695293  4  4  4  66       
PG25  19276.098175 -15803.141349   8419.198249    497.289929  4  4  4  52       
PG26  -1302.020483 -20728.964136 -16519.834585    -33.507728  4  4  2  74       
PG27 -18458.429053 -12802.860976 -14813.521391    -33.509020  6  4  7  76       
PG28  -4291.809882 -24699.162121   8759.330940   -525.786018  4  7  2  55       
PG29  21741.606298  -5459.024622 -14386.263713   -550.406765  9  3  4  55       
PG30  -2287.059573  22063.354434 -14258.287775   -247.321109  3  5  4  89       
PG31 -10098.678097 -24336.115767  -1032.175259   -218.669238  4  2  4  63       
PG32    979.547789 -15241.633610  21964.438737 999999.999999 11 12 10           
*  2025  1  3 12 15  0.00000000
PG01 -17015.011906  -5895.080498  19532.520528 999999.999999 12  8 12           
PG02 -18720.535914  -6768.566314  18237.240854   -276.745063  6  4  6  81       
PG03 -18400.117792   5807.541059  18035.429168    638.636989  4  5  6  76       
PG04 -26389.927572   -276.783427  -3643.375133    506.191759  8  5  7  65       
PG05  11859.852790   9296.080976 -22043.858978   -197.926498  8  6  4  75       
PG06   4293.116081  24318.600014   9687.122632    -91.966815  3  5  5  73       
PG07 -11820.595124  10009.817640 -20995.962321    -13.968961  5  2  4  85       
PG08 -24804.527758  -6464.116315  -7938.574134    453.064824  7  4  5  97       
PG09 -22802.405669   7191.351586 -11735.902108    513.889549  5  5  6  71       
PG10   8698.697306 -23321.789014   8999.023261   -261.139367  3  1  4  75       
PG11  12141.596195  23504.830196  -2651.388546   -752.438580  6  4  2  79       
PG12  18116.768840  -1563.949706  19055.029802   -562.267848  5  3  4  60       
PG13  18536.625956  13596.892051 -13743.916624    692.258867  6  3  5  89       
PG14 -11834.068898  23098.351234   5057.781005    572.905640  4  2  4  87       
PG15  25299.422533   3642.365463  -8006.226514    247.273975  7  3  5  49       
PG16  -7257.398138 -14632.437445 -21217.377914    -87.061782  6  5  2  83       
PG17  -9158.168170  13658.028306  21306.512349    491.040003  5  5  3  87       
PG18  10032.805551 -12468.575131 -21123.649791   -659.025469  6  4  5  59       
PG19   2934.120363  15488.383645  21297.114068    581.742934  4  3  3  77       
PG20   4356.466745  19915.103846 -17008.810669    367.369581  7  5  2  53       
PG21 -19351.375499 -13565.609584  13536.339474     99.808913  6  5  5  82       
PG22  -6788.095257  22603.593595  12870.440373    -90.258840  5  5  5  75       
PG23  16774.206898 -19725.015508  -5289.465044    396.527303  6  5  3  73       
PG24  19250.524109   9080.972833  15659.426899   -467.691980  4  4  4  57       
PG25  18845.813083 -14683.848174  10957.534736    497.289430  4  4  4  59       
PG26   -173.837593 -22120.332910 -14600.099176    -33.521148  3  4  3  68       
PG27 -16710.434356 -12787.649272 -16772.378834    -33.508669  6  4  7  94       
PG28  -3586.925247 -23763.766965  11293.553587   -525.795051  4  7  3  51       
PG29  23190.081992  -5018.252496 -12107.175505   -550.403949  9  2  3  74       
PG30  -3246.445966  20538.343009 -16220.640514   -247.313622  3  5  4  62       
PG31  -9790.410149 -24386.861673   1831.034448   -218.668579  3  2  4  67       
PG32   3425.433365 -14998.116049  21867.650004 999999.999999 10 11  9           
*  2025  1  3 12 30  0.00000000
PG01 -17748.949831  -7922.846608  18110.185353 999999.999999 12 10 12           
PG02 -19646.225138  -8420.688228  16476.819715   -276.736821  5  5  6  61       
PG03 -17314.256869   3914.811008  19553.248097    638.644104  3  5  6  85       
PG04 -26627.683014   -519.760924   -799.145319    506.197084  9  4  7  56       
PG05  10625.509179  11423.901589 -21661.473567   -197.927619  8  6  3  61       
PG06   3590.993992  23279.861807  12223.705142    -91.991572  3  4  5  75       
PG07 -13045.881150   7786.631176 -21245.691285    -13.968472  4  2  3  78       
PG08 -23778.374683  -6688.961934 -10480.513269    453.072140  7  4  5  76       
PG09 -23985.289244   6960.227125  -9236.957830    513.903340  5  6  6  69       
PG10   9313.050684 -23938.307364   6250.813900   -261.153751  3  1  4  63       
PG11  11989.020563  23735.895300    206.499461   -752.438133  6  4  3  89       
PG12  16848.974258    365.742648  20229.139463   -562.269883  6  3  4  66       
PG13  16891.253048  13440.775100 -15867.934170    692.259998  6  3  5  76       
PG14 -12328.205481  23273.226555   2263.354593    572.912226  4  2  4  81       
PG15  24344.015374   4029.679590 -10535.273080    247.278056  7  3  5  64       
PG16  -5785.394326 -16418.687695 -20288.083680    -87.053081  6  4  1  76       
PG17 -11436.178871  13372.196439  20365.291495    491.025034  4  5  3  77       
PG18  11188.682089 -10298.853589 -21722.989878   -659.024520  6  4  5  79       
PG19    472.582614  15156.916792  21687.338498    581.747528  4  3  3  73       
PG20   3507.884924  21566.259302 -15106.068462    367.369214  6  5  2  47       
PG21 -19970.276215 -14746.938504  11227.331705     99.810864  6  5  5  54       
PG22  -7710.215738  23501.306813  10471.446688    -90.260884  5  5  5  60       
PG23  16554.179237 -18957.521360  -8063.979396    396.534070  7  5  4  62       
PG24  20027.207939  10658.696891  13656.962129   -467.688687  4  4  3  58       
PG25  18325.773009 -13304.216508  13301.275380    497.288985  4  4  5  50       
PG26    783.636997 -23360.390948 -12427.550057    -33.534508  3  5  3  82       
PG27 -14761.094994 -12858.556208 -18453.640121    -33.508332  6  4  6  90       
PG28  -2699.338431 -22625.509575  13633.278730   -525.803996  4  6  3  36       
PG29  24392.886725  -4687.593578  -9621.520688   -550.400714  9  1  3  30       
PG30  -4372.062942  18877.226065 -17897.849726   -247.306137  3  4  4  69       
PG31  -9339.886836 -24161.646881   4661.920994   -218.668006  3  2  4  58       
PG32   5851.554521 -14886.031343  21401.993389 999999.999999 10 10  7           
*  2025  1  3 12 45  0.00000000
PG01 -18507.038491  -9750.229548  16376.428228 999999.999999 12 11 11           
PG02 -20536.369327  -9851.378168  14446.105171   -276.728666  5  5  6  56       
PG03 -16260.885217   1829.715853  20728.812571    638.651252  2  6  6  81       
PG04 -26556.252540   -745.174185   2058.713355    506.202442  9  4  7  54       
PG05   9536.808179  13559.695776 -20911.974350   -197.928269  8  5  3  52       
PG06   2692.807155  22044.305372  14549.397770    -92.016231  2  5  5  77       
PG07 -14379.257644   5624.032550 -21111.073794    -13.967938  3  2  3  65       
PG08 -22491.206056  -6982.830547 -12847.497058    453.079432  6  4  6  89       
PG09 -24888.419333   6777.124538  -6580.251959    513.917187  5  6  6  67       
PG10   9739.876653 -24307.882927   3393.525400   -261.168067  4  1  4  78       
PG11  11694.405248  23690.924733   3060.848512   -752.437615  6  3  3  79       
PG12  15619.826282   2454.641323  21045.953838   -562.271768  6  3  3  66       
PG13  15018.597257  13348.038840 -17725.863146    692.261287  7  3  5  55       
PG14 -12653.502784  23195.252516   -570.581083    572.918778  4  3  4  71       
PG15  23143.286137   4508.701471 -12888.440400    247.282033  7  3  5  27       
PG16  -4473.785842 -18181.060061 -19016.405846    -87.044668  6  4  2  63       
PG17 -13603.151441  13214.591395  19087.231506    491.009587  4  5  3  83       
PG18  12482.434973  -8156.125860 -21946.723304   -659.023622  7  4  5  71       
PG19  -2030.307307  14952.942767  21700.286573    581.751297  4  3  3  83       
PG20   2819.330727  23039.760015 -12943.440668    367.369061  6  4  3  69       
PG21 -20495.297565 -15681.091617   8739.282743     99.811871  6  5  4  43       
PG22  -8431.000898  24216.472890   7898.186359    -90.262915  5  5  5  82       
PG23  16235.467520 -17904.590007 -10697.623614    396.540847  7  5  4  65       
PG24  20733.660595  11999.529779  11417.295233   -467.685383  4  5  2  68       
PG25  17755.870354 -11673.111941  15408.259173    497.288514  5  4  5  50       
PG26   1580.355257 -24409.671198 -10039.005581    -33.547884  3  4  3  77       
PG27 -12647.021037 -13038.642572 -19829.295094    -33.507928  5  4  6  87       
PG28  -1616.464240 -21323.927338  15738.190429   -525.813008  4  6  4  62       
PG29  25322.136439  -4437.148760  -6971.708655   -550.397740  9  1  3   9       
PG30  -5663.987350  17124.192634 -19260.664411   -247.298637  3  4  4  48       
PG31  -8717.918430 -23683.025091   7410.341532   -218.667261  3  3  4  76       
PG32   8210.207621 -14900.531231  20574.571302 999999.999999 10 10  5           
*  2025  1  3 13  0  0.00000000
PG01 -19251.530577 -11352.924247  14361.045681 999999.999999 12 12 10           
PG02 -21349.768408 -11050.365992  12177.975816   -276.720416  5  5  5  63       
PG03 -15276.979558   -413.472631  21541.565562    638.658345  2  5  5  82       
PG04 -26176.799888   -990.711488   4881.482338    506.207730  9  4  7  29       
PG05   8605.313445  15656.257947 -19807.686098   -197.929551  8  5  3  42       
PG06   1587.227922  20654.991778  16624.415589    -92.040933  2  4  4  44       
PG07 -15792.607191   3564.656444 -20596.092978    -13.967256  3  2  2  45       
PG08 -20969.728659  -7374.552392 -14999.874606    453.086787  5  4  6  50       
PG09 -25495.894514   6606.469571  -3811.064222    513.931016  5  6  6  59       
PG10  10007.343924 -24401.388559    476.826579   -261.182384  4  1  4  70       
PG11  11226.761238  23391.391789   5862.733350   -752.437136  5  2  4  54       
PG12  14464.201122   4667.397051  21490.813226   -562.273930  6  3  3  74       
PG13  12952.379085  13347.589343 -19286.664441    692.262712  7  3  5  67       
PG14 -12840.049931  22844.983738  -3394.543803    572.925357  4  3  5  66       
PG15  21727.586131   5104.077223 -15027.413360    247.286441  6  4  5  40       
PG16  -3332.568721 -19874.016303 -17422.141918    -87.036093  6  3  2  74       
PG17 -15616.519365  13169.586736  17493.234153    490.994591  4  4  4  52       
PG18  13891.136276  -6085.140708 -21791.667889   -659.022641  7  4  5  67       
PG19  -4524.584188  14880.350369  21334.378462    581.755822  4  3  3  71       
PG20   2273.898128  24297.219988 -10558.456874    367.368783  5  4  3  78       
PG21 -20888.071522 -16372.016067   6111.870591     99.813274  6  5  4  69       
PG22  -8967.419323  24713.623538   5193.077612    -90.264665  6  5  5  60       
PG23  15859.648616 -16569.976643 -13144.456820    396.547661  8  5  5  45       
PG24  21331.500328  13099.007080   8980.577388   -467.682089  4  5  2  60       
PG25  17175.156978  -9808.234135  17240.517361    497.288074  5  4  5  61       
PG26   2233.179102 -25232.885759  -7475.360588    -33.561314  3  4  3  59       
PG27 -10409.348574 -13344.377171 -20876.154150    -33.507567  5  4  6  83       
PG28   -333.659593 -19901.814372  17572.015160   -525.822001  4  6  4  39       
PG29  25957.588069  -4232.820097  -4202.933426   -550.394961  9  2  3  38       
PG30  -7114.294510  15324.200214 -20285.515674   -247.291166  3  3  4  76       
PG31  -7901.164183 -22980.630222  10027.426848   -218.666540  3  3  4  61       
PG32  10455.480091 -15028.940703  19398.537452 999999.999999 10 10  3           
*  2025  1  3 13 15  0.00000000
PG01 -19942.181681 -12714.647919  12098.678772 999999.999999 12 13  9           
PG02 -22045.011037 -12015.407693   9709.190306   -276.712393  5  5  5  11       
PG03 -14393.737148  -2773.917737  21977.410445    638.665428  1  5  5  84       
PG04 -25499.239044  -1293.074938   7621.046008    506.213151  9  4  7  64       
PG05   7834.348729  17665.759281 -18366.903683   -197.930409  7  5  3  56       
PG06    271.416447  19157.849933  18413.401338    -92.065651  2  4  3  57       
PG07 -17251.912182   1645.376413 -19711.825475    -13.966370  2  1  2  79       
PG08 -19246.862760  -7887.754530 -16901.407692    453.094120  4  4  6  69       
PG09 -25800.320087   6410.990500   -976.670372    513.944841  5  6  6  66       
PG10  10149.055819 -24197.509339  -2448.225152   -261.196769  4  1  4  87       
PG11  10560.586260  22865.728168   8564.166451   -752.436705  5  2  4  67       
PG12  13411.103259   6962.793726  21555.792697   -562.275914  6  3  3  69       
PG13  10732.013470  13462.274208 -20524.159968    692.263657  6  4  5  65       
PG14 -12921.856407  22210.890894  -6159.179117    572.931980  4  3  5  75       
PG15  20132.363631   5834.722725 -16917.627941    247.290449  6  4  5  64       
PG16  -2363.769934 -21451.706374 -15530.726811    -87.027535  6  2  3  98       
PG17 -17437.883207  13214.712803  15609.278462    490.979167  5  4  4  56       
PG18  15384.875915  -4126.115397 -21261.195932   -659.021671  8  4  6  60       
PG19  -6960.131466  14934.794494  20594.752973    581.760006  4  4  3  51       
PG20   1848.118277  25305.748395  -7992.346426    367.368891  5  3  3  51       
PG21 -21112.369780 -16831.077857   3386.880607     99.815227  7  5  3  53       
PG22  -9342.912446  24962.373977   2400.972819    -90.267128  5  5  4  76       
PG23  15468.019710 -14966.656443 -15361.890185    396.554465  8  5  5  55       
PG24  21783.853242  13961.006878   6389.841503   -467.678775  4  5  2  53       
PG25  16620.181861  -7735.634630  18765.049465    497.287598  5  4  6  75       
PG26   2765.055473 -25800.320111  -4780.900254    -33.574706  3  4  3  64       
PG27  -8092.399045 -13784.917833 -21576.213623    -33.507176  5  4  5  84       
PG28   1145.395322 -18403.597736  19103.149349   -525.831047  4  6  5  55       
PG29  26287.349461  -4037.799356  -1362.422832   -550.392044  9  3  3  71       
PG30  -8707.203653  13521.292993 -20954.929078   -247.283687  3  2  4  76       
PG31  -6873.305917 -22089.962812  12466.533997   -218.665976  3  3  4  49       
PG32  12544.807485 -15251.250867  17892.942938 999999.999999 10 10  3           
*  2025  1  3 13 30  0.00000000
PG01 -20537.853877 -13827.573885   9628.220013 999999.999999 12 14  7           
PG02 -22582.025253 -12752.230265   7079.901463   -276.703947  5  6  4  35       
PG03 -13635.378298  -5205.631959  22028.960476    638.672467  2  5  4  77       
PG04 -24541.875263  -1686.383376  10230.689403    506.218505  8  4  7  80       
PG05   7218.987871  19541.423344 -16613.625178   -197.931424  7  5  2  35       
PG06  -1248.696595  17599.928938  19886.009107    -92.090322  1  5  3  75       
PG07 -18718.603111   -103.944390 -18476.085595    -13.966117  2  1  2  71       
PG08 -17360.634509  -8539.808892 -18519.840407    453.101411  4  4  6  86       
PG09 -25803.039060   6153.332574   1874.446473    513.958679  4  6  6  67       
PG10  10202.552324 -23683.715222  -5330.121481   -261.211060  4  1  4  69       
PG11   9677.026804  22148.153921  11118.908688   -752.436217  4  1  5  56       
PG12  12482.572786   9295.197478  21239.857378   -562.278178  6  3  3  71       
PG13   8401.305001  13707.934036 -21417.437266    692.264775  6  3  5  52       
PG14 -12935.331937  21289.931058  -8816.163499    572.938557  4  3  5  69       
PG15  18396.905406   6713.004973 -18528.718981    247.294446  6  5  4  37       
PG16  -1561.462770 -22869.631462 -13372.933090    -87.019040  6  2  3  94       
PG17 -19034.275358  13321.562660  13466.068251    490.963117  6  4  4  65       
PG18  16927.838741  -2313.369764 -20365.127972   -659.020782  8  4  6  64       
PG19  -9288.458202  15103.843400  19493.262372    581.763868  4  4  3  64       
PG20   1513.071946  26039.133784  -5289.316614    367.368557  5  2  3  71       
PG21 -21135.458781 -17076.536097    607.699648     99.816646  7  6  3  66       
PG22  -9586.380674  24938.637949   -431.499380    -90.268852  5  5  4  83       
PG23  15099.855812 -13116.472271 -17311.453104    396.561283  8  5  6  58       
PG24  22056.813810  14597.299524   3690.194653   -467.675476  4  5  2  29       
PG25  16123.439221  -5488.886706  19954.496584    497.287137  5  4  6  61       
PG26   3203.935940 -26089.034312  -2002.528825    -33.588116  2  4  3  48       
PG27  -5742.224715 -14361.659323 -21916.962068    -33.506785  5  4  5  80       
PG28   2808.640695 -16873.663288  20305.205953   -525.840039  4  5  5  38       
PG29  26308.285162  -3814.164507   1501.346656   -550.389245  8  3  3  60       
PG30 -10419.546309  11756.976210 -21257.812403   -247.276184  3  2  4  83       
PG31  -5625.940753 -21050.939778  14684.163509   -218.665237  3  2  4  49       
PG32  14440.421938 -15540.903412  16082.488480 999999.999999 11 10  6           
*  2025  1  3 13 45  0.00000000
PG01 -20998.167085 -14692.442812   6992.146744 999999.999999 12 14  1           
PG02 -22923.609195 -13274.197815   4333.117068   -276.695886  5  6  4  39       
PG03 -13018.243687  -7659.097545  21695.657273    638.679509  2  5  4  62       
PG04 -23330.741175  -2200.674518  12665.873761    506.223892  8  4  6  66       
PG05   6746.364124  21239.179597 -14577.192959   -197.932210  6  5  2  89       
PG06  -2958.469425  16027.628387  21017.395617    -92.115016  1  5  2  81       
PG07 -20151.087319  -1661.380326 -16912.928906    -13.965281  2  1  2  80       
PG08 -15352.888490  -9341.009353 -19827.421535    453.108773  3  4  6  74       
PG09 -25514.042024   5797.685517   4693.411174    513.972531  4  5  6  55       
PG10  10207.641778 -22856.898382  -8117.871312   -261.225390  5  2  4  61       
PG11   8564.788557  21277.299728  13483.248341   -752.435791  3  1  5  44       
PG12  11692.891633  11616.191710  20548.874063   -562.279911  6  3  3  73       
PG13   6006.988280  14092.719206 -21951.182869    692.266260  5  4  5  73       
PG14 -12917.676538  20087.790066 -11319.088949    572.945080  5  3  4  70       
PG15  16562.969126   7744.170063 -19834.902632    247.298463  6  5  4  63       
PG16   -912.092953 -24086.299049 -10984.466835    -87.010497  6  1  4  85       
PG17 -20379.245423  13456.924808  11098.615857    490.947736  7  4  4  46       
PG18  18479.614591   -674.202804 -19119.517004   -659.019818  8  4  6  54       
PG19 -11464.432221  15367.468239  18048.332898    581.768157  4  4  3  55       
PG20   1235.709074  26478.779638  -2495.788833    367.368211  5  2  3  51       
PG21 -20929.358005 -17132.793636  -2181.211364     99.817683  7  5  3  41       
PG22  -9730.958556  24625.640266  -3256.639423    -90.270884  5  5  4  75       
PG23  14790.763631 -11049.437200 -18959.476134    396.568126  8  5  6  73       
PG24  22120.774223  15026.813142    928.014891   -467.672185  4  5  2  47       
PG25  15711.996524  -3107.940994  20787.692412    497.286647  6  4  6  70       
PG26   3581.481641 -26083.817746    811.073289    -33.601499  3  4  3  74       
PG27  -3405.087611 -15068.066605 -21891.622813    -33.506384  6  5  5  58       
PG28   4635.908587 -15354.695985  21157.470585   -525.849065  4  5  5  59       
PG29  26026.102498  -3524.523578   4339.457684   -550.386103  7  4  3  70       
PG30 -12221.536550  10068.712670 -21189.615075   -247.268700  3  1  4  67       
PG31  -4159.151027 -19906.268612  16640.816790   -218.664550  3  2  4  30       
PG32  16110.637719 -15865.841973  13997.181725 999999.999999 12 10  8           
*  2025  1  3 14  0  0.00000000
PG01 -21285.134162 -15318.347615   4235.792220 999999.999999 11 14  4           
PG02 -23036.890520 -13601.705297   1514.107375   -276.687712  6  6  4  59       
PG03 -12550.222174 -10083.027425  20983.756969    638.686554  2  4  4  46       
PG04 -21898.652462  -2860.563142  14884.978347    506.229254  7  3  6  80       
PG05   6396.289559  22719.233865 -12291.845331   -197.933183  6  4  2  80       
PG06  -4834.946557  14484.974510  21788.612923    -92.139725  1  4  2  85       
PG07 -21506.386305  -3013.518410 -15052.038586    -13.964700  3  1  2  79       
PG08 -13267.863432 -10294.009208 -20801.373043    453.116109  3  4  5  98       
PG09 -24951.557622   5311.361314   7431.785758    513.986386  4  5  6  54       
PG10  10204.631034 -21723.642590 -10761.976867   -261.239750  5  2  4  70       
PG11   7220.760401  20294.674547  15616.736129   -752.435308  2  1  5  46       
PG12  11048.121557  13876.329172  19495.479451   -562.282060  5  3  3  70       
PG13   3597.163482  14616.696875 -22115.940546    692.267428  5  3  5  42       
PG14 -12905.247434  18618.786319 -13624.309936    572.951662  5  3  4  59       
PG15  14673.353110   8926.032438 -20815.295357    247.302519  6  5  3  32       
PG16   -395.112083 -25064.806331  -8405.456978    -87.001964  6  1  4  78       
PG17 -21453.728139  13584.106792   8545.762372    490.932888  7  4  3  73       
PG18  19996.688940    771.948397 -17546.329953   -659.018886  8  3  6  44       
PG19 -13447.897186  15698.860092  16284.688242    581.772098  4  4  3  77       
PG20    980.322888  26614.357816    340.393946    367.367540  5  3  3  68       
PG21 -20471.963607 -17029.442975  -4934.869467     99.819236  7  5  3  68       
PG22  -9812.618618  24014.685787  -6026.424105    -90.272770  5  5  4  71       
PG23  14571.198585  -8802.721125 -20277.677598    396.575044  8  5  6  58       
PG24  21951.577170  15274.652988  -1849.833255   -467.668900  3  5  3  65       
PG25  15406.363648   -637.715744  21250.076512    497.286184  6  4  5  67       
PG26   3931.604965 -25777.853111   3610.347321    -33.614908  3  4  3  59       
PG27  -1125.922233 -15889.803466 -21499.327375    -33.505961  6  5  5  68       
PG28   6599.512609 -13886.098769  21645.259323   -525.858027  3  5  5  37       
PG29  25455.114101  -3133.643356   7103.370127   -550.383007  6  4  3  69       
PG30 -14077.809406   8488.601188 -20752.359009   -247.261214  3  1  4  30       
PG31  -2481.724061 -18699.715868  18301.770822   -218.663888  2  3  4  51       
PG32  17530.923985 -16189.795230  11671.899970 999999.999999 13 11 10           
*  2025  1  3 14 15  0.00000000
PG01 -21364.716205 -15722.200904   1406.566831 999999.999999 11 15  7           
PG02 -22894.663354 -13761.314826  -1330.239723   -276.679642  6  6  4  55       
PG03 -12230.530481 -12426.194946  19906.186046    638.693586  3  4  4  59       
PG04 -20284.017903  -3684.106500  16849.997384    506.234651  7  3  6  62       
PG05   6142.163872  23947.496788  -9796.182541   -197.934379  6  4  2  69       
PG06  -6847.577242  13012.007329  22186.898288    -92.164449  1  5  3  77       
PG07 -22741.808216  -4155.669760 -12928.020020    -13.964131  3  2  2  83       
PG08 -11150.679197 -11393.542492 -21424.297579    453.123481  4  4  5  76       
PG09 -24141.337453   4666.260798  10042.398915    514.000230  4  4  5  54       
PG10  10232.529082 -20300.107810 -13215.393785   -261.254114  5  3  4  81       
PG11   5650.327946  19243.037291  17482.864770   -752.434860  1  1  5  68       
PG12  10545.991616  16026.927228  18098.809604   -562.284167  5  3  3  77       
PG13   1219.680841  15271.763829 -21908.290537    692.268765  4  3  5  70       
PG14 -12931.970456  16905.439851 -15691.734591    572.958309  5  3  4  62       
PG15  12770.450303  10248.932009 -21454.171360    247.306636  6  5  2  58       
PG16     16.097420 -25774.287600  -5679.838887    -86.993310  6  2  4  90       
PG17 -22246.661380  13664.407010   5849.635032    490.917020  7  5  3  50       
PG18  21434.055762   2014.038989 -15673.034599   -659.017943  8  3  5  52       
PG19 -15205.104453  16065.544752  14232.937296    581.776173  5  4  3  72       
PG20    710.120933  26444.157300   3170.775190    367.367222  5  3  3  57       
PG21 -19748.001388 -16800.131858  -7608.348894     99.820581  7  5  3  62       
PG22  -9868.651079  23105.650399  -8693.288266    -90.274822  5  5  4  36       
PG23  14465.204243  -6419.363575 -21243.643422    396.581854  8  4  6  36       
PG24  21531.455529  15370.919419  -4596.753244   -467.665608  3  6  4  61       
PG25  15219.652934   1873.516665  21333.959190    497.285693  6  4  5  37       
PG26   4288.908010 -25173.057023   6345.789246    -33.628293  3  4  4  66       
PG27   1053.165819 -16805.157506 -20745.213738    -33.505547  6  5  5  71       
PG28   8665.133741 -12502.551009  21760.172069   -525.867000  3  4  6  27       
PG29  24617.684971  -2610.000671   9745.736944   -550.379860  5  3  3  70       
PG30 -15948.683036   7042.287973 -19954.543927   -247.253718  3  1  4  38       
PG31   -611.010605 -17474.345121  19637.749760   -218.663078  2  3  4  52       
PG32  18684.721236 -16473.746973   9145.860263 999999.999999 13 12 11           
*  2025  1  3 14 30  0.00000000
PG01 -21208.237475 -15927.906096  -1446.857173 999999.999999 10 15 10           
PG02 -22476.553189 -13784.658310  -4152.113545   -276.671432  6  5  4  37       
PG03 -12049.851133 -14639.258649  18482.271938    638.700627  3  3  3  64       
PG04 -18529.447613  -4681.920699  18527.181408    506.240000  6  4  5  80       
PG05   5952.140867  24896.815433  -7132.552560   -197.935275  6  4  2  74       
PG06  -8959.226107  11643.338931  22205.858806    -92.189138  1  5  3  72       
PG07 -23816.584536  -5091.722840 -10579.629549    -13.963473  3  3  2  82       
PG08  -9045.787127 -12626.443618 -21684.517399    453.130832  4  5  5  72       
PG09 -23115.661008   3840.171065  12480.161716    514.014048  4  4  5  70       
PG10  10327.301702 -18611.530450 -15434.450682   -261.268451  6  3  4  75       
PG11   3867.364282  18164.734549  19049.682530   -752.434438  1  1  5  55       
PG12  10176.137092  18021.831107  16384.099191   -562.286602  4  3  2  63       
PG13  -1079.469961  16041.870826 -21330.945868    692.269917  4  3  4  80       
PG14 -13027.861391  14977.724633 -17485.543689    572.965039  5  3  4  77       
PG15  10894.832772  11695.958090 -21741.159947    247.310994  6  5  1  63       
PG16    353.034603 -26191.163101  -2854.636577    -86.984950  6  2  5  87       
PG17 -22755.328704  13658.685962   3055.043094    490.902046  7  5  3  62       
PG18  22746.890460   3049.619702 -13532.101238   -659.016991  7  4  5  57       
PG19 -16709.897167  16430.751295  11929.031776    581.780591  5  4  3  65       
PG20    388.832393  25975.117259   5947.095387    367.366872  5  4  3  70       
PG21 -18749.775637 -16481.278427 -10157.389170     99.821862  7  5  3  65       
PG22  -9936.073324  21907.167858 -11210.931079    -90.276861  5  4  4  72       
PG23  14489.423561  -3946.765638 -21841.192658    396.588701  7  4  6  50       
PG24  20849.731845  15349.373696  -7267.132410   -467.662308  3  6  4  80       
PG25  15157.065733   4375.876069  21038.632606    497.285239  6  4  5  52       
PG26   4687.083839 -24280.078372   8968.896341    -33.641704  4  5  4  84       
PG27   3094.312716 -17785.752902 -19640.442967    -33.505131  6  6  5  72       
PG28  10792.968781 -11232.762010  21500.237165   -525.875993  4  4  6  58       
PG29  23543.383921  -1927.196526  12221.204943   -550.376960  3  3  3  68       
PG30 -17791.591694   5748.151167 -18810.933150   -247.246210  4  1  3  75       
PG31   1427.572383 -16270.800931  20625.476494   -218.662422  3  3  4  58       
PG32  19563.966235 -16677.539796   6462.001008 999999.999999 14 12 12           
*  2025  1  3 14 45  0.00000000
PG01 -20793.604671 -15965.264825  -4275.383375 999999.999999  8 15 11           
PG02 -21769.963313 -13707.139038  -6903.521307   -276.663483  6  5  4  71       
PG03 -11990.819984 -16676.509296  16737.356366    638.707653  3  3  3  74       
PG04 -16680.210833  -5856.582742  19887.612918    506.245382  5  4  5  87       
PG05   5790.510635  25547.959401  -4346.363708   -197.936499  5  4  2  90       
PG06 -11127.436593  10406.935744  21845.550033    -92.213872  1  4  4  60       
PG07 -24693.405698  -5833.659368  -8048.962337    -13.962446  3  3  2  85       
PG08  -6995.438311 -13971.970120 -21576.336812    453.138235  5  5  6  74       
PG09 -21912.097311   2817.841647  14702.855210    514.027872  4  4  4  61       
PG10  10520.253527 -16691.357325 -17379.704149   -261.282757  6  3  4  76       
PG11   1893.897694  17100.067477  20290.331280   -752.434031  1  2  5  72       
PG12   9920.676127  19819.072279  14382.162674   -562.288497  3  3  2  72       
PG13  -3257.708937  16903.553816 -20392.761908    692.271067  4  3  4  71       
PG14 -13217.717682  12872.035286 -18974.823058    572.971665  6  3  4  65       
PG15   9083.911418  13243.431648 -21671.383737    247.315069  6  5  1  70       
PG16    650.670921 -26300.131815     20.847971    -86.976424  6  3  5  91       
PG17 -22985.409267  13528.983307    208.814822    490.886255  7  5  2  56       
PG18  23892.219426   3884.709451 -11160.429170   -659.016063  7  4  5  51       
PG19 -17944.594108  16754.978121   9413.603793    581.784735  5  4  2  34       
PG20    -17.709606  25222.545141   8622.092757    367.366701  4  4  3  63       
PG21 -17477.683691 -16110.671503 -12539.032233     99.823793  7  5  3  54       
PG22 -10050.028141  20436.496364 -13535.134730    -90.278668  5  4  4  63       
PG23  14652.419425  -1435.022166 -22060.624052    396.595546  6  4  6  54       
PG24  19903.259913  15246.003286  -9817.013311   -467.659005  2  6  5  73       
PG25  15215.725266   6819.677336  20370.328135    497.284755  6  5  4  49       
PG26   5157.349484 -23117.950752  11433.103914    -33.655136  4  5  4  79       
PG27   4965.169222 -18797.532426 -18202.127537    -33.504698  6  6  5  88       
PG28  12939.097711 -10098.467422  20869.944822   -525.884986  4  4  6  40       
PG29  22267.870400  -1065.178080  14487.187553   -550.373865  2  3  3  81       
PG30 -19562.630659   4616.786658 -17342.228340   -247.238755  4  1  2  71       
PG31   3601.372524 -15125.712819  21248.091359   -218.661441  3  3  3  70       
PG32  20169.300326 -16761.552205   3666.281484 999999.999999 14 13 13           
*  2025  1  3 15  0  0.00000000
PG01 -20106.282839 -15868.663467  -7030.336749 999999.999999  7 15 12           
PG02 -20770.761274 -13566.473466  -9537.068078   -276.654990  6  5  4  74       
PG03 -12028.840233 -18497.470542  14702.301814    638.714732  3  2  3  37       
PG04 -14782.600425  -7202.342570  20907.706881    506.250755  4  5  4  80       
PG05   5619.246394  25890.321062  -1485.333037   -197.937510  5  5  2  98       
PG06 -13305.898824   9323.168782  21112.449380    -92.238566  1  4  4  70       
PG07 -25339.798592  -6400.766715  -5380.622214    -13.962094  3  4  2  85       
PG08  -5038.225266 -15402.422880 -21100.220052    453.145648  5  5  6  86       
PG09 -20572.069704   1591.795362  16671.875524    514.041662  5  4  4  67       
PG10  10836.608683 -14580.048471 -19016.706759   -261.297079  6  3  4  85       
PG11   -240.531871  16085.749791  21183.500699   -752.433555  2  3  5  78       
PG12   9755.095736  21382.354821  12128.772483   -562.290853  3  3  2  74       
PG13  -5277.297925  17826.756877 -19108.655553    692.271931  4  3  3  69       
PG14 -13520.033201  10629.911052 -20134.097540    572.978301  5  3  4  68       
PG15   7370.713232  14861.630387 -21245.537714    247.319122  6  5  1  50       
PG16    945.873140 -26094.858781   2895.925421    -86.967888  6  3  5  95       
PG17 -22950.726740  13240.123192  -2640.920377    490.870610  6  4  1  62       
PG18  24830.523770   4533.345697  -8598.708693   -659.015174  7  4  5  60       
PG19 -18900.533619  16997.690155   6731.197727    581.788733  4  4  2  13       
PG20   -540.070512  24209.532018  11150.282229    367.366360  4  5  4  50       
PG21 -15940.470440 -15725.997047 -14712.286593     99.824755  7  5  3  76       
PG22 -10242.233110  18719.060106 -15624.580801    -90.280653  5  4  4  75       
PG23  14954.328871   1064.838970 -21898.841839    396.602447  6  4  6  55       
PG24  18696.599922  15097.538920 -12204.716711   -467.655733  2  6  5  68       
PG25  15384.859025   9157.211882  19342.025195    497.284279  6  5  3  63       
PG26   5726.979166 -21713.411009  13694.688493    -33.668540  4  5  4  73       
PG27   6639.984610 -19801.980112 -16453.165001    -33.504282  6  7  5  71       
PG28  15057.017754  -9113.706897  19880.168843   -525.894006  4  4  6  57       
PG29  20831.557804    -11.220301  16504.596797   -550.370865  2  3  3  90       
PG30 -21218.150990   3650.810356 -15574.643699   -247.231261  4  2  2  65       
PG31   5871.629146 -14070.286969  21495.429821   -218.660755  4  4  3  58       
PG32  20509.947706 -16688.384044    806.908349 999999.999999 14 14 13           
*  2025  1  3 15 15  0.00000000
PG01 -19139.989514 -15675.590259  -9664.302357 999999.999999  3 15 12           
PG02 -19483.670696 -13401.122552 -12006.766766   -276.646759  6  5  4  84       
PG03 -12133.186815 -20068.291559  12412.903554    638.721777  4  2  3  60       
PG04 -12882.264979  -8705.158137  21569.627417    506.256128  4  5  4  68       
PG05   5399.657550  25922.299606   1401.318743   -197.938593  5  5  2  78       
PG06 -15446.066473   8404.165482  20019.326416    -92.263289  1  4  4  32       
PG07 -25729.298909  -6818.590713  -2620.893448    -13.961863  3  4  2  68       
PG08  -3207.751658 -16884.047446 -20262.876596    453.153044  5  6  6  68       
PG09 -19139.278391    162.839627  18352.922406    514.055422  5  5  3  64       
PG10  11294.352356 -12323.599368 -20316.668281   -261.311383  6  3  4  99       
PG11  -2499.804181  15153.515296  21713.791469   -752.433078  2  4  5  76       
PG12   9649.405904  22682.311315   9663.951430   -562.292710  3  3  2  73       
PG13  -7106.602975  18775.921325 -17499.430914    692.273061  4  4  2  62       
PG14 -13946.178901   8296.569480 -20943.757383    572.984892  5  3  4  62       
PG15   5782.815188  16515.734453 -20469.908226    247.323225  6  5  1  75       
PG16   1275.721624 -25578.318819   5719.472216    -86.959619  6  4  5  67       
PG17 -22672.699414  12761.248510  -5445.498408    490.855951  6  4  1  69       
PG18  25527.217960   5016.832727  -5890.729624   -659.014253  6  5  5  19       
PG19 -19578.252998  17119.073963   3929.414473    581.792842  4  4  2  49       
PG20  -1203.857873  22966.088339  13488.701505    367.366045  4  5  4  52       
PG21 -14155.202578 -15363.337187 -16638.813888     99.826688  8  5  3  69       
PG22 -10539.544501  16787.673627 -17441.647408    -90.282425  4  4  3  48       
PG23  15386.861496   3502.641225 -21359.361605    396.609281  5  4  6  41       
PG24  17241.927327  14939.974748 -14391.414129   -467.652407  2  6  6  75       
PG25  15646.317753  11344.432732  17973.121373    497.283836  6  5  3  70       
PG26   6418.002239 -20099.911415  15713.614284    -33.682068  4  5  5  67       
PG27   8100.457424 -20757.546039 -14421.971418    -33.503875  6  7  4  93       
PG28  17099.285466  -8284.410403  18547.978029   -525.902998  5  4  6  46       
PG29  19278.103098   1239.372181  18238.521977   -550.367570  3  3  2  80       
PG30 -22716.341425   2844.979154 -13539.391617   -247.223754  4  3  2  48       
PG31   8194.846553 -13129.143732  21364.155680   -218.660087  5  4  2  58       
PG32  20603.263044 -16424.482705  -2066.499116 999999.999999 15 14 13           
*  2025  1  3 15 30  0.00000000
PG01 -17897.079593 -15425.040985 -12131.942568 999999.999999  1 15 13           
PG02 -17922.342618 -13248.668960 -14268.865890   -276.638636  6  5  4  92       
PG03 -12268.353780 -21362.879373   9909.221211    638.728859  4  2  3  70       
PG04 -11022.571055 -10343.054616  21861.612944    506.261495  3  6  3  85       
PG05   5094.085105  25651.350218   4263.713136   -197.939947  5  5  2  74       
PG06 -17498.862198   7653.485353  18585.013429    -92.287975  1  4  4  76       
PG07 -25842.382210  -7117.679961    183.068979    -13.961115  3  4  2  58       
PG08  -1531.481873 -18378.189231 -19077.246476    453.160507  6  6  6  95       
PG09 -17658.041455  -1459.744560  19716.617751    514.069229  5  5  2  65       
PG10  11903.383560  -9971.846042 -21256.993759   -261.325696  6  4  5 102       
PG11  -4842.403792  14328.927795  21871.981579   -752.432569  3  4  5  83       
PG12   9569.509905  23697.481006   7031.198031   -562.295138  2  3  2  53       
PG13  -8721.138858  19711.305392 -15591.509113    692.274128  3  4  1  75       
PG14 -14499.880638   5919.309398 -21390.370795    572.991517  4  3  4  63       
PG15   4341.469853  18166.964284 -19356.329974    247.327067  5  5  2  49       
PG16   1675.795097 -24762.772635   8440.924654    -86.950977  6  4  6  75       
PG17 -22179.504110  12067.224252  -8156.527145    490.840722  5  3  1  48       
PG18  25953.949382   5362.718757  -3082.647584   -659.013316  6  5  5  52       
PG19 -19987.295660  17081.774608   1057.989483    581.796936  4  4  3  55       
PG20  -2028.556529  21528.033146  15597.613771    367.365708  4  6  4  79       
PG21 -12146.949371 -15055.692842 -18283.629913     99.828507  8  6  3  96       
PG22 -10962.697535  14681.470109 -18953.168195    -90.284525  4  4  3  82       
PG23  15933.638703   5830.798177 -20452.199496    396.616124  4  5  6  47       
PG24  15558.683544  14807.140739 -16341.649113   -467.649127  2  5  6  63       
PG25  15975.402987  13342.474312  16288.977660    497.283350  6  5  3  72       
PG26   7246.123125 -18316.367177  17454.301343    -33.695474  4  5  5  52       
PG27   9336.315279 -21621.225320 -12142.110383    -33.503478  5  7  4  91       
PG28  19019.203906  -7608.308558  16896.340531   -525.911999  5  4  6  58       
PG29  17652.779533   2682.872245  19658.843036   -550.364692  4  3  2  74       
PG30 -24018.736731   2186.620143 -11272.092743   -247.216275  4  3  1  22       
PG31  10524.353106 -12319.446802  20857.751012   -218.659390  5  5  2  50       
PG32  20473.961390 -15941.642975  -4903.790597 999999.999999 15 15 14           
*  2025  1  3 15 45  0.00000000
PG01 -16388.605439 -15155.875588 -14390.778565 999999.999999  3 15 13           
PG02 -16109.091266 -13144.202028 -16282.679832   -276.630608  6  5  4  72       
PG03 -12395.588359 -22363.729930   7234.844855    638.735921  5  3  3  76       
PG04  -9243.057484 -12086.796700  21778.203095    506.266898  3  6  3  84       
PG05   4667.572559  25093.692507   7052.186127   -197.941010  4  6  2  60       
PG06 -19416.408347   7066.129711  16834.080714    -92.312728  1  5  3  43       
PG07 -25667.128868  -7332.177063   2984.017551    -13.960392  3  5  2           
PG08    -29.817409 -19842.664803 -17562.379101    453.167929  6  7  6  85       
PG09 -16171.618860  -3258.346274  20739.041620    514.083010  5  5  2  71       
PG10  12665.014841  -7576.626136 -21821.686298   -261.340037  5  4  5  86       
PG11  -7222.815115  13630.438710  21655.191150   -752.432038  3  5  5  86       
PG12   9478.731107  24414.975726   4276.663997   -562.297320  2  3  3  74       
PG13 -10104.354021  20590.489515 -13416.560970    692.275463  3  4  1  78       
PG14 -15177.012767   3545.847212 -21466.879252    572.998134  4  3  3  65       
PG15   3060.952938  19773.876255 -17922.078159    247.330990  5  5  2  68       
PG16   2178.497331 -23669.367609  11011.288758    -86.942441  6  5  6  77       
PG17 -21504.977926  11139.852181 -10726.722224    490.825223  4  3  1  77       
PG18  26089.671798   5603.542159   -222.219327   -659.012411  5  5  4  64       
PG19 -20145.655297  16852.538550  -1832.171900    581.801093  4  4  4  58       
PG20  -3026.598948  19935.678498  17441.157386    367.365696  5  6  4  70       
PG21  -9948.165317 -14831.584705 -19615.808524     99.829901  8  6  3  80       
PG22 -11525.280303  12444.568095 -20131.132924    -90.286260  5  3  3  75       
PG23  16570.856997   8005.940654 -19193.650119    396.622908  4  5  6  47       
PG24  13672.983889  14729.373222 -18023.807188   -467.645784  2  5  6  45       
PG25  16341.962188  15118.947544  14320.355526    497.282869  6  5  2  72       
PG26   8219.910268 -16405.693105  18886.296423    -33.708895  4  5  5  70       
PG27  10345.594412 -22350.235063  -9651.815553    -33.503042  5  7  4  89       
PG28  20772.490212  -7075.169794  14953.726254   -525.921019  5  4  6  74       
PG29  16000.794136   4307.064149  20740.767342   -550.361926  5  4  2  63       
PG30 -25091.596099   1656.346039  -8812.123951   -247.208763  4  4  1  59       
PG31  12811.978899 -11650.355819  19986.368344   -218.658628  5  5  2  54       
PG32  20153.056922 -15218.316626  -7655.196257 999999.999999 15 15 14           
*  2025  1  3 16  0  0.00000000
PG01 -14634.049219 -14905.189894 -16401.922542 999999.999999  6 15 13           
PG02 -14074.291710 -13118.775754 -18011.403309   -276.622572  7  6  4  84       
PG03 -12474.548991 -23062.429579   4436.111180    638.743092  5  4  4  83       
PG04  -7578.040692 -13900.851049  21320.361980    506.272332  2  6  4  84       
PG05   4089.444986  24273.685765   9718.170919   -197.942467  4  6  2  65       
PG06 -21153.719050   6628.883543  14796.422094    -92.337470  2  4  3  61       
PG07 -25199.608965  -7498.313982   5735.349265    -13.959752  3  5  2  61       
PG08   1284.559862 -21233.301647 -15743.200616    453.175365  6  7  5  93       
PG09 -14720.585176  -5207.498099  21402.174530    514.096841  5  5  1  80       
PG10  13571.838442  -5189.874854 -22001.606905   -261.354344  5  4  5  83       
PG11  -9593.075805  13068.728495  21066.942613   -752.431551  4  6  5  70       
PG12   9339.431668  24830.812985   1448.303055   -562.299393  2  3  3  79       
PG13 -11248.122535  21370.014041 -11011.042878    692.276683  3  4  1  82       
PG14 -15965.713022   1222.652207 -21172.674882    573.004718  3  3  3  63       
PG15   1948.157344  21293.776376 -16189.692213    247.334961  6  5  2  67       
PG16   2811.501786 -22327.373291  13384.138350    -86.933895  6  5  6  86       
PG17 -20687.293051   9968.843445 -13110.758266    490.809953  4  2  2  64       
PG18  25921.454212   5775.395046   2641.981661   -659.011555  5  5  4  47       
PG19 -20078.883179  16403.691766  -4689.976939    581.805086  4  4  4  76       
PG20  -4202.705474  18232.358016  18987.933643    367.365155  5  6  4  70       
PG21  -7597.780218 -14713.789532 -20609.172880     99.831146  8  6  4  84       
PG22 -12232.991171  10124.524047 -20953.308780    -90.288306  5  3  3  69       
PG23  17268.246282   9990.371535 -17605.960296    396.629750  3  6  6  64       
PG24  11616.804631  14732.325387 -19410.534743   -467.642485  2  5  6  53       
PG25  16711.700027  16648.962653  12102.764623    497.282443  6  5  2  87       
PG26   9340.288631 -14413.192640  19984.830789    -33.722475  4  5  5  73       
PG27  11134.600023 -22903.726215  -6993.407298    -33.502646  5  7  4  90       
PG28  22318.859558  -6667.354403  12753.614210   -525.930053  6  4  5  59       
PG29  14365.614290   6091.509388  21465.279510   -550.358695  5  4  2  68       
PG30 -25907.101467   1229.024409  -6201.917814   -247.201303  4  4  1  42       
PG31  15009.781383 -11122.819109  18766.554226   -218.658168  5  5  1  57       
PG32  19676.550106 -14240.674293 -10272.249181 999999.999999 14 15 14           
*  2025  1  3 16 15  0.00000000
PG01 -12660.737190 -14706.766056 -18130.747945 999999.999999  7 15 13           
PG02 -11855.450811 -13198.005948 -19422.889243   -276.614484  7  6  4  68       
PG03 -12465.020953 -23459.812064   1561.285460    638.750213  6  5  4  65       
PG04  -6055.424912 -15744.604623  20495.493737    506.277732  2  5  4  75       
PG05   3334.731441  23222.892285  12215.074020   -197.943589  5  6  2  78       
PG06 -22670.291385   6320.975494  12506.757085    -92.362259  3  4  3  55       
PG07 -24443.983540  -7652.868343   8391.795096    -13.959046  3  5  2  81       
PG08   2407.046512 -22505.590220 -13650.166930    453.182787  7  8  5  95       
PG09 -13341.315344  -7274.663328  21694.236393    514.110637  5  5  1  78       
PG10  14607.961592  -2861.736504 -21794.588443   -261.368754  4  4  6  77       
PG11 -11904.430645  12646.357392  20117.114485   -752.431076  4  6  5  82       
PG12   9114.656612  24949.909693  -1404.990548   -562.301381  1  2  3  87       
PG13 -12152.919462  22007.089364  -8415.638105    692.277670  2  5  2  77       
PG14 -16846.811163  -1006.654580 -20513.561791    573.011345  2  4  4  64       
PG15   1002.451651  22684.207563 -14186.727054    247.338848  5  5  3  76       
PG16   3596.386622 -20773.079661  15516.572406    -86.925377  6  5  6  72       
PG17 -19767.450607   8552.502663 -15266.119157    490.795000  4  1  2  52       
PG18  25444.996358   5916.358548   5461.358181   -659.010647  4  5  4  73       
PG19 -19818.899796  15714.390256  -7465.120961    581.808756  4  4  4  58       
PG20  -5553.519517  16462.853895  20211.524508    367.364902  5  6  4  60       
PG21  -5140.013862 -14718.268862 -21242.954495     99.832088  8  7  4  79       
PG22 -13083.219037   7770.629619 -21403.761859    -90.289937  5  3  3  80       
PG23  17990.283187  11753.295239 -15716.907266    396.636503  3  5  5  72       
PG24   9426.976775  14835.954768 -20479.107067   -467.639144  2  4  6  66       
PG25  17047.647005  17915.845424   9675.740863    497.281958  6  5  2  96       
PG26  10600.356133 -12384.868503  20731.253191    -33.735910  3  5  5  53       
PG27  11717.540493 -23244.462570  -4212.607456    -33.502228  5  7  4  93       
PG28  23623.464675  -6360.663241  10333.913337   -525.939058  6  5  5  65       
PG29  12787.367915   8008.137104  21819.495113   -550.355569  5  5  3  91       
PG30 -26444.333547    874.959611  -3486.226889   -247.193867  4  4  1  64       
PG31  17071.748316 -10729.708086  17220.856432   -218.657562  4  5  1  64       
PG32  19083.914658 -13003.371405 -12708.698215 999999.999999 14 16 15           
*  2025  1  3 16 30  0.00000000
PG01 -10502.957920 -14589.662184 -19547.486168 999999.999999  9 15 13           
PG02  -9495.977605 -13400.870467 -20490.367283   -276.606276  7  6  5  78       
PG03 -12328.622245 -23565.769650  -1340.275377    638.757295  6  5  5  85       
PG04  -4695.763856 -17573.794466  19317.347956    506.283136  2  5  5  86       
PG05   2385.371019  21978.863053  14499.126801   -197.944906  4  6  3  76       
PG06 -23931.537054   6115.030470  10004.057082    -92.387058  4  4  3  65       
PG07 -23412.327947  -7831.635241  10910.058120    -13.958486  2  5  3  64       
PG08   3341.158228 -23616.385265 -11318.802196    453.190188  7  8  5  91       
PG09 -12064.643733  -9421.308133  21609.914351    514.124446  5  5  1  78       
PG10  15749.596999   -638.770125 -21205.405287   -261.383156  4  4  6  80       
PG11 -14109.024011  12357.739437  18821.788563   -752.430574  4  6  5  81       
PG12   8769.737814  24785.743704  -4234.236849   -562.303636  1  2  4  94       
PG13 -12827.667447  22461.313630  -5674.608109    692.278673  1  5  2  70       
PG14 -17794.551553  -3102.777011 -19501.605434    573.017963  2  4  4  52       
PG15    215.813537  23904.461969 -11945.427745    247.343224  5  4  3  77       
PG16   4547.524739 -19048.403438  17370.103108    -86.916855  6  5  6  70       
PG17 -18787.649068   6898.086572 -17153.928706    490.779335  3  1  2  52       
PG18  24664.832595   6064.868387   8188.080043   -659.009709  4  5  3  68       
PG19 -19402.564921  14771.591261 -10109.031874    581.813105  4  4  5  52       
PG20  -7067.552077  14671.780281  21090.933002    367.364318  6  6  4  76       
PG21  -2622.945421 -14853.344798 -21502.396971     99.833470  7  7  4  76       
PG22 -14064.972695   5432.121961 -21473.259680    -90.292146  5  3  3  73       
PG23  18697.610456  13271.778337 -13559.291044    396.643334  3  5  5  89       
PG24   7144.019130  15053.719435 -21211.745291   -467.635800  3  4  6  55       
PG25  17311.722229  18911.526801   7082.074698    497.281502  5  6  3  97       
PG26  11985.529533 -10365.726752  21113.330430    -33.749337  4  5  5  72       
PG27  12115.841908 -23340.397099  -1357.759998    -33.501848  5  6  4  88       
PG28  24658.135680  -6125.447368   7736.306883   -525.948093  6  5  5  71       
PG29  11301.379466  10022.138893  21796.910496   -550.352605  5  5  3  72       
PG30 -26689.992513    561.239514   -711.365637   -247.186395  4  4  1  61       
PG31  18955.410566 -10456.280334  15377.329165   -218.656657  4  5  1  69       
PG32  18416.445442 -11509.981835 -14921.389813 999999.999999 14 16 15           
*  2025  1  3 16 45  0.00000000
PG01  -8200.817828 -14576.996183 -20627.739500 999999.999999  9 15 13           
PG02  -7043.694212 -13738.770884 -21193.079231   -276.598002  7  7  5  74       
PG03 -12030.434099 -23398.730237  -4218.963773    638.764408  6  6  5  82       
PG04  -3511.611264 -19342.095731  17805.814280    506.288512  2  4  5  93       
PG05   1231.150920  20583.692177  16530.194381   -197.945909  5  6  3  77       
PG06 -24910.001753   5978.278768   7330.903768    -92.411850  4  3  3  18       
PG07 -22124.191311  -8067.965593  13249.398728    -13.957999  1  5  3  57       
PG08   4098.244513 -24525.588823  -8789.125691    453.197625  7  8  4  90       
PG09 -10914.750109 -11604.218194  21150.473932    514.138286  4  4  1  78       
PG10  16965.979217   1437.678185 -20245.604469   -261.397533  4  4  6  66       
PG11 -16161.567187  12189.441479  17202.991898   -752.430124  4  6  5  70       
PG12   8273.796031  24359.703056  -6991.202945   -562.305540  1  3  4  89       
PG13 -13289.254810  22696.330600  -2835.061066    692.279883  1  5  3  65       
PG14 -18777.578629  -5032.041101 -18154.876088    573.024519  1  5  4  71       
PG15   -426.759758  24917.066905  -9502.323846    247.346874  5  4  3  78       
PG16   5671.281866 -17199.262797  18911.447704    -86.908177  6  5  6  65       
PG17 -17789.590700   5021.812271 -18739.741082    490.764709  4  2  3  58       
PG18  23594.217075   6258.071547  10775.861757   -659.008800  3  5  3  36       
PG19 -18870.070082  13570.707026 -12575.761826    581.816969  4  4  5  57       
PG20  -8725.438869  12901.982530  21610.939728    367.364042  6  6  3  76       
PG21    -96.881202 -15119.171884 -21379.278361     99.835020  7  7  5  87       
PG22 -15159.170300   3156.381830 -21159.538100    -90.294188  5  4  2  89       
PG23  19348.606465  14531.408521 -11170.351459    396.650118  3  5  5  79       
PG24   4810.847495  15392.008695 -21595.881295   -467.632483  3  3  6  69       
PG25  17466.325845  19636.599767   4367.008670    497.281069  5  5  3  98       
PG26  13474.010485  -8398.145018  21125.412247    -33.762701  4  5  5  63       
PG27  12357.163400 -23166.076884   1521.030434    -33.501494  5  6  4  87       
PG28  25402.372646  -5927.934797   5005.531800   -525.957131  6  5  4  35       
PG29   9936.899182  12093.135760  21397.542557   -550.349446  5  5  4  73       
PG30 -26638.840203    253.194187   2075.557950   -247.178953  4  4  1  51       
PG31  20623.303313 -10280.945200  13268.952103   -218.656121  4  6  1  84       
PG32  17715.535623  -9773.076918 -16871.097468 999999.999999 13 16 15           
*  2025  1  3 17  0  0.00000000
PG01  -5798.877536 -14684.971280 -21352.901544 999999.999999 10 15 12           
PG02  -4549.142468 -14214.904908 -21516.807823   -276.590007  7  7  6  75       
PG03 -11540.494586 -22984.824565  -7025.752854    638.771564  6  6  5  89       
PG04  -2507.186934 -21002.807907  15986.607493    506.293889  3  3  5  93       
PG05   -129.664781  19082.396714  18272.523999   -197.947379  5  6  3  55       
PG06 -25586.327009   5873.976228   4532.788815    -92.436642  4  2  3  49       
PG07 -20605.913220  -8391.417393  15372.166962    -13.957370  1  5  4  55       
PG08   4696.883108 -25197.745565  -6104.973629    453.205024  7  8  4  95       
PG09  -9908.317254 -13777.009130  20323.750228    514.152133  3  4  2  79       
PG10  18220.564076   3332.872737 -18933.207701   -261.411914  3  4  6  81       
PG11 -18020.917318  12120.796517  15288.336631   -752.429671  4  5  6  63       
PG12   7601.085024  23700.154070  -9629.200451   -562.307617  1  3  4  93       
PG13 -13561.738602  22681.360290     53.852302    692.280787  1  5  3  60       
PG14 -19760.144559  -6767.465880 -16497.094074    573.031144  1  6  4  55       
PG15   -946.570975  25689.191094  -6897.740682    247.350687  4  3  3  80       
PG16   6965.560923 -15273.792912  20113.200611    -86.899519  5  5  5  60       
PG17 -16812.794961   2948.504131 -19994.269309    490.749230  4  3  3  70       
PG18  22254.694324   6530.235077  13180.716720   -659.007907  3  4  3  55       
PG19 -18263.223865  12115.917796 -14822.806858    581.821593  3  4  5  52       
PG20 -10500.502092  11193.011403  21762.369828    367.364271  6  6  2  75       
PG21   2387.422096 -15507.544970 -20872.324509     99.836046  7  7  5  81       
PG22 -16339.283294    987.197282 -20467.419603    -90.296027  5  4  3 103       
PG23  19901.044198  15526.630808  -8591.120976    396.656937  3  4  4  83       
PG24   2471.400232  15849.827813 -21624.368719   -467.629119  3  3  6  81       
PG25  17475.898179  20100.050864   1577.421922    497.280544  5  5  3 101       
PG26  15037.548602  -6520.371247  20768.461430    -33.776057  4  5  5  71       
PG27  12474.147955 -22703.812353   4372.825979    -33.501138  5  6  5  95       
PG28  25844.052920  -5731.722055   2188.605761   -525.966114  6  6  4  51       
PG29   8716.075963  14176.573938  20627.954209   -550.346715  5  5  5  70       
PG30 -26293.851150    -84.089072   4827.409781   -247.171489  4  4  1  70       
PG31  22044.222405 -10176.294418  10932.979748   -218.655142  4  6  1  62       
PG32  17020.955505  -7813.942864 -18523.278089 999999.999999 13 15 14           
*  2025  1  3 17 15  0.00000000
PG01  -3344.620944 -14922.181239 -21710.477980 999999.999999 11 14 12           
PG02  -2063.753813 -14823.986460 -21454.276812   -276.581949  7  7  6  94       
PG03 -10835.100050 -22356.778685  -9713.005251    638.778716  6  7  5 103       
PG04  -1678.372781 -22510.574543  13890.846465    506.299294  3  4  5 102       
PG05  -1690.044415  17521.186533  19695.415947   -197.948003  5  5  3  83       
PG06 -25949.918456   5762.982171   1657.364807    -92.461422  4  2  3  50       
PG07 -18889.724757  -8826.560949  17244.283069    -13.956549  1  5  4  51       
PG08   5161.973870 -25603.482380  -3313.226223    453.212272  7  8  4  95       
PG09  -9053.994119 -15891.771861  19144.018347    514.165974  2  4  3  91       
PG10  19472.457435   5019.803669 -17292.296626   -261.426331  3  4  6  88       
PG11 -19651.507683  12124.808597  13110.562471   -752.429166  4  5  6  56       
PG12   6732.129465  22841.268925 -12103.836400   -562.309364  1  3  4  74       
PG13 -13675.259434  22392.537986   2941.802614    692.281771  1  5  4  81       
PG14 -20703.490604  -8289.570358 -14557.185655    573.037774  1  6  4  44       
PG15  -1370.289238  26193.917799  -4175.226387    247.354993  4  2  3  84       
PG16   8419.713809 -13320.482685  20954.366702    -86.890782  5  5  5  43       
PG17 -15892.990392    710.884038 -20894.029758    490.734044  4  4  3  65       
PG18  20675.370507   6911.266187  15361.677651   -659.006994  2  4  3  74       
PG19 -17623.703267  10420.136154 -16811.838765    581.825306  3  4  5  57       
PG20 -12359.597782   9579.728801  21542.265578    367.363748  6  6  2  81       
PG21   4780.609197 -16002.070156 -19987.485690     99.837983  7  7  6 102       
PG22 -17572.312067  -1036.830355 -19408.774513    -90.297681  4  4  3  92       
PG23  20313.776600  16260.752038  -5865.724661    396.663707  3  4  4  87       
PG24    169.223323  16418.749436 -21295.637134   -467.625786  4  3  6  69       
PG25  17308.386548  20318.685867  -1238.982519    497.280056  4  5  3  91       
PG26  16642.466011  -4765.211963  20049.953799    -33.789479  4  5  4  57       
PG27  12502.956739 -21944.554608   7146.828897    -33.500812  5  5  5  79       
PG28  25979.826260  -5499.371884   -665.984632   -525.975198  6  6  3  75       
PG29   7653.214990  16225.296801  19501.163285   -550.343420  5  5  5  79       
PG30 -25666.070161   -484.250949   7497.785826   -247.164026  4  4  2  56       
PG31  23194.232644 -10110.351194   8410.237514   -218.654230  4  6  1  52       
PG32  16369.206117  -5661.945648 -19848.736388 999999.999999 12 15 14           
*  2025  1  3 17 30  0.00000000
PG01   -886.815345 -15289.222495 -21694.302194 999999.999999 12 14 10           
PG02    362.040398 -15552.335066 -21005.403310   -276.573572  7  7  6 100       
PG03  -9897.867150 -21552.576224 -12235.247851    638.785849  6  7  5  99       
PG04  -1013.040601 -23823.069576  11554.532549    506.304688  3  5  5  93       
PG05  -3434.250862  15945.694187  20773.801581   -197.948829  5  5  3  83       
PG06 -25999.295077   5605.435804  -1246.341961    -92.486219  4  1  3           
PG07 -17012.665956  -9391.973304  18835.667866    -13.955832  1  5  4  63       
PG08   5523.565657 -25720.728793   -462.954182    453.219619  6  8  4  86       
PG09  -8352.186057 -17900.788266  17631.744915    514.179829  2  4  4  78       
PG10  20678.011465   6479.981838 -15352.495775   -261.440741  3  4  5  85       
PG11 -21024.574210  12169.315056  10706.988352   -752.428898  4  4  6  40       
PG12   5654.617474  21821.660805 -14373.708418   -562.311596  1  4  4  80       
PG13 -13664.707770  21814.003177   5778.189590    692.283030  2  5  4  83       
PG14 -21567.347916  -9586.889688 -12368.759473    573.044311  1  7  4  66       
PG15  -1728.790359  26411.333038  -1380.895808    247.358777  4  2  3  78       
PG16  10014.823556 -11386.316487  21420.742182    -86.882547  5  5  5  62       
PG17 -15060.655724  -1651.473974 -21421.881405    490.719085  4  4  3  68       
PG18  18891.911226   7425.398979  17281.473267   -659.006105  2  4  4  70       
PG19 -16991.343569   8504.629927 -18509.337102    581.829924  3  5  4  30       
PG20 -14264.219162   8091.097222  20953.960758    367.363696  6  6  1  46       
PG21   7036.573684 -16578.709755 -18738.051029     99.839609  6  7  6 105       
PG22 -18820.054085  -2883.666619 -18002.321990    -90.299945  4  5  4  82       
PG23  20548.385093  16745.616845  -3040.638847    396.670522  4  3  4  63       
PG24  -2053.940141  17083.137139 -20613.785381   -467.622450  4  3  6  86       
PG25  16936.566690  20316.279664  -4034.474008    497.279557  4  6  3  92       
PG26  18250.897730  -3158.959298  18983.656002    -33.802881  4  5  4  71       
PG27  12481.646715 -20888.436024   9793.377298    -33.500466  5  5  5  79       
PG28  25815.182957  -5194.054341  -3509.120220   -525.984235  6  6  3  85       
PG29   6754.350245  18191.232563  18036.434850   -550.340644  5  5  6  85       
PG30 -24774.184445   -978.201042  10041.747563   -247.156590  4  4  2  74       
PG31  24057.395792 -10047.984427   5744.380395   -218.653584  4  6  1  51       
PG32  15792.017703  -3353.568247 -20824.180765 999999.999999 12 15 14           
*  2025  1  3 17 45  0.00000000
PG01   1526.174951 -15778.628423 -21304.642113 999999.999999 13 13  9           
PG02   2680.675152 -16378.338716 -20177.387669   -276.565457  6  7  7  89       
PG03  -8720.517812 -20613.942552 -14549.902184    638.792996  6  7  5  86       
PG04   -491.699981 -24902.583867   9017.935272    506.310008  4  6  4 104       
PG05  -5338.256493  14399.236910  21488.715027   -197.949913  5  5  3  73       
PG06 -25742.105394   5362.467888  -4128.745329    -92.511006  4  2  4  28       
PG07 -15015.355735 -10099.450942  20120.624565    -13.955431  1  5  4  65       
PG08   5815.462669 -25535.662756   2395.497643    453.226864  6  8  4  83       
PG09  -7795.180352 -19758.249398  15813.225024    514.193714  2  4  4  91       
PG10  21792.521739   7703.889178 -13148.369155   -261.455108  3  4  5  98       
PG11 -22119.130533  12218.361708   8118.881569   -752.428421  4  4  6  37       
PG12   4364.018561  20682.880109 -16401.036991   -562.313491  1  4  4  89       
PG13 -13568.193075  20938.688857   8513.075330    692.284170  2  5  5  82       
PG14 -22311.499935 -10656.184880  -9969.514078    573.050862  2  7  4  72       
PG15  -2055.808313  26329.380824   1437.304744    247.362600  4  2  4  83       
PG16  11724.341670  -9515.003467  21505.135543    -86.873866  5  5  5  61       
PG17 -14339.776429  -4093.487377 -21567.440489    490.703748  5  5  3  37       
PG18  16945.301526   8090.097470  18907.151502   -659.005143  2  4  4  63       
PG19 -16402.535227   6398.324886 -19887.113003    581.834184  3  5  4  39       
PG20 -16171.816780   6749.198768  20007.054009    367.363305  6  5  2  44       
PG21   9114.215253 -17206.693201 -17144.579610     99.841065  6  7  6  78       
PG22 -20040.610392  -4528.947865 -16273.273460    -90.301907  4  5  4  77       
PG23  20570.730090  17000.970098   -163.919982    396.677284  3  3  4  75       
PG24  -4159.509964  17820.638782 -19588.609001   -467.619122  4  3  5  88       
PG25  16339.173269  20122.489096  -6762.062665    497.279065  3  5  3  96       
PG26  19822.194469  -1720.594548  17589.291663    -33.816267  5  5  4  68       
PG27  12448.460569 -19544.943743  12264.937286    -33.500138  4  4  6  78       
PG28  25364.192797  -4781.166898  -6291.895573   -525.993291  6  6  3  69       
PG29   6017.149685  20027.132239  16258.959250   -550.337764  5  5  6  71       
PG30 -23643.827884  -1592.767300  12416.528128   -247.149122  4  4  2  73       
PG31  24626.197790  -9952.430578   2981.129015   -218.652738  3  6  2   4       
PG32  15315.056994   -931.159776 -21432.657325 999999.999999 11 14 14           
*  2025  1  3 18  0  0.00000000
PG01   3848.057206 -16375.128565 -20548.196395 999999.999999 13 13  4           
PG02   4849.210036 -17273.275798 -18984.631829   -276.557385  6  7  7 105       
PG03  -7303.359861 -19584.708432 -16617.961309    638.800135  6  7  5  91       
PG04    -88.441828 -25717.448734   6324.895377    506.315419  4  7  4 101       
PG05  -7370.495821  12921.181924  21827.647628   -197.951282  5  4  3  69       
PG06 -25194.808826   4997.882707  -6940.527677    -92.535798  2  2  4  34       
PG07 -12940.653508 -10953.463504  21078.173309    -13.954795  1  5  4  74       
PG08   6073.667797 -25043.337418   5211.468549    453.234198  6  7  5  77       
PG09  -7367.601573 -21421.908199  13720.111501    514.207509  2  5  4  87       
PG10  22771.956527   8691.075131 -10718.747003   -261.469523  3  4  4  99       
PG11 -22922.653294  12233.737877   5390.754401   -752.427936  4  3  5  41       
PG12   2863.908249  19467.828507 -18152.229330   -562.315495  1  5  5  74       
PG13 -13425.377093  19768.773266  11098.122698    692.285256  3  5  5  67       
PG14 -22897.347121 -11502.342011  -7400.587488    573.057408  2  7  5  67       
PG15  -2386.444864  25944.443549   4230.404481    247.366894  4  3  4  76       
PG16  13515.048625  -7745.371200  21207.427197    -86.865289  4  5  5  80       
PG17 -13746.874876  -6566.154550 -21327.354282    490.688672  5  5  3  88       
PG18  14880.412448   8915.217136  20210.639847   -659.004245  2  5  5  76       
PG19 -15888.789448   4136.820857 -20922.720152    581.838527  3  5  4  47       
PG20 -18037.287774   5568.521547  18717.279594    367.363495  6  5  2  72       
PG21  10979.019411 -17849.765260 -15234.634010     99.842587  5  7  6  96       
PG22 -21190.064201  -5956.759457 -14252.826940    -90.303465  3  6  5  79       
PG23  20352.346524  17053.531863   2715.584956    396.684030  3  3  4  87       
PG24  -6113.332295  18602.939228 -18235.555873   -467.615762  5  4  5  61       
PG25  15501.802503  19771.574205  -9376.230676    497.278553  3  6  3  98       
PG26  21314.429420   -461.293443  15892.108365    -33.829673  5  5  4  82       
PG27  12440.103910 -17932.712405  14517.064134    -33.499817  4  4  5  52       
PG28  24648.925442  -4229.870055  -8966.460428   -526.002293  6  6  4  82       
PG29   5431.157550  21688.289796  14199.420594   -550.334667  5  5  6  59       
PG30 -22306.643991  -2349.502345  14582.201293   -247.141647  4  4  2  71       
PG31  24901.666330  -9786.863767    167.496507   -218.652078  4  6  2  21       
PG32  14956.897647   1558.551113 -21663.852302 999999.999999 11 14 13           
*  2025  1  3 18 15  0.00000000
PG01   6036.197500 -17056.222943 -19437.979971 999999.999999 14 12  5           
PG02   6830.898295 -18202.463081 -17448.483571   -276.549106  6  7  7  99       
PG03  -5655.447337 -18509.114198 -18404.605277    638.807269  6  7  5 101       
PG04    227.859205 -26243.239161   3522.057390    506.320750  5  8  4  87       
PG05  -9492.926344  11545.481942  21784.777145   -197.951917  5  4  2  70       
PG06 -24382.032716   4479.745929  -9633.470181    -92.560523  1  3  4  55       
PG07 -10832.253993 -11950.864754  21692.338902    -13.954121  1  5  4  81       
PG08   6334.729113 -24247.958221   7934.958997    453.241510  6  7  5  74       
PG09  -7047.177733 -22854.601276  11388.845765    514.221400  2  5  4  82       
PG10  23574.650784   9449.903991  -8105.999238   -261.483901  3  5  3  93       
PG11 -23431.450327  12176.611581   2569.599803   -752.427484  4  3  5  38       
PG12   1165.991267  18219.148883 -19598.370856   -562.317500  1  5  5  66       
PG13 -13275.739898  18315.770023  13487.516985    692.286476  3  5  6  71       
PG14 -23289.415550 -12137.968180  -4705.859942    573.064012  3  7  5  73       
PG15  -2755.593037  25261.614131   6949.275535    247.370575  4  3  4  93       
PG16  15348.290791  -6109.990698  20534.472309    -86.857082  4  5  5  76       
PG17 -13290.360616  -9018.324294 -20705.421797    490.673700  5  4  3  84       
PG18  12744.425732   9902.458254  21169.233799   -659.003304  3  5  5  76       
PG19 -15475.525081   1761.165063 -21599.751502    581.842744  3  5  4  50       
PG20 -19814.579722   4555.541771  17106.275335    367.363015  6  4  3  56       
PG21  12604.376350 -18467.722094 -13042.310888     99.843914  5  7  6  81       
PG22 -22224.256662  -7160.054356 -11977.526322    -90.305683  2  6  5  93       
PG23  19871.633393  16935.820898   5549.035329    396.690868  3  4  4  80       
PG24  -7886.801580  19396.753458 -16575.603583   -467.612427  5  4  5  84       
PG25  14417.559215  19300.978093 -11833.619327    497.278049  2  6  3  76       
PG26  22685.948331    615.754631  13922.359210    -33.843074  5  5  4  86       
PG27  12490.086841 -16078.940488  16509.305054    -33.499495  3  3  5  80       
PG28  23698.575123  -3514.478355 -11486.841674   -526.011289  6  6  4  92       
PG29   4978.364700  23134.176543  11893.462814   -550.331711  5  6  5  85       
PG30 -20799.141941  -3263.689295  16502.306073   -247.134163  3  4  2  83       
PG31  24893.181261  -9515.955083  -2648.981828   -218.651399  4  6  3  77       
PG32  14728.296275   4066.116022 -21514.257117 999999.999999 11 13 13           
*  2025  1  3 18 30  0.00000000
PG01   8053.066150 -17793.049440 -17993.100774 999999.999999 14 11 10           
PG02   8596.493601 -19126.679569 -15596.811139   -276.541023  6  7  7  96       
PG03  -3794.415899 -17430.116794 -19879.748266    638.814390  6  7  5  99       
PG04    492.131002 -26463.707755    658.045792    506.326071  5  8  4  94       
PG05 -11662.354860  10299.440561  21361.066841   -197.953189  5  4  2  81       
PG06 -23335.627744   3781.816939 -12161.271800    -92.585295  1  4  5  46       
PG07  -8733.258359 -13080.870357  21952.391205    -13.953581  1  5  4  69       
PG08   6634.061086 -23162.795329  10517.601629    453.248836  5  6  5  65       
PG09  -6805.785582 -24025.579631   8860.001683    514.235247  3  5  4  80       
PG10  24162.900940   9996.971231  -5355.271604   -261.498264  3  5  3  95       
PG11 -23650.696622  12009.200715   -295.920745   -752.427011  3  3  5  48       
PG12   -710.174425  16977.648633 -20715.641489   -562.319198  2  6  5  78       
PG13 -13156.851690  16600.248121  15638.848467    692.287802  4  5  6  78       
PG14 -23456.753661 -12582.702382  -1931.221032    573.070623  3  7  5  54       
PG15  -3196.337130  24294.637702   9545.545498    247.374396  4  4  4  72       
PG16  17181.435590  -4634.086923  19499.856549    -86.848479  4  5  5  71       
PG17 -12970.232917 -11398.569832 -19712.554246    490.658331  5  4  3  94       
PG18  10585.173911  11045.134103  21766.004829   -659.002327  3  6  5  90       
PG19 -15181.118789   -683.565630 -21908.023215    581.847117  3  5  4  76       
PG20 -21458.349490   3708.619065  15201.249022    367.362353  5  4  3  73       
PG21  13972.565966 -19018.166624 -10607.573699     99.845255  5  6  6  85       
PG22 -23100.580330  -8140.695773  -9488.504516    -90.307583  3  6  5  76       
PG23  19114.793967  16684.771353   8288.390054    396.697633  3  5  5  86       
PG24  -9457.798566  20165.032452 -14635.051929   -467.609086  5  4  4  82       
PG25  13087.430143  18749.818428 -14093.666398    497.277557  2  6  3  99       
PG26  23896.902424   1515.213955  11714.713301    -33.856467  6  5  4  78       
PG27  12627.204950 -14018.452935  18206.017513    -33.499180  3  3  5  74       
PG28  22548.323890  -2615.652386 -13809.731740   -526.020227  5  6  4  84       
PG29   4634.084442  24329.924865   9381.062747   -550.328549  4  6  5  82       
PG30 -19161.386795  -4343.582716  18144.420224   -247.126695  3  5  3  73       
PG31  24617.990857  -9107.364448  -5421.005730   -218.650720  4  6  3  80       
PG32  14631.802519   6541.130133 -20987.194360 999999.999999 11 12 13           
*  2025  1  3 18 45  0.00000000
PG01   9867.486316 -18551.510733 -16238.431382 999999.999999 14 10 12           
PG02  10125.234154 -20003.801374 -13463.419784   -276.532936  5  6  7  85       
PG03  -1746.000112 -16387.761243 -21018.511453    638.821519  6  7  4  96       
PG04    741.535540 -26371.411095  -2217.399533    506.331427  6  9  5  89       
PG05 -13831.975333   9202.757268  20564.232883   -197.953915  5  4  2  76       
PG06 -22093.455929   2884.769407 -14480.343580    -92.610022  1  3  5  56       
PG07  -6684.765724 -14325.305239  21853.036413    -13.952808  1  5  4  72       
PG08   7004.314031 -21809.733136  12913.601244    453.256140  5  5  5  63       
PG09  -6610.731963 -24911.596078   6177.555666    514.249164  3  5  4  90       
PG10  24504.402568  10356.218604  -2513.699444   -261.512596  3  5  3  70       
PG11 -23594.135866  11696.414275  -3156.322994   -752.426509  3  4  4  50       
PG12  -2737.740588  15780.811442 -21485.654822   -562.321325  3  6  5  74       
PG13 -13102.724222  14651.189658  17513.933747    692.289270  4  5  6  70       
PG14 -23374.166103 -12862.269430    876.187671    573.077202  4  7  5  77       
PG15  -3738.396571  23065.513614  11972.535753    247.378889  4  3  5  79       
PG16  18969.478570  -3334.773908  18123.518804    -86.839901  3  5  5  80       
PG17 -12778.150992 -13657.085410 -18366.573660    490.643038  5  5  4  86       
PG18   8449.456720  12328.265841  21990.119924   -659.001402  3  6  6  84       
PG19 -15016.248816  -3149.816505 -21843.649596    581.851267  3  5  4  88       
PG20 -22925.614523   3018.210921  13034.546290    367.362404  5  4  3  41       
PG21  15075.352104 -19458.399004  -7975.403695     99.846874  4  6  6  77       
PG22 -23779.710692  -8909.125866  -6830.633274    -90.309825  3  6  5  85       
PG23  18076.492344  16340.194408  10887.186560    396.704418  4  6  5  91       
PG24 -10811.405898  20868.345498 -12445.224342   -467.605773  5  4  3  71       
PG25  11520.374851  18157.344731 -16119.189982    497.277085  2  6  3  84       
PG26  24910.706365   2249.168879   9307.609554    -33.869849  6  5  5  88       
PG27  12874.228627 -11792.450083  19577.079670    -33.498832  3  3  4  81       
PG28  21237.987669  -1521.345139 -15895.229921   -526.029214  5  6  4  78       
PG29   4368.098813  25247.602314   6705.821941   -550.325686  3  6  5  73       
PG30 -17435.570435  -5589.912309  19480.676288   -247.119219  3  5  3  75       
PG31  24100.456580  -8533.112405  -8102.245190   -218.649943  4  5  4  69       
PG32  14661.716630   8934.025753 -20092.706954 999999.999999 11 11 14           
*  2025  1  3 19  0  0.00000000
PG01  11455.638278 -19293.617227 -14204.181051 999999.999999 14  7 14           
PG02  11405.459971 -20790.571840 -11087.328265   -276.524878  5  6  6  84       
PG03    456.749600 -15417.675413 -21801.616490    638.828658  6  6  3  84       
PG04   1013.809014 -25968.002470  -5054.311651    506.336789  6  9  5  97       
PG05 -15953.055562   8266.889704  19408.581824   -197.955015  5  3  2  76       
PG06 -20697.955832   1777.151306 -16550.564770    -92.634753  1  4  5  44       
PG07  -4724.529151 -15659.116261  21394.556068    -13.952391  2  6  3  76       
PG08   7473.863357 -20218.475505  15080.619425    453.263484  5  4  6  45       
PG09  -6426.218756 -25497.707195   3388.097765    514.263071  3  5  5  99       
PG10  24573.480650  10557.787820    370.387200   -261.526966  3  5  3  97       
PG11 -23283.458618  11207.398394  -5962.164030   -752.425980  2  4  4  51       
PG12  -4883.397220  14661.448777 -21895.718853   -562.322991  3  7  5  88       
PG13 -13142.313069  12505.009502  19079.555027    692.290187  5  4  6  65       
PG14 -23023.239965 -13007.313924   3668.743603    573.083785  4  7  5  64       
PG15  -4406.682612  21603.763243  14186.202679    247.382686  3  3  5  80       
PG16  20666.731862  -2220.637426  16431.258076    -86.831629  2  5  5  90       
PG17 -12697.869724 -15747.521802 -16691.853953    490.627905  5  6  4  94       
PG18   6381.396457  13729.003965  21837.065489   -659.000459  3  6  6  91       
PG19 -14983.550518  -5589.180910 -21409.014518    581.855474  3  5  5  96       
PG20 -24177.333296   2467.399991  10643.124807    367.362344  4  4  3  69       
PG21  15914.150177 -19747.347572  -5194.796058     99.848261  4  6  6  76       
PG22 -24227.200278  -9483.680319  -4051.605140    -90.311874  3  6  5  83       
PG23  16760.202103  15943.141851  13301.295118    396.711220  4  6  6  87       
PG24 -11940.368481  21466.394250 -10042.073073   -467.602450  5  4  3  81       
PG25   9733.134817  17561.415018 -17876.915925    497.276561  2  6  3  98       
PG26  25695.368204   2836.412661   6742.567820    -33.883252  6  4  5  99       
PG27  13246.859566  -9446.998164  20598.473489    -33.498480  2  4  3  85       
PG28  19810.497588   -227.465686 -17707.524153   -526.038283  5  6  5  84       
PG29   4146.029079  25867.224943   3914.190628   -550.322656  3  7  5  80       
PG30 -15664.513735  -6995.668136  20488.214113   -247.111681  4  5  3  76       
PG31  23371.057340  -7770.784742 -10648.046231   -218.649093  5  5  4  80       
PG32  14804.392609  11197.822494 -18847.316462 999999.999999 11  9 14           
*  2025  1  3 19 15  0.00000000
PG01  12801.781356 -19978.993923 -11925.375394 999999.999999 15  1 15           
PG02  12434.838186 -21444.424693  -8511.928888   -276.516545  5  5  6  88       
PG03   2774.522269 -14549.742332 -22215.695167    638.835761  6  6  3  70       
PG04   1345.577813 -25264.178565  -7803.391059    506.342112  6  9  6  85       
PG05 -17976.704003   7494.757128  17914.723068   -197.955580  5  4  2  80       
PG06 -19194.538505    456.044967 -18335.987387    -92.659425  1  3  5  60       
PG07  -2885.719646 -17051.138762  20582.889259    -13.951597  2  6  3  61       
PG08   8065.484664 -18425.441294  16980.581395    453.270888  5  4  5  46       
PG09  -6214.931682 -25777.759306    539.999588    514.276946  3  4  5  90       
PG10  24352.071260  10636.660568   3248.254984   -261.541301  3  4  4  93       
PG11 -22747.380998  10516.925402  -8664.908883   -752.425552  2  5  4  57       
PG12  -7108.436845  13646.537150 -21939.017355   -562.325161  4  7  5  69       
PG13 -13298.235686  10204.276556  20308.098566    692.291547  5  4  6  70       
PG14 -22393.126357 -13052.058705   6399.117101    573.090354  5  7  4  40       
PG15  -5220.035089  19945.385077  16146.056066    247.386542  3  3  5  88       
PG16  22228.522848  -1291.671919  14454.143853    -86.823243  2  5  6  94       
PG17 -12706.020831 -17628.679712 -14718.814458    490.612556  5  7  4  81       
PG18   4420.894329  15217.364105  21308.769359   -658.999513  3  6  6  80       
PG19 -15077.589863  -7954.039773 -20612.646085    581.859319  4  5  5  83       
PG20 -25179.853441   2032.715788   8067.941548    367.362128  4  5  3  74       
PG21  16499.756796 -19847.441625  -2317.637302     99.849815  4  6  6  76       
PG22 -24414.867881  -9889.584977  -1200.974320    -90.313692  4  6  5  88       
PG23  15178.233686  15534.232004  15489.638479    396.718033  5  7  6  84       
PG24 -12845.273216  21919.606219  -7465.684782   -467.599163  5  4  2  90       
PG25   7749.770053  16997.043503 -19337.946805    497.276066  2  5  3  89       
PG26  26224.644605   3301.491500   4063.470534    -33.896721  6  4  5  94       
PG27  13753.000200  -7031.328831  21252.725825    -33.498104  3  4  3  93       
PG28  18310.275249   1261.765924 -19215.501859   -526.047295  5  6  5  80       
PG29   3930.874983  26177.469797   1054.639135   -550.319952  3  7  5  70       
PG30 -13890.152937  -8546.176757  21149.563968   -247.104146  3  5  3  68       
PG31  22465.191318  -6804.529514 -13016.100960   -218.648399  5  5  4  85       
PG32  15038.870151  13289.763785 -17273.659728 999999.999999 12  7 14           
*  2025  1  3 19 30  0.00000000
PG01  13898.666261 -20566.492702  -9441.252575 999999.999999 15  6 16           
PG02  13220.191267 -21925.276358  -5784.058779   -276.508442  5  6  6  73       
PG03   5163.036564 -13806.998059 -22253.511489    638.842868  6  5  3  73       
PG04   1770.718843 -24279.281857 -10416.888321    506.347476  6  8  6  87       
PG05 -19855.645270   6880.794465  16109.164200   -197.956933  4  4  3  69       
PG06 -17629.874757  -1072.601198 -19805.476245    -92.684135  2  3  5  75       
PG07  -1195.840021 -18465.098058  19429.652190    -13.951466  3  6  3  68       
PG08   8795.271792 -16472.398835  18580.385481    453.278240  4  4  5  64       
PG09  -5939.688643 -25754.541015  -2317.444468    514.290846  3  4  5 102       
PG10  23830.423425  10631.138610   6071.544488   -261.555629  3  4  4  94       
PG11 -22020.459796   9606.570078 -11217.783521   -752.425069  2  5  3  71       
PG12  -9370.017421  12756.280716 -21614.711102   -562.326995  4  7  5  69       
PG13 -13585.760716   7796.189858  21178.076519    692.292478  4  4  5  73       
PG14 -21481.049206 -13032.838162   9021.037816    573.096933  5  6  4  84       
PG15  -6190.200828  18131.534501  17816.027379    247.390626  3  2  5  85       
PG16  23612.834649   -539.562969  12227.850120    -86.814828  1  5  6  84       
PG17 -12773.202805 -19265.987206 -12483.281270    490.597170  6  7  4 105       
PG18   2602.247037  16757.252757  20413.615920   -658.998590  4  6  6  72       
PG19 -15285.149528 -10199.155725 -19469.001959    581.863597  4  5  5  83       
PG20 -25906.170185   1685.220493   5353.262001    367.361800  4  5  3  63       
PG21  16851.655848 -19726.330329    602.493196     99.851137  5  6  6  70       
PG22 -24321.926763 -10157.684581   1670.816889    -90.315632  5  6  5  81       
PG23  13351.438412  15151.999779  17414.867055    396.724825  5  7  6  90       
PG24 -13534.431856  22190.748979  -4759.685696   -467.595835  5  3  2  91       
PG25   5600.940787  16495.067781 -20478.170797    497.275577  2  5  3  79       
PG26  26478.982365   3673.544214   1315.827072    -33.910135  6  4  5  94       
PG27  14392.366278  -4596.023572  21529.198264    -33.497716  3  4  4  79       
PG28  16781.564455   2933.786726 -20393.279803   -526.056313  5  6  5  77       
PG29   3684.660277  26176.058283  -1823.206976   -550.316946  4  7  5  97       
PG30 -12152.064097 -10219.467900  21452.954514   -247.096682  4  5  3  73       
PG31  21421.819141  -5625.813552 -15167.076618   -218.647961  5  4  4  61       
PG32  15337.804942  15172.775584 -15400.015746 999999.999999 12  9 15           
*  2025  1  3 19 45  0.00000000
PG01  14747.622668 -21015.847356  -6794.586412 999999.999999 14  9 16           
PG02  13776.942976 -22197.206868  -2953.012519   -276.500237  6  5  6  77       
PG03   7574.520263 -13204.795308 -21914.092963    638.850000  6  5  4  85       
PG04   2318.830882 -23040.574616 -12849.457125    506.352786  6  8  5  95       
PG05 -21545.933153   6411.351548  14023.799604   -197.957341  4  5  3  85       
PG06 -16050.139122  -2793.985337 -20933.272094    -92.708817  1  3  4  78       
PG07    324.172093 -19860.819434  17952.088120    -13.950523  3  6  2  60       
PG08   9671.843188 -14404.899464  19852.499270    453.285532  4  4  4  43       
PG09  -5565.081334 -25439.598243  -5134.885987    514.304719  3  4  5 102       
PG10  23007.500405  10581.221536   8793.024095   -261.570064  3  4  4  91       
PG11 -21141.690506   8465.625543 -13576.598216   -752.424589  2  5  3  59       
PG12 -11622.580458  12003.431388 -20927.958265   -562.328964  4  7  4  66       
PG13 -14012.111742   5330.873772  21674.519899    692.293723  4  5  5  65       
PG14 -20292.522822 -12986.560868  11490.043506    573.103534  5  6  4  71       
PG15  -7321.106000  16206.980282  19165.260044    247.394473  4  2  5  86       
PG16  24781.825587     51.707294   9791.933076    -86.806413  1  5  6  92       
PG17 -12865.328409 -20632.698356 -10025.736161    490.581860  6  7  4  87       
PG18    952.977703  18307.747101  19166.350766   -658.997641  4  6  6  82       
PG19 -15585.811522 -12283.166225 -17998.173107    581.867745  4  6  5  93       
PG20 -26336.944327   1391.817716   2545.902095    367.361664  4  5  3  68       
PG21  16996.940293 -19358.361811   3511.550999     99.852811  5  6  6  57       
PG22 -23935.809347 -10322.964298   4513.400732    -90.317658  5  5  5  86       
PG23  11308.598444  14831.331974  19043.980135    396.731636  5  7  6  93       
PG24 -14023.461564  22246.501718  -1970.548863   -467.592546  5  3  2  81       
PG25   3322.959212  16080.979694 -21278.608843    497.275122  2  5  3  78       
PG26  26446.215858   3984.983957  -1453.968146    -33.923524  6  3  6  90       
PG27  15156.456017  -2191.163008  21424.222093    -33.497308  3  4  4  90       
PG28  15266.783441   4767.983650 -21220.644328   -526.065301  5  6  5  76       
PG29   3370.117917  25869.795922  -4669.450818   -550.313977  4  7  6  90       
PG30 -10486.078686 -11986.921300  21392.540109   -247.089181  4  5  3  81       
PG31  20281.996456  -4233.913789 -17065.198978   -218.647117  5  4  4  17       
PG32  15668.655054  16816.692084 -13259.736756 999999.999999 13 11 15           
*  2025  1  3 20  0  0.00000000
PG01  15358.319352 -21289.306899  -4030.948127 999999.999999 14 12 17           
PG02  14128.215322 -22229.956434    -69.526949   -276.492081  6  6  6  68       
PG03   9959.326711 -12750.263955 -21202.768483    638.857008  6  5  5  85       
PG04   3013.879010 -21582.213893 -15058.960799    506.358168  6  7  5  98       
PG05 -23008.533453   6065.417911  11695.305016   -197.958458  4  5  3  70       
PG06 -14499.278319  -4684.811978 -21699.466478    -92.733522  1  4  4  95       
PG07   1660.616692 -21195.612523  16172.939978    -13.949887  4  6  2  77       
PG08  10695.868226 -12270.578384  20775.430581    453.292905  4  5  3  60       
PG09  -5059.044761 -24852.721267  -7863.784835    514.318529  3  4  5  76       
PG10  21891.070259  10526.941643  11367.312721   -261.584399  4  5  4  82       
PG11 -20152.943576   7091.721518 -15700.525779   -752.424097  2  4  4  76       
PG12 -13819.375897  11392.890303 -19889.853305   -562.330911  5  7  4  86       
PG13 -14576.114318   2859.564369  21789.234431    692.295173  4  5  5  67       
PG14 -18841.270048 -12949.158400  13764.201369    573.110135  5  5  4  82       
PG15  -8608.461924  14218.402722  20168.795089    247.398787  4  3  5  69       
PG16  25703.172721    504.966291   7189.071634    -86.798096  1  5  6  93       
PG17 -12945.166997 -21710.764540  -7390.476221    490.566578  6  8  4  85       
PG18   -507.072050  19824.582480  17587.873118   -658.996740  4  6  6  73       
PG19 -15952.810649 -14169.925043 -16225.513696    581.872475  4  6  5  84       
PG20 -26461.237820   1116.733561   -305.584404    367.361627  4  4  3  67       
PG21  16968.910625 -18725.752105   6356.237128     99.854889  5  6  5  49       
PG22 -23252.660950 -10422.931825   7277.412770    -90.319499  5  5  4  95       
PG23   9085.523202  14602.046219  20348.883986    396.738415  5  7  6  85       
PG24 -14334.569923  22058.918451    853.190042   -467.589274  5  3  3  91       
PG25    956.643048  15773.958703 -21725.698372    497.274659  2  5  3  71       
PG26  26121.999253   4270.072436  -4199.373957    -33.936950  6  3  6 103       
PG27  16028.872267    135.479075  20941.080309    -33.496872  4  4  5  82       
PG28  13804.960649   6736.300397 -21683.394873   -526.074244  5  7  5  77       
PG29   2952.346798  25274.267831  -7434.809719   -550.310692  4  7  6  87       
PG30  -8923.040988 -13814.173575  20968.542117   -247.081676  4  5  3  82       
PG31  19087.346829  -2636.127332 -18678.785921   -218.646222  5  4  4  77       
PG32  15995.071640  18199.204121 -10890.598955 999999.999999 13 12 15           
*  2025  1  3 20 15  0.00000000
PG01  15748.206960 -21353.183492  -1197.919616 999999.999999 14 13 17           
PG02  14303.625412 -22000.176120   2815.232097   -276.484038  6  6  6  69       
PG03  12267.630792 -12442.089327 -20131.110863    638.864040  6  4  5  95       
PG04   3873.066891 -19943.969006 -17007.216502    506.363571  6  7  5  99       
PG05 -24210.715148   5815.640386   9164.452281   -197.959279  3  6  3  72       
PG06 -13017.371709  -6713.988311 -22090.378101    -92.758196  1  4  4  92       
PG07   2807.449105 -22425.788425  14120.237599    -13.949233  4  6  3  78       
PG08  11859.930107 -10117.395706  21334.065901    453.300264  3  5  3  83       
PG09  -4394.292766 -24021.126146 -10457.249167    514.332402  2  4  5  94       
PG10  20497.486056  10506.715404  13751.564748   -261.598822  4  5  4  99       
PG11 -19097.300629   5491.119482 -17552.820023   -752.423591  3  4  4  70       
PG12 -15914.041571  10921.605475 -18517.283684   -562.333053  5  6  3  92       
PG13 -15268.199525    432.763286  21520.915272    692.296451  4  6  5  79       
PG14 -17148.843296 -12954.077641  15804.792332    573.116751  5  5  4  74       
PG15 -10039.728171  12212.608114  20808.128295    247.402878  4  3  5  79       
PG16  26351.193984    848.712478   4464.288155    -86.789508  1  5  6 101       
PG17 -12974.011071 -22491.346260  -4624.709480    490.550858  6  8  3  94       
PG18  -1766.351456  21261.792123  15704.916254   -658.995837  4  6  5  80       
PG19 -16354.124687 -15829.647714 -14181.204650    581.876214  4  7  5  86       
PG20 -26276.935722    823.111715  -3151.758563    367.361023  4  4  3  93       
PG21  16805.427702 -17819.393442   9085.147868     99.855818  5  6  5  62       
PG22 -22277.490649 -10495.931242   9915.367078    -90.321283  6  5  4  97       
PG23   6723.883317  14487.667270  21306.878021    396.745226  5  6  6  93       
PG24 -14495.564268  21606.717767   3661.797386   -467.586019  4  2  3  96       
PG25  -1453.991486  15586.140502 -21811.511463    497.274163  2  5  3  64       
PG26  25509.961790   4563.439469  -6874.428497    -33.950351  6  2  6 106       
PG27  16985.977901   2340.121388  20089.843549    -33.496437  4  4  5  99       
PG28  12430.313766   8804.135761 -21773.585279   -526.083243  5  7  5  85       
PG29   2400.373378  24413.203189 -10071.485165   -550.308182  4  7  6  88       
PG30  -7487.753785 -15662.255513  20187.299358   -247.074190  4  4  3  70       
PG31  17878.527381   -847.693184 -19980.727173   -218.645449  5  4  4  80       
PG32  16278.435169  19306.498330  -8334.089003 999999.999999 13 13 16           
*  2025  1  3 20 30  0.00000000
PG01  15941.665765 -21179.254574   1655.727985 999999.999999 14 14 18           
PG02  14337.843322 -21492.385040   5650.653858   -276.475686  5  6  5  75       
PG03  14451.143607 -12270.618238 -18716.782780    638.871089  5  4  5 101       
PG04   4905.982072 -18169.733341 -18660.662986    506.368920  6  6  5  95       
PG05 -25127.197138   5629.589352   6475.359805   -197.959855  3  5  4  77       
PG06 -11639.148369  -8843.632813 -22098.822030    -92.782849  1  5  4  74       
PG07   3766.419475 -23508.260893  11826.991889    -13.948453  4  6  3  88       
PG08  13148.726727  -7991.891406  21519.873272    453.307624  3  5  4  79       
PG09  -3549.563657 -22978.364696 -12870.838291    514.346317  3  5  5  79       
PG10  18851.166119  10555.769253  15906.111454   -261.613260  4  5  5  83       
PG11 -18017.356435   3678.672163 -19101.461026   -752.423107  3  4  4  86       
PG12 -17862.182774  10578.770909 -16832.703898   -562.334982  5  6  3  88       
PG13 -16070.761284  -1901.564106  20875.120818    692.297814  5  6  5  79       
PG14 -15243.961232 -13030.872430  17576.948982    573.123363  5  4  4  85       
PG15 -11594.439226  10234.739873  21071.619152    247.407214  4  4  5  81       
PG16  26707.713993   1115.783040   1664.164798    -86.781211  1  5  6 104       
PG17 -12913.392551 -22974.950828  -1777.612545    490.535505  6  7  3 102       
PG18  -2821.885100  22573.436576  13549.618458   -658.994900  4  5  5  64       
PG19 -16753.760134 -17239.823899 -11899.757971    581.880533  4  7  5  84       
PG20 -25790.835587    474.658963  -5943.173124    367.360722  4  4  3  81       
PG21  16547.108185 -16639.273586  11649.826580     99.857297  5  6  4  51       
PG22 -21023.982330 -10579.459518  12382.461867    -90.323185  6  5  4 102       
PG23   4269.822921  14504.447745  21901.060680    396.752066  4  6  6  84       
PG24 -14538.618592  20876.337843   6405.271095   -467.582748  4  2  4  83       
PG25  -3863.154693  15522.146570 -21533.904831    497.273699  3  4  3  72       
PG26  24621.583846   4898.601271  -9434.455335    -33.963766  6  1  6 108       
PG27  17997.850165   4384.472774  18887.071159    -33.496032  4  5  6 101       
PG28  11171.026125  10931.499638 -21489.659032   -526.092214  5  7  5  94       
PG29   1688.555766  23317.535346 -12534.000535   -550.304641  5  7  6 105       
PG30  -6198.153021 -17488.921352  19061.223352   -247.066666  4  5  3  78       
PG31  16693.739636   1108.572543 -20948.906149   -218.644867  5  4  5  88       
PG32  16479.474249  20133.568264  -5634.642716 999999.999999 13 14 16           
*  2025  1  3 20 45  0.00000000
PG01  15968.892267 -20745.964432   4480.876005 999999.999999 14 15 18           
PG02  14268.980263 -20699.602059   8387.613960   -276.467786  5  6  5  63       
PG03  16464.783569 -12218.291121 -16983.285806    638.878158  5  4  5  93       
PG04   6114.048102 -16305.890291 -19990.939754    506.374313  6  5  4  84       
PG05 -25741.008462   5471.220222   3674.694816   -197.960601  3  5  4  79       
PG06 -10392.719777 -11030.359408 -21724.264833    -92.807504  2  5  4  47       
PG07   4546.918820 -24402.176554   9330.789291    -13.947857  5  6  4  79       
PG08  14539.596102  -5937.525290  21330.970773    453.315035  3  5  5  84       
PG09  -2510.628114 -21763.007359 -15063.314823    514.360167  3  5  5  87       
PG10  16983.794196  10704.694121  17795.053960   -261.627611  4  5  4  81       
PG11 -16953.553690   1677.448141 -20319.715284   -752.422673  4  4  5  51       
PG12 -19622.896662  10346.322529 -14863.826620   -562.336904  5  6  3  74       
PG13 -16958.849135  -4099.672588  19864.109824    692.298837  5  5  5  78       
PG14 -13161.583893 -13203.947171  19050.238100    573.129940  5  3  4  75       
PG15 -13244.882628   8326.567933  20954.737458    247.411251  5  4  5  78       
PG16  26762.649515   1341.883103  -1163.931452    -86.772960  2  6  6  90       
PG17 -12726.774268 -23171.198763   1100.624233    490.520132  6  7  2 102       
PG18  -3679.218799  23715.355518  11158.989511   -658.994046  4  5  5  78       
PG19 -17113.186732 -18385.867725  -9419.468562    581.884528  5  7  5  98       
PG20 -25018.398700     37.274735  -8631.256528    367.360841  4  4  4  55       
PG21  16235.454966 -15194.500368  14005.688366     99.858798  5  6  3  58       
PG22 -19513.982839 -10708.553230  14637.303430    -90.325149  6  5  3  87       
PG23   1772.399572  14660.672048  22120.647233    396.758934  4  5  6  77       
PG24 -14498.844214  19862.702793   9034.314767   -467.579480  4  2  4  83       
PG25  -6224.779783  15578.892732 -20896.598477    497.273250  3  4  4  79       
PG26  23475.800669   5306.529932 -11836.742933    -33.977248  7  2  6 101       
PG27  19029.487646   6236.984866  17355.391911    -33.495603  5  5  6  97       
PG28  10048.266972  13074.383120 -20836.476282   -526.101209  5  7  4  86       
PG29    797.774672  22024.196174 -14779.991090   -550.301686  5  6  6  94       
PG30  -5064.744741 -19250.123813  17608.654961   -247.059151  5  4  3  78       
PG31  15567.336799   3202.917096 -21566.559641   -218.643933  5  4  5  85       
PG32  16559.902592  20684.191935  -2838.851961 999999.999999 13 14 16           
*  2025  1  3 21  0  0.00000000
PG01  15864.568556 -20039.378242   7228.905455 999999.999999 14 16 18           
PG02  14136.880387 -19623.636019  10979.333839   -276.459564  5  6  4  73       
PG03  18268.242286 -12260.386869 -14959.613292    638.885207  4  4  5  88       
PG04   7490.304548 -14399.598539 -20975.367699    506.379678  6  5  3  88       
PG05 -26044.032012   5302.469962    810.843741   -197.962288  4  5  4  70       
PG06  -9298.579113 -13226.788974 -20972.860839    -92.832147  2  5  5  78       
PG07   5165.526346 -25070.514101   6673.281861    -13.947597  5  5  4  66       
PG08  16003.339470  -3993.167266  20772.065468    453.322442  3  5  5  87       
PG09  -1271.021331 -20417.151549 -16997.334060    514.374058  4  6  5  86       
PG10  14933.268077  10978.178406  19386.803103   -261.641972  4  5  4  89       
PG11 -15942.616221   -481.964280 -21186.600601   -752.422164  4  4  5  57       
PG12 -21160.187003  10199.716200 -12643.231279   -562.338923  5  5  3  63       
PG13 -17901.163895  -6123.535905  18506.549650    692.300060  6  5  5  80       
PG14 -10941.758447 -13491.499906  20199.179049    573.136550  5  3  4  73       
PG15 -14957.098583   6524.934433  20460.139745    247.415267  5  4  5  85       
PG16  26514.301464   1564.033901  -3972.604359    -86.764232  3  6  6  72       
PG17 -12381.145938 -23098.238160   3959.740160    490.504916  6  7  2  83       
PG18  -4352.026595  24646.872507   8574.280302   -658.993109  4  4  5  86       
PG19 -17392.869808 -19261.485891  -6781.819858    581.888728  5  8  4  89       
PG20 -23983.171327   -519.401671 -11169.186495    367.360483  5  4  4  31       
PG21  15911.012691 -13502.946532  16112.797694     99.859927  5  6  3  83       
PG22 -17776.696159 -10914.306934  16642.540193    -90.327322  6  6  3  77       
PG23   -718.091975  14956.272335  21961.192407    396.765791  3  5  6  89       
PG24 -14412.721911  18569.657357  11501.332054   -467.576222  4  3  4  94       
PG25  -8494.041108  15745.686402 -19909.179361    497.272777  4  4  4  87       
PG26  22098.349336   5814.324068 -14041.191379    -33.990652  7  2  5  99       
PG27  20042.214273   7873.815619  15522.981290    -33.495183  5  6  6  99       
PG28   9075.492710  15186.290930 -19825.232164   -526.110237  5  7  4  87       
PG29   -283.635416  20574.693598 -16770.932117   -550.298815  5  6  6  78       
PG30  -4090.328712 -20901.582116  15853.620128   -247.051647  5  4  3  67       
PG31  14528.576025   5399.547641 -21822.570735   -218.643416  5  4  5  90       
PG32  16484.010814  20970.583184      5.344963 999999.999999 12 15 16           
*  2025  1  3 21 15  0.00000000
PG01  15666.366819 -19053.851227   9852.534891 999999.999999 14 16 18           
PG02  13981.389748 -18275.033956  13382.153948   -276.451664  5  6  4  74       
PG03  19827.386315 -12366.055374 -12679.809168    638.892210  4  5  5  76       
PG04   9019.522616 -12497.064497 -21597.323606    506.385035  7  5  3  69       
PG05 -26037.214705   5084.924254  -2066.933287   -197.962900  5  5  4  81       
PG06  -8368.907863 -15383.230328 -19857.366943    -92.856802  3  5  5  81       
PG07   5645.263932 -25481.589143   3899.571162    -13.946995  6  5  5  77       
PG08  17505.303518  -2191.794772  19854.270740    453.329879  4  5  6  95       
PG09    167.527537 -18984.814069 -18640.060138    514.387959  4  6  5  83       
PG10  12742.432973  11393.963094  20654.561905   -261.656375  4  5  4  82       
PG11 -15016.142118  -2762.447080 -21687.247504   -752.421696  5  5  6  82       
PG12 -22444.217346  10108.963104 -10207.891229   -562.340922  6  5  3  58       
PG13 -18861.311322  -7942.102713  16827.106540    692.301066  6  4  6  70       
PG14  -8628.276206 -13904.705685  21003.689611    573.143165  5  3  4  74       
PG15 -16692.154843   4860.425707  19597.574552    247.419487  5  4  6  66       
PG16  25969.350790   1818.997422  -6715.156178    -86.755812  4  6  6  78       
PG17 -11848.460814 -22781.840785   6750.314863    490.490193  6  6  2  81       
PG18  -4861.392445  25332.383968   5840.265781   -658.992147  4  3  5  82       
PG19 -17553.846767 -19868.752449  -4030.849339    581.892449  5  8  4  97       
PG20 -22715.897829  -1220.589654 -13512.735388    367.360227  5  5  4  73       
PG21  15611.630965 -11590.547966  17936.488507     99.861342  5  5  2  87       
PG22 -15847.622458 -11222.576473  18365.402137    -90.329336  7  6  3  79       
PG23  -3151.850789  15382.774237  21424.711697    396.772605  2  5  6  90       
PG24 -14316.462467  17010.041004  13761.413749   -467.572931  3  3  4  87       
PG25 -10628.842879  16004.613339 -18587.026100    497.272314  4  4  4  85       
PG26  20520.882587   6444.026844 -16010.920778    -34.004086  7  2  5 100       
PG27  20995.218742   9279.473638  13422.953547    -33.494769  6  6  6 106       
PG28   8258.055508  17219.878171 -18473.267653   -526.119248  5  7  4  97       
PG29  -1559.250645  19013.529266 -18472.792794   -550.295374  5  6  5  81       
PG30  -3270.023043 -22400.385252  13825.484010   -247.044155  5  4  3  71       
PG31  13600.560218   7657.755984 -21711.689977   -218.642725  4  4  5  82       
PG32  16220.153229  21012.736245   2849.475294 999999.999999 12 15 16           
*  2025  1  3 21 30  0.00000000
PG01  15413.347651 -17792.386683  12306.634334 999999.999999 15 17 18           
PG02  13840.672613 -16672.700956  15556.211186   -276.443386  4  6  3  91       
PG03  21115.440794 -12499.601597 -10182.436261    638.899272  4  5  4  69       
PG04  10678.650586 -10641.869499 -21846.503370    506.390427  6  6  2  92       
PG05 -25730.440287   4781.489463  -4909.348428   -197.964052  5  5  4  79       
PG06  -7607.218325 -17449.465433 -18396.935911    -92.881480  4  5  5  90       
PG07   6014.576114 -25610.400487   1057.487936    -13.946295  6  4  5  82       
PG08  19006.673851   -559.443737  18594.812384    453.337286  5  5  6 100       
PG09   1794.983687 -17510.269821 -19963.700264    514.401795  5  7  5  86       
PG10  10457.642646  11962.055640  21576.746255   -261.670853  5  5  4  89       
PG11 -14199.411723  -5121.597979 -21813.151088   -752.421168  6  6  6  80       
PG12 -23452.354928  10039.888132  -7598.621825   -562.343033  6  6  3  66       
PG13 -19799.259017  -9532.263588  14855.931256    692.302191  6  4  6  86       
PG14  -6267.188713 -14447.172769  21449.451318    573.149808  4  3  5  81       
PG15 -18407.637233   3356.328481  18383.622309    247.423681  5  3  6  62       
PG16  25142.565357   2141.733315  -9346.281133    -86.747580  5  6  6  79       
PG17 -11106.858638 -22254.225677   9424.628079    490.474469  5  6  3  90       
PG18  -5234.793793  25742.767431   3004.453957   -658.991272  4  2  4  79       
PG19 -17559.292890 -20217.888517  -1212.479784    581.896716  5  7  4  90       
PG20 -21253.360278  -2085.169509 -15621.069948    367.359687  5  5  4  81       
PG21  15370.906216  -9490.302481  19447.824986     99.862611  5  5  2  95       
PG22 -13767.288421 -11652.910898  19778.143993    -90.331223  6  6  3  81       
PG23  -5481.291187  15923.577926  20519.696317    396.779435  2  5  5  70       
PG24 -14244.368677  15205.389178  15773.288060   -467.569630  3  3  4  88       
PG25 -12591.226644  16331.205357 -16951.150561    497.271832  5  4  4  79       
PG26  18779.880392   7211.632548 -17712.836001    -34.017476  7  3  5 100       
PG27  21847.164742  10447.127576  11092.687154    -33.494359  6  6  5  99       
PG28   7593.133874  19128.629279 -16803.775901   -526.128208  5  8  4  93       
PG29  -3024.241629  17386.519058 -19856.605262   -550.292208  6  6  5  95       
PG30  -2591.592944 -23706.569843  11558.504625   -247.036702  5  4  3  83       
PG31  12799.408598   9933.235594 -21234.679450   -218.642362  5  4  5  84       
PG32  15742.075362  20837.493618   5645.333242 999999.999999 12 15 15           
*  2025  1  3 21 45  0.00000000
PG01  15144.314872 -16266.668640  14549.001126 999999.999999 15 17 18           
PG02  13749.639268 -14843.217538  17466.015420   -276.435222  4  6  3  80       
PG03  22113.907977 -12621.974880  -7509.959470    638.906322  4  5  3  85       
PG04  12437.570228  -8873.416373 -21719.071132    506.395801  6  6  3  90       
PG05 -25142.073901   4358.004650  -7667.918266   -197.965352  6  4  4  66       
PG06  -7008.347172 -19376.568728 -16616.790672    -92.906149  5  5  5  85       
PG07   6306.066900 -25439.755599  -1803.225894    -13.945733  6  4  5  81       
PG08  20465.924937    885.552349  17016.635551    453.344685  6  5  6  85       
PG09   3593.215621 -16036.400243 -20945.950030    514.415620  5  7  6  93       
PG10   8127.196874  12684.231114  22137.339313   -261.685231  5  5  4  87       
PG11 -13510.456671  -7513.182914 -21562.309322   -752.420608  6  6  6  85       
PG12 -24169.963685   9955.567945  -4859.453182   -562.345094  6  5  3  78       
PG13 -20672.934729 -10879.496123  12628.055120    692.303602  6  4  6  76       
PG14  -3905.236398 -15114.694758  21528.186869    573.156403  4  3  5  67       
PG15 -20059.286465   2027.913128  16841.281892    247.427887  6  3  6  53       
PG16  24056.233789   2563.940622 -11822.719944    -86.738945  5  6  6  45       
PG17 -10141.631774 -21552.665082  11937.454046    490.459543  5  6  3  76       
PG18  -5504.827009  25856.550681    116.235972   -658.990364  5  2  4  88       
PG19 -17376.021828 -20326.754547   1626.177750    581.900557  5  7  4  90       
PG20 -19636.990685  -3124.737859 -17457.488912    367.359436  6  6  4  67       
PG21  15216.858901  -7241.026081  20623.908549     99.863738  4  5  2  85       
PG22 -11579.820565 -12217.746235  20858.393043    -90.333187  6  7  3  79       
PG23  -7662.689401  16554.567464  19261.018209    396.786245  2  5  5  82       
PG24 -14227.274081  13185.267696  17500.204083   -467.566324  3  3  4  95       
PG25 -14348.646753  16695.370853 -15027.952477    497.271368  5  4  4  78       
PG26  16915.396543   8126.316842 -19118.142503    -34.030903  7  3  5  89       
PG27  22557.807344  11378.578967   8573.101793    -33.493866  6  6  6  89       
PG28   7069.987496  20868.515367 -14845.408654   -526.137234  5  8  4  98       
PG29  -4665.387712  15739.082099 -20898.940406   -550.289404  6  6  5  90       
PG30  -2036.075017 -24784.611098   9091.289386   -247.029265  5  4  4  93       
PG31  12133.688561  12179.547976 -20398.374207   -218.641379  5  4  4  91       
PG32  15030.035085  20477.376517   8345.759465 999999.999999 12 16 15           
*  2025  1  3 22  0  0.00000000
PG01  14896.191107 -14496.767615  16541.084387 999999.999999 15 17 18           
PG02  13738.541237 -12819.890488  19080.923816   -276.427266  4  6  3  66       
PG03  22813.182733 -12692.408352  -4708.051083    638.913387  4  5  3  90       
PG04  14260.133302  -7225.554558 -21217.693841    506.401145  6  6  3  79       
PG05 -24298.199698   3784.732463 -10295.768864   -197.965711  6  4  4  69       
PG06  -6558.800957 -21118.688579 -14547.784797    -92.930845  5  6  5  78       
PG07   6555.037701 -24961.118350  -4631.821122    -13.945566  6  3  5  93       
PG08  21840.367570   2133.013232  15147.925620    453.352072  6  5  6  90       
PG09   5536.515540 -14603.113766 -21570.344478    514.429465  5  7  5  80       
PG10   5799.708130  13553.840192  22326.174851   -261.699659  5  5  3  91       
PG11 -12959.425600  -9888.739108 -20939.246074   -752.420011  7  6  6  81       
PG12 -24590.912605   9817.897518  -2036.933190   -562.347094  6  5  3  60       
PG13 -21439.900143 -11978.169236  10182.712575    692.304678  6  4  6  82       
PG14  -1588.247254 -15895.311110  21237.842969    573.163015  4  3  5  80       
PG15 -21602.706261    882.069692  14999.421172    247.431901  6  2  6  81       
PG16  22739.350118   3112.732401 -14103.872066    -86.730449  6  7  5  69       
PG17  -8945.903679 -20717.933593  14246.779579    490.444255  5  6  2  80       
PG18  -5707.725847  25660.792836  -2774.005826   -658.989403  5  2  4  74       
PG19 -16975.868008 -20220.071984   4437.543069    581.904706  6  7  4 101       
PG20 -17911.311424  -4342.955572 -18990.083347    367.359344  6  6  5  70       
PG21  15170.887327  -4885.929235  21448.042321     99.864877  4  5  3  75       
PG22  -9331.416280 -12921.883507  21589.404304    -90.335229  6  7  3  75       
PG23  -9657.691996  17245.028575  17669.723179    396.793074  2  4  4  72       
PG24 -14291.131700  10986.265037  18910.719781   -467.563009  3  4  5  95       
PG25 -15875.065686  17062.560291 -12848.883807    497.270896  5  4  3  77       
PG26  14969.682873   9189.918742 -20202.807874    -34.044302  7  3  5  99       
PG27  23089.553752  12083.909995   5907.904062    -33.493321  7  6  6 105       
PG28   6670.526175  22399.566744 -12631.789037   -526.146254  5  8  4  97       
PG29  -6461.419751  14114.564435 -21582.283846   -550.286181  7  6  5 104       
PG30  -1578.676501 -25604.767068   6466.160364   -247.021785  5  4  4  84       
PG31  11604.133401  14349.689206 -19215.655495   -218.640585  4  4  4  91       
PG32  14071.678870  19969.224536  10905.388578 999999.999999 13 16 15           
*  2025  1  3 22 15  0.00000000
PG01  14702.477455 -12510.530418  18248.645761 999999.999999 15 17 17           
PG02  13831.780208 -10641.580673  20375.514818   -276.419242  4  6  2  80       
PG03  23212.837861 -12670.146311  -1824.827562    638.920513  4  6  3  81       
PG04  16105.436675  -5725.435196 -20351.462848    506.406520  6  7  4  85       
PG05 -23231.583771   3037.673395 -12748.401925   -197.967275  7  4  4  73       
PG06  -6237.439990 -22634.719891 -12225.856928    -92.955550  6  6  6  87       
PG07   6797.882758 -24175.131020  -7377.513821    -13.944811  7  2  5  90       
PG08  23087.733198   3181.043184  13021.556595    453.359450  7  5  6  90       
PG09   7592.410510 -13245.897110 -21826.511218    514.443312  5  7  5  75       
PG10   3522.453266  14555.933935  22139.144472   -261.714121  5  5  4  90       
PG11 -12548.270288 -12199.266589 -19954.919257   -752.419488  7  7  5  74       
PG12 -24717.775075   9589.227436    820.631561   -562.349425  6  6  3  73       
PG13 -22059.033061 -12831.501949   7562.606791    692.305975  6  4  7  87       
PG14    640.435003 -16769.677271  20582.672854    573.169635  3  3  5  74       
PG15 -22995.066587    -82.695402  12892.112987    247.435886  6  2  6  76       
PG16  21226.579873   3809.485900 -16152.363275    -86.721916  7  7  5  79       
PG17  -7521.001440 -19792.664413  16314.438477    490.429106  5  6  2  83       
PG18  -5881.733298  25151.640030  -5615.813364   -658.988480  6  2  4  90       
PG19 -16336.901389 -19928.400081   7174.301452    581.908843  5  6  4  84       
PG20 -16122.266503  -5735.215241 -20192.306405    367.359114  6  6  5  77       
PG21  15247.023916  -2471.077462  21909.768220     99.866540  4  5  3  80       
PG22  -7068.768327 -13762.262756  21960.227083    -90.337246  5  7  3  79       
PG23 -11434.626710  17958.842556  15772.712233    396.799936  3  4  4  63       
PG24 -14455.819670   8650.685117  19979.368674   -467.559678  3  4  5  94       
PG25 -17151.825508  17395.129369 -10450.020735    497.270397  6  4  3  83       
PG26  12985.737931  10396.694524 -20947.963527    -34.057685  7  3  4  88       
PG27  23408.911100  12580.829141   3142.817288    -33.492775  7  6  6  97       
PG28   6370.170626  23687.300519 -10200.938577   -526.155296  5  8  4  92       
PG29  -8383.676841  12552.661294 -21895.307703   -550.283200  7  6  5  79       
PG30  -1189.917192 -26144.220550   3728.436831   -247.014342  5  4  4  88       
PG31  11203.661362  16397.702463 -17705.330528   -218.640375  4  3  3  78       
PG32  12862.644086  19352.696702  13281.356088 999999.999999 13 16 15           
*  2025  1  3 22 30  0.00000000
PG01  14591.857148 -10342.677199  19642.345295 999999.999999 15 17 17           
PG02  14046.966625  -8351.356725  21329.865923   -276.410993  4  6  3  89       
PG03  23321.564368 -12516.192591   1089.970786    638.927612  5  6  3  81       
PG04  17929.285728  -4392.638091 -19135.706134    506.411910  5  7  5  78       
PG05 -21980.404127   2099.655462 -14984.411585   -197.968264  7  4  4  74       
PG06  -6016.473045 -23889.801079  -9691.389453    -92.980241  6  6  6  71       
PG07   7070.408633 -23091.774996  -9990.504007    -13.944252  7  2  5  89       
PG08  24167.735188   4035.845637  10674.480432    453.366805  7  4  6  93       
PG09   9722.733194 -11994.550832 -21710.323341    514.457154  5  7  5  92       
PG10   1339.767445  15667.705069  21578.323430   -261.728629  6  5  3  91       
PG11 -12270.763204 -14396.942836 -18626.516596   -752.418952  8  7  5  80       
PG12 -24561.705854   9234.009590   3663.987055   -562.351217  6  6  3  68       
PG13 -22492.152506 -13451.185591   4813.134656    692.307000  6  4  7  76       
PG14   2741.433913 -17711.733945  19573.213960    573.176224  3  3  6  68       
PG15 -24196.728663   -875.911455  10557.880619    247.440049  6  2  6  61       
PG16  19557.043965   4668.904722 -17934.566802    -86.713459  7  7  5  64       
PG17  -5876.516456 -18819.676946  18106.658034    490.413707  4  6  2  66       
PG18  -6065.393722  24334.531895  -8359.572576   -658.987562  6  3  4  87       
PG19 -15444.429769 -19486.901972   9790.146433    581.913234  5  6  3  76       
PG20 -14315.510717  -7288.642108 -21043.441336    367.358757  7  6  5  69       
PG21  15451.505271    -43.799137  22004.793904     99.867926  4  5  4  96       
PG22  -4837.497793 -14728.034535  21965.787648    -90.339155  5  7  4  69       
PG23 -12969.563014  18655.912483  13602.313388    396.806739  4  4  4  80       
PG24 -14734.220294   6224.998860  20687.183976   -467.556307  3  4  5 104       
PG25 -18168.257891  17653.853679  -7871.542821    497.269890  6  3  2  72       
PG26  11005.829945  11733.355171 -21340.240671    -34.071086  7  4  4  80       
PG27  23487.770931  12893.747773    324.809129    -33.492237  7  6  6  95       
PG28   6138.971553  24703.948526  -7594.627820   -526.164286  5  8  4  89       
PG29 -10397.050573  11087.997357 -21833.035600   -550.280063  8  6  5  79       
PG30   -836.970951 -26387.969826    925.646376   -247.006893  5  5  5  84       
PG31  10917.701215  18280.278861 -15891.914258   -218.639337  4  3  3  92       
PG32  11406.868305  18668.689687  15433.957399 999999.999999 14 15 14           
*  2025  1  3 22 45  0.00000000
PG01  14586.997420  -8033.640069  20698.242714 999999.999999 15 17 17           
PG02  14394.253282  -5995.026611  21929.740946   -276.402634  4  6  3  88       
PG03  23156.765166 -12195.010660   3985.843757    638.934706  5  6  4  77       
PG04  19685.789086  -3238.601476 -17591.696459    506.417253  5  7  5  79       
PG05 -20586.797110    961.160339 -16966.142840   -197.968948  8  3  4  87       
PG06  -5862.722479 -24856.575543  -6988.483978    -93.004950  6  6  6  76       
PG07   7406.151821 -21730.150284 -12423.013031    -13.943588  7  2  5  86       
PG08  25043.549916   4711.235426   8147.070254    453.374200  7  4  6  78       
PG09  11884.911653 -10872.155179 -21223.951284    514.470987  4  7  4  90       
PG10   -708.462611  16859.234961  20652.009650   -261.743028  6  5  3  94       
PG11 -12112.844414 -16436.794524 -16977.143542   -752.418444  8  7  5  89       
PG12 -24141.994357   8720.386455   6443.783057   -562.353285  6  5  3  71       
PG13 -22705.525460 -13856.691015   1981.586832    692.308279  7  5  7  80       
PG14   4680.677337 -18689.653428  18226.157653    573.182853  3  3  6  79       
PG15 -25172.724970  -1514.469788   8038.878025    247.443841  6  1  6  80       
PG16  17772.961412   5698.322593 -19421.076418    -86.705055  8  7  4  78       
PG17  -4030.058870 -17840.337817  19594.516118    490.398464  4  6  2  67       
PG18  -6295.835764  23224.049689 -10957.417724   -658.986679  6  4  4  73       
PG19 -14291.750041 -18933.941735  12240.522627    581.917249  5  6  3  80       
PG20 -12534.725156  -8982.428420 -21528.959064    367.358605  7  7  4  72       
PG21  15782.654576   2348.900309  21734.827444     99.869169  4  4  4  87       
PG22  -2680.648210 -15800.920736  21606.892944    -90.341231  5  7  4  75       
PG23 -14247.078658  19293.767726  11195.748714    396.813498  4  5  3  65       
PG24 -15131.615172   3758.125311  21022.064626   -467.552961  3  4  5  98       
PG25 -18922.003219  17799.540862  -5157.121065    497.269380  6  3  1  63       
PG26   9070.045512  13179.389838 -21372.034391    -34.084488  7  4  4  87       
PG27  23304.487625  13052.628618  -2498.671503    -33.491768  8  6  6  90       
PG28   5942.943435  25429.438351  -4857.661367   -526.173310  4  7  4  96       
PG29 -12461.179783   9748.917704 -21396.900163   -550.276951  9  6  4  73       
PG30   -485.154303 -26329.428553  -1893.321395   -246.999401  5  5  5  89       
PG31  10724.818609  19958.287101 -13805.309799   -218.638769  4  3  3  78       
PG32   9716.596918  17957.730655  17327.252637 999999.999999 14 15 14           
*  2025  1  3 23  0  0.00000000
PG01  14703.596047  -5628.187518  21398.205814 999999.999999 16 17 16           
PG02  14875.958873  -3619.600343  22166.693307   -276.394498  4  5  4  86       
PG03  22743.814518 -11676.106628   6812.423499    638.941792  5  7  4  42       
PG04  21329.023249  -2266.373555 -15746.262243    506.422566  6  8  6  91       
PG05 -19095.275410   -379.142895 -18660.283873   -197.969867  8  4  4  87       
PG06  -5739.108112 -25516.167422  -4164.168121    -93.029671  5  6  6  90       
PG07   7834.772206 -20117.872058 -14630.308730    -13.943032  7  3  5  88       
PG08  25683.165434   5227.873252   5482.429668    453.381709  8  4  5  78       
PG09  14033.430023  -9894.303597 -20375.814042    514.484830  5  7  3  84       
PG10  -2588.150943  18094.524751  19374.670723   -261.757463  6  5  4  98       
PG11 -12053.282840 -18278.262379 -15035.409699   -752.417922  8  7  5  90       
PG12 -23485.305742   8021.659166   9111.449688   -562.355428  6  6  4  40       
PG13 -22671.200202 -14074.293600   -883.662435    692.309318  7  5  8  83       
PG14   6430.536035 -19667.029718  16564.109691    573.189504  3  3  6  90       
PG15 -25894.036985  -2021.663192   5380.029906    247.448205  6  1  6  64       
PG16  15918.195571   6897.271122 -20587.129747    -86.696189  9  8  3  80       
PG17  -2006.721883 -16893.013303  20754.309461    490.383565  5  6  2  65       
PG18  -6607.117020  21843.412051 -13364.101054   -658.985768  7  4  4  92       
PG19 -12880.617337 -18309.560788  14483.359483    581.921404  5  6  3  90       
PG20 -10820.026046 -10788.487546 -21640.759238    367.358001  7  7  4  56       
PG21  16231.063908   4661.864116  21107.336986     99.870550  4  4  4  73       
PG22   -637.289928 -16955.847858  20890.160143    -90.343097  4  7  5  63       
PG23 -15260.699473  19829.284553   8594.503889    396.820259  5  5  3  78       
PG24 -15645.422842   1299.621254  20978.974230   -467.549598  4  4  5  91       
PG25 -19419.019132  17794.679832  -2353.219360    497.268875  6  3  1  76       
PG26   7214.915626  14707.668305 -21041.689478    -34.097884  7  5  5  85       
PG27  22844.717250  13091.653272  -5280.438496    -33.491335  8  6  6  79       
PG28   5745.560967  25852.089582  -2037.109330   -526.182316  4  8  4  88       
PG29 -14531.849667   8556.533618 -20594.693979   -550.273674  9  6  4  84       
PG30    -99.502214 -25970.706497  -4679.102147   -246.991897  6  5  5  87       
PG31  10597.625808  21398.172751 -11480.385840   -218.637980  5  3  3  86       
PG32   7812.090539  17258.402152  18929.611914 999999.999999 14 15 14           
*  2025  1  3 23 15  0.00000000
PG01  14949.709466  -3173.886917  21730.219305 999999.999999 16 17 16           
PG02  15486.486541  -1271.736691  22038.092001   -276.386502  5  5  5  67       
PG03  22115.009389 -10935.429750   9520.378116    638.948942  5  7  5  79       
PG04  22814.703664  -1470.692439 -13631.309300    506.427923  7  8  6  66       
PG05 -17551.076527  -1914.174487 -20038.385839   -197.971423  8  4  4  89       
PG06  -5606.289248 -25858.833137  -1267.549709    -93.054412  5  6  6  96       
PG07   8380.599573 -18290.102089 -16571.685208    -13.942521  7  4  5  89       
PG08  26060.551395   5612.255667   2725.679285    453.389194  8  4  5  71       
PG09  16121.405885  -9068.631158 -19180.431306    514.498689  5  7  3  79       
PG10  -4272.158845  19332.778551  17766.794081   -261.771924  6  5  4  90       
PG11 -12064.624722 -19886.599541 -12834.921844   -752.417373  8  7  6  81       
PG12 -22624.634377   7117.572383  11620.082690   -562.357459  6  5  4  46       
PG13 -22368.119253 -14135.858247  -3733.962384    692.310472  7  5  8  90       
PG14   7970.717964 -20604.268881  14615.242081    573.196151  3  3  6  83       
PG15 -26338.624915  -2425.988115   2628.155286    247.452264  6  1  6  72       
PG16  14036.751145   8257.326242 -21412.979618    -86.687538  9  8  3  83       
PG17    161.718859 -16011.665460  21567.835291    490.368133  5  6  3  74       
PG18  -7028.698707  20223.639228 -15537.809464   -658.984910  7  5  4  89       
PG19 -11221.409899 -17653.887351  16479.785792    581.925717  5  6  3  85       
PG20  -9206.529617 -12672.401157 -21377.291374    367.358091  8  7  5  66       
PG21  16780.055256   6853.202666  20135.251072     99.872378  5  4  5  74       
PG22   1258.720753 -18161.827946  19827.876336    -90.344866  4  7  5  58       
PG23 -16012.992502  20220.454729   5843.610228    396.827078  5  6  3  78       
PG24 -16265.287763  -1102.138160  20559.970770   -467.546236  4  4  5  96       
PG25 -19673.270289  17605.062294    491.683065    497.268363  6  3  1  77       
PG26   5472.169261  16285.305664 -20353.601581    -34.111284  8  5  5  94       
PG27  22101.992186  13047.759898  -7974.285904    -33.490929  9  6  6  89       
PG28   5509.359708  25968.998292    818.501670   -526.191317  4  8  4  85       
PG29 -16562.541928   7524.057383 -19440.416461   -550.270558  9  6  4  81       
PG30    353.633831 -25322.555848  -7382.766559   -246.984428  6  5  5  74       
PG31  10503.945826  22573.170538  -8956.451638   -218.637248  5  3  4 100       
PG32   5721.043635  16605.854616  20214.196367 999999.999999 14 14 13           
*  2025  1  3 23 30  0.00000000
PG01  15325.388495   -719.463576  21688.589128 999999.999999 16 16 15           
PG02  16212.533296   1003.775039  21547.076655   -276.378149  5  5  6  69       
PG03  21308.251948  -9956.531317  12062.308494    638.956077  5  7  6  65       
PG04  24101.799140   -838.388594 -11283.262607    506.433291  7  8  6  74       
PG05 -15998.502216  -3628.538106 -21077.304729   -197.972351  9  5  3  83       
PG06  -5424.397873 -25884.263635   1651.064401    -93.079195  5  6  6  86       
PG07   9061.404985 -16288.252515 -18211.363915    -13.941896  7  4  5  72       
PG08  26156.611427   5895.501352    -76.769453    453.396655  8  5  5  63       
PG09  18102.226092  -8394.654412 -17658.179211    514.512566  5  6  3  80       
PG10  -5741.189834  20529.896523  15854.636428   -261.786417  6  4  5  91       
PG11 -12114.391056 -21234.050558 -10413.693154   -752.416863  7  7  6  82       
PG12 -21598.006890   5995.359626  13925.318937   -562.359411  6  5  4  49       
PG13 -21782.974270 -14077.433935  -6521.177734    692.311657  8  5  8  91       
PG14   9288.881227 -21460.127321  12412.839316    573.202707  3  3  7  88       
PG15 -26492.176574  -2759.766707   -168.904061    247.456251  6  1  7  67       
PG16  12171.270811   9762.240112 -21884.210616    -86.678883  9  8  3  87       
PG17   2437.837841 -15224.637319  22022.589523    490.352816  6  6  4  84       
PG18  -7584.112788  18402.420447 -17440.911443   -658.983916  7  5  4  94       
PG19  -9332.977503 -17005.536562  18194.813689    581.929745  6  6  2  86       
PG20  -7723.128756 -14594.620995 -20743.555368    367.357787  8  7  5  69       
PG21  17406.392096   8885.564468  18836.613210     99.873455  5  4  5  86       
PG22   2979.788760 -19383.055536  18437.792070    -90.347018  4  7  6  83       
PG23 -16515.306364  20428.130923   2990.851668    396.833879  6  6  4  76       
PG24 -16973.511836  -3401.706519  19774.071706   -467.542899  4  4  5  93       
PG25 -19706.103805  17201.309826   3327.937132    497.267882  6  3  1  66       
PG26   3867.661619  17874.762886 -19318.227471    -34.124659  8  5  6 103       
PG27  21078.016442  12959.104626 -10535.672552    -33.490524  9  6  6  87       
PG28   5197.578305  25786.094765   3660.024036   -526.200326  4  8  4  89       
PG29 -18506.077391   6656.449171 -17954.020458   -550.267794  9  6  4  67       
PG30    905.032423 -24403.981976  -9956.732521   -246.976965  7  6  5  61       
PG31  10408.190566  23464.277983  -6276.632892   -218.636673  5  3  4  94       
PG32   3477.735245  16030.458681  21159.370771 999999.999999 14 13 12           
*  2025  1  3 23 45  0.00000000
PG01  15822.635798   1686.881369  21274.038943 999999.999999 16 15 15           
PG02  17033.577742   3165.449985  20702.447317   -276.369720  6  5  6  84       
PG03  20365.514337  -8731.431854  14393.619540    638.963197  5  8  6  87       
PG04  25154.029166   -349.091966  -8742.438172    506.438651  8  8  7  72       
PG05 -14479.309097  -5498.928071 -21759.560905   -197.973322  9  5  3  97       
PG06  -5154.792568 -25601.526660   4541.067077    -93.103922  5  6  6  95       
PG07   9887.458973 -14158.417752 -19519.284484    -13.941318  7  4  5  79       
PG08  25959.887311   6111.980152  -2877.944139    453.404088  8  6  5  59       
PG09  19931.180803  -7863.927740 -15834.953422    514.526391  6  7  4  79       
PG10  -6984.394972  21640.126413  13669.869830   -261.800811  7  4  5  81       
PG11 -12166.476322 -22300.766868  -7813.479545   -752.416413  7  7  6  72       
PG12 -20446.983669   4650.501131  15986.182468   -562.361335  7  5  4  50       
PG13 -20910.775385 -13937.712839  -9198.455124    692.313044  9  6  8  99       
PG14  10380.939177 -22193.338548   9994.744390    573.209297  3  3  7  97       
PG15 -26348.555722  -3057.650036  -2963.131974    247.460423  7  1  7  75       
PG16  10361.580814  11388.357022 -21991.997175    -86.670473 10  8  4  77       
PG17   4779.785073 -14553.664824  22111.885147    490.337403  6  6  5  80       
PG18  -8289.875570  16422.731280 -19040.619537   -658.982968  8  5  5 102       
PG19  -7242.172206 -16400.060970  19597.979896    581.934148  6  6  2  75       
PG20  -6391.528110 -16511.876808 -19750.983264    367.357517  8  7  6  67       
PG21  18081.208322  10727.226594  17234.201769     99.874716  6  4  6  83       
PG22   4505.401022 -20580.183008  16742.851676    -90.348749  5  7  6  90       
PG23 -16787.167423  20417.677666     85.911545    396.840618  6  7  4  74       
PG24 -17745.803094  -5558.165515  18636.965071   -467.539540  4  4  5  94       
PG25 -19545.328242  16560.240723   6105.622744    497.267394  6  4  3  57       
PG26   2420.519392  19435.147580 -17951.998726    -34.138068  8  5  6  92       
PG27  19782.675870  12863.500941 -12922.369171    -33.490144  9  7  6  88       
PG28   4775.777853  25317.872084   6438.536711   -526.209351  5  8  5  87       
PG29 -20316.289517   5950.387325 -16161.063689   -550.264900 10  7  5  92       
PG30   1581.159502 -23241.532109 -12355.658954   -246.969474  7  6  5  81       
PG31  10272.902237  24060.946290  -3487.154993   -218.635794  5  3  5  98       
PG32   1121.941256  15556.644603  21749.043857 999999.999999 14 13 12           
EOF
