#cP2025  1  2  0  0  0.00000000      96 ORBIT IGS20 HLM  IGS
## 2347 345600.00000000   900.00000000 60677 0.0000000000000
+   32   G01G02G03G04G05G06G07G08G09G10G11G12G13G14G15G16G17
+        G18G19G20G21G22G23G24G25G26G27G28G29G30G31G32  0  0
+          0  0  0  0  0  0  0  0  0  0  0  0  0  0  0  0  0
+          0  0  0  0  0  0  0  0  0  0  0  0  0  0  0  0  0
+          0  0  0  0  0  0  0  0  0  0  0  0  0  0  0  0  0
++         5  2  2  2  2  2  1  2  2  2  2  1  2  2  2  2  2
++         2  2  2  2  2  2  2  1  1  2  2  2  2  1  2  0  0
++         0  0  0  0  0  0  0  0  0  0  0  0  0  0  0  0  0
++         0  0  0  0  0  0  0  0  0  0  0  0  0  0  0  0  0
++         0  0  0  0  0  0  0  0  0  0  0  0  0  0  0  0  0
%c G  cc GPS ccc cccc cccc cccc cccc ccccc ccccc ccccc ccccc
%c cc cc ccc ccc cccc cccc cccc cccc ccccc ccccc ccccc ccccc
%f  1.2500000  1.025000000  0.00000000000  0.000000000000000
%f  0.0000000  0.000000000  0.00000000000  0.000000000000000
%i    0    0    0    0      0      0      0      0         0
%i    0    0    0    0      0      0      0      0         0
/* FINAL ORBIT COMBINATION FROM WEIGHTED AVERAGE OF:        
/* cod emr esa gfz grg jgx jpl mit ngs sio                  
/* REFERENCED TO IGS TIME (IGST) AND TO WEIGHTED MEAN POLE: 
/* PCV:IGS20      OL/AL:FES2014b NONE     Y  ORB:CMB CLK:CMB
*  2025  1  2  0  0  0.00000000
PG01  16089.203539   2782.131177  20956.453724 999999.999999  8  8 11           
PG02  17432.303097   4102.910078  20203.635615   -277.926924  8  9  5  95       
PG03  19908.086324  -8114.487196  15356.164410    637.602101  6  4  8 102       
PG04  25547.513170   -164.578689  -7531.122248    505.411842  7  4  5  97       
PG05 -13798.530131  -6410.726419 -21950.516923   -197.779643  6  6  4 112       
PG06  -4972.111579 -25373.216995   5862.180183    -88.374256  5  6  6  90       
PG07  10330.808443 -13134.877447 -20005.422692    -14.058308  6  7  4  81       
PG08  25766.940878   6208.653674  -4155.217688    451.990081  7  6  7  81       
PG09  20730.560772  -7641.790195 -14886.278116    511.876093  6  6  4 106       
PG10  -7478.070308  22103.887060  12592.887921   -259.058173  9  3  5  89       
PG11 -12193.160816 -22676.127456  -6607.160037   -752.503709  6  6  4 110       
PG12 -19885.116728   3940.489221  16848.699801   -561.972354  5  5  5 107       
PG13 -20415.210623 -13860.019573 -10373.729127    692.085281  7  7 10  85       
PG14  10807.804117 -22474.615138   8832.620887    571.946790  8  5  8  79       
PG15 -26180.393550  -3207.467785  -4241.146003    246.687876  7  9  9 102       
PG16   9571.042304  12154.598904 -21920.637201    -88.297447  7  5  5  40       
PG17   5828.850308 -14296.824196  22034.672754    493.248637  8  5  5  83       
PG18  -8673.838508  15468.942388 -19666.461049   -659.157539  9  5  7  86       
PG19  -6259.190926 -16146.709398  20118.795331    581.139766  9  5  6  78       
PG20  -5840.614066 -17368.864930 -19186.684650    367.410365  7  7  5  80       
PG21  18395.881293  11477.877072  16422.820685     99.591485  7  8  6  80       
PG22   5127.512898 -21103.767858  15882.452798    -89.975139  5  6  8 100       
PG23 -16835.593021  20338.501335  -1224.450486    395.539290  8  5  8  90       
PG24 -18111.980621  -6484.583108  18006.881447   -468.169605  6  9  5 102       
PG25 -19417.212655  16185.622713   7334.591096    497.358400  4  4  6  84       
PG26   1799.756163  20133.311242 -17216.854847    -31.582755  7  6  3 103       
PG27  19105.539502  12827.276573 -13942.653433    -33.566902  7  6  8 109       
PG28   4510.828260  25011.019822   7701.970914   -524.483504  4  6  4  94       
PG29 -21095.437414   5667.572661 -15240.272497   -550.838881 10  8  7 101       
PG30   1956.298943 -22629.428217 -13393.981796   -248.398161  7  5  5  93       
PG31  10202.401546  24226.094732  -2217.710113   -218.770569  4  5  7 106       
PG32    -15.252206  15375.065421  21899.442334   -549.075607  7  8  7  85       
*  2025  1  2  0 15  0.00000000
PG01  16732.495917   5036.552922  20010.781290 999999.999999  9  1 10           
PG02  18341.637100   6034.560482  18871.243182   -277.918800  8  8  4  88       
PG03  18848.077652  -6536.932464  17311.399157    637.609296  6  4  8  95       
PG04  26205.607024    165.465421  -4788.079797    505.417170  7  5  5  85       
PG05 -12393.527497  -8451.808468 -22092.823172   -197.780594  5  6  4 102       
PG06  -4511.080656 -24673.532230   8620.194198    -88.399068  5  5  6  61       
PG07  11369.714789 -10905.966586 -20786.785845    -14.057401  5  7  4  94       
PG08  25138.596243   6392.230440  -6870.814290    451.997529  7  6  7  92       
PG09  22262.819375  -7289.244365 -12678.564841    511.890051  5  6  4  96       
PG10  -8391.186045  23006.334217  10077.872272   -259.072555  8  3  6  74       
PG11 -12181.136140 -23319.171856  -3828.011081   -752.503345  5  5  4  56       
PG12 -18629.430024   2280.476347  18486.977277   -561.974479  6  5  5  91       
PG13 -19133.474062 -13672.687666 -12811.222419    692.086329  8  6  9  82       
PG14  11580.267244 -22959.230720   6176.043590    571.953380  8  4  9  90       
PG15 -25608.192263  -3516.079895  -6946.314688    246.691699  7  8  9  90       
PG16   7904.619575  13901.331854 -21496.584964    -88.288749  7  4  5  71       
PG17   8186.382010 -13818.524215  21595.086932    493.233326  8  5  5  70       
PG18  -9611.737258  13342.080860 -20775.588347   -659.156648  9  4  7  55       
PG19  -3937.175759 -15657.933036  21027.223869    581.143479  9  5  6  61       
PG20  -4752.184446 -19197.594889 -17705.512559    367.409596  7  7  5  70       
PG21  19081.211573  13000.107050  14429.390151     99.592640  7  8  6  68       
PG22   6348.142858 -22191.885873  13795.266011    -89.976968  4  5  8  91       
PG23 -16822.638302  19962.826465  -4114.994495    395.546134  8  5  8  65       
PG24 -18922.588224  -8372.075355  16399.411498   -468.166316  6  9  6  68       
PG25 -19034.992903  15173.391837   9939.682497    497.357889  4  4  6  85       
PG26    600.851748  21573.585389 -15408.717203    -31.596093  7  5  3  89       
PG27  17448.802281  12784.701358 -16005.758298    -33.566496  7  6  8  95       
PG28   3874.105451  24166.394965  10301.708645   -524.492555  4  6  5  90       
PG29 -22633.695852   5174.694567 -13055.843189   -550.835951 10  8  7  92       
PG30   2849.986725 -21171.013657 -15461.659770   -248.390734  6  5  5 100       
PG31   9943.352599  24396.283675    643.946999   -218.769863  4  4  7  95       
PG32  -2455.459631  15078.013480  21950.807824   -549.069769  7  7  6  64       
*  2025  1  2  0 30  0.00000000
PG01  17445.907433   7136.765207  18721.019494 999999.999999  9 10  9           
PG02  19270.178671   7772.388514  17229.659770   -277.910642  7  8  3  88       
PG03  17761.299985  -4731.895613  18963.749331    637.616464  5  4  7  78       
PG04  26567.725025    426.347996  -1963.356525    505.422495  8  5  6  94       
PG05 -11104.679044 -10563.034934 -21861.101211   -197.782133  5  6  3  87       
PG06  -3883.028950 -23724.580329  11229.221563    -88.423927  5  4  5  84       
PG07  12544.117610  -8671.046326 -21190.529099    -14.056970  5  7  3  83       
PG08  24223.845591   6597.894252  -9471.717378    452.004964  7  7  7  86       
PG09  23550.809993  -7028.890061 -10254.523842    511.903984  5  6  4  61       
PG10  -9088.691013  23713.627577   7387.890473   -259.086896  8  3  6  93       
PG11 -12077.497593 -23669.455564   -983.164679   -752.502954  5  5  4  75       
PG12 -17356.120173    423.810808  19799.262752   -561.976426  6  5  5  56       
PG13 -17588.732443 -13500.090070 -15033.611005    692.087837  8  6  9  88       
PG14  12150.735921 -23230.083271   3411.793367    571.960027  8  4  9  40       
PG15 -24758.728716  -3874.078715  -9534.694618    246.695708  7  8  8  77       
PG16   6371.574708  15684.790389 -20712.159842    -88.280118  7  4  5  53       
PG17  10497.408813 -13477.664331  20798.307216    493.217808  8  5  5  85       
PG18 -10706.433132  11174.655339 -21524.625569   -659.155768  9  4  7  73       
PG19  -1506.805724 -15277.597785  21571.805178    581.148185  9  5  5  60       
PG20  -3834.868481 -20909.403652 -15919.117063    367.409642  7  6  5  66       
PG21  19727.719748  14282.772152  12205.377528     99.594469  7  7  6  59       
PG22   7355.945982 -23153.427810  11479.291873    -89.978895  4  4  8  69       
PG23 -16655.266205  19311.995421  -6933.648158    395.552886  8  4  8  76       
PG24 -19716.607479 -10043.334207  14504.623436   -468.163074  6  9  6  66       
PG25 -18546.833892  13899.775071  12368.442831    497.357425  4  4  6  78       
PG26   -425.358364  22879.408462 -13334.167005    -31.609458  7  5  3  57       
PG27  15577.340774  12817.168424 -17803.961217    -33.566141  7  6  7  57       
PG28   3061.936578  23104.273148  12724.037025   -524.501617  4  6  5  85       
PG29 -23939.525058   4802.598498 -10648.650641   -550.833235 10  8  7  63       
PG30   3907.548484 -19559.222848 -17257.488654   -248.383240  6  5  5  79       
PG31   9555.452002  24283.533241   3494.234683   -218.769109  3  3  6  82       
PG32  -4895.199123  14912.092864  21632.169484   -549.063911  7  7  5  72       
*  2025  1  2  0 45  0.00000000
PG01  18197.690037   9048.509087  17109.332426 999999.999999  9 12  6           
PG02  20179.588139   9295.256564  15305.576122   -277.902476  7  8  3  70       
PG03  16690.386123  -2722.482790  20284.186735    637.623616  5  4  7  79       
PG04  26622.715287    654.375637    894.849421    505.427822  8  6  6 101       
PG05  -9954.513915 -12700.826843 -21259.019199   -197.782731  5  6  3  93       
PG06  -3065.826710 -22562.635826  13644.416136    -88.448768  4  4  5  74       
PG07  13835.984978  -6478.214425 -21210.399658    -14.056461  4  7  2  74       
PG08  23039.212026   6859.659008 -11914.518586    452.012395  7  7  7  90       
PG09  24567.686851  -6830.099875  -7655.395663    511.917931  4  6  4  69       
PG10  -9589.013040  24187.831848   4569.169154   -259.101244  8  3  6  90       
PG11 -11845.874935 -23737.116954   1878.547505   -752.502526  5  4  4  64       
PG12 -16105.999490  -1604.362382  20761.980341   -561.978651  6  4  4  46       
PG13 -15804.873123 -13377.614603 -17003.829868    692.088912  8  6  8 105       
PG14  12541.505261 -23258.121728    588.005673    571.966723  8  4  9  71       
PG15 -23653.370219  -4312.357605 -11963.590025    246.699815  7  8  8  88       
PG16   4992.586708  17462.584791 -19578.891109    -88.271700  7  3  4  44       
PG17  12715.884387 -13269.325235  19657.575531    493.202610  9  5  5  79       
PG18 -11946.103048   9015.116422 -21901.222132   -659.154844  8  4  7  67       
PG19    985.123737 -15020.811833  21741.694123    581.151893  9  5  5  61       
PG20  -3082.406051 -22460.558458 -13858.694685    367.409393  6  6  5  69       
PG21  20296.426135  15318.908883   9786.654243     99.596000  7  7  6  63       
PG22   8157.516477 -23948.112450   8972.497005    -89.981007  4  4  9  34       
PG23 -16372.448752  18376.845799  -9631.168139    395.559714  8  4  8  66       
PG24 -20456.155006 -11481.989259  12357.267077   -468.159794  6  8  6  53       
PG25 -17992.484320  12369.967915  14577.237360    497.356945  4  4  6  74       
PG26  -1285.847077  24010.047550 -11028.202468    -31.622789  6  4  3  70       
PG27  13525.572305  12950.169346 -19307.400759    -33.565789  7  6  7  68       
PG28   2058.720311  21862.445703  14927.218149   -524.510670  5  6  5  79       
PG29 -24982.207688   4523.474840  -8059.778270   -550.830523 10  8  7  74       
PG30   5132.268947 -17837.453078 -18750.073687   -248.375741  6  5  6  58       
PG31   9007.495840  23907.178449   6282.766540   -218.768694  3  3  6  84       
PG32  -7286.497896  14875.683106  20948.187064   -549.058003  7  6  5  82       
*  2025  1  2  1  0  0.00000000
PG01  18951.545005  10744.426859  15203.418154 999999.999999  8 14  1           
PG02  21029.193204  10589.662567  13130.158246   -277.894439  7  7  3  74       
PG03  15674.287948   -539.902314  21249.576454    637.630743  5  4  6  76       
PG04  26368.141229    887.169131   3737.804884    505.433186  8  6  7 102       
PG05  -8957.869006 -14818.705031 -20296.432228   -197.783697  5  5  2  74       
PG06  -2044.877346 -21229.126629  15824.401770    -88.473570  4  3  5  81       
PG07  15219.922306  -4372.011697 -20847.463235    -14.055854  3  7  2  91       
PG08  21608.617266   7208.126711 -14158.354384    452.019760  6  7  7  89       
PG09  25294.268322  -6658.424128  -4925.452791    511.931888  4  6  4  89       
PG10  -9917.723086  24396.977378   1670.554202   -259.115578  8  2  6  85       
PG11 -11453.401213 -23540.465435   4708.055344   -752.501972  5  3  4           
PG12 -14915.956158  -3771.424350  21357.837928   -561.980256  6  4  4  81       
PG13 -13812.966600 -13336.309257 -18688.992676    692.090152  8  5  7 100       
PG14  12780.659946 -23020.900753  -2246.046138    571.973325  7  4  9  54       
PG15 -22320.079396  -4857.601831 -14193.315127    246.703951  7  8  8  90       
PG16   3780.853475  19189.770713 -18114.200177    -88.263190  7  3  5  62       
PG17  14797.921079 -13180.904276  18191.600055    493.187435  9  5  5  83       
PG18 -13310.904292   6909.616893 -21899.536523   -659.153934  8  4  7  45       
PG19   3489.219488 -14894.820388  21532.555117    581.156579  9  5  5  76       
PG20  -2480.843571 -23810.815305 -11560.061716    367.409171  6  5  5  88       
PG21  20748.489170  16109.308636   7211.883519     99.597577  7  6  6  49       
PG22   8766.933902 -24538.774660   6316.121999    -89.983182  5  3  9  58       
PG23 -16015.363252  17157.319573 -12160.469575    395.566515  8  4  8  32       
PG24 -21102.679556 -12680.109560   9996.084765   -468.156509  6  8  6  29       
PG25 -17411.547565  10598.092803  16526.282084    497.356491  4  4  6  80       
PG26  -1994.752954  24928.341429  -8530.149410    -31.636173  6  4  3  53       
PG27  11332.945442  13202.967222 -20490.871515    -33.565419  7  6  6  67       
PG28    856.554264  20482.585505  16873.285294   -524.519717  5  6  6  71       
PG29 -25738.299481   4304.754579  -5333.385314   -550.827227 10  7  6  83       
PG30   6519.467928 -16050.551103 -19913.501813   -248.368306  6  5  6  79       
PG31   8273.574523  23294.053625   8960.029892   -218.767876  3  3  6  87       
PG32  -9582.529195  14959.224170  19909.607596   -549.052083  7  6  4  62       
*  2025  1  2  1 15  0.00000000
PG01  19668.055488  12204.919168  13036.035100 999999.999999  7 15  7           
PG02  21777.482631  11650.072825  10738.635945   -277.886614  7  7  3  81       
PG03  14746.747565   1777.562119  21843.103012    637.637884  4  4  6  71       
PG04  25810.372053   1162.029492   6517.050627    505.438595  8  6  7  99       
PG05  -8121.436238 -16868.894367 -18989.246676   -197.784975  5  5  2  84       
PG06   -813.862022 -19769.031797  17731.971199    -88.498327  4  3  5  86       
PG07  16664.157398  -2391.804604 -20109.977187    -14.055576  3  7  2  73       
PG08  19962.587363   7669.179369 -16165.531799    452.027122  6  7  7  83       
PG09  25719.698319  -6477.083960  -2111.268132    511.945820  5  6  5  81       
PG10 -10106.375646  24316.423948  -1257.350726   -259.129886  8  2  6  91       
PG11 -10872.152482 -23105.180315   7456.883249   -752.501586  5  2  4  20       
PG12 -13817.522726  -6038.370598  21576.176024   -561.982559  6  4  4  73       
PG13 -11650.254495 -13401.618842 -20060.889937    692.091505  8  5  7  93       
PG14  12900.785709 -22503.568671  -5040.846920    571.979936  7  5  9  56       
PG15 -20792.384399  -5531.163636 -16187.735679    246.707684  6  8  7  92       
PG16   2741.685141  20820.421946 -16341.240236    -88.254639  7  3  5  37       
PG17  16703.234184 -13192.654313  16424.293731    493.172090  9  5  5  76       
PG18 -14773.651680   4900.391509 -21520.292261   -659.153002  8  4  7  63       
PG19   5955.207791 -14898.673265  20946.735703    581.160376  9  5  5  74       
PG20  -2009.279712 -24924.877738  -9063.014036    367.408641  6  5  6  86       
PG21  21046.629815  16662.329711   4522.040210     99.599438  7  5  6  16       
PG22   9205.097820 -24892.786832   3554.096885    -89.984930  5  4  9  67       
PG23 -15625.635663  15662.619925 -14477.483005    395.573329  8  4  8  66       
PG24 -21618.515014 -13638.200655   7463.027411   -468.153237  5  7  6  75       
PG25 -16841.795195   8606.865065  18180.455409    497.356007  4  4  6  76       
PG26  -2572.667974  25602.156514  -5883.012487    -31.649511  6  3  3  66       
PG27   9042.658291  13587.775676 -21334.212544    -33.565080  7  6  5  73       
PG28   -544.256855  19008.661600  18528.699868   -524.528759  5  6  6  81       
PG29 -26192.455599   4110.537849  -2515.972951   -550.824564  9  7  6  94       
PG30   8056.512058 -14243.128588 -20727.802317   -248.360832  6  5  6  83       
PG31   7334.347049  22477.391892  11478.345840   -218.767098  3  3  6  91       
PG32 -11739.197282  15145.587260  18533.148492   -549.046192  7  5  4  73       
*  2025  1  2  1 30  0.00000000
PG01  20306.252862  13418.705510  10644.441336 999999.999999  7 15 10           
PG02  22383.650492  12478.980814   8169.838577   -277.878111  6  7  3  75       
PG03  13934.991495   4185.862949  22054.573073    637.645014  4  4  6  73       
PG04  24964.352728   1514.317589   9185.204789    505.443998  8  6  7  97       
PG05  -7443.622876 -18803.990854 -17359.190921   -197.785928  5  5  3  60       
PG06    624.841315 -18229.162329  19334.704614    -88.523089  4  3  5  92       
PG07  18131.796208   -570.418510 -19013.097064    -14.054899  3  7  2  79       
PG08  18137.228814   8262.844429 -17902.115518    452.034530  6  7  6  77       
PG09  25841.804190  -6248.563037    739.059649    511.959755  5  6  5  91       
PG10 -10191.098014  23929.957788  -4163.103637   -259.144211  7  1  6  85       
PG11 -10080.401300 -22463.240455  10077.970099   -752.501159  5  2  4  54       
PG12 -12835.675007  -8361.167147  21413.179784   -561.984670  6  4  4  79       
PG13  -9358.921121 -13592.337501 -21096.421491    692.092983  7  5  6  82       
PG14  12937.504326 -21699.565608  -7747.544745    571.986535  7  6  8  71       
PG15 -19108.177660  -6348.149605 -17914.743526    246.712040  6  7  7 104       
PG16   1872.393750  22309.279215 -14288.638136    -88.246007  7  3  4  59       
PG17  18396.468542 -13278.487384  14384.448453    493.156723 10  5  5  84       
PG18 -16300.786804   3024.306316 -20770.717655   -659.152037  8  4  7  31       
PG19   8333.708425 -15023.230213  19993.315445    581.164601  9  5  5  76       
PG20  -1640.879438 -25773.670725  -6410.626502    367.408544  6  4  6  73       
PG21  21156.515107  16993.468021   1759.912984     99.601577  6  5  5  21       
PG22   9498.809904 -24983.343858    732.404030    -89.986925  5  4  9  59       
PG23 -15243.578965  13911.006137 -16541.950566    395.580162  8  5  8  53       
PG24 -21968.379324 -14364.879501   4802.449994   -468.149908  5  6  6  50       
PG25 -16317.561043   6426.901905  19510.015980    497.355541  5  4  6  82       
PG26  -3045.656572  26005.673402  -3132.736829    -31.662876  5  3  3  63       
PG27   6700.244665  14109.195057 -21822.638372    -33.564721  7  5  5  59       
PG28  -2135.013026  17485.277767  19864.931625   -524.537908  5  6  6  85       
PG29 -26337.962288   3903.153913    344.388520   -550.821571  9  7  6  83       
PG30   9723.154049 -12457.905785 -21179.285428   -248.353383  6  6  6  78       
PG31   6178.055482  21495.466106  13792.804138   -218.766319  3  3  5  92       
PG32 -13716.636463  15410.744205  16841.287480   -549.040252  7  5  4  55       
*  2025  1  2  1 45  0.00000000
PG01  20825.256354  14383.067177   8069.756183 999999.999999  8 16 12           
PG02  22809.141266  13086.686977   5465.677604   -277.870148  6  6  3  72       
PG03  13258.701103   6636.731692  21880.588633    637.652113  4  4  6  80       
PG04  23853.062149   1975.908658  11696.748943    505.449353  8  6  7 103       
PG05  -6914.731632 -20578.631403 -15433.493395   -197.786831  6  4  4  88       
PG06   2260.078949 -16656.392292  20605.498943    -88.547871  4  4  5  86       
PG07  19582.286697   1066.924083 -17578.434159    -14.054320  3  7  2  69       
PG08  16173.009055   9002.374508 -19338.470310    452.041891  6  7  6  72       
PG09  25667.136187  -5936.237358   3576.712360    511.973706  5  6  5  95       
PG10 -10210.983588  23230.570670  -6995.382622   -259.158471  7  1  6  74       
PG11  -9063.635973 -21651.626460  12526.462878   -752.500736  5  2  4  44       
PG12 -11987.912654 -10692.318261  20871.948473   -561.986625  6  4  5  70       
PG13  -6984.691197 -13919.813843 -21777.959350    692.094444  7  4  6  92       
PG14  12927.892486 -20611.002017 -10318.845332    571.993141  7  6  8  66       
PG15 -17308.387052  -7316.746425 -19346.665200    246.716103  5  7  6  97       
PG16   1162.491727  23613.416287 -11990.133436    -88.237431  7  4  4  52       
PG17  19848.362988 -13407.017867  12105.345296    493.141171 10  5  5  91       
PG18 -17853.599252   1311.631264 -19664.373691   -659.151112  8  5  7  46       
PG19  10577.994915 -15251.510239  18688.022660    581.168884  9  5  4  80       
PG20  -1344.114609 -26335.382585  -3648.504944    367.407892  6  4  6  86       
PG21  21048.061068  17124.697910  -1030.413868     99.602609  6  5  5           
PG22   9679.631258 -24790.564029  -2101.608215    -89.988983  5  5  8  83       
PG23 -14906.498916  11929.235317 -18318.145060    395.587017  8  5  8  30       
PG24 -22120.763182 -14876.252073   2060.304777   -468.146607  5  6  6  91       
PG25 -15868.287564   4095.701406  20491.205762    497.355082  5  4  6  79       
PG26  -3444.042045  26120.447688   -327.392176    -31.676216  4  2  3  42       
PG27   4352.073951  14763.927498 -21947.008224    -33.564307  7  5  5  57       
PG28  -3898.758851  15955.999368  20858.952041   -524.546989  5  5  6  78       
PG29 -26176.953701   3644.793433   3198.859872   -550.818967  9  7  5  80       
PG30  11492.183905 -10734.151209 -21260.753690   -248.345900  6  6  6  97       
PG31   4801.232337  20390.027770  15862.148289   -218.765654  3  4  5  90       
PG32 -15480.568673  15724.714977  14861.957894   -549.034299  7  5  3  61       
*  2025  1  2  2  0  0.00000000
PG01  21185.922375  15103.763838   5356.254860 999999.999999  8 16 14           
PG02  23019.144673  13490.802495   2670.575766   -277.862065  6  6  3  74       
PG03  12729.300434   9079.390376  21324.588037    637.659198  3  4  5  78       
PG04  22506.679580   2573.780252  14008.785088    505.454760  7  5  7  97       
PG05  -6517.455988 -22151.105199 -13244.470060   -197.787676  6  4  4  85       
PG06   4072.183637 -15095.908520  21523.000825    -88.572678  4  4  5  80       
PG07  20973.020703   2503.323257 -15833.486111    -14.053764  3  7  3  66       
PG08  14113.381923   9893.575741 -20449.752269    452.049287  6  7  5  67       
PG09  25210.685370  -5505.980560   6352.977580    511.987617  4  6  5  70       
PG10 -10206.354588  22220.882505  -9703.961662   -259.172788  7  1  6  60       
PG11  -7815.306530 -20710.845542  14760.471397   -752.500306  4  3  4  28       
PG12 -11283.659964 -12982.579849  19962.420941   -561.988750  6  3  5  72       
PG13  -4575.301828 -14387.437237 -22093.637015    692.095638  7  4  6  82       
PG14  12908.849973 -19248.701256 -12709.876556    571.999769  7  6  8  83       
PG15 -15435.565434  -8437.802930 -20460.606288    246.720034  5  7  5  98       
PG16    594.200575  24693.860763  -9484.111456    -88.228882  7  4  4  57       
PG17  21036.712387 -13542.812210   9624.301077    493.126058 10  5  5  60       
PG18 -19389.650576   -214.919717 -18220.876208   -659.150184  8  5  6  45       
PG19  12645.668323 -15559.376414  17053.014768    581.172886  9  5  4  67       
PG20  -1084.181410 -26596.237326   -824.004016    367.407981  5  3  6  78       
PG21  20696.616380  17083.599794  -3804.102024     99.604373  6  4  5  58       
PG22   9782.551173 -24302.362529  -4899.956328    -89.990954  5  6  8  76       
PG23 -14647.136234   9751.674476 -19775.497755    395.593880  8  5  8  41       
PG24 -22049.159724 -15195.028354   -716.652262   -468.143324  5  5  6  58       
PG25 -15517.289536   1656.334496  21106.721112    497.354606  5  4  6  84       
PG26  -3801.007645  25936.196696   2483.705039    -31.689606  4  2  3  47       
PG27   2043.813916  15540.784371 -21704.028385    -33.563920  6  5  6  11       
PG28  -5810.747056  14461.733157  21493.632317   -524.556030  5  5  7  82       
PG29 -25720.305234   3299.151029   5998.648459   -550.815977  8  7  5  75       
PG30  13330.363315  -9106.279916 -20971.584470   -248.338418  5  6  6  93       
PG31   3209.067238  19204.610545  17649.587210   -218.764786  3  4  4  77       
PG32 -17003.467698  16052.762352  12628.149051   -549.028399  7  5  2  69       
*  2025  1  2  2 15  0.00000000
PG01  21352.439543  15594.627579   2550.608157 999999.999999  9 16 15           
PG02  22983.988855  13715.488448   -169.156662   -277.853979  5  6  3  49       
PG03  12349.588912  11462.361808  20396.755423    637.666258  3  5  6  68       
PG04  20961.490086   3328.787344  16081.752244    505.460143  6  4  6  99       
PG05  -6227.674655 -23484.846634 -10829.024572   -197.789006  6  4  5  78       
PG06   6033.566232 -13589.545490  22071.938251    -88.597432  5  4  5  84       
PG07  22261.000584   3730.560380 -13810.965380    -14.053511  3  6  3  21       
PG08  12003.304265  10934.411550 -21216.341989    452.056682  5  6  5  51       
PG09  24495.288916  -4927.682460   9020.079742    512.001516  4  5  4  78       
PG10 -10216.967086  20913.183954 -12240.680333   -259.187069  6  1  6  50       
PG11  -6337.268822 -19683.335616  16741.772250   -752.499900  4  3  5  33       
PG12 -10724.010894 -15182.746232  18701.160012   -561.990973  5  3  5  63       
PG13  -2178.901150 -14990.424753 -22037.561359    692.096723  7  3  6  99       
PG14  12915.484780 -17631.904134 -14879.004449    572.006430  6  7  8  72       
PG15 -13532.445431  -9704.678295 -21238.733502    246.724051  4  6  4  91       
PG16    143.259146  25517.105149  -6813.029839    -88.220145  6  4  4  60       
PG17  21947.092407 -13647.805320   6982.151715    493.110741 10  5  5  62       
PG18 -20864.344767  -1540.847996 -16465.520034   -659.149246  8  5  6  63       
PG19  14500.173733 -15916.532511  15116.521804    581.177110  9  5  4  59       
PG20   -824.538774 -26550.970244   2014.575820    367.407532  4  4  6  66       
PG21  20083.989991  16902.296729  -6516.126973     99.605818  5  4  5  69       
PG22   9844.511527 -23515.060139  -7614.790206    -89.992945  4  6  8  60       
PG23 -14492.307909   7419.120030 -20889.123350    395.600766  7  5  7  83       
PG24 -21733.094976 -15349.417024  -3481.629243   -468.140065  4  5  6  64       
PG25 -15280.789888   -844.093348  21346.039190    497.354144  5  4  5  88       
PG26  -4151.069170  25451.274486   5250.913146    -31.702955  4  2  3  16       
PG27   -181.091999  16420.990899 -21096.381903    -33.563533  6  5  6  58       
PG28  -7839.208449  13039.222609  21758.039156   -524.565085  5  5  7  88       
PG29 -24987.206642   2833.015471   8695.826535   -550.812821  8  7  5  64       
PG30  15199.602906  -7602.665218 -20317.685337   -248.330931  5  6  6  73       
PG31   1415.414874  17982.771783  19123.511896   -218.763624  3  5  4  71       
PG32 -18265.483706  16356.792686  10177.412974   -549.022513  7  6  1  74       
*  2025  1  2  2 30  0.00000000
PG01  21293.807324  15876.850612   -298.919849 999999.999999 10 17 15           
PG02  22680.381470  13790.450492  -3005.996772   -277.845722  5  6  3  74       
PG03  12113.731503  13735.305407  19113.802472    637.673356  4  4  5  77       
PG04  19258.569248   4254.671563  17880.091743    505.465561  5  4  6  96       
PG05  -6015.517863 -24549.753059  -8228.065882   -197.790319  5  4  5  88       
PG06   8109.612508 -12174.267742  22243.347721    -88.622156  5  5  6  78       
PG07  23404.498239   4749.094483 -11548.051505    -14.052767  3  6  3  74       
PG08   9887.694359  12114.900053 -21624.212256    452.064108  5  6  6  76       
PG09  23550.743756  -4176.621135  11532.003093    512.015363  3  5  4  87       
PG10 -10280.235345  19329.092328 -14560.382993   -259.201351  6  1  5  59       
PG11  -4639.909481 -18611.809532  18436.451069   -752.499474  3  4  5  64       
PG12 -10301.826635 -17245.435222  17111.002802   -561.992722  4  2  5  43       
PG13    157.571100 -15715.918539 -21609.943198    692.098099  7  3  6  97       
PG14  12979.581841 -15787.647690 -16788.583507    572.013072  6  7  7  76       
PG15 -11640.506085 -11103.358351 -21668.496150    246.728401  4  6  4  83       
PG16   -219.991936  26056.444569  -4022.741442    -88.211714  6  5  4  69       
PG17  22573.318344 -13682.837158   4222.673344    493.095597  9  5  5  38       
PG18 -22232.584345  -2660.207642 -14428.813968   -659.148334  8  4  6  56       
PG19  16112.093740 -16287.793231  12912.356922    581.181289  9  5  4  72       
PG20   -528.508152 -26202.990992   4818.799141    367.407004  4  4  6  52       
PG21  19199.288018  16616.227517  -9121.874230     99.607250  5  4  5  89       
PG22   9902.838126 -22433.697397 -10199.190712    -89.995119  3  7  8  78       
PG23 -14461.801358   4977.373463 -21640.233350    395.607654  7  5  7  44       
PG24 -21158.928084 -15371.847484  -6188.530778   -468.136807  4  5  6  77       
PG25 -15167.269322  -3356.143110  21205.592131    497.353670  5  4  5  86       
PG26  -4528.483009  24672.810458   7925.209193    -31.716318  3  2  3  58       
PG27  -2282.880293  17378.783291 -20132.779297    -33.563129  6  5  6  46       
PG28  -9946.399292  11719.716750  21647.623265   -524.574113  5  5  7  64       
PG29 -24004.430079   2217.746480  11244.139638   -550.809757  7  7  5  72       
PG30  17058.332595  -6244.708602 -19311.327183   -248.323436  5  6  6  58       
PG31   -557.557067  16766.348502  20258.098607   -218.763143  4  5  3  61       
PG32 -19255.089298  16596.912737   7551.280688   -549.016559  7  6  1  63       
*  2025  1  2  2 45  0.00000000
PG01  20985.140630  15977.994781  -3143.302183 999999.999999 11 17 16           
PG02  22092.450796  13749.718070  -5791.931763   -277.837461  4  5  3  78       
PG03  12007.603856  15850.805022  17498.629260    637.680454  4  4  5  64       
PG04  17442.295685   5357.343124  19372.850861    505.470955  5  3  6  91       
PG05  -5846.667560 -25323.275960  -5485.849634   -197.791375  4  3  5  83       
PG06  10259.849892 -10880.855925  22034.695503    -88.646952  5  5  6  81       
PG07  24364.638635   5567.711230  -9085.592653    -14.052053  3  6  4  60       
PG08   7809.885884  13417.313937 -21665.222467    452.071585  5  6  6  72       
PG09  22412.660901  -3234.633842  13845.292270    512.029211  2  5  3  85       
PG10 -10429.552803  17498.831649 -16621.803032   -259.215622  6  1  5  60       
PG11  -2741.946469 -17537.602371  19815.473119   -752.499050  3  4  5  74       
PG12 -10002.178285 -19126.797270  15220.587758   -561.995041  4  3  5  44       
PG13   2389.964597 -16543.393209 -20817.142639    692.099423  7  3  6  84       
PG14  13128.218218 -13749.844132 -18405.626024    572.019731  6  7  7  84       
PG15  -9798.596830 -12612.834565 -21742.788180    246.732410  4  5  3  62       
PG16   -529.285995  26293.081143  -1161.720312    -88.203224  6  5  3  87       
PG17  22917.617370 -13609.257845   1391.943288    493.080325  9  5  5  56       
PG18 -23450.448860  -3575.612103 -12145.936413   -659.147393  7  4  5  64       
PG19  17460.161860 -16634.576501  10479.302094    581.185457  9  5  4  69       
PG20   -160.873336 -25564.230042   7540.901619    367.406954  3  4  6  56       
PG21  18039.528317  16262.789588 -11577.764770     99.608848  5  3  5  58       
PG22   9993.636072 -21072.033798 -12607.984937    -89.997001  3  7  7  86       
PG23 -14567.564007   2475.631298 -22016.432003    395.614515  7  5  7  84       
PG24 -20320.399802 -15297.570119  -8792.647986   -468.133555  4  5  6  81       
PG25 -15177.156111  -5829.831345  20688.786847    497.353205  5  4  5  81       
PG26  -4965.657803  23616.501593  10459.132602    -31.729687  3  2  3  79       
PG27  -4226.803740  18382.283976 -18827.923625    -33.562720  6  5  6  50       
PG28 -12089.886315  10527.863654  21164.297393   -524.583128  6  5  7  70       
PG29 -22805.319669   1430.580946  13599.792145   -550.806634  6  7  5  65       
PG30  18863.008247  -5046.201006 -17970.862609   -248.315916  5  6  5  70       
PG31  -2680.064570  15593.803363  21033.783987   -218.762461  4  5  2  61       
PG32 -19969.417695  16733.084867   4794.593547   -549.010595  7  7  1  39       
*  2025  1  2  3  0  0.00000000
PG01  20408.749325  15930.761739  -5933.593118 999999.999999 12 17 16           
PG02  21212.543088  13630.245939  -8479.223941   -277.829227  4  5  2  90       
PG03  12009.475154  17766.038034  15579.873677    637.687578  4  4  5  80       
PG04  15558.746380   6634.464164  20534.215045    505.476416  4  4  5  88       
PG05  -5683.843986 -25791.241585  -2649.251500   -197.792347  4  3  5  85       
PG06  12439.339129  -9732.844212  21449.893145    -88.671738  5  5  6  87       
PG07  25106.847213   6202.853392  -6467.280272    -14.051498  3  5  4  71       
PG08   5810.132788  14816.681456 -21337.331709    452.079026  5  5  7  66       
PG09  21121.103146  -2091.039237  15919.816078    512.043083  1  4  3  83       
PG10 -10692.783475  15460.165200 -18388.368993   -259.229941  6  2  4  58       
PG11   -669.912056 -16499.084521  20855.173397   -752.498617  3  4  6  79       
PG12  -9803.111999 -20788.078875  13063.772361   -561.996945  4  3  5  71       
PG13   4478.404831 -17445.362420 -19671.625486    692.100581  7  3  5  87       
PG14  13382.580867 -11558.098215 -19702.377530    572.026405  5  7  6  89       
PG15  -8041.662168 -14205.732944 -21460.051209    246.736781  4  5  4  78       
PG16   -820.914772  26216.941912   1719.798150    -88.194290  6  5  3  57       
PG17  22990.501993 -13390.545127  -1462.355749    493.065051  8  5  5  50       
PG18 -24476.832658  -4297.913740  -9656.122143   -659.146477  7  4  5  63       
PG19  18531.950678 -16916.555349   7860.381683    581.189871  9  5  3  61       
PG20    310.580315 -24654.676072  10134.579178    367.406596  3  4  6  44       
PG21  16610.004992  15879.890461 -13841.908656     99.610050  5  3  4  57       
PG22  10150.210436 -19452.222422 -14798.565523    -89.998917  3  8  7  87       
PG23 -14813.218202    -35.245820 -22011.891846    395.621422  6  5  6  62       
PG24 -19218.917017 -15163.186997 -11251.301490   -468.130284  4  4  6  88       
PG25 -15302.866128  -8216.429671  19805.873573    497.352700  5  4  4  76       
PG26  -5491.638817  22306.063990  12807.704829    -31.743051  3  2  3  77       
PG27  -5984.298285  19394.630421 -17202.383392    -33.562316  6  6  6  60       
PG28 -14224.020326   9480.870970  20316.402601   -524.592223  6  6  7  72       
PG29 -21428.539764    455.717414  15722.197139   -550.803675  5  7  4  20       
PG30  20569.693550  -4012.995934 -16320.339331   -248.308424  6  6  5  68       
PG31  -4915.717388  14498.731349  21437.601953   -218.761558  4  6  2  62       
PG32 -20414.274775  16726.817200   1954.757590   -549.004669  6  7  2  69       
*  2025  1  2  3 15  0.00000000
PG01  19554.950302  15771.571992  -8621.771364 999999.999999 13 17 17           
PG02  20041.738492  13470.384139 -11021.209904   -277.821351  4  5  2  87       
PG03  12090.997750  19444.260883  13391.361040    637.694698  4  4  5  73       
PG04  13654.034457   8075.351200  21343.959733    505.481854  4  5  5  91       
PG05  -5488.422985 -25948.366424    233.017547   -197.793570  3  3  5  70       
PG06  14600.238070  -8745.747044  20499.208838    -88.696549  5  5  6  94       
PG07  25602.109948   6677.672998  -3738.818034    -14.050972  3  5  4  61       
PG08   3924.220275  16281.576554 -20644.722443    452.086468  4  6  7  68       
PG09  19719.057708   -743.272503  17719.480247    512.056932  2  4  2  91       
PG10 -11090.990167  13257.025085 -19828.911546   -259.244236  6  3  3  53       
PG11   1542.663114 -15530.200653  21537.658558   -752.498199  3  4  6  72       
PG12  -9676.700341 -22196.977968  10678.957969   -561.999247  4  3  5  45       
PG13   6388.630805 -18388.363274 -18191.827329    692.101975  6  3  5  89       
PG14  13757.034098  -9256.311879 -20656.788065    572.033029  5  7  5  92       
PG15  -6399.607560 -15849.173379 -20824.317981    246.740756  5  5  4  85       
PG16  -1132.081191  25827.167176   4570.747219    -88.186036  6  5  2  71       
PG17  22810.342504 -12993.875402  -4291.682957    493.049587  8  5  5  75       
PG18 -25274.981116  -4845.571731  -7001.991115   -659.145602  6  5  4  68       
PG19  19324.203520 -17093.398459   5102.040426    581.194106  8  5  4  54       
PG20    913.645162 -23501.623035  12555.748786    367.406257  2  4  5  71       
PG21  14924.380169  15504.452045 -15874.783382     99.612764  5  3  4  61       
PG22  10401.575477 -17604.162556 -16731.697960    -90.000856  3  8  6  70       
PG23 -15193.917680  -2504.516259 -21627.408651    395.628248  6  6  6  84       
PG24 -17863.569961 -15005.164871 -13524.434671   -468.126996  4  4  6  75       
PG25 -15529.186647 -10470.197983  18573.671223    497.352266  5  3  4  85       
PG26  -6130.731560  20772.365021  14929.301529    -31.756404  3  2  3  81       
PG27  -7533.934095  20375.322998 -15282.367296    -33.561881  6  6  7  57       
PG28 -16301.542100   8587.965467  19118.563410   -524.601262  6  5  6  78       
PG29 -19916.628387   -714.864396  17574.677970   -550.800703  5  7  4  47       
PG30  22135.654316  -3143.001847 -14389.020059   -248.300954  6  6  5  71       
PG31  -7222.797396  13508.589586  21463.376957   -218.760978  4  6  2  66       
PG32 -20603.819050  16542.821879   -919.068406   -548.998701  6  7  2  65       
*  2025  1  2  3 30  0.00000000
PG01  18422.580065  15539.008407 -11161.567639 999999.999999 13 17 17           
PG02  18590.055816  13308.270056 -13373.122885   -277.812870  4  5  1  40       
PG03  12218.460591  20856.054608  10971.467299    637.701832  5  3  5  74       
PG04  11772.651542   9661.202740  21787.813661    505.487313  4  6  4  78       
PG05  -5222.122143 -25798.443956   3111.242118   -197.794399  3  3  5  67       
PG06  16693.478881  -7926.602134  19199.077516    -88.721362  5  5  6  82       
PG07  25828.005495   7020.853693   -947.103043    -14.050408  2  5  4  70       
PG08   2182.235111  17775.175291 -19597.827055    452.093916  5  6  7  84       
PG09  18250.802336    802.794151  19212.875425    512.070800  3  4  2  91       
PG10 -11637.455025  10937.897404 -20918.253460   -259.258437  6  3  2  70       
PG11   3856.335027 -14659.190045  21851.114222   -752.497748  4  4  6  65       
PG12  -9590.331922 -23328.739256   8108.339954   -562.001301  3  3  5  35       
PG13   8093.133810 -19334.186984 -16401.922581    692.102928  6  3  5  70       
PG14  14258.472884  -6891.133113 -21252.871840    572.039649  5  7  5  80       
PG15  -4896.343312 -17505.833431 -19845.194734    246.744715  5  4  4  79       
PG16  -1499.188732  25132.239146   7340.209137    -88.177689  6  5  1  78       
PG17  22402.646639 -12391.588444  -7047.430666    493.034355  7  6  4  66       
PG18 -25813.868992  -5243.735019  -4228.830505   -659.144752  6  5  4  93       
PG19  19842.794983 -17126.524015   2253.246057    581.198027  8  6  4  63       
PG20   1670.442224 -22138.656005  14763.270150    367.405839  3  4  5  44       
PG21  13004.486739  15170.916977 -17639.930415     99.614659  6  4  3  58       
PG22  10771.115250 -15564.545928 -18372.297722    -90.002896  4  8  6  80       
PG23 -15696.547915  -4883.323174 -20870.338082    395.635057  6  6  5  92       
PG24 -16270.887072 -14858.380665 -15575.155893   -468.123745  5  4  6  86       
PG25 -15833.981863 -12549.979563  17015.161829    497.351835  5  3  5  89       
PG26  -6901.325238  19052.272280  16786.454851    -31.769790  3  2  3  82       
PG27  -8862.110104  21281.747710 -13099.396030    -33.561439  6  7  6  67       
PG28 -18275.259023   7850.171884  17591.434330   -524.610335  6  6  6  80       
PG29 -18314.410054  -2080.882556  19125.109277   -550.797446  5  8  4  74       
PG30  23520.903447  -2426.488456 -12210.821485   -248.293533  6  6  5  60       
PG31  -9555.748685  12643.701485  21111.772901   -218.760361  4  6  1  77       
PG32 -20559.917045  16150.573717  -3776.837774   -548.992719  5  7  2  53       
*  2025  1  2  3 45  0.00000000
PG01  17019.187339  15272.185069 -13509.262183 999999.999999 14 17 17           
PG02  16876.326429  13180.202413 -15492.924214   -277.805079  4  6  1  80       
PG03  12354.253515  21980.284577   8362.410456    637.709025  5  4  5  81       
PG04   9955.877151  11365.645948  21857.726515    505.492707  4  6  4  85       
PG05  -4848.689781 -25354.191462   5935.565749   -197.795941  2  3  5  59       
PG06  18670.496285  -7273.844880  17571.813721    -88.746174  4  5  6  87       
PG07  25769.479983   7265.257289   1860.566249    -14.049730  2  5  3  60       
PG08    607.544477  19256.544969 -18213.250335    452.101356  5  6  7  82       
PG09  16760.228177   2532.861047  20373.847494    512.084677  4  4  2  81       
PG10 -12337.034369   8554.032638 -21637.668656   -259.272744  6  4  1  52       
PG11   6227.060456 -13907.536872  21790.012516   -752.497290  4  4  6  71       
PG12  -9508.182453 -24166.949704   5397.102263   -562.003628  4  4  5  49       
PG13   9572.052726 -20241.314549 -14331.496730    692.104074  6  4  5  62       
PG14  14885.985921  -4510.311592 -21480.950722    572.046314  4  7  4  68       
PG15  -3549.038784 -19135.184567 -18537.779971    246.748823  5  3  4  71       
PG16  -1956.141539  24149.736273   9978.421865    -88.168998  6  4  1  71       
PG17  21799.065757 -11562.486856  -9681.749670    493.019181  6  6  4  51       
PG18 -26069.370826  -5523.076983  -1383.841248   -659.143857  6  5  4  75       
PG19  20102.322540 -16980.790469   -635.460699    581.201898  8  6  4  82       
PG20   2596.390389 -20604.414163  16719.618304    367.405858  4  5  5  68       
PG21  10879.833680  14909.810426 -19104.659876     99.615654  6  5  3  58       
PG22  11275.455112 -13375.625579 -19690.157430    -90.004684  4  8  5  85       
PG23 -16300.258977  -7126.375239 -19754.418620    395.641905  6  7  5 101       
PG24 -14464.339992 -14754.746778 -17370.229395   -468.120445  5  4  6  88       
PG25 -16189.184153 -14420.594510  15158.969720    497.351361  6  3  5  79       
PG26  -7814.967560  17187.268531  18346.565709    -31.783135  3  3  4  85       
PG27  -9963.459031  22070.820729 -10689.868098    -33.561057  6  7  6  77       
PG28 -20099.728207   7260.419002  15761.342170   -524.619391  6  6  5  63       
PG29 -16667.327935  -3633.552883  20346.485905   -550.794550  5  8  4  80       
PG30  24689.638165  -1846.689438  -9823.685714   -248.286081  6  6  5  39       
PG31 -11866.814626  11916.572953  20390.201515   -218.759774  4  6  2  77       
PG32 -20311.195170  15525.703711  -6568.517758   -548.986702  5  7  2  22       
*  2025  1  2  4  0  0.00000000
PG01  15360.897632  15009.105185 -15624.438381 999999.999999 14 17 17           
PG02  14927.729440  13119.061365 -17342.126800   -277.796618  5  6  1  70       
PG03  12458.482042  22804.740744   5609.485592    637.716185  5  4  5  68       
PG04   8240.315552  13155.584215  21552.034989    505.498106  4  6  5  86       
PG05  -4335.529379 -24636.758951   8656.871370   -197.797076  2  4  5  65       
PG06  20484.942883  -6777.517175  15645.232328    -88.771005  4  4  5  84       
PG07  25419.346207   7446.451244   4637.244479    -14.049045  2  5  3  64       
PG08   -783.973524  20682.122216 -16513.582239    452.108769  5  7  7  91       
PG09  15289.184971   4424.543116  21181.978441    512.098532  4  4  2  75       
PG10 -13185.874044   6157.558303 -21975.200803   -259.287034  5  4  2  66       
PG11   8607.691681 -13289.190609  21355.216080   -752.496814  5  5  6  69       
PG12  -9392.804216 -24704.007850   2592.575652   -562.005607  4  4  5  56       
PG13  10813.788832 -21066.507432 -12015.121408    692.105299  6  4  5  56       
PG14  15630.839304  -2161.026439 -21337.779763    572.052978  4  7  3  44       
PG15  -2367.613865 -20694.863195 -16922.516323    246.752670  5  3  4  20       
PG16  -2532.731529  22905.715946  12437.785553    -88.160476  6  4  1  82       
PG17  21036.158182 -10492.914810 -12148.395978    493.004198  6  6  4  60       
PG18 -26025.181306  -5718.427030   1484.639671   -659.142983  5  5  4  83       
PG19  20125.348498 -16626.050866  -3512.944328    581.205981  7  7  4  50       
PG20   3699.432374 -18941.177056  18391.497864    367.405173  4  5  5  46       
PG21   8586.815127  14746.413611 -20240.749462     99.617143  6  5  3  39       
PG22  11923.597410 -11083.749620 -20660.603324    -90.006673  5  8  4  70       
PG23 -16977.306720  -9193.479141 -18299.487227    395.648738  6  7  5  99       
PG24 -12473.618030 -14721.959747 -18880.515024   -468.117086  5  4  6  82       
PG25 -16562.023623 -16053.978832  13038.743524    497.350931  5  3  5  80       
PG26  -8875.730707  15221.892445  19582.508891    -31.796466  3  3  4  80       
PG27 -10840.939471  22700.694250  -8094.519103    -33.560640  6  7  6  79       
PG28 -21732.881482   6803.968104  13659.830323   -524.628436  7  6  5  67       
PG29 -15019.758860  -5355.720248  21217.408966   -550.791822  5  7  4  75       
PG30  25611.516638  -1380.673195  -7268.897741   -248.278624  6  6  4  32       
PG31 -14107.752214  11331.543670  19312.597895   -218.758989  4  7  2  79       
PG32 -19891.822537  14651.166973  -9245.010020   -548.980763  4  6  3  71       
*  2025  1  2  4 15  0.00000000
PG01  13471.954308  14785.072229 -17470.679392 999999.999999 14 17 17           
PG02  12778.993690  13152.840838 -18886.590784   -277.788440  5  6  2   8       
PG03  12490.667445  23326.437909   2760.259153    637.723328  5  5  5  83       
PG04   6656.616308  14992.315894  20875.522608    505.503505  3  6  5  88       
PG05  -3655.193218 -23674.915886  11227.662211   -197.798132  2  4  5  69       
PG06  22094.328350  -6419.801431  13452.183218    -88.795885  5  4  5  75       
PG07  24778.499531   7601.174281   7337.048487    -14.048804  2  5  3  81       
PG08  -1984.412758  22007.327084 -14527.097136    452.116232  5  7  7 102       
PG09  13875.913791   6448.033753  21622.967493    512.112376  5  4  2  85       
PG10 -14171.494862   3799.574354 -21925.836625   -259.301379  5  5  3  62       
PG11  10949.596223 -12810.086555  20553.976168   -752.496363  5  5  5  64       
PG12  -9206.767878 -24941.254774   -256.621660   -562.007771  4  5  4  76       
PG13  11815.312331 -21766.495809  -9491.833716    692.106541  5  4  6  65       
PG14  16476.778602    111.748569 -20826.555641    572.059589  4  7  3  76       
PG15  -1354.488476 -22142.133891 -15024.971589    246.756775  5  3  4  62       
PG16  -3253.186959  21433.746260  14673.840176    -88.152070  6  4  1  72       
PG17  20153.951341  -9177.566378 -14403.583723    492.989046  5  7  4  67       
PG18 -25673.452754  -5867.251180   4327.930002   -659.142070  5  6  4  72       
PG19  19941.327606 -16038.504302  -6328.455863    581.210041  6  7  4  40       
PG20   4979.546619 -17193.326466  19750.390518    367.404964  5  6  5  30       
PG21   6167.635368  14699.606398 -21025.119663     99.618412  6  5  3  52       
PG22  12716.365354  -8737.714261 -21265.060220    -90.008539  5  8  4  86       
PG23 -17694.166624 -11050.867508 -16531.095803    395.655551  6  7  4  80       
PG24 -10333.697425 -14782.411377 -20081.357093   -468.113796  5  3  6  81       
PG25 -16916.439741 -17430.029360  10692.460434    497.350512  5  3  5  74       
PG26 -10079.894756  13202.072356  20473.117570    -31.809787  4  3  4  76       
PG27 -11505.603067  23132.457463  -5357.777066    -33.560245  5  8  5 106       
PG28 -23137.529884   6459.146448  11323.112924   -524.637510  7  6  4  68       
PG29 -13413.375906  -7222.319007  21722.479368   -550.788822  5  7  4  79       
PG30  26262.728421  -1000.443858  -4590.362428   -248.271143  6  6  4  27       
PG31 -16231.552680  10884.781173  17899.074285   -218.758096  4  7  2  84       
PG32 -19340.071583  13518.132823 -11759.069866   -548.974802  4  6  3  60       
*  2025  1  2  4 30  0.00000000
PG01  11383.953269  14631.216292 -19016.195775 999999.999999 14 16 17           
PG02  10471.286630  13303.358346 -20097.269279   -277.780387  4  7  3  55       
PG03  12411.464850  23551.569065   -136.261950    637.730551  5  5  5  85       
PG04   5228.428289  16832.883760  19839.370218    505.508914  3  6  5  89       
PG05  -2786.683122 -22503.944795  13602.925516   -197.799296  2  4  5  58       
PG06  23461.522170  -6175.858844  11030.006885    -88.820759  5  4  4  64       
PG07  23855.852580   7765.795766   9915.816352    -14.048205  2  5  3  69       
PG08  -2994.010502  23188.252672 -12287.338192    452.123686  5  7  7 102       
PG09  12553.629514   8567.066675  21688.904003    512.126277  5  4  2  76       
PG10 -15273.240863   1528.311218 -21491.533717   -259.315652  5  5  4  90       
PG11  13204.341115 -12467.985344  19399.823997   -752.495925  5  5  5  64       
PG12  -8914.290422 -24888.768396  -3101.443319   -562.009944  4  5  4  86       
PG13  12582.143602 -22299.701257  -6804.523369    692.107553  4  5  6  77       
PG14  17400.634421   2266.779620 -19956.811204    572.066232  3  7  3  59       
PG15   -504.603713 -23435.397796 -12875.544807    246.760532  4  4  4  76       
PG16  -4134.950741  19773.625268  16646.185407    -88.143287  6  4  1  85       
PG17  19194.354484  -7619.982335 -16406.826459    492.973727  5  7  4  78       
PG18 -25015.127125  -6008.038765   7097.795117   -659.141195  5  6  4  66       
PG19  19585.269366 -15201.787843  -9032.592968    581.214199  6  8  4  69       
PG20   6428.563921 -15405.740563  20773.028094    367.404616  5  6  4  27       
PG21   3668.974482  14780.935015 -21440.463545     99.619993  6  5  4  58       
PG22  13646.186999  -6387.000870 -21491.505109    -90.010533  5  8  4  84       
PG23 -18412.874787 -12672.274619 -14480.037740    395.662372  6  8  4 101       
PG24  -8083.736035 -14952.296238 -20952.922332   -468.110541  5  3  5  82       
PG25 -17214.613320 -18537.128560   8161.672642    497.350079  5  4  5  83       
PG26 -11415.960110  11173.424241  21003.537916    -31.823127  4  4  4  60       
PG27 -11976.037617  23331.763351  -2527.020003    -33.559782  5  7  5  90       
PG28 -24282.689852   6198.356531   8791.448385   -524.646608  7  6  3  78       
PG29 -11885.621991  -9201.147508  21852.590470   -550.785702  5  7  4  89       
PG30  26626.821852   -674.227183  -1833.854044   -248.263728  6  5  4  32       
PG31 -18194.099226  10564.610645  16175.465679   -218.757513  4  7  2  51       
PG32 -18696.713986  12126.555634 -14066.203034   -548.968858  5  6  3  39       
*  2025  1  2  4 45  0.00000000
PG01   9134.800142  14573.193185 -20234.373321 999999.999999 14 16 17           
PG02   8050.825129  13585.203345 -20950.880728   -277.772260  4  7  3  17       
PG03  12184.332716  23495.118257  -3030.471416    637.737749  5  6  5  97       
PG04   3971.628511  18631.605346  18460.995724    505.514285  3  5  5  80       
PG05  -1716.503070 -21164.283395  15740.960961   -197.800245  2  4  5  66       
PG06  24556.064523  -6014.939963   8419.918877    -88.845621  5  4  3  60       
PG07  22667.999508   7974.821472  12331.713958    -14.047494  3  5  2  70       
PG08  -3820.994425  24183.364170  -9832.588519    452.131159  4  7  6 100       
PG09  11349.309618  10740.139842  21378.425595    512.140160  4  4  2  57       
PG10 -16463.067141   -612.574095 -20681.107017   -259.329970  5  5  4  87       
PG11  15325.378401 -12252.638232  17912.356067   -752.495513  5  4  5  74       
PG12  -8482.785602 -24564.836017  -5893.258114   -562.012099  5  5  4  90       
PG13  13128.004264 -22627.927198  -3999.233788    692.108805  4  5  6  75       
PG14  18373.204819   4267.949706 -18744.201441    572.072865  3  7  2  73       
PG15    194.279731 -24535.695795 -10509.093393    246.764672  4  4  4  57       
PG16  -5187.746764  17969.842264  18319.314967    -88.134811  6  4  1  79       
PG17  18199.482414  -5832.705208 -18121.746956    492.958671  5  7  4  76       
PG18 -24059.950860  -6178.655374   9747.232189   -659.140290  5  6  4  72       
PG19  19096.195388 -14107.764963 -11578.215924    581.218251  6  8  4  43       
PG20   8030.296713 -13622.179446  21441.784328    367.404733  4  6  4  55       
PG21   1140.432650  14993.956636 -21475.806103     99.621371  6  5  4  68       
PG22  14697.236814  -4079.969601 -21334.791585    -90.012586  6  8  4  78       
PG23 -19092.542733 -14039.722617 -12181.794783    395.669156  6  8  5 108       
PG24  -5765.828610 -15240.943853 -21480.486296   -468.107223  5  3  6  81       
PG25 -17418.554537 -19372.337463   5490.715394    497.349614  5  4  5  99       
PG26 -12864.985618   9179.585539  21165.448808    -31.836468  4  4  4  77       
PG27 -12277.500859  23270.311673    348.253986    -33.559380  4  7  4  93       
PG28 -25144.680260   5989.321197   6108.443241   -524.655685  7  6  2  76       
PG29 -10468.354144 -11253.929263  21605.113013   -550.782956  5  6  5  69       
PG30  26695.261154   -367.890252    953.749271   -248.256267  6  5  3  67       
PG31 -19955.697628  10352.159471  14172.782579   -218.756837  4  7  3  83       
PG32 -18003.317669  10485.398266 -16125.518534   -548.962906  5  6  4  81       
*  2025  1  2  5  0  0.00000000
PG01   6767.429535  14630.107028 -21104.231704 999999.999999 13 16 16           
PG02   5567.257790  14004.977535 -21430.484051   -277.764061  4  6  4  80       
PG03  11777.090181  23180.152156  -5873.000535    637.744926  6  6  5  90       
PG04   2893.856992  20341.726691  16763.783544    505.519689  2  5  5  88       
PG05   -439.417885 -19699.967957  17604.155720   -197.801739  2  4  4  76       
PG06  25355.236855  -5901.725668   5666.331808    -88.870466  5  3  3  57       
PG07  21238.628188   8259.494047  14545.788556    -14.046657  3  5  2  86       
PG08  -4481.105233  24955.138335  -7205.234151    452.138617  4  7  6 105       
PG09  10282.737861  12921.954622  20696.757384    512.154067  4  4  3  64       
PG10 -17706.629633  -2585.496280 -19509.981963   -259.344391  5  5  4  92       
PG11  17269.668158 -12146.272645  16116.915820   -752.495090  5  4  4  67       
PG12  -7884.278301 -23995.131859  -8584.663064   -562.014126  5  6  3  86       
PG13  13474.146076 -22717.949359  -1124.386032    692.109958  3  5  6  56       
PG14  19360.377639   6085.427225 -17210.187900    572.079439  3  7  2  69       
PG15    761.009111 -25408.153736  -7964.478127    246.768530  4  4  4  76       
PG16  -6412.978813  16069.849008  19663.340349    -88.126200  6  4  1  83       
PG17  17209.957245  -3837.075665 -19516.834158    492.943727  5  7  4  78       
PG18 -22826.172149  -6414.723236  12231.235101   -659.139363  5  6  4  81       
PG19  18515.459987 -12756.980976 -13921.299127    581.222492  6  8  4  53       
PG20   9760.977615 -11883.721547  21744.979305    367.404228  4  5  4  82       
PG21  -1367.195162  15333.904937 -21126.965987     99.623038  5  5  4  71       
PG22  15845.936138  -1862.086599 -20796.830469    -90.014658  5  8  4  73       
PG23 -19690.987063 -15143.992210  -9675.915091    395.675914  6  7  5  95       
PG24  -3423.661601 -15650.397709 -21654.666771   -468.103903  5  3  5  88       
PG25 -17491.683108 -19941.258731   2725.894954    497.349174  5  4  4 101       
PG26 -14401.234656   7260.653321  20957.145931    -31.849809  4  5  4  76       
PG27 -12440.773879  22927.121638   3217.329622    -33.559031  4  7  4 101       
PG28 -25707.948241   5796.515458   3320.298470   -524.664787  7  6  2  81       
PG29  -9186.711942 -13337.621800  20983.967267   -550.779991  5  5  5  81       
PG30  26467.696320    -46.440271   3725.234518   -248.248785  5  5  3  66       
PG31 -21482.422859  10222.283509  11926.587224   -218.755938  4  7  4  78       
PG32 -17300.516080   8612.494801 -17900.516495   -548.957001  5  6  5  62       
*  2025  1  2  5 15  0.00000000
PG01   4328.335108  14813.698384 -21610.786129 999999.999999 13 15 16           
PG02   3071.881588  14560.869511 -21525.933750   -277.755999  4  6  4  34       
PG03  11163.304167  22636.821110  -8615.537881    637.752147  6  6  5  91       
PG04   1994.377219  21917.136378  14776.706310    505.525059  2  5  5  84       
PG05   1041.116062 -18156.939601  19159.688803   -197.802378  2  4  4  72       
PG06  25844.852214  -5797.848231   2816.124540    -88.895336  5  3  2  70       
PG07  19597.705141   8646.531484  16522.470033    -14.046128  3  5  2  86       
PG08  -4996.809001  25471.574352  -4451.027634    452.146047  4  7  6 102       
PG09   9365.841286  15065.014385  19655.630468    512.167967  4  4  4  75       
PG10 -18964.627272  -4360.177545 -17999.825601   -259.358714  4  6  4  87       
PG11  18999.177230 -12124.380103  14044.175717   -752.494667  5  4  3  61       
PG12  -7096.631237 -23211.636637 -11130.254243   -562.016260  5  6  2  92       
PG13  13648.379095 -22542.940277   1770.062596    692.110942  1  4  5  64       
PG14  20324.447204   7696.584794 -15381.629979    572.086078  3  6  1  63       
PG15   1220.205956 -26023.316106  -5284.024106    246.772496  4  4  5  79       
PG16  -7803.490427  14122.218551  20654.582882    -88.117681  6  4  1  83       
PG17  16263.259027  -1662.668292 -20566.125239    492.928304  5  7  4  64       
PG18 -21339.931371  -6748.089186  14507.529759   -659.138475  4  5  4  77       
PG19  17885.006534 -11158.771183 -16021.700905    581.226627  5  8  4  84       
PG20  11589.992717 -10227.308791  21677.091367    367.404341  4  5  3  89       
PG21  -3803.749533  15787.709430 -20396.891675     99.624729  5  5  4  55       
PG22  17061.796779    225.737561 -19886.616197    -90.016607  5  8  4  73       
PG23 -20166.411583 -15984.763928  -7005.333761    395.682739  6  7  5  92       
PG24  -1101.109530 -16175.256617 -21471.601653   -468.100578  5  3  5  80       
PG25 -17400.339689 -20257.584524    -85.326881    497.348758  5  5  4  84       
PG26 -15993.098467   5451.789111  20383.493439    -31.863135  4  5  4  68       
PG27 -12500.776898  22289.534331   6029.231811    -33.558693  4  6  4  93       
PG28 -25965.592284   5582.728681    475.011542   -524.673883  7  6  2  57       
PG29  -8058.255241 -15405.924104  19999.579293   -550.776842  6  4  6  69       
PG30  25951.939267    324.453954   6433.815660   -248.241311  5  4  3  67       
PG31 -22747.234193  10144.731963   9476.309801   -218.755496  4  7  4  50       
PG32 -16626.322965   6534.055226 -19359.791315   -548.951067  6  5  5  77       
*  2025  1  2  5 30  0.00000000
PG01   1865.966432  15127.829667 -21745.305815 999999.999999 13 15 16           
PG02    615.766493  15242.591914 -21234.194494   -277.747915  4  6  5  55       
PG03  10323.455524  21901.110534 -11211.619615    637.759335  6  6  6  77       
PG04   1264.269214  23314.073588  12533.843457    505.530400  2  5  4  77       
PG05   2712.868784 -16581.281705  20380.148528   -197.803450  2  5  4  66       
PG06  26019.735474  -5663.535373    -82.131103    -88.920201  5  3  2  50       
PG07  17780.463365   9157.041217  18230.021370    -14.045516  3  5  3  89       
PG08  -5396.227229  25707.510393  -1618.264899    452.153460  4  7  5 105       
PG09   8602.347202  17121.319901  18273.080466    512.181841  3  5  4  80       
PG10 -20194.337601  -5914.576908 -16178.069343   -259.373031  4  6  4  93       
PG11  20482.196125 -12156.776958  11729.625559   -752.494298  4  3  3  66       
PG12  -6104.540990 -22251.344444 -13487.345364   -562.018436  5  6  2  96       
PG13  13683.833626 -22083.666604   4633.510587    692.112040  1  4  5  40       
PG14  21225.573232   9086.636912 -13290.292629    572.092703  2  6  1  67       
PG15   1601.194056 -26358.315422  -2512.897757    246.776496  3  4  5  66       
PG16  -9343.696154  12174.774659  21276.018218    -88.109230  6  5  1  76       
PG17  15392.196757    653.618979 -21249.791065    492.913446  5  7  3  74       
PG18 -19634.366345  -7205.437363  16537.269691   -659.137568  5  5  4  79       
PG19  17245.632751  -9331.022829 -17843.838019    581.231078  5  8  4  65       
PG20  13480.884238  -8684.454724  21238.872238    367.403804  4  5  3  83       
PG21  -6121.566181  16334.386509 -19295.845427     99.626619  5  5  4  67       
PG22  18308.575140   2148.624002 -18620.093565    -90.018254  5  8  4  73       
PG23 -20479.078498 -16570.428117  -4215.647300    395.689510  5  7  5  85       
PG24   1159.182773 -16802.786881 -20933.067743   -468.097308  5  3  5  94       
PG25 -17115.172831 -20342.355151  -2895.137180    497.348286  4  5  4  89       
PG26 -17604.254908   3782.043813  19455.749889    -31.876482  4  6  4  90       
PG27 -12495.002708  21353.895043   8733.715234    -33.558376  4  5  4  99       
PG28 -25919.562822   5310.695735  -2378.451847   -524.682960  7  6  3  73       
PG29  -7092.405992 -17410.925094  18668.720360   -550.774068  5  4  6  68       
PG30  25163.650165    776.973992   9033.878442   -248.233761  5  4  2  69       
PG31 -23730.821952  10085.500044   6864.520810   -218.754883  4  7  5  89       
PG32 -16014.564392   4283.830633 -20477.632558   -548.945185  6  5  5  90       
*  2025  1  2  5 45  0.00000000
PG01   -570.946295  15568.288008 -21505.464929 999999.999999 12 15 16           
PG02  -1752.130790  16031.692599 -20559.498546   -277.739801  4  6  5  25       
PG03   9245.842375  21013.391874 -13617.379564    637.766531  6  6  6  90       
PG04    686.949044  24492.763220  10073.803652    505.535800  2  6  4  81       
PG05   4555.109262 -15017.460043  21244.048802   -197.804572  3  5  3  78       
PG06  25883.874755  -5459.315406  -2978.974904    -88.945066  4  3  2  32       
PG07  15826.227610   9805.641440  19640.939921    -14.044791  3  5  3  82       
PG08  -5711.826045  25645.686751   1243.108233    452.160892  4  6  5 100       
PG09   7987.773811  19044.094708  16573.129470    512.195759  2  5  5  87       
PG10 -21351.280805  -7235.482993 -14077.338832   -259.387391  3  6  4  97       
PG11  21694.423116 -12208.897536   9212.974644   -752.493842  5  4  3  62       
PG12  -4900.270030 -21154.808540 -15616.626136   -562.019977  5  6  1  87       
PG13  13617.502780 -21329.405703   7415.637494    692.113228  1  4  5  64       
PG14  22023.325286  10248.976183 -10972.280744    572.099296  2  6  2  66       
PG15   1936.722269 -26397.827481    301.597319    246.780318  3  4  5  70       
PG16 -11010.076354  10272.775465  21517.563218    -88.100841  6  6  2  60       
PG17  14623.568311   3068.791115 -21554.604761    492.897893  5  7  4           
PG18 -17748.464162  -7807.098798  18285.682128   -659.136667  5  5  4  87       
PG19  16635.335455  -7299.606496 -19357.254999    581.235134  5  8  4  62       
PG20  15392.587155  -7280.164279  20437.362107    367.403482  4  5  3  84       
PG21  -8277.281106  16945.802233 -17841.411799     99.627905  5  5  5  52       
PG22  19545.688568   3878.949622 -17019.865087    -90.020120  5  8  4  95       
PG23 -20592.906410 -16917.573905  -1354.353545    395.696299  5  7  5  84       
PG24   3317.186340 -17513.306176 -20046.535796   -468.093978  5  3  5  72       
PG25 -16612.352680 -20222.963883  -5656.152831    497.347744  4  6  4  96       
PG26 -19195.012027   2273.445312  18191.278038    -31.889783  5  6  5  74       
PG27 -12461.833364  20125.878968  11282.261088    -33.558039  4  5  4  93       
PG28 -25580.533022   4944.733075  -5191.001796   -524.691998  6  6  4  63       
PG29  -6290.217068 -19304.829470  17014.230862   -550.771070  5  4  5  51       
PG30  24125.747692   1339.751291  11481.699318   -248.226297  5  4  2  64       
PG31 -24422.160539  10008.313343   4136.174839   -218.754162  4  6  5  51       
PG32 -15493.494816   1901.972814 -21234.508922   -548.939291  6  5  4  73       
*  2025  1  2  6  0  0.00000000
PG01  -2935.075802  16122.913463 -20895.383339 999999.999999 12 14 15           
PG02  -3986.779414  16902.233036 -19513.334532   -277.731606  5  6  5  62       
PG03   7927.189036  20016.828697 -15792.249459    637.773781  6  6  6  96       
PG04    238.995490  25418.913252   7439.060195    505.541182  2  7  3  71       
PG05   6539.223686 -13506.637649  21736.232227   -197.805855  3  5  3  75       
PG06  25450.237261  -5147.718949  -5824.882290    -88.969954  3  3  3  58       
PG07  13777.115104  10599.815007  20732.310998    -14.044542  4  5  3  84       
PG08  -5978.917877  25277.506370   4082.440195    452.168267  4  6  4  86       
PG09   7509.754488  20789.472199  14585.357275    512.209671  2  5  5  77       
PG10 -22390.943975  -8318.755026 -11734.807263   -259.401800  3  6  4  89       
PG11  22619.773133 -12243.269981   6537.477074   -752.493479  4  4  3  41       
PG12  -3484.091734 -19964.581690 -17482.754263   -562.021922  5  6  1  90       
PG13  13488.623171 -20278.538556  10067.342801    692.114426  1  4  5  56       
PG14  22678.253861  11185.199262  -8467.411051    572.105877  2  6  2  65       
PG15   2261.525293 -26134.767757   3110.799704    246.784147  3  5  6  58       
PG16 -12772.010164   8457.231018  21376.201360    -88.092037  5  6  2  48       
PG17  13977.071222   5535.251445 -21474.275689    492.883228  5  7  4  49       
PG18 -15725.700570  -8566.103368  19722.655009   -659.135713  5  5  4  88       
PG19  16087.799532  -5097.505660 -20537.082174    581.239447  5  7  5  73       
PG20  17280.855442  -6032.106510  19285.802589    367.403453  4  5  4  79       
PG21 -10233.493836  17587.786722 -16058.313420     99.629486  5  5  5  69       
PG22  20729.832247   5397.263965 -15114.745040    -90.022137  4  8  4  92       
PG23 -20476.936192 -17050.178718   1529.931551    395.703104  5  6  5  83       
PG24   5336.796447 -18280.832054 -18825.156231   -468.090674  5  3  5  75       
PG25 -15874.570860 -19931.950881  -8322.167939    497.347287  4  6  3  71       
PG26 -20723.779764    940.379120  16613.150265    -31.903112  4  6  5  57       
PG27 -12438.813149  18620.439587  13629.054009    -33.557698  4  4  5  84       
PG28 -24967.445284   4452.315633  -7914.269261   -524.701071  6  6  5  48       
PG29  -5644.478083 -21041.693528  15064.632463   -550.768201  5  5  5  60       
PG30  22867.566240   2036.604556  13736.130326   -248.218839  4  4  2  64       
PG31 -24818.754119   9876.185030   1337.839802   -218.753528  4  6  5  29       
PG32 -15084.655718   -566.364302 -21617.424063   -548.933386  5  5  4  83       
*  2025  1  2  6 15  0.00000000
PG01  -5182.125425  16772.047796 -19925.556471 999999.999999 11 14 15           
PG02  -6048.730144  17821.808425 -18114.262249   -277.723308  5  6  5  61       
PG03   6372.939794  18955.697809 -17699.600896    637.780947  7  5  6  88       
PG04   -108.748020  26065.014284   4675.210739    505.546613  2  8  4  75       
PG05   8629.655578 -12085.133399  21848.150795   -197.806521  3  5  3  76       
PG06  24740.255089  -4694.912299  -8571.095344    -88.994800  2  3  3  41       
PG07  11676.652402  11539.514778  21486.114552    -14.043737  4  5  3  94       
PG08  -6234.038612  24603.456251   6849.346054    452.175609  4  5  4  95       
PG09   7148.682108  22318.077591  12344.370258    512.223609  2  4  5  83       
PG10 -23270.497312  -9169.211168  -9191.488766   -259.416145  3  6  4  83       
PG11  23250.879413 -12221.117550   3749.191195   -752.493030  4  3  3  57       
PG12  -1864.435982 -18723.608867 -19054.876516   -562.024104  6  6  1  91       
PG13  13336.959726 -18938.789078  12541.677034    692.115678  1  4  5  81       
PG14  23153.429016  11904.825219  -5818.532602    572.112468  3  6  3  73       
PG15   2610.774741 -25570.691844   5865.534999    246.788354  3  5  6  65       
PG16 -14592.905623   6763.426165  20855.948832    -88.083749  4  6  3  86       
PG17  13464.516054   8002.505779 -21009.634821    492.867847  5  6  5  58       
PG18 -13612.515735  -9487.511182  20823.255712   -659.134769  5  5  4  89       
PG19  15631.087735  -2763.684307 -21364.379697    581.243761  4  7  5  73       
PG20  19099.825983  -4950.072677  17803.446746    367.403258  4  5  4  70       
PG21 -11960.203115  18221.559168 -13978.024797     99.630443  5  6  5  81       
PG22  21816.724791   6692.858262 -12939.172046    -90.024189  4  7  5  93       
PG23 -20106.611053 -16998.530400   4388.269008    395.709866  4  6  5  81       
PG24   7187.017646 -19073.979632 -17287.669236   -468.087388  5  4  4  55       
PG25 -14891.794997 -19505.634722 -10848.859719    497.346842  4  6  4  96       
PG26 -22148.609683   -210.720450  14749.662963    -31.916476  4  6  5  82       
PG27 -12460.954483  16861.376688  15731.911638    -33.557362  4  4  5  64       
PG28 -24106.751464   3805.532748 -10501.437439   -524.710175  6  6  5  67       
PG29  -5140.154581 -22579.102598  12853.634622   -550.765220  5  6  5  70       
PG30  21423.791392   2885.460096  15759.242456   -248.211361  4  4  3  75       
PG31 -24926.572823   9652.986449  -1483.075788   -218.752701  4  6  5  57       
PG32 -14802.024316  -3072.622569 -21620.136925   -548.927457  5  5  3  91       
*  2025  1  2  6 30  0.00000000
PG01  -7272.338890  17489.286653 -18612.675363 999999.999999 11 14 15           
PG02  -7905.537273  18752.866057 -16387.555143   -277.715108  5  6  6  68       
PG03   4597.228229  17873.687435 -19307.321701    637.788169  7  5  6  90       
PG04   -389.839545  26411.388647   1830.174645    505.552007  3  8  4  52       
PG05  10785.130214 -10783.087308  21578.018014   -197.807374  4  5  2  85       
PG06  23782.998876  -4072.199571 -11170.447856    -89.019615  2  3  4  37       
PG07   9568.350933  12617.032725  21889.484867    -14.043176  4  5  3 103       
PG08  -6513.270054  23633.168272   9494.683903    452.182953  5  5  5  88       
PG09   6878.646682  23596.442199   9889.178451    512.237488  2  4  5  87       
PG10 -23950.436670  -9800.177009  -6491.488097   -259.430463  3  6  4  81       
PG11  23589.267647 -12104.022769    896.185629   -752.492666  3  3  3  79       
PG12    -57.733435 -17473.630199 -20307.075637   -562.026145  6  6  2  84       
PG13  13201.066206 -17327.094819  14794.742878    692.116842  1  4  5  78       
PG14  23415.889472  12424.720089  -3070.807051    572.119064  3  6  3  64       
PG15   3018.480650 -24715.872815   8517.012406    246.792316  4  6  6  52       
PG16 -16431.573013   5219.708496  19967.669030    -88.075221  4  7  3  55       
PG17  13089.380727  10419.003256 -20168.662164    492.852711  5  5  5  64       
PG18 -11456.681539 -10568.050779  21568.172732   -659.133811  5  5  4  92       
PG19  15286.577825   -341.741332 -21826.367915    581.248074  5  6  6  78       
PG20  20803.662399  -4035.741736  16015.266831    367.402813  3  4  4  68       
PG21 -13435.937037  18805.402405 -11638.184840     99.632649  5  5  6  38       
PG22  22762.904378   7763.962990 -10532.497192    -90.026128  3  7  5  83       
PG23 -19464.824119 -16797.923216   7172.192790    395.716688  4  6  4  74       
PG24   8842.981803 -19857.084382 -15458.232638   -468.084093  5  4  4  67       
PG25 -13661.755781 -18982.633605 -13194.446764    497.346341  4  5  3  90       
PG26 -23428.741895  -1181.363978  12633.774063    -31.929786  4  6  6  78       
PG27 -12559.153206  14880.539329  17553.140054    -33.557000  5  4  5  67       
PG28 -23031.376632   2982.366176 -12908.045126   -524.719240  5  6  6  79       
PG29  -4755.143481 -23879.723598  10419.544002   -550.762199  4  6  5  53       
PG30  19833.212193   3897.493750  17516.920599   -248.203890  4  4  3  73       
PG31 -24759.688264   9304.973274  -4279.086514   -218.751884  4  6  5  51       
PG32 -14651.486599  -5566.569733 -21243.243234   -548.921517  4  5  2  88       
*  2025  1  2  6 45  0.00000000
PG01  -9171.834713  18242.506152 -16979.339901 999999.999999 10 13 14           
PG02  -9532.880644  19654.262672 -14364.679150   -277.707244  5  5  6  40       
PG03   2622.524199  16812.234642 -20588.320340    637.795339  7  5  6  77       
PG04   -640.726039  26446.946135  -1046.656953    505.557402  3  9  5  54       
PG05  12960.113731  -9623.386598  20930.829556   -197.808670  4  5  3  65       
PG06  22614.068925  -3257.334998 -13578.171085    -89.044412  2  3  4  56       
PG07   7494.284982  13817.138333  21934.921986    -14.042716  4  5  3  87       
PG08  -6850.580856  22385.114329  11971.510211    452.190344  5  5  5  78       
PG09   6668.627623  24598.194339   7262.493370    512.251413  3  4  6  79       
PG10 -24396.091818 -10232.719419  -3681.222027   -259.444766  3  6  4  67       
PG11  23645.195038 -11855.588925  -1972.294279   -752.492273  3  3  4  39       
PG12   1912.033284 -16253.650443 -21218.740816   -562.028019  6  6  3  92       
PG13  13116.595408 -15469.110235  16786.543945    692.117922  1  4  5  71       
PG14  23437.949010  12768.251801   -270.959867    572.125676  3  6  4  65       
PG15   3515.909194 -23589.040970  11017.755401    246.796578  4  6  6  59       
PG16 -18243.778003   3846.586794  18728.747850    -88.066578  3  7  3  81       
PG17  12846.728330  12734.034091 -18966.352251    492.837659  4  5  5  43       
PG18  -9305.620080 -11796.080614  21944.072054   -659.132893  5  5  4  82       
PG19  15068.182252   2121.593161 -21916.546966    581.252285  5  6  6  62       
PG20  22348.217168  -3282.764021  13951.562048    367.402792  3  4  4  71       
PG21 -14648.513422  19296.508719  -9081.819733     99.634012  5  5  6  57       
PG22  23527.495312   8617.568410  -7938.169061    -90.028046  3  6  5  87       
PG23 -18542.695337 -16487.176741   9834.495899    395.723450  4  6  4  64       
PG24  10286.758856 -20591.517201 -13366.161133   -468.080827  4  4  4  62       
PG25 -12190.154045 -18402.330121 -15320.295225    497.345833  4  5  3  97       
PG26 -24526.100051  -1980.693271  10302.478116    -31.943134  4  6  6  48       
PG27 -12758.785085  12716.696856  19060.290483    -33.556644  4  4  4  54       
PG28 -21779.446786   1967.740199 -15092.748300   -524.728284  5  5  6  54       
PG29  -4461.314664 -24912.671076   7804.587634   -550.759496  4  7  5  61       
PG30  18137.334707   5076.525364  18979.403593   -248.196385  3  4  3  67       
PG31 -24339.627171   8802.212726  -7003.375244   -218.751167  4  5  6  28       
PG32 -14630.654258  -7998.089490 -20494.118875   -548.915627  3  5  2  84       
*  2025  1  2  7  0  0.00000000
PG01 -10853.714415  18995.124172 -15053.670018 999999.999999  9 13 13           
PG02 -10915.336648  20482.988959 -12082.623447   -277.698682  5  5  6  54       
PG03    478.971835  15808.962210 -21520.952933    637.802522  7  5  6  84       
PG04   -899.112835  26169.615161  -3905.301904    505.562756  4  9  6  55       
PG05  15106.447392  -8620.895338  19918.252861   -197.809681  3  4  3  84       
PG06  21274.244391  -2235.593362 -15752.666774    -89.069249  3  3  5  24       
PG07   5493.716314  15117.484922  21620.452275    -14.042159  4  5  3  91       
PG08  -7276.258713  20885.947681  14235.989403    452.197830  5  5  5  79       
PG09   6483.891698  25304.980364   4509.960803    512.265367  3  3  6  59       
PG10 -24578.946869 -10494.601699   -808.626653   -259.459097  4  6  5  71       
PG11  23437.159895 -11443.033064  -4806.684748   -752.491699  2  3  4  54       
PG12   4014.053710 -15098.527982 -21774.860210   -562.030009  6  6  4  67       
PG13  13114.731747 -13398.360120  18481.759743    692.119025  1  4  5  82       
PG14  23198.312634  12964.209003   2533.486501    572.132240  3  6  4  61       
PG15   4130.085304 -22216.785138  13322.544819    246.800159  4  6  6  50       
PG16 -19983.905347   2656.169607  17162.645842    -88.058303  2  7  3  80       
PG17  12723.493591  14899.600706 -17424.419543    492.822442  3  5  6  68       
PG18  -7204.735587 -13151.878657  21943.860685   -659.131968  5  5  4  85       
PG19  14981.873590   4578.060627 -21634.710445    581.256396  5  5  7  48       
PG20  23692.648772  -2677.161865  11647.470375    367.402356  3  4  4  81       
PG21 -15595.385467  19652.905850  -6356.398766     99.635677  5  5  6  17       
PG22  24073.867317   9268.880710  -5202.840216    -90.030033  3  5  5  81       
PG23 -17340.049189 -16107.032697  12329.996122    395.730235  4  7  5  72       
PG24  11507.924948 -21237.150444 -11045.571190   -468.077521  4  4  4  54       
PG25 -10490.584686 -17803.333575 -17191.469672    497.345351  5  5  4 100       
PG26 -25406.679222  -2624.879463   7796.133153    -31.956460  4  6  6  64       
PG27 -13078.546936  10414.127357  20226.796101    -33.556279  4  4  5  59       
PG28 -20392.829897    754.302750 -17018.027032   -524.737334  5  5  6  69       
PG29  -4225.796823 -25654.631954   5054.162519   -550.756398  4  8  5  70       
PG30  16378.905929   6418.688265  20121.763159   -248.188886  3  4  4  71       
PG31 -23694.470827   8119.862371  -9610.511829   -218.750365  4  5  5  63       
PG32 -14729.029757 -10318.957626 -19386.729666   -548.909669  3  5  3  86       
*  2025  1  2  7 15  0.00000000
PG01 -12298.902532  19707.547522 -12868.821447 999999.999999  9 12 13           
PG02 -12046.765059  21195.981045  -9583.104613   -277.690475  5  5  6  45       
PG03  -1796.557555  14896.271353 -22089.368153    637.809681  6  5  6  59       
PG04  -1202.281240  25586.431235  -6696.081202    505.568140  4  9  6  67       
PG05  17175.090407  -7782.017292  18558.389358   -197.810417  3  3  3  74       
PG06  19807.940666  -1000.555138 -17656.233947    -89.094041  3  3  5  34       
PG07   3601.809312  16489.275363  20949.734133    -14.041726  4  5  3  82       
PG08  -7815.502562  19169.518812  16248.234391    452.205178  5  5  5  68       
PG09   6287.539557  25707.080517   1679.343986    512.279301  4  3  6  69       
PG10 -24477.727845 -10619.004775   2077.636608   -259.473433  4  6  5  70       
PG11  22991.100396 -10838.646965  -7557.970960   -752.491332  1  3  4  50       
PG12   6211.662478 -14037.731647 -21966.234448   -562.031959  6  6  4  67       
PG13  13220.814144 -11155.076755  19850.427138    692.120490  1  4  4  77       
PG14  22682.962205  13045.525377   5294.986738    572.138837  4  5  4  71       
PG15   4882.448638 -20632.630563  15389.349726    246.804371  4  6  6  56       
PG16 -21606.661799   1651.957243  15298.345819    -88.049929  2  7  4  51       
PG17  12699.125209  16872.179553 -15570.851416    492.806897  2  6  6  42       
PG18  -5195.822314 -14608.252794  21566.850644   -659.131043  5  6  4  75       
PG19  15025.526820   6979.515386 -20986.859438    581.260542  5  4  7  76       
PG20  24800.931350  -2198.033649   9142.390466    367.402206  3  4  5  62       
PG21 -16283.550971  19835.365343  -3512.755709     99.636710  5  5  7  62       
PG22  24371.116361   9740.443520  -2375.421517    -90.031790  3  5  5  86       
PG23 -15865.575281 -15698.488964  14616.271257    395.737021  4  7  5  68       
PG24  12503.859311 -21753.925582  -8534.927447   -468.074257  4  4  4  59       
PG25  -8584.183254 -17221.992495 -18777.226298    497.344867  5  5  4  76       
PG26 -26041.777187  -3136.262008   5157.752842    -31.969812  4  6  7  73       
PG27 -13529.593753   8020.986437  21032.472249    -33.555911  4  4  5  63       
PG28 -18915.546706   -657.093087 -18650.825873   -524.746354  4  4  6  86       
PG29  -4012.455560 -26090.704336   2216.026342   -550.753707  5  8  6  31       
PG30  14600.400198   7912.387021  20924.315795   -248.181391  3  4  4  64       
PG31 -22857.735628   7239.257160 -12057.138564   -218.749821  5  5  5  65       
PG32 -14928.508647 -12484.532245 -17941.315479   -548.903750  3  5  4  97       
*  2025  1  2  7 30  0.00000000
PG01 -13496.686638  20338.748805 -10462.414251 999999.999999  9 11 12           
PG02 -12930.298416  21751.935179  -6911.670439   -277.682495  5  4  6  54       
PG03  -4161.663930  14100.141060 -22283.765967    637.816802  6  4  6  69       
PG04  -1585.422570  24713.278704  -9370.508613    505.573514  5  9  6  53       
PG05  19117.900582  -7104.607347  16875.416014   -197.811376  3  3  3  70       
PG06  18261.532910    445.426658 -19255.736356    -89.118824  4  3  4  64       
PG07   1848.479287  17898.171321  19932.103509    -14.040895  4  4  3  81       
PG08  -8487.235828  17275.609037  17973.057230    452.212568  5  5  5  75       
PG09   6042.138033  25803.696749  -1180.326537    512.293212  4  4  6  60       
PG10 -24079.221983 -10643.065944   4928.965051   -259.487761  4  6  5  64       
PG11  22339.313623 -10021.067532 -10178.547521   -752.490948  1  4  5  53       
PG12   8463.526770 -13094.307686 -21789.610286   -562.033933  6  6  5  86       
PG13  13453.208903  -8784.768749  20868.511236    692.121404  1  4  4  72       
PG14  21885.779597  13047.857586   7966.743522    572.145474  3  5  5  51       
PG15   5787.727166 -18875.824531  17180.219276    246.808645  4  6  6  58       
PG16 -23068.748361    828.984636  13169.715832    -88.041617  2  7  4  54       
PG17  12746.554062  18614.296266 -13439.321953    492.792073  2  7  6  43       
PG18  -3315.609079 -16131.452528  20818.817891   -659.130207  5  6  4  71       
PG19  15189.077803   9279.544603 -19985.024074    581.264857  5  3  7  52       
PG20  25643.197493  -1818.535788   6479.321589    367.401744  3  4  5  73       
PG21 -16729.029024  19809.195542   -603.916199     99.638110  5  4  6  44       
PG22  24395.305890  10060.969493    493.888811    -90.033839  3  5  5  80       
PG23 -14136.665027 -15301.132234  16654.353889    395.743858  4  7  5  73       
PG24  13279.749679 -22103.466214  -5876.488691   -468.070978  4  4  4  77       
PG25  -6499.009445 -16691.007234 -20051.446653    497.344385  5  4  4  74       
PG26 -26409.026906  -3542.266093   2432.276576    -31.983188  4  6  7  64       
PG27 -14115.008623   5587.529226  21463.868561    -33.555499  4  5  5  54       
PG28 -17392.112527  -2257.226267 -19963.117130   -524.755416  4  4  6  79       
PG29  -3783.503824 -26214.917045   -660.554817   -550.750788  5  8  6  56       
PG30  12842.521839   9538.547065  21372.961798   -248.173860  3  4  4  42       
PG31 -21867.076347   6148.768636 -14302.616780   -218.748983  5  5  5  64       
PG32 -15204.194018 -14455.291154 -16183.959594   -548.897827  3  6  5  61       
*  2025  1  2  7 45  0.00000000
PG01 -14444.937267  20847.911717  -7875.883966 999999.999999  9 10 11           
PG02 -13577.940777  22113.043151  -4116.732740   -277.674671  5  4  6  87       
PG03  -6569.825951  13439.177683 -22100.566805    637.823946  6  4  6  72       
PG04  -2080.056415  23574.295939 -11882.157891    505.578886  5  8  6  54       
PG05  20889.381145  -6578.232102  14899.115684   -197.812044  2  4  4  71       
PG06  16681.609472   2091.099057 -20523.197904    -89.143590  5  3  4  35       
PG07    257.414436  19305.422636  18582.552677    -14.040446  4  4  3  86       
PG08  -9303.191154  15248.437687  19380.612427    452.219953  5  5  5  68       
PG09   5711.372427  25602.903019  -4019.619712    512.307107  4  4  5  70       
PG10 -23378.803712 -10606.291432   7697.578991   -259.502059  5  6  5  59       
PG11  21519.137184  -8976.305374 -12623.055912   -752.490509  1  4  5  52       
PG12  10725.007266 -12284.092197 -21247.733707   -562.035763  6  6  5  68       
PG13  13822.481044  -6336.581697  21518.351935    692.122775  1  5  4  76       
PG14  20808.884906  13008.069880  10503.464869    572.152087  4  5  4  54       
PG15   6853.084915 -16989.875879  18662.107661    246.812460  4  5  6  54       
PG16 -24330.436444    174.297936  10814.807747    -88.033146  2  7  4  40       
PG17  12833.441711  20095.846311 -11068.484606    492.776885  2  8  6  67       
PG18  -1594.496948 -17682.350674  19711.951972   -659.129308  5  6  4  75       
PG19  15454.986168  11435.009721 -18647.000274    581.268976  5  3  7  61       
PG20  26196.860444  -1507.105783   3704.131632    367.401640  3  3  5  40       
PG21 -16955.933486  19545.828512   2316.123448     99.640335  5  4  6  50       
PG22  24130.420144  10263.938711   3354.575345    -90.035902  4  5  5  69       
PG23 -12178.929065 -14951.530945  18409.376114    395.750665  4  7  5  72       
PG24  13848.296247 -22250.674708  -3115.654451   -468.067718  3  4  4   3       
PG25  -4269.189571 -16238.188724 -20993.010367    497.343919  6  4  4  52       
PG26 -26493.196203  -3874.142672   -334.171022    -31.996520  3  6  7  65       
PG27 -14829.625775   3164.264396  21514.467133    -33.555072  4  5  6  73       
PG28 -15865.873742  -4028.670450 -20932.377813   -524.764483  4  4  7  66       
PG29  -3501.179373 -26030.409656  -3525.684868   -550.747792  5  8  6  44       
PG30  11142.777608  11271.149898  21459.445808   -248.166325  3  4  4  60       
PG31 -20762.858545   4844.408150 -16309.629656   -218.748232  5  4  5  45       
PG32 -15525.485337 -16198.157320 -14146.056498   -548.891866  4  6  5  66       
*  2025  1  2  8  0  0.00000000
PG01 -15149.999949  21196.080720  -5153.766574 999999.999999  9  8  9           
PG02 -14009.801883  22246.571943  -1248.559937   -277.666241  5  4  6  91       
PG03  -8971.967667  12923.949747 -21542.488310    637.831024  6  4  6  40       
PG04  -2712.597391  22200.967964 -14187.490238    505.584311  4  8  6  60       
PG05  22448.324268  -6184.765657  12664.308048   -197.813164  2  4  4  61       
PG06  15113.222313   3916.529398 -21436.314244    -89.168355  5  3  4  40       
PG07  -1154.691421  20669.185791  16921.634822    -14.039892  4  5  4  90       
PG08 -10267.303989  13135.008244  20446.919401    452.227366  5  5  5  72       
PG09   5261.652673  25121.262193  -6789.570820    512.321050  5  4  5  54       
PG10 -22380.652806 -10548.901663  10337.257995   -259.516363  5  6  5  61       
PG11  20571.445306  -7698.489847 -14849.183182   -752.490131  1  4  5  51       
PG12  12949.646028 -11615.196317 -20349.321771   -562.037816  6  5  5  70       
PG13  14330.898982  -3861.519957  21788.976229    692.124116  2  5  4  64       
PG14  19462.677264  12962.681470  12862.098011    572.158701  3  5  5  44       
PG15   8077.588923 -15020.908531  19807.604900    246.816894  4  5  6  58       
PG16 -25356.989573   -332.265018   8275.110953    -88.024549  3  7  5  22       
PG17  12923.650798  21295.106354  -8501.165627    492.761532  3  8  5  71       
PG18    -55.540089 -19217.852748  18264.693880   -659.128377  5  6  3  78       
PG19  15798.980764  13407.456491 -16996.009443    581.273244  6  5  8  44       
PG20  26447.469878  -1228.879390    864.765126    367.401282  4  3  6  63       
PG21 -16995.195852  19024.123591   5193.619002     99.642152  4  4  6  68       
PG22  23568.995859  10386.029285   6156.750818    -90.037749  4  4  5  82       
PG23 -10025.411318 -14681.748266  19851.154887    395.757454  4  7  5  65       
PG24  14229.115792 -22165.247423   -300.217037   -468.064458  3  4  4  63       
PG25  -1933.847038 -15885.404532 -21586.105162    497.343453  6  4  4  62       
PG26 -26286.729729  -4165.580117  -3095.020865    -32.009855  3  6  7  37       
PG27 -15660.210093    800.120608  21184.726391    -33.554644  4  5  6  72       
PG28 -14377.402743  -5946.276489 -21541.972521   -524.773524  4  4  6  88       
PG29  -3129.421431 -25549.266841  -6329.724746   -550.745258  6  8  6  56       
PG30   9534.170813  13078.037650  21181.533425   -248.158811  3  4  4  75       
PG31 -19586.650031   3330.154441 -18044.736956   -218.747524  4  4  5  75       
PG32 -15857.393459 -17687.563534 -11863.693018   -548.885966  5  7  5  85       
*  2025  1  2  8 15  0.00000000
PG01 -15626.264323  21347.750859  -2342.929752 999999.999999 10  5  6           
PG02 -14253.009654  22126.221055   1641.740233   -277.658124  5  5  6  56       
PG03 -11318.128896  12556.633243 -20618.527444    637.838126  6  4  6  64       
PG04  -3503.128429  20630.943304 -16246.625670    505.589750  4  7  6  70       
PG05  23759.286973  -5899.292997  10210.194827   -197.813845  2  4  4  41       
PG06  13598.202358   5893.668020 -21978.869813    -89.193096  6  3  5  58       
PG07  -2378.662840  21945.992846  14975.286425    -14.039017  4  4  4  67       
PG08 -11375.437813  10983.364835  21154.254904    452.234802  5  5  5  75       
PG09   4663.609829  24383.126834  -9442.532237    512.334999  5  4  5  61       
PG10 -21097.660809 -10510.168916  12804.041961   -259.530692  5  7  5  47       
PG11  19539.018772  -6190.300048 -16818.406849   -752.489692  1  4  5  37       
PG12  15090.730476 -11087.782729 -19108.952541   -562.039857  6  5  5  78       
PG13  14972.292232  -1410.604570  21676.270547    692.125375  3  5  4  45       
PG14  17865.576270  12946.334043  15002.530093    572.165309  3  4  5  61       
PG15   9452.025861 -13015.900224  20595.548270    246.820899  4  5  6  74       
PG16 -26119.881142   -717.030676   5594.779391    -88.016116  4  7  5  60       
PG17  12978.869512  22199.397217  -5783.482847    492.746081  4  8  5  44       
PG18   1286.288723 -20692.482065  16501.461512   -659.127508  4  5  3  74       
PG19  16191.056875  15164.346441 -15060.288713    581.277084  7  7  7  64       
PG20  26389.265426   -947.246489  -1989.594933    367.400990  4  2  6  35       
PG21 -16883.008997  18231.328540   7976.257591     99.643562  4  4  6  67       
PG22  22712.414047  10465.450340   8852.055529    -90.040189  4  4  5  75       
PG23  -7715.526542 -14518.031011  20954.709022    395.764291  4  6  5  70       
PG24  14447.860421 -21823.042805   2520.471908   -468.061197  3  4  4  17       
PG25    464.143834 -15647.747550 -21820.472233    497.342981  6  4  4  88       
PG26 -25790.017628  -4451.239580  -5803.991297    -32.023200  3  6  7  28       
PG27 -16585.979795  -1459.296865  20481.975619    -33.554191  4  6  7  67       
PG28 -12963.012618  -7977.956815 -21781.436137   -524.782561  4  5  6  78       
PG29  -2635.478900 -24792.014569  -9024.170766   -550.742112  6  8  6  49       
PG30   8044.065468  14921.961163  20543.098832   -248.151351  4  5  4  60       
PG31 -18379.683324   1617.994740 -19478.877608   -218.746726  4  4  5  39       
PG32 -16162.025513 -18906.219199  -9376.958714   -548.880040  6  7  6  83       
*  2025  1  2  8 30  0.00000000
PG01 -15895.427792  21272.335661    508.236163 999999.999999 10  1  1           
PG02 -14340.357627  21733.204012   4503.219463   -277.650022  4  5  5  69       
PG03 -13559.179638  12330.981940 -19343.846422    637.845262  5  5  7  67       
PG04  -4464.429930  18906.622899 -18024.043496    505.595160  4  6  6  61       
PG05  24793.842862  -5691.281212   7579.634332   -197.814784  2  3  4  65       
PG06  12173.605901   7987.234608 -22141.050969    -89.217828  6  3  5  66       
PG07  -3413.097098  23092.324912  12774.559597    -14.038797  4  4  4  68       
PG08 -12615.448572   8840.832874  21491.410677    452.242258  5  6  6  78       
PG09   3893.424277  23419.653476 -11932.992829    512.348938  5  4  5  52       
PG10 -19551.032069 -10526.806000  15056.890974   -259.545022  5  7  5  71       
PG11  18464.853108  -4463.063759 -18496.672054   -752.489324  3  4  5  77       
PG12  17102.879738 -10694.142715 -17546.872480   -562.041916  6  4  5  68       
PG13  15732.265897    966.955634  21183.011615    692.126476  4  5  4  59       
PG14  16043.472550  12990.336105  16888.246254    572.171918  3  4  5  55       
PG15  10959.081876 -11020.885004  21011.492871    246.825078  4  5  5  71       
PG16 -26597.768884  -1011.230452   2819.848150    -88.007620  4  7  5  46       
PG17  12960.316680  22805.376503  -2963.915697    492.730932  4  8  5  40       
PG18   2424.516942 -22060.080629  14452.264321   -659.126609  4  5  3  75       
PG19  16596.686786  16680.069607 -12872.619008    581.281279  8  8  7  66       
PG20  26025.403824   -625.483936  -4809.396106    367.400845  4  2  6  65       
PG21 -16659.076481  17163.660753  10614.253412     99.644692  4  5  6  63       
PG22  21570.848933  10540.248870  11394.493257    -90.041822  4  4  4  66       
PG23  -5293.758285 -14479.724533  21700.699272    395.771125  4  6  5  83       
PG24  14535.078740 -21207.239089   5296.406609   -468.057987  4  4  4  49       
PG25   2879.539989 -15532.955995 -21691.584586    497.342503  6  4  4  80       
PG26 -25011.384807  -4765.267407  -8415.803087    -32.036553  4  5  7  62       
PG27 -17579.443673  -3573.288043  19420.169631    -33.553747  4  6  7  78       
PG28 -11653.448215 -10085.742344 -21646.651793   -524.791614  4  5  6  97       
PG29  -1991.385689 -23786.799579 -11562.507367   -550.739354  6  7  6  63       
PG30   6693.263748  16761.836633  19554.118843   -248.143826  3  5  4  62       
PG31 -17181.341725   -272.322458 -20587.816125   -218.746093  4  3  5  80       
PG32 -16400.178119 -19845.555113  -6729.201894   -548.874079  6  7  6  75       
*  2025  1  2  8 45  0.00000000
PG01 -15985.483058  20945.455872   3350.653313 999999.999999 10  3  4           
PG02 -14308.753782  21057.015603   7286.043907   -277.641765  4  6  5  39       
PG03 -15648.516610  12232.625883 -17739.561795    637.852341  5  5  7  46       
PG04  -5601.303394  17073.577969 -19489.198877    505.600532  5  5  5  50       
PG05  25531.563031  -5525.968622   4818.361265   -197.815582  3  2  5  59       
PG06  10870.353647  10155.896409 -21919.647575    -89.242604  6  4  5  69       
PG07  -4264.330161  24066.237566  10355.257149    -14.038312  3  4  5  60       
PG08 -13967.580790   6752.316405  21453.815867    452.249722  5  6  6  58       
PG09   2933.934344  22267.570874 -14218.351857    512.362883  5  4  4  46       
PG10 -17769.595471 -10631.461909  17058.298674   -259.559394  5  7  5  81       
PG11  17390.471880  -2536.519589 -19854.988392   -752.488932  4  5  5  68       
PG12  18943.598209 -10419.073135 -15688.720973   -562.043948  5  4  5  56       
PG13  16588.759853   3225.504390  20318.758490    692.127779  4  5  4  36       
PG14  14028.906218  13121.338314  18486.935938    572.178593  3  4  5  58       
PG15  12573.880978  -9079.201152  21048.024822    246.829021  3  4  5  78       
PG16 -26777.197553  -1249.579856     -2.546354    -87.999379  5  7  5           
PG17  12830.452532  23118.956608    -92.352356    492.715245  4  8  5  45       
PG18   3361.256449 -23275.560109  12152.211169   -659.125700  4  5  3  79       
PG19  16978.199036  17936.706111 -10469.797838    581.285328  8  8  7  56       
PG20  25367.848521   -228.399805  -7545.599789    367.401028  4  2  6  46       
PG21 -16364.758849  15826.493547  13061.327252     99.646185  4  5  6  50       
PG22  20162.885431  10646.659732  13741.189953    -90.043904  4  5  4  71       
PG23  -2808.163236 -14578.455974  22075.783447    395.777942  4  5  5  78       
PG24  14524.860461 -20309.224282   7977.885727   -468.054721  4  4  4  36       
PG25   5266.202723 -15541.106005 -21200.755391    497.342038  6  4  4  87       
PG26 -23966.804010  -5139.837634 -10886.870427    -32.049900  4  5  6  44       
PG27 -18607.511167  -5507.417020  18019.516901    -33.553365  5  7  7  59       
PG28 -10472.803359 -12227.072066 -21139.921279   -524.800494  4  5  6  88       
PG29  -1175.244456 -22568.286050 -13901.018216   -550.736299  7  7  6  79       
PG30   5495.333207  18554.167597  18230.569547   -248.136320  3  5  4  79       
PG31 -16027.720896  -2313.815816 -21352.528699   -218.745385  3  3  5  72       
PG32 -16532.974751 -20505.835356  -3966.247457   -548.868155  6  7  6  74       
*  2025  1  2  9  0  0.00000000
PG01 -15929.469608  20349.998631   6135.402902 999999.999999 11  6  8           
PG02 -14197.542902  20095.862357   9942.384549   -277.633731  4  6  5  59       
PG03 -17543.679761  12239.689537 -15832.436959    637.859426  5  5  6  77       
PG04  -6910.215919  15178.860139 -20617.044630    505.605887  5  4  5  23       
PG05  25960.691154  -5365.914047   1974.168069   -197.816893  4  2  5  70       
PG06   9712.116898  12353.694508 -21318.137341    -89.267364  6  4  5  71       
PG07  -4946.104749  24828.979985   7757.464901    -14.037672  3  4  5  81       
PG08 -15405.173779   4758.720100  21043.527616    452.257183  5  6  6  74       
PG09   1775.483183  20967.751735 -16259.634718    512.376827  5  4  4  67       
PG10 -15788.851938 -10851.376231  18774.854425   -259.573701  4  7  6  77       
PG11  16354.311606   -438.250948 -20869.935500   -752.488497  5  5  5  49       
PG12  20574.741320 -10240.542720 -13565.172052   -562.046081  5  4  5  60       
PG13  17512.925691   5324.519672  19099.612169    692.129006  4  4  4  12       
PG14  11860.001691  13360.189631  19771.038537    572.185248  3  5  5  54       
PG15  14264.859109  -7229.864586  20704.906640    246.833463  3  4  6  62       
PG16 -26653.012240  -1468.752910  -2824.930949    -87.990955  5  7  5  49       
PG17  12554.622401  23154.860806   2780.861232    492.700060  3  7  5           
PG18   4106.947311 -24296.633987   9640.917922   -659.124827  4  4  3  65       
PG19  17296.276962  18924.512715  -7892.063278    581.289619  9  9  6  48       
PG20  24436.924267    276.077682 -10150.561333    367.400092  4  2  6  60       
PG21 -16041.208638  14234.154321  15275.546091     99.647773  4  5  5           
PG22  18514.829454  10817.563030  15853.065430    -90.046016  4  5  4  75       
PG23   -308.735540 -14817.618990  22072.879161    395.784760  5  4  5  74       
PG24  14453.317677 -19129.170558  10516.501537   -468.051437  4  4  4  55       
PG25   7578.613192 -15664.590010 -20355.172895    497.341610  6  5  4  74       
PG26 -22679.344783  -5603.775720 -13175.961599    -32.063308  4  5  6  59       
PG27 -19632.823116  -7234.598065  16305.997135    -33.552936  5  7  7  65       
PG28  -9437.705289 -14356.266663 -20269.926729   -524.809579  5  6  5  76       
PG29   -172.268284 -21176.314478 -15999.540973   -550.733530  7  6  6  66       
PG30   4456.211953  20254.581936  16594.222786   -248.128799  3  5  4  79       
PG31 -14950.315743  -4473.064795 -21759.524489   -218.744704  3  2  5  75       
PG32 -16523.483185 -20895.938549  -1135.592175   -548.862228  7  7  6  79       
*  2025  1  2  9 15  0.00000000
PG01 -15764.038257  19476.905692   8814.568401 999999.999999 11  8 10           
PG02 -14046.776346  18856.749539  12427.226627   -277.625799  4  6  4  78       
PG03 -19207.828489  12323.709312 -13654.479607    637.866597  4  6  6  90       
PG04  -8379.278783  13269.270940 -21388.449719    505.611232  5  3  5  53       
PG05  26078.490360  -5172.643217   -903.936028   -197.817549  4  2  5  36       
PG06   8714.495992  14531.663956 -20346.649414    -89.292130  7  4  5  55       
PG07  -5478.941765  25346.545546   5024.978127    -14.037189  3  4  5  66       
PG08 -16895.643882   2895.556459  20269.096582    452.264650  5  6  7  80       
PG09    416.472407  19563.644403 -18022.139406    512.390742  5  5  4  43       
PG10 -13649.790955 -11207.238637  20177.749849   -259.588050  4  7  6  73       
PG11  15390.241814   1797.186433 -21524.068374   -752.488049  6  6  5  54       
PG12  21963.840317 -10130.626944 -11211.494100   -562.048165  5  4  5  15       
PG13  18470.281271   7229.974794  17547.852491    692.130187  5  4  3  45       
PG14   9579.196220  13721.018029  20718.219825    572.191882  3  5  5  69       
PG15  15994.933930  -5506.141478  19989.051060    246.837549  3  3  6  69       
PG16 -26228.475452  -1705.809547  -5600.235678    -87.982439  6  7  5  49       
PG17  12102.566339  22935.845482   5605.848017    492.685218  2  7  5  47       
PG18   4679.769021 -25085.461523   6961.823986   -659.123955  4  4  3  73       
PG19  17511.523763  19642.119450  -5182.475305    581.293421  9  9  6  45       
PG20  23260.552957    915.431560 -12578.889219    367.399961  4  3  6  45       
PG21 -15727.580293  12409.360672  17220.008517     99.649462  4  5  5  35       
PG22  16659.746100  11081.105730  17695.411934    -90.047653  4  5  5  56       
PG23   2154.309421 -15192.182359  21691.327636    395.791601  5  3  5  84       
PG24  14356.966302 -17676.258058  12866.133366   -468.048169  4  3  4  47       
PG25   9773.379595 -15888.385419 -19167.857999    497.341172  6  5  4  77       
PG26 -21178.378770  -6181.311396 -15244.823561    -32.076672  5  5  6  80       
PG27 -20615.243671  -8735.873106  14310.786106    -33.552580  5  7  7  74       
PG28  -8556.797186 -16426.130378 -19051.584150   -524.818614  5  6  5  66       
PG29   1024.460116 -19654.376746 -17822.152566   -550.730367  7  6  6  78       
PG30   3574.110317  21819.427983  14672.341080   -248.121422  3  5  4  68       
PG31 -13974.879002  -6711.243956 -21801.097275   -218.743996  3  2  5  79       
PG32 -16338.251546 -21032.823132   1714.407931   -548.856299  7  7  6  69       
*  2025  1  2  9 30  0.00000000
PG01 -15527.885209  18325.659782  11342.060654 999999.999999 11 10 11           
PG02 -13895.501114  17355.232747  14699.086681   -277.617575  4  6  4  74       
PG03 -20611.021304  12450.818821 -11242.447076    637.873755  4  6  6  73       
PG04  -9988.559775  11389.658683 -21790.508285    505.616610  5  3  5  53       
PG05  25891.252737  -4908.326742  -3766.572582   -197.819036  4  2  5  64       
PG06   7884.524669  16639.585166 -19021.806149    -89.316911  7  4  5  72       
PG07  -5889.228255  25591.089703   2204.622514    -14.036934  3  4  5  69       
PG08 -18401.698391   1191.789023  19145.316851    452.272114  5  6  7  45       
PG09  -1136.397431  18099.625548 -19476.004299    512.404640  5  5  4  71       
PG10 -11397.516507 -11712.293077  21243.225380   -259.602426  3  7  6  83       
PG11  14526.278160   4129.409645 -21806.215391   -752.487642  6  6  5  38       
PG12  23085.236428 -10056.680984  -8667.029348   -562.050018  5  4  5   8       
PG13  19422.091851   8915.427869  15691.464733    692.131327  5  3  3  49       
PG14   7231.807168  14210.571873  21311.771017    572.198515  3  5  5  68       
PG15  17722.915789  -3934.383335  18914.326410    246.841756  4  2  6  65       
PG16 -25515.091146  -1996.632702  -8282.501962    -87.973805  6  6  5  68       
PG17  11449.736133  22491.629708   8334.082646    492.669930  1  6  5  83       
PG18   5104.741016 -25610.136679   4161.429494   -659.123037  5  3  4  68       
PG19  17586.039555  20096.430694  -2386.260437    581.297604  8  9  5  56       
PG20  21873.200286   1711.268329 -14788.265671    367.399981  5  4  6  21       
PG21 -15459.391103  10382.336318  18863.370693     99.650507  3  6  5  43       
PG22  14636.269337  11459.535251  19238.376765    -90.050092  4  5  5  38       
PG23   4532.268376 -15688.833174  20936.953051    395.798456  5  2  5  72       
PG24  14271.078644 -15968.528766  14983.916398   -468.044889  4  3  4  42       
PG25  11810.684253 -16190.608929 -17657.540421    497.340679  6  5  4  64       
PG26 -19498.569359  -6891.004000 -17058.765026    -32.090040  5  4  5  70       
PG27 -21513.449593 -10000.859008  12069.606246    -33.552172  5  7  6  47       
PG28  -7830.538197 -18389.620427 -17505.791027   -524.827675  5  7  4  72       
PG29   2413.540494 -18047.968074 -19337.773704   -550.727655  7  6  6  92       
PG30   2839.716764  23207.369962  12497.271357   -248.113955  3  5  4  66       
PG31 -13120.493089  -8985.365272 -21475.502271   -218.743032  3  1  5  66       
PG32 -15948.706187 -20940.702612   4535.344715   -548.850403  6  7  6  72       
*  2025  1  2  9 45  0.00000000
PG01 -15260.116896  16904.449932  13674.410559 999999.999999 11 10 12           
PG02 -13780.135114  15614.855210  16720.630354   -277.609596  4  6  4  63       
PG03 -21731.248837  12583.159610  -8637.264150    637.880851  4  6  6  60       
PG04 -11710.715708   9581.308859 -21816.735457    505.621990  5  3  5  49       
PG05  25413.975365  -4537.424158  -6564.833334   -197.819441  5  2  5  62       
PG06   7220.521083  18627.798088 -17366.444518    -89.341677  7  3  5  64       
PG07  -6208.048000  25542.151739   -654.525725    -14.036427  3  3  5  58       
PG08 -19882.728860   -331.048902  17692.871669    452.279549  6  7  7  37       
PG09  -2868.207283  16619.337093 -20596.689596    512.418564  5  5  4  47       
PG10  -9079.728867 -12371.718639  21952.952406   -259.616829  3  6  6  66       
PG11  13783.538660   6513.581887 -21711.664183   -752.487197  7  7  5  57       
PG12  23920.980107  -9982.710933  -5974.596316   -562.052163  4  4  5  12       
PG13  20326.918484  10362.801160  13563.570330    692.132688  5  4  3  61       
PG14   4864.489442  14827.849042  21540.922818    572.205178  2  5  5  63       
PG15  19405.093947  -2533.173753  17501.203136    246.845892  4  2  6  69       
PG16 -24532.148155  -2374.429123 -10827.553572    -87.965309  6  6  5   4       
PG17  10578.371810  21857.583633  10919.214373    492.654647  1  5  5  53       
PG18   5412.547375 -25845.960672   1288.467298   -659.122172  5  3  5  75       
PG19  17484.955499  20302.234473    449.874410    581.301535  8  8  5  65       
PG20  20314.574816   2678.264255 -16740.211750    367.399977  5  5  7  58       
PG21 -15267.095915   8189.660215  20180.215621     99.652271  3  6  4  74       
PG22  12487.233005  11968.282623  20457.348882    -90.051983  3  6  5  65       
PG23   6779.635494 -16286.452782  19822.013213    395.805348  5  2  5  57       
PG24  14228.081960 -14032.368891  16831.155876   -468.041629  4  3  4  31       
PG25  13655.619262 -16543.342280 -15848.449376    497.340214  6  6  4  66       
PG26 -17678.680477  -7744.878015 -18587.192763    -32.103425  5  4  5  66       
PG27 -22286.551979 -11027.857298   9622.021440    -33.551721  6  7  6  78       
PG28  -7251.328279 -20201.520527 -15659.071989   -524.836676  4  7  4  63       
PG29   3985.134689 -16402.880641 -20520.683275   -550.724771  7  5  5  97       
PG30   2236.704264  24380.921344  10105.939923   -248.106469  3  5  4  67       
PG31 -12398.890671 -11249.688344 -20787.052591   -218.742662  3  1  4  47       
PG32 -15332.361231 -20649.966551   7279.547502   -548.844466  6  7  6  51       
*  2025  1  2 10  0  0.00000000
PG01 -14998.609567  15230.009039  15771.515678 999999.999999 12 11 12           
PG02 -13732.988038  13666.302889  18459.188212   -277.601605  4  6  4  69       
PG03 -22555.178312  12680.465701  -5883.359794    637.887979  5  6  6  67       
PG04 -13511.918968   7880.489752 -21467.148568    505.627364  5  3  5  64       
PG05  24669.719362  -4028.231127  -9251.097749   -197.820486  5  2  5  46       
PG06   6712.292128  20449.007540 -15409.221292    -89.366413  7  3  4  51       
PG07  -6469.793805  25187.620896  -3502.010974    -14.035728  3  3  5  41       
PG08 -21296.326272  -1659.432862  15937.887758    452.286962  6  7  7  73       
PG09  -4756.216588  15164.070417 -21365.366436    512.432495  5  6  4  46       
PG10  -6745.113529 -13182.310384  22294.346311   -259.631195  3  6  6  74       
PG11  13175.483213   8901.960525 -21242.232676   -752.486746  8  7  5  52       
PG12  24461.458194  -9870.895110  -3179.820007   -562.054175  4  4  5  37       
PG13  21142.269083  11562.825665  11201.777471    692.133894  5  4  3  67       
PG14   2523.639162  15564.030706  21401.067473    572.211788  2  5  5  85       
PG15  20996.924862  -1312.819656  15776.256810    246.849799  5  2  6  43       
PG16 -23306.003744  -2868.343960 -13193.626585    -87.956860  6  5  5  60       
PG17   9478.301643  21073.234466  13317.817691    492.639505  2  5  5  66       
PG18   5638.132566 -25776.445051  -1606.974044   -659.121278  5  3  5  79       
PG19  17177.871294  20281.533052   3278.452783    581.305759  7  7  4  36       
PG20  18628.131429   3823.389480 -18400.781159    367.399369  6  6  7  22       
PG21 -15174.923282   5872.909554  21151.274799     99.652791  3  6  4  54       
PG22  10258.176912  12615.322043  21333.251528    -90.054039  3  6  5  51       
PG23   8855.675210 -16956.910859  18365.038911    395.812182  4  1  5  67       
PG24  14256.077587 -11901.636856  18374.157271   -468.038350  4  2  4  65       
PG25  15279.361268 -16913.705566 -13770.015228    497.339667  6  6  5  70       
PG26 -15760.245095  -8747.799835 -19804.095823    -32.116742  5  4  5  64       
PG27 -22895.687187 -11823.632660   7010.693657    -33.551228  6  7  6  69       
PG28  -6803.952672 -21820.054805 -13543.128122   -524.845743  5  7  3  82       
PG29   5721.177150 -14763.505141 -21350.935376   -550.721640  7  5  6  87       
PG30   1742.521367  25307.855314   7539.253519   -248.099009  3  5  3  50       
PG31 -11814.051985 -13457.251747 -19746.129773   -218.741907  3  1  4  69       
PG32 -14473.797669 -20195.891171   9900.844572   -548.838610  6  7  6  70       
*  2025  1  2 10 15  0.00000000
PG01 -14778.427572  13327.129576  17597.327998 999999.999999 12 12 13           
PG02 -13780.978231  11546.318049  19887.170222   -277.593449  4  7  4  59       
PG03 -23078.577692  12701.762478  -3027.931250    637.895126  5  6  6  43       
PG04 -15353.040770   6317.208069 -20748.234509    505.632726  5  3  5  67       
PG05  23688.679895  -3354.271750 -11779.816294   -197.821439  5  3  5  59       
PG06   6341.683352  22060.007965 -13184.108744    -89.391221  7  3  4  83       
PG07  -6710.613189  24524.394882  -6286.945541    -14.034931  3  3  5  25       
PG08 -22599.857797  -2788.108686  13911.411634    452.294365  7  7  7  56       
PG09  -6770.560646  13771.258297 -21769.209355    512.446388  4  6  4  42       
PG10  -4441.692064 -14132.474127  22260.805479   -259.645583  2  6  6  78       
PG11  12707.465235  11245.559842 -20406.224798   -752.486261  8  7  5  40       
PG12  24705.720632  -9683.200166   -330.396663   -562.056230  4  4  5  36       
PG13  21826.285198  12515.140440   8647.467982    692.135096  5  4  3  69       
PG14    253.802450  16402.725626  20893.882690    572.218411  2  5  5  54       
PG15  22454.746344   -275.202134  13771.547590    246.853869  6  3  5  66       
PG16 -21869.135265  -3502.234111 -15341.955585    -87.948472  6  4  4  46       
PG17   8147.442231  20180.653067  15490.061900    492.624323  3  4  5  29       
PG18   5819.125159 -25394.003055  -4474.358390   -659.120419  6  3  5  74       
PG19  16640.144938  20062.616958   6051.957818    581.310241  6  6  4  53       
PG20  16859.439265   5145.442204 -19741.168636    367.399380  7  6  7  70       
PG21 -15200.005145   3477.160566  21763.516013     99.655314  3  5  3  73       
PG22   7995.783566  13400.822915  21852.744464    -90.055811  3  6  5  67       
PG23  10725.821211 -17666.150383  16590.561180    395.819020  4  2  4  66       
PG24  14377.550665  -9616.472383  19584.945242   -468.035050  4  2  5  72       
PG25  16660.139625 -17265.144623 -11456.479448    497.339198  5  6  5  50       
PG26 -13786.138712  -9897.119260 -20688.472195    -32.130076  4  4  5  81       
PG27 -23305.517500 -12402.878560   4280.617543    -33.550684  6  6  6  86       
PG28  -6466.328565 -23208.380455 -11194.297206   -524.854840  4  7  3  76       
PG29   7595.906812 -13171.205424 -21814.673672   -550.718477  7  4  6  65       
PG30   1329.440358  25962.434739   4841.413910   -248.091534  3  5  3  60       
PG31 -11362.098247 -15561.473274 -18369.102947   -218.741018  3  1  4  80       
PG32 -13365.379027 -19617.189743  12355.287370   -548.832725  5  7  6  88       
*  2025  1  2 10 30  0.00000000
PG01 -14630.361925  11227.875769  19120.471237 999999.999999 13 12 13           
PG02 -13944.585737   9296.418244  20982.382200   -277.585179  4  7  3  56       
PG03 -23306.399424  12607.114651   -120.146044    637.902311  5  6  6  44       
PG04 -17191.044176   4914.220587 -19672.806081    505.638124  4  3  5  58       
PG05  22507.005240  -2495.484759 -14108.248430   -197.822901  6  3  5  67       
PG06   6083.452417  23423.258756 -10729.790219    -89.415975  7  4  4  25       
PG07  -6966.750179  23558.689741  -8959.012721    -14.034397  3  3  5  53       
PG08 -23752.044650  -3720.034698  11648.821435    452.301788  7  6  7  48       
PG09  -8875.221276  12473.130395 -21801.589284    512.460313  3  5  3  72       
PG10  -2215.191758 -15202.539117  21851.871061   -259.660080  3  5  6  53       
PG11  12376.611717  13495.864153 -19218.272492   -752.485734  8  6  5  34       
PG12  24661.488767  -9383.031253   2524.697973   -562.058300  4  4  4  49       
PG13  22339.398046  13228.050120   5945.036979    692.136391  5  4  3  71       
PG14  -1903.850975  17320.519294  20027.352396    572.225036  2  4  5  59       
PG15  23737.442603    586.015695  11523.899259    246.858007  6  3  5  57       
PG16 -20258.994046  -4293.639394 -17237.314125    -87.939846  6  4  4  39       
PG17   6591.987717  19222.785551  17400.294156    492.609154  4  4  4  67       
PG18   5994.154067 -24700.299748  -7263.622236   -659.119542  6  3  6  84       
PG19  15853.987834  19678.913199   8723.572646    581.314219  6  6  5  68       
PG20  15054.479711   6634.912320 -20738.220844    367.399016  7  6  6  82       
PG21 -15351.817215   1049.410947  22010.113801     99.656490  4  5  3  73       
PG22   5746.301087  14317.099959  22008.340314    -90.057928  3  6  5  67       
PG23  12362.845846 -18375.524256  14528.727820    395.825786  4  3  4  46       
PG24  14608.331636  -7221.838890  20441.848129   -468.031776  4  2  5  41       
PG25  17783.957611 -17558.889864  -8946.411667    497.338682  5  5  5  62       
PG26 -11799.106573 -11182.590896 -21224.692153    -32.143565  4  4  5  71       
PG27 -23485.588153 -12787.399211   1478.347406    -33.550131  6  6  5  56       
PG28  -6210.524811 -24335.901982  -8652.933631   -524.863891  4  7  2  68       
PG29   9576.698639 -11662.827721 -21904.339819   -550.715706  7  4  6  83       
PG30    965.823651  26326.409738   2059.156209   -248.084078  3  5  3  67       
PG31 -11031.490722 -17517.762593 -16678.151744   -218.740364  3  1  3  79       
PG32 -12007.680490 -18954.457322  14601.829601   -548.826783  5  7  6  89       
*  2025  1  2 10 45  0.00000000
PG01 -14579.645931   8970.522167  20314.777337 999999.999999 13 12 13           
PG02 -14237.071216   6961.471664  21728.249376   -277.576934  4  7  3  61       
PG03 -23252.516630  12359.354674   2789.705478    637.909496  6  5  6  45       
PG04 -18980.532372   3686.337330 -18259.751917    505.643448  3  4  5  70       
PG05  21165.411385  -1439.160826 -16197.145739   -197.823770  6  4  5  54       
PG06   5906.430726  24508.247174  -8088.967240    -89.440796  6  4  4  69       
PG07  -7272.854649  22305.974558 -11469.500067    -14.033865  4  2  5  75       
PG08 -24714.482537  -4466.014421   9189.187447    452.309200  7  6  6  69       
PG09 -11029.233826  11295.581512 -21462.165694    512.474208  3  5  3  50       
PG10   -107.491364 -16365.382137  21073.302101   -259.674561  3  5  6  56       
PG11  12172.035078  15606.525218 -17699.067733   -752.485236  8  6  4  66       
PG12  24344.838918  -8936.852145   5336.045540   -562.060434  4  4  4  52       
PG13  22645.890532  13717.957223   3141.101285    692.137327  5  4  4  65       
PG14  -3912.931118  18287.810530  18815.680627    572.231658  2  4  5  76       
PG15  24807.990393   1284.842975   9074.102819    246.862264  7  4  5  41       
PG16 -18516.700761  -5252.984042 -18848.507809    -87.931281  6  3  4  61       
PG17   4826.289126  18241.793135  19017.533450    492.594546  5  4  4  77       
PG18   6201.126711 -23706.245792  -9926.087447   -659.118656  6  4  6  98       
PG19  14809.323905  19167.646366  11247.924288    581.318641  6  5  5  83       
PG20  13257.942737   8274.180179 -21374.840007    367.398727  7  6  6  79       
PG21 -15631.933638  -1363.015185  21890.320356     99.657882  4  5  2  76       
PG22   3554.006074  15348.857107  21798.439942    -90.059902  3  6  5  81       
PG23  13747.752281 -19043.333573  12214.812883    395.832634  4  4  4  68       
PG24  14956.858198  -4765.865312  20929.929944   -468.028471  4  2  5  63       
PG25  18645.033679 -17755.535595  -6282.134610    497.338213  4  5  5  73       
PG26  -9840.295596 -12586.581710 -21402.792231    -32.156915  4  4  4  77       
PG27 -23411.494761 -13005.045793  -1348.770974    -33.549626  7  6  5  46       
PG28  -6004.014976 -25179.356547  -5962.718273   -524.872939  4  7  2  75       
PG29  11625.161902 -10269.400129 -21618.774484   -550.712581  7  4  6  85       
PG30    617.559513  26389.739234   -759.076122   -248.076648  3  5  3  72       
PG31 -10803.534289 -19285.087386 -14700.989049   -218.739709  3  2  3  91       
PG32 -10409.618572 -18248.566825  16602.954521   -548.820905  5  7  6  84       
*  2025  1  2 11  0  0.00000000
PG01 -14644.897693   6598.258998  21159.733261 999999.999999 13 12 13           
PG02 -14663.979865   4588.181787  22113.953307   -277.568907  4  7  3  61       
PG03 -22939.118319  11925.722288   5651.092499    637.916636  6  5  6  49       
PG04 -20675.392304   2640.040259 -16533.686232    505.648797  4  4  5  64       
PG05  19707.645230   -180.597905 -18011.371919   -197.824746  6  4  5  67       
PG06   5774.925823  25292.584490  -5307.591971    -89.465496  6  5  4  70       
PG07  -7660.335918  20790.521670 -13772.333199    -14.033326  4  3  4  63       
PG08 -25453.050307  -5044.040355   6574.593851    452.316670  7  5  6  38       
PG09 -13188.085256  10257.293607 -20756.877819    512.488098  2  5  3  67       
PG10   1844.800871 -17587.345879  19937.060726   -259.689007  3  4  6  50       
PG11  12075.367095  17534.978809 -15874.990164   -752.484774  7  6  3  76       
PG12  23779.567476  -8315.710146   8054.653456   -562.062336  4  4  4  48       
PG13  22715.307436  14008.497647    283.691736    692.138565  6  4  4  63       
PG14  -5743.053292  19269.906728  17279.096480    572.238273  2  3  4  55       
PG15  25634.824821   1842.111345   6466.069926    246.866119  7  4  5  45       
PG16 -16685.625600  -6383.033910 -20148.818357    -87.922543  6  3  4  67       
PG17   2872.435757  17277.460126  20315.875326    492.579284  5  4  4  63       
PG18   6475.540279 -22431.634653 -12415.347046   -659.117759  6  4  6  89       
PG19  13504.378375  18568.358391  13581.822357    581.322686  6  4  5  71       
PG20  11511.589515  10038.042374 -21640.273132    367.398397  7  6  5  78       
PG21 -16034.087833  -3714.023699  21409.254451     99.658940  5  5  2  72       
PG22   1459.757164  16473.711742  21227.291752    -90.061977  3  5  5  67       
PG23  14870.351923 -19626.508431   9688.625370    395.839408  4  5  4  46       
PG24  15423.770991  -2298.063480  21041.258146   -468.025194  4  2  5  53       
PG25  19245.938868 -17816.681808  -3509.060200    497.337729  4  5  5  71       
PG26  -7947.842734 -14084.561619 -21218.693535    -32.170280  4  5  4  68       
PG27 -23065.823690 -13088.451790  -4153.353290    -33.549174  7  6  5  65       
PG28  -5811.114847 -25723.628564  -3169.909858   -524.882005  4  7  2  74       
PG29  13698.462583  -9015.070158 -20963.211245   -550.709823  7  4  6  74       
PG30    249.609948  26151.003357  -3564.004106   -248.069186  2  5  2  69       
PG31 -10653.172975 -20827.433380 -12470.481173   -218.739053  3  2  2  85       
PG32  -8588.278748 -17539.074118  18325.244722   -548.815027  4  7  6  87       
*  2025  1  2 11 15  0.00000000
PG01 -14837.330474   4157.713556  21640.830745 999999.999999 13 12 13           
PG02 -15222.939401   2223.534518  22134.488814   -277.560824  4  7  3  81       
PG03 -22395.784081  11279.348000   8414.144678    637.923825  6  5  6  70       
PG04 -22230.470799   1773.429126 -14524.505962    505.654193  5  4  5  52       
PG05  18178.853996   1276.547920 -19520.452694   -197.825620  7  4  5  64       
PG06   5650.307292  25762.791906  -2434.040533    -89.490312  5  5  4  64       
PG07  -8155.838568  19044.582217 -15825.077696    -14.032730  4  3  4  85       
PG08 -25939.157835  -5478.378727   3849.433250    452.324227  7  5  6  65       
PG09 -15305.251298   9369.143008 -19697.836059    512.501995  3  4  4  54       
PG10   3611.583757 -18829.423755  18461.202360   -259.703374  2  4  6  56       
PG11  12061.592664  19243.918709 -13777.637768   -752.484394  7  5  2  73       
PG12  22996.256820  -7496.602342  10632.838949   -562.064324  5  4  3  49       
PG13  22523.663314  14129.417946  -2578.556693    692.139812  5  4  4  71       
PG14  -7370.837147  20228.338287  15443.549969    572.244925  2  3  4  63       
PG15  26192.974242   2284.366757   3745.960503    246.870066  7  4  4  49       
PG16 -14809.899548  -7678.627311 -21116.396678    -87.913962  6  2  4  47       
PG17    759.560272  16365.724825  21274.808960    492.563916  5  4  3  38       
PG18   6848.895774 -20904.438143 -14688.105275   -659.116892  6  4  6  91       
PG19  11945.970267  17921.338651  15684.982846    581.327104  6  4  4  73       
PG20   9852.746128  11894.543014 -21530.282318    367.398081  7  5  5  70       
PG21 -16544.521655  -5960.218292  20577.624807     99.660868  5  5  2  61       
PG22   -500.314243  17662.977635  20304.879460    -90.063677  3  5  4  58       
PG23  15729.501735 -20082.365297   6993.825995    395.846183  4  5  4  77       
PG24  16001.859123    132.497306  20775.002244   -468.021897  4  2  5  58       
PG25  19597.417300 -17706.575171   -674.943132    497.337216  4  4  4  68       
PG26  -6155.570745 -15645.864309 -20674.337951    -32.183604  4  5  4  66       
PG27 -22438.837145 -13073.617197  -6888.705894    -33.548784  7  5  5  50       
PG28  -5594.548302 -25962.262053   -322.550533   -524.891088  3  7  2  57       
PG29  15750.819243  -7916.318732 -19949.165223   -550.706574  7  4  6  85       
PG30   -172.392456  25617.485997  -6306.416167   -248.061779  3  5  2  35       
PG31 -10550.053228 -22115.100294 -10024.165048   -218.738249  3  2  2  89       
PG32  -6568.448509 -16862.688635  19739.889482   -548.809173  4  8  6  62       
*  2025  1  2 11 30  0.00000000
PG01 -15160.261506   1697.343826  21749.813331 999999.999999 13 11 13           
PG02 -15903.751620    -86.740242  21790.647481   -277.552407  5  6  4  28       
PG03 -21658.272215  10400.518455  11030.553984    637.931047  6  5  6  77       
PG04 -23603.219617   1076.493715 -12266.864081    505.659547  6  4  5  47       
PG05  16623.920924   2920.227523 -20699.049832   -197.826779  7  4  5  70       
PG06   5492.711411  25914.745643    481.755991    -89.515132  5  5  4  73       
PG07  -8779.915015  17107.216665 -17589.875592    -14.032300  5  3  4  72       
PG08 -26150.791173  -5798.433138   1059.684484    452.331752  7  4  5  71       
PG09 -17333.815876   8633.913739 -18303.115832    512.515879  4  4  5  74       
PG10   5170.266035 -20048.673021  16669.666652   -259.717763  2  3  5  74       
PG11  12100.149583  20702.572217 -11443.269574   -752.483945  6  5  2  65       
PG12  22031.074244  -6463.624195  13025.110923   -562.066631  5  4  3  81       
PG13  22054.406508  14115.241172  -5397.204391    692.141005  5  3  4  42       
PG14  -8780.638304  21122.343253  13340.300793    572.251580  2  3  3  76       
PG15  26464.926071   2642.557328    961.306930    246.874279  7  4  4  69       
PG16 -12932.905116  -9126.689517 -21734.602410    -87.905579  6  2  4  94       
PG17  -1477.102596  15537.381689  21879.449421    492.548614  5  5  3  65       
PG18   7347.279995 -19159.789518 -16704.954527   -659.116043  6  4  6  84       
PG19  10149.492176  17266.020607  17520.726190    581.331211  6  4  4  56       
PG20   8312.987267  13806.076622 -21047.194379    367.397733  8  5  3  63       
PG21 -17142.597418  -8062.236608  19411.402366     99.662215  5  4  2  62       
PG22  -2295.934777  18882.677613  19046.742312    -90.065946  3  5  4  46       
PG23  16332.989555 -20370.370676   4177.163471    395.852912  4  5  3  90       
PG24  16676.353851   2478.976191  20137.365140   -468.018578  4  2  5  68       
PG25  19717.888898 -17393.682952   2170.938467    497.336753  4  4  4  80       
PG26  -4491.839984 -17234.695814 -19777.735927    -32.196964  4  5  4  63       
PG27 -21528.883901 -12998.394351  -9509.524548    -33.548423  6  5  5  77       
PG28  -5317.080300 -25897.650815   2530.360740   -524.900153  3  7  2  73       
PG29  17735.115641  -6981.478328 -18594.219722   -550.703409  7  4  6  75       
PG30   -680.565175  24804.920573  -8938.081686   -248.054307  3  5  3  61       
PG31 -10459.819180 -23125.779723  -7403.664570   -218.737698  3  2  2  68       
PG32  -4381.872978 -16251.863252  20823.125304   -548.803305  3  8  6  71       
*  2025  1  2 11 45  0.00000000
PG01 -15608.938281   -734.234627  21484.816671 999999.999999 13 11 13           
PG02 -16688.768351  -2299.643133  21088.933675   -277.544216  5  6  4  65       
PG03 -20767.067703   9277.669554  13454.458839    637.938273  6  5  6  83       
PG04 -24755.247649    531.699450  -9799.568801    505.664866  7  4  5  50       
PG05  15085.827865   4730.280050 -21527.354477   -197.827739  7  4  4  48       
PG06   5262.795142  25753.764645   3389.205256    -89.539955  4  5  4  63       
PG07  -9545.961317  15022.828927 -19034.283970    -14.031523  5  3  4  80       
PG08 -26073.320889  -6037.431473  -1747.816815    452.339257  7  3  5  63       
PG09 -19228.113095   8046.326675 -16596.457170    512.529792  5  4  5  65       
PG10   6506.494104 -21199.808407  14591.965915   -259.732154  1  2  5  76       
PG11  12156.250341  21887.729198  -8912.170828   -752.483545  6  5  1  54       
PG12  20924.348223  -5208.848804  15189.030370   -562.068337  5  4  3  77       
PG13  21299.107556  14003.774354  -8124.785173    692.142306  5  3  4  76       
PG14  -9964.981591  21910.465430  11005.404426    572.258136  2  2  2  59       
PG15  26441.198479   2950.577205  -1839.845606    246.878384  7  4  4  42       
PG16 -11095.795805 -10706.532889 -21992.286605    -87.896788  6  2  4  70       
PG17  -3797.366961  14816.995676  22120.688652    492.533613  5  5  4  73       
PG18   7990.173208 -17238.696241 -18431.073542   -659.115174  5  4  5  78       
PG19   8138.571496  16639.404073  19056.637746    581.335385  6  4  3  63       
PG20   6917.060535  15730.718080 -20199.830613    367.397412  8  5  2  28       
PG21 -17801.641448  -9985.918648  17931.453602     99.663846  5  4  3  62       
PG22  -3903.606096  20094.750674  17473.731014    -90.067790  4  5  4  55       
PG23  16697.069935 -20453.839459   1287.644209    395.859705  4  5  3  75       
PG24  17425.551636   4698.428841  19141.355474   -468.015279  4  2  5  71       
PG25  19632.646670 -16852.133323   4978.662114    497.336291  4  4  4  44       
PG26  -2978.600682 -18811.358880 -18542.919876    -32.210291  4  5  4  63       
PG27 -20342.526130 -12900.929550 -11972.557479    -33.548062  6  4  5  65       
PG28  -4943.152985 -25540.898926   5339.712632   -524.909234  3  7  3  75       
PG29  19604.569497  -6210.571384 -16921.715471   -550.700519  8  4  6  42       
PG30  -1303.280666  23736.906590 -11412.654597   -248.046812  3  5  3  26       
PG31 -10345.593281 -23845.367416  -4654.011210   -218.736898  3  2  2  85       
PG32  -2066.259191 -15733.552885  21556.605676   -548.797457  1  7  5  62       
*  2025  1  2 12  0  0.00000000
PG01 -16170.689128  -3089.925004  20850.399850 999999.999999 12 10 13           
PG02 -17553.534674  -4376.269939  20041.418217   -277.536049  5  6  5  58       
PG03 -19765.747105   7908.063722  15643.291600    637.945498  5  5  6  61       
PG04 -25653.722417    114.861753  -7164.919162    505.670280  8  4  6  47       
PG05  13604.103815   6679.019697 -21991.395883   -197.828938  8  4  4  76       
PG06   4923.468434  25294.339034   6237.954129    -89.564780  4  4  4  82       
PG07 -10459.470150  12839.469473 -20131.986230    -14.031080  4  4  4  77       
PG08 -25700.048323  -6230.985172  -4526.106427    452.346666  7  3  5  53       
PG09 -20945.331332   7593.382753 -14606.874425    512.543691  5  4  6  47       
PG10   7614.571906 -22236.919949  12262.769494   -259.746611  1  2  4  68       
PG11  12192.373583  22784.486422  -6227.952203   -752.483105  5  5  2  47       
PG12  19718.977055  -3732.895218  17086.029189   -562.070691  5  4  3  79       
PG13  20257.850775  13834.514732 -10715.553267    692.143533  6  2  5  58       
PG14 -10924.676330  22552.203462   8479.102449    572.264713  3  3  2  62       
PG15  26120.606049   3243.728875  -4609.766203    246.882219  7  4  5  63       
PG16  -9336.093429 -12390.436284 -21884.013359    -87.888330  6  2  4  75       
PG17  -6157.414193  14222.061587  21995.268928    492.518482  5  5  4  69       
PG18   8789.530328 -15186.535464 -19836.833569   -659.114248  5  4  5  88       
PG19   5944.418619  16074.563106  20265.177934    581.339508  6  4  3  54       
PG20   5682.091767  17623.726241 -19003.320080    367.397128  8  5  1  41       
PG21 -18489.983714 -11703.278455  16163.144428     99.665374  5  4  4  61       
PG22  -5307.279373  21258.412920  15611.701912    -90.069707  4  5  4  51       
PG23  16845.667584 -20301.498120  -1624.348482    395.866489  5  5  3  76       
PG24  18221.732346   6753.287487  17806.414755   -468.011984  5  2  5  51       
PG25  19372.774487 -16062.958268   7698.583166    497.335802  4  4  4  52       
PG26  -1630.684394 -20333.652262 -16989.798030    -32.223626  4  5  4  77       
PG27 -18894.381884 -12818.114432 -14237.228679    -33.547737  6  4  5  82       
PG28  -4440.460692 -24911.356829   8057.128995   -524.918377  3  7  3  60       
PG29  21314.395031  -5595.473212 -14960.348204   -550.697524  8  4  6  67       
PG30  -2063.819464  22444.019004 -13686.546074   -248.039346  4  5  3  57       
PG31 -10169.586143 -24268.471428  -1822.877387   -218.736353  3  2  2  79       
PG32    335.936683 -15328.185561  21927.696291   -548.791578  1  7  5  82       
*  2025  1  2 12 15  0.00000000
PG01 -16825.392395  -5325.765255  19857.467265 999999.999999 12 11 12           
PG02 -18467.675250  -6283.024507  18665.533737   -277.527667  5  5  4           
PG03 -18699.225961   6298.120427  17558.570639    637.952672  5  5  6  64       
PG04 -26272.569023   -203.725932  -4407.988132    505.675618  8  4  6  49       
PG05  12213.415108   8732.106678 -22083.262421   -197.829549  8  3  4  35       
PG06   4441.535134  24559.512039   8978.778258    -89.589590  3  4  4  75       
PG07 -11517.638812  10606.985957 -20863.351522    -14.030395  4  4  3  52       
PG08 -25032.473395  -6415.573090  -7228.810969    452.354057  7  3  5  68       
PG09 -22447.020234   7255.007061 -12368.181457    512.557600  6  4  6  50       
PG10   8497.550702 -23115.251746   9721.384615   -259.761001  1  1  4  77       
PG11  12169.866578  23386.680058  -3436.795617   -752.482549  5  4  2  61       
PG12  18458.733546  -2045.156518  18682.167052   -562.072348  6  4  3  44       
PG13  18939.318568  13647.013952 -13126.190991    692.144654  6  1  5  72       
PG14 -11668.606764  23009.645191   5805.126665    572.271319  2  3  2  52       
PG15  25510.219871   3557.165920  -7301.819829    246.886450  7  4  5   5       
PG16  -7686.411153 -14144.488909 -21410.215264    -87.879587  6  2  4  32       
PG17  -8511.232758  13762.432798  21505.782406    492.502981  5  5  4  64       
PG18   9749.171640 -13051.393707 -20898.301759   -659.113385  6  4  5  68       
PG19   3604.879455  15599.298371  21124.228558    581.344143  5  3  3  38       
PG20   4617.100026  19439.161439 -17478.801991    367.396833  7  5  1  62       
PG21 -19172.155178 -13193.256880  14135.921704     99.666761  5  4  3  65       
PG22  -6498.765792  22331.627352  13491.151362    -90.071912  5  5  5  42       
PG23  16809.279626 -19888.847777  -4507.967868    395.873305  5  5  4  85       
PG24  19032.325606   8612.594290  16157.917374   -468.008715  5  2  5  32       
PG25  18973.824566 -15015.081352  10282.280256    497.335298  4  4  5  65       
PG26   -455.365686 -21758.396092 -15143.904811    -32.236976  4  5  4  82       
PG27 -17206.691480 -12784.099439 -16266.218202    -33.547409  6  3  5  81       
PG28  -3781.401871 -24035.850888  10635.804630   -524.927340  3  7  4  63       
PG29  22823.397471  -5120.391593 -12743.681411   -550.694670  9  4  5  59       
PG30  -2979.229438  20962.646095 -15719.745782   -248.031869  4  4  3  49       
PG31  -9894.771716 -24398.588886   1040.265418   -218.735731  3  2  2  60       
PG32   2778.897763 -15048.882783  21929.692127   -548.785730  1  6  5  67       
*  2025  1  2 12 30  0.00000000
PG01 -17546.246257  -7402.422415  18523.082306 999999.999999 12 12 12           
PG02 -19395.993300  -7992.643166  16983.814677   -277.519667  5  4  4  54       
PG03 -17611.959883   4463.383389  19166.619156    637.959852  4  5  5  78       
PG04 -26593.422525   -457.954683  -1575.864755    505.681049  9  4  7  47       
PG05  10942.347841  10849.671347 -21801.232386   -197.830877  8  3  4   8       
PG06   3789.177161  23579.942058  11564.443706    -89.614364  3  3  3  69       
PG07 -12709.351426   8375.108235 -21215.824411    -14.029785  3  4  3  49       
PG08 -24080.276750  -6627.003691  -9810.851781    452.361458  6  2  5  65       
PG09 -23700.444762   7004.969638  -9918.438746    512.571524  6  4  6  16       
PG10   9166.978630 -23792.973430   7011.136841   -259.775410  1  1  3  54       
PG11  12050.596104  23696.991288   -586.659895   -752.482090  5  4  3  58       
PG12  17186.535372   -163.672687  19948.806666   -562.074735  6  4  3  85       
PG13  17360.568634  13479.259518 -15316.470100    692.145679  6  1  5  69       
PG14 -12213.203926  23249.020999   3029.929047    572.277923  3  3  2  60       
PG15  24625.033775   3924.375425  -9871.193809    246.890308  7  4  5  51       
PG16  -6173.347549 -15929.675323 -20577.276746    -87.871198  6  2  4  55       
PG17 -10812.130768  13440.035058  20660.599957    492.487933  4  5  5  60       
PG18  10864.505893 -10882.317816 -21597.633795   -659.112474  6  4  5  77       
PG19   1163.221475  15234.989320  21617.561498    581.348247  5  3  3  67       
PG20   3722.838280  21131.553237 -15653.024832    367.396662  7  4  2  57       
PG21 -19810.202825 -14442.239637  11882.876933     99.667694  5  4  3  47       
PG22  -7477.869203  23272.634239  11146.791662    -90.073776  5  5  5  67       
PG23  16623.620886 -19199.270035  -7312.830820    395.880086  6  5  4  79       
PG24  19821.268693  10252.943285  14226.564613   -468.005442  4  2  4  57       
PG25  18474.306148 -13706.001856  12683.501482    497.334815  4  3  5  65       
PG26    547.784026 -23043.027801 -13036.045490    -32.250336  4  5  4  84       
PG27 -15308.624211 -12828.918878 -18025.996690    -33.547045  6  3  5  92       
PG28  -2944.350650 -22947.636175  13031.314547   -524.936445  3  7  4  55       
PG29  24095.440360  -4762.643658 -10309.582085   -550.691479  9  3  4  47       
PG30  -4059.440439  19333.603668 -17476.572348   -248.024389  4  4  3  34       
PG31  -9486.558815 -24247.937362   3885.048290   -218.735215  2  2  2  69       
PG32   5214.963049 -14900.957990  21561.952839   -548.779833  2  6  5  79       
*  2025  1  2 12 45  0.00000000
PG01 -18300.809624  -9286.508692  16870.175900 999999.999999 12 13 11           
PG02 -20299.746319  -9484.999361  15023.583769   -277.511599  5  4  3  64       
PG03 -16546.173116   2428.123203  20439.194365    637.967009  4  5  5  82       
PG04 -26606.298987   -684.404864   1283.132770    505.686385  9  4  7  77       
PG05   9812.426424  12987.651686 -21149.812756   -197.831738  8  3  3  77       
PG06   2945.223485  22392.684010  13950.524790    -89.639150  3  3  3  76       
PG07 -14015.534743   6191.557745 -21184.134394    -14.029162  2  3  3 103       
PG08 -22861.018312  -6898.909394 -12229.126999    452.368845  6  2  5  66       
PG09 -24679.735739   6812.048577  -7299.329910    512.585439  6  4  7  86       
PG10   9642.313100 -24232.873745   4178.656315   -259.789752  2  1  3  90       
PG11  11798.583577  23726.722523   2273.540025   -752.481705  5  4  3  98       
PG12  15942.753569   1885.351294  20863.189191   -562.076375  6  3  3  87       
PG13  15546.514534  13366.131078 -17249.860811    692.146960  6  1  4  89       
PG14 -12581.618659  23242.112284    201.851916    572.284470  3  3  2  82       
PG15  23487.358234   4375.754429 -12275.562720    246.894082  6  4  5  98       
PG16  -4816.593067 -17703.169872 -19397.538715    -87.862659  6  1  4  76       
PG17 -13014.271203  13248.872342  19473.731883    492.472600  4  5  5  72       
PG18  12122.594721  -8727.546984 -21923.350582   -659.111568  7  3  5  65       
PG19  -1333.306058  14995.695645  21735.216084    581.352747  4  3  4  66       
PG20   2991.962722  22657.553477 -13557.851599    367.396114  6  4  2  68       
PG21 -20365.081326 -15444.330946   9440.294539     99.669461  5  5  3  52       
PG22  -8252.235242  24041.491539   8617.069729    -90.075707  5  5  4  85       
PG23  16328.067522 -18224.829053  -9989.938622    395.886875  7  4  5 102       
PG24  20550.493271  11659.101381  12047.695308   -468.002157  4  2  4  98       
PG25  17914.047102 -12142.139025  14859.087015    497.334327  4  3  5  93       
PG26   1386.739222 -24147.208163 -10701.835118    -32.263655  3  5  4  91       
PG27 -13235.349328 -12977.273123 -19487.311558    -33.546702  6  3  4 109       
PG28  -1914.697763 -21685.113083  15202.382455   -524.945498  2  6  5  83       
PG29  25100.731345  -4493.699801  -7699.588158   -550.688499  9  2  4  91       
PG30  -5306.672425  17600.583314 -18926.335673   -248.016915  4  4  4  95       
PG31  -8914.387769 -23836.941556   6661.147485   -218.734547  1  2  2  79       
PG32   7596.220042 -14881.712863  20829.953052   -548.773950  3  5  5  82       
*  2025  1  2 13  0  0.00000000
PG01 -19052.274085 -10951.669440  14927.154675 999999.999999 12 13 10           
PG02 -21138.057929 -10747.663295  12816.585879   -277.503506  5  4  3  82       
PG03 -15540.187531    224.589663  21354.012729    637.974153  3  5  4  77       
PG04 -26309.960929   -920.750307   4120.261044    505.691728  9  5  7  47       
PG05   8837.404035  15099.296828 -20139.684708   -197.832760  7  3  2  72       
PG06   1896.154745  21039.739915  16096.163701    -89.663959  3  3  3  80       
PG07 -15409.867423   4100.268613 -20770.322906    -14.028521  1  3  3  73       
PG08 -21399.563252  -7261.325405 -14443.165893    452.376173  6  2  5  77       
PG09 -25366.793452   6641.391995  -4555.476206    512.599333  6  4  7  58       
PG10   9950.013157 -24403.906033   1273.079247   -259.804082  2  2  3  54       
PG11  11381.561193  23495.254272   5094.766441   -752.481327  5  4  3  67       
PG12  14763.630993   4068.365851  21408.893922   -562.078818  6  3  3  70       
PG13  13529.129687  13337.985683 -18894.083345    692.147988  6  2  4  79       
PG14 -12802.628190  22967.456367  -2629.745222    572.291052  3  3  3  22       
PG15  22125.971552   4937.328650 -14475.687896    246.898034  6  4  5  46       
PG16  -3628.285025 -19419.800752 -17889.217601    -87.854077  6  1  4  83       
PG17 -15074.179540  13175.323091  17964.622423    492.457477  4  5  5  69       
PG18  13502.553407  -6632.795258 -21870.496551   -659.110624  7  3  5  86       
PG19  -3835.086511  14887.549215  21473.772078    581.356654  4  4  4  65       
PG20   2409.520760  23977.511040 -11229.681862    367.396095  6  3  3  55       
PG21 -20798.080039 -16201.378771   6847.185271     99.671110  5  5  3  52       
PG22  -8836.919602  24601.573707   5943.629705    -90.077772  6  5  4  68       
PG23  15963.963063 -16966.735986 -12492.571754    395.893685  7  4  5  78       
PG24  21181.475687  12824.294452   9660.536172   -467.998865  4  3  4  78       
PG25  17332.497928 -10338.814912  16769.842925    497.333842  4  3  5  50       
PG26   2076.560055 -25034.374270  -8181.134421    -32.277006  3  5  3  62       
PG27 -11026.902052 -13247.508577 -20625.622052    -33.546318  6  3  4  97       
PG28   -685.619465 -20290.357474  17111.594946   -524.954530  2  6  5  57       
PG29  25816.878749  -4280.454585  -4958.217196   -550.685952  9  2  3  67       
PG30  -6715.162184  15808.499608 -20043.896284   -248.009411  4  3  4  58       
PG31  -8153.182249 -23193.391367   9319.246515   -218.733994  1  2  2  64       
PG32   9876.117973 -14980.541521  19745.244338   -548.768074  3  4  5  75       
*  2025  1  2 13 15  0.00000000
PG01 -19760.917898 -12379.401883  12727.415178 999999.999999 12 14  8           
PG02 -21869.421306 -11776.197950  10398.569371   -277.495160  5  4  3  64       
PG03 -14626.920946  -2108.056951  21895.159507    637.981304  3  5  3  90       
PG04 -25711.964144  -1204.122546   6887.160355    505.697083  9  5  7  56       
PG05   8022.851460  17136.783246 -18787.555336   -197.833560  7  2  2  44       
PG06    636.805350  19566.437047  17964.759239    -89.688732  3  3  2  62       
PG07 -16859.804940   2139.800192 -19983.593280    -14.027642  1  3  3  70       
PG08 -19727.254954  -7739.402581 -16415.749678    452.383515  6  2  5  85       
PG09 -25751.909666   6456.027711  -1733.698655    512.613194  6  4  7  50       
PG10  10122.342915 -24282.519065  -1654.822418   -259.818409  3  2  3  68       
PG11  10772.389143  23029.204754   7828.690902   -752.480945  4  3  4  64       
PG12  13679.878519   6345.604002  21576.169344   -562.080605  7  3  4  66       
PG13  11346.403672  13419.421314 -20221.597419    692.149218  5  3  4  74       
PG14 -12909.320288  22411.297158  -5415.384155    572.297634  3  4  3  48       
PG15  20575.064430   5629.654400 -16435.949955    246.902196  6  4  5  52       
PG16  -2612.640358 -21033.636360 -16076.232003    -87.845333  6  1  4  98       
PG17 -16952.174571  13198.716679  16157.879306    492.441826  5  5  5  75       
PG18  14976.269591  -4639.650841 -21440.679737   -659.109757  7  3  5  82       
PG19  -6291.864818  14908.467201  20836.506568    581.361071  4  4  4  43       
PG20   1953.735501  25056.908520  -8708.802543    367.395461  5  3  3  86       
PG21 -21072.244196 -16722.753175   4144.803730     99.672621  4  5  3  46       
PG22  -9253.686860  24920.977401   3170.721039    -90.079633  6  5  4  55       
PG23  15572.856805 -15435.456231 -14777.139485    395.900478  8  4  6  77       
PG24  21676.786226  13750.159455   7107.413857   -467.995597  4  3  3  63       
PG25  16767.051947  -8319.870720  18381.341421    497.333401  4  2  6  61       
PG26   2638.642087 -25673.176022  -5517.388414    -32.290378  2  4  3  79       
PG27  -8726.881441 -13650.830142 -21421.480077    -33.545953  6  3  4  85       
PG28    741.456335 -18807.521365  18726.048816   -524.963564  2  6  5  55       
PG29  26229.679634  -4086.676313  -2132.226675   -550.682948  9  2  3   4       
PG30  -8271.219712  14001.805198 -20810.110034   -248.001897  3  3  4  61       
PG31  -7184.591025 -22351.302781  11811.994194   -218.733299  1  2  2  64       
PG32  12011.044517 -15179.342223  18325.326014   -548.762137  3  3  5  46       
*  2025  1  2 13 30  0.00000000
PG01 -20385.685875 -13559.573735  10308.772209 999999.999999 12 14  6           
PG02 -22453.246490 -12574.179983   7808.814653   -277.486925  5  4  3           
PG03 -13832.616457  -4525.092624  22053.373825    637.988435  2  5  4  90       
PG04 -24828.384496  -1569.497068   9536.656457    505.702456  9  5  7  56       
PG05   7366.060551  19052.885803 -17115.915784   -197.834766  6  3  2  80       
PG06   -829.262709  18019.698019  19524.573919    -89.713513  3  3  2  75       
PG07 -18327.867361    342.008541 -18839.996157    -14.027019  1  3  4  36       
PG08 -17880.862573  -8352.299659 -18113.492911    452.390891  6  2  5  89       
PG09 -25834.083474   6218.463651   1117.761502    512.627058  6  4  7  35       
PG10  10195.930713 -23853.713516  -4553.566874   -259.832726  3  2  3  72       
PG11   9950.279500  22361.325484  10428.511298   -752.480527  4  3  4  54       
PG12  12715.509170   8672.469541  21362.126332   -562.082459  7  2  4  62       
PG13   9041.087540  13628.261715 -21210.025517    692.150386  5  3  4  41       
PG14 -12937.608752  21568.241199  -8106.372721    572.304211  3  4  3  41       
PG15  18873.018838   6466.936828 -18124.814399    246.906444  6  4  5  50       
PG16  -1765.886986 -22499.639951 -13987.930792    -87.836983  6  1  4  90       
PG17 -18613.675208  13292.171668  14082.939065    492.426871  6  5  5  60       
PG18  16509.409246  -2784.152699 -20641.996123   -659.108849  8  2  5  61       
PG19  -8654.523890  15048.204624  19833.424968    581.365238  3  4  4  21       
PG20   1597.053393  25867.607039  -6038.679986    367.395229  5  3  4  75       
PG21 -21153.749696 -17024.884638   1376.147926     99.675310  4  5  4  45       
PG22  -9530.060054  24973.784006    344.554405    -90.081750  6  5  3  42       
PG23  15194.747208 -13650.455055 -16803.966363    395.907262  8  4  6  80       
PG24  22001.576248  14446.377130   4432.949105   -467.992335  4  4  3  68       
PG25  16251.456059  -6116.928876  19664.624242    497.332914  4  2  6  45       
PG26   3099.701491 -26038.735227  -2756.876846    -32.303712  2  4  3  78       
PG27  -6381.022134 -14190.774268 -21860.853047    -33.545578  6  4  5  81       
PG28   2356.705727 -17281.166087  20017.920231   -524.972649  1  5  6  59       
PG29  26333.609843  -3874.580267    730.163163   -550.680044  9  3  3  62       
PG30  -9953.610869  12222.843473 -21212.149838   -247.994391  3  3  4  51       
PG31  -5997.962698 -21349.527272  14094.934093   -218.732320  1  3  2  48       
PG32  13961.808977 -15453.225509  16593.422527   -548.756214  3  4  5  55       
*  2025  1  2 13 45  0.00000000
PG01 -20885.834094 -14490.622336   7712.810802 999999.999999 12 14  1           
PG02 -22851.401653 -13152.941522   5089.609471   -277.478869  5  4  4  67       
PG03 -13175.854412  -6977.799640  21826.203686    637.995539  2  5  4  86       
PG04 -23683.235006  -2048.162611  12023.543344    505.707835  8  5  7  36       
PG05   6856.267526  20802.643216 -15152.706937   -197.835113  5  3  1  69       
PG06  -2489.727032  16446.270391  20749.250700    -89.738271  3  4  1  77       
PG07 -19773.126137  -1268.971058 -17361.968627    -14.026549  1  2  4  63       
PG08 -15901.338124  -9112.294815 -19507.379344    452.398238  6  2  4  92       
PG09 -25621.017610   5892.318012   3950.052297    512.640951  6  5  7  59       
PG10  10210.140636 -23111.774489  -7371.924502   -259.847047  4  3  3  82       
PG11   8901.779906  21529.175849  12849.740852   -752.480118  3  3  4  55       
PG12  11886.959928  11001.128429  20770.788341   -562.084770  6  2  3  63       
PG13   6659.271482  13974.798237 -21842.505981    692.151811  5  3  4  61       
PG14 -12924.641454  20441.591061 -10655.696316    572.310852  3  4  3  63       
PG15  17061.065399   7456.389442 -19515.231480    246.910393  6  4  4  67       
PG16  -1076.504834 -23775.333226 -11658.717829    -87.828418  6  2  4  96       
PG17 -20030.339348  13423.669454  11773.668446    492.411587  6  5  5  74       
PG18  18062.668443  -1095.597056 -19488.842861   -659.107937  8  2  5  98       
PG19 -10876.837190  15288.750617  18481.159103    581.369310  3  5  4  70       
PG20   1307.412100  26388.853382  -3265.206428    367.394875  5  3  4  74       
PG21 -21013.191861 -17130.574468  -1414.561937     99.675947  4  5  4  58       
PG22  -9698.149913  24741.131873  -2487.391080    -90.083444  6  5  3  30       
PG23  14866.402409 -11639.592449 -18537.999503    395.914062  8  4  6  80       
PG24  22124.947996  14930.011566   1683.250889   -467.989057  3  4  3  72       
PG25  15814.383145  -3768.330050  20596.788710    497.332506  4  2  6  28       
PG26   3490.533411 -26113.671917     52.110968    -32.317097  2  4  3  90       
PG27  -4035.686326 -14862.963181 -21935.384321    -33.545193  6  4  5  86       
PG28   4142.092729 -15754.592454  20964.945813   -524.981707  1  5  6  53       
PG29  26131.997357  -3606.465994   3580.072247   -550.677178  9  3  3  55       
PG30 -11734.248831  10510.306055 -21243.699747   -247.986924  3  3  4  73       
PG31  -4591.007815 -20230.167829  16127.380839   -218.731524  1  3  3  61       
PG32  15694.976790 -15771.496934  14578.166088   -548.750303  3  4  5  47       
*  2025  1  2 14  0  0.00000000
PG01 -21222.575645 -15179.427234   4984.172796 999999.999999 12 14  4           
PG02 -23029.697084 -13531.037013   2285.670845   -277.470567  4  4  4  57       
PG03 -12666.886432  -9415.195840  21218.028672    638.002597  2  5  4  79       
PG04 -22307.594764  -2666.331538  14305.335403    505.713218  8  4  7  84       
PG05   6475.189984  22344.956875 -12930.894872   -197.836565  4  3  2 108       
PG06  -4323.812366  14890.983991  21618.232621    -89.762978  3  4  2  83       
PG07 -21152.819132  -2677.395908 -15577.749623    -14.025940  1  2  4  95       
PG08 -13832.424487 -10024.149916 -20573.245714    452.405617  6  2  4  78       
PG09 -25128.793704   5443.916535   6714.537885    512.654871  6  5  7  98       
PG10  10205.323032 -22060.643432 -10059.894207   -259.861346  4  3  3 104       
PG11   7621.479397  20573.627801  15050.956499   -752.479696  3  3  4  92       
PG12  11202.537868  13282.236413  19812.997733   -562.087029  6  2  3 105       
PG13   4248.843670  14461.316025 -22107.972033    692.153024  5  3  4  94       
PG14 -12907.166855  19043.341642 -13018.876877    572.317479  4  4  2  92       
PG15  15181.865471   8597.851735 -20584.972071    246.914624  6  4  4  87       
PG16   -525.776342 -24822.405866  -9127.570459    -87.819616  6  2  4  85       
PG17 -21180.995185  13557.329411   9267.902195    492.396500  7  5  5  90       
PG18  19593.220612    404.383482 -18001.626746   -659.106970  8  2  4 113       
PG19 -12917.124945  15605.057788  16802.728603    581.373007  3  5  4  75       
PG20   1049.677878  26608.013154   -435.914154    367.394630  5  3  4  72       
PG21 -20626.749794 -17068.094757  -4182.428490     99.677919  4  5  4  42       
PG22  -9793.301135  24212.055641  -5277.104284    -90.085405  6  5  2  87       
PG23  14619.826194  -9438.192655 -19949.422871    395.920875  8  3  6 117       
PG24  22021.159355  15224.592507  -1094.874352   -467.985786  3  4  3 108       
PG25  15478.229935  -1317.790128  21161.439778    497.332019  4  2  5 102       
PG26   3844.592192 -25888.850824   2860.161033    -32.330473  2  4  3  91       
PG27  -1736.325578 -15655.152662 -21642.586036    -33.544782  6  4  5 101       
PG28   6071.875211 -14268.232492  21550.807344   -524.990756  1  5  6  84       
PG29  25636.871939  -3246.356388   6368.777262   -550.674313  8  3  4  95       
PG30 -13579.163954   8897.856824 -20905.020182   -247.979429  3  3  3  94       
PG31  -2970.116826 -19036.869365  17873.219837   -218.731074  1  3  3  82       
PG32  17184.004093 -16098.881983  12313.184449   -548.744413  4  5  5  90       
*  2025  1  2 14 15  0.00000000
PG01 -21360.663547 -15640.861670   2169.790119 999999.999999 12 14  8           
PG02 -22959.260549 -13733.447675   -556.485742   -277.462277  4  3  5  52       
PG03 -12307.316898 -11785.852781  20239.951451    638.009663  2  5  4  46       
PG04 -20738.481792  -3443.944179  16342.977659    505.718575  7  4  7  77       
PG05   6197.860010  23644.063293 -10487.959541   -197.838222  4  3  2  79       
PG06  -6302.924986  13395.102088  22117.080567    -89.787705  3  5  3  57       
PG07 -22424.020518  -3876.225468 -13520.696622    -14.025302  1  2  5  92       
PG08 -11719.161214 -11084.753148 -21292.206488    452.413010  6  2  5  85       
PG09 -24381.237038   4843.794799   9363.629348    512.668752  6  5  7  97       
PG10  10221.017635 -20713.908162 -12569.670373   -259.875604  5  4  4  99       
PG11   6112.409266  19537.257980  16994.494912   -752.479254  3  3  4  71       
PG12  10662.212560  15466.729994  18506.181704   -562.089076  5  2  3  79       
PG13   1857.883150  15081.922776 -22001.352841    692.154283  5  3  4  85       
PG14 -12919.926659  17393.839285 -15154.780932    572.324050  4  4  2  82       
PG15  13278.064798   9883.673670 -21316.901500    246.918538  6  4  4  69       
PG16    -88.634083 -25608.206566  -6437.451700    -87.811181  6  3  4  98       
PG17 -22052.330937  13654.844643   6606.917755    492.381250  7  5  4  83       
PG18  21056.302280   1702.436577 -16206.375781   -659.106030  7  2  4 105       
PG19 -14739.743650  15966.078995  14827.165771    581.377332  4  5  4  63       
PG20    787.195988  26521.004345   2400.829413    367.394152  4  3  4  69       
PG21 -19977.189737 -16870.100730  -6882.448798     99.678656  5  4  4  53       
PG22  -9852.600922  23384.056225  -7976.815192    -90.087295  5  5  3  83       
PG23  14480.931035  -7087.827165 -21014.167368    395.927716  8  3  6  92       
PG24  21670.624608  15358.983563  -3854.686248   -467.982535  3  5  3  99       
PG25  15258.193505   1187.164437  21348.996063    497.331540  4  3  5  87       
PG26   4196.451412 -25363.811993   5617.660406    -32.343837  2  4  3  75       
PG27    474.035753 -16547.576887 -20985.958463    -33.544346  6  4  6  97       
PG28   8113.414046 -12858.164789  21765.413468   -524.999800  1  5  6  85       
PG29  24868.495916  -2761.576029   9048.529382   -550.671421  7  3  4  60       
PG30 -15449.710268   7412.976069 -20202.886525   -247.971944  3  3  3  91       
PG31  -1150.318141 -17813.057603  19301.609234   -218.730380  2  3  3  72       
PG32  18410.126903 -16396.950871   9836.595361   -548.738513  5  5  4  83       
*  2025  1  2 14 30  0.00000000
PG01 -21269.849172 -15897.040861   -681.922084 999999.999999 11 14 10           
PG02 -22617.753867 -13790.544927  -3389.227974   -277.454075  4  3  5  86       
PG03 -12090.142465 -14039.729275  18909.562333    638.016675  2  5  4  75       
PG04 -19017.511343  -4393.713079  18101.503281    505.723960  6  4  6  46       
PG05   5993.724600  24670.824055  -7865.301640   -197.839082  4  3  3  57       
PG06  -8391.588137  11994.828110  22237.686270    -89.812446  3  5  4  62       
PG07 -23545.293587  -4867.069684 -11228.529616    -14.024627  1  2  5  55       
PG08  -9606.339259 -12283.057035 -21651.012117    452.420391  6  3  5  78       
PG09 -23408.993354   4068.046404  11851.605517    512.682591  6  5  6  82       
PG10  10294.186579 -19094.406635 -14856.575952   -259.889845  5  4  4  86       
PG11   4386.123344  18462.688567  18647.085380   -752.478834  2  3  4  55       
PG12  10257.760946  17507.605567  16873.985367   -562.091011  4  3  3  55       
PG13   -466.957716  15822.688469 -21523.692733    692.155802  6  3  4  45       
PG14 -12994.140954  15521.117876 -17026.359733    572.330719  4  4  2  73       
PG15  11390.865266  11298.867995 -21699.192950    246.922752  6  4  3  68       
PG16    265.219669 -26107.052234  -3634.619433    -87.802810  6  3  3  92       
PG17 -22639.315298  13677.031139   3834.847938    492.366156  7  5  4  54       
PG18  22406.875961   2793.782992 -14134.262871   -659.105102  7  2  3  84       
PG19 -16316.344150  16336.071366  12589.008314    581.381533  5  5  3  73       
PG20    483.394120  26132.417105   5196.632701    367.393691  4  4  4  34       
PG21 -19054.673202 -16572.383890  -9470.114532     99.680771  5  4  4  48       
PG22  -9913.301952  22263.372887 -10539.795581    -90.089283  4  5  3  54       
PG23  14468.470503  -4634.861359 -21714.308358    395.934519  7  2  6  79       
PG24  21060.681453  15366.084544  -6550.237513   -467.979281  3  5  4  71       
PG25  15161.666102   3696.914167  21156.843038    497.331087  4  3  5  60       
PG26   4580.208415 -24546.862781   8275.742434    -32.357205  3  5  3  87       
PG27   2556.242847 -17513.584406 -19975.029490    -33.543924  7  4  6  90       
PG28  10228.254943 -11554.810675  21605.073610   -525.008865  2  4  6  37       
PG29  23854.592844  -2124.208125  11573.360342   -550.668085  7  4  4  59       
PG30 -17303.957767   6076.068051 -19150.406304   -247.964471  4  4  3  36       
PG31    845.122690 -16600.202962  20387.566130   -218.729450  2  4  3  51       
PG32  19362.967299 -16625.692062   7190.411183   -548.732539  5  6  3  48       
*  2025  1  2 14 45  0.00000000
PG01 -20926.159301 -15976.296718  -3521.898540 999999.999999 10 15 11           
PG02 -21990.383240 -13736.842968  -6164.535532   -277.445716  5  3  5  56       
PG03 -12000.145028 -16129.946938  17250.584109    638.023757  2  4  3  75       
PG04 -17189.389131  -5520.444452  19550.628070    505.729366  6  4  6  47       
PG05   5827.974071  25403.782734  -5107.574268   -197.839964  4  3  3  51       
PG06 -10548.641861  10720.022923  21978.379347    -89.837187  3  5  4  45       
PG07 -24478.259379  -5659.793028  -8742.527667    -14.024005  1  3  5  38       
PG08  -7536.958702 -13600.319307 -21642.332948    452.427791  6  4  5  82       
PG09 -22248.351480   3099.463151  14135.409479    512.696390  6  5  6  63       
PG10  10457.554394 -17233.457749 -16879.937387   -259.904214  6  4  4  92       
PG11   2462.454102  17390.939930  19980.409717   -752.478387  3  3  4  55       
PG12   9973.255120  19361.612887  14945.783235   -562.093383  3  3  3  24       
PG13  -2682.024676  16662.094266 -20682.184666    692.157014  6  3  3  47       
PG14 -13156.147899  13459.939628 -18601.306513    572.337327  4  4  3  72       
PG15   9558.659996  12821.523896 -21725.481557    246.926619  6  4  3  67       
PG16    569.959471 -26301.296143   -767.839949    -87.794079  6  3  3  89       
PG17 -22945.329128  13585.437948    998.033830    492.350119  6  5  4  67       
PG18  23601.306835   3682.178480 -11821.051542   -659.104212  7  2  3  62       
PG19 -17626.842697  16676.114395  10127.668773    581.385678  5  6  3  35       
PG20    103.377501  25455.317226   7903.884469    367.393285  4  4  4  48       
PG21 -17857.338699 -16212.499928 -11902.041315     99.681825  6  4  4  68       
PG22 -10011.217568  20864.938362 -12921.175682    -90.091223  4  6  4  66       
PG23  14593.271977  -2128.823985 -22038.345209    395.941371  7  2  6  77       
PG24  20186.104059  15281.419090  -9137.057821   -467.976001  2  5  4  67       
PG25  15187.972493   6161.541688  20589.331933    497.330673  4  4  4  26       
PG26   5027.901823 -23454.823341  10787.228538    -32.370601  3  5  3  67       
PG27   4476.326522 -18520.549450 -18625.307578    -33.543499  7  5  6  85       
PG28  12373.441813 -10381.861302  21072.561146   -525.017924  3  4  6  30       
PG29  22629.302121  -1312.373573  13899.863959   -550.665467  6  4  4  59       
PG30 -19098.212962   4899.863468 -17766.722839   -247.956955  4  4  2  71       
PG31   2985.445019 -15436.184560  21112.423055   -218.728950  2  4  3  61       
PG32  20040.828613 -16745.175932   4419.859455   -548.726617  6  6  4  27       
*  2025  1  2 15  0  0.00000000
PG01 -20312.941831 -15911.919222  -6301.268731 999999.999999  9 15 12           
PG02 -21070.660304 -13609.579510  -8834.770243   -277.437928  5  3  6  41       
PG03 -12014.618912 -18014.437697  15292.406911    638.030819  1  4  3  81       
PG04 -15300.295258  -6820.664112  20665.272269    505.734765  5  5  5  62       
PG05   5663.049767  25829.945975  -2261.947759   -197.840996  4  4  4  42       
PG06 -12728.661048   9593.179209  21343.928731    -89.861986  3  6  5  49       
PG07 -25189.021691  -6271.804836  -6106.701579    -14.023501  2  3  5  60       
PG08  -5550.744876 -15010.643890 -21264.960724    452.435198  6  4  6  75       
PG09 -20939.855766   1928.420817  16175.406393    512.710260  6  5  5  79       
PG10  10738.127945 -15169.749785 -18603.878413   -259.918459  6  4  4  96       
PG11    368.953053  16359.857528  20971.580550   -752.477889  3  4  4  27       
PG12   9785.868474  20990.793886  12756.083442   -562.095420  2  3  3  30       
PG13  -4748.130902  17571.778288 -19490.114278    692.158214  6  4  2  59       
PG14 -13426.252993  11250.580396 -19852.618280    572.343946  4  4  2  49       
PG15   7815.774806  14423.468342 -21394.959442    246.930939  5  4  3  70       
PG16    862.099525 -26182.103108   2112.482451    -87.785603  6  4  3  88       
PG17 -22981.997435  13343.961734  -1855.678473    492.334882  6  5  3  50       
PG18  24598.990276   4379.549928  -9306.474245   -659.103326  6  3  3  85       
PG19 -18660.061590  16945.778289   7486.693885    581.389730  5  6  2  26       
PG20   -384.544736  24510.742475  10476.539767    367.392928  3  4  4  43       
PG21 -16391.629973 -15828.311003 -14136.625941     99.683291  7  4  4  59       
PG22 -10179.150847  19212.009041 -15078.762828    -90.093032  4  6  4  76       
PG23  14857.797724    379.334994 -21981.360253    395.948166  6  2  6  56       
PG24  19049.351168  15141.659863 -11572.790181   -467.972734  2  5  4  67       
PG25  15328.457621   8532.626664  19657.628223    497.330202  4  4  4  55       
PG26   5568.010992 -22112.433401  13107.542821    -32.384077  3  5  4  77       
PG27   6206.643321 -19531.032702 -16958.141699    -33.543076  7  5  6  59       
PG28  14503.011582  -9355.476700  20177.064803   -525.026958  4  4  6  43       
PG29  21231.898057   -311.281939  15987.940263   -550.662564  5  4  4  69       
PG30 -20788.606192   3889.135533 -16076.615365   -247.949431  4  5  3  55       
PG31   5233.443112 -14353.824099  21464.145184   -218.728093  2  4  3  68       
PG32  20450.662941 -16717.244569   1572.627769   -548.720662  6  6  4  48       
*  2025  1  2 15 15  0.00000000
PG01 -19421.639070 -15740.713783  -8972.198845 999999.999999  8 15 12           
PG02 -19860.877186 -13447.171826 -11353.479069   -277.429754  6  2  6  62       
PG03 -12104.399611 -19657.399392  13069.525049    638.037918  2  4  3  77       
PG04 -13396.218940  -8282.564046  21426.000830    505.740136  4  6  4  76       
PG05   5460.274427  25945.255548    622.682028   -197.842062  4  4  4  79       
PG06 -14883.538005   8628.689453  20345.440296    -89.886616  3  6  5  49       
PG07 -25649.398609  -6727.077435  -3366.963471    -14.022654  3  4  5  29       
PG08  -3682.777965 -16481.808535 -20523.919631    452.442622  7  5  6  79       
PG09 -19526.760948    553.473490  17936.088414    512.724053  6  5  5  65       
PG10  11155.961427 -12947.933072 -19998.012090   -259.932774  6  4  4  92       
PG11  -1859.964270  15402.672707  21603.530446   -752.477429  4  4  5  75       
PG12   9666.962188  22363.805803  10343.841432   -562.097574  1  3  3  38       
PG13  -6631.870499  18517.555538 -17966.711218    692.159476  5  4  2  66       
PG14 -13817.833644   8937.409589 -20759.052252    572.350554  4  4  3  25       
PG15   6191.356102  16071.154705 -20712.411039    246.934940  5  4  3  46       
PG16   1178.833651 -25749.890149   4955.243583    -87.777279  6  4  3  84       
PG17 -22768.720860  12920.406707  -4677.691690    492.319836  5  5  2  49       
PG18  25363.869919   4905.322857  -6633.554194   -659.102406  6  4  3  72       
PG19 -19414.010338  17104.870833   4712.930953    581.393935  6  6  2  36       
PG20  -1007.459280  23326.911990  12870.876018    367.392728  4  5  4  60       
PG21 -14672.348870 -15456.487318 -16134.727577     99.685461  7  4  5  61       
PG22 -10445.420891  17335.474517 -16973.845711    -90.094979  4  6  4  79       
PG23  15256.048679   2839.029254 -21545.057328    395.955013  6  3  6  72       
PG24  17660.547087  14983.143000 -13817.777323   -467.969436  2  5  5  80       
PG25  15566.915925  10764.964269  18379.418322    497.329726  5  4  3  78       
PG26   6224.103327 -20551.443725  15195.576061    -32.397437  3  5  4  64       
PG27   7726.793881 -20504.155658 -15000.482416    -33.542630  7  6  6  82       
PG28  16569.613267  -8483.787260  18934.029173   -525.035970  4  5  6  49       
PG29  19705.321033    885.987660  17801.489652   -550.659637  5  4  4  56       
PG30 -22332.682929   3040.735375 -14110.007253   -247.941931  4  5  2  58       
PG31   7546.777256 -13379.650682  21437.503557   -218.727401  2  4  3  55       
PG32  20607.706823 -16507.160569  -1301.956026   -548.714710  6  6  4  59       
*  2025  1  2 15 30  0.00000000
PG01 -18252.258066 -15501.431004 -11488.716151 999999.999999  5 15 13           
PG02 -18372.267100 -13287.602740 -13676.218531   -277.421493  6  2  6  54       
PG03 -12235.149547 -21030.504418  10620.889379    638.045003  2  4  3  77       
PG04 -11521.306326  -9886.274031  21819.374134    505.745574  4  6  4  65       
PG05   5181.542626  25754.729400   3496.529832   -197.843539  4  4  4  67       
PG06 -16964.170222   7832.432936  19000.153691    -89.911395  3  6  5  65       
PG07 -25837.921454  -7054.941471   -570.310745    -14.022205  3  4  4  73       
PG08  -1962.288838 -17976.354817 -19430.479239    452.450086  7  6  6  94       
PG09 -18053.388733  -1018.369517  19386.713103    512.737857  6  6  4  63       
PG10  11723.220258 -10616.977162 -21038.013741   -259.947077  6  4  5  91       
PG11  -4184.137473  14546.751983  21865.305650   -752.477035  5  5  5  58       
PG12   9583.402823  23456.978127   7751.701482   -562.099417  1  3  3  78       
PG13  -8306.726655  19460.679022 -16136.905132    692.160588  5  4  1  67       
PG14 -14336.733596   6567.322575 -21305.469900    572.357241  3  5  3  67       
PG15   4708.441423  17726.751839 -19688.187033    246.938670  5  4  3  78       
PG16   1556.321741 -25014.404520   7709.624719    -87.768718  6  4  3  78       
PG17 -22331.916362  12287.930009  -7419.453952    492.304464  4  4  2  58       
PG18  25865.790636   5285.468381  -3847.881942   -659.101546  5  4  3  61       
PG19 -19895.794999  17115.187033   1855.621836    581.398085  6  6  2  57       
PG20  -1786.626825  21938.179178  15046.208559    367.392584  5  6  4  65       
PG21 -12722.417537 -15131.017882 -17860.365984     99.686981  7  4  5  55       
PG22 -10832.548905  15272.863914 -18571.965847    -90.097266  4  6  4  72       
PG23  15773.811337   5201.794157 -20737.682529    395.961859  5  4  6  84       
PG24  16037.201559  14840.421700 -15835.596957   -467.966189  1  5  5  74       
PG25  15880.338242  12818.136353  16778.487305    497.329264  5  5  3  74       
PG26   7013.688981 -18809.430313  17014.477008    -32.410799  3  5  5  39       
PG27   9024.279831 -21397.143112 -12784.539473    -33.542237  7  7  6  77       
PG28  18526.189287  -7766.716337  17364.887091   -525.045029  5  4  6  25       
PG29  18094.575850   2278.007873  19309.044907   -550.656645  5  5  4  67       
PG30 -23690.937584   2343.939670 -11901.395118   -247.934442  4  5  2  46       
PG31   9879.488107 -12532.945980  21034.104250   -218.726527  2  5  3  64       
PG32  20534.794381 -16085.147263  -4153.794545   -548.708727  6  6  5  49       
*  2025  1  2 15 45  0.00000000
PG01 -16813.519138 -15233.130277 -13807.501411 999999.999999  1 15 13           
PG02 -16624.832292 -13166.797058 -15761.386068   -277.413136  7  3  6  59       
PG03 -12368.846795 -22113.817171   7989.189985    638.052116  3  4  3  76       
PG04  -9716.283734 -11604.450540  21838.202172    505.750964  3  7  3  67       
PG05   4791.004964  25272.262258   6309.787574   -197.844955  3  5  5  66       
PG06 -18922.190597   7201.695248  17331.142586    -89.936187  3  6  5  51       
PG07 -25740.573247  -7288.712979   2235.961560    -14.021080  4  5  4  26       
PG08   -411.669639 -19452.905474 -18002.062546    452.457538  7  7  6  86       
PG09 -16563.449842  -2771.697897  20501.862513    512.751684  7  6  3  23       
PG10  12443.583743  -8228.363341 -21706.061405   -259.961411  6  4  5  91       
PG11  -6559.003393  13812.582376  21752.259457   -752.476566  6  6  5  58       
PG12   9499.053105  24255.065316   5025.185224   -562.101520  1  3  3  69       
PG13  -9753.930832  20359.299576 -14030.984728    692.161802  5  5  1  67       
PG14 -14980.969337   4188.088663 -21483.064384    572.363878  3  5  4  48       
PG15   3383.244286  19349.400812 -18338.114316    246.942771  5  4  2  41       
PG16   2027.997290 -23994.426776  10326.100907    -87.760146  6  4  3  79       
PG17 -21703.987971  11426.313967 -10033.287875    492.289171  4  4  3  51       
PG18  26081.637363   5551.307524   -996.857976   -659.100628  5  4  2  69       
PG19 -20121.160244  16942.185326  -1034.552407    581.401937  6  5  3  69       
PG20  -2736.484297  20383.767642  16965.555758    367.392417  6  6  5  74       
PG21 -10572.342801 -14881.784294 -19281.426209     99.688414  8  4  4  75       
PG22 -11356.162880  13067.079895 -19843.636268    -90.098879  5  5  3  76       
PG23  16389.234591   7422.950795 -19573.831997    395.968719  5  5  5  54       
PG24  14203.682038  14744.905797 -17593.545694   -467.962884  2  5  5  56       
PG25  16239.938618  14657.873027  14884.183707    497.328797  5  5  3  73       
PG26   7947.333023 -16928.382134  18532.351150    -32.424205  3  5  5  63       
PG27  10094.867393 -22166.979656 -10347.333188    -33.541843  7  7  6  91       
PG28  20327.654569  -7196.130154  15496.688530   -525.054080  6  5  5  41       
PG29  16445.057816   3854.847548  20484.329586   -550.653375  5  5  4  65       
PG30 -24828.232087   1781.091495  -9489.212177   -247.926952  4  6  3  47       
PG31  12183.648608 -11825.105552  20262.277832   -218.725895  2  5  2  55       
PG32  20261.370809 -15427.755331  -6932.926220   -548.702779  5  6  5  32       
*  2025  1  2 16  0  0.00000000
PG01 -15122.676215 -14973.541143 -15888.635581 999999.999999  1 14 13           
PG02 -14646.833215 -13117.053070 -17571.040881   -277.404965  7  4  6  88       
PG03 -12465.415522 -22896.388398   5220.084618    638.059236  3  5  4  57       
PG04  -8017.016295 -13403.163186  21481.696427    505.756409  2  7  4  54       
PG05   4256.678574  24520.089679   9013.505862   -197.845712  3  5  5  68       
PG06 -20711.676164   6725.421661  15366.923547    -89.961004  3  6  5  48       
PG07 -25351.249902  -7464.209105   5005.009538    -14.020324  4  5  4  65       
PG08    954.258748 -20867.664049 -16262.043678    452.464966  7  7  7  93       
PG09 -15098.397203  -4683.086443  21261.911384    512.765497  6  6  3  66       
PG10  13312.010574  -5834.190216 -21991.134936   -259.975721  6  4  5  88       
PG11  -8937.111453  13213.031617  21266.141644   -752.476042  6  6  5  43       
PG12   9376.372332  24751.670877   2211.846409   -562.103778  1  3  3  69       
PG13 -10963.037099  21170.073307 -11684.159763    692.162962  5  5  2  85       
PG14 -15740.757603   1846.680177 -21289.470019    572.370496  2  5  4  53       
PG15   2224.679493  20896.600959 -16683.338534    246.946766  5  4  2  64       
PG16   2622.972317 -22717.103954  12757.445189    -87.751833  6  4  3  59       
PG17 -20922.059791  10323.010385 -12473.239116    492.274255  3  3  3  19       
PG18  25996.218874   5738.119167   1871.087423   -659.099753  5  4  2  57       
PG19 -20113.685727  16556.517759  -3906.451645    581.406045  6  5  4  54       
PG20  -3863.908404  18706.337215  18596.244602    367.391278  6  7  5  67       
PG21  -8259.385284 -14733.254107 -20370.355277     99.689531  8  4  4  76       
PG22 -12024.173076  10764.904301 -20764.986664    -90.101110  5  5  3  85       
PG23  17073.710655   9463.113631 -18074.153457    395.975533  5  5  4  82       
PG24  12190.458502  14723.630326 -19063.071842   -467.959582  1  5  5  14       
PG25  16612.412155  16257.153690  12730.789706    497.328331  5  5  3  69       
PG26   9028.063154 -14953.123389  19722.850305    -32.437589  3  5  5  25       
PG27  10942.635760 -22772.118769  -7730.139472    -33.541368  6  7  6  76       
PG28  21932.508959  -6756.308492  13361.632419   -525.063138  6  5  5  23       
PG29  14800.870437   5598.247966  21306.732177   -550.650448  5  5  4  78       
PG30 -25715.047208   1328.504630  -6915.139466   -247.919474  5  6  3  53       
PG31  14411.083448 -11259.337197  19136.837370   -218.725212  2  5  3  58       
PG32  19822.242433 -14518.996311  -9590.446821   -548.696803  5  5  5  71       
*  2025  1  2 16 15  0.00000000
PG01 -13205.015291 -14757.486399 -17696.287829 999999.999999  4 14 13           
PG02 -12473.946398 -13165.595294 -19071.694045   -277.396986  8  4  6  74       
PG03 -12484.432531 -23376.507796   2361.388580    638.066324  4  5  5  71       
PG04  -6453.257466 -15243.047439  20755.515007    505.761865  1  6  4  66       
PG05   3551.918137  23527.933074  11560.473607   -197.847038  3  5  5  57       
PG06 -22290.772356   6384.793568  13140.979748    -89.985849  4  6  5  56       
PG07 -24671.937825  -7618.209605   7691.143067    -14.019773  4  5  4  67       
PG08   2128.688664 -22176.042777 -14239.431763    452.472407  7  8  6  91       
PG09 -13695.875242  -6721.800469  21653.394358    512.779382  6  6  2  71       
PG10  14314.874399  -3485.273025 -21889.169528   -259.990065  6  5  6  63       
PG11 -11269.755959  12752.911768  20415.081806   -752.475549  6  7  5  45       
PG12   9178.060127  24949.332497   -639.589461   -562.105763  1  3  3  63       
PG13 -11932.185230  21849.858325  -9136.027628    692.164022  4  5  2  68       
PG14 -16598.859951   -412.352249 -20728.754927    572.377152  2  5  4  70       
PG15   1234.148731  22325.681978 -14750.095277    246.950819  4  5  2  59       
PG16   3364.613489 -21216.936079  14959.700026    -87.743132  6  4  4  17       
PG17 -20026.514351   8973.908225 -14695.928765    492.259386  3  3  3  18       
PG18  25602.864971   5883.604452   4707.285909   -659.098882  4  4  1  54       
PG19 -19903.674079  15935.348865  -6709.456521    581.410230  6  4  5  54       
PG20  -5167.768310  16950.433147  19910.448409    367.391387  7  7  5  56       
PG21  -5826.447139 -14703.351093 -21104.832431     99.690887  8  4  4  79       
PG22 -12836.260812   8415.331369 -21318.314209    -90.102847  5  5  2  86       
PG23  17793.022953  11289.486483 -16264.949740    395.982379  4  5  4  72       
PG24  10033.146966  14798.191481 -20220.157338   -467.956291  1  4  5  65       
PG25  16961.366810  17597.009483  10356.816289    497.327888  5  5  3  71       
PG26  10251.097301 -12929.638245  20565.640116    -32.450942  3  5  6  62       
PG27  11579.699896 -23174.177769  -4977.831500    -33.540980  5  7  5  87       
PG28  23304.321083  -6424.717149  10996.509518   -525.072192  6  5  4  62       
PG29  13203.199369   7482.126901  21761.686507   -550.646962  5  5  4  81       
PG30 -26328.522186    957.592411  -4223.378354   -247.912004  4  6  3  54       
PG31  16515.085070 -10830.702017  17678.716412   -218.724689  2  5  3  57       
PG32  19256.111709 -13351.192015 -12079.426917   -548.690848  4  5  5  71       
*  2025  1  2 16 30  0.00000000
PG01 -11093.049711 -14615.428534 -19199.333028 999999.999999  7 14 13           
PG02 -10148.113135 -13333.313322 -20235.045593   -277.388671  8  5  6  80       
PG03 -12386.842549 -23561.609789   -537.758483    638.073458  5  5  5  61       
PG04  -5047.638176 -17080.681810  19671.698127    505.767293  1  6  5  44       
PG05   2656.686049  22331.856566  13906.077999   -197.848083  3  5  5  75       
PG06 -23623.173039   6154.105489  10691.206625    -90.010670  4  5  5  60       
PG07 -23712.611257  -7786.919426  10250.477908    -14.018976  4  5  3  45       
PG08   3112.953737 -23334.357334 -11968.439978    452.479849  7  8  6  77       
PG09 -12388.326869  -8850.795116  21669.263966    512.793249  6  6  1  48       
PG10  15430.459963  -1229.316157 -21403.064059   -260.004390  6  5  6  64       
PG11 -13508.664310  12428.863481  19213.465964   -752.475129  6  7  5  55       
PG12   8868.677524  24859.271782  -3480.083225   -562.108073  1  3  3  55       
PG13 -12668.037130  22357.437023  -6429.948439    692.165303  3  6  3  60       
PG14 -17531.227859  -2548.396001 -19811.300430    572.383755  2  5  4  69       
PG15    405.599064  23595.314571 -12569.405745    246.954967  4  5  2  41       
PG16   4269.356628 -19534.456710  16893.087100    -87.734416  6  4  4  74       
PG17 -19059.389376   7383.784891 -16661.391486    492.244217  3  3  3  69       
PG18  24903.715960   6026.265324   7463.623420   -659.098007  4  4  1  58       
PG19 -19526.781290  15063.408146  -9394.423805    581.414231  6  4  5  47       
PG20  -6638.784791  15160.875568  20885.649128    367.390830  7  7  5  60       
PG21  -3320.704837 -14802.558023 -21468.390709     99.692303  8  4  4  54       
PG22 -13783.710635   6067.794508 -21492.520462    -90.104649  5  4  2  78       
PG23  18508.714268  12876.900541 -14177.693731    395.989148  3  6  3  70       
PG24   7771.382940  14983.883168 -21045.648723   -467.953021  1  4  5  61       
PG25  17248.866826  18667.003192   7804.243258    497.327460  5  5  3  80       
PG26  11603.900648 -10903.369544  21046.736729    -32.464320  3  5  6  53       
PG27  12025.610471 -23339.549071  -2138.124778    -33.540607  5  7  5  78       
PG28  24413.026631  -6173.051424   8442.066029   -525.081249  7  5  4  77       
PG29  11688.805734   9473.393760  21840.950232   -550.643837  5  6  5  58       
PG30 -26653.247009    636.174854  -1459.897296   -247.904546  4  6  3  38       
PG31  18452.057619 -10526.489091  15914.500817   -218.723890  2  5  2  78       
PG32  18603.955920 -11925.500126 -14355.804073   -548.684898  4  5  5  68       
*  2025  1  2 16 45  0.00000000
PG01  -8825.442723 -14572.196170 -20371.888099 999999.999999  8 13 13           
PG02  -7716.116025 -13633.746990 -21038.644981   -277.380462  8  4  6  77       
PG03 -12136.615902 -23467.840739  -3427.733902    638.080568  5  6  5  84       
PG04  -3814.935666 -18870.138515  18248.492803    505.772672  1  6  5  58       
PG05   1558.567662  20972.878901  16009.126737   -197.849211  3  6  5  79       
PG06 -24679.401756   6001.909282   8059.287483    -90.035539  4  5  5  60       
PG07 -22490.861221  -8004.484457  12641.535162    -14.018458  5  5  3  45       
PG08   3916.331739 -24301.521818  -9487.941851    452.487307  6  8  6  76       
PG09 -11201.813800 -11027.971043  21309.033186    512.807104  5  5  1  55       
PG10  16629.794522    890.766575 -20542.548974   -260.018749  5  5  6  72       
PG11 -15607.677654  12229.566019  17681.707386   -752.474685  5  6  5  55       
PG12   8416.182307  24500.825180  -6261.122079   -562.109878  1  3  3  61       
PG13 -13185.383387  22655.196925  -3612.335112    692.166394  3  6  3  91       
PG14 -18507.920192  -4526.127698 -18553.572709    572.390370  2  6  4  67       
PG15   -274.141219  24667.008834 -10176.693027    246.958735  2  5  2  69       
PG16   5345.816174 -17714.664054  18522.827964    -87.725747  6  4  4  39       
PG17 -18062.694451   5566.412630 -18333.879285    492.228646  3  3  3  38       
PG18  23909.694244   6203.757582  10093.322390   -659.097126  3  4  1  44       
PG19 -19022.451122  13933.734156 -11914.594659    581.418866  6  4  5  54       
PG20  -8259.702226  13381.148485  21505.017471    367.390589  7  7  4  66       
PG21   -792.026960 -15033.302895 -21450.964479     99.693690  7  5  4  90       
PG22 -14849.601223   3770.359981 -21283.416869    -90.106644  5  5  2  82       
PG23  19179.620907  14208.558619 -11848.465077    395.995956  3  5  2  29       
PG24   5447.560576  15289.061640 -21525.536419   -467.949695  1  4  5  26       
PG25  17437.023400  19465.376739   5117.723442    497.326986  4  5  3  64       
PG26  13066.566768  -8917.562851  21158.708253    -32.477660  3  5  6  72       
PG27  12306.447589 -23240.858380    739.263559    -33.540229  4  7  5  74       
PG28  25235.991285  -5968.509354   5742.299065   -525.090322  7  5  3  63       
PG29  10288.697757  11533.046748  21542.774802   -550.640782  5  5  5  58       
PG30 -26681.781492    329.912373   1328.334855   -247.897111  4  6  3  58       
PG31  20183.025453 -10326.901051  13875.869972   -218.723184  1  5  2  63       
PG32  17907.316269 -10252.089693 -16379.228251   -548.678936  4  5  5  74       
*  2025  1  2 17  0  0.00000000
PG01  -6445.698195 -14645.940245 -21193.758040 999999.999999 10 13 12           
PG02  -5227.934868 -14072.369985 -21466.451188   -277.372254  8  5  6  82       
PG03 -11702.285705 -23119.308447  -6259.267344    638.087732  6  6  6  75       
PG04  -2761.651737 -20564.649243  16510.067463    505.778065  2  5  5  84       
PG05    253.487254  19495.394490  17832.614511   -197.850320  4  6  4  75       
PG06 -25437.846736   5892.382469   5290.007900    -90.060391  4  5  5  32       
PG07 -21031.275398  -8301.608164  14825.787724    -14.017501  5  6  4  75       
PG08   4555.524203 -25040.674779  -6840.820341    452.494734  5  8  6  70       
PG09 -10155.097539 -13207.638385  20578.798677    512.820948  4  5  1  49       
PG10  17877.775131   2838.317629 -19323.922186   -260.033110  5  5  6  64       
PG11 -17524.360390  12136.265782  15845.914216   -752.474210  5  6  6  48       
PG12   7793.320858  23900.584352  -8935.527651   -562.111825  2  3  3  51       
PG13 -13506.429801  22710.702441   -731.867705    692.167692  2  6  4  81       
PG14 -19494.254841  -6316.649933 -16977.794004    572.397009  3  6  4  67       
PG15   -824.753882  25506.547460  -7611.315884    246.962773  2  5  2  74       
PG16   6594.232102 -15805.272162  19819.850960    -87.717184  6  4  4  53       
PG17 -17076.715298   3544.305072 -19682.609393    492.214248  3  4  3  75       
PG18  22640.159122   6451.279636  12551.703265   -659.096204  2  4  2  58       
PG19 -18432.222546  12548.082678 -14226.435869    581.423208  5  5  5           
PG20 -10005.768533  11651.847725  21757.704957    367.390404  7  6  3  74       
PG21   1708.769513 -15389.671351 -21049.335571     99.695485  7  5  3  81       
PG22 -16009.354000   1567.964841 -20693.884790    -90.108586  5  5  2  77       
PG23  19763.513303  15276.461243  -9317.319614    396.002773  2  5  3  19       
PG24   3105.476925  15714.759485 -21651.180717   -467.946355  1  4  5  56       
PG25  17489.568954  19998.870074   2343.769208    497.326534  4  5  3  68       
PG26  14612.503312  -7011.723692  20900.740775    -32.491034  3  5  5  56       
PG27  12453.639165 -22858.203978   3603.526200    -33.539870  3  6  4  69       
PG28  25758.797563  -5775.244492   2943.696305   -525.099410  7  5  2  59       
PG29   9027.033211  13617.511629  20871.962107   -550.637715  5  5  6  59       
PG30 -26414.885604      3.811020   4094.117549   -247.889703  4  5  4  63       
PG31  21674.950535 -10206.016001  11598.963738   -218.722210  2  6  2  45       
PG32  17206.569011  -8349.955337 -18113.839526   -548.672984  5  4  5  79       
*  2025  1  2 17 15  0.00000000
PG01  -4000.669328 -14847.360642 -21650.784037 999999.999999 10 13 11           
PG02  -2734.946350 -14646.212500 -21509.269845   -277.364138  8  5  6  92       
PG03 -11058.307347 -22547.046200  -8984.257100    638.094869  6  6  6  93       
PG04  -1885.918298 -22118.322335  14486.119300    505.783439  3  5  4  71       
PG05  -1253.907583  17945.466311  19344.416493   -197.851482  5  6  4  86       
PG06 -25885.511055   5786.869316   2430.518630    -90.085263  4  5  5  45       
PG07 -19364.594506  -8704.311658  16768.154620    -14.017188  5  6  4  77       
PG08   5053.828716 -25520.667523  -4073.219021    452.502159  5  8  6  83       
PG09  -9259.017971 -15342.132083  19491.143239    512.834810  3  5  2  55       
PG10  19134.540783   4584.132210 -17769.664628   -260.047452  5  5  5  66       
PG11 -19221.477155  12123.603843  13737.458238   -752.473815  5  5  6  49       
PG12   6978.826014  23091.284240 -11458.220352   -562.113913  2  4  3  72       
PG13 -13659.787095  22498.092006   2161.355755    692.168723  2  6  4  78       
PG14 -20452.147944  -7898.373348 -15111.521929    572.403598  3  6  4  86       
PG15  -1271.563321  26085.300200  -4916.018403    246.966596  2  5  3  72       
PG16   8006.280301 -13854.860824  20761.363971    -87.708539  6  5  5  63       
PG17 -16138.376796   1348.104184 -20682.434227    492.198778  3  5  3  59       
PG18  21122.257068   6800.056802  14796.915037   -659.095367  2  3  3  75       
PG19 -17797.983021  10916.986876 -16290.397264    581.427121  5  5  5  55       
PG20 -11845.506979  10009.245285  21639.042790    367.389801  7  5  3  78       
PG21   4131.758150 -15857.476272 -20267.450118     99.697061  7  5  3  89       
PG22 -17231.621419   -499.223470 -19733.880232    -90.110674  5  5  2  74       
PG23  20218.780411  16081.502312  -6627.602814    396.009550  1  5  3  49       
PG24    788.923678  16254.563540 -21419.481821   -467.943015  2  3  5  84       
PG25  17373.354674  20282.227793   -470.062363    497.326035  4  5  4  73       
PG26  16209.389887  -5220.249247  20278.572684    -32.504533  3  5  5  65       
PG27  12502.548506 -22180.118332   6403.728751    -33.539567  2  6  4  78       
PG28  25975.725565  -5555.941051     94.433168   -525.108467  7  5  2  52       
PG29   7920.296502  15680.171720  19839.804965   -550.634744  5  5  6  70       
PG30 -25861.455996   -376.257227   6790.778642   -247.882230  5  5  3  40       
PG31  22901.812572 -10132.981442   9123.691654   -218.721620  2  6  2  62       
PG32  16539.251861  -6246.374957 -19528.958609   -548.667040  5  4  5  81       
*  2025  1  2 17 30  0.00000000
PG01  -1538.942148 -15179.233511 -21735.087747 999999.999999 11 12 10           
PG02   -288.042374 -15343.848985 -21165.047369   -277.356062  7  5  6  95       
PG03 -10186.190688 -21787.733494 -11556.555415    638.102044  6  6  6  89       
PG04  -1177.735483 -23487.844854  12211.379332    505.788854  4  5  3  71       
PG05  -2950.211880  16369.059489  20517.892926   -197.852647  5  6  4  82       
PG06 -26018.449498   5645.536817   -470.442521    -90.110091  3  5  5  55       
PG07 -17526.676018  -9232.874010  18437.444714    -14.016633  5  6  4  73       
PG08   5440.033793 -25717.349695  -1233.708501    452.509570  4  8  5  80       
PG09  -8516.194536 -17383.515264  18064.918616    512.848711  3  5  3  34       
PG10  20357.029469   6107.343278 -15907.949464   -260.061785  4  5  5  44       
PG11 -20668.280540  12160.711325  11392.450822   -752.473386  5  5  6  59       
PG12   5958.379164  22110.485117 -13786.930291   -562.115998  2  4  3  79       
PG13 -13679.200069  21999.240252   5016.716881    692.169993  2  5  5  77       
PG14 -21341.587806  -9257.614123 -12987.146574    572.410176  3  6  5  77       
PG15  -1644.434687  26381.367093  -2136.295932    246.970414  3  5  3  59       
PG16   9565.254327 -11911.007542  21331.277895    -87.700262  6  5  5  61       
PG17 -15279.736061   -984.375878 -21314.411826    492.183610  3  5  3  83       
PG18  19389.990546   7275.977734  16790.624721   -659.094485  2  3  4  79       
PG19 -17160.240656   9059.472558 -18071.572244    581.431221  5  5  5  40       
PG20 -13741.753097   8484.023677  21150.643450    367.389623  7  4  3  59       
PG21   6429.760205 -16414.700204 -19116.579762     99.698279  6  6  3  53       
PG22 -18479.480019  -2397.252451 -18420.278656    -90.112700  4  6  2  95       
PG23  20506.094489  16633.234181  -3825.218778    396.016325  1  4  3  59       
PG24  -1459.729050  16894.764219 -20832.990233   -467.939614  2  3  5  53       
PG25  17059.716495  20337.420841  -3275.971388    497.325550  4  5  4  73       
PG26  17820.364979  -3571.286567  19304.304366    -32.517908  4  5  5  64       
PG27  12490.887893 -21204.203835   9089.801856    -33.539209  2  5  5  35       
PG28  25889.909488  -5273.449532  -2756.458407   -525.117491  7  5  2  63       
PG29   6976.783669  17673.030616  18463.910819   -550.631395  4  4  6  90       
PG30 -25038.173940   -842.075126   9372.916274   -247.874761  5  5  3  52       
PG31  23845.416618 -10073.388538   6493.000438   -218.720973  2  6  2  76       
PG32  15938.516990  -3976.031632 -20599.672997   -548.661141  5  4  5  78       
*  2025  1  2 17 45  0.00000000
PG01    890.844616 -15636.257854 -21445.207569 999999.999999 12 11  8           
PG02   2064.251079 -16145.760070 -20439.006087   -277.347732  7  5  5  79       
PG03  -9075.364511 -20882.223656 -13932.712179    638.109209  7  6  6  89       
PG04   -619.534348 -24634.102721   9725.022406    505.794228  5  6  2  85       
PG05  -4813.583525  14810.287417  21332.390749   -197.853512  5  5  4  67       
PG06 -25841.874978   5429.083193  -3363.358581    -90.134956  2  5  5  53       
PG07 -15557.300282  -9900.983613  19806.751479    -14.015689  4  6  4  56       
PG08   5747.079459 -25614.594172   1627.615048    452.516834  3  7  5  84       
PG09  -7921.061851 -19285.303459  16324.912331    512.862596  2  5  3  81       
PG10  21500.654505   7395.967112 -13772.060537   -260.076154  4  5  3  82       
PG11 -21841.559618  12212.530880   8851.133895   -752.472927  5  4  6  51       
PG12   4725.304631  20999.100835 -15882.847034   -562.118124  3  4  4  70       
PG13 -13602.064598  21204.632939   7784.005248    692.171022  2  5  5  80       
PG14 -22122.186423 -10388.888156 -10641.315742    572.416755  3  6  5  86       
PG15  -1976.472106  26380.501192    680.319547    246.974363  4  5  4  63       
PG16  11246.608257 -10018.484929  21520.471606    -87.691487  5  5  5  75       
PG17 -14526.673427  -3409.415080 -21566.256783    492.168345  3  5  3  73       
PG18  17483.038445   7898.434352  18498.655983   -659.093588  2  3  5  84       
PG19 -16556.485104   7002.446087 -19540.252068    581.435528  4  5  5  31       
PG20 -15652.920003   7100.228040  20300.401905    367.389093  7  4  3  74       
PG21   8560.135451 -17032.307969 -17615.304692     99.699857  6  6  3  13       
PG22 -19711.877996  -4099.569553 -16776.560889    -90.114453  4  6  3  94       
PG23  20589.994366  16949.314013   -957.866246    396.023095  1  3  4  73       
PG24  -3600.911047  17614.776041 -19899.952689   -467.936279  2  3  5  75       
PG25  16525.661781  20192.619845  -6026.692110    497.325062  3  5  4  76       
PG26  19405.390322  -2085.858309  17996.093223    -32.531279  4  5  4  76       
PG27  12457.024985 -19937.408097  11613.536895    -33.538861  2  4  5  45       
PG28  25513.164317  -4892.418627  -5559.934993   -525.126576  7  5  2  54       
PG29   6196.416508  19548.443306  16767.910305   -550.628453  4  4  6  73       
PG30 -23968.879793  -1421.695408  11797.113668   -247.867265  5  5  3  54       
PG31  24495.904376  -9990.770111   3752.114936   -218.720213  2  5  2  60       
PG32  15431.776438  -1579.835490 -21307.304475   -548.655231  5  4  5  90       
*  2025  1  2 18  0  0.00000000
PG01   3241.679264 -16205.227520 -20786.124568 999999.999999 13 11  1           
PG02   4277.569959 -17025.059346 -19343.609619   -277.339824  7  6  5  32       
PG03  -7723.743038 -19873.934639 -16072.667536    638.116403  7  6  6  66       
PG04   -187.043114 -25523.654570   7069.991595    505.799610  5  8  1  82       
PG05  -6814.406794  13309.742176  21773.630661   -197.854698  5  5  4  62       
PG06 -25369.929392   5100.434202  -6198.759130    -90.159791  1  5  6  50       
PG07 -13498.857455 -10715.125031  20853.800194    -14.014969  4  5  5  72       
PG08   6010.538290 -25205.013642   4460.079178    452.524216  3  7  5  80       
PG09  -7460.237958 -21004.141455  14301.404783    512.876500  2  5  3  68       
PG10  22521.031726   8447.096091 -11399.736528   -260.090561  3  4  3  74       
PG11 -22726.408214  12241.313383   6157.195467   -752.472510  5  4  6  41       
PG12   3280.974752  19799.829379 -17711.202312   -562.120116  3  4  4  67       
PG13 -13467.791266  20113.913341  10414.357500    692.172250  3  5  6  82       
PG14 -22754.749528 -11294.894681  -8114.299208    572.423322  4  7  5  89       
PG15  -2302.561418  26076.766952   3485.048154    246.978515  4  5  4  48       
PG16  13018.832982  -8217.602318  21326.895383    -87.682939  5  5  5  63       
PG17 -13897.842079  -5878.915471 -21432.654405    492.153106  4  6  4  77       
PG18  15445.370257   8679.409659  19891.567436   -659.092675  3  4  5  84       
PG19 -16019.701020   4779.785329 -20672.368240    581.439422  3  6  5  31       
PG20 -17534.446630   5874.476194  19102.394502    367.389095  6  4  3  40       
PG21  10486.419192 -17675.406521 -15789.302159     99.701607  6  6  4  57       
PG22 -20885.274017  -5587.893514 -14832.347033    -90.116450  4  7  3  87       
PG23  20440.328842  17054.654466   1925.746934    396.029834  1  4  4  57       
PG24  -5599.146253  18387.821215 -18634.287948   -467.932945  3  3  4  53       
PG25  15754.837344  19880.963916  -8676.235072    497.324568  3  5  4  47       
PG26  20922.735413   -777.284645  16377.746035    -32.544600  4  5  4  78       
PG27  12438.255767 -18395.920460  13929.558169    -33.538524  1  4  5  68       
PG28  24865.489919  -4380.859455  -8267.785791   -525.135623  7  5  3  81       
PG29   5570.893984  21260.848019  14781.054735   -550.625616  4  4  5  62       
PG30 -22683.698170  -2138.200339  14022.618840   -247.859818  5  5  3  40       
PG31  24851.957158  -9848.163255    947.766339   -218.719732  3  5  2  75       
PG32  15039.597192    896.505273 -21639.747261   -548.649332  5  5  5  57       
*  2025  1  2 18 15  0.00000000
PG01   5469.792436 -16865.522206 -19769.177548 999999.999999 13 10  6           
PG02   6313.340397 -17948.556976 -17898.354147   -277.331511  7  6  5  71       
PG03  -6137.975352 -18807.163307 -17940.385136    638.123631  7  6  6  59       
PG04    149.576552 -26130.000160   4292.248613    505.804947  6  8  3  89       
PG05  -8916.273423  11902.977630  21833.970755   -197.855587  6  5  4  66       
PG06 -24625.126135   4626.362478  -8928.051299    -90.184573  1  5  6  44       
PG07 -11394.956228 -11674.219370  21561.248308    -14.014231  4  5  5  62       
PG08   6266.981061 -24490.334265   7213.409540    452.531565  2  6  5  86       
PG09  -7113.209767 -22501.366319  12029.625250    512.890376  3  5  3  70       
PG10  23375.689497   9266.739752  -8832.457386   -260.105011  3  4  2  75       
PG11 -23316.682406  12208.231741   3357.020908   -752.472040  4  4  6  46       
PG12   1634.914681  18555.543608 -19241.781290   -562.122259  3  4  4  73       
PG13 -13316.082571  18736.072065  12861.185743    692.173426  3  5  6  64       
PG14 -23202.806258 -11986.193542  -5449.303090    572.429879  4  7  5  89       
PG15  -2657.810932  25472.898394   6228.714715    246.982232  5  6  4  62       
PG16  14844.622985  -6542.761615  20755.515761    -87.674525  5  5  5  64       
PG17 -13403.926369  -8342.128509 -20915.424709    492.138105  4  6  4  84       
PG18  13323.703777   9622.849330  20945.161432   -659.091776  3  4  6  92       
PG19 -15577.089361   2431.174888 -21449.820759    581.443827  3  6  5  72       
PG20 -19340.376045   4815.457674  17576.674950    367.388652  6  4  3  65       
PG21  12179.720457 -18304.708196 -13670.932493     99.702716  6  6  4  71       
PG22 -21955.394318  -6852.733629 -12622.790956    -90.118670  4  7  4  88       
PG23  20033.507436  16980.312136   4776.699688    396.036583  2  4  5  87       
PG24  -7424.217577  19181.859629 -17055.486085   -467.929588  3  3  4  90       
PG25  14738.248514  19439.173976 -11180.586824    497.324096  2  5  4  66       
PG26  22330.521809    349.082914  14478.222124    -32.557963  5  5  3  86       
PG27  12469.120934 -16604.689131  15996.244029    -33.538164  1  3  5  41       
PG28  23974.272170  -3711.580859 -10833.461127   -525.144667  6  4  3  81       
PG29   5084.175484  22768.430522  12537.708995   -550.622818  3  5  5  75       
PG30 -21217.946188  -3008.649890  16011.981827   -247.852336  4  5  3  63       
PG31  24920.689953  -9609.677266  -1872.579958   -218.719037  3  5  2  74       
PG32  14774.891745   3404.104182 -21591.669947   -548.643403  4  5  4  57       
*  2025  1  2 18 30  0.00000000
PG01   7536.146470 -17589.898595 -18411.868620 999999.999999 14  8 10           
PG02   8140.163433 -18878.114369 -16129.388094   -277.323571  7  6  5  70       
PG03  -4333.370008 -17725.385399 -19504.418873    638.130779  7  6  6  68       
PG04    424.368053 -26434.591871   1439.963820    505.810333  6  9  5  93       
PG05 -11077.241949  10619.207122  21512.541005   -197.856758  6  5  4  56       
PG06 -23637.483732   3978.967441 -11504.343041    -90.209403  2  5  6  50       
PG07  -9288.997109 -12769.529533  21916.938724    -14.013654  3  5  5  61       
PG08   6552.297439 -23481.407070   9838.704948    452.538944  2  5  5  78       
PG09  -6853.307312 -23744.394826   9549.117670    512.904397  4  5  3  84       
PG10  24025.696428   9869.328722  -6114.689214   -260.119398  3  4  2  65       
PG11 -23615.128706  12075.048650    498.892650   -752.471597  4  4  5  81       
PG12   -195.393600  17307.699986 -20449.359305   -562.124089  3  4  4  84       
PG13 -13185.195823  17089.267455  15081.072892    692.174650  3  4  6  83       
PG14 -23434.041762 -12480.591380  -2691.745549    572.436499  4  7  5  58       
PG15  -3075.951215  24580.331471   8862.650993    246.986449  5  6  5  76       
PG16  16682.278170  -5021.285296  19818.110192    -87.666411  4  5  5  58       
PG17 -13047.245170 -10747.508490 -20023.527573    492.122407  5  6  4  88       
PG18  11165.862213  10724.342969  21640.914657   -659.090860  3  5  6  83       
PG19 -15249.041567      0.735385 -21860.692961    581.447878  2  6  5  70       
PG20 -21025.005432   3923.742350  15748.968229    367.388648  6  4  3  56       
PG21  13619.804918 -18878.233749 -11298.624773     99.704393  6  6  4  88       
PG22 -22879.029432  -7893.535721 -10187.853017    -90.120622  3  6  4  94       
PG23  19353.512866  16762.156194   7546.652958    396.043349  2  5  5  89       
PG24  -9052.158988  19960.739985 -15188.424680   -467.926253  3  3  3  77       
PG25  13474.708489  18906.063080 -13498.361303    497.323625  2  5  4  59       
PG26  23588.266446   1295.812905  12331.061591    -32.571339  5  4  3  75       
PG27  12579.841766 -14596.576712  17776.570380    -33.537845  1  3  5  34       
PG28  22873.212459  -2863.439623 -13212.871067   -525.153680  6  3  4  87       
PG29   4713.276964  24034.654849  10076.748657   -550.619532  3  5  4  85       
PG30 -19610.864220  -4043.256140  17731.642587   -247.844897  4  5  3  26       
PG31  24717.246793  -9242.009370  -4661.486043   -218.718314  3  5  2  67       
PG32  14642.436494   5892.638976 -21164.578473   -548.637456  3  5  4  73       
*  2025  1  2 18 45  0.00000000
PG01   9407.742106 -18345.551152 -16737.562491 999999.999999 14  5 13           
PG02   9734.891963 -19772.228751 -14068.969908   -277.315315  7  6  6  84       
PG03  -2333.498506 -16669.603167 -20738.406875    638.137975  7  6  5  70       
PG04    674.047477 -26427.547875  -1437.338895    505.815710  7  9  6  90       
PG05 -13251.324172   9480.268441  20815.246158   -197.857096  5  5  3  83       
PG06 -22443.381808   3136.957931 -13883.245311    -90.234214  4  5  6  58       
PG07  -7222.754111 -13984.835000  21914.104544    -14.013183  3  4  5  71       
PG08   6900.045090 -22197.854289  12289.388054    452.546342  2  5  5  85       
PG09  -6648.926621 -24707.880693   6903.028967    512.918284  4  5  4  75       
PG10  24437.147067  10276.908286  -3293.102868   -260.133735  3  4  2  58       
PG11 -23633.177127  11805.772592  -2367.847732   -752.471179  3  4  5  46       
PG12  -2184.998484  16094.821216 -21314.061941   -562.126157  4  4  4  75       
PG13 -13110.265731  15200.279964  17034.612700    692.175589  3  4  6  69       
PG14 -23421.580279 -12802.262253    111.495063    572.443055  5  7  5  63       
PG15  -3587.760247  23418.897907  11339.629305    246.990400  5  6  5  69       
PG16  18487.276297  -3672.559919  18532.924493    -87.657829  3  4  5  50       
PG17 -12821.720450 -13044.611507 -18772.905901    492.107389  5  6  4  84       
PG18   9019.090829  11971.130025  21966.322363   -659.089907  3  5  6  84       
PG19 -15048.400194  -2464.497408 -21899.356130    581.452299  3  6  6  61       
PG20 -22544.545774   3191.907751  13650.264976    367.388462  5  5  2  48       
PG21  14795.800685 -19353.174815  -8716.075264     99.706205  6  6  4  64       
PG22 -23615.790497  -8718.451772  -7571.472913    -90.122447  3  6  4  82       
PG23  18392.638342  16439.367135  10188.633599    396.050169  2  6  6  75       
PG24 -10466.035182  20685.538107 -13063.095522   -467.923004  4  3  3  73       
PG25  11971.006719  18320.997697 -15591.398628    497.323102  2  5  5  39       
PG26  24658.365287   2073.039881   9973.753040    -32.584722  5  4  2  57       
PG27  12794.946414 -12411.189567  19238.852354    -33.537482  1  3  4  39       
PG28  21601.027251  -1822.356704 -15365.140474   -525.162711  6  3  4  65       
PG29   4429.348235  25029.599688   7440.872464   -550.616613  2  6  4  78       
PG30 -17904.214317  -5244.813785  19152.463137   -247.837419  4  5  3  32       
PG31  24264.117543  -8715.854393  -7372.283511   -218.717387  3  5  2  81       
PG32  14638.735507   8312.144158 -20366.741334   -548.631512  2  5  4  54       
*  2025  1  2 19  0  0.00000000
PG01  11058.692801 -19095.401557 -14775.084495 999999.999999 14  1 14           
PG02  11083.351053 -20587.774387 -11754.780320   -277.307447  7  6  6  80       
PG03   -169.492449 -15676.800497 -21621.487421    638.145133  7  6  5  69       
PG04    936.362060 -26108.037453  -4289.665743    505.821054  7  9  6  87       
PG05 -15390.138125   8499.897158  19754.637881   -197.858097  5  5  2  60       
PG06 -21084.181331   2086.686585 -16023.639680    -90.258950  5  5  6  37       
PG07  -5235.009044 -15296.873790  21551.522530    -14.012189  3  4  4  72       
PG08   7339.899647 -20667.364775  14522.107037    452.553700  2  4  5  76       
PG09  -6464.951052 -25374.596542   4137.334325    512.932208  5  5  5  78       
PG10  24582.453083  10518.058857   -415.780300   -260.148098  3  4  3  65       
PG11 -23390.406555  11368.236375  -5193.660057   -752.470815  2  4  4  51       
PG12  -4302.238166  14951.105213 -21821.646977   -562.128037  4  5  4  54       
PG13 -13121.758960  13103.620326  18687.173188    692.177217  3  4  6  62       
PG14 -23145.072044 -12980.637392   2912.848624    572.449657  5  7  5  66       
PG15  -4219.582822  22016.181688  13614.805441    246.994389  4  6  5  73       
PG16  20213.946268  -2507.522529  16924.209547    -87.649377  3  4  5  61       
PG17 -12713.213792 -15185.956266 -17186.169413    492.092328  5  7  4  86       
PG18   6928.395523  13342.433526  21915.148803   -659.088985  3  5  6  80       
PG19 -14980.027534  -4916.184218 -21566.468970    581.456468  3  6  6  50       
PG20 -23858.727928   2604.982210  11316.320653    367.387958  5  6  1  69       
PG21  15706.484925 -19687.823407  -5971.282700     99.707755  6  6  5  44       
PG22 -24129.748109  -9343.748281  -4820.667496    -90.124334  3  6  4  79       
PG23  17151.922574  16052.821418  12657.796510    396.056915  3  6  6  64       
PG24 -11656.474297  21316.039928 -10714.236339   -467.919697  4  3  2  64       
PG25  10241.794415  17722.363857 -17425.308187    497.322574  2  4  4  42       
PG26  25507.462758   2697.825516   7447.054928    -32.598055  5  3  2  74       
PG27  13132.148567 -10093.432439  20357.363511    -33.537120  1  3  3  86       
PG28  20199.968194   -582.059719 -17253.307753   -525.171738  6  1  4  63       
PG29   4198.987993  25731.046782   4675.843135   -550.613491  2  6  4  74       
PG30 -16140.795917  -6608.408002  20250.197780   -247.829904  4  5  3  30       
PG31  23590.204915  -8007.159621  -9959.787962   -218.716663  3  4  3  60       
PG32  14752.231851  10614.779784 -19212.982052   -548.625634  2  5  5  53       
*  2025  1  2 19 15  0.00000000
PG01  12471.025922 -19799.566813 -12558.224162 999999.999999 15  8 15           
PG02  12180.671133 -21281.819520  -9229.111297   -277.299032  7  5  6  75       
PG03   2120.940275 -14778.561218 -22138.632168    638.152323  7  6  5  69       
PG04   1248.405946 -25484.322257  -7067.447630    505.826439  7  9  7  81       
PG05 -17444.660198   7683.336116  18349.660271   -197.859206  5  5  2  59       
PG06 -19604.660417    822.893838 -17888.397948    -90.283696  6  5  6  64       
PG07  -3360.282174 -16676.042103  20833.611066    -14.011552  2  4  4  69       
PG08   7896.273437 -18924.668916  16497.565272    452.561053  3  3  5  74       
PG09  -6264.313077 -25736.006852   1300.014988    512.946138  5  5  5  88       
PG10  24441.396150  10626.589137   2468.578774   -260.162446  4  4  3  60       
PG11 -22913.702845  10735.535235  -7929.672986   -752.470340  2  4  4  39       
PG12  -6509.744667  13905.207995 -21963.707189   -562.130209  4  5  4  45       
PG13 -13244.127650  10840.327139  20009.564082    692.178386  3  4  5  37       
PG14 -22591.544796 -13049.106662   5664.827480    572.456249  5  7  5  68       
PG15  -4992.012259  20406.555411  15646.645877    246.998515  4  5  5  74       
PG16  21817.170924  -1528.501070  15021.656112    -87.640846  2  4  5  82       
PG17 -12700.215624 -17128.764553 -15292.127559    492.076887  5  8  5  86       
PG18   4934.965758  14810.112688  21487.577331   -659.088075  4  6  6  83       
PG19 -15040.691690  -7306.324107 -20868.878368    581.460775  4  7  6  47       
PG20 -24932.292848   2141.188639   8787.065749    367.387666  5  6  1  59       
PG21  16360.133070 -19843.470253  -3115.454203     99.709321  6  6  5  74       
PG22 -24390.883718  -9792.885293  -1984.580116    -90.126477  3  7  4  83       
PG23  15641.266057  15643.421628  14912.154844    396.063685  3  7  6  73       
PG24 -12621.926065  21812.318851  -8180.863598   -467.916396  4  3  1  85       
PG25   8309.194192  17146.090470 -18969.953806    497.322006  2  4  4  67       
PG26  26107.658423   3193.265226   4794.283983    -32.611419  5  3  2  84       
PG27  13601.528036  -7691.852777  21112.816553    -33.536738  2  3  2  79       
PG28  18714.219946    855.477450 -18844.955582   -525.180810  6  1  5  28       
PG29   3985.743414  26125.278224   1829.671355   -550.610366  3  7  4  82       
PG30 -14362.931263  -8121.411634  21005.895484   -247.822394  4  5  3  75       
PG31  22729.677977  -7098.182505 -12380.979448   -218.715962  4  4  3  60       
PG32  14963.853607  12756.504973 -17724.347271   -548.619701  3  5  5  59       
*  2025  1  2 19 30  0.00000000
PG01  13635.180543 -20416.949055 -10125.152792 999999.999999 15 11 16           
PG02  13031.223454 -21813.435123  -6537.958452   -277.291029  7  5  6  72       
PG03   4494.745355 -13999.900496 -22280.892740    638.159500  7  6  5  76       
PG04   1644.961724 -24573.451367  -9722.427807    505.831898  7  9  7  94       
PG05 -19367.005371   7027.294417  16625.275822   -197.859747  5  5  2  67       
PG06 -18051.324611   -650.869941 -19445.040652    -90.308472  6  5  5  56       
PG07  -1627.701662 -18087.334778  19770.467148    -14.011235  3  4  4  68       
PG08   8587.162775 -17010.238150  18181.258580    452.568398  3  3  4  76       
PG09  -6009.633127 -25792.510826  -1559.795057    512.960084  5  5  6  90       
PG10  24001.908535  10640.054265   5311.438800   -260.176805  4  4  3  73       
PG11 -22236.142353   9887.266780 -10528.542313   -752.469884  2  4  3  47       
PG12  -8765.657192  12979.241908 -21737.793203   -562.132107  4  6  4  49       
PG13 -13494.720236   8456.503629  20978.591588    692.179521  3  5  5  22       
PG14 -21755.989204 -13043.580637   8320.796014    572.462855  5  7  5  54       
PG15  -5918.797919  18629.929754  17397.812283    247.002640  4  5  5  64       
PG16  23254.049903   -729.404159  12859.747744    -87.632540  2  4  5  86       
PG17 -12754.854914 -18836.505065 -13125.185476    492.061976  6  8  5  87       
PG18   3074.742091  16339.613249  20690.254786   -659.087187  4  6  6  77       
PG19 -15219.267832  -9588.866925 -19819.428733    581.464782  4  7  7  73       
PG20 -25736.307244   1772.961847   6105.935294    367.387532  5  6  1  55       
PG21  16773.937980 -19786.174754   -201.823182     99.710475  6  5  5  77       
PG22 -24376.294037 -10095.312609    886.491669    -90.128626  4  7  5  83       
PG23  13879.223423  15250.433777  16913.268433    396.070485  3  7  6  77       
PG24 -13368.626522  22136.350329  -5505.704832   -467.913114  4  3  1  79       
PG25   6202.149199  16624.279305 -20199.879233    497.321589  2  4  4  66       
PG26  26437.509707   3587.378844   2060.583172    -32.624780  5  3  2  79       
PG27  14205.047887  -5256.848736  21492.694789    -33.536352  2  4  2  77       
PG28  17188.237456   2479.915406 -20112.763222   -525.189961  5  1  5  32       
PG29   3751.733498  26207.550951  -1048.241002   -550.607712  3  7  5  82       
PG30 -12610.974336  -9763.773997  21406.228656   -247.814901  4  5  4  66       
PG31  21720.654492  -5978.316128 -14595.643301   -218.715110  4  4  3  53       
PG32  15247.867639  14698.590119 -15927.661713   -548.613715  3  5  6  67       
*  2025  1  2 19 45  0.00000000
PG01  14550.183352 -20906.885258  -7517.765038 999999.999999 15 13 17           
PG02  13648.167376 -22145.413537  -3730.046564   -277.282674  7  4  6  79       
PG03   6904.954450 -13358.351801 -22045.557325    638.166633  7  6  5  86       
PG04   2156.935186 -23400.622263 -12208.524685    505.837294  7  9  7  95       
PG05 -21112.164031   6520.254534  14611.981648   -197.860977  5  6  2  61       
PG06 -16470.655930  -2322.163621 -20666.321929    -90.333244  6  5  5  60       
PG07    -60.051880 -19491.502135  18377.835684    -14.010222  3  4  4  46       
PG08   9423.272587 -14968.766377  19544.103044    452.575784  3  3  3  75       
PG09  -5664.869525 -25553.347506  -4392.676842    512.974009  5  5  6  90       
PG10  23260.557753  10598.155672   8065.189358   -260.191098  4  4  4  77       
PG11 -21395.644665   8810.522769 -12945.284017   -752.469486  2  4  3  51       
PG12 -11025.002986  12188.023487 -21147.455712   -562.133942  5  6  4  79       
PG13 -13882.996305   6001.655168  21577.487246    692.180424  3  5  5  63       
PG14 -20641.657055 -13000.966845  10835.725334    572.469402  5  7  5  50       
PG15  -7006.033677  16730.264176  18835.975423    247.006617  4  5  5  83       
PG16  24485.457957    -96.241214  10477.052041    -87.624499  1  3  5  82       
PG17 -12844.181817 -20280.174397 -10724.621650    492.046406  6  9  5  92       
PG18   1377.184050  17891.182692  19536.226185   -659.086276  5  6  6  81       
PG19 -15497.241452 -11721.239626 -18436.687593    581.469247  5  7  7  94       
PG20 -26249.251860   1468.201063   3319.127948    367.387304  4  6  1  62       
PG21  16973.031799 -19488.317376   2715.574946     99.712203  5  5  4  79       
PG22 -24071.102067 -10285.041353   3742.064190    -90.130399  4  7  5  73       
PG23  11892.478043  14909.893249  18626.880860    396.077278  3  7  7  89       
PG24 -13910.260735  22253.601365  -2734.532004   -467.909846  4  3  1  83       
PG25   3955.534783  16183.987029 -21094.672367    497.321082  2  4  4  51       
PG26  26482.797916   3911.830297   -707.819454    -32.638126  5  2  2  72       
PG27  14936.426166  -2838.820150  21491.429237    -33.535880  3  3  3  89       
PG28  15665.086554   4272.755430 -21034.971353   -525.198989  5  2  5  43       
PG29   3459.330354  25982.230111  -3907.981418   -550.604559  4  7  5  69       
PG30 -10921.896769 -11508.593619  21443.742678   -247.807397  4  5  4  59       
PG31  20603.759086  -4644.655473 -16566.966567   -218.714318  4  4  4  63       
PG32  15573.001853  16408.909957 -13854.983480   -548.607724  4  5  6  64       
*  2025  1  2 20  0  0.00000000
PG01  15223.496593 -21230.792628  -4780.955908 999999.999999 15 15 18           
PG02  14052.637947 -22245.821634   -855.819000   -277.274776  7  4  6  71       
PG03   9302.269544 -12863.343168 -21436.214517    638.173764  7  5  6  90       
PG04   2809.946909 -21998.233516 -14482.652617    505.842687  7  8  7  92       
PG05 -22639.626421   6143.111634  12345.228042   -197.861846  4  6  3  77       
PG06 -14907.368069  -4169.922235 -21530.729041    -90.357963  7  5  5  64       
PG07   1326.962809 -20846.391149  16677.003558    -14.009715  3  5  4  59       
PG08  10407.453856 -12847.499692  20562.940467    452.583170  3  3  3  73       
PG09  -5196.913587 -25036.169036  -7149.792043    512.987945  5  5  6  82       
PG10  22222.722236  10541.081789  10683.877019   -260.205408  4  4  4  82       
PG11 -20433.447571   7500.592409 -15138.066417   -752.469071  2  4  4  69       
PG12 -13241.198462  11538.597087 -20202.206340   -562.135946  5  6  4  54       
PG13 -14410.078397   3526.897837  21796.201510    692.181853  4  6  5  62       
PG14 -19260.061184 -12957.616571  13166.923152    572.476025  5  7  5  69       
PG15  -8251.670638  14753.900652  19934.531352    247.010742  4  5  5  57       
PG16  25477.441476    392.058477   7915.469594    -87.615977  1  3  5  82       
PG17 -12931.663362 -21439.262419  -8133.769610    492.031452  6  9  5  81       
PG18   -135.712668  19421.306661  18044.757435   -659.085347  4  5  6  85       
PG19 -15849.490428 -13665.734330 -16744.595214    581.473165  5  8  7  92       
PG20 -26457.837823   1191.709461    474.806895    367.387072  4  5  2  62       
PG21  16989.165941 -18929.859365   5583.122274     99.714541  5  5  4  77       
PG22 -23469.043098 -10399.057091   6532.407880    -90.132440  4  6  5  82       
PG23   9715.016347  14653.138731  20023.495894    396.084071  3  7  6  88       
PG24 -14267.326893  22134.529629     84.598732   -467.906594  4  3  1  50       
PG25   1609.062654  15846.199747 -21639.266551    497.320603  3  4  4  50       
PG26  26237.033856   4200.525821  -3464.350862    -32.651502  5  3  2  88       
PG27  15781.363251   -486.342739  21110.421780    -33.535445  4  3  3  87       
PG28  14184.851387   6207.863816 -21595.751954   -525.208015  5  3  5  45       
PG29   3072.830449  25462.576950  -6700.013582   -550.601433  4  7  5  72       
PG30  -9328.002187 -13322.957424  21117.020847   -247.799908  3  5  4  48       
PG31  19420.607536  -3102.286008 -18262.085779   -218.713542  4  4  4  72       
PG32  15903.786461  17862.970114 -11542.974758   -548.601764  5  5  6  64       
*  2025  1  2 20 15  0.00000000
PG01  15670.544697 -21353.745564  -1961.845774 999999.999999 15 16 18           
PG02  14272.618759 -22089.323529   2033.578750   -277.266480  6  4  5  66       
PG03  11636.742996 -12515.886590 -20462.722260    638.180889  7  5  6  77       
PG04   3623.137644 -20404.667574 -16505.484478    505.848077  6  7  7  92       
PG05 -23914.831312   5870.115798   9864.753272   -197.862516  4  6  3  62       
PG06 -13402.735620  -6165.064581 -22022.886009    -90.382689  6  6  5  89       
PG07   2525.207078 -22108.431306  14694.610445    -14.008764  4  5  4  59       
PG08  11534.474640 -10694.486370  21220.912873    452.590541  3  4  3  83       
PG09  -4577.066843 -24266.301091  -9783.730428    513.001860  4  5  6  95       
PG10  20902.455543  10507.849231  13123.901139   -260.219765  4  4  4  91       
PG11 -19392.464516   5961.348360 -17068.946515   -752.468617  3  3  4  65       
PG12 -15367.619312  11030.051632 -18917.396513   -562.138006  5  6  3  37       
PG13 -15068.658308   1083.113555  21631.556883    692.183088  4  6  4  55       
PG14 -17630.676578 -12947.799589  15274.729186    572.482573  5  6  5  53       
PG15  -9645.382378  12747.792849  20673.195144    247.014821  4  5  5  72       
PG16  26202.405055    762.569298   5219.458618    -87.607681  1  3  5  84       
PG17 -12978.823353 -22302.365220  -5399.128498    492.015905  6  9  5  97       
PG18  -1450.109499  20884.313405  16241.045744   -659.084440  4  5  6  93       
PG19 -16245.313979 -15390.711866 -14772.045803    581.477493  6  9  8  97       
PG20 -26357.516720    906.764264  -2377.743455    367.386920  4  5  3  89       
PG21  16859.122886 -18099.253583   8348.788581     99.715343  5  5  4  96       
PG22 -22572.709531 -10475.645127   9209.438934    -90.134308  4  6  5  70       
PG23   7387.030112  14505.529338  21078.884379    396.090917  3  6  6 100       
PG24 -14466.217998  21755.926588   2902.191175   -467.903336  4  3  2  70       
PG25   -793.986341  15625.034482 -21824.176925    497.320129  3  4  3  36       
PG26  25701.688764   4488.143083  -6162.823122    -32.664868  4  3  2  81       
PG27  16718.109326   1755.557329  20357.919985    -33.534999  4  4  4  96       
PG28  12783.169555   8252.294821 -21785.477261   -525.217042  4  4  6  48       
PG29   2560.048470  24670.200701  -9376.053246   -550.598620  4  7  6  74       
PG30  -7855.816784 -15169.019211  20430.759680   -247.792385  4  5  4  41       
PG31  18212.269276  -1364.284991 -19652.582004   -218.713224  3  4  4  16       
PG32  16202.057119  19044.631769  -9032.203978   -548.595758  6  5  6  74       
*  2025  1  2 20 30  0.00000000
PG01  15913.938732 -21245.922667    891.033056 999999.999999 15 17 19           
PG02  14341.558268 -21658.221320   4887.293374   -277.258168  6  4  5  68       
PG03  13859.493225 -12308.593541 -19141.080472    638.187990  7  5  6  63       
PG04   4608.235483 -18662.852889 -18242.141468    505.853458  6  7  6  63       
PG05 -24910.383553   5670.075854   7213.849818   -197.863819  3  5  3  68       
PG06 -11993.062941  -8271.420954 -22133.852232    -90.407396  6  6  5  89       
PG07   3534.331000 -23234.218292  12462.368534    -14.008147  4  5  3  68       
PG08  12791.130157  -8556.820971  21507.701915    452.598006  3  4  4  90       
PG09  -3782.342632 -23275.721624 -12249.323997    513.015803  4  5  6  84       
PG10  19322.046820  10534.702814  15344.667674   -260.234119  4  4  5  88       
PG11 -18315.589436   4205.299229 -18704.536748   -752.468182  3  4  5  61       
PG12 -17359.185576  10653.638392 -17314.013739   -562.140090  5  5  3  35       
PG13 -15843.259449  -1280.871197  21087.259697    692.184186  5  6  4  46       
PG14 -15780.352604 -13002.263289  17123.166706    572.489225  5  6  5  51       
PG15 -11168.793848  10757.709994  21038.451209    247.018740  4  5  5  63       
PG16  26640.050216   1047.084650   2435.251195    -87.598905  1  2  5  95       
PG17 -12946.952618 -22867.426132  -2569.428456    492.000666  6  9  5  90       
PG18  -2560.699373  22234.085402  14155.819623   -659.083550  4  4  5  72       
PG19 -16649.669157 -16871.581637 -12552.407543    581.481594  7  9  8  74       
PG20 -25952.661996    576.755048  -5188.989401    367.386607  4  4  3  40       
PG21  16622.945801 -16993.971967  10963.212991     99.716931  4  4  3  79       
PG22 -21393.453592 -10552.699300  11727.545373    -90.136303  5  6  5  80       
PG23   4953.584979  14485.394015  21774.513076    396.097792  3  6  6  82       
PG24 -14538.050789  21102.042016   5668.222754   -467.900067  4  3  2  82       
PG25  -3208.159529  15527.195333 -21645.669357    497.319620  3  4  3  52       
PG26  24886.145750   4808.644591  -8758.145570    -32.678189  4  3  2  76       
PG27  17718.341464   3846.958368  19248.753666    -33.534573  4  4  4  93       
PG28  11489.950732  10367.381374 -21600.883537   -525.226141  4  4  5  59       
PG29   1893.769964  23634.197615 -11889.916264   -550.595465  5  7  6  77       
PG30  -6525.198548 -17005.281330  19395.750089   -247.784876  4  5  4  63       
PG31  17017.760745    548.565120 -20714.919165   -218.712115  3  4  4  48       
PG32  16428.557835  19946.512041  -6366.395767   -548.589802  6  6  6  62       
*  2025  1  2 20 45  0.00000000
PG01  15982.429527 -20883.867296   3728.573916 999999.999999 15 17 19           
PG02  14296.797045 -20943.177513   7655.711234   -277.249945  5  4  5  65       
PG03  15924.393944 -12226.018225 -17493.206755    638.195085  6  5  5  77       
PG04   5768.921868 -16818.663261 -19662.797390    505.858846  6  6  6  81       
PG05 -25606.995370   5507.773699   4438.578034   -197.864789  3  5  4  70       
PG06 -10708.353468 -10446.947492 -21861.308694    -90.432156  6  6  5  90       
PG07   4361.696185 -24182.142086  10016.684159    -14.007502  5  5  3  75       
PG08  14156.682426  -6478.954655  21419.633243    452.605441  4  4  5  95       
PG09  -2796.541889 -22101.799718 -14504.413864    513.029716  4  5  6  86       
PG10  17511.294854  10653.629895  17309.195824   -260.248428  4  4  5  91       
PG11 -17244.015953   2253.305640 -20016.589777   -752.467749  4  4  5  77       
PG12 -19173.906467  10393.187821 -15418.395019   -562.142202  6  6  2  72       
PG13 -16710.841104  -3520.008189  20173.773706    692.185519  5  6  5  71       
PG14 -13742.456462 -13146.929867  18680.541075    572.495857  5  6  5  72       
PG15 -12796.066817   8826.497146  21023.844467    247.023011  5  4  5  79       
PG16  26778.039290   1280.678366   -389.925141    -87.590469  1  2  5  82       
PG17 -12798.814716 -23141.602913    305.323346    491.985105  6  8  5  88       
PG18  -3470.744854  23425.811905  11824.832820   -659.082657  4  3  5  87       
PG19 -17024.569485 -18091.526549 -10122.988259    581.485835  7 10  8  99       
PG20 -25256.412345    166.824328  -7910.031801    367.386272  4  4  4  62       
PG21  16322.077820 -15620.637707  13380.665619     99.718266  4  4  3  80       
PG22 -19950.961220 -10666.083052  14044.334327    -90.138167  5  6  5  76       
PG23   2463.102299  14603.254412  22097.887476    396.104626  3  5  6  93       
PG24 -14517.284650  20165.433596   8333.108719   -467.896844  3  3  2  78       
PG25  -5587.314167  15551.704498 -21105.858960    497.319161  4  5  4  59       
PG26  23807.376165   5193.828268 -11207.012064    -32.691593  4  4  3  80       
PG27  18748.306979   5754.367467  17803.946916    -33.534137  5  5  4  91       
PG28  10328.327525  12510.052428 -21045.127014   -525.235182  3  4  5  34       
PG29   1053.005060  22390.012700 -14198.322933   -550.592610  5  7  6  63       
PG30  -5348.700570 -18788.035293  18028.760737   -247.777372  4  5  4  55       
PG31  15872.621249   2608.342788 -21430.821423   -218.711764  3  3  5  46       
PG32  16544.579362  20570.051030  -3591.644880   -548.583873  7  6  6  88       
*  2025  1  2 21  0  0.00000000
PG01  15909.630852 -20251.512427   6501.942845 999999.999999 15 18 19           
PG02  14177.878581 -19943.598823  10291.338703   -277.242070  5  4  4  31       
PG03  17789.674936 -12245.318369 -15546.615666    638.202168  7  5  5  89       
PG04   7100.521044 -14919.218425 -20743.186880    505.864228  6  5  5  88       
PG05 -25994.118041   5345.530481   1586.943550   -197.865676  4  4  4  72       
PG06  -9571.232832 -12645.181884 -21209.626336    -90.456879  6  6  5  99       
PG07   5022.003529 -24914.000586   7398.176073    -14.006574  5  5  3  66       
PG08  15603.606088  -4501.138858  20959.649763    452.612916  5  4  6  98       
PG09  -1611.062322 -20785.845144 -16510.557391    513.043616  4  5  6  78       
PG10  15506.521983  10891.040130  18984.672862   -260.262819  4  4  4  77       
PG11 -16215.637200    133.970384 -20982.490672   -752.467332  4  5  6  78       
PG12 -20774.330081  10225.813489 -13261.857507   -562.143902  6  6  2  75       
PG13 -17641.715719  -5594.582625  18908.062382    692.186757  6  5  5  52       
PG14 -11555.777597 -13401.780671  19919.976479    572.502480  6  6  5  77       
PG15 -14494.816551   6992.471359  20630.102791    247.027226  5  4  5  51       
PG16  26612.368372   1500.169309  -3208.609139    -87.582103  2  2  5  68       
PG17 -12500.274985 -23140.776023   3174.791614    491.970186  6  8  6  82       
PG18  -4191.776107  24417.713230   9288.259082   -659.081657  4  1  5  83       
PG19 -17330.595775 -19041.950347  -7524.453176    581.490158  7 10  8  57       
PG20 -24290.181507   -354.556214 -10493.484345    367.386220  4  4  5  73       
PG21  15997.502293 -13994.771752  15559.866755     99.720285  4  3  3  81       
PG22 -18272.522982 -10848.106121  16121.291285    -90.140312  5  6  5  93       
PG23    -34.291204  14861.352969  22042.801302    396.111476  3  4  6  95       
PG24 -14440.185279  18947.495328  10848.693569   -467.893608  3  3  3  78       
PG25  -7886.134791  15689.920221 -20212.734648    497.318671  4  5  4  61       
PG26  22489.354170   5671.965970 -13468.557108    -32.704969  3  4  3  68       
PG27  19770.179717   7451.766377  16050.221934    -33.533698  5  5  4  86       
PG28   9313.878335  14634.327224 -20127.731094   -525.244224  3  5  5  59       
PG29     23.994037  20978.070469 -16261.644134   -550.589550  6  7  6  43       
PG30  -4331.215405 -20472.910150  16352.320959   -247.769876  4  5  4  47       
PG31  14807.620773   4780.815846 -21787.585101   -218.710971  3  4  5  43       
PG32  16513.569205  20925.249494   -755.609605   -548.577969  7  6  6  60       
*  2025  1  2 21 15  0.00000000
PG01  15732.562910 -19340.929711   9163.420267 999999.999999 15 19 19           
PG02  14024.817459 -18667.676727  12749.599711   -277.233787  5  4  4  25       
PG03  19419.374491 -12337.211723 -13334.003212    638.209265  7  5  4  96       
PG04   8590.024359 -13011.153256 -21465.009330    505.869603  6  4  4  80       
PG05 -26070.243334   5144.861135  -1291.945466   -197.866958  4  5  4  70       
PG06  -8596.169453 -14816.884932 -20189.813416    -90.481566  6  6  5  78       
PG07   5536.625377 -25396.536130   4651.087689    -14.006074  5  4  3  69       
PG08  17098.604819  -2658.061661  20137.160923    452.620366  5  4  6  96       
PG09   -225.410981 -19371.525833 -18233.664709    513.057529  5  5  6  74       
PG10  13349.362139  11266.656124  20342.952727   -260.277176  3  4  4  84       
PG11 -15263.589166  -2117.273928 -21585.647709   -752.466838  5  5  6  94       
PG12 -22128.845191  10122.881038 -10880.247352   -562.145972  6  6  3  83       
PG13 -18600.737479  -7471.540110  17313.210036    692.187030  6  5  5  80       
PG14  -9263.231543 -13779.970491  20819.882307    572.509080  6  6  5  87       
PG15 -16227.317672   5288.026281  19865.087907    247.031554  5  4  6  46       
PG16  26147.443895   1742.546815  -5973.841856    -87.573300  3  1  5  59       
PG17 -12021.786915 -22888.727992   5989.234625    491.954830  5  8  6  69       
PG18  -4742.958499  25172.667616   6589.997257   -659.080796  4  1  4  78       
PG19 -17528.466052 -19722.633702  -4800.200849    581.494502  8 10  8  72       
PG20 -23082.852606  -1014.138420 -12894.328447    367.385533  3  4  5  72       
PG21  15687.969064 -12140.182139  17464.650578     99.721277  4  2  3  77       
PG22 -16392.038382 -11126.172526  17924.345667    -90.142264  6  7  5  95       
PG23  -2488.485787  15253.507066  21609.486248    396.118287  3  3  6  76       
PG24 -14343.197811  17458.631700  13169.242909   -467.890383  3  4  3  64       
PG25 -10061.635199  15925.844934 -18980.105837    497.318239  4  5  4  62       
PG26  20962.230999   6266.577287 -15504.975135    -32.718356  3  4  3  57       
PG27  20743.568991   8921.344974  14019.412589    -33.533299  5  5  3  93       
PG28   8454.151597  16692.929917 -18864.425588   -525.253256  3  5  5  55       
PG29  -1199.074182  19442.229764 -18044.576352   -550.586333  6  7  6  80       
PG30  -3469.917626 -22016.472090  14394.402072   -247.762363  4  5  4  69       
PG31  13847.645519   7026.506615 -21778.320283   -218.710217  3  4  5  47       
PG32  16302.652273  21030.093399   2093.300872   -548.572051  7  5  6  73       
*  2025  1  2 21 30  0.00000000
PG01  15490.073334 -18152.773371  11667.222613 999999.999999 15 19 19           
PG02  13876.396281 -17132.094710  14989.539697   -277.225710  5  3  4  44       
PG03  20784.587983 -12467.195079 -10892.739750    638.216391  7  4  3  90       
PG04  10216.447255 -11138.923526 -21816.222700    505.874982  7  4  3  70       
PG05 -25842.867343   4868.151552  -4148.725632   -197.867863  5  5  5  76       
PG06  -7789.024632 -16911.804477 -18819.341099    -90.506280  6  6  6  86       
PG07   5932.656970 -25602.830648   1822.594181    -14.005801  5  4  2  76       
PG08  18603.852728   -977.726224  18967.777818    452.627820  6  4  6  99       
PG09   1352.598077 -17903.214742 -19644.555441    513.071430  6  5  6  66       
PG10  11085.364304  11792.653623  21360.994049   -260.291624  3  4  4  74       
PG11 -14414.994527  -4459.344324 -21815.775084   -752.466321  5  6  6  90       
PG12 -23212.786115  10051.210343  -8313.408678   -562.148034  6  5  2  77       
PG13 -19548.709806  -9125.535962  15417.934493    692.190728  6  5  6  56       
PG14  -6910.409161 -14287.206745  21364.341114    572.515722  6  6  5  70       
PG15 -17951.942870   3738.506742  18743.578745    247.035642  5  3  6  60       
PG16  25395.867343   2043.413399  -8639.870001    -87.565141  3  1  5  58       
PG17 -11339.678679 -22416.036664   8700.379674    491.939490  5  7  6  75       
PG18  -5150.153444  25659.674354   3776.898831   -659.079926  5  1  4  65       
PG19 -17580.609899 -20141.594743  -1995.703232    581.498301  7 10  8  79       
PG20 -21669.688311  -1832.638891 -15070.727209    367.385399  3  4  6  74       
PG21  15428.381250 -10088.039828  19064.469323     99.722797  4  2  3  91       
PG22 -14348.798162 -11521.646278  19424.340295    -90.144162  5  7  5  96       
PG23  -4851.119288  15765.298236  20804.656605    396.125150  3  3  5  67       
PG24 -14261.301117  15718.060623  15252.406623   -467.887123  3  4  4  70       
PG25 -12074.593268  16236.717667 -17427.467141    497.317758  4  5  4  79       
PG26  19261.297932   6995.381313 -17282.097568    -32.731727  3  5  4  56       
PG27  21627.117062  10153.902689  11747.806307    -33.532866  6  6  3  89       
PG28   7748.509258  18638.963328 -17276.880467   -525.262251  3  6  5  48       
PG29  -2613.657753  17828.124021 -19516.734558   -550.583449  7  7  5  46       
PG30  -2754.510791 -23377.815136  12187.997697   -247.754876  4  5  4  72       
PG31  13010.802020   9301.959920 -21402.116802   -218.709714  3  3  5  32       
PG32  15884.006205  20909.692714   4906.731890   -548.566119  7  5  5  80       
*  2025  1  2 21 45  0.00000000
PG01  15221.197535 -16696.401392  13970.289637 999999.999999 16 19 19           
PG02  13768.557364 -15361.424980  16974.429696   -277.217565  5  3  4  70       
PG03  21864.463469 -12596.982201  -8264.276121    638.223463  7  4  3  86       
PG04  11951.503592  -9343.213894 -21791.223801    505.880360  7  4  3  90       
PG05 -25328.122371   4480.293085  -6934.615570   -197.868791  5  5  5  35       
PG06  -7146.951002 -18880.492597 -17121.849092    -90.531041  6  6  6  81       
PG07   6241.715021 -25513.496381  -1037.990301    -14.005250  6  4  2  54       
PG08  20078.407624    519.390845  17472.945763    452.635270  6  4  7 100       
PG09   3106.967190 -16424.329488 -20719.428188    513.085283  6  5  6  82       
PG10   8762.458560  12473.082065  22021.233128   -260.306004  3  4  4  97       
PG11 -13689.955765  -6846.908196 -21669.062979   -752.465816  6  6  7  79       
PG12 -24009.297212   9974.469912  -5604.576039   -562.150172  6  5  2  10       
PG13 -20443.951618 -10539.670240  13256.005958    692.190888  6  6  6  83       
PG14  -4544.023436 -14921.419336  21543.410589    572.522368  6  6  5  62       
PG15 -19624.767348   2361.400444  17286.897680    247.039886  5  2  6  77       
PG16  24377.941736   2435.498301 -11162.811493    -87.556581  3  1  5  93       
PG17 -10437.193490 -21758.734964  11262.236706    491.924483  5  7  6  52       
PG18  -5444.709096  25855.092817    897.932292   -659.079050  5  1  3  33       
PG19 -17452.692398 -20314.659072    842.184229    581.502475  7 10  8  76       
PG20 -20090.999966  -2823.720884 -16984.781636    367.385172  4  5  6  87       
PG21  15248.403265  -7875.695713  20334.741600     99.723448  3  2  3 105       
PG22 -12186.095072 -12048.970943  20597.405030    -90.146178  5  7  5  92       
PG23  -7077.250775  16374.592892  19641.444753    396.131970  3  3  5  56       
PG24 -14226.418379  13753.246068  17060.123361   -467.883876  3  4  4  76       
PG25 -13890.867428  16593.875184 -15579.777110    497.317273  5  6  5  76       
PG26  17425.773598   7869.463212 -18769.922393    -32.745090  4  5  4  59       
PG27  22380.120251  11148.912458   9275.432601    -33.532420  6  6  3  85       
PG28   7188.295091  20427.578233 -15392.338321   -525.271282  4  6  5   7       
PG29  -4208.786394  16181.452141 -20653.153886   -550.580014  7  7  6  60       
PG30  -2167.773456 -24520.081483   9770.605823   -247.747408  5  5  4  84       
PG31  12307.774303  11561.172954 -20664.129129   -218.709109  3  4  5  49       
PG32  15236.042194  20595.171419   7637.169712   -548.560166  6  5  4  87       
*  2025  1  2 22  0  0.00000000
PG01  14963.522440 -14989.669006  16033.023857 999999.999999 16 20 19           
PG02  13732.947491 -13387.248030  18672.268311   -277.209482  5  2  4  49       
PG03  22646.903727 -12686.107794  -5493.469736    638.230594  7  4  3  93       
PG04  13760.569570  -7659.509023 -21390.913916    505.885761  7  4  4  98       
PG05 -24550.094951   3950.212035  -9602.229516   -197.869463  6  5  5  45       
PG06  -6658.644107 -20676.104282 -15126.735810    -90.555792  6  5  6  87       
PG07   6498.524231 -25117.603466  -3880.094959    -14.004689  5  3  2  62       
PG08  21479.738049   1820.875743  15679.487227    452.642659  7  4  7  97       
PG09   5013.953520 -14975.727538 -21440.237026    513.099181  7  5  6  84       
PG10   6429.336579  13303.587566  22311.887174   -260.320419  3  3  3  72       
PG11 -13100.836258  -9231.950850 -21148.232601   -752.465400  7  6  7  93       
PG12 -24509.920936   9854.714283  -2799.695445   -562.152091  6  5  3  68       
PG13 -21243.957213 -11705.885721  10865.587971    692.191264  6  6  6  74       
PG14  -2210.310383 -15672.736605  21353.332642    572.528999  6  6  5  75       
PG15 -21201.265121   1165.877226  15522.395693    247.043833  5  2  6  75       
PG16  23120.921676   2947.291277 -13501.279548    -87.548144  4  2  4  82       
PG17  -9305.249492 -20956.796725  13631.838267    491.909464  4  7  6  67       
PG18  -5662.029261  25743.605598  -1996.699184   -659.078137  6  1  3  18       
PG19 -17115.034211 -20264.753588   3665.936347    581.506370  7  9  7  79       
PG20 -18390.628887  -3993.259134 -18603.213535    367.384999  5  5  7  80       
PG21  15171.335637  -5545.300160  21257.054736     99.725193  3  2  2  88       
PG22  -9949.717243 -12715.068421  21425.236849    -90.148022  5  7  5  98       
PG23  -9126.913035  17052.378176  18139.225124    396.138782  2  3  5  73       
PG24 -14265.958142  11598.980079  18559.437112   -467.880583  3  5  4  89       
PG25 -15482.545796  16963.856664 -13467.147495    497.316742  5  6  4  72       
PG26  15497.456875   8892.685667 -19943.090924    -32.758450  4  5  4  59       
PG27  22964.110900  11914.255282   6645.315779    -33.531896  6  6  3 108       
PG28   6757.321039  22017.574574 -13243.151345   -525.280320  4  6  5  66       
PG29  -5965.316191  14546.286218 -21434.693075   -550.576964  7  7  6  35       
PG30  -1686.386848 -25411.850925   7183.617793   -247.739939  5  5  4  61       
PG31  11741.461015  13757.139389 -19575.574557   -218.708311  4  4  5  68       
PG32  14344.350406  20122.353543  10238.698513   -548.554281  6  5  4  72       
*  2025  1  2 22 15  0.00000000
PG01  14751.617469 -13058.402072  17819.969528 999999.999999 16 20 18           
PG02  13795.664742 -11247.036739  20056.182628   -277.201285  5  2  4  83       
PG03  23128.944453 -12693.637125  -2627.839374    638.237769  7  4  4  94       
PG04  15603.898504  -6116.881529 -20622.650872    505.891136  7  4  5  86       
PG05 -23539.859439   3252.236854 -12106.355079   -197.870782  6  5  6  73       
PG06  -6304.937408 -22256.106050 -12868.640152    -90.580554  6  5  6  87       
PG07   6739.345046 -24413.293641  -6652.848480    -14.004297  5  3  2  57       
PG08  22765.303671   2922.595531  13619.068597    452.650060  7  4  6 103       
PG09   7042.804878 -13594.216943 -21794.970891    513.113057  7  5  5  78       
PG10   4133.801693  14271.450995  22227.182817   -260.334780  3  3  4  82       
PG11 -12651.856486 -11565.449088 -20262.476001   -752.464891  7  6  7  80       
PG12 -24714.882411   9654.008308     53.319008   -562.154021  6  5  2  62       
PG13 -21907.082748 -12625.020275   8288.516902    692.193244  6  6  7  69       
PG14     46.556809 -16523.771721  20796.643625    572.535628  6  6  5  85       
PG15 -22638.020892    152.688620  13482.816901    247.048045  6  2  6  88       
PG16  21658.035830   3601.840863 -15616.962706    -87.539576  4  2  5  65       
PG17  -7942.897492 -20052.511937  15769.897445    491.894146  4  7  5  57       
PG18  -5839.978600  25318.865121  -4856.468667   -659.077204  6  1  3  63       
PG19 -16543.877224 -20020.947507   6428.089305    581.510573  6  9  7  84       
PG20 -16614.300851  -5338.918146 -19897.961244    367.384438  5  5  7  87       
PG21  15213.286605  -3142.289207  21819.235344     99.727023  2  2  2 100       
PG22  -7686.379825 -13519.031578  21895.290109    -90.149902  6  7  5  89       
PG23 -10966.483207  17763.884015  16323.326125    396.145607  3  4  5  72       
PG24 -14401.554908   9296.152037  19723.199127   -467.877302  3  5  5  90       
PG25 -16828.882810  17309.717161 -11124.440586    497.316253  5  6  4  84       
PG26  13519.291206  10061.367604 -20781.306250    -32.771832  5  6  5  39       
PG27  23344.341384  12465.645297   3902.707666    -33.531344  6  6  4  94       
PG28   6432.652501  23372.873448 -10866.230314   -525.289356  4  7  5  63       
PG29  -7856.503525  12963.460926 -21848.334708   -550.573855  8  7  6  64       
PG30  -1282.015026 -26028.342398   4471.622018   -247.732500  6  5  4  70       
PG31  11306.910582  15843.454808 -18153.639301   -218.707746  4  4  5  57       
PG32  13202.378258  19530.296124  12667.718966   -548.548402  5  6  3  59       
*  2025  1  2 22 30  0.00000000
PG01  14615.593776 -10935.570289  19300.419656 999999.999999 16 20 18           
PG02  13976.246209  -8982.852636  21104.731686   -277.193009  4  2  4  79       
PG03  23316.790262 -12579.915422    283.240489    638.244916  7  4  4  92       
PG04  17438.038342  -4737.041434 -19500.090577    505.896508  7  4  6  81       
PG05 -22334.266502   2367.252931 -14404.684352   -197.871384  7  5  6  64       
PG06  -6059.716851 -23583.826283 -10386.824558    -90.605319  6  6  7  85       
PG07   7000.306685 -23408.040830  -9306.087770    -14.003450  5  3  2  61       
PG08  23894.128686   3828.597618  11327.604276    452.657457  8  4  6 102       
PG09   9156.764423 -12311.237645 -21777.833231    513.126927  7  5  5  65       
PG10   1921.145567  15355.943673  21767.504644   -260.349186  4  3  4  79       
PG11 -12339.019910 -13799.086078 -19027.282607   -752.464428  7  6  8  83       
PG12 -24633.054044   9336.077005   2905.383594   -562.155912  6  5  3  69       
PG13 -22394.193141 -13306.518937   5569.536426    692.194208  7  6  7  71       
PG14   2185.980782 -17450.212236  19882.180778    572.542273  6  5  5  87       
PG15 -23894.383028   -685.577225  11205.565972    247.051968  6  3  7  66       
PG16  20027.316750   4415.755301 -17475.158880    -87.530795  5  2  4  78       
PG17  -6357.467270 -19088.815824  17641.378778    491.879086  4  7  5  44       
PG18  -6017.189543  24583.796117  -7631.445882   -659.076316  7  3  4  49       
PG19 -15722.449473 -19617.272422   9081.982009    581.514777  6  8  7  57       
PG20 -14807.919877  -6850.061527 -20846.676395    367.384534  5  5  7  80       
PG21  15382.655699   -713.800973  22015.304960     99.728272  1  2  2  97       
PG22  -5442.150252 -14452.114926  22000.881577    -90.151894  6  7  4  88       
PG23 -12569.816774  18469.950571  14224.631689    396.152418  3  5  5  74       
PG24 -14648.068980   6890.259499  20530.632576   -467.874029  3  6  5  93       
PG25 -17916.983977  17592.506014  -8590.773615    497.315812  5  6  4  49       
PG26  11533.889465  11364.244207 -21269.687550    -32.785197  5  6  5  78       
PG27  23491.117796  12825.775898   1094.314585    -33.530816  6  6  4  93       
PG28   6185.661943  24463.803448  -8302.414547   -525.298388  5  7  5  59       
PG29  -9848.874813  11469.105415 -21887.379177   -550.570282  8  7  6  55       
PG30   -922.597242 -26352.376712   1681.632991   -247.724995  6  5  4  62       
PG31  10991.562522  17775.926562 -16421.287751   -218.707149  5  4  6  63       
PG32  11811.819835  18859.724061  14883.620765   -548.542513  5  6  3  69       
*  2025  1  2 22 45  0.00000000
PG01  14579.847739  -8660.191701  20448.940912 999999.999999 17 20 17           
PG02  14286.924803  -6639.905655  21802.117830   -277.184946  4  2  3  85       
PG03  23225.503210 -12308.288148   3189.392904    638.252069  7  4  4  97       
PG04  19217.396543  -3533.681126 -18042.922912    505.901932  7  4  7  70       
PG05 -20974.534001   1283.603419 -16458.488943   -197.872698  7  5  6  76       
PG06  -5891.117882 -24629.785295  -7724.471327    -90.630088  6  6  7  94       
PG07   7315.717816 -22118.534214 -11791.393149    -14.003052  6  3  3  67       
PG08  24828.310128   4550.701921   8844.611202    452.664876  8  4  6  95       
PG09  11314.306107 -11151.761546 -21389.320723    513.140788  7  5  4  58       
PG10   -167.391245  16528.992776  20939.458398   -260.363634  4  3  4  74       
PG11 -12150.370081 -15886.941448 -17464.156434   -752.463937  7  6  8  82       
PG12 -24281.595526   8867.916576   5707.086881   -562.158167  6  5  3  72       
PG13 -22670.206726 -13767.823960   2755.502881    692.195343  7  6  7  70       
PG14   4172.322236 -18421.693828  18624.981425    572.548869  6  5  4  88       
PG15 -24933.988759  -1363.906514   8731.903479    247.056009  6  3  7  81       
PG16  18270.277883   5398.437684 -19045.261800    -87.522340  6  3  4  57       
PG17  -4564.405021 -18107.634624  19215.979932    491.864073  5  7  4  56       
PG18  -6231.340736  23550.540775 -10273.207498   -659.075410  7  4  4  47       
PG19 -14641.788926 -19091.361175  11582.499803    581.519158  6  8  7  71       
PG20 -13015.869696  -8507.996139 -21433.112328    367.384214  5  5  7  81       
PG21  15679.931177   1692.917348  21845.338543     99.729995  1  3  2 106       
PG22  -3260.920594 -15498.017773  21741.215172    -90.153807  6  7  4  89       
PG23 -13919.098517  19128.589731  11879.076488    396.159210  4  5  5  61       
PG24 -15012.892251   4429.728334  20967.742714   -467.870726  4  6  5 104       
PG25 -18742.206821  17772.858202  -5908.931346    497.315310  5  5  4  49       
PG26   9582.070522  12782.713205 -21399.054223    -32.798558  6  6  5  73       
PG27  23380.938380  13023.225865  -1732.469330    -33.530323  6  5  4  83       
PG28   5983.309775  25268.151946  -5595.773265   -525.307417  5  7  5  59       
PG29 -11903.357748  10093.372413 -21551.531192   -550.567414  9  7  7  60       
PG30   -573.802363 -26375.058114  -1137.741101   -247.717543  7  5  4  60       
PG31  10775.792233  19514.128880 -14406.971127   -218.706405  5  4  6  53       
PG32  10182.704913  18151.424063  16849.402537   -548.536583  6  6  3  49       
*  2025  1  2 23  0  0.00000000
PG01  14662.037419  -6276.010136  21245.807763 999999.999999 17 20 16           
PG02  14732.172919  -4265.030494  22138.312303   -277.176817  3  3  4  81       
PG03  22878.352329 -11846.722954   6040.124397    638.259245  7  5  5  86       
PG04  20895.891902  -2512.138140 -16276.508382    505.907260  7  5  7  55       
PG05 -19504.694066     -2.295577 -18233.230870   -197.873214  8  4  6  63       
PG06  -5762.956080 -25372.752108  -4927.906221    -90.654877  5  6  7  95       
PG07   7716.432020 -20570.176971 -14063.119873    -14.002312  6  3  3  69       
PG08  25534.407411   5107.807631   6212.526255    452.672365  8  4  5 108       
PG09  13470.554573 -10133.451144 -20636.201136    513.154640  7  4  4  61       
PG10  -2096.019031  17756.137842  19755.843520   -260.378024  5  3  5  71       
PG11 -12066.567473 -17787.091778 -15600.229841   -752.463459  6  6  8  84       
PG12 -23685.277214   8221.301521   8409.561158   -562.160303  6  6  3  74       
PG13 -22705.480754 -14033.472740   -105.423511    692.196627  7  6  7  74       
PG14   5976.097395 -19402.927939  17046.073085    572.555507  6  5  4  89       
PG15 -25726.101543  -1903.972249   6106.094448    247.060068  6  3  7  69       
PG16  16430.481562   6551.579722 -20301.198203    -87.513728  6  3  4  26       
PG17  -2586.815284 -17148.307371  20468.524232    491.848703  5  7  4  66       
PG18  -6517.478162  22240.048468 -12735.717866   -659.074484  7  4  4  32       
PG19 -13301.292843 -18482.952154  13886.811720    581.523162  5  8  6  69       
PG20 -11279.390599 -10286.541103 -21647.397333    367.383855  5  5  8  97       
PG21  16097.791719   4032.056606  21315.243353     99.731144  2  4  2 104       
PG22  -1182.977203 -16633.445231  21121.331260    -90.155958  6  7  4  99       
PG23 -15005.374510  19696.680431   9327.041426    396.166022  4  6  5  61       
PG24 -15495.590990   1964.119324  21027.561751   -467.867421  4  6  6 102       
PG25 -19308.255558  17812.639801  -3124.690504    497.314811  6  5  3  81       
PG26   7701.459240  14291.363020 -21166.133468    -32.811893  7  6  5  81       
PG27  22997.400567  13091.171167  -4530.312264    -33.529865  6  6  5  83       
PG28   5789.602562  25771.940751  -2792.850091   -525.316473  5  7  5  61       
PG29 -13976.630224   8859.411175 -20846.879329   -550.564550  9  6  7  74       
PG30   -200.587232 -26096.143148  -3937.176356   -247.710095  7  5  4  77       
PG31  10633.745122  21022.843744 -12144.233380   -218.705845  5  4  7  41       
PG32   8333.186359  17444.655319  18532.233554   -548.530710  5  6  3  46       
*  2025  1  2 23 15  0.00000000
PG01  14872.331667  -3829.995932  21677.338711 999999.999999 17 20 16           
PG02  15308.540642  -1905.132633  22109.101755   -277.168469  3  4  4  86       
PG03  22305.846521 -11169.266650   8785.727110    638.266391  7  5  5  99       
PG04  22428.630163  -1669.385753 -14231.423297    505.912565  7  5  8  72       
PG05 -17969.954412  -1485.646497 -19699.102530   -197.874593  8  4  6  86       
PG06  -5636.332965 -25800.486090  -2045.765105    -90.679673  4  7  7  93       
PG07   8228.345816 -18796.213176 -16079.393251    -14.001744  6  3  3  70       
PG08  25984.664983   5524.945665   3475.997907    452.679947  8  4  5  97       
PG09  15578.836760  -9266.106803 -19531.391613    513.168515  7  4  5  71       
PG10  -3835.606324  18997.749113  18235.530092   -260.392457  4  2  5  72       
PG11 -12061.762173 -19463.060429 -13467.781487   -752.462940  6  6  8 101       
PG12 -22875.507947   7374.124817  10965.367217   -562.161984  6  6  3  70       
PG13 -22476.988391 -14133.943432  -2964.587810    692.197754  7  6  7  75       
PG14   7574.942846 -20355.042452  15172.154596    572.562108  6  5  4  93       
PG15 -26246.711585  -2332.995154   3374.534234    247.064213  6  3  7  16       
PG16  14552.044636   7868.930948 -21221.813710    -87.505116  7  3  4  55       
PG17   -454.730213 -16246.137649  21379.265868    491.833741  6  7  3  61       
PG18  -6906.448224  20681.326933 -14976.161594   -659.073537  7  5  5  69       
PG19 -11708.967997 -17832.311435  15955.091372    581.527259  5  8  6  55       
PG20  -9635.095796 -12152.898360 -21486.188612    367.383659  5  5  8  83       
PG21  16621.493380   6260.697863  20436.474372     99.732837  2  4  3 100       
PG22    756.286508 -17828.924387  20151.985003    -90.157765  6  7  5 100       
PG23 -15828.741547  20131.731110   6612.658604    396.172842  5  7  6  50       
PG24 -16087.899284   -457.696759  20710.224409   -467.864083  5  7  6 106       
PG25 -19626.957997  17676.583730   -286.062789    497.314287  6  5  3  77       
PG26   5925.200640  15858.768661 -20573.684911    -32.825274  7  6  5  55       
PG27  22331.849586  13065.952682  -7252.670091    -33.529478  6  6  5  83       
PG28   5567.171611  25969.896139     58.136489   -525.325540  5  7  5  81       
PG29 -16022.635342   7782.621268 -19785.770677   -550.561235  9  6  7  54       
PG30    231.204847 -25524.077866  -6667.538713   -247.702614  8  5  4  82       
PG31  10534.434229  22273.329950  -9671.214241   -218.705020  6  4  7  22       
PG32   6289.034724  16775.633090  19903.952395   -548.524846  5  6  3  69       
*  2025  1  2 23 30  0.00000000
PG01  15212.960908  -1370.726896  21736.129147 999999.999999 17 20 14           
PG02  16004.786795    394.344274  21716.062154   -277.160483  3  5  5  72       
PG03  21544.486593 -10257.276083  11378.179312    638.273639  6  6  6 103       
PG04  23773.540006   -994.348905 -11942.922385    505.917887  8  6  8  79       
PG05 -16415.034184  -3153.278448 -20831.490082   -197.875449  8  4  6  71       
PG06  -5471.351441 -25910.134695    871.879443    -90.704465  4  7  7  99       
PG07   8871.102992 -16836.515112 -17803.033920    -14.001107  7  3  4  80       
PG08  26158.027157   5832.115703    681.162551    452.687492  8  4  5 102       
PG09  17592.307867  -8551.422103 -18093.739757    513.182381  7  4  6  63       
PG10  -5364.647543  20210.468216  16403.235996   -260.406870  4  2  5  63       
PG11 -12104.727080 -20885.061763 -11103.667673   -752.462476  5  6  8  91       
PG12 -21889.101171   6311.513002  13329.374460   -562.164348  5  6  3  72       
PG13 -21969.246935 -14104.296036  -5773.637568    692.198882  7  5  7  81       
PG14   8954.308147 -21237.085277  13035.170610    572.568725  6  5  4  88       
PG15 -26479.363111  -2682.408481    584.873782    247.068067  6  3  7  80       
PG16  12678.130248   9336.352353 -21791.204769    -87.496467  7  4  4  17       
PG17   1795.862861 -15431.122686  21934.110724    491.818311  6  7  3  45       
PG18  -7423.507090  18910.385969 -16955.710747   -659.072593  7  5  5  51       
PG19  -9881.366739 -17178.629456  17751.210553    581.531393  5  8  5  61       
PG20  -8113.685186 -14068.789397 -20952.705512    367.383426  5  5  8  69       
PG21  17229.515413   8340.127480  19225.700461     99.734163  2  4  3  93       
PG22   2527.473629 -19049.845736  18849.457611    -90.159212  6  7  5 102       
PG23 -16398.184070  20393.638635   3783.037575    396.179627  5  7  6  58       
PG24 -16774.059085  -2789.313551  20022.876994   -467.860780  5  7  7 102       
PG25 -19717.725576  17333.849290   2557.533446    497.313805  6  4  3  61       
PG26   4280.836393  17448.531577 -19630.535973    -32.838658  7  6  5  72       
PG27  21383.750878  12985.552879  -9854.480506    -33.529103  6  5  6  73       
PG28   5278.910196  25865.594943   2908.122958   -525.334602  5  7  5  77       
PG29 -17994.205147   6870.213348 -18386.584050   -550.558022  9  6  8  61       
PG30    753.272174 -24675.698409  -9280.797440   -247.695135  8  5  4  87       
PG31  10443.064054  23244.367103  -7030.051947   -218.704166  6  4  8  60       
PG32   4082.858393  16176.138499  20941.498266   -548.518951  5  6  3  77       
*  2025  1  2 23 45  0.00000000
PG01  15678.087088   1053.288967  21421.177109 999999.999999 17 19 13           
PG02  16802.292491   2590.880605  20966.465988   -277.152263  3  5  6  90       
PG03  20635.284392  -9100.370075  13772.025595    638.280761  6  7  6 103       
PG04  24892.908021   -468.530786  -9450.328701    505.923235  8  7  8  86       
PG05 -14882.534817  -4983.970707 -21611.355582   -197.876327  9  4  6  84       
PG06  -5228.871054 -25708.272667   3774.413853    -90.729255  3  6  7  94       
PG07   9657.070259 -14736.082065 -19202.381037    -14.000605  7  3  4  97       
PG08  26040.912167   6062.952885  -2125.085251    452.694958  8  5  4  95       
PG09  19465.591792  -7983.055450 -16347.710989    513.196258  7  5  7  86       
PG10  -6669.950501  21348.822157  14289.201259   -260.421256  4  3  5  65       
PG11 -12160.206373 -22030.993040  -8548.677677   -752.462090  5  6  8  98       
PG12 -20766.825252   5026.665694  15459.616904   -562.166344  5  6  4  84       
PG13 -21174.966889 -13982.662675  -8485.297188    692.200087  8  5  7  59       
PG14  10107.846666 -22007.633178  10671.784163    572.575300  6  6  3 108       
PG15 -26415.685144  -2986.387176  -2214.836550    247.072354  6  4  7  69       
PG16  10849.475101  10932.155263 -21998.993220    -87.488100  8  4  3   8       
PG17   4124.197967 -14726.899627  22124.756429    491.802814  7  7  4  55       
PG18  -8087.162834  16968.917394 -18640.211367   -659.071696  7  6  6  97       
PG19  -7843.204584 -16558.451555  19243.393542    581.535439  6  8  5  67       
PG20  -6738.905882 -15991.812202 -20056.643247    367.383202  5  5  8  63       
PG21  17894.432968  10236.980060  17704.433026     99.735587  3  5  5 102       
PG22   4108.069189 -20257.693811  17235.303687    -90.161470  6  7  6 106       
PG23 -16731.063082  20446.372165    887.427100    396.186453  6  8  7  63       
PG24 -17531.485832  -4988.435521  18979.429038   -467.857443  6  7  7 101       
PG25 -19606.710699  16759.439169   5356.159177    497.313307  6  4  3  80       
PG26   2789.387418  19020.530260 -18351.522099    -32.852032  8  6  5  74       
PG27  20160.778053  12888.035701 -12292.820857    -33.528751  5  5  6  61       
PG28   4889.605250  25471.280925   5708.046502   -525.343668  6  7  5  74       
PG29 -19844.732115   6121.091480 -16673.406517   -550.555087 10  5  8  34       
PG30   1393.375867 -23575.604475 -11730.925845   -247.687677  8  5  5  93       
PG31  10322.532565  23923.028107  -4266.191206   -218.703734  6  4  8  80       
PG32   1753.076553  15672.303279  21627.271017   -548.513049  5  6  3  78       
EOF
