2 rtcm3 1097 satellite error: prn=34
2 rtcm3 1127: unknown signal id=31
2 rtcm3 1127 satellite error: prn=38
2 no broadcast ephemeris: 2026/09/14 21:51:12 sat=25 iode= -1
2 no broadcast clock 2026/09/14 21:51:11.925 sat=25
2 no broadcast clock 2026/09/14 21:51:11.873 sat=130
2 no broadcast ephemeris: 2026/09/14 21:51:12 sat=26 iode= -1
2 no broadcast clock 2026/09/14 21:51:11.929 sat=26
2 no broadcast clock 2026/09/14 21:51:11.872 sat=132
2 no broadcast ephemeris: 2026/09/14 21:51:12 sat= 4 iode= -1
2 no broadcast clock 2026/09/14 21:51:11.918 sat= 4
2 no broadcast clock 2026/09/14 21:51:11.873 sat=145
2 no broadcast ephemeris: 2026/09/14 21:51:12 sat=18 iode= -1
2 no broadcast clock 2026/09/14 21:51:11.927 sat=18
2 no broadcast ephemeris: 2026/09/14 21:51:12 sat=16 iode= -1
2 no broadcast clock 2026/09/14 21:51:11.921 sat=16
2 no broadcast ephemeris: 2026/09/14 21:51:12 sat=31 iode= -1
2 no broadcast clock 2026/09/14 21:51:11.931 sat=31
2 no broadcast ephemeris: 2026/09/14 21:51:12 sat=21 iode= -1
2 no broadcast clock 2026/09/14 21:51:11.917 sat=21
2 no broadcast ephemeris: 2026/09/14 21:51:12 sat= 5 iode= -1
2 no broadcast clock 2026/09/14 21:51:11.918 sat= 5
2 no broadcast ephemeris: 2026/09/14 21:51:12 sat=28 iode= -1
2 no broadcast clock 2026/09/14 21:51:11.930 sat=28
2 no broadcast ephemeris: 2026/09/14 21:51:12 sat=29 iode= -1
2 no broadcast clock 2026/09/14 21:51:11.931 sat=29
2 no broadcast ephemeris: 2026/09/14 21:51:12 sat= 1 iode= -1
2 no broadcast clock 2026/09/14 21:51:11.925 sat= 1
2 no broadcast ephemeris: 2026/09/14 21:51:12 sat=12 iode= -1
2 no broadcast clock 2026/09/14 21:51:11.914 sat=12
2 no broadcast clock 2026/09/14 21:51:11.922 sat=38
2 no broadcast clock 2026/09/14 21:51:11.927 sat=49
2 no broadcast clock 2026/09/14 21:51:11.936 sat=56
2 no broadcast clock 2026/09/14 21:51:11.921 sat=37
2 no broadcast clock 2026/09/14 21:51:11.930 sat=47
2 no broadcast clock 2026/09/14 21:51:11.936 sat=46
2 no broadcast clock 2026/09/14 21:51:11.926 sat=45
2 no broadcast ephemeris: 2026/09/14 21:51:12 sat=60 iode= -1
2 no broadcast clock 2026/09/14 21:51:11.911 sat=60
2 no broadcast ephemeris: 2026/09/14 21:51:12 sat=62 iode= -1
2 no broadcast clock 2026/09/14 21:51:11.908 sat=62
2 no broadcast ephemeris: 2026/09/14 21:51:12 sat=69 iode= -1
2 no broadcast clock 2026/09/14 21:51:11.916 sat=69
2 no broadcast ephemeris: 2026/09/14 21:51:12 sat=71 iode= -1
2 no broadcast clock 2026/09/14 21:51:11.916 sat=71
2 no broadcast ephemeris: 2026/09/14 21:51:12 sat=75 iode= -1
2 no broadcast clock 2026/09/14 21:51:11.915 sat=75
2 no broadcast ephemeris: 2026/09/14 21:51:12 sat=77 iode= -1
2 no broadcast clock 2026/09/14 21:51:11.921 sat=77
2 no broadcast ephemeris: 2026/09/14 21:51:12 sat=79 iode= -1
2 no broadcast clock 2026/09/14 21:51:11.912 sat=79
2 no broadcast ephemeris: 2026/09/14 21:51:12 sat=82 iode= -1
2 no broadcast clock 2026/09/14 21:51:11.907 sat=82
2 no broadcast ephemeris: 2026/09/14 21:51:12 sat=83 iode= -1
2 no broadcast clock 2026/09/14 21:51:11.916 sat=83
2 no broadcast ephemeris: 2026/09/14 21:51:12 sat=84 iode= -1
2 no broadcast clock 2026/09/14 21:51:11.913 sat=84
2 no broadcast ephemeris: 2026/09/14 21:51:12 sat=85 iode= -1
2 no broadcast clock 2026/09/14 21:51:11.905 sat=85
2 no broadcast ephemeris: 2026/09/14 21:51:12 sat=102 iode= -1
2 no broadcast clock 2026/09/14 21:51:11.863 sat=102
2 no broadcast ephemeris: 2026/09/14 21:51:12 sat=106 iode= -1
2 no broadcast clock 2026/09/14 21:51:11.914 sat=106
2 no broadcast ephemeris: 2026/09/14 21:51:12 sat=113 iode= -1
2 no broadcast clock 2026/09/14 21:51:11.909 sat=113
2 no broadcast ephemeris: 2026/09/14 21:51:12 sat=117 iode= -1
2 no broadcast clock 2026/09/14 21:51:11.916 sat=117
2 point position error (lack of valid sats ns=4)
2 rtcm3 1097 satellite error: prn=34
2 rtcm3 1127: unknown signal id=31
2 rtcm3 1127 satellite error: prn=38
2 no broadcast ephemeris: 2026/09/14 21:51:13 sat=25 iode= -1
2 no broadcast clock 2026/09/14 21:51:12.925 sat=25
2 no broadcast clock 2026/09/14 21:51:12.873 sat=130
2 no broadcast ephemeris: 2026/09/14 21:51:13 sat=26 iode= -1
2 no broadcast clock 2026/09/14 21:51:12.929 sat=26
2 no broadcast clock 2026/09/14 21:51:12.872 sat=132
2 no broadcast ephemeris: 2026/09/14 21:51:13 sat= 4 iode= -1
2 no broadcast clock 2026/09/14 21:51:12.918 sat= 4
2 no broadcast clock 2026/09/14 21:51:12.873 sat=145
2 no broadcast ephemeris: 2026/09/14 21:51:13 sat=18 iode= -1
2 no broadcast clock 2026/09/14 21:51:12.927 sat=18
2 no broadcast ephemeris: 2026/09/14 21:51:13 sat=16 iode= -1
2 no broadcast clock 2026/09/14 21:51:12.921 sat=16
2 no broadcast ephemeris: 2026/09/14 21:51:13 sat=31 iode= -1
2 no broadcast clock 2026/09/14 21:51:12.931 sat=31
2 no broadcast ephemeris: 2026/09/14 21:51:13 sat=21 iode= -1
2 no broadcast clock 2026/09/14 21:51:12.917 sat=21
2 no broadcast ephemeris: 2026/09/14 21:51:13 sat= 5 iode= -1
2 no broadcast clock 2026/09/14 21:51:12.918 sat= 5
2 no broadcast ephemeris: 2026/09/14 21:51:13 sat=28 iode= -1
2 no broadcast clock 2026/09/14 21:51:12.930 sat=28
2 no broadcast ephemeris: 2026/09/14 21:51:13 sat=29 iode= -1
2 no broadcast clock 2026/09/14 21:51:12.931 sat=29
2 no broadcast ephemeris: 2026/09/14 21:51:13 sat= 1 iode= -1
2 no broadcast clock 2026/09/14 21:51:12.925 sat= 1
2 no broadcast ephemeris: 2026/09/14 21:51:13 sat=12 iode= -1
2 no broadcast clock 2026/09/14 21:51:12.914 sat=12
2 no broadcast clock 2026/09/14 21:51:12.922 sat=38
2 no broadcast clock 2026/09/14 21:51:12.927 sat=49
2 no broadcast clock 2026/09/14 21:51:12.936 sat=56
2 no broadcast clock 2026/09/14 21:51:12.921 sat=37
2 no broadcast clock 2026/09/14 21:51:12.930 sat=47
2 no broadcast clock 2026/09/14 21:51:12.936 sat=46
2 no broadcast clock 2026/09/14 21:51:12.926 sat=45
2 no broadcast ephemeris: 2026/09/14 21:51:13 sat=60 iode= -1
2 no broadcast clock 2026/09/14 21:51:12.911 sat=60
2 no broadcast ephemeris: 2026/09/14 21:51:13 sat=62 iode= -1
2 no broadcast clock 2026/09/14 21:51:12.908 sat=62
2 no broadcast ephemeris: 2026/09/14 21:51:13 sat=69 iode= -1
2 no broadcast clock 2026/09/14 21:51:12.916 sat=69
2 no broadcast ephemeris: 2026/09/14 21:51:13 sat=71 iode= -1
2 no broadcast clock 2026/09/14 21:51:12.916 sat=71
2 no broadcast ephemeris: 2026/09/14 21:51:13 sat=75 iode= -1
2 no broadcast clock 2026/09/14 21:51:12.915 sat=75
2 no broadcast ephemeris: 2026/09/14 21:51:13 sat=77 iode= -1
2 no broadcast clock 2026/09/14 21:51:12.921 sat=77
2 no broadcast ephemeris: 2026/09/14 21:51:13 sat=79 iode= -1
2 no broadcast clock 2026/09/14 21:51:12.912 sat=79
2 no broadcast ephemeris: 2026/09/14 21:51:13 sat=82 iode= -1
2 no broadcast clock 2026/09/14 21:51:12.907 sat=82
2 no broadcast ephemeris: 2026/09/14 21:51:13 sat=83 iode= -1
2 no broadcast clock 2026/09/14 21:51:12.916 sat=83
2 no broadcast ephemeris: 2026/09/14 21:51:13 sat=84 iode= -1
2 no broadcast clock 2026/09/14 21:51:12.913 sat=84
2 no broadcast ephemeris: 2026/09/14 21:51:13 sat=85 iode= -1
2 no broadcast clock 2026/09/14 21:51:12.905 sat=85
2 no broadcast ephemeris: 2026/09/14 21:51:13 sat=102 iode= -1
2 no broadcast clock 2026/09/14 21:51:12.863 sat=102
2 no broadcast ephemeris: 2026/09/14 21:51:13 sat=106 iode= -1
2 no broadcast clock 2026/09/14 21:51:12.914 sat=106
2 no broadcast ephemeris: 2026/09/14 21:51:13 sat=113 iode= -1
2 no broadcast clock 2026/09/14 21:51:12.909 sat=113
2 no broadcast ephemeris: 2026/09/14 21:51:13 sat=117 iode= -1
2 no broadcast clock 2026/09/14 21:51:12.916 sat=117
2 point position error (lack of valid sats ns=4)
2 rtcm3 1097 satellite error: prn=34
2 rtcm3 1127: unknown signal id=31
2 rtcm3 1127 satellite error: prn=38
2 no broadcast ephemeris: 2026/09/14 21:51:14 sat=25 iode= -1
2 no broadcast clock 2026/09/14 21:51:13.925 sat=25
2 no broadcast clock 2026/09/14 21:51:13.873 sat=130
2 no broadcast ephemeris: 2026/09/14 21:51:14 sat=26 iode= -1
2 no broadcast clock 2026/09/14 21:51:13.929 sat=26
2 no broadcast clock 2026/09/14 21:51:13.872 sat=132
2 no broadcast ephemeris: 2026/09/14 21:51:14 sat= 4 iode= -1
2 no broadcast clock 2026/09/14 21:51:13.918 sat= 4
2 no broadcast clock 2026/09/14 21:51:13.873 sat=145
2 no broadcast ephemeris: 2026/09/14 21:51:14 sat=18 iode= -1
2 no broadcast clock 2026/09/14 21:51:13.927 sat=18
2 no broadcast ephemeris: 2026/09/14 21:51:14 sat=16 iode= -1
2 no broadcast clock 2026/09/14 21:51:13.921 sat=16
2 no broadcast ephemeris: 2026/09/14 21:51:14 sat=31 iode= -1
2 no broadcast clock 2026/09/14 21:51:13.931 sat=31
2 no broadcast ephemeris: 2026/09/14 21:51:14 sat=21 iode= -1
2 no broadcast clock 2026/09/14 21:51:13.917 sat=21
2 no broadcast ephemeris: 2026/09/14 21:51:14 sat= 5 iode= -1
2 no broadcast clock 2026/09/14 21:51:13.918 sat= 5
2 no broadcast ephemeris: 2026/09/14 21:51:14 sat=28 iode= -1
2 no broadcast clock 2026/09/14 21:51:13.930 sat=28
2 no broadcast ephemeris: 2026/09/14 21:51:14 sat=29 iode= -1
2 no broadcast clock 2026/09/14 21:51:13.931 sat=29
2 no broadcast ephemeris: 2026/09/14 21:51:14 sat= 1 iode= -1
2 no broadcast clock 2026/09/14 21:51:13.925 sat= 1
2 no broadcast ephemeris: 2026/09/14 21:51:14 sat=12 iode= -1
2 no broadcast clock 2026/09/14 21:51:13.914 sat=12
2 no broadcast clock 2026/09/14 21:51:13.922 sat=38
2 no broadcast clock 2026/09/14 21:51:13.927 sat=49
2 no broadcast clock 2026/09/14 21:51:13.936 sat=56
2 no broadcast clock 2026/09/14 21:51:13.921 sat=37
2 no broadcast clock 2026/09/14 21:51:13.930 sat=47
2 no broadcast clock 2026/09/14 21:51:13.936 sat=46
2 no broadcast clock 2026/09/14 21:51:13.926 sat=45
2 no broadcast ephemeris: 2026/09/14 21:51:14 sat=60 iode= -1
2 no broadcast clock 2026/09/14 21:51:13.911 sat=60
2 no broadcast ephemeris: 2026/09/14 21:51:14 sat=62 iode= -1
2 no broadcast clock 2026/09/14 21:51:13.908 sat=62
2 no broadcast ephemeris: 2026/09/14 21:51:14 sat=69 iode= -1
2 no broadcast clock 2026/09/14 21:51:13.916 sat=69
2 no broadcast ephemeris: 2026/09/14 21:51:14 sat=71 iode= -1
2 no broadcast clock 2026/09/14 21:51:13.916 sat=71
2 no broadcast ephemeris: 2026/09/14 21:51:14 sat=75 iode= -1
2 no broadcast clock 2026/09/14 21:51:13.915 sat=75
2 no broadcast ephemeris: 2026/09/14 21:51:14 sat=77 iode= -1
2 no broadcast clock 2026/09/14 21:51:13.921 sat=77
2 no broadcast ephemeris: 2026/09/14 21:51:14 sat=79 iode= -1
2 no broadcast clock 2026/09/14 21:51:13.912 sat=79
2 no broadcast ephemeris: 2026/09/14 21:51:14 sat=82 iode= -1
2 no broadcast clock 2026/09/14 21:51:13.907 sat=82
2 no broadcast ephemeris: 2026/09/14 21:51:14 sat=83 iode= -1
2 no broadcast clock 2026/09/14 21:51:13.916 sat=83
2 no broadcast ephemeris: 2026/09/14 21:51:14 sat=84 iode= -1
2 no broadcast clock 2026/09/14 21:51:13.913 sat=84
2 no broadcast ephemeris: 2026/09/14 21:51:14 sat=85 iode= -1
2 no broadcast clock 2026/09/14 21:51:13.905 sat=85
2 no broadcast ephemeris: 2026/09/14 21:51:14 sat=102 iode= -1
2 no broadcast clock 2026/09/14 21:51:13.863 sat=102
2 no broadcast ephemeris: 2026/09/14 21:51:14 sat=106 iode= -1
2 no broadcast clock 2026/09/14 21:51:13.914 sat=106
2 no broadcast ephemeris: 2026/09/14 21:51:14 sat=113 iode= -1
2 no broadcast clock 2026/09/14 21:51:13.909 sat=113
2 no broadcast ephemeris: 2026/09/14 21:51:14 sat=117 iode= -1
2 no broadcast clock 2026/09/14 21:51:13.916 sat=117
2 point position error (lack of valid sats ns=4)
2 rtcm3 1097 satellite error: prn=34
2 rtcm3 1127: unknown signal id=31
2 rtcm3 1127 satellite error: prn=38
2 no broadcast ephemeris: 2026/09/14 21:51:15 sat=25 iode= -1
2 no broadcast clock 2026/09/14 21:51:14.925 sat=25
2 no broadcast clock 2026/09/14 21:51:14.873 sat=130
2 no broadcast ephemeris: 2026/09/14 21:51:15 sat=26 iode= -1
2 no broadcast clock 2026/09/14 21:51:14.929 sat=26
2 no broadcast clock 2026/09/14 21:51:14.872 sat=132
2 no broadcast ephemeris: 2026/09/14 21:51:15 sat= 4 iode= -1
2 no broadcast clock 2026/09/14 21:51:14.918 sat= 4
2 no broadcast clock 2026/09/14 21:51:14.873 sat=145
2 no broadcast ephemeris: 2026/09/14 21:51:15 sat=18 iode= -1
2 no broadcast clock 2026/09/14 21:51:14.927 sat=18
2 no broadcast ephemeris: 2026/09/14 21:51:15 sat=16 iode= -1
2 no broadcast clock 2026/09/14 21:51:14.921 sat=16
2 no broadcast ephemeris: 2026/09/14 21:51:15 sat=31 iode= -1
2 no broadcast clock 2026/09/14 21:51:14.931 sat=31
2 no broadcast ephemeris: 2026/09/14 21:51:15 sat=21 iode= -1
2 no broadcast clock 2026/09/14 21:51:14.917 sat=21
2 no broadcast ephemeris: 2026/09/14 21:51:15 sat= 5 iode= -1
2 no broadcast clock 2026/09/14 21:51:14.918 sat= 5
2 no broadcast ephemeris: 2026/09/14 21:51:15 sat=28 iode= -1
2 no broadcast clock 2026/09/14 21:51:14.930 sat=28
2 no broadcast ephemeris: 2026/09/14 21:51:15 sat=29 iode= -1
2 no broadcast clock 2026/09/14 21:51:14.931 sat=29
2 no broadcast ephemeris: 2026/09/14 21:51:15 sat= 1 iode= -1
2 no broadcast clock 2026/09/14 21:51:14.925 sat= 1
2 no broadcast ephemeris: 2026/09/14 21:51:15 sat=12 iode= -1
2 no broadcast clock 2026/09/14 21:51:14.914 sat=12
2 no broadcast clock 2026/09/14 21:51:14.922 sat=38
2 no broadcast clock 2026/09/14 21:51:14.927 sat=49
2 no broadcast clock 2026/09/14 21:51:14.936 sat=56
2 no broadcast clock 2026/09/14 21:51:14.921 sat=37
2 no broadcast clock 2026/09/14 21:51:14.930 sat=47
2 no broadcast clock 2026/09/14 21:51:14.936 sat=46
2 no broadcast clock 2026/09/14 21:51:14.926 sat=45
2 no broadcast ephemeris: 2026/09/14 21:51:15 sat=60 iode= -1
2 no broadcast clock 2026/09/14 21:51:14.911 sat=60
2 no broadcast ephemeris: 2026/09/14 21:51:15 sat=62 iode= -1
2 no broadcast clock 2026/09/14 21:51:14.908 sat=62
2 no broadcast ephemeris: 2026/09/14 21:51:15 sat=69 iode= -1
2 no broadcast clock 2026/09/14 21:51:14.916 sat=69
2 no broadcast ephemeris: 2026/09/14 21:51:15 sat=71 iode= -1
2 no broadcast clock 2026/09/14 21:51:14.916 sat=71
2 no broadcast ephemeris: 2026/09/14 21:51:15 sat=75 iode= -1
2 no broadcast clock 2026/09/14 21:51:14.915 sat=75
2 no broadcast ephemeris: 2026/09/14 21:51:15 sat=77 iode= -1
2 no broadcast clock 2026/09/14 21:51:14.921 sat=77
2 no broadcast ephemeris: 2026/09/14 21:51:15 sat=79 iode= -1
2 no broadcast clock 2026/09/14 21:51:14.912 sat=79
2 no broadcast ephemeris: 2026/09/14 21:51:15 sat=82 iode= -1
2 no broadcast clock 2026/09/14 21:51:14.907 sat=82
2 no broadcast ephemeris: 2026/09/14 21:51:15 sat=83 iode= -1
2 no broadcast clock 2026/09/14 21:51:14.916 sat=83
2 no broadcast ephemeris: 2026/09/14 21:51:15 sat=84 iode= -1
2 no broadcast clock 2026/09/14 21:51:14.913 sat=84
2 no broadcast ephemeris: 2026/09/14 21:51:15 sat=85 iode= -1
2 no broadcast clock 2026/09/14 21:51:14.905 sat=85
2 no broadcast ephemeris: 2026/09/14 21:51:15 sat=102 iode= -1
2 no broadcast clock 2026/09/14 21:51:14.863 sat=102
2 no broadcast ephemeris: 2026/09/14 21:51:15 sat=106 iode= -1
2 no broadcast clock 2026/09/14 21:51:14.914 sat=106
2 no broadcast ephemeris: 2026/09/14 21:51:15 sat=113 iode= -1
2 no broadcast clock 2026/09/14 21:51:14.909 sat=113
2 no broadcast ephemeris: 2026/09/14 21:51:15 sat=117 iode= -1
2 no broadcast clock 2026/09/14 21:51:14.916 sat=117
2 point position error (lack of valid sats ns=4)
2 rtcm3 1097 satellite error: prn=34
2 rtcm3 1127: unknown signal id=31
2 rtcm3 1127 satellite error: prn=38
2 no broadcast ephemeris: 2026/09/14 21:51:16 sat=25 iode= -1
2 no broadcast clock 2026/09/14 21:51:15.925 sat=25
2 no broadcast clock 2026/09/14 21:51:15.873 sat=130
2 no broadcast ephemeris: 2026/09/14 21:51:16 sat=26 iode= -1
2 no broadcast clock 2026/09/14 21:51:15.929 sat=26
2 no broadcast clock 2026/09/14 21:51:15.872 sat=132
2 no broadcast ephemeris: 2026/09/14 21:51:16 sat= 4 iode= -1
2 no broadcast clock 2026/09/14 21:51:15.918 sat= 4
2 no broadcast clock 2026/09/14 21:51:15.873 sat=145
2 no broadcast ephemeris: 2026/09/14 21:51:16 sat=18 iode= -1
2 no broadcast clock 2026/09/14 21:51:15.927 sat=18
2 no broadcast ephemeris: 2026/09/14 21:51:16 sat=16 iode= -1
2 no broadcast clock 2026/09/14 21:51:15.921 sat=16
2 no broadcast ephemeris: 2026/09/14 21:51:16 sat=31 iode= -1
2 no broadcast clock 2026/09/14 21:51:15.931 sat=31
2 no broadcast ephemeris: 2026/09/14 21:51:16 sat=21 iode= -1
2 no broadcast clock 2026/09/14 21:51:15.917 sat=21
2 no broadcast ephemeris: 2026/09/14 21:51:16 sat= 5 iode= -1
2 no broadcast clock 2026/09/14 21:51:15.918 sat= 5
2 no broadcast ephemeris: 2026/09/14 21:51:16 sat=28 iode= -1
2 no broadcast clock 2026/09/14 21:51:15.930 sat=28
2 no broadcast ephemeris: 2026/09/14 21:51:16 sat=29 iode= -1
2 no broadcast clock 2026/09/14 21:51:15.931 sat=29
2 no broadcast ephemeris: 2026/09/14 21:51:16 sat= 1 iode= -1
2 no broadcast clock 2026/09/14 21:51:15.925 sat= 1
2 no broadcast ephemeris: 2026/09/14 21:51:16 sat=12 iode= -1
2 no broadcast clock 2026/09/14 21:51:15.914 sat=12
2 no broadcast clock 2026/09/14 21:51:15.922 sat=38
2 no broadcast clock 2026/09/14 21:51:15.927 sat=49
2 no broadcast clock 2026/09/14 21:51:15.936 sat=56
2 no broadcast clock 2026/09/14 21:51:15.921 sat=37
2 no broadcast clock 2026/09/14 21:51:15.930 sat=47
2 no broadcast clock 2026/09/14 21:51:15.936 sat=46
2 no broadcast clock 2026/09/14 21:51:15.926 sat=45
2 no broadcast ephemeris: 2026/09/14 21:51:16 sat=60 iode= -1
2 no broadcast clock 2026/09/14 21:51:15.911 sat=60
2 no broadcast ephemeris: 2026/09/14 21:51:16 sat=62 iode= -1
2 no broadcast clock 2026/09/14 21:51:15.908 sat=62
2 no broadcast ephemeris: 2026/09/14 21:51:16 sat=69 iode= -1
2 no broadcast clock 2026/09/14 21:51:15.916 sat=69
2 no broadcast ephemeris: 2026/09/14 21:51:16 sat=71 iode= -1
2 no broadcast clock 2026/09/14 21:51:15.916 sat=71
2 no broadcast ephemeris: 2026/09/14 21:51:16 sat=75 iode= -1
2 no broadcast clock 2026/09/14 21:51:15.915 sat=75
2 no broadcast ephemeris: 2026/09/14 21:51:16 sat=77 iode= -1
2 no broadcast clock 2026/09/14 21:51:15.921 sat=77
2 no broadcast ephemeris: 2026/09/14 21:51:16 sat=79 iode= -1
2 no broadcast clock 2026/09/14 21:51:15.912 sat=79
2 no broadcast ephemeris: 2026/09/14 21:51:16 sat=82 iode= -1
2 no broadcast clock 2026/09/14 21:51:15.907 sat=82
2 no broadcast ephemeris: 2026/09/14 21:51:16 sat=83 iode= -1
2 no broadcast clock 2026/09/14 21:51:15.916 sat=83
2 no broadcast ephemeris: 2026/09/14 21:51:16 sat=84 iode= -1
2 no broadcast clock 2026/09/14 21:51:15.913 sat=84
2 no broadcast ephemeris: 2026/09/14 21:51:16 sat=85 iode= -1
2 no broadcast clock 2026/09/14 21:51:15.905 sat=85
2 no broadcast ephemeris: 2026/09/14 21:51:16 sat=102 iode= -1
2 no broadcast clock 2026/09/14 21:51:15.863 sat=102
2 no broadcast ephemeris: 2026/09/14 21:51:16 sat=106 iode= -1
2 no broadcast clock 2026/09/14 21:51:15.914 sat=106
2 no broadcast ephemeris: 2026/09/14 21:51:16 sat=113 iode= -1
2 no broadcast clock 2026/09/14 21:51:15.909 sat=113
2 no broadcast ephemeris: 2026/09/14 21:51:16 sat=117 iode= -1
2 no broadcast clock 2026/09/14 21:51:15.916 sat=117
2 point position error (lack of valid sats ns=4)
2 rtcm3 1097 satellite error: prn=34
2 rtcm3 1127: unknown signal id=31
2 rtcm3 1127 satellite error: prn=38
2 no broadcast ephemeris: 2026/09/14 21:51:17 sat=25 iode= -1
2 no broadcast clock 2026/09/14 21:51:16.925 sat=25
2 no broadcast clock 2026/09/14 21:51:16.873 sat=130
2 no broadcast ephemeris: 2026/09/14 21:51:17 sat=26 iode= -1
2 no broadcast clock 2026/09/14 21:51:16.929 sat=26
2 no broadcast clock 2026/09/14 21:51:16.872 sat=132
2 no broadcast ephemeris: 2026/09/14 21:51:17 sat= 4 iode= -1
2 no broadcast clock 2026/09/14 21:51:16.918 sat= 4
2 no broadcast clock 2026/09/14 21:51:16.873 sat=145
2 no broadcast ephemeris: 2026/09/14 21:51:17 sat=18 iode= -1
2 no broadcast clock 2026/09/14 21:51:16.927 sat=18
2 no broadcast ephemeris: 2026/09/14 21:51:17 sat=16 iode= -1
2 no broadcast clock 2026/09/14 21:51:16.921 sat=16
2 no broadcast ephemeris: 2026/09/14 21:51:17 sat=31 iode= -1
2 no broadcast clock 2026/09/14 21:51:16.931 sat=31
2 no broadcast ephemeris: 2026/09/14 21:51:17 sat=21 iode= -1
2 no broadcast clock 2026/09/14 21:51:16.917 sat=21
2 no broadcast ephemeris: 2026/09/14 21:51:17 sat= 5 iode= -1
2 no broadcast clock 2026/09/14 21:51:16.918 sat= 5
2 no broadcast ephemeris: 2026/09/14 21:51:17 sat=28 iode= -1
2 no broadcast clock 2026/09/14 21:51:16.930 sat=28
2 no broadcast ephemeris: 2026/09/14 21:51:17 sat=29 iode= -1
2 no broadcast clock 2026/09/14 21:51:16.931 sat=29
2 no broadcast ephemeris: 2026/09/14 21:51:17 sat= 1 iode= -1
2 no broadcast clock 2026/09/14 21:51:16.925 sat= 1
2 no broadcast ephemeris: 2026/09/14 21:51:17 sat=12 iode= -1
2 no broadcast clock 2026/09/14 21:51:16.914 sat=12
2 no broadcast clock 2026/09/14 21:51:16.922 sat=38
2 no broadcast clock 2026/09/14 21:51:16.927 sat=49
2 no broadcast clock 2026/09/14 21:51:16.936 sat=56
2 no broadcast clock 2026/09/14 21:51:16.921 sat=37
2 no broadcast clock 2026/09/14 21:51:16.930 sat=47
2 no broadcast clock 2026/09/14 21:51:16.936 sat=46
2 no broadcast clock 2026/09/14 21:51:16.926 sat=45
2 no broadcast ephemeris: 2026/09/14 21:51:17 sat=60 iode= -1
2 no broadcast clock 2026/09/14 21:51:16.911 sat=60
2 no broadcast ephemeris: 2026/09/14 21:51:17 sat=62 iode= -1
2 no broadcast clock 2026/09/14 21:51:16.908 sat=62
2 no broadcast ephemeris: 2026/09/14 21:51:17 sat=69 iode= -1
2 no broadcast clock 2026/09/14 21:51:16.916 sat=69
2 no broadcast ephemeris: 2026/09/14 21:51:17 sat=71 iode= -1
2 no broadcast clock 2026/09/14 21:51:16.916 sat=71
2 no broadcast ephemeris: 2026/09/14 21:51:17 sat=75 iode= -1
2 no broadcast clock 2026/09/14 21:51:16.915 sat=75
2 no broadcast ephemeris: 2026/09/14 21:51:17 sat=77 iode= -1
2 no broadcast clock 2026/09/14 21:51:16.921 sat=77
2 no broadcast ephemeris: 2026/09/14 21:51:17 sat=79 iode= -1
2 no broadcast clock 2026/09/14 21:51:16.912 sat=79
2 no broadcast ephemeris: 2026/09/14 21:51:17 sat=82 iode= -1
2 no broadcast clock 2026/09/14 21:51:16.907 sat=82
2 no broadcast ephemeris: 2026/09/14 21:51:17 sat=83 iode= -1
2 no broadcast clock 2026/09/14 21:51:16.916 sat=83
2 no broadcast ephemeris: 2026/09/14 21:51:17 sat=84 iode= -1
2 no broadcast clock 2026/09/14 21:51:16.913 sat=84
2 no broadcast ephemeris: 2026/09/14 21:51:17 sat=85 iode= -1
2 no broadcast clock 2026/09/14 21:51:16.905 sat=85
2 no broadcast ephemeris: 2026/09/14 21:51:17 sat=102 iode= -1
2 no broadcast clock 2026/09/14 21:51:16.863 sat=102
2 no broadcast ephemeris: 2026/09/14 21:51:17 sat=106 iode= -1
2 no broadcast clock 2026/09/14 21:51:16.914 sat=106
2 no broadcast ephemeris: 2026/09/14 21:51:17 sat=113 iode= -1
2 no broadcast clock 2026/09/14 21:51:16.909 sat=113
2 no broadcast ephemeris: 2026/09/14 21:51:17 sat=117 iode= -1
2 no broadcast clock 2026/09/14 21:51:16.916 sat=117
2 point position error (lack of valid sats ns=4)
2 rtcm3 1097 satellite error: prn=34
2 rtcm3 1127: unknown signal id=31
2 rtcm3 1127 satellite error: prn=38
2 no broadcast ephemeris: 2026/09/14 21:51:18 sat=25 iode= -1
2 no broadcast clock 2026/09/14 21:51:17.925 sat=25
2 no broadcast clock 2026/09/14 21:51:17.873 sat=130
2 no broadcast ephemeris: 2026/09/14 21:51:18 sat=26 iode= -1
2 no broadcast clock 2026/09/14 21:51:17.929 sat=26
2 no broadcast clock 2026/09/14 21:51:17.872 sat=132
2 no broadcast ephemeris: 2026/09/14 21:51:18 sat= 4 iode= -1
2 no broadcast clock 2026/09/14 21:51:17.918 sat= 4
2 no broadcast clock 2026/09/14 21:51:17.873 sat=145
2 no broadcast ephemeris: 2026/09/14 21:51:18 sat=18 iode= -1
2 no broadcast clock 2026/09/14 21:51:17.927 sat=18
2 no broadcast ephemeris: 2026/09/14 21:51:18 sat=16 iode= -1
2 no broadcast clock 2026/09/14 21:51:17.921 sat=16
2 no broadcast ephemeris: 2026/09/14 21:51:18 sat=31 iode= -1
2 no broadcast clock 2026/09/14 21:51:17.931 sat=31
2 no broadcast ephemeris: 2026/09/14 21:51:18 sat=21 iode= -1
2 no broadcast clock 2026/09/14 21:51:17.917 sat=21
2 no broadcast ephemeris: 2026/09/14 21:51:18 sat= 5 iode= -1
2 no broadcast clock 2026/09/14 21:51:17.918 sat= 5
2 no broadcast ephemeris: 2026/09/14 21:51:18 sat=28 iode= -1
2 no broadcast clock 2026/09/14 21:51:17.930 sat=28
2 no broadcast ephemeris: 2026/09/14 21:51:18 sat=29 iode= -1
2 no broadcast clock 2026/09/14 21:51:17.931 sat=29
2 no broadcast ephemeris: 2026/09/14 21:51:18 sat= 1 iode= -1
2 no broadcast clock 2026/09/14 21:51:17.925 sat= 1
2 no broadcast ephemeris: 2026/09/14 21:51:18 sat=12 iode= -1
2 no broadcast clock 2026/09/14 21:51:17.914 sat=12
2 no broadcast clock 2026/09/14 21:51:17.922 sat=38
2 no broadcast clock 2026/09/14 21:51:17.927 sat=49
2 no broadcast clock 2026/09/14 21:51:17.936 sat=56
2 no broadcast clock 2026/09/14 21:51:17.921 sat=37
2 no broadcast clock 2026/09/14 21:51:17.930 sat=47
2 no broadcast clock 2026/09/14 21:51:17.936 sat=46
2 no broadcast clock 2026/09/14 21:51:17.926 sat=45
2 no broadcast ephemeris: 2026/09/14 21:51:18 sat=60 iode= -1
2 no broadcast clock 2026/09/14 21:51:17.911 sat=60
2 no broadcast ephemeris: 2026/09/14 21:51:18 sat=62 iode= -1
2 no broadcast clock 2026/09/14 21:51:17.908 sat=62
2 no broadcast ephemeris: 2026/09/14 21:51:18 sat=69 iode= -1
2 no broadcast clock 2026/09/14 21:51:17.916 sat=69
2 no broadcast ephemeris: 2026/09/14 21:51:18 sat=71 iode= -1
2 no broadcast clock 2026/09/14 21:51:17.916 sat=71
2 no broadcast ephemeris: 2026/09/14 21:51:18 sat=75 iode= -1
2 no broadcast clock 2026/09/14 21:51:17.915 sat=75
2 no broadcast ephemeris: 2026/09/14 21:51:18 sat=77 iode= -1
2 no broadcast clock 2026/09/14 21:51:17.921 sat=77
2 no broadcast ephemeris: 2026/09/14 21:51:18 sat=79 iode= -1
2 no broadcast clock 2026/09/14 21:51:17.912 sat=79
2 no broadcast ephemeris: 2026/09/14 21:51:18 sat=82 iode= -1
2 no broadcast clock 2026/09/14 21:51:17.907 sat=82
2 no broadcast ephemeris: 2026/09/14 21:51:18 sat=83 iode= -1
2 no broadcast clock 2026/09/14 21:51:17.916 sat=83
2 no broadcast ephemeris: 2026/09/14 21:51:18 sat=84 iode= -1
2 no broadcast clock 2026/09/14 21:51:17.913 sat=84
2 no broadcast ephemeris: 2026/09/14 21:51:18 sat=85 iode= -1
2 no broadcast clock 2026/09/14 21:51:17.905 sat=85
2 no broadcast ephemeris: 2026/09/14 21:51:18 sat=102 iode= -1
2 no broadcast clock 2026/09/14 21:51:17.863 sat=102
2 no broadcast ephemeris: 2026/09/14 21:51:18 sat=106 iode= -1
2 no broadcast clock 2026/09/14 21:51:17.914 sat=106
2 no broadcast ephemeris: 2026/09/14 21:51:18 sat=113 iode= -1
2 no broadcast clock 2026/09/14 21:51:17.909 sat=113
2 no broadcast ephemeris: 2026/09/14 21:51:18 sat=117 iode= -1
2 no broadcast clock 2026/09/14 21:51:17.916 sat=117
2 point position error (lack of valid sats ns=4)
2 rtcm3 1097 satellite error: prn=34
2 rtcm3 1127: unknown signal id=31
2 rtcm3 1127 satellite error: prn=38
2 no broadcast clock 2026/09/14 21:51:18.873 sat=130
2 no broadcast clock 2026/09/14 21:51:18.872 sat=132
2 no broadcast clock 2026/09/14 21:51:18.873 sat=145
2 no broadcast ephemeris: 2026/09/14 21:51:19 sat= 1 iode= -1
2 no broadcast clock 2026/09/14 21:51:18.925 sat= 1
2 no broadcast ephemeris: 2026/09/14 21:51:19 sat=12 iode= -1
2 no broadcast clock 2026/09/14 21:51:18.914 sat=12
2 no broadcast clock 2026/09/14 21:51:18.922 sat=38
2 no broadcast clock 2026/09/14 21:51:18.927 sat=49
2 no broadcast clock 2026/09/14 21:51:18.936 sat=56
2 no broadcast clock 2026/09/14 21:51:18.921 sat=37
2 no broadcast clock 2026/09/14 21:51:18.930 sat=47
2 no broadcast clock 2026/09/14 21:51:18.936 sat=46
2 no broadcast clock 2026/09/14 21:51:18.926 sat=45
2 no broadcast ephemeris: 2026/09/14 21:51:19 sat=60 iode= -1
2 no broadcast clock 2026/09/14 21:51:18.911 sat=60
2 no broadcast ephemeris: 2026/09/14 21:51:19 sat=62 iode= -1
2 no broadcast clock 2026/09/14 21:51:18.908 sat=62
2 no broadcast ephemeris: 2026/09/14 21:51:19 sat=69 iode= -1
2 no broadcast clock 2026/09/14 21:51:18.916 sat=69
2 no broadcast ephemeris: 2026/09/14 21:51:19 sat=71 iode= -1
2 no broadcast clock 2026/09/14 21:51:18.916 sat=71
2 no broadcast ephemeris: 2026/09/14 21:51:19 sat=75 iode= -1
2 no broadcast clock 2026/09/14 21:51:18.915 sat=75
2 no broadcast ephemeris: 2026/09/14 21:51:19 sat=77 iode= -1
2 no broadcast clock 2026/09/14 21:51:18.921 sat=77
2 no broadcast ephemeris: 2026/09/14 21:51:19 sat=79 iode= -1
2 no broadcast clock 2026/09/14 21:51:18.912 sat=79
2 no broadcast ephemeris: 2026/09/14 21:51:19 sat=82 iode= -1
2 no broadcast clock 2026/09/14 21:51:18.907 sat=82
2 no broadcast ephemeris: 2026/09/14 21:51:19 sat=83 iode= -1
2 no broadcast clock 2026/09/14 21:51:18.916 sat=83
2 no broadcast ephemeris: 2026/09/14 21:51:19 sat=84 iode= -1
2 no broadcast clock 2026/09/14 21:51:18.913 sat=84
2 no broadcast ephemeris: 2026/09/14 21:51:19 sat=85 iode= -1
2 no broadcast clock 2026/09/14 21:51:18.905 sat=85
2 no broadcast ephemeris: 2026/09/14 21:51:19 sat=102 iode= -1
2 no broadcast clock 2026/09/14 21:51:18.863 sat=102
2 no broadcast ephemeris: 2026/09/14 21:51:19 sat=106 iode= -1
2 no broadcast clock 2026/09/14 21:51:18.914 sat=106
2 no broadcast ephemeris: 2026/09/14 21:51:19 sat=113 iode= -1
2 no broadcast clock 2026/09/14 21:51:18.909 sat=113
2 no broadcast ephemeris: 2026/09/14 21:51:19 sat=117 iode= -1
2 no broadcast clock 2026/09/14 21:51:18.916 sat=117
2 point position error (lack of valid sats ns=4)
2 rtcm3 1097 satellite error: prn=34
2 rtcm3 1127: unknown signal id=31
2 rtcm3 1127 satellite error: prn=38
2 no broadcast clock 2026/09/14 21:51:19.873 sat=130
2 no broadcast clock 2026/09/14 21:51:19.872 sat=132
2 no broadcast clock 2026/09/14 21:51:19.873 sat=145
2 no broadcast ephemeris: 2026/09/14 21:51:20 sat= 1 iode= -1
2 no broadcast clock 2026/09/14 21:51:19.925 sat= 1
2 no broadcast ephemeris: 2026/09/14 21:51:20 sat=12 iode= -1
2 no broadcast clock 2026/09/14 21:51:19.914 sat=12
2 no broadcast clock 2026/09/14 21:51:19.922 sat=38
2 no broadcast clock 2026/09/14 21:51:19.927 sat=49
2 no broadcast clock 2026/09/14 21:51:19.936 sat=56
2 no broadcast clock 2026/09/14 21:51:19.921 sat=37
2 no broadcast clock 2026/09/14 21:51:19.930 sat=47
2 no broadcast clock 2026/09/14 21:51:19.936 sat=46
2 no broadcast clock 2026/09/14 21:51:19.926 sat=45
2 no broadcast ephemeris: 2026/09/14 21:51:20 sat=60 iode= -1
2 no broadcast clock 2026/09/14 21:51:19.911 sat=60
2 no broadcast ephemeris: 2026/09/14 21:51:20 sat=62 iode= -1
2 no broadcast clock 2026/09/14 21:51:19.908 sat=62
2 no broadcast ephemeris: 2026/09/14 21:51:20 sat=69 iode= -1
2 no broadcast clock 2026/09/14 21:51:19.916 sat=69
2 no broadcast ephemeris: 2026/09/14 21:51:20 sat=71 iode= -1
2 no broadcast clock 2026/09/14 21:51:19.916 sat=71
2 no broadcast ephemeris: 2026/09/14 21:51:20 sat=75 iode= -1
2 no broadcast clock 2026/09/14 21:51:19.915 sat=75
2 no broadcast ephemeris: 2026/09/14 21:51:20 sat=77 iode= -1
2 no broadcast clock 2026/09/14 21:51:19.921 sat=77
2 no broadcast ephemeris: 2026/09/14 21:51:20 sat=79 iode= -1
2 no broadcast clock 2026/09/14 21:51:19.912 sat=79
2 no broadcast ephemeris: 2026/09/14 21:51:20 sat=82 iode= -1
2 no broadcast clock 2026/09/14 21:51:19.907 sat=82
2 no broadcast ephemeris: 2026/09/14 21:51:20 sat=83 iode= -1
2 no broadcast clock 2026/09/14 21:51:19.916 sat=83
2 no broadcast ephemeris: 2026/09/14 21:51:20 sat=84 iode= -1
2 no broadcast clock 2026/09/14 21:51:19.913 sat=84
2 no broadcast ephemeris: 2026/09/14 21:51:20 sat=85 iode= -1
2 no broadcast clock 2026/09/14 21:51:19.905 sat=85
2 no broadcast ephemeris: 2026/09/14 21:51:20 sat=102 iode= -1
2 no broadcast clock 2026/09/14 21:51:19.863 sat=102
2 no broadcast ephemeris: 2026/09/14 21:51:20 sat=106 iode= -1
2 no broadcast clock 2026/09/14 21:51:19.914 sat=106
2 no broadcast ephemeris: 2026/09/14 21:51:20 sat=113 iode= -1
2 no broadcast clock 2026/09/14 21:51:19.909 sat=113
2 no broadcast ephemeris: 2026/09/14 21:51:20 sat=117 iode= -1
2 no broadcast clock 2026/09/14 21:51:19.916 sat=117
2 point position error (lack of valid sats ns=4)
2 rtcm3 1097 satellite error: prn=34
2 rtcm3 1127: unknown signal id=31
2 rtcm3 1127 satellite error: prn=38
2 no broadcast clock 2026/09/14 21:51:20.873 sat=130
2 no broadcast clock 2026/09/14 21:51:20.872 sat=132
2 no broadcast clock 2026/09/14 21:51:20.873 sat=145
2 no broadcast ephemeris: 2026/09/14 21:51:21 sat= 1 iode= -1
2 no broadcast clock 2026/09/14 21:51:20.925 sat= 1
2 no broadcast ephemeris: 2026/09/14 21:51:21 sat=12 iode= -1
2 no broadcast clock 2026/09/14 21:51:20.914 sat=12
2 no broadcast clock 2026/09/14 21:51:20.922 sat=38
2 no broadcast clock 2026/09/14 21:51:20.927 sat=49
2 no broadcast clock 2026/09/14 21:51:20.936 sat=56
2 no broadcast clock 2026/09/14 21:51:20.921 sat=37
2 no broadcast clock 2026/09/14 21:51:20.930 sat=47
2 no broadcast clock 2026/09/14 21:51:20.936 sat=46
2 no broadcast clock 2026/09/14 21:51:20.926 sat=45
2 no broadcast ephemeris: 2026/09/14 21:51:21 sat=60 iode= -1
2 no broadcast clock 2026/09/14 21:51:20.911 sat=60
2 no broadcast ephemeris: 2026/09/14 21:51:21 sat=62 iode= -1
2 no broadcast clock 2026/09/14 21:51:20.908 sat=62
2 no broadcast ephemeris: 2026/09/14 21:51:21 sat=69 iode= -1
2 no broadcast clock 2026/09/14 21:51:20.916 sat=69
2 no broadcast ephemeris: 2026/09/14 21:51:21 sat=71 iode= -1
2 no broadcast clock 2026/09/14 21:51:20.916 sat=71
2 no broadcast ephemeris: 2026/09/14 21:51:21 sat=75 iode= -1
2 no broadcast clock 2026/09/14 21:51:20.915 sat=75
2 no broadcast ephemeris: 2026/09/14 21:51:21 sat=77 iode= -1
2 no broadcast clock 2026/09/14 21:51:20.921 sat=77
2 no broadcast ephemeris: 2026/09/14 21:51:21 sat=79 iode= -1
2 no broadcast clock 2026/09/14 21:51:20.912 sat=79
2 no broadcast ephemeris: 2026/09/14 21:51:21 sat=82 iode= -1
2 no broadcast clock 2026/09/14 21:51:20.907 sat=82
2 no broadcast ephemeris: 2026/09/14 21:51:21 sat=83 iode= -1
2 no broadcast clock 2026/09/14 21:51:20.916 sat=83
2 no broadcast ephemeris: 2026/09/14 21:51:21 sat=84 iode= -1
2 no broadcast clock 2026/09/14 21:51:20.913 sat=84
2 no broadcast ephemeris: 2026/09/14 21:51:21 sat=85 iode= -1
2 no broadcast clock 2026/09/14 21:51:20.905 sat=85
2 no broadcast ephemeris: 2026/09/14 21:51:21 sat=102 iode= -1
2 no broadcast clock 2026/09/14 21:51:20.863 sat=102
2 no broadcast ephemeris: 2026/09/14 21:51:21 sat=106 iode= -1
2 no broadcast clock 2026/09/14 21:51:20.914 sat=106
2 no broadcast ephemeris: 2026/09/14 21:51:21 sat=113 iode= -1
2 no broadcast clock 2026/09/14 21:51:20.909 sat=113
2 no broadcast ephemeris: 2026/09/14 21:51:21 sat=117 iode= -1
2 no broadcast clock 2026/09/14 21:51:20.916 sat=117
2 point position error (lack of valid sats ns=4)
2 rtcm3 1097 satellite error: prn=34
2 rtcm3 1127: unknown signal id=31
2 rtcm3 1127 satellite error: prn=38
2 no broadcast clock 2026/09/14 21:51:21.873 sat=130
2 no broadcast clock 2026/09/14 21:51:21.872 sat=132
2 no broadcast clock 2026/09/14 21:51:21.873 sat=145
2 no broadcast ephemeris: 2026/09/14 21:51:22 sat= 1 iode= -1
2 no broadcast clock 2026/09/14 21:51:21.925 sat= 1
2 no broadcast ephemeris: 2026/09/14 21:51:22 sat=12 iode= -1
2 no broadcast clock 2026/09/14 21:51:21.914 sat=12
2 no broadcast clock 2026/09/14 21:51:21.922 sat=38
2 no broadcast clock 2026/09/14 21:51:21.927 sat=49
2 no broadcast clock 2026/09/14 21:51:21.936 sat=56
2 no broadcast clock 2026/09/14 21:51:21.921 sat=37
2 no broadcast clock 2026/09/14 21:51:21.930 sat=47
2 no broadcast clock 2026/09/14 21:51:21.936 sat=46
2 no broadcast clock 2026/09/14 21:51:21.926 sat=45
2 no broadcast ephemeris: 2026/09/14 21:51:22 sat=60 iode= -1
2 no broadcast clock 2026/09/14 21:51:21.911 sat=60
2 no broadcast ephemeris: 2026/09/14 21:51:22 sat=62 iode= -1
2 no broadcast clock 2026/09/14 21:51:21.908 sat=62
2 no broadcast ephemeris: 2026/09/14 21:51:22 sat=69 iode= -1
2 no broadcast clock 2026/09/14 21:51:21.916 sat=69
2 no broadcast ephemeris: 2026/09/14 21:51:22 sat=71 iode= -1
2 no broadcast clock 2026/09/14 21:51:21.916 sat=71
2 no broadcast ephemeris: 2026/09/14 21:51:22 sat=75 iode= -1
2 no broadcast clock 2026/09/14 21:51:21.915 sat=75
2 no broadcast ephemeris: 2026/09/14 21:51:22 sat=77 iode= -1
2 no broadcast clock 2026/09/14 21:51:21.921 sat=77
2 no broadcast ephemeris: 2026/09/14 21:51:22 sat=79 iode= -1
2 no broadcast clock 2026/09/14 21:51:21.912 sat=79
2 no broadcast ephemeris: 2026/09/14 21:51:22 sat=82 iode= -1
2 no broadcast clock 2026/09/14 21:51:21.907 sat=82
2 no broadcast ephemeris: 2026/09/14 21:51:22 sat=83 iode= -1
2 no broadcast clock 2026/09/14 21:51:21.916 sat=83
2 no broadcast ephemeris: 2026/09/14 21:51:22 sat=84 iode= -1
2 no broadcast clock 2026/09/14 21:51:21.913 sat=84
2 no broadcast ephemeris: 2026/09/14 21:51:22 sat=85 iode= -1
2 no broadcast clock 2026/09/14 21:51:21.905 sat=85
2 no broadcast ephemeris: 2026/09/14 21:51:22 sat=102 iode= -1
2 no broadcast clock 2026/09/14 21:51:21.863 sat=102
2 no broadcast ephemeris: 2026/09/14 21:51:22 sat=106 iode= -1
2 no broadcast clock 2026/09/14 21:51:21.914 sat=106
2 no broadcast ephemeris: 2026/09/14 21:51:22 sat=113 iode= -1
2 no broadcast clock 2026/09/14 21:51:21.909 sat=113
2 no broadcast ephemeris: 2026/09/14 21:51:22 sat=117 iode= -1
2 no broadcast clock 2026/09/14 21:51:21.916 sat=117
2 point position error (lack of valid sats ns=4)
2 rtcm3 1097 satellite error: prn=34
2 rtcm3 1127: unknown signal id=31
2 rtcm3 1127 satellite error: prn=38
2 no broadcast clock 2026/09/14 21:51:22.873 sat=130
2 no broadcast clock 2026/09/14 21:51:22.872 sat=132
2 no broadcast clock 2026/09/14 21:51:22.873 sat=145
2 no broadcast ephemeris: 2026/09/14 21:51:23 sat= 1 iode= -1
2 no broadcast clock 2026/09/14 21:51:22.925 sat= 1
2 no broadcast ephemeris: 2026/09/14 21:51:23 sat=12 iode= -1
2 no broadcast clock 2026/09/14 21:51:22.914 sat=12
2 no broadcast clock 2026/09/14 21:51:22.922 sat=38
2 no broadcast clock 2026/09/14 21:51:22.927 sat=49
2 no broadcast clock 2026/09/14 21:51:22.936 sat=56
2 no broadcast clock 2026/09/14 21:51:22.921 sat=37
2 no broadcast clock 2026/09/14 21:51:22.930 sat=47
2 no broadcast clock 2026/09/14 21:51:22.936 sat=46
2 no broadcast clock 2026/09/14 21:51:22.926 sat=45
2 no broadcast ephemeris: 2026/09/14 21:51:23 sat=60 iode= -1
2 no broadcast clock 2026/09/14 21:51:22.911 sat=60
2 no broadcast ephemeris: 2026/09/14 21:51:23 sat=62 iode= -1
2 no broadcast clock 2026/09/14 21:51:22.908 sat=62
2 no broadcast ephemeris: 2026/09/14 21:51:23 sat=69 iode= -1
2 no broadcast clock 2026/09/14 21:51:22.916 sat=69
2 no broadcast ephemeris: 2026/09/14 21:51:23 sat=71 iode= -1
2 no broadcast clock 2026/09/14 21:51:22.916 sat=71
2 no broadcast ephemeris: 2026/09/14 21:51:23 sat=75 iode= -1
2 no broadcast clock 2026/09/14 21:51:22.915 sat=75
2 no broadcast ephemeris: 2026/09/14 21:51:23 sat=77 iode= -1
2 no broadcast clock 2026/09/14 21:51:22.921 sat=77
2 no broadcast ephemeris: 2026/09/14 21:51:23 sat=79 iode= -1
2 no broadcast clock 2026/09/14 21:51:22.912 sat=79
2 no broadcast ephemeris: 2026/09/14 21:51:23 sat=82 iode= -1
2 no broadcast clock 2026/09/14 21:51:22.907 sat=82
2 no broadcast ephemeris: 2026/09/14 21:51:23 sat=83 iode= -1
2 no broadcast clock 2026/09/14 21:51:22.916 sat=83
2 no broadcast ephemeris: 2026/09/14 21:51:23 sat=84 iode= -1
2 no broadcast clock 2026/09/14 21:51:22.913 sat=84
2 no broadcast ephemeris: 2026/09/14 21:51:23 sat=85 iode= -1
2 no broadcast clock 2026/09/14 21:51:22.905 sat=85
2 no broadcast ephemeris: 2026/09/14 21:51:23 sat=102 iode= -1
2 no broadcast clock 2026/09/14 21:51:22.863 sat=102
2 no broadcast ephemeris: 2026/09/14 21:51:23 sat=106 iode= -1
2 no broadcast clock 2026/09/14 21:51:22.914 sat=106
2 no broadcast ephemeris: 2026/09/14 21:51:23 sat=113 iode= -1
2 no broadcast clock 2026/09/14 21:51:22.909 sat=113
2 no broadcast ephemeris: 2026/09/14 21:51:23 sat=117 iode= -1
2 no broadcast clock 2026/09/14 21:51:22.916 sat=117
2 point position error (lack of valid sats ns=4)
2 rtcm3 1097 satellite error: prn=34
2 rtcm3 1127: unknown signal id=31
2 rtcm3 1127 satellite error: prn=38
2 no broadcast clock 2026/09/14 21:51:23.873 sat=130
2 no broadcast clock 2026/09/14 21:51:23.872 sat=132
2 no broadcast clock 2026/09/14 21:51:23.873 sat=145
2 no broadcast ephemeris: 2026/09/14 21:51:24 sat= 1 iode= -1
2 no broadcast clock 2026/09/14 21:51:23.925 sat= 1
2 no broadcast ephemeris: 2026/09/14 21:51:24 sat=12 iode= -1
2 no broadcast clock 2026/09/14 21:51:23.914 sat=12
2 no broadcast clock 2026/09/14 21:51:23.922 sat=38
2 no broadcast clock 2026/09/14 21:51:23.927 sat=49
2 no broadcast clock 2026/09/14 21:51:23.936 sat=56
2 no broadcast clock 2026/09/14 21:51:23.921 sat=37
2 no broadcast clock 2026/09/14 21:51:23.930 sat=47
2 no broadcast clock 2026/09/14 21:51:23.936 sat=46
2 no broadcast clock 2026/09/14 21:51:23.926 sat=45
2 no broadcast ephemeris: 2026/09/14 21:51:24 sat=60 iode= -1
2 no broadcast clock 2026/09/14 21:51:23.911 sat=60
2 no broadcast ephemeris: 2026/09/14 21:51:24 sat=62 iode= -1
2 no broadcast clock 2026/09/14 21:51:23.908 sat=62
2 no broadcast ephemeris: 2026/09/14 21:51:24 sat=69 iode= -1
2 no broadcast clock 2026/09/14 21:51:23.916 sat=69
2 no broadcast ephemeris: 2026/09/14 21:51:24 sat=71 iode= -1
2 no broadcast clock 2026/09/14 21:51:23.916 sat=71
2 no broadcast ephemeris: 2026/09/14 21:51:24 sat=75 iode= -1
2 no broadcast clock 2026/09/14 21:51:23.915 sat=75
2 no broadcast ephemeris: 2026/09/14 21:51:24 sat=77 iode= -1
2 no broadcast clock 2026/09/14 21:51:23.921 sat=77
2 no broadcast ephemeris: 2026/09/14 21:51:24 sat=79 iode= -1
2 no broadcast clock 2026/09/14 21:51:23.912 sat=79
2 no broadcast ephemeris: 2026/09/14 21:51:24 sat=82 iode= -1
2 no broadcast clock 2026/09/14 21:51:23.907 sat=82
2 no broadcast ephemeris: 2026/09/14 21:51:24 sat=83 iode= -1
2 no broadcast clock 2026/09/14 21:51:23.916 sat=83
2 no broadcast ephemeris: 2026/09/14 21:51:24 sat=84 iode= -1
2 no broadcast clock 2026/09/14 21:51:23.913 sat=84
2 no broadcast ephemeris: 2026/09/14 21:51:24 sat=85 iode= -1
2 no broadcast clock 2026/09/14 21:51:23.905 sat=85
2 no broadcast ephemeris: 2026/09/14 21:51:24 sat=102 iode= -1
2 no broadcast clock 2026/09/14 21:51:23.863 sat=102
2 no broadcast ephemeris: 2026/09/14 21:51:24 sat=106 iode= -1
2 no broadcast clock 2026/09/14 21:51:23.914 sat=106
2 no broadcast ephemeris: 2026/09/14 21:51:24 sat=113 iode= -1
2 no broadcast clock 2026/09/14 21:51:23.909 sat=113
2 no broadcast ephemeris: 2026/09/14 21:51:24 sat=117 iode= -1
2 no broadcast clock 2026/09/14 21:51:23.916 sat=117
2 point position error (lack of valid sats ns=4)
2 rtcm3 1097 satellite error: prn=34
2 rtcm3 1127: unknown signal id=31
2 rtcm3 1127 satellite error: prn=38
2 no broadcast clock 2026/09/14 21:51:24.873 sat=130
2 no broadcast clock 2026/09/14 21:51:24.872 sat=132
2 no broadcast clock 2026/09/14 21:51:24.873 sat=145
2 no broadcast ephemeris: 2026/09/14 21:51:25 sat= 1 iode= -1
2 no broadcast clock 2026/09/14 21:51:24.925 sat= 1
2 no broadcast ephemeris: 2026/09/14 21:51:25 sat=12 iode= -1
2 no broadcast clock 2026/09/14 21:51:24.914 sat=12
2 no broadcast clock 2026/09/14 21:51:24.922 sat=38
2 no broadcast clock 2026/09/14 21:51:24.927 sat=49
2 no broadcast clock 2026/09/14 21:51:24.936 sat=56
2 no broadcast clock 2026/09/14 21:51:24.921 sat=37
2 no broadcast clock 2026/09/14 21:51:24.930 sat=47
2 no broadcast clock 2026/09/14 21:51:24.936 sat=46
2 no broadcast clock 2026/09/14 21:51:24.926 sat=45
2 no broadcast ephemeris: 2026/09/14 21:51:25 sat=60 iode= -1
2 no broadcast clock 2026/09/14 21:51:24.911 sat=60
2 no broadcast ephemeris: 2026/09/14 21:51:25 sat=62 iode= -1
2 no broadcast clock 2026/09/14 21:51:24.908 sat=62
2 no broadcast ephemeris: 2026/09/14 21:51:25 sat=69 iode= -1
2 no broadcast clock 2026/09/14 21:51:24.916 sat=69
2 no broadcast ephemeris: 2026/09/14 21:51:25 sat=71 iode= -1
2 no broadcast clock 2026/09/14 21:51:24.916 sat=71
2 no broadcast ephemeris: 2026/09/14 21:51:25 sat=75 iode= -1
2 no broadcast clock 2026/09/14 21:51:24.915 sat=75
2 no broadcast ephemeris: 2026/09/14 21:51:25 sat=77 iode= -1
2 no broadcast clock 2026/09/14 21:51:24.921 sat=77
2 no broadcast ephemeris: 2026/09/14 21:51:25 sat=79 iode= -1
2 no broadcast clock 2026/09/14 21:51:24.912 sat=79
2 no broadcast ephemeris: 2026/09/14 21:51:25 sat=82 iode= -1
2 no broadcast clock 2026/09/14 21:51:24.907 sat=82
2 no broadcast ephemeris: 2026/09/14 21:51:25 sat=83 iode= -1
2 no broadcast clock 2026/09/14 21:51:24.916 sat=83
2 no broadcast ephemeris: 2026/09/14 21:51:25 sat=84 iode= -1
2 no broadcast clock 2026/09/14 21:51:24.913 sat=84
2 no broadcast ephemeris: 2026/09/14 21:51:25 sat=85 iode= -1
2 no broadcast clock 2026/09/14 21:51:24.905 sat=85
2 no broadcast ephemeris: 2026/09/14 21:51:25 sat=102 iode= -1
2 no broadcast clock 2026/09/14 21:51:24.863 sat=102
2 no broadcast ephemeris: 2026/09/14 21:51:25 sat=106 iode= -1
2 no broadcast clock 2026/09/14 21:51:24.914 sat=106
2 no broadcast ephemeris: 2026/09/14 21:51:25 sat=113 iode= -1
2 no broadcast clock 2026/09/14 21:51:24.909 sat=113
2 no broadcast ephemeris: 2026/09/14 21:51:25 sat=117 iode= -1
2 no broadcast clock 2026/09/14 21:51:24.916 sat=117
2 point position error (lack of valid sats ns=4)
2 rtcm3 1097 satellite error: prn=34
2 rtcm3 1127: unknown signal id=31
2 rtcm3 1127 satellite error: prn=38
2 no broadcast clock 2026/09/14 21:51:25.873 sat=130
2 no broadcast clock 2026/09/14 21:51:25.872 sat=132
2 no broadcast clock 2026/09/14 21:51:25.873 sat=145
2 no broadcast ephemeris: 2026/09/14 21:51:26 sat= 1 iode= -1
2 no broadcast clock 2026/09/14 21:51:25.925 sat= 1
2 no broadcast ephemeris: 2026/09/14 21:51:26 sat=12 iode= -1
2 no broadcast clock 2026/09/14 21:51:25.914 sat=12
2 no broadcast ephemeris: 2026/09/14 21:51:26 sat=60 iode= -1
2 no broadcast clock 2026/09/14 21:51:25.911 sat=60
2 no broadcast ephemeris: 2026/09/14 21:51:26 sat=62 iode= -1
2 no broadcast clock 2026/09/14 21:51:25.908 sat=62
2 no broadcast ephemeris: 2026/09/14 21:51:26 sat=69 iode= -1
2 no broadcast clock 2026/09/14 21:51:25.916 sat=69
2 no broadcast ephemeris: 2026/09/14 21:51:26 sat=71 iode= -1
2 no broadcast clock 2026/09/14 21:51:25.916 sat=71
2 no broadcast ephemeris: 2026/09/14 21:51:26 sat=75 iode= -1
2 no broadcast clock 2026/09/14 21:51:25.915 sat=75
2 no broadcast ephemeris: 2026/09/14 21:51:26 sat=77 iode= -1
2 no broadcast clock 2026/09/14 21:51:25.921 sat=77
2 no broadcast ephemeris: 2026/09/14 21:51:26 sat=79 iode= -1
2 no broadcast clock 2026/09/14 21:51:25.912 sat=79
2 no broadcast ephemeris: 2026/09/14 21:51:26 sat=82 iode= -1
2 no broadcast clock 2026/09/14 21:51:25.907 sat=82
2 no broadcast ephemeris: 2026/09/14 21:51:26 sat=83 iode= -1
2 no broadcast clock 2026/09/14 21:51:25.916 sat=83
2 no broadcast ephemeris: 2026/09/14 21:51:26 sat=84 iode= -1
2 no broadcast clock 2026/09/14 21:51:25.913 sat=84
2 no broadcast ephemeris: 2026/09/14 21:51:26 sat=85 iode= -1
2 no broadcast clock 2026/09/14 21:51:25.905 sat=85
2 no broadcast ephemeris: 2026/09/14 21:51:26 sat=102 iode= -1
2 no broadcast clock 2026/09/14 21:51:25.863 sat=102
2 no broadcast ephemeris: 2026/09/14 21:51:26 sat=106 iode= -1
2 no broadcast clock 2026/09/14 21:51:25.914 sat=106
2 no broadcast ephemeris: 2026/09/14 21:51:26 sat=113 iode= -1
2 no broadcast clock 2026/09/14 21:51:25.909 sat=113
2 no broadcast ephemeris: 2026/09/14 21:51:26 sat=117 iode= -1
2 no broadcast clock 2026/09/14 21:51:25.916 sat=117
2 point position error (lack of valid sats ns=4)
2 rtcm3 1230: not supported message
2 rtcm3 1097 satellite error: prn=34
2 rtcm3 1127: unknown signal id=31
2 rtcm3 1127 satellite error: prn=38
2 no broadcast clock 2026/09/14 21:51:26.873 sat=130
2 no broadcast clock 2026/09/14 21:51:26.872 sat=132
2 no broadcast clock 2026/09/14 21:51:26.873 sat=145
2 no broadcast ephemeris: 2026/09/14 21:51:27 sat= 1 iode= -1
2 no broadcast clock 2026/09/14 21:51:26.925 sat= 1
2 no broadcast ephemeris: 2026/09/14 21:51:27 sat=12 iode= -1
2 no broadcast clock 2026/09/14 21:51:26.914 sat=12
2 no broadcast ephemeris: 2026/09/14 21:51:27 sat=60 iode= -1
2 no broadcast clock 2026/09/14 21:51:26.911 sat=60
2 no broadcast ephemeris: 2026/09/14 21:51:27 sat=62 iode= -1
2 no broadcast clock 2026/09/14 21:51:26.908 sat=62
2 no broadcast ephemeris: 2026/09/14 21:51:27 sat=69 iode= -1
2 no broadcast clock 2026/09/14 21:51:26.916 sat=69
2 no broadcast ephemeris: 2026/09/14 21:51:27 sat=71 iode= -1
2 no broadcast clock 2026/09/14 21:51:26.916 sat=71
2 no broadcast ephemeris: 2026/09/14 21:51:27 sat=75 iode= -1
2 no broadcast clock 2026/09/14 21:51:26.915 sat=75
2 no broadcast ephemeris: 2026/09/14 21:51:27 sat=77 iode= -1
2 no broadcast clock 2026/09/14 21:51:26.921 sat=77
2 no broadcast ephemeris: 2026/09/14 21:51:27 sat=79 iode= -1
2 no broadcast clock 2026/09/14 21:51:26.912 sat=79
2 no broadcast ephemeris: 2026/09/14 21:51:27 sat=82 iode= -1
2 no broadcast clock 2026/09/14 21:51:26.907 sat=82
2 no broadcast ephemeris: 2026/09/14 21:51:27 sat=83 iode= -1
2 no broadcast clock 2026/09/14 21:51:26.916 sat=83
2 no broadcast ephemeris: 2026/09/14 21:51:27 sat=84 iode= -1
2 no broadcast clock 2026/09/14 21:51:26.913 sat=84
2 no broadcast ephemeris: 2026/09/14 21:51:27 sat=85 iode= -1
2 no broadcast clock 2026/09/14 21:51:26.905 sat=85
2 no broadcast ephemeris: 2026/09/14 21:51:27 sat=102 iode= -1
2 no broadcast clock 2026/09/14 21:51:26.863 sat=102
2 no broadcast ephemeris: 2026/09/14 21:51:27 sat=106 iode= -1
2 no broadcast clock 2026/09/14 21:51:26.914 sat=106
2 no broadcast ephemeris: 2026/09/14 21:51:27 sat=113 iode= -1
2 no broadcast clock 2026/09/14 21:51:26.909 sat=113
2 no broadcast ephemeris: 2026/09/14 21:51:27 sat=117 iode= -1
2 no broadcast clock 2026/09/14 21:51:26.916 sat=117
2 point position error (lack of valid sats ns=4)
2 rtcm3 1045 satellite number error: prn=34
2 rtcm3 1046 satellite number error: prn=34
2 rtcm3 1097 satellite error: prn=34
2 rtcm3 1127: unknown signal id=31
2 rtcm3 1127 satellite error: prn=38
2 no broadcast clock 2026/09/14 21:51:27.873 sat=130
2 no broadcast clock 2026/09/14 21:51:27.872 sat=132
2 no broadcast clock 2026/09/14 21:51:27.873 sat=145
2 no broadcast ephemeris: 2026/09/14 21:51:28 sat= 1 iode= -1
2 no broadcast clock 2026/09/14 21:51:27.925 sat= 1
2 no broadcast ephemeris: 2026/09/14 21:51:28 sat=12 iode= -1
2 no broadcast clock 2026/09/14 21:51:27.914 sat=12
2 no broadcast ephemeris: 2026/09/14 21:51:28 sat=102 iode= -1
2 no broadcast clock 2026/09/14 21:51:27.863 sat=102
2 no broadcast ephemeris: 2026/09/14 21:51:28 sat=106 iode= -1
2 no broadcast clock 2026/09/14 21:51:27.914 sat=106
2 no broadcast ephemeris: 2026/09/14 21:51:28 sat=113 iode= -1
2 no broadcast clock 2026/09/14 21:51:27.909 sat=113
2 no broadcast ephemeris: 2026/09/14 21:51:28 sat=117 iode= -1
2 no broadcast clock 2026/09/14 21:51:27.916 sat=117
2 point position error (lack of valid sats ns=4)
2 rtcm3 1097 satellite error: prn=34
2 rtcm3 1127: unknown signal id=31
2 rtcm3 1127 satellite error: prn=38
2 no broadcast clock 2026/09/14 21:51:28.873 sat=130
2 no broadcast clock 2026/09/14 21:51:28.872 sat=132
2 no broadcast clock 2026/09/14 21:51:28.873 sat=145
2 no broadcast ephemeris: 2026/09/14 21:51:29 sat= 1 iode= -1
2 no broadcast clock 2026/09/14 21:51:28.925 sat= 1
2 no broadcast ephemeris: 2026/09/14 21:51:29 sat=12 iode= -1
2 no broadcast clock 2026/09/14 21:51:28.914 sat=12
2 no broadcast ephemeris: 2026/09/14 21:51:29 sat=102 iode= -1
2 no broadcast clock 2026/09/14 21:51:28.863 sat=102
2 no broadcast ephemeris: 2026/09/14 21:51:29 sat=106 iode= -1
2 no broadcast clock 2026/09/14 21:51:28.914 sat=106
2 no broadcast ephemeris: 2026/09/14 21:51:29 sat=113 iode= -1
2 no broadcast clock 2026/09/14 21:51:28.909 sat=113
2 no broadcast ephemeris: 2026/09/14 21:51:29 sat=117 iode= -1
2 no broadcast clock 2026/09/14 21:51:28.916 sat=117
2 point position error (lack of valid sats ns=4)
2 rtcm3 1097 satellite error: prn=34
2 rtcm3 1127: unknown signal id=31
2 rtcm3 1127 satellite error: prn=38
2 no broadcast clock 2026/09/14 21:51:29.873 sat=130
2 no broadcast clock 2026/09/14 21:51:29.872 sat=132
2 no broadcast clock 2026/09/14 21:51:29.873 sat=145
2 no broadcast ephemeris: 2026/09/14 21:51:30 sat= 1 iode= -1
2 no broadcast clock 2026/09/14 21:51:29.925 sat= 1
2 no broadcast ephemeris: 2026/09/14 21:51:30 sat=12 iode= -1
2 no broadcast clock 2026/09/14 21:51:29.914 sat=12
2 no broadcast ephemeris: 2026/09/14 21:51:30 sat=102 iode= -1
2 no broadcast clock 2026/09/14 21:51:29.863 sat=102
2 no broadcast ephemeris: 2026/09/14 21:51:30 sat=106 iode= -1
2 no broadcast clock 2026/09/14 21:51:29.914 sat=106
2 no broadcast ephemeris: 2026/09/14 21:51:30 sat=113 iode= -1
2 no broadcast clock 2026/09/14 21:51:29.909 sat=113
2 no broadcast ephemeris: 2026/09/14 21:51:30 sat=117 iode= -1
2 no broadcast clock 2026/09/14 21:51:29.916 sat=117
2 point position error (lack of valid sats ns=4)
2 rtcm3 1045 satellite number error: prn=34
2 rtcm3 1046 satellite number error: prn=34
2 rtcm3 1097 satellite error: prn=34
2 rtcm3 1127: unknown signal id=31
2 rtcm3 1127 satellite error: prn=38
2 no broadcast clock 2026/09/14 21:51:30.873 sat=130
2 no broadcast clock 2026/09/14 21:51:30.872 sat=132
2 no broadcast clock 2026/09/14 21:51:30.873 sat=145
2 no broadcast ephemeris: 2026/09/14 21:51:31 sat= 1 iode= -1
2 no broadcast clock 2026/09/14 21:51:30.925 sat= 1
2 no broadcast ephemeris: 2026/09/14 21:51:31 sat=12 iode= -1
2 no broadcast clock 2026/09/14 21:51:30.914 sat=12
2 no broadcast ephemeris: 2026/09/14 21:51:31 sat=102 iode= -1
2 no broadcast clock 2026/09/14 21:51:30.863 sat=102
2 no broadcast ephemeris: 2026/09/14 21:51:31 sat=106 iode= -1
2 no broadcast clock 2026/09/14 21:51:30.914 sat=106
2 no broadcast ephemeris: 2026/09/14 21:51:31 sat=113 iode= -1
2 no broadcast clock 2026/09/14 21:51:30.909 sat=113
2 no broadcast ephemeris: 2026/09/14 21:51:31 sat=117 iode= -1
2 no broadcast clock 2026/09/14 21:51:30.916 sat=117
2 point position error (lack of valid sats ns=4)
2 rtcm3 1097 satellite error: prn=34
2 rtcm3 1127: unknown signal id=31
2 rtcm3 1127 satellite error: prn=38
2 no broadcast clock 2026/09/14 21:51:31.873 sat=130
2 no broadcast clock 2026/09/14 21:51:31.872 sat=132
2 no broadcast clock 2026/09/14 21:51:31.873 sat=145
2 no broadcast ephemeris: 2026/09/14 21:51:32 sat= 1 iode= -1
2 no broadcast clock 2026/09/14 21:51:31.925 sat= 1
2 no broadcast ephemeris: 2026/09/14 21:51:32 sat=12 iode= -1
2 no broadcast clock 2026/09/14 21:51:31.914 sat=12
2 no broadcast ephemeris: 2026/09/14 21:51:32 sat=102 iode= -1
2 no broadcast clock 2026/09/14 21:51:31.863 sat=102
2 no broadcast ephemeris: 2026/09/14 21:51:32 sat=106 iode= -1
2 no broadcast clock 2026/09/14 21:51:31.914 sat=106
2 no broadcast ephemeris: 2026/09/14 21:51:32 sat=113 iode= -1
2 no broadcast clock 2026/09/14 21:51:31.909 sat=113
2 no broadcast ephemeris: 2026/09/14 21:51:32 sat=117 iode= -1
2 no broadcast clock 2026/09/14 21:51:31.916 sat=117
2 point position error (lack of valid sats ns=4)
2 rtcm3 1042 satellite number error: prn=38
2 rtcm3 1042 satellite number error: prn=38
2 rtcm3 1097 satellite error: prn=34
2 rtcm3 1127: unknown signal id=31
2 rtcm3 1127 satellite error: prn=38
2 no broadcast clock 2026/09/14 21:51:32.873 sat=130
2 no broadcast clock 2026/09/14 21:51:32.872 sat=132
2 no broadcast clock 2026/09/14 21:51:32.873 sat=145
2 no broadcast ephemeris: 2026/09/14 21:51:33 sat= 1 iode= -1
2 no broadcast clock 2026/09/14 21:51:32.925 sat= 1
2 no broadcast ephemeris: 2026/09/14 21:51:33 sat=12 iode= -1
2 no broadcast clock 2026/09/14 21:51:32.914 sat=12
2 point position error (lack of valid sats ns=4)
2 rtcm3 1097 satellite error: prn=34
2 rtcm3 1127: unknown signal id=31
2 rtcm3 1127 satellite error: prn=38
2 no broadcast clock 2026/09/14 21:51:33.873 sat=130
2 no broadcast clock 2026/09/14 21:51:33.872 sat=132
2 no broadcast clock 2026/09/14 21:51:33.873 sat=145
2 no broadcast ephemeris: 2026/09/14 21:51:34 sat= 1 iode= -1
2 no broadcast clock 2026/09/14 21:51:33.925 sat= 1
2 no broadcast ephemeris: 2026/09/14 21:51:34 sat=12 iode= -1
2 no broadcast clock 2026/09/14 21:51:33.914 sat=12
2 point position error (lack of valid sats ns=4)
2 rtcm3 1097 satellite error: prn=34
2 rtcm3 1127: unknown signal id=31
2 rtcm3 1127 satellite error: prn=38
2 no broadcast clock 2026/09/14 21:51:34.873 sat=130
2 no broadcast clock 2026/09/14 21:51:34.872 sat=132
2 no broadcast clock 2026/09/14 21:51:34.873 sat=145
2 no broadcast ephemeris: 2026/09/14 21:51:35 sat= 1 iode= -1
2 no broadcast clock 2026/09/14 21:51:34.925 sat= 1
2 no broadcast ephemeris: 2026/09/14 21:51:35 sat=12 iode= -1
2 no broadcast clock 2026/09/14 21:51:34.914 sat=12
2 point position error (lack of valid sats ns=4)
2 rtcm3 1097 satellite error: prn=34
2 rtcm3 1127: unknown signal id=31
2 rtcm3 1127 satellite error: prn=38
2 no broadcast clock 2026/09/14 21:51:35.873 sat=130
2 no broadcast clock 2026/09/14 21:51:35.872 sat=132
2 no broadcast clock 2026/09/14 21:51:35.873 sat=145
2 no broadcast ephemeris: 2026/09/14 21:51:36 sat= 1 iode= -1
2 no broadcast clock 2026/09/14 21:51:35.925 sat= 1
2 no broadcast ephemeris: 2026/09/14 21:51:36 sat=12 iode= -1
2 no broadcast clock 2026/09/14 21:51:35.914 sat=12
2 point position error (lack of valid sats ns=4)
2 rtcm3 1045 satellite number error: prn=34
2 rtcm3 1046 satellite number error: prn=34
2 rtcm3 1097 satellite error: prn=34
2 rtcm3 1127: unknown signal id=31
2 rtcm3 1127 satellite error: prn=38
2 no broadcast clock 2026/09/14 21:51:36.873 sat=130
2 no broadcast clock 2026/09/14 21:51:36.872 sat=132
2 no broadcast clock 2026/09/14 21:51:36.873 sat=145
2 no broadcast ephemeris: 2026/09/14 21:51:37 sat= 1 iode= -1
2 no broadcast clock 2026/09/14 21:51:36.925 sat= 1
2 no broadcast ephemeris: 2026/09/14 21:51:37 sat=12 iode= -1
2 no broadcast clock 2026/09/14 21:51:36.914 sat=12
2 point position error (lack of valid sats ns=4)
2 rtcm3 1097 satellite error: prn=34
2 rtcm3 1127: unknown signal id=31
2 rtcm3 1127 satellite error: prn=38
2 no broadcast clock 2026/09/14 21:51:37.873 sat=130
2 no broadcast clock 2026/09/14 21:51:37.872 sat=132
2 no broadcast clock 2026/09/14 21:51:37.873 sat=145
2 no broadcast ephemeris: 2026/09/14 21:51:38 sat= 1 iode= -1
2 no broadcast clock 2026/09/14 21:51:37.925 sat= 1
2 no broadcast ephemeris: 2026/09/14 21:51:38 sat=12 iode= -1
2 no broadcast clock 2026/09/14 21:51:37.914 sat=12
2 point position error (lack of valid sats ns=4)
2 rtcm3 1097 satellite error: prn=34
2 rtcm3 1127: unknown signal id=31
2 rtcm3 1127 satellite error: prn=38
2 no broadcast clock 2026/09/14 21:51:38.873 sat=130
2 no broadcast clock 2026/09/14 21:51:38.872 sat=132
2 no broadcast clock 2026/09/14 21:51:38.873 sat=145
2 no broadcast ephemeris: 2026/09/14 21:51:39 sat= 1 iode= -1
2 no broadcast clock 2026/09/14 21:51:38.925 sat= 1
2 no broadcast ephemeris: 2026/09/14 21:51:39 sat=12 iode= -1
2 no broadcast clock 2026/09/14 21:51:38.914 sat=12
2 point position error (lack of valid sats ns=4)
2 rtcm3 1097 satellite error: prn=34
2 rtcm3 1127: unknown signal id=31
2 rtcm3 1127 satellite error: prn=38
2 no broadcast clock 2026/09/14 21:51:39.873 sat=130
2 no broadcast clock 2026/09/14 21:51:39.872 sat=132
2 no broadcast clock 2026/09/14 21:51:39.873 sat=145
2 no broadcast ephemeris: 2026/09/14 21:51:40 sat= 1 iode= -1
2 no broadcast clock 2026/09/14 21:51:39.925 sat= 1
2 no broadcast ephemeris: 2026/09/14 21:51:40 sat=12 iode= -1
2 no broadcast clock 2026/09/14 21:51:39.914 sat=12
2 point position error (lack of valid sats ns=4)
2 rtcm3 1097 satellite error: prn=34
2 rtcm3 1127: unknown signal id=31
2 rtcm3 1127 satellite error: prn=38
2 no broadcast clock 2026/09/14 21:51:40.873 sat=130
2 no broadcast clock 2026/09/14 21:51:40.872 sat=132
2 no broadcast clock 2026/09/14 21:51:40.873 sat=145
2 no broadcast ephemeris: 2026/09/14 21:51:41 sat= 1 iode= -1
2 no broadcast clock 2026/09/14 21:51:40.925 sat= 1
2 no broadcast ephemeris: 2026/09/14 21:51:41 sat=12 iode= -1
2 no broadcast clock 2026/09/14 21:51:40.914 sat=12
2 point position error (lack of valid sats ns=4)
2 rtcm3 1097 satellite error: prn=34
2 rtcm3 1127: unknown signal id=31
2 rtcm3 1127 satellite error: prn=38
2 no broadcast clock 2026/09/14 21:51:41.873 sat=130
2 no broadcast clock 2026/09/14 21:51:41.872 sat=132
2 no broadcast clock 2026/09/14 21:51:41.873 sat=145
2 no broadcast ephemeris: 2026/09/14 21:51:42 sat= 1 iode= -1
2 no broadcast clock 2026/09/14 21:51:41.925 sat= 1
2 no broadcast ephemeris: 2026/09/14 21:51:42 sat=12 iode= -1
2 no broadcast clock 2026/09/14 21:51:41.914 sat=12
2 point position error (lack of valid sats ns=4)
2 rtcm3 1097 satellite error: prn=34
2 rtcm3 1127: unknown signal id=31
2 rtcm3 1127 satellite error: prn=38
2 no broadcast clock 2026/09/14 21:51:42.873 sat=130
2 no broadcast clock 2026/09/14 21:51:42.872 sat=132
2 no broadcast clock 2026/09/14 21:51:42.873 sat=145
2 no broadcast ephemeris: 2026/09/14 21:51:43 sat= 1 iode= -1
2 no broadcast clock 2026/09/14 21:51:42.925 sat= 1
2 no broadcast ephemeris: 2026/09/14 21:51:43 sat=12 iode= -1
2 no broadcast clock 2026/09/14 21:51:42.914 sat=12
2 point position error (lack of valid sats ns=4)
2 rtcm3 1097 satellite error: prn=34
2 rtcm3 1127: unknown signal id=31
2 rtcm3 1127 satellite error: prn=38
2 no broadcast clock 2026/09/14 21:51:43.873 sat=130
2 no broadcast clock 2026/09/14 21:51:43.872 sat=132
2 no broadcast clock 2026/09/14 21:51:43.873 sat=145
2 no broadcast ephemeris: 2026/09/14 21:51:44 sat= 1 iode= -1
2 no broadcast clock 2026/09/14 21:51:43.925 sat= 1
2 no broadcast ephemeris: 2026/09/14 21:51:44 sat=12 iode= -1
2 no broadcast clock 2026/09/14 21:51:43.914 sat=12
2 point position error (lack of valid sats ns=4)
2 rtcm3 1097 satellite error: prn=34
2 rtcm3 1127: unknown signal id=31
2 rtcm3 1127 satellite error: prn=38
2 no broadcast clock 2026/09/14 21:51:44.873 sat=130
2 no broadcast clock 2026/09/14 21:51:44.872 sat=132
2 no broadcast clock 2026/09/14 21:51:44.873 sat=145
2 no broadcast ephemeris: 2026/09/14 21:51:45 sat= 1 iode= -1
2 no broadcast clock 2026/09/14 21:51:44.925 sat= 1
2 no broadcast ephemeris: 2026/09/14 21:51:45 sat=12 iode= -1
2 no broadcast clock 2026/09/14 21:51:44.914 sat=12
2 point position error (lack of valid sats ns=4)
2 rtcm3 1097 satellite error: prn=34
2 rtcm3 1127: unknown signal id=31
2 rtcm3 1127 satellite error: prn=38
2 no broadcast clock 2026/09/14 21:51:45.873 sat=130
2 no broadcast clock 2026/09/14 21:51:45.872 sat=132
2 no broadcast clock 2026/09/14 21:51:45.873 sat=145
2 no broadcast ephemeris: 2026/09/14 21:51:46 sat= 1 iode= -1
2 no broadcast clock 2026/09/14 21:51:45.925 sat= 1
2 no broadcast ephemeris: 2026/09/14 21:51:46 sat=12 iode= -1
2 no broadcast clock 2026/09/14 21:51:45.914 sat=12
2 point position error (lack of valid sats ns=4)
2 rtcm3 1097 satellite error: prn=34
2 rtcm3 1127: unknown signal id=31
2 rtcm3 1127 satellite error: prn=38
2 no broadcast clock 2026/09/14 21:51:46.873 sat=130
2 no broadcast clock 2026/09/14 21:51:46.872 sat=132
2 no broadcast clock 2026/09/14 21:51:46.873 sat=145
2 no broadcast ephemeris: 2026/09/14 21:51:47 sat= 1 iode= -1
2 no broadcast clock 2026/09/14 21:51:46.925 sat= 1
2 no broadcast ephemeris: 2026/09/14 21:51:47 sat=12 iode= -1
2 no broadcast clock 2026/09/14 21:51:46.914 sat=12
2 point position error (lack of valid sats ns=4)
2 rtcm3 1097 satellite error: prn=34
2 rtcm3 1127: unknown signal id=31
2 rtcm3 1127 satellite error: prn=38
2 no broadcast clock 2026/09/14 21:51:47.873 sat=130
2 no broadcast clock 2026/09/14 21:51:47.872 sat=132
2 no broadcast clock 2026/09/14 21:51:47.873 sat=145
2 no broadcast ephemeris: 2026/09/14 21:51:48 sat= 1 iode= -1
2 no broadcast clock 2026/09/14 21:51:47.925 sat= 1
2 no broadcast ephemeris: 2026/09/14 21:51:48 sat=12 iode= -1
2 no broadcast clock 2026/09/14 21:51:47.914 sat=12
2 point position error (lack of valid sats ns=4)
2 rtcm3 1097 satellite error: prn=34
2 rtcm3 1127: unknown signal id=31
2 rtcm3 1127 satellite error: prn=38
2 no broadcast clock 2026/09/14 21:51:48.873 sat=130
2 no broadcast clock 2026/09/14 21:51:48.872 sat=132
2 no broadcast clock 2026/09/14 21:51:48.873 sat=145
2 no broadcast ephemeris: 2026/09/14 21:51:49 sat= 1 iode= -1
2 no broadcast clock 2026/09/14 21:51:48.925 sat= 1
2 point position error (lack of valid sats ns=4)
2 rtcm3 1097 satellite error: prn=34
2 rtcm3 1127: unknown signal id=31
2 rtcm3 1127 satellite error: prn=38
2 no broadcast clock 2026/09/14 21:51:49.873 sat=130
2 no broadcast clock 2026/09/14 21:51:49.872 sat=132
2 no broadcast clock 2026/09/14 21:51:49.873 sat=145
2 no broadcast ephemeris: 2026/09/14 21:51:50 sat= 1 iode= -1
2 no broadcast clock 2026/09/14 21:51:49.925 sat= 1
2 point position error (lack of valid sats ns=4)
2 rtcm3 1097 satellite error: prn=34
2 rtcm3 1127: unknown signal id=31
2 rtcm3 1127 satellite error: prn=38
2 no broadcast clock 2026/09/14 21:51:50.873 sat=130
2 no broadcast clock 2026/09/14 21:51:50.872 sat=132
2 no broadcast clock 2026/09/14 21:51:50.873 sat=145
2 no broadcast ephemeris: 2026/09/14 21:51:51 sat= 1 iode= -1
2 no broadcast clock 2026/09/14 21:51:50.925 sat= 1
2 point position error (lack of valid sats ns=4)
2 rtcm3 1097 satellite error: prn=34
2 rtcm3 1127: unknown signal id=31
2 rtcm3 1127 satellite error: prn=38
2 no broadcast clock 2026/09/14 21:51:51.873 sat=130
2 no broadcast clock 2026/09/14 21:51:51.872 sat=132
2 no broadcast clock 2026/09/14 21:51:51.873 sat=145
2 no broadcast ephemeris: 2026/09/14 21:51:52 sat= 1 iode= -1
2 no broadcast clock 2026/09/14 21:51:51.925 sat= 1
2 point position error (lack of valid sats ns=4)
2 rtcm3 1097 satellite error: prn=34
2 rtcm3 1127: unknown signal id=31
2 rtcm3 1127 satellite error: prn=38
2 no broadcast clock 2026/09/14 21:51:52.873 sat=130
2 no broadcast clock 2026/09/14 21:51:52.872 sat=132
2 no broadcast clock 2026/09/14 21:51:52.873 sat=145
2 no broadcast ephemeris: 2026/09/14 21:51:53 sat= 1 iode= -1
2 no broadcast clock 2026/09/14 21:51:52.925 sat= 1
2 point position error (lack of valid sats ns=4)
2 rtcm3 1097 satellite error: prn=34
2 rtcm3 1127: unknown signal id=31
2 rtcm3 1127 satellite error: prn=38
2 no broadcast clock 2026/09/14 21:51:53.873 sat=130
2 no broadcast clock 2026/09/14 21:51:53.872 sat=132
2 no broadcast clock 2026/09/14 21:51:53.873 sat=145
2 no broadcast ephemeris: 2026/09/14 21:51:54 sat= 1 iode= -1
2 no broadcast clock 2026/09/14 21:51:53.925 sat= 1
2 point position error (lack of valid sats ns=4)
2 rtcm3 1097 satellite error: prn=34
2 rtcm3 1127: unknown signal id=31
2 rtcm3 1127 satellite error: prn=38
2 no broadcast clock 2026/09/14 21:51:54.873 sat=130
2 no broadcast clock 2026/09/14 21:51:54.872 sat=132
2 no broadcast clock 2026/09/14 21:51:54.873 sat=145
2 no broadcast ephemeris: 2026/09/14 21:51:55 sat= 1 iode= -1
2 no broadcast clock 2026/09/14 21:51:54.925 sat= 1
2 point position error (lack of valid sats ns=4)
2 rtcm3 1097 satellite error: prn=34
2 rtcm3 1127: unknown signal id=31
2 rtcm3 1127 satellite error: prn=38
2 no broadcast clock 2026/09/14 21:51:55.873 sat=130
2 no broadcast clock 2026/09/14 21:51:55.872 sat=132
2 no broadcast clock 2026/09/14 21:51:55.873 sat=145
2 no broadcast ephemeris: 2026/09/14 21:51:56 sat= 1 iode= -1
2 no broadcast clock 2026/09/14 21:51:55.925 sat= 1
2 point position error (lack of valid sats ns=4)
2 rtcm3 1230: not supported message
2 rtcm3 1097 satellite error: prn=34
2 rtcm3 1127: unknown signal id=31
2 rtcm3 1127 satellite error: prn=38
2 no broadcast clock 2026/09/14 21:51:56.873 sat=130
2 no broadcast clock 2026/09/14 21:51:56.872 sat=132
2 no broadcast clock 2026/09/14 21:51:56.873 sat=145
2 no broadcast ephemeris: 2026/09/14 21:51:57 sat= 1 iode= -1
2 no broadcast clock 2026/09/14 21:51:56.925 sat= 1
2 point position error (lack of valid sats ns=4)
2 rtcm3 1045 satellite number error: prn=34
2 rtcm3 1046 satellite number error: prn=34
2 rtcm3 1097 satellite error: prn=34
2 rtcm3 1127: unknown signal id=31
2 rtcm3 1127 satellite error: prn=38
2 no broadcast clock 2026/09/14 21:51:57.873 sat=130
2 no broadcast clock 2026/09/14 21:51:57.872 sat=132
2 no broadcast clock 2026/09/14 21:51:57.873 sat=145
2 no broadcast ephemeris: 2026/09/14 21:51:58 sat= 1 iode= -1
2 no broadcast clock 2026/09/14 21:51:57.925 sat= 1
2 point position error (lack of valid sats ns=4)
2 rtcm3 1097 satellite error: prn=34
2 rtcm3 1127: unknown signal id=31
2 rtcm3 1127 satellite error: prn=38
2 no broadcast clock 2026/09/14 21:51:58.873 sat=130
2 no broadcast clock 2026/09/14 21:51:58.872 sat=132
2 no broadcast clock 2026/09/14 21:51:58.873 sat=145
2 no broadcast ephemeris: 2026/09/14 21:51:59 sat= 1 iode= -1
2 no broadcast clock 2026/09/14 21:51:58.925 sat= 1
2 point position error (lack of valid sats ns=4)
2 rtcm3 1097 satellite error: prn=34
2 rtcm3 1127: unknown signal id=31
2 rtcm3 1127 satellite error: prn=38
2 no broadcast clock 2026/09/14 21:51:59.873 sat=130
2 no broadcast clock 2026/09/14 21:51:59.872 sat=132
2 no broadcast clock 2026/09/14 21:51:59.873 sat=145
2 no broadcast ephemeris: 2026/09/14 21:52:00 sat= 1 iode= -1
2 no broadcast clock 2026/09/14 21:51:59.925 sat= 1
2 point position error (lack of valid sats ns=4)
2 rtcm3 1097 satellite error: prn=34
2 rtcm3 1127: unknown signal id=31
2 rtcm3 1127 satellite error: prn=38
2 no broadcast clock 2026/09/14 21:52:00.873 sat=130
2 no broadcast clock 2026/09/14 21:52:00.872 sat=132
2 no broadcast clock 2026/09/14 21:52:00.873 sat=145
2 no broadcast ephemeris: 2026/09/14 21:52:01 sat= 1 iode= -1
2 no broadcast clock 2026/09/14 21:52:00.925 sat= 1
2 point position error (lack of valid sats ns=4)
2 rtcm3 1097 satellite error: prn=34
2 rtcm3 1127: unknown signal id=31
2 rtcm3 1127 satellite error: prn=38
2 no broadcast clock 2026/09/14 21:52:01.873 sat=130
2 no broadcast clock 2026/09/14 21:52:01.872 sat=132
2 no broadcast clock 2026/09/14 21:52:01.873 sat=145
2 no broadcast ephemeris: 2026/09/14 21:52:02 sat= 1 iode= -1
2 no broadcast clock 2026/09/14 21:52:01.925 sat= 1
2 point position error (lack of valid sats ns=4)
2 rtcm3 1042 satellite number error: prn=38
2 rtcm3 1042 satellite number error: prn=38
2 rtcm3 1097 satellite error: prn=34
2 rtcm3 1127: unknown signal id=31
2 rtcm3 1127 satellite error: prn=38
2 no broadcast clock 2026/09/14 21:52:02.873 sat=130
2 no broadcast clock 2026/09/14 21:52:02.872 sat=132
2 no broadcast clock 2026/09/14 21:52:02.873 sat=145
2 no broadcast ephemeris: 2026/09/14 21:52:03 sat= 1 iode= -1
2 no broadcast clock 2026/09/14 21:52:02.925 sat= 1
2 point position error (lack of valid sats ns=4)
2 rtcm3 1097 satellite error: prn=34
2 rtcm3 1127: unknown signal id=31
2 rtcm3 1127 satellite error: prn=38
2 no broadcast clock 2026/09/14 21:52:03.873 sat=130
2 no broadcast clock 2026/09/14 21:52:03.872 sat=132
2 no broadcast clock 2026/09/14 21:52:03.873 sat=145
2 no broadcast ephemeris: 2026/09/14 21:52:04 sat= 1 iode= -1
2 no broadcast clock 2026/09/14 21:52:03.925 sat= 1
2 point position error (lack of valid sats ns=4)
2 rtcm3 1097 satellite error: prn=34
2 rtcm3 1127: unknown signal id=31
2 rtcm3 1127 satellite error: prn=38
2 no broadcast clock 2026/09/14 21:52:04.873 sat=130
2 no broadcast clock 2026/09/14 21:52:04.872 sat=132
2 no broadcast clock 2026/09/14 21:52:04.873 sat=145
2 no broadcast ephemeris: 2026/09/14 21:52:05 sat= 1 iode= -1
2 no broadcast clock 2026/09/14 21:52:04.925 sat= 1
2 point position error (lack of valid sats ns=4)
2 rtcm3 1097 satellite error: prn=34
2 rtcm3 1127: unknown signal id=31
2 rtcm3 1127 satellite error: prn=38
2 no broadcast clock 2026/09/14 21:52:05.873 sat=130
2 no broadcast clock 2026/09/14 21:52:05.872 sat=132
2 no broadcast clock 2026/09/14 21:52:05.873 sat=145
2 no broadcast ephemeris: 2026/09/14 21:52:06 sat= 1 iode= -1
2 no broadcast clock 2026/09/14 21:52:05.925 sat= 1
2 point position error (lack of valid sats ns=4)
2 rtcm3 1045 satellite number error: prn=34
2 rtcm3 1046 satellite number error: prn=34
2 rtcm3 1097 satellite error: prn=34
2 rtcm3 1127: unknown signal id=31
2 rtcm3 1127 satellite error: prn=38
2 no broadcast clock 2026/09/14 21:52:06.873 sat=130
2 no broadcast clock 2026/09/14 21:52:06.872 sat=132
2 no broadcast clock 2026/09/14 21:52:06.873 sat=145
2 no broadcast ephemeris: 2026/09/14 21:52:07 sat= 1 iode= -1
2 no broadcast clock 2026/09/14 21:52:06.925 sat= 1
2 point position error (lack of valid sats ns=4)
2 rtcm3 1097 satellite error: prn=34
2 rtcm3 1127: unknown signal id=31
2 rtcm3 1127 satellite error: prn=38
2 no broadcast clock 2026/09/14 21:52:07.873 sat=130
2 no broadcast clock 2026/09/14 21:52:07.872 sat=132
2 no broadcast clock 2026/09/14 21:52:07.873 sat=145
2 no broadcast ephemeris: 2026/09/14 21:52:08 sat= 1 iode= -1
2 no broadcast clock 2026/09/14 21:52:07.925 sat= 1
2 point position error (lack of valid sats ns=4)
2 rtcm3 1097 satellite error: prn=34
2 rtcm3 1127: unknown signal id=31
2 rtcm3 1127 satellite error: prn=38
2 no broadcast clock 2026/09/14 21:52:08.873 sat=130
2 no broadcast clock 2026/09/14 21:52:08.872 sat=132
2 no broadcast clock 2026/09/14 21:52:08.873 sat=145
2 no broadcast ephemeris: 2026/09/14 21:52:09 sat= 1 iode= -1
2 no broadcast clock 2026/09/14 21:52:08.925 sat= 1
2 point position error (lack of valid sats ns=4)
2 rtcm3 1097 satellite error: prn=34
2 rtcm3 1127: unknown signal id=31
2 rtcm3 1127 satellite error: prn=38
2 no broadcast clock 2026/09/14 21:52:09.873 sat=130
2 no broadcast clock 2026/09/14 21:52:09.872 sat=132
2 no broadcast clock 2026/09/14 21:52:09.873 sat=145
2 no broadcast ephemeris: 2026/09/14 21:52:10 sat= 1 iode= -1
2 no broadcast clock 2026/09/14 21:52:09.925 sat= 1
2 point position error (lack of valid sats ns=4)
2 rtcm3 1097 satellite error: prn=34
2 rtcm3 1127: unknown signal id=31
2 rtcm3 1127 satellite error: prn=38
2 no broadcast clock 2026/09/14 21:52:10.873 sat=130
2 no broadcast clock 2026/09/14 21:52:10.872 sat=132
2 no broadcast clock 2026/09/14 21:52:10.873 sat=145
2 no broadcast ephemeris: 2026/09/14 21:52:11 sat= 1 iode= -1
2 no broadcast clock 2026/09/14 21:52:10.925 sat= 1
2 point position error (lack of valid sats ns=4)
2 rtcm3 1097 satellite error: prn=34
2 rtcm3 1127: unknown signal id=31
2 rtcm3 1127 satellite error: prn=38
2 no broadcast clock 2026/09/14 21:52:11.873 sat=130
2 no broadcast clock 2026/09/14 21:52:11.872 sat=132
2 no broadcast clock 2026/09/14 21:52:11.873 sat=145
2 no broadcast ephemeris: 2026/09/14 21:52:12 sat= 1 iode= -1
2 no broadcast clock 2026/09/14 21:52:11.925 sat= 1
2 point position error (lack of valid sats ns=4)
2 rtcm3 1097 satellite error: prn=34
2 rtcm3 1127: unknown signal id=31
2 rtcm3 1127 satellite error: prn=38
2 no broadcast clock 2026/09/14 21:52:12.873 sat=130
2 no broadcast clock 2026/09/14 21:52:12.872 sat=132
2 no broadcast clock 2026/09/14 21:52:12.873 sat=145
2 no broadcast ephemeris: 2026/09/14 21:52:13 sat= 1 iode= -1
2 no broadcast clock 2026/09/14 21:52:12.925 sat= 1
2 point position error (lack of valid sats ns=4)
2 rtcm3 1097 satellite error: prn=34
2 rtcm3 1127: unknown signal id=31
2 rtcm3 1127 satellite error: prn=38
2 no broadcast clock 2026/09/14 21:52:13.873 sat=130
2 no broadcast clock 2026/09/14 21:52:13.872 sat=132
2 no broadcast clock 2026/09/14 21:52:13.873 sat=145
2 no broadcast ephemeris: 2026/09/14 21:52:14 sat= 1 iode= -1
2 no broadcast clock 2026/09/14 21:52:13.925 sat= 1
2 point position error (lack of valid sats ns=4)
2 rtcm3 1097 satellite error: prn=34
2 rtcm3 1127: unknown signal id=31
2 rtcm3 1127 satellite error: prn=38
2 no broadcast clock 2026/09/14 21:52:14.873 sat=130
2 no broadcast clock 2026/09/14 21:52:14.872 sat=132
2 no broadcast clock 2026/09/14 21:52:14.873 sat=145
2 no broadcast ephemeris: 2026/09/14 21:52:15 sat= 1 iode= -1
2 no broadcast clock 2026/09/14 21:52:14.925 sat= 1
2 point position error (lack of valid sats ns=4)
2 rtcm3 1097 satellite error: prn=34
2 rtcm3 1127: unknown signal id=31
2 rtcm3 1127 satellite error: prn=38
2 no broadcast clock 2026/09/14 21:52:15.873 sat=130
2 no broadcast clock 2026/09/14 21:52:15.872 sat=132
2 no broadcast clock 2026/09/14 21:52:15.873 sat=145
2 no broadcast ephemeris: 2026/09/14 21:52:16 sat= 1 iode= -1
2 no broadcast clock 2026/09/14 21:52:15.925 sat= 1
2 point position error (lack of valid sats ns=4)
2 rtcm3 1097 satellite error: prn=34
2 rtcm3 1127: unknown signal id=31
2 rtcm3 1127 satellite error: prn=38
2 no broadcast clock 2026/09/14 21:52:16.873 sat=130
2 no broadcast clock 2026/09/14 21:52:16.872 sat=132
2 no broadcast clock 2026/09/14 21:52:16.873 sat=145
2 no broadcast ephemeris: 2026/09/14 21:52:17 sat= 1 iode= -1
2 no broadcast clock 2026/09/14 21:52:16.925 sat= 1
2 point position error (lack of valid sats ns=4)
2 rtcm3 1097 satellite error: prn=34
2 rtcm3 1127: unknown signal id=31
2 rtcm3 1127 satellite error: prn=38
2 no broadcast clock 2026/09/14 21:52:17.873 sat=130
2 no broadcast clock 2026/09/14 21:52:17.872 sat=132
2 no broadcast clock 2026/09/14 21:52:17.873 sat=145
2 no broadcast ephemeris: 2026/09/14 21:52:18 sat= 1 iode= -1
2 no broadcast clock 2026/09/14 21:52:17.925 sat= 1
2 point position error (lack of valid sats ns=4)
2 rtcm3 1097 satellite error: prn=34
2 rtcm3 1127: unknown signal id=31
2 rtcm3 1127 satellite error: prn=38
2 no broadcast clock 2026/09/14 21:52:18.873 sat=130
2 no broadcast clock 2026/09/14 21:52:18.872 sat=132
2 no broadcast clock 2026/09/14 21:52:18.873 sat=145
2 no broadcast ephemeris: 2026/09/14 21:52:19 sat= 1 iode= -1
2 no broadcast clock 2026/09/14 21:52:18.925 sat= 1
2 point position error (lack of valid sats ns=4)
2 rtcm3 1097 satellite error: prn=34
2 rtcm3 1127: unknown signal id=31
2 rtcm3 1127 satellite error: prn=38
2 no broadcast clock 2026/09/14 21:52:19.873 sat=130
2 no broadcast clock 2026/09/14 21:52:19.872 sat=132
2 no broadcast clock 2026/09/14 21:52:19.873 sat=145
2 no broadcast ephemeris: 2026/09/14 21:52:20 sat= 1 iode= -1
2 no broadcast clock 2026/09/14 21:52:19.925 sat= 1
2 point position error (lack of valid sats ns=4)
2 rtcm3 1045 satellite number error: prn=34
2 rtcm3 1046 satellite number error: prn=34
2 rtcm3 1097 satellite error: prn=34
2 rtcm3 1127: unknown signal id=31
2 rtcm3 1127 satellite error: prn=38
2 no broadcast clock 2026/09/14 21:52:20.873 sat=130
2 no broadcast clock 2026/09/14 21:52:20.872 sat=132
2 no broadcast clock 2026/09/14 21:52:20.873 sat=145
2 no broadcast ephemeris: 2026/09/14 21:52:21 sat= 1 iode= -1
2 no broadcast clock 2026/09/14 21:52:20.925 sat= 1
2 point position error (lack of valid sats ns=4)
2 rtcm3 1097 satellite error: prn=34
2 rtcm3 1127: unknown signal id=31
2 rtcm3 1127 satellite error: prn=38
2 no broadcast clock 2026/09/14 21:52:21.873 sat=130
2 no broadcast clock 2026/09/14 21:52:21.872 sat=132
2 no broadcast clock 2026/09/14 21:52:21.873 sat=145
2 no broadcast ephemeris: 2026/09/14 21:52:22 sat= 1 iode= -1
2 no broadcast clock 2026/09/14 21:52:21.925 sat= 1
2 point position error (lack of valid sats ns=4)
2 rtcm3 1097 satellite error: prn=34
2 rtcm3 1127: unknown signal id=31
2 rtcm3 1127 satellite error: prn=38
2 no broadcast clock 2026/09/14 21:52:22.873 sat=130
2 no broadcast clock 2026/09/14 21:52:22.872 sat=132
2 no broadcast clock 2026/09/14 21:52:22.873 sat=145
2 no broadcast ephemeris: 2026/09/14 21:52:23 sat= 1 iode= -1
2 no broadcast clock 2026/09/14 21:52:22.925 sat= 1
2 point position error (lack of valid sats ns=4)
2 rtcm3 1097 satellite error: prn=34
2 rtcm3 1127: unknown signal id=31
2 rtcm3 1127 satellite error: prn=38
2 no broadcast clock 2026/09/14 21:52:23.873 sat=130
2 no broadcast clock 2026/09/14 21:52:23.872 sat=132
2 no broadcast clock 2026/09/14 21:52:23.873 sat=145
2 no broadcast ephemeris: 2026/09/14 21:52:24 sat= 1 iode= -1
2 no broadcast clock 2026/09/14 21:52:23.925 sat= 1
2 point position error (lack of valid sats ns=4)
2 rtcm3 1097 satellite error: prn=34
2 rtcm3 1127: unknown signal id=31
2 rtcm3 1127 satellite error: prn=38
2 no broadcast clock 2026/09/14 21:52:24.873 sat=130
2 no broadcast clock 2026/09/14 21:52:24.872 sat=132
2 no broadcast clock 2026/09/14 21:52:24.873 sat=145
2 no broadcast ephemeris: 2026/09/14 21:52:25 sat= 1 iode= -1
2 no broadcast clock 2026/09/14 21:52:24.925 sat= 1
2 point position error (lack of valid sats ns=4)
2 rtcm3 1097 satellite error: prn=34
2 rtcm3 1127: unknown signal id=31
2 rtcm3 1127 satellite error: prn=38
2 no broadcast clock 2026/09/14 21:52:25.873 sat=130
2 no broadcast clock 2026/09/14 21:52:25.872 sat=132
2 no broadcast clock 2026/09/14 21:52:25.873 sat=145
2 no broadcast ephemeris: 2026/09/14 21:52:26 sat= 1 iode= -1
2 no broadcast clock 2026/09/14 21:52:25.925 sat= 1
2 point position error (lack of valid sats ns=4)
2 rtcm3 1230: not supported message
2 rtcm3 1097 satellite error: prn=34
2 rtcm3 1127: unknown signal id=31
2 rtcm3 1127 satellite error: prn=38
2 no broadcast clock 2026/09/14 21:52:26.873 sat=130
2 no broadcast clock 2026/09/14 21:52:26.872 sat=132
2 no broadcast clock 2026/09/14 21:52:26.873 sat=145
2 no broadcast ephemeris: 2026/09/14 21:52:27 sat= 1 iode= -1
2 no broadcast clock 2026/09/14 21:52:26.925 sat= 1
2 point position error (lack of valid sats ns=4)
2 rtcm3 1045 satellite number error: prn=34
2 rtcm3 1046 satellite number error: prn=34
2 rtcm3 1097 satellite error: prn=34
2 rtcm3 1127: unknown signal id=31
2 rtcm3 1127 satellite error: prn=38
2 no broadcast clock 2026/09/14 21:52:27.873 sat=130
2 no broadcast clock 2026/09/14 21:52:27.872 sat=132
2 no broadcast clock 2026/09/14 21:52:27.873 sat=145
2 no broadcast ephemeris: 2026/09/14 21:52:28 sat= 1 iode= -1
2 no broadcast clock 2026/09/14 21:52:27.925 sat= 1
2 point position error (lack of valid sats ns=4)
2 rtcm3 1097 satellite error: prn=34
2 rtcm3 1127: unknown signal id=31
2 rtcm3 1127 satellite error: prn=38
2 no broadcast clock 2026/09/14 21:52:28.873 sat=130
2 no broadcast clock 2026/09/14 21:52:28.872 sat=132
2 no broadcast clock 2026/09/14 21:52:28.873 sat=145
2 no broadcast ephemeris: 2026/09/14 21:52:29 sat= 1 iode= -1
2 no broadcast clock 2026/09/14 21:52:28.925 sat= 1
2 point position error (lack of valid sats ns=4)
2 rtcm3 1097 satellite error: prn=34
2 rtcm3 1127: unknown signal id=31
2 rtcm3 1127 satellite error: prn=38
2 no broadcast clock 2026/09/14 21:52:29.873 sat=130
2 no broadcast clock 2026/09/14 21:52:29.872 sat=132
2 no broadcast clock 2026/09/14 21:52:29.873 sat=145
2 no broadcast ephemeris: 2026/09/14 21:52:30 sat= 1 iode= -1
2 no broadcast clock 2026/09/14 21:52:29.925 sat= 1
2 point position error (lack of valid sats ns=4)
2 rtcm3 1097 satellite error: prn=34
2 rtcm3 1127: unknown signal id=31
2 rtcm3 1127 satellite error: prn=38
2 no broadcast clock 2026/09/14 21:52:30.873 sat=130
2 no broadcast clock 2026/09/14 21:52:30.872 sat=132
2 no broadcast clock 2026/09/14 21:52:30.873 sat=145
2 no broadcast ephemeris: 2026/09/14 21:52:31 sat= 1 iode= -1
2 no broadcast clock 2026/09/14 21:52:30.925 sat= 1
2 point position error (lack of valid sats ns=4)
2 rtcm3 1097 satellite error: prn=34
2 rtcm3 1127: unknown signal id=31
2 rtcm3 1127 satellite error: prn=38
2 no broadcast clock 2026/09/14 21:52:31.873 sat=130
2 no broadcast clock 2026/09/14 21:52:31.872 sat=132
2 no broadcast clock 2026/09/14 21:52:31.873 sat=145
2 no broadcast ephemeris: 2026/09/14 21:52:32 sat= 1 iode= -1
2 no broadcast clock 2026/09/14 21:52:31.925 sat= 1
2 point position error (lack of valid sats ns=4)
2 rtcm3 1042 satellite number error: prn=38
2 rtcm3 1042 satellite number error: prn=38
2 rtcm3 1097 satellite error: prn=34
2 rtcm3 1127: unknown signal id=31
2 rtcm3 1127 satellite error: prn=38
2 no broadcast clock 2026/09/14 21:52:32.873 sat=130
2 no broadcast clock 2026/09/14 21:52:32.872 sat=132
2 no broadcast clock 2026/09/14 21:52:32.873 sat=145
2 no broadcast ephemeris: 2026/09/14 21:52:33 sat= 1 iode= -1
2 no broadcast clock 2026/09/14 21:52:32.925 sat= 1
2 point position error (lack of valid sats ns=4)
2 rtcm3 1097 satellite error: prn=34
2 rtcm3 1127: unknown signal id=31
2 rtcm3 1127 satellite error: prn=38
2 no broadcast clock 2026/09/14 21:52:33.873 sat=130
2 no broadcast clock 2026/09/14 21:52:33.872 sat=132
2 no broadcast clock 2026/09/14 21:52:33.873 sat=145
2 no broadcast ephemeris: 2026/09/14 21:52:34 sat= 1 iode= -1
2 no broadcast clock 2026/09/14 21:52:33.925 sat= 1
2 point position error (lack of valid sats ns=4)
2 rtcm3 1097 satellite error: prn=34
2 rtcm3 1127: unknown signal id=31
2 rtcm3 1127 satellite error: prn=38
2 no broadcast clock 2026/09/14 21:52:34.873 sat=130
2 no broadcast clock 2026/09/14 21:52:34.872 sat=132
2 no broadcast clock 2026/09/14 21:52:34.873 sat=145
2 no broadcast ephemeris: 2026/09/14 21:52:35 sat= 1 iode= -1
2 no broadcast clock 2026/09/14 21:52:34.925 sat= 1
2 point position error (lack of valid sats ns=4)
2 rtcm3 1097 satellite error: prn=34
2 rtcm3 1127: unknown signal id=31
2 rtcm3 1127 satellite error: prn=38
2 no broadcast clock 2026/09/14 21:52:35.873 sat=130
2 no broadcast clock 2026/09/14 21:52:35.872 sat=132
2 no broadcast clock 2026/09/14 21:52:35.873 sat=145
2 no broadcast ephemeris: 2026/09/14 21:52:36 sat= 1 iode= -1
2 no broadcast clock 2026/09/14 21:52:35.925 sat= 1
2 point position error (lack of valid sats ns=4)
2 rtcm3 1045 satellite number error: prn=34
2 rtcm3 1046 satellite number error: prn=34
2 rtcm3 1097 satellite error: prn=34
2 rtcm3 1127: unknown signal id=31
2 rtcm3 1127 satellite error: prn=38
2 no broadcast clock 2026/09/14 21:52:36.873 sat=130
2 no broadcast clock 2026/09/14 21:52:36.872 sat=132
2 no broadcast clock 2026/09/14 21:52:36.873 sat=145
2 no broadcast ephemeris: 2026/09/14 21:52:37 sat= 1 iode= -1
2 no broadcast clock 2026/09/14 21:52:36.925 sat= 1
2 point position error (lack of valid sats ns=4)
2 rtcm3 1097 satellite error: prn=34
2 rtcm3 1127: unknown signal id=31
2 rtcm3 1127 satellite error: prn=38
2 no broadcast clock 2026/09/14 21:52:37.873 sat=130
2 no broadcast clock 2026/09/14 21:52:37.872 sat=132
2 no broadcast clock 2026/09/14 21:52:37.873 sat=145
2 no broadcast ephemeris: 2026/09/14 21:52:38 sat= 1 iode= -1
2 no broadcast clock 2026/09/14 21:52:37.925 sat= 1
2 point position error (lack of valid sats ns=4)
2 rtcm3 1097 satellite error: prn=34
2 rtcm3 1127: unknown signal id=31
2 rtcm3 1127 satellite error: prn=38
2 no broadcast clock 2026/09/14 21:52:38.873 sat=130
2 no broadcast clock 2026/09/14 21:52:38.872 sat=132
2 no broadcast clock 2026/09/14 21:52:38.873 sat=145
2 no broadcast ephemeris: 2026/09/14 21:52:39 sat= 1 iode= -1
2 no broadcast clock 2026/09/14 21:52:38.925 sat= 1
2 point position error (lack of valid sats ns=4)
2 rtcm3 1097 satellite error: prn=34
2 rtcm3 1127: unknown signal id=31
2 rtcm3 1127 satellite error: prn=38
2 no broadcast clock 2026/09/14 21:52:39.873 sat=130
2 no broadcast clock 2026/09/14 21:52:39.872 sat=132
2 no broadcast clock 2026/09/14 21:52:39.873 sat=145
2 no broadcast ephemeris: 2026/09/14 21:52:40 sat= 1 iode= -1
2 no broadcast clock 2026/09/14 21:52:39.925 sat= 1
2 point position error (lack of valid sats ns=4)
2 rtcm3 1097 satellite error: prn=34
2 rtcm3 1127: unknown signal id=31
2 rtcm3 1127 satellite error: prn=38
2 no broadcast clock 2026/09/14 21:52:40.873 sat=130
2 no broadcast clock 2026/09/14 21:52:40.872 sat=132
2 no broadcast clock 2026/09/14 21:52:40.873 sat=145
2 no broadcast ephemeris: 2026/09/14 21:52:41 sat= 1 iode= -1
2 no broadcast clock 2026/09/14 21:52:40.925 sat= 1
2 point position error (lack of valid sats ns=4)
2 rtcm3 1097 satellite error: prn=34
2 rtcm3 1127: unknown signal id=31
2 rtcm3 1127 satellite error: prn=38
2 no broadcast clock 2026/09/14 21:52:41.873 sat=130
2 no broadcast clock 2026/09/14 21:52:41.872 sat=132
2 no broadcast clock 2026/09/14 21:52:41.873 sat=145
2 no broadcast ephemeris: 2026/09/14 21:52:42 sat= 1 iode= -1
2 no broadcast clock 2026/09/14 21:52:41.925 sat= 1
2 point position error (lack of valid sats ns=4)
2 rtcm3 1097 satellite error: prn=34
2 rtcm3 1127: unknown signal id=31
2 rtcm3 1127 satellite error: prn=38
2 no broadcast clock 2026/09/14 21:52:42.873 sat=130
2 no broadcast clock 2026/09/14 21:52:42.872 sat=132
2 no broadcast clock 2026/09/14 21:52:42.873 sat=145
2 no broadcast ephemeris: 2026/09/14 21:52:43 sat= 1 iode= -1
2 no broadcast clock 2026/09/14 21:52:42.925 sat= 1
2 point position error (lack of valid sats ns=4)
2 rtcm3 1097 satellite error: prn=34
2 rtcm3 1127: unknown signal id=31
2 rtcm3 1127 satellite error: prn=38
2 no broadcast clock 2026/09/14 21:52:43.873 sat=130
2 no broadcast clock 2026/09/14 21:52:43.872 sat=132
2 no broadcast clock 2026/09/14 21:52:43.873 sat=145
2 no broadcast ephemeris: 2026/09/14 21:52:44 sat= 1 iode= -1
2 no broadcast clock 2026/09/14 21:52:43.925 sat= 1
2 point position error (lack of valid sats ns=4)
2 rtcm3 1097 satellite error: prn=34
2 rtcm3 1127: unknown signal id=31
2 rtcm3 1127 satellite error: prn=38
2 no broadcast clock 2026/09/14 21:52:44.873 sat=130
2 no broadcast clock 2026/09/14 21:52:44.872 sat=132
2 no broadcast clock 2026/09/14 21:52:44.873 sat=145
2 no broadcast ephemeris: 2026/09/14 21:52:45 sat= 1 iode= -1
2 no broadcast clock 2026/09/14 21:52:44.925 sat= 1
2 point position error (lack of valid sats ns=4)
2 rtcm3 1097 satellite error: prn=34
2 rtcm3 1127: unknown signal id=31
2 rtcm3 1127 satellite error: prn=38
2 no broadcast clock 2026/09/14 21:52:45.873 sat=130
2 no broadcast clock 2026/09/14 21:52:45.872 sat=132
2 no broadcast clock 2026/09/14 21:52:45.873 sat=145
2 no broadcast ephemeris: 2026/09/14 21:52:46 sat= 1 iode= -1
2 no broadcast clock 2026/09/14 21:52:45.925 sat= 1
2 point position error (lack of valid sats ns=4)
2 rtcm3 1097 satellite error: prn=34
2 rtcm3 1127: unknown signal id=31
2 rtcm3 1127 satellite error: prn=38
2 no broadcast clock 2026/09/14 21:52:46.873 sat=130
2 no broadcast clock 2026/09/14 21:52:46.872 sat=132
2 no broadcast clock 2026/09/14 21:52:46.873 sat=145
2 no broadcast ephemeris: 2026/09/14 21:52:47 sat= 1 iode= -1
2 no broadcast clock 2026/09/14 21:52:46.925 sat= 1
2 point position error (lack of valid sats ns=4)
2 rtcm3 1097 satellite error: prn=34
2 rtcm3 1127: unknown signal id=31
2 rtcm3 1127 satellite error: prn=38
2 no broadcast clock 2026/09/14 21:52:47.873 sat=130
2 no broadcast clock 2026/09/14 21:52:47.872 sat=132
2 no broadcast clock 2026/09/14 21:52:47.873 sat=145
2 no broadcast ephemeris: 2026/09/14 21:52:48 sat= 1 iode= -1
2 no broadcast clock 2026/09/14 21:52:47.925 sat= 1
2 point position error (lack of valid sats ns=4)
2 rtcm3 1097 satellite error: prn=34
2 rtcm3 1127: unknown signal id=31
2 rtcm3 1127 satellite error: prn=38
2 no broadcast clock 2026/09/14 21:52:48.873 sat=130
2 no broadcast clock 2026/09/14 21:52:48.872 sat=132
2 no broadcast clock 2026/09/14 21:52:48.873 sat=145
2 no broadcast ephemeris: 2026/09/14 21:52:49 sat= 1 iode= -1
2 no broadcast clock 2026/09/14 21:52:48.925 sat= 1
2 point position error (lack of valid sats ns=4)
2 rtcm3 1097 satellite error: prn=34
2 rtcm3 1127: unknown signal id=31
2 rtcm3 1127 satellite error: prn=38
2 no broadcast clock 2026/09/14 21:52:49.873 sat=130
2 no broadcast clock 2026/09/14 21:52:49.872 sat=132
2 no broadcast clock 2026/09/14 21:52:49.873 sat=145
2 no broadcast ephemeris: 2026/09/14 21:52:50 sat= 1 iode= -1
2 no broadcast clock 2026/09/14 21:52:49.925 sat= 1
2 point position error (lack of valid sats ns=4)
2 rtcm3 1097 satellite error: prn=34
2 rtcm3 1127: unknown signal id=31
2 rtcm3 1127 satellite error: prn=38
2 no broadcast clock 2026/09/14 21:52:50.873 sat=130
2 no broadcast clock 2026/09/14 21:52:50.872 sat=132
2 no broadcast clock 2026/09/14 21:52:50.873 sat=145
2 no broadcast ephemeris: 2026/09/14 21:52:51 sat= 1 iode= -1
2 no broadcast clock 2026/09/14 21:52:50.925 sat= 1
2 point position error (lack of valid sats ns=4)
2 rtcm3 1097 satellite error: prn=34
2 rtcm3 1127: unknown signal id=31
2 rtcm3 1127 satellite error: prn=38
2 no broadcast clock 2026/09/14 21:52:51.873 sat=130
2 no broadcast clock 2026/09/14 21:52:51.872 sat=132
2 no broadcast clock 2026/09/14 21:52:51.873 sat=145
2 no broadcast ephemeris: 2026/09/14 21:52:52 sat= 1 iode= -1
2 no broadcast clock 2026/09/14 21:52:51.925 sat= 1
2 point position error (lack of valid sats ns=4)
2 rtcm3 1097 satellite error: prn=34
2 rtcm3 1127: unknown signal id=31
2 rtcm3 1127 satellite error: prn=38
2 no broadcast clock 2026/09/14 21:52:52.873 sat=130
2 no broadcast clock 2026/09/14 21:52:52.872 sat=132
2 no broadcast clock 2026/09/14 21:52:52.873 sat=145
2 no broadcast ephemeris: 2026/09/14 21:52:53 sat= 1 iode= -1
2 no broadcast clock 2026/09/14 21:52:52.925 sat= 1
2 point position error (lack of valid sats ns=4)
2 rtcm3 1097 satellite error: prn=34
2 rtcm3 1127: unknown signal id=31
2 rtcm3 1127 satellite error: prn=38
2 no broadcast clock 2026/09/14 21:52:53.873 sat=130
2 no broadcast clock 2026/09/14 21:52:53.872 sat=132
2 no broadcast clock 2026/09/14 21:52:53.873 sat=145
2 no broadcast ephemeris: 2026/09/14 21:52:54 sat= 1 iode= -1
2 no broadcast clock 2026/09/14 21:52:53.925 sat= 1
2 point position error (lack of valid sats ns=4)
2 rtcm3 1097 satellite error: prn=34
2 rtcm3 1127: unknown signal id=31
2 rtcm3 1127 satellite error: prn=38
2 no broadcast clock 2026/09/14 21:52:54.873 sat=130
2 no broadcast clock 2026/09/14 21:52:54.872 sat=132
2 no broadcast clock 2026/09/14 21:52:54.873 sat=145
2 no broadcast ephemeris: 2026/09/14 21:52:55 sat= 1 iode= -1
2 no broadcast clock 2026/09/14 21:52:54.925 sat= 1
2 point position error (lack of valid sats ns=4)
2 rtcm3 1097 satellite error: prn=34
2 rtcm3 1127: unknown signal id=31
2 rtcm3 1127 satellite error: prn=38
2 no broadcast clock 2026/09/14 21:52:55.873 sat=130
2 no broadcast clock 2026/09/14 21:52:55.872 sat=132
2 no broadcast clock 2026/09/14 21:52:55.873 sat=145
2 no broadcast ephemeris: 2026/09/14 21:52:56 sat= 1 iode= -1
2 no broadcast clock 2026/09/14 21:52:55.925 sat= 1
2 point position error (lack of valid sats ns=4)
2 rtcm3 1230: not supported message
2 rtcm3 1097 satellite error: prn=34
2 rtcm3 1127: unknown signal id=31
2 rtcm3 1127 satellite error: prn=38
2 no broadcast clock 2026/09/14 21:52:56.873 sat=130
2 no broadcast clock 2026/09/14 21:52:56.872 sat=132
2 no broadcast clock 2026/09/14 21:52:56.873 sat=145
2 no broadcast ephemeris: 2026/09/14 21:52:57 sat= 1 iode= -1
2 no broadcast clock 2026/09/14 21:52:56.925 sat= 1
2 point position error (lack of valid sats ns=4)
2 rtcm3 1045 satellite number error: prn=34
2 rtcm3 1046 satellite number error: prn=34
2 rtcm3 1097 satellite error: prn=34
2 rtcm3 1127: unknown signal id=31
2 rtcm3 1127 satellite error: prn=38
2 no broadcast clock 2026/09/14 21:52:57.873 sat=130
2 no broadcast clock 2026/09/14 21:52:57.872 sat=132
2 no broadcast clock 2026/09/14 21:52:57.873 sat=145
2 no broadcast ephemeris: 2026/09/14 21:52:58 sat= 1 iode= -1
2 no broadcast clock 2026/09/14 21:52:57.925 sat= 1
2 point position error (lack of valid sats ns=4)
2 rtcm3 1097 satellite error: prn=34
2 rtcm3 1127: unknown signal id=31
2 rtcm3 1127 satellite error: prn=38
2 no broadcast clock 2026/09/14 21:52:58.873 sat=130
2 no broadcast clock 2026/09/14 21:52:58.872 sat=132
2 no broadcast clock 2026/09/14 21:52:58.873 sat=145
2 no broadcast ephemeris: 2026/09/14 21:52:59 sat= 1 iode= -1
2 no broadcast clock 2026/09/14 21:52:58.925 sat= 1
2 point position error (lack of valid sats ns=4)
2 rtcm3 1097 satellite error: prn=34
2 rtcm3 1127: unknown signal id=31
2 rtcm3 1127 satellite error: prn=38
2 no broadcast clock 2026/09/14 21:52:59.873 sat=130
2 no broadcast clock 2026/09/14 21:52:59.872 sat=132
2 no broadcast clock 2026/09/14 21:52:59.873 sat=145
2 no broadcast ephemeris: 2026/09/14 21:53:00 sat= 1 iode= -1
2 no broadcast clock 2026/09/14 21:52:59.925 sat= 1
2 point position error (lack of valid sats ns=4)
2 rtcm3 1097 satellite error: prn=34
2 rtcm3 1127: unknown signal id=31
2 rtcm3 1127 satellite error: prn=38
2 no broadcast clock 2026/09/14 21:53:00.873 sat=130
2 no broadcast clock 2026/09/14 21:53:00.872 sat=132
2 no broadcast clock 2026/09/14 21:53:00.873 sat=145
2 no broadcast ephemeris: 2026/09/14 21:53:01 sat= 1 iode= -1
2 no broadcast clock 2026/09/14 21:53:00.925 sat= 1
2 point position error (lack of valid sats ns=4)
2 rtcm3 1097 satellite error: prn=34
2 rtcm3 1127: unknown signal id=31
2 rtcm3 1127 satellite error: prn=38
2 no broadcast clock 2026/09/14 21:53:01.873 sat=130
2 no broadcast clock 2026/09/14 21:53:01.872 sat=132
2 no broadcast clock 2026/09/14 21:53:01.873 sat=145
2 no broadcast ephemeris: 2026/09/14 21:53:02 sat= 1 iode= -1
2 no broadcast clock 2026/09/14 21:53:01.925 sat= 1
2 point position error (lack of valid sats ns=4)
2 rtcm3 1042 satellite number error: prn=38
2 rtcm3 1042 satellite number error: prn=38
2 rtcm3 1097 satellite error: prn=34
2 rtcm3 1127: unknown signal id=31
2 rtcm3 1127 satellite error: prn=38
2 no broadcast clock 2026/09/14 21:53:02.873 sat=130
2 no broadcast clock 2026/09/14 21:53:02.872 sat=132
2 no broadcast clock 2026/09/14 21:53:02.873 sat=145
2 no broadcast ephemeris: 2026/09/14 21:53:03 sat= 1 iode= -1
2 no broadcast clock 2026/09/14 21:53:02.925 sat= 1
2 point position error (lack of valid sats ns=4)
2 rtcm3 1097 satellite error: prn=34
2 rtcm3 1127: unknown signal id=31
2 rtcm3 1127 satellite error: prn=38
2 no broadcast clock 2026/09/14 21:53:03.873 sat=130
2 no broadcast clock 2026/09/14 21:53:03.872 sat=132
2 no broadcast clock 2026/09/14 21:53:03.873 sat=145
2 no broadcast ephemeris: 2026/09/14 21:53:04 sat= 1 iode= -1
2 no broadcast clock 2026/09/14 21:53:03.925 sat= 1
2 point position error (lack of valid sats ns=4)
2 rtcm3 1097 satellite error: prn=34
2 rtcm3 1127: unknown signal id=31
2 rtcm3 1127 satellite error: prn=38
2 no broadcast clock 2026/09/14 21:53:04.873 sat=130
2 no broadcast clock 2026/09/14 21:53:04.872 sat=132
2 no broadcast clock 2026/09/14 21:53:04.873 sat=145
2 no broadcast ephemeris: 2026/09/14 21:53:05 sat= 1 iode= -1
2 no broadcast clock 2026/09/14 21:53:04.925 sat= 1
2 point position error (lack of valid sats ns=4)
2 rtcm3 1097 satellite error: prn=34
2 rtcm3 1127: unknown signal id=31
2 rtcm3 1127 satellite error: prn=38
2 no broadcast clock 2026/09/14 21:53:05.873 sat=130
2 no broadcast clock 2026/09/14 21:53:05.872 sat=132
2 no broadcast clock 2026/09/14 21:53:05.873 sat=145
2 no broadcast ephemeris: 2026/09/14 21:53:06 sat= 1 iode= -1
2 no broadcast clock 2026/09/14 21:53:05.925 sat= 1
2 point position error (lack of valid sats ns=4)
2 rtcm3 1045 satellite number error: prn=34
2 rtcm3 1046 satellite number error: prn=34
2 rtcm3 1097 satellite error: prn=34
2 rtcm3 1127: unknown signal id=31
2 rtcm3 1127 satellite error: prn=38
2 no broadcast clock 2026/09/14 21:53:06.873 sat=130
2 no broadcast clock 2026/09/14 21:53:06.872 sat=132
2 no broadcast clock 2026/09/14 21:53:06.873 sat=145
2 no broadcast ephemeris: 2026/09/14 21:53:07 sat= 1 iode= -1
2 no broadcast clock 2026/09/14 21:53:06.925 sat= 1
2 point position error (lack of valid sats ns=4)
2 rtcm3 1097 satellite error: prn=34
2 rtcm3 1127: unknown signal id=31
2 rtcm3 1127 satellite error: prn=38
2 no broadcast clock 2026/09/14 21:53:07.873 sat=130
2 no broadcast clock 2026/09/14 21:53:07.872 sat=132
2 no broadcast clock 2026/09/14 21:53:07.873 sat=145
2 no broadcast ephemeris: 2026/09/14 21:53:08 sat= 1 iode= -1
2 no broadcast clock 2026/09/14 21:53:07.925 sat= 1
2 point position error (lack of valid sats ns=4)
2 rtcm3 1097 satellite error: prn=34
2 rtcm3 1127: unknown signal id=31
2 rtcm3 1127 satellite error: prn=38
2 no broadcast clock 2026/09/14 21:53:08.873 sat=130
2 no broadcast clock 2026/09/14 21:53:08.872 sat=132
2 no broadcast clock 2026/09/14 21:53:08.873 sat=145
2 no broadcast ephemeris: 2026/09/14 21:53:09 sat= 1 iode= -1
2 no broadcast clock 2026/09/14 21:53:08.925 sat= 1
2 point position error (lack of valid sats ns=4)
2 rtcm3 1097 satellite error: prn=34
2 rtcm3 1127: unknown signal id=31
2 rtcm3 1127 satellite error: prn=38
2 no broadcast clock 2026/09/14 21:53:09.873 sat=130
2 no broadcast clock 2026/09/14 21:53:09.872 sat=132
2 no broadcast clock 2026/09/14 21:53:09.873 sat=145
2 no broadcast ephemeris: 2026/09/14 21:53:10 sat= 1 iode= -1
2 no broadcast clock 2026/09/14 21:53:09.925 sat= 1
2 point position error (lack of valid sats ns=4)
2 rtcm3 1045 satellite number error: prn=34
2 rtcm3 1046 satellite number error: prn=34
2 rtcm3 1097 satellite error: prn=34
2 rtcm3 1127: unknown signal id=31
2 rtcm3 1127 satellite error: prn=38
2 no broadcast clock 2026/09/14 21:53:10.873 sat=130
2 no broadcast clock 2026/09/14 21:53:10.872 sat=132
2 no broadcast clock 2026/09/14 21:53:10.873 sat=145
2 no broadcast ephemeris: 2026/09/14 21:53:11 sat= 1 iode= -1
2 no broadcast clock 2026/09/14 21:53:10.925 sat= 1
2 point position error (lack of valid sats ns=4)
2 rtcm3 1097 satellite error: prn=34
2 rtcm3 1127: unknown signal id=31
2 rtcm3 1127 satellite error: prn=38
2 no broadcast clock 2026/09/14 21:53:11.873 sat=130
2 no broadcast clock 2026/09/14 21:53:11.872 sat=132
2 no broadcast clock 2026/09/14 21:53:11.873 sat=145
2 no broadcast ephemeris: 2026/09/14 21:53:12 sat= 1 iode= -1
2 no broadcast clock 2026/09/14 21:53:11.925 sat= 1
2 point position error (lack of valid sats ns=4)
2 rtcm3 1097 satellite error: prn=34
2 rtcm3 1127: unknown signal id=31
2 rtcm3 1127 satellite error: prn=38
2 no broadcast clock 2026/09/14 21:53:12.873 sat=130
2 no broadcast clock 2026/09/14 21:53:12.872 sat=132
2 no broadcast clock 2026/09/14 21:53:12.873 sat=145
2 no broadcast ephemeris: 2026/09/14 21:53:13 sat= 1 iode= -1
2 no broadcast clock 2026/09/14 21:53:12.925 sat= 1
2 no pseudorange 2026/09/14 21:53:13.000 sat=12
2 point position error (lack of valid sats ns=4)
2 rtcm3 1097 satellite error: prn=34
2 rtcm3 1127: unknown signal id=31
2 rtcm3 1127 satellite error: prn=38
2 no broadcast clock 2026/09/14 21:53:13.873 sat=130
2 no broadcast clock 2026/09/14 21:53:13.872 sat=132
2 no broadcast clock 2026/09/14 21:53:13.873 sat=145
2 no broadcast ephemeris: 2026/09/14 21:53:14 sat= 1 iode= -1
2 no broadcast clock 2026/09/14 21:53:13.925 sat= 1
2 point position error (lack of valid sats ns=4)
2 rtcm3 1097 satellite error: prn=34
2 rtcm3 1127: unknown signal id=31
2 rtcm3 1127 satellite error: prn=38
2 no broadcast clock 2026/09/14 21:53:14.873 sat=130
2 no broadcast clock 2026/09/14 21:53:14.872 sat=132
2 no broadcast clock 2026/09/14 21:53:14.873 sat=145
2 no broadcast ephemeris: 2026/09/14 21:53:15 sat= 1 iode= -1
2 no broadcast clock 2026/09/14 21:53:14.925 sat= 1
2 point position error (lack of valid sats ns=4)
2 rtcm3 1097 satellite error: prn=34
2 rtcm3 1127: unknown signal id=31
2 rtcm3 1127 satellite error: prn=38
2 no broadcast clock 2026/09/14 21:53:15.873 sat=130
2 no broadcast clock 2026/09/14 21:53:15.872 sat=132
2 no broadcast clock 2026/09/14 21:53:15.873 sat=145
2 no broadcast ephemeris: 2026/09/14 21:53:16 sat= 1 iode= -1
2 no broadcast clock 2026/09/14 21:53:15.925 sat= 1
2 point position error (lack of valid sats ns=4)
2 rtcm3 1097 satellite error: prn=34
2 rtcm3 1127: unknown signal id=31
2 rtcm3 1127 satellite error: prn=38
2 no broadcast clock 2026/09/14 21:53:16.873 sat=130
2 no broadcast clock 2026/09/14 21:53:16.872 sat=132
2 no broadcast clock 2026/09/14 21:53:16.873 sat=145
2 no broadcast ephemeris: 2026/09/14 21:53:17 sat= 1 iode= -1
2 no broadcast clock 2026/09/14 21:53:16.925 sat= 1
2 point position error (lack of valid sats ns=4)
2 rtcm3 1097 satellite error: prn=34
2 rtcm3 1127: unknown signal id=31
2 rtcm3 1127 satellite error: prn=38
2 no broadcast clock 2026/09/14 21:53:17.873 sat=130
2 no broadcast clock 2026/09/14 21:53:17.872 sat=132
2 no broadcast clock 2026/09/14 21:53:17.873 sat=145
2 no broadcast ephemeris: 2026/09/14 21:53:18 sat= 1 iode= -1
2 no broadcast clock 2026/09/14 21:53:17.925 sat= 1
2 point position error (lack of valid sats ns=4)
2 rtcm3 1097 satellite error: prn=34
2 rtcm3 1127: unknown signal id=31
2 rtcm3 1127 satellite error: prn=38
2 no broadcast clock 2026/09/14 21:53:18.873 sat=130
2 no broadcast clock 2026/09/14 21:53:18.872 sat=132
2 no broadcast clock 2026/09/14 21:53:18.873 sat=145
2 no broadcast ephemeris: 2026/09/14 21:53:19 sat= 1 iode= -1
2 no broadcast clock 2026/09/14 21:53:18.925 sat= 1
2 point position error (lack of valid sats ns=4)
2 rtcm3 1097 satellite error: prn=34
2 rtcm3 1127: unknown signal id=31
2 rtcm3 1127 satellite error: prn=38
2 no broadcast clock 2026/09/14 21:53:19.873 sat=130
2 no broadcast clock 2026/09/14 21:53:19.872 sat=132
2 no broadcast clock 2026/09/14 21:53:19.873 sat=145
2 no broadcast ephemeris: 2026/09/14 21:53:20 sat= 1 iode= -1
2 no broadcast clock 2026/09/14 21:53:19.925 sat= 1
2 point position error (lack of valid sats ns=4)
2 rtcm3 1097 satellite error: prn=34
2 rtcm3 1127: unknown signal id=31
2 rtcm3 1127 satellite error: prn=38
2 no broadcast clock 2026/09/14 21:53:20.873 sat=130
2 no broadcast clock 2026/09/14 21:53:20.872 sat=132
2 no broadcast clock 2026/09/14 21:53:20.873 sat=145
2 no broadcast ephemeris: 2026/09/14 21:53:21 sat= 1 iode= -1
2 no broadcast clock 2026/09/14 21:53:20.925 sat= 1
2 point position error (lack of valid sats ns=4)
2 rtcm3 1097 satellite error: prn=34
2 rtcm3 1127: unknown signal id=31
2 rtcm3 1127 satellite error: prn=38
2 no broadcast clock 2026/09/14 21:53:21.873 sat=130
2 no broadcast clock 2026/09/14 21:53:21.872 sat=132
2 no broadcast clock 2026/09/14 21:53:21.873 sat=145
2 no broadcast ephemeris: 2026/09/14 21:53:22 sat= 1 iode= -1
2 no broadcast clock 2026/09/14 21:53:21.925 sat= 1
2 point position error (lack of valid sats ns=4)
2 rtcm3 1097 satellite error: prn=34
2 rtcm3 1127: unknown signal id=31
2 rtcm3 1127 satellite error: prn=38
2 no broadcast clock 2026/09/14 21:53:22.873 sat=130
2 no broadcast clock 2026/09/14 21:53:22.872 sat=132
2 no broadcast clock 2026/09/14 21:53:22.873 sat=145
2 no broadcast ephemeris: 2026/09/14 21:53:23 sat= 1 iode= -1
2 no broadcast clock 2026/09/14 21:53:22.925 sat= 1
2 point position error (lack of valid sats ns=4)
2 rtcm3 1097 satellite error: prn=34
2 rtcm3 1127: unknown signal id=31
2 rtcm3 1127 satellite error: prn=38
2 no broadcast clock 2026/09/14 21:53:23.873 sat=130
2 no broadcast clock 2026/09/14 21:53:23.872 sat=132
2 no broadcast clock 2026/09/14 21:53:23.873 sat=145
2 no broadcast ephemeris: 2026/09/14 21:53:24 sat= 1 iode= -1
2 no broadcast clock 2026/09/14 21:53:23.925 sat= 1
2 point position error (lack of valid sats ns=4)
2 rtcm3 1097 satellite error: prn=34
2 rtcm3 1127: unknown signal id=31
2 rtcm3 1127 satellite error: prn=38
2 no broadcast clock 2026/09/14 21:53:24.873 sat=130
2 no broadcast clock 2026/09/14 21:53:24.872 sat=132
2 no broadcast clock 2026/09/14 21:53:24.873 sat=145
2 no broadcast ephemeris: 2026/09/14 21:53:25 sat= 1 iode= -1
2 no broadcast clock 2026/09/14 21:53:24.925 sat= 1
2 point position error (lack of valid sats ns=4)
2 rtcm3 1097 satellite error: prn=34
2 rtcm3 1127: unknown signal id=31
2 rtcm3 1127 satellite error: prn=38
2 no broadcast clock 2026/09/14 21:53:25.873 sat=130
2 no broadcast clock 2026/09/14 21:53:25.872 sat=132
2 no broadcast clock 2026/09/14 21:53:25.873 sat=145
2 no broadcast ephemeris: 2026/09/14 21:53:26 sat= 1 iode= -1
2 no broadcast clock 2026/09/14 21:53:25.925 sat= 1
2 point position error (lack of valid sats ns=4)
2 rtcm3 1230: not supported message
2 rtcm3 1097 satellite error: prn=34
2 rtcm3 1127: unknown signal id=31
2 rtcm3 1127 satellite error: prn=38
2 no broadcast clock 2026/09/14 21:53:26.873 sat=130
2 no broadcast clock 2026/09/14 21:53:26.872 sat=132
2 no broadcast clock 2026/09/14 21:53:26.873 sat=145
2 no broadcast ephemeris: 2026/09/14 21:53:27 sat= 1 iode= -1
2 no broadcast clock 2026/09/14 21:53:26.925 sat= 1
2 point position error (lack of valid sats ns=4)
2 rtcm3 1045 satellite number error: prn=34
2 rtcm3 1046 satellite number error: prn=34
2 rtcm3 1097 satellite error: prn=34
2 rtcm3 1127: unknown signal id=31
2 rtcm3 1127 satellite error: prn=38
2 no broadcast clock 2026/09/14 21:53:27.873 sat=130
2 no broadcast clock 2026/09/14 21:53:27.872 sat=132
2 no broadcast clock 2026/09/14 21:53:27.873 sat=145
2 no broadcast ephemeris: 2026/09/14 21:53:28 sat= 1 iode= -1
2 no broadcast clock 2026/09/14 21:53:27.925 sat= 1
2 point position error (lack of valid sats ns=4)
2 rtcm3 1097 satellite error: prn=34
2 rtcm3 1127: unknown signal id=31
2 rtcm3 1127 satellite error: prn=38
2 no broadcast clock 2026/09/14 21:53:28.873 sat=130
2 no broadcast clock 2026/09/14 21:53:28.872 sat=132
2 no broadcast clock 2026/09/14 21:53:28.873 sat=145
2 no broadcast ephemeris: 2026/09/14 21:53:29 sat= 1 iode= -1
2 no broadcast clock 2026/09/14 21:53:28.925 sat= 1
2 point position error (lack of valid sats ns=4)
2 rtcm3 1097 satellite error: prn=34
2 rtcm3 1127: unknown signal id=31
2 rtcm3 1127 satellite error: prn=38
2 no broadcast clock 2026/09/14 21:53:29.873 sat=130
2 no broadcast clock 2026/09/14 21:53:29.872 sat=132
2 no broadcast clock 2026/09/14 21:53:29.873 sat=145
2 no broadcast ephemeris: 2026/09/14 21:53:30 sat= 1 iode= -1
2 no broadcast clock 2026/09/14 21:53:29.925 sat= 1
2 point position error (lack of valid sats ns=4)
2 rtcm3 1097 satellite error: prn=34
2 rtcm3 1127: unknown signal id=31
2 rtcm3 1127 satellite error: prn=38
2 no broadcast clock 2026/09/14 21:53:30.873 sat=130
2 no broadcast clock 2026/09/14 21:53:30.872 sat=132
2 no broadcast clock 2026/09/14 21:53:30.873 sat=145
2 no broadcast ephemeris: 2026/09/14 21:53:31 sat= 1 iode= -1
2 no broadcast clock 2026/09/14 21:53:30.925 sat= 1
2 point position error (lack of valid sats ns=4)
2 rtcm3 1097 satellite error: prn=34
2 rtcm3 1127: unknown signal id=31
2 rtcm3 1127 satellite error: prn=38
2 no broadcast clock 2026/09/14 21:53:31.873 sat=130
2 no broadcast clock 2026/09/14 21:53:31.872 sat=132
2 no broadcast clock 2026/09/14 21:53:31.873 sat=145
2 no broadcast ephemeris: 2026/09/14 21:53:32 sat= 1 iode= -1
2 no broadcast clock 2026/09/14 21:53:31.925 sat= 1
2 point position error (lack of valid sats ns=4)
2 rtcm3 1042 satellite number error: prn=38
2 rtcm3 1042 satellite number error: prn=38
2 rtcm3 1097 satellite error: prn=34
2 rtcm3 1127: unknown signal id=31
2 rtcm3 1127 satellite error: prn=38
2 no broadcast clock 2026/09/14 21:53:32.873 sat=130
2 no broadcast clock 2026/09/14 21:53:32.872 sat=132
2 no broadcast clock 2026/09/14 21:53:32.873 sat=145
2 no broadcast ephemeris: 2026/09/14 21:53:33 sat= 1 iode= -1
2 no broadcast clock 2026/09/14 21:53:32.925 sat= 1
2 point position error (lack of valid sats ns=4)
2 rtcm3 1097 satellite error: prn=34
2 rtcm3 1127: unknown signal id=31
2 rtcm3 1127 satellite error: prn=38
2 no broadcast clock 2026/09/14 21:53:33.873 sat=130
2 no broadcast clock 2026/09/14 21:53:33.872 sat=132
2 no broadcast clock 2026/09/14 21:53:33.873 sat=145
2 no broadcast ephemeris: 2026/09/14 21:53:34 sat= 1 iode= -1
2 no broadcast clock 2026/09/14 21:53:33.925 sat= 1
2 point position error (lack of valid sats ns=4)
2 rtcm3 1097 satellite error: prn=34
2 rtcm3 1127: unknown signal id=31
2 rtcm3 1127 satellite error: prn=38
2 no broadcast clock 2026/09/14 21:53:34.873 sat=130
2 no broadcast clock 2026/09/14 21:53:34.872 sat=132
2 no broadcast clock 2026/09/14 21:53:34.873 sat=145
2 no broadcast ephemeris: 2026/09/14 21:53:35 sat= 1 iode= -1
2 no broadcast clock 2026/09/14 21:53:34.925 sat= 1
2 point position error (lack of valid sats ns=4)
2 rtcm3 1097 satellite error: prn=34
2 rtcm3 1127: unknown signal id=31
2 rtcm3 1127 satellite error: prn=38
2 no broadcast clock 2026/09/14 21:53:35.873 sat=130
2 no broadcast clock 2026/09/14 21:53:35.872 sat=132
2 no broadcast clock 2026/09/14 21:53:35.873 sat=145
2 no broadcast ephemeris: 2026/09/14 21:53:36 sat= 1 iode= -1
2 no broadcast clock 2026/09/14 21:53:35.925 sat= 1
2 point position error (lack of valid sats ns=4)
2 rtcm3 1045 satellite number error: prn=34
2 rtcm3 1046 satellite number error: prn=34
2 rtcm3 1097 satellite error: prn=34
2 rtcm3 1127: unknown signal id=31
2 rtcm3 1127 satellite error: prn=38
2 no broadcast clock 2026/09/14 21:53:36.873 sat=130
2 no broadcast clock 2026/09/14 21:53:36.872 sat=132
2 no broadcast clock 2026/09/14 21:53:36.873 sat=145
2 no broadcast ephemeris: 2026/09/14 21:53:37 sat= 1 iode= -1
2 no broadcast clock 2026/09/14 21:53:36.925 sat= 1
2 point position error (lack of valid sats ns=4)
2 rtcm3 1097 satellite error: prn=34
2 rtcm3 1127: unknown signal id=31
2 rtcm3 1127 satellite error: prn=38
2 no broadcast clock 2026/09/14 21:53:37.873 sat=130
2 no broadcast clock 2026/09/14 21:53:37.872 sat=132
2 no broadcast clock 2026/09/14 21:53:37.873 sat=145
2 no broadcast ephemeris: 2026/09/14 21:53:38 sat= 1 iode= -1
2 no broadcast clock 2026/09/14 21:53:37.925 sat= 1
2 point position error (lack of valid sats ns=4)
2 rtcm3 1097 satellite error: prn=34
2 rtcm3 1127: unknown signal id=31
2 rtcm3 1127 satellite error: prn=38
2 no broadcast clock 2026/09/14 21:53:38.873 sat=130
2 no broadcast clock 2026/09/14 21:53:38.872 sat=132
2 no broadcast clock 2026/09/14 21:53:38.873 sat=145
2 no broadcast ephemeris: 2026/09/14 21:53:39 sat= 1 iode= -1
2 no broadcast clock 2026/09/14 21:53:38.925 sat= 1
2 point position error (lack of valid sats ns=4)
2 rtcm3 1097 satellite error: prn=34
2 rtcm3 1127: unknown signal id=31
2 rtcm3 1127 satellite error: prn=38
2 no broadcast clock 2026/09/14 21:53:39.873 sat=130
2 no broadcast clock 2026/09/14 21:53:39.872 sat=132
2 no broadcast clock 2026/09/14 21:53:39.873 sat=145
2 no broadcast ephemeris: 2026/09/14 21:53:40 sat= 1 iode= -1
2 no broadcast clock 2026/09/14 21:53:39.925 sat= 1
2 point position error (lack of valid sats ns=4)
2 rtcm3 1097 satellite error: prn=34
2 rtcm3 1127: unknown signal id=31
2 rtcm3 1127 satellite error: prn=38
2 no broadcast clock 2026/09/14 21:53:40.873 sat=130
2 no broadcast clock 2026/09/14 21:53:40.872 sat=132
2 no broadcast clock 2026/09/14 21:53:40.873 sat=145
2 no broadcast ephemeris: 2026/09/14 21:53:41 sat= 1 iode= -1
2 no broadcast clock 2026/09/14 21:53:40.925 sat= 1
2 point position error (lack of valid sats ns=4)
2 rtcm3 1097 satellite error: prn=34
2 rtcm3 1127: unknown signal id=31
2 rtcm3 1127 satellite error: prn=38
2 no broadcast clock 2026/09/14 21:53:41.873 sat=130
2 no broadcast clock 2026/09/14 21:53:41.872 sat=132
2 no broadcast clock 2026/09/14 21:53:41.873 sat=145
2 no broadcast ephemeris: 2026/09/14 21:53:42 sat= 1 iode= -1
2 no broadcast clock 2026/09/14 21:53:41.925 sat= 1
2 point position error (lack of valid sats ns=4)
2 rtcm3 1097 satellite error: prn=34
2 rtcm3 1127: unknown signal id=31
2 rtcm3 1127 satellite error: prn=38
2 no broadcast clock 2026/09/14 21:53:42.873 sat=130
2 no broadcast clock 2026/09/14 21:53:42.872 sat=132
2 no broadcast clock 2026/09/14 21:53:42.873 sat=145
2 no broadcast ephemeris: 2026/09/14 21:53:43 sat= 1 iode= -1
2 no broadcast clock 2026/09/14 21:53:42.925 sat= 1
2 point position error (lack of valid sats ns=4)
2 rtcm3 1097 satellite error: prn=34
2 rtcm3 1127: unknown signal id=31
2 rtcm3 1127 satellite error: prn=38
2 no broadcast clock 2026/09/14 21:53:43.873 sat=130
2 no broadcast clock 2026/09/14 21:53:43.872 sat=132
2 no broadcast clock 2026/09/14 21:53:43.873 sat=145
2 no broadcast ephemeris: 2026/09/14 21:53:44 sat= 1 iode= -1
2 no broadcast clock 2026/09/14 21:53:43.925 sat= 1
2 point position error (lack of valid sats ns=4)
2 rtcm3 1097 satellite error: prn=34
2 rtcm3 1127: unknown signal id=31
2 rtcm3 1127 satellite error: prn=38
2 no broadcast clock 2026/09/14 21:53:44.873 sat=130
2 no broadcast clock 2026/09/14 21:53:44.872 sat=132
2 no broadcast clock 2026/09/14 21:53:44.873 sat=145
2 no broadcast ephemeris: 2026/09/14 21:53:45 sat= 1 iode= -1
2 no broadcast clock 2026/09/14 21:53:44.925 sat= 1
2 point position error (lack of valid sats ns=4)
2 rtcm3 1097 satellite error: prn=34
2 rtcm3 1127: unknown signal id=31
2 rtcm3 1127 satellite error: prn=38
2 no broadcast clock 2026/09/14 21:53:45.873 sat=130
2 no broadcast clock 2026/09/14 21:53:45.872 sat=132
2 no broadcast clock 2026/09/14 21:53:45.873 sat=145
2 no broadcast ephemeris: 2026/09/14 21:53:46 sat= 1 iode= -1
2 no broadcast clock 2026/09/14 21:53:45.925 sat= 1
2 point position error (lack of valid sats ns=4)
2 rtcm3 1097 satellite error: prn=34
2 rtcm3 1127: unknown signal id=31
2 rtcm3 1127 satellite error: prn=38
2 no broadcast clock 2026/09/14 21:53:46.873 sat=130
2 no broadcast clock 2026/09/14 21:53:46.872 sat=132
2 no broadcast clock 2026/09/14 21:53:46.873 sat=145
2 no broadcast ephemeris: 2026/09/14 21:53:47 sat= 1 iode= -1
2 no broadcast clock 2026/09/14 21:53:46.925 sat= 1
2 point position error (lack of valid sats ns=4)
2 rtcm3 1097 satellite error: prn=34
2 rtcm3 1127: unknown signal id=31
2 rtcm3 1127 satellite error: prn=38
2 no broadcast clock 2026/09/14 21:53:47.873 sat=130
2 no broadcast clock 2026/09/14 21:53:47.872 sat=132
2 no broadcast clock 2026/09/14 21:53:47.873 sat=145
2 no broadcast ephemeris: 2026/09/14 21:53:48 sat= 1 iode= -1
2 no broadcast clock 2026/09/14 21:53:47.925 sat= 1
2 point position error (lack of valid sats ns=4)
2 rtcm3 1097 satellite error: prn=34
2 rtcm3 1127: unknown signal id=31
2 rtcm3 1127 satellite error: prn=38
2 no broadcast clock 2026/09/14 21:53:48.873 sat=130
2 no broadcast clock 2026/09/14 21:53:48.872 sat=132
2 no broadcast clock 2026/09/14 21:53:48.873 sat=145
2 no broadcast ephemeris: 2026/09/14 21:53:49 sat= 1 iode= -1
2 no broadcast clock 2026/09/14 21:53:48.925 sat= 1
2 point position error (lack of valid sats ns=4)
2 rtcm3 1097 satellite error: prn=34
2 rtcm3 1127: unknown signal id=31
2 rtcm3 1127 satellite error: prn=38
2 no broadcast clock 2026/09/14 21:53:49.873 sat=130
2 no broadcast clock 2026/09/14 21:53:49.872 sat=132
2 no broadcast clock 2026/09/14 21:53:49.873 sat=145
2 no broadcast ephemeris: 2026/09/14 21:53:50 sat= 1 iode= -1
2 no broadcast clock 2026/09/14 21:53:49.925 sat= 1
2 point position error (lack of valid sats ns=4)
2 rtcm3 1097 satellite error: prn=34
2 rtcm3 1127: unknown signal id=31
2 rtcm3 1127 satellite error: prn=38
2 no broadcast clock 2026/09/14 21:53:50.873 sat=130
2 no broadcast clock 2026/09/14 21:53:50.872 sat=132
2 no broadcast clock 2026/09/14 21:53:50.873 sat=145
2 no broadcast ephemeris: 2026/09/14 21:53:51 sat= 1 iode= -1
2 no broadcast clock 2026/09/14 21:53:50.925 sat= 1
2 point position error (lack of valid sats ns=4)
2 rtcm3 1097 satellite error: prn=34
2 rtcm3 1127: unknown signal id=31
2 rtcm3 1127 satellite error: prn=38
2 no broadcast clock 2026/09/14 21:53:51.873 sat=130
2 no broadcast clock 2026/09/14 21:53:51.872 sat=132
2 no broadcast clock 2026/09/14 21:53:51.873 sat=145
2 no broadcast ephemeris: 2026/09/14 21:53:52 sat= 1 iode= -1
2 no broadcast clock 2026/09/14 21:53:51.925 sat= 1
2 point position error (lack of valid sats ns=4)
2 rtcm3 1097 satellite error: prn=34
2 rtcm3 1127: unknown signal id=31
2 rtcm3 1127 satellite error: prn=38
2 no broadcast clock 2026/09/14 21:53:52.873 sat=130
2 no broadcast clock 2026/09/14 21:53:52.872 sat=132
2 no broadcast clock 2026/09/14 21:53:52.873 sat=145
2 no broadcast ephemeris: 2026/09/14 21:53:53 sat= 1 iode= -1
2 no broadcast clock 2026/09/14 21:53:52.925 sat= 1
2 point position error (lack of valid sats ns=4)
2 rtcm3 1097 satellite error: prn=34
2 rtcm3 1127: unknown signal id=31
2 rtcm3 1127 satellite error: prn=38
2 no broadcast clock 2026/09/14 21:53:53.873 sat=130
2 no broadcast clock 2026/09/14 21:53:53.872 sat=132
2 no broadcast clock 2026/09/14 21:53:53.873 sat=145
2 no broadcast ephemeris: 2026/09/14 21:53:54 sat= 1 iode= -1
2 no broadcast clock 2026/09/14 21:53:53.925 sat= 1
2 point position error (lack of valid sats ns=4)
2 rtcm3 1097 satellite error: prn=34
2 rtcm3 1127: unknown signal id=31
2 rtcm3 1127 satellite error: prn=38
2 no broadcast clock 2026/09/14 21:53:54.873 sat=130
2 no broadcast clock 2026/09/14 21:53:54.872 sat=132
2 no broadcast clock 2026/09/14 21:53:54.873 sat=145
2 no broadcast ephemeris: 2026/09/14 21:53:55 sat= 1 iode= -1
2 no broadcast clock 2026/09/14 21:53:54.925 sat= 1
2 point position error (lack of valid sats ns=4)
2 rtcm3 1097 satellite error: prn=34
2 rtcm3 1127: unknown signal id=31
2 rtcm3 1127 satellite error: prn=38
2 no broadcast clock 2026/09/14 21:53:55.873 sat=130
2 no broadcast clock 2026/09/14 21:53:55.872 sat=132
2 no broadcast clock 2026/09/14 21:53:55.873 sat=145
2 no broadcast ephemeris: 2026/09/14 21:53:56 sat= 1 iode= -1
2 no broadcast clock 2026/09/14 21:53:55.925 sat= 1
2 point position error (lack of valid sats ns=4)
2 rtcm3 1230: not supported message
2 rtcm3 1097 satellite error: prn=34
2 rtcm3 1127: unknown signal id=31
2 rtcm3 1127 satellite error: prn=38
2 no broadcast clock 2026/09/14 21:53:56.873 sat=130
2 no broadcast clock 2026/09/14 21:53:56.872 sat=132
2 no broadcast clock 2026/09/14 21:53:56.873 sat=145
2 no broadcast ephemeris: 2026/09/14 21:53:57 sat= 1 iode= -1
2 no broadcast clock 2026/09/14 21:53:56.925 sat= 1
2 point position error (lack of valid sats ns=4)
2 rtcm3 1045 satellite number error: prn=34
2 rtcm3 1046 satellite number error: prn=34
2 rtcm3 1097 satellite error: prn=34
2 rtcm3 1127: unknown signal id=31
2 rtcm3 1127 satellite error: prn=38
2 no broadcast clock 2026/09/14 21:53:57.873 sat=130
2 no broadcast clock 2026/09/14 21:53:57.872 sat=132
2 no broadcast clock 2026/09/14 21:53:57.873 sat=145
2 no broadcast ephemeris: 2026/09/14 21:53:58 sat= 1 iode= -1
2 no broadcast clock 2026/09/14 21:53:57.925 sat= 1
2 point position error (lack of valid sats ns=4)
2 rtcm3 1097 satellite error: prn=34
2 rtcm3 1127: unknown signal id=31
2 rtcm3 1127 satellite error: prn=38
2 no broadcast clock 2026/09/14 21:53:58.873 sat=130
2 no broadcast clock 2026/09/14 21:53:58.872 sat=132
2 no broadcast clock 2026/09/14 21:53:58.873 sat=145
2 no broadcast ephemeris: 2026/09/14 21:53:59 sat= 1 iode= -1
2 no broadcast clock 2026/09/14 21:53:58.925 sat= 1
2 point position error (lack of valid sats ns=4)
2 rtcm3 1097 satellite error: prn=34
2 rtcm3 1127: unknown signal id=31
2 rtcm3 1127 satellite error: prn=38
2 no broadcast clock 2026/09/14 21:53:59.873 sat=130
2 no broadcast clock 2026/09/14 21:53:59.872 sat=132
2 no broadcast clock 2026/09/14 21:53:59.873 sat=145
2 no broadcast ephemeris: 2026/09/14 21:54:00 sat= 1 iode= -1
2 no broadcast clock 2026/09/14 21:53:59.925 sat= 1
2 point position error (lack of valid sats ns=4)
2 rtcm3 1045 satellite number error: prn=34
2 rtcm3 1046 satellite number error: prn=34
2 rtcm3 1097 satellite error: prn=34
2 rtcm3 1127: unknown signal id=31
2 rtcm3 1127 satellite error: prn=38
2 no broadcast clock 2026/09/14 21:54:00.873 sat=130
2 no broadcast clock 2026/09/14 21:54:00.872 sat=132
2 no broadcast clock 2026/09/14 21:54:00.873 sat=145
2 no broadcast ephemeris: 2026/09/14 21:54:01 sat= 1 iode= -1
2 no broadcast clock 2026/09/14 21:54:00.925 sat= 1
2 point position error (lack of valid sats ns=4)
2 rtcm3 1097 satellite error: prn=34
2 rtcm3 1127: unknown signal id=31
2 rtcm3 1127 satellite error: prn=38
2 no broadcast clock 2026/09/14 21:54:01.873 sat=130
2 no broadcast clock 2026/09/14 21:54:01.872 sat=132
2 no broadcast clock 2026/09/14 21:54:01.873 sat=145
2 no broadcast ephemeris: 2026/09/14 21:54:02 sat= 1 iode= -1
2 no broadcast clock 2026/09/14 21:54:01.925 sat= 1
2 point position error (lack of valid sats ns=4)
2 rtcm3 1042 satellite number error: prn=38
2 rtcm3 1042 satellite number error: prn=38
2 rtcm3 1097 satellite error: prn=34
2 rtcm3 1127: unknown signal id=31
2 rtcm3 1127 satellite error: prn=38
2 no broadcast clock 2026/09/14 21:54:02.873 sat=130
2 no broadcast clock 2026/09/14 21:54:02.872 sat=132
2 no broadcast clock 2026/09/14 21:54:02.873 sat=145
2 no broadcast ephemeris: 2026/09/14 21:54:03 sat= 1 iode= -1
2 no broadcast clock 2026/09/14 21:54:02.925 sat= 1
2 point position error (lack of valid sats ns=4)
2 rtcm3 1097 satellite error: prn=34
2 rtcm3 1127: unknown signal id=31
2 rtcm3 1127 satellite error: prn=38
2 no broadcast clock 2026/09/14 21:54:03.873 sat=130
2 no broadcast clock 2026/09/14 21:54:03.872 sat=132
2 no broadcast clock 2026/09/14 21:54:03.873 sat=145
2 no broadcast ephemeris: 2026/09/14 21:54:04 sat= 1 iode= -1
2 no broadcast clock 2026/09/14 21:54:03.925 sat= 1
2 point position error (lack of valid sats ns=4)
2 rtcm3 1097 satellite error: prn=34
2 rtcm3 1127: unknown signal id=31
2 rtcm3 1127 satellite error: prn=38
2 no broadcast clock 2026/09/14 21:54:04.873 sat=130
2 no broadcast clock 2026/09/14 21:54:04.872 sat=132
2 no broadcast clock 2026/09/14 21:54:04.873 sat=145
2 no broadcast ephemeris: 2026/09/14 21:54:05 sat= 1 iode= -1
2 no broadcast clock 2026/09/14 21:54:04.925 sat= 1
2 point position error (lack of valid sats ns=4)
2 rtcm3 1097 satellite error: prn=34
2 rtcm3 1127: unknown signal id=31
2 rtcm3 1127 satellite error: prn=38
2 no broadcast clock 2026/09/14 21:54:05.873 sat=130
2 no broadcast clock 2026/09/14 21:54:05.872 sat=132
2 no broadcast clock 2026/09/14 21:54:05.873 sat=145
2 no broadcast ephemeris: 2026/09/14 21:54:06 sat= 1 iode= -1
2 no broadcast clock 2026/09/14 21:54:05.925 sat= 1
2 point position error (lack of valid sats ns=4)
2 rtcm3 1045 satellite number error: prn=34
2 rtcm3 1046 satellite number error: prn=34
2 rtcm3 1097 satellite error: prn=34
2 rtcm3 1127: unknown signal id=31
2 rtcm3 1127 satellite error: prn=38
2 no broadcast clock 2026/09/14 21:54:06.873 sat=130
2 no broadcast clock 2026/09/14 21:54:06.872 sat=132
2 no broadcast clock 2026/09/14 21:54:06.873 sat=145
2 no broadcast ephemeris: 2026/09/14 21:54:07 sat= 1 iode= -1
2 no broadcast clock 2026/09/14 21:54:06.925 sat= 1
2 point position error (lack of valid sats ns=4)
2 rtcm3 1097 satellite error: prn=34
2 rtcm3 1127: unknown signal id=31
2 rtcm3 1127 satellite error: prn=38
2 no broadcast clock 2026/09/14 21:54:07.873 sat=130
2 no broadcast clock 2026/09/14 21:54:07.872 sat=132
2 no broadcast clock 2026/09/14 21:54:07.873 sat=145
2 no broadcast ephemeris: 2026/09/14 21:54:08 sat= 1 iode= -1
2 no broadcast clock 2026/09/14 21:54:07.925 sat= 1
2 point position error (lack of valid sats ns=4)
2 rtcm3 1097 satellite error: prn=34
2 rtcm3 1127: unknown signal id=31
2 rtcm3 1127 satellite error: prn=38
2 no broadcast clock 2026/09/14 21:54:08.873 sat=130
2 no broadcast clock 2026/09/14 21:54:08.872 sat=132
2 no broadcast clock 2026/09/14 21:54:08.873 sat=145
2 no broadcast ephemeris: 2026/09/14 21:54:09 sat= 1 iode= -1
2 no broadcast clock 2026/09/14 21:54:08.925 sat= 1
2 point position error (lack of valid sats ns=4)
2 rtcm3 1097 satellite error: prn=34
2 rtcm3 1127: unknown signal id=31
2 rtcm3 1127 satellite error: prn=38
2 no broadcast clock 2026/09/14 21:54:09.873 sat=130
2 no broadcast clock 2026/09/14 21:54:09.872 sat=132
2 no broadcast clock 2026/09/14 21:54:09.873 sat=145
2 no broadcast ephemeris: 2026/09/14 21:54:10 sat= 1 iode= -1
2 no broadcast clock 2026/09/14 21:54:09.925 sat= 1
2 point position error (lack of valid sats ns=4)
2 rtcm3 1097 satellite error: prn=34
2 rtcm3 1127: unknown signal id=31
2 rtcm3 1127 satellite error: prn=38
2 no broadcast clock 2026/09/14 21:54:10.873 sat=130
2 no broadcast clock 2026/09/14 21:54:10.872 sat=132
2 no broadcast clock 2026/09/14 21:54:10.873 sat=145
2 no broadcast ephemeris: 2026/09/14 21:54:11 sat= 1 iode= -1
2 no broadcast clock 2026/09/14 21:54:10.925 sat= 1
2 point position error (lack of valid sats ns=4)
