epoch_id,channel,satellite_id,sx_rx_m,sy_rx_m,sz_rx_m,code_m,add_correction_m,sigma_m,ready
8,3,G04,-5998855.988820181,-15650474.55372866,20586146.16218016,24606298.38896591,19457.68385390903,16.28063366584164,1
8,4,G05,3757702.408105053,23332872.720428314,11930230.760092804,24615268.502243258,-70994.2145235071,16.329400665707336,1
8,15,G16,3183710.6650235523,-21094660.789779987,15143750.529483585,23431901.687941566,100073.20970163222,10.015137907936962,1
8,17,G18,25204471.966085013,6392432.827241665,6207155.959892319,21889368.140800953,-76835.06034624136,4.230324207634818,1
8,24,G25,16865790.709357146,18694894.117139723,8603515.088742886,22756099.243166916,116486.99383126403,6.0987178604910195,1
8,25,G26,10670718.505460562,-12187180.98682816,20743744.813899882,21239492.90622628,-117770.24113842168,3.925500914586889,1
8,27,G28,24397420.707755726,-5363825.079289065,9061986.952119647,21247204.79402939,-124094.72734939557,3.6990526920513394,1
8,28,G29,13018117.703882953,8045758.485940019,21686898.35137099,20861729.19490507,-72873.21173747664,3.433651824232587,1
8,30,G31,17870605.494508028,-10231993.679832852,16624569.731096495,20728883.27881963,-36121.91642532909,3.4240115964317686,1
9,3,G04,-5997251.450979698,-15652533.813180787,20585028.46463514,24606342.383058857,19457.685080743242,16.279365199264276,1
9,4,G05,3756796.6043913323,23331614.244691607,11932939.669276215,24615052.629927255,-70994.21040590736,16.324296610704423,1
9,15,G16,3184673.9829638423,-21092876.09850283,15146017.541496538,23431424.615740772,100073.21349995933,10.011640073823832,1
9,17,G18,25203683.8449813,6392583.48785753,6210203.293581077,21889038.8309015,-76835.05634252884,4.2297810383432735,1
9,24,G25,16866069.93278979,18696024.183806345,8600650.195436055,22756822.945856307,116486.99173447394,6.099894188449487,1
9,25,G26,10672243.926954836,-12184937.383134294,20744312.675245132,21239242.274193354,-117770.24180530346,3.9250781884526265,1
9,27,G28,24398559.487277098,-5363530.387609847,9059096.932701511,21247742.581819776,-124094.72450734115,3.6994012639368385,1
9,28,G29,13016434.459920142,8047946.129650092,21687079.984751694,20862187.27791852,-72873.20997707866,3.4339042525188788,1
9,30,G31,17872740.846075512,-10231622.733717028,16622567.53538482,20729071.593193375,-36121.91587305052,3.4240125249659545,1
10,3,G04,-5995647.117216449,-15654593.056907063,20583910.328218196,24606386.478781875,19457.686016573207,16.278097895611495,1
10,4,G05,3755890.556397929,23330355.523932338,11935648.322066713,24614836.868734237,-70994.20658333012,16.319197648230013,1
10,15,G16,3185637.507250343,-21091091.190399867,15148284.21631424,23430947.735073566,100073.21711843851,10.008144129316793,1
10,17,G18,25202895.353807297,6392734.164090959,6213250.498396107,21888709.76781793,-76835.05241436823,4.229238064447715,1
10,24,G25,16866349.053802367,18697153.913559325,8597785.120101575,22757546.739007622,116486.98952867654,6.101071077314281,1
10,25,G26,10673769.499483524,-12182693.799824132,20744880.083178703,21238991.72201262,-117770.24254210139,3.9246555577570614,1
10,27,G28,24399697.92146272,-5363235.776494629,9056206.720107755,21248280.480733152,-124094.72173129824,3.69974993366384,1
10,28,G29,13014751.327246755,8050133.889609764,21687261.155837096,20862645.63008413,-72873.20827805274,3.4341568009569956,1
10,30,G31,17874875.962494373,-10231251.933427969,16620564.982208576,20729260.172810428,-36121.91538167862,3.424013513765901,1
11,3,G04,-5994042.988318381,-15656652.283862295,20582791.75348552,24606430.533182774,19457.68707873471,16.276832855752886,1
11,4,G05,3754984.264102748,23329096.55820567,11938356.718405612,24614621.24881818,-70994.20263572334,16.314103072476456,1
11,15,G16,3186601.237668507,-21089306.065956578,15150550.55334559,23430470.884001933,100073.22081367008,10.00465076250864,1
11,17,G18,25202106.492953293,6392884.855922767,6216297.57282078,21888380.70585117,-76835.04845312993,4.228695326313165,1
11,24,G25,16866628.072342247,18698283.30639846,8594919.862800978,22758270.498096116,116486.98737064742,6.1022484830591734,1
11,25,G26,10675295.222292034,-12180450.238027047,20745447.03741903,21238741.197193835,-117770.24324803919,3.9242330833757264,1
11,27,G28,24400836.009740077,-5362941.246037348,9053316.315777885,21248818.457823504,-124094.71892629923,3.70009876689484,1
11,28,G29,13013068.305103218,8052321.766811607,21687441.86470901,20863103.98113293,-72873.20655212845,3.434409437692276,1
11,30,G31,17877010.844219983,-10230881.278849242,16618562.071134897,20729448.780906234,-36121.9148632987,3.424014612544006,1
12,3,G04,-5992439.06392638,-15658711.494473994,20581672.740193654,24606474.473110247,19457.6879075444,16.275570266370984,1
12,4,G05,3754077.7274851073,23327837.34756658,11941064.85823425,24614405.767945465,-70994.19892359478,16.309013064300746,1
12,15,G16,3187565.174692799,-21087520.724381667,15152816.553620467,23429993.87713475,100073.22436488999,10.001159735318788,1
12,17,G18,25201317.262057904,6393035.563475842,6219344.518244482,21888051.6907906,-76835.04455209644,4.228152726333473,1
12,24,G25,16866906.988358174,18699412.362322327,8592054.423595829,22758994.19296781,116486.98512569423,6.103426321494097,1
12,25,G26,10676821.096079795,-12178206.696733605,20746013.538225494,21238490.815885637,-117770.244009788,3.923810758805844,1
12,27,G28,24401973.752621878,-5362646.796052353,9050425.71839512,21249356.413135983,-124094.71617397168,3.700447685597174,1
12,28,G29,13011385.394335976,8054509.760160264,21687622.11127669,20863562.40309941,-72873.20487519879,3.434662189786013,1
12,30,G31,17879145.490179878,-10230510.770131052,16616558.803163556,20729637.458244506,-36121.91439350395,3.4240157920898304,1
13,3,G04,-5990835.343680479,-15660770.689170014,20580553.28809875,24606518.74975712,19457.688727966346,16.27430822320174,1
13,4,G05,3753170.946523479,23326577.892070156,11943772.74149396,24614190.26417806,-70994.19522287796,16.30392742388184,1
13,15,G16,3188529.318109131,-21085735.166160487,15155082.216547692,23429517.018803827,100073.22790966154,9.997670776525796,1
13,17,G18,25200527.661323827,6393186.2867656825,6222391.33387716,21887722.88513264,-76835.0406534545,4.227610434779868,1
13,24,G25,16867185.801798314,18700541.081330087,8589188.802547669,22759718.003988154,116486.9828773143,6.104604779853839,1
13,25,G26,10678347.120092185,-12175963.177073022,20746579.58531698,21238240.444070358,-117770.24477343434,3.923388528792421,1
13,27,G28,24403111.149535753,-5362352.426634438,9047534.92939922,21249894.613030713,-124094.71342369655,3.700796799094761,1
13,28,G29,13009702.59418577,8056697.870648053,21687801.89562152,20864020.98309506,-72873.20320010201,3.434915019434447,1
13,30,G31,17881279.90082931,-10230140.407157218,16614555.17786178,20729826.32823318,-36121.91392533787,3.4240170674271715,1
14,3,G04,-5989231.828369142,-15662829.866904883,20579433.397757653,24606563.43794993,19457.68998937582,16.27305146287821,1
14,4,G05,3752263.9211963704,23325318.19177152,11946480.36812608,24613974.98991592,-70994.19108021133,16.298847096735688,1
14,15,G16,3189493.6679324186,-21083949.39135297,15157347.542076483,23429040.230273772,100073.23172530418,9.994185138628925,1
14,17,G18,25199737.690953474,6393337.025810286,6225438.018928853,21887394.0487623,-76835.0366391746,4.227068254176873,1
14,24,G25,16867464.512609728,18701669.463421833,8586322.999718085,22760441.930040333,116486.98079585083,6.105783667536796,1
14,25,G26,10679873.295029407,-12173719.678035295,20747145.178952456,21237990.263788667,-117770.24542985845,3.9229665490282293,1
14,27,G28,24404248.200994655,-5362058.137595421,9044643.947473187,21250432.767136075,-124094.71057220777,3.7011460016005353,1
14,28,G29,13008019.9054981,8058886.097180792,21687981.217653215,20864479.602179203,-72873.20143118403,3.435167979491905,1
14,30,G31,17883414.076623604,-10229770.18981127,16612551.194796477,20730015.341732446,-36121.91336341669,3.4240184601046866,1
15,3,G04,-5987628.517250261,-15664889.028597299,20578313.06865949,24606608.050757796,19457.691260503154,16.271796134207403,1
15,4,G05,3751356.651483025,23324058.246725682,11949187.73807196,24613759.590012208,-70994.18693068795,16.293771627947375,1
15,15,G16,3190458.2239480587,-21082163.400444787,15159612.5296161,23428563.51321981,100073.23554582546,9.99070169012571,1
15,17,G18,25198947.350585334,6393487.78073109,6228484.574788772,21887065.317930873,-76835.03262232573,4.226526324573529,1
15,24,G25,16867743.120741796,18702797.508595612,8583457.015168626,22761165.98508452,116486.97871815608,6.106963150389627,1
15,25,G26,10681399.62013592,-12171476.200750284,20747710.318851274,21237740.13990608,-117770.24608366503,3.9225446854973027,1
15,27,G28,24405384.90642625,-5361763.929031575,9041752.77405695,21250971.020079467,-124094.70771839123,3.7014953552788015,1
15,28,G29,13006337.327514501,8061074.440749748,21688160.077452738,20864938.31005005,-72873.19966011686,3.435421040289402,1
15,30,G31,17885548.0164906,-10229400.118243217,16610546.854967946,20730204.454069745,-36121.91279912925,3.4240199399365405,1
16,3,G04,-5986025.411111809,-15666948.17320192,20577192.301361583,24606652.993025776,19457.691671664783,16.27054106154427,1
16,4,G05,3750449.1373624774,23322798.056987673,11951894.851272935,24613544.403978366,-70994.18364375175,16.28869842451374,1
16,15,G16,3191422.986630164,-21080377.192644343,15161877.18019579,23428086.495742902,100073.23883709332,9.9872200837273,1
16,17,G18,25198156.640611436,6393638.551505796,6231530.999940649,21886736.640148107,-76835.02882894657,4.225984555498023,1
16,24,G25,16868021.626077197,18703925.216580957,8580590.849644233,22761889.84803671,116486.9763177123,6.10814290862698,1
16,25,G26,10682926.096110666,-12169232.7442092,20748275.005271975,21237490.061812863,-117770.24694472067,3.922122921196652,1
16,27,G28,24406521.266342167,-5361469.800759418,9038861.407833375,21251509.50420334,-124094.7050603113,3.7018448347201325,1
16,28,G29,13004654.860680439,8063262.900780459,21688338.474972747,20865397.18097573,-72873.19807070387,3.4356741605029355,1
16,30,G31,17887681.720883932,-10229030.192339515,16608542.157943204,20730393.794795495,-36121.912415706756,3.424021507059085,1
17,3,G04,-5984422.509593609,-15669007.301146645,20576071.09561996,24606697.871076953,19457.69276967719,16.269288495799735,1
17,4,G05,3749541.378812144,23321537.622612815,11954601.707670389,24613328.994023334,-70994.1796703396,16.28362941597206,1
17,15,G16,3192387.9557652683,-21078590.768437132,15164141.493224738,23427609.73625001,100073.2425488256,9.983741506644167,1
17,17,G18,25197365.560668517,6393789.338261367,6234577.295773568,21886408.000895426,-76835.02485699517,4.2254431380810065,1
17,24,G25,16868300.028695017,18705052.587916467,8577724.501839792,22762613.86790126,116486.9741754612,6.1093232853845665,1
17,25,G26,10684452.722200174,-12166989.309539901,20748839.237934373,21237239.992095754,-117770.24763978262,3.921701338694448,1
17,27,G28,24407657.280171618,-5361175.752869684,9035969.8502426,21252048.108943123,-124094.70224581294,3.7021945780175463,1
17,28,G29,13002972.505438818,8065451.476702289,21688516.410166353,20865855.934077546,-72873.19633593973,3.435927336019698,1
17,30,G31,17889815.190260135,-10228660.41198141,16606537.10328891,20730583.158974335,-36121.911887324386,3.424023228167347,1
18,3,G04,-5982819.8123372365,-15671066.412858818,20574949.4511903,24606743.09589886,19457.69379373877,16.26803835317768,1
18,4,G05,3748633.375595948,23320276.943355355,11957308.307850927,24613113.680114295,-70994.1757734529,16.278565939214328,1
18,15,G16,3193353.1311378945,-21076804.12830911,15166405.468112472,23427132.99295092,100073.2462146411,9.980265157338819,1
18,17,G18,25196574.11096004,6393940.141012309,6237623.461497613,21886079.549267486,-76835.02090386918,4.224901881693229,1
18,24,G25,16868578.328478225,18706179.62233137,8574857.972500186,22763337.99386313,116486.97200588901,6.110504215327933,1
18,25,G26,10685979.499103773,-12164745.8957334,20749403.01709659,21236990.069239676,-117770.24835221136,3.921279891580799,1
18,27,G28,24408792.94842628,-5360881.78517738,9033078.099967249,21252586.743278474,-124094.69944775433,3.702544400170591,1
18,28,G29,13001290.261031866,8067640.169505728,21688693.88311388,20866314.88988109,-72873.19461657206,3.436180647729188,1
18,30,G31,17891948.42354715,-10228290.777319128,16604531.692005891,20730772.719154023,-36121.91137398605,3.4240250162999617,1
19,3,G04,-5981217.320129228,-15673125.507293472,20573827.368630584,24606788.254270334,19457.695077510773,16.26678929596838,1
19,4,G05,3747725.1281251446,23319016.0198716,11960014.65046532,24612898.639824674,-70994.17162008282,16.273507632744934,1
19,15,G16,3194318.513223966,-21075017.271468148,15168669.105887769,23426656.378085434,100073.25003854158,9.976791003874393,1
19,17,G18,25195782.29168953,6394090.959774256,6240669.496323026,21885751.246734202,-76835.01688341654,4.224360949604682,1
19,24,G25,16868856.525374815,18707306.319824968,8571991.261686986,22764062.238765683,116486.96993373329,6.11168585484866,1
19,25,G26,10687506.426066397,-12162502.503918778,20749966.3424789,21236740.14582519,-117770.24900182048,3.9208585494567005,1
19,27,G28,24409928.270534877,-5360587.897776786,9030186.158447698,21253125.526150078,-124094.69659060104,3.702894418310062,1
19,28,G29,12999608.128304755,8069828.978096345,21688870.8937262,20866773.908784617,-72873.192842311,3.4364340526671575,1
19,30,G31,17894081.421200026,-10227921.288236523,16602525.92366093,20730962.36979564,-36121.9108057397,3.424026899875465,1
20,3,G04,-5979615.032610749,-15675184.584878031,20572704.847696584,24606833.757178906,19457.696491513285,16.26554221338105,1
20,4,G05,3746816.6361613614,23317754.851916265,11962720.736100283,24612683.763148297,-70994.1673370616,16.268452068842087,1
20,15,G16,3195284.1018077373,-21073230.198400218,15170932.405960098,23426179.615242098,100073.25394089796,9.973319660978119,1
20,17,G18,25194990.102494113,6394241.79467072,6243715.401638718,21885423.132942475,-76835.01282901198,4.223820294054689,1
20,24,G25,16869134.619332705,18708432.68039673,8569124.369461808,22764786.409958523,116486.96791102074,6.112867908927416,1
20,25,G26,10689033.503788067,-12160259.133086542,20750529.21433901,21236490.35922041,-117770.2496197264,3.9204373816985876,1
20,27,G28,24411063.247008905,-5360294.0904826475,9027294.02436641,21253664.425728742,-124094.69370367208,3.7032446692494854,1
20,28,G29,12997926.106498769,8072017.903466369,21689047.44208323,20867232.87296426,-72873.19104025741,3.436687495362593,1
20,30,G31,17896214.1836729,-10227551.944618769,16600519.79782046,20731152.18293368,-36121.91020973494,3.4240289328145854,1
21,3,G04,-5978012.949422831,-15677243.646040097,20571581.888143655,24606878.899914987,19457.697726291914,16.264296366236373,1
21,4,G05,3745907.899684562,23316493.43954429,11965426.564697186,24612468.806061313,-70994.16323604844,16.26340098265086,1
21,15,G16,3196249.8966741823,-21071442.909591354,15173195.367739229,23425702.889253624,100073.25773225221,9.96985039212801,1
21,17,G18,25194197.543766446,6394392.645680659,6246761.175928735,21885095.004073765,-76835.0088211178,4.223279862431674,1
21,24,G25,16869412.610300884,18709558.704045173,8566257.295886192,22765510.783853088,116486.96582108694,6.114050502691745,1
21,25,G26,10690560.731512671,-12158015.784366526,20751091.632397644,21236240.66698641,-117770.25028059026,3.920016324741201,1
21,27,G28,24412197.877277356,-5360000.363389533,9024401.699163899,21254203.520191435,-124094.6908574444,3.703595056432527,1
21,28,G29,12996244.19605889,8074206.945041639,21689223.52813821,20867691.95217574,-72873.18927600271,3.4369410367478817,1
21,30,G31,17898346.70989459,-10227182.746614998,16598513.315485852,20731342.09100091,-36121.90965116375,3.424031047933585,1
22,3,G04,-5976411.071352861,-15679302.689734219,20570458.49053045,24606924.459222667,19457.699094554973,16.263054768104684,1
22,4,G05,3744998.918673221,23315231.782810867,11968132.13619741,24612254.29179105,-70994.15900154714,16.258354187118623,1
22,15,G16,3197215.8982985555,-21069655.404249303,15175457.992253495,23425226.34977308,100073.26160500976,9.96638416532082,1
22,17,G18,25193404.615142968,6394543.512929087,6249806.820581846,21884766.816013914,-76835.00477772424,4.2227395468645454,1
22,24,G25,16869690.498226702,18710684.39077023,8563390.041021764,22766235.012003433,116486.96378263201,6.1152334569865205,1
22,25,G26,10692088.109940885,-12155772.456748787,20751653.59691211,21235990.95074091,-117770.25090855839,3.919595492025056,1
22,27,G28,24413332.161581382,-5359706.716380475,9021509.182212146,21254742.576124046,-124094.68798008507,3.703945546009063,1
22,28,G29,12994562.39742919,8076396.102249204,21689399.15184486,20868151.081085443,-72873.18748293644,3.4371946857170044,1
22,30,G31,17900479.000828385,-10226813.69402113,16596506.475745125,20731532.192835357,-36121.90906369435,3.424033280318954,1
23,3,G04,-5974809.398041231,-15681361.7163882,20569334.65461243,24606970.20392146,19457.70048658598,16.261815023740354,1
23,4,G05,3744089.6931069596,23313969.881770983,11970837.45054235,24612040.02880393,-70994.15474671559,16.25331324206356,1
23,15,G16,3198182.106466388,-21067867.682859976,15177720.27891263,23424749.62099257,100073.26549152742,9.962920013216253,1
23,17,G18,25192611.316827517,6394694.396430864,6252852.334808353,21884438.779840756,-76835.00072797734,4.2221994434212515,1
23,24,G25,16869968.282993,18711809.74030214,8560522.605613764,22766959.306045804,116486.96175334149,6.116417061501994,1
23,25,G26,10693615.638316918,-12153529.151362691,20752215.107603557,21235741.346735213,-117770.25153043325,3.9191747719145065,1
23,27,G28,24414466.1001615,-5359413.149340071,9018616.472882904,21255281.638199136,-124094.68509703927,3.7042961379995547,1
23,28,G29,12992880.709851291,8078585.376081091,21689574.313282453,20868610.317209285,-72873.18568470686,3.4374484701053887,1
23,30,G31,17902611.055403545,-10226444.786985772,16594499.279600002,20731722.357769787,-36121.908470789225,3.4240355762751,1
24,3,G04,-5973207.929129135,-15683420.726429528,20568210.38014471,24607015.783890195,19457.70140143939,16.26057570047894,1
24,4,G05,3743180.222964061,23312707.73647992,11973542.507673385,24611825.573166404,-70994.15097037304,16.24827466458966,1
24,15,G16,3199148.5209614784,-21066079.74590974,15179982.227126656,23424272.86875897,100073.26908419296,9.959457956669358,1
24,17,G18,25191817.649024587,6394845.296199867,6255897.7178186355,21884110.76879591,-76834.99680228614,4.22165957571261,1
24,24,G25,16870245.964680772,18712934.75317642,8557654.988356484,22767683.488965187,116486.95954460079,6.117601031620075,1
24,25,G26,10695143.317340646,-12151285.867199128,20752776.164728906,21235491.75222243,-117770.25226723914,3.9187541640359504,1
24,27,G28,24415599.692446854,-5359119.662364571,9015723.57261701,21255820.90911843,-124094.68232282075,3.7046469154499757,1
24,28,G29,12991199.13417081,8080774.765441345,21689749.012363017,20869069.604148157,-72873.18398736618,3.4377022985438157,1
24,30,G31,17904742.874073718,-10226076.025394894,16592491.726616884,20731912.632151987,-36121.90797825147,3.424037983579382,1
25,3,G04,-5971606.665402799,-15685479.718813146,20567085.667686563,24607061.772054423,19457.70245073867,16.259337903054742,1
25,4,G05,3742270.5082232105,23311445.346992828,11976247.30753193,24611611.10412711,-70994.1470615838,16.243240042043464,1
25,15,G16,3200115.1422604052,-21064291.59260587,15182243.837923462,23423796.247751005,100073.27275801191,9.955998343864344,1
25,17,G18,25191023.61137006,6394996.212361288,6258942.971001297,21883782.906845726,-76834.99284165927,4.22111999341012,1
25,24,G25,16870523.54317135,18714059.429124583,8554787.189995173,22768407.82097923,116486.95738658984,6.118785553274471,1
25,25,G26,10696671.14625677,-12149042.605386848,20753336.768009763,21235242.22918574,-117770.25297137209,3.918333693659759,1
25,27,G28,24416732.938948695,-5358826.255266456,9012830.480096452,21256360.430204045,-124094.67951791902,3.704997895891514,1
25,28,G29,12989517.669628672,8082964.27132335,21689923.249165397,20869529.002768423,-72873.18226146486,3.437956196596732,1
25,30,G31,17906874.45729396,-10225707.40913179,16590483.816361792,20732103.107002288,-36121.90745711043,3.424040508510213,1
26,3,G04,-5970005.606121899,-15687538.694457345,20565960.516724896,24607107.665847875,19457.70322805747,16.258101457924592,1
26,4,G05,3741360.5488645076,23310182.713364687,11978951.85005938,24611396.842256803,-70994.1434277762,16.238210832246747,1
26,15,G16,3201081.9701476223,-21062503.223434605,15184505.110713033,23423319.68705099,100073.27626459578,9.952540568699085,1
26,17,G18,25190229.204257548,6395147.14489403,6261988.09284071,21883455.202924713,-76834.98895152155,4.220580591556599,1
26,24,G25,16870801.01841377,18715183.768145133,8551919.210591402,22769132.249039274,116486.9551262662,6.1199706617090515,1
26,25,G26,10698199.125765614,-12146799.364916455,20753896.917702608,21234992.7580809,-117770.25374076069,3.91791331857644,1
26,27,G28,24417865.839096807,-5358532.928140393,9009937.196762307,21256899.97585957,-124094.67677482763,3.705348956380503,1
26,28,G29,12987836.317070665,8085153.892630548,21690097.023602087,20869988.60576564,-72873.1805930519,3.4382102284484084,1
26,30,G31,17909005.803993568,-10225338.93834542,16588475.549837012,20732293.79181361,-36121.90699290527,3.4240430853985933,1
27,3,G04,-5968404.752072346,-15689597.652317122,20564834.927819412,24607153.881842148,19457.704642987967,16.25686821411932,1
27,4,G05,3740450.34486505,23308919.835650954,11981656.135197151,24611182.545765262,-70994.13915772388,16.233185662700812,1
27,15,G16,3202049.0044079213,-21060714.63888229,15186766.044905672,23422843.273770418,100073.28016047798,9.949085951873737,1
27,17,G18,25189434.42732251,6395298.093923685,6265033.084725371,21883127.572155014,-76834.98489547512,4.220041487799268,1
27,24,G25,16871078.390354615,18716307.770238835,8549051.050206786,22769856.69385152,116486.95310667668,6.121156316686144,1
27,25,G26,10699727.255111858,-12144556.14691657,20754456.61352953,21234743.33611587,-117770.25435596339,3.9174931490004603,1
27,27,G28,24418998.393402185,-5358239.680798799,9007043.72129639,21257439.598016843,-124094.67388607202,3.705700254051098,1
27,28,G29,12986155.075737242,8087343.630357316,21690270.335751507,20870448.11104164,-72873.17878934048,3.4384643227239513,1
27,30,G31,17911136.914627776,-10224970.612918833,16586466.926608667,20732484.51683023,-36121.90639386248,3.424045817621645,1
28,3,G04,-5966804.102895707,-15691656.592819808,20563708.900725145,24607200.106212523,19457.705890458867,16.255637072297027,1
28,4,G05,3739539.8962051603,23307656.713906575,11984360.162886651,24610968.52289314,-70994.13505681761,16.228164867138485,1
28,15,G16,3203016.2455168776,-21058925.838156126,15189026.641528793,23422366.861048255,100073.28395301208,9.945633623722571,1
28,17,G18,25188639.280959163,6395449.059428207,6268077.94513979,21882799.974889733,-76834.98088261505,4.219502558439059,1
28,24,G25,16871355.658943363,18717431.43540382,8546182.708902925,22770581.168817747,116486.95102453053,6.122342441203807,1
28,25,G26,10701255.534995424,-12142312.950378247,20755015.85574658,21234493.95323933,-117770.25501113919,3.917073120926395,1
28,27,G28,24420130.601294722,-5357946.513337459,9004150.055139938,21257979.26987234,-124094.67103518377,3.7060516645994253,1
28,28,G29,12984473.946073618,8089533.483928496,21690443.18556777,20870907.716830894,-72873.17702082841,3.4387185222550105,1
28,30,G31,17913267.78964978,-10224602.432738349,16584457.946242575,20732675.43673088,-36121.90582964392,3.424048637047874,1
29,3,G04,-5965203.658232843,-15693715.51639309,20562582.4351967,24607246.771166,19457.70717991242,16.25440708800355,1
29,4,G05,3738629.2028636266,23306393.348186746,11987063.93306931,24610754.43915465,-70994.13091702775,16.22314881083639,1
29,15,G16,3203983.6932594595,-21057136.8217424,15191286.899992652,23421890.332177445,100073.28777004508,9.942183419774612,1
29,17,G18,25187843.764803186,6395600.041531164,6271122.675472343,21882472.389909405,-76834.97685890329,4.218963902677932,1
29,24,G25,16871632.82412825,18718554.763639383,8543314.186741441,22771305.812981285,116486.94895820571,6.123529190802902,1
29,25,G26,10702783.964660184,-12140069.776430642,20755574.644076303,21234244.603867207,-117770.25565597127,3.916653201242291,1
29,27,G28,24421262.46328473,-5357653.425570478,9001256.196974609,21258519.196919825,-124094.66817467751,3.7064032435709695,1
29,28,G29,12982792.928523676,8091723.452770759,21690615.573005423,20871367.42480862,-72873.17524337895,3.4389728167306153,1
29,30,G31,17915398.42798992,-10224234.397951536,16582448.609741528,20732866.415264264,-36121.905256312646,3.424051546416517,1
30,3,G04,-5963603.4188701045,-15695774.421991654,20561455.531794447,24607292.964265585,19457.70802020976,16.25317799996712,1
30,4,G05,3737718.2648195988,23305129.738546632,11989767.44568654,24610540.25713654,-70994.12722751818,16.218136133677746,1
30,15,G16,3204951.34741925,-21055347.590127785,15193546.819707809,23421413.753050003,100073.29131119768,9.938735224096948,1
30,17,G18,25187047.87905918,6395751.040247159,6274167.274933506,21882144.917168878,-76834.97295177921,4.218425443907038,1
30,24,G25,16871909.885858025,18719677.754944354,8540445.483783925,22772030.309725385,116486.94672277736,6.124716359590788,1
30,25,G26,10704312.544806518,-12137826.62406455,20756132.978774346,21233995.337139316,-117770.25640885912,3.916233392302182,1
30,27,G28,24422393.97880257,-5357360.41759306,8998362.148241805,21259059.15803013,-124094.6654165726,3.7067549596135794,1
30,28,G29,12981112.022329645,8093913.537875998,21690787.498142254,20871827.18415979,-72873.17356094102,3.4392271898589026,1
30,30,G31,17917528.830101684,-10223866.5084443,16580438.916671447,20733057.455222417,-36121.90477738049,3.4240545445386235,1
31,3,G04,-5962003.384448437,-15697833.310043113,20560328.190273136,24607339.132795267,19457.7091031004,16.251951267342594,1
31,4,G05,3736807.082051988,23303865.885041434,11992470.700679785,24610326.120907795,-70994.12329853009,16.213129047478773,1
31,15,G16,3205919.2084734202,-21053558.142518993,15195806.401701238,23420937.154936723,100073.29500001021,9.935289395790374,1
31,17,G18,25186251.62393144,6395902.05559355,6277211.742733941,21881817.47402392,-76834.96898141493,4.21788721947037,1
31,24,G25,16872186.84401409,18720800.40905117,8537576.600776056,22772754.790834088,116486.94457907826,6.125904175925326,1
31,25,G26,10705841.274678659,-12135583.49440861,20756690.859563693,21233746.05310081,-117770.25710285144,3.9158137223412544,1
31,27,G28,24423525.148088977,-5357067.489287366,8995467.908313105,21259599.054923635,-124094.66260284084,3.7071068098172035,1
31,28,G29,12979431.228335753,8096103.738149306,21690958.960891914,20872286.92787556,-72873.17182694838,3.4394816854113346,1
31,30,G31,17919658.99643995,-10223498.764099846,16578428.866597908,20733248.4577673,-36121.90424685881,3.4240576284212776,1
32,3,G04,-5960403.554609482,-15699892.180974858,20559200.41038707,24607385.488949686,19457.70994040562,16.250726254757915,1
32,4,G05,3735895.6547562815,23302601.788027897,11995173.69734606,24610111.92492951,-70994.11961434834,16.208123683251333,1
32,15,G16,3206887.276205195,-21051768.479402736,15198065.645383433,23420460.298839428,100073.29853738863,9.931846234184365,1
32,17,G18,25185454.999055494,6396053.0876925355,6280256.080261829,21881490.02976215,-76834.96507463223,4.217349213531102,1
32,24,G25,16872463.698676962,18721922.726494297,8534707.536411405,22773479.040203903,116486.94234332662,6.127092261292275,1
32,25,G26,10707370.15497696,-12133340.386453765,20757248.286699593,21233496.7528685,-117770.25785574855,3.9153942253058247,1
32,27,G28,24424655.971383482,-5356774.640539798,8992573.47655991,21260138.970802978,-124094.65984504508,3.7074588691284607,1
32,28,G29,12977750.545784133,8098294.054583007,21691129.961331774,20872746.53980729,-72873.17014470448,3.4397362074356956,1
32,30,G31,17921788.9259343,-10223131.165067486,16576418.460524224,20733439.598797113,-36121.90376778739,3.42406085923136,1
33,3,G04,-5958803.930138876,-15701951.033741737,20558072.192697294,24607432.219795182,19457.711186658224,16.249504972835194,1
33,4,G05,3734983.98247806,23301337.446958262,11997876.436915696,24609898.267813947,-70994.11552481796,16.203125158100615,1
33,15,G16,3207855.5503997756,-21049978.601265572,15200324.550165242,23419983.900077436,100073.30232453659,9.928405624501977,1
33,17,G18,25184658.00482551,6396204.136525902,6283300.286001986,21881162.78596848,-76834.96106106063,4.216811377819101,1
33,24,G25,16872740.449728455,18723044.7070057,8531838.291435603,22774203.611216128,116486.94026250314,6.128281026904462,1
33,25,G26,10708899.18494557,-12131097.301328547,20757805.259905476,21233247.63691049,-117770.25850942495,3.9149748959358517,1
33,27,G28,24425786.448117923,-5356481.871441167,8989678.854423888,21260679.024050437,-124094.65699329879,3.707811001374998,1
33,28,G29,12976069.97551916,8100484.486081596,21691300.499375924,20873206.473939836,-72873.16837547667,3.4399908951485076,1
33,30,G31,17923918.619039863,-10222763.711230041,16574407.698016083,20733631.029081732,-36121.903201795394,3.424064159640502,1
34,3,G04,-5957204.510677706,-15704009.868771343,20556943.536958244,24607479.300203443,19457.712464333297,16.248285645012846,1
34,4,G05,3734072.0654130005,23300072.862189207,12000578.918685675,24609684.820100997,-70994.11140562248,16.19813058186616,1
34,15,G16,3208824.031533328,-21048188.507314123,15202583.117073158,23419507.568882685,100073.30612980592,9.924967465676591,1
34,17,G18,25183860.640876725,6396355.20221573,6286344.361342505,21880835.654973015,-76834.95703915444,4.216273776039354,1
34,24,G25,16873017.097117167,18724166.350584425,8528968.865910266,22774928.212940738,116486.93819393737,6.12947029073363,1
34,25,G26,10710428.365285268,-12128854.238023657,20758361.77943618,21232998.647152454,-117770.25915518877,3.914555714951117,1
34,27,G28,24426916.578801367,-5356189.18180785,8986784.040586293,21261219.32411377,-124094.65413417995,3.708163302740153,1
34,28,G29,12974389.516782956,8102675.033637661,21691470.575101342,20873666.540973242,-72873.16659937677,3.440245663974336,1
34,30,G31,17926048.075702146,-10222396.402561124,16572396.579118358,20733822.600084912,-36121.90262879354,3.4240675707739388,1
35,3,G04,-5955605.295867489,-15706068.68649112,20555814.442923967,24607526.106992286,19457.713705014776,16.247067617391572,1
35,4,G05,3733159.903540514,23298808.03377589,12003281.142597433,24609471.17080313,-70994.10732607475,16.193140581453484,1
35,15,G16,3209792.7193901385,-21046398.19803506,15204841.345517965,23419031.094735757,100073.30991136629,9.921531427855781,1
35,17,G18,25183062.90741407,6396506.284777349,6289388.305494055,21880508.540171355,-76834.95302683159,4.215736422371944,1
35,24,G25,16873293.6407917,18725287.657229498,8526099.259897009,22775652.955942307,116486.93611151619,6.130660140303856,1
35,25,G26,10711957.695239076,-12126611.197668433,20758917.84501559,21232749.66800415,-117770.25980961473,3.914136647487461,1
35,27,G28,24428046.362865314,-5355896.571733772,8983889.036488997,21261759.61300897,-124094.65128341246,3.7085157583211874,1
35,28,G29,12972709.170019643,8104865.69667712,21691640.188462954,20874126.580086302,-72873.16483102897,3.4405005298414024,1
35,30,G31,17928177.296374846,-10222029.23894573,16570385.103396328,20734014.238096926,-36121.902063289395,3.424071070068514,1
36,3,G04,-5954006.2864933135,-15708127.485856034,20554684.911156148,24607573.165064264,19457.714909531758,16.24585047610831,1
36,4,G05,3732247.4968393166,23297542.96177357,12005983.108592441,24609257.676742405,-70994.10328493558,16.188154293692897,1
36,15,G16,3210761.613754046,-21044607.673915338,15207099.23491076,23418554.676987927,100073.31366945675,9.918097582690166,1
36,17,G18,25182264.804642852,6396657.38422602,6292432.117667447,21880181.573905945,-76834.94902401551,4.215199354943893,1
36,24,G25,16873570.080700215,18726408.626940392,8523229.473457506,22776377.68386689,116486.9340154462,6.131850539747936,1
36,25,G26,10713487.175508413,-12124368.179253131,20759473.45689812,21232500.729061153,-117770.26047258962,3.913717694376859,1
36,27,G28,24429175.80081887,-5355604.0410337215,8980993.840813074,21262300.1531873,-124094.64844094853,3.708868414063169,1
36,28,G29,12971028.935672978,8107056.474626173,21691809.339416154,20874586.72417987,-72873.16307029926,3.4407554623980023,1
36,30,G31,17930306.279988833,-10221662.220531464,16568373.27185401,20734206.000075284,-36121.90150521078,3.4240746781012272,1
37,3,G04,-5952407.482196801,-15710186.267293464,20553554.941408962,24607620.368880462,19457.716025268375,16.24463442697913,1
37,4,G05,3731334.845288621,23296277.646237478,12008684.816612158,24609044.22791264,-70994.09933453012,16.183171845529614,1
37,15,G16,3211730.7151018144,-21042816.9341612,15209356.786277588,23418078.36980468,100073.31737210363,9.914665915287198,1
37,17,G18,25181466.33219746,6396808.500685309,6295475.799250548,21879854.890194464,-76834.94504427545,4.214662546861065,1
37,24,G25,16873846.416791037,18727529.259716436,8520359.50665333,22777102.650231246,116486.93188593865,6.133041470862579,1
37,25,G26,10715016.805336008,-12122125.183907188,20760028.614808124,21232251.979976524,-117770.2611567489,3.913298859178331,1
37,27,G28,24430304.892093923,-5355311.589801448,8978098.455000594,21262840.921754085,-124094.6456187406,3.709221248578071,1
37,28,G29,12969348.812985161,8109247.368477606,21691978.028037265,20875047.05478137,-72873.16132830914,3.4410104707844655,1
37,30,G31,17932435.026997842,-10221295.34720334,16566361.084056789,20734398.084254466,-36121.90096560445,3.4240783884569006,1
38,3,G04,-5950808.882620275,-15712245.031230588,20552424.53343614,24607667.60396745,19457.71695849121,16.243422080662526,1
38,4,G05,3730421.948867798,23295012.0872228,12011386.266598053,24608830.971174873,-70994.09556633406,16.178193721566426,1
38,15,G16,3212700.0232169046,-21041025.979259614,15211613.999029474,23417602.03916834,100073.32096308957,9.911236892418765,1
38,17,G18,25180667.49047336,6396959.634135528,6298519.348728545,21879528.080841415,-76834.94111111597,4.214125811964181,1
38,24,G25,16874122.64894639,18728649.5552901,8517489.360230498,22777827.452982362,116486.92968862684,6.1342327406803046,1
38,25,G26,10716546.585423036,-12119882.210621167,20760583.3189996,21232003.301809575,-117770.26188422593,3.9128802194579273,1
38,27,G28,24431433.637199428,-5355019.217851108,8975202.87773244,21263381.6529076,-124094.64283753945,3.7095741411368977,1
38,28,G29,12967668.802800758,8111438.377134817,21692146.254241537,20875507.446249224,-72873.15962450865,3.441265602242739,1
38,30,G31,17934563.537855424,-10220928.61884653,16564348.539569693,20734590.210872576,-36121.90046374519,3.424082189438698,1
39,3,G04,-5949210.488547872,-15714303.776622614,20551293.687800027,24607715.018861484,19457.717877659237,16.24221072677365,1
39,4,G05,3729508.8075552257,23293746.284784894,12014087.458491601,24608617.655245967,-70994.09181354573,16.17321846280161,1
39,15,G16,3213669.5378833953,-21039234.809697617,15213870.872577803,23417125.68787094,100073.32454407711,9.907810262540634,1
39,17,G18,25179868.27910479,6397110.78469948,6301562.767489178,21879201.407181263,-76834.93718170574,4.213589373941496,1
39,24,G25,16874398.77724624,18729769.514195025,8514619.032882022,22778552.265784808,116486.92748605656,6.135424490187679,1
39,25,G26,10718076.515012577,-12117639.260524038,20761137.56919735,21231754.729181543,-117770.26261492161,3.912461713068637,1
39,27,G28,24432562.035567522,-5354726.925276856,8972307.110450886,21263922.65097964,-124094.64005963976,3.7099272656962294,1
39,28,G29,12965988.90436161,8113629.501591415,21692314.01810487,20875967.870104685,-72873.15792361215,3.4415207751284616,1
39,30,G31,17936691.81149291,-10220562.035608133,16562335.63939728,20734782.448055267,-36121.89996467108,3.424086122178014,1
40,3,G04,-5947612.299621254,-15716362.503896937,20550162.40425452,24607762.601277605,19457.718859925764,16.24100122232495,1
40,4,G05,3728595.421330581,23292480.238978926,12016788.392234279,24608404.41693563,-70994.08800016613,16.16824787159499,1
40,15,G16,3214639.2595787393,-21037443.424681123,15216127.407948144,23416649.46891599,100073.32816267572,9.904385916817768,1
40,17,G18,25179068.698487673,6397261.95235727,6304606.054017758,21878875.06018918,-76834.93323576513,4.213053171552219,1
40,24,G25,16874674.80157306,18730889.13616344,8511748.525353828,22779277.2187474,116486.92530754997,6.136616816145977,1
40,25,G26,10719606.594806453,-12115396.332605908,20761691.365654964,21231506.331893303,-117770.26333007307,3.912043339051198,1
40,27,G28,24433690.087438017,-5354434.711962326,8969411.1525271,21264463.712151676,-124094.6372671462,3.710280540932966,1
40,28,G29,12964309.118512018,8115820.740750885,21692481.319542993,20876428.44919728,-72873.15620918907,3.4417760488114086,1
40,30,G31,17938819.84836421,-10220195.59737274,16560322.383104702,20734974.946014013,-36121.89945191388,3.4240901488037134,1
41,3,G04,-5946014.315482055,-15718421.213481009,20549030.682553064,24607810.303751227,19457.719921942735,16.239793248685736,1
41,4,G05,3727681.7901730807,23291213.949860137,12019489.067767572,24608191.514786284,-70994.08411016325,16.163282207121267,1
41,15,G16,3215609.188086796,-21035651.824697163,15218383.604551809,23416173.19579557,100073.33182895022,9.900963735686725,1
41,17,G18,25178268.748255722,6397413.137232462,6307649.2097019395,21878548.67801746,-76834.92926906976,4.21251722337186,1
41,24,G25,16874950.721875206,18732008.421194673,8508877.837707577,22780002.27501528,116486.92315926091,6.137809770195566,1
41,25,G26,10721136.824047206,-12113153.427996054,20762244.708097693,21231257.891049314,-117770.26402571786,3.9116250825386354,1
41,27,G28,24434817.793050207,-5354142.577792036,8966515.003332151,21265004.9168343,-124094.63445631291,3.710633970524059,1
41,28,G29,12962629.444494266,8118012.095606363,21692648.15863136,20876889.08692261,-72873.15447776591,3.442031427233826,1
41,30,G31,17940947.64892283,-10219829.304025358,16558308.770256752,20735167.533876278,-36121.898922009204,3.424094262906417,1
42,3,G04,-5944416.5369156,-15720479.904329494,20547898.523258667,24607858.22400356,19457.721280620724,16.238590119340994,1
42,4,G05,3726767.914061169,23289947.417483903,12022189.48503297,24607978.676853746,-70994.07992408326,16.158320500163402,1
42,15,G16,3216579.323190365,-21033860.01023313,15220639.461800426,23415697.21695562,100073.33567574847,9.89754484600787,1
42,17,G18,25177468.428614188,6397564.339341872,6310692.233752625,21878222.256757256,-76834.92522445558,4.211981394043901,1
42,24,G25,16875226.538099993,18733127.369289014,8506006.970004901,22780727.289961044,116486.92112461323,6.139003059055135,1
42,25,G26,10722667.203071658,-12110910.546219537,20762797.596646957,21231009.561886724,-117770.26464909439,3.911207078284009,1
42,27,G28,24435945.15183711,-5353850.522858435,8963618.664308546,21265546.11090719,-124094.63157686926,3.710987521943658,1
42,28,G29,12960949.883152232,8120203.5650616875,21692814.53528616,20877349.74977625,-72873.15268274231,3.442286903857636,1
42,30,G31,17943075.21210053,-10219463.155712834,16556294.801858518,20735360.270274796,-36121.898328674644,3.424098513375101,1
43,3,G04,-5942818.963562508,-15722538.576870155,20546765.92612493,24607906.23974349,19457.72258967562,16.23738661135704,1
43,4,G05,3725853.7929748995,23288680.64190536,12024889.643971974,24607765.94110968,-70994.07579198161,16.15336377536616,1
43,15,G16,3217549.6653679116,-21032067.980494525,15222894.98071911,23415220.92317414,100073.33949076157,9.894127560177958,1
43,17,G18,25176667.73976958,6397715.558698804,6313735.125380839,21877895.9840333,-76834.92119318605,4.21144590330897,1
43,24,G25,16875502.250197116,18734245.980444655,8503135.922307445,22781452.52994482,116486.91907059339,6.140197104870519,1
43,25,G26,10724197.732216915,-12108667.686801305,20763350.031423748,21230761.248917934,-117770.26528444109,3.9107891220460704,1
43,27,G28,24437072.16430647,-5353558.546977911,8960722.134136746,21266087.47808624,-124094.62870904159,3.7113412640177423,1
43,28,G29,12959270.433728639,8122395.150109509,21692980.449582454,20877810.471262626,-72873.15089845333,3.442542474390865,1
43,30,G31,17945202.53835055,-10219097.15232062,16554280.477474924,20735553.098810464,-36121.89774578656,3.4241028352476275,1
44,3,G04,-5941221.595065683,-15724597.23153003,20545632.890905015,24607954.391176313,19457.723511677075,16.236185914908035,1
44,4,G05,3724939.4268931136,23287413.62317983,12027589.544526078,24607553.265115157,-70994.07204497095,16.148410025718498,1
44,15,G16,3218520.214401561,-21030275.735968806,15225150.160719441,23414744.581928067,100073.34306924467,9.890712822571142,1
44,17,G18,25175866.681355033,6397866.795427192,6316777.8859741045,21877569.744813763,-76834.9172617655,4.210910511784316,1
44,24,G25,16875777.858114492,18735364.25466139,8500264.694676904,22782177.663831264,116486.91687113587,6.141391404615083,1
44,25,G26,10725728.410724325,-12106424.850871421,20763902.012153994,21230513.073875662,-117770.26601253134,3.9103713492811223,1
44,27,G28,24438198.829891317,-5353266.650244304,8957825.414259484,21266628.873185642,-124094.62592923353,3.711695105021988,1
44,28,G29,12957591.096667469,8124586.850175144,21693145.901476253,20878271.283769336,-72873.14919586135,3.4427981299588644,1
44,30,G31,17947329.628125686,-10218731.293734917,16552265.796670537,20735746.151825733,-36121.89724397455,3.4241072643342965,1
45,3,G04,-5939624.432208411,-15726655.867264407,20544499.418162595,24608002.70398875,19457.724511394732,16.234985397804003,1
45,4,G05,3724024.8157949336,23286146.361362617,12030289.186636798,24607340.54779852,-70994.0682242822,16.14346087076641,1
45,15,G16,3219490.970075964,-21028483.277143206,15227405.001213312,23414268.46795363,100073.34669367324,9.88729997894154,1
45,17,G18,25175065.253767572,6398018.049506522,6319820.514017974,21877243.784797713,-76834.91331052886,4.210375459823322,1
45,24,G25,16876053.36173485,18736482.191672098,8497393.287859537,22782902.885946013,116486.91470061771,6.14258641671912,1
45,25,G26,10727259.239296868,-12104182.037419274,20764453.539090272,21230264.883197997,-117770.26672183651,3.909953653268975,1
45,27,G28,24439325.149099585,-5352974.832471724,8954928.503357068,21267170.473778807,-124094.62313187808,3.7120491562072786,1
45,28,G29,12955911.872411776,8126778.664685081,21693310.89092404,20878732.242020264,-72873.1474769121,3.4430538666890587,1
45,30,G31,17949456.480358582,-10218365.580101304,16550250.760450963,20735939.35505248,-36121.89672569115,3.424111784972809,1
46,3,G04,-5938027.474632905,-15728714.484500516,20543365.50765096,24608050.973245442,19457.725445993052,16.233786584906284,1
46,4,G05,3723109.959659399,23284878.85650903,12032988.570245638,24607128.039884496,-70994.0644697089,16.13851520345787,1
46,15,G16,3220461.9328681733,-21026690.603223197,15229659.503225379,23413792.163004007,100073.35027738335,9.8838895182636,1
46,17,G18,25174263.456640024,6398169.321060633,6322863.010899836,21876917.857727673,-76834.9093760457,4.209840639237567,1
46,24,G25,16876328.76113755,18737599.79200958,8494521.70054781,22783628.176186413,116486.91250577004,6.143781893836047,1
46,25,G26,10728790.21717619,-12101939.247574473,20765004.61195895,21230016.780748636,-117770.26744652494,3.9095361018562844,1
46,27,G28,24440451.12136474,-5352683.09375369,8952031.402872402,21267712.167067528,-124094.62034928799,3.7124033825888505,1
46,28,G29,12954232.760204148,8128970.594632553,21693475.418000247,20879193.185194198,-72873.14577160351,3.443309675001709,1
46,30,G31,17951583.095502358,-10218000.011305388,16548235.368380891,20736132.71519158,-36121.896220810864,3.424116419311885,1
47,3,G04,-5936430.721981133,-15730773.083665716,20542231.159123015,24608099.332964063,19457.72640705926,16.232589841709398,1
47,4,G05,3722194.858466275,23283611.10867429,12035687.695294114,24606915.359981127,-70994.06069144812,16.133574860711843,1
47,15,G16,3221433.102561873,-21024897.71469613,15231913.666167477,23413315.92618004,100073.3538765529,9.880481219319973,1
47,17,G18,25173461.290369686,6398320.610069272,6325905.375105441,21876591.85694791,-76834.9054344483,4.209306021127447,1
47,24,G25,16876604.056205362,18738717.0554066,8491649.933487965,22784353.379873734,116486.91032120856,6.144977979306642,1
47,25,G26,10730321.34506462,-12099696.480327105,20765555.231012188,21229768.561033808,-117770.26816444169,3.9091186771462803,1
47,27,G28,24441576.746926077,-5352391.433973971,8949134.112176385,21268253.848071296,-124094.61756036921,3.712757719734195,1
47,28,G29,12952553.760888478,8131162.638920549,21693639.482622173,20879654.17024866,-72873.1440605148,3.4435656097987026,1
47,30,G31,17953709.47350352,-10217634.587319074,16546219.620505286,20736326.008880254,-36121.89570990195,3.4241211279757526,1
48,3,G04,-5934834.175036954,-15732831.663714996,20541096.37314308,24608147.72116144,19457.727705110057,16.23139570402767,1
48,4,G05,3721279.5121937417,23282343.117913876,12038386.56172376,24606702.953138765,-70994.05657922795,16.128638353254697,1
48,15,G16,3222404.4789401083,-21023104.61204967,15234167.48945178,23412839.760832157,100073.35767981708,9.87707570534589,1
48,17,G18,25172658.75458895,6398471.916656799,6328947.608022002,21876266.0527274,-76834.90140517494,4.208771666339871,1
48,24,G25,16876879.246885788,18739833.981863428,8488777.986741671,22785078.540005308,116486.90826479328,6.146174584112206,1
48,25,G26,10731852.622204358,-12097453.736806115,20766105.39597682,21229520.55295522,-117770.26880076472,3.9087014311879122,1
48,27,G28,24442702.026022494,-5352099.853016855,8946236.630639764,21268795.66197592,-124094.61469409807,3.7131122635675773,1
48,28,G29,12950874.87370685,8133354.79854335,21693803.084863856,20880115.15809516,-72873.14227759163,3.4438216144228706,1
48,30,G31,17955835.61481542,-10217269.308027213,16544203.516388416,20736519.352825556,-36121.89512743593,3.4241259721475696,1
49,3,G04,-5933237.833442547,-15734890.22507563,20539961.149464145,24608196.516995903,19457.728875957488,16.230203876731583,1
49,4,G05,3720363.9208220653,23281074.884282928,12041085.169476083,24606490.703208763,-70994.05259550556,16.12370664182633,1
49,15,G16,3223376.062480691,-21021311.29448889,15236420.974102477,23412363.56421349,100073.3614049967,9.873672409278207,1
49,17,G18,25171855.849695828,6398623.240801701,6331989.708135398,21875940.259116627,-76834.89740853767,4.2082374720411675,1
49,24,G25,16877154.333127946,18740950.57137879,8485905.8603706,22785803.786131557,116486.90616072573,6.147371698382109,1
49,25,G26,10733384.04929704,-12095211.016002312,20766655.10710457,21229272.567212913,-117770.26946729377,3.9082843253956656,1
49,27,G28,24443826.958087873,-5351808.3509761,8943338.959705753,21269337.549031854,-124094.61185655984,3.71346690133,1
49,28,G29,12949196.099503614,8135547.072402889,21693966.224643055,20880576.293919504,-72873.14052142293,3.444077740802328,1
49,30,G31,17957961.518370062,-10216904.173577107,16542187.05703661,20736712.893888514,-36121.89457130926,3.424130893615497,1
50,3,G04,-5931641.696839984,-15736948.768174931,20538825.487838853,24608245.167086147,19457.72984327524,16.229013959930963,1
50,4,G05,3719448.0843301355,23279806.407836817,12043783.518492637,24606278.365050457,-70994.0488153674,16.118778592383855,1
50,15,G16,3224347.852734779,-21019517.762929063,15238674.118994515,23411887.621111583,100073.36500544845,9.870271410716406,1
50,17,G18,25171052.57532263,6398774.582627278,6335031.676832731,21875614.58388813,-76834.89346443683,4.207703461638347,1
50,24,G25,16877429.314880136,18742066.823952235,8483033.554436428,22786529.145056017,116486.90398000558,6.148569243435885,1
50,25,G26,10734915.625584297,-12092968.319044983,20767204.364122756,21229024.75401836,-117770.27018249285,3.907867364365519,1
50,27,G28,24444951.543629117,-5351516.927667318,8940441.09805418,21269879.64325678,-124094.60906536502,3.713821674881753,1
50,28,G29,12947517.437521407,8137739.461492793,21694128.902033374,20881037.61904381,-72873.13880824883,3.4443339545495104,1
50,30,G31,17960087.184620477,-10216539.183854293,16540170.242014231,20736906.64379568,-36121.894057732046,3.424135914670239,1
51,3,G04,-5930045.766012941,-15739007.291967865,20537689.38883216,24608294.07180997,19457.730830313296,16.227826939627285,1
51,4,G05,3718532.0026969723,23278537.68863093,12046481.608714951,24606066.297161125,-70994.04501642214,16.11385452179341,1
51,15,G16,3225319.8501806115,-21017724.01657507,15240926.925151784,23411411.723240644,100073.36861723562,9.866873021822517,1
51,17,G18,25170248.93167568,6398925.9421497425,6338073.513325239,21875289.005822442,-76834.8895147497,4.207169621981896,1
51,24,G25,16877704.19209022,18743182.739583712,8480161.069000859,22787254.40681766,116486.90180749584,6.149767220058665,1
51,25,G26,10736447.351768682,-12090725.644924253,20767753.167282682,21228777.080983955,-117770.27089243884,3.9074505811641838,1
51,27,G28,24446075.782080755,-5351225.583182792,8937543.047128458,21270421.825151596,-124094.60626924323,3.714176580803385,1
51,28,G29,12945838.888603618,8139931.964716214,21694291.116953056,20881499.032954823,-72873.1370905307,3.444590263430915,1
51,30,G31,17962212.614019945,-10216174.338743554,16538153.070885308,20737100.508176275,-36121.893539440665,3.424141045594702,1
52,3,G04,-5928450.040602801,-15741065.796882007,20536552.85219679,24608343.25294524,19457.73163852543,16.22664001391864,1
52,4,G05,3717615.675902486,23277268.72672049,12049179.440084571,24605854.056724038,-70994.0413987821,16.10893512275991,1
52,15,G16,3226292.054601787,-21015930.055914506,15243179.391986566,23410935.706987426,100073.37211907477,9.863476304690861,1
52,17,G18,25169444.918962136,6399077.319383339,6341115.216824277,21874963.591928404,-76834.88561171295,4.206636065609375,1
52,24,G25,16877978.964641843,18744298.31800608,8477288.404810458,22787979.651827097,116486.89956677095,6.150965865061824,1
52,25,G26,10737979.227091877,-12088482.99476916,20768301.5163121,21228529.32474691,-117770.27164537842,3.9070338637434747,1
52,27,G28,24447199.67368143,-5350934.317407911,8934644.80629927,21270964.06623755,-124094.6035142299,3.7145316482312642,1
52,28,G29,12944160.451993197,8142124.5830665175,21694452.86947526,20881960.527276438,-72873.1354109317,3.4448466704867364,1
52,30,G31,17964337.80550111,-10215809.638391482,16536135.544656696,20737294.446824994,-36121.89305879142,3.4241462469233745,1
53,3,G04,-5926854.520251957,-15743124.283344567,20535415.87768508,24608392.39499202,19457.732587587012,16.22545479907215,1
53,4,G05,3716699.1039246903,23275999.52216104,12051877.012543043,24605642.137929365,-70994.0376419956,16.104018462539628,1
53,15,G16,3227264.4657807257,-21014135.88143535,15245431.51891146,23410459.62372537,100073.37570524753,9.860082233836343,1
53,17,G18,25168640.53681351,6399228.714452657,6344156.788716759,21874638.18473525,-76834.88167209364,4.206102797164648,1
53,24,G25,16878253.63261332,18745413.559751764,8474415.56055715,22788704.89292768,116486.89737974256,6.152164967465924,1
53,25,G26,10739511.252256442,-12086240.367569955,20768849.41146193,21228281.59307977,-117770.27236412442,3.9066173084256453,1
53,27,G28,24448323.218669705,-5350643.130226856,8931746.374937166,21271506.473728783,-124094.60072693466,3.714886956462676,1
53,28,G29,12942482.128533123,8144317.315447158,21694614.159518678,20882421.935044978,-72873.13370122404,3.445103115766582,1
53,30,G31,17966462.759517256,-10215445.082682963,16534117.662892532,20737488.521725014,-36121.89254813082,3.424151594963086,1
54,3,G04,-5925259.205743875,-15745182.750310529,20534278.465862643,24608441.650953826,19457.733723772013,16.22427263538553,1
54,4,G05,3715782.2867438677,23274730.075007774,12054574.326031934,24605430.181163017,-70994.03370142341,16.099107238600535,1
54,15,G16,3228237.084196097,-21012341.49234216,15247683.3069499,23409983.64879427,100073.37940467641,9.85669061828409,1
54,17,G18,25167835.78562835,6399380.127337724,6347198.227488877,21874312.82500669,-76834.87768346921,4.205569705687689,1
54,24,G25,16878528.19588759,18746528.464554194,8471542.536987469,22789430.26190346,116486.89526430759,6.1533646515433515,1
54,25,G26,10741043.426503936,-12083997.764455618,20769396.85246035,21228033.878164846,-117770.27303726009,3.906200914556609,1
54,27,G28,24449446.416480713,-5350352.021731483,8928847.754485803,21272048.787966054,-124094.597896309,3.7152423672626163,1
54,28,G29,12940803.917466396,8146510.162851659,21694774.987156086,20882883.40200465,-72873.13195143931,3.4453596939409237,1
54,30,G31,17968587.476014923,-10215080.671589848,16532099.425637849,20737682.744044475,-36121.89199736532,3.424157027551972,1
55,3,G04,-5923664.096720625,-15747241.19820715,20533140.616481945,24608491.233025298,19457.73487553807,16.22309215086353,1
55,4,G05,3714865.224339713,23273460.385316003,12057271.38049279,24605218.315975416,-70994.02974882846,16.09420177655851,1
55,15,G16,3229209.9096309394,-21010546.889122784,15249934.755514435,23409507.6442676,100073.38311283631,9.853300953111596,1
55,17,G18,25167030.66503825,6399531.558161537,6350239.534527478,21873987.568025008,-76834.8736906626,4.205036829052331,1
55,24,G25,16878802.654413484,18747643.032412525,8468669.33416312,22790155.757079218,116486.89315489217,6.154565014842774,1
55,25,G26,10742575.750536852,-12081755.184416566,20769943.839557882,21227786.200104777,-117770.27370630384,3.9057846253733333,1
55,27,G28,24450569.267620612,-5350060.991737591,8925948.94362463,21272591.179263484,-124094.59506188953,3.715597881542158,1
55,28,G29,12939125.819236493,8148703.12470511,21694935.3523448,20883345.03201916,-72873.13019825143,3.4456164102955547,1
55,30,G31,17970711.955446757,-10214716.404997813,16530080.83245635,20737877.06073471,-36121.89144291177,3.424162520313287,1
56,3,G04,-5922069.19320441,-15749299.626971139,20532002.32956645,24608540.764840145,19457.73601506577,16.22191262551501,1
56,4,G05,3713947.9166905563,23272190.45314123,12059968.175867185,24605006.426776316,-70994.0258102654,16.089299564581665,1
56,15,G16,3230182.9418676076,-21008752.072265342,15252185.864017928,23409031.615171023,100073.38681216193,9.849913545028638,1
56,17,G18,25166225.17544244,6399683.006902933,6353280.7083188705,21873662.49475922,-76834.86970113937,4.204504242419133,1
56,24,G25,16879077.00813903,18748757.26332661,8465795.952145794,22790881.42312751,116486.89104087667,6.155765903314631,1
56,25,G26,10744108.223596318,-12079512.628581986,20770490.372483164,21227538.65606238,-117770.27437812582,3.9053684599366822,1
56,27,G28,24451691.771524467,-5349770.040338753,8923049.943797475,21273133.755952027,-124094.59223033275,3.7159536130768265,1
56,28,G29,12937447.8342864,8150896.200433095,21695095.25504262,20883806.70112216,-72873.12844759689,3.445873181628069,1
56,30,G31,17972836.19674584,-10214352.283053242,16528061.88435561,20738071.59073641,-36121.890890847426,3.4241681335130765,1
57,3,G04,-5920474.494837718,-15751358.037029697,20530863.60486811,24608590.51610893,19457.73742451963,16.22073566865793,1
57,4,G05,3713030.3637755304,23270920.27853886,12062664.71209669,24604794.738045312,-70994.02160508669,16.084401213859195,1
57,15,G16,3231156.1813846976,-21006957.04097416,15254436.633483348,23408555.692730173,100073.39067437012,9.846528833150892,1
57,17,G18,25165419.31647175,6399834.473686655,6356321.750249756,21873337.47398369,-76834.86564135748,4.203971903610622,1
57,24,G25,16879351.257012025,18749871.1572965,8462922.390997205,22791607.11821296,116486.88902989792,6.156967305708518,1
57,25,G26,10745640.846385298,-12077270.095942006,20771036.451486293,21227291.237103146,-117770.27498452793,3.904952468685435,1
57,27,G28,24452813.928698458,-5349479.167349314,8920150.753683627,21273676.554886542,-124094.58933664486,3.71630953798555,1
57,28,G29,12935769.961858792,8153089.39102996,21695254.695321668,20884268.418248158,-72873.1266392604,3.4461300283530263,1
57,30,G31,17974960.20036539,-10213988.305640876,16526042.580899455,20738266.189980574,-36121.890281326436,3.4241738757510496,1
58,3,G04,-5918880.0024036635,-15753416.427337743,20529724.442953426,24608640.132801637,19457.73823470549,16.219558974826167,1
58,4,G05,3712112.5655752113,23269649.86156409,12065360.989122877,24604582.86727364,-70994.01799697586,16.079506538363283,1
58,15,G16,3232129.6279646037,-21005161.79573731,15256687.063323507,23408079.76526366,100073.39417164346,9.843145745052713,1
58,17,G18,25164613.0885262,6399985.958489746,6359362.6588065885,21873012.515191335,-76834.8617370339,4.203439756027135,1
58,24,G25,16879625.400916874,18750984.714055147,8460048.651464203,22792332.669229414,116486.88679131756,6.158169181871505,1
58,25,G26,10747173.61814393,-12075027.587626508,20771582.076296363,21227043.70813774,-117770.27573511569,3.904536555711039,1
58,27,G28,24453935.738577753,-5349188.372864092,8917251.374727104,21274219.37224849,-124094.58658032578,3.7166655778026407,1
58,28,G29,12934092.202797834,8155282.695396517,21695413.673101783,20884730.24817236,-72873.12495835077,3.446386968489397,1
58,30,G31,17977083.966757078,-10213624.472647944,16524022.92165136,20738460.923242413,-36121.88979817569,3.4241796838973917,1
59,3,G04,-5917285.715544301,-15755474.79832264,20528584.84357446,24608689.97397394,19457.73932021416,16.218385138059116,1
59,4,G05,3711194.522067844,23268379.202272464,12068057.006887335,24604371.329870924,-70994.01411686752,16.074616000225216,1
59,15,G16,3233103.281390158,-21003366.33704301,15258937.15295155,23407603.92323342,100073.39783522916,9.839765366211358,1
59,17,G18,25163806.491235983,6400137.461438334,6362403.4353759475,21872687.664729927,-76834.85776096194,4.202907835583695,1
59,24,G25,16879899.439931117,18752097.93413447,8457174.732238213,22793058.36375646,116486.88465790462,6.159371573900214,1
59,25,G26,10748706.539210485,-12072785.103159674,20772127.24703314,21226796.39695105,-117770.27641892966,3.9041208218974113,1
59,27,G28,24455057.201401126,-5348897.656765474,8914351.806298342,21274762.410739597,-124094.58376056253,3.717021791620365,1
59,28,G29,12932414.556345578,8157476.114528333,21695572.188454673,20885192.174142566,-72873.12321857734,3.446643995563812,1
59,30,G31,17979207.494855568,-10213260.78421838,16522002.907619458,20738655.811741382,-36121.889256370676,3.4241856149547454,1
60,3,G04,-5915691.6339021595,-15757533.15041161,20527444.80648288,24608739.841949783,19457.74022255781,16.217212764771592,1
60,4,G05,3710276.2332337475,23267108.300719243,12070752.765331643,24604159.81312927,-70994.0104211042,16.06973034685627,1
60,15,G16,3234077.1421402087,-21001570.664095286,15261186.903389972,23407127.932108514,100073.40138690341,9.836386918241457,1
60,17,G18,25162999.52480881,6400288.982546545,6365444.079169354,21872362.865083553,-76834.85383223358,4.202376110071603,1
60,24,G25,16880173.373938642,18753210.817267776,8454300.63406605,22793784.019195016,116486.88245505001,6.1605745451382505,1
60,25,G26,10750239.609921956,-12070542.642066933,20772671.963815935,21226549.133228954,-117770.27714654079,3.9037051955930377,1
60,27,G28,24456178.31740637,-5348607.018939196,8911452.047767581,21275305.484968748,-124094.58098260884,3.717378111639224,1
60,28,G29,12930737.02334568,8159669.647326711,21695730.241300642,20885654.186107438,-72873.12151766165,3.4469011434079713,1
60,30,G31,17981330.78511315,-10212897.24023844,16519982.538367296,20738850.701915573,-36121.888752890154,3.4241916133517902,1
61,3,G04,-5914097.758259911,-15759591.482559633,20526304.332245834,24608789.575907953,19457.741201240067,16.216043280342475,1
61,4,G05,3709357.6990508917,23265837.15696004,12073448.264397403,24603948.343852207,-70994.00664905967,16.064847023119956,1
61,15,G16,3235051.2099967105,-20999774.777382422,15263436.314051842,23406651.800265055,100073.40498390666,9.83301141062925,1
61,17,G18,25162192.189452257,6400440.521830521,6368484.58939848,21872037.881721288,-76834.84988329768,4.201844591940915,1
61,24,G25,16880447.202886775,18754323.363455616,8451426.35700945,22794509.45127078,116486.88028205634,6.161777831963159,1
61,25,G26,10751772.829519292,-12068300.205477217,20773216.226374548,21226301.7851874,-117770.27785530867,3.903289776315313,1
61,27,G28,24457299.08602967,-5348316.459477634,8908552.100579143,21275848.500006758,-124094.5781868347,3.717734636344913,1
61,28,G29,12929059.603040766,8161863.294786543,21695887.83171097,20886115.96689183,-72873.11980009737,3.4471583339228564,1
61,30,G31,17983453.83747628,-10212533.840680132,16517961.81393996,20739045.611075602,-36121.88823279542,3.424197766866953,1
62,3,G04,-5912504.088259682,-15761649.795194076,20525163.42061509,24608839.33387762,19457.742357520227,16.214876401014344,1
62,4,G05,3708438.9194993232,23264565.77105016,12076143.504026197,24603736.79807339,-70994.00270242608,16.05996798765249,1
62,15,G16,3236025.484742578,-20997978.677392762,15265685.384350587,23406175.663954336,100073.4086878063,9.82963844968244,1
62,17,G18,25161384.484796565,6400592.079414196,6371524.967449707,21871712.876022745,-76834.84588799471,4.201313290923687,1
62,24,G25,16880720.92672411,18755435.572697476,8448551.901130097,22795234.820804972,116486.87817711357,6.162981645048033,1
62,25,G26,10753306.198705751,-12066057.792380664,20773760.03495803,21226054.39191489,-117770.27852086966,3.902874522202599,1
62,27,G28,24458419.507776357,-5348025.978195663,8905651.96341188,21276391.444127087,-124094.57535000824,3.718091319147074,1
62,28,G29,12927382.296273783,8164057.0558099,21696044.95960643,20886577.675083313,-72873.1180444661,3.4474156191210534,1
62,30,G31,17985576.65239768,-10212170.585428607,16515940.73390063,20739240.54313032,-36121.88767469601,3.424204031497757,1
63,3,G04,-5910910.623544248,-15763708.08874206,20524022.07134205,24608889.24205876,19457.743146652745,16.21371095563499,1
63,4,G05,3707519.894559174,23263294.143044904,12078838.484159654,24603525.47174851,-70993.99912172448,16.055093220035747,1
63,15,G16,3236999.9668566016,-20996182.363330103,15267934.11530823,23405699.552213527,100073.41216835083,9.826267408762027,1
63,17,G18,25160576.41124247,6400743.655275513,6374565.2118098205,21871388.002108246,-76834.84198766689,4.20078215375653,1
63,24,G25,16880994.545399778,18756547.444992274,8445677.26648974,22795960.242829416,116486.87593283298,6.164185944853875,1
63,25,G26,10754839.71672136,-12063815.403906817,20774303.389296617,21225807.089104302,-117770.27927451927,3.9024593809320067,1
63,27,G28,24459539.582082655,-5347735.575187065,8902751.637710271,21276934.51612261,-124094.57259719532,3.7184480978350036,1
63,28,G29,12925705.102288565,8166250.931390015,21696201.62505787,20887039.60272874,-72873.11636682042,3.4476730164575606,1
63,30,G31,17987699.228810884,-10211807.474630341,16513919.299258122,20739435.723117728,-36121.887193791306,3.424210365849922,1
64,3,G04,-5909317.364895396,-15765766.362158826,20522880.28499449,24608939.519905318,19457.744190071626,16.21254767613936,1
64,4,G05,3706600.624209059,23262022.272999827,12081533.204739362,24603314.188979372,-70993.99529109956,16.050222989422185,1
64,15,G16,3237974.6561216195,-20994385.83568273,15270182.506338123,23405223.56108862,100073.41580213381,9.822898802499372,1
64,17,G18,25159767.968419615,6400895.24953952,6377605.323865105,21871063.224239744,-76834.83802125047,4.200251273293171,1
64,24,G25,16881268.058861256,18757658.98034052,8442802.453150064,22796685.7882618,116486.8737855386,6.165390847933364,1
64,25,G26,10756373.38427008,-12061573.03904535,20774846.289638963,21225559.84325123,-117770.27996657338,3.9020443871787704,1
64,27,G28,24460659.309186798,-5347445.250335227,8899851.122844545,21277477.755081818,-124094.56978585095,3.7188050534814194,1
64,28,G29,12924028.021927197,8168444.920430005,21696357.827986527,20887501.61916087,-72873.11463487819,3.447930507696454,1
64,30,G31,17989821.567169152,-10211444.508169612,16511897.509575715,20739631.028746706,-36121.88665876189,3.424216808933595,1
65,3,G04,-5907724.311955778,-15767824.615871524,20521738.06132393,24608989.898265127,19457.74497064109,16.21138545361719,1
65,4,G05,3705681.1084290566,23260750.160970233,12084227.665706944,24603103.156934965,-70993.991723191,16.045356923216637,1
65,15,G16,3238949.552319385,-20992589.094939314,15272430.55685394,23404747.68387874,100073.41927570244,9.81953210953118,1
65,17,G18,25158959.1567291,6401046.862184161,6380645.302102469,21870738.615010146,-76834.83412291872,4.199720604204455,1
65,24,G25,16881541.46699251,18758770.178476322,8439927.461858308,22797411.429181777,116486.87153830701,6.166596287058322,1
65,25,G26,10757907.200591799,-12059330.698925748,20775388.735715747,21225312.682834417,-117770.28072167381,3.9016294976030217,1
65,27,G28,24461778.68932617,-5347155.003526146,8896950.418184742,21278021.196742754,-124094.56703474649,3.7191621407011937,1
65,28,G29,12922351.054433556,8170639.023923274,21696513.568462837,20887963.85895579,-72873.1129588201,3.4481880984973223,1
65,30,G31,17991943.667418268,-10211081.686019631,16509875.364898494,20739826.590126075,-36121.88617899108,3.424223330555369,1
66,3,G04,-5906131.464747978,-15769882.849816592,20520595.400353946,24609040.253171843,19457.745805153783,16.21022610694288,1
66,4,G05,3704761.3471976914,23259477.80701174,12086921.867004024,24602891.926097676,-70993.9881018846,16.040493966176467,1
66,15,G16,3239924.655929063,-20990792.140303336,15274678.26787725,23404271.61625208,100073.42278117975,9.816168168433371,1
66,17,G18,25158149.975800294,6401198.493334263,6383685.147908061,21870414.071114164,-76834.83021016335,4.199190125112228,1
66,24,G25,16881814.76987128,18759881.039930116,8437052.291305255,22798137.03324689,116486.86931236048,6.167802104371872,1
66,25,G26,10759441.166389953,-12057088.382538242,20775930.727775212,21225065.72623615,-117770.28146330621,3.9012147996949755,1
66,27,G28,24462897.721937943,-5346864.834851565,8894049.525175672,21278564.61997626,-124094.56427091354,3.7195193984667125,1
66,28,G29,12920674.200649872,8172833.240772353,21696668.84640849,20888426.008847184,-72873.11127090767,3.4484457577276206,1
66,30,G31,17994065.530010764,-10210719.00806568,16507852.86478934,20740022.19673641,-36121.88568730886,3.4242299851590245,1
67,3,G04,-5904538.822914143,-15771941.064421417,20519452.30183554,24609090.63711572,19457.746601213767,16.20906738699711,1
67,4,G05,3703841.3407143084,23258205.211483106,12089615.807929965,24602680.87674265,-70993.98452137559,16.035635085532736,1
67,15,G16,3240899.966733354,-20988994.97226326,15276925.638821673,23403795.607816562,100073.42626217083,9.812806191824217,1
67,17,G18,25157340.42603458,6401350.142968157,6386724.859768962,21870089.734945573,-76834.826307545,4.1986599351173925,1
67,24,G25,16882087.967381414,18760991.564436052,8434176.94223809,22798862.609950066,116486.86707155163,6.169008542941213,1
67,25,G26,10760975.28090504,-12054846.091011623,20776472.2655485,21224818.831062652,-117770.28221405402,3.9008001980921936,1
67,27,G28,24464016.407526456,-5346574.74412752,8891148.442495707,21279108.242002647,-124094.56151601796,3.7198768470885524,1
67,28,G29,12918997.459819674,8175027.571971447,21696823.661893494,20888888.268744756,-72873.10959121956,3.448703497082558,1
67,30,G31,17996187.153881267,-10210356.474452807,16505830.010257766,20740217.887107786,-36121.8852035943,3.4242367352191585,1
68,3,G04,-5902946.387236234,-15773999.258641021,20518308.766337372,24609141.32092414,19457.747487286648,16.207910407755833,1
68,4,G05,3702921.088519753,23256932.373832975,12092309.489710972,24602469.93180973,-70993.98085432664,16.030781091351038,1
68,15,G16,3241875.4845141927,-20987197.59130787,15279172.669101138,23403319.699894298,100073.42979685181,9.809446363787428,1
68,17,G18,25156530.50706112,6401501.811210258,6389764.439071173,21869765.445124764,-76834.82238147534,4.198129983750148,1
68,24,G25,16882361.059470966,18762101.751994163,8431301.414718535,22799588.2877249,116486.86486513092,6.17021561108512,1
68,25,G26,10762509.544840531,-12052603.823336208,20777013.349283434,21224571.89903429,-117770.28294280412,3.9003857191103966,1
68,27,G28,24465134.745529253,-5346284.731445572,8888247.17158986,21279651.987995382,-124094.55874030286,3.7202344420249918,1
68,28,G29,12917320.83238571,8177222.016945611,21696978.01487676,20889350.644790974,-72873.1078922563,3.4489613466157985,1
68,30,G31,17998308.539482314,-10209994.085066346,16503806.800866744,20740413.71317206,-36121.884700494295,3.4242435717065565,1
69,3,G04,-5901354.157356725,-15776057.43290269,20517164.79361055,24609192.037120167,19457.748428316212,16.206754770710432,1
69,4,G05,3702000.5908129816,23255659.294420157,12095002.91164636,24602259.182877656,-70993.97713584211,16.025932026446604,1
69,15,G16,3242851.20975139,-20985399.99664028,15281419.359736767,23402843.689783555,100073.43336388083,9.806088554672858,1
69,17,G18,25155720.21928148,6401653.498039591,6392803.884301903,21869441.29323047,-76834.81844114722,4.197600286282888,1
69,24,G25,16882634.046088394,18763211.60260408,8428425.708808344,22800314.195004996,116486.86267961562,6.1714233373657,1
69,25,G26,10764043.957436679,-12050361.58064082,20777553.978711598,21224325.045741316,-117770.28365805789,3.899971347770971,1
69,27,G28,24466252.7361839,-5345994.796690675,8885345.71182812,21280195.803788986,-124094.55595188974,3.720592188234852,1
69,28,G29,12915644.31879069,8179416.575119628,21697131.905317638,20889813.100130983,-72873.10618154274,3.449219305540454,1
69,30,G31,18000429.687266037,-10209631.839792045,16501783.236178894,20740609.72518585,-36121.884185477866,3.4242504898566333,1
70,3,G04,-5899762.132918522,-15778115.587633519,20516020.38340582,24609242.848803785,19457.74982663197,16.205602223461344,1
70,4,G05,3701079.847572995,23254385.973300196,12097696.073677776,24602048.60202608,-70993.97296701118,16.021088222847784,1
70,15,G16,3243827.1422268297,-20983602.188749272,15283665.710142436,23402367.758966602,100073.43720694126,9.802733366789703,1
70,17,G18,25154909.56232433,6401805.203581198,6395843.196847052,21869117.15808839,-76834.81438194957,4.197070823708679,1
70,24,G25,16882906.927181277,18764321.116266303,8425549.824569227,22801040.24300365,116486.86066885848,6.172631705888405,1
70,25,G26,10765578.519031376,-12048119.362450209,20778094.153951682,21224078.27900142,-117770.28426272068,3.8995571468752135,1
70,27,G28,24467370.379727956,-5345704.939746507,8882444.06258032,21280739.68212417,-124094.55305805262,3.7209500898700503,1
70,28,G29,12913967.918277722,8181611.2474886915,21697285.333285492,20890275.5722232,-72873.10437312226,3.449477380752954,1
70,30,G31,18002550.596167836,-10209269.738773987,16499759.317204287,20740805.76511999,-36121.883573242594,3.4242575141354314,1
71,3,G04,-5898170.314703429,-15780173.721788488,20514875.5362925,24609293.96984486,19457.750848099517,16.20445120841334,1
71,4,G05,3700158.858779426,23253112.41052853,12100388.975746872,24601838.098793067,-70993.96917171121,16.01624711694906,1
71,15,G16,3244803.2817214252,-20981804.168123867,15285911.719732346,23401891.964959357,100073.44082093738,9.799380405837546,1
71,17,G18,25154098.53659214,6401956.927812087,6398882.375193939,21868793.218947154,-76834.8104202011,4.196541539419602,1
71,24,G25,16883179.702698845,18765430.292979814,8422673.762062943,22801766.10281916,116486.8585150022,6.173840425016502,1
71,25,G26,10767113.22996126,-12045877.1682904,20778633.875121936,21223831.61724203,-117770.28495780317,3.8991430885310536,1
71,27,G28,24468487.67559879,-5345415.160707727,8879542.225291736,21281283.74585047,-124094.55025059785,3.721308141480443,1
71,28,G29,12912291.631689942,8183806.032953139,21697438.298703194,20890738.22021361,-72873.1026447533,3.4497355219939174,1
71,30,G31,18004671.26663883,-10208907.781899862,16497735.043505626,20741002.021157626,-36121.883040320005,3.4242646473416083,1
72,3,G04,-5896578.702353949,-15782231.835794874,20513730.252021406,24609345.02778595,19457.75188163313,16.20330228468618,1
72,4,G05,3699237.624411762,23251838.60616066,12103081.617795292,24601627.525759187,-70993.96536602199,16.01141000924503,1
72,15,G16,3245779.6287155403,-20980005.933966897,15288157.38952716,23401416.437870644,100073.44444135993,9.796029789499249,1
72,17,G18,25153287.141713336,6402108.6708570225,6401921.420728336,21868469.43392624,-76834.80645508839,4.1960124677979955,1
72,24,G25,16883452.372524105,18766539.132480405,8419797.522037016,22802492.235137265,116486.85636615846,6.175049653803452,1
72,25,G26,10768648.08946682,-12043634.999289721,20779173.14195463,21223585.102902085,-117770.28564960841,3.8987291782372395,1
72,27,G28,24469604.624034047,-5345125.459458009,8876640.199332241,21281827.95978824,-124094.54744013416,3.721666346909422,1
72,28,G29,12910615.458270594,8186000.932508171,21697590.801639676,20891201.026233196,-72873.1009135914,3.4499937545005572,1
72,30,G31,18006791.69862598,-10208545.96914083,16495710.415128093,20741198.578735024,-36121.882504430105,3.4242718848582006,1
73,3,G04,-5894987.295512509,-15784289.930079997,20512584.530342992,24609396.41686237,19457.753424170933,16.20215550345871,1
73,4,G05,3698316.144449465,23250564.56025206,12105773.999764696,24601417.15989429,-70993.96106034979,16.00657849994977,1
73,15,G16,3246756.182991725,-20978207.48676715,15290402.718941005,23400940.833721768,100073.44836857363,9.79268152536568,1
73,17,G18,25152475.37789637,6402260.432732244,6404960.3326622415,21868145.655047804,-76834.80235802563,4.195483693780754,1
73,24,G25,16883724.936734926,18767647.635297097,8416921.103181675,22803218.546145603,116486.85441150525,6.1762596468955895,1
73,25,G26,10770183.098252492,-12041392.854437953,20779711.95469656,21223338.553940903,-117770.28621854242,3.898315401100091,1
73,27,G28,24470721.225271095,-5344835.835880962,8873737.984071556,21282372.246877324,-124094.54451252695,3.722024735423028,1
73,28,G29,12908939.398861423,8188195.945055962,21697742.842018258,20891663.81326694,-72873.09907383262,3.450252101452836,1
73,30,G31,18008911.892581902,-10208184.300381558,16493685.431634014,20741395.15306463,-36121.88186052877,3.4242792205911763,1
74,3,G04,-5893396.0949606905,-15786348.00359881,20511438.371827226,24609447.97904495,19457.754515523466,16.201009213300512,1
74,4,G05,3697394.418872158,23249290.272858232,12108466.121596746,24601206.97718688,-70993.95720221133,16.00174955326569,1
74,15,G16,3247732.944330372,-20976408.82701391,15292647.707388368,23400465.094996814,100073.45202165887,9.789335212087765,1
74,17,G18,25151663.245350946,6402412.213450637,6407999.1102077495,21867822.06602774,-76834.79837793834,4.194955145034298,1
74,24,G25,16883997.395215686,18768755.801164366,8414044.506244408,22803944.74826458,116486.8522849196,6.177470048774151,1
74,25,G26,10771718.255556727,-12039150.734865062,20780250.31308045,21223092.097116873,-117770.28689594605,3.8979017317366322,1
74,27,G28,24471837.478747744,-5344546.2900714865,8870835.580955243,21282916.721032742,-124094.5416886517,3.722383299554083,1
74,28,G29,12907263.452707035,8190391.071589838,21697894.419907477,20892126.70974845,-72873.09733016016,3.4505105038380783,1
74,30,G31,18011031.8474408,-10207822.775768831,16491660.094034117,20741591.94684818,-36121.881311848585,3.4242866604764037,1
75,3,G04,-5891805.100341194,-15788406.05677851,20510291.77622466,24609499.430104543,19457.75560058423,16.1998645769088,1
75,4,G05,3696472.4476596136,23248015.74403463,12111157.98323312,24600996.84808654,-70993.95335268775,15.996925138789559,1
75,15,G16,3248709.9132122565,-20974609.95390966,15294892.355889427,23399989.590802785,100073.45567003767,9.785991013979455,1
75,17,G18,25150850.743704915,6402564.013137284,6411037.754750459,21867498.607116494,-76834.79439935656,4.194426822151317,1
75,24,G25,16884269.74791427,18769863.630082477,8411167.731286975,22804671.097803,116486.8501561353,6.17868103903579,1
75,25,G26,10773253.562083904,-12036908.639561007,20780788.217352692,21222845.749182202,-117770.28757455053,3.8974881853070893,1
75,27,G28,24472953.384967558,-5344256.821843859,8867932.988660969,21283461.377228834,-124094.53886605221,3.722742007637266,1
75,28,G29,12905587.620649153,8192586.311011667,21698045.535231102,20892589.77989453,-72873.09558769732,3.4507690110076,1
75,30,G31,18013151.56365532,-10207461.395187361,16489634.401890852,20741788.894752048,-36121.880764137546,3.424294188033118,1
76,3,G04,-5890214.311676312,-15790464.089555563,20509144.743558962,24609551.522773743,19457.7570927261,16.198723339079205,1
76,4,G05,3695550.2307910463,23246740.97383681,12113849.584615478,24600786.928947218,-70993.94910274447,15.992105896155303,1
76,15,G16,3249687.089419079,-20972810.86794347,15297136.663858589,23399513.950915862,100073.45956374706,9.782649476861286,1
76,17,G18,25150037.873360794,6402715.831772665,6414076.264778033,21867175.255977795,-76834.79031484411,4.193898704585499,1
76,24,G25,16884541.994778298,18770971.122051943,8408290.778371131,22805397.5020653,116486.8481834142,6.1798926303012855,1
76,25,G26,10774789.017074121,-12034666.569654094,20781325.66724645,21222599.545874935,-117770.28815461694,3.8970748195780653,1
76,27,G28,24474068.94336961,-5343967.431288825,8865030.208634537,21284006.042917844,-124094.53594936876,3.7231008537816006,1
76,28,G29,12903911.901931167,8194781.664316907,21698196.18805724,20893052.876844145,-72873.09375807711,3.4510276388990744,1
76,30,G31,18015271.041172445,-10207100.158608267,16487608.35524938,20741985.900171835,-36121.88012971549,3.424301820490405,1
77,3,G04,-5888623.7286091745,-15792522.10235707,20507997.273580205,24609603.318928845,19457.75805077406,16.1975822471271,1
77,4,G05,3694627.7682460737,23245465.962320283,12116540.925685504,24600576.826092005,-70993.9453816856,15.987288698757645,1
77,15,G16,3250664.4727313933,-20971011.569604747,15299380.630710615,23399038.293159917,100073.46313336583,9.779309850612707,1
77,17,G18,25149224.63394721,6402867.669477579,6417114.641675921,21866851.970172714,-76834.78636883709,4.19337082128001,1
77,24,G25,16884814.13575738,18772078.277071517,8405413.647558646,22806123.757791348,116486.84600689879,6.181104596588761,1
77,25,G26,10776324.621230066,-12032424.524135923,20781862.663007714,21222353.323023427,-117770.28886315187,3.8966615566082874,1
77,27,G28,24475184.154190253,-5343678.118294424,8862127.240245571,21284550.853234258,-124094.53315561872,3.723459891354307,1
77,28,G29,12902236.297395872,8196977.13040545,21698346.37831013,20893516.002830923,-72873.09204229918,3.4512863071659696,1
77,30,G31,18017390.28044263,-10206739.06591985,16485581.953671735,20742183.046868585,-36121.87960813488,3.4243095634958944,1
78,3,G04,-5887033.351920836,-15794580.094138019,20506849.366859205,24609655.52998032,19457.75903880726,16.19644493111624,1
78,4,G05,3693705.0600041626,23244190.7095406,12119232.00638489,24600366.88517481,-70993.94163089544,15.982475239773105,1
78,15,G16,3251642.063629753,-20969212.05809578,15301624.257465212,23398562.634845566,100073.46672068634,9.775973013242476,1
78,17,G18,25148411.025866766,6403019.526233472,6420152.88393195,21866528.69386055,-76834.78241433806,4.19284305701576,1
78,24,G25,16885086.170733865,18773185.0948783,8402536.339597296,22806850.01910146,116486.84384295373,6.182316918608699,1
78,25,G26,10777860.37379177,-12030182.504134672,20782399.2043701,21222107.30175683,-117770.28956382637,3.8962485032028225,1
78,27,G28,24476299.01766669,-5343388.882743369,8859224.082863592,21285095.761271894,-124094.5303543522,3.7238190393116635,1
78,28,G29,12900560.80628668,8199172.710272935,21698496.106057454,20893979.22318848,-72873.09031961329,3.451545076273832,1
78,30,G31,18019509.280402582,-10206378.117264934,16483555.198169373,20742380.3510361,-36121.87907950687,3.424317422562954,1
79,3,G04,-5885443.181253745,-15796638.065325767,20505701.02314616,24609707.62990881,19457.75985998028,16.195308781770482,1
79,4,G05,3692782.1060451316,23242915.215553254,12121922.826655323,24600157.114013337,-70993.93804670671,15.977665396055436,1
79,15,G16,3252619.861895904,-20967412.333905753,15303867.543537056,23398086.975972805,100073.47020623385,9.772638244283879,1
79,17,G18,25147597.048747327,6403171.402162964,6423190.992931459,21866205.500192616,-76834.77850302243,4.1923155247210975,1
79,24,G25,16885358.099786587,18774291.575999267,8399658.853176834,22807576.146952312,116486.84161540207,6.183529755122657,1
79,25,G26,10779396.275096988,-12027940.50917545,20782935.291451406,21221861.27378935,-117770.29030442015,3.8958355682241295,1
79,27,G28,24477413.533238076,-5343099.724728503,8856320.737934634,21285640.74581128,-124094.52759141705,3.7241783522375553,1
79,28,G29,12898885.4294456,8201368.402820141,21698645.37122391,20894442.480959296,-72873.08863242537,3.451803925721455,1
79,30,G31,18021628.04150392,-10206017.312529847,16481528.08830441,20742577.73114696,-36121.87858590361,3.424325380012086,1
80,3,G04,-5883853.216630002,-15798696.015856763,20504552.24246478,24609759.882840812,19457.76061031778,16.194173519083122,1
80,4,G05,3691858.9063490527,23241639.48041368,12124613.3864385,24599947.45397485,-70993.93453582058,15.972860662272284,1
80,15,G16,3253597.8673114697,-20965612.39752405,15306110.488341166,23397611.26572661,100073.47364815601,9.769305242098014,1
80,17,G18,25146782.70299247,6403323.297245237,6426228.967162368,21865882.50922641,-76834.77461011059,4.191788239951382,1
80,24,G25,16885629.922799118,18775397.720170327,8396781.189045032,22808302.440091625,116486.8393605872,6.18474327931422,1
80,25,G26,10780932.32548391,-12025698.538783105,20783470.92436901,21221615.291052837,-117770.29106184708,3.8954227180951624,1
80,27,G28,24478527.701406915,-5342810.644065357,8853417.204135953,21286185.79289225,-124094.52484476275,3.7245377993384166,1
80,28,G29,12897210.166116605,8203564.209042107,21698794.173876766,20894905.882799115,-72873.0869603805,3.452062894604774,1
80,30,G31,18023746.563693397,-10205656.651686164,16479500.624122055,20742775.29776575,-36121.878107037955,3.424333402915357,1
81,3,G04,-5882263.4576930795,-15800753.946158044,20503403.024564724,24609812.335124098,19457.76135787329,16.193040888461212,1
81,4,G05,3690935.460894882,23240363.504177563,12127303.685676115,24599737.782209814,-70993.93102847197,15.968059730234792,1
81,15,G16,3254576.080356532,-20963812.248152804,15308353.092896795,23397135.69173171,100073.47708776811,9.76597471584856,1
81,17,G18,25145967.98822923,6403475.211604743,6429266.808009917,21865559.47917172,-76834.7707175096,4.191261133398413,1
81,24,G25,16885901.63971923,18776503.527391944,8393903.347263657,22809028.85719729,116486.83710531605,6.185957253571332,1
81,25,G26,10782468.524191603,-12023456.59408643,20784006.102857236,21221369.41720568,-117770.29181947843,3.8950100365929536,1
81,27,G28,24479641.52161298,-5342521.640845446,8850513.482913777,21286731.06221919,-124094.5220984052,3.7248973856862175,1
81,28,G29,12895535.017141262,8205760.127839954,21698942.51394118,20895369.41474776,-72873.08528862408,3.452321956443652,1
81,30,G31,18025864.84691751,-10205296.134705959,16477472.805667514,20742973.01180398,-36121.87762825784,3.424341534589587,1
82,3,G04,-5880673.9052231265,-15802811.85518478,20502253.370017726,24609864.775122434,19457.762055553452,16.191910129589015,1
82,4,G05,3690011.7696625357,23239087.28690038,12129993.724309886,24599528.079732396,-70993.92757206327,15.963262981267082,1
82,15,G16,3255554.500812611,-20962011.886281352,15310595.356618883,23396660.165201403,100073.48049655138,9.762646378714518,1
82,17,G18,25145152.904861692,6403627.145220222,6432304.513962151,21865236.498815246,-76834.76683761454,4.190734234092476,1
82,24,G25,16886173.250495546,18777608.997663822,8391025.327894483,22809755.274861354,116486.83483125234,6.187171762143603,1
82,25,G26,10784004.871924285,-12021214.674075928,20784540.82716099,21221123.569045246,-117770.2925887572,3.894597489858464,1
82,27,G28,24480754.994092908,-5342232.714953921,8847609.57363758,21287276.382919572,-124094.51936333098,3.7252571129137855,1
82,28,G29,12893859.981763706,8207956.160208685,21699090.39148399,20895833.007004354,-72873.08362734488,3.4525811181273847,1
82,30,G31,18027982.8916277,-10204935.761475382,16475444.632502448,20743170.812953696,-36121.87715964202,3.4243497596568475,1
83,3,G04,-5879084.558862839,-15804869.743364243,20501103.278573565,24609917.45188532,19457.763155837158,16.19078136694195,1
83,4,G05,3689087.832631265,23237810.828637764,12132683.502281515,24599318.716208007,-70993.92372106138,15.958471101379622,1
83,15,G16,3256533.1284611323,-20960211.312399287,15312837.278922716,23396184.803959556,100073.48414716974,9.759320405498386,1
83,17,G18,25144337.452516504,6403779.098216389,6435342.086404186,21864913.706083514,-76834.76285339455,4.1902076257947805,1
83,24,G25,16886444.755075876,18778714.130986415,8388147.130999292,22810481.868982024,116486.83271119218,6.188386967101962,1
83,25,G26,10785541.3679217,-12018972.779879613,20785075.097015075,21220877.74098746,-117770.29326082961,3.894185080679916,1
83,27,G28,24481868.119083293,-5341943.866274792,8844705.475676645,21287821.79073144,-124094.51653546901,3.725617034998946,1
83,28,G29,12892185.060825028,8210152.305049876,21699237.80643082,20896296.664036155,-72873.08188002746,3.4528403776246233,1
83,30,G31,18030100.69676116,-10204575.532137204,16473416.105639175,20743368.829090096,-36121.876605488855,3.4243580927116044,1
84,3,G04,-5877495.418634844,-15806927.610632718,20499952.75025599,24609970.005798675,19457.764084026916,16.1896543751969,1
84,4,G05,3688163.6500014286,23236534.12974964,12135373.018891526,24599109.323088054,-70993.92004121687,15.953682887688778,1
84,15,G16,3257511.9637823966,-20958410.525708415,15315078.860827083,23395709.498000003,100073.48769316099,9.75599661623711,1
84,17,G18,25143521.631598327,6403931.070571117,6438379.523824229,21864590.92619514,-76834.75891352336,4.1896812106630135,1
84,24,G25,16886716.153344482,18779818.927095797,8385268.757326135,22811208.58316019,116486.83052571287,6.1896026416152115,1
84,25,G26,10787078.012887305,-12016730.910488822,20785608.912663992,21220632.022935852,-117770.2939739737,3.8937728088808017,1
84,27,G28,24482980.896024067,-5341655.094901064,8841801.190477494,21288367.3738831,-124094.51374701587,3.725977098201629,1
84,28,G29,12890510.253569974,8212348.563357781,21699384.75884809,20896760.432749353,-72873.08016924204,3.4530997266842878,1
84,30,G31,18032218.26276871,-10204215.446578778,16471387.224639423,20743566.995996375,-36121.876087365534,3.4243665234595753,1
85,3,G04,-5875906.484182211,-15808985.45741734,20498801.78481432,24610022.857901353,19457.765192043113,16.18852935413969,1
85,4,G05,3687239.221311346,23235257.18968291,12138062.275364105,24598900.20023707,-70993.91618534329,15.948898119788732,1
85,15,G16,3258491.006324207,-20956609.527127713,15317320.101212883,23395234.280268747,100073.49134643398,9.752675318655502,1
85,17,G18,25142705.441733535,6404083.06240892,6441416.827607235,21864268.35124213,-76834.75492696652,4.189155059137235,1
85,24,G25,16886987.445378594,18780923.386519242,8382390.205564304,22811935.33195959,116486.82840934992,6.190818840641137,1
85,25,G26,10788614.806060458,-12014489.067031726,20786142.27384298,21220386.432759438,-117770.29464352923,3.8933606932633147,1
85,27,G28,24484093.325151842,-5341366.400717102,8838896.717409438,21288913.135166578,-124094.51091702943,3.7263373705113785,1
85,28,G29,12888835.560839577,8214544.934033745,21699531.248661876,20897224.266796164,-72873.07841986626,3.453359140998626,1
85,30,G31,18034335.58959725,-10203855.504771441,16469357.989548454,20743765.365045976,-36121.87553084021,3.424375083178606,1
86,3,G04,-5874317.756284878,-15811043.282673279,20497650.382821117,24610075.90488806,19457.76618157357,16.187405942228082,1
86,4,G05,3686314.546761571,23233980.008797422,12140751.270999713,24598691.152212616,-70993.91244779517,15.944116908420654,1
86,15,G16,3259470.2565675406,-20954808.31585877,15319561.001098597,23394758.981010076,100073.49492732491,9.74935621540807,1
86,17,G18,25141888.883327093,6404235.073708063,6444453.99624155,21863945.861725383,-76834.7509709467,4.188629123848332,1
86,24,G25,16887258.63106231,18782027.508992914,8379511.476461796,22812662.004257232,116486.82624796739,6.192035528622685,1
86,25,G26,10790151.748145217,-12012247.248499209,20786675.180796135,21220140.882788323,-117770.29534129151,3.8929487124686215,1
86,27,G28,24485205.40670265,-5341077.78360858,8835992.055841675,21289458.977977473,-124094.50811417743,3.7266978036666236,1
86,28,G29,12887160.98187845,8216741.418072494,21699677.27593819,20897688.142165087,-72873.0766956148,3.4536186370025823,1
86,30,G31,18036452.67769782,-10203495.706601871,16467328.399927588,20743963.841868125,-36121.87499904583,3.4243837466780422,1
87,3,G04,-5872729.234586145,-15813101.086827563,20496498.544025805,24610128.949082732,19457.7669357478,16.18628391140273,1
87,4,G05,3685389.6263323277,23232702.587148678,12143440.00574009,24598482.153886385,-70993.90894464728,15.939340266262704,1
87,15,G16,3260449.714293414,-20953006.892391235,15321801.559899624,23394283.59799036,100073.49836571062,9.74603897996225,1
87,17,G18,25141071.9560052,6404387.104592378,6447491.03111204,21863623.396220133,-76834.74707571224,4.188103376004702,1
87,24,G25,16887529.710344393,18783131.29451645,8376632.570080442,22813388.620155774,116486.8239966558,6.1932527809114,1
87,25,G26,10791688.838380197,-12010005.456019957,20787207.633259147,21219895.338959686,-117770.29609537474,3.8925368385227554,1
87,27,G28,24486317.140117247,-5340789.243667061,8833087.207220968,21290004.868811373,-124094.50536536255,3.727058343294426,1
87,28,G29,12885486.517528119,8218938.0143742375,21699822.840603553,20898152.115255233,-72873.07502152449,3.4538782509176915,1
87,30,G31,18038569.526007403,-10203136.052213704,16465298.456789868,20744162.34996106,-36121.87451671063,3.4243924783864026,1
88,3,G04,-5871140.918729044,-15815158.870307405,20495346.268177405,24610182.184810996,19457.767992289166,16.185163422213215,1
88,4,G05,3684464.4600026533,23231424.924792375,12146128.479526972,24598273.311914105,-70993.90514640287,15.934568420566315,1
88,15,G16,3261429.3792830277,-20951205.257214952,15324041.777031677,23393808.390868835,100073.50198516677,9.742723937558624,1
88,17,G18,25140254.660172783,6404539.155041712,6450527.930707143,21863301.16692103,-76834.74310222693,4.187577923850521,1
88,24,G25,16887800.683172435,18784234.743090566,8373753.486482003,22814115.36616314,116486.82186104267,6.194470740266999,1
88,25,G26,10793226.077104243,-12007763.689118285,20787739.631348923,21219649.830869094,-117770.29677644778,3.892125085047099,1
88,27,G28,24487428.525632147,-5340500.780776419,8830182.170916574,21290550.85680808,-124094.50254685082,3.727419076221174,1
88,28,G29,12883812.16703231,8221134.723935344,21699967.94272357,20898616.176015273,-72873.07328280335,3.454137962157793,1
88,30,G31,18040686.13497803,-10202776.54149194,16463268.159696702,20744361.026134495,-36121.87397008696,3.4244013110818226,1
89,3,G04,-5869552.809493576,-15817216.632067813,20494193.555849146,24610235.567958698,19457.768867262435,16.18404498256051,1
89,4,G05,3683539.0477525005,23230147.021784075,12148816.6923021,24598064.5721303,-70993.90152824348,15.92980029587424,1
89,15,G16,3262409.252017029,-20949403.4095313,15326281.653512778,23393333.06480663,100073.50549455531,9.739411114309737,1
89,17,G18,25139436.99545592,6404691.2251792215,6453564.696411611,21862978.977268826,-76834.73917543901,4.187052644053812,1
89,24,G25,16888071.54949519,18785337.854714964,8370874.225728287,22814842.117196165,116486.81965640071,6.195689151365214,1
89,25,G26,10794763.464654649,-12005521.947320051,20788271.175181948,21219404.491975814,-117770.29750081457,3.8917134767505024,1
89,27,G28,24488539.563483052,-5340212.394822818,8827276.946297508,21291097.008976437,-124094.49976989136,3.7277799364402067,1
89,28,G29,12882137.931232722,8223331.545655419,21700112.582225222,20899080.34287264,-72873.071582622,3.454397768862758,1
89,30,G31,18042802.504555635,-10202417.174409647,16461237.508693395,20744559.787744194,-36121.87346145857,3.424410239501809,1
90,3,G04,-5867964.906523007,-15819274.37253588,20493040.406790163,24610289.01699842,19457.76958556195,16.18292828234814,1
90,4,G05,3682613.3895615675,23228868.878179394,12151504.644007238,24597855.673758913,-70993.8980658414,15.925035925994754,1
90,15,G16,3263389.3322762167,-20947601.349830136,15328521.188758587,23392857.668943554,100073.50890884291,9.73610044389706,1
90,17,G18,25138618.962260123,6404843.314983811,6456601.326714053,21862656.706089202,-76834.73528900025,4.1865275602816014,1
90,24,G25,16888342.309196517,18786440.629126772,8367994.788567646,22815568.91122653,116486.81739206752,6.196908049632158,1
90,25,G26,10796301.000270031,-12003280.23175365,20788802.264494583,21219159.135771915,-117770.29826253497,3.891302003223512,1
90,27,G28,24489650.253111262,-5339924.085897733,8824371.534810843,21291643.254957166,-124094.49702884957,3.7281409373758456,1
90,28,G29,12880463.809373774,8225528.4805299705,21700256.759173673,20899544.54490964,-72873.06991573458,3.454657667717355,1
90,30,G31,18044918.63468686,-10202057.95093868,16459206.503825199,20744758.63199813,-36121.87298562232,3.424419263650913,1
91,3,G04,-5866377.209839657,-15821332.091647929,20491886.82102426,24610342.501776192,19457.770278323325,16.181814736573095,1
91,4,G05,3681687.4854092235,23227590.494033996,12154192.334584128,24597646.645278707,-70993.89462856737,15.920274952343343,1
91,15,G16,3264369.619840858,-20945799.078601554,15330760.3821851,23392382.385878682,100073.5123072552,9.732792409977824,1
91,17,G18,25137800.560210798,6404995.424580016,6459637.822999056,21862334.492983904,-76834.73140860313,4.186002622830644,1
91,24,G25,16888612.962353393,18787543.06685238,8365115.173688834,22816295.49473747,116486.81511881555,6.198127319842915,1
91,25,G26,10797838.684655124,-12001038.541409684,20789332.89952991,21218913.81418925,-117770.29902985209,3.890890721406362,1
91,27,G28,24490760.595017638,-5339635.853816927,8821465.935132891,21292189.3892565,-124094.49429323475,3.7285020704021243,1
91,28,G29,12878789.802296363,8227725.527459563,21700400.473496385,20900008.725168772,-72873.06825389335,3.4549176550107066,1
91,30,G31,18047034.52582292,-10201698.870965071,16457175.144653063,20744957.562246732,-36121.87251460377,3.4244284058053065,1
92,3,G04,-5864789.719086255,-15823389.789831292,20490732.7983001,24610395.954724766,19457.771215840432,16.180702086940624,1
92,4,G05,3680761.335275666,23226311.869403437,12156879.76397454,24597437.841836505,-70993.89095402817,15.915519198810333,1
92,15,G16,3265350.1151936613,-20943996.595046397,15332999.23480986,23391906.929149248,100073.51585184866,9.72948628462331,1
92,17,G18,25136981.789713867,6405147.553946651,6462674.183755371,21862012.35414673,-76834.72746503979,4.185477999151801,1
92,24,G25,16888883.508849997,18788645.167628538,8362235.381840163,22817022.236277577,116486.81293900454,6.199347375676075,1
92,25,G26,10799376.517048938,-11998796.877416002,20789863.080024734,21218668.495957028,-117770.2997381156,3.890479529149566,1
92,27,G28,24491870.588643923,-5339347.698671326,8818560.148710947,21292735.61904343,-124094.49150127798,3.728863390177776,1
92,28,G29,12877115.909244778,8229922.68744013,21700543.725258093,20900472.903194275,-72873.06653982116,3.4551777502363508,1
92,30,G31,18049150.17690192,-10201339.934631176,16455143.43219092,20745156.494170554,-36121.87199156875,3.4244376315836864,1
93,3,G04,-5863202.435042461,-15825447.466040978,20489578.33919176,24610449.752768844,19457.772119408055,16.17959188833441,1
93,4,G05,3679834.9391398043,23225033.004343484,12159566.932120232,24597229.01494121,-70993.88731260119,15.910765712556856,1
93,15,G16,3266330.818114097,-20942193.899654858,15335237.746048799,23391431.531052545,100073.51937504105,9.726182837758856,1
93,17,G18,25136162.650394622,6405299.7032074435,6465710.410367491,21861690.319173254,-76834.72352992644,4.184953578866087,1
93,24,G25,16889153.94863423,18789746.931455772,8359355.413083437,22817748.985076975,116486.81074690053,6.200567766143397,1
93,25,G26,10800914.498155663,-11996555.238763832,20790392.806221727,21218423.33519557,-117770.30045414163,3.8900685240381634,1
93,27,G28,24492980.23422582,-5339059.620346957,8815654.174913976,21293282.04092235,-124094.48871689479,3.7292249082479554,1
93,28,G29,12875442.1310601,8232119.95937161,21700686.514386725,20900937.129801188,-72873.06483265547,3.4554378912183576,1
93,30,G31,18051265.588374414,-10200981.141824266,16453111.365999816,20745355.66509256,-36121.871475287575,3.424447002484292,1
94,3,G04,-5861615.357351054,-15827505.120704265,20488423.443448015,24610503.849002246,19457.773626536335,16.178483450584334,1
94,4,G05,3678908.2969819563,23223753.898909677,12162253.838962985,24597020.64817326,-70993.8830811492,15.906018055926046,1
94,15,G16,3267311.7283838238,-20940390.992916968,15337475.915318184,23390956.296010677,100073.52326006042,9.722881601000987,1
94,17,G18,25135343.14265906,6405451.872342338,6468746.501324269,21861368.55781919,-76834.71943868976,4.184429491693573,1
94,24,G25,16889424.281654395,18790848.358334247,8356475.267480473,22818475.976225,116486.80878608167,6.201789014076662,1
94,25,G26,10802452.62721457,-11994313.626580605,20790922.077858154,21218178.2537279,-117770.30102471182,3.8896576350574126,1
94,27,G28,24494089.531999372,-5338771.618726964,8812748.013110854,21293828.60687027,-124094.48579326515,3.7295866276691254,1
94,28,G29,12873768.466986436,8234317.3442504555,21700828.840946592,20901401.464739047,-72873.06299644258,3.4556981491850354,1
94,30,G31,18053380.76018812,-10200622.492514318,16451078.946125032,20745554.97617472,-36121.870830885455,3.424456468626499,1
95,3,G04,-5860028.486034994,-15829562.75375721,20487268.11109272,24610558.146262154,19457.77456076142,16.17737614704473,1
95,4,G05,3677981.4087821217,23222474.553157628,12164940.484444572,24596812.447810587,-70993.87941390646,15.90127264592536,1
95,15,G16,3268292.8464831165,-20938587.87403367,15339713.743635083,23390481.064877655,100073.52679961915,9.71958239699989,1
95,17,G18,25134523.266132705,6405604.061472861,6471782.4580100635,21861046.96789607,-76834.71549554744,4.183905564960029,1
95,24,G25,16889694.507859867,18791949.448263176,8353594.945093111,22819202.99082611,116486.80660601943,6.203010569852329,1
95,25,G26,10803990.904562136,-11992072.040392937,20791450.89505024,21217933.34983365,-117770.30173282724,3.8892468766329342,1
95,27,G28,24495198.48140606,-5338483.69390581,8809841.664749091,21294375.421867695,-124094.48300162297,3.7299484884492964,1
95,28,G29,12872094.917865733,8236514.840974948,21700970.70486607,20901866.014105186,-72873.0612825007,3.455958468485511,1
95,30,G31,18055495.692792244,-10200263.986590633,16449046.172127234,20745754.655247066,-36121.870307496145,3.424466038355224,1
96,3,G04,-5858441.821115648,-15831620.365136504,20486112.34214971,24610612.374838006,19457.775677512655,16.176270674708825,1
96,4,G05,3677054.2747412086,23221194.967448093,12167626.86786632,24596604.318924006,-70993.87556993883,15.896532274296318,1
96,15,G16,3269274.172193432,-20936784.54349502,15341951.23041571,23390005.880092412,100073.53044802744,9.716285308786729,1
96,17,G18,25133703.021221768,6405756.270579565,6474818.278913908,21860725.41482781,-76834.71150506247,4.1833818841523716,1
96,24,G25,16889964.627134018,18793050.200980857,8350714.446669923,22819930.066851996,116486.80449610623,6.204232803939813,1
96,25,G26,10805529.330537762,-11989830.479724972,20791979.257913783,21217688.445939396,-117770.30239671035,3.8888362406248373,1
96,27,G28,24496307.08268205,-5338195.845766365,8806935.129197616,21294922.28600494,-124094.48016770082,3.7303104995862943,1
96,28,G29,12870421.482942019,8238712.450541886,21701112.10620907,20902330.602001403,-72873.05952941663,3.4562189039860574,1
96,30,G31,18057610.385126065,-10199905.624194108,16447013.045021009,20745954.341020297,-36121.869745074226,3.4244756939423313,1
97,3,G04,-5856855.362236936,-15833677.955269042,20484956.136367153,24610666.731847458,19457.776821060434,16.175166576715778,1
97,4,G05,3676126.8943967526,23219915.141226597,12170312.990450997,24596395.92814455,-70993.8717017979,15.891795826768705,1
97,15,G16,3270255.7052946235,-20934981.00179147,15344188.375076577,23389530.819831923,100073.53411143442,9.712990347685324,1
97,17,G18,25132882.407550976,6405908.49978588,6477853.965420013,21860404.04715066,-76834.70750762534,4.182858458114513,1
97,24,G25,16890234.639554106,18794150.61701224,8347833.770899222,22820657.283038028,116486.80239660427,6.205455622430284,1
97,25,G26,10807067.904379183,-11987588.945705246,20792507.16618673,21217443.650934502,-117770.30305389733,3.888425727526551,1
97,27,G28,24497415.33606258,-5337908.0741945375,8804028.405825142,21295469.305937722,-124094.47732752263,3.730672690906108,1
97,28,G29,12868748.16305606,8240910.171851064,21701253.04490443,20902795.299903795,-72873.057770497,3.4564794240104297,1
97,30,G31,18059724.837640222,-10199547.405211555,16444979.564367125,20746154.174771376,-36121.869176685395,3.4244854522762944,1
98,3,G04,-5855269.110178043,-15835735.523109814,20483799.49432027,24610721.223991398,19457.777654555823,16.174065659364228,1
98,4,G05,3675199.2679498163,23218635.07485382,12172998.851499869,24596187.85509867,-70993.86813836909,15.88706274972172,1
98,15,G16,3271237.446268063,-20933177.248123545,15346425.178634318,23389055.633929864,100073.53758823623,9.709697836873705,1
98,17,G18,25132061.425527353,6406060.7490706295,6480889.516017512,21860082.55997442,-76834.70358972542,4.1823351122295955,1
98,24,G25,16890504.545004103,18795250.696095,8344952.9185295645,22821384.46013557,116486.80017916505,6.2066787390457305,1
98,25,G26,10808606.626790859,-11985347.437325044,20793034.620110724,21217198.967052594,-117770.30378506782,3.8880154003516783,1
98,27,G28,24498523.240990337,-5337620.379281657,8801121.496079452,21296016.387853682,-124094.47455830369,3.7310349595438512,1
98,28,G29,12867074.957453076,8243108.005897649,21701393.52101561,20903260.084917672,-72873.05607742294,3.456740048906342,1
98,30,G31,18061839.050280977,-10199189.329615586,16442945.730210895,20746354.192796756,-36121.8686733129,3.4244953082167053,1
99,3,G04,-5853683.0645814445,-15837793.069086269,20482642.41575732,24610775.712784898,19457.779075935632,16.172966412255203,1
99,4,G05,3674271.3953792383,23217354.76838558,12175684.450954748,24595979.941757172,-70993.86399948841,15.88233370080872,1
99,15,G16,3272219.3948952486,-20931373.282981418,15348661.640505394,23388580.688142803,100073.54141664987,9.706407839993714,1
99,17,G18,25131240.07477488,6406213.018558891,6483924.932090562,21859761.269915838,-76834.69951985178,4.1818121276770635,1
99,24,G25,16890774.343431663,18796350.438229963,8342071.889622789,22822111.63779152,116486.79818741603,6.207902568362991,1
99,25,G26,10810145.497011978,-11983105.955711424,20793561.619424157,21216954.221187513,-117770.30437462963,3.887605216718513,1
99,27,G28,24499630.797701094,-5337332.760911457,8798214.399329353,21296563.518909454,-124094.4716534515,3.7313975001773922,1
99,28,G29,12865401.866972532,8245305.951583166,21701533.534471937,20903724.781144835,-72873.05425851024,3.4570007338554065,1
99,30,G31,18063953.022996116,-10198831.397376062,16440911.542597676,20746554.29179114,-36121.86804516819,3.424505304994054,1
100,3,G04,-5852097.225469933,-15839850.593134502,20481484.900702197,24610830.284222625,19457.779899279467,16.171867878119702,1
100,4,G05,3673343.2766664806,23216074.22187732,12178369.788757432,24595772.02283161,-70993.86045058478,15.87760853980769,1
100,15,G16,3273201.5509551535,-20929569.10685584,15350897.760106599,23388105.498890303,100073.54488521525,9.703119430361626,1
100,17,G18,25130418.35570158,6406365.308227084,6486960.212128395,21859439.954728942,-76834.69560461384,4.181289297079281,1
100,24,G25,16891044.03478675,18797449.843415875,8339190.684240733,22822838.75904837,116486.79596614385,6.209126876445707,1
100,25,G26,10811684.515746228,-11980864.499856496,20794088.164368253,21216709.466946326,-117770.30510778341,3.8871951197240673,1
100,27,G28,24500738.006429497,-5337045.218971632,8795307.114943415,21297110.738193527,-124094.4688865132,3.731760126124219,1
100,28,G29,12863728.890860738,8247504.009901306,21701673.085336447,20904189.61474012,-72873.0525674731,3.457261530442345,1
100,30,G31,18066066.756234877,-10198473.608381888,16438877.001087716,20746754.49018197,-36121.867543422544,3.4245153587070396,1
101,3,G04,-5850511.592487397,-15841908.095681438,20480326.948902708,24610884.784742672,19457.78077107461,16.170772132408217,1
101,4,G05,3672414.911790636,23214793.435384825,12181054.864849731,24595563.976030853,-70993.856855236,15.87288763049879,1
101,15,G16,3274183.9149303813,-20927764.718946904,15353133.53845408,23387630.35486877,100073.54838231824,9.69983341822434,1
101,17,G18,25129596.2679309,6406517.6182010425,6489995.357515007,21859118.588727012,-76834.69167639909,4.180766636153461,1
101,24,G25,16891313.61901664,18798548.91165396,8336309.302445212,22823565.932237063,116486.79376411201,6.210351684156105,1
101,25,G26,10813223.682231957,-11978623.070887893,20794614.254681863,21216464.757936105,-117770.3058287921,3.8867851879939534,1
101,27,G28,24501844.866619207,-5336757.753551291,8792399.644369742,21297657.95524397,-124094.46610798754,3.7321228750073394,1
101,28,G29,12862056.029957408,8249702.179752869,21701812.17353891,20904654.466762833,-72873.0508657551,3.4575224364484223,1
101,30,G31,18068180.248936772,-10198115.96277422,16436842.106696542,20746954.74888075,-36121.86703086832,3.4245255111602613,1
102,3,G04,-5848926.166411652,-15843965.575682484,20479168.560934886,24610939.644876804,19457.7817103902,16.1696786085579,1
102,4,G05,3671486.3007313283,23213512.40896384,12183739.679173457,24595356.10289466,-70993.85319484932,15.868170518088643,1
102,15,G16,3275166.4866010756,-20925960.119745128,15355368.974964583,23387155.2002375,100073.5519191102,9.696549767803216,1
102,17,G18,25128773.81187069,6406669.948459278,6493030.366739836,21858797.30816135,-76834.68773046312,4.1802441900210106,1
102,24,G25,16891583.096005503,18799647.642682455,8333427.744985137,22824293.06801249,116486.79158845852,6.211577006238591,1
102,25,G26,10814762.9968076,-11976381.668330641,20795139.890480533,21216220.15893206,-117770.30653317749,3.8863754104583323,1
102,27,G28,24502951.378505427,-5336470.364535908,8789491.986977007,21298205.338141285,-124094.46331362973,3.7324857875566604,1
102,28,G29,12860383.283507442,8251900.462133973,21701950.799141947,20905119.398079336,-72873.04914935045,3.457783430481004,1
102,30,G31,18070293.501552567,-10197758.460439455,16434806.858984467,20747155.089106947,-36121.86650358255,3.42453577424143,1
103,3,G04,-5847340.946886396,-15846023.033564616,20478009.73654668,24610994.43576847,19457.782507956006,16.168585958815083,1
103,4,G05,3670557.443469142,23212231.142669942,12186424.23167044,24595148.663082276,-70993.84967662812,15.863458009712003,1
103,15,G16,3276149.265747213,-20924155.309741225,15357604.069055166,23386680.137743384,100073.55536997119,9.6932678750091,1
103,17,G18,25127950.987144727,6406822.299125159,6496065.241186715,21858476.315175276,-76834.68382123059,4.179721978901733,1
103,24,G25,16891852.46583082,18800746.037025005,8330546.010548276,22825020.340039216,116486.78935820461,6.212802973606061,1
103,25,G26,10816302.459811473,-11974140.291709991,20795665.071879365,21215975.70008816,-117770.30727143628,3.8859657225379762,1
103,27,G28,24504057.54232303,-5336183.051811207,8786584.142133659,21298752.862873968,-124094.46055198026,3.732848837403669,1
103,28,G29,12858710.652351437,8254098.855943736,21702088.9620758,20905584.543824114,-72873.04746328855,3.4580445359320406,1
103,30,G31,18072406.51402878,-10197401.101349665,16432771.257996872,20747355.687875573,-36121.86600608234,3.4245461080973345,1
104,3,G04,-5845755.933933805,-15848080.46926415,20476850.475761965,24611049.26016456,19457.78332634062,16.167495894417293,1
104,4,G05,3669628.339982818,23210949.63655903,12189108.522282504,24594941.221036263,-70993.84613770989,15.85874795244033,1
104,15,G16,3277132.252850839,-20922350.28813516,15359838.821741518,23386204.961892653,100073.55883242346,9.689988656288593,1
104,17,G18,25127127.794161018,6406974.670178036,6499099.979345225,21858155.24512904,-76834.67990625372,4.179199970911751,1
104,24,G25,16892121.728375897,18801844.094420556,8327664.099883499,22825747.523837645,116486.78713666752,6.214029299207209,1
104,25,G26,10817842.070480933,-11971898.942154225,20796189.798617914,21215731.285916816,-117770.30800426322,3.885556223444843,1
104,27,G28,24505163.357515823,-5335895.815467934,8783676.111288078,21299300.451823454,-124094.45778525123,3.7332120830253186,1
104,28,G29,12857038.135734124,8256297.362178763,21702226.66240267,20906049.584029976,-72873.04577241733,3.4583056928112215,1
104,30,G31,18074519.28631211,-10197043.885476656,16430735.303779159,20747556.36314595,-36121.86550371749,3.424556585587902,1
105,3,G04,-5844171.12719799,-15850137.88320794,20475690.778328206,24611104.50504109,19457.78405451797,16.16640791810094,1
105,4,G05,3668698.990253525,23209667.890686613,12191792.550951477,24594733.638271693,-70993.84268972428,15.85404302624918,1
105,15,G16,3278115.447457807,-20920545.05584799,15362073.231907953,23385729.796093244,100073.56224034046,9.686711404807449,1
105,17,G18,25126304.23254289,6407127.061741772,6502134.582599074,21857834.333111975,-76834.67601429467,4.178678128772971,1
105,24,G25,16892390.883589737,18802941.814868826,8324782.013052649,22826474.818759058,116486.78488074339,6.215256225627848,1
105,25,G26,10819381.829521565,-11969657.618654026,20796714.070936345,21215486.98677731,-117770.30875836186,3.88514684690809,1
105,27,G28,24506268.824318953,-5335608.655390872,8780767.893808808,21299848.082095057,-124094.45503904011,3.7335754133050516,1
105,28,G29,12855365.734496025,8258495.97973797,21702363.900053244,20906514.81911987,-72873.04410068828,3.458566988448286,1
105,30,G31,18076631.81885309,-10196686.812706849,16428698.995891169,20747757.17801807,-36121.86501999663,3.424567126331965,1
106,3,G04,-5842586.527455888,-15852195.274351604,20474530.64482229,24611159.746008772,19457.78513618946,16.165321602759647,1
106,4,G05,3667769.3942597215,23208385.905108627,12194476.317619203,24594526.169980552,-70993.8388961983,15.849341208565933,1
106,15,G16,3279098.8500511944,-20918739.61207933,15364307.30056986,23385254.75202656,100073.56585880673,9.683436678216031,1
106,17,G18,25125480.30269874,6407279.473795603,6505169.049437957,21857513.42500376,-76834.67203095755,4.17815660879046,1
106,24,G25,16892659.931419916,18804039.19837081,8321899.750117562,22827202.180130903,116486.78276091462,6.216483732177572,1
106,25,G26,10820921.736171119,-11967416.322337119,20797237.888574667,21215242.64575728,-117770.30942722855,3.884737623593158,1
106,27,G28,24507373.94296723,-5335321.571465152,8777859.48906418,21300395.90780909,-124094.4522111773,3.7339390075242616,1
106,28,G29,12853693.447881576,8260694.709618666,21702500.675089322,20906979.981058452,-72873.04235313299,3.4588283286582255,1
106,30,G31,18078744.1105914,-10196329.883181706,16426662.3353493,20747958.092845038,-36121.86446110978,3.4245778147519257,1
107,3,G04,-5841002.134351844,-15854252.643121893,20473370.074991763,24611215.12601979,19457.78608422237,16.164236373630253,1
107,4,G05,3666839.5522042457,23207103.68018637,12197159.821587753,24594318.860276993,-70993.83523644917,15.844643763535235,1
107,15,G16,3280082.460410522,-20916933.957320035,15366541.027144406,23384779.62587405,100073.5693962678,9.680163797760049,1
107,17,G18,25124656.00425178,6407431.906462582,6508203.381245493,21857192.70898754,-76834.66808216661,4.17763531581252,1
107,24,G25,16892928.871751677,18805136.244664397,8319017.311827366,22827929.54820363,116486.78058968573,6.217711850425324,1
107,25,G26,10822461.790767526,-11965175.052729107,20797761.25164793,21214998.3890567,-117770.31012798671,3.8843285010473876,1
107,27,G28,24508478.7129048,-5335034.563782223,8774950.89850286,21300943.81281692,-124094.44941412202,3.7343027419541786,1
107,28,G29,12852021.276731508,8262893.550719097,21702636.987442024,20907445.260262497,-72873.04063414746,3.4590897752702867,1
107,30,G31,18080856.16197705,-10195973.096788606,16424625.32171352,20748159.1271711,-36121.86393026373,3.424588580775807,1
108,3,G04,-5839417.947907648,-15856309.989455199,20472209.068860598,24611270.46973436,19457.78731220798,16.16315356604838,1
108,4,G05,3665909.463623379,23205821.215364195,12199843.064078575,24594111.781195506,-70993.83130447145,15.839951306706832,1
108,15,G16,3281066.2783154533,-20915128.092061114,15368774.411049105,23384304.747095823,100073.57310067504,9.676893206866044,1
108,17,G18,25123831.337610606,6407584.359722669,6511237.576511496,21856872.17389518,-76834.6640607389,4.177114253659359,1
108,24,G25,16893197.704660956,18806232.954273626,8316134.696869438,22828657.006179877,116486.77852654127,6.218940627217537,1
108,25,G26,10824001.993649872,-11962933.809354668,20798284.16027074,21214754.250179995,-117770.31076102708,3.8839195227123913,1
108,27,G28,24509583.13436681,-5334747.632226045,8772042.121493254,21301491.796001725,-124094.44655206907,3.7346666252027543,1
108,28,G29,12850349.22029064,8265092.504036206,21702772.837172743,20907910.657848816,-72873.0388549913,3.459351339749562,1
108,30,G31,18082967.972957358,-10195616.4534983,16422587.955029229,20748360.26815289,-36121.863339610754,3.4245994408602787,1
109,3,G04,-5837833.967767936,-15858367.31377825,20471047.62617583,24611326.14681788,19457.788071777526,16.162071882791533,1
109,4,G05,3664979.128718884,23204538.5110035,12202526.044393701,24593904.644039698,-70993.8278329391,15.835261698790347,1
109,15,G16,3282050.3042483144,-20913322.015502054,15371007.45329888,23383829.74490966,100073.57652362349,9.673624557635629,1
109,17,G18,25123006.302398335,6407736.833697993,6514271.636619464,21856551.627076272,-76834.66016029603,4.176593364422073,1
109,24,G25,16893466.430032887,18807329.326936428,8313251.905992844,22829384.506036647,116486.77628340511,6.220169797416038,1
109,25,G26,10825542.344054097,-11960692.593342906,20798806.614183784,21214510.16491036,-117770.31150641855,3.8835106654874476,1
109,27,G28,24510687.207587283,-5334460.77668425,8769133.157403601,21302040.013159048,-124094.44379817451,3.7350306444529275,1
109,28,G29,12848677.279399611,8267291.568468067,21702908.22421308,20908376.205088206,-72873.03717602135,3.4596129807879294,1
109,30,G31,18085079.54347808,-10195259.953284316,16420550.235341828,20748561.625238173,-36121.8628479479,3.424610394788522,1
110,3,G04,-5836250.1947093895,-15860424.61504659,20469885.747515235,24611382.00817571,19457.789015520357,16.16099222680502,1
110,4,G05,3664048.5474706506,23203255.56716005,12205208.762474976,24593697.569983877,-70993.82418326834,15.8305769546753,1
110,15,G16,3283034.5379893673,-20911515.72813374,15373240.153311165,23383354.867806654,100073.58005609635,9.67035806524727,1
110,17,G18,25122180.899023883,6407889.328368745,6517305.56005934,21856231.16401841,-76834.65621206119,4.176072709529962,1
110,24,G25,16893735.047815148,18808425.362653747,8310368.939259483,22830112.063967742,116486.77411137187,6.221399625521217,1
110,25,G26,10827082.842686974,-11958451.403683718,20799328.6136262,21214266.027150467,-117770.31220717229,3.883101938996514,1
110,27,G28,24511790.932011507,-5334173.9972455,8766224.007682811,21302588.231991593,-124094.44100149191,3.7353948122561826,1
110,28,G29,12847005.453303143,8269490.745012014,21703043.148623973,20908841.81375236,-72873.03545744959,3.459874737162515,1
110,30,G31,18087190.873486847,-10194903.596116796,16418512.162696797,20748763.102939364,-36121.862316837534,3.424621438008808,1
111,3,G04,-5834666.62837646,-15862481.893686956,20468723.432625998,24611437.95273617,19457.79001409604,16.159915024393303,1
111,4,G05,3663117.7198583866,23201972.383889634,12207891.218264272,24593490.541159023,-70993.82048097037,15.825896006628502,1
111,15,G16,3284018.9793174984,-20909709.230447445,15375472.510503754,23382879.967808966,100073.58362063507,9.667093956403777,1
111,17,G18,25121355.127109542,6408041.843858941,6520339.348214504,21855910.637860563,-76834.65224931968,4.175552250791329,1
111,24,G25,16894003.557956073,18809521.061425984,8307485.7967311805,22830839.75926695,116486.77196100871,6.222629950794826,1
111,25,G26,10828623.488785032,-11956210.24150552,20799850.15833913,21214021.984878168,-117770.31289431859,3.882693373505882,1
111,27,G28,24512894.307874057,-5333887.293795454,8763314.671699192,21303136.61276216,-124094.43819181921,3.735759132254115,1
111,28,G29,12845333.742841106,8271690.032566988,21703177.610337496,20909307.472114734,-72873.0337268472,3.460136586064757,1
111,30,G31,18089301.963433538,-10194547.381882945,16416473.736653501,20748964.686179474,-36121.86177362832,3.4246325905489323,1
112,3,G04,-5833083.2687908085,-15864539.149635797,20467560.68153209,24611493.987758562,19457.791006338553,16.158839952403934,1
112,4,G05,3662186.645862252,23200688.961247995,12210573.41170346,24593283.648027062,-70993.81678637923,15.82121901097084,1
112,15,G16,3285003.628716061,-20907902.521642257,15377704.525891079,23382405.21076346,100073.58718060437,9.663832083402667,1
112,17,G18,25120528.987065084,6408194.380146928,6523372.999575016,21855590.303236302,-76834.64828795509,4.175031991335589,1
112,24,G25,16894271.96040423,18810616.42325334,8304602.478469823,22831567.402075905,116486.76980863887,6.223860799036959,1
112,25,G26,10830164.283054201,-11953969.10579911,20800371.248561323,21213778.05596248,-117770.313582603,3.882284953713062,1
112,27,G28,24513997.33540919,-5333600.666219685,8760405.14882085,21303685.05719112,-124094.43538334698,3.7361235974262836,1
112,28,G29,12843662.14725902,8273889.432129315,21703311.60941418,20909773.241041686,-72873.03199737286,3.4603985328312374,1
112,30,G31,18091412.812258232,-10194191.310724359,16414434.958229378,20749166.41125495,-36121.86123132849,3.424643842937208,1
113,3,G04,-5831500.115973908,-15866596.382829564,20466397.494257554,24611550.20705525,19457.792346025846,16.15776687223962,1
113,4,G05,3661255.325461922,23199405.299290948,12213255.342734423,24593076.958155233,-70993.81275378123,15.816546522718218,1
113,15,G16,3285988.4859649655,-20906095.602209233,15379936.198890861,23381930.401227698,100073.5909473878,9.66057251758256,1
113,17,G18,25119702.478512336,6408346.937357429,6526406.515524171,21855270.159028817,-76834.64423669095,4.174512009481675,1
113,24,G25,16894540.255043745,18811711.447875414,8301718.985224804,22832295.159916695,116486.76779035141,6.225092322076113,1
113,25,G26,10831705.224731613,-11951727.997692132,20800891.88403434,21213534.267765347,-117770.31418705083,3.8818766731097694,1
113,27,G28,24515100.01406249,-5333314.114607867,8757495.440496992,21304233.58984838,-124094.43249435553,3.736488257241063,1
113,28,G29,12841990.667396143,8276088.9425985655,21703445.14578654,20910239.025045626,-72873.03019327766,3.4606605743727386,1
113,30,G31,18093523.420411553,-10193835.382527001,16412395.826983936,20749368.21506581,-36121.86061499249,3.424655205418218,1
114,3,G04,-5829917.169570961,-15868653.593694812,20465233.87054894,24611606.382796198,19457.793287598022,16.156696066647278,1
114,4,G05,3660323.7586379657,23198121.398074184,12215937.011299029,24592870.393924974,-70993.80911157242,15.811877095553223,1
114,15,G16,3286973.550842085,-20904288.472639967,15382167.528921157,23381455.44203887,100073.59447541808,9.657315153479392,1
114,17,G18,25118875.601861645,6408499.51546774,6529439.894552133,21854949.980200104,-76834.6402878949,4.173992144145778,1
114,24,G25,16894808.441951606,18812806.13581415,8298835.315683,22833022.880902626,116486.76561939708,6.226324178871432,1
114,25,G26,10833246.314154843,-11949486.916710671,20801412.064872548,21213290.601859342,-117770.3148867489,3.881468549922523,1
114,27,G28,24516202.344068006,-5333027.638847037,8754585.546095772,21304782.180021558,-124094.42969707017,3.7368530181288593,1
114,28,G29,12840319.302498799,8278288.564970038,21703578.21951469,20910704.879967254,-72873.02847418017,3.4609227084965593,1
114,30,G31,18095633.787839323,-10193479.597264234,16410356.34296263,20749570.18695717,-36121.86008256835,3.424666663417469,1
115,3,G04,-5828334.430357749,-15870710.78118723,20464069.810985148,24611662.63113005,19457.794348336534,16.155626484688284,1
115,4,G05,3659391.945369401,23196837.25765365,12218618.41733917,24592663.83304516,-70993.80535374353,15.807210147063511,1
115,15,G16,3287958.8238317883,-20902481.132133134,15384398.516995938,23380980.773780074,100073.59807329328,9.654060164389119,1
115,17,G18,25118048.35673457,6408652.114602446,6532473.138042076,21854630.030876655,-76834.63630838196,4.173472582071074,1
115,24,G25,16895076.521011606,18813900.486809365,8295951.470593764,22833750.687883228,116486.76349451533,6.2275565446563625,1
115,25,G26,10834787.551663417,-11947245.86237919,20801931.79118989,21213047.03479137,-117770.31555761956,3.8810605697840668,1
115,27,G28,24517304.325659968,-5332741.238822119,8751675.46498521,21305331.04604778,-124094.42687228112,3.7372180378297513,1
115,28,G29,12838648.053405818,8280488.298143655,21703710.830531616,20911170.81083223,-72873.02672941542,3.461184876200488,1
115,30,G31,18097743.91448893,-10193123.95490676,16408316.506210927,20749772.41404051,-36121.85952467426,3.42467826721641,1
116,3,G04,-5826751.897978927,-15872767.945733532,20462905.315312833,24611719.326747887,19457.795573392737,16.15455954686067,1
116,4,G05,3658459.885859194,23195552.87839127,12221299.560157545,24592457.37100337,-70993.80143654747,15.802547456216484,1
116,15,G16,3288944.30471324,-20900673.58118005,15386629.16253319,23380506.269134514,100073.60176864531,9.650807564658226,1
116,17,G18,25117220.74354134,6408804.734740867,6535506.244484328,21854310.189884156,-76834.63228605484,4.172953221483009,1
116,24,G25,16895344.49217219,18814994.500861447,8293067.450018991,22834478.57583284,116486.76143357786,6.228789462040686,1
116,25,G26,10836328.93649377,-11945004.835825676,20802451.062728617,21212803.57772957,-117770.31618854827,3.8806527509668545,1
116,27,G28,24518405.958284505,-5332454.914622456,8748765.19861477,21305880.076804053,-124094.42400910748,3.73758320492523,1
116,28,G29,12836976.919362936,8282688.143115856,21703842.97889701,20911636.887999833,-72873.02494912277,3.461447148194713,1
116,30,G31,18099853.80030737,-10192768.455425886,16406276.3167743,20749974.799153022,-36121.8589314229,3.424689975892911,1
117,3,G04,-5825169.572455934,-15874825.087270183,20461740.383556064,24611775.6119366,19457.79645710624,16.15349247670737,1
117,4,G05,3657527.5796428616,23194268.25973042,12223980.440974504,24592251.045212887,-70993.79785538535,15.797887195520019,1
117,15,G16,3289929.993265072,-20898865.820272338,15388859.464951226,23380031.577981032,100073.6052585343,9.647556749771857,1
117,17,G18,25116392.7619038,6408957.376005161,6538539.215261898,21853990.467273932,-76834.62835224655,4.1724341419360735,1
117,24,G25,16895612.355382577,18816088.177970074,8290183.25402055,22835206.382255036,116486.7592407448,6.230022882373907,1
117,25,G26,10837870.469351646,-11942763.836041445,20802969.879726443,21212560.092747424,-117770.31690148798,3.880245019891344,1
117,27,G28,24519507.242175404,-5332168.666135525,8745854.746352497,21306429.166751467,-124094.42122518283,3.737948590836248,1
117,28,G29,12835305.901209962,8284888.098784733,21703974.664544303,20912102.90597629,-72873.02324208817,3.4617094636669923,1
117,30,G31,18101963.445743725,-10192413.09870979,16404235.774211679,20750177.33782745,-36121.85841052565,3.42470179505863,1
118,3,G04,-5823587.4538108865,-15876882.205733368,20460575.01573892,24611832.266790725,19457.797206827297,16.152427168521672,1
118,4,G05,3656595.0269238274,23192983.40203291,12226661.059092702,24592044.684242766,-70993.79440857127,15.793232697223624,1
118,15,G16,3290915.889971656,-20897057.848608416,15391089.425263574,23379556.76006917,100073.60866797889,9.644307641329391,1
118,17,G18,25115564.412232414,6409110.0383751,6541572.048865247,21853670.82898316,-76834.62445282194,4.171915225706414,1
118,24,G25,16895880.11052734,18817181.51787503,8287298.8833480505,22835934.24284271,116486.75699634127,6.231256983057585,1
118,25,G26,10839412.149473531,-11940522.864154257,20803488.24192609,21212316.64517854,-117770.31764624444,3.879837387458372,1
118,27,G28,24520608.17756689,-5331882.493245134,8742944.107566254,21306978.24385552,-124094.41847197937,3.7383140363180796,1
118,28,G29,12833634.998192662,8287088.166146908,21704105.887532774,20912569.097058915,-72873.02156369682,3.46197194018169,1
118,30,G31,18104072.849739432,-10192057.88489862,16402194.879541555,20750379.916148778,-36121.857917602014,3.424713654920073,1
119,3,G04,-5822005.541688281,-15878939.30154996,20459409.21160744,24611889.15394215,19457.798297872276,16.151365380336788,1
119,4,G05,3655662.2276806496,23191698.3053548,12229341.41445404,24591838.361244313,-70993.79062819522,15.788581990757278,1
119,15,G16,3291901.9943764606,-20895249.667110987,15393319.042356936,23379082.13201567,100073.61228065443,9.641061316125672,1
119,17,G18,25114735.694345515,6409262.721939671,6544604.745954275,21853351.14490302,-76834.6204646635,4.1713965050931945,1
119,24,G25,16896147.75768129,18818274.521099247,8284414.336688007,22836662.039213583,116486.75488453709,6.232491568223318,1
119,25,G26,10840953.9771986,-11938281.919688866,20804006.14944141,21212073.21101143,-117770.31830841285,3.87942995754252,1
119,27,G28,24521708.763905633,-5331596.396040658,8740033.283705834,21307527.374008235,-124094.4156392759,3.738679651468488,1
119,28,G29,12831964.211149614,8289288.344102038,21704236.64779633,20913035.270272516,-72873.01981165788,3.4622345056714443,1
119,30,G31,18106182.012744658,-10191702.81387865,16400153.632322984,20750582.53914266,-36121.85735166399,3.4247256466122002,1
120,3,G04,-5820423.836864178,-15880996.373675337,20458242.971741647,24611946.22592628,19457.79928983767,16.150305354972804,1
120,4,G05,3654729.181893916,23190412.969751813,12232021.507000428,24591632.210793618,-70993.78694613416,15.783934791298304,1
120,15,G16,3292888.3069635155,-20893441.27497838,15395548.31724452,23378607.530765712,100073.61583326812,9.637817148340494,1
120,17,G18,25113906.60806174,6409415.4267853135,6547637.307188655,21853031.588139664,-76834.61650192495,4.170877990031683,1
120,24,G25,16896415.296729818,18819367.187381722,8281529.614789966,22837389.927721597,116486.7527348525,6.233726650331284,1
120,25,G26,10842495.952865304,-11936041.002170837,20804523.60238587,21211829.963910647,-117770.31899406378,3.879022665838282,1
120,27,G28,24522809.001425344,-5331310.374408826,8737122.27413912,21308076.748184796,-124094.41282932693,3.739045423433328,1
120,28,G29,12830293.539327085,8291488.6336462265,21704366.9453938,20913501.599840064,-72873.0180806785,3.462497156980688,1
120,30,G31,18108290.934705768,-10191347.885622395,16398112.032601448,20750785.340826772,-36121.85680637129,3.424737741678756,1
121,3,G04,-5818842.338982913,-15883053.422536377,20457076.29588772,24612003.419084724,19457.799926882235,16.149245703633728,1
121,4,G05,3653795.8895441364,23189127.39527972,12234701.336673796,24591426.1228845,-70993.78361353555,15.779291172761896,1
121,15,G16,3293874.8275116617,-20891632.672702216,15397777.249344751,23378132.88316797,100073.61917298684,9.634574643645333,1
121,17,G18,25113077.15379268,6409568.152889575,6550669.731059091,21852712.202807248,-76834.61263101008,4.170359704601832,1
121,24,G25,16896682.727621954,18820459.51672237,8278644.717715841,22838117.734143794,116486.7504479551,6.234962289486598,1
121,25,G26,10844038.075709436,-11933800.112728285,20805040.600502856,21211586.70899217,-117770.31976486034,3.8786154586556187,1
121,27,G28,24523908.89035953,-5331024.428235975,8734211.078233898,21308626.22510824,-124094.41010165474,3.73941134755504,1
121,28,G29,12828622.983564505,8293689.033677476,21704496.780259576,20913968.052815553,-72873.01642588546,3.462759896054558,1
121,30,G31,18110399.6155694,-10190993.100101864,16396070.080422448,20750988.298864834,-36121.856336208126,3.4247499162633526,1
122,3,G04,-5817261.0480660135,-15885110.448069483,20455909.184069756,24612060.53909185,19457.800780418333,16.148188183957842,1
122,4,G05,3652862.3506111437,23187841.581994392,12237380.90341606,24591220.118178025,-70993.78007161015,15.774652433414753,1
122,15,G16,3294861.5557999345,-20889823.86077425,15400005.838076403,23377658.082008313,100073.62264122079,9.631334303570544,1
122,17,G18,25112247.331158444,6409720.900378296,6553702.0189482765,21852392.763867766,-76834.60870396164,4.16984165154576,1
122,24,G25,16896950.050305236,18821551.509122442,8275759.645527523,22838845.532189887,116486.74824487361,6.236198595900947,1
122,25,G26,10845580.346438201,-11931559.250351492,20805557.14402905,21211343.40325866,-117770.32048325813,3.8782083850030094,1
122,27,G28,24525008.430155594,-5330738.55761026,8731299.697440175,21309175.63223081,-124094.40732361213,3.7397774203366883,1
122,28,G29,12826952.54310721,8295889.545193549,21704626.152452055,20914434.42705566,-72873.01472448141,3.463022752535764,1
122,30,G31,18112508.055283133,-10190638.457287379,16394027.775831528,20751191.19491972,-36121.85581969505,3.4247621808562316,1
123,3,G04,-5815679.96413518,-15887167.450210951,20454741.636311896,24612117.706005167,19457.801735612848,16.147132054644462,1
123,4,G05,3651928.5650747,23186555.529951725,12240060.207169158,24591014.053163595,-70993.77643225715,15.77001738981511,1
123,15,G16,3295848.492312438,-20888014.83839258,15402234.084452214,23377183.2361761,100073.62616902908,9.628096109585051,1
123,17,G18,25111417.140570886,6409873.669229469,6556734.169347032,21852073.25177697,-76834.60475065206,4.169323867593204,1
123,24,G25,16897217.26472818,18822643.164582346,8272874.398286909,22839573.435774896,116486.74608114197,6.2374355024936525,1
123,25,G26,10847122.764287336,-11929318.416168466,20806073.2327083,21211099.975792427,-117770.32117698506,3.8778014379467796,1
123,27,G28,24526107.62104719,-5330452.762417913,8728388.13112578,21309725.11194629,-124094.40452198415,3.7401436929709266,1
123,28,G29,12825282.218794247,8298090.167092751,21704755.06190608,20914900.751039144,-72873.01300116412,3.463285686227951,1
123,30,G31,18114616.254296273,-10190283.957066372,16391985.118387146,20751394.202097595,-36121.8552813404,3.424774557074931,1
124,3,G04,-5814099.086835311,-15889224.429387495,20453573.652359724,24612174.877944145,19457.802656197444,16.146077570930256,1
124,4,G05,3650994.532915568,23185269.23920747,12242739.247875022,24590808.15287922,-70993.77282910705,15.765386876301323,1
124,15,G16,3296835.636827872,-20886205.60604897,15404461.98789087,23376708.1831749,100073.62967543562,9.624859877460741,1
124,17,G18,25110586.581650253,6410026.459567143,6559766.183637947,21851753.949088786,-76834.60080613873,4.168806293755469,1
124,24,G25,16897484.370775837,18823734.482842166,8269988.976743892,22840301.4672351,116486.74390420862,6.238673023810381,1
124,25,G26,10848665.329595521,-11927077.609704511,20806588.866653975,21210856.771130577,-117770.32187870455,3.877394608535117,1
124,27,G28,24527206.46326776,-5330167.042544485,8725476.378658347,21310274.624049373,-124094.40172819029,3.7405100967785483,1
124,28,G29,12823612.009871837,8300290.900371694,21704883.508679662,20915367.1531996,-72873.0112851547,3.4635487351375254,1
124,30,G31,18116724.211550336,-10189929.59957963,16389942.10910885,20751597.319840048,-36121.85474995806,3.42478701311989,1
125,3,G04,-5812518.416942195,-15891281.384554474,20452405.23279431,24612232.21796362,19457.803603374316,16.145026128723806,1
125,4,G05,3650060.2543357695,23183982.710124392,12245418.02483696,24590602.30676032,-70993.76919957752,15.76075899263872,1
125,15,G16,3297822.9891239083,-20884396.16423553,15406689.547811413,23376233.418870103,100073.6331969583,9.621626334408868,1
125,17,G18,25109755.654808544,6410179.2713702265,6562798.0603119545,21851434.74803067,-76834.59685426207,4.168288890793042,1
125,24,G25,16897751.368523303,18824825.46442341,8267103.379584476,22841029.403207712,116486.74173847084,6.239910891650346,1
125,25,G26,10850208.042701682,-11924836.830484895,20807104.045979053,21210613.749067806,-117770.32257353188,3.8769879781120538,1
125,27,G28,24528304.95626486,-5329881.398079898,8722564.44148817,21310824.342204627,-124094.39892782785,3.7408766727825102,1
125,28,G29,12821941.91717866,8302491.743928912,21705011.49270807,20915833.663132593,-72873.00956300525,3.4638118482496774,1
125,30,G31,18118831.927494813,-10189575.384714339,16387898.747555215,20751800.592819642,-36121.854212384635,3.424799607752726,1
126,3,G04,-5810937.954100315,-15893338.316138724,20451236.377361394,24612289.766268894,19457.80441614381,16.143976350813606,1
126,4,G05,3649125.7288708007,23182695.942144733,12248096.539274255,24590396.54496087,-70993.76570327891,15.756135245194553,1
126,15,G16,3298810.549685652,-20882586.51214994,15408916.76522612,23375758.607100714,100073.63663762872,9.6183947674676,1
126,17,G18,25108924.359665766,6410332.104762288,6565829.800751506,21851115.606163695,-76834.5929369188,4.167771680389773,1
126,24,G25,16898018.257856064,18825916.109065697,8264217.607558503,22841757.52792188,116486.73952101413,6.241149313782138,1
126,25,G26,10851750.902841333,-11922596.079637501,20807618.770428047,21210370.776144847,-117770.32330031732,3.8765814705528827,1
126,27,G28,24529403.100272026,-5329595.828909899,8719652.31898292,21311374.1502634,-124094.39615842141,3.7412433757838564,1
126,28,G29,12820271.940359239,8304692.698236264,21705139.014018543,20916300.298148755,-72873.00786956833,3.4640750696901805,1
126,30,G31,18120939.40207653,-10189221.312442144,16385855.033771785,20752004.110939894,-36121.853702956185,3.4248122853884606,1
127,3,G04,-5809357.698331017,-15895395.224076658,20450067.08608512,24612346.976179548,19457.805376074186,16.142928398630453,1
127,4,G05,3648190.9567232807,23181408.93563113,12250774.79049016,24590190.859104775,-70993.76206547591,15.751515900491285,1
127,15,G16,3299798.318291815,-20880776.65028414,15411143.639553955,23375284.08402773,100073.6401651593,9.615165329005865,1
127,17,G18,25108092.69663432,6410484.959722278,6568861.403447722,21850796.54694095,-76834.58898144287,4.1672547116379475,1
127,24,G25,16898285.03872213,18827006.41676995,8261331.660727879,22842485.74979886,116486.7373606424,6.242388374006496,1
127,25,G26,10853293.910721758,-11920355.356152881,20808133.040236603,21210127.8439856,-117770.32399142339,3.8761750924500604,1
127,27,G28,24530500.895260923,-5329310.334987545,8716740.011204526,21311924.072237197,-124094.39335473874,3.741610243256361,1
127,28,G29,12818602.079057561,8306893.763766654,21705266.072637882,20916767.02418525,-72873.0061443937,3.4643383944539616,1
127,30,G31,18123046.635242805,-10188867.382733908,16383810.967804104,20752207.71784685,-36121.85316192923,3.4248250595070946,1
128,3,G04,-5807777.649656217,-15897452.108304484,20448897.358989634,24612404.775767956,19457.806264728162,16.141882507025972,1
128,4,G05,3647255.937872898,23180121.690639514,12253452.77842664,24589985.326252185,-70993.75849757645,15.74689912171037,1
128,15,G16,3300786.2947199806,-20878966.579130385,15413370.17021422,23374809.545877755,100073.64364926482,9.611938295320195,1
128,17,G18,25107260.66533382,6410637.836374024,6571892.869782883,21850477.64295534,-76834.5850441308,4.166737950213108,1
128,24,G25,16898551.711069893,18828096.38753673,8258445.539154551,22843213.776791807,116486.73517324336,6.2436278359356345,1
128,25,G26,10854837.065577986,-11918114.661159215,20808646.85514972,21209884.9961458,-117770.32469929736,3.8757688790446476,1
128,27,G28,24531598.34146456,-5329024.916199268,8713827.5175204,21312474.142747242,-124094.39056738415,3.7419773000841787,1
128,28,G29,12816932.33411244,8309094.939417936,21705392.668502066,20917233.80717926,-72873.00443425258,3.4646017767409623,1
128,30,G31,18125153.62694015,-10188513.59556191,16381766.54969774,20752411.486133423,-36121.85263564281,3.4248379642719966,1
129,3,G04,-5806197.807720667,-15899508.969248999,20447727.195820082,24612462.727243062,19457.807194443638,16.14083852814077,1
129,4,G05,3646320.6723003527,23178834.207225703,12256130.503025647,24589779.860966835,-70993.75489127482,15.742286275309967,1
129,15,G16,3301774.479455452,-20877156.297886062,15415596.358218718,23374335.15682244,100073.64715700058,9.608713431424626,1
129,17,G18,25106428.2661771,6410790.734696154,6574924.19824825,21850158.87187059,-76834.58109603294,4.1662214086037945,1
129,24,G25,16898818.27478436,18829186.02110678,8255559.2435885705,22843941.897038717,116486.73300203668,6.2448678605888785,1
129,25,G26,10856380.367749196,-11915873.994181473,20809160.21528027,21209642.238209523,-117770.32539696306,3.8753628038422443,1
129,27,G28,24532695.43833132,-5328739.57263426,8710914.83938129,21313024.357884698,-124094.38777031364,3.7423445169187377,1
129,28,G29,12815262.704770068,8311296.226187361,21705518.80166804,20917700.715814836,-72873.00271510925,3.4648652539898905,1
129,30,G31,18127260.37761799,-10188159.950812956,16379721.77901072,20752615.433110226,-36121.85210025418,3.4248509705402874,1
130,3,G04,-5804618.1732995,-15901565.80586561,20446556.597158622,24612520.860758837,19457.807970942184,16.139796316079423,1
130,4,G05,3645385.1599863265,23177546.485445503,12258807.964229157,24589574.651990287,-70993.75143665116,15.737677929447834,1
130,15,G16,3302762.8722763965,-20875345.80704335,15417822.202986699,23373860.80182995,100073.65057289354,9.605490476927539,1
130,17,G18,25105595.49878347,6410943.654812522,6577955.390226012,21849840.18510529,-76834.57718727166,4.165705042913884,1
130,24,G25,16899084.729941413,18830275.317999914,8252672.772715591,22844670.031245805,116486.73077178778,6.246108459902253,1
130,25,G26,10857923.817574397,-11913633.354744961,20809673.12074073,21209399.570735175,-117770.32613107208,3.8749568477310894,1
130,27,G28,24533792.186094467,-5328454.304178326,8708001.976154655,21313574.72379203,-124094.38500853309,3.742711838203585,1
130,28,G29,12813593.191869281,8313497.622972415,21705644.47207226,20918167.815984003,-72873.0010287333,3.4651288543142433,1
130,30,G31,18129366.886218563,-10187806.448627414,16377676.65676361,20752819.495118864,-36121.85159697717,3.424864048420133,1
131,3,G04,-5803038.746036952,-15903622.618581286,20445385.5627505,24612579.088086985,19457.808899240485,16.138754854846997,1
131,4,G05,3644449.4009100907,23176258.525354963,12261485.16197914,24589369.29503589,-70993.74783601804,15.733072822326369,1
131,15,G16,3303751.47296116,-20873535.107094504,15420047.70393771,23373386.077172052,100073.6540778015,9.602269615841534,1
131,17,G18,25104762.363566138,6411096.596701651,6580986.444207523,21849521.5307276,-76834.57323952856,4.165189000818529,1
131,24,G25,16899351.07642555,18831364.27795726,8249786.127285657,22845398.229111284,116486.72860011956,6.247349694245146,1
131,25,G26,10859467.414289191,-11911392.743977051,20810185.571276765,21209156.851887386,-117770.32682859452,3.874551004792078,1
131,27,G28,24534888.584986914,-5328169.110717128,8705088.927207895,21314125.100867506,-124094.38221170005,3.743079408723505,1
131,28,G29,12811923.794655874,8315699.130771194,21705769.679771233,20918634.73299568,-72872.9993097445,3.465392508484019,1
131,30,G31,18131473.15319135,-10187453.088892069,16375631.18251456,20753023.59007351,-36121.85106134163,3.4248772516450874,1
132,3,G04,-5801459.525955021,-15905679.407332169,20444214.09261992,24612637.433797408,19457.81012598833,16.137716384295217,1
132,4,G05,3643513.3950525736,23174970.327009875,12264162.096217593,24589163.955950517,-70993.74394655995,15.728473145558992,1
132,15,G16,3304740.2819948727,-20871724.197236747,15422272.862083113,23372911.359773442,100073.6577598539,9.599051032658766,1
132,17,G18,25103928.860143717,6411249.560488922,6584017.3615748705,21849202.761876475,-76834.56921429977,4.164673147810111,1
132,24,G25,16899617.31418492,18832452.900979657,8246899.3073607,22846126.447079416,116486.72654457224,6.248591597812687,1
132,25,G26,10861011.158600856,-11909152.160868581,20810697.567122985,21208914.02582546,-117770.32745391701,3.874145315616498,1
132,27,G28,24535984.634457808,-5327883.992338975,8702175.693991935,21314675.369053625,-124094.37934516012,3.743447090139198,1
132,28,G29,12810254.513968347,8317900.748481375,21705894.424701873,20919101.624879047,-72872.99752633172,3.465656304669462,1
132,30,G31,18133579.178483658,-10187099.87157777,16373585.356309138,20753227.654874183,-36121.85046175419,3.424890536672564,1
133,3,G04,-5799880.513075256,-15907736.172054555,20443042.18679108,24612695.572897255,19457.811199829066,16.13667909180516,1
133,4,G05,3642577.1426172955,23173681.890773356,12266838.766248347,24588958.864239432,-70993.74020855923,15.723877452464915,1
133,15,G16,3305729.298919541,-20869913.078394227,15424497.676312001,23372436.71775977,100073.66134996386,9.59583431408411,1
133,17,G18,25103094.988930207,6411402.546151216,6587048.140819542,21848884.076227993,-76834.56522851487,4.164157513291413,1
133,24,G25,16899883.443168644,18833541.187067114,8244012.313002671,22846854.833128046,116486.7244299128,6.249834084615684,1
133,25,G26,10862555.049743835,-11906911.606547814,20811209.10802551,21208671.266213965,-117770.32811571732,3.8737397345333044,1
133,27,G28,24537080.334739853,-5327598.94893101,8699262.275874184,21315225.793035284,-124094.37651400136,3.7438149168465285,1
133,28,G29,12808585.349053483,8320102.477099769,21706018.706920277,20919568.658039376,-72872.99577569499,3.4659202012618873,1
133,30,G31,18135684.962041873,-10186746.796657106,16371539.178192932,20753431.939128794,-36121.849894333136,3.4249039055886263,1
134,3,G04,-5798301.70704334,-15909792.913174905,20441869.845008656,24612753.902972285,19457.81184117849,16.13564415488262,1
134,4,G05,3641640.643137944,23172393.216086965,12269515.173289731,24588753.807149578,-70993.73689207881,15.719284333148922,1
134,15,G16,3306718.5242195833,-20868101.749764096,15426722.147635411,23371962.170116875,100073.6646822394,9.59261983617644,1
134,17,G18,25102260.74974318,6411555.553776069,6590078.782600961,21848565.3978388,-76834.56135391296,4.163641987283428,1
134,24,G25,16900149.463261664,18834629.135961,8241125.144961865,22847583.181205,116486.72214849743,6.251076855187104,1
134,25,G26,10864099.088056713,-11904671.080540387,20811720.194096733,21208428.64117855,-117770.32888093413,3.8733343197187655,1
134,27,G28,24538175.686065666,-5327313.9803795805,8696348.672221892,21315776.40910894,-124094.37378283503,3.744182852342565,1
134,28,G29,12806916.30074983,8322304.315523656,21706142.526363824,20920035.873240378,-72872.99411766714,3.466184179791194,1
134,30,G31,18137790.503812514,-10186393.864102315,16369492.648211557,20753636.471874505,-36121.84941823915,3.424917378847305,1
135,3,G04,-5796723.108632992,-15911849.629649023,20440697.067855876,24612812.657995015,19457.812683085773,16.134611415633348,1
135,4,G05,3640703.896817374,23171104.30331388,12272191.316645557,24588548.839963246,-70993.73338107395,15.714694578217868,1
135,15,G16,3307707.9576737876,-20866290.211838625,15428946.275473027,23371487.653186366,100073.66813287896,9.589407782004443,1
135,17,G18,25101426.14239954,6411708.583452343,6593109.287578383,21848246.953980535,-76834.55742733537,4.163126707238036,1
135,24,G25,16900415.374538604,18835716.7481813,8238237.801923528,22848311.476791702,116486.71994518347,6.252320160956973,1
135,25,G26,10865643.273879744,-11902430.582370598,20812230.825448643,21208186.166913014,-117770.32959762421,3.872929065279889,1
135,27,G28,24539270.68788487,-5327029.086772904,8693434.88448627,21316327.137980804,-124094.3710049419,3.744550991189176,1
135,28,G29,12805247.368303167,8324506.264751624,21706265.883088175,20920503.124179427,-72872.99241629428,3.466448229576647,1
135,30,G31,18139895.80374336,-10186041.073883465,16367445.766410626,20753841.12579453,-36121.84889917084,3.424930980557282,1
136,3,G04,-5795144.717488783,-15913906.321903748,20439523.85507753,24612871.515764628,19457.813670095205,16.133578906091817,1
136,4,G05,3639766.903636437,23169815.15250995,12274867.196257813,24588344.029130865,-70993.72973230525,15.710109316100311,1
136,15,G16,3308697.59906045,-20864478.465110358,15431170.059244867,23371013.25687176,100073.67166849884,9.58619744146715,1
136,17,G18,25100591.167313624,6411861.635157773,6596139.654243528,21847928.87587883,-76834.55346364457,4.162611759374121,1
136,24,G25,16900681.17688512,18836804.02346871,8235350.284637906,22849039.94380934,116486.71779760464,6.253564258493985,1
136,25,G26,10867187.606447803,-11900190.113166004,20812741.001828026,21207943.816055417,-117770.33027940197,3.8725238840356586,1
136,27,G28,24540365.340430316,-5326744.267996767,8690520.912034595,21316878.089098644,-124094.36819357723,3.7449193438921875,1
136,28,G29,12803578.552551778,8326708.323681047,21706388.777031176,20920970.53593968,-72872.99068386373,3.4667123702520373,1
136,30,G31,18142000.862283293,-10185688.425887883,16365398.532347614,20754045.93997735,-36121.84834920291,3.424944671489338,1
137,3,G04,-5793566.53363296,-15915962.989875102,20438350.206697848,24612930.276929837,19457.81445346256,16.132548410247,1
137,4,G05,3638829.663575977,23168525.763731018,12277542.812068515,24588139.284190506,-70993.7262840099,15.70552868880236,1
137,15,G16,3309687.4488644395,-20862666.508776113,15433393.499961494,23370538.9359421,100073.6750826119,9.582988994256032,1
137,17,G18,25099755.824103516,6412014.7090166025,6599169.883978144,21847610.80503642,-76834.54955219492,4.162096958206425,1
137,24,G25,16900946.870249733,18837890.961823784,8232462.593166965,22849768.448240243,116486.71557144237,6.254808911806588,1
137,25,G26,10868732.086467756,-11897949.671918148,20813250.723468468,21207701.49981905,-117770.33100967144,3.872118826282411,1
137,27,G28,24541459.6436736,-5326459.524005027,8687606.754928812,21317429.074837714,-124094.36542916336,3.745287776113748,1
137,28,G29,12801909.85274274,8328910.493308735,21706511.208248075,20921438.100145034,-72872.98899503257,3.4669766453812105,1
137,30,G31,18144105.678375192,-10185335.9202558,16363350.947044348,20754250.8602575,-36121.847842010626,3.424958426416132,1
138,3,G04,-5791988.557086654,-15918019.633499498,20437176.12274111,24612989.177138377,19457.815069731747,16.131518386301057,1
138,4,G05,3637892.176615399,23167236.137033172,12280218.164019674,24587934.712914716,-70993.723000084,15.700950736248952,1
138,15,G16,3310677.5068635033,-20860854.34332847,15435616.597042855,23370064.34306824,100073.67839619446,9.5797824763377,1
138,17,G18,25098920.11318399,6412167.805006439,6602199.975274082,21847292.81795505,-76834.54568405356,4.1615824336279745,1
138,24,G25,16901212.454580817,18838977.563247282,8229574.727572659,22850497.025264055,116486.71328031938,6.256054095867196,1
138,25,G26,10870276.71317429,-11895709.2597546,20813759.990117237,21207459.280187093,-117770.33177995234,3.8717138747018356,1
138,27,G28,24542553.59784703,-5326174.854684204,8684692.412535984,21317980.310743105,-124094.36270372095,3.7456564282965634,1
138,28,G29,12800241.26971383,8331112.772532527,21706633.176677164,20921905.682777815,-72872.98734214673,3.467240971367318,1
138,30,G31,18146210.252467856,-10184983.556874765,16361303.010058384,20754455.92684027,-36121.847370190495,3.424972297578671,1
139,3,G04,-5790410.787871568,-15920076.252713153,20436001.60323154,24613048.314111475,19457.81617303396,16.13049240164699,1
139,4,G05,3636954.4427352147,23165946.27247232,12282893.252053313,24587730.30078491,-70993.71924306534,15.696377963544569,1
139,15,G16,3311667.7728354926,-20859041.96926018,15437839.349909252,23369589.978024423,100073.68199880986,9.576578621497012,1
139,17,G18,25098084.03417209,6412320.923254224,6605229.929512965,21846974.834782533,-76834.54168954784,4.161068080607178,1
139,24,G25,16901477.929825816,18840063.827740826,8226686.687916953,22851225.705034748,116486.71117903962,6.257299890499237,1
139,25,G26,10871821.486907354,-11893468.876199892,20814268.801886212,21207217.076748937,-117770.33243262471,3.8713091200332435,1
139,27,G28,24543647.202401236,-5325890.260120963,8681777.886307701,21318531.46400426,-124094.35986452148,3.7460252006673165,1
139,28,G29,12798572.802711213,8333315.162350855,21706754.682373285,20922373.29500617,-72872.98558404983,3.467505433276451,1
139,30,G31,18148314.584509235,-10184631.335714582,16359254.721435381,20754661.11180532,-36121.84679419018,3.4249862724770543,1
140,3,G04,-5788833.2256328305,-15922132.847942753,20434826.64791327,24613107.529261548,19457.816629866153,16.129465453701144,1
140,4,G05,3636016.462139956,23164656.170411963,12285568.075473748,24587525.739002034,-70993.7161180167,15.691807823307045,1
140,15,G16,3312658.2472657594,-20857229.38576774,15440061.759570763,23369115.373982426,100073.68521616733,9.573376082844899,1
140,17,G18,25097247.58748379,6412474.063734287,6608259.745186785,21846657.063246254,-76834.53786230058,4.160553982770434,1
140,24,G25,16901743.295871772,18841149.75504458,8223798.474950385,22851954.226217862,116486.7088263511,6.2585462114829795,1
140,25,G26,10873366.408005143,-11891228.52078028,20814777.158886906,21206974.859909013,-117770.33324058054,3.8709044134073425,1
140,27,G28,24544740.457567967,-5325605.740204942,8678863.175611084,21319082.750724684,-124094.35717586122,3.7463941513920247,1
140,28,G29,12796904.45257388,8335517.661659378,21706875.72527518,20922840.998813268,-72872.98396523038,3.4677699563907884,1
140,30,G31,18150418.67444492,-10184279.256749185,16357206.081220979,20754866.42576238,-36121.84635556578,3.42500032651556,1
141,3,G04,-5787255.871144139,-15924189.418143896,20433651.25737083,24613166.892947875,19457.81757394184,16.12844155984433,1
141,4,G05,3635078.234361534,23163365.830293078,12288242.635498479,24587321.546884574,-70993.7125194343,15.687241462751265,1
141,15,G16,3313648.9299323163,-20855416.59334384,15442283.825447615,23368641.146865133,100073.68872204132,9.57017623888911,1
141,17,G18,25096410.772735644,6412627.22657435,6611289.423677056,21846339.449739147,-76834.53390896202,4.160040136189623,1
141,24,G25,16902008.55279172,18842235.345678817,8220910.087357745,22852682.884769093,116486.70666336239,6.259793109406842,1
141,25,G26,10874911.475703243,-11888988.194622248,20815285.06086725,21206732.759217735,-117770.33393107567,3.8704998944726587,1
141,27,G28,24545833.363580167,-5325321.294818513,8675948.279813102,21319634.207759235,-124094.3543736798,3.7467633137574317,1
141,28,G29,12795236.218945105,8337720.270932561,21706996.305408575,20923308.77912212,-72872.98224124662,3.4680345585717096,1
141,30,G31,18152522.522223298,-10183927.319947597,16355157.08946083,20755071.975925587,-36121.84581293126,3.42501451990025,1
142,3,G04,-5785678.72405108,-15926245.9637431,20432475.431348436,24613226.5291368,19457.81831457436,16.12741955525442,1
142,4,G05,3634139.75960495,23162075.252479013,12290916.931431776,24587117.327963583,-70993.70912034647,15.682678983090772,1
142,15,G16,3314639.820612107,-20853603.592481486,15444505.546960382,23368166.913046956,100073.69210653636,9.566978392621284,1
142,17,G18,25095573.59034338,6412780.411751092,6614318.963475867,21846021.892072737,-76834.5300078488,4.159526454869366,1
142,24,G25,16902273.70047195,18843320.599384353,8218021.525889561,22853411.612004377,116486.70442177208,6.261040511381476,1
142,25,G26,10876456.69070857,-11886747.896717597,20815792.508059774,21206490.79924502,-117770.33467004035,3.8700955074663304,1
142,27,G28,24546925.919888146,-5325036.924052461,8673033.20036562,21320185.856885783,-124094.35161851224,3.7471325901032304,1
142,28,G29,12793568.101470325,8339922.990641784,21707116.422798764,20923776.739796422,-72872.98056084308,3.4682992696190955,1
142,30,G31,18154626.127790656,-10183575.525282552,16353107.74620059,20755277.651171952,-36121.8453130926,3.4250287969346536,1
143,3,G04,-5784101.784375116,-15928302.48467662,20431299.169870384,24613286.22507527,19457.81925630646,16.126400893084657,1
143,4,G05,3633201.0378501234,23160784.437025845,12293590.963215683,24586913.111276213,-70993.70552643975,15.678120771134642,1
143,15,G16,3315630.9197912957,-20851790.382376842,15446726.925118666,23367692.880255286,100073.69560993623,9.563783040692035,1
143,17,G18,25094736.04012352,6412933.619353519,6617348.365242379,21845704.394155875,-76834.52605429321,4.159012936452008,1
143,24,G25,16902538.73886022,18844405.516162544,8215132.790607775,22854140.353758246,116486.70225908322,6.262288431772722,1
143,25,G26,10878002.052255794,-11884507.628193457,20816299.500212878,21206248.95877139,-117770.33536015709,3.8696913033173983,1
143,27,G28,24548018.126724485,-5324752.6277913675,8670117.936635638,21320737.52220613,-124094.34881609585,3.7475019924491924,1
143,28,G29,12791900.100986822,8342125.819684847,21707236.077385183,20924244.769154783,-72872.97883676545,3.4685640953663914,1
143,30,G31,18156729.491094533,-10183223.872724568,16351058.05148595,20755483.405153703,-36121.844769900265,3.425043179658641,1
144,3,G04,-5782525.052137546,-15930358.980880769,20430122.472960986,24613345.723896086,19457.82008785801,16.125384184545787,1
144,4,G05,3632262.069077157,23159493.383989573,12296264.730792237,24586708.986725997,-70993.7020399026,15.673564897060038,1
144,15,G16,3316622.2270106426,-20849976.963955227,15448947.958813481,23367218.69892737,100073.69904700847,9.56059004514999,1
144,17,G18,25093898.121892862,6413086.849468232,6620377.629635595,21845386.84095672,-76834.5221289398,4.158499623823437,1
144,24,G25,16902803.66790525,18845490.09601391,8212243.881574399,22854869.134042192,116486.70005412305,6.26353674144118,1
144,25,G26,10879547.56068391,-11882267.388575338,20816806.03743799,21206007.25119862,-117770.33607638575,3.8692872618028336,1
144,27,G28,24549109.984060675,-5324468.405990113,8667202.48868509,21321289.35393176,-124094.34603911772,3.747871588121548,1
144,28,G29,12790232.216741694,8344328.759059342,21707355.269221615,20924712.756074212,-72872.97713613627,3.4688289741675673,1
144,30,G31,18158832.612582896,-10182872.36216211,16349008.004873749,20755689.270258438,-36121.84424974901,3.4250576948190994,1
145,3,G04,-5780948.527359509,-15932415.452291919,20428945.340644553,24613405.81518669,19457.820775975048,16.12436857284855,1
145,4,G05,3631322.8532667854,23158202.09342615,12298938.234103506,24586505.07772087,-70993.69869438944,15.669012164041574,1
145,15,G16,3317613.7427566424,-20848163.336412612,15451168.649054136,23366744.442214504,100073.70239801351,9.557399029780909,1
145,17,G18,25093059.836067386,6413240.1020732,6623406.755147816,21845069.46421417,-76834.5182405883,4.15798654759773,1
145,24,G25,16903068.487492744,18846574.338680442,8209354.799540214,22855597.980776567,116486.69779350408,6.26478557759881,1
145,25,G26,10881093.216332464,-11880027.177388398,20817312.119846094,21205765.55088514,-117770.33682682487,3.8688833392031317,1
145,27,G28,24550201.492128666,-5324184.258534603,8664286.855880806,21321841.320233464,-124094.34329547836,3.7482413670229744,1
145,28,G29,12788564.449572602,8346531.807662146,21707473.998247966,20925180.85020778,-72872.9754663038,3.469093925565241,1
145,30,G31,18160935.491199963,-10182520.993734136,16346957.607387222,20755895.467056915,-36121.84375983149,3.4250723160963075,1
146,3,G04,-5779372.2096868465,-15934471.899336508,20427767.77266463,24613465.880790573,19457.821342814135,16.12335476483407,1
146,4,G05,3630383.390399751,23156910.56539152,12301611.473091535,24586301.23293254,-70993.69546843313,15.664463433382725,1
146,15,G16,3318605.4668065803,-20846349.500241976,15453388.9952613,23366270.136920236,100073.70567649891,9.554210005953959,1
146,17,G18,25092221.182263605,6413393.377293122,6626435.7431602655,21844752.201945044,-76834.51438329797,4.1574736570806445,1
146,24,G25,16903333.197697405,18847658.24467996,8206465.543189569,22856326.81187555,116486.69548600829,6.266034960284341,1
146,25,G26,10882639.018435452,-11877786.995760107,20817817.747186262,21205524.005808797,-117770.33760601944,3.8684795451054286,1
146,27,G28,24551292.65037985,-5323900.185513506,8661371.039675003,21322393.37476347,-124094.34057983241,3.7486112731212398,1
146,28,G29,12786896.798726618,8348734.966491129,21707592.264517598,20925649.04206257,-72872.97382242544,3.4693589849713082,1
146,30,G31,18163038.127394423,-10182169.767327903,16344906.858583324,20756101.71187839,-36121.84329529228,3.4250870230847865,1
147,3,G04,-5777796.099892494,-15936528.320970263,20426589.769607067,24613525.983249318,19457.822159795458,16.12234393148776,1
147,4,G05,3629443.6806799127,23155618.800249804,12304284.447061142,24586097.69694327,-70993.69200005547,15.65991852888859,1
147,15,G16,3319597.398937567,-20844535.455936566,15455608.996855982,23365795.950008243,100073.70910265943,9.551023493799018,1
147,17,G18,25091382.160897534,6413546.6751071,6629464.592165382,21844434.88606885,-76834.5104610581,4.156960968388137,1
147,24,G25,16903597.798403848,18848741.81375534,8203576.11327324,22857055.467076335,116486.69327639522,6.267284870390871,1
147,25,G26,10884184.967332747,-11875546.843215244,20818322.91956962,21205282.41382627,-117770.33832467544,3.868075929585167,1
147,27,G28,24552383.459046546,-5323616.186811555,8658455.039434506,21322945.44492887,-124094.3378056389,3.7489813451785823,1
147,28,G29,12785229.265040748,8350938.2344438555,21707710.067970876,20926117.194828868,-72872.97212434626,3.4696241381789585,1
147,30,G31,18165140.521113772,-10181818.682914078,16342855.758507755,20756307.961167116,-36121.84277705873,3.4251018501819304,1
148,3,G04,-5776220.197621738,-15938584.71761981,20425411.33121549,24613586.122004516,19457.822970937334,16.121334404802475,1
148,4,G05,3628503.72363999,23154326.797440983,12306957.157228958,24585893.89626909,-70993.68853930612,15.655377338889972,1
148,15,G16,3320589.539636262,-20842721.202692054,15457828.654847031,23365321.79827589,100073.71252441031,9.547838973203277,1
148,17,G18,25090542.771585733,6413699.995638599,6632493.303544225,21844117.737156343,-76834.50654030014,4.1564485243719265,1
148,24,G25,16903862.28956116,18849825.045906845,8200686.509853184,22857784.337822214,116486.69106457372,6.268535377905759,1
148,25,G26,10885731.063363725,-11873306.719279205,20818827.637106862,21205040.948043715,-117770.33904448322,3.867672432704003,1
148,27,G28,24553473.918360263,-5323332.262315667,8655538.854526022,21323497.636826992,-124094.33503275225,3.7493515956825285,1
148,28,G29,12783561.847762343,8353141.612517993,21707827.40866073,20926585.43191462,-72872.97042743974,3.469889378350031,1
148,30,G31,18167242.672304787,-10181467.740464507,16340804.30720623,20756514.385237228,-36121.84225978663,3.4251167779009544,1
149,3,G04,-5774644.502895962,-15940641.089221403,20424232.457514264,24613646.166947342,19457.82335301802,16.120324907259544,1
149,4,G05,3627563.519485181,23153034.55732891,12309629.602899747,24585689.985030334,-70993.68549846894,15.650840236335846,1
149,15,G16,3321581.8886796185,-20840906.741001647,15460047.968655387,23364847.600195758,100073.71569109979,9.544655829357863,1
149,17,G18,25089703.014745105,6413853.33886457,6635521.875789423,21843800.673121694,-76834.50273038901,4.15593630084246,1
149,24,G25,16904126.671118572,18850907.941134598,8197796.732991407,22858513.07399201,116486.68868547268,6.269786515623482,1
149,25,G26,10887277.305761646,-11871066.625079833,20819331.899547745,21204799.361086853,-117770.33986716451,3.867268996320805,1
149,27,G28,24554564.02777269,-5323048.412115618,8652622.486402048,21324049.846035726,-124094.33235980834,3.74972197102279,1
149,28,G29,12781894.547729267,8355345.099609487,21707944.286527995,20927053.771747254,-72872.96882307746,3.4701547280949328,1
149,30,G31,18169344.58091417,-10181116.939951243,16338752.504724437,20756720.857888747,-36121.8418335785,3.425131762269364,1
150,3,G04,-5773069.0157367,-15942697.435711207,20423053.14852776,24613706.726182986,19457.824329728555,16.11931985025565,1
150,4,G05,3626623.068194715,23151742.079969805,12312301.78401559,24585486.268117204,-70993.68188041882,15.646307797734885,1
150,15,G16,3322574.445844646,-20839092.071358714,15462266.93770233,23364373.581922673,100073.71920970656,9.541475569307927,1
150,17,G18,25088862.889990818,6414006.7049126765,6638550.310281901,21843483.58786758,-76834.49876637182,4.155424254983325,1
150,24,G25,16904390.94295964,18851990.499183126,8194906.783438924,22859242.05474406,116486.68653876455,6.2710382188277976,1
150,25,G26,10888823.695235781,-11868826.559607314,20819835.70712317,21204557.980182156,-117770.3405464213,3.8668657802167545,1
150,27,G28,24555653.78751633,-5322764.636094218,8649705.934429303,21324602.2350515,-124094.32954784045,3.7500924931126898,1
150,28,G29,12780227.364585046,8357548.6961928215,21708060.701597493,20927522.20483385,-72872.96709009474,3.4704201967933686,1
150,30,G31,18171446.246890206,-10180766.281343555,16336700.351108111,20756927.442221656,-36121.84128020912,3.42514687179821,1
151,3,G04,-5771493.736164638,-15944753.757025719,20421873.404280353,24613767.25414784,19457.825335563826,16.118314718079294,1
151,4,G05,3625682.369749594,23150449.36541963,12314973.700518565,24585282.861119937,-70993.67823750188,15.641779316282035,1
151,15,G16,3323567.2116184696,-20837277.192958634,15464485.562996231,23363899.489939865,100073.72274417436,9.53829694651079,1
151,17,G18,25088022.397740513,6414160.0937585365,6641578.60551439,21843166.76897359,-76834.49479524155,4.15491253866947,1
151,24,G25,16904655.105160203,18853072.720568247,8192016.659879703,22859971.181798734,116486.68440285517,6.272290675511362,1
151,25,G26,10890370.23101931,-11866586.523989353,20820339.059583332,21204316.618821707,-117770.3412186681,3.8664626325195073,1
151,27,G28,24556743.197562553,-5322480.934207302,8646789.19866977,21325154.750825662,-124094.32672936463,3.7504632375694813,1
151,28,G29,12778560.297975006,8359752.40273996,21708176.653893594,20927990.693202734,-72872.9653509928,3.470685744442737,1
151,30,G31,18173547.670179337,-10180415.76461386,16334647.846402986,20757134.23204833,-36121.84072061036,3.425162074465246,1
152,3,G04,-5769918.663826519,-15946810.053591093,20420693.22451501,24613827.9429339,19457.82623216389,16.117312670130314,1
152,4,G05,3624741.4241303317,23149156.41373441,12317645.352350771,24585079.630020868,-70993.67470105016,15.637254461550771,1
152,15,G16,3324560.1857770304,-20835462.1062949,15466703.843958305,23363425.43425351,100073.72621356712,9.535120675447253,1
152,17,G18,25087181.537810158,6414313.505490714,6644606.762145762,21842849.98581764,-76834.49085170045,4.1544009402749085,1
152,24,G25,16904919.157605268,18854154.605033085,8189126.363064698,22860700.212249003,116486.68222533065,6.273543538830218,1
152,25,G26,10891916.913451286,-11864346.517751638,20820841.957038864,21204075.36076655,-117770.34191657821,3.8660596627031207,1
152,27,G28,24557832.25814292,-5322197.306340281,8643872.278489953,21325707.25822372,-124094.32393578978,3.75083408217276,1
152,28,G29,12776893.348736458,8361956.218147233,21708292.143357832,20928459.26086541,-72872.96363501837,3.470951401409376,1
152,30,G31,18175648.850728545,-10180065.389733821,16332594.990654774,20757341.164827187,-36121.84018361352,3.425177376143376,1
153,3,G04,-5768343.799494421,-15948866.324363178,20419512.609818857,24613888.746751796,19457.827279495163,16.116313677508327,1
153,4,G05,3623800.2313170177,23147863.224970255,12320316.7394543,24584876.287240405,-70993.67101884166,15.632733222033705,1
153,15,G16,3325553.368097282,-20833646.811861027,15468921.780010102,23362951.364048574,100073.72977154126,9.531946899681515,1
153,17,G18,25086340.3100155,6414466.940197454,6647634.7808347475,21842533.174182944,-76834.48686881702,4.153889518885625,1
153,24,G25,16905183.100243032,18855236.15257877,8186235.89305593,22861429.199143525,116486.6801072877,6.274796880944668,1
153,25,G26,10893463.74287181,-11862106.540419007,20821344.399599988,21203834.112204306,-117770.34257780449,3.865656875063903,1
153,27,G28,24558920.968710072,-5321913.752581544,8640955.175342752,21326259.685211174,-124094.3211066903,3.7512050784698556,1
153,28,G29,12775226.516116442,8364160.143413325,21708407.170042083,20928927.759844027,-72872.9618861737,3.4712171527076827,1
153,30,G31,18177749.788986128,-10179715.156590693,16330541.783419661,20757548.161822844,-36121.839614001445,3.425192795935967,1
154,3,G04,-5766769.142813664,-15950922.569768583,20418331.559935004,24613949.574022785,19457.82796276528,16.115314243792167,1
154,4,G05,3622858.79151565,23146569.79949146,12322987.861134438,24584672.883035176,-70993.66769349108,15.628216014065604,1
154,15,G16,3326546.7590665324,-20831831.308852132,15471139.372159528,23362477.19612242,100073.73311298135,9.528774427837241,1
154,17,G18,25085498.71477461,6414620.397854851,6650662.660074271,21842216.430115487,-76834.4829801584,4.153378359962969,1
154,24,G25,16905446.93302324,18856317.363205064,8183345.2499153875,22862158.26421503,116486.67784689098,6.276050911238024,1
154,25,G26,10895010.718513796,-11859866.593119169,20821846.387017578,21203592.802217294,-117770.34332637709,3.8652541339765656,1
154,27,G28,24560009.32949527,-5321630.272818604,8638037.888594706,21326812.318809204,-124094.3183625954,3.7515762300913873,1
154,28,G29,12773559.800952507,8366364.177433903,21708521.73388833,20929396.411826156,-72872.96021599589,3.4714830039295834,1
154,30,G31,18179850.483896874,-10179365.065323703,16328488.225722441,20757755.25709813,-36121.83912175339,3.4252082770419343,1
155,3,G04,-5765194.693805671,-15952978.78974353,20417150.074887842,24614010.66877071,19457.828855954725,16.11431729501814,1
155,4,G05,3621917.104256447,23145276.136737563,12325658.718606994,24584469.836210407,-70993.66416478482,15.623701653089544,1
155,15,G16,3327540.3582243826,-20830015.598194677,15473356.619299479,23362003.30293249,100073.73657767776,9.52560449374259,1
155,17,G18,25084656.75170219,6414773.878589158,6653690.401244989,21841899.930071875,-76834.47903710054,4.152867436351,1
155,24,G25,16905710.655830104,18857398.23665644,8180454.434394344,22862887.432033412,116486.67566882956,6.277305420508287,1
155,25,G26,10896557.84071738,-11857626.67537686,20822347.91940199,21203351.763057664,-117770.34402418045,3.8648515701579234,1
155,27,G28,24561097.34047071,-5321346.867003455,8635120.418307839,21327365.276841685,-124094.31556939174,3.7519475965145745,1
155,28,G29,12771893.202491365,8368568.321208366,21708635.834948033,20929865.221837457,-72872.95850026172,3.4717489144645746,1
155,30,G31,18181950.935909428,-10179015.115819631,16326434.3171194,20757962.61482469,-36121.83858444511,3.4252239002139064,1
156,3,G04,-5763620.452491657,-15955034.984224267,20415968.154701795,24614072.009776108,19457.830126593413,16.113323001343737,1
156,4,G05,3620975.1697447584,23143982.23707291,12328329.311177192,24584267.073056377,-70993.66027158886,15.619191596517345,1
156,15,G16,3328534.1660583834,-20828199.679083586,15475573.522437537,23361529.365070008,100073.7402647576,9.522436951914832,1
156,17,G18,25083814.42121606,6414927.382378945,6656718.002839956,21841583.470233563,-76834.4749964504,4.152356752114679,1
156,24,G25,16905974.268737834,18858478.77344927,8177563.4451763015,22863616.747829642,116486.67363833112,6.278560568626089,1
156,25,G26,10898105.109822655,-11855386.786717014,20822848.996863116,21203110.82999536,-117770.34463098733,3.864449167389681,1
156,27,G28,24562185.001867726,-5321063.535021452,8632202.763848474,21327918.348789185,-124094.31268796505,3.7523191435287355,1
156,28,G29,12770226.721569758,8370772.573633283,21708749.473163627,20930334.041900083,-72872.95670287503,3.4720149259772928,1
156,30,G31,18184051.14497127,-10178665.308049189,16324380.057656275,20758170.05910433,-36121.83796639013,3.425239637929191,1
157,3,G04,-5762046.418893305,-15957091.153146869,20414785.799401306,24614133.38707796,19457.83061743665,16.112329039369833,1
157,4,G05,3620032.9879620597,23142688.10055343,12330999.638787156,24584064.12674486,-70993.65713612805,15.614684147255874,1
157,15,G16,3329528.1823441335,-20826383.55201262,15477790.080995372,23361055.362990726,100073.74348998633,9.519270917943267,1
157,17,G18,25082971.722931817,6415080.90934567,6659745.466239671,21841267.141062483,-76834.47115682666,4.151846214808109,1
157,24,G25,16906237.77163361,18859558.97332529,8174672.283012513,22864345.927932978,116486.67130396864,6.279816099722957,1
157,25,G26,10899652.525061173,-11853146.928268302,20823349.61915254,21202869.96226667,-117770.3454247279,3.8640468532287326,1
157,27,G28,24563272.31313894,-5320780.276964214,8629284.926669875,21328471.55419595,-124094.30998817978,3.7526907974749806,1
157,28,G29,12768560.357436474,8372976.935705126,21708862.64858616,20930803.055729926,-72872.95507360245,3.4722810213890356,1
157,30,G31,18186151.11102818,-10178315.64198609,16322325.447378842,20758377.696034376,-36121.83751395847,3.4252554471689876,1
158,3,G04,-5760472.593031133,-15959147.296447812,20413603.009010814,24614194.592948873,19457.83128080212,16.11133629106059,1
158,4,G05,3619090.5588885136,23141393.727235258,12333669.701379009,24583861.23124838,-70993.65383651276,15.610181682029307,1
158,15,G16,3330522.4068591977,-20824567.217475448,15480006.294394987,23360581.27603358,100073.74681638525,9.516106692044008,1
158,17,G18,25082128.657267254,6415234.459469474,6662772.789937378,21840950.89509404,-76834.46727276765,4.1513359452949,1
158,24,G25,16906501.164465006,18860638.836286273,8171780.947964972,22865075.244846024,116486.66903664535,6.281072403932596,1
158,25,G26,10901200.087143032,-11850907.099020647,20823849.786499497,21202629.078902584,-117770.346176832,3.863644635421217,1
158,27,G28,24564359.274516217,-5320497.092715099,8626366.906138446,21329024.732240777,-124094.30724817631,3.753062613263775,1
158,28,G29,12766894.110927245,8375181.406321676,21708975.36115854,20931272.062858887,-72872.95340713923,3.4725472372477597,1
158,30,G31,18188250.834028587,-10177966.117599333,16320270.486332895,20758585.359767955,-36121.83702456612,3.4252713338862586,1
159,3,G04,-5758898.974551523,-15961203.41455344,20412419.783272628,24614256.371745333,19457.832478322915,16.11034689976167,1
159,4,G05,3618147.88250361,23140099.117174666,12336339.498894881,24583658.513883717,-70993.65001945967,15.605682692253684,1
159,15,G16,3331516.8400907093,-20822750.674666796,15482222.163643498,23360107.47888965,100073.75045756588,9.512945260081123,1
159,17,G18,25081285.22403769,6415388.032839495,6665799.974591711,21840634.75187248,-76834.46325060239,4.15082592078828,1
159,24,G25,16906764.447179347,18861718.36233422,8168889.4400957,22865804.65892188,116486.66697839848,6.282329255433951,1
159,25,G26,10902747.795301374,-11848667.300101068,20824349.49865602,21202388.24802875,-117770.3468002743,3.86324261971686,1
159,27,G28,24565445.88597166,-5320213.9822268775,8623448.702316169,21329578.058821853,-124094.30438332458,3.75343465002603,1
159,28,G29,12765227.981686428,8377385.985956572,21709087.61090467,20931741.105167486,-72872.95162505603,3.4728135252976498,1
159,30,G31,18190350.313919965,-10177616.734859655,16318215.17456419,20758793.25077317,-36121.83642101491,3.4252873706361373,1
160,3,G04,-5757325.5642260695,-15963259.50641952,20411236.122775402,24614317.99307103,19457.833502677568,16.109358798777034,1
160,4,G05,3617204.9590141834,23138804.27073626,12339009.03064047,24583456.171768542,-70993.64637292363,15.601188180989986,1
160,15,G16,3332511.481814938,-20820933.92408049,15484437.68816284,23359633.66890236,100073.75399568977,9.509785544980623,1
160,17,G18,25080441.423058916,6415541.629541701,6668827.020861174,21840318.77617301,-76834.45927298194,4.150316090659729,1
160,24,G25,16907027.619663853,18862797.551211525,8165997.760156155,22866534.13498091,116486.66485271385,6.283586735898115,1
160,25,G26,10904295.649875227,-11846427.531035444,20824848.755731948,21202147.58411861,-117770.34746497948,3.8628407046228075,1
160,27,G28,24566532.147735864,-5319930.94538696,8620530.314569265,21330131.517745383,-124094.30155866352,3.753806799776229,1
160,28,G29,12763561.969359828,8379590.6750814505,21709199.39784804,20932210.326166317,-72872.949880247,3.4730799373675043,1
160,30,G31,18192449.5506488,-10177267.4937395,16316159.512118548,20759001.256810218,-36121.835853953,3.4253034734687624,1
161,3,G04,-5755752.361700882,-15965315.572472464,20410052.02726156,24614379.69089848,19457.834389471922,16.108372366832405,1
161,4,G05,3616261.7879505428,23137509.18735881,12341678.297830854,24583253.878793176,-70993.64286080617,15.596696766978688,1
161,15,G16,3333506.331807746,-20819116.966210574,15486652.867375292,23359160.00075044,100073.75745169599,9.50662791482348,1
161,17,G18,25079597.254749797,6415695.24955413,6671853.927239237,21840002.883117773,-76834.45533065213,4.14980646233311,1
161,24,G25,16907290.68199213,18863876.40343407,8163105.906829502,22867263.53788862,116486.66267371376,6.284844700284341,1
161,25,G26,10905843.651204456,-11844187.791349042,20825347.557836704,21201906.95203766,-117770.3481623731,3.8624389272588973,1
161,27,G28,24567618.05926276,-5319647.982284075,8617611.744351333,21330685.117945872,-124094.29876590396,3.754179113864341,1
161,28,G29,12761896.07478385,8381795.472592592,21709310.72193223,20932679.646003176,-72872.94816492495,3.4733464287218396,1
161,30,G31,18194548.54416225,-10176918.394210229,16314103.499041745,20759209.41026671,-36121.835315798315,3.4253196837495445,1
162,3,G04,-5754179.36699686,-15967371.612648588,20408867.496755574,24614441.680214368,19457.835213250553,16.1073869899271,1
162,4,G05,3615318.369518636,23136213.867407035,12344347.299771678,24583051.52215942,-70993.63941280998,15.59221011554401,1
162,15,G16,3334501.390557427,-20817299.800251376,15488867.702287499,23358686.080198575,100073.76086971641,9.503471951153164,1
162,17,G18,25078752.718724377,6415848.893001288,6674880.69510603,21839687.07494039,-76834.45140457009,4.1492970615896185,1
162,24,G25,16907553.634050217,18864954.918745298,8160213.880867156,22867992.960898988,116486.66047000252,6.286103371671067,1
162,25,G26,10907391.798521949,-11841948.082168845,20825845.904723004,21201666.314931046,-117770.34887464414,3.86203723981854,1
162,27,G28,24568703.62078346,-5319365.092803777,8614692.99102863,21331238.714795925,-124094.29598776496,3.754551558091134,1
162,28,G29,12760230.297206255,8384000.3794886265,21709421.58320724,20933149.012187816,-72872.94646319679,3.473613045491555,1
162,30,G31,18196647.294407774,-10176569.436242549,16312047.135379598,20759417.56874886,-36121.83479076462,3.425335959532189,1
163,3,G04,-5752606.5801355345,-15969427.626883987,20407682.531281948,24614503.729838207,19457.83596057692,16.106403981197168,1
163,4,G05,3614374.703698536,23134918.310937133,12347016.0364051,24582849.015872594,-70993.63603946511,15.587726679373041,1
163,15,G16,3335496.6576022627,-20815482.42713026,15491082.191793734,23358212.27523695,100073.76424196415,9.50031824222794,1
163,17,G18,25077907.815401826,6416002.559861473,6677907.322955151,21839371.299150616,-76834.44749783576,4.148787832880444,1
163,24,G25,16907816.475786164,18866033.09714657,8157321.682331152,22868722.372182813,116486.658237035,6.287362492168235,1
163,25,G26,10908940.092167338,-11839708.403020257,20826343.79650039,21201425.74483327,-117770.34960482935,3.8616357128620176,1
163,27,G28,24569788.83226996,-5319082.276899546,8611774.054663166,21331792.38423888,-124094.29322714305,3.754924149168867,1
163,28,G29,12758564.63746339,8386205.394665574,21709531.981617115,20933618.44091404,-72872.94477767598,3.473879749881289,1
163,30,G31,18198745.801332444,-10176220.619807936,16309990.421177903,20759625.856223024,-36121.834281526695,3.425352345302827,1
164,3,G04,-5751034.001137652,-15971483.615115024,20406497.130865164,24614566.08491066,19457.836907214707,16.105422733558378,1
164,4,G05,3613430.790470311,23133622.51800531,12349684.50767327,24582646.831786588,-70993.63247415415,15.58324616724895,1
164,15,G16,3336492.1334305136,-20813664.84604141,15493296.336900339,23357738.56576291,100073.76773071632,9.497166856007771,1
164,17,G18,25077062.54459736,6416156.250222761,6680933.811445094,21839055.698142223,-76834.44353967499,4.148278876844274,1
164,24,G25,16908079.2071481,18867110.938639235,8154429.31128353,22869451.87225334,116486.65608214833,6.288622166289069,1
164,25,G26,10910488.532481039,-11837468.753428094,20826841.233278,21201185.30986998,-117770.35028692563,3.8612343362000017,1
164,27,G28,24570873.693952907,-5318799.534457315,8608854.934620995,21332346.322833993,-124094.29041997701,3.7552969742122393,1
164,28,G29,12756899.094802681,8388410.519122825,21709641.917211425,20934087.943908386,-72872.94304895576,3.474146510245133,1
164,30,G31,18200844.06538402,-10175871.944793925,16307933.355992017,20759834.363151122,-36121.8337295815,3.4253688679252408,1
165,3,G04,-5749461.630024864,-15973539.577277713,20405311.295529746,24614628.20098493,19457.837363559156,16.104442731641665,1
165,4,G05,3612486.629815681,23132326.48866752,12352352.713518355,24582444.599119175,-70993.62938474279,15.578768820758512,1
165,15,G16,3337487.8178176987,-20811847.05747897,15495510.137029694,23357264.856847286,100073.770929605,9.494017232095162,1
165,17,G18,25076216.906126283,6416309.9641716145,6683960.161234221,21838740.036825873,-76834.43970766691,4.147770067854245,1
165,24,G25,16908341.828022975,18868188.442966543,8151536.768475967,22870181.3589221,116486.65373602274,6.289882273539126,1
165,25,G26,10912037.118694598,-11835229.13452031,20827338.214809205,21200944.840843864,-117770.35108632519,3.86083307468059,1
165,27,G28,24571958.205286756,-5318516.865566557,8605935.632356076,21332900.32006184,-124094.28772701125,3.7556699062695604,1
165,28,G29,12755233.670061303,8390615.751754833,21709751.38993469,20934557.549091205,-72872.94142594363,3.474413367981037,1
165,30,G31,18202942.085508473,-10175523.411339281,16305875.940848641,20760043.045977417,-36121.83328162054,3.42538546903847,1
166,3,G04,-5747889.466817547,-15975595.51330856,20404125.0253002,24614690.554940566,19457.838111053898,16.103463991077145,1
166,4,G05,3611542.2219402967,23131030.22328903,12355020.653246466,24582242.50884554,-70993.62601702694,15.574296830518136,1
166,15,G16,3338483.71054089,-20810029.061937045,15497723.591604529,23356791.06472902,100073.7742993979,9.49086940446794,1
166,17,G18,25075370.90040801,6416463.701687566,6686986.370816295,21838424.575977627,-76834.43580070263,4.147261542374348,1
166,24,G25,16908604.338483874,18869265.61064389,8148644.052591228,22870911.14098815,116486.65150336156,6.291143221958675,1
166,25,G26,10913585.851149093,-11832989.545821033,20827834.741203275,21200704.489083212,-117770.35181564961,3.860431906463298,1
166,27,G28,24573042.366502684,-5318234.27011129,8603016.14723449,21333454.43287993,-124094.28496610357,3.7560430047226143,1
166,28,G29,12753568.3628834,8392821.093035847,21709860.3998101,20935027.260929756,-72872.93974010494,3.4746803543635147,1
166,30,G31,18205039.862154417,-10175175.019330073,16303818.175303202,20760251.825966526,-36121.832771434434,3.4254021451498833,1
167,3,G04,-5746317.511162493,-15977651.423633756,20402938.319918077,24614753.142868727,19457.839154933587,16.102488165092293,1
167,4,G05,3610597.566373417,23129733.721308034,12357688.328071952,24582040.81392404,-70993.62236248233,15.569827563343928,1
167,15,G16,3339479.8120874306,-20808210.858609688,15499936.701630704,23356317.44013284,100073.7778430456,9.487724250919321,1
167,17,G18,25074524.527055692,6416617.462895422,6690012.441571206,21838109.274833776,-76834.43181701232,4.146753245688162,1
167,24,G25,16908866.738415927,18870342.441416085,8145751.164380962,22871640.91579491,116486.64938726573,6.292404631007826,1
167,25,G26,10915134.73018431,-11830749.986855747,20828330.81256905,21200464.260730498,-117770.35247343803,3.860030932550547,1
167,27,G28,24574126.177572627,-5317951.748045333,8600096.479318287,21334008.6562626,-124094.282135736,3.756416324070336,1
167,28,G29,12751903.172913857,8395026.543439284,21709968.946860466,20935496.973885123,-72872.93798988611,3.4749473971887053,1
167,30,G31,18207137.39526888,-10174826.768737888,16301760.059401548,20760460.853888325,-36121.8321976896,3.4254189729772673,1
168,3,G04,-5744745.763830354,-15979707.307209203,20401751.179973774,24614815.835777394,19457.84013244652,16.101514002017215,1
168,4,G05,3609652.663321641,23128436.983089577,12360355.737300875,24581839.08773175,-70993.61877362603,15.565361719180675,1
168,15,G16,3340476.1222332334,-20806392.447991155,15502149.466530886,23355843.74126854,100073.78134668873,9.484581141356326,1
168,17,G18,25073677.786489762,6416771.247772109,6693038.371992849,21837793.9960262,-76834.4278502792,4.146245160468152,1
168,24,G25,16909129.027768426,18871418.93528347,8142858.103907197,22872370.73192378,116486.64724553333,6.2936665767488975,1
168,25,G26,10916683.755032089,-11828510.45875185,20828826.428660583,21200224.109996356,-117770.35314683476,3.85963009155851,1
168,27,G28,24575209.638726816,-5317669.299255444,8597176.627973327,21334563.023155857,-124094.27932069174,3.7567898075802613,1
168,28,G29,12750238.100989232,8397232.101860039,21710077.031030975,20935966.737097118,-72872.93625382599,3.4752145272950243,1
168,30,G31,18209234.684798833,-10174478.65953438,16299701.593189524,20760669.959987104,-36121.83163771429,3.425435903817585,1
169,3,G04,-5743174.224467319,-15981763.164461283,20400563.60520894,24614878.448833864,19457.841244903582,16.100541701272366,1
169,4,G05,3608707.5127657745,23127140.0086898,12363022.880875418,24581637.317983713,-70993.6150565129,15.560900253733287,1
169,15,G16,3341472.6407542853,-20804573.83057585,15504361.885728063,23355370.200991817,100073.78492902969,9.481440054050887,1
169,17,G18,25072830.678323027,6416925.056442646,6696064.163460944,21837478.837834533,-76834.42384863966,4.145737303705096,1
169,24,G25,16909391.20642728,18872495.09199072,8139964.871921811,22873100.559220795,116486.64515678798,6.2949291817975235,1
169,25,G26,10918232.926402118,-11826270.960500315,20829321.589704856,21199984.001142733,-117770.35378753641,3.859229377466596,1
169,27,G28,24576292.749420792,-5317386.923829144,8594256.59465398,21335117.433046453,-124094.27647395188,3.7571634468654973,1
169,28,G29,12748573.146357432,8399437.769297343,21710184.652370133,20936436.56675954,-72872.93448846675,3.4754817685098582,1
169,30,G31,18211331.730691858,-10174130.691690136,16297642.776712978,20760879.09903189,-36121.831048630775,3.425452926222439,1
170,3,G04,-5741602.893094871,-15983818.995326068,20399375.595648155,24614941.285253122,19457.842040677675,16.09957120991369,1
170,4,G05,3607762.1146862106,23125842.798164915,12365689.758737776,24581435.514731262,-70993.61164571182,15.556440906226758,1
170,15,G16,3342469.3681381866,-20802755.005557545,15506573.96022763,23354896.775746934,100073.78832394369,9.478301142974614,1
170,17,G18,25071983.202976316,6417078.888883816,6699089.814469582,21837163.84381451,-76834.41992832185,4.145229615119783,1
170,24,G25,16909653.2744662,18873570.91205188,8137071.467107259,22873830.43789124,116486.6429447749,6.296192126848948,1
170,25,G26,10919782.243525645,-11824031.493228894,20829816.29545639,21199744.08996518,-117770.35450384124,3.858828818608998,1
170,27,G28,24577375.50988467,-5317104.621654,8591336.37872617,21335672.071883906,-124094.27370092948,3.7575372512445444,1
170,28,G29,12746908.309854766,8401643.54464614,21710291.810823616,20936906.562268835,-72872.93279124363,3.475749068221158,1
170,30,G31,18213428.532894507,-10173782.865177542,16295583.610017797,20761088.55413502,-36121.83052657131,3.4254700696522553,1
171,3,G04,-5740031.769733963,-15985874.79973978,20398187.151315976,24615004.281935178,19457.842658677648,16.098602708516168,1
171,4,G05,3606816.469064751,23124545.351570938,12368356.370830141,24581233.937075224,-70993.60840929934,15.551986711136989,1
171,15,G16,3343466.303923596,-20800935.97386427,15508785.688925244,23354423.091959618,100073.79161385994,9.47516395541991,1
171,17,G18,25071135.36026424,6417232.745184142,6702115.325677018,21836848.792278573,-76834.41605347164,4.1447220663736895,1
171,24,G25,16909915.231771424,18874646.395211242,8134177.890215339,22874560.407023624,116486.64066348327,6.297455704075544,1
171,25,G26,10921331.706743054,-11821792.056462495,20830310.54602395,21199504.24021239,-117770.35526235515,3.858428371448378,1
171,27,G28,24578457.920090843,-5316822.392682185,8588415.980251921,21336226.734732855,-124094.27096906285,3.7579111127820313,1
171,28,G29,12745243.5907295,8403849.428905359,21710398.50643952,20937376.683978103,-72872.9311322794,3.476016524830352,1
171,30,G31,18215525.09135454,-10173435.179966912,16293524.09314984,20761298.046093013,-36121.830041866975,3.4254872602450255,1
172,3,G04,-5738460.854405349,-15987930.577638729,20396998.27223698,24615067.289226968,19457.84322714778,16.097635408979585,1
172,4,G05,3605870.5761065367,23123247.669273622,12371022.716459034,24581032.34601742,-70993.60522204805,15.547535465482468,1
172,15,G16,3344463.448598952,-20799116.734689526,15510997.072825987,23353949.566759884,100073.79487363601,9.472028794231992,1
172,17,G18,25070287.15000126,6417386.625431258,6705140.697741422,21836533.86694261,-76834.41219137328,4.144214766394317,1
172,24,G25,16910177.078291103,18875721.54147023,8131284.141308143,22875290.190206487,116486.63836286915,6.29871982431849,1
172,25,G26,10922881.31639467,-11819552.649726221,20830804.341515873,21199264.305023335,-117770.35603251707,3.858028049648433,1
172,27,G28,24579539.98026922,-5316540.236800444,8585495.398596967,21336781.43890392,-124094.26824877103,3.7582851774206327,1
172,28,G29,12743578.989817085,8406055.420970956,21710504.73916396,20937846.81127144,-72872.92948392933,3.476284047181043,1
172,30,G31,18217621.406019196,-10173087.636029433,16291464.22615497,20761507.64694036,-36121.82956746528,3.4255045668970205,1
173,3,G04,-5736890.147130194,-15989986.328959063,20395808.958435733,24615130.317179818,19457.84393156623,16.096670580315163,1
173,4,G05,3604924.435341199,23121949.750710383,12373688.79683809,24580830.963245414,-70993.60190408413,15.543087530636054,1
173,15,G16,3345460.8019399308,-20797297.288527817,15513208.11135297,23353476.0298336,100073.79821273508,9.468895986557532,1
173,17,G18,25069438.57260835,6417540.5296037,6708165.929157027,21836219.076741133,-76834.40829394918,4.143707675877537,1
173,24,G25,16910438.81397334,18876796.350830376,8128390.22044768,22876020.230256554,116486.63611597208,6.299984456776066,1
173,25,G26,10924431.071712404,-11817313.27414693,20831297.681687374,21199024.61274131,-117770.35676966257,3.857627893499393,1
173,27,G28,24580621.689876102,-5316258.154096038,8582574.635216013,21337336.27876788,-124094.26549646584,3.7586594215201683,1
173,28,G29,12741914.506762428,8408261.521316338,21710610.509019453,20938316.992730252,-72872.92780592128,3.4765516510743923,1
173,30,G31,18219717.476836063,-10172740.2333357,16289404.009079065,20761717.50018766,-36121.82906367163,3.425521995716856,1
174,3,G04,-5735319.647929318,-15992042.053637045,20394619.209936842,24615193.63717951,19457.844642674092,16.09570691900311,1
174,4,G05,3603978.046975685,23120651.596246675,12376354.611273779,24580629.73682736,-70993.59858245973,15.538644168287698,1
174,15,G16,3346458.3637221595,-20795477.63587382,15515418.80392964,23353002.413055122,100073.80155499619,9.465764919325006,1
174,17,G18,25068589.62769774,6417694.457825504,6711191.021303277,21835904.45573697,-76834.40439480006,4.1432008223703125,1
174,24,G25,16910700.438704934,18877870.823036097,8125496.128386089,22876750.293759715,116486.63387158196,6.3012497968190635,1
174,25,G26,10925980.97303644,-11815073.929249778,20831790.56664692,21198784.960106183,-117770.35750495613,3.8572278346323143,1
174,27,G28,24581703.049141616,-5315976.14445526,8579653.689474842,21337891.190107934,-124094.26274253905,3.759033811637567,1
174,28,G29,12740250.141210958,8410467.730414415,21710715.816028073,20938787.280844796,-72872.92612645219,3.4768193733964865,1
174,30,G31,18221813.30375241,-10172392.971856873,16287343.441968061,20761927.433845565,-36121.82855816967,3.4255394992538584,1
175,3,G04,-5733749.356449459,-15994097.752098922,20393429.026481107,24615257.29780745,19457.84565215059,16.09474575093959,1
175,4,G05,3603031.41098993,23119353.20593881,12379020.15970832,24580428.675139356,-70993.59497375277,15.534204449338278,1
175,15,G16,3347456.1344344225,-20793657.775920752,15517629.151560605,23352528.91689255,100073.80507196626,9.462636233772088,1
175,17,G18,25067740.315690707,6417848.410075382,6714215.972674575,21835589.811838116,-76834.40041855867,4.142694206968999,1
175,24,G25,16910961.952558335,18878944.958601657,8122601.863805368,22877480.371781453,116486.63174449668,6.302515723177993,1
175,25,G26,10927531.020707197,-11812834.614559863,20832282.99650256,21198545.290160436,-117770.35816831126,3.8568279392467475,1
175,27,G28,24582784.05803801,-5315694.207830958,8576732.561435496,21338446.27008689,-124094.25991865527,3.7594083979703914,1
175,28,G29,12738585.8939979,8412674.047160992,21710820.660136644,20939257.596879687,-72872.924382219,3.4770871800584255,1
175,30,G31,18223908.886715844,-10172045.851563541,16285282.524867797,20762137.452939734,-36121.827988697834,3.4255571274826946,1
176,3,G04,-5732179.273460814,-15996153.423300542,20392238.40866063,24615321.000874322,19457.846460261055,16.09378713701523,1
176,4,G05,3602084.5273652542,23118054.579842918,12381685.442083929,24580227.78990796,-70993.59155994676,15.52976793023131,1
176,15,G16,3348454.113851467,-20791837.70916341,15519839.153669251,23352055.390017595,100073.80846997834,9.459509743181995,1
176,17,G18,25066890.63640188,6418002.386440266,6717240.783929037,21835275.200885274,-76834.39649371497,4.142187723300218,1
176,24,G25,16911223.355420228,18880018.757271476,8119707.4274576,22878210.406247452,116486.62953928435,6.303782052911172,1
176,25,G26,10929081.213955518,-11810595.33120475,20832774.971010186,21198305.8050474,-117770.3588794718,3.8564282073752154,1
176,27,G28,24583864.71679489,-5315412.3441102505,8573811.250463538,21339001.466214497,-124094.25714141295,3.7597830993689993,1
176,28,G29,12736921.764372231,8414880.472554494,21710925.041392196,20939728.01621987,-72872.92268117666,3.477355084785775,1
176,30,G31,18226004.225673072,-10171698.872427857,16283221.257824237,20762347.590974588,-36121.82746157125,3.4255748560927826,1
177,3,G04,-5730609.398609034,-15998209.067668494,20391047.35621635,24615384.87983939,19457.847619334603,16.092829246761912,1
177,4,G05,3601137.396307705,23116755.718325004,12384350.457707481,24580026.91081904,-70993.58781005391,15.525335157237894,1
177,15,G16,3349452.3017495433,-20790017.4360965,15522048.809679285,23351581.96198067,100073.81207296124,9.456385232794824,1
177,17,G18,25066040.589645192,6418156.387008439,6720265.4557246575,21834960.80994478,-76834.39247878605,4.141681590570343,1
177,24,G25,16911484.647238895,18881092.219047025,8116812.81940481,22878940.709865607,116486.62747126895,6.305049154373625,1
177,25,G26,10930631.553122567,-11808356.078708757,20833266.490277965,21198066.337244976,-117770.35950638962,3.8560285784365655,1
177,27,G28,24584945.024869233,-5315130.553380294,8570889.758014077,21339556.849966843,-124094.25428233632,3.7601580645360095,1
177,28,G29,12735257.753168743,8417087.005491048,21711028.95974201,20940198.464038808,-72872.92090428788,3.4776230557544725,1
177,30,G31,18228099.320572138,-10171352.03441961,16281159.64088325,20762557.93506161,-36121.826859589186,3.4255927065441547,1
178,3,G04,-5729039.731915807,-16000264.685138714,20389855.869172882,24615449.059227407,19457.848873132712,16.091873980164852,1
178,4,G05,3600190.0173472045,23115456.620821808,12387015.207791999,24579826.15681328,-70993.58397056884,15.52090693505625,1
178,15,G16,3350450.6986172786,-20788196.955913022,15524258.120594867,23351108.664052572,100073.81573104959,9.453262839824058,1
178,17,G18,25065190.17584268,6418310.411757956,6723289.986556066,21834646.58317593,-76834.3884390893,4.141175628682278,1
178,24,G25,16911745.82796292,18882165.343929384,8113918.039709131,22879671.07993419,116486.62544096439,6.306316857068237,1
178,25,G26,10932182.03854816,-11806116.85659762,20833757.55441366,21197827.048132785,-117770.36011013515,3.8556290974935044,1
178,27,G28,24586024.982490975,-5314848.835527049,8567968.083452657,21340112.340933327,-124094.25140069451,3.7605331423689132,1
178,28,G29,12733593.859636368,8419293.646969346,21711132.4152327,20940669.091106378,-72872.91910662518,3.4778911558476153,1
178,30,G31,18230194.171360202,-10171005.33751023,16279097.674090771,20762768.393063653,-36121.8262368897,3.4256106413245266,1
179,3,G04,-5727470.27340236,-16002320.27564726,20388663.947554883,24615513.101247307,19457.849901584083,16.090921029827033,1
179,4,G05,3599242.3906896235,23114157.287699323,12389679.69164429,24579625.1370058,-70993.58034808304,15.516480522856648,1
179,15,G16,3351449.303990943,-20786376.269542076,15526467.085313011,23350635.420848355,100073.8192558141,9.450142827706205,1
179,17,G18,25064339.39460584,6418464.4608124625,6726314.377802352,21834332.335746028,-76834.38445704879,4.140669828619129,1
179,24,G25,16912006.89747859,18883238.13166408,8111023.089122805,22880401.2439506,116486.6233231587,6.307584854938054,1
179,25,G26,10933732.669463025,-11803877.665998723,20834248.16317384,21197587.76292944,-117770.36076749858,3.855229795184134,1
179,27,G28,24587104.589632004,-5314567.190505251,8565046.226841403,21340667.81403079,-124094.24857142965,3.7609083977763262,1
179,28,G29,12731930.08461063,8421500.395884149,21711235.40781201,20941139.64613945,-72872.9173573242,3.478159305115734,1
179,30,G31,18232288.778483346,-10170658.78158922,16277035.357001001,20762978.96386391,-36121.82566173066,3.425628712787726,1
