epoch_id,channel,satellite_id,sx_rx_m,sy_rx_m,sz_rx_m,code_m,add_correction_m,sigma_m,ready
5,3,G04,-5666423.992235122,-16082466.596298782,20341840.299144823,24618096.950799968,19457.880606347153,16.055098033322594,1
5,4,G05,3562091.5463651624,23063300.115430396,12493386.280601554,24571861.542951114,-70993.44937865173,15.346685650522055,1
5,15,G16,3390557.8792821043,-20715208.97511428,15612346.572642457,23332187.10314422,100073.95059618959,9.330011653692988,1
5,17,G18,25030872.671096228,6424491.84770022,6844155.507080588,21822143.15427791,-76834.23146005842,4.121109075840546,1
5,24,G25,16922101.36813356,18924814.099878386,7997986.823838755,22908905.32975863,116486.53722899183,6.357489944782706,1
5,25,G26,10994320.735957459,-11716574.0181506,20853026.707134493,21188302.186011814,-117770.38840871688,3.839758460935163,1
5,27,G28,24628935.60033471,-5303639.344506052,8450952.476809194,21362409.48703823,-124094.14030131753,3.775668626549224,1
5,28,G29,12667135.42440541,8507647.258635635,21714891.037021838,20959547.382734023,-72872.85104691693,3.4886920351669017,1
5,30,G31,18313787.42895546,-10157252.82852192,16196332.651718067,20771289.31204966,-36121.804951811595,3.426410517549276,1
6,3,G04,-5664862.877942758,-16084521.055979392,20340631.014856327,24618165.704099454,19457.881366073303,16.05421542279759,1
6,4,G05,3561133.996479611,23061991.404028144,12496040.067234423,24571664.387878258,-70993.44607651059,15.342403379356526,1
6,15,G16,3391564.845090641,-20713380.07387874,15614541.670043388,23331714.504900053,100073.95393293787,9.326971125555348,1
6,17,G18,25030007.214705896,6424646.909389984,6847174.2336386815,21821832.425928716,-76834.22754072641,4.120611690102242,1
6,24,G25,16922357.949621186,18925873.41308178,7995085.0609542,22909636.999240227,116486.53501598598,6.358781166850832,1
6,25,G26,10995877.177038694,-11714336.115089668,20853499.098078724,21188065.486791138,-117770.3891174316,3.8393644149430153,1
6,27,G28,24630001.165596254,-5303360.574422507,8448023.389158757,21362969.00914461,-124094.13752805136,3.776050314197519,1
6,28,G29,12665476.407663714,8509858.283197537,21714975.511866752,20960020.88224704,-72872.84934923878,3.4889640299254987,1
6,30,G31,18315872.225969378,-10156911.891606266,16194256.380639747,20771505.02521968,-36121.804419206775,3.426432564967288,1
7,3,G04,-5663301.972678084,-16086575.486079453,20339421.297011547,24618234.24185385,19457.882422520393,16.05333424605294,1
7,4,G05,3560176.1978927827,23060682.45900563,12498693.585904509,24571467.271893892,-70993.44249282852,15.338124878624662,1
7,15,G16,3392572.0204132763,-20711550.96808711,15616736.420274725,23331242.05072488,100073.95744108471,9.323932592585667,1
7,17,G18,25029141.391576473,6424801.997481252,6850192.8180251075,21821521.83606445,-76834.22354524831,4.120114592652371,1
7,24,G25,16922614.41791485,18926932.389707018,7992183.12834452,22910368.839035947,116486.53292052938,6.360073116899322,1
7,25,G26,10997433.763137363,-11712098.2448923,20853971.033506025,21187828.89590141,-117770.389754918,3.838970490144151,1
7,27,G28,24631066.37924807,-5303081.875253138,8445094.12200731,21363528.713850074,-124094.1346849542,3.776432224781844,1
7,28,G29,12663817.511138665,8512069.41302375,21715059.523693327,20960494.41693969,-72872.847586951,3.489236109458668,1
7,30,G31,18317956.7766695,-10156571.094563056,16192179.761645025,20771720.79702243,-36121.803822980204,3.4264547268324663,1
8,3,G04,-5661741.276462133,-16088629.88653484,20338211.145635515,24618303.23191789,19457.88346552516,16.052455661659558,1
8,4,G05,3559218.1508142296,23059373.28073137,12501346.835921533,24571270.258098,-70993.43892219797,15.333849082820642,1
8,15,G16,3393579.404781495,-20709721.658672877,15618930.82224078,23330769.77021428,100073.96094069352,9.320896346640804,1
8,17,G18,25028275.202138197,6424957.111950911,6853211.258737527,21821211.265744425,-76834.21955283907,4.119617666560222,1
8,24,G25,16922870.77290186,18927991.02950337,7989281.026763711,22911100.639743183,116486.53082051339,6.361365498511249,1
8,25,G26,10998990.49348085,-11709860.408685023,20854442.51318252,21187592.288259476,-117770.39039517993,3.83857673822648,1
8,27,G28,24632131.241516583,-5302803.246885321,8442164.674718658,21364088.53414578,-124094.13184466265,3.7768143023619207,1
8,28,G29,12662158.734081073,8514280.649115039,21715143.072539106,20960968.039860647,-72872.84582722351,3.4895082657606564,1
8,30,G31,18320041.08100313,-10156230.437363626,16190102.794780139,20771936.82792601,-36121.80322912493,3.4264770128140087,1
9,3,G04,-5660180.789315537,-16090684.257281538,20337000.56075328,24618372.2672129,19457.88441120011,16.051580138859443,1
9,4,G05,3558259.8552256175,23058063.86926183,12503999.817227976,24571073.465989675,-70993.43544472085,15.329576431345329,1
9,15,G16,3394586.9986882326,-20707892.144824922,15621124.876938786,23330297.580165602,100073.96438333044,9.31786236418124,1
9,17,G18,25027408.646202017,6425112.2528869985,6856229.55643265,21820900.86182968,-76834.21558485572,4.1191208592421935,1
9,24,G25,16923127.014530953,18929049.33247246,7986378.756274004,22911832.342170794,116486.52868287271,6.3626582838763035,1
9,25,G26,11000547.368410258,-11707622.605993338,20854913.537211962,21187355.957028992,-117770.39105818773,3.83818316581554,1
9,27,G28,24633195.75186679,-5302524.689404925,8439235.048751904,21364648.42200873,-124094.12902675773,3.777196493608322,1
9,28,G29,12660500.077323645,8516491.990363589,21715226.158361748,20961441.77893025,-72872.84408824019,3.489780524357882,1
9,30,G31,18322125.138917945,-10155889.919978691,16188025.480091315,20772152.98279594,-36121.802655439904,3.4264994048014823,1
10,3,G04,-5658620.5112577,-16092738.598255944,20335789.54238989,24618441.33712914,19457.88549565374,16.05070469396364,1
10,4,G05,3557301.3113367027,23056754.224965833,12506652.529133908,24570876.6219495,-70993.4318377635,15.325307396889325,1
10,15,G16,3395594.801906957,-20706062.427040327,15623318.583796365,23329825.28681164,100073.96790517974,9.314830005741785,1
10,17,G18,25026541.723578688,6425267.420376991,6859247.71176704,21820590.42720255,-76834.21158163315,4.11862438651609,1
10,24,G25,16923383.142690048,18930107.298363604,7983476.31762959,22912564.11719131,116486.52659975218,6.363951866865928,1
10,25,G26,11002104.38826765,-11705384.836341994,20855384.105697673,21187119.3929428,-117770.39168796843,3.837789668583105,1
10,27,G28,24634259.910525315,-5302246.20269883,8436305.243470915,21365208.405917674,-124094.1261764514,3.777578931254504,1
10,28,G29,12658841.540512053,8518703.437243944,21715308.78117874,20961915.44708217,-72872.84231919337,3.4900528569958467,1
10,30,G31,18324208.950362034,-10155549.54237825,16185947.817624796,20772369.187922496,-36121.80205207105,3.4265219011767316,1
11,3,G04,-5657060.44230967,-16094792.909393886,20334578.090570394,24618510.375774585,19457.88641585444,16.04983067464362,1
11,4,G05,3556342.5186722106,23055444.347275343,12509304.97284673,24570679.775117293,-70993.42838947925,15.321041865160145,1
11,15,G16,3396602.8142092465,-20704232.50581669,15625511.942241507,23329352.90802141,100073.97133088128,9.311799434155796,1
11,17,G18,25025674.43469894,6425422.614397915,6862265.723238591,21820280.066843547,-76834.2076204604,4.118128106797147,1
11,24,G25,16923639.15744995,18931164.92768298,7980573.709508699,22913295.892211825,116486.52445171429,6.365246023609389,1
11,25,G26,11003661.552280137,-11703147.100857494,20855854.218406457,21186882.893073414,-117770.39235675363,3.8373962885110866,1
11,27,G28,24635323.717464864,-5301967.786720436,8433375.258937918,21365768.432265554,-124094.1233646556,3.777961511446777,1
11,28,G29,12657183.123292841,8520914.99022962,21715390.941007122,20962389.167165935,-72872.84058575235,3.4903252914777694,1
11,30,G31,18326292.51528278,-10155209.304533498,16183869.807426827,20772585.47792691,-36121.801483439405,3.4265444849935673,1
12,3,G04,-5655500.582491808,-16096847.190631429,20333366.20531988,24618579.484220903,19457.887007897873,16.048957500782045,1
12,4,G05,3555383.4774421137,23054134.23655911,12511957.14767645,24570482.966815166,-70993.42525638633,15.316779511860346,1
12,15,G16,3397611.0360882706,-20702402.380342595,15627704.95327095,23328880.204796728,100073.97456530885,9.30877048660208,1
12,17,G18,25024806.779166758,6425577.835074242,6865283.592223372,21819969.753949136,-76834.20374351209,4.1176320231299774,1
12,24,G25,16923895.058698516,18932222.220179867,7977670.932665516,22914027.57118634,116486.52217351491,6.366540731818454,1
12,25,G26,11005218.86078889,-11700909.399065357,20856323.875441793,21186646.40883942,-117770.39310382275,3.8370030086079057,1
12,27,G28,24636387.17265806,-5301689.441423483,8430445.09521522,21366328.459171835,-124094.12063009606,3.7783442364322966,1
12,28,G29,12655524.826498479,8523126.648212649,21715472.637805257,20962862.881107226,-72872.83892367878,3.490597819147313,1
12,30,G31,18328375.833627723,-10154869.206415417,16181791.449543687,20772801.824888837,-36121.80098464785,3.4265671522473093,1
13,3,G04,-5653940.931824303,-16098901.4419047,20332153.886663403,24618649.027107842,19457.887796308547,16.04808629151077,1
13,4,G05,3554424.187627236,23052823.892873753,12514609.053565577,24570286.30425726,-70993.42193726946,15.312520795472759,1
13,15,G16,3398619.467076207,-20700572.05155185,15629897.615789888,23328407.779100314,100073.97791290135,9.305743612355723,1
13,17,G18,25023938.75741291,6425733.082384298,6868301.317219419,21819659.723050244,-76834.19981600976,4.117136176625656,1
13,24,G25,16924150.8463835,18933279.17585685,7974767.987162245,22914759.418799765,116486.51997347095,6.367836080472247,1
13,25,G26,11006776.313764676,-11698671.731023846,20856793.076794874,21186410.126748744,-117770.39380358464,3.836609867814687,1
13,27,G28,24637450.276078034,-5301411.16675959,8427514.752365042,21366888.759139124,-124094.1178491314,3.7787271507552513,1
13,28,G29,12653866.64977448,8525338.411667997,21715553.871590327,20963336.812268827,-72872.83721869202,3.4908704390975984,1
13,30,G31,18330458.905345317,-10154529.247993356,16179712.744021619,20773018.414199386,-36121.800443541266,3.4265899307909815,1
14,3,G04,-5652381.490327731,-16100955.663149636,20330941.13462609,24618718.67218326,19457.888777682765,16.047217715390705,1
14,4,G05,3553464.649437751,23051513.31658833,12517260.689824445,24570089.63611528,-70993.41843483485,15.308265579600715,1
14,15,G16,3399628.107666362,-20698741.518632855,15632089.930794742,23327935.46899414,100073.9813717633,9.302718982251582,1
14,17,G18,25023070.369247906,6425888.3564164,6871318.898883264,21819349.739057537,-76834.19583864178,4.116640529786869,1
14,24,G25,16924406.52039248,18934335.79446397,7971864.873753284,22915491.3479406,116486.51785060336,6.369131992926502,1
14,25,G26,11008333.911548916,-11696434.096258447,20857261.822568648,21186173.88598019,-117770.39445675298,3.836216890670276,1
14,27,G28,24638513.027950883,-5301132.962615618,8424584.229750939,21367449.07976747,-124094.11502238178,3.7791102359521718,1
14,28,G29,12652208.592767011,8527550.281069838,21715634.642379068,20963810.756273787,-72872.83547139287,3.4911431539812496,1
14,30,G31,18332541.730383333,-10154189.42923789,16177633.690906888,20773235.15372141,-36121.799860721665,3.4266128254678825,1
15,3,G04,-5650822.258022514,-16103009.854302268,20329727.949233003,24618788.178773746,19457.889162751493,16.0463493777283,1
15,4,G05,3552504.862398636,23050202.507134285,12519912.057659976,24569893.110925484,-70993.41550401198,15.304013956486349,1
15,15,G16,3400636.9576304853,-20696910.782083236,15634281.897713618,23327462.915980935,100073.98448412074,9.299695613708803,1
15,17,G18,25022201.614482585,6426043.657256349,6874336.337871278,21819039.83603384,-76834.19201436557,4.1161450491218705,1
15,24,G25,16924662.080797404,18935392.076505657,7968961.591116526,22916223.293833647,116486.51549080276,6.370428477107861,1
15,25,G26,11009891.65336814,-11694196.495895797,20857730.11253083,21185937.698818702,-117770.3952523798,3.835823981456462,1
15,27,G28,24639575.427742243,-5300854.829079244,8421653.528832607,21368009.4629374,-124094.11233611825,3.7794934148420323,1
15,28,G29,12650550.656309167,8529762.255308848,21715714.950130526,20964284.847139783,-72872.83385397402,3.4914159861364427,1
15,30,G31,18334624.308688685,-10153849.750121126,16175554.290245777,20773452.047922164,-36121.799405085425,3.4266357701559644,1
16,3,G04,-5649263.234928532,-16105064.015298821,20328514.330509253,24618857.808772173,19457.88989206835,16.04548308541207,1
16,4,G05,3551544.826719131,23048891.464880757,12522563.156382458,24569696.81189051,-70993.41224673104,15.299766661279927,1
16,15,G16,3401646.016741359,-20695079.842400573,15636473.515974933,23326990.3847456,100073.9877953697,9.296674281542545,1
16,17,G18,25021332.493547965,6426198.984883521,6877353.632681809,21818729.910115458,-76834.18810160861,4.115649821134682,1
16,24,G25,16924917.527484566,18936448.02173304,7966058.140006333,22916955.37095233,116486.51326782051,6.3717257031248415,1
16,25,G26,11011449.539564917,-11691958.92946021,20858197.94678448,21185701.490996156,-117770.39596532784,3.8354312046471217,1
16,27,G28,24640637.475678872,-5300576.766034916,8418722.64897363,21368569.966164827,-124094.10956858385,3.779876778546923,1
16,28,G29,12648892.839650739,8531974.335388197,21715794.794880573,20964758.959225237,-72872.8321614627,3.4916889286269375,1
16,30,G31,18336706.64021029,-10153510.21061156,16173474.542084571,20773668.989029106,-36121.79887552413,3.4266588170047623,1
17,3,G04,-5647704.421066768,-16107118.14607507,20327300.278479967,24618927.701221872,19457.890310470124,16.044618591818516,1
17,4,G05,3550584.5423805,23047580.18988437,12525213.98593442,24569500.5178812,-70993.40928586117,15.29552123779715,1
17,15,G16,3402655.285491489,-20693248.69877322,15638664.786574658,23326518.008189,100073.99092568815,9.29365502804904,1
17,17,G18,25020463.006254848,6426354.339384355,6880370.783971178,21818420.276802327,-76834.18426837174,4.115154758217233,1
17,24,G25,16925172.860403042,18937503.630147595,7963154.520484926,22917687.32410467,116486.51092186484,6.3730232772252435,1
17,25,G26,11013007.570479846,-11689721.396477992,20858665.325432237,21185465.512120467,-117770.39675228673,3.8350385821009945,1
17,27,G28,24641699.171733133,-5300298.773437761,8415791.590236304,21369130.63523912,-124094.10687413705,3.780260314229879,1
17,28,G29,12647235.143624313,8534186.520198984,21715874.176588714,20965233.22319739,-72872.83053639867,3.4919619270826883,1
17,30,G31,18338788.72489498,-10153170.810681432,16171394.44646957,20773886.19984661,-36121.79841202113,3.426681987662317,1
18,3,G04,-5646145.816456942,-16109172.24656728,20326085.793170255,24618997.597022016,19457.89116338359,16.04375660099741,1
18,4,G05,3549624.009593273,23046268.682514384,12527864.54562648,24569304.577901907,-70993.40591231901,15.291280174464687,1
18,15,G16,3403664.763413243,-20691417.35213533,15640855.70841884,23326045.73772972,100073.99430714153,9.290637951470769,1
18,17,G18,25019593.15241273,6426509.720848875,6883387.792395799,21818110.603842303,-76834.18032340509,4.114659939865564,1
18,24,G25,16925428.079439934,18938558.901500255,7960250.733306898,22918419.464881748,116486.50874883952,6.374321579937483,1
18,25,G26,11014565.745341146,-11687483.898073928,20859132.248242512,21185229.53492,-117770.39743492744,3.834646108250395,1
18,27,G28,24642760.5158784,-5300020.851238548,8412860.352682894,21369691.42772136,-124094.10407702833,3.780644034865603,1
18,28,G29,12645577.567875363,8536398.810216418,21715953.095271613,20965707.511181045,-72872.82881648865,3.4922350370678017,1
18,30,G31,18340870.562691696,-10152831.550299311,16169314.003447048,20774103.501126043,-36121.797855228,3.4267052669549978,1
19,3,G04,-5644587.421120113,-16111226.316711187,20324870.874605283,24619067.826749526,19457.891684668164,16.04289709364211,1
19,4,G05,3548663.227880996,23044956.94220199,12530514.836665057,24569108.340850107,-70993.4028545993,15.287041343852078,1
19,15,G16,3404674.4509992856,-20689585.80167506,15643046.282503124,23325573.47285451,100073.99749600157,9.287623026214089,1
19,17,G18,25018722.93245426,6426665.129252368,6886404.656454121,21817800.98002209,-76834.17646305216,4.114165236594128,1
19,24,G25,16925683.184666235,18939613.836295538,7957346.7771498,22919151.490068585,116486.50644484544,6.375620194107434,1
19,25,G26,11016124.064489147,-11685246.433774505,20859598.71531806,21184993.738084983,-117770.3981964045,3.8342538050765245,1
19,27,G28,24643821.508087087,-5299742.9993924415,8409928.936375698,21370252.35924693,-124094.10135770692,3.7810278824053705,1
19,28,G29,12643920.112050992,8538611.205913568,21716031.550945528,20966181.90917087,-72872.82716844363,3.492508224976868,1
19,30,G31,18342952.1535472,-10152492.429437581,16167233.213063333,20774320.92022935,-36121.797368782616,3.4267286591154114,1
20,3,G04,-5643029.235075602,-16113280.356443198,20323655.522810157,24619138.15699029,19457.892580834894,16.04203917237776,1
20,4,G05,3547702.197454491,23043644.969316397,12533164.858360725,24568912.487982303,-70993.39944269756,15.282807677882692,1
20,15,G16,3405684.348022956,-20687754.04788997,15645236.508256057,23325101.27387132,100074.00090123125,9.284609885042455,1
20,17,G18,25017852.346189313,6426820.564684031,6889421.376802407,21817491.528191224,-76834.17250651543,4.113670804734257,1
20,24,G25,16925938.175969444,18940668.43428397,7954442.652768181,22919883.74085184,116486.50428971877,6.376919683251337,1
20,25,G26,11017682.52826672,-11683009.003103955,20860064.726761222,21184757.974195976,-117770.39886795885,3.833861604718241,1
20,27,G28,24644882.14858528,-5299465.217784418,8406997.340678029,21370813.352197267,-124094.09854990567,3.7814118994261663,1
20,28,G29,12642262.77698226,8540823.70618328,21716109.543570653,20966656.399856254,-72872.82543870549,3.492781547442669,1
20,30,G31,18345033.497410376,-10152153.448064806,16165152.075364728,20774538.46497422,-36121.79680190241,3.4267521301985933,1
21,3,G04,-5641471.258344205,-16115334.365699125,20322439.737810068,24619208.37387444,19457.89307632739,16.041181755849355,1
21,4,G05,3546740.918295234,23042332.763914183,12535814.61065604,24568716.66415166,-70993.39641426128,15.278576678067765,1
21,15,G16,3406694.4542548046,-20685922.091278248,15647426.385106523,23324629.03021558,100074.00407355897,9.281598328656719,1
21,17,G18,25016981.39342813,6426976.027230131,6892437.954096999,21817182.169055913,-76834.16865283606,4.1131765798334285,1
21,24,G25,16926193.053298924,18941722.695466798,7951538.36022427,22920615.859851047,116486.50197521035,6.378219693243009,1
21,25,G26,11019241.135899656,-11680771.607189082,20860530.2823411,21184522.22315033,-117770.39963515676,3.8334695000093615,1
21,27,G28,24645942.436839618,-5299187.506502332,8404065.567050094,21371374.471905984,-124094.09583663968,3.7817960806582818,1
21,28,G29,12640605.562316189,8543036.31149865,21716187.073163368,20967130.97095224,-72872.82379625356,3.4930549463689395,1
21,30,G31,18347114.59422796,-10151814.606153453,16163070.59039757,20774756.11693323,-36121.79632046459,3.4267756926836297,1
22,3,G04,-5639913.490945905,-16117388.344415095,20321223.519630156,24619278.886155877,19457.894123705864,16.040327352464082,1
22,4,G05,3545779.3906135396,23041020.32636497,12538464.092861885,24568521.0229201,-70993.39286166422,15.274350373969556,1
22,15,G16,3407704.770189819,-20684089.93102744,15649615.9140497,23324157.02723324,100074.00756477113,9.278589053498324,1
22,17,G18,25016110.074602846,6427131.516870133,6895454.386836443,21816872.931094915,-76834.16465724158,4.112682589298895,1
22,24,G25,16926447.81654135,18942776.61959587,7948633.900272824,22921348.17708473,116486.49988066386,6.379520451780066,1
22,25,G26,11020799.887730716,-11678534.24555413,20860995.38216015,21184286.549164847,-117770.40026992172,3.833077556966865,1
22,27,G28,24647002.373076502,-5298909.865430285,8401133.61485527,21371935.668116458,-124094.09299284908,3.782180436484006,1
22,28,G29,12638948.467698127,8545249.022335432,21716264.1397396,20967605.62190042,-72872.82203325693,3.493328468702908,1
22,30,G31,18349195.44394912,-10151475.90367166,16160988.75820816,20774973.895092215,-36121.79572054184,3.426799363278236,1
23,3,G04,-5638355.932901408,-16119442.292526988,20320006.86829559,24619349.635201868,19457.89499432073,16.039475165680077,1
23,4,G05,3544817.613932546,23039707.656099536,12541113.30618421,24568325.286759347,-70993.38947791576,15.270126808023708,1
23,15,G16,3408715.295598652,-20682257.567635663,15651805.094514396,23323684.833275717,100074.01095303359,9.275581849988791,1
23,17,G18,25015238.389523808,6427287.033690377,6898470.675677096,21816563.65404543,-76834.1607066484,4.1121887536940385,1
23,24,G25,16926702.46576749,18943830.207175095,7945729.271591115,22922080.51609628,116486.49771644427,6.380821641494771,1
23,25,G26,11022358.783728903,-11676296.918258928,20861460.026209705,21184050.99076961,-117770.40094654274,3.83268576940222,1
23,27,G28,24648061.95726843,-5298632.294523294,8398201.484155849,21372496.963164967,-124094.09019043366,3.7825649367094227,1
23,28,G29,12637291.493960395,8547461.837584175,21716340.743260264,20968080.29574329,-72872.82030847986,3.4936020761171984,1
23,30,G31,18351276.046520684,-10151137.340591695,16158906.578842843,20775191.778790116,-36121.795157935936,3.426823142775541,1
24,3,G04,-5636798.584230735,-16121496.209970899,20318789.783831548,24619420.522732783,19457.8958366757,16.038624812514072,1
24,4,G05,3543855.588462529,23038394.75348745,12543762.249933854,24568129.695226002,-70993.38612115747,15.265905159296095,1
24,15,G16,3409726.030252821,-20680425.00160111,15653993.925929781,23323212.71079428,100074.01432395926,9.272576858601493,1
24,17,G18,25014366.338208526,6427442.5777419815,6901486.820555967,21816254.595891476,-76834.15676314433,4.111695140185772,1
24,24,G25,16926957.000865,18944883.457955323,7942824.4749338245,22922812.72779104,116486.49554145579,6.38212326610672,1
24,25,G26,11023917.82423614,-11674059.624828672,20861924.2145917,21183815.537913285,-117770.4016296134,3.832294140760798,1
24,27,G28,24649121.189388264,-5298354.79373456,8395269.175014153,21373058.330247972,-124094.08739456433,3.782949661973096,1
24,28,G29,12635634.64074901,8549674.75771958,21716416.88374142,20968554.956742797,-72872.81858960575,3.4938757263062574,1
24,30,G31,18353356.401890658,-10150798.916883832,16156824.052347962,20775409.884175584,-36121.79460103708,3.426847065470194,1
25,3,G04,-5635241.444953967,-16123550.096682863,20317572.266263258,24619491.678857453,19457.896813878793,16.037776241314358,1
25,4,G05,3542893.3141858187,23037081.618585203,12546410.92405339,24567934.117094427,-70993.38263831615,15.261687867757795,1
25,15,G16,3410736.9746474265,-20678592.232111048,15656182.40929055,23322740.568768606,100074.01777216737,9.269573703542592,1
25,17,G18,25013493.920466375,6427598.149113496,6904502.822129144,21815945.613122463,-76834.15278492474,4.111201747098715,1
25,24,G25,16927211.42178272,18945936.371938385,7939919.510363211,22923545.153914083,116486.49342029389,6.383425605831093,1
25,25,G26,11025477.008479346,-11671822.366388727,20862387.94707615,21183580.123028632,-117770.4022801213,3.831902630820277,1
25,27,G28,24650180.069409188,-5298077.363016139,8392336.687492464,21373619.76601503,-124094.08456668291,3.7833345369382743,1
25,28,G29,12633977.90771038,8551887.78321598,21716492.561198715,20969029.70876264,-72872.81684120852,3.4941494984874124,1
25,30,G31,18355436.510007292,-10150460.632517748,16154741.178769857,20775628.135863673,-36121.794014930485,3.4268710723847478,1
26,3,G04,-5633684.515091473,-16125603.952598877,20316354.31561586,24619562.6088273,19457.897479765645,16.036928817777312,1
26,4,G05,3541930.7913138717,23035768.25176253,12549059.327853998,24567738.560182314,-70993.37945394259,15.257474315973154,1
26,15,G16,3411748.1283122655,-20676759.26010074,15658370.543504138,23322268.3681102,100074.02103972553,9.266572118813725,1
26,17,G18,25012621.13673117,6427753.747780683,6907518.678895642,21815636.60578354,-76834.14888644186,4.110708525222459,1
26,24,G25,16927465.728409264,18946988.948874798,7937014.378634201,22924277.557142437,116486.49117528928,6.3847285334293415,1
26,25,G26,11027036.33679966,-11669585.142464988,20862851.22376512,21183344.727129817,-117770.4030047756,3.8315112210069735,1
26,27,G28,24651238.597303864,-5297800.002322256,8389404.021653127,21374181.290010393,-124094.08181212132,3.7837195221966673,1
26,28,G29,12632321.29567639,8554100.912964106,21716567.77559373,20969504.565762993,-72872.81516061016,3.4944233886564775,1
26,30,G31,18357516.37081794,-10150122.487464903,16152657.958154894,20775846.418822557,-36121.79349504691,3.426895146863502,1
27,3,G04,-5632127.794663349,-16127657.777654963,20315135.931914605,24619633.662763495,19457.898581602287,16.036084448684687,1
27,4,G05,3540968.0193676706,23034454.65245004,12551707.462541122,24567543.280240055,-70993.37585449901,15.25326336279857,1
27,15,G16,3412759.491742116,-20674926.084757384,15660558.329564936,23321796.433253508,100074.0245584208,9.263573132766243,1
27,17,G18,25011747.986812077,6427909.3738334,6910534.391511505,21815327.746980876,-76834.1448758105,4.110215543227192,1
27,24,G25,16927719.920813043,18948041.18926984,7934109.078423757,22925010.00280972,116486.48910465665,6.386031980778533,1
27,25,G26,11028595.80953962,-11667347.952582188,20863314.044760257,21183109.50322035,-117770.40362476619,3.831120007154188,1
27,27,G28,24652296.773297824,-5297522.711538415,8386471.176859177,21374743.00107209,-124094.07895435611,3.7841047512707977,1
27,28,G29,12630664.804292371,8556314.147439778,21716642.526942246,20969979.42778901,-72872.81338455035,3.494697333659727,1
27,30,G31,18359595.98377549,-10149784.48177487,16150574.391046228,20776064.878796447,-36121.792881470836,3.4269193813618455,1
28,3,G04,-5630571.283689645,-16129711.571787179,20313917.115184717,24619704.981943,19457.89923879411,16.03523954888864,1
28,4,G05,3540004.9985606177,23033140.821017124,12554355.327425888,24567347.971260637,-70993.37268281692,15.249057536605692,1
28,15,G16,3413771.064708651,-20673092.706579167,15662745.766902214,23321324.21416767,100074.02781936368,9.260575009660737,1
28,17,G18,25010874.470518976,6428065.027357374,6913549.9606328495,21815018.908839263,-76834.14097950571,4.109722777539566,1
28,24,G25,16927973.998884268,18949093.092872575,7931203.610486749,22925742.479747795,116486.48685618871,6.3873362688264335,1
28,25,G26,11030155.425924866,-11665110.797866572,20863776.40983225,21182874.10676313,-117770.40435099303,3.830728811278639,1
28,27,G28,24653354.59685907,-5297245.490751562,8383538.15457145,21375304.74898865,-124094.07620169598,3.784490060971679,1
28,28,G29,12629008.433206048,8558527.487115549,21716716.81525959,20970454.470180478,-72872.81170572447,3.4949714373095064,1
28,30,G31,18361675.349818684,-10149446.615258276,16148490.476496717,20776283.37394998,-36121.79236285889,3.4269436297633535,1
29,3,G04,-5629014.9821909,-16131765.33493142,20312697.865451403,24619776.241931364,19457.89970843105,16.03439652735607,1
29,4,G05,3539041.728872474,23031826.75752072,12557002.922450889,24567152.69075997,-70993.36968919881,15.244853367831912,1
29,15,G16,3414782.8469820465,-20671259.1260647,15664932.85494559,23320852.09280305,100074.03097114242,9.257579060892956,1
29,17,G18,25010000.588285748,6428220.708330188,6916565.384758741,21814710.243803814,-76834.13713105423,4.10923020071299,1
29,24,G25,16928227.962570246,18950144.659686208,7928297.9748854535,22926474.949984983,116486.48453352075,6.388640919264095,1
29,25,G26,11031715.18629707,-11662873.677843617,20864238.319082886,21182638.920825332,-117770.40512171,3.830337777219423,1
29,27,G28,24654412.06821296,-5296968.339848615,8380604.954153013,21375866.66777774,-124094.07349316598,3.784875573372597,1
29,28,G29,12627352.18324801,8560740.930883568,21716790.64050805,20970929.56785423,-72872.81006753368,3.49524558424091,1
29,30,G31,18363754.468399566,-10149108.887966199,16146406.215049444,20776502.118153017,-36121.79188399246,3.4269680167280465,1
30,3,G04,-5627458.89018701,-16133819.067023769,20311478.182739902,24619847.491868403,19457.900118010697,16.033554952916287,1
30,4,G05,3538078.2105152765,23030512.46233075,12559650.24692759,24566957.730784908,-70993.36675442988,15.240652865327375,1
30,15,G16,3415794.83905777,-20669425.34240081,15667119.59468897,23320380.095963184,100074.03408760378,9.254584886027214,1
30,17,G18,25009126.33992176,6428376.416840178,6919580.664545252,21814401.7178117,-76834.13329789253,4.108737832208935,1
30,24,G25,16928481.811759297,18951195.88946206,7925392.172374924,22927207.310216002,116486.48218697558,6.389946198441071,1
30,25,G26,11033275.090998456,-11660636.592038454,20864699.772613518,21182403.814181328,-117770.40590648605,3.8299468584903793,1
30,27,G28,24655469.187332585,-5296691.258781933,8377671.575666239,21376428.756880954,-124094.07079871188,3.785261238772604,1
30,28,G29,12625696.053669827,8562954.479745978,21716864.00272052,20971404.807921764,-72872.80844235483,3.4955198362179085,1
30,30,G31,18365833.339466427,-10148771.299868353,16144321.606750805,20776720.920988787,-36121.79141764494,3.426992492359057,1
31,3,G04,-5625903.007698024,-16135872.768000262,20310258.067075472,24619918.49610638,19457.90041706685,16.03271399298667,1
31,4,G05,3537114.4430110836,23029197.934877187,12562297.302060932,24566762.55414794,-70993.36392680774,15.2364556748444,1
31,15,G16,3416807.0404656525,-20667591.3565232,15669305.985040667,23319907.99023396,100074.0371393834,9.251592334453223,1
31,17,G18,25008251.725236107,6428532.152975178,6922595.800648326,21814093.210805424,-76834.12949318472,4.108245714559789,1
31,24,G25,16928735.546521384,18952246.7827032,7922486.201631836,22927939.853046097,116486.47979609497,6.3912521400578814,1
31,25,G26,11034835.139255105,-11658399.54157661,20865160.77019551,21182168.637178045,-117770.40671751586,3.8295560323906113,1
31,27,G28,24656525.954190906,-5296414.247504921,8374738.019173414,21376990.83816647,-124094.06813047019,3.785647092821205,1
31,28,G29,12624040.045302572,8565168.132593915,21716936.90185974,20971880.01392647,-72872.80684133044,3.4957941742792857,1
31,30,G31,18367911.96296711,-10148433.850935286,16142236.651647178,20776939.87794488,-36121.79097476534,3.4270170616165267,1
32,3,G04,-5624347.33474441,-16137926.437796775,20309037.518483374,24619990.03473982,19457.90085564945,16.03187585416313,1
32,4,G05,3536150.42657087,23027883.175530076,12564944.087162323,24566567.459038388,-70993.36096694705,15.232261876849332,1
32,15,G16,3417819.4517005393,-20665757.167618643,15671492.02699427,23319435.70023044,100074.04027129803,9.248602016507883,1
32,17,G18,25007376.7446632,6428687.916712994,6925610.791567289,21813784.63511509,-76834.12565227841,4.107753773085015,1
32,24,G25,16928989.166743845,18953297.339161746,7919580.063411247,22928672.10997182,116486.47746144867,6.3925586133242875,1
32,25,G26,11036395.331408976,-11656162.525983367,20865621.311930347,21181933.393724333,-117770.40749471355,3.8291653756363386,1
32,27,G28,24657582.36876111,-5296137.305969679,8371804.284736907,21377552.86584492,-124094.06542891187,3.7860331028069405,1
32,28,G29,12622384.157792425,8567381.889902174,21717009.33794099,20972355.13114447,-72872.80520954214,3.4960686111298407,1
32,30,G31,18369990.338849835,-10148096.541136855,16140151.349784972,20777158.765100103,-36121.79050152457,3.4270417446851487,1
33,3,G04,-5622791.871345964,-16139980.07634945,20307816.53698884,24620061.57225645,19457.90147793551,16.031039776342567,1
33,4,G05,3535186.161406453,23026568.18465961,12567590.601543447,24566372.4650005,-70993.35783405686,15.22807200201874,1
33,15,G16,3418832.0725336447,-20663922.77618563,15673677.719979506,23318963.47779416,100074.04350861671,9.24561368546979,1
33,17,G18,25006501.398012225,6428843.70814162,6928625.637958111,21813476.263801705,-76834.12176408428,4.107262052136756,1
33,24,G25,16929242.672375537,18954347.558839593,7916673.757775405,22929404.57518335,116486.475200293,6.3938657546459075,1
33,25,G26,11037955.66743014,-11653925.545317354,20866081.39780945,21181698.354089163,-117770.40822764742,3.8287748544033677,1
33,27,G28,24658638.431016278,-5295860.434129116,8368870.372419081,21378114.980076447,-124094.06268375705,3.7864192808749815,1
33,28,G29,12620728.390785903,8569595.752145315,21717081.310979094,20972830.33324033,-72872.80353749644,3.496343155746384,1
33,30,G31,18372068.467062645,-10147759.370443227,16138065.701210588,20777377.80581724,-36121.789988596334,3.4270665279454584,1
34,3,G04,-5621236.617522935,-16142033.683594191,20306595.122617185,24620133.3521217,19457.902125055025,16.030205277236387,1
34,4,G05,3534221.647039587,23025252.961695433,12570236.846408864,24566177.706051946,-70993.3546789809,15.223885418584887,1
34,15,G16,3419844.902735739,-20662088.182722893,15675863.063426454,23318491.37374016,100074.04675948706,9.242627262574024,1
34,17,G18,25005625.68509213,6428999.527348663,6931640.340476641,21813168.028181214,-76834.11786942303,4.106770555328415,1
34,24,G25,16929496.0633653,18955397.44173868,7913767.28478661,22930137.12080548,116486.47294920139,6.3951735054342,1
34,25,G26,11039516.147660365,-11651688.599104226,20866541.02793379,21181463.375878762,-117770.40895435508,3.828384460323033,1
34,27,G28,24659694.141180966,-5295583.631870848,8365936.281582667,21378677.280257497,-124094.05993262991,3.786805640890522,1
34,28,G29,12619072.745113991,8571809.718214126,21717152.820937492,20973305.667120233,-72872.8018598989,3.4966177888746066,1
34,30,G31,18374146.34755329,-10147422.338825155,16135979.705970438,20777597.069897167,-36121.78947003409,3.4270914169790854,1
35,3,G04,-5619681.5732956035,-16144087.259466963,20305373.27539366,24620205.30900196,19457.9030960305,16.029374418953196,1
35,4,G05,3533256.883681534,23023937.50700779,12572882.821070207,24565983.14422105,-70993.35121643246,15.21970247518807,1
35,15,G16,3420857.942801907,-20660253.38641695,15678048.05832823,23318019.59914627,100074.05019675517,9.239643301049705,1
35,17,G18,25004749.606337834,6429155.374312074,6934654.897622424,21812859.95505715,-76834.11389116675,4.106279222473999,1
35,24,G25,16929749.33960075,18956446.98761153,7910860.645200144,22930869.960149676,116486.47082829865,6.39648178803804,1
35,25,G26,11041076.77132571,-11649451.688469151,20867000.202075634,21181228.689156797,-117770.40960308776,3.827994261755695,1
35,27,G28,24660749.498725057,-5295306.899278855,8363002.013689118,21379239.75912877,-124094.05710442286,3.787192152814197,1
35,28,G29,12617417.220422892,8574023.788583517,21717223.86783114,20973781.174106296,-72872.80011114839,3.496892528756844,1
35,30,G31,18376223.9802701,-10147085.446252301,16133893.364110935,20777816.617089424,-36121.78888154462,3.4271164275055983,1
36,3,G04,-5618126.738683633,-16146140.803903867,20304150.995343585,24620277.49817952,19457.90379872355,16.028543315428706,1
36,4,G05,3532291.8713140325,23022621.82065334,12575528.525470108,24565788.738744102,-70993.34801042444,15.215521468825173,1
36,15,G16,3421871.192261327,-20658418.38820401,15680232.70359401,23317547.62799312,100074.05347794556,9.236660925624154,1
36,17,G18,25003873.16155893,6429311.249117448,6937669.310051347,21812552.033261374,-76834.10998202201,4.105788177668637,1
36,24,G25,16930002.501152463,18957496.19695972,7907953.83769228,22931602.72410893,116486.46859995139,6.397790644100264,1
36,25,G26,11042637.538767494,-11647214.812938122,20867458.92033609,21180994.02477111,-117770.41031592026,3.8276041471117286,1
36,27,G28,24661804.503872845,-5295030.236242544,8360067.568101286,21379802.511061057,-124094.05433993705,3.7875789146945285,1
36,28,G29,12615761.816359727,8576237.9637273,21717294.451674595,20974256.716272,-72872.79842105416,3.4971673046822906,1
36,30,G31,18378301.365160245,-10146748.692696454,16131806.675678508,20778036.32119404,-36121.78835043815,3.4271415582528157,1
37,3,G04,-5616572.113707473,-16148194.316840773,20302928.282492254,24620350.019050818,19457.904522915764,16.02771459484094,1
37,4,G05,3531326.61014971,23021305.90300246,12578173.958920512,24565594.419820238,-70993.34478575776,15.211344868868837,1
37,15,G16,3422884.651609629,-20656583.187270354,15682417.0002166,23317075.699837316,100074.05677115695,9.23368042671324,1
37,17,G18,25002996.35056361,6429467.151854509,6940683.57841916,21812244.224263806,-76834.10606701016,4.105297291482506,1
37,24,G25,16930255.547908254,18958545.069535512,7905046.863018285,22932335.627111524,116486.46638061009,6.399100137130102,1
37,25,G26,11044198.45032807,-11644977.972036304,20867917.182815805,21180759.46592434,-117770.41102316987,3.8272141674569897,1
37,27,G28,24662859.156597786,-5294753.642713087,8357132.944881509,21380365.29705617,-124094.05156999381,3.7879657777149167,1
37,28,G29,12614106.533755032,8578452.242536427,21717364.57243195,20974732.417025283,-72872.79672603986,3.497442219335957,1
37,30,G31,18380378.502172254,-10146412.078126937,16129719.64071961,20778256.196729593,-36121.78781421978,3.4271667629808973,1
38,3,G04,-5615017.698387042,-16150247.798213718,20301705.13686497,24620422.610839803,19457.905529720367,16.026888454403604,1
38,4,G05,3530361.099709169,23019989.75348449,12580819.122625504,24565400.26115917,-70993.34129377572,15.207171808111752,1
38,15,G16,3423898.3206175896,-20654747.784114767,15684600.94762619,23316603.95483899,100074.06022654354,9.230702139985029,1
38,17,G18,25002119.173787564,6429623.082500354,6943697.701225591,21811936.488975964,-76834.10207928653,4.104806622524582,1
38,24,G25,16930508.47975604,18959593.605091527,7902139.721933583,22933068.65017161,116486.46427465073,6.400410244825582,1
38,25,G26,11045759.505233297,-11642741.166888783,20868374.989287756,21180525.032160733,-117770.41166248094,3.826824348453543,1
38,27,G28,24663913.456873056,-5294477.118643244,8354198.1440921575,21380928.252806995,-124094.04873293603,3.7883528269184548,1
38,28,G29,12612451.372254994,8580666.625486,21717434.230117906,20975208.19204669,-72872.79496902524,3.4977172284502642,1
38,30,G31,18382455.391254354,-10146075.602513682,16127632.259280639,20778476.192881055,-36121.787217071884,3.427192086924858,1
39,3,G04,-5613463.492742361,-16152301.247958688,20300481.558487073,24620495.22719869,19457.906443486536,16.02606360653028,1
39,4,G05,3529395.3402046314,23018673.372469798,12583464.015896993,24565205.995842375,-70993.33789178479,15.203001957696992,1
39,15,G16,3424912.1990555194,-20652912.17923625,15686784.545253295,23316132.299185786,100074.06362744253,9.227725638609813,1
39,17,G18,25001241.631039787,6429779.041141958,6946711.679126444,21811628.816788103,-76834.09811535306,4.1043161695222885,1
39,24,G25,16930761.296765696,18960641.80412936,7899232.41311422,22933801.567134377,116486.46213167856,6.401720950636989,1
39,25,G26,11047320.703824732,-11640504.397021387,20868832.339852728,21180290.521895368,-117770.41232376567,3.826434646094391,1
39,27,G28,24664967.404671498,-5294200.663987081,8351263.165795587,21381491.23703658,-124094.04591778484,3.7887400476858066,1
39,28,G29,12610796.331506679,8582881.11305,21717503.424746666,20975684.001130924,-72872.7932322151,3.4979923275223275,1
39,30,G31,18384532.03235411,-10145739.26582773,16125544.531408079,20778696.27223515,-36121.78663952916,3.4272175092528654,1
40,3,G04,-5611909.496793609,-16154354.666011613,20299257.547383863,24620567.74416114,19457.907324699358,16.025240919586988,1
40,4,G05,3528429.3318484575,23017356.760328982,12586108.638047129,24565011.807027332,-70993.33452242681,15.198836211614996,1
40,15,G16,3425926.2874191715,-20651076.37182086,15688967.79409025,23315660.69881487,100074.0670090871,9.224750983647583,1
40,17,G18,25000363.722128555,6429935.027867931,6949725.512777382,21811321.19318165,-76834.09415945932,4.10382588073891,1
40,24,G25,16931013.998825528,18961689.66640121,7896324.937315589,22934534.531003322,116486.45997611289,6.403032272569548,1
40,25,G26,11048882.046072252,-11638267.662492838,20869289.234502222,21180056.15402378,-117770.41299241984,3.8260450753333037,1
40,27,G28,24666020.999966364,-5293924.278697022,8348328.0100541655,21382054.32512986,-124094.04310999654,3.7891273799067644,1
40,28,G29,12609141.412340557,8585095.704119066,21717572.15628306,20976159.93809035,-72872.79150229956,3.4982675554659157,1
40,30,G31,18386608.425419666,-10145403.068039121,16123456.457148368,20778916.37783438,-36121.78606847406,3.4272430096127637,1
41,3,G04,-5610355.710560757,-16156408.052308466,20298033.103580713,24620640.716783676,19457.90790180599,16.024418877733247,1
41,4,G05,3527463.074161653,23016039.916491,12588752.99027963,24564817.87787153,-70993.3314433251,15.194673315852855,1
41,15,G16,3426940.585237051,-20649240.362805314,15691150.693047108,23315188.895183813,100074.07021470885,9.221777920148037,1
41,17,G18,24999485.44749049,6430091.042653771,6952739.2006783765,21811013.739889316,-76834.09028153686,4.103335805630997,1
41,24,G25,16931266.585884597,18962737.191908937,7893417.294599983,22935267.50994926,116486.4576989472,6.404344159837546,1
41,25,G26,11050443.53231771,-11636030.962828865,20869745.67333651,21179821.843109705,-117770.41373354201,3.825655601874282,1
41,27,G28,24667074.242730513,-5293647.962727288,8345392.676930272,21382617.55505851,-124094.04037417237,3.7895148804476535,1
41,28,G29,12607486.614403434,8587310.399167493,21717640.42474145,20976635.990081616,-72872.7898387945,3.498542865363312,1
41,30,G31,18388684.569903694,-10145067.009198988,16121368.03704594,20779136.743092842,-36121.785562283505,3.427268601738186,1
42,3,G04,-5608802.134064126,-16158461.40678515,20296808.22710296,24620713.75083098,19457.908676784038,16.023600644920453,1
42,4,G05,3526496.5673559713,23014722.841326497,12591397.071906615,24564624.14527498,-70993.32817676812,15.19051435942498,1
42,15,G16,3427955.09300496,-20647404.151375487,15693333.243115883,23314717.35512085,100074.07353408393,9.21880721835999,1
42,17,G18,24998606.806933604,6430247.085589606,6955752.743485073,21810706.287155394,-76834.0863522252,4.102845851795289,1
42,24,G25,16931519.057830397,18963784.380405985,7890509.485722987,22936000.553112,116486.45550191024,6.405656557339419,1
42,25,G26,11052005.161786782,-11633794.29915434,20870201.65612947,21179587.657837197,-117770.41442675385,3.8252663217640106,1
42,27,G28,24668127.132937513,-5293371.716028917,8342457.166486266,21383180.822958834,-124094.0375908943,3.7899024866859277,1
42,28,G29,12605831.93734159,8589525.198670574,21717708.230135765,20977112.155987896,-72872.78813157829,3.4988183032458484,1
42,30,G31,18390760.466744855,-10144731.08911613,16119279.270151412,20779357.25409553,-36121.78501303076,3.427294296610453,1
43,3,G04,-5607248.767323005,-16160514.729377864,20295582.91797595,24620786.810006592,19457.90950961659,16.022783124324974,1
43,4,G05,3525529.8114126,23013405.534892302,12594040.882870743,24564430.500906732,-70993.3248565666,15.186357551271096,1
43,15,G16,3428969.8104936564,-20645567.73803038,15695515.4437272,23314245.84297823,100074.07688547474,9.215838432639318,1
43,17,G18,24997727.800476007,6430403.156724983,6958766.141134646,21810399.025955062,-76834.08240828558,4.102356196084419,1
43,24,G25,16931771.41473243,18964831.232393537,7887601.509360353,22936733.63983048,116486.45332791,6.406969556905459,1
43,25,G26,11053566.934821572,-11631557.670994684,20870657.182981484,21179353.561909802,-117770.41510602931,3.824877158952535,1
43,27,G28,24669179.670811098,-5293095.538490492,8339521.478084622,21383744.330974154,-124094.03479410015,3.790290364430493,1
43,28,G29,12604177.381985182,8591740.101518914,21717775.572431516,20977588.326919846,-72872.78641168064,3.4990937774433615,1
43,30,G31,18392836.115395863,-10144395.307841523,16117190.157009143,20779577.93485393,-36121.78445127526,3.4273201311691874,1
44,3,G04,-5605695.610357516,-16162568.020022519,20294357.17622507,24620860.114881273,19457.910455122706,16.021967145786288,1
44,4,G05,3524562.8065449107,23012087.997559164,12596684.422484472,24564236.730896916,-70993.32143233894,15.182205431616097,1
44,15,G16,3429984.7374735605,-20643731.12326922,15697697.29431207,23313774.306824114,100074.08030102284,9.212871315979896,1
44,17,G18,24996848.42792564,6430559.256148626,6961779.3942825915,21810091.802726403,-76834.07843540703,4.101866760991081,1
44,24,G25,16932023.656479355,18965877.747623943,7884693.36626764,22937466.991792273,116486.4511989897,6.408283333705541,1
44,25,G26,11055128.851391995,-11629321.078408515,20871112.25388411,21179119.463190373,-117770.41575809651,3.8244880992042907,1
44,27,G28,24670231.855822764,-5292819.43019568,8336585.613187519,21384307.899855834,-124094.03197047663,3.7906783780564517,1
44,28,G29,12602522.94798107,8593955.108186862,21717842.451642774,20978064.607857965,-72872.78466709156,3.4993693880074237,1
44,30,G31,18394911.515805062,-10144059.665344857,16115100.697665615,20779798.731760982,-36121.78386504894,3.427346035977491,1
45,3,G04,-5604142.663187899,-16164621.278654987,20293131.00187569,24620933.34883827,19457.911013663004,16.021151589112527,1
45,4,G05,3523595.5522732674,23010770.22875562,12599327.691951014,24564043.107748132,-70993.31837627952,15.178055535965,1
45,15,G16,3430999.8744401005,-20641894.306277696,15699878.795861999,23313302.732139915,100074.08349296138,9.209905801625844,1
45,17,G18,24995968.68971999,6430715.383835585,6964792.50142919,21809784.707931347,-76834.07456174806,4.101377544229683,1
45,24,G25,16932275.783020265,18966923.92609906,7881785.056507171,22938200.071809873,116486.44891519666,6.409597616401684,1
45,25,G26,11056690.911839558,-11627084.520922003,20871566.868937224,21178885.352185994,-117770.4165024443,3.8240991382190432,1
45,27,G28,24671283.68819625,-5292543.391033542,8333649.57115747,21384871.588236604,-124094.02923853317,3.791066579631331,1
45,28,G29,12600868.634976426,8596170.219148558,21717908.86778315,20978540.934027053,-72872.78300705932,3.499645060210832,1
45,30,G31,18396986.66791973,-10143724.161597786,16113010.89216732,20780019.619129963,-36121.78336148194,3.427372044095729,1
46,3,G04,-5602589.925834469,-16166674.505211113,20291904.394953195,24621006.60792358,19457.91151097542,16.020339093731483,1
46,4,G05,3522628.0488100755,23009452.228852548,12601970.690582762,24563849.489066605,-70993.31537857988,15.173909152823754,1
46,15,G16,3432015.220921362,-20640057.287993044,15702059.947287932,23312831.27918844,100074.08664947716,9.20694241648305,1
46,17,G18,24995088.585666858,6430871.539875568,6967805.463230022,21809477.622070804,-76834.07070319538,4.100888442689609,1
46,24,G25,16932527.79424312,18967969.767572448,7878876.580834676,22938933.180864636,116486.44660771546,6.4109123667427035,1
46,25,G26,11058253.115389492,-11624847.999660049,20872021.027915604,21178651.39027627,-117770.41726085843,3.8237103481496937,1
46,27,G28,24672335.167905126,-5292267.4209553655,8330713.35205687,21385435.33022444,-124094.02652057158,3.7914548804011874,1
46,28,G29,12599214.443801058,8598385.433294654,21717974.820818864,20979017.37578638,-72872.78136002952,3.499920851727294,1
46,30,G31,18399061.571688414,-10143388.796569694,16110920.740560748,20780240.623206,-36121.78287040213,3.4273981463709635,1
47,3,G04,-5601037.398316201,-16168727.699627202,20290677.355482977,24621080.365107905,19457.912391497186,16.01952782852775,1
47,4,G05,3521660.296367154,23008133.99822112,12604613.417692367,24563656.05912663,-70993.31201967376,15.169766095405537,1
47,15,G16,3433030.7774145403,-20638220.067600522,15704240.749581076,23312359.759786535,100074.09002518628,9.20398100849664,1
47,17,G18,24994208.115574066,6431027.724356873,6970818.280340449,21809170.669111118,-76834.06674664008,4.100399658983269,1
47,24,G25,16932779.690216508,18969015.272545297,7875967.937925596,22939666.312814083,116486.44445347838,6.412227879793569,1
47,25,G26,11059815.462384706,-11622611.5141474,20872474.730919253,21178417.366941784,-117770.41792757764,3.823321677853168,1
47,27,G28,24673386.294922628,-5291991.519913839,8327776.9559480995,21385999.193944998,-124094.02371197964,3.7918434457196026,1
47,28,G29,12597560.374101067,8600600.751100734,21718040.310763665,20979493.766730674,-72872.7796291794,3.5001967108555183,1
47,30,G31,18401136.227059674,-10143053.570229856,16108830.24289241,20780461.728912104,-36121.78229710531,3.4274243786989533,1
48,3,G04,-5599485.080653897,-16170780.861838913,20289449.883490447,24621154.016753312,19457.912703603208,16.018717398717563,1
48,4,G05,3520692.2944661197,23006815.53628936,12607255.874482682,24563462.44491236,-70993.30920074157,15.165625983127226,1
48,15,G16,3434046.5436887033,-20636382.64559963,15706421.20217254,23311888.081238642,100074.09307359648,9.201021066501443,1
48,17,G18,24993327.279879775,6431183.937254137,6973830.951261011,21808863.868038125,-76834.06293553991,4.099911019043481,1
48,24,G25,16933031.470830206,18970060.440769438,7873059.128535675,22940399.417959996,116486.44207175856,6.413543873712252,1
48,25,G26,11061377.953166192,-11620375.063910829,20872927.978047766,21178183.459755946,-117770.41872977873,3.8229331048785276,1
48,27,G28,24674437.06922158,-5291715.687863849,8324840.382893569,21386563.033095647,-124094.02103787907,3.7922321136395283,1
48,28,G29,12595906.425524456,8602816.17303985,21718105.33763088,20979970.257071406,-72872.77802254782,3.500472673493092,1
48,30,G31,18403210.633980516,-10142718.482550476,16106739.39920882,20780682.995997824,-36121.78184518866,3.427450679812727,1
49,3,G04,-5597932.9728671955,-16172833.99178228,20288221.97900103,24621227.861049123,19457.91328058608,16.017909669336827,1
49,4,G05,3519724.0433186865,23005496.843428418,12609898.06026631,24563269.094266172,-70993.30613193123,15.1614896999706,1
49,15,G16,3435062.519514346,-20634545.02248978,15708601.304493753,23311416.5752385,100074.09627374673,9.19806327629903,1
49,17,G18,24992446.078391377,6431340.178657687,6976843.476647168,21808557.112754505,-76834.05905625947,4.099422578943562,1
49,24,G25,16933283.136031702,18971105.27224824,7870150.152727231,22941132.67275897,116486.43979658115,6.414860500143836,1
49,25,G26,11062940.586959703,-11618138.650074411,20873380.769076604,21177949.65922584,-117770.41946827453,3.822544690433578,1
49,27,G28,24675487.490775667,-5291439.92475612,8321903.632955654,21387127.04926131,-124094.01830072537,3.7926209452256523,1
49,28,G29,12594252.598900134,8605031.698003514,21718169.90138741,20980446.86523601,-72872.77635772167,3.50074874529023,1
49,30,G31,18405284.792400032,-10142383.533499932,16104648.209556496,20780904.41608705,-36121.781336072505,3.4274770893915996,1
50,3,G04,-5596381.074975766,-16174887.089393359,20286993.642040122,24621301.75615997,19457.914021147335,16.017103604091037,1
50,4,G05,3518755.542906841,23004177.91969508,12612539.97498596,24563075.965865962,-70993.30291010081,15.157357225939482,1
50,15,G16,3436078.705388191,-20632707.19745609,15710781.057535464,23310945.121728614,100074.09956711819,9.195107353101013,1
50,17,G18,24991564.511126906,6431496.4486179,6979855.856436019,21808250.489813335,-76834.0551350117,4.098934376633159,1
50,24,G25,16933534.685710084,18972149.766734704,7867241.011256195,22941866.126909237,116486.43758701812,6.416177828537834,1
50,25,G26,11064503.36410742,-11615902.2721637,20873833.104105476,21177716.023984198,-117770.42016741588,3.8221563983133664,1
50,27,G28,24676537.559558053,-5291164.23054406,8318966.7061967915,21387691.284880906,-124094.01552471177,3.7930099582785037,1
50,28,G29,12592598.893874971,8607247.326466301,21718234.002046708,20980923.59401652,-72872.77465700757,3.501024920349596,1
50,30,G31,18407358.702266213,-10142048.723048579,16102556.673981952,20781125.96125944,-36121.78079160386,3.427503598562578,1
51,3,G04,-5594829.3869995335,-16176940.154608063,20285764.872633193,24621375.837778743,19457.91499920019,16.01629948562429,1
51,4,G05,3517786.7934436,23002858.765460636,12615181.61795457,24562883.175860375,-70993.29946578182,15.153229238183318,1
51,15,G16,3437095.100837944,-20630869.17143626,15712960.460209476,23310473.688879788,100074.10299621474,9.192153275061314,1
51,17,G18,24990682.577893816,6431652.747223261,6982868.091282914,21807944.066781864,-76834.05115281377,4.098446400321442,1
51,24,G25,16933786.119933896,18973193.92472931,7864331.702797707,22942599.694974527,116486.4354727694,6.417495918937023,1
51,25,G26,11066066.284579184,-11613665.930237262,20874284.983126,21177482.494839873,-117770.42080951273,3.821768227688943,1
51,27,G28,24677587.275792267,-5290888.605114511,8316029.60197909,21388255.554004923,-124094.01269222266,3.7933991263104865,1
51,28,G29,12590945.310095895,8609463.058903009,21718297.639621805,20981400.409908514,-72872.77290421001,3.501301223001133,1
51,30,G31,18409432.363527335,-10141714.051166337,16100464.792531723,20781347.629839767,-36121.780195889274,3.427530193201941,1
52,3,G04,-5593277.908958641,-16178993.187362276,20284535.670805655,24621450.023819618,19457.916049131363,16.015497600319,1
52,4,G05,3516817.794448238,23001539.38015299,12617822.9903745,24562690.227825616,-70993.29595363874,15.14910354000312,1
52,15,G16,3438111.7063596337,-20629030.94361538,15715139.513506204,23310002.26496547,100074.10646568707,9.189201413772933,1
52,17,G18,24989800.279130638,6431809.074449781,6985880.179688624,21807637.59516898,-76834.0471519734,4.097958634104993,1
52,24,G25,16934037.438591614,18974237.745985515,7861422.228107629,22943333.0212496,116486.43338793608,6.418814486409899,1
52,25,G26,11067629.348717019,-11611429.623820968,20874736.40623736,21177248.872999996,-117770.42143408593,3.8213802222664475,1
52,27,G28,24678636.638950884,-5290613.0485526975,8313092.321765516,21388819.8119608,-124094.00984247717,3.7937885062496406,1
52,28,G29,12589291.848392468,8611678.894203663,21718360.814080276,20981877.10295098,-72872.77113537847,3.501577583935667,1
52,30,G31,18411505.77563681,-10141379.517903827,16098372.565751215,20781569.301212125,-36121.7795843766,3.4275569262526724,1
53,3,G04,-5591726.640872992,-16181046.187591929,20283306.036582973,24621524.20874368,19457.917021582143,16.014697611639267,1
53,4,G05,3515848.546133934,23000219.76414335,12620464.091558626,24562497.422184635,-70993.29251560377,15.144980550430086,1
53,15,G16,3439128.5217230623,-20627192.51449302,15717318.21685721,23309530.919228133,100074.10988987888,9.186251540126005,1
53,17,G18,24988917.614645187,6431965.430385228,6988892.12230843,21807331.2838189,-76834.04317075829,4.097471058404164,1
53,24,G25,16934288.641632285,18975281.23050536,7858512.587248331,22944066.540175073,116486.43127251836,6.420133558947667,1
53,25,G26,11069192.555745132,-11609193.354039999,20875187.373215936,21177015.492950335,-117770.42207681714,3.8209923614305557,1
53,27,G28,24679685.64925743,-5290337.56074604,8310154.864918188,21389384.282111324,-124094.00701087418,3.794178060621544,1
53,28,G29,12587638.508411838,8613894.832842654,21718423.525435295,20982353.9288943,-72872.76938325491,3.5018540237450426,1
53,30,G31,18413578.93953132,-10141045.123071888,16096279.992689338,20781791.232802134,-36121.77898906167,3.4275837734505052,1
54,3,G04,-5590175.582762301,-16183099.15523301,20282075.969990596,24621598.619264156,19457.917489345913,16.013897617353784,1
54,4,G05,3514879.0487145674,22998899.91780314,12623104.920820098,24562304.790766627,-70993.28955738507,15.14086060259527,1
54,15,G16,3440145.546697806,-20625353.884568986,15719496.569694389,23309059.39312534,100074.11302357462,9.183302948747516,1
54,17,G18,24988034.584245108,6432121.815116452,6991903.919797601,21807025.05511305,-76834.03931889468,4.096983685591467,1
54,24,G25,16934539.728945695,18976324.3780417,7855602.780975901,22944799.961937737,116486.4289544336,6.421453225967073,1
54,25,G26,11070755.906005457,-11606957.120420232,20875637.88416104,21176782.068228118,-117770.42283992292,3.820604568919071,1
54,27,G28,24680734.306684952,-5290062.14164863,8307217.23149959,21389948.903031733,-124094.00429899736,3.7945677560273237,1
54,28,G29,12585985.289801449,8616110.875294087,21718485.773699578,20982830.901140243,-72872.76774165133,3.5021305587747067,1
54,30,G31,18415651.85466421,-10140710.866721237,16094187.073891414,20782013.32521335,-36121.77850168134,3.42761068949556,1
55,3,G04,-5588624.734646576,-16185152.090221392,20280845.47105402,24621673.094001435,19457.918381889584,16.013101176464975,1
55,4,G05,3513909.301708982,22997579.840559933,12625745.479360899,24562112.144830037,-70993.28619843836,15.136745162379015,1
55,15,G16,3441162.7817813777,-20623515.05302787,15721674.573007686,23308588.022259686,100074.11640067451,9.180356643076632,1
55,17,G18,24987151.18836862,6432278.228622816,6994915.570657129,21806718.828082424,-76834.035357758,4.096496485780167,1
55,24,G25,16934790.700598724,18977367.18909571,7852692.80796516,22945533.498732235,116486.42680748523,6.422773558950544,1
55,25,G26,11072319.399468726,-11604720.923019331,20876087.93906433,21176548.74625278,-117770.42350104789,3.82021695395192,1
55,27,G28,24681782.611207385,-5289786.791210443,8304279.421572095,21390513.515017625,-124094.00148588917,3.794957584435257,1
55,28,G29,12584332.193389785,8618327.02044915,21718547.5588414,20983307.90074813,-72872.76600669666,3.5024072295207604,1
55,30,G31,18417724.520984795,-10140376.748819875,16092093.809403999,20782235.418741383,-36121.77792268334,3.4276377066397887,1
56,3,G04,-5587074.096545501,-16187204.992493095,20279614.539798707,24621747.688237805,19457.918836228804,16.01230495512938,1
56,4,G05,3512939.3053307235,22996259.532785118,12628385.766494123,24561919.597173072,-70993.28325567914,15.132632336051241,1
56,15,G16,3442180.2265001936,-20621676.020808,15723852.225709787,23308116.493923265,100074.11952552348,9.177411777291347,1
56,17,G18,24986267.42682393,6432434.670989614,6997927.075542215,21806412.680903994,-76834.03150890688,4.096009496880981,1
56,24,G25,16935041.556481548,18978409.663419817,7849782.668972191,22946267.050045315,116486.42448454487,6.424094445520969,1
56,25,G26,11073883.036476431,-11602484.76136377,20876537.538024597,21176315.427069478,-117770.42426664678,3.819829422889206,1
56,27,G28,24682830.562797427,-5289511.509387195,8301341.435198163,21391078.290058356,-124093.99877677606,3.7953475787420152,1
56,28,G29,12582679.218824595,8620543.268781442,21718608.88087362,20983785.0109206,-72872.76436768845,3.5026839784288555,1
56,30,G31,18419796.93844009,-10140042.769340005,16090000.199273678,20782457.73172335,-36121.77743738335,3.4276648104997762,1
57,3,G04,-5585523.668478896,-16189257.861984016,20278383.17625015,24621822.10992642,19457.919319261946,16.011510463000445,1
57,4,G05,3511969.0597925405,22994938.994850498,12631025.781533122,24561727.014894877,-70993.28028673987,15.128522455251407,1
57,15,G16,3443197.8813516935,-20619836.78709386,15726029.52879031,23307645.033154093,100074.12266610967,9.174468864287757,1
57,17,G18,24985383.29962864,6432591.142269133,7000938.434390036,21806106.66327598,-76834.02765256814,4.095522726224813,1
57,24,G25,16935292.29654211,18979451.801017117,7846872.364059324,22947000.68121059,116486.42217334025,6.4254159103164366,1
57,25,G26,11075446.816253161,-11600248.636577997,20876986.680819135,21176082.168752536,-117770.42502508235,3.819442028251964,1
57,27,G28,24683878.16142866,-5289236.296130679,8298403.272440221,21391643.058956604,-124093.99606074375,3.795737763911461,1
57,28,G29,12581026.365752352,8622759.620766658,21718669.739808667,20984262.108808115,-72872.76272223445,3.5029608077934036,1
57,30,G31,18421869.106978808,-10139708.928250724,16087906.243547026,20782680.222278737,-36121.77694560148,3.4276920288989277,1
58,3,G04,-5583973.450466449,-16191310.698630152,20277151.380433828,24621896.48191682,19457.919961203406,16.010717946817167,1
58,4,G05,3510998.564613644,22993618.226183243,12633665.525679523,24561534.67384849,-70993.27716870316,15.124415831176076,1
58,15,G16,3444215.7461054707,-20617997.35238527,15728206.48168127,23307173.599746857,100074.12589707144,9.171527967397646,1
58,17,G18,24984498.80658968,6432747.642549929,7003949.647855701,21805800.647881594,-76834.02375539359,4.095036181969348,1
58,24,G25,16935542.92066918,18980493.601641845,7843961.893982831,22947734.29674047,116486.41992618643,6.426737998519659,1
58,25,G26,11077010.739141509,-11598012.548187336,20877435.36754687,21175848.923278954,-117770.42574525115,3.819054774910218,1
58,27,G28,24684925.40707454,-5288961.15139327,8295464.93336069,21392207.933952183,-124093.99330686862,3.796128142950968,1
58,28,G29,12579373.635002162,8624976.075294595,21718730.135615498,20984739.199994747,-72872.76104180358,3.503237724609512,1
58,30,G31,18423941.0265493,-10139375.225521846,16085811.9422706,20782902.772025257,-36121.77641941458,3.4277193626791655,1
59,3,G04,-5582423.44252797,-16193363.502367424,20275919.152375292,24621971.224131033,19457.920548242153,16.009926369337645,1
59,4,G05,3510027.8200080404,22992297.22715489,12636304.998246623,24561342.33726936,-70993.27410534494,15.120313500044263,1
59,15,G16,3445233.8205310004,-20616157.71718227,15730383.083815034,23306702.270761725,100074.12909588157,9.168588558252207,1
59,17,G18,24983613.948146984,6432904.171807632,7006960.714440428,21805494.8647845,-76834.01987230075,4.094549861176787,1
59,24,G25,16935793.428931616,18981535.065792616,7841051.25741723,22948468.036236696,116486.41765678102,6.428060847308976,1
59,25,G26,11078574.805110987,-11595776.496250572,20877883.59819947,21175615.745931022,-117770.42647830088,3.818667607281097,1
59,27,G28,24685972.299708337,-5288686.075128246,8292526.418022023,21392772.960834455,-124093.9905659797,3.7965186617109,1
59,28,G29,12577721.026221335,8627192.632839626,21718790.06830668,20985216.51677779,-72872.7593734165,3.5035147689410815,1
59,30,G31,18426012.697099626,-10139041.661123648,16083717.29549102,20783125.487060245,-36121.775904724826,3.427746763054857,1
60,3,G04,-5580873.6446838025,-16195416.27313157,20274686.492100026,24622046.390734542,19457.92109381686,16.009138018437085,1
60,4,G05,3509056.8259569593,22990975.99782241,12638944.199177193,24561150.010741554,-70993.27108051338,15.116213657922684,1
60,15,G16,3446252.10512479,-20614317.880669244,15732559.336180735,23306230.919998724,100074.13227058532,9.165651475926813,1
60,17,G18,24982728.724107523,6433060.7301310785,7009971.634799409,21805189.06381839,-76834.01599922283,4.094063665031007,1
60,24,G25,16936043.82121763,18982576.193224113,7838140.455118785,22949201.729943555,116486.41537171564,6.42938406419227,1
60,25,G26,11080139.01450385,-11593540.480293538,20878331.372875374,21175382.79194588,-117770.42722068781,3.818280632293473,1
60,27,G28,24687018.839303404,-5288411.067288476,8289587.72648666,21393338.196002524,-124093.98783443157,3.796909323238466,1
60,28,G29,12576068.539056808,8629409.293876909,21718849.53789433,20985693.92123073,-72872.75771365003,3.5037918971919404,1
60,30,G31,18428084.118577838,-10138708.235026529,16081622.303254852,20783348.28697309,-36121.775398306934,3.427774288364028,1
61,3,G04,-5579324.057322505,-16197469.01036933,20273453.39992759,24622121.667902634,19457.92167823479,16.008350980339944,1
61,4,G05,3508085.5826748176,22989654.538557634,12641583.127784876,24560957.901992466,-70993.26802183174,15.112118493838848,1
61,15,G16,3447270.5994143183,-20612477.843784757,15734735.237691948,23305759.364858773,100074.1354669692,9.162715939281142,1
61,17,G18,24981843.134278223,6433217.317608121,7012982.409587528,21804883.284071743,-76834.01211615487,4.093577684048872,1
61,24,G25,16936294.09747657,18983616.983938217,7835229.487149822,22949935.372835375,116486.41310212607,6.4307080708412085,1
61,25,G26,11081703.366544312,-11591304.501440657,20878778.69135275,21175149.71902005,-117770.4279535263,3.8178937504995596,1
61,27,G28,24688065.025833204,-5288136.127826509,8286648.85881705,21393903.30887947,-124093.98509355055,3.7973001117692466,1
61,28,G29,12574416.174337672,8631626.057295801,21718908.544348106,20986171.311723497,-72872.75604536223,3.5040691664296615,1
61,30,G31,18430155.290438615,-10138374.94727949,16079526.966108333,20783571.08576912,-36121.77488324239,3.4278018762407747,1
62,3,G04,-5577774.679725217,-16199521.71499533,20272219.875295572,24622196.9830424,19457.92247863817,16.007566571180767,1
62,4,G05,3507114.08967934,22988332.848787457,12644221.785270786,24560765.74019472,-70993.26475938552,15.108026071831066,1
62,15,G16,3448289.3038966525,-20610637.605712965,15736910.789337488,23305287.911907293,100074.1387863308,9.159782675908653,1
62,17,G18,24980957.179099195,6433373.934215658,7015993.037306389,21804577.50711713,-76834.00817750831,4.0930919121875196,1
62,24,G25,16936544.257596735,18984657.437690064,7832318.3542667795,22950668.87724227,116486.41091993578,6.4320326075754535,1
62,25,G26,11083267.861574842,-11589068.559217485,20879225.553730153,21174916.60979777,-117770.42863440134,3.8175070410452405,1
62,27,G28,24689110.859520447,-5287861.256629666,8283709.8143748855,21394468.39886173,-124093.98230113437,3.797691105585469,1
62,28,G29,12572763.931710538,8633842.923571808,21718967.08768026,20986648.608962297,-72872.75432943589,3.504346508297616,1
62,30,G31,18432226.213617835,-10138041.797693599,16077431.283098927,20783793.925887264,-36121.77432144438,3.427829599813044,1
63,3,G04,-5576225.512280873,-16201574.3864562,20270985.918523446,24622272.067001678,19457.923217681764,16.006782988086076,1
63,4,G05,3506142.347184376,22987010.928883772,12646860.170948507,24560573.267922696,-70993.26155632659,15.103936214984566,1
63,15,G16,3449308.218098078,-20608797.16739279,15739085.990031267,23304816.52093899,100074.14206951103,9.156851173576534,1
63,17,G18,24980070.85837769,6433530.5800407445,7019003.518610975,21804271.708943054,-76834.00425466071,4.092606396260585,1
63,24,G25,16936794.30164676,18985697.554977734,7829407.055143877,22951402.403985444,116486.40871303447,6.433357752519134,1
63,25,G26,11084832.499937935,-11586832.653149722,20879671.96010567,21174683.41123037,-117770.4293297529,3.817120442065127,1
63,27,G28,24690156.339839634,-5287586.453782853,8280770.594624089,21395033.599966973,-124093.97952335948,3.798082321862796,1
63,28,G29,12571111.810822887,8636059.893179454,21719025.167902622,20987125.877722345,-72872.75262690343,3.504623912574725,1
63,30,G31,18434296.887569547,-10137708.786318988,16075335.254772775,20784016.838039912,-36121.77377260836,3.427857440488394,1
64,3,G04,-5574676.555009261,-16203627.02468782,20269751.52963675,24622347.17273883,19457.92405152211,16.006001097506402,1
64,4,G05,3505170.3554039076,22985688.779218655,12649498.284131894,24560381.278114293,-70993.25826523572,15.09984965947757,1
64,15,G16,3450327.3425165284,-20606956.5280081,15741260.8407618,23304345.20088837,100074.14540614109,9.153921569084112,1
64,17,G18,24979184.17213159,6433687.255134861,7022013.853438425,21803966.125197254,-76834.0003074594,4.0921211076962205,1
64,24,G25,16937044.229515534,18986737.33555573,7826495.590537552,22952136.053019743,116486.40654444724,6.434683537959983,1
64,25,G26,11086397.280857239,-11584596.784362027,20880117.9102582,21174450.40475497,-117770.43000218745,3.8167339727389704,1
64,27,G28,24691201.467013698,-5287311.719172703,8277831.198926401,21395598.98702174,-124093.97672295362,3.798473726654564,1
64,28,G29,12569459.812503371,8638276.965008251,21719082.784985535,20987603.262072634,-72872.75090344815,3.504901407409306,1
64,30,G31,18436367.312242236,-10137375.913125247,16073238.881176498,20784239.96685446,-36121.7732031227,3.4278853894203194,1
65,3,G04,-5573127.807930389,-16205679.629626013,20268516.708661072,24622422.60123521,19457.92460633335,16.005220338365124,1
65,4,G05,3504198.1138567645,22984366.399218507,12652136.1260217,24560189.39105277,-70993.25523883307,15.095765966598627,1
65,15,G16,3451346.6769206524,-20605115.68805919,15743435.340961738,23303873.96683242,100074.14858239121,9.150993625382421,1
65,17,G18,24978297.12016763,6433843.959585355,7025024.042443642,21803660.768723086,-76833.99643154886,4.09163600614496,1
65,24,G25,16937294.041092645,18987776.779178403,7823583.9612043435,22952869.98181593,116486.40426379308,6.436009864299664,1
65,25,G26,11087962.204674866,-11582360.952380378,20880563.40428597,21174217.641186602,-117770.43074093896,3.8163476156386884,1
65,27,G28,24692246.24101589,-5287037.052753074,8274891.627344281,21396164.691251665,-124093.97398870457,3.7988652841637265,1
65,28,G29,12567807.936399532,8640494.139532508,21719139.938940957,20988080.92897685,-72872.74924103476,3.505178991734742,1
65,30,G31,18438437.487583645,-10137043.17808325,16071142.162356736,20784463.46700964,-36121.77269313137,3.4279134303875636,1
66,3,G04,-5571579.271063777,-16207732.201206762,20267281.455621958,24622498.136945724,19457.92529378581,16.00444165350288,1
66,4,G05,3503225.622756662,22983043.78925544,12654773.695931705,24559997.699992094,-70993.25208899872,15.091686302632818,1
66,15,G16,3452366.2210797383,-20603274.648046408,15745609.490064088,23303402.74617824,100074.15183396488,9.148067550266129,1
66,17,G18,24977409.70292657,6434000.693369577,7028034.084128416,21803355.57474535,-76833.99252149226,4.091151106057577,1
66,24,G25,16937543.736445498,18988815.88634433,7820672.165818241,22953603.91619619,116486.4020367419,6.4373368760367295,1
66,25,G26,11089527.271360926,-11580125.157262877,20881008.442180745,21173984.980923522,-117770.43144767094,3.815961389075689,1
66,27,G28,24693290.66181992,-5286762.454475402,8271951.879940221,21396730.399948843,-124093.97122271812,3.799256989670993,1
66,28,G29,12566156.182158161,8642711.417227864,21719196.629780404,20988558.65172176,-72872.7475493785,3.5054566965255107,1
66,30,G31,18440507.413542632,-10136710.581162013,16069045.098360118,20784687.034732066,-36121.77215429317,3.427941561078887,1
67,3,G04,-5570030.944429494,-16209784.739365846,20266045.770545013,24622574.032828737,19457.926138731767,16.003666539961095,1
67,4,G05,3502252.882316812,22981720.949701875,12657410.993175996,24559805.96984293,-70993.24878977424,15.087609059996188,1
67,15,G16,3453385.9754911317,-20601433.407153487,15747783.289056879,23302931.685228456,100074.1551751346,9.145143974381506,1
67,17,G18,24976521.920214962,6434157.456576103,7031043.979147619,21803050.3640154,-76833.9885705468,4.090666353263078,1
67,24,G25,16937793.315462656,18989854.656808697,7817760.205135805,22954337.875146355,116486.39987416688,6.438664279089525,1
67,25,G26,11091092.481257973,-11577889.398535253,20881453.024040233,21173752.422848918,-117770.43211625221,3.8155753702935233,1
67,27,G28,24694334.729399208,-5286487.924292794,8269011.956776661,21397296.205808833,-124093.96841880456,3.7996488686803715,1
67,28,G29,12564504.55060772,8644928.796983652,21719252.857474923,20989036.40182861,-72872.74582268481,3.505734475763366,1
67,30,G31,18442577.0900673,-10136378.12233173,16066947.689233301,20784910.80180578,-36121.77158106834,3.427969833797284,1
68,3,G04,-5568482.828047038,-16211837.244039234,20264809.653455805,24622650.17887807,19457.926653854003,16.00289247554217,1
68,4,G05,3501279.892056744,22980397.879983753,12660048.01895493,24559614.503820263,-70993.24580365617,15.083535418508507,1
68,15,G16,3454405.9396808683,-20599591.966319807,15749956.736854894,23302460.44893888,100074.158327163,9.142221877425756,1
68,17,G18,24975633.771839503,6434314.2492915625,7034053.728156021,21802745.34202701,-76833.98470385575,4.090181768944056,1
68,24,G25,16938042.778094135,18990893.090572923,7814848.079219377,22955071.735816896,116486.39757890397,6.439992288089464,1
68,25,G26,11092657.833588805,-11575653.677322583,20881897.149644237,21173520.003817648,-117770.43286324674,3.8151894476835944,1
68,27,G28,24695378.443727005,-5286213.462159098,8266071.85791608,21397862.09710509,-124093.96569310215,3.8000408580066227,1
68,28,G29,12562853.041396033,8647146.279273918,21719308.622036166,20989514.30326375,-72872.74416823719,3.5060123748348637,1
68,30,G31,18444646.5171055,-10136045.801563188,16064849.935022939,20785134.662133455,-36121.771078210746,3.427998172154007,1
69,3,G04,-5566934.921935739,-16213889.71516294,20263573.104379956,24622726.333861914,19457.92735370457,16.00212012164663,1
69,4,G05,3500306.652189683,22979074.580473457,12662684.772582518,24559423.13105156,-70993.2426450446,15.079465409513945,1
69,15,G16,3455426.1141475085,-20597750.32472875,15752129.834445849,23301989.28691743,100074.16158402435,9.13930165687353,1
69,17,G18,24974745.258241512,6434471.071493242,7037063.329655627,21802440.3909563,-76833.98078983955,4.089697423882886,1
69,24,G25,16938292.124228496,18991931.1873927,7811935.788825724,22955805.674106,116486.3953581031,6.441320997920116,1
69,25,G26,11094223.328696787,-11573417.99314976,20882340.819090582,21173287.603772216,-117770.43356587723,3.814803650650565,1
69,27,G28,24696421.804777004,-5285939.068026116,8263131.583420953,21398428.082772125,-124093.96292340683,3.800433037507868,1
69,28,G29,12561201.654563405,8649363.864045965,21719363.923462216,20989992.238761716,-72872.74247316667,3.5062903729382655,1
69,30,G31,18446715.69411277,-10135713.618904538,16062751.836275944,20785358.607897397,-36121.77053542975,3.4280266151740335,1
70,3,G04,-5565387.226115349,-16215942.152672844,20262336.123343077,24622802.629005905,19457.92790547298,16.001348570924783,1
70,4,G05,3499333.162929634,22977751.051543526,12665321.253373045,24559231.71472711,-70993.23962705341,15.075397546394084,1
70,15,G16,3456446.498659362,-20595908.482880883,15754302.581262868,23301518.129921645,100074.1647552586,9.136383208061282,1
70,17,G18,24973856.379227653,6434627.923268327,7040072.78430125,21802135.55491743,-76833.97691376515,4.0892133234335954,1
70,24,G25,16938541.353933647,18992968.94776539,7809023.332628502,22956539.643107496,116486.39307766876,6.442650256073257,1
70,25,G26,11095788.96655099,-11571182.346075812,20882784.032371096,21173055.195909087,-117770.43430365961,3.8144179685947304,1
70,27,G28,24697464.812522426,-5285664.741847979,8260191.133353784,21398994.210832935,-124093.96018898064,3.8008254418647756,1
70,28,G29,12559550.389757376,8651581.551774563,21719418.761764202,20990470.204972066,-72872.7408105027,3.5065684230541336,1
70,30,G31,18448784.62202359,-10135381.574168243,16060653.392038532,20785582.792101115,-36121.77002420796,3.4280551808028172,1
71,3,G04,-5563839.740605521,-16217994.556504855,20261098.710370764,24622878.863841947,19457.928580982214,16.00057910439897,1
71,4,G05,3498359.423794984,22976427.2926197,12667957.4625265,24559040.47206723,-70993.23649406257,15.071333611750672,1
71,15,G16,3457467.0929852417,-20594066.44127685,15756474.976739395,23301046.961199313,100074.16799662983,9.133466632029817,1
71,17,G18,24972967.1348158,6434784.804668763,7043082.092030109,21801830.717761744,-76833.9730058263,4.088729422682638,1
71,24,G25,16938790.467098683,18994006.371446207,7806110.711384449,22957273.80085054,116486.39084733788,6.4439801894791815,1
71,25,G26,11097354.74749458,-11568946.735626,20883226.789583087,21172822.942724686,-117770.43501155252,3.814032418428798,1
71,27,G28,24698507.466937065,-5285390.4835761795,8257250.50777703,21399560.534894593,-124093.95742490703,3.8012179960572468,1
71,28,G29,12557899.247806145,8653799.341348788,21719473.136914074,20990948.272254076,-72872.73912052343,3.506846591181237,1
71,30,G31,18450853.300293297,-10135049.667402683,16058554.602857575,20785807.023769423,-36121.769486038254,3.428083837966018,1
72,3,G04,-5562292.465426007,-16220046.926594783,20259860.865488682,24622955.29691246,19457.92924179077,15.999811130997132,1
72,4,G05,3497385.434999783,22975103.304074463,12670593.399357116,24558849.05797641,-70993.23337640088,15.067272912301013,1
72,15,G16,3458487.897623533,-20592224.19909984,15758647.021862675,23300575.823747773,100074.17122886203,9.130551848294171,1
72,17,G18,24972077.524812113,6434941.7157822205,7046091.253496736,21801526.02579187,-76833.9691015527,4.088245737121355,1
72,24,G25,16939039.4636724,18995043.458437677,7803197.925155903,22958007.883208647,116486.38861122714,6.445310748825747,1
72,25,G26,11098920.670750316,-11566711.162925042,20883669.090507254,21172590.75096505,-117770.43572266719,3.8136469900117067,1
72,27,G28,24699549.767994296,-5285116.293164194,8254309.706753179,21400126.938250042,-124093.95466421984,3.801610725811996,1
72,28,G29,12556248.228357004,8656017.233243624,21719527.048923105,20991426.393143155,-72872.73743364494,3.507124852726534,1
72,30,G31,18452921.72887002,-10134717.898578187,16056455.468779732,20786031.286150116,-36121.76895069926,3.4281125960014944,1
73,3,G04,-5560745.400596438,-16222099.262878586,20258622.588722438,24623031.593173265,19457.930068418267,15.999045829984148,1
73,4,G05,3496411.196758826,22973779.086280446,12673229.063179374,24558657.82983511,-70993.23010431159,15.063216793666452,1
73,15,G16,3459508.9120994587,-20590381.757289775,15760818.71554837,23300104.73878649,100074.17455542252,9.127638968616512,1
73,17,G18,24971187.549658705,6435098.656585675,7049100.267203537,21801221.280214924,-76833.9651544996,4.087762215741417,1
73,24,G25,16939288.343544092,18996080.208495375,7800284.974699801,22958741.976176485,116486.38644240923,6.446642001268363,1
73,25,G26,11100486.736661103,-11564475.627498362,20884110.935241047,21172358.454783313,-117770.43639375982,3.8132617028106104,1
73,27,G28,24700591.71566787,-5284842.170563727,8251368.730344743,21400693.161240038,-124093.9518636933,3.8020035615061936,1
73,28,G29,12554597.331057267,8658235.227934279,21719580.49780209,20991904.501188874,-72872.73571013754,3.507403261484556,1
73,30,G31,18454989.907702364,-10134386.267664136,16054355.989851713,20786255.612189204,-36121.76837926225,3.4281414298503314,1
74,3,G04,-5559198.546136375,-16224151.565292124,20257383.880097695,24623108.193207465,19457.93089761861,15.99828229708999,1
74,4,G05,3495436.7085895035,22972454.638663184,12675864.455192912,24558466.885922957,-70993.22683157845,15.05916442833048,1
74,15,G16,3460530.1369115845,-20588539.11502965,15762990.058783403,23299633.651033167,100074.17788281321,9.124727854004593,1
74,17,G18,24970297.209161874,6435255.627166657,7052109.133805144,21800916.6401769,-76833.96120661842,4.087278888805255,1
74,24,G25,16939537.106781367,18997116.62211611,7797371.858689535,22959476.167982355,116486.38427486662,6.447973909103868,1
74,25,G26,11102052.945196334,-11562240.129404634,20884552.323776323,21172126.23398652,-117770.43706390543,3.8128765378644776,1
74,27,G28,24701633.31017946,-5284568.115663185,8248427.577912952,21401259.508754786,-124093.94906234131,3.8023965415063663,1
74,28,G29,12552946.556735106,8660453.324309403,21719633.483523693,20992382.747161116,-72872.73398591172,3.507681785717595,1
74,30,G31,18457057.83673841,-10134054.774630921,16052256.1661202,20786480.12473622,-36121.76780688274,3.4281703504285255,1
75,3,G04,-5557651.902065494,-16226203.833771272,20256144.73964011,24623184.82618767,19457.93154113567,15.997520012941616,1
75,4,G05,3494461.970705971,22971129.961595368,12678499.574712146,24558276.001760352,-70993.22373456422,15.055114403892997,1
75,15,G16,3461551.5718279528,-20586696.27282031,15765161.05100134,23299162.51078959,100074.18110339282,9.121818545855445,1
75,17,G18,24969406.503339957,6435412.6275753295,7055117.85323878,21800612.126897253,-76833.95730613239,4.086795769127087,1
75,24,G25,16939785.753273696,18998152.699055243,7794458.577881943,22960210.33689354,116486.38203267657,6.4493063310350305,1
75,25,G26,11103619.296698578,-11560004.66816979,20884993.256209992,21171894.118728638,-117770.43777808,3.812491498461785,1
75,27,G28,24702674.55100574,-5284294.128546853,8245486.250922751,21401825.98302792,-124093.94630508032,3.8027897124924785,1
75,28,G29,12551295.905037934,8662671.52284394,21719686.006098874,20992861.03278025,-72872.73230228551,3.507960376968029,1
75,30,G31,18459125.515926134,-10133723.419449124,16050155.997631907,20786704.799221255,-36121.767274033,3.4281993851217942,1
76,3,G04,-5556105.468403205,-16228256.068251994,20254905.16737533,24623261.559122726,19457.931970347214,15.996758499689859,1
76,4,G05,3493486.983322876,22969805.055449862,12681134.421051791,24558085.076275628,-70993.22084043651,15.051066680228892,1
76,15,G16,3462573.216616798,-20584853.231162693,15767331.6916361,23298691.401258398,100074.18420080563,9.118910929698945,1
76,17,G18,24968515.43199873,6435569.657899862,7058126.42615893,21800307.74819369,-76833.9534604741,4.0863128783022304,1
76,24,G25,16940034.282910723,18999188.439068362,7791545.1330341,22960944.382955194,116486.3797040372,6.450639302205833,1
76,25,G26,11105185.790390443,-11557769.244918281,20885433.732323673,21171662.04814332,-117770.43854317545,3.812106569013171,1
76,27,G28,24703715.43836863,-5284020.2091024425,8242544.748735482,21402392.653860305,-124093.9435988493,3.803183088149891,1
76,28,G29,12549645.37561314,8664889.824013127,21719738.065538127,20993339.39322592,-72872.7306656351,3.5082390302701225,1
76,30,G31,18461192.944720965,-10133392.202167662,16048055.484934358,20786929.577011578,-36121.76678693995,3.4282285322244803,1
77,3,G04,-5554559.245537636,-16230308.26818089,20253665.163624752,24623338.405972805,19457.9326798998,15.995999095564857,1
77,4,G05,3492511.745957904,22968479.919651788,12683768.995411096,24557894.246836904,-70993.21768492025,15.047023840077875,1
77,15,G16,3463595.071777855,-20583009.989239395,15769501.981674135,23298220.453106817,100074.18745762735,9.116005085132311,1
77,17,G18,24967623.995580897,6435726.718117705,7061134.8510682015,21800003.50183258,-76833.94954297483,4.085830202270977,1
77,24,G25,16940282.6957593,19000223.842652407,7788631.522819125,22961678.679183166,116486.37748857743,6.45197309082258,1
77,25,G26,11106752.426615495,-11555533.859175043,20885873.75221443,21171430.02893144,-117770.43924104952,3.8117217582863456,1
77,27,G28,24704755.972242102,-5283746.357280787,8239603.071413609,21402959.35205463,-124093.94082569153,3.8035765989928985,1
77,28,G29,12547994.96928833,8667108.226705987,21719789.66181482,20993817.887130853,-72872.72896733768,3.508517830449247,1
77,30,G31,18463260.124057848,-10133061.122597063,16045954.627072692,20787154.496078867,-36121.76623930353,3.4282577533313354,1
78,3,G04,-5553013.232751463,-16232360.434472285,20252424.727822755,24623415.492937878,19457.933397484223,15.995242416749992,1
78,4,G05,3491536.2588250735,22967154.55457409,12686403.297104707,24557703.635735303,-70993.21452188834,15.04298369549922,1
78,15,G16,3464617.1368346536,-20581166.547991037,15771671.920031963,23297749.387131367,100074.19071850991,9.113101402780806,1
78,17,G18,24966732.193892412,6435883.808316622,7064143.128621092,21799699.176736083,-76833.94562299359,4.085347684045945,1
78,24,G25,16940530.991708774,19001258.90956317,7785717.74799404,22962412.9960722,116486.37527711384,6.4533073414171165,1
78,25,G26,11108319.205342626,-11553298.510999138,20886313.315874137,21171198.081195652,-117770.4399365383,3.8113371192930914,1
78,27,G28,24705796.152599595,-5283472.573035604,8236661.219019631,21403526.144061327,-124093.93805024115,3.803970269536003,1
78,28,G29,12546344.685710976,8669326.7313975,21719840.79493959,20994296.3821526,-72872.72726691156,3.508796716447022,1
78,30,G31,18465327.05339171,-10132730.180787161,16043853.424594386,20787379.563123997,-36121.765689421634,3.4282870945762394,1
79,3,G04,-5551467.430432749,-16234412.56657282,20251183.86029064,24623492.784838308,19457.934127604818,15.99448786462012,1
79,4,G05,3490560.522139444,22965828.96058978,12689037.325447537,24557512.954274423,-70993.21134779014,15.038946468331378,1
79,15,G16,3465639.4122865763,-20579322.9066001,15773841.507695729,23297278.490911637,100074.19398588687,9.110199708648956,1
79,17,G18,24965840.026951548,6436040.92854729,7067151.258754921,21799394.962204166,-76833.94169955105,4.084865354913128,1
79,24,G25,16940779.17070798,19002293.63980328,7782803.808621235,22963147.431901917,116486.37307117076,6.454642136961334,1
79,25,G26,11109886.126914933,-11551063.199916095,20886752.423399333,21170966.319967788,-117770.44062866246,3.810952628222651,1
79,27,G28,24706835.97941463,-5283198.856319838,8233719.191616104,21404093.191260003,-124093.93527156391,3.8043641122023533,1
79,28,G29,12544694.524528516,8671545.338562958,21719891.464922644,20994775.03687874,-72872.72556348275,3.509075690149743,1
79,30,G31,18467393.732670918,-10132399.37670779,16041751.877546163,20787604.78875671,-36121.765136429945,3.4283165486594553,1
80,3,G04,-5549921.83860065,-16236464.664418496,20249942.561054096,24623570.12811218,19457.934764418736,15.993733920534059,1
80,4,G05,3489584.535417929,22964503.137123764,12691671.08163848,24557322.289007347,-70993.20826312434,15.034911883516843,1
80,15,G16,3466661.897901865,-20577479.06556759,15776010.74409945,23296807.552252974,100074.19719906422,9.10729966003473,1
80,17,G18,24964947.494563878,6436198.07889735,7070159.242123976,21799090.925245665,-76833.9378000955,4.084383283168214,1
80,24,G25,16941027.232646953,19003328.033128466,7779889.705457906,22963881.86326438,116486.37082740062,6.455977570937969,1
80,25,G26,11111453.190554652,-11548827.927050356,20887191.074572545,21170734.576050542,-117770.44134289189,3.810568237441779,1
80,27,G28,24707875.45266073,-5282925.207086905,8230776.989265506,21404660.328920614,-124093.93251520745,3.804758173943763,1
80,28,G29,12543044.486568756,8673764.047090625,21719941.671738043,20995253.705006644,-72872.7238805364,3.5093547307290303,1
80,30,G31,18469460.161843717,-10132068.710329086,16039649.98597476,20787830.171860185,-36121.764603293974,3.428346113450698,1
81,3,G04,-5548376.45727521,-16238516.727945039,20248700.830138847,24623647.652868316,19457.93542976111,15.992982649423757,1
81,4,G05,3488608.2988754823,22963177.08454902,12694304.564992372,24557131.85212872,-70993.20515216982,15.030880534351073,1
81,15,G16,3467684.593448147,-20575635.025394797,15778179.62867751,23296336.82411374,100074.20042806068,9.104401668974374,1
81,17,G18,24964054.597173057,6436355.259343557,7073167.077231168,21798786.897780083,-76833.93389293225,4.08390136738503,1
81,24,G25,16941275.177592296,19004362.090035103,7776975.437176918,22964616.115936607,116486.36859580393,6.457313532242571,1
81,25,G26,11113020.396604737,-11546592.6919275,20887629.269490425,21170502.822081972,-117770.44204984886,3.810184007657403,1
81,27,G28,24708914.572311673,-5282651.625288725,8227834.612030404,21405227.549783863,-124093.92975167152,3.8051523757145667,1
81,28,G29,12541394.571479043,8675982.857455803,21719991.415396113,20995732.469738957,-72872.7221910002,3.50963387637349,1
81,30,G31,18471526.34085866,-10131738.18162063,16037547.749926927,20788055.64710081,-36121.7640635109,3.4283757833114756,1
82,3,G04,-5546831.286475763,-16240568.757088339,20247458.667570613,24623725.125134196,19457.93585093691,15.992232507530588,1
82,4,G05,3487631.8127278043,22961850.803238705,12696937.774824347,24556941.407990806,-70993.20227291985,15.026852984227668,1
82,15,G16,3468707.499425001,-20573790.785263944,15780348.162415553,23295865.862001985,100074.20351746553,9.101505154187867,1
82,17,G18,24963161.334584836,6436512.4699732335,7076174.764730917,21798482.97808704,-76833.93004805717,4.083419628399412,1
82,24,G25,16941523.005434345,19005395.810278576,7774061.004535447,22965350.498159252,116486.36626558867,6.458650145854679,1
82,25,G26,11114587.745034404,-11544357.494606256,20888067.0081449,21170271.25015407,-117770.44281473393,3.809799873770507,1
82,27,G28,24709953.338340983,-5282378.110878791,8224892.059973267,21405794.83486391,-124093.92704612775,3.8055466911940017,1
82,28,G29,12539744.779300585,8678201.76960425,21720040.695895083,20996211.331075676,-72872.7205550394,3.5099131476583025,1
82,30,G31,18473592.269663922,-10131407.790552657,16035445.169449413,20788281.179857355,-36121.763575775214,3.4284055180497752,1
83,3,G04,-5545286.326221238,-16242620.751784472,20246216.07337513,24623802.902848687,19457.936533784956,15.991483438799825,1
83,4,G05,3486655.076490096,22960524.292617604,12699570.712332927,24556751.105129853,-70993.199148594,15.022827534746868,1
83,15,G16,3469730.6153565818,-20571946.346115954,15782516.344230993,23295395.008221183,100074.2067546516,9.098610654760032,1
83,17,G18,24962267.706817284,6436669.71083804,7079182.304560479,21798179.230941758,-76833.92613648872,4.0829382036727795,1
83,24,G25,16941770.716120996,19006429.19386241,7771146.40759589,22966084.89880933,116486.36404100199,6.45998741126158,1
83,25,G26,11116155.235813664,-11542122.33514453,20888504.29052793,21170039.64304653,-117770.44351709317,3.809415869754531,1
83,27,G28,24710991.750722382,-5282104.663809407,8221949.333156675,21406362.31482799,-124093.9242784589,3.805941307504838,1
83,28,G29,12538095.109680086,8680420.78401251,21720089.51324477,20996690.161141604,-72872.71886153321,3.510192450363213,1
83,30,G31,18475657.947715823,-10131077.537173023,16033342.245090393,20788506.935976688,-36121.763031770104,3.4284354074093453,1
84,3,G04,-5543741.576531287,-16244672.711969268,20244973.047578115,24623880.747013602,19457.937477195177,15.99073591056536,1
84,4,G05,3485678.090378906,22959197.553058695,12702203.376833161,24556561.088731676,-70993.19578294104,15.018807546221515,1
84,15,G16,3470753.9417430316,-20570101.707132813,15784684.175109161,23294924.25607045,100074.21013957245,9.095717672919015,1
84,17,G18,24961373.713675406,6436826.98202672,7082189.697374074,21797875.702133596,-76833.92215831926,4.0824570108831475,1
84,24,G25,16942018.309542425,19007462.2405427,7768231.647115626,22966819.71882304,116486.36192154384,6.461325605877559,1
84,25,G26,11117722.869285768,-11539887.213067843,20888941.11673553,21169808.225797363,-117770.44415705446,3.8090319548711644,1
84,27,G28,24712029.809429754,-5281831.284032384,8219006.431643151,21406929.952262837,-124093.92144858358,3.806336047394289,1
84,28,G29,12536445.563445332,8682639.899568208,21720137.867420115,20997169.230205715,-72872.71711078314,3.5104719184635096,1
84,30,G31,18477723.375948057,-10130747.421293586,16031238.975893877,20788732.84677475,-36121.76243151175,3.4284653501230116,1
85,3,G04,-5542197.037426135,-16246724.637578309,20243729.590205353,24623958.515793584,19457.937926851027,15.989989885076948,1
85,4,G05,3484700.854608925,22957870.584935483,12704835.767640404,24556371.205792762,-70993.19288124659,15.014789314094287,1
85,15,G16,3471777.478106442,-20568256.86925597,15786851.653967818,23294453.459805567,100074.21324287474,9.0928264854322,1
85,17,G18,24960479.35560431,6436984.283513277,7085196.941674843,21797572.225257285,-76833.91830601898,4.0819759542550305,1
85,24,G25,16942265.785765823,19008494.9508145,7765316.721767189,22967554.1982085,116486.35960303422,6.46266414333518,1
85,25,G26,11119290.644671375,-11537652.129501643,20889377.486551367,21169576.85489597,-117770.44491436738,3.8086481786628266,1
85,27,G28,24713067.514436275,-5281557.97150284,8216063.355495194,21407497.644979972,-124093.9187360882,3.806730932398966,1
85,28,G29,12534796.140244404,8684859.116745818,21720185.75843109,20997648.333891056,-72872.71546826727,3.5107514525907244,1
85,30,G31,18479788.553815365,-10130417.442965025,16029135.362407973,20788958.863111727,-36121.761936802686,3.428495400860855,1
86,3,G04,-5540652.708924692,-16248776.528547667,20242485.70128257,24624036.5118452,19457.9386311381,15.989246354425216,1
86,4,G05,3483723.3686962617,22956543.387672286,12707467.885952786,24556181.3111273,-70993.18974138737,15.010774648489473,1
86,15,G16,3472801.224947536,-20566411.83166716,15789018.781791974,23293982.595973443,100074.21649047897,9.089937356348212,1
86,17,G18,24959584.632408686,6437141.615387892,7088204.03811714,21797268.72827832,-76833.91438839321,4.0814951049816495,1
86,24,G25,16942513.14468006,19009527.324434996,7762401.632307935,22968288.74181076,116486.35738789153,6.464003331102775,1
86,25,G26,11120858.562314544,-11535417.083970614,20889813.400071617,21169345.49683794,-117770.44561057865,3.8082645549204805,1
86,27,G28,24714104.865716092,-5281284.726171468,8213120.104775371,21408065.347748432,-124093.91596266702,3.8071259943635103,1
86,28,G29,12533146.839724174,8687078.436021749,21720233.186287187,20998127.396812692,-72872.7137695497,3.51103109057035,1
86,30,G31,18481853.48126714,-10130087.602155376,16027031.40467946,20789184.92300445,-36121.76138700725,3.4285255630862,1
87,3,G04,-5539108.591046827,-16250828.384813055,20241241.380835555,24624114.371087108,19457.938942834444,15.98850423162727,1
87,4,G05,3482745.6328567225,22955215.961642385,12710099.731085582,24555991.57616623,-70993.18697115613,15.006762712669996,1
87,15,G16,3473825.1820333377,-20564566.59486789,15791185.558016308,23293511.736050162,100074.21951428131,9.08704987290003,1
87,17,G18,24958689.54410729,6437298.977699831,7091210.986638193,21796965.3709011,-76833.9105708214,4.081014402224119,1
87,24,G25,16942760.38617587,19010559.36116017,7759486.37949536,22969023.203885607,116486.35501427957,6.465342996880859,1
87,25,G26,11122426.622183856,-11533182.076533977,20890248.857288264,21169114.301834743,-117770.44640002628,3.8078810516986183,1
87,27,G28,24715141.863242522,-5281011.547992707,8210176.679546221,21408633.15605581,-124093.91328257833,3.807521179257359,1
87,28,G29,12531497.662712531,8689297.856283046,21720280.15096407,20998606.59486881,-72872.7121569465,3.5113108253583385,1
87,30,G31,18483918.158251036,-10129757.89883591,16024927.102755133,20789411.13199183,-36121.760921075016,3.428555811191637,1
88,3,G04,-5537564.684179467,-16252880.205821306,20239996.62918691,24624192.711117417,19457.939719331458,15.987764518200224,1
88,4,G05,3481767.647305214,22953888.30721948,12712731.302354349,24555801.923849396,-70993.18376620511,15.00275497107139,1
88,15,G16,3474849.3491322533,-20562721.159359604,15793351.982075838,23293041.074919764,100074.22280175093,9.08416441812443,1
88,17,G18,24957794.090504427,6437456.3705394305,7094217.787892115,21796662.15312562,-76833.9066343528,4.080533945171648,1
88,24,G25,16943007.510318927,19011591.06148582,7756570.96200177,22969757.998771004,116486.35282889362,6.466683449147509,1
88,25,G26,11123994.82462366,-11530947.106716301,20890683.85829694,21168883.200085513,-117770.44707832817,3.807497690475309,1
88,27,G28,24716178.506989773,-5280738.436917111,8207233.0798703125,21409201.14472864,-124093.91049153579,3.8079165576765246,1
88,28,G29,12529848.608856127,8691517.378006347,21720326.652471375,20999085.930851452,-72872.71044200359,3.5115906754495794,1
88,30,G31,18485982.58471659,-10129428.332974428,16022822.456681777,20789637.55484908,-36121.76035499418,3.4285861674709297,1
89,3,G04,-5536020.987606188,-16254931.992486574,20238751.44576887,24624271.21978663,19457.940642398396,15.987027641581939,1
89,4,G05,3480789.411557651,22952560.423827555,12715362.600956852,24555612.563020997,-70993.18042386853,14.998750078787197,1
89,15,G16,3475873.7267435943,-20560875.524324052,15795518.054955091,23292570.437800866,100074.22617194797,9.081281164203855,1
89,17,G18,24956898.272045627,6437613.793881759,7097224.440382356,21796358.924740408,-76833.90266005088,4.080053664727313,1
89,24,G25,16943254.516999125,19012622.425168596,7753655.380584637,22970492.914272305,116486.35070356632,6.468024416211734,1
89,25,G26,11125563.168854984,-11528712.175642287,20891118.40288222,21168652.211134486,-117770.44772123692,3.8071145033122655,1
89,27,G28,24717214.7971784,-5280465.39283322,8204289.305108295,21409769.265185513,-124093.90766518532,3.8083121120084016,1
89,28,G29,12528199.67780289,8693737.00166669,21720372.690818314,20999565.30424736,-72872.7086944707,3.5118706121295475,1
89,30,G31,18488046.76011965,-10129098.904620156,16020717.467008093,20789864.1832001,-36121.75975693902,3.428616648975434,1
90,3,G04,-5534477.501714115,-16256983.744255664,20237505.830903944,24624349.851863783,19457.941310935767,15.986290537104331,1
90,4,G05,3479810.9258305803,22951232.31184002,12717993.626208581,24555422.960960787,-70993.17732391237,14.99474915526534,1
90,15,G16,3476898.314390973,-20559029.690702837,15797683.775572713,23292099.778904095,100074.22939655453,9.078399036686237,1
90,17,G18,24956002.088536203,6437771.247813616,7100230.944763086,21796055.84321623,-76833.89875104249,4.079573631849872,1
90,24,G25,16943501.40616655,19013653.45221016,7750739.635306401,22971227.83200723,116486.34847464404,6.469366191647254,1
90,25,G26,11127131.6552208,-11526477.282837778,20891552.4911399,21168421.087048974,-117770.44842474093,3.806731363251746,1
90,27,G28,24718250.73328777,-5280192.415825045,8201345.356726425,21410337.410770696,-124093.90489967383,3.8087078186466803,1
90,28,G29,12526550.8703804,8695956.726151088,21720418.265981235,21000044.79714236,-72872.70700307861,3.5121506683110257,1
90,30,G31,18490110.685392644,-10128769.613586362,16018612.132777166,20790090.899221007,-36121.75921341035,3.428647186559518,1
91,3,G04,-5532934.226522922,-16259035.461064313,20236259.784617953,24624428.762027606,19457.941907059532,15.985554850116257,1
91,4,G05,3478832.190338787,22949903.97163078,12720624.3774253,24555233.507995237,-70993.17429271783,14.990750650445172,1
91,15,G16,3477923.1125740986,-20557183.657677483,15799849.144912923,23291628.998833016,100074.2325791909,9.075518760890569,1
91,17,G18,24955105.539994355,6437928.732386503,7103237.3009716,21795752.923071664,-76833.89486044372,4.07909381679067,1
91,24,G25,16943748.177710246,19014684.14236846,7747823.726924696,22971962.59673865,116486.3462166166,6.470708516213153,1
91,25,G26,11128700.283690406,-11524242.428361235,20891986.123061974,21168190.05007495,-117770.44914523269,3.8063483536702836,1
91,27,G28,24719286.315538812,-5279919.505780017,8198401.234085449,21410905.644025773,-124093.90215135828,3.8091037286990996,1
91,28,G29,12524902.186235903,8698176.551935468,21720463.377969474,21000524.28389488,-72872.70532745565,3.5124307917665636,1
91,30,G31,18492174.3599919,-10128440.459921315,16016506.454537632,20790317.70793747,-36121.75868513041,3.4286778436148477,1
92,3,G04,-5531391.162052246,-16261087.142848266,20235013.30693671,24624507.239984434,19457.942579917257,15.984822084550144,1
92,4,G05,3477853.2045979244,22948575.402623508,12723254.855804402,24555044.138232324,-70993.17118963215,14.986755072492462,1
92,15,G16,3478948.121060204,-20555337.42574969,15802014.162410846,23291158.42704773,100074.23580497733,9.072640650711724,1
92,17,G18,24954208.626224406,6438086.247689571,7106243.509661846,21795449.905764285,-76833.89094978581,4.0786141569216365,1
92,24,G25,16943994.83169643,19015714.496138047,7744907.654111587,22972697.305070966,116486.34399043347,6.472051334852042,1
92,25,G26,11130269.054607246,-11522007.611738203,20892419.29874371,21167959.006958447,-117770.4498469437,3.8059655182246206,1
92,27,G28,24720321.543905433,-5279646.66265008,8195456.937247913,21411473.870021563,-124093.89938433102,3.8094997929766343,1
92,28,G29,12523253.625410048,8700396.478966169,21720508.026781358,21001003.746077497,-72872.70363458141,3.512711010023677,1
92,30,G31,18494237.78386612,-10128111.443594418,16014400.43233631,20790544.588130027,-36121.75813982919,3.4287086180807083,1
93,3,G04,-5529848.308321017,-16263138.789543564,20233766.397886023,24624585.716266043,19457.943086552383,15.984089895446635,1
93,4,G05,3476873.968824052,22947246.6051919,12725885.06066159,24554854.55013229,-70993.16824437215,14.9827624626781,1
93,15,G16,3479973.339616725,-20553490.995421268,15804178.827501955,23290687.697233275,100074.23893549033,9.06976405989091,1
93,17,G18,24953311.34767278,6438243.793697218,7109249.569337622,21795146.980035648,-76833.88708167848,4.078134733639688,1
93,24,G25,16944241.368015684,19016744.513275437,7741991.417624676,22973431.930759054,116486.34169672921,6.473394813233946,1
93,25,G26,11131837.967192426,-11519772.834092926,20892852.01797059,21167727.9281039,-117770.45058809941,3.8055827745999546,1
93,27,G28,24721356.418361217,-5279373.886388972,8192512.466276407,21412042.096017353,-124093.89665701834,3.809896045839005,1
93,28,G29,12521605.187550798,8702616.507718353,21720552.21242569,21001483.174197283,-72872.70197827824,3.5129913133603337,1
93,30,G31,18496300.95696354,-10127782.564575842,16012294.066220017,20790771.48395798,-36121.75763002526,3.4287394867445133,1
94,3,G04,-5528305.665348862,-16265190.401085904,20232519.057491753,24624664.66272632,19457.94391696033,15.983360713820312,1
94,4,G05,3475894.4832327003,22945917.579709977,12728514.991312832,24554665.1418393,-70993.1649960327,14.978773235089829,1
94,15,G16,3480998.7687440556,-20551644.36587342,15806343.14117,23290216.889241844,100074.24224928296,9.066889688998698,1
94,17,G18,24952413.704143684,6438401.370499552,7112255.480652865,21794844.08222736,-76833.88313051802,4.07765550488932,1
94,24,G25,16944487.786615845,19017774.193784345,7739075.017526402,22974166.612846244,116486.33953485117,6.474738899060158,1
94,25,G26,11133407.021789696,-11517538.094950574,20893284.280837987,21167497.015096225,-117770.45125164154,3.805200203930805,1
94,27,G28,24722390.93888028,-5279101.176947858,8189567.82123347,21412610.47222462,-124093.89385211747,3.810292479092115,1
94,28,G29,12519956.873484403,8704836.637080342,21720595.93487974,21001962.620744504,-72872.70025041293,3.5132717160804967,1
94,30,G31,18498363.879233226,-10127453.822834315,16010187.356235618,20790998.416082386,-36121.75705019539,3.4287704778189885,1
95,3,G04,-5526763.233154926,-16267241.977411235,20231271.285779737,24624743.835899822,19457.94452937977,15.982632104831636,1
95,4,G05,3474914.7473397288,22944588.325601023,12731144.64895516,24554476.017217048,-70993.16195400346,14.974786954244601,1
95,15,G16,3482024.4079647916,-20549797.53804831,15808507.102334494,23289746.0561221,100074.24543846968,9.064016810822249,1
95,17,G18,24951515.69565597,6438558.978145572,7115261.2435449865,21794541.345798686,-76833.87923510028,4.077176501964224,1
95,24,G25,16944734.087388065,19018803.53742133,7736158.454574632,22974901.40605642,116486.33728449252,6.476083627942517,1
95,25,G26,11134976.218367778,-11515303.394370137,20893716.087337982,21167266.159046058,-117770.45196695172,3.8048177243063823,1
95,27,G28,24723425.105436075,-5278828.534281082,8186623.002181704,21413179.06174334,-124093.89109926249,3.810689091135676,1
95,28,G29,12518308.682859117,8707056.86752677,21720639.194152433,21002442.233138595,-72872.69857050304,3.513552206212269,1
95,30,G31,18500426.5501313,-10127125.218419068,16008080.302932331,20791225.626851868,-36121.7565169649,3.428801559582578,1
96,3,G04,-5525221.011758832,-16269293.518455282,20230023.0827758,24624822.96607599,19457.9450629899,15.98190574090472,1
96,4,G05,3473934.76136088,22943258.843238976,12733774.032904485,24554286.823910736,-70993.15898641953,14.970803613958706,1
96,15,G16,3483050.2577792136,-20547950.511126995,15810670.711978847,23289275.4028094,100074.24858245975,9.061145860879641,1
96,17,G18,24950617.32201369,6438716.616724366,7118266.858667767,21794238.732777953,-76833.87535946132,4.076697659147022,1
96,24,G25,16944980.27039805,19019832.54468061,7733241.727441047,22975636.240030304,116486.33500271315,6.4774288742594965,1
96,25,G26,11136545.557270125,-11513068.73187723,20894147.437565412,21167035.429754272,-117770.4527006195,3.8044353934663806,1
96,27,G28,24724458.918002546,-5278555.958340746,8183678.009183665,21413747.70821958,-124093.88836490273,3.8110858491480015,1
96,28,G29,12516660.615322588,8709277.199533395,21720681.990252294,21002921.944929123,-72872.69690766111,3.5138327937982172,1
96,30,G31,18502488.970590003,-10126796.751142845,16005972.905352289,20791453.015194766,-36121.75600018794,3.428832745187071,1
97,3,G04,-5523679.001179712,-16271345.024153959,20228774.44850583,24624902.18615568,19457.945586335256,15.981181024428473,1
97,4,G05,3472954.5255125607,22941929.132997964,12736403.142476987,24554097.61720266,-70993.1560302139,14.966824009733623,1
97,15,G16,3484076.3179547368,-20546103.28561137,15812833.969538664,23288804.772949792,100074.25172007862,9.058276598883067,1
97,17,G18,24949718.583663706,6438874.286211585,7121272.324525272,21793936.17783155,-76833.87148629029,4.076219011673912,1
97,24,G25,16945226.3355361,19020861.215319443,7730324.836883456,22976371.092990026,116486.33271689895,6.478774797716963,1
97,25,G26,11138115.037717832,-11510834.108595721,20894578.33130668,21166804.701020893,-117770.45343640796,3.804053179357661,1
97,27,G28,24725492.37655358,-5278283.449079332,8180732.84230192,21414316.38708342,-124093.88563281906,3.8114827511748492,1
97,28,G29,12515012.671701374,8711497.631987657,21720724.323157284,21003401.72875415,-72872.69524696106,3.5141134993141234,1
97,30,G31,18504551.14006616,-10126468.42105346,16003865.164044676,20791680.478922606,-36121.75548524639,3.4288640146371687,1
98,3,G04,-5522137.20180471,-16273396.493953882,20227525.383293543,24624981.86803793,19457.946067605906,15.980458843935791,1
98,4,G05,3471974.0393095403,22940599.194301073,12739031.978869325,24553908.700866207,-70993.1531137671,14.962847358035267,1
98,15,G16,3485102.5882577663,-20544255.862003632,15814996.87444988,23288334.114053022,100074.2548334343,9.055409342068366,1
98,17,G18,24948819.480410293,6439031.98669572,7124277.641771407,21793633.765837323,-76833.86762344863,4.075740515181954,1
98,24,G25,16945472.282692026,19021889.549095925,7727407.783659833,22977106.092810776,116486.33041464638,6.48012122225089,1
98,25,G26,11139684.660054121,-11508599.5240514,20895008.768656787,21166574.230271533,-117770.45418175854,3.803671123978353,1
98,27,G28,24726525.481062986,-5278011.0064496575,8177787.5015990855,21414885.25803926,-124093.88291041482,3.8118797951220116,1
98,28,G29,12513364.851643138,8713718.165365145,21720766.192876026,21003881.673958797,-72872.69359520685,3.51439430406884,1
98,30,G31,18506613.058508247,-10126140.22812082,16001757.079056354,20791908.20286809,-36121.75497882963,3.4288953905397146,1
99,3,G04,-5520595.6129173385,-16275447.928769294,20226275.886569228,24625061.29807864,19457.946496281867,15.979736921126653,1
99,4,G05,3470993.3032014673,22939269.027839616,12741660.540770952,24553719.695184637,-70993.15024813189,14.958872958173863,1
99,15,G16,3486129.0691895755,-20542408.23948445,15817159.427695423,23287863.521048278,100074.25791584472,9.052543702936807,1
99,17,G18,24947920.012272164,6439189.718226702,7127282.8103434555,21793331.4342537,-76833.86377428901,4.075262307907816,1
99,24,G25,16945718.111932322,19022917.54650299,7724490.566441649,22977841.04125809,116486.32809070752,6.481468309209758,1
99,25,G26,11141254.424248368,-11506364.978302546,20895438.749607816,21166343.65286644,-117770.45493956053,3.8032891628749623,1
99,27,G28,24727558.231504455,-5277738.630405252,8174841.987137743,21415454.245143745,-124093.88020081776,3.812277097164165,1
99,28,G29,12511717.155188492,8715938.799612112,21720807.599406917,21004361.57672451,-72872.6919550837,3.514675156856511,1
99,30,G31,18508674.725864694,-10125812.172314756,15999648.650434185,20792136.034027714,-36121.75448363963,3.4289268903653523,1
100,3,G04,-5519054.234904767,-16277499.328046864,20225025.9586565,24625140.791777745,19457.947323801607,15.979018124373981,1
100,4,G05,3470012.316703914,22937938.633036338,12744288.829378271,24553530.935202137,-70993.14701106159,14.954903805472574,1
100,15,G16,3487155.760272609,-20540560.418996435,15819321.628195703,23287393.041958548,100074.26122409535,9.04968000442481,1
100,17,G18,24947020.179267302,6439347.480857343,7130287.830178709,21793029.12612317,-76833.85982291201,4.074784272418005,1
100,24,G25,16945963.823146507,19023945.20729894,7721573.185986826,22978576.147176165,116486.32592907078,6.482816200938794,1
100,25,G26,11142824.330270289,-11504130.471407093,20895868.274151888,21166113.172065757,-117770.45560184876,3.8029073481433007,1
100,27,G28,24728590.627852365,-5277466.320896254,8171896.298980475,21416023.240065925,-124093.87739553145,3.812674500108776,1
100,28,G29,12510069.581985071,8718159.535204517,21720848.542758062,21004841.58502914,-72872.69022689936,3.5149561796958895,1
100,30,G31,18510736.141593367,-10125484.25368171,15997539.878727863,20792363.857928045,-36121.75390220655,3.4289584607435093,1
101,3,G04,-5517513.067785885,-16279550.691722525,20223775.599581268,24625220.541785646,19457.948091859755,15.97829930525956,1
101,4,G05,3469031.080032848,22936608.010265496,12746916.844007555,24553342.458890375,-70993.1438323677,14.950937813340802,1
101,15,G16,3488182.6620076434,-20538712.39972018,15821483.47693333,23286922.566219267,100074.26449750489,9.046817693964163,1
101,17,G18,24946119.981200103,6439505.274673921,7133292.701930828,21792727.016227115,-76833.85588703844,4.074306525038159,1
101,24,G25,16946209.41628421,19024972.531485993,7718655.642357862,22979311.31284379,116486.32374280045,6.484164871695726,1
101,25,G26,11144394.378462974,-11501896.002891164,20896297.34238337,21165882.70075799,-117770.45627825714,3.8025256028747676,1
101,27,G28,24729622.670080114,-5277194.077877757,8168950.437189876,21416592.520892475,-124093.8746046836,3.8130721260361224,1
101,28,G29,12508422.13285945,8720380.371029122,21720889.02290834,21005321.745220464,-72872.68851193534,3.5152372836156305,1
101,30,G31,18512797.306625135,-10125156.472036248,15995430.762978733,20792591.861077018,-36121.75333348267,3.4289901260723346,1
102,3,G04,-5515972.111580874,-16281602.019731749,20222524.809369467,24625300.555920042,19457.948687827084,15.977583354282928,1
102,4,G05,3468049.593404753,22935277.15990156,12749544.583975343,24553154.073040538,-70993.14081460789,14.946974477962833,1
102,15,G16,3489209.7739157127,-20536864.182598714,15823644.972829062,23286452.239016235,100074.26767311373,9.043957442765521,1
102,17,G18,24945219.41851814,6439663.099652702,7136297.424104286,21792425.03588148,-76833.85199452743,4.073828887020512,1
102,24,G25,16946454.891235217,19025999.518822793,7715737.93631285,22980046.457850356,116486.32148757593,6.485513942218053,1
102,25,G26,11145964.568046534,-11499661.573879078,20896725.954089798,21165652.428801514,-117770.45699512066,3.8021440302779745,1
102,27,G28,24730654.358161677,-5276921.901301987,8166004.401828553,21417161.893856175,-124093.87185443446,3.8134698683661528,1
102,28,G29,12506774.807459634,8722601.307561258,21720929.039865993,21005802.06176574,-72872.68683445196,3.515518486803644,1
102,30,G31,18514858.220416863,-10124828.827426575,15993321.303736413,20792820.10099054,-36121.752801120514,3.429021897100108,1
103,3,G04,-5514431.366308323,-16283653.312010644,20221273.588046975,24625380.73422609,19457.949117192893,15.976868018679236,1
103,4,G05,3467067.8563345154,22933946.081367005,12752172.050477654,24552965.750849098,-70993.1379551478,14.94301470449672,1
103,15,G16,3490237.0964986584,-20535015.7668123,15825806.116865197,23285981.744849518,100074.27075363821,9.04109859387765,1
103,17,G18,24944318.49102557,6439820.955881413,7139301.997352857,21792123.191228732,-76833.84814460471,4.07335147176652,1
103,24,G25,16946700.248065956,19027026.169801526,7712820.066522983,22980781.63021886,116486.31916444296,6.486863733836345,1
103,25,G26,11147534.899364635,-11497427.18389631,20897154.109365664,21165422.21715299,-117770.4577514762,3.8017625401517807,1
103,27,G28,24731685.692070898,-5276649.791121914,8163058.192959093,21417731.37515083,-124093.86914400654,3.8138677679863098,1
103,28,G29,12505127.605433535,8724822.345276585,21720968.59363881,21006282.471006572,-72872.68519369584,3.5157998001750856,1
103,30,G31,18516918.88291722,-10124501.319822172,15991211.501047796,20793048.409029715,-36121.752304326736,3.4290537432207038,1
104,3,G04,-5512890.831987773,-16285704.568494894,20220021.935639728,24625460.946036555,19457.949643767148,15.976155386740883,1
104,4,G05,3466085.8690380673,22932614.775036342,12754799.242830975,24552777.60176382,-70993.13500522761,14.939058160837257,1
104,15,G16,3491264.62952282,-20533167.1528633,15827966.908477973,23285511.316016417,100074.27388879935,9.038241792564696,1
104,17,G18,24943417.198740665,6439978.843411874,7142306.421613735,21791821.338758286,-76833.8442694766,4.072874221706421,1
104,24,G25,16946945.48666597,19028052.48418096,7709902.033746363,22981516.755122777,116486.31688139275,6.488214084327838,1
104,25,G26,11149105.37238669,-11495192.83300104,20897581.80820312,21165192.020023044,-117770.45848421597,3.801381211270053,1
104,27,G28,24732716.671781864,-5276377.747289368,8160111.8106441265,21418300.846952565,-124093.8664099953,3.814265818218406,1
104,28,G29,12503480.527606942,8727043.483062575,21721007.68420639,21006762.88527307,-72872.68353121837,3.5160812182808416,1
104,30,G31,18518979.29407503,-10124173.949192222,15989101.354959795,20793276.818140548,-36121.751786138244,3.4290856976336532,1
105,3,G04,-5511350.508638348,-16287755.789120337,20218769.852173675,24625541.196935505,19457.95038826271,15.975445543021795,1
105,4,G05,3465103.6317320284,22931283.241284203,12757426.16035207,24552589.496234283,-70993.13185191691,14.935104764218423,1
105,15,G16,3492292.372754654,-20531318.341254205,15830127.347103972,23285041.00891604,100074.2771467786,9.035387128657502,1
105,17,G18,24942515.541466914,6440136.762332741,7145310.697540546,21791519.490196694,-76833.84033838437,4.072397158433534,1
105,24,G25,16947190.606925383,19029078.461719763,7706983.838741249,22982252.003993038,116486.31468749906,6.489565015238088,1
105,25,G26,11150675.987456413,-11492958.520718886,20898009.050696135,21164961.903862108,-117770.45916461301,3.8010000493544527,1
105,27,G28,24733747.29726856,-5276105.769756783,8157165.2549462225,21418870.3991649,-124093.863623581,3.8146640450390303,1
105,28,G29,12501833.573627545,8729264.721395101,21721046.311576642,21007243.324109472,-72872.6818204134,3.5163627320931017,1
105,30,G31,18521039.453347884,-10123846.715584168,15986990.866022553,20793505.365177903,-36121.75122063981,3.429117772177445,1
106,3,G04,-5509810.396278976,-16289806.973822895,20217517.33767477,24625621.70916892,19457.95117627397,15.974736695111789,1
106,4,G05,3464121.1439306685,22929951.47953282,12760052.804236572,24552401.548175514,-70993.12865960998,14.931154285898952,1
106,15,G16,3493320.326695858,-20529469.33116509,15832287.43372501,23284570.676128935,100074.28042841246,9.032534159306175,1
106,17,G18,24941613.519653074,6440294.712618563,7148314.823638009,21791217.862764258,-76833.83639627625,4.071920350609168,1
106,24,G25,16947435.60891051,19030104.10290967,7704065.480178583,22982987.280783646,116486.31251122202,6.490916634032084,1
106,25,G26,11152246.743793998,-11490724.248173691,20898435.836633164,21164731.955223262,-117770.45983446405,3.800618996105276,1
106,27,G28,24734777.568504736,-5275833.858477733,8154218.525928057,21419440.20712763,-124093.86082681203,3.815062489706947,1
106,28,G29,12500186.743536107,8731486.060220046,21721084.475748032,21007723.861225497,-72872.68009997364,3.516644323470057,1
106,30,G31,18523099.36166655,-10123519.618811924,15984880.0332766,20793734.004910816,-36121.750645582324,3.4291499579579248,1
107,3,G04,-5508270.495296354,-16291858.122049231,20216264.392467704,24625702.272775773,19457.951619536194,15.974029184839402,1
107,4,G05,3463138.4058509343,22928619.490156732,12762679.17380119,24552213.57107958,-70993.12579030143,14.92720606148074,1
107,15,G16,3494348.490867025,-20527620.12353944,15834447.167262718,23284100.21490823,100074.2835143671,9.029682888862423,1
107,17,G18,24940711.133102987,6440452.694357061,7151318.800559769,21790916.35873976,-76833.83254192842,4.071443708495125,1
107,24,G25,16947680.492511906,19031129.407508872,7701146.958816592,22983722.7457574,116486.31019513113,6.4922687180001155,1
107,25,G26,11153817.64174237,-11488490.014891762,20898862.166108318,21164502.22324632,-117770.46058609056,3.800238068325851,1
107,27,G28,24735807.485464193,-5275562.01340558,8151271.62365219,21420010.163068205,-124093.85811227496,3.8154610906700923,1
107,28,G29,12498540.036981076,8733707.5000125,21721122.176727973,21008204.50276363,-72872.67845531249,3.5169259924067737,1
107,30,G31,18525159.018487893,-10123192.658924097,15982768.857272033,20793962.91826314,-36121.750144239704,3.4291822460555372,1
108,3,G04,-5506730.804975572,-16293909.234713133,20215011.015981026,24625782.914001193,19457.95213351101,15.97332493633144,1
108,4,G05,3462155.4177093883,22927287.273530852,12765305.268362878,24552025.601801343,-70993.12285426898,14.923260308900902,1
108,15,G16,3495376.8657697984,-20525770.71755721,15836606.548698602,23283629.806177784,100074.28663996422,9.026833899432004,1
108,17,G18,24939808.381834906,6440610.707600353,7154322.628243094,21790614.729073696,-76833.82866898253,4.070967206495476,1
108,24,G25,16947925.2576776,19032154.375521153,7698228.274717767,22984457.95274714,116486.30790873936,6.493621222999679,1
108,25,G26,11155388.681271061,-11486255.82093108,20899288.039113764,21164272.409741964,-117770.46132033368,3.799857332250038,1
108,27,G28,24736837.04812116,-5275290.2344917655,8148324.548181264,21420580.034130923,-124093.85538036612,3.815859852411168,1
108,28,G29,12496893.454787795,8735929.039659936,21721159.414496943,21008685.043230098,-72872.67679461902,3.5172077444082492,1
108,30,G31,18527218.423761055,-10122865.835889407,15980657.338055763,20794191.861211035,-36121.74962710917,3.429214664206002,1
109,3,G04,-5505191.325702753,-16295960.311261456,20213757.208539378,24625863.283840828,19457.952549450405,15.97262258884599,1
109,4,G05,3461172.1790205403,22925954.82907696,12767931.08911693,24551837.692831058,-70993.12001121431,14.919318108455935,1
109,15,G16,3496405.450925626,-20523921.1141619,15838765.576954644,23283159.605733134,100074.28970971906,9.023986619405866,1
109,17,G18,24938905.26586766,6440768.752398459,7157326.306625263,21790313.2730722,-76833.82482077501,4.070490868234999,1
109,24,G25,16948169.904298782,19033179.006704725,7695309.4286405295,22985193.202175807,116486.30558276999,6.494974341166281,1
109,25,G26,11156959.862349166,-11484021.666350063,20899713.45564173,21164042.73583935,-117770.46207753413,3.7994767221553554,1
109,27,G28,24737866.256449543,-5275018.521689246,8145377.299577913,21421149.9342308,-124093.8526716296,3.8162587376474457,1
109,28,G29,12495246.996604476,8738150.679637682,21721196.1890625,21009165.71827265,-72872.67515535367,3.5174896170056122,1
109,30,G31,18529277.57743456,-10122539.14967764,15978545.475674747,20794420.942085452,-36121.749130609605,3.429247164188994,1
110,3,G04,-5503652.057496409,-16298011.351630239,20212502.970168725,24625944.040098086,19457.953035869694,15.971920825090445,1
110,4,G05,3460188.690235259,22924622.15748771,12770556.63475429,24551649.824066076,-70993.11710412864,14.915378722097277,1
110,15,G16,3497434.2468366306,-20522071.312533215,15840924.253012018,23282689.47788139,100074.2928182929,9.021140966581108,1
110,17,G18,24938001.785004407,6440926.828839768,7160329.836359762,21790011.975099877,-76833.82095479786,4.070014815248567,1
110,24,G25,16948414.432440817,19034203.30155135,7692390.419255528,22985928.53424871,116486.30328514685,6.49632819018634,1
110,25,G26,11158531.18532074,-11481787.550674122,20900138.41578568,21163813.031224348,-117770.46281783859,3.7990962086672404,1
110,27,G28,24738895.110423297,-5274746.874950906,8142429.877904735,21421720.07388727,-124093.84994622876,3.816657866642625,1
110,28,G29,12493600.662078906,8740372.420421908,21721232.500431713,21009646.489919603,-72872.67350059321,3.5177715575453803,1
110,30,G31,18531336.478966355,-10122212.600335922,15976433.270679548,20794650.225103192,-36121.74861884905,3.4292797799060653,1
111,3,G04,-5502113.000375974,-16300062.355755161,20211248.300895073,24626024.73493058,19457.95368652712,15.971220544140293,1
111,4,G05,3459204.950867449,22923289.25818478,12773181.906469993,24551462.036270104,-70993.11404545284,14.911442905315957,1
111,15,G16,3498463.2532690126,-20520221.313173827,15843082.576307615,23282219.317083634,100074.29601892777,9.018297049412393,1
111,17,G18,24937097.93969453,6441084.93690004,7163333.215951639,21789710.700022236,-76833.81704691505,4.069539003836313,1
111,24,G25,16948658.841994096,19035227.259819902,7689471.247321147,22986664.108111825,116486.30105433892,6.497682782325304,1
111,25,G26,11160102.649405692,-11479553.475026878,20900562.919335216,21163583.428239416,-117770.46351878822,3.798715810554789,1
111,27,G28,24739923.610016536,-5274475.294228801,8139482.283224409,21422290.41512865,-124093.8471814994,3.817057188537496,1
111,28,G29,12491954.452036597,8742594.26089938,21721268.34858578,21010127.322991323,-72872.67180955203,3.5180536001295786,1
111,30,G31,18533395.129286997,-10121886.187677855,15974320.722109944,20794879.5857395,-36121.74807150805,3.4293124963294837,1
112,3,G04,-5500574.1543603875,-16302113.3235721,20209993.200744417,24626105.888773598,19457.954294706266,15.970520632488462,1
112,4,G05,3458220.9611349646,22921956.131542932,12775806.903581092,24551274.404828083,-70993.11103012996,14.907511792699493,1
112,15,G16,3499492.469988926,-20518371.116586577,15845240.54627866,23281749.060239885,100074.29919483526,9.015454324143702,1
112,17,G18,24936193.729741473,6441243.076667041,7166336.446054364,21789409.673994105,-76833.81315004897,4.069063434631353,1
112,24,G25,16948903.132849794,19036250.88126894,7686551.913595929,22987399.815992612,116486.29880571473,6.499038278320649,1
112,25,G26,11161674.254947588,-11477319.438934147,20900986.96638393,21163353.81687838,-117770.46422970893,3.798335468930645,1
112,27,G28,24740951.755203214,-5274203.7794758305,8136534.515599535,21422860.79322489,-124093.8444269937,3.817456646193925,1
112,28,G29,12490308.366125958,8744816.20154528,21721303.733531956,21010608.330844425,-72872.6701280233,3.5183357893760423,1
112,30,G31,18535453.527854104,-10121559.911751132,15972207.830516448,20795109.10217135,-36121.747533110196,3.429345260956502,1
113,3,G04,-5499035.519469317,-16304164.25501664,20208737.669742785,24626186.956063535,19457.954932629214,15.96982313272594,1
113,4,G05,3457236.72125434,22920622.77793742,12778431.625404904,24551087.07827627,-70993.10798773094,14.903583822109837,1
113,15,G16,3500521.8974978104,-20516520.721951082,15847398.163905853,23281278.830758072,100074.30238706247,9.012613545005165,1
113,17,G18,24935289.155163754,6441401.248192211,7169339.526605231,21789108.71609162,-76833.80924525653,4.068588033119164,1
113,24,G25,16949147.30507258,19037274.166390292,7683632.41675033,22988135.397115022,116486.29656973595,6.500394339054478,1
113,25,G26,11163246.00191533,-11475085.442454461,20901410.556924086,21163124.27085096,-117770.46493312273,3.7979552786249964,1
113,27,G28,24741979.545957394,-5273932.330644544,8133586.575092754,21423431.14786804,-124093.84166504779,3.817856254536376,1
113,28,G29,12488662.40438732,8747038.242305942,21721338.65526874,21011089.33702231,-72872.66843965572,3.5186180820104975,1
113,30,G31,18537511.674616277,-10121233.772525396,15970094.595946053,20795338.690079294,-36121.74698783965,3.429378130191681,1
114,3,G04,-5497497.096088306,-16306215.149535766,20207481.708215665,24626268.381850746,19457.955726031592,15.969127623962951,1
114,4,G05,3456252.2307387367,22919289.19678968,12781056.073136082,24550899.718220033,-70993.10480147874,14.899659199647676,1
114,15,G16,3501551.5353163537,-20514670.13021136,15849555.428112056,23280808.652091295,100074.3056663965,9.009774642317403,1
114,17,G18,24934384.21598001,6441559.45152637,7172342.4575416185,21788807.825756386,-76833.80530065842,4.068112845680455,1
114,24,G25,16949391.358552914,19038297.11494308,7680712.757542856,22988871.043012638,116486.29439734685,6.501751068706066,1
114,25,G26,11164817.890278203,-11472851.485645948,20901833.690947916,21162894.801883698,-117770.46559919661,3.7975752238311498,1
114,27,G28,24743006.982253164,-5273660.947687309,8130638.461766716,21424001.681759827,-124093.83886572106,3.8182560453536403,1
114,28,G29,12487016.566468649,8749260.38365746,21721373.113802835,21011570.43310371,-72872.66671681538,3.5189004747091075,1
114,30,G31,18539569.569522392,-10120907.7699699,15967981.018445682,20795568.35002174,-36121.746408774416,3.429411106621163,1
115,3,G04,-5495958.883503281,-16308266.008043047,20206225.315590214,24626349.90480077,19457.956488546217,15.968434633221277,1
115,4,G05,3455267.489805211,22917955.38847482,12783680.246091897,24550712.518985007,-70993.10164374283,14.895736602442527,1
115,15,G16,3502581.383946279,-20512819.340546835,15851712.339877646,23280338.505253714,100074.3089276567,9.006937870774276,1
115,17,G18,24933478.911993153,6441717.686757584,7175345.239516687,21788507.015273344,-76833.80136356218,4.067637825383148,1
115,24,G25,16949635.293181416,19039319.726686776,7677792.936732169,22989606.633069552,116486.29221314256,6.503108223587802,1
115,25,G26,11166389.920379702,-11470617.568034723,20902256.368548423,21162665.464142077,-117770.46627219202,3.7971953412740795,1
115,27,G28,24744034.064064424,-5273389.630557416,8127690.175684078,21424572.291036557,-124093.83607346287,3.818656024537644,1
115,28,G29,12485370.853195397,8751482.624486066,21721407.109116357,21012051.5280683,-72872.66500041778,3.5191829316520176,1
115,30,G31,18541627.212030202,-10120581.904132525,15965867.098566398,20795798.200939365,-36121.74583587043,3.4294442174817865,1
116,3,G04,-5494420.88209988,-16310316.829985399,20204968.49219186,24626431.45399592,19457.957036112668,15.967742809115812,1
116,4,G05,3454282.49867173,22916621.353368085,12786304.143589878,24550525.548138432,-70993.09868760785,14.89181644103688,1
116,15,G16,3503611.443153589,-20510968.35346042,15853868.898639975,23279868.341105517,100074.31206684861,9.004102772619632,1
116,17,G18,24932573.243653778,6441875.953860454,7178347.871035964,21788206.26174781,-76833.79748118547,4.0671630034125235,1
116,24,G25,16949879.109023757,19040342.002111677,7674872.952988471,22990342.238761865,116486.28994153257,6.504465925685545,1
116,25,G26,11167962.091439122,-11468383.690744484,20902678.589516338,21162436.201785397,-117770.46699608254,3.7968155767773863,1
116,27,G28,24745060.791365154,-5273118.379208012,8124741.7169074835,21425143.114183154,-124093.83333256717,3.8190561839673696,1
116,28,G29,12483725.264215901,8753704.965267226,21721440.641216137,21012532.7280134,-72872.66333130578,3.5194654650189983,1
116,30,G31,18543684.603069425,-10120256.174827665,15963752.835347176,20796028.242832173,-36121.74530887476,3.429477434141375,1
117,3,G04,-5492883.09189714,-16312367.615298606,20203711.238046646,24626513.041721154,19457.957497905063,15.9670523629105,1
117,4,G05,3453297.2568517253,22915287.090890512,12788927.766824301,24550338.676129885,-70993.09581355311,14.887900121980659,1
117,15,G16,3504641.712704242,-20509117.169455193,15856025.10383673,23279398.294222783,100074.31515712751,9.001269208488718,1
117,17,G18,24931667.210764676,6442034.252923811,7181350.352752725,21787905.810878858,-76833.79362055885,4.0666883711867134,1
117,24,G25,16950122.805970717,19041363.94097706,7671952.807070424,22991078.01197627,116486.28763498961,6.505824333327911,1
117,25,G26,11169534.403800564,-11466149.85330067,20903100.353944767,21162207.15888265,-117770.46774008479,3.796435915669887,1
117,27,G28,24746087.16412957,-5272847.193590989,8121793.085499573,21425714.02779168,-124093.83061205118,3.8194564737473553,1
117,28,G29,12482079.799570648,8755927.405946976,21721473.710100748,21013014.12675138,-72872.66168104495,3.519748125425127,1
117,30,G31,18545741.742098425,-10119930.582102071,15961638.22933898,20796258.48184264,-36121.7447999692,3.4295107230841166,1
118,3,G04,-5491345.512913964,-16314418.363918507,20202453.55318065,24626594.651782665,19457.95803652784,15.966363328176786,1
118,4,G05,3452311.764796891,22913952.601735685,12791551.11448722,24550151.708075345,-70993.09286885806,14.883986426965393,1
118,15,G16,3505672.1931007938,-20507265.787710205,15858180.956447808,23278928.14403476,100074.31828990676,8.998437473205742,1
118,17,G18,24930760.813344546,6442192.583998574,7184352.68460433,21787605.266755942,-76833.78974032348,4.066213980727493,1
118,24,G25,16950366.38397071,19042385.543286435,7669032.499040508,22991813.842148185,116486.28535984523,6.507183375707554,1
118,25,G26,11171106.85743314,-11463916.055761524,20903521.661826003,21161978.050087888,-117770.4684655581,3.796056381429588,1
118,27,G28,24747113.18233173,-5272576.07365909,8118844.281523015,21426285.06313292,-124093.8278731304,3.819856986427722,1
118,28,G29,12480434.45890749,8758149.947001746,21721506.31577646,21013495.465181403,-72872.66001371566,3.5200308559910254,1
118,30,G31,18547798.62906596,-10119605.125925131,15959523.280588808,20796488.780044246,-36121.74427428575,3.4295441346021365,1
119,3,G04,-5489808.145169395,-16316469.0757809,20201195.437619902,24626676.46510431,19457.958702868556,15.965676037511944,1
119,4,G05,3451326.0220205383,22912617.885324415,12794174.187772663,24549964.895257935,-70993.08980691704,14.880076551653733,1
119,15,G16,3506702.8838632186,-20505414.209170014,15860336.45539695,23278458.13121485,100074.32149409202,8.995607453913044,1
119,17,G18,24929854.051195834,6442350.947173459,7187354.867243844,21787304.843807336,-76833.78582741621,4.065739803746902,1
119,24,G25,16950609.842914585,19043406.808799542,7666112.029657584,22992549.63714046,116486.28313687883,6.508543153141333,1
119,25,G26,11172679.452306038,-11461682.2981852,20903942.51315237,21161748.875959508,-117770.4691603292,3.7956769659052516,1
119,27,G28,24748138.845945887,-5272305.01936425,8115895.305040473,21426856.091773283,-124093.82510347587,3.82025766142022,1
119,28,G29,12478789.24305157,8760372.587317593,21721538.458226338,21013976.875087522,-72872.65831808888,3.520313704748545,1
119,30,G31,18549855.263920963,-10119279.806266025,15957407.989143655,20796719.20388742,-36121.74372078815,3.429577635809764,1
120,3,G04,-5488270.988682718,-16318519.750821477,20199936.891390506,24626758.607886072,19457.959469050424,15.964991368678472,1
120,4,G05,3450340.0287399986,22911282.942032143,12796796.985998249,24549777.98695294,-70993.08665242865,14.876169747942138,1
120,15,G16,3507733.7854939247,-20503562.433013543,15862491.601663748,23277988.25073739,100074.3247540531,8.992779457008695,1
120,17,G18,24928946.924769633,6442509.342423889,7190356.899177073,21787004.423092358,-76833.7818886987,4.065265797479961,1
120,24,G25,16950853.182867114,19044427.738006756,7663191.397591553,22993285.48183096,116486.28095525462,6.509903493371931,1
120,25,G26,11174252.188763004,-11459448.580097701,20904362.908016335,21161519.812954113,-117770.46983090202,3.795297710120525,1
120,27,G28,24749164.1549461,-5272034.030659323,8112946.156114617,21427427.332049884,-124093.8223095614,3.8206584966363764,1
120,28,G29,12477144.151651014,8762595.327370465,21721570.13745679,21014458.407843173,-72872.6566001112,3.520596653400743,1
120,30,G31,18551911.646121774,-10118954.623171985,15955292.355555018,20796949.70981642,-36121.743145325505,3.429611248819,1
121,3,G04,-5486734.043839147,-16320570.38848718,20198677.914818738,24626840.617766973,19457.959926436295,15.964306904896405,1
121,4,G05,3449353.785173664,22909947.772234403,12799419.508481877,24549591.366785936,-70993.08378792336,14.872265834106008,1
121,15,G16,3508764.8975125994,-20501710.46018556,15864646.394172294,23277518.150806,100074.32783912019,8.989952790012628,1
121,17,G18,24928039.433868982,6442667.769836696,7193358.781057144,21786704.208987955,-76833.7780288194,4.064792015795698,1
121,24,G25,16951096.40371991,19045448.330667,7660270.603601229,22994021.290783405,116486.27864737793,6.511264498055393,1
121,25,G26,11175825.066022776,-11457214.902622763,20904782.84620979,21161290.79182924,-117770.47057481036,3.7949185313048344,1
121,27,G28,24750189.10930624,-5271763.107498125,8109996.834808085,21427998.552223828,-124093.81958969931,3.821059505652706,1
121,28,G29,12475499.184746746,8764818.167105677,21721601.353466425,21014939.951208558,-72872.65495034527,3.520879692084087,1
121,30,G31,18553967.77659723,-10118629.576458259,15953176.378861094,20797180.38494273,-36121.74263609419,3.4296449446616517,1
122,3,G04,-5485197.309925002,-16322620.989691526,20197418.507330395,24626922.76780802,19457.96029495589,15.963624245333603,1
122,4,G05,3448367.2908337964,22908612.375351813,12802041.756417187,24549404.77118884,-70993.0810072286,14.868364972530825,1
122,15,G16,3509796.220422072,-20499858.289864793,15866800.83390185,23277048.05478345,100074.33087361904,8.987127876120338,1
122,17,G18,24927131.57851243,6442826.229463539,7196360.512821429,21786404.006051693,-76833.77419135773,4.064318411517637,1
122,24,G25,16951339.5053634,19046468.586540766,7657349.648445542,22994757.045011975,116486.27630352424,6.512626088462259,1
122,25,G26,11177398.084429435,-11454981.265285976,20905202.32782535,21161061.770145964,-117770.47133950362,3.794539482757179,1
122,27,G28,24751213.70900061,-5271492.249832497,8107047.34118359,21428569.84219865,-124093.81689091683,3.8214606665615403,1
122,28,G29,12473854.34198683,8767041.106999528,21721632.10626113,21015421.554881893,-72872.65332001506,3.5211628322270396,1
122,30,G31,18556023.654806074,-10118304.666171385,15951060.059613252,20797411.152764596,-36121.74214557519,3.429678737128101,1
123,3,G04,-5483660.787325947,-16324671.55388134,20196158.669251665,24627005.26908705,19457.960644833525,15.962944321002544,1
123,4,G05,3447380.546173384,22907276.75207843,12804663.728496926,24549218.15995635,-70993.07824403924,14.86446703443613,1
123,15,G16,3510827.7539875447,-20498005.922554564,15868954.920290403,23276577.8621565,100074.33389731636,8.984304973847559,1
123,17,G18,24926223.358718675,6442984.721355503,7199362.094407262,21786103.779103935,-76833.77035818243,4.063844948903193,1
123,24,G25,16951582.48786204,19047488.50611807,7654428.530794217,22995492.81878478,116486.27395274154,6.513988178764862,1
123,25,G26,11178971.24395194,-11452747.668145662,20905621.35285536,21160832.85623523,-117770.47210813854,3.7941605984507603,1
123,27,G28,24752237.954003427,-5271221.457614695,8104097.675303784,21429141.195831865,-124093.8141962005,3.821861965528481,1
123,28,G29,12472209.624195969,8769264.145938134,21721662.39582488,21015903.195968498,-72872.65169346098,3.521446074698558,1
123,30,G31,18558079.280697066,-10117979.892280744,15948943.397858571,20797642.022774935,-36121.74165852406,3.4297126367813977,1
124,3,G04,-5482124.476060492,-16326722.080992512,20194898.400608685,24627088.00098816,19457.961288007904,15.96226654660904,1
124,4,G05,3446393.550704218,22905940.901834723,12807285.425914485,24549031.64979552,-70993.07520852059,14.860572150896381,1
124,15,G16,3511859.4979747026,-20496153.358758304,15871108.652776295,23276107.824208274,100074.3370854588,8.981484077754208,1
124,17,G18,24925314.774289753,6443143.245601459,7202363.526467606,21785803.710185345,-76833.76645013076,4.063371723252744,1
124,24,G25,16951825.35110649,19048508.08915908,7651507.251406165,22996228.756170835,116486.27172195842,6.515350943453255,1
124,25,G26,11180544.5449349,-11450514.110727092,20906039.921391923,21160604.051213853,-117770.47280667363,3.793781860752069,1
124,27,G28,24753261.84428896,-5270950.730796851,8101147.8372313455,21429712.6952093,-124093.81143107831,3.8222634834884834,1
124,28,G29,12470565.031021982,8771487.284398006,21721692.222163692,21016384.895129424,-72872.65000194935,3.5217294008154894,1
124,30,G31,18560134.653729323,-10117655.254832517,15946826.394148862,20797873.08878612,-36121.7411080486,3.4297466627082884,1
125,3,G04,-5480588.376147875,-16328772.570960768,20193637.701427545,24627170.669230875,19457.961761709576,15.961590456916246,1
125,4,G05,3445406.3046451597,22904604.824996237,12809906.847987846,24548845.25187449,-70993.07233209339,14.85668047237846,1
125,15,G16,3512891.4528863784,-20494300.59765449,15873262.032338293,23275637.7337698,100074.34017770679,8.978664837609571,1
125,17,G18,24924405.82567802,6443301.802175541,7205364.8075086,21785503.670862325,-76833.76258502793,4.062898662180011,1
125,24,G25,16952068.09504632,19049527.33566646,7648585.81034392,22996964.658935655,116486.26942225551,6.516714297392917,1
125,25,G26,11182117.986596406,-11448280.594154214,20906458.033227812,21160375.31822698,-117770.47354516658,3.7934032456018185,1
125,27,G28,24754285.37983118,-5270680.069332492,8098197.827028978,21430284.258803535,-124093.80870633524,3.8226651330448687,1
125,28,G29,12468920.56250591,8773710.522324229,21721721.58527621,21016866.665208038,-72872.64834769166,3.522012838096915,1
125,30,G31,18562189.774831247,-10117330.753642222,15944709.047521692,20798104.221806146,-36121.74059361242,3.4297807738962547,1
126,3,G04,-5479052.4876065245,-16330823.02372202,20192376.5717344,24627253.762979697,19457.96258740019,15.960915997371934,1
126,4,G05,3444418.8082140386,22903268.52193896,12812527.994035263,24548659.134832166,-70993.06913010485,14.852792761857048,1
126,15,G16,3513923.6182423015,-20492447.6401883,15875415.057901394,23275167.876745436,100074.34346726455,8.975847354411847,1
126,17,G18,24923496.51268544,6443460.391167217,7208365.938183244,21785203.949831277,-76833.75863027327,4.062425864112204,1
126,24,G25,16952310.719572,19050546.245401114,7645664.208366591,22997700.791205738,116486.2672662503,6.518078490148386,1
126,25,G26,11183691.569281273,-11446047.117952017,20906875.68845526,21160146.757787853,-117770.47419968997,3.7930247454249044,1
126,27,G28,24755308.56060454,-5270409.4731729245,8095247.644759336,21430856.06195436,-124093.80589718882,3.823066988277871,1
126,28,G29,12467276.218295505,8775933.860193737,21721750.485167924,21017348.635754753,-72872.64661563415,3.5222963866945536,1
126,30,G31,18564244.643462162,-10117006.388755567,15942591.358528828,20798335.569254443,-36121.74000319563,3.42981498664457,1
127,3,G04,-5477516.810455964,-16332873.439211836,20191115.011555392,24627336.649001133,19457.963210852708,15.960243029553933,1
127,4,G05,3443431.0609227065,22901931.99208299,12815148.86524975,24548473.026165947,-70993.06611690517,14.848907166438096,1
127,15,G16,3514955.994544918,-20490594.48553812,15877567.730444035,23274698.178867057,100074.34664228438,8.973031655004561,1
127,17,G18,24922586.83533121,6443619.01262592,7211366.918428907,21784904.290224995,-76833.75472687556,4.0619532523290225,1
127,24,G25,16952553.22474855,19051564.818851784,7642742.4441435905,22998436.81514487,116486.2650279794,6.519443175650822,1
127,25,G26,11185265.29295758,-11443813.682179641,20907292.887066662,21159918.214100942,-117770.47490201128,3.7926463786983082,1
127,27,G28,24756331.386582907,-5270138.942272404,8092297.290485155,21431427.971760914,-124093.80313637681,3.8234690290275957,1
127,28,G29,12465631.999215813,8778157.2968915,21721778.921823714,21017830.657116503,-72872.64492804438,3.522580003159668,1
127,30,G31,18566299.259570133,-10116682.160143362,15940473.327217318,20798567.071939882,-36121.73945593338,3.429849315649971,1
128,3,G04,-5475981.345081018,-16334923.8168772,20189853.02121759,24627419.52106239,19457.963688041207,15.959571500851544,1
128,4,G05,3442443.0632254374,22900595.236122843,12817769.460324727,24548287.096189957,-70993.0632413904,14.845024882971426,1
128,15,G16,3515988.581313375,-20488741.134649396,15879720.048891582,23274228.329101983,100074.34973447936,8.970217545928811,1
128,17,G18,24921676.793634165,6443777.66660245,7214367.74818292,21784604.660214283,-76833.75086058375,4.061480821443619,1
128,24,G25,16952795.610467046,19052583.055778757,7639820.518434009,22999172.85695303,116486.26273008184,6.520808495975184,1
128,25,G26,11186839.15759437,-11441580.28689521,20907709.629054405,21159689.739098087,-117770.47563880656,3.7922681246251377,1
128,27,G28,24757353.857740585,-5269868.476582994,8089346.764269084,21431999.94578427,-124093.80041046337,3.823871209899428,1
128,28,G29,12463987.90491517,8780380.832893502,21721806.895249203,21018312.730968505,-72872.64327264765,3.5228637314876172,1
128,30,G31,18568353.622614298,-10116358.067851987,15938354.954139372,20798798.650010258,-36121.738939771756,3.429883727796057,1
129,3,G04,-5474446.090768606,-16336974.157631515,20188590.600145407,24627502.419927184,19457.964046691046,15.958901901490233,1
129,4,G05,3441454.814633531,22899258.253478486,12820389.780452976,24548101.17123963,-70993.0604764615,14.841144953672112,1
129,15,G16,3517021.3790509277,-20486887.58670024,15881872.014222145,23273758.454767004,100074.35275945984,8.967405310422341,1
129,17,G18,24920766.38761312,6443936.353147688,7217368.427382676,21784305.035229232,-76833.7470242194,4.061008565401662,1
129,24,G25,16953037.87661835,19053600.955942944,7636898.431997066,22999908.734031126,116486.2603841621,6.52217431439816,1
129,25,G26,11188413.163160495,-11439346.932157064,20908125.914410908,21159461.24790143,-117770.47640342225,3.7918900155845616,1
129,27,G28,24758375.974051766,-5269598.076057403,8086396.066173836,21432571.922041256,-124093.79771276185,3.824273565500747,1
129,28,G29,12462343.935041964,8782604.468675934,21721834.40544958,21018794.7718745,-72872.64164319838,3.5231475374856687,1
129,30,G31,18570407.73352303,-10116034.111696472,15936236.238331918,20799030.311841678,-36121.738448706084,3.429918255616195,1
130,3,G04,-5472911.04790302,-16339024.460921925,20187327.748665813,24627585.54997246,19457.964779158374,15.958233569061223,1
130,4,G05,3440466.3153653736,22897921.04452589,12823009.824952831,24547915.172021177,-70993.05736624681,14.837269032055197,1
130,15,G16,3518054.3875235505,-20485033.84219414,15884023.62587437,23273288.54413557,100074.35599373524,8.96459474657465,1
130,17,G18,24919855.617069576,6444095.072350988,7220368.956680936,21784005.51913354,-76833.74309277961,4.06053659578708,1
130,24,G25,16953280.02326669,19054618.519833226,7633976.183501969,23000644.87802776,116486.25819080196,6.523541024592171,1
130,25,G26,11189987.310001006,-11437113.61749018,20908541.743227676,21159232.798026886,-117770.47707895712,3.791512008658025,1
130,27,G28,24759397.735490974,-5269327.740646953,8083445.196262117,21433144.03678317,-124093.794925478,3.8246761426560165,1
130,28,G29,12460700.090419918,8784828.203125177,21721861.452410426,21019276.841259245,-72872.6399311637,3.5234314517718146,1
130,30,G31,18572461.591756057,-10115710.291722106,15934117.180347065,20799262.025046542,-36121.73787702152,3.4299528845996234,1
131,3,G04,-5471376.2165039675,-16341074.726683907,20186064.46680501,24627668.772154886,19457.965182210733,15.957566923279023,1
131,4,G05,3439477.5656400705,22896583.609641206,12825629.593142899,24547729.554753087,-70993.05456334101,14.833395981401656,1
131,15,G16,3519087.6064948444,-20483179.901635185,15886174.883287247,23272818.76026252,100074.35904244163,8.961785812070348,1
131,17,G18,24918944.48245706,6444253.824186002,7223369.334584293,21783706.18172808,-76833.73924493168,4.060064762183427,1
131,24,G25,16953522.05030372,19055635.747209713,7631053.7737079235,23001381.137056224,116486.25586312718,6.5249082427467,1
131,25,G26,11191561.597333075,-11434880.344018824,20908957.115298856,21159004.550854072,-117770.4778324406,3.791134127354153,1
131,27,G28,24760419.14203211,-5269057.470305709,8080494.154596648,21433716.348084334,-124093.79221691766,3.825078833470559,1
131,28,G29,12459056.370698271,8787052.036716064,21721888.036137052,21019759.169744823,-72872.63829171853,3.5237154739409844,1
131,30,G31,18574515.197261266,-10115386.607899977,15931997.780231928,20799494.081113283,-36121.73737576069,3.4299875963841266,1
132,3,G04,-5469841.596589854,-16343124.954853384,20184800.754589178,24627752.12779658,19457.965825965326,15.956902227099581,1
132,4,G05,3438488.5649684183,22895245.948244095,12828249.08621556,24547543.902863767,-70993.05153782708,14.829526182464816,1
132,15,G16,3520121.0364692644,-20481325.764201067,15888325.787438419,23272349.17685757,100074.36222570206,8.958978762108522,1
132,17,G18,24918032.983577102,6444412.608742362,7226369.561745513,21783406.990066838,-76833.73533567485,4.059593161379253,1
132,24,G25,16953763.957620002,19056652.637833975,7628131.203374282,23002117.424005035,116486.2536340968,6.5262761643130185,1
132,25,G26,11193136.025501678,-11432647.111268003,20909372.030716084,21158776.3790662,-117770.47852837943,3.7907563814595364,1
132,27,G28,24761440.193649728,-5268787.264985047,8077542.941240103,21434288.80177927,-124093.78945049623,3.8254817292842307,1
132,28,G29,12457412.77591667,8789275.969395509,21721914.15662818,21020241.56691446,-72872.63659891396,3.5239995896553307,1
132,30,G31,18576568.54949867,-10115063.060275348,15929878.038539024,20799726.204747263,-36121.7368223763,3.430022423288724,1
133,3,G04,-5468307.188179734,-16345175.145366041,20183536.612044517,24627835.653752394,19457.96636977006,15.956238997534019,1
133,4,G05,3437499.313805376,22893908.06102966,12830868.302864939,24547358.274985947,-70993.04860675214,14.825659631442017,1
133,15,G16,3521154.676964852,-20479471.43083779,15890476.337254114,23271879.32709249,100074.3653522198,8.956173331815174,1
133,17,G18,24917121.120448813,6444571.426070043,7229369.638102019,21783107.80510648,-76833.73145173382,4.059121749835015,1
133,24,G25,16954005.745280243,19057669.192193843,7625208.471170006,23002853.745016675,116486.25136431787,6.527644730221671,1
133,25,G26,11194710.594475226,-11430413.919296404,20909786.48947181,21158548.23184823,-117770.47924777838,3.7903787504664432,1
133,27,G28,24762460.890317947,-5268517.124638142,8074591.556255204,21434861.24877333,-124093.78670790039,3.8258847765257653,1
133,28,G29,12455769.305724047,8791500.001639072,21721939.81388859,21020723.94900711,-72872.63492808017,3.524283813187725,1
133,30,G31,18578621.64939587,-10114739.648663966,15927757.954304669,20799958.394273266,-36121.73629014498,3.4300573384856823,1
134,3,G04,-5466772.991658154,-16347225.29766886,20182272.039498765,24627919.284130316,19457.967113774877,15.95557819024104,1
134,4,G05,3436509.8116614413,22892569.947417382,12833487.244283177,24547172.735894833,-70993.04549006607,14.821795865704459,1
134,15,G16,3522188.528485525,-20477616.90072299,15892626.53371166,23271409.47286016,100074.36859051991,8.953369946653604,1
134,17,G18,24916208.893090926,6444730.276220466,7232369.563591181,21782808.62517178,-76833.72751656352,4.0586505436046405,1
134,24,G25,16954247.41317507,19058685.41005074,7622285.577854449,23003590.229083147,116486.24917696984,6.529013892366119,1
134,25,G26,11196285.304222886,-11428180.768161958,20910200.491558507,21158320.15498954,-117770.47991919548,3.7900012775487983,1
134,27,G28,24763481.232011158,-5268247.049216986,8071639.9997047,21435433.776736397,-124093.78391702703,3.826288025422696,1
134,28,G29,12454125.960944017,8793724.132332703,21721965.00790479,21021206.313230734,-72872.63321270971,3.524568119256421,1
134,30,G31,18580674.496412385,-10114416.373111852,15925637.528081354,20800190.75802225,-36121.73571441552,3.430092380689898,1
135,3,G04,-5465239.006312467,-16349275.412675146,20181007.036375158,24628002.916183457,19457.96761964818,15.954918330975485,1
135,4,G05,3435520.0587562826,22891231.607783403,12836105.90978896,24546987.33473024,-70993.04259675035,14.817935553345176,1
135,15,G16,3523222.590549349,-20475762.174802855,15894776.375737641,23270939.734776482,100074.37169451517,8.950567963791283,1
135,17,G18,24915296.301305115,6444889.159280892,7235369.338865561,21782509.636212267,-76833.723641965,4.058179523273846,1
135,24,G25,16954488.961254213,19059701.291407317,7619362.523490152,23004326.662892994,116486.24689210072,6.530383729820061,1
135,25,G26,11197860.155088512,-11425947.657390958,20910614.037067167,21158092.12112819,-117770.480646972,3.7896238968850926,1
135,27,G28,24764501.218703512,-5267977.038675003,8068688.271651269,21436006.38287644,-124093.78118320301,3.8266914055779115,1
135,28,G29,12452482.741225632,8795948.361951659,21721989.73868168,21021688.85111893,-72872.63154995038,3.524852543954492,1
135,30,G31,18582727.090496678,-10114093.23358911,15923516.759916177,20800423.270865887,-36121.73518962048,3.4301274932034165,1
136,3,G04,-5463705.2325272,-16351325.489831863,20179741.60300138,24628086.960899346,19457.968281394827,15.954260450495175,1
136,4,G05,3434530.0553080444,22889893.042504378,12838724.298701266,24546802.00392493,-70993.03955930148,14.814077906412956,1
136,15,G16,3524256.863660512,-20473907.252254814,15896925.864309058,23270469.826937083,100074.3748852635,8.947767925481399,1
136,17,G18,24914383.345545225,6445048.075227259,7238368.962432157,21782210.607047454,-76833.7197275372,4.057708725783115,1
136,24,G25,16954730.389408246,19060716.836025584,7616439.308836639,23005063.100053284,116486.24467137085,6.531754184489974,1
136,25,G26,11199435.146290477,-11423714.588105999,20911027.125793096,21157864.09620135,-117770.48133737309,3.789246660935865,1
136,27,G28,24765520.85036944,-5267707.0929640345,8065736.372157653,21436579.125826195,-124093.77841183095,3.8270950006262523,1
136,28,G29,12450839.646608634,8798172.690442642,21722014.006218035,21022171.348243415,-72872.62985251502,3.525137044393725,1
136,30,G31,18584779.43110869,-10113770.230141431,15921395.650362039,20800655.845134296,-36121.73463093578,3.4301627324091446,1
137,3,G04,-5462171.670321056,-16353375.529074837,20178475.739403628,24628171.040794875,19457.968784358698,15.953603398806234,1
137,4,G05,3433539.8008281095,22888554.25099928,12841342.412211841,24546616.86912046,-70993.03667110596,14.810223228306345,1
137,15,G16,3525291.347583498,-20472052.133582927,15899074.99886521,23270000.065958716,100074.37798614825,8.944969379965954,1
137,17,G18,24913470.025612973,6445207.024147115,7241368.434943576,21781911.8632286,-76833.71585355492,4.057238145167375,1
137,24,G25,16954971.697701816,19061732.04439267,7613515.932562587,23005799.450102087,116486.24238551517,6.53312530642449,1
137,25,G26,11201010.278172648,-11421481.559833294,20911439.75782743,21157636.171229355,-117770.48206531043,3.788869522247701,1
137,27,G28,24766540.126983125,-5267437.212037388,8062784.301286576,21437151.998884767,-124093.77567857469,3.8274987721169134,1
137,28,G29,12449196.676742062,8800397.118281245,21722037.810518224,21022653.993904155,-72872.62819016459,3.5254216385857315,1
137,30,G31,18586831.51917565,-10113447.362584667,15919274.19845463,20800888.57799028,-36121.734106179756,3.430198062941007,1
138,3,G04,-5460638.319713336,-16355425.530339597,20177209.445608165,24628255.330093015,19457.969501559575,15.952949861219027,1
138,4,G05,3432549.295771051,22887215.23396395,12843960.249015497,24546431.600856725,-70993.03358367877,14.80637148553609,1
138,15,G16,3526326.0420823586,-20470196.81929148,15901223.778845713,23269530.651751082,100074.38120689392,8.94217309103489,1
138,17,G18,24912556.341526933,6445366.006092682,7244367.756337258,21781613.21322212,-76833.71192447258,4.056767708474877,1
138,24,G25,16955212.886025276,19062746.916270718,7610592.395427486,23006535.78674912,116486.2401884006,6.534496931746895,1
138,25,G26,11202585.550704187,-11419248.572630716,20911851.93316268,21157408.39702724,-117770.48274176105,3.788492575267182,1
138,27,G28,24767559.048519213,-5267167.395846132,8059832.059100754,21437724.961846866,-124093.77289336335,3.8279026993246505,1
138,28,G29,12447553.83244918,8802621.64435328,21722061.151569676,21023136.73784452,-72872.62647996897,3.5257063327972693,1
138,30,G31,18588883.354157455,-10113124.630964454,15917152.404746793,20801121.424761288,-36121.73353469341,3.4302335178927783,1
139,3,G04,-5459105.18108774,-16357475.49307337,20175942.7219433,24628339.93377428,19457.970088819806,15.952296821530513,1
139,4,G05,3431558.539648532,22885875.9908171,12846577.810303738,24546246.573266394,-70993.03061979508,14.802523662699059,1
139,15,G16,3527360.947662031,-20468341.308557566,15903372.205227105,23269060.929861203,100074.38435402783,8.939378067193948,1
139,17,G18,24911642.293306492,6445525.0211130595,7247366.926550584,21781314.665962517,-76833.70802858111,4.056297497038302,1
139,24,G25,16955453.954271257,19063761.45142025,7607668.698191,23007272.328889918,116486.2379376924,6.535869364057114,1
139,25,G26,11204160.963853657,-11417015.626556713,20912263.651791345,21157180.709936615,-117770.48344893097,3.7881156991450378,1
139,27,G28,24768577.61495178,-5266897.6443440085,8056879.645662955,21438298.07781247,-124093.77013938516,3.8283067738482432,1
139,28,G29,12445911.113379046,8804846.269134205,21722084.029376905,21023619.60910167,-72872.62479859362,3.5259911540177007,1
139,30,G31,18590934.936002776,-10112802.035250597,15915030.269285657,20801354.39773227,-36121.73299096231,3.4302690359120627,1
140,3,G04,-5457572.253732223,-16359525.418189296,20174675.56783127,24628424.285055596,19457.970583763483,15.951645079882976,1
140,4,G05,3430567.5326791205,22884536.521935407,12849195.095395625,24546061.63502118,-70993.02774299443,14.798678799106433,1
140,15,G16,3528396.0638396577,-20466485.602327906,15905520.276936846,23268591.248176627,100074.38744872871,8.936584666312685,1
140,17,G18,24910727.88075261,6445684.06929698,7250365.946235932,21781016.168959543,-76833.7041561043,4.055827489519907,1
140,24,G25,16955694.90250319,19064775.650328908,7604744.839521553,23008008.91179442,116486.23564922858,6.5372424370123685,1
140,25,G26,11205736.517965507,-11414782.721137147,20912674.913803965,21156953.055792,-117770.48417777069,3.7877389366082745,1
140,27,G28,24769595.82625522,-5266627.9574834285,8053927.061035899,21438871.27921434,-124093.76740748958,3.8287110213353555,1
140,28,G29,12444268.519571792,8807070.992570067,21722106.4439387,21024102.52894023,-72872.62313753927,3.5262760702478064,1
140,30,G31,18592986.2641714,-10112479.575489383,15912907.792624466,20801587.4868519,-36121.73246679382,3.4303046509902027,1
141,3,G04,-5456039.538030939,-16361575.3051344,20173407.983600322,24628508.36997679,19457.970979901882,15.950994042405862,1
141,4,G05,3429576.275082227,22883196.82769566,12851812.103610473,24545876.883842297,-70993.02495986427,14.79483706629555,1
141,15,G16,3529431.391120018,-20464629.69977949,15907667.99495114,23268121.836202614,100074.39048727602,8.933792723506821,1
141,17,G18,24909813.10432035,6445843.150619127,7253364.813900704,21780717.869074225,-76833.70030885456,4.055357715080376,1
141,24,G25,16955935.73061269,19065789.51275805,7601820.820178775,23008745.661104206,116486.23332002888,6.538616228514731,1
141,25,G26,11207312.212257242,-11412549.85749493,20913085.71899695,21156725.496018164,-117770.48492991,3.787362265186573,1
141,27,G28,24770613.682403885,-5266358.335217025,8050974.30528231,21439444.72408165,-124093.76469938237,3.829115454229821,1
141,28,G29,12442626.051067695,8809295.81460667,21722128.39525387,21024585.655947775,-72872.62149836228,3.5265610824524103,1
141,30,G31,18595037.339590415,-10112157.251496289,15910784.973798305,20801820.81496971,-36121.73196368802,3.430340356491171,1
142,3,G04,-5454507.034003086,-16363625.153844276,20172139.96927671,24628593.124986343,19457.971500096643,15.950346273747524,1
142,4,G05,3428584.766367624,22881856.907516528,12854428.83613941,24545692.090224486,-70993.0220610847,14.790997837093299,1
142,15,G16,3530466.9290198293,-20462773.601859268,15909815.358197806,23267652.391840998,100074.39359499753,8.931003007670817,1
142,17,G18,24908897.96381049,6446002.265169193,7256363.530197349,21780419.656858806,-76833.69642949918,4.05488808628167,1
142,24,G25,16956176.43849037,19066803.038470395,7598896.640922451,23009482.421023723,116486.23104262384,6.5399904789326415,1
142,25,G26,11208888.047073308,-11410317.035155859,20913496.06746095,21156498.113259334,-117770.48565202986,3.786985782915569,1
142,27,G28,24771631.18337235,-5266088.777496503,8048021.378464965,21440018.232048947,-124093.76196101287,3.829520054063229,1
142,28,G29,12440983.70751515,8811520.735720739,21722149.883326292,21025068.809758853,-72872.61983129055,3.526846180593399,1
142,30,G31,18597088.161719844,-10111835.063317157,15908661.813360322,20802054.30614236,-36121.73143329214,3.4303761923005935,1
143,3,G04,-5452974.741667109,-16365674.964254752,20170871.524886742,24628677.862126872,19457.971935154248,15.949699796763797,1
143,4,G05,3427593.006991799,22880516.762094196,12857045.291677939,24545507.437883638,-70993.01924301876,14.787161982677224,1
143,15,G16,3531502.678044287,-20460917.307744008,15911962.367652735,23267182.96423159,100074.39665443588,8.928214838019128,1
143,17,G18,24907982.459242355,6446161.412996843,7259362.09506327,21780121.58312831,-76833.69257172148,4.054418656018296,1
143,24,G25,16956417.026200686,19067816.22795204,7595972.3004207965,23010219.251860924,116486.22873031556,6.541365416385278,1
143,25,G26,11210464.022382393,-11408084.254178194,20913905.959188536,21156270.841065086,-117770.48639410168,3.7866094071705945,1
143,27,G28,24772648.329134885,-5265819.284274911,8045068.280646586,21440591.85784011,-124093.75924299318,3.8299248075682897,1
143,28,G29,12439341.489737863,8813745.75479671,21722170.908144552,21025552.081952207,-72872.61818298523,3.5271313903330874,1
143,30,G31,18599138.730508454,-10111513.010921553,15906538.311357737,20802287.917930912,-36121.73092090428,3.4304121124068123,1
144,3,G04,-5451442.661041585,-16367724.736301605,20169602.65045671,24628762.80196913,19457.972484006812,15.949054881150163,1
144,4,G05,3426600.996464824,22879176.390847053,12859661.471416937,24545322.96981709,-70993.01632153588,14.78333010880235,1
144,15,G16,3532538.637957721,-20459060.817938082,15914109.022755848,23266713.477989454,100074.39977704274,8.925428259383656,1
144,17,G18,24907066.590634875,6446320.594153163,7262360.508435888,21779823.546811085,-76833.68868491206,4.053949439950334,1
144,24,G25,16956657.493634984,19068829.08096495,7593047.799433563,23010956.193262704,116486.22646467743,6.5427411388382115,1
144,25,G26,11212040.138153529,-11405851.514619848,20914315.39417226,21156043.52810713,-117770.4871088429,3.7862331393870345,1
144,27,G28,24773665.119666025,-5265549.8555041775,8042115.011889942,21441165.505967557,-124093.75649750239,3.83032971611581,1
144,28,G29,12437699.39738429,8815970.872311104,21722191.469712645,21026035.412219886,-72872.61650942414,3.5274167280038657,1
144,30,G31,18601189.045416657,-10111191.094354942,15904414.468344115,20802521.6447513,-36121.73038368503,3.430448113261123,1
145,3,G04,-5449910.792510493,-16369774.469431825,20168333.3463156,24628847.711099006,19457.97296270977,15.948411119610572,1
145,4,G05,3425608.735005323,22877835.794152122,12862277.374675805,24545138.67876555,-70993.01346535944,14.779499764944763,1
145,15,G16,3533574.808523404,-20457204.132946175,15916255.322947435,23266244.205058776,100074.40285941861,8.922643519431153,1
145,17,G18,24906150.35800732,6446479.80868814,7265358.770252622,21779525.681924798,-76833.68481595033,4.053480463653094,1
145,24,G25,16956897.840684753,19069841.597271457,7590123.138720623,23011692.911860105,116486.22417040095,6.54411738425062,1
145,25,G26,11213616.394355103,-11403618.816539347,20914724.3724047,21155816.240277484,-117770.48784003724,3.7858570039180464,1
145,27,G28,24774681.55493998,-5265280.491137854,8039161.572257767,21441739.36293921,-124093.75376891944,3.8307348790825695,1
145,28,G29,12436057.430494605,8818196.088209802,21722211.568029437,21026518.775991987,-72872.61485124737,3.52770210080159,1
145,30,G31,18603239.107370693,-10110869.31343387,15902290.283353904,20802755.53015927,-36121.729861349835,3.4304842574431937,1
146,3,G04,-5448379.135362635,-16371824.164558368,20167063.61188448,24628933.013905793,19457.973204461596,15.947769829293243,1
146,4,G05,3424616.222833986,22876494.972386338,12864893.000774233,24544954.545743182,-70993.0108293986,14.775672628428818,1
146,15,G16,3534611.190246178,-20455347.251944926,15918401.2692029,23265774.875728995,100074.40580901533,8.919860535329505,1
146,17,G18,24905233.761160135,6446639.056690617,7268356.881165689,21779227.88683938,-76833.68100676549,4.05301159082052,1
146,24,G25,16957138.06741372,19070853.77735769,7587198.316949997,23012429.632132724,116486.22177949666,6.545494127386937,1
146,25,G26,11215192.791331446,-11401386.15946282,20915132.893975787,21155589.04290977,-117770.4886270229,3.785481014619989,1
146,27,G28,24775697.634931263,-5265011.191128055,8036207.9618128585,21442313.18975688,-124093.75109683776,3.8311401268944283,1
146,28,G29,12434415.588718075,8820421.402968481,21722231.203098383,21027002.267080873,-72872.6132452233,3.5279876004644897,1
146,30,G31,18605288.91583056,-10110547.668204427,15900165.756940674,20802989.64674772,-36121.729389457316,3.4305204805067926,1
147,3,G04,-5446847.689981354,-16373873.821128452,20165793.447492238,24629018.533932894,19457.97381578291,15.947131129414812,1
147,4,G05,3423623.4594597444,22875153.924967922,12867508.350902721,24544770.22509607,-70993.00785153263,14.771848627858912,1
147,15,G16,3535647.782643372,-20453490.175881553,15920546.86045094,23265305.629043445,100074.40896483662,8.917079623910483,1
147,17,G18,24904316.8005492,6446798.3381363815,7271354.839682903,21778930.16993094,-76833.67710333638,4.052542941113091,1
147,24,G25,16957378.17371275,19071865.620986458,7584273.334881542,23013166.471904438,116486.21954074252,6.54687154811638,1
147,25,G26,11216769.32830038,-11399153.544512272,20915540.95868331,21155361.967274774,-117770.48932582143,3.785105184360752,1
147,27,G28,24776713.3596146,-5264741.955426013,8033254.180617935,21442887.119879846,-124093.74833569073,3.8315455872528967,1
147,28,G29,12432773.872876933,8822646.815473028,21722250.374908995,21027485.747001622,-72872.61155711212,3.5282731907503213,1
147,30,G31,18607338.470257346,-10110226.15871123,15898040.88965822,20803223.795165367,-36121.72883757931,3.4305568317667365,1
148,3,G04,-5445316.456385197,-16375923.439077836,20164522.85316521,24629104.17904315,19457.97457766389,15.94649397731804,1
148,4,G05,3422630.4453393603,22873812.652593683,12870123.423757453,24544586.079230342,-70993.00473571637,14.768027844922745,1
148,15,G16,3536684.5862202086,-20451632.903932467,15922692.097666636,23264836.48007912,100074.4122041135,8.914300440200854,1
148,17,G18,24903399.47597535,6446957.653113258,7274352.646456558,21778632.528965846,-76833.6731615778,4.052074526060825,1
148,24,G25,16957618.159531265,19072877.128160827,7581348.192577883,23013903.43787612,116486.2173639,6.548249693709745,1
148,25,G26,11218346.005606258,-11396920.971213747,20915948.566617332,21155134.89499022,-117770.48998859328,3.7847294743121536,1
148,27,G28,24777728.728964306,-5264472.783984883,8030300.2287358,21443461.19574703,-124093.74553826966,3.831951249037462,1
148,28,G29,12431132.282620229,8824872.326199317,21722269.083464887,21027969.305099346,-72872.60983554977,3.528558876388404,1
148,30,G31,18609387.77157707,-10109904.784770621,15895915.680540582,20803458.122273248,-36121.728252986926,3.4305932904361094,1
149,3,G04,-5443785.434593392,-16377973.01834204,20163251.828929752,24629189.620893277,19457.975144186228,15.945858826994337,1
149,4,G05,3421637.179982509,22872471.154681496,12872738.220528662,24544401.957934525,-70993.0018010813,14.76420926616555,1
149,15,G16,3537721.600492489,-20449775.437045332,15924836.979779044,23264367.20714844,100074.41533356607,8.911523096902112,1
149,17,G18,24902481.78745786,6447117.00167131,7277350.301424034,21778334.82378395,-76833.66926919292,4.051606265758272,1
149,24,G25,16957858.024761084,19073888.298643332,7578422.890799033,23014640.388212413,116486.21510737296,6.54962830104487,1
149,25,G26,11219922.82321719,-11394688.43962598,20916355.717770476,21154907.94890564,-117770.49069738114,3.7843539116851694,1
149,27,G28,24778743.742954694,-5264203.676757944,8027346.106229203,21444035.387204457,-124093.74278755113,3.8323570723739686,1
149,28,G29,12429490.817988485,8827097.935092643,21722287.32876493,21028452.85705459,-72872.6081569695,3.5288446412037104,1
149,30,G31,18611436.81924957,-10109583.546429377,15893790.13014153,20803692.510247484,-36121.7277100197,3.430629862087229,1
150,3,G04,-5442254.624988915,-16380022.558368322,20161980.375115413,24629275.295040697,19457.975976116028,15.945225221333418,1
150,4,G05,3420643.663846047,22871129.431928426,12875352.73991282,24544217.93100948,-70992.99862290462,14.760394679741287,1
150,15,G16,3538758.8259664937,-20447917.774396215,15926981.50776293,23263897.82477,100074.41861068754,8.908747396055315,1
150,17,G18,24901563.735015675,6447276.383861962,7280347.80452277,21778037.188961335,-76833.66530931776,4.051138250688447,1
150,24,G25,16958097.76946539,19074899.132919807,7575497.428212724,23015377.512771677,116486.21295983897,6.5510077509412055,1
150,25,G26,11221499.781102642,-11392455.949806374,20916762.412135355,21154680.952006027,-117770.491342877,3.7839784577339235,1
150,27,G28,24779758.40156052,-5263934.633696381,8024391.813160923,21444609.535106137,-124093.73997292707,3.8327630824635786,1
150,28,G29,12427849.478630124,8829323.642630048,21722305.110812206,21028936.387790374,-72872.6064195446,3.5291305265580366,1
150,30,G31,18613485.613224532,-10109262.443655433,15891664.238508284,20803927.008786302,-36121.72710960695,3.430666525359352,1
151,3,G04,-5440724.026861021,-16382072.060069535,20160708.49114226,24629361.188083652,19457.97663284479,15.94459365803019,1
151,4,G05,3419649.896439296,22869787.48375214,12877966.983099908,24544034.117954303,-70992.99560749288,14.75658266508012,1
151,15,G16,3539796.2624049834,-20446059.916490044,15929125.681058869,23263428.58590215,100074.42178934767,8.905973485894505,1
151,17,G18,24900645.31866814,6447435.799735045,7283345.155690243,21777739.66191126,-76833.66139367627,4.050670385838622,1
151,24,G25,16958337.39353609,19075909.630752597,7572571.805578992,23016114.569205295,116486.21074085071,6.552387703274546,1
151,25,G26,11223076.879606571,-11390223.501281533,20917168.649801414,21154454.12486213,-117770.49202958825,3.783603146540702,1
151,27,G28,24780772.704756025,-5263665.654753816,8021437.349593749,21445183.938199803,-124093.73720013957,3.8331692381046834,1
151,28,G29,12426208.265368434,8831549.447695332,21722322.429597147,21029420.116202224,-72872.60472065695,3.5294165055001123,1
151,30,G31,18615534.15296194,-10108941.476495672,15889538.006195074,20804161.668146323,-36121.72654646471,3.4307032914021853,1
152,3,G04,-5439193.640592988,-16384121.522892842,20159436.177339766,24629447.283269927,19457.977356992098,15.943963752955879,1
152,4,G05,3418655.8779821345,22868445.310529962,12880580.949409846,24543850.285913292,-70992.99253107928,14.75277382474113,1
152,15,G16,3540833.9095718465,-20444201.86383171,15931269.499107799,23262959.496128958,100074.42500499426,8.903201289704063,1
152,17,G18,24899726.538215265,6447595.2493795,7286342.355578435,21777442.286747884,-76833.65746078549,4.050202732326968,1
152,24,G25,16958576.89686492,19076919.7919046,7569646.023658022,23016851.626755726,116486.20854975516,6.553768339593173,1
152,25,G26,11224654.117946027,-11387991.095173743,20917574.43056759,21154227.304977525,-117770.4926999918,3.7832279586502313,1
152,27,G28,24781786.6525159,-5263396.739882063,8018482.715590438,21445758.393783722,-124093.73441099552,3.8335755750545646,1
152,28,G29,12424567.17785194,8833775.350765273,21722339.285122946,21029903.92223264,-72872.60300668998,3.529702584625932,1
152,30,G31,18617582.439387992,-10108620.644765582,15887411.432235248,20804396.473250568,-36121.72596846311,3.4307401595113443,1
153,3,G04,-5437663.466203526,-16386170.946773905,20158163.4337343,24629532.951833278,19457.977846846934,15.943334839630314,1
153,4,G05,3417661.6086951,22867102.91263938,12883194.638162825,24543666.777189914,-70992.98967297291,14.748967730248914,1
153,15,G16,3541871.76797246,-20442343.615597222,15933412.962883988,23262490.099231936,100074.42808904844,8.90043059525962,1
153,17,G18,24898807.39411452,6447754.7327691205,7289339.402695624,21777144.885897785,-76833.65358741222,4.049735272541787,1
153,24,G25,16958816.279515397,19077929.616860807,7566720.081117279,23017588.51008318,116486.20626236238,6.5551495893146985,1
153,25,G26,11226231.49646527,-11385758.73100926,20917979.754523445,21154000.52585663,-117770.49342579012,3.7828528751148727,1
153,27,G28,24782800.24481445,-5263127.889034478,8015527.911213808,21446332.859977376,-124093.73167815835,3.83398207596271,1
153,28,G29,12422926.216121126,8836001.351785142,21722355.67738853,21030387.64506042,-72872.60134455773,3.5299887566901464,1
153,30,G31,18619630.471962903,-10108299.948511593,15885284.517182957,20804631.216930043,-36121.72544063441,3.430777119009052,1
154,3,G04,-5436133.503710797,-16388220.331648592,20156890.26035227,24629619.02412487,19457.978640310892,15.942707345049664,1
154,4,G05,3416667.088086432,22865760.28949787,12885808.05054845,24543483.204249732,-70992.9865352693,14.745164466830145,1
154,15,G16,3542909.8371232497,-20440485.17273453,15935556.071317384,23262020.829093292,100074.4313417138,8.897661725855091,1
154,17,G18,24897887.886165824,6447914.249993625,7292336.297693878,21776847.693891894,-76833.64963693304,4.049268091556373,1
154,24,G25,16959055.541378643,19078939.10538459,7563793.978716942,23018325.47717168,116486.20409981725,6.556531594044466,1
154,25,G26,11227809.015133658,-11383526.408845508,20918384.62166165,21153773.71099769,-117770.49407929055,3.7824779152626773,1
154,27,G28,24783813.481626473,-5262859.102162379,8012572.936526607,21446907.38424535,-124093.7288723103,3.834388834797101,1
154,28,G29,12421285.379824243,8838227.451232404,21722371.606396575,21030871.361745723,-72872.59961505847,3.530274999218885,1
154,30,G31,18621678.250636272,-10107979.387701754,15883157.26108547,20804866.16275284,-36121.724847201396,3.430814209396649,1
155,3,G04,-5434603.753498785,-16390269.676963758,20155616.657523774,24629705.076872215,19457.97897511245,15.942080934560606,1
155,4,G05,3415672.316614419,22864417.44180297,12888421.185263878,24543299.65811309,-70992.9838229322,14.741363636189845,1
155,15,G16,3543948.1175291603,-20438626.53441956,15937698.825381938,23261551.289244086,100074.43433772391,8.894894325742403,1
155,17,G18,24896968.014388796,6448073.801102033,7295333.040510649,21776550.48401698,-76833.64580286981,4.048801057845692,1
155,24,G25,16959294.682347532,19079948.257238247,7560867.717217287,23019062.463246018,116486.20174880017,6.557914097271316,1
155,25,G26,11229386.67391877,-11381294.128741669,20918789.03197487,21153547.051934294,-117770.49484139848,3.782103065047044,1
155,27,G28,24784826.362926174,-5262590.379219794,8009617.7915916545,21447482.08496993,-124093.726176688,3.8347957219829167,1
155,28,G29,12419644.669784797,8840453.647989936,21722387.07213843,21031355.17112658,-72872.59798707638,3.5305613359450856,1
155,30,G31,18623725.77486815,-10107658.96238324,15881029.664497323,20805101.196803942,-36121.7243522044,3.4308513836154573,1
156,3,G04,-5433074.214856376,-16392318.983632395,20154342.6246679,24629791.498726565,19457.979627758526,15.941457482469305,1
156,4,G05,3414677.2937880554,22863074.3689718,12891034.043498462,24543116.24822774,-70992.98081864334,14.737567898912486,1
156,15,G16,3544986.6087068166,-20436767.701600417,15939841.224007957,23261081.926968295,100074.43751102978,8.892128698970422,1
156,17,G18,24896047.778802063,6448233.3861472225,7298329.631083394,21776253.375213727,-76833.64188760427,4.0483341817704925,1
156,24,G25,16959533.70248415,19080957.0729074,7557941.295285619,23019799.7257318,116486.19952899149,6.559297425670806,1
156,25,G26,11230964.472790262,-11379061.890754836,20919192.985455815,21153320.482774418,-117770.49552753817,3.7817283524683085,1
156,27,G28,24785838.888688713,-5262321.720156444,8006662.476471734,21448056.787928138,-124093.72340408716,3.835202696701053,1
156,28,G29,12418004.085650966,8842679.942535184,21722402.074616894,21031839.175949875,-72872.59628840788,3.5308478515083808,1
156,30,G31,18625773.04558508,-10107338.672370305,15878901.726451276,20805336.38218333,-36121.72378816409,3.43088861940751,1
157,3,G04,-5431544.8881669585,-16394368.25110157,20153068.162114684,24629877.707269456,19457.979940616984,15.940835022226775,1
157,4,G05,3413682.0200646385,22861731.07170233,12893646.623949626,24542933.02205829,-70992.97812956969,14.733774466469887,1
157,15,G16,3546025.3111614296,-20434908.67345282,15941983.26816906,23260612.641194258,100074.44049405519,8.889364594472353,1
157,17,G18,24895127.179425444,6448393.00517756,7301326.069349513,21775956.355197184,-76833.63805860496,4.047867484448457,1
157,24,G25,16959772.601681095,19081965.55215452,7555014.713682186,23020536.773789313,116486.19716944029,6.560681290391614,1
157,25,G26,11232542.412092116,-11376829.694411805,20919596.482193314,21153093.914172947,-117770.49629408948,3.781353749846446,1
157,27,G28,24786851.058888108,-5262053.124927326,8003706.991229671,21448631.58414031,-124093.7207132133,3.835609834766089,1
157,28,G29,12416363.627463402,8844906.334813103,21722416.613830928,21032323.258950148,-72872.59466495701,3.5311344486582183,1
157,30,G31,18627820.062246874,-10107018.517710371,15876773.447501833,20805571.68706181,-36121.72329702044,3.4309259520361475,1
158,3,G04,-5430015.773449172,-16396417.479306934,20151793.26989057,24629964.407768883,19457.980626083438,15.940216319649014,1
158,4,G05,3412686.4949520463,22860387.54941162,12896258.927806485,24542749.652936652,-70992.975095685,14.729984132217263,1
158,15,G16,3547064.2244086764,-20433049.450925183,15944124.956795914,23260143.607820172,100074.44368468226,8.8866027988333,1
158,17,G18,24894206.21627755,6448552.6582460515,7304322.3552465495,21775659.36812665,-76833.63413433474,4.047400944541954,1
158,24,G25,16960011.37982915,19082973.694744077,7552087.973167412,23021273.935761847,116486.19496427178,6.56206571276851,1
158,25,G26,11234120.491041237,-11374597.540834343,20919999.521987673,21152867.471213046,-117770.49697160219,3.780979344566488,1
158,27,G28,24787862.87349941,-5261784.593482691,8000751.335928243,21449206.49091706,-124093.71793209766,3.836017142552204,1
158,28,G29,12414723.295261411,8847132.824770488,21722430.689779513,21032807.421802618,-72872.59295842411,3.531421149067739,1
158,30,G31,18629866.824315567,-10106698.498447247,15874644.82820379,20805807.132100433,-36121.72272497647,3.430963414599151,1
159,3,G04,-5428486.870720811,-16398466.66818446,20150517.94802196,24630051.063037343,19457.98143888059,15.939598135411588,1
159,4,G05,3411690.718671132,22859043.802477326,12898870.954389451,24542566.41727428,-70992.97194627655,14.726196749993532,1
159,15,G16,3548103.3489552327,-20431190.03319286,15946266.290861825,23259674.55490184,100074.44694524273,8.88384252057312,1
159,17,G18,24893284.88915835,6448712.345439758,7307318.489426244,21775362.58878351,-76833.630177962,4.046934694477998,1
159,24,G25,16960250.03699201,19083981.501159705,7549161.072408371,23022011.318863537,116486.19281118707,6.563450944127752,1
159,25,G26,11235698.70998244,-11372365.42954835,20920402.104927868,21152641.13379206,-117770.49761879609,3.7806050286220905,1
159,27,G28,24788874.332496993,-5261516.125776132,7997795.510630238,21449781.592019435,-124093.71512050569,3.8364246984141777,1
159,28,G29,12413083.088694252,8849359.412883626,21722444.30246482,21033291.62821083,-72872.59122370998,3.5317079259642856,1
159,30,G31,18631913.332715873,-10106378.614397958,15872515.867589468,20806042.740752302,-36121.722125394874,3.4310009891149913,1
160,3,G04,-5426958.180365926,-16400515.817180898,20149242.196839526,24630137.816027027,19457.98188924732,15.93898228952843,1
160,4,G05,3410694.691443433,22857699.831277296,12901482.703019217,24542383.30725348,-70992.96913258816,14.72241259189787,1
160,15,G16,3549142.6845632074,-20429330.42076126,15948407.26980821,23259205.541071996,100074.4500035423,8.881083883314995,1
160,17,G18,24892363.198526535,6448872.066732739,7310314.470397416,21775065.789896123,-76833.62631317848,4.0464685278082655,1
160,24,G25,16960488.573061947,19084988.97116451,7546234.012165428,23022748.58079092,116486.19050950235,6.564836654706532,1
160,25,G26,11237277.068883372,-11370133.36061283,20920804.23100663,21152414.855003808,-117770.49835152259,3.780230851758873,1
160,27,G28,24789885.435855374,-5261247.721760478,7994839.515398519,21450356.727743044,-124093.71239570688,3.836832314481476,1
160,28,G29,12411443.00858484,8851586.098035445,21722457.45187934,21033776.007166795,-72872.58956905955,3.5319948382264528,1
160,30,G31,18633959.586908396,-10106058.865608891,15870386.566213597,20806278.471136887,-36121.721603304315,3.4310386306082488,1
161,3,G04,-5425429.701673023,-16402564.927209403,20147966.015761424,24630224.60587157,19457.98237962616,15.938366644076455,1
161,4,G05,3409698.412775983,22856355.635228354,12904094.174884511,24542200.213984884,-70992.96628324788,14.718630266508692,1
161,15,G16,3550182.2309961366,-20427470.61413568,15950547.893076831,23258736.522216488,100074.45308293581,8.878326844054898,1
161,17,G18,24891441.144181784,6449031.8222136535,7313310.298811893,21774769.24787594,-76833.62243854757,4.046002669290123,1
161,24,G25,16960726.98793079,19085996.104522407,7543306.79319915,23023485.965009425,116486.18822390785,6.566223067156001,1
161,25,G26,11238855.567713378,-11367901.334085131,20921205.90021669,21152188.7001819,-117770.4990747085,3.779856770820038,1
161,27,G28,24790896.183549136,-5260979.381388362,7991883.350295855,21450932.129826777,-124093.7096615902,3.837240228896594,1
161,28,G29,12409803.054581428,8853812.880703518,21722470.13802538,21034260.39784931,-72872.58790559134,3.5322817829156197,1
161,30,G31,18636005.58635476,-10105739.25212477,15868256.924631286,20806514.39417188,-36121.721072570115,3.4310764124312234,1
162,3,G04,-5423901.4350258,-16404613.997716894,20146689.405118186,24630311.605118725,19457.98281560222,15.937753262261177,1
162,4,G05,3408701.883127863,22855011.21502886,12906705.368683452,24542017.286004752,-70992.96348501535,14.714851159565125,1
162,15,G16,3551221.988760127,-20425610.61249137,15952688.161640517,23258267.464272495,100074.45613165962,8.875571566258355,1
162,17,G18,24890518.726143263,6449191.611933596,7316305.974607095,21774472.6930124,-76833.61857739044,4.045536961267609,1
162,24,G25,16960965.281661138,19087002.90171742,7540379.414176371,23024223.285011128,116486.18591636048,6.5676100701984526,1
162,25,G26,11240434.206440719,-11365669.35002365,20921607.11255082,21151962.533075042,-117770.4998103786,3.77948283021358,1
162,27,G28,24791906.575553086,-5260711.104611411,7988927.015385074,21451507.52185918,-124093.70694024563,3.837648272311835,1
162,28,G29,12408163.22672442,8856039.760833045,21722482.36090195,21034744.833762787,-72872.58625394013,3.5325688445819954,1
162,30,G31,18638051.331979707,-10105419.773762198,15866126.941874344,20806750.428888265,-36121.720553072104,3.431114285207823,1
163,3,G04,-5422373.380442224,-16406663.028639201,20145412.36493632,24630398.666907463,19457.98338343746,15.937140973922656,1
163,4,G05,3407705.10200702,22853666.570095282,12909316.285604501,24541834.6210343,-70992.96056701319,14.71107544859223,1
163,15,G16,3552261.957370583,-20423750.416777164,15954828.07443081,23257798.56491608,100074.45925306712,8.872817850144992,1
163,17,G18,24889595.944430266,6449351.435943153,7319301.497720573,21774176.39613288,-76833.6146828084,4.045071503956136,1
163,24,G25,16961203.454145078,19088009.362513177,7537451.875857593,23024960.673138484,116486.1836629839,6.568997869944975,1
163,25,G26,11242012.985410716,-11363437.407953972,20922007.868097242,21151736.444145158,-117770.50051455334,3.7791089903950907,1
163,27,G28,24792916.611841906,-5260442.891381979,7985970.510729012,21452083.046792444,-124093.70418715906,3.8380565199223593,1
163,28,G29,12406523.524662657,8858266.738901038,21722494.120510824,21035229.38414969,-72872.58457302414,3.5328560074915756,1
163,30,G31,18640096.82324477,-10105100.43056605,15863996.618497785,20806986.6277763,-36121.72000493778,3.4311522563940438,1
164,3,G04,-5420845.538305321,-16408712.019423407,20144134.89554692,24630485.809106804,19457.9837191655,15.936529730347315,1
164,4,G05,3406708.069872225,22852321.70112628,12911926.924346065,24541652.071095686,-70992.95786474211,14.70730254742662,1
164,15,G16,3553302.137333629,-20421890.026168134,15956967.632420214,23257329.485752624,100074.46224457103,8.870065617738055,1
164,17,G18,24888672.799062338,6449511.294292088,7322296.868089753,21773880.160119716,-76833.61084711556,4.044606235148476,1
164,24,G25,16961441.50533193,19089015.486913115,7534524.17830547,23025698.099237513,116486.18131392925,6.570386291550267,1
164,25,G26,11243591.903838614,-11361205.508998947,20922408.16665765,21151510.456845343,-117770.501273553,3.7787352550778013,1
164,27,G28,24793926.2921494,-5260174.7417171085,7983013.837095431,21452658.710210633,-124093.70148993457,3.8384649255093,1
164,28,G29,12404883.94921848,8860493.813790647,21722505.416845422,21035714.01103835,-72872.5829435301,3.5331432678686285,1
164,30,G31,18642142.060098577,-10104781.222506264,15861865.954548944,20807222.9361121,-36121.71950652307,3.4311903162365307,1
165,3,G04,-5419317.907904894,-16410760.97098225,20142856.996367358,24630573.25898838,19457.984347790847,15.935920704754032,1
165,4,G05,3405710.786230569,22850976.607538223,12914537.286096357,24541469.530091584,-70992.95489261848,14.703532333493474,1
165,15,G16,3554342.5281641455,-20420029.441613387,15959106.834540624,23256860.53502277,100074.46539847688,8.867315379933267,1
165,17,G18,24887749.290058456,6449671.187032316,7325292.085652158,21773584.05477378,-76833.60693686325,4.044141198979442,1
165,24,G25,16961679.43511308,19090021.27468204,7531596.322280716,23026435.659912616,116486.17908600855,6.571775372460414,1
165,25,G26,11245170.962069914,-11358973.65268393,20922808.00832042,21151284.57899329,-117770.50196270962,3.778361671205076,1
165,27,G28,24794935.616931945,-5259906.655440242,7980056.993137299,21453234.54226773,-124093.69872197263,3.838873563009915,1
165,28,G29,12403244.500040278,8862720.985979425,21722516.249907646,21036198.6770155,-72872.58124881584,3.533430603520117,1
165,30,G31,18644187.042003345,-10104462.149626909,15859734.950583257,20807459.41196999,-36121.718944633816,3.4312285107354876,1
166,3,G04,-5417790.489624127,-16412809.882762758,20141578.667728614,24630660.65191245,19457.98473645017,15.93531386138391,1
166,4,G05,3404713.251541887,22849631.290029887,12917147.369554045,24541287.23590336,-70992.95214280719,14.6997652779401,1
166,15,G16,3555383.130368438,-20418168.66228782,15961245.68176423,23256391.65297697,100074.46841853064,8.864566804746545,1
166,17,G18,24886825.41721795,6449831.114251496,7328287.151059286,21773288.099080916,-76833.60308715007,4.043676280172863,1
166,24,G25,16961917.24355163,19091026.726302747,7528668.306449851,23027173.239015155,116486.1767596316,6.57316498715767,1
166,25,G26,11246750.16007241,-11356741.839067701,20923207.393078342,21151058.89881731,-117770.50270835675,3.7779882234394226,1
166,27,G28,24795944.585923314,-5259638.632568469,7977099.979622348,21453810.41173809,-124093.69601146196,3.8392822954528043,1
166,28,G29,12401605.177168835,8864948.25541194,21722526.619696543,21036683.499905005,-72872.57960709129,3.533718064062991,1
166,30,G31,18646231.769882772,-10104143.211745873,15857603.605631925,20807696.07712784,-36121.71843393516,3.431266783150859,1
167,3,G04,-5416263.283480972,-16414858.75470076,20140299.90965722,24630748.195047993,19457.98536948812,15.934709221827125,1
167,4,G05,3403715.465312655,22848285.74801749,12919757.1759071,24541104.88699125,-70992.94916764609,14.696000453800128,1
167,15,G16,3556423.9437095067,-20416307.688696966,15963384.173533084,23255922.940128483,100074.47157384396,8.8618202717118,1
167,17,G18,24885901.181000456,6449991.075924821,7331282.062820536,21772992.117142923,-76833.59917520391,4.04321159233644,1
167,24,G25,16962154.930539068,19092031.841539863,7525740.131573561,23027910.618207995,116486.17453450029,6.574555201812208,1
167,25,G26,11248329.497815264,-11354510.068207692,20923606.320924222,21150833.117011257,-117770.5033956838,3.777614933319252,1
167,27,G28,24796953.1990983,-5259370.673053677,7974142.796613442,21454386.390097816,-124093.69324190085,3.8396912730698447,1
167,28,G29,12399965.980643416,8867175.62203486,21722536.526211176,21037168.263044965,-72872.57791087122,3.5340055839812283,1
167,30,G31,18648276.243198894,-10103824.408907462,15855471.920250306,20807932.76127153,-36121.71787021799,3.4313052008817517,1
168,3,G04,-5414736.289494263,-16416907.586731786,20139020.722179703,24630835.883927755,19457.98591387815,15.934106842643963,1
168,4,G05,3402717.4277650355,22846939.981879137,12922366.704476586,24540922.39177652,-70992.9462753133,14.69223901154529,1
168,15,G16,3557464.967949554,-20414446.521346673,15965522.309289616,23255454.02011101,100074.474679499,8.859075445447415,1
168,17,G18,24884976.581205294,6450151.072140412,7334276.821587467,21772696.096116446,-76833.59528540795,4.042747044615091,1
168,24,G25,16962392.495968346,19093036.62015718,7522811.798412679,23028648.14426187,116486.17227327316,6.575946015587328,1
168,25,G26,11249908.975266522,-11352278.340162393,20924004.79185086,21150607.4468866,-117770.50410360894,3.7772417798839975,1
168,27,G28,24797961.45643162,-5259102.77684833,7971185.444173389,21454962.357847802,-124093.69049334533,3.8401003633466275,1
168,28,G29,12398326.910113806,8869403.086324124,21722545.969452813,21037653.05298846,-72872.57623407635,3.534293230544834,1
168,30,G31,18650320.461413234,-10103505.741157163,15853339.894994134,20808169.510748833,-36121.717325101905,3.4313437010398764,1
169,3,G04,-5413209.50804614,-16418956.378303135,20137741.105627727,24630923.61580485,19457.98631154723,15.93350574744977,1
169,4,G05,3401719.1391202644,22845593.99199334,12924975.95458384,24540740.060733438,-70992.94351971314,14.68848054388495,1
169,15,G16,3558506.2035957337,-20412585.15941149,15967660.090005515,23254985.224059884,100074.4777029527,8.856332155609403,1
169,17,G18,24884051.61785198,6450311.102948284,7337271.427297556,21772400.224184625,-76833.59143276463,4.042282686160767,1
169,24,G25,16962629.93990191,19094041.062637445,7519883.305633546,23029385.647979468,116486.16995155468,6.577337474067865,1
169,25,G26,11251488.592771323,-11350046.654457778,20924402.805945925,21150381.834277857,-117770.5048460608,3.776868736674862,1
169,27,G28,24798969.35789787,-5258834.943905331,7968227.9223650545,21455538.45291458,-124093.68778006197,3.840509611921542,1
169,28,G29,12396687.966401586,8871630.647163177,21722554.949416026,21038137.98811776,-72872.57458975381,3.53458097972386,1
169,30,G31,18652364.425449632,-10103187.208312215,15851207.528894136,20808406.43109867,-36121.716811286395,3.43138229108344,1
170,3,G04,-5411682.938427044,-16421005.130327381,20136461.059417665,24631011.48225803,19457.98673331082,15.93290671591732,1
170,4,G05,3400720.5988852857,22844247.777775913,12927584.927416459,24540557.955845177,-70992.94074231968,14.68472460948465,1
170,15,G16,3559547.6501620505,-20410723.603841033,15969797.514613574,23254516.62010075,100074.48073925462,8.853590721513214,1
170,17,G18,24883126.290959775,6450471.168399572,7340265.8798883045,21772104.40418465,-76833.58757376128,4.041818515802209,1
170,24,G25,16962867.262231562,19095045.168745417,7516954.6539969165,23030123.25221032,116486.16764018335,6.5787295061201485,1
170,25,G26,11253068.349545034,-11347815.012215933,20924800.363012467,21150156.271925744,-117770.50558242942,3.7764958387784255,1
170,27,G28,24799976.90347188,-5258567.174176698,7965270.231251277,21456114.74286539,-124093.68506076216,3.8409190480889683,1
170,28,G29,12395049.149155665,8873858.305029064,21722563.46610222,21038623.052239075,-72872.57293984432,3.534868812206563,1
170,30,G31,18654408.134770036,-10102868.810417343,15849074.822505925,20808643.62618473,-36121.71629187834,3.431420999181734,1
171,3,G04,-5410156.581018483,-16423053.842252053,20135180.583881073,24631099.49892268,19457.987531524657,15.932308029028142,1
171,4,G05,3399721.807519751,22842901.339926306,12930193.6216738,24540376.03914006,-70992.93762118965,14.68097276350914,1
171,15,G16,3560589.3081568424,-20408861.853809495,15971934.58408516,23254047.87486466,100074.48398377663,8.850850663130348,1
171,17,G18,24882200.600548025,6450631.268545025,7343260.179297237,21771808.81424835,-76833.5836195729,4.0413546748695195,1
171,24,G25,16963104.462850016,19096048.93824539,7514025.844263803,23030861.26016941,116486.1654835904,6.580122574025009,1
171,25,G26,11254648.245933453,-11345583.412962072,20925197.463138264,21149930.839124046,-117770.50622945798,3.7761230080536445,1
171,27,G28,24800984.093128562,-5258299.4676140705,7962312.370894898,21456691.24612766,-124093.68225092352,3.841328733428348,1
171,28,G29,12393410.45841566,8876086.059867878,21722571.51951049,21039108.173876308,-72872.57120652386,3.5351567535177186,1
171,30,G31,18656451.588836983,-10102550.547516422,15846941.776385488,20808880.920108832,-36121.71569127693,3.4314598011773856,1
172,3,G04,-5408630.435839812,-16425102.514012447,20133899.679044545,24631187.745092593,19457.9880329178,15.93171057397301,1
172,4,G05,3398722.7645316934,22841554.677859917,12932802.03854319,24540194.106799554,-70992.9347758895,14.677224762254808,1
172,15,G16,3561631.1770929713,-20406999.910266865,15974071.29735342,23253579.135771044,100074.4870629208,8.848111910462015,1
172,17,G18,24881274.54663645,6450791.403434166,7346254.32546184,21771513.414728824,-76833.57974056805,4.040890980273821,1
172,24,G25,16963341.541819885,19097052.37161946,7511096.875100248,23031599.191068336,116486.16320443965,6.581516332893099,1
172,25,G26,11256228.281904008,-11343351.856755277,20925594.10631617,21149705.52917188,-117770.50694657552,3.7757502697590146,1
172,27,G28,24801990.926842444,-5258031.824170905,7959354.341358772,21457267.816957176,-124093.67951246572,3.841738501647832,1
172,28,G29,12391771.893831806,8878313.912155095,21722579.10964171,21039593.508266594,-72872.5695390476,3.5354448422026077,1
172,30,G31,18658494.78857332,-10102232.419428082,15844808.38956309,20809118.257030264,-36121.71515426482,3.4314986529536653,1
173,3,G04,-5407104.503273206,-16427151.145055814,20132618.345240172,24631276.32072262,19457.98869717492,15.931115996658576,1
173,4,G05,3397723.470379434,22840207.792276703,12935410.176724272,24540012.407873157,-70992.9317801158,14.673478975676739,1
173,15,G16,3562673.2574775997,-20405137.77238742,15976207.655389408,23253110.406728756,100074.49023203178,8.845375298405983,1
173,17,G18,24880348.12902322,6450951.573156921,7349248.319033467,21771218.030844696,-76833.5758198207,4.040427461714769,1
173,24,G25,16963578.49903244,19098055.468633134,7508167.747267236,23032336.955003574,116486.16099337327,6.582910593811299,1
173,25,G26,11257808.45742553,-11341120.343653195,20925990.29253905,21149480.19297459,-117770.50762460395,3.775377710206302,1
173,27,G28,24802997.404588494,-5257764.243798751,7956396.142705769,21457844.34981502,-124093.67673436303,3.8421484723008077,1
173,28,G29,12390133.456224587,8880541.860775085,21722586.23649136,21040078.758895837,-72872.56783500794,3.535733002186051,1
173,30,G31,18660537.733441353,-10101914.426196592,15842674.662594644,20809355.74304636,-36121.71458164204,3.4315376444902204,1
174,3,G04,-5405578.782609374,-16429199.736294676,20131336.58188355,24631364.990723424,19457.98924128055,15.93052341712723,1
174,4,G05,3396723.92457049,22838860.68259189,12938018.037404126,24539830.629094563,-70992.92889572789,14.669735912536247,1
174,15,G16,3563715.548824367,-20403275.441121135,15978343.657126613,23252641.653116558,100074.49333390818,8.842640423072549,1
174,17,G18,24879421.348169763,6451111.777686709,7352242.1585219465,21770922.718995064,-76833.57192928555,4.0399641017617585,1
174,24,G25,16963815.33438081,19099058.229050793,7505238.461525795,23033074.90879719,116486.15873309983,6.584305408647306,1
174,25,G26,11259388.772466158,-11338888.873714117,20926386.02179978,21149255.04775248,-117770.50833074459,3.7750052886044334,1
174,27,G28,24804003.526341345,-5257496.726450668,7953437.774998745,21458421.013898496,-124093.67398497995,3.8425585919048943,1
174,28,G29,12388495.145243712,8882769.906203957,21722592.900060456,21040564.11283037,-72872.56615741433,3.5360212614976536,1
174,30,G31,18662580.422903083,-10101596.567867156,15840540.596036358,20809593.412219938,-36121.714034481985,3.431576736254988,1
175,3,G04,-5404053.274230309,-16431248.28717631,20130054.38930671,24631453.680826876,19457.989821295203,15.929932815924545,1
175,4,G05,3395724.127564553,22837513.34950547,12940625.619282667,24539649.228915896,-70992.92597879247,14.665995344261237,1
175,15,G16,3564758.051641008,-20401412.915642038,15980479.303535769,23252173.169214927,100074.49645509811,8.839907385855579,1
175,17,G18,24878494.20387464,6451272.017112466,7355235.844578653,21770627.509892315,-76833.56802943074,4.039500937018233,1
175,24,G25,16964052.047926653,19100060.653354716,7502309.016541811,23033812.798932407,116486.15648805926,6.5857008098440115,1
175,25,G26,11260969.226994552,-11336657.446995867,20926781.294091232,21149029.974006463,-117770.5090280234,3.7746330098083254,1
175,27,G28,24805009.292075865,-5257229.272078676,7950479.238300557,21458997.91586334,-124093.67122674201,3.8429689065676023,1
175,28,G29,12386856.960928855,8884998.048387635,21722599.100348134,21041049.608041864,-72872.56447161254,3.5363096015311815,1
175,30,G31,18664622.857881904,-10101278.844256887,15838406.188918043,20809831.27404392,-36121.71347919754,3.4316159478120305,1
176,3,G04,-5402527.978154008,-16433296.797636494,20128771.767536227,24631542.455249783,19457.990124987133,15.92934185101502,1
176,4,G05,3394724.0788694797,22836165.792432435,12943232.923546718,24539467.88904518,-70992.92331982023,14.66225868409582,1
176,15,G16,3565800.765690026,-20399550.196456127,15982614.594059784,23251704.444081485,100074.49942210059,8.837175302115,1
176,17,G18,24877566.696157664,6451432.291483465,7358229.377141071,21770332.461052366,-76833.56419999256,4.039038009799355,1
176,24,G25,16964288.63956362,19101062.7413087,7499379.413076341,23034550.69018444,116486.1541280041,6.587097090418438,1
176,25,G26,11262549.821355838,-11334426.063024588,20927176.10950039,21148804.82990117,-117770.50979077024,3.7742607696525603,1
176,27,G28,24806014.70176673,-5256961.880635808,7947520.532674067,21459574.801075976,-124093.66853540398,3.843379365801286,1
176,28,G29,12385218.903320443,8887226.28727098,21722604.83735353,21041535.180871926,-72872.56284743341,3.53659807373941,1
176,30,G31,18666665.03783982,-10100961.255410915,15836271.441795867,20810069.195059046,-36121.71298339692,3.431655206702445,1
177,3,G04,-5401002.894762891,-16435345.267122302,20127488.71690468,24631631.38602664,19457.990498931238,15.928753713863728,1
177,4,G05,3393723.778944142,22834818.012073126,12945839.948896466,24539286.520137303,-70992.92059558287,14.658524107805901,1
177,15,G16,3566843.6907325448,-20397687.284069784,15984749.528141916,23251235.696053363,100074.50242767397,8.83444532203343,1
177,17,G18,24876638.825037926,6451592.600851732,7361222.756146737,21770037.297738988,-76833.56035229222,4.038575244292608,1
177,24,G25,16964525.109182872,19102064.492679205,7496449.651890594,23035288.5758524,116486.15179777784,6.588493835686909,1
177,25,G26,11264130.554764789,-11332194.722922256,20927570.467831887,21148579.70701534,-117770.51053638267,3.773888707399205,1
177,27,G28,24807019.755388945,-5256694.552073617,7944561.658182161,21460151.762790367,-124093.66582675566,3.843790015956555,1
177,28,G29,12383580.972067315,8889454.623331647,21722610.111077026,21042020.706795804,-72872.56120725587,3.5368866171633453,1
177,30,G31,18668706.962239433,-10100643.801373508,15834136.355226334,20810307.237806886,-36121.71247194023,3.4316946019819072,1
178,3,G04,-5399478.023347922,-16437393.69654623,20126205.236826867,24631720.359800834,19457.990965125005,15.928167910500745,1
178,4,G05,3392723.227295627,22833470.007842403,12948446.69651849,24539105.37682584,-70992.91778738529,14.654792885308078,1
178,15,G16,3567886.8272767956,-20395824.177656718,15986884.106752386,23250766.91787126,100074.50548405104,8.831717130026824,1
178,17,G18,24875710.590534955,6451752.9452677425,7364215.981533204,21769742.24108134,-76833.55648087815,4.038112650874884,1
178,24,G25,16964761.45684658,19103065.907947496,7493519.731650217,23036026.632951304,116486.14950612439,6.589891237457404,1
178,25,G26,11265711.427566767,-11329963.426214706,20927964.36917282,21148354.704745412,-117770.51125970762,3.7735167861267502,1
178,27,G28,24808024.45291742,-5256427.2863440905,7941602.614887711,21460728.685974676,-124093.66309553069,3.84420081492244,1
178,28,G29,12381943.167990502,8891683.055452472,21722614.92151526,21042506.260081623,-72872.55954634254,3.537175278015456,1
178,30,G31,18670748.63200386,-10100326.481961917,15832000.928238777,20810545.47711398,-36121.711940127854,3.4317340938118144,1
179,3,G04,-5397953.364290361,-16439442.085355725,20124921.32763526,24631809.50277234,19457.99183074737,15.927583416959887,1
179,4,G05,3391722.424384095,22832121.780440733,12951053.165113257,24538924.16483032,-70992.91461362838,14.651065121761572,1
179,15,G16,3568930.17483646,-20393960.87816732,15989018.328825604,23250298.461889975,100074.5087610731,8.828990624254747,1
179,17,G18,24874781.99266819,6451913.324782317,7367209.053237977,21769447.35697145,-76833.55250825538,4.037650347064071,1
179,24,G25,16964997.682447087,19104066.986878876,7490589.653116372,23036764.747007716,116486.14737958775,6.5912895220310785,1
179,25,G26,11267292.439730722,-11327732.172959395,20928357.813516118,21148129.78511972,-117770.51188814954,3.7731449738061285,1
179,27,G28,24809028.794087667,-5256160.083462943,7938643.403559146,21461305.978265993,-124093.66026791092,3.8446118626401113,1
179,28,G29,12380305.490738926,8893911.584110884,21722619.268668745,21042991.969721396,-72872.55779662803,3.537464032142402,1
179,30,G31,18672790.046595845,-10100009.297220116,15829865.16138961,20810783.68905913,-36121.71132198659,3.431773701832607,1
