SOLVE 0 1473458141.0 0.0 0.0 0.0 0.0 4294967295 4294967295 0 0
SOLVE 1 1473458142.0 0.0 0.0 0.0 0.0 4294967295 4294967295 0 0
SOLVE 2 1473458143.0 0.0 0.0 0.0 0.0 4294967295 4294967295 0 0
SOLVE 3 1473458144.0 0.0 0.0 0.0 0.0 4294967295 4294967295 0 0
SOLVE 4 1473458145.0 0.0 0.0 0.0 0.0 4294967295 4294967295 0 0
SOLVE 5 1473458146.0 0.0 0.0 0.0 0.0 4294967295 4294967295 0 0
SOLVE 6 1473458147.0 0.0 0.0 0.0 0.0 4294967295 4294967295 0 0
SOLVE 7 1473458148.0 0.0 0.0 0.0 0.0 4294967295 4294967295 0 0
SOLVE 8 1473458149.0 4426043.265569374 -89428.53596103363 4576297.58344011 -14453.239990462242 4294967295 4294967295 0 9 3 -5998855.988820181 -15650474.55372866 20586146.16218016 24625756.072819818 0 16.28063366584164 1 4 3757702.408105053 23332872.720428314 11930230.760092804 24544274.287719753 0 16.329400665707336 1 15 3183710.6650235523 -21094660.789779987 15143750.529483585 23531974.897643197 0 10.015137907936962 1 17 25204471.966085013 6392432.827241665 6207155.959892319 21812533.08045471 0 4.230324207634818 1 24 16865790.709357146 18694894.117139723 8603515.088742886 22872586.23699818 0 6.0987178604910195 1 25 10670718.505460562 -12187180.98682816 20743744.813899882 21121722.66508786 0 3.925500914586889 1 27 24397420.707755726 -5363825.079289065 9061986.952119647 21123110.06667999 0 3.6990526920513394 1 28 13018117.703882953 8045758.485940019 21686898.35137099 20788855.983167592 0 3.433651824232587 1 30 17870605.494508028 -10231993.679832852 16624569.731096495 20692761.362394303 0 3.4240115964317686 1
SOLVE 9 1473458150.0 4426043.22051109 -89428.46611177923 4576297.723206111 -14304.878354209352 4294967295 4294967295 0 9 3 -5997251.450979698 -15652533.813180787 20585028.46463514 24625800.0681396 0 16.279365199264276 1 4 3756796.6043913323 23331614.244691607 11932939.669276215 24544058.419521347 0 16.324296610704423 1 15 3184673.9829638423 -21092876.09850283 15146017.541496538 23531497.829240732 0 10.011640073823832 1 17 25203683.8449813 6392583.48785753 6210203.293581077 21812203.774558973 0 4.2297810383432735 1 24 16866069.93278979 18696024.183806345 8600650.195436055 22873309.93759078 0 6.099894188449487 1 25 10672243.926954836 -12184937.383134294 20744312.675245132 21121472.03238805 0 3.9250781884526265 1 27 24398559.487277098 -5363530.387609847 9059096.932701511 21123647.857312437 0 3.6994012639368385 1 28 13016434.459920142 8047946.129650092 21687079.984751694 20789314.067941442 0 3.4339042525188788 1 30 17872740.846075512 -10231622.733717028 16622567.53538482 20692949.677320324 0 3.4240125249659545 1
SOLVE 10 1473458151.0 4426043.096562442 -89428.4757291124 4576297.704089753 -14156.534755337707 4294967295 4294967295 0 9 3 -5995647.117216449 -15654593.056907063 20583910.328218196 24625844.16479845 0 16.278097895611495 1 4 3755890.556397929 23330355.523932338 11935648.322066713 24543842.66215091 0 16.319197648230013 1 15 3185637.507250343 -21091091.190399867 15148284.21631424 23531020.952192005 0 10.008144129316793 1 17 25202895.353807297 6392734.164090959 6213250.498396107 21811874.71540356 0 4.229238064447715 1 24 16866349.053802367 18697153.913559325 8597785.120101575 22874033.7285363 0 6.101071077314281 1 25 10673769.499483524 -12182693.799824132 20744880.083178703 21121221.479470517 0 3.9246555577570614 1 27 24399697.92146272 -5363235.776494629 9056206.720107755 21124185.759001855 0 3.69974993366384 1 28 13014751.327246755 8050133.889609764 21687261.155837096 20789772.42180608 0 3.4341568009569956 1 30 17874875.962494373 -10231251.933427969 16620564.982208576 20693138.25742875 0 3.424013513765901 1
SOLVE 11 1473458152.0 4426043.02143519 -89428.47072348588 4576297.74152453 -14008.20095134038 4294967295 4294967295 0 9 3 -5994042.988318381 -15656652.283862295 20582791.75348552 24625888.220261507 0 16.276832855752886 1 4 3754984.264102748 23329096.55820567 11938356.718405612 24543627.046182457 0 16.314103072476456 1 15 3186601.237668507 -21089306.065956578 15150550.55334559 23530544.104815602 0 10.00465076250864 1 17 25202106.492953293 6392884.855922767 6216297.57282078 21811545.65739804 0 4.228695326313165 1 24 16866628.072342247 18698283.30639846 8594919.862800978 22874757.485466763 0 6.1022484830591734 1 25 10675295.222292034 -12180450.238027047 20745447.03741903 21120970.953945797 0 3.9242330833757264 1 27 24400836.009740077 -5362941.246037348 9053316.315777885 21124723.738897204 0 3.70009876689484 1 28 13013068.305103218 8052321.766811607 21687441.86470901 20790230.7745808 0 3.434409437692276 1 30 17877010.844219983 -10230881.278849242 16618562.071134897 20693326.866042934 0 3.424014612544006 1
SOLVE 12 1473458153.0 4426042.933105473 -89428.486440282 4576297.60531436 -13860.001441158103 4294967295 4294967295 0 9 3 -5992439.06392638 -15658711.494473994 20581672.740193654 24625932.16101779 0 16.275570266370984 1 4 3754077.7274851073 23327837.34756658 11941064.85823425 24543411.56902187 0 16.309013064300746 1 15 3187565.174692799 -21087520.724381667 15152816.553620467 23530067.101499643 0 10.001159735318788 1 17 25201317.262057904 6393035.563475842 6219344.518244482 21811216.646238506 0 4.228152726333473 1 24 16866906.988358174 18699412.362322327 8592054.423595829 22875481.178093504 0 6.103426321494097 1 25 10676821.096079795 -12178206.696733605 20746013.538225494 21120720.571875848 0 3.923810758805844 1 27 24401973.752621878 -5362646.796052353 9050425.71839512 21125261.69696201 0 3.700447685597174 1 28 13011385.394335976 8054509.760160264 21687622.11127669 20790689.198224213 0 3.434662189786013 1 30 17879145.490179878 -10230510.770131052 16616558.803163556 20693515.543851003 0 3.4240157920898304 1
SOLVE 13 1473458154.0 4426042.768937817 -89428.52860018435 4576297.53508773 -13711.740710671093 4294967295 4294967295 0 9 3 -5990835.343680479 -15660770.689170014 20580553.28809875 24625976.438485086 0 16.27430822320174 1 4 3753170.946523479 23326577.892070156 11943772.74149396 24543196.068955183 0 16.30392742388184 1 15 3188529.318109131 -21085735.166160487 15155082.216547692 23529590.24671349 0 9.997670776525796 1 17 25200527.661323827 6393186.2867656825 6222391.33387716 21810887.844479185 0 4.227610434779868 1 24 16867185.801798314 18700541.081330087 8589188.802547669 22876204.98686547 0 6.104604779853839 1 25 10678347.120092185 -12175963.177073022 20746579.58531698 21120470.199296925 0 3.923388528792421 1 27 24403111.149535753 -5362352.426634438 9047534.92939922 21125799.899607018 0 3.700796799094761 1 28 13009702.59418577 8056697.870648053 21687801.89562152 20791147.77989496 0 3.434915019434447 1 30 17881279.90082931 -10230140.407157218 16614555.17786178 20693704.41430784 0 3.4240170674271715 1
SOLVE 14 1473458155.0 4426042.923028132 -89428.53339249772 4576297.518176349 -13563.284203238845 4294967295 4294967295 0 9 3 -5989231.828369142 -15662829.866904883 20579433.397757653 24626021.127939306 0 16.27305146287821 1 4 3752263.9211963704 23325318.19177152 11946480.36812608 24542980.798835706 0 16.298847096735688 1 15 3189493.6679324186 -21083949.39135297 15157347.542076483 23529113.461999077 0 9.994185138628925 1 17 25199737.690953474 6393337.025810286 6225438.018928853 21810559.012123123 0 4.227068254176873 1 24 16867464.512609728 18701669.463421833 8586322.999718085 22876928.910836183 0 6.105783667536796 1 25 10679873.295029407 -12173719.678035295 20747145.178952456 21120220.018358808 0 3.9229665490282293 1 27 24404248.200994655 -5362058.137595421 9044643.947473187 21126338.056563865 0 3.7011460016005353 1 28 13008019.9054981 8058886.097180792 21687981.217653215 20791606.40074802 0 3.435167979491905 1 30 17883414.076623604 -10229770.18981127 16612551.194796477 20693893.42836903 0 3.4240184601046866 1
SOLVE 15 1473458156.0 4426043.072095735 -89428.57717507916 4576297.514200648 -13414.821688698832 4294967295 4294967295 0 9 3 -5987628.517250261 -15664889.028597299 20578313.06865949 24626065.742018297 0 16.271796134207403 1 4 3751356.651483025 23324058.246725682 11949187.73807196 24542765.40308152 0 16.293771627947375 1 15 3190458.2239480587 -21082163.400444787 15159612.5296161 23528636.748765636 0 9.99070169012571 1 17 25198947.350585334 6393487.78073109 6228484.574788772 21810230.285308547 0 4.226526324573529 1 24 16867743.120741796 18702797.508595612 8583457.015168626 22877652.963802677 0 6.106963150389627 1 25 10681399.62013592 -12171476.200750284 20747710.318851274 21119969.893822413 0 3.9225446854973027 1 27 24405384.90642625 -5361763.929031575 9041752.77405695 21126876.312361076 0 3.7014953552788015 1 28 13006337.327514501 8061074.440749748 21688160.077452738 20792065.110389933 0 3.435421040289402 1 30 17885548.0164906 -10229400.118243217 16610546.854967946 20694082.541270617 0 3.4240199399365405 1
SOLVE 16 1473458157.0 4426042.868330296 -89428.5925645804 4576297.158220483 -13266.712859579591 4294967295 4294967295 0 9 3 -5986025.411111809 -15666948.17320192 20577192.301361583 24626110.68469744 0 16.27054106154427 1 4 3750449.1373624774 23322798.056987673 11951894.851272935 24542550.220334616 0 16.28869842451374 1 15 3191422.986630164 -21080377.192644343 15161877.18019579 23528159.734579995 0 9.9872200837273 1 17 25198156.640611436 6393638.551505796 6231530.999940649 21809901.611319162 0 4.225984555498023 1 24 16868021.626077197 18703925.216580957 8580590.849644233 22878376.82435442 0 6.10814290862698 1 25 10682926.096110666 -12169232.7442092 20748275.005271975 21119719.81486814 0 3.922122921196652 1 27 24406521.266342167 -5361469.800759418 9038861.407833375 21127414.799143028 0 3.7018448347201325 1 28 13004654.860680439 8063262.900780459 21688338.474972747 20792523.982905027 0 3.4356741605029355 1 30 17887681.720883932 -10229030.192339515 16608542.157943204 20694271.88237979 0 3.424021507059085 1
SOLVE 17 1473458158.0 4426042.844442634 -89428.53595294055 4576297.185060905 -13118.380249969758 4294967295 4294967295 0 9 3 -5984422.509593609 -15669007.301146645 20576071.09561996 24626155.56384663 0 16.269288495799735 1 4 3749541.378812144 23321537.622612815 11954601.707670389 24542334.814352993 0 16.28362941597206 1 15 3192387.9557652683 -21078590.768437132 15164141.493224738 23527682.978798836 0 9.983741506644167 1 17 25197365.560668517 6393789.338261367 6234577.295773568 21809572.97603843 0 4.2254431380810065 1 24 16868300.028695017 18705052.587916467 8577724.501839792 22879100.84207672 0 6.1093232853845665 1 25 10684452.722200174 -12166989.309539901 20748839.237934373 21119469.74445597 0 3.921701338694448 1 27 24407657.280171618 -5361175.752869684 9035969.8502426 21127953.40669731 0 3.7021945780175463 1 28 13002972.505438818 8065451.476702289 21688516.410166353 20792982.737741604 0 3.435927336019698 1 30 17889815.190260135 -10228660.41198141 16606537.10328891 20694461.24708701 0 3.424023228167347 1
SOLVE 18 1473458159.0 4426042.8765151035 -89428.54802702925 4576297.099031257 -12970.004474043908 4294967295 4294967295 0 9 3 -5982819.8123372365 -15671066.412858818 20574949.4511903 24626200.7896926 0 16.26803835317768 1 4 3748633.375595948 23320276.943355355 11957308.307850927 24542119.504340842 0 16.278565939214328 1 15 3193353.1311378945 -21076804.12830911 15166405.468112472 23527206.23916556 0 9.980265157338819 1 17 25196574.11096004 6393940.141012309 6237623.461497613 21809244.528363615 0 4.224901881693229 1 24 16868578.328478225 18706179.62233137 8574857.972500186 22879824.96586902 0 6.110504215327933 1 25 10685979.499103773 -12164745.8957334 20749403.01709659 21119219.820887465 0 3.921279891580799 1 27 24408792.94842628 -5360881.78517738 9033078.099967249 21128492.04383072 0 3.702544400170591 1 28 13001290.261031866 8067640.169505728 21688693.88311388 20793441.69526452 0 3.436180647729188 1 30 17891948.42354715 -10228290.777319128 16604531.692005891 20694650.807780035 0 3.4240250162999617 1
SOLVE 19 1473458160.0 4426042.951208929 -89428.60617100565 4576297.180894853 -12821.514134735624 4294967295 4294967295 0 9 3 -5981217.320129228 -15673125.507293472 20573827.368630584 24626245.949347846 0 16.26678929596838 1 4 3747725.1281251446 23319016.0198716 11960014.65046532 24541904.46820459 0 16.273507632744934 1 15 3194318.513223966 -21075017.271468148 15168669.105887769 23526729.628123976 0 9.976791003874393 1 17 25195782.29168953 6394090.959774256 6240669.496323026 21808916.229850784 0 4.224360949604682 1 24 16868856.525374815 18707306.319824968 8571991.261686986 22880549.208699416 0 6.11168585484866 1 25 10687506.426066397 -12162502.503918778 20749966.3424789 21118969.89682337 0 3.9208585494567005 1 27 24409928.270534877 -5360587.897776786 9030186.158447698 21129030.829559475 0 3.702894418310062 1 28 12999608.128304755 8069828.978096345 21688870.8937262 20793900.715942305 0 3.4364340526671575 1 30 17894081.421200026 -10227921.288236523 16602525.92366093 20694840.4589899 0 3.424026899875465 1
SOLVE 20 1473458161.0 4426043.003160327 -89428.55818653652 4576297.392886941 -12672.983569980162 4294967295 4294967295 0 9 3 -5979615.032610749 -15675184.584878031 20572704.847696584 24626291.45367042 0 16.26554221338105 1 4 3746816.6361613614 23317754.851916265 11962720.736100283 24541689.595811237 0 16.268452068842087 1 15 3195284.1018077373 -21073230.198400218 15170932.405960098 23526252.869182996 0 9.973319660978119 1 17 25194990.102494113 6394241.79467072 6243715.401638718 21808588.120113462 0 4.223820294054689 1 24 16869134.619332705 18708432.68039673 8569124.369461808 22881273.377869543 0 6.112867908927416 1 25 10689033.503788067 -12160259.133086542 20750529.21433901 21118720.109600686 0 3.9204373816985876 1 27 24411063.247008905 -5360294.0904826475 9027294.02436641 21129569.73202507 0 3.7032446692494854 1 28 12997926.106498769 8072017.903466369 21689047.44208323 20794359.681924 0 3.436687495362593 1 30 17896214.1836729 -10227551.944618769 16600519.79782046 20695030.272723947 0 3.4240289328145854 1
SOLVE 21 1473458162.0 4426042.985436287 -89428.54606410307 4576297.5278334515 -12524.517386578758 4294967295 4294967295 0 9 3 -5978012.949422831 -15677243.646040097 20571581.888143655 24626336.597641278 0 16.264296366236373 1 4 3745907.899684562 23316493.43954429 11965426.564697186 24541474.642825264 0 16.26340098265086 1 15 3196249.8966741823 -21071442.909591354 15173195.367739229 23525776.146985877 0 9.96985039212801 1 17 25194197.543766446 6394392.645680659 6246761.175928735 21808259.995252647 0 4.223279862431674 1 24 16869412.610300884 18709558.704045173 8566257.295886192 22881997.749674175 0 6.114050502691745 1 25 10690560.731512671 -12158015.784366526 20751091.632397644 21118470.41670582 0 3.920016324741201 1 27 24412197.877277356 -5360000.363389533 9024401.699163899 21130108.82933399 0 3.703595056432527 1 28 12996244.19605889 8074206.945041639 21689223.52813821 20794818.762899738 0 3.4369410367478817 1 30 17898346.70989459 -10227182.746614998 16598513.315485852 20695220.181349747 0 3.424031047933585 1
SOLVE 22 1473458163.0 4426043.126942328 -89428.47960953924 4576297.621292416 -12376.035060594884 4294967295 4294967295 0 9 3 -5976411.071352861 -15679302.689734219 20570458.49053045 24626382.158317223 0 16.263054768104684 1 4 3744998.918673221 23315231.782810867 11968132.13619741 24541260.132789504 0 16.258354187118623 1 15 3197215.8982985555 -21069655.404249303 15175457.992253495 23525299.61137809 0 9.96638416532082 1 17 25193404.615142968 6394543.512929087 6249806.820581846 21807931.811236188 0 4.2227395468645454 1 24 16869690.498226702 18710684.39077023 8563390.041021764 22882721.975786064 0 6.1152334569865205 1 25 10692088.109940885 -12155772.456748787 20751653.59691211 21118220.699832354 0 3.919595492025056 1 27 24413332.161581382 -5359706.716380475 9021509.182212146 21130647.88814396 0 3.703945546009063 1 28 12994562.39742919 8076396.102249204 21689399.15184486 20795277.893602505 0 3.4371946857170044 1 30 17900479.000828385 -10226813.69402113 16596506.475745125 20695410.283771664 0 3.424033280318954 1
SOLVE 23 1473458164.0 4426043.327002595 -89428.50552252505 4576297.677198621 -12227.53899891714 4294967295 4294967295 0 9 3 -5974809.398041231 -15681361.7163882 20569334.65461243 24626427.904408045 0 16.261815023740354 1 4 3744089.6931069596 23313969.881770983 11970837.45054235 24541045.874057215 0 16.25331324206356 1 15 3198182.106466388 -21067867.682859976 15177720.27891263 23524822.886484098 0 9.962920013216253 1 17 25192611.316827517 6394694.396430864 6252852.334808353 21807603.77911278 0 4.2221994434212515 1 24 16869968.282993 18711809.74030214 8560522.605613764 22883446.267799146 0 6.116417061501994 1 25 10693615.638316918 -12153529.151362691 20752215.107603557 21117971.095204778 0 3.9191747719145065 1 27 24414466.1001615 -5359413.149340071 9018616.472882904 21131186.953102097 0 3.7042961379995547 1 28 12992880.709851291 8078585.376081091 21689574.313282453 20795737.131524578 0 3.4374484701053887 1 30 17902611.055403545 -10226444.786985772 16594499.279600002 20695600.449298996 0 3.4240355762751 1
SOLVE 24 1473458165.0 4426043.272255913 -89428.47854591279 4576297.595193053 -12079.29229501916 4294967295 4294967295 0 9 3 -5973207.929129135 -15683420.726429528 20568210.38014471 24626473.485291634 0 16.26057570047894 1 4 3743180.222964061 23312707.73647992 11973542.507673385 24540831.42219603 0 16.24827466458966 1 15 3199148.5209614784 -21066079.74590974 15179982.227126656 23524346.13784316 0 9.959457956669358 1 17 25191817.649024587 6394845.296199867 6255897.7178186355 21807275.771993626 0 4.22165957571261 1 24 16870245.964680772 18712934.75317642 8557654.988356484 22884170.448509786 0 6.117601031620075 1 25 10695143.317340646 -12151285.867199128 20752776.164728906 21117721.499955192 0 3.9187541640359504 1 27 24415599.692446854 -5359119.662364571 9015723.57261701 21131726.226795606 0 3.7046469154499757 1 28 12991199.13417081 8080774.765441345 21689749.012363017 20796196.42016079 0 3.4377022985438157 1 30 17904742.874073718 -10226076.025394894 16592491.726616884 20695790.724173736 0 3.424037983579382 1
SOLVE 25 1473458166.0 4426043.214934282 -89428.42761626471 4576297.625428942 -11930.924883565287 4294967295 4294967295 0 9 3 -5971606.665402799 -15685479.718813146 20567085.667686563 24626519.47450516 0 16.259337903054742 1 4 3742270.5082232105 23311445.346992828 11976247.30753193 24540616.957065526 0 16.243240042043464 1 15 3200115.1422604052 -21064291.59260587 15182243.837923462 23523869.520509016 0 9.955998343864344 1 17 25191023.61137006 6394996.212361288 6258942.971001297 21806947.914004065 0 4.22111999341012 1 24 16870523.54317135 18714059.429124583 8554787.189995173 22884894.77836582 0 6.118785553274471 1 25 10696671.14625677 -12149042.605386848 20753336.768009763 21117471.976214368 0 3.918333693659759 1 27 24416732.938948695 -5358826.255266456 9012830.480096452 21132265.750686128 0 3.704997895891514 1 28 12989517.669628672 8082964.27132335 21689923.249165397 20796655.82050696 0 3.437956196596732 1 30 17906874.45729396 -10225707.40913179 16590483.816361792 20695981.19954518 0 3.424040508510213 1
SOLVE 26 1473458167.0 4426043.108480286 -89428.47537601083 4576297.482966473 -11782.623736434725 4294967295 4294967295 0 9 3 -5970005.606121899 -15687538.694457345 20565960.516724896 24626565.36907593 0 16.258101457924592 1 4 3741360.5488645076 23310182.713364687 11978951.85005938 24540402.698829025 0 16.238210832246747 1 15 3201081.9701476223 -21062503.223434605 15184505.110713033 23523392.963315587 0 9.952540568699085 1 17 25190229.204257548 6395147.14489403 6261988.09284071 21806620.21397319 0 4.220580591556599 1 24 16870801.01841377 18715183.768145133 8551919.210591402 22885619.20416554 0 6.1199706617090515 1 25 10698199.125765614 -12146799.364916455 20753896.917702608 21117222.50434014 0 3.91791331857644 1 27 24417865.839096807 -5358532.928140393 9009937.196762307 21132805.299084745 0 3.705348956380503 1 28 12987836.317070665 8085153.892630548 21690097.023602087 20797115.42517259 0 3.4382102284484084 1 30 17909005.803993568 -10225338.93834542 16588475.549837012 20696171.884820703 0 3.4240430853985933 1
SOLVE 27 1473458168.0 4426043.206247154 -89428.43565560225 4576297.661571189 -11634.111419406527 4294967295 4294967295 0 9 3 -5968404.752072346 -15689597.652317122 20564834.927819412 24626611.586485136 0 16.25686821411932 1 4 3740450.34486505 23308919.835650954 11981656.135197151 24540188.40660754 0 16.233185662700812 1 15 3202049.0044079213 -21060714.63888229 15186766.044905672 23522916.553930897 0 9.949085951873737 1 17 25189434.42732251 6395298.093923685 6265033.084725371 21806292.58725954 0 4.220041487799268 1 24 16871078.390354615 18716307.770238835 8549051.050206786 22886343.646958195 0 6.121156316686144 1 25 10699727.255111858 -12144556.14691657 20754456.61352953 21116973.081759907 0 3.9174931490004603 1 27 24418998.393402185 -5358239.680798799 9007043.72129639 21133344.92413077 0 3.705700254051098 1 28 12986155.075737242 8087343.630357316 21690270.335751507 20797574.9322523 0 3.4384643227239513 1 30 17911136.914627776 -10224970.612918833 16586466.926608667 20696362.610436365 0 3.424045817621645 1
SOLVE 28 1473458169.0 4426043.282668641 -89428.41065332651 4576297.72710289 -11485.669575337663 4294967295 4294967295 0 9 3 -5966804.102895707 -15691656.592819808 20563708.900725145 24626657.81210298 0 16.255637072297027 1 4 3739539.8962051603 23307656.713906575 11984360.162886651 24539974.387836322 0 16.228164867138485 1 15 3203016.2455168776 -21058925.838156126 15189026.641528793 23522440.145001266 0 9.945633623722571 1 17 25188639.280959163 6395449.059428207 6268077.94513979 21805964.994007118 0 4.219502558439059 1 24 16871355.658943363 18717431.43540382 8546182.708902925 22887068.11984228 0 6.122342441203807 1 25 10701255.534995424 -12142312.950378247 20755015.85574658 21116723.69822819 0 3.917073120926395 1 27 24420130.601294722 -5357946.513337459 9004150.055139938 21133884.598837156 0 3.7060516645994253 1 28 12984473.946073618 8089533.483928496 21690443.18556777 20798034.539810065 0 3.4387185222550105 1 30 17913267.78964978 -10224602.432738349 16584457.946242575 20696553.530901235 0 3.424048637047874 1
SOLVE 29 1473458170.0 4426043.34481231 -89428.42414271507 4576297.840273824 -11337.20126944024 4294967295 4294967295 0 9 3 -5965203.658232843 -15693715.51639309 20562582.4351967 24626704.478345912 0 16.25440708800355 1 4 3738629.2028636266 23306393.348186746 11987063.93306931 24539760.308237623 0 16.22314881083639 1 15 3203983.6932594595 -21057136.8217424 15191286.899992652 23521963.61994749 0 9.942183419774612 1 17 25187843.764803186 6395600.041531164 6271122.675472343 21805637.413050503 0 4.218963902677932 1 24 16871632.82412825 18718554.763639383 8543314.186741441 22887792.761939492 0 6.123529190802902 1 25 10702783.964660184 -12140069.776430642 20755574.644076303 21116474.348211236 0 3.916653201242291 1 27 24421262.46328473 -5357653.425570478 9001256.196974609 21134424.52874515 0 3.7064032435709695 1 28 12982792.928523676 8091723.452770759 21690615.573005423 20798494.249565244 0 3.4389728167306153 1 30 17915398.42798992 -10224234.397951536 16582448.609741528 20696744.51000795 0 3.424051546416517 1
SOLVE 30 1473458171.0 4426043.221677413 -89428.43641343087 4576297.770437319 -11188.98124132732 4294967295 4294967295 0 9 3 -5963603.4188701045 -15695774.421991654 20561455.531794447 24626750.672285795 0 16.25317799996712 1 4 3737718.2648195988 23305129.738546632 11989767.44568654 24539546.12990902 0 16.218136133677746 1 15 3204951.34741925 -21055347.590127785 15193546.819707809 23521487.0443612 0 9.938735224096948 1 17 25187047.87905918 6395751.040247159 6274167.274933506 21805309.944217097 0 4.218425443907038 1 24 16871909.885858025 18719677.754944354 8540445.483783925 22888517.25644816 0 6.124716359590788 1 25 10704312.544806518 -12137826.62406455 20756132.978774346 21116225.080730457 0 3.916233392302182 1 27 24422393.97880257 -5357360.41759306 8998362.148241805 21134964.492613558 0 3.7067549596135794 1 28 12981112.022329645 8093913.537875998 21690787.498142254 20798954.01059885 0 3.4392271898589026 1 30 17917528.830101684 -10223866.5084443 16580438.916671447 20696935.550445035 0 3.4240545445386235 1
SOLVE 31 1473458172.0 4426043.225641608 -89428.50197111478 4576297.774484749 -11040.756248194928 4294967295 4294967295 0 9 3 -5962003.384448437 -15697833.310043113 20560328.190273136 24626796.841898367 0 16.251951267342594 1 4 3736807.082051988 23303865.885041434 11992470.700679785 24539331.997609265 0 16.213129047478773 1 15 3205919.2084734202 -21053558.142518993 15195806.401701238 23521010.449936733 0 9.935289395790374 1 17 25186251.62393144 6395902.05559355 6277211.742733941 21804982.505042505 0 4.21788721947037 1 24 16872186.84401409 18720800.40905117 8537576.600776056 22889241.735413168 0 6.125904175925326 1 25 10705841.274678659 -12135583.49440861 20756690.859563693 21115975.79599796 0 3.9158137223412544 1 27 24423525.148088977 -5357067.489287366 8995467.908313105 21135504.392320793 0 3.7071068098172035 1 28 12979431.228335753 8096103.738149306 21690958.960891914 20799413.756048612 0 3.4394816854113346 1 30 17919658.99643995 -10223498.764099846 16578428.866597908 20697126.55352044 0 3.4240576284212776 1
SOLVE 32 1473458173.0 4426043.075515492 -89428.43551772331 4576297.732559069 -10892.763905421285 4294967295 4294967295 0 9 3 -5960403.554609482 -15699892.180974858 20559200.41038707 24626843.198890094 0 16.250726254757915 1 4 3735895.6547562815 23302601.788027897 11995173.69734606 24539117.805315163 0 16.208123683251333 1 15 3206887.276205195 -21051768.479402736 15198065.645383433 23520533.597376816 0 9.931846234184365 1 17 25185454.999055494 6396053.0876925355 6280256.080261829 21804655.064687517 0 4.217349213531102 1 24 16872463.698676962 18721922.726494297 8534707.536411405 22889965.98254723 0 6.127092261292275 1 25 10707370.15497696 -12133340.386453765 20757248.286699593 21115726.495012753 0 3.9153942253058247 1 27 24424655.971383482 -5356774.640539798 8992573.47655991 21136044.31095793 0 3.7074588691284607 1 28 12977750.545784133 8098294.054583007 21691129.961331774 20799873.369662587 0 3.4397362074356956 1 30 17921788.9259343 -10223131.165067486 16576418.460524224 20697317.695029326 0 3.42406085923136 1
SOLVE 33 1473458174.0 4426043.210582706 -89428.46060163093 4576297.746871077 -10744.405665461505 4294967295 4294967295 0 9 3 -5958803.930138876 -15701951.033741737 20558072.192697294 24626889.93098184 0 16.249504972835194 1 4 3734983.98247806 23301337.446958262 11997876.436915696 24538904.15228913 0 16.203125158100615 1 15 3207855.5503997756 -21049978.601265572 15200324.550165242 23520057.202401973 0 9.928405624501977 1 17 25184658.00482551 6396204.136525902 6283300.286001986 21804327.82490742 0 4.216811377819101 1 24 16872740.449728455 18723044.7070057 8531838.291435603 22890690.55147863 0 6.128281026904462 1 25 10708899.18494557 -12131097.301328547 20757805.259905476 21115477.378401067 0 3.9149748959358517 1 27 24425786.448117923 -5356481.871441167 8989678.854423888 21136584.367057137 0 3.707811001374998 1 28 12976069.97551916 8100484.486081596 21691300.499375924 20800333.30556436 0 3.4399908951485076 1 30 17923918.619039863 -10222763.711230041 16574407.698016083 20697509.125879936 0 3.424064159640502 1
SOLVE 34 1473458175.0 4426043.345884493 -89428.46382110284 4576297.788111457 -10595.979406694014 4294967295 4294967295 0 9 3 -5957204.510677706 -15704009.868771343 20556943.536958244 24626937.012667775 0 16.248285645012846 1 4 3734072.0654130005 23300072.862189207 12000578.918685675 24538690.708695374 0 16.19813058186616 1 15 3208824.031533328 -21048188.507314123 15202583.117073158 23519580.87501249 0 9.924967465676591 1 17 25183860.640876725 6396355.20221573 6286344.361342505 21804000.69793386 0 4.216273776039354 1 24 16873017.097117167 18724166.350584425 8528968.865910266 22891415.151134674 0 6.12947029073363 1 25 10710428.365285268 -12128854.238023657 20758361.77943618 21115228.387997266 0 3.914555714951117 1 27 24426916.578801367 -5356189.18180785 8986784.040586293 21137124.66997959 0 3.708163302740153 1 28 12974389.516782956 8102675.033637661 21691470.575101342 20800793.374373864 0 3.440245663974336 1 30 17926048.075702146 -10222396.402561124 16572396.579118358 20697700.697456118 0 3.4240675707739388 1
SOLVE 35 1473458176.0 4426043.452929963 -89428.50079400637 4576297.827007237 -10447.646240206726 4294967295 4294967295 0 9 3 -5955605.295867489 -15706068.68649112 20555814.442923967 24626983.8206973 0 16.247067617391572 1 4 3733159.903540514 23298808.03377589 12003281.142597433 24538477.063477054 0 16.193140581453484 1 15 3209792.7193901385 -21046398.19803506 15204841.345517965 23519104.404647123 0 9.921531427855781 1 17 25183062.90741407 6396506.284777349 6289388.305494055 21803673.587144524 0 4.215736422371944 1 24 16873293.6407917 18725287.657229498 8526099.259897009 22892139.892053824 0 6.130660140303856 1 25 10711957.695239076 -12126611.197668433 20758917.84501559 21114979.40819454 0 3.914136647487461 1 27 24428046.362865314 -5355896.571733772 8983889.036488997 21137664.961725555 0 3.7085157583211874 1 28 12972709.170019643 8104865.69667712 21691640.188462954 20801253.415255275 0 3.4405005298414024 1 30 17928177.296374846 -10222029.23894573 16570385.103396328 20697892.33603364 0 3.424071070068514 1
SOLVE 36 1473458177.0 4426043.478053748 -89428.52699752356 4576297.916351293 -10299.303828336353 4294967295 4294967295 0 9 3 -5954006.2864933135 -15708127.485856034 20554684.911156148 24627030.879973795 0 16.24585047610831 1 4 3732247.4968393166 23297542.96177357 12005983.108592441 24538263.57345747 0 16.188154293692897 1 15 3210761.613754046 -21044607.673915338 15207099.23491076 23518627.990657385 0 9.918097582690166 1 17 25182264.804642852 6396657.38422602 6292432.117667447 21803346.62488193 0 4.215199354943893 1 24 16873570.080700215 18726408.626940392 8523229.473457506 22892864.617882334 0 6.131850539747936 1 25 10713487.175508413 -12124368.179253131 20759473.45689812 21114730.468588565 0 3.913717694376859 1 27 24429175.80081887 -5355604.0410337215 8980993.840813074 21138205.50474635 0 3.708868414063169 1 28 12971028.935672978 8107056.474626173 21691809.339416154 20801713.561109573 0 3.4407554623980023 1 30 17930306.279988833 -10221662.220531464 16568373.27185401 20698084.098570075 0 3.4240746781012272 1
SOLVE 37 1473458178.0 4426043.425834448 -89428.55059382181 4576298.009326148 -10150.859407422466 4294967295 4294967295 0 9 3 -5952407.482196801 -15710186.267293464 20553554.941408962 24627078.08490573 0 16.24463442697913 1 4 3731334.845288621 23296277.646237478 12008684.816612158 24538050.128578108 0 16.183171845529614 1 15 3211730.7151018144 -21042816.9341612 15209356.786277588 23518151.687176783 0 9.914665915287198 1 17 25181466.33219746 6396808.500685309 6295475.799250548 21803019.94515019 0 4.214662546861065 1 24 16873846.416791037 18727529.259716436 8520359.50665333 22893589.582117185 0 6.133041470862579 1 25 10715016.805336008 -12122125.183907188 20760028.614808124 21114481.718819775 0 3.913298859178331 1 27 24430304.892093923 -5355311.589801448 8978098.455000594 21138746.276135344 0 3.709221248578071 1 28 12969348.812985161 8109247.368477606 21691978.028037265 20802173.89345306 0 3.4410104707844655 1 30 17932435.026997842 -10221295.34720334 16566361.084056789 20698276.18328886 0 3.4240783884569006 1
SOLVE 38 1473458179.0 4426043.438031817 -89428.5600761305 4576297.896231066 -10002.568647746884 4294967295 4294967295 0 9 3 -5950808.882620275 -15712245.031230588 20552424.53343614 24627125.320925944 0 16.243422080662526 1 4 3730421.948867798 23295012.0872228 12011386.266598053 24537836.87560854 0 16.178193721566426 1 15 3212700.0232169046 -21041025.979259614 15211613.999029474 23517675.360131428 0 9.911236892418765 1 17 25180667.49047336 6396959.634135528 6298519.348728545 21802693.139730297 0 4.214125811964181 1 24 16874122.64894639 18728649.5552901 8517489.360230498 22894314.382670987 0 6.1342327406803046 1 25 10716546.585423036 -12119882.210621167 20760583.3189996 21114233.039925348 0 3.9128802194579273 1 27 24431433.637199428 -5355019.217851108 8975202.87773244 21139287.01007006 0 3.7095741411368977 1 28 12967668.802800758 8111438.377134817 21692146.254241537 20802634.286624715 0 3.441265602242739 1 30 17934563.537855424 -10220928.61884653 16564348.539569693 20698468.31040883 0 3.424082189438698 1
SOLVE 39 1473458180.0 4426043.348957526 -89428.50429011964 4576297.871079027 -9854.275494931764 4294967295 4294967295 0 9 3 -5949210.488547872 -15714303.776622614 20551293.687800027 24627172.736739144 0 16.24221072677365 1 4 3729508.8075552257 23293746.284784894 12014087.458491601 24537623.56343242 0 16.17321846280161 1 15 3213669.5378833953 -21039234.809697617 15213870.872577803 23517199.012415014 0 9.907810262540634 1 17 25179868.27910479 6397110.78469948 6301562.767489178 21802366.469999555 0 4.213589373941496 1 24 16874398.77724624 18729769.514195025 8514619.032882022 22895039.193270866 0 6.135424490187679 1 25 10718076.515012577 -12117639.260524038 20761137.56919735 21113984.466566622 0 3.912461713068637 1 27 24432562.035567522 -5354726.925276856 8972307.110450886 21139828.010920003 0 3.7099272656962294 1 28 12965988.90436161 8113629.501591415 21692314.01810487 20803094.712181073 0 3.4415207751284616 1 30 17936691.81149291 -10220562.035608133 16562335.63939728 20698660.548090596 0 3.424086122178014 1
SOLVE 40 1473458181.0 4426043.288335401 -89428.47137063426 4576297.870307675 -9705.855019129136 4294967295 4294967295 0 9 3 -5947612.299621254 -15716362.503896937 20550162.40425452 24627220.32013753 0 16.24100122232495 1 4 3728595.421330581 23292480.238978926 12016788.392234279 24537410.328935463 0 16.16824787159499 1 15 3214639.2595787393 -21037443.424681123 15216127.407948144 23516722.79707867 0 9.904385916817768 1 17 25179068.698487673 6397261.95235727 6304606.054017758 21802040.126953416 0 4.213053171552219 1 24 16874674.80157306 18730889.13616344 8511748.525353828 22895764.14405495 0 6.136616816145977 1 25 10719606.594806453 -12115396.332605908 20761691.365654964 21113736.06856323 0 3.912043339051198 1 27 24433690.087438017 -5354434.711962326 8969411.1525271 21140369.07488453 0 3.710280540932966 1 28 12964309.118512018 8115820.740750885 21692481.319542993 20803555.29298809 0 3.4417760488114086 1 30 17938819.84836421 -10220195.59737274 16560322.383104702 20698853.046562098 0 3.4240901488037134 1
SOLVE 41 1473458182.0 4426043.251798234 -89428.4820648944 4576297.910920704 -9557.431165418053 4294967295 4294967295 0 9 3 -5946014.315482055 -15718421.213481009 20549030.682553064 24627268.02367317 0 16.239793248685736 1 4 3727681.7901730807 23291213.949860137 12019489.067767572 24537197.43067612 0 16.163282207121267 1 15 3215609.188086796 -21035651.824697163 15218383.604551809 23516246.52762452 0 9.900963735686725 1 17 25178268.748255722 6397413.137232462 6307649.2097019395 21801713.748748392 0 4.21251722337186 1 24 16874950.721875206 18732008.421194673 8508877.837707577 22896489.19817454 0 6.137809770195566 1 25 10721136.824047206 -12113153.427996054 20762244.708097693 21113487.627023596 0 3.9116250825386354 1 27 24434817.793050207 -5354142.577792036 8966515.003332151 21140910.282377984 0 3.710633970524059 1 28 12962629.444494266 8118012.095606363 21692648.15863136 20804015.93244484 0 3.442031427233826 1 30 17940947.64892283 -10219829.304025358 16558308.770256752 20699045.63495427 0 3.424094262906417 1
SOLVE 42 1473458183.0 4426043.435940732 -89428.39962006354 4576297.983862282 -9408.901917913588 4294967295 4294967295 0 9 3 -5944416.5369156 -15720479.904329494 20547898.523258667 24627315.94528418 0 16.238590119340994 1 4 3726767.914061169 23289947.417483903 12022189.48503297 24536984.596929662 0 16.158320500163402 1 15 3216579.323190365 -21033860.01023313 15220639.461800426 23515770.55263137 0 9.89754484600787 1 17 25177468.428614188 6397564.339341872 6310692.233752625 21801387.3315328 0 4.211981394043901 1 24 16875226.538099993 18733127.369289014 8506006.970004901 22897214.21108566 0 6.139003059055135 1 25 10722667.203071658 -12110910.546219537 20762797.596646957 21113239.29723763 0 3.911207078284009 1 27 24435945.15183711 -5353850.522858435 8963618.664308546 21141451.47933032 0 3.710987521943658 1 28 12960949.883152232 8120203.5650616875 21692814.53528616 20804476.597093508 0 3.442286903857636 1 30 17943075.21210053 -10219463.155712834 16556294.801858518 20699238.371946122 0 3.424098513375101 1
SOLVE 43 1473458184.0 4426043.512331724 -89428.41007979812 4576298.1183310235 -9260.394589624244 4294967295 4294967295 0 9 3 -5942818.963562508 -15722538.576870155 20546765.92612493 24627363.962333165 0 16.23738661135704 1 4 3725853.7929748995 23288680.64190536 12024889.643971974 24536771.8653177 0 16.15336377536616 1 15 3217549.6653679116 -21032067.980494525 15222894.98071911 23515294.2626649 0 9.894127560177958 1 17 25176667.73976958 6397715.558698804 6313735.125380839 21801061.062840115 0 4.21144590330897 1 24 16875502.250197116 18734245.980444655 8503135.922307445 22897939.449015412 0 6.140197104870519 1 25 10724197.732216915 -12108667.686801305 20763350.031423748 21112990.983633492 0 3.9107891220460704 1 27 24437072.16430647 -5353558.546977911 8960722.134136746 21141992.8493772 0 3.7113412640177423 1 28 12959270.433728639 8122395.150109509 21692980.449582454 20804937.320364174 0 3.442542474390865 1 30 17945202.53835055 -10219097.15232062 16554280.477474924 20699431.201064676 0 3.4241028352476275 1
SOLVE 44 1473458185.0 4426043.511189813 -89428.35772696714 4576298.018485835 -9112.05217839479 4294967295 4294967295 0 9 3 -5941221.595065683 -15724597.23153003 20545632.890905015 24627412.11468799 0 16.236185914908035 1 4 3724939.4268931136 23287413.62317983 12027589.544526078 24536559.193070184 0 16.148410025718498 1 15 3218520.214401561 -21030275.735968806 15225150.160719441 23514817.92499731 0 9.890712822571142 1 17 25175866.681355033 6397866.795427192 6316777.8859741045 21800734.827552 0 4.210910511784316 1 24 16875777.858114492 18735364.25466139 8500264.694676904 22898664.580702398 0 6.141391404615083 1 25 10725728.410724325 -12106424.850871421 20763902.012153994 21112742.80786313 0 3.9103713492811223 1 27 24438198.829891317 -5353266.650244304 8957825.414259484 21142534.24725641 0 3.711695105021988 1 28 12957591.096667469 8124586.850175144 21693145.901476253 20805398.134573475 0 3.4427981299588644 1 30 17947329.628125686 -10218731.293734917 16552265.796670537 20699624.25458176 0 3.4241072643342965 1
SOLVE 45 1473458186.0 4426043.447560728 -89428.35518626269 4576298.040510991 -8963.625757107697 4294967295 4294967295 0 9 3 -5939624.432208411 -15726655.867264407 20544499.418162595 24627460.428500146 0 16.234985397804003 1 4 3724024.8157949336 23286146.361362617 12030289.186636798 24536346.47957424 0 16.14346087076641 1 15 3219490.970075964 -21028483.277143206 15227405.001213312 23514341.814647302 0 9.88729997894154 1 17 25175065.253767572 6398018.049506522 6319820.514017974 21800408.871487185 0 4.210375459823322 1 24 16876053.36173485 18736482.191672098 8497393.287859537 22899389.80064663 0 6.14258641671912 1 25 10727259.239296868 -12104182.037419274 20764453.539090272 21112494.61647616 0 3.909953653268975 1 27 24439325.149099585 -5352974.832471724 8954928.503357068 21143075.850646928 0 3.7120491562072786 1 28 12955911.872411776 8126778.664685081 21693310.89092404 20805859.094543353 0 3.4430538666890587 1 30 17949456.480358582 -10218365.580101304 16550250.760450963 20699817.458326787 0 3.424111784972809 1
SOLVE 46 1473458187.0 4426043.334658785 -89428.31766744323 4576298.059260659 -8815.256370933974 4294967295 4294967295 0 9 3 -5938027.474632905 -15728714.484500516 20543365.50765096 24627508.698691435 0 16.233786584906284 1 4 3723109.959659399 23284878.85650903 12032988.570245638 24536133.975414786 0 16.13851520345787 1 15 3220461.9328681733 -21026690.603223197 15229659.503225379 23513865.51328139 0 9.8838895182636 1 17 25174263.456640024 6398169.321060633 6322863.010899836 21800082.948351625 0 4.209840639237567 1 24 16876328.76113755 18737599.79200958 8494521.70054781 22900115.08869218 0 6.143781893836047 1 25 10728790.21717619 -12101939.247574473 20765004.61195895 21112246.51330211 0 3.9095361018562844 1 27 24440451.12136474 -5352683.09375369 8952031.402872402 21143617.54671824 0 3.7124033825888505 1 28 12954232.760204148 8128970.594632553 21693475.418000247 20806320.039422594 0 3.443309675001709 1 30 17951583.095502358 -10218000.011305388 16548235.368380891 20700010.81897077 0 3.424116419311885 1
SOLVE 47 1473458188.0 4426043.279820463 -89428.34384885669 4576298.043798076 -8666.994177393479 4294967295 4294967295 0 9 3 -5936430.721981133 -15730773.083665716 20542231.159123015 24627557.05937112 0 16.232589841709398 1 4 3722194.858466275 23283611.10867429 12035687.695294114 24535921.299289677 0 16.133574860711843 1 15 3221433.102561873 -21024897.71469613 15231913.666167477 23513389.280056592 0 9.880481219319973 1 17 25173461.290369686 6398320.610069272 6325905.375105441 21799756.95151346 0 4.209306021127447 1 24 16876604.056205362 18738717.0554066 8491649.933487965 22900840.290194944 0 6.144977979306642 1 25 10730321.34506462 -12099696.480327105 20765555.231012188 21111998.292869367 0 3.9091186771462803 1 27 24441576.746926077 -5352391.433973971 8949134.112176385 21144159.230510928 0 3.712757719734195 1 28 12952553.760888478 8131162.638920549 21693639.482622173 20806781.026188146 0 3.4435656097987026 1 30 17953709.47350352 -10217634.587319074 16546219.620505286 20700204.11317035 0 3.4241211279757526 1
SOLVE 48 1473458189.0 4426043.327201979 -89428.3094970576 4576298.204896598 -8518.58040120407 4294967295 4294967295 0 9 3 -5934834.175036954 -15732831.663714996 20541096.37314308 24627605.44886655 0 16.23139570402767 1 4 3721279.5121937417 23282343.117913876 12038386.56172376 24535708.896559536 0 16.128638353254697 1 15 3222404.4789401083 -21023104.61204967 15234167.48945178 23512913.118511975 0 9.87707570534589 1 17 25172658.75458895 6398471.916656799 6328947.608022002 21799431.151322227 0 4.208771666339871 1 24 16876879.246885788 18739833.981863428 8488777.986741671 22901565.4482701 0 6.146174584112206 1 25 10731852.622204358 -12097453.736806115 20766105.39597682 21111750.284154456 0 3.9087014311879122 1 27 24442702.026022494 -5352099.853016855 8946236.630639764 21144701.04728182 0 3.7131122635675773 1 28 12950874.87370685 8133354.79854335 21693803.084863856 20807242.015817568 0 3.4438216144228706 1 30 17955835.61481542 -10217269.308027213 16544203.516388416 20700397.45769812 0 3.4241259721475696 1
SOLVE 49 1473458190.0 4426043.393496775 -89428.31434188597 4576298.24615242 -8370.200364942752 4294967295 4294967295 0 9 3 -5933237.833442547 -15734890.22507563 20539961.149464145 24627654.24587186 0 16.230203876731583 1 4 3720363.9208220653 23281074.884282928 12041085.169476083 24535496.650613256 0 16.12370664182633 1 15 3223376.062480691 -21021311.29448889 15236420.974102477 23512436.925618485 0 9.873672409278207 1 17 25171855.849695828 6398623.240801701 6331989.708135398 21799105.36170809 0 4.2082374720411675 1 24 16877154.333127946 18740950.57137879 8485905.8603706 22902290.692292284 0 6.147371698382109 1 25 10733384.04929704 -12095211.016002312 20766655.10710457 21111502.29774562 0 3.9082843253956656 1 27 24443826.958087873 -5351808.3509761 8943338.959705753 21145242.937175293 0 3.71346690133 1 28 12949196.099503614 8135547.072402889 21693966.224643055 20807703.15339808 0 3.444077740802328 1 30 17957961.518370062 -10216904.173577107 16542187.05703661 20700590.999317206 0 3.424130893615497 1
SOLVE 50 1473458191.0 4426043.398693999 -89428.30252997094 4576298.183650761 -8221.82352711879 4294967295 4294967295 0 9 3 -5931641.696839984 -15736948.768174931 20538825.487838853 24627702.89692942 0 16.229013959930963 1 4 3719448.0843301355 23279806.407836817 12043783.518492637 24535284.31623509 0 16.118778592383855 1 15 3224347.852734779 -21019517.762929063 15238674.118994515 23511960.98611703 0 9.870271410716406 1 17 25171052.57532263 6398774.582627278 6335031.676832731 21798779.69042369 0 4.207703461638347 1 24 16877429.314880136 18742066.823952235 8483033.554436428 22903016.049036022 0 6.148569243435885 1 25 10734915.625584297 -12092968.319044983 20767204.364122756 21111254.483835865 0 3.907867364365519 1 27 24444951.543629117 -5351516.927667318 8940441.09805418 21145785.034191415 0 3.713821674881753 1 28 12947517.437521407 8137739.461492793 21694128.902033374 20808164.480235558 0 3.4443339545495104 1 30 17960087.184620477 -10216539.183854293 16540170.242014231 20700784.74973795 0 3.424135914670239 1
SOLVE 51 1473458192.0 4426043.4583251625 -89428.25832756679 4576298.087432074 -8073.429017174928 4294967295 4294967295 0 9 3 -5930045.766012941 -15739007.291967865 20537689.38883216 24627751.80264028 0 16.227826939627285 1 4 3718532.0026969723 23278537.68863093 12046481.608714951 24535072.2521447 0 16.11385452179341 1 15 3225319.8501806115 -21017724.01657507 15240926.925151784 23511485.09185788 0 9.866873021822517 1 17 25170248.93167568 6398925.9421497425 6338073.513325239 21798454.116307694 0 4.207169621981896 1 24 16877704.19209022 18743182.739583712 8480161.069000859 22903741.308625154 0 6.149767220058665 1 25 10736447.351768682 -12090725.644924253 20767753.167282682 21111006.810091518 0 3.9074505811641838 1 27 24446075.782080755 -5351225.583182792 8937543.047128458 21146327.218882352 0 3.714176580803385 1 28 12945838.888603618 8139931.964716214 21694291.116953056 20808625.895864293 0 3.444590263430915 1 30 17962212.614019945 -10216174.338743554 16538153.070885308 20700978.614636835 0 3.424141045594702 1
SOLVE 52 1473458193.0 4426043.39863552 -89428.29179656117 4576297.9601833215 -7925.155178662814 4294967295 4294967295 0 9 3 -5928450.040602801 -15741065.796882007 20536552.85219679 24627800.984583765 0 16.22664001391864 1 4 3717615.675902486 23277268.72672049 12049179.440084571 24534860.015325256 0 16.10893512275991 1 15 3226292.054601787 -21015930.055914506 15243179.391986566 23511009.079106502 0 9.863476304690861 1 17 25169444.918962136 6399077.319383339 6341115.216824277 21798128.70631669 0 4.206636065609375 1 24 16877978.964641843 18744298.31800608 8477288.404810458 22904466.551393867 0 6.150965865061824 1 25 10737979.227091877 -12088482.99476916 20768301.5163121 21110759.053101532 0 3.9070338637434747 1 27 24447199.67368143 -5350934.317407911 8934644.80629927 21146869.46272332 0 3.7145316482312642 1 28 12944160.451993197 8142124.5830665175 21694452.86947526 20809087.391865507 0 3.4448466704867364 1 30 17964337.80550111 -10215809.638391482 16536135.544656696 20701172.553766202 0 3.4241462469233745 1
SOLVE 53 1473458194.0 4426043.3093843255 -89428.23037469856 4576297.978001536 -7776.878693198342 4294967295 4294967295 0 9 3 -5926854.520251957 -15743124.283344567 20535415.87768508 24627850.127579607 0 16.22545479907215 1 4 3716699.1039246903 23275999.52216104 12051877.012543043 24534648.10028737 0 16.104018462539628 1 15 3227264.4657807257 -21014135.88143535 15245431.51891146 23510532.999430615 0 9.860082233836343 1 17 25168640.53681351 6399228.714452657 6344156.788716759 21797803.303063154 0 4.206102797164648 1 24 16878253.63261332 18745413.559751764 8474415.56055715 22905191.79030742 0 6.152164967465924 1 25 10739511.252256442 -12086240.367569955 20768849.41146193 21110511.320715647 0 3.9066173084256453 1 27 24448323.218669705 -5350643.130226856 8931746.374937166 21147411.873001847 0 3.714886956462676 1 28 12942482.128533123 8144317.315447158 21694614.159518678 20809548.801343754 0 3.445103115766582 1 30 17966462.759517256 -10215445.082682963 16534117.662892532 20701366.629176885 0 3.424151594963086 1
SOLVE 54 1473458195.0 4426043.373782268 -89428.21105731613 4576298.000506435 -7628.546297181628 4294967295 4294967295 0 9 3 -5925259.205743875 -15745182.750310529 20534278.465862643 24627899.384677596 0 16.22427263538553 1 4 3715782.2867438677 23274730.075007774 12054574.326031934 24534436.147461593 0 16.099107238600535 1 15 3228237.084196097 -21012341.49234216 15247683.3069499 23510057.028198946 0 9.85669061828409 1 17 25167835.78562835 6399380.127337724 6347198.227488877 21797477.94732322 0 4.205569705687689 1 24 16878528.19588759 18746528.464554194 8471542.536987469 22905917.15716777 0 6.1533646515433515 1 25 10741043.426503936 -12083997.764455618 20769396.85246035 21110263.605127588 0 3.906200914556609 1 27 24449446.416480713 -5350352.021731483 8928847.754485803 21147954.190069746 0 3.7152423672626163 1 28 12940803.917466396 8146510.162851659 21694774.987156086 20810010.27005321 0 3.4453596939409237 1 30 17968587.476014923 -10215080.671589848 16532099.425637849 20701560.852047108 0 3.424157027551972 1
SOLVE 55 1473458196.0 4426043.490141271 -89428.29285645724 4576297.984919826 -7480.184010336191 4294967295 4294967295 0 9 3 -5923664.096720625 -15747241.19820715 20533140.616481945 24627948.967900835 0 16.22309215086353 1 4 3714865.224339713 23273460.385316003 12057271.38049279 24534224.28622659 0 16.09420177655851 1 15 3229209.9096309394 -21010546.889122784 15249934.755514435 23509581.027380437 0 9.853300953111596 1 17 25167030.66503825 6399531.558161537 6350239.534527478 21797152.694334347 0 4.205036829052331 1 24 16878802.654413484 18747643.032412525 8468669.33416312 22906642.65023411 0 6.154565014842774 1 25 10742575.750536852 -12081755.184416566 20769943.839557882 21110015.926398475 0 3.9057846253733333 1 27 24450569.267620612 -5350060.991737591 8925948.94362463 21148496.584201593 0 3.715597881542158 1 28 12939125.819236493 8148703.12470511 21694935.3523448 20810471.90182091 0 3.4456164102955547 1 30 17970711.955446757 -10214716.404997813 16530080.83245635 20701755.169291798 0 3.424162520313287 1
SOLVE 56 1473458197.0 4426043.520789335 -89428.33759632813 4576298.043238529 -7331.786564476063 4294967295 4294967295 0 9 3 -5922069.19320441 -15749299.626971139 20532002.32956645 24627998.50085521 0 16.22191262551501 1 4 3713947.9166905563 23272190.45314123 12059968.175867185 24534012.400966052 0 16.089299564581665 1 15 3230182.9418676076 -21008752.072265342 15252185.864017928 23509105.001983184 0 9.849913545028638 1 17 25166225.17544244 6399683.006902933 6353280.7083188705 21796827.62505808 0 4.204504242419133 1 24 16879077.00813903 18748757.26332661 8465795.952145794 22907368.314168386 0 6.155765903314631 1 25 10744108.223596318 -12079512.628581986 20770490.372483164 21109768.381684255 0 3.9053684599366822 1 27 24451691.771524467 -5349770.040338753 8923049.943797475 21149039.163721696 0 3.7159536130768265 1 28 12937447.8342864 8150896.200433095 21695095.25504262 20810933.572674565 0 3.445873181628069 1 30 17972836.19674584 -10214352.283053242 16528061.88435561 20701949.699845564 0 3.4241681335130765 1
SOLVE 57 1473458198.0 4426043.639732212 -89428.3314944361 4576298.237380405 -7183.2630588426455 4294967295 4294967295 0 9 3 -5920474.494837718 -15751358.037029697 20530863.60486811 24628048.25353345 0 16.22073566865793 1 4 3713030.3637755304 23270920.27853886 12062664.71209669 24533800.716440227 0 16.084401213859195 1 15 3231156.1813846976 -21006957.04097416 15254436.633483348 23508629.083404545 0 9.846528833150892 1 17 25165419.31647175 6399834.473686655 6356321.750249756 21796502.60834233 0 4.203971903610622 1 24 16879351.257012025 18749871.1572965 8462922.390997205 22908094.00724286 0 6.156967305708518 1 25 10745640.846385298 -12077270.095942006 20771036.451486293 21109520.96211862 0 3.904952468685435 1 27 24452813.928698458 -5349479.167349314 8920150.753683627 21149581.965549897 0 3.71630953798555 1 28 12935769.961858792 8153089.39102996 21695254.695321668 20811395.291608896 0 3.4461300283530263 1 30 17974960.20036539 -10213988.305640876 16526042.580899455 20702144.299699247 0 3.4241738757510496 1
SOLVE 58 1473458199.0 4426043.520949692 -89428.37238029156 4576298.175628183 -7035.059946382611 4294967295 4294967295 0 9 3 -5918880.0024036635 -15753416.427337743 20529724.442953426 24628097.871036343 0 16.219558974826167 1 4 3712112.5655752113 23269649.86156409 12065360.989122877 24533588.849276666 0 16.079506538363283 1 15 3232129.6279646037 -21005161.79573731 15256687.063323507 23508153.159435306 0 9.843145745052713 1 17 25164613.0885262 6399985.958489746 6359362.6588065885 21796177.6534543 0 4.203439756027135 1 24 16879625.400916874 18750984.714055147 8460048.651464203 22908819.556020733 0 6.158169181871505 1 25 10747173.61814393 -12075027.587626508 20771582.076296363 21109273.432402622 0 3.904536555711039 1 27 24453935.738577753 -5349188.372864092 8917251.374727104 21150124.785668164 0 3.7166655778026407 1 28 12934092.202797834 8155282.695396517 21695413.673101783 20811857.12321401 0 3.446386968489397 1 30 17977083.966757078 -10213624.472647944 16524022.92165136 20702339.033444237 0 3.4241796838973917 1
SOLVE 59 1473458200.0 4426043.51814654 -89428.37404636068 4576298.227426626 -6886.665963136791 4294967295 4294967295 0 9 3 -5917285.715544301 -15755474.79832264 20528584.84357446 24628147.713294156 0 16.218385138059116 1 4 3711194.522067844 23268379.202272464 12068057.006887335 24533377.315754056 0 16.074616000225216 1 15 3233103.281390158 -21003366.33704301 15258937.15295155 23507677.32106865 0 9.839765366211358 1 17 25163806.491235983 6400137.461438334 6362403.4353759475 21795852.806968965 0 4.202907835583695 1 24 16879899.439931117 18752097.93413447 8457174.732238213 22909545.248414364 0 6.159371573900214 1 25 10748706.539210485 -12072785.103159674 20772127.24703314 21109026.12053212 0 3.9041208218974113 1 27 24455057.201401126 -5348897.656765474 8914351.806298342 21150667.826979034 0 3.717021791620365 1 28 12932414.556345578 8157476.114528333 21695572.188454673 20812319.05092399 0 3.446643995563812 1 30 17979207.494855568 -10213260.78421838 16522002.907619458 20702533.922485013 0 3.4241856149547454 1
SOLVE 60 1473458201.0 4426043.480641178 -89428.44355522298 4576298.164468424 -6738.399551513917 4294967295 4294967295 0 9 3 -5915691.6339021595 -15757533.15041161 20527444.80648288 24628197.58217234 0 16.217212764771592 1 4 3710276.2332337475 23267108.300719243 12070752.765331643 24533165.802708164 0 16.06973034685627 1 15 3234077.1421402087 -21001570.664095286 15261186.903389972 23507201.333495416 0 9.836386918241457 1 17 25162999.52480881 6400288.982546545 6365444.079169354 21795528.01125132 0 4.202376110071603 1 24 16880173.373938642 18753210.817267776 8454300.63406605 22910270.901650067 0 6.1605745451382505 1 25 10750239.609921956 -12070542.642066933 20772671.963815935 21108778.856082413 0 3.9037051955930377 1 27 24456178.31740637 -5348607.018939196 8911452.047767581 21151210.903986137 0 3.717378111639224 1 28 12930737.02334568 8159669.647326711 21695730.241300642 20812781.064589776 0 3.4469011434079713 1 30 17981330.78511315 -10212897.24023844 16519982.538367296 20702728.813162684 0 3.4241916133517902 1
SOLVE 61 1473458202.0 4426043.4511724245 -89428.37759868924 4576298.16007192 -6590.311597964104 4294967295 4294967295 0 9 3 -5914097.758259911 -15759591.482559633 20526304.332245834 24628247.317109194 0 16.216043280342475 1 4 3709357.6990508917 23265837.15696004 12073448.264397403 24532954.33720315 0 16.064847023119956 1 15 3235051.2099967105 -20999774.777382422 15263436.314051842 23506725.205248963 0 9.83301141062925 1 17 25162192.189452257 6400440.521830521 6368484.58939848 21795203.03183799 0 4.201844591940915 1 24 16880447.202886775 18754323.363455616 8451426.35700945 22910996.331552837 0 6.161777831963159 1 25 10751772.829519292 -12068300.205477217 20773216.226374548 21108531.507332094 0 3.903289776315313 1 27 24457299.08602967 -5348316.459477634 8908552.100579143 21151753.92181992 0 3.717734636344913 1 28 12929059.603040766 8161863.294786543 21695887.83171097 20813242.84709173 0 3.4471583339228564 1 30 17983453.83747628 -10212533.840680132 16517961.81393996 20702923.72284281 0 3.424197766866953 1
SOLVE 62 1473458203.0 4426043.508326059 -89428.29452219175 4576298.2180025065 -6442.269362829701 4294967295 4294967295 0 9 3 -5912504.088259682 -15761649.795194076 20525163.42061509 24628297.076235138 0 16.214876401014344 1 4 3708438.9194993232 23264565.77105016 12076143.504026197 24532742.795370962 0 16.05996798765249 1 15 3236025.484742578 -20997978.677392762 15265685.384350587 23506249.072642144 0 9.82963844968244 1 17 25161384.484796565 6400592.079414196 6371524.967449707 21794878.03013475 0 4.201313290923687 1 24 16880720.92672411 18755435.572697476 8448551.901130097 22911721.698982086 0 6.162981645048033 1 25 10753306.198705751 -12066057.792380664 20773760.03495803 21108284.11339402 0 3.902874522202599 1 27 24458419.507776357 -5348025.978195663 8905651.96341188 21152296.868777078 0 3.718091319147074 1 28 12927382.296273783 8164057.0558099 21696044.95960643 20813704.557038847 0 3.4474156191210534 1 30 17985576.65239768 -10212170.585428607 16515940.73390063 20703118.655455623 0 3.424204031497757 1
SOLVE 63 1473458204.0 4426043.466590212 -89428.25651594253 4576298.074708019 -6294.310810179266 4294967295 4294967295 0 9 3 -5910910.623544248 -15763708.08874206 20524022.07134205 24628346.985205416 0 16.21371095563499 1 4 3707519.894559174 23263294.143044904 12078838.484159654 24532531.472626783 0 16.055093220035747 1 15 3236999.9668566016 -20996182.363330103 15267934.11530823 23505772.964381877 0 9.826267408762027 1 17 25160576.41124247 6400743.655275513 6374565.2118098205 21794553.16012058 0 4.20078215375653 1 24 16880994.545399778 18756547.444992274 8445677.26648974 22912447.118762247 0 6.164185944853875 1 25 10754839.71672136 -12063815.403906817 20774303.389296617 21108036.809829783 0 3.9024593809320067 1 27 24459539.582082655 -5347735.575187065 8902751.637710271 21152839.943525415 0 3.7184480978350036 1 28 12925705.102288565 8166250.931390015 21696201.62505787 20814166.486361917 0 3.4476730164575606 1 30 17987699.228810884 -10211807.474630341 16513919.299258122 20703313.835923936 0 3.424210365849922 1
SOLVE 64 1473458205.0 4426043.513526586 -89428.21973480488 4576298.053024853 -6146.2169949456975 4294967295 4294967295 0 9 3 -5909317.364895396 -15765766.362158826 20522880.28499449 24628397.26409539 0 16.21254767613936 1 4 3706600.624209059 23262022.272999827 12081533.204739362 24532320.193688273 0 16.050222989422185 1 15 3237974.6561216195 -20994385.83568273 15270182.506338123 23505296.976890754 0 9.822898802499372 1 17 25159767.968419615 6400895.24953952 6377605.323865105 21794228.386218492 0 4.200251273293171 1 24 16881268.058861256 18757658.98034052 8442802.453150064 22913172.66204734 0 6.165390847933364 1 25 10756373.38427008 -12061573.03904535 20774846.289638963 21107789.563284654 0 3.9020443871787704 1 27 24460659.309186798 -5347445.250335227 8899851.122844545 21153383.185295966 0 3.7188050534814194 1 28 12924028.021927197 8168444.920430005 21696357.827986527 20814628.50452599 0 3.447930507696454 1 30 17989821.567169152 -10211444.508169612 16511897.509575715 20703509.142087944 0 3.424216808933595 1
SOLVE 65 1473458206.0 4426043.460180439 -89428.22143632859 4576297.915482491 -5998.141380785126 4294967295 4294967295 0 9 3 -5907724.311955778 -15767824.615871524 20521738.06132393 24628447.64323577 0 16.21138545361719 1 4 3705681.1084290566 23260750.160970233 12084227.665706944 24532109.165211774 0 16.045356923216637 1 15 3238949.552319385 -20992589.094939314 15272430.55685394 23504821.10315444 0 9.81953210953118 1 17 25158959.1567291 6401046.862184161 6380645.302102469 21793903.780887228 0 4.199720604204455 1 24 16881541.46699251 18758770.178476322 8439927.461858308 22913898.300720084 0 6.166596287058322 1 25 10757907.200591799 -12059330.698925748 20775388.735715747 21107542.40211274 0 3.9016294976030217 1 27 24461778.68932617 -5347155.003526146 8896950.418184742 21153926.629708007 0 3.7191621407011937 1 28 12922351.054433556 8170639.023923274 21696513.568462837 20815090.74599697 0 3.4481880984973223 1 30 17991943.667418268 -10211081.686019631 16509875.364898494 20703704.703947082 0 3.424223330555369 1
SOLVE 66 1473458207.0 4426043.438738625 -89428.13859753778 4576297.794502195 -5850.114270989751 4294967295 4294967295 0 9 3 -5906131.464747978 -15769882.849816592 20520595.400353946 24628497.998976998 0 16.21022610694288 1 4 3704761.3471976914 23259477.80701174 12086921.867004024 24531897.93799579 0 16.040493966176467 1 15 3239924.655929063 -20990792.140303336 15274678.26787725 23504345.03903326 0 9.816168168433371 1 17 25158149.975800294 6401198.493334263 6383685.147908061 21793579.240904 0 4.199190125112228 1 24 16881814.76987128 18759881.039930116 8437052.291305255 22914623.90255925 0 6.167802104371872 1 25 10759441.166389953 -12057088.382538242 20775930.727775212 21107295.444772843 0 3.9012147996949755 1 27 24462897.721937943 -5346864.834851565 8894049.525175672 21154470.055705346 0 3.7195193984667125 1 28 12920674.200649872 8172833.240772353 21696668.84640849 20815552.897576276 0 3.4484457577276206 1 30 17994065.530010764 -10210719.00806568 16507852.86478934 20703900.3110491 0 3.4242299851590245 1
SOLVE 67 1473458208.0 4426043.33955622 -89428.08037638881 4576297.71713373 -5702.083575946156 4294967295 4294967295 0 9 3 -5904538.822914143 -15771941.064421417 20519452.30183554 24628548.383716933 0 16.20906738699711 1 4 3703841.3407143084 23258205.211483106 12089615.807929965 24531686.892221276 0 16.035635085532736 1 15 3240899.966733354 -20988994.97226326 15276925.638821673 23503869.034078732 0 9.812806191824217 1 17 25157340.42603458 6401350.142968157 6386724.859768962 21793254.908638027 0 4.1986599351173925 1 24 16882087.967381414 18760991.564436052 8434176.94223809 22915349.477021616 0 6.169008542941213 1 25 10760975.28090504 -12054846.091011623 20776472.2655485 21107048.5488486 0 3.9008001980921936 1 27 24464016.407526456 -5346574.74412752 8891148.442495707 21155013.68048663 0 3.7198768470885524 1 28 12918997.459819674 8175027.571971447 21696823.661893494 20816015.159153536 0 3.448703497082558 1 30 17996187.153881267 -10210356.474452807 16505830.010257766 20704096.001904193 0 3.4242367352191585 1
SOLVE 68 1473458209.0 4426043.283016541 -89428.0665453239 4576297.671854452 -5554.009534788802 4294967295 4294967295 0 9 3 -5902946.387236234 -15773999.258641021 20518308.766337372 24628599.06841143 0 16.207910407755833 1 4 3702921.088519753 23256932.373832975 12092309.489710972 24531475.950955406 0 16.030781091351038 1 15 3241875.4845141927 -20987197.59130787 15279172.669101138 23503393.12969115 0 9.809446363787428 1 17 25156530.50706112 6401501.811210258 6389764.439071173 21792930.62274329 0 4.198129983750148 1 24 16882361.059470966 18762101.751994163 8431301.414718535 22916075.152590033 0 6.17021561108512 1 25 10762509.544840531 -12052603.823336208 20777013.349283434 21106801.616091486 0 3.9003857191103966 1 27 24465134.745529253 -5346284.731445572 8888247.17158986 21155557.42925508 0 3.7202344420249918 1 28 12917320.83238571 8177222.016945611 21696978.01487676 20816477.536898717 0 3.4489613466157985 1 30 17998308.539482314 -10209994.085066346 16503806.800866744 20704291.828471564 0 3.4242435717065565 1
SOLVE 69 1473458210.0 4426043.241055078 -89428.11018772914 4576297.656796665 -5405.882708753417 4294967295 4294967295 0 9 3 -5901354.157356725 -15776057.43290269 20517164.79361055 24628649.785548482 0 16.206754770710432 1 4 3702000.5908129816 23255659.294420157 12095002.91164636 24531265.205741815 0 16.025932026446604 1 15 3242851.20975139 -20985399.99664028 15281419.359736767 23502917.123147435 0 9.806088554672858 1 17 25155720.21928148 6401653.498039591 6392803.884301903 21792606.47478932 0 4.197600286282888 1 24 16882634.046088394 18763211.60260408 8428425.708808344 22916801.05768461 0 6.1714233373657 1 25 10764043.957436679 -12050361.58064082 20777553.978711598 21106554.76208326 0 3.899971347770971 1 27 24466252.7361839 -5345994.796690675 8885345.71182812 21156101.247837096 0 3.720592188234852 1 28 12915644.31879069 8179416.575119628 21697131.905317638 20816939.99394944 0 3.449219305540454 1 30 18000429.687266037 -10209631.839792045 16501783.236178894 20704487.84100037 0 3.4242504898566333 1
SOLVE 70 1473458211.0 4426043.412042098 -89428.168846392 4576297.808388093 -5257.584262842035 4294967295 4294967295 0 9 3 -5899762.132918522 -15778115.587633519 20516020.38340582 24628700.598630417 0 16.205602223461344 1 4 3701079.847572995 23254385.973300196 12097696.073677776 24531054.62905907 0 16.021088222847784 1 15 3243827.1422268297 -20983602.188749272 15283665.710142436 23502441.196173545 0 9.802733366789703 1 17 25154909.56232433 6401805.203581198 6395843.196847052 21792282.34370644 0 4.197070823708679 1 24 16882906.927181277 18764321.116266303 8425549.824569227 22917527.10367251 0 6.172631705888405 1 25 10765578.519031376 -12048119.362450209 20778094.153951682 21106307.994738698 0 3.8995571468752135 1 27 24467370.379727956 -5345704.939746507 8882444.06258032 21156645.129066117 0 3.7209500898700503 1 28 12913967.918277722 8181611.2474886915 21697285.333285492 20817402.467850078 0 3.449477380752954 1 30 18002550.596167836 -10209269.738773987 16499759.317204287 20704683.881546747 0 3.4242575141354314 1
SOLVE 71 1473458212.0 4426043.431114198 -89428.17661351053 4576297.803667792 -5109.393383918927 4294967295 4294967295 0 9 3 -5898170.314703429 -15780173.721788488 20514875.5362925 24628751.72069296 0 16.20445120841334 1 4 3700158.858779426 23253112.41052853 12100388.975746872 24530844.129621357 0 16.01624711694906 1 15 3244803.2817214252 -20981804.168123867 15285911.719732346 23501965.405780293 0 9.799380405837546 1 17 25154098.53659214 6401956.927812087 6398882.375193939 21791958.408526953 0 4.196541539419602 1 24 16883179.702698845 18765430.292979814 8422673.762062943 22918252.96133416 0 6.173840425016502 1 25 10767113.22996126 -12045877.1682904 20778633.875121936 21106061.332284227 0 3.8991430885310536 1 27 24468487.67559879 -5345415.160707727 8879542.225291736 21157189.195599873 0 3.721308141480443 1 28 12912291.631689942 8183806.032953139 21697438.298703194 20817865.117568858 0 3.4497355219939174 1 30 18004671.26663883 -10208907.781899862 16497735.043505626 20704880.138117306 0 3.4242646473416083 1
SOLVE 72 1473458213.0 4426043.463256893 -89428.1742128292 4576297.797830726 -4961.094999050959 4294967295 4294967295 0 9 3 -5896578.702353949 -15782231.835794874 20513730.252021406 24628802.779667582 0 16.20330228468618 1 4 3699237.624411762 23251838.60616066 12103081.617795292 24530633.560393166 0 16.01141000924503 1 15 3245779.6287155403 -20980005.933966897 15288157.38952716 23501489.882312004 0 9.796029789499249 1 17 25153287.141713336 6402108.6708570225 6401921.420728336 21791634.627471153 0 4.1960124677979955 1 24 16883452.372524105 18766539.132480405 8419797.522037016 22918979.091503423 0 6.175049653803452 1 25 10768648.08946682 -12043634.999289721 20779173.14195463 21105814.817252476 0 3.8987291782372395 1 27 24469604.624034047 -5345125.459458009 8876640.199332241 21157733.412348107 0 3.721666346909422 1 28 12910615.458270594 8186000.932508171 21697590.801639676 20818327.925319605 0 3.4499937545005572 1 30 18006791.69862598 -10208545.96914083 16495710.415128093 20705076.696230594 0 3.4242718848582006 1
SOLVE 73 1473458214.0 4426043.6802507695 -89428.22258198458 4576298.0261707455 -4812.633484871252 4294967295 4294967295 0 9 3 -5894987.295512509 -15784289.930079997 20512584.530342992 24628854.17028654 0 16.20215550345871 1 4 3698316.144449465 23250564.56025206 12105773.999764696 24530423.198833942 0 16.00657849994977 1 15 3246756.182991725 -20978207.48676715 15290402.718941005 23501014.282090344 0 9.79268152536568 1 17 25152475.37789637 6402260.432732244 6404960.3326622415 21791310.85268978 0 4.195483693780754 1 24 16883724.936734926 18767647.635297097 8416921.103181675 22919705.40055711 0 6.1762596468955895 1 25 10770183.098252492 -12041392.854437953 20779711.95469656 21105568.26772236 0 3.898315401100091 1 27 24470721.225271095 -5344835.835880962 8873737.984071556 21158277.7023648 0 3.722024735423028 1 28 12908939.398861423 8188195.945055962 21697742.842018258 20818790.71419311 0 3.450252101452836 1 30 18008911.892581902 -10208184.300381558 16493685.431634014 20705273.271204103 0 3.4242792205911763 1
SOLVE 74 1473458215.0 4426043.666482744 -89428.23764815067 4576298.112763013 -4664.335842924696 4294967295 4294967295 0 9 3 -5893396.0949606905 -15786348.00359881 20511438.371827226 24628905.733560476 0 16.201009213300512 1 4 3697394.418872158 23249290.272858232 12108466.121596746 24530213.01998467 0 16.00174955326569 1 15 3247732.944330372 -20976408.82701391 15292647.707388368 23500538.547018472 0 9.789335212087765 1 17 25151663.245350946 6402412.213450637 6407999.1102077495 21790987.2676498 0 4.194955145034298 1 24 16883997.395215686 18768755.801164366 8414044.506244408 22920431.6005495 0 6.177470048774151 1 25 10771718.255556727 -12039150.734865062 20780250.31308045 21105321.810220927 0 3.8979017317366322 1 27 24471837.478747744 -5344546.2900714865 8870835.580955243 21158822.17934409 0 3.722383299554083 1 28 12907263.452707035 8190391.071589838 21697894.419907477 20819253.61241829 0 3.4505105038380783 1 30 18011031.8474408 -10207822.775768831 16491660.094034117 20705470.06553633 0 3.4242866604764037 1
SOLVE 75 1473458216.0 4426043.657794917 -89428.28610327738 4576298.189943467 -4515.975658536976 4294967295 4294967295 0 9 3 -5891805.100341194 -15788406.05677851 20510291.77622466 24628957.185705125 0 16.1998645769088 1 4 3696472.4476596136 23248015.74403463 12111157.98323312 24530002.894733854 0 15.996925138789559 1 15 3248709.9132122565 -20974609.95390966 15294892.355889427 23500063.04647282 0 9.785991013979455 1 17 25150850.743704915 6402564.013137284 6411037.754750459 21790663.812717136 0 4.194426822151317 1 24 16884269.74791427 18769863.630082477 8411167.731286975 22921157.947959136 0 6.17868103903579 1 25 10773253.562083904 -12036908.639561007 20780788.217352692 21105075.46160765 0 3.8974881853070893 1 27 24472953.384967558 -5344256.821843859 8867932.988660969 21159366.838362783 0 3.722742007637266 1 28 12905587.620649153 8192586.311011667 21698045.535231102 20819716.684306834 0 3.4507690110076 1 30 18013151.56365532 -10207461.395187361 16489634.401890852 20705667.01398791 0 3.424294188033118 1
SOLVE 76 1473458217.0 4426043.8663661275 -89428.34374093733 4576298.389602293 -4367.448129784327 4294967295 4294967295 0 9 3 -5890214.311676312 -15790464.089555563 20509144.743558962 24629009.27986647 0 16.198723339079205 1 4 3695550.2307910463 23246740.97383681 12113849.584615478 24529792.979844473 0 15.992105896155303 1 15 3249687.089419079 -20972810.86794347 15297136.663858589 23499587.41047961 0 9.782649476861286 1 17 25150037.873360794 6402715.831772665 6414076.264778033 21790340.46566295 0 4.193898704585499 1 24 16884541.994778298 18770971.122051943 8408290.778371131 22921884.350248717 0 6.1798926303012855 1 25 10774789.017074121 -12034666.569654094 20781325.66724645 21104829.257720318 0 3.8970748195780653 1 27 24474068.94336961 -5343967.431288825 8865030.208634537 21159911.506968476 0 3.7231008537816006 1 28 12903911.901931167 8194781.664316907 21698196.18805724 20820179.78308607 0 3.4510276388990744 1 30 18015271.041172445 -10207100.158608267 16487608.35524938 20705864.020042118 0 3.424301820490405 1
SOLVE 77 1473458218.0 4426043.787942047 -89428.34940678629 4576298.434551221 -4219.209058168656 4294967295 4294967295 0 9 3 -5888623.7286091745 -15792522.10235707 20507997.273580205 24629061.07697962 0 16.1975822471271 1 4 3694627.7682460737 23245465.962320283 12116540.925685504 24529582.88071032 0 15.987288698757645 1 15 3250664.4727313933 -20971011.569604747 15299380.630710615 23499111.756293282 0 9.779309850612707 1 17 25149224.63394721 6402867.669477579 6417114.641675921 21790017.18380388 0 4.19337082128001 1 24 16884814.13575738 18772078.277071517 8405413.647558646 22922610.603798248 0 6.181104596588761 1 25 10776324.621230066 -12032424.524135923 20781862.663007714 21104583.034160275 0 3.8966615566082874 1 27 24475184.154190253 -5343678.118294424 8862127.240245571 21160456.320078637 0 3.723459891354307 1 28 12902236.297395872 8196977.13040545 21698346.37831013 20820642.91078862 0 3.4512863071659696 1 30 18017390.28044263 -10206739.06591985 16485581.953671735 20706061.16726045 0 3.4243095634958944 1
SOLVE 78 1473458219.0 4426043.811854795 -89428.29697913514 4576298.409211556 -4070.9281702650082 4294967295 4294967295 0 9 3 -5887033.351920836 -15794580.094138019 20506849.366859205 24629113.289019126 0 16.19644493111624 1 4 3693705.0600041626 23244190.7095406 12119232.00638489 24529372.943543915 0 15.982475239773105 1 15 3251642.063629753 -20969212.05809578 15301624.257465212 23498636.10156625 0 9.775973013242476 1 17 25148411.025866766 6403019.526233472 6420152.88393195 21789693.91144621 0 4.19284305701576 1 24 16885086.170733865 18773185.0948783 8402536.339597296 22923336.862944413 0 6.182316918608699 1 25 10777860.37379177 -12030182.504134672 20782399.2043701 21104337.012193 0 3.8962485032028225 1 27 24476299.01766669 -5343388.882743369 8859224.082863592 21161001.230917543 0 3.7238190393116635 1 28 12900560.80628668 8199172.710272935 21698496.106057454 20821106.132868864 0 3.451545076273832 1 30 18019509.280402582 -10206378.117264934 16483555.198169373 20706258.471956596 0 3.424317422562954 1
SOLVE 79 1473458220.0 4426043.745060955 -89428.24333220113 4576298.337018622 -3922.7742057207606 4294967295 4294967295 0 9 3 -5885443.181253745 -15796638.065325767 20505701.02314616 24629165.38976879 0 16.195308781770482 1 4 3692782.1060451316 23242915.215553254 12121922.826655323 24529163.17596663 0 15.977665396055436 1 15 3252619.861895904 -20967412.333905753 15303867.543537056 23498160.44617904 0 9.772638244283879 1 17 25147597.048747327 6403171.402162964 6423190.992931459 21789370.721689593 0 4.1923155247210975 1 24 16885358.099786587 18774291.575999267 8399658.853176834 22924062.988567714 0 6.183529755122657 1 25 10779396.275096988 -12027940.50917545 20782935.291451406 21104090.98348493 0 3.8958355682241295 1 27 24477413.533238076 -5343099.724728503 8856320.737934634 21161546.21821986 0 3.7241783522375553 1 28 12898885.4294456 8201368.402820141 21698645.37122391 20821569.39232687 0 3.451803925721455 1 30 18021628.04150392 -10206017.312529847 16481528.08830441 20706455.852561057 0 3.424325380012086 1
SOLVE 80 1473458221.0 4426043.648931343 -89428.27967468045 4576298.234643428 -3774.6076490808114 4294967295 4294967295 0 9 3 -5883853.216630002 -15798696.015856763 20504552.24246478 24629217.64345113 0 16.194173519083122 1 4 3691858.9063490527 23241639.48041368 12124613.3864385 24528953.51943903 0 15.972860662272284 1 15 3253597.8673114697 -20965612.39752405 15306110.488341166 23497684.739374768 0 9.769305242098014 1 17 25146782.70299247 6403323.297245237 6426228.967162368 21789047.734616302 0 4.191788239951382 1 24 16885629.922799118 18775397.720170327 8396781.189045032 22924789.279452212 0 6.18474327931422 1 25 10780932.32548391 -12025698.538783105 20783470.92436901 21103844.99999099 0 3.8954227180951624 1 27 24478527.701406915 -5342810.644065357 8853417.204135953 21162091.26804749 0 3.7245377993384166 1 28 12897210.166116605 8203564.209042107 21698794.173876766 20822032.795838736 0 3.452062894604774 1 30 18023746.563693397 -10205656.651686164 16479500.624122055 20706653.419658713 0 3.424333402915357 1
SOLVE 81 1473458222.0 4426043.58722332 -89428.2867543965 4576298.099366775 -3626.40606782004 4294967295 4294967295 0 9 3 -5882263.4576930795 -15800753.946158044 20503403.024564724 24629270.09648197 0 16.193040888461212 1 4 3690935.460894882 23240363.504177563 12127303.685676115 24528743.851181343 0 15.968059730234792 1 15 3254576.080356532 -20963812.248152804 15308353.092896795 23497209.16881948 0 9.76597471584856 1 17 25145967.98822923 6403475.211604743 6429266.808009917 21788724.70845421 0 4.191261133398413 1 24 16885901.63971923 18776503.527391944 8393903.347263657 22925515.694302604 0 6.185957253571332 1 25 10782468.524191603 -12023456.59408643 20784006.102857236 21103599.1253862 0 3.8950100365929536 1 27 24479641.52161298 -5342521.640845446 8850513.482913777 21162636.540120788 0 3.7248973856862175 1 28 12895535.017141262 8205760.127839954 21698942.51394118 20822496.329459134 0 3.452321956443652 1 30 18025864.84691751 -10205296.134705959 16477472.805667514 20706851.13417572 0 3.424341534589587 1
SOLVE 82 1473458223.0 4426043.521590971 -89428.30651273341 4576297.928614081 -3478.2608039795587 4294967295 4294967295 0 9 3 -5880673.9052231265 -15802811.85518478 20502253.370017726 24629322.537177987 0 16.191910129589015 1 4 3690011.7696625357 23239087.28690038 12129993.724309886 24528534.15216033 0 15.963262981267082 1 15 3255554.500812611 -20962011.886281352 15310595.356618883 23496733.645697955 0 9.762646378714518 1 17 25145152.904861692 6403627.145220222 6432304.513962151 21788401.73197763 0 4.190734234092476 1 24 16886173.250495546 18777608.997663822 8391025.327894483 22926242.109692607 0 6.187171762143603 1 25 10784004.871924285 -12021214.674075928 20784540.82716099 21103353.27645649 0 3.894597489858464 1 27 24480754.994092908 -5342232.714953921 8847609.57363758 21163181.86355624 0 3.7252571129137855 1 28 12893859.981763706 8207956.160208685 21699090.39148399 20822959.92337701 0 3.4525811181273847 1 30 18027982.8916277 -10204935.761475382 16475444.632502448 20707048.935794055 0 3.4243497596568475 1
SOLVE 83 1473458224.0 4426043.584481011 -89428.34557832355 4576297.96089817 -3329.902427291156 4294967295 4294967295 0 9 3 -5879084.558862839 -15804869.743364243 20501103.278573565 24629375.215041157 0 16.19078136694195 1 4 3689087.832631265 23237810.828637764 12132683.502281515 24528324.792486947 0 15.958471101379622 1 15 3256533.1284611323 -20960211.312399287 15312837.278922716 23496258.288106725 0 9.759320405498386 1 17 25144337.452516504 6403779.098216389 6435342.086404186 21788078.94323012 0 4.1902076257947805 1 24 16886444.755075876 18778714.130986415 8388147.130999292 22926968.70169322 0 6.188386967101962 1 25 10785541.3679217 -12018972.779879613 20785075.097015075 21103107.44772663 0 3.894185080679916 1 27 24481868.119083293 -5341943.866274792 8844705.475676645 21163727.274195973 0 3.725617034998946 1 28 12892185.060825028 8210152.305049876 21699237.80643082 20823423.582156125 0 3.4528403776246233 1 30 18030100.69676116 -10204575.532137204 16473416.105639175 20707246.952484608 0 3.4243580927116044 1
SOLVE 84 1473458225.0 4426043.592040926 -89428.37675358297 4576297.908637037 -3181.595768196375 4294967295 4294967295 0 9 3 -5877495.418634844 -15806927.610632718 20499952.75025599 24629427.7698827 0 16.1896543751969 1 4 3688163.6500014286 23236534.12974964 12135373.018891526 24528115.403046835 0 15.953682887688778 1 15 3257511.9637823966 -20958410.525708415 15315078.860827083 23495782.985693164 0 9.75599661623711 1 17 25143521.631598327 6403931.070571117 6438379.523824229 21787756.167281616 0 4.1896812106630135 1 24 16886716.153344482 18779818.927095797 8385268.757326135 22927695.413685903 0 6.1896026416152115 1 25 10787078.012887305 -12016730.910488822 20785608.912663992 21102861.728961878 0 3.8937728088808017 1 27 24482980.896024067 -5341655.094901064 8841801.190477494 21164272.860136084 0 3.725977098201629 1 28 12890510.253569974 8212348.563357781 21699384.75884809 20823887.35258011 0 3.4530997266842878 1 30 18032218.26276871 -10204215.446578778 16471387.224639423 20707445.11990901 0 3.4243665234595753 1
SOLVE 85 1473458226.0 4426043.624964076 -89428.3564622437 4576297.9798147045 -3033.160411102678 4294967295 4294967295 0 9 3 -5875906.484182211 -15808985.45741734 20498801.78481432 24629480.623093396 0 16.18852935413969 1 4 3687239.221311346 23235257.18968291 12138062.275364105 24527906.284051728 0 15.948898119788732 1 15 3258491.006324207 -20956609.527127713 15317320.101212883 23495307.77161518 0 9.752675318655502 1 17 25142705.441733535 6404083.06240892 6441416.827607235 21787433.59631516 0 4.189155059137235 1 24 16886987.445378594 18780923.386519242 8382390.205564304 22928422.16036894 0 6.190818840641137 1 25 10788614.806060458 -12014489.067031726 20786142.27384298 21102616.13811591 0 3.8933606932633147 1 27 24484093.325151842 -5341366.400717102 8838896.717409438 21164818.624249548 0 3.7263373705113785 1 28 12888835.560839577 8214544.934033745 21699531.248661876 20824351.188376296 0 3.453359140998626 1 30 18034335.58959725 -10203855.504771441 16469357.989548454 20707643.489515137 0 3.424375083178606 1
SOLVE 86 1473458227.0 4426043.601605172 -89428.3210166169 4576298.010720119 -2884.8094844457687 4294967295 4294967295 0 9 3 -5874317.756284878 -15811043.282673279 20497650.382821117 24629533.671069633 0 16.187405942228082 1 4 3686314.546761571 23233980.008797422 12140751.270999713 24527697.23976482 0 15.944116908420654 1 15 3259470.2565675406 -20954808.31585877 15319561.001098597 23494832.4759374 0 9.74935621540807 1 17 25141888.883327093 6404235.073708063 6444453.99624155 21787111.110754434 0 4.188629123848332 1 24 16887258.63106231 18782027.508992914 8379511.476461796 22929148.8305052 0 6.192035528622685 1 25 10790151.748145217 -12012247.248499209 20786675.180796135 21102370.587447032 0 3.8929487124686215 1 27 24485205.40670265 -5341077.78360858 8835992.055841675 21165364.469863296 0 3.7266978036666236 1 28 12887160.98187845 8216741.418072494 21699677.27593819 20824815.065469474 0 3.4536186370025823 1 30 18036452.67769782 -10203495.706601871 16467328.399927588 20707841.96686908 0 3.4243837466780422 1
SOLVE 87 1473458228.0 4426043.521582216 -89428.34687777045 4576297.9055480845 -2736.6093847441034 4294967295 4294967295 0 9 3 -5872729.234586145 -15813101.086827563 20496498.544025805 24629586.71601848 0 16.18628391140273 1 4 3685389.6263323277 23232702.587148678 12143440.00574009 24527488.244941738 0 15.939340266262704 1 15 3260449.714293414 -20953006.892391235 15321801.559899624 23494357.09635607 0 9.74603897996225 1 17 25141071.9560052 6404387.104592378 6447491.03111204 21786788.649144422 0 4.188103376004702 1 24 16887529.710344393 18783131.29451645 8376632.570080442 22929875.44415243 0 6.1932527809114 1 25 10791688.838380197 -12010005.456019957 20787207.633259147 21102125.04286431 0 3.8925368385227554 1 27 24486317.140117247 -5340789.243667061 8833087.207220968 21165910.36344601 0 3.727058343294426 1 28 12885486.517528119 8218938.0143742375 21699822.840603553 20825279.04023371 0 3.4538782509176915 1 30 18038569.526007403 -10203136.052213704 16465298.456789868 20708040.47544435 0 3.4243924783864026 1
SOLVE 88 1473458229.0 4426043.521086517 -89428.40517730452 4576297.968966034 -2588.2403196463792 4294967295 4294967295 0 9 3 -5871140.918729044 -15815158.870307405 20495346.268177405 24629639.952803284 0 16.185163422213215 1 4 3684464.4600026533 23231424.924792375 12146128.479526972 24527279.406767704 0 15.934568420566315 1 15 3261429.3792830277 -20951205.257214952 15324041.777031677 23493881.892854 0 9.742723937558624 1 17 25140254.660172783 6404539.155041712 6450527.930707143 21786466.423818804 0 4.187577923850521 1 24 16887800.683172435 18784234.743090566 8373753.486482003 22930602.188024182 0 6.194470740266999 1 25 10793226.077104243 -12007763.689118285 20787739.631348923 21101879.534092646 0 3.892125085047099 1 27 24487428.525632147 -5340500.780776419 8830182.170916574 21166456.35426123 0 3.727419076221174 1 28 12883812.16703231 8221134.723935344 21699967.94272357 20825743.10273247 0 3.454137962157793 1 30 18040686.13497803 -10202776.54149194 16463268.159696702 20708239.152164407 0 3.4244013110818226 1
SOLVE 89 1473458230.0 4426043.481725745 -89428.45569663712 4576297.9244993795 -2439.9360852541317 4294967295 4294967295 0 9 3 -5869552.809493576 -15817216.632067813 20494193.555849146 24629693.33682596 0 16.18404498256051 1 4 3683539.0477525005 23230147.021784075 12148816.6923021 24527070.670602057 0 15.92980029587424 1 15 3262409.252017029 -20949403.4095313 15326281.653512778 23493406.570301183 0 9.739411114309737 1 17 25139436.99545592 6404691.2251792215 6453564.696411611 21786144.238093387 0 4.187052644053812 1 24 16888071.54949519 18785337.854714964 8370874.225728287 22931328.936852567 0 6.195689151365214 1 25 10794763.464654649 -12005521.947320051 20788271.175181948 21101634.194475 0 3.8917134767505024 1 27 24488539.563483052 -5340212.394822818 8827276.946297508 21167002.509206545 0 3.7277799364402067 1 28 12882137.931232722 8223331.545655419 21700112.582225222 20826207.271290015 0 3.454397768862758 1 30 18042802.504555635 -10202417.174409647 16461237.508693395 20708437.914282735 0 3.424410239501809 1
SOLVE 90 1473458231.0 4426043.393152832 -89428.50481698141 4576297.801856715 -2291.7621330946527 4294967295 4294967295 0 9 3 -5867964.906523007 -15819274.37253588 20493040.406790163 24629746.786583982 0 16.18292828234814 1 4 3682613.3895615675 23228868.878179394 12151504.644007238 24526861.77569307 0 15.925035925994754 1 15 3263389.3322762167 -20947601.349830136 15328521.188758587 23492931.177852396 0 9.73610044389706 1 17 25138618.962260123 6404843.314983811 6456601.326714053 21785821.970800202 0 4.1865275602816014 1 24 16888342.309196517 18786440.629126772 8367994.788567646 22932055.728618596 0 6.196908049632158 1 25 10796301.000270031 -12003280.23175365 20788802.264494583 21101388.83750938 0 3.891302003223512 1 27 24489650.253111262 -5339924.085897733 8824371.534810843 21167548.757928316 0 3.7281409373758456 1 28 12880463.809373774 8225528.4805299705 21700256.759173673 20826671.474993907 0 3.454657667717355 1 30 18044918.63468686 -10202057.95093868 16459206.503825199 20708636.759012505 0 3.424419263650913 1
SOLVE 91 1473458232.0 4426043.349894507 -89428.49347149908 4576297.618410362 -2143.6888338849285 4294967295 4294967295 0 9 3 -5866377.209839657 -15821332.091647929 20491886.82102426 24629800.272054516 0 16.181814736573095 1 4 3681687.4854092235 23227590.494033996 12154192.334584128 24526652.75065014 0 15.920274952343343 1 15 3264369.619840858 -20945799.078601554 15330760.3821851 23492455.89818594 0 9.732792409977824 1 17 25137800.560210798 6404995.424580016 6459637.822999056 21785499.7615753 0 4.186002622830644 1 24 16888612.962353393 18787543.06685238 8365115.173688834 22932782.309856284 0 6.198127319842915 1 25 10797838.684655124 -12001038.541409684 20789332.89952991 21101143.5151594 0 3.890890721406362 1 27 24490760.595017638 -5339635.853816927 8821465.935132891 21168094.894963264 0 3.7285020704021243 1 28 12878789.802296363 8227725.527459563 21700400.473496385 20827135.65691488 0 3.4549176550107066 1 30 18047034.52582292 -10201698.870965071 16457175.144653063 20708835.689732127 0 3.4244284058053065 1
SOLVE 92 1473458233.0 4426043.354266864 -89428.55883277819 4576297.58633747 -1995.5604802635364 4294967295 4294967295 0 9 3 -5864789.719086255 -15823389.789831292 20490732.7983001 24629853.725940607 0 16.180702086940624 1 4 3680761.335275666 23226311.869403437 12156879.76397454 24526443.950882476 0 15.915519198810333 1 15 3265350.1151936613 -20943996.595046397 15332999.23480986 23491980.445001096 0 9.72948628462331 1 17 25136981.789713867 6405147.553946651 6462674.183755371 21785177.62668169 0 4.185477999151801 1 24 16888883.508849997 18788645.167628538 8362235.381840163 22933509.04921658 0 6.199347375676075 1 25 10799376.517048938 -11998796.877416002 20789863.080024734 21100898.19621891 0 3.890479529149566 1 27 24491870.588643923 -5339347.698671326 8818560.148710947 21168641.12754215 0 3.728863390177776 1 28 12877115.909244778 8229922.68744013 21700543.725258093 20827599.836654454 0 3.4551777502363508 1 30 18049150.17690192 -10201339.934631176 16455143.43219092 20709034.622178987 0 3.4244376315836864 1
SOLVE 93 1473458234.0 4426043.3208201835 -89428.50772118715 4576297.567137094 -1847.408130765401 4294967295 4294967295 0 9 3 -5863202.435042461 -15825447.466040978 20489578.33919176 24629907.52488825 0 16.17959188833441 1 4 3679834.9391398043 23225033.004343484 12159566.932120232 24526235.12762861 0 15.910765712556856 1 15 3266330.818114097 -20942193.899654858 15335237.746048799 23491505.050427586 0 9.726182837758856 1 17 25136162.650394622 6405299.7032074435 6465710.410367491 21784855.595643327 0 4.184953578866087 1 24 16889153.94863423 18789746.931455772 8359355.413083437 22934235.795823876 0 6.200567766143397 1 25 10800914.498155663 -11996555.238763832 20790392.806221727 21100653.034741428 0 3.8900685240381634 1 27 24492980.23422582 -5339059.620346957 8815654.174913976 21169187.552205455 0 3.7292249082479554 1 28 12875442.1310601 8232119.95937161 21700686.514386725 20828064.064968534 0 3.4554378912183576 1 30 18051265.588374414 -10200981.141824266 16453111.365999816 20709233.793617275 0 3.424447002484292 1
SOLVE 94 1473458235.0 4426043.485674512 -89428.52866968753 4576297.845590832 -1698.9194285132241 4294967295 4294967295 0 9 3 -5861615.357351054 -15827505.120704265 20488423.443448015 24629961.622628782 0 16.178483450584334 1 4 3678908.2969819563 23223753.898909677 12162253.838962985 24526026.765092112 0 15.906018055926046 1 15 3267311.7283838238 -20940390.992916968 15337475.915318184 23491029.819270737 0 9.722881601000987 1 17 25135343.14265906 6405451.872342338 6468746.501324269 21784533.8383805 0 4.184429491693573 1 24 16889424.281654395 18790848.358334247 8356475.267480473 22934962.785011083 0 6.201789014076662 1 25 10802452.62721457 -11994313.626580605 20790922.077858154 21100407.95270319 0 3.8896576350574126 1 27 24494089.531999372 -5338771.618726964 8812748.013110854 21169734.121077005 0 3.7295866276691254 1 28 12873768.466986436 8234317.3442504555 21700828.840946592 20828528.401742604 0 3.4556981491850354 1 30 18053380.76018812 -10200622.492514318 16451078.946125032 20709433.105343834 0 3.424456468626499 1
SOLVE 95 1473458236.0 4426043.420028304 -89428.49779135225 4576297.883849877 -1550.557268904409 4294967295 4294967295 0 9 3 -5860028.486034994 -15829562.75375721 20487268.11109272 24630015.920822915 0 16.17737614704473 1 4 3677981.4087821217 23222474.553157628 12164940.484444572 24525818.56839668 0 15.90127264592536 1 15 3268292.8464831165 -20938587.87403367 15339713.743635083 23490554.591677275 0 9.71958239699989 1 17 25134523.266132705 6405604.061472861 6471782.4580100635 21784212.25240052 0 4.183905564960029 1 24 16889694.507859867 18791949.448263176 8353594.945093111 22935689.797432132 0 6.203010569852329 1 25 10803990.904562136 -11992072.040392937 20791450.89505024 21100163.04810082 0 3.8892468766329342 1 27 24495198.48140606 -5338483.69390581 8809841.664749091 21170280.93886607 0 3.7299484884492964 1 28 12872094.917865733 8236514.840974948 21700970.70486607 20828992.952822685 0 3.455958468485511 1 30 18055495.692792244 -10200263.986590633 16449046.172127234 20709632.78493957 0 3.424466038355224 1
SOLVE 96 1473458237.0 4426043.434463414 -89428.52013015377 4576297.993148293 -1402.168974181652 4294967295 4294967295 0 9 3 -5858441.821115648 -15831620.365136504 20486112.34214971 24630070.15051552 0 16.176270674708825 1 4 3677054.2747412086 23221194.967448093 12167626.86786632 24525610.443354066 0 15.896532274296318 1 15 3269274.172193432 -20936784.54349502 15341951.23041571 23490079.41054044 0 9.716285308786729 1 17 25133703.021221768 6405756.270579565 6474818.278913908 21783890.703322746 0 4.1833818841523716 1 24 16889964.627134018 18793050.200980857 8350714.446669923 22936416.8713481 0 6.204232803939813 1 25 10805529.330537762 -11989830.479724972 20791979.257913783 21099918.143542685 0 3.8888362406248373 1 27 24496307.08268205 -5338195.845766365 8806935.129197616 21170827.805837236 0 3.7303104995862943 1 28 12870421.482942019 8238712.450541886 21701112.10620907 20829457.542471986 0 3.4562189039860574 1 30 18057610.385126065 -10199905.624194108 16447013.045021009 20709832.47127522 0 3.4244756939423313 1
SOLVE 97 1473458238.0 4426043.427528693 -89428.54677068652 4576298.145593169 -1253.7257365028872 4294967295 4294967295 0 9 3 -5856855.362236936 -15833677.955269042 20484956.136367153 24630124.50866852 0 16.175166576715778 1 4 3676126.8943967526 23219915.141226597 12170312.990450997 24525402.056442752 0 15.891795826768705 1 15 3270255.7052946235 -20934981.00179147 15344188.375076577 23489604.353943355 0 9.712990347685324 1 17 25132882.407550976 6405908.49978588 6477853.965420013 21783569.339643035 0 4.182858458114513 1 24 16890234.639554106 18794150.61701224 8347833.770899222 22937144.08543463 0 6.205455622430284 1 25 10807067.904379183 -11987588.945705246 20792507.16618673 21099673.347880606 0 3.888425727526551 1 27 24497415.33606258 -5337908.0741945375 8804028.405825142 21171374.8286102 0 3.730672690906108 1 28 12868748.16305606 8240910.171851064 21701253.04490443 20829922.242133297 0 3.4564794240104297 1 30 18059724.837640222 -10199547.405211555 16444979.564367125 20710032.30559469 0 3.4244854522762944 1
SOLVE 98 1473458239.0 4426043.405017387 -89428.53365111213 4576298.065130342 -1105.4314032595034 4294967295 4294967295 0 9 3 -5855269.110178043 -15835735.523109814 20483799.49432027 24630179.001645952 0 16.174065659364228 1 4 3675199.2679498163 23218635.07485382 12172998.851499869 24525193.9869603 0 15.88706274972172 1 15 3271237.446268063 -20933177.248123545 15346425.178634318 23489129.1715181 0 9.709697836873705 1 17 25132061.425527353 6406060.7490706295 6480889.516017512 21783247.856384695 0 4.1823351122295955 1 24 16890504.545004103 18795250.696095 8344952.9185295645 22937871.260314737 0 6.2066787390457305 1 25 10808606.626790859 -11985347.437325044 20793034.620110724 21099428.663267527 0 3.8880154003516783 1 27 24498523.240990337 -5337620.379281657 8801121.496079452 21171921.913295377 0 3.7310349595438512 1 28 12867074.957453076 8243108.005897649 21701393.52101561 20830387.028840248 0 3.456740048906342 1 30 18061839.050280977 -10199189.329615586 16442945.730210895 20710232.324123442 0 3.4244953082167053 1
SOLVE 99 1473458240.0 4426043.505568487 -89428.48417504496 4576298.344141276 -956.9462264972445 4294967295 4294967295 0 9 3 -5853683.0645814445 -15837793.069086269 20482642.41575732 24630233.491860833 0 16.172966412255203 1 4 3674271.3953792383 23217354.76838558 12175684.450954748 24524986.077757683 0 15.88233370080872 1 15 3272219.3948952486 -20931373.282981418 15348661.640505394 23488654.22955945 0 9.706407839993714 1 17 25131240.07477488 6406213.018558891 6483924.932090562 21782926.570395987 0 4.1818121276770635 1 24 16890774.343431663 18796350.438229963 8342071.889622789 22938598.435978938 0 6.207902568362991 1 25 10810145.497011978 -11983105.955711424 20793561.619424157 21099183.91681288 0 3.887605216718513 1 27 24499630.797701094 -5337332.760911457 8798214.399329353 21172469.047256004 0 3.7313975001773922 1 28 12865401.866972532 8245305.951583166 21701533.534471937 20830851.726886325 0 3.4570007338554065 1 30 18063953.022996116 -10198831.397376062 16440911.542597676 20710432.42374597 0 3.424505304994054 1
SOLVE 100 1473458241.0 4426043.409230402 -89428.49673992247 4576298.327629796 -808.7576108992104 4294967295 4294967295 0 9 3 -5852097.225469933 -15839850.593134502 20481484.900702197 24630288.064121906 0 16.171867878119702 1 4 3673343.2766664806 23216074.22187732 12178369.788757432 24524778.162381027 0 15.87760853980769 1 15 3273201.5509551535 -20929569.10685584 15350897.760106599 23488179.043775517 0 9.703119430361626 1 17 25130418.35570158 6406365.308227084 6486960.212128395 21782605.259124327 0 4.181289297079281 1 24 16891044.03478675 18797449.843415875 8339190.684240733 22939325.555014513 0 6.209126876445707 1 25 10811684.515746228 -11980864.499856496 20794088.164368253 21098939.161838543 0 3.8871951197240673 1 27 24500738.006429497 -5337045.218971632 8795307.114943415 21173016.269307014 0 3.731760126124219 1 28 12863728.890860738 8247504.009901306 21701673.085336447 20831316.562172644 0 3.457261530442345 1 30 18066066.756234877 -10198473.608381888 16438877.001087716 20710632.62263855 0 3.4245153587070396 1
SOLVE 101 1473458242.0 4426043.388334117 -89428.5062578442 4576298.279890953 -660.6098759261542 4294967295 4294967295 0 9 3 -5850511.592487397 -15841908.095681438 20480326.948902708 24630342.565513745 0 16.170772132408217 1 4 3672414.911790636 23214793.435384825 12181054.864849731 24524570.119175617 0 15.87288763049879 1 15 3274183.9149303813 -20927764.718946904 15353133.53845408 23487703.90325109 0 9.69983341822434 1 17 25129596.2679309 6406517.6182010425 6489995.357515007 21782283.89705061 0 4.180766636153461 1 24 16891313.61901664 18798548.91165396 8336309.302445212 22940052.726001173 0 6.210351684156105 1 25 10813223.682231957 -11978623.070887893 20794614.254681863 21098694.452107314 0 3.8867851879939534 1 27 24501844.866619207 -5336757.753551291 8792399.644369742 21173563.489135984 0 3.7321228750073394 1 28 12862056.029957408 8249702.179752869 21701812.17353891 20831781.41589708 0 3.4575224364484223 1 30 18068180.248936772 -10198115.96277422 16436842.106696542 20710832.88184988 0 3.4245255111602613 1
SOLVE 102 1473458243.0 4426043.398444678 -89428.49391311068 4576298.259027241 -512.4266205700782 4294967295 4294967295 0 9 3 -5848926.166411652 -15843965.575682484 20479168.560934886 24630397.426587194 0 16.1696786085579 1 4 3671486.3007313283 23213512.40896384 12183739.679173457 24524362.249699812 0 15.868170518088643 1 15 3275166.4866010756 -20925960.119745128 15355368.974964583 23487228.75215661 0 9.696549767803216 1 17 25128773.81187069 6406669.948459278 6493030.366739836 21781962.62043089 0 4.1802441900210106 1 24 16891583.096005503 18799647.642682455 8333427.744985137 22940779.85960095 0 6.211577006238591 1 25 10814762.9968076 -11976381.668330641 20795139.890480533 21098449.852398884 0 3.8863754104583323 1 27 24502951.378505427 -5336470.364535908 8789491.986977007 21174110.874827657 0 3.7324857875566604 1 28 12860383.283507442 8251900.462133973 21701950.799141947 20832246.348929986 0 3.457783430481004 1 30 18070293.501552567 -10197758.460439455 16434806.858984467 20711033.222603366 0 3.42453577424143 1
SOLVE 103 1473458244.0 4426043.3489406705 -89428.55222669675 4576298.17995512 -364.1905269249825 4294967295 4294967295 0 9 3 -5847340.946886396 -15846023.033564616 20478009.73654668 24630452.218276426 0 16.168585958815083 1 4 3670557.443469142 23212231.142669942 12186424.23167044 24524154.813405648 0 15.863458009712003 1 15 3276149.265747213 -20924155.309741225 15357604.069055166 23486753.693113353 0 9.6932678750091 1 17 25127950.987144727 6406822.299125159 6496065.241186715 21781641.631354045 0 4.179721978901733 1 24 16891852.46583082 18800746.037025005 8330546.010548276 22941507.129397422 0 6.212802973606061 1 25 10816302.459811473 -11974140.291709991 20795665.071879365 21098205.392816722 0 3.8859657225379762 1 27 24504057.54232303 -5336183.051811207 8786584.142133659 21174658.402321987 0 3.732848837403669 1 28 12858710.652351437 8254098.855943736 21702088.9620758 20832711.496360824 0 3.4580445359320406 1 30 18072406.51402878 -10197401.101349665 16432771.257996872 20711233.82186949 0 3.4245461080973345 1
SOLVE 104 1473458245.0 4426043.2898624 -89428.50105330002 4576298.130887844 -216.04952831756498 4294967295 4294967295 0 9 3 -5845755.933933805 -15848080.46926415 20476850.475761965 24630507.043490898 0 16.167495894417293 1 4 3669628.339982818 23210949.63655903 12189108.522282504 24523947.374898553 0 15.85874795244033 1 15 3277132.252850839 -20922350.28813516 15359838.821741518 23486278.520725075 0 9.689988656288593 1 17 25127127.794161018 6406974.670178036 6499099.979345225 21781320.56522279 0 4.179199970911751 1 24 16892121.728375897 18801844.094420556 8327664.099883499 22942234.31097431 0 6.214029299207209 1 25 10817842.070480933 -11971898.942154225 20796189.798617914 21097960.977912553 0 3.885556223444843 1 27 24505163.357515823 -5335895.815467934 8783676.111288078 21175205.994038202 0 3.7332120830253186 1 28 12857038.135734124 8256297.362178763 21702226.66240267 20833176.538257558 0 3.4583056928112215 1 30 18074519.28631211 -10197043.885476656 16430735.303779159 20711434.497642234 0 3.424556585587902 1
SOLVE 105 1473458246.0 4426043.270721323 -89428.52693513835 4576297.970404393 -67.8951700700554 4294967295 4294967295 0 9 3 -5844171.12719799 -15850137.88320794 20475690.778328206 24630562.289095607 0 16.16640791810094 1 4 3668698.990253525 23209667.890686613 12191792.550951477 24523739.79558197 0 15.85404302624918 1 15 3278115.447457807 -20920545.05584799 15362073.231907953 23485803.358333584 0 9.686711404807449 1 17 25126304.23254289 6407127.061741772 6502134.582599074 21780999.657097682 0 4.178678128772971 1 24 16892390.883589737 18802941.814868826 8324782.013052649 22942961.6036398 0 6.215256225627848 1 25 10819381.829521565 -11969657.618654026 20796714.070936345 21097716.678018946 0 3.88514684690809 1 27 24506268.824318953 -5335608.655390872 8780767.893808808 21175753.627056018 0 3.7335754133050516 1 28 12855365.734496025 8258495.97973797 21702363.900053244 20833641.775019184 0 3.458566988448286 1 30 18076631.81885309 -10196686.812706849 16428698.995891169 20711635.312998075 0 3.424567126331965 1
SOLVE 106 1473458247.0 4426043.288975425 -89428.47814418747 4576298.062845663 80.35305479162024 4294967295 4294967295 0 9 3 -5842586.527455888 -15852195.274351604 20474530.64482229 24630617.53114496 0 16.165321602759647 1 4 3667769.3942597215 23208385.905108627 12194476.317619203 24523532.331084352 0 15.849341208565933 1 15 3279098.8500511944 -20918739.61207933 15364307.30056986 23485328.31788537 0 9.683436678216031 1 17 25125480.30269874 6407279.473795603 6505169.049437957 21780678.7529728 0 4.17815660879046 1 24 16892659.931419916 18804039.19837081 8321899.750117562 22943688.962891817 0 6.216483732177572 1 25 10820921.736171119 -11967416.322337119 20797237.888574667 21097472.336330052 0 3.884737623593158 1 27 24507373.94296723 -5335321.571465152 8777859.48906418 21176301.45559791 0 3.7339390075242616 1 28 12853693.447881576 8260694.709618666 21702500.675089322 20834106.938705318 0 3.4588283286582255 1 30 18078744.1105914 -10196329.883181706 16426662.3353493 20711836.22838393 0 3.4245778147519257 1
SOLVE 107 1473458248.0 4426043.2532350365 -89428.48177211994 4576298.0987382 228.56113659275186 4294967295 4294967295 0 9 3 -5841002.134351844 -15854252.643121893 20473370.074991763 24630672.912104014 0 16.164236373630253 1 4 3666839.5522042457 23207103.68018637 12197159.821587753 24523325.025040545 0 15.844643763535235 1 15 3280082.460410522 -20916933.957320035 15366541.027144406 23484853.19527032 0 9.680163797760049 1 17 25124656.00425178 6407431.906462582 6508203.381245493 21780358.040905375 0 4.17763531581252 1 24 16892928.871751677 18805136.244664397 8319017.311827366 22944416.328793313 0 6.217711850425324 1 25 10822461.790767526 -11965175.052729107 20797761.25164793 21097228.078928713 0 3.8843285010473876 1 27 24508478.7129048 -5335034.563782223 8774950.89850286 21176849.3634028 0 3.7343027419541786 1 28 12852021.276731508 8262893.550719097 21702636.987442024 20834572.21962835 0 3.4590897752702867 1 30 18080856.16197705 -10195973.096788606 16424625.32171352 20712037.263240837 0 3.424588580775807 1
SOLVE 108 1473458249.0 4426043.353016782 -89428.52047016648 4576298.232198203 376.9306948058763 4294967295 4294967295 0 9 3 -5839417.947907648 -15856309.989455199 20472209.068860598 24630728.25704657 0 16.16315356604838 1 4 3665909.463623379 23205821.215364195 12199843.064078575 24523117.949891035 0 15.839951306706832 1 15 3281066.2783154533 -20915128.092061114 15368774.411049105 23484378.3201965 0 9.676893206866044 1 17 25123831.337610606 6407584.359722669 6511237.576511496 21780037.509834442 0 4.177114253659359 1 24 16893197.704660956 18806232.954273626 8316134.696869438 22945143.784706417 0 6.218940627217537 1 25 10824001.993649872 -11962933.809354668 20798284.16027074 21096983.939418968 0 3.8839195227123913 1 27 24509583.13436681 -5334747.632226045 8772042.121493254 21177397.349449657 0 3.7346666252027543 1 28 12850349.22029064 8265092.504036206 21702772.837172743 20835037.618993826 0 3.459351339749562 1 30 18082967.972957358 -10195616.4534983 16422587.955029229 20712238.40481328 0 3.4245994408602787 1
SOLVE 109 1473458250.0 4426043.269688507 -89428.54041200256 4576298.163426519 525.1267549505345 4294967295 4294967295 0 9 3 -5837833.967767936 -15858367.31377825 20471047.62617583 24630783.93488966 0 16.162071882791533 1 4 3664979.128718884 23204538.5110035 12202526.044393701 24522910.81620676 0 15.835261698790347 1 15 3282050.3042483144 -20913322.015502054 15371007.45329888 23483903.321433283 0 9.673624557635629 1 17 25123006.302398335 6407736.833697993 6514271.636619464 21779716.966915976 0 4.176593364422073 1 24 16893466.430032887 18807329.326936428 8313251.905992844 22945871.282320052 0 6.220169797416038 1 25 10825542.344054097 -11960692.593342906 20798806.614183784 21096739.85340394 0 3.8835106654874476 1 27 24510687.207587283 -5334460.77668425 8769133.157403601 21177945.569360875 0 3.7350306444529275 1 28 12848677.279399611 8267291.568468067 21702908.22421308 20835503.167912185 0 3.4596129807879294 1 30 18085079.54347808 -10195259.953284316 16420550.235341828 20712439.762390226 0 3.424610394788522 1
SOLVE 110 1473458251.0 4426043.274392923 -89428.60282544562 4576298.159861982 673.3723021557296 4294967295 4294967295 0 9 3 -5836250.1947093895 -15860424.61504659 20469885.747515235 24630839.79719123 0 16.16099222680502 1 4 3664048.5474706506 23203255.56716005 12205208.762474976 24522703.74580061 0 15.8305769546753 1 15 3283034.5379893673 -20911515.72813374 15373240.153311165 23483428.44786275 0 9.67035806524727 1 17 25122180.899023883 6407889.328368745 6517305.56005934 21779396.50780635 0 4.176072709529962 1 24 16893735.047815148 18808425.362653747 8310368.939259483 22946598.838079114 0 6.221399625521217 1 25 10827082.842686974 -11958451.403683718 20799328.6136262 21096495.714943293 0 3.883101938996514 1 27 24511790.932011507 -5334173.9972455 8766224.007682811 21178493.7909901 0 3.7353948122561826 1 28 12847005.453303143 8269490.745012014 21703043.148623973 20835968.77829491 0 3.459874737162515 1 30 18087190.873486847 -10194903.596116796 16418512.162696797 20712641.240622528 0 3.424621438008808 1
SOLVE 111 1473458252.0 4426043.322050957 -89428.64204142874 4576298.161648703 821.6318634903649 4294967295 4294967295 0 9 3 -5834666.62837646 -15862481.893686956 20468723.432625998 24630895.742750265 0 16.159915024393303 1 4 3663117.7198583866 23201972.383889634 12207891.218264272 24522496.720678054 0 15.825896006628502 1 15 3284018.9793174984 -20909709.230447445 15375472.510503754 23482953.5514296 0 9.667093956403777 1 17 25121355.127109542 6408041.843858941 6520339.348214504 21779075.98561124 0 4.175552250791329 1 24 16894003.557956073 18809521.061425984 8307485.7967311805 22947326.531227957 0 6.222629950794826 1 25 10828623.488785032 -11956210.24150552 20799850.15833913 21096251.67198385 0 3.882693373505882 1 27 24512894.307874057 -5333887.293795454 8763314.671699192 21179042.17457034 0 3.735759132254115 1 28 12845333.742841106 8271690.032566988 21703177.610337496 20836434.438387886 0 3.460136586064757 1 30 18089301.963433538 -10194547.381882945 16416473.736653501 20712842.824405845 0 3.4246325905489323 1
SOLVE 112 1473458253.0 4426043.3872690145 -89428.67895548555 4576298.143013289 969.9139308848758 4294967295 4294967295 0 9 3 -5833083.2687908085 -15864539.149635797 20467560.68153209 24630951.7787649 0 16.158839952403934 1 4 3662186.645862252 23200688.961247995 12210573.41170346 24522289.831240684 0 15.82121901097084 1 15 3285003.628716061 -20907902.521642257 15377704.525891079 23482478.79794406 0 9.663832083402667 1 17 25120528.987065084 6408194.380146928 6523372.999575016 21778755.654948346 0 4.175031991335589 1 24 16894271.96040423 18810616.42325334 8304602.478469823 22948054.171884544 0 6.223860799036959 1 25 10830164.283054201 -11953969.10579911 20800371.248561323 21096007.742379878 0 3.882284953713062 1 27 24513997.33540919 -5333600.666219685 8760405.14882085 21179590.621807773 0 3.7361235974262836 1 28 12843662.14725902 8273889.432129315 21703311.60941418 20836900.209044315 0 3.4603985328312374 1 30 18091412.812258232 -10194191.310724359 16414434.958229378 20713044.550023623 0 3.424643842937208 1
SOLVE 113 1473458254.0 4426043.561707856 -89428.72527756591 4576298.302174808 1118.3545763981167 4294967295 4294967295 0 9 3 -5831500.115973908 -15866596.382829564 20466397.494257554 24631007.999401275 0 16.15776687223962 1 4 3661255.325461922 23199405.299290948 12213255.342734423 24522083.14540145 0 15.816546522718218 1 15 3285988.4859649655 -20906095.602209233 15379936.198890861 23482003.992175087 0 9.66057251758256 1 17 25119702.478512336 6408346.937357429 6526406.515524171 21778435.514792126 0 4.174512009481675 1 24 16894540.255043745 18811711.447875414 8301718.985224804 22948781.927707046 0 6.225092322076113 1 25 10831705.224731613 -11951727.997692132 20800891.88403434 21095763.953578297 0 3.8818766731097694 1 27 24515100.01406249 -5333314.114607867 8757495.440496992 21180139.157354023 0 3.736488257241063 1 28 12841990.667396143 8276088.9425985655 21703445.14578654 20837365.99485235 0 3.4606605743727386 1 30 18093523.420411553 -10193835.382527001 16412395.826983936 20713246.35445082 0 3.424655205418218 1
SOLVE 114 1473458255.0 4426043.641781923 -89428.73980706271 4576298.231739072 1266.60374497729 4294967295 4294967295 0 9 3 -5829917.169570961 -15868653.593694812 20465233.87054894 24631064.176083796 0 16.156696066647278 1 4 3660323.7586379657 23198121.398074184 12215937.011299029 24521876.5848134 0 15.811877095553223 1 15 3286973.550842085 -20904288.472639967 15382167.528921157 23481529.03651429 0 9.657315153479392 1 17 25118875.601861645 6408499.51546774 6529439.894552133 21778115.33991221 0 4.173992144145778 1 24 16894808.441951606 18812806.13581415 8298835.315683 22949509.646522023 0 6.226324178871432 1 25 10833246.314154843 -11949486.916710671 20801412.064872548 21095520.286972594 0 3.881468549922523 1 27 24516202.344068006 -5333027.638847037 8754585.546095772 21180687.750324488 0 3.7368530181288593 1 28 12840319.302498799 8278288.564970038 21703578.21951469 20837831.85149307 0 3.4609227084965593 1 30 18095633.787839323 -10193479.597264234 16410356.34296263 20713448.326874603 0 3.424666663417469 1
SOLVE 115 1473458256.0 4426043.660661126 -89428.66786948546 4576298.319218391 1414.9769823698387 4294967295 4294967295 0 9 3 -5828334.430357749 -15870710.78118723 20464069.810985148 24631120.425478388 0 16.155626484688284 1 4 3659391.945369401 23196837.25765365 12218618.41733917 24521670.027691416 0 15.807210147063511 1 15 3287958.8238317883 -20902481.132133134 15384398.516995938 23481054.371853366 0 9.654060164389119 1 17 25118048.35673457 6408652.114602446 6532473.138042076 21777795.394568272 0 4.173472582071074 1 24 16895076.521011606 18813900.486809365 8295951.470593764 22950237.451377742 0 6.2275565446563625 1 25 10834787.551663417 -11947245.86237919 20801931.79118989 21095276.71923375 0 3.8810605697840668 1 27 24517304.325659968 -5332741.238822119 8751675.46498521 21181236.6191755 0 3.7372180378297513 1 28 12838648.053405818 8280488.298143655 21703710.830531616 20838297.784102812 0 3.461184876200488 1 30 18097743.91448893 -10193123.95490676 16408316.506210927 20713650.554515835 0 3.42467826721641 1
SOLVE 116 1473458257.0 4426043.775815583 -89428.59111902492 4576298.449349352 1563.4787664383748 4294967295 4294967295 0 9 3 -5826751.897978927 -15872767.945733532 20462905.315312833 24631177.122321278 0 16.15455954686067 1 4 3658459.885859194 23195552.87839127 12221299.560157545 24521463.569566824 0 15.802547456216484 1 15 3288944.30471324 -20900673.58118005 15386629.16253319 23480579.87090316 0 9.650807564658226 1 17 25117220.74354134 6408804.734740867 6535506.244484328 21777475.557598103 0 4.172953221483009 1 24 16895344.49217219 18814994.500861447 8293067.450018991 22950965.33726642 0 6.228789462040686 1 25 10836328.93649377 -11945004.835825676 20802451.062728617 21095033.261541024 0 3.8806527509668545 1 27 24518405.958284505 -5332454.914622456 8748765.19861477 21181785.652794946 0 3.73758320492523 1 28 12836976.919362936 8282688.143115856 21703842.97889701 20838763.86305071 0 3.461447148194713 1 30 18099853.80030737 -10192768.455425886 16406276.3167743 20713852.9402216 0 3.424689975892911 1
SOLVE 117 1473458258.0 4426043.650809447 -89428.48577436697 4576298.53412265 1711.7532258791678 4294967295 4294967295 0 9 3 -5825169.572455934 -15874825.087270183 20461740.383556064 24631233.408393703 0 16.15349247670737 1 4 3657527.5796428616 23194268.25973042 12223980.440974504 24521257.247357503 0 15.797887195520019 1 15 3289929.993265072 -20898865.820272338 15388859.464951226 23480105.183239568 0 9.647556749771857 1 17 25116392.7619038 6408957.376005161 6538539.215261898 21777155.838921685 0 4.1724341419360735 1 24 16895612.355382577 18816088.177970074 8290183.25402055 22951693.141495783 0 6.230022882373907 1 25 10837870.469351646 -11942763.836041445 20802969.879726443 21094789.775845937 0 3.880245019891344 1 27 24519507.242175404 -5332168.666135525 8745854.746352497 21182334.745526284 0 3.737948590836248 1 28 12835305.901209962 8284888.098784733 21703974.664544303 20839229.8827342 0 3.4617094636669923 1 30 18101963.445743725 -10192413.09870979 16404235.774211679 20714055.479416925 0 3.42470179505863 1
SOLVE 118 1473458259.0 4426043.564942938 -89428.51068241596 4576298.471443236 1859.9625937545316 4294967295 4294967295 0 9 3 -5823587.4538108865 -15876882.205733368 20460575.01573892 24631290.06399755 0 16.152427168521672 1 4 3656595.0269238274 23192983.40203291 12226661.059092702 24521050.889834195 0 15.793232697223624 1 15 3290915.889971656 -20897057.848608416 15391089.425263574 23479630.368737146 0 9.644307641329391 1 17 25115564.412232414 6409110.0383751 6541572.048865247 21776836.20453034 0 4.171915225706414 1 24 16895880.11052734 18817181.51787503 8287298.8833480505 22952420.999839053 0 6.231256983057585 1 25 10839412.149473531 -11940522.864154257 20803488.24192609 21094546.3275323 0 3.879837387458372 1 27 24520608.17756689 -5331882.493245134 8742944.107566254 21182883.82538354 0 3.7383140363180796 1 28 12833634.998192662 8287088.166146908 21704105.887532774 20839696.075495217 0 3.46197194018169 1 30 18104072.849739432 -10192057.88489862 16402194.879541555 20714258.058231175 0 3.424713654920073 1
SOLVE 119 1473458260.0 4426043.64626346 -89428.47200729408 4576298.528493577 2008.2507944728475 4294967295 4294967295 0 9 3 -5822005.541688281 -15878939.30154996 20459409.21160744 24631346.95224002 0 16.151365380336788 1 4 3655662.2276806496 23191698.3053548 12229341.41445404 24520844.57061612 0 15.788581990757278 1 15 3291901.9943764606 -20895249.667110987 15393319.042356936 23479155.744296327 0 9.641061316125672 1 17 25114735.694345515 6409262.721939671 6544604.745954275 21776516.524438355 0 4.1713965050931945 1 24 16896147.75768129 18818274.521099247 8284414.336688007 22953148.79409812 0 6.232491568223318 1 25 10840953.9771986 -11938281.919688866 20804006.14944141 21094302.892703015 0 3.87942995754252 1 27 24521708.763905633 -5331596.396040658 8740033.283705834 21183432.958368957 0 3.738679651468488 1 28 12831964.211149614 8289288.344102038 21704236.64779633 20840162.25046086 0 3.4622345056714443 1 30 18106182.012744658 -10191702.81387865 16400153.632322984 20714460.681790996 0 3.4247256466122002 1
SOLVE 120 1473458261.0 4426043.6885764105 -89428.4187506119 4576298.544283927 2156.5755688154854 4294967295 4294967295 0 9 3 -5820423.836864178 -15880996.373675337 20458242.971741647 24631404.025216118 0 16.150305354972804 1 4 3654729.181893916 23190412.969751813 12232021.507000428 24520638.423847485 0 15.783934791298304 1 15 3292888.3069635155 -20893441.27497838 15395548.31724452 23478681.14659898 0 9.637817148340494 1 17 25113906.60806174 6409415.4267853135 6547637.307188655 21776196.97163774 0 4.170877990031683 1 24 16896415.296729818 18819367.187381722 8281529.614789966 22953876.68045645 0 6.233726650331284 1 25 10842495.952865304 -11936041.002170837 20804523.60238587 21094059.644916583 0 3.879022665838282 1 27 24522809.001425344 -5331310.374408826 8737122.27413912 21183982.335355468 0 3.739045423433328 1 28 12830293.539327085 8291488.6336462265 21704366.9453938 20840628.581759386 0 3.462497156980688 1 30 18108290.934705768 -10191347.885622395 16398112.032601448 20714663.4840204 0 3.424737741678756 1
SOLVE 121 1473458262.0 4426043.560741557 -89428.40179992992 4576298.43544688 2304.7452671908313 4294967295 4294967295 0 9 3 -5818842.338982913 -15883053.422536377 20457076.29588772 24631461.219011605 0 16.149245703633728 1 4 3653795.8895441364 23189127.39527972 12234701.336673796 24520432.339270964 0 15.779291172761896 1 15 3293874.8275116617 -20891632.672702216 15397777.249344751 23478206.502340958 0 9.634574643645333 1 17 25113077.15379268 6409568.152889575 6550669.731059091 21775877.590176236 0 4.170359704601832 1 24 16896682.727621954 18820459.51672237 8278644.717715841 22954604.48459175 0 6.234962289486598 1 25 10844038.075709436 -11933800.112728285 20805040.600502856 21093816.38922731 0 3.8786154586556187 1 27 24523908.89035953 -5331024.428235975 8734211.078233898 21184531.815006584 0 3.73941134755504 1 28 12828622.983564505 8293689.033677476 21704496.780259576 20841095.036389668 0 3.462759896054558 1 30 18110399.6155694 -10190993.100101864 16396070.080422448 20714866.442528624 0 3.4247499162633526 1
SOLVE 122 1473458263.0 4426043.537186224 -89428.42719475 4576298.402600689 2452.8674784244813 4294967295 4294967295 0 9 3 -5817261.0480660135 -15885110.448069483 20455909.184069756 24631518.33987227 0 16.148188183957842 1 4 3652862.3506111437 23187841.581994392 12237380.90341606 24520226.338106416 0 15.774652433414753 1 15 3294861.5557999345 -20889823.86077425 15400005.838076403 23477731.704649534 0 9.631334303570544 1 17 25112247.331158444 6409720.900378296 6553702.0189482765 21775558.155163802 0 4.16984165154576 1 24 16896950.050305236 18821551.509122442 8275759.645527523 22955332.28043476 0 6.236198595900947 1 25 10845580.346438201 -11931559.250351492 20805557.14402905 21093573.0827754 0 3.8782083850030094 1 27 24525008.430155594 -5330738.55761026 8731299.697440175 21185081.224907197 0 3.7397774203366883 1 28 12826952.54310721 8295889.545193549 21704626.152452055 20841561.41233118 0 3.463022752535764 1 30 18112508.055283133 -10190638.457287379 16394027.775831528 20715069.339100026 0 3.4247621808562316 1
SOLVE 123 1473458264.0 4426043.505890656 -89428.44313073956 4576298.460788889 2600.940816009359 4294967295 4294967295 0 9 3 -5815679.96413518 -15887167.450210951 20454741.636311896 24631575.50774078 0 16.147132054644462 1 4 3651928.5650747 23186555.529951725 12240060.207169158 24520020.27673134 0 15.77001738981511 1 15 3295848.492312438 -20888014.83839258 15402234.084452214 23477256.86234513 0 9.628096109585051 1 17 25111417.140570886 6409873.669229469 6556734.169347032 21775238.64702632 0 4.169323867593204 1 24 16897217.26472818 18822643.164582346 8272874.398286909 22956060.18185604 0 6.2374355024936525 1 25 10847122.764287336 -11929318.416168466 20806073.2327083 21093329.654615443 0 3.8778014379467796 1 27 24526107.62104719 -5330452.762417913 8728388.13112578 21185630.707424305 0 3.7401436929709266 1 28 12825282.218794247 8298090.167092751 21704755.06190608 20842027.73803798 0 3.463285686227951 1 30 18114616.254296273 -10190283.957066372 16391985.118387146 20715272.346816253 0 3.424774557074931 1
SOLVE 124 1473458265.0 4426043.483354647 -89428.50793556297 4576298.482747536 2749.031244522404 4294967295 4294967295 0 9 3 -5814099.086835311 -15889224.429387495 20453573.652359724 24631632.68060034 0 16.146077570930256 1 4 3650994.532915568 23185269.23920747 12242739.247875022 24519814.38005011 0 15.765386876301323 1 15 3296835.636827872 -20886205.60604897 15404461.98789087 23476781.812850337 0 9.624859877460741 1 17 25110586.581650253 6410026.459567143 6559766.183637947 21774919.348282646 0 4.168806293755469 1 24 16897484.370775837 18823734.482842166 8269988.976743892 22956788.211139306 0 6.238673023810381 1 25 10848665.329595521 -11927077.609704511 20806588.866653975 21093086.44925187 0 3.877394608535117 1 27 24527206.46326776 -5330167.042544485 8725476.378658347 21186180.222321182 0 3.7405100967785483 1 28 12823612.009871837 8300290.900371694 21704883.508679662 20842494.141914442 0 3.4635487351375254 1 30 18116724.211550336 -10189929.59957963 16389942.10910885 20715475.46509009 0 3.42478701311989 1
SOLVE 125 1473458266.0 4426043.4882543 -89428.46936998323 4576298.5040803505 2897.1786753697456 4294967295 4294967295 0 9 3 -5812518.416942195 -15891281.384554474 20452405.23279431 24631690.021566994 0 16.145026128723806 1 4 3650060.2543357695 23183982.710124392 12245418.02483696 24519608.537560742 0 15.76075899263872 1 15 3297822.9891239083 -20884396.16423553 15406689.547811413 23476307.05206706 0 9.621626334408868 1 17 25109755.654808544 6410179.2713702265 6562798.0603119545 21774600.151176408 0 4.168288890793042 1 24 16897751.368523303 18824825.46442341 8267103.379584476 22957516.144946184 0 6.239910891650346 1 25 10850208.042701682 -11924836.830484895 20807104.045979053 21092843.426494274 0 3.8769879781120538 1 27 24528304.95626486 -5329881.398079898 8722564.44148817 21186729.9432768 0 3.7408766727825102 1 28 12821941.91717866 8302491.743928912 21705011.49270807 20842960.653569587 0 3.4638118482496774 1 30 18118831.927494813 -10189575.384714339 16387898.747555215 20715678.738607258 0 3.424799607752726 1
SOLVE 126 1473458267.0 4426043.466200735 -89428.46220814732 4576298.442922166 3045.3051874382454 4294967295 4294967295 0 9 3 -5810937.954100315 -15893338.316138724 20451236.377361394 24631747.570685036 0 16.143976350813606 1 4 3649125.7288708007 23182695.942144733 12248096.539274255 24519402.77925759 0 15.756135245194553 1 15 3298810.549685652 -20882586.51214994 15408916.76522612 23475832.243738342 0 9.6183947674676 1 17 25108924.359665766 6410332.104762288 6565829.800751506 21774281.013226777 0 4.167771680389773 1 24 16898018.257856064 18825916.109065697 8264217.607558503 22958244.267442897 0 6.241149313782138 1 25 10851750.902841333 -11922596.079637501 20807618.770428047 21092600.45284453 0 3.8765814705528827 1 27 24529403.100272026 -5329595.828909899 8719652.31898292 21187279.75410498 0 3.7412433757838564 1 28 12820271.940359239 8304692.698236264 21705139.014018543 20843427.290279187 0 3.4640750696901805 1 30 18120939.40207653 -10189221.312442144 16385855.033771785 20715882.25723694 0 3.4248122853884606 1
SOLVE 127 1473458268.0 4426043.498808532 -89428.47963212288 4576298.449408605 3193.4971208896263 4294967295 4294967295 0 9 3 -5809357.698331017 -15895395.224076658 20450067.08608512 24631804.781555623 0 16.142928398630453 1 4 3648190.9567232807 23181408.93563113 12250774.79049016 24519197.097039297 0 15.751515900491285 1 15 3299798.318291815 -20880776.65028414 15411143.639553955 23475357.724192888 0 9.615165329005865 1 17 25108092.69663432 6410484.959722278 6568861.403447722 21773961.957959507 0 4.1672547116379475 1 24 16898285.03872213 18827006.41676995 8261331.660727879 22958972.4871595 0 6.242388374006496 1 25 10853293.910721758 -11920355.356152881 20808133.040236603 21092357.519994177 0 3.8761750924500604 1 27 24530500.895260923 -5329310.334987545 8716740.011204526 21187829.678882457 0 3.741610243256361 1 28 12818602.079057561 8306893.763766654 21705266.072637882 20843894.01804086 0 3.4643383944539616 1 30 18123046.635242805 -10188867.382733908 16383810.967804104 20716085.86468492 0 3.4248250595070946 1
SOLVE 128 1473458269.0 4426043.480413059 -89428.41664074657 4576298.450138329 3341.6615618807405 4294967295 4294967295 0 9 3 -5807777.649656217 -15897452.108304484 20448897.358989634 24631862.582032684 0 16.141882507025972 1 4 3647255.937872898 23180121.690639514 12253452.77842664 24518991.567754608 0 15.74689912171037 1 15 3300786.2947199806 -20878966.579130385 15413370.17021422 23474883.18952702 0 9.611938295320195 1 17 25107260.66533382 6410637.836374024 6571892.869782883 21773643.05791121 0 4.166737950213108 1 24 16898551.711069893 18828096.38753673 8258445.539154551 22959700.51196505 0 6.2436278359356345 1 25 10854837.065577986 -11918114.661159215 20808646.85514972 21092114.671446502 0 3.8757688790446476 1 27 24531598.34146456 -5329024.916199268 8713827.5175204 21188379.752179857 0 3.7419773000841787 1 28 12816932.33411244 8309094.939417936 21705392.668502066 20844360.802745007 0 3.4646017767409623 1 30 18125153.62694015 -10188513.59556191 16381766.54969774 20716289.63349778 0 3.4248379642719966 1
SOLVE 129 1473458270.0 4426043.4803776955 -89428.35491487668 4576298.467879448 3489.889900261181 4294967295 4294967295 0 9 3 -5806197.807720667 -15899508.969248999 20447727.195820082 24631920.534437507 0 16.14083852814077 1 4 3646320.6723003527 23178834.207225703 12256130.503025647 24518786.10607556 0 15.742286275309967 1 15 3301774.479455452 -20877156.297886062 15415596.358218718 23474408.80397944 0 9.608713431424626 1 17 25106428.2661771 6410790.734696154 6574924.19824825 21773324.290774554 0 4.1662214086037945 1 24 16898818.27478436 18829186.02110678 8255559.2435885705 22960428.630040754 0 6.2448678605888785 1 25 10856380.367749196 -11915873.994181473 20809160.21528027 21091871.91281256 0 3.8753628038422443 1 27 24532695.43833132 -5328739.57263426 8710914.83938129 21188929.970114384 0 3.7423445169187377 1 28 12815262.704770068 8311296.226187361 21705518.80166804 20844827.713099726 0 3.4648652539898905 1 30 18127260.37761799 -10188159.950812956 16379721.77901072 20716493.581009973 0 3.4248509705402874 1
SOLVE 130 1473458271.0 4426043.469780635 -89428.34809799514 4576298.371714461 3638.0935915250366 4294967295 4294967295 0 9 3 -5804618.1732995 -15901565.80586561 20446556.597158622 24631978.66872978 0 16.139796316079423 1 4 3645385.1599863265 23177546.485445503 12258807.964229157 24518580.900553636 0 15.737677929447834 1 15 3302762.8722763965 -20875345.80704335 15417822.202986699 23473934.45240284 0 9.605490476927539 1 17 25105595.49878347 6410943.654812522 6577955.390226012 21773005.60791802 0 4.165705042913884 1 24 16899084.729941413 18830275.317999914 8252672.772715591 22961156.762017593 0 6.246108459902253 1 25 10857923.817574397 -11913633.354744961 20809673.12074073 21091629.244604103 0 3.8749568477310894 1 27 24533792.186094467 -5328454.304178326 8708001.976154655 21189480.3387835 0 3.742711838203585 1 28 12813593.191869281 8313497.622972415 21705644.47207226 20845294.81495527 0 3.4651288543142433 1 30 18129366.886218563 -10187806.448627414 16377676.65676361 20716697.643521886 0 3.424864048420133 1
SOLVE 131 1473458272.0 4426043.410511512 -89428.31348821348 4576298.446520523 3786.221950273047 4294967295 4294967295 0 9 3 -5803038.746036952 -15903622.618581286 20445385.5627505 24632036.896986224 0 16.138754854846997 1 4 3644449.4009100907 23176258.525354963 12261485.16197914 24518375.54719987 0 15.733072822326369 1 15 3303751.47296116 -20873535.107094504 15420047.70393771 23473459.731249854 0 9.602269615841534 1 17 25104762.363566138 6411096.596701651 6580986.444207523 21772686.95748807 0 4.165189000818529 1 24 16899351.07642555 18831364.27795726 8249786.127285657 22961884.957711402 0 6.247349694245146 1 25 10859467.414289191 -11911392.743977051 20810185.571276765 21091386.52505879 0 3.874551004792078 1 27 24534888.584986914 -5328169.110717128 8705088.927207895 21190030.718655806 0 3.743079408723505 1 28 12811923.794655874 8315699.130771194 21705769.679771233 20845761.733685937 0 3.465392508484019 1 30 18131473.15319135 -10187453.088892069 16375631.18251456 20716901.73901217 0 3.4248772516450874 1
SOLVE 132 1473458273.0 4426043.545320312 -89428.33629603025 4576298.577982158 3934.348593891194 4294967295 4294967295 0 9 3 -5801459.525955021 -15905679.407332169 20444214.09261992 24632095.243923396 0 16.137716384295217 1 4 3643513.3950525736 23174970.327009875 12264162.096217593 24518170.212003957 0 15.728473145558992 1 15 3304740.2819948727 -20871724.197236747 15422272.862083113 23472985.017533295 0 9.599051032658766 1 17 25103928.860143717 6411249.560488922 6584017.3615748705 21772368.192662176 0 4.164673147810111 1 24 16899617.31418492 18832452.900979657 8246899.3073607 22962613.17362399 0 6.248591597812687 1 25 10861011.158600856 -11909152.160868581 20810697.567122985 21091143.69837154 0 3.874145315616498 1 27 24535984.634457808 -5327883.992338975 8702175.693991935 21190580.989708465 0 3.743447090139198 1 28 12810254.513968347 8317900.748481375 21705894.424701873 20846228.627352715 0 3.465656304669462 1 30 18133579.178483658 -10187099.87157777 16373585.356309138 20717105.80441243 0 3.424890536672564 1
SOLVE 133 1473458274.0 4426043.617344386 -89428.3934080795 4576298.645956697 4082.4577360722437 4294967295 4294967295 0 9 3 -5799880.513075256 -15907736.172054555 20443042.18679108 24632153.384097084 0 16.13667909180516 1 4 3642577.1426172955 23173681.890773356 12266838.766248347 24517965.124030873 0 15.723877452464915 1 15 3305729.298919541 -20869913.078394227 15424497.676312001 23472510.379109733 0 9.59583431408411 1 17 25103094.988930207 6411402.546151216 6587048.140819542 21772049.51099948 0 4.164157513291413 1 24 16899883.443168644 18833541.187067114 8244012.313002671 22963341.55755796 0 6.249834084615684 1 25 10862555.049743835 -11906911.606547814 20811209.10802551 21090900.938098248 0 3.8737397345333044 1 27 24537080.334739853 -5327598.94893101 8699262.275874184 21191131.41652128 0 3.7438149168465285 1 28 12808585.349053483 8320102.477099769 21706018.706920277 20846695.66226368 0 3.4659202012618873 1 30 18135684.962041873 -10186746.796657106 16371539.178192932 20717310.08923446 0 3.4249039055886263 1
SOLVE 134 1473458275.0 4426043.576510929 -89428.39277704849 4576298.474313749 4230.435889029338 4294967295 4294967295 0 9 3 -5798301.70704334 -15909792.913174905 20441869.845008656 24632211.714813463 0 16.13564415488262 1 4 3641640.643137944 23172393.216086965 12269515.173289731 24517760.0702575 0 15.719284333148922 1 15 3306718.5242195833 -20868101.749764096 15426722.147635411 23472035.834799115 0 9.59261983617644 1 17 25102260.74974318 6411555.553776069 6590078.782600961 21771730.836484887 0 4.163641987283428 1 24 16900149.463261664 18834629.135961 8241125.144961865 22964069.903353497 0 6.251076855187104 1 25 10864099.088056713 -11904671.080540387 20811720.194096733 21090658.312297612 0 3.8733343197187655 1 27 24538175.686065666 -5327313.9803795805 8696348.672221892 21191682.035326105 0 3.744182852342565 1 28 12806916.30074983 8322304.315523656 21706142.526363824 20847162.87912271 0 3.466184179791194 1 30 18137790.503812514 -10186393.864102315 16369492.648211557 20717514.622456267 0 3.424917378847305 1
SOLVE 135 1473458276.0 4426043.584378546 -89428.34133669738 4576298.421135256 4378.520479729929 4294967295 4294967295 0 9 3 -5796723.108632992 -15911849.629649023 20440697.067855876 24632270.470678102 0 16.134611415633348 1 4 3640703.896817374 23171104.30331388 12272191.316645557 24517555.106582172 0 15.714694578217868 1 15 3307707.9576737876 -20866290.211838625 15428946.275473027 23471561.321319245 0 9.589407782004443 1 17 25101426.14239954 6411708.583452343 6593109.287578383 21771412.3965532 0 4.163126707238036 1 24 16900415.374538604 18835716.7481813 8238237.801923528 22964798.196736887 0 6.252320160956973 1 25 10865643.273879744 -11902430.582370598 20812230.825448643 21090415.837315388 0 3.872929065279889 1 27 24539270.68788487 -5327029.086772904 8693434.88448627 21192232.76697586 0 3.744550991189176 1 28 12805247.368303167 8324506.264751624 21706265.883088175 20847630.131763134 0 3.466448229576647 1 30 18139895.80374336 -10186041.073883465 16367445.766410626 20717719.27689536 0 3.424930980557282 1
SOLVE 136 1473458277.0 4426043.562383894 -89428.35410589415 4576298.513322789 4526.767950762525 4294967295 4294967295 0 9 3 -5795144.717488783 -15913906.321903748 20439523.85507753 24632329.329434723 0 16.133578906091817 1 4 3639766.903636437 23169815.15250995 12274867.196257813 24517350.29939856 0 15.710109316100311 1 15 3308697.59906045 -20864478.465110358 15431170.059244867 23471086.92854026 0 9.58619744146715 1 17 25100591.167313624 6411861.635157773 6596139.654243528 21771094.322415184 0 4.162611759374121 1 24 16900681.17688512 18836804.02346871 8235350.284637906 22965526.661606945 0 6.253564258493985 1 25 10867187.606447803 -11900190.113166004 20812741.001828026 21090173.485776015 0 3.8725238840356586 1 27 24540365.340430316 -5326744.267996767 8690520.912034595 21192783.720905066 0 3.7449193438921875 1 28 12803578.552551778 8326708.323681047 21706388.777031176 20848097.545255814 0 3.4667123702520373 1 30 18142000.862283293 -10185688.425887883 16365398.532347614 20717924.09162815 0 3.424944671489338 1
SOLVE 137 1473458278.0 4426043.539264711 -89428.43114063927 4576298.441564206 4674.920594687133 4294967295 4294967295 0 9 3 -5793566.53363296 -15915962.989875102 20438350.206697848 24632388.0913833 0 16.132548410247 1 4 3638829.663575977 23168525.763731018 12277542.812068515 24517145.557906497 0 15.70552868880236 1 15 3309687.4488644395 -20862666.508776113 15433393.499961494 23470612.61102471 0 9.582988994256032 1 17 25099755.824103516 6412014.7090166025 6599169.883978144 21770776.255484223 0 4.162096958206425 1 24 16900946.870249733 18837890.961823784 8232462.593166965 22966255.163811684 0 6.254808911806588 1 25 10868732.086467756 -11897949.671918148 20813250.723468468 21089931.16880938 0 3.872118826282411 1 27 24541459.6436736 -5326459.524005027 8687606.754928812 21193334.70940855 0 3.745287776113748 1 28 12801909.85274274 8328910.493308735 21706511.208248075 20848565.11115 0 3.4669766453812105 1 30 18144105.678375192 -10185335.9202558 16363350.947044348 20718129.012415487 0 3.424958426416132 1
SOLVE 138 1473458279.0 4426043.360774423 -89428.47507808074 4576298.384479541 4823.001585215959 4294967295 4294967295 0 9 3 -5791988.557086654 -15918019.633499498 20437176.12274111 24632446.99220811 0 16.131518386301057 1 4 3637892.176615399 23167236.137033172 12280218.164019674 24516940.989914633 0 15.700950736248952 1 15 3310677.5068635033 -20860854.34332847 15435616.597042855 23470138.021464434 0 9.5797824763377 1 17 25098920.11318399 6412167.805006439 6602199.975274082 21770458.272270996 0 4.1615824336279745 1 24 16901212.454580817 18838977.563247282 8229574.727572659 22966983.738544375 0 6.256054095867196 1 25 10870276.71317429 -11895709.2597546 20813759.990117237 21089688.94840714 0 3.8717138747018356 1 27 24542553.59784703 -5326174.854684204 8684692.412535984 21193885.948039383 0 3.7456564282965634 1 28 12800241.26971383 8331112.772532527 21706633.176677164 20849032.69543567 0 3.467240971367318 1 30 18146210.252467856 -10184983.556874765 16361303.010058384 20718334.079470083 0 3.424972297578671 1
SOLVE 139 1473458280.0 4426043.468765781 -89428.52795963883 4576298.450063093 4971.26162542084 4294967295 4294967295 0 9 3 -5790410.787871568 -15920076.252713153 20436001.60323154 24632506.13028451 0 16.13049240164699 1 4 3636954.4427352147 23165946.27247232 12282893.252053313 24516736.581541844 0 15.696377963544569 1 15 3311667.7728354926 -20859041.96926018 15437839.349909252 23469663.660023235 0 9.576578621497012 1 17 25098084.03417209 6412320.923254224 6605229.929512965 21770140.293092985 0 4.161068080607178 1 24 16901477.929825816 18840063.827740826 8226686.687916953 22967712.416213788 0 6.257299890499237 1 25 10871821.486907354 -11893468.876199892 20814268.801886212 21089446.744316313 0 3.8713091200332435 1 27 24543647.202401236 -5325890.260120963 8681777.886307701 21194437.104139738 0 3.7460252006673165 1 28 12798572.802711213 8333315.162350855 21706754.682373285 20849500.30942212 0 3.467505433276451 1 30 18148314.584509235 -10184631.335714582 16359254.721435381 20718539.265011128 0 3.4249862724770543 1
SOLVE 140 1473458281.0 4426043.233757351 -89428.60894289229 4576298.319367686 5119.213146378963 4294967295 4294967295 0 9 3 -5788833.2256328305 -15922132.847942753 20434826.64791327 24632565.345891416 0 16.129465453701144 1 4 3636016.462139956 23164656.170411963 12285568.075473748 24516532.02288402 0 15.691807823307045 1 15 3312658.2472657594 -20857229.38576774 15440061.759570763 23469189.05919859 0 9.573376082844899 1 17 25097247.58748379 6412474.063734287 6608259.745186785 21769822.525383953 0 4.160553982770434 1 24 16901743.295871772 18841149.75504458 8223798.474950385 22968440.935044214 0 6.2585462114829795 1 25 10873366.408005143 -11891228.52078028 20814777.158886906 21089204.526668433 0 3.8709044134073425 1 27 24544740.457567967 -5325605.740204942 8678863.175611084 21194988.393548824 0 3.7463941513920247 1 28 12796904.45257388 8335517.661659378 21706875.72527518 20849968.01484804 0 3.4677699563907884 1 30 18150418.67444492 -10184279.256749185 16357206.081220979 20718744.579406817 0 3.42500032651556 1
SOLVE 141 1473458282.0 4426043.1760442015 -89428.6292730329 4576298.41709666 5267.448277175325 4294967295 4294967295 0 9 3 -5787255.871144139 -15924189.418143896 20433651.25737083 24632624.710521817 0 16.12844155984433 1 4 3635078.234361534 23163365.830293078 12288242.635498479 24516327.83436514 0 15.687241462751265 1 15 3313648.9299323163 -20855416.59334384 15442283.825447615 23468714.835587174 0 9.57017623888911 1 17 25096410.772735644 6412627.22657435 6611289.423677056 21769504.915830184 0 4.160040136189623 1 24 16902008.55279172 18842235.345678817 8220910.087357745 22969169.591432456 0 6.259793109406842 1 25 10874911.475703243 -11888988.194622248 20815285.06086725 21088962.425286658 0 3.8704998944726587 1 27 24545833.363580167 -5325321.294818513 8675948.279813102 21195539.853385556 0 3.7467633137574317 1 28 12795236.218945105 8337720.270932561 21706996.305408575 20850435.796880875 0 3.4680345585717096 1 30 18152522.522223298 -10183927.319947597 16355157.08946083 20718950.130112655 0 3.42501451990025 1
SOLVE 142 1473458283.0 4426043.081961 -89428.66933148846 4576298.385629923 5415.644633628915 4294967295 4294967295 0 9 3 -5785678.72405108 -15926245.9637431 20432475.431348436 24632684.347451374 0 16.12741955525442 1 4 3634139.75960495 23162075.252479013 12290916.931431776 24516123.618843235 0 15.682678983090772 1 15 3314639.820612107 -20853603.592481486 15444505.546960382 23468240.605153494 0 9.566978392621284 1 17 25095573.59034338 6412780.411751092 6614318.963475867 21769187.362064887 0 4.159526454869366 1 24 16902273.70047195 18843320.599384353 8218021.525889561 22969898.31642615 0 6.261040511381476 1 25 10876456.69070857 -11886747.896717597 20815792.508059774 21088720.464574978 0 3.8700955074663304 1 27 24546925.919888146 -5325036.924052461 8673033.20036562 21196091.50526727 0 3.7471325901032304 1 28 12793568.101470325 8339922.990641784 21707116.422798764 20850903.75923558 0 3.4682992696190955 1 30 18154626.127790656 -10183575.525282552 16353107.74620059 20719155.80585886 0 3.4250287969346536 1
SOLVE 143 1473458284.0 4426043.137593041 -89428.69574558787 4576298.3761893455 5563.919307867104 4294967295 4294967295 0 9 3 -5784101.784375116 -15928302.48467662 20431299.169870384 24632744.044331577 0 16.126400893084657 1 4 3633201.0378501234 23160784.437025845 12293590.963215683 24515919.40574977 0 15.678120771134642 1 15 3315630.9197912957 -20851790.382376842 15446726.925118666 23467766.57586522 0 9.563783040692035 1 17 25094736.04012352 6412933.619353519 6617348.365242379 21768869.868101582 0 4.159012936452008 1 24 16902538.73886022 18844405.516162544 8215132.790607775 22970627.056017328 0 6.262288431772722 1 25 10878002.052255794 -11884507.628193457 20816299.500212878 21088478.62341123 0 3.8696913033173983 1 27 24548018.126724485 -5324752.6277913675 8670117.936635638 21196643.173390035 0 3.7475019924491924 1 28 12791900.100986822 8342125.819684847 21707236.077385183 20851371.79031802 0 3.4685640953663914 1 30 18156729.491094533 -10183223.872724568 16351058.05148595 20719361.560383804 0 3.425043179658641 1
SOLVE 144 1473458285.0 4426043.12128023 -89428.6353242043 4576298.349526481 5712.10151396761 4294967295 4294967295 0 9 3 -5782525.052137546 -15930358.980880769 20430122.472960986 24632803.543983944 0 16.125384184545787 1 4 3632262.069077157 23159493.383989573 12296264.730792237 24515715.284686096 0 15.673564897060038 1 15 3316622.2270106426 -20849976.963955227 15448947.958813481 23467292.397974376 0 9.56059004514999 1 17 25093898.121892862 6413086.849468232 6620377.629635595 21768552.31882778 0 4.158499623823437 1 24 16902803.66790525 18845490.09601391 8212243.881574399 22971355.834096316 0 6.26353674144118 1 25 10879547.56068391 -11882267.388575338 20816806.03743799 21088236.915122233 0 3.8692872618028336 1 27 24549109.984060675 -5324468.405990113 8667202.48868509 21197195.007892642 0 3.747871588121548 1 28 12790232.216741694 8344328.759059342 21707355.269221615 20851839.778938077 0 3.4688289741675673 1 30 18158832.612582896 -10182872.36216211 16349008.004873749 20719567.42600869 0 3.4250576948190994 1
SOLVE 145 1473458286.0 4426043.009058182 -89428.55904275857 4576298.299676854 5860.2751768392245 4294967295 4294967295 0 9 3 -5780948.527359509 -15932415.452291919 20428945.340644553 24632863.635962665 0 16.12436857284855 1 4 3631322.8532667854 23158202.09342615 12298938.234103506 24515511.37902648 0 15.669012164041574 1 15 3317613.7427566424 -20848163.336412612 15451168.649054136 23466818.144612517 0 9.557399029780909 1 17 25093059.836067386 6413240.1020732 6623406.755147816 21768234.94597358 0 4.15798654759773 1 24 16903068.487492744 18846574.338680442 8209354.799540214 22972084.67857007 0 6.26478557759881 1 25 10881093.216332464 -11880027.177388398 20817312.119846094 21087995.214058317 0 3.8688833392031317 1 27 24550201.492128666 -5324184.258534603 8664286.855880806 21197746.976937987 0 3.7482413670229744 1 28 12788564.449572602 8346531.807662146 21707473.998247966 20852307.874741476 0 3.469093925565241 1 30 18160935.491199963 -10182520.993734136 16346957.607387222 20719773.623297084 0 3.4250723160963075 1
SOLVE 146 1473458287.0 4426042.879264543 -89428.50676904219 4576298.169073421 6008.396627365317 4294967295 4294967295 0 9 3 -5779372.2096868465 -15934471.899336508 20427767.77266463 24632923.702133387 0 16.12335476483407 1 4 3630383.390399751 23156910.56539152 12301611.473091535 24515307.53746411 0 15.664463433382725 1 15 3318605.4668065803 -20846349.500241976 15453388.9952613 23466343.842596736 0 9.554210005953959 1 17 25092221.182263605 6413393.377293122 6626435.7431602655 21767917.687561747 0 4.1574736570806445 1 24 16903333.197697405 18847658.24467996 8206465.543189569 22972813.507361557 0 6.266034960284341 1 25 10882639.018435452 -11877786.995760107 20817817.747186262 21087753.668202776 0 3.8684795451054286 1 27 24551292.65037985 -5323900.185513506 8661371.039675003 21198299.034183636 0 3.7486112731212398 1 28 12786896.798726618 8348734.966491129 21707592.264517598 20852776.068240143 0 3.4693589849713082 1 30 18163038.127394423 -10182169.767327903 16344906.858583324 20719979.868583098 0 3.4250870230847865 1
SOLVE 147 1473458288.0 4426042.872850132 -89428.4169807081 4576298.125838732 6156.51876414943 4294967295 4294967295 0 9 3 -5777796.099892494 -15936528.320970263 20426589.769607067 24632983.805409115 0 16.12234393148776 1 4 3629443.6806799127 23155618.800249804 12304284.447061142 24515104.004943214 0 15.65991852888859 1 15 3319597.398937567 -20844535.455936566 15455608.996855982 23465869.659110904 0 9.551023493799018 1 17 25091382.160897534 6413546.6751071 6629464.592165382 21767600.375607792 0 4.156960968388137 1 24 16903597.798403848 18848741.81375534 8203576.11327324 22973542.16035273 0 6.267284870390871 1 25 10884184.967332747 -11875546.843215244 20818322.91956962 21087512.07550159 0 3.868075929585167 1 27 24552383.459046546 -5323616.186811555 8658455.039434506 21198851.10712323 0 3.7489813451785823 1 28 12785229.265040748 8350938.2344438555 21707710.067970876 20853244.222704522 0 3.4696241381789585 1 30 18165140.521113772 -10181818.682914078 16342855.758507755 20720186.118390057 0 3.4251018501819304 1
SOLVE 148 1473458289.0 4426042.83565471 -89428.33464183258 4576298.108237821 6304.677931440152 4294967295 4294967295 0 9 3 -5776220.197621738 -15938584.71761981 20425411.33121549 24633043.944975454 0 16.121334404802475 1 4 3628503.72363999 23154326.797440983 12306957.157228958 24514900.207729783 0 15.655377338889972 1 15 3320589.539636262 -20842721.202692054 15457828.654847031 23465395.510800302 0 9.547838973203277 1 17 25090542.771585733 6413699.995638599 6632493.303544225 21767283.230616044 0 4.1564485243719265 1 24 16903862.28956116 18849825.045906845 8200686.509853184 22974271.028886788 0 6.268535377905759 1 25 10885731.063363725 -11873306.719279205 20818827.637106862 21087270.608999234 0 3.867672432704003 1 27 24553473.918360263 -5323332.262315667 8655538.854526022 21199403.30179424 0 3.7493515956825285 1 28 12783561.847762343 8353141.612517993 21707827.40866073 20853712.46148718 0 3.469889378350031 1 30 18167242.672304787 -10181467.740464507 16340804.30720623 20720392.54297744 0 3.4251167779009544 1
SOLVE 149 1473458290.0 4426042.617284634 -89428.34022058759 4576297.91467306 6452.575172031686 4294967295 4294967295 0 9 3 -5774644.502895962 -15940641.089221403 20424232.457514264 24633103.99030036 0 16.120324907259544 1 4 3627563.519485181 23153034.55732891 12309629.602899747 24514696.299531866 0 15.650840236335846 1 15 3321581.8886796185 -20840906.741001647 15460047.968655387 23464921.31588686 0 9.544655829357863 1 17 25089703.014745105 6413853.33886457 6635521.875789423 21766966.170391306 0 4.15593630084246 1 24 16904126.671118572 18850907.941134598 8197796.732991407 22974999.762677483 0 6.269786515623482 1 25 10887277.305761646 -11871066.625079833 20819331.899547745 21087029.02121969 0 3.867268996320805 1 27 24554564.02777269 -5323048.412115618 8652622.486402048 21199955.513675917 0 3.74972197102279 1 28 12781894.547729267 8355345.099609487 21707944.286527995 20854180.802924175 0 3.4701547280949328 1 30 18169344.58091417 -10181116.939951243 16338752.504724437 20720599.016055167 0 3.425131762269364 1
SOLVE 150 1473458291.0 4426042.714113859 -89428.30868098991 4576297.904941082 6600.790184683166 4294967295 4294967295 0 9 3 -5773069.0157367 -15942697.435711207 20423053.14852776 24633164.550512716 0 16.11931985025565 1 4 3626623.068194715 23151742.079969805 12312301.78401559 24514492.586236786 0 15.646307797734885 1 15 3322574.445844646 -20839092.071358714 15462266.93770233 23464447.30113238 0 9.541475569307927 1 17 25088862.889990818 6414006.7049126765 6638550.310281901 21766649.08910121 0 4.155424254983325 1 24 16904390.94295964 18851990.499183126 8194906.783438924 22975728.741282824 0 6.2710382188277976 1 25 10888823.695235781 -11868826.559607314 20819835.70712317 21086787.639635734 0 3.8668657802167545 1 27 24555653.78751633 -5322764.636094218 8649705.934429303 21200507.90550366 0 3.7500924931126898 1 28 12780227.364585046 8357548.6961928215 21708060.701597493 20854649.237743754 0 3.4704201967933686 1 30 18171446.246890206 -10180766.281343555 16336700.351108111 20720805.600941446 0 3.42514687179821 1
SOLVE 151 1473458292.0 4426042.720437406 -89428.32576412986 4576298.004861669 6749.046867590448 4294967295 4294967295 0 9 3 -5771493.736164638 -15944753.757025719 20421873.404280353 24633225.0794834 0 16.118314718079294 1 4 3625682.369749594 23150449.36541963 12314973.700518565 24514289.182882436 0 15.641779316282035 1 15 3323567.2116184696 -20837277.192958634 15464485.562996231 23463973.21268404 0 9.53829694651079 1 17 25088022.397740513 6414160.0937585365 6641578.60551439 21766332.27417835 0 4.15491253866947 1 24 16904655.105160203 18853072.720568247 8192016.659879703 22976457.86620159 0 6.272290675511362 1 25 10890370.23101931 -11866586.523989353 20820339.059583332 21086546.277603038 0 3.8664626325195073 1 27 24556743.197562553 -5322480.934207302 8646789.19866977 21201060.424096297 0 3.7504632375694813 1 28 12778560.297975006 8359752.40273996 21708176.653893594 20855117.72785174 0 3.470685744442737 1 30 18173547.670179337 -10180415.76461386 16334647.846402986 20721012.39132772 0 3.425162074465246 1
SOLVE 152 1473458293.0 4426042.77025095 -89428.31801013078 4576297.976989881 6897.24068930352 4294967295 4294967295 0 9 3 -5769918.663826519 -15946810.053591093 20420693.22451501 24633285.769166064 0 16.117312670130314 1 4 3624741.4241303317 23149156.41373441 12317645.352350771 24514085.955319818 0 15.637254461550771 1 15 3324560.1857770304 -20835462.1062949 15466703.843958305 23463499.160467077 0 9.535120675447253 1 17 25087181.537810158 6414313.505490714 6644606.762145762 21766015.49496594 0 4.1544009402749085 1 24 16904919.157605268 18854154.605033085 8189126.363064698 22977186.894474335 0 6.273543538830218 1 25 10891916.913451286 -11864346.517751638 20820841.957038864 21086305.01884997 0 3.8660596627031207 1 27 24557832.25814292 -5322197.306340281 8643872.278489953 21201612.93428793 0 3.75083408217276 1 28 12776893.348736458 8361956.218147233 21708292.143357832 20855586.29723039 0 3.470951401409376 1 30 18175648.850728545 -10180065.389733821 16332594.990654774 20721219.324643575 0 3.425177376143376 1
SOLVE 153 1473458294.0 4426042.919062701 -89428.26640693788 4576297.979458068 7045.395952360208 4294967295 4294967295 0 9 3 -5768343.799494421 -15948866.324363178 20419512.609818857 24633346.574031293 0 16.116313677508327 1 4 3623800.2313170177 23147863.224970255 12320316.7394543 24513882.616221562 0 15.632733222033705 1 15 3325553.368097282 -20833646.811861027 15468921.780010102 23463025.093820114 0 9.531946899681515 1 17 25086340.3100155 6414466.940197454 6647634.7808347475 21765698.687314127 0 4.153889518885625 1 24 16905183.100243032 18855236.15257877 8186235.89305593 22977915.879250813 0 6.274796880944668 1 25 10893463.74287181 -11862106.540419007 20821344.399599988 21086063.769626502 0 3.865656875063903 1 27 24558920.968710072 -5321913.752581544 8640955.175342752 21202165.364104483 0 3.7512050784698556 1 28 12775226.516116442 8364160.143413325 21708407.170042083 20856054.797957852 0 3.4712171527076827 1 30 18177749.788986128 -10179715.156590693 16330541.783419661 20721426.322208844 0 3.425192795935967 1
SOLVE 154 1473458295.0 4426042.873435017 -89428.3049827785 4576297.871037265 7193.387738120414 4294967295 4294967295 0 9 3 -5766769.142813664 -15950922.569768583 20418331.559935004 24633407.40198555 0 16.115314243792167 1 4 3622858.79151565 23146569.79949146 12322987.861134438 24513679.215341683 0 15.628216014065604 1 15 3326546.7590665324 -20831831.308852132 15471139.372159528 23462550.9292354 0 9.528774427837241 1 17 25085498.71477461 6414620.397854851 6650662.660074271 21765381.94713533 0 4.153378359962969 1 24 16905446.93302324 18856317.363205064 8183345.2499153875 22978644.94206192 0 6.276050911238024 1 25 10895010.718513796 -11859866.593119169 20821846.387017578 21085822.458890915 0 3.8652541339765656 1 27 24560009.32949527 -5321630.272818604 8638037.888594706 21202718.00044661 0 3.7515762300913873 1 28 12773559.800952507 8366364.177433903 21708521.73388833 20856523.45161016 0 3.4714830039295834 1 30 18179850.483896874 -10179365.065323703 16328488.225722441 20721633.417976376 0 3.4252082770419343 1
SOLVE 155 1473458296.0 4426042.87807728 -89428.25773960288 4576297.888252593 7341.617367998294 4294967295 4294967295 0 9 3 -5765194.693805671 -15952978.78974353 20417150.074887842 24633468.497626662 0 16.11431729501814 1 4 3621917.104256447 23145276.136737563 12325658.718606994 24513476.172045622 0 15.623701653089544 1 15 3327540.3582243826 -20830015.598194677 15473356.619299479 23462077.039510168 0 9.52560449374259 1 17 25084656.75170219 6414773.878589158 6653690.401244989 21765065.451034773 0 4.152867436351 1 24 16905710.655830104 18857398.23665644 8180454.434394344 22979374.10770224 0 6.277305420508287 1 25 10896557.84071738 -11857626.67537686 20822347.91940199 21085581.419033483 0 3.8648515701579234 1 27 24561097.34047071 -5321346.867003455 8635120.418307839 21203270.96127229 0 3.7519475965145745 1 28 12771893.202491365 8368568.321208366 21708635.834948033 20856992.263337195 0 3.4717489144645746 1 30 18181950.935909428 -10179015.115819631 16326434.3171194 20721840.776240245 0 3.4252239002139064 1
SOLVE 156 1473458297.0 4426043.036996109 -89428.20309558655 4576298.065900762 7490.0045405458495 4294967295 4294967295 0 9 3 -5763620.452491657 -15955034.984224267 20415968.154701795 24633529.839902703 0 16.113323001343737 1 4 3620975.1697447584 23143982.23707291 12328329.311177192 24513273.41278479 0 15.619191596517345 1 15 3328534.1660583834 -20828199.679083586 15475573.522437537 23461603.105334766 0 9.522436951914832 1 17 25083814.42121606 6414927.382378945 6656718.002839956 21764748.995237112 0 4.152356752114679 1 24 16905974.268737834 18858478.77344927 8177563.4451763015 22980103.421467975 0 6.278560568626089 1 25 10898105.109822655 -11855386.786717014 20822848.996863116 21085340.485364374 0 3.864449167389681 1 27 24562185.001867726 -5321063.535021452 8632202.763848474 21203824.036101222 0 3.7523191435287355 1 28 12770226.721569758 8370772.573633283 21708749.473163627 20857461.085197207 0 3.4720149259772928 1 30 18184051.14497127 -10178665.308049189 16324380.057656275 20722048.22113794 0 3.425239637929191 1
SOLVE 157 1473458298.0 4426042.897532127 -89428.16267163883 4576297.8967789505 7638.075907715789 4294967295 4294967295 0 9 3 -5762046.418893305 -15957091.153146869 20414785.799401306 24633591.217695396 0 16.112329039369833 1 4 3620032.9879620597 23142688.10055343 12330999.638787156 24513070.46960873 0 15.614684147255874 1 15 3329528.1823441335 -20826383.55201262 15477790.080995372 23461129.106480714 0 9.519270917943267 1 17 25082971.722931817 6415080.90934567 6659745.466239671 21764432.669905655 0 4.151846214808109 1 24 16906237.77163361 18859558.97332529 8174672.283012513 22980832.599236947 0 6.279816099722957 1 25 10899652.525061173 -11853146.928268302 20823349.61915254 21085099.616841942 0 3.8640468532287326 1 27 24563272.31313894 -5320780.276964214 8629284.926669875 21204377.244207773 0 3.7526907974749806 1 28 12768560.357436474 8372976.935705126 21708862.64858616 20857930.100656323 0 3.4722810213890356 1 30 18186151.11102818 -10178315.64198609 16322325.447378842 20722255.85852042 0 3.4252554471689876 1
SOLVE 158 1473458299.0 4426042.81329988 -89428.20283952392 4576297.814044754 7786.153772726117 4294967295 4294967295 0 9 3 -5760472.593031133 -15959147.296447812 20413603.009010814 24633652.424229674 0 16.11133629106059 1 4 3619090.5588885136 23141393.727235258 12333669.701379009 24512867.577411868 0 15.610181682029307 1 15 3330522.4068591977 -20824567.217475448 15480006.294394987 23460655.022849966 0 9.516106692044008 1 17 25082128.657267254 6415234.459469474 6662772.789937378 21764116.427821275 0 4.1513359452949 1 24 16906501.164465006 18860638.836286273 8171780.947964972 22981561.91388267 0 6.281072403932596 1 25 10901200.087143032 -11850907.099020647 20823849.786499497 21084858.73272575 0 3.863644635421217 1 27 24564359.274516217 -5320497.092715099 8626366.906138446 21204930.424992602 0 3.753062613263775 1 28 12766894.110927245 8375181.406321676 21708975.36115854 20858399.10945175 0 3.4725472372477597 1 30 18188250.834028587 -10177966.117599333 16320270.486332895 20722463.52274339 0 3.4252713338862586 1
SOLVE 159 1473458300.0 4426042.925355745 -89428.15748873532 4576297.980731785 7934.500079577187 4294967295 4294967295 0 9 3 -5758898.974551523 -15961203.41455344 20412419.783272628 24633714.204223655 0 16.11034689976167 1 4 3618147.88250361 23140099.117174666 12336339.498894881 24512664.863864258 0 15.605682692253684 1 15 3331516.8400907093 -20822750.674666796 15482222.163643498 23460181.229347218 0 9.512945260081123 1 17 25081285.22403769 6415388.032839495 6665799.974591711 21763800.288621876 0 4.15082592078828 1 24 16906764.447179347 18861718.36233422 8168889.4400957 22982291.32590028 0 6.282329255433951 1 25 10902747.795301374 -11848667.300101068 20824349.49865602 21084617.901228476 0 3.86324261971686 1 27 24565445.88597166 -5320213.9822268775 8623448.702316169 21205483.754438527 0 3.75343465002603 1 28 12765227.981686428 8377385.985956572 21709087.61090467 20858868.15354243 0 3.4728135252976498 1 30 18190350.313919965 -10177616.734859655 16318215.17456419 20722671.414352152 0 3.4252873706361373 1
SOLVE 160 1473458301.0 4426043.001100037 -89428.1843813071 4576298.04118758 8082.829823298021 4294967295 4294967295 0 9 3 -5757325.5642260695 -15963259.50641952 20411236.122775402 24633775.826573707 0 16.109358798777034 1 4 3617204.9590141834 23138804.27073626 12339009.03064047 24512462.525395617 0 15.601188180989986 1 15 3332511.481814938 -20820933.92408049 15484437.68816284 23459707.42289805 0 9.509785544980623 1 17 25080441.423058916 6415541.629541701 6668827.020861174 21763484.31690003 0 4.150316090659729 1 24 16907027.619663853 18862797.551211525 8165997.760156155 22983020.79983362 0 6.283586735898115 1 25 10904295.649875227 -11846427.531035444 20824848.755731948 21084377.23665363 0 3.8628407046228075 1 27 24566532.147735864 -5319930.94538696 8620530.314569265 21206037.21618672 0 3.753806799776229 1 28 12763561.969359828 8379590.6750814505 21709199.39784804 20859337.37628607 0 3.4730799373675043 1 30 18192449.5506488 -10177267.4937395 16316159.512118548 20722879.420956265 0 3.4253034734687624 1
SOLVE 161 1473458302.0 4426043.015450554 -89428.18454635725 4576298.050594646 8231.09952949889 4294967295 4294967295 0 9 3 -5755752.361700882 -15965315.572472464 20410052.02726156 24633837.525287952 0 16.108372366832405 1 4 3616261.7879505428 23137509.18735881 12341678.297830854 24512260.23593237 0 15.596696766978688 1 15 3333506.331807746 -20819116.966210574 15486652.867375292 23459233.758202136 0 9.50662791482348 1 17 25079597.254749797 6415695.24955413 6671853.927239237 21763168.42778712 0 4.14980646233311 1 24 16907290.68199213 18863876.40343407 8163105.906829502 22983750.200562336 0 6.284844700284341 1 25 10905843.651204456 -11844187.791349042 20825347.557836704 21084136.603875287 0 3.8624389272588973 1 27 24567618.05926276 -5319647.982284075 8617611.744351333 21206590.819179967 0 3.754179113864341 1 28 12761896.07478385 8381795.472592592 21709310.72193223 20859806.69783825 0 3.4733464287218396 1 30 18194548.54416225 -10176918.394210229 16314103.499041745 20723087.57495091 0 3.4253196837495445 1
SOLVE 162 1473458303.0 4426043.016295608 -89428.2725755301 4576298.02084692 8379.277659160152 4294967295 4294967295 0 9 3 -5754179.36699686 -15967371.612648588 20408867.496755574 24633899.51542762 0 16.1073869899271 1 4 3615318.369518636 23136213.867407035 12344347.299771678 24512057.88274661 0 15.59221011554401 1 15 3334501.390557427 -20817299.800251376 15488867.702287499 23458759.84106829 0 9.503471951153164 1 17 25078752.718724377 6415848.893001288 6674880.69510603 21762852.62353582 0 4.1492970615896185 1 24 16907553.634050217 18864954.918745298 8160213.880867156 22984479.62136899 0 6.286103371671067 1 25 10907391.798521949 -11841948.082168845 20825845.904723004 21083895.966056403 0 3.86203723981854 1 27 24568703.62078346 -5319365.092803777 8614692.99102863 21207144.41880816 0 3.754551558091134 1 28 12760230.297206255 8384000.3794886265 21709421.58320724 20860276.06572462 0 3.473613045491555 1 30 18196647.294407774 -10176569.436242549 16312047.135379598 20723295.733958095 0 3.425335959532189 1
SOLVE 163 1473458304.0 4426043.013504555 -89428.32350528051 4576297.934880104 8527.403389578285 4294967295 4294967295 0 9 3 -5752606.5801355345 -15969427.626883987 20407682.531281948 24633961.565798786 0 16.106403981197168 1 4 3614374.703698536 23134918.310937133 12347016.0364051 24511855.37983313 0 15.587726679373041 1 15 3335496.6576022627 -20815482.42713026 15491082.191793734 23458286.039478913 0 9.50031824222794 1 17 25077907.815401826 6416002.559861473 6677907.322955151 21762536.85165278 0 4.148787832880444 1 24 16907816.475786164 18866033.09714657 8157321.682331152 22985209.03041985 0 6.287362492168235 1 25 10908940.092167338 -11839708.403020257 20826343.79650039 21083655.395228438 0 3.8616357128620176 1 27 24569788.83226996 -5319082.276899546 8611774.054663166 21207698.091011737 0 3.754924149168867 1 28 12758564.63746339 8386205.394665574 21709531.981617115 20860745.496136364 0 3.473879749881289 1 30 18198745.801332444 -10176220.619807936 16309990.421177903 20723504.021941498 0 3.425352345302827 1
SOLVE 164 1473458305.0 4426043.0225138 -89428.31066913134 4576298.002056961 8675.685888796 4294967295 4294967295 0 9 3 -5751034.001137652 -15971483.615115024 20406497.130865164 24634023.921817876 0 16.105422733558378 1 4 3613430.790470311 23133622.51800531 12349684.50767327 24511653.199312434 0 15.58324616724895 1 15 3336492.1334305136 -20813664.84604141 15493296.336900339 23457812.333493628 0 9.497166856007771 1 17 25077062.54459736 6416156.250222761 6680933.811445094 21762221.254602548 0 4.148278876844274 1 24 16908079.2071481 18867110.938639235 8154429.31128353 22985938.52833549 0 6.288622166289069 1 25 10910488.532481039 -11837468.753428094 20826841.233278 21083414.95958305 0 3.8612343362000017 1 27 24570873.693952907 -5318799.534457315 8608854.934620995 21208252.032414015 0 3.7552969742122393 1 28 12756899.094802681 8388410.519122825 21709641.917211425 20861215.000859432 0 3.474146510245133 1 30 18200844.06538402 -10175871.944793925 16307933.355992017 20723712.52942154 0 3.4253688679252408 1
SOLVE 165 1473458306.0 4426042.871701346 -89428.31045462536 4576297.824971671 8823.715150901202 4294967295 4294967295 0 9 3 -5749461.630024864 -15973539.577277713 20405311.295529746 24634086.03834849 0 16.104442731641665 1 4 3612486.629815681 23132326.48866752 12352352.713518355 24511450.969734434 0 15.578768820758512 1 15 3337487.8178176987 -20811847.05747897 15495510.137029694 23457338.62777689 0 9.494017232095162 1 17 25076216.906126283 6416309.9641716145 6683960.161234221 21761905.597118206 0 4.147770067854245 1 24 16908341.828022975 18868188.442966543 8151536.768475967 22986668.012658123 0 6.289882273539126 1 25 10912037.118694598 -11835229.13452031 20827338.214809205 21083174.489757538 0 3.86083307468059 1 27 24571958.205286756 -5318516.865566557 8605935.632356076 21208806.03233483 0 3.7556699062695604 1 28 12755233.670061303 8390615.751754833 21709751.38993469 20861684.607665263 0 3.474413367981037 1 30 18202942.085508473 -10175523.411339281 16305875.940848641 20723921.212695796 0 3.42538546903847 1
SOLVE 166 1473458307.0 4426042.821514998 -89428.40762297835 4576297.786854856 8971.920808347539 4294967295 4294967295 0 9 3 -5747889.466817547 -15975595.51330856 20404125.0253002 24634148.39305162 0 16.103463991077145 1 4 3611542.2219402967 23131030.22328903 12355020.653246466 24511248.882828515 0 15.574296830518136 1 15 3338483.71054089 -20810029.061937045 15497723.591604529 23456864.839028418 0 9.49086940446794 1 17 25075370.90040801 6416463.701687566 6686986.370816295 21761590.140176926 0 4.147261542374348 1 24 16908604.338483874 18869265.61064389 8148644.052591228 22987397.79249151 0 6.291143221958675 1 25 10913585.851149093 -11832989.545821033 20827834.741203275 21082934.137267563 0 3.860431906463298 1 27 24573042.366502684 -5318234.27011129 8603016.14723449 21209360.147913825 0 3.7560430047226143 1 28 12753568.3628834 8392821.093035847 21709860.3998101 20862154.32118965 0 3.4746803543635147 1 30 18205039.862154417 -10175175.019330073 16303818.175303202 20724129.99319509 0 3.4254021451498833 1
SOLVE 167 1473458308.0 4426042.862000236 -89428.39863164714 4576297.906670651 9120.285085300846 4294967295 4294967295 0 9 3 -5746317.511162493 -15977651.423633756 20402938.319918077 24634210.98202366 0 16.102488165092293 1 4 3610597.566373417 23129733.721308034 12357688.328071952 24511047.191561557 0 15.569827563343928 1 15 3339479.8120874306 -20808210.858609688 15499936.701630704 23456391.21797589 0 9.487724250919321 1 17 25074524.527055692 6416617.462895422 6690012.441571206 21761274.843016762 0 4.146753245688162 1 24 16908866.738415927 18870342.441416085 8145751.164380962 22988127.565182175 0 6.292404631007826 1 25 10915134.73018431 -11830749.986855747 20828330.81256905 21082693.90825706 0 3.860030932550547 1 27 24574126.177572627 -5317951.748045333 8600096.479318287 21209914.374126863 0 3.756416324070336 1 28 12751903.172913857 8395026.543439284 21709968.946860466 20862624.035895236 0 3.4749473971887053 1 30 18207137.39526888 -10174826.768737888 16301760.059401548 20724339.021690637 0 3.4254189729772673 1
SOLVE 168 1473458309.0 4426042.87049549 -89428.38040007888 4576298.0046771495 9268.598413199175 4294967295 4294967295 0 9 3 -5744745.763830354 -15979707.307209203 20401751.179973774 24634273.67590984 0 16.101514002017215 1 4 3609652.663321641 23128436.983089577 12360355.737300875 24510845.468958125 0 15.565361719180675 1 15 3340476.1222332334 -20806392.447991155 15502149.466530886 23455917.52261523 0 9.484581141356326 1 17 25073677.786489762 6416771.247772109 6693038.371992849 21760959.56817592 0 4.146245160468152 1 24 16909129.027768426 18871418.93528347 8142858.103907197 22988857.379169315 0 6.2936665767488975 1 25 10916683.755032089 -11828510.45875185 20828826.428660583 21082453.75684952 0 3.85963009155851 1 27 24575209.638726816 -5317669.299255444 8597176.627973327 21210468.743835166 0 3.7567898075802613 1 28 12750238.100989232 8397232.101860039 21710077.031030975 20863093.80084329 0 3.4752145272950243 1 30 18209234.684798833 -10174478.65953438 16299701.593189524 20724548.12834939 0 3.425435903817585 1
SOLVE 169 1473458310.0 4426042.940832979 -89428.39649079477 4576298.153668099 9416.943188897885 4294967295 4294967295 0 9 3 -5743174.224467319 -15981763.164461283 20400563.60520894 24634336.290078767 0 16.100541701272366 1 4 3608707.5127657745 23127140.0086898 12363022.880875418 24510643.7029272 0 15.560900253733287 1 15 3341472.6407542853 -20804573.83057585 15504361.885728063 23455443.985920846 0 9.481440054050887 1 17 25072830.678323027 6416925.056442646 6696064.163460944 21760644.413985893 0 4.145737303705096 1 24 16909391.20642728 18872495.09199072 8139964.871921811 22989587.204377584 0 6.2949291817975235 1 25 10918232.926402118 -11826270.960500315 20829321.589704856 21082213.647355195 0 3.859229377466596 1 27 24576292.749420792 -5317386.923829144 8594256.59465398 21211023.156572502 0 3.7571634468654973 1 28 12748573.146357432 8399437.769297343 21710184.652370133 20863563.632271074 0 3.4754817685098582 1 30 18211331.730691858 -10174130.691690136 16297642.776712978 20724757.26798326 0 3.425452926222439 1
SOLVE 170 1473458311.0 4426042.880615889 -89428.33440002319 4576298.173473326 9565.254559900653 4294967295 4294967295 0 9 3 -5741602.893094871 -15983818.995326068 20399375.595648155 24634399.1272938 0 16.09957120991369 1 4 3607762.1146862106 23125842.798164915 12365689.758737776 24510441.90308555 0 15.556440906226758 1 15 3342469.3681381866 -20802755.005557545 15506573.96022763 23454970.564070877 0 9.478301142974614 1 17 25071983.202976316 6417078.888883816 6699089.814469582 21760329.423886187 0 4.145229615119783 1 24 16909653.2744662 18873570.91205188 8137071.467107259 22990317.080836017 0 6.296192126848948 1 25 10919782.243525645 -11824031.493228894 20829816.29545639 21081973.73546134 0 3.858828818608998 1 27 24577375.50988467 -5317104.621654 8591336.37872617 21211577.798182976 0 3.7575372512445444 1 28 12746908.309854766 8401643.54464614 21710291.810823616 20864033.62947759 0 3.475749068221158 1 30 18213428.532894507 -10173782.865177542 16295583.610017797 20724966.72360845 0 3.4254700696522553 1
SOLVE 171 1473458312.0 4426042.851457993 -89428.37751418145 4576298.018293076 9713.459903811223 4294967295 4294967295 0 9 3 -5740031.769733963 -15985874.79973978 20398187.151315976 24634462.124593854 0 16.098602708516168 1 4 3606816.469064751 23124545.351570938 12368356.370830141 24510240.328665923 0 15.551986711136989 1 15 3343466.303923596 -20800935.97386427 15508785.688925244 23454496.883573476 0 9.47516395541991 1 17 25071135.36026424 6417232.745184142 6702115.325677018 21760014.376225103 0 4.1447220663736895 1 24 16909915.231771424 18874646.395211242 8134177.890215339 22991047.047687106 0 6.297455704075544 1 25 10921331.706743054 -11821792.056462495 20830310.54602395 21081733.884950034 0 3.858428371448378 1 27 24578457.920090843 -5316822.392682185 8588415.980251921 21212132.463763792 0 3.7579111127820313 1 28 12745243.5907295 8403849.428905359 21710398.50643952 20864503.752845824 0 3.476016524830352 1 30 18215525.09135454 -10173435.179966912 16293524.09314984 20725176.216051146 0 3.4254872602450255 1
SOLVE 172 1473458313.0 4426042.749950333 -89428.38948198623 4576297.89381626 9861.573267971378 4294967295 4294967295 0 9 3 -5738460.854405349 -15987930.577638729 20396998.27223698 24634525.132454116 0 16.097635408979585 1 4 3605870.5761065367 23123247.669273622 12371022.716459034 24510038.740795374 0 15.547535465482468 1 15 3344463.448598952 -20799116.734689526 15510997.072825987 23454023.36163352 0 9.472028794231992 1 17 25070287.15000126 6417386.625431258 6705140.697741422 21759699.45475124 0 4.144214766394317 1 24 16910177.078291103 18875721.54147023 8131284.141308143 22991776.828569356 0 6.29871982431849 1 25 10922881.31639467 -11819552.649726221 20830804.341515873 21081493.948990818 0 3.858028049648433 1 27 24579539.98026922 -5316540.236800444 8585495.398596967 21212687.17065515 0 3.7582851774206327 1 28 12743578.989817085 8406055.420970956 21710504.73916396 20864973.881787512 0 3.476284047181043 1 30 18217621.406019196 -10173087.636029433 16291464.22615497 20725385.817372896 0 3.4255045668970205 1
SOLVE 173 1473458314.0 4426042.703042927 -89428.3551696731 4576297.830073662 10009.820523757948 4294967295 4294967295 0 9 3 -5736890.147130194 -15989986.328959063 20395808.958435733 24634588.161111385 0 16.096670580315163 1 4 3604924.435341199 23121949.750710383 12373688.79683809 24509837.36134133 0 15.543087530636054 1 15 3345460.8019399308 -20797297.288527817 15513208.11135297 23453549.828046337 0 9.468895986557532 1 17 25069438.57260835 6417540.5296037 6708165.929157027 21759384.668447185 0 4.143707675877537 1 24 16910438.81397334 18876796.350830376 8128390.22044768 22992506.866372526 0 6.299984456776066 1 25 10924431.071712404 -11817313.27414693 20831297.681687374 21081254.255971648 0 3.857627893499393 1 27 24580621.689876102 -5316258.154096038 8582574.635216013 21213242.013271414 0 3.7586594215201683 1 28 12741914.506762428 8408261.521316338 21710610.509019453 20865444.06492433 0 3.4765516510743923 1 30 18219717.476836063 -10172740.2333357 16289404.009079065 20725595.67112399 0 3.425521995716856 1
SOLVE 174 1473458315.0 4426042.659281883 -89428.39230541665 4576297.768208341 10158.07242954343 4294967295 4294967295 0 9 3 -5735319.647929318 -15992042.053637045 20394619.209936842 24634651.48182218 0 16.09570691900311 1 4 3603978.046975685 23120651.596246675 12376354.611273779 24509636.138244897 0 15.538644168287698 1 15 3346458.3637221595 -20795477.63587382 15515418.80392964 23453076.21461012 0 9.465764919325006 1 17 25068589.62769774 6417694.457825504 6711191.021303277 21759070.051342167 0 4.1432008223703125 1 24 16910700.438704934 18877870.823036097 8125496.128386089 22993236.927631296 0 6.3012497968190635 1 25 10925980.97303644 -11815073.929249778 20831790.56664692 21081014.602601226 0 3.8572278346323143 1 27 24581703.049141616 -5315976.14445526 8579653.689474842 21213796.927365396 0 3.759033811637567 1 28 12740250.141210958 8410467.730414415 21710715.816028073 20865914.354718342 0 3.4768193733964865 1 30 18221813.30375241 -10172392.971856873 16287343.441968061 20725805.605287395 0 3.4255394992538584 1
SOLVE 175 1473458316.0 4426042.720905578 -89428.39296299535 4576297.8502173 10306.421608935972 4294967295 4294967295 0 9 3 -5733749.356449459 -15994097.752098922 20393429.026481107 24634715.143459603 0 16.09474575093959 1 4 3603031.41098993 23119353.20593881 12379020.15970832 24509435.080165602 0 15.534204449338278 1 15 3347456.1344344225 -20793657.775920752 15517629.151560605 23452602.721964516 0 9.462636233772088 1 17 25067740.315690707 6417848.410075382 6714215.972674575 21758755.41141956 0 4.142694206968999 1 24 16910961.952558335 18878944.958601657 8122601.863805368 22993967.00352595 0 6.302515723177993 1 25 10927531.020707197 -11812834.614559863 20832282.99650256 21080774.931992125 0 3.8568279392467475 1 27 24582784.05803801 -5315694.207830958 8576732.561435496 21214352.010168232 0 3.7594083979703914 1 28 12738585.8939979 8412674.047160992 21710820.660136644 20866384.67249747 0 3.4770871800584255 1 30 18223908.886715844 -10172045.851563541 16285282.524867797 20726015.624951035 0 3.4255571274826946 1
SOLVE 176 1473458317.0 4426042.763365619 -89428.36356901834 4576297.789308328 10454.697659667085 4294967295 4294967295 0 9 3 -5732179.273460814 -15996153.423300542 20392238.40866063 24634778.847334582 0 16.09378713701523 1 4 3602084.5273652542 23118054.579842918 12381685.442083929 24509234.19834801 0 15.52976793023131 1 15 3348454.113851467 -20791837.70916341 15519839.153669251 23452129.198487572 0 9.459509743181995 1 17 25066890.63640188 6418002.386440266 6717240.783929037 21758440.80439156 0 4.142187723300218 1 24 16911223.355420228 18880018.757271476 8119707.4274576 22994697.035786737 0 6.303782052911172 1 25 10929081.213955518 -11810595.33120475 20832774.971010186 21080535.446167927 0 3.8564282073752154 1 27 24583864.71679489 -5315412.3441102505 8573811.250463538 21214907.209073085 0 3.7597830993689993 1 28 12736921.764372231 8414880.472554494 21710925.041392196 20866855.093538694 0 3.477355084785775 1 30 18226004.225673072 -10171698.872427857 16283221.257824237 20726225.763513017 0 3.4255748560927826 1
SOLVE 177 1473458318.0 4426042.827700558 -89428.33650943519 4576297.993325071 10603.164171891836 4294967295 4294967295 0 9 3 -5730609.398609034 -15998209.067668494 20391047.35621635 24634842.727458727 0 16.092829246761912 1 4 3601137.396307705 23116755.718325004 12384350.457707481 24509033.323008984 0 15.525335157237894 1 15 3349452.3017495433 -20790017.4360965 15522048.809679285 23451655.774053633 0 9.456385232794824 1 17 25066040.589645192 6418156.387008439 6720265.4557246575 21758126.417465992 0 4.141681590570343 1 24 16911484.647238895 18881092.219047025 8116812.81940481 22995427.337336875 0 6.305049154373625 1 25 10930631.553122567 -11808356.078708757 20833266.490277965 21080295.977738585 0 3.8560285784365655 1 27 24584945.024869233 -5315130.553380294 8570889.758014077 21215462.595684506 0 3.7601580645360095 1 28 12735257.753168743 8417087.005491048 21711028.95974201 20867325.54313452 0 3.4776230557544725 1 30 18228099.320572138 -10171352.03441961 16281159.64088325 20726436.10820202 0 3.4255927065441547 1
SOLVE 178 1473458319.0 4426042.996620621 -89428.34500408423 4576298.175144998 10751.739597569767 4294967295 4294967295 0 9 3 -5729039.731915807 -16000264.685138714 20389855.869172882 24634906.908100538 0 16.091873980164852 1 4 3600190.0173472045 23115456.620821808 12387015.207791999 24508832.57284271 0 15.52090693505625 1 15 3350450.6986172786 -20788196.955913022 15524258.120594867 23451182.47978362 0 9.453262839824058 1 17 25065190.17584268 6418310.411757956 6723289.986556066 21757812.194736842 0 4.141175628682278 1 24 16911745.82796292 18882165.343929384 8113918.039709131 22996157.705375154 0 6.306316857068237 1 25 10932182.03854816 -11806116.85659762 20833757.55441366 21080056.68802265 0 3.8556290974935044 1 27 24586024.982490975 -5314848.835527049 8567968.083452657 21216018.089532632 0 3.7605331423689132 1 28 12733593.859636368 8419293.646969346 21711132.4152327 20867796.171999753 0 3.4778911558476153 1 30 18230194.171360202 -10171005.33751023 16279097.674090771 20726646.566826764 0 3.4256106413245266 1
SOLVE 179 1473458320.0 4426043.072662057 -89428.24004040191 4576298.266800952 10900.105677032392 4294967295 4294967295 0 9 3 -5727470.27340236 -16002320.27564726 20388663.947554883 24634970.95114889 0 16.090921029827033 1 4 3599242.3906896235 23114157.287699323 12389679.69164429 24508631.556657717 0 15.516480522856648 1 15 3351449.303990943 -20786376.269542076 15526467.085313011 23450709.24010417 0 9.450142827706205 1 17 25064339.39460584 6418464.4608124625 6726314.377802352 21757497.95128898 0 4.140669828619129 1 24 16912006.89747859 18883238.13166408 8111023.089122805 22996887.86727376 0 6.307584854938054 1 25 10933732.669463025 -11803877.665998723 20834248.16317384 21079817.40216194 0 3.855229795184134 1 27 24587104.589632004 -5314567.190505251 8565046.226841403 21216573.56545936 0 3.7609083977763262 1 28 12731930.08461063 8421500.395884149 21711235.40781201 20868266.728782125 0 3.478159305115734 1 30 18232288.778483346 -10170658.78158922 16277035.357001001 20726857.13820218 0 3.425628712787726 1
QUIT
