2 rtcm3 1097 satellite error: prn=34
2 rtcm3 1127: unknown signal id=31
2 rtcm3 1127 satellite error: prn=38
2 no broadcast ephemeris: 2026/09/14 21:55:41 sat=25 iode= -1
2 no broadcast clock 2026/09/14 21:55:40.924 sat=25
2 no broadcast clock 2026/09/14 21:55:40.873 sat=130
2 no broadcast ephemeris: 2026/09/14 21:55:41 sat=26 iode= -1
2 no broadcast clock 2026/09/14 21:55:40.929 sat=26
2 no broadcast clock 2026/09/14 21:55:40.872 sat=132
2 no broadcast ephemeris: 2026/09/14 21:55:41 sat= 4 iode= -1
2 no broadcast clock 2026/09/14 21:55:40.918 sat= 4
2 no broadcast clock 2026/09/14 21:55:40.873 sat=145
2 no broadcast ephemeris: 2026/09/14 21:55:41 sat=18 iode= -1
2 no broadcast clock 2026/09/14 21:55:40.927 sat=18
2 no broadcast ephemeris: 2026/09/14 21:55:41 sat=16 iode= -1
2 no broadcast clock 2026/09/14 21:55:40.922 sat=16
2 no broadcast ephemeris: 2026/09/14 21:55:41 sat=31 iode= -1
2 no broadcast clock 2026/09/14 21:55:40.931 sat=31
2 no broadcast ephemeris: 2026/09/14 21:55:41 sat=21 iode= -1
2 no broadcast clock 2026/09/14 21:55:40.917 sat=21
2 no broadcast ephemeris: 2026/09/14 21:55:41 sat= 5 iode= -1
2 no broadcast clock 2026/09/14 21:55:40.918 sat= 5
2 no broadcast ephemeris: 2026/09/14 21:55:41 sat=28 iode= -1
2 no broadcast clock 2026/09/14 21:55:40.929 sat=28
2 no broadcast ephemeris: 2026/09/14 21:55:41 sat=29 iode= -1
2 no broadcast clock 2026/09/14 21:55:40.930 sat=29
2 no broadcast ephemeris: 2026/09/14 21:55:41 sat= 1 iode= -1
2 no broadcast clock 2026/09/14 21:55:40.925 sat= 1
2 no broadcast clock 2026/09/14 21:55:40.922 sat=38
2 no broadcast clock 2026/09/14 21:55:40.928 sat=49
2 no broadcast clock 2026/09/14 21:55:40.935 sat=56
2 no broadcast clock 2026/09/14 21:55:40.921 sat=37
2 no broadcast clock 2026/09/14 21:55:40.930 sat=47
2 no broadcast clock 2026/09/14 21:55:40.936 sat=46
2 no broadcast clock 2026/09/14 21:55:40.925 sat=45
2 no broadcast ephemeris: 2026/09/14 21:55:41 sat=60 iode= -1
2 no broadcast clock 2026/09/14 21:55:40.911 sat=60
2 no broadcast ephemeris: 2026/09/14 21:55:41 sat=62 iode= -1
2 no broadcast clock 2026/09/14 21:55:40.908 sat=62
2 no broadcast ephemeris: 2026/09/14 21:55:41 sat=69 iode= -1
2 no broadcast clock 2026/09/14 21:55:40.917 sat=69
2 no broadcast ephemeris: 2026/09/14 21:55:41 sat=71 iode= -1
2 no broadcast clock 2026/09/14 21:55:40.916 sat=71
2 no broadcast ephemeris: 2026/09/14 21:55:41 sat=75 iode= -1
2 no broadcast clock 2026/09/14 21:55:40.915 sat=75
2 no broadcast ephemeris: 2026/09/14 21:55:41 sat=77 iode= -1
2 no broadcast clock 2026/09/14 21:55:40.921 sat=77
2 no broadcast ephemeris: 2026/09/14 21:55:41 sat=79 iode= -1
2 no broadcast clock 2026/09/14 21:55:40.913 sat=79
2 no broadcast ephemeris: 2026/09/14 21:55:41 sat=82 iode= -1
2 no broadcast clock 2026/09/14 21:55:40.907 sat=82
2 no broadcast ephemeris: 2026/09/14 21:55:41 sat=83 iode= -1
2 no broadcast clock 2026/09/14 21:55:40.915 sat=83
2 no broadcast ephemeris: 2026/09/14 21:55:41 sat=84 iode= -1
2 no broadcast clock 2026/09/14 21:55:40.912 sat=84
2 no broadcast ephemeris: 2026/09/14 21:55:41 sat=85 iode= -1
2 no broadcast clock 2026/09/14 21:55:40.904 sat=85
2 no broadcast ephemeris: 2026/09/14 21:55:41 sat=102 iode= -1
2 no broadcast clock 2026/09/14 21:55:40.863 sat=102
2 no broadcast ephemeris: 2026/09/14 21:55:41 sat=106 iode= -1
2 no broadcast clock 2026/09/14 21:55:40.915 sat=106
2 no broadcast ephemeris: 2026/09/14 21:55:41 sat=113 iode= -1
2 no broadcast clock 2026/09/14 21:55:40.909 sat=113
2 no broadcast ephemeris: 2026/09/14 21:55:41 sat=117 iode= -1
2 no broadcast clock 2026/09/14 21:55:40.915 sat=117
2 point position error (lack of valid sats ns=4)
2 rtcm3 1097 satellite error: prn=34
2 rtcm3 1127: unknown signal id=31
2 rtcm3 1127 satellite error: prn=38
2 no broadcast ephemeris: 2026/09/14 21:55:42 sat=25 iode= -1
2 no broadcast clock 2026/09/14 21:55:41.924 sat=25
2 no broadcast clock 2026/09/14 21:55:41.873 sat=130
2 no broadcast ephemeris: 2026/09/14 21:55:42 sat=26 iode= -1
2 no broadcast clock 2026/09/14 21:55:41.929 sat=26
2 no broadcast clock 2026/09/14 21:55:41.872 sat=132
2 no broadcast ephemeris: 2026/09/14 21:55:42 sat= 4 iode= -1
2 no broadcast clock 2026/09/14 21:55:41.918 sat= 4
2 no broadcast clock 2026/09/14 21:55:41.873 sat=145
2 no broadcast ephemeris: 2026/09/14 21:55:42 sat=18 iode= -1
2 no broadcast clock 2026/09/14 21:55:41.927 sat=18
2 no broadcast ephemeris: 2026/09/14 21:55:42 sat=16 iode= -1
2 no broadcast clock 2026/09/14 21:55:41.922 sat=16
2 no broadcast ephemeris: 2026/09/14 21:55:42 sat=31 iode= -1
2 no broadcast clock 2026/09/14 21:55:41.931 sat=31
2 no broadcast ephemeris: 2026/09/14 21:55:42 sat=21 iode= -1
2 no broadcast clock 2026/09/14 21:55:41.917 sat=21
2 no broadcast ephemeris: 2026/09/14 21:55:42 sat= 5 iode= -1
2 no broadcast clock 2026/09/14 21:55:41.918 sat= 5
2 no broadcast ephemeris: 2026/09/14 21:55:42 sat=28 iode= -1
2 no broadcast clock 2026/09/14 21:55:41.929 sat=28
2 no broadcast ephemeris: 2026/09/14 21:55:42 sat=29 iode= -1
2 no broadcast clock 2026/09/14 21:55:41.930 sat=29
2 no broadcast ephemeris: 2026/09/14 21:55:42 sat= 1 iode= -1
2 no broadcast clock 2026/09/14 21:55:41.925 sat= 1
2 no broadcast clock 2026/09/14 21:55:41.922 sat=38
2 no broadcast clock 2026/09/14 21:55:41.928 sat=49
2 no broadcast clock 2026/09/14 21:55:41.935 sat=56
2 no broadcast clock 2026/09/14 21:55:41.921 sat=37
2 no broadcast clock 2026/09/14 21:55:41.930 sat=47
2 no broadcast clock 2026/09/14 21:55:41.936 sat=46
2 no broadcast clock 2026/09/14 21:55:41.925 sat=45
2 no broadcast ephemeris: 2026/09/14 21:55:42 sat=60 iode= -1
2 no broadcast clock 2026/09/14 21:55:41.911 sat=60
2 no broadcast ephemeris: 2026/09/14 21:55:42 sat=62 iode= -1
2 no broadcast clock 2026/09/14 21:55:41.908 sat=62
2 no broadcast ephemeris: 2026/09/14 21:55:42 sat=69 iode= -1
2 no broadcast clock 2026/09/14 21:55:41.917 sat=69
2 no broadcast ephemeris: 2026/09/14 21:55:42 sat=71 iode= -1
2 no broadcast clock 2026/09/14 21:55:41.916 sat=71
2 no broadcast ephemeris: 2026/09/14 21:55:42 sat=75 iode= -1
2 no broadcast clock 2026/09/14 21:55:41.915 sat=75
2 no broadcast ephemeris: 2026/09/14 21:55:42 sat=77 iode= -1
2 no broadcast clock 2026/09/14 21:55:41.921 sat=77
2 no broadcast ephemeris: 2026/09/14 21:55:42 sat=79 iode= -1
2 no broadcast clock 2026/09/14 21:55:41.913 sat=79
2 no broadcast ephemeris: 2026/09/14 21:55:42 sat=82 iode= -1
2 no broadcast clock 2026/09/14 21:55:41.907 sat=82
2 no broadcast ephemeris: 2026/09/14 21:55:42 sat=83 iode= -1
2 no broadcast clock 2026/09/14 21:55:41.915 sat=83
2 no broadcast ephemeris: 2026/09/14 21:55:42 sat=84 iode= -1
2 no broadcast clock 2026/09/14 21:55:41.912 sat=84
2 no broadcast ephemeris: 2026/09/14 21:55:42 sat=85 iode= -1
2 no broadcast clock 2026/09/14 21:55:41.904 sat=85
2 no broadcast ephemeris: 2026/09/14 21:55:42 sat=102 iode= -1
2 no broadcast clock 2026/09/14 21:55:41.863 sat=102
2 no broadcast ephemeris: 2026/09/14 21:55:42 sat=106 iode= -1
2 no broadcast clock 2026/09/14 21:55:41.915 sat=106
2 no broadcast ephemeris: 2026/09/14 21:55:42 sat=113 iode= -1
2 no broadcast clock 2026/09/14 21:55:41.909 sat=113
2 no broadcast ephemeris: 2026/09/14 21:55:42 sat=117 iode= -1
2 no broadcast clock 2026/09/14 21:55:41.915 sat=117
2 point position error (lack of valid sats ns=4)
2 rtcm3 1097 satellite error: prn=34
2 rtcm3 1127: unknown signal id=31
2 rtcm3 1127 satellite error: prn=38
2 no broadcast ephemeris: 2026/09/14 21:55:43 sat=25 iode= -1
2 no broadcast clock 2026/09/14 21:55:42.924 sat=25
2 no broadcast clock 2026/09/14 21:55:42.873 sat=130
2 no broadcast ephemeris: 2026/09/14 21:55:43 sat=26 iode= -1
2 no broadcast clock 2026/09/14 21:55:42.929 sat=26
2 no broadcast clock 2026/09/14 21:55:42.872 sat=132
2 no broadcast ephemeris: 2026/09/14 21:55:43 sat= 4 iode= -1
2 no broadcast clock 2026/09/14 21:55:42.918 sat= 4
2 no broadcast clock 2026/09/14 21:55:42.873 sat=145
2 no broadcast ephemeris: 2026/09/14 21:55:43 sat=18 iode= -1
2 no broadcast clock 2026/09/14 21:55:42.927 sat=18
2 no broadcast ephemeris: 2026/09/14 21:55:43 sat=16 iode= -1
2 no broadcast clock 2026/09/14 21:55:42.922 sat=16
2 no broadcast ephemeris: 2026/09/14 21:55:43 sat=31 iode= -1
2 no broadcast clock 2026/09/14 21:55:42.931 sat=31
2 no broadcast ephemeris: 2026/09/14 21:55:43 sat=21 iode= -1
2 no broadcast clock 2026/09/14 21:55:42.917 sat=21
2 no broadcast ephemeris: 2026/09/14 21:55:43 sat= 5 iode= -1
2 no broadcast clock 2026/09/14 21:55:42.918 sat= 5
2 no broadcast ephemeris: 2026/09/14 21:55:43 sat=28 iode= -1
2 no broadcast clock 2026/09/14 21:55:42.929 sat=28
2 no broadcast ephemeris: 2026/09/14 21:55:43 sat=29 iode= -1
2 no broadcast clock 2026/09/14 21:55:42.930 sat=29
2 no broadcast ephemeris: 2026/09/14 21:55:43 sat= 1 iode= -1
2 no broadcast clock 2026/09/14 21:55:42.925 sat= 1
2 no broadcast clock 2026/09/14 21:55:42.922 sat=38
2 no broadcast clock 2026/09/14 21:55:42.928 sat=49
2 no broadcast clock 2026/09/14 21:55:42.935 sat=56
2 no broadcast clock 2026/09/14 21:55:42.921 sat=37
2 no broadcast clock 2026/09/14 21:55:42.930 sat=47
2 no broadcast clock 2026/09/14 21:55:42.936 sat=46
2 no broadcast clock 2026/09/14 21:55:42.925 sat=45
2 no broadcast ephemeris: 2026/09/14 21:55:43 sat=60 iode= -1
2 no broadcast clock 2026/09/14 21:55:42.911 sat=60
2 no broadcast ephemeris: 2026/09/14 21:55:43 sat=62 iode= -1
2 no broadcast clock 2026/09/14 21:55:42.908 sat=62
2 no broadcast ephemeris: 2026/09/14 21:55:43 sat=69 iode= -1
2 no broadcast clock 2026/09/14 21:55:42.917 sat=69
2 no broadcast ephemeris: 2026/09/14 21:55:43 sat=71 iode= -1
2 no broadcast clock 2026/09/14 21:55:42.916 sat=71
2 no broadcast ephemeris: 2026/09/14 21:55:43 sat=75 iode= -1
2 no broadcast clock 2026/09/14 21:55:42.915 sat=75
2 no broadcast ephemeris: 2026/09/14 21:55:43 sat=77 iode= -1
2 no broadcast clock 2026/09/14 21:55:42.921 sat=77
2 no broadcast ephemeris: 2026/09/14 21:55:43 sat=79 iode= -1
2 no broadcast clock 2026/09/14 21:55:42.913 sat=79
2 no broadcast ephemeris: 2026/09/14 21:55:43 sat=82 iode= -1
2 no broadcast clock 2026/09/14 21:55:42.907 sat=82
2 no broadcast ephemeris: 2026/09/14 21:55:43 sat=83 iode= -1
2 no broadcast clock 2026/09/14 21:55:42.915 sat=83
2 no broadcast ephemeris: 2026/09/14 21:55:43 sat=84 iode= -1
2 no broadcast clock 2026/09/14 21:55:42.912 sat=84
2 no broadcast ephemeris: 2026/09/14 21:55:43 sat=85 iode= -1
2 no broadcast clock 2026/09/14 21:55:42.904 sat=85
2 no broadcast ephemeris: 2026/09/14 21:55:43 sat=102 iode= -1
2 no broadcast clock 2026/09/14 21:55:42.863 sat=102
2 no broadcast ephemeris: 2026/09/14 21:55:43 sat=106 iode= -1
2 no broadcast clock 2026/09/14 21:55:42.915 sat=106
2 no broadcast ephemeris: 2026/09/14 21:55:43 sat=113 iode= -1
2 no broadcast clock 2026/09/14 21:55:42.909 sat=113
2 no broadcast ephemeris: 2026/09/14 21:55:43 sat=117 iode= -1
2 no broadcast clock 2026/09/14 21:55:42.915 sat=117
2 point position error (lack of valid sats ns=4)
2 rtcm3 1097 satellite error: prn=34
2 rtcm3 1127: unknown signal id=31
2 rtcm3 1127 satellite error: prn=38
2 no broadcast ephemeris: 2026/09/14 21:55:44 sat=25 iode= -1
2 no broadcast clock 2026/09/14 21:55:43.924 sat=25
2 no broadcast clock 2026/09/14 21:55:43.873 sat=130
2 no broadcast ephemeris: 2026/09/14 21:55:44 sat=26 iode= -1
2 no broadcast clock 2026/09/14 21:55:43.929 sat=26
2 no broadcast clock 2026/09/14 21:55:43.872 sat=132
2 no broadcast ephemeris: 2026/09/14 21:55:44 sat= 4 iode= -1
2 no broadcast clock 2026/09/14 21:55:43.918 sat= 4
2 no broadcast clock 2026/09/14 21:55:43.873 sat=145
2 no broadcast ephemeris: 2026/09/14 21:55:44 sat=18 iode= -1
2 no broadcast clock 2026/09/14 21:55:43.927 sat=18
2 no broadcast ephemeris: 2026/09/14 21:55:44 sat=16 iode= -1
2 no broadcast clock 2026/09/14 21:55:43.922 sat=16
2 no broadcast ephemeris: 2026/09/14 21:55:44 sat=31 iode= -1
2 no broadcast clock 2026/09/14 21:55:43.931 sat=31
2 no broadcast ephemeris: 2026/09/14 21:55:44 sat=21 iode= -1
2 no broadcast clock 2026/09/14 21:55:43.917 sat=21
2 no broadcast ephemeris: 2026/09/14 21:55:44 sat= 5 iode= -1
2 no broadcast clock 2026/09/14 21:55:43.918 sat= 5
2 no broadcast ephemeris: 2026/09/14 21:55:44 sat=28 iode= -1
2 no broadcast clock 2026/09/14 21:55:43.929 sat=28
2 no broadcast ephemeris: 2026/09/14 21:55:44 sat=29 iode= -1
2 no broadcast clock 2026/09/14 21:55:43.930 sat=29
2 no broadcast ephemeris: 2026/09/14 21:55:44 sat= 1 iode= -1
2 no broadcast clock 2026/09/14 21:55:43.925 sat= 1
2 no broadcast clock 2026/09/14 21:55:43.922 sat=38
2 no broadcast clock 2026/09/14 21:55:43.928 sat=49
2 no broadcast clock 2026/09/14 21:55:43.935 sat=56
2 no broadcast clock 2026/09/14 21:55:43.921 sat=37
2 no broadcast clock 2026/09/14 21:55:43.930 sat=47
2 no broadcast clock 2026/09/14 21:55:43.936 sat=46
2 no broadcast clock 2026/09/14 21:55:43.925 sat=45
2 no broadcast ephemeris: 2026/09/14 21:55:44 sat=60 iode= -1
2 no broadcast clock 2026/09/14 21:55:43.911 sat=60
2 no broadcast ephemeris: 2026/09/14 21:55:44 sat=62 iode= -1
2 no broadcast clock 2026/09/14 21:55:43.908 sat=62
2 no broadcast ephemeris: 2026/09/14 21:55:44 sat=69 iode= -1
2 no broadcast clock 2026/09/14 21:55:43.917 sat=69
2 no broadcast ephemeris: 2026/09/14 21:55:44 sat=71 iode= -1
2 no broadcast clock 2026/09/14 21:55:43.916 sat=71
2 no broadcast ephemeris: 2026/09/14 21:55:44 sat=75 iode= -1
2 no broadcast clock 2026/09/14 21:55:43.915 sat=75
2 no broadcast ephemeris: 2026/09/14 21:55:44 sat=77 iode= -1
2 no broadcast clock 2026/09/14 21:55:43.921 sat=77
2 no broadcast ephemeris: 2026/09/14 21:55:44 sat=79 iode= -1
2 no broadcast clock 2026/09/14 21:55:43.913 sat=79
2 no broadcast ephemeris: 2026/09/14 21:55:44 sat=82 iode= -1
2 no broadcast clock 2026/09/14 21:55:43.907 sat=82
2 no broadcast ephemeris: 2026/09/14 21:55:44 sat=83 iode= -1
2 no broadcast clock 2026/09/14 21:55:43.915 sat=83
2 no broadcast ephemeris: 2026/09/14 21:55:44 sat=84 iode= -1
2 no broadcast clock 2026/09/14 21:55:43.912 sat=84
2 no broadcast ephemeris: 2026/09/14 21:55:44 sat=85 iode= -1
2 no broadcast clock 2026/09/14 21:55:43.904 sat=85
2 no broadcast ephemeris: 2026/09/14 21:55:44 sat=102 iode= -1
2 no broadcast clock 2026/09/14 21:55:43.863 sat=102
2 no broadcast ephemeris: 2026/09/14 21:55:44 sat=106 iode= -1
2 no broadcast clock 2026/09/14 21:55:43.915 sat=106
2 no broadcast ephemeris: 2026/09/14 21:55:44 sat=113 iode= -1
2 no broadcast clock 2026/09/14 21:55:43.909 sat=113
2 no broadcast ephemeris: 2026/09/14 21:55:44 sat=117 iode= -1
2 no broadcast clock 2026/09/14 21:55:43.915 sat=117
2 point position error (lack of valid sats ns=4)
2 rtcm3 1097 satellite error: prn=34
2 rtcm3 1127: unknown signal id=31
2 rtcm3 1127 satellite error: prn=38
2 no broadcast ephemeris: 2026/09/14 21:55:45 sat=25 iode= -1
2 no broadcast clock 2026/09/14 21:55:44.924 sat=25
2 no broadcast clock 2026/09/14 21:55:44.873 sat=130
2 no broadcast ephemeris: 2026/09/14 21:55:45 sat=26 iode= -1
2 no broadcast clock 2026/09/14 21:55:44.929 sat=26
2 no broadcast clock 2026/09/14 21:55:44.872 sat=132
2 no broadcast ephemeris: 2026/09/14 21:55:45 sat= 4 iode= -1
2 no broadcast clock 2026/09/14 21:55:44.918 sat= 4
2 no broadcast clock 2026/09/14 21:55:44.873 sat=145
2 no broadcast ephemeris: 2026/09/14 21:55:45 sat=18 iode= -1
2 no broadcast clock 2026/09/14 21:55:44.927 sat=18
2 no broadcast ephemeris: 2026/09/14 21:55:45 sat=16 iode= -1
2 no broadcast clock 2026/09/14 21:55:44.922 sat=16
2 no broadcast ephemeris: 2026/09/14 21:55:45 sat=31 iode= -1
2 no broadcast clock 2026/09/14 21:55:44.931 sat=31
2 no broadcast ephemeris: 2026/09/14 21:55:45 sat=21 iode= -1
2 no broadcast clock 2026/09/14 21:55:44.917 sat=21
2 no broadcast ephemeris: 2026/09/14 21:55:45 sat= 5 iode= -1
2 no broadcast clock 2026/09/14 21:55:44.918 sat= 5
2 no broadcast ephemeris: 2026/09/14 21:55:45 sat=28 iode= -1
2 no broadcast clock 2026/09/14 21:55:44.929 sat=28
2 no broadcast ephemeris: 2026/09/14 21:55:45 sat=29 iode= -1
2 no broadcast clock 2026/09/14 21:55:44.930 sat=29
2 no broadcast ephemeris: 2026/09/14 21:55:45 sat= 1 iode= -1
2 no broadcast clock 2026/09/14 21:55:44.925 sat= 1
2 no broadcast clock 2026/09/14 21:55:44.922 sat=38
2 no broadcast clock 2026/09/14 21:55:44.928 sat=49
2 no broadcast clock 2026/09/14 21:55:44.935 sat=56
2 no broadcast clock 2026/09/14 21:55:44.921 sat=37
2 no broadcast clock 2026/09/14 21:55:44.930 sat=47
2 no broadcast clock 2026/09/14 21:55:44.936 sat=46
2 no broadcast clock 2026/09/14 21:55:44.925 sat=45
2 no broadcast ephemeris: 2026/09/14 21:55:45 sat=60 iode= -1
2 no broadcast clock 2026/09/14 21:55:44.911 sat=60
2 no broadcast ephemeris: 2026/09/14 21:55:45 sat=62 iode= -1
2 no broadcast clock 2026/09/14 21:55:44.908 sat=62
2 no broadcast ephemeris: 2026/09/14 21:55:45 sat=69 iode= -1
2 no broadcast clock 2026/09/14 21:55:44.917 sat=69
2 no broadcast ephemeris: 2026/09/14 21:55:45 sat=71 iode= -1
2 no broadcast clock 2026/09/14 21:55:44.916 sat=71
2 no broadcast ephemeris: 2026/09/14 21:55:45 sat=75 iode= -1
2 no broadcast clock 2026/09/14 21:55:44.915 sat=75
2 no broadcast ephemeris: 2026/09/14 21:55:45 sat=77 iode= -1
2 no broadcast clock 2026/09/14 21:55:44.921 sat=77
2 no broadcast ephemeris: 2026/09/14 21:55:45 sat=79 iode= -1
2 no broadcast clock 2026/09/14 21:55:44.913 sat=79
2 no broadcast ephemeris: 2026/09/14 21:55:45 sat=82 iode= -1
2 no broadcast clock 2026/09/14 21:55:44.907 sat=82
2 no broadcast ephemeris: 2026/09/14 21:55:45 sat=83 iode= -1
2 no broadcast clock 2026/09/14 21:55:44.915 sat=83
2 no broadcast ephemeris: 2026/09/14 21:55:45 sat=84 iode= -1
2 no broadcast clock 2026/09/14 21:55:44.912 sat=84
2 no broadcast ephemeris: 2026/09/14 21:55:45 sat=85 iode= -1
2 no broadcast clock 2026/09/14 21:55:44.904 sat=85
2 no broadcast ephemeris: 2026/09/14 21:55:45 sat=102 iode= -1
2 no broadcast clock 2026/09/14 21:55:44.863 sat=102
2 no broadcast ephemeris: 2026/09/14 21:55:45 sat=106 iode= -1
2 no broadcast clock 2026/09/14 21:55:44.915 sat=106
2 no broadcast ephemeris: 2026/09/14 21:55:45 sat=113 iode= -1
2 no broadcast clock 2026/09/14 21:55:44.909 sat=113
2 no broadcast ephemeris: 2026/09/14 21:55:45 sat=117 iode= -1
2 no broadcast clock 2026/09/14 21:55:44.915 sat=117
2 point position error (lack of valid sats ns=4)
2 rtcm3 1097 satellite error: prn=34
2 rtcm3 1127: unknown signal id=31
2 rtcm3 1127 satellite error: prn=38
2 no broadcast ephemeris: 2026/09/14 21:55:46 sat=25 iode= -1
2 no broadcast clock 2026/09/14 21:55:45.924 sat=25
2 no broadcast clock 2026/09/14 21:55:45.873 sat=130
2 no broadcast ephemeris: 2026/09/14 21:55:46 sat=26 iode= -1
2 no broadcast clock 2026/09/14 21:55:45.929 sat=26
2 no broadcast clock 2026/09/14 21:55:45.872 sat=132
2 no broadcast ephemeris: 2026/09/14 21:55:46 sat= 4 iode= -1
2 no broadcast clock 2026/09/14 21:55:45.918 sat= 4
2 no broadcast clock 2026/09/14 21:55:45.873 sat=145
2 no broadcast ephemeris: 2026/09/14 21:55:46 sat=18 iode= -1
2 no broadcast clock 2026/09/14 21:55:45.927 sat=18
2 no broadcast ephemeris: 2026/09/14 21:55:46 sat=16 iode= -1
2 no broadcast clock 2026/09/14 21:55:45.922 sat=16
2 no broadcast ephemeris: 2026/09/14 21:55:46 sat=31 iode= -1
2 no broadcast clock 2026/09/14 21:55:45.931 sat=31
2 no broadcast ephemeris: 2026/09/14 21:55:46 sat=21 iode= -1
2 no broadcast clock 2026/09/14 21:55:45.917 sat=21
2 no broadcast ephemeris: 2026/09/14 21:55:46 sat= 5 iode= -1
2 no broadcast clock 2026/09/14 21:55:45.918 sat= 5
2 no broadcast ephemeris: 2026/09/14 21:55:46 sat=28 iode= -1
2 no broadcast clock 2026/09/14 21:55:45.929 sat=28
2 no broadcast ephemeris: 2026/09/14 21:55:46 sat=29 iode= -1
2 no broadcast clock 2026/09/14 21:55:45.930 sat=29
2 no broadcast ephemeris: 2026/09/14 21:55:46 sat= 1 iode= -1
2 no broadcast clock 2026/09/14 21:55:45.925 sat= 1
2 no broadcast clock 2026/09/14 21:55:45.922 sat=38
2 no broadcast clock 2026/09/14 21:55:45.928 sat=49
2 no broadcast clock 2026/09/14 21:55:45.935 sat=56
2 no broadcast clock 2026/09/14 21:55:45.921 sat=37
2 no broadcast clock 2026/09/14 21:55:45.930 sat=47
2 no broadcast clock 2026/09/14 21:55:45.936 sat=46
2 no broadcast clock 2026/09/14 21:55:45.925 sat=45
2 no broadcast ephemeris: 2026/09/14 21:55:46 sat=60 iode= -1
2 no broadcast clock 2026/09/14 21:55:45.911 sat=60
2 no broadcast ephemeris: 2026/09/14 21:55:46 sat=62 iode= -1
2 no broadcast clock 2026/09/14 21:55:45.908 sat=62
2 no broadcast ephemeris: 2026/09/14 21:55:46 sat=69 iode= -1
2 no broadcast clock 2026/09/14 21:55:45.917 sat=69
2 no broadcast ephemeris: 2026/09/14 21:55:46 sat=71 iode= -1
2 no broadcast clock 2026/09/14 21:55:45.916 sat=71
2 no broadcast ephemeris: 2026/09/14 21:55:46 sat=75 iode= -1
2 no broadcast clock 2026/09/14 21:55:45.915 sat=75
2 no broadcast ephemeris: 2026/09/14 21:55:46 sat=77 iode= -1
2 no broadcast clock 2026/09/14 21:55:45.921 sat=77
2 no broadcast ephemeris: 2026/09/14 21:55:46 sat=79 iode= -1
2 no broadcast clock 2026/09/14 21:55:45.913 sat=79
2 no broadcast ephemeris: 2026/09/14 21:55:46 sat=82 iode= -1
2 no broadcast clock 2026/09/14 21:55:45.907 sat=82
2 no broadcast ephemeris: 2026/09/14 21:55:46 sat=83 iode= -1
2 no broadcast clock 2026/09/14 21:55:45.915 sat=83
2 no broadcast ephemeris: 2026/09/14 21:55:46 sat=84 iode= -1
2 no broadcast clock 2026/09/14 21:55:45.912 sat=84
2 no broadcast ephemeris: 2026/09/14 21:55:46 sat=85 iode= -1
2 no broadcast clock 2026/09/14 21:55:45.904 sat=85
2 no broadcast ephemeris: 2026/09/14 21:55:46 sat=102 iode= -1
2 no broadcast clock 2026/09/14 21:55:45.863 sat=102
2 no broadcast ephemeris: 2026/09/14 21:55:46 sat=106 iode= -1
2 no broadcast clock 2026/09/14 21:55:45.915 sat=106
2 no broadcast ephemeris: 2026/09/14 21:55:46 sat=113 iode= -1
2 no broadcast clock 2026/09/14 21:55:45.909 sat=113
2 no broadcast ephemeris: 2026/09/14 21:55:46 sat=117 iode= -1
2 no broadcast clock 2026/09/14 21:55:45.915 sat=117
2 point position error (lack of valid sats ns=4)
2 rtcm3 1097 satellite error: prn=34
2 rtcm3 1127: unknown signal id=31
2 rtcm3 1127 satellite error: prn=38
2 no broadcast ephemeris: 2026/09/14 21:55:47 sat=25 iode= -1
2 no broadcast clock 2026/09/14 21:55:46.924 sat=25
2 no broadcast clock 2026/09/14 21:55:46.873 sat=130
2 no broadcast ephemeris: 2026/09/14 21:55:47 sat=26 iode= -1
2 no broadcast clock 2026/09/14 21:55:46.929 sat=26
2 no broadcast clock 2026/09/14 21:55:46.872 sat=132
2 no broadcast ephemeris: 2026/09/14 21:55:47 sat= 4 iode= -1
2 no broadcast clock 2026/09/14 21:55:46.918 sat= 4
2 no broadcast clock 2026/09/14 21:55:46.873 sat=145
2 no broadcast ephemeris: 2026/09/14 21:55:47 sat=18 iode= -1
2 no broadcast clock 2026/09/14 21:55:46.927 sat=18
2 no broadcast ephemeris: 2026/09/14 21:55:47 sat=16 iode= -1
2 no broadcast clock 2026/09/14 21:55:46.922 sat=16
2 no broadcast ephemeris: 2026/09/14 21:55:47 sat=31 iode= -1
2 no broadcast clock 2026/09/14 21:55:46.931 sat=31
2 no broadcast ephemeris: 2026/09/14 21:55:47 sat=21 iode= -1
2 no broadcast clock 2026/09/14 21:55:46.917 sat=21
2 no broadcast ephemeris: 2026/09/14 21:55:47 sat= 5 iode= -1
2 no broadcast clock 2026/09/14 21:55:46.918 sat= 5
2 no broadcast ephemeris: 2026/09/14 21:55:47 sat=28 iode= -1
2 no broadcast clock 2026/09/14 21:55:46.929 sat=28
2 no broadcast ephemeris: 2026/09/14 21:55:47 sat=29 iode= -1
2 no broadcast clock 2026/09/14 21:55:46.930 sat=29
2 no broadcast ephemeris: 2026/09/14 21:55:47 sat= 1 iode= -1
2 no broadcast clock 2026/09/14 21:55:46.925 sat= 1
2 no broadcast clock 2026/09/14 21:55:46.922 sat=38
2 no broadcast clock 2026/09/14 21:55:46.928 sat=49
2 no broadcast clock 2026/09/14 21:55:46.935 sat=56
2 no broadcast clock 2026/09/14 21:55:46.921 sat=37
2 no broadcast clock 2026/09/14 21:55:46.930 sat=47
2 no broadcast clock 2026/09/14 21:55:46.936 sat=46
2 no broadcast clock 2026/09/14 21:55:46.925 sat=45
2 no broadcast ephemeris: 2026/09/14 21:55:47 sat=60 iode= -1
2 no broadcast clock 2026/09/14 21:55:46.911 sat=60
2 no broadcast ephemeris: 2026/09/14 21:55:47 sat=62 iode= -1
2 no broadcast clock 2026/09/14 21:55:46.908 sat=62
2 no broadcast ephemeris: 2026/09/14 21:55:47 sat=69 iode= -1
2 no broadcast clock 2026/09/14 21:55:46.917 sat=69
2 no broadcast ephemeris: 2026/09/14 21:55:47 sat=71 iode= -1
2 no broadcast clock 2026/09/14 21:55:46.916 sat=71
2 no broadcast ephemeris: 2026/09/14 21:55:47 sat=75 iode= -1
2 no broadcast clock 2026/09/14 21:55:46.915 sat=75
2 no broadcast ephemeris: 2026/09/14 21:55:47 sat=77 iode= -1
2 no broadcast clock 2026/09/14 21:55:46.921 sat=77
2 no broadcast ephemeris: 2026/09/14 21:55:47 sat=79 iode= -1
2 no broadcast clock 2026/09/14 21:55:46.913 sat=79
2 no broadcast ephemeris: 2026/09/14 21:55:47 sat=82 iode= -1
2 no broadcast clock 2026/09/14 21:55:46.907 sat=82
2 no broadcast ephemeris: 2026/09/14 21:55:47 sat=83 iode= -1
2 no broadcast clock 2026/09/14 21:55:46.915 sat=83
2 no broadcast ephemeris: 2026/09/14 21:55:47 sat=84 iode= -1
2 no broadcast clock 2026/09/14 21:55:46.912 sat=84
2 no broadcast ephemeris: 2026/09/14 21:55:47 sat=85 iode= -1
2 no broadcast clock 2026/09/14 21:55:46.904 sat=85
2 no broadcast ephemeris: 2026/09/14 21:55:47 sat=102 iode= -1
2 no broadcast clock 2026/09/14 21:55:46.863 sat=102
2 no broadcast ephemeris: 2026/09/14 21:55:47 sat=106 iode= -1
2 no broadcast clock 2026/09/14 21:55:46.915 sat=106
2 no broadcast ephemeris: 2026/09/14 21:55:47 sat=113 iode= -1
2 no broadcast clock 2026/09/14 21:55:46.909 sat=113
2 no broadcast ephemeris: 2026/09/14 21:55:47 sat=117 iode= -1
2 no broadcast clock 2026/09/14 21:55:46.915 sat=117
2 point position error (lack of valid sats ns=4)
2 rtcm3 1097 satellite error: prn=34
2 rtcm3 1127: unknown signal id=31
2 rtcm3 1127 satellite error: prn=38
2 no broadcast ephemeris: 2026/09/14 21:55:48 sat=25 iode= -1
2 no broadcast clock 2026/09/14 21:55:47.924 sat=25
2 no broadcast clock 2026/09/14 21:55:47.873 sat=130
2 no broadcast ephemeris: 2026/09/14 21:55:48 sat=26 iode= -1
2 no broadcast clock 2026/09/14 21:55:47.929 sat=26
2 no broadcast clock 2026/09/14 21:55:47.872 sat=132
2 no broadcast ephemeris: 2026/09/14 21:55:48 sat= 4 iode= -1
2 no broadcast clock 2026/09/14 21:55:47.918 sat= 4
2 no broadcast clock 2026/09/14 21:55:47.873 sat=145
2 no broadcast ephemeris: 2026/09/14 21:55:48 sat=18 iode= -1
2 no broadcast clock 2026/09/14 21:55:47.927 sat=18
2 no broadcast ephemeris: 2026/09/14 21:55:48 sat=16 iode= -1
2 no broadcast clock 2026/09/14 21:55:47.922 sat=16
2 no broadcast ephemeris: 2026/09/14 21:55:48 sat=31 iode= -1
2 no broadcast clock 2026/09/14 21:55:47.931 sat=31
2 no broadcast ephemeris: 2026/09/14 21:55:48 sat=21 iode= -1
2 no broadcast clock 2026/09/14 21:55:47.917 sat=21
2 no broadcast ephemeris: 2026/09/14 21:55:48 sat= 5 iode= -1
2 no broadcast clock 2026/09/14 21:55:47.918 sat= 5
2 no broadcast ephemeris: 2026/09/14 21:55:48 sat=28 iode= -1
2 no broadcast clock 2026/09/14 21:55:47.929 sat=28
2 no broadcast ephemeris: 2026/09/14 21:55:48 sat=29 iode= -1
2 no broadcast clock 2026/09/14 21:55:47.930 sat=29
2 no broadcast ephemeris: 2026/09/14 21:55:48 sat= 1 iode= -1
2 no broadcast clock 2026/09/14 21:55:47.925 sat= 1
2 no broadcast clock 2026/09/14 21:55:47.922 sat=38
2 no broadcast clock 2026/09/14 21:55:47.928 sat=49
2 no broadcast clock 2026/09/14 21:55:47.935 sat=56
2 no broadcast clock 2026/09/14 21:55:47.921 sat=37
2 no broadcast clock 2026/09/14 21:55:47.930 sat=47
2 no broadcast clock 2026/09/14 21:55:47.936 sat=46
2 no broadcast clock 2026/09/14 21:55:47.925 sat=45
2 no broadcast ephemeris: 2026/09/14 21:55:48 sat=60 iode= -1
2 no broadcast clock 2026/09/14 21:55:47.911 sat=60
2 no broadcast ephemeris: 2026/09/14 21:55:48 sat=62 iode= -1
2 no broadcast clock 2026/09/14 21:55:47.908 sat=62
2 no broadcast ephemeris: 2026/09/14 21:55:48 sat=69 iode= -1
2 no broadcast clock 2026/09/14 21:55:47.917 sat=69
2 no broadcast ephemeris: 2026/09/14 21:55:48 sat=71 iode= -1
2 no broadcast clock 2026/09/14 21:55:47.916 sat=71
2 no broadcast ephemeris: 2026/09/14 21:55:48 sat=75 iode= -1
2 no broadcast clock 2026/09/14 21:55:47.915 sat=75
2 no broadcast ephemeris: 2026/09/14 21:55:48 sat=77 iode= -1
2 no broadcast clock 2026/09/14 21:55:47.921 sat=77
2 no broadcast ephemeris: 2026/09/14 21:55:48 sat=79 iode= -1
2 no broadcast clock 2026/09/14 21:55:47.913 sat=79
2 no broadcast ephemeris: 2026/09/14 21:55:48 sat=82 iode= -1
2 no broadcast clock 2026/09/14 21:55:47.907 sat=82
2 no broadcast ephemeris: 2026/09/14 21:55:48 sat=83 iode= -1
2 no broadcast clock 2026/09/14 21:55:47.915 sat=83
2 no broadcast ephemeris: 2026/09/14 21:55:48 sat=84 iode= -1
2 no broadcast clock 2026/09/14 21:55:47.912 sat=84
2 no broadcast ephemeris: 2026/09/14 21:55:48 sat=85 iode= -1
2 no broadcast clock 2026/09/14 21:55:47.904 sat=85
2 no broadcast ephemeris: 2026/09/14 21:55:48 sat=102 iode= -1
2 no broadcast clock 2026/09/14 21:55:47.863 sat=102
2 no broadcast ephemeris: 2026/09/14 21:55:48 sat=106 iode= -1
2 no broadcast clock 2026/09/14 21:55:47.915 sat=106
2 no broadcast ephemeris: 2026/09/14 21:55:48 sat=113 iode= -1
2 no broadcast clock 2026/09/14 21:55:47.909 sat=113
2 no broadcast ephemeris: 2026/09/14 21:55:48 sat=117 iode= -1
2 no broadcast clock 2026/09/14 21:55:47.915 sat=117
2 point position error (lack of valid sats ns=4)
2 rtcm3 1097 satellite error: prn=34
2 rtcm3 1127: unknown signal id=31
2 rtcm3 1127 satellite error: prn=38
2 no broadcast clock 2026/09/14 21:55:48.873 sat=130
2 no broadcast clock 2026/09/14 21:55:48.872 sat=132
2 no broadcast clock 2026/09/14 21:55:48.873 sat=145
2 no broadcast ephemeris: 2026/09/14 21:55:49 sat= 1 iode= -1
2 no broadcast clock 2026/09/14 21:55:48.925 sat= 1
2 no broadcast clock 2026/09/14 21:55:48.922 sat=38
2 no broadcast clock 2026/09/14 21:55:48.928 sat=49
2 no broadcast clock 2026/09/14 21:55:48.935 sat=56
2 no broadcast clock 2026/09/14 21:55:48.921 sat=37
2 no broadcast clock 2026/09/14 21:55:48.930 sat=47
2 no broadcast clock 2026/09/14 21:55:48.936 sat=46
2 no broadcast clock 2026/09/14 21:55:48.925 sat=45
2 no broadcast ephemeris: 2026/09/14 21:55:49 sat=60 iode= -1
2 no broadcast clock 2026/09/14 21:55:48.911 sat=60
2 no broadcast ephemeris: 2026/09/14 21:55:49 sat=62 iode= -1
2 no broadcast clock 2026/09/14 21:55:48.908 sat=62
2 no broadcast ephemeris: 2026/09/14 21:55:49 sat=69 iode= -1
2 no broadcast clock 2026/09/14 21:55:48.917 sat=69
2 no broadcast ephemeris: 2026/09/14 21:55:49 sat=71 iode= -1
2 no broadcast clock 2026/09/14 21:55:48.916 sat=71
2 no broadcast ephemeris: 2026/09/14 21:55:49 sat=75 iode= -1
2 no broadcast clock 2026/09/14 21:55:48.915 sat=75
2 no broadcast ephemeris: 2026/09/14 21:55:49 sat=77 iode= -1
2 no broadcast clock 2026/09/14 21:55:48.921 sat=77
2 no broadcast ephemeris: 2026/09/14 21:55:49 sat=79 iode= -1
2 no broadcast clock 2026/09/14 21:55:48.913 sat=79
2 no broadcast ephemeris: 2026/09/14 21:55:49 sat=82 iode= -1
2 no broadcast clock 2026/09/14 21:55:48.907 sat=82
2 no broadcast ephemeris: 2026/09/14 21:55:49 sat=83 iode= -1
2 no broadcast clock 2026/09/14 21:55:48.915 sat=83
2 no broadcast ephemeris: 2026/09/14 21:55:49 sat=84 iode= -1
2 no broadcast clock 2026/09/14 21:55:48.912 sat=84
2 no broadcast ephemeris: 2026/09/14 21:55:49 sat=85 iode= -1
2 no broadcast clock 2026/09/14 21:55:48.904 sat=85
2 no broadcast ephemeris: 2026/09/14 21:55:49 sat=102 iode= -1
2 no broadcast clock 2026/09/14 21:55:48.863 sat=102
2 no broadcast ephemeris: 2026/09/14 21:55:49 sat=106 iode= -1
2 no broadcast clock 2026/09/14 21:55:48.915 sat=106
2 no broadcast ephemeris: 2026/09/14 21:55:49 sat=113 iode= -1
2 no broadcast clock 2026/09/14 21:55:48.909 sat=113
2 no broadcast ephemeris: 2026/09/14 21:55:49 sat=117 iode= -1
2 no broadcast clock 2026/09/14 21:55:48.915 sat=117
2 point position error (lack of valid sats ns=4)
2 rtcm3 1097 satellite error: prn=34
2 rtcm3 1127: unknown signal id=31
2 rtcm3 1127 satellite error: prn=38
2 no broadcast clock 2026/09/14 21:55:49.873 sat=130
2 no broadcast clock 2026/09/14 21:55:49.872 sat=132
2 no broadcast clock 2026/09/14 21:55:49.873 sat=145
2 no broadcast ephemeris: 2026/09/14 21:55:50 sat= 1 iode= -1
2 no broadcast clock 2026/09/14 21:55:49.925 sat= 1
2 no broadcast clock 2026/09/14 21:55:49.922 sat=38
2 no broadcast clock 2026/09/14 21:55:49.928 sat=49
2 no broadcast clock 2026/09/14 21:55:49.935 sat=56
2 no broadcast clock 2026/09/14 21:55:49.921 sat=37
2 no broadcast clock 2026/09/14 21:55:49.930 sat=47
2 no broadcast clock 2026/09/14 21:55:49.936 sat=46
2 no broadcast clock 2026/09/14 21:55:49.925 sat=45
2 no broadcast ephemeris: 2026/09/14 21:55:50 sat=60 iode= -1
2 no broadcast clock 2026/09/14 21:55:49.911 sat=60
2 no broadcast ephemeris: 2026/09/14 21:55:50 sat=62 iode= -1
2 no broadcast clock 2026/09/14 21:55:49.908 sat=62
2 no broadcast ephemeris: 2026/09/14 21:55:50 sat=69 iode= -1
2 no broadcast clock 2026/09/14 21:55:49.917 sat=69
2 no broadcast ephemeris: 2026/09/14 21:55:50 sat=71 iode= -1
2 no broadcast clock 2026/09/14 21:55:49.916 sat=71
2 no broadcast ephemeris: 2026/09/14 21:55:50 sat=75 iode= -1
2 no broadcast clock 2026/09/14 21:55:49.915 sat=75
2 no broadcast ephemeris: 2026/09/14 21:55:50 sat=77 iode= -1
2 no broadcast clock 2026/09/14 21:55:49.921 sat=77
2 no broadcast ephemeris: 2026/09/14 21:55:50 sat=79 iode= -1
2 no broadcast clock 2026/09/14 21:55:49.913 sat=79
2 no broadcast ephemeris: 2026/09/14 21:55:50 sat=82 iode= -1
2 no broadcast clock 2026/09/14 21:55:49.907 sat=82
2 no broadcast ephemeris: 2026/09/14 21:55:50 sat=83 iode= -1
2 no broadcast clock 2026/09/14 21:55:49.915 sat=83
2 no broadcast ephemeris: 2026/09/14 21:55:50 sat=84 iode= -1
2 no broadcast clock 2026/09/14 21:55:49.912 sat=84
2 no broadcast ephemeris: 2026/09/14 21:55:50 sat=85 iode= -1
2 no broadcast clock 2026/09/14 21:55:49.904 sat=85
2 no broadcast ephemeris: 2026/09/14 21:55:50 sat=102 iode= -1
2 no broadcast clock 2026/09/14 21:55:49.863 sat=102
2 no broadcast ephemeris: 2026/09/14 21:55:50 sat=106 iode= -1
2 no broadcast clock 2026/09/14 21:55:49.915 sat=106
2 no broadcast ephemeris: 2026/09/14 21:55:50 sat=113 iode= -1
2 no broadcast clock 2026/09/14 21:55:49.909 sat=113
2 no broadcast ephemeris: 2026/09/14 21:55:50 sat=117 iode= -1
2 no broadcast clock 2026/09/14 21:55:49.915 sat=117
2 point position error (lack of valid sats ns=4)
2 rtcm3 1097 satellite error: prn=34
2 rtcm3 1127: unknown signal id=31
2 rtcm3 1127 satellite error: prn=38
2 no broadcast clock 2026/09/14 21:55:50.873 sat=130
2 no broadcast clock 2026/09/14 21:55:50.872 sat=132
2 no broadcast clock 2026/09/14 21:55:50.873 sat=145
2 no broadcast ephemeris: 2026/09/14 21:55:51 sat= 1 iode= -1
2 no broadcast clock 2026/09/14 21:55:50.925 sat= 1
2 no broadcast clock 2026/09/14 21:55:50.922 sat=38
2 no broadcast clock 2026/09/14 21:55:50.928 sat=49
2 no broadcast clock 2026/09/14 21:55:50.935 sat=56
2 no broadcast clock 2026/09/14 21:55:50.921 sat=37
2 no broadcast clock 2026/09/14 21:55:50.930 sat=47
2 no broadcast clock 2026/09/14 21:55:50.936 sat=46
2 no broadcast clock 2026/09/14 21:55:50.925 sat=45
2 no broadcast ephemeris: 2026/09/14 21:55:51 sat=60 iode= -1
2 no broadcast clock 2026/09/14 21:55:50.911 sat=60
2 no broadcast ephemeris: 2026/09/14 21:55:51 sat=62 iode= -1
2 no broadcast clock 2026/09/14 21:55:50.908 sat=62
2 no broadcast ephemeris: 2026/09/14 21:55:51 sat=69 iode= -1
2 no broadcast clock 2026/09/14 21:55:50.917 sat=69
2 no broadcast ephemeris: 2026/09/14 21:55:51 sat=71 iode= -1
2 no broadcast clock 2026/09/14 21:55:50.916 sat=71
2 no broadcast ephemeris: 2026/09/14 21:55:51 sat=75 iode= -1
2 no broadcast clock 2026/09/14 21:55:50.915 sat=75
2 no broadcast ephemeris: 2026/09/14 21:55:51 sat=77 iode= -1
2 no broadcast clock 2026/09/14 21:55:50.921 sat=77
2 no broadcast ephemeris: 2026/09/14 21:55:51 sat=79 iode= -1
2 no broadcast clock 2026/09/14 21:55:50.913 sat=79
2 no broadcast ephemeris: 2026/09/14 21:55:51 sat=82 iode= -1
2 no broadcast clock 2026/09/14 21:55:50.907 sat=82
2 no broadcast ephemeris: 2026/09/14 21:55:51 sat=83 iode= -1
2 no broadcast clock 2026/09/14 21:55:50.915 sat=83
2 no broadcast ephemeris: 2026/09/14 21:55:51 sat=84 iode= -1
2 no broadcast clock 2026/09/14 21:55:50.912 sat=84
2 no broadcast ephemeris: 2026/09/14 21:55:51 sat=85 iode= -1
2 no broadcast clock 2026/09/14 21:55:50.904 sat=85
2 no broadcast ephemeris: 2026/09/14 21:55:51 sat=102 iode= -1
2 no broadcast clock 2026/09/14 21:55:50.863 sat=102
2 no broadcast ephemeris: 2026/09/14 21:55:51 sat=106 iode= -1
2 no broadcast clock 2026/09/14 21:55:50.915 sat=106
2 no broadcast ephemeris: 2026/09/14 21:55:51 sat=113 iode= -1
2 no broadcast clock 2026/09/14 21:55:50.909 sat=113
2 no broadcast ephemeris: 2026/09/14 21:55:51 sat=117 iode= -1
2 no broadcast clock 2026/09/14 21:55:50.915 sat=117
2 point position error (lack of valid sats ns=4)
2 rtcm3 1097 satellite error: prn=34
2 rtcm3 1127: unknown signal id=31
2 rtcm3 1127 satellite error: prn=38
2 no broadcast clock 2026/09/14 21:55:51.873 sat=130
2 no broadcast clock 2026/09/14 21:55:51.872 sat=132
2 no broadcast clock 2026/09/14 21:55:51.873 sat=145
2 no broadcast ephemeris: 2026/09/14 21:55:52 sat= 1 iode= -1
2 no broadcast clock 2026/09/14 21:55:51.925 sat= 1
2 no broadcast clock 2026/09/14 21:55:51.922 sat=38
2 no broadcast clock 2026/09/14 21:55:51.928 sat=49
2 no broadcast clock 2026/09/14 21:55:51.935 sat=56
2 no broadcast clock 2026/09/14 21:55:51.921 sat=37
2 no broadcast clock 2026/09/14 21:55:51.930 sat=47
2 no broadcast clock 2026/09/14 21:55:51.936 sat=46
2 no broadcast clock 2026/09/14 21:55:51.925 sat=45
2 no broadcast ephemeris: 2026/09/14 21:55:52 sat=60 iode= -1
2 no broadcast clock 2026/09/14 21:55:51.911 sat=60
2 no broadcast ephemeris: 2026/09/14 21:55:52 sat=62 iode= -1
2 no broadcast clock 2026/09/14 21:55:51.908 sat=62
2 no broadcast ephemeris: 2026/09/14 21:55:52 sat=69 iode= -1
2 no broadcast clock 2026/09/14 21:55:51.917 sat=69
2 no broadcast ephemeris: 2026/09/14 21:55:52 sat=71 iode= -1
2 no broadcast clock 2026/09/14 21:55:51.916 sat=71
2 no broadcast ephemeris: 2026/09/14 21:55:52 sat=75 iode= -1
2 no broadcast clock 2026/09/14 21:55:51.915 sat=75
2 no broadcast ephemeris: 2026/09/14 21:55:52 sat=77 iode= -1
2 no broadcast clock 2026/09/14 21:55:51.921 sat=77
2 no broadcast ephemeris: 2026/09/14 21:55:52 sat=79 iode= -1
2 no broadcast clock 2026/09/14 21:55:51.913 sat=79
2 no broadcast ephemeris: 2026/09/14 21:55:52 sat=82 iode= -1
2 no broadcast clock 2026/09/14 21:55:51.907 sat=82
2 no broadcast ephemeris: 2026/09/14 21:55:52 sat=83 iode= -1
2 no broadcast clock 2026/09/14 21:55:51.915 sat=83
2 no broadcast ephemeris: 2026/09/14 21:55:52 sat=84 iode= -1
2 no broadcast clock 2026/09/14 21:55:51.912 sat=84
2 no broadcast ephemeris: 2026/09/14 21:55:52 sat=85 iode= -1
2 no broadcast clock 2026/09/14 21:55:51.904 sat=85
2 no broadcast ephemeris: 2026/09/14 21:55:52 sat=102 iode= -1
2 no broadcast clock 2026/09/14 21:55:51.863 sat=102
2 no broadcast ephemeris: 2026/09/14 21:55:52 sat=106 iode= -1
2 no broadcast clock 2026/09/14 21:55:51.915 sat=106
2 no broadcast ephemeris: 2026/09/14 21:55:52 sat=113 iode= -1
2 no broadcast clock 2026/09/14 21:55:51.909 sat=113
2 no broadcast ephemeris: 2026/09/14 21:55:52 sat=117 iode= -1
2 no broadcast clock 2026/09/14 21:55:51.915 sat=117
2 point position error (lack of valid sats ns=4)
2 rtcm3 1097 satellite error: prn=34
2 rtcm3 1127: unknown signal id=31
2 rtcm3 1127 satellite error: prn=38
2 no broadcast clock 2026/09/14 21:55:52.873 sat=130
2 no broadcast clock 2026/09/14 21:55:52.872 sat=132
2 no broadcast clock 2026/09/14 21:55:52.873 sat=145
2 no broadcast ephemeris: 2026/09/14 21:55:53 sat= 1 iode= -1
2 no broadcast clock 2026/09/14 21:55:52.925 sat= 1
2 no broadcast clock 2026/09/14 21:55:52.922 sat=38
2 no broadcast clock 2026/09/14 21:55:52.928 sat=49
2 no broadcast clock 2026/09/14 21:55:52.935 sat=56
2 no broadcast clock 2026/09/14 21:55:52.921 sat=37
2 no broadcast clock 2026/09/14 21:55:52.930 sat=47
2 no broadcast clock 2026/09/14 21:55:52.936 sat=46
2 no broadcast clock 2026/09/14 21:55:52.925 sat=45
2 no broadcast ephemeris: 2026/09/14 21:55:53 sat=60 iode= -1
2 no broadcast clock 2026/09/14 21:55:52.911 sat=60
2 no broadcast ephemeris: 2026/09/14 21:55:53 sat=62 iode= -1
2 no broadcast clock 2026/09/14 21:55:52.908 sat=62
2 no broadcast ephemeris: 2026/09/14 21:55:53 sat=69 iode= -1
2 no broadcast clock 2026/09/14 21:55:52.917 sat=69
2 no broadcast ephemeris: 2026/09/14 21:55:53 sat=71 iode= -1
2 no broadcast clock 2026/09/14 21:55:52.916 sat=71
2 no broadcast ephemeris: 2026/09/14 21:55:53 sat=75 iode= -1
2 no broadcast clock 2026/09/14 21:55:52.915 sat=75
2 no broadcast ephemeris: 2026/09/14 21:55:53 sat=77 iode= -1
2 no broadcast clock 2026/09/14 21:55:52.921 sat=77
2 no broadcast ephemeris: 2026/09/14 21:55:53 sat=79 iode= -1
2 no broadcast clock 2026/09/14 21:55:52.913 sat=79
2 no broadcast ephemeris: 2026/09/14 21:55:53 sat=82 iode= -1
2 no broadcast clock 2026/09/14 21:55:52.907 sat=82
2 no broadcast ephemeris: 2026/09/14 21:55:53 sat=83 iode= -1
2 no broadcast clock 2026/09/14 21:55:52.915 sat=83
2 no broadcast ephemeris: 2026/09/14 21:55:53 sat=84 iode= -1
2 no broadcast clock 2026/09/14 21:55:52.912 sat=84
2 no broadcast ephemeris: 2026/09/14 21:55:53 sat=85 iode= -1
2 no broadcast clock 2026/09/14 21:55:52.904 sat=85
2 no broadcast ephemeris: 2026/09/14 21:55:53 sat=102 iode= -1
2 no broadcast clock 2026/09/14 21:55:52.863 sat=102
2 no broadcast ephemeris: 2026/09/14 21:55:53 sat=106 iode= -1
2 no broadcast clock 2026/09/14 21:55:52.915 sat=106
2 no broadcast ephemeris: 2026/09/14 21:55:53 sat=113 iode= -1
2 no broadcast clock 2026/09/14 21:55:52.909 sat=113
2 no broadcast ephemeris: 2026/09/14 21:55:53 sat=117 iode= -1
2 no broadcast clock 2026/09/14 21:55:52.915 sat=117
2 point position error (lack of valid sats ns=4)
2 rtcm3 1097 satellite error: prn=34
2 rtcm3 1127: unknown signal id=31
2 rtcm3 1127 satellite error: prn=38
2 no broadcast clock 2026/09/14 21:55:53.873 sat=130
2 no broadcast clock 2026/09/14 21:55:53.872 sat=132
2 no broadcast clock 2026/09/14 21:55:53.873 sat=145
2 no broadcast ephemeris: 2026/09/14 21:55:54 sat= 1 iode= -1
2 no broadcast clock 2026/09/14 21:55:53.925 sat= 1
2 no broadcast clock 2026/09/14 21:55:53.922 sat=38
2 no broadcast clock 2026/09/14 21:55:53.928 sat=49
2 no broadcast clock 2026/09/14 21:55:53.935 sat=56
2 no broadcast clock 2026/09/14 21:55:53.921 sat=37
2 no broadcast clock 2026/09/14 21:55:53.930 sat=47
2 no broadcast clock 2026/09/14 21:55:53.936 sat=46
2 no broadcast clock 2026/09/14 21:55:53.925 sat=45
2 no broadcast ephemeris: 2026/09/14 21:55:54 sat=60 iode= -1
2 no broadcast clock 2026/09/14 21:55:53.911 sat=60
2 no broadcast ephemeris: 2026/09/14 21:55:54 sat=62 iode= -1
2 no broadcast clock 2026/09/14 21:55:53.908 sat=62
2 no broadcast ephemeris: 2026/09/14 21:55:54 sat=69 iode= -1
2 no broadcast clock 2026/09/14 21:55:53.917 sat=69
2 no broadcast ephemeris: 2026/09/14 21:55:54 sat=71 iode= -1
2 no broadcast clock 2026/09/14 21:55:53.916 sat=71
2 no broadcast ephemeris: 2026/09/14 21:55:54 sat=75 iode= -1
2 no broadcast clock 2026/09/14 21:55:53.915 sat=75
2 no broadcast ephemeris: 2026/09/14 21:55:54 sat=77 iode= -1
2 no broadcast clock 2026/09/14 21:55:53.921 sat=77
2 no broadcast ephemeris: 2026/09/14 21:55:54 sat=79 iode= -1
2 no broadcast clock 2026/09/14 21:55:53.913 sat=79
2 no broadcast ephemeris: 2026/09/14 21:55:54 sat=82 iode= -1
2 no broadcast clock 2026/09/14 21:55:53.907 sat=82
2 no broadcast ephemeris: 2026/09/14 21:55:54 sat=83 iode= -1
2 no broadcast clock 2026/09/14 21:55:53.915 sat=83
2 no broadcast ephemeris: 2026/09/14 21:55:54 sat=84 iode= -1
2 no broadcast clock 2026/09/14 21:55:53.912 sat=84
2 no broadcast ephemeris: 2026/09/14 21:55:54 sat=85 iode= -1
2 no broadcast clock 2026/09/14 21:55:53.904 sat=85
2 no broadcast ephemeris: 2026/09/14 21:55:54 sat=102 iode= -1
2 no broadcast clock 2026/09/14 21:55:53.863 sat=102
2 no broadcast ephemeris: 2026/09/14 21:55:54 sat=106 iode= -1
2 no broadcast clock 2026/09/14 21:55:53.915 sat=106
2 no broadcast ephemeris: 2026/09/14 21:55:54 sat=113 iode= -1
2 no broadcast clock 2026/09/14 21:55:53.909 sat=113
2 no broadcast ephemeris: 2026/09/14 21:55:54 sat=117 iode= -1
2 no broadcast clock 2026/09/14 21:55:53.915 sat=117
2 point position error (lack of valid sats ns=4)
2 rtcm3 1097 satellite error: prn=34
2 rtcm3 1127: unknown signal id=31
2 rtcm3 1127 satellite error: prn=38
2 no broadcast clock 2026/09/14 21:55:54.873 sat=130
2 no broadcast clock 2026/09/14 21:55:54.872 sat=132
2 no broadcast clock 2026/09/14 21:55:54.873 sat=145
2 no broadcast ephemeris: 2026/09/14 21:55:55 sat= 1 iode= -1
2 no broadcast clock 2026/09/14 21:55:54.925 sat= 1
2 no broadcast clock 2026/09/14 21:55:54.922 sat=38
2 no broadcast clock 2026/09/14 21:55:54.928 sat=49
2 no broadcast clock 2026/09/14 21:55:54.935 sat=56
2 no broadcast clock 2026/09/14 21:55:54.921 sat=37
2 no broadcast clock 2026/09/14 21:55:54.930 sat=47
2 no broadcast clock 2026/09/14 21:55:54.936 sat=46
2 no broadcast clock 2026/09/14 21:55:54.925 sat=45
2 no broadcast ephemeris: 2026/09/14 21:55:55 sat=60 iode= -1
2 no broadcast clock 2026/09/14 21:55:54.911 sat=60
2 no broadcast ephemeris: 2026/09/14 21:55:55 sat=62 iode= -1
2 no broadcast clock 2026/09/14 21:55:54.908 sat=62
2 no broadcast ephemeris: 2026/09/14 21:55:55 sat=69 iode= -1
2 no broadcast clock 2026/09/14 21:55:54.917 sat=69
2 no broadcast ephemeris: 2026/09/14 21:55:55 sat=71 iode= -1
2 no broadcast clock 2026/09/14 21:55:54.916 sat=71
2 no broadcast ephemeris: 2026/09/14 21:55:55 sat=75 iode= -1
2 no broadcast clock 2026/09/14 21:55:54.915 sat=75
2 no broadcast ephemeris: 2026/09/14 21:55:55 sat=77 iode= -1
2 no broadcast clock 2026/09/14 21:55:54.921 sat=77
2 no broadcast ephemeris: 2026/09/14 21:55:55 sat=79 iode= -1
2 no broadcast clock 2026/09/14 21:55:54.913 sat=79
2 no broadcast ephemeris: 2026/09/14 21:55:55 sat=82 iode= -1
2 no broadcast clock 2026/09/14 21:55:54.907 sat=82
2 no broadcast ephemeris: 2026/09/14 21:55:55 sat=83 iode= -1
2 no broadcast clock 2026/09/14 21:55:54.915 sat=83
2 no broadcast ephemeris: 2026/09/14 21:55:55 sat=84 iode= -1
2 no broadcast clock 2026/09/14 21:55:54.912 sat=84
2 no broadcast ephemeris: 2026/09/14 21:55:55 sat=85 iode= -1
2 no broadcast clock 2026/09/14 21:55:54.904 sat=85
2 no broadcast ephemeris: 2026/09/14 21:55:55 sat=102 iode= -1
2 no broadcast clock 2026/09/14 21:55:54.863 sat=102
2 no broadcast ephemeris: 2026/09/14 21:55:55 sat=106 iode= -1
2 no broadcast clock 2026/09/14 21:55:54.915 sat=106
2 no broadcast ephemeris: 2026/09/14 21:55:55 sat=113 iode= -1
2 no broadcast clock 2026/09/14 21:55:54.909 sat=113
2 no broadcast ephemeris: 2026/09/14 21:55:55 sat=117 iode= -1
2 no broadcast clock 2026/09/14 21:55:54.915 sat=117
2 point position error (lack of valid sats ns=4)
2 rtcm3 1097 satellite error: prn=34
2 rtcm3 1127: unknown signal id=31
2 rtcm3 1127 satellite error: prn=38
2 no broadcast clock 2026/09/14 21:55:55.873 sat=130
2 no broadcast clock 2026/09/14 21:55:55.872 sat=132
2 no broadcast clock 2026/09/14 21:55:55.873 sat=145
2 no broadcast ephemeris: 2026/09/14 21:55:56 sat= 1 iode= -1
2 no broadcast clock 2026/09/14 21:55:55.925 sat= 1
2 no broadcast clock 2026/09/14 21:55:55.936 sat=46
2 no broadcast ephemeris: 2026/09/14 21:55:56 sat=60 iode= -1
2 no broadcast clock 2026/09/14 21:55:55.911 sat=60
2 no broadcast ephemeris: 2026/09/14 21:55:56 sat=62 iode= -1
2 no broadcast clock 2026/09/14 21:55:55.908 sat=62
2 no broadcast ephemeris: 2026/09/14 21:55:56 sat=69 iode= -1
2 no broadcast clock 2026/09/14 21:55:55.917 sat=69
2 no broadcast ephemeris: 2026/09/14 21:55:56 sat=71 iode= -1
2 no broadcast clock 2026/09/14 21:55:55.916 sat=71
2 no broadcast ephemeris: 2026/09/14 21:55:56 sat=75 iode= -1
2 no broadcast clock 2026/09/14 21:55:55.915 sat=75
2 no broadcast ephemeris: 2026/09/14 21:55:56 sat=77 iode= -1
2 no broadcast clock 2026/09/14 21:55:55.921 sat=77
2 no broadcast ephemeris: 2026/09/14 21:55:56 sat=79 iode= -1
2 no broadcast clock 2026/09/14 21:55:55.913 sat=79
2 no broadcast ephemeris: 2026/09/14 21:55:56 sat=82 iode= -1
2 no broadcast clock 2026/09/14 21:55:55.907 sat=82
2 no broadcast ephemeris: 2026/09/14 21:55:56 sat=83 iode= -1
2 no broadcast clock 2026/09/14 21:55:55.915 sat=83
2 no broadcast ephemeris: 2026/09/14 21:55:56 sat=84 iode= -1
2 no broadcast clock 2026/09/14 21:55:55.912 sat=84
2 no broadcast ephemeris: 2026/09/14 21:55:56 sat=85 iode= -1
2 no broadcast clock 2026/09/14 21:55:55.904 sat=85
2 no broadcast ephemeris: 2026/09/14 21:55:56 sat=102 iode= -1
2 no broadcast clock 2026/09/14 21:55:55.863 sat=102
2 no broadcast ephemeris: 2026/09/14 21:55:56 sat=106 iode= -1
2 no broadcast clock 2026/09/14 21:55:55.915 sat=106
2 no broadcast ephemeris: 2026/09/14 21:55:56 sat=113 iode= -1
2 no broadcast clock 2026/09/14 21:55:55.909 sat=113
2 no broadcast ephemeris: 2026/09/14 21:55:56 sat=117 iode= -1
2 no broadcast clock 2026/09/14 21:55:55.915 sat=117
2 point position error (lack of valid sats ns=4)
2 rtcm3 1097 satellite error: prn=34
2 rtcm3 1127: unknown signal id=31
2 rtcm3 1127 satellite error: prn=38
2 no broadcast clock 2026/09/14 21:55:56.873 sat=130
2 no broadcast clock 2026/09/14 21:55:56.872 sat=132
2 no broadcast clock 2026/09/14 21:55:56.873 sat=145
2 no broadcast ephemeris: 2026/09/14 21:55:57 sat= 1 iode= -1
2 no broadcast clock 2026/09/14 21:55:56.925 sat= 1
2 no broadcast clock 2026/09/14 21:55:56.936 sat=46
2 no broadcast ephemeris: 2026/09/14 21:55:57 sat=60 iode= -1
2 no broadcast clock 2026/09/14 21:55:56.911 sat=60
2 no broadcast ephemeris: 2026/09/14 21:55:57 sat=62 iode= -1
2 no broadcast clock 2026/09/14 21:55:56.908 sat=62
2 no broadcast ephemeris: 2026/09/14 21:55:57 sat=69 iode= -1
2 no broadcast clock 2026/09/14 21:55:56.917 sat=69
2 no broadcast ephemeris: 2026/09/14 21:55:57 sat=71 iode= -1
2 no broadcast clock 2026/09/14 21:55:56.916 sat=71
2 no broadcast ephemeris: 2026/09/14 21:55:57 sat=75 iode= -1
2 no broadcast clock 2026/09/14 21:55:56.915 sat=75
2 no broadcast ephemeris: 2026/09/14 21:55:57 sat=77 iode= -1
2 no broadcast clock 2026/09/14 21:55:56.921 sat=77
2 no broadcast ephemeris: 2026/09/14 21:55:57 sat=79 iode= -1
2 no broadcast clock 2026/09/14 21:55:56.913 sat=79
2 no broadcast ephemeris: 2026/09/14 21:55:57 sat=82 iode= -1
2 no broadcast clock 2026/09/14 21:55:56.907 sat=82
2 no broadcast ephemeris: 2026/09/14 21:55:57 sat=83 iode= -1
2 no broadcast clock 2026/09/14 21:55:56.915 sat=83
2 no broadcast ephemeris: 2026/09/14 21:55:57 sat=84 iode= -1
2 no broadcast clock 2026/09/14 21:55:56.912 sat=84
2 no broadcast ephemeris: 2026/09/14 21:55:57 sat=85 iode= -1
2 no broadcast clock 2026/09/14 21:55:56.904 sat=85
2 no broadcast ephemeris: 2026/09/14 21:55:57 sat=102 iode= -1
2 no broadcast clock 2026/09/14 21:55:56.863 sat=102
2 no broadcast ephemeris: 2026/09/14 21:55:57 sat=106 iode= -1
2 no broadcast clock 2026/09/14 21:55:56.915 sat=106
2 no broadcast ephemeris: 2026/09/14 21:55:57 sat=113 iode= -1
2 no broadcast clock 2026/09/14 21:55:56.909 sat=113
2 no broadcast ephemeris: 2026/09/14 21:55:57 sat=117 iode= -1
2 no broadcast clock 2026/09/14 21:55:56.915 sat=117
2 point position error (lack of valid sats ns=4)
2 rtcm3 1230: not supported message
2 rtcm3 1045 satellite number error: prn=34
2 rtcm3 1046 satellite number error: prn=34
2 rtcm3 1097 satellite error: prn=34
2 rtcm3 1127: unknown signal id=31
2 rtcm3 1127 satellite error: prn=38
2 no broadcast clock 2026/09/14 21:55:57.873 sat=130
2 no broadcast clock 2026/09/14 21:55:57.872 sat=132
2 no broadcast clock 2026/09/14 21:55:57.873 sat=145
2 no broadcast ephemeris: 2026/09/14 21:55:58 sat= 1 iode= -1
2 no broadcast clock 2026/09/14 21:55:57.925 sat= 1
2 no broadcast clock 2026/09/14 21:55:57.936 sat=46
2 no broadcast ephemeris: 2026/09/14 21:55:58 sat=102 iode= -1
2 no broadcast clock 2026/09/14 21:55:57.863 sat=102
2 no broadcast ephemeris: 2026/09/14 21:55:58 sat=106 iode= -1
2 no broadcast clock 2026/09/14 21:55:57.915 sat=106
2 no broadcast ephemeris: 2026/09/14 21:55:58 sat=113 iode= -1
2 no broadcast clock 2026/09/14 21:55:57.909 sat=113
2 no broadcast ephemeris: 2026/09/14 21:55:58 sat=117 iode= -1
2 no broadcast clock 2026/09/14 21:55:57.915 sat=117
2 point position error (lack of valid sats ns=4)
2 rtcm3 1097 satellite error: prn=34
2 rtcm3 1127: unknown signal id=31
2 rtcm3 1127 satellite error: prn=38
2 no broadcast clock 2026/09/14 21:55:58.873 sat=130
2 no broadcast clock 2026/09/14 21:55:58.872 sat=132
2 no broadcast clock 2026/09/14 21:55:58.873 sat=145
2 no broadcast ephemeris: 2026/09/14 21:55:59 sat= 1 iode= -1
2 no broadcast clock 2026/09/14 21:55:58.925 sat= 1
2 no broadcast clock 2026/09/14 21:55:58.936 sat=46
2 no broadcast ephemeris: 2026/09/14 21:55:59 sat=102 iode= -1
2 no broadcast clock 2026/09/14 21:55:58.863 sat=102
2 no broadcast ephemeris: 2026/09/14 21:55:59 sat=106 iode= -1
2 no broadcast clock 2026/09/14 21:55:58.915 sat=106
2 no broadcast ephemeris: 2026/09/14 21:55:59 sat=113 iode= -1
2 no broadcast clock 2026/09/14 21:55:58.909 sat=113
2 no broadcast ephemeris: 2026/09/14 21:55:59 sat=117 iode= -1
2 no broadcast clock 2026/09/14 21:55:58.915 sat=117
2 point position error (lack of valid sats ns=4)
2 rtcm3 1097 satellite error: prn=34
2 rtcm3 1127: unknown signal id=31
2 rtcm3 1127 satellite error: prn=38
2 no broadcast clock 2026/09/14 21:55:59.873 sat=130
2 no broadcast clock 2026/09/14 21:55:59.872 sat=132
2 no broadcast clock 2026/09/14 21:55:59.873 sat=145
2 no broadcast ephemeris: 2026/09/14 21:56:00 sat= 1 iode= -1
2 no broadcast clock 2026/09/14 21:55:59.925 sat= 1
2 no broadcast clock 2026/09/14 21:55:59.936 sat=46
2 no broadcast ephemeris: 2026/09/14 21:56:00 sat=102 iode= -1
2 no broadcast clock 2026/09/14 21:55:59.863 sat=102
2 no broadcast ephemeris: 2026/09/14 21:56:00 sat=106 iode= -1
2 no broadcast clock 2026/09/14 21:55:59.915 sat=106
2 no broadcast ephemeris: 2026/09/14 21:56:00 sat=113 iode= -1
2 no broadcast clock 2026/09/14 21:55:59.909 sat=113
2 no broadcast ephemeris: 2026/09/14 21:56:00 sat=117 iode= -1
2 no broadcast clock 2026/09/14 21:55:59.915 sat=117
2 point position error (lack of valid sats ns=4)
2 rtcm3 1097 satellite error: prn=34
2 rtcm3 1127: unknown signal id=31
2 rtcm3 1127 satellite error: prn=38
2 no broadcast clock 2026/09/14 21:56:00.873 sat=130
2 no broadcast clock 2026/09/14 21:56:00.872 sat=132
2 no broadcast clock 2026/09/14 21:56:00.873 sat=145
2 no broadcast ephemeris: 2026/09/14 21:56:01 sat= 1 iode= -1
2 no broadcast clock 2026/09/14 21:56:00.925 sat= 1
2 no broadcast clock 2026/09/14 21:56:00.936 sat=46
2 no broadcast ephemeris: 2026/09/14 21:56:01 sat=102 iode= -1
2 no broadcast clock 2026/09/14 21:56:00.863 sat=102
2 no broadcast ephemeris: 2026/09/14 21:56:01 sat=106 iode= -1
2 no broadcast clock 2026/09/14 21:56:00.915 sat=106
2 no broadcast ephemeris: 2026/09/14 21:56:01 sat=113 iode= -1
2 no broadcast clock 2026/09/14 21:56:00.909 sat=113
2 no broadcast ephemeris: 2026/09/14 21:56:01 sat=117 iode= -1
2 no broadcast clock 2026/09/14 21:56:00.915 sat=117
2 point position error (lack of valid sats ns=4)
2 rtcm3 1097 satellite error: prn=34
2 rtcm3 1127: unknown signal id=31
2 rtcm3 1127 satellite error: prn=38
2 no broadcast clock 2026/09/14 21:56:01.873 sat=130
2 no broadcast clock 2026/09/14 21:56:01.872 sat=132
2 no broadcast clock 2026/09/14 21:56:01.873 sat=145
2 no broadcast ephemeris: 2026/09/14 21:56:02 sat= 1 iode= -1
2 no broadcast clock 2026/09/14 21:56:01.925 sat= 1
2 no broadcast clock 2026/09/14 21:56:01.936 sat=46
2 no broadcast ephemeris: 2026/09/14 21:56:02 sat=102 iode= -1
2 no broadcast clock 2026/09/14 21:56:01.863 sat=102
2 no broadcast ephemeris: 2026/09/14 21:56:02 sat=106 iode= -1
2 no broadcast clock 2026/09/14 21:56:01.915 sat=106
2 no broadcast ephemeris: 2026/09/14 21:56:02 sat=113 iode= -1
2 no broadcast clock 2026/09/14 21:56:01.909 sat=113
2 no broadcast ephemeris: 2026/09/14 21:56:02 sat=117 iode= -1
2 no broadcast clock 2026/09/14 21:56:01.915 sat=117
2 point position error (lack of valid sats ns=4)
2 rtcm3 1042 satellite number error: prn=38
2 rtcm3 1042 satellite number error: prn=38
2 rtcm3 1097 satellite error: prn=34
2 rtcm3 1127: unknown signal id=31
2 rtcm3 1127 satellite error: prn=38
2 no broadcast clock 2026/09/14 21:56:02.873 sat=130
2 no broadcast clock 2026/09/14 21:56:02.872 sat=132
2 no broadcast clock 2026/09/14 21:56:02.873 sat=145
2 no broadcast ephemeris: 2026/09/14 21:56:03 sat= 1 iode= -1
2 no broadcast clock 2026/09/14 21:56:02.925 sat= 1
2 no broadcast clock 2026/09/14 21:56:02.936 sat=46
2 point position error (lack of valid sats ns=4)
2 rtcm3 1097 satellite error: prn=34
2 rtcm3 1127: unknown signal id=31
2 rtcm3 1127 satellite error: prn=38
2 no broadcast clock 2026/09/14 21:56:03.873 sat=130
2 no broadcast clock 2026/09/14 21:56:03.872 sat=132
2 no broadcast clock 2026/09/14 21:56:03.873 sat=145
2 no broadcast ephemeris: 2026/09/14 21:56:04 sat= 1 iode= -1
2 no broadcast clock 2026/09/14 21:56:03.925 sat= 1
2 no broadcast clock 2026/09/14 21:56:03.936 sat=46
2 point position error (lack of valid sats ns=4)
2 rtcm3 1097 satellite error: prn=34
2 rtcm3 1127: unknown signal id=31
2 rtcm3 1127 satellite error: prn=38
2 no broadcast clock 2026/09/14 21:56:04.873 sat=130
2 no broadcast clock 2026/09/14 21:56:04.872 sat=132
2 no broadcast clock 2026/09/14 21:56:04.873 sat=145
2 no broadcast ephemeris: 2026/09/14 21:56:05 sat= 1 iode= -1
2 no broadcast clock 2026/09/14 21:56:04.925 sat= 1
2 no broadcast clock 2026/09/14 21:56:04.936 sat=46
2 point position error (lack of valid sats ns=4)
2 rtcm3 1097 satellite error: prn=34
2 rtcm3 1127: unknown signal id=31
2 rtcm3 1127 satellite error: prn=38
2 no broadcast clock 2026/09/14 21:56:05.873 sat=130
2 no broadcast clock 2026/09/14 21:56:05.872 sat=132
2 no broadcast clock 2026/09/14 21:56:05.873 sat=145
2 no broadcast ephemeris: 2026/09/14 21:56:06 sat= 1 iode= -1
2 no broadcast clock 2026/09/14 21:56:05.925 sat= 1
2 no broadcast clock 2026/09/14 21:56:05.936 sat=46
2 point position error (lack of valid sats ns=4)
2 rtcm3 1045 satellite number error: prn=34
2 rtcm3 1046 satellite number error: prn=34
2 rtcm3 1097 satellite error: prn=34
2 rtcm3 1127: unknown signal id=31
2 rtcm3 1127 satellite error: prn=38
2 no broadcast clock 2026/09/14 21:56:06.873 sat=130
2 no broadcast clock 2026/09/14 21:56:06.872 sat=132
2 no broadcast clock 2026/09/14 21:56:06.873 sat=145
2 no broadcast ephemeris: 2026/09/14 21:56:07 sat= 1 iode= -1
2 no broadcast clock 2026/09/14 21:56:06.925 sat= 1
2 no broadcast clock 2026/09/14 21:56:06.936 sat=46
2 point position error (lack of valid sats ns=4)
2 rtcm3 1097 satellite error: prn=34
2 rtcm3 1127: unknown signal id=31
2 rtcm3 1127 satellite error: prn=38
2 no broadcast clock 2026/09/14 21:56:07.873 sat=130
2 no broadcast clock 2026/09/14 21:56:07.872 sat=132
2 no broadcast clock 2026/09/14 21:56:07.873 sat=145
2 no broadcast ephemeris: 2026/09/14 21:56:08 sat= 1 iode= -1
2 no broadcast clock 2026/09/14 21:56:07.925 sat= 1
2 no broadcast clock 2026/09/14 21:56:07.936 sat=46
2 point position error (lack of valid sats ns=4)
2 rtcm3 1097 satellite error: prn=34
2 rtcm3 1127: unknown signal id=31
2 rtcm3 1127 satellite error: prn=38
2 no broadcast clock 2026/09/14 21:56:08.873 sat=130
2 no broadcast clock 2026/09/14 21:56:08.872 sat=132
2 no broadcast clock 2026/09/14 21:56:08.873 sat=145
2 no broadcast ephemeris: 2026/09/14 21:56:09 sat= 1 iode= -1
2 no broadcast clock 2026/09/14 21:56:08.925 sat= 1
2 no broadcast clock 2026/09/14 21:56:08.936 sat=46
2 point position error (lack of valid sats ns=4)
2 rtcm3 1097 satellite error: prn=34
2 rtcm3 1127: unknown signal id=31
2 rtcm3 1127 satellite error: prn=38
2 no broadcast clock 2026/09/14 21:56:09.873 sat=130
2 no broadcast clock 2026/09/14 21:56:09.872 sat=132
2 no broadcast clock 2026/09/14 21:56:09.873 sat=145
2 no broadcast ephemeris: 2026/09/14 21:56:10 sat= 1 iode= -1
2 no broadcast clock 2026/09/14 21:56:09.925 sat= 1
2 no broadcast clock 2026/09/14 21:56:09.936 sat=46
2 point position error (lack of valid sats ns=4)
2 rtcm3 1097 satellite error: prn=34
2 rtcm3 1127: unknown signal id=31
2 rtcm3 1127 satellite error: prn=38
2 no broadcast clock 2026/09/14 21:56:10.873 sat=130
2 no broadcast clock 2026/09/14 21:56:10.872 sat=132
2 no broadcast clock 2026/09/14 21:56:10.873 sat=145
2 no broadcast ephemeris: 2026/09/14 21:56:11 sat= 1 iode= -1
2 no broadcast clock 2026/09/14 21:56:10.925 sat= 1
2 no broadcast clock 2026/09/14 21:56:10.936 sat=46
2 point position error (lack of valid sats ns=4)
2 rtcm3 1097 satellite error: prn=34
2 rtcm3 1127: unknown signal id=31
2 rtcm3 1127 satellite error: prn=38
2 no broadcast clock 2026/09/14 21:56:11.873 sat=130
2 no broadcast clock 2026/09/14 21:56:11.872 sat=132
2 no broadcast clock 2026/09/14 21:56:11.873 sat=145
2 no broadcast ephemeris: 2026/09/14 21:56:12 sat= 1 iode= -1
2 no broadcast clock 2026/09/14 21:56:11.925 sat= 1
2 no broadcast clock 2026/09/14 21:56:11.936 sat=46
2 point position error (lack of valid sats ns=4)
2 rtcm3 1097 satellite error: prn=34
2 rtcm3 1127: unknown signal id=31
2 rtcm3 1127 satellite error: prn=38
2 no broadcast clock 2026/09/14 21:56:12.873 sat=130
2 no broadcast clock 2026/09/14 21:56:12.872 sat=132
2 no broadcast clock 2026/09/14 21:56:12.873 sat=145
2 no broadcast ephemeris: 2026/09/14 21:56:13 sat= 1 iode= -1
2 no broadcast clock 2026/09/14 21:56:12.925 sat= 1
2 no broadcast clock 2026/09/14 21:56:12.936 sat=46
2 point position error (lack of valid sats ns=4)
2 rtcm3 1097 satellite error: prn=34
2 rtcm3 1127: unknown signal id=31
2 rtcm3 1127 satellite error: prn=38
2 no broadcast clock 2026/09/14 21:56:13.873 sat=130
2 no broadcast clock 2026/09/14 21:56:13.872 sat=132
2 no broadcast clock 2026/09/14 21:56:13.873 sat=145
2 no broadcast ephemeris: 2026/09/14 21:56:14 sat= 1 iode= -1
2 no broadcast clock 2026/09/14 21:56:13.925 sat= 1
2 no broadcast clock 2026/09/14 21:56:13.936 sat=46
2 point position error (lack of valid sats ns=4)
2 rtcm3 1097 satellite error: prn=34
2 rtcm3 1127: unknown signal id=31
2 rtcm3 1127 satellite error: prn=38
2 no broadcast clock 2026/09/14 21:56:14.873 sat=130
2 no broadcast clock 2026/09/14 21:56:14.872 sat=132
2 no broadcast clock 2026/09/14 21:56:14.873 sat=145
2 no broadcast ephemeris: 2026/09/14 21:56:15 sat= 1 iode= -1
2 no broadcast clock 2026/09/14 21:56:14.925 sat= 1
2 no broadcast clock 2026/09/14 21:56:14.936 sat=46
2 point position error (lack of valid sats ns=4)
2 rtcm3 1097 satellite error: prn=34
2 rtcm3 1127: unknown signal id=31
2 rtcm3 1127 satellite error: prn=38
2 no broadcast clock 2026/09/14 21:56:15.873 sat=130
2 no broadcast clock 2026/09/14 21:56:15.872 sat=132
2 no broadcast clock 2026/09/14 21:56:15.873 sat=145
2 no broadcast ephemeris: 2026/09/14 21:56:16 sat= 1 iode= -1
2 no broadcast clock 2026/09/14 21:56:15.925 sat= 1
2 no broadcast clock 2026/09/14 21:56:15.936 sat=46
2 point position error (lack of valid sats ns=4)
2 rtcm3 1097 satellite error: prn=34
2 rtcm3 1127: unknown signal id=31
2 rtcm3 1127 satellite error: prn=38
2 no broadcast clock 2026/09/14 21:56:16.873 sat=130
2 no broadcast clock 2026/09/14 21:56:16.872 sat=132
2 no broadcast clock 2026/09/14 21:56:16.873 sat=145
2 no broadcast ephemeris: 2026/09/14 21:56:17 sat= 1 iode= -1
2 no broadcast clock 2026/09/14 21:56:16.925 sat= 1
2 no broadcast clock 2026/09/14 21:56:16.936 sat=46
2 point position error (lack of valid sats ns=4)
2 rtcm3 1097 satellite error: prn=34
2 rtcm3 1127: unknown signal id=31
2 rtcm3 1127 satellite error: prn=38
2 no broadcast clock 2026/09/14 21:56:17.873 sat=130
2 no broadcast clock 2026/09/14 21:56:17.872 sat=132
2 no broadcast clock 2026/09/14 21:56:17.873 sat=145
2 no broadcast ephemeris: 2026/09/14 21:56:18 sat= 1 iode= -1
2 no broadcast clock 2026/09/14 21:56:17.925 sat= 1
2 no broadcast clock 2026/09/14 21:56:17.936 sat=46
2 point position error (lack of valid sats ns=4)
2 rtcm3 1097 satellite error: prn=34
2 rtcm3 1127: unknown signal id=31
2 rtcm3 1127 satellite error: prn=38
2 no broadcast clock 2026/09/14 21:56:18.873 sat=130
2 no broadcast clock 2026/09/14 21:56:18.872 sat=132
2 no broadcast clock 2026/09/14 21:56:18.873 sat=145
2 no broadcast ephemeris: 2026/09/14 21:56:19 sat= 1 iode= -1
2 no broadcast clock 2026/09/14 21:56:18.925 sat= 1
2 no broadcast clock 2026/09/14 21:56:18.936 sat=46
2 point position error (lack of valid sats ns=4)
2 rtcm3 1097 satellite error: prn=34
2 rtcm3 1127: unknown signal id=31
2 rtcm3 1127 satellite error: prn=38
2 no broadcast clock 2026/09/14 21:56:19.873 sat=130
2 no broadcast clock 2026/09/14 21:56:19.872 sat=132
2 no broadcast clock 2026/09/14 21:56:19.873 sat=145
2 no broadcast ephemeris: 2026/09/14 21:56:20 sat= 1 iode= -1
2 no broadcast clock 2026/09/14 21:56:19.925 sat= 1
2 no broadcast clock 2026/09/14 21:56:19.936 sat=46
2 point position error (lack of valid sats ns=4)
2 rtcm3 1097 satellite error: prn=34
2 rtcm3 1127: unknown signal id=31
2 rtcm3 1127 satellite error: prn=38
2 no broadcast clock 2026/09/14 21:56:20.873 sat=130
2 no broadcast clock 2026/09/14 21:56:20.872 sat=132
2 no broadcast clock 2026/09/14 21:56:20.873 sat=145
2 no broadcast ephemeris: 2026/09/14 21:56:21 sat= 1 iode= -1
2 no broadcast clock 2026/09/14 21:56:20.925 sat= 1
2 no broadcast clock 2026/09/14 21:56:20.936 sat=46
2 point position error (lack of valid sats ns=4)
2 rtcm3 1097 satellite error: prn=34
2 rtcm3 1127: unknown signal id=31
2 rtcm3 1127 satellite error: prn=38
2 no broadcast clock 2026/09/14 21:56:21.873 sat=130
2 no broadcast clock 2026/09/14 21:56:21.872 sat=132
2 no broadcast clock 2026/09/14 21:56:21.873 sat=145
2 no broadcast ephemeris: 2026/09/14 21:56:22 sat= 1 iode= -1
2 no broadcast clock 2026/09/14 21:56:21.925 sat= 1
2 no broadcast clock 2026/09/14 21:56:21.936 sat=46
2 point position error (lack of valid sats ns=4)
2 rtcm3 1097 satellite error: prn=34
2 rtcm3 1127: unknown signal id=31
2 rtcm3 1127 satellite error: prn=38
2 no broadcast clock 2026/09/14 21:56:22.873 sat=130
2 no broadcast clock 2026/09/14 21:56:22.872 sat=132
2 no broadcast clock 2026/09/14 21:56:22.873 sat=145
2 no broadcast ephemeris: 2026/09/14 21:56:23 sat= 1 iode= -1
2 no broadcast clock 2026/09/14 21:56:22.925 sat= 1
2 no broadcast clock 2026/09/14 21:56:22.936 sat=46
2 point position error (lack of valid sats ns=4)
2 rtcm3 1097 satellite error: prn=34
2 rtcm3 1127: unknown signal id=31
2 rtcm3 1127 satellite error: prn=38
2 no broadcast clock 2026/09/14 21:56:23.873 sat=130
2 no broadcast clock 2026/09/14 21:56:23.872 sat=132
2 no broadcast clock 2026/09/14 21:56:23.873 sat=145
2 no broadcast ephemeris: 2026/09/14 21:56:24 sat= 1 iode= -1
2 no broadcast clock 2026/09/14 21:56:23.925 sat= 1
2 no broadcast clock 2026/09/14 21:56:23.936 sat=46
2 point position error (lack of valid sats ns=4)
2 rtcm3 1097 satellite error: prn=34
2 rtcm3 1127: unknown signal id=31
2 rtcm3 1127 satellite error: prn=38
2 no broadcast clock 2026/09/14 21:56:24.873 sat=130
2 no broadcast clock 2026/09/14 21:56:24.872 sat=132
2 no broadcast clock 2026/09/14 21:56:24.873 sat=145
2 no broadcast ephemeris: 2026/09/14 21:56:25 sat= 1 iode= -1
2 no broadcast clock 2026/09/14 21:56:24.925 sat= 1
2 no broadcast clock 2026/09/14 21:56:24.936 sat=46
2 point position error (lack of valid sats ns=4)
2 rtcm3 1097 satellite error: prn=34
2 rtcm3 1127: unknown signal id=31
2 rtcm3 1127 satellite error: prn=38
2 no broadcast clock 2026/09/14 21:56:25.873 sat=130
2 no broadcast clock 2026/09/14 21:56:25.872 sat=132
2 no broadcast clock 2026/09/14 21:56:25.873 sat=145
2 no broadcast ephemeris: 2026/09/14 21:56:26 sat= 1 iode= -1
2 no broadcast clock 2026/09/14 21:56:25.925 sat= 1
2 point position error (lack of valid sats ns=4)
2 rtcm3 1097 satellite error: prn=34
2 rtcm3 1127: unknown signal id=31
2 rtcm3 1127 satellite error: prn=38
2 no broadcast clock 2026/09/14 21:56:26.873 sat=130
2 no broadcast clock 2026/09/14 21:56:26.872 sat=132
2 no broadcast clock 2026/09/14 21:56:26.873 sat=145
2 no broadcast ephemeris: 2026/09/14 21:56:27 sat= 1 iode= -1
2 no broadcast clock 2026/09/14 21:56:26.925 sat= 1
2 point position error (lack of valid sats ns=4)
2 rtcm3 1230: not supported message
2 rtcm3 1045 satellite number error: prn=34
2 rtcm3 1046 satellite number error: prn=34
2 rtcm3 1097 satellite error: prn=34
2 rtcm3 1127: unknown signal id=31
2 rtcm3 1127 satellite error: prn=38
2 no broadcast clock 2026/09/14 21:56:27.873 sat=130
2 no broadcast clock 2026/09/14 21:56:27.872 sat=132
2 no broadcast clock 2026/09/14 21:56:27.873 sat=145
2 no broadcast ephemeris: 2026/09/14 21:56:28 sat= 1 iode= -1
2 no broadcast clock 2026/09/14 21:56:27.925 sat= 1
2 point position error (lack of valid sats ns=4)
2 rtcm3 1097 satellite error: prn=34
2 rtcm3 1127: unknown signal id=31
2 rtcm3 1127 satellite error: prn=38
2 no broadcast clock 2026/09/14 21:56:28.873 sat=130
2 no broadcast clock 2026/09/14 21:56:28.872 sat=132
2 no broadcast clock 2026/09/14 21:56:28.873 sat=145
2 no broadcast ephemeris: 2026/09/14 21:56:29 sat= 1 iode= -1
2 no broadcast clock 2026/09/14 21:56:28.925 sat= 1
2 point position error (lack of valid sats ns=4)
2 rtcm3 1097 satellite error: prn=34
2 rtcm3 1127: unknown signal id=31
2 rtcm3 1127 satellite error: prn=38
2 no broadcast clock 2026/09/14 21:56:29.873 sat=130
2 no broadcast clock 2026/09/14 21:56:29.872 sat=132
2 no broadcast clock 2026/09/14 21:56:29.873 sat=145
2 no broadcast ephemeris: 2026/09/14 21:56:30 sat= 1 iode= -1
2 no broadcast clock 2026/09/14 21:56:29.925 sat= 1
2 point position error (lack of valid sats ns=4)
2 rtcm3 1045 satellite number error: prn=34
2 rtcm3 1046 satellite number error: prn=34
2 rtcm3 1097 satellite error: prn=34
2 rtcm3 1127: unknown signal id=31
2 rtcm3 1127 satellite error: prn=38
2 no broadcast clock 2026/09/14 21:56:30.873 sat=130
2 no broadcast clock 2026/09/14 21:56:30.872 sat=132
2 no broadcast clock 2026/09/14 21:56:30.873 sat=145
2 no broadcast ephemeris: 2026/09/14 21:56:31 sat= 1 iode= -1
2 no broadcast clock 2026/09/14 21:56:30.925 sat= 1
2 point position error (lack of valid sats ns=4)
2 rtcm3 1097 satellite error: prn=34
2 rtcm3 1127: unknown signal id=31
2 rtcm3 1127 satellite error: prn=38
2 no broadcast clock 2026/09/14 21:56:31.873 sat=130
2 no broadcast clock 2026/09/14 21:56:31.872 sat=132
2 no broadcast clock 2026/09/14 21:56:31.873 sat=145
2 no broadcast ephemeris: 2026/09/14 21:56:32 sat= 1 iode= -1
2 no broadcast clock 2026/09/14 21:56:31.925 sat= 1
2 point position error (lack of valid sats ns=4)
2 rtcm3 1042 satellite number error: prn=38
2 rtcm3 1042 satellite number error: prn=38
2 rtcm3 1097 satellite error: prn=34
2 rtcm3 1127: unknown signal id=31
2 rtcm3 1127 satellite error: prn=38
2 no broadcast clock 2026/09/14 21:56:32.873 sat=130
2 no broadcast clock 2026/09/14 21:56:32.872 sat=132
2 no broadcast clock 2026/09/14 21:56:32.873 sat=145
2 no broadcast ephemeris: 2026/09/14 21:56:33 sat= 1 iode= -1
2 no broadcast clock 2026/09/14 21:56:32.925 sat= 1
2 point position error (lack of valid sats ns=4)
2 rtcm3 1097 satellite error: prn=34
2 rtcm3 1127: unknown signal id=31
2 rtcm3 1127 satellite error: prn=38
2 no broadcast clock 2026/09/14 21:56:33.873 sat=130
2 no broadcast clock 2026/09/14 21:56:33.872 sat=132
2 no broadcast clock 2026/09/14 21:56:33.873 sat=145
2 no broadcast ephemeris: 2026/09/14 21:56:34 sat= 1 iode= -1
2 no broadcast clock 2026/09/14 21:56:33.925 sat= 1
2 point position error (lack of valid sats ns=4)
2 rtcm3 1097 satellite error: prn=34
2 rtcm3 1127: unknown signal id=31
2 rtcm3 1127 satellite error: prn=38
2 no broadcast clock 2026/09/14 21:56:34.873 sat=130
2 no broadcast clock 2026/09/14 21:56:34.872 sat=132
2 no broadcast clock 2026/09/14 21:56:34.873 sat=145
2 no broadcast ephemeris: 2026/09/14 21:56:35 sat= 1 iode= -1
2 no broadcast clock 2026/09/14 21:56:34.925 sat= 1
2 point position error (lack of valid sats ns=4)
2 rtcm3 1097 satellite error: prn=34
2 rtcm3 1127: unknown signal id=31
2 rtcm3 1127 satellite error: prn=38
2 no broadcast clock 2026/09/14 21:56:35.873 sat=130
2 no broadcast clock 2026/09/14 21:56:35.872 sat=132
2 no broadcast clock 2026/09/14 21:56:35.873 sat=145
2 no broadcast ephemeris: 2026/09/14 21:56:36 sat= 1 iode= -1
2 no broadcast clock 2026/09/14 21:56:35.925 sat= 1
2 point position error (lack of valid sats ns=4)
2 rtcm3 1045 satellite number error: prn=34
2 rtcm3 1046 satellite number error: prn=34
2 rtcm3 1097 satellite error: prn=34
2 rtcm3 1127: unknown signal id=31
2 rtcm3 1127 satellite error: prn=38
2 no broadcast clock 2026/09/14 21:56:36.873 sat=130
2 no broadcast clock 2026/09/14 21:56:36.872 sat=132
2 no broadcast clock 2026/09/14 21:56:36.873 sat=145
2 no broadcast ephemeris: 2026/09/14 21:56:37 sat= 1 iode= -1
2 no broadcast clock 2026/09/14 21:56:36.925 sat= 1
2 no broadcast ephemeris: 2026/09/14 21:56:37 sat=65 iode= -1
2 no broadcast clock 2026/09/14 21:56:36.903 sat=65
2 point position error (lack of valid sats ns=4)
2 rtcm3 1097 satellite error: prn=34
2 rtcm3 1127: unknown signal id=31
2 rtcm3 1127 satellite error: prn=38
2 no broadcast clock 2026/09/14 21:56:37.873 sat=130
2 no broadcast clock 2026/09/14 21:56:37.872 sat=132
2 no broadcast clock 2026/09/14 21:56:37.873 sat=145
2 no broadcast ephemeris: 2026/09/14 21:56:38 sat= 1 iode= -1
2 no broadcast clock 2026/09/14 21:56:37.925 sat= 1
2 no broadcast ephemeris: 2026/09/14 21:56:38 sat=65 iode= -1
2 no broadcast clock 2026/09/14 21:56:37.903 sat=65
2 point position error (lack of valid sats ns=4)
2 rtcm3 1097 satellite error: prn=34
2 rtcm3 1127: unknown signal id=31
2 rtcm3 1127 satellite error: prn=38
2 no broadcast clock 2026/09/14 21:56:38.873 sat=130
2 no broadcast clock 2026/09/14 21:56:38.872 sat=132
2 no broadcast clock 2026/09/14 21:56:38.873 sat=145
2 no broadcast ephemeris: 2026/09/14 21:56:39 sat= 1 iode= -1
2 no broadcast clock 2026/09/14 21:56:38.925 sat= 1
2 no broadcast ephemeris: 2026/09/14 21:56:39 sat=65 iode= -1
2 no broadcast clock 2026/09/14 21:56:38.903 sat=65
2 point position error (lack of valid sats ns=4)
2 rtcm3 1097 satellite error: prn=34
2 rtcm3 1127: unknown signal id=31
2 rtcm3 1127 satellite error: prn=38
2 no broadcast clock 2026/09/14 21:56:39.873 sat=130
2 no broadcast clock 2026/09/14 21:56:39.872 sat=132
2 no broadcast clock 2026/09/14 21:56:39.873 sat=145
2 no broadcast ephemeris: 2026/09/14 21:56:40 sat= 1 iode= -1
2 no broadcast clock 2026/09/14 21:56:39.925 sat= 1
2 no broadcast ephemeris: 2026/09/14 21:56:40 sat=65 iode= -1
2 no broadcast clock 2026/09/14 21:56:39.903 sat=65
2 point position error (lack of valid sats ns=4)
2 rtcm3 1097 satellite error: prn=34
2 rtcm3 1127: unknown signal id=31
2 rtcm3 1127 satellite error: prn=38
2 no broadcast clock 2026/09/14 21:56:40.873 sat=130
2 no broadcast clock 2026/09/14 21:56:40.872 sat=132
2 no broadcast clock 2026/09/14 21:56:40.873 sat=145
2 no broadcast ephemeris: 2026/09/14 21:56:41 sat= 1 iode= -1
2 no broadcast clock 2026/09/14 21:56:40.925 sat= 1
2 no broadcast ephemeris: 2026/09/14 21:56:41 sat=65 iode= -1
2 no broadcast clock 2026/09/14 21:56:40.904 sat=65
2 point position error (lack of valid sats ns=4)
2 rtcm3 1097 satellite error: prn=34
2 rtcm3 1127: unknown signal id=31
2 rtcm3 1127 satellite error: prn=38
2 no broadcast clock 2026/09/14 21:56:41.873 sat=130
2 no broadcast clock 2026/09/14 21:56:41.872 sat=132
2 no broadcast clock 2026/09/14 21:56:41.873 sat=145
2 no broadcast ephemeris: 2026/09/14 21:56:42 sat= 1 iode= -1
2 no broadcast clock 2026/09/14 21:56:41.925 sat= 1
2 no broadcast ephemeris: 2026/09/14 21:56:42 sat=65 iode= -1
2 no broadcast clock 2026/09/14 21:56:41.904 sat=65
2 point position error (lack of valid sats ns=4)
2 rtcm3 1097 satellite error: prn=34
2 rtcm3 1127: unknown signal id=31
2 rtcm3 1127 satellite error: prn=38
2 no broadcast clock 2026/09/14 21:56:42.873 sat=130
2 no broadcast clock 2026/09/14 21:56:42.872 sat=132
2 no broadcast clock 2026/09/14 21:56:42.873 sat=145
2 no broadcast ephemeris: 2026/09/14 21:56:43 sat= 1 iode= -1
2 no broadcast clock 2026/09/14 21:56:42.925 sat= 1
2 no broadcast ephemeris: 2026/09/14 21:56:43 sat=65 iode= -1
2 no broadcast clock 2026/09/14 21:56:42.904 sat=65
2 point position error (lack of valid sats ns=4)
2 rtcm3 1097 satellite error: prn=34
2 rtcm3 1127: unknown signal id=31
2 rtcm3 1127 satellite error: prn=38
2 no broadcast clock 2026/09/14 21:56:43.873 sat=130
2 no broadcast clock 2026/09/14 21:56:43.872 sat=132
2 no broadcast clock 2026/09/14 21:56:43.873 sat=145
2 no broadcast ephemeris: 2026/09/14 21:56:44 sat= 1 iode= -1
2 no broadcast clock 2026/09/14 21:56:43.925 sat= 1
2 no broadcast ephemeris: 2026/09/14 21:56:44 sat=65 iode= -1
2 no broadcast clock 2026/09/14 21:56:43.904 sat=65
2 point position error (lack of valid sats ns=4)
2 rtcm3 1097 satellite error: prn=34
2 rtcm3 1127: unknown signal id=31
2 rtcm3 1127 satellite error: prn=38
2 no broadcast clock 2026/09/14 21:56:44.873 sat=130
2 no broadcast clock 2026/09/14 21:56:44.872 sat=132
2 no broadcast clock 2026/09/14 21:56:44.873 sat=145
2 no broadcast ephemeris: 2026/09/14 21:56:45 sat= 1 iode= -1
2 no broadcast clock 2026/09/14 21:56:44.925 sat= 1
2 no broadcast ephemeris: 2026/09/14 21:56:45 sat=65 iode= -1
2 no broadcast clock 2026/09/14 21:56:44.904 sat=65
2 point position error (lack of valid sats ns=4)
2 rtcm3 1097 satellite error: prn=34
2 rtcm3 1127: unknown signal id=31
2 rtcm3 1127 satellite error: prn=38
2 no broadcast clock 2026/09/14 21:56:45.873 sat=130
2 no broadcast clock 2026/09/14 21:56:45.872 sat=132
2 no broadcast clock 2026/09/14 21:56:45.873 sat=145
2 no broadcast ephemeris: 2026/09/14 21:56:46 sat= 1 iode= -1
2 no broadcast clock 2026/09/14 21:56:45.925 sat= 1
2 no broadcast ephemeris: 2026/09/14 21:56:46 sat=65 iode= -1
2 no broadcast clock 2026/09/14 21:56:45.904 sat=65
2 point position error (lack of valid sats ns=4)
2 rtcm3 1097 satellite error: prn=34
2 rtcm3 1127: unknown signal id=31
2 rtcm3 1127 satellite error: prn=38
2 no broadcast clock 2026/09/14 21:56:46.873 sat=130
2 no broadcast clock 2026/09/14 21:56:46.872 sat=132
2 no broadcast clock 2026/09/14 21:56:46.873 sat=145
2 no broadcast ephemeris: 2026/09/14 21:56:47 sat= 1 iode= -1
2 no broadcast clock 2026/09/14 21:56:46.925 sat= 1
2 no broadcast ephemeris: 2026/09/14 21:56:47 sat=65 iode= -1
2 no broadcast clock 2026/09/14 21:56:46.904 sat=65
2 point position error (lack of valid sats ns=4)
2 rtcm3 1097 satellite error: prn=34
2 rtcm3 1127: unknown signal id=31
2 rtcm3 1127 satellite error: prn=38
2 no broadcast clock 2026/09/14 21:56:47.873 sat=130
2 no broadcast clock 2026/09/14 21:56:47.872 sat=132
2 no broadcast clock 2026/09/14 21:56:47.873 sat=145
2 no broadcast ephemeris: 2026/09/14 21:56:48 sat= 1 iode= -1
2 no broadcast clock 2026/09/14 21:56:47.925 sat= 1
2 no broadcast ephemeris: 2026/09/14 21:56:48 sat=65 iode= -1
2 no broadcast clock 2026/09/14 21:56:47.904 sat=65
2 point position error (lack of valid sats ns=4)
2 rtcm3 1097 satellite error: prn=34
2 rtcm3 1127: unknown signal id=31
2 rtcm3 1127 satellite error: prn=38
2 no broadcast clock 2026/09/14 21:56:48.873 sat=130
2 no broadcast clock 2026/09/14 21:56:48.872 sat=132
2 no broadcast clock 2026/09/14 21:56:48.873 sat=145
2 no broadcast ephemeris: 2026/09/14 21:56:49 sat= 1 iode= -1
2 no broadcast clock 2026/09/14 21:56:48.925 sat= 1
2 no broadcast ephemeris: 2026/09/14 21:56:49 sat=65 iode= -1
2 no broadcast clock 2026/09/14 21:56:48.904 sat=65
2 point position error (lack of valid sats ns=4)
2 rtcm3 1097 satellite error: prn=34
2 rtcm3 1127: unknown signal id=31
2 rtcm3 1127 satellite error: prn=38
2 no broadcast clock 2026/09/14 21:56:49.873 sat=130
2 no broadcast clock 2026/09/14 21:56:49.872 sat=132
2 no broadcast clock 2026/09/14 21:56:49.873 sat=145
2 no broadcast ephemeris: 2026/09/14 21:56:50 sat= 1 iode= -1
2 no broadcast clock 2026/09/14 21:56:49.925 sat= 1
2 no broadcast ephemeris: 2026/09/14 21:56:50 sat=65 iode= -1
2 no broadcast clock 2026/09/14 21:56:49.904 sat=65
2 point position error (lack of valid sats ns=4)
2 rtcm3 1097 satellite error: prn=34
2 rtcm3 1127: unknown signal id=31
2 rtcm3 1127 satellite error: prn=38
2 no broadcast clock 2026/09/14 21:56:50.873 sat=130
2 no broadcast clock 2026/09/14 21:56:50.872 sat=132
2 no broadcast clock 2026/09/14 21:56:50.873 sat=145
2 no broadcast ephemeris: 2026/09/14 21:56:51 sat= 1 iode= -1
2 no broadcast clock 2026/09/14 21:56:50.925 sat= 1
2 no broadcast ephemeris: 2026/09/14 21:56:51 sat=65 iode= -1
2 no broadcast clock 2026/09/14 21:56:50.904 sat=65
2 point position error (lack of valid sats ns=4)
2 rtcm3 1097 satellite error: prn=34
2 rtcm3 1127: unknown signal id=31
2 rtcm3 1127 satellite error: prn=38
2 no broadcast clock 2026/09/14 21:56:51.873 sat=130
2 no broadcast clock 2026/09/14 21:56:51.872 sat=132
2 no broadcast clock 2026/09/14 21:56:51.873 sat=145
2 no broadcast ephemeris: 2026/09/14 21:56:52 sat= 1 iode= -1
2 no broadcast clock 2026/09/14 21:56:51.925 sat= 1
2 point position error (lack of valid sats ns=4)
2 rtcm3 1097 satellite error: prn=34
2 rtcm3 1127: unknown signal id=31
2 rtcm3 1127 satellite error: prn=38
2 no broadcast clock 2026/09/14 21:56:52.873 sat=130
2 no broadcast clock 2026/09/14 21:56:52.872 sat=132
2 no broadcast clock 2026/09/14 21:56:52.873 sat=145
2 no broadcast ephemeris: 2026/09/14 21:56:53 sat= 1 iode= -1
2 no broadcast clock 2026/09/14 21:56:52.925 sat= 1
2 no broadcast ephemeris: 2026/09/14 21:56:53 sat=65 iode= -1
2 no broadcast clock 2026/09/14 21:56:52.904 sat=65
2 point position error (lack of valid sats ns=4)
2 rtcm3 1097 satellite error: prn=34
2 rtcm3 1127: unknown signal id=31
2 rtcm3 1127 satellite error: prn=38
2 no broadcast clock 2026/09/14 21:56:53.873 sat=130
2 no broadcast clock 2026/09/14 21:56:53.872 sat=132
2 no broadcast clock 2026/09/14 21:56:53.873 sat=145
2 no broadcast ephemeris: 2026/09/14 21:56:54 sat= 1 iode= -1
2 no broadcast clock 2026/09/14 21:56:53.925 sat= 1
2 no broadcast ephemeris: 2026/09/14 21:56:54 sat=65 iode= -1
2 no broadcast clock 2026/09/14 21:56:53.904 sat=65
2 point position error (lack of valid sats ns=4)
2 rtcm3 1097 satellite error: prn=34
2 rtcm3 1127: unknown signal id=31
2 rtcm3 1127 satellite error: prn=38
2 no broadcast clock 2026/09/14 21:56:54.873 sat=130
2 no broadcast clock 2026/09/14 21:56:54.872 sat=132
2 no broadcast clock 2026/09/14 21:56:54.873 sat=145
2 no broadcast ephemeris: 2026/09/14 21:56:55 sat= 1 iode= -1
2 no broadcast clock 2026/09/14 21:56:54.925 sat= 1
2 no broadcast ephemeris: 2026/09/14 21:56:55 sat=65 iode= -1
2 no broadcast clock 2026/09/14 21:56:54.904 sat=65
2 point position error (lack of valid sats ns=4)
2 rtcm3 1097 satellite error: prn=34
2 rtcm3 1127: unknown signal id=31
2 rtcm3 1127 satellite error: prn=38
2 no broadcast clock 2026/09/14 21:56:55.873 sat=130
2 no broadcast clock 2026/09/14 21:56:55.872 sat=132
2 no broadcast clock 2026/09/14 21:56:55.873 sat=145
2 no broadcast ephemeris: 2026/09/14 21:56:56 sat= 1 iode= -1
2 no broadcast clock 2026/09/14 21:56:55.925 sat= 1
2 no broadcast ephemeris: 2026/09/14 21:56:56 sat=65 iode= -1
2 no broadcast clock 2026/09/14 21:56:55.904 sat=65
2 point position error (lack of valid sats ns=4)
2 rtcm3 1097 satellite error: prn=34
2 rtcm3 1127: unknown signal id=31
2 rtcm3 1127 satellite error: prn=38
2 no broadcast clock 2026/09/14 21:56:56.873 sat=130
2 no broadcast clock 2026/09/14 21:56:56.872 sat=132
2 no broadcast clock 2026/09/14 21:56:56.873 sat=145
2 no broadcast ephemeris: 2026/09/14 21:56:57 sat= 1 iode= -1
2 no broadcast clock 2026/09/14 21:56:56.925 sat= 1
2 no broadcast ephemeris: 2026/09/14 21:56:57 sat=65 iode= -1
2 no broadcast clock 2026/09/14 21:56:56.904 sat=65
2 point position error (lack of valid sats ns=4)
2 rtcm3 1230: not supported message
2 rtcm3 1045 satellite number error: prn=34
2 rtcm3 1046 satellite number error: prn=34
2 rtcm3 1097 satellite error: prn=34
2 rtcm3 1127: unknown signal id=31
2 rtcm3 1127 satellite error: prn=38
2 no broadcast clock 2026/09/14 21:56:57.873 sat=130
2 no broadcast clock 2026/09/14 21:56:57.872 sat=132
2 no broadcast clock 2026/09/14 21:56:57.873 sat=145
2 no broadcast ephemeris: 2026/09/14 21:56:58 sat= 1 iode= -1
2 no broadcast clock 2026/09/14 21:56:57.925 sat= 1
2 no broadcast ephemeris: 2026/09/14 21:56:58 sat=65 iode= -1
2 no broadcast clock 2026/09/14 21:56:57.904 sat=65
2 point position error (lack of valid sats ns=4)
2 rtcm3 1097 satellite error: prn=34
2 rtcm3 1127: unknown signal id=31
2 rtcm3 1127 satellite error: prn=38
2 no broadcast clock 2026/09/14 21:56:58.873 sat=130
2 no broadcast clock 2026/09/14 21:56:58.872 sat=132
2 no broadcast clock 2026/09/14 21:56:58.873 sat=145
2 no broadcast ephemeris: 2026/09/14 21:56:59 sat= 1 iode= -1
2 no broadcast clock 2026/09/14 21:56:58.925 sat= 1
2 no broadcast ephemeris: 2026/09/14 21:56:59 sat=65 iode= -1
2 no broadcast clock 2026/09/14 21:56:58.904 sat=65
2 point position error (lack of valid sats ns=4)
2 rtcm3 1097 satellite error: prn=34
2 rtcm3 1127: unknown signal id=31
2 rtcm3 1127 satellite error: prn=38
2 no broadcast clock 2026/09/14 21:56:59.873 sat=130
2 no broadcast clock 2026/09/14 21:56:59.872 sat=132
2 no broadcast clock 2026/09/14 21:56:59.873 sat=145
2 no broadcast ephemeris: 2026/09/14 21:57:00 sat= 1 iode= -1
2 no broadcast clock 2026/09/14 21:56:59.925 sat= 1
2 no broadcast ephemeris: 2026/09/14 21:57:00 sat=65 iode= -1
2 no broadcast clock 2026/09/14 21:56:59.904 sat=65
2 point position error (lack of valid sats ns=4)
2 rtcm3 1097 satellite error: prn=34
2 rtcm3 1127: unknown signal id=31
2 rtcm3 1127 satellite error: prn=38
2 no broadcast clock 2026/09/14 21:57:00.873 sat=130
2 no broadcast clock 2026/09/14 21:57:00.872 sat=132
2 no broadcast clock 2026/09/14 21:57:00.873 sat=145
2 no broadcast ephemeris: 2026/09/14 21:57:01 sat= 1 iode= -1
2 no broadcast clock 2026/09/14 21:57:00.925 sat= 1
2 no broadcast ephemeris: 2026/09/14 21:57:01 sat=65 iode= -1
2 no broadcast clock 2026/09/14 21:57:00.904 sat=65
2 point position error (lack of valid sats ns=4)
2 rtcm3 1097 satellite error: prn=34
2 rtcm3 1127: unknown signal id=31
2 rtcm3 1127 satellite error: prn=38
2 no broadcast clock 2026/09/14 21:57:01.873 sat=130
2 no broadcast clock 2026/09/14 21:57:01.872 sat=132
2 no broadcast clock 2026/09/14 21:57:01.873 sat=145
2 no broadcast ephemeris: 2026/09/14 21:57:02 sat= 1 iode= -1
2 no broadcast clock 2026/09/14 21:57:01.925 sat= 1
2 no broadcast ephemeris: 2026/09/14 21:57:02 sat=65 iode= -1
2 no broadcast clock 2026/09/14 21:57:01.904 sat=65
2 point position error (lack of valid sats ns=4)
2 rtcm3 1042 satellite number error: prn=38
2 rtcm3 1042 satellite number error: prn=38
2 rtcm3 1097 satellite error: prn=34
2 rtcm3 1127: unknown signal id=31
2 rtcm3 1127 satellite error: prn=38
2 no broadcast clock 2026/09/14 21:57:02.873 sat=130
2 no broadcast clock 2026/09/14 21:57:02.872 sat=132
2 no broadcast clock 2026/09/14 21:57:02.873 sat=145
2 no broadcast ephemeris: 2026/09/14 21:57:03 sat= 1 iode= -1
2 no broadcast clock 2026/09/14 21:57:02.925 sat= 1
2 no broadcast ephemeris: 2026/09/14 21:57:03 sat=65 iode= -1
2 no broadcast clock 2026/09/14 21:57:02.904 sat=65
2 point position error (lack of valid sats ns=4)
2 rtcm3 1097 satellite error: prn=34
2 rtcm3 1127: unknown signal id=31
2 rtcm3 1127 satellite error: prn=38
2 no broadcast clock 2026/09/14 21:57:03.873 sat=130
2 no broadcast clock 2026/09/14 21:57:03.872 sat=132
2 no broadcast clock 2026/09/14 21:57:03.873 sat=145
2 no broadcast ephemeris: 2026/09/14 21:57:04 sat= 1 iode= -1
2 no broadcast clock 2026/09/14 21:57:03.925 sat= 1
2 no broadcast ephemeris: 2026/09/14 21:57:04 sat=65 iode= -1
2 no broadcast clock 2026/09/14 21:57:03.904 sat=65
2 point position error (lack of valid sats ns=4)
2 rtcm3 1097 satellite error: prn=34
2 rtcm3 1127: unknown signal id=31
2 rtcm3 1127 satellite error: prn=38
2 no broadcast clock 2026/09/14 21:57:04.873 sat=130
2 no broadcast clock 2026/09/14 21:57:04.872 sat=132
2 no broadcast clock 2026/09/14 21:57:04.873 sat=145
2 no broadcast ephemeris: 2026/09/14 21:57:05 sat= 1 iode= -1
2 no broadcast clock 2026/09/14 21:57:04.925 sat= 1
2 no broadcast ephemeris: 2026/09/14 21:57:05 sat=65 iode= -1
2 no broadcast clock 2026/09/14 21:57:04.904 sat=65
2 point position error (lack of valid sats ns=4)
2 rtcm3 1097 satellite error: prn=34
2 rtcm3 1127: unknown signal id=31
2 rtcm3 1127 satellite error: prn=38
2 no broadcast clock 2026/09/14 21:57:05.873 sat=130
2 no broadcast clock 2026/09/14 21:57:05.872 sat=132
2 no broadcast clock 2026/09/14 21:57:05.873 sat=145
2 no broadcast ephemeris: 2026/09/14 21:57:06 sat= 1 iode= -1
2 no broadcast clock 2026/09/14 21:57:05.925 sat= 1
2 no broadcast ephemeris: 2026/09/14 21:57:06 sat=65 iode= -1
2 no broadcast clock 2026/09/14 21:57:05.904 sat=65
2 point position error (lack of valid sats ns=4)
2 rtcm3 1045 satellite number error: prn=34
2 rtcm3 1046 satellite number error: prn=34
2 rtcm3 1097 satellite error: prn=34
2 rtcm3 1127: unknown signal id=31
2 rtcm3 1127 satellite error: prn=38
2 no broadcast clock 2026/09/14 21:57:06.873 sat=130
2 no broadcast clock 2026/09/14 21:57:06.872 sat=132
2 no broadcast clock 2026/09/14 21:57:06.873 sat=145
2 no broadcast ephemeris: 2026/09/14 21:57:07 sat= 1 iode= -1
2 no broadcast clock 2026/09/14 21:57:06.925 sat= 1
2 no broadcast ephemeris: 2026/09/14 21:57:07 sat=65 iode= -1
2 no broadcast clock 2026/09/14 21:57:06.904 sat=65
2 point position error (lack of valid sats ns=4)
2 rtcm3 1097 satellite error: prn=34
2 rtcm3 1127: unknown signal id=31
2 rtcm3 1127 satellite error: prn=38
2 no broadcast clock 2026/09/14 21:57:07.873 sat=130
2 no broadcast clock 2026/09/14 21:57:07.872 sat=132
2 no broadcast clock 2026/09/14 21:57:07.873 sat=145
2 no broadcast ephemeris: 2026/09/14 21:57:08 sat= 1 iode= -1
2 no broadcast clock 2026/09/14 21:57:07.925 sat= 1
2 no broadcast ephemeris: 2026/09/14 21:57:08 sat=65 iode= -1
2 no broadcast clock 2026/09/14 21:57:07.904 sat=65
2 point position error (lack of valid sats ns=4)
2 rtcm3 1097 satellite error: prn=34
2 rtcm3 1127: unknown signal id=31
2 rtcm3 1127 satellite error: prn=38
2 no broadcast clock 2026/09/14 21:57:08.873 sat=130
2 no broadcast clock 2026/09/14 21:57:08.872 sat=132
2 no broadcast clock 2026/09/14 21:57:08.873 sat=145
2 no broadcast ephemeris: 2026/09/14 21:57:09 sat= 1 iode= -1
2 no broadcast clock 2026/09/14 21:57:08.925 sat= 1
2 no broadcast ephemeris: 2026/09/14 21:57:09 sat=65 iode= -1
2 no broadcast clock 2026/09/14 21:57:08.904 sat=65
2 point position error (lack of valid sats ns=4)
2 rtcm3 1097 satellite error: prn=34
2 rtcm3 1127: unknown signal id=31
2 rtcm3 1127 satellite error: prn=38
2 no broadcast clock 2026/09/14 21:57:09.873 sat=130
2 no broadcast clock 2026/09/14 21:57:09.872 sat=132
2 no broadcast clock 2026/09/14 21:57:09.873 sat=145
2 no broadcast ephemeris: 2026/09/14 21:57:10 sat= 1 iode= -1
2 no broadcast clock 2026/09/14 21:57:09.925 sat= 1
2 no broadcast ephemeris: 2026/09/14 21:57:10 sat=65 iode= -1
2 no broadcast clock 2026/09/14 21:57:09.904 sat=65
2 point position error (lack of valid sats ns=4)
2 rtcm3 1097 satellite error: prn=34
2 rtcm3 1127: unknown signal id=31
2 rtcm3 1127 satellite error: prn=38
2 no broadcast clock 2026/09/14 21:57:10.873 sat=130
2 no broadcast clock 2026/09/14 21:57:10.872 sat=132
2 no broadcast clock 2026/09/14 21:57:10.873 sat=145
2 no broadcast ephemeris: 2026/09/14 21:57:11 sat= 1 iode= -1
2 no broadcast clock 2026/09/14 21:57:10.925 sat= 1
2 no broadcast ephemeris: 2026/09/14 21:57:11 sat=65 iode= -1
2 no broadcast clock 2026/09/14 21:57:10.904 sat=65
2 point position error (lack of valid sats ns=4)
2 rtcm3 1097 satellite error: prn=34
2 rtcm3 1127: unknown signal id=31
2 rtcm3 1127 satellite error: prn=38
2 no broadcast clock 2026/09/14 21:57:11.873 sat=130
2 no broadcast clock 2026/09/14 21:57:11.872 sat=132
2 no broadcast clock 2026/09/14 21:57:11.873 sat=145
2 no broadcast ephemeris: 2026/09/14 21:57:12 sat= 1 iode= -1
2 no broadcast clock 2026/09/14 21:57:11.925 sat= 1
2 no broadcast ephemeris: 2026/09/14 21:57:12 sat=65 iode= -1
2 no broadcast clock 2026/09/14 21:57:11.904 sat=65
2 point position error (lack of valid sats ns=4)
2 rtcm3 1097 satellite error: prn=34
2 rtcm3 1127: unknown signal id=31
2 rtcm3 1127 satellite error: prn=38
2 no broadcast clock 2026/09/14 21:57:12.873 sat=130
2 no broadcast clock 2026/09/14 21:57:12.872 sat=132
2 no broadcast clock 2026/09/14 21:57:12.873 sat=145
2 no broadcast ephemeris: 2026/09/14 21:57:13 sat= 1 iode= -1
2 no broadcast clock 2026/09/14 21:57:12.925 sat= 1
2 no broadcast ephemeris: 2026/09/14 21:57:13 sat=65 iode= -1
2 no broadcast clock 2026/09/14 21:57:12.904 sat=65
2 point position error (lack of valid sats ns=4)
2 rtcm3 1097 satellite error: prn=34
2 rtcm3 1127: unknown signal id=31
2 rtcm3 1127 satellite error: prn=38
2 no broadcast clock 2026/09/14 21:57:13.873 sat=130
2 no broadcast clock 2026/09/14 21:57:13.872 sat=132
2 no broadcast clock 2026/09/14 21:57:13.873 sat=145
2 no broadcast ephemeris: 2026/09/14 21:57:14 sat= 1 iode= -1
2 no broadcast clock 2026/09/14 21:57:13.925 sat= 1
2 no broadcast ephemeris: 2026/09/14 21:57:14 sat=65 iode= -1
2 no broadcast clock 2026/09/14 21:57:13.904 sat=65
2 point position error (lack of valid sats ns=4)
2 rtcm3 1097 satellite error: prn=34
2 rtcm3 1127: unknown signal id=31
2 rtcm3 1127 satellite error: prn=38
2 no broadcast clock 2026/09/14 21:57:14.873 sat=130
2 no broadcast clock 2026/09/14 21:57:14.872 sat=132
2 no broadcast clock 2026/09/14 21:57:14.873 sat=145
2 no broadcast ephemeris: 2026/09/14 21:57:15 sat= 1 iode= -1
2 no broadcast clock 2026/09/14 21:57:14.925 sat= 1
2 no broadcast ephemeris: 2026/09/14 21:57:15 sat=65 iode= -1
2 no broadcast clock 2026/09/14 21:57:14.904 sat=65
2 point position error (lack of valid sats ns=4)
2 rtcm3 1097 satellite error: prn=34
2 rtcm3 1127: unknown signal id=31
2 rtcm3 1127 satellite error: prn=38
2 no broadcast clock 2026/09/14 21:57:15.873 sat=130
2 no broadcast clock 2026/09/14 21:57:15.872 sat=132
2 no broadcast clock 2026/09/14 21:57:15.873 sat=145
2 no broadcast ephemeris: 2026/09/14 21:57:16 sat= 1 iode= -1
2 no broadcast clock 2026/09/14 21:57:15.925 sat= 1
2 no broadcast ephemeris: 2026/09/14 21:57:16 sat=65 iode= -1
2 no broadcast clock 2026/09/14 21:57:15.904 sat=65
2 point position error (lack of valid sats ns=4)
2 rtcm3 1097 satellite error: prn=34
2 rtcm3 1127: unknown signal id=31
2 rtcm3 1127 satellite error: prn=38
2 no broadcast clock 2026/09/14 21:57:16.873 sat=130
2 no broadcast clock 2026/09/14 21:57:16.872 sat=132
2 no broadcast clock 2026/09/14 21:57:16.873 sat=145
2 no broadcast ephemeris: 2026/09/14 21:57:17 sat= 1 iode= -1
2 no broadcast clock 2026/09/14 21:57:16.925 sat= 1
2 no broadcast ephemeris: 2026/09/14 21:57:17 sat=65 iode= -1
2 no broadcast clock 2026/09/14 21:57:16.904 sat=65
2 point position error (lack of valid sats ns=4)
2 rtcm3 1097 satellite error: prn=34
2 rtcm3 1127: unknown signal id=31
2 rtcm3 1127 satellite error: prn=38
2 no broadcast clock 2026/09/14 21:57:17.873 sat=130
2 no broadcast clock 2026/09/14 21:57:17.872 sat=132
2 no broadcast clock 2026/09/14 21:57:17.873 sat=145
2 no broadcast ephemeris: 2026/09/14 21:57:18 sat= 1 iode= -1
2 no broadcast clock 2026/09/14 21:57:17.925 sat= 1
2 no broadcast ephemeris: 2026/09/14 21:57:18 sat=65 iode= -1
2 no broadcast clock 2026/09/14 21:57:17.904 sat=65
2 point position error (lack of valid sats ns=4)
2 rtcm3 1097 satellite error: prn=34
2 rtcm3 1127: unknown signal id=31
2 rtcm3 1127 satellite error: prn=38
2 no broadcast clock 2026/09/14 21:57:18.873 sat=130
2 no broadcast clock 2026/09/14 21:57:18.872 sat=132
2 no broadcast clock 2026/09/14 21:57:18.873 sat=145
2 no broadcast ephemeris: 2026/09/14 21:57:19 sat= 1 iode= -1
2 no broadcast clock 2026/09/14 21:57:18.925 sat= 1
2 no broadcast ephemeris: 2026/09/14 21:57:19 sat=65 iode= -1
2 no broadcast clock 2026/09/14 21:57:18.904 sat=65
2 point position error (lack of valid sats ns=4)
2 rtcm3 1097 satellite error: prn=34
2 rtcm3 1127: unknown signal id=31
2 rtcm3 1127 satellite error: prn=38
2 no broadcast clock 2026/09/14 21:57:19.873 sat=130
2 no broadcast clock 2026/09/14 21:57:19.872 sat=132
2 no broadcast clock 2026/09/14 21:57:19.873 sat=145
2 no broadcast ephemeris: 2026/09/14 21:57:20 sat= 1 iode= -1
2 no broadcast clock 2026/09/14 21:57:19.925 sat= 1
2 no broadcast ephemeris: 2026/09/14 21:57:20 sat=65 iode= -1
2 no broadcast clock 2026/09/14 21:57:19.904 sat=65
2 point position error (lack of valid sats ns=4)
2 rtcm3 1045 satellite number error: prn=34
2 rtcm3 1046 satellite number error: prn=34
2 rtcm3 1097 satellite error: prn=34
2 rtcm3 1127: unknown signal id=31
2 rtcm3 1127 satellite error: prn=38
2 no broadcast clock 2026/09/14 21:57:20.873 sat=130
2 no broadcast clock 2026/09/14 21:57:20.872 sat=132
2 no broadcast clock 2026/09/14 21:57:20.873 sat=145
2 no broadcast ephemeris: 2026/09/14 21:57:21 sat= 1 iode= -1
2 no broadcast clock 2026/09/14 21:57:20.925 sat= 1
2 no broadcast ephemeris: 2026/09/14 21:57:21 sat=65 iode= -1
2 no broadcast clock 2026/09/14 21:57:20.904 sat=65
2 point position error (lack of valid sats ns=4)
2 rtcm3 1097 satellite error: prn=34
2 rtcm3 1127: unknown signal id=31
2 rtcm3 1127 satellite error: prn=38
2 no broadcast clock 2026/09/14 21:57:21.873 sat=130
2 no broadcast clock 2026/09/14 21:57:21.872 sat=132
2 no broadcast clock 2026/09/14 21:57:21.873 sat=145
2 no broadcast ephemeris: 2026/09/14 21:57:22 sat= 1 iode= -1
2 no broadcast clock 2026/09/14 21:57:21.925 sat= 1
2 no broadcast ephemeris: 2026/09/14 21:57:22 sat=65 iode= -1
2 no broadcast clock 2026/09/14 21:57:21.904 sat=65
2 point position error (lack of valid sats ns=4)
2 rtcm3 1097 satellite error: prn=34
2 rtcm3 1127: unknown signal id=31
2 rtcm3 1127 satellite error: prn=38
2 no broadcast clock 2026/09/14 21:57:22.873 sat=130
2 no broadcast clock 2026/09/14 21:57:22.872 sat=132
2 no broadcast clock 2026/09/14 21:57:22.873 sat=145
2 no broadcast ephemeris: 2026/09/14 21:57:23 sat= 1 iode= -1
2 no broadcast clock 2026/09/14 21:57:22.925 sat= 1
2 no broadcast ephemeris: 2026/09/14 21:57:23 sat=65 iode= -1
2 no broadcast clock 2026/09/14 21:57:22.904 sat=65
2 point position error (lack of valid sats ns=4)
2 rtcm3 1097 satellite error: prn=34
2 rtcm3 1127: unknown signal id=31
2 rtcm3 1127 satellite error: prn=38
2 no broadcast clock 2026/09/14 21:57:23.873 sat=130
2 no broadcast clock 2026/09/14 21:57:23.872 sat=132
2 no broadcast clock 2026/09/14 21:57:23.873 sat=145
2 no broadcast ephemeris: 2026/09/14 21:57:24 sat= 1 iode= -1
2 no broadcast clock 2026/09/14 21:57:23.925 sat= 1
2 no broadcast ephemeris: 2026/09/14 21:57:24 sat=65 iode= -1
2 no broadcast clock 2026/09/14 21:57:23.904 sat=65
2 point position error (lack of valid sats ns=4)
2 rtcm3 1097 satellite error: prn=34
2 rtcm3 1127: unknown signal id=31
2 rtcm3 1127 satellite error: prn=38
2 no broadcast clock 2026/09/14 21:57:24.873 sat=130
2 no broadcast clock 2026/09/14 21:57:24.872 sat=132
2 no broadcast clock 2026/09/14 21:57:24.873 sat=145
2 no broadcast ephemeris: 2026/09/14 21:57:25 sat= 1 iode= -1
2 no broadcast clock 2026/09/14 21:57:24.925 sat= 1
2 no broadcast ephemeris: 2026/09/14 21:57:25 sat=65 iode= -1
2 no broadcast clock 2026/09/14 21:57:24.904 sat=65
2 point position error (lack of valid sats ns=4)
2 rtcm3 1097 satellite error: prn=34
2 rtcm3 1127: unknown signal id=31
2 rtcm3 1127 satellite error: prn=38
2 no broadcast clock 2026/09/14 21:57:25.873 sat=130
2 no broadcast clock 2026/09/14 21:57:25.872 sat=132
2 no broadcast clock 2026/09/14 21:57:25.873 sat=145
2 no broadcast ephemeris: 2026/09/14 21:57:26 sat= 1 iode= -1
2 no broadcast clock 2026/09/14 21:57:25.925 sat= 1
2 no broadcast ephemeris: 2026/09/14 21:57:26 sat=65 iode= -1
2 no broadcast clock 2026/09/14 21:57:25.904 sat=65
2 point position error (lack of valid sats ns=4)
2 rtcm3 1097 satellite error: prn=34
2 rtcm3 1127: unknown signal id=31
2 rtcm3 1127 satellite error: prn=38
2 no broadcast clock 2026/09/14 21:57:26.873 sat=130
2 no broadcast clock 2026/09/14 21:57:26.872 sat=132
2 no broadcast clock 2026/09/14 21:57:26.873 sat=145
2 no broadcast ephemeris: 2026/09/14 21:57:27 sat= 1 iode= -1
2 no broadcast clock 2026/09/14 21:57:26.925 sat= 1
2 no broadcast ephemeris: 2026/09/14 21:57:27 sat=65 iode= -1
2 no broadcast clock 2026/09/14 21:57:26.904 sat=65
2 point position error (lack of valid sats ns=4)
2 rtcm3 1230: not supported message
2 rtcm3 1045 satellite number error: prn=34
2 rtcm3 1046 satellite number error: prn=34
2 rtcm3 1097 satellite error: prn=34
2 rtcm3 1127: unknown signal id=31
2 rtcm3 1127 satellite error: prn=38
2 no broadcast clock 2026/09/14 21:57:27.873 sat=130
2 no broadcast clock 2026/09/14 21:57:27.872 sat=132
2 no broadcast clock 2026/09/14 21:57:27.873 sat=145
2 no broadcast ephemeris: 2026/09/14 21:57:28 sat= 1 iode= -1
2 no broadcast clock 2026/09/14 21:57:27.925 sat= 1
2 no broadcast ephemeris: 2026/09/14 21:57:28 sat=65 iode= -1
2 no broadcast clock 2026/09/14 21:57:27.904 sat=65
2 point position error (lack of valid sats ns=4)
2 rtcm3 1097 satellite error: prn=34
2 rtcm3 1127: unknown signal id=31
2 rtcm3 1127 satellite error: prn=38
2 no broadcast clock 2026/09/14 21:57:28.873 sat=130
2 no broadcast clock 2026/09/14 21:57:28.872 sat=132
2 no broadcast clock 2026/09/14 21:57:28.873 sat=145
2 no broadcast ephemeris: 2026/09/14 21:57:29 sat= 1 iode= -1
2 no broadcast clock 2026/09/14 21:57:28.925 sat= 1
2 no broadcast ephemeris: 2026/09/14 21:57:29 sat=65 iode= -1
2 no broadcast clock 2026/09/14 21:57:28.904 sat=65
2 point position error (lack of valid sats ns=4)
2 rtcm3 1097 satellite error: prn=34
2 rtcm3 1127: unknown signal id=31
2 rtcm3 1127 satellite error: prn=38
2 no broadcast clock 2026/09/14 21:57:29.873 sat=130
2 no broadcast clock 2026/09/14 21:57:29.872 sat=132
2 no broadcast clock 2026/09/14 21:57:29.873 sat=145
2 no broadcast ephemeris: 2026/09/14 21:57:30 sat= 1 iode= -1
2 no broadcast clock 2026/09/14 21:57:29.925 sat= 1
2 no broadcast ephemeris: 2026/09/14 21:57:30 sat=65 iode= -1
2 no broadcast clock 2026/09/14 21:57:29.904 sat=65
2 point position error (lack of valid sats ns=4)
2 rtcm3 1097 satellite error: prn=34
2 rtcm3 1127: unknown signal id=31
2 rtcm3 1127 satellite error: prn=38
2 no broadcast clock 2026/09/14 21:57:30.873 sat=130
2 no broadcast clock 2026/09/14 21:57:30.872 sat=132
2 no broadcast clock 2026/09/14 21:57:30.873 sat=145
2 no broadcast ephemeris: 2026/09/14 21:57:31 sat= 1 iode= -1
2 no broadcast clock 2026/09/14 21:57:30.925 sat= 1
2 no broadcast ephemeris: 2026/09/14 21:57:31 sat=65 iode= -1
2 no broadcast clock 2026/09/14 21:57:30.904 sat=65
2 point position error (lack of valid sats ns=4)
2 rtcm3 1097 satellite error: prn=34
2 rtcm3 1127: unknown signal id=31
2 rtcm3 1127 satellite error: prn=38
2 no broadcast clock 2026/09/14 21:57:31.873 sat=130
2 no broadcast clock 2026/09/14 21:57:31.872 sat=132
2 no broadcast clock 2026/09/14 21:57:31.873 sat=145
2 no broadcast ephemeris: 2026/09/14 21:57:32 sat= 1 iode= -1
2 no broadcast clock 2026/09/14 21:57:31.925 sat= 1
2 no broadcast ephemeris: 2026/09/14 21:57:32 sat=65 iode= -1
2 no broadcast clock 2026/09/14 21:57:31.904 sat=65
2 point position error (lack of valid sats ns=4)
2 rtcm3 1042 satellite number error: prn=38
2 rtcm3 1042 satellite number error: prn=38
2 rtcm3 1097 satellite error: prn=34
2 rtcm3 1127: unknown signal id=31
2 rtcm3 1127 satellite error: prn=38
2 no broadcast clock 2026/09/14 21:57:32.873 sat=130
2 no broadcast clock 2026/09/14 21:57:32.872 sat=132
2 no broadcast clock 2026/09/14 21:57:32.873 sat=145
2 no broadcast ephemeris: 2026/09/14 21:57:33 sat= 1 iode= -1
2 no broadcast clock 2026/09/14 21:57:32.925 sat= 1
2 no broadcast ephemeris: 2026/09/14 21:57:33 sat=65 iode= -1
2 no broadcast clock 2026/09/14 21:57:32.904 sat=65
2 point position error (lack of valid sats ns=4)
2 rtcm3 1097 satellite error: prn=34
2 rtcm3 1127: unknown signal id=31
2 rtcm3 1127 satellite error: prn=38
2 no broadcast clock 2026/09/14 21:57:33.873 sat=130
2 no broadcast clock 2026/09/14 21:57:33.872 sat=132
2 no broadcast clock 2026/09/14 21:57:33.873 sat=145
2 no broadcast ephemeris: 2026/09/14 21:57:34 sat= 1 iode= -1
2 no broadcast clock 2026/09/14 21:57:33.925 sat= 1
2 no broadcast ephemeris: 2026/09/14 21:57:34 sat=65 iode= -1
2 no broadcast clock 2026/09/14 21:57:33.904 sat=65
2 point position error (lack of valid sats ns=4)
2 rtcm3 1097 satellite error: prn=34
2 rtcm3 1127: unknown signal id=31
2 rtcm3 1127 satellite error: prn=38
2 no broadcast clock 2026/09/14 21:57:34.873 sat=130
2 no broadcast clock 2026/09/14 21:57:34.872 sat=132
2 no broadcast clock 2026/09/14 21:57:34.873 sat=145
2 no broadcast ephemeris: 2026/09/14 21:57:35 sat= 1 iode= -1
2 no broadcast clock 2026/09/14 21:57:34.925 sat= 1
2 no broadcast ephemeris: 2026/09/14 21:57:35 sat=65 iode= -1
2 no broadcast clock 2026/09/14 21:57:34.904 sat=65
2 point position error (lack of valid sats ns=4)
2 rtcm3 1097 satellite error: prn=34
2 rtcm3 1127: unknown signal id=31
2 rtcm3 1127 satellite error: prn=38
2 no broadcast clock 2026/09/14 21:57:35.873 sat=130
2 no broadcast clock 2026/09/14 21:57:35.872 sat=132
2 no broadcast clock 2026/09/14 21:57:35.873 sat=145
2 no broadcast ephemeris: 2026/09/14 21:57:36 sat= 1 iode= -1
2 no broadcast clock 2026/09/14 21:57:35.925 sat= 1
2 no broadcast ephemeris: 2026/09/14 21:57:36 sat=65 iode= -1
2 no broadcast clock 2026/09/14 21:57:35.904 sat=65
2 point position error (lack of valid sats ns=4)
2 rtcm3 1045 satellite number error: prn=34
2 rtcm3 1046 satellite number error: prn=34
2 rtcm3 1097 satellite error: prn=34
2 rtcm3 1127: unknown signal id=31
2 rtcm3 1127 satellite error: prn=38
2 no broadcast clock 2026/09/14 21:57:36.873 sat=130
2 no broadcast clock 2026/09/14 21:57:36.872 sat=132
2 no broadcast clock 2026/09/14 21:57:36.873 sat=145
2 no broadcast ephemeris: 2026/09/14 21:57:37 sat= 1 iode= -1
2 no broadcast clock 2026/09/14 21:57:36.925 sat= 1
2 no broadcast ephemeris: 2026/09/14 21:57:37 sat=65 iode= -1
2 no broadcast clock 2026/09/14 21:57:36.904 sat=65
2 point position error (lack of valid sats ns=4)
2 rtcm3 1097 satellite error: prn=34
2 rtcm3 1127: unknown signal id=31
2 rtcm3 1127 satellite error: prn=38
2 no broadcast clock 2026/09/14 21:57:37.873 sat=130
2 no broadcast clock 2026/09/14 21:57:37.872 sat=132
2 no broadcast clock 2026/09/14 21:57:37.873 sat=145
2 no broadcast ephemeris: 2026/09/14 21:57:38 sat= 1 iode= -1
2 no broadcast clock 2026/09/14 21:57:37.925 sat= 1
2 no broadcast ephemeris: 2026/09/14 21:57:38 sat=65 iode= -1
2 no broadcast clock 2026/09/14 21:57:37.904 sat=65
2 point position error (lack of valid sats ns=4)
2 rtcm3 1097 satellite error: prn=34
2 rtcm3 1127: unknown signal id=31
2 rtcm3 1127 satellite error: prn=38
2 no broadcast clock 2026/09/14 21:57:38.873 sat=130
2 no broadcast clock 2026/09/14 21:57:38.872 sat=132
2 no broadcast clock 2026/09/14 21:57:38.873 sat=145
2 no broadcast ephemeris: 2026/09/14 21:57:39 sat= 1 iode= -1
2 no broadcast clock 2026/09/14 21:57:38.925 sat= 1
2 no broadcast ephemeris: 2026/09/14 21:57:39 sat=65 iode= -1
2 no broadcast clock 2026/09/14 21:57:38.904 sat=65
2 point position error (lack of valid sats ns=4)
2 rtcm3 1097 satellite error: prn=34
2 rtcm3 1127: unknown signal id=31
2 rtcm3 1127 satellite error: prn=38
2 no broadcast clock 2026/09/14 21:57:39.873 sat=130
2 no broadcast clock 2026/09/14 21:57:39.872 sat=132
2 no broadcast clock 2026/09/14 21:57:39.873 sat=145
2 no broadcast ephemeris: 2026/09/14 21:57:40 sat= 1 iode= -1
2 no broadcast clock 2026/09/14 21:57:39.925 sat= 1
2 no broadcast ephemeris: 2026/09/14 21:57:40 sat=65 iode= -1
2 no broadcast clock 2026/09/14 21:57:39.904 sat=65
2 point position error (lack of valid sats ns=4)
2 rtcm3 1097 satellite error: prn=34
2 rtcm3 1127: unknown signal id=31
2 rtcm3 1127 satellite error: prn=38
2 no broadcast clock 2026/09/14 21:57:40.873 sat=130
2 no broadcast clock 2026/09/14 21:57:40.872 sat=132
2 no broadcast clock 2026/09/14 21:57:40.873 sat=145
2 no broadcast ephemeris: 2026/09/14 21:57:41 sat= 1 iode= -1
2 no broadcast clock 2026/09/14 21:57:40.925 sat= 1
2 point position error (lack of valid sats ns=4)
2 rtcm3 1097 satellite error: prn=34
2 rtcm3 1127: unknown signal id=31
2 rtcm3 1127 satellite error: prn=38
2 no broadcast clock 2026/09/14 21:57:41.873 sat=130
2 no broadcast clock 2026/09/14 21:57:41.872 sat=132
2 no broadcast clock 2026/09/14 21:57:41.873 sat=145
2 no broadcast ephemeris: 2026/09/14 21:57:42 sat= 1 iode= -1
2 no broadcast clock 2026/09/14 21:57:41.925 sat= 1
2 point position error (lack of valid sats ns=4)
2 rtcm3 1097 satellite error: prn=34
2 rtcm3 1127: unknown signal id=31
2 rtcm3 1127 satellite error: prn=38
2 no broadcast clock 2026/09/14 21:57:42.873 sat=130
2 no broadcast clock 2026/09/14 21:57:42.872 sat=132
2 no broadcast clock 2026/09/14 21:57:42.873 sat=145
2 no broadcast ephemeris: 2026/09/14 21:57:43 sat= 1 iode= -1
2 no broadcast clock 2026/09/14 21:57:42.925 sat= 1
2 point position error (lack of valid sats ns=4)
2 rtcm3 1097 satellite error: prn=34
2 rtcm3 1127: unknown signal id=31
2 rtcm3 1127 satellite error: prn=38
2 no broadcast clock 2026/09/14 21:57:43.873 sat=130
2 no broadcast clock 2026/09/14 21:57:43.872 sat=132
2 no broadcast clock 2026/09/14 21:57:43.873 sat=145
2 no broadcast ephemeris: 2026/09/14 21:57:44 sat= 1 iode= -1
2 no broadcast clock 2026/09/14 21:57:43.925 sat= 1
2 point position error (lack of valid sats ns=4)
2 rtcm3 1097 satellite error: prn=34
2 rtcm3 1127: unknown signal id=31
2 rtcm3 1127 satellite error: prn=38
2 no broadcast clock 2026/09/14 21:57:44.873 sat=130
2 no broadcast clock 2026/09/14 21:57:44.872 sat=132
2 no broadcast clock 2026/09/14 21:57:44.873 sat=145
2 no broadcast ephemeris: 2026/09/14 21:57:45 sat= 1 iode= -1
2 no broadcast clock 2026/09/14 21:57:44.925 sat= 1
2 point position error (lack of valid sats ns=4)
2 rtcm3 1097 satellite error: prn=34
2 rtcm3 1127: unknown signal id=31
2 rtcm3 1127 satellite error: prn=38
2 no broadcast clock 2026/09/14 21:57:45.873 sat=130
2 no broadcast clock 2026/09/14 21:57:45.872 sat=132
2 no broadcast clock 2026/09/14 21:57:45.873 sat=145
2 no broadcast ephemeris: 2026/09/14 21:57:46 sat= 1 iode= -1
2 no broadcast clock 2026/09/14 21:57:45.925 sat= 1
2 point position error (lack of valid sats ns=4)
2 rtcm3 1097 satellite error: prn=34
2 rtcm3 1127: unknown signal id=31
2 rtcm3 1127 satellite error: prn=38
2 no broadcast clock 2026/09/14 21:57:46.873 sat=130
2 no broadcast clock 2026/09/14 21:57:46.872 sat=132
2 no broadcast clock 2026/09/14 21:57:46.873 sat=145
2 no broadcast ephemeris: 2026/09/14 21:57:47 sat= 1 iode= -1
2 no broadcast clock 2026/09/14 21:57:46.925 sat= 1
2 point position error (lack of valid sats ns=4)
2 rtcm3 1097 satellite error: prn=34
2 rtcm3 1127: unknown signal id=31
2 rtcm3 1127 satellite error: prn=38
2 no broadcast clock 2026/09/14 21:57:47.873 sat=130
2 no broadcast clock 2026/09/14 21:57:47.872 sat=132
2 no broadcast clock 2026/09/14 21:57:47.873 sat=145
2 no broadcast ephemeris: 2026/09/14 21:57:48 sat= 1 iode= -1
2 no broadcast clock 2026/09/14 21:57:47.925 sat= 1
2 point position error (lack of valid sats ns=4)
2 rtcm3 1097 satellite error: prn=34
2 rtcm3 1127: unknown signal id=31
2 rtcm3 1127 satellite error: prn=38
2 no broadcast clock 2026/09/14 21:57:48.873 sat=130
2 no broadcast clock 2026/09/14 21:57:48.872 sat=132
2 no broadcast clock 2026/09/14 21:57:48.873 sat=145
2 no broadcast ephemeris: 2026/09/14 21:57:49 sat= 1 iode= -1
2 no broadcast clock 2026/09/14 21:57:48.925 sat= 1
2 point position error (lack of valid sats ns=4)
2 rtcm3 1097 satellite error: prn=34
2 rtcm3 1127: unknown signal id=31
2 rtcm3 1127 satellite error: prn=38
2 no broadcast clock 2026/09/14 21:57:49.873 sat=130
2 no broadcast clock 2026/09/14 21:57:49.872 sat=132
2 no broadcast clock 2026/09/14 21:57:49.873 sat=145
2 no broadcast ephemeris: 2026/09/14 21:57:50 sat= 1 iode= -1
2 no broadcast clock 2026/09/14 21:57:49.925 sat= 1
2 point position error (lack of valid sats ns=4)
2 rtcm3 1097 satellite error: prn=34
2 rtcm3 1127: unknown signal id=31
2 rtcm3 1127 satellite error: prn=38
2 no broadcast clock 2026/09/14 21:57:50.873 sat=130
2 no broadcast clock 2026/09/14 21:57:50.872 sat=132
2 no broadcast clock 2026/09/14 21:57:50.873 sat=145
2 no broadcast ephemeris: 2026/09/14 21:57:51 sat= 1 iode= -1
2 no broadcast clock 2026/09/14 21:57:50.925 sat= 1
2 point position error (lack of valid sats ns=4)
2 rtcm3 1097 satellite error: prn=34
2 rtcm3 1127: unknown signal id=31
2 rtcm3 1127 satellite error: prn=38
2 no broadcast clock 2026/09/14 21:57:51.873 sat=130
2 no broadcast clock 2026/09/14 21:57:51.872 sat=132
2 no broadcast clock 2026/09/14 21:57:51.873 sat=145
2 no broadcast ephemeris: 2026/09/14 21:57:52 sat= 1 iode= -1
2 no broadcast clock 2026/09/14 21:57:51.925 sat= 1
2 point position error (lack of valid sats ns=4)
2 rtcm3 1097 satellite error: prn=34
2 rtcm3 1127: unknown signal id=31
2 rtcm3 1127 satellite error: prn=38
2 no broadcast clock 2026/09/14 21:57:52.873 sat=130
2 no broadcast clock 2026/09/14 21:57:52.872 sat=132
2 no broadcast clock 2026/09/14 21:57:52.873 sat=145
2 no broadcast ephemeris: 2026/09/14 21:57:53 sat= 1 iode= -1
2 no broadcast clock 2026/09/14 21:57:52.925 sat= 1
2 point position error (lack of valid sats ns=4)
2 rtcm3 1097 satellite error: prn=34
2 rtcm3 1127: unknown signal id=31
2 rtcm3 1127 satellite error: prn=38
2 no broadcast clock 2026/09/14 21:57:53.873 sat=130
2 no broadcast clock 2026/09/14 21:57:53.872 sat=132
2 no broadcast clock 2026/09/14 21:57:53.873 sat=145
2 no broadcast ephemeris: 2026/09/14 21:57:54 sat= 1 iode= -1
2 no broadcast clock 2026/09/14 21:57:53.925 sat= 1
2 point position error (lack of valid sats ns=4)
2 rtcm3 1097 satellite error: prn=34
2 rtcm3 1127: unknown signal id=31
2 rtcm3 1127 satellite error: prn=38
2 no broadcast clock 2026/09/14 21:57:54.873 sat=130
2 no broadcast clock 2026/09/14 21:57:54.872 sat=132
2 no broadcast clock 2026/09/14 21:57:54.873 sat=145
2 no broadcast ephemeris: 2026/09/14 21:57:55 sat= 1 iode= -1
2 no broadcast clock 2026/09/14 21:57:54.925 sat= 1
2 point position error (lack of valid sats ns=4)
2 rtcm3 1097 satellite error: prn=34
2 rtcm3 1127: unknown signal id=31
2 rtcm3 1127 satellite error: prn=38
2 no broadcast clock 2026/09/14 21:57:55.873 sat=130
2 no broadcast clock 2026/09/14 21:57:55.872 sat=132
2 no broadcast clock 2026/09/14 21:57:55.873 sat=145
2 no broadcast ephemeris: 2026/09/14 21:57:56 sat= 1 iode= -1
2 no broadcast clock 2026/09/14 21:57:55.925 sat= 1
2 point position error (lack of valid sats ns=4)
2 rtcm3 1097 satellite error: prn=34
2 rtcm3 1127: unknown signal id=31
2 rtcm3 1127 satellite error: prn=38
2 no broadcast clock 2026/09/14 21:57:56.873 sat=130
2 no broadcast clock 2026/09/14 21:57:56.872 sat=132
2 no broadcast clock 2026/09/14 21:57:56.873 sat=145
2 no broadcast ephemeris: 2026/09/14 21:57:57 sat= 1 iode= -1
2 no broadcast clock 2026/09/14 21:57:56.925 sat= 1
2 point position error (lack of valid sats ns=4)
2 rtcm3 1230: not supported message
2 rtcm3 1045 satellite number error: prn=34
2 rtcm3 1046 satellite number error: prn=34
2 rtcm3 1097 satellite error: prn=34
2 rtcm3 1127: unknown signal id=31
2 rtcm3 1127 satellite error: prn=38
2 no broadcast clock 2026/09/14 21:57:57.873 sat=130
2 no broadcast clock 2026/09/14 21:57:57.872 sat=132
2 no broadcast clock 2026/09/14 21:57:57.873 sat=145
2 no broadcast ephemeris: 2026/09/14 21:57:58 sat= 1 iode= -1
2 no broadcast clock 2026/09/14 21:57:57.925 sat= 1
2 point position error (lack of valid sats ns=4)
2 rtcm3 1097 satellite error: prn=34
2 rtcm3 1127: unknown signal id=31
2 rtcm3 1127 satellite error: prn=38
2 no broadcast clock 2026/09/14 21:57:58.873 sat=130
2 no broadcast clock 2026/09/14 21:57:58.872 sat=132
2 no broadcast clock 2026/09/14 21:57:58.873 sat=145
2 no broadcast ephemeris: 2026/09/14 21:57:59 sat= 1 iode= -1
2 no broadcast clock 2026/09/14 21:57:58.925 sat= 1
2 point position error (lack of valid sats ns=4)
2 rtcm3 1097 satellite error: prn=34
2 rtcm3 1127: unknown signal id=31
2 rtcm3 1127 satellite error: prn=38
2 no broadcast clock 2026/09/14 21:57:59.873 sat=130
2 no broadcast clock 2026/09/14 21:57:59.872 sat=132
2 no broadcast clock 2026/09/14 21:57:59.873 sat=145
2 no broadcast ephemeris: 2026/09/14 21:58:00 sat= 1 iode= -1
2 no broadcast clock 2026/09/14 21:57:59.925 sat= 1
2 point position error (lack of valid sats ns=4)
2 rtcm3 1097 satellite error: prn=34
2 rtcm3 1127: unknown signal id=31
2 rtcm3 1127 satellite error: prn=38
2 no broadcast clock 2026/09/14 21:58:00.873 sat=130
2 no broadcast clock 2026/09/14 21:58:00.872 sat=132
2 no broadcast clock 2026/09/14 21:58:00.873 sat=145
2 no broadcast ephemeris: 2026/09/14 21:58:01 sat= 1 iode= -1
2 no broadcast clock 2026/09/14 21:58:00.925 sat= 1
2 point position error (lack of valid sats ns=4)
2 rtcm3 1097 satellite error: prn=34
2 rtcm3 1127: unknown signal id=31
2 rtcm3 1127 satellite error: prn=38
2 no broadcast clock 2026/09/14 21:58:01.873 sat=130
2 no broadcast clock 2026/09/14 21:58:01.872 sat=132
2 no broadcast clock 2026/09/14 21:58:01.873 sat=145
2 no broadcast ephemeris: 2026/09/14 21:58:02 sat= 1 iode= -1
2 no broadcast clock 2026/09/14 21:58:01.925 sat= 1
2 point position error (lack of valid sats ns=4)
2 rtcm3 1042 satellite number error: prn=38
2 rtcm3 1042 satellite number error: prn=38
2 rtcm3 1097 satellite error: prn=34
2 rtcm3 1127: unknown signal id=31
2 rtcm3 1127 satellite error: prn=38
2 no broadcast clock 2026/09/14 21:58:02.873 sat=130
2 no broadcast clock 2026/09/14 21:58:02.872 sat=132
2 no broadcast clock 2026/09/14 21:58:02.873 sat=145
2 no broadcast ephemeris: 2026/09/14 21:58:03 sat= 1 iode= -1
2 no broadcast clock 2026/09/14 21:58:02.925 sat= 1
2 point position error (lack of valid sats ns=4)
2 rtcm3 1097 satellite error: prn=34
2 rtcm3 1127: unknown signal id=31
2 rtcm3 1127 satellite error: prn=38
2 no broadcast clock 2026/09/14 21:58:03.873 sat=130
2 no broadcast clock 2026/09/14 21:58:03.872 sat=132
2 no broadcast clock 2026/09/14 21:58:03.873 sat=145
2 no broadcast ephemeris: 2026/09/14 21:58:04 sat= 1 iode= -1
2 no broadcast clock 2026/09/14 21:58:03.925 sat= 1
2 point position error (lack of valid sats ns=4)
2 rtcm3 1097 satellite error: prn=34
2 rtcm3 1127: unknown signal id=31
2 rtcm3 1127 satellite error: prn=38
2 no broadcast clock 2026/09/14 21:58:04.873 sat=130
2 no broadcast clock 2026/09/14 21:58:04.872 sat=132
2 no broadcast clock 2026/09/14 21:58:04.873 sat=145
2 no broadcast ephemeris: 2026/09/14 21:58:05 sat= 1 iode= -1
2 no broadcast clock 2026/09/14 21:58:04.925 sat= 1
2 point position error (lack of valid sats ns=4)
2 rtcm3 1097 satellite error: prn=34
2 rtcm3 1127: unknown signal id=31
2 rtcm3 1127 satellite error: prn=38
2 no broadcast clock 2026/09/14 21:58:05.873 sat=130
2 no broadcast clock 2026/09/14 21:58:05.872 sat=132
2 no broadcast clock 2026/09/14 21:58:05.873 sat=145
2 no broadcast ephemeris: 2026/09/14 21:58:06 sat= 1 iode= -1
2 no broadcast clock 2026/09/14 21:58:05.925 sat= 1
2 point position error (lack of valid sats ns=4)
2 rtcm3 1045 satellite number error: prn=34
2 rtcm3 1046 satellite number error: prn=34
2 rtcm3 1097 satellite error: prn=34
2 rtcm3 1127: unknown signal id=31
2 rtcm3 1127 satellite error: prn=38
2 no broadcast clock 2026/09/14 21:58:06.873 sat=130
2 no broadcast clock 2026/09/14 21:58:06.872 sat=132
2 no broadcast clock 2026/09/14 21:58:06.873 sat=145
2 no broadcast ephemeris: 2026/09/14 21:58:07 sat= 1 iode= -1
2 no broadcast clock 2026/09/14 21:58:06.925 sat= 1
2 point position error (lack of valid sats ns=4)
2 rtcm3 1097 satellite error: prn=34
2 rtcm3 1127: unknown signal id=31
2 rtcm3 1127 satellite error: prn=38
2 no broadcast clock 2026/09/14 21:58:07.873 sat=130
2 no broadcast clock 2026/09/14 21:58:07.872 sat=132
2 no broadcast clock 2026/09/14 21:58:07.873 sat=145
2 no broadcast ephemeris: 2026/09/14 21:58:08 sat= 1 iode= -1
2 no broadcast clock 2026/09/14 21:58:07.925 sat= 1
2 point position error (lack of valid sats ns=4)
2 rtcm3 1097 satellite error: prn=34
2 rtcm3 1127: unknown signal id=31
2 rtcm3 1127 satellite error: prn=38
2 no broadcast clock 2026/09/14 21:58:08.873 sat=130
2 no broadcast clock 2026/09/14 21:58:08.872 sat=132
2 no broadcast clock 2026/09/14 21:58:08.873 sat=145
2 no broadcast ephemeris: 2026/09/14 21:58:09 sat= 1 iode= -1
2 no broadcast clock 2026/09/14 21:58:08.925 sat= 1
2 point position error (lack of valid sats ns=4)
2 rtcm3 1097 satellite error: prn=34
2 rtcm3 1127: unknown signal id=31
2 rtcm3 1127 satellite error: prn=38
2 no broadcast clock 2026/09/14 21:58:09.873 sat=130
2 no broadcast clock 2026/09/14 21:58:09.872 sat=132
2 no broadcast clock 2026/09/14 21:58:09.873 sat=145
2 no broadcast ephemeris: 2026/09/14 21:58:10 sat= 1 iode= -1
2 no broadcast clock 2026/09/14 21:58:09.925 sat= 1
2 point position error (lack of valid sats ns=4)
2 rtcm3 1045 satellite number error: prn=34
2 rtcm3 1046 satellite number error: prn=34
2 rtcm3 1097 satellite error: prn=34
2 rtcm3 1127: unknown signal id=31
2 rtcm3 1127 satellite error: prn=38
2 no broadcast clock 2026/09/14 21:58:10.873 sat=130
2 no broadcast clock 2026/09/14 21:58:10.872 sat=132
2 no broadcast clock 2026/09/14 21:58:10.873 sat=145
2 no broadcast ephemeris: 2026/09/14 21:58:11 sat= 1 iode= -1
2 no broadcast clock 2026/09/14 21:58:10.925 sat= 1
2 point position error (lack of valid sats ns=4)
2 rtcm3 1097 satellite error: prn=34
2 rtcm3 1127: unknown signal id=31
2 rtcm3 1127 satellite error: prn=38
2 no broadcast clock 2026/09/14 21:58:11.873 sat=130
2 no broadcast clock 2026/09/14 21:58:11.872 sat=132
2 no broadcast clock 2026/09/14 21:58:11.873 sat=145
2 no broadcast ephemeris: 2026/09/14 21:58:12 sat= 1 iode= -1
2 no broadcast clock 2026/09/14 21:58:11.925 sat= 1
2 point position error (lack of valid sats ns=4)
2 rtcm3 1097 satellite error: prn=34
2 rtcm3 1127: unknown signal id=31
2 rtcm3 1127 satellite error: prn=38
2 no broadcast clock 2026/09/14 21:58:12.873 sat=130
2 no broadcast clock 2026/09/14 21:58:12.872 sat=132
2 no broadcast clock 2026/09/14 21:58:12.873 sat=145
2 no broadcast ephemeris: 2026/09/14 21:58:13 sat= 1 iode= -1
2 no broadcast clock 2026/09/14 21:58:12.925 sat= 1
2 point position error (lack of valid sats ns=4)
2 rtcm3 1097 satellite error: prn=34
2 rtcm3 1127: unknown signal id=31
2 rtcm3 1127 satellite error: prn=38
2 no broadcast clock 2026/09/14 21:58:13.873 sat=130
2 no broadcast clock 2026/09/14 21:58:13.872 sat=132
2 no broadcast clock 2026/09/14 21:58:13.873 sat=145
2 no broadcast ephemeris: 2026/09/14 21:58:14 sat= 1 iode= -1
2 no broadcast clock 2026/09/14 21:58:13.925 sat= 1
2 point position error (lack of valid sats ns=4)
2 rtcm3 1097 satellite error: prn=34
2 rtcm3 1127: unknown signal id=31
2 rtcm3 1127 satellite error: prn=38
2 no broadcast clock 2026/09/14 21:58:14.873 sat=130
2 no broadcast clock 2026/09/14 21:58:14.872 sat=132
2 no broadcast clock 2026/09/14 21:58:14.873 sat=145
2 no broadcast ephemeris: 2026/09/14 21:58:15 sat= 1 iode= -1
2 no broadcast clock 2026/09/14 21:58:14.925 sat= 1
2 point position error (lack of valid sats ns=4)
2 rtcm3 1097 satellite error: prn=34
2 rtcm3 1127: unknown signal id=31
2 rtcm3 1127 satellite error: prn=38
2 no broadcast clock 2026/09/14 21:58:15.873 sat=130
2 no broadcast clock 2026/09/14 21:58:15.872 sat=132
2 no broadcast clock 2026/09/14 21:58:15.873 sat=145
2 no broadcast ephemeris: 2026/09/14 21:58:16 sat= 1 iode= -1
2 no broadcast clock 2026/09/14 21:58:15.925 sat= 1
2 point position error (lack of valid sats ns=4)
2 rtcm3 1097 satellite error: prn=34
2 rtcm3 1127: unknown signal id=31
2 rtcm3 1127 satellite error: prn=38
2 no broadcast clock 2026/09/14 21:58:16.873 sat=130
2 no broadcast clock 2026/09/14 21:58:16.872 sat=132
2 no broadcast clock 2026/09/14 21:58:16.873 sat=145
2 no broadcast ephemeris: 2026/09/14 21:58:17 sat= 1 iode= -1
2 no broadcast clock 2026/09/14 21:58:16.925 sat= 1
2 point position error (lack of valid sats ns=4)
2 rtcm3 1097 satellite error: prn=34
2 rtcm3 1127: unknown signal id=31
2 rtcm3 1127 satellite error: prn=38
2 no broadcast clock 2026/09/14 21:58:17.873 sat=130
2 no broadcast clock 2026/09/14 21:58:17.872 sat=132
2 no broadcast clock 2026/09/14 21:58:17.873 sat=145
2 no broadcast ephemeris: 2026/09/14 21:58:18 sat= 1 iode= -1
2 no broadcast clock 2026/09/14 21:58:17.925 sat= 1
2 point position error (lack of valid sats ns=4)
2 rtcm3 1097 satellite error: prn=34
2 rtcm3 1127: unknown signal id=31
2 rtcm3 1127 satellite error: prn=38
2 no broadcast clock 2026/09/14 21:58:18.873 sat=130
2 no broadcast clock 2026/09/14 21:58:18.872 sat=132
2 no broadcast clock 2026/09/14 21:58:18.873 sat=145
2 no broadcast ephemeris: 2026/09/14 21:58:19 sat= 1 iode= -1
2 no broadcast clock 2026/09/14 21:58:18.925 sat= 1
2 point position error (lack of valid sats ns=4)
2 rtcm3 1097 satellite error: prn=34
2 rtcm3 1127: unknown signal id=31
2 rtcm3 1127 satellite error: prn=38
2 no broadcast clock 2026/09/14 21:58:19.873 sat=130
2 no broadcast clock 2026/09/14 21:58:19.872 sat=132
2 no broadcast clock 2026/09/14 21:58:19.873 sat=145
2 no broadcast ephemeris: 2026/09/14 21:58:20 sat= 1 iode= -1
2 no broadcast clock 2026/09/14 21:58:19.925 sat= 1
2 point position error (lack of valid sats ns=4)
2 rtcm3 1097 satellite error: prn=34
2 rtcm3 1127: unknown signal id=31
2 rtcm3 1127 satellite error: prn=38
2 no broadcast clock 2026/09/14 21:58:20.873 sat=130
2 no broadcast clock 2026/09/14 21:58:20.872 sat=132
2 no broadcast clock 2026/09/14 21:58:20.873 sat=145
2 no broadcast ephemeris: 2026/09/14 21:58:21 sat= 1 iode= -1
2 no broadcast clock 2026/09/14 21:58:20.925 sat= 1
2 point position error (lack of valid sats ns=4)
2 rtcm3 1097 satellite error: prn=34
2 rtcm3 1127: unknown signal id=31
2 rtcm3 1127 satellite error: prn=38
2 no broadcast clock 2026/09/14 21:58:21.873 sat=130
2 no broadcast clock 2026/09/14 21:58:21.872 sat=132
2 no broadcast clock 2026/09/14 21:58:21.873 sat=145
2 no broadcast ephemeris: 2026/09/14 21:58:22 sat= 1 iode= -1
2 no broadcast clock 2026/09/14 21:58:21.925 sat= 1
2 point position error (lack of valid sats ns=4)
2 rtcm3 1097 satellite error: prn=34
2 rtcm3 1127: unknown signal id=31
2 rtcm3 1127 satellite error: prn=38
2 no broadcast clock 2026/09/14 21:58:22.873 sat=130
2 no broadcast clock 2026/09/14 21:58:22.872 sat=132
2 no broadcast clock 2026/09/14 21:58:22.873 sat=145
2 no broadcast ephemeris: 2026/09/14 21:58:23 sat= 1 iode= -1
2 no broadcast clock 2026/09/14 21:58:22.925 sat= 1
2 point position error (lack of valid sats ns=4)
2 rtcm3 1097 satellite error: prn=34
2 rtcm3 1127: unknown signal id=31
2 rtcm3 1127 satellite error: prn=38
2 no broadcast clock 2026/09/14 21:58:23.873 sat=130
2 no broadcast clock 2026/09/14 21:58:23.872 sat=132
2 no broadcast clock 2026/09/14 21:58:23.873 sat=145
2 no broadcast ephemeris: 2026/09/14 21:58:24 sat= 1 iode= -1
2 no broadcast clock 2026/09/14 21:58:23.925 sat= 1
2 point position error (lack of valid sats ns=4)
2 rtcm3 1097 satellite error: prn=34
2 rtcm3 1127: unknown signal id=31
2 rtcm3 1127 satellite error: prn=38
2 no broadcast clock 2026/09/14 21:58:24.873 sat=130
2 no broadcast clock 2026/09/14 21:58:24.872 sat=132
2 no broadcast clock 2026/09/14 21:58:24.873 sat=145
2 no broadcast ephemeris: 2026/09/14 21:58:25 sat= 1 iode= -1
2 no broadcast clock 2026/09/14 21:58:24.925 sat= 1
2 point position error (lack of valid sats ns=4)
2 rtcm3 1097 satellite error: prn=34
2 rtcm3 1127: unknown signal id=31
2 rtcm3 1127 satellite error: prn=38
2 no broadcast clock 2026/09/14 21:58:25.873 sat=130
2 no broadcast clock 2026/09/14 21:58:25.872 sat=132
2 no broadcast clock 2026/09/14 21:58:25.873 sat=145
2 no broadcast ephemeris: 2026/09/14 21:58:26 sat= 1 iode= -1
2 no broadcast clock 2026/09/14 21:58:25.925 sat= 1
2 point position error (lack of valid sats ns=4)
2 rtcm3 1097 satellite error: prn=34
2 rtcm3 1127: unknown signal id=31
2 rtcm3 1127 satellite error: prn=38
2 no broadcast clock 2026/09/14 21:58:26.873 sat=130
2 no broadcast clock 2026/09/14 21:58:26.872 sat=132
2 no broadcast clock 2026/09/14 21:58:26.873 sat=145
2 no broadcast ephemeris: 2026/09/14 21:58:27 sat= 1 iode= -1
2 no broadcast clock 2026/09/14 21:58:26.925 sat= 1
2 point position error (lack of valid sats ns=4)
2 rtcm3 1230: not supported message
2 rtcm3 1045 satellite number error: prn=34
2 rtcm3 1046 satellite number error: prn=34
2 rtcm3 1097 satellite error: prn=34
2 rtcm3 1127: unknown signal id=31
2 rtcm3 1127 satellite error: prn=38
2 no broadcast clock 2026/09/14 21:58:27.873 sat=130
2 no broadcast clock 2026/09/14 21:58:27.872 sat=132
2 no broadcast clock 2026/09/14 21:58:27.873 sat=145
2 no broadcast ephemeris: 2026/09/14 21:58:28 sat= 1 iode= -1
2 no broadcast clock 2026/09/14 21:58:27.925 sat= 1
2 point position error (lack of valid sats ns=4)
2 rtcm3 1097 satellite error: prn=34
2 rtcm3 1127: unknown signal id=31
2 rtcm3 1127 satellite error: prn=38
2 no broadcast clock 2026/09/14 21:58:28.873 sat=130
2 no broadcast clock 2026/09/14 21:58:28.872 sat=132
2 no broadcast clock 2026/09/14 21:58:28.873 sat=145
2 no broadcast ephemeris: 2026/09/14 21:58:29 sat= 1 iode= -1
2 no broadcast clock 2026/09/14 21:58:28.925 sat= 1
2 point position error (lack of valid sats ns=4)
2 rtcm3 1097 satellite error: prn=34
2 rtcm3 1127: unknown signal id=31
2 rtcm3 1127 satellite error: prn=38
2 no broadcast clock 2026/09/14 21:58:29.873 sat=130
2 no broadcast clock 2026/09/14 21:58:29.872 sat=132
2 no broadcast clock 2026/09/14 21:58:29.873 sat=145
2 no broadcast ephemeris: 2026/09/14 21:58:30 sat= 1 iode= -1
2 no broadcast clock 2026/09/14 21:58:29.925 sat= 1
2 point position error (lack of valid sats ns=4)
2 rtcm3 1097 satellite error: prn=34
2 rtcm3 1127: unknown signal id=31
2 rtcm3 1127 satellite error: prn=38
2 no broadcast clock 2026/09/14 21:58:30.873 sat=130
2 no broadcast clock 2026/09/14 21:58:30.872 sat=132
2 no broadcast clock 2026/09/14 21:58:30.873 sat=145
2 no broadcast ephemeris: 2026/09/14 21:58:31 sat= 1 iode= -1
2 no broadcast clock 2026/09/14 21:58:30.925 sat= 1
2 point position error (lack of valid sats ns=4)
2 rtcm3 1097 satellite error: prn=34
2 rtcm3 1127: unknown signal id=31
2 rtcm3 1127 satellite error: prn=38
2 no broadcast clock 2026/09/14 21:58:31.873 sat=130
2 no broadcast clock 2026/09/14 21:58:31.872 sat=132
2 no broadcast clock 2026/09/14 21:58:31.873 sat=145
2 no broadcast ephemeris: 2026/09/14 21:58:32 sat= 1 iode= -1
2 no broadcast clock 2026/09/14 21:58:31.925 sat= 1
2 point position error (lack of valid sats ns=4)
2 rtcm3 1042 satellite number error: prn=38
2 rtcm3 1042 satellite number error: prn=38
2 rtcm3 1097 satellite error: prn=34
2 rtcm3 1127: unknown signal id=31
2 rtcm3 1127 satellite error: prn=38
2 no broadcast clock 2026/09/14 21:58:32.873 sat=130
2 no broadcast clock 2026/09/14 21:58:32.872 sat=132
2 no broadcast clock 2026/09/14 21:58:32.873 sat=145
2 no broadcast ephemeris: 2026/09/14 21:58:33 sat= 1 iode= -1
2 no broadcast clock 2026/09/14 21:58:32.925 sat= 1
2 point position error (lack of valid sats ns=4)
2 rtcm3 1097 satellite error: prn=34
2 rtcm3 1127: unknown signal id=31
2 rtcm3 1127 satellite error: prn=38
2 no broadcast clock 2026/09/14 21:58:33.873 sat=130
2 no broadcast clock 2026/09/14 21:58:33.872 sat=132
2 no broadcast clock 2026/09/14 21:58:33.873 sat=145
2 no broadcast ephemeris: 2026/09/14 21:58:34 sat= 1 iode= -1
2 no broadcast clock 2026/09/14 21:58:33.925 sat= 1
2 point position error (lack of valid sats ns=4)
2 rtcm3 1097 satellite error: prn=34
2 rtcm3 1127: unknown signal id=31
2 rtcm3 1127 satellite error: prn=38
2 no broadcast clock 2026/09/14 21:58:34.873 sat=130
2 no broadcast clock 2026/09/14 21:58:34.872 sat=132
2 no broadcast clock 2026/09/14 21:58:34.873 sat=145
2 no broadcast ephemeris: 2026/09/14 21:58:35 sat= 1 iode= -1
2 no broadcast clock 2026/09/14 21:58:34.925 sat= 1
2 point position error (lack of valid sats ns=4)
2 rtcm3 1097 satellite error: prn=34
2 rtcm3 1127: unknown signal id=31
2 rtcm3 1127 satellite error: prn=38
2 no broadcast clock 2026/09/14 21:58:35.873 sat=130
2 no broadcast clock 2026/09/14 21:58:35.872 sat=132
2 no broadcast clock 2026/09/14 21:58:35.873 sat=145
2 no broadcast ephemeris: 2026/09/14 21:58:36 sat= 1 iode= -1
2 no broadcast clock 2026/09/14 21:58:35.925 sat= 1
2 point position error (lack of valid sats ns=4)
2 rtcm3 1045 satellite number error: prn=34
2 rtcm3 1046 satellite number error: prn=34
2 rtcm3 1097 satellite error: prn=34
2 rtcm3 1127: unknown signal id=31
2 rtcm3 1127 satellite error: prn=38
2 no broadcast clock 2026/09/14 21:58:36.873 sat=130
2 no broadcast clock 2026/09/14 21:58:36.872 sat=132
2 no broadcast clock 2026/09/14 21:58:36.873 sat=145
2 no broadcast ephemeris: 2026/09/14 21:58:37 sat= 1 iode= -1
2 no broadcast clock 2026/09/14 21:58:36.925 sat= 1
2 point position error (lack of valid sats ns=4)
2 rtcm3 1097 satellite error: prn=34
2 rtcm3 1127: unknown signal id=31
2 rtcm3 1127 satellite error: prn=38
2 no broadcast clock 2026/09/14 21:58:37.873 sat=130
2 no broadcast clock 2026/09/14 21:58:37.872 sat=132
2 no broadcast clock 2026/09/14 21:58:37.873 sat=145
2 no broadcast ephemeris: 2026/09/14 21:58:38 sat= 1 iode= -1
2 no broadcast clock 2026/09/14 21:58:37.925 sat= 1
2 point position error (lack of valid sats ns=4)
2 rtcm3 1097 satellite error: prn=34
2 rtcm3 1127: unknown signal id=31
2 rtcm3 1127 satellite error: prn=38
2 no broadcast clock 2026/09/14 21:58:38.873 sat=130
2 no broadcast clock 2026/09/14 21:58:38.872 sat=132
2 no broadcast clock 2026/09/14 21:58:38.873 sat=145
2 no broadcast ephemeris: 2026/09/14 21:58:39 sat= 1 iode= -1
2 no broadcast clock 2026/09/14 21:58:38.925 sat= 1
2 point position error (lack of valid sats ns=4)
2 rtcm3 1097 satellite error: prn=34
2 rtcm3 1127: unknown signal id=31
2 rtcm3 1127 satellite error: prn=38
2 no broadcast clock 2026/09/14 21:58:39.873 sat=130
2 no broadcast clock 2026/09/14 21:58:39.872 sat=132
2 no broadcast clock 2026/09/14 21:58:39.873 sat=145
2 no broadcast ephemeris: 2026/09/14 21:58:40 sat= 1 iode= -1
2 no broadcast clock 2026/09/14 21:58:39.925 sat= 1
2 point position error (lack of valid sats ns=4)
