MSBuild version 17.14.23+b0019275e for .NET Framework

  log_severity.vcxproj -> C:\aTOMosBuild\r15cuda\_deps\absl-build\absl\base\Release\absl_log_severity.lib
  utf8_for_code_point.vcxproj -> C:\aTOMosBuild\r15cuda\_deps\absl-build\absl\debugging\Release\absl_utf8_for_code_point.lib
  source_location.vcxproj -> C:\aTOMosBuild\r15cuda\_deps\absl-build\absl\types\Release\absl_source_location.lib
  exponential_biased.vcxproj -> C:\aTOMosBuild\r15cuda\_deps\absl-build\absl\profiling\Release\absl_exponential_biased.lib
  civil_time.vcxproj -> C:\aTOMosBuild\r15cuda\_deps\absl-build\absl\time\Release\absl_civil_time.lib
  spinlock_wait.vcxproj -> C:\aTOMosBuild\r15cuda\_deps\absl-build\absl\base\Release\absl_spinlock_wait.lib
  flags_commandlineflag_internal.vcxproj -> C:\aTOMosBuild\r15cuda\_deps\absl-build\absl\flags\Release\absl_flags_commandlineflag_internal.lib
  time_zone.vcxproj -> C:\aTOMosBuild\r15cuda\_deps\absl-build\absl\time\Release\absl_time_zone.lib
  leak_check.vcxproj -> C:\aTOMosBuild\r15cuda\_deps\absl-build\absl\debugging\Release\absl_leak_check.lib
  log_internal_nullguard.vcxproj -> C:\aTOMosBuild\r15cuda\_deps\absl-build\absl\log\Release\absl_log_internal_nullguard.lib
  strerror.vcxproj -> C:\aTOMosBuild\r15cuda\_deps\absl-build\absl\base\Release\absl_strerror.lib
  raw_logging_internal.vcxproj -> C:\aTOMosBuild\r15cuda\_deps\absl-build\absl\base\Release\absl_raw_logging_internal.lib
  cordz_functions.vcxproj -> C:\aTOMosBuild\r15cuda\_deps\absl-build\absl\strings\Release\absl_cordz_functions.lib
  debugging_internal.vcxproj -> C:\aTOMosBuild\r15cuda\_deps\absl-build\absl\debugging\Release\absl_debugging_internal.lib
  base.vcxproj -> C:\aTOMosBuild\r15cuda\_deps\absl-build\absl\base\Release\absl_base.lib
  throw_delegate.vcxproj -> C:\aTOMosBuild\r15cuda\_deps\absl-build\absl\base\Release\absl_throw_delegate.lib
  decode_rust_punycode.vcxproj -> C:\aTOMosBuild\r15cuda\_deps\absl-build\absl\debugging\Release\absl_decode_rust_punycode.lib
  malloc_internal.vcxproj -> C:\aTOMosBuild\r15cuda\_deps\absl-build\absl\base\Release\absl_malloc_internal.lib
  log_internal_conditions.vcxproj -> C:\aTOMosBuild\r15cuda\_deps\absl-build\absl\log\Release\absl_log_internal_conditions.lib
  int128.vcxproj -> C:\aTOMosBuild\r15cuda\_deps\absl-build\absl\numeric\Release\absl_int128.lib
  city.vcxproj -> C:\aTOMosBuild\r15cuda\_deps\absl-build\absl\hash\Release\absl_city.lib
  crc_cpu_detect.vcxproj -> C:\aTOMosBuild\r15cuda\_deps\absl-build\absl\crc\Release\absl_crc_cpu_detect.lib
  tracing_internal.vcxproj -> C:\aTOMosBuild\r15cuda\_deps\absl-build\absl\base\Release\absl_tracing_internal.lib
  stacktrace.vcxproj -> C:\aTOMosBuild\r15cuda\_deps\absl-build\absl\debugging\Release\absl_stacktrace.lib
  graphcycles_internal.vcxproj -> C:\aTOMosBuild\r15cuda\_deps\absl-build\absl\synchronization\Release\absl_graphcycles_internal.lib
  demangle_rust.vcxproj -> C:\aTOMosBuild\r15cuda\_deps\absl-build\absl\debugging\Release\absl_demangle_rust.lib
  crc_internal.vcxproj -> C:\aTOMosBuild\r15cuda\_deps\absl-build\absl\crc\Release\absl_crc_internal.lib
  strings_internal.vcxproj -> C:\aTOMosBuild\r15cuda\_deps\absl-build\absl\strings\Release\absl_strings_internal.lib
  demangle_internal.vcxproj -> C:\aTOMosBuild\r15cuda\_deps\absl-build\absl\debugging\Release\absl_demangle_internal.lib
  strings.vcxproj -> C:\aTOMosBuild\r15cuda\_deps\absl-build\absl\strings\Release\absl_strings.lib
  hash.vcxproj -> C:\aTOMosBuild\r15cuda\_deps\absl-build\absl\hash\Release\absl_hash.lib
  log_internal_fnmatch.vcxproj -> C:\aTOMosBuild\r15cuda\_deps\absl-build\absl\log\Release\absl_log_internal_fnmatch.lib
  log_internal_proto.vcxproj -> C:\aTOMosBuild\r15cuda\_deps\absl-build\absl\log\Release\absl_log_internal_proto.lib
  symbolize.vcxproj -> C:\aTOMosBuild\r15cuda\_deps\absl-build\absl\debugging\Release\absl_symbolize.lib
  str_format_internal.vcxproj -> C:\aTOMosBuild\r15cuda\_deps\absl-build\absl\strings\Release\absl_str_format_internal.lib
  time.vcxproj -> C:\aTOMosBuild\r15cuda\_deps\absl-build\absl\time\Release\absl_time.lib
  flags_commandlineflag.vcxproj -> C:\aTOMosBuild\r15cuda\_deps\absl-build\absl\flags\Release\absl_flags_commandlineflag.lib
  flags_marshalling.vcxproj -> C:\aTOMosBuild\r15cuda\_deps\absl-build\absl\flags\Release\absl_flags_marshalling.lib
  crc32c.vcxproj -> C:\aTOMosBuild\r15cuda\_deps\absl-build\absl\crc\Release\absl_crc32c.lib
  log_internal_globals.vcxproj -> C:\aTOMosBuild\r15cuda\_deps\absl-build\absl\log\Release\absl_log_internal_globals.lib
  log_internal_structured_proto.vcxproj -> C:\aTOMosBuild\r15cuda\_deps\absl-build\absl\log\Release\absl_log_internal_structured_proto.lib
  log_entry.vcxproj -> C:\aTOMosBuild\r15cuda\_deps\absl-build\absl\log\Release\absl_log_entry.lib
  kernel_timeout_internal.vcxproj -> C:\aTOMosBuild\r15cuda\_deps\absl-build\absl\synchronization\Release\absl_kernel_timeout_internal.lib
  flags_private_handle_accessor.vcxproj -> C:\aTOMosBuild\r15cuda\_deps\absl-build\absl\flags\Release\absl_flags_private_handle_accessor.lib
  examine_stack.vcxproj -> C:\aTOMosBuild\r15cuda\_deps\absl-build\absl\debugging\Release\absl_examine_stack.lib
  log_sink.vcxproj -> C:\aTOMosBuild\r15cuda\_deps\absl-build\absl\log\Release\absl_log_sink.lib
  synchronization.vcxproj -> C:\aTOMosBuild\r15cuda\_deps\absl-build\absl\synchronization\Release\absl_synchronization.lib
  log_internal_format.vcxproj -> C:\aTOMosBuild\r15cuda\_deps\absl-build\absl\log\Release\absl_log_internal_format.lib
  crc_cord_state.vcxproj -> C:\aTOMosBuild\r15cuda\_deps\absl-build\absl\crc\Release\absl_crc_cord_state.lib
  cordz_handle.vcxproj -> C:\aTOMosBuild\r15cuda\_deps\absl-build\absl\strings\Release\absl_cordz_handle.lib
  flags_program_name.vcxproj -> C:\aTOMosBuild\r15cuda\_deps\absl-build\absl\flags\Release\absl_flags_program_name.lib
  vlog_config_internal.vcxproj -> C:\aTOMosBuild\r15cuda\_deps\absl-build\absl\log\Release\absl_vlog_config_internal.lib
  hashtablez_sampler.vcxproj -> C:\aTOMosBuild\r15cuda\_deps\absl-build\absl\container\Release\absl_hashtablez_sampler.lib
  log_globals.vcxproj -> C:\aTOMosBuild\r15cuda\_deps\absl-build\absl\log\Release\absl_log_globals.lib
  flags_config.vcxproj -> C:\aTOMosBuild\r15cuda\_deps\absl-build\absl\flags\Release\absl_flags_config.lib
  cord_internal.vcxproj -> C:\aTOMosBuild\r15cuda\_deps\absl-build\absl\strings\Release\absl_cord_internal.lib
  log_internal_log_sink_set.vcxproj -> C:\aTOMosBuild\r15cuda\_deps\absl-build\absl\log\Release\absl_log_internal_log_sink_set.lib
  flags_internal.vcxproj -> C:\aTOMosBuild\r15cuda\_deps\absl-build\absl\flags\Release\absl_flags_internal.lib
  log_internal_message.vcxproj -> C:\aTOMosBuild\r15cuda\_deps\absl-build\absl\log\Release\absl_log_internal_message.lib
  cordz_info.vcxproj -> C:\aTOMosBuild\r15cuda\_deps\absl-build\absl\strings\Release\absl_cordz_info.lib
  cord.vcxproj -> C:\aTOMosBuild\r15cuda\_deps\absl-build\absl\strings\Release\absl_cord.lib
  log_internal_check_op.vcxproj -> C:\aTOMosBuild\r15cuda\_deps\absl-build\absl\log\Release\absl_log_internal_check_op.lib
  status.vcxproj -> C:\aTOMosBuild\r15cuda\_deps\absl-build\absl\status\Release\absl_status.lib
  raw_hash_set.vcxproj -> C:\aTOMosBuild\r15cuda\_deps\absl-build\absl\container\Release\absl_raw_hash_set.lib
  statusor.vcxproj -> C:\aTOMosBuild\r15cuda\_deps\absl-build\absl\status\Release\absl_statusor.lib
  flags_reflection.vcxproj -> C:\aTOMosBuild\r15cuda\_deps\absl-build\absl\flags\Release\absl_flags_reflection.lib
  malloc_extension.cc
  encoded_s2cell_id_vector.cc
C:\OMT AC031 Womack remarkable carmack oculus master quest half-life 3 gabecube\aTOMos_v3_6_1_5_SATNAV_UGTS_Tom_Klootwijk\tmp\s2_comparison\s2geometry\src\s2\_fp_contract_off.h(51,9): warning C4068: unknown pragma 'STDC' [C:\aTOMosBuild\r15cuda\s2\s2.vcxproj]
  (compiling source file '../../../OMT%20AC031%20Womack%20remarkable%20carmack%20oculus%20master%20quest%20half-life%203%20gabecube/aTOMos_v3_6_1_5_SATNAV_UGTS_Tom_Klootwijk/tmp/s2_comparison/s2geometry/src/s2/encoded_s2cell_id_vector.cc')
  
  encoded_s2point_vector.cc
C:\OMT AC031 Womack remarkable carmack oculus master quest half-life 3 gabecube\aTOMos_v3_6_1_5_SATNAV_UGTS_Tom_Klootwijk\tmp\s2_comparison\s2geometry\src\s2\_fp_contract_off.h(51,9): warning C4068: unknown pragma 'STDC' [C:\aTOMosBuild\r15cuda\s2\s2.vcxproj]
  (compiling source file '../../../OMT%20AC031%20Womack%20remarkable%20carmack%20oculus%20master%20quest%20half-life%203%20gabecube/aTOMos_v3_6_1_5_SATNAV_UGTS_Tom_Klootwijk/tmp/s2_comparison/s2geometry/src/s2/encoded_s2point_vector.cc')
  
  encoded_s2shape_index.cc
C:\OMT AC031 Womack remarkable carmack oculus master quest half-life 3 gabecube\aTOMos_v3_6_1_5_SATNAV_UGTS_Tom_Klootwijk\tmp\s2_comparison\s2geometry\src\s2\_fp_contract_off.h(51,9): warning C4068: unknown pragma 'STDC' [C:\aTOMosBuild\r15cuda\s2\s2.vcxproj]
  (compiling source file '../../../OMT%20AC031%20Womack%20remarkable%20carmack%20oculus%20master%20quest%20half-life%203%20gabecube/aTOMos_v3_6_1_5_SATNAV_UGTS_Tom_Klootwijk/tmp/s2_comparison/s2geometry/src/s2/encoded_s2shape_index.cc')
  
  encoded_string_vector.cc
C:\OMT AC031 Womack remarkable carmack oculus master quest half-life 3 gabecube\aTOMos_v3_6_1_5_SATNAV_UGTS_Tom_Klootwijk\tmp\s2_comparison\s2geometry\src\s2\_fp_contract_off.h(51,9): warning C4068: unknown pragma 'STDC' [C:\aTOMosBuild\r15cuda\s2\s2.vcxproj]
  (compiling source file '../../../OMT%20AC031%20Womack%20remarkable%20carmack%20oculus%20master%20quest%20half-life%203%20gabecube/aTOMos_v3_6_1_5_SATNAV_UGTS_Tom_Klootwijk/tmp/s2_comparison/s2geometry/src/s2/encoded_string_vector.cc')
  
  id_set_lexicon.cc
C:\OMT AC031 Womack remarkable carmack oculus master quest half-life 3 gabecube\aTOMos_v3_6_1_5_SATNAV_UGTS_Tom_Klootwijk\tmp\s2_comparison\s2geometry\src\s2\_fp_contract_off.h(51,9): warning C4068: unknown pragma 'STDC' [C:\aTOMosBuild\r15cuda\s2\s2.vcxproj]
  (compiling source file '../../../OMT%20AC031%20Womack%20remarkable%20carmack%20oculus%20master%20quest%20half-life%203%20gabecube/aTOMos_v3_6_1_5_SATNAV_UGTS_Tom_Klootwijk/tmp/s2_comparison/s2geometry/src/s2/id_set_lexicon.cc')
  
  s2incident_edge_tracker.cc
C:\OMT AC031 Womack remarkable carmack oculus master quest half-life 3 gabecube\aTOMos_v3_6_1_5_SATNAV_UGTS_Tom_Klootwijk\tmp\s2_comparison\s2geometry\src\s2\_fp_contract_off.h(51,9): warning C4068: unknown pragma 'STDC' [C:\aTOMosBuild\r15cuda\s2\s2.vcxproj]
  (compiling source file '../../../OMT%20AC031%20Womack%20remarkable%20carmack%20oculus%20master%20quest%20half-life%203%20gabecube/aTOMos_v3_6_1_5_SATNAV_UGTS_Tom_Klootwijk/tmp/s2_comparison/s2geometry/src/s2/internal/s2incident_edge_tracker.cc')
  
  s2index_cell_data.cc
C:\OMT AC031 Womack remarkable carmack oculus master quest half-life 3 gabecube\aTOMos_v3_6_1_5_SATNAV_UGTS_Tom_Klootwijk\tmp\s2_comparison\s2geometry\src\s2\_fp_contract_off.h(51,9): warning C4068: unknown pragma 'STDC' [C:\aTOMosBuild\r15cuda\s2\s2.vcxproj]
  (compiling source file '../../../OMT%20AC031%20Womack%20remarkable%20carmack%20oculus%20master%20quest%20half-life%203%20gabecube/aTOMos_v3_6_1_5_SATNAV_UGTS_Tom_Klootwijk/tmp/s2_comparison/s2geometry/src/s2/internal/s2index_cell_data.cc')
  
C:\OMT AC031 Womack remarkable carmack oculus master quest half-life 3 gabecube\aTOMos_v3_6_1_5_SATNAV_UGTS_Tom_Klootwijk\tmp\s2_comparison\s2geometry\src\s2\internal\s2index_cell_data.cc(205,15): warning C4805: '^=': unsafe mix of type 'bool' and type 'int' in operation [C:\aTOMosBuild\r15cuda\s2\s2.vcxproj]
C:\OMT AC031 Womack remarkable carmack oculus master quest half-life 3 gabecube\aTOMos_v3_6_1_5_SATNAV_UGTS_Tom_Klootwijk\tmp\s2_comparison\s2geometry\src\s2\internal\s2index_cell_data.cc(205,15): warning C4805: '^': unsafe mix of type 'bool' and type 'int' in operation [C:\aTOMosBuild\r15cuda\s2\s2.vcxproj]
  mutable_s2shape_index.cc
C:\OMT AC031 Womack remarkable carmack oculus master quest half-life 3 gabecube\aTOMos_v3_6_1_5_SATNAV_UGTS_Tom_Klootwijk\tmp\s2_comparison\s2geometry\src\s2\_fp_contract_off.h(51,9): warning C4068: unknown pragma 'STDC' [C:\aTOMosBuild\r15cuda\s2\s2.vcxproj]
  (compiling source file '../../../OMT%20AC031%20Womack%20remarkable%20carmack%20oculus%20master%20quest%20half-life%203%20gabecube/aTOMos_v3_6_1_5_SATNAV_UGTS_Tom_Klootwijk/tmp/s2_comparison/s2geometry/src/s2/mutable_s2shape_index.cc')
  
  r2rect.cc
C:\OMT AC031 Womack remarkable carmack oculus master quest half-life 3 gabecube\aTOMos_v3_6_1_5_SATNAV_UGTS_Tom_Klootwijk\tmp\s2_comparison\s2geometry\src\s2\_fp_contract_off.h(51,9): warning C4068: unknown pragma 'STDC' [C:\aTOMosBuild\r15cuda\s2\s2.vcxproj]
  (compiling source file '../../../OMT%20AC031%20Womack%20remarkable%20carmack%20oculus%20master%20quest%20half-life%203%20gabecube/aTOMos_v3_6_1_5_SATNAV_UGTS_Tom_Klootwijk/tmp/s2_comparison/s2geometry/src/s2/r2rect.cc')
  
  s1angle.cc
C:\OMT AC031 Womack remarkable carmack oculus master quest half-life 3 gabecube\aTOMos_v3_6_1_5_SATNAV_UGTS_Tom_Klootwijk\tmp\s2_comparison\s2geometry\src\s2\_fp_contract_off.h(51,9): warning C4068: unknown pragma 'STDC' [C:\aTOMosBuild\r15cuda\s2\s2.vcxproj]
  (compiling source file '../../../OMT%20AC031%20Womack%20remarkable%20carmack%20oculus%20master%20quest%20half-life%203%20gabecube/aTOMos_v3_6_1_5_SATNAV_UGTS_Tom_Klootwijk/tmp/s2_comparison/s2geometry/src/s2/s1angle.cc')
  
  s1chord_angle.cc
C:\OMT AC031 Womack remarkable carmack oculus master quest half-life 3 gabecube\aTOMos_v3_6_1_5_SATNAV_UGTS_Tom_Klootwijk\tmp\s2_comparison\s2geometry\src\s2\_fp_contract_off.h(51,9): warning C4068: unknown pragma 'STDC' [C:\aTOMosBuild\r15cuda\s2\s2.vcxproj]
  (compiling source file '../../../OMT%20AC031%20Womack%20remarkable%20carmack%20oculus%20master%20quest%20half-life%203%20gabecube/aTOMos_v3_6_1_5_SATNAV_UGTS_Tom_Klootwijk/tmp/s2_comparison/s2geometry/src/s2/s1chord_angle.cc')
  
  s1interval.cc
C:\OMT AC031 Womack remarkable carmack oculus master quest half-life 3 gabecube\aTOMos_v3_6_1_5_SATNAV_UGTS_Tom_Klootwijk\tmp\s2_comparison\s2geometry\src\s2\_fp_contract_off.h(51,9): warning C4068: unknown pragma 'STDC' [C:\aTOMosBuild\r15cuda\s2\s2.vcxproj]
  (compiling source file '../../../OMT%20AC031%20Womack%20remarkable%20carmack%20oculus%20master%20quest%20half-life%203%20gabecube/aTOMos_v3_6_1_5_SATNAV_UGTS_Tom_Klootwijk/tmp/s2_comparison/s2geometry/src/s2/s1interval.cc')
  
  s2boolean_operation.cc
C:\OMT AC031 Womack remarkable carmack oculus master quest half-life 3 gabecube\aTOMos_v3_6_1_5_SATNAV_UGTS_Tom_Klootwijk\tmp\s2_comparison\s2geometry\src\s2\_fp_contract_off.h(51,9): warning C4068: unknown pragma 'STDC' [C:\aTOMosBuild\r15cuda\s2\s2.vcxproj]
  (compiling source file '../../../OMT%20AC031%20Womack%20remarkable%20carmack%20oculus%20master%20quest%20half-life%203%20gabecube/aTOMos_v3_6_1_5_SATNAV_UGTS_Tom_Klootwijk/tmp/s2_comparison/s2geometry/src/s2/s2boolean_operation.cc')
  
C:\OMT AC031 Womack remarkable carmack oculus master quest half-life 3 gabecube\aTOMos_v3_6_1_5_SATNAV_UGTS_Tom_Klootwijk\tmp\s2_comparison\s2geometry\src\s2\s2contains_point_query.h(385,17): warning C4805: '^=': unsafe mix of type 'bool' and type 'int' in operation [C:\aTOMosBuild\r15cuda\s2\s2.vcxproj]
  (compiling source file '../../../OMT%20AC031%20Womack%20remarkable%20carmack%20oculus%20master%20quest%20half-life%203%20gabecube/aTOMos_v3_6_1_5_SATNAV_UGTS_Tom_Klootwijk/tmp/s2_comparison/s2geometry/src/s2/s2boolean_operation.cc')
      C:\OMT AC031 Womack remarkable carmack oculus master quest half-life 3 gabecube\aTOMos_v3_6_1_5_SATNAV_UGTS_Tom_Klootwijk\tmp\s2_comparison\s2geometry\src\s2\s2contains_point_query.h(385,17):
      the template instantiation context (the oldest one first) is
          C:\OMT AC031 Womack remarkable carmack oculus master quest half-life 3 gabecube\aTOMos_v3_6_1_5_SATNAV_UGTS_Tom_Klootwijk\tmp\s2_comparison\s2geometry\src\s2\s2boolean_operation.cc(1595,5):
          see reference to class template instantiation 'S2ContainsPointQuery<S2ShapeIndex>' being compiled
          C:\OMT AC031 Womack remarkable carmack oculus master quest half-life 3 gabecube\aTOMos_v3_6_1_5_SATNAV_UGTS_Tom_Klootwijk\tmp\s2_comparison\s2geometry\src\s2\s2contains_point_query.h(238,5):
          while compiling class template member function 'S2ContainsPointQuery<S2ShapeIndex>::S2ContainsPointQuery(const IndexType *,const S2ContainsPointQuery<IndexType>::Options &)'
          with
          [
              IndexType=S2ShapeIndex
          ]
              C:\OMT AC031 Womack remarkable carmack oculus master quest half-life 3 gabecube\aTOMos_v3_6_1_5_SATNAV_UGTS_Tom_Klootwijk\tmp\s2_comparison\s2geometry\src\s2\s2boolean_operation.cc(2109,31):
              see the first reference to 'S2ContainsPointQuery<S2ShapeIndex>::S2ContainsPointQuery' in 'S2BooleanOperation::Impl::GetChainStarts'
          C:\OMT AC031 Womack remarkable carmack oculus master quest half-life 3 gabecube\aTOMos_v3_6_1_5_SATNAV_UGTS_Tom_Klootwijk\tmp\s2_comparison\s2geometry\src\s2\s2contains_point_query.h(354,78):
          while compiling class template member function 'bool S2ContainsPointQuery<S2ShapeIndex>::ShapeContains(S2CellId,const S2ClippedShape &,const S2Point &) const'
              C:\OMT AC031 Womack remarkable carmack oculus master quest half-life 3 gabecube\aTOMos_v3_6_1_5_SATNAV_UGTS_Tom_Klootwijk\tmp\s2_comparison\s2geometry\src\s2\s2contains_point_query.h(262,5):
              see the first reference to 'S2ContainsPointQuery<S2ShapeIndex>::ShapeContains' in 'S2ContainsPointQuery<S2ShapeIndex>::Contains'
              C:\OMT AC031 Womack remarkable carmack oculus master quest half-life 3 gabecube\aTOMos_v3_6_1_5_SATNAV_UGTS_Tom_Klootwijk\tmp\s2_comparison\s2geometry\src\s2\s2boolean_operation.cc(2126,21):
              see the first reference to 'S2ContainsPointQuery<S2ShapeIndex>::Contains' in 'S2BooleanOperation::Impl::GetChainStarts'
  
C:\OMT AC031 Womack remarkable carmack oculus master quest half-life 3 gabecube\aTOMos_v3_6_1_5_SATNAV_UGTS_Tom_Klootwijk\tmp\s2_comparison\s2geometry\src\s2\s2contains_point_query.h(385,17): warning C4805: '^': unsafe mix of type 'bool' and type 'int' in operation [C:\aTOMosBuild\r15cuda\s2\s2.vcxproj]
  (compiling source file '../../../OMT%20AC031%20Womack%20remarkable%20carmack%20oculus%20master%20quest%20half-life%203%20gabecube/aTOMos_v3_6_1_5_SATNAV_UGTS_Tom_Klootwijk/tmp/s2_comparison/s2geometry/src/s2/s2boolean_operation.cc')
  
  s2buffer_operation.cc
C:\OMT AC031 Womack remarkable carmack oculus master quest half-life 3 gabecube\aTOMos_v3_6_1_5_SATNAV_UGTS_Tom_Klootwijk\tmp\s2_comparison\s2geometry\src\s2\_fp_contract_off.h(51,9): warning C4068: unknown pragma 'STDC' [C:\aTOMosBuild\r15cuda\s2\s2.vcxproj]
  (compiling source file '../../../OMT%20AC031%20Womack%20remarkable%20carmack%20oculus%20master%20quest%20half-life%203%20gabecube/aTOMos_v3_6_1_5_SATNAV_UGTS_Tom_Klootwijk/tmp/s2_comparison/s2geometry/src/s2/s2buffer_operation.cc')
  
C:\OMT AC031 Womack remarkable carmack oculus master quest half-life 3 gabecube\aTOMos_v3_6_1_5_SATNAV_UGTS_Tom_Klootwijk\tmp\s2_comparison\s2geometry\src\s2\s2contains_point_query.h(385,17): warning C4805: '^=': unsafe mix of type 'bool' and type 'int' in operation [C:\aTOMosBuild\r15cuda\s2\s2.vcxproj]
  (compiling source file '../../../OMT%20AC031%20Womack%20remarkable%20carmack%20oculus%20master%20quest%20half-life%203%20gabecube/aTOMos_v3_6_1_5_SATNAV_UGTS_Tom_Klootwijk/tmp/s2_comparison/s2geometry/src/s2/s2buffer_operation.cc')
      C:\OMT AC031 Womack remarkable carmack oculus master quest half-life 3 gabecube\aTOMos_v3_6_1_5_SATNAV_UGTS_Tom_Klootwijk\tmp\s2_comparison\s2geometry\src\s2\s2contains_point_query.h(385,17):
      the template instantiation context (the oldest one first) is
          C:\OMT AC031 Womack remarkable carmack oculus master quest half-life 3 gabecube\aTOMos_v3_6_1_5_SATNAV_UGTS_Tom_Klootwijk\tmp\s2_comparison\s2geometry\src\s2\s2buffer_operation.cc(756,39):
          see reference to class template instantiation 'S2ContainsPointQuery<S2ShapeIndex>' being compiled
          C:\OMT AC031 Womack remarkable carmack oculus master quest half-life 3 gabecube\aTOMos_v3_6_1_5_SATNAV_UGTS_Tom_Klootwijk\tmp\s2_comparison\s2geometry\src\s2\s2contains_point_query.h(238,5):
          while compiling class template member function 'S2ContainsPointQuery<S2ShapeIndex>::S2ContainsPointQuery(const IndexType *,const S2ContainsPointQuery<IndexType>::Options &)'
          with
          [
              IndexType=S2ShapeIndex
          ]
              C:\OMT AC031 Womack remarkable carmack oculus master quest half-life 3 gabecube\aTOMos_v3_6_1_5_SATNAV_UGTS_Tom_Klootwijk\tmp\s2_comparison\s2geometry\src\s2\s2buffer_operation.cc(756,16):
              see the first reference to 'S2ContainsPointQuery<S2ShapeIndex>::S2ContainsPointQuery' in 'S2BufferOperation::AddShapeIndex'
          C:\OMT AC031 Womack remarkable carmack oculus master quest half-life 3 gabecube\aTOMos_v3_6_1_5_SATNAV_UGTS_Tom_Klootwijk\tmp\s2_comparison\s2geometry\src\s2\s2contains_point_query.h(354,78):
          while compiling class template member function 'bool S2ContainsPointQuery<S2ShapeIndex>::ShapeContains(S2CellId,const S2ClippedShape &,const S2Point &) const'
              C:\OMT AC031 Womack remarkable carmack oculus master quest half-life 3 gabecube\aTOMos_v3_6_1_5_SATNAV_UGTS_Tom_Klootwijk\tmp\s2_comparison\s2geometry\src\s2\s2contains_point_query.h(262,5):
              see the first reference to 'S2ContainsPointQuery<S2ShapeIndex>::ShapeContains' in 'S2ContainsPointQuery<S2ShapeIndex>::Contains'
              C:\OMT AC031 Womack remarkable carmack oculus master quest half-life 3 gabecube\aTOMos_v3_6_1_5_SATNAV_UGTS_Tom_Klootwijk\tmp\s2_comparison\s2geometry\src\s2\s2buffer_operation.cc(756,16):
              see the first reference to 'S2ContainsPointQuery<S2ShapeIndex>::Contains' in 'S2BufferOperation::AddShapeIndex'
  
C:\OMT AC031 Womack remarkable carmack oculus master quest half-life 3 gabecube\aTOMos_v3_6_1_5_SATNAV_UGTS_Tom_Klootwijk\tmp\s2_comparison\s2geometry\src\s2\s2contains_point_query.h(385,17): warning C4805: '^': unsafe mix of type 'bool' and type 'int' in operation [C:\aTOMosBuild\r15cuda\s2\s2.vcxproj]
  (compiling source file '../../../OMT%20AC031%20Womack%20remarkable%20carmack%20oculus%20master%20quest%20half-life%203%20gabecube/aTOMos_v3_6_1_5_SATNAV_UGTS_Tom_Klootwijk/tmp/s2_comparison/s2geometry/src/s2/s2buffer_operation.cc')
  
  s2builder.cc
C:\OMT AC031 Womack remarkable carmack oculus master quest half-life 3 gabecube\aTOMos_v3_6_1_5_SATNAV_UGTS_Tom_Klootwijk\tmp\s2_comparison\s2geometry\src\s2\_fp_contract_off.h(51,9): warning C4068: unknown pragma 'STDC' [C:\aTOMosBuild\r15cuda\s2\s2.vcxproj]
  (compiling source file '../../../OMT%20AC031%20Womack%20remarkable%20carmack%20oculus%20master%20quest%20half-life%203%20gabecube/aTOMos_v3_6_1_5_SATNAV_UGTS_Tom_Klootwijk/tmp/s2_comparison/s2geometry/src/s2/s2builder.cc')
  
C:\Program Files (x86)\Microsoft Visual Studio\2022\BuildTools\VC\Tools\MSVC\14.44.35207\include\utility(274,16): warning C4267: 'initializing': conversion from 'size_t' to '_Ty1', possible loss of data [C:\aTOMosBuild\r15cuda\s2\s2.vcxproj]
C:\Program Files (x86)\Microsoft Visual Studio\2022\BuildTools\VC\Tools\MSVC\14.44.35207\include\utility(274,16): warning C4267:         with [C:\aTOMosBuild\r15cuda\s2\s2.vcxproj]
C:\Program Files (x86)\Microsoft Visual Studio\2022\BuildTools\VC\Tools\MSVC\14.44.35207\include\utility(274,16): warning C4267:         [ [C:\aTOMosBuild\r15cuda\s2\s2.vcxproj]
C:\Program Files (x86)\Microsoft Visual Studio\2022\BuildTools\VC\Tools\MSVC\14.44.35207\include\utility(274,16): warning C4267:             _Ty1=S2Builder::InputVertexId [C:\aTOMosBuild\r15cuda\s2\s2.vcxproj]
C:\Program Files (x86)\Microsoft Visual Studio\2022\BuildTools\VC\Tools\MSVC\14.44.35207\include\utility(274,16): warning C4267:         ] [C:\aTOMosBuild\r15cuda\s2\s2.vcxproj]
  (compiling source file '../../../OMT%20AC031%20Womack%20remarkable%20carmack%20oculus%20master%20quest%20half-life%203%20gabecube/aTOMos_v3_6_1_5_SATNAV_UGTS_Tom_Klootwijk/tmp/s2_comparison/s2geometry/src/s2/s2builder.cc')
      C:\Program Files (x86)\Microsoft Visual Studio\2022\BuildTools\VC\Tools\MSVC\14.44.35207\include\utility(274,16):
      the template instantiation context (the oldest one first) is
          C:\OMT AC031 Womack remarkable carmack oculus master quest half-life 3 gabecube\aTOMos_v3_6_1_5_SATNAV_UGTS_Tom_Klootwijk\tmp\s2_comparison\s2geometry\src\s2\s2builder.cc(1562,34):
          see reference to function template instantiation 'std::pair<S2Builder::InputVertexId,S2Builder::InputVertexId>::pair<size_t&,size_t&,0>(_Other1,_Other2) noexcept' being compiled
          with
          [
              _Other1=size_t &,
              _Other2=size_t &
          ]
              C:\OMT AC031 Womack remarkable carmack oculus master quest half-life 3 gabecube\aTOMos_v3_6_1_5_SATNAV_UGTS_Tom_Klootwijk\tmp\s2_comparison\s2geometry\src\s2\s2builder.cc(1562,22):
              see the first reference to 'std::pair<S2Builder::InputVertexId,S2Builder::InputVertexId>::pair' in 'S2Builder::MergeLayerEdges'
  
C:\Program Files (x86)\Microsoft Visual Studio\2022\BuildTools\VC\Tools\MSVC\14.44.35207\include\utility(274,54): warning C4267: 'initializing': conversion from 'size_t' to '_Ty2', possible loss of data [C:\aTOMosBuild\r15cuda\s2\s2.vcxproj]
C:\Program Files (x86)\Microsoft Visual Studio\2022\BuildTools\VC\Tools\MSVC\14.44.35207\include\utility(274,54): warning C4267:         with [C:\aTOMosBuild\r15cuda\s2\s2.vcxproj]
C:\Program Files (x86)\Microsoft Visual Studio\2022\BuildTools\VC\Tools\MSVC\14.44.35207\include\utility(274,54): warning C4267:         [ [C:\aTOMosBuild\r15cuda\s2\s2.vcxproj]
C:\Program Files (x86)\Microsoft Visual Studio\2022\BuildTools\VC\Tools\MSVC\14.44.35207\include\utility(274,54): warning C4267:             _Ty2=S2Builder::InputVertexId [C:\aTOMosBuild\r15cuda\s2\s2.vcxproj]
C:\Program Files (x86)\Microsoft Visual Studio\2022\BuildTools\VC\Tools\MSVC\14.44.35207\include\utility(274,54): warning C4267:         ] [C:\aTOMosBuild\r15cuda\s2\s2.vcxproj]
  (compiling source file '../../../OMT%20AC031%20Womack%20remarkable%20carmack%20oculus%20master%20quest%20half-life%203%20gabecube/aTOMos_v3_6_1_5_SATNAV_UGTS_Tom_Klootwijk/tmp/s2_comparison/s2geometry/src/s2/s2builder.cc')
  
C:\Program Files (x86)\Microsoft Visual Studio\2022\BuildTools\VC\Tools\MSVC\14.44.35207\include\type_traits(2388,54): warning C4018: '<': signed/unsigned mismatch [C:\aTOMosBuild\r15cuda\s2\s2.vcxproj]
  (compiling source file '../../../OMT%20AC031%20Womack%20remarkable%20carmack%20oculus%20master%20quest%20half-life%203%20gabecube/aTOMos_v3_6_1_5_SATNAV_UGTS_Tom_Klootwijk/tmp/s2_comparison/s2geometry/src/s2/s2builder.cc')
      C:\Program Files (x86)\Microsoft Visual Studio\2022\BuildTools\VC\Tools\MSVC\14.44.35207\include\type_traits(2388,54):
      the template instantiation context (the oldest one first) is
          C:\OMT AC031 Womack remarkable carmack oculus master quest half-life 3 gabecube\aTOMos_v3_6_1_5_SATNAV_UGTS_Tom_Klootwijk\tmp\s2_comparison\s2geometry\src\s2\s2polygon.h(943,18):
          see reference to function template instantiation '_FwdIt *std::upper_bound<const uint32_t*,int>(_FwdIt,_FwdIt,const _Ty &)' being compiled
          with
          [
              _FwdIt=const uint32_t *,
              _Ty=int
          ]
          C:\Program Files (x86)\Microsoft Visual Studio\2022\BuildTools\VC\Tools\MSVC\14.44.35207\include\xutility(7486,17):
          see reference to function template instantiation '_FwdIt *std::upper_bound<_FwdIt,_Ty,std::less<void>>(_FwdIt,_FwdIt,const _Ty &,_Pr)' being compiled
          with
          [
              _FwdIt=const uint32_t *,
              _Ty=int,
              _Pr=std::less<void>
          ]
          C:\Program Files (x86)\Microsoft Visual Studio\2022\BuildTools\VC\Tools\MSVC\14.44.35207\include\xutility(7471,13):
          while compiling class template member function 'bool std::less<void>::operator ()<const _Ty&,const uint32_t&>(_Ty1,_Ty2) noexcept(<expr>) const'
          with
          [
              _Ty=int,
              _Ty1=const int &,
              _Ty2=const uint32_t &
          ]
  
C:\Program Files (x86)\Microsoft Visual Studio\2022\BuildTools\VC\Tools\MSVC\14.44.35207\include\type_traits(2390,43): warning C4018: '<': signed/unsigned mismatch [C:\aTOMosBuild\r15cuda\s2\s2.vcxproj]
  (compiling source file '../../../OMT%20AC031%20Womack%20remarkable%20carmack%20oculus%20master%20quest%20half-life%203%20gabecube/aTOMos_v3_6_1_5_SATNAV_UGTS_Tom_Klootwijk/tmp/s2_comparison/s2geometry/src/s2/s2builder.cc')
      C:\Program Files (x86)\Microsoft Visual Studio\2022\BuildTools\VC\Tools\MSVC\14.44.35207\include\type_traits(2390,43):
      the template instantiation context (the oldest one first) is
          C:\Program Files (x86)\Microsoft Visual Studio\2022\BuildTools\VC\Tools\MSVC\14.44.35207\include\xutility(7486,17):
          see reference to function template instantiation '_FwdIt *std::upper_bound<_FwdIt,_Ty,std::less<void>>(_FwdIt,_FwdIt,const _Ty &,_Pr)' being compiled
          with
          [
              _FwdIt=const uint32_t *,
              _Ty=int,
              _Pr=std::less<void>
          ]
          C:\Program Files (x86)\Microsoft Visual Studio\2022\BuildTools\VC\Tools\MSVC\14.44.35207\include\xutility(7471,13):
          see reference to function template instantiation 'bool std::less<void>::operator ()<const _Ty&,const uint32_t&>(_Ty1,_Ty2) noexcept const' being compiled
          with
          [
              _Ty=int,
              _Ty1=const int &,
              _Ty2=const uint32_t &
          ]
  
  s2builder_graph.cc
C:\OMT AC031 Womack remarkable carmack oculus master quest half-life 3 gabecube\aTOMos_v3_6_1_5_SATNAV_UGTS_Tom_Klootwijk\tmp\s2_comparison\s2geometry\src\s2\_fp_contract_off.h(51,9): warning C4068: unknown pragma 'STDC' [C:\aTOMosBuild\r15cuda\s2\s2.vcxproj]
  (compiling source file '../../../OMT%20AC031%20Womack%20remarkable%20carmack%20oculus%20master%20quest%20half-life%203%20gabecube/aTOMos_v3_6_1_5_SATNAV_UGTS_Tom_Klootwijk/tmp/s2_comparison/s2geometry/src/s2/s2builder_graph.cc')
  
  s2builderutil_closed_set_normalizer.cc
C:\OMT AC031 Womack remarkable carmack oculus master quest half-life 3 gabecube\aTOMos_v3_6_1_5_SATNAV_UGTS_Tom_Klootwijk\tmp\s2_comparison\s2geometry\src\s2\_fp_contract_off.h(51,9): warning C4068: unknown pragma 'STDC' [C:\aTOMosBuild\r15cuda\s2\s2.vcxproj]
  (compiling source file '../../../OMT%20AC031%20Womack%20remarkable%20carmack%20oculus%20master%20quest%20half-life%203%20gabecube/aTOMos_v3_6_1_5_SATNAV_UGTS_Tom_Klootwijk/tmp/s2_comparison/s2geometry/src/s2/s2builderutil_closed_set_normalizer.cc')
  
  s2builderutil_find_polygon_degeneracies.cc
C:\OMT AC031 Womack remarkable carmack oculus master quest half-life 3 gabecube\aTOMos_v3_6_1_5_SATNAV_UGTS_Tom_Klootwijk\tmp\s2_comparison\s2geometry\src\s2\_fp_contract_off.h(51,9): warning C4068: unknown pragma 'STDC' [C:\aTOMosBuild\r15cuda\s2\s2.vcxproj]
  (compiling source file '../../../OMT%20AC031%20Womack%20remarkable%20carmack%20oculus%20master%20quest%20half-life%203%20gabecube/aTOMos_v3_6_1_5_SATNAV_UGTS_Tom_Klootwijk/tmp/s2_comparison/s2geometry/src/s2/s2builderutil_find_polygon_degeneracies.cc')
  
  s2builderutil_get_snapped_winding_delta.cc
C:\OMT AC031 Womack remarkable carmack oculus master quest half-life 3 gabecube\aTOMos_v3_6_1_5_SATNAV_UGTS_Tom_Klootwijk\tmp\s2_comparison\s2geometry\src\s2\_fp_contract_off.h(51,9): warning C4068: unknown pragma 'STDC' [C:\aTOMosBuild\r15cuda\s2\s2.vcxproj]
  (compiling source file '../../../OMT%20AC031%20Womack%20remarkable%20carmack%20oculus%20master%20quest%20half-life%203%20gabecube/aTOMos_v3_6_1_5_SATNAV_UGTS_Tom_Klootwijk/tmp/s2_comparison/s2geometry/src/s2/s2builderutil_get_snapped_winding_delta.cc')
  
  Generating Code...
C:\OMT AC031 Womack remarkable carmack oculus master quest half-life 3 gabecube\aTOMos_v3_6_1_5_SATNAV_UGTS_Tom_Klootwijk\tmp\s2_comparison\s2geometry\src\s2\s2builder.cc(1846,1): warning C4715: 'S2Builder::EdgeChainSimplifier::FollowChain': not all control paths return a value [C:\aTOMosBuild\r15cuda\s2\s2.vcxproj]
  Compiling...
  s2builderutil_lax_polygon_layer.cc
C:\OMT AC031 Womack remarkable carmack oculus master quest half-life 3 gabecube\aTOMos_v3_6_1_5_SATNAV_UGTS_Tom_Klootwijk\tmp\s2_comparison\s2geometry\src\s2\_fp_contract_off.h(51,9): warning C4068: unknown pragma 'STDC' [C:\aTOMosBuild\r15cuda\s2\s2.vcxproj]
  (compiling source file '../../../OMT%20AC031%20Womack%20remarkable%20carmack%20oculus%20master%20quest%20half-life%203%20gabecube/aTOMos_v3_6_1_5_SATNAV_UGTS_Tom_Klootwijk/tmp/s2_comparison/s2geometry/src/s2/s2builderutil_lax_polygon_layer.cc')
  
C:\Program Files (x86)\Microsoft Visual Studio\2022\BuildTools\VC\Tools\MSVC\14.44.35207\include\type_traits(2388,54): warning C4018: '<': signed/unsigned mismatch [C:\aTOMosBuild\r15cuda\s2\s2.vcxproj]
  (compiling source file '../../../OMT%20AC031%20Womack%20remarkable%20carmack%20oculus%20master%20quest%20half-life%203%20gabecube/aTOMos_v3_6_1_5_SATNAV_UGTS_Tom_Klootwijk/tmp/s2_comparison/s2geometry/src/s2/s2builderutil_lax_polygon_layer.cc')
      C:\Program Files (x86)\Microsoft Visual Studio\2022\BuildTools\VC\Tools\MSVC\14.44.35207\include\type_traits(2388,54):
      the template instantiation context (the oldest one first) is
          C:\OMT AC031 Womack remarkable carmack oculus master quest half-life 3 gabecube\aTOMos_v3_6_1_5_SATNAV_UGTS_Tom_Klootwijk\tmp\s2_comparison\s2geometry\src\s2\s2polygon.h(943,18):
          see reference to function template instantiation '_FwdIt *std::upper_bound<const uint32_t*,int>(_FwdIt,_FwdIt,const _Ty &)' being compiled
          with
          [
              _FwdIt=const uint32_t *,
              _Ty=int
          ]
          C:\Program Files (x86)\Microsoft Visual Studio\2022\BuildTools\VC\Tools\MSVC\14.44.35207\include\xutility(7486,17):
          see reference to function template instantiation '_FwdIt *std::upper_bound<_FwdIt,_Ty,std::less<void>>(_FwdIt,_FwdIt,const _Ty &,_Pr)' being compiled
          with
          [
              _FwdIt=const uint32_t *,
              _Ty=int,
              _Pr=std::less<void>
          ]
          C:\Program Files (x86)\Microsoft Visual Studio\2022\BuildTools\VC\Tools\MSVC\14.44.35207\include\xutility(7471,13):
          while compiling class template member function 'bool std::less<void>::operator ()<const _Ty&,const uint32_t&>(_Ty1,_Ty2) noexcept(<expr>) const'
          with
          [
              _Ty=int,
              _Ty1=const int &,
              _Ty2=const uint32_t &
          ]
  
C:\Program Files (x86)\Microsoft Visual Studio\2022\BuildTools\VC\Tools\MSVC\14.44.35207\include\type_traits(2390,43): warning C4018: '<': signed/unsigned mismatch [C:\aTOMosBuild\r15cuda\s2\s2.vcxproj]
  (compiling source file '../../../OMT%20AC031%20Womack%20remarkable%20carmack%20oculus%20master%20quest%20half-life%203%20gabecube/aTOMos_v3_6_1_5_SATNAV_UGTS_Tom_Klootwijk/tmp/s2_comparison/s2geometry/src/s2/s2builderutil_lax_polygon_layer.cc')
      C:\Program Files (x86)\Microsoft Visual Studio\2022\BuildTools\VC\Tools\MSVC\14.44.35207\include\type_traits(2390,43):
      the template instantiation context (the oldest one first) is
          C:\Program Files (x86)\Microsoft Visual Studio\2022\BuildTools\VC\Tools\MSVC\14.44.35207\include\xutility(7486,17):
          see reference to function template instantiation '_FwdIt *std::upper_bound<_FwdIt,_Ty,std::less<void>>(_FwdIt,_FwdIt,const _Ty &,_Pr)' being compiled
          with
          [
              _FwdIt=const uint32_t *,
              _Ty=int,
              _Pr=std::less<void>
          ]
          C:\Program Files (x86)\Microsoft Visual Studio\2022\BuildTools\VC\Tools\MSVC\14.44.35207\include\xutility(7471,13):
          see reference to function template instantiation 'bool std::less<void>::operator ()<const _Ty&,const uint32_t&>(_Ty1,_Ty2) noexcept const' being compiled
          with
          [
              _Ty=int,
              _Ty1=const int &,
              _Ty2=const uint32_t &
          ]
  
  s2builderutil_lax_polyline_layer.cc
C:\OMT AC031 Womack remarkable carmack oculus master quest half-life 3 gabecube\aTOMos_v3_6_1_5_SATNAV_UGTS_Tom_Klootwijk\tmp\s2_comparison\s2geometry\src\s2\_fp_contract_off.h(51,9): warning C4068: unknown pragma 'STDC' [C:\aTOMosBuild\r15cuda\s2\s2.vcxproj]
  (compiling source file '../../../OMT%20AC031%20Womack%20remarkable%20carmack%20oculus%20master%20quest%20half-life%203%20gabecube/aTOMos_v3_6_1_5_SATNAV_UGTS_Tom_Klootwijk/tmp/s2_comparison/s2geometry/src/s2/s2builderutil_lax_polyline_layer.cc')
  
  s2builderutil_s2point_vector_layer.cc
C:\OMT AC031 Womack remarkable carmack oculus master quest half-life 3 gabecube\aTOMos_v3_6_1_5_SATNAV_UGTS_Tom_Klootwijk\tmp\s2_comparison\s2geometry\src\s2\_fp_contract_off.h(51,9): warning C4068: unknown pragma 'STDC' [C:\aTOMosBuild\r15cuda\s2\s2.vcxproj]
  (compiling source file '../../../OMT%20AC031%20Womack%20remarkable%20carmack%20oculus%20master%20quest%20half-life%203%20gabecube/aTOMos_v3_6_1_5_SATNAV_UGTS_Tom_Klootwijk/tmp/s2_comparison/s2geometry/src/s2/s2builderutil_s2point_vector_layer.cc')
  
  s2builderutil_s2polygon_layer.cc
C:\OMT AC031 Womack remarkable carmack oculus master quest half-life 3 gabecube\aTOMos_v3_6_1_5_SATNAV_UGTS_Tom_Klootwijk\tmp\s2_comparison\s2geometry\src\s2\_fp_contract_off.h(51,9): warning C4068: unknown pragma 'STDC' [C:\aTOMosBuild\r15cuda\s2\s2.vcxproj]
  (compiling source file '../../../OMT%20AC031%20Womack%20remarkable%20carmack%20oculus%20master%20quest%20half-life%203%20gabecube/aTOMos_v3_6_1_5_SATNAV_UGTS_Tom_Klootwijk/tmp/s2_comparison/s2geometry/src/s2/s2builderutil_s2polygon_layer.cc')
  
C:\Program Files (x86)\Microsoft Visual Studio\2022\BuildTools\VC\Tools\MSVC\14.44.35207\include\utility(414,39): warning C4244: '=': conversion from '_Ty' to '_Ty1', possible loss of data [C:\aTOMosBuild\r15cuda\s2\s2.vcxproj]
C:\Program Files (x86)\Microsoft Visual Studio\2022\BuildTools\VC\Tools\MSVC\14.44.35207\include\utility(414,39): warning C4244:         with [C:\aTOMosBuild\r15cuda\s2\s2.vcxproj]
C:\Program Files (x86)\Microsoft Visual Studio\2022\BuildTools\VC\Tools\MSVC\14.44.35207\include\utility(414,39): warning C4244:         [ [C:\aTOMosBuild\r15cuda\s2\s2.vcxproj]
C:\Program Files (x86)\Microsoft Visual Studio\2022\BuildTools\VC\Tools\MSVC\14.44.35207\include\utility(414,39): warning C4244:             _Ty=__int64 [C:\aTOMosBuild\r15cuda\s2\s2.vcxproj]
C:\Program Files (x86)\Microsoft Visual Studio\2022\BuildTools\VC\Tools\MSVC\14.44.35207\include\utility(414,39): warning C4244:         ] [C:\aTOMosBuild\r15cuda\s2\s2.vcxproj]
C:\Program Files (x86)\Microsoft Visual Studio\2022\BuildTools\VC\Tools\MSVC\14.44.35207\include\utility(414,39): warning C4244:         and [C:\aTOMosBuild\r15cuda\s2\s2.vcxproj]
C:\Program Files (x86)\Microsoft Visual Studio\2022\BuildTools\VC\Tools\MSVC\14.44.35207\include\utility(414,39): warning C4244:         [ [C:\aTOMosBuild\r15cuda\s2\s2.vcxproj]
C:\Program Files (x86)\Microsoft Visual Studio\2022\BuildTools\VC\Tools\MSVC\14.44.35207\include\utility(414,39): warning C4244:             _Ty1=int [C:\aTOMosBuild\r15cuda\s2\s2.vcxproj]
C:\Program Files (x86)\Microsoft Visual Studio\2022\BuildTools\VC\Tools\MSVC\14.44.35207\include\utility(414,39): warning C4244:         ] [C:\aTOMosBuild\r15cuda\s2\s2.vcxproj]
  (compiling source file '../../../OMT%20AC031%20Womack%20remarkable%20carmack%20oculus%20master%20quest%20half-life%203%20gabecube/aTOMos_v3_6_1_5_SATNAV_UGTS_Tom_Klootwijk/tmp/s2_comparison/s2geometry/src/s2/s2builderutil_s2polygon_layer.cc')
      C:\Program Files (x86)\Microsoft Visual Studio\2022\BuildTools\VC\Tools\MSVC\14.44.35207\include\utility(414,39):
      the template instantiation context (the oldest one first) is
          C:\OMT AC031 Womack remarkable carmack oculus master quest half-life 3 gabecube\aTOMos_v3_6_1_5_SATNAV_UGTS_Tom_Klootwijk\tmp\s2_comparison\s2geometry\src\s2\s2builderutil_s2polygon_layer.cc(127,25):
          see reference to function template instantiation 'std::pair<int,bool> &std::pair<int,bool>::operator =<__int64,bool,0>(std::pair<__int64,bool> &&) noexcept' being compiled
              C:\OMT AC031 Womack remarkable carmack oculus master quest half-life 3 gabecube\aTOMos_v3_6_1_5_SATNAV_UGTS_Tom_Klootwijk\tmp\s2_comparison\s2geometry\src\s2\s2builderutil_s2polygon_layer.cc(127,25):
              see the first reference to 'std::pair<int,bool>::operator =' in 's2builderutil::S2PolygonLayer::InitLoopMap'
  
C:\Program Files (x86)\Microsoft Visual Studio\2022\BuildTools\VC\Tools\MSVC\14.44.35207\include\type_traits(2388,54): warning C4018: '<': signed/unsigned mismatch [C:\aTOMosBuild\r15cuda\s2\s2.vcxproj]
  (compiling source file '../../../OMT%20AC031%20Womack%20remarkable%20carmack%20oculus%20master%20quest%20half-life%203%20gabecube/aTOMos_v3_6_1_5_SATNAV_UGTS_Tom_Klootwijk/tmp/s2_comparison/s2geometry/src/s2/s2builderutil_s2polygon_layer.cc')
      C:\Program Files (x86)\Microsoft Visual Studio\2022\BuildTools\VC\Tools\MSVC\14.44.35207\include\type_traits(2388,54):
      the template instantiation context (the oldest one first) is
          C:\OMT AC031 Womack remarkable carmack oculus master quest half-life 3 gabecube\aTOMos_v3_6_1_5_SATNAV_UGTS_Tom_Klootwijk\tmp\s2_comparison\s2geometry\src\s2\s2polygon.h(943,18):
          see reference to function template instantiation '_FwdIt *std::upper_bound<const uint32_t*,int>(_FwdIt,_FwdIt,const _Ty &)' being compiled
          with
          [
              _FwdIt=const uint32_t *,
              _Ty=int
          ]
          C:\Program Files (x86)\Microsoft Visual Studio\2022\BuildTools\VC\Tools\MSVC\14.44.35207\include\xutility(7486,17):
          see reference to function template instantiation '_FwdIt *std::upper_bound<_FwdIt,_Ty,std::less<void>>(_FwdIt,_FwdIt,const _Ty &,_Pr)' being compiled
          with
          [
              _FwdIt=const uint32_t *,
              _Ty=int,
              _Pr=std::less<void>
          ]
          C:\Program Files (x86)\Microsoft Visual Studio\2022\BuildTools\VC\Tools\MSVC\14.44.35207\include\xutility(7471,13):
          while compiling class template member function 'bool std::less<void>::operator ()<const _Ty&,const uint32_t&>(_Ty1,_Ty2) noexcept(<expr>) const'
          with
          [
              _Ty=int,
              _Ty1=const int &,
              _Ty2=const uint32_t &
          ]
  
C:\Program Files (x86)\Microsoft Visual Studio\2022\BuildTools\VC\Tools\MSVC\14.44.35207\include\type_traits(2390,43): warning C4018: '<': signed/unsigned mismatch [C:\aTOMosBuild\r15cuda\s2\s2.vcxproj]
  (compiling source file '../../../OMT%20AC031%20Womack%20remarkable%20carmack%20oculus%20master%20quest%20half-life%203%20gabecube/aTOMos_v3_6_1_5_SATNAV_UGTS_Tom_Klootwijk/tmp/s2_comparison/s2geometry/src/s2/s2builderutil_s2polygon_layer.cc')
      C:\Program Files (x86)\Microsoft Visual Studio\2022\BuildTools\VC\Tools\MSVC\14.44.35207\include\type_traits(2390,43):
      the template instantiation context (the oldest one first) is
          C:\Program Files (x86)\Microsoft Visual Studio\2022\BuildTools\VC\Tools\MSVC\14.44.35207\include\xutility(7486,17):
          see reference to function template instantiation '_FwdIt *std::upper_bound<_FwdIt,_Ty,std::less<void>>(_FwdIt,_FwdIt,const _Ty &,_Pr)' being compiled
          with
          [
              _FwdIt=const uint32_t *,
              _Ty=int,
              _Pr=std::less<void>
          ]
          C:\Program Files (x86)\Microsoft Visual Studio\2022\BuildTools\VC\Tools\MSVC\14.44.35207\include\xutility(7471,13):
          see reference to function template instantiation 'bool std::less<void>::operator ()<const _Ty&,const uint32_t&>(_Ty1,_Ty2) noexcept const' being compiled
          with
          [
              _Ty=int,
              _Ty1=const int &,
              _Ty2=const uint32_t &
          ]
  
  s2builderutil_s2polyline_layer.cc
C:\OMT AC031 Womack remarkable carmack oculus master quest half-life 3 gabecube\aTOMos_v3_6_1_5_SATNAV_UGTS_Tom_Klootwijk\tmp\s2_comparison\s2geometry\src\s2\_fp_contract_off.h(51,9): warning C4068: unknown pragma 'STDC' [C:\aTOMosBuild\r15cuda\s2\s2.vcxproj]
  (compiling source file '../../../OMT%20AC031%20Womack%20remarkable%20carmack%20oculus%20master%20quest%20half-life%203%20gabecube/aTOMos_v3_6_1_5_SATNAV_UGTS_Tom_Klootwijk/tmp/s2_comparison/s2geometry/src/s2/s2builderutil_s2polyline_layer.cc')
  
  s2builderutil_s2polyline_vector_layer.cc
C:\OMT AC031 Womack remarkable carmack oculus master quest half-life 3 gabecube\aTOMos_v3_6_1_5_SATNAV_UGTS_Tom_Klootwijk\tmp\s2_comparison\s2geometry\src\s2\_fp_contract_off.h(51,9): warning C4068: unknown pragma 'STDC' [C:\aTOMosBuild\r15cuda\s2\s2.vcxproj]
  (compiling source file '../../../OMT%20AC031%20Womack%20remarkable%20carmack%20oculus%20master%20quest%20half-life%203%20gabecube/aTOMos_v3_6_1_5_SATNAV_UGTS_Tom_Klootwijk/tmp/s2_comparison/s2geometry/src/s2/s2builderutil_s2polyline_vector_layer.cc')
  
  s2builderutil_snap_functions.cc
C:\OMT AC031 Womack remarkable carmack oculus master quest half-life 3 gabecube\aTOMos_v3_6_1_5_SATNAV_UGTS_Tom_Klootwijk\tmp\s2_comparison\s2geometry\src\s2\_fp_contract_off.h(51,9): warning C4068: unknown pragma 'STDC' [C:\aTOMosBuild\r15cuda\s2\s2.vcxproj]
  (compiling source file '../../../OMT%20AC031%20Womack%20remarkable%20carmack%20oculus%20master%20quest%20half-life%203%20gabecube/aTOMos_v3_6_1_5_SATNAV_UGTS_Tom_Klootwijk/tmp/s2_comparison/s2geometry/src/s2/s2builderutil_snap_functions.cc')
  
  s2cap.cc
C:\OMT AC031 Womack remarkable carmack oculus master quest half-life 3 gabecube\aTOMos_v3_6_1_5_SATNAV_UGTS_Tom_Klootwijk\tmp\s2_comparison\s2geometry\src\s2\_fp_contract_off.h(51,9): warning C4068: unknown pragma 'STDC' [C:\aTOMosBuild\r15cuda\s2\s2.vcxproj]
  (compiling source file '../../../OMT%20AC031%20Womack%20remarkable%20carmack%20oculus%20master%20quest%20half-life%203%20gabecube/aTOMos_v3_6_1_5_SATNAV_UGTS_Tom_Klootwijk/tmp/s2_comparison/s2geometry/src/s2/s2cap.cc')
  
  s2cell.cc
C:\OMT AC031 Womack remarkable carmack oculus master quest half-life 3 gabecube\aTOMos_v3_6_1_5_SATNAV_UGTS_Tom_Klootwijk\tmp\s2_comparison\s2geometry\src\s2\_fp_contract_off.h(51,9): warning C4068: unknown pragma 'STDC' [C:\aTOMosBuild\r15cuda\s2\s2.vcxproj]
  (compiling source file '../../../OMT%20AC031%20Womack%20remarkable%20carmack%20oculus%20master%20quest%20half-life%203%20gabecube/aTOMos_v3_6_1_5_SATNAV_UGTS_Tom_Klootwijk/tmp/s2_comparison/s2geometry/src/s2/s2cell.cc')
  
  s2cell_id.cc
C:\OMT AC031 Womack remarkable carmack oculus master quest half-life 3 gabecube\aTOMos_v3_6_1_5_SATNAV_UGTS_Tom_Klootwijk\tmp\s2_comparison\s2geometry\src\s2\_fp_contract_off.h(51,9): warning C4068: unknown pragma 'STDC' [C:\aTOMosBuild\r15cuda\s2\s2.vcxproj]
  (compiling source file '../../../OMT%20AC031%20Womack%20remarkable%20carmack%20oculus%20master%20quest%20half-life%203%20gabecube/aTOMos_v3_6_1_5_SATNAV_UGTS_Tom_Klootwijk/tmp/s2_comparison/s2geometry/src/s2/s2cell_id.cc')
  
  s2cell_index.cc
C:\OMT AC031 Womack remarkable carmack oculus master quest half-life 3 gabecube\aTOMos_v3_6_1_5_SATNAV_UGTS_Tom_Klootwijk\tmp\s2_comparison\s2geometry\src\s2\_fp_contract_off.h(51,9): warning C4068: unknown pragma 'STDC' [C:\aTOMosBuild\r15cuda\s2\s2.vcxproj]
  (compiling source file '../../../OMT%20AC031%20Womack%20remarkable%20carmack%20oculus%20master%20quest%20half-life%203%20gabecube/aTOMos_v3_6_1_5_SATNAV_UGTS_Tom_Klootwijk/tmp/s2_comparison/s2geometry/src/s2/s2cell_index.cc')
  
  s2cell_union.cc
C:\OMT AC031 Womack remarkable carmack oculus master quest half-life 3 gabecube\aTOMos_v3_6_1_5_SATNAV_UGTS_Tom_Klootwijk\tmp\s2_comparison\s2geometry\src\s2\_fp_contract_off.h(51,9): warning C4068: unknown pragma 'STDC' [C:\aTOMosBuild\r15cuda\s2\s2.vcxproj]
  (compiling source file '../../../OMT%20AC031%20Womack%20remarkable%20carmack%20oculus%20master%20quest%20half-life%203%20gabecube/aTOMos_v3_6_1_5_SATNAV_UGTS_Tom_Klootwijk/tmp/s2_comparison/s2geometry/src/s2/s2cell_union.cc')
  
  s2centroids.cc
C:\OMT AC031 Womack remarkable carmack oculus master quest half-life 3 gabecube\aTOMos_v3_6_1_5_SATNAV_UGTS_Tom_Klootwijk\tmp\s2_comparison\s2geometry\src\s2\_fp_contract_off.h(51,9): warning C4068: unknown pragma 'STDC' [C:\aTOMosBuild\r15cuda\s2\s2.vcxproj]
  (compiling source file '../../../OMT%20AC031%20Womack%20remarkable%20carmack%20oculus%20master%20quest%20half-life%203%20gabecube/aTOMos_v3_6_1_5_SATNAV_UGTS_Tom_Klootwijk/tmp/s2_comparison/s2geometry/src/s2/s2centroids.cc')
  
  s2chain_interpolation_query.cc
C:\OMT AC031 Womack remarkable carmack oculus master quest half-life 3 gabecube\aTOMos_v3_6_1_5_SATNAV_UGTS_Tom_Klootwijk\tmp\s2_comparison\s2geometry\src\s2\_fp_contract_off.h(51,9): warning C4068: unknown pragma 'STDC' [C:\aTOMosBuild\r15cuda\s2\s2.vcxproj]
  (compiling source file '../../../OMT%20AC031%20Womack%20remarkable%20carmack%20oculus%20master%20quest%20half-life%203%20gabecube/aTOMos_v3_6_1_5_SATNAV_UGTS_Tom_Klootwijk/tmp/s2_comparison/s2geometry/src/s2/s2chain_interpolation_query.cc')
  
  s2closest_cell_query.cc
C:\OMT AC031 Womack remarkable carmack oculus master quest half-life 3 gabecube\aTOMos_v3_6_1_5_SATNAV_UGTS_Tom_Klootwijk\tmp\s2_comparison\s2geometry\src\s2\_fp_contract_off.h(51,9): warning C4068: unknown pragma 'STDC' [C:\aTOMosBuild\r15cuda\s2\s2.vcxproj]
  (compiling source file '../../../OMT%20AC031%20Womack%20remarkable%20carmack%20oculus%20master%20quest%20half-life%203%20gabecube/aTOMos_v3_6_1_5_SATNAV_UGTS_Tom_Klootwijk/tmp/s2_comparison/s2geometry/src/s2/s2closest_cell_query.cc')
  
  s2closest_edge_query.cc
C:\OMT AC031 Womack remarkable carmack oculus master quest half-life 3 gabecube\aTOMos_v3_6_1_5_SATNAV_UGTS_Tom_Klootwijk\tmp\s2_comparison\s2geometry\src\s2\_fp_contract_off.h(51,9): warning C4068: unknown pragma 'STDC' [C:\aTOMosBuild\r15cuda\s2\s2.vcxproj]
  (compiling source file '../../../OMT%20AC031%20Womack%20remarkable%20carmack%20oculus%20master%20quest%20half-life%203%20gabecube/aTOMos_v3_6_1_5_SATNAV_UGTS_Tom_Klootwijk/tmp/s2_comparison/s2geometry/src/s2/s2closest_edge_query.cc')
  
  s2closest_point_query.cc
C:\OMT AC031 Womack remarkable carmack oculus master quest half-life 3 gabecube\aTOMos_v3_6_1_5_SATNAV_UGTS_Tom_Klootwijk\tmp\s2_comparison\s2geometry\src\s2\_fp_contract_off.h(51,9): warning C4068: unknown pragma 'STDC' [C:\aTOMosBuild\r15cuda\s2\s2.vcxproj]
  (compiling source file '../../../OMT%20AC031%20Womack%20remarkable%20carmack%20oculus%20master%20quest%20half-life%203%20gabecube/aTOMos_v3_6_1_5_SATNAV_UGTS_Tom_Klootwijk/tmp/s2_comparison/s2geometry/src/s2/s2closest_point_query.cc')
  
  s2contains_vertex_query.cc
C:\OMT AC031 Womack remarkable carmack oculus master quest half-life 3 gabecube\aTOMos_v3_6_1_5_SATNAV_UGTS_Tom_Klootwijk\tmp\s2_comparison\s2geometry\src\s2\_fp_contract_off.h(51,9): warning C4068: unknown pragma 'STDC' [C:\aTOMosBuild\r15cuda\s2\s2.vcxproj]
  (compiling source file '../../../OMT%20AC031%20Womack%20remarkable%20carmack%20oculus%20master%20quest%20half-life%203%20gabecube/aTOMos_v3_6_1_5_SATNAV_UGTS_Tom_Klootwijk/tmp/s2_comparison/s2geometry/src/s2/s2contains_vertex_query.cc')
  
  s2convex_hull_query.cc
C:\OMT AC031 Womack remarkable carmack oculus master quest half-life 3 gabecube\aTOMos_v3_6_1_5_SATNAV_UGTS_Tom_Klootwijk\tmp\s2_comparison\s2geometry\src\s2\_fp_contract_off.h(51,9): warning C4068: unknown pragma 'STDC' [C:\aTOMosBuild\r15cuda\s2\s2.vcxproj]
  (compiling source file '../../../OMT%20AC031%20Womack%20remarkable%20carmack%20oculus%20master%20quest%20half-life%203%20gabecube/aTOMos_v3_6_1_5_SATNAV_UGTS_Tom_Klootwijk/tmp/s2_comparison/s2geometry/src/s2/s2convex_hull_query.cc')
  
C:\Program Files (x86)\Microsoft Visual Studio\2022\BuildTools\VC\Tools\MSVC\14.44.35207\include\type_traits(2388,54): warning C4018: '<': signed/unsigned mismatch [C:\aTOMosBuild\r15cuda\s2\s2.vcxproj]
  (compiling source file '../../../OMT%20AC031%20Womack%20remarkable%20carmack%20oculus%20master%20quest%20half-life%203%20gabecube/aTOMos_v3_6_1_5_SATNAV_UGTS_Tom_Klootwijk/tmp/s2_comparison/s2geometry/src/s2/s2convex_hull_query.cc')
      C:\Program Files (x86)\Microsoft Visual Studio\2022\BuildTools\VC\Tools\MSVC\14.44.35207\include\type_traits(2388,54):
      the template instantiation context (the oldest one first) is
          C:\OMT AC031 Womack remarkable carmack oculus master quest half-life 3 gabecube\aTOMos_v3_6_1_5_SATNAV_UGTS_Tom_Klootwijk\tmp\s2_comparison\s2geometry\src\s2\s2polygon.h(943,18):
          see reference to function template instantiation '_FwdIt *std::upper_bound<const uint32_t*,int>(_FwdIt,_FwdIt,const _Ty &)' being compiled
          with
          [
              _FwdIt=const uint32_t *,
              _Ty=int
          ]
          C:\Program Files (x86)\Microsoft Visual Studio\2022\BuildTools\VC\Tools\MSVC\14.44.35207\include\xutility(7486,17):
          see reference to function template instantiation '_FwdIt *std::upper_bound<_FwdIt,_Ty,std::less<void>>(_FwdIt,_FwdIt,const _Ty &,_Pr)' being compiled
          with
          [
              _FwdIt=const uint32_t *,
              _Ty=int,
              _Pr=std::less<void>
          ]
          C:\Program Files (x86)\Microsoft Visual Studio\2022\BuildTools\VC\Tools\MSVC\14.44.35207\include\xutility(7471,13):
          while compiling class template member function 'bool std::less<void>::operator ()<const _Ty&,const uint32_t&>(_Ty1,_Ty2) noexcept(<expr>) const'
          with
          [
              _Ty=int,
              _Ty1=const int &,
              _Ty2=const uint32_t &
          ]
  
C:\Program Files (x86)\Microsoft Visual Studio\2022\BuildTools\VC\Tools\MSVC\14.44.35207\include\type_traits(2390,43): warning C4018: '<': signed/unsigned mismatch [C:\aTOMosBuild\r15cuda\s2\s2.vcxproj]
  (compiling source file '../../../OMT%20AC031%20Womack%20remarkable%20carmack%20oculus%20master%20quest%20half-life%203%20gabecube/aTOMos_v3_6_1_5_SATNAV_UGTS_Tom_Klootwijk/tmp/s2_comparison/s2geometry/src/s2/s2convex_hull_query.cc')
      C:\Program Files (x86)\Microsoft Visual Studio\2022\BuildTools\VC\Tools\MSVC\14.44.35207\include\type_traits(2390,43):
      the template instantiation context (the oldest one first) is
          C:\Program Files (x86)\Microsoft Visual Studio\2022\BuildTools\VC\Tools\MSVC\14.44.35207\include\xutility(7486,17):
          see reference to function template instantiation '_FwdIt *std::upper_bound<_FwdIt,_Ty,std::less<void>>(_FwdIt,_FwdIt,const _Ty &,_Pr)' being compiled
          with
          [
              _FwdIt=const uint32_t *,
              _Ty=int,
              _Pr=std::less<void>
          ]
          C:\Program Files (x86)\Microsoft Visual Studio\2022\BuildTools\VC\Tools\MSVC\14.44.35207\include\xutility(7471,13):
          see reference to function template instantiation 'bool std::less<void>::operator ()<const _Ty&,const uint32_t&>(_Ty1,_Ty2) noexcept const' being compiled
          with
          [
              _Ty=int,
              _Ty1=const int &,
              _Ty2=const uint32_t &
          ]
  
  s2coords.cc
C:\OMT AC031 Womack remarkable carmack oculus master quest half-life 3 gabecube\aTOMos_v3_6_1_5_SATNAV_UGTS_Tom_Klootwijk\tmp\s2_comparison\s2geometry\src\s2\_fp_contract_off.h(51,9): warning C4068: unknown pragma 'STDC' [C:\aTOMosBuild\r15cuda\s2\s2.vcxproj]
  (compiling source file '../../../OMT%20AC031%20Womack%20remarkable%20carmack%20oculus%20master%20quest%20half-life%203%20gabecube/aTOMos_v3_6_1_5_SATNAV_UGTS_Tom_Klootwijk/tmp/s2_comparison/s2geometry/src/s2/s2coords.cc')
  
  Generating Code...
  Compiling...
  s2crossing_edge_query.cc
C:\OMT AC031 Womack remarkable carmack oculus master quest half-life 3 gabecube\aTOMos_v3_6_1_5_SATNAV_UGTS_Tom_Klootwijk\tmp\s2_comparison\s2geometry\src\s2\_fp_contract_off.h(51,9): warning C4068: unknown pragma 'STDC' [C:\aTOMosBuild\r15cuda\s2\s2.vcxproj]
  (compiling source file '../../../OMT%20AC031%20Womack%20remarkable%20carmack%20oculus%20master%20quest%20half-life%203%20gabecube/aTOMos_v3_6_1_5_SATNAV_UGTS_Tom_Klootwijk/tmp/s2_comparison/s2geometry/src/s2/s2crossing_edge_query.cc')
  
  s2debug.cc
C:\OMT AC031 Womack remarkable carmack oculus master quest half-life 3 gabecube\aTOMos_v3_6_1_5_SATNAV_UGTS_Tom_Klootwijk\tmp\s2_comparison\s2geometry\src\s2\_fp_contract_off.h(51,9): warning C4068: unknown pragma 'STDC' [C:\aTOMosBuild\r15cuda\s2\s2.vcxproj]
  (compiling source file '../../../OMT%20AC031%20Womack%20remarkable%20carmack%20oculus%20master%20quest%20half-life%203%20gabecube/aTOMos_v3_6_1_5_SATNAV_UGTS_Tom_Klootwijk/tmp/s2_comparison/s2geometry/src/s2/s2debug.cc')
  
  s2density_tree.cc
C:\OMT AC031 Womack remarkable carmack oculus master quest half-life 3 gabecube\aTOMos_v3_6_1_5_SATNAV_UGTS_Tom_Klootwijk\tmp\s2_comparison\s2geometry\src\s2\_fp_contract_off.h(51,9): warning C4068: unknown pragma 'STDC' [C:\aTOMosBuild\r15cuda\s2\s2.vcxproj]
  (compiling source file '../../../OMT%20AC031%20Womack%20remarkable%20carmack%20oculus%20master%20quest%20half-life%203%20gabecube/aTOMos_v3_6_1_5_SATNAV_UGTS_Tom_Klootwijk/tmp/s2_comparison/s2geometry/src/s2/s2density_tree.cc')
  
C:\OMT AC031 Womack remarkable carmack oculus master quest half-life 3 gabecube\aTOMos_v3_6_1_5_SATNAV_UGTS_Tom_Klootwijk\tmp\s2_comparison\s2geometry\src\s2\s2contains_point_query.h(385,17): warning C4805: '^=': unsafe mix of type 'bool' and type 'int' in operation [C:\aTOMosBuild\r15cuda\s2\s2.vcxproj]
  (compiling source file '../../../OMT%20AC031%20Womack%20remarkable%20carmack%20oculus%20master%20quest%20half-life%203%20gabecube/aTOMos_v3_6_1_5_SATNAV_UGTS_Tom_Klootwijk/tmp/s2_comparison/s2geometry/src/s2/s2density_tree.cc')
      C:\OMT AC031 Womack remarkable carmack oculus master quest half-life 3 gabecube\aTOMos_v3_6_1_5_SATNAV_UGTS_Tom_Klootwijk\tmp\s2_comparison\s2geometry\src\s2\s2contains_point_query.h(385,17):
      the template instantiation context (the oldest one first) is
          C:\OMT AC031 Womack remarkable carmack oculus master quest half-life 3 gabecube\aTOMos_v3_6_1_5_SATNAV_UGTS_Tom_Klootwijk\tmp\s2_comparison\s2geometry\src\s2\s2density_tree.h(467,38):
          see reference to class template instantiation 'S2ShapeIndexRegion<S2ShapeIndex>' being compiled
          C:\OMT AC031 Womack remarkable carmack oculus master quest half-life 3 gabecube\aTOMos_v3_6_1_5_SATNAV_UGTS_Tom_Klootwijk\tmp\s2_comparison\s2geometry\src\s2\s2shape_index_region.h(205,5):
          while compiling class template member function 'S2ShapeIndexRegion<S2ShapeIndex>::S2ShapeIndexRegion(const IndexType *)'
          with
          [
              IndexType=S2ShapeIndex
          ]
              C:\OMT AC031 Womack remarkable carmack oculus master quest half-life 3 gabecube\aTOMos_v3_6_1_5_SATNAV_UGTS_Tom_Klootwijk\tmp\s2_comparison\s2geometry\src\s2\s2density_tree.h(458,24):
              see the first reference to 'S2ShapeIndexRegion<S2ShapeIndex>::S2ShapeIndexRegion' in 'S2DensityTree::IndexCellWeightFunction::IndexCellWeightFunction'
          C:\OMT AC031 Womack remarkable carmack oculus master quest half-life 3 gabecube\aTOMos_v3_6_1_5_SATNAV_UGTS_Tom_Klootwijk\tmp\s2_comparison\s2geometry\src\s2\s2shape_index_region.h(209,70):
          while compiling class template member function 'const IndexType &S2ShapeIndexRegion<IndexType>::index(void) const'
          with
          [
              IndexType=S2ShapeIndex
          ]
              C:\OMT AC031 Womack remarkable carmack oculus master quest half-life 3 gabecube\aTOMos_v3_6_1_5_SATNAV_UGTS_Tom_Klootwijk\tmp\s2_comparison\s2geometry\src\s2\s2shape_index_region.h(334,7):
              see the first reference to 'S2ShapeIndexRegion<S2ShapeIndex>::index' in 'S2ShapeIndexRegion<S2ShapeIndex>::Contains'
          C:\OMT AC031 Womack remarkable carmack oculus master quest half-life 3 gabecube\aTOMos_v3_6_1_5_SATNAV_UGTS_Tom_Klootwijk\tmp\s2_comparison\s2geometry\src\s2\s2contains_point_query.h(354,78):
          while compiling class template member function 'bool S2ContainsPointQuery<IndexType>::ShapeContains(S2CellId,const S2ClippedShape &,const S2Point &) const'
          with
          [
              IndexType=S2ShapeIndex
          ]
              C:\OMT AC031 Womack remarkable carmack oculus master quest half-life 3 gabecube\aTOMos_v3_6_1_5_SATNAV_UGTS_Tom_Klootwijk\tmp\s2_comparison\s2geometry\src\s2\s2shape_index_region.h(310,3):
              see the first reference to 'S2ContainsPointQuery<IndexType>::ShapeContains' in 'S2ShapeIndexRegion<S2ShapeIndex>::Contains'
          with
          [
              IndexType=S2ShapeIndex
          ]
              C:\OMT AC031 Womack remarkable carmack oculus master quest half-life 3 gabecube\aTOMos_v3_6_1_5_SATNAV_UGTS_Tom_Klootwijk\tmp\s2_comparison\s2geometry\src\s2\s2shape_index_region.h(442,7):
              see the first reference to 'S2ShapeIndexRegion<S2ShapeIndex>::Contains' in 'S2ShapeIndexRegion<S2ShapeIndex>::Contains'
  
C:\OMT AC031 Womack remarkable carmack oculus master quest half-life 3 gabecube\aTOMos_v3_6_1_5_SATNAV_UGTS_Tom_Klootwijk\tmp\s2_comparison\s2geometry\src\s2\s2contains_point_query.h(385,17): warning C4805: '^': unsafe mix of type 'bool' and type 'int' in operation [C:\aTOMosBuild\r15cuda\s2\s2.vcxproj]
  (compiling source file '../../../OMT%20AC031%20Womack%20remarkable%20carmack%20oculus%20master%20quest%20half-life%203%20gabecube/aTOMos_v3_6_1_5_SATNAV_UGTS_Tom_Klootwijk/tmp/s2_comparison/s2geometry/src/s2/s2density_tree.cc')
  
  s2earth.cc
C:\OMT AC031 Womack remarkable carmack oculus master quest half-life 3 gabecube\aTOMos_v3_6_1_5_SATNAV_UGTS_Tom_Klootwijk\tmp\s2_comparison\s2geometry\src\s2\_fp_contract_off.h(51,9): warning C4068: unknown pragma 'STDC' [C:\aTOMosBuild\r15cuda\s2\s2.vcxproj]
  (compiling source file '../../../OMT%20AC031%20Womack%20remarkable%20carmack%20oculus%20master%20quest%20half-life%203%20gabecube/aTOMos_v3_6_1_5_SATNAV_UGTS_Tom_Klootwijk/tmp/s2_comparison/s2geometry/src/s2/s2earth.cc')
  
  s2edge_clipping.cc
C:\OMT AC031 Womack remarkable carmack oculus master quest half-life 3 gabecube\aTOMos_v3_6_1_5_SATNAV_UGTS_Tom_Klootwijk\tmp\s2_comparison\s2geometry\src\s2\_fp_contract_off.h(51,9): warning C4068: unknown pragma 'STDC' [C:\aTOMosBuild\r15cuda\s2\s2.vcxproj]
  (compiling source file '../../../OMT%20AC031%20Womack%20remarkable%20carmack%20oculus%20master%20quest%20half-life%203%20gabecube/aTOMos_v3_6_1_5_SATNAV_UGTS_Tom_Klootwijk/tmp/s2_comparison/s2geometry/src/s2/s2edge_clipping.cc')
  
  s2edge_crosser.cc
C:\OMT AC031 Womack remarkable carmack oculus master quest half-life 3 gabecube\aTOMos_v3_6_1_5_SATNAV_UGTS_Tom_Klootwijk\tmp\s2_comparison\s2geometry\src\s2\_fp_contract_off.h(51,9): warning C4068: unknown pragma 'STDC' [C:\aTOMosBuild\r15cuda\s2\s2.vcxproj]
  (compiling source file '../../../OMT%20AC031%20Womack%20remarkable%20carmack%20oculus%20master%20quest%20half-life%203%20gabecube/aTOMos_v3_6_1_5_SATNAV_UGTS_Tom_Klootwijk/tmp/s2_comparison/s2geometry/src/s2/s2edge_crosser.cc')
  
  s2edge_crossings.cc
C:\OMT AC031 Womack remarkable carmack oculus master quest half-life 3 gabecube\aTOMos_v3_6_1_5_SATNAV_UGTS_Tom_Klootwijk\tmp\s2_comparison\s2geometry\src\s2\_fp_contract_off.h(51,9): warning C4068: unknown pragma 'STDC' [C:\aTOMosBuild\r15cuda\s2\s2.vcxproj]
  (compiling source file '../../../OMT%20AC031%20Womack%20remarkable%20carmack%20oculus%20master%20quest%20half-life%203%20gabecube/aTOMos_v3_6_1_5_SATNAV_UGTS_Tom_Klootwijk/tmp/s2_comparison/s2geometry/src/s2/s2edge_crossings.cc')
  
  s2edge_distances.cc
C:\OMT AC031 Womack remarkable carmack oculus master quest half-life 3 gabecube\aTOMos_v3_6_1_5_SATNAV_UGTS_Tom_Klootwijk\tmp\s2_comparison\s2geometry\src\s2\_fp_contract_off.h(51,9): warning C4068: unknown pragma 'STDC' [C:\aTOMosBuild\r15cuda\s2\s2.vcxproj]
  (compiling source file '../../../OMT%20AC031%20Womack%20remarkable%20carmack%20oculus%20master%20quest%20half-life%203%20gabecube/aTOMos_v3_6_1_5_SATNAV_UGTS_Tom_Klootwijk/tmp/s2_comparison/s2geometry/src/s2/s2edge_distances.cc')
  
  s2edge_tessellator.cc
C:\OMT AC031 Womack remarkable carmack oculus master quest half-life 3 gabecube\aTOMos_v3_6_1_5_SATNAV_UGTS_Tom_Klootwijk\tmp\s2_comparison\s2geometry\src\s2\_fp_contract_off.h(51,9): warning C4068: unknown pragma 'STDC' [C:\aTOMosBuild\r15cuda\s2\s2.vcxproj]
  (compiling source file '../../../OMT%20AC031%20Womack%20remarkable%20carmack%20oculus%20master%20quest%20half-life%203%20gabecube/aTOMos_v3_6_1_5_SATNAV_UGTS_Tom_Klootwijk/tmp/s2_comparison/s2geometry/src/s2/s2edge_tessellator.cc')
  
  s2error.cc
C:\OMT AC031 Womack remarkable carmack oculus master quest half-life 3 gabecube\aTOMos_v3_6_1_5_SATNAV_UGTS_Tom_Klootwijk\tmp\s2_comparison\s2geometry\src\s2\_fp_contract_off.h(51,9): warning C4068: unknown pragma 'STDC' [C:\aTOMosBuild\r15cuda\s2\s2.vcxproj]
  (compiling source file '../../../OMT%20AC031%20Womack%20remarkable%20carmack%20oculus%20master%20quest%20half-life%203%20gabecube/aTOMos_v3_6_1_5_SATNAV_UGTS_Tom_Klootwijk/tmp/s2_comparison/s2geometry/src/s2/s2error.cc')
  
  s2fractal.cc
C:\OMT AC031 Womack remarkable carmack oculus master quest half-life 3 gabecube\aTOMos_v3_6_1_5_SATNAV_UGTS_Tom_Klootwijk\tmp\s2_comparison\s2geometry\src\s2\_fp_contract_off.h(51,9): warning C4068: unknown pragma 'STDC' [C:\aTOMosBuild\r15cuda\s2\s2.vcxproj]
  (compiling source file '../../../OMT%20AC031%20Womack%20remarkable%20carmack%20oculus%20master%20quest%20half-life%203%20gabecube/aTOMos_v3_6_1_5_SATNAV_UGTS_Tom_Klootwijk/tmp/s2_comparison/s2geometry/src/s2/s2fractal.cc')
  
  s2furthest_edge_query.cc
C:\OMT AC031 Womack remarkable carmack oculus master quest half-life 3 gabecube\aTOMos_v3_6_1_5_SATNAV_UGTS_Tom_Klootwijk\tmp\s2_comparison\s2geometry\src\s2\_fp_contract_off.h(51,9): warning C4068: unknown pragma 'STDC' [C:\aTOMosBuild\r15cuda\s2\s2.vcxproj]
  (compiling source file '../../../OMT%20AC031%20Womack%20remarkable%20carmack%20oculus%20master%20quest%20half-life%203%20gabecube/aTOMos_v3_6_1_5_SATNAV_UGTS_Tom_Klootwijk/tmp/s2_comparison/s2geometry/src/s2/s2furthest_edge_query.cc')
  
  s2hausdorff_distance_query.cc
C:\OMT AC031 Womack remarkable carmack oculus master quest half-life 3 gabecube\aTOMos_v3_6_1_5_SATNAV_UGTS_Tom_Klootwijk\tmp\s2_comparison\s2geometry\src\s2\_fp_contract_off.h(51,9): warning C4068: unknown pragma 'STDC' [C:\aTOMosBuild\r15cuda\s2\s2.vcxproj]
  (compiling source file '../../../OMT%20AC031%20Womack%20remarkable%20carmack%20oculus%20master%20quest%20half-life%203%20gabecube/aTOMos_v3_6_1_5_SATNAV_UGTS_Tom_Klootwijk/tmp/s2_comparison/s2geometry/src/s2/s2hausdorff_distance_query.cc')
  
  s2latlng.cc
C:\OMT AC031 Womack remarkable carmack oculus master quest half-life 3 gabecube\aTOMos_v3_6_1_5_SATNAV_UGTS_Tom_Klootwijk\tmp\s2_comparison\s2geometry\src\s2\_fp_contract_off.h(51,9): warning C4068: unknown pragma 'STDC' [C:\aTOMosBuild\r15cuda\s2\s2.vcxproj]
  (compiling source file '../../../OMT%20AC031%20Womack%20remarkable%20carmack%20oculus%20master%20quest%20half-life%203%20gabecube/aTOMos_v3_6_1_5_SATNAV_UGTS_Tom_Klootwijk/tmp/s2_comparison/s2geometry/src/s2/s2latlng.cc')
  
  s2latlng_rect.cc
C:\OMT AC031 Womack remarkable carmack oculus master quest half-life 3 gabecube\aTOMos_v3_6_1_5_SATNAV_UGTS_Tom_Klootwijk\tmp\s2_comparison\s2geometry\src\s2\_fp_contract_off.h(51,9): warning C4068: unknown pragma 'STDC' [C:\aTOMosBuild\r15cuda\s2\s2.vcxproj]
  (compiling source file '../../../OMT%20AC031%20Womack%20remarkable%20carmack%20oculus%20master%20quest%20half-life%203%20gabecube/aTOMos_v3_6_1_5_SATNAV_UGTS_Tom_Klootwijk/tmp/s2_comparison/s2geometry/src/s2/s2latlng_rect.cc')
  
  s2latlng_rect_bounder.cc
C:\OMT AC031 Womack remarkable carmack oculus master quest half-life 3 gabecube\aTOMos_v3_6_1_5_SATNAV_UGTS_Tom_Klootwijk\tmp\s2_comparison\s2geometry\src\s2\_fp_contract_off.h(51,9): warning C4068: unknown pragma 'STDC' [C:\aTOMosBuild\r15cuda\s2\s2.vcxproj]
  (compiling source file '../../../OMT%20AC031%20Womack%20remarkable%20carmack%20oculus%20master%20quest%20half-life%203%20gabecube/aTOMos_v3_6_1_5_SATNAV_UGTS_Tom_Klootwijk/tmp/s2_comparison/s2geometry/src/s2/s2latlng_rect_bounder.cc')
  
  s2lax_loop_shape.cc
C:\OMT AC031 Womack remarkable carmack oculus master quest half-life 3 gabecube\aTOMos_v3_6_1_5_SATNAV_UGTS_Tom_Klootwijk\tmp\s2_comparison\s2geometry\src\s2\_fp_contract_off.h(51,9): warning C4068: unknown pragma 'STDC' [C:\aTOMosBuild\r15cuda\s2\s2.vcxproj]
  (compiling source file '../../../OMT%20AC031%20Womack%20remarkable%20carmack%20oculus%20master%20quest%20half-life%203%20gabecube/aTOMos_v3_6_1_5_SATNAV_UGTS_Tom_Klootwijk/tmp/s2_comparison/s2geometry/src/s2/s2lax_loop_shape.cc')
  
  s2lax_polygon_shape.cc
C:\OMT AC031 Womack remarkable carmack oculus master quest half-life 3 gabecube\aTOMos_v3_6_1_5_SATNAV_UGTS_Tom_Klootwijk\tmp\s2_comparison\s2geometry\src\s2\_fp_contract_off.h(51,9): warning C4068: unknown pragma 'STDC' [C:\aTOMosBuild\r15cuda\s2\s2.vcxproj]
  (compiling source file '../../../OMT%20AC031%20Womack%20remarkable%20carmack%20oculus%20master%20quest%20half-life%203%20gabecube/aTOMos_v3_6_1_5_SATNAV_UGTS_Tom_Klootwijk/tmp/s2_comparison/s2geometry/src/s2/s2lax_polygon_shape.cc')
  
C:\Program Files (x86)\Microsoft Visual Studio\2022\BuildTools\VC\Tools\MSVC\14.44.35207\include\type_traits(2388,54): warning C4018: '<': signed/unsigned mismatch [C:\aTOMosBuild\r15cuda\s2\s2.vcxproj]
  (compiling source file '../../../OMT%20AC031%20Womack%20remarkable%20carmack%20oculus%20master%20quest%20half-life%203%20gabecube/aTOMos_v3_6_1_5_SATNAV_UGTS_Tom_Klootwijk/tmp/s2_comparison/s2geometry/src/s2/s2lax_polygon_shape.cc')
      C:\Program Files (x86)\Microsoft Visual Studio\2022\BuildTools\VC\Tools\MSVC\14.44.35207\include\type_traits(2388,54):
      the template instantiation context (the oldest one first) is
          C:\OMT AC031 Womack remarkable carmack oculus master quest half-life 3 gabecube\aTOMos_v3_6_1_5_SATNAV_UGTS_Tom_Klootwijk\tmp\s2_comparison\s2geometry\src\s2\s2polygon.h(943,18):
          see reference to function template instantiation '_FwdIt *std::upper_bound<const uint32_t*,int>(_FwdIt,_FwdIt,const _Ty &)' being compiled
          with
          [
              _FwdIt=const uint32_t *,
              _Ty=int
          ]
          C:\Program Files (x86)\Microsoft Visual Studio\2022\BuildTools\VC\Tools\MSVC\14.44.35207\include\xutility(7486,17):
          see reference to function template instantiation '_FwdIt *std::upper_bound<_FwdIt,_Ty,std::less<void>>(_FwdIt,_FwdIt,const _Ty &,_Pr)' being compiled
          with
          [
              _FwdIt=const uint32_t *,
              _Ty=int,
              _Pr=std::less<void>
          ]
          C:\Program Files (x86)\Microsoft Visual Studio\2022\BuildTools\VC\Tools\MSVC\14.44.35207\include\xutility(7471,13):
          while compiling class template member function 'bool std::less<void>::operator ()<const _Ty&,const uint32_t&>(_Ty1,_Ty2) noexcept(<expr>) const'
          with
          [
              _Ty=int,
              _Ty1=const int &,
              _Ty2=const uint32_t &
          ]
  
C:\Program Files (x86)\Microsoft Visual Studio\2022\BuildTools\VC\Tools\MSVC\14.44.35207\include\type_traits(2390,43): warning C4018: '<': signed/unsigned mismatch [C:\aTOMosBuild\r15cuda\s2\s2.vcxproj]
  (compiling source file '../../../OMT%20AC031%20Womack%20remarkable%20carmack%20oculus%20master%20quest%20half-life%203%20gabecube/aTOMos_v3_6_1_5_SATNAV_UGTS_Tom_Klootwijk/tmp/s2_comparison/s2geometry/src/s2/s2lax_polygon_shape.cc')
      C:\Program Files (x86)\Microsoft Visual Studio\2022\BuildTools\VC\Tools\MSVC\14.44.35207\include\type_traits(2390,43):
      the template instantiation context (the oldest one first) is
          C:\Program Files (x86)\Microsoft Visual Studio\2022\BuildTools\VC\Tools\MSVC\14.44.35207\include\xutility(7486,17):
          see reference to function template instantiation '_FwdIt *std::upper_bound<_FwdIt,_Ty,std::less<void>>(_FwdIt,_FwdIt,const _Ty &,_Pr)' being compiled
          with
          [
              _FwdIt=const uint32_t *,
              _Ty=int,
              _Pr=std::less<void>
          ]
          C:\Program Files (x86)\Microsoft Visual Studio\2022\BuildTools\VC\Tools\MSVC\14.44.35207\include\xutility(7471,13):
          see reference to function template instantiation 'bool std::less<void>::operator ()<const _Ty&,const uint32_t&>(_Ty1,_Ty2) noexcept const' being compiled
          with
          [
              _Ty=int,
              _Ty1=const int &,
              _Ty2=const uint32_t &
          ]
  
  s2lax_polyline_shape.cc
C:\OMT AC031 Womack remarkable carmack oculus master quest half-life 3 gabecube\aTOMos_v3_6_1_5_SATNAV_UGTS_Tom_Klootwijk\tmp\s2_comparison\s2geometry\src\s2\_fp_contract_off.h(51,9): warning C4068: unknown pragma 'STDC' [C:\aTOMosBuild\r15cuda\s2\s2.vcxproj]
  (compiling source file '../../../OMT%20AC031%20Womack%20remarkable%20carmack%20oculus%20master%20quest%20half-life%203%20gabecube/aTOMos_v3_6_1_5_SATNAV_UGTS_Tom_Klootwijk/tmp/s2_comparison/s2geometry/src/s2/s2lax_polyline_shape.cc')
  
  s2loop.cc
C:\OMT AC031 Womack remarkable carmack oculus master quest half-life 3 gabecube\aTOMos_v3_6_1_5_SATNAV_UGTS_Tom_Klootwijk\tmp\s2_comparison\s2geometry\src\s2\_fp_contract_off.h(51,9): warning C4068: unknown pragma 'STDC' [C:\aTOMosBuild\r15cuda\s2\s2.vcxproj]
  (compiling source file '../../../OMT%20AC031%20Womack%20remarkable%20carmack%20oculus%20master%20quest%20half-life%203%20gabecube/aTOMos_v3_6_1_5_SATNAV_UGTS_Tom_Klootwijk/tmp/s2_comparison/s2geometry/src/s2/s2loop.cc')
  
C:\OMT AC031 Womack remarkable carmack oculus master quest half-life 3 gabecube\aTOMos_v3_6_1_5_SATNAV_UGTS_Tom_Klootwijk\tmp\s2_comparison\s2geometry\src\s2\s2loop.cc(971,34): warning C4805: '==': unsafe mix of type 'bool' and type 'int' in operation [C:\aTOMosBuild\r15cuda\s2\s2.vcxproj]
C:\OMT AC031 Womack remarkable carmack oculus master quest half-life 3 gabecube\aTOMos_v3_6_1_5_SATNAV_UGTS_Tom_Klootwijk\tmp\s2_comparison\s2geometry\src\s2\s2loop.cc(976,38): warning C4805: '==': unsafe mix of type 'bool' and type 'int' in operation [C:\aTOMosBuild\r15cuda\s2\s2.vcxproj]
C:\OMT AC031 Womack remarkable carmack oculus master quest half-life 3 gabecube\aTOMos_v3_6_1_5_SATNAV_UGTS_Tom_Klootwijk\tmp\s2_comparison\s2geometry\src\s2\s2loop.cc(1018,57): warning C4805: '==': unsafe mix of type 'bool' and type 'int' in operation [C:\aTOMosBuild\r15cuda\s2\s2.vcxproj]
C:\OMT AC031 Womack remarkable carmack oculus master quest half-life 3 gabecube\aTOMos_v3_6_1_5_SATNAV_UGTS_Tom_Klootwijk\tmp\s2_comparison\s2geometry\src\s2\s2loop.cc(1019,57): warning C4805: '==': unsafe mix of type 'bool' and type 'int' in operation [C:\aTOMosBuild\r15cuda\s2\s2.vcxproj]
  Generating Code...
  Compiling...
  s2loop_measures.cc
C:\OMT AC031 Womack remarkable carmack oculus master quest half-life 3 gabecube\aTOMos_v3_6_1_5_SATNAV_UGTS_Tom_Klootwijk\tmp\s2_comparison\s2geometry\src\s2\_fp_contract_off.h(51,9): warning C4068: unknown pragma 'STDC' [C:\aTOMosBuild\r15cuda\s2\s2.vcxproj]
  (compiling source file '../../../OMT%20AC031%20Womack%20remarkable%20carmack%20oculus%20master%20quest%20half-life%203%20gabecube/aTOMos_v3_6_1_5_SATNAV_UGTS_Tom_Klootwijk/tmp/s2_comparison/s2geometry/src/s2/s2loop_measures.cc')
  
  s2max_distance_targets.cc
C:\OMT AC031 Womack remarkable carmack oculus master quest half-life 3 gabecube\aTOMos_v3_6_1_5_SATNAV_UGTS_Tom_Klootwijk\tmp\s2_comparison\s2geometry\src\s2\_fp_contract_off.h(51,9): warning C4068: unknown pragma 'STDC' [C:\aTOMosBuild\r15cuda\s2\s2.vcxproj]
  (compiling source file '../../../OMT%20AC031%20Womack%20remarkable%20carmack%20oculus%20master%20quest%20half-life%203%20gabecube/aTOMos_v3_6_1_5_SATNAV_UGTS_Tom_Klootwijk/tmp/s2_comparison/s2geometry/src/s2/s2max_distance_targets.cc')
  
C:\OMT AC031 Womack remarkable carmack oculus master quest half-life 3 gabecube\aTOMos_v3_6_1_5_SATNAV_UGTS_Tom_Klootwijk\tmp\s2_comparison\s2geometry\src\s2\s2contains_point_query.h(385,17): warning C4805: '^=': unsafe mix of type 'bool' and type 'int' in operation [C:\aTOMosBuild\r15cuda\s2\s2.vcxproj]
  (compiling source file '../../../OMT%20AC031%20Womack%20remarkable%20carmack%20oculus%20master%20quest%20half-life%203%20gabecube/aTOMos_v3_6_1_5_SATNAV_UGTS_Tom_Klootwijk/tmp/s2_comparison/s2geometry/src/s2/s2max_distance_targets.cc')
      C:\OMT AC031 Womack remarkable carmack oculus master quest half-life 3 gabecube\aTOMos_v3_6_1_5_SATNAV_UGTS_Tom_Klootwijk\tmp\s2_comparison\s2geometry\src\s2\s2contains_point_query.h(385,17):
      the template instantiation context (the oldest one first) is
          C:\OMT AC031 Womack remarkable carmack oculus master quest half-life 3 gabecube\aTOMos_v3_6_1_5_SATNAV_UGTS_Tom_Klootwijk\tmp\s2_comparison\s2geometry\src\s2\s2max_distance_targets.cc(71,30):
          see reference to class template instantiation 'S2ContainsPointQuery<S2ShapeIndex>' being compiled
          C:\OMT AC031 Womack remarkable carmack oculus master quest half-life 3 gabecube\aTOMos_v3_6_1_5_SATNAV_UGTS_Tom_Klootwijk\tmp\s2_comparison\s2geometry\src\s2\s2contains_point_query.h(238,5):
          while compiling class template member function 'S2ContainsPointQuery<S2ShapeIndex>::S2ContainsPointQuery(const IndexType *,const S2ContainsPointQuery<IndexType>::Options &)'
          with
          [
              IndexType=S2ShapeIndex
          ]
              C:\OMT AC031 Womack remarkable carmack oculus master quest half-life 3 gabecube\aTOMos_v3_6_1_5_SATNAV_UGTS_Tom_Klootwijk\tmp\s2_comparison\s2geometry\src\s2\s2max_distance_targets.cc(71,3):
              see the first reference to 'S2ContainsPointQuery<S2ShapeIndex>::S2ContainsPointQuery' in 'S2MaxDistancePointTarget::VisitContainingShapeIds'
          C:\OMT AC031 Womack remarkable carmack oculus master quest half-life 3 gabecube\aTOMos_v3_6_1_5_SATNAV_UGTS_Tom_Klootwijk\tmp\s2_comparison\s2geometry\src\s2\s2contains_point_query.h(354,78):
          while compiling class template member function 'bool S2ContainsPointQuery<S2ShapeIndex>::ShapeContains(S2CellId,const S2ClippedShape &,const S2Point &) const'
              C:\OMT AC031 Womack remarkable carmack oculus master quest half-life 3 gabecube\aTOMos_v3_6_1_5_SATNAV_UGTS_Tom_Klootwijk\tmp\s2_comparison\s2geometry\src\s2\s2contains_point_query.h(290,5):
              see the first reference to 'S2ContainsPointQuery<S2ShapeIndex>::ShapeContains' in 'S2ContainsPointQuery<S2ShapeIndex>::VisitContainingShapeIds'
              C:\OMT AC031 Womack remarkable carmack oculus master quest half-life 3 gabecube\aTOMos_v3_6_1_5_SATNAV_UGTS_Tom_Klootwijk\tmp\s2_comparison\s2geometry\src\s2\s2max_distance_targets.cc(71,3):
              see the first reference to 'S2ContainsPointQuery<S2ShapeIndex>::VisitContainingShapeIds' in 'S2MaxDistancePointTarget::VisitContainingShapeIds'
  
C:\OMT AC031 Womack remarkable carmack oculus master quest half-life 3 gabecube\aTOMos_v3_6_1_5_SATNAV_UGTS_Tom_Klootwijk\tmp\s2_comparison\s2geometry\src\s2\s2contains_point_query.h(385,17): warning C4805: '^': unsafe mix of type 'bool' and type 'int' in operation [C:\aTOMosBuild\r15cuda\s2\s2.vcxproj]
  (compiling source file '../../../OMT%20AC031%20Womack%20remarkable%20carmack%20oculus%20master%20quest%20half-life%203%20gabecube/aTOMos_v3_6_1_5_SATNAV_UGTS_Tom_Klootwijk/tmp/s2_comparison/s2geometry/src/s2/s2max_distance_targets.cc')
  
  s2measures.cc
C:\OMT AC031 Womack remarkable carmack oculus master quest half-life 3 gabecube\aTOMos_v3_6_1_5_SATNAV_UGTS_Tom_Klootwijk\tmp\s2_comparison\s2geometry\src\s2\_fp_contract_off.h(51,9): warning C4068: unknown pragma 'STDC' [C:\aTOMosBuild\r15cuda\s2\s2.vcxproj]
  (compiling source file '../../../OMT%20AC031%20Womack%20remarkable%20carmack%20oculus%20master%20quest%20half-life%203%20gabecube/aTOMos_v3_6_1_5_SATNAV_UGTS_Tom_Klootwijk/tmp/s2_comparison/s2geometry/src/s2/s2measures.cc')
  
  s2memory_tracker.cc
C:\OMT AC031 Womack remarkable carmack oculus master quest half-life 3 gabecube\aTOMos_v3_6_1_5_SATNAV_UGTS_Tom_Klootwijk\tmp\s2_comparison\s2geometry\src\s2\_fp_contract_off.h(51,9): warning C4068: unknown pragma 'STDC' [C:\aTOMosBuild\r15cuda\s2\s2.vcxproj]
  (compiling source file '../../../OMT%20AC031%20Womack%20remarkable%20carmack%20oculus%20master%20quest%20half-life%203%20gabecube/aTOMos_v3_6_1_5_SATNAV_UGTS_Tom_Klootwijk/tmp/s2_comparison/s2geometry/src/s2/s2memory_tracker.cc')
  
  s2metrics.cc
C:\OMT AC031 Womack remarkable carmack oculus master quest half-life 3 gabecube\aTOMos_v3_6_1_5_SATNAV_UGTS_Tom_Klootwijk\tmp\s2_comparison\s2geometry\src\s2\_fp_contract_off.h(51,9): warning C4068: unknown pragma 'STDC' [C:\aTOMosBuild\r15cuda\s2\s2.vcxproj]
  (compiling source file '../../../OMT%20AC031%20Womack%20remarkable%20carmack%20oculus%20master%20quest%20half-life%203%20gabecube/aTOMos_v3_6_1_5_SATNAV_UGTS_Tom_Klootwijk/tmp/s2_comparison/s2geometry/src/s2/s2metrics.cc')
  
  s2min_distance_targets.cc
C:\OMT AC031 Womack remarkable carmack oculus master quest half-life 3 gabecube\aTOMos_v3_6_1_5_SATNAV_UGTS_Tom_Klootwijk\tmp\s2_comparison\s2geometry\src\s2\_fp_contract_off.h(51,9): warning C4068: unknown pragma 'STDC' [C:\aTOMosBuild\r15cuda\s2\s2.vcxproj]
  (compiling source file '../../../OMT%20AC031%20Womack%20remarkable%20carmack%20oculus%20master%20quest%20half-life%203%20gabecube/aTOMos_v3_6_1_5_SATNAV_UGTS_Tom_Klootwijk/tmp/s2_comparison/s2geometry/src/s2/s2min_distance_targets.cc')
  
C:\OMT AC031 Womack remarkable carmack oculus master quest half-life 3 gabecube\aTOMos_v3_6_1_5_SATNAV_UGTS_Tom_Klootwijk\tmp\s2_comparison\s2geometry\src\s2\s2contains_point_query.h(385,17): warning C4805: '^=': unsafe mix of type 'bool' and type 'int' in operation [C:\aTOMosBuild\r15cuda\s2\s2.vcxproj]
  (compiling source file '../../../OMT%20AC031%20Womack%20remarkable%20carmack%20oculus%20master%20quest%20half-life%203%20gabecube/aTOMos_v3_6_1_5_SATNAV_UGTS_Tom_Klootwijk/tmp/s2_comparison/s2geometry/src/s2/s2min_distance_targets.cc')
      C:\OMT AC031 Womack remarkable carmack oculus master quest half-life 3 gabecube\aTOMos_v3_6_1_5_SATNAV_UGTS_Tom_Klootwijk\tmp\s2_comparison\s2geometry\src\s2\s2contains_point_query.h(385,17):
      the template instantiation context (the oldest one first) is
          C:\OMT AC031 Womack remarkable carmack oculus master quest half-life 3 gabecube\aTOMos_v3_6_1_5_SATNAV_UGTS_Tom_Klootwijk\tmp\s2_comparison\s2geometry\src\s2\s2min_distance_targets.cc(66,30):
          see reference to class template instantiation 'S2ContainsPointQuery<S2ShapeIndex>' being compiled
          C:\OMT AC031 Womack remarkable carmack oculus master quest half-life 3 gabecube\aTOMos_v3_6_1_5_SATNAV_UGTS_Tom_Klootwijk\tmp\s2_comparison\s2geometry\src\s2\s2contains_point_query.h(238,5):
          while compiling class template member function 'S2ContainsPointQuery<S2ShapeIndex>::S2ContainsPointQuery(const IndexType *,const S2ContainsPointQuery<IndexType>::Options &)'
          with
          [
              IndexType=S2ShapeIndex
          ]
              C:\OMT AC031 Womack remarkable carmack oculus master quest half-life 3 gabecube\aTOMos_v3_6_1_5_SATNAV_UGTS_Tom_Klootwijk\tmp\s2_comparison\s2geometry\src\s2\s2min_distance_targets.cc(66,3):
              see the first reference to 'S2ContainsPointQuery<S2ShapeIndex>::S2ContainsPointQuery' in 'S2MinDistancePointTarget::VisitContainingShapeIds'
          C:\OMT AC031 Womack remarkable carmack oculus master quest half-life 3 gabecube\aTOMos_v3_6_1_5_SATNAV_UGTS_Tom_Klootwijk\tmp\s2_comparison\s2geometry\src\s2\s2contains_point_query.h(354,78):
          while compiling class template member function 'bool S2ContainsPointQuery<S2ShapeIndex>::ShapeContains(S2CellId,const S2ClippedShape &,const S2Point &) const'
              C:\OMT AC031 Womack remarkable carmack oculus master quest half-life 3 gabecube\aTOMos_v3_6_1_5_SATNAV_UGTS_Tom_Klootwijk\tmp\s2_comparison\s2geometry\src\s2\s2contains_point_query.h(290,5):
              see the first reference to 'S2ContainsPointQuery<S2ShapeIndex>::ShapeContains' in 'S2ContainsPointQuery<S2ShapeIndex>::VisitContainingShapeIds'
              C:\OMT AC031 Womack remarkable carmack oculus master quest half-life 3 gabecube\aTOMos_v3_6_1_5_SATNAV_UGTS_Tom_Klootwijk\tmp\s2_comparison\s2geometry\src\s2\s2min_distance_targets.cc(66,3):
              see the first reference to 'S2ContainsPointQuery<S2ShapeIndex>::VisitContainingShapeIds' in 'S2MinDistancePointTarget::VisitContainingShapeIds'
  
C:\OMT AC031 Womack remarkable carmack oculus master quest half-life 3 gabecube\aTOMos_v3_6_1_5_SATNAV_UGTS_Tom_Klootwijk\tmp\s2_comparison\s2geometry\src\s2\s2contains_point_query.h(385,17): warning C4805: '^': unsafe mix of type 'bool' and type 'int' in operation [C:\aTOMosBuild\r15cuda\s2\s2.vcxproj]
  (compiling source file '../../../OMT%20AC031%20Womack%20remarkable%20carmack%20oculus%20master%20quest%20half-life%203%20gabecube/aTOMos_v3_6_1_5_SATNAV_UGTS_Tom_Klootwijk/tmp/s2_comparison/s2geometry/src/s2/s2min_distance_targets.cc')
  
  s2padded_cell.cc
C:\OMT AC031 Womack remarkable carmack oculus master quest half-life 3 gabecube\aTOMos_v3_6_1_5_SATNAV_UGTS_Tom_Klootwijk\tmp\s2_comparison\s2geometry\src\s2\_fp_contract_off.h(51,9): warning C4068: unknown pragma 'STDC' [C:\aTOMosBuild\r15cuda\s2\s2.vcxproj]
  (compiling source file '../../../OMT%20AC031%20Womack%20remarkable%20carmack%20oculus%20master%20quest%20half-life%203%20gabecube/aTOMos_v3_6_1_5_SATNAV_UGTS_Tom_Klootwijk/tmp/s2_comparison/s2geometry/src/s2/s2padded_cell.cc')
  
  s2point_compression.cc
C:\OMT AC031 Womack remarkable carmack oculus master quest half-life 3 gabecube\aTOMos_v3_6_1_5_SATNAV_UGTS_Tom_Klootwijk\tmp\s2_comparison\s2geometry\src\s2\_fp_contract_off.h(51,9): warning C4068: unknown pragma 'STDC' [C:\aTOMosBuild\r15cuda\s2\s2.vcxproj]
  (compiling source file '../../../OMT%20AC031%20Womack%20remarkable%20carmack%20oculus%20master%20quest%20half-life%203%20gabecube/aTOMos_v3_6_1_5_SATNAV_UGTS_Tom_Klootwijk/tmp/s2_comparison/s2geometry/src/s2/s2point_compression.cc')
  
  s2point_region.cc
C:\OMT AC031 Womack remarkable carmack oculus master quest half-life 3 gabecube\aTOMos_v3_6_1_5_SATNAV_UGTS_Tom_Klootwijk\tmp\s2_comparison\s2geometry\src\s2\_fp_contract_off.h(51,9): warning C4068: unknown pragma 'STDC' [C:\aTOMosBuild\r15cuda\s2\s2.vcxproj]
  (compiling source file '../../../OMT%20AC031%20Womack%20remarkable%20carmack%20oculus%20master%20quest%20half-life%203%20gabecube/aTOMos_v3_6_1_5_SATNAV_UGTS_Tom_Klootwijk/tmp/s2_comparison/s2geometry/src/s2/s2point_region.cc')
  
  s2pointutil.cc
C:\OMT AC031 Womack remarkable carmack oculus master quest half-life 3 gabecube\aTOMos_v3_6_1_5_SATNAV_UGTS_Tom_Klootwijk\tmp\s2_comparison\s2geometry\src\s2\_fp_contract_off.h(51,9): warning C4068: unknown pragma 'STDC' [C:\aTOMosBuild\r15cuda\s2\s2.vcxproj]
  (compiling source file '../../../OMT%20AC031%20Womack%20remarkable%20carmack%20oculus%20master%20quest%20half-life%203%20gabecube/aTOMos_v3_6_1_5_SATNAV_UGTS_Tom_Klootwijk/tmp/s2_comparison/s2geometry/src/s2/s2pointutil.cc')
  
  s2polygon.cc
C:\OMT AC031 Womack remarkable carmack oculus master quest half-life 3 gabecube\aTOMos_v3_6_1_5_SATNAV_UGTS_Tom_Klootwijk\tmp\s2_comparison\s2geometry\src\s2\_fp_contract_off.h(51,9): warning C4068: unknown pragma 'STDC' [C:\aTOMosBuild\r15cuda\s2\s2.vcxproj]
  (compiling source file '../../../OMT%20AC031%20Womack%20remarkable%20carmack%20oculus%20master%20quest%20half-life%203%20gabecube/aTOMos_v3_6_1_5_SATNAV_UGTS_Tom_Klootwijk/tmp/s2_comparison/s2geometry/src/s2/s2polygon.cc')
  
C:\Program Files (x86)\Microsoft Visual Studio\2022\BuildTools\VC\Tools\MSVC\14.44.35207\include\type_traits(2388,54): warning C4018: '<': signed/unsigned mismatch [C:\aTOMosBuild\r15cuda\s2\s2.vcxproj]
  (compiling source file '../../../OMT%20AC031%20Womack%20remarkable%20carmack%20oculus%20master%20quest%20half-life%203%20gabecube/aTOMos_v3_6_1_5_SATNAV_UGTS_Tom_Klootwijk/tmp/s2_comparison/s2geometry/src/s2/s2polygon.cc')
      C:\Program Files (x86)\Microsoft Visual Studio\2022\BuildTools\VC\Tools\MSVC\14.44.35207\include\type_traits(2388,54):
      the template instantiation context (the oldest one first) is
          C:\OMT AC031 Womack remarkable carmack oculus master quest half-life 3 gabecube\aTOMos_v3_6_1_5_SATNAV_UGTS_Tom_Klootwijk\tmp\s2_comparison\s2geometry\src\s2\s2polygon.h(943,18):
          see reference to function template instantiation '_FwdIt *std::upper_bound<const uint32_t*,int>(_FwdIt,_FwdIt,const _Ty &)' being compiled
          with
          [
              _FwdIt=const uint32_t *,
              _Ty=int
          ]
          C:\Program Files (x86)\Microsoft Visual Studio\2022\BuildTools\VC\Tools\MSVC\14.44.35207\include\xutility(7486,17):
          see reference to function template instantiation '_FwdIt *std::upper_bound<_FwdIt,_Ty,std::less<void>>(_FwdIt,_FwdIt,const _Ty &,_Pr)' being compiled
          with
          [
              _FwdIt=const uint32_t *,
              _Ty=int,
              _Pr=std::less<void>
          ]
          C:\Program Files (x86)\Microsoft Visual Studio\2022\BuildTools\VC\Tools\MSVC\14.44.35207\include\xutility(7471,13):
          while compiling class template member function 'bool std::less<void>::operator ()<const _Ty&,const uint32_t&>(_Ty1,_Ty2) noexcept(<expr>) const'
          with
          [
              _Ty=int,
              _Ty1=const int &,
              _Ty2=const uint32_t &
          ]
  
C:\OMT AC031 Womack remarkable carmack oculus master quest half-life 3 gabecube\aTOMos_v3_6_1_5_SATNAV_UGTS_Tom_Klootwijk\tmp\s2_comparison\s2geometry\src\s2\s2contains_point_query.h(385,17): warning C4805: '^=': unsafe mix of type 'bool' and type 'int' in operation [C:\aTOMosBuild\r15cuda\s2\s2.vcxproj]
  (compiling source file '../../../OMT%20AC031%20Womack%20remarkable%20carmack%20oculus%20master%20quest%20half-life%203%20gabecube/aTOMos_v3_6_1_5_SATNAV_UGTS_Tom_Klootwijk/tmp/s2_comparison/s2geometry/src/s2/s2polygon.cc')
      C:\OMT AC031 Womack remarkable carmack oculus master quest half-life 3 gabecube\aTOMos_v3_6_1_5_SATNAV_UGTS_Tom_Klootwijk\tmp\s2_comparison\s2geometry\src\s2\s2contains_point_query.h(385,17):
      the template instantiation context (the oldest one first) is
          C:\OMT AC031 Womack remarkable carmack oculus master quest half-life 3 gabecube\aTOMos_v3_6_1_5_SATNAV_UGTS_Tom_Klootwijk\tmp\s2_comparison\s2geometry\src\s2\s2polygon.cc(293,43):
          see reference to class template instantiation 'S2LegacyValidQuery<MutableS2ShapeIndex>' being compiled
          C:\OMT AC031 Womack remarkable carmack oculus master quest half-life 3 gabecube\aTOMos_v3_6_1_5_SATNAV_UGTS_Tom_Klootwijk\tmp\s2_comparison\s2geometry\src\s2\s2validation_query.h(552,41):
          see reference to class template instantiation 'S2ValidQuery<IndexType>' being compiled
          with
          [
              IndexType=MutableS2ShapeIndex
          ]
          C:\OMT AC031 Womack remarkable carmack oculus master quest half-life 3 gabecube\aTOMos_v3_6_1_5_SATNAV_UGTS_Tom_Klootwijk\tmp\s2_comparison\s2geometry\src\s2\s2validation_query.h(1178,67):
          while compiling class template member function 'bool S2ValidQuery<IndexType>::Finish(S2Error *)'
          with
          [
              IndexType=MutableS2ShapeIndex
          ]
          C:\OMT AC031 Womack remarkable carmack oculus master quest half-life 3 gabecube\aTOMos_v3_6_1_5_SATNAV_UGTS_Tom_Klootwijk\tmp\s2_comparison\s2geometry\src\s2\s2contains_point_query.h(354,78):
          while compiling class template member function 'bool S2ContainsPointQuery<IndexType>::ShapeContains(S2CellId,const S2ClippedShape &,const S2Point &) const'
          with
          [
              IndexType=MutableS2ShapeIndex
          ]
              C:\OMT AC031 Womack remarkable carmack oculus master quest half-life 3 gabecube\aTOMos_v3_6_1_5_SATNAV_UGTS_Tom_Klootwijk\tmp\s2_comparison\s2geometry\src\s2\s2contains_point_query.h(262,5):
              see the first reference to 'S2ContainsPointQuery<IndexType>::ShapeContains' in 'S2ContainsPointQuery<IndexType>::Contains'
          with
          [
              IndexType=MutableS2ShapeIndex
          ]
              C:\OMT AC031 Womack remarkable carmack oculus master quest half-life 3 gabecube\aTOMos_v3_6_1_5_SATNAV_UGTS_Tom_Klootwijk\tmp\s2_comparison\s2geometry\src\s2\s2polygon.cc(728,3):
              see the first reference to 'S2ContainsPointQuery<IndexType>::Contains' in 'S2Polygon::Contains'
          with
          [
              IndexType=MutableS2ShapeIndex
          ]
  
C:\OMT AC031 Womack remarkable carmack oculus master quest half-life 3 gabecube\aTOMos_v3_6_1_5_SATNAV_UGTS_Tom_Klootwijk\tmp\s2_comparison\s2geometry\src\s2\s2contains_point_query.h(385,17): warning C4805: '^': unsafe mix of type 'bool' and type 'int' in operation [C:\aTOMosBuild\r15cuda\s2\s2.vcxproj]
  (compiling source file '../../../OMT%20AC031%20Womack%20remarkable%20carmack%20oculus%20master%20quest%20half-life%203%20gabecube/aTOMos_v3_6_1_5_SATNAV_UGTS_Tom_Klootwijk/tmp/s2_comparison/s2geometry/src/s2/s2polygon.cc')
  
C:\Program Files (x86)\Microsoft Visual Studio\2022\BuildTools\VC\Tools\MSVC\14.44.35207\include\type_traits(2390,43): warning C4018: '<': signed/unsigned mismatch [C:\aTOMosBuild\r15cuda\s2\s2.vcxproj]
  (compiling source file '../../../OMT%20AC031%20Womack%20remarkable%20carmack%20oculus%20master%20quest%20half-life%203%20gabecube/aTOMos_v3_6_1_5_SATNAV_UGTS_Tom_Klootwijk/tmp/s2_comparison/s2geometry/src/s2/s2polygon.cc')
      C:\Program Files (x86)\Microsoft Visual Studio\2022\BuildTools\VC\Tools\MSVC\14.44.35207\include\type_traits(2390,43):
      the template instantiation context (the oldest one first) is
          C:\Program Files (x86)\Microsoft Visual Studio\2022\BuildTools\VC\Tools\MSVC\14.44.35207\include\xutility(7486,17):
          see reference to function template instantiation '_FwdIt *std::upper_bound<_FwdIt,_Ty,std::less<void>>(_FwdIt,_FwdIt,const _Ty &,_Pr)' being compiled
          with
          [
              _FwdIt=const uint32_t *,
              _Ty=int,
              _Pr=std::less<void>
          ]
          C:\Program Files (x86)\Microsoft Visual Studio\2022\BuildTools\VC\Tools\MSVC\14.44.35207\include\xutility(7471,13):
          see reference to function template instantiation 'bool std::less<void>::operator ()<const _Ty&,const uint32_t&>(_Ty1,_Ty2) noexcept const' being compiled
          with
          [
              _Ty=int,
              _Ty1=const int &,
              _Ty2=const uint32_t &
          ]
  
  s2polyline.cc
C:\OMT AC031 Womack remarkable carmack oculus master quest half-life 3 gabecube\aTOMos_v3_6_1_5_SATNAV_UGTS_Tom_Klootwijk\tmp\s2_comparison\s2geometry\src\s2\_fp_contract_off.h(51,9): warning C4068: unknown pragma 'STDC' [C:\aTOMosBuild\r15cuda\s2\s2.vcxproj]
  (compiling source file '../../../OMT%20AC031%20Womack%20remarkable%20carmack%20oculus%20master%20quest%20half-life%203%20gabecube/aTOMos_v3_6_1_5_SATNAV_UGTS_Tom_Klootwijk/tmp/s2_comparison/s2geometry/src/s2/s2polyline.cc')
  
  s2polyline_alignment.cc
C:\OMT AC031 Womack remarkable carmack oculus master quest half-life 3 gabecube\aTOMos_v3_6_1_5_SATNAV_UGTS_Tom_Klootwijk\tmp\s2_comparison\s2geometry\src\s2\_fp_contract_off.h(51,9): warning C4068: unknown pragma 'STDC' [C:\aTOMosBuild\r15cuda\s2\s2.vcxproj]
  (compiling source file '../../../OMT%20AC031%20Womack%20remarkable%20carmack%20oculus%20master%20quest%20half-life%203%20gabecube/aTOMos_v3_6_1_5_SATNAV_UGTS_Tom_Klootwijk/tmp/s2_comparison/s2geometry/src/s2/s2polyline_alignment.cc')
  
  s2polyline_measures.cc
C:\OMT AC031 Womack remarkable carmack oculus master quest half-life 3 gabecube\aTOMos_v3_6_1_5_SATNAV_UGTS_Tom_Klootwijk\tmp\s2_comparison\s2geometry\src\s2\_fp_contract_off.h(51,9): warning C4068: unknown pragma 'STDC' [C:\aTOMosBuild\r15cuda\s2\s2.vcxproj]
  (compiling source file '../../../OMT%20AC031%20Womack%20remarkable%20carmack%20oculus%20master%20quest%20half-life%203%20gabecube/aTOMos_v3_6_1_5_SATNAV_UGTS_Tom_Klootwijk/tmp/s2_comparison/s2geometry/src/s2/s2polyline_measures.cc')
  
  s2polyline_simplifier.cc
C:\OMT AC031 Womack remarkable carmack oculus master quest half-life 3 gabecube\aTOMos_v3_6_1_5_SATNAV_UGTS_Tom_Klootwijk\tmp\s2_comparison\s2geometry\src\s2\_fp_contract_off.h(51,9): warning C4068: unknown pragma 'STDC' [C:\aTOMosBuild\r15cuda\s2\s2.vcxproj]
  (compiling source file '../../../OMT%20AC031%20Womack%20remarkable%20carmack%20oculus%20master%20quest%20half-life%203%20gabecube/aTOMos_v3_6_1_5_SATNAV_UGTS_Tom_Klootwijk/tmp/s2_comparison/s2geometry/src/s2/s2polyline_simplifier.cc')
  
  s2predicates.cc
C:\OMT AC031 Womack remarkable carmack oculus master quest half-life 3 gabecube\aTOMos_v3_6_1_5_SATNAV_UGTS_Tom_Klootwijk\tmp\s2_comparison\s2geometry\src\s2\_fp_contract_off.h(51,9): warning C4068: unknown pragma 'STDC' [C:\aTOMosBuild\r15cuda\s2\s2.vcxproj]
  (compiling source file '../../../OMT%20AC031%20Womack%20remarkable%20carmack%20oculus%20master%20quest%20half-life%203%20gabecube/aTOMos_v3_6_1_5_SATNAV_UGTS_Tom_Klootwijk/tmp/s2_comparison/s2geometry/src/s2/s2predicates.cc')
  
  s2projections.cc
C:\OMT AC031 Womack remarkable carmack oculus master quest half-life 3 gabecube\aTOMos_v3_6_1_5_SATNAV_UGTS_Tom_Klootwijk\tmp\s2_comparison\s2geometry\src\s2\_fp_contract_off.h(51,9): warning C4068: unknown pragma 'STDC' [C:\aTOMosBuild\r15cuda\s2\s2.vcxproj]
  (compiling source file '../../../OMT%20AC031%20Womack%20remarkable%20carmack%20oculus%20master%20quest%20half-life%203%20gabecube/aTOMos_v3_6_1_5_SATNAV_UGTS_Tom_Klootwijk/tmp/s2_comparison/s2geometry/src/s2/s2projections.cc')
  
  s2r2rect.cc
C:\OMT AC031 Womack remarkable carmack oculus master quest half-life 3 gabecube\aTOMos_v3_6_1_5_SATNAV_UGTS_Tom_Klootwijk\tmp\s2_comparison\s2geometry\src\s2\_fp_contract_off.h(51,9): warning C4068: unknown pragma 'STDC' [C:\aTOMosBuild\r15cuda\s2\s2.vcxproj]
  (compiling source file '../../../OMT%20AC031%20Womack%20remarkable%20carmack%20oculus%20master%20quest%20half-life%203%20gabecube/aTOMos_v3_6_1_5_SATNAV_UGTS_Tom_Klootwijk/tmp/s2_comparison/s2geometry/src/s2/s2r2rect.cc')
  
  s2random.cc
C:\OMT AC031 Womack remarkable carmack oculus master quest half-life 3 gabecube\aTOMos_v3_6_1_5_SATNAV_UGTS_Tom_Klootwijk\tmp\s2_comparison\s2geometry\src\s2\_fp_contract_off.h(51,9): warning C4068: unknown pragma 'STDC' [C:\aTOMosBuild\r15cuda\s2\s2.vcxproj]
  (compiling source file '../../../OMT%20AC031%20Womack%20remarkable%20carmack%20oculus%20master%20quest%20half-life%203%20gabecube/aTOMos_v3_6_1_5_SATNAV_UGTS_Tom_Klootwijk/tmp/s2_comparison/s2geometry/src/s2/s2random.cc')
  
  s2region_coverer.cc
C:\OMT AC031 Womack remarkable carmack oculus master quest half-life 3 gabecube\aTOMos_v3_6_1_5_SATNAV_UGTS_Tom_Klootwijk\tmp\s2_comparison\s2geometry\src\s2\_fp_contract_off.h(51,9): warning C4068: unknown pragma 'STDC' [C:\aTOMosBuild\r15cuda\s2\s2.vcxproj]
  (compiling source file '../../../OMT%20AC031%20Womack%20remarkable%20carmack%20oculus%20master%20quest%20half-life%203%20gabecube/aTOMos_v3_6_1_5_SATNAV_UGTS_Tom_Klootwijk/tmp/s2_comparison/s2geometry/src/s2/s2region_coverer.cc')
  
C:\OMT AC031 Womack remarkable carmack oculus master quest half-life 3 gabecube\aTOMos_v3_6_1_5_SATNAV_UGTS_Tom_Klootwijk\tmp\s2_comparison\s2geometry\src\s2\s2region_coverer.cc(110,38): warning C4291: 'void *S2RegionCoverer::Candidate::operator new(size_t,size_t)': no matching operator delete found; memory will not be freed if initialization throws an exception [C:\aTOMosBuild\r15cuda\s2\s2.vcxproj]
      C:\OMT AC031 Womack remarkable carmack oculus master quest half-life 3 gabecube\aTOMos_v3_6_1_5_SATNAV_UGTS_Tom_Klootwijk\tmp\s2_comparison\s2geometry\src\s2\s2region_coverer.h(252,11):
      see declaration of 'S2RegionCoverer::Candidate::operator new'
  
  Generating Code...
  Compiling...
  s2region_intersection.cc
C:\OMT AC031 Womack remarkable carmack oculus master quest half-life 3 gabecube\aTOMos_v3_6_1_5_SATNAV_UGTS_Tom_Klootwijk\tmp\s2_comparison\s2geometry\src\s2\_fp_contract_off.h(51,9): warning C4068: unknown pragma 'STDC' [C:\aTOMosBuild\r15cuda\s2\s2.vcxproj]
  (compiling source file '../../../OMT%20AC031%20Womack%20remarkable%20carmack%20oculus%20master%20quest%20half-life%203%20gabecube/aTOMos_v3_6_1_5_SATNAV_UGTS_Tom_Klootwijk/tmp/s2_comparison/s2geometry/src/s2/s2region_intersection.cc')
  
  s2region_sharder.cc
C:\OMT AC031 Womack remarkable carmack oculus master quest half-life 3 gabecube\aTOMos_v3_6_1_5_SATNAV_UGTS_Tom_Klootwijk\tmp\s2_comparison\s2geometry\src\s2\_fp_contract_off.h(51,9): warning C4068: unknown pragma 'STDC' [C:\aTOMosBuild\r15cuda\s2\s2.vcxproj]
  (compiling source file '../../../OMT%20AC031%20Womack%20remarkable%20carmack%20oculus%20master%20quest%20half-life%203%20gabecube/aTOMos_v3_6_1_5_SATNAV_UGTS_Tom_Klootwijk/tmp/s2_comparison/s2geometry/src/s2/s2region_sharder.cc')
  
  s2region_term_indexer.cc
C:\OMT AC031 Womack remarkable carmack oculus master quest half-life 3 gabecube\aTOMos_v3_6_1_5_SATNAV_UGTS_Tom_Klootwijk\tmp\s2_comparison\s2geometry\src\s2\_fp_contract_off.h(51,9): warning C4068: unknown pragma 'STDC' [C:\aTOMosBuild\r15cuda\s2\s2.vcxproj]
  (compiling source file '../../../OMT%20AC031%20Womack%20remarkable%20carmack%20oculus%20master%20quest%20half-life%203%20gabecube/aTOMos_v3_6_1_5_SATNAV_UGTS_Tom_Klootwijk/tmp/s2_comparison/s2geometry/src/s2/s2region_term_indexer.cc')
  
  s2region_union.cc
C:\OMT AC031 Womack remarkable carmack oculus master quest half-life 3 gabecube\aTOMos_v3_6_1_5_SATNAV_UGTS_Tom_Klootwijk\tmp\s2_comparison\s2geometry\src\s2\_fp_contract_off.h(51,9): warning C4068: unknown pragma 'STDC' [C:\aTOMosBuild\r15cuda\s2\s2.vcxproj]
  (compiling source file '../../../OMT%20AC031%20Womack%20remarkable%20carmack%20oculus%20master%20quest%20half-life%203%20gabecube/aTOMos_v3_6_1_5_SATNAV_UGTS_Tom_Klootwijk/tmp/s2_comparison/s2geometry/src/s2/s2region_union.cc')
  
  s2shape_index.cc
C:\OMT AC031 Womack remarkable carmack oculus master quest half-life 3 gabecube\aTOMos_v3_6_1_5_SATNAV_UGTS_Tom_Klootwijk\tmp\s2_comparison\s2geometry\src\s2\_fp_contract_off.h(51,9): warning C4068: unknown pragma 'STDC' [C:\aTOMosBuild\r15cuda\s2\s2.vcxproj]
  (compiling source file '../../../OMT%20AC031%20Womack%20remarkable%20carmack%20oculus%20master%20quest%20half-life%203%20gabecube/aTOMos_v3_6_1_5_SATNAV_UGTS_Tom_Klootwijk/tmp/s2_comparison/s2geometry/src/s2/s2shape_index.cc')
  
  s2shape_index_buffered_region.cc
C:\OMT AC031 Womack remarkable carmack oculus master quest half-life 3 gabecube\aTOMos_v3_6_1_5_SATNAV_UGTS_Tom_Klootwijk\tmp\s2_comparison\s2geometry\src\s2\_fp_contract_off.h(51,9): warning C4068: unknown pragma 'STDC' [C:\aTOMosBuild\r15cuda\s2\s2.vcxproj]
  (compiling source file '../../../OMT%20AC031%20Womack%20remarkable%20carmack%20oculus%20master%20quest%20half-life%203%20gabecube/aTOMos_v3_6_1_5_SATNAV_UGTS_Tom_Klootwijk/tmp/s2_comparison/s2geometry/src/s2/s2shape_index_buffered_region.cc')
  
C:\OMT AC031 Womack remarkable carmack oculus master quest half-life 3 gabecube\aTOMos_v3_6_1_5_SATNAV_UGTS_Tom_Klootwijk\tmp\s2_comparison\s2geometry\src\s2\s2contains_point_query.h(385,17): warning C4805: '^=': unsafe mix of type 'bool' and type 'int' in operation [C:\aTOMosBuild\r15cuda\s2\s2.vcxproj]
  (compiling source file '../../../OMT%20AC031%20Womack%20remarkable%20carmack%20oculus%20master%20quest%20half-life%203%20gabecube/aTOMos_v3_6_1_5_SATNAV_UGTS_Tom_Klootwijk/tmp/s2_comparison/s2geometry/src/s2/s2shape_index_buffered_region.cc')
      C:\OMT AC031 Womack remarkable carmack oculus master quest half-life 3 gabecube\aTOMos_v3_6_1_5_SATNAV_UGTS_Tom_Klootwijk\tmp\s2_comparison\s2geometry\src\s2\s2contains_point_query.h(385,17):
      the template instantiation context (the oldest one first) is
          C:\OMT AC031 Womack remarkable carmack oculus master quest half-life 3 gabecube\aTOMos_v3_6_1_5_SATNAV_UGTS_Tom_Klootwijk\tmp\s2_comparison\s2geometry\src\s2\s2shape_index_buffered_region.cc(54,38):
          see reference to class template instantiation 'S2ShapeIndexRegion<S2ShapeIndex>' being compiled
          C:\OMT AC031 Womack remarkable carmack oculus master quest half-life 3 gabecube\aTOMos_v3_6_1_5_SATNAV_UGTS_Tom_Klootwijk\tmp\s2_comparison\s2geometry\src\s2\s2shape_index_region.h(205,5):
          while compiling class template member function 'S2ShapeIndexRegion<S2ShapeIndex>::S2ShapeIndexRegion(const IndexType *)'
          with
          [
              IndexType=S2ShapeIndex
          ]
              C:\OMT AC031 Womack remarkable carmack oculus master quest half-life 3 gabecube\aTOMos_v3_6_1_5_SATNAV_UGTS_Tom_Klootwijk\tmp\s2_comparison\s2geometry\src\s2\s2shape_index_buffered_region.cc(54,18):
              see the first reference to 'S2ShapeIndexRegion<S2ShapeIndex>::S2ShapeIndexRegion' in 'S2ShapeIndexBufferedRegion::GetCapBound'
          C:\OMT AC031 Womack remarkable carmack oculus master quest half-life 3 gabecube\aTOMos_v3_6_1_5_SATNAV_UGTS_Tom_Klootwijk\tmp\s2_comparison\s2geometry\src\s2\s2shape_index_region.h(209,70):
          while compiling class template member function 'const IndexType &S2ShapeIndexRegion<IndexType>::index(void) const'
          with
          [
              IndexType=S2ShapeIndex
          ]
              C:\OMT AC031 Womack remarkable carmack oculus master quest half-life 3 gabecube\aTOMos_v3_6_1_5_SATNAV_UGTS_Tom_Klootwijk\tmp\s2_comparison\s2geometry\src\s2\s2shape_index_region.h(334,7):
              see the first reference to 'S2ShapeIndexRegion<S2ShapeIndex>::index' in 'S2ShapeIndexRegion<S2ShapeIndex>::Contains'
              C:\OMT AC031 Womack remarkable carmack oculus master quest half-life 3 gabecube\aTOMos_v3_6_1_5_SATNAV_UGTS_Tom_Klootwijk\tmp\s2_comparison\s2geometry\src\s2\s2shape_index_buffered_region.cc(101,3):
              see the first reference to 'S2ShapeIndexRegion<S2ShapeIndex>::Contains' in 'S2ShapeIndexBufferedRegion::Contains'
          C:\OMT AC031 Womack remarkable carmack oculus master quest half-life 3 gabecube\aTOMos_v3_6_1_5_SATNAV_UGTS_Tom_Klootwijk\tmp\s2_comparison\s2geometry\src\s2\s2contains_point_query.h(354,78):
          while compiling class template member function 'bool S2ContainsPointQuery<IndexType>::ShapeContains(S2CellId,const S2ClippedShape &,const S2Point &) const'
          with
          [
              IndexType=S2ShapeIndex
          ]
              C:\OMT AC031 Womack remarkable carmack oculus master quest half-life 3 gabecube\aTOMos_v3_6_1_5_SATNAV_UGTS_Tom_Klootwijk\tmp\s2_comparison\s2geometry\src\s2\s2shape_index_region.h(310,3):
              see the first reference to 'S2ContainsPointQuery<IndexType>::ShapeContains' in 'S2ShapeIndexRegion<S2ShapeIndex>::Contains'
          with
          [
              IndexType=S2ShapeIndex
          ]
              C:\OMT AC031 Womack remarkable carmack oculus master quest half-life 3 gabecube\aTOMos_v3_6_1_5_SATNAV_UGTS_Tom_Klootwijk\tmp\s2_comparison\s2geometry\src\s2\s2shape_index_region.h(442,7):
              see the first reference to 'S2ShapeIndexRegion<S2ShapeIndex>::Contains' in 'S2ShapeIndexRegion<S2ShapeIndex>::Contains'
  
C:\OMT AC031 Womack remarkable carmack oculus master quest half-life 3 gabecube\aTOMos_v3_6_1_5_SATNAV_UGTS_Tom_Klootwijk\tmp\s2_comparison\s2geometry\src\s2\s2contains_point_query.h(385,17): warning C4805: '^': unsafe mix of type 'bool' and type 'int' in operation [C:\aTOMosBuild\r15cuda\s2\s2.vcxproj]
  (compiling source file '../../../OMT%20AC031%20Womack%20remarkable%20carmack%20oculus%20master%20quest%20half-life%203%20gabecube/aTOMos_v3_6_1_5_SATNAV_UGTS_Tom_Klootwijk/tmp/s2_comparison/s2geometry/src/s2/s2shape_index_buffered_region.cc')
  
  s2shape_index_measures.cc
C:\OMT AC031 Womack remarkable carmack oculus master quest half-life 3 gabecube\aTOMos_v3_6_1_5_SATNAV_UGTS_Tom_Klootwijk\tmp\s2_comparison\s2geometry\src\s2\_fp_contract_off.h(51,9): warning C4068: unknown pragma 'STDC' [C:\aTOMosBuild\r15cuda\s2\s2.vcxproj]
  (compiling source file '../../../OMT%20AC031%20Womack%20remarkable%20carmack%20oculus%20master%20quest%20half-life%203%20gabecube/aTOMos_v3_6_1_5_SATNAV_UGTS_Tom_Klootwijk/tmp/s2_comparison/s2geometry/src/s2/s2shape_index_measures.cc')
  
  s2shape_measures.cc
C:\OMT AC031 Womack remarkable carmack oculus master quest half-life 3 gabecube\aTOMos_v3_6_1_5_SATNAV_UGTS_Tom_Klootwijk\tmp\s2_comparison\s2geometry\src\s2\_fp_contract_off.h(51,9): warning C4068: unknown pragma 'STDC' [C:\aTOMosBuild\r15cuda\s2\s2.vcxproj]
  (compiling source file '../../../OMT%20AC031%20Womack%20remarkable%20carmack%20oculus%20master%20quest%20half-life%203%20gabecube/aTOMos_v3_6_1_5_SATNAV_UGTS_Tom_Klootwijk/tmp/s2_comparison/s2geometry/src/s2/s2shape_measures.cc')
  
  s2shape_nesting_query.cc
C:\OMT AC031 Womack remarkable carmack oculus master quest half-life 3 gabecube\aTOMos_v3_6_1_5_SATNAV_UGTS_Tom_Klootwijk\tmp\s2_comparison\s2geometry\src\s2\_fp_contract_off.h(51,9): warning C4068: unknown pragma 'STDC' [C:\aTOMosBuild\r15cuda\s2\s2.vcxproj]
  (compiling source file '../../../OMT%20AC031%20Womack%20remarkable%20carmack%20oculus%20master%20quest%20half-life%203%20gabecube/aTOMos_v3_6_1_5_SATNAV_UGTS_Tom_Klootwijk/tmp/s2_comparison/s2geometry/src/s2/s2shape_nesting_query.cc')
  
  s2shapeutil_build_polygon_boundaries.cc
C:\OMT AC031 Womack remarkable carmack oculus master quest half-life 3 gabecube\aTOMos_v3_6_1_5_SATNAV_UGTS_Tom_Klootwijk\tmp\s2_comparison\s2geometry\src\s2\_fp_contract_off.h(51,9): warning C4068: unknown pragma 'STDC' [C:\aTOMosBuild\r15cuda\s2\s2.vcxproj]
  (compiling source file '../../../OMT%20AC031%20Womack%20remarkable%20carmack%20oculus%20master%20quest%20half-life%203%20gabecube/aTOMos_v3_6_1_5_SATNAV_UGTS_Tom_Klootwijk/tmp/s2_comparison/s2geometry/src/s2/s2shapeutil_build_polygon_boundaries.cc')
  
C:\OMT AC031 Womack remarkable carmack oculus master quest half-life 3 gabecube\aTOMos_v3_6_1_5_SATNAV_UGTS_Tom_Klootwijk\tmp\s2_comparison\s2geometry\src\s2\s2contains_point_query.h(385,17): warning C4805: '^=': unsafe mix of type 'bool' and type 'int' in operation [C:\aTOMosBuild\r15cuda\s2\s2.vcxproj]
  (compiling source file '../../../OMT%20AC031%20Womack%20remarkable%20carmack%20oculus%20master%20quest%20half-life%203%20gabecube/aTOMos_v3_6_1_5_SATNAV_UGTS_Tom_Klootwijk/tmp/s2_comparison/s2geometry/src/s2/s2shapeutil_build_polygon_boundaries.cc')
      C:\OMT AC031 Womack remarkable carmack oculus master quest half-life 3 gabecube\aTOMos_v3_6_1_5_SATNAV_UGTS_Tom_Klootwijk\tmp\s2_comparison\s2geometry\src\s2\s2contains_point_query.h(385,17):
      the template instantiation context (the oldest one first) is
          C:\OMT AC031 Womack remarkable carmack oculus master quest half-life 3 gabecube\aTOMos_v3_6_1_5_SATNAV_UGTS_Tom_Klootwijk\tmp\s2_comparison\s2geometry\src\s2\s2shapeutil_build_polygon_boundaries.cc(86,38):
          see reference to class template instantiation 'S2ContainsPointQuery<MutableS2ShapeIndex>' being compiled
          C:\OMT AC031 Womack remarkable carmack oculus master quest half-life 3 gabecube\aTOMos_v3_6_1_5_SATNAV_UGTS_Tom_Klootwijk\tmp\s2_comparison\s2geometry\src\s2\s2contains_point_query.h(238,5):
          while compiling class template member function 'S2ContainsPointQuery<MutableS2ShapeIndex>::S2ContainsPointQuery(const IndexType *,const S2ContainsPointQuery<IndexType>::Options &)'
          with
          [
              IndexType=MutableS2ShapeIndex
          ]
              C:\OMT AC031 Womack remarkable carmack oculus master quest half-life 3 gabecube\aTOMos_v3_6_1_5_SATNAV_UGTS_Tom_Klootwijk\tmp\s2_comparison\s2geometry\src\s2\s2shapeutil_build_polygon_boundaries.cc(86,38):
              see the first reference to 'S2ContainsPointQuery<MutableS2ShapeIndex>::S2ContainsPointQuery' in 's2shapeutil::BuildPolygonBoundaries'
          C:\OMT AC031 Womack remarkable carmack oculus master quest half-life 3 gabecube\aTOMos_v3_6_1_5_SATNAV_UGTS_Tom_Klootwijk\tmp\s2_comparison\s2geometry\src\s2\s2contains_point_query.h(284,70):
          while compiling class template member function 'bool S2ContainsPointQuery<MutableS2ShapeIndex>::VisitContainingShapeIds(const S2Point &,absl::lts_20260526::FunctionRef<bool (int)>)'
              C:\OMT AC031 Womack remarkable carmack oculus master quest half-life 3 gabecube\aTOMos_v3_6_1_5_SATNAV_UGTS_Tom_Klootwijk\tmp\s2_comparison\s2geometry\src\s2\s2contains_point_query.h(345,26):
              see the first reference to 'S2ContainsPointQuery<MutableS2ShapeIndex>::VisitContainingShapeIds' in 'S2ContainsPointQuery<MutableS2ShapeIndex>::GetContainingShapeIds'
              C:\OMT AC031 Womack remarkable carmack oculus master quest half-life 3 gabecube\aTOMos_v3_6_1_5_SATNAV_UGTS_Tom_Klootwijk\tmp\s2_comparison\s2geometry\src\s2\s2shapeutil_build_polygon_boundaries.cc(90,18):
              see the first reference to 'S2ContainsPointQuery<MutableS2ShapeIndex>::GetContainingShapeIds' in 's2shapeutil::BuildPolygonBoundaries'
          C:\OMT AC031 Womack remarkable carmack oculus master quest half-life 3 gabecube\aTOMos_v3_6_1_5_SATNAV_UGTS_Tom_Klootwijk\tmp\s2_comparison\s2geometry\src\s2\s2contains_point_query.h(354,78):
          while compiling class template member function 'bool S2ContainsPointQuery<MutableS2ShapeIndex>::ShapeContains(S2CellId,const S2ClippedShape &,const S2Point &) const'
  
C:\OMT AC031 Womack remarkable carmack oculus master quest half-life 3 gabecube\aTOMos_v3_6_1_5_SATNAV_UGTS_Tom_Klootwijk\tmp\s2_comparison\s2geometry\src\s2\s2contains_point_query.h(385,17): warning C4805: '^': unsafe mix of type 'bool' and type 'int' in operation [C:\aTOMosBuild\r15cuda\s2\s2.vcxproj]
  (compiling source file '../../../OMT%20AC031%20Womack%20remarkable%20carmack%20oculus%20master%20quest%20half-life%203%20gabecube/aTOMos_v3_6_1_5_SATNAV_UGTS_Tom_Klootwijk/tmp/s2_comparison/s2geometry/src/s2/s2shapeutil_build_polygon_boundaries.cc')
  
  s2shapeutil_coding.cc
C:\OMT AC031 Womack remarkable carmack oculus master quest half-life 3 gabecube\aTOMos_v3_6_1_5_SATNAV_UGTS_Tom_Klootwijk\tmp\s2_comparison\s2geometry\src\s2\_fp_contract_off.h(51,9): warning C4068: unknown pragma 'STDC' [C:\aTOMosBuild\r15cuda\s2\s2.vcxproj]
  (compiling source file '../../../OMT%20AC031%20Womack%20remarkable%20carmack%20oculus%20master%20quest%20half-life%203%20gabecube/aTOMos_v3_6_1_5_SATNAV_UGTS_Tom_Klootwijk/tmp/s2_comparison/s2geometry/src/s2/s2shapeutil_coding.cc')
  
C:\Program Files (x86)\Microsoft Visual Studio\2022\BuildTools\VC\Tools\MSVC\14.44.35207\include\type_traits(2388,54): warning C4018: '<': signed/unsigned mismatch [C:\aTOMosBuild\r15cuda\s2\s2.vcxproj]
  (compiling source file '../../../OMT%20AC031%20Womack%20remarkable%20carmack%20oculus%20master%20quest%20half-life%203%20gabecube/aTOMos_v3_6_1_5_SATNAV_UGTS_Tom_Klootwijk/tmp/s2_comparison/s2geometry/src/s2/s2shapeutil_coding.cc')
      C:\Program Files (x86)\Microsoft Visual Studio\2022\BuildTools\VC\Tools\MSVC\14.44.35207\include\type_traits(2388,54):
      the template instantiation context (the oldest one first) is
          C:\OMT AC031 Womack remarkable carmack oculus master quest half-life 3 gabecube\aTOMos_v3_6_1_5_SATNAV_UGTS_Tom_Klootwijk\tmp\s2_comparison\s2geometry\src\s2\s2polygon.h(943,18):
          see reference to function template instantiation '_FwdIt *std::upper_bound<const uint32_t*,int>(_FwdIt,_FwdIt,const _Ty &)' being compiled
          with
          [
              _FwdIt=const uint32_t *,
              _Ty=int
          ]
          C:\Program Files (x86)\Microsoft Visual Studio\2022\BuildTools\VC\Tools\MSVC\14.44.35207\include\xutility(7486,17):
          see reference to function template instantiation '_FwdIt *std::upper_bound<_FwdIt,_Ty,std::less<void>>(_FwdIt,_FwdIt,const _Ty &,_Pr)' being compiled
          with
          [
              _FwdIt=const uint32_t *,
              _Ty=int,
              _Pr=std::less<void>
          ]
          C:\Program Files (x86)\Microsoft Visual Studio\2022\BuildTools\VC\Tools\MSVC\14.44.35207\include\xutility(7471,13):
          while compiling class template member function 'bool std::less<void>::operator ()<const _Ty&,const uint32_t&>(_Ty1,_Ty2) noexcept(<expr>) const'
          with
          [
              _Ty=int,
              _Ty1=const int &,
              _Ty2=const uint32_t &
          ]
  
C:\Program Files (x86)\Microsoft Visual Studio\2022\BuildTools\VC\Tools\MSVC\14.44.35207\include\type_traits(2390,43): warning C4018: '<': signed/unsigned mismatch [C:\aTOMosBuild\r15cuda\s2\s2.vcxproj]
  (compiling source file '../../../OMT%20AC031%20Womack%20remarkable%20carmack%20oculus%20master%20quest%20half-life%203%20gabecube/aTOMos_v3_6_1_5_SATNAV_UGTS_Tom_Klootwijk/tmp/s2_comparison/s2geometry/src/s2/s2shapeutil_coding.cc')
      C:\Program Files (x86)\Microsoft Visual Studio\2022\BuildTools\VC\Tools\MSVC\14.44.35207\include\type_traits(2390,43):
      the template instantiation context (the oldest one first) is
          C:\Program Files (x86)\Microsoft Visual Studio\2022\BuildTools\VC\Tools\MSVC\14.44.35207\include\xutility(7486,17):
          see reference to function template instantiation '_FwdIt *std::upper_bound<_FwdIt,_Ty,std::less<void>>(_FwdIt,_FwdIt,const _Ty &,_Pr)' being compiled
          with
          [
              _FwdIt=const uint32_t *,
              _Ty=int,
              _Pr=std::less<void>
          ]
          C:\Program Files (x86)\Microsoft Visual Studio\2022\BuildTools\VC\Tools\MSVC\14.44.35207\include\xutility(7471,13):
          see reference to function template instantiation 'bool std::less<void>::operator ()<const _Ty&,const uint32_t&>(_Ty1,_Ty2) noexcept const' being compiled
          with
          [
              _Ty=int,
              _Ty1=const int &,
              _Ty2=const uint32_t &
          ]
  
  s2shapeutil_contains_brute_force.cc
C:\OMT AC031 Womack remarkable carmack oculus master quest half-life 3 gabecube\aTOMos_v3_6_1_5_SATNAV_UGTS_Tom_Klootwijk\tmp\s2_comparison\s2geometry\src\s2\_fp_contract_off.h(51,9): warning C4068: unknown pragma 'STDC' [C:\aTOMosBuild\r15cuda\s2\s2.vcxproj]
  (compiling source file '../../../OMT%20AC031%20Womack%20remarkable%20carmack%20oculus%20master%20quest%20half-life%203%20gabecube/aTOMos_v3_6_1_5_SATNAV_UGTS_Tom_Klootwijk/tmp/s2_comparison/s2geometry/src/s2/s2shapeutil_contains_brute_force.cc')
  
  s2shapeutil_conversion.cc
C:\OMT AC031 Womack remarkable carmack oculus master quest half-life 3 gabecube\aTOMos_v3_6_1_5_SATNAV_UGTS_Tom_Klootwijk\tmp\s2_comparison\s2geometry\src\s2\_fp_contract_off.h(51,9): warning C4068: unknown pragma 'STDC' [C:\aTOMosBuild\r15cuda\s2\s2.vcxproj]
  (compiling source file '../../../OMT%20AC031%20Womack%20remarkable%20carmack%20oculus%20master%20quest%20half-life%203%20gabecube/aTOMos_v3_6_1_5_SATNAV_UGTS_Tom_Klootwijk/tmp/s2_comparison/s2geometry/src/s2/s2shapeutil_conversion.cc')
  
C:\Program Files (x86)\Microsoft Visual Studio\2022\BuildTools\VC\Tools\MSVC\14.44.35207\include\type_traits(2388,54): warning C4018: '<': signed/unsigned mismatch [C:\aTOMosBuild\r15cuda\s2\s2.vcxproj]
  (compiling source file '../../../OMT%20AC031%20Womack%20remarkable%20carmack%20oculus%20master%20quest%20half-life%203%20gabecube/aTOMos_v3_6_1_5_SATNAV_UGTS_Tom_Klootwijk/tmp/s2_comparison/s2geometry/src/s2/s2shapeutil_conversion.cc')
      C:\Program Files (x86)\Microsoft Visual Studio\2022\BuildTools\VC\Tools\MSVC\14.44.35207\include\type_traits(2388,54):
      the template instantiation context (the oldest one first) is
          C:\OMT AC031 Womack remarkable carmack oculus master quest half-life 3 gabecube\aTOMos_v3_6_1_5_SATNAV_UGTS_Tom_Klootwijk\tmp\s2_comparison\s2geometry\src\s2\s2polygon.h(943,18):
          see reference to function template instantiation '_FwdIt *std::upper_bound<const uint32_t*,int>(_FwdIt,_FwdIt,const _Ty &)' being compiled
          with
          [
              _FwdIt=const uint32_t *,
              _Ty=int
          ]
          C:\Program Files (x86)\Microsoft Visual Studio\2022\BuildTools\VC\Tools\MSVC\14.44.35207\include\xutility(7486,17):
          see reference to function template instantiation '_FwdIt *std::upper_bound<_FwdIt,_Ty,std::less<void>>(_FwdIt,_FwdIt,const _Ty &,_Pr)' being compiled
          with
          [
              _FwdIt=const uint32_t *,
              _Ty=int,
              _Pr=std::less<void>
          ]
          C:\Program Files (x86)\Microsoft Visual Studio\2022\BuildTools\VC\Tools\MSVC\14.44.35207\include\xutility(7471,13):
          while compiling class template member function 'bool std::less<void>::operator ()<const _Ty&,const uint32_t&>(_Ty1,_Ty2) noexcept(<expr>) const'
          with
          [
              _Ty=int,
              _Ty1=const int &,
              _Ty2=const uint32_t &
          ]
  
C:\Program Files (x86)\Microsoft Visual Studio\2022\BuildTools\VC\Tools\MSVC\14.44.35207\include\type_traits(2390,43): warning C4018: '<': signed/unsigned mismatch [C:\aTOMosBuild\r15cuda\s2\s2.vcxproj]
  (compiling source file '../../../OMT%20AC031%20Womack%20remarkable%20carmack%20oculus%20master%20quest%20half-life%203%20gabecube/aTOMos_v3_6_1_5_SATNAV_UGTS_Tom_Klootwijk/tmp/s2_comparison/s2geometry/src/s2/s2shapeutil_conversion.cc')
      C:\Program Files (x86)\Microsoft Visual Studio\2022\BuildTools\VC\Tools\MSVC\14.44.35207\include\type_traits(2390,43):
      the template instantiation context (the oldest one first) is
          C:\Program Files (x86)\Microsoft Visual Studio\2022\BuildTools\VC\Tools\MSVC\14.44.35207\include\xutility(7486,17):
          see reference to function template instantiation '_FwdIt *std::upper_bound<_FwdIt,_Ty,std::less<void>>(_FwdIt,_FwdIt,const _Ty &,_Pr)' being compiled
          with
          [
              _FwdIt=const uint32_t *,
              _Ty=int,
              _Pr=std::less<void>
          ]
          C:\Program Files (x86)\Microsoft Visual Studio\2022\BuildTools\VC\Tools\MSVC\14.44.35207\include\xutility(7471,13):
          see reference to function template instantiation 'bool std::less<void>::operator ()<const _Ty&,const uint32_t&>(_Ty1,_Ty2) noexcept const' being compiled
          with
          [
              _Ty=int,
              _Ty1=const int &,
              _Ty2=const uint32_t &
          ]
  
  s2shapeutil_count_vertices.cc
C:\OMT AC031 Womack remarkable carmack oculus master quest half-life 3 gabecube\aTOMos_v3_6_1_5_SATNAV_UGTS_Tom_Klootwijk\tmp\s2_comparison\s2geometry\src\s2\_fp_contract_off.h(51,9): warning C4068: unknown pragma 'STDC' [C:\aTOMosBuild\r15cuda\s2\s2.vcxproj]
  (compiling source file '../../../OMT%20AC031%20Womack%20remarkable%20carmack%20oculus%20master%20quest%20half-life%203%20gabecube/aTOMos_v3_6_1_5_SATNAV_UGTS_Tom_Klootwijk/tmp/s2_comparison/s2geometry/src/s2/s2shapeutil_count_vertices.cc')
  
  s2shapeutil_edge_iterator.cc
C:\OMT AC031 Womack remarkable carmack oculus master quest half-life 3 gabecube\aTOMos_v3_6_1_5_SATNAV_UGTS_Tom_Klootwijk\tmp\s2_comparison\s2geometry\src\s2\_fp_contract_off.h(51,9): warning C4068: unknown pragma 'STDC' [C:\aTOMosBuild\r15cuda\s2\s2.vcxproj]
  (compiling source file '../../../OMT%20AC031%20Womack%20remarkable%20carmack%20oculus%20master%20quest%20half-life%203%20gabecube/aTOMos_v3_6_1_5_SATNAV_UGTS_Tom_Klootwijk/tmp/s2_comparison/s2geometry/src/s2/s2shapeutil_edge_iterator.cc')
  
  s2shapeutil_edge_wrap.cc
C:\OMT AC031 Womack remarkable carmack oculus master quest half-life 3 gabecube\aTOMos_v3_6_1_5_SATNAV_UGTS_Tom_Klootwijk\tmp\s2_comparison\s2geometry\src\s2\_fp_contract_off.h(51,9): warning C4068: unknown pragma 'STDC' [C:\aTOMosBuild\r15cuda\s2\s2.vcxproj]
  (compiling source file '../../../OMT%20AC031%20Womack%20remarkable%20carmack%20oculus%20master%20quest%20half-life%203%20gabecube/aTOMos_v3_6_1_5_SATNAV_UGTS_Tom_Klootwijk/tmp/s2_comparison/s2geometry/src/s2/s2shapeutil_edge_wrap.cc')
  
  s2shapeutil_get_reference_point.cc
C:\OMT AC031 Womack remarkable carmack oculus master quest half-life 3 gabecube\aTOMos_v3_6_1_5_SATNAV_UGTS_Tom_Klootwijk\tmp\s2_comparison\s2geometry\src\s2\_fp_contract_off.h(51,9): warning C4068: unknown pragma 'STDC' [C:\aTOMosBuild\r15cuda\s2\s2.vcxproj]
  (compiling source file '../../../OMT%20AC031%20Womack%20remarkable%20carmack%20oculus%20master%20quest%20half-life%203%20gabecube/aTOMos_v3_6_1_5_SATNAV_UGTS_Tom_Klootwijk/tmp/s2_comparison/s2geometry/src/s2/s2shapeutil_get_reference_point.cc')
  
  s2shapeutil_visit_crossing_edge_pairs.cc
C:\OMT AC031 Womack remarkable carmack oculus master quest half-life 3 gabecube\aTOMos_v3_6_1_5_SATNAV_UGTS_Tom_Klootwijk\tmp\s2_comparison\s2geometry\src\s2\_fp_contract_off.h(51,9): warning C4068: unknown pragma 'STDC' [C:\aTOMosBuild\r15cuda\s2\s2.vcxproj]
  (compiling source file '../../../OMT%20AC031%20Womack%20remarkable%20carmack%20oculus%20master%20quest%20half-life%203%20gabecube/aTOMos_v3_6_1_5_SATNAV_UGTS_Tom_Klootwijk/tmp/s2_comparison/s2geometry/src/s2/s2shapeutil_visit_crossing_edge_pairs.cc')
  
  s2text_format.cc
C:\OMT AC031 Womack remarkable carmack oculus master quest half-life 3 gabecube\aTOMos_v3_6_1_5_SATNAV_UGTS_Tom_Klootwijk\tmp\s2_comparison\s2geometry\src\s2\_fp_contract_off.h(51,9): warning C4068: unknown pragma 'STDC' [C:\aTOMosBuild\r15cuda\s2\s2.vcxproj]
  (compiling source file '../../../OMT%20AC031%20Womack%20remarkable%20carmack%20oculus%20master%20quest%20half-life%203%20gabecube/aTOMos_v3_6_1_5_SATNAV_UGTS_Tom_Klootwijk/tmp/s2_comparison/s2geometry/src/s2/s2text_format.cc')
  
C:\Program Files (x86)\Microsoft Visual Studio\2022\BuildTools\VC\Tools\MSVC\14.44.35207\include\type_traits(2388,54): warning C4018: '<': signed/unsigned mismatch [C:\aTOMosBuild\r15cuda\s2\s2.vcxproj]
  (compiling source file '../../../OMT%20AC031%20Womack%20remarkable%20carmack%20oculus%20master%20quest%20half-life%203%20gabecube/aTOMos_v3_6_1_5_SATNAV_UGTS_Tom_Klootwijk/tmp/s2_comparison/s2geometry/src/s2/s2text_format.cc')
      C:\Program Files (x86)\Microsoft Visual Studio\2022\BuildTools\VC\Tools\MSVC\14.44.35207\include\type_traits(2388,54):
      the template instantiation context (the oldest one first) is
          C:\OMT AC031 Womack remarkable carmack oculus master quest half-life 3 gabecube\aTOMos_v3_6_1_5_SATNAV_UGTS_Tom_Klootwijk\tmp\s2_comparison\s2geometry\src\s2\s2polygon.h(943,18):
          see reference to function template instantiation '_FwdIt *std::upper_bound<const uint32_t*,int>(_FwdIt,_FwdIt,const _Ty &)' being compiled
          with
          [
              _FwdIt=const uint32_t *,
              _Ty=int
          ]
          C:\Program Files (x86)\Microsoft Visual Studio\2022\BuildTools\VC\Tools\MSVC\14.44.35207\include\xutility(7486,17):
          see reference to function template instantiation '_FwdIt *std::upper_bound<_FwdIt,_Ty,std::less<void>>(_FwdIt,_FwdIt,const _Ty &,_Pr)' being compiled
          with
          [
              _FwdIt=const uint32_t *,
              _Ty=int,
              _Pr=std::less<void>
          ]
          C:\Program Files (x86)\Microsoft Visual Studio\2022\BuildTools\VC\Tools\MSVC\14.44.35207\include\xutility(7471,13):
          while compiling class template member function 'bool std::less<void>::operator ()<const _Ty&,const uint32_t&>(_Ty1,_Ty2) noexcept(<expr>) const'
          with
          [
              _Ty=int,
              _Ty1=const int &,
              _Ty2=const uint32_t &
          ]
  
C:\Program Files (x86)\Microsoft Visual Studio\2022\BuildTools\VC\Tools\MSVC\14.44.35207\include\type_traits(2390,43): warning C4018: '<': signed/unsigned mismatch [C:\aTOMosBuild\r15cuda\s2\s2.vcxproj]
  (compiling source file '../../../OMT%20AC031%20Womack%20remarkable%20carmack%20oculus%20master%20quest%20half-life%203%20gabecube/aTOMos_v3_6_1_5_SATNAV_UGTS_Tom_Klootwijk/tmp/s2_comparison/s2geometry/src/s2/s2text_format.cc')
      C:\Program Files (x86)\Microsoft Visual Studio\2022\BuildTools\VC\Tools\MSVC\14.44.35207\include\type_traits(2390,43):
      the template instantiation context (the oldest one first) is
          C:\Program Files (x86)\Microsoft Visual Studio\2022\BuildTools\VC\Tools\MSVC\14.44.35207\include\xutility(7486,17):
          see reference to function template instantiation '_FwdIt *std::upper_bound<_FwdIt,_Ty,std::less<void>>(_FwdIt,_FwdIt,const _Ty &,_Pr)' being compiled
          with
          [
              _FwdIt=const uint32_t *,
              _Ty=int,
              _Pr=std::less<void>
          ]
          C:\Program Files (x86)\Microsoft Visual Studio\2022\BuildTools\VC\Tools\MSVC\14.44.35207\include\xutility(7471,13):
          see reference to function template instantiation 'bool std::less<void>::operator ()<const _Ty&,const uint32_t&>(_Ty1,_Ty2) noexcept const' being compiled
          with
          [
              _Ty=int,
              _Ty1=const int &,
              _Ty2=const uint32_t &
          ]
  
  s2wedge_relations.cc
C:\OMT AC031 Womack remarkable carmack oculus master quest half-life 3 gabecube\aTOMos_v3_6_1_5_SATNAV_UGTS_Tom_Klootwijk\tmp\s2_comparison\s2geometry\src\s2\_fp_contract_off.h(51,9): warning C4068: unknown pragma 'STDC' [C:\aTOMosBuild\r15cuda\s2\s2.vcxproj]
  (compiling source file '../../../OMT%20AC031%20Womack%20remarkable%20carmack%20oculus%20master%20quest%20half-life%203%20gabecube/aTOMos_v3_6_1_5_SATNAV_UGTS_Tom_Klootwijk/tmp/s2_comparison/s2geometry/src/s2/s2wedge_relations.cc')
  
  Generating Code...
  Compiling...
  s2winding_operation.cc
C:\OMT AC031 Womack remarkable carmack oculus master quest half-life 3 gabecube\aTOMos_v3_6_1_5_SATNAV_UGTS_Tom_Klootwijk\tmp\s2_comparison\s2geometry\src\s2\_fp_contract_off.h(51,9): warning C4068: unknown pragma 'STDC' [C:\aTOMosBuild\r15cuda\s2\s2.vcxproj]
  (compiling source file '../../../OMT%20AC031%20Womack%20remarkable%20carmack%20oculus%20master%20quest%20half-life%203%20gabecube/aTOMos_v3_6_1_5_SATNAV_UGTS_Tom_Klootwijk/tmp/s2_comparison/s2geometry/src/s2/s2winding_operation.cc')
  
  bit-interleave.cc
  coder.cc
  varint.cc
  bignum.cc
  exactfloat.cc
  mathutil.cc
  length-units.cc
  Generating Code...
  s2.vcxproj -> C:\aTOMosBuild\r15cuda\s2\Release\s2.lib
  Compiling CUDA source file ..\..\OMT AC031 Womack remarkable carmack oculus master quest half-life 3 gabecube\aTOMos_v3_6_1_5_SATNAV_UGTS_Tom_Klootwijk\atomOS_3_6_1_15_HINGE_ENGINE\cuda\texture_index.cu...
  
  C:\aTOMosBuild\r15cuda>"C:\Program Files\NVIDIA GPU Computing Toolkit\CUDA\v12.8\bin\nvcc.exe"  --use-local-env -ccbin "C:\Program Files (x86)\Microsoft Visual Studio\2022\BuildTools\VC\Tools\MSVC\14.44.35207\bin\HostX64\x64" -x cu   -I"C:\OMT AC031 Womack remarkable carmack oculus master quest half-life 3 gabecube\aTOMos_v3_6_1_5_SATNAV_UGTS_Tom_Klootwijk\atomOS_3_6_1_15_HINGE_ENGINE\include" -I"C:\OMT AC031 Womack remarkable carmack oculus master quest half-life 3 gabecube\aTOMos_v3_6_1_5_SATNAV_UGTS_Tom_Klootwijk\tmp\s2_comparison\s2geometry\src" -I"C:\aTOMosBuild\r15cuda\_deps\absl-src" -I"C:\Program Files\NVIDIA GPU Computing Toolkit\CUDA\v12.8\include" -I"C:\Program Files\NVIDIA GPU Computing Toolkit\CUDA\v12.8\include"     --keep-dir atomos_texture\x64\Release  -maxrregcount=0    --machine 64 --compile -cudart static -forward-unknown-to-host-compiler -std=c++17 --generate-code=arch=compute_120,code=[sm_120] --generate-code=arch=compute_120,code=[compute_120] --fmad=false -Xcompiler="/EHsc -Ob2"   -D_WINDOWS -DNDEBUG -DNOMINMAX -D_USE_MATH_DEFINES -D"CMAKE_INTDIR=\"Release\"" -D_MBCS -DWIN32 -D_WINDOWS -DNDEBUG -DNOMINMAX -D_USE_MATH_DEFINES -D"CMAKE_INTDIR=\"Release\"" -Xcompiler "/EHsc /W1 /nologo /O2 /FS   /MD " -Xcompiler "/FdC:\aTOMosBuild\r15cuda\Release\atomos_texture.pdb" -o atomos_texture.dir\Release\cuda/texture_index.cu.obj "C:\OMT AC031 Womack remarkable carmack oculus master quest half-life 3 gabecube\aTOMos_v3_6_1_5_SATNAV_UGTS_Tom_Klootwijk\atomOS_3_6_1_15_HINGE_ENGINE\cuda\texture_index.cu" 
  texture_index.cu
  tmpxft_0001c23c_00000000-7_texture_index.cudafe1.cpp
  texture_index.cpp
C:\OMT AC031 Womack remarkable carmack oculus master quest half-life 3 gabecube\aTOMos_v3_6_1_5_SATNAV_UGTS_Tom_Klootwijk\tmp\s2_comparison\s2geometry\src\s2\_fp_contract_off.h(51,9): warning C4068: unknown pragma 'STDC' [C:\aTOMosBuild\r15cuda\atomos_texture.vcxproj]
  (compiling source file '../../OMT%20AC031%20Womack%20remarkable%20carmack%20oculus%20master%20quest%20half-life%203%20gabecube/aTOMos_v3_6_1_5_SATNAV_UGTS_Tom_Klootwijk/atomOS_3_6_1_15_HINGE_ENGINE/src/texture_index.cpp')
  
  atomos_texture.vcxproj -> C:\aTOMosBuild\r15cuda\Release\atomos_texture.lib
  Building Custom Rule C:/OMT AC031 Womack remarkable carmack oculus master quest half-life 3 gabecube/aTOMos_v3_6_1_5_SATNAV_UGTS_Tom_Klootwijk/atomOS_3_6_1_15_HINGE_ENGINE/CMakeLists.txt
  compare_s2.cpp
C:\OMT AC031 Womack remarkable carmack oculus master quest half-life 3 gabecube\aTOMos_v3_6_1_5_SATNAV_UGTS_Tom_Klootwijk\tmp\s2_comparison\s2geometry\src\s2\_fp_contract_off.h(51,9): warning C4068: unknown pragma 'STDC' [C:\aTOMosBuild\r15cuda\compare_s2.vcxproj]
  (compiling source file '../../OMT%20AC031%20Womack%20remarkable%20carmack%20oculus%20master%20quest%20half-life%203%20gabecube/aTOMos_v3_6_1_5_SATNAV_UGTS_Tom_Klootwijk/atomOS_3_6_1_15_HINGE_ENGINE/src/compare_s2.cpp')
  
  compare_s2.vcxproj -> C:\aTOMosBuild\r15cuda\Release\compare_s2.exe
MSBuild version 17.14.23+b0019275e for .NET Framework

  civil_time.vcxproj -> C:\aTOMosBuild\r15cuda\_deps\absl-build\absl\time\Release\absl_civil_time.lib
  exponential_biased.vcxproj -> C:\aTOMosBuild\r15cuda\_deps\absl-build\absl\profiling\Release\absl_exponential_biased.lib
  log_severity.vcxproj -> C:\aTOMosBuild\r15cuda\_deps\absl-build\absl\base\Release\absl_log_severity.lib
  spinlock_wait.vcxproj -> C:\aTOMosBuild\r15cuda\_deps\absl-build\absl\base\Release\absl_spinlock_wait.lib
  source_location.vcxproj -> C:\aTOMosBuild\r15cuda\_deps\absl-build\absl\types\Release\absl_source_location.lib
  utf8_for_code_point.vcxproj -> C:\aTOMosBuild\r15cuda\_deps\absl-build\absl\debugging\Release\absl_utf8_for_code_point.lib
  time_zone.vcxproj -> C:\aTOMosBuild\r15cuda\_deps\absl-build\absl\time\Release\absl_time_zone.lib
  flags_commandlineflag_internal.vcxproj -> C:\aTOMosBuild\r15cuda\_deps\absl-build\absl\flags\Release\absl_flags_commandlineflag_internal.lib
  raw_logging_internal.vcxproj -> C:\aTOMosBuild\r15cuda\_deps\absl-build\absl\base\Release\absl_raw_logging_internal.lib
  leak_check.vcxproj -> C:\aTOMosBuild\r15cuda\_deps\absl-build\absl\debugging\Release\absl_leak_check.lib
  strerror.vcxproj -> C:\aTOMosBuild\r15cuda\_deps\absl-build\absl\base\Release\absl_strerror.lib
  log_internal_nullguard.vcxproj -> C:\aTOMosBuild\r15cuda\_deps\absl-build\absl\log\Release\absl_log_internal_nullguard.lib
  throw_delegate.vcxproj -> C:\aTOMosBuild\r15cuda\_deps\absl-build\absl\base\Release\absl_throw_delegate.lib
  cordz_functions.vcxproj -> C:\aTOMosBuild\r15cuda\_deps\absl-build\absl\strings\Release\absl_cordz_functions.lib
  base.vcxproj -> C:\aTOMosBuild\r15cuda\_deps\absl-build\absl\base\Release\absl_base.lib
  debugging_internal.vcxproj -> C:\aTOMosBuild\r15cuda\_deps\absl-build\absl\debugging\Release\absl_debugging_internal.lib
  crc_cpu_detect.vcxproj -> C:\aTOMosBuild\r15cuda\_deps\absl-build\absl\crc\Release\absl_crc_cpu_detect.lib
  city.vcxproj -> C:\aTOMosBuild\r15cuda\_deps\absl-build\absl\hash\Release\absl_city.lib
  tracing_internal.vcxproj -> C:\aTOMosBuild\r15cuda\_deps\absl-build\absl\base\Release\absl_tracing_internal.lib
  log_internal_conditions.vcxproj -> C:\aTOMosBuild\r15cuda\_deps\absl-build\absl\log\Release\absl_log_internal_conditions.lib
  int128.vcxproj -> C:\aTOMosBuild\r15cuda\_deps\absl-build\absl\numeric\Release\absl_int128.lib
  decode_rust_punycode.vcxproj -> C:\aTOMosBuild\r15cuda\_deps\absl-build\absl\debugging\Release\absl_decode_rust_punycode.lib
  malloc_internal.vcxproj -> C:\aTOMosBuild\r15cuda\_deps\absl-build\absl\base\Release\absl_malloc_internal.lib
  strings_internal.vcxproj -> C:\aTOMosBuild\r15cuda\_deps\absl-build\absl\strings\Release\absl_strings_internal.lib
  crc_internal.vcxproj -> C:\aTOMosBuild\r15cuda\_deps\absl-build\absl\crc\Release\absl_crc_internal.lib
  demangle_rust.vcxproj -> C:\aTOMosBuild\r15cuda\_deps\absl-build\absl\debugging\Release\absl_demangle_rust.lib
  graphcycles_internal.vcxproj -> C:\aTOMosBuild\r15cuda\_deps\absl-build\absl\synchronization\Release\absl_graphcycles_internal.lib
  stacktrace.vcxproj -> C:\aTOMosBuild\r15cuda\_deps\absl-build\absl\debugging\Release\absl_stacktrace.lib
  demangle_internal.vcxproj -> C:\aTOMosBuild\r15cuda\_deps\absl-build\absl\debugging\Release\absl_demangle_internal.lib
  strings.vcxproj -> C:\aTOMosBuild\r15cuda\_deps\absl-build\absl\strings\Release\absl_strings.lib
  log_internal_fnmatch.vcxproj -> C:\aTOMosBuild\r15cuda\_deps\absl-build\absl\log\Release\absl_log_internal_fnmatch.lib
  log_internal_proto.vcxproj -> C:\aTOMosBuild\r15cuda\_deps\absl-build\absl\log\Release\absl_log_internal_proto.lib
  str_format_internal.vcxproj -> C:\aTOMosBuild\r15cuda\_deps\absl-build\absl\strings\Release\absl_str_format_internal.lib
  flags_commandlineflag.vcxproj -> C:\aTOMosBuild\r15cuda\_deps\absl-build\absl\flags\Release\absl_flags_commandlineflag.lib
  symbolize.vcxproj -> C:\aTOMosBuild\r15cuda\_deps\absl-build\absl\debugging\Release\absl_symbolize.lib
  time.vcxproj -> C:\aTOMosBuild\r15cuda\_deps\absl-build\absl\time\Release\absl_time.lib
  flags_marshalling.vcxproj -> C:\aTOMosBuild\r15cuda\_deps\absl-build\absl\flags\Release\absl_flags_marshalling.lib
  crc32c.vcxproj -> C:\aTOMosBuild\r15cuda\_deps\absl-build\absl\crc\Release\absl_crc32c.lib
  flags_private_handle_accessor.vcxproj -> C:\aTOMosBuild\r15cuda\_deps\absl-build\absl\flags\Release\absl_flags_private_handle_accessor.lib
  hash.vcxproj -> C:\aTOMosBuild\r15cuda\_deps\absl-build\absl\hash\Release\absl_hash.lib
  examine_stack.vcxproj -> C:\aTOMosBuild\r15cuda\_deps\absl-build\absl\debugging\Release\absl_examine_stack.lib
  crc_cord_state.vcxproj -> C:\aTOMosBuild\r15cuda\_deps\absl-build\absl\crc\Release\absl_crc_cord_state.lib
  log_internal_structured_proto.vcxproj -> C:\aTOMosBuild\r15cuda\_deps\absl-build\absl\log\Release\absl_log_internal_structured_proto.lib
  log_entry.vcxproj -> C:\aTOMosBuild\r15cuda\_deps\absl-build\absl\log\Release\absl_log_entry.lib
  log_internal_globals.vcxproj -> C:\aTOMosBuild\r15cuda\_deps\absl-build\absl\log\Release\absl_log_internal_globals.lib
  cord_internal.vcxproj -> C:\aTOMosBuild\r15cuda\_deps\absl-build\absl\strings\Release\absl_cord_internal.lib
  kernel_timeout_internal.vcxproj -> C:\aTOMosBuild\r15cuda\_deps\absl-build\absl\synchronization\Release\absl_kernel_timeout_internal.lib
  log_sink.vcxproj -> C:\aTOMosBuild\r15cuda\_deps\absl-build\absl\log\Release\absl_log_sink.lib
  log_internal_format.vcxproj -> C:\aTOMosBuild\r15cuda\_deps\absl-build\absl\log\Release\absl_log_internal_format.lib
  synchronization.vcxproj -> C:\aTOMosBuild\r15cuda\_deps\absl-build\absl\synchronization\Release\absl_synchronization.lib
  hashtablez_sampler.vcxproj -> C:\aTOMosBuild\r15cuda\_deps\absl-build\absl\container\Release\absl_hashtablez_sampler.lib
  flags_program_name.vcxproj -> C:\aTOMosBuild\r15cuda\_deps\absl-build\absl\flags\Release\absl_flags_program_name.lib
  cordz_handle.vcxproj -> C:\aTOMosBuild\r15cuda\_deps\absl-build\absl\strings\Release\absl_cordz_handle.lib
  vlog_config_internal.vcxproj -> C:\aTOMosBuild\r15cuda\_deps\absl-build\absl\log\Release\absl_vlog_config_internal.lib
  flags_config.vcxproj -> C:\aTOMosBuild\r15cuda\_deps\absl-build\absl\flags\Release\absl_flags_config.lib
  log_globals.vcxproj -> C:\aTOMosBuild\r15cuda\_deps\absl-build\absl\log\Release\absl_log_globals.lib
  flags_internal.vcxproj -> C:\aTOMosBuild\r15cuda\_deps\absl-build\absl\flags\Release\absl_flags_internal.lib
  cordz_info.vcxproj -> C:\aTOMosBuild\r15cuda\_deps\absl-build\absl\strings\Release\absl_cordz_info.lib
  log_internal_log_sink_set.vcxproj -> C:\aTOMosBuild\r15cuda\_deps\absl-build\absl\log\Release\absl_log_internal_log_sink_set.lib
  cord.vcxproj -> C:\aTOMosBuild\r15cuda\_deps\absl-build\absl\strings\Release\absl_cord.lib
  log_internal_message.vcxproj -> C:\aTOMosBuild\r15cuda\_deps\absl-build\absl\log\Release\absl_log_internal_message.lib
  raw_hash_set.vcxproj -> C:\aTOMosBuild\r15cuda\_deps\absl-build\absl\container\Release\absl_raw_hash_set.lib
  status.vcxproj -> C:\aTOMosBuild\r15cuda\_deps\absl-build\absl\status\Release\absl_status.lib
  log_internal_check_op.vcxproj -> C:\aTOMosBuild\r15cuda\_deps\absl-build\absl\log\Release\absl_log_internal_check_op.lib
  flags_reflection.vcxproj -> C:\aTOMosBuild\r15cuda\_deps\absl-build\absl\flags\Release\absl_flags_reflection.lib
  statusor.vcxproj -> C:\aTOMosBuild\r15cuda\_deps\absl-build\absl\status\Release\absl_statusor.lib
  s2.vcxproj -> C:\aTOMosBuild\r15cuda\s2\Release\s2.lib
  Building Custom Rule C:/OMT AC031 Womack remarkable carmack oculus master quest half-life 3 gabecube/aTOMos_v3_6_1_5_SATNAV_UGTS_Tom_Klootwijk/atomOS_3_6_1_15_HINGE_ENGINE/CMakeLists.txt
  spatial_index_tests.cpp
C:\OMT AC031 Womack remarkable carmack oculus master quest half-life 3 gabecube\aTOMos_v3_6_1_5_SATNAV_UGTS_Tom_Klootwijk\tmp\s2_comparison\s2geometry\src\s2\_fp_contract_off.h(51,9): warning C4068: unknown pragma 'STDC' [C:\aTOMosBuild\r15cuda\spatial_index_tests.vcxproj]
  (compiling source file '../../OMT%20AC031%20Womack%20remarkable%20carmack%20oculus%20master%20quest%20half-life%203%20gabecube/aTOMos_v3_6_1_5_SATNAV_UGTS_Tom_Klootwijk/atomOS_3_6_1_15_HINGE_ENGINE/tests/spatial_index_tests.cpp')
  
  spatial_index_tests.vcxproj -> C:\aTOMosBuild\r15cuda\Release\spatial_index_tests.exe
MSBuild version 17.14.23+b0019275e for .NET Framework

  exponential_biased.vcxproj -> C:\aTOMosBuild\r15cuda\_deps\absl-build\absl\profiling\Release\absl_exponential_biased.lib
  civil_time.vcxproj -> C:\aTOMosBuild\r15cuda\_deps\absl-build\absl\time\Release\absl_civil_time.lib
  log_severity.vcxproj -> C:\aTOMosBuild\r15cuda\_deps\absl-build\absl\base\Release\absl_log_severity.lib
  spinlock_wait.vcxproj -> C:\aTOMosBuild\r15cuda\_deps\absl-build\absl\base\Release\absl_spinlock_wait.lib
  utf8_for_code_point.vcxproj -> C:\aTOMosBuild\r15cuda\_deps\absl-build\absl\debugging\Release\absl_utf8_for_code_point.lib
  source_location.vcxproj -> C:\aTOMosBuild\r15cuda\_deps\absl-build\absl\types\Release\absl_source_location.lib
  time_zone.vcxproj -> C:\aTOMosBuild\r15cuda\_deps\absl-build\absl\time\Release\absl_time_zone.lib
  flags_commandlineflag_internal.vcxproj -> C:\aTOMosBuild\r15cuda\_deps\absl-build\absl\flags\Release\absl_flags_commandlineflag_internal.lib
  leak_check.vcxproj -> C:\aTOMosBuild\r15cuda\_deps\absl-build\absl\debugging\Release\absl_leak_check.lib
  log_internal_nullguard.vcxproj -> C:\aTOMosBuild\r15cuda\_deps\absl-build\absl\log\Release\absl_log_internal_nullguard.lib
  strerror.vcxproj -> C:\aTOMosBuild\r15cuda\_deps\absl-build\absl\base\Release\absl_strerror.lib
  raw_logging_internal.vcxproj -> C:\aTOMosBuild\r15cuda\_deps\absl-build\absl\base\Release\absl_raw_logging_internal.lib
  cordz_functions.vcxproj -> C:\aTOMosBuild\r15cuda\_deps\absl-build\absl\strings\Release\absl_cordz_functions.lib
  debugging_internal.vcxproj -> C:\aTOMosBuild\r15cuda\_deps\absl-build\absl\debugging\Release\absl_debugging_internal.lib
  throw_delegate.vcxproj -> C:\aTOMosBuild\r15cuda\_deps\absl-build\absl\base\Release\absl_throw_delegate.lib
  base.vcxproj -> C:\aTOMosBuild\r15cuda\_deps\absl-build\absl\base\Release\absl_base.lib
  city.vcxproj -> C:\aTOMosBuild\r15cuda\_deps\absl-build\absl\hash\Release\absl_city.lib
  crc_cpu_detect.vcxproj -> C:\aTOMosBuild\r15cuda\_deps\absl-build\absl\crc\Release\absl_crc_cpu_detect.lib
  decode_rust_punycode.vcxproj -> C:\aTOMosBuild\r15cuda\_deps\absl-build\absl\debugging\Release\absl_decode_rust_punycode.lib
  malloc_internal.vcxproj -> C:\aTOMosBuild\r15cuda\_deps\absl-build\absl\base\Release\absl_malloc_internal.lib
  int128.vcxproj -> C:\aTOMosBuild\r15cuda\_deps\absl-build\absl\numeric\Release\absl_int128.lib
  log_internal_conditions.vcxproj -> C:\aTOMosBuild\r15cuda\_deps\absl-build\absl\log\Release\absl_log_internal_conditions.lib
  graphcycles_internal.vcxproj -> C:\aTOMosBuild\r15cuda\_deps\absl-build\absl\synchronization\Release\absl_graphcycles_internal.lib
  demangle_rust.vcxproj -> C:\aTOMosBuild\r15cuda\_deps\absl-build\absl\debugging\Release\absl_demangle_rust.lib
  stacktrace.vcxproj -> C:\aTOMosBuild\r15cuda\_deps\absl-build\absl\debugging\Release\absl_stacktrace.lib
  tracing_internal.vcxproj -> C:\aTOMosBuild\r15cuda\_deps\absl-build\absl\base\Release\absl_tracing_internal.lib
  strings_internal.vcxproj -> C:\aTOMosBuild\r15cuda\_deps\absl-build\absl\strings\Release\absl_strings_internal.lib
  crc_internal.vcxproj -> C:\aTOMosBuild\r15cuda\_deps\absl-build\absl\crc\Release\absl_crc_internal.lib
  demangle_internal.vcxproj -> C:\aTOMosBuild\r15cuda\_deps\absl-build\absl\debugging\Release\absl_demangle_internal.lib
  strings.vcxproj -> C:\aTOMosBuild\r15cuda\_deps\absl-build\absl\strings\Release\absl_strings.lib
  log_internal_fnmatch.vcxproj -> C:\aTOMosBuild\r15cuda\_deps\absl-build\absl\log\Release\absl_log_internal_fnmatch.lib
  log_internal_proto.vcxproj -> C:\aTOMosBuild\r15cuda\_deps\absl-build\absl\log\Release\absl_log_internal_proto.lib
  str_format_internal.vcxproj -> C:\aTOMosBuild\r15cuda\_deps\absl-build\absl\strings\Release\absl_str_format_internal.lib
  hash.vcxproj -> C:\aTOMosBuild\r15cuda\_deps\absl-build\absl\hash\Release\absl_hash.lib
  symbolize.vcxproj -> C:\aTOMosBuild\r15cuda\_deps\absl-build\absl\debugging\Release\absl_symbolize.lib
  flags_commandlineflag.vcxproj -> C:\aTOMosBuild\r15cuda\_deps\absl-build\absl\flags\Release\absl_flags_commandlineflag.lib
  time.vcxproj -> C:\aTOMosBuild\r15cuda\_deps\absl-build\absl\time\Release\absl_time.lib
  flags_private_handle_accessor.vcxproj -> C:\aTOMosBuild\r15cuda\_deps\absl-build\absl\flags\Release\absl_flags_private_handle_accessor.lib
  examine_stack.vcxproj -> C:\aTOMosBuild\r15cuda\_deps\absl-build\absl\debugging\Release\absl_examine_stack.lib
  log_internal_structured_proto.vcxproj -> C:\aTOMosBuild\r15cuda\_deps\absl-build\absl\log\Release\absl_log_internal_structured_proto.lib
  log_entry.vcxproj -> C:\aTOMosBuild\r15cuda\_deps\absl-build\absl\log\Release\absl_log_entry.lib
  log_internal_globals.vcxproj -> C:\aTOMosBuild\r15cuda\_deps\absl-build\absl\log\Release\absl_log_internal_globals.lib
  log_sink.vcxproj -> C:\aTOMosBuild\r15cuda\_deps\absl-build\absl\log\Release\absl_log_sink.lib
  kernel_timeout_internal.vcxproj -> C:\aTOMosBuild\r15cuda\_deps\absl-build\absl\synchronization\Release\absl_kernel_timeout_internal.lib
  crc32c.vcxproj -> C:\aTOMosBuild\r15cuda\_deps\absl-build\absl\crc\Release\absl_crc32c.lib
  flags_marshalling.vcxproj -> C:\aTOMosBuild\r15cuda\_deps\absl-build\absl\flags\Release\absl_flags_marshalling.lib
  log_internal_format.vcxproj -> C:\aTOMosBuild\r15cuda\_deps\absl-build\absl\log\Release\absl_log_internal_format.lib
  crc_cord_state.vcxproj -> C:\aTOMosBuild\r15cuda\_deps\absl-build\absl\crc\Release\absl_crc_cord_state.lib
  synchronization.vcxproj -> C:\aTOMosBuild\r15cuda\_deps\absl-build\absl\synchronization\Release\absl_synchronization.lib
  cord_internal.vcxproj -> C:\aTOMosBuild\r15cuda\_deps\absl-build\absl\strings\Release\absl_cord_internal.lib
  flags_program_name.vcxproj -> C:\aTOMosBuild\r15cuda\_deps\absl-build\absl\flags\Release\absl_flags_program_name.lib
  hashtablez_sampler.vcxproj -> C:\aTOMosBuild\r15cuda\_deps\absl-build\absl\container\Release\absl_hashtablez_sampler.lib
  cordz_handle.vcxproj -> C:\aTOMosBuild\r15cuda\_deps\absl-build\absl\strings\Release\absl_cordz_handle.lib
  flags_config.vcxproj -> C:\aTOMosBuild\r15cuda\_deps\absl-build\absl\flags\Release\absl_flags_config.lib
  vlog_config_internal.vcxproj -> C:\aTOMosBuild\r15cuda\_deps\absl-build\absl\log\Release\absl_vlog_config_internal.lib
  cordz_info.vcxproj -> C:\aTOMosBuild\r15cuda\_deps\absl-build\absl\strings\Release\absl_cordz_info.lib
  log_globals.vcxproj -> C:\aTOMosBuild\r15cuda\_deps\absl-build\absl\log\Release\absl_log_globals.lib
  flags_internal.vcxproj -> C:\aTOMosBuild\r15cuda\_deps\absl-build\absl\flags\Release\absl_flags_internal.lib
  log_internal_log_sink_set.vcxproj -> C:\aTOMosBuild\r15cuda\_deps\absl-build\absl\log\Release\absl_log_internal_log_sink_set.lib
  cord.vcxproj -> C:\aTOMosBuild\r15cuda\_deps\absl-build\absl\strings\Release\absl_cord.lib
  status.vcxproj -> C:\aTOMosBuild\r15cuda\_deps\absl-build\absl\status\Release\absl_status.lib
  raw_hash_set.vcxproj -> C:\aTOMosBuild\r15cuda\_deps\absl-build\absl\container\Release\absl_raw_hash_set.lib
  log_internal_message.vcxproj -> C:\aTOMosBuild\r15cuda\_deps\absl-build\absl\log\Release\absl_log_internal_message.lib
  flags_reflection.vcxproj -> C:\aTOMosBuild\r15cuda\_deps\absl-build\absl\flags\Release\absl_flags_reflection.lib
  statusor.vcxproj -> C:\aTOMosBuild\r15cuda\_deps\absl-build\absl\status\Release\absl_statusor.lib
  log_internal_check_op.vcxproj -> C:\aTOMosBuild\r15cuda\_deps\absl-build\absl\log\Release\absl_log_internal_check_op.lib
  s2.vcxproj -> C:\aTOMosBuild\r15cuda\s2\Release\s2.lib
  atomos_texture.vcxproj -> C:\aTOMosBuild\r15cuda\Release\atomos_texture.lib
  Building Custom Rule C:/OMT AC031 Womack remarkable carmack oculus master quest half-life 3 gabecube/aTOMos_v3_6_1_5_SATNAV_UGTS_Tom_Klootwijk/atomOS_3_6_1_15_HINGE_ENGINE/CMakeLists.txt
  texture_tests.cpp
C:\OMT AC031 Womack remarkable carmack oculus master quest half-life 3 gabecube\aTOMos_v3_6_1_5_SATNAV_UGTS_Tom_Klootwijk\tmp\s2_comparison\s2geometry\src\s2\_fp_contract_off.h(51,9): warning C4068: unknown pragma 'STDC' [C:\aTOMosBuild\r15cuda\texture_tests.vcxproj]
  (compiling source file '../../OMT%20AC031%20Womack%20remarkable%20carmack%20oculus%20master%20quest%20half-life%203%20gabecube/aTOMos_v3_6_1_5_SATNAV_UGTS_Tom_Klootwijk/atomOS_3_6_1_15_HINGE_ENGINE/tests/texture_tests.cpp')
  
  texture_tests.vcxproj -> C:\aTOMosBuild\r15cuda\Release\texture_tests.exe
